<root>
    <item name='javax.servlet.jsp.jstl.core.ConditionalTagSupport'>
        <annotation name='com.intellij.inspections.tainted.annotation.equation.Equations'>
            <val val="{ &quot;ConditionalTagSupport := #setVar(java.lang.String)#0 &amp; javax.servlet.jsp.PageContext#PAGE_SCOPE &amp; javax.servlet.jsp.PageContext#REQUEST_SCOPE &amp; javax.servlet.jsp.PageContext#SESSION_SCOPE &amp; javax.servlet.jsp.PageContext#APPLICATION_SCOPE&quot; }"/>
        </annotation>
    </item>
    <item name='javax.servlet.jsp.jstl.core.ConditionalTagSupport ConditionalTagSupport()'>
        <annotation name='com.intellij.inspections.tainted.annotation.equation.Equations'>
            <val val="{ &quot;ConditionalTagSupport := ConditionalTagSupport&quot; }"/>
        </annotation>
    </item>
    <item name='javax.servlet.jsp.jstl.core.ConditionalTagSupport int doStartTag()'>
        <annotation name='com.intellij.inspections.tainted.annotation.equation.Equations'>
            <val val="{ &quot;doStartTag := javax.servlet.jsp.tagext.Tag#EVAL_BODY_INCLUDE &amp; javax.servlet.jsp.tagext.Tag#SKIP_BODY&quot; }"/>
        </annotation>
    </item>
    <item name='javax.servlet.jsp.jstl.core.Config java.lang.Object find(javax.servlet.jsp.PageContext, java.lang.String)'>
        <annotation name='com.intellij.inspections.tainted.annotation.equation.Equations'>
            <val val="{ &quot;name := #FMT_LOCALIZATION_CONTEXT &amp; javax.servlet.jsp.jstl.fmt.LocaleSupport#getLocale(javax.servlet.jsp.PageContext, java.lang.String)#1&quot;, &quot;find := &quot;, &quot;pc := javax.servlet.jsp.jstl.fmt.LocaleSupport#getLocalizationContext(javax.servlet.jsp.PageContext)#0 &amp; javax.servlet.jsp.jstl.fmt.LocaleSupport#getLocale(javax.servlet.jsp.PageContext, java.lang.String)#0&quot; }"/>
        </annotation>
    </item>
    <item name='javax.servlet.jsp.jstl.core.Config java.lang.Object get(javax.servlet.ServletContext, java.lang.String)'>
        <annotation name='com.intellij.inspections.tainted.annotation.equation.Equations'>
            <val val="{ &quot;get := &quot; }"/>
        </annotation>
    </item>
    <item name='javax.servlet.jsp.jstl.core.Config java.lang.Object get(javax.servlet.ServletRequest, java.lang.String)'>
        <annotation name='com.intellij.inspections.tainted.annotation.equation.Equations'>
            <val val="{ &quot;get := &quot; }"/>
        </annotation>
    </item>
    <item name='javax.servlet.jsp.jstl.core.Config java.lang.Object get(javax.servlet.http.HttpSession, java.lang.String)'>
        <annotation name='com.intellij.inspections.tainted.annotation.equation.Equations'>
            <val val="{ &quot;name := #get(javax.servlet.jsp.PageContext, java.lang.String, int)#1&quot;, &quot;session := &quot;, &quot;get := &quot; }"/>
        </annotation>
    </item>
    <item name='javax.servlet.jsp.jstl.core.Config java.lang.Object get(javax.servlet.jsp.PageContext, java.lang.String, int)'>
        <annotation name='com.intellij.inspections.tainted.annotation.equation.Equations'>
            <val val="{ &quot;pc := #find(javax.servlet.jsp.PageContext, java.lang.String)#0&quot;, &quot;name := #find(javax.servlet.jsp.PageContext, java.lang.String)#1&quot;, &quot;get := &quot;, &quot;scope := javax.servlet.jsp.PageContext#PAGE_SCOPE &amp; javax.servlet.jsp.PageContext#REQUEST_SCOPE &amp; javax.servlet.jsp.PageContext#SESSION_SCOPE &amp; javax.servlet.jsp.PageContext#APPLICATION_SCOPE&quot; }"/>
        </annotation>
    </item>
    <item name='javax.servlet.jsp.jstl.core.IndexedValueExpression'>
        <annotation name='com.intellij.inspections.tainted.annotation.equation.Equations'>
            <val val="{ &quot;IndexedValueExpression := #IndexedValueExpression(javax.el.ValueExpression, int)#0&quot; }"/>
        </annotation>
    </item>
    <item name='javax.servlet.jsp.jstl.core.IndexedValueExpression IndexedValueExpression(javax.el.ValueExpression, int)'>
        <annotation name='com.intellij.inspections.tainted.annotation.equation.Equations'>
            <val val="{ &quot;i := LoopTagSupport&quot;, &quot;IndexedValueExpression := IndexedValueExpression&quot;, &quot;orig := LoopTagSupport&quot; }"/>
        </annotation>
    </item>
    <item name='javax.servlet.jsp.jstl.core.IndexedValueExpression int hashCode()'>
        <annotation name='com.intellij.inspections.tainted.annotation.equation.Equations'>
            <val val="{ &quot;hashCode := &quot; }"/>
        </annotation>
    </item>
    <item name='javax.servlet.jsp.jstl.core.IndexedValueExpression java.lang.Class getType(javax.el.ELContext)'>
        <annotation name='com.intellij.inspections.tainted.annotation.equation.Equations'>
            <val val="{ &quot;getType := &quot; }"/>
        </annotation>
    </item>
    <item name='javax.servlet.jsp.jstl.core.IndexedValueExpression java.lang.Object getValue(javax.el.ELContext)'>
        <annotation name='com.intellij.inspections.tainted.annotation.equation.Equations'>
            <val val="{ &quot;getValue := &quot; }"/>
        </annotation>
    </item>
    <item name='javax.servlet.jsp.jstl.core.IndexedValueExpression java.lang.String getExpressionString()'>
        <annotation name='com.intellij.inspections.tainted.annotation.equation.Equations'>
            <val val="{ &quot;getExpressionString := &quot; }"/>
        </annotation>
    </item>
    <item name='javax.servlet.jsp.jstl.core.IteratedExpression'>
        <annotation name='com.intellij.inspections.tainted.annotation.equation.Equations'>
            <val val="{ &quot;IteratedExpression := #IteratedExpression(javax.el.ValueExpression, java.lang.String)#0 &amp; #IteratedExpression(javax.el.ValueExpression, java.lang.String)#1&quot; }"/>
        </annotation>
    </item>
    <item name='javax.servlet.jsp.jstl.core.IteratedExpression IteratedExpression(javax.el.ValueExpression, java.lang.String)'>
        <annotation name='com.intellij.inspections.tainted.annotation.equation.Equations'>
            <val val="{ &quot;orig := LoopTagSupport&quot;, &quot;delims := &quot;, &quot;IteratedExpression := IteratedExpression&quot; }"/>
        </annotation>
    </item>
    <item name='javax.servlet.jsp.jstl.core.IteratedExpression java.lang.Object getItem(javax.el.ELContext, int)'>
        <annotation name='com.intellij.inspections.tainted.annotation.equation.Equations'>
            <val val="{ &quot;i := IteratedValueExpression&quot;, &quot;context := IteratedValueExpression#getValue(javax.el.ELContext)#0&quot;, &quot;getItem := &quot; }"/>
        </annotation>
    </item>
    <item name='javax.servlet.jsp.jstl.core.IteratedExpression java.util.Iterator toIterator(java.lang.Object)'>
        <annotation name='com.intellij.inspections.tainted.annotation.equation.Equations'>
            <val val="{ &quot;toIterator := obj&quot;, &quot;obj := IteratedExpression&quot; }"/>
        </annotation>
    </item>
    <item name='javax.servlet.jsp.jstl.core.IteratedExpression java.util.Iterator toIterator(java.util.Enumeration)'>
        <annotation name='com.intellij.inspections.tainted.annotation.equation.Equations'>
            <val val="{ &quot;toIterator := &quot;, &quot;obj := #toIterator(java.lang.Object)#0&quot; }"/>
        </annotation>
    </item>
    <item name='javax.servlet.jsp.jstl.core.IteratedExpression javax.el.ValueExpression getValueExpression()'>
        <annotation name='com.intellij.inspections.tainted.annotation.equation.Equations'>
            <val val="{ &quot;getValueExpression := IteratedExpression&quot; }"/>
        </annotation>
    </item>
    <item name='javax.servlet.jsp.jstl.core.IteratedValueExpression'>
        <annotation name='com.intellij.inspections.tainted.annotation.equation.Equations'>
            <val val="{ &quot;IteratedValueExpression := #IteratedValueExpression(javax.servlet.jsp.jstl.core.IteratedExpression, int)#1 &amp; #IteratedValueExpression(javax.servlet.jsp.jstl.core.IteratedExpression, int)#0&quot; }"/>
        </annotation>
    </item>
    <item name='javax.servlet.jsp.jstl.core.IteratedValueExpression IteratedValueExpression(javax.servlet.jsp.jstl.core.IteratedExpression, int)'>
        <annotation name='com.intellij.inspections.tainted.annotation.equation.Equations'>
            <val val="{ &quot;iteratedExpr := LoopTagSupport&quot;, &quot;IteratedValueExpression := IteratedValueExpression&quot;, &quot;i := LoopTagSupport&quot; }"/>
        </annotation>
    </item>
    <item name='javax.servlet.jsp.jstl.core.IteratedValueExpression int hashCode()'>
        <annotation name='com.intellij.inspections.tainted.annotation.equation.Equations'>
            <val val="{ &quot;hashCode := &quot; }"/>
        </annotation>
    </item>
    <item name='javax.servlet.jsp.jstl.core.IteratedValueExpression java.lang.Object getValue(javax.el.ELContext)'>
        <annotation name='com.intellij.inspections.tainted.annotation.equation.Equations'>
            <val val="{ &quot;getValue := &quot; }"/>
        </annotation>
    </item>
    <item name='javax.servlet.jsp.jstl.core.IteratedValueExpression java.lang.String getExpressionString()'>
        <annotation name='com.intellij.inspections.tainted.annotation.equation.Equations'>
            <val val="{ &quot;getExpressionString := &quot; }"/>
        </annotation>
    </item>
    <item name='javax.servlet.jsp.jstl.core.LoopTag java.lang.Object getCurrent()'>
        <annotation name='com.intellij.inspections.tainted.annotation.equation.Equations'>
            <val val="{ &quot;getCurrent := LoopTagSupport#getCurrent()&quot; }"/>
        </annotation>
    </item>
    <item name='javax.servlet.jsp.jstl.core.LoopTag javax.servlet.jsp.jstl.core.LoopTagStatus getLoopStatus()'>
        <annotation name='com.intellij.inspections.tainted.annotation.equation.Equations'>
            <val val="{ &quot;getLoopStatus := LoopTagSupport#getLoopStatus()&quot; }"/>
        </annotation>
    </item>
    <item name='javax.servlet.jsp.jstl.core.LoopTagStatus int getCount()'>
        <annotation name='com.intellij.inspections.tainted.annotation.equation.Equations'>
            <val val="{ &quot;getCount := &quot; }"/>
        </annotation>
    </item>
    <item name='javax.servlet.jsp.jstl.core.LoopTagStatus int getIndex()'>
        <annotation name='com.intellij.inspections.tainted.annotation.equation.Equations'>
            <val val="{ &quot;getIndex := &quot; }"/>
        </annotation>
    </item>
    <item name='javax.servlet.jsp.jstl.core.LoopTagStatus java.lang.Integer getBegin()'>
        <annotation name='com.intellij.inspections.tainted.annotation.equation.Equations'>
            <val val="{ &quot;getBegin := &quot; }"/>
        </annotation>
    </item>
    <item name='javax.servlet.jsp.jstl.core.LoopTagStatus java.lang.Integer getEnd()'>
        <annotation name='com.intellij.inspections.tainted.annotation.equation.Equations'>
            <val val="{ &quot;getEnd := &quot; }"/>
        </annotation>
    </item>
    <item name='javax.servlet.jsp.jstl.core.LoopTagStatus java.lang.Integer getStep()'>
        <annotation name='com.intellij.inspections.tainted.annotation.equation.Equations'>
            <val val="{ &quot;getStep := &quot; }"/>
        </annotation>
    </item>
    <item name='javax.servlet.jsp.jstl.core.LoopTagStatus java.lang.Object getCurrent()'>
        <annotation name='com.intellij.inspections.tainted.annotation.equation.Equations'>
            <val val="{ &quot;getCurrent := &quot; }"/>
        </annotation>
    </item>
    <item name='javax.servlet.jsp.jstl.core.LoopTagSupport'>
        <annotation name='com.intellij.inspections.tainted.annotation.equation.Equations'>
            <val val="{ &quot;LoopTagSupport := LoopTagSupport &amp; #setVar(java.lang.String)#0 &amp; #setVarStatus(java.lang.String)#0&quot; }"/>
        </annotation>
    </item>
    <item name='javax.servlet.jsp.jstl.core.LoopTagSupport LoopTagSupport()'>
        <annotation name='com.intellij.inspections.tainted.annotation.equation.Equations'>
            <val val="{ &quot;LoopTagSupport := LoopTagSupport&quot; }"/>
        </annotation>
    </item>
    <item name='javax.servlet.jsp.jstl.core.LoopTagSupport int doAfterBody()'>
        <annotation name='com.intellij.inspections.tainted.annotation.equation.Equations'>
            <val val="{ &quot;doAfterBody := javax.servlet.jsp.tagext.Tag#SKIP_BODY &amp; javax.servlet.jsp.tagext.IterationTag#EVAL_BODY_AGAIN&quot; }"/>
        </annotation>
    </item>
    <item name='javax.servlet.jsp.jstl.core.LoopTagSupport int doStartTag()'>
        <annotation name='com.intellij.inspections.tainted.annotation.equation.Equations'>
            <val val="{ &quot;doStartTag := javax.servlet.jsp.tagext.Tag#SKIP_BODY &amp; javax.servlet.jsp.tagext.Tag#EVAL_BODY_INCLUDE&quot; }"/>
        </annotation>
    </item>
    <item name='javax.servlet.jsp.jstl.core.LoopTagSupport java.lang.Object getCurrent()'>
        <annotation name='com.intellij.inspections.tainted.annotation.equation.Equations'>
            <val val="{ &quot;getCurrent := LoopTagSupport&quot; }"/>
        </annotation>
    </item>
    <item name='javax.servlet.jsp.jstl.core.LoopTagSupport javax.el.ValueExpression getVarExpression(javax.el.ValueExpression)'>
        <annotation name='com.intellij.inspections.tainted.annotation.equation.Equations'>
            <val val="{ &quot;getVarExpression := &quot;, &quot;expr := LoopTagSupport&quot; }"/>
        </annotation>
    </item>
    <item name='javax.servlet.jsp.jstl.core.LoopTagSupport javax.servlet.jsp.jstl.core.LoopTagStatus getLoopStatus()'>
        <annotation name='com.intellij.inspections.tainted.annotation.equation.Equations'>
            <val val="{ &quot;getLoopStatus := LoopTagSupport&quot; }"/>
        </annotation>
    </item>
    <item name='javax.servlet.jsp.jstl.core.LoopTagSupport void discard(int)'>
        <annotation name='com.intellij.inspections.tainted.annotation.equation.Equations'>
            <val val="{ &quot;n := LoopTagSupport&quot; }"/>
        </annotation>
    </item>
    <item name='javax.servlet.jsp.jstl.core.LoopTagSupport void discardIgnoreSubset(int)'>
        <annotation name='com.intellij.inspections.tainted.annotation.equation.Equations'>
            <val val="{ &quot;n := LoopTagSupport&quot; }"/>
        </annotation>
    </item>
</root>