<root>
    <item name='com.sun.corba.se.impl.orbutil.graph.Graph com.sun.corba.se.impl.orbutil.graph.NodeData getNodeData(com.sun.corba.se.impl.orbutil.graph.Node)'>
        <annotation name='com.intellij.inspections.tainted.annotation.equation.Equations'>
            <val val="{ &quot;node := GraphImpl#getNodeData(com.sun.corba.se.impl.orbutil.graph.Node)#0&quot;, &quot;getNodeData := GraphImpl#getNodeData(com.sun.corba.se.impl.orbutil.graph.Node)&quot; }"/>
        </annotation>
    </item>
    <item name='com.sun.corba.se.impl.orbutil.graph.Graph java.util.Set getRoots()'>
        <annotation name='com.intellij.inspections.tainted.annotation.equation.Equations'>
            <val val="{ &quot;getRoots := GraphImpl#getRoots()&quot; }"/>
        </annotation>
    </item>
    <item name='com.sun.corba.se.impl.orbutil.graph.GraphImpl GraphImpl()'>
        <annotation name='com.intellij.inspections.tainted.annotation.equation.Equations'>
            <val val="{ &quot;GraphImpl := GraphImpl&quot; }"/>
        </annotation>
    </item>
    <item name='com.sun.corba.se.impl.orbutil.graph.GraphImpl GraphImpl(java.util.Collection)'>
        <annotation name='com.intellij.inspections.tainted.annotation.equation.Equations'>
            <val val="{ &quot;GraphImpl := GraphImpl&quot; }"/>
        </annotation>
    </item>
    <item name='com.sun.corba.se.impl.orbutil.graph.GraphImpl void visitAll(com.sun.corba.se.impl.orbutil.graph.GraphImpl.NodeVisitor)'>
        <annotation name='com.intellij.inspections.tainted.annotation.equation.Equations'>
            <val val="{ &quot;nv := &quot; }"/>
        </annotation>
    </item>
    <item name='com.sun.corba.se.impl.orbutil.graph.GraphImpl.NodeVisitor void visit(com.sun.corba.se.impl.orbutil.graph.Graph, com.sun.corba.se.impl.orbutil.graph.Node, com.sun.corba.se.impl.orbutil.graph.NodeData)'>
        <annotation name='com.intellij.inspections.tainted.annotation.equation.Equations'>
            <val val="{ &quot;graph := GraphImpl&quot; }"/>
        </annotation>
    </item>
    <item name='com.sun.corba.se.impl.orbutil.graph.Node java.util.Set getChildren()'>
        <annotation name='com.intellij.inspections.tainted.annotation.equation.Equations'>
            <val val="{ &quot;getChildren := com.sun.corba.se.impl.presentation.rmi.PresentationManagerImpl.NodeImpl#getChildren()&quot; }"/>
        </annotation>
    </item>
    <item name='com.sun.corba.se.impl.orbutil.graph.NodeData NodeData()'>
        <annotation name='com.intellij.inspections.tainted.annotation.equation.Equations'>
            <val val="{ &quot;NodeData := NodeData&quot; }"/>
        </annotation>
    </item>
</root>