<root>
    <item name='javax.rmi.CORBA.GetORBPropertiesFileAction void getPropertiesFromFile(java.util.Properties, java.lang.String)'>
        <annotation name='com.intellij.inspections.tainted.annotation.equation.Equations'>
            <val val="{ &quot;fileName := java.io.File#separator&quot; }"/>
        </annotation>
    </item>
    <item name='javax.rmi.CORBA.PortableRemoteObjectDelegate java.lang.Object narrow(java.lang.Object, java.lang.Class)'>
        <annotation name='com.intellij.inspections.tainted.annotation.equation.Equations'>
            <val val="{ &quot;narrow := com.sun.corba.se.impl.javax.rmi.PortableRemoteObject#narrow(java.lang.Object, java.lang.Class)&quot;, &quot;narrowTo := javax.rmi.PortableRemoteObject#narrow(java.lang.Object, java.lang.Class)#1 &amp; com.sun.corba.se.impl.javax.rmi.PortableRemoteObject#narrow(java.lang.Object, java.lang.Class)#1&quot;, &quot;narrowFrom := javax.rmi.PortableRemoteObject#narrow(java.lang.Object, java.lang.Class)#0 &amp; com.sun.corba.se.impl.javax.rmi.PortableRemoteObject#narrow(java.lang.Object, java.lang.Class)#0&quot; }"/>
        </annotation>
    </item>
    <item name='javax.rmi.CORBA.PortableRemoteObjectDelegate java.rmi.Remote toStub(java.rmi.Remote)'>
        <annotation name='com.intellij.inspections.tainted.annotation.equation.Equations'>
            <val val="{ &quot;toStub := com.sun.corba.se.impl.javax.rmi.PortableRemoteObject#toStub(java.rmi.Remote)&quot;, &quot;obj := javax.rmi.PortableRemoteObject#toStub(java.rmi.Remote)#0 &amp; com.sun.corba.se.impl.javax.rmi.PortableRemoteObject#toStub(java.rmi.Remote)#0&quot; }"/>
        </annotation>
    </item>
    <item name='javax.rmi.CORBA.PortableRemoteObjectDelegate void connect(java.rmi.Remote, java.rmi.Remote)'>
        <annotation name='com.intellij.inspections.tainted.annotation.equation.Equations'>
            <val val="{ &quot;target := com.sun.corba.se.impl.javax.rmi.PortableRemoteObject#connect(java.rmi.Remote, java.rmi.Remote)#0&quot;, &quot;source := com.sun.corba.se.impl.javax.rmi.PortableRemoteObject#connect(java.rmi.Remote, java.rmi.Remote)#1&quot; }"/>
        </annotation>
    </item>
    <item name='javax.rmi.CORBA.PortableRemoteObjectDelegate void exportObject(java.rmi.Remote)'>
        <annotation name='com.intellij.inspections.tainted.annotation.equation.Equations'>
            <val val="{ &quot;obj := com.sun.corba.se.impl.javax.rmi.PortableRemoteObject#exportObject(java.rmi.Remote)#0&quot; }"/>
        </annotation>
    </item>
    <item name='javax.rmi.CORBA.PortableRemoteObjectDelegate void unexportObject(java.rmi.Remote)'>
        <annotation name='com.intellij.inspections.tainted.annotation.equation.Equations'>
            <val val="{ &quot;obj := com.sun.corba.se.impl.javax.rmi.PortableRemoteObject#unexportObject(java.rmi.Remote)#0&quot; }"/>
        </annotation>
    </item>
    <item name='javax.rmi.CORBA.Stub'>
        <annotation name='com.intellij.inspections.tainted.annotation.equation.Equations'>
            <val val="{ &quot;Stub := &quot; }"/>
        </annotation>
    </item>
    <item name='javax.rmi.CORBA.Stub java.lang.Object createDelegate(java.lang.String)'>
        <annotation name='com.intellij.inspections.tainted.annotation.equation.Equations'>
            <val val="{ &quot;classKey := #StubClassKey&quot; }"/>
        </annotation>
    </item>
    <item name='javax.rmi.CORBA.Stub void connect(org.omg.CORBA.ORB)'>
        <annotation name='com.intellij.inspections.tainted.annotation.equation.Equations'>
            <val val="{ &quot;orb := com.sun.jmx.remote.protocol.iiop.IIOPProxyImpl#connect(java.lang.Object, java.lang.Object)#1 &amp; com.sun.corba.se.spi.presentation.rmi.StubAdapter#connect(java.lang.Object, org.omg.CORBA.ORB)#1&quot; }"/>
        </annotation>
    </item>
    <item name='javax.rmi.CORBA.StubDelegate boolean equals(javax.rmi.CORBA.Stub, java.lang.Object)'>
        <annotation name='com.intellij.inspections.tainted.annotation.equation.Equations'>
            <val val="{ &quot;self := Stub &amp; com.sun.corba.se.impl.javax.rmi.CORBA.StubDelegateImpl#equals(javax.rmi.CORBA.Stub, java.lang.Object)#0&quot;, &quot;obj := Stub#equals(java.lang.Object)#0 &amp; com.sun.corba.se.impl.javax.rmi.CORBA.StubDelegateImpl#equals(javax.rmi.CORBA.Stub, java.lang.Object)#1&quot; }"/>
        </annotation>
    </item>
    <item name='javax.rmi.CORBA.StubDelegate int hashCode(javax.rmi.CORBA.Stub)'>
        <annotation name='com.intellij.inspections.tainted.annotation.equation.Equations'>
            <val val="{ &quot;hashCode := com.sun.corba.se.impl.javax.rmi.CORBA.StubDelegateImpl#hashCode(javax.rmi.CORBA.Stub)&quot;, &quot;self := com.sun.corba.se.impl.javax.rmi.CORBA.StubDelegateImpl#hashCode(javax.rmi.CORBA.Stub)#0&quot; }"/>
        </annotation>
    </item>
    <item name='javax.rmi.CORBA.StubDelegate java.lang.String toString(javax.rmi.CORBA.Stub)'>
        <annotation name='com.intellij.inspections.tainted.annotation.equation.Equations'>
            <val val="{ &quot;toString := com.sun.corba.se.impl.javax.rmi.CORBA.StubDelegateImpl#toString(javax.rmi.CORBA.Stub)&quot;, &quot;self := com.sun.corba.se.impl.javax.rmi.CORBA.StubDelegateImpl#toString(javax.rmi.CORBA.Stub)#0&quot; }"/>
        </annotation>
    </item>
    <item name='javax.rmi.CORBA.StubDelegate void connect(javax.rmi.CORBA.Stub, org.omg.CORBA.ORB)'>
        <annotation name='com.intellij.inspections.tainted.annotation.equation.Equations'>
            <val val="{ &quot;orb := Stub#connect(org.omg.CORBA.ORB)#0 &amp; com.sun.corba.se.impl.javax.rmi.CORBA.StubDelegateImpl#connect(javax.rmi.CORBA.Stub, org.omg.CORBA.ORB)#1&quot;, &quot;self := Stub &amp; com.sun.corba.se.impl.javax.rmi.CORBA.StubDelegateImpl#connect(javax.rmi.CORBA.Stub, org.omg.CORBA.ORB)#0&quot; }"/>
        </annotation>
    </item>
    <item name='javax.rmi.CORBA.StubDelegate void readObject(javax.rmi.CORBA.Stub, java.io.ObjectInputStream)'>
        <annotation name='com.intellij.inspections.tainted.annotation.equation.Equations'>
            <val val="{ &quot;self := com.sun.corba.se.impl.javax.rmi.CORBA.StubDelegateImpl#readObject(javax.rmi.CORBA.Stub, java.io.ObjectInputStream)#0&quot;, &quot;s := com.sun.corba.se.impl.javax.rmi.CORBA.StubDelegateImpl#readObject(javax.rmi.CORBA.Stub, java.io.ObjectInputStream)#1&quot; }"/>
        </annotation>
    </item>
    <item name='javax.rmi.CORBA.StubDelegate void writeObject(javax.rmi.CORBA.Stub, java.io.ObjectOutputStream)'>
        <annotation name='com.intellij.inspections.tainted.annotation.equation.Equations'>
            <val val="{ &quot;s := Stub#writeObject(java.io.ObjectOutputStream)#0 &amp; com.sun.corba.se.impl.javax.rmi.CORBA.StubDelegateImpl#writeObject(javax.rmi.CORBA.Stub, java.io.ObjectOutputStream)#1&quot;, &quot;self := Stub &amp; com.sun.corba.se.impl.javax.rmi.CORBA.StubDelegateImpl#writeObject(javax.rmi.CORBA.Stub, java.io.ObjectOutputStream)#0&quot; }"/>
        </annotation>
    </item>
    <item name='javax.rmi.CORBA.Tie java.rmi.Remote getTarget()'>
        <annotation name='com.intellij.inspections.tainted.annotation.equation.Equations'>
            <val val="{ &quot;getTarget := com.sun.corba.se.impl.presentation.rmi.ReflectiveTie#getTarget()&quot; }"/>
        </annotation>
    </item>
    <item name='javax.rmi.CORBA.Tie org.omg.CORBA.ORB orb()'>
        <annotation name='com.intellij.inspections.tainted.annotation.equation.Equations'>
            <val val="{ &quot;orb := com.sun.corba.se.impl.presentation.rmi.ReflectiveTie#orb()&quot; }"/>
        </annotation>
    </item>
    <item name='javax.rmi.CORBA.Tie org.omg.CORBA.Object thisObject()'>
        <annotation name='com.intellij.inspections.tainted.annotation.equation.Equations'>
            <val val="{ &quot;thisObject := com.sun.corba.se.impl.presentation.rmi.ReflectiveTie#thisObject()&quot; }"/>
        </annotation>
    </item>
    <item name='javax.rmi.CORBA.Tie void orb(org.omg.CORBA.ORB)'>
        <annotation name='com.intellij.inspections.tainted.annotation.equation.Equations'>
            <val val="{ &quot;orb := &quot;, &quot;orb := com.sun.corba.se.impl.util.Utility#autoConnect(java.lang.Object, org.omg.CORBA.ORB, boolean)#1 &amp; com.sun.corba.se.impl.presentation.rmi.ReflectiveTie#orb(org.omg.CORBA.ORB)#0 &amp; com.sun.corba.se.impl.presentation.rmi.StubConnectImpl#connect(com.sun.corba.se.impl.ior.StubIORImpl, org.omg.CORBA.Object, org.omg.CORBA.portable.ObjectImpl, org.omg.CORBA.ORB)#3&quot; }"/>
        </annotation>
    </item>
    <item name='javax.rmi.CORBA.Tie void setTarget(java.rmi.Remote)'>
        <annotation name='com.intellij.inspections.tainted.annotation.equation.Equations'>
            <val val="{ &quot;target := com.sun.corba.se.impl.presentation.rmi.ReflectiveTie#setTarget(java.rmi.Remote)#0&quot; }"/>
        </annotation>
    </item>
    <item name='javax.rmi.CORBA.Util Util()'>
        <annotation name='com.intellij.inspections.tainted.annotation.equation.Equations'>
            <val val="{ &quot;Util := Util&quot; }"/>
        </annotation>
    </item>
    <item name='javax.rmi.CORBA.Util java.lang.Class loadClass(java.lang.String, java.lang.String, java.lang.ClassLoader)'>
        <annotation name='com.intellij.inspections.tainted.annotation.equation.Equations'>
            <val val="{ &quot;className := com.sun.corba.se.impl.util.Utility#loadClassOfType(java.lang.String, java.lang.String, java.lang.ClassLoader, java.lang.Class, java.lang.ClassLoader)#0 &amp; com.sun.corba.se.impl.util.Utility#loadClassForClass(java.lang.String, java.lang.String, java.lang.ClassLoader, java.lang.Class, java.lang.ClassLoader)#0 &amp; com.sun.corba.se.impl.presentation.rmi.StubFactoryFactoryDynamicBase#createStubFactory(java.lang.String, boolean, java.lang.String, java.lang.Class, java.lang.ClassLoader)#0&quot;, &quot;loader := com.sun.corba.se.impl.util.Utility#loadClassOfType(java.lang.String, java.lang.String, java.lang.ClassLoader, java.lang.Class, java.lang.ClassLoader)#2 &amp; com.sun.corba.se.impl.util.Utility#loadClassForClass(java.lang.String, java.lang.String, java.lang.ClassLoader, java.lang.Class, java.lang.ClassLoader)#2 &amp; com.sun.corba.se.impl.presentation.rmi.StubFactoryFactoryStaticImpl#createStubFactory(java.lang.String, boolean, java.lang.String, java.lang.Class, java.lang.ClassLoader)#4 &amp; com.sun.corba.se.impl.presentation.rmi.StubFactoryFactoryDynamicBase#createStubFactory(java.lang.String, boolean, java.lang.String, java.lang.Class, java.lang.ClassLoader)#4&quot;, &quot;remoteCodebase := com.sun.corba.se.impl.util.Utility#loadClassOfType(java.lang.String, java.lang.String, java.lang.ClassLoader, java.lang.Class, java.lang.ClassLoader)#1 &amp; com.sun.corba.se.impl.util.Utility#loadClassForClass(java.lang.String, java.lang.String, java.lang.ClassLoader, java.lang.Class, java.lang.ClassLoader)#1 &amp; com.sun.corba.se.impl.util.RepositoryId#getClassFromType(java.lang.String)#0 &amp; com.sun.corba.se.impl.presentation.rmi.StubFactoryFactoryStaticImpl#createStubFactory(java.lang.String, boolean, java.lang.String, java.lang.Class, java.lang.ClassLoader)#2 &amp; com.sun.corba.se.impl.presentation.rmi.StubFactoryFactoryDynamicBase#createStubFactory(java.lang.String, boolean, java.lang.String, java.lang.Class, java.lang.ClassLoader)#2&quot; }"/>
        </annotation>
    </item>
    <item name='javax.rmi.CORBA.Util java.lang.Object copyObject(java.lang.Object, org.omg.CORBA.ORB)'>
        <annotation name='com.intellij.inspections.tainted.annotation.equation.Equations'>
            <val val="{ &quot;obj := com.sun.corba.se.impl.presentation.rmi.DynamicMethodMarshallerImpl#copyResult(java.lang.Object, com.sun.corba.se.spi.orb.ORB)#0&quot;, &quot;orb := com.sun.corba.se.impl.presentation.rmi.DynamicMethodMarshallerImpl#copyResult(java.lang.Object, com.sun.corba.se.spi.orb.ORB)#1&quot; }"/>
        </annotation>
    </item>
    <item name='javax.rmi.CORBA.Util java.lang.Object createDelegate(java.lang.String)'>
        <annotation name='com.intellij.inspections.tainted.annotation.equation.Equations'>
            <val val="{ &quot;classKey := #UtilClassKey&quot; }"/>
        </annotation>
    </item>
    <item name='javax.rmi.CORBA.Util java.lang.Object readAny(org.omg.CORBA.portable.InputStream)'>
        <annotation name='com.intellij.inspections.tainted.annotation.equation.Equations'>
            <val val="{ &quot;in := com.sun.corba.se.impl.io.ValueHandlerImpl#read_Array(com.sun.corba.se.impl.io.IIOPInputStream, org.omg.CORBA_2_3.portable.InputStream, java.lang.Class, com.sun.org.omg.SendingContext.CodeBase, int)#1 &amp; com.sun.corba.se.impl.io.IIOPInputStream&quot; }"/>
        </annotation>
    </item>
    <item name='javax.rmi.CORBA.Util java.lang.Object[] copyObjects(java.lang.Object[], org.omg.CORBA.ORB)'>
        <annotation name='com.intellij.inspections.tainted.annotation.equation.Equations'>
            <val val="{ &quot;obj := com.sun.corba.se.impl.presentation.rmi.DynamicMethodMarshallerImpl#copyArguments(java.lang.Object[], com.sun.corba.se.spi.orb.ORB)#0&quot;, &quot;orb := com.sun.corba.se.impl.presentation.rmi.DynamicMethodMarshallerImpl#copyArguments(java.lang.Object[], com.sun.corba.se.spi.orb.ORB)#1&quot; }"/>
        </annotation>
    </item>
    <item name='javax.rmi.CORBA.Util java.lang.String getCodebase(java.lang.Class)'>
        <annotation name='com.intellij.inspections.tainted.annotation.equation.Equations'>
            <val val="{ &quot;clz := com.sun.corba.se.impl.util.Utility#getHelper(java.lang.Class, java.lang.String, java.lang.String)#0 &amp; com.sun.corba.se.impl.util.Utility#getFactory(java.lang.Class, java.lang.String, org.omg.CORBA.ORB, java.lang.String)#0 &amp; com.sun.corba.se.impl.encoding.CDROutputStream_1_0#writeArray(java.io.Serializable, java.lang.Class)#1 &amp; com.sun.corba.se.impl.encoding.CDROutputStream_1_0#writeValueBase(org.omg.CORBA.portable.ValueBase, java.lang.Class)#1 &amp; com.sun.corba.se.impl.encoding.CDROutputStream_1_0#writeRMIIIOPValueType(java.io.Serializable, java.lang.Class)#1 &amp; com.sun.corba.se.impl.encoding.CDROutputStream_1_0#writeClassBody(java.lang.Class)#0 &amp; com.sun.corba.se.impl.presentation.rmi.StubFactoryFactoryStaticImpl#getTie(java.lang.Class)#0&quot; }"/>
        </annotation>
    </item>
    <item name='javax.rmi.CORBA.Util javax.rmi.CORBA.Tie getTie(java.rmi.Remote)'>
        <annotation name='com.intellij.inspections.tainted.annotation.equation.Equations'>
            <val val="{ &quot;target := com.sun.corba.se.impl.util.Utility#autoConnect(java.lang.Object, org.omg.CORBA.ORB, boolean)#0 &amp; com.sun.corba.se.impl.javax.rmi.PortableRemoteObject#exportObject(java.rmi.Remote)#0 &amp; com.sun.corba.se.impl.javax.rmi.PortableRemoteObject#toStub(java.rmi.Remote)#0 &amp; com.sun.corba.se.impl.javax.rmi.PortableRemoteObject#unexportObject(java.rmi.Remote)#0 &amp; com.sun.corba.se.impl.javax.rmi.PortableRemoteObject#connect(java.rmi.Remote, java.rmi.Remote)#1 &amp; com.sun.corba.se.impl.javax.rmi.PortableRemoteObject#connect(java.rmi.Remote, java.rmi.Remote)#0&quot; }"/>
        </annotation>
    </item>
    <item name='javax.rmi.CORBA.Util void registerTarget(javax.rmi.CORBA.Tie, java.rmi.Remote)'>
        <annotation name='com.intellij.inspections.tainted.annotation.equation.Equations'>
            <val val="{ &quot;tie := &quot;, &quot;target := com.sun.corba.se.impl.javax.rmi.PortableRemoteObject#exportObject(java.rmi.Remote)#0&quot; }"/>
        </annotation>
    </item>
    <item name='javax.rmi.CORBA.Util void unexportObject(java.rmi.Remote)'>
        <annotation name='com.intellij.inspections.tainted.annotation.equation.Equations'>
            <val val="{ &quot;target := com.sun.corba.se.impl.javax.rmi.PortableRemoteObject#unexportObject(java.rmi.Remote)#0&quot; }"/>
        </annotation>
    </item>
    <item name='javax.rmi.CORBA.Util void writeAbstractObject(org.omg.CORBA.portable.OutputStream, java.lang.Object)'>
        <annotation name='com.intellij.inspections.tainted.annotation.equation.Equations'>
            <val val="{ &quot;obj := com.sun.corba.se.impl.io.IIOPOutputStream#writeObjectOverride(java.lang.Object)#0 &amp; com.sun.corba.se.impl.io.IIOPOutputStream#writeObjectField(com.sun.corba.se.impl.io.ObjectStreamField, java.lang.Object)#1 &amp; com.sun.corba.se.impl.io.ValueHandlerImpl#write_Array(org.omg.CORBA_2_3.portable.OutputStream, java.io.Serializable, java.lang.Class)#1&quot;, &quot;out := com.sun.corba.se.impl.io.IIOPOutputStream &amp; com.sun.corba.se.impl.io.ValueHandlerImpl#write_Array(org.omg.CORBA_2_3.portable.OutputStream, java.io.Serializable, java.lang.Class)#0&quot; }"/>
        </annotation>
    </item>
    <item name='javax.rmi.CORBA.Util void writeAny(org.omg.CORBA.portable.OutputStream, java.lang.Object)'>
        <annotation name='com.intellij.inspections.tainted.annotation.equation.Equations'>
            <val val="{ &quot;obj := com.sun.corba.se.impl.io.IIOPOutputStream#writeObjectField(com.sun.corba.se.impl.io.ObjectStreamField, java.lang.Object)#1 &amp; com.sun.corba.se.impl.io.ValueHandlerImpl#write_Array(org.omg.CORBA_2_3.portable.OutputStream, java.io.Serializable, java.lang.Class)#1&quot;, &quot;out := com.sun.corba.se.impl.io.IIOPOutputStream &amp; com.sun.corba.se.impl.io.ValueHandlerImpl#write_Array(org.omg.CORBA_2_3.portable.OutputStream, java.io.Serializable, java.lang.Class)#0&quot; }"/>
        </annotation>
    </item>
    <item name='javax.rmi.CORBA.Util void writeRemoteObject(org.omg.CORBA.portable.OutputStream, java.lang.Object)'>
        <annotation name='com.intellij.inspections.tainted.annotation.equation.Equations'>
            <val val="{ &quot;out := com.sun.corba.se.impl.io.IIOPOutputStream &amp; com.sun.corba.se.impl.io.ValueHandlerImpl#write_Array(org.omg.CORBA_2_3.portable.OutputStream, java.io.Serializable, java.lang.Class)#0&quot;, &quot;obj := com.sun.corba.se.impl.io.IIOPOutputStream#writeObjectField(com.sun.corba.se.impl.io.ObjectStreamField, java.lang.Object)#1 &amp; com.sun.corba.se.impl.io.ValueHandlerImpl#write_Array(org.omg.CORBA_2_3.portable.OutputStream, java.io.Serializable, java.lang.Class)#1&quot; }"/>
        </annotation>
    </item>
    <item name='javax.rmi.CORBA.UtilDelegate boolean isLocal(javax.rmi.CORBA.Stub)'>
        <annotation name='com.intellij.inspections.tainted.annotation.equation.Equations'>
            <val val="{ &quot;stub := com.sun.corba.se.impl.javax.rmi.CORBA.Util#isLocal(javax.rmi.CORBA.Stub)#0&quot; }"/>
        </annotation>
    </item>
    <item name='javax.rmi.CORBA.UtilDelegate java.lang.Class loadClass(java.lang.String, java.lang.String, java.lang.ClassLoader)'>
        <annotation name='com.intellij.inspections.tainted.annotation.equation.Equations'>
            <val val="{ &quot;remoteCodebase := com.sun.corba.se.impl.javax.rmi.CORBA.Util#loadClass(java.lang.String, java.lang.String, java.lang.ClassLoader)#1 &amp; Util#loadClass(java.lang.String, java.lang.String, java.lang.ClassLoader)#1&quot;, &quot;loadClass := com.sun.corba.se.impl.javax.rmi.CORBA.Util#loadClass(java.lang.String, java.lang.String, java.lang.ClassLoader)&quot;, &quot;className := com.sun.corba.se.impl.javax.rmi.CORBA.Util#loadClass(java.lang.String, java.lang.String, java.lang.ClassLoader)#0 &amp; Util#loadClass(java.lang.String, java.lang.String, java.lang.ClassLoader)#0&quot;, &quot;loader := com.sun.corba.se.impl.javax.rmi.CORBA.Util#loadClass(java.lang.String, java.lang.String, java.lang.ClassLoader)#2 &amp; Util#loadClass(java.lang.String, java.lang.String, java.lang.ClassLoader)#2&quot; }"/>
        </annotation>
    </item>
    <item name='javax.rmi.CORBA.UtilDelegate java.lang.Object copyObject(java.lang.Object, org.omg.CORBA.ORB)'>
        <annotation name='com.intellij.inspections.tainted.annotation.equation.Equations'>
            <val val="{ &quot;copyObject := com.sun.corba.se.impl.javax.rmi.CORBA.Util#copyObject(java.lang.Object, org.omg.CORBA.ORB)&quot;, &quot;obj := com.sun.corba.se.impl.javax.rmi.CORBA.Util#copyObject(java.lang.Object, org.omg.CORBA.ORB)#0&quot;, &quot;orb := com.sun.corba.se.impl.javax.rmi.CORBA.Util#copyObject(java.lang.Object, org.omg.CORBA.ORB)#1&quot; }"/>
        </annotation>
    </item>
    <item name='javax.rmi.CORBA.UtilDelegate java.lang.Object readAny(org.omg.CORBA.portable.InputStream)'>
        <annotation name='com.intellij.inspections.tainted.annotation.equation.Equations'>
            <val val="{ &quot;in := com.sun.corba.se.impl.javax.rmi.CORBA.Util#readAny(org.omg.CORBA.portable.InputStream)#0&quot;, &quot;readAny := com.sun.corba.se.impl.javax.rmi.CORBA.Util#readAny(org.omg.CORBA.portable.InputStream)&quot; }"/>
        </annotation>
    </item>
    <item name='javax.rmi.CORBA.UtilDelegate java.lang.Object[] copyObjects(java.lang.Object[], org.omg.CORBA.ORB)'>
        <annotation name='com.intellij.inspections.tainted.annotation.equation.Equations'>
            <val val="{ &quot;obj := com.sun.corba.se.impl.javax.rmi.CORBA.Util#copyObjects(java.lang.Object[], org.omg.CORBA.ORB)#0&quot;, &quot;orb := com.sun.corba.se.impl.javax.rmi.CORBA.Util#copyObjects(java.lang.Object[], org.omg.CORBA.ORB)#1&quot;, &quot;copyObjects := com.sun.corba.se.impl.javax.rmi.CORBA.Util#copyObjects(java.lang.Object[], org.omg.CORBA.ORB)&quot; }"/>
        </annotation>
    </item>
    <item name='javax.rmi.CORBA.UtilDelegate java.lang.String getCodebase(java.lang.Class)'>
        <annotation name='com.intellij.inspections.tainted.annotation.equation.Equations'>
            <val val="{ &quot;clz := com.sun.corba.se.impl.javax.rmi.CORBA.Util#getCodebase(java.lang.Class)#0 &amp; Util#getCodebase(java.lang.Class)#0&quot;, &quot;getCodebase := com.sun.corba.se.impl.javax.rmi.CORBA.Util#getCodebase(java.lang.Class)&quot; }"/>
        </annotation>
    </item>
    <item name='javax.rmi.CORBA.UtilDelegate java.rmi.RemoteException mapSystemException(org.omg.CORBA.SystemException)'>
        <annotation name='com.intellij.inspections.tainted.annotation.equation.Equations'>
            <val val="{ &quot;ex := com.sun.corba.se.impl.javax.rmi.CORBA.Util#mapSystemException(org.omg.CORBA.SystemException)#0 &amp; Util#mapSystemException(org.omg.CORBA.SystemException)#0&quot;, &quot;mapSystemException := com.sun.corba.se.impl.javax.rmi.CORBA.Util#mapSystemException(org.omg.CORBA.SystemException)&quot; }"/>
        </annotation>
    </item>
    <item name='javax.rmi.CORBA.UtilDelegate java.rmi.RemoteException wrapException(java.lang.Throwable)'>
        <annotation name='com.intellij.inspections.tainted.annotation.equation.Equations'>
            <val val="{ &quot;wrapException := com.sun.corba.se.impl.javax.rmi.CORBA.Util#wrapException(java.lang.Throwable)&quot;, &quot;obj := com.sun.corba.se.impl.javax.rmi.CORBA.Util#wrapException(java.lang.Throwable)#0&quot; }"/>
        </annotation>
    </item>
    <item name='javax.rmi.CORBA.UtilDelegate javax.rmi.CORBA.Tie getTie(java.rmi.Remote)'>
        <annotation name='com.intellij.inspections.tainted.annotation.equation.Equations'>
            <val val="{ &quot;target := com.sun.corba.se.impl.javax.rmi.CORBA.Util#getTie(java.rmi.Remote)#0 &amp; Util#getTie(java.rmi.Remote)#0&quot;, &quot;getTie := com.sun.corba.se.impl.javax.rmi.CORBA.Util#getTie(java.rmi.Remote)&quot; }"/>
        </annotation>
    </item>
    <item name='javax.rmi.CORBA.UtilDelegate javax.rmi.CORBA.ValueHandler createValueHandler()'>
        <annotation name='com.intellij.inspections.tainted.annotation.equation.Equations'>
            <val val="{ &quot;createValueHandler := com.sun.corba.se.impl.javax.rmi.CORBA.Util#createValueHandler()&quot; }"/>
        </annotation>
    </item>
    <item name='javax.rmi.CORBA.UtilDelegate void registerTarget(javax.rmi.CORBA.Tie, java.rmi.Remote)'>
        <annotation name='com.intellij.inspections.tainted.annotation.equation.Equations'>
            <val val="{ &quot;target := com.sun.corba.se.impl.javax.rmi.CORBA.Util#registerTarget(javax.rmi.CORBA.Tie, java.rmi.Remote)#1 &amp; Util#registerTarget(javax.rmi.CORBA.Tie, java.rmi.Remote)#1&quot;, &quot;tie := com.sun.corba.se.impl.javax.rmi.CORBA.Util#registerTarget(javax.rmi.CORBA.Tie, java.rmi.Remote)#0 &amp; Util#registerTarget(javax.rmi.CORBA.Tie, java.rmi.Remote)#0&quot; }"/>
        </annotation>
    </item>
    <item name='javax.rmi.CORBA.UtilDelegate void unexportObject(java.rmi.Remote)'>
        <annotation name='com.intellij.inspections.tainted.annotation.equation.Equations'>
            <val val="{ &quot;target := com.sun.corba.se.impl.javax.rmi.CORBA.Util#unexportObject(java.rmi.Remote)#0 &amp; Util#unexportObject(java.rmi.Remote)#0&quot; }"/>
        </annotation>
    </item>
    <item name='javax.rmi.CORBA.UtilDelegate void writeAbstractObject(org.omg.CORBA.portable.OutputStream, java.lang.Object)'>
        <annotation name='com.intellij.inspections.tainted.annotation.equation.Equations'>
            <val val="{ &quot;obj := com.sun.corba.se.impl.javax.rmi.CORBA.Util#writeAbstractObject(org.omg.CORBA.portable.OutputStream, java.lang.Object)#1 &amp; Util#writeAbstractObject(org.omg.CORBA.portable.OutputStream, java.lang.Object)#1&quot;, &quot;out := com.sun.corba.se.impl.javax.rmi.CORBA.Util#writeAbstractObject(org.omg.CORBA.portable.OutputStream, java.lang.Object)#0 &amp; Util#writeAbstractObject(org.omg.CORBA.portable.OutputStream, java.lang.Object)#0&quot; }"/>
        </annotation>
    </item>
    <item name='javax.rmi.CORBA.UtilDelegate void writeAny(org.omg.CORBA.portable.OutputStream, java.lang.Object)'>
        <annotation name='com.intellij.inspections.tainted.annotation.equation.Equations'>
            <val val="{ &quot;obj := com.sun.corba.se.impl.javax.rmi.CORBA.Util#writeAny(org.omg.CORBA.portable.OutputStream, java.lang.Object)#1 &amp; Util#writeAny(org.omg.CORBA.portable.OutputStream, java.lang.Object)#1&quot;, &quot;out := com.sun.corba.se.impl.javax.rmi.CORBA.Util#writeAny(org.omg.CORBA.portable.OutputStream, java.lang.Object)#0 &amp; Util#writeAny(org.omg.CORBA.portable.OutputStream, java.lang.Object)#0&quot; }"/>
        </annotation>
    </item>
    <item name='javax.rmi.CORBA.UtilDelegate void writeRemoteObject(org.omg.CORBA.portable.OutputStream, java.lang.Object)'>
        <annotation name='com.intellij.inspections.tainted.annotation.equation.Equations'>
            <val val="{ &quot;obj := com.sun.corba.se.impl.javax.rmi.CORBA.Util#writeRemoteObject(org.omg.CORBA.portable.OutputStream, java.lang.Object)#1&quot;, &quot;out := com.sun.corba.se.impl.javax.rmi.CORBA.Util#writeRemoteObject(org.omg.CORBA.portable.OutputStream, java.lang.Object)#0&quot; }"/>
        </annotation>
    </item>
    <item name='javax.rmi.CORBA.ValueHandler boolean isCustomMarshaled(java.lang.Class)'>
        <annotation name='com.intellij.inspections.tainted.annotation.equation.Equations'>
            <val val="{ &quot;clz := com.sun.corba.se.impl.io.ValueHandlerImpl#isCustomMarshaled(java.lang.Class)#0 &amp; com.sun.corba.se.impl.encoding.CDROutputStream_1_0#writeRMIIIOPValueType(java.io.Serializable, java.lang.Class)#1&quot; }"/>
        </annotation>
    </item>
    <item name='javax.rmi.CORBA.ValueHandler java.io.Serializable readValue(org.omg.CORBA.portable.InputStream, int, java.lang.Class, java.lang.String, org.omg.SendingContext.RunTime)'>
        <annotation name='com.intellij.inspections.tainted.annotation.equation.Equations'>
            <val val="{ &quot;repositoryID := com.sun.corba.se.impl.io.ValueHandlerImpl#readValue(org.omg.CORBA.portable.InputStream, int, java.lang.Class, java.lang.String, org.omg.SendingContext.RunTime)#3&quot;, &quot;in := com.sun.corba.se.impl.io.ValueHandlerImpl#readValue(org.omg.CORBA.portable.InputStream, int, java.lang.Class, java.lang.String, org.omg.SendingContext.RunTime)#0&quot;, &quot;offset := com.sun.corba.se.impl.io.ValueHandlerImpl#readValue(org.omg.CORBA.portable.InputStream, int, java.lang.Class, java.lang.String, org.omg.SendingContext.RunTime)#1&quot;, &quot;readValue := com.sun.corba.se.impl.io.ValueHandlerImpl#readValue(org.omg.CORBA.portable.InputStream, int, java.lang.Class, java.lang.String, org.omg.SendingContext.RunTime)&quot;, &quot;clz := com.sun.corba.se.impl.io.ValueHandlerImpl#readValue(org.omg.CORBA.portable.InputStream, int, java.lang.Class, java.lang.String, org.omg.SendingContext.RunTime)#2&quot;, &quot;sender := com.sun.corba.se.impl.io.ValueHandlerImpl#readValue(org.omg.CORBA.portable.InputStream, int, java.lang.Class, java.lang.String, org.omg.SendingContext.RunTime)#4&quot; }"/>
        </annotation>
    </item>
    <item name='javax.rmi.CORBA.ValueHandler java.io.Serializable writeReplace(java.io.Serializable)'>
        <annotation name='com.intellij.inspections.tainted.annotation.equation.Equations'>
            <val val="{ &quot;value := com.sun.corba.se.impl.io.ValueHandlerImpl#writeReplace(java.io.Serializable)#0 &amp; com.sun.corba.se.impl.encoding.CDROutputStream_1_0#writeRMIIIOPValueType(java.io.Serializable, java.lang.Class)#0&quot;, &quot;writeReplace := com.sun.corba.se.impl.io.ValueHandlerImpl#writeReplace(java.io.Serializable)&quot; }"/>
        </annotation>
    </item>
    <item name='javax.rmi.CORBA.ValueHandler java.lang.String getRMIRepositoryID(java.lang.Class)'>
        <annotation name='com.intellij.inspections.tainted.annotation.equation.Equations'>
            <val val="{ &quot;clz := com.sun.corba.se.impl.io.ValueHandlerImpl#getRMIRepositoryID(java.lang.Class)#0&quot;, &quot;getRMIRepositoryID := com.sun.corba.se.impl.io.ValueHandlerImpl#getRMIRepositoryID(java.lang.Class)&quot; }"/>
        </annotation>
    </item>
    <item name='javax.rmi.CORBA.ValueHandler org.omg.SendingContext.RunTime getRunTimeCodeBase()'>
        <annotation name='com.intellij.inspections.tainted.annotation.equation.Equations'>
            <val val="{ &quot;getRunTimeCodeBase := com.sun.corba.se.impl.io.ValueHandlerImpl#getRunTimeCodeBase()&quot; }"/>
        </annotation>
    </item>
    <item name='javax.rmi.CORBA.ValueHandler void writeValue(org.omg.CORBA.portable.OutputStream, java.io.Serializable)'>
        <annotation name='com.intellij.inspections.tainted.annotation.equation.Equations'>
            <val val="{ &quot;out := com.sun.corba.se.impl.io.ValueHandlerImpl#writeValue(org.omg.CORBA.portable.OutputStream, java.io.Serializable)#0&quot;, &quot;value := com.sun.corba.se.impl.io.ValueHandlerImpl#writeValue(org.omg.CORBA.portable.OutputStream, java.io.Serializable)#1&quot; }"/>
        </annotation>
    </item>
    <item name='javax.rmi.CORBA.ValueHandlerMultiFormat byte getMaximumStreamFormatVersion()'>
        <annotation name='com.intellij.inspections.tainted.annotation.equation.Equations'>
            <val val="{ &quot;getMaximumStreamFormatVersion := com.sun.corba.se.impl.io.ValueHandlerImpl#getMaximumStreamFormatVersion()&quot; }"/>
        </annotation>
    </item>
    <item name='javax.rmi.CORBA.ValueHandlerMultiFormat void writeValue(org.omg.CORBA.portable.OutputStream, java.io.Serializable, byte)'>
        <annotation name='com.intellij.inspections.tainted.annotation.equation.Equations'>
            <val val="{ &quot;value := com.sun.corba.se.impl.io.ValueHandlerImpl#writeValue(org.omg.CORBA.portable.OutputStream, java.io.Serializable, byte)#1 &amp; com.sun.corba.se.impl.encoding.CDROutputStream_1_0#writeArray(java.io.Serializable, java.lang.Class)#0 &amp; com.sun.corba.se.impl.encoding.CDROutputStream_1_0#writeRMIIIOPValueType(java.io.Serializable, java.lang.Class)#0&quot;, &quot;out := com.sun.corba.se.impl.io.ValueHandlerImpl#writeValue(org.omg.CORBA.portable.OutputStream, java.io.Serializable, byte)#0 &amp; com.sun.corba.se.impl.encoding.CDROutputStream_1_0&quot;, &quot;streamFormatVersion := com.sun.corba.se.impl.io.ValueHandlerImpl#writeValue(org.omg.CORBA.portable.OutputStream, java.io.Serializable, byte)#2 &amp; com.sun.corba.se.impl.encoding.CDROutputStream_1_0&quot; }"/>
        </annotation>
    </item>
</root>