<root>
    <item name='org.hibernate.lob.ReaderInputStream ReaderInputStream(java.io.Reader)'>
        <annotation name='com.intellij.inspections.tainted.annotation.equation.Equations'>
            <val val="{ &quot;ReaderInputStream := ReaderInputStream&quot; }"/>
        </annotation>
    </item>
    <item name='org.hibernate.lob.ReaderInputStream int read()'>
        <annotation name='com.intellij.inspections.tainted.annotation.equation.Equations'>
            <val val="{ &quot;read := &quot; }"/>
        </annotation>
    </item>
</root>