<root>
    <item name='com.sun.jmx.snmp.BerDecoder'>
        <annotation name='com.intellij.inspections.tainted.annotation.equation.Equations'>
            <val val="{ &quot;BerDecoder := BerDecoder&quot; }"/>
        </annotation>
    </item>
    <item name='com.sun.jmx.snmp.BerDecoder BerDecoder(byte[])'>
        <annotation name='com.intellij.inspections.tainted.annotation.equation.Equations'>
            <val val="{ &quot;b := SnmpMsg#getProtocolVersion(byte[])#0 &amp; SnmpMessage#getRequestId(byte[])#0 &amp; SnmpMessage#decodeMessage(byte[], int)#0 &amp; SnmpMessage &amp; SnmpV3Message#decodeMessage(byte[], int)#0 &amp; SnmpV3Message#getRequestId(byte[])#0 &amp; SnmpV3Message&quot;, &quot;BerDecoder := BerDecoder&quot; }"/>
        </annotation>
    </item>
    <item name='com.sun.jmx.snmp.BerDecoder byte[] fetchOctetString(int)'>
        <annotation name='com.intellij.inspections.tainted.annotation.equation.Equations'>
            <val val="{ &quot;tag := #OctetStringTag &amp; SnmpDataTypeEnums#IpAddressTag&quot; }"/>
        </annotation>
    </item>
    <item name='com.sun.jmx.snmp.BerDecoder int fetchInteger(int)'>
        <annotation name='com.intellij.inspections.tainted.annotation.equation.Equations'>
            <val val="{ &quot;tag := #IntegerTag&quot; }"/>
        </annotation>
    </item>
    <item name='com.sun.jmx.snmp.BerDecoder int fetchIntegerValue()'>
        <annotation name='com.intellij.inspections.tainted.annotation.equation.Equations'>
            <val val="{ &quot;fetchIntegerValue := BerDecoder&quot; }"/>
        </annotation>
    </item>
    <item name='com.sun.jmx.snmp.BerDecoder int fetchLength()'>
        <annotation name='com.intellij.inspections.tainted.annotation.equation.Equations'>
            <val val="{ &quot;fetchLength := BerDecoder&quot; }"/>
        </annotation>
    </item>
    <item name='com.sun.jmx.snmp.BerDecoder int fetchTag()'>
        <annotation name='com.intellij.inspections.tainted.annotation.equation.Equations'>
            <val val="{ &quot;fetchTag := BerDecoder&quot; }"/>
        </annotation>
    </item>
    <item name='com.sun.jmx.snmp.BerDecoder long fetchIntegerAsLong(int)'>
        <annotation name='com.intellij.inspections.tainted.annotation.equation.Equations'>
            <val val="{ &quot;tag := #IntegerTag&quot; }"/>
        </annotation>
    </item>
    <item name='com.sun.jmx.snmp.BerDecoder long fetchIntegerValueAsLong()'>
        <annotation name='com.intellij.inspections.tainted.annotation.equation.Equations'>
            <val val="{ &quot;fetchIntegerValueAsLong := BerDecoder&quot; }"/>
        </annotation>
    </item>
    <item name='com.sun.jmx.snmp.BerDecoder long[] fetchOid(int)'>
        <annotation name='com.intellij.inspections.tainted.annotation.equation.Equations'>
            <val val="{ &quot;tag := #OidTag&quot; }"/>
        </annotation>
    </item>
    <item name='com.sun.jmx.snmp.BerDecoder long[] fetchOidValue()'>
        <annotation name='com.intellij.inspections.tainted.annotation.equation.Equations'>
            <val val="{ &quot;fetchOidValue := BerDecoder&quot; }"/>
        </annotation>
    </item>
    <item name='com.sun.jmx.snmp.BerDecoder void fetchNull(int)'>
        <annotation name='com.intellij.inspections.tainted.annotation.equation.Equations'>
            <val val="{ &quot;tag := #NullTag&quot; }"/>
        </annotation>
    </item>
    <item name='com.sun.jmx.snmp.BerDecoder void openSequence(int)'>
        <annotation name='com.intellij.inspections.tainted.annotation.equation.Equations'>
            <val val="{ &quot;tag := #SequenceTag&quot; }"/>
        </annotation>
    </item>
    <item name='com.sun.jmx.snmp.EnumRowStatus EnumRowStatus()'>
        <annotation name='com.intellij.inspections.tainted.annotation.equation.Equations'>
            <val val="{ &quot;EnumRowStatus := EnumRowStatus&quot; }"/>
        </annotation>
    </item>
    <item name='com.sun.jmx.snmp.EnumRowStatus EnumRowStatus(com.sun.jmx.snmp.Enumerated)'>
        <annotation name='com.intellij.inspections.tainted.annotation.equation.Equations'>
            <val val="{ &quot;EnumRowStatus := EnumRowStatus&quot; }"/>
        </annotation>
    </item>
    <item name='com.sun.jmx.snmp.EnumRowStatus EnumRowStatus(com.sun.jmx.snmp.SnmpInt)'>
        <annotation name='com.intellij.inspections.tainted.annotation.equation.Equations'>
            <val val="{ &quot;EnumRowStatus := EnumRowStatus&quot; }"/>
        </annotation>
    </item>
    <item name='com.sun.jmx.snmp.EnumRowStatus EnumRowStatus(int)'>
        <annotation name='com.intellij.inspections.tainted.annotation.equation.Equations'>
            <val val="{ &quot;EnumRowStatus := EnumRowStatus&quot;, &quot;valueIndex := #EnumRowStatus(long)#0 &amp; #unspecified&quot; }"/>
        </annotation>
    </item>
    <item name='com.sun.jmx.snmp.EnumRowStatus EnumRowStatus(java.lang.Integer)'>
        <annotation name='com.intellij.inspections.tainted.annotation.equation.Equations'>
            <val val="{ &quot;EnumRowStatus := EnumRowStatus&quot; }"/>
        </annotation>
    </item>
    <item name='com.sun.jmx.snmp.EnumRowStatus EnumRowStatus(java.lang.Long)'>
        <annotation name='com.intellij.inspections.tainted.annotation.equation.Equations'>
            <val val="{ &quot;EnumRowStatus := EnumRowStatus&quot; }"/>
        </annotation>
    </item>
    <item name='com.sun.jmx.snmp.EnumRowStatus EnumRowStatus(java.lang.String)'>
        <annotation name='com.intellij.inspections.tainted.annotation.equation.Equations'>
            <val val="{ &quot;EnumRowStatus := EnumRowStatus&quot; }"/>
        </annotation>
    </item>
    <item name='com.sun.jmx.snmp.EnumRowStatus EnumRowStatus(long)'>
        <annotation name='com.intellij.inspections.tainted.annotation.equation.Equations'>
            <val val="{ &quot;EnumRowStatus := EnumRowStatus&quot; }"/>
        </annotation>
    </item>
    <item name='com.sun.jmx.snmp.EnumRowStatus java.util.Hashtable&lt;java.lang.Integer,java.lang.String&gt; getRSIntTable()'>
        <annotation name='com.intellij.inspections.tainted.annotation.equation.Equations'>
            <val val="{ &quot;getRSIntTable := #intTable&quot; }"/>
        </annotation>
    </item>
    <item name='com.sun.jmx.snmp.EnumRowStatus java.util.Hashtable&lt;java.lang.String,java.lang.Integer&gt; getRSStringTable()'>
        <annotation name='com.intellij.inspections.tainted.annotation.equation.Equations'>
            <val val="{ &quot;getRSStringTable := #stringTable&quot; }"/>
        </annotation>
    </item>
    <item name='com.sun.jmx.snmp.Enumerated Enumerated()'>
        <annotation name='com.intellij.inspections.tainted.annotation.equation.Equations'>
            <val val="{ &quot;Enumerated := Enumerated&quot; }"/>
        </annotation>
    </item>
    <item name='com.sun.jmx.snmp.Enumerated Enumerated(int)'>
        <annotation name='com.intellij.inspections.tainted.annotation.equation.Equations'>
            <val val="{ &quot;valueIndex := EnumRowStatus#EnumRowStatus(int)#0&quot;, &quot;Enumerated := Enumerated&quot; }"/>
        </annotation>
    </item>
    <item name='com.sun.jmx.snmp.Enumerated Enumerated(java.lang.Integer)'>
        <annotation name='com.intellij.inspections.tainted.annotation.equation.Equations'>
            <val val="{ &quot;Enumerated := Enumerated&quot;, &quot;valueIndex := EnumRowStatus#EnumRowStatus(java.lang.Integer)#0&quot; }"/>
        </annotation>
    </item>
    <item name='com.sun.jmx.snmp.Enumerated Enumerated(java.lang.String)'>
        <annotation name='com.intellij.inspections.tainted.annotation.equation.Equations'>
            <val val="{ &quot;valueString := EnumRowStatus#EnumRowStatus(java.lang.String)#0&quot;, &quot;Enumerated := Enumerated&quot; }"/>
        </annotation>
    </item>
    <item name='com.sun.jmx.snmp.Enumerated int intValue()'>
        <annotation name='com.intellij.inspections.tainted.annotation.equation.Equations'>
            <val val="{ &quot;intValue := Enumerated&quot; }"/>
        </annotation>
    </item>
    <item name='com.sun.jmx.snmp.Enumerated java.util.Hashtable&lt;java.lang.Integer,java.lang.String&gt; getIntTable()'>
        <annotation name='com.intellij.inspections.tainted.annotation.equation.Equations'>
            <val val="{ &quot;getIntTable := EnumRowStatus#getIntTable()&quot; }"/>
        </annotation>
    </item>
    <item name='com.sun.jmx.snmp.Enumerated java.util.Hashtable&lt;java.lang.String,java.lang.Integer&gt; getStringTable()'>
        <annotation name='com.intellij.inspections.tainted.annotation.equation.Equations'>
            <val val="{ &quot;getStringTable := EnumRowStatus#getStringTable()&quot; }"/>
        </annotation>
    </item>
    <item name='com.sun.jmx.snmp.InetAddressAcl boolean checkCommunity(java.lang.String)'>
        <annotation name='com.intellij.inspections.tainted.annotation.equation.Equations'>
            <val val="{ &quot;community := com.sun.jmx.snmp.IPAcl.SnmpAcl#checkCommunity(java.lang.String)#0&quot; }"/>
        </annotation>
    </item>
    <item name='com.sun.jmx.snmp.InetAddressAcl boolean checkReadPermission(java.net.InetAddress)'>
        <annotation name='com.intellij.inspections.tainted.annotation.equation.Equations'>
            <val val="{ &quot;address := com.sun.jmx.snmp.IPAcl.SnmpAcl#checkReadPermission(java.net.InetAddress)#0&quot; }"/>
        </annotation>
    </item>
    <item name='com.sun.jmx.snmp.InetAddressAcl boolean checkReadPermission(java.net.InetAddress, java.lang.String)'>
        <annotation name='com.intellij.inspections.tainted.annotation.equation.Equations'>
            <val val="{ &quot;community := com.sun.jmx.snmp.IPAcl.SnmpAcl#checkReadPermission(java.net.InetAddress, java.lang.String)#1&quot;, &quot;address := com.sun.jmx.snmp.IPAcl.SnmpAcl#checkReadPermission(java.net.InetAddress, java.lang.String)#0&quot; }"/>
        </annotation>
    </item>
    <item name='com.sun.jmx.snmp.InetAddressAcl boolean checkWritePermission(java.net.InetAddress)'>
        <annotation name='com.intellij.inspections.tainted.annotation.equation.Equations'>
            <val val="{ &quot;address := com.sun.jmx.snmp.IPAcl.SnmpAcl#checkWritePermission(java.net.InetAddress)#0&quot; }"/>
        </annotation>
    </item>
    <item name='com.sun.jmx.snmp.InetAddressAcl boolean checkWritePermission(java.net.InetAddress, java.lang.String)'>
        <annotation name='com.intellij.inspections.tainted.annotation.equation.Equations'>
            <val val="{ &quot;community := com.sun.jmx.snmp.IPAcl.SnmpAcl#checkWritePermission(java.net.InetAddress, java.lang.String)#1&quot;, &quot;address := com.sun.jmx.snmp.IPAcl.SnmpAcl#checkWritePermission(java.net.InetAddress, java.lang.String)#0&quot; }"/>
        </annotation>
    </item>
    <item name='com.sun.jmx.snmp.InetAddressAcl java.lang.String getName()'>
        <annotation name='com.intellij.inspections.tainted.annotation.equation.Equations'>
            <val val="{ &quot;getName := com.sun.jmx.snmp.IPAcl.SnmpAcl#getName()&quot; }"/>
        </annotation>
    </item>
    <item name='com.sun.jmx.snmp.InetAddressAcl java.util.Enumeration&lt;java.lang.String&gt; getInformCommunities(java.net.InetAddress)'>
        <annotation name='com.intellij.inspections.tainted.annotation.equation.Equations'>
            <val val="{ &quot;getInformCommunities := com.sun.jmx.snmp.IPAcl.SnmpAcl#getInformCommunities(java.net.InetAddress)&quot;, &quot;address := com.sun.jmx.snmp.IPAcl.SnmpAcl#getInformCommunities(java.net.InetAddress)#0&quot; }"/>
        </annotation>
    </item>
    <item name='com.sun.jmx.snmp.InetAddressAcl java.util.Enumeration&lt;java.lang.String&gt; getTrapCommunities(java.net.InetAddress)'>
        <annotation name='com.intellij.inspections.tainted.annotation.equation.Equations'>
            <val val="{ &quot;getTrapCommunities := com.sun.jmx.snmp.IPAcl.SnmpAcl#getTrapCommunities(java.net.InetAddress)&quot;, &quot;address := com.sun.jmx.snmp.IPAcl.SnmpAcl#getTrapCommunities(java.net.InetAddress)#0&quot; }"/>
        </annotation>
    </item>
    <item name='com.sun.jmx.snmp.InetAddressAcl java.util.Enumeration&lt;java.net.InetAddress&gt; getInformDestinations()'>
        <annotation name='com.intellij.inspections.tainted.annotation.equation.Equations'>
            <val val="{ &quot;getInformDestinations := com.sun.jmx.snmp.IPAcl.SnmpAcl#getInformDestinations()&quot; }"/>
        </annotation>
    </item>
    <item name='com.sun.jmx.snmp.InetAddressAcl java.util.Enumeration&lt;java.net.InetAddress&gt; getTrapDestinations()'>
        <annotation name='com.intellij.inspections.tainted.annotation.equation.Equations'>
            <val val="{ &quot;getTrapDestinations := com.sun.jmx.snmp.IPAcl.SnmpAcl#getTrapDestinations()&quot; }"/>
        </annotation>
    </item>
    <item name='com.sun.jmx.snmp.ServiceName ServiceName()'>
        <annotation name='com.intellij.inspections.tainted.annotation.equation.Equations'>
            <val val="{ &quot;ServiceName := ServiceName&quot; }"/>
        </annotation>
    </item>
    <item name='com.sun.jmx.snmp.SnmpAckPdu com.sun.jmx.snmp.SnmpPdu getResponsePdu()'>
        <annotation name='com.intellij.inspections.tainted.annotation.equation.Equations'>
            <val val="{ &quot;getResponsePdu := SnmpPduRequest#getResponsePdu() &amp; SnmpPduRequest#getResponsePdu() &amp; SnmpPduBulk#getResponsePdu() &amp; SnmpScopedPduRequest#getResponsePdu() &amp; SnmpScopedPduBulk#getResponsePdu() &amp; SnmpScopedPduRequest#getResponsePdu()&quot; }"/>
        </annotation>
    </item>
    <item name='com.sun.jmx.snmp.SnmpBadSecurityLevelException SnmpBadSecurityLevelException(java.lang.String)'>
        <annotation name='com.intellij.inspections.tainted.annotation.equation.Equations'>
            <val val="{ &quot;SnmpBadSecurityLevelException := SnmpBadSecurityLevelException&quot; }"/>
        </annotation>
    </item>
    <item name='com.sun.jmx.snmp.SnmpCounter SnmpCounter(int)'>
        <annotation name='com.intellij.inspections.tainted.annotation.equation.Equations'>
            <val val="{ &quot;SnmpCounter := SnmpCounter&quot; }"/>
        </annotation>
    </item>
    <item name='com.sun.jmx.snmp.SnmpCounter SnmpCounter(java.lang.Integer)'>
        <annotation name='com.intellij.inspections.tainted.annotation.equation.Equations'>
            <val val="{ &quot;SnmpCounter := SnmpCounter&quot; }"/>
        </annotation>
    </item>
    <item name='com.sun.jmx.snmp.SnmpCounter SnmpCounter(java.lang.Long)'>
        <annotation name='com.intellij.inspections.tainted.annotation.equation.Equations'>
            <val val="{ &quot;SnmpCounter := SnmpCounter&quot; }"/>
        </annotation>
    </item>
    <item name='com.sun.jmx.snmp.SnmpCounter SnmpCounter(long)'>
        <annotation name='com.intellij.inspections.tainted.annotation.equation.Equations'>
            <val val="{ &quot;v := SnmpVarBind#setSnmpCounterValue(long)#0&quot;, &quot;SnmpCounter := SnmpCounter&quot; }"/>
        </annotation>
    </item>
    <item name='com.sun.jmx.snmp.SnmpCounter java.lang.String getTypeName()'>
        <annotation name='com.intellij.inspections.tainted.annotation.equation.Equations'>
            <val val="{ &quot;getTypeName := #name&quot; }"/>
        </annotation>
    </item>
    <item name='com.sun.jmx.snmp.SnmpCounter64 SnmpCounter64(java.lang.Long)'>
        <annotation name='com.intellij.inspections.tainted.annotation.equation.Equations'>
            <val val="{ &quot;SnmpCounter64 := SnmpCounter64&quot; }"/>
        </annotation>
    </item>
    <item name='com.sun.jmx.snmp.SnmpCounter64 SnmpCounter64(long)'>
        <annotation name='com.intellij.inspections.tainted.annotation.equation.Equations'>
            <val val="{ &quot;SnmpCounter64 := SnmpCounter64&quot;, &quot;v := SnmpVarBind#setSnmpCounter64Value(long)#0&quot; }"/>
        </annotation>
    </item>
    <item name='com.sun.jmx.snmp.SnmpCounter64 int intValue()'>
        <annotation name='com.intellij.inspections.tainted.annotation.equation.Equations'>
            <val val="{ &quot;intValue := SnmpCounter64&quot; }"/>
        </annotation>
    </item>
    <item name='com.sun.jmx.snmp.SnmpCounter64 int nextOid(long[], int)'>
        <annotation name='com.intellij.inspections.tainted.annotation.equation.Equations'>
            <val val="{ &quot;nextOid := start&quot; }"/>
        </annotation>
    </item>
    <item name='com.sun.jmx.snmp.SnmpCounter64 java.lang.String getTypeName()'>
        <annotation name='com.intellij.inspections.tainted.annotation.equation.Equations'>
            <val val="{ &quot;getTypeName := #name&quot; }"/>
        </annotation>
    </item>
    <item name='com.sun.jmx.snmp.SnmpCounter64 long longValue()'>
        <annotation name='com.intellij.inspections.tainted.annotation.equation.Equations'>
            <val val="{ &quot;longValue := SnmpCounter64&quot; }"/>
        </annotation>
    </item>
    <item name='com.sun.jmx.snmp.SnmpEngine com.sun.jmx.snmp.SnmpEngineId getEngineId()'>
        <annotation name='com.intellij.inspections.tainted.annotation.equation.Equations'>
            <val val="{ &quot;getEngineId := com.sun.jmx.snmp.internal.SnmpEngineImpl#getEngineId()&quot; }"/>
        </annotation>
    </item>
    <item name='com.sun.jmx.snmp.SnmpEngine com.sun.jmx.snmp.SnmpUsmKeyHandler getUsmKeyHandler()'>
        <annotation name='com.intellij.inspections.tainted.annotation.equation.Equations'>
            <val val="{ &quot;getUsmKeyHandler := com.sun.jmx.snmp.internal.SnmpEngineImpl#getUsmKeyHandler()&quot; }"/>
        </annotation>
    </item>
    <item name='com.sun.jmx.snmp.SnmpEngine int getEngineBoots()'>
        <annotation name='com.intellij.inspections.tainted.annotation.equation.Equations'>
            <val val="{ &quot;getEngineBoots := com.sun.jmx.snmp.internal.SnmpEngineImpl#getEngineBoots()&quot; }"/>
        </annotation>
    </item>
    <item name='com.sun.jmx.snmp.SnmpEngine int getEngineTime()'>
        <annotation name='com.intellij.inspections.tainted.annotation.equation.Equations'>
            <val val="{ &quot;getEngineTime := com.sun.jmx.snmp.internal.SnmpEngineImpl#getEngineTime()&quot; }"/>
        </annotation>
    </item>
    <item name='com.sun.jmx.snmp.SnmpEngineId SnmpEngineId(byte[])'>
        <annotation name='com.intellij.inspections.tainted.annotation.equation.Equations'>
            <val val="{ &quot;SnmpEngineId := SnmpEngineId&quot;, &quot;bin := #createEngineId(byte[])#0 &amp; #createEngineId(java.net.InetAddress, int, int)#2 &amp; #createEngineId(java.net.InetAddress, int, int)#1 &amp; #createEngineId(int, java.net.InetAddress)#0&quot; }"/>
        </annotation>
    </item>
    <item name='com.sun.jmx.snmp.SnmpEngineId SnmpEngineId(java.lang.String)'>
        <annotation name='com.intellij.inspections.tainted.annotation.equation.Equations'>
            <val val="{ &quot;hexString := #createEngineId(java.lang.String, java.lang.String)#0&quot;, &quot;SnmpEngineId := SnmpEngineId&quot; }"/>
        </annotation>
    </item>
    <item name='com.sun.jmx.snmp.SnmpEngineId byte[] getBytes()'>
        <annotation name='com.intellij.inspections.tainted.annotation.equation.Equations'>
            <val val="{ &quot;getBytes := SnmpEngineId&quot; }"/>
        </annotation>
    </item>
    <item name='com.sun.jmx.snmp.SnmpEngineId com.sun.jmx.snmp.SnmpEngineId createEngineId(int)'>
        <annotation name='com.intellij.inspections.tainted.annotation.equation.Equations'>
            <val val="{ &quot;port := com.sun.jmx.snmp.internal.SnmpEngineImpl#SnmpEngineImpl(com.sun.jmx.snmp.SnmpEngineFactory, com.sun.jmx.snmp.internal.SnmpLcd, int)#2&quot; }"/>
        </annotation>
    </item>
    <item name='com.sun.jmx.snmp.SnmpEngineId com.sun.jmx.snmp.SnmpEngineId createEngineId(int, java.net.InetAddress)'>
        <annotation name='com.intellij.inspections.tainted.annotation.equation.Equations'>
            <val val="{ &quot;addr := #createEngineId(java.net.InetAddress)#0&quot; }"/>
        </annotation>
    </item>
    <item name='com.sun.jmx.snmp.SnmpEngineId com.sun.jmx.snmp.SnmpEngineId createEngineId(java.lang.String)'>
        <annotation name='com.intellij.inspections.tainted.annotation.equation.Equations'>
            <val val="{ &quot;str := &quot; }"/>
        </annotation>
    </item>
    <item name='com.sun.jmx.snmp.SnmpEngineId com.sun.jmx.snmp.SnmpEngineId createEngineId(java.lang.String, java.lang.String)'>
        <annotation name='com.intellij.inspections.tainted.annotation.equation.Equations'>
            <val val="{ &quot;str := #createEngineId(java.lang.String)#0&quot; }"/>
        </annotation>
    </item>
    <item name='com.sun.jmx.snmp.SnmpEngineId com.sun.jmx.snmp.SnmpEngineId createEngineId(java.net.InetAddress, int)'>
        <annotation name='com.intellij.inspections.tainted.annotation.equation.Equations'>
            <val val="{ &quot;address := com.sun.jmx.snmp.internal.SnmpEngineImpl#SnmpEngineImpl(com.sun.jmx.snmp.SnmpEngineFactory, com.sun.jmx.snmp.internal.SnmpLcd, java.net.InetAddress, int)#2&quot;, &quot;port := com.sun.jmx.snmp.internal.SnmpEngineImpl#SnmpEngineImpl(com.sun.jmx.snmp.SnmpEngineFactory, com.sun.jmx.snmp.internal.SnmpLcd, java.net.InetAddress, int)#3&quot; }"/>
        </annotation>
    </item>
    <item name='com.sun.jmx.snmp.SnmpEngineId com.sun.jmx.snmp.SnmpEngineId createEngineId(java.net.InetAddress, int, int)'>
        <annotation name='com.intellij.inspections.tainted.annotation.equation.Equations'>
            <val val="{ &quot;addr := #createEngineId(java.net.InetAddress, int)#0&quot;, &quot;iana := #createEngineId(int, int)#1&quot;, &quot;port := #createEngineId(int)#0 &amp; #createEngineId(java.net.InetAddress, int)#1 &amp; #createEngineId(int, int)#0&quot; }"/>
        </annotation>
    </item>
    <item name='com.sun.jmx.snmp.SnmpEngineId java.lang.String getReadableId()'>
        <annotation name='com.intellij.inspections.tainted.annotation.equation.Equations'>
            <val val="{ &quot;getReadableId := SnmpEngineId&quot; }"/>
        </annotation>
    </item>
    <item name='com.sun.jmx.snmp.SnmpEngineId java.lang.String toString()'>
        <annotation name='com.intellij.inspections.tainted.annotation.equation.Equations'>
            <val val="{ &quot;toString := SnmpEngineId&quot; }"/>
        </annotation>
    </item>
    <item name='com.sun.jmx.snmp.SnmpEngineId void setStringValue(java.lang.String)'>
        <annotation name='com.intellij.inspections.tainted.annotation.equation.Equations'>
            <val val="{ &quot;val := #createEngineId(java.lang.String, java.lang.String)#0&quot; }"/>
        </annotation>
    </item>
    <item name='com.sun.jmx.snmp.SnmpEngineId void validateId(byte[])'>
        <annotation name='com.intellij.inspections.tainted.annotation.equation.Equations'>
            <val val="{ &quot;arr := #createEngineId(byte[])#0&quot; }"/>
        </annotation>
    </item>
    <item name='com.sun.jmx.snmp.SnmpEngineId void validateId(java.lang.String)'>
        <annotation name='com.intellij.inspections.tainted.annotation.equation.Equations'>
            <val val="{ &quot;str := #createEngineId(java.lang.String, java.lang.String)#0&quot; }"/>
        </annotation>
    </item>
    <item name='com.sun.jmx.snmp.SnmpGauge SnmpGauge(int)'>
        <annotation name='com.intellij.inspections.tainted.annotation.equation.Equations'>
            <val val="{ &quot;SnmpGauge := SnmpGauge&quot; }"/>
        </annotation>
    </item>
    <item name='com.sun.jmx.snmp.SnmpGauge SnmpGauge(java.lang.Integer)'>
        <annotation name='com.intellij.inspections.tainted.annotation.equation.Equations'>
            <val val="{ &quot;SnmpGauge := SnmpGauge&quot; }"/>
        </annotation>
    </item>
    <item name='com.sun.jmx.snmp.SnmpGauge SnmpGauge(java.lang.Long)'>
        <annotation name='com.intellij.inspections.tainted.annotation.equation.Equations'>
            <val val="{ &quot;SnmpGauge := SnmpGauge&quot; }"/>
        </annotation>
    </item>
    <item name='com.sun.jmx.snmp.SnmpGauge SnmpGauge(long)'>
        <annotation name='com.intellij.inspections.tainted.annotation.equation.Equations'>
            <val val="{ &quot;SnmpGauge := SnmpGauge&quot;, &quot;v := SnmpVarBind#setSnmpGaugeValue(long)#0&quot; }"/>
        </annotation>
    </item>
    <item name='com.sun.jmx.snmp.SnmpGauge java.lang.String getTypeName()'>
        <annotation name='com.intellij.inspections.tainted.annotation.equation.Equations'>
            <val val="{ &quot;getTypeName := #name&quot; }"/>
        </annotation>
    </item>
    <item name='com.sun.jmx.snmp.SnmpInt SnmpInt(boolean)'>
        <annotation name='com.intellij.inspections.tainted.annotation.equation.Equations'>
            <val val="{ &quot;SnmpInt := SnmpInt&quot; }"/>
        </annotation>
    </item>
    <item name='com.sun.jmx.snmp.SnmpInt SnmpInt(com.sun.jmx.snmp.Enumerated)'>
        <annotation name='com.intellij.inspections.tainted.annotation.equation.Equations'>
            <val val="{ &quot;SnmpInt := SnmpInt&quot; }"/>
        </annotation>
    </item>
    <item name='com.sun.jmx.snmp.SnmpInt SnmpInt(int)'>
        <annotation name='com.intellij.inspections.tainted.annotation.equation.Equations'>
            <val val="{ &quot;v := EnumRowStatus &amp; SnmpUnsignedInt#SnmpUnsignedInt(int)#0&quot;, &quot;SnmpInt := SnmpInt&quot; }"/>
        </annotation>
    </item>
    <item name='com.sun.jmx.snmp.SnmpInt SnmpInt(java.lang.Integer)'>
        <annotation name='com.intellij.inspections.tainted.annotation.equation.Equations'>
            <val val="{ &quot;SnmpInt := SnmpInt&quot;, &quot;v := SnmpUnsignedInt#SnmpUnsignedInt(java.lang.Integer)#0&quot; }"/>
        </annotation>
    </item>
    <item name='com.sun.jmx.snmp.SnmpInt SnmpInt(java.lang.Long)'>
        <annotation name='com.intellij.inspections.tainted.annotation.equation.Equations'>
            <val val="{ &quot;v := SnmpUnsignedInt#SnmpUnsignedInt(java.lang.Long)#0&quot;, &quot;SnmpInt := SnmpInt&quot; }"/>
        </annotation>
    </item>
    <item name='com.sun.jmx.snmp.SnmpInt SnmpInt(long)'>
        <annotation name='com.intellij.inspections.tainted.annotation.equation.Equations'>
            <val val="{ &quot;v := SnmpVarBind#setSnmpIntValue(long)#0 &amp; SnmpUnsignedInt#SnmpUnsignedInt(long)#0&quot;, &quot;SnmpInt := SnmpInt&quot; }"/>
        </annotation>
    </item>
    <item name='com.sun.jmx.snmp.SnmpInt boolean isInitValueValid(int)'>
        <annotation name='com.intellij.inspections.tainted.annotation.equation.Equations'>
            <val val="{ &quot;v := SnmpUnsignedInt#isInitValueValid(int)#0&quot; }"/>
        </annotation>
    </item>
    <item name='com.sun.jmx.snmp.SnmpInt boolean isInitValueValid(long)'>
        <annotation name='com.intellij.inspections.tainted.annotation.equation.Equations'>
            <val val="{ &quot;v := #SnmpInt(long)#0 &amp; SnmpUnsignedInt#isInitValueValid(long)#0&quot; }"/>
        </annotation>
    </item>
    <item name='com.sun.jmx.snmp.SnmpInt int intValue()'>
        <annotation name='com.intellij.inspections.tainted.annotation.equation.Equations'>
            <val val="{ &quot;intValue := SnmpInt&quot; }"/>
        </annotation>
    </item>
    <item name='com.sun.jmx.snmp.SnmpInt int nextOid(long[], int)'>
        <annotation name='com.intellij.inspections.tainted.annotation.equation.Equations'>
            <val val="{ &quot;nextOid := start&quot; }"/>
        </annotation>
    </item>
    <item name='com.sun.jmx.snmp.SnmpInt java.lang.String getTypeName()'>
        <annotation name='com.intellij.inspections.tainted.annotation.equation.Equations'>
            <val val="{ &quot;getTypeName := SnmpUnsignedInt#getTypeName()&quot; }"/>
        </annotation>
    </item>
    <item name='com.sun.jmx.snmp.SnmpInt java.lang.String toString()'>
        <annotation name='com.intellij.inspections.tainted.annotation.equation.Equations'>
            <val val="{ &quot;toString := SnmpTimeticks#toString()&quot; }"/>
        </annotation>
    </item>
    <item name='com.sun.jmx.snmp.SnmpInt long longValue()'>
        <annotation name='com.intellij.inspections.tainted.annotation.equation.Equations'>
            <val val="{ &quot;longValue := SnmpInt&quot; }"/>
        </annotation>
    </item>
    <item name='com.sun.jmx.snmp.SnmpIpAddress SnmpIpAddress(byte[])'>
        <annotation name='com.intellij.inspections.tainted.annotation.equation.Equations'>
            <val val="{ &quot;bytes := com.sun.jmx.snmp.daemon.SnmpAdaptorServer#handleMultipleIpVersion(byte[])#0&quot;, &quot;SnmpIpAddress := SnmpIpAddress&quot; }"/>
        </annotation>
    </item>
    <item name='com.sun.jmx.snmp.SnmpIpAddress SnmpIpAddress(java.lang.String)'>
        <annotation name='com.intellij.inspections.tainted.annotation.equation.Equations'>
            <val val="{ &quot;SnmpIpAddress := SnmpIpAddress&quot;, &quot;dotAddress := SnmpVarBind#setSnmpIpAddressValue(java.lang.String)#0&quot; }"/>
        </annotation>
    </item>
    <item name='com.sun.jmx.snmp.SnmpIpAddress SnmpIpAddress(long)'>
        <annotation name='com.intellij.inspections.tainted.annotation.equation.Equations'>
            <val val="{ &quot;SnmpIpAddress := SnmpIpAddress&quot; }"/>
        </annotation>
    </item>
    <item name='com.sun.jmx.snmp.SnmpIpAddress SnmpIpAddress(long, long, long, long)'>
        <annotation name='com.intellij.inspections.tainted.annotation.equation.Equations'>
            <val val="{ &quot;SnmpIpAddress := SnmpIpAddress&quot; }"/>
        </annotation>
    </item>
    <item name='com.sun.jmx.snmp.SnmpIpAddress byte[] byteValue()'>
        <annotation name='com.intellij.inspections.tainted.annotation.equation.Equations'>
            <val val="{ &quot;byteValue := SnmpIpAddress&quot; }"/>
        </annotation>
    </item>
    <item name='com.sun.jmx.snmp.SnmpIpAddress int nextOid(long[], int)'>
        <annotation name='com.intellij.inspections.tainted.annotation.equation.Equations'>
            <val val="{ &quot;nextOid := start&quot; }"/>
        </annotation>
    </item>
    <item name='com.sun.jmx.snmp.SnmpIpAddress java.lang.String getTypeName()'>
        <annotation name='com.intellij.inspections.tainted.annotation.equation.Equations'>
            <val val="{ &quot;getTypeName := #name&quot; }"/>
        </annotation>
    </item>
    <item name='com.sun.jmx.snmp.SnmpIpAddress void buildFromByteArray(byte[])'>
        <annotation name='com.intellij.inspections.tainted.annotation.equation.Equations'>
            <val val="{ &quot;bytes := #SnmpIpAddress(byte[])#0 &amp; #SnmpIpAddress(long)#0&quot; }"/>
        </annotation>
    </item>
    <item name='com.sun.jmx.snmp.SnmpMessage void encodeSnmpPdu(com.sun.jmx.snmp.SnmpPdu, int)'>
        <annotation name='com.intellij.inspections.tainted.annotation.equation.Equations'>
            <val val="{ &quot;maxDataLength := SnmpPduFactoryBER#encodeSnmpPdu(com.sun.jmx.snmp.SnmpPdu, int)#1&quot;, &quot;pdu := SnmpPduFactoryBER#encodeSnmpPdu(com.sun.jmx.snmp.SnmpPdu, int)#0&quot; }"/>
        </annotation>
    </item>
    <item name='com.sun.jmx.snmp.SnmpMsg com.sun.jmx.snmp.SnmpPdu decodeSnmpPdu()'>
        <annotation name='com.intellij.inspections.tainted.annotation.equation.Equations'>
            <val val="{ &quot;decodeSnmpPdu := SnmpV3Message#decodeSnmpPdu() &amp; SnmpMessage#decodeSnmpPdu()&quot; }"/>
        </annotation>
    </item>
    <item name='com.sun.jmx.snmp.SnmpMsg com.sun.jmx.snmp.SnmpValue decodeVarBindValue(com.sun.jmx.snmp.BerDecoder)'>
        <annotation name='com.intellij.inspections.tainted.annotation.equation.Equations'>
            <val val="{ &quot;decodeVarBindValue := SnmpVarBind#noSuchObject &amp; SnmpVarBind#noSuchInstance &amp; SnmpVarBind#endOfMibView&quot;, &quot;bdec := #decodeVarBindList(com.sun.jmx.snmp.BerDecoder)#0&quot; }"/>
        </annotation>
    </item>
    <item name='com.sun.jmx.snmp.SnmpMsg int encodeMessage(byte[])'>
        <annotation name='com.intellij.inspections.tainted.annotation.equation.Equations'>
            <val val="{ &quot;outputBytes := SnmpMessage#encodeMessage(byte[])#0 &amp; SnmpV3Message#encodeMessage(byte[])#0&quot;, &quot;encodeMessage := SnmpMessage#encodeMessage(byte[]) &amp; SnmpV3Message#encodeMessage(byte[])&quot; }"/>
        </annotation>
    </item>
    <item name='com.sun.jmx.snmp.SnmpMsg int getRequestId(byte[])'>
        <annotation name='com.intellij.inspections.tainted.annotation.equation.Equations'>
            <val val="{ &quot;getRequestId := SnmpV3Message#getRequestId(byte[]) &amp; SnmpMessage#getRequestId(byte[])&quot;, &quot;data := SnmpV3Message#getRequestId(byte[])#0 &amp; SnmpMessage#getRequestId(byte[])#0&quot; }"/>
        </annotation>
    </item>
    <item name='com.sun.jmx.snmp.SnmpMsg java.lang.String dumpHexBuffer(byte[], int, int)'>
        <annotation name='com.intellij.inspections.tainted.annotation.equation.Equations'>
            <val val="{ &quot;len := com.sun.jmx.snmp.daemon.SnmpInformRequest#sendPduPacket(byte[], int)#1 &amp; SnmpMsg &amp; SnmpMessage &amp; SnmpV3Message&quot;, &quot;b := com.sun.jmx.snmp.daemon.SnmpInformRequest#sendPduPacket(byte[], int)#0 &amp; SnmpMsg &amp; SnmpMessage &amp; SnmpV3Message&quot; }"/>
        </annotation>
    </item>
    <item name='com.sun.jmx.snmp.SnmpMsg java.lang.String printMessage()'>
        <annotation name='com.intellij.inspections.tainted.annotation.equation.Equations'>
            <val val="{ &quot;printMessage := SnmpV3Message#printMessage() &amp; SnmpMessage#printMessage()&quot; }"/>
        </annotation>
    </item>
    <item name='com.sun.jmx.snmp.SnmpMsg void decodeMessage(byte[], int)'>
        <annotation name='com.intellij.inspections.tainted.annotation.equation.Equations'>
            <val val="{ &quot;inputBytes := SnmpMessage#decodeMessage(byte[], int)#0 &amp; SnmpV3Message#decodeMessage(byte[], int)#0&quot;, &quot;byteCount := SnmpMessage#decodeMessage(byte[], int)#1 &amp; SnmpV3Message#decodeMessage(byte[], int)#1&quot; }"/>
        </annotation>
    </item>
    <item name='com.sun.jmx.snmp.SnmpMsg void encodeSnmpPdu(com.sun.jmx.snmp.SnmpPdu, int)'>
        <annotation name='com.intellij.inspections.tainted.annotation.equation.Equations'>
            <val val="{ &quot;pdu := SnmpMessage#encodeSnmpPdu(com.sun.jmx.snmp.SnmpPdu, int)#0 &amp; SnmpV3Message#encodeSnmpPdu(com.sun.jmx.snmp.SnmpPdu, int)#0&quot;, &quot;maxDataLength := SnmpMessage#encodeSnmpPdu(com.sun.jmx.snmp.SnmpPdu, int)#1 &amp; SnmpV3Message#encodeSnmpPdu(com.sun.jmx.snmp.SnmpPdu, int)#1&quot; }"/>
        </annotation>
    </item>
    <item name='com.sun.jmx.snmp.SnmpMsg void encodeVarBindValue(com.sun.jmx.snmp.BerEncoder, com.sun.jmx.snmp.SnmpValue)'>
        <annotation name='com.intellij.inspections.tainted.annotation.equation.Equations'>
            <val val="{ &quot;benc := #encodeVarBindList(com.sun.jmx.snmp.BerEncoder, com.sun.jmx.snmp.SnmpVarBind[])#0&quot; }"/>
        </annotation>
    </item>
    <item name='com.sun.jmx.snmp.SnmpNull SnmpNull()'>
        <annotation name='com.intellij.inspections.tainted.annotation.equation.Equations'>
            <val val="{ &quot;SnmpNull := SnmpNull&quot; }"/>
        </annotation>
    </item>
    <item name='com.sun.jmx.snmp.SnmpNull SnmpNull(int)'>
        <annotation name='com.intellij.inspections.tainted.annotation.equation.Equations'>
            <val val="{ &quot;t := SnmpDataTypeEnums#errNoSuchObjectTag &amp; SnmpDataTypeEnums#errNoSuchInstanceTag &amp; SnmpDataTypeEnums#errEndOfMibViewTag&quot;, &quot;SnmpNull := SnmpNull&quot; }"/>
        </annotation>
    </item>
    <item name='com.sun.jmx.snmp.SnmpNull SnmpNull(java.lang.String)'>
        <annotation name='com.intellij.inspections.tainted.annotation.equation.Equations'>
            <val val="{ &quot;SnmpNull := SnmpNull&quot; }"/>
        </annotation>
    </item>
    <item name='com.sun.jmx.snmp.SnmpNull int getTag()'>
        <annotation name='com.intellij.inspections.tainted.annotation.equation.Equations'>
            <val val="{ &quot;getTag := SnmpNull&quot; }"/>
        </annotation>
    </item>
    <item name='com.sun.jmx.snmp.SnmpNull java.lang.String getTypeName()'>
        <annotation name='com.intellij.inspections.tainted.annotation.equation.Equations'>
            <val val="{ &quot;getTypeName := #name&quot; }"/>
        </annotation>
    </item>
    <item name='com.sun.jmx.snmp.SnmpNull java.lang.String toString()'>
        <annotation name='com.intellij.inspections.tainted.annotation.equation.Equations'>
            <val val="{ &quot;toString := SnmpNull&quot; }"/>
        </annotation>
    </item>
    <item name='com.sun.jmx.snmp.SnmpOid'>
        <annotation name='com.intellij.inspections.tainted.annotation.equation.Equations'>
            <val val="{ &quot;SnmpOid := #setSnmpOidTable(com.sun.jmx.snmp.SnmpOidTable)#0 &amp; SnmpOid&quot; }"/>
        </annotation>
    </item>
    <item name='com.sun.jmx.snmp.SnmpOid SnmpOid()'>
        <annotation name='com.intellij.inspections.tainted.annotation.equation.Equations'>
            <val val="{ &quot;SnmpOid := SnmpOid&quot; }"/>
        </annotation>
    </item>
    <item name='com.sun.jmx.snmp.SnmpOid SnmpOid(java.lang.String)'>
        <annotation name='com.intellij.inspections.tainted.annotation.equation.Equations'>
            <val val="{ &quot;s := com.sun.jmx.snmp.daemon.SnmpAdaptorServer#setEnterpriseOid(java.lang.String)#0 &amp; SnmpVarBind#setSnmpOidValue(java.lang.String)#0 &amp; com.sun.jmx.snmp.agent.SnmpMibOid#registerNode(java.lang.String, com.sun.jmx.snmp.agent.SnmpMibNode)#0 &amp; #addToOid(java.lang.String)#0 &amp; SnmpVarBind#SnmpVarBind(java.lang.String)#0 &amp; SnmpIpAddress#SnmpIpAddress(java.lang.String)#0&quot;, &quot;SnmpOid := SnmpOid&quot; }"/>
        </annotation>
    </item>
    <item name='com.sun.jmx.snmp.SnmpOid SnmpOid(long)'>
        <annotation name='com.intellij.inspections.tainted.annotation.equation.Equations'>
            <val val="{ &quot;SnmpOid := SnmpOid&quot;, &quot;id := SnmpInt &amp; SnmpInt#toOid(long[], int)#0 &amp; SnmpCounter64 &amp; SnmpCounter64#toOid(long[], int)#0&quot; }"/>
        </annotation>
    </item>
    <item name='com.sun.jmx.snmp.SnmpOid SnmpOid(long, long, long, long)'>
        <annotation name='com.intellij.inspections.tainted.annotation.equation.Equations'>
            <val val="{ &quot;id2 := SnmpIpAddress#SnmpIpAddress(long, long, long, long)#1 &amp; SnmpIpAddress#toOid(long[], int)#0&quot;, &quot;id4 := SnmpIpAddress#SnmpIpAddress(long, long, long, long)#3 &amp; SnmpIpAddress#toOid(long[], int)#0&quot;, &quot;id3 := SnmpIpAddress#SnmpIpAddress(long, long, long, long)#2 &amp; SnmpIpAddress#toOid(long[], int)#0&quot;, &quot;SnmpOid := SnmpOid&quot;, &quot;id1 := SnmpIpAddress#SnmpIpAddress(long, long, long, long)#0 &amp; SnmpIpAddress#toOid(long[], int)#0&quot; }"/>
        </annotation>
    </item>
    <item name='com.sun.jmx.snmp.SnmpOid SnmpOid(long[])'>
        <annotation name='com.intellij.inspections.tainted.annotation.equation.Equations'>
            <val val="{ &quot;oidComponents := SnmpOid &amp; #toOid(long[], int)#0 &amp; #addToOid(long[])#0 &amp; SnmpString &amp; SnmpString#toOid(long[], int)#0 &amp; SnmpEngineId &amp; SnmpStringFixed#toOid(int, long[], int)#1&quot;, &quot;SnmpOid := SnmpOid&quot; }"/>
        </annotation>
    </item>
    <item name='com.sun.jmx.snmp.SnmpOid boolean equals(java.lang.Object)'>
        <annotation name='com.intellij.inspections.tainted.annotation.equation.Equations'>
            <val val="{ &quot;o := com.sun.jmx.snmp.agent.SnmpRequestTree#findOid(com.sun.jmx.snmp.SnmpOid[], int, com.sun.jmx.snmp.SnmpOid)#0 &amp; com.sun.jmx.snmp.agent.SnmpMibTable#getNextOid(com.sun.jmx.snmp.SnmpOid, java.lang.Object)#0 &amp; com.sun.jmx.snmp.agent.SnmpMibTable&quot; }"/>
        </annotation>
    </item>
    <item name='com.sun.jmx.snmp.SnmpOid byte[] tobyte()'>
        <annotation name='com.intellij.inspections.tainted.annotation.equation.Equations'>
            <val val="{ &quot;tobyte := SnmpOid&quot; }"/>
        </annotation>
    </item>
    <item name='com.sun.jmx.snmp.SnmpOid com.sun.jmx.snmp.SnmpOidTable getSnmpOidTable()'>
        <annotation name='com.intellij.inspections.tainted.annotation.equation.Equations'>
            <val val="{ &quot;getSnmpOidTable := SnmpOid&quot; }"/>
        </annotation>
    </item>
    <item name='com.sun.jmx.snmp.SnmpOid int compareTo(com.sun.jmx.snmp.SnmpOid)'>
        <annotation name='com.intellij.inspections.tainted.annotation.equation.Equations'>
            <val val="{ &quot;other := com.sun.jmx.snmp.agent.SnmpRequestTree.Handler &amp; com.sun.jmx.snmp.agent.SnmpRequestTree#findOid(com.sun.jmx.snmp.SnmpOid[], int, com.sun.jmx.snmp.SnmpOid)#0 &amp; com.sun.jmx.snmp.agent.SnmpRequestTree#getInsertionPoint(com.sun.jmx.snmp.SnmpOid[], int, com.sun.jmx.snmp.SnmpOid)#0 &amp; com.sun.jmx.snmp.agent.SnmpMibTable&quot; }"/>
        </annotation>
    </item>
    <item name='com.sun.jmx.snmp.SnmpOid int getLength()'>
        <annotation name='com.intellij.inspections.tainted.annotation.equation.Equations'>
            <val val="{ &quot;getLength := SnmpOid&quot; }"/>
        </annotation>
    </item>
    <item name='com.sun.jmx.snmp.SnmpOid int hashCode()'>
        <annotation name='com.intellij.inspections.tainted.annotation.equation.Equations'>
            <val val="{ &quot;hashCode := SnmpOid&quot; }"/>
        </annotation>
    </item>
    <item name='com.sun.jmx.snmp.SnmpOid int nextOid(long[], int)'>
        <annotation name='com.intellij.inspections.tainted.annotation.equation.Equations'>
            <val val="{ &quot;nextOid := start &amp; index&quot; }"/>
        </annotation>
    </item>
    <item name='com.sun.jmx.snmp.SnmpOid java.lang.String getTypeName()'>
        <annotation name='com.intellij.inspections.tainted.annotation.equation.Equations'>
            <val val="{ &quot;getTypeName := SnmpIpAddress#getTypeName()&quot; }"/>
        </annotation>
    </item>
    <item name='com.sun.jmx.snmp.SnmpOid java.lang.String handleLong(java.lang.String, int)'>
        <annotation name='com.intellij.inspections.tainted.annotation.equation.Equations'>
            <val val="{ &quot;oid := #resolveVarName(java.lang.String)#0&quot;, &quot;handleLong := oid&quot; }"/>
        </annotation>
    </item>
    <item name='com.sun.jmx.snmp.SnmpOid java.lang.String resolveVarName(java.lang.String)'>
        <annotation name='com.intellij.inspections.tainted.annotation.equation.Equations'>
            <val val="{ &quot;s := #SnmpOid(java.lang.String)#0&quot; }"/>
        </annotation>
    </item>
    <item name='com.sun.jmx.snmp.SnmpOid java.lang.String toString()'>
        <annotation name='com.intellij.inspections.tainted.annotation.equation.Equations'>
            <val val="{ &quot;toString := SnmpOid&quot; }"/>
        </annotation>
    </item>
    <item name='com.sun.jmx.snmp.SnmpOid long getOidArc(int)'>
        <annotation name='com.intellij.inspections.tainted.annotation.equation.Equations'>
            <val val="{ &quot;pos := com.sun.jmx.snmp.agent.SnmpStandardObjectServer#get(com.sun.jmx.snmp.agent.SnmpStandardMetaServer, com.sun.jmx.snmp.agent.SnmpMibSubRequest, int)#2 &amp; com.sun.jmx.snmp.agent.SnmpStandardObjectServer#set(com.sun.jmx.snmp.agent.SnmpStandardMetaServer, com.sun.jmx.snmp.agent.SnmpMibSubRequest, int)#2 &amp; com.sun.jmx.snmp.agent.SnmpStandardObjectServer#check(com.sun.jmx.snmp.agent.SnmpStandardMetaServer, com.sun.jmx.snmp.agent.SnmpMibSubRequest, int)#2 &amp; com.sun.jmx.snmp.agent.SnmpGenericObjectServer#get(com.sun.jmx.snmp.agent.SnmpGenericMetaServer, javax.management.ObjectName, com.sun.jmx.snmp.agent.SnmpMibSubRequest, int)#3 &amp; com.sun.jmx.snmp.agent.SnmpGenericObjectServer#set(com.sun.jmx.snmp.agent.SnmpGenericMetaServer, javax.management.ObjectName, com.sun.jmx.snmp.agent.SnmpMibSubRequest, int)#3 &amp; com.sun.jmx.snmp.agent.SnmpGenericObjectServer#check(com.sun.jmx.snmp.agent.SnmpGenericMetaServer, javax.management.ObjectName, com.sun.jmx.snmp.agent.SnmpMibSubRequest, int)#3&quot;, &quot;getOidArc := SnmpOid&quot; }"/>
        </annotation>
    </item>
    <item name='com.sun.jmx.snmp.SnmpOid void addToOid(java.lang.String)'>
        <annotation name='com.intellij.inspections.tainted.annotation.equation.Equations'>
            <val val="{ &quot;s := SnmpVarBind#addInstance(java.lang.String)#0&quot; }"/>
        </annotation>
    </item>
    <item name='com.sun.jmx.snmp.SnmpOid void addToOid(long[])'>
        <annotation name='com.intellij.inspections.tainted.annotation.equation.Equations'>
            <val val="{ &quot;oid := SnmpVarBind#addInstance(long[])#0&quot; }"/>
        </annotation>
    </item>
    <item name='com.sun.jmx.snmp.SnmpOid void append(com.sun.jmx.snmp.SnmpOid)'>
        <annotation name='com.intellij.inspections.tainted.annotation.equation.Equations'>
            <val val="{ &quot;oid := SnmpVarBind#appendInOid(com.sun.jmx.snmp.SnmpOid)#0 &amp; #appendToOid(com.sun.jmx.snmp.SnmpOid, com.sun.jmx.snmp.SnmpOid)#0 &amp; SnmpInt#appendToOid(com.sun.jmx.snmp.SnmpOid, com.sun.jmx.snmp.SnmpOid)#0 &amp; SnmpString#appendToOid(com.sun.jmx.snmp.SnmpOid, com.sun.jmx.snmp.SnmpOid)#0 &amp; SnmpIpAddress#appendToOid(com.sun.jmx.snmp.SnmpOid, com.sun.jmx.snmp.SnmpOid)#0 &amp; SnmpCounter64#appendToOid(com.sun.jmx.snmp.SnmpOid, com.sun.jmx.snmp.SnmpOid)#0 &amp; SnmpStringFixed#appendToOid(int, com.sun.jmx.snmp.SnmpOid, com.sun.jmx.snmp.SnmpOid)#1&quot; }"/>
        </annotation>
    </item>
    <item name='com.sun.jmx.snmp.SnmpOid void append(long)'>
        <annotation name='com.intellij.inspections.tainted.annotation.equation.Equations'>
            <val val="{ &quot;id := SnmpVarBind#addInstance(long)#0&quot; }"/>
        </annotation>
    </item>
    <item name='com.sun.jmx.snmp.SnmpOid void insert(int)'>
        <annotation name='com.intellij.inspections.tainted.annotation.equation.Equations'>
            <val val="{ &quot;id := SnmpVarBind#insertInOid(int)#0&quot; }"/>
        </annotation>
    </item>
    <item name='com.sun.jmx.snmp.SnmpOid void insert(long)'>
        <annotation name='com.intellij.inspections.tainted.annotation.equation.Equations'>
            <val val="{ &quot;id := #insert(int)#0&quot; }"/>
        </annotation>
    </item>
    <item name='com.sun.jmx.snmp.SnmpOidDatabase com.sun.jmx.snmp.SnmpOidRecord resolveVarName(java.lang.String)'>
        <annotation name='com.intellij.inspections.tainted.annotation.equation.Equations'>
            <val val="{ &quot;name := SnmpOidDatabaseSupport#resolveVarName(java.lang.String)#0&quot;, &quot;resolveVarName := SnmpOidDatabaseSupport#resolveVarName(java.lang.String)&quot; }"/>
        </annotation>
    </item>
    <item name='com.sun.jmx.snmp.SnmpOidDatabase com.sun.jmx.snmp.SnmpOidRecord resolveVarOid(java.lang.String)'>
        <annotation name='com.intellij.inspections.tainted.annotation.equation.Equations'>
            <val val="{ &quot;resolveVarOid := SnmpOidDatabaseSupport#resolveVarOid(java.lang.String)&quot;, &quot;oid := SnmpOidDatabaseSupport#resolveVarOid(java.lang.String)#0&quot; }"/>
        </annotation>
    </item>
    <item name='com.sun.jmx.snmp.SnmpOidDatabase java.util.Vector&lt;?&gt; getAllEntries()'>
        <annotation name='com.intellij.inspections.tainted.annotation.equation.Equations'>
            <val val="{ &quot;getAllEntries := SnmpOidDatabaseSupport#getAllEntries()&quot; }"/>
        </annotation>
    </item>
    <item name='com.sun.jmx.snmp.SnmpOidDatabase void add(com.sun.jmx.snmp.SnmpOidTable)'>
        <annotation name='com.intellij.inspections.tainted.annotation.equation.Equations'>
            <val val="{ &quot;table := SnmpOidDatabaseSupport#add(com.sun.jmx.snmp.SnmpOidTable)#0&quot; }"/>
        </annotation>
    </item>
    <item name='com.sun.jmx.snmp.SnmpOidDatabase void remove(com.sun.jmx.snmp.SnmpOidTable)'>
        <annotation name='com.intellij.inspections.tainted.annotation.equation.Equations'>
            <val val="{ &quot;table := SnmpOidDatabaseSupport#remove(com.sun.jmx.snmp.SnmpOidTable)#0&quot; }"/>
        </annotation>
    </item>
    <item name='com.sun.jmx.snmp.SnmpOidDatabaseSupport SnmpOidDatabaseSupport()'>
        <annotation name='com.intellij.inspections.tainted.annotation.equation.Equations'>
            <val val="{ &quot;SnmpOidDatabaseSupport := SnmpOidDatabaseSupport&quot; }"/>
        </annotation>
    </item>
    <item name='com.sun.jmx.snmp.SnmpOidDatabaseSupport SnmpOidDatabaseSupport(com.sun.jmx.snmp.SnmpOidTable)'>
        <annotation name='com.intellij.inspections.tainted.annotation.equation.Equations'>
            <val val="{ &quot;SnmpOidDatabaseSupport := SnmpOidDatabaseSupport&quot; }"/>
        </annotation>
    </item>
    <item name='com.sun.jmx.snmp.SnmpOidRecord SnmpOidRecord(java.lang.String, java.lang.String, java.lang.String)'>
        <annotation name='com.intellij.inspections.tainted.annotation.equation.Equations'>
            <val val="{ &quot;SnmpOidRecord := SnmpOidRecord&quot; }"/>
        </annotation>
    </item>
    <item name='com.sun.jmx.snmp.SnmpOidRecord java.lang.String getName()'>
        <annotation name='com.intellij.inspections.tainted.annotation.equation.Equations'>
            <val val="{ &quot;getName := SnmpOidRecord&quot; }"/>
        </annotation>
    </item>
    <item name='com.sun.jmx.snmp.SnmpOidRecord java.lang.String getOid()'>
        <annotation name='com.intellij.inspections.tainted.annotation.equation.Equations'>
            <val val="{ &quot;getOid := SnmpOidRecord&quot; }"/>
        </annotation>
    </item>
    <item name='com.sun.jmx.snmp.SnmpOidRecord java.lang.String getType()'>
        <annotation name='com.intellij.inspections.tainted.annotation.equation.Equations'>
            <val val="{ &quot;getType := SnmpOidRecord&quot; }"/>
        </annotation>
    </item>
    <item name='com.sun.jmx.snmp.SnmpOidTable com.sun.jmx.snmp.SnmpOidRecord resolveVarName(java.lang.String)'>
        <annotation name='com.intellij.inspections.tainted.annotation.equation.Equations'>
            <val val="{ &quot;name := SnmpOid#resolveVarName(java.lang.String)#0 &amp; SnmpVarBind#resolveVarName(java.lang.String)#0 &amp; SnmpOidDatabase#resolveVarName(java.lang.String)#0 &amp; SnmpOidTableSupport#resolveVarName(java.lang.String)#0 &amp; SnmpOidDatabaseSupport#resolveVarName(java.lang.String)#0&quot;, &quot;resolveVarName := SnmpOidDatabase#resolveVarName(java.lang.String) &amp; SnmpOidTableSupport#resolveVarName(java.lang.String)&quot; }"/>
        </annotation>
    </item>
    <item name='com.sun.jmx.snmp.SnmpOidTable com.sun.jmx.snmp.SnmpOidRecord resolveVarOid(java.lang.String)'>
        <annotation name='com.intellij.inspections.tainted.annotation.equation.Equations'>
            <val val="{ &quot;resolveVarOid := SnmpOidTableSupport#resolveVarOid(java.lang.String) &amp; SnmpOidDatabase#resolveVarOid(java.lang.String)&quot;, &quot;oid := SnmpOidTableSupport#resolveVarOid(java.lang.String)#0 &amp; SnmpOidDatabase#resolveVarOid(java.lang.String)#0&quot; }"/>
        </annotation>
    </item>
    <item name='com.sun.jmx.snmp.SnmpOidTable java.util.Vector&lt;?&gt; getAllEntries()'>
        <annotation name='com.intellij.inspections.tainted.annotation.equation.Equations'>
            <val val="{ &quot;getAllEntries := SnmpOidTableSupport#getAllEntries() &amp; SnmpOidDatabase#getAllEntries()&quot; }"/>
        </annotation>
    </item>
    <item name='com.sun.jmx.snmp.SnmpOidTableSupport'>
        <annotation name='com.intellij.inspections.tainted.annotation.equation.Equations'>
            <val val="{ &quot;SnmpOidTableSupport := &quot; }"/>
        </annotation>
    </item>
    <item name='com.sun.jmx.snmp.SnmpOidTableSupport SnmpOidTableSupport(java.lang.String)'>
        <annotation name='com.intellij.inspections.tainted.annotation.equation.Equations'>
            <val val="{ &quot;SnmpOidTableSupport := SnmpOidTableSupport&quot; }"/>
        </annotation>
    </item>
    <item name='com.sun.jmx.snmp.SnmpOidTableSupport java.lang.String getName()'>
        <annotation name='com.intellij.inspections.tainted.annotation.equation.Equations'>
            <val val="{ &quot;getName := SnmpOidTableSupport&quot; }"/>
        </annotation>
    </item>
    <item name='com.sun.jmx.snmp.SnmpOpaque SnmpOpaque(byte[])'>
        <annotation name='com.intellij.inspections.tainted.annotation.equation.Equations'>
            <val val="{ &quot;v := SnmpVarBind#setSnmpOpaqueValue(byte[])#0&quot;, &quot;SnmpOpaque := SnmpOpaque&quot; }"/>
        </annotation>
    </item>
    <item name='com.sun.jmx.snmp.SnmpOpaque SnmpOpaque(java.lang.Byte[])'>
        <annotation name='com.intellij.inspections.tainted.annotation.equation.Equations'>
            <val val="{ &quot;SnmpOpaque := SnmpOpaque&quot; }"/>
        </annotation>
    </item>
    <item name='com.sun.jmx.snmp.SnmpOpaque SnmpOpaque(java.lang.String)'>
        <annotation name='com.intellij.inspections.tainted.annotation.equation.Equations'>
            <val val="{ &quot;SnmpOpaque := SnmpOpaque&quot; }"/>
        </annotation>
    </item>
    <item name='com.sun.jmx.snmp.SnmpOpaque java.lang.String getTypeName()'>
        <annotation name='com.intellij.inspections.tainted.annotation.equation.Equations'>
            <val val="{ &quot;getTypeName := #name&quot; }"/>
        </annotation>
    </item>
    <item name='com.sun.jmx.snmp.SnmpParameters'>
        <annotation name='com.intellij.inspections.tainted.annotation.equation.Equations'>
            <val val="{ &quot;SnmpParameters := SnmpDefinitions#snmpVersionOne &amp; #defaultRdCommunity &amp; #setRdCommunity(java.lang.String)#0 &amp; #setWrCommunity(java.lang.String)#0 &amp; #setInformCommunity(java.lang.String)#0&quot; }"/>
        </annotation>
    </item>
    <item name='com.sun.jmx.snmp.SnmpParameters SnmpParameters()'>
        <annotation name='com.intellij.inspections.tainted.annotation.equation.Equations'>
            <val val="{ &quot;SnmpParameters := SnmpParameters&quot; }"/>
        </annotation>
    </item>
    <item name='com.sun.jmx.snmp.SnmpParameters SnmpParameters(java.lang.String, java.lang.String)'>
        <annotation name='com.intellij.inspections.tainted.annotation.equation.Equations'>
            <val val="{ &quot;SnmpParameters := SnmpParameters&quot; }"/>
        </annotation>
    </item>
    <item name='com.sun.jmx.snmp.SnmpParameters SnmpParameters(java.lang.String, java.lang.String, java.lang.String)'>
        <annotation name='com.intellij.inspections.tainted.annotation.equation.Equations'>
            <val val="{ &quot;SnmpParameters := SnmpParameters&quot; }"/>
        </annotation>
    </item>
    <item name='com.sun.jmx.snmp.SnmpParameters int hashCode()'>
        <annotation name='com.intellij.inspections.tainted.annotation.equation.Equations'>
            <val val="{ &quot;hashCode := SnmpParameters&quot; }"/>
        </annotation>
    </item>
    <item name='com.sun.jmx.snmp.SnmpParameters java.lang.String getInformCommunity()'>
        <annotation name='com.intellij.inspections.tainted.annotation.equation.Equations'>
            <val val="{ &quot;getInformCommunity := SnmpParameters&quot; }"/>
        </annotation>
    </item>
    <item name='com.sun.jmx.snmp.SnmpParameters java.lang.String getRdCommunity()'>
        <annotation name='com.intellij.inspections.tainted.annotation.equation.Equations'>
            <val val="{ &quot;getRdCommunity := SnmpParameters&quot; }"/>
        </annotation>
    </item>
    <item name='com.sun.jmx.snmp.SnmpParameters java.lang.String getWrCommunity()'>
        <annotation name='com.intellij.inspections.tainted.annotation.equation.Equations'>
            <val val="{ &quot;getWrCommunity := SnmpParameters&quot; }"/>
        </annotation>
    </item>
    <item name='com.sun.jmx.snmp.SnmpPduBulk com.sun.jmx.snmp.SnmpPdu getResponsePdu()'>
        <annotation name='com.intellij.inspections.tainted.annotation.equation.Equations'>
            <val val="{ &quot;getResponsePdu := &quot; }"/>
        </annotation>
    </item>
    <item name='com.sun.jmx.snmp.SnmpPduFactory com.sun.jmx.snmp.SnmpMsg encodeSnmpPdu(com.sun.jmx.snmp.SnmpPdu, int)'>
        <annotation name='com.intellij.inspections.tainted.annotation.equation.Equations'>
            <val val="{ &quot;encodeSnmpPdu := SnmpPduFactoryBER#encodeSnmpPdu(com.sun.jmx.snmp.SnmpPdu, int)&quot;, &quot;maxDataLength := com.sun.jmx.snmp.daemon.SnmpRequestHandler &amp; com.sun.jmx.snmp.daemon.SnmpAdaptorServer &amp; SnmpPduFactoryBER#encodeSnmpPdu(com.sun.jmx.snmp.SnmpPdu, int)#1&quot;, &quot;p := com.sun.jmx.snmp.daemon.SnmpInformRequest &amp; com.sun.jmx.snmp.daemon.SnmpAdaptorServer#sendTrapPdu(com.sun.jmx.snmp.SnmpPduPacket)#0 &amp; com.sun.jmx.snmp.daemon.SnmpAdaptorServer#sendTrapPdu(java.net.InetAddress, com.sun.jmx.snmp.SnmpPduPacket)#1 &amp; SnmpPduFactoryBER#encodeSnmpPdu(com.sun.jmx.snmp.SnmpPdu, int)#0&quot; }"/>
        </annotation>
    </item>
    <item name='com.sun.jmx.snmp.SnmpPduFactory com.sun.jmx.snmp.SnmpPdu decodeSnmpPdu(com.sun.jmx.snmp.SnmpMsg)'>
        <annotation name='com.intellij.inspections.tainted.annotation.equation.Equations'>
            <val val="{ &quot;decodeSnmpPdu := SnmpPduFactoryBER#decodeSnmpPdu(com.sun.jmx.snmp.SnmpMsg)&quot;, &quot;msg := com.sun.jmx.snmp.daemon.SnmpRequestHandler#makeResponseMessage(com.sun.jmx.snmp.SnmpMessage)#0 &amp; com.sun.jmx.snmp.daemon.SnmpRequestHandler#newTooBigMessage(com.sun.jmx.snmp.SnmpMessage)#0 &amp; SnmpPduFactoryBER#decodeSnmpPdu(com.sun.jmx.snmp.SnmpMsg)#0&quot; }"/>
        </annotation>
    </item>
    <item name='com.sun.jmx.snmp.SnmpPduRequest'>
        <annotation name='com.intellij.inspections.tainted.annotation.equation.Equations'>
            <val val="{ &quot;SnmpPduRequest := #setErrorStatus(int)#0 &amp; #setErrorIndex(int)#0&quot; }"/>
        </annotation>
    </item>
    <item name='com.sun.jmx.snmp.SnmpPduRequest int getErrorIndex()'>
        <annotation name='com.intellij.inspections.tainted.annotation.equation.Equations'>
            <val val="{ &quot;getErrorIndex := SnmpPduRequest&quot; }"/>
        </annotation>
    </item>
    <item name='com.sun.jmx.snmp.SnmpPduRequest int getErrorStatus()'>
        <annotation name='com.intellij.inspections.tainted.annotation.equation.Equations'>
            <val val="{ &quot;getErrorStatus := SnmpPduRequest&quot; }"/>
        </annotation>
    </item>
    <item name='com.sun.jmx.snmp.SnmpPduRequestType int getErrorIndex()'>
        <annotation name='com.intellij.inspections.tainted.annotation.equation.Equations'>
            <val val="{ &quot;getErrorIndex := SnmpPduRequest#getErrorIndex() &amp; SnmpScopedPduRequest#getErrorIndex()&quot; }"/>
        </annotation>
    </item>
    <item name='com.sun.jmx.snmp.SnmpPduRequestType int getErrorStatus()'>
        <annotation name='com.intellij.inspections.tainted.annotation.equation.Equations'>
            <val val="{ &quot;getErrorStatus := SnmpPduRequest#getErrorStatus() &amp; SnmpScopedPduRequest#getErrorStatus()&quot; }"/>
        </annotation>
    </item>
    <item name='com.sun.jmx.snmp.SnmpPduRequestType void setErrorIndex(int)'>
        <annotation name='com.intellij.inspections.tainted.annotation.equation.Equations'>
            <val val="{ &quot;i := SnmpPduRequest#setErrorIndex(int)#0 &amp; SnmpPduRequest#setErrorIndex(int)#0 &amp; SnmpScopedPduRequest#setErrorIndex(int)#0 &amp; SnmpScopedPduRequest#setErrorIndex(int)#0&quot; }"/>
        </annotation>
    </item>
    <item name='com.sun.jmx.snmp.SnmpPduRequestType void setErrorStatus(int)'>
        <annotation name='com.intellij.inspections.tainted.annotation.equation.Equations'>
            <val val="{ &quot;i := SnmpPduRequest#setErrorStatus(int)#0 &amp; SnmpScopedPduRequest#setErrorStatus(int)#0 &amp; SnmpPduRequest#setErrorStatus(int)#0 &amp; SnmpScopedPduRequest#setErrorStatus(int)#0&quot; }"/>
        </annotation>
    </item>
    <item name='com.sun.jmx.snmp.SnmpPduTrap SnmpPduTrap()'>
        <annotation name='com.intellij.inspections.tainted.annotation.equation.Equations'>
            <val val="{ &quot;SnmpPduTrap := SnmpPduTrap&quot; }"/>
        </annotation>
    </item>
    <item name='com.sun.jmx.snmp.SnmpPeer'>
        <annotation name='com.intellij.inspections.tainted.annotation.equation.Equations'>
            <val val="{ &quot;SnmpPeer := #defaultSnmpRequestPktSize &amp; #useAddressList(java.net.InetAddress[])#0 &amp; SnmpPeer &amp; #setDestPort(int)#0 &amp; #setTimeout(int)#0 &amp; #setMaxTries(int)#0 &amp; #setVarBindLimit(int)#0 &amp; #setParams(com.sun.jmx.snmp.SnmpParams)#0 &amp; #setMaxSnmpPktSize(int)#0 &amp; #updateRttStats(long)#0&quot; }"/>
        </annotation>
    </item>
    <item name='com.sun.jmx.snmp.SnmpPeer SnmpPeer(java.lang.String)'>
        <annotation name='com.intellij.inspections.tainted.annotation.equation.Equations'>
            <val val="{ &quot;SnmpPeer := SnmpPeer&quot; }"/>
        </annotation>
    </item>
    <item name='com.sun.jmx.snmp.SnmpPeer SnmpPeer(java.lang.String, int)'>
        <annotation name='com.intellij.inspections.tainted.annotation.equation.Equations'>
            <val val="{ &quot;SnmpPeer := SnmpPeer&quot;, &quot;host := #SnmpPeer(java.lang.String)#0&quot; }"/>
        </annotation>
    </item>
    <item name='com.sun.jmx.snmp.SnmpPeer SnmpPeer(java.net.InetAddress)'>
        <annotation name='com.intellij.inspections.tainted.annotation.equation.Equations'>
            <val val="{ &quot;SnmpPeer := SnmpPeer&quot; }"/>
        </annotation>
    </item>
    <item name='com.sun.jmx.snmp.SnmpPeer SnmpPeer(java.net.InetAddress, int)'>
        <annotation name='com.intellij.inspections.tainted.annotation.equation.Equations'>
            <val val="{ &quot;SnmpPeer := SnmpPeer&quot; }"/>
        </annotation>
    </item>
    <item name='com.sun.jmx.snmp.SnmpPeer com.sun.jmx.snmp.SnmpParams getParams()'>
        <annotation name='com.intellij.inspections.tainted.annotation.equation.Equations'>
            <val val="{ &quot;getParams := SnmpPeer&quot; }"/>
        </annotation>
    </item>
    <item name='com.sun.jmx.snmp.SnmpPeer int getDestPort()'>
        <annotation name='com.intellij.inspections.tainted.annotation.equation.Equations'>
            <val val="{ &quot;getDestPort := SnmpPeer&quot; }"/>
        </annotation>
    </item>
    <item name='com.sun.jmx.snmp.SnmpPeer int getMaxSnmpPktSize()'>
        <annotation name='com.intellij.inspections.tainted.annotation.equation.Equations'>
            <val val="{ &quot;getMaxSnmpPktSize := SnmpPeer&quot; }"/>
        </annotation>
    </item>
    <item name='com.sun.jmx.snmp.SnmpPeer int getMaxTries()'>
        <annotation name='com.intellij.inspections.tainted.annotation.equation.Equations'>
            <val val="{ &quot;getMaxTries := SnmpPeer&quot; }"/>
        </annotation>
    </item>
    <item name='com.sun.jmx.snmp.SnmpPeer int getTimeout()'>
        <annotation name='com.intellij.inspections.tainted.annotation.equation.Equations'>
            <val val="{ &quot;getTimeout := SnmpPeer&quot; }"/>
        </annotation>
    </item>
    <item name='com.sun.jmx.snmp.SnmpPeer int getVarBindLimit()'>
        <annotation name='com.intellij.inspections.tainted.annotation.equation.Equations'>
            <val val="{ &quot;getVarBindLimit := SnmpPeer&quot; }"/>
        </annotation>
    </item>
    <item name='com.sun.jmx.snmp.SnmpPeer java.net.InetAddress getDestAddr()'>
        <annotation name='com.intellij.inspections.tainted.annotation.equation.Equations'>
            <val val="{ &quot;getDestAddr := SnmpPeer&quot; }"/>
        </annotation>
    </item>
    <item name='com.sun.jmx.snmp.SnmpPeer java.net.InetAddress[] getDestAddrList()'>
        <annotation name='com.intellij.inspections.tainted.annotation.equation.Equations'>
            <val val="{ &quot;getDestAddrList := SnmpPeer&quot; }"/>
        </annotation>
    </item>
    <item name='com.sun.jmx.snmp.SnmpPeer long getAvgRtt()'>
        <annotation name='com.intellij.inspections.tainted.annotation.equation.Equations'>
            <val val="{ &quot;getAvgRtt := SnmpPeer&quot; }"/>
        </annotation>
    </item>
    <item name='com.sun.jmx.snmp.SnmpPeer long getMaxRtt()'>
        <annotation name='com.intellij.inspections.tainted.annotation.equation.Equations'>
            <val val="{ &quot;getMaxRtt := SnmpPeer&quot; }"/>
        </annotation>
    </item>
    <item name='com.sun.jmx.snmp.SnmpPeer long getMinRtt()'>
        <annotation name='com.intellij.inspections.tainted.annotation.equation.Equations'>
            <val val="{ &quot;getMinRtt := SnmpPeer&quot; }"/>
        </annotation>
    </item>
    <item name='com.sun.jmx.snmp.SnmpPeer void useIPAddress(java.lang.String)'>
        <annotation name='com.intellij.inspections.tainted.annotation.equation.Equations'>
            <val val="{ &quot;ipaddr := #SnmpPeer(java.lang.String, int)#0&quot; }"/>
        </annotation>
    </item>
    <item name='com.sun.jmx.snmp.SnmpPermission SnmpPermission(java.lang.String)'>
        <annotation name='com.intellij.inspections.tainted.annotation.equation.Equations'>
            <val val="{ &quot;SnmpPermission := SnmpPermission&quot; }"/>
        </annotation>
    </item>
    <item name='com.sun.jmx.snmp.SnmpPermission SnmpPermission(java.lang.String, java.lang.String)'>
        <annotation name='com.intellij.inspections.tainted.annotation.equation.Equations'>
            <val val="{ &quot;SnmpPermission := SnmpPermission&quot; }"/>
        </annotation>
    </item>
    <item name='com.sun.jmx.snmp.SnmpScopedPduBulk com.sun.jmx.snmp.SnmpPdu getResponsePdu()'>
        <annotation name='com.intellij.inspections.tainted.annotation.equation.Equations'>
            <val val="{ &quot;getResponsePdu := &quot; }"/>
        </annotation>
    </item>
    <item name='com.sun.jmx.snmp.SnmpScopedPduRequest int getErrorIndex()'>
        <annotation name='com.intellij.inspections.tainted.annotation.equation.Equations'>
            <val val="{ &quot;getErrorIndex := SnmpScopedPduRequest&quot; }"/>
        </annotation>
    </item>
    <item name='com.sun.jmx.snmp.SnmpScopedPduRequest int getErrorStatus()'>
        <annotation name='com.intellij.inspections.tainted.annotation.equation.Equations'>
            <val val="{ &quot;getErrorStatus := SnmpScopedPduRequest&quot; }"/>
        </annotation>
    </item>
    <item name='com.sun.jmx.snmp.SnmpSecurityException SnmpSecurityException(java.lang.String)'>
        <annotation name='com.intellij.inspections.tainted.annotation.equation.Equations'>
            <val val="{ &quot;SnmpSecurityException := SnmpSecurityException&quot; }"/>
        </annotation>
    </item>
    <item name='com.sun.jmx.snmp.SnmpStatusException SnmpStatusException(com.sun.jmx.snmp.SnmpStatusException, int)'>
        <annotation name='com.intellij.inspections.tainted.annotation.equation.Equations'>
            <val val="{ &quot;SnmpStatusException := SnmpStatusException&quot; }"/>
        </annotation>
    </item>
    <item name='com.sun.jmx.snmp.SnmpStatusException SnmpStatusException(int)'>
        <annotation name='com.intellij.inspections.tainted.annotation.equation.Equations'>
            <val val="{ &quot;SnmpStatusException := SnmpStatusException&quot;, &quot;status := #noSuchInstance &amp; #noAccess &amp; SnmpDefinitions#snmpRspInconsistentName &amp; #noSuchObject &amp; com.sun.jmx.snmp.agent.SnmpMibTable#checkRowStatusFail(com.sun.jmx.snmp.agent.SnmpMibSubRequest, int)#1 &amp; com.sun.jmx.snmp.agent.SnmpMibTable#setRowStatusFail(com.sun.jmx.snmp.agent.SnmpMibSubRequest, int)#1&quot; }"/>
        </annotation>
    </item>
    <item name='com.sun.jmx.snmp.SnmpStatusException SnmpStatusException(int, int)'>
        <annotation name='com.intellij.inspections.tainted.annotation.equation.Equations'>
            <val val="{ &quot;SnmpStatusException := SnmpStatusException&quot; }"/>
        </annotation>
    </item>
    <item name='com.sun.jmx.snmp.SnmpStatusException SnmpStatusException(java.lang.String)'>
        <annotation name='com.intellij.inspections.tainted.annotation.equation.Equations'>
            <val val="{ &quot;SnmpStatusException := SnmpStatusException&quot; }"/>
        </annotation>
    </item>
    <item name='com.sun.jmx.snmp.SnmpStatusException int getErrorIndex()'>
        <annotation name='com.intellij.inspections.tainted.annotation.equation.Equations'>
            <val val="{ &quot;getErrorIndex := SnmpStatusException&quot; }"/>
        </annotation>
    </item>
    <item name='com.sun.jmx.snmp.SnmpStatusException int getStatus()'>
        <annotation name='com.intellij.inspections.tainted.annotation.equation.Equations'>
            <val val="{ &quot;getStatus := SnmpStatusException&quot; }"/>
        </annotation>
    </item>
    <item name='com.sun.jmx.snmp.SnmpString SnmpString()'>
        <annotation name='com.intellij.inspections.tainted.annotation.equation.Equations'>
            <val val="{ &quot;SnmpString := SnmpString&quot; }"/>
        </annotation>
    </item>
    <item name='com.sun.jmx.snmp.SnmpString SnmpString(byte[])'>
        <annotation name='com.intellij.inspections.tainted.annotation.equation.Equations'>
            <val val="{ &quot;v := SnmpOpaque#SnmpOpaque(byte[])#0 &amp; SnmpStringFixed#SnmpStringFixed(byte[])#0&quot;, &quot;SnmpString := SnmpString&quot; }"/>
        </annotation>
    </item>
    <item name='com.sun.jmx.snmp.SnmpString SnmpString(java.lang.Byte[])'>
        <annotation name='com.intellij.inspections.tainted.annotation.equation.Equations'>
            <val val="{ &quot;SnmpString := SnmpString&quot;, &quot;v := SnmpOpaque#SnmpOpaque(java.lang.Byte[])#0 &amp; SnmpStringFixed#SnmpStringFixed(java.lang.Byte[])#0&quot; }"/>
        </annotation>
    </item>
    <item name='com.sun.jmx.snmp.SnmpString SnmpString(java.lang.String)'>
        <annotation name='com.intellij.inspections.tainted.annotation.equation.Equations'>
            <val val="{ &quot;v := SnmpVarBind#setSnmpStringValue(java.lang.String)#0 &amp; SnmpOpaque#SnmpOpaque(java.lang.String)#0 &amp; SnmpStringFixed#SnmpStringFixed(java.lang.String)#0&quot;, &quot;SnmpString := SnmpString&quot; }"/>
        </annotation>
    </item>
    <item name='com.sun.jmx.snmp.SnmpString SnmpString(java.net.InetAddress)'>
        <annotation name='com.intellij.inspections.tainted.annotation.equation.Equations'>
            <val val="{ &quot;SnmpString := SnmpString&quot; }"/>
        </annotation>
    </item>
    <item name='com.sun.jmx.snmp.SnmpString byte[] byteValue()'>
        <annotation name='com.intellij.inspections.tainted.annotation.equation.Equations'>
            <val val="{ &quot;byteValue := SnmpString&quot; }"/>
        </annotation>
    </item>
    <item name='com.sun.jmx.snmp.SnmpString int nextOid(long[], int)'>
        <annotation name='com.intellij.inspections.tainted.annotation.equation.Equations'>
            <val val="{ &quot;nextOid := start &amp; index&quot; }"/>
        </annotation>
    </item>
    <item name='com.sun.jmx.snmp.SnmpString java.lang.String getTypeName()'>
        <annotation name='com.intellij.inspections.tainted.annotation.equation.Equations'>
            <val val="{ &quot;getTypeName := SnmpOpaque#getTypeName() &amp; #name&quot; }"/>
        </annotation>
    </item>
    <item name='com.sun.jmx.snmp.SnmpString java.lang.String toString()'>
        <annotation name='com.intellij.inspections.tainted.annotation.equation.Equations'>
            <val val="{ &quot;toString := SnmpOpaque#toString()&quot; }"/>
        </annotation>
    </item>
    <item name='com.sun.jmx.snmp.SnmpStringFixed SnmpStringFixed(byte[])'>
        <annotation name='com.intellij.inspections.tainted.annotation.equation.Equations'>
            <val val="{ &quot;SnmpStringFixed := SnmpStringFixed&quot; }"/>
        </annotation>
    </item>
    <item name='com.sun.jmx.snmp.SnmpStringFixed SnmpStringFixed(int, byte[])'>
        <annotation name='com.intellij.inspections.tainted.annotation.equation.Equations'>
            <val val="{ &quot;SnmpStringFixed := SnmpStringFixed&quot; }"/>
        </annotation>
    </item>
    <item name='com.sun.jmx.snmp.SnmpStringFixed SnmpStringFixed(int, java.lang.Byte[])'>
        <annotation name='com.intellij.inspections.tainted.annotation.equation.Equations'>
            <val val="{ &quot;SnmpStringFixed := SnmpStringFixed&quot; }"/>
        </annotation>
    </item>
    <item name='com.sun.jmx.snmp.SnmpStringFixed SnmpStringFixed(int, java.lang.String)'>
        <annotation name='com.intellij.inspections.tainted.annotation.equation.Equations'>
            <val val="{ &quot;SnmpStringFixed := SnmpStringFixed&quot; }"/>
        </annotation>
    </item>
    <item name='com.sun.jmx.snmp.SnmpStringFixed SnmpStringFixed(java.lang.Byte[])'>
        <annotation name='com.intellij.inspections.tainted.annotation.equation.Equations'>
            <val val="{ &quot;SnmpStringFixed := SnmpStringFixed&quot; }"/>
        </annotation>
    </item>
    <item name='com.sun.jmx.snmp.SnmpStringFixed SnmpStringFixed(java.lang.String)'>
        <annotation name='com.intellij.inspections.tainted.annotation.equation.Equations'>
            <val val="{ &quot;SnmpStringFixed := SnmpStringFixed&quot;, &quot;v := SnmpVarBind#setSnmpStringFixedValue(java.lang.String)#0&quot; }"/>
        </annotation>
    </item>
    <item name='com.sun.jmx.snmp.SnmpTimeticks SnmpTimeticks(int)'>
        <annotation name='com.intellij.inspections.tainted.annotation.equation.Equations'>
            <val val="{ &quot;v := Timestamp&quot;, &quot;SnmpTimeticks := SnmpTimeticks&quot; }"/>
        </annotation>
    </item>
    <item name='com.sun.jmx.snmp.SnmpTimeticks SnmpTimeticks(java.lang.Integer)'>
        <annotation name='com.intellij.inspections.tainted.annotation.equation.Equations'>
            <val val="{ &quot;SnmpTimeticks := SnmpTimeticks&quot; }"/>
        </annotation>
    </item>
    <item name='com.sun.jmx.snmp.SnmpTimeticks SnmpTimeticks(java.lang.Long)'>
        <annotation name='com.intellij.inspections.tainted.annotation.equation.Equations'>
            <val val="{ &quot;SnmpTimeticks := SnmpTimeticks&quot; }"/>
        </annotation>
    </item>
    <item name='com.sun.jmx.snmp.SnmpTimeticks SnmpTimeticks(long)'>
        <annotation name='com.intellij.inspections.tainted.annotation.equation.Equations'>
            <val val="{ &quot;SnmpTimeticks := SnmpTimeticks&quot;, &quot;v := SnmpVarBind#setSnmpTimeticksValue(long)#0&quot; }"/>
        </annotation>
    </item>
    <item name='com.sun.jmx.snmp.SnmpTimeticks java.lang.String getTypeName()'>
        <annotation name='com.intellij.inspections.tainted.annotation.equation.Equations'>
            <val val="{ &quot;getTypeName := #name&quot; }"/>
        </annotation>
    </item>
    <item name='com.sun.jmx.snmp.SnmpTimeticks java.lang.String printTimeTicks(long)'>
        <annotation name='com.intellij.inspections.tainted.annotation.equation.Equations'>
            <val val="{ &quot;timeticks := Timestamp &amp; SnmpTimeticks&quot; }"/>
        </annotation>
    </item>
    <item name='com.sun.jmx.snmp.SnmpTooBigException SnmpTooBigException()'>
        <annotation name='com.intellij.inspections.tainted.annotation.equation.Equations'>
            <val val="{ &quot;SnmpTooBigException := SnmpTooBigException&quot; }"/>
        </annotation>
    </item>
    <item name='com.sun.jmx.snmp.SnmpTooBigException SnmpTooBigException(int)'>
        <annotation name='com.intellij.inspections.tainted.annotation.equation.Equations'>
            <val val="{ &quot;SnmpTooBigException := SnmpTooBigException&quot; }"/>
        </annotation>
    </item>
    <item name='com.sun.jmx.snmp.SnmpTooBigException int getVarBindCount()'>
        <annotation name='com.intellij.inspections.tainted.annotation.equation.Equations'>
            <val val="{ &quot;getVarBindCount := SnmpTooBigException&quot; }"/>
        </annotation>
    </item>
    <item name='com.sun.jmx.snmp.SnmpUnknownAccContrModelException SnmpUnknownAccContrModelException(java.lang.String)'>
        <annotation name='com.intellij.inspections.tainted.annotation.equation.Equations'>
            <val val="{ &quot;SnmpUnknownAccContrModelException := SnmpUnknownAccContrModelException&quot; }"/>
        </annotation>
    </item>
    <item name='com.sun.jmx.snmp.SnmpUnknownModelException SnmpUnknownModelException(java.lang.String)'>
        <annotation name='com.intellij.inspections.tainted.annotation.equation.Equations'>
            <val val="{ &quot;SnmpUnknownModelException := SnmpUnknownModelException&quot;, &quot;msg := SnmpUnknownSecModelException#SnmpUnknownSecModelException(java.lang.String)#0 &amp; SnmpUnknownMsgProcModelException#SnmpUnknownMsgProcModelException(java.lang.String)#0 &amp; SnmpUnknownAccContrModelException#SnmpUnknownAccContrModelException(java.lang.String)#0&quot; }"/>
        </annotation>
    </item>
    <item name='com.sun.jmx.snmp.SnmpUnknownModelLcdException SnmpUnknownModelLcdException(java.lang.String)'>
        <annotation name='com.intellij.inspections.tainted.annotation.equation.Equations'>
            <val val="{ &quot;SnmpUnknownModelLcdException := SnmpUnknownModelLcdException&quot; }"/>
        </annotation>
    </item>
    <item name='com.sun.jmx.snmp.SnmpUnknownMsgProcModelException SnmpUnknownMsgProcModelException(java.lang.String)'>
        <annotation name='com.intellij.inspections.tainted.annotation.equation.Equations'>
            <val val="{ &quot;SnmpUnknownMsgProcModelException := SnmpUnknownMsgProcModelException&quot; }"/>
        </annotation>
    </item>
    <item name='com.sun.jmx.snmp.SnmpUnknownSecModelException SnmpUnknownSecModelException(java.lang.String)'>
        <annotation name='com.intellij.inspections.tainted.annotation.equation.Equations'>
            <val val="{ &quot;SnmpUnknownSecModelException := SnmpUnknownSecModelException&quot; }"/>
        </annotation>
    </item>
    <item name='com.sun.jmx.snmp.SnmpUnknownSubSystemException SnmpUnknownSubSystemException(java.lang.String)'>
        <annotation name='com.intellij.inspections.tainted.annotation.equation.Equations'>
            <val val="{ &quot;SnmpUnknownSubSystemException := SnmpUnknownSubSystemException&quot; }"/>
        </annotation>
    </item>
    <item name='com.sun.jmx.snmp.SnmpUnsignedInt SnmpUnsignedInt(int)'>
        <annotation name='com.intellij.inspections.tainted.annotation.equation.Equations'>
            <val val="{ &quot;v := SnmpGauge#SnmpGauge(int)#0 &amp; SnmpCounter#SnmpCounter(int)#0 &amp; SnmpTimeticks#SnmpTimeticks(int)#0&quot;, &quot;SnmpUnsignedInt := SnmpUnsignedInt&quot; }"/>
        </annotation>
    </item>
    <item name='com.sun.jmx.snmp.SnmpUnsignedInt SnmpUnsignedInt(java.lang.Integer)'>
        <annotation name='com.intellij.inspections.tainted.annotation.equation.Equations'>
            <val val="{ &quot;SnmpUnsignedInt := SnmpUnsignedInt&quot;, &quot;v := SnmpGauge#SnmpGauge(java.lang.Integer)#0 &amp; SnmpCounter#SnmpCounter(java.lang.Integer)#0 &amp; SnmpTimeticks#SnmpTimeticks(java.lang.Integer)#0&quot; }"/>
        </annotation>
    </item>
    <item name='com.sun.jmx.snmp.SnmpUnsignedInt SnmpUnsignedInt(java.lang.Long)'>
        <annotation name='com.intellij.inspections.tainted.annotation.equation.Equations'>
            <val val="{ &quot;v := SnmpGauge#SnmpGauge(java.lang.Long)#0 &amp; SnmpCounter#SnmpCounter(java.lang.Long)#0&quot;, &quot;SnmpUnsignedInt := SnmpUnsignedInt&quot; }"/>
        </annotation>
    </item>
    <item name='com.sun.jmx.snmp.SnmpUnsignedInt SnmpUnsignedInt(long)'>
        <annotation name='com.intellij.inspections.tainted.annotation.equation.Equations'>
            <val val="{ &quot;SnmpUnsignedInt := SnmpUnsignedInt&quot;, &quot;v := SnmpGauge#SnmpGauge(long)#0 &amp; SnmpCounter#SnmpCounter(long)#0 &amp; SnmpTimeticks#SnmpTimeticks(long)#0 &amp; #MAX_VALUE&quot; }"/>
        </annotation>
    </item>
    <item name='com.sun.jmx.snmp.SnmpUnsignedInt java.lang.String getTypeName()'>
        <annotation name='com.intellij.inspections.tainted.annotation.equation.Equations'>
            <val val="{ &quot;getTypeName := SnmpGauge#getTypeName() &amp; SnmpCounter#getTypeName() &amp; SnmpTimeticks#getTypeName() &amp; #name&quot; }"/>
        </annotation>
    </item>
    <item name='com.sun.jmx.snmp.SnmpV3Message'>
        <annotation name='com.intellij.inspections.tainted.annotation.equation.Equations'>
            <val val="{ &quot;SnmpV3Message := SnmpV3Message&quot; }"/>
        </annotation>
    </item>
    <item name='com.sun.jmx.snmp.SnmpV3Message SnmpV3Message()'>
        <annotation name='com.intellij.inspections.tainted.annotation.equation.Equations'>
            <val val="{ &quot;SnmpV3Message := SnmpV3Message&quot; }"/>
        </annotation>
    </item>
    <item name='com.sun.jmx.snmp.SnmpV3Message void encodeSnmpPdu(com.sun.jmx.snmp.SnmpPdu, int)'>
        <annotation name='com.intellij.inspections.tainted.annotation.equation.Equations'>
            <val val="{ &quot;maxDataLength := SnmpPduFactoryBER#encodeSnmpPdu(com.sun.jmx.snmp.SnmpPdu, int)#1&quot;, &quot;p := SnmpPduFactoryBER#encodeSnmpPdu(com.sun.jmx.snmp.SnmpPdu, int)#0&quot; }"/>
        </annotation>
    </item>
    <item name='com.sun.jmx.snmp.SnmpValue com.sun.jmx.snmp.SnmpOid toOid()'>
        <annotation name='com.intellij.inspections.tainted.annotation.equation.Equations'>
            <val val="{ &quot;toOid := SnmpOid#toOid() &amp; SnmpInt#toOid() &amp; SnmpNull#toOid() &amp; SnmpString#toOid() &amp; SnmpCounter64#toOid()&quot; }"/>
        </annotation>
    </item>
    <item name='com.sun.jmx.snmp.SnmpValue com.sun.jmx.snmp.SnmpValue duplicate()'>
        <annotation name='com.intellij.inspections.tainted.annotation.equation.Equations'>
            <val val="{ &quot;duplicate := SnmpOid#duplicate() &amp; SnmpInt#duplicate() &amp; SnmpNull#duplicate() &amp; SnmpString#duplicate() &amp; SnmpCounter64#duplicate()&quot; }"/>
        </annotation>
    </item>
    <item name='com.sun.jmx.snmp.SnmpValue java.lang.String getTypeName()'>
        <annotation name='com.intellij.inspections.tainted.annotation.equation.Equations'>
            <val val="{ &quot;getTypeName := SnmpOid#getTypeName() &amp; SnmpInt#getTypeName() &amp; SnmpNull#getTypeName() &amp; SnmpString#getTypeName() &amp; SnmpCounter64#getTypeName()&quot; }"/>
        </annotation>
    </item>
    <item name='com.sun.jmx.snmp.SnmpVarBind'>
        <annotation name='com.intellij.inspections.tainted.annotation.equation.Equations'>
            <val val="{ &quot;SnmpVarBind := #stValueUnspecified &amp; #noSuchObject &amp; #stValueNoSuchObject &amp; #noSuchInstance &amp; #stValueNoSuchInstance &amp; #endOfMibView &amp; #stValueEndOfMibView &amp; #stValueOk&quot; }"/>
        </annotation>
    </item>
    <item name='com.sun.jmx.snmp.SnmpVarBind SnmpVarBind()'>
        <annotation name='com.intellij.inspections.tainted.annotation.equation.Equations'>
            <val val="{ &quot;SnmpVarBind := SnmpVarBind&quot; }"/>
        </annotation>
    </item>
    <item name='com.sun.jmx.snmp.SnmpVarBind SnmpVarBind(com.sun.jmx.snmp.SnmpOid)'>
        <annotation name='com.intellij.inspections.tainted.annotation.equation.Equations'>
            <val val="{ &quot;SnmpVarBind := SnmpVarBind&quot; }"/>
        </annotation>
    </item>
    <item name='com.sun.jmx.snmp.SnmpVarBind SnmpVarBind(com.sun.jmx.snmp.SnmpOid, com.sun.jmx.snmp.SnmpValue)'>
        <annotation name='com.intellij.inspections.tainted.annotation.equation.Equations'>
            <val val="{ &quot;oid := com.sun.jmx.snmp.daemon.SnmpAdaptorServer#snmpTrapOidOid &amp; com.sun.jmx.snmp.daemon.SnmpAdaptorServer#sysUpTimeOid&quot;, &quot;val := com.sun.jmx.snmp.daemon.SnmpAdaptorServer#snmpV2Trap(com.sun.jmx.snmp.SnmpOid, com.sun.jmx.snmp.SnmpVarBindList)#0 &amp; com.sun.jmx.snmp.daemon.SnmpAdaptorServer#snmpV2Trap(java.net.InetAddress, java.lang.String, com.sun.jmx.snmp.SnmpOid, com.sun.jmx.snmp.SnmpVarBindList)#2 &amp; com.sun.jmx.snmp.daemon.SnmpAdaptorServer#snmpV2Trap(java.net.InetAddress, int, java.lang.String, com.sun.jmx.snmp.SnmpOid, com.sun.jmx.snmp.SnmpVarBindList, com.sun.jmx.snmp.SnmpTimeticks)#3 &amp; com.sun.jmx.snmp.daemon.SnmpAdaptorServer#snmpV2Trap(java.net.InetAddress, int, java.lang.String, com.sun.jmx.snmp.SnmpOid, com.sun.jmx.snmp.SnmpVarBindList, com.sun.jmx.snmp.SnmpTimeticks)#5 &amp; com.sun.jmx.snmp.daemon.SnmpAdaptorServer#snmpInformRequest(com.sun.jmx.snmp.daemon.SnmpInformHandler, com.sun.jmx.snmp.SnmpOid, com.sun.jmx.snmp.SnmpVarBindList)#1 &amp; com.sun.jmx.snmp.daemon.SnmpAdaptorServer#snmpInformRequest(java.net.InetAddress, int, java.lang.String, com.sun.jmx.snmp.daemon.SnmpInformHandler, com.sun.jmx.snmp.SnmpOid, com.sun.jmx.snmp.SnmpVarBindList)#4&quot;, &quot;SnmpVarBind := SnmpVarBind&quot; }"/>
        </annotation>
    </item>
    <item name='com.sun.jmx.snmp.SnmpVarBind SnmpVarBind(java.lang.String)'>
        <annotation name='com.intellij.inspections.tainted.annotation.equation.Equations'>
            <val val="{ &quot;SnmpVarBind := SnmpVarBind&quot;, &quot;name := SnmpVarBindList#addVarBind(java.lang.String[], java.lang.String)#0 &amp; SnmpVarBindList#removeVarBind(java.lang.String[], java.lang.String)#0 &amp; SnmpVarBindList#addVarBind(java.lang.String)#0 &amp; SnmpVarBindList#removeVarBind(java.lang.String)#0&quot; }"/>
        </annotation>
    </item>
    <item name='com.sun.jmx.snmp.SnmpVarBind com.sun.jmx.snmp.SnmpCounter getSnmpCounterValue()'>
        <annotation name='com.intellij.inspections.tainted.annotation.equation.Equations'>
            <val val="{ &quot;getSnmpCounterValue := SnmpVarBind&quot; }"/>
        </annotation>
    </item>
    <item name='com.sun.jmx.snmp.SnmpVarBind com.sun.jmx.snmp.SnmpCounter64 getSnmpCounter64Value()'>
        <annotation name='com.intellij.inspections.tainted.annotation.equation.Equations'>
            <val val="{ &quot;getSnmpCounter64Value := SnmpVarBind&quot; }"/>
        </annotation>
    </item>
    <item name='com.sun.jmx.snmp.SnmpVarBind com.sun.jmx.snmp.SnmpGauge getSnmpGaugeValue()'>
        <annotation name='com.intellij.inspections.tainted.annotation.equation.Equations'>
            <val val="{ &quot;getSnmpGaugeValue := SnmpVarBind&quot; }"/>
        </annotation>
    </item>
    <item name='com.sun.jmx.snmp.SnmpVarBind com.sun.jmx.snmp.SnmpInt getSnmpIntValue()'>
        <annotation name='com.intellij.inspections.tainted.annotation.equation.Equations'>
            <val val="{ &quot;getSnmpIntValue := SnmpVarBind&quot; }"/>
        </annotation>
    </item>
    <item name='com.sun.jmx.snmp.SnmpVarBind com.sun.jmx.snmp.SnmpIpAddress getSnmpIpAddressValue()'>
        <annotation name='com.intellij.inspections.tainted.annotation.equation.Equations'>
            <val val="{ &quot;getSnmpIpAddressValue := SnmpVarBind&quot; }"/>
        </annotation>
    </item>
    <item name='com.sun.jmx.snmp.SnmpVarBind com.sun.jmx.snmp.SnmpOid getOid()'>
        <annotation name='com.intellij.inspections.tainted.annotation.equation.Equations'>
            <val val="{ &quot;getOid := SnmpVarBind&quot; }"/>
        </annotation>
    </item>
    <item name='com.sun.jmx.snmp.SnmpVarBind com.sun.jmx.snmp.SnmpOid getSnmpOidValue()'>
        <annotation name='com.intellij.inspections.tainted.annotation.equation.Equations'>
            <val val="{ &quot;getSnmpOidValue := SnmpVarBind&quot; }"/>
        </annotation>
    </item>
    <item name='com.sun.jmx.snmp.SnmpVarBind com.sun.jmx.snmp.SnmpOidRecord resolveVarName(java.lang.String)'>
        <annotation name='com.intellij.inspections.tainted.annotation.equation.Equations'>
            <val val="{ &quot;name := #SnmpVarBind(java.lang.String)#0&quot; }"/>
        </annotation>
    </item>
    <item name='com.sun.jmx.snmp.SnmpVarBind com.sun.jmx.snmp.SnmpOpaque getSnmpOpaqueValue()'>
        <annotation name='com.intellij.inspections.tainted.annotation.equation.Equations'>
            <val val="{ &quot;getSnmpOpaqueValue := SnmpVarBind&quot; }"/>
        </annotation>
    </item>
    <item name='com.sun.jmx.snmp.SnmpVarBind com.sun.jmx.snmp.SnmpString getSnmpStringValue()'>
        <annotation name='com.intellij.inspections.tainted.annotation.equation.Equations'>
            <val val="{ &quot;getSnmpStringValue := SnmpVarBind&quot; }"/>
        </annotation>
    </item>
    <item name='com.sun.jmx.snmp.SnmpVarBind com.sun.jmx.snmp.SnmpStringFixed getSnmpStringFixedValue()'>
        <annotation name='com.intellij.inspections.tainted.annotation.equation.Equations'>
            <val val="{ &quot;getSnmpStringFixedValue := SnmpVarBind&quot; }"/>
        </annotation>
    </item>
    <item name='com.sun.jmx.snmp.SnmpVarBind com.sun.jmx.snmp.SnmpTimeticks getSnmpTimeticksValue()'>
        <annotation name='com.intellij.inspections.tainted.annotation.equation.Equations'>
            <val val="{ &quot;getSnmpTimeticksValue := SnmpVarBind&quot; }"/>
        </annotation>
    </item>
    <item name='com.sun.jmx.snmp.SnmpVarBind com.sun.jmx.snmp.SnmpValue getSnmpValue()'>
        <annotation name='com.intellij.inspections.tainted.annotation.equation.Equations'>
            <val val="{ &quot;getSnmpValue := SnmpVarBind&quot; }"/>
        </annotation>
    </item>
    <item name='com.sun.jmx.snmp.SnmpVarBind int getValueStatus()'>
        <annotation name='com.intellij.inspections.tainted.annotation.equation.Equations'>
            <val val="{ &quot;getValueStatus := SnmpVarBind&quot; }"/>
        </annotation>
    </item>
    <item name='com.sun.jmx.snmp.SnmpVarBind java.lang.String getValueStatusLegend()'>
        <annotation name='com.intellij.inspections.tainted.annotation.equation.Equations'>
            <val val="{ &quot;getValueStatusLegend := #statusLegend&quot; }"/>
        </annotation>
    </item>
    <item name='com.sun.jmx.snmp.SnmpVarBind void addInstance(java.lang.String)'>
        <annotation name='com.intellij.inspections.tainted.annotation.equation.Equations'>
            <val val="{ &quot;inst := SnmpVarBindList#addVarBind(java.lang.String[], java.lang.String)#1 &amp; SnmpVarBindList#removeVarBind(java.lang.String[], java.lang.String)#1 &amp; SnmpVarBindList#addInstance(java.lang.String)#0&quot; }"/>
        </annotation>
    </item>
    <item name='com.sun.jmx.snmp.SnmpVarBind void copyValue(com.sun.jmx.snmp.SnmpVarBind)'>
        <annotation name='com.intellij.inspections.tainted.annotation.equation.Equations'>
            <val val="{ &quot;var := #copyValueAndOid(com.sun.jmx.snmp.SnmpVarBind)#0&quot; }"/>
        </annotation>
    </item>
    <item name='com.sun.jmx.snmp.SnmpVarBind void copyValueAndOid(com.sun.jmx.snmp.SnmpVarBind)'>
        <annotation name='com.intellij.inspections.tainted.annotation.equation.Equations'>
            <val val="{ &quot;var := SnmpVarBind&quot; }"/>
        </annotation>
    </item>
    <item name='com.sun.jmx.snmp.SnmpVarBind void handleLong(java.lang.String, int)'>
        <annotation name='com.intellij.inspections.tainted.annotation.equation.Equations'>
            <val val="{ &quot;oid := #SnmpVarBind(java.lang.String)#0&quot; }"/>
        </annotation>
    </item>
    <item name='com.sun.jmx.snmp.SnmpVarBind void setSnmpValue(com.sun.jmx.snmp.SnmpValue)'>
        <annotation name='com.intellij.inspections.tainted.annotation.equation.Equations'>
            <val val="{ &quot;val := #endOfMibView &amp; #SnmpVarBind(com.sun.jmx.snmp.SnmpOid, com.sun.jmx.snmp.SnmpValue)#1&quot; }"/>
        </annotation>
    </item>
    <item name='com.sun.jmx.snmp.SnmpVarBindList SnmpVarBindList()'>
        <annotation name='com.intellij.inspections.tainted.annotation.equation.Equations'>
            <val val="{ &quot;SnmpVarBindList := SnmpVarBindList&quot; }"/>
        </annotation>
    </item>
    <item name='com.sun.jmx.snmp.SnmpVarBindList SnmpVarBindList(com.sun.jmx.snmp.SnmpVarBindList)'>
        <annotation name='com.intellij.inspections.tainted.annotation.equation.Equations'>
            <val val="{ &quot;SnmpVarBindList := SnmpVarBindList&quot; }"/>
        </annotation>
    </item>
    <item name='com.sun.jmx.snmp.SnmpVarBindList SnmpVarBindList(int)'>
        <annotation name='com.intellij.inspections.tainted.annotation.equation.Equations'>
            <val val="{ &quot;SnmpVarBindList := SnmpVarBindList&quot; }"/>
        </annotation>
    </item>
    <item name='com.sun.jmx.snmp.SnmpVarBindList SnmpVarBindList(java.lang.String)'>
        <annotation name='com.intellij.inspections.tainted.annotation.equation.Equations'>
            <val val="{ &quot;SnmpVarBindList := SnmpVarBindList&quot; }"/>
        </annotation>
    </item>
    <item name='com.sun.jmx.snmp.SnmpVarBindList SnmpVarBindList(java.lang.String, java.util.Vector&lt;com.sun.jmx.snmp.SnmpVarBind&gt;)'>
        <annotation name='com.intellij.inspections.tainted.annotation.equation.Equations'>
            <val val="{ &quot;SnmpVarBindList := SnmpVarBindList&quot; }"/>
        </annotation>
    </item>
    <item name='com.sun.jmx.snmp.SnmpVarBindList SnmpVarBindList(java.util.Vector&lt;com.sun.jmx.snmp.SnmpVarBind&gt;)'>
        <annotation name='com.intellij.inspections.tainted.annotation.equation.Equations'>
            <val val="{ &quot;SnmpVarBindList := SnmpVarBindList&quot;, &quot;list := #SnmpVarBindList(java.lang.String, java.util.Vector)#1&quot; }"/>
        </annotation>
    </item>
    <item name='com.sun.jmx.snmp.SnmpVarBindList boolean removeVarBind(java.lang.String[], java.lang.String)'>
        <annotation name='com.intellij.inspections.tainted.annotation.equation.Equations'>
            <val val="{ &quot;list := #removeVarBind(java.lang.String[])#0&quot; }"/>
        </annotation>
    </item>
    <item name='com.sun.jmx.snmp.SnmpVarBindList com.sun.jmx.snmp.Timestamp getTimestamp()'>
        <annotation name='com.intellij.inspections.tainted.annotation.equation.Equations'>
            <val val="{ &quot;getTimestamp := SnmpVarBindList&quot; }"/>
        </annotation>
    </item>
    <item name='com.sun.jmx.snmp.SnmpVarBindList int indexOfOid(com.sun.jmx.snmp.SnmpVarBind)'>
        <annotation name='com.intellij.inspections.tainted.annotation.equation.Equations'>
            <val val="{ &quot;var := &quot; }"/>
        </annotation>
    </item>
    <item name='com.sun.jmx.snmp.SnmpVarBindList int indexOfOid(com.sun.jmx.snmp.SnmpVarBind, int, int)'>
        <annotation name='com.intellij.inspections.tainted.annotation.equation.Equations'>
            <val val="{ &quot;var := #indexOfOid(com.sun.jmx.snmp.SnmpVarBind)#0&quot;, &quot;indexOfOid := min&quot; }"/>
        </annotation>
    </item>
    <item name='com.sun.jmx.snmp.SnmpVarBindList void addVarBind(com.sun.jmx.snmp.SnmpVarBind)'>
        <annotation name='com.intellij.inspections.tainted.annotation.equation.Equations'>
            <val val="{ &quot;var := &quot; }"/>
        </annotation>
    </item>
    <item name='com.sun.jmx.snmp.SnmpVarBindList void addVarBind(java.lang.String[], java.lang.String)'>
        <annotation name='com.intellij.inspections.tainted.annotation.equation.Equations'>
            <val val="{ &quot;list := #addVarBind(java.lang.String[])#0&quot; }"/>
        </annotation>
    </item>
    <item name='com.sun.jmx.snmp.SnmpVarBindList void setVarBindList(java.util.Vector&lt;com.sun.jmx.snmp.SnmpVarBind&gt;, boolean)'>
        <annotation name='com.intellij.inspections.tainted.annotation.equation.Equations'>
            <val val="{ &quot;list := #setVarBindList(java.util.Vector)#0&quot; }"/>
        </annotation>
    </item>
    <item name='com.sun.jmx.snmp.ThreadContext'>
        <annotation name='com.intellij.inspections.tainted.annotation.equation.Equations'>
            <val val="{ &quot;ThreadContext := &quot; }"/>
        </annotation>
    </item>
    <item name='com.sun.jmx.snmp.ThreadContext ThreadContext(com.sun.jmx.snmp.ThreadContext, java.lang.String, java.lang.Object)'>
        <annotation name='com.intellij.inspections.tainted.annotation.equation.Equations'>
            <val val="{ &quot;key := #push(java.lang.String, java.lang.Object)#0&quot;, &quot;value := #push(java.lang.String, java.lang.Object)#1&quot;, &quot;ThreadContext := ThreadContext&quot; }"/>
        </annotation>
    </item>
    <item name='com.sun.jmx.snmp.ThreadContext com.sun.jmx.snmp.ThreadContext contextContaining(java.lang.String)'>
        <annotation name='com.intellij.inspections.tainted.annotation.equation.Equations'>
            <val val="{ &quot;key := #get(java.lang.String)#0 &amp; #contains(java.lang.String)#0&quot; }"/>
        </annotation>
    </item>
    <item name='com.sun.jmx.snmp.ThreadContext com.sun.jmx.snmp.ThreadContext push(java.lang.String, java.lang.Object)'>
        <annotation name='com.intellij.inspections.tainted.annotation.equation.Equations'>
            <val val="{ &quot;value := com.sun.jmx.snmp.daemon.SnmpSubRequestHandler &amp; com.sun.jmx.snmp.daemon.SnmpSubBulkRequestHandler &amp; com.sun.jmx.snmp.daemon.SnmpSubNextRequestHandler&quot; }"/>
        </annotation>
    </item>
    <item name='com.sun.jmx.snmp.ThreadContext void restore(com.sun.jmx.snmp.ThreadContext)'>
        <annotation name='com.intellij.inspections.tainted.annotation.equation.Equations'>
            <val val="{ &quot;oldContext := &quot; }"/>
        </annotation>
    </item>
    <item name='com.sun.jmx.snmp.ThreadContext void setContext(com.sun.jmx.snmp.ThreadContext)'>
        <annotation name='com.intellij.inspections.tainted.annotation.equation.Equations'>
            <val val="{ &quot;context := #setInitialContext(com.sun.jmx.snmp.ThreadContext)#0 &amp; #restore(com.sun.jmx.snmp.ThreadContext)#0&quot; }"/>
        </annotation>
    </item>
    <item name='com.sun.jmx.snmp.Timestamp Timestamp()'>
        <annotation name='com.intellij.inspections.tainted.annotation.equation.Equations'>
            <val val="{ &quot;Timestamp := Timestamp&quot; }"/>
        </annotation>
    </item>
    <item name='com.sun.jmx.snmp.Timestamp Timestamp(long)'>
        <annotation name='com.intellij.inspections.tainted.annotation.equation.Equations'>
            <val val="{ &quot;Timestamp := Timestamp&quot; }"/>
        </annotation>
    </item>
    <item name='com.sun.jmx.snmp.Timestamp Timestamp(long, long)'>
        <annotation name='com.intellij.inspections.tainted.annotation.equation.Equations'>
            <val val="{ &quot;Timestamp := Timestamp&quot; }"/>
        </annotation>
    </item>
    <item name='com.sun.jmx.snmp.Timestamp com.sun.jmx.snmp.SnmpTimeticks getTimeTicks()'>
        <annotation name='com.intellij.inspections.tainted.annotation.equation.Equations'>
            <val val="{ &quot;getTimeTicks := Timestamp&quot; }"/>
        </annotation>
    </item>
    <item name='com.sun.jmx.snmp.Timestamp long getDateTime()'>
        <annotation name='com.intellij.inspections.tainted.annotation.equation.Equations'>
            <val val="{ &quot;getDateTime := Timestamp&quot; }"/>
        </annotation>
    </item>
    <item name='com.sun.jmx.snmp.Timestamp long getSysUpTime()'>
        <annotation name='com.intellij.inspections.tainted.annotation.equation.Equations'>
            <val val="{ &quot;getSysUpTime := Timestamp&quot; }"/>
        </annotation>
    </item>
</root>