<root>
    <item name='javax.management.remote.rmi.NoCallStackClassLoader NoCallStackClassLoader(java.lang.String, byte[], java.lang.String[], java.lang.ClassLoader, java.security.ProtectionDomain)'>
        <annotation name='com.intellij.inspections.tainted.annotation.equation.Equations'>
            <val val="{ &quot;referencedClassLoader := &quot;, &quot;referencedClassNames := &quot;, &quot;protectionDomain := &quot;, &quot;byteCode := &quot;, &quot;NoCallStackClassLoader := NoCallStackClassLoader&quot;, &quot;className := RMIConnector#pRefClassName&quot; }"/>
        </annotation>
    </item>
    <item name='javax.management.remote.rmi.NoCallStackClassLoader NoCallStackClassLoader(java.lang.String[], byte[][], java.lang.String[], java.lang.ClassLoader, java.security.ProtectionDomain)'>
        <annotation name='com.intellij.inspections.tainted.annotation.equation.Equations'>
            <val val="{ &quot;byteCodes := #NoCallStackClassLoader(java.lang.String, byte[], java.lang.String[], java.lang.ClassLoader, java.security.ProtectionDomain)#1&quot;, &quot;NoCallStackClassLoader := NoCallStackClassLoader&quot;, &quot;classNames := RMIConnector#proxyStubClassName &amp; RMIConnector#pInputStreamClassName &amp; #NoCallStackClassLoader(java.lang.String, byte[], java.lang.String[], java.lang.ClassLoader, java.security.ProtectionDomain)#0&quot;, &quot;referencedClassNames := RMIConnector#iiopConnectionStubClassName &amp; RMIConnector#ProxyInputStreamClassName &amp; #NoCallStackClassLoader(java.lang.String, byte[], java.lang.String[], java.lang.ClassLoader, java.security.ProtectionDomain)#2&quot;, &quot;referencedClassLoader := #NoCallStackClassLoader(java.lang.String, byte[], java.lang.String[], java.lang.ClassLoader, java.security.ProtectionDomain)#3&quot;, &quot;protectionDomain := #NoCallStackClassLoader(java.lang.String, byte[], java.lang.String[], java.lang.ClassLoader, java.security.ProtectionDomain)#4&quot; }"/>
        </annotation>
    </item>
    <item name='javax.management.remote.rmi.RMIConnection boolean isInstanceOf(javax.management.ObjectName, java.lang.String, javax.security.auth.Subject)'>
        <annotation name='com.intellij.inspections.tainted.annotation.equation.Equations'>
            <val val="{ &quot;className := RMIConnector.RemoteMBeanServerConnection#isInstanceOf(javax.management.ObjectName, java.lang.String)#1 &amp; RMIConnectionImpl#isInstanceOf(javax.management.ObjectName, java.lang.String, javax.security.auth.Subject)#1 &amp; RMIConnectionImpl_Stub#isInstanceOf(javax.management.ObjectName, java.lang.String, javax.security.auth.Subject)#1&quot;, &quot;delegationSubject := RMIConnector.RemoteMBeanServerConnection &amp; RMIConnectionImpl#isInstanceOf(javax.management.ObjectName, java.lang.String, javax.security.auth.Subject)#2 &amp; RMIConnectionImpl_Stub#isInstanceOf(javax.management.ObjectName, java.lang.String, javax.security.auth.Subject)#2&quot;, &quot;name := RMIConnector.RemoteMBeanServerConnection#isInstanceOf(javax.management.ObjectName, java.lang.String)#0 &amp; RMIConnectionImpl#isInstanceOf(javax.management.ObjectName, java.lang.String, javax.security.auth.Subject)#0 &amp; RMIConnectionImpl_Stub#isInstanceOf(javax.management.ObjectName, java.lang.String, javax.security.auth.Subject)#0&quot; }"/>
        </annotation>
    </item>
    <item name='javax.management.remote.rmi.RMIConnection boolean isRegistered(javax.management.ObjectName, javax.security.auth.Subject)'>
        <annotation name='com.intellij.inspections.tainted.annotation.equation.Equations'>
            <val val="{ &quot;name := RMIConnectionImpl_Stub#isRegistered(javax.management.ObjectName, javax.security.auth.Subject)#0 &amp; RMIConnectionImpl#isRegistered(javax.management.ObjectName, javax.security.auth.Subject)#0&quot;, &quot;delegationSubject := RMIConnectionImpl_Stub#isRegistered(javax.management.ObjectName, javax.security.auth.Subject)#1 &amp; RMIConnectionImpl#isRegistered(javax.management.ObjectName, javax.security.auth.Subject)#1&quot; }"/>
        </annotation>
    </item>
    <item name='javax.management.remote.rmi.RMIConnection java.lang.Integer getMBeanCount(javax.security.auth.Subject)'>
        <annotation name='com.intellij.inspections.tainted.annotation.equation.Equations'>
            <val val="{ &quot;getMBeanCount := RMIConnectionImpl_Stub#getMBeanCount(javax.security.auth.Subject) &amp; RMIConnectionImpl#getMBeanCount(javax.security.auth.Subject)&quot;, &quot;delegationSubject := RMIConnectionImpl_Stub#getMBeanCount(javax.security.auth.Subject)#0 &amp; RMIConnectionImpl#getMBeanCount(javax.security.auth.Subject)#0&quot; }"/>
        </annotation>
    </item>
    <item name='javax.management.remote.rmi.RMIConnection java.lang.Integer[] addNotificationListeners(javax.management.ObjectName[], java.rmi.MarshalledObject[], javax.security.auth.Subject[])'>
        <annotation name='com.intellij.inspections.tainted.annotation.equation.Equations'>
            <val val="{ &quot;delegationSubjects := RMIConnector#addListenersWithSubjects(javax.management.ObjectName[], java.rmi.MarshalledObject[], javax.security.auth.Subject[], boolean)#2 &amp; RMIConnectionImpl_Stub#addNotificationListeners(javax.management.ObjectName[], java.rmi.MarshalledObject[], javax.security.auth.Subject[])#2 &amp; RMIConnectionImpl#addNotificationListeners(javax.management.ObjectName[], java.rmi.MarshalledObject[], javax.security.auth.Subject[])#2&quot;, &quot;filters := RMIConnector#addListenersWithSubjects(javax.management.ObjectName[], java.rmi.MarshalledObject[], javax.security.auth.Subject[], boolean)#1 &amp; RMIConnectionImpl_Stub#addNotificationListeners(javax.management.ObjectName[], java.rmi.MarshalledObject[], javax.security.auth.Subject[])#1 &amp; RMIConnectionImpl#addNotificationListeners(javax.management.ObjectName[], java.rmi.MarshalledObject[], javax.security.auth.Subject[])#1&quot;, &quot;addNotificationListeners := RMIConnectionImpl_Stub#addNotificationListeners(javax.management.ObjectName[], java.rmi.MarshalledObject[], javax.security.auth.Subject[]) &amp; RMIConnectionImpl#addNotificationListeners(javax.management.ObjectName[], java.rmi.MarshalledObject[], javax.security.auth.Subject[])&quot;, &quot;names := RMIConnector#addListenersWithSubjects(javax.management.ObjectName[], java.rmi.MarshalledObject[], javax.security.auth.Subject[], boolean)#0 &amp; javax.management.MBeanServerDelegate#DELEGATE_NAME &amp; RMIConnectionImpl_Stub#addNotificationListeners(javax.management.ObjectName[], java.rmi.MarshalledObject[], javax.security.auth.Subject[])#0 &amp; RMIConnectionImpl#addNotificationListeners(javax.management.ObjectName[], java.rmi.MarshalledObject[], javax.security.auth.Subject[])#0&quot; }"/>
        </annotation>
    </item>
    <item name='javax.management.remote.rmi.RMIConnection java.lang.Object getAttribute(javax.management.ObjectName, java.lang.String, javax.security.auth.Subject)'>
        <annotation name='com.intellij.inspections.tainted.annotation.equation.Equations'>
            <val val="{ &quot;getAttribute := RMIConnectionImpl#getAttribute(javax.management.ObjectName, java.lang.String, javax.security.auth.Subject) &amp; RMIConnectionImpl_Stub#getAttribute(javax.management.ObjectName, java.lang.String, javax.security.auth.Subject)&quot;, &quot;attribute := RMIConnector.RemoteMBeanServerConnection#getAttribute(javax.management.ObjectName, java.lang.String)#1 &amp; RMIConnectionImpl#getAttribute(javax.management.ObjectName, java.lang.String, javax.security.auth.Subject)#1 &amp; RMIConnectionImpl_Stub#getAttribute(javax.management.ObjectName, java.lang.String, javax.security.auth.Subject)#1&quot;, &quot;delegationSubject := RMIConnector.RemoteMBeanServerConnection &amp; RMIConnectionImpl#getAttribute(javax.management.ObjectName, java.lang.String, javax.security.auth.Subject)#2 &amp; RMIConnectionImpl_Stub#getAttribute(javax.management.ObjectName, java.lang.String, javax.security.auth.Subject)#2&quot;, &quot;name := RMIConnector.RemoteMBeanServerConnection#getAttribute(javax.management.ObjectName, java.lang.String)#0 &amp; RMIConnectionImpl#getAttribute(javax.management.ObjectName, java.lang.String, javax.security.auth.Subject)#0 &amp; RMIConnectionImpl_Stub#getAttribute(javax.management.ObjectName, java.lang.String, javax.security.auth.Subject)#0&quot; }"/>
        </annotation>
    </item>
    <item name='javax.management.remote.rmi.RMIConnection java.lang.Object invoke(javax.management.ObjectName, java.lang.String, java.rmi.MarshalledObject, java.lang.String[], javax.security.auth.Subject)'>
        <annotation name='com.intellij.inspections.tainted.annotation.equation.Equations'>
            <val val="{ &quot;invoke := RMIConnectionImpl#invoke(javax.management.ObjectName, java.lang.String, java.rmi.MarshalledObject, java.lang.String[], javax.security.auth.Subject) &amp; RMIConnectionImpl_Stub#invoke(javax.management.ObjectName, java.lang.String, java.rmi.MarshalledObject, java.lang.String[], javax.security.auth.Subject)&quot;, &quot;name := RMIConnectionImpl#invoke(javax.management.ObjectName, java.lang.String, java.rmi.MarshalledObject, java.lang.String[], javax.security.auth.Subject)#0 &amp; RMIConnectionImpl_Stub#invoke(javax.management.ObjectName, java.lang.String, java.rmi.MarshalledObject, java.lang.String[], javax.security.auth.Subject)#0&quot;, &quot;params := RMIConnectionImpl#invoke(javax.management.ObjectName, java.lang.String, java.rmi.MarshalledObject, java.lang.String[], javax.security.auth.Subject)#2 &amp; RMIConnectionImpl_Stub#invoke(javax.management.ObjectName, java.lang.String, java.rmi.MarshalledObject, java.lang.String[], javax.security.auth.Subject)#2&quot;, &quot;signature := RMIConnectionImpl#invoke(javax.management.ObjectName, java.lang.String, java.rmi.MarshalledObject, java.lang.String[], javax.security.auth.Subject)#3 &amp; RMIConnectionImpl_Stub#invoke(javax.management.ObjectName, java.lang.String, java.rmi.MarshalledObject, java.lang.String[], javax.security.auth.Subject)#3&quot;, &quot;operationName := RMIConnectionImpl#invoke(javax.management.ObjectName, java.lang.String, java.rmi.MarshalledObject, java.lang.String[], javax.security.auth.Subject)#1 &amp; RMIConnectionImpl_Stub#invoke(javax.management.ObjectName, java.lang.String, java.rmi.MarshalledObject, java.lang.String[], javax.security.auth.Subject)#1&quot;, &quot;delegationSubject := RMIConnectionImpl#invoke(javax.management.ObjectName, java.lang.String, java.rmi.MarshalledObject, java.lang.String[], javax.security.auth.Subject)#4 &amp; RMIConnectionImpl_Stub#invoke(javax.management.ObjectName, java.lang.String, java.rmi.MarshalledObject, java.lang.String[], javax.security.auth.Subject)#4&quot; }"/>
        </annotation>
    </item>
    <item name='javax.management.remote.rmi.RMIConnection java.lang.String getConnectionId()'>
        <annotation name='com.intellij.inspections.tainted.annotation.equation.Equations'>
            <val val="{ &quot;getConnectionId := RMIConnectionImpl#getConnectionId() &amp; RMIConnectionImpl_Stub#getConnectionId()&quot; }"/>
        </annotation>
    </item>
    <item name='javax.management.remote.rmi.RMIConnection java.lang.String getDefaultDomain(javax.security.auth.Subject)'>
        <annotation name='com.intellij.inspections.tainted.annotation.equation.Equations'>
            <val val="{ &quot;getDefaultDomain := RMIConnectionImpl#getDefaultDomain(javax.security.auth.Subject) &amp; RMIConnectionImpl_Stub#getDefaultDomain(javax.security.auth.Subject)&quot;, &quot;delegationSubject := RMIConnector.RemoteMBeanServerConnection &amp; RMIConnectionImpl#getDefaultDomain(javax.security.auth.Subject)#0 &amp; RMIConnectionImpl_Stub#getDefaultDomain(javax.security.auth.Subject)#0&quot; }"/>
        </annotation>
    </item>
    <item name='javax.management.remote.rmi.RMIConnection java.lang.String[] getDomains(javax.security.auth.Subject)'>
        <annotation name='com.intellij.inspections.tainted.annotation.equation.Equations'>
            <val val="{ &quot;getDomains := RMIConnectionImpl#getDomains(javax.security.auth.Subject) &amp; RMIConnectionImpl_Stub#getDomains(javax.security.auth.Subject)&quot;, &quot;delegationSubject := RMIConnector.RemoteMBeanServerConnection &amp; RMIConnectionImpl#getDomains(javax.security.auth.Subject)#0 &amp; RMIConnectionImpl_Stub#getDomains(javax.security.auth.Subject)#0&quot; }"/>
        </annotation>
    </item>
    <item name='javax.management.remote.rmi.RMIConnection java.util.Set&lt;javax.management.ObjectInstance&gt; queryMBeans(javax.management.ObjectName, java.rmi.MarshalledObject, javax.security.auth.Subject)'>
        <annotation name='com.intellij.inspections.tainted.annotation.equation.Equations'>
            <val val="{ &quot;name := RMIConnector.RemoteMBeanServerConnection#queryMBeans(javax.management.ObjectName, javax.management.QueryExp)#0 &amp; RMIConnectionImpl#queryMBeans(javax.management.ObjectName, java.rmi.MarshalledObject, javax.security.auth.Subject)#0 &amp; RMIConnectionImpl_Stub#queryMBeans(javax.management.ObjectName, java.rmi.MarshalledObject, javax.security.auth.Subject)#0&quot;, &quot;query := RMIConnectionImpl#queryMBeans(javax.management.ObjectName, java.rmi.MarshalledObject, javax.security.auth.Subject)#1 &amp; RMIConnectionImpl_Stub#queryMBeans(javax.management.ObjectName, java.rmi.MarshalledObject, javax.security.auth.Subject)#1&quot;, &quot;queryMBeans := RMIConnectionImpl#queryMBeans(javax.management.ObjectName, java.rmi.MarshalledObject, javax.security.auth.Subject) &amp; RMIConnectionImpl_Stub#queryMBeans(javax.management.ObjectName, java.rmi.MarshalledObject, javax.security.auth.Subject)&quot;, &quot;delegationSubject := RMIConnector.RemoteMBeanServerConnection &amp; RMIConnectionImpl#queryMBeans(javax.management.ObjectName, java.rmi.MarshalledObject, javax.security.auth.Subject)#2 &amp; RMIConnectionImpl_Stub#queryMBeans(javax.management.ObjectName, java.rmi.MarshalledObject, javax.security.auth.Subject)#2&quot; }"/>
        </annotation>
    </item>
    <item name='javax.management.remote.rmi.RMIConnection java.util.Set&lt;javax.management.ObjectName&gt; queryNames(javax.management.ObjectName, java.rmi.MarshalledObject, javax.security.auth.Subject)'>
        <annotation name='com.intellij.inspections.tainted.annotation.equation.Equations'>
            <val val="{ &quot;query := RMIConnectionImpl#queryNames(javax.management.ObjectName, java.rmi.MarshalledObject, javax.security.auth.Subject)#1 &amp; RMIConnectionImpl_Stub#queryNames(javax.management.ObjectName, java.rmi.MarshalledObject, javax.security.auth.Subject)#1&quot;, &quot;delegationSubject := RMIConnector.RemoteMBeanServerConnection &amp; RMIConnectionImpl#queryNames(javax.management.ObjectName, java.rmi.MarshalledObject, javax.security.auth.Subject)#2 &amp; RMIConnectionImpl_Stub#queryNames(javax.management.ObjectName, java.rmi.MarshalledObject, javax.security.auth.Subject)#2&quot;, &quot;queryNames := RMIConnectionImpl#queryNames(javax.management.ObjectName, java.rmi.MarshalledObject, javax.security.auth.Subject) &amp; RMIConnectionImpl_Stub#queryNames(javax.management.ObjectName, java.rmi.MarshalledObject, javax.security.auth.Subject)&quot;, &quot;name := RMIConnector.RemoteMBeanServerConnection#queryNames(javax.management.ObjectName, javax.management.QueryExp)#0 &amp; RMIConnectionImpl#queryNames(javax.management.ObjectName, java.rmi.MarshalledObject, javax.security.auth.Subject)#0 &amp; RMIConnectionImpl_Stub#queryNames(javax.management.ObjectName, java.rmi.MarshalledObject, javax.security.auth.Subject)#0&quot; }"/>
        </annotation>
    </item>
    <item name='javax.management.remote.rmi.RMIConnection javax.management.AttributeList getAttributes(javax.management.ObjectName, java.lang.String[], javax.security.auth.Subject)'>
        <annotation name='com.intellij.inspections.tainted.annotation.equation.Equations'>
            <val val="{ &quot;getAttributes := RMIConnectionImpl_Stub#getAttributes(javax.management.ObjectName, java.lang.String[], javax.security.auth.Subject) &amp; RMIConnectionImpl#getAttributes(javax.management.ObjectName, java.lang.String[], javax.security.auth.Subject)&quot;, &quot;name := RMIConnectionImpl_Stub#getAttributes(javax.management.ObjectName, java.lang.String[], javax.security.auth.Subject)#0 &amp; RMIConnectionImpl#getAttributes(javax.management.ObjectName, java.lang.String[], javax.security.auth.Subject)#0&quot;, &quot;delegationSubject := RMIConnectionImpl_Stub#getAttributes(javax.management.ObjectName, java.lang.String[], javax.security.auth.Subject)#2 &amp; RMIConnectionImpl#getAttributes(javax.management.ObjectName, java.lang.String[], javax.security.auth.Subject)#2&quot;, &quot;attributes := RMIConnectionImpl_Stub#getAttributes(javax.management.ObjectName, java.lang.String[], javax.security.auth.Subject)#1 &amp; RMIConnectionImpl#getAttributes(javax.management.ObjectName, java.lang.String[], javax.security.auth.Subject)#1&quot; }"/>
        </annotation>
    </item>
    <item name='javax.management.remote.rmi.RMIConnection javax.management.AttributeList setAttributes(javax.management.ObjectName, java.rmi.MarshalledObject, javax.security.auth.Subject)'>
        <annotation name='com.intellij.inspections.tainted.annotation.equation.Equations'>
            <val val="{ &quot;attributes := RMIConnectionImpl#setAttributes(javax.management.ObjectName, java.rmi.MarshalledObject, javax.security.auth.Subject)#1 &amp; RMIConnectionImpl_Stub#setAttributes(javax.management.ObjectName, java.rmi.MarshalledObject, javax.security.auth.Subject)#1&quot;, &quot;name := RMIConnector.RemoteMBeanServerConnection#setAttributes(javax.management.ObjectName, javax.management.AttributeList)#0 &amp; RMIConnectionImpl#setAttributes(javax.management.ObjectName, java.rmi.MarshalledObject, javax.security.auth.Subject)#0 &amp; RMIConnectionImpl_Stub#setAttributes(javax.management.ObjectName, java.rmi.MarshalledObject, javax.security.auth.Subject)#0&quot;, &quot;delegationSubject := RMIConnector.RemoteMBeanServerConnection &amp; RMIConnectionImpl#setAttributes(javax.management.ObjectName, java.rmi.MarshalledObject, javax.security.auth.Subject)#2 &amp; RMIConnectionImpl_Stub#setAttributes(javax.management.ObjectName, java.rmi.MarshalledObject, javax.security.auth.Subject)#2&quot;, &quot;setAttributes := RMIConnectionImpl#setAttributes(javax.management.ObjectName, java.rmi.MarshalledObject, javax.security.auth.Subject) &amp; RMIConnectionImpl_Stub#setAttributes(javax.management.ObjectName, java.rmi.MarshalledObject, javax.security.auth.Subject)&quot; }"/>
        </annotation>
    </item>
    <item name='javax.management.remote.rmi.RMIConnection javax.management.MBeanInfo getMBeanInfo(javax.management.ObjectName, javax.security.auth.Subject)'>
        <annotation name='com.intellij.inspections.tainted.annotation.equation.Equations'>
            <val val="{ &quot;name := RMIConnector.RemoteMBeanServerConnection#getMBeanInfo(javax.management.ObjectName)#0 &amp; RMIConnectionImpl#getMBeanInfo(javax.management.ObjectName, javax.security.auth.Subject)#0 &amp; RMIConnectionImpl_Stub#getMBeanInfo(javax.management.ObjectName, javax.security.auth.Subject)#0&quot;, &quot;getMBeanInfo := RMIConnectionImpl#getMBeanInfo(javax.management.ObjectName, javax.security.auth.Subject) &amp; RMIConnectionImpl_Stub#getMBeanInfo(javax.management.ObjectName, javax.security.auth.Subject)&quot;, &quot;delegationSubject := RMIConnector.RemoteMBeanServerConnection &amp; RMIConnectionImpl#getMBeanInfo(javax.management.ObjectName, javax.security.auth.Subject)#1 &amp; RMIConnectionImpl_Stub#getMBeanInfo(javax.management.ObjectName, javax.security.auth.Subject)#1&quot; }"/>
        </annotation>
    </item>
    <item name='javax.management.remote.rmi.RMIConnection javax.management.ObjectInstance createMBean(java.lang.String, javax.management.ObjectName, java.rmi.MarshalledObject, java.lang.String[], javax.security.auth.Subject)'>
        <annotation name='com.intellij.inspections.tainted.annotation.equation.Equations'>
            <val val="{ &quot;params := RMIConnectionImpl#createMBean(java.lang.String, javax.management.ObjectName, java.rmi.MarshalledObject, java.lang.String[], javax.security.auth.Subject)#2 &amp; RMIConnectionImpl_Stub#createMBean(java.lang.String, javax.management.ObjectName, java.rmi.MarshalledObject, java.lang.String[], javax.security.auth.Subject)#2&quot;, &quot;className := RMIConnector.RemoteMBeanServerConnection#createMBean(java.lang.String, javax.management.ObjectName, java.lang.Object[], java.lang.String[])#0 &amp; RMIConnectionImpl#createMBean(java.lang.String, javax.management.ObjectName, java.rmi.MarshalledObject, java.lang.String[], javax.security.auth.Subject)#0 &amp; RMIConnectionImpl_Stub#createMBean(java.lang.String, javax.management.ObjectName, java.rmi.MarshalledObject, java.lang.String[], javax.security.auth.Subject)#0&quot;, &quot;signature := RMIConnector.RemoteMBeanServerConnection#createMBean(java.lang.String, javax.management.ObjectName, java.lang.Object[], java.lang.String[])#3 &amp; RMIConnectionImpl#createMBean(java.lang.String, javax.management.ObjectName, java.rmi.MarshalledObject, java.lang.String[], javax.security.auth.Subject)#3 &amp; RMIConnectionImpl_Stub#createMBean(java.lang.String, javax.management.ObjectName, java.rmi.MarshalledObject, java.lang.String[], javax.security.auth.Subject)#3&quot;, &quot;name := RMIConnector.RemoteMBeanServerConnection#createMBean(java.lang.String, javax.management.ObjectName, java.lang.Object[], java.lang.String[])#1 &amp; RMIConnectionImpl#createMBean(java.lang.String, javax.management.ObjectName, java.rmi.MarshalledObject, java.lang.String[], javax.security.auth.Subject)#1 &amp; RMIConnectionImpl_Stub#createMBean(java.lang.String, javax.management.ObjectName, java.rmi.MarshalledObject, java.lang.String[], javax.security.auth.Subject)#1&quot;, &quot;delegationSubject := RMIConnector.RemoteMBeanServerConnection &amp; RMIConnectionImpl#createMBean(java.lang.String, javax.management.ObjectName, java.rmi.MarshalledObject, java.lang.String[], javax.security.auth.Subject)#4 &amp; RMIConnectionImpl_Stub#createMBean(java.lang.String, javax.management.ObjectName, java.rmi.MarshalledObject, java.lang.String[], javax.security.auth.Subject)#4&quot;, &quot;createMBean := RMIConnectionImpl#createMBean(java.lang.String, javax.management.ObjectName, java.rmi.MarshalledObject, java.lang.String[], javax.security.auth.Subject) &amp; RMIConnectionImpl_Stub#createMBean(java.lang.String, javax.management.ObjectName, java.rmi.MarshalledObject, java.lang.String[], javax.security.auth.Subject)&quot; }"/>
        </annotation>
    </item>
    <item name='javax.management.remote.rmi.RMIConnection javax.management.ObjectInstance createMBean(java.lang.String, javax.management.ObjectName, javax.management.ObjectName, java.rmi.MarshalledObject, java.lang.String[], javax.security.auth.Subject)'>
        <annotation name='com.intellij.inspections.tainted.annotation.equation.Equations'>
            <val val="{ &quot;signature := RMIConnectionImpl_Stub#createMBean(java.lang.String, javax.management.ObjectName, javax.management.ObjectName, java.rmi.MarshalledObject, java.lang.String[], javax.security.auth.Subject)#4 &amp; RMIConnectionImpl#createMBean(java.lang.String, javax.management.ObjectName, javax.management.ObjectName, java.rmi.MarshalledObject, java.lang.String[], javax.security.auth.Subject)#4&quot;, &quot;createMBean := RMIConnectionImpl_Stub#createMBean(java.lang.String, javax.management.ObjectName, javax.management.ObjectName, java.rmi.MarshalledObject, java.lang.String[], javax.security.auth.Subject) &amp; RMIConnectionImpl#createMBean(java.lang.String, javax.management.ObjectName, javax.management.ObjectName, java.rmi.MarshalledObject, java.lang.String[], javax.security.auth.Subject)&quot;, &quot;loaderName := RMIConnectionImpl_Stub#createMBean(java.lang.String, javax.management.ObjectName, javax.management.ObjectName, java.rmi.MarshalledObject, java.lang.String[], javax.security.auth.Subject)#2 &amp; RMIConnectionImpl#createMBean(java.lang.String, javax.management.ObjectName, javax.management.ObjectName, java.rmi.MarshalledObject, java.lang.String[], javax.security.auth.Subject)#2&quot;, &quot;params := RMIConnectionImpl_Stub#createMBean(java.lang.String, javax.management.ObjectName, javax.management.ObjectName, java.rmi.MarshalledObject, java.lang.String[], javax.security.auth.Subject)#3 &amp; RMIConnectionImpl#createMBean(java.lang.String, javax.management.ObjectName, javax.management.ObjectName, java.rmi.MarshalledObject, java.lang.String[], javax.security.auth.Subject)#3&quot;, &quot;name := RMIConnectionImpl_Stub#createMBean(java.lang.String, javax.management.ObjectName, javax.management.ObjectName, java.rmi.MarshalledObject, java.lang.String[], javax.security.auth.Subject)#1 &amp; RMIConnectionImpl#createMBean(java.lang.String, javax.management.ObjectName, javax.management.ObjectName, java.rmi.MarshalledObject, java.lang.String[], javax.security.auth.Subject)#1&quot;, &quot;className := RMIConnectionImpl_Stub#createMBean(java.lang.String, javax.management.ObjectName, javax.management.ObjectName, java.rmi.MarshalledObject, java.lang.String[], javax.security.auth.Subject)#0 &amp; RMIConnectionImpl#createMBean(java.lang.String, javax.management.ObjectName, javax.management.ObjectName, java.rmi.MarshalledObject, java.lang.String[], javax.security.auth.Subject)#0&quot;, &quot;delegationSubject := RMIConnectionImpl_Stub#createMBean(java.lang.String, javax.management.ObjectName, javax.management.ObjectName, java.rmi.MarshalledObject, java.lang.String[], javax.security.auth.Subject)#5 &amp; RMIConnectionImpl#createMBean(java.lang.String, javax.management.ObjectName, javax.management.ObjectName, java.rmi.MarshalledObject, java.lang.String[], javax.security.auth.Subject)#5&quot; }"/>
        </annotation>
    </item>
    <item name='javax.management.remote.rmi.RMIConnection javax.management.ObjectInstance createMBean(java.lang.String, javax.management.ObjectName, javax.management.ObjectName, javax.security.auth.Subject)'>
        <annotation name='com.intellij.inspections.tainted.annotation.equation.Equations'>
            <val val="{ &quot;delegationSubject := RMIConnectionImpl_Stub#createMBean(java.lang.String, javax.management.ObjectName, javax.management.ObjectName, javax.security.auth.Subject)#3 &amp; RMIConnectionImpl#createMBean(java.lang.String, javax.management.ObjectName, javax.management.ObjectName, javax.security.auth.Subject)#3&quot;, &quot;loaderName := RMIConnectionImpl_Stub#createMBean(java.lang.String, javax.management.ObjectName, javax.management.ObjectName, javax.security.auth.Subject)#2 &amp; RMIConnectionImpl#createMBean(java.lang.String, javax.management.ObjectName, javax.management.ObjectName, javax.security.auth.Subject)#2&quot;, &quot;className := RMIConnectionImpl_Stub#createMBean(java.lang.String, javax.management.ObjectName, javax.management.ObjectName, javax.security.auth.Subject)#0 &amp; RMIConnectionImpl#createMBean(java.lang.String, javax.management.ObjectName, javax.management.ObjectName, javax.security.auth.Subject)#0&quot;, &quot;name := RMIConnectionImpl_Stub#createMBean(java.lang.String, javax.management.ObjectName, javax.management.ObjectName, javax.security.auth.Subject)#1 &amp; RMIConnectionImpl#createMBean(java.lang.String, javax.management.ObjectName, javax.management.ObjectName, javax.security.auth.Subject)#1&quot;, &quot;createMBean := RMIConnectionImpl_Stub#createMBean(java.lang.String, javax.management.ObjectName, javax.management.ObjectName, javax.security.auth.Subject) &amp; RMIConnectionImpl#createMBean(java.lang.String, javax.management.ObjectName, javax.management.ObjectName, javax.security.auth.Subject)&quot; }"/>
        </annotation>
    </item>
    <item name='javax.management.remote.rmi.RMIConnection javax.management.ObjectInstance createMBean(java.lang.String, javax.management.ObjectName, javax.security.auth.Subject)'>
        <annotation name='com.intellij.inspections.tainted.annotation.equation.Equations'>
            <val val="{ &quot;className := RMIConnector.RemoteMBeanServerConnection#createMBean(java.lang.String, javax.management.ObjectName)#0 &amp; RMIConnectionImpl#createMBean(java.lang.String, javax.management.ObjectName, javax.security.auth.Subject)#0 &amp; RMIConnectionImpl_Stub#createMBean(java.lang.String, javax.management.ObjectName, javax.security.auth.Subject)#0&quot;, &quot;delegationSubject := RMIConnector.RemoteMBeanServerConnection &amp; RMIConnectionImpl#createMBean(java.lang.String, javax.management.ObjectName, javax.security.auth.Subject)#2 &amp; RMIConnectionImpl_Stub#createMBean(java.lang.String, javax.management.ObjectName, javax.security.auth.Subject)#2&quot;, &quot;createMBean := RMIConnectionImpl#createMBean(java.lang.String, javax.management.ObjectName, javax.security.auth.Subject) &amp; RMIConnectionImpl_Stub#createMBean(java.lang.String, javax.management.ObjectName, javax.security.auth.Subject)&quot;, &quot;name := RMIConnector.RemoteMBeanServerConnection#createMBean(java.lang.String, javax.management.ObjectName)#1 &amp; RMIConnectionImpl#createMBean(java.lang.String, javax.management.ObjectName, javax.security.auth.Subject)#1 &amp; RMIConnectionImpl_Stub#createMBean(java.lang.String, javax.management.ObjectName, javax.security.auth.Subject)#1&quot; }"/>
        </annotation>
    </item>
    <item name='javax.management.remote.rmi.RMIConnection javax.management.ObjectInstance getObjectInstance(javax.management.ObjectName, javax.security.auth.Subject)'>
        <annotation name='com.intellij.inspections.tainted.annotation.equation.Equations'>
            <val val="{ &quot;delegationSubject := RMIConnector.RemoteMBeanServerConnection &amp; RMIConnectionImpl#getObjectInstance(javax.management.ObjectName, javax.security.auth.Subject)#1 &amp; RMIConnectionImpl_Stub#getObjectInstance(javax.management.ObjectName, javax.security.auth.Subject)#1&quot;, &quot;name := RMIConnector.RemoteMBeanServerConnection#getObjectInstance(javax.management.ObjectName)#0 &amp; RMIConnectionImpl#getObjectInstance(javax.management.ObjectName, javax.security.auth.Subject)#0 &amp; RMIConnectionImpl_Stub#getObjectInstance(javax.management.ObjectName, javax.security.auth.Subject)#0&quot;, &quot;getObjectInstance := RMIConnectionImpl#getObjectInstance(javax.management.ObjectName, javax.security.auth.Subject) &amp; RMIConnectionImpl_Stub#getObjectInstance(javax.management.ObjectName, javax.security.auth.Subject)&quot; }"/>
        </annotation>
    </item>
    <item name='javax.management.remote.rmi.RMIConnection javax.management.remote.NotificationResult fetchNotifications(long, int, long)'>
        <annotation name='com.intellij.inspections.tainted.annotation.equation.Equations'>
            <val val="{ &quot;maxNotifications := RMIConnectionImpl_Stub#fetchNotifications(long, int, long)#1 &amp; RMIConnectionImpl#fetchNotifications(long, int, long)#1&quot;, &quot;timeout := RMIConnectionImpl_Stub#fetchNotifications(long, int, long)#2 &amp; RMIConnectionImpl#fetchNotifications(long, int, long)#2&quot;, &quot;fetchNotifications := RMIConnectionImpl_Stub#fetchNotifications(long, int, long) &amp; RMIConnectionImpl#fetchNotifications(long, int, long)&quot;, &quot;clientSequenceNumber := RMIConnectionImpl_Stub#fetchNotifications(long, int, long)#0 &amp; RMIConnectionImpl#fetchNotifications(long, int, long)#0&quot; }"/>
        </annotation>
    </item>
    <item name='javax.management.remote.rmi.RMIConnection void addNotificationListener(javax.management.ObjectName, javax.management.ObjectName, java.rmi.MarshalledObject, java.rmi.MarshalledObject, javax.security.auth.Subject)'>
        <annotation name='com.intellij.inspections.tainted.annotation.equation.Equations'>
            <val val="{ &quot;filter := RMIConnectionImpl#addNotificationListener(javax.management.ObjectName, javax.management.ObjectName, java.rmi.MarshalledObject, java.rmi.MarshalledObject, javax.security.auth.Subject)#2 &amp; RMIConnectionImpl_Stub#addNotificationListener(javax.management.ObjectName, javax.management.ObjectName, java.rmi.MarshalledObject, java.rmi.MarshalledObject, javax.security.auth.Subject)#2&quot;, &quot;name := RMIConnectionImpl#addNotificationListener(javax.management.ObjectName, javax.management.ObjectName, java.rmi.MarshalledObject, java.rmi.MarshalledObject, javax.security.auth.Subject)#0 &amp; RMIConnectionImpl_Stub#addNotificationListener(javax.management.ObjectName, javax.management.ObjectName, java.rmi.MarshalledObject, java.rmi.MarshalledObject, javax.security.auth.Subject)#0&quot;, &quot;handback := RMIConnectionImpl#addNotificationListener(javax.management.ObjectName, javax.management.ObjectName, java.rmi.MarshalledObject, java.rmi.MarshalledObject, javax.security.auth.Subject)#3 &amp; RMIConnectionImpl_Stub#addNotificationListener(javax.management.ObjectName, javax.management.ObjectName, java.rmi.MarshalledObject, java.rmi.MarshalledObject, javax.security.auth.Subject)#3&quot;, &quot;listener := RMIConnectionImpl#addNotificationListener(javax.management.ObjectName, javax.management.ObjectName, java.rmi.MarshalledObject, java.rmi.MarshalledObject, javax.security.auth.Subject)#1 &amp; RMIConnectionImpl_Stub#addNotificationListener(javax.management.ObjectName, javax.management.ObjectName, java.rmi.MarshalledObject, java.rmi.MarshalledObject, javax.security.auth.Subject)#1&quot;, &quot;delegationSubject := RMIConnectionImpl#addNotificationListener(javax.management.ObjectName, javax.management.ObjectName, java.rmi.MarshalledObject, java.rmi.MarshalledObject, javax.security.auth.Subject)#4 &amp; RMIConnectionImpl_Stub#addNotificationListener(javax.management.ObjectName, javax.management.ObjectName, java.rmi.MarshalledObject, java.rmi.MarshalledObject, javax.security.auth.Subject)#4&quot; }"/>
        </annotation>
    </item>
    <item name='javax.management.remote.rmi.RMIConnection void removeNotificationListener(javax.management.ObjectName, javax.management.ObjectName, java.rmi.MarshalledObject, java.rmi.MarshalledObject, javax.security.auth.Subject)'>
        <annotation name='com.intellij.inspections.tainted.annotation.equation.Equations'>
            <val val="{ &quot;filter := RMIConnectionImpl#removeNotificationListener(javax.management.ObjectName, javax.management.ObjectName, java.rmi.MarshalledObject, java.rmi.MarshalledObject, javax.security.auth.Subject)#2 &amp; RMIConnectionImpl_Stub#removeNotificationListener(javax.management.ObjectName, javax.management.ObjectName, java.rmi.MarshalledObject, java.rmi.MarshalledObject, javax.security.auth.Subject)#2&quot;, &quot;name := RMIConnectionImpl#removeNotificationListener(javax.management.ObjectName, javax.management.ObjectName, java.rmi.MarshalledObject, java.rmi.MarshalledObject, javax.security.auth.Subject)#0 &amp; RMIConnectionImpl_Stub#removeNotificationListener(javax.management.ObjectName, javax.management.ObjectName, java.rmi.MarshalledObject, java.rmi.MarshalledObject, javax.security.auth.Subject)#0&quot;, &quot;delegationSubject := RMIConnectionImpl#removeNotificationListener(javax.management.ObjectName, javax.management.ObjectName, java.rmi.MarshalledObject, java.rmi.MarshalledObject, javax.security.auth.Subject)#4 &amp; RMIConnectionImpl_Stub#removeNotificationListener(javax.management.ObjectName, javax.management.ObjectName, java.rmi.MarshalledObject, java.rmi.MarshalledObject, javax.security.auth.Subject)#4&quot;, &quot;listener := RMIConnectionImpl#removeNotificationListener(javax.management.ObjectName, javax.management.ObjectName, java.rmi.MarshalledObject, java.rmi.MarshalledObject, javax.security.auth.Subject)#1 &amp; RMIConnectionImpl_Stub#removeNotificationListener(javax.management.ObjectName, javax.management.ObjectName, java.rmi.MarshalledObject, java.rmi.MarshalledObject, javax.security.auth.Subject)#1&quot;, &quot;handback := RMIConnectionImpl#removeNotificationListener(javax.management.ObjectName, javax.management.ObjectName, java.rmi.MarshalledObject, java.rmi.MarshalledObject, javax.security.auth.Subject)#3 &amp; RMIConnectionImpl_Stub#removeNotificationListener(javax.management.ObjectName, javax.management.ObjectName, java.rmi.MarshalledObject, java.rmi.MarshalledObject, javax.security.auth.Subject)#3&quot; }"/>
        </annotation>
    </item>
    <item name='javax.management.remote.rmi.RMIConnection void removeNotificationListener(javax.management.ObjectName, javax.management.ObjectName, javax.security.auth.Subject)'>
        <annotation name='com.intellij.inspections.tainted.annotation.equation.Equations'>
            <val val="{ &quot;name := RMIConnectionImpl#removeNotificationListener(javax.management.ObjectName, javax.management.ObjectName, javax.security.auth.Subject)#0 &amp; RMIConnectionImpl_Stub#removeNotificationListener(javax.management.ObjectName, javax.management.ObjectName, javax.security.auth.Subject)#0&quot;, &quot;listener := RMIConnectionImpl#removeNotificationListener(javax.management.ObjectName, javax.management.ObjectName, javax.security.auth.Subject)#1 &amp; RMIConnectionImpl_Stub#removeNotificationListener(javax.management.ObjectName, javax.management.ObjectName, javax.security.auth.Subject)#1&quot;, &quot;delegationSubject := RMIConnectionImpl#removeNotificationListener(javax.management.ObjectName, javax.management.ObjectName, javax.security.auth.Subject)#2 &amp; RMIConnectionImpl_Stub#removeNotificationListener(javax.management.ObjectName, javax.management.ObjectName, javax.security.auth.Subject)#2&quot; }"/>
        </annotation>
    </item>
    <item name='javax.management.remote.rmi.RMIConnection void removeNotificationListeners(javax.management.ObjectName, java.lang.Integer[], javax.security.auth.Subject)'>
        <annotation name='com.intellij.inspections.tainted.annotation.equation.Equations'>
            <val val="{ &quot;name := RMIConnectionImpl_Stub#removeNotificationListeners(javax.management.ObjectName, java.lang.Integer[], javax.security.auth.Subject)#0 &amp; RMIConnectionImpl#removeNotificationListeners(javax.management.ObjectName, java.lang.Integer[], javax.security.auth.Subject)#0&quot;, &quot;listenerIDs := RMIConnectionImpl_Stub#removeNotificationListeners(javax.management.ObjectName, java.lang.Integer[], javax.security.auth.Subject)#1 &amp; RMIConnectionImpl#removeNotificationListeners(javax.management.ObjectName, java.lang.Integer[], javax.security.auth.Subject)#1&quot;, &quot;delegationSubject := RMIConnectionImpl_Stub#removeNotificationListeners(javax.management.ObjectName, java.lang.Integer[], javax.security.auth.Subject)#2 &amp; RMIConnectionImpl#removeNotificationListeners(javax.management.ObjectName, java.lang.Integer[], javax.security.auth.Subject)#2&quot; }"/>
        </annotation>
    </item>
    <item name='javax.management.remote.rmi.RMIConnection void setAttribute(javax.management.ObjectName, java.rmi.MarshalledObject, javax.security.auth.Subject)'>
        <annotation name='com.intellij.inspections.tainted.annotation.equation.Equations'>
            <val val="{ &quot;attribute := RMIConnectionImpl_Stub#setAttribute(javax.management.ObjectName, java.rmi.MarshalledObject, javax.security.auth.Subject)#1 &amp; RMIConnectionImpl#setAttribute(javax.management.ObjectName, java.rmi.MarshalledObject, javax.security.auth.Subject)#1&quot;, &quot;delegationSubject := RMIConnectionImpl_Stub#setAttribute(javax.management.ObjectName, java.rmi.MarshalledObject, javax.security.auth.Subject)#2 &amp; RMIConnectionImpl#setAttribute(javax.management.ObjectName, java.rmi.MarshalledObject, javax.security.auth.Subject)#2&quot;, &quot;name := RMIConnectionImpl_Stub#setAttribute(javax.management.ObjectName, java.rmi.MarshalledObject, javax.security.auth.Subject)#0 &amp; RMIConnectionImpl#setAttribute(javax.management.ObjectName, java.rmi.MarshalledObject, javax.security.auth.Subject)#0&quot; }"/>
        </annotation>
    </item>
    <item name='javax.management.remote.rmi.RMIConnection void unregisterMBean(javax.management.ObjectName, javax.security.auth.Subject)'>
        <annotation name='com.intellij.inspections.tainted.annotation.equation.Equations'>
            <val val="{ &quot;delegationSubject := RMIConnector.RemoteMBeanServerConnection &amp; RMIConnectionImpl#unregisterMBean(javax.management.ObjectName, javax.security.auth.Subject)#1 &amp; RMIConnectionImpl_Stub#unregisterMBean(javax.management.ObjectName, javax.security.auth.Subject)#1&quot;, &quot;name := RMIConnector.RemoteMBeanServerConnection#unregisterMBean(javax.management.ObjectName)#0 &amp; RMIConnectionImpl#unregisterMBean(javax.management.ObjectName, javax.security.auth.Subject)#0 &amp; RMIConnectionImpl_Stub#unregisterMBean(javax.management.ObjectName, javax.security.auth.Subject)#0&quot; }"/>
        </annotation>
    </item>
    <item name='javax.management.remote.rmi.RMIConnectionImpl RMIConnectionImpl(javax.management.remote.rmi.RMIServerImpl, java.lang.String, java.lang.ClassLoader, javax.security.auth.Subject, java.util.Map&lt;java.lang.String,?&gt;)'>
        <annotation name='com.intellij.inspections.tainted.annotation.equation.Equations'>
            <val val="{ &quot;env := RMIIIOPServerImpl &amp; RMIJRMPServerImpl&quot;, &quot;subject := RMIIIOPServerImpl#makeClient(java.lang.String, javax.security.auth.Subject)#1 &amp; RMIJRMPServerImpl#makeClient(java.lang.String, javax.security.auth.Subject)#1&quot;, &quot;connectionId := RMIIIOPServerImpl#makeClient(java.lang.String, javax.security.auth.Subject)#0 &amp; RMIJRMPServerImpl#makeClient(java.lang.String, javax.security.auth.Subject)#0&quot;, &quot;RMIConnectionImpl := RMIConnectionImpl&quot;, &quot;rmiServer := RMIIIOPServerImpl &amp; RMIJRMPServerImpl&quot; }"/>
        </annotation>
    </item>
    <item name='javax.management.remote.rmi.RMIConnectionImpl T unwrap(java.rmi.MarshalledObject&lt;?&gt;, java.lang.ClassLoader, java.lang.Class&lt;T&gt;, javax.security.auth.Subject)'>
        <annotation name='com.intellij.inspections.tainted.annotation.equation.Equations'>
            <val val="{ &quot;mo := #createMBean(java.lang.String, javax.management.ObjectName, java.rmi.MarshalledObject, java.lang.String[], javax.security.auth.Subject)#2 &amp; #queryMBeans(javax.management.ObjectName, java.rmi.MarshalledObject, javax.security.auth.Subject)#1 &amp; #queryNames(javax.management.ObjectName, java.rmi.MarshalledObject, javax.security.auth.Subject)#1 &amp; #unwrap(java.rmi.MarshalledObject, java.lang.ClassLoader, java.lang.ClassLoader, java.lang.Class, javax.security.auth.Subject)#0&quot;, &quot;wrappedClass := #unwrap(java.rmi.MarshalledObject, java.lang.ClassLoader, java.lang.ClassLoader, java.lang.Class, javax.security.auth.Subject)#3&quot;, &quot;delegationSubject := #createMBean(java.lang.String, javax.management.ObjectName, java.rmi.MarshalledObject, java.lang.String[], javax.security.auth.Subject)#4 &amp; #queryMBeans(javax.management.ObjectName, java.rmi.MarshalledObject, javax.security.auth.Subject)#2 &amp; #queryNames(javax.management.ObjectName, java.rmi.MarshalledObject, javax.security.auth.Subject)#2 &amp; #unwrap(java.rmi.MarshalledObject, java.lang.ClassLoader, java.lang.ClassLoader, java.lang.Class, javax.security.auth.Subject)#4&quot;, &quot;cl := RMIConnectionImpl&quot; }"/>
        </annotation>
    </item>
    <item name='javax.management.remote.rmi.RMIConnectionImpl T unwrap(java.rmi.MarshalledObject&lt;?&gt;, java.lang.ClassLoader, java.lang.ClassLoader, java.lang.Class&lt;T&gt;, javax.security.auth.Subject)'>
        <annotation name='com.intellij.inspections.tainted.annotation.equation.Equations'>
            <val val="{ &quot;cl2 := RMIConnectionImpl&quot;, &quot;cl1 := &quot;, &quot;mo := #removeNotificationListener(javax.management.ObjectName, javax.management.ObjectName, java.rmi.MarshalledObject, java.rmi.MarshalledObject, javax.security.auth.Subject)#2 &amp; #removeNotificationListener(javax.management.ObjectName, javax.management.ObjectName, java.rmi.MarshalledObject, java.rmi.MarshalledObject, javax.security.auth.Subject)#3 &amp; #addNotificationListener(javax.management.ObjectName, javax.management.ObjectName, java.rmi.MarshalledObject, java.rmi.MarshalledObject, javax.security.auth.Subject)#2 &amp; #addNotificationListener(javax.management.ObjectName, javax.management.ObjectName, java.rmi.MarshalledObject, java.rmi.MarshalledObject, javax.security.auth.Subject)#3 &amp; #setAttribute(javax.management.ObjectName, java.rmi.MarshalledObject, javax.security.auth.Subject)#1 &amp; #createMBean(java.lang.String, javax.management.ObjectName, javax.management.ObjectName, java.rmi.MarshalledObject, java.lang.String[], javax.security.auth.Subject)#3 &amp; #setAttributes(javax.management.ObjectName, java.rmi.MarshalledObject, javax.security.auth.Subject)#1 &amp; #invoke(javax.management.ObjectName, java.lang.String, java.rmi.MarshalledObject, java.lang.String[], javax.security.auth.Subject)#2 &amp; #addNotificationListeners(javax.management.ObjectName[], java.rmi.MarshalledObject[], javax.security.auth.Subject[])#1&quot;, &quot;delegationSubject := #removeNotificationListener(javax.management.ObjectName, javax.management.ObjectName, java.rmi.MarshalledObject, java.rmi.MarshalledObject, javax.security.auth.Subject)#4 &amp; #addNotificationListener(javax.management.ObjectName, javax.management.ObjectName, java.rmi.MarshalledObject, java.rmi.MarshalledObject, javax.security.auth.Subject)#4 &amp; #setAttribute(javax.management.ObjectName, java.rmi.MarshalledObject, javax.security.auth.Subject)#2 &amp; #createMBean(java.lang.String, javax.management.ObjectName, javax.management.ObjectName, java.rmi.MarshalledObject, java.lang.String[], javax.security.auth.Subject)#5 &amp; #setAttributes(javax.management.ObjectName, java.rmi.MarshalledObject, javax.security.auth.Subject)#2 &amp; #invoke(javax.management.ObjectName, java.lang.String, java.rmi.MarshalledObject, java.lang.String[], javax.security.auth.Subject)#4 &amp; #addNotificationListeners(javax.management.ObjectName[], java.rmi.MarshalledObject[], javax.security.auth.Subject[])#2&quot; }"/>
        </annotation>
    </item>
    <item name='javax.management.remote.rmi.RMIConnectionImpl com.sun.jmx.remote.internal.ServerNotifForwarder getServerNotifFwd()'>
        <annotation name='com.intellij.inspections.tainted.annotation.equation.Equations'>
            <val val="{ &quot;getServerNotifFwd := RMIConnectionImpl&quot; }"/>
        </annotation>
    </item>
    <item name='javax.management.remote.rmi.RMIConnectionImpl java.lang.ClassLoader getClassLoader(javax.management.ObjectName)'>
        <annotation name='com.intellij.inspections.tainted.annotation.equation.Equations'>
            <val val="{ &quot;name := #createMBean(java.lang.String, javax.management.ObjectName, javax.management.ObjectName, java.rmi.MarshalledObject, java.lang.String[], javax.security.auth.Subject)#2&quot; }"/>
        </annotation>
    </item>
    <item name='javax.management.remote.rmi.RMIConnectionImpl java.lang.ClassLoader getClassLoaderFor(javax.management.ObjectName)'>
        <annotation name='com.intellij.inspections.tainted.annotation.equation.Equations'>
            <val val="{ &quot;name := #removeNotificationListener(javax.management.ObjectName, javax.management.ObjectName, java.rmi.MarshalledObject, java.rmi.MarshalledObject, javax.security.auth.Subject)#0 &amp; #addNotificationListener(javax.management.ObjectName, javax.management.ObjectName, java.rmi.MarshalledObject, java.rmi.MarshalledObject, javax.security.auth.Subject)#0 &amp; #setAttribute(javax.management.ObjectName, java.rmi.MarshalledObject, javax.security.auth.Subject)#0 &amp; #setAttributes(javax.management.ObjectName, java.rmi.MarshalledObject, javax.security.auth.Subject)#0 &amp; #invoke(javax.management.ObjectName, java.lang.String, java.rmi.MarshalledObject, java.lang.String[], javax.security.auth.Subject)#0 &amp; #addNotificationListeners(javax.management.ObjectName[], java.rmi.MarshalledObject[], javax.security.auth.Subject[])#0&quot; }"/>
        </annotation>
    </item>
    <item name='javax.management.remote.rmi.RMIConnectionImpl java.lang.Exception extractException(java.lang.Exception)'>
        <annotation name='com.intellij.inspections.tainted.annotation.equation.Equations'>
            <val val="{ &quot;extractException := e&quot; }"/>
        </annotation>
    </item>
    <item name='javax.management.remote.rmi.RMIConnectionImpl java.lang.Object doOperation(int, java.lang.Object[])'>
        <annotation name='com.intellij.inspections.tainted.annotation.equation.Equations'>
            <val val="{ &quot;doOperation := java.lang.Boolean#TRUE &amp; java.lang.Boolean#FALSE&quot;, &quot;operation := RMIConnectionImpl.PrivilegedOperation&quot;, &quot;params := RMIConnectionImpl.PrivilegedOperation&quot; }"/>
        </annotation>
    </item>
    <item name='javax.management.remote.rmi.RMIConnectionImpl java.lang.Object doPrivilegedOperation(int, java.lang.Object[], javax.security.auth.Subject)'>
        <annotation name='com.intellij.inspections.tainted.annotation.equation.Equations'>
            <val val="{ &quot;delegationSubject := #removeNotificationListener(javax.management.ObjectName, javax.management.ObjectName, javax.security.auth.Subject)#2 &amp; #removeNotificationListener(javax.management.ObjectName, javax.management.ObjectName, java.rmi.MarshalledObject, java.rmi.MarshalledObject, javax.security.auth.Subject)#4 &amp; #addNotificationListener(javax.management.ObjectName, javax.management.ObjectName, java.rmi.MarshalledObject, java.rmi.MarshalledObject, javax.security.auth.Subject)#4 &amp; #unregisterMBean(javax.management.ObjectName, javax.security.auth.Subject)#1 &amp; #setAttribute(javax.management.ObjectName, java.rmi.MarshalledObject, javax.security.auth.Subject)#2 &amp; #removeNotificationListeners(javax.management.ObjectName, java.lang.Integer[], javax.security.auth.Subject)#2 &amp; #createMBean(java.lang.String, javax.management.ObjectName, javax.security.auth.Subject)#2 &amp; #createMBean(java.lang.String, javax.management.ObjectName, javax.management.ObjectName, javax.security.auth.Subject)#3 &amp; #createMBean(java.lang.String, javax.management.ObjectName, java.rmi.MarshalledObject, java.lang.String[], javax.security.auth.Subject)#4 &amp; #createMBean(java.lang.String, javax.management.ObjectName, javax.management.ObjectName, java.rmi.MarshalledObject, java.lang.String[], javax.security.auth.Subject)#5 &amp; #getObjectInstance(javax.management.ObjectName, javax.security.auth.Subject)#1 &amp; #queryMBeans(javax.management.ObjectName, java.rmi.MarshalledObject, javax.security.auth.Subject)#2 &amp; #queryNames(javax.management.ObjectName, java.rmi.MarshalledObject, javax.security.auth.Subject)#2 &amp; #getMBeanCount(javax.security.auth.Subject)#0 &amp; #getAttribute(javax.management.ObjectName, java.lang.String, javax.security.auth.Subject)#2 &amp; #getAttributes(javax.management.ObjectName, java.lang.String[], javax.security.auth.Subject)#2 &amp; #setAttributes(javax.management.ObjectName, java.rmi.MarshalledObject, javax.security.auth.Subject)#2 &amp; #invoke(javax.management.ObjectName, java.lang.String, java.rmi.MarshalledObject, java.lang.String[], javax.security.auth.Subject)#4 &amp; #getDefaultDomain(javax.security.auth.Subject)#0 &amp; #getDomains(javax.security.auth.Subject)#0 &amp; #getMBeanInfo(javax.management.ObjectName, javax.security.auth.Subject)#1 &amp; #addNotificationListeners(javax.management.ObjectName[], java.rmi.MarshalledObject[], javax.security.auth.Subject[])#2&quot;, &quot;params := #removeNotificationListener(javax.management.ObjectName, javax.management.ObjectName, javax.security.auth.Subject)#0 &amp; #removeNotificationListener(javax.management.ObjectName, javax.management.ObjectName, javax.security.auth.Subject)#1 &amp; #removeNotificationListener(javax.management.ObjectName, javax.management.ObjectName, java.rmi.MarshalledObject, java.rmi.MarshalledObject, javax.security.auth.Subject)#0 &amp; #removeNotificationListener(javax.management.ObjectName, javax.management.ObjectName, java.rmi.MarshalledObject, java.rmi.MarshalledObject, javax.security.auth.Subject)#1 &amp; #addNotificationListener(javax.management.ObjectName, javax.management.ObjectName, java.rmi.MarshalledObject, java.rmi.MarshalledObject, javax.security.auth.Subject)#0 &amp; #addNotificationListener(javax.management.ObjectName, javax.management.ObjectName, java.rmi.MarshalledObject, java.rmi.MarshalledObject, javax.security.auth.Subject)#1 &amp; #unregisterMBean(javax.management.ObjectName, javax.security.auth.Subject)#0 &amp; #setAttribute(javax.management.ObjectName, java.rmi.MarshalledObject, javax.security.auth.Subject)#0 &amp; #removeNotificationListeners(javax.management.ObjectName, java.lang.Integer[], javax.security.auth.Subject)#0 &amp; #removeNotificationListeners(javax.management.ObjectName, java.lang.Integer[], javax.security.auth.Subject)#1 &amp; #createMBean(java.lang.String, javax.management.ObjectName, javax.security.auth.Subject)#0 &amp; #createMBean(java.lang.String, javax.management.ObjectName, javax.security.auth.Subject)#1 &amp; #createMBean(java.lang.String, javax.management.ObjectName, javax.management.ObjectName, javax.security.auth.Subject)#0 &amp; #createMBean(java.lang.String, javax.management.ObjectName, javax.management.ObjectName, javax.security.auth.Subject)#1 &amp; #createMBean(java.lang.String, javax.management.ObjectName, javax.management.ObjectName, javax.security.auth.Subject)#2 &amp; #createMBean(java.lang.String, javax.management.ObjectName, java.rmi.MarshalledObject, java.lang.String[], javax.security.auth.Subject)#0 &amp; #createMBean(java.lang.String, javax.management.ObjectName, java.rmi.MarshalledObject, java.lang.String[], javax.security.auth.Subject)#1 &amp; #createMBean(java.lang.String, javax.management.ObjectName, javax.management.ObjectName, java.rmi.MarshalledObject, java.lang.String[], javax.security.auth.Subject)#0 &amp; #createMBean(java.lang.String, javax.management.ObjectName, javax.management.ObjectName, java.rmi.MarshalledObject, java.lang.String[], javax.security.auth.Subject)#1 &amp; #createMBean(java.lang.String, javax.management.ObjectName, javax.management.ObjectName, java.rmi.MarshalledObject, java.lang.String[], javax.security.auth.Subject)#2 &amp; #getObjectInstance(javax.management.ObjectName, javax.security.auth.Subject)#0 &amp; #queryMBeans(javax.management.ObjectName, java.rmi.MarshalledObject, javax.security.auth.Subject)#0 &amp; #queryNames(javax.management.ObjectName, java.rmi.MarshalledObject, javax.security.auth.Subject)#0 &amp; #getAttribute(javax.management.ObjectName, java.lang.String, javax.security.auth.Subject)#0 &amp; #getAttribute(javax.management.ObjectName, java.lang.String, javax.security.auth.Subject)#1 &amp; #getAttributes(javax.management.ObjectName, java.lang.String[], javax.security.auth.Subject)#0 &amp; #getAttributes(javax.management.ObjectName, java.lang.String[], javax.security.auth.Subject)#1 &amp; #setAttributes(javax.management.ObjectName, java.rmi.MarshalledObject, javax.security.auth.Subject)#0 &amp; #invoke(javax.management.ObjectName, java.lang.String, java.rmi.MarshalledObject, java.lang.String[], javax.security.auth.Subject)#0 &amp; #invoke(javax.management.ObjectName, java.lang.String, java.rmi.MarshalledObject, java.lang.String[], javax.security.auth.Subject)#1 &amp; #getMBeanInfo(javax.management.ObjectName, javax.security.auth.Subject)#0 &amp; #addNotificationListeners(javax.management.ObjectName[], java.rmi.MarshalledObject[], javax.security.auth.Subject[])#0&quot;, &quot;operation := #REMOVE_NOTIFICATION_LISTENER_OBJECTNAME &amp; #REMOVE_NOTIFICATION_LISTENER_OBJECTNAME_FILTER_HANDBACK &amp; #ADD_NOTIFICATION_LISTENER_OBJECTNAME &amp; #UNREGISTER_MBEAN &amp; #SET_ATTRIBUTE &amp; #REMOVE_NOTIFICATION_LISTENER &amp; #CREATE_MBEAN &amp; #CREATE_MBEAN_LOADER &amp; #CREATE_MBEAN_PARAMS &amp; #CREATE_MBEAN_LOADER_PARAMS &amp; #GET_OBJECT_INSTANCE &amp; #QUERY_MBEANS &amp; #QUERY_NAMES &amp; #GET_MBEAN_COUNT &amp; #GET_ATTRIBUTE &amp; #GET_ATTRIBUTES &amp; #SET_ATTRIBUTES &amp; #INVOKE &amp; #GET_DEFAULT_DOMAIN &amp; #GET_DOMAINS &amp; #GET_MBEAN_INFO &amp; #ADD_NOTIFICATION_LISTENERS&quot; }"/>
        </annotation>
    </item>
    <item name='javax.management.remote.rmi.RMIConnectionImpl java.lang.Object[] nullIsEmpty(java.lang.Object[])'>
        <annotation name='com.intellij.inspections.tainted.annotation.equation.Equations'>
            <val val="{ &quot;nullIsEmpty := #NO_OBJECTS &amp; array&quot; }"/>
        </annotation>
    </item>
    <item name='javax.management.remote.rmi.RMIConnectionImpl java.lang.String getConnectionId()'>
        <annotation name='com.intellij.inspections.tainted.annotation.equation.Equations'>
            <val val="{ &quot;getConnectionId := RMIConnectionImpl&quot; }"/>
        </annotation>
    </item>
    <item name='javax.management.remote.rmi.RMIConnectionImpl java.lang.String objects(java.lang.Object[])'>
        <annotation name='com.intellij.inspections.tainted.annotation.equation.Equations'>
            <val val="{ &quot;objs := #removeNotificationListeners(javax.management.ObjectName, java.lang.Integer[], javax.security.auth.Subject)#1 &amp; #strings(java.lang.String[])#0&quot; }"/>
        </annotation>
    </item>
    <item name='javax.management.remote.rmi.RMIConnectionImpl java.lang.String strings(java.lang.String[])'>
        <annotation name='com.intellij.inspections.tainted.annotation.equation.Equations'>
            <val val="{ &quot;strs := #createMBean(java.lang.String, javax.management.ObjectName, java.rmi.MarshalledObject, java.lang.String[], javax.security.auth.Subject)#3 &amp; #createMBean(java.lang.String, javax.management.ObjectName, javax.management.ObjectName, java.rmi.MarshalledObject, java.lang.String[], javax.security.auth.Subject)#4 &amp; #getAttributes(javax.management.ObjectName, java.lang.String[], javax.security.auth.Subject)#1 &amp; #invoke(javax.management.ObjectName, java.lang.String, java.rmi.MarshalledObject, java.lang.String[], javax.security.auth.Subject)#3&quot; }"/>
        </annotation>
    </item>
    <item name='javax.management.remote.rmi.RMIConnectionImpl java.lang.String toString()'>
        <annotation name='com.intellij.inspections.tainted.annotation.equation.Equations'>
            <val val="{ &quot;toString := RMIConnectionImpl&quot; }"/>
        </annotation>
    </item>
    <item name='javax.management.remote.rmi.RMIConnectionImpl java.lang.String[] nullIsEmpty(java.lang.String[])'>
        <annotation name='com.intellij.inspections.tainted.annotation.equation.Equations'>
            <val val="{ &quot;nullIsEmpty := #NO_STRINGS &amp; array&quot;, &quot;array := #createMBean(java.lang.String, javax.management.ObjectName, java.rmi.MarshalledObject, java.lang.String[], javax.security.auth.Subject)#3 &amp; #createMBean(java.lang.String, javax.management.ObjectName, javax.management.ObjectName, java.rmi.MarshalledObject, java.lang.String[], javax.security.auth.Subject)#4 &amp; #invoke(javax.management.ObjectName, java.lang.String, java.rmi.MarshalledObject, java.lang.String[], javax.security.auth.Subject)#3&quot; }"/>
        </annotation>
    </item>
    <item name='javax.management.remote.rmi.RMIConnectionImpl void checkNonNull(java.lang.String, java.lang.Object)'>
        <annotation name='com.intellij.inspections.tainted.annotation.equation.Equations'>
            <val val="{ &quot;x := #getObjectInstance(javax.management.ObjectName, javax.security.auth.Subject)#0 &amp; #invoke(javax.management.ObjectName, java.lang.String, java.rmi.MarshalledObject, java.lang.String[], javax.security.auth.Subject)#0 &amp; #invoke(javax.management.ObjectName, java.lang.String, java.rmi.MarshalledObject, java.lang.String[], javax.security.auth.Subject)#1 &amp; #getMBeanInfo(javax.management.ObjectName, javax.security.auth.Subject)#0 &amp; #isInstanceOf(javax.management.ObjectName, java.lang.String, javax.security.auth.Subject)#0 &amp; #addNotificationListener(javax.management.ObjectName, javax.management.ObjectName, java.rmi.MarshalledObject, java.rmi.MarshalledObject, javax.security.auth.Subject)#0 &amp; #addNotificationListener(javax.management.ObjectName, javax.management.ObjectName, java.rmi.MarshalledObject, java.rmi.MarshalledObject, javax.security.auth.Subject)#1 &amp; #removeNotificationListener(javax.management.ObjectName, javax.management.ObjectName, javax.security.auth.Subject)#0 &amp; #removeNotificationListener(javax.management.ObjectName, javax.management.ObjectName, javax.security.auth.Subject)#1 &amp; #removeNotificationListener(javax.management.ObjectName, javax.management.ObjectName, java.rmi.MarshalledObject, java.rmi.MarshalledObject, javax.security.auth.Subject)#0 &amp; #removeNotificationListener(javax.management.ObjectName, javax.management.ObjectName, java.rmi.MarshalledObject, java.rmi.MarshalledObject, javax.security.auth.Subject)#1&quot; }"/>
        </annotation>
    </item>
    <item name='javax.management.remote.rmi.RMIConnectionImpl.CombinedClassLoader CombinedClassLoader(java.lang.ClassLoader, java.lang.ClassLoader)'>
        <annotation name='com.intellij.inspections.tainted.annotation.equation.Equations'>
            <val val="{ &quot;CombinedClassLoader := RMIConnectionImpl.CombinedClassLoader&quot;, &quot;defaultCL := RMIConnectionImpl#RMIConnectionImpl(javax.management.remote.rmi.RMIServerImpl, java.lang.String, java.lang.ClassLoader, javax.security.auth.Subject, java.util.Map)#2&quot; }"/>
        </annotation>
    </item>
    <item name='javax.management.remote.rmi.RMIConnectionImpl.CombinedClassLoader.ClassLoaderWrapper ClassLoaderWrapper(java.lang.ClassLoader)'>
        <annotation name='com.intellij.inspections.tainted.annotation.equation.Equations'>
            <val val="{ &quot;ClassLoaderWrapper := RMIConnectionImpl.CombinedClassLoader.ClassLoaderWrapper&quot;, &quot;cl := RMIConnectionImpl.CombinedClassLoader#CombinedClassLoader(java.lang.ClassLoader, java.lang.ClassLoader)#1&quot; }"/>
        </annotation>
    </item>
    <item name='javax.management.remote.rmi.RMIConnectionImpl.CombinedClassLoader.ClassLoaderWrapper java.lang.Class&lt;?&gt; loadClass(java.lang.String, boolean)'>
        <annotation name='com.intellij.inspections.tainted.annotation.equation.Equations'>
            <val val="{ &quot;name := RMIConnectionImpl.CombinedClassLoader#loadClass(java.lang.String, boolean)#0&quot; }"/>
        </annotation>
    </item>
    <item name='javax.management.remote.rmi.RMIConnectionImpl.PrivilegedOperation PrivilegedOperation(int, java.lang.Object[])'>
        <annotation name='com.intellij.inspections.tainted.annotation.equation.Equations'>
            <val val="{ &quot;params := RMIConnectionImpl#doPrivilegedOperation(int, java.lang.Object[], javax.security.auth.Subject)#1&quot;, &quot;PrivilegedOperation := RMIConnectionImpl.PrivilegedOperation&quot;, &quot;operation := RMIConnectionImpl#doPrivilegedOperation(int, java.lang.Object[], javax.security.auth.Subject)#0&quot; }"/>
        </annotation>
    </item>
    <item name='javax.management.remote.rmi.RMIConnectionImpl.RMIServerCommunicatorAdmin RMIServerCommunicatorAdmin(long)'>
        <annotation name='com.intellij.inspections.tainted.annotation.equation.Equations'>
            <val val="{ &quot;RMIServerCommunicatorAdmin := RMIConnectionImpl.RMIServerCommunicatorAdmin&quot; }"/>
        </annotation>
    </item>
    <item name='javax.management.remote.rmi.RMIConnectionImpl.SetCcl SetCcl(java.lang.ClassLoader)'>
        <annotation name='com.intellij.inspections.tainted.annotation.equation.Equations'>
            <val val="{ &quot;classLoader := RMIConnectionImpl#unwrap(java.rmi.MarshalledObject, java.lang.ClassLoader, java.lang.Class, javax.security.auth.Subject)#1&quot;, &quot;SetCcl := RMIConnectionImpl.SetCcl&quot; }"/>
        </annotation>
    </item>
    <item name='javax.management.remote.rmi.RMIConnectionImpl_Stub'>
        <annotation name='com.intellij.inspections.tainted.annotation.equation.Equations'>
            <val val="{ &quot;RMIConnectionImpl_Stub := &quot; }"/>
        </annotation>
    </item>
    <item name='javax.management.remote.rmi.RMIConnectionImpl_Stub RMIConnectionImpl_Stub(java.rmi.server.RemoteRef)'>
        <annotation name='com.intellij.inspections.tainted.annotation.equation.Equations'>
            <val val="{ &quot;RMIConnectionImpl_Stub := RMIConnectionImpl_Stub&quot; }"/>
        </annotation>
    </item>
    <item name='javax.management.remote.rmi.RMIConnector'>
        <annotation name='com.intellij.inspections.tainted.annotation.equation.Equations'>
            <val val="{ &quot;RMIConnector := &quot; }"/>
        </annotation>
    </item>
    <item name='javax.management.remote.rmi.RMIConnector RMIConnector(javax.management.remote.JMXServiceURL, java.util.Map&lt;java.lang.String,?&gt;)'>
        <annotation name='com.intellij.inspections.tainted.annotation.equation.Equations'>
            <val val="{ &quot;environment := com.sun.jmx.remote.protocol.rmi.ClientProvider#newJMXConnector(javax.management.remote.JMXServiceURL, java.util.Map)#1 &amp; com.sun.jmx.remote.protocol.iiop.ClientProvider#newJMXConnector(javax.management.remote.JMXServiceURL, java.util.Map)#1&quot;, &quot;url := com.sun.jmx.remote.protocol.rmi.ClientProvider#newJMXConnector(javax.management.remote.JMXServiceURL, java.util.Map)#0 &amp; com.sun.jmx.remote.protocol.iiop.ClientProvider#newJMXConnector(javax.management.remote.JMXServiceURL, java.util.Map)#0&quot;, &quot;RMIConnector := RMIConnector&quot; }"/>
        </annotation>
    </item>
    <item name='javax.management.remote.rmi.RMIConnector RMIConnector(javax.management.remote.rmi.RMIServer, java.util.Map&lt;java.lang.String,?&gt;)'>
        <annotation name='com.intellij.inspections.tainted.annotation.equation.Equations'>
            <val val="{ &quot;RMIConnector := RMIConnector&quot; }"/>
        </annotation>
    </item>
    <item name='javax.management.remote.rmi.RMIConnector RMIConnector(javax.management.remote.rmi.RMIServer, javax.management.remote.JMXServiceURL, java.util.Map&lt;java.lang.String,?&gt;)'>
        <annotation name='com.intellij.inspections.tainted.annotation.equation.Equations'>
            <val val="{ &quot;RMIConnector := RMIConnector&quot;, &quot;address := #RMIConnector(javax.management.remote.JMXServiceURL, java.util.Map)#0&quot;, &quot;environment := #RMIConnector(javax.management.remote.JMXServiceURL, java.util.Map)#1 &amp; #RMIConnector(javax.management.remote.rmi.RMIServer, java.util.Map)#1&quot;, &quot;rmiServer := #RMIConnector(javax.management.remote.rmi.RMIServer, java.util.Map)#0&quot; }"/>
        </annotation>
    </item>
    <item name='javax.management.remote.rmi.RMIConnector byte[] base64ToByteArray(java.lang.String)'>
        <annotation name='com.intellij.inspections.tainted.annotation.equation.Equations'>
            <val val="{ &quot;s := #findRMIServerJRMP(java.lang.String, java.util.Map, boolean)#0&quot; }"/>
        </annotation>
    </item>
    <item name='javax.management.remote.rmi.RMIConnector int base64toInt(char)'>
        <annotation name='com.intellij.inspections.tainted.annotation.equation.Equations'>
            <val val="{ &quot;base64toInt := #base64ToInt&quot; }"/>
        </annotation>
    </item>
    <item name='javax.management.remote.rmi.RMIConnector java.lang.Integer addListenerWithSubject(javax.management.ObjectName, java.rmi.MarshalledObject&lt;javax.management.NotificationFilter&gt;, javax.security.auth.Subject, boolean)'>
        <annotation name='com.intellij.inspections.tainted.annotation.equation.Equations'>
            <val val="{ &quot;filter := &quot;, &quot;delegationSubject := RMIConnector.RemoteMBeanServerConnection&quot;, &quot;name := RMIConnector.RemoteMBeanServerConnection#addNotificationListener(javax.management.ObjectName, javax.management.NotificationListener, javax.management.NotificationFilter, java.lang.Object)#0&quot; }"/>
        </annotation>
    </item>
    <item name='javax.management.remote.rmi.RMIConnector java.lang.Integer[] addListenersWithSubjects(javax.management.ObjectName[], java.rmi.MarshalledObject&lt;javax.management.NotificationFilter&gt;[], javax.security.auth.Subject[], boolean)'>
        <annotation name='com.intellij.inspections.tainted.annotation.equation.Equations'>
            <val val="{ &quot;names := #addListenerWithSubject(javax.management.ObjectName, java.rmi.MarshalledObject, javax.security.auth.Subject, boolean)#0&quot;, &quot;delegationSubjects := #addListenerWithSubject(javax.management.ObjectName, java.rmi.MarshalledObject, javax.security.auth.Subject, boolean)#2&quot; }"/>
        </annotation>
    </item>
    <item name='javax.management.remote.rmi.RMIConnector java.lang.Object resolveOrb(java.util.Map&lt;java.lang.String,?&gt;)'>
        <annotation name='com.intellij.inspections.tainted.annotation.equation.Equations'>
            <val val="{ &quot;environment := #connectStub(javax.management.remote.rmi.RMIServer, java.util.Map)#1 &amp; #findRMIServer(javax.management.remote.JMXServiceURL, java.util.Map)#1&quot; }"/>
        </annotation>
    </item>
    <item name='javax.management.remote.rmi.RMIConnector java.lang.String getAttributesNames(javax.management.AttributeList)'>
        <annotation name='com.intellij.inspections.tainted.annotation.equation.Equations'>
            <val val="{ &quot;attributes := RMIConnector.RemoteMBeanServerConnection#setAttributes(javax.management.ObjectName, javax.management.AttributeList)#1&quot; }"/>
        </annotation>
    </item>
    <item name='javax.management.remote.rmi.RMIConnector java.lang.String objects(java.lang.Object[])'>
        <annotation name='com.intellij.inspections.tainted.annotation.equation.Equations'>
            <val val="{ &quot;objs := #strings(java.lang.String[])#0&quot; }"/>
        </annotation>
    </item>
    <item name='javax.management.remote.rmi.RMIConnector java.lang.String strings(java.lang.String[])'>
        <annotation name='com.intellij.inspections.tainted.annotation.equation.Equations'>
            <val val="{ &quot;strs := RMIConnector.RemoteMBeanServerConnection#createMBean(java.lang.String, javax.management.ObjectName, java.lang.Object[], java.lang.String[])#3 &amp; RMIConnector.RemoteMBeanServerConnection#createMBean(java.lang.String, javax.management.ObjectName, javax.management.ObjectName, java.lang.Object[], java.lang.String[])#4 &amp; RMIConnector.RemoteMBeanServerConnection#getAttributes(javax.management.ObjectName, java.lang.String[])#1 &amp; RMIConnector.RemoteMBeanServerConnection#invoke(javax.management.ObjectName, java.lang.String, java.lang.Object[], java.lang.String[])#3&quot; }"/>
        </annotation>
    </item>
    <item name='javax.management.remote.rmi.RMIConnector javax.management.MBeanServerConnection getConnectionWithSubject(javax.security.auth.Subject)'>
        <annotation name='com.intellij.inspections.tainted.annotation.equation.Equations'>
            <val val="{ &quot;delegationSubject := #getMBeanServerConnection(javax.security.auth.Subject)#0&quot; }"/>
        </annotation>
    </item>
    <item name='javax.management.remote.rmi.RMIConnector javax.management.remote.JMXServiceURL getAddress()'>
        <annotation name='com.intellij.inspections.tainted.annotation.equation.Equations'>
            <val val="{ &quot;getAddress := RMIConnector&quot; }"/>
        </annotation>
    </item>
    <item name='javax.management.remote.rmi.RMIConnector javax.management.remote.rmi.RMIConnection getConnection(javax.management.remote.rmi.RMIServer, java.lang.Object, boolean)'>
        <annotation name='com.intellij.inspections.tainted.annotation.equation.Equations'>
            <val val="{ &quot;server := RMIConnector&quot;, &quot;credentials := &quot; }"/>
        </annotation>
    </item>
    <item name='javax.management.remote.rmi.RMIConnector javax.management.remote.rmi.RMIServer connectStub(javax.management.remote.rmi.RMIServer, java.util.Map&lt;java.lang.String,?&gt;)'>
        <annotation name='com.intellij.inspections.tainted.annotation.equation.Equations'>
            <val val="{ &quot;environment := RMIConnector.RMIClientCommunicatorAdmin &amp; RMIConnectorServer#objectToBind(javax.management.remote.rmi.RMIServerImpl, java.util.Map)#1 &amp; RMIConnector&quot;, &quot;connectStub := rmiServer&quot;, &quot;rmiServer := RMIConnector &amp; RMIConnector.RMIClientCommunicatorAdmin&quot; }"/>
        </annotation>
    </item>
    <item name='javax.management.remote.rmi.RMIConnector javax.management.remote.rmi.RMIServer findRMIServer(javax.management.remote.JMXServiceURL, java.util.Map&lt;java.lang.String,java.lang.Object&gt;)'>
        <annotation name='com.intellij.inspections.tainted.annotation.equation.Equations'>
            <val val="{ &quot;environment := RMIConnector.RMIClientCommunicatorAdmin&quot;, &quot;directoryURL := RMIConnector &amp; RMIConnector.RMIClientCommunicatorAdmin&quot; }"/>
        </annotation>
    </item>
    <item name='javax.management.remote.rmi.RMIConnector javax.management.remote.rmi.RMIServer findRMIServerIIOP(java.lang.String, java.util.Map&lt;java.lang.String,?&gt;, boolean)'>
        <annotation name='com.intellij.inspections.tainted.annotation.equation.Equations'>
            <val val="{ &quot;env := #findRMIServer(javax.management.remote.JMXServiceURL, java.util.Map)#1&quot; }"/>
        </annotation>
    </item>
    <item name='javax.management.remote.rmi.RMIConnector javax.management.remote.rmi.RMIServer findRMIServerJNDI(java.lang.String, java.util.Map&lt;java.lang.String,?&gt;, boolean)'>
        <annotation name='com.intellij.inspections.tainted.annotation.equation.Equations'>
            <val val="{ &quot;env := #findRMIServer(javax.management.remote.JMXServiceURL, java.util.Map)#1&quot; }"/>
        </annotation>
    </item>
    <item name='javax.management.remote.rmi.RMIConnector javax.management.remote.rmi.RMIServer findRMIServerJRMP(java.lang.String, java.util.Map&lt;java.lang.String,?&gt;, boolean)'>
        <annotation name='com.intellij.inspections.tainted.annotation.equation.Equations'>
            <val val="{ &quot;env := #findRMIServer(javax.management.remote.JMXServiceURL, java.util.Map)#1&quot; }"/>
        </annotation>
    </item>
    <item name='javax.management.remote.rmi.RMIConnector javax.management.remote.rmi.RMIServer narrowJRMPServer(java.lang.Object)'>
        <annotation name='com.intellij.inspections.tainted.annotation.equation.Equations'>
            <val val="{ &quot;narrowJRMPServer := objref&quot; }"/>
        </annotation>
    </item>
    <item name='javax.management.remote.rmi.RMIConnector void checkStub(java.rmi.Remote, java.lang.Class&lt;?&gt;)'>
        <annotation name='com.intellij.inspections.tainted.annotation.equation.Equations'>
            <val val="{ &quot;stub := RMIConnector&quot;, &quot;stubClass := #rmiServerImplStubClass &amp; #rmiConnectionImplStubClass&quot; }"/>
        </annotation>
    </item>
    <item name='javax.management.remote.rmi.RMIConnector void popDefaultClassLoader(java.lang.ClassLoader)'>
        <annotation name='com.intellij.inspections.tainted.annotation.equation.Equations'>
            <val val="{ &quot;old := &quot; }"/>
        </annotation>
    </item>
    <item name='javax.management.remote.rmi.RMIConnector void sendNotification(javax.management.Notification)'>
        <annotation name='com.intellij.inspections.tainted.annotation.equation.Equations'>
            <val val="{ &quot;n := &quot; }"/>
        </annotation>
    </item>
    <item name='javax.management.remote.rmi.RMIConnector.ObjectInputStreamWithLoader ObjectInputStreamWithLoader(java.io.InputStream, java.lang.ClassLoader)'>
        <annotation name='com.intellij.inspections.tainted.annotation.equation.Equations'>
            <val val="{ &quot;ObjectInputStreamWithLoader := RMIConnector.ObjectInputStreamWithLoader&quot; }"/>
        </annotation>
    </item>
    <item name='javax.management.remote.rmi.RMIConnector.RMIClientCommunicatorAdmin'>
        <annotation name='com.intellij.inspections.tainted.annotation.equation.Equations'>
            <val val="{ &quot;RMIClientCommunicatorAdmin := &quot; }"/>
        </annotation>
    </item>
    <item name='javax.management.remote.rmi.RMIConnector.RMIClientCommunicatorAdmin RMIClientCommunicatorAdmin(long)'>
        <annotation name='com.intellij.inspections.tainted.annotation.equation.Equations'>
            <val val="{ &quot;period := &quot;, &quot;RMIClientCommunicatorAdmin := RMIConnector.RMIClientCommunicatorAdmin&quot; }"/>
        </annotation>
    </item>
    <item name='javax.management.remote.rmi.RMIConnector.RMIClientCommunicatorAdmin void reconnectNotificationListeners(com.sun.jmx.remote.internal.ClientListenerInfo[])'>
        <annotation name='com.intellij.inspections.tainted.annotation.equation.Equations'>
            <val val="{ &quot;old := &quot; }"/>
        </annotation>
    </item>
    <item name='javax.management.remote.rmi.RMIConnector.RMINotifClient RMINotifClient(java.lang.ClassLoader, java.util.Map&lt;java.lang.String,?&gt;)'>
        <annotation name='com.intellij.inspections.tainted.annotation.equation.Equations'>
            <val val="{ &quot;cl := RMIConnector&quot;, &quot;env := &quot;, &quot;RMINotifClient := RMIConnector.RMINotifClient&quot; }"/>
        </annotation>
    </item>
    <item name='javax.management.remote.rmi.RMIConnector.RemoteMBeanServerConnection RemoteMBeanServerConnection()'>
        <annotation name='com.intellij.inspections.tainted.annotation.equation.Equations'>
            <val val="{ &quot;RemoteMBeanServerConnection := RMIConnector.RemoteMBeanServerConnection&quot; }"/>
        </annotation>
    </item>
    <item name='javax.management.remote.rmi.RMIConnector.RemoteMBeanServerConnection RemoteMBeanServerConnection(javax.security.auth.Subject)'>
        <annotation name='com.intellij.inspections.tainted.annotation.equation.Equations'>
            <val val="{ &quot;delegationSubject := RMIConnector#getConnectionWithSubject(javax.security.auth.Subject)#0&quot;, &quot;RemoteMBeanServerConnection := RMIConnector.RemoteMBeanServerConnection&quot; }"/>
        </annotation>
    </item>
    <item name='javax.management.remote.rmi.RMIConnectorServer'>
        <annotation name='com.intellij.inspections.tainted.annotation.equation.Equations'>
            <val val="{ &quot;RMIConnectorServer := #CREATED &amp; RMIConnectorServer &amp; #STARTED &amp; #STOPPED&quot; }"/>
        </annotation>
    </item>
    <item name='javax.management.remote.rmi.RMIConnectorServer RMIConnectorServer(javax.management.remote.JMXServiceURL, java.util.Map&lt;java.lang.String,?&gt;)'>
        <annotation name='com.intellij.inspections.tainted.annotation.equation.Equations'>
            <val val="{ &quot;RMIConnectorServer := RMIConnectorServer&quot; }"/>
        </annotation>
    </item>
    <item name='javax.management.remote.rmi.RMIConnectorServer RMIConnectorServer(javax.management.remote.JMXServiceURL, java.util.Map&lt;java.lang.String,?&gt;, javax.management.MBeanServer)'>
        <annotation name='com.intellij.inspections.tainted.annotation.equation.Equations'>
            <val val="{ &quot;environment := com.sun.jmx.remote.protocol.rmi.ServerProvider#newJMXConnectorServer(javax.management.remote.JMXServiceURL, java.util.Map, javax.management.MBeanServer)#1 &amp; com.sun.jmx.remote.protocol.iiop.ServerProvider#newJMXConnectorServer(javax.management.remote.JMXServiceURL, java.util.Map, javax.management.MBeanServer)#1 &amp; #RMIConnectorServer(javax.management.remote.JMXServiceURL, java.util.Map)#1&quot;, &quot;RMIConnectorServer := RMIConnectorServer&quot;, &quot;url := com.sun.jmx.remote.protocol.rmi.ServerProvider#newJMXConnectorServer(javax.management.remote.JMXServiceURL, java.util.Map, javax.management.MBeanServer)#0 &amp; com.sun.jmx.remote.protocol.iiop.ServerProvider#newJMXConnectorServer(javax.management.remote.JMXServiceURL, java.util.Map, javax.management.MBeanServer)#0 &amp; #RMIConnectorServer(javax.management.remote.JMXServiceURL, java.util.Map)#0&quot;, &quot;mbeanServer := com.sun.jmx.remote.protocol.rmi.ServerProvider#newJMXConnectorServer(javax.management.remote.JMXServiceURL, java.util.Map, javax.management.MBeanServer)#2 &amp; com.sun.jmx.remote.protocol.iiop.ServerProvider#newJMXConnectorServer(javax.management.remote.JMXServiceURL, java.util.Map, javax.management.MBeanServer)#2&quot; }"/>
        </annotation>
    </item>
    <item name='javax.management.remote.rmi.RMIConnectorServer RMIConnectorServer(javax.management.remote.JMXServiceURL, java.util.Map&lt;java.lang.String,?&gt;, javax.management.remote.rmi.RMIServerImpl, javax.management.MBeanServer)'>
        <annotation name='com.intellij.inspections.tainted.annotation.equation.Equations'>
            <val val="{ &quot;mbeanServer := #RMIConnectorServer(javax.management.remote.JMXServiceURL, java.util.Map, javax.management.MBeanServer)#2&quot;, &quot;RMIConnectorServer := RMIConnectorServer&quot;, &quot;url := #RMIConnectorServer(javax.management.remote.JMXServiceURL, java.util.Map, javax.management.MBeanServer)#0&quot;, &quot;environment := #RMIConnectorServer(javax.management.remote.JMXServiceURL, java.util.Map, javax.management.MBeanServer)#1&quot; }"/>
        </annotation>
    </item>
    <item name='javax.management.remote.rmi.RMIConnectorServer java.lang.String encodeIIOPStub(javax.management.remote.rmi.RMIServer, java.util.Map&lt;java.lang.String,?&gt;)'>
        <annotation name='com.intellij.inspections.tainted.annotation.equation.Equations'>
            <val val="{ &quot;env := #encodeStub(javax.management.remote.rmi.RMIServer, java.util.Map)#1&quot;, &quot;rmiServer := #encodeStub(javax.management.remote.rmi.RMIServer, java.util.Map)#0&quot; }"/>
        </annotation>
    </item>
    <item name='javax.management.remote.rmi.RMIConnectorServer java.lang.String encodeJRMPStub(javax.management.remote.rmi.RMIServer, java.util.Map&lt;java.lang.String,?&gt;)'>
        <annotation name='com.intellij.inspections.tainted.annotation.equation.Equations'>
            <val val="{ &quot;env := #encodeStub(javax.management.remote.rmi.RMIServer, java.util.Map)#1&quot;, &quot;rmiServer := #encodeStub(javax.management.remote.rmi.RMIServer, java.util.Map)#0&quot; }"/>
        </annotation>
    </item>
    <item name='javax.management.remote.rmi.RMIConnectorServer java.lang.String encodeStub(javax.management.remote.rmi.RMIServer, java.util.Map&lt;java.lang.String,?&gt;)'>
        <annotation name='com.intellij.inspections.tainted.annotation.equation.Equations'>
            <val val="{ &quot;env := #encodeStubInAddress(javax.management.remote.rmi.RMIServer, java.util.Map)#1&quot;, &quot;rmiServer := #encodeStubInAddress(javax.management.remote.rmi.RMIServer, java.util.Map)#0&quot; }"/>
        </annotation>
    </item>
    <item name='javax.management.remote.rmi.RMIConnectorServer javax.management.remote.JMXServiceURL getAddress()'>
        <annotation name='com.intellij.inspections.tainted.annotation.equation.Equations'>
            <val val="{ &quot;getAddress := RMIConnectorServer&quot; }"/>
        </annotation>
    </item>
    <item name='javax.management.remote.rmi.RMIConnectorServer javax.management.remote.rmi.RMIServer objectToBind(javax.management.remote.rmi.RMIServerImpl, java.util.Map&lt;java.lang.String,?&gt;)'>
        <annotation name='com.intellij.inspections.tainted.annotation.equation.Equations'>
            <val val="{ &quot;rmiServer := RMIConnectorServer&quot;, &quot;env := RMIConnectorServer&quot; }"/>
        </annotation>
    </item>
    <item name='javax.management.remote.rmi.RMIConnectorServer javax.management.remote.rmi.RMIServerImpl newIIOPServer(java.util.Map&lt;java.lang.String,?&gt;)'>
        <annotation name='com.intellij.inspections.tainted.annotation.equation.Equations'>
            <val val="{ &quot;env := RMIConnectorServer&quot; }"/>
        </annotation>
    </item>
    <item name='javax.management.remote.rmi.RMIConnectorServer javax.management.remote.rmi.RMIServerImpl newJRMPServer(java.util.Map&lt;java.lang.String,?&gt;, int)'>
        <annotation name='com.intellij.inspections.tainted.annotation.equation.Equations'>
            <val val="{ &quot;env := RMIConnectorServer&quot; }"/>
        </annotation>
    </item>
    <item name='javax.management.remote.rmi.RMIConnectorServer void bind(java.lang.String, java.util.Hashtable&lt;?,?&gt;, javax.management.remote.rmi.RMIServer, boolean)'>
        <annotation name='com.intellij.inspections.tainted.annotation.equation.Equations'>
            <val val="{ &quot;jndiUrl := &quot;, &quot;attributes := &quot;, &quot;rmiServer := &quot; }"/>
        </annotation>
    </item>
    <item name='javax.management.remote.rmi.RMIConnectorServer void encodeStubInAddress(javax.management.remote.rmi.RMIServer, java.util.Map&lt;java.lang.String,?&gt;)'>
        <annotation name='com.intellij.inspections.tainted.annotation.equation.Equations'>
            <val val="{ &quot;attributes := RMIConnectorServer&quot;, &quot;rmiServer := &quot; }"/>
        </annotation>
    </item>
    <item name='javax.management.remote.rmi.RMIConnectorServer void setMBeanServerForwarder(javax.management.remote.MBeanServerForwarder)'>
        <annotation name='com.intellij.inspections.tainted.annotation.equation.Equations'>
            <val val="{ &quot;mbsf := &quot; }"/>
        </annotation>
    </item>
    <item name='javax.management.remote.rmi.RMIIIOPServerImpl RMIIIOPServerImpl(java.util.Map&lt;java.lang.String,?&gt;)'>
        <annotation name='com.intellij.inspections.tainted.annotation.equation.Equations'>
            <val val="{ &quot;env := RMIConnectorServer#newIIOPServer(java.util.Map)#0&quot;, &quot;RMIIIOPServerImpl := RMIIIOPServerImpl&quot; }"/>
        </annotation>
    </item>
    <item name='javax.management.remote.rmi.RMIIIOPServerImpl javax.management.remote.rmi.RMIConnection superDoNewClient(java.lang.Object)'>
        <annotation name='com.intellij.inspections.tainted.annotation.equation.Equations'>
            <val val="{ &quot;credentials := #doNewClient(java.lang.Object)#0&quot; }"/>
        </annotation>
    </item>
    <item name='javax.management.remote.rmi.RMIJRMPServerImpl RMIJRMPServerImpl(int, java.rmi.server.RMIClientSocketFactory, java.rmi.server.RMIServerSocketFactory, java.util.Map&lt;java.lang.String,?&gt;)'>
        <annotation name='com.intellij.inspections.tainted.annotation.equation.Equations'>
            <val val="{ &quot;env := RMIConnectorServer#newJRMPServer(java.util.Map, int)#0&quot;, &quot;port := RMIConnectorServer#newJRMPServer(java.util.Map, int)#1&quot;, &quot;RMIJRMPServerImpl := RMIJRMPServerImpl&quot; }"/>
        </annotation>
    </item>
    <item name='javax.management.remote.rmi.RMIJRMPServerImpl void export(java.rmi.Remote)'>
        <annotation name='com.intellij.inspections.tainted.annotation.equation.Equations'>
            <val val="{ &quot;obj := RMIJRMPServerImpl&quot; }"/>
        </annotation>
    </item>
    <item name='javax.management.remote.rmi.RMIJRMPServerImpl void unexport(java.rmi.Remote, boolean)'>
        <annotation name='com.intellij.inspections.tainted.annotation.equation.Equations'>
            <val val="{ &quot;obj := #closeClient(javax.management.remote.rmi.RMIConnection)#0 &amp; RMIJRMPServerImpl&quot; }"/>
        </annotation>
    </item>
    <item name='javax.management.remote.rmi.RMIJRMPServerImpl.ExportedWrapper ExportedWrapper(javax.management.remote.rmi.RMIServer, java.util.List&lt;java.lang.String&gt;)'>
        <annotation name='com.intellij.inspections.tainted.annotation.equation.Equations'>
            <val val="{ &quot;impl := RMIJRMPServerImpl&quot;, &quot;ExportedWrapper := RMIJRMPServerImpl.ExportedWrapper&quot; }"/>
        </annotation>
    </item>
    <item name='javax.management.remote.rmi.RMIServer java.lang.String getVersion()'>
        <annotation name='com.intellij.inspections.tainted.annotation.equation.Equations'>
            <val val="{ &quot;getVersion := RMIServerImpl#getVersion() &amp; RMIJRMPServerImpl.ExportedWrapper#getVersion() &amp; RMIServerImpl_Stub#getVersion()&quot; }"/>
        </annotation>
    </item>
    <item name='javax.management.remote.rmi.RMIServer javax.management.remote.rmi.RMIConnection newClient(java.lang.Object)'>
        <annotation name='com.intellij.inspections.tainted.annotation.equation.Equations'>
            <val val="{ &quot;credentials := RMIConnector#getConnection(javax.management.remote.rmi.RMIServer, java.lang.Object, boolean)#1 &amp; RMIServerImpl#newClient(java.lang.Object)#0 &amp; RMIJRMPServerImpl.ExportedWrapper#newClient(java.lang.Object)#0 &amp; RMIServerImpl_Stub#newClient(java.lang.Object)#0&quot;, &quot;newClient := RMIServerImpl#newClient(java.lang.Object) &amp; RMIJRMPServerImpl.ExportedWrapper#newClient(java.lang.Object) &amp; RMIServerImpl_Stub#newClient(java.lang.Object)&quot; }"/>
        </annotation>
    </item>
    <item name='javax.management.remote.rmi.RMIServerImpl'>
        <annotation name='com.intellij.inspections.tainted.annotation.equation.Equations'>
            <val val="{ &quot;RMIServerImpl := RMIIIOPServerImpl &amp; RMIJRMPServerImpl&quot; }"/>
        </annotation>
    </item>
    <item name='javax.management.remote.rmi.RMIServerImpl RMIServerImpl(java.util.Map&lt;java.lang.String,?&gt;)'>
        <annotation name='com.intellij.inspections.tainted.annotation.equation.Equations'>
            <val val="{ &quot;env := RMIIIOPServerImpl#RMIIIOPServerImpl(java.util.Map)#0 &amp; RMIJRMPServerImpl#RMIJRMPServerImpl(int, java.rmi.server.RMIClientSocketFactory, java.rmi.server.RMIServerSocketFactory, java.util.Map)#3&quot;, &quot;RMIServerImpl := RMIServerImpl&quot; }"/>
        </annotation>
    </item>
    <item name='javax.management.remote.rmi.RMIServerImpl com.sun.jmx.remote.internal.NotificationBuffer getNotifBuffer()'>
        <annotation name='com.intellij.inspections.tainted.annotation.equation.Equations'>
            <val val="{ &quot;getNotifBuffer := RMIServerImpl&quot; }"/>
        </annotation>
    </item>
    <item name='javax.management.remote.rmi.RMIServerImpl java.lang.ClassLoader getDefaultClassLoader()'>
        <annotation name='com.intellij.inspections.tainted.annotation.equation.Equations'>
            <val val="{ &quot;getDefaultClassLoader := RMIServerImpl&quot; }"/>
        </annotation>
    </item>
    <item name='javax.management.remote.rmi.RMIServerImpl java.lang.String getProtocol()'>
        <annotation name='com.intellij.inspections.tainted.annotation.equation.Equations'>
            <val val="{ &quot;getProtocol := RMIIIOPServerImpl#getProtocol() &amp; RMIJRMPServerImpl#getProtocol()&quot; }"/>
        </annotation>
    </item>
    <item name='javax.management.remote.rmi.RMIServerImpl java.rmi.Remote toStub()'>
        <annotation name='com.intellij.inspections.tainted.annotation.equation.Equations'>
            <val val="{ &quot;toStub := RMIIIOPServerImpl#toStub() &amp; RMIJRMPServerImpl#toStub()&quot; }"/>
        </annotation>
    </item>
    <item name='javax.management.remote.rmi.RMIServerImpl javax.management.MBeanServer getMBeanServer()'>
        <annotation name='com.intellij.inspections.tainted.annotation.equation.Equations'>
            <val val="{ &quot;getMBeanServer := RMIServerImpl&quot; }"/>
        </annotation>
    </item>
    <item name='javax.management.remote.rmi.RMIServerImpl javax.management.remote.rmi.RMIConnection doNewClient(java.lang.Object)'>
        <annotation name='com.intellij.inspections.tainted.annotation.equation.Equations'>
            <val val="{ &quot;credentials := RMIIIOPServerImpl#doNewClient(java.lang.Object)#0&quot;, &quot;doNewClient := RMIIIOPServerImpl#doNewClient(java.lang.Object)&quot; }"/>
        </annotation>
    </item>
    <item name='javax.management.remote.rmi.RMIServerImpl javax.management.remote.rmi.RMIConnection makeClient(java.lang.String, javax.security.auth.Subject)'>
        <annotation name='com.intellij.inspections.tainted.annotation.equation.Equations'>
            <val val="{ &quot;subject := RMIIIOPServerImpl#makeClient(java.lang.String, javax.security.auth.Subject)#1 &amp; RMIJRMPServerImpl#makeClient(java.lang.String, javax.security.auth.Subject)#1&quot;, &quot;makeClient := RMIIIOPServerImpl#makeClient(java.lang.String, javax.security.auth.Subject) &amp; RMIJRMPServerImpl#makeClient(java.lang.String, javax.security.auth.Subject)&quot;, &quot;connectionId := RMIIIOPServerImpl#makeClient(java.lang.String, javax.security.auth.Subject)#0 &amp; RMIJRMPServerImpl#makeClient(java.lang.String, javax.security.auth.Subject)#0&quot; }"/>
        </annotation>
    </item>
    <item name='javax.management.remote.rmi.RMIServerImpl void clientClosed(javax.management.remote.rmi.RMIConnection)'>
        <annotation name='com.intellij.inspections.tainted.annotation.equation.Equations'>
            <val val="{ &quot;client := RMIConnectionImpl&quot; }"/>
        </annotation>
    </item>
    <item name='javax.management.remote.rmi.RMIServerImpl void closeClient(javax.management.remote.rmi.RMIConnection)'>
        <annotation name='com.intellij.inspections.tainted.annotation.equation.Equations'>
            <val val="{ &quot;client := RMIIIOPServerImpl#closeClient(javax.management.remote.rmi.RMIConnection)#0 &amp; RMIJRMPServerImpl#closeClient(javax.management.remote.rmi.RMIConnection)#0&quot; }"/>
        </annotation>
    </item>
    <item name='javax.management.remote.rmi.RMIServerImpl void setDefaultClassLoader(java.lang.ClassLoader)'>
        <annotation name='com.intellij.inspections.tainted.annotation.equation.Equations'>
            <val val="{ &quot;cl := RMIConnectorServer&quot; }"/>
        </annotation>
    </item>
    <item name='javax.management.remote.rmi.RMIServerImpl void setMBeanServer(javax.management.MBeanServer)'>
        <annotation name='com.intellij.inspections.tainted.annotation.equation.Equations'>
            <val val="{ &quot;mbs := &quot; }"/>
        </annotation>
    </item>
    <item name='javax.management.remote.rmi.RMIServerImpl void setRMIConnectorServer(javax.management.remote.rmi.RMIConnectorServer)'>
        <annotation name='com.intellij.inspections.tainted.annotation.equation.Equations'>
            <val val="{ &quot;connServer := RMIConnectorServer&quot; }"/>
        </annotation>
    </item>
    <item name='javax.management.remote.rmi.RMIServerImpl_Stub'>
        <annotation name='com.intellij.inspections.tainted.annotation.equation.Equations'>
            <val val="{ &quot;RMIServerImpl_Stub := &quot; }"/>
        </annotation>
    </item>
    <item name='javax.management.remote.rmi.RMIServerImpl_Stub RMIServerImpl_Stub(java.rmi.server.RemoteRef)'>
        <annotation name='com.intellij.inspections.tainted.annotation.equation.Equations'>
            <val val="{ &quot;RMIServerImpl_Stub := RMIServerImpl_Stub&quot; }"/>
        </annotation>
    </item>
</root>