<root>
    <item name='com.sun.org.apache.xml.internal.security.keys.storage.implementations.CertsInFilesystemDirectoryResolver'>
        <annotation name='com.intellij.inspections.tainted.annotation.equation.Equations'>
            <val val="{ &quot;CertsInFilesystemDirectoryResolver := &quot; }"/>
        </annotation>
    </item>
    <item name='com.sun.org.apache.xml.internal.security.keys.storage.implementations.CertsInFilesystemDirectoryResolver CertsInFilesystemDirectoryResolver(java.lang.String)'>
        <annotation name='com.intellij.inspections.tainted.annotation.equation.Equations'>
            <val val="{ &quot;CertsInFilesystemDirectoryResolver := CertsInFilesystemDirectoryResolver&quot; }"/>
        </annotation>
    </item>
    <item name='com.sun.org.apache.xml.internal.security.keys.storage.implementations.CertsInFilesystemDirectoryResolver.FilesystemIterator FilesystemIterator(java.util.List&lt;java.security.cert.X509Certificate&gt;)'>
        <annotation name='com.intellij.inspections.tainted.annotation.equation.Equations'>
            <val val="{ &quot;FilesystemIterator := CertsInFilesystemDirectoryResolver.FilesystemIterator&quot;, &quot;certs := CertsInFilesystemDirectoryResolver&quot; }"/>
        </annotation>
    </item>
    <item name='com.sun.org.apache.xml.internal.security.keys.storage.implementations.KeyStoreResolver KeyStoreResolver(java.security.KeyStore)'>
        <annotation name='com.intellij.inspections.tainted.annotation.equation.Equations'>
            <val val="{ &quot;keyStore := com.sun.org.apache.xml.internal.security.keys.storage.StorageResolver#add(java.security.KeyStore)#0&quot;, &quot;KeyStoreResolver := KeyStoreResolver&quot; }"/>
        </annotation>
    </item>
    <item name='com.sun.org.apache.xml.internal.security.keys.storage.implementations.KeyStoreResolver.KeyStoreIterator'>
        <annotation name='com.intellij.inspections.tainted.annotation.equation.Equations'>
            <val val="{ &quot;KeyStoreIterator := &quot; }"/>
        </annotation>
    </item>
    <item name='com.sun.org.apache.xml.internal.security.keys.storage.implementations.KeyStoreResolver.KeyStoreIterator KeyStoreIterator(java.security.KeyStore)'>
        <annotation name='com.intellij.inspections.tainted.annotation.equation.Equations'>
            <val val="{ &quot;keyStore := KeyStoreResolver&quot;, &quot;KeyStoreIterator := KeyStoreResolver.KeyStoreIterator&quot; }"/>
        </annotation>
    </item>
    <item name='com.sun.org.apache.xml.internal.security.keys.storage.implementations.KeyStoreResolver.KeyStoreIterator java.security.cert.Certificate next()'>
        <annotation name='com.intellij.inspections.tainted.annotation.equation.Equations'>
            <val val="{ &quot;next := KeyStoreResolver.KeyStoreIterator&quot; }"/>
        </annotation>
    </item>
    <item name='com.sun.org.apache.xml.internal.security.keys.storage.implementations.SingleCertificateResolver SingleCertificateResolver(java.security.cert.X509Certificate)'>
        <annotation name='com.intellij.inspections.tainted.annotation.equation.Equations'>
            <val val="{ &quot;x509cert := com.sun.org.apache.xml.internal.security.keys.storage.StorageResolver#add(java.security.cert.X509Certificate)#0&quot;, &quot;SingleCertificateResolver := SingleCertificateResolver&quot; }"/>
        </annotation>
    </item>
    <item name='com.sun.org.apache.xml.internal.security.keys.storage.implementations.SingleCertificateResolver.InternalIterator InternalIterator(java.security.cert.X509Certificate)'>
        <annotation name='com.intellij.inspections.tainted.annotation.equation.Equations'>
            <val val="{ &quot;InternalIterator := SingleCertificateResolver.InternalIterator&quot;, &quot;x509cert := SingleCertificateResolver&quot; }"/>
        </annotation>
    </item>
    <item name='com.sun.org.apache.xml.internal.security.keys.storage.implementations.SingleCertificateResolver.InternalIterator java.security.cert.Certificate next()'>
        <annotation name='com.intellij.inspections.tainted.annotation.equation.Equations'>
            <val val="{ &quot;next := SingleCertificateResolver.InternalIterator&quot; }"/>
        </annotation>
    </item>
</root>