<root>
    <item name='sun.util.logging.LoggingProxy boolean isLoggable(java.lang.Object, java.lang.Object)'>
        <annotation name='com.intellij.inspections.tainted.annotation.equation.Equations'>
            <val val="{ &quot;o := java.util.logging.LoggingProxyImpl#isLoggable(java.lang.Object, java.lang.Object)#0&quot;, &quot;o1 := java.util.logging.LoggingProxyImpl#isLoggable(java.lang.Object, java.lang.Object)#1&quot; }"/>
        </annotation>
    </item>
    <item name='sun.util.logging.LoggingProxy int getLevelValue(java.lang.Object)'>
        <annotation name='com.intellij.inspections.tainted.annotation.equation.Equations'>
            <val val="{ &quot;getLevelValue := java.util.logging.LoggingProxyImpl#getLevelValue(java.lang.Object)&quot;, &quot;o := java.util.logging.LoggingProxyImpl#getLevelValue(java.lang.Object)#0&quot; }"/>
        </annotation>
    </item>
    <item name='sun.util.logging.LoggingProxy java.lang.Object getLogger(java.lang.String)'>
        <annotation name='com.intellij.inspections.tainted.annotation.equation.Equations'>
            <val val="{ &quot;s := java.util.logging.LoggingProxyImpl#getLogger(java.lang.String)#0&quot;, &quot;getLogger := java.util.logging.LoggingProxyImpl#getLogger(java.lang.String)&quot; }"/>
        </annotation>
    </item>
    <item name='sun.util.logging.LoggingProxy java.lang.Object parseLevel(java.lang.String)'>
        <annotation name='com.intellij.inspections.tainted.annotation.equation.Equations'>
            <val val="{ &quot;parseLevel := java.util.logging.LoggingProxyImpl#parseLevel(java.lang.String)&quot;, &quot;s := java.util.logging.LoggingProxyImpl#parseLevel(java.lang.String)#0&quot; }"/>
        </annotation>
    </item>
    <item name='sun.util.logging.LoggingProxy java.lang.String getLevelName(java.lang.Object)'>
        <annotation name='com.intellij.inspections.tainted.annotation.equation.Equations'>
            <val val="{ &quot;o := java.util.logging.LoggingProxyImpl#getLevelName(java.lang.Object)#0&quot;, &quot;getLevelName := java.util.logging.LoggingProxyImpl#getLevelName(java.lang.Object)&quot; }"/>
        </annotation>
    </item>
    <item name='sun.util.logging.LoggingProxy java.lang.String getLoggerLevel(java.lang.String)'>
        <annotation name='com.intellij.inspections.tainted.annotation.equation.Equations'>
            <val val="{ &quot;getLoggerLevel := java.util.logging.LoggingProxyImpl#getLoggerLevel(java.lang.String)&quot;, &quot;s := java.util.logging.LoggingProxyImpl#getLoggerLevel(java.lang.String)#0&quot; }"/>
        </annotation>
    </item>
    <item name='sun.util.logging.LoggingProxy java.lang.String getParentLoggerName(java.lang.String)'>
        <annotation name='com.intellij.inspections.tainted.annotation.equation.Equations'>
            <val val="{ &quot;getParentLoggerName := java.util.logging.LoggingProxyImpl#getParentLoggerName(java.lang.String)&quot;, &quot;s := java.util.logging.LoggingProxyImpl#getParentLoggerName(java.lang.String)#0&quot; }"/>
        </annotation>
    </item>
    <item name='sun.util.logging.LoggingProxy java.lang.String getProperty(java.lang.String)'>
        <annotation name='com.intellij.inspections.tainted.annotation.equation.Equations'>
            <val val="{ &quot;getProperty := java.util.logging.LoggingProxyImpl#getProperty(java.lang.String)&quot;, &quot;s := java.util.logging.LoggingProxyImpl#getProperty(java.lang.String)#0&quot; }"/>
        </annotation>
    </item>
    <item name='sun.util.logging.LoggingProxy java.util.List&lt;java.lang.String&gt; getLoggerNames()'>
        <annotation name='com.intellij.inspections.tainted.annotation.equation.Equations'>
            <val val="{ &quot;getLoggerNames := java.util.logging.LoggingProxyImpl#getLoggerNames()&quot; }"/>
        </annotation>
    </item>
    <item name='sun.util.logging.LoggingProxy void log(java.lang.Object, java.lang.Object, java.lang.String)'>
        <annotation name='com.intellij.inspections.tainted.annotation.equation.Equations'>
            <val val="{ &quot;o1 := java.util.logging.LoggingProxyImpl#log(java.lang.Object, java.lang.Object, java.lang.String)#1&quot;, &quot;s := java.util.logging.LoggingProxyImpl#log(java.lang.Object, java.lang.Object, java.lang.String)#2&quot;, &quot;o := java.util.logging.LoggingProxyImpl#log(java.lang.Object, java.lang.Object, java.lang.String)#0&quot; }"/>
        </annotation>
    </item>
    <item name='sun.util.logging.LoggingProxy void log(java.lang.Object, java.lang.Object, java.lang.String, java.lang.Object...)'>
        <annotation name='com.intellij.inspections.tainted.annotation.equation.Equations'>
            <val val="{ &quot;o := java.util.logging.LoggingProxyImpl#log(java.lang.Object, java.lang.Object, java.lang.String, java.lang.Object...)#0&quot;, &quot;objects := java.util.logging.LoggingProxyImpl#log(java.lang.Object, java.lang.Object, java.lang.String, java.lang.Object...)#3&quot;, &quot;o1 := java.util.logging.LoggingProxyImpl#log(java.lang.Object, java.lang.Object, java.lang.String, java.lang.Object...)#1&quot;, &quot;s := java.util.logging.LoggingProxyImpl#log(java.lang.Object, java.lang.Object, java.lang.String, java.lang.Object...)#2&quot; }"/>
        </annotation>
    </item>
    <item name='sun.util.logging.LoggingProxy void log(java.lang.Object, java.lang.Object, java.lang.String, java.lang.Throwable)'>
        <annotation name='com.intellij.inspections.tainted.annotation.equation.Equations'>
            <val val="{ &quot;s := java.util.logging.LoggingProxyImpl#log(java.lang.Object, java.lang.Object, java.lang.String, java.lang.Throwable)#2&quot;, &quot;throwable := java.util.logging.LoggingProxyImpl#log(java.lang.Object, java.lang.Object, java.lang.String, java.lang.Throwable)#3&quot;, &quot;o1 := java.util.logging.LoggingProxyImpl#log(java.lang.Object, java.lang.Object, java.lang.String, java.lang.Throwable)#1&quot;, &quot;o := java.util.logging.LoggingProxyImpl#log(java.lang.Object, java.lang.Object, java.lang.String, java.lang.Throwable)#0&quot; }"/>
        </annotation>
    </item>
    <item name='sun.util.logging.LoggingProxy void setLevel(java.lang.Object, java.lang.Object)'>
        <annotation name='com.intellij.inspections.tainted.annotation.equation.Equations'>
            <val val="{ &quot;o := java.util.logging.LoggingProxyImpl#setLevel(java.lang.Object, java.lang.Object)#0&quot;, &quot;o1 := java.util.logging.LoggingProxyImpl#setLevel(java.lang.Object, java.lang.Object)#1&quot; }"/>
        </annotation>
    </item>
    <item name='sun.util.logging.LoggingProxy void setLoggerLevel(java.lang.String, java.lang.String)'>
        <annotation name='com.intellij.inspections.tainted.annotation.equation.Equations'>
            <val val="{ &quot;s := java.util.logging.LoggingProxyImpl#setLoggerLevel(java.lang.String, java.lang.String)#0&quot;, &quot;s1 := java.util.logging.LoggingProxyImpl#setLoggerLevel(java.lang.String, java.lang.String)#1&quot; }"/>
        </annotation>
    </item>
</root>