<root>
    <item name='com.sun.org.apache.xalan.internal.xslt.EnvironmentCheck'>
        <annotation name='com.intellij.inspections.tainted.annotation.equation.Equations'>
            <val val="{ &quot;EnvironmentCheck := &quot; }"/>
        </annotation>
    </item>
    <item name='com.sun.org.apache.xalan.internal.xslt.EnvironmentCheck boolean checkEnvironment(java.io.PrintWriter)'>
        <annotation name='com.intellij.inspections.tainted.annotation.equation.Equations'>
            <val val="{ &quot;pw := &quot; }"/>
        </annotation>
    </item>
    <item name='com.sun.org.apache.xalan.internal.xslt.EnvironmentCheck java.lang.String getApparentVersion(java.lang.String, long)'>
        <annotation name='com.intellij.inspections.tainted.annotation.equation.Equations'>
            <val val="{ &quot;getApparentVersion := jarName &amp; #WARNING &amp; #CLASS_PRESENT&quot;, &quot;jarName := #checkPathForJars(java.lang.String, java.lang.String[])#1&quot; }"/>
        </annotation>
    </item>
    <item name='com.sun.org.apache.xalan.internal.xslt.EnvironmentCheck java.util.List&lt;java.util.Map&gt; checkPathForJars(java.lang.String, java.lang.String[])'>
        <annotation name='com.intellij.inspections.tainted.annotation.equation.Equations'>
            <val val="{ &quot;jars := EnvironmentCheck&quot; }"/>
        </annotation>
    </item>
    <item name='com.sun.org.apache.xalan.internal.xslt.EnvironmentCheck void logMsg(java.lang.String)'>
        <annotation name='com.intellij.inspections.tainted.annotation.equation.Equations'>
            <val val="{ &quot;s := #logFoundJars(java.util.List, java.lang.String)#1&quot; }"/>
        </annotation>
    </item>
    <item name='com.sun.org.apache.xalan.internal.xslt.Process void doExit(java.lang.String)'>
        <annotation name='com.intellij.inspections.tainted.annotation.equation.Equations'>
            <val val="{ &quot;msg := &quot; }"/>
        </annotation>
    </item>
    <item name='com.sun.org.apache.xalan.internal.xslt.Process void printArgOptions(java.util.ResourceBundle)'>
        <annotation name='com.intellij.inspections.tainted.annotation.equation.Equations'>
            <val val="{ &quot;resbundle := &quot; }"/>
        </annotation>
    </item>
    <item name='com.sun.org.apache.xalan.internal.xslt.Process void waitForReturnKey(java.util.ResourceBundle)'>
        <annotation name='com.intellij.inspections.tainted.annotation.equation.Equations'>
            <val val="{ &quot;resbundle := #printArgOptions(java.util.ResourceBundle)#0&quot; }"/>
        </annotation>
    </item>
</root>