<root>
    <item name='com.sun.corba.se.impl.interceptors.CDREncapsCodec CDREncapsCodec(org.omg.CORBA.ORB, int, int)'>
        <annotation name='com.intellij.inspections.tainted.annotation.equation.Equations'>
            <val val="{ &quot;CDREncapsCodec := CDREncapsCodec&quot;, &quot;orb := CodecFactoryImpl#CodecFactoryImpl(org.omg.CORBA.ORB)#0&quot; }"/>
        </annotation>
    </item>
    <item name='com.sun.corba.se.impl.interceptors.CDREncapsCodec byte[] encode(org.omg.CORBA.Any)'>
        <annotation name='com.intellij.inspections.tainted.annotation.equation.Equations'>
            <val val="{ &quot;data := org.omg.IOP.CodecOperations#encode(org.omg.CORBA.Any)#0 &amp; org.omg.IOP.CodecOperations#encode(org.omg.CORBA.Any)#0&quot; }"/>
        </annotation>
    </item>
    <item name='com.sun.corba.se.impl.interceptors.CDREncapsCodec byte[] encodeImpl(org.omg.CORBA.Any, boolean)'>
        <annotation name='com.intellij.inspections.tainted.annotation.equation.Equations'>
            <val val="{ &quot;data := #encode(org.omg.CORBA.Any)#0 &amp; #encode_value(org.omg.CORBA.Any)#0&quot; }"/>
        </annotation>
    </item>
    <item name='com.sun.corba.se.impl.interceptors.CDREncapsCodec byte[] encode_value(org.omg.CORBA.Any)'>
        <annotation name='com.intellij.inspections.tainted.annotation.equation.Equations'>
            <val val="{ &quot;data := org.omg.IOP.CodecOperations#encode_value(org.omg.CORBA.Any)#0 &amp; org.omg.IOP.CodecOperations#encode_value(org.omg.CORBA.Any)#0&quot; }"/>
        </annotation>
    </item>
    <item name='com.sun.corba.se.impl.interceptors.CDREncapsCodec org.omg.CORBA.Any decode(byte[])'>
        <annotation name='com.intellij.inspections.tainted.annotation.equation.Equations'>
            <val val="{ &quot;data := org.omg.IOP.CodecOperations#decode(byte[])#0 &amp; org.omg.IOP.CodecOperations#decode(byte[])#0&quot; }"/>
        </annotation>
    </item>
    <item name='com.sun.corba.se.impl.interceptors.CDREncapsCodec org.omg.CORBA.Any decodeImpl(byte[], org.omg.CORBA.TypeCode)'>
        <annotation name='com.intellij.inspections.tainted.annotation.equation.Equations'>
            <val val="{ &quot;data := #decode(byte[])#0 &amp; #decode_value(byte[], org.omg.CORBA.TypeCode)#0&quot;, &quot;tc := #decode_value(byte[], org.omg.CORBA.TypeCode)#1&quot; }"/>
        </annotation>
    </item>
    <item name='com.sun.corba.se.impl.interceptors.CDREncapsCodec org.omg.CORBA.Any decode_value(byte[], org.omg.CORBA.TypeCode)'>
        <annotation name='com.intellij.inspections.tainted.annotation.equation.Equations'>
            <val val="{ &quot;tc := org.omg.IOP.CodecOperations#decode_value(byte[], org.omg.CORBA.TypeCode)#1 &amp; org.omg.IOP.CodecOperations#decode_value(byte[], org.omg.CORBA.TypeCode)#1&quot;, &quot;data := org.omg.IOP.CodecOperations#decode_value(byte[], org.omg.CORBA.TypeCode)#0 &amp; org.omg.IOP.CodecOperations#decode_value(byte[], org.omg.CORBA.TypeCode)#0&quot; }"/>
        </annotation>
    </item>
    <item name='com.sun.corba.se.impl.interceptors.ClientRequestInfoImpl'>
        <annotation name='com.intellij.inspections.tainted.annotation.equation.Equations'>
            <val val="{ &quot;ClientRequestInfoImpl := com.sun.corba.se.spi.protocol.RetryType#NONE &amp; #CALL_SEND_REQUEST &amp; #CALL_RECEIVE_REPLY &amp; #setDIIInitiate(boolean)#0 &amp; #setPICurrentPushed(boolean)#0&quot; }"/>
        </annotation>
    </item>
    <item name='com.sun.corba.se.impl.interceptors.ClientRequestInfoImpl ClientRequestInfoImpl(com.sun.corba.se.spi.orb.ORB)'>
        <annotation name='com.intellij.inspections.tainted.annotation.equation.Equations'>
            <val val="{ &quot;ClientRequestInfoImpl := ClientRequestInfoImpl&quot;, &quot;myORB := PIHandlerImpl&quot; }"/>
        </annotation>
    </item>
    <item name='com.sun.corba.se.impl.interceptors.ClientRequestInfoImpl boolean isDIIInitiate()'>
        <annotation name='com.intellij.inspections.tainted.annotation.equation.Equations'>
            <val val="{ &quot;isDIIInitiate := ClientRequestInfoImpl&quot; }"/>
        </annotation>
    </item>
    <item name='com.sun.corba.se.impl.interceptors.ClientRequestInfoImpl boolean isPICurrentPushed()'>
        <annotation name='com.intellij.inspections.tainted.annotation.equation.Equations'>
            <val val="{ &quot;isPICurrentPushed := ClientRequestInfoImpl&quot; }"/>
        </annotation>
    </item>
    <item name='com.sun.corba.se.impl.interceptors.ClientRequestInfoImpl com.sun.corba.se.spi.protocol.RetryType getRetryRequest()'>
        <annotation name='com.intellij.inspections.tainted.annotation.equation.Equations'>
            <val val="{ &quot;getRetryRequest := ClientRequestInfoImpl&quot; }"/>
        </annotation>
    </item>
    <item name='com.sun.corba.se.impl.interceptors.ClientRequestInfoImpl int getEntryCount()'>
        <annotation name='com.intellij.inspections.tainted.annotation.equation.Equations'>
            <val val="{ &quot;getEntryCount := ClientRequestInfoImpl&quot; }"/>
        </annotation>
    </item>
    <item name='com.sun.corba.se.impl.interceptors.ClientRequestInfoImpl java.lang.String received_exception_id()'>
        <annotation name='com.intellij.inspections.tainted.annotation.equation.Equations'>
            <val val="{ &quot;received_exception_id := ClientRequestInfoImpl&quot; }"/>
        </annotation>
    </item>
    <item name='com.sun.corba.se.impl.interceptors.ClientRequestInfoImpl java.lang.String[] contexts()'>
        <annotation name='com.intellij.inspections.tainted.annotation.equation.Equations'>
            <val val="{ &quot;contexts := ClientRequestInfoImpl&quot; }"/>
        </annotation>
    </item>
    <item name='com.sun.corba.se.impl.interceptors.ClientRequestInfoImpl java.lang.String[] operation_context()'>
        <annotation name='com.intellij.inspections.tainted.annotation.equation.Equations'>
            <val val="{ &quot;operation_context := ClientRequestInfoImpl&quot; }"/>
        </annotation>
    </item>
    <item name='com.sun.corba.se.impl.interceptors.ClientRequestInfoImpl org.omg.CORBA.Any received_exception()'>
        <annotation name='com.intellij.inspections.tainted.annotation.equation.Equations'>
            <val val="{ &quot;received_exception := ClientRequestInfoImpl&quot; }"/>
        </annotation>
    </item>
    <item name='com.sun.corba.se.impl.interceptors.ClientRequestInfoImpl org.omg.CORBA.Any result()'>
        <annotation name='com.intellij.inspections.tainted.annotation.equation.Equations'>
            <val val="{ &quot;result := ClientRequestInfoImpl&quot; }"/>
        </annotation>
    </item>
    <item name='com.sun.corba.se.impl.interceptors.ClientRequestInfoImpl org.omg.CORBA.Object effective_target()'>
        <annotation name='com.intellij.inspections.tainted.annotation.equation.Equations'>
            <val val="{ &quot;effective_target := ClientRequestInfoImpl&quot; }"/>
        </annotation>
    </item>
    <item name='com.sun.corba.se.impl.interceptors.ClientRequestInfoImpl org.omg.CORBA.Object target()'>
        <annotation name='com.intellij.inspections.tainted.annotation.equation.Equations'>
            <val val="{ &quot;target := ClientRequestInfoImpl&quot; }"/>
        </annotation>
    </item>
    <item name='com.sun.corba.se.impl.interceptors.ClientRequestInfoImpl org.omg.CORBA.Policy get_request_policy(int)'>
        <annotation name='com.intellij.inspections.tainted.annotation.equation.Equations'>
            <val val="{ &quot;type := org.omg.PortableInterceptor.ClientRequestInfoOperations#get_request_policy(int)#0 &amp; org.omg.PortableInterceptor.ClientRequestInfoOperations#get_request_policy(int)#0&quot; }"/>
        </annotation>
    </item>
    <item name='com.sun.corba.se.impl.interceptors.ClientRequestInfoImpl org.omg.CORBA.TypeCode[] exceptions()'>
        <annotation name='com.intellij.inspections.tainted.annotation.equation.Equations'>
            <val val="{ &quot;exceptions := ClientRequestInfoImpl&quot; }"/>
        </annotation>
    </item>
    <item name='com.sun.corba.se.impl.interceptors.ClientRequestInfoImpl org.omg.Dynamic.Parameter[] arguments()'>
        <annotation name='com.intellij.inspections.tainted.annotation.equation.Equations'>
            <val val="{ &quot;arguments := ClientRequestInfoImpl&quot; }"/>
        </annotation>
    </item>
    <item name='com.sun.corba.se.impl.interceptors.ClientRequestInfoImpl org.omg.IOP.ServiceContext get_reply_service_context(int)'>
        <annotation name='com.intellij.inspections.tainted.annotation.equation.Equations'>
            <val val="{ &quot;id := org.omg.PortableInterceptor.RequestInfoOperations#get_reply_service_context(int)#0 &amp; org.omg.PortableInterceptor.RequestInfoOperations#get_reply_service_context(int)#0&quot; }"/>
        </annotation>
    </item>
    <item name='com.sun.corba.se.impl.interceptors.ClientRequestInfoImpl org.omg.IOP.ServiceContext get_request_service_context(int)'>
        <annotation name='com.intellij.inspections.tainted.annotation.equation.Equations'>
            <val val="{ &quot;id := org.omg.PortableInterceptor.RequestInfoOperations#get_request_service_context(int)#0 &amp; org.omg.PortableInterceptor.RequestInfoOperations#get_request_service_context(int)#0&quot; }"/>
        </annotation>
    </item>
    <item name='com.sun.corba.se.impl.interceptors.ClientRequestInfoImpl org.omg.IOP.TaggedComponent get_effective_component(int)'>
        <annotation name='com.intellij.inspections.tainted.annotation.equation.Equations'>
            <val val="{ &quot;id := org.omg.PortableInterceptor.ClientRequestInfoOperations#get_effective_component(int)#0 &amp; org.omg.PortableInterceptor.ClientRequestInfoOperations#get_effective_component(int)#0&quot; }"/>
        </annotation>
    </item>
    <item name='com.sun.corba.se.impl.interceptors.ClientRequestInfoImpl org.omg.IOP.TaggedComponent[] get_effective_components(int)'>
        <annotation name='com.intellij.inspections.tainted.annotation.equation.Equations'>
            <val val="{ &quot;id := org.omg.PortableInterceptor.ClientRequestInfoOperations#get_effective_components(int)#0 &amp; #get_effective_component(int)#0 &amp; org.omg.PortableInterceptor.ClientRequestInfoOperations#get_effective_components(int)#0&quot; }"/>
        </annotation>
    </item>
    <item name='com.sun.corba.se.impl.interceptors.ClientRequestInfoImpl org.omg.IOP.TaggedProfile effective_profile()'>
        <annotation name='com.intellij.inspections.tainted.annotation.equation.Equations'>
            <val val="{ &quot;effective_profile := ClientRequestInfoImpl&quot; }"/>
        </annotation>
    </item>
    <item name='com.sun.corba.se.impl.interceptors.ClientRequestInfoImpl void add_request_service_context(org.omg.IOP.ServiceContext, boolean)'>
        <annotation name='com.intellij.inspections.tainted.annotation.equation.Equations'>
            <val val="{ &quot;replace := org.omg.PortableInterceptor.ClientRequestInfoOperations#add_request_service_context(org.omg.IOP.ServiceContext, boolean)#1 &amp; org.omg.PortableInterceptor.ClientRequestInfoOperations#add_request_service_context(org.omg.IOP.ServiceContext, boolean)#1&quot;, &quot;service_context := org.omg.PortableInterceptor.ClientRequestInfoOperations#add_request_service_context(org.omg.IOP.ServiceContext, boolean)#0 &amp; org.omg.PortableInterceptor.ClientRequestInfoOperations#add_request_service_context(org.omg.IOP.ServiceContext, boolean)#0&quot; }"/>
        </annotation>
    </item>
    <item name='com.sun.corba.se.impl.interceptors.ClientRequestInfoImpl void checkAccess(int)'>
        <annotation name='com.intellij.inspections.tainted.annotation.equation.Equations'>
            <val val="{ &quot;methodID := RequestInfoImpl#checkAccess(int)#0 &amp; #MID_RECEIVED_EXCEPTION &amp; #MID_RECEIVED_EXCEPTION_ID &amp; #MID_GET_EFFECTIVE_COMPONENT &amp; #MID_GET_EFFECTIVE_COMPONENTS &amp; #MID_GET_REQUEST_POLICY &amp; #MID_ADD_REQUEST_SERVICE_CONTEXT &amp; RequestInfoImpl#MID_ARGUMENTS &amp; RequestInfoImpl#MID_EXCEPTIONS &amp; RequestInfoImpl#MID_CONTEXTS &amp; RequestInfoImpl#MID_OPERATION_CONTEXT &amp; RequestInfoImpl#MID_RESULT &amp; RequestInfoImpl#MID_FORWARD_REFERENCE &amp; RequestInfoImpl#MID_GET_REQUEST_SERVICE_CONTEXT &amp; RequestInfoImpl#MID_GET_REPLY_SERVICE_CONTEXT &amp; RequestInfoImpl#checkAccess(int)#0&quot; }"/>
        </annotation>
    </item>
    <item name='com.sun.corba.se.impl.interceptors.ClientRequestInfoImpl void setDIIRequest(org.omg.CORBA.Request)'>
        <annotation name='com.intellij.inspections.tainted.annotation.equation.Equations'>
            <val val="{ &quot;req := PIHandlerImpl#setClientPIInfo(com.sun.corba.se.impl.corba.RequestImpl)#0&quot; }"/>
        </annotation>
    </item>
    <item name='com.sun.corba.se.impl.interceptors.ClientRequestInfoImpl void setException(java.lang.Exception)'>
        <annotation name='com.intellij.inspections.tainted.annotation.equation.Equations'>
            <val val="{ &quot;exception := RequestInfoImpl#setException(java.lang.Exception)#0 &amp; PIHandlerImpl#handleClientPIEndingPoint(int, java.lang.Exception, boolean)#1 &amp; RequestInfoImpl#setException(java.lang.Exception)#0&quot; }"/>
        </annotation>
    </item>
    <item name='com.sun.corba.se.impl.interceptors.ClientRequestInfoImpl void setInfo(com.sun.corba.se.pept.protocol.MessageMediator)'>
        <annotation name='com.intellij.inspections.tainted.annotation.equation.Equations'>
            <val val="{ &quot;messageMediator := PIHandlerImpl#setClientPIInfo(com.sun.corba.se.spi.protocol.CorbaMessageMediator)#0&quot; }"/>
        </annotation>
    </item>
    <item name='com.sun.corba.se.impl.interceptors.ClientRequestInfoImpl void setReplyStatus(short)'>
        <annotation name='com.intellij.inspections.tainted.annotation.equation.Equations'>
            <val val="{ &quot;replyStatus := RequestInfoImpl#setReplyStatus(short)#0 &amp; PIHandlerImpl#REPLY_MESSAGE_TO_PI_REPLY_STATUS &amp; RequestInfoImpl#UNINITIALIZED &amp; org.omg.PortableInterceptor.LOCATION_FORWARD#value &amp; org.omg.PortableInterceptor.SYSTEM_EXCEPTION#value &amp; RequestInfoImpl#setReplyStatus(short)#0&quot; }"/>
        </annotation>
    </item>
    <item name='com.sun.corba.se.impl.interceptors.ClientRequestInfoImpl void setRetryRequest(com.sun.corba.se.spi.protocol.RetryType)'>
        <annotation name='com.intellij.inspections.tainted.annotation.equation.Equations'>
            <val val="{ &quot;retryRequest := com.sun.corba.se.spi.protocol.RetryType#AFTER_RESPONSE &amp; com.sun.corba.se.spi.protocol.RetryType#BEFORE_RESPONSE &amp; com.sun.corba.se.spi.protocol.RetryType#NONE&quot; }"/>
        </annotation>
    </item>
    <item name='com.sun.corba.se.impl.interceptors.CodecFactoryImpl CodecFactoryImpl(org.omg.CORBA.ORB)'>
        <annotation name='com.intellij.inspections.tainted.annotation.equation.Equations'>
            <val val="{ &quot;orb := PIHandlerImpl#PIHandlerImpl(com.sun.corba.se.spi.orb.ORB, java.lang.String[])#0&quot;, &quot;CodecFactoryImpl := CodecFactoryImpl&quot; }"/>
        </annotation>
    </item>
    <item name='com.sun.corba.se.impl.interceptors.IORInfoImpl'>
        <annotation name='com.intellij.inspections.tainted.annotation.equation.Equations'>
            <val val="{ &quot;IORInfoImpl := #STATE_INITIAL &amp; #STATE_ESTABLISHED &amp; #STATE_DONE&quot; }"/>
        </annotation>
    </item>
    <item name='com.sun.corba.se.impl.interceptors.IORInfoImpl IORInfoImpl(com.sun.corba.se.spi.oa.ObjectAdapter)'>
        <annotation name='com.intellij.inspections.tainted.annotation.equation.Equations'>
            <val val="{ &quot;adapter := InterceptorInvoker#objectAdapterCreated(com.sun.corba.se.spi.oa.ObjectAdapter)#0&quot;, &quot;IORInfoImpl := IORInfoImpl&quot; }"/>
        </annotation>
    </item>
    <item name='com.sun.corba.se.impl.interceptors.IORInfoImpl com.sun.corba.se.spi.oa.ObjectAdapter getObjectAdapter()'>
        <annotation name='com.intellij.inspections.tainted.annotation.equation.Equations'>
            <val val="{ &quot;getObjectAdapter := IORInfoImpl&quot; }"/>
        </annotation>
    </item>
    <item name='com.sun.corba.se.impl.interceptors.IORInfoImpl int getServerPort(java.lang.String)'>
        <annotation name='com.intellij.inspections.tainted.annotation.equation.Equations'>
            <val val="{ &quot;type := com.sun.corba.se.spi.legacy.interceptor.IORInfoExt#getServerPort(java.lang.String)#0 &amp; com.sun.corba.se.spi.legacy.interceptor.IORInfoExt#getServerPort(java.lang.String)#0&quot; }"/>
        </annotation>
    </item>
    <item name='com.sun.corba.se.impl.interceptors.IORInfoImpl org.omg.CORBA.Policy get_effective_policy(int)'>
        <annotation name='com.intellij.inspections.tainted.annotation.equation.Equations'>
            <val val="{ &quot;type := org.omg.PortableInterceptor.IORInfoOperations#get_effective_policy(int)#0 &amp; org.omg.PortableInterceptor.IORInfoOperations#get_effective_policy(int)#0&quot; }"/>
        </annotation>
    </item>
    <item name='com.sun.corba.se.impl.interceptors.IORInfoImpl void addIORComponentToProfileInternal(org.omg.IOP.TaggedComponent, java.util.Iterator)'>
        <annotation name='com.intellij.inspections.tainted.annotation.equation.Equations'>
            <val val="{ &quot;tagged_component := #add_ior_component(org.omg.IOP.TaggedComponent)#0 &amp; #add_ior_component_to_profile(org.omg.IOP.TaggedComponent, int)#0&quot; }"/>
        </annotation>
    </item>
    <item name='com.sun.corba.se.impl.interceptors.IORInfoImpl void add_ior_component(org.omg.IOP.TaggedComponent)'>
        <annotation name='com.intellij.inspections.tainted.annotation.equation.Equations'>
            <val val="{ &quot;tagged_component := org.omg.PortableInterceptor.IORInfoOperations#add_ior_component(org.omg.IOP.TaggedComponent)#0 &amp; org.omg.PortableInterceptor.IORInfoOperations#add_ior_component(org.omg.IOP.TaggedComponent)#0&quot; }"/>
        </annotation>
    </item>
    <item name='com.sun.corba.se.impl.interceptors.IORInfoImpl void add_ior_component_to_profile(org.omg.IOP.TaggedComponent, int)'>
        <annotation name='com.intellij.inspections.tainted.annotation.equation.Equations'>
            <val val="{ &quot;tagged_component := org.omg.PortableInterceptor.IORInfoOperations#add_ior_component_to_profile(org.omg.IOP.TaggedComponent, int)#0 &amp; org.omg.PortableInterceptor.IORInfoOperations#add_ior_component_to_profile(org.omg.IOP.TaggedComponent, int)#0&quot;, &quot;profile_id := org.omg.PortableInterceptor.IORInfoOperations#add_ior_component_to_profile(org.omg.IOP.TaggedComponent, int)#1 &amp; org.omg.PortableInterceptor.IORInfoOperations#add_ior_component_to_profile(org.omg.IOP.TaggedComponent, int)#1&quot; }"/>
        </annotation>
    </item>
    <item name='com.sun.corba.se.impl.interceptors.IORInfoImpl void checkState(int)'>
        <annotation name='com.intellij.inspections.tainted.annotation.equation.Equations'>
            <val val="{ &quot;expectedState := #STATE_INITIAL &amp; #STATE_ESTABLISHED&quot; }"/>
        </annotation>
    </item>
    <item name='com.sun.corba.se.impl.interceptors.IORInfoImpl void checkState(int, int)'>
        <annotation name='com.intellij.inspections.tainted.annotation.equation.Equations'>
            <val val="{ &quot;expectedState1 := #STATE_INITIAL&quot;, &quot;expectedState2 := #STATE_ESTABLISHED&quot; }"/>
        </annotation>
    </item>
    <item name='com.sun.corba.se.impl.interceptors.IORInfoImpl void current_factory(org.omg.PortableInterceptor.ObjectReferenceFactory)'>
        <annotation name='com.intellij.inspections.tainted.annotation.equation.Equations'>
            <val val="{ &quot;factory := org.omg.PortableInterceptor.IORInfoOperations#current_factory(org.omg.PortableInterceptor.ObjectReferenceFactory)#0 &amp; org.omg.PortableInterceptor.IORInfoOperations#current_factory(org.omg.PortableInterceptor.ObjectReferenceFactory)#0&quot; }"/>
        </annotation>
    </item>
    <item name='com.sun.corba.se.impl.interceptors.InterceptorInvoker'>
        <annotation name='com.intellij.inspections.tainted.annotation.equation.Equations'>
            <val val="{ &quot;InterceptorInvoker := #setEnabled(boolean)#0&quot; }"/>
        </annotation>
    </item>
    <item name='com.sun.corba.se.impl.interceptors.InterceptorInvoker InterceptorInvoker(com.sun.corba.se.spi.orb.ORB, com.sun.corba.se.impl.interceptors.InterceptorList, com.sun.corba.se.impl.interceptors.PICurrent)'>
        <annotation name='com.intellij.inspections.tainted.annotation.equation.Equations'>
            <val val="{ &quot;piCurrent := PIHandlerImpl&quot;, &quot;InterceptorInvoker := InterceptorInvoker&quot;, &quot;interceptorList := PIHandlerImpl&quot;, &quot;orb := PIHandlerImpl#PIHandlerImpl(com.sun.corba.se.spi.orb.ORB, java.lang.String[])#0&quot; }"/>
        </annotation>
    </item>
    <item name='com.sun.corba.se.impl.interceptors.InterceptorInvoker void adapterManagerStateChanged(int, short)'>
        <annotation name='com.intellij.inspections.tainted.annotation.equation.Equations'>
            <val val="{ &quot;newState := PIHandlerImpl#adapterManagerStateChanged(int, short)#1&quot;, &quot;managerId := PIHandlerImpl#adapterManagerStateChanged(int, short)#0&quot; }"/>
        </annotation>
    </item>
    <item name='com.sun.corba.se.impl.interceptors.InterceptorInvoker void adapterStateChanged(org.omg.PortableInterceptor.ObjectReferenceTemplate[], short)'>
        <annotation name='com.intellij.inspections.tainted.annotation.equation.Equations'>
            <val val="{ &quot;templates := PIHandlerImpl#adapterStateChanged(org.omg.PortableInterceptor.ObjectReferenceTemplate[], short)#0&quot;, &quot;newState := PIHandlerImpl#adapterStateChanged(org.omg.PortableInterceptor.ObjectReferenceTemplate[], short)#1&quot; }"/>
        </annotation>
    </item>
    <item name='com.sun.corba.se.impl.interceptors.InterceptorInvoker void invokeClientInterceptorStartingPoint(com.sun.corba.se.impl.interceptors.ClientRequestInfoImpl)'>
        <annotation name='com.intellij.inspections.tainted.annotation.equation.Equations'>
            <val val="{ &quot;info := &quot; }"/>
        </annotation>
    </item>
    <item name='com.sun.corba.se.impl.interceptors.InterceptorInvoker void invokeServerInterceptorIntermediatePoint(com.sun.corba.se.impl.interceptors.ServerRequestInfoImpl)'>
        <annotation name='com.intellij.inspections.tainted.annotation.equation.Equations'>
            <val val="{ &quot;info := &quot; }"/>
        </annotation>
    </item>
    <item name='com.sun.corba.se.impl.interceptors.InterceptorInvoker void invokeServerInterceptorStartingPoint(com.sun.corba.se.impl.interceptors.ServerRequestInfoImpl)'>
        <annotation name='com.intellij.inspections.tainted.annotation.equation.Equations'>
            <val val="{ &quot;info := &quot; }"/>
        </annotation>
    </item>
    <item name='com.sun.corba.se.impl.interceptors.InterceptorInvoker void objectAdapterCreated(com.sun.corba.se.spi.oa.ObjectAdapter)'>
        <annotation name='com.intellij.inspections.tainted.annotation.equation.Equations'>
            <val val="{ &quot;oa := PIHandlerImpl#objectAdapterCreated(com.sun.corba.se.spi.oa.ObjectAdapter)#0&quot; }"/>
        </annotation>
    </item>
    <item name='com.sun.corba.se.impl.interceptors.InterceptorInvoker void updateClientRequestDispatcherForward(com.sun.corba.se.impl.interceptors.ClientRequestInfoImpl)'>
        <annotation name='com.intellij.inspections.tainted.annotation.equation.Equations'>
            <val val="{ &quot;info := #invokeClientInterceptorStartingPoint(com.sun.corba.se.impl.interceptors.ClientRequestInfoImpl)#0 &amp; #invokeClientInterceptorEndingPoint(com.sun.corba.se.impl.interceptors.ClientRequestInfoImpl)#0&quot; }"/>
        </annotation>
    </item>
    <item name='com.sun.corba.se.impl.interceptors.InterceptorList'>
        <annotation name='com.intellij.inspections.tainted.annotation.equation.Equations'>
            <val val="{ &quot;InterceptorList := &quot; }"/>
        </annotation>
    </item>
    <item name='com.sun.corba.se.impl.interceptors.InterceptorList InterceptorList(com.sun.corba.se.impl.logging.InterceptorsSystemException)'>
        <annotation name='com.intellij.inspections.tainted.annotation.equation.Equations'>
            <val val="{ &quot;wrapper := PIHandlerImpl&quot;, &quot;InterceptorList := InterceptorList&quot; }"/>
        </annotation>
    </item>
    <item name='com.sun.corba.se.impl.interceptors.InterceptorList boolean hasInterceptorsOfType(int)'>
        <annotation name='com.intellij.inspections.tainted.annotation.equation.Equations'>
            <val val="{ &quot;type := #INTERCEPTOR_TYPE_IOR &amp; #INTERCEPTOR_TYPE_SERVER&quot;, &quot;hasInterceptorsOfType := InterceptorList&quot; }"/>
        </annotation>
    </item>
    <item name='com.sun.corba.se.impl.interceptors.InterceptorList org.omg.PortableInterceptor.Interceptor[] getInterceptors(int)'>
        <annotation name='com.intellij.inspections.tainted.annotation.equation.Equations'>
            <val val="{ &quot;type := #INTERCEPTOR_TYPE_IOR &amp; #INTERCEPTOR_TYPE_CLIENT &amp; #INTERCEPTOR_TYPE_SERVER&quot;, &quot;getInterceptors := InterceptorList&quot; }"/>
        </annotation>
    </item>
    <item name='com.sun.corba.se.impl.interceptors.InterceptorList void growInterceptorArray(int)'>
        <annotation name='com.intellij.inspections.tainted.annotation.equation.Equations'>
            <val val="{ &quot;type := #register_interceptor(org.omg.PortableInterceptor.Interceptor, int)#1&quot; }"/>
        </annotation>
    </item>
    <item name='com.sun.corba.se.impl.interceptors.InterceptorList void register_interceptor(org.omg.PortableInterceptor.Interceptor, int)'>
        <annotation name='com.intellij.inspections.tainted.annotation.equation.Equations'>
            <val val="{ &quot;interceptor := PIHandlerImpl#register_interceptor(org.omg.PortableInterceptor.Interceptor, int)#0&quot;, &quot;type := PIHandlerImpl#register_interceptor(org.omg.PortableInterceptor.Interceptor, int)#1&quot; }"/>
        </annotation>
    </item>
    <item name='com.sun.corba.se.impl.interceptors.ORBInitInfoImpl'>
        <annotation name='com.intellij.inspections.tainted.annotation.equation.Equations'>
            <val val="{ &quot;ORBInitInfoImpl := #STAGE_PRE_INIT&quot; }"/>
        </annotation>
    </item>
    <item name='com.sun.corba.se.impl.interceptors.ORBInitInfoImpl ORBInitInfoImpl(com.sun.corba.se.spi.orb.ORB, java.lang.String[], java.lang.String, org.omg.IOP.CodecFactory)'>
        <annotation name='com.intellij.inspections.tainted.annotation.equation.Equations'>
            <val val="{ &quot;args := PIHandlerImpl&quot;, &quot;ORBInitInfoImpl := ORBInitInfoImpl&quot;, &quot;orb := PIHandlerImpl&quot;, &quot;codecFactory := PIHandlerImpl&quot; }"/>
        </annotation>
    </item>
    <item name='com.sun.corba.se.impl.interceptors.ORBInitInfoImpl com.sun.corba.se.spi.orb.ORB getORB()'>
        <annotation name='com.intellij.inspections.tainted.annotation.equation.Equations'>
            <val val="{ &quot;getORB := ORBInitInfoImpl&quot; }"/>
        </annotation>
    </item>
    <item name='com.sun.corba.se.impl.interceptors.ORBInitInfoImpl java.lang.String orb_id()'>
        <annotation name='com.intellij.inspections.tainted.annotation.equation.Equations'>
            <val val="{ &quot;orb_id := ORBInitInfoImpl&quot; }"/>
        </annotation>
    </item>
    <item name='com.sun.corba.se.impl.interceptors.ORBInitInfoImpl java.lang.String[] arguments()'>
        <annotation name='com.intellij.inspections.tainted.annotation.equation.Equations'>
            <val val="{ &quot;arguments := ORBInitInfoImpl&quot; }"/>
        </annotation>
    </item>
    <item name='com.sun.corba.se.impl.interceptors.ORBInitInfoImpl org.omg.CORBA.Object resolve_initial_references(java.lang.String)'>
        <annotation name='com.intellij.inspections.tainted.annotation.equation.Equations'>
            <val val="{ &quot;id := org.omg.PortableInterceptor.ORBInitInfoOperations#resolve_initial_references(java.lang.String)#0 &amp; org.omg.PortableInterceptor.ORBInitInfoOperations#resolve_initial_references(java.lang.String)#0&quot; }"/>
        </annotation>
    </item>
    <item name='com.sun.corba.se.impl.interceptors.ORBInitInfoImpl org.omg.IOP.CodecFactory codec_factory()'>
        <annotation name='com.intellij.inspections.tainted.annotation.equation.Equations'>
            <val val="{ &quot;codec_factory := ORBInitInfoImpl&quot; }"/>
        </annotation>
    </item>
    <item name='com.sun.corba.se.impl.interceptors.ORBInitInfoImpl void add_client_request_interceptor(org.omg.PortableInterceptor.ClientRequestInterceptor)'>
        <annotation name='com.intellij.inspections.tainted.annotation.equation.Equations'>
            <val val="{ &quot;interceptor := #add_client_request_interceptor_with_policy(org.omg.PortableInterceptor.ClientRequestInterceptor, org.omg.CORBA.Policy[])#0 &amp; org.omg.PortableInterceptor.ORBInitInfoOperations#add_client_request_interceptor(org.omg.PortableInterceptor.ClientRequestInterceptor)#0 &amp; org.omg.PortableInterceptor.ORBInitInfoOperations#add_client_request_interceptor(org.omg.PortableInterceptor.ClientRequestInterceptor)#0&quot; }"/>
        </annotation>
    </item>
    <item name='com.sun.corba.se.impl.interceptors.ORBInitInfoImpl void add_ior_interceptor(org.omg.PortableInterceptor.IORInterceptor)'>
        <annotation name='com.intellij.inspections.tainted.annotation.equation.Equations'>
            <val val="{ &quot;interceptor := #add_ior_interceptor_with_policy(org.omg.PortableInterceptor.IORInterceptor, org.omg.CORBA.Policy[])#0 &amp; org.omg.PortableInterceptor.ORBInitInfoOperations#add_ior_interceptor(org.omg.PortableInterceptor.IORInterceptor)#0 &amp; org.omg.PortableInterceptor.ORBInitInfoOperations#add_ior_interceptor(org.omg.PortableInterceptor.IORInterceptor)#0&quot; }"/>
        </annotation>
    </item>
    <item name='com.sun.corba.se.impl.interceptors.ORBInitInfoImpl void add_server_request_interceptor(org.omg.PortableInterceptor.ServerRequestInterceptor)'>
        <annotation name='com.intellij.inspections.tainted.annotation.equation.Equations'>
            <val val="{ &quot;interceptor := #add_server_request_interceptor_with_policy(org.omg.PortableInterceptor.ServerRequestInterceptor, org.omg.CORBA.Policy[])#0 &amp; org.omg.PortableInterceptor.ORBInitInfoOperations#add_server_request_interceptor(org.omg.PortableInterceptor.ServerRequestInterceptor)#0 &amp; org.omg.PortableInterceptor.ORBInitInfoOperations#add_server_request_interceptor(org.omg.PortableInterceptor.ServerRequestInterceptor)#0&quot; }"/>
        </annotation>
    </item>
    <item name='com.sun.corba.se.impl.interceptors.ORBInitInfoImpl void register_initial_reference(java.lang.String, org.omg.CORBA.Object)'>
        <annotation name='com.intellij.inspections.tainted.annotation.equation.Equations'>
            <val val="{ &quot;obj := org.omg.PortableInterceptor.ORBInitInfoOperations#register_initial_reference(java.lang.String, org.omg.CORBA.Object)#1 &amp; org.omg.PortableInterceptor.ORBInitInfoOperations#register_initial_reference(java.lang.String, org.omg.CORBA.Object)#1&quot;, &quot;id := org.omg.PortableInterceptor.ORBInitInfoOperations#register_initial_reference(java.lang.String, org.omg.CORBA.Object)#0 &amp; org.omg.PortableInterceptor.ORBInitInfoOperations#register_initial_reference(java.lang.String, org.omg.CORBA.Object)#0&quot; }"/>
        </annotation>
    </item>
    <item name='com.sun.corba.se.impl.interceptors.ORBInitInfoImpl void register_policy_factory(int, org.omg.PortableInterceptor.PolicyFactory)'>
        <annotation name='com.intellij.inspections.tainted.annotation.equation.Equations'>
            <val val="{ &quot;type := org.omg.PortableInterceptor.ORBInitInfoOperations#register_policy_factory(int, org.omg.PortableInterceptor.PolicyFactory)#0 &amp; org.omg.PortableInterceptor.ORBInitInfoOperations#register_policy_factory(int, org.omg.PortableInterceptor.PolicyFactory)#0&quot;, &quot;policy_factory := org.omg.PortableInterceptor.ORBInitInfoOperations#register_policy_factory(int, org.omg.PortableInterceptor.PolicyFactory)#1 &amp; org.omg.PortableInterceptor.ORBInitInfoOperations#register_policy_factory(int, org.omg.PortableInterceptor.PolicyFactory)#1&quot; }"/>
        </annotation>
    </item>
    <item name='com.sun.corba.se.impl.interceptors.ORBInitInfoImpl void setStage(int)'>
        <annotation name='com.intellij.inspections.tainted.annotation.equation.Equations'>
            <val val="{ &quot;stage := #STAGE_CLOSED &amp; #STAGE_PRE_INIT &amp; #STAGE_POST_INIT&quot; }"/>
        </annotation>
    </item>
    <item name='com.sun.corba.se.impl.interceptors.PICurrent'>
        <annotation name='com.intellij.inspections.tainted.annotation.equation.Equations'>
            <val val="{ &quot;PICurrent := #setORBInitializing(boolean)#0&quot; }"/>
        </annotation>
    </item>
    <item name='com.sun.corba.se.impl.interceptors.PICurrent PICurrent(com.sun.corba.se.spi.orb.ORB)'>
        <annotation name='com.intellij.inspections.tainted.annotation.equation.Equations'>
            <val val="{ &quot;myORB := PIHandlerImpl#PIHandlerImpl(com.sun.corba.se.spi.orb.ORB, java.lang.String[])#0&quot;, &quot;PICurrent := PICurrent&quot; }"/>
        </annotation>
    </item>
    <item name='com.sun.corba.se.impl.interceptors.PICurrent int allocateSlotId()'>
        <annotation name='com.intellij.inspections.tainted.annotation.equation.Equations'>
            <val val="{ &quot;allocateSlotId := PICurrent&quot; }"/>
        </annotation>
    </item>
    <item name='com.sun.corba.se.impl.interceptors.PICurrent org.omg.CORBA.Any get_slot(int)'>
        <annotation name='com.intellij.inspections.tainted.annotation.equation.Equations'>
            <val val="{ &quot;id := org.omg.PortableInterceptor.CurrentOperations#get_slot(int)#0 &amp; org.omg.PortableInterceptor.CurrentOperations#get_slot(int)#0&quot; }"/>
        </annotation>
    </item>
    <item name='com.sun.corba.se.impl.interceptors.PICurrent void set_slot(int, org.omg.CORBA.Any)'>
        <annotation name='com.intellij.inspections.tainted.annotation.equation.Equations'>
            <val val="{ &quot;data := org.omg.PortableInterceptor.CurrentOperations#set_slot(int, org.omg.CORBA.Any)#1 &amp; org.omg.PortableInterceptor.CurrentOperations#set_slot(int, org.omg.CORBA.Any)#1&quot;, &quot;id := org.omg.PortableInterceptor.CurrentOperations#set_slot(int, org.omg.CORBA.Any)#0 &amp; org.omg.PortableInterceptor.CurrentOperations#set_slot(int, org.omg.CORBA.Any)#0&quot; }"/>
        </annotation>
    </item>
    <item name='com.sun.corba.se.impl.interceptors.PIHandlerImpl'>
        <annotation name='com.intellij.inspections.tainted.annotation.equation.Equations'>
            <val val="{ &quot;PIHandlerImpl := &quot; }"/>
        </annotation>
    </item>
    <item name='com.sun.corba.se.impl.interceptors.PIHandlerImpl PIHandlerImpl(com.sun.corba.se.spi.orb.ORB, java.lang.String[])'>
        <annotation name='com.intellij.inspections.tainted.annotation.equation.Equations'>
            <val val="{ &quot;PIHandlerImpl := PIHandlerImpl&quot;, &quot;orb := com.sun.corba.se.impl.orb.ORBImpl&quot;, &quot;args := com.sun.corba.se.impl.orb.ORBImpl#postInit(java.lang.String[], com.sun.corba.se.spi.orb.DataCollector)#0&quot; }"/>
        </annotation>
    </item>
    <item name='com.sun.corba.se.impl.interceptors.PIHandlerImpl int convertPIReplyStatusToReplyMessage(short)'>
        <annotation name='com.intellij.inspections.tainted.annotation.equation.Equations'>
            <val val="{ &quot;replyStatus := &quot; }"/>
        </annotation>
    </item>
    <item name='com.sun.corba.se.impl.interceptors.PIHandlerImpl java.lang.Exception handleClientPIEndingPoint(int, java.lang.Exception, boolean)'>
        <annotation name='com.intellij.inspections.tainted.annotation.equation.Equations'>
            <val val="{ &quot;replyStatus := #makeCompletedClientRequest(int, java.lang.Exception)#0 &amp; #invokeClientPIEndingPoint(int, java.lang.Exception)#0&quot;, &quot;exception := #makeCompletedClientRequest(int, java.lang.Exception)#1 &amp; #invokeClientPIEndingPoint(int, java.lang.Exception)#1&quot;, &quot;handleClientPIEndingPoint := exception&quot; }"/>
        </annotation>
    </item>
    <item name='com.sun.corba.se.impl.interceptors.PIHandlerImpl java.lang.Exception invokeClientPIEndingPoint(int, java.lang.Exception)'>
        <annotation name='com.intellij.inspections.tainted.annotation.equation.Equations'>
            <val val="{ &quot;exception := com.sun.corba.se.spi.protocol.PIHandler#invokeClientPIEndingPoint(int, java.lang.Exception)#1 &amp; com.sun.corba.se.spi.protocol.PIHandler#invokeClientPIEndingPoint(int, java.lang.Exception)#1&quot;, &quot;replyStatus := com.sun.corba.se.spi.protocol.PIHandler#invokeClientPIEndingPoint(int, java.lang.Exception)#0 &amp; com.sun.corba.se.spi.protocol.PIHandler#invokeClientPIEndingPoint(int, java.lang.Exception)#0 &amp; com.sun.corba.se.impl.protocol.giopmsgheaders.ReplyMessage#SYSTEM_EXCEPTION&quot; }"/>
        </annotation>
    </item>
    <item name='com.sun.corba.se.impl.interceptors.PIHandlerImpl java.lang.Exception makeCompletedClientRequest(int, java.lang.Exception)'>
        <annotation name='com.intellij.inspections.tainted.annotation.equation.Equations'>
            <val val="{ &quot;exception := com.sun.corba.se.spi.protocol.PIHandler#makeCompletedClientRequest(int, java.lang.Exception)#1 &amp; com.sun.corba.se.spi.protocol.PIHandler#makeCompletedClientRequest(int, java.lang.Exception)#1&quot;, &quot;replyStatus := com.sun.corba.se.spi.protocol.PIHandler#makeCompletedClientRequest(int, java.lang.Exception)#0 &amp; com.sun.corba.se.spi.protocol.PIHandler#makeCompletedClientRequest(int, java.lang.Exception)#0&quot; }"/>
        </annotation>
    </item>
    <item name='com.sun.corba.se.impl.interceptors.PIHandlerImpl org.omg.CORBA.Policy create_policy(int, org.omg.CORBA.Any)'>
        <annotation name='com.intellij.inspections.tainted.annotation.equation.Equations'>
            <val val="{ &quot;val := com.sun.corba.se.spi.protocol.PIHandler#create_policy(int, org.omg.CORBA.Any)#1 &amp; com.sun.corba.se.spi.protocol.PIHandler#create_policy(int, org.omg.CORBA.Any)#1&quot;, &quot;type := com.sun.corba.se.spi.protocol.PIHandler#create_policy(int, org.omg.CORBA.Any)#0 &amp; com.sun.corba.se.spi.protocol.PIHandler#create_policy(int, org.omg.CORBA.Any)#0&quot; }"/>
        </annotation>
    </item>
    <item name='com.sun.corba.se.impl.interceptors.PIHandlerImpl org.omg.PortableInterceptor.Current getPICurrent()'>
        <annotation name='com.intellij.inspections.tainted.annotation.equation.Equations'>
            <val val="{ &quot;getPICurrent := PIHandlerImpl&quot; }"/>
        </annotation>
    </item>
    <item name='com.sun.corba.se.impl.interceptors.PIHandlerImpl void adapterManagerStateChanged(int, short)'>
        <annotation name='com.intellij.inspections.tainted.annotation.equation.Equations'>
            <val val="{ &quot;newState := com.sun.corba.se.spi.protocol.PIHandler#adapterManagerStateChanged(int, short)#1 &amp; com.sun.corba.se.spi.protocol.PIHandler#adapterManagerStateChanged(int, short)#1&quot;, &quot;managerId := com.sun.corba.se.spi.protocol.PIHandler#adapterManagerStateChanged(int, short)#0 &amp; com.sun.corba.se.spi.protocol.PIHandler#adapterManagerStateChanged(int, short)#0&quot; }"/>
        </annotation>
    </item>
    <item name='com.sun.corba.se.impl.interceptors.PIHandlerImpl void adapterStateChanged(org.omg.PortableInterceptor.ObjectReferenceTemplate[], short)'>
        <annotation name='com.intellij.inspections.tainted.annotation.equation.Equations'>
            <val val="{ &quot;templates := com.sun.corba.se.spi.protocol.PIHandler#adapterStateChanged(org.omg.PortableInterceptor.ObjectReferenceTemplate[], short)#0 &amp; com.sun.corba.se.spi.protocol.PIHandler#adapterStateChanged(org.omg.PortableInterceptor.ObjectReferenceTemplate[], short)#0&quot;, &quot;newState := com.sun.corba.se.spi.protocol.PIHandler#adapterStateChanged(org.omg.PortableInterceptor.ObjectReferenceTemplate[], short)#1 &amp; com.sun.corba.se.spi.protocol.PIHandler#adapterStateChanged(org.omg.PortableInterceptor.ObjectReferenceTemplate[], short)#1&quot; }"/>
        </annotation>
    </item>
    <item name='com.sun.corba.se.impl.interceptors.PIHandlerImpl void initializeServerPIInfo(com.sun.corba.se.spi.protocol.CorbaMessageMediator, com.sun.corba.se.spi.oa.ObjectAdapter, byte[], com.sun.corba.se.spi.ior.ObjectKeyTemplate)'>
        <annotation name='com.intellij.inspections.tainted.annotation.equation.Equations'>
            <val val="{ &quot;request := com.sun.corba.se.spi.protocol.PIHandler#initializeServerPIInfo(com.sun.corba.se.spi.protocol.CorbaMessageMediator, com.sun.corba.se.spi.oa.ObjectAdapter, byte[], com.sun.corba.se.spi.ior.ObjectKeyTemplate)#0 &amp; com.sun.corba.se.spi.protocol.PIHandler#initializeServerPIInfo(com.sun.corba.se.spi.protocol.CorbaMessageMediator, com.sun.corba.se.spi.oa.ObjectAdapter, byte[], com.sun.corba.se.spi.ior.ObjectKeyTemplate)#0&quot;, &quot;oa := com.sun.corba.se.spi.protocol.PIHandler#initializeServerPIInfo(com.sun.corba.se.spi.protocol.CorbaMessageMediator, com.sun.corba.se.spi.oa.ObjectAdapter, byte[], com.sun.corba.se.spi.ior.ObjectKeyTemplate)#1 &amp; com.sun.corba.se.spi.protocol.PIHandler#initializeServerPIInfo(com.sun.corba.se.spi.protocol.CorbaMessageMediator, com.sun.corba.se.spi.oa.ObjectAdapter, byte[], com.sun.corba.se.spi.ior.ObjectKeyTemplate)#1&quot;, &quot;oktemp := com.sun.corba.se.spi.protocol.PIHandler#initializeServerPIInfo(com.sun.corba.se.spi.protocol.CorbaMessageMediator, com.sun.corba.se.spi.oa.ObjectAdapter, byte[], com.sun.corba.se.spi.ior.ObjectKeyTemplate)#3 &amp; com.sun.corba.se.spi.protocol.PIHandler#initializeServerPIInfo(com.sun.corba.se.spi.protocol.CorbaMessageMediator, com.sun.corba.se.spi.oa.ObjectAdapter, byte[], com.sun.corba.se.spi.ior.ObjectKeyTemplate)#3&quot;, &quot;objectId := com.sun.corba.se.spi.protocol.PIHandler#initializeServerPIInfo(com.sun.corba.se.spi.protocol.CorbaMessageMediator, com.sun.corba.se.spi.oa.ObjectAdapter, byte[], com.sun.corba.se.spi.ior.ObjectKeyTemplate)#2 &amp; com.sun.corba.se.spi.protocol.PIHandler#initializeServerPIInfo(com.sun.corba.se.spi.protocol.CorbaMessageMediator, com.sun.corba.se.spi.oa.ObjectAdapter, byte[], com.sun.corba.se.spi.ior.ObjectKeyTemplate)#2&quot; }"/>
        </annotation>
    </item>
    <item name='com.sun.corba.se.impl.interceptors.PIHandlerImpl void initiateClientPIRequest(boolean)'>
        <annotation name='com.intellij.inspections.tainted.annotation.equation.Equations'>
            <val val="{ &quot;diiRequest := com.sun.corba.se.spi.protocol.PIHandler#initiateClientPIRequest(boolean)#0 &amp; com.sun.corba.se.spi.protocol.PIHandler#initiateClientPIRequest(boolean)#0&quot; }"/>
        </annotation>
    </item>
    <item name='com.sun.corba.se.impl.interceptors.PIHandlerImpl void invokeServerPIEndingPoint(com.sun.corba.se.impl.protocol.giopmsgheaders.ReplyMessage)'>
        <annotation name='com.intellij.inspections.tainted.annotation.equation.Equations'>
            <val val="{ &quot;replyMessage := com.sun.corba.se.spi.protocol.PIHandler#invokeServerPIEndingPoint(com.sun.corba.se.impl.protocol.giopmsgheaders.ReplyMessage)#0 &amp; com.sun.corba.se.spi.protocol.PIHandler#invokeServerPIEndingPoint(com.sun.corba.se.impl.protocol.giopmsgheaders.ReplyMessage)#0&quot; }"/>
        </annotation>
    </item>
    <item name='com.sun.corba.se.impl.interceptors.PIHandlerImpl void objectAdapterCreated(com.sun.corba.se.spi.oa.ObjectAdapter)'>
        <annotation name='com.intellij.inspections.tainted.annotation.equation.Equations'>
            <val val="{ &quot;oa := com.sun.corba.se.spi.protocol.PIHandler#objectAdapterCreated(com.sun.corba.se.spi.oa.ObjectAdapter)#0 &amp; com.sun.corba.se.spi.protocol.PIHandler#objectAdapterCreated(com.sun.corba.se.spi.oa.ObjectAdapter)#0&quot; }"/>
        </annotation>
    </item>
    <item name='com.sun.corba.se.impl.interceptors.PIHandlerImpl void postInitORBInitializers(com.sun.corba.se.impl.interceptors.ORBInitInfoImpl)'>
        <annotation name='com.intellij.inspections.tainted.annotation.equation.Equations'>
            <val val="{ &quot;info := &quot; }"/>
        </annotation>
    </item>
    <item name='com.sun.corba.se.impl.interceptors.PIHandlerImpl void preInitORBInitializers(com.sun.corba.se.impl.interceptors.ORBInitInfoImpl)'>
        <annotation name='com.intellij.inspections.tainted.annotation.equation.Equations'>
            <val val="{ &quot;info := &quot; }"/>
        </annotation>
    </item>
    <item name='com.sun.corba.se.impl.interceptors.PIHandlerImpl void printSpaces(int)'>
        <annotation name='com.intellij.inspections.tainted.annotation.equation.Equations'>
            <val val="{ &quot;n := PIHandlerImpl&quot; }"/>
        </annotation>
    </item>
    <item name='com.sun.corba.se.impl.interceptors.PIHandlerImpl void registerPolicyFactory(int, org.omg.PortableInterceptor.PolicyFactory)'>
        <annotation name='com.intellij.inspections.tainted.annotation.equation.Equations'>
            <val val="{ &quot;type := com.sun.corba.se.spi.protocol.PIHandler#registerPolicyFactory(int, org.omg.PortableInterceptor.PolicyFactory)#0 &amp; com.sun.corba.se.spi.protocol.PIHandler#registerPolicyFactory(int, org.omg.PortableInterceptor.PolicyFactory)#0&quot;, &quot;factory := com.sun.corba.se.spi.protocol.PIHandler#registerPolicyFactory(int, org.omg.PortableInterceptor.PolicyFactory)#1 &amp; com.sun.corba.se.spi.protocol.PIHandler#registerPolicyFactory(int, org.omg.PortableInterceptor.PolicyFactory)#1&quot; }"/>
        </annotation>
    </item>
    <item name='com.sun.corba.se.impl.interceptors.PIHandlerImpl void register_interceptor(org.omg.PortableInterceptor.Interceptor, int)'>
        <annotation name='com.intellij.inspections.tainted.annotation.equation.Equations'>
            <val val="{ &quot;interceptor := com.sun.corba.se.spi.protocol.PIHandler#register_interceptor(org.omg.PortableInterceptor.Interceptor, int)#0 &amp; com.sun.corba.se.spi.protocol.PIHandler#register_interceptor(org.omg.PortableInterceptor.Interceptor, int)#0&quot;, &quot;type := com.sun.corba.se.spi.protocol.PIHandler#register_interceptor(org.omg.PortableInterceptor.Interceptor, int)#1 &amp; com.sun.corba.se.spi.protocol.PIHandler#register_interceptor(org.omg.PortableInterceptor.Interceptor, int)#1&quot; }"/>
        </annotation>
    </item>
    <item name='com.sun.corba.se.impl.interceptors.PIHandlerImpl void serverPIHandleExceptions(com.sun.corba.se.impl.interceptors.ServerRequestInfoImpl)'>
        <annotation name='com.intellij.inspections.tainted.annotation.equation.Equations'>
            <val val="{ &quot;info := &quot; }"/>
        </annotation>
    </item>
    <item name='com.sun.corba.se.impl.interceptors.PIHandlerImpl void setClientPIInfo(com.sun.corba.se.impl.corba.RequestImpl)'>
        <annotation name='com.intellij.inspections.tainted.annotation.equation.Equations'>
            <val val="{ &quot;requestImpl := com.sun.corba.se.spi.protocol.PIHandler#setClientPIInfo(com.sun.corba.se.impl.corba.RequestImpl)#0 &amp; com.sun.corba.se.spi.protocol.PIHandler#setClientPIInfo(com.sun.corba.se.impl.corba.RequestImpl)#0&quot; }"/>
        </annotation>
    </item>
    <item name='com.sun.corba.se.impl.interceptors.PIHandlerImpl void setClientPIInfo(com.sun.corba.se.spi.protocol.CorbaMessageMediator)'>
        <annotation name='com.intellij.inspections.tainted.annotation.equation.Equations'>
            <val val="{ &quot;messageMediator := com.sun.corba.se.spi.protocol.PIHandler#setClientPIInfo(com.sun.corba.se.spi.protocol.CorbaMessageMediator)#0 &amp; com.sun.corba.se.spi.protocol.PIHandler#setClientPIInfo(com.sun.corba.se.spi.protocol.CorbaMessageMediator)#0&quot; }"/>
        </annotation>
    </item>
    <item name='com.sun.corba.se.impl.interceptors.PIHandlerImpl void setServerPIExceptionInfo(org.omg.CORBA.Any)'>
        <annotation name='com.intellij.inspections.tainted.annotation.equation.Equations'>
            <val val="{ &quot;exception := com.sun.corba.se.spi.protocol.PIHandler#setServerPIExceptionInfo(org.omg.CORBA.Any)#0 &amp; com.sun.corba.se.spi.protocol.PIHandler#setServerPIExceptionInfo(org.omg.CORBA.Any)#0&quot; }"/>
        </annotation>
    </item>
    <item name='com.sun.corba.se.impl.interceptors.PIHandlerImpl void setServerPIInfo(java.lang.Exception)'>
        <annotation name='com.intellij.inspections.tainted.annotation.equation.Equations'>
            <val val="{ &quot;exception := com.sun.corba.se.spi.protocol.PIHandler#setServerPIInfo(java.lang.Exception)#0 &amp; com.sun.corba.se.spi.protocol.PIHandler#setServerPIInfo(java.lang.Exception)#0&quot; }"/>
        </annotation>
    </item>
    <item name='com.sun.corba.se.impl.interceptors.PIHandlerImpl void setServerPIInfo(java.lang.Object, java.lang.String)'>
        <annotation name='com.intellij.inspections.tainted.annotation.equation.Equations'>
            <val val="{ &quot;targetMostDerivedInterface := com.sun.corba.se.spi.protocol.PIHandler#setServerPIInfo(java.lang.Object, java.lang.String)#1 &amp; com.sun.corba.se.spi.protocol.PIHandler#setServerPIInfo(java.lang.Object, java.lang.String)#1&quot;, &quot;servant := com.sun.corba.se.spi.protocol.PIHandler#setServerPIInfo(java.lang.Object, java.lang.String)#0 &amp; com.sun.corba.se.spi.protocol.PIHandler#setServerPIInfo(java.lang.Object, java.lang.String)#0&quot; }"/>
        </annotation>
    </item>
    <item name='com.sun.corba.se.impl.interceptors.PIHandlerImpl void setServerPIInfo(org.omg.CORBA.Any)'>
        <annotation name='com.intellij.inspections.tainted.annotation.equation.Equations'>
            <val val="{ &quot;result := com.sun.corba.se.spi.protocol.PIHandler#setServerPIInfo(org.omg.CORBA.Any)#0 &amp; com.sun.corba.se.spi.protocol.PIHandler#setServerPIInfo(org.omg.CORBA.Any)#0&quot; }"/>
        </annotation>
    </item>
    <item name='com.sun.corba.se.impl.interceptors.PIHandlerImpl void setServerPIInfo(org.omg.CORBA.NVList)'>
        <annotation name='com.intellij.inspections.tainted.annotation.equation.Equations'>
            <val val="{ &quot;arguments := com.sun.corba.se.spi.protocol.PIHandler#setServerPIInfo(org.omg.CORBA.NVList)#0 &amp; com.sun.corba.se.spi.protocol.PIHandler#setServerPIInfo(org.omg.CORBA.NVList)#0&quot; }"/>
        </annotation>
    </item>
    <item name='com.sun.corba.se.impl.interceptors.PINoOpHandlerImpl java.lang.Exception invokeClientPIEndingPoint(int, java.lang.Exception)'>
        <annotation name='com.intellij.inspections.tainted.annotation.equation.Equations'>
            <val val="{ &quot;replyStatus := com.sun.corba.se.spi.protocol.PIHandler#invokeClientPIEndingPoint(int, java.lang.Exception)#0 &amp; com.sun.corba.se.spi.protocol.PIHandler#invokeClientPIEndingPoint(int, java.lang.Exception)#0&quot;, &quot;exception := com.sun.corba.se.spi.protocol.PIHandler#invokeClientPIEndingPoint(int, java.lang.Exception)#1 &amp; com.sun.corba.se.spi.protocol.PIHandler#invokeClientPIEndingPoint(int, java.lang.Exception)#1&quot; }"/>
        </annotation>
    </item>
    <item name='com.sun.corba.se.impl.interceptors.PINoOpHandlerImpl java.lang.Exception makeCompletedClientRequest(int, java.lang.Exception)'>
        <annotation name='com.intellij.inspections.tainted.annotation.equation.Equations'>
            <val val="{ &quot;replyStatus := com.sun.corba.se.spi.protocol.PIHandler#makeCompletedClientRequest(int, java.lang.Exception)#0 &amp; com.sun.corba.se.spi.protocol.PIHandler#makeCompletedClientRequest(int, java.lang.Exception)#0&quot;, &quot;exception := com.sun.corba.se.spi.protocol.PIHandler#makeCompletedClientRequest(int, java.lang.Exception)#1 &amp; com.sun.corba.se.spi.protocol.PIHandler#makeCompletedClientRequest(int, java.lang.Exception)#1&quot; }"/>
        </annotation>
    </item>
    <item name='com.sun.corba.se.impl.interceptors.PINoOpHandlerImpl org.omg.CORBA.Policy create_policy(int, org.omg.CORBA.Any)'>
        <annotation name='com.intellij.inspections.tainted.annotation.equation.Equations'>
            <val val="{ &quot;val := com.sun.corba.se.spi.protocol.PIHandler#create_policy(int, org.omg.CORBA.Any)#1 &amp; com.sun.corba.se.spi.protocol.PIHandler#create_policy(int, org.omg.CORBA.Any)#1&quot;, &quot;type := com.sun.corba.se.spi.protocol.PIHandler#create_policy(int, org.omg.CORBA.Any)#0 &amp; com.sun.corba.se.spi.protocol.PIHandler#create_policy(int, org.omg.CORBA.Any)#0&quot; }"/>
        </annotation>
    </item>
    <item name='com.sun.corba.se.impl.interceptors.RequestInfoImpl'>
        <annotation name='com.intellij.inspections.tainted.annotation.equation.Equations'>
            <val val="{ &quot;RequestInfoImpl := #UNINITIALIZED &amp; #EXECUTION_POINT_STARTING &amp; #setFlowStackIndex(int)#0 &amp; #setStartingPointCall(int)#0 &amp; #setAlreadyExecuted(boolean)#0&quot; }"/>
        </annotation>
    </item>
    <item name='com.sun.corba.se.impl.interceptors.RequestInfoImpl RequestInfoImpl(com.sun.corba.se.spi.orb.ORB)'>
        <annotation name='com.intellij.inspections.tainted.annotation.equation.Equations'>
            <val val="{ &quot;RequestInfoImpl := RequestInfoImpl&quot;, &quot;myORB := ClientRequestInfoImpl#ClientRequestInfoImpl(com.sun.corba.se.spi.orb.ORB)#0 &amp; ServerRequestInfoImpl#ServerRequestInfoImpl(com.sun.corba.se.spi.orb.ORB)#0&quot; }"/>
        </annotation>
    </item>
    <item name='com.sun.corba.se.impl.interceptors.RequestInfoImpl boolean getAlreadyExecuted()'>
        <annotation name='com.intellij.inspections.tainted.annotation.equation.Equations'>
            <val val="{ &quot;getAlreadyExecuted := RequestInfoImpl&quot; }"/>
        </annotation>
    </item>
    <item name='com.sun.corba.se.impl.interceptors.RequestInfoImpl boolean response_expected()'>
        <annotation name='com.intellij.inspections.tainted.annotation.equation.Equations'>
            <val val="{ &quot;response_expected := ServerRequestInfoImpl#response_expected() &amp; ClientRequestInfoImpl#response_expected()&quot; }"/>
        </annotation>
    </item>
    <item name='com.sun.corba.se.impl.interceptors.RequestInfoImpl com.sun.corba.se.spi.ior.IOR getForwardRequestIOR()'>
        <annotation name='com.intellij.inspections.tainted.annotation.equation.Equations'>
            <val val="{ &quot;getForwardRequestIOR := RequestInfoImpl&quot; }"/>
        </annotation>
    </item>
    <item name='com.sun.corba.se.impl.interceptors.RequestInfoImpl com.sun.corba.se.spi.legacy.connection.Connection connection()'>
        <annotation name='com.intellij.inspections.tainted.annotation.equation.Equations'>
            <val val="{ &quot;connection := RequestInfoImpl &amp; ClientRequestInfoImpl#connection()&quot; }"/>
        </annotation>
    </item>
    <item name='com.sun.corba.se.impl.interceptors.RequestInfoImpl int getEndingPointCall()'>
        <annotation name='com.intellij.inspections.tainted.annotation.equation.Equations'>
            <val val="{ &quot;getEndingPointCall := RequestInfoImpl&quot; }"/>
        </annotation>
    </item>
    <item name='com.sun.corba.se.impl.interceptors.RequestInfoImpl int getFlowStackIndex()'>
        <annotation name='com.intellij.inspections.tainted.annotation.equation.Equations'>
            <val val="{ &quot;getFlowStackIndex := RequestInfoImpl&quot; }"/>
        </annotation>
    </item>
    <item name='com.sun.corba.se.impl.interceptors.RequestInfoImpl int getIntermediatePointCall()'>
        <annotation name='com.intellij.inspections.tainted.annotation.equation.Equations'>
            <val val="{ &quot;getIntermediatePointCall := RequestInfoImpl&quot; }"/>
        </annotation>
    </item>
    <item name='com.sun.corba.se.impl.interceptors.RequestInfoImpl int getStartingPointCall()'>
        <annotation name='com.intellij.inspections.tainted.annotation.equation.Equations'>
            <val val="{ &quot;getStartingPointCall := RequestInfoImpl&quot; }"/>
        </annotation>
    </item>
    <item name='com.sun.corba.se.impl.interceptors.RequestInfoImpl int request_id()'>
        <annotation name='com.intellij.inspections.tainted.annotation.equation.Equations'>
            <val val="{ &quot;request_id := ClientRequestInfoImpl#request_id() &amp; ServerRequestInfoImpl#request_id()&quot; }"/>
        </annotation>
    </item>
    <item name='com.sun.corba.se.impl.interceptors.RequestInfoImpl java.lang.Exception getException()'>
        <annotation name='com.intellij.inspections.tainted.annotation.equation.Equations'>
            <val val="{ &quot;getException := RequestInfoImpl&quot; }"/>
        </annotation>
    </item>
    <item name='com.sun.corba.se.impl.interceptors.RequestInfoImpl java.lang.String operation()'>
        <annotation name='com.intellij.inspections.tainted.annotation.equation.Equations'>
            <val val="{ &quot;operation := ServerRequestInfoImpl#operation() &amp; ClientRequestInfoImpl#operation()&quot; }"/>
        </annotation>
    </item>
    <item name='com.sun.corba.se.impl.interceptors.RequestInfoImpl java.lang.String[] contexts()'>
        <annotation name='com.intellij.inspections.tainted.annotation.equation.Equations'>
            <val val="{ &quot;contexts := ClientRequestInfoImpl#contexts() &amp; ServerRequestInfoImpl#contexts()&quot; }"/>
        </annotation>
    </item>
    <item name='com.sun.corba.se.impl.interceptors.RequestInfoImpl java.lang.String[] operation_context()'>
        <annotation name='com.intellij.inspections.tainted.annotation.equation.Equations'>
            <val val="{ &quot;operation_context := ServerRequestInfoImpl#operation_context() &amp; ClientRequestInfoImpl#operation_context()&quot; }"/>
        </annotation>
    </item>
    <item name='com.sun.corba.se.impl.interceptors.RequestInfoImpl org.omg.CORBA.Any exceptionToAny(java.lang.Exception)'>
        <annotation name='com.intellij.inspections.tainted.annotation.equation.Equations'>
            <val val="{ &quot;exception := ClientRequestInfoImpl &amp; ServerRequestInfoImpl&quot; }"/>
        </annotation>
    </item>
    <item name='com.sun.corba.se.impl.interceptors.RequestInfoImpl org.omg.CORBA.Any get_slot(int)'>
        <annotation name='com.intellij.inspections.tainted.annotation.equation.Equations'>
            <val val="{ &quot;id := org.omg.PortableInterceptor.RequestInfoOperations#get_slot(int)#0 &amp; org.omg.PortableInterceptor.RequestInfoOperations#get_slot(int)#0&quot; }"/>
        </annotation>
    </item>
    <item name='com.sun.corba.se.impl.interceptors.RequestInfoImpl org.omg.CORBA.Any result()'>
        <annotation name='com.intellij.inspections.tainted.annotation.equation.Equations'>
            <val val="{ &quot;result := ServerRequestInfoImpl#result() &amp; ClientRequestInfoImpl#result()&quot; }"/>
        </annotation>
    </item>
    <item name='com.sun.corba.se.impl.interceptors.RequestInfoImpl org.omg.CORBA.Object forward_reference()'>
        <annotation name='com.intellij.inspections.tainted.annotation.equation.Equations'>
            <val val="{ &quot;forward_reference := ServerRequestInfoImpl#forward_reference() &amp; ClientRequestInfoImpl#forward_reference()&quot; }"/>
        </annotation>
    </item>
    <item name='com.sun.corba.se.impl.interceptors.RequestInfoImpl org.omg.CORBA.Object iorToObject(com.sun.corba.se.spi.ior.IOR)'>
        <annotation name='com.intellij.inspections.tainted.annotation.equation.Equations'>
            <val val="{ &quot;ior := RequestInfoImpl&quot; }"/>
        </annotation>
    </item>
    <item name='com.sun.corba.se.impl.interceptors.RequestInfoImpl org.omg.CORBA.TypeCode[] exceptions()'>
        <annotation name='com.intellij.inspections.tainted.annotation.equation.Equations'>
            <val val="{ &quot;exceptions := ServerRequestInfoImpl#exceptions() &amp; ClientRequestInfoImpl#exceptions()&quot; }"/>
        </annotation>
    </item>
    <item name='com.sun.corba.se.impl.interceptors.RequestInfoImpl org.omg.Dynamic.Parameter[] arguments()'>
        <annotation name='com.intellij.inspections.tainted.annotation.equation.Equations'>
            <val val="{ &quot;arguments := ServerRequestInfoImpl#arguments() &amp; ClientRequestInfoImpl#arguments()&quot; }"/>
        </annotation>
    </item>
    <item name='com.sun.corba.se.impl.interceptors.RequestInfoImpl org.omg.Dynamic.Parameter[] nvListToParameterArray(org.omg.CORBA.NVList)'>
        <annotation name='com.intellij.inspections.tainted.annotation.equation.Equations'>
            <val val="{ &quot;parNVList := ServerRequestInfoImpl&quot; }"/>
        </annotation>
    </item>
    <item name='com.sun.corba.se.impl.interceptors.RequestInfoImpl org.omg.IOP.ServiceContext getServiceContext(java.util.HashMap, com.sun.corba.se.spi.servicecontext.ServiceContexts, int)'>
        <annotation name='com.intellij.inspections.tainted.annotation.equation.Equations'>
            <val val="{ &quot;id := ServerRequestInfoImpl#get_request_service_context(int)#0 &amp; ServerRequestInfoImpl#get_reply_service_context(int)#0 &amp; ClientRequestInfoImpl#get_request_service_context(int)#0 &amp; ClientRequestInfoImpl#get_reply_service_context(int)#0&quot;, &quot;cachedServiceContexts := ServerRequestInfoImpl &amp; ClientRequestInfoImpl&quot; }"/>
        </annotation>
    </item>
    <item name='com.sun.corba.se.impl.interceptors.RequestInfoImpl org.omg.IOP.ServiceContext get_reply_service_context(int)'>
        <annotation name='com.intellij.inspections.tainted.annotation.equation.Equations'>
            <val val="{ &quot;get_reply_service_context := ServerRequestInfoImpl#get_reply_service_context(int) &amp; ClientRequestInfoImpl#get_reply_service_context(int)&quot; }"/>
        </annotation>
    </item>
    <item name='com.sun.corba.se.impl.interceptors.RequestInfoImpl org.omg.IOP.ServiceContext get_request_service_context(int)'>
        <annotation name='com.intellij.inspections.tainted.annotation.equation.Equations'>
            <val val="{ &quot;get_request_service_context := ServerRequestInfoImpl#get_request_service_context(int) &amp; ClientRequestInfoImpl#get_request_service_context(int)&quot;, &quot;id := org.omg.PortableInterceptor.RequestInfoOperations#get_request_service_context(int)#0 &amp; org.omg.PortableInterceptor.RequestInfoOperations#get_request_service_context(int)#0&quot; }"/>
        </annotation>
    </item>
    <item name='com.sun.corba.se.impl.interceptors.RequestInfoImpl org.omg.PortableInterceptor.ForwardRequest getForwardRequestException()'>
        <annotation name='com.intellij.inspections.tainted.annotation.equation.Equations'>
            <val val="{ &quot;getForwardRequestException := RequestInfoImpl&quot; }"/>
        </annotation>
    </item>
    <item name='com.sun.corba.se.impl.interceptors.RequestInfoImpl short getReplyStatus()'>
        <annotation name='com.intellij.inspections.tainted.annotation.equation.Equations'>
            <val val="{ &quot;getReplyStatus := RequestInfoImpl&quot; }"/>
        </annotation>
    </item>
    <item name='com.sun.corba.se.impl.interceptors.RequestInfoImpl short reply_status()'>
        <annotation name='com.intellij.inspections.tainted.annotation.equation.Equations'>
            <val val="{ &quot;reply_status := RequestInfoImpl&quot; }"/>
        </annotation>
    </item>
    <item name='com.sun.corba.se.impl.interceptors.RequestInfoImpl short sync_scope()'>
        <annotation name='com.intellij.inspections.tainted.annotation.equation.Equations'>
            <val val="{ &quot;sync_scope := org.omg.Messaging.SYNC_WITH_TRANSPORT#value&quot; }"/>
        </annotation>
    </item>
    <item name='com.sun.corba.se.impl.interceptors.RequestInfoImpl void addServiceContext(java.util.HashMap, com.sun.corba.se.spi.servicecontext.ServiceContexts, org.omg.IOP.ServiceContext, boolean)'>
        <annotation name='com.intellij.inspections.tainted.annotation.equation.Equations'>
            <val val="{ &quot;service_context := ClientRequestInfoImpl#add_request_service_context(org.omg.IOP.ServiceContext, boolean)#0 &amp; ServerRequestInfoImpl#add_reply_service_context(org.omg.IOP.ServiceContext, boolean)#0&quot;, &quot;replace := ClientRequestInfoImpl#add_request_service_context(org.omg.IOP.ServiceContext, boolean)#1 &amp; ServerRequestInfoImpl#add_reply_service_context(org.omg.IOP.ServiceContext, boolean)#1&quot;, &quot;cachedServiceContexts := ClientRequestInfoImpl &amp; ServerRequestInfoImpl&quot; }"/>
        </annotation>
    </item>
    <item name='com.sun.corba.se.impl.interceptors.RequestInfoImpl void checkAccess(int)'>
        <annotation name='com.intellij.inspections.tainted.annotation.equation.Equations'>
            <val val="{ &quot;methodID := #MID_SYNC_SCOPE &amp; #MID_REPLY_STATUS&quot; }"/>
        </annotation>
    </item>
    <item name='com.sun.corba.se.impl.interceptors.RequestInfoImpl void insertApplicationException(org.omg.CORBA.portable.ApplicationException, org.omg.CORBA.Any)'>
        <annotation name='com.intellij.inspections.tainted.annotation.equation.Equations'>
            <val val="{ &quot;appException := #exceptionToAny(java.lang.Exception)#0&quot; }"/>
        </annotation>
    </item>
    <item name='com.sun.corba.se.impl.interceptors.RequestInfoImpl void insertUserException(org.omg.CORBA.UserException, org.omg.CORBA.Any)'>
        <annotation name='com.intellij.inspections.tainted.annotation.equation.Equations'>
            <val val="{ &quot;result := #insertApplicationException(org.omg.CORBA.portable.ApplicationException, org.omg.CORBA.Any)#1&quot;, &quot;userException := #exceptionToAny(java.lang.Exception)#0&quot; }"/>
        </annotation>
    </item>
    <item name='com.sun.corba.se.impl.interceptors.RequestInfoImpl void setCurrentExecutionPoint(int)'>
        <annotation name='com.intellij.inspections.tainted.annotation.equation.Equations'>
            <val val="{ &quot;executionPoint := #EXECUTION_POINT_STARTING &amp; #EXECUTION_POINT_ENDING &amp; ServerRequestInfoImpl#setCurrentExecutionPoint(int)#0&quot; }"/>
        </annotation>
    </item>
    <item name='com.sun.corba.se.impl.interceptors.RequestInfoImpl void setEndingPointCall(int)'>
        <annotation name='com.intellij.inspections.tainted.annotation.equation.Equations'>
            <val val="{ &quot;call := ClientRequestInfoImpl#CALL_RECEIVE_OTHER &amp; ClientRequestInfoImpl#CALL_RECEIVE_EXCEPTION &amp; ServerRequestInfoImpl#CALL_SEND_OTHER &amp; ServerRequestInfoImpl#CALL_SEND_EXCEPTION&quot; }"/>
        </annotation>
    </item>
    <item name='com.sun.corba.se.impl.interceptors.RequestInfoImpl void setException(java.lang.Exception)'>
        <annotation name='com.intellij.inspections.tainted.annotation.equation.Equations'>
            <val val="{ &quot;exception := ClientRequestInfoImpl#setException(java.lang.Exception)#0 &amp; ServerRequestInfoImpl#setException(java.lang.Exception)#0&quot; }"/>
        </annotation>
    </item>
    <item name='com.sun.corba.se.impl.interceptors.RequestInfoImpl void setIntermediatePointCall(int)'>
        <annotation name='com.intellij.inspections.tainted.annotation.equation.Equations'>
            <val val="{ &quot;call := ServerRequestInfoImpl#CALL_INTERMEDIATE_NONE&quot; }"/>
        </annotation>
    </item>
    <item name='com.sun.corba.se.impl.interceptors.RequestInfoImpl void setReplyStatus(short)'>
        <annotation name='com.intellij.inspections.tainted.annotation.equation.Equations'>
            <val val="{ &quot;replyStatus := #UNINITIALIZED &amp; ClientRequestInfoImpl#setReplyStatus(short)#0 &amp; ServerRequestInfoImpl#setReplyStatus(short)#0&quot; }"/>
        </annotation>
    </item>
    <item name='com.sun.corba.se.impl.interceptors.ServerRequestInfoImpl'>
        <annotation name='com.intellij.inspections.tainted.annotation.equation.Equations'>
            <val val="{ &quot;ServerRequestInfoImpl := #CALL_RECEIVE_REQUEST_SERVICE_CONTEXT &amp; #CALL_RECEIVE_REQUEST &amp; #CALL_SEND_REPLY&quot; }"/>
        </annotation>
    </item>
    <item name='com.sun.corba.se.impl.interceptors.ServerRequestInfoImpl ServerRequestInfoImpl(com.sun.corba.se.spi.orb.ORB)'>
        <annotation name='com.intellij.inspections.tainted.annotation.equation.Equations'>
            <val val="{ &quot;myORB := PIHandlerImpl&quot;, &quot;ServerRequestInfoImpl := ServerRequestInfoImpl&quot; }"/>
        </annotation>
    </item>
    <item name='com.sun.corba.se.impl.interceptors.ServerRequestInfoImpl boolean isDynamic()'>
        <annotation name='com.intellij.inspections.tainted.annotation.equation.Equations'>
            <val val="{ &quot;isDynamic := ServerRequestInfoImpl&quot; }"/>
        </annotation>
    </item>
    <item name='com.sun.corba.se.impl.interceptors.ServerRequestInfoImpl boolean isForwardRequestRaisedInEnding()'>
        <annotation name='com.intellij.inspections.tainted.annotation.equation.Equations'>
            <val val="{ &quot;isForwardRequestRaisedInEnding := ServerRequestInfoImpl&quot; }"/>
        </annotation>
    </item>
    <item name='com.sun.corba.se.impl.interceptors.ServerRequestInfoImpl boolean target_is_a(java.lang.String)'>
        <annotation name='com.intellij.inspections.tainted.annotation.equation.Equations'>
            <val val="{ &quot;id := org.omg.PortableInterceptor.ServerRequestInfoOperations#target_is_a(java.lang.String)#0 &amp; org.omg.PortableInterceptor.ServerRequestInfoOperations#target_is_a(java.lang.String)#0&quot; }"/>
        </annotation>
    </item>
    <item name='com.sun.corba.se.impl.interceptors.ServerRequestInfoImpl byte[] adapter_id()'>
        <annotation name='com.intellij.inspections.tainted.annotation.equation.Equations'>
            <val val="{ &quot;adapter_id := ServerRequestInfoImpl&quot; }"/>
        </annotation>
    </item>
    <item name='com.sun.corba.se.impl.interceptors.ServerRequestInfoImpl byte[] object_id()'>
        <annotation name='com.intellij.inspections.tainted.annotation.equation.Equations'>
            <val val="{ &quot;object_id := ServerRequestInfoImpl&quot; }"/>
        </annotation>
    </item>
    <item name='com.sun.corba.se.impl.interceptors.ServerRequestInfoImpl int request_id()'>
        <annotation name='com.intellij.inspections.tainted.annotation.equation.Equations'>
            <val val="{ &quot;request_id := ServerRequestInfoImpl&quot; }"/>
        </annotation>
    </item>
    <item name='com.sun.corba.se.impl.interceptors.ServerRequestInfoImpl java.lang.String target_most_derived_interface()'>
        <annotation name='com.intellij.inspections.tainted.annotation.equation.Equations'>
            <val val="{ &quot;target_most_derived_interface := ServerRequestInfoImpl&quot; }"/>
        </annotation>
    </item>
    <item name='com.sun.corba.se.impl.interceptors.ServerRequestInfoImpl java.lang.String[] adapter_name()'>
        <annotation name='com.intellij.inspections.tainted.annotation.equation.Equations'>
            <val val="{ &quot;adapter_name := ServerRequestInfoImpl&quot; }"/>
        </annotation>
    </item>
    <item name='com.sun.corba.se.impl.interceptors.ServerRequestInfoImpl org.omg.CORBA.Any result()'>
        <annotation name='com.intellij.inspections.tainted.annotation.equation.Equations'>
            <val val="{ &quot;result := ServerRequestInfoImpl&quot; }"/>
        </annotation>
    </item>
    <item name='com.sun.corba.se.impl.interceptors.ServerRequestInfoImpl org.omg.CORBA.Any sending_exception()'>
        <annotation name='com.intellij.inspections.tainted.annotation.equation.Equations'>
            <val val="{ &quot;sending_exception := ServerRequestInfoImpl&quot; }"/>
        </annotation>
    </item>
    <item name='com.sun.corba.se.impl.interceptors.ServerRequestInfoImpl org.omg.CORBA.Object forward_reference()'>
        <annotation name='com.intellij.inspections.tainted.annotation.equation.Equations'>
            <val val="{ &quot;forward_reference := ServerRequestInfoImpl&quot; }"/>
        </annotation>
    </item>
    <item name='com.sun.corba.se.impl.interceptors.ServerRequestInfoImpl org.omg.CORBA.Policy get_server_policy(int)'>
        <annotation name='com.intellij.inspections.tainted.annotation.equation.Equations'>
            <val val="{ &quot;type := org.omg.PortableInterceptor.ServerRequestInfoOperations#get_server_policy(int)#0 &amp; org.omg.PortableInterceptor.ServerRequestInfoOperations#get_server_policy(int)#0&quot; }"/>
        </annotation>
    </item>
    <item name='com.sun.corba.se.impl.interceptors.ServerRequestInfoImpl org.omg.Dynamic.Parameter[] arguments()'>
        <annotation name='com.intellij.inspections.tainted.annotation.equation.Equations'>
            <val val="{ &quot;arguments := ServerRequestInfoImpl&quot; }"/>
        </annotation>
    </item>
    <item name='com.sun.corba.se.impl.interceptors.ServerRequestInfoImpl org.omg.IOP.ServiceContext get_reply_service_context(int)'>
        <annotation name='com.intellij.inspections.tainted.annotation.equation.Equations'>
            <val val="{ &quot;id := org.omg.PortableInterceptor.RequestInfoOperations#get_reply_service_context(int)#0 &amp; org.omg.PortableInterceptor.RequestInfoOperations#get_reply_service_context(int)#0&quot; }"/>
        </annotation>
    </item>
    <item name='com.sun.corba.se.impl.interceptors.ServerRequestInfoImpl org.omg.IOP.ServiceContext get_request_service_context(int)'>
        <annotation name='com.intellij.inspections.tainted.annotation.equation.Equations'>
            <val val="{ &quot;id := org.omg.PortableInterceptor.RequestInfoOperations#get_request_service_context(int)#0 &amp; org.omg.PortableInterceptor.RequestInfoOperations#get_request_service_context(int)#0&quot; }"/>
        </annotation>
    </item>
    <item name='com.sun.corba.se.impl.interceptors.ServerRequestInfoImpl void add_reply_service_context(org.omg.IOP.ServiceContext, boolean)'>
        <annotation name='com.intellij.inspections.tainted.annotation.equation.Equations'>
            <val val="{ &quot;replace := org.omg.PortableInterceptor.ServerRequestInfoOperations#add_reply_service_context(org.omg.IOP.ServiceContext, boolean)#1 &amp; org.omg.PortableInterceptor.ServerRequestInfoOperations#add_reply_service_context(org.omg.IOP.ServiceContext, boolean)#1&quot;, &quot;service_context := org.omg.PortableInterceptor.ServerRequestInfoOperations#add_reply_service_context(org.omg.IOP.ServiceContext, boolean)#0 &amp; org.omg.PortableInterceptor.ServerRequestInfoOperations#add_reply_service_context(org.omg.IOP.ServiceContext, boolean)#0&quot; }"/>
        </annotation>
    </item>
    <item name='com.sun.corba.se.impl.interceptors.ServerRequestInfoImpl void checkAccess(int)'>
        <annotation name='com.intellij.inspections.tainted.annotation.equation.Equations'>
            <val val="{ &quot;methodID := RequestInfoImpl#MID_EXCEPTIONS &amp; RequestInfoImpl#MID_CONTEXTS &amp; RequestInfoImpl#MID_OPERATION_CONTEXT &amp; RequestInfoImpl#checkAccess(int)#0 &amp; #MID_SENDING_EXCEPTION &amp; #MID_OBJECT_ID &amp; #MID_SERVER_ID &amp; #MID_ORB_ID &amp; #MID_ADAPTER_NAME &amp; #MID_ADAPTER_ID &amp; #MID_TARGET_MOST_DERIVED_INTERFACE &amp; #MID_TARGET_IS_A &amp; RequestInfoImpl#MID_ARGUMENTS &amp; RequestInfoImpl#MID_RESULT &amp; RequestInfoImpl#MID_FORWARD_REFERENCE &amp; RequestInfoImpl#MID_GET_REQUEST_SERVICE_CONTEXT &amp; RequestInfoImpl#MID_GET_REPLY_SERVICE_CONTEXT &amp; RequestInfoImpl#checkAccess(int)#0&quot; }"/>
        </annotation>
    </item>
    <item name='com.sun.corba.se.impl.interceptors.ServerRequestInfoImpl void setCurrentExecutionPoint(int)'>
        <annotation name='com.intellij.inspections.tainted.annotation.equation.Equations'>
            <val val="{ &quot;executionPoint := RequestInfoImpl#setCurrentExecutionPoint(int)#0 &amp; RequestInfoImpl#EXECUTION_POINT_ENDING &amp; RequestInfoImpl#EXECUTION_POINT_STARTING &amp; RequestInfoImpl#EXECUTION_POINT_INTERMEDIATE &amp; RequestInfoImpl#setCurrentExecutionPoint(int)#0&quot; }"/>
        </annotation>
    </item>
    <item name='com.sun.corba.se.impl.interceptors.ServerRequestInfoImpl void setDSIArguments(org.omg.CORBA.NVList)'>
        <annotation name='com.intellij.inspections.tainted.annotation.equation.Equations'>
            <val val="{ &quot;arguments := PIHandlerImpl#setServerPIInfo(org.omg.CORBA.NVList)#0&quot; }"/>
        </annotation>
    </item>
    <item name='com.sun.corba.se.impl.interceptors.ServerRequestInfoImpl void setDSIException(org.omg.CORBA.Any)'>
        <annotation name='com.intellij.inspections.tainted.annotation.equation.Equations'>
            <val val="{ &quot;exception := PIHandlerImpl#setServerPIExceptionInfo(org.omg.CORBA.Any)#0&quot; }"/>
        </annotation>
    </item>
    <item name='com.sun.corba.se.impl.interceptors.ServerRequestInfoImpl void setDSIResult(org.omg.CORBA.Any)'>
        <annotation name='com.intellij.inspections.tainted.annotation.equation.Equations'>
            <val val="{ &quot;result := PIHandlerImpl#setServerPIInfo(org.omg.CORBA.Any)#0&quot; }"/>
        </annotation>
    </item>
    <item name='com.sun.corba.se.impl.interceptors.ServerRequestInfoImpl void setException(java.lang.Exception)'>
        <annotation name='com.intellij.inspections.tainted.annotation.equation.Equations'>
            <val val="{ &quot;exception := RequestInfoImpl#setException(java.lang.Exception)#0 &amp; PIHandlerImpl#setServerPIInfo(java.lang.Exception)#0 &amp; RequestInfoImpl#setException(java.lang.Exception)#0&quot; }"/>
        </annotation>
    </item>
    <item name='com.sun.corba.se.impl.interceptors.ServerRequestInfoImpl void setInfo(com.sun.corba.se.spi.protocol.CorbaMessageMediator, com.sun.corba.se.spi.oa.ObjectAdapter, byte[], com.sun.corba.se.spi.ior.ObjectKeyTemplate)'>
        <annotation name='com.intellij.inspections.tainted.annotation.equation.Equations'>
            <val val="{ &quot;request := PIHandlerImpl#initializeServerPIInfo(com.sun.corba.se.spi.protocol.CorbaMessageMediator, com.sun.corba.se.spi.oa.ObjectAdapter, byte[], com.sun.corba.se.spi.ior.ObjectKeyTemplate)#0&quot;, &quot;oa := PIHandlerImpl#initializeServerPIInfo(com.sun.corba.se.spi.protocol.CorbaMessageMediator, com.sun.corba.se.spi.oa.ObjectAdapter, byte[], com.sun.corba.se.spi.ior.ObjectKeyTemplate)#1&quot;, &quot;objectId := PIHandlerImpl#initializeServerPIInfo(com.sun.corba.se.spi.protocol.CorbaMessageMediator, com.sun.corba.se.spi.oa.ObjectAdapter, byte[], com.sun.corba.se.spi.ior.ObjectKeyTemplate)#2&quot;, &quot;oktemp := PIHandlerImpl#initializeServerPIInfo(com.sun.corba.se.spi.protocol.CorbaMessageMediator, com.sun.corba.se.spi.oa.ObjectAdapter, byte[], com.sun.corba.se.spi.ior.ObjectKeyTemplate)#3&quot; }"/>
        </annotation>
    </item>
    <item name='com.sun.corba.se.impl.interceptors.ServerRequestInfoImpl void setInfo(java.lang.Object, java.lang.String)'>
        <annotation name='com.intellij.inspections.tainted.annotation.equation.Equations'>
            <val val="{ &quot;targetMostDerivedInterface := PIHandlerImpl#setServerPIInfo(java.lang.Object, java.lang.String)#1&quot;, &quot;servant := PIHandlerImpl#setServerPIInfo(java.lang.Object, java.lang.String)#0&quot; }"/>
        </annotation>
    </item>
    <item name='com.sun.corba.se.impl.interceptors.ServerRequestInfoImpl void setReplyMessage(com.sun.corba.se.impl.protocol.giopmsgheaders.ReplyMessage)'>
        <annotation name='com.intellij.inspections.tainted.annotation.equation.Equations'>
            <val val="{ &quot;replyMessage := PIHandlerImpl#invokeServerPIEndingPoint(com.sun.corba.se.impl.protocol.giopmsgheaders.ReplyMessage)#0&quot; }"/>
        </annotation>
    </item>
    <item name='com.sun.corba.se.impl.interceptors.ServerRequestInfoImpl void setReplyStatus(short)'>
        <annotation name='com.intellij.inspections.tainted.annotation.equation.Equations'>
            <val val="{ &quot;replyStatus := RequestInfoImpl#setReplyStatus(short)#0 &amp; PIHandlerImpl#REPLY_MESSAGE_TO_PI_REPLY_STATUS &amp; org.omg.PortableInterceptor.LOCATION_FORWARD#value &amp; org.omg.PortableInterceptor.SYSTEM_EXCEPTION#value &amp; RequestInfoImpl#setReplyStatus(short)#0&quot; }"/>
        </annotation>
    </item>
    <item name='com.sun.corba.se.impl.interceptors.ServerRequestInfoImpl void set_slot(int, org.omg.CORBA.Any)'>
        <annotation name='com.intellij.inspections.tainted.annotation.equation.Equations'>
            <val val="{ &quot;id := org.omg.PortableInterceptor.ServerRequestInfoOperations#set_slot(int, org.omg.CORBA.Any)#0 &amp; org.omg.PortableInterceptor.ServerRequestInfoOperations#set_slot(int, org.omg.CORBA.Any)#0&quot;, &quot;data := org.omg.PortableInterceptor.ServerRequestInfoOperations#set_slot(int, org.omg.CORBA.Any)#1 &amp; org.omg.PortableInterceptor.ServerRequestInfoOperations#set_slot(int, org.omg.CORBA.Any)#1&quot; }"/>
        </annotation>
    </item>
    <item name='com.sun.corba.se.impl.interceptors.SlotTable SlotTable(com.sun.corba.se.spi.orb.ORB, int)'>
        <annotation name='com.intellij.inspections.tainted.annotation.equation.Equations'>
            <val val="{ &quot;slotSize := PICurrent&quot;, &quot;SlotTable := SlotTable&quot;, &quot;orb := SlotTableStack &amp; PICurrent&quot; }"/>
        </annotation>
    </item>
    <item name='com.sun.corba.se.impl.interceptors.SlotTable int getSize()'>
        <annotation name='com.intellij.inspections.tainted.annotation.equation.Equations'>
            <val val="{ &quot;getSize := SlotTable&quot; }"/>
        </annotation>
    </item>
    <item name='com.sun.corba.se.impl.interceptors.SlotTable org.omg.CORBA.Any get_slot(int)'>
        <annotation name='com.intellij.inspections.tainted.annotation.equation.Equations'>
            <val val="{ &quot;get_slot := SlotTable&quot;, &quot;id := PICurrent#get_slot(int)#0 &amp; RequestInfoImpl#get_slot(int)#0&quot; }"/>
        </annotation>
    </item>
    <item name='com.sun.corba.se.impl.interceptors.SlotTable void set_slot(int, org.omg.CORBA.Any)'>
        <annotation name='com.intellij.inspections.tainted.annotation.equation.Equations'>
            <val val="{ &quot;id := PICurrent#set_slot(int, org.omg.CORBA.Any)#0 &amp; ServerRequestInfoImpl#set_slot(int, org.omg.CORBA.Any)#0&quot;, &quot;data := PICurrent#set_slot(int, org.omg.CORBA.Any)#1 &amp; ServerRequestInfoImpl#set_slot(int, org.omg.CORBA.Any)#1&quot; }"/>
        </annotation>
    </item>
    <item name='com.sun.corba.se.impl.interceptors.SlotTableStack SlotTableStack(com.sun.corba.se.spi.orb.ORB, com.sun.corba.se.impl.interceptors.SlotTable)'>
        <annotation name='com.intellij.inspections.tainted.annotation.equation.Equations'>
            <val val="{ &quot;SlotTableStack := SlotTableStack&quot;, &quot;orb := PICurrent&quot;, &quot;table := &quot; }"/>
        </annotation>
    </item>
    <item name='com.sun.corba.se.impl.interceptors.SlotTableStack.SlotTablePool SlotTablePool()'>
        <annotation name='com.intellij.inspections.tainted.annotation.equation.Equations'>
            <val val="{ &quot;SlotTablePool := SlotTableStack.SlotTablePool&quot; }"/>
        </annotation>
    </item>
    <item name='com.sun.corba.se.impl.interceptors.SlotTableStack.SlotTablePool com.sun.corba.se.impl.interceptors.SlotTable getSlotTable()'>
        <annotation name='com.intellij.inspections.tainted.annotation.equation.Equations'>
            <val val="{ &quot;getSlotTable := SlotTableStack.SlotTablePool&quot; }"/>
        </annotation>
    </item>
    <item name='com.sun.corba.se.impl.interceptors.SlotTableStack.SlotTablePool void putSlotTable(com.sun.corba.se.impl.interceptors.SlotTable)'>
        <annotation name='com.intellij.inspections.tainted.annotation.equation.Equations'>
            <val val="{ &quot;table := &quot; }"/>
        </annotation>
    </item>
</root>