<root>
    <item name='com.sun.corba.se.spi.orb.DataCollector java.util.Properties getProperties()'>
        <annotation name='com.intellij.inspections.tainted.annotation.equation.Equations'>
            <val val="{ &quot;getProperties := com.sun.corba.se.impl.orb.DataCollectorBase#getProperties()&quot; }"/>
        </annotation>
    </item>
    <item name='com.sun.corba.se.spi.orb.DataCollector void setParser(com.sun.corba.se.spi.orb.PropertyParser)'>
        <annotation name='com.intellij.inspections.tainted.annotation.equation.Equations'>
            <val val="{ &quot;parser := com.sun.corba.se.impl.orb.DataCollectorBase#setParser(com.sun.corba.se.spi.orb.PropertyParser)#0&quot; }"/>
        </annotation>
    </item>
    <item name='com.sun.corba.se.spi.orb.ORB'>
        <annotation name='com.intellij.inspections.tainted.annotation.equation.Equations'>
            <val val="{ &quot;ORB := &quot; }"/>
        </annotation>
    </item>
    <item name='com.sun.corba.se.spi.orb.ORB ORB()'>
        <annotation name='com.intellij.inspections.tainted.annotation.equation.Equations'>
            <val val="{ &quot;ORB := ORB&quot; }"/>
        </annotation>
    </item>
    <item name='com.sun.corba.se.spi.orb.ORB boolean isLocalHost(java.lang.String)'>
        <annotation name='com.intellij.inspections.tainted.annotation.equation.Equations'>
            <val val="{ &quot;hostName := com.sun.corba.se.impl.orb.ORBSingleton#isLocalHost(java.lang.String)#0 &amp; com.sun.corba.se.impl.orb.ORBImpl#isLocalHost(java.lang.String)#0&quot; }"/>
        </annotation>
    </item>
    <item name='com.sun.corba.se.spi.orb.ORB boolean isLocalServerId(int, int)'>
        <annotation name='com.intellij.inspections.tainted.annotation.equation.Equations'>
            <val val="{ &quot;serverId := com.sun.corba.se.impl.orb.ORBImpl#isLocalServerId(int, int)#1 &amp; com.sun.corba.se.impl.orb.ORBSingleton#isLocalServerId(int, int)#1&quot;, &quot;subcontractId := com.sun.corba.se.impl.orb.ORBImpl#isLocalServerId(int, int)#0 &amp; com.sun.corba.se.impl.orb.ORBSingleton#isLocalServerId(int, int)#0&quot; }"/>
        </annotation>
    </item>
    <item name='com.sun.corba.se.spi.orb.ORB com.sun.corba.se.impl.corba.TypeCodeImpl getTypeCode(java.lang.String)'>
        <annotation name='com.intellij.inspections.tainted.annotation.equation.Equations'>
            <val val="{ &quot;id := com.sun.corba.se.impl.corba.TypeCodeImpl&quot; }"/>
        </annotation>
    </item>
    <item name='com.sun.corba.se.spi.orb.ORB com.sun.corba.se.impl.corba.TypeCodeImpl get_primitive_tc(int)'>
        <annotation name='com.intellij.inspections.tainted.annotation.equation.Equations'>
            <val val="{ &quot;kind := org.omg.CORBA.TCKind#_tk_boolean &amp; org.omg.CORBA.TCKind#_tk_string &amp; org.omg.CORBA.TCKind#_tk_wstring &amp; org.omg.CORBA.TCKind#_tk_any &amp; org.omg.CORBA.TCKind#_tk_objref &amp; org.omg.CORBA.TCKind#_tk_TypeCode &amp; org.omg.CORBA.TCKind#_tk_Principal &amp; org.omg.CORBA.TCKind#_tk_null &amp; org.omg.CORBA.TCKind#_tk_short &amp; org.omg.CORBA.TCKind#_tk_long &amp; org.omg.CORBA.TCKind#_tk_ushort &amp; org.omg.CORBA.TCKind#_tk_ulong &amp; org.omg.CORBA.TCKind#_tk_float &amp; org.omg.CORBA.TCKind#_tk_double &amp; org.omg.CORBA.TCKind#_tk_longlong &amp; org.omg.CORBA.TCKind#_tk_ulonglong &amp; org.omg.CORBA.TCKind#_tk_char &amp; org.omg.CORBA.TCKind#_tk_wchar &amp; org.omg.CORBA.TCKind#_tk_octet&quot;, &quot;get_primitive_tc := ORB&quot; }"/>
        </annotation>
    </item>
    <item name='com.sun.corba.se.spi.orb.ORB com.sun.corba.se.pept.transport.ByteBufferPool getByteBufferPool()'>
        <annotation name='com.intellij.inspections.tainted.annotation.equation.Equations'>
            <val val="{ &quot;getByteBufferPool := ORB&quot; }"/>
        </annotation>
    </item>
    <item name='com.sun.corba.se.spi.orb.ORB com.sun.corba.se.spi.copyobject.CopierManager getCopierManager()'>
        <annotation name='com.intellij.inspections.tainted.annotation.equation.Equations'>
            <val val="{ &quot;getCopierManager := com.sun.corba.se.impl.orb.ORBImpl#getCopierManager() &amp; com.sun.corba.se.impl.orb.ORBSingleton#getCopierManager()&quot; }"/>
        </annotation>
    </item>
    <item name='com.sun.corba.se.spi.orb.ORB com.sun.corba.se.spi.ior.IOR getFVDCodeBaseIOR()'>
        <annotation name='com.intellij.inspections.tainted.annotation.equation.Equations'>
            <val val="{ &quot;getFVDCodeBaseIOR := com.sun.corba.se.impl.orb.ORBImpl#getFVDCodeBaseIOR() &amp; com.sun.corba.se.impl.orb.ORBSingleton#getFVDCodeBaseIOR()&quot; }"/>
        </annotation>
    </item>
    <item name='com.sun.corba.se.spi.orb.ORB com.sun.corba.se.spi.ior.IdentifiableFactoryFinder getTaggedProfileFactoryFinder()'>
        <annotation name='com.intellij.inspections.tainted.annotation.equation.Equations'>
            <val val="{ &quot;getTaggedProfileFactoryFinder := com.sun.corba.se.impl.orb.ORBSingleton#getTaggedProfileFactoryFinder() &amp; com.sun.corba.se.impl.orb.ORBImpl#getTaggedProfileFactoryFinder()&quot; }"/>
        </annotation>
    </item>
    <item name='com.sun.corba.se.spi.orb.ORB com.sun.corba.se.spi.ior.IdentifiableFactoryFinder getTaggedProfileTemplateFactoryFinder()'>
        <annotation name='com.intellij.inspections.tainted.annotation.equation.Equations'>
            <val val="{ &quot;getTaggedProfileTemplateFactoryFinder := com.sun.corba.se.impl.orb.ORBImpl#getTaggedProfileTemplateFactoryFinder() &amp; com.sun.corba.se.impl.orb.ORBSingleton#getTaggedProfileTemplateFactoryFinder()&quot; }"/>
        </annotation>
    </item>
    <item name='com.sun.corba.se.spi.orb.ORB com.sun.corba.se.spi.ior.ObjectKeyFactory getObjectKeyFactory()'>
        <annotation name='com.intellij.inspections.tainted.annotation.equation.Equations'>
            <val val="{ &quot;getObjectKeyFactory := com.sun.corba.se.impl.orb.ORBImpl#getObjectKeyFactory() &amp; com.sun.corba.se.impl.orb.ORBSingleton#getObjectKeyFactory()&quot; }"/>
        </annotation>
    </item>
    <item name='com.sun.corba.se.spi.orb.ORB com.sun.corba.se.spi.ior.TaggedComponentFactoryFinder getTaggedComponentFactoryFinder()'>
        <annotation name='com.intellij.inspections.tainted.annotation.equation.Equations'>
            <val val="{ &quot;getTaggedComponentFactoryFinder := com.sun.corba.se.impl.orb.ORBSingleton#getTaggedComponentFactoryFinder() &amp; com.sun.corba.se.impl.orb.ORBImpl#getTaggedComponentFactoryFinder()&quot; }"/>
        </annotation>
    </item>
    <item name='com.sun.corba.se.spi.orb.ORB com.sun.corba.se.spi.legacy.connection.LegacyServerSocketManager getLegacyServerSocketManager()'>
        <annotation name='com.intellij.inspections.tainted.annotation.equation.Equations'>
            <val val="{ &quot;getLegacyServerSocketManager := com.sun.corba.se.impl.orb.ORBSingleton#getLegacyServerSocketManager() &amp; com.sun.corba.se.impl.orb.ORBImpl#getLegacyServerSocketManager()&quot; }"/>
        </annotation>
    </item>
    <item name='com.sun.corba.se.spi.orb.ORB com.sun.corba.se.spi.logging.LogWrapperBase getLogWrapper(java.lang.String, java.lang.String, com.sun.corba.se.spi.logging.LogWrapperFactory)'>
        <annotation name='com.intellij.inspections.tainted.annotation.equation.Equations'>
            <val val="{ &quot;logDomain := com.sun.corba.se.impl.logging.IORSystemException#get(com.sun.corba.se.spi.orb.ORB, java.lang.String)#1 &amp; com.sun.corba.se.impl.logging.POASystemException#get(com.sun.corba.se.spi.orb.ORB, java.lang.String)#1 &amp; com.sun.corba.se.impl.logging.UtilSystemException#get(com.sun.corba.se.spi.orb.ORB, java.lang.String)#1 &amp; com.sun.corba.se.impl.logging.NamingSystemException#get(com.sun.corba.se.spi.orb.ORB, java.lang.String)#1 &amp; com.sun.corba.se.impl.logging.OMGSystemException#get(com.sun.corba.se.spi.orb.ORB, java.lang.String)#1 &amp; com.sun.corba.se.impl.logging.ActivationSystemException#get(com.sun.corba.se.spi.orb.ORB, java.lang.String)#1 &amp; com.sun.corba.se.impl.logging.InterceptorsSystemException#get(com.sun.corba.se.spi.orb.ORB, java.lang.String)#1 &amp; com.sun.corba.se.impl.logging.ORBUtilSystemException#get(com.sun.corba.se.spi.orb.ORB, java.lang.String)#1&quot;, &quot;factory := com.sun.corba.se.impl.logging.IORSystemException &amp; com.sun.corba.se.impl.logging.POASystemException &amp; com.sun.corba.se.impl.logging.UtilSystemException &amp; com.sun.corba.se.impl.logging.NamingSystemException &amp; com.sun.corba.se.impl.logging.OMGSystemException &amp; com.sun.corba.se.impl.logging.ActivationSystemException &amp; com.sun.corba.se.impl.logging.InterceptorsSystemException &amp; com.sun.corba.se.impl.logging.ORBUtilSystemException&quot; }"/>
        </annotation>
    </item>
    <item name='com.sun.corba.se.spi.orb.ORB com.sun.corba.se.spi.logging.LogWrapperBase staticGetLogWrapper(java.lang.String, java.lang.String, com.sun.corba.se.spi.logging.LogWrapperFactory)'>
        <annotation name='com.intellij.inspections.tainted.annotation.equation.Equations'>
            <val val="{ &quot;factory := com.sun.corba.se.impl.logging.IORSystemException &amp; com.sun.corba.se.impl.logging.POASystemException &amp; com.sun.corba.se.impl.logging.UtilSystemException &amp; com.sun.corba.se.impl.logging.NamingSystemException &amp; com.sun.corba.se.impl.logging.OMGSystemException &amp; com.sun.corba.se.impl.logging.ActivationSystemException &amp; com.sun.corba.se.impl.logging.InterceptorsSystemException &amp; com.sun.corba.se.impl.logging.ORBUtilSystemException&quot;, &quot;logDomain := com.sun.corba.se.impl.logging.IORSystemException#get(java.lang.String)#0 &amp; com.sun.corba.se.impl.logging.POASystemException#get(java.lang.String)#0 &amp; com.sun.corba.se.impl.logging.UtilSystemException#get(java.lang.String)#0 &amp; com.sun.corba.se.impl.logging.NamingSystemException#get(java.lang.String)#0 &amp; com.sun.corba.se.impl.logging.OMGSystemException#get(java.lang.String)#0 &amp; com.sun.corba.se.impl.logging.ActivationSystemException#get(java.lang.String)#0 &amp; com.sun.corba.se.impl.logging.InterceptorsSystemException#get(java.lang.String)#0 &amp; com.sun.corba.se.impl.logging.ORBUtilSystemException#get(java.lang.String)#0&quot; }"/>
        </annotation>
    </item>
    <item name='com.sun.corba.se.spi.orb.ORB com.sun.corba.se.spi.monitoring.MonitoringManager getMonitoringManager()'>
        <annotation name='com.intellij.inspections.tainted.annotation.equation.Equations'>
            <val val="{ &quot;getMonitoringManager := ORB&quot; }"/>
        </annotation>
    </item>
    <item name='com.sun.corba.se.spi.orb.ORB com.sun.corba.se.spi.oa.OAInvocationInfo peekInvocationInfo()'>
        <annotation name='com.intellij.inspections.tainted.annotation.equation.Equations'>
            <val val="{ &quot;peekInvocationInfo := com.sun.corba.se.impl.orb.ORBSingleton#peekInvocationInfo() &amp; com.sun.corba.se.impl.orb.ORBImpl#peekInvocationInfo()&quot; }"/>
        </annotation>
    </item>
    <item name='com.sun.corba.se.spi.orb.ORB com.sun.corba.se.spi.oa.OAInvocationInfo popInvocationInfo()'>
        <annotation name='com.intellij.inspections.tainted.annotation.equation.Equations'>
            <val val="{ &quot;popInvocationInfo := com.sun.corba.se.impl.orb.ORBImpl#popInvocationInfo() &amp; com.sun.corba.se.impl.orb.ORBSingleton#popInvocationInfo()&quot; }"/>
        </annotation>
    </item>
    <item name='com.sun.corba.se.spi.orb.ORB com.sun.corba.se.spi.orb.ORBData getORBData()'>
        <annotation name='com.intellij.inspections.tainted.annotation.equation.Equations'>
            <val val="{ &quot;getORBData := com.sun.corba.se.impl.orb.ORBImpl#getORBData() &amp; com.sun.corba.se.impl.orb.ORBSingleton#getORBData()&quot; }"/>
        </annotation>
    </item>
    <item name='com.sun.corba.se.spi.orb.ORB com.sun.corba.se.spi.orb.ORBVersion getORBVersion()'>
        <annotation name='com.intellij.inspections.tainted.annotation.equation.Equations'>
            <val val="{ &quot;getORBVersion := com.sun.corba.se.impl.orb.ORBImpl#getORBVersion() &amp; com.sun.corba.se.impl.orb.ORBSingleton#getORBVersion()&quot; }"/>
        </annotation>
    </item>
    <item name='com.sun.corba.se.spi.orb.ORB com.sun.corba.se.spi.orb.Operation getURLOperation()'>
        <annotation name='com.intellij.inspections.tainted.annotation.equation.Equations'>
            <val val="{ &quot;getURLOperation := com.sun.corba.se.impl.orb.ORBImpl#getURLOperation() &amp; com.sun.corba.se.impl.orb.ORBSingleton#getURLOperation()&quot; }"/>
        </annotation>
    </item>
    <item name='com.sun.corba.se.spi.orb.ORB com.sun.corba.se.spi.orbutil.threadpool.ThreadPoolManager getThreadPoolManager()'>
        <annotation name='com.intellij.inspections.tainted.annotation.equation.Equations'>
            <val val="{ &quot;getThreadPoolManager := com.sun.corba.se.impl.orb.ORBImpl#getThreadPoolManager() &amp; com.sun.corba.se.impl.orb.ORBSingleton#getThreadPoolManager()&quot; }"/>
        </annotation>
    </item>
    <item name='com.sun.corba.se.spi.orb.ORB com.sun.corba.se.spi.presentation.rmi.PresentationManager getPresentationManager()'>
        <annotation name='com.intellij.inspections.tainted.annotation.equation.Equations'>
            <val val="{ &quot;getPresentationManager := ORB.Holder#defaultPresentationManager&quot; }"/>
        </annotation>
    </item>
    <item name='com.sun.corba.se.spi.orb.ORB com.sun.corba.se.spi.protocol.ClientDelegateFactory getClientDelegateFactory()'>
        <annotation name='com.intellij.inspections.tainted.annotation.equation.Equations'>
            <val val="{ &quot;getClientDelegateFactory := com.sun.corba.se.impl.orb.ORBSingleton#getClientDelegateFactory() &amp; com.sun.corba.se.impl.orb.ORBImpl#getClientDelegateFactory()&quot; }"/>
        </annotation>
    </item>
    <item name='com.sun.corba.se.spi.orb.ORB com.sun.corba.se.spi.protocol.PIHandler getPIHandler()'>
        <annotation name='com.intellij.inspections.tainted.annotation.equation.Equations'>
            <val val="{ &quot;getPIHandler := com.sun.corba.se.impl.orb.ORBImpl#getPIHandler() &amp; com.sun.corba.se.impl.orb.ORBSingleton#getPIHandler()&quot; }"/>
        </annotation>
    </item>
    <item name='com.sun.corba.se.spi.orb.ORB com.sun.corba.se.spi.protocol.RequestDispatcherRegistry getRequestDispatcherRegistry()'>
        <annotation name='com.intellij.inspections.tainted.annotation.equation.Equations'>
            <val val="{ &quot;getRequestDispatcherRegistry := com.sun.corba.se.impl.orb.ORBImpl#getRequestDispatcherRegistry() &amp; com.sun.corba.se.impl.orb.ORBSingleton#getRequestDispatcherRegistry()&quot; }"/>
        </annotation>
    </item>
    <item name='com.sun.corba.se.spi.orb.ORB com.sun.corba.se.spi.resolver.LocalResolver getLocalResolver()'>
        <annotation name='com.intellij.inspections.tainted.annotation.equation.Equations'>
            <val val="{ &quot;getLocalResolver := com.sun.corba.se.impl.orb.ORBImpl#getLocalResolver() &amp; com.sun.corba.se.impl.orb.ORBSingleton#getLocalResolver()&quot; }"/>
        </annotation>
    </item>
    <item name='com.sun.corba.se.spi.orb.ORB com.sun.corba.se.spi.resolver.Resolver getResolver()'>
        <annotation name='com.intellij.inspections.tainted.annotation.equation.Equations'>
            <val val="{ &quot;getResolver := com.sun.corba.se.impl.orb.ORBSingleton#getResolver() &amp; com.sun.corba.se.impl.orb.ORBImpl#getResolver()&quot; }"/>
        </annotation>
    </item>
    <item name='com.sun.corba.se.spi.orb.ORB com.sun.corba.se.spi.servicecontext.ServiceContextRegistry getServiceContextRegistry()'>
        <annotation name='com.intellij.inspections.tainted.annotation.equation.Equations'>
            <val val="{ &quot;getServiceContextRegistry := com.sun.corba.se.impl.orb.ORBImpl#getServiceContextRegistry() &amp; com.sun.corba.se.impl.orb.ORBSingleton#getServiceContextRegistry()&quot; }"/>
        </annotation>
    </item>
    <item name='com.sun.corba.se.spi.orb.ORB com.sun.corba.se.spi.transport.CorbaContactInfoListFactory getCorbaContactInfoListFactory()'>
        <annotation name='com.intellij.inspections.tainted.annotation.equation.Equations'>
            <val val="{ &quot;getCorbaContactInfoListFactory := com.sun.corba.se.impl.orb.ORBSingleton#getCorbaContactInfoListFactory() &amp; com.sun.corba.se.impl.orb.ORBImpl#getCorbaContactInfoListFactory()&quot; }"/>
        </annotation>
    </item>
    <item name='com.sun.corba.se.spi.orb.ORB com.sun.corba.se.spi.transport.CorbaTransportManager getCorbaTransportManager()'>
        <annotation name='com.intellij.inspections.tainted.annotation.equation.Equations'>
            <val val="{ &quot;getCorbaTransportManager := com.sun.corba.se.impl.orb.ORBImpl#getCorbaTransportManager() &amp; com.sun.corba.se.impl.orb.ORBSingleton#getCorbaTransportManager()&quot; }"/>
        </annotation>
    </item>
    <item name='com.sun.corba.se.spi.orb.ORB int getTransientServerId()'>
        <annotation name='com.intellij.inspections.tainted.annotation.equation.Equations'>
            <val val="{ &quot;getTransientServerId := com.sun.corba.se.impl.orb.ORBSingleton#getTransientServerId() &amp; com.sun.corba.se.impl.orb.ORBImpl#getTransientServerId()&quot; }"/>
        </annotation>
    </item>
    <item name='com.sun.corba.se.spi.orb.ORB java.util.logging.Logger getCORBALogger(java.lang.String, java.lang.String)'>
        <annotation name='com.intellij.inspections.tainted.annotation.equation.Equations'>
            <val val="{ &quot;domain := #getLogger(java.lang.String)#0 &amp; #staticGetLogger(java.lang.String)#0&quot; }"/>
        </annotation>
    </item>
    <item name='com.sun.corba.se.spi.orb.ORB java.util.logging.Logger getLogger(java.lang.String)'>
        <annotation name='com.intellij.inspections.tainted.annotation.equation.Equations'>
            <val val="{ &quot;domain := #getLogWrapper(java.lang.String, java.lang.String, com.sun.corba.se.spi.logging.LogWrapperFactory)#0 &amp; com.sun.corba.se.spi.logging.CORBALogDomains#NAMING_READ &amp; com.sun.corba.se.spi.logging.CORBALogDomains#NAMING_UPDATE &amp; com.sun.corba.se.spi.logging.CORBALogDomains#NAMING_LIFECYCLE&quot; }"/>
        </annotation>
    </item>
    <item name='com.sun.corba.se.spi.orb.ORB java.util.logging.Logger staticGetLogger(java.lang.String)'>
        <annotation name='com.intellij.inspections.tainted.annotation.equation.Equations'>
            <val val="{ &quot;domain := #staticGetLogWrapper(java.lang.String, java.lang.String, com.sun.corba.se.spi.logging.LogWrapperFactory)#0&quot; }"/>
        </annotation>
    </item>
    <item name='com.sun.corba.se.spi.orb.ORB void handleBadServerId(com.sun.corba.se.spi.ior.ObjectKey)'>
        <annotation name='com.intellij.inspections.tainted.annotation.equation.Equations'>
            <val val="{ &quot;okey := com.sun.corba.se.impl.orb.ORBImpl#handleBadServerId(com.sun.corba.se.spi.ior.ObjectKey)#0 &amp; com.sun.corba.se.impl.orb.ORBSingleton#handleBadServerId(com.sun.corba.se.spi.ior.ObjectKey)#0&quot; }"/>
        </annotation>
    </item>
    <item name='com.sun.corba.se.spi.orb.ORB void pushInvocationInfo(com.sun.corba.se.spi.oa.OAInvocationInfo)'>
        <annotation name='com.intellij.inspections.tainted.annotation.equation.Equations'>
            <val val="{ &quot;info := com.sun.corba.se.impl.orb.ORBSingleton#pushInvocationInfo(com.sun.corba.se.spi.oa.OAInvocationInfo)#0 &amp; com.sun.corba.se.impl.orb.ORBImpl#pushInvocationInfo(com.sun.corba.se.spi.oa.OAInvocationInfo)#0 &amp; com.sun.corba.se.impl.protocol.ServantCacheLocalCRDBase&quot; }"/>
        </annotation>
    </item>
    <item name='com.sun.corba.se.spi.orb.ORB void setBadServerIdHandler(com.sun.corba.se.impl.oa.poa.BadServerIdHandler)'>
        <annotation name='com.intellij.inspections.tainted.annotation.equation.Equations'>
            <val val="{ &quot;handler := com.sun.corba.se.impl.orb.ORBImpl#setBadServerIdHandler(com.sun.corba.se.impl.oa.poa.BadServerIdHandler)#0 &amp; com.sun.corba.se.impl.orb.ORBSingleton#setBadServerIdHandler(com.sun.corba.se.impl.oa.poa.BadServerIdHandler)#0&quot; }"/>
        </annotation>
    </item>
    <item name='com.sun.corba.se.spi.orb.ORB void setClientDelegateFactory(com.sun.corba.se.spi.protocol.ClientDelegateFactory)'>
        <annotation name='com.intellij.inspections.tainted.annotation.equation.Equations'>
            <val val="{ &quot;factory := com.sun.corba.se.impl.orb.ORBImpl#setClientDelegateFactory(com.sun.corba.se.spi.protocol.ClientDelegateFactory)#0 &amp; com.sun.corba.se.impl.orb.ORBSingleton#setClientDelegateFactory(com.sun.corba.se.spi.protocol.ClientDelegateFactory)#0&quot; }"/>
        </annotation>
    </item>
    <item name='com.sun.corba.se.spi.orb.ORB void setCorbaContactInfoListFactory(com.sun.corba.se.spi.transport.CorbaContactInfoListFactory)'>
        <annotation name='com.intellij.inspections.tainted.annotation.equation.Equations'>
            <val val="{ &quot;factory := com.sun.corba.se.impl.orb.ORBImpl#setCorbaContactInfoListFactory(com.sun.corba.se.spi.transport.CorbaContactInfoListFactory)#0 &amp; com.sun.corba.se.impl.orb.ORBSingleton#setCorbaContactInfoListFactory(com.sun.corba.se.spi.transport.CorbaContactInfoListFactory)#0&quot; }"/>
        </annotation>
    </item>
    <item name='com.sun.corba.se.spi.orb.ORB void setINSDelegate(com.sun.corba.se.spi.protocol.CorbaServerRequestDispatcher)'>
        <annotation name='com.intellij.inspections.tainted.annotation.equation.Equations'>
            <val val="{ &quot;insDelegate := com.sun.corba.se.impl.orb.ORBSingleton#setINSDelegate(com.sun.corba.se.spi.protocol.CorbaServerRequestDispatcher)#0 &amp; com.sun.corba.se.impl.orb.ORBImpl#setINSDelegate(com.sun.corba.se.spi.protocol.CorbaServerRequestDispatcher)#0&quot; }"/>
        </annotation>
    </item>
    <item name='com.sun.corba.se.spi.orb.ORB void setLocalResolver(com.sun.corba.se.spi.resolver.LocalResolver)'>
        <annotation name='com.intellij.inspections.tainted.annotation.equation.Equations'>
            <val val="{ &quot;resolver := com.sun.corba.se.impl.orb.ORBSingleton#setLocalResolver(com.sun.corba.se.spi.resolver.LocalResolver)#0 &amp; com.sun.corba.se.impl.orb.ORBImpl#setLocalResolver(com.sun.corba.se.spi.resolver.LocalResolver)#0&quot; }"/>
        </annotation>
    </item>
    <item name='com.sun.corba.se.spi.orb.ORB void setORBVersion(com.sun.corba.se.spi.orb.ORBVersion)'>
        <annotation name='com.intellij.inspections.tainted.annotation.equation.Equations'>
            <val val="{ &quot;version := com.sun.corba.se.impl.orb.ORBImpl#setORBVersion(com.sun.corba.se.spi.orb.ORBVersion)#0 &amp; com.sun.corba.se.impl.orb.ORBSingleton#setORBVersion(com.sun.corba.se.spi.orb.ORBVersion)#0&quot; }"/>
        </annotation>
    </item>
    <item name='com.sun.corba.se.spi.orb.ORB void setObjectKeyFactory(com.sun.corba.se.spi.ior.ObjectKeyFactory)'>
        <annotation name='com.intellij.inspections.tainted.annotation.equation.Equations'>
            <val val="{ &quot;factory := com.sun.corba.se.impl.orb.ORBSingleton#setObjectKeyFactory(com.sun.corba.se.spi.ior.ObjectKeyFactory)#0 &amp; com.sun.corba.se.impl.orb.ORBImpl#setObjectKeyFactory(com.sun.corba.se.spi.ior.ObjectKeyFactory)#0&quot; }"/>
        </annotation>
    </item>
    <item name='com.sun.corba.se.spi.orb.ORB void setResolver(com.sun.corba.se.spi.resolver.Resolver)'>
        <annotation name='com.intellij.inspections.tainted.annotation.equation.Equations'>
            <val val="{ &quot;resolver := com.sun.corba.se.impl.orb.ORBSingleton#setResolver(com.sun.corba.se.spi.resolver.Resolver)#0 &amp; com.sun.corba.se.impl.orb.ORBImpl#setResolver(com.sun.corba.se.spi.resolver.Resolver)#0&quot; }"/>
        </annotation>
    </item>
    <item name='com.sun.corba.se.spi.orb.ORB void setThreadPoolManager(com.sun.corba.se.spi.orbutil.threadpool.ThreadPoolManager)'>
        <annotation name='com.intellij.inspections.tainted.annotation.equation.Equations'>
            <val val="{ &quot;mgr := com.sun.corba.se.impl.orb.ORBImpl#setThreadPoolManager(com.sun.corba.se.spi.orbutil.threadpool.ThreadPoolManager)#0 &amp; com.sun.corba.se.impl.orb.ORBSingleton#setThreadPoolManager(com.sun.corba.se.spi.orbutil.threadpool.ThreadPoolManager)#0&quot; }"/>
        </annotation>
    </item>
    <item name='com.sun.corba.se.spi.orb.ORB void setURLOperation(com.sun.corba.se.spi.orb.Operation)'>
        <annotation name='com.intellij.inspections.tainted.annotation.equation.Equations'>
            <val val="{ &quot;stringToObject := com.sun.corba.se.impl.orb.ORBImpl#setURLOperation(com.sun.corba.se.spi.orb.Operation)#0 &amp; com.sun.corba.se.impl.orb.ORBSingleton#setURLOperation(com.sun.corba.se.spi.orb.Operation)#0&quot; }"/>
        </annotation>
    </item>
    <item name='com.sun.corba.se.spi.orb.ORB void set_parameters(java.util.Properties)'>
        <annotation name='com.intellij.inspections.tainted.annotation.equation.Equations'>
            <val val="{ &quot;props := com.sun.corba.se.impl.orb.ORBImpl#set_parameters(java.util.Properties)#0 &amp; com.sun.corba.se.impl.orb.ORBSingleton#set_parameters(java.util.Properties)#0&quot; }"/>
        </annotation>
    </item>
    <item name='com.sun.corba.se.spi.orb.ORBConfigurator void configure(com.sun.corba.se.spi.orb.DataCollector, com.sun.corba.se.spi.orb.ORB)'>
        <annotation name='com.intellij.inspections.tainted.annotation.equation.Equations'>
            <val val="{ &quot;dc := com.sun.corba.se.impl.orb.ORBImpl#postInit(java.lang.String[], com.sun.corba.se.spi.orb.DataCollector)#1 &amp; com.sun.corba.se.impl.orb.ORBConfiguratorImpl#configure(com.sun.corba.se.spi.orb.DataCollector, com.sun.corba.se.spi.orb.ORB)#0 &amp; com.sun.corba.se.impl.orb.ORBConfiguratorImpl#runUserConfigurators(com.sun.corba.se.spi.orb.DataCollector, com.sun.corba.se.spi.orb.ORB)#0&quot;, &quot;orb := com.sun.corba.se.impl.orb.ORBImpl &amp; com.sun.corba.se.impl.orb.ORBConfiguratorImpl#configure(com.sun.corba.se.spi.orb.DataCollector, com.sun.corba.se.spi.orb.ORB)#1 &amp; com.sun.corba.se.impl.orb.ORBConfiguratorImpl#runUserConfigurators(com.sun.corba.se.spi.orb.DataCollector, com.sun.corba.se.spi.orb.ORB)#1&quot; }"/>
        </annotation>
    </item>
    <item name='com.sun.corba.se.spi.orb.ORBData com.sun.corba.se.impl.encoding.CodeSetComponentInfo getCodeSetComponentInfo()'>
        <annotation name='com.intellij.inspections.tainted.annotation.equation.Equations'>
            <val val="{ &quot;getCodeSetComponentInfo := com.sun.corba.se.impl.orb.ORBDataParserImpl#getCodeSetComponentInfo()&quot; }"/>
        </annotation>
    </item>
    <item name='com.sun.corba.se.spi.orb.ORBData com.sun.corba.se.impl.legacy.connection.USLPort[] getUserSpecifiedListenPorts()'>
        <annotation name='com.intellij.inspections.tainted.annotation.equation.Equations'>
            <val val="{ &quot;getUserSpecifiedListenPorts := com.sun.corba.se.impl.orb.ORBDataParserImpl#getUserSpecifiedListenPorts()&quot; }"/>
        </annotation>
    </item>
    <item name='com.sun.corba.se.spi.orb.ORBData com.sun.corba.se.pept.transport.Acceptor[] getAcceptors()'>
        <annotation name='com.intellij.inspections.tainted.annotation.equation.Equations'>
            <val val="{ &quot;getAcceptors := com.sun.corba.se.impl.orb.ORBDataParserImpl#getAcceptors()&quot; }"/>
        </annotation>
    </item>
    <item name='com.sun.corba.se.spi.orb.ORBData com.sun.corba.se.spi.ior.iiop.GIOPVersion getGIOPVersion()'>
        <annotation name='com.intellij.inspections.tainted.annotation.equation.Equations'>
            <val val="{ &quot;getGIOPVersion := com.sun.corba.se.impl.orb.ORBDataParserImpl#getGIOPVersion()&quot; }"/>
        </annotation>
    </item>
    <item name='com.sun.corba.se.spi.orb.ORBData com.sun.corba.se.spi.legacy.connection.ORBSocketFactory getLegacySocketFactory()'>
        <annotation name='com.intellij.inspections.tainted.annotation.equation.Equations'>
            <val val="{ &quot;getLegacySocketFactory := com.sun.corba.se.impl.orb.ORBDataParserImpl#getLegacySocketFactory()&quot; }"/>
        </annotation>
    </item>
    <item name='com.sun.corba.se.spi.orb.ORBData com.sun.corba.se.spi.orb.StringPair[] getORBInitialReferences()'>
        <annotation name='com.intellij.inspections.tainted.annotation.equation.Equations'>
            <val val="{ &quot;getORBInitialReferences := com.sun.corba.se.impl.orb.ORBDataParserImpl#getORBInitialReferences()&quot; }"/>
        </annotation>
    </item>
    <item name='com.sun.corba.se.spi.orb.ORBData com.sun.corba.se.spi.transport.CorbaContactInfoListFactory getCorbaContactInfoListFactory()'>
        <annotation name='com.intellij.inspections.tainted.annotation.equation.Equations'>
            <val val="{ &quot;getCorbaContactInfoListFactory := com.sun.corba.se.impl.orb.ORBDataParserImpl#getCorbaContactInfoListFactory()&quot; }"/>
        </annotation>
    </item>
    <item name='com.sun.corba.se.spi.orb.ORBData com.sun.corba.se.spi.transport.IIOPPrimaryToContactInfo getIIOPPrimaryToContactInfo()'>
        <annotation name='com.intellij.inspections.tainted.annotation.equation.Equations'>
            <val val="{ &quot;getIIOPPrimaryToContactInfo := com.sun.corba.se.impl.orb.ORBDataParserImpl#getIIOPPrimaryToContactInfo()&quot; }"/>
        </annotation>
    </item>
    <item name='com.sun.corba.se.spi.orb.ORBData com.sun.corba.se.spi.transport.IORToSocketInfo getIORToSocketInfo()'>
        <annotation name='com.intellij.inspections.tainted.annotation.equation.Equations'>
            <val val="{ &quot;getIORToSocketInfo := com.sun.corba.se.impl.orb.ORBDataParserImpl#getIORToSocketInfo()&quot; }"/>
        </annotation>
    </item>
    <item name='com.sun.corba.se.spi.orb.ORBData com.sun.corba.se.spi.transport.ORBSocketFactory getSocketFactory()'>
        <annotation name='com.intellij.inspections.tainted.annotation.equation.Equations'>
            <val val="{ &quot;getSocketFactory := com.sun.corba.se.impl.orb.ORBDataParserImpl#getSocketFactory()&quot; }"/>
        </annotation>
    </item>
    <item name='com.sun.corba.se.spi.orb.ORBData com.sun.corba.se.spi.transport.ReadTimeouts getTransportTCPReadTimeouts()'>
        <annotation name='com.intellij.inspections.tainted.annotation.equation.Equations'>
            <val val="{ &quot;getTransportTCPReadTimeouts := com.sun.corba.se.impl.orb.ORBDataParserImpl#getTransportTCPReadTimeouts()&quot; }"/>
        </annotation>
    </item>
    <item name='com.sun.corba.se.spi.orb.ORBData int getGIOPBuffMgrStrategy(com.sun.corba.se.spi.ior.iiop.GIOPVersion)'>
        <annotation name='com.intellij.inspections.tainted.annotation.equation.Equations'>
            <val val="{ &quot;gv := com.sun.corba.se.impl.orb.ORBDataParserImpl#getGIOPBuffMgrStrategy(com.sun.corba.se.spi.ior.iiop.GIOPVersion)#0&quot;, &quot;getGIOPBuffMgrStrategy := com.sun.corba.se.impl.orb.ORBDataParserImpl#getGIOPBuffMgrStrategy(com.sun.corba.se.spi.ior.iiop.GIOPVersion)&quot; }"/>
        </annotation>
    </item>
    <item name='com.sun.corba.se.spi.orb.ORBData int getGIOPBufferSize()'>
        <annotation name='com.intellij.inspections.tainted.annotation.equation.Equations'>
            <val val="{ &quot;getGIOPBufferSize := com.sun.corba.se.impl.orb.ORBDataParserImpl#getGIOPBufferSize()&quot; }"/>
        </annotation>
    </item>
    <item name='com.sun.corba.se.spi.orb.ORBData int getGIOPFragmentSize()'>
        <annotation name='com.intellij.inspections.tainted.annotation.equation.Equations'>
            <val val="{ &quot;getGIOPFragmentSize := com.sun.corba.se.impl.orb.ORBDataParserImpl#getGIOPFragmentSize()&quot; }"/>
        </annotation>
    </item>
    <item name='com.sun.corba.se.spi.orb.ORBData int getHighWaterMark()'>
        <annotation name='com.intellij.inspections.tainted.annotation.equation.Equations'>
            <val val="{ &quot;getHighWaterMark := com.sun.corba.se.impl.orb.ORBDataParserImpl#getHighWaterMark()&quot; }"/>
        </annotation>
    </item>
    <item name='com.sun.corba.se.spi.orb.ORBData int getLowWaterMark()'>
        <annotation name='com.intellij.inspections.tainted.annotation.equation.Equations'>
            <val val="{ &quot;getLowWaterMark := com.sun.corba.se.impl.orb.ORBDataParserImpl#getLowWaterMark()&quot; }"/>
        </annotation>
    </item>
    <item name='com.sun.corba.se.spi.orb.ORBData int getNumberToReclaim()'>
        <annotation name='com.intellij.inspections.tainted.annotation.equation.Equations'>
            <val val="{ &quot;getNumberToReclaim := com.sun.corba.se.impl.orb.ORBDataParserImpl#getNumberToReclaim()&quot; }"/>
        </annotation>
    </item>
    <item name='com.sun.corba.se.spi.orb.ORBData int getORBInitialPort()'>
        <annotation name='com.intellij.inspections.tainted.annotation.equation.Equations'>
            <val val="{ &quot;getORBInitialPort := com.sun.corba.se.impl.orb.ORBDataParserImpl#getORBInitialPort()&quot; }"/>
        </annotation>
    </item>
    <item name='com.sun.corba.se.spi.orb.ORBData int getORBServerPort()'>
        <annotation name='com.intellij.inspections.tainted.annotation.equation.Equations'>
            <val val="{ &quot;getORBServerPort := com.sun.corba.se.impl.orb.ORBDataParserImpl#getORBServerPort()&quot; }"/>
        </annotation>
    </item>
    <item name='com.sun.corba.se.spi.orb.ORBData int getPersistentServerId()'>
        <annotation name='com.intellij.inspections.tainted.annotation.equation.Equations'>
            <val val="{ &quot;getPersistentServerId := com.sun.corba.se.impl.orb.ORBDataParserImpl#getPersistentServerId()&quot; }"/>
        </annotation>
    </item>
    <item name='com.sun.corba.se.spi.orb.ORBData int getPersistentServerPort()'>
        <annotation name='com.intellij.inspections.tainted.annotation.equation.Equations'>
            <val val="{ &quot;getPersistentServerPort := com.sun.corba.se.impl.orb.ORBDataParserImpl#getPersistentServerPort()&quot; }"/>
        </annotation>
    </item>
    <item name='com.sun.corba.se.spi.orb.ORBData java.lang.Class getBadServerIdHandler()'>
        <annotation name='com.intellij.inspections.tainted.annotation.equation.Equations'>
            <val val="{ &quot;getBadServerIdHandler := com.sun.corba.se.impl.orb.ORBDataParserImpl#getBadServerIdHandler()&quot; }"/>
        </annotation>
    </item>
    <item name='com.sun.corba.se.spi.orb.ORBData java.lang.String acceptorSocketType()'>
        <annotation name='com.intellij.inspections.tainted.annotation.equation.Equations'>
            <val val="{ &quot;acceptorSocketType := com.sun.corba.se.impl.orb.ORBDataParserImpl#acceptorSocketType()&quot; }"/>
        </annotation>
    </item>
    <item name='com.sun.corba.se.spi.orb.ORBData java.lang.String connectionSocketType()'>
        <annotation name='com.intellij.inspections.tainted.annotation.equation.Equations'>
            <val val="{ &quot;connectionSocketType := com.sun.corba.se.impl.orb.ORBDataParserImpl#connectionSocketType()&quot; }"/>
        </annotation>
    </item>
    <item name='com.sun.corba.se.spi.orb.ORBData java.lang.String getListenOnAllInterfaces()'>
        <annotation name='com.intellij.inspections.tainted.annotation.equation.Equations'>
            <val val="{ &quot;getListenOnAllInterfaces := com.sun.corba.se.impl.orb.ORBDataParserImpl#getListenOnAllInterfaces()&quot; }"/>
        </annotation>
    </item>
    <item name='com.sun.corba.se.spi.orb.ORBData java.lang.String getORBDefaultInitialReference()'>
        <annotation name='com.intellij.inspections.tainted.annotation.equation.Equations'>
            <val val="{ &quot;getORBDefaultInitialReference := com.sun.corba.se.impl.orb.ORBDataParserImpl#getORBDefaultInitialReference()&quot; }"/>
        </annotation>
    </item>
    <item name='com.sun.corba.se.spi.orb.ORBData java.lang.String getORBId()'>
        <annotation name='com.intellij.inspections.tainted.annotation.equation.Equations'>
            <val val="{ &quot;getORBId := com.sun.corba.se.impl.orb.ORBDataParserImpl#getORBId()&quot; }"/>
        </annotation>
    </item>
    <item name='com.sun.corba.se.spi.orb.ORBData java.lang.String getORBInitialHost()'>
        <annotation name='com.intellij.inspections.tainted.annotation.equation.Equations'>
            <val val="{ &quot;getORBInitialHost := com.sun.corba.se.impl.orb.ORBDataParserImpl#getORBInitialHost()&quot; }"/>
        </annotation>
    </item>
    <item name='com.sun.corba.se.spi.orb.ORBData java.lang.String getORBServerHost()'>
        <annotation name='com.intellij.inspections.tainted.annotation.equation.Equations'>
            <val val="{ &quot;getORBServerHost := com.sun.corba.se.impl.orb.ORBDataParserImpl#getORBServerHost()&quot; }"/>
        </annotation>
    </item>
    <item name='com.sun.corba.se.spi.orb.ORBData java.lang.String[] getORBDebugFlags()'>
        <annotation name='com.intellij.inspections.tainted.annotation.equation.Equations'>
            <val val="{ &quot;getORBDebugFlags := com.sun.corba.se.impl.orb.ORBDataParserImpl#getORBDebugFlags()&quot; }"/>
        </annotation>
    </item>
    <item name='com.sun.corba.se.spi.orb.ORBData org.omg.PortableInterceptor.ORBInitializer[] getORBInitializers()'>
        <annotation name='com.intellij.inspections.tainted.annotation.equation.Equations'>
            <val val="{ &quot;getORBInitializers := com.sun.corba.se.impl.orb.ORBDataParserImpl#getORBInitializers()&quot; }"/>
        </annotation>
    </item>
    <item name='com.sun.corba.se.spi.orb.ORBData short getGIOPAddressDisposition()'>
        <annotation name='com.intellij.inspections.tainted.annotation.equation.Equations'>
            <val val="{ &quot;getGIOPAddressDisposition := com.sun.corba.se.impl.orb.ORBDataParserImpl#getGIOPAddressDisposition()&quot; }"/>
        </annotation>
    </item>
    <item name='com.sun.corba.se.spi.orb.ORBData short getGIOPTargetAddressPreference()'>
        <annotation name='com.intellij.inspections.tainted.annotation.equation.Equations'>
            <val val="{ &quot;getGIOPTargetAddressPreference := com.sun.corba.se.impl.orb.ORBDataParserImpl#getGIOPTargetAddressPreference()&quot; }"/>
        </annotation>
    </item>
    <item name='com.sun.corba.se.spi.orb.ORBVersion boolean lessThan(com.sun.corba.se.spi.orb.ORBVersion)'>
        <annotation name='com.intellij.inspections.tainted.annotation.equation.Equations'>
            <val val="{ &quot;version := com.sun.corba.se.impl.orb.ORBVersionImpl#lessThan(com.sun.corba.se.spi.orb.ORBVersion)#0&quot; }"/>
        </annotation>
    </item>
    <item name='com.sun.corba.se.spi.orb.ORBVersion byte getORBType()'>
        <annotation name='com.intellij.inspections.tainted.annotation.equation.Equations'>
            <val val="{ &quot;getORBType := com.sun.corba.se.impl.orb.ORBVersionImpl#getORBType()&quot; }"/>
        </annotation>
    </item>
    <item name='com.sun.corba.se.spi.orb.ORBVersion void write(org.omg.CORBA.portable.OutputStream)'>
        <annotation name='com.intellij.inspections.tainted.annotation.equation.Equations'>
            <val val="{ &quot;os := com.sun.corba.se.impl.orb.ORBVersionImpl#write(org.omg.CORBA.portable.OutputStream)#0&quot; }"/>
        </annotation>
    </item>
    <item name='com.sun.corba.se.spi.orb.ORBVersionFactory com.sun.corba.se.spi.orb.ORBVersion byteToVersion(byte)'>
        <annotation name='com.intellij.inspections.tainted.annotation.equation.Equations'>
            <val val="{ &quot;byteToVersion := com.sun.corba.se.impl.orb.ORBVersionImpl#FOREIGN &amp; com.sun.corba.se.impl.orb.ORBVersionImpl#OLD &amp; com.sun.corba.se.impl.orb.ORBVersionImpl#NEW &amp; com.sun.corba.se.impl.orb.ORBVersionImpl#JDK1_3_1_01 &amp; com.sun.corba.se.impl.orb.ORBVersionImpl#NEWER &amp; com.sun.corba.se.impl.orb.ORBVersionImpl#PEORB&quot; }"/>
        </annotation>
    </item>
    <item name='com.sun.corba.se.spi.orb.ORBVersionFactory com.sun.corba.se.spi.orb.ORBVersion getFOREIGN()'>
        <annotation name='com.intellij.inspections.tainted.annotation.equation.Equations'>
            <val val="{ &quot;getFOREIGN := com.sun.corba.se.impl.orb.ORBVersionImpl#FOREIGN&quot; }"/>
        </annotation>
    </item>
    <item name='com.sun.corba.se.spi.orb.ORBVersionFactory com.sun.corba.se.spi.orb.ORBVersion getORBVersion()'>
        <annotation name='com.intellij.inspections.tainted.annotation.equation.Equations'>
            <val val="{ &quot;getORBVersion := com.sun.corba.se.impl.orb.ORBVersionImpl#PEORB&quot; }"/>
        </annotation>
    </item>
    <item name='com.sun.corba.se.spi.orb.Operation java.lang.Object operate(java.lang.Object)'>
        <annotation name='com.intellij.inspections.tainted.annotation.equation.Equations'>
            <val val="{ &quot;value := com.sun.corba.se.impl.resolver.INSURLOperationImpl#operate(java.lang.Object)#0 &amp; OperationFactory.IntegerRangeAction#operate(java.lang.Object)#0 &amp; OperationFactory.MapAction#operate(java.lang.Object)#0 &amp; OperationFactory.ListAction#operate(java.lang.Object)#0 &amp; OperationFactory.SequenceAction#operate(java.lang.Object)#0 &amp; OperationFactory.ComposeAction#operate(java.lang.Object)#0 &amp; OperationFactory.MaskErrorAction#operate(java.lang.Object)#0 &amp; OperationFactory.IndexAction#operate(java.lang.Object)#0 &amp; OperationFactory.MapSequenceAction#operate(java.lang.Object)#0 &amp; OperationFactory.URLAction#operate(java.lang.Object)#0 &amp; OperationFactory.SuffixAction#operate(java.lang.Object)#0 &amp; OperationFactory.ValueAction#operate(java.lang.Object)#0 &amp; OperationFactory.IdentityAction#operate(java.lang.Object)#0 &amp; OperationFactory.BooleanAction#operate(java.lang.Object)#0 &amp; OperationFactory.IntegerAction#operate(java.lang.Object)#0 &amp; OperationFactory.StringAction#operate(java.lang.Object)#0 &amp; OperationFactory.ClassAction#operate(java.lang.Object)#0 &amp; OperationFactory.SetFlagAction#operate(java.lang.Object)#0 &amp; OperationFactory.ConvertIntegerToShort#operate(java.lang.Object)#0&quot;, &quot;operate := com.sun.corba.se.impl.resolver.INSURLOperationImpl#operate(java.lang.Object) &amp; OperationFactory.IntegerRangeAction#operate(java.lang.Object) &amp; OperationFactory.MapAction#operate(java.lang.Object) &amp; OperationFactory.ListAction#operate(java.lang.Object) &amp; OperationFactory.SequenceAction#operate(java.lang.Object) &amp; OperationFactory.ComposeAction#operate(java.lang.Object) &amp; OperationFactory.MaskErrorAction#operate(java.lang.Object) &amp; OperationFactory.IndexAction#operate(java.lang.Object) &amp; OperationFactory.MapSequenceAction#operate(java.lang.Object) &amp; OperationFactory.URLAction#operate(java.lang.Object) &amp; OperationFactory.SuffixAction#operate(java.lang.Object) &amp; OperationFactory.ValueAction#operate(java.lang.Object) &amp; OperationFactory.IdentityAction#operate(java.lang.Object) &amp; OperationFactory.BooleanAction#operate(java.lang.Object) &amp; OperationFactory.IntegerAction#operate(java.lang.Object) &amp; OperationFactory.StringAction#operate(java.lang.Object) &amp; OperationFactory.ClassAction#operate(java.lang.Object) &amp; OperationFactory.SetFlagAction#operate(java.lang.Object) &amp; OperationFactory.ConvertIntegerToShort#operate(java.lang.Object)&quot; }"/>
        </annotation>
    </item>
    <item name='com.sun.corba.se.spi.orb.OperationFactory com.sun.corba.se.spi.orb.Operation compose(com.sun.corba.se.spi.orb.Operation, com.sun.corba.se.spi.orb.Operation)'>
        <annotation name='com.intellij.inspections.tainted.annotation.equation.Equations'>
            <val val="{ &quot;op2 := com.sun.corba.se.impl.orb.ParserTable&quot; }"/>
        </annotation>
    </item>
    <item name='com.sun.corba.se.spi.orb.OperationFactory.ComposeAction ComposeAction(com.sun.corba.se.spi.orb.Operation, com.sun.corba.se.spi.orb.Operation)'>
        <annotation name='com.intellij.inspections.tainted.annotation.equation.Equations'>
            <val val="{ &quot;op2 := OperationFactory#compose(com.sun.corba.se.spi.orb.Operation, com.sun.corba.se.spi.orb.Operation)#1&quot;, &quot;ComposeAction := OperationFactory.ComposeAction&quot;, &quot;op1 := OperationFactory#compose(com.sun.corba.se.spi.orb.Operation, com.sun.corba.se.spi.orb.Operation)#0&quot; }"/>
        </annotation>
    </item>
    <item name='com.sun.corba.se.spi.orb.OperationFactory.ComposeAction java.lang.String toString()'>
        <annotation name='com.intellij.inspections.tainted.annotation.equation.Equations'>
            <val val="{ &quot;toString := OperationFactory.ComposeAction&quot; }"/>
        </annotation>
    </item>
    <item name='com.sun.corba.se.spi.orb.OperationFactory.IdentityAction java.lang.Object operate(java.lang.Object)'>
        <annotation name='com.intellij.inspections.tainted.annotation.equation.Equations'>
            <val val="{ &quot;operate := value&quot; }"/>
        </annotation>
    </item>
    <item name='com.sun.corba.se.spi.orb.OperationFactory.IndexAction IndexAction(int)'>
        <annotation name='com.intellij.inspections.tainted.annotation.equation.Equations'>
            <val val="{ &quot;IndexAction := OperationFactory.IndexAction&quot;, &quot;index := OperationFactory#indexAction(int)#0&quot; }"/>
        </annotation>
    </item>
    <item name='com.sun.corba.se.spi.orb.OperationFactory.IndexAction java.lang.String toString()'>
        <annotation name='com.intellij.inspections.tainted.annotation.equation.Equations'>
            <val val="{ &quot;toString := OperationFactory.IndexAction&quot; }"/>
        </annotation>
    </item>
    <item name='com.sun.corba.se.spi.orb.OperationFactory.IntegerRangeAction IntegerRangeAction(int, int)'>
        <annotation name='com.intellij.inspections.tainted.annotation.equation.Equations'>
            <val val="{ &quot;min := OperationFactory#integerRangeAction(int, int)#0&quot;, &quot;max := OperationFactory#integerRangeAction(int, int)#1&quot;, &quot;IntegerRangeAction := OperationFactory.IntegerRangeAction&quot; }"/>
        </annotation>
    </item>
    <item name='com.sun.corba.se.spi.orb.OperationFactory.IntegerRangeAction java.lang.String toString()'>
        <annotation name='com.intellij.inspections.tainted.annotation.equation.Equations'>
            <val val="{ &quot;toString := OperationFactory.IntegerRangeAction&quot; }"/>
        </annotation>
    </item>
    <item name='com.sun.corba.se.spi.orb.OperationFactory.ListAction ListAction(java.lang.String, com.sun.corba.se.spi.orb.Operation)'>
        <annotation name='com.intellij.inspections.tainted.annotation.equation.Equations'>
            <val val="{ &quot;ListAction := OperationFactory.ListAction&quot;, &quot;act := OperationFactory#listAction(java.lang.String, com.sun.corba.se.spi.orb.Operation)#1&quot;, &quot;sep := OperationFactory#listAction(java.lang.String, com.sun.corba.se.spi.orb.Operation)#0&quot; }"/>
        </annotation>
    </item>
    <item name='com.sun.corba.se.spi.orb.OperationFactory.ListAction java.lang.String toString()'>
        <annotation name='com.intellij.inspections.tainted.annotation.equation.Equations'>
            <val val="{ &quot;toString := OperationFactory.ListAction&quot; }"/>
        </annotation>
    </item>
    <item name='com.sun.corba.se.spi.orb.OperationFactory.MapAction MapAction(com.sun.corba.se.spi.orb.Operation)'>
        <annotation name='com.intellij.inspections.tainted.annotation.equation.Equations'>
            <val val="{ &quot;op := OperationFactory#mapAction(com.sun.corba.se.spi.orb.Operation)#0&quot;, &quot;MapAction := OperationFactory.MapAction&quot; }"/>
        </annotation>
    </item>
    <item name='com.sun.corba.se.spi.orb.OperationFactory.MapAction java.lang.String toString()'>
        <annotation name='com.intellij.inspections.tainted.annotation.equation.Equations'>
            <val val="{ &quot;toString := OperationFactory.MapAction&quot; }"/>
        </annotation>
    </item>
    <item name='com.sun.corba.se.spi.orb.OperationFactory.MapSequenceAction MapSequenceAction(com.sun.corba.se.spi.orb.Operation[])'>
        <annotation name='com.intellij.inspections.tainted.annotation.equation.Equations'>
            <val val="{ &quot;op := OperationFactory#mapSequenceAction(com.sun.corba.se.spi.orb.Operation[])#0&quot;, &quot;MapSequenceAction := OperationFactory.MapSequenceAction&quot; }"/>
        </annotation>
    </item>
    <item name='com.sun.corba.se.spi.orb.OperationFactory.MaskErrorAction MaskErrorAction(com.sun.corba.se.spi.orb.Operation)'>
        <annotation name='com.intellij.inspections.tainted.annotation.equation.Equations'>
            <val val="{ &quot;MaskErrorAction := OperationFactory.MaskErrorAction&quot;, &quot;op := OperationFactory#maskErrorAction(com.sun.corba.se.spi.orb.Operation)#0&quot; }"/>
        </annotation>
    </item>
    <item name='com.sun.corba.se.spi.orb.OperationFactory.MaskErrorAction java.lang.String toString()'>
        <annotation name='com.intellij.inspections.tainted.annotation.equation.Equations'>
            <val val="{ &quot;toString := OperationFactory.MaskErrorAction&quot; }"/>
        </annotation>
    </item>
    <item name='com.sun.corba.se.spi.orb.OperationFactory.OperationBase'>
        <annotation name='com.intellij.inspections.tainted.annotation.equation.Equations'>
            <val val="{ &quot;OperationBase := OperationFactory.IntegerRangeAction &amp; OperationFactory.MapAction &amp; OperationFactory.ListAction &amp; OperationFactory.SequenceAction &amp; OperationFactory.ComposeAction &amp; OperationFactory.MaskErrorAction &amp; OperationFactory.IndexAction &amp; OperationFactory.MapSequenceAction&quot; }"/>
        </annotation>
    </item>
    <item name='com.sun.corba.se.spi.orb.OperationFactory.SequenceAction SequenceAction(java.lang.String, com.sun.corba.se.spi.orb.Operation[])'>
        <annotation name='com.intellij.inspections.tainted.annotation.equation.Equations'>
            <val val="{ &quot;sep := OperationFactory#sequenceAction(java.lang.String, com.sun.corba.se.spi.orb.Operation[])#0&quot;, &quot;SequenceAction := OperationFactory.SequenceAction&quot;, &quot;actions := OperationFactory#sequenceAction(java.lang.String, com.sun.corba.se.spi.orb.Operation[])#1&quot; }"/>
        </annotation>
    </item>
    <item name='com.sun.corba.se.spi.orb.OperationFactory.SequenceAction java.lang.String toString()'>
        <annotation name='com.intellij.inspections.tainted.annotation.equation.Equations'>
            <val val="{ &quot;toString := OperationFactory.SequenceAction&quot; }"/>
        </annotation>
    </item>
    <item name='com.sun.corba.se.spi.orb.OperationFactory.SetFlagAction java.lang.Object operate(java.lang.Object)'>
        <annotation name='com.intellij.inspections.tainted.annotation.equation.Equations'>
            <val val="{ &quot;operate := java.lang.Boolean#TRUE&quot; }"/>
        </annotation>
    </item>
    <item name='com.sun.corba.se.spi.orb.OperationFactory.StringAction java.lang.Object operate(java.lang.Object)'>
        <annotation name='com.intellij.inspections.tainted.annotation.equation.Equations'>
            <val val="{ &quot;operate := value&quot; }"/>
        </annotation>
    </item>
    <item name='com.sun.corba.se.spi.orb.ParserData com.sun.corba.se.spi.orb.Operation getOperation()'>
        <annotation name='com.intellij.inspections.tainted.annotation.equation.Equations'>
            <val val="{ &quot;getOperation := com.sun.corba.se.impl.orb.ParserDataBase#getOperation()&quot; }"/>
        </annotation>
    </item>
    <item name='com.sun.corba.se.spi.orb.ParserData java.lang.Object getDefaultValue()'>
        <annotation name='com.intellij.inspections.tainted.annotation.equation.Equations'>
            <val val="{ &quot;getDefaultValue := com.sun.corba.se.impl.orb.ParserDataBase#getDefaultValue()&quot; }"/>
        </annotation>
    </item>
    <item name='com.sun.corba.se.spi.orb.ParserData java.lang.Object getTestValue()'>
        <annotation name='com.intellij.inspections.tainted.annotation.equation.Equations'>
            <val val="{ &quot;getTestValue := com.sun.corba.se.impl.orb.ParserDataBase#getTestValue()&quot; }"/>
        </annotation>
    </item>
    <item name='com.sun.corba.se.spi.orb.ParserData java.lang.String getFieldName()'>
        <annotation name='com.intellij.inspections.tainted.annotation.equation.Equations'>
            <val val="{ &quot;getFieldName := com.sun.corba.se.impl.orb.ParserDataBase#getFieldName()&quot; }"/>
        </annotation>
    </item>
    <item name='com.sun.corba.se.spi.orb.ParserData java.lang.String getPropertyName()'>
        <annotation name='com.intellij.inspections.tainted.annotation.equation.Equations'>
            <val val="{ &quot;getPropertyName := com.sun.corba.se.impl.orb.ParserDataBase#getPropertyName()&quot; }"/>
        </annotation>
    </item>
    <item name='com.sun.corba.se.spi.orb.ParserData void addToParser(com.sun.corba.se.spi.orb.PropertyParser)'>
        <annotation name='com.intellij.inspections.tainted.annotation.equation.Equations'>
            <val val="{ &quot;parser := com.sun.corba.se.impl.orb.NormalParserData#addToParser(com.sun.corba.se.spi.orb.PropertyParser)#0 &amp; com.sun.corba.se.impl.orb.PrefixParserData#addToParser(com.sun.corba.se.spi.orb.PropertyParser)#0&quot; }"/>
        </annotation>
    </item>
    <item name='com.sun.corba.se.spi.orb.ParserData void addToProperties(java.util.Properties)'>
        <annotation name='com.intellij.inspections.tainted.annotation.equation.Equations'>
            <val val="{ &quot;props := com.sun.corba.se.impl.orb.NormalParserData#addToProperties(java.util.Properties)#0 &amp; com.sun.corba.se.impl.orb.PrefixParserData#addToProperties(java.util.Properties)#0&quot; }"/>
        </annotation>
    </item>
    <item name='com.sun.corba.se.spi.orb.ParserDataFactory com.sun.corba.se.spi.orb.ParserData make(java.lang.String, com.sun.corba.se.spi.orb.Operation, java.lang.String, java.lang.Object, java.lang.Object, com.sun.corba.se.spi.orb.StringPair[], java.lang.Class)'>
        <annotation name='com.intellij.inspections.tainted.annotation.equation.Equations'>
            <val val="{ &quot;propertyName := com.sun.corba.se.impl.orbutil.ORBConstants#PI_ORB_INITIALIZER_CLASS_PREFIX &amp; com.sun.corba.se.impl.orbutil.ORBConstants#ACCEPTOR_CLASS_PREFIX_PROPERTY &amp; com.sun.corba.se.impl.orbutil.ORBConstants#ORB_INIT_REF_PROPERTY&quot; }"/>
        </annotation>
    </item>
    <item name='com.sun.corba.se.spi.orb.ParserDataFactory com.sun.corba.se.spi.orb.ParserData make(java.lang.String, com.sun.corba.se.spi.orb.Operation, java.lang.String, java.lang.Object, java.lang.Object, java.lang.String)'>
        <annotation name='com.intellij.inspections.tainted.annotation.equation.Equations'>
            <val val="{ &quot;propertyName := com.sun.corba.se.impl.orbutil.ORBConstants#DEBUG_PROPERTY &amp; com.sun.corba.se.impl.orbutil.ORBConstants#INITIAL_HOST_PROPERTY &amp; com.sun.corba.se.impl.orbutil.ORBConstants#INITIAL_PORT_PROPERTY &amp; com.sun.corba.se.impl.orbutil.ORBConstants#SERVER_HOST_PROPERTY &amp; com.sun.corba.se.impl.orbutil.ORBConstants#SERVER_PORT_PROPERTY &amp; com.sun.corba.se.impl.orbutil.ORBConstants#LISTEN_ON_ALL_INTERFACES &amp; com.sun.corba.se.impl.orbutil.ORBConstants#ORB_ID_PROPERTY &amp; com.sun.corba.se.impl.orbutil.ORBConstants#OLD_ORB_ID_PROPERTY &amp; com.sun.corba.se.impl.orbutil.ORBConstants#ORB_SERVER_ID_PROPERTY &amp; com.sun.corba.se.impl.orbutil.ORBConstants#HIGH_WATER_MARK_PROPERTY &amp; com.sun.corba.se.impl.orbutil.ORBConstants#LOW_WATER_MARK_PROPERTY &amp; com.sun.corba.se.impl.orbutil.ORBConstants#NUMBER_TO_RECLAIM_PROPERTY &amp; com.sun.corba.se.impl.orbutil.ORBConstants#GIOP_VERSION &amp; com.sun.corba.se.impl.orbutil.ORBConstants#GIOP_FRAGMENT_SIZE &amp; com.sun.corba.se.impl.orbutil.ORBConstants#GIOP_BUFFER_SIZE &amp; com.sun.corba.se.impl.orbutil.ORBConstants#GIOP_11_BUFFMGR &amp; com.sun.corba.se.impl.orbutil.ORBConstants#GIOP_12_BUFFMGR &amp; com.sun.corba.se.impl.orbutil.ORBConstants#GIOP_TARGET_ADDRESSING &amp; com.sun.corba.se.impl.orbutil.ORBConstants#ALWAYS_SEND_CODESET_CTX_PROPERTY &amp; com.sun.corba.se.impl.orbutil.ORBConstants#USE_BOMS &amp; com.sun.corba.se.impl.orbutil.ORBConstants#USE_BOMS_IN_ENCAPS &amp; com.sun.corba.se.impl.orbutil.ORBConstants#CHAR_CODESETS &amp; com.sun.corba.se.impl.orbutil.ORBConstants#WCHAR_CODESETS &amp; com.sun.corba.se.impl.orbutil.ORBConstants#ALLOW_LOCAL_OPTIMIZATION &amp; com.sun.corba.se.impl.orbutil.ORBConstants#LEGACY_SOCKET_FACTORY_CLASS_PROPERTY &amp; com.sun.corba.se.impl.orbutil.ORBConstants#SOCKET_FACTORY_CLASS_PROPERTY &amp; com.sun.corba.se.impl.orbutil.ORBConstants#LISTEN_SOCKET_PROPERTY &amp; com.sun.corba.se.impl.orbutil.ORBConstants#IOR_TO_SOCKET_INFO_CLASS_PROPERTY &amp; com.sun.corba.se.impl.orbutil.ORBConstants#IIOP_PRIMARY_TO_CONTACT_INFO_CLASS_PROPERTY &amp; com.sun.corba.se.impl.orbutil.ORBConstants#CONTACT_INFO_LIST_FACTORY_CLASS_PROPERTY &amp; com.sun.corba.se.impl.orbutil.ORBConstants#PERSISTENT_SERVER_PORT_PROPERTY &amp; com.sun.corba.se.impl.orbutil.ORBConstants#SERVER_ID_PROPERTY &amp; com.sun.corba.se.impl.orbutil.ORBConstants#ACTIVATED_PROPERTY &amp; com.sun.corba.se.impl.orbutil.ORBConstants#BAD_SERVER_ID_HANDLER_CLASS_PROPERTY &amp; com.sun.corba.se.impl.orbutil.ORBConstants#ACCEPTOR_SOCKET_TYPE_PROPERTY &amp; com.sun.corba.se.impl.orbutil.ORBConstants#USE_NIO_SELECT_TO_WAIT_PROPERTY &amp; com.sun.corba.se.impl.orbutil.ORBConstants#ACCEPTOR_SOCKET_USE_WORKER_THREAD_FOR_EVENT_PROPERTY &amp; com.sun.corba.se.impl.orbutil.ORBConstants#CONNECTION_SOCKET_TYPE_PROPERTY &amp; com.sun.corba.se.impl.orbutil.ORBConstants#CONNECTION_SOCKET_USE_WORKER_THREAD_FOR_EVENT_PROPERTY &amp; com.sun.corba.se.impl.orbutil.ORBConstants#DISABLE_DIRECT_BYTE_BUFFER_USE_PROPERTY &amp; com.sun.corba.se.impl.orbutil.ORBConstants#TRANSPORT_TCP_READ_TIMEOUTS_PROPERTY &amp; com.sun.corba.se.impl.orbutil.ORBConstants#ENABLE_JAVA_SERIALIZATION_PROPERTY &amp; com.sun.corba.se.impl.orbutil.ORBConstants#USE_REP_ID&quot;, &quot;testValue := java.lang.Boolean#TRUE &amp; java.lang.Boolean#FALSE&quot;, &quot;defaultValue := com.sun.corba.se.impl.orbutil.ORBConstants#LISTEN_ON_ALL_INTERFACES &amp; java.lang.Boolean#FALSE &amp; com.sun.corba.se.spi.ior.iiop.GIOPVersion#DEFAULT_VERSION &amp; java.lang.Boolean#TRUE &amp; com.sun.corba.se.impl.orbutil.ORBConstants#SOCKETCHANNEL&quot;, &quot;testData := com.sun.corba.se.impl.encoding.OSFCodeSetRegistry#ISO_8859_1_VALUE &amp; com.sun.corba.se.impl.encoding.OSFCodeSetRegistry#UTF_16_VALUE &amp; com.sun.corba.se.impl.encoding.OSFCodeSetRegistry#ISO_646_VALUE &amp; com.sun.corba.se.impl.orb.ParserTable&quot; }"/>
        </annotation>
    </item>
    <item name='com.sun.corba.se.spi.orb.ParserImplBase'>
        <annotation name='com.intellij.inspections.tainted.annotation.equation.Equations'>
            <val val="{ &quot;ParserImplBase := com.sun.corba.se.impl.orb.ORBImpl.ConfigParser &amp; com.sun.corba.se.impl.orb.ORBConfiguratorImpl.ConfigParser&quot; }"/>
        </annotation>
    </item>
    <item name='com.sun.corba.se.spi.orb.ParserImplBase ParserImplBase()'>
        <annotation name='com.intellij.inspections.tainted.annotation.equation.Equations'>
            <val val="{ &quot;ParserImplBase := ParserImplBase&quot; }"/>
        </annotation>
    </item>
    <item name='com.sun.corba.se.spi.orb.ParserImplBase com.sun.corba.se.spi.orb.PropertyParser makeParser()'>
        <annotation name='com.intellij.inspections.tainted.annotation.equation.Equations'>
            <val val="{ &quot;makeParser := com.sun.corba.se.impl.orb.ORBImpl.ConfigParser#makeParser() &amp; com.sun.corba.se.impl.orb.ORBConfiguratorImpl.ConfigParser#makeParser() &amp; ParserImplTableBase#makeParser()&quot; }"/>
        </annotation>
    </item>
    <item name='com.sun.corba.se.spi.orb.ParserImplBase void init(com.sun.corba.se.spi.orb.DataCollector)'>
        <annotation name='com.intellij.inspections.tainted.annotation.equation.Equations'>
            <val val="{ &quot;coll := com.sun.corba.se.impl.orb.ORBDataParserImpl#ORBDataParserImpl(com.sun.corba.se.spi.orb.ORB, com.sun.corba.se.spi.orb.DataCollector)#1 &amp; com.sun.corba.se.impl.orb.ORBImpl#postInit(java.lang.String[], com.sun.corba.se.spi.orb.DataCollector)#1 &amp; com.sun.corba.se.impl.orb.ORBConfiguratorImpl#runUserConfigurators(com.sun.corba.se.spi.orb.DataCollector, com.sun.corba.se.spi.orb.ORB)#0&quot; }"/>
        </annotation>
    </item>
    <item name='com.sun.corba.se.spi.orb.ParserImplTableBase'>
        <annotation name='com.intellij.inspections.tainted.annotation.equation.Equations'>
            <val val="{ &quot;ParserImplTableBase := com.sun.corba.se.impl.orb.ORBDataParserImpl&quot; }"/>
        </annotation>
    </item>
    <item name='com.sun.corba.se.spi.orb.ParserImplTableBase.MapEntry MapEntry(java.lang.Object)'>
        <annotation name='com.intellij.inspections.tainted.annotation.equation.Equations'>
            <val val="{ &quot;MapEntry := ParserImplTableBase.MapEntry&quot; }"/>
        </annotation>
    </item>
    <item name='com.sun.corba.se.spi.orb.ParserImplTableBase.MapEntry java.lang.Object getKey()'>
        <annotation name='com.intellij.inspections.tainted.annotation.equation.Equations'>
            <val val="{ &quot;getKey := ParserImplTableBase.MapEntry&quot; }"/>
        </annotation>
    </item>
    <item name='com.sun.corba.se.spi.orb.ParserImplTableBase.MapEntry java.lang.Object getValue()'>
        <annotation name='com.intellij.inspections.tainted.annotation.equation.Equations'>
            <val val="{ &quot;getValue := ParserImplTableBase.MapEntry&quot; }"/>
        </annotation>
    </item>
    <item name='com.sun.corba.se.spi.orb.ParserImplTableBase.MapEntry java.lang.Object setValue(java.lang.Object)'>
        <annotation name='com.intellij.inspections.tainted.annotation.equation.Equations'>
            <val val="{ &quot;setValue := ParserImplTableBase.MapEntry&quot; }"/>
        </annotation>
    </item>
    <item name='com.sun.corba.se.spi.orb.PropertyParser PropertyParser()'>
        <annotation name='com.intellij.inspections.tainted.annotation.equation.Equations'>
            <val val="{ &quot;PropertyParser := PropertyParser&quot; }"/>
        </annotation>
    </item>
    <item name='com.sun.corba.se.spi.orb.PropertyParser com.sun.corba.se.spi.orb.PropertyParser add(java.lang.String, com.sun.corba.se.spi.orb.Operation, java.lang.String)'>
        <annotation name='com.intellij.inspections.tainted.annotation.equation.Equations'>
            <val val="{ &quot;propName := com.sun.corba.se.impl.orbutil.ORBConstants#SUN_PREFIX&quot;, &quot;action := &quot;, &quot;fieldName := &quot;, &quot;add := PropertyParser&quot; }"/>
        </annotation>
    </item>
    <item name='com.sun.corba.se.spi.orb.PropertyParser com.sun.corba.se.spi.orb.PropertyParser addPrefix(java.lang.String, com.sun.corba.se.spi.orb.Operation, java.lang.String, java.lang.Class)'>
        <annotation name='com.intellij.inspections.tainted.annotation.equation.Equations'>
            <val val="{ &quot;componentType := com.sun.corba.se.impl.orb.PrefixParserData&quot;, &quot;addPrefix := PropertyParser&quot;, &quot;propName := com.sun.corba.se.impl.orbutil.ORBConstants#SUN_PREFIX&quot;, &quot;action := &quot;, &quot;fieldName := &quot; }"/>
        </annotation>
    </item>
    <item name='com.sun.corba.se.spi.orb.StringPair StringPair(java.lang.String, java.lang.String)'>
        <annotation name='com.intellij.inspections.tainted.annotation.equation.Equations'>
            <val val="{ &quot;StringPair := StringPair&quot;, &quot;second := ORB#getLogWrapper(java.lang.String, java.lang.String, com.sun.corba.se.spi.logging.LogWrapperFactory)#1 &amp; ORB#staticGetLogWrapper(java.lang.String, java.lang.String, com.sun.corba.se.spi.logging.LogWrapperFactory)#1&quot;, &quot;first := ORB#getLogWrapper(java.lang.String, java.lang.String, com.sun.corba.se.spi.logging.LogWrapperFactory)#0 &amp; ORB#staticGetLogWrapper(java.lang.String, java.lang.String, com.sun.corba.se.spi.logging.LogWrapperFactory)#0 &amp; com.sun.corba.se.impl.orb.ParserTable&quot; }"/>
        </annotation>
    </item>
    <item name='com.sun.corba.se.spi.orb.StringPair java.lang.String getFirst()'>
        <annotation name='com.intellij.inspections.tainted.annotation.equation.Equations'>
            <val val="{ &quot;getFirst := StringPair&quot; }"/>
        </annotation>
    </item>
    <item name='com.sun.corba.se.spi.orb.StringPair java.lang.String getSecond()'>
        <annotation name='com.intellij.inspections.tainted.annotation.equation.Equations'>
            <val val="{ &quot;getSecond := StringPair&quot; }"/>
        </annotation>
    </item>
</root>