<root>
    <item name='net.bytebuddy.description.field.FieldDescription net.bytebuddy.description.type.TypeDescription.Generic getType()'>
        <annotation name='com.intellij.inspections.tainted.annotation.equation.Equations'>
            <val val="{ &quot;getType := FieldDescription.ForLoadedField#getType() &amp; net.bytebuddy.pool.TypePool.Default.LazyTypeDescription.LazyFieldDescription#getType() &amp; FieldDescription.TypeSubstituting#getType()&quot; }"/>
        </annotation>
    </item>
    <item name='net.bytebuddy.description.field.FieldDescription.AbstractBase java.lang.String getGenericSignature()'>
        <annotation name='com.intellij.inspections.tainted.annotation.equation.Equations'>
            <val val="{ &quot;getGenericSignature := net.bytebuddy.description.ByteCodeElement#NON_GENERIC_SIGNATURE&quot; }"/>
        </annotation>
    </item>
    <item name='net.bytebuddy.description.field.FieldDescription.ForLoadedField'>
        <annotation name='com.intellij.inspections.tainted.annotation.equation.Equations'>
            <val val="{ &quot;ForLoadedField := #ForLoadedField(java.lang.reflect.Field)#0&quot; }"/>
        </annotation>
    </item>
    <item name='net.bytebuddy.description.field.FieldDescription.ForLoadedField ForLoadedField(java.lang.reflect.Field)'>
        <annotation name='com.intellij.inspections.tainted.annotation.equation.Equations'>
            <val val="{ &quot;ForLoadedField := FieldDescription.ForLoadedField&quot;, &quot;field := net.bytebuddy.asm.Advice.WithCustomMapping#bind(java.lang.Class, java.lang.reflect.Field)#1 &amp; net.bytebuddy.asm.MemberSubstitution.WithoutSpecification#replaceWith(java.lang.reflect.Field)#0 &amp; net.bytebuddy.implementation.MethodCall#setsField(java.lang.reflect.Field)#0 &amp; net.bytebuddy.implementation.MethodCall.WithoutSpecifiedTarget#onField(java.lang.reflect.Field)#0 &amp; net.bytebuddy.utility.JavaConstant.MethodHandle#ofGetter(java.lang.reflect.Field)#0 &amp; net.bytebuddy.utility.JavaConstant.MethodHandle#ofSetter(java.lang.reflect.Field)#0 &amp; net.bytebuddy.utility.JavaConstant.MethodType#ofSetter(java.lang.reflect.Field)#0 &amp; net.bytebuddy.utility.JavaConstant.MethodType#ofGetter(java.lang.reflect.Field)#0 &amp; net.bytebuddy.implementation.FieldAccessor#of(java.lang.reflect.Field)#0 &amp; net.bytebuddy.implementation.FieldAccessor.ForImplicitProperty#setsFieldValueOf(java.lang.reflect.Field)#0&quot; }"/>
        </annotation>
    </item>
    <item name='net.bytebuddy.description.field.FieldDescription.ForLoadedField int getModifiers()'>
        <annotation name='com.intellij.inspections.tainted.annotation.equation.Equations'>
            <val val="{ &quot;getModifiers := &quot; }"/>
        </annotation>
    </item>
    <item name='net.bytebuddy.description.field.FieldDescription.ForLoadedField java.lang.String getName()'>
        <annotation name='com.intellij.inspections.tainted.annotation.equation.Equations'>
            <val val="{ &quot;getName := &quot; }"/>
        </annotation>
    </item>
    <item name='net.bytebuddy.description.field.FieldDescription.ForLoadedField net.bytebuddy.description.annotation.AnnotationList getDeclaredAnnotations()'>
        <annotation name='com.intellij.inspections.tainted.annotation.equation.Equations'>
            <val val="{ &quot;getDeclaredAnnotations := &quot; }"/>
        </annotation>
    </item>
    <item name='net.bytebuddy.description.field.FieldDescription.ForLoadedField net.bytebuddy.description.type.TypeDescription getDeclaringType()'>
        <annotation name='com.intellij.inspections.tainted.annotation.equation.Equations'>
            <val val="{ &quot;getDeclaringType := &quot; }"/>
        </annotation>
    </item>
    <item name='net.bytebuddy.description.field.FieldDescription.ForLoadedField net.bytebuddy.description.type.TypeDescription.Generic getType()'>
        <annotation name='com.intellij.inspections.tainted.annotation.equation.Equations'>
            <val val="{ &quot;getType := &quot; }"/>
        </annotation>
    </item>
    <item name='net.bytebuddy.description.field.FieldDescription.InDefinedShape net.bytebuddy.description.type.TypeDescription getDeclaringType()'>
        <annotation name='com.intellij.inspections.tainted.annotation.equation.Equations'>
            <val val="{ &quot;getDeclaringType := FieldDescription.ForLoadedField#getDeclaringType() &amp; net.bytebuddy.pool.TypePool.Default.LazyTypeDescription.LazyFieldDescription#getDeclaringType()&quot; }"/>
        </annotation>
    </item>
    <item name='net.bytebuddy.description.field.FieldDescription.InGenericShape net.bytebuddy.description.type.TypeDescription.Generic getDeclaringType()'>
        <annotation name='com.intellij.inspections.tainted.annotation.equation.Equations'>
            <val val="{ &quot;getDeclaringType := FieldDescription.TypeSubstituting#getDeclaringType()&quot; }"/>
        </annotation>
    </item>
    <item name='net.bytebuddy.description.field.FieldDescription.SignatureToken'>
        <annotation name='com.intellij.inspections.tainted.annotation.equation.Equations'>
            <val val="{ &quot;SignatureToken := #SignatureToken(java.lang.String, net.bytebuddy.description.type.TypeDescription)#0 &amp; #SignatureToken(java.lang.String, net.bytebuddy.description.type.TypeDescription)#1&quot; }"/>
        </annotation>
    </item>
    <item name='net.bytebuddy.description.field.FieldDescription.SignatureToken SignatureToken(java.lang.String, net.bytebuddy.description.type.TypeDescription)'>
        <annotation name='com.intellij.inspections.tainted.annotation.equation.Equations'>
            <val val="{ &quot;SignatureToken := FieldDescription.SignatureToken&quot;, &quot;name := FieldDescription.Token&quot;, &quot;type := &quot; }"/>
        </annotation>
    </item>
    <item name='net.bytebuddy.description.field.FieldDescription.SignatureToken boolean equals(java.lang.Object)'>
        <annotation name='com.intellij.inspections.tainted.annotation.equation.Equations'>
            <val val="{ &quot;other := net.bytebuddy.matcher.LatentMatcher.ForFieldToken.ResolvedMatcher&quot; }"/>
        </annotation>
    </item>
    <item name='net.bytebuddy.description.field.FieldDescription.SignatureToken int hashCode()'>
        <annotation name='com.intellij.inspections.tainted.annotation.equation.Equations'>
            <val val="{ &quot;hashCode := &quot; }"/>
        </annotation>
    </item>
    <item name='net.bytebuddy.description.field.FieldDescription.SignatureToken java.lang.String getName()'>
        <annotation name='com.intellij.inspections.tainted.annotation.equation.Equations'>
            <val val="{ &quot;getName := FieldDescription.SignatureToken&quot; }"/>
        </annotation>
    </item>
    <item name='net.bytebuddy.description.field.FieldDescription.SignatureToken java.lang.String toString()'>
        <annotation name='com.intellij.inspections.tainted.annotation.equation.Equations'>
            <val val="{ &quot;toString := FieldDescription.SignatureToken&quot; }"/>
        </annotation>
    </item>
    <item name='net.bytebuddy.description.field.FieldDescription.SignatureToken net.bytebuddy.description.type.TypeDescription getType()'>
        <annotation name='com.intellij.inspections.tainted.annotation.equation.Equations'>
            <val val="{ &quot;getType := FieldDescription.SignatureToken&quot; }"/>
        </annotation>
    </item>
    <item name='net.bytebuddy.description.field.FieldDescription.Token'>
        <annotation name='com.intellij.inspections.tainted.annotation.equation.Equations'>
            <val val="{ &quot;Token := #Token(java.lang.String, int, net.bytebuddy.description.type.TypeDescription.Generic, java.util.List)#0 &amp; #Token(java.lang.String, int, net.bytebuddy.description.type.TypeDescription.Generic, java.util.List)#1 &amp; #Token(java.lang.String, int, net.bytebuddy.description.type.TypeDescription.Generic, java.util.List)#2 &amp; #Token(java.lang.String, int, net.bytebuddy.description.type.TypeDescription.Generic, java.util.List)#3&quot; }"/>
        </annotation>
    </item>
    <item name='net.bytebuddy.description.field.FieldDescription.Token Token(java.lang.String, int, net.bytebuddy.description.type.TypeDescription.Generic)'>
        <annotation name='com.intellij.inspections.tainted.annotation.equation.Equations'>
            <val val="{ &quot;name := net.bytebuddy.ByteBuddy.EnumerationImplementation &amp; net.bytebuddy.dynamic.DynamicType.Builder.AbstractBase.Adapter#defineField(java.lang.String, net.bytebuddy.description.type.TypeDefinition, int)#0&quot;, &quot;modifiers := net.bytebuddy.ByteBuddy.EnumerationImplementation#ENUM_FIELD_MODIFIERS &amp; net.bytebuddy.jar.asm.Opcodes#ACC_ENUM &amp; net.bytebuddy.dynamic.DynamicType.Builder.AbstractBase.Adapter#defineField(java.lang.String, net.bytebuddy.description.type.TypeDefinition, int)#2&quot;, &quot;type := &quot;, &quot;Token := FieldDescription.Token&quot; }"/>
        </annotation>
    </item>
    <item name='net.bytebuddy.description.field.FieldDescription.Token Token(java.lang.String, int, net.bytebuddy.description.type.TypeDescription.Generic, java.util.List&lt;? extends net.bytebuddy.description.annotation.AnnotationDescription&gt;)'>
        <annotation name='com.intellij.inspections.tainted.annotation.equation.Equations'>
            <val val="{ &quot;type := #Token(java.lang.String, int, net.bytebuddy.description.type.TypeDescription.Generic)#2&quot;, &quot;modifiers := #Token(java.lang.String, int, net.bytebuddy.description.type.TypeDescription.Generic)#1 &amp; FieldDescription.Token&quot;, &quot;annotations := FieldDescription.Token&quot;, &quot;name := #Token(java.lang.String, int, net.bytebuddy.description.type.TypeDescription.Generic)#0 &amp; FieldDescription.Token&quot;, &quot;Token := FieldDescription.Token&quot; }"/>
        </annotation>
    </item>
    <item name='net.bytebuddy.description.field.FieldDescription.Token int getModifiers()'>
        <annotation name='com.intellij.inspections.tainted.annotation.equation.Equations'>
            <val val="{ &quot;getModifiers := FieldDescription.Token&quot; }"/>
        </annotation>
    </item>
    <item name='net.bytebuddy.description.field.FieldDescription.Token int hashCode()'>
        <annotation name='com.intellij.inspections.tainted.annotation.equation.Equations'>
            <val val="{ &quot;hashCode := FieldDescription.Token&quot; }"/>
        </annotation>
    </item>
    <item name='net.bytebuddy.description.field.FieldDescription.Token java.lang.String getName()'>
        <annotation name='com.intellij.inspections.tainted.annotation.equation.Equations'>
            <val val="{ &quot;getName := FieldDescription.Token&quot; }"/>
        </annotation>
    </item>
    <item name='net.bytebuddy.description.field.FieldDescription.Token net.bytebuddy.description.annotation.AnnotationList getAnnotations()'>
        <annotation name='com.intellij.inspections.tainted.annotation.equation.Equations'>
            <val val="{ &quot;getAnnotations := &quot; }"/>
        </annotation>
    </item>
    <item name='net.bytebuddy.description.field.FieldDescription.Token net.bytebuddy.description.field.FieldDescription.SignatureToken asSignatureToken(net.bytebuddy.description.type.TypeDescription)'>
        <annotation name='com.intellij.inspections.tainted.annotation.equation.Equations'>
            <val val="{ &quot;declaringType := net.bytebuddy.matcher.LatentMatcher.ForFieldToken#resolve(net.bytebuddy.description.type.TypeDescription)#0&quot;, &quot;asSignatureToken := &quot; }"/>
        </annotation>
    </item>
    <item name='net.bytebuddy.description.field.FieldDescription.Token net.bytebuddy.description.field.FieldDescription.Token accept(net.bytebuddy.description.type.TypeDescription.Generic.Visitor&lt;? extends net.bytebuddy.description.type.TypeDescription.Generic&gt;)'>
        <annotation name='com.intellij.inspections.tainted.annotation.equation.Equations'>
            <val val="{ &quot;accept := &quot; }"/>
        </annotation>
    </item>
    <item name='net.bytebuddy.description.field.FieldDescription.Token net.bytebuddy.description.type.TypeDescription.Generic getType()'>
        <annotation name='com.intellij.inspections.tainted.annotation.equation.Equations'>
            <val val="{ &quot;getType := FieldDescription.Token&quot; }"/>
        </annotation>
    </item>
    <item name='net.bytebuddy.description.field.FieldDescription.TypeSubstituting'>
        <annotation name='com.intellij.inspections.tainted.annotation.equation.Equations'>
            <val val="{ &quot;TypeSubstituting := #TypeSubstituting(net.bytebuddy.description.type.TypeDescription.Generic, net.bytebuddy.description.field.FieldDescription, net.bytebuddy.description.type.TypeDescription.Generic.Visitor)#0 &amp; #TypeSubstituting(net.bytebuddy.description.type.TypeDescription.Generic, net.bytebuddy.description.field.FieldDescription, net.bytebuddy.description.type.TypeDescription.Generic.Visitor)#1 &amp; #TypeSubstituting(net.bytebuddy.description.type.TypeDescription.Generic, net.bytebuddy.description.field.FieldDescription, net.bytebuddy.description.type.TypeDescription.Generic.Visitor)#2&quot; }"/>
        </annotation>
    </item>
    <item name='net.bytebuddy.description.field.FieldDescription.TypeSubstituting TypeSubstituting(net.bytebuddy.description.type.TypeDescription.Generic, net.bytebuddy.description.field.FieldDescription, net.bytebuddy.description.type.TypeDescription.Generic.Visitor&lt;? extends net.bytebuddy.description.type.TypeDescription.Generic&gt;)'>
        <annotation name='com.intellij.inspections.tainted.annotation.equation.Equations'>
            <val val="{ &quot;declaringType := FieldList.TypeSubstituting&quot;, &quot;visitor := FieldList.TypeSubstituting&quot;, &quot;TypeSubstituting := FieldDescription.TypeSubstituting&quot;, &quot;fieldDescription := &quot; }"/>
        </annotation>
    </item>
    <item name='net.bytebuddy.description.field.FieldDescription.TypeSubstituting int getModifiers()'>
        <annotation name='com.intellij.inspections.tainted.annotation.equation.Equations'>
            <val val="{ &quot;getModifiers := &quot; }"/>
        </annotation>
    </item>
    <item name='net.bytebuddy.description.field.FieldDescription.TypeSubstituting java.lang.String getName()'>
        <annotation name='com.intellij.inspections.tainted.annotation.equation.Equations'>
            <val val="{ &quot;getName := &quot; }"/>
        </annotation>
    </item>
    <item name='net.bytebuddy.description.field.FieldDescription.TypeSubstituting net.bytebuddy.description.annotation.AnnotationList getDeclaredAnnotations()'>
        <annotation name='com.intellij.inspections.tainted.annotation.equation.Equations'>
            <val val="{ &quot;getDeclaredAnnotations := &quot; }"/>
        </annotation>
    </item>
    <item name='net.bytebuddy.description.field.FieldDescription.TypeSubstituting net.bytebuddy.description.field.FieldDescription.InDefinedShape asDefined()'>
        <annotation name='com.intellij.inspections.tainted.annotation.equation.Equations'>
            <val val="{ &quot;asDefined := &quot; }"/>
        </annotation>
    </item>
    <item name='net.bytebuddy.description.field.FieldDescription.TypeSubstituting net.bytebuddy.description.type.TypeDescription.Generic getDeclaringType()'>
        <annotation name='com.intellij.inspections.tainted.annotation.equation.Equations'>
            <val val="{ &quot;getDeclaringType := FieldDescription.TypeSubstituting&quot; }"/>
        </annotation>
    </item>
    <item name='net.bytebuddy.description.field.FieldDescription.TypeSubstituting net.bytebuddy.description.type.TypeDescription.Generic getType()'>
        <annotation name='com.intellij.inspections.tainted.annotation.equation.Equations'>
            <val val="{ &quot;getType := &quot; }"/>
        </annotation>
    </item>
    <item name='net.bytebuddy.description.field.FieldList.ForLoadedFields'>
        <annotation name='com.intellij.inspections.tainted.annotation.equation.Equations'>
            <val val="{ &quot;ForLoadedFields := #ForLoadedFields(java.util.List)#0&quot; }"/>
        </annotation>
    </item>
    <item name='net.bytebuddy.description.field.FieldList.ForLoadedFields ForLoadedFields(java.lang.reflect.Field...)'>
        <annotation name='com.intellij.inspections.tainted.annotation.equation.Equations'>
            <val val="{ &quot;field := &quot;, &quot;ForLoadedFields := FieldList.ForLoadedFields&quot; }"/>
        </annotation>
    </item>
    <item name='net.bytebuddy.description.field.FieldList.ForLoadedFields ForLoadedFields(java.util.List&lt;? extends java.lang.reflect.Field&gt;)'>
        <annotation name='com.intellij.inspections.tainted.annotation.equation.Equations'>
            <val val="{ &quot;fields := &quot;, &quot;ForLoadedFields := FieldList.ForLoadedFields&quot; }"/>
        </annotation>
    </item>
    <item name='net.bytebuddy.description.field.FieldList.ForLoadedFields int size()'>
        <annotation name='com.intellij.inspections.tainted.annotation.equation.Equations'>
            <val val="{ &quot;size := &quot; }"/>
        </annotation>
    </item>
    <item name='net.bytebuddy.description.field.FieldList.ForLoadedFields net.bytebuddy.description.field.FieldDescription.InDefinedShape get(int)'>
        <annotation name='com.intellij.inspections.tainted.annotation.equation.Equations'>
            <val val="{ &quot;get := &quot; }"/>
        </annotation>
    </item>
    <item name='net.bytebuddy.description.field.FieldList.TypeSubstituting'>
        <annotation name='com.intellij.inspections.tainted.annotation.equation.Equations'>
            <val val="{ &quot;TypeSubstituting := #TypeSubstituting(net.bytebuddy.description.type.TypeDescription.Generic, java.util.List, net.bytebuddy.description.type.TypeDescription.Generic.Visitor)#0 &amp; #TypeSubstituting(net.bytebuddy.description.type.TypeDescription.Generic, java.util.List, net.bytebuddy.description.type.TypeDescription.Generic.Visitor)#1 &amp; #TypeSubstituting(net.bytebuddy.description.type.TypeDescription.Generic, java.util.List, net.bytebuddy.description.type.TypeDescription.Generic.Visitor)#2&quot; }"/>
        </annotation>
    </item>
    <item name='net.bytebuddy.description.field.FieldList.TypeSubstituting TypeSubstituting(net.bytebuddy.description.type.TypeDescription.Generic, java.util.List&lt;? extends net.bytebuddy.description.field.FieldDescription&gt;, net.bytebuddy.description.type.TypeDescription.Generic.Visitor&lt;? extends net.bytebuddy.description.type.TypeDescription.Generic&gt;)'>
        <annotation name='com.intellij.inspections.tainted.annotation.equation.Equations'>
            <val val="{ &quot;fieldDescriptions := &quot;, &quot;declaringType := net.bytebuddy.description.type.TypeDescription.Generic.OfParameterizedType &amp; net.bytebuddy.description.type.TypeDescription.Generic.OfParameterizedType.ForReifiedType&quot;, &quot;TypeSubstituting := FieldList.TypeSubstituting&quot;, &quot;visitor := net.bytebuddy.description.type.TypeDescription.Generic.Visitor.TypeErasing#INSTANCE&quot; }"/>
        </annotation>
    </item>
    <item name='net.bytebuddy.description.field.FieldList.TypeSubstituting int size()'>
        <annotation name='com.intellij.inspections.tainted.annotation.equation.Equations'>
            <val val="{ &quot;size := &quot; }"/>
        </annotation>
    </item>
    <item name='net.bytebuddy.description.field.FieldList.TypeSubstituting net.bytebuddy.description.field.FieldDescription.InGenericShape get(int)'>
        <annotation name='com.intellij.inspections.tainted.annotation.equation.Equations'>
            <val val="{ &quot;get := &quot; }"/>
        </annotation>
    </item>
</root>