<root>
    <item name='com.sun.corba.se.impl.javax.rmi.CORBA.StubDelegateImpl'>
        <annotation name='com.intellij.inspections.tainted.annotation.equation.Equations'>
            <val val="{ &quot;StubDelegateImpl := &quot; }"/>
        </annotation>
    </item>
    <item name='com.sun.corba.se.impl.javax.rmi.CORBA.StubDelegateImpl StubDelegateImpl()'>
        <annotation name='com.intellij.inspections.tainted.annotation.equation.Equations'>
            <val val="{ &quot;StubDelegateImpl := StubDelegateImpl&quot; }"/>
        </annotation>
    </item>
    <item name='com.sun.corba.se.impl.javax.rmi.CORBA.StubDelegateImpl boolean equals(java.lang.Object)'>
        <annotation name='com.intellij.inspections.tainted.annotation.equation.Equations'>
            <val val="{ &quot;obj := java.lang.Object#equals(java.lang.Object)#0 &amp; java.lang.Object#equals(java.lang.Object)#0&quot;, &quot;equals := StubDelegateImpl&quot; }"/>
        </annotation>
    </item>
    <item name='com.sun.corba.se.impl.javax.rmi.CORBA.StubDelegateImpl boolean equals(javax.rmi.CORBA.Stub, java.lang.Object)'>
        <annotation name='com.intellij.inspections.tainted.annotation.equation.Equations'>
            <val val="{ &quot;self := javax.rmi.CORBA.StubDelegate#equals(javax.rmi.CORBA.Stub, java.lang.Object)#0 &amp; javax.rmi.CORBA.StubDelegate#equals(javax.rmi.CORBA.Stub, java.lang.Object)#0&quot;, &quot;obj := javax.rmi.CORBA.StubDelegate#equals(javax.rmi.CORBA.Stub, java.lang.Object)#1 &amp; javax.rmi.CORBA.StubDelegate#equals(javax.rmi.CORBA.Stub, java.lang.Object)#1&quot; }"/>
        </annotation>
    </item>
    <item name='com.sun.corba.se.impl.javax.rmi.CORBA.StubDelegateImpl com.sun.corba.se.impl.ior.StubIORImpl getIOR()'>
        <annotation name='com.intellij.inspections.tainted.annotation.equation.Equations'>
            <val val="{ &quot;getIOR := StubDelegateImpl&quot; }"/>
        </annotation>
    </item>
    <item name='com.sun.corba.se.impl.javax.rmi.CORBA.StubDelegateImpl int hashCode(javax.rmi.CORBA.Stub)'>
        <annotation name='com.intellij.inspections.tainted.annotation.equation.Equations'>
            <val val="{ &quot;self := javax.rmi.CORBA.StubDelegate#hashCode(javax.rmi.CORBA.Stub)#0 &amp; javax.rmi.CORBA.StubDelegate#hashCode(javax.rmi.CORBA.Stub)#0&quot; }"/>
        </annotation>
    </item>
    <item name='com.sun.corba.se.impl.javax.rmi.CORBA.StubDelegateImpl java.lang.String toString(javax.rmi.CORBA.Stub)'>
        <annotation name='com.intellij.inspections.tainted.annotation.equation.Equations'>
            <val val="{ &quot;self := javax.rmi.CORBA.StubDelegate#toString(javax.rmi.CORBA.Stub)#0 &amp; javax.rmi.CORBA.StubDelegate#toString(javax.rmi.CORBA.Stub)#0&quot; }"/>
        </annotation>
    </item>
    <item name='com.sun.corba.se.impl.javax.rmi.CORBA.StubDelegateImpl void connect(javax.rmi.CORBA.Stub, org.omg.CORBA.ORB)'>
        <annotation name='com.intellij.inspections.tainted.annotation.equation.Equations'>
            <val val="{ &quot;self := javax.rmi.CORBA.StubDelegate#connect(javax.rmi.CORBA.Stub, org.omg.CORBA.ORB)#0 &amp; javax.rmi.CORBA.StubDelegate#connect(javax.rmi.CORBA.Stub, org.omg.CORBA.ORB)#0&quot;, &quot;orb := javax.rmi.CORBA.StubDelegate#connect(javax.rmi.CORBA.Stub, org.omg.CORBA.ORB)#1 &amp; javax.rmi.CORBA.StubDelegate#connect(javax.rmi.CORBA.Stub, org.omg.CORBA.ORB)#1&quot; }"/>
        </annotation>
    </item>
    <item name='com.sun.corba.se.impl.javax.rmi.CORBA.StubDelegateImpl void init(javax.rmi.CORBA.Stub)'>
        <annotation name='com.intellij.inspections.tainted.annotation.equation.Equations'>
            <val val="{ &quot;self := #hashCode(javax.rmi.CORBA.Stub)#0 &amp; #writeObject(javax.rmi.CORBA.Stub, java.io.ObjectOutputStream)#0&quot; }"/>
        </annotation>
    </item>
    <item name='com.sun.corba.se.impl.javax.rmi.CORBA.StubDelegateImpl void readObject(javax.rmi.CORBA.Stub, java.io.ObjectInputStream)'>
        <annotation name='com.intellij.inspections.tainted.annotation.equation.Equations'>
            <val val="{ &quot;stream := javax.rmi.CORBA.StubDelegate#readObject(javax.rmi.CORBA.Stub, java.io.ObjectInputStream)#1 &amp; javax.rmi.CORBA.StubDelegate#readObject(javax.rmi.CORBA.Stub, java.io.ObjectInputStream)#1&quot;, &quot;self := javax.rmi.CORBA.StubDelegate#readObject(javax.rmi.CORBA.Stub, java.io.ObjectInputStream)#0 &amp; javax.rmi.CORBA.StubDelegate#readObject(javax.rmi.CORBA.Stub, java.io.ObjectInputStream)#0&quot; }"/>
        </annotation>
    </item>
    <item name='com.sun.corba.se.impl.javax.rmi.CORBA.StubDelegateImpl void writeObject(javax.rmi.CORBA.Stub, java.io.ObjectOutputStream)'>
        <annotation name='com.intellij.inspections.tainted.annotation.equation.Equations'>
            <val val="{ &quot;self := javax.rmi.CORBA.StubDelegate#writeObject(javax.rmi.CORBA.Stub, java.io.ObjectOutputStream)#0 &amp; javax.rmi.CORBA.StubDelegate#writeObject(javax.rmi.CORBA.Stub, java.io.ObjectOutputStream)#0&quot;, &quot;stream := javax.rmi.CORBA.StubDelegate#writeObject(javax.rmi.CORBA.Stub, java.io.ObjectOutputStream)#1 &amp; javax.rmi.CORBA.StubDelegate#writeObject(javax.rmi.CORBA.Stub, java.io.ObjectOutputStream)#1&quot; }"/>
        </annotation>
    </item>
    <item name='com.sun.corba.se.impl.javax.rmi.CORBA.Util boolean isLocal(javax.rmi.CORBA.Stub)'>
        <annotation name='com.intellij.inspections.tainted.annotation.equation.Equations'>
            <val val="{ &quot;stub := javax.rmi.CORBA.UtilDelegate#isLocal(javax.rmi.CORBA.Stub)#0 &amp; javax.rmi.CORBA.UtilDelegate#isLocal(javax.rmi.CORBA.Stub)#0&quot; }"/>
        </annotation>
    </item>
    <item name='com.sun.corba.se.impl.javax.rmi.CORBA.Util java.lang.Class loadClass(java.lang.String, java.lang.String, java.lang.ClassLoader)'>
        <annotation name='com.intellij.inspections.tainted.annotation.equation.Equations'>
            <val val="{ &quot;loader := javax.rmi.CORBA.UtilDelegate#loadClass(java.lang.String, java.lang.String, java.lang.ClassLoader)#2 &amp; javax.rmi.CORBA.UtilDelegate#loadClass(java.lang.String, java.lang.String, java.lang.ClassLoader)#2&quot;, &quot;remoteCodebase := javax.rmi.CORBA.UtilDelegate#loadClass(java.lang.String, java.lang.String, java.lang.ClassLoader)#1 &amp; javax.rmi.CORBA.UtilDelegate#loadClass(java.lang.String, java.lang.String, java.lang.ClassLoader)#1&quot;, &quot;className := javax.rmi.CORBA.UtilDelegate#loadClass(java.lang.String, java.lang.String, java.lang.ClassLoader)#0 &amp; javax.rmi.CORBA.UtilDelegate#loadClass(java.lang.String, java.lang.String, java.lang.ClassLoader)#0&quot; }"/>
        </annotation>
    </item>
    <item name='com.sun.corba.se.impl.javax.rmi.CORBA.Util java.lang.Object copyObject(java.lang.Object, org.omg.CORBA.ORB)'>
        <annotation name='com.intellij.inspections.tainted.annotation.equation.Equations'>
            <val val="{ &quot;orb := javax.rmi.CORBA.UtilDelegate#copyObject(java.lang.Object, org.omg.CORBA.ORB)#1 &amp; #copyObjects(java.lang.Object[], org.omg.CORBA.ORB)#1 &amp; javax.rmi.CORBA.UtilDelegate#copyObject(java.lang.Object, org.omg.CORBA.ORB)#1&quot;, &quot;obj := javax.rmi.CORBA.UtilDelegate#copyObject(java.lang.Object, org.omg.CORBA.ORB)#0 &amp; #copyObjects(java.lang.Object[], org.omg.CORBA.ORB)#0 &amp; javax.rmi.CORBA.UtilDelegate#copyObject(java.lang.Object, org.omg.CORBA.ORB)#0&quot; }"/>
        </annotation>
    </item>
    <item name='com.sun.corba.se.impl.javax.rmi.CORBA.Util java.lang.Object[] copyObjects(java.lang.Object[], org.omg.CORBA.ORB)'>
        <annotation name='com.intellij.inspections.tainted.annotation.equation.Equations'>
            <val val="{ &quot;obj := javax.rmi.CORBA.UtilDelegate#copyObjects(java.lang.Object[], org.omg.CORBA.ORB)#0 &amp; javax.rmi.CORBA.UtilDelegate#copyObjects(java.lang.Object[], org.omg.CORBA.ORB)#0&quot;, &quot;orb := javax.rmi.CORBA.UtilDelegate#copyObjects(java.lang.Object[], org.omg.CORBA.ORB)#1 &amp; javax.rmi.CORBA.UtilDelegate#copyObjects(java.lang.Object[], org.omg.CORBA.ORB)#1&quot; }"/>
        </annotation>
    </item>
    <item name='com.sun.corba.se.impl.javax.rmi.CORBA.Util java.lang.String getCodebase(java.lang.Class)'>
        <annotation name='com.intellij.inspections.tainted.annotation.equation.Equations'>
            <val val="{ &quot;clz := javax.rmi.CORBA.UtilDelegate#getCodebase(java.lang.Class)#0 &amp; javax.rmi.CORBA.UtilDelegate#getCodebase(java.lang.Class)#0&quot; }"/>
        </annotation>
    </item>
    <item name='com.sun.corba.se.impl.javax.rmi.CORBA.Util java.rmi.RemoteException mapSystemException(org.omg.CORBA.SystemException)'>
        <annotation name='com.intellij.inspections.tainted.annotation.equation.Equations'>
            <val val="{ &quot;ex := javax.rmi.CORBA.UtilDelegate#mapSystemException(org.omg.CORBA.SystemException)#0 &amp; javax.rmi.CORBA.UtilDelegate#mapSystemException(org.omg.CORBA.SystemException)#0 &amp; #wrapException(java.lang.Throwable)#0&quot; }"/>
        </annotation>
    </item>
    <item name='com.sun.corba.se.impl.javax.rmi.CORBA.Util java.rmi.RemoteException wrapException(java.lang.Throwable)'>
        <annotation name='com.intellij.inspections.tainted.annotation.equation.Equations'>
            <val val="{ &quot;orig := javax.rmi.CORBA.UtilDelegate#wrapException(java.lang.Throwable)#0 &amp; javax.rmi.CORBA.UtilDelegate#wrapException(java.lang.Throwable)#0&quot; }"/>
        </annotation>
    </item>
    <item name='com.sun.corba.se.impl.javax.rmi.CORBA.Util javax.rmi.CORBA.Tie getTie(java.rmi.Remote)'>
        <annotation name='com.intellij.inspections.tainted.annotation.equation.Equations'>
            <val val="{ &quot;target := javax.rmi.CORBA.UtilDelegate#getTie(java.rmi.Remote)#0 &amp; javax.rmi.CORBA.UtilDelegate#getTie(java.rmi.Remote)#0&quot; }"/>
        </annotation>
    </item>
    <item name='com.sun.corba.se.impl.javax.rmi.CORBA.Util javax.rmi.CORBA.Tie lookupTie(java.rmi.Remote)'>
        <annotation name='com.intellij.inspections.tainted.annotation.equation.Equations'>
            <val val="{ &quot;target := #registerTarget(javax.rmi.CORBA.Tie, java.rmi.Remote)#1 &amp; #unexportObject(java.rmi.Remote)#0 &amp; #getTie(java.rmi.Remote)#0&quot;, &quot;lookupTie := target&quot; }"/>
        </annotation>
    </item>
    <item name='com.sun.corba.se.impl.javax.rmi.CORBA.Util void registerTarget(javax.rmi.CORBA.Tie, java.rmi.Remote)'>
        <annotation name='com.intellij.inspections.tainted.annotation.equation.Equations'>
            <val val="{ &quot;tie := javax.rmi.CORBA.UtilDelegate#registerTarget(javax.rmi.CORBA.Tie, java.rmi.Remote)#0 &amp; javax.rmi.CORBA.UtilDelegate#registerTarget(javax.rmi.CORBA.Tie, java.rmi.Remote)#0&quot;, &quot;target := javax.rmi.CORBA.UtilDelegate#registerTarget(javax.rmi.CORBA.Tie, java.rmi.Remote)#1 &amp; javax.rmi.CORBA.UtilDelegate#registerTarget(javax.rmi.CORBA.Tie, java.rmi.Remote)#1&quot; }"/>
        </annotation>
    </item>
    <item name='com.sun.corba.se.impl.javax.rmi.CORBA.Util void unexportObject(java.rmi.Remote)'>
        <annotation name='com.intellij.inspections.tainted.annotation.equation.Equations'>
            <val val="{ &quot;target := javax.rmi.CORBA.UtilDelegate#unexportObject(java.rmi.Remote)#0 &amp; javax.rmi.CORBA.UtilDelegate#unexportObject(java.rmi.Remote)#0&quot; }"/>
        </annotation>
    </item>
    <item name='com.sun.corba.se.impl.javax.rmi.CORBA.Util void writeAbstractObject(org.omg.CORBA.portable.OutputStream, java.lang.Object)'>
        <annotation name='com.intellij.inspections.tainted.annotation.equation.Equations'>
            <val val="{ &quot;obj := javax.rmi.CORBA.UtilDelegate#writeAbstractObject(org.omg.CORBA.portable.OutputStream, java.lang.Object)#1 &amp; javax.rmi.CORBA.UtilDelegate#writeAbstractObject(org.omg.CORBA.portable.OutputStream, java.lang.Object)#1&quot;, &quot;out := javax.rmi.CORBA.UtilDelegate#writeAbstractObject(org.omg.CORBA.portable.OutputStream, java.lang.Object)#0 &amp; javax.rmi.CORBA.UtilDelegate#writeAbstractObject(org.omg.CORBA.portable.OutputStream, java.lang.Object)#0&quot; }"/>
        </annotation>
    </item>
    <item name='com.sun.corba.se.impl.javax.rmi.CORBA.Util void writeAny(org.omg.CORBA.portable.OutputStream, java.lang.Object)'>
        <annotation name='com.intellij.inspections.tainted.annotation.equation.Equations'>
            <val val="{ &quot;out := javax.rmi.CORBA.UtilDelegate#writeAny(org.omg.CORBA.portable.OutputStream, java.lang.Object)#0 &amp; javax.rmi.CORBA.UtilDelegate#writeAny(org.omg.CORBA.portable.OutputStream, java.lang.Object)#0&quot;, &quot;obj := javax.rmi.CORBA.UtilDelegate#writeAny(org.omg.CORBA.portable.OutputStream, java.lang.Object)#1 &amp; javax.rmi.CORBA.UtilDelegate#writeAny(org.omg.CORBA.portable.OutputStream, java.lang.Object)#1&quot; }"/>
        </annotation>
    </item>
    <item name='com.sun.corba.se.impl.javax.rmi.CORBA.Util void writeRemoteObject(org.omg.CORBA.portable.OutputStream, java.lang.Object)'>
        <annotation name='com.intellij.inspections.tainted.annotation.equation.Equations'>
            <val val="{ &quot;obj := javax.rmi.CORBA.UtilDelegate#writeRemoteObject(org.omg.CORBA.portable.OutputStream, java.lang.Object)#1 &amp; javax.rmi.CORBA.UtilDelegate#writeRemoteObject(org.omg.CORBA.portable.OutputStream, java.lang.Object)#1&quot;, &quot;out := javax.rmi.CORBA.UtilDelegate#writeRemoteObject(org.omg.CORBA.portable.OutputStream, java.lang.Object)#0 &amp; javax.rmi.CORBA.UtilDelegate#writeRemoteObject(org.omg.CORBA.portable.OutputStream, java.lang.Object)#0&quot; }"/>
        </annotation>
    </item>
</root>