<root>
    <item name='com.sun.org.apache.xalan.internal.extensions.ExpressionContext com.sun.org.apache.xpath.internal.XPathContext getXPathContext()'>
        <annotation name='com.intellij.inspections.tainted.annotation.equation.Equations'>
            <val val="{ &quot;getXPathContext := com.sun.org.apache.xpath.internal.XPathContext.XPathExpressionContext#getXPathContext()&quot; }"/>
        </annotation>
    </item>
    <item name='com.sun.org.apache.xalan.internal.extensions.ExpressionContext com.sun.org.apache.xpath.internal.objects.XObject getVariableOrParam(com.sun.org.apache.xml.internal.utils.QName)'>
        <annotation name='com.intellij.inspections.tainted.annotation.equation.Equations'>
            <val val="{ &quot;getVariableOrParam := com.sun.org.apache.xpath.internal.XPathContext.XPathExpressionContext#getVariableOrParam(com.sun.org.apache.xml.internal.utils.QName)&quot; }"/>
        </annotation>
    </item>
    <item name='com.sun.org.apache.xalan.internal.extensions.ExpressionContext double toNumber(org.w3c.dom.Node)'>
        <annotation name='com.intellij.inspections.tainted.annotation.equation.Equations'>
            <val val="{ &quot;toNumber := com.sun.org.apache.xpath.internal.XPathContext.XPathExpressionContext#toNumber(org.w3c.dom.Node)&quot; }"/>
        </annotation>
    </item>
    <item name='com.sun.org.apache.xalan.internal.extensions.ExpressionContext java.lang.String toString(org.w3c.dom.Node)'>
        <annotation name='com.intellij.inspections.tainted.annotation.equation.Equations'>
            <val val="{ &quot;toString := com.sun.org.apache.xpath.internal.XPathContext.XPathExpressionContext#toString(org.w3c.dom.Node)&quot; }"/>
        </annotation>
    </item>
    <item name='com.sun.org.apache.xalan.internal.extensions.ExpressionContext javax.xml.transform.ErrorListener getErrorListener()'>
        <annotation name='com.intellij.inspections.tainted.annotation.equation.Equations'>
            <val val="{ &quot;getErrorListener := com.sun.org.apache.xpath.internal.XPathContext.XPathExpressionContext#getErrorListener()&quot; }"/>
        </annotation>
    </item>
    <item name='com.sun.org.apache.xalan.internal.extensions.ExpressionContext org.w3c.dom.Node getContextNode()'>
        <annotation name='com.intellij.inspections.tainted.annotation.equation.Equations'>
            <val val="{ &quot;getContextNode := com.sun.org.apache.xpath.internal.XPathContext.XPathExpressionContext#getContextNode()&quot; }"/>
        </annotation>
    </item>
    <item name='com.sun.org.apache.xalan.internal.extensions.ExpressionContext org.w3c.dom.traversal.NodeIterator getContextNodes()'>
        <annotation name='com.intellij.inspections.tainted.annotation.equation.Equations'>
            <val val="{ &quot;getContextNodes := com.sun.org.apache.xpath.internal.XPathContext.XPathExpressionContext#getContextNodes()&quot; }"/>
        </annotation>
    </item>
</root>