<root>
    <item name='com.sun.org.apache.xml.internal.security.utils.resolver.ResourceResolver'>
        <annotation name='com.intellij.inspections.tainted.annotation.equation.Equations'>
            <val val="{ &quot;ResourceResolver := &quot; }"/>
        </annotation>
    </item>
    <item name='com.sun.org.apache.xml.internal.security.utils.resolver.ResourceResolver ResourceResolver(com.sun.org.apache.xml.internal.security.utils.resolver.ResourceResolverSpi)'>
        <annotation name='com.intellij.inspections.tainted.annotation.equation.Equations'>
            <val val="{ &quot;ResourceResolver := ResourceResolver&quot;, &quot;resourceResolver := #register(com.sun.org.apache.xml.internal.security.utils.resolver.ResourceResolverSpi, boolean)#0 &amp; com.sun.org.apache.xml.internal.security.signature.Manifest#addResourceResolver(com.sun.org.apache.xml.internal.security.utils.resolver.ResourceResolverSpi)#0&quot; }"/>
        </annotation>
    </item>
    <item name='com.sun.org.apache.xml.internal.security.utils.resolver.ResourceResolver boolean canResolve(com.sun.org.apache.xml.internal.security.utils.resolver.ResourceResolverContext)'>
        <annotation name='com.intellij.inspections.tainted.annotation.equation.Equations'>
            <val val="{ &quot;context := #internalGetInstance(com.sun.org.apache.xml.internal.security.utils.resolver.ResourceResolverContext)#0&quot; }"/>
        </annotation>
    </item>
    <item name='com.sun.org.apache.xml.internal.security.utils.resolver.ResourceResolver com.sun.org.apache.xml.internal.security.signature.XMLSignatureInput resolve(org.w3c.dom.Attr, java.lang.String, boolean)'>
        <annotation name='com.intellij.inspections.tainted.annotation.equation.Equations'>
            <val val="{ &quot;baseURI := com.sun.org.apache.xml.internal.security.keys.keyresolver.implementations.RetrievalMethodResolver#resolveInput(com.sun.org.apache.xml.internal.security.keys.content.RetrievalMethod, java.lang.String, boolean)#1 &amp; com.sun.org.apache.xml.internal.security.keys.keyresolver.implementations.KeyInfoReferenceResolver#resolveInput(org.w3c.dom.Attr, java.lang.String, boolean)#1 &amp; #resolve(org.w3c.dom.Attr, java.lang.String)#1 &amp; com.sun.org.apache.xml.internal.security.signature.Reference &amp; com.sun.org.apache.xml.internal.security.keys.keyresolver.implementations.KeyInfoReferenceResolver#resolveInput(org.w3c.dom.Attr, java.lang.String, boolean)#1 &amp; com.sun.org.apache.xml.internal.security.keys.keyresolver.implementations.RetrievalMethodResolver#resolveInput(com.sun.org.apache.xml.internal.security.keys.content.RetrievalMethod, java.lang.String, boolean)#1&quot;, &quot;uri := com.sun.org.apache.xml.internal.security.keys.keyresolver.implementations.KeyInfoReferenceResolver#resolveInput(org.w3c.dom.Attr, java.lang.String, boolean)#0 &amp; #resolve(org.w3c.dom.Attr, java.lang.String)#0 &amp; com.sun.org.apache.xml.internal.security.keys.keyresolver.implementations.KeyInfoReferenceResolver#resolveInput(org.w3c.dom.Attr, java.lang.String, boolean)#0&quot; }"/>
        </annotation>
    </item>
    <item name='com.sun.org.apache.xml.internal.security.utils.resolver.ResourceResolver com.sun.org.apache.xml.internal.security.utils.resolver.ResourceResolver getInstance(org.w3c.dom.Attr, java.lang.String, boolean)'>
        <annotation name='com.intellij.inspections.tainted.annotation.equation.Equations'>
            <val val="{ &quot;uriAttr := com.sun.org.apache.xml.internal.security.keys.keyresolver.implementations.KeyInfoReferenceResolver#resolveInput(org.w3c.dom.Attr, java.lang.String, boolean)#0 &amp; #getInstance(org.w3c.dom.Attr, java.lang.String)#0 &amp; com.sun.org.apache.xml.internal.security.keys.keyresolver.implementations.KeyInfoReferenceResolver#resolveInput(org.w3c.dom.Attr, java.lang.String, boolean)#0&quot;, &quot;baseURI := com.sun.org.apache.xml.internal.security.keys.keyresolver.implementations.RetrievalMethodResolver#resolveInput(com.sun.org.apache.xml.internal.security.keys.content.RetrievalMethod, java.lang.String, boolean)#1 &amp; com.sun.org.apache.xml.internal.security.keys.keyresolver.implementations.KeyInfoReferenceResolver#resolveInput(org.w3c.dom.Attr, java.lang.String, boolean)#1 &amp; #getInstance(org.w3c.dom.Attr, java.lang.String)#1 &amp; com.sun.org.apache.xml.internal.security.keys.keyresolver.implementations.KeyInfoReferenceResolver#resolveInput(org.w3c.dom.Attr, java.lang.String, boolean)#1 &amp; com.sun.org.apache.xml.internal.security.keys.keyresolver.implementations.RetrievalMethodResolver#resolveInput(com.sun.org.apache.xml.internal.security.keys.content.RetrievalMethod, java.lang.String, boolean)#1&quot; }"/>
        </annotation>
    </item>
    <item name='com.sun.org.apache.xml.internal.security.utils.resolver.ResourceResolver com.sun.org.apache.xml.internal.security.utils.resolver.ResourceResolver getInstance(org.w3c.dom.Attr, java.lang.String, java.util.List&lt;com.sun.org.apache.xml.internal.security.utils.resolver.ResourceResolver&gt;, boolean)'>
        <annotation name='com.intellij.inspections.tainted.annotation.equation.Equations'>
            <val val="{ &quot;individualResolvers := #getInstance(org.w3c.dom.Attr, java.lang.String, java.util.List)#2&quot;, &quot;uri := #getInstance(org.w3c.dom.Attr, java.lang.String, java.util.List)#0&quot;, &quot;baseURI := #getInstance(org.w3c.dom.Attr, java.lang.String, java.util.List)#1 &amp; com.sun.org.apache.xml.internal.security.signature.Reference&quot; }"/>
        </annotation>
    </item>
    <item name='com.sun.org.apache.xml.internal.security.utils.resolver.ResourceResolver com.sun.org.apache.xml.internal.security.utils.resolver.ResourceResolver internalGetInstance(com.sun.org.apache.xml.internal.security.utils.resolver.ResourceResolverContext)'>
        <annotation name='com.intellij.inspections.tainted.annotation.equation.Equations'>
            <val val="{ &quot;internalGetInstance := ResourceResolver&quot; }"/>
        </annotation>
    </item>
    <item name='com.sun.org.apache.xml.internal.security.utils.resolver.ResourceResolver void register(java.lang.Class&lt;? extends com.sun.org.apache.xml.internal.security.utils.resolver.ResourceResolverSpi&gt;, boolean)'>
        <annotation name='com.intellij.inspections.tainted.annotation.equation.Equations'>
            <val val="{ &quot;className := &quot; }"/>
        </annotation>
    </item>
    <item name='com.sun.org.apache.xml.internal.security.utils.resolver.ResourceResolverException ResourceResolverException(java.lang.String, java.lang.Exception, org.w3c.dom.Attr, java.lang.String)'>
        <annotation name='com.intellij.inspections.tainted.annotation.equation.Equations'>
            <val val="{ &quot;ResourceResolverException := ResourceResolverException&quot; }"/>
        </annotation>
    </item>
    <item name='com.sun.org.apache.xml.internal.security.utils.resolver.ResourceResolverException ResourceResolverException(java.lang.String, java.lang.Object[], java.lang.Exception, org.w3c.dom.Attr, java.lang.String)'>
        <annotation name='com.intellij.inspections.tainted.annotation.equation.Equations'>
            <val val="{ &quot;ResourceResolverException := ResourceResolverException&quot; }"/>
        </annotation>
    </item>
    <item name='com.sun.org.apache.xml.internal.security.utils.resolver.ResourceResolverException ResourceResolverException(java.lang.String, java.lang.Object[], org.w3c.dom.Attr, java.lang.String)'>
        <annotation name='com.intellij.inspections.tainted.annotation.equation.Equations'>
            <val val="{ &quot;ResourceResolverException := ResourceResolverException&quot; }"/>
        </annotation>
    </item>
    <item name='com.sun.org.apache.xml.internal.security.utils.resolver.ResourceResolverException ResourceResolverException(java.lang.String, org.w3c.dom.Attr, java.lang.String)'>
        <annotation name='com.intellij.inspections.tainted.annotation.equation.Equations'>
            <val val="{ &quot;ResourceResolverException := ResourceResolverException&quot; }"/>
        </annotation>
    </item>
    <item name='com.sun.org.apache.xml.internal.security.utils.resolver.ResourceResolverSpi boolean engineCanResolveURI(com.sun.org.apache.xml.internal.security.utils.resolver.ResourceResolverContext)'>
        <annotation name='com.intellij.inspections.tainted.annotation.equation.Equations'>
            <val val="{ &quot;context := com.sun.org.apache.xml.internal.security.utils.resolver.implementations.ResolverLocalFilesystem#engineCanResolveURI(com.sun.org.apache.xml.internal.security.utils.resolver.ResourceResolverContext)#0 &amp; com.sun.org.apache.xml.internal.security.utils.resolver.implementations.ResolverXPointer#engineCanResolveURI(com.sun.org.apache.xml.internal.security.utils.resolver.ResourceResolverContext)#0 &amp; com.sun.org.apache.xml.internal.security.utils.resolver.implementations.ResolverDirectHTTP#engineCanResolveURI(com.sun.org.apache.xml.internal.security.utils.resolver.ResourceResolverContext)#0 &amp; com.sun.org.apache.xml.internal.security.utils.resolver.implementations.ResolverAnonymous#engineCanResolveURI(com.sun.org.apache.xml.internal.security.utils.resolver.ResourceResolverContext)#0 &amp; com.sun.org.apache.xml.internal.security.utils.resolver.implementations.ResolverFragment#engineCanResolveURI(com.sun.org.apache.xml.internal.security.utils.resolver.ResourceResolverContext)#0 &amp; com.sun.org.apache.xml.internal.security.utils.resolver.implementations.ResolverLocalFilesystem#engineCanResolveURI(com.sun.org.apache.xml.internal.security.utils.resolver.ResourceResolverContext)#0 &amp; com.sun.org.apache.xml.internal.security.utils.resolver.implementations.ResolverXPointer#engineCanResolveURI(com.sun.org.apache.xml.internal.security.utils.resolver.ResourceResolverContext)#0 &amp; com.sun.org.apache.xml.internal.security.utils.resolver.implementations.ResolverFragment#engineCanResolveURI(com.sun.org.apache.xml.internal.security.utils.resolver.ResourceResolverContext)#0 &amp; com.sun.org.apache.xml.internal.security.utils.resolver.implementations.ResolverDirectHTTP#engineCanResolveURI(com.sun.org.apache.xml.internal.security.utils.resolver.ResourceResolverContext)#0&quot; }"/>
        </annotation>
    </item>
    <item name='com.sun.org.apache.xml.internal.security.utils.resolver.ResourceResolverSpi boolean understandsProperty(java.lang.String)'>
        <annotation name='com.intellij.inspections.tainted.annotation.equation.Equations'>
            <val val="{ &quot;propertyToTest := ResourceResolver#understandsProperty(java.lang.String)#0&quot; }"/>
        </annotation>
    </item>
    <item name='com.sun.org.apache.xml.internal.security.utils.resolver.ResourceResolverSpi com.sun.org.apache.xml.internal.security.signature.XMLSignatureInput engineResolveURI(com.sun.org.apache.xml.internal.security.utils.resolver.ResourceResolverContext)'>
        <annotation name='com.intellij.inspections.tainted.annotation.equation.Equations'>
            <val val="{ &quot;engineResolveURI := com.sun.org.apache.xml.internal.security.utils.resolver.implementations.ResolverFragment#engineResolveURI(com.sun.org.apache.xml.internal.security.utils.resolver.ResourceResolverContext) &amp; com.sun.org.apache.xml.internal.security.utils.resolver.implementations.ResolverXPointer#engineResolveURI(com.sun.org.apache.xml.internal.security.utils.resolver.ResourceResolverContext) &amp; com.sun.org.apache.xml.internal.security.utils.resolver.implementations.ResolverAnonymous#engineResolveURI(com.sun.org.apache.xml.internal.security.utils.resolver.ResourceResolverContext) &amp; com.sun.org.apache.xml.internal.security.utils.resolver.implementations.ResolverLocalFilesystem#engineResolveURI(com.sun.org.apache.xml.internal.security.utils.resolver.ResourceResolverContext) &amp; com.sun.org.apache.xml.internal.security.utils.resolver.implementations.ResolverDirectHTTP#engineResolveURI(com.sun.org.apache.xml.internal.security.utils.resolver.ResourceResolverContext)&quot;, &quot;context := com.sun.org.apache.xml.internal.security.utils.resolver.implementations.ResolverFragment#engineResolveURI(com.sun.org.apache.xml.internal.security.utils.resolver.ResourceResolverContext)#0 &amp; com.sun.org.apache.xml.internal.security.utils.resolver.implementations.ResolverXPointer#engineResolveURI(com.sun.org.apache.xml.internal.security.utils.resolver.ResourceResolverContext)#0 &amp; com.sun.org.apache.xml.internal.security.utils.resolver.implementations.ResolverAnonymous#engineResolveURI(com.sun.org.apache.xml.internal.security.utils.resolver.ResourceResolverContext)#0 &amp; com.sun.org.apache.xml.internal.security.utils.resolver.implementations.ResolverLocalFilesystem#engineResolveURI(com.sun.org.apache.xml.internal.security.utils.resolver.ResourceResolverContext)#0 &amp; com.sun.org.apache.xml.internal.security.utils.resolver.implementations.ResolverDirectHTTP#engineResolveURI(com.sun.org.apache.xml.internal.security.utils.resolver.ResourceResolverContext)#0&quot; }"/>
        </annotation>
    </item>
    <item name='com.sun.org.apache.xml.internal.security.utils.resolver.ResourceResolverSpi java.lang.String engineGetProperty(java.lang.String)'>
        <annotation name='com.intellij.inspections.tainted.annotation.equation.Equations'>
            <val val="{ &quot;key := com.sun.org.apache.xml.internal.security.utils.resolver.implementations.ResolverDirectHTTP#properties &amp; ResourceResolver#getProperty(java.lang.String)#0 &amp; com.sun.org.apache.xml.internal.security.utils.resolver.implementations.ResolverDirectHTTP#properties&quot; }"/>
        </annotation>
    </item>
    <item name='com.sun.org.apache.xml.internal.security.utils.resolver.ResourceResolverSpi java.lang.String fixURI(java.lang.String)'>
        <annotation name='com.intellij.inspections.tainted.annotation.equation.Equations'>
            <val val="{ &quot;fixURI := str&quot; }"/>
        </annotation>
    </item>
    <item name='com.sun.org.apache.xml.internal.security.utils.resolver.ResourceResolverSpi java.lang.String[] engineGetPropertyKeys()'>
        <annotation name='com.intellij.inspections.tainted.annotation.equation.Equations'>
            <val val="{ &quot;engineGetPropertyKeys := com.sun.org.apache.xml.internal.security.utils.resolver.implementations.ResolverDirectHTTP#engineGetPropertyKeys() &amp; com.sun.org.apache.xml.internal.security.utils.resolver.implementations.ResolverAnonymous#engineGetPropertyKeys() &amp; com.sun.org.apache.xml.internal.security.utils.resolver.implementations.ResolverDirectHTTP#engineGetPropertyKeys()&quot; }"/>
        </annotation>
    </item>
    <item name='com.sun.org.apache.xml.internal.security.utils.resolver.ResourceResolverSpi void engineAddProperies(java.util.Map&lt;java.lang.String,java.lang.String&gt;)'>
        <annotation name='com.intellij.inspections.tainted.annotation.equation.Equations'>
            <val val="{ &quot;newProperties := ResourceResolver#addProperties(java.util.Map)#0&quot; }"/>
        </annotation>
    </item>
    <item name='com.sun.org.apache.xml.internal.security.utils.resolver.ResourceResolverSpi void engineSetProperty(java.lang.String, java.lang.String)'>
        <annotation name='com.intellij.inspections.tainted.annotation.equation.Equations'>
            <val val="{ &quot;value := ResourceResolver#setProperty(java.lang.String, java.lang.String)#1&quot;, &quot;key := ResourceResolver#setProperty(java.lang.String, java.lang.String)#0&quot; }"/>
        </annotation>
    </item>
</root>