<root>
    <item name='com.sun.corba.se.impl.orb.AppletDataCollector AppletDataCollector(java.applet.Applet, java.util.Properties, java.lang.String, java.lang.String)'>
        <annotation name='com.intellij.inspections.tainted.annotation.equation.Equations'>
            <val val="{ &quot;localHostName := DataCollectorFactory#create(java.applet.Applet, java.util.Properties, java.lang.String)#2&quot;, &quot;app := DataCollectorFactory#create(java.applet.Applet, java.util.Properties, java.lang.String)#0&quot;, &quot;props := DataCollectorFactory#create(java.applet.Applet, java.util.Properties, java.lang.String)#1&quot;, &quot;AppletDataCollector := AppletDataCollector&quot;, &quot;configurationHostName := DataCollectorFactory#create(java.applet.Applet, java.util.Properties, java.lang.String)#2&quot; }"/>
        </annotation>
    </item>
    <item name='com.sun.corba.se.impl.orb.DataCollectorBase DataCollectorBase(java.util.Properties, java.lang.String, java.lang.String)'>
        <annotation name='com.intellij.inspections.tainted.annotation.equation.Equations'>
            <val val="{ &quot;DataCollectorBase := DataCollectorBase&quot;, &quot;configurationHostName := AppletDataCollector#AppletDataCollector(java.applet.Applet, java.util.Properties, java.lang.String, java.lang.String)#3 &amp; NormalDataCollector#NormalDataCollector(java.lang.String[], java.util.Properties, java.lang.String, java.lang.String)#3 &amp; PropertyOnlyDataCollector#PropertyOnlyDataCollector(java.util.Properties, java.lang.String, java.lang.String)#2&quot;, &quot;props := AppletDataCollector#AppletDataCollector(java.applet.Applet, java.util.Properties, java.lang.String, java.lang.String)#1 &amp; NormalDataCollector#NormalDataCollector(java.lang.String[], java.util.Properties, java.lang.String, java.lang.String)#1 &amp; PropertyOnlyDataCollector#PropertyOnlyDataCollector(java.util.Properties, java.lang.String, java.lang.String)#0&quot;, &quot;localHostName := AppletDataCollector#AppletDataCollector(java.applet.Applet, java.util.Properties, java.lang.String, java.lang.String)#2 &amp; NormalDataCollector#NormalDataCollector(java.lang.String[], java.util.Properties, java.lang.String, java.lang.String)#2 &amp; PropertyOnlyDataCollector#PropertyOnlyDataCollector(java.util.Properties, java.lang.String, java.lang.String)#1&quot; }"/>
        </annotation>
    </item>
    <item name='com.sun.corba.se.impl.orb.DataCollectorBase java.lang.String findMatchingPropertyName(java.util.Set, java.lang.String)'>
        <annotation name='com.intellij.inspections.tainted.annotation.equation.Equations'>
            <val val="{ &quot;names := DataCollectorBase&quot; }"/>
        </annotation>
    </item>
    <item name='com.sun.corba.se.impl.orb.DataCollectorBase java.lang.String getSystemProperty(java.lang.String)'>
        <annotation name='com.intellij.inspections.tainted.annotation.equation.Equations'>
            <val val="{ &quot;name := &quot; }"/>
        </annotation>
    </item>
    <item name='com.sun.corba.se.impl.orb.DataCollectorBase java.util.Properties getProperties()'>
        <annotation name='com.intellij.inspections.tainted.annotation.equation.Equations'>
            <val val="{ &quot;getProperties := DataCollectorBase&quot; }"/>
        </annotation>
    </item>
    <item name='com.sun.corba.se.impl.orb.DataCollectorBase java.util.Set getCORBAPrefixes(java.util.Set)'>
        <annotation name='com.intellij.inspections.tainted.annotation.equation.Equations'>
            <val val="{ &quot;prefixes := DataCollectorBase&quot; }"/>
        </annotation>
    </item>
    <item name='com.sun.corba.se.impl.orb.DataCollectorBase void doProperties(java.util.Properties)'>
        <annotation name='com.intellij.inspections.tainted.annotation.equation.Equations'>
            <val val="{ &quot;props := DataCollectorBase&quot; }"/>
        </annotation>
    </item>
    <item name='com.sun.corba.se.impl.orb.DataCollectorBase void findPropertiesByName(java.util.Iterator, com.sun.corba.se.impl.orb.PropertyCallback)'>
        <annotation name='com.intellij.inspections.tainted.annotation.equation.Equations'>
            <val val="{ &quot;getProperty := &quot;, &quot;names := &quot; }"/>
        </annotation>
    </item>
    <item name='com.sun.corba.se.impl.orb.DataCollectorBase void findPropertiesByPrefix(java.util.Set, java.util.Iterator, com.sun.corba.se.impl.orb.PropertyCallback)'>
        <annotation name='com.intellij.inspections.tainted.annotation.equation.Equations'>
            <val val="{ &quot;getProperty := &quot;, &quot;prefixes := DataCollectorBase&quot;, &quot;propertyNames := &quot; }"/>
        </annotation>
    </item>
    <item name='com.sun.corba.se.impl.orb.DataCollectorBase void findPropertiesFromApplet(java.applet.Applet)'>
        <annotation name='com.intellij.inspections.tainted.annotation.equation.Equations'>
            <val val="{ &quot;app := AppletDataCollector&quot; }"/>
        </annotation>
    </item>
    <item name='com.sun.corba.se.impl.orb.DataCollectorBase void findPropertiesFromArgs(java.lang.String[])'>
        <annotation name='com.intellij.inspections.tainted.annotation.equation.Equations'>
            <val val="{ &quot;params := NormalDataCollector&quot; }"/>
        </annotation>
    </item>
    <item name='com.sun.corba.se.impl.orb.DataCollectorBase void getPropertiesFromFile(java.util.Properties, java.lang.String)'>
        <annotation name='com.intellij.inspections.tainted.annotation.equation.Equations'>
            <val val="{ &quot;fileName := java.io.File#separator&quot; }"/>
        </annotation>
    </item>
    <item name='com.sun.corba.se.impl.orb.DataCollectorBase void setProperty(java.lang.String, java.lang.String)'>
        <annotation name='com.intellij.inspections.tainted.annotation.equation.Equations'>
            <val val="{ &quot;value := DataCollectorBase &amp; com.sun.corba.se.impl.orbutil.ORBConstants#LISTEN_ON_ALL_INTERFACES &amp; #findPropertiesFromArgs(java.lang.String[])#0&quot;, &quot;name := com.sun.corba.se.impl.orbutil.ORBConstants#INITIAL_HOST_PROPERTY &amp; com.sun.corba.se.impl.orbutil.ORBConstants#SERVER_HOST_PROPERTY &amp; com.sun.corba.se.impl.orbutil.ORBConstants#LISTEN_ON_ALL_INTERFACES&quot; }"/>
        </annotation>
    </item>
    <item name='com.sun.corba.se.impl.orb.DataCollectorFactory com.sun.corba.se.spi.orb.DataCollector create(java.applet.Applet, java.util.Properties, java.lang.String)'>
        <annotation name='com.intellij.inspections.tainted.annotation.equation.Equations'>
            <val val="{ &quot;app := ORBImpl#set_parameters(java.applet.Applet, java.util.Properties)#0&quot;, &quot;localHostName := &quot;, &quot;props := ORBImpl#set_parameters(java.applet.Applet, java.util.Properties)#1&quot; }"/>
        </annotation>
    </item>
    <item name='com.sun.corba.se.impl.orb.DataCollectorFactory com.sun.corba.se.spi.orb.DataCollector create(java.lang.String[], java.util.Properties, java.lang.String)'>
        <annotation name='com.intellij.inspections.tainted.annotation.equation.Equations'>
            <val val="{ &quot;localHostName := &quot;, &quot;args := ORBImpl#set_parameters(java.lang.String[], java.util.Properties)#0&quot;, &quot;props := ORBImpl#set_parameters(java.lang.String[], java.util.Properties)#1&quot; }"/>
        </annotation>
    </item>
    <item name='com.sun.corba.se.impl.orb.DataCollectorFactory com.sun.corba.se.spi.orb.DataCollector create(java.util.Properties, java.lang.String)'>
        <annotation name='com.intellij.inspections.tainted.annotation.equation.Equations'>
            <val val="{ &quot;props := ORBImpl#set_parameters(java.util.Properties)#0&quot;, &quot;localHostName := &quot; }"/>
        </annotation>
    </item>
    <item name='com.sun.corba.se.impl.orb.NormalDataCollector NormalDataCollector(java.lang.String[], java.util.Properties, java.lang.String, java.lang.String)'>
        <annotation name='com.intellij.inspections.tainted.annotation.equation.Equations'>
            <val val="{ &quot;NormalDataCollector := NormalDataCollector&quot;, &quot;configurationHostName := DataCollectorFactory#create(java.lang.String[], java.util.Properties, java.lang.String)#2&quot;, &quot;args := DataCollectorFactory#create(java.lang.String[], java.util.Properties, java.lang.String)#0&quot;, &quot;props := DataCollectorFactory#create(java.lang.String[], java.util.Properties, java.lang.String)#1&quot;, &quot;localHostName := DataCollectorFactory#create(java.lang.String[], java.util.Properties, java.lang.String)#2&quot; }"/>
        </annotation>
    </item>
    <item name='com.sun.corba.se.impl.orb.NormalParserAction NormalParserAction(java.lang.String, com.sun.corba.se.spi.orb.Operation, java.lang.String)'>
        <annotation name='com.intellij.inspections.tainted.annotation.equation.Equations'>
            <val val="{ &quot;propertyName := ParserActionFactory#makeNormalAction(java.lang.String, com.sun.corba.se.spi.orb.Operation, java.lang.String)#0&quot;, &quot;operation := ParserActionFactory#makeNormalAction(java.lang.String, com.sun.corba.se.spi.orb.Operation, java.lang.String)#1&quot;, &quot;NormalParserAction := NormalParserAction&quot;, &quot;fieldName := ParserActionFactory#makeNormalAction(java.lang.String, com.sun.corba.se.spi.orb.Operation, java.lang.String)#2&quot; }"/>
        </annotation>
    </item>
    <item name='com.sun.corba.se.impl.orb.NormalParserData NormalParserData(java.lang.String, com.sun.corba.se.spi.orb.Operation, java.lang.String, java.lang.Object, java.lang.Object, java.lang.String)'>
        <annotation name='com.intellij.inspections.tainted.annotation.equation.Equations'>
            <val val="{ &quot;testData := com.sun.corba.se.spi.orb.ParserDataFactory#make(java.lang.String, com.sun.corba.se.spi.orb.Operation, java.lang.String, java.lang.Object, java.lang.Object, java.lang.String)#5&quot;, &quot;propertyName := com.sun.corba.se.spi.orb.ParserDataFactory#make(java.lang.String, com.sun.corba.se.spi.orb.Operation, java.lang.String, java.lang.Object, java.lang.Object, java.lang.String)#0&quot;, &quot;fieldName := com.sun.corba.se.spi.orb.ParserDataFactory#make(java.lang.String, com.sun.corba.se.spi.orb.Operation, java.lang.String, java.lang.Object, java.lang.Object, java.lang.String)#2&quot;, &quot;operation := com.sun.corba.se.spi.orb.ParserDataFactory#make(java.lang.String, com.sun.corba.se.spi.orb.Operation, java.lang.String, java.lang.Object, java.lang.Object, java.lang.String)#1&quot;, &quot;testValue := com.sun.corba.se.spi.orb.ParserDataFactory#make(java.lang.String, com.sun.corba.se.spi.orb.Operation, java.lang.String, java.lang.Object, java.lang.Object, java.lang.String)#4&quot;, &quot;NormalParserData := NormalParserData&quot;, &quot;defaultValue := com.sun.corba.se.spi.orb.ParserDataFactory#make(java.lang.String, com.sun.corba.se.spi.orb.Operation, java.lang.String, java.lang.Object, java.lang.Object, java.lang.String)#3&quot; }"/>
        </annotation>
    </item>
    <item name='com.sun.corba.se.impl.orb.ORBConfiguratorImpl'>
        <annotation name='com.intellij.inspections.tainted.annotation.equation.Equations'>
            <val val="{ &quot;ORBConfiguratorImpl := &quot; }"/>
        </annotation>
    </item>
    <item name='com.sun.corba.se.impl.orb.ORBConfiguratorImpl void createAndRegisterAcceptor(com.sun.corba.se.spi.orb.ORB, com.sun.corba.se.spi.legacy.connection.ORBSocketFactory, int, java.lang.String, java.lang.String)'>
        <annotation name='com.intellij.inspections.tainted.annotation.equation.Equations'>
            <val val="{ &quot;orb := #initializeTransport(com.sun.corba.se.spi.orb.ORB)#0&quot;, &quot;name := com.sun.corba.se.spi.legacy.connection.LegacyServerSocketEndPointInfo#DEFAULT_ENDPOINT &amp; com.sun.corba.se.spi.legacy.connection.LegacyServerSocketEndPointInfo#NO_NAME&quot;, &quot;type := com.sun.corba.se.spi.transport.SocketInfo#IIOP_CLEAR_TEXT&quot; }"/>
        </annotation>
    </item>
    <item name='com.sun.corba.se.impl.orb.ORBConfiguratorImpl void initIORFinders(com.sun.corba.se.spi.orb.ORB)'>
        <annotation name='com.intellij.inspections.tainted.annotation.equation.Equations'>
            <val val="{ &quot;orb := #configure(com.sun.corba.se.spi.orb.DataCollector, com.sun.corba.se.spi.orb.ORB)#1&quot; }"/>
        </annotation>
    </item>
    <item name='com.sun.corba.se.impl.orb.ORBConfiguratorImpl void initObjectCopiers(com.sun.corba.se.spi.orb.ORB)'>
        <annotation name='com.intellij.inspections.tainted.annotation.equation.Equations'>
            <val val="{ &quot;orb := #configure(com.sun.corba.se.spi.orb.DataCollector, com.sun.corba.se.spi.orb.ORB)#1&quot; }"/>
        </annotation>
    </item>
    <item name='com.sun.corba.se.impl.orb.ORBConfiguratorImpl void initRequestDispatcherRegistry(com.sun.corba.se.spi.orb.ORB)'>
        <annotation name='com.intellij.inspections.tainted.annotation.equation.Equations'>
            <val val="{ &quot;orb := #configure(com.sun.corba.se.spi.orb.DataCollector, com.sun.corba.se.spi.orb.ORB)#1&quot; }"/>
        </annotation>
    </item>
    <item name='com.sun.corba.se.impl.orb.ORBConfiguratorImpl void initServiceContextRegistry(com.sun.corba.se.spi.orb.ORB)'>
        <annotation name='com.intellij.inspections.tainted.annotation.equation.Equations'>
            <val val="{ &quot;orb := #configure(com.sun.corba.se.spi.orb.DataCollector, com.sun.corba.se.spi.orb.ORB)#1&quot; }"/>
        </annotation>
    </item>
    <item name='com.sun.corba.se.impl.orb.ORBConfiguratorImpl void initializeNaming(com.sun.corba.se.spi.orb.ORB)'>
        <annotation name='com.intellij.inspections.tainted.annotation.equation.Equations'>
            <val val="{ &quot;orb := #configure(com.sun.corba.se.spi.orb.DataCollector, com.sun.corba.se.spi.orb.ORB)#1&quot; }"/>
        </annotation>
    </item>
    <item name='com.sun.corba.se.impl.orb.ORBConfiguratorImpl void initializeTransport(com.sun.corba.se.spi.orb.ORB)'>
        <annotation name='com.intellij.inspections.tainted.annotation.equation.Equations'>
            <val val="{ &quot;orb := #configure(com.sun.corba.se.spi.orb.DataCollector, com.sun.corba.se.spi.orb.ORB)#1&quot; }"/>
        </annotation>
    </item>
    <item name='com.sun.corba.se.impl.orb.ORBConfiguratorImpl void persistentServerInitialization(com.sun.corba.se.spi.orb.ORB)'>
        <annotation name='com.intellij.inspections.tainted.annotation.equation.Equations'>
            <val val="{ &quot;orb := #configure(com.sun.corba.se.spi.orb.DataCollector, com.sun.corba.se.spi.orb.ORB)#1&quot; }"/>
        </annotation>
    </item>
    <item name='com.sun.corba.se.impl.orb.ORBConfiguratorImpl void registerInitialReferences(com.sun.corba.se.spi.orb.ORB)'>
        <annotation name='com.intellij.inspections.tainted.annotation.equation.Equations'>
            <val val="{ &quot;orb := #configure(com.sun.corba.se.spi.orb.DataCollector, com.sun.corba.se.spi.orb.ORB)#1&quot; }"/>
        </annotation>
    </item>
    <item name='com.sun.corba.se.impl.orb.ORBConfiguratorImpl void runUserConfigurators(com.sun.corba.se.spi.orb.DataCollector, com.sun.corba.se.spi.orb.ORB)'>
        <annotation name='com.intellij.inspections.tainted.annotation.equation.Equations'>
            <val val="{ &quot;collector := #configure(com.sun.corba.se.spi.orb.DataCollector, com.sun.corba.se.spi.orb.ORB)#0&quot;, &quot;orb := #configure(com.sun.corba.se.spi.orb.DataCollector, com.sun.corba.se.spi.orb.ORB)#1&quot; }"/>
        </annotation>
    </item>
    <item name='com.sun.corba.se.impl.orb.ORBConfiguratorImpl void setLegacySocketFactoryORB(com.sun.corba.se.spi.orb.ORB, com.sun.corba.se.spi.legacy.connection.ORBSocketFactory)'>
        <annotation name='com.intellij.inspections.tainted.annotation.equation.Equations'>
            <val val="{ &quot;orb := #initializeTransport(com.sun.corba.se.spi.orb.ORB)#0&quot; }"/>
        </annotation>
    </item>
    <item name='com.sun.corba.se.impl.orb.ORBDataParserImpl'>
        <annotation name='com.intellij.inspections.tainted.annotation.equation.Equations'>
            <val val="{ &quot;ORBDataParserImpl := &quot; }"/>
        </annotation>
    </item>
    <item name='com.sun.corba.se.impl.orb.ORBDataParserImpl ORBDataParserImpl(com.sun.corba.se.spi.orb.ORB, com.sun.corba.se.spi.orb.DataCollector)'>
        <annotation name='com.intellij.inspections.tainted.annotation.equation.Equations'>
            <val val="{ &quot;ORBDataParserImpl := ORBDataParserImpl&quot;, &quot;orb := ORBImpl&quot;, &quot;coll := ORBImpl#postInit(java.lang.String[], com.sun.corba.se.spi.orb.DataCollector)#1&quot; }"/>
        </annotation>
    </item>
    <item name='com.sun.corba.se.impl.orb.ORBDataParserImpl com.sun.corba.se.impl.encoding.CodeSetComponentInfo getCodeSetComponentInfo()'>
        <annotation name='com.intellij.inspections.tainted.annotation.equation.Equations'>
            <val val="{ &quot;getCodeSetComponentInfo := ORBDataParserImpl&quot; }"/>
        </annotation>
    </item>
    <item name='com.sun.corba.se.impl.orb.ORBDataParserImpl com.sun.corba.se.impl.legacy.connection.USLPort[] getUserSpecifiedListenPorts()'>
        <annotation name='com.intellij.inspections.tainted.annotation.equation.Equations'>
            <val val="{ &quot;getUserSpecifiedListenPorts := ORBDataParserImpl&quot; }"/>
        </annotation>
    </item>
    <item name='com.sun.corba.se.impl.orb.ORBDataParserImpl com.sun.corba.se.pept.transport.Acceptor[] getAcceptors()'>
        <annotation name='com.intellij.inspections.tainted.annotation.equation.Equations'>
            <val val="{ &quot;getAcceptors := ORBDataParserImpl&quot; }"/>
        </annotation>
    </item>
    <item name='com.sun.corba.se.impl.orb.ORBDataParserImpl com.sun.corba.se.spi.ior.iiop.GIOPVersion getGIOPVersion()'>
        <annotation name='com.intellij.inspections.tainted.annotation.equation.Equations'>
            <val val="{ &quot;getGIOPVersion := ORBDataParserImpl&quot; }"/>
        </annotation>
    </item>
    <item name='com.sun.corba.se.impl.orb.ORBDataParserImpl com.sun.corba.se.spi.legacy.connection.ORBSocketFactory getLegacySocketFactory()'>
        <annotation name='com.intellij.inspections.tainted.annotation.equation.Equations'>
            <val val="{ &quot;getLegacySocketFactory := ORBDataParserImpl&quot; }"/>
        </annotation>
    </item>
    <item name='com.sun.corba.se.impl.orb.ORBDataParserImpl com.sun.corba.se.spi.orb.StringPair[] getORBInitialReferences()'>
        <annotation name='com.intellij.inspections.tainted.annotation.equation.Equations'>
            <val val="{ &quot;getORBInitialReferences := ORBDataParserImpl&quot; }"/>
        </annotation>
    </item>
    <item name='com.sun.corba.se.impl.orb.ORBDataParserImpl com.sun.corba.se.spi.transport.CorbaContactInfoListFactory getCorbaContactInfoListFactory()'>
        <annotation name='com.intellij.inspections.tainted.annotation.equation.Equations'>
            <val val="{ &quot;getCorbaContactInfoListFactory := ORBDataParserImpl&quot; }"/>
        </annotation>
    </item>
    <item name='com.sun.corba.se.impl.orb.ORBDataParserImpl com.sun.corba.se.spi.transport.IIOPPrimaryToContactInfo getIIOPPrimaryToContactInfo()'>
        <annotation name='com.intellij.inspections.tainted.annotation.equation.Equations'>
            <val val="{ &quot;getIIOPPrimaryToContactInfo := ORBDataParserImpl&quot; }"/>
        </annotation>
    </item>
    <item name='com.sun.corba.se.impl.orb.ORBDataParserImpl com.sun.corba.se.spi.transport.IORToSocketInfo getIORToSocketInfo()'>
        <annotation name='com.intellij.inspections.tainted.annotation.equation.Equations'>
            <val val="{ &quot;getIORToSocketInfo := ORBDataParserImpl&quot; }"/>
        </annotation>
    </item>
    <item name='com.sun.corba.se.impl.orb.ORBDataParserImpl com.sun.corba.se.spi.transport.ORBSocketFactory getSocketFactory()'>
        <annotation name='com.intellij.inspections.tainted.annotation.equation.Equations'>
            <val val="{ &quot;getSocketFactory := ORBDataParserImpl&quot; }"/>
        </annotation>
    </item>
    <item name='com.sun.corba.se.impl.orb.ORBDataParserImpl com.sun.corba.se.spi.transport.ReadTimeouts getTransportTCPReadTimeouts()'>
        <annotation name='com.intellij.inspections.tainted.annotation.equation.Equations'>
            <val val="{ &quot;getTransportTCPReadTimeouts := ORBDataParserImpl&quot; }"/>
        </annotation>
    </item>
    <item name='com.sun.corba.se.impl.orb.ORBDataParserImpl int getGIOPBuffMgrStrategy(com.sun.corba.se.spi.ior.iiop.GIOPVersion)'>
        <annotation name='com.intellij.inspections.tainted.annotation.equation.Equations'>
            <val val="{ &quot;getGIOPBuffMgrStrategy := ORBDataParserImpl&quot; }"/>
        </annotation>
    </item>
    <item name='com.sun.corba.se.impl.orb.ORBDataParserImpl int getGIOPBufferSize()'>
        <annotation name='com.intellij.inspections.tainted.annotation.equation.Equations'>
            <val val="{ &quot;getGIOPBufferSize := ORBDataParserImpl&quot; }"/>
        </annotation>
    </item>
    <item name='com.sun.corba.se.impl.orb.ORBDataParserImpl int getGIOPFragmentSize()'>
        <annotation name='com.intellij.inspections.tainted.annotation.equation.Equations'>
            <val val="{ &quot;getGIOPFragmentSize := ORBDataParserImpl&quot; }"/>
        </annotation>
    </item>
    <item name='com.sun.corba.se.impl.orb.ORBDataParserImpl int getHighWaterMark()'>
        <annotation name='com.intellij.inspections.tainted.annotation.equation.Equations'>
            <val val="{ &quot;getHighWaterMark := ORBDataParserImpl&quot; }"/>
        </annotation>
    </item>
    <item name='com.sun.corba.se.impl.orb.ORBDataParserImpl int getLowWaterMark()'>
        <annotation name='com.intellij.inspections.tainted.annotation.equation.Equations'>
            <val val="{ &quot;getLowWaterMark := ORBDataParserImpl&quot; }"/>
        </annotation>
    </item>
    <item name='com.sun.corba.se.impl.orb.ORBDataParserImpl int getNumberToReclaim()'>
        <annotation name='com.intellij.inspections.tainted.annotation.equation.Equations'>
            <val val="{ &quot;getNumberToReclaim := ORBDataParserImpl&quot; }"/>
        </annotation>
    </item>
    <item name='com.sun.corba.se.impl.orb.ORBDataParserImpl int getORBInitialPort()'>
        <annotation name='com.intellij.inspections.tainted.annotation.equation.Equations'>
            <val val="{ &quot;getORBInitialPort := ORBDataParserImpl&quot; }"/>
        </annotation>
    </item>
    <item name='com.sun.corba.se.impl.orb.ORBDataParserImpl int getORBServerPort()'>
        <annotation name='com.intellij.inspections.tainted.annotation.equation.Equations'>
            <val val="{ &quot;getORBServerPort := ORBDataParserImpl&quot; }"/>
        </annotation>
    </item>
    <item name='com.sun.corba.se.impl.orb.ORBDataParserImpl int getPersistentServerId()'>
        <annotation name='com.intellij.inspections.tainted.annotation.equation.Equations'>
            <val val="{ &quot;getPersistentServerId := ORBDataParserImpl&quot; }"/>
        </annotation>
    </item>
    <item name='com.sun.corba.se.impl.orb.ORBDataParserImpl int getPersistentServerPort()'>
        <annotation name='com.intellij.inspections.tainted.annotation.equation.Equations'>
            <val val="{ &quot;getPersistentServerPort := ORBDataParserImpl&quot; }"/>
        </annotation>
    </item>
    <item name='com.sun.corba.se.impl.orb.ORBDataParserImpl java.lang.Class getBadServerIdHandler()'>
        <annotation name='com.intellij.inspections.tainted.annotation.equation.Equations'>
            <val val="{ &quot;getBadServerIdHandler := ORBDataParserImpl&quot; }"/>
        </annotation>
    </item>
    <item name='com.sun.corba.se.impl.orb.ORBDataParserImpl java.lang.String acceptorSocketType()'>
        <annotation name='com.intellij.inspections.tainted.annotation.equation.Equations'>
            <val val="{ &quot;acceptorSocketType := ORBDataParserImpl&quot; }"/>
        </annotation>
    </item>
    <item name='com.sun.corba.se.impl.orb.ORBDataParserImpl java.lang.String connectionSocketType()'>
        <annotation name='com.intellij.inspections.tainted.annotation.equation.Equations'>
            <val val="{ &quot;connectionSocketType := ORBDataParserImpl&quot; }"/>
        </annotation>
    </item>
    <item name='com.sun.corba.se.impl.orb.ORBDataParserImpl java.lang.String getListenOnAllInterfaces()'>
        <annotation name='com.intellij.inspections.tainted.annotation.equation.Equations'>
            <val val="{ &quot;getListenOnAllInterfaces := ORBDataParserImpl&quot; }"/>
        </annotation>
    </item>
    <item name='com.sun.corba.se.impl.orb.ORBDataParserImpl java.lang.String getORBDefaultInitialReference()'>
        <annotation name='com.intellij.inspections.tainted.annotation.equation.Equations'>
            <val val="{ &quot;getORBDefaultInitialReference := ORBDataParserImpl&quot; }"/>
        </annotation>
    </item>
    <item name='com.sun.corba.se.impl.orb.ORBDataParserImpl java.lang.String getORBId()'>
        <annotation name='com.intellij.inspections.tainted.annotation.equation.Equations'>
            <val val="{ &quot;getORBId := ORBDataParserImpl&quot; }"/>
        </annotation>
    </item>
    <item name='com.sun.corba.se.impl.orb.ORBDataParserImpl java.lang.String getORBInitialHost()'>
        <annotation name='com.intellij.inspections.tainted.annotation.equation.Equations'>
            <val val="{ &quot;getORBInitialHost := ORBDataParserImpl&quot; }"/>
        </annotation>
    </item>
    <item name='com.sun.corba.se.impl.orb.ORBDataParserImpl java.lang.String getORBServerHost()'>
        <annotation name='com.intellij.inspections.tainted.annotation.equation.Equations'>
            <val val="{ &quot;getORBServerHost := ORBDataParserImpl&quot; }"/>
        </annotation>
    </item>
    <item name='com.sun.corba.se.impl.orb.ORBDataParserImpl java.lang.String[] getORBDebugFlags()'>
        <annotation name='com.intellij.inspections.tainted.annotation.equation.Equations'>
            <val val="{ &quot;getORBDebugFlags := ORBDataParserImpl&quot; }"/>
        </annotation>
    </item>
    <item name='com.sun.corba.se.impl.orb.ORBDataParserImpl org.omg.PortableInterceptor.ORBInitializer[] getORBInitializers()'>
        <annotation name='com.intellij.inspections.tainted.annotation.equation.Equations'>
            <val val="{ &quot;getORBInitializers := ORBDataParserImpl&quot; }"/>
        </annotation>
    </item>
    <item name='com.sun.corba.se.impl.orb.ORBDataParserImpl short getGIOPAddressDisposition()'>
        <annotation name='com.intellij.inspections.tainted.annotation.equation.Equations'>
            <val val="{ &quot;getGIOPAddressDisposition := ORBDataParserImpl&quot; }"/>
        </annotation>
    </item>
    <item name='com.sun.corba.se.impl.orb.ORBDataParserImpl short getGIOPTargetAddressPreference()'>
        <annotation name='com.intellij.inspections.tainted.annotation.equation.Equations'>
            <val val="{ &quot;getGIOPTargetAddressPreference := ORBDataParserImpl&quot; }"/>
        </annotation>
    </item>
    <item name='com.sun.corba.se.impl.orb.ORBImpl'>
        <annotation name='com.intellij.inspections.tainted.annotation.equation.Equations'>
            <val val="{ &quot;ORBImpl := #STATUS_OPERATING &amp; #STATUS_SHUTTING_DOWN &amp; #STATUS_SHUTDOWN &amp; #STATUS_DESTROYED &amp; #setBadServerIdHandler(com.sun.corba.se.impl.oa.poa.BadServerIdHandler)#0 &amp; #setClientDelegateFactory(com.sun.corba.se.spi.protocol.ClientDelegateFactory)#0 &amp; #setCorbaContactInfoListFactory(com.sun.corba.se.spi.transport.CorbaContactInfoListFactory)#0 &amp; #setResolver(com.sun.corba.se.spi.resolver.Resolver)#0 &amp; #setLocalResolver(com.sun.corba.se.spi.resolver.LocalResolver)#0 &amp; #setURLOperation(com.sun.corba.se.spi.orb.Operation)#0 &amp; #setINSDelegate(com.sun.corba.se.spi.protocol.CorbaServerRequestDispatcher)#0 &amp; #setObjectKeyFactory(com.sun.corba.se.spi.ior.ObjectKeyFactory)#0 &amp; #setThreadPoolManager(com.sun.corba.se.spi.orbutil.threadpool.ThreadPoolManager)#0&quot; }"/>
        </annotation>
    </item>
    <item name='com.sun.corba.se.impl.orb.ORBImpl ORBImpl()'>
        <annotation name='com.intellij.inspections.tainted.annotation.equation.Equations'>
            <val val="{ &quot;ORBImpl := ORBImpl&quot; }"/>
        </annotation>
    </item>
    <item name='com.sun.corba.se.impl.orb.ORBImpl com.sun.corba.se.impl.oa.poa.POAFactory getPOAFactory()'>
        <annotation name='com.intellij.inspections.tainted.annotation.equation.Equations'>
            <val val="{ &quot;getPOAFactory := ORBImpl&quot; }"/>
        </annotation>
    </item>
    <item name='com.sun.corba.se.impl.orb.ORBImpl com.sun.corba.se.impl.oa.toa.TOAFactory getTOAFactory()'>
        <annotation name='com.intellij.inspections.tainted.annotation.equation.Equations'>
            <val val="{ &quot;getTOAFactory := ORBImpl&quot; }"/>
        </annotation>
    </item>
    <item name='com.sun.corba.se.impl.orb.ORBImpl com.sun.corba.se.pept.transport.TransportManager getTransportManager()'>
        <annotation name='com.intellij.inspections.tainted.annotation.equation.Equations'>
            <val val="{ &quot;getTransportManager := ORBImpl&quot; }"/>
        </annotation>
    </item>
    <item name='com.sun.corba.se.impl.orb.ORBImpl com.sun.corba.se.spi.copyobject.CopierManager getCopierManager()'>
        <annotation name='com.intellij.inspections.tainted.annotation.equation.Equations'>
            <val val="{ &quot;getCopierManager := ORBImpl&quot; }"/>
        </annotation>
    </item>
    <item name='com.sun.corba.se.impl.orb.ORBImpl com.sun.corba.se.spi.ior.IOR getFVDCodeBaseIOR()'>
        <annotation name='com.intellij.inspections.tainted.annotation.equation.Equations'>
            <val val="{ &quot;getFVDCodeBaseIOR := ORBImpl&quot; }"/>
        </annotation>
    </item>
    <item name='com.sun.corba.se.impl.orb.ORBImpl com.sun.corba.se.spi.ior.IdentifiableFactoryFinder getTaggedProfileFactoryFinder()'>
        <annotation name='com.intellij.inspections.tainted.annotation.equation.Equations'>
            <val val="{ &quot;getTaggedProfileFactoryFinder := ORBImpl&quot; }"/>
        </annotation>
    </item>
    <item name='com.sun.corba.se.impl.orb.ORBImpl com.sun.corba.se.spi.ior.IdentifiableFactoryFinder getTaggedProfileTemplateFactoryFinder()'>
        <annotation name='com.intellij.inspections.tainted.annotation.equation.Equations'>
            <val val="{ &quot;getTaggedProfileTemplateFactoryFinder := ORBImpl&quot; }"/>
        </annotation>
    </item>
    <item name='com.sun.corba.se.impl.orb.ORBImpl com.sun.corba.se.spi.ior.ObjectKeyFactory getObjectKeyFactory()'>
        <annotation name='com.intellij.inspections.tainted.annotation.equation.Equations'>
            <val val="{ &quot;getObjectKeyFactory := ORBImpl&quot; }"/>
        </annotation>
    </item>
    <item name='com.sun.corba.se.impl.orb.ORBImpl com.sun.corba.se.spi.ior.TaggedComponentFactoryFinder getTaggedComponentFactoryFinder()'>
        <annotation name='com.intellij.inspections.tainted.annotation.equation.Equations'>
            <val val="{ &quot;getTaggedComponentFactoryFinder := ORBImpl&quot; }"/>
        </annotation>
    </item>
    <item name='com.sun.corba.se.impl.orb.ORBImpl com.sun.corba.se.spi.legacy.connection.LegacyServerSocketManager getLegacyServerSocketManager()'>
        <annotation name='com.intellij.inspections.tainted.annotation.equation.Equations'>
            <val val="{ &quot;getLegacyServerSocketManager := ORBImpl&quot; }"/>
        </annotation>
    </item>
    <item name='com.sun.corba.se.impl.orb.ORBImpl com.sun.corba.se.spi.orb.ORBData getORBData()'>
        <annotation name='com.intellij.inspections.tainted.annotation.equation.Equations'>
            <val val="{ &quot;getORBData := ORBImpl&quot; }"/>
        </annotation>
    </item>
    <item name='com.sun.corba.se.impl.orb.ORBImpl com.sun.corba.se.spi.orb.Operation getURLOperation()'>
        <annotation name='com.intellij.inspections.tainted.annotation.equation.Equations'>
            <val val="{ &quot;getURLOperation := ORBImpl&quot; }"/>
        </annotation>
    </item>
    <item name='com.sun.corba.se.impl.orb.ORBImpl com.sun.corba.se.spi.orbutil.threadpool.ThreadPoolManager getThreadPoolManager()'>
        <annotation name='com.intellij.inspections.tainted.annotation.equation.Equations'>
            <val val="{ &quot;getThreadPoolManager := ORBImpl&quot; }"/>
        </annotation>
    </item>
    <item name='com.sun.corba.se.impl.orb.ORBImpl com.sun.corba.se.spi.protocol.ClientDelegateFactory getClientDelegateFactory()'>
        <annotation name='com.intellij.inspections.tainted.annotation.equation.Equations'>
            <val val="{ &quot;getClientDelegateFactory := ORBImpl&quot; }"/>
        </annotation>
    </item>
    <item name='com.sun.corba.se.impl.orb.ORBImpl com.sun.corba.se.spi.protocol.PIHandler getPIHandler()'>
        <annotation name='com.intellij.inspections.tainted.annotation.equation.Equations'>
            <val val="{ &quot;getPIHandler := ORBImpl&quot; }"/>
        </annotation>
    </item>
    <item name='com.sun.corba.se.impl.orb.ORBImpl com.sun.corba.se.spi.protocol.RequestDispatcherRegistry getRequestDispatcherRegistry()'>
        <annotation name='com.intellij.inspections.tainted.annotation.equation.Equations'>
            <val val="{ &quot;getRequestDispatcherRegistry := ORBImpl&quot; }"/>
        </annotation>
    </item>
    <item name='com.sun.corba.se.impl.orb.ORBImpl com.sun.corba.se.spi.resolver.LocalResolver getLocalResolver()'>
        <annotation name='com.intellij.inspections.tainted.annotation.equation.Equations'>
            <val val="{ &quot;getLocalResolver := ORBImpl&quot; }"/>
        </annotation>
    </item>
    <item name='com.sun.corba.se.impl.orb.ORBImpl com.sun.corba.se.spi.resolver.Resolver getResolver()'>
        <annotation name='com.intellij.inspections.tainted.annotation.equation.Equations'>
            <val val="{ &quot;getResolver := ORBImpl&quot; }"/>
        </annotation>
    </item>
    <item name='com.sun.corba.se.impl.orb.ORBImpl com.sun.corba.se.spi.servicecontext.ServiceContextRegistry getServiceContextRegistry()'>
        <annotation name='com.intellij.inspections.tainted.annotation.equation.Equations'>
            <val val="{ &quot;getServiceContextRegistry := ORBImpl&quot; }"/>
        </annotation>
    </item>
    <item name='com.sun.corba.se.impl.orb.ORBImpl com.sun.corba.se.spi.transport.CorbaContactInfoListFactory getCorbaContactInfoListFactory()'>
        <annotation name='com.intellij.inspections.tainted.annotation.equation.Equations'>
            <val val="{ &quot;getCorbaContactInfoListFactory := ORBImpl&quot; }"/>
        </annotation>
    </item>
    <item name='com.sun.corba.se.impl.orb.ORBImpl int getTransientServerId()'>
        <annotation name='com.intellij.inspections.tainted.annotation.equation.Equations'>
            <val val="{ &quot;getTransientServerId := ORBImpl&quot; }"/>
        </annotation>
    </item>
    <item name='com.sun.corba.se.impl.orb.ORBImpl java.lang.String getLocalHostName()'>
        <annotation name='com.intellij.inspections.tainted.annotation.equation.Equations'>
            <val val="{ &quot;getLocalHostName := ORBImpl&quot; }"/>
        </annotation>
    </item>
    <item name='com.sun.corba.se.impl.orb.ORBImpl void postInit(java.lang.String[], com.sun.corba.se.spi.orb.DataCollector)'>
        <annotation name='com.intellij.inspections.tainted.annotation.equation.Equations'>
            <val val="{ &quot;dataCollector := &quot;, &quot;params := #set_parameters(java.lang.String[], java.util.Properties)#0&quot; }"/>
        </annotation>
    </item>
    <item name='com.sun.corba.se.impl.orb.ORBImpl void preInit(java.lang.String[], java.util.Properties)'>
        <annotation name='com.intellij.inspections.tainted.annotation.equation.Equations'>
            <val val="{ &quot;params := #set_parameters(java.lang.String[], java.util.Properties)#0&quot;, &quot;props := #set_parameters(java.applet.Applet, java.util.Properties)#1 &amp; #set_parameters(java.util.Properties)#0 &amp; #set_parameters(java.lang.String[], java.util.Properties)#1&quot; }"/>
        </annotation>
    </item>
    <item name='com.sun.corba.se.impl.orb.ORBSingleton'>
        <annotation name='com.intellij.inspections.tainted.annotation.equation.Equations'>
            <val val="{ &quot;ORBSingleton := &quot; }"/>
        </annotation>
    </item>
    <item name='com.sun.corba.se.impl.orb.ORBSingleton com.sun.corba.se.spi.orb.ORB getFullORB()'>
        <annotation name='com.intellij.inspections.tainted.annotation.equation.Equations'>
            <val val="{ &quot;getFullORB := ORBSingleton&quot; }"/>
        </annotation>
    </item>
    <item name='com.sun.corba.se.impl.orb.ORBSingleton int getGIOPBuffMgrStrategy(com.sun.corba.se.spi.ior.iiop.GIOPVersion)'>
        <annotation name='com.intellij.inspections.tainted.annotation.equation.Equations'>
            <val val="{ &quot;getGIOPBuffMgrStrategy := com.sun.corba.se.impl.encoding.BufferManagerFactory#GROW&quot; }"/>
        </annotation>
    </item>
    <item name='com.sun.corba.se.impl.orb.ORBSingleton int getGIOPFragmentSize()'>
        <annotation name='com.intellij.inspections.tainted.annotation.equation.Equations'>
            <val val="{ &quot;getGIOPFragmentSize := com.sun.corba.se.impl.orbutil.ORBConstants#GIOP_DEFAULT_BUFFER_SIZE&quot; }"/>
        </annotation>
    </item>
    <item name='com.sun.corba.se.impl.orb.ORBVersionImpl ORBVersionImpl(byte)'>
        <annotation name='com.intellij.inspections.tainted.annotation.equation.Equations'>
            <val val="{ &quot;ORBVersionImpl := ORBVersionImpl&quot;, &quot;orbType := com.sun.corba.se.spi.orb.ORBVersion#FOREIGN &amp; com.sun.corba.se.spi.orb.ORBVersion#OLD &amp; com.sun.corba.se.spi.orb.ORBVersion#NEW &amp; com.sun.corba.se.spi.orb.ORBVersion#JDK1_3_1_01 &amp; com.sun.corba.se.spi.orb.ORBVersion#NEWER &amp; com.sun.corba.se.spi.orb.ORBVersion#PEORB &amp; com.sun.corba.se.spi.orb.ORBVersionFactory#byteToVersion(byte)#0&quot; }"/>
        </annotation>
    </item>
    <item name='com.sun.corba.se.impl.orb.ORBVersionImpl byte getORBType()'>
        <annotation name='com.intellij.inspections.tainted.annotation.equation.Equations'>
            <val val="{ &quot;getORBType := ORBVersionImpl&quot; }"/>
        </annotation>
    </item>
    <item name='com.sun.corba.se.impl.orb.ORBVersionImpl int hashCode()'>
        <annotation name='com.intellij.inspections.tainted.annotation.equation.Equations'>
            <val val="{ &quot;hashCode := ORBVersionImpl&quot; }"/>
        </annotation>
    </item>
    <item name='com.sun.corba.se.impl.orb.ParserAction java.lang.Object apply(java.util.Properties)'>
        <annotation name='com.intellij.inspections.tainted.annotation.equation.Equations'>
            <val val="{ &quot;apply := ParserActionBase#apply(java.util.Properties)&quot;, &quot;props := ParserActionBase#apply(java.util.Properties)#0&quot; }"/>
        </annotation>
    </item>
    <item name='com.sun.corba.se.impl.orb.ParserAction java.lang.String getFieldName()'>
        <annotation name='com.intellij.inspections.tainted.annotation.equation.Equations'>
            <val val="{ &quot;getFieldName := ParserActionBase#getFieldName()&quot; }"/>
        </annotation>
    </item>
    <item name='com.sun.corba.se.impl.orb.ParserAction java.lang.String getPropertyName()'>
        <annotation name='com.intellij.inspections.tainted.annotation.equation.Equations'>
            <val val="{ &quot;getPropertyName := ParserActionBase#getPropertyName()&quot; }"/>
        </annotation>
    </item>
    <item name='com.sun.corba.se.impl.orb.ParserActionBase ParserActionBase(java.lang.String, boolean, com.sun.corba.se.spi.orb.Operation, java.lang.String)'>
        <annotation name='com.intellij.inspections.tainted.annotation.equation.Equations'>
            <val val="{ &quot;fieldName := NormalParserAction#NormalParserAction(java.lang.String, com.sun.corba.se.spi.orb.Operation, java.lang.String)#2 &amp; PrefixParserAction#PrefixParserAction(java.lang.String, com.sun.corba.se.spi.orb.Operation, java.lang.String, java.lang.Class)#2&quot;, &quot;ParserActionBase := ParserActionBase&quot;, &quot;propertyName := NormalParserAction#NormalParserAction(java.lang.String, com.sun.corba.se.spi.orb.Operation, java.lang.String)#0 &amp; PrefixParserAction#PrefixParserAction(java.lang.String, com.sun.corba.se.spi.orb.Operation, java.lang.String, java.lang.Class)#0&quot;, &quot;operation := NormalParserAction#NormalParserAction(java.lang.String, com.sun.corba.se.spi.orb.Operation, java.lang.String)#1 &amp; PrefixParserAction#PrefixParserAction(java.lang.String, com.sun.corba.se.spi.orb.Operation, java.lang.String, java.lang.Class)#1&quot; }"/>
        </annotation>
    </item>
    <item name='com.sun.corba.se.impl.orb.ParserActionBase com.sun.corba.se.spi.orb.Operation getOperation()'>
        <annotation name='com.intellij.inspections.tainted.annotation.equation.Equations'>
            <val val="{ &quot;getOperation := ParserActionBase&quot; }"/>
        </annotation>
    </item>
    <item name='com.sun.corba.se.impl.orb.ParserActionBase java.lang.Object apply(java.util.Properties)'>
        <annotation name='com.intellij.inspections.tainted.annotation.equation.Equations'>
            <val val="{ &quot;apply := PrefixParserAction#apply(java.util.Properties) &amp; NormalParserAction#apply(java.util.Properties)&quot;, &quot;props := PrefixParserAction#apply(java.util.Properties)#0 &amp; NormalParserAction#apply(java.util.Properties)#0&quot; }"/>
        </annotation>
    </item>
    <item name='com.sun.corba.se.impl.orb.ParserActionBase java.lang.String getFieldName()'>
        <annotation name='com.intellij.inspections.tainted.annotation.equation.Equations'>
            <val val="{ &quot;getFieldName := ParserActionBase&quot; }"/>
        </annotation>
    </item>
    <item name='com.sun.corba.se.impl.orb.ParserActionBase java.lang.String getPropertyName()'>
        <annotation name='com.intellij.inspections.tainted.annotation.equation.Equations'>
            <val val="{ &quot;getPropertyName := ParserActionBase&quot; }"/>
        </annotation>
    </item>
    <item name='com.sun.corba.se.impl.orb.ParserActionFactory com.sun.corba.se.impl.orb.ParserAction makeNormalAction(java.lang.String, com.sun.corba.se.spi.orb.Operation, java.lang.String)'>
        <annotation name='com.intellij.inspections.tainted.annotation.equation.Equations'>
            <val val="{ &quot;propertyName := com.sun.corba.se.spi.orb.PropertyParser#add(java.lang.String, com.sun.corba.se.spi.orb.Operation, java.lang.String)#0&quot;, &quot;fieldName := com.sun.corba.se.spi.orb.PropertyParser#add(java.lang.String, com.sun.corba.se.spi.orb.Operation, java.lang.String)#2&quot;, &quot;operation := com.sun.corba.se.spi.orb.PropertyParser#add(java.lang.String, com.sun.corba.se.spi.orb.Operation, java.lang.String)#1&quot; }"/>
        </annotation>
    </item>
    <item name='com.sun.corba.se.impl.orb.ParserActionFactory com.sun.corba.se.impl.orb.ParserAction makePrefixAction(java.lang.String, com.sun.corba.se.spi.orb.Operation, java.lang.String, java.lang.Class)'>
        <annotation name='com.intellij.inspections.tainted.annotation.equation.Equations'>
            <val val="{ &quot;fieldName := com.sun.corba.se.spi.orb.PropertyParser#addPrefix(java.lang.String, com.sun.corba.se.spi.orb.Operation, java.lang.String, java.lang.Class)#2&quot;, &quot;componentType := com.sun.corba.se.spi.orb.PropertyParser#addPrefix(java.lang.String, com.sun.corba.se.spi.orb.Operation, java.lang.String, java.lang.Class)#3&quot;, &quot;propertyName := com.sun.corba.se.spi.orb.PropertyParser#addPrefix(java.lang.String, com.sun.corba.se.spi.orb.Operation, java.lang.String, java.lang.Class)#0&quot;, &quot;operation := com.sun.corba.se.spi.orb.PropertyParser#addPrefix(java.lang.String, com.sun.corba.se.spi.orb.Operation, java.lang.String, java.lang.Class)#1&quot; }"/>
        </annotation>
    </item>
    <item name='com.sun.corba.se.impl.orb.ParserDataBase ParserDataBase(java.lang.String, com.sun.corba.se.spi.orb.Operation, java.lang.String, java.lang.Object, java.lang.Object)'>
        <annotation name='com.intellij.inspections.tainted.annotation.equation.Equations'>
            <val val="{ &quot;fieldName := NormalParserData#NormalParserData(java.lang.String, com.sun.corba.se.spi.orb.Operation, java.lang.String, java.lang.Object, java.lang.Object, java.lang.String)#2 &amp; PrefixParserData#PrefixParserData(java.lang.String, com.sun.corba.se.spi.orb.Operation, java.lang.String, java.lang.Object, java.lang.Object, com.sun.corba.se.spi.orb.StringPair[], java.lang.Class)#2&quot;, &quot;ParserDataBase := ParserDataBase&quot;, &quot;operation := NormalParserData#NormalParserData(java.lang.String, com.sun.corba.se.spi.orb.Operation, java.lang.String, java.lang.Object, java.lang.Object, java.lang.String)#1 &amp; PrefixParserData#PrefixParserData(java.lang.String, com.sun.corba.se.spi.orb.Operation, java.lang.String, java.lang.Object, java.lang.Object, com.sun.corba.se.spi.orb.StringPair[], java.lang.Class)#1&quot;, &quot;testValue := NormalParserData#NormalParserData(java.lang.String, com.sun.corba.se.spi.orb.Operation, java.lang.String, java.lang.Object, java.lang.Object, java.lang.String)#4 &amp; PrefixParserData#PrefixParserData(java.lang.String, com.sun.corba.se.spi.orb.Operation, java.lang.String, java.lang.Object, java.lang.Object, com.sun.corba.se.spi.orb.StringPair[], java.lang.Class)#4&quot;, &quot;defaultValue := NormalParserData#NormalParserData(java.lang.String, com.sun.corba.se.spi.orb.Operation, java.lang.String, java.lang.Object, java.lang.Object, java.lang.String)#3 &amp; PrefixParserData#PrefixParserData(java.lang.String, com.sun.corba.se.spi.orb.Operation, java.lang.String, java.lang.Object, java.lang.Object, com.sun.corba.se.spi.orb.StringPair[], java.lang.Class)#3&quot;, &quot;propertyName := NormalParserData#NormalParserData(java.lang.String, com.sun.corba.se.spi.orb.Operation, java.lang.String, java.lang.Object, java.lang.Object, java.lang.String)#0 &amp; PrefixParserData#PrefixParserData(java.lang.String, com.sun.corba.se.spi.orb.Operation, java.lang.String, java.lang.Object, java.lang.Object, com.sun.corba.se.spi.orb.StringPair[], java.lang.Class)#0&quot; }"/>
        </annotation>
    </item>
    <item name='com.sun.corba.se.impl.orb.ParserDataBase com.sun.corba.se.spi.orb.Operation getOperation()'>
        <annotation name='com.intellij.inspections.tainted.annotation.equation.Equations'>
            <val val="{ &quot;getOperation := ParserDataBase&quot; }"/>
        </annotation>
    </item>
    <item name='com.sun.corba.se.impl.orb.ParserDataBase java.lang.Object getDefaultValue()'>
        <annotation name='com.intellij.inspections.tainted.annotation.equation.Equations'>
            <val val="{ &quot;getDefaultValue := ParserDataBase&quot; }"/>
        </annotation>
    </item>
    <item name='com.sun.corba.se.impl.orb.ParserDataBase java.lang.Object getTestValue()'>
        <annotation name='com.intellij.inspections.tainted.annotation.equation.Equations'>
            <val val="{ &quot;getTestValue := ParserDataBase&quot; }"/>
        </annotation>
    </item>
    <item name='com.sun.corba.se.impl.orb.ParserDataBase java.lang.String getFieldName()'>
        <annotation name='com.intellij.inspections.tainted.annotation.equation.Equations'>
            <val val="{ &quot;getFieldName := ParserDataBase&quot; }"/>
        </annotation>
    </item>
    <item name='com.sun.corba.se.impl.orb.ParserDataBase java.lang.String getPropertyName()'>
        <annotation name='com.intellij.inspections.tainted.annotation.equation.Equations'>
            <val val="{ &quot;getPropertyName := ParserDataBase&quot; }"/>
        </annotation>
    </item>
    <item name='com.sun.corba.se.impl.orb.ParserTable'>
        <annotation name='com.intellij.inspections.tainted.annotation.equation.Equations'>
            <val val="{ &quot;ParserTable := &quot; }"/>
        </annotation>
    </item>
    <item name='com.sun.corba.se.impl.orb.ParserTable ParserTable()'>
        <annotation name='com.intellij.inspections.tainted.annotation.equation.Equations'>
            <val val="{ &quot;ParserTable := ParserTable&quot; }"/>
        </annotation>
    </item>
    <item name='com.sun.corba.se.impl.orb.ParserTable com.sun.corba.se.impl.orb.ParserTable get()'>
        <annotation name='com.intellij.inspections.tainted.annotation.equation.Equations'>
            <val val="{ &quot;get := ParserTable&quot; }"/>
        </annotation>
    </item>
    <item name='com.sun.corba.se.impl.orb.PrefixParserAction PrefixParserAction(java.lang.String, com.sun.corba.se.spi.orb.Operation, java.lang.String, java.lang.Class)'>
        <annotation name='com.intellij.inspections.tainted.annotation.equation.Equations'>
            <val val="{ &quot;propertyName := ParserActionFactory#makePrefixAction(java.lang.String, com.sun.corba.se.spi.orb.Operation, java.lang.String, java.lang.Class)#0&quot;, &quot;fieldName := ParserActionFactory#makePrefixAction(java.lang.String, com.sun.corba.se.spi.orb.Operation, java.lang.String, java.lang.Class)#2&quot;, &quot;PrefixParserAction := PrefixParserAction&quot;, &quot;operation := ParserActionFactory#makePrefixAction(java.lang.String, com.sun.corba.se.spi.orb.Operation, java.lang.String, java.lang.Class)#1&quot;, &quot;componentType := ParserActionFactory#makePrefixAction(java.lang.String, com.sun.corba.se.spi.orb.Operation, java.lang.String, java.lang.Class)#3&quot; }"/>
        </annotation>
    </item>
    <item name='com.sun.corba.se.impl.orb.PrefixParserData PrefixParserData(java.lang.String, com.sun.corba.se.spi.orb.Operation, java.lang.String, java.lang.Object, java.lang.Object, com.sun.corba.se.spi.orb.StringPair[], java.lang.Class)'>
        <annotation name='com.intellij.inspections.tainted.annotation.equation.Equations'>
            <val val="{ &quot;testData := com.sun.corba.se.spi.orb.ParserDataFactory#make(java.lang.String, com.sun.corba.se.spi.orb.Operation, java.lang.String, java.lang.Object, java.lang.Object, com.sun.corba.se.spi.orb.StringPair[], java.lang.Class)#5&quot;, &quot;PrefixParserData := PrefixParserData&quot;, &quot;fieldName := com.sun.corba.se.spi.orb.ParserDataFactory#make(java.lang.String, com.sun.corba.se.spi.orb.Operation, java.lang.String, java.lang.Object, java.lang.Object, com.sun.corba.se.spi.orb.StringPair[], java.lang.Class)#2&quot;, &quot;componentType := com.sun.corba.se.spi.orb.ParserDataFactory#make(java.lang.String, com.sun.corba.se.spi.orb.Operation, java.lang.String, java.lang.Object, java.lang.Object, com.sun.corba.se.spi.orb.StringPair[], java.lang.Class)#6&quot;, &quot;testValue := com.sun.corba.se.spi.orb.ParserDataFactory#make(java.lang.String, com.sun.corba.se.spi.orb.Operation, java.lang.String, java.lang.Object, java.lang.Object, com.sun.corba.se.spi.orb.StringPair[], java.lang.Class)#4&quot;, &quot;propertyName := com.sun.corba.se.spi.orb.ParserDataFactory#make(java.lang.String, com.sun.corba.se.spi.orb.Operation, java.lang.String, java.lang.Object, java.lang.Object, com.sun.corba.se.spi.orb.StringPair[], java.lang.Class)#0&quot;, &quot;defaultValue := com.sun.corba.se.spi.orb.ParserDataFactory#make(java.lang.String, com.sun.corba.se.spi.orb.Operation, java.lang.String, java.lang.Object, java.lang.Object, com.sun.corba.se.spi.orb.StringPair[], java.lang.Class)#3&quot;, &quot;operation := com.sun.corba.se.spi.orb.ParserDataFactory#make(java.lang.String, com.sun.corba.se.spi.orb.Operation, java.lang.String, java.lang.Object, java.lang.Object, com.sun.corba.se.spi.orb.StringPair[], java.lang.Class)#1&quot; }"/>
        </annotation>
    </item>
    <item name='com.sun.corba.se.impl.orb.PropertyCallback java.lang.String get(java.lang.String)'>
        <annotation name='com.intellij.inspections.tainted.annotation.equation.Equations'>
            <val val="{ &quot;name := &quot;, &quot;get := &quot; }"/>
        </annotation>
    </item>
    <item name='com.sun.corba.se.impl.orb.PropertyOnlyDataCollector PropertyOnlyDataCollector(java.util.Properties, java.lang.String, java.lang.String)'>
        <annotation name='com.intellij.inspections.tainted.annotation.equation.Equations'>
            <val val="{ &quot;configurationHostName := DataCollectorFactory#create(java.util.Properties, java.lang.String)#1&quot;, &quot;localHostName := DataCollectorFactory#create(java.util.Properties, java.lang.String)#1&quot;, &quot;props := DataCollectorFactory#create(java.util.Properties, java.lang.String)#0&quot;, &quot;PropertyOnlyDataCollector := PropertyOnlyDataCollector&quot; }"/>
        </annotation>
    </item>
    <item name='com.sun.corba.se.impl.orb.SynchVariable SynchVariable()'>
        <annotation name='com.intellij.inspections.tainted.annotation.equation.Equations'>
            <val val="{ &quot;SynchVariable := SynchVariable&quot; }"/>
        </annotation>
    </item>
</root>