<root>
    <item name='java.nio.channels.spi.AbstractInterruptibleChannel'>
        <annotation name='com.intellij.inspections.tainted.annotation.equation.Equations'>
            <val val="{ &quot;AbstractInterruptibleChannel := java.nio.channels.Channels.WritableByteChannelImpl &amp; java.nio.channels.Channels.ReadableByteChannelImpl&quot; }"/>
        </annotation>
    </item>
    <item name='java.nio.channels.spi.AbstractInterruptibleChannel AbstractInterruptibleChannel()'>
        <annotation name='com.intellij.inspections.tainted.annotation.equation.Equations'>
            <val val="{ &quot;AbstractInterruptibleChannel := AbstractInterruptibleChannel&quot; }"/>
        </annotation>
    </item>
    <item name='java.nio.channels.spi.AbstractInterruptibleChannel void blockedOn(sun.nio.ch.Interruptible)'>
        <annotation name='com.intellij.inspections.tainted.annotation.equation.Equations'>
            <val val="{ &quot;intr := AbstractSelector &amp; AbstractInterruptibleChannel&quot; }"/>
        </annotation>
    </item>
    <item name='java.nio.channels.spi.AbstractSelectableChannel'>
        <annotation name='com.intellij.inspections.tainted.annotation.equation.Equations'>
            <val val="{ &quot;AbstractSelectableChannel := java.nio.channels.Pipe.SinkChannel &amp; java.nio.channels.Pipe.SourceChannel&quot; }"/>
        </annotation>
    </item>
    <item name='java.nio.channels.spi.AbstractSelectableChannel AbstractSelectableChannel(java.nio.channels.spi.SelectorProvider)'>
        <annotation name='com.intellij.inspections.tainted.annotation.equation.Equations'>
            <val val="{ &quot;provider := java.nio.channels.Pipe.SourceChannel#SourceChannel(java.nio.channels.spi.SelectorProvider)#0 &amp; java.nio.channels.Pipe.SinkChannel#SinkChannel(java.nio.channels.spi.SelectorProvider)#0 &amp; java.nio.channels.SocketChannel#SocketChannel(java.nio.channels.spi.SelectorProvider)#0 &amp; java.nio.channels.DatagramChannel#DatagramChannel(java.nio.channels.spi.SelectorProvider)#0 &amp; java.nio.channels.ServerSocketChannel#ServerSocketChannel(java.nio.channels.spi.SelectorProvider)#0&quot;, &quot;AbstractSelectableChannel := AbstractSelectableChannel&quot; }"/>
        </annotation>
    </item>
    <item name='java.nio.channels.spi.AbstractSelectableChannel java.lang.Object blockingLock()'>
        <annotation name='com.intellij.inspections.tainted.annotation.equation.Equations'>
            <val val="{ &quot;blockingLock := AbstractSelectableChannel&quot; }"/>
        </annotation>
    </item>
    <item name='java.nio.channels.spi.AbstractSelectableChannel java.nio.channels.SelectableChannel configureBlocking(boolean)'>
        <annotation name='com.intellij.inspections.tainted.annotation.equation.Equations'>
            <val val="{ &quot;configureBlocking := AbstractSelectableChannel&quot; }"/>
        </annotation>
    </item>
    <item name='java.nio.channels.spi.AbstractSelectableChannel java.nio.channels.SelectionKey findKey(java.nio.channels.Selector)'>
        <annotation name='com.intellij.inspections.tainted.annotation.equation.Equations'>
            <val val="{ &quot;findKey := AbstractSelectableChannel&quot;, &quot;sel := #keyFor(java.nio.channels.Selector)#0 &amp; #register(java.nio.channels.Selector, int, java.lang.Object)#0&quot; }"/>
        </annotation>
    </item>
    <item name='java.nio.channels.spi.AbstractSelectableChannel java.nio.channels.spi.SelectorProvider provider()'>
        <annotation name='com.intellij.inspections.tainted.annotation.equation.Equations'>
            <val val="{ &quot;provider := AbstractSelectableChannel&quot; }"/>
        </annotation>
    </item>
    <item name='java.nio.channels.spi.AbstractSelectableChannel void removeKey(java.nio.channels.SelectionKey)'>
        <annotation name='com.intellij.inspections.tainted.annotation.equation.Equations'>
            <val val="{ &quot;k := AbstractSelector#deregister(java.nio.channels.spi.AbstractSelectionKey)#0&quot; }"/>
        </annotation>
    </item>
    <item name='java.nio.channels.spi.AbstractSelectionKey'>
        <annotation name='com.intellij.inspections.tainted.annotation.equation.Equations'>
            <val val="{ &quot;AbstractSelectionKey := sun.nio.ch.SelectionKeyImpl&quot; }"/>
        </annotation>
    </item>
    <item name='java.nio.channels.spi.AbstractSelectionKey AbstractSelectionKey()'>
        <annotation name='com.intellij.inspections.tainted.annotation.equation.Equations'>
            <val val="{ &quot;AbstractSelectionKey := AbstractSelectionKey&quot; }"/>
        </annotation>
    </item>
    <item name='java.nio.channels.spi.AbstractSelector'>
        <annotation name='com.intellij.inspections.tainted.annotation.equation.Equations'>
            <val val="{ &quot;AbstractSelector := sun.nio.ch.SelectorImpl&quot; }"/>
        </annotation>
    </item>
    <item name='java.nio.channels.spi.AbstractSelector AbstractSelector(java.nio.channels.spi.SelectorProvider)'>
        <annotation name='com.intellij.inspections.tainted.annotation.equation.Equations'>
            <val val="{ &quot;provider := sun.nio.ch.SelectorImpl#SelectorImpl(java.nio.channels.spi.SelectorProvider)#0 &amp; sun.nio.ch.SelectorImpl#SelectorImpl(java.nio.channels.spi.SelectorProvider)#0&quot;, &quot;AbstractSelector := AbstractSelector&quot; }"/>
        </annotation>
    </item>
    <item name='java.nio.channels.spi.AbstractSelector java.nio.channels.SelectionKey register(java.nio.channels.spi.AbstractSelectableChannel, int, java.lang.Object)'>
        <annotation name='com.intellij.inspections.tainted.annotation.equation.Equations'>
            <val val="{ &quot;att := sun.nio.ch.SelectorImpl#register(java.nio.channels.spi.AbstractSelectableChannel, int, java.lang.Object)#2&quot;, &quot;ch := sun.nio.ch.SelectorImpl#register(java.nio.channels.spi.AbstractSelectableChannel, int, java.lang.Object)#0&quot;, &quot;ops := sun.nio.ch.SelectorImpl#register(java.nio.channels.spi.AbstractSelectableChannel, int, java.lang.Object)#1&quot;, &quot;register := sun.nio.ch.SelectorImpl#register(java.nio.channels.spi.AbstractSelectableChannel, int, java.lang.Object)&quot; }"/>
        </annotation>
    </item>
    <item name='java.nio.channels.spi.AbstractSelector java.nio.channels.spi.SelectorProvider provider()'>
        <annotation name='com.intellij.inspections.tainted.annotation.equation.Equations'>
            <val val="{ &quot;provider := AbstractSelector&quot; }"/>
        </annotation>
    </item>
    <item name='java.nio.channels.spi.AbstractSelector java.util.Set&lt;java.nio.channels.SelectionKey&gt; cancelledKeys()'>
        <annotation name='com.intellij.inspections.tainted.annotation.equation.Equations'>
            <val val="{ &quot;cancelledKeys := AbstractSelector&quot; }"/>
        </annotation>
    </item>
    <item name='java.nio.channels.spi.AbstractSelector void cancel(java.nio.channels.SelectionKey)'>
        <annotation name='com.intellij.inspections.tainted.annotation.equation.Equations'>
            <val val="{ &quot;k := AbstractSelectionKey&quot; }"/>
        </annotation>
    </item>
    <item name='java.nio.channels.spi.AbstractSelector void deregister(java.nio.channels.spi.AbstractSelectionKey)'>
        <annotation name='com.intellij.inspections.tainted.annotation.equation.Equations'>
            <val val="{ &quot;key := sun.nio.ch.KQueueSelectorImpl#implDereg(sun.nio.ch.SelectionKeyImpl)#0 &amp; sun.nio.ch.KQueueSelectorImpl#implDereg(sun.nio.ch.SelectionKeyImpl)#0&quot; }"/>
        </annotation>
    </item>
    <item name='java.nio.channels.spi.SelectorProvider'>
        <annotation name='com.intellij.inspections.tainted.annotation.equation.Equations'>
            <val val="{ &quot;SelectorProvider := &quot; }"/>
        </annotation>
    </item>
    <item name='java.nio.channels.spi.SelectorProvider SelectorProvider()'>
        <annotation name='com.intellij.inspections.tainted.annotation.equation.Equations'>
            <val val="{ &quot;SelectorProvider := SelectorProvider&quot; }"/>
        </annotation>
    </item>
    <item name='java.nio.channels.spi.SelectorProvider java.nio.channels.DatagramChannel openDatagramChannel(java.net.ProtocolFamily)'>
        <annotation name='com.intellij.inspections.tainted.annotation.equation.Equations'>
            <val val="{ &quot;family := java.nio.channels.DatagramChannel#open(java.net.ProtocolFamily)#0&quot; }"/>
        </annotation>
    </item>
    <item name='java.nio.channels.spi.SelectorProvider java.nio.channels.spi.AbstractSelector openSelector()'>
        <annotation name='com.intellij.inspections.tainted.annotation.equation.Equations'>
            <val val="{ &quot;openSelector := sun.nio.ch.SelectorProviderImpl#openSelector()&quot; }"/>
        </annotation>
    </item>
    <item name='java.nio.channels.spi.SelectorProvider java.nio.channels.spi.SelectorProvider provider()'>
        <annotation name='com.intellij.inspections.tainted.annotation.equation.Equations'>
            <val val="{ &quot;provider := SelectorProvider&quot; }"/>
        </annotation>
    </item>
</root>