<root>
    <item name='com.sun.corba.se.impl.resolver.BootstrapResolverImpl BootstrapResolverImpl(com.sun.corba.se.spi.orb.ORB, java.lang.String, int)'>
        <annotation name='com.intellij.inspections.tainted.annotation.equation.Equations'>
            <val val="{ &quot;orb := com.sun.corba.se.spi.resolver.ResolverDefault#makeBootstrapResolver(com.sun.corba.se.spi.orb.ORB, java.lang.String, int)#0&quot;, &quot;port := com.sun.corba.se.spi.resolver.ResolverDefault#makeBootstrapResolver(com.sun.corba.se.spi.orb.ORB, java.lang.String, int)#2&quot;, &quot;BootstrapResolverImpl := BootstrapResolverImpl&quot;, &quot;host := com.sun.corba.se.spi.resolver.ResolverDefault#makeBootstrapResolver(com.sun.corba.se.spi.orb.ORB, java.lang.String, int)#1&quot; }"/>
        </annotation>
    </item>
    <item name='com.sun.corba.se.impl.resolver.BootstrapResolverImpl org.omg.CORBA.portable.InputStream invoke(java.lang.String, java.lang.String)'>
        <annotation name='com.intellij.inspections.tainted.annotation.equation.Equations'>
            <val val="{ &quot;parameter := #resolve(java.lang.String)#0&quot; }"/>
        </annotation>
    </item>
    <item name='com.sun.corba.se.impl.resolver.FileResolverImpl'>
        <annotation name='com.intellij.inspections.tainted.annotation.equation.Equations'>
            <val val="{ &quot;FileResolverImpl := &quot; }"/>
        </annotation>
    </item>
    <item name='com.sun.corba.se.impl.resolver.FileResolverImpl FileResolverImpl(com.sun.corba.se.spi.orb.ORB, java.io.File)'>
        <annotation name='com.intellij.inspections.tainted.annotation.equation.Equations'>
            <val val="{ &quot;orb := com.sun.corba.se.spi.resolver.ResolverDefault#makeFileResolver(com.sun.corba.se.spi.orb.ORB, java.io.File)#0&quot;, &quot;FileResolverImpl := FileResolverImpl&quot;, &quot;file := com.sun.corba.se.spi.resolver.ResolverDefault#makeFileResolver(com.sun.corba.se.spi.orb.ORB, java.io.File)#1&quot; }"/>
        </annotation>
    </item>
    <item name='com.sun.corba.se.impl.resolver.INSURLOperationImpl'>
        <annotation name='com.intellij.inspections.tainted.annotation.equation.Equations'>
            <val val="{ &quot;INSURLOperationImpl := &quot; }"/>
        </annotation>
    </item>
    <item name='com.sun.corba.se.impl.resolver.INSURLOperationImpl INSURLOperationImpl(com.sun.corba.se.spi.orb.ORB, com.sun.corba.se.spi.resolver.Resolver)'>
        <annotation name='com.intellij.inspections.tainted.annotation.equation.Equations'>
            <val val="{ &quot;orb := com.sun.corba.se.spi.resolver.ResolverDefault#makeINSURLOperation(com.sun.corba.se.spi.orb.ORB, com.sun.corba.se.spi.resolver.Resolver)#0&quot;, &quot;INSURLOperationImpl := INSURLOperationImpl&quot;, &quot;bootstrapResolver := com.sun.corba.se.spi.resolver.ResolverDefault#makeINSURLOperation(com.sun.corba.se.spi.orb.ORB, com.sun.corba.se.spi.resolver.Resolver)#1&quot; }"/>
        </annotation>
    </item>
    <item name='com.sun.corba.se.impl.resolver.INSURLOperationImpl org.omg.CORBA.Object getIORFromString(java.lang.String)'>
        <annotation name='com.intellij.inspections.tainted.annotation.equation.Equations'>
            <val val="{ &quot;str := #operate(java.lang.Object)#0&quot; }"/>
        </annotation>
    </item>
    <item name='com.sun.corba.se.impl.resolver.INSURLOperationImpl org.omg.CORBA.Object getIORUsingCorbaloc(com.sun.corba.se.impl.naming.namingutil.INSURL)'>
        <annotation name='com.intellij.inspections.tainted.annotation.equation.Equations'>
            <val val="{ &quot;corbalocObject := #resolveCorbaloc(com.sun.corba.se.impl.naming.namingutil.CorbalocURL)#0 &amp; #resolveCorbaname(com.sun.corba.se.impl.naming.namingutil.CorbanameURL)#0&quot; }"/>
        </annotation>
    </item>
    <item name='com.sun.corba.se.impl.resolver.INSURLOperationImpl org.omg.CORBA.Object resolveCorbaloc(com.sun.corba.se.impl.naming.namingutil.CorbalocURL)'>
        <annotation name='com.intellij.inspections.tainted.annotation.equation.Equations'>
            <val val="{ &quot;theCorbaLocObject := #resolveINSURL(com.sun.corba.se.impl.naming.namingutil.INSURL)#0&quot; }"/>
        </annotation>
    </item>
    <item name='com.sun.corba.se.impl.resolver.INSURLOperationImpl org.omg.CORBA.Object resolveCorbaname(com.sun.corba.se.impl.naming.namingutil.CorbanameURL)'>
        <annotation name='com.intellij.inspections.tainted.annotation.equation.Equations'>
            <val val="{ &quot;theCorbaName := #resolveINSURL(com.sun.corba.se.impl.naming.namingutil.INSURL)#0&quot; }"/>
        </annotation>
    </item>
    <item name='com.sun.corba.se.impl.resolver.INSURLOperationImpl org.omg.CosNaming.NamingContextExt getDefaultRootNamingContext()'>
        <annotation name='com.intellij.inspections.tainted.annotation.equation.Equations'>
            <val val="{ &quot;getDefaultRootNamingContext := INSURLOperationImpl&quot; }"/>
        </annotation>
    </item>
    <item name='com.sun.corba.se.impl.resolver.LocalResolverImpl'>
        <annotation name='com.intellij.inspections.tainted.annotation.equation.Equations'>
            <val val="{ &quot;LocalResolverImpl := &quot; }"/>
        </annotation>
    </item>
    <item name='com.sun.corba.se.impl.resolver.ORBDefaultInitRefResolverImpl ORBDefaultInitRefResolverImpl(com.sun.corba.se.spi.orb.Operation, java.lang.String)'>
        <annotation name='com.intellij.inspections.tainted.annotation.equation.Equations'>
            <val val="{ &quot;urlHandler := com.sun.corba.se.spi.resolver.ResolverDefault#makeORBDefaultInitRefResolver(com.sun.corba.se.spi.orb.Operation, java.lang.String)#0&quot;, &quot;orbDefaultInitRef := com.sun.corba.se.spi.resolver.ResolverDefault#makeORBDefaultInitRefResolver(com.sun.corba.se.spi.orb.Operation, java.lang.String)#1&quot;, &quot;ORBDefaultInitRefResolverImpl := ORBDefaultInitRefResolverImpl&quot; }"/>
        </annotation>
    </item>
    <item name='com.sun.corba.se.impl.resolver.SplitLocalResolverImpl SplitLocalResolverImpl(com.sun.corba.se.spi.resolver.Resolver, com.sun.corba.se.spi.resolver.LocalResolver)'>
        <annotation name='com.intellij.inspections.tainted.annotation.equation.Equations'>
            <val val="{ &quot;localResolver := com.sun.corba.se.spi.resolver.ResolverDefault#makeSplitLocalResolver(com.sun.corba.se.spi.resolver.Resolver, com.sun.corba.se.spi.resolver.LocalResolver)#1&quot;, &quot;SplitLocalResolverImpl := SplitLocalResolverImpl&quot;, &quot;resolver := com.sun.corba.se.spi.resolver.ResolverDefault#makeSplitLocalResolver(com.sun.corba.se.spi.resolver.Resolver, com.sun.corba.se.spi.resolver.LocalResolver)#0&quot; }"/>
        </annotation>
    </item>
</root>