<root>
    <item name='java.io.OutputStream void write(byte[], int, int)'>
        <annotation name='com.intellij.inspections.tainted.annotation.equation.Equations'>
            <val val="{ &quot;javax.servlet.http.NoBodyOutputStream#write(byte[], int, int)#0 := b&quot; }"/>
        </annotation>
    </item>
    <item name='java.io.OutputStreamWriter OutputStreamWriter(java.io.OutputStream, java.lang.String)'>
        <annotation name='com.intellij.inspections.tainted.annotation.equation.Equations'>
            <val val="{ &quot;sun.nio.cs.StreamEncoder#forOutputStreamWriter(java.io.OutputStream, java.lang.Object, java.lang.String)#2 := charsetName&quot;, &quot;Writer#Writer(java.lang.Object)#0 := out&quot;, &quot;sun.nio.cs.StreamEncoder#forOutputStreamWriter(java.io.OutputStream, java.lang.Object, java.lang.String)#0 := out&quot; }"/>
        </annotation>
    </item>
    <item name='java.io.PrintWriter PrintWriter(java.io.Writer)'>
        <annotation name='com.intellij.inspections.tainted.annotation.equation.Equations'>
            <val val="{ &quot;#PrintWriter(java.io.Writer, boolean)#0 := out&quot; }"/>
        </annotation>
    </item>
</root>