<root>
    <item name='com.sun.org.apache.xml.internal.security.keys.storage.StorageResolver StorageResolver(com.sun.org.apache.xml.internal.security.keys.storage.StorageResolverSpi)'>
        <annotation name='com.intellij.inspections.tainted.annotation.equation.Equations'>
            <val val="{ &quot;StorageResolver := StorageResolver&quot; }"/>
        </annotation>
    </item>
    <item name='com.sun.org.apache.xml.internal.security.keys.storage.StorageResolver StorageResolver(java.security.KeyStore)'>
        <annotation name='com.intellij.inspections.tainted.annotation.equation.Equations'>
            <val val="{ &quot;StorageResolver := StorageResolver&quot; }"/>
        </annotation>
    </item>
    <item name='com.sun.org.apache.xml.internal.security.keys.storage.StorageResolver StorageResolver(java.security.cert.X509Certificate)'>
        <annotation name='com.intellij.inspections.tainted.annotation.equation.Equations'>
            <val val="{ &quot;StorageResolver := StorageResolver&quot; }"/>
        </annotation>
    </item>
    <item name='com.sun.org.apache.xml.internal.security.keys.storage.StorageResolver void add(com.sun.org.apache.xml.internal.security.keys.storage.StorageResolverSpi)'>
        <annotation name='com.intellij.inspections.tainted.annotation.equation.Equations'>
            <val val="{ &quot;resolver := #StorageResolver(com.sun.org.apache.xml.internal.security.keys.storage.StorageResolverSpi)#0&quot; }"/>
        </annotation>
    </item>
    <item name='com.sun.org.apache.xml.internal.security.keys.storage.StorageResolver void add(java.security.KeyStore)'>
        <annotation name='com.intellij.inspections.tainted.annotation.equation.Equations'>
            <val val="{ &quot;keyStore := #StorageResolver(java.security.KeyStore)#0&quot; }"/>
        </annotation>
    </item>
    <item name='com.sun.org.apache.xml.internal.security.keys.storage.StorageResolver void add(java.security.cert.X509Certificate)'>
        <annotation name='com.intellij.inspections.tainted.annotation.equation.Equations'>
            <val val="{ &quot;x509certificate := #StorageResolver(java.security.cert.X509Certificate)#0&quot; }"/>
        </annotation>
    </item>
    <item name='com.sun.org.apache.xml.internal.security.keys.storage.StorageResolver.StorageResolverIterator StorageResolverIterator(java.util.Iterator&lt;com.sun.org.apache.xml.internal.security.keys.storage.StorageResolverSpi&gt;)'>
        <annotation name='com.intellij.inspections.tainted.annotation.equation.Equations'>
            <val val="{ &quot;StorageResolverIterator := StorageResolver.StorageResolverIterator&quot; }"/>
        </annotation>
    </item>
    <item name='com.sun.org.apache.xml.internal.security.keys.storage.StorageResolver.StorageResolverIterator boolean hasNext()'>
        <annotation name='com.intellij.inspections.tainted.annotation.equation.Equations'>
            <val val="{ &quot;hasNext := StorageResolver.StorageResolverIterator&quot; }"/>
        </annotation>
    </item>
    <item name='com.sun.org.apache.xml.internal.security.keys.storage.StorageResolverException StorageResolverException(java.lang.String)'>
        <annotation name='com.intellij.inspections.tainted.annotation.equation.Equations'>
            <val val="{ &quot;StorageResolverException := StorageResolverException&quot; }"/>
        </annotation>
    </item>
    <item name='com.sun.org.apache.xml.internal.security.keys.storage.StorageResolverException StorageResolverException(java.lang.String, java.lang.Exception)'>
        <annotation name='com.intellij.inspections.tainted.annotation.equation.Equations'>
            <val val="{ &quot;StorageResolverException := StorageResolverException&quot; }"/>
        </annotation>
    </item>
    <item name='com.sun.org.apache.xml.internal.security.keys.storage.StorageResolverException StorageResolverException(java.lang.String, java.lang.Object[])'>
        <annotation name='com.intellij.inspections.tainted.annotation.equation.Equations'>
            <val val="{ &quot;StorageResolverException := StorageResolverException&quot; }"/>
        </annotation>
    </item>
    <item name='com.sun.org.apache.xml.internal.security.keys.storage.StorageResolverException StorageResolverException(java.lang.String, java.lang.Object[], java.lang.Exception)'>
        <annotation name='com.intellij.inspections.tainted.annotation.equation.Equations'>
            <val val="{ &quot;StorageResolverException := StorageResolverException&quot; }"/>
        </annotation>
    </item>
    <item name='com.sun.org.apache.xml.internal.security.keys.storage.StorageResolverSpi java.util.Iterator&lt;java.security.cert.Certificate&gt; getIterator()'>
        <annotation name='com.intellij.inspections.tainted.annotation.equation.Equations'>
            <val val="{ &quot;getIterator := com.sun.org.apache.xml.internal.security.keys.storage.implementations.SingleCertificateResolver#getIterator() &amp; com.sun.org.apache.xml.internal.security.keys.storage.implementations.KeyStoreResolver#getIterator() &amp; com.sun.org.apache.xml.internal.security.keys.storage.implementations.CertsInFilesystemDirectoryResolver#getIterator()&quot; }"/>
        </annotation>
    </item>
</root>