<root>
    <item name='org.locationtech.jts.algorithm.locate.IndexedPointInAreaLocator'>
        <annotation name='com.intellij.inspections.tainted.annotation.equation.Equations'>
            <val val="{ &quot;IndexedPointInAreaLocator := &quot; }"/>
        </annotation>
    </item>
    <item name='org.locationtech.jts.algorithm.locate.IndexedPointInAreaLocator IndexedPointInAreaLocator(org.locationtech.jts.geom.Geometry)'>
        <annotation name='com.intellij.inspections.tainted.annotation.equation.Equations'>
            <val val="{ &quot;IndexedPointInAreaLocator := IndexedPointInAreaLocator&quot;, &quot;g := org.locationtech.jts.geomgraph.GeometryGraph&quot; }"/>
        </annotation>
    </item>
    <item name='org.locationtech.jts.algorithm.locate.IndexedPointInAreaLocator int locate(org.locationtech.jts.geom.Coordinate)'>
        <annotation name='com.intellij.inspections.tainted.annotation.equation.Equations'>
            <val val="{ &quot;locate := &quot;, &quot;p := PointOnGeometryLocator#locate(org.locationtech.jts.geom.Coordinate)#0&quot; }"/>
        </annotation>
    </item>
    <item name='org.locationtech.jts.algorithm.locate.IndexedPointInAreaLocator.IntervalIndexedGeometry'>
        <annotation name='com.intellij.inspections.tainted.annotation.equation.Equations'>
            <val val="{ &quot;IntervalIndexedGeometry := &quot; }"/>
        </annotation>
    </item>
    <item name='org.locationtech.jts.algorithm.locate.IndexedPointInAreaLocator.IntervalIndexedGeometry IntervalIndexedGeometry(org.locationtech.jts.geom.Geometry)'>
        <annotation name='com.intellij.inspections.tainted.annotation.equation.Equations'>
            <val val="{ &quot;IntervalIndexedGeometry := IndexedPointInAreaLocator.IntervalIndexedGeometry&quot;, &quot;geom := IndexedPointInAreaLocator#IndexedPointInAreaLocator(org.locationtech.jts.geom.Geometry)#0&quot; }"/>
        </annotation>
    </item>
    <item name='org.locationtech.jts.algorithm.locate.IndexedPointInAreaLocator.IntervalIndexedGeometry java.util.List query(double, double)'>
        <annotation name='com.intellij.inspections.tainted.annotation.equation.Equations'>
            <val val="{ &quot;query := &quot; }"/>
        </annotation>
    </item>
    <item name='org.locationtech.jts.algorithm.locate.IndexedPointInAreaLocator.IntervalIndexedGeometry void addLine(org.locationtech.jts.geom.Coordinate[])'>
        <annotation name='com.intellij.inspections.tainted.annotation.equation.Equations'>
            <val val="{ &quot;pts := &quot; }"/>
        </annotation>
    </item>
    <item name='org.locationtech.jts.algorithm.locate.IndexedPointInAreaLocator.IntervalIndexedGeometry void init(org.locationtech.jts.geom.Geometry)'>
        <annotation name='com.intellij.inspections.tainted.annotation.equation.Equations'>
            <val val="{ &quot;geom := #IntervalIndexedGeometry(org.locationtech.jts.geom.Geometry)#0&quot; }"/>
        </annotation>
    </item>
    <item name='org.locationtech.jts.algorithm.locate.IndexedPointInAreaLocator.IntervalIndexedGeometry void query(double, double, org.locationtech.jts.index.ItemVisitor)'>
        <annotation name='com.intellij.inspections.tainted.annotation.equation.Equations'>
            <val val="{ &quot;visitor := &quot; }"/>
        </annotation>
    </item>
    <item name='org.locationtech.jts.algorithm.locate.IndexedPointInAreaLocator.SegmentVisitor'>
        <annotation name='com.intellij.inspections.tainted.annotation.equation.Equations'>
            <val val="{ &quot;SegmentVisitor := #SegmentVisitor(org.locationtech.jts.algorithm.RayCrossingCounter)#0&quot; }"/>
        </annotation>
    </item>
    <item name='org.locationtech.jts.algorithm.locate.IndexedPointInAreaLocator.SegmentVisitor SegmentVisitor(org.locationtech.jts.algorithm.RayCrossingCounter)'>
        <annotation name='com.intellij.inspections.tainted.annotation.equation.Equations'>
            <val val="{ &quot;counter := &quot;, &quot;SegmentVisitor := IndexedPointInAreaLocator.SegmentVisitor&quot; }"/>
        </annotation>
    </item>
    <item name='org.locationtech.jts.algorithm.locate.IndexedPointInAreaLocator.SegmentVisitor void visitItem(java.lang.Object)'>
        <annotation name='com.intellij.inspections.tainted.annotation.equation.Equations'>
            <val val="{ &quot;item := org.locationtech.jts.index.ItemVisitor#visitItem(java.lang.Object)#0&quot; }"/>
        </annotation>
    </item>
    <item name='org.locationtech.jts.algorithm.locate.PointOnGeometryLocator int locate(org.locationtech.jts.geom.Coordinate)'>
        <annotation name='com.intellij.inspections.tainted.annotation.equation.Equations'>
            <val val="{ &quot;p := org.locationtech.jts.geomgraph.GeometryGraph#locate(org.locationtech.jts.geom.Coordinate)#0&quot; }"/>
        </annotation>
    </item>
    <item name='org.locationtech.jts.algorithm.locate.SimplePointInAreaLocator boolean containsPointInPolygon(org.locationtech.jts.geom.Coordinate, org.locationtech.jts.geom.Polygon)'>
        <annotation name='com.intellij.inspections.tainted.annotation.equation.Equations'>
            <val val="{ &quot;p := &quot;, &quot;poly := org.locationtech.jts.operation.predicate.GeometryContainsPointVisitor#visit(org.locationtech.jts.geom.Geometry)#0&quot;, &quot;containsPointInPolygon := org.locationtech.jts.geom.Location#EXTERIOR&quot; }"/>
        </annotation>
    </item>
    <item name='org.locationtech.jts.algorithm.locate.SimplePointInAreaLocator int locate(org.locationtech.jts.geom.Coordinate, org.locationtech.jts.geom.Geometry)'>
        <annotation name='com.intellij.inspections.tainted.annotation.equation.Equations'>
            <val val="{ &quot;geom := &quot;, &quot;locate := org.locationtech.jts.geom.Location#EXTERIOR&quot;, &quot;p := org.locationtech.jts.geomgraph.EdgeEndStar#getLocation(int, org.locationtech.jts.geom.Coordinate, org.locationtech.jts.geomgraph.GeometryGraph[])#1&quot; }"/>
        </annotation>
    </item>
    <item name='org.locationtech.jts.algorithm.locate.SimplePointInAreaLocator int locateInGeometry(org.locationtech.jts.geom.Coordinate, org.locationtech.jts.geom.Geometry)'>
        <annotation name='com.intellij.inspections.tainted.annotation.equation.Equations'>
            <val val="{ &quot;p := #locate(org.locationtech.jts.geom.Coordinate, org.locationtech.jts.geom.Geometry)#0&quot;, &quot;locateInGeometry := org.locationtech.jts.geom.Location#EXTERIOR&quot;, &quot;geom := #locate(org.locationtech.jts.geom.Coordinate, org.locationtech.jts.geom.Geometry)#1&quot; }"/>
        </annotation>
    </item>
    <item name='org.locationtech.jts.algorithm.locate.SimplePointInAreaLocator int locatePointInPolygon(org.locationtech.jts.geom.Coordinate, org.locationtech.jts.geom.Polygon)'>
        <annotation name='com.intellij.inspections.tainted.annotation.equation.Equations'>
            <val val="{ &quot;poly := #containsPointInPolygon(org.locationtech.jts.geom.Coordinate, org.locationtech.jts.geom.Polygon)#1 &amp; #locateInGeometry(org.locationtech.jts.geom.Coordinate, org.locationtech.jts.geom.Geometry)#1&quot;, &quot;locatePointInPolygon := org.locationtech.jts.geom.Location#EXTERIOR &amp; org.locationtech.jts.geom.Location#BOUNDARY &amp; org.locationtech.jts.geom.Location#INTERIOR&quot;, &quot;p := #containsPointInPolygon(org.locationtech.jts.geom.Coordinate, org.locationtech.jts.geom.Polygon)#0 &amp; #locateInGeometry(org.locationtech.jts.geom.Coordinate, org.locationtech.jts.geom.Geometry)#0&quot; }"/>
        </annotation>
    </item>
    <item name='org.locationtech.jts.algorithm.locate.SimplePointInAreaLocator int locatePointInRing(org.locationtech.jts.geom.Coordinate, org.locationtech.jts.geom.LinearRing)'>
        <annotation name='com.intellij.inspections.tainted.annotation.equation.Equations'>
            <val val="{ &quot;p := #locatePointInPolygon(org.locationtech.jts.geom.Coordinate, org.locationtech.jts.geom.Polygon)#0&quot;, &quot;ring := &quot;, &quot;locatePointInRing := org.locationtech.jts.geom.Location#EXTERIOR&quot; }"/>
        </annotation>
    </item>
</root>