<root>
    <item name='com.sun.org.apache.xalan.internal.xsltc.cmdline.Transform Transform(java.lang.String, java.lang.String, boolean, boolean, int)'>
        <annotation name='com.intellij.inspections.tainted.annotation.equation.Equations'>
            <val val="{ &quot;Transform := Transform&quot;, &quot;className := #main(java.lang.String[])#0&quot;, &quot;fileName := #main(java.lang.String[])#0&quot;, &quot;iterations := &quot; }"/>
        </annotation>
    </item>
    <item name='com.sun.org.apache.xalan.internal.xsltc.cmdline.Transform java.lang.String getClassName()'>
        <annotation name='com.intellij.inspections.tainted.annotation.equation.Equations'>
            <val val="{ &quot;getClassName := Transform&quot; }"/>
        </annotation>
    </item>
    <item name='com.sun.org.apache.xalan.internal.xsltc.cmdline.Transform java.lang.String getFileName()'>
        <annotation name='com.intellij.inspections.tainted.annotation.equation.Equations'>
            <val val="{ &quot;getFileName := Transform&quot; }"/>
        </annotation>
    </item>
    <item name='com.sun.org.apache.xalan.internal.xsltc.cmdline.Transform void setJarFileInputSrc(boolean, java.lang.String)'>
        <annotation name='com.intellij.inspections.tainted.annotation.equation.Equations'>
            <val val="{ &quot;jarFile := #main(java.lang.String[])#0&quot; }"/>
        </annotation>
    </item>
    <item name='com.sun.org.apache.xalan.internal.xsltc.cmdline.Transform void setParameters(java.util.Vector)'>
        <annotation name='com.intellij.inspections.tainted.annotation.equation.Equations'>
            <val val="{ &quot;params := &quot; }"/>
        </annotation>
    </item>
</root>