<root>
    <item name='com.sun.corba.se.impl.monitoring.MonitoredObjectImpl'>
        <annotation name='com.intellij.inspections.tainted.annotation.equation.Equations'>
            <val val="{ &quot;MonitoredObjectImpl := #setParent(com.sun.corba.se.spi.monitoring.MonitoredObject)#0&quot; }"/>
        </annotation>
    </item>
    <item name='com.sun.corba.se.impl.monitoring.MonitoredObjectImpl MonitoredObjectImpl(java.lang.String, java.lang.String)'>
        <annotation name='com.intellij.inspections.tainted.annotation.equation.Equations'>
            <val val="{ &quot;MonitoredObjectImpl := MonitoredObjectImpl&quot;, &quot;name := MonitoredObjectFactoryImpl#createMonitoredObject(java.lang.String, java.lang.String)#0&quot;, &quot;description := MonitoredObjectFactoryImpl#createMonitoredObject(java.lang.String, java.lang.String)#1&quot; }"/>
        </annotation>
    </item>
    <item name='com.sun.corba.se.impl.monitoring.MonitoredObjectImpl com.sun.corba.se.spi.monitoring.MonitoredObject getParent()'>
        <annotation name='com.intellij.inspections.tainted.annotation.equation.Equations'>
            <val val="{ &quot;getParent := MonitoredObjectImpl&quot; }"/>
        </annotation>
    </item>
    <item name='com.sun.corba.se.impl.monitoring.MonitoredObjectImpl java.lang.String getDescription()'>
        <annotation name='com.intellij.inspections.tainted.annotation.equation.Equations'>
            <val val="{ &quot;getDescription := MonitoredObjectImpl&quot; }"/>
        </annotation>
    </item>
    <item name='com.sun.corba.se.impl.monitoring.MonitoredObjectImpl java.lang.String getName()'>
        <annotation name='com.intellij.inspections.tainted.annotation.equation.Equations'>
            <val val="{ &quot;getName := MonitoredObjectImpl&quot; }"/>
        </annotation>
    </item>
    <item name='com.sun.corba.se.impl.monitoring.MonitoringManagerFactoryImpl'>
        <annotation name='com.intellij.inspections.tainted.annotation.equation.Equations'>
            <val val="{ &quot;MonitoringManagerFactoryImpl := &quot; }"/>
        </annotation>
    </item>
    <item name='com.sun.corba.se.impl.monitoring.MonitoringManagerImpl MonitoringManagerImpl(java.lang.String, java.lang.String)'>
        <annotation name='com.intellij.inspections.tainted.annotation.equation.Equations'>
            <val val="{ &quot;description := MonitoringManagerFactoryImpl#createMonitoringManager(java.lang.String, java.lang.String)#1&quot;, &quot;nameOfTheRoot := MonitoringManagerFactoryImpl#createMonitoringManager(java.lang.String, java.lang.String)#0&quot;, &quot;MonitoringManagerImpl := MonitoringManagerImpl&quot; }"/>
        </annotation>
    </item>
    <item name='com.sun.corba.se.impl.monitoring.MonitoringManagerImpl com.sun.corba.se.spi.monitoring.MonitoredObject getRootMonitoredObject()'>
        <annotation name='com.intellij.inspections.tainted.annotation.equation.Equations'>
            <val val="{ &quot;getRootMonitoredObject := MonitoringManagerImpl&quot; }"/>
        </annotation>
    </item>
</root>