<root>
    <item name='org.slf4j.helpers.FormattingTuple'>
        <annotation name='com.intellij.inspections.tainted.annotation.equation.Equations'>
            <val val="{ &quot;FormattingTuple := #FormattingTuple(java.lang.String, java.lang.Object[], java.lang.Throwable)#0 &amp; #FormattingTuple(java.lang.String, java.lang.Object[], java.lang.Throwable)#2 &amp; #FormattingTuple(java.lang.String, java.lang.Object[], java.lang.Throwable)#1&quot; }"/>
        </annotation>
    </item>
    <item name='org.slf4j.helpers.FormattingTuple FormattingTuple(java.lang.String)'>
        <annotation name='com.intellij.inspections.tainted.annotation.equation.Equations'>
            <val val="{ &quot;FormattingTuple := FormattingTuple&quot; }"/>
        </annotation>
    </item>
    <item name='org.slf4j.helpers.FormattingTuple FormattingTuple(java.lang.String, java.lang.Object[], java.lang.Throwable)'>
        <annotation name='com.intellij.inspections.tainted.annotation.equation.Equations'>
            <val val="{ &quot;FormattingTuple := FormattingTuple&quot;, &quot;message := #FormattingTuple(java.lang.String)#0&quot; }"/>
        </annotation>
    </item>
    <item name='org.slf4j.helpers.FormattingTuple java.lang.Object[] getArgArray()'>
        <annotation name='com.intellij.inspections.tainted.annotation.equation.Equations'>
            <val val="{ &quot;getArgArray := FormattingTuple&quot; }"/>
        </annotation>
    </item>
    <item name='org.slf4j.helpers.FormattingTuple java.lang.String getMessage()'>
        <annotation name='com.intellij.inspections.tainted.annotation.equation.Equations'>
            <val val="{ &quot;getMessage := FormattingTuple&quot; }"/>
        </annotation>
    </item>
    <item name='org.slf4j.helpers.FormattingTuple java.lang.Throwable getThrowable()'>
        <annotation name='com.intellij.inspections.tainted.annotation.equation.Equations'>
            <val val="{ &quot;getThrowable := FormattingTuple&quot; }"/>
        </annotation>
    </item>
    <item name='org.slf4j.helpers.NOPLogger NOPLogger()'>
        <annotation name='com.intellij.inspections.tainted.annotation.equation.Equations'>
            <val val="{ &quot;NOPLogger := NOPLogger&quot; }"/>
        </annotation>
    </item>
    <item name='org.slf4j.helpers.NOPLogger void debug(java.lang.String)'>
        <annotation name='com.intellij.inspections.tainted.annotation.equation.Equations'>
            <val val="{ &quot;msg := org.slf4j.Logger#debug(java.lang.String)#0&quot; }"/>
        </annotation>
    </item>
    <item name='org.slf4j.helpers.NOPLogger void debug(java.lang.String, java.lang.Object)'>
        <annotation name='com.intellij.inspections.tainted.annotation.equation.Equations'>
            <val val="{ &quot;arg := org.slf4j.Logger#debug(java.lang.String, java.lang.Object)#1&quot;, &quot;format := org.slf4j.Logger#debug(java.lang.String, java.lang.Object)#0&quot; }"/>
        </annotation>
    </item>
    <item name='org.slf4j.helpers.NOPLogger void debug(java.lang.String, java.lang.Object, java.lang.Object)'>
        <annotation name='com.intellij.inspections.tainted.annotation.equation.Equations'>
            <val val="{ &quot;arg1 := org.slf4j.Logger#debug(java.lang.String, java.lang.Object, java.lang.Object)#1&quot;, &quot;format := org.slf4j.Logger#debug(java.lang.String, java.lang.Object, java.lang.Object)#0&quot;, &quot;arg2 := org.slf4j.Logger#debug(java.lang.String, java.lang.Object, java.lang.Object)#2&quot; }"/>
        </annotation>
    </item>
    <item name='org.slf4j.helpers.NOPLogger void debug(java.lang.String, java.lang.Object...)'>
        <annotation name='com.intellij.inspections.tainted.annotation.equation.Equations'>
            <val val="{ &quot;argArray := org.slf4j.Logger#debug(java.lang.String, java.lang.Object...)#1&quot;, &quot;format := org.slf4j.Logger#debug(java.lang.String, java.lang.Object...)#0&quot; }"/>
        </annotation>
    </item>
    <item name='org.slf4j.helpers.NOPLogger void debug(java.lang.String, java.lang.Object[])'>
        <annotation name='com.intellij.inspections.tainted.annotation.equation.Equations'>
            <val val="{ &quot;argArray := org.slf4j.Logger#debug(java.lang.String, java.lang.Object[])#1&quot;, &quot;format := org.slf4j.Logger#debug(java.lang.String, java.lang.Object[])#0&quot; }"/>
        </annotation>
    </item>
    <item name='org.slf4j.helpers.NOPLogger void debug(java.lang.String, java.lang.Throwable)'>
        <annotation name='com.intellij.inspections.tainted.annotation.equation.Equations'>
            <val val="{ &quot;t := org.slf4j.Logger#debug(java.lang.String, java.lang.Throwable)#1&quot;, &quot;msg := org.slf4j.Logger#debug(java.lang.String, java.lang.Throwable)#0&quot; }"/>
        </annotation>
    </item>
    <item name='org.slf4j.helpers.NOPLogger void error(java.lang.String)'>
        <annotation name='com.intellij.inspections.tainted.annotation.equation.Equations'>
            <val val="{ &quot;msg := org.slf4j.Logger#error(java.lang.String)#0&quot; }"/>
        </annotation>
    </item>
    <item name='org.slf4j.helpers.NOPLogger void error(java.lang.String, java.lang.Object)'>
        <annotation name='com.intellij.inspections.tainted.annotation.equation.Equations'>
            <val val="{ &quot;format := org.slf4j.Logger#error(java.lang.String, java.lang.Object)#0&quot;, &quot;arg1 := org.slf4j.Logger#error(java.lang.String, java.lang.Object)#1&quot; }"/>
        </annotation>
    </item>
    <item name='org.slf4j.helpers.NOPLogger void error(java.lang.String, java.lang.Object, java.lang.Object)'>
        <annotation name='com.intellij.inspections.tainted.annotation.equation.Equations'>
            <val val="{ &quot;arg1 := org.slf4j.Logger#error(java.lang.String, java.lang.Object, java.lang.Object)#1&quot;, &quot;format := org.slf4j.Logger#error(java.lang.String, java.lang.Object, java.lang.Object)#0&quot;, &quot;arg2 := org.slf4j.Logger#error(java.lang.String, java.lang.Object, java.lang.Object)#2&quot; }"/>
        </annotation>
    </item>
    <item name='org.slf4j.helpers.NOPLogger void error(java.lang.String, java.lang.Object...)'>
        <annotation name='com.intellij.inspections.tainted.annotation.equation.Equations'>
            <val val="{ &quot;argArray := org.slf4j.Logger#error(java.lang.String, java.lang.Object...)#1&quot;, &quot;format := org.slf4j.Logger#error(java.lang.String, java.lang.Object...)#0&quot; }"/>
        </annotation>
    </item>
    <item name='org.slf4j.helpers.NOPLogger void error(java.lang.String, java.lang.Object[])'>
        <annotation name='com.intellij.inspections.tainted.annotation.equation.Equations'>
            <val val="{ &quot;argArray := org.slf4j.Logger#error(java.lang.String, java.lang.Object[])#1&quot;, &quot;format := org.slf4j.Logger#error(java.lang.String, java.lang.Object[])#0&quot; }"/>
        </annotation>
    </item>
    <item name='org.slf4j.helpers.NOPLogger void error(java.lang.String, java.lang.Throwable)'>
        <annotation name='com.intellij.inspections.tainted.annotation.equation.Equations'>
            <val val="{ &quot;t := org.slf4j.Logger#error(java.lang.String, java.lang.Throwable)#1&quot;, &quot;msg := org.slf4j.Logger#error(java.lang.String, java.lang.Throwable)#0&quot; }"/>
        </annotation>
    </item>
    <item name='org.slf4j.helpers.NOPLogger void info(java.lang.String)'>
        <annotation name='com.intellij.inspections.tainted.annotation.equation.Equations'>
            <val val="{ &quot;msg := org.slf4j.Logger#info(java.lang.String)#0&quot; }"/>
        </annotation>
    </item>
    <item name='org.slf4j.helpers.NOPLogger void info(java.lang.String, java.lang.Object)'>
        <annotation name='com.intellij.inspections.tainted.annotation.equation.Equations'>
            <val val="{ &quot;arg1 := org.slf4j.Logger#info(java.lang.String, java.lang.Object)#1&quot;, &quot;format := org.slf4j.Logger#info(java.lang.String, java.lang.Object)#0&quot; }"/>
        </annotation>
    </item>
    <item name='org.slf4j.helpers.NOPLogger void info(java.lang.String, java.lang.Object, java.lang.Object)'>
        <annotation name='com.intellij.inspections.tainted.annotation.equation.Equations'>
            <val val="{ &quot;format := org.slf4j.Logger#info(java.lang.String, java.lang.Object, java.lang.Object)#0&quot;, &quot;arg1 := org.slf4j.Logger#info(java.lang.String, java.lang.Object, java.lang.Object)#1&quot;, &quot;arg2 := org.slf4j.Logger#info(java.lang.String, java.lang.Object, java.lang.Object)#2&quot; }"/>
        </annotation>
    </item>
    <item name='org.slf4j.helpers.NOPLogger void info(java.lang.String, java.lang.Object...)'>
        <annotation name='com.intellij.inspections.tainted.annotation.equation.Equations'>
            <val val="{ &quot;argArray := org.slf4j.Logger#info(java.lang.String, java.lang.Object...)#1&quot;, &quot;format := org.slf4j.Logger#info(java.lang.String, java.lang.Object...)#0&quot; }"/>
        </annotation>
    </item>
    <item name='org.slf4j.helpers.NOPLogger void info(java.lang.String, java.lang.Object[])'>
        <annotation name='com.intellij.inspections.tainted.annotation.equation.Equations'>
            <val val="{ &quot;argArray := org.slf4j.Logger#info(java.lang.String, java.lang.Object[])#1&quot;, &quot;format := org.slf4j.Logger#info(java.lang.String, java.lang.Object[])#0&quot; }"/>
        </annotation>
    </item>
    <item name='org.slf4j.helpers.NOPLogger void info(java.lang.String, java.lang.Throwable)'>
        <annotation name='com.intellij.inspections.tainted.annotation.equation.Equations'>
            <val val="{ &quot;msg := org.slf4j.Logger#info(java.lang.String, java.lang.Throwable)#0&quot;, &quot;t := org.slf4j.Logger#info(java.lang.String, java.lang.Throwable)#1&quot; }"/>
        </annotation>
    </item>
    <item name='org.slf4j.helpers.NOPLogger void trace(java.lang.String)'>
        <annotation name='com.intellij.inspections.tainted.annotation.equation.Equations'>
            <val val="{ &quot;msg := org.slf4j.Logger#trace(java.lang.String)#0&quot; }"/>
        </annotation>
    </item>
    <item name='org.slf4j.helpers.NOPLogger void trace(java.lang.String, java.lang.Object)'>
        <annotation name='com.intellij.inspections.tainted.annotation.equation.Equations'>
            <val val="{ &quot;format := org.slf4j.Logger#trace(java.lang.String, java.lang.Object)#0&quot;, &quot;arg := org.slf4j.Logger#trace(java.lang.String, java.lang.Object)#1&quot; }"/>
        </annotation>
    </item>
    <item name='org.slf4j.helpers.NOPLogger void trace(java.lang.String, java.lang.Object, java.lang.Object)'>
        <annotation name='com.intellij.inspections.tainted.annotation.equation.Equations'>
            <val val="{ &quot;arg2 := org.slf4j.Logger#trace(java.lang.String, java.lang.Object, java.lang.Object)#2&quot;, &quot;format := org.slf4j.Logger#trace(java.lang.String, java.lang.Object, java.lang.Object)#0&quot;, &quot;arg1 := org.slf4j.Logger#trace(java.lang.String, java.lang.Object, java.lang.Object)#1&quot; }"/>
        </annotation>
    </item>
    <item name='org.slf4j.helpers.NOPLogger void trace(java.lang.String, java.lang.Object...)'>
        <annotation name='com.intellij.inspections.tainted.annotation.equation.Equations'>
            <val val="{ &quot;format := org.slf4j.Logger#trace(java.lang.String, java.lang.Object...)#0&quot;, &quot;argArray := org.slf4j.Logger#trace(java.lang.String, java.lang.Object...)#1&quot; }"/>
        </annotation>
    </item>
    <item name='org.slf4j.helpers.NOPLogger void trace(java.lang.String, java.lang.Object[])'>
        <annotation name='com.intellij.inspections.tainted.annotation.equation.Equations'>
            <val val="{ &quot;argArray := org.slf4j.Logger#trace(java.lang.String, java.lang.Object[])#1&quot;, &quot;format := org.slf4j.Logger#trace(java.lang.String, java.lang.Object[])#0&quot; }"/>
        </annotation>
    </item>
    <item name='org.slf4j.helpers.NOPLogger void trace(java.lang.String, java.lang.Throwable)'>
        <annotation name='com.intellij.inspections.tainted.annotation.equation.Equations'>
            <val val="{ &quot;t := org.slf4j.Logger#trace(java.lang.String, java.lang.Throwable)#1&quot;, &quot;msg := org.slf4j.Logger#trace(java.lang.String, java.lang.Throwable)#0&quot; }"/>
        </annotation>
    </item>
    <item name='org.slf4j.helpers.NOPLogger void warn(java.lang.String)'>
        <annotation name='com.intellij.inspections.tainted.annotation.equation.Equations'>
            <val val="{ &quot;msg := org.slf4j.Logger#warn(java.lang.String)#0&quot; }"/>
        </annotation>
    </item>
    <item name='org.slf4j.helpers.NOPLogger void warn(java.lang.String, java.lang.Object)'>
        <annotation name='com.intellij.inspections.tainted.annotation.equation.Equations'>
            <val val="{ &quot;arg1 := org.slf4j.Logger#warn(java.lang.String, java.lang.Object)#1&quot;, &quot;format := org.slf4j.Logger#warn(java.lang.String, java.lang.Object)#0&quot; }"/>
        </annotation>
    </item>
    <item name='org.slf4j.helpers.NOPLogger void warn(java.lang.String, java.lang.Object, java.lang.Object)'>
        <annotation name='com.intellij.inspections.tainted.annotation.equation.Equations'>
            <val val="{ &quot;arg2 := org.slf4j.Logger#warn(java.lang.String, java.lang.Object, java.lang.Object)#2&quot;, &quot;format := org.slf4j.Logger#warn(java.lang.String, java.lang.Object, java.lang.Object)#0&quot;, &quot;arg1 := org.slf4j.Logger#warn(java.lang.String, java.lang.Object, java.lang.Object)#1&quot; }"/>
        </annotation>
    </item>
    <item name='org.slf4j.helpers.NOPLogger void warn(java.lang.String, java.lang.Object...)'>
        <annotation name='com.intellij.inspections.tainted.annotation.equation.Equations'>
            <val val="{ &quot;argArray := org.slf4j.Logger#warn(java.lang.String, java.lang.Object...)#1&quot;, &quot;format := org.slf4j.Logger#warn(java.lang.String, java.lang.Object...)#0&quot; }"/>
        </annotation>
    </item>
    <item name='org.slf4j.helpers.NOPLogger void warn(java.lang.String, java.lang.Object[])'>
        <annotation name='com.intellij.inspections.tainted.annotation.equation.Equations'>
            <val val="{ &quot;argArray := org.slf4j.Logger#warn(java.lang.String, java.lang.Object[])#1&quot;, &quot;format := org.slf4j.Logger#warn(java.lang.String, java.lang.Object[])#0&quot; }"/>
        </annotation>
    </item>
    <item name='org.slf4j.helpers.NOPLogger void warn(java.lang.String, java.lang.Throwable)'>
        <annotation name='com.intellij.inspections.tainted.annotation.equation.Equations'>
            <val val="{ &quot;msg := org.slf4j.Logger#warn(java.lang.String, java.lang.Throwable)#0&quot;, &quot;t := org.slf4j.Logger#warn(java.lang.String, java.lang.Throwable)#1&quot; }"/>
        </annotation>
    </item>
    <item name='org.slf4j.helpers.NOPLoggerFactory NOPLoggerFactory()'>
        <annotation name='com.intellij.inspections.tainted.annotation.equation.Equations'>
            <val val="{ &quot;NOPLoggerFactory := NOPLoggerFactory&quot; }"/>
        </annotation>
    </item>
    <item name='org.slf4j.helpers.NOPLoggerFactory org.slf4j.Logger getLogger(java.lang.String)'>
        <annotation name='com.intellij.inspections.tainted.annotation.equation.Equations'>
            <val val="{ &quot;getLogger := NOPLogger#NOP_LOGGER&quot;, &quot;name := org.slf4j.ILoggerFactory#getLogger(java.lang.String)#0&quot; }"/>
        </annotation>
    </item>
    <item name='org.slf4j.helpers.NamedLoggerBase java.lang.Object readResolve()'>
        <annotation name='com.intellij.inspections.tainted.annotation.equation.Equations'>
            <val val="{ &quot;readResolve := &quot; }"/>
        </annotation>
    </item>
    <item name='org.slf4j.helpers.NamedLoggerBase java.lang.String getName()'>
        <annotation name='com.intellij.inspections.tainted.annotation.equation.Equations'>
            <val val="{ &quot;getName := NOPLogger#getName() &amp; org.slf4j.impl.SimpleLogger#getName()&quot; }"/>
        </annotation>
    </item>
    <item name='org.slf4j.helpers.SubstituteLogger'>
        <annotation name='com.intellij.inspections.tainted.annotation.equation.Equations'>
            <val val="{ &quot;SubstituteLogger := #SubstituteLogger(java.lang.String)#0 &amp; #setDelegate(org.slf4j.Logger)#0&quot; }"/>
        </annotation>
    </item>
    <item name='org.slf4j.helpers.SubstituteLogger SubstituteLogger(java.lang.String)'>
        <annotation name='com.intellij.inspections.tainted.annotation.equation.Equations'>
            <val val="{ &quot;name := SubstituteLoggerFactory#getLogger(java.lang.String)#0 &amp; SubstituteLoggerFactory#getLogger(java.lang.String)#0&quot;, &quot;SubstituteLogger := SubstituteLogger&quot; }"/>
        </annotation>
    </item>
    <item name='org.slf4j.helpers.SubstituteLogger SubstituteLogger(java.lang.String, java.util.Queue&lt;org.slf4j.event.SubstituteLoggingEvent&gt;, boolean)'>
        <annotation name='com.intellij.inspections.tainted.annotation.equation.Equations'>
            <val val="{ &quot;createdPostInitialization := SubstituteLoggerFactory &amp; SubstituteLoggerFactory&quot;, &quot;name := SubstituteLoggerFactory#getLogger(java.lang.String)#0 &amp; SubstituteLoggerFactory#getLogger(java.lang.String)#0&quot;, &quot;SubstituteLogger := SubstituteLogger&quot;, &quot;eventQueue := SubstituteLoggerFactory &amp; SubstituteLoggerFactory&quot; }"/>
        </annotation>
    </item>
    <item name='org.slf4j.helpers.SubstituteLogger boolean equals(java.lang.Object)'>
        <annotation name='com.intellij.inspections.tainted.annotation.equation.Equations'>
            <val val="{ &quot;o := java.lang.Object#equals(java.lang.Object)#0&quot; }"/>
        </annotation>
    </item>
    <item name='org.slf4j.helpers.SubstituteLogger boolean isDebugEnabled()'>
        <annotation name='com.intellij.inspections.tainted.annotation.equation.Equations'>
            <val val="{ &quot;isDebugEnabled := &quot; }"/>
        </annotation>
    </item>
    <item name='org.slf4j.helpers.SubstituteLogger boolean isDebugEnabled(org.slf4j.Marker)'>
        <annotation name='com.intellij.inspections.tainted.annotation.equation.Equations'>
            <val val="{ &quot;isDebugEnabled := &quot;, &quot;marker := org.slf4j.Logger#isDebugEnabled(org.slf4j.Marker)#0&quot; }"/>
        </annotation>
    </item>
    <item name='org.slf4j.helpers.SubstituteLogger boolean isDelegateEventAware()'>
        <annotation name='com.intellij.inspections.tainted.annotation.equation.Equations'>
            <val val="{ &quot;isDelegateEventAware := SubstituteLogger&quot; }"/>
        </annotation>
    </item>
    <item name='org.slf4j.helpers.SubstituteLogger boolean isDelegateNull()'>
        <annotation name='com.intellij.inspections.tainted.annotation.equation.Equations'>
            <val val="{ &quot;isDelegateNull := SubstituteLogger&quot; }"/>
        </annotation>
    </item>
    <item name='org.slf4j.helpers.SubstituteLogger boolean isErrorEnabled()'>
        <annotation name='com.intellij.inspections.tainted.annotation.equation.Equations'>
            <val val="{ &quot;isErrorEnabled := &quot; }"/>
        </annotation>
    </item>
    <item name='org.slf4j.helpers.SubstituteLogger boolean isErrorEnabled(org.slf4j.Marker)'>
        <annotation name='com.intellij.inspections.tainted.annotation.equation.Equations'>
            <val val="{ &quot;marker := org.slf4j.Logger#isErrorEnabled(org.slf4j.Marker)#0&quot;, &quot;isErrorEnabled := &quot; }"/>
        </annotation>
    </item>
    <item name='org.slf4j.helpers.SubstituteLogger boolean isInfoEnabled()'>
        <annotation name='com.intellij.inspections.tainted.annotation.equation.Equations'>
            <val val="{ &quot;isInfoEnabled := &quot; }"/>
        </annotation>
    </item>
    <item name='org.slf4j.helpers.SubstituteLogger boolean isInfoEnabled(org.slf4j.Marker)'>
        <annotation name='com.intellij.inspections.tainted.annotation.equation.Equations'>
            <val val="{ &quot;marker := org.slf4j.Logger#isInfoEnabled(org.slf4j.Marker)#0&quot;, &quot;isInfoEnabled := &quot; }"/>
        </annotation>
    </item>
    <item name='org.slf4j.helpers.SubstituteLogger boolean isTraceEnabled()'>
        <annotation name='com.intellij.inspections.tainted.annotation.equation.Equations'>
            <val val="{ &quot;isTraceEnabled := &quot; }"/>
        </annotation>
    </item>
    <item name='org.slf4j.helpers.SubstituteLogger boolean isTraceEnabled(org.slf4j.Marker)'>
        <annotation name='com.intellij.inspections.tainted.annotation.equation.Equations'>
            <val val="{ &quot;marker := org.slf4j.Logger#isTraceEnabled(org.slf4j.Marker)#0&quot;, &quot;isTraceEnabled := &quot; }"/>
        </annotation>
    </item>
    <item name='org.slf4j.helpers.SubstituteLogger boolean isWarnEnabled()'>
        <annotation name='com.intellij.inspections.tainted.annotation.equation.Equations'>
            <val val="{ &quot;isWarnEnabled := &quot; }"/>
        </annotation>
    </item>
    <item name='org.slf4j.helpers.SubstituteLogger boolean isWarnEnabled(org.slf4j.Marker)'>
        <annotation name='com.intellij.inspections.tainted.annotation.equation.Equations'>
            <val val="{ &quot;marker := org.slf4j.Logger#isWarnEnabled(org.slf4j.Marker)#0&quot;, &quot;isWarnEnabled := &quot; }"/>
        </annotation>
    </item>
    <item name='org.slf4j.helpers.SubstituteLogger int hashCode()'>
        <annotation name='com.intellij.inspections.tainted.annotation.equation.Equations'>
            <val val="{ &quot;hashCode := &quot; }"/>
        </annotation>
    </item>
    <item name='org.slf4j.helpers.SubstituteLogger java.lang.String getName()'>
        <annotation name='com.intellij.inspections.tainted.annotation.equation.Equations'>
            <val val="{ &quot;getName := SubstituteLogger&quot; }"/>
        </annotation>
    </item>
    <item name='org.slf4j.helpers.SubstituteLogger org.slf4j.Logger delegate()'>
        <annotation name='com.intellij.inspections.tainted.annotation.equation.Equations'>
            <val val="{ &quot;delegate := SubstituteLogger &amp; NOPLogger#NOP_LOGGER&quot; }"/>
        </annotation>
    </item>
    <item name='org.slf4j.helpers.SubstituteLogger org.slf4j.Logger getEventRecordingLogger()'>
        <annotation name='com.intellij.inspections.tainted.annotation.equation.Equations'>
            <val val="{ &quot;getEventRecordingLogger := SubstituteLogger&quot; }"/>
        </annotation>
    </item>
    <item name='org.slf4j.helpers.SubstituteLogger void debug(java.lang.String)'>
        <annotation name='com.intellij.inspections.tainted.annotation.equation.Equations'>
            <val val="{ &quot;msg := org.slf4j.Logger#debug(java.lang.String)#0&quot; }"/>
        </annotation>
    </item>
    <item name='org.slf4j.helpers.SubstituteLogger void debug(java.lang.String, java.lang.Object)'>
        <annotation name='com.intellij.inspections.tainted.annotation.equation.Equations'>
            <val val="{ &quot;format := org.slf4j.Logger#debug(java.lang.String, java.lang.Object)#0&quot;, &quot;arg := org.slf4j.Logger#debug(java.lang.String, java.lang.Object)#1&quot; }"/>
        </annotation>
    </item>
    <item name='org.slf4j.helpers.SubstituteLogger void debug(java.lang.String, java.lang.Object, java.lang.Object)'>
        <annotation name='com.intellij.inspections.tainted.annotation.equation.Equations'>
            <val val="{ &quot;format := org.slf4j.Logger#debug(java.lang.String, java.lang.Object, java.lang.Object)#0&quot;, &quot;arg2 := org.slf4j.Logger#debug(java.lang.String, java.lang.Object, java.lang.Object)#2&quot;, &quot;arg1 := org.slf4j.Logger#debug(java.lang.String, java.lang.Object, java.lang.Object)#1&quot; }"/>
        </annotation>
    </item>
    <item name='org.slf4j.helpers.SubstituteLogger void debug(java.lang.String, java.lang.Object...)'>
        <annotation name='com.intellij.inspections.tainted.annotation.equation.Equations'>
            <val val="{ &quot;format := org.slf4j.Logger#debug(java.lang.String, java.lang.Object...)#0&quot;, &quot;arguments := org.slf4j.Logger#debug(java.lang.String, java.lang.Object...)#1&quot; }"/>
        </annotation>
    </item>
    <item name='org.slf4j.helpers.SubstituteLogger void debug(java.lang.String, java.lang.Throwable)'>
        <annotation name='com.intellij.inspections.tainted.annotation.equation.Equations'>
            <val val="{ &quot;msg := org.slf4j.Logger#debug(java.lang.String, java.lang.Throwable)#0&quot;, &quot;t := org.slf4j.Logger#debug(java.lang.String, java.lang.Throwable)#1&quot; }"/>
        </annotation>
    </item>
    <item name='org.slf4j.helpers.SubstituteLogger void debug(org.slf4j.Marker, java.lang.String)'>
        <annotation name='com.intellij.inspections.tainted.annotation.equation.Equations'>
            <val val="{ &quot;marker := org.slf4j.Logger#debug(org.slf4j.Marker, java.lang.String)#0&quot;, &quot;msg := org.slf4j.Logger#debug(org.slf4j.Marker, java.lang.String)#1&quot; }"/>
        </annotation>
    </item>
    <item name='org.slf4j.helpers.SubstituteLogger void debug(org.slf4j.Marker, java.lang.String, java.lang.Object)'>
        <annotation name='com.intellij.inspections.tainted.annotation.equation.Equations'>
            <val val="{ &quot;marker := org.slf4j.Logger#debug(org.slf4j.Marker, java.lang.String, java.lang.Object)#0&quot;, &quot;format := org.slf4j.Logger#debug(org.slf4j.Marker, java.lang.String, java.lang.Object)#1&quot;, &quot;arg := org.slf4j.Logger#debug(org.slf4j.Marker, java.lang.String, java.lang.Object)#2&quot; }"/>
        </annotation>
    </item>
    <item name='org.slf4j.helpers.SubstituteLogger void debug(org.slf4j.Marker, java.lang.String, java.lang.Object, java.lang.Object)'>
        <annotation name='com.intellij.inspections.tainted.annotation.equation.Equations'>
            <val val="{ &quot;arg1 := org.slf4j.Logger#debug(org.slf4j.Marker, java.lang.String, java.lang.Object, java.lang.Object)#2&quot;, &quot;arg2 := org.slf4j.Logger#debug(org.slf4j.Marker, java.lang.String, java.lang.Object, java.lang.Object)#3&quot;, &quot;marker := org.slf4j.Logger#debug(org.slf4j.Marker, java.lang.String, java.lang.Object, java.lang.Object)#0&quot;, &quot;format := org.slf4j.Logger#debug(org.slf4j.Marker, java.lang.String, java.lang.Object, java.lang.Object)#1&quot; }"/>
        </annotation>
    </item>
    <item name='org.slf4j.helpers.SubstituteLogger void debug(org.slf4j.Marker, java.lang.String, java.lang.Object...)'>
        <annotation name='com.intellij.inspections.tainted.annotation.equation.Equations'>
            <val val="{ &quot;marker := org.slf4j.Logger#debug(org.slf4j.Marker, java.lang.String, java.lang.Object...)#0&quot;, &quot;format := org.slf4j.Logger#debug(org.slf4j.Marker, java.lang.String, java.lang.Object...)#1&quot;, &quot;arguments := org.slf4j.Logger#debug(org.slf4j.Marker, java.lang.String, java.lang.Object...)#2&quot; }"/>
        </annotation>
    </item>
    <item name='org.slf4j.helpers.SubstituteLogger void debug(org.slf4j.Marker, java.lang.String, java.lang.Throwable)'>
        <annotation name='com.intellij.inspections.tainted.annotation.equation.Equations'>
            <val val="{ &quot;marker := org.slf4j.Logger#debug(org.slf4j.Marker, java.lang.String, java.lang.Throwable)#0&quot;, &quot;t := org.slf4j.Logger#debug(org.slf4j.Marker, java.lang.String, java.lang.Throwable)#2&quot;, &quot;msg := org.slf4j.Logger#debug(org.slf4j.Marker, java.lang.String, java.lang.Throwable)#1&quot; }"/>
        </annotation>
    </item>
    <item name='org.slf4j.helpers.SubstituteLogger void error(java.lang.String)'>
        <annotation name='com.intellij.inspections.tainted.annotation.equation.Equations'>
            <val val="{ &quot;msg := org.slf4j.Logger#error(java.lang.String)#0&quot; }"/>
        </annotation>
    </item>
    <item name='org.slf4j.helpers.SubstituteLogger void error(java.lang.String, java.lang.Object)'>
        <annotation name='com.intellij.inspections.tainted.annotation.equation.Equations'>
            <val val="{ &quot;arg := org.slf4j.Logger#error(java.lang.String, java.lang.Object)#1&quot;, &quot;format := org.slf4j.Logger#error(java.lang.String, java.lang.Object)#0&quot; }"/>
        </annotation>
    </item>
    <item name='org.slf4j.helpers.SubstituteLogger void error(java.lang.String, java.lang.Object, java.lang.Object)'>
        <annotation name='com.intellij.inspections.tainted.annotation.equation.Equations'>
            <val val="{ &quot;arg2 := org.slf4j.Logger#error(java.lang.String, java.lang.Object, java.lang.Object)#2&quot;, &quot;format := org.slf4j.Logger#error(java.lang.String, java.lang.Object, java.lang.Object)#0&quot;, &quot;arg1 := org.slf4j.Logger#error(java.lang.String, java.lang.Object, java.lang.Object)#1&quot; }"/>
        </annotation>
    </item>
    <item name='org.slf4j.helpers.SubstituteLogger void error(java.lang.String, java.lang.Object...)'>
        <annotation name='com.intellij.inspections.tainted.annotation.equation.Equations'>
            <val val="{ &quot;arguments := org.slf4j.Logger#error(java.lang.String, java.lang.Object...)#1&quot;, &quot;format := org.slf4j.Logger#error(java.lang.String, java.lang.Object...)#0&quot; }"/>
        </annotation>
    </item>
    <item name='org.slf4j.helpers.SubstituteLogger void error(java.lang.String, java.lang.Throwable)'>
        <annotation name='com.intellij.inspections.tainted.annotation.equation.Equations'>
            <val val="{ &quot;t := org.slf4j.Logger#error(java.lang.String, java.lang.Throwable)#1&quot;, &quot;msg := org.slf4j.Logger#error(java.lang.String, java.lang.Throwable)#0&quot; }"/>
        </annotation>
    </item>
    <item name='org.slf4j.helpers.SubstituteLogger void error(org.slf4j.Marker, java.lang.String)'>
        <annotation name='com.intellij.inspections.tainted.annotation.equation.Equations'>
            <val val="{ &quot;marker := org.slf4j.Logger#error(org.slf4j.Marker, java.lang.String)#0&quot;, &quot;msg := org.slf4j.Logger#error(org.slf4j.Marker, java.lang.String)#1&quot; }"/>
        </annotation>
    </item>
    <item name='org.slf4j.helpers.SubstituteLogger void error(org.slf4j.Marker, java.lang.String, java.lang.Object)'>
        <annotation name='com.intellij.inspections.tainted.annotation.equation.Equations'>
            <val val="{ &quot;format := org.slf4j.Logger#error(org.slf4j.Marker, java.lang.String, java.lang.Object)#1&quot;, &quot;marker := org.slf4j.Logger#error(org.slf4j.Marker, java.lang.String, java.lang.Object)#0&quot;, &quot;arg := org.slf4j.Logger#error(org.slf4j.Marker, java.lang.String, java.lang.Object)#2&quot; }"/>
        </annotation>
    </item>
    <item name='org.slf4j.helpers.SubstituteLogger void error(org.slf4j.Marker, java.lang.String, java.lang.Object, java.lang.Object)'>
        <annotation name='com.intellij.inspections.tainted.annotation.equation.Equations'>
            <val val="{ &quot;format := org.slf4j.Logger#error(org.slf4j.Marker, java.lang.String, java.lang.Object, java.lang.Object)#1&quot;, &quot;arg2 := org.slf4j.Logger#error(org.slf4j.Marker, java.lang.String, java.lang.Object, java.lang.Object)#3&quot;, &quot;marker := org.slf4j.Logger#error(org.slf4j.Marker, java.lang.String, java.lang.Object, java.lang.Object)#0&quot;, &quot;arg1 := org.slf4j.Logger#error(org.slf4j.Marker, java.lang.String, java.lang.Object, java.lang.Object)#2&quot; }"/>
        </annotation>
    </item>
    <item name='org.slf4j.helpers.SubstituteLogger void error(org.slf4j.Marker, java.lang.String, java.lang.Object...)'>
        <annotation name='com.intellij.inspections.tainted.annotation.equation.Equations'>
            <val val="{ &quot;format := org.slf4j.Logger#error(org.slf4j.Marker, java.lang.String, java.lang.Object...)#1&quot;, &quot;arguments := org.slf4j.Logger#error(org.slf4j.Marker, java.lang.String, java.lang.Object...)#2&quot;, &quot;marker := org.slf4j.Logger#error(org.slf4j.Marker, java.lang.String, java.lang.Object...)#0&quot; }"/>
        </annotation>
    </item>
    <item name='org.slf4j.helpers.SubstituteLogger void error(org.slf4j.Marker, java.lang.String, java.lang.Throwable)'>
        <annotation name='com.intellij.inspections.tainted.annotation.equation.Equations'>
            <val val="{ &quot;t := org.slf4j.Logger#error(org.slf4j.Marker, java.lang.String, java.lang.Throwable)#2&quot;, &quot;marker := org.slf4j.Logger#error(org.slf4j.Marker, java.lang.String, java.lang.Throwable)#0&quot;, &quot;msg := org.slf4j.Logger#error(org.slf4j.Marker, java.lang.String, java.lang.Throwable)#1&quot; }"/>
        </annotation>
    </item>
    <item name='org.slf4j.helpers.SubstituteLogger void info(java.lang.String)'>
        <annotation name='com.intellij.inspections.tainted.annotation.equation.Equations'>
            <val val="{ &quot;msg := org.slf4j.Logger#info(java.lang.String)#0&quot; }"/>
        </annotation>
    </item>
    <item name='org.slf4j.helpers.SubstituteLogger void info(java.lang.String, java.lang.Object)'>
        <annotation name='com.intellij.inspections.tainted.annotation.equation.Equations'>
            <val val="{ &quot;arg := org.slf4j.Logger#info(java.lang.String, java.lang.Object)#1&quot;, &quot;format := org.slf4j.Logger#info(java.lang.String, java.lang.Object)#0&quot; }"/>
        </annotation>
    </item>
    <item name='org.slf4j.helpers.SubstituteLogger void info(java.lang.String, java.lang.Object, java.lang.Object)'>
        <annotation name='com.intellij.inspections.tainted.annotation.equation.Equations'>
            <val val="{ &quot;format := org.slf4j.Logger#info(java.lang.String, java.lang.Object, java.lang.Object)#0&quot;, &quot;arg1 := org.slf4j.Logger#info(java.lang.String, java.lang.Object, java.lang.Object)#1&quot;, &quot;arg2 := org.slf4j.Logger#info(java.lang.String, java.lang.Object, java.lang.Object)#2&quot; }"/>
        </annotation>
    </item>
    <item name='org.slf4j.helpers.SubstituteLogger void info(java.lang.String, java.lang.Object...)'>
        <annotation name='com.intellij.inspections.tainted.annotation.equation.Equations'>
            <val val="{ &quot;format := org.slf4j.Logger#info(java.lang.String, java.lang.Object...)#0&quot;, &quot;arguments := org.slf4j.Logger#info(java.lang.String, java.lang.Object...)#1&quot; }"/>
        </annotation>
    </item>
    <item name='org.slf4j.helpers.SubstituteLogger void info(java.lang.String, java.lang.Throwable)'>
        <annotation name='com.intellij.inspections.tainted.annotation.equation.Equations'>
            <val val="{ &quot;t := org.slf4j.Logger#info(java.lang.String, java.lang.Throwable)#1&quot;, &quot;msg := org.slf4j.Logger#info(java.lang.String, java.lang.Throwable)#0&quot; }"/>
        </annotation>
    </item>
    <item name='org.slf4j.helpers.SubstituteLogger void info(org.slf4j.Marker, java.lang.String)'>
        <annotation name='com.intellij.inspections.tainted.annotation.equation.Equations'>
            <val val="{ &quot;msg := org.slf4j.Logger#info(org.slf4j.Marker, java.lang.String)#1&quot;, &quot;marker := org.slf4j.Logger#info(org.slf4j.Marker, java.lang.String)#0&quot; }"/>
        </annotation>
    </item>
    <item name='org.slf4j.helpers.SubstituteLogger void info(org.slf4j.Marker, java.lang.String, java.lang.Object)'>
        <annotation name='com.intellij.inspections.tainted.annotation.equation.Equations'>
            <val val="{ &quot;marker := org.slf4j.Logger#info(org.slf4j.Marker, java.lang.String, java.lang.Object)#0&quot;, &quot;arg := org.slf4j.Logger#info(org.slf4j.Marker, java.lang.String, java.lang.Object)#2&quot;, &quot;format := org.slf4j.Logger#info(org.slf4j.Marker, java.lang.String, java.lang.Object)#1&quot; }"/>
        </annotation>
    </item>
    <item name='org.slf4j.helpers.SubstituteLogger void info(org.slf4j.Marker, java.lang.String, java.lang.Object, java.lang.Object)'>
        <annotation name='com.intellij.inspections.tainted.annotation.equation.Equations'>
            <val val="{ &quot;format := org.slf4j.Logger#info(org.slf4j.Marker, java.lang.String, java.lang.Object, java.lang.Object)#1&quot;, &quot;marker := org.slf4j.Logger#info(org.slf4j.Marker, java.lang.String, java.lang.Object, java.lang.Object)#0&quot;, &quot;arg1 := org.slf4j.Logger#info(org.slf4j.Marker, java.lang.String, java.lang.Object, java.lang.Object)#2&quot;, &quot;arg2 := org.slf4j.Logger#info(org.slf4j.Marker, java.lang.String, java.lang.Object, java.lang.Object)#3&quot; }"/>
        </annotation>
    </item>
    <item name='org.slf4j.helpers.SubstituteLogger void info(org.slf4j.Marker, java.lang.String, java.lang.Object...)'>
        <annotation name='com.intellij.inspections.tainted.annotation.equation.Equations'>
            <val val="{ &quot;format := org.slf4j.Logger#info(org.slf4j.Marker, java.lang.String, java.lang.Object...)#1&quot;, &quot;marker := org.slf4j.Logger#info(org.slf4j.Marker, java.lang.String, java.lang.Object...)#0&quot;, &quot;arguments := org.slf4j.Logger#info(org.slf4j.Marker, java.lang.String, java.lang.Object...)#2&quot; }"/>
        </annotation>
    </item>
    <item name='org.slf4j.helpers.SubstituteLogger void info(org.slf4j.Marker, java.lang.String, java.lang.Throwable)'>
        <annotation name='com.intellij.inspections.tainted.annotation.equation.Equations'>
            <val val="{ &quot;marker := org.slf4j.Logger#info(org.slf4j.Marker, java.lang.String, java.lang.Throwable)#0&quot;, &quot;t := org.slf4j.Logger#info(org.slf4j.Marker, java.lang.String, java.lang.Throwable)#2&quot;, &quot;msg := org.slf4j.Logger#info(org.slf4j.Marker, java.lang.String, java.lang.Throwable)#1&quot; }"/>
        </annotation>
    </item>
    <item name='org.slf4j.helpers.SubstituteLogger void log(org.slf4j.event.LoggingEvent)'>
        <annotation name='com.intellij.inspections.tainted.annotation.equation.Equations'>
            <val val="{ &quot;event := org.slf4j.LoggerFactory#replaySingleEvent(org.slf4j.event.SubstituteLoggingEvent)#0&quot; }"/>
        </annotation>
    </item>
    <item name='org.slf4j.helpers.SubstituteLogger void trace(java.lang.String)'>
        <annotation name='com.intellij.inspections.tainted.annotation.equation.Equations'>
            <val val="{ &quot;msg := org.slf4j.Logger#trace(java.lang.String)#0&quot; }"/>
        </annotation>
    </item>
    <item name='org.slf4j.helpers.SubstituteLogger void trace(java.lang.String, java.lang.Object)'>
        <annotation name='com.intellij.inspections.tainted.annotation.equation.Equations'>
            <val val="{ &quot;arg := org.slf4j.Logger#trace(java.lang.String, java.lang.Object)#1&quot;, &quot;format := org.slf4j.Logger#trace(java.lang.String, java.lang.Object)#0&quot; }"/>
        </annotation>
    </item>
    <item name='org.slf4j.helpers.SubstituteLogger void trace(java.lang.String, java.lang.Object, java.lang.Object)'>
        <annotation name='com.intellij.inspections.tainted.annotation.equation.Equations'>
            <val val="{ &quot;arg1 := org.slf4j.Logger#trace(java.lang.String, java.lang.Object, java.lang.Object)#1&quot;, &quot;format := org.slf4j.Logger#trace(java.lang.String, java.lang.Object, java.lang.Object)#0&quot;, &quot;arg2 := org.slf4j.Logger#trace(java.lang.String, java.lang.Object, java.lang.Object)#2&quot; }"/>
        </annotation>
    </item>
    <item name='org.slf4j.helpers.SubstituteLogger void trace(java.lang.String, java.lang.Object...)'>
        <annotation name='com.intellij.inspections.tainted.annotation.equation.Equations'>
            <val val="{ &quot;arguments := org.slf4j.Logger#trace(java.lang.String, java.lang.Object...)#1&quot;, &quot;format := org.slf4j.Logger#trace(java.lang.String, java.lang.Object...)#0&quot; }"/>
        </annotation>
    </item>
    <item name='org.slf4j.helpers.SubstituteLogger void trace(java.lang.String, java.lang.Throwable)'>
        <annotation name='com.intellij.inspections.tainted.annotation.equation.Equations'>
            <val val="{ &quot;t := org.slf4j.Logger#trace(java.lang.String, java.lang.Throwable)#1&quot;, &quot;msg := org.slf4j.Logger#trace(java.lang.String, java.lang.Throwable)#0&quot; }"/>
        </annotation>
    </item>
    <item name='org.slf4j.helpers.SubstituteLogger void trace(org.slf4j.Marker, java.lang.String)'>
        <annotation name='com.intellij.inspections.tainted.annotation.equation.Equations'>
            <val val="{ &quot;msg := org.slf4j.Logger#trace(org.slf4j.Marker, java.lang.String)#1&quot;, &quot;marker := org.slf4j.Logger#trace(org.slf4j.Marker, java.lang.String)#0&quot; }"/>
        </annotation>
    </item>
    <item name='org.slf4j.helpers.SubstituteLogger void trace(org.slf4j.Marker, java.lang.String, java.lang.Object)'>
        <annotation name='com.intellij.inspections.tainted.annotation.equation.Equations'>
            <val val="{ &quot;marker := org.slf4j.Logger#trace(org.slf4j.Marker, java.lang.String, java.lang.Object)#0&quot;, &quot;format := org.slf4j.Logger#trace(org.slf4j.Marker, java.lang.String, java.lang.Object)#1&quot;, &quot;arg := org.slf4j.Logger#trace(org.slf4j.Marker, java.lang.String, java.lang.Object)#2&quot; }"/>
        </annotation>
    </item>
    <item name='org.slf4j.helpers.SubstituteLogger void trace(org.slf4j.Marker, java.lang.String, java.lang.Object, java.lang.Object)'>
        <annotation name='com.intellij.inspections.tainted.annotation.equation.Equations'>
            <val val="{ &quot;arg2 := org.slf4j.Logger#trace(org.slf4j.Marker, java.lang.String, java.lang.Object, java.lang.Object)#3&quot;, &quot;format := org.slf4j.Logger#trace(org.slf4j.Marker, java.lang.String, java.lang.Object, java.lang.Object)#1&quot;, &quot;marker := org.slf4j.Logger#trace(org.slf4j.Marker, java.lang.String, java.lang.Object, java.lang.Object)#0&quot;, &quot;arg1 := org.slf4j.Logger#trace(org.slf4j.Marker, java.lang.String, java.lang.Object, java.lang.Object)#2&quot; }"/>
        </annotation>
    </item>
    <item name='org.slf4j.helpers.SubstituteLogger void trace(org.slf4j.Marker, java.lang.String, java.lang.Object...)'>
        <annotation name='com.intellij.inspections.tainted.annotation.equation.Equations'>
            <val val="{ &quot;marker := org.slf4j.Logger#trace(org.slf4j.Marker, java.lang.String, java.lang.Object...)#0&quot;, &quot;arguments := org.slf4j.Logger#trace(org.slf4j.Marker, java.lang.String, java.lang.Object...)#2&quot;, &quot;format := org.slf4j.Logger#trace(org.slf4j.Marker, java.lang.String, java.lang.Object...)#1&quot; }"/>
        </annotation>
    </item>
    <item name='org.slf4j.helpers.SubstituteLogger void trace(org.slf4j.Marker, java.lang.String, java.lang.Throwable)'>
        <annotation name='com.intellij.inspections.tainted.annotation.equation.Equations'>
            <val val="{ &quot;marker := org.slf4j.Logger#trace(org.slf4j.Marker, java.lang.String, java.lang.Throwable)#0&quot;, &quot;t := org.slf4j.Logger#trace(org.slf4j.Marker, java.lang.String, java.lang.Throwable)#2&quot;, &quot;msg := org.slf4j.Logger#trace(org.slf4j.Marker, java.lang.String, java.lang.Throwable)#1&quot; }"/>
        </annotation>
    </item>
    <item name='org.slf4j.helpers.SubstituteLogger void warn(java.lang.String)'>
        <annotation name='com.intellij.inspections.tainted.annotation.equation.Equations'>
            <val val="{ &quot;msg := org.slf4j.Logger#warn(java.lang.String)#0&quot; }"/>
        </annotation>
    </item>
    <item name='org.slf4j.helpers.SubstituteLogger void warn(java.lang.String, java.lang.Object)'>
        <annotation name='com.intellij.inspections.tainted.annotation.equation.Equations'>
            <val val="{ &quot;format := org.slf4j.Logger#warn(java.lang.String, java.lang.Object)#0&quot;, &quot;arg := org.slf4j.Logger#warn(java.lang.String, java.lang.Object)#1&quot; }"/>
        </annotation>
    </item>
    <item name='org.slf4j.helpers.SubstituteLogger void warn(java.lang.String, java.lang.Object, java.lang.Object)'>
        <annotation name='com.intellij.inspections.tainted.annotation.equation.Equations'>
            <val val="{ &quot;arg2 := org.slf4j.Logger#warn(java.lang.String, java.lang.Object, java.lang.Object)#2&quot;, &quot;arg1 := org.slf4j.Logger#warn(java.lang.String, java.lang.Object, java.lang.Object)#1&quot;, &quot;format := org.slf4j.Logger#warn(java.lang.String, java.lang.Object, java.lang.Object)#0&quot; }"/>
        </annotation>
    </item>
    <item name='org.slf4j.helpers.SubstituteLogger void warn(java.lang.String, java.lang.Object...)'>
        <annotation name='com.intellij.inspections.tainted.annotation.equation.Equations'>
            <val val="{ &quot;format := org.slf4j.Logger#warn(java.lang.String, java.lang.Object...)#0&quot;, &quot;arguments := org.slf4j.Logger#warn(java.lang.String, java.lang.Object...)#1&quot; }"/>
        </annotation>
    </item>
    <item name='org.slf4j.helpers.SubstituteLogger void warn(java.lang.String, java.lang.Throwable)'>
        <annotation name='com.intellij.inspections.tainted.annotation.equation.Equations'>
            <val val="{ &quot;msg := org.slf4j.Logger#warn(java.lang.String, java.lang.Throwable)#0&quot;, &quot;t := org.slf4j.Logger#warn(java.lang.String, java.lang.Throwable)#1&quot; }"/>
        </annotation>
    </item>
    <item name='org.slf4j.helpers.SubstituteLogger void warn(org.slf4j.Marker, java.lang.String)'>
        <annotation name='com.intellij.inspections.tainted.annotation.equation.Equations'>
            <val val="{ &quot;msg := org.slf4j.Logger#warn(org.slf4j.Marker, java.lang.String)#1&quot;, &quot;marker := org.slf4j.Logger#warn(org.slf4j.Marker, java.lang.String)#0&quot; }"/>
        </annotation>
    </item>
    <item name='org.slf4j.helpers.SubstituteLogger void warn(org.slf4j.Marker, java.lang.String, java.lang.Object)'>
        <annotation name='com.intellij.inspections.tainted.annotation.equation.Equations'>
            <val val="{ &quot;arg := org.slf4j.Logger#warn(org.slf4j.Marker, java.lang.String, java.lang.Object)#2&quot;, &quot;marker := org.slf4j.Logger#warn(org.slf4j.Marker, java.lang.String, java.lang.Object)#0&quot;, &quot;format := org.slf4j.Logger#warn(org.slf4j.Marker, java.lang.String, java.lang.Object)#1&quot; }"/>
        </annotation>
    </item>
    <item name='org.slf4j.helpers.SubstituteLogger void warn(org.slf4j.Marker, java.lang.String, java.lang.Object, java.lang.Object)'>
        <annotation name='com.intellij.inspections.tainted.annotation.equation.Equations'>
            <val val="{ &quot;marker := org.slf4j.Logger#warn(org.slf4j.Marker, java.lang.String, java.lang.Object, java.lang.Object)#0&quot;, &quot;arg1 := org.slf4j.Logger#warn(org.slf4j.Marker, java.lang.String, java.lang.Object, java.lang.Object)#2&quot;, &quot;format := org.slf4j.Logger#warn(org.slf4j.Marker, java.lang.String, java.lang.Object, java.lang.Object)#1&quot;, &quot;arg2 := org.slf4j.Logger#warn(org.slf4j.Marker, java.lang.String, java.lang.Object, java.lang.Object)#3&quot; }"/>
        </annotation>
    </item>
    <item name='org.slf4j.helpers.SubstituteLogger void warn(org.slf4j.Marker, java.lang.String, java.lang.Object...)'>
        <annotation name='com.intellij.inspections.tainted.annotation.equation.Equations'>
            <val val="{ &quot;marker := org.slf4j.Logger#warn(org.slf4j.Marker, java.lang.String, java.lang.Object...)#0&quot;, &quot;format := org.slf4j.Logger#warn(org.slf4j.Marker, java.lang.String, java.lang.Object...)#1&quot;, &quot;arguments := org.slf4j.Logger#warn(org.slf4j.Marker, java.lang.String, java.lang.Object...)#2&quot; }"/>
        </annotation>
    </item>
    <item name='org.slf4j.helpers.SubstituteLogger void warn(org.slf4j.Marker, java.lang.String, java.lang.Throwable)'>
        <annotation name='com.intellij.inspections.tainted.annotation.equation.Equations'>
            <val val="{ &quot;marker := org.slf4j.Logger#warn(org.slf4j.Marker, java.lang.String, java.lang.Throwable)#0&quot;, &quot;msg := org.slf4j.Logger#warn(org.slf4j.Marker, java.lang.String, java.lang.Throwable)#1&quot;, &quot;t := org.slf4j.Logger#warn(org.slf4j.Marker, java.lang.String, java.lang.Throwable)#2&quot; }"/>
        </annotation>
    </item>
    <item name='org.slf4j.helpers.SubstituteLoggerFactory'>
        <annotation name='com.intellij.inspections.tainted.annotation.equation.Equations'>
            <val val="{ &quot;SubstituteLoggerFactory := &quot; }"/>
        </annotation>
    </item>
    <item name='org.slf4j.helpers.SubstituteLoggerFactory java.util.List getLoggerNameList()'>
        <annotation name='com.intellij.inspections.tainted.annotation.equation.Equations'>
            <val val="{ &quot;getLoggerNameList := &quot; }"/>
        </annotation>
    </item>
    <item name='org.slf4j.helpers.SubstituteLoggerFactory java.util.List&lt;java.lang.String&gt; getLoggerNames()'>
        <annotation name='com.intellij.inspections.tainted.annotation.equation.Equations'>
            <val val="{ &quot;getLoggerNames := &quot; }"/>
        </annotation>
    </item>
    <item name='org.slf4j.helpers.SubstituteLoggerFactory java.util.List&lt;org.slf4j.helpers.SubstituteLogger&gt; getLoggers()'>
        <annotation name='com.intellij.inspections.tainted.annotation.equation.Equations'>
            <val val="{ &quot;getLoggers := &quot; }"/>
        </annotation>
    </item>
    <item name='org.slf4j.helpers.SubstituteLoggerFactory java.util.concurrent.LinkedBlockingQueue&lt;org.slf4j.event.SubstituteLoggingEvent&gt; getEventQueue()'>
        <annotation name='com.intellij.inspections.tainted.annotation.equation.Equations'>
            <val val="{ &quot;getEventQueue := SubstituteLoggerFactory&quot; }"/>
        </annotation>
    </item>
    <item name='org.slf4j.helpers.SubstituteLoggerFactory org.slf4j.Logger getLogger(java.lang.String)'>
        <annotation name='com.intellij.inspections.tainted.annotation.equation.Equations'>
            <val val="{ &quot;name := org.slf4j.ILoggerFactory#getLogger(java.lang.String)#0&quot;, &quot;getLogger := NOPLogger#NOP_LOGGER&quot; }"/>
        </annotation>
    </item>
    <item name='org.slf4j.helpers.Util'>
        <annotation name='com.intellij.inspections.tainted.annotation.equation.Equations'>
            <val val="{ &quot;Util := &quot; }"/>
        </annotation>
    </item>
    <item name='org.slf4j.helpers.Util Util()'>
        <annotation name='com.intellij.inspections.tainted.annotation.equation.Equations'>
            <val val="{ &quot;Util := Util&quot; }"/>
        </annotation>
    </item>
    <item name='org.slf4j.helpers.Util boolean safeGetBooleanSystemProperty(java.lang.String)'>
        <annotation name='com.intellij.inspections.tainted.annotation.equation.Equations'>
            <val val="{ &quot;key := org.slf4j.LoggerFactory#DETECT_LOGGER_NAME_MISMATCH_PROPERTY&quot;, &quot;safeGetBooleanSystemProperty := &quot; }"/>
        </annotation>
    </item>
    <item name='org.slf4j.helpers.Util java.lang.Class&lt;?&gt; getCallingClass()'>
        <annotation name='com.intellij.inspections.tainted.annotation.equation.Equations'>
            <val val="{ &quot;getCallingClass := &quot; }"/>
        </annotation>
    </item>
    <item name='org.slf4j.helpers.Util java.lang.String safeGetSystemProperty(java.lang.String)'>
        <annotation name='com.intellij.inspections.tainted.annotation.equation.Equations'>
            <val val="{ &quot;safeGetSystemProperty := &quot;, &quot;key := #safeGetBooleanSystemProperty(java.lang.String)#0 &amp; org.slf4j.LoggerFactory#JAVA_VENDOR_PROPERTY&quot; }"/>
        </annotation>
    </item>
    <item name='org.slf4j.helpers.Util org.slf4j.helpers.Util.ClassContextSecurityManager getSecurityManager()'>
        <annotation name='com.intellij.inspections.tainted.annotation.equation.Equations'>
            <val val="{ &quot;getSecurityManager := Util&quot; }"/>
        </annotation>
    </item>
    <item name='org.slf4j.helpers.Util void report(java.lang.String)'>
        <annotation name='com.intellij.inspections.tainted.annotation.equation.Equations'>
            <val val="{ &quot;msg := org.slf4j.MDC#NO_STATIC_MDC_BINDER_URL &amp; org.slf4j.LoggerFactory#NO_STATICLOGGERBINDER_URL &amp; org.slf4j.LoggerFactory#SUBSTITUTE_LOGGER_URL &amp; org.slf4j.LoggerFactory#VERSION_MISMATCH &amp; org.slf4j.LoggerFactory#MULTIPLE_BINDINGS_URL&quot; }"/>
        </annotation>
    </item>
    <item name='org.slf4j.helpers.Util void report(java.lang.String, java.lang.Throwable)'>
        <annotation name='com.intellij.inspections.tainted.annotation.equation.Equations'>
            <val val="{ &quot;t := org.slf4j.LoggerFactory#failedBinding(java.lang.Throwable)#0&quot; }"/>
        </annotation>
    </item>
    <item name='org.slf4j.helpers.Util.ClassContextSecurityManager java.lang.Class&lt;?&gt;[] getClassContext()'>
        <annotation name='com.intellij.inspections.tainted.annotation.equation.Equations'>
            <val val="{ &quot;getClassContext := &quot; }"/>
        </annotation>
    </item>
</root>