<root>
    <item name='sun.net.NetHooks.Provider void implBeforeTcpBind(java.io.FileDescriptor, java.net.InetAddress, int)'>
        <annotation name='com.intellij.inspections.tainted.annotation.equation.Equations'>
            <val val="{ &quot;i := sun.net.sdp.SdpProvider#implBeforeTcpBind(java.io.FileDescriptor, java.net.InetAddress, int)#2&quot;, &quot;fileDescriptor := sun.net.sdp.SdpProvider#implBeforeTcpBind(java.io.FileDescriptor, java.net.InetAddress, int)#0&quot;, &quot;inetAddress := sun.net.sdp.SdpProvider#implBeforeTcpBind(java.io.FileDescriptor, java.net.InetAddress, int)#1&quot; }"/>
        </annotation>
    </item>
    <item name='sun.net.NetHooks.Provider void implBeforeTcpConnect(java.io.FileDescriptor, java.net.InetAddress, int)'>
        <annotation name='com.intellij.inspections.tainted.annotation.equation.Equations'>
            <val val="{ &quot;inetAddress := sun.net.sdp.SdpProvider#implBeforeTcpConnect(java.io.FileDescriptor, java.net.InetAddress, int)#1&quot;, &quot;fileDescriptor := sun.net.sdp.SdpProvider#implBeforeTcpConnect(java.io.FileDescriptor, java.net.InetAddress, int)#0&quot;, &quot;i := sun.net.sdp.SdpProvider#implBeforeTcpConnect(java.io.FileDescriptor, java.net.InetAddress, int)#2&quot; }"/>
        </annotation>
    </item>
</root>