<root>
    <item name='org.xml.sax.helpers.AttributeListImpl'>
        <annotation name='com.intellij.inspections.tainted.annotation.equation.Equations'>
            <val val="{ &quot;AttributeListImpl := &quot; }"/>
        </annotation>
    </item>
    <item name='org.xml.sax.helpers.AttributeListImpl AttributeListImpl()'>
        <annotation name='com.intellij.inspections.tainted.annotation.equation.Equations'>
            <val val="{ &quot;AttributeListImpl := AttributeListImpl&quot; }"/>
        </annotation>
    </item>
    <item name='org.xml.sax.helpers.AttributeListImpl AttributeListImpl(org.xml.sax.AttributeList)'>
        <annotation name='com.intellij.inspections.tainted.annotation.equation.Equations'>
            <val val="{ &quot;AttributeListImpl := AttributeListImpl&quot; }"/>
        </annotation>
    </item>
    <item name='org.xml.sax.helpers.AttributeListImpl void setAttributeList(org.xml.sax.AttributeList)'>
        <annotation name='com.intellij.inspections.tainted.annotation.equation.Equations'>
            <val val="{ &quot;atts := #AttributeListImpl(org.xml.sax.AttributeList)#0&quot; }"/>
        </annotation>
    </item>
    <item name='org.xml.sax.helpers.AttributesImpl'>
        <annotation name='com.intellij.inspections.tainted.annotation.equation.Equations'>
            <val val="{ &quot;AttributesImpl := #setURI(int, java.lang.String)#1 &amp; #setLocalName(int, java.lang.String)#1 &amp; #setQName(int, java.lang.String)#1 &amp; #setType(int, java.lang.String)#1&quot; }"/>
        </annotation>
    </item>
    <item name='org.xml.sax.helpers.AttributesImpl AttributesImpl()'>
        <annotation name='com.intellij.inspections.tainted.annotation.equation.Equations'>
            <val val="{ &quot;AttributesImpl := AttributesImpl&quot; }"/>
        </annotation>
    </item>
    <item name='org.xml.sax.helpers.AttributesImpl AttributesImpl(org.xml.sax.Attributes)'>
        <annotation name='com.intellij.inspections.tainted.annotation.equation.Equations'>
            <val val="{ &quot;AttributesImpl := AttributesImpl&quot;, &quot;atts := com.sun.org.apache.xml.internal.utils.MutableAttrListImpl#MutableAttrListImpl(org.xml.sax.Attributes)#0 &amp; com.sun.org.apache.xml.internal.serialize.XMLSerializer#extractNamespaces(org.xml.sax.Attributes)#0 &amp; com.sun.org.apache.xalan.internal.xsltc.compiler.Parser#startElement(java.lang.String, java.lang.String, java.lang.String, org.xml.sax.Attributes)#3 &amp; org.xml.sax.ext.Attributes2Impl#Attributes2Impl(org.xml.sax.Attributes)#0&quot; }"/>
        </annotation>
    </item>
    <item name='org.xml.sax.helpers.AttributesImpl int getIndex(java.lang.String)'>
        <annotation name='com.intellij.inspections.tainted.annotation.equation.Equations'>
            <val val="{ &quot;qName := com.sun.org.apache.xml.internal.serializer.AttributesImplSerializer#getIndex(java.lang.String)#0 &amp; com.sun.org.apache.xml.internal.serializer.AttributesImplSerializer#getIndex(java.lang.String)#0&quot;, &quot;getIndex := com.sun.org.apache.xml.internal.serializer.AttributesImplSerializer#getIndex(java.lang.String) &amp; com.sun.org.apache.xml.internal.serializer.AttributesImplSerializer#getIndex(java.lang.String)&quot; }"/>
        </annotation>
    </item>
    <item name='org.xml.sax.helpers.AttributesImpl int getIndex(java.lang.String, java.lang.String)'>
        <annotation name='com.intellij.inspections.tainted.annotation.equation.Equations'>
            <val val="{ &quot;uri := com.sun.org.apache.xml.internal.serializer.AttributesImplSerializer#getIndex(java.lang.String, java.lang.String)#0 &amp; com.sun.org.apache.xml.internal.serializer.AttributesImplSerializer#getIndex(java.lang.String, java.lang.String)#0&quot;, &quot;localName := com.sun.org.apache.xml.internal.serializer.AttributesImplSerializer#getIndex(java.lang.String, java.lang.String)#1 &amp; com.sun.org.apache.xml.internal.serializer.AttributesImplSerializer#getIndex(java.lang.String, java.lang.String)#1&quot;, &quot;getIndex := com.sun.org.apache.xml.internal.serializer.AttributesImplSerializer#getIndex(java.lang.String, java.lang.String) &amp; com.sun.org.apache.xml.internal.serializer.AttributesImplSerializer#getIndex(java.lang.String, java.lang.String)&quot; }"/>
        </annotation>
    </item>
    <item name='org.xml.sax.helpers.AttributesImpl int getLength()'>
        <annotation name='com.intellij.inspections.tainted.annotation.equation.Equations'>
            <val val="{ &quot;getLength := AttributesImpl&quot; }"/>
        </annotation>
    </item>
    <item name='org.xml.sax.helpers.AttributesImpl java.lang.String getLocalName(int)'>
        <annotation name='com.intellij.inspections.tainted.annotation.equation.Equations'>
            <val val="{ &quot;getLocalName := AttributesImpl&quot; }"/>
        </annotation>
    </item>
    <item name='org.xml.sax.helpers.AttributesImpl java.lang.String getQName(int)'>
        <annotation name='com.intellij.inspections.tainted.annotation.equation.Equations'>
            <val val="{ &quot;getQName := AttributesImpl&quot; }"/>
        </annotation>
    </item>
    <item name='org.xml.sax.helpers.AttributesImpl java.lang.String getType(int)'>
        <annotation name='com.intellij.inspections.tainted.annotation.equation.Equations'>
            <val val="{ &quot;getType := AttributesImpl&quot; }"/>
        </annotation>
    </item>
    <item name='org.xml.sax.helpers.AttributesImpl java.lang.String getType(java.lang.String)'>
        <annotation name='com.intellij.inspections.tainted.annotation.equation.Equations'>
            <val val="{ &quot;getType := AttributesImpl&quot; }"/>
        </annotation>
    </item>
    <item name='org.xml.sax.helpers.AttributesImpl java.lang.String getType(java.lang.String, java.lang.String)'>
        <annotation name='com.intellij.inspections.tainted.annotation.equation.Equations'>
            <val val="{ &quot;getType := AttributesImpl&quot; }"/>
        </annotation>
    </item>
    <item name='org.xml.sax.helpers.AttributesImpl java.lang.String getURI(int)'>
        <annotation name='com.intellij.inspections.tainted.annotation.equation.Equations'>
            <val val="{ &quot;getURI := AttributesImpl&quot; }"/>
        </annotation>
    </item>
    <item name='org.xml.sax.helpers.AttributesImpl java.lang.String getValue(int)'>
        <annotation name='com.intellij.inspections.tainted.annotation.equation.Equations'>
            <val val="{ &quot;getValue := AttributesImpl&quot; }"/>
        </annotation>
    </item>
    <item name='org.xml.sax.helpers.AttributesImpl java.lang.String getValue(java.lang.String)'>
        <annotation name='com.intellij.inspections.tainted.annotation.equation.Equations'>
            <val val="{ &quot;qName := com.sun.org.apache.xml.internal.utils.MutableAttrListImpl#contains(java.lang.String)#0 &amp; com.sun.org.apache.xalan.internal.xsltc.compiler.SyntaxTreeNode#getAttribute(java.lang.String)#0 &amp; com.sun.org.apache.xalan.internal.xsltc.compiler.SyntaxTreeNode#hasAttribute(java.lang.String)#0&quot;, &quot;getValue := AttributesImpl&quot; }"/>
        </annotation>
    </item>
    <item name='org.xml.sax.helpers.AttributesImpl java.lang.String getValue(java.lang.String, java.lang.String)'>
        <annotation name='com.intellij.inspections.tainted.annotation.equation.Equations'>
            <val val="{ &quot;getValue := AttributesImpl&quot; }"/>
        </annotation>
    </item>
    <item name='org.xml.sax.helpers.AttributesImpl void addAttribute(java.lang.String, java.lang.String, java.lang.String, java.lang.String, java.lang.String)'>
        <annotation name='com.intellij.inspections.tainted.annotation.equation.Equations'>
            <val val="{ &quot;qName := com.sun.org.apache.xml.internal.serializer.AttributesImplSerializer#addAttribute(java.lang.String, java.lang.String, java.lang.String, java.lang.String, java.lang.String)#2 &amp; com.sun.org.apache.xml.internal.utils.MutableAttrListImpl#addAttribute(java.lang.String, java.lang.String, java.lang.String, java.lang.String, java.lang.String)#2 &amp; org.xml.sax.ext.Attributes2Impl#addAttribute(java.lang.String, java.lang.String, java.lang.String, java.lang.String, java.lang.String)#2 &amp; com.sun.org.apache.xml.internal.serializer.AttributesImplSerializer#addAttribute(java.lang.String, java.lang.String, java.lang.String, java.lang.String, java.lang.String)#2&quot;, &quot;uri := com.sun.org.apache.xml.internal.serializer.AttributesImplSerializer#addAttribute(java.lang.String, java.lang.String, java.lang.String, java.lang.String, java.lang.String)#0 &amp; com.sun.org.apache.xml.internal.utils.MutableAttrListImpl#addAttribute(java.lang.String, java.lang.String, java.lang.String, java.lang.String, java.lang.String)#0 &amp; org.xml.sax.ext.Attributes2Impl#addAttribute(java.lang.String, java.lang.String, java.lang.String, java.lang.String, java.lang.String)#0 &amp; com.sun.org.apache.xml.internal.serializer.AttributesImplSerializer#addAttribute(java.lang.String, java.lang.String, java.lang.String, java.lang.String, java.lang.String)#0&quot;, &quot;value := com.sun.org.apache.xml.internal.serializer.AttributesImplSerializer#addAttribute(java.lang.String, java.lang.String, java.lang.String, java.lang.String, java.lang.String)#4 &amp; com.sun.org.apache.xml.internal.utils.MutableAttrListImpl#addAttribute(java.lang.String, java.lang.String, java.lang.String, java.lang.String, java.lang.String)#4 &amp; org.xml.sax.ext.Attributes2Impl#addAttribute(java.lang.String, java.lang.String, java.lang.String, java.lang.String, java.lang.String)#4 &amp; com.sun.org.apache.xml.internal.serializer.AttributesImplSerializer#addAttribute(java.lang.String, java.lang.String, java.lang.String, java.lang.String, java.lang.String)#4&quot;, &quot;type := com.sun.org.apache.xml.internal.serializer.AttributesImplSerializer#addAttribute(java.lang.String, java.lang.String, java.lang.String, java.lang.String, java.lang.String)#3 &amp; com.sun.org.apache.xml.internal.utils.MutableAttrListImpl#addAttribute(java.lang.String, java.lang.String, java.lang.String, java.lang.String, java.lang.String)#3 &amp; org.xml.sax.ext.Attributes2Impl#addAttribute(java.lang.String, java.lang.String, java.lang.String, java.lang.String, java.lang.String)#3 &amp; com.sun.org.apache.xml.internal.serializer.AttributesImplSerializer#addAttribute(java.lang.String, java.lang.String, java.lang.String, java.lang.String, java.lang.String)#3&quot;, &quot;localName := com.sun.org.apache.xml.internal.serializer.AttributesImplSerializer#addAttribute(java.lang.String, java.lang.String, java.lang.String, java.lang.String, java.lang.String)#1 &amp; com.sun.org.apache.xml.internal.utils.MutableAttrListImpl#addAttribute(java.lang.String, java.lang.String, java.lang.String, java.lang.String, java.lang.String)#1 &amp; org.xml.sax.ext.Attributes2Impl#addAttribute(java.lang.String, java.lang.String, java.lang.String, java.lang.String, java.lang.String)#1 &amp; com.sun.org.apache.xml.internal.serializer.AttributesImplSerializer#addAttribute(java.lang.String, java.lang.String, java.lang.String, java.lang.String, java.lang.String)#1&quot; }"/>
        </annotation>
    </item>
    <item name='org.xml.sax.helpers.AttributesImpl void badIndex(int)'>
        <annotation name='com.intellij.inspections.tainted.annotation.equation.Equations'>
            <val val="{ &quot;index := #setURI(int, java.lang.String)#0 &amp; #setLocalName(int, java.lang.String)#0 &amp; #setQName(int, java.lang.String)#0 &amp; #setType(int, java.lang.String)#0 &amp; #removeAttribute(int)#0 &amp; AttributesImpl &amp; #setAttribute(int, java.lang.String, java.lang.String, java.lang.String, java.lang.String, java.lang.String)#0 &amp; #setValue(int, java.lang.String)#0&quot; }"/>
        </annotation>
    </item>
    <item name='org.xml.sax.helpers.AttributesImpl void ensureCapacity(int)'>
        <annotation name='com.intellij.inspections.tainted.annotation.equation.Equations'>
            <val val="{ &quot;n := AttributesImpl&quot; }"/>
        </annotation>
    </item>
    <item name='org.xml.sax.helpers.AttributesImpl void removeAttribute(int)'>
        <annotation name='com.intellij.inspections.tainted.annotation.equation.Equations'>
            <val val="{ &quot;index := org.xml.sax.ext.Attributes2Impl#removeAttribute(int)#0&quot; }"/>
        </annotation>
    </item>
    <item name='org.xml.sax.helpers.AttributesImpl void setAttribute(int, java.lang.String, java.lang.String, java.lang.String, java.lang.String, java.lang.String)'>
        <annotation name='com.intellij.inspections.tainted.annotation.equation.Equations'>
            <val val="{ &quot;localName := com.sun.org.apache.xml.internal.utils.MutableAttrListImpl#addAttribute(java.lang.String, java.lang.String, java.lang.String, java.lang.String, java.lang.String)#1&quot;, &quot;type := com.sun.org.apache.xml.internal.utils.MutableAttrListImpl#addAttribute(java.lang.String, java.lang.String, java.lang.String, java.lang.String, java.lang.String)#3&quot;, &quot;qName := com.sun.org.apache.xml.internal.utils.MutableAttrListImpl#addAttribute(java.lang.String, java.lang.String, java.lang.String, java.lang.String, java.lang.String)#2 &amp; com.sun.org.apache.xalan.internal.xsltc.compiler.SyntaxTreeNode#addAttribute(java.lang.String, java.lang.String)#0&quot;, &quot;uri := com.sun.org.apache.xml.internal.utils.MutableAttrListImpl#addAttribute(java.lang.String, java.lang.String, java.lang.String, java.lang.String, java.lang.String)#0&quot;, &quot;value := com.sun.org.apache.xml.internal.utils.MutableAttrListImpl#addAttribute(java.lang.String, java.lang.String, java.lang.String, java.lang.String, java.lang.String)#4 &amp; com.sun.org.apache.xalan.internal.xsltc.compiler.SyntaxTreeNode#addAttribute(java.lang.String, java.lang.String)#1&quot; }"/>
        </annotation>
    </item>
    <item name='org.xml.sax.helpers.AttributesImpl void setAttributes(org.xml.sax.Attributes)'>
        <annotation name='com.intellij.inspections.tainted.annotation.equation.Equations'>
            <val val="{ &quot;atts := com.sun.org.apache.xml.internal.serializer.AttributesImplSerializer#setAttributes(org.xml.sax.Attributes)#0 &amp; #AttributesImpl(org.xml.sax.Attributes)#0 &amp; org.xml.sax.ext.Attributes2Impl#setAttributes(org.xml.sax.Attributes)#0 &amp; com.sun.org.apache.xml.internal.serializer.AttributesImplSerializer#setAttributes(org.xml.sax.Attributes)#0&quot; }"/>
        </annotation>
    </item>
    <item name='org.xml.sax.helpers.AttributesImpl void setValue(int, java.lang.String)'>
        <annotation name='com.intellij.inspections.tainted.annotation.equation.Equations'>
            <val val="{ &quot;value := com.sun.org.apache.xml.internal.serializer.ToStream#addAttributeAlways(java.lang.String, java.lang.String, java.lang.String, java.lang.String, java.lang.String, boolean)#4 &amp; com.sun.org.apache.xml.internal.serializer.SerializerBase#addAttributeAlways(java.lang.String, java.lang.String, java.lang.String, java.lang.String, java.lang.String, boolean)#4&quot; }"/>
        </annotation>
    </item>
    <item name='org.xml.sax.helpers.DefaultHandler org.xml.sax.InputSource resolveEntity(java.lang.String, java.lang.String)'>
        <annotation name='com.intellij.inspections.tainted.annotation.equation.Equations'>
            <val val="{ &quot;systemId := com.sun.org.apache.xml.internal.resolver.readers.SAXParserHandler#resolveEntity(java.lang.String, java.lang.String)#1 &amp; org.xml.sax.ext.DefaultHandler2#resolveEntity(java.lang.String, java.lang.String)#1 &amp; javax.swing.plaf.synth.SynthParser#resolveEntity(java.lang.String, java.lang.String)#1&quot;, &quot;resolveEntity := com.sun.org.apache.xml.internal.resolver.readers.SAXParserHandler#resolveEntity(java.lang.String, java.lang.String) &amp; org.xml.sax.ext.DefaultHandler2#resolveEntity(java.lang.String, java.lang.String) &amp; javax.swing.plaf.synth.SynthParser#resolveEntity(java.lang.String, java.lang.String)&quot;, &quot;publicId := com.sun.org.apache.xml.internal.resolver.readers.SAXParserHandler#resolveEntity(java.lang.String, java.lang.String)#0 &amp; org.xml.sax.ext.DefaultHandler2#resolveEntity(java.lang.String, java.lang.String)#0 &amp; javax.swing.plaf.synth.SynthParser#resolveEntity(java.lang.String, java.lang.String)#0&quot; }"/>
        </annotation>
    </item>
    <item name='org.xml.sax.helpers.DefaultHandler void characters(char[], int, int)'>
        <annotation name='com.intellij.inspections.tainted.annotation.equation.Equations'>
            <val val="{ &quot;start := com.sun.org.apache.xml.internal.resolver.readers.SAXParserHandler#characters(char[], int, int)#1 &amp; com.sun.org.apache.xalan.internal.xsltc.trax.SAX2StAXBaseWriter#characters(char[], int, int)#1 &amp; com.sun.org.apache.xerces.internal.jaxp.JAXPValidatorComponent.SAX2XNI#characters(char[], int, int)#1 &amp; javax.swing.plaf.synth.SynthParser#characters(char[], int, int)#1&quot;, &quot;ch := com.sun.org.apache.xml.internal.resolver.readers.SAXParserHandler#characters(char[], int, int)#0 &amp; com.sun.org.apache.xalan.internal.xsltc.trax.SAX2StAXBaseWriter#characters(char[], int, int)#0 &amp; com.sun.org.apache.xerces.internal.jaxp.JAXPValidatorComponent.SAX2XNI#characters(char[], int, int)#0 &amp; javax.swing.plaf.synth.SynthParser#characters(char[], int, int)#0&quot;, &quot;length := com.sun.org.apache.xml.internal.resolver.readers.SAXParserHandler#characters(char[], int, int)#2 &amp; com.sun.org.apache.xalan.internal.xsltc.trax.SAX2StAXBaseWriter#characters(char[], int, int)#2 &amp; com.sun.org.apache.xerces.internal.jaxp.JAXPValidatorComponent.SAX2XNI#characters(char[], int, int)#2 &amp; javax.swing.plaf.synth.SynthParser#characters(char[], int, int)#2&quot; }"/>
        </annotation>
    </item>
    <item name='org.xml.sax.helpers.DefaultHandler void endElement(java.lang.String, java.lang.String, java.lang.String)'>
        <annotation name='com.intellij.inspections.tainted.annotation.equation.Equations'>
            <val val="{ &quot;uri := javax.swing.plaf.synth.SynthParser#endElement(java.lang.String, java.lang.String, java.lang.String)#0 &amp; com.sun.org.apache.xerces.internal.jaxp.JAXPValidatorComponent.SAX2XNI#endElement(java.lang.String, java.lang.String, java.lang.String)#0 &amp; com.sun.org.apache.xml.internal.resolver.readers.SAXParserHandler#endElement(java.lang.String, java.lang.String, java.lang.String)#0 &amp; com.sun.org.apache.xalan.internal.xsltc.trax.SAX2StAXBaseWriter#endElement(java.lang.String, java.lang.String, java.lang.String)#0 &amp; com.sun.beans.decoder.DocumentHandler#endElement(java.lang.String, java.lang.String, java.lang.String)#0&quot;, &quot;localName := javax.swing.plaf.synth.SynthParser#endElement(java.lang.String, java.lang.String, java.lang.String)#1 &amp; com.sun.org.apache.xerces.internal.jaxp.JAXPValidatorComponent.SAX2XNI#endElement(java.lang.String, java.lang.String, java.lang.String)#1 &amp; com.sun.org.apache.xml.internal.resolver.readers.SAXParserHandler#endElement(java.lang.String, java.lang.String, java.lang.String)#1 &amp; com.sun.org.apache.xalan.internal.xsltc.trax.SAX2StAXBaseWriter#endElement(java.lang.String, java.lang.String, java.lang.String)#1 &amp; com.sun.beans.decoder.DocumentHandler#endElement(java.lang.String, java.lang.String, java.lang.String)#1&quot;, &quot;qName := javax.swing.plaf.synth.SynthParser#endElement(java.lang.String, java.lang.String, java.lang.String)#2 &amp; com.sun.org.apache.xerces.internal.jaxp.JAXPValidatorComponent.SAX2XNI#endElement(java.lang.String, java.lang.String, java.lang.String)#2 &amp; com.sun.org.apache.xml.internal.resolver.readers.SAXParserHandler#endElement(java.lang.String, java.lang.String, java.lang.String)#2 &amp; com.sun.org.apache.xalan.internal.xsltc.trax.SAX2StAXBaseWriter#endElement(java.lang.String, java.lang.String, java.lang.String)#2 &amp; com.sun.beans.decoder.DocumentHandler#endElement(java.lang.String, java.lang.String, java.lang.String)#2&quot; }"/>
        </annotation>
    </item>
    <item name='org.xml.sax.helpers.DefaultHandler void endPrefixMapping(java.lang.String)'>
        <annotation name='com.intellij.inspections.tainted.annotation.equation.Equations'>
            <val val="{ &quot;prefix := com.sun.org.apache.xml.internal.resolver.readers.SAXParserHandler#endPrefixMapping(java.lang.String)#0 &amp; com.sun.org.apache.xalan.internal.xsltc.trax.SAX2StAXBaseWriter#endPrefixMapping(java.lang.String)#0&quot; }"/>
        </annotation>
    </item>
    <item name='org.xml.sax.helpers.DefaultHandler void error(org.xml.sax.SAXParseException)'>
        <annotation name='com.intellij.inspections.tainted.annotation.equation.Equations'>
            <val val="{ &quot;e := com.sun.org.apache.xerces.internal.jaxp.DefaultValidationErrorHandler#error(org.xml.sax.SAXParseException)#0 &amp; javax.swing.plaf.synth.SynthParser#error(org.xml.sax.SAXParseException)#0 &amp; com.sun.org.apache.xalan.internal.xsltc.trax.SAX2StAXBaseWriter#error(org.xml.sax.SAXParseException)#0&quot; }"/>
        </annotation>
    </item>
    <item name='org.xml.sax.helpers.DefaultHandler void fatalError(org.xml.sax.SAXParseException)'>
        <annotation name='com.intellij.inspections.tainted.annotation.equation.Equations'>
            <val val="{ &quot;e := javax.swing.plaf.synth.SynthParser#fatalError(org.xml.sax.SAXParseException)#0 &amp; com.sun.org.apache.xalan.internal.xsltc.trax.SAX2StAXBaseWriter#fatalError(org.xml.sax.SAXParseException)#0&quot; }"/>
        </annotation>
    </item>
    <item name='org.xml.sax.helpers.DefaultHandler void ignorableWhitespace(char[], int, int)'>
        <annotation name='com.intellij.inspections.tainted.annotation.equation.Equations'>
            <val val="{ &quot;ch := javax.swing.plaf.synth.SynthParser#ignorableWhitespace(char[], int, int)#0 &amp; com.sun.org.apache.xalan.internal.xsltc.trax.SAX2StAXEventWriter#ignorableWhitespace(char[], int, int)#0 &amp; com.sun.org.apache.xalan.internal.xsltc.trax.SAX2StAXStreamWriter#ignorableWhitespace(char[], int, int)#0 &amp; com.sun.org.apache.xml.internal.resolver.readers.SAXParserHandler#ignorableWhitespace(char[], int, int)#0 &amp; com.sun.org.apache.xerces.internal.jaxp.JAXPValidatorComponent.SAX2XNI#ignorableWhitespace(char[], int, int)#0&quot;, &quot;length := javax.swing.plaf.synth.SynthParser#ignorableWhitespace(char[], int, int)#2 &amp; com.sun.org.apache.xalan.internal.xsltc.trax.SAX2StAXEventWriter#ignorableWhitespace(char[], int, int)#2 &amp; com.sun.org.apache.xalan.internal.xsltc.trax.SAX2StAXStreamWriter#ignorableWhitespace(char[], int, int)#2 &amp; com.sun.org.apache.xml.internal.resolver.readers.SAXParserHandler#ignorableWhitespace(char[], int, int)#2 &amp; com.sun.org.apache.xerces.internal.jaxp.JAXPValidatorComponent.SAX2XNI#ignorableWhitespace(char[], int, int)#2&quot;, &quot;start := javax.swing.plaf.synth.SynthParser#ignorableWhitespace(char[], int, int)#1 &amp; com.sun.org.apache.xalan.internal.xsltc.trax.SAX2StAXEventWriter#ignorableWhitespace(char[], int, int)#1 &amp; com.sun.org.apache.xalan.internal.xsltc.trax.SAX2StAXStreamWriter#ignorableWhitespace(char[], int, int)#1 &amp; com.sun.org.apache.xml.internal.resolver.readers.SAXParserHandler#ignorableWhitespace(char[], int, int)#1 &amp; com.sun.org.apache.xerces.internal.jaxp.JAXPValidatorComponent.SAX2XNI#ignorableWhitespace(char[], int, int)#1&quot; }"/>
        </annotation>
    </item>
    <item name='org.xml.sax.helpers.DefaultHandler void notationDecl(java.lang.String, java.lang.String, java.lang.String)'>
        <annotation name='com.intellij.inspections.tainted.annotation.equation.Equations'>
            <val val="{ &quot;systemId := javax.swing.plaf.synth.SynthParser#notationDecl(java.lang.String, java.lang.String, java.lang.String)#2&quot;, &quot;publicId := javax.swing.plaf.synth.SynthParser#notationDecl(java.lang.String, java.lang.String, java.lang.String)#1&quot;, &quot;name := javax.swing.plaf.synth.SynthParser#notationDecl(java.lang.String, java.lang.String, java.lang.String)#0&quot; }"/>
        </annotation>
    </item>
    <item name='org.xml.sax.helpers.DefaultHandler void processingInstruction(java.lang.String, java.lang.String)'>
        <annotation name='com.intellij.inspections.tainted.annotation.equation.Equations'>
            <val val="{ &quot;target := com.sun.org.apache.xml.internal.utils.StylesheetPIHandler#processingInstruction(java.lang.String, java.lang.String)#0 &amp; javax.swing.plaf.synth.SynthParser#processingInstruction(java.lang.String, java.lang.String)#0 &amp; com.sun.org.apache.xalan.internal.xsltc.trax.SAX2StAXEventWriter#processingInstruction(java.lang.String, java.lang.String)#0 &amp; com.sun.org.apache.xalan.internal.xsltc.trax.SAX2StAXStreamWriter#processingInstruction(java.lang.String, java.lang.String)#0 &amp; com.sun.org.apache.xml.internal.resolver.readers.SAXParserHandler#processingInstruction(java.lang.String, java.lang.String)#0&quot;, &quot;data := com.sun.org.apache.xml.internal.utils.StylesheetPIHandler#processingInstruction(java.lang.String, java.lang.String)#1 &amp; javax.swing.plaf.synth.SynthParser#processingInstruction(java.lang.String, java.lang.String)#1 &amp; com.sun.org.apache.xalan.internal.xsltc.trax.SAX2StAXEventWriter#processingInstruction(java.lang.String, java.lang.String)#1 &amp; com.sun.org.apache.xalan.internal.xsltc.trax.SAX2StAXStreamWriter#processingInstruction(java.lang.String, java.lang.String)#1 &amp; com.sun.org.apache.xml.internal.resolver.readers.SAXParserHandler#processingInstruction(java.lang.String, java.lang.String)#1&quot; }"/>
        </annotation>
    </item>
    <item name='org.xml.sax.helpers.DefaultHandler void setDocumentLocator(org.xml.sax.Locator)'>
        <annotation name='com.intellij.inspections.tainted.annotation.equation.Equations'>
            <val val="{ &quot;locator := javax.swing.plaf.synth.SynthParser#setDocumentLocator(org.xml.sax.Locator)#0 &amp; com.sun.org.apache.xml.internal.resolver.readers.SAXParserHandler#setDocumentLocator(org.xml.sax.Locator)#0 &amp; com.sun.org.apache.xalan.internal.xsltc.trax.SAX2StAXBaseWriter#setDocumentLocator(org.xml.sax.Locator)#0&quot; }"/>
        </annotation>
    </item>
    <item name='org.xml.sax.helpers.DefaultHandler void skippedEntity(java.lang.String)'>
        <annotation name='com.intellij.inspections.tainted.annotation.equation.Equations'>
            <val val="{ &quot;name := com.sun.org.apache.xml.internal.resolver.readers.SAXParserHandler#skippedEntity(java.lang.String)#0&quot; }"/>
        </annotation>
    </item>
    <item name='org.xml.sax.helpers.DefaultHandler void startElement(java.lang.String, java.lang.String, java.lang.String, org.xml.sax.Attributes)'>
        <annotation name='com.intellij.inspections.tainted.annotation.equation.Equations'>
            <val val="{ &quot;qName := com.sun.org.apache.xml.internal.utils.StylesheetPIHandler#startElement(java.lang.String, java.lang.String, java.lang.String, org.xml.sax.Attributes)#2 &amp; com.sun.org.apache.xml.internal.resolver.readers.SAXParserHandler#startElement(java.lang.String, java.lang.String, java.lang.String, org.xml.sax.Attributes)#2 &amp; com.sun.org.apache.xalan.internal.xsltc.trax.SAX2StAXBaseWriter#startElement(java.lang.String, java.lang.String, java.lang.String, org.xml.sax.Attributes)#2 &amp; com.sun.org.apache.xerces.internal.jaxp.JAXPValidatorComponent.SAX2XNI#startElement(java.lang.String, java.lang.String, java.lang.String, org.xml.sax.Attributes)#2 &amp; javax.swing.plaf.synth.SynthParser#startElement(java.lang.String, java.lang.String, java.lang.String, org.xml.sax.Attributes)#2&quot;, &quot;localName := com.sun.org.apache.xml.internal.utils.StylesheetPIHandler#startElement(java.lang.String, java.lang.String, java.lang.String, org.xml.sax.Attributes)#1 &amp; com.sun.org.apache.xml.internal.resolver.readers.SAXParserHandler#startElement(java.lang.String, java.lang.String, java.lang.String, org.xml.sax.Attributes)#1 &amp; com.sun.org.apache.xalan.internal.xsltc.trax.SAX2StAXBaseWriter#startElement(java.lang.String, java.lang.String, java.lang.String, org.xml.sax.Attributes)#1 &amp; com.sun.org.apache.xerces.internal.jaxp.JAXPValidatorComponent.SAX2XNI#startElement(java.lang.String, java.lang.String, java.lang.String, org.xml.sax.Attributes)#1 &amp; javax.swing.plaf.synth.SynthParser#startElement(java.lang.String, java.lang.String, java.lang.String, org.xml.sax.Attributes)#1&quot;, &quot;attributes := com.sun.org.apache.xml.internal.utils.StylesheetPIHandler#startElement(java.lang.String, java.lang.String, java.lang.String, org.xml.sax.Attributes)#3 &amp; com.sun.org.apache.xml.internal.resolver.readers.SAXParserHandler#startElement(java.lang.String, java.lang.String, java.lang.String, org.xml.sax.Attributes)#3 &amp; com.sun.org.apache.xalan.internal.xsltc.trax.SAX2StAXBaseWriter#startElement(java.lang.String, java.lang.String, java.lang.String, org.xml.sax.Attributes)#3 &amp; com.sun.org.apache.xerces.internal.jaxp.JAXPValidatorComponent.SAX2XNI#startElement(java.lang.String, java.lang.String, java.lang.String, org.xml.sax.Attributes)#3 &amp; javax.swing.plaf.synth.SynthParser#startElement(java.lang.String, java.lang.String, java.lang.String, org.xml.sax.Attributes)#3&quot;, &quot;uri := com.sun.org.apache.xml.internal.utils.StylesheetPIHandler#startElement(java.lang.String, java.lang.String, java.lang.String, org.xml.sax.Attributes)#0 &amp; com.sun.org.apache.xml.internal.resolver.readers.SAXParserHandler#startElement(java.lang.String, java.lang.String, java.lang.String, org.xml.sax.Attributes)#0 &amp; com.sun.org.apache.xalan.internal.xsltc.trax.SAX2StAXBaseWriter#startElement(java.lang.String, java.lang.String, java.lang.String, org.xml.sax.Attributes)#0 &amp; com.sun.org.apache.xerces.internal.jaxp.JAXPValidatorComponent.SAX2XNI#startElement(java.lang.String, java.lang.String, java.lang.String, org.xml.sax.Attributes)#0 &amp; javax.swing.plaf.synth.SynthParser#startElement(java.lang.String, java.lang.String, java.lang.String, org.xml.sax.Attributes)#0&quot; }"/>
        </annotation>
    </item>
    <item name='org.xml.sax.helpers.DefaultHandler void startPrefixMapping(java.lang.String, java.lang.String)'>
        <annotation name='com.intellij.inspections.tainted.annotation.equation.Equations'>
            <val val="{ &quot;prefix := com.sun.org.apache.xalan.internal.xsltc.trax.SAX2StAXBaseWriter#startPrefixMapping(java.lang.String, java.lang.String)#0 &amp; com.sun.org.apache.xml.internal.resolver.readers.SAXParserHandler#startPrefixMapping(java.lang.String, java.lang.String)#0&quot;, &quot;uri := com.sun.org.apache.xalan.internal.xsltc.trax.SAX2StAXBaseWriter#startPrefixMapping(java.lang.String, java.lang.String)#1 &amp; com.sun.org.apache.xml.internal.resolver.readers.SAXParserHandler#startPrefixMapping(java.lang.String, java.lang.String)#1&quot; }"/>
        </annotation>
    </item>
    <item name='org.xml.sax.helpers.DefaultHandler void unparsedEntityDecl(java.lang.String, java.lang.String, java.lang.String, java.lang.String)'>
        <annotation name='com.intellij.inspections.tainted.annotation.equation.Equations'>
            <val val="{ &quot;systemId := javax.swing.plaf.synth.SynthParser#unparsedEntityDecl(java.lang.String, java.lang.String, java.lang.String, java.lang.String)#2&quot;, &quot;publicId := javax.swing.plaf.synth.SynthParser#unparsedEntityDecl(java.lang.String, java.lang.String, java.lang.String, java.lang.String)#1&quot;, &quot;name := javax.swing.plaf.synth.SynthParser#unparsedEntityDecl(java.lang.String, java.lang.String, java.lang.String, java.lang.String)#0&quot;, &quot;notationName := javax.swing.plaf.synth.SynthParser#unparsedEntityDecl(java.lang.String, java.lang.String, java.lang.String, java.lang.String)#3&quot; }"/>
        </annotation>
    </item>
    <item name='org.xml.sax.helpers.DefaultHandler void warning(org.xml.sax.SAXParseException)'>
        <annotation name='com.intellij.inspections.tainted.annotation.equation.Equations'>
            <val val="{ &quot;e := javax.swing.plaf.synth.SynthParser#warning(org.xml.sax.SAXParseException)#0 &amp; com.sun.org.apache.xalan.internal.xsltc.trax.SAX2StAXBaseWriter#warning(org.xml.sax.SAXParseException)#0&quot; }"/>
        </annotation>
    </item>
    <item name='org.xml.sax.helpers.LocatorImpl LocatorImpl()'>
        <annotation name='com.intellij.inspections.tainted.annotation.equation.Equations'>
            <val val="{ &quot;LocatorImpl := LocatorImpl&quot; }"/>
        </annotation>
    </item>
    <item name='org.xml.sax.helpers.LocatorImpl LocatorImpl(org.xml.sax.Locator)'>
        <annotation name='com.intellij.inspections.tainted.annotation.equation.Equations'>
            <val val="{ &quot;LocatorImpl := LocatorImpl&quot;, &quot;locator := org.xml.sax.ext.Locator2Impl#Locator2Impl(org.xml.sax.Locator)#0&quot; }"/>
        </annotation>
    </item>
    <item name='org.xml.sax.helpers.LocatorImpl int getColumnNumber()'>
        <annotation name='com.intellij.inspections.tainted.annotation.equation.Equations'>
            <val val="{ &quot;getColumnNumber := com.sun.org.apache.xml.internal.utils.SAXSourceLocator#getColumnNumber()&quot; }"/>
        </annotation>
    </item>
    <item name='org.xml.sax.helpers.LocatorImpl int getLineNumber()'>
        <annotation name='com.intellij.inspections.tainted.annotation.equation.Equations'>
            <val val="{ &quot;getLineNumber := com.sun.org.apache.xml.internal.utils.SAXSourceLocator#getLineNumber()&quot; }"/>
        </annotation>
    </item>
    <item name='org.xml.sax.helpers.LocatorImpl java.lang.String getPublicId()'>
        <annotation name='com.intellij.inspections.tainted.annotation.equation.Equations'>
            <val val="{ &quot;getPublicId := com.sun.org.apache.xml.internal.utils.SAXSourceLocator#getPublicId()&quot; }"/>
        </annotation>
    </item>
    <item name='org.xml.sax.helpers.LocatorImpl java.lang.String getSystemId()'>
        <annotation name='com.intellij.inspections.tainted.annotation.equation.Equations'>
            <val val="{ &quot;getSystemId := com.sun.org.apache.xml.internal.utils.SAXSourceLocator#getSystemId()&quot; }"/>
        </annotation>
    </item>
    <item name='org.xml.sax.helpers.LocatorImpl void setColumnNumber(int)'>
        <annotation name='com.intellij.inspections.tainted.annotation.equation.Equations'>
            <val val="{ &quot;columnNumber := &quot; }"/>
        </annotation>
    </item>
    <item name='org.xml.sax.helpers.LocatorImpl void setLineNumber(int)'>
        <annotation name='com.intellij.inspections.tainted.annotation.equation.Equations'>
            <val val="{ &quot;lineNumber := &quot; }"/>
        </annotation>
    </item>
    <item name='org.xml.sax.helpers.LocatorImpl void setPublicId(java.lang.String)'>
        <annotation name='com.intellij.inspections.tainted.annotation.equation.Equations'>
            <val val="{ &quot;publicId := &quot; }"/>
        </annotation>
    </item>
    <item name='org.xml.sax.helpers.LocatorImpl void setSystemId(java.lang.String)'>
        <annotation name='com.intellij.inspections.tainted.annotation.equation.Equations'>
            <val val="{ &quot;systemId := com.sun.org.apache.xml.internal.utils.TreeWalker#TreeWalker(org.xml.sax.ContentHandler, com.sun.org.apache.xml.internal.utils.DOMHelper, java.lang.String)#2 &amp; com.sun.org.apache.xml.internal.serializer.TreeWalker#TreeWalker(org.xml.sax.ContentHandler, java.lang.String)#1&quot; }"/>
        </annotation>
    </item>
    <item name='org.xml.sax.helpers.NamespaceSupport'>
        <annotation name='com.intellij.inspections.tainted.annotation.equation.Equations'>
            <val val="{ &quot;NamespaceSupport := NamespaceSupport&quot; }"/>
        </annotation>
    </item>
    <item name='org.xml.sax.helpers.NamespaceSupport NamespaceSupport()'>
        <annotation name='com.intellij.inspections.tainted.annotation.equation.Equations'>
            <val val="{ &quot;NamespaceSupport := NamespaceSupport&quot; }"/>
        </annotation>
    </item>
    <item name='org.xml.sax.helpers.NamespaceSupport java.lang.String[] processName(java.lang.String, java.lang.String[], boolean)'>
        <annotation name='com.intellij.inspections.tainted.annotation.equation.Equations'>
            <val val="{ &quot;qName := ParserAdapter#processName(java.lang.String, boolean, boolean)#0&quot;, &quot;parts := ParserAdapter&quot;, &quot;processName := parts&quot; }"/>
        </annotation>
    </item>
    <item name='org.xml.sax.helpers.NamespaceSupport.Context'>
        <annotation name='com.intellij.inspections.tainted.annotation.equation.Equations'>
            <val val="{ &quot;Context := &quot; }"/>
        </annotation>
    </item>
    <item name='org.xml.sax.helpers.NamespaceSupport.Context Context()'>
        <annotation name='com.intellij.inspections.tainted.annotation.equation.Equations'>
            <val val="{ &quot;Context := NamespaceSupport.Context&quot; }"/>
        </annotation>
    </item>
    <item name='org.xml.sax.helpers.NamespaceSupport.Context java.lang.String getPrefix(java.lang.String)'>
        <annotation name='com.intellij.inspections.tainted.annotation.equation.Equations'>
            <val val="{ &quot;uri := NamespaceSupport#getPrefix(java.lang.String)#0&quot; }"/>
        </annotation>
    </item>
    <item name='org.xml.sax.helpers.NamespaceSupport.Context java.lang.String getURI(java.lang.String)'>
        <annotation name='com.intellij.inspections.tainted.annotation.equation.Equations'>
            <val val="{ &quot;getURI := NamespaceSupport.Context&quot;, &quot;prefix := NamespaceSupport#getURI(java.lang.String)#0&quot; }"/>
        </annotation>
    </item>
    <item name='org.xml.sax.helpers.NamespaceSupport.Context java.lang.String[] processName(java.lang.String, boolean)'>
        <annotation name='com.intellij.inspections.tainted.annotation.equation.Equations'>
            <val val="{ &quot;qName := NamespaceSupport#processName(java.lang.String, java.lang.String[], boolean)#0&quot;, &quot;processName := NamespaceSupport#NSDECL &amp; NamespaceSupport.Context&quot; }"/>
        </annotation>
    </item>
    <item name='org.xml.sax.helpers.NamespaceSupport.Context java.util.Enumeration getDeclaredPrefixes()'>
        <annotation name='com.intellij.inspections.tainted.annotation.equation.Equations'>
            <val val="{ &quot;getDeclaredPrefixes := NamespaceSupport#EMPTY_ENUMERATION&quot; }"/>
        </annotation>
    </item>
    <item name='org.xml.sax.helpers.NamespaceSupport.Context java.util.Enumeration getPrefixes()'>
        <annotation name='com.intellij.inspections.tainted.annotation.equation.Equations'>
            <val val="{ &quot;getPrefixes := NamespaceSupport#EMPTY_ENUMERATION&quot; }"/>
        </annotation>
    </item>
    <item name='org.xml.sax.helpers.NamespaceSupport.Context void declarePrefix(java.lang.String, java.lang.String)'>
        <annotation name='com.intellij.inspections.tainted.annotation.equation.Equations'>
            <val val="{ &quot;prefix := NamespaceSupport#declarePrefix(java.lang.String, java.lang.String)#0&quot;, &quot;uri := NamespaceSupport#XMLNS &amp; NamespaceSupport#declarePrefix(java.lang.String, java.lang.String)#1 &amp; NamespaceSupport#NSDECL&quot; }"/>
        </annotation>
    </item>
    <item name='org.xml.sax.helpers.NamespaceSupport.Context void setParent(org.xml.sax.helpers.NamespaceSupport.Context)'>
        <annotation name='com.intellij.inspections.tainted.annotation.equation.Equations'>
            <val val="{ &quot;parent := NamespaceSupport&quot; }"/>
        </annotation>
    </item>
    <item name='org.xml.sax.helpers.NewInstance java.lang.Object newInstance(java.lang.ClassLoader, java.lang.String)'>
        <annotation name='com.intellij.inspections.tainted.annotation.equation.Equations'>
            <val val="{ &quot;className := ParserFactory#makeParser(java.lang.String)#0 &amp; XMLReaderFactory#loadClass(java.lang.ClassLoader, java.lang.String)#1&quot;, &quot;classLoader := XMLReaderFactory#loadClass(java.lang.ClassLoader, java.lang.String)#0&quot; }"/>
        </annotation>
    </item>
    <item name='org.xml.sax.helpers.ParserAdapter'>
        <annotation name='com.intellij.inspections.tainted.annotation.equation.Equations'>
            <val val="{ &quot;ParserAdapter := #setEntityResolver(org.xml.sax.EntityResolver)#0 &amp; #setDTDHandler(org.xml.sax.DTDHandler)#0 &amp; #setContentHandler(org.xml.sax.ContentHandler)#0 &amp; #setErrorHandler(org.xml.sax.ErrorHandler)#0 &amp; #setDocumentLocator(org.xml.sax.Locator)#0&quot; }"/>
        </annotation>
    </item>
    <item name='org.xml.sax.helpers.ParserAdapter ParserAdapter()'>
        <annotation name='com.intellij.inspections.tainted.annotation.equation.Equations'>
            <val val="{ &quot;ParserAdapter := ParserAdapter&quot; }"/>
        </annotation>
    </item>
    <item name='org.xml.sax.helpers.ParserAdapter ParserAdapter(org.xml.sax.Parser)'>
        <annotation name='com.intellij.inspections.tainted.annotation.equation.Equations'>
            <val val="{ &quot;ParserAdapter := ParserAdapter&quot; }"/>
        </annotation>
    </item>
    <item name='org.xml.sax.helpers.ParserAdapter java.lang.String[] processName(java.lang.String, boolean, boolean)'>
        <annotation name='com.intellij.inspections.tainted.annotation.equation.Equations'>
            <val val="{ &quot;qName := #startElement(java.lang.String, org.xml.sax.AttributeList)#0 &amp; #endElement(java.lang.String)#0&quot; }"/>
        </annotation>
    </item>
    <item name='org.xml.sax.helpers.ParserAdapter org.xml.sax.ContentHandler getContentHandler()'>
        <annotation name='com.intellij.inspections.tainted.annotation.equation.Equations'>
            <val val="{ &quot;getContentHandler := ParserAdapter&quot; }"/>
        </annotation>
    </item>
    <item name='org.xml.sax.helpers.ParserAdapter org.xml.sax.DTDHandler getDTDHandler()'>
        <annotation name='com.intellij.inspections.tainted.annotation.equation.Equations'>
            <val val="{ &quot;getDTDHandler := ParserAdapter&quot; }"/>
        </annotation>
    </item>
    <item name='org.xml.sax.helpers.ParserAdapter org.xml.sax.EntityResolver getEntityResolver()'>
        <annotation name='com.intellij.inspections.tainted.annotation.equation.Equations'>
            <val val="{ &quot;getEntityResolver := ParserAdapter&quot; }"/>
        </annotation>
    </item>
    <item name='org.xml.sax.helpers.ParserAdapter org.xml.sax.ErrorHandler getErrorHandler()'>
        <annotation name='com.intellij.inspections.tainted.annotation.equation.Equations'>
            <val val="{ &quot;getErrorHandler := ParserAdapter&quot; }"/>
        </annotation>
    </item>
    <item name='org.xml.sax.helpers.ParserAdapter org.xml.sax.SAXParseException makeException(java.lang.String)'>
        <annotation name='com.intellij.inspections.tainted.annotation.equation.Equations'>
            <val val="{ &quot;message := #reportError(java.lang.String)#0&quot; }"/>
        </annotation>
    </item>
    <item name='org.xml.sax.helpers.ParserAdapter void checkNotParsing(java.lang.String, java.lang.String)'>
        <annotation name='com.intellij.inspections.tainted.annotation.equation.Equations'>
            <val val="{ &quot;name := #setFeature(java.lang.String, boolean)#0&quot; }"/>
        </annotation>
    </item>
    <item name='org.xml.sax.helpers.ParserAdapter void parse(org.xml.sax.InputSource)'>
        <annotation name='com.intellij.inspections.tainted.annotation.equation.Equations'>
            <val val="{ &quot;input := &quot; }"/>
        </annotation>
    </item>
    <item name='org.xml.sax.helpers.ParserAdapter void reportError(java.lang.String)'>
        <annotation name='com.intellij.inspections.tainted.annotation.equation.Equations'>
            <val val="{ &quot;message := #processName(java.lang.String, boolean, boolean)#0&quot; }"/>
        </annotation>
    </item>
    <item name='org.xml.sax.helpers.ParserAdapter void setup(org.xml.sax.Parser)'>
        <annotation name='com.intellij.inspections.tainted.annotation.equation.Equations'>
            <val val="{ &quot;parser := #ParserAdapter(org.xml.sax.Parser)#0&quot; }"/>
        </annotation>
    </item>
    <item name='org.xml.sax.helpers.ParserAdapter.AttributeListAdapter AttributeListAdapter()'>
        <annotation name='com.intellij.inspections.tainted.annotation.equation.Equations'>
            <val val="{ &quot;AttributeListAdapter := ParserAdapter.AttributeListAdapter&quot; }"/>
        </annotation>
    </item>
    <item name='org.xml.sax.helpers.ParserAdapter.AttributeListAdapter void setAttributeList(org.xml.sax.AttributeList)'>
        <annotation name='com.intellij.inspections.tainted.annotation.equation.Equations'>
            <val val="{ &quot;qAtts := ParserAdapter#startElement(java.lang.String, org.xml.sax.AttributeList)#1&quot; }"/>
        </annotation>
    </item>
    <item name='org.xml.sax.helpers.SecuritySupport java.io.InputStream getResourceAsStream(java.lang.ClassLoader, java.lang.String)'>
        <annotation name='com.intellij.inspections.tainted.annotation.equation.Equations'>
            <val val="{ &quot;name := XMLReaderFactory#property&quot; }"/>
        </annotation>
    </item>
    <item name='org.xml.sax.helpers.SecuritySupport java.lang.String getSystemProperty(java.lang.String)'>
        <annotation name='com.intellij.inspections.tainted.annotation.equation.Equations'>
            <val val="{ &quot;propName := XMLReaderFactory#property&quot; }"/>
        </annotation>
    </item>
    <item name='org.xml.sax.helpers.XMLFilterImpl'>
        <annotation name='com.intellij.inspections.tainted.annotation.equation.Equations'>
            <val val="{ &quot;XMLFilterImpl := #setDocumentLocator(org.xml.sax.Locator)#0 &amp; #setEntityResolver(org.xml.sax.EntityResolver)#0 &amp; #setDTDHandler(org.xml.sax.DTDHandler)#0 &amp; #setErrorHandler(org.xml.sax.ErrorHandler)#0&quot; }"/>
        </annotation>
    </item>
    <item name='org.xml.sax.helpers.XMLFilterImpl XMLFilterImpl()'>
        <annotation name='com.intellij.inspections.tainted.annotation.equation.Equations'>
            <val val="{ &quot;XMLFilterImpl := XMLFilterImpl&quot; }"/>
        </annotation>
    </item>
    <item name='org.xml.sax.helpers.XMLFilterImpl XMLFilterImpl(org.xml.sax.XMLReader)'>
        <annotation name='com.intellij.inspections.tainted.annotation.equation.Equations'>
            <val val="{ &quot;parent := com.sun.org.apache.xml.internal.resolver.tools.ResolvingXMLFilter#ResolvingXMLFilter(org.xml.sax.XMLReader)#0 &amp; com.sun.org.apache.xml.internal.resolver.tools.ResolvingXMLFilter#ResolvingXMLFilter(org.xml.sax.XMLReader, com.sun.org.apache.xml.internal.resolver.CatalogManager)#0&quot;, &quot;XMLFilterImpl := XMLFilterImpl&quot; }"/>
        </annotation>
    </item>
    <item name='org.xml.sax.helpers.XMLFilterImpl org.xml.sax.ContentHandler getContentHandler()'>
        <annotation name='com.intellij.inspections.tainted.annotation.equation.Equations'>
            <val val="{ &quot;getContentHandler := XMLFilterImpl&quot; }"/>
        </annotation>
    </item>
    <item name='org.xml.sax.helpers.XMLFilterImpl org.xml.sax.DTDHandler getDTDHandler()'>
        <annotation name='com.intellij.inspections.tainted.annotation.equation.Equations'>
            <val val="{ &quot;getDTDHandler := XMLFilterImpl&quot; }"/>
        </annotation>
    </item>
    <item name='org.xml.sax.helpers.XMLFilterImpl org.xml.sax.EntityResolver getEntityResolver()'>
        <annotation name='com.intellij.inspections.tainted.annotation.equation.Equations'>
            <val val="{ &quot;getEntityResolver := XMLFilterImpl&quot; }"/>
        </annotation>
    </item>
    <item name='org.xml.sax.helpers.XMLFilterImpl org.xml.sax.ErrorHandler getErrorHandler()'>
        <annotation name='com.intellij.inspections.tainted.annotation.equation.Equations'>
            <val val="{ &quot;getErrorHandler := XMLFilterImpl&quot; }"/>
        </annotation>
    </item>
    <item name='org.xml.sax.helpers.XMLFilterImpl org.xml.sax.InputSource resolveEntity(java.lang.String, java.lang.String)'>
        <annotation name='com.intellij.inspections.tainted.annotation.equation.Equations'>
            <val val="{ &quot;resolveEntity := com.sun.org.apache.xml.internal.resolver.tools.ResolvingXMLFilter#resolveEntity(java.lang.String, java.lang.String)&quot;, &quot;systemId := com.sun.org.apache.xml.internal.resolver.tools.ResolvingXMLFilter#resolveEntity(java.lang.String, java.lang.String)#1&quot;, &quot;publicId := com.sun.org.apache.xml.internal.resolver.tools.ResolvingXMLFilter#resolveEntity(java.lang.String, java.lang.String)#0&quot; }"/>
        </annotation>
    </item>
    <item name='org.xml.sax.helpers.XMLFilterImpl org.xml.sax.XMLReader getParent()'>
        <annotation name='com.intellij.inspections.tainted.annotation.equation.Equations'>
            <val val="{ &quot;getParent := XMLFilterImpl&quot; }"/>
        </annotation>
    </item>
    <item name='org.xml.sax.helpers.XMLFilterImpl void notationDecl(java.lang.String, java.lang.String, java.lang.String)'>
        <annotation name='com.intellij.inspections.tainted.annotation.equation.Equations'>
            <val val="{ &quot;name := com.sun.org.apache.xml.internal.resolver.tools.ResolvingXMLFilter#notationDecl(java.lang.String, java.lang.String, java.lang.String)#0&quot;, &quot;publicId := com.sun.org.apache.xml.internal.resolver.tools.ResolvingXMLFilter#notationDecl(java.lang.String, java.lang.String, java.lang.String)#1&quot;, &quot;systemId := com.sun.org.apache.xml.internal.resolver.tools.ResolvingXMLFilter#notationDecl(java.lang.String, java.lang.String, java.lang.String)#2&quot; }"/>
        </annotation>
    </item>
    <item name='org.xml.sax.helpers.XMLFilterImpl void parse(java.lang.String)'>
        <annotation name='com.intellij.inspections.tainted.annotation.equation.Equations'>
            <val val="{ &quot;systemId := com.sun.org.apache.xml.internal.resolver.tools.ResolvingXMLFilter#parse(java.lang.String)#0 &amp; com.sun.org.apache.xalan.internal.xsltc.trax.TrAXFilter#parse(java.lang.String)#0&quot; }"/>
        </annotation>
    </item>
    <item name='org.xml.sax.helpers.XMLFilterImpl void parse(org.xml.sax.InputSource)'>
        <annotation name='com.intellij.inspections.tainted.annotation.equation.Equations'>
            <val val="{ &quot;input := com.sun.org.apache.xml.internal.resolver.tools.ResolvingXMLFilter#parse(org.xml.sax.InputSource)#0 &amp; com.sun.org.apache.xalan.internal.xsltc.trax.TrAXFilter#parse(org.xml.sax.InputSource)#0&quot; }"/>
        </annotation>
    </item>
    <item name='org.xml.sax.helpers.XMLFilterImpl void processingInstruction(java.lang.String, java.lang.String)'>
        <annotation name='com.intellij.inspections.tainted.annotation.equation.Equations'>
            <val val="{ &quot;target := com.sun.org.apache.xml.internal.resolver.tools.ResolvingXMLFilter#processingInstruction(java.lang.String, java.lang.String)#0&quot;, &quot;data := com.sun.org.apache.xml.internal.resolver.tools.ResolvingXMLFilter#processingInstruction(java.lang.String, java.lang.String)#1&quot; }"/>
        </annotation>
    </item>
    <item name='org.xml.sax.helpers.XMLFilterImpl void setContentHandler(org.xml.sax.ContentHandler)'>
        <annotation name='com.intellij.inspections.tainted.annotation.equation.Equations'>
            <val val="{ &quot;handler := com.sun.org.apache.xalan.internal.xsltc.trax.TrAXFilter#setContentHandler(org.xml.sax.ContentHandler)#0&quot; }"/>
        </annotation>
    </item>
    <item name='org.xml.sax.helpers.XMLFilterImpl void setParent(org.xml.sax.XMLReader)'>
        <annotation name='com.intellij.inspections.tainted.annotation.equation.Equations'>
            <val val="{ &quot;parent := #XMLFilterImpl(org.xml.sax.XMLReader)#0&quot; }"/>
        </annotation>
    </item>
    <item name='org.xml.sax.helpers.XMLFilterImpl void startElement(java.lang.String, java.lang.String, java.lang.String, org.xml.sax.Attributes)'>
        <annotation name='com.intellij.inspections.tainted.annotation.equation.Equations'>
            <val val="{ &quot;uri := com.sun.org.apache.xml.internal.resolver.tools.ResolvingXMLFilter#startElement(java.lang.String, java.lang.String, java.lang.String, org.xml.sax.Attributes)#0&quot;, &quot;atts := com.sun.org.apache.xml.internal.resolver.tools.ResolvingXMLFilter#startElement(java.lang.String, java.lang.String, java.lang.String, org.xml.sax.Attributes)#3&quot;, &quot;qName := com.sun.org.apache.xml.internal.resolver.tools.ResolvingXMLFilter#startElement(java.lang.String, java.lang.String, java.lang.String, org.xml.sax.Attributes)#2&quot;, &quot;localName := com.sun.org.apache.xml.internal.resolver.tools.ResolvingXMLFilter#startElement(java.lang.String, java.lang.String, java.lang.String, org.xml.sax.Attributes)#1&quot; }"/>
        </annotation>
    </item>
    <item name='org.xml.sax.helpers.XMLFilterImpl void unparsedEntityDecl(java.lang.String, java.lang.String, java.lang.String, java.lang.String)'>
        <annotation name='com.intellij.inspections.tainted.annotation.equation.Equations'>
            <val val="{ &quot;publicId := com.sun.org.apache.xml.internal.resolver.tools.ResolvingXMLFilter#unparsedEntityDecl(java.lang.String, java.lang.String, java.lang.String, java.lang.String)#1&quot;, &quot;name := com.sun.org.apache.xml.internal.resolver.tools.ResolvingXMLFilter#unparsedEntityDecl(java.lang.String, java.lang.String, java.lang.String, java.lang.String)#0&quot;, &quot;notationName := com.sun.org.apache.xml.internal.resolver.tools.ResolvingXMLFilter#unparsedEntityDecl(java.lang.String, java.lang.String, java.lang.String, java.lang.String)#3&quot;, &quot;systemId := com.sun.org.apache.xml.internal.resolver.tools.ResolvingXMLFilter#unparsedEntityDecl(java.lang.String, java.lang.String, java.lang.String, java.lang.String)#2&quot; }"/>
        </annotation>
    </item>
    <item name='org.xml.sax.helpers.XMLReaderAdapter'>
        <annotation name='com.intellij.inspections.tainted.annotation.equation.Equations'>
            <val val="{ &quot;XMLReaderAdapter := #setDocumentHandler(org.xml.sax.DocumentHandler)#0&quot; }"/>
        </annotation>
    </item>
    <item name='org.xml.sax.helpers.XMLReaderAdapter XMLReaderAdapter()'>
        <annotation name='com.intellij.inspections.tainted.annotation.equation.Equations'>
            <val val="{ &quot;XMLReaderAdapter := XMLReaderAdapter&quot; }"/>
        </annotation>
    </item>
    <item name='org.xml.sax.helpers.XMLReaderAdapter XMLReaderAdapter(org.xml.sax.XMLReader)'>
        <annotation name='com.intellij.inspections.tainted.annotation.equation.Equations'>
            <val val="{ &quot;XMLReaderAdapter := XMLReaderAdapter&quot; }"/>
        </annotation>
    </item>
    <item name='org.xml.sax.helpers.XMLReaderAdapter void parse(org.xml.sax.InputSource)'>
        <annotation name='com.intellij.inspections.tainted.annotation.equation.Equations'>
            <val val="{ &quot;input := &quot; }"/>
        </annotation>
    </item>
    <item name='org.xml.sax.helpers.XMLReaderAdapter void setup(org.xml.sax.XMLReader)'>
        <annotation name='com.intellij.inspections.tainted.annotation.equation.Equations'>
            <val val="{ &quot;xmlReader := #XMLReaderAdapter(org.xml.sax.XMLReader)#0&quot; }"/>
        </annotation>
    </item>
    <item name='org.xml.sax.helpers.XMLReaderAdapter.AttributesAdapter AttributesAdapter()'>
        <annotation name='com.intellij.inspections.tainted.annotation.equation.Equations'>
            <val val="{ &quot;AttributesAdapter := XMLReaderAdapter.AttributesAdapter&quot; }"/>
        </annotation>
    </item>
    <item name='org.xml.sax.helpers.XMLReaderAdapter.AttributesAdapter void setAttributes(org.xml.sax.Attributes)'>
        <annotation name='com.intellij.inspections.tainted.annotation.equation.Equations'>
            <val val="{ &quot;attributes := XMLReaderAdapter#startElement(java.lang.String, java.lang.String, java.lang.String, org.xml.sax.Attributes)#3&quot; }"/>
        </annotation>
    </item>
    <item name='org.xml.sax.helpers.XMLReaderFactory'>
        <annotation name='com.intellij.inspections.tainted.annotation.equation.Equations'>
            <val val="{ &quot;XMLReaderFactory := &quot; }"/>
        </annotation>
    </item>
    <item name='org.xml.sax.helpers.XMLReaderFactory XMLReaderFactory()'>
        <annotation name='com.intellij.inspections.tainted.annotation.equation.Equations'>
            <val val="{ &quot;XMLReaderFactory := XMLReaderFactory&quot; }"/>
        </annotation>
    </item>
    <item name='org.xml.sax.helpers.XMLReaderFactory org.xml.sax.XMLReader loadClass(java.lang.ClassLoader, java.lang.String)'>
        <annotation name='com.intellij.inspections.tainted.annotation.equation.Equations'>
            <val val="{ &quot;className := XMLReaderFactory &amp; #createXMLReader(java.lang.String)#0&quot; }"/>
        </annotation>
    </item>
</root>