<root>
    <item name='sun.security.x509.CertAttrSet java.lang.Object get(java.lang.String)'>
        <annotation name='com.intellij.inspections.tainted.annotation.equation.Equations'>
            <val val="{ &quot;get := CRLReasonCodeExtension#get(java.lang.String) &amp; AuthorityKeyIdentifierExtension#get(java.lang.String) &amp; CRLNumberExtension#get(java.lang.String) &amp; CertificateIssuerExtension#get(java.lang.String) &amp; X509CertInfo#get(java.lang.String) &amp; SubjectKeyIdentifierExtension#get(java.lang.String) &amp; BasicConstraintsExtension#get(java.lang.String) &amp; SubjectAlternativeNameExtension#get(java.lang.String) &amp; IssuerAlternativeNameExtension#get(java.lang.String) &amp; CertificateExtensions#get(java.lang.String) &amp; KeyUsageExtension#get(java.lang.String) &amp; CertificateAlgorithmId#get(java.lang.String) &amp; NameConstraintsExtension#get(java.lang.String) &amp; CertificateVersion#get(java.lang.String) &amp; CertificateSerialNumber#get(java.lang.String) &amp; ExtendedKeyUsageExtension#get(java.lang.String) &amp; CertificateValidity#get(java.lang.String) &amp; CertificateX509Key#get(java.lang.String) &amp; CertificatePoliciesExtension#get(java.lang.String) &amp; InvalidityDateExtension#get(java.lang.String) &amp; PrivateKeyUsageExtension#get(java.lang.String) &amp; NetscapeCertTypeExtension#get(java.lang.String)&quot; }"/>
        </annotation>
    </item>
    <item name='sun.security.x509.CertAttrSet java.lang.String getName()'>
        <annotation name='com.intellij.inspections.tainted.annotation.equation.Equations'>
            <val val="{ &quot;getName := CRLReasonCodeExtension#getName() &amp; X509CertInfo#getName() &amp; CertificateExtensions#getName() &amp; CertificateAlgorithmId#getName() &amp; NameConstraintsExtension#getName() &amp; CertificateVersion#getName() &amp; CRLNumberExtension#getName() &amp; CertificateSerialNumber#getName() &amp; AuthorityKeyIdentifierExtension#getName() &amp; CertificateIssuerExtension#getName() &amp; ExtendedKeyUsageExtension#getName() &amp; SubjectAlternativeNameExtension#getName() &amp; PrivateKeyUsageExtension#getName() &amp; CertificatePoliciesExtension#getName() &amp; InvalidityDateExtension#getName() &amp; CertificateX509Key#getName() &amp; CertificateValidity#getName() &amp; SubjectKeyIdentifierExtension#getName() &amp; KeyUsageExtension#getName() &amp; BasicConstraintsExtension#getName() &amp; IssuerAlternativeNameExtension#getName() &amp; NetscapeCertTypeExtension#getName()&quot; }"/>
        </annotation>
    </item>
    <item name='sun.security.x509.CertAttrSet java.lang.String toString()'>
        <annotation name='com.intellij.inspections.tainted.annotation.equation.Equations'>
            <val val="{ &quot;toString := NameConstraintsExtension#toString() &amp; CertificateExtensions#toString() &amp; CertificateAlgorithmId#toString() &amp; CertificateVersion#toString() &amp; CertificateX509Key#toString() &amp; CertificateValidity#toString() &amp; X509CertInfo#toString() &amp; CertificateSerialNumber#toString() &amp; CRLReasonCodeExtension#toString() &amp; CRLNumberExtension#toString() &amp; SubjectAlternativeNameExtension#toString() &amp; ExtendedKeyUsageExtension#toString() &amp; PrivateKeyUsageExtension#toString() &amp; SubjectKeyIdentifierExtension#toString() &amp; CertificatePoliciesExtension#toString() &amp; AuthorityKeyIdentifierExtension#toString() &amp; KeyUsageExtension#toString() &amp; InvalidityDateExtension#toString() &amp; BasicConstraintsExtension#toString() &amp; IssuerAlternativeNameExtension#toString() &amp; CertificateIssuerExtension#toString() &amp; NetscapeCertTypeExtension#toString()&quot; }"/>
        </annotation>
    </item>
    <item name='sun.security.x509.CertAttrSet java.util.Enumeration&lt;T&gt; getElements()'>
        <annotation name='com.intellij.inspections.tainted.annotation.equation.Equations'>
            <val val="{ &quot;getElements := CRLReasonCodeExtension#getElements() &amp; X509CertInfo#getElements() &amp; CertificateExtensions#getElements() &amp; CertificateAlgorithmId#getElements() &amp; NameConstraintsExtension#getElements() &amp; CertificateVersion#getElements() &amp; CRLNumberExtension#getElements() &amp; CertificateSerialNumber#getElements() &amp; AuthorityKeyIdentifierExtension#getElements() &amp; CertificateIssuerExtension#getElements() &amp; ExtendedKeyUsageExtension#getElements() &amp; SubjectAlternativeNameExtension#getElements() &amp; CertificatePoliciesExtension#getElements() &amp; KeyUsageExtension#getElements() &amp; BasicConstraintsExtension#getElements() &amp; IssuerAlternativeNameExtension#getElements() &amp; CertificateX509Key#getElements() &amp; InvalidityDateExtension#getElements() &amp; PrivateKeyUsageExtension#getElements() &amp; CertificateValidity#getElements() &amp; SubjectKeyIdentifierExtension#getElements() &amp; NetscapeCertTypeExtension#getElements()&quot; }"/>
        </annotation>
    </item>
    <item name='sun.security.x509.Extension java.lang.String toString()'>
        <annotation name='com.intellij.inspections.tainted.annotation.equation.Equations'>
            <val val="{ &quot;toString := NameConstraintsExtension#toString() &amp; CRLReasonCodeExtension#toString() &amp; CRLNumberExtension#toString() &amp; SubjectAlternativeNameExtension#toString() &amp; UnparseableExtension#toString() &amp; ExtendedKeyUsageExtension#toString() &amp; PrivateKeyUsageExtension#toString() &amp; SubjectKeyIdentifierExtension#toString() &amp; CertificatePoliciesExtension#toString() &amp; AuthorityKeyIdentifierExtension#toString() &amp; KeyUsageExtension#toString() &amp; InvalidityDateExtension#toString() &amp; BasicConstraintsExtension#toString() &amp; IssuerAlternativeNameExtension#toString() &amp; CertificateIssuerExtension#toString() &amp; NetscapeCertTypeExtension#toString()&quot; }"/>
        </annotation>
    </item>
    <item name='sun.security.x509.GeneralNameInterface int constrains(sun.security.x509.GeneralNameInterface)'>
        <annotation name='com.intellij.inspections.tainted.annotation.equation.Equations'>
            <val val="{ &quot;constrains := URIName#constrains(sun.security.x509.GeneralNameInterface) &amp; IPAddressName#constrains(sun.security.x509.GeneralNameInterface) &amp; DNSName#constrains(sun.security.x509.GeneralNameInterface) &amp; X500Name#constrains(sun.security.x509.GeneralNameInterface) &amp; OtherName#constrains(sun.security.x509.GeneralNameInterface) &amp; EDIPartyName#constrains(sun.security.x509.GeneralNameInterface) &amp; OIDName#constrains(sun.security.x509.GeneralNameInterface) &amp; RFC822Name#constrains(sun.security.x509.GeneralNameInterface) &amp; X400Address#constrains(sun.security.x509.GeneralNameInterface)&quot; }"/>
        </annotation>
    </item>
    <item name='sun.security.x509.GeneralNameInterface int getType()'>
        <annotation name='com.intellij.inspections.tainted.annotation.equation.Equations'>
            <val val="{ &quot;getType := URIName#getType() &amp; IPAddressName#getType() &amp; X500Name#getType() &amp; OtherName#getType() &amp; DNSName#getType() &amp; EDIPartyName#getType() &amp; OIDName#getType() &amp; RFC822Name#getType() &amp; X400Address#getType()&quot; }"/>
        </annotation>
    </item>
    <item name='sun.security.x509.GeneralNameInterface int subtreeDepth()'>
        <annotation name='com.intellij.inspections.tainted.annotation.equation.Equations'>
            <val val="{ &quot;subtreeDepth := URIName#subtreeDepth() &amp; IPAddressName#subtreeDepth() &amp; DNSName#subtreeDepth() &amp; X500Name#subtreeDepth() &amp; OtherName#subtreeDepth() &amp; EDIPartyName#subtreeDepth() &amp; OIDName#subtreeDepth() &amp; RFC822Name#subtreeDepth() &amp; X400Address#subtreeDepth()&quot; }"/>
        </annotation>
    </item>
</root>