<root>
    <item name='com.sun.org.apache.xerces.internal.impl.dv.util.Base64 boolean isData(char)'>
        <annotation name='com.intellij.inspections.tainted.annotation.equation.Equations'>
            <val val="{ &quot;octect := #isBase64(char)#0&quot;, &quot;isData := octect &amp; #BASELENGTH &amp; #base64Alphabet&quot; }"/>
        </annotation>
    </item>
    <item name='com.sun.org.apache.xerces.internal.impl.dv.util.Base64 boolean isPad(char)'>
        <annotation name='com.intellij.inspections.tainted.annotation.equation.Equations'>
            <val val="{ &quot;isPad := octect &amp; #PAD&quot;, &quot;octect := #isBase64(char)#0&quot; }"/>
        </annotation>
    </item>
    <item name='com.sun.org.apache.xerces.internal.impl.dv.util.Base64 boolean isWhiteSpace(char)'>
        <annotation name='com.intellij.inspections.tainted.annotation.equation.Equations'>
            <val val="{ &quot;isWhiteSpace := octect&quot;, &quot;octect := #isBase64(char)#0&quot; }"/>
        </annotation>
    </item>
    <item name='com.sun.org.apache.xerces.internal.impl.dv.util.Base64 byte[] decode(java.lang.String)'>
        <annotation name='com.intellij.inspections.tainted.annotation.equation.Equations'>
            <val val="{ &quot;decode := #base64Alphabet&quot;, &quot;encoded := com.sun.org.apache.xerces.internal.impl.dv.xs.Base64BinaryDV#getActualValue(java.lang.String, com.sun.org.apache.xerces.internal.impl.dv.ValidationContext)#0&quot; }"/>
        </annotation>
    </item>
    <item name='com.sun.org.apache.xerces.internal.impl.dv.util.Base64 java.lang.String encode(byte[])'>
        <annotation name='com.intellij.inspections.tainted.annotation.equation.Equations'>
            <val val="{ &quot;binaryData := com.sun.org.apache.xerces.internal.impl.dv.xs.Base64BinaryDV.XBase64&quot; }"/>
        </annotation>
    </item>
    <item name='com.sun.org.apache.xerces.internal.impl.dv.util.ByteListImpl ByteListImpl(byte[])'>
        <annotation name='com.intellij.inspections.tainted.annotation.equation.Equations'>
            <val val="{ &quot;data := com.sun.org.apache.xerces.internal.impl.dv.xs.HexBinaryDV.XHex#XHex(byte[])#0 &amp; com.sun.org.apache.xerces.internal.impl.dv.xs.Base64BinaryDV.XBase64#XBase64(byte[])#0&quot;, &quot;ByteListImpl := ByteListImpl&quot; }"/>
        </annotation>
    </item>
    <item name='com.sun.org.apache.xerces.internal.impl.dv.util.ByteListImpl boolean contains(byte)'>
        <annotation name='com.intellij.inspections.tainted.annotation.equation.Equations'>
            <val val="{ &quot;item := com.sun.org.apache.xerces.internal.xs.datatypes.ByteList#contains(byte)#0 &amp; com.sun.org.apache.xerces.internal.xs.datatypes.ByteList#contains(byte)#0&quot; }"/>
        </annotation>
    </item>
    <item name='com.sun.org.apache.xerces.internal.impl.dv.util.ByteListImpl byte item(int)'>
        <annotation name='com.intellij.inspections.tainted.annotation.equation.Equations'>
            <val val="{ &quot;index := com.sun.org.apache.xerces.internal.xs.datatypes.ByteList#item(int)#0 &amp; com.sun.org.apache.xerces.internal.xs.datatypes.ByteList#item(int)#0&quot;, &quot;item := ByteListImpl&quot; }"/>
        </annotation>
    </item>
    <item name='com.sun.org.apache.xerces.internal.impl.dv.util.ByteListImpl int getLength()'>
        <annotation name='com.intellij.inspections.tainted.annotation.equation.Equations'>
            <val val="{ &quot;getLength := ByteListImpl&quot; }"/>
        </annotation>
    </item>
    <item name='com.sun.org.apache.xerces.internal.impl.dv.util.ByteListImpl java.lang.Object get(int)'>
        <annotation name='com.intellij.inspections.tainted.annotation.equation.Equations'>
            <val val="{ &quot;index := java.util.List#get(int)#0 &amp; java.util.List#get(int)#0&quot; }"/>
        </annotation>
    </item>
    <item name='com.sun.org.apache.xerces.internal.impl.dv.util.HexBin byte[] decode(java.lang.String)'>
        <annotation name='com.intellij.inspections.tainted.annotation.equation.Equations'>
            <val val="{ &quot;encoded := com.sun.org.apache.xerces.internal.impl.dv.xs.HexBinaryDV#getActualValue(java.lang.String, com.sun.org.apache.xerces.internal.impl.dv.ValidationContext)#0&quot;, &quot;decode := #hexNumberTable&quot; }"/>
        </annotation>
    </item>
    <item name='com.sun.org.apache.xerces.internal.impl.dv.util.HexBin java.lang.String encode(byte[])'>
        <annotation name='com.intellij.inspections.tainted.annotation.equation.Equations'>
            <val val="{ &quot;binaryData := com.sun.org.apache.xerces.internal.impl.dv.xs.HexBinaryDV.XHex&quot; }"/>
        </annotation>
    </item>
</root>