<root>
    <item name='com.sun.org.apache.xml.internal.security.keys.content.keyvalues.DSAKeyValue DSAKeyValue(org.w3c.dom.Document, java.math.BigInteger, java.math.BigInteger, java.math.BigInteger, java.math.BigInteger)'>
        <annotation name='com.intellij.inspections.tainted.annotation.equation.Equations'>
            <val val="{ &quot;DSAKeyValue := DSAKeyValue&quot; }"/>
        </annotation>
    </item>
    <item name='com.sun.org.apache.xml.internal.security.keys.content.keyvalues.DSAKeyValue DSAKeyValue(org.w3c.dom.Document, java.security.Key)'>
        <annotation name='com.intellij.inspections.tainted.annotation.equation.Equations'>
            <val val="{ &quot;DSAKeyValue := DSAKeyValue&quot;, &quot;key := com.sun.org.apache.xml.internal.security.keys.content.KeyValue#KeyValue(org.w3c.dom.Document, java.security.PublicKey)#1&quot;, &quot;doc := com.sun.org.apache.xml.internal.security.keys.content.KeyValue&quot; }"/>
        </annotation>
    </item>
    <item name='com.sun.org.apache.xml.internal.security.keys.content.keyvalues.DSAKeyValue DSAKeyValue(org.w3c.dom.Element, java.lang.String)'>
        <annotation name='com.intellij.inspections.tainted.annotation.equation.Equations'>
            <val val="{ &quot;baseURI := com.sun.org.apache.xml.internal.security.keys.content.KeyValue &amp; com.sun.org.apache.xml.internal.security.keys.keyresolver.implementations.DSAKeyValueResolver#engineLookupAndResolvePublicKey(org.w3c.dom.Element, java.lang.String, com.sun.org.apache.xml.internal.security.keys.storage.StorageResolver)#1&quot;, &quot;DSAKeyValue := DSAKeyValue&quot;, &quot;element := com.sun.org.apache.xml.internal.security.keys.keyresolver.implementations.DSAKeyValueResolver#engineLookupAndResolvePublicKey(org.w3c.dom.Element, java.lang.String, com.sun.org.apache.xml.internal.security.keys.storage.StorageResolver)#0&quot; }"/>
        </annotation>
    </item>
    <item name='com.sun.org.apache.xml.internal.security.keys.content.keyvalues.DSAKeyValue java.lang.String getBaseLocalName()'>
        <annotation name='com.intellij.inspections.tainted.annotation.equation.Equations'>
            <val val="{ &quot;getBaseLocalName := com.sun.org.apache.xml.internal.security.utils.Constants#_TAG_DSAKEYVALUE&quot; }"/>
        </annotation>
    </item>
    <item name='com.sun.org.apache.xml.internal.security.keys.content.keyvalues.KeyValueContent java.security.PublicKey getPublicKey()'>
        <annotation name='com.intellij.inspections.tainted.annotation.equation.Equations'>
            <val val="{ &quot;getPublicKey := DSAKeyValue#getPublicKey() &amp; RSAKeyValue#getPublicKey()&quot; }"/>
        </annotation>
    </item>
    <item name='com.sun.org.apache.xml.internal.security.keys.content.keyvalues.RSAKeyValue RSAKeyValue(org.w3c.dom.Document, java.math.BigInteger, java.math.BigInteger)'>
        <annotation name='com.intellij.inspections.tainted.annotation.equation.Equations'>
            <val val="{ &quot;RSAKeyValue := RSAKeyValue&quot; }"/>
        </annotation>
    </item>
    <item name='com.sun.org.apache.xml.internal.security.keys.content.keyvalues.RSAKeyValue RSAKeyValue(org.w3c.dom.Document, java.security.Key)'>
        <annotation name='com.intellij.inspections.tainted.annotation.equation.Equations'>
            <val val="{ &quot;doc := com.sun.org.apache.xml.internal.security.keys.content.KeyValue&quot;, &quot;key := com.sun.org.apache.xml.internal.security.keys.content.KeyValue#KeyValue(org.w3c.dom.Document, java.security.PublicKey)#1&quot;, &quot;RSAKeyValue := RSAKeyValue&quot; }"/>
        </annotation>
    </item>
    <item name='com.sun.org.apache.xml.internal.security.keys.content.keyvalues.RSAKeyValue RSAKeyValue(org.w3c.dom.Element, java.lang.String)'>
        <annotation name='com.intellij.inspections.tainted.annotation.equation.Equations'>
            <val val="{ &quot;element := com.sun.org.apache.xml.internal.security.keys.keyresolver.implementations.RSAKeyValueResolver#engineLookupAndResolvePublicKey(org.w3c.dom.Element, java.lang.String, com.sun.org.apache.xml.internal.security.keys.storage.StorageResolver)#0&quot;, &quot;BaseURI := com.sun.org.apache.xml.internal.security.keys.content.KeyValue &amp; com.sun.org.apache.xml.internal.security.keys.keyresolver.implementations.RSAKeyValueResolver#engineLookupAndResolvePublicKey(org.w3c.dom.Element, java.lang.String, com.sun.org.apache.xml.internal.security.keys.storage.StorageResolver)#1&quot;, &quot;RSAKeyValue := RSAKeyValue&quot; }"/>
        </annotation>
    </item>
    <item name='com.sun.org.apache.xml.internal.security.keys.content.keyvalues.RSAKeyValue java.lang.String getBaseLocalName()'>
        <annotation name='com.intellij.inspections.tainted.annotation.equation.Equations'>
            <val val="{ &quot;getBaseLocalName := com.sun.org.apache.xml.internal.security.utils.Constants#_TAG_RSAKEYVALUE&quot; }"/>
        </annotation>
    </item>
</root>