<root>
    <item name='org.geolatte.geom.codec.db.sqlserver.Decoders org.geolatte.geom.Geometry decode(byte[])'>
        <annotation name='com.intellij.inspections.tainted.annotation.equation.Equations'>
            <val val="{ &quot;decode := &quot;, &quot;raw := org.hibernate.spatial.dialect.sqlserver.SqlServer2008GeometryTypeDescriptor#toGeometry(java.lang.Object)#0 &amp; org.hibernate.spatial.testing.dialects.sqlserver.SqlServerExpectationsFactory#decode(java.lang.Object)#0&quot; }"/>
        </annotation>
    </item>
    <item name='org.geolatte.geom.codec.db.sqlserver.Decoders org.geolatte.geom.codec.db.Decoder decoderFor(org.geolatte.geom.codec.db.sqlserver.SqlServerGeometry)'>
        <annotation name='com.intellij.inspections.tainted.annotation.equation.Equations'>
            <val val="{ &quot;object := &quot; }"/>
        </annotation>
    </item>
    <item name='org.geolatte.geom.codec.db.sqlserver.Encoders byte[] encode(org.geolatte.geom.Geometry&lt;?&gt;)'>
        <annotation name='com.intellij.inspections.tainted.annotation.equation.Equations'>
            <val val="{ &quot;encode := &quot;, &quot;geom := &quot; }"/>
        </annotation>
    </item>
    <item name='org.geolatte.geom.codec.db.sqlserver.Encoders org.geolatte.geom.codec.db.Encoder&lt;org.geolatte.geom.codec.db.sqlserver.SqlServerGeometry&gt; encoderFor(org.geolatte.geom.Geometry&lt;?&gt;)'>
        <annotation name='com.intellij.inspections.tainted.annotation.equation.Equations'>
            <val val="{ &quot;geom := #encode(org.geolatte.geom.Geometry)#0&quot; }"/>
        </annotation>
    </item>
    <item name='org.geolatte.geom.codec.db.sqlserver.Figure'>
        <annotation name='com.intellij.inspections.tainted.annotation.equation.Equations'>
            <val val="{ &quot;Figure := #Figure(org.geolatte.geom.codec.db.sqlserver.FigureAttribute, int)#0 &amp; #Figure(org.geolatte.geom.codec.db.sqlserver.FigureAttribute, int)#1&quot; }"/>
        </annotation>
    </item>
    <item name='org.geolatte.geom.codec.db.sqlserver.Figure Figure(org.geolatte.geom.codec.db.sqlserver.FigureAttribute, int)'>
        <annotation name='com.intellij.inspections.tainted.annotation.equation.Equations'>
            <val val="{ &quot;attribute := FigureAttribute#Stroke&quot;, &quot;Figure := Figure&quot;, &quot;offset := &quot; }"/>
        </annotation>
    </item>
    <item name='org.geolatte.geom.codec.db.sqlserver.Figure boolean isExteriorRing()'>
        <annotation name='com.intellij.inspections.tainted.annotation.equation.Equations'>
            <val val="{ &quot;isExteriorRing := &quot; }"/>
        </annotation>
    </item>
    <item name='org.geolatte.geom.codec.db.sqlserver.Figure boolean isInteriorRing()'>
        <annotation name='com.intellij.inspections.tainted.annotation.equation.Equations'>
            <val val="{ &quot;isInteriorRing := &quot; }"/>
        </annotation>
    </item>
    <item name='org.geolatte.geom.codec.db.sqlserver.Figure boolean isStroke()'>
        <annotation name='com.intellij.inspections.tainted.annotation.equation.Equations'>
            <val val="{ &quot;isStroke := &quot; }"/>
        </annotation>
    </item>
    <item name='org.geolatte.geom.codec.db.sqlserver.Figure void store(java.nio.ByteBuffer)'>
        <annotation name='com.intellij.inspections.tainted.annotation.equation.Equations'>
            <val val="{ &quot;buffer := &quot; }"/>
        </annotation>
    </item>
    <item name='org.geolatte.geom.codec.db.sqlserver.FigureAttribute'>
        <annotation name='com.intellij.inspections.tainted.annotation.equation.Equations'>
            <val val="{ &quot;FigureAttribute := #FigureAttribute(byte)#0&quot; }"/>
        </annotation>
    </item>
    <item name='org.geolatte.geom.codec.db.sqlserver.FigureAttribute FigureAttribute(byte)'>
        <annotation name='com.intellij.inspections.tainted.annotation.equation.Equations'>
            <val val="{ &quot;FigureAttribute := FigureAttribute&quot; }"/>
        </annotation>
    </item>
    <item name='org.geolatte.geom.codec.db.sqlserver.FigureAttribute org.geolatte.geom.codec.db.sqlserver.FigureAttribute valueOf(byte)'>
        <annotation name='com.intellij.inspections.tainted.annotation.equation.Equations'>
            <val val="{ &quot;b := &quot; }"/>
        </annotation>
    </item>
    <item name='org.geolatte.geom.codec.db.sqlserver.IndexRange'>
        <annotation name='com.intellij.inspections.tainted.annotation.equation.Equations'>
            <val val="{ &quot;IndexRange := #IndexRange(int, int)#0 &amp; #IndexRange(int, int)#1&quot; }"/>
        </annotation>
    </item>
    <item name='org.geolatte.geom.codec.db.sqlserver.IndexRange IndexRange(int, int)'>
        <annotation name='com.intellij.inspections.tainted.annotation.equation.Equations'>
            <val val="{ &quot;end := SqlServerGeometry&quot;, &quot;start := SqlServerGeometry&quot;, &quot;IndexRange := IndexRange&quot; }"/>
        </annotation>
    </item>
    <item name='org.geolatte.geom.codec.db.sqlserver.IndexRange int length()'>
        <annotation name='com.intellij.inspections.tainted.annotation.equation.Equations'>
            <val val="{ &quot;length := IndexRange&quot; }"/>
        </annotation>
    </item>
    <item name='org.geolatte.geom.codec.db.sqlserver.OpenGisType'>
        <annotation name='com.intellij.inspections.tainted.annotation.equation.Equations'>
            <val val="{ &quot;OpenGisType := #OpenGisType(byte, java.lang.Class)#0 &amp; #OpenGisType(byte, java.lang.Class)#1&quot; }"/>
        </annotation>
    </item>
    <item name='org.geolatte.geom.codec.db.sqlserver.OpenGisType OpenGisType(byte, java.lang.Class&lt;? extends org.geolatte.geom.Geometry&gt;)'>
        <annotation name='com.intellij.inspections.tainted.annotation.equation.Equations'>
            <val val="{ &quot;OpenGisType := OpenGisType&quot; }"/>
        </annotation>
    </item>
    <item name='org.geolatte.geom.codec.db.sqlserver.OpenGisType boolean typeOf(java.lang.Object)'>
        <annotation name='com.intellij.inspections.tainted.annotation.equation.Equations'>
            <val val="{ &quot;typeOf := &quot; }"/>
        </annotation>
    </item>
    <item name='org.geolatte.geom.codec.db.sqlserver.OpenGisType org.geolatte.geom.codec.db.sqlserver.OpenGisType valueOf(byte)'>
        <annotation name='com.intellij.inspections.tainted.annotation.equation.Equations'>
            <val val="{ &quot;b := &quot;, &quot;valueOf := #INVALID_TYPE&quot; }"/>
        </annotation>
    </item>
    <item name='org.geolatte.geom.codec.db.sqlserver.Shape'>
        <annotation name='com.intellij.inspections.tainted.annotation.equation.Equations'>
            <val val="{ &quot;Shape := #Shape(int, int, org.geolatte.geom.codec.db.sqlserver.OpenGisType)#1 &amp; #Shape(int, int, org.geolatte.geom.codec.db.sqlserver.OpenGisType)#0 &amp; #Shape(int, int, org.geolatte.geom.codec.db.sqlserver.OpenGisType)#2&quot; }"/>
        </annotation>
    </item>
    <item name='org.geolatte.geom.codec.db.sqlserver.Shape Shape(int, int, org.geolatte.geom.codec.db.sqlserver.OpenGisType)'>
        <annotation name='com.intellij.inspections.tainted.annotation.equation.Equations'>
            <val val="{ &quot;parentOffset := &quot;, &quot;figureOffset := &quot;, &quot;Shape := Shape&quot;, &quot;openGisType := OpenGisType#POINT &amp; OpenGisType#LINESTRING&quot; }"/>
        </annotation>
    </item>
    <item name='org.geolatte.geom.codec.db.sqlserver.Shape void store(java.nio.ByteBuffer)'>
        <annotation name='com.intellij.inspections.tainted.annotation.equation.Equations'>
            <val val="{ &quot;buffer := &quot; }"/>
        </annotation>
    </item>
    <item name='org.geolatte.geom.codec.db.sqlserver.SqlServerGeometry'>
        <annotation name='com.intellij.inspections.tainted.annotation.equation.Equations'>
            <val val="{ &quot;SqlServerGeometry := #setCoordinateReferenceSystem(org.geolatte.geom.crs.CoordinateReferenceSystem)#0 &amp; #hasZValuesMask &amp; #hasMValuesMask &amp; #isValidMask &amp; #isSinglePointMask &amp; #isSingleLineSegment &amp; #setNumberOfPoints(int)#0 &amp; #setSrid(java.lang.Integer)#0 &amp; #setNumberOfFigures(int)#0 &amp; #setFigure(int, org.geolatte.geom.codec.db.sqlserver.Figure)#1 &amp; #setNumberOfShapes(int)#0 &amp; #setShape(int, org.geolatte.geom.codec.db.sqlserver.Shape)#1&quot; }"/>
        </annotation>
    </item>
    <item name='org.geolatte.geom.codec.db.sqlserver.SqlServerGeometry SqlServerGeometry()'>
        <annotation name='com.intellij.inspections.tainted.annotation.equation.Equations'>
            <val val="{ &quot;SqlServerGeometry := SqlServerGeometry&quot; }"/>
        </annotation>
    </item>
    <item name='org.geolatte.geom.codec.db.sqlserver.SqlServerGeometry SqlServerGeometry(byte[])'>
        <annotation name='com.intellij.inspections.tainted.annotation.equation.Equations'>
            <val val="{ &quot;SqlServerGeometry := SqlServerGeometry&quot;, &quot;bytes := #deserialize(byte[])#0&quot; }"/>
        </annotation>
    </item>
    <item name='org.geolatte.geom.codec.db.sqlserver.SqlServerGeometry boolean hasMValues()'>
        <annotation name='com.intellij.inspections.tainted.annotation.equation.Equations'>
            <val val="{ &quot;hasMValues := SqlServerGeometry &amp; #hasMValuesMask&quot; }"/>
        </annotation>
    </item>
    <item name='org.geolatte.geom.codec.db.sqlserver.SqlServerGeometry boolean hasZValues()'>
        <annotation name='com.intellij.inspections.tainted.annotation.equation.Equations'>
            <val val="{ &quot;hasZValues := SqlServerGeometry &amp; #hasZValuesMask&quot; }"/>
        </annotation>
    </item>
    <item name='org.geolatte.geom.codec.db.sqlserver.SqlServerGeometry boolean isCompatible()'>
        <annotation name='com.intellij.inspections.tainted.annotation.equation.Equations'>
            <val val="{ &quot;isCompatible := SqlServerGeometry &amp; #SUPPORTED_VERSION&quot; }"/>
        </annotation>
    </item>
    <item name='org.geolatte.geom.codec.db.sqlserver.SqlServerGeometry boolean isEmpty()'>
        <annotation name='com.intellij.inspections.tainted.annotation.equation.Equations'>
            <val val="{ &quot;isEmpty := SqlServerGeometry&quot; }"/>
        </annotation>
    </item>
    <item name='org.geolatte.geom.codec.db.sqlserver.SqlServerGeometry boolean isEmptyShape(int)'>
        <annotation name='com.intellij.inspections.tainted.annotation.equation.Equations'>
            <val val="{ &quot;isEmptyShape := SqlServerGeometry&quot; }"/>
        </annotation>
    </item>
    <item name='org.geolatte.geom.codec.db.sqlserver.SqlServerGeometry boolean isFigureInteriorRing(int)'>
        <annotation name='com.intellij.inspections.tainted.annotation.equation.Equations'>
            <val val="{ &quot;isFigureInteriorRing := &quot; }"/>
        </annotation>
    </item>
    <item name='org.geolatte.geom.codec.db.sqlserver.SqlServerGeometry boolean isParentShapeOf(int, int)'>
        <annotation name='com.intellij.inspections.tainted.annotation.equation.Equations'>
            <val val="{ &quot;isParentShapeOf := SqlServerGeometry &amp; parent&quot; }"/>
        </annotation>
    </item>
    <item name='org.geolatte.geom.codec.db.sqlserver.SqlServerGeometry boolean isSingleLineSegment()'>
        <annotation name='com.intellij.inspections.tainted.annotation.equation.Equations'>
            <val val="{ &quot;isSingleLineSegment := SqlServerGeometry &amp; #isSingleLineSegment&quot; }"/>
        </annotation>
    </item>
    <item name='org.geolatte.geom.codec.db.sqlserver.SqlServerGeometry boolean isSinglePoint()'>
        <annotation name='com.intellij.inspections.tainted.annotation.equation.Equations'>
            <val val="{ &quot;isSinglePoint := SqlServerGeometry &amp; #isSinglePointMask&quot; }"/>
        </annotation>
    </item>
    <item name='org.geolatte.geom.codec.db.sqlserver.SqlServerGeometry boolean isValid()'>
        <annotation name='com.intellij.inspections.tainted.annotation.equation.Equations'>
            <val val="{ &quot;isValid := SqlServerGeometry &amp; #isValidMask&quot; }"/>
        </annotation>
    </item>
    <item name='org.geolatte.geom.codec.db.sqlserver.SqlServerGeometry byte[] serialize(org.geolatte.geom.codec.db.sqlserver.SqlServerGeometry)'>
        <annotation name='com.intellij.inspections.tainted.annotation.equation.Equations'>
            <val val="{ &quot;sqlServerGeom := &quot;, &quot;serialize := &quot; }"/>
        </annotation>
    </item>
    <item name='org.geolatte.geom.codec.db.sqlserver.SqlServerGeometry int calculateCapacity()'>
        <annotation name='com.intellij.inspections.tainted.annotation.equation.Equations'>
            <val val="{ &quot;calculateCapacity := &quot; }"/>
        </annotation>
    </item>
    <item name='org.geolatte.geom.codec.db.sqlserver.SqlServerGeometry int getNumFigures()'>
        <annotation name='com.intellij.inspections.tainted.annotation.equation.Equations'>
            <val val="{ &quot;getNumFigures := SqlServerGeometry&quot; }"/>
        </annotation>
    </item>
    <item name='org.geolatte.geom.codec.db.sqlserver.SqlServerGeometry int getNumPoints()'>
        <annotation name='com.intellij.inspections.tainted.annotation.equation.Equations'>
            <val val="{ &quot;getNumPoints := SqlServerGeometry&quot; }"/>
        </annotation>
    </item>
    <item name='org.geolatte.geom.codec.db.sqlserver.SqlServerGeometry int getNumShapes()'>
        <annotation name='com.intellij.inspections.tainted.annotation.equation.Equations'>
            <val val="{ &quot;getNumShapes := SqlServerGeometry&quot; }"/>
        </annotation>
    </item>
    <item name='org.geolatte.geom.codec.db.sqlserver.SqlServerGeometry java.lang.Integer getSrid()'>
        <annotation name='com.intellij.inspections.tainted.annotation.equation.Equations'>
            <val val="{ &quot;getSrid := SqlServerGeometry&quot; }"/>
        </annotation>
    </item>
    <item name='org.geolatte.geom.codec.db.sqlserver.SqlServerGeometry org.geolatte.geom.PositionSequence&lt;?&gt; coordinateRange(org.geolatte.geom.codec.db.sqlserver.IndexRange)'>
        <annotation name='com.intellij.inspections.tainted.annotation.equation.Equations'>
            <val val="{ &quot;coordinateRange := &quot; }"/>
        </annotation>
    </item>
    <item name='org.geolatte.geom.codec.db.sqlserver.SqlServerGeometry org.geolatte.geom.codec.db.sqlserver.Figure getFigure(int)'>
        <annotation name='com.intellij.inspections.tainted.annotation.equation.Equations'>
            <val val="{ &quot;getFigure := SqlServerGeometry&quot; }"/>
        </annotation>
    </item>
    <item name='org.geolatte.geom.codec.db.sqlserver.SqlServerGeometry org.geolatte.geom.codec.db.sqlserver.IndexRange getFiguresForShape(int)'>
        <annotation name='com.intellij.inspections.tainted.annotation.equation.Equations'>
            <val val="{ &quot;getFiguresForShape := &quot; }"/>
        </annotation>
    </item>
    <item name='org.geolatte.geom.codec.db.sqlserver.SqlServerGeometry org.geolatte.geom.codec.db.sqlserver.IndexRange getPointsForFigure(int)'>
        <annotation name='com.intellij.inspections.tainted.annotation.equation.Equations'>
            <val val="{ &quot;getPointsForFigure := &quot; }"/>
        </annotation>
    </item>
    <item name='org.geolatte.geom.codec.db.sqlserver.SqlServerGeometry org.geolatte.geom.codec.db.sqlserver.OpenGisType firstShapeOpenGisType()'>
        <annotation name='com.intellij.inspections.tainted.annotation.equation.Equations'>
            <val val="{ &quot;firstShapeOpenGisType := OpenGisType#INVALID_TYPE &amp; SqlServerGeometry&quot; }"/>
        </annotation>
    </item>
    <item name='org.geolatte.geom.codec.db.sqlserver.SqlServerGeometry org.geolatte.geom.codec.db.sqlserver.OpenGisType getOpenGisTypeOfShape(int)'>
        <annotation name='com.intellij.inspections.tainted.annotation.equation.Equations'>
            <val val="{ &quot;getOpenGisTypeOfShape := SqlServerGeometry&quot; }"/>
        </annotation>
    </item>
    <item name='org.geolatte.geom.codec.db.sqlserver.SqlServerGeometry org.geolatte.geom.codec.db.sqlserver.OpenGisType openGisType()'>
        <annotation name='com.intellij.inspections.tainted.annotation.equation.Equations'>
            <val val="{ &quot;openGisType := OpenGisType#POINT &amp; OpenGisType#LINESTRING&quot; }"/>
        </annotation>
    </item>
    <item name='org.geolatte.geom.codec.db.sqlserver.SqlServerGeometry org.geolatte.geom.codec.db.sqlserver.Shape getShape(int)'>
        <annotation name='com.intellij.inspections.tainted.annotation.equation.Equations'>
            <val val="{ &quot;getShape := SqlServerGeometry&quot; }"/>
        </annotation>
    </item>
    <item name='org.geolatte.geom.codec.db.sqlserver.SqlServerGeometry org.geolatte.geom.codec.db.sqlserver.SqlServerGeometry deserialize(byte[])'>
        <annotation name='com.intellij.inspections.tainted.annotation.equation.Equations'>
            <val val="{ &quot;bytes := Decoders#decode(byte[])#0&quot;, &quot;deserialize := &quot; }"/>
        </annotation>
    </item>
    <item name='org.geolatte.geom.codec.db.sqlserver.SqlServerGeometry org.geolatte.geom.crs.CoordinateReferenceSystem&lt;?&gt; getCRS(int, boolean, boolean)'>
        <annotation name='com.intellij.inspections.tainted.annotation.equation.Equations'>
            <val val="{ &quot;getCRS := &quot;, &quot;srid := &quot;, &quot;hasZValues := &quot;, &quot;hasMValues := &quot; }"/>
        </annotation>
    </item>
    <item name='org.geolatte.geom.codec.db.sqlserver.SqlServerGeometry org.geolatte.geom.crs.CoordinateReferenceSystem&lt;?&gt; getCoordinateReferenceSystem()'>
        <annotation name='com.intellij.inspections.tainted.annotation.equation.Equations'>
            <val val="{ &quot;getCoordinateReferenceSystem := SqlServerGeometry&quot; }"/>
        </annotation>
    </item>
    <item name='org.geolatte.geom.codec.db.sqlserver.SqlServerGeometry void copyCoordinate(int, double[], org.geolatte.geom.crs.CoordinateReferenceSystem&lt;P&gt;)'>
        <annotation name='com.intellij.inspections.tainted.annotation.equation.Equations'>
            <val val="{ &quot;crs := SqlServerGeometry&quot; }"/>
        </annotation>
    </item>
    <item name='org.geolatte.geom.codec.db.sqlserver.SqlServerGeometry void setFigure(int, org.geolatte.geom.codec.db.sqlserver.Figure)'>
        <annotation name='com.intellij.inspections.tainted.annotation.equation.Equations'>
            <val val="{ &quot;figure := &quot; }"/>
        </annotation>
    </item>
    <item name='org.geolatte.geom.codec.db.sqlserver.SqlServerGeometry void setNumberOfFigures(int)'>
        <annotation name='com.intellij.inspections.tainted.annotation.equation.Equations'>
            <val val="{ &quot;num := &quot; }"/>
        </annotation>
    </item>
    <item name='org.geolatte.geom.codec.db.sqlserver.SqlServerGeometry void setNumberOfShapes(int)'>
        <annotation name='com.intellij.inspections.tainted.annotation.equation.Equations'>
            <val val="{ &quot;num := &quot; }"/>
        </annotation>
    </item>
    <item name='org.geolatte.geom.codec.db.sqlserver.SqlServerGeometry void setShape(int, org.geolatte.geom.codec.db.sqlserver.Shape)'>
        <annotation name='com.intellij.inspections.tainted.annotation.equation.Equations'>
            <val val="{ &quot;shape := &quot; }"/>
        </annotation>
    </item>
</root>