<root>
    <item name='sun.security.util.Cache V get(java.lang.Object)'>
        <annotation name='com.intellij.inspections.tainted.annotation.equation.Equations'>
            <val val="{ &quot;o := MemoryCache#get(java.lang.Object)#0&quot;, &quot;get := MemoryCache#get(java.lang.Object)&quot; }"/>
        </annotation>
    </item>
    <item name='sun.security.util.Cache int size()'>
        <annotation name='com.intellij.inspections.tainted.annotation.equation.Equations'>
            <val val="{ &quot;size := MemoryCache#size()&quot; }"/>
        </annotation>
    </item>
    <item name='sun.security.util.Cache void accept(sun.security.util.Cache.CacheVisitor&lt;K,V&gt;)'>
        <annotation name='com.intellij.inspections.tainted.annotation.equation.Equations'>
            <val val="{ &quot;cacheVisitor := MemoryCache#accept(sun.security.util.Cache.CacheVisitor)#0&quot; }"/>
        </annotation>
    </item>
    <item name='sun.security.util.Cache void put(K, V)'>
        <annotation name='com.intellij.inspections.tainted.annotation.equation.Equations'>
            <val val="{ &quot;k := MemoryCache#put(java.lang.Object, java.lang.Object)#0&quot;, &quot;v := MemoryCache#put(java.lang.Object, java.lang.Object)#1&quot; }"/>
        </annotation>
    </item>
    <item name='sun.security.util.Cache void remove(java.lang.Object)'>
        <annotation name='com.intellij.inspections.tainted.annotation.equation.Equations'>
            <val val="{ &quot;o := MemoryCache#remove(java.lang.Object)#0&quot; }"/>
        </annotation>
    </item>
    <item name='sun.security.util.Cache void setCapacity(int)'>
        <annotation name='com.intellij.inspections.tainted.annotation.equation.Equations'>
            <val val="{ &quot;i := MemoryCache#setCapacity(int)#0&quot; }"/>
        </annotation>
    </item>
    <item name='sun.security.util.Cache void setTimeout(int)'>
        <annotation name='com.intellij.inspections.tainted.annotation.equation.Equations'>
            <val val="{ &quot;i := MemoryCache#setTimeout(int)#0&quot; }"/>
        </annotation>
    </item>
    <item name='sun.security.util.DerEncoder void derEncode(java.io.OutputStream)'>
        <annotation name='com.intellij.inspections.tainted.annotation.equation.Equations'>
            <val val="{ &quot;outputStream := sun.security.x509.AlgorithmId#derEncode(java.io.OutputStream)#0 &amp; sun.security.pkcs.PKCS9Attribute#derEncode(java.io.OutputStream)#0 &amp; sun.security.x509.X509CertImpl#derEncode(java.io.OutputStream)#0 &amp; sun.security.x509.X509CRLImpl#derEncode(java.io.OutputStream)#0 &amp; DerOutputStream#derEncode(java.io.OutputStream)#0 &amp; sun.security.pkcs.SignerInfo#derEncode(java.io.OutputStream)#0 &amp; sun.security.x509.AVA#derEncode(java.io.OutputStream)#0&quot; }"/>
        </annotation>
    </item>
</root>