<root>
    <item name='javax.swing.undo.AbstractUndoableEdit AbstractUndoableEdit()'>
        <annotation name='com.intellij.inspections.tainted.annotation.equation.Equations'>
            <val val="{ &quot;AbstractUndoableEdit := AbstractUndoableEdit&quot; }"/>
        </annotation>
    </item>
    <item name='javax.swing.undo.AbstractUndoableEdit boolean addEdit(javax.swing.undo.UndoableEdit)'>
        <annotation name='com.intellij.inspections.tainted.annotation.equation.Equations'>
            <val val="{ &quot;anEdit := CompoundEdit#addEdit(javax.swing.undo.UndoableEdit)#0&quot; }"/>
        </annotation>
    </item>
    <item name='javax.swing.undo.AbstractUndoableEdit java.lang.String getPresentationName()'>
        <annotation name='com.intellij.inspections.tainted.annotation.equation.Equations'>
            <val val="{ &quot;getPresentationName := StateEdit#getPresentationName() &amp; CompoundEdit#getPresentationName()&quot; }"/>
        </annotation>
    </item>
    <item name='javax.swing.undo.AbstractUndoableEdit java.lang.String getRedoPresentationName()'>
        <annotation name='com.intellij.inspections.tainted.annotation.equation.Equations'>
            <val val="{ &quot;getRedoPresentationName := CompoundEdit#getRedoPresentationName()&quot; }"/>
        </annotation>
    </item>
    <item name='javax.swing.undo.AbstractUndoableEdit java.lang.String getUndoPresentationName()'>
        <annotation name='com.intellij.inspections.tainted.annotation.equation.Equations'>
            <val val="{ &quot;getUndoPresentationName := CompoundEdit#getUndoPresentationName()&quot; }"/>
        </annotation>
    </item>
    <item name='javax.swing.undo.AbstractUndoableEdit java.lang.String toString()'>
        <annotation name='com.intellij.inspections.tainted.annotation.equation.Equations'>
            <val val="{ &quot;toString := CompoundEdit#toString() &amp; AbstractUndoableEdit&quot; }"/>
        </annotation>
    </item>
    <item name='javax.swing.undo.CompoundEdit CompoundEdit()'>
        <annotation name='com.intellij.inspections.tainted.annotation.equation.Equations'>
            <val val="{ &quot;CompoundEdit := CompoundEdit&quot; }"/>
        </annotation>
    </item>
    <item name='javax.swing.undo.CompoundEdit boolean addEdit(javax.swing.undo.UndoableEdit)'>
        <annotation name='com.intellij.inspections.tainted.annotation.equation.Equations'>
            <val val="{ &quot;anEdit := javax.swing.text.AbstractDocument.DefaultDocumentEvent#addEdit(javax.swing.undo.UndoableEdit)#0 &amp; UndoManager#addEdit(javax.swing.undo.UndoableEdit)#0&quot; }"/>
        </annotation>
    </item>
    <item name='javax.swing.undo.CompoundEdit java.lang.String getPresentationName()'>
        <annotation name='com.intellij.inspections.tainted.annotation.equation.Equations'>
            <val val="{ &quot;getPresentationName := javax.swing.text.AbstractDocument.DefaultDocumentEvent#getPresentationName()&quot; }"/>
        </annotation>
    </item>
    <item name='javax.swing.undo.CompoundEdit java.lang.String getRedoPresentationName()'>
        <annotation name='com.intellij.inspections.tainted.annotation.equation.Equations'>
            <val val="{ &quot;getRedoPresentationName := javax.swing.text.AbstractDocument.DefaultDocumentEvent#getRedoPresentationName() &amp; UndoManager#getRedoPresentationName()&quot; }"/>
        </annotation>
    </item>
    <item name='javax.swing.undo.CompoundEdit java.lang.String getUndoPresentationName()'>
        <annotation name='com.intellij.inspections.tainted.annotation.equation.Equations'>
            <val val="{ &quot;getUndoPresentationName := javax.swing.text.AbstractDocument.DefaultDocumentEvent#getUndoPresentationName() &amp; UndoManager#getUndoPresentationName()&quot; }"/>
        </annotation>
    </item>
    <item name='javax.swing.undo.CompoundEdit java.lang.String toString()'>
        <annotation name='com.intellij.inspections.tainted.annotation.equation.Equations'>
            <val val="{ &quot;toString := javax.swing.text.AbstractDocument.DefaultDocumentEvent#toString() &amp; CompoundEdit &amp; UndoManager#toString()&quot; }"/>
        </annotation>
    </item>
    <item name='javax.swing.undo.StateEdit'>
        <annotation name='com.intellij.inspections.tainted.annotation.equation.Equations'>
            <val val="{ &quot;StateEdit := &quot; }"/>
        </annotation>
    </item>
    <item name='javax.swing.undo.StateEdit StateEdit(javax.swing.undo.StateEditable)'>
        <annotation name='com.intellij.inspections.tainted.annotation.equation.Equations'>
            <val val="{ &quot;StateEdit := StateEdit&quot; }"/>
        </annotation>
    </item>
    <item name='javax.swing.undo.StateEdit StateEdit(javax.swing.undo.StateEditable, java.lang.String)'>
        <annotation name='com.intellij.inspections.tainted.annotation.equation.Equations'>
            <val val="{ &quot;StateEdit := StateEdit&quot; }"/>
        </annotation>
    </item>
    <item name='javax.swing.undo.StateEdit java.lang.String getPresentationName()'>
        <annotation name='com.intellij.inspections.tainted.annotation.equation.Equations'>
            <val val="{ &quot;getPresentationName := StateEdit&quot; }"/>
        </annotation>
    </item>
    <item name='javax.swing.undo.StateEdit void init(javax.swing.undo.StateEditable, java.lang.String)'>
        <annotation name='com.intellij.inspections.tainted.annotation.equation.Equations'>
            <val val="{ &quot;anObject := #StateEdit(javax.swing.undo.StateEditable)#0 &amp; #StateEdit(javax.swing.undo.StateEditable, java.lang.String)#0&quot;, &quot;name := #StateEdit(javax.swing.undo.StateEditable, java.lang.String)#1&quot; }"/>
        </annotation>
    </item>
    <item name='javax.swing.undo.StateEditable void restoreState(java.util.Hashtable&lt;?,?&gt;)'>
        <annotation name='com.intellij.inspections.tainted.annotation.equation.Equations'>
            <val val="{ &quot;state := StateEdit&quot; }"/>
        </annotation>
    </item>
    <item name='javax.swing.undo.StateEditable void storeState(java.util.Hashtable&lt;java.lang.Object,java.lang.Object&gt;)'>
        <annotation name='com.intellij.inspections.tainted.annotation.equation.Equations'>
            <val val="{ &quot;state := StateEdit&quot; }"/>
        </annotation>
    </item>
    <item name='javax.swing.undo.UndoManager'>
        <annotation name='com.intellij.inspections.tainted.annotation.equation.Equations'>
            <val val="{ &quot;UndoManager := #setLimit(int)#0&quot; }"/>
        </annotation>
    </item>
    <item name='javax.swing.undo.UndoManager UndoManager()'>
        <annotation name='com.intellij.inspections.tainted.annotation.equation.Equations'>
            <val val="{ &quot;UndoManager := UndoManager&quot; }"/>
        </annotation>
    </item>
    <item name='javax.swing.undo.UndoManager boolean addEdit(javax.swing.undo.UndoableEdit)'>
        <annotation name='com.intellij.inspections.tainted.annotation.equation.Equations'>
            <val val="{ &quot;anEdit := &quot; }"/>
        </annotation>
    </item>
    <item name='javax.swing.undo.UndoManager int getLimit()'>
        <annotation name='com.intellij.inspections.tainted.annotation.equation.Equations'>
            <val val="{ &quot;getLimit := UndoManager&quot; }"/>
        </annotation>
    </item>
    <item name='javax.swing.undo.UndoManager java.lang.String toString()'>
        <annotation name='com.intellij.inspections.tainted.annotation.equation.Equations'>
            <val val="{ &quot;toString := UndoManager&quot; }"/>
        </annotation>
    </item>
    <item name='javax.swing.undo.UndoManager void redoTo(javax.swing.undo.UndoableEdit)'>
        <annotation name='com.intellij.inspections.tainted.annotation.equation.Equations'>
            <val val="{ &quot;edit := &quot; }"/>
        </annotation>
    </item>
    <item name='javax.swing.undo.UndoManager void trimEdits(int, int)'>
        <annotation name='com.intellij.inspections.tainted.annotation.equation.Equations'>
            <val val="{ &quot;from := UndoManager&quot;, &quot;to := UndoManager&quot; }"/>
        </annotation>
    </item>
    <item name='javax.swing.undo.UndoManager void undoTo(javax.swing.undo.UndoableEdit)'>
        <annotation name='com.intellij.inspections.tainted.annotation.equation.Equations'>
            <val val="{ &quot;edit := &quot; }"/>
        </annotation>
    </item>
    <item name='javax.swing.undo.UndoableEdit boolean addEdit(javax.swing.undo.UndoableEdit)'>
        <annotation name='com.intellij.inspections.tainted.annotation.equation.Equations'>
            <val val="{ &quot;anEdit := AbstractUndoableEdit#addEdit(javax.swing.undo.UndoableEdit)#0&quot; }"/>
        </annotation>
    </item>
    <item name='javax.swing.undo.UndoableEdit boolean replaceEdit(javax.swing.undo.UndoableEdit)'>
        <annotation name='com.intellij.inspections.tainted.annotation.equation.Equations'>
            <val val="{ &quot;anEdit := AbstractUndoableEdit#replaceEdit(javax.swing.undo.UndoableEdit)#0&quot; }"/>
        </annotation>
    </item>
    <item name='javax.swing.undo.UndoableEdit java.lang.String getPresentationName()'>
        <annotation name='com.intellij.inspections.tainted.annotation.equation.Equations'>
            <val val="{ &quot;getPresentationName := AbstractUndoableEdit#getPresentationName()&quot; }"/>
        </annotation>
    </item>
    <item name='javax.swing.undo.UndoableEdit java.lang.String getRedoPresentationName()'>
        <annotation name='com.intellij.inspections.tainted.annotation.equation.Equations'>
            <val val="{ &quot;getRedoPresentationName := AbstractUndoableEdit#getRedoPresentationName()&quot; }"/>
        </annotation>
    </item>
    <item name='javax.swing.undo.UndoableEdit java.lang.String getUndoPresentationName()'>
        <annotation name='com.intellij.inspections.tainted.annotation.equation.Equations'>
            <val val="{ &quot;getUndoPresentationName := AbstractUndoableEdit#getUndoPresentationName()&quot; }"/>
        </annotation>
    </item>
    <item name='javax.swing.undo.UndoableEditSupport'>
        <annotation name='com.intellij.inspections.tainted.annotation.equation.Equations'>
            <val val="{ &quot;UndoableEditSupport := &quot; }"/>
        </annotation>
    </item>
    <item name='javax.swing.undo.UndoableEditSupport UndoableEditSupport()'>
        <annotation name='com.intellij.inspections.tainted.annotation.equation.Equations'>
            <val val="{ &quot;UndoableEditSupport := UndoableEditSupport&quot; }"/>
        </annotation>
    </item>
    <item name='javax.swing.undo.UndoableEditSupport UndoableEditSupport(java.lang.Object)'>
        <annotation name='com.intellij.inspections.tainted.annotation.equation.Equations'>
            <val val="{ &quot;UndoableEditSupport := UndoableEditSupport&quot; }"/>
        </annotation>
    </item>
    <item name='javax.swing.undo.UndoableEditSupport int getUpdateLevel()'>
        <annotation name='com.intellij.inspections.tainted.annotation.equation.Equations'>
            <val val="{ &quot;getUpdateLevel := UndoableEditSupport&quot; }"/>
        </annotation>
    </item>
    <item name='javax.swing.undo.UndoableEditSupport java.lang.String toString()'>
        <annotation name='com.intellij.inspections.tainted.annotation.equation.Equations'>
            <val val="{ &quot;toString := UndoableEditSupport&quot; }"/>
        </annotation>
    </item>
    <item name='javax.swing.undo.UndoableEditSupport void _postEdit(javax.swing.undo.UndoableEdit)'>
        <annotation name='com.intellij.inspections.tainted.annotation.equation.Equations'>
            <val val="{ &quot;e := #postEdit(javax.swing.undo.UndoableEdit)#0 &amp; UndoableEditSupport&quot; }"/>
        </annotation>
    </item>
</root>