<root>
    <item name='java.rmi.dgc.DGC java.rmi.dgc.Lease dirty(java.rmi.server.ObjID[], long, java.rmi.dgc.Lease)'>
        <annotation name='com.intellij.inspections.tainted.annotation.equation.Equations'>
            <val val="{ &quot;sequenceNum := sun.rmi.transport.DGCImpl#dirty(java.rmi.server.ObjID[], long, java.rmi.dgc.Lease)#1&quot;, &quot;ids := sun.rmi.transport.DGCImpl#dirty(java.rmi.server.ObjID[], long, java.rmi.dgc.Lease)#0&quot;, &quot;dirty := sun.rmi.transport.DGCImpl#dirty(java.rmi.server.ObjID[], long, java.rmi.dgc.Lease)&quot;, &quot;lease := sun.rmi.transport.DGCImpl#dirty(java.rmi.server.ObjID[], long, java.rmi.dgc.Lease)#2&quot; }"/>
        </annotation>
    </item>
    <item name='java.rmi.dgc.DGC void clean(java.rmi.server.ObjID[], long, java.rmi.dgc.VMID, boolean)'>
        <annotation name='com.intellij.inspections.tainted.annotation.equation.Equations'>
            <val val="{ &quot;vmid := sun.rmi.transport.DGCImpl#clean(java.rmi.server.ObjID[], long, java.rmi.dgc.VMID, boolean)#2&quot;, &quot;ids := sun.rmi.transport.DGCImpl#clean(java.rmi.server.ObjID[], long, java.rmi.dgc.VMID, boolean)#0&quot;, &quot;sequenceNum := sun.rmi.transport.DGCImpl#clean(java.rmi.server.ObjID[], long, java.rmi.dgc.VMID, boolean)#1&quot; }"/>
        </annotation>
    </item>
    <item name='java.rmi.dgc.Lease Lease(java.rmi.dgc.VMID, long)'>
        <annotation name='com.intellij.inspections.tainted.annotation.equation.Equations'>
            <val val="{ &quot;id := sun.rmi.transport.DGCClient &amp; sun.rmi.transport.DGCClient&quot;, &quot;Lease := Lease&quot;, &quot;duration := sun.rmi.transport.DGCClient#leaseValue &amp; sun.rmi.transport.DGCImpl#leaseValue &amp; sun.rmi.transport.DGCClient#leaseValue &amp; sun.rmi.transport.DGCImpl#leaseValue&quot; }"/>
        </annotation>
    </item>
    <item name='java.rmi.dgc.Lease java.rmi.dgc.VMID getVMID()'>
        <annotation name='com.intellij.inspections.tainted.annotation.equation.Equations'>
            <val val="{ &quot;getVMID := Lease&quot; }"/>
        </annotation>
    </item>
    <item name='java.rmi.dgc.Lease long getValue()'>
        <annotation name='com.intellij.inspections.tainted.annotation.equation.Equations'>
            <val val="{ &quot;getValue := Lease&quot; }"/>
        </annotation>
    </item>
    <item name='java.rmi.dgc.VMID VMID()'>
        <annotation name='com.intellij.inspections.tainted.annotation.equation.Equations'>
            <val val="{ &quot;VMID := VMID&quot; }"/>
        </annotation>
    </item>
</root>