<root>
    <item name='org.junit.Assert Assert()'>
        <annotation name='com.intellij.inspections.tainted.annotation.equation.Equations'>
            <val val="{ &quot;Assert := Assert&quot; }"/>
        </annotation>
    </item>
    <item name='org.junit.Assert boolean doubleIsDifferent(double, double, double)'>
        <annotation name='com.intellij.inspections.tainted.annotation.equation.Equations'>
            <val val="{ &quot;d2 := #assertEquals(java.lang.String, double, double, double)#2&quot;, &quot;d1 := #assertEquals(java.lang.String, double, double, double)#1&quot;, &quot;delta := #assertEquals(java.lang.String, double, double, double)#3&quot; }"/>
        </annotation>
    </item>
    <item name='org.junit.Assert boolean equalsRegardingNull(java.lang.Object, java.lang.Object)'>
        <annotation name='com.intellij.inspections.tainted.annotation.equation.Equations'>
            <val val="{ &quot;equalsRegardingNull := actual&quot;, &quot;actual := #assertEquals(java.lang.String, java.lang.Object, java.lang.Object)#2 &amp; #assertNotEquals(java.lang.String, java.lang.Object, java.lang.Object)#2&quot;, &quot;expected := #assertEquals(java.lang.String, java.lang.Object, java.lang.Object)#1 &amp; #assertNotEquals(java.lang.String, java.lang.Object, java.lang.Object)#1&quot; }"/>
        </annotation>
    </item>
    <item name='org.junit.Assert boolean floatIsDifferent(float, float, float)'>
        <annotation name='com.intellij.inspections.tainted.annotation.equation.Equations'>
            <val val="{ &quot;f1 := #assertEquals(java.lang.String, float, float, float)#1&quot;, &quot;f2 := #assertEquals(java.lang.String, float, float, float)#2&quot;, &quot;delta := #assertEquals(java.lang.String, float, float, float)#3&quot; }"/>
        </annotation>
    </item>
    <item name='org.junit.Assert boolean isEquals(java.lang.Object, java.lang.Object)'>
        <annotation name='com.intellij.inspections.tainted.annotation.equation.Equations'>
            <val val="{ &quot;actual := #equalsRegardingNull(java.lang.Object, java.lang.Object)#1&quot;, &quot;isEquals := &quot;, &quot;expected := #equalsRegardingNull(java.lang.Object, java.lang.Object)#0&quot; }"/>
        </annotation>
    </item>
    <item name='org.junit.Assert java.lang.String format(java.lang.String, java.lang.Object, java.lang.Object)'>
        <annotation name='com.intellij.inspections.tainted.annotation.equation.Equations'>
            <val val="{ &quot;message := #failNotEquals(java.lang.String, java.lang.Object, java.lang.Object)#0&quot;, &quot;format := message&quot;, &quot;actual := #failNotEquals(java.lang.String, java.lang.Object, java.lang.Object)#2&quot;, &quot;expected := #failNotEquals(java.lang.String, java.lang.Object, java.lang.Object)#1&quot; }"/>
        </annotation>
    </item>
    <item name='org.junit.Assert java.lang.String formatClassAndValue(java.lang.Object, java.lang.String)'>
        <annotation name='com.intellij.inspections.tainted.annotation.equation.Equations'>
            <val val="{ &quot;valueString := &quot;, &quot;value := #format(java.lang.String, java.lang.Object, java.lang.Object)#1 &amp; #format(java.lang.String, java.lang.Object, java.lang.Object)#2&quot;, &quot;formatClassAndValue := valueString&quot; }"/>
        </annotation>
    </item>
    <item name='org.junit.Assert void assertArrayEquals(byte[], byte[])'>
        <annotation name='com.intellij.inspections.tainted.annotation.equation.Equations'>
            <val val="{ &quot;expecteds := org.hibernate.test.annotations.lob.locator.LobLocatorTest#checkState(byte[], java.lang.String, java.lang.Integer, org.hibernate.test.annotations.lob.locator.LobHolder)#0&quot;, &quot;actuals := &quot; }"/>
        </annotation>
    </item>
    <item name='org.junit.Assert void assertArrayEquals(java.lang.Object[], java.lang.Object[])'>
        <annotation name='com.intellij.inspections.tainted.annotation.equation.Equations'>
            <val val="{ &quot;expecteds := #assertEquals(java.lang.Object[], java.lang.Object[])#0&quot;, &quot;actuals := #assertEquals(java.lang.Object[], java.lang.Object[])#1&quot; }"/>
        </annotation>
    </item>
    <item name='org.junit.Assert void assertArrayEquals(java.lang.String, boolean[], boolean[])'>
        <annotation name='com.intellij.inspections.tainted.annotation.equation.Equations'>
            <val val="{ &quot;actuals := #assertArrayEquals(boolean[], boolean[])#1&quot;, &quot;expecteds := #assertArrayEquals(boolean[], boolean[])#0&quot; }"/>
        </annotation>
    </item>
    <item name='org.junit.Assert void assertArrayEquals(java.lang.String, byte[], byte[])'>
        <annotation name='com.intellij.inspections.tainted.annotation.equation.Equations'>
            <val val="{ &quot;expecteds := #assertArrayEquals(byte[], byte[])#0 &amp; org.hibernate.spatial.testing.SpatialFunctionalTestCase#compare(java.lang.Integer, java.lang.Object, java.lang.Object, java.lang.String)#1&quot;, &quot;message := org.hibernate.spatial.testing.SpatialFunctionalTestCase#compare(java.lang.Integer, java.lang.Object, java.lang.Object, java.lang.String)#0&quot;, &quot;actuals := #assertArrayEquals(byte[], byte[])#1 &amp; org.hibernate.spatial.testing.SpatialFunctionalTestCase#compare(java.lang.Integer, java.lang.Object, java.lang.Object, java.lang.String)#2&quot; }"/>
        </annotation>
    </item>
    <item name='org.junit.Assert void assertArrayEquals(java.lang.String, char[], char[])'>
        <annotation name='com.intellij.inspections.tainted.annotation.equation.Equations'>
            <val val="{ &quot;actuals := #assertArrayEquals(char[], char[])#1&quot;, &quot;expecteds := #assertArrayEquals(char[], char[])#0&quot; }"/>
        </annotation>
    </item>
    <item name='org.junit.Assert void assertArrayEquals(java.lang.String, double[], double[], double)'>
        <annotation name='com.intellij.inspections.tainted.annotation.equation.Equations'>
            <val val="{ &quot;expecteds := #assertArrayEquals(double[], double[], double)#0&quot;, &quot;actuals := #assertArrayEquals(double[], double[], double)#1&quot;, &quot;delta := #assertArrayEquals(double[], double[], double)#2&quot; }"/>
        </annotation>
    </item>
    <item name='org.junit.Assert void assertArrayEquals(java.lang.String, float[], float[], float)'>
        <annotation name='com.intellij.inspections.tainted.annotation.equation.Equations'>
            <val val="{ &quot;delta := #assertArrayEquals(float[], float[], float)#2&quot;, &quot;expecteds := #assertArrayEquals(float[], float[], float)#0&quot;, &quot;actuals := #assertArrayEquals(float[], float[], float)#1&quot; }"/>
        </annotation>
    </item>
    <item name='org.junit.Assert void assertArrayEquals(java.lang.String, int[], int[])'>
        <annotation name='com.intellij.inspections.tainted.annotation.equation.Equations'>
            <val val="{ &quot;actuals := #assertArrayEquals(int[], int[])#1&quot;, &quot;expecteds := #assertArrayEquals(int[], int[])#0&quot; }"/>
        </annotation>
    </item>
    <item name='org.junit.Assert void assertArrayEquals(java.lang.String, java.lang.Object[], java.lang.Object[])'>
        <annotation name='com.intellij.inspections.tainted.annotation.equation.Equations'>
            <val val="{ &quot;actuals := #assertArrayEquals(java.lang.Object[], java.lang.Object[])#1 &amp; #assertEquals(java.lang.String, java.lang.Object[], java.lang.Object[])#2&quot;, &quot;expecteds := #assertArrayEquals(java.lang.Object[], java.lang.Object[])#0 &amp; #assertEquals(java.lang.String, java.lang.Object[], java.lang.Object[])#1&quot;, &quot;message := #assertEquals(java.lang.String, java.lang.Object[], java.lang.Object[])#0&quot; }"/>
        </annotation>
    </item>
    <item name='org.junit.Assert void assertArrayEquals(java.lang.String, long[], long[])'>
        <annotation name='com.intellij.inspections.tainted.annotation.equation.Equations'>
            <val val="{ &quot;expecteds := #assertArrayEquals(long[], long[])#0&quot;, &quot;actuals := #assertArrayEquals(long[], long[])#1&quot; }"/>
        </annotation>
    </item>
    <item name='org.junit.Assert void assertArrayEquals(java.lang.String, short[], short[])'>
        <annotation name='com.intellij.inspections.tainted.annotation.equation.Equations'>
            <val val="{ &quot;actuals := #assertArrayEquals(short[], short[])#1&quot;, &quot;expecteds := #assertArrayEquals(short[], short[])#0&quot; }"/>
        </annotation>
    </item>
    <item name='org.junit.Assert void assertEquals(double, double, double)'>
        <annotation name='com.intellij.inspections.tainted.annotation.equation.Equations'>
            <val val="{ &quot;expected := org.hibernate.envers.test.integration.readwriteexpression.ReadWriteExpressionChange#HEIGHT_CENTIMETERS &amp; org.hibernate.envers.test.integration.readwriteexpression.ReadWriteExpressionChange#HEIGHT_INCHES&quot;, &quot;actual := &quot; }"/>
        </annotation>
    </item>
    <item name='org.junit.Assert void assertEquals(float, float, float)'>
        <annotation name='com.intellij.inspections.tainted.annotation.equation.Equations'>
            <val val="{ &quot;actual := &quot; }"/>
        </annotation>
    </item>
    <item name='org.junit.Assert void assertEquals(java.lang.Object, java.lang.Object)'>
        <annotation name='com.intellij.inspections.tainted.annotation.equation.Equations'>
            <val val="{ &quot;expected := org.hibernate.id.SequenceMismatchStrategy#EXCEPTION &amp; org.hibernate.id.enhanced.SequenceStyleGenerator#DEF_SEQUENCE_NAME &amp; org.hibernate.id.SequenceMismatchStrategy#LOG &amp; org.hibernate.id.SequenceMismatchStrategy#FIX &amp; org.hibernate.LockMode#NONE &amp; org.hibernate.LockMode#OPTIMISTIC &amp; org.hibernate.LockMode#PESSIMISTIC_WRITE &amp; javax.persistence.LockModeType#NONE &amp; javax.persistence.LockModeType#PESSIMISTIC_READ &amp; javax.persistence.LockModeType#OPTIMISTIC &amp; javax.persistence.FlushModeType#AUTO &amp; javax.persistence.FlushModeType#COMMIT &amp; org.hibernate.FlushMode#COMMIT &amp; org.hibernate.FlushMode#MANUAL &amp; org.hibernate.CacheMode#IGNORE &amp; javax.persistence.CacheRetrieveMode#USE &amp; javax.persistence.CacheStoreMode#REFRESH &amp; org.hibernate.loader.plan.spi.QuerySpace.Disposition#COMPOSITE &amp; org.hibernate.loader.plan.spi.QuerySpace.Disposition#ENTITY &amp; org.hibernate.loader.plan.spi.QuerySpace.Disposition#COLLECTION &amp; javax.persistence.criteria.Predicate.BooleanOperator#AND &amp; javax.persistence.criteria.Predicate.BooleanOperator#OR &amp; org.hibernate.jpa.test.criteria.components.joins.ComponentJoinTest#THEVALUE &amp; org.hibernate.jpa.test.criteria.SuperclassCollectionTest#assertAddress(org.hibernate.jpa.test.criteria.SuperclassCollectionTest.PersonBaseBase, java.lang.String, java.lang.String)#1 &amp; org.hibernate.jpa.test.criteria.SuperclassCollectionTest#assertAddress(org.hibernate.jpa.test.criteria.SuperclassCollectionTest.PersonBaseBase, java.lang.String, java.lang.String)#2 &amp; org.hibernate.jpa.test.criteria.EntitySuperclassCollectionTest#assertAddress(org.hibernate.jpa.test.criteria.EntitySuperclassCollectionTest.PersonBase, java.lang.String)#1 &amp; javax.persistence.metamodel.Attribute.PersistentAttributeType#MANY_TO_ONE &amp; javax.persistence.metamodel.Bindable.BindableType#ENTITY_TYPE &amp; javax.persistence.metamodel.Type.PersistenceType#ENTITY &amp; javax.persistence.metamodel.Attribute.PersistentAttributeType#EMBEDDED &amp; javax.persistence.CacheStoreMode#USE &amp; org.hibernate.CacheMode#NORMAL &amp; org.hibernate.CacheMode#REFRESH &amp; javax.persistence.CacheStoreMode#BYPASS &amp; org.hibernate.CacheMode#GET &amp; javax.persistence.CacheRetrieveMode#BYPASS &amp; org.hibernate.CacheMode#PUT &amp; javax.persistence.metamodel.Bindable.BindableType#SINGULAR_ATTRIBUTE &amp; javax.persistence.metamodel.Type.PersistenceType#BASIC &amp; javax.persistence.metamodel.Attribute.PersistentAttributeType#BASIC &amp; javax.persistence.metamodel.Type.PersistenceType#EMBEDDABLE &amp; javax.persistence.metamodel.Attribute.PersistentAttributeType#ELEMENT_COLLECTION &amp; javax.persistence.metamodel.Bindable.BindableType#PLURAL_ATTRIBUTE &amp; javax.persistence.metamodel.PluralAttribute.CollectionType#SET &amp; javax.persistence.metamodel.PluralAttribute.CollectionType#MAP &amp; javax.persistence.metamodel.PluralAttribute.CollectionType#LIST &amp; javax.persistence.metamodel.Type.PersistenceType#MAPPED_SUPERCLASS &amp; org.hibernate.procedure.spi.ParameterStrategy#NAMED &amp; javax.persistence.ParameterMode#IN &amp; org.hibernate.type.IntegerType#INSTANCE &amp; org.hibernate.procedure.spi.ParameterStrategy#POSITIONAL &amp; javax.persistence.ParameterMode#INOUT &amp; org.hibernate.type.StringType#INSTANCE &amp; org.hibernate.type.LongType#INSTANCE &amp; org.hibernate.jpa.test.transaction.TransactionCommitFailureTest#COMMIT_FAILURE &amp; org.hibernate.jpa.test.ejb3configuration.ExceptionInterceptor#EXCEPTION_MESSAGE &amp; org.hibernate.jpa.test.ejb3configuration.LocalExceptionInterceptor#LOCAL_EXCEPTION_MESSAGE &amp; javax.persistence.SharedCacheMode#DISABLE_SELECTIVE &amp; javax.persistence.SharedCacheMode#ENABLE_SELECTIVE &amp; javax.persistence.ValidationMode#CALLBACK &amp; javax.persistence.ValidationMode#NONE &amp; javax.persistence.spi.LoadState#UNKNOWN &amp; javax.persistence.spi.LoadState#LOADED &amp; org.hibernate.sql.Template#TEMPLATE &amp; org.hibernate.boot.model.process.internal.ScanningCoordinatorTest#assertManagedResourcesAfterCoordinateScanWithScanner(org.hibernate.boot.archive.scan.spi.Scanner, boolean)#1 &amp; org.hibernate.cache.spi.access.AccessType#READ_ONLY &amp; org.hibernate.test.hql.ASTParserLoadingOrderByTest &amp; org.hibernate.LockMode#UPGRADE &amp; org.hibernate.test.jdbc.env.DefaultSchemaNameResolverTest#SCHEMA_NAME &amp; java.util.Locale#ROOT &amp; org.hibernate.test.util.StringHelperTest#STRING_HELPER_NAME &amp; org.hibernate.test.util.SerializationHelperTest &amp; org.hibernate.engine.spi.Status#READ_ONLY &amp; org.hibernate.engine.spi.Status#DELETED &amp; org.hibernate.engine.spi.Status#GONE &amp; org.hibernate.test.event.entity.MergeListPreAndPostPersistTest#addEntityListeners(org.hibernate.test.event.entity.MergeListPreAndPostPersistTest.Order)#0 &amp; org.hibernate.test.event.entity.MergeListPreAndPostPersistWithIdentityTest#addEntityListeners(org.hibernate.test.event.entity.MergeListPreAndPostPersistWithIdentityTest.Order)#0 &amp; org.hibernate.test.event.collection.detached.DetachedMultipleCollectionChangeTest#checkListener(org.hibernate.test.event.collection.detached.MultipleCollectionListeners, org.hibernate.test.event.collection.detached.MultipleCollectionListeners.Listener, org.hibernate.test.event.collection.Entity, java.util.List, int)#2 &amp; org.hibernate.test.event.collection.detached.DetachedMultipleCollectionChangeTest#checkListener(org.hibernate.test.event.collection.detached.MultipleCollectionListeners, org.hibernate.test.event.collection.detached.MultipleCollectionListeners.Listener, org.hibernate.test.event.collection.Entity, java.util.List, int)#3 &amp; org.hibernate.id.enhanced.SequenceStyleGenerator#DEF_SEQUENCE_SUFFIX &amp; org.hibernate.test.legacy.SQLLoaderTest#check(org.hibernate.test.legacy.CompositeIdId, org.hibernate.test.legacy.CompositeIdId)#0 &amp; org.hibernate.test.dialect.unit.lockhint.AbstractLockHintTest.SyntaxChecker &amp; org.hibernate.test.locking.LockModeTest#checkLockMode(java.lang.Object, org.hibernate.LockMode, org.hibernate.Session)#1 &amp; org.hibernate.test.bytecode.enhancement.basic.GenericReturnValueMappedSuperclassEnhancementTest.SimpleEntity.Type#ONE &amp; org.hibernate.LockMode#WRITE &amp; org.hibernate.resource.transaction.spi.TransactionStatus#NOT_ACTIVE &amp; org.hibernate.resource.transaction.spi.TransactionStatus#ACTIVE &amp; org.hibernate.resource.transaction.spi.TransactionStatus#MARKED_ROLLBACK &amp; org.hibernate.test.readonly.ReadOnlyCriteriaQueryTest#checkProxyReadOnly(org.hibernate.Session, java.lang.Object, boolean)#2 &amp; org.hibernate.test.readonly.ReadOnlyProxyTest#checkReadOnly(org.hibernate.Session, java.lang.Object, boolean)#2 &amp; org.hibernate.test.converter.map.ColorType &amp; org.hibernate.test.converter.map.MapKeyAttributeConverterTest.EnumMapKey#VALUE_1 &amp; org.hibernate.test.converter.map.MapKeyAttributeConverterTest.EnumMapKey#VALUE_2 &amp; org.hibernate.test.converter.map.MapKeyAttributeConverterTest.ImplicitEnumMapKey#VALUE_2 &amp; org.hibernate.test.converter.map.MapKeyAttributeConverterTest.ImplicitEnumMapKey#VALUE_1 &amp; org.hibernate.test.converter.literal.QueryLiteralTest.Letter#B &amp; org.hibernate.test.converter.literal.QueryLiteralTest.Letter#C &amp; org.hibernate.test.converter.literal.QueryLiteralTest.Numbers#THREE &amp; org.hibernate.test.converter.literal.QueryLiteralTest.Numbers#TWO &amp; org.hibernate.test.converter.NullHandlingTests.Sex#UNKNOWN &amp; org.hibernate.test.dirtiness.CustomDirtinessStrategyTest#SUBSEQUENT_NAME &amp; org.hibernate.test.converter.AttributeConverterTest.ConvertibleEnum#VALUE &amp; org.hibernate.test.dirtiness.CustomDirtinessStrategyTest#INITIAL_NAME &amp; org.hibernate.loader.plan.spi.LoadPlan.Disposition#ENTITY_LOADER &amp; org.hibernate.test.timestamp.JdbcTimeCustomTimeZoneTest#TIME_ZONE &amp; org.hibernate.test.timestamp.JdbcTimestampCustomTimeZoneTest#TIME_ZONE &amp; org.hibernate.test.timestamp.JdbcTimestampCustomSessionLevelTimeZoneTest#TIME_ZONE &amp; org.hibernate.test.batchfetch.BatchFetchNotFoundIgnoreDefaultStyleTest#checkInBatchFetchQueue(long, org.hibernate.Session, boolean)#2 &amp; org.hibernate.test.querycache.AbstractQueryCacheResultTransformerTest &amp; org.hibernate.test.annotations.id.generationmappings.MinimalSequenceEntity#SEQ_NAME &amp; org.hibernate.test.annotations.id.generationmappings.MinimalTableEntity#TBL_NAME &amp; org.hibernate.id.enhanced.TableGenerator#DEF_SEGMENT_COLUMN &amp; org.hibernate.id.enhanced.TableGenerator#DEF_VALUE_COLUMN &amp; org.hibernate.test.annotations.id.generationmappings.DedicatedSequenceEntity1#SEQUENCE_SUFFIX &amp; org.hibernate.test.annotations.id.generationmappings.DedicatedSequenceEntity2#ENTITY_NAME &amp; org.hibernate.test.annotations.lob.locator.LobLocatorTest#checkState(byte[], java.lang.String, java.lang.Integer, org.hibernate.test.annotations.lob.locator.LobHolder)#2 &amp; org.hibernate.test.annotations.lob.locator.LobLocatorTest#checkState(byte[], java.lang.String, java.lang.Integer, org.hibernate.test.annotations.lob.locator.LobHolder)#1 &amp; org.hibernate.type.MaterializedBlobType#INSTANCE &amp; javax.persistence.FetchType#EAGER &amp; javax.persistence.FetchType#LAZY &amp; javax.persistence.TemporalType#DATE &amp; javax.persistence.EnumType#STRING &amp; javax.persistence.CascadeType#ALL &amp; javax.persistence.CascadeType#REMOVE &amp; javax.persistence.CascadeType#REFRESH &amp; javax.persistence.CascadeType#DETACH &amp; javax.persistence.CascadeType#PERSIST &amp; javax.persistence.AccessType#PROPERTY &amp; javax.persistence.CascadeType#MERGE &amp; org.hibernate.test.annotations.array.Contest.Month#January &amp; org.hibernate.test.annotations.entity.Starred#OK &amp; org.hibernate.test.annotations.entity.Starred#GOOD &amp; org.hibernate.test.annotations.generics.State#DORMANT &amp; org.hibernate.test.annotations.embedded.Leg.Frequency#SEMIANNUALLY &amp; org.hibernate.test.annotations.embedded.Leg.Frequency#QUARTERLY &amp; org.hibernate.test.annotations.embedded.Leg.Frequency#MONTHLY &amp; org.hibernate.test.annotations.embedded.FloatLeg.RateIndex#LIBOR &amp; org.hibernate.test.annotations.embedded.FloatLeg.RateIndex#TIBOR &amp; org.hibernate.test.annotations.enumerated.custom_mapkey.MapKeyCustomEnumTypeTest#assetTypeDefinition(org.hibernate.mapping.Property, java.lang.Class, java.lang.Class)#1 &amp; org.hibernate.test.annotations.manytomany.defaults.ManyToManyImplicitNamingTest#checkDefaultJoinTablAndJoinColumnNames(java.lang.Class, java.lang.String, java.lang.String, java.lang.String, java.lang.String, java.lang.String)#3 &amp; org.hibernate.test.annotations.manytomany.defaults.ManyToManyImplicitNamingTest#checkDefaultJoinTablAndJoinColumnNames(java.lang.Class, java.lang.String, java.lang.String, java.lang.String, java.lang.String, java.lang.String)#4 &amp; org.hibernate.test.annotations.manytomany.defaults.ManyToManyImplicitNamingTest#checkDefaultJoinTablAndJoinColumnNames(java.lang.Class, java.lang.String, java.lang.String, java.lang.String, java.lang.String, java.lang.String)#5 &amp; org.hibernate.test.annotations.enumerated.enums.Common#A2 &amp; org.hibernate.test.annotations.enumerated.enums.Common#B1 &amp; org.hibernate.test.annotations.enumerated.enums.FirstLetter#C_LETTER &amp; org.hibernate.test.annotations.enumerated.enums.LastNumber#NUMBER_1 &amp; org.hibernate.test.annotations.enumerated.enums.LastNumber#NUMBER_2 &amp; org.hibernate.test.annotations.enumerated.enums.Common#A1 &amp; org.hibernate.test.annotations.enumerated.enums.Common#B2 &amp; org.hibernate.test.annotations.enumerated.enums.FirstLetter#A_LETTER &amp; org.hibernate.test.annotations.enumerated.enums.LastNumber#NUMBER_3 &amp; javax.persistence.GenerationType#SEQUENCE &amp; javax.persistence.TemporalType#TIMESTAMP &amp; org.hibernate.test.annotations.collectionelement.ordered.ElementCollectionSortingTest#checkSQLOrderBy(org.hibernate.Session, java.lang.String, java.lang.String, java.lang.String)#2 &amp; org.hibernate.test.annotations.collectionelement.ordered.ElementCollectionSortingTest#checkSQLOrderBy(org.hibernate.Session, java.lang.String, java.lang.String, java.lang.String)#3 &amp; org.hibernate.test.annotations.collectionelement.ordered.ElementCollectionSortingTest#checkPersonNickNames(java.util.List, java.util.List, org.hibernate.test.annotations.collectionelement.ordered.Person)#0 &amp; org.hibernate.test.annotations.collectionelement.ordered.ElementCollectionSortingTest#checkPersonNickNames(java.util.List, java.util.List, org.hibernate.test.annotations.collectionelement.ordered.Person)#1 &amp; org.hibernate.test.annotations.collectionelement.DefaultNamingCollectionElementTest#checkDefaultCollectionTableName(java.lang.Class, java.lang.String, java.lang.String)#2 &amp; org.hibernate.test.annotations.collectionelement.DefaultNamingCollectionElementTest#checkDefaultJoinColumnName(java.lang.Class, java.lang.String, java.lang.String)#2 &amp; org.hibernate.test.multitenancy.schema.CurrentTenantResolverMultiTenancyTest#newSession(java.lang.String)#0 &amp; org.hibernate.cfg.Ejb3DiscriminatorColumn#DEFAULT_DISCRIMINATOR_TYPE &amp; org.hibernate.cfg.Ejb3DiscriminatorColumn#DEFAULT_DISCRIMINATOR_COLUMN_NAME &amp; org.hibernate.test.namingstrategy.components.ComponentNamingStrategyForJoinColumnTest#checkDefaultJoinTableAndAllColumnNames(org.hibernate.boot.Metadata, java.lang.Class, java.lang.String, java.lang.String, java.lang.String, java.lang.String[])#3 &amp; org.hibernate.test.namingstrategy.components.ComponentNamingStrategyForJoinColumnTest#checkDefaultJoinTableAndAllColumnNames(org.hibernate.boot.Metadata, java.lang.Class, java.lang.String, java.lang.String, java.lang.String, java.lang.String[])#4 &amp; org.hibernate.test.namingstrategy.components.ComponentNamingStrategyForJoinColumnTest#checkDefaultJoinTableAndAllColumnNames(org.hibernate.boot.Metadata, java.lang.Class, java.lang.String, java.lang.String, java.lang.String, java.lang.String[])#5 &amp; org.hibernate.boot.jaxb.SourceType#INPUT_STREAM &amp; org.hibernate.engine.spi.Status#MANAGED &amp; org.hibernate.LockMode#PESSIMISTIC_READ &amp; org.hibernate.engine.spi.SortedExecutableListTest &amp; org.hibernate.engine.spi.NonSortedExecutableListTest &amp; org.hibernate.dialect.resolver.DialectResolverTest#testDetermination(org.hibernate.engine.jdbc.dialect.spi.DialectResolver, java.lang.String, int, java.lang.Class)#3 &amp; org.hibernate.dialect.resolver.DialectFactoryTest#testDetermination(java.lang.String, java.lang.String, int, int, java.lang.Class, org.hibernate.engine.jdbc.dialect.spi.DialectResolver)#4 &amp; org.hibernate.type.StandardBasicTypes#TIMESTAMP &amp; org.hibernate.dialect.LegacyLimitHandlerTestCase#assertLimitHandlerEquals(java.lang.String)#0 &amp; org.hibernate.type.StandardBasicTypes#DATE &amp; org.hibernate.dialect.InformixLimitHandlerTestCase#assertLimitHandlerEquals(java.lang.String, int, int)#0 &amp; java.lang.Integer#MAX_VALUE &amp; java.lang.Long#MAX_VALUE &amp; org.hibernate.internal.MaskSensitiveInformationTest#EXPECTED_MASKED_VALUE &amp; org.hibernate.internal.util.ReflectHelperTest.Status#ON &amp; org.hibernate.internal.util.hib3rnat3.C0nst4nts३#ABC_DEF &amp; org.hibernate.internal.util.ReflectHelperTest.Status#OFF &amp; org.vibur.dbcp.stcache.StatementHolder.State#AVAILABLE &amp; org.hibernate.envers.test.integration.ids.embeddedid.RelationInsideEmbeddableNotAuditedTest &amp; org.hibernate.envers.test.integration.proxy.ProxyIdentifier &amp; org.hibernate.envers.test.integration.query.MaximalizePropertyQuery#checkRevisionData(java.lang.Object[], int, org.hibernate.envers.RevisionType, org.hibernate.envers.test.entities.StrIntTestEntity)#3 &amp; org.hibernate.envers.test.integration.query.MaximalizePropertyQuery#checkRevisionData(java.lang.Object[], int, org.hibernate.envers.RevisionType, org.hibernate.envers.test.entities.StrIntTestEntity)#2 &amp; org.hibernate.envers.RevisionType#ADD &amp; org.hibernate.envers.test.integration.strategy.IdentifierReuseTest#saveUpdateAndRemoveEntity(javax.persistence.EntityManager, java.lang.Integer)#1 &amp; org.hibernate.envers.test.integration.onetomany.embeddedid.MapsIdTest &amp; org.hibernate.envers.test.entities.reventity.trackmodifiedentities.ExtendedRevisionListener#COMMENT_VALUE &amp; org.hibernate.envers.test.integration.accesstype.ImmutableClassAccessType &amp; java.util.Collections#EMPTY_MAP &amp; org.hibernate.envers.test.integration.collection.EntitySameMapKeyMultiMapValueTest.SomeEntity.Status#A &amp; org.hibernate.envers.test.integration.collection.EntitySameMapKeyMultiMapValueTest.SomeEntity.Status#B &amp; org.hibernate.envers.test.integration.components.PropertiesGroupTest &amp; org.hibernate.envers.test.integration.customtype.ExtendedEnumTypeTest.Widget.Status#DRAFT &amp; org.hibernate.envers.test.integration.customtype.ExtendedEnumTypeTest.Widget.Status#ARCHIVED &amp; org.hibernate.envers.test.integration.manytomany.MappedByEmbeddableAttributeTest &amp; org.hibernate.envers.test.integration.manytomany.CustomComparatorEntityTest#checkStrTestEntity(org.hibernate.envers.test.entities.StrTestEntity, java.lang.Integer, java.lang.String)#1 &amp; org.hibernate.envers.test.integration.manytomany.CustomComparatorEntityTest#checkStrTestEntity(org.hibernate.envers.test.entities.StrTestEntity, java.lang.Integer, java.lang.String)#2 &amp; org.hibernate.envers.test.integration.inheritance.mixed.MixedInheritanceStrategiesEntityTest &amp; org.hibernate.envers.test.integration.inheritance.joined.relation.ParentReferencingChildTest &amp; org.hibernate.envers.test.integration.inheritance.single.discriminatorformula.ParentEntity#DISCRIMINATOR_QUERY &amp; org.hibernate.envers.test.integration.inheritance.single.discriminatorformula.DiscriminatorFormulaTest &amp; org.hibernate.envers.test.integration.multiplerelations.GroupMemberTest&quot;, &quot;actual := javax.persistence.FlushModeType#AUTO &amp; org.hibernate.test.hql.ASTParserLoadingOrderByTest#checkTestOrderByResult(java.lang.Object, org.hibernate.test.hql.Zoo, java.util.Set)#0 &amp; org.hibernate.test.legacy.SQLLoaderTest#check(org.hibernate.test.legacy.CompositeIdId, org.hibernate.test.legacy.CompositeIdId)#1 &amp; org.hibernate.test.bytecode.enhancement.tracker.CompositeOwnerTrackerTest.TestCompositeOwner#$$_hibernate_trackChange(java.lang.String)#0 &amp; org.hibernate.test.bytecode.BeanReflectionHelper#TEST_VALUES &amp; org.hibernate.test.annotations.enumerated.enums.Trimmed#A &amp; org.hibernate.test.annotations.enumerated.enums.Trimmed#B &amp; org.hibernate.test.namingstrategy.complete.LegacyJpaNamingWithHbmBindingTests#validateCustomerPrimaryTableName(java.lang.String)#0 &amp; org.hibernate.test.namingstrategy.complete.LegacyJpaNamingWithAnnotationBindingTests#validateCustomerPrimaryTableName(java.lang.String)#0 &amp; org.hibernate.test.namingstrategy.complete.LegacyJpaNamingWithHbmBindingTests#validateOrderPrimaryTableName(java.lang.String)#0 &amp; org.hibernate.test.namingstrategy.complete.LegacyJpaNamingWithAnnotationBindingTests#validateOrderPrimaryTableName(java.lang.String)#0 &amp; org.hibernate.test.namingstrategy.complete.LegacyJpaNamingWithHbmBindingTests#validateZipCodePrimaryTableName(java.lang.String)#0 &amp; org.hibernate.test.namingstrategy.complete.LegacyJpaNamingWithAnnotationBindingTests#validateZipCodePrimaryTableName(java.lang.String)#0 &amp; org.hibernate.test.namingstrategy.complete.LegacyJpaNamingWithHbmBindingTests#validateCustomerRegisteredTrademarksTableName(java.lang.String)#0 &amp; org.hibernate.test.namingstrategy.complete.LegacyJpaNamingWithHbmBindingTests#validateCustomerAddressesTableName(java.lang.String)#0 &amp; org.hibernate.test.namingstrategy.complete.LegacyJpaNamingWithAnnotationBindingTests#validateCustomerRegisteredTrademarksTableName(java.lang.String)#0 &amp; org.hibernate.test.namingstrategy.complete.LegacyJpaNamingWithAnnotationBindingTests#validateCustomerAddressesTableName(java.lang.String)#0 &amp; org.hibernate.test.namingstrategy.complete.LegacyJpaNamingWithHbmBindingTests#validateCustomerOrdersTableName(java.lang.String)#0 &amp; org.hibernate.test.namingstrategy.complete.LegacyJpaNamingWithHbmBindingTests#validateCustomerIndustriesTableName(java.lang.String)#0 &amp; org.hibernate.test.namingstrategy.complete.LegacyJpaNamingWithAnnotationBindingTests#validateCustomerOrdersTableName(java.lang.String)#0 &amp; org.hibernate.test.namingstrategy.complete.LegacyJpaNamingWithAnnotationBindingTests#validateCustomerIndustriesTableName(java.lang.String)#0 &amp; org.hibernate.boot.jaxb.SourceType#FILE &amp; org.hibernate.boot.jaxb.SourceType#RESOURCE &amp; org.hibernate.boot.jaxb.SourceType#URL &amp; org.hibernate.envers.RevisionType#ADD &amp; org.hibernate.envers.RevisionType#MOD &amp; org.hibernate.envers.RevisionType#DEL &amp; org.hibernate.envers.test.integration.query.MaximalizePropertyQuery#checkRevisionData(java.lang.Object[], int, org.hibernate.envers.RevisionType, org.hibernate.envers.test.entities.StrIntTestEntity)#0 &amp; org.hibernate.envers.test.integration.manytoone.DetachedUpdateTest &amp; org.hibernate.envers.test.integration.accesstype.ImmutableClassAccessType&quot; }"/>
        </annotation>
    </item>
    <item name='org.junit.Assert void assertEquals(java.lang.String, double, double)'>
        <annotation name='com.intellij.inspections.tainted.annotation.equation.Equations'>
            <val val="{ &quot;expected := #assertEquals(double, double)#0&quot;, &quot;actual := #assertEquals(double, double)#1&quot; }"/>
        </annotation>
    </item>
    <item name='org.junit.Assert void assertEquals(java.lang.String, double, double, double)'>
        <annotation name='com.intellij.inspections.tainted.annotation.equation.Equations'>
            <val val="{ &quot;actual := #assertEquals(double, double, double)#1&quot;, &quot;expected := #assertEquals(double, double, double)#0&quot;, &quot;delta := #assertEquals(double, double, double)#2&quot; }"/>
        </annotation>
    </item>
    <item name='org.junit.Assert void assertEquals(java.lang.String, float, float, float)'>
        <annotation name='com.intellij.inspections.tainted.annotation.equation.Equations'>
            <val val="{ &quot;expected := #assertEquals(float, float, float)#0&quot;, &quot;delta := #assertEquals(float, float, float)#2&quot;, &quot;actual := #assertEquals(float, float, float)#1&quot; }"/>
        </annotation>
    </item>
    <item name='org.junit.Assert void assertEquals(java.lang.String, java.lang.Object, java.lang.Object)'>
        <annotation name='com.intellij.inspections.tainted.annotation.equation.Equations'>
            <val val="{ &quot;expected := org.hibernate.jpamodelgen.test.util.TestUtil#assertAttributeTypeInMetaModelFor(java.lang.Class, java.lang.String, java.lang.Class, java.lang.String)#2 &amp; org.hibernate.jpamodelgen.test.util.TestUtil#assertAttributeTypeInMetaModelFor(java.lang.Class, java.lang.String, java.lang.reflect.Type, java.lang.String)#2 &amp; org.hibernate.jpamodelgen.test.util.TestUtil#assertMapAttributesInMetaModelFor(java.lang.Class, java.lang.String, java.lang.Class, java.lang.Class, java.lang.String)#2 &amp; org.hibernate.jpamodelgen.test.util.TestUtil#assertMapAttributesInMetaModelFor(java.lang.Class, java.lang.String, java.lang.Class, java.lang.Class, java.lang.String)#3 &amp; org.hibernate.jpamodelgen.test.util.TestUtil#assertCollectionAttributeTypeInMetaModelFor(java.lang.Class, java.lang.String, java.lang.Class, java.lang.Class, java.lang.String)#2 &amp; org.hibernate.jpamodelgen.test.util.TestUtil#assertCollectionAttributeTypeInMetaModelFor(java.lang.Class, java.lang.String, java.lang.Class, java.lang.Class, java.lang.String)#3 &amp; #assertEquals(java.lang.Object, java.lang.Object)#0 &amp; org.hibernate.loader.plan.spi.QuerySpace.Disposition#ENTITY &amp; org.hibernate.test.hql.HQLTest#assertInExist(java.lang.String, boolean, org.hibernate.hql.internal.ast.QueryTranslatorImpl)#1 &amp; org.hibernate.type.DoubleType#INSTANCE &amp; org.hibernate.type.CalendarDateType#INSTANCE &amp; org.hibernate.type.LongType#INSTANCE &amp; org.hibernate.type.BigIntegerType#INSTANCE &amp; org.hibernate.type.BigDecimalType#INSTANCE &amp; org.hibernate.test.hql.QueryTranslatorTestCase#assertSQLEquals(java.lang.String, java.lang.String, java.lang.String)#1 &amp; org.hibernate.test.bytecode.ReflectionOptimizerTest#assertEquivalent(java.lang.Object[], java.lang.Object[])#0 &amp; org.hibernate.test.annotations.various.TimestampTest#assertTimestampSource(java.lang.Class, java.lang.Class)#1 &amp; javax.persistence.InheritanceType#JOINED &amp; org.hibernate.envers.test.integration.collection.embeddable.EmbeddableList2 &amp; org.hibernate.spatial.dialect.postgis.PostgisUnmarshalTest#testCase(java.lang.String, org.geolatte.geom.Geometry)#1 &amp; org.hibernate.spatial.testing.SpatialFunctionalTestCase#compare(java.lang.Integer, java.lang.Object, java.lang.Object, java.lang.String)#1&quot;, &quot;message := org.hibernate.test.hql.HQLTest#assertInExist(java.lang.String, boolean, org.hibernate.hql.internal.ast.QueryTranslatorImpl)#0 &amp; org.hibernate.test.hql.QueryTranslatorTestCase#assertSQLEquals(java.lang.String, java.lang.String, java.lang.String)#0 &amp; org.hibernate.test.annotations.dataTypes.BasicOperationsTest.ValidateSomeEntityColumns#validateColumn(java.sql.Connection, java.lang.String, int)#1 &amp; org.hibernate.spatial.testing.SpatialFunctionalTestCase#compare(java.lang.Integer, java.lang.Object, java.lang.Object, java.lang.String)#0&quot;, &quot;actual := #assertEquals(java.lang.Object, java.lang.Object)#1 &amp; org.hibernate.test.hql.QueryTranslatorTestCase#assertSQLEquals(java.lang.String, java.lang.String, java.lang.String)#2 &amp; org.hibernate.test.bytecode.ReflectionOptimizerTest#assertEquivalent(java.lang.Object[], java.lang.Object[])#1 &amp; org.hibernate.spatial.testing.SpatialFunctionalTestCase#compare(java.lang.Integer, java.lang.Object, java.lang.Object, java.lang.String)#2&quot; }"/>
        </annotation>
    </item>
    <item name='org.junit.Assert void assertEquals(java.lang.String, long, long)'>
        <annotation name='com.intellij.inspections.tainted.annotation.equation.Equations'>
            <val val="{ &quot;message := org.hibernate.test.hql.ASTParserLoadingTest#checkCounts(java.lang.String, int, java.lang.String)#2 &amp; org.hibernate.test.annotations.onetoone.OneToOneTest.JoinCounter#onPrepareStatement(java.lang.String)#0 &amp; org.hibernate.test.hqlfetchscroll.HQLScrollFetchTest#assertResultFromOneUser(org.hibernate.test.hqlfetchscroll.Parent)#0&quot;, &quot;actual := #assertEquals(long, long)#1 &amp; org.hibernate.jpa.test.Cat &amp; org.hibernate.test.events.CallbackTest&quot;, &quot;expected := #assertEquals(long, long)#0 &amp; org.hibernate.jpa.test.Cat &amp; org.hibernate.test.hql.ASTParserLoadingTest#checkCounts(java.lang.String, int, java.lang.String)#1 &amp; org.hibernate.test.lob.LobMergeTest#LOB_SIZE &amp; org.hibernate.test.ops.AbstractOperationTestCase#assertInsertCount(int)#0 &amp; org.hibernate.test.ops.AbstractOperationTestCase#assertUpdateCount(int)#0 &amp; org.hibernate.test.ops.AbstractOperationTestCase#assertDeleteCount(int)#0 &amp; org.hibernate.test.cascade.circle.MultiPathCircleCascadeTest#assertInsertCount(int)#0 &amp; org.hibernate.test.cascade.circle.MultiPathCircleCascadeTest#assertUpdateCount(int)#0 &amp; org.hibernate.test.cascade.circle.MultiPathCircleCascadeTest#assertDeleteCount(int)#0 &amp; org.hibernate.test.readonly.AbstractReadOnlyTest#assertInsertCount(int)#0 &amp; org.hibernate.test.readonly.AbstractReadOnlyTest#assertUpdateCount(int)#0 &amp; org.hibernate.test.readonly.AbstractReadOnlyTest#assertDeleteCount(int)#0 &amp; org.hibernate.test.immutable.entitywithmutablecollection.AbstractEntityWithManyToManyTest#assertInsertCount(int)#0 &amp; org.hibernate.test.immutable.entitywithmutablecollection.AbstractEntityWithManyToManyTest#assertUpdateCount(int)#0 &amp; org.hibernate.test.immutable.entitywithmutablecollection.AbstractEntityWithManyToManyTest#assertDeleteCount(int)#0 &amp; org.hibernate.test.immutable.entitywithmutablecollection.AbstractEntityWithOneToManyTest#assertInsertCount(int)#0 &amp; org.hibernate.test.immutable.entitywithmutablecollection.AbstractEntityWithOneToManyTest#assertUpdateCount(int)#0 &amp; org.hibernate.test.immutable.entitywithmutablecollection.AbstractEntityWithOneToManyTest#assertDeleteCount(int)#0 &amp; org.hibernate.test.immutable.ImmutableTest#assertInsertCount(int)#0 &amp; org.hibernate.test.immutable.ImmutableTest#assertUpdateCount(int)#0 &amp; org.hibernate.test.immutable.ImmutableTest#assertDeleteCount(int)#0 &amp; org.hibernate.test.querycache.AbstractQueryCacheResultTransformerTest#assertInsertCount(int)#0 &amp; org.hibernate.test.querycache.AbstractQueryCacheResultTransformerTest#assertUpdateCount(int)#0 &amp; org.hibernate.test.querycache.AbstractQueryCacheResultTransformerTest#assertDeleteCount(int)#0 &amp; org.hibernate.test.annotations.onetoone.OneToOneTest.JoinCounter &amp; org.hibernate.test.annotations.dataTypes.BasicOperationsTest.ValidateRowCount&quot; }"/>
        </annotation>
    </item>
    <item name='org.junit.Assert void assertEquals(long, long)'>
        <annotation name='com.intellij.inspections.tainted.annotation.equation.Equations'>
            <val val="{ &quot;actual := org.hibernate.jpa.test.cdi.BasicCdiTest &amp; org.hibernate.jpa.test.xml.CounterListener &amp; org.hibernate.boot.archive.internal.ArchiveHelper &amp; org.hibernate.test.tm.AfterCompletionTest.AfterCallbackCompletionHandler &amp; org.hibernate.test.events.ClearEventListenerTest &amp; org.hibernate.test.bytecode.enhancement.tracker.CompositeOwnerTrackerTest &amp; org.hibernate.test.dirtiness.CustomDirtinessStrategyTest.Strategy#INSTANCE &amp; org.hibernate.test.collection.custom.basic.MyListType &amp; org.hibernate.test.querycache.AbstractQueryCacheResultTransformerTest &amp; java.sql.Types#SMALLINT &amp; org.hibernate.envers.test.integration.reventity.CountingRevisionListener&quot;, &quot;expected := org.hibernate.jpa.test.ops.MergeTest#assertInsertCount(int)#0 &amp; org.hibernate.jpa.test.ops.MergeTest#assertUpdateCount(int)#0 &amp; org.hibernate.jpa.test.ops.PersistTest#assertInsertCount(int)#0 &amp; org.hibernate.jpa.test.ops.GetLoadTest#assertFetchCount(int)#0 &amp; org.hibernate.jpa.test.ops.PersistTest#assertUpdateCount(int)#0 &amp; java.lang.Integer#MAX_VALUE &amp; org.hibernate.jpa.test.packaging.JarVisitorTest &amp; org.hibernate.boot.archive.internal.ArchiveHelper &amp; org.hibernate.stat.internal.QueryPlanCacheStatisticsTest#assertQueryStatistics(java.lang.String, int)#1 &amp; java.lang.Long#MAX_VALUE &amp; javax.transaction.Status#STATUS_NO_TRANSACTION &amp; org.hibernate.test.hql.SelectNewEmbeddedIdTest#assertQueryRowCount(java.lang.String, int)#1 &amp; org.hibernate.test.hql.HibernateFirstResultMaxResultsTest#checkResults(java.util.List, int, int)#1 &amp; org.hibernate.test.lob.LongStringTest#LONG_STRING_SIZE &amp; org.hibernate.test.lob.BlobLocatorTest#BLOB_SIZE &amp; org.hibernate.test.lob.LongByteArrayTest#ARRAY_SIZE &amp; org.hibernate.test.lob.ClobLocatorTest#CLOB_SIZE &amp; org.hibernate.test.ops.GetLoadTest#assertFetchCount(int)#0 &amp; org.hibernate.test.ops.SaveOrUpdateTest#assertInsertCount(int)#0 &amp; org.hibernate.test.ops.SaveOrUpdateTest#assertUpdateCount(int)#0 &amp; org.hibernate.test.hql.ASTParserLoadingTest#assertResultSize(java.lang.String, int)#1 &amp; org.hibernate.test.event.collection.detached.DetachedMultipleCollectionChangeTest#checkEventCount(org.hibernate.test.event.collection.detached.MultipleCollectionListeners, int)#1 &amp; org.hibernate.test.event.collection.BrokenCollectionEventTest#checkNumberOfResults(org.hibernate.test.event.collection.CollectionListeners, int)#1 &amp; org.hibernate.test.event.collection.AbstractCollectionEventTest#checkNumberOfResults(org.hibernate.test.event.collection.CollectionListeners, int)#1 &amp; org.hibernate.test.cascade.MultiPathCascadeTest#verifyModifications(long)#0 &amp; org.hibernate.test.lazyload.LazyLoadingTest#CHILDREN_SIZE &amp; org.hibernate.test.lazyload.JtaLazyLoadingTest#CHILDREN_SIZE &amp; org.hibernate.test.lazyload.AtomikosJtaLazyLoadingTest#CHILDREN_SIZE &amp; javax.transaction.Status#STATUS_ACTIVE &amp; java.sql.Types#BLOB &amp; java.sql.Types#VARCHAR &amp; java.sql.Types#NVARCHAR &amp; java.sql.Types#CLOB &amp; org.hibernate.test.batchfetch.BatchFetchNotFoundIgnoreDefaultStyleTest#NUMBER_OF_EMPLOYEES &amp; org.hibernate.test.batchfetch.BatchFetchNotFoundIgnoreDefaultStyleTest &amp; org.hibernate.id.enhanced.SequenceStyleGenerator#DEFAULT_INITIAL_VALUE &amp; org.hibernate.id.enhanced.SequenceStyleGenerator#DEFAULT_INCREMENT_SIZE &amp; org.hibernate.test.annotations.lob.ImageTest#ARRAY_SIZE &amp; org.hibernate.test.annotations.lob.TextTest#LONG_STRING_SIZE &amp; org.hibernate.test.querycache.AbstractQueryCacheResultTransformerTest#assertEntityFetchCount(int)#0 &amp; org.hibernate.test.querycache.AbstractQueryCacheResultTransformerTest#assertCount(int)#0 &amp; org.hibernate.test.querycache.AbstractQueryCacheResultTransformerTest#assertHitCount(int)#0 &amp; org.hibernate.test.querycache.AbstractQueryCacheResultTransformerTest#assertMissCount(int)#0 &amp; org.hibernate.test.querycache.AbstractQueryCacheResultTransformerTest#assertPutCount(int)#0 &amp; org.hibernate.test.typedescriptor.ByteTest#TEST_VALUE &amp; java.lang.Byte#MIN_VALUE &amp; java.lang.Byte#MAX_VALUE &amp; org.hibernate.event.internal.MergeContextTest#checkCacheConsistency(org.hibernate.event.internal.MergeContext, int)#1 &amp; org.hibernate.envers.test.integration.query.MaximalizePropertyQuery#checkRevisionData(java.lang.Object[], int, org.hibernate.envers.RevisionType, org.hibernate.envers.test.entities.StrIntTestEntity)#1 &amp; org.hibernate.testing.jdbc.SQLStatementInterceptor#assertExecutedCount(int)#0 &amp; java.sql.Connection#TRANSACTION_SERIALIZABLE &amp; org.jboss.as.jpa.hibernate5.scan.ScannerTests&quot; }"/>
        </annotation>
    </item>
    <item name='org.junit.Assert void assertFalse(boolean)'>
        <annotation name='com.intellij.inspections.tainted.annotation.equation.Equations'>
            <val val="{ &quot;condition := org.hibernate.test.type.descriptor.java.BlobDescriptorTest &amp; org.hibernate.test.type.descriptor.java.AbstractDescriptorTest &amp; org.hibernate.test.type.TypeTest#runBasicTests(org.hibernate.type.AbstractSingleColumnStandardBasicType, java.lang.Object, java.lang.Object, java.lang.Object)#1 &amp; org.hibernate.test.type.TypeTest#runBasicTests(org.hibernate.type.AbstractSingleColumnStandardBasicType, java.lang.Object, java.lang.Object, java.lang.Object)#2 &amp; org.hibernate.test.flush.TestCollectionInitializingDuringFlush.InitializingPreUpdateEventListener#INSTANCE &amp; org.hibernate.test.immutable.entitywithmutablecollection.AbstractEntityWithManyToManyTest &amp; org.hibernate.test.immutable.entitywithmutablecollection.AbstractEntityWithOneToManyTest &amp; org.hibernate.engine.spi.NonSortedExecutableListTest &amp; org.hibernate.engine.spi.SortedExecutableListTest&quot; }"/>
        </annotation>
    </item>
    <item name='org.junit.Assert void assertFalse(java.lang.String, boolean)'>
        <annotation name='com.intellij.inspections.tainted.annotation.equation.Equations'>
            <val val="{ &quot;condition := #assertFalse(boolean)#0&quot;, &quot;message := org.hibernate.test.annotations.indexcoll.IndexedCollectionTest#isNotDefaultKeyColumnPresent(java.lang.String, java.lang.String, java.lang.String)#1 &amp; org.hibernate.test.annotations.indexcoll.IndexedCollectionTest#isNotDefaultKeyColumnPresent(java.lang.String, java.lang.String, java.lang.String)#2&quot; }"/>
        </annotation>
    </item>
    <item name='org.junit.Assert void assertNotEquals(java.lang.Object, java.lang.Object)'>
        <annotation name='com.intellij.inspections.tainted.annotation.equation.Equations'>
            <val val="{ &quot;unexpected := org.hibernate.bytecode.enhance.spi.LazyPropertyInitializer#UNFETCHED_PROPERTY&quot;, &quot;actual := &quot; }"/>
        </annotation>
    </item>
    <item name='org.junit.Assert void assertNotEquals(java.lang.String, double, double, double)'>
        <annotation name='com.intellij.inspections.tainted.annotation.equation.Equations'>
            <val val="{ &quot;delta := #assertNotEquals(double, double, double)#2&quot;, &quot;actual := #assertNotEquals(double, double, double)#1&quot;, &quot;unexpected := #assertNotEquals(double, double, double)#0&quot; }"/>
        </annotation>
    </item>
    <item name='org.junit.Assert void assertNotEquals(java.lang.String, float, float, float)'>
        <annotation name='com.intellij.inspections.tainted.annotation.equation.Equations'>
            <val val="{ &quot;delta := #assertNotEquals(float, float, float)#2&quot;, &quot;unexpected := #assertNotEquals(float, float, float)#0&quot;, &quot;actual := #assertNotEquals(float, float, float)#1&quot; }"/>
        </annotation>
    </item>
    <item name='org.junit.Assert void assertNotEquals(java.lang.String, java.lang.Object, java.lang.Object)'>
        <annotation name='com.intellij.inspections.tainted.annotation.equation.Equations'>
            <val val="{ &quot;unexpected := #assertNotEquals(java.lang.Object, java.lang.Object)#0&quot;, &quot;actual := #assertNotEquals(java.lang.Object, java.lang.Object)#1&quot; }"/>
        </annotation>
    </item>
    <item name='org.junit.Assert void assertNotEquals(java.lang.String, long, long)'>
        <annotation name='com.intellij.inspections.tainted.annotation.equation.Equations'>
            <val val="{ &quot;message := &quot;, &quot;actual := #assertNotEquals(long, long)#1&quot;, &quot;unexpected := #assertNotEquals(long, long)#0&quot; }"/>
        </annotation>
    </item>
    <item name='org.junit.Assert void assertNotNull(java.lang.Object)'>
        <annotation name='com.intellij.inspections.tainted.annotation.equation.Equations'>
            <val val="{ &quot;object := org.hibernate.test.notfound.OptionalEagerNotFoundTest#checkResult(org.hibernate.test.notfound.OptionalEagerNotFoundTest.Person)#0 &amp; org.hibernate.test.notfound.OptionalEagerMappedByNotFoundTest#checkResult(org.hibernate.test.notfound.OptionalEagerMappedByNotFoundTest.Person)#0 &amp; org.hibernate.test.notfound.OptionalEagerRefNonPKNotFoundTest#checkIgnore(org.hibernate.test.notfound.OptionalEagerRefNonPKNotFoundTest.Person)#0 &amp; org.hibernate.test.notfound.OptionalEagerInEmbeddableNotFoundTest#checkIgnoreResult(org.hibernate.test.notfound.OptionalEagerInEmbeddableNotFoundTest.Person)#0 &amp; org.hibernate.test.component.empty.EmptyCompositeEquivalentToNullTest#checkEmptyCompositeTypeEquivalentToNull(java.lang.Object, java.lang.String, org.hibernate.engine.spi.SessionFactoryImplementor)#0 &amp; org.hibernate.test.readonly.ReadOnlySessionLazyNonLazyTest#checkObject(java.lang.Object, java.util.Set, java.util.Set, org.hibernate.Session)#0 &amp; org.hibernate.test.annotations.enumerated.custom_mapkey.MapKeyCustomEnumTypeTest#assertFindEntityMapEnum(org.hibernate.test.annotations.enumerated.custom_mapkey.EntityMapEnum, java.lang.String, java.lang.String, java.lang.Object, java.lang.String)#3 &amp; org.hibernate.graph.AbstractEntityGraphTest#assertBasicAttributes(javax.persistence.EntityGraph, java.lang.String...)#0 &amp; org.hibernate.graph.AbstractEntityGraphTest#assertBasicAttributes(javax.persistence.Subgraph, java.lang.String...)#0 &amp; org.hibernate.graph.AbstractEntityGraphTest#assertBasicAttributes(java.util.List, java.lang.String...)#0 &amp; org.hibernate.envers.test.integration.collection.DetachedMultipleCollectionChangeTest&quot; }"/>
        </annotation>
    </item>
    <item name='org.junit.Assert void assertNotNull(java.lang.String, java.lang.Object)'>
        <annotation name='com.intellij.inspections.tainted.annotation.equation.Equations'>
            <val val="{ &quot;object := org.hibernate.jpamodelgen.test.util.TestUtil#assertNoSourceFileGeneratedFor(java.lang.Class)#0 &amp; org.hibernate.jpamodelgen.test.util.TestUtil#getMetamodelClassFor(java.lang.Class)#0 &amp; #assertNotNull(java.lang.Object)#0 &amp; org.hibernate.test.hql.HQLTest#check(org.hibernate.engine.query.spi.ReturnMetadata, boolean, boolean)#0&quot;, &quot;message := org.hibernate.jpamodelgen.test.util.TestUtil#assertAttributeTypeInMetaModelFor(java.lang.Class, java.lang.String, java.lang.Class, java.lang.String)#1 &amp; org.hibernate.jpamodelgen.test.util.TestUtil#assertAttributeTypeInMetaModelFor(java.lang.Class, java.lang.String, java.lang.reflect.Type, java.lang.String)#1 &amp; org.hibernate.jpamodelgen.test.util.TestUtil#assertCollectionAttributeTypeInMetaModelFor(java.lang.Class, java.lang.String, java.lang.Class, java.lang.Class, java.lang.String)#1 &amp; org.hibernate.test.hql.QueryTranslatorTestCase#compileBadHql(java.lang.String, boolean)#0 &amp; org.hibernate.test.bytecode.enhancement.lazy.group.LazyGroupTest#assertLoaded(java.lang.Object, java.lang.String)#1 &amp; org.hibernate.test.bytecode.enhancement.lazy.group.SimpleLazyGroupUpdateTest#assertLoaded(java.lang.Object, java.lang.String)#1 &amp; org.hibernate.test.annotations.xml.ejb3.Ejb3XmlTestCase#getContext(java.lang.String)#0 &amp; org.hibernate.test.annotations.reflection.JPAOverriddenAnnotationReaderTest#buildContext(java.lang.String)#0&quot; }"/>
        </annotation>
    </item>
    <item name='org.junit.Assert void assertNotSame(java.lang.Object, java.lang.Object)'>
        <annotation name='com.intellij.inspections.tainted.annotation.equation.Equations'>
            <val val="{ &quot;actual := &quot;, &quot;unexpected := org.hibernate.type.UUIDBinaryType#INSTANCE &amp; org.hibernate.type.descriptor.sql.VarcharTypeDescriptor#INSTANCE&quot; }"/>
        </annotation>
    </item>
    <item name='org.junit.Assert void assertNotSame(java.lang.String, java.lang.Object, java.lang.Object)'>
        <annotation name='com.intellij.inspections.tainted.annotation.equation.Equations'>
            <val val="{ &quot;actual := #assertNotSame(java.lang.Object, java.lang.Object)#1&quot;, &quot;unexpected := #assertNotSame(java.lang.Object, java.lang.Object)#0&quot; }"/>
        </annotation>
    </item>
    <item name='org.junit.Assert void assertNull(java.lang.Object)'>
        <annotation name='com.intellij.inspections.tainted.annotation.equation.Equations'>
            <val val="{ &quot;object := org.hibernate.test.notfound.OptionalEagerRefNonPKNotFoundTest#checkException(org.hibernate.test.notfound.OptionalEagerRefNonPKNotFoundTest.Person)#0&quot; }"/>
        </annotation>
    </item>
    <item name='org.junit.Assert void assertNull(java.lang.String, java.lang.Object)'>
        <annotation name='com.intellij.inspections.tainted.annotation.equation.Equations'>
            <val val="{ &quot;object := #assertNull(java.lang.Object)#0&quot;, &quot;message := org.hibernate.test.bytecode.enhancement.lazy.group.LazyGroupTest#assertNotLoaded(java.lang.Object, java.lang.String)#1 &amp; org.hibernate.test.bytecode.enhancement.lazy.group.SimpleLazyGroupUpdateTest#assertNotLoaded(java.lang.Object, java.lang.String)#1&quot; }"/>
        </annotation>
    </item>
    <item name='org.junit.Assert void assertSame(java.lang.Object, java.lang.Object)'>
        <annotation name='com.intellij.inspections.tainted.annotation.equation.Equations'>
            <val val="{ &quot;expected := org.hibernate.jpa.test.beanvalidation.ValidatorFactory2PhaseInjectionTest &amp; org.hibernate.engine.jdbc.NonContextualLobCreator#INSTANCE &amp; org.hibernate.type.UUIDBinaryType#INSTANCE &amp; org.hibernate.test.type.BasicTypeRegistryTest.SomeNoopType#INSTANCE &amp; org.hibernate.test.type.TypeTest#runBasicTests(org.hibernate.type.AbstractSingleColumnStandardBasicType, java.lang.Object, java.lang.Object, java.lang.Object)#2 &amp; org.hibernate.test.event.collection.detached.DetachedMultipleCollectionChangeTest#checkListener(org.hibernate.test.event.collection.detached.MultipleCollectionListeners, org.hibernate.test.event.collection.detached.MultipleCollectionListeners.Listener, org.hibernate.test.event.collection.Entity, java.util.List, int)#1 &amp; org.hibernate.test.event.collection.BrokenCollectionEventTest#checkResult(org.hibernate.test.event.collection.CollectionListeners, org.hibernate.test.event.collection.CollectionListeners.Listener, org.hibernate.test.event.collection.Entity, java.util.Collection, int)#1 &amp; org.hibernate.test.event.collection.BrokenCollectionEventTest#checkResult(org.hibernate.test.event.collection.CollectionListeners, org.hibernate.test.event.collection.CollectionListeners.Listener, org.hibernate.test.event.collection.Entity, java.util.Collection, int)#2 &amp; org.hibernate.test.event.collection.BrokenCollectionEventTest#checkResult(org.hibernate.test.event.collection.CollectionListeners, org.hibernate.test.event.collection.CollectionListeners.Listener, org.hibernate.test.event.collection.Entity, java.util.Collection, int)#3 &amp; org.hibernate.test.event.collection.AbstractCollectionEventTest#checkResult(org.hibernate.test.event.collection.CollectionListeners, org.hibernate.test.event.collection.CollectionListeners.Listener, org.hibernate.test.event.collection.Entity, java.util.Collection, int)#1 &amp; org.hibernate.test.event.collection.AbstractCollectionEventTest#checkResult(org.hibernate.test.event.collection.CollectionListeners, org.hibernate.test.event.collection.CollectionListeners.Listener, org.hibernate.test.event.collection.Entity, java.util.Collection, int)#2 &amp; org.hibernate.test.event.collection.AbstractCollectionEventTest#checkResult(org.hibernate.test.event.collection.CollectionListeners, org.hibernate.test.event.collection.CollectionListeners.Listener, org.hibernate.test.event.collection.Entity, java.util.Collection, int)#3 &amp; org.hibernate.test.cascade.circle.MultiPathCircleCascadeTest#checkResults(org.hibernate.test.cascade.circle.Route, boolean)#0 &amp; org.hibernate.type.RowVersionType#INSTANCE &amp; org.hibernate.test.bytecode.enhancement.basic.BasicEnhancementTest.ObjectAttributeMarkerInterceptor#WRITE_MARKER &amp; org.hibernate.test.bytecode.enhancement.basic.BasicEnhancementTest.ObjectAttributeMarkerInterceptor#READ_MARKER &amp; org.hibernate.test.readonly.ReadOnlyCriteriaQueryTest#checkProxyReadOnly(org.hibernate.Session, java.lang.Object, boolean)#0 &amp; org.hibernate.test.readonly.ReadOnlyProxyTest#checkReadOnly(org.hibernate.Session, java.lang.Object, boolean)#0 &amp; org.hibernate.type.descriptor.java.StringTypeDescriptor#INSTANCE &amp; org.hibernate.test.multitenancy.schema.TenantResolverConfigurationTest &amp; org.hibernate.type.StringType#INSTANCE &amp; org.hibernate.type.StringNVarcharType#INSTANCE &amp; org.hibernate.type.MaterializedClobType#INSTANCE &amp; org.hibernate.type.MaterializedNClobType#INSTANCE &amp; org.hibernate.type.NClobType#INSTANCE &amp; org.hibernate.type.NTextType#INSTANCE &amp; org.hibernate.type.CharacterArrayType#INSTANCE &amp; org.hibernate.type.CharacterType#INSTANCE &amp; org.hibernate.type.CharacterNCharType#INSTANCE &amp; org.hibernate.type.descriptor.sql.IntegerTypeDescriptor#INSTANCE &amp; org.hibernate.type.descriptor.sql.BlobTypeDescriptor#BLOB_BINDING &amp; org.hibernate.type.descriptor.sql.BlobTypeDescriptor#PRIMITIVE_ARRAY_BINDING &amp; org.hibernate.type.descriptor.sql.BlobTypeDescriptor#DEFAULT &amp; org.hibernate.type.descriptor.sql.VarcharTypeDescriptor#INSTANCE &amp; org.hibernate.FetchMode#JOIN &amp; org.hibernate.engine.FetchStyle#JOIN &amp; org.hibernate.engine.FetchTiming#IMMEDIATE &amp; org.hibernate.FetchMode#SELECT &amp; org.hibernate.engine.FetchStyle#BATCH &amp; org.hibernate.engine.FetchTiming#DELAYED &amp; org.hibernate.engine.FetchStyle#SELECT &amp; org.hibernate.engine.FetchStyle#SUBSELECT &amp; org.hibernate.cache.spi.access.AccessType#READ_ONLY &amp; org.hibernate.cache.spi.access.AccessType#READ_WRITE &amp; org.hibernate.cache.spi.access.AccessType#NONSTRICT_READ_WRITE &amp; org.hibernate.cache.spi.access.AccessType#TRANSACTIONAL &amp; org.hibernate.test.manytomanyassociationclass.AbstractManyToManyAssociationClassTest&quot;, &quot;actual := &quot; }"/>
        </annotation>
    </item>
    <item name='org.junit.Assert void assertSame(java.lang.String, java.lang.Object, java.lang.Object)'>
        <annotation name='com.intellij.inspections.tainted.annotation.equation.Equations'>
            <val val="{ &quot;expected := #assertSame(java.lang.Object, java.lang.Object)#0&quot;, &quot;actual := #assertSame(java.lang.Object, java.lang.Object)#1&quot; }"/>
        </annotation>
    </item>
    <item name='org.junit.Assert void assertThat(T, org.hamcrest.Matcher&lt;? super T&gt;)'>
        <annotation name='com.intellij.inspections.tainted.annotation.equation.Equations'>
            <val val="{ &quot;actual := org.hibernate.test.hbm.uk.UniqueDelegateTest &amp; org.hibernate.testing.logger.LogDelegationTest#LOG&quot;, &quot;matcher := &quot; }"/>
        </annotation>
    </item>
    <item name='org.junit.Assert void assertThat(java.lang.String, T, org.hamcrest.Matcher&lt;? super T&gt;)'>
        <annotation name='com.intellij.inspections.tainted.annotation.equation.Equations'>
            <val val="{ &quot;reason := &quot;, &quot;matcher := #assertThat(java.lang.Object, org.hamcrest.Matcher)#1&quot;, &quot;actual := #assertThat(java.lang.Object, org.hamcrest.Matcher)#0 &amp; org.hibernate.jpa.test.transaction.batch.JtaWithStatementsBatchTest &amp; org.hibernate.jpa.test.transaction.batch.JtaWithFailingBatchTest&quot; }"/>
        </annotation>
    </item>
    <item name='org.junit.Assert void assertTrue(boolean)'>
        <annotation name='com.intellij.inspections.tainted.annotation.equation.Equations'>
            <val val="{ &quot;condition := org.hibernate.test.boot.cfgXml.CfgXmlResourceNameClosingTest &amp; org.hibernate.test.type.descriptor.java.AbstractDescriptorTest &amp; org.hibernate.test.type.TypeTest#runBasicTests(org.hibernate.type.AbstractSingleColumnStandardBasicType, java.lang.Object, java.lang.Object, java.lang.Object)#1 &amp; org.hibernate.test.flush.TestCollectionInitializingDuringFlush.InitializingPreUpdateEventListener#INSTANCE &amp; org.hibernate.LockMode#NONE &amp; org.hibernate.LockMode#UPGRADE &amp; org.hibernate.LockMode#WRITE &amp; org.hibernate.LockMode#READ &amp; org.hibernate.LockMode#UPGRADE_NOWAIT &amp; org.hibernate.LockMode#UPGRADE_SKIPLOCKED &amp; org.hibernate.test.converter.ExplicitDateConvertersTest &amp; org.hibernate.test.converter.ExplicitEnumConvertersTest &amp; org.hibernate.test.converter.SimpleConvertAnnotationTest &amp; org.hibernate.test.converter.SimpleConvertsAnnotationTest &amp; org.hibernate.test.converter.BasicJodaTimeConversionTest &amp; org.hibernate.test.converter.XmlWithExplicitConvertAnnotationsTest &amp; org.hibernate.test.immutable.entitywithmutablecollection.AbstractEntityWithManyToManyTest &amp; org.hibernate.test.immutable.entitywithmutablecollection.AbstractEntityWithOneToManyTest &amp; org.hibernate.engine.spi.NonSortedExecutableListTest &amp; org.hibernate.engine.spi.SortedExecutableListTest &amp; org.hibernate.envers.test.integration.accesstype.AttributeAccessorTest.BasicAttributeAccessor &amp; org.hibernate.spatial.testing.SpatialFunctionalTestCase#compare(java.lang.Integer, java.lang.Object, java.lang.Object, java.lang.String)#1 &amp; org.hibernate.spatial.testing.SpatialFunctionalTestCase#compare(java.lang.Integer, java.lang.Object, java.lang.Object, java.lang.String)#2&quot; }"/>
        </annotation>
    </item>
    <item name='org.junit.Assert void assertTrue(java.lang.String, boolean)'>
        <annotation name='com.intellij.inspections.tainted.annotation.equation.Equations'>
            <val val="{ &quot;message := #assertNotNull(java.lang.String, java.lang.Object)#0 &amp; #assertFalse(java.lang.String, boolean)#0 &amp; org.hibernate.test.hbm.fk.CollectionKeyFkNameTest#verifyFkNameUsed(java.lang.String, java.lang.String)#1 &amp; org.hibernate.test.hbm.index.IndexTest#verifyIndexCreated(java.lang.String, java.lang.String)#1 &amp; org.hibernate.test.hbm.collectionpk.CollectionPkTest#verifyPkNameUsed(java.lang.String, java.lang.String)#1 &amp; org.hibernate.test.annotations.indexcoll.eager.EagerIndexedCollectionTest#isDefaultKeyColumnPresent(java.lang.String, java.lang.String, java.lang.String)#1 &amp; org.hibernate.test.annotations.indexcoll.eager.EagerIndexedCollectionTest#isDefaultKeyColumnPresent(java.lang.String, java.lang.String, java.lang.String)#2 &amp; org.hibernate.test.annotations.indexcoll.IndexedCollectionTest#isDefaultKeyColumnPresent(java.lang.String, java.lang.String, java.lang.String)#1 &amp; org.hibernate.test.annotations.indexcoll.IndexedCollectionTest#isDefaultKeyColumnPresent(java.lang.String, java.lang.String, java.lang.String)#2 &amp; org.hibernate.test.annotations.collectionelement.DefaultNamingCollectionElementTest#isCollectionColumnPresent(java.lang.String, java.lang.String, java.lang.String)#2 &amp; org.hibernate.test.schemaupdate.index.IndexesCreationTest#assertThatCreateIndexCommandIsGenerated(java.lang.String, java.util.List)#0 &amp; org.hibernate.test.schemaupdate.idgenerator.TableGeneratorTest#EXPECTED_DB_INSERTED_VALUE &amp; org.hibernate.test.schemaupdate.idgenerator.TableGeneratorsTest#EXPECTED_DB_INSERTED_VALUE &amp; org.hibernate.spatial.testing.SpatialFunctionalTestCase#compare(java.lang.Integer, java.lang.Object, java.lang.Object, java.lang.String)#0&quot;, &quot;condition := #assertNotNull(java.lang.String, java.lang.Object)#1 &amp; #assertTrue(boolean)#0&quot; }"/>
        </annotation>
    </item>
    <item name='org.junit.Assert void fail(java.lang.String)'>
        <annotation name='com.intellij.inspections.tainted.annotation.equation.Equations'>
            <val val="{ &quot;message := org.hibernate.jpamodelgen.test.util.TestUtil#META_MODEL_CLASS_POSTFIX &amp; org.hibernate.jpamodelgen.test.util.TestUtil#deleteFilesRecursive(java.io.File)#0 &amp; #assertTrue(java.lang.String, boolean)#0 &amp; #failEquals(java.lang.String, java.lang.Object)#0 &amp; #failEquals(java.lang.String, java.lang.Object)#1 &amp; #failNotNull(java.lang.String, java.lang.Object)#0 &amp; #failNotNull(java.lang.String, java.lang.Object)#1 &amp; #failSame(java.lang.String)#0 &amp; #failNotSame(java.lang.String, java.lang.Object, java.lang.Object)#0 &amp; #failNotSame(java.lang.String, java.lang.Object, java.lang.Object)#1 &amp; #failNotSame(java.lang.String, java.lang.Object, java.lang.Object)#2 &amp; org.hibernate.jpa.test.metadata.MetadataTest#checkNonExistentAttributeAccess(javax.persistence.metamodel.ManagedType)#0 &amp; org.hibernate.jpa.test.persistenceunit.ExcludeUnlistedClassesTest#doTest(java.util.List, java.lang.String, boolean)#1 &amp; org.hibernate.test.cache.RegionNameTest &amp; org.hibernate.test.idgen.enhanced.table.Db2GenerationTest#assertContains(java.lang.String, java.lang.String)#1 &amp; org.hibernate.test.idgen.enhanced.table.Db2GenerationTest#assertContains(java.lang.String, java.lang.String)#0 &amp; org.hibernate.test.constraint.ForeignKeyConstraintTest#assertForeignKey(java.lang.String, java.lang.String...)#0 &amp; org.hibernate.osgi.test.OsgiIntegrationTest#assertActiveBundle(java.lang.String)#0 &amp; org.hibernate.envers.test.integration.collection.embeddable.ListEqualsHashCodeTest#assertHasEmbeddableWithValue(org.hibernate.envers.test.integration.collection.embeddable.ListEqualsHashCodeTest.TestEntity, java.lang.String)#1 &amp; org.hibernate.envers.test.integration.collection.embeddable.SetNoEqualsHashCodeTest#assertHasEmbeddableWithValue(org.hibernate.envers.test.integration.collection.embeddable.SetNoEqualsHashCodeTest.TestEntity, java.lang.String)#1 &amp; org.hibernate.envers.test.integration.collection.embeddable.ListNoEqualsHashCodeTest#assertHasEmbeddableWithValue(org.hibernate.envers.test.integration.collection.embeddable.ListNoEqualsHashCodeTest.TestEntity, java.lang.String)#1 &amp; org.hibernate.testing.bytecode.enhancement.EnhancerTestUtils#getFieldByReflection(java.lang.Object, java.lang.String)#1 &amp; org.hibernate.testing.bytecode.enhancement.EnhancerTestUtils#getFieldByReflection(java.lang.Object, java.lang.String)#0 &amp; org.junit.internal.ComparisonCriteria#assertArraysAreSameLength(java.lang.Object, java.lang.Object, java.lang.String)#2&quot; }"/>
        </annotation>
    </item>
    <item name='org.junit.Assert void failEquals(java.lang.String, java.lang.Object)'>
        <annotation name='com.intellij.inspections.tainted.annotation.equation.Equations'>
            <val val="{ &quot;actual := #assertNotEquals(java.lang.String, java.lang.Object, java.lang.Object)#2&quot;, &quot;message := #assertNotEquals(java.lang.String, java.lang.Object, java.lang.Object)#0 &amp; #assertNotEquals(java.lang.String, long, long)#0 &amp; #assertNotEquals(java.lang.String, double, double, double)#0 &amp; #assertNotEquals(java.lang.String, float, float, float)#0&quot; }"/>
        </annotation>
    </item>
    <item name='org.junit.Assert void failNotEquals(java.lang.String, java.lang.Object, java.lang.Object)'>
        <annotation name='com.intellij.inspections.tainted.annotation.equation.Equations'>
            <val val="{ &quot;expected := #assertEquals(java.lang.String, java.lang.Object, java.lang.Object)#1&quot;, &quot;message := #assertEquals(java.lang.String, java.lang.Object, java.lang.Object)#0 &amp; #assertEquals(java.lang.String, double, double, double)#0 &amp; #assertEquals(java.lang.String, float, float, float)#0 &amp; #assertEquals(java.lang.String, long, long)#0&quot;, &quot;actual := #assertEquals(java.lang.String, java.lang.Object, java.lang.Object)#2&quot; }"/>
        </annotation>
    </item>
    <item name='org.junit.Assert void failNotNull(java.lang.String, java.lang.Object)'>
        <annotation name='com.intellij.inspections.tainted.annotation.equation.Equations'>
            <val val="{ &quot;message := #assertNull(java.lang.String, java.lang.Object)#0&quot;, &quot;actual := #assertNull(java.lang.String, java.lang.Object)#1&quot; }"/>
        </annotation>
    </item>
    <item name='org.junit.Assert void failNotSame(java.lang.String, java.lang.Object, java.lang.Object)'>
        <annotation name='com.intellij.inspections.tainted.annotation.equation.Equations'>
            <val val="{ &quot;message := #assertSame(java.lang.String, java.lang.Object, java.lang.Object)#0&quot;, &quot;expected := #assertSame(java.lang.String, java.lang.Object, java.lang.Object)#1&quot;, &quot;actual := #assertSame(java.lang.String, java.lang.Object, java.lang.Object)#2&quot; }"/>
        </annotation>
    </item>
    <item name='org.junit.Assert void failSame(java.lang.String)'>
        <annotation name='com.intellij.inspections.tainted.annotation.equation.Equations'>
            <val val="{ &quot;message := #assertNotSame(java.lang.String, java.lang.Object, java.lang.Object)#0&quot; }"/>
        </annotation>
    </item>
    <item name='org.junit.Assert void internalArrayEquals(java.lang.String, java.lang.Object, java.lang.Object)'>
        <annotation name='com.intellij.inspections.tainted.annotation.equation.Equations'>
            <val val="{ &quot;message := #assertArrayEquals(java.lang.String, java.lang.Object[], java.lang.Object[])#0 &amp; #assertArrayEquals(java.lang.String, boolean[], boolean[])#0 &amp; #assertArrayEquals(java.lang.String, byte[], byte[])#0 &amp; #assertArrayEquals(java.lang.String, char[], char[])#0 &amp; #assertArrayEquals(java.lang.String, short[], short[])#0 &amp; #assertArrayEquals(java.lang.String, int[], int[])#0 &amp; #assertArrayEquals(java.lang.String, long[], long[])#0&quot;, &quot;actuals := #assertArrayEquals(java.lang.String, java.lang.Object[], java.lang.Object[])#2 &amp; #assertArrayEquals(java.lang.String, boolean[], boolean[])#2 &amp; #assertArrayEquals(java.lang.String, byte[], byte[])#2 &amp; #assertArrayEquals(java.lang.String, char[], char[])#2 &amp; #assertArrayEquals(java.lang.String, short[], short[])#2 &amp; #assertArrayEquals(java.lang.String, int[], int[])#2 &amp; #assertArrayEquals(java.lang.String, long[], long[])#2&quot;, &quot;expecteds := #assertArrayEquals(java.lang.String, java.lang.Object[], java.lang.Object[])#1 &amp; #assertArrayEquals(java.lang.String, boolean[], boolean[])#1 &amp; #assertArrayEquals(java.lang.String, byte[], byte[])#1 &amp; #assertArrayEquals(java.lang.String, char[], char[])#1 &amp; #assertArrayEquals(java.lang.String, short[], short[])#1 &amp; #assertArrayEquals(java.lang.String, int[], int[])#1 &amp; #assertArrayEquals(java.lang.String, long[], long[])#1&quot; }"/>
        </annotation>
    </item>
    <item name='org.junit.Assume void assumeFalse(boolean)'>
        <annotation name='com.intellij.inspections.tainted.annotation.equation.Equations'>
            <val val="{ &quot;b := &quot; }"/>
        </annotation>
    </item>
    <item name='org.junit.Assume void assumeThat(T, org.hamcrest.Matcher&lt;T&gt;)'>
        <annotation name='com.intellij.inspections.tainted.annotation.equation.Equations'>
            <val val="{ &quot;actual := #assumeTrue(boolean)#0 &amp; #assumeNoException(java.lang.Throwable)#0&quot;, &quot;matcher := &quot; }"/>
        </annotation>
    </item>
    <item name='org.junit.Assume void assumeThat(java.lang.String, T, org.hamcrest.Matcher&lt;T&gt;)'>
        <annotation name='com.intellij.inspections.tainted.annotation.equation.Equations'>
            <val val="{ &quot;matcher := &quot;, &quot;actual := #assumeNoException(java.lang.String, java.lang.Throwable)#1&quot;, &quot;message := #assumeNoException(java.lang.String, java.lang.Throwable)#0&quot; }"/>
        </annotation>
    </item>
    <item name='org.junit.Assume void assumeTrue(java.lang.String, boolean)'>
        <annotation name='com.intellij.inspections.tainted.annotation.equation.Equations'>
            <val val="{ &quot;message := #assumeFalse(java.lang.String, boolean)#0&quot; }"/>
        </annotation>
    </item>
    <item name='org.junit.Ignore java.lang.String value()'>
        <annotation name='com.intellij.inspections.tainted.annotation.equation.Equations'>
            <val val="{ &quot;value := org.hibernate.testing.junit4.CustomRunner.IgnoreImpl#value()&quot; }"/>
        </annotation>
    </item>
</root>