<root>
    <item name='com.sun.imageio.spi.FileImageInputStreamSpi FileImageInputStreamSpi()'>
        <annotation name='com.intellij.inspections.tainted.annotation.equation.Equations'>
            <val val="{ &quot;FileImageInputStreamSpi := FileImageInputStreamSpi&quot; }"/>
        </annotation>
    </item>
    <item name='com.sun.imageio.spi.FileImageInputStreamSpi java.lang.String getDescription(java.util.Locale)'>
        <annotation name='com.intellij.inspections.tainted.annotation.equation.Equations'>
            <val val="{ &quot;locale := javax.imageio.spi.IIOServiceProvider#getDescription(java.util.Locale)#0 &amp; javax.imageio.spi.IIOServiceProvider#getDescription(java.util.Locale)#0&quot; }"/>
        </annotation>
    </item>
    <item name='com.sun.imageio.spi.FileImageInputStreamSpi javax.imageio.stream.ImageInputStream createInputStreamInstance(java.lang.Object, boolean, java.io.File)'>
        <annotation name='com.intellij.inspections.tainted.annotation.equation.Equations'>
            <val val="{ &quot;cacheDir := javax.imageio.spi.ImageInputStreamSpi#createInputStreamInstance(java.lang.Object, boolean, java.io.File)#2 &amp; javax.imageio.spi.ImageInputStreamSpi#createInputStreamInstance(java.lang.Object, boolean, java.io.File)#2&quot;, &quot;input := javax.imageio.spi.ImageInputStreamSpi#createInputStreamInstance(java.lang.Object, boolean, java.io.File)#0 &amp; javax.imageio.spi.ImageInputStreamSpi#createInputStreamInstance(java.lang.Object, boolean, java.io.File)#0&quot;, &quot;useCache := javax.imageio.spi.ImageInputStreamSpi#createInputStreamInstance(java.lang.Object, boolean, java.io.File)#1 &amp; javax.imageio.spi.ImageInputStreamSpi#createInputStreamInstance(java.lang.Object, boolean, java.io.File)#1&quot; }"/>
        </annotation>
    </item>
    <item name='com.sun.imageio.spi.FileImageOutputStreamSpi FileImageOutputStreamSpi()'>
        <annotation name='com.intellij.inspections.tainted.annotation.equation.Equations'>
            <val val="{ &quot;FileImageOutputStreamSpi := FileImageOutputStreamSpi&quot; }"/>
        </annotation>
    </item>
    <item name='com.sun.imageio.spi.FileImageOutputStreamSpi java.lang.String getDescription(java.util.Locale)'>
        <annotation name='com.intellij.inspections.tainted.annotation.equation.Equations'>
            <val val="{ &quot;locale := javax.imageio.spi.IIOServiceProvider#getDescription(java.util.Locale)#0 &amp; javax.imageio.spi.IIOServiceProvider#getDescription(java.util.Locale)#0&quot; }"/>
        </annotation>
    </item>
    <item name='com.sun.imageio.spi.FileImageOutputStreamSpi javax.imageio.stream.ImageOutputStream createOutputStreamInstance(java.lang.Object, boolean, java.io.File)'>
        <annotation name='com.intellij.inspections.tainted.annotation.equation.Equations'>
            <val val="{ &quot;useCache := javax.imageio.spi.ImageOutputStreamSpi#createOutputStreamInstance(java.lang.Object, boolean, java.io.File)#1 &amp; javax.imageio.spi.ImageOutputStreamSpi#createOutputStreamInstance(java.lang.Object, boolean, java.io.File)#1&quot;, &quot;output := javax.imageio.spi.ImageOutputStreamSpi#createOutputStreamInstance(java.lang.Object, boolean, java.io.File)#0 &amp; javax.imageio.spi.ImageOutputStreamSpi#createOutputStreamInstance(java.lang.Object, boolean, java.io.File)#0&quot;, &quot;cacheDir := javax.imageio.spi.ImageOutputStreamSpi#createOutputStreamInstance(java.lang.Object, boolean, java.io.File)#2 &amp; javax.imageio.spi.ImageOutputStreamSpi#createOutputStreamInstance(java.lang.Object, boolean, java.io.File)#2&quot; }"/>
        </annotation>
    </item>
    <item name='com.sun.imageio.spi.InputStreamImageInputStreamSpi InputStreamImageInputStreamSpi()'>
        <annotation name='com.intellij.inspections.tainted.annotation.equation.Equations'>
            <val val="{ &quot;InputStreamImageInputStreamSpi := InputStreamImageInputStreamSpi&quot; }"/>
        </annotation>
    </item>
    <item name='com.sun.imageio.spi.InputStreamImageInputStreamSpi java.lang.String getDescription(java.util.Locale)'>
        <annotation name='com.intellij.inspections.tainted.annotation.equation.Equations'>
            <val val="{ &quot;locale := javax.imageio.spi.IIOServiceProvider#getDescription(java.util.Locale)#0 &amp; javax.imageio.spi.IIOServiceProvider#getDescription(java.util.Locale)#0&quot; }"/>
        </annotation>
    </item>
    <item name='com.sun.imageio.spi.InputStreamImageInputStreamSpi javax.imageio.stream.ImageInputStream createInputStreamInstance(java.lang.Object, boolean, java.io.File)'>
        <annotation name='com.intellij.inspections.tainted.annotation.equation.Equations'>
            <val val="{ &quot;cacheDir := javax.imageio.spi.ImageInputStreamSpi#createInputStreamInstance(java.lang.Object, boolean, java.io.File)#2 &amp; javax.imageio.spi.ImageInputStreamSpi#createInputStreamInstance(java.lang.Object, boolean, java.io.File)#2&quot;, &quot;useCache := javax.imageio.spi.ImageInputStreamSpi#createInputStreamInstance(java.lang.Object, boolean, java.io.File)#1 &amp; javax.imageio.spi.ImageInputStreamSpi#createInputStreamInstance(java.lang.Object, boolean, java.io.File)#1&quot;, &quot;input := javax.imageio.spi.ImageInputStreamSpi#createInputStreamInstance(java.lang.Object, boolean, java.io.File)#0 &amp; javax.imageio.spi.ImageInputStreamSpi#createInputStreamInstance(java.lang.Object, boolean, java.io.File)#0&quot; }"/>
        </annotation>
    </item>
    <item name='com.sun.imageio.spi.OutputStreamImageOutputStreamSpi OutputStreamImageOutputStreamSpi()'>
        <annotation name='com.intellij.inspections.tainted.annotation.equation.Equations'>
            <val val="{ &quot;OutputStreamImageOutputStreamSpi := OutputStreamImageOutputStreamSpi&quot; }"/>
        </annotation>
    </item>
    <item name='com.sun.imageio.spi.OutputStreamImageOutputStreamSpi java.lang.String getDescription(java.util.Locale)'>
        <annotation name='com.intellij.inspections.tainted.annotation.equation.Equations'>
            <val val="{ &quot;locale := javax.imageio.spi.IIOServiceProvider#getDescription(java.util.Locale)#0 &amp; javax.imageio.spi.IIOServiceProvider#getDescription(java.util.Locale)#0&quot; }"/>
        </annotation>
    </item>
    <item name='com.sun.imageio.spi.OutputStreamImageOutputStreamSpi javax.imageio.stream.ImageOutputStream createOutputStreamInstance(java.lang.Object, boolean, java.io.File)'>
        <annotation name='com.intellij.inspections.tainted.annotation.equation.Equations'>
            <val val="{ &quot;cacheDir := javax.imageio.spi.ImageOutputStreamSpi#createOutputStreamInstance(java.lang.Object, boolean, java.io.File)#2 &amp; javax.imageio.spi.ImageOutputStreamSpi#createOutputStreamInstance(java.lang.Object, boolean, java.io.File)#2&quot;, &quot;useCache := javax.imageio.spi.ImageOutputStreamSpi#createOutputStreamInstance(java.lang.Object, boolean, java.io.File)#1 &amp; javax.imageio.spi.ImageOutputStreamSpi#createOutputStreamInstance(java.lang.Object, boolean, java.io.File)#1&quot;, &quot;output := javax.imageio.spi.ImageOutputStreamSpi#createOutputStreamInstance(java.lang.Object, boolean, java.io.File)#0 &amp; javax.imageio.spi.ImageOutputStreamSpi#createOutputStreamInstance(java.lang.Object, boolean, java.io.File)#0&quot; }"/>
        </annotation>
    </item>
    <item name='com.sun.imageio.spi.RAFImageInputStreamSpi RAFImageInputStreamSpi()'>
        <annotation name='com.intellij.inspections.tainted.annotation.equation.Equations'>
            <val val="{ &quot;RAFImageInputStreamSpi := RAFImageInputStreamSpi&quot; }"/>
        </annotation>
    </item>
    <item name='com.sun.imageio.spi.RAFImageInputStreamSpi java.lang.String getDescription(java.util.Locale)'>
        <annotation name='com.intellij.inspections.tainted.annotation.equation.Equations'>
            <val val="{ &quot;locale := javax.imageio.spi.IIOServiceProvider#getDescription(java.util.Locale)#0 &amp; javax.imageio.spi.IIOServiceProvider#getDescription(java.util.Locale)#0&quot; }"/>
        </annotation>
    </item>
    <item name='com.sun.imageio.spi.RAFImageInputStreamSpi javax.imageio.stream.ImageInputStream createInputStreamInstance(java.lang.Object, boolean, java.io.File)'>
        <annotation name='com.intellij.inspections.tainted.annotation.equation.Equations'>
            <val val="{ &quot;useCache := javax.imageio.spi.ImageInputStreamSpi#createInputStreamInstance(java.lang.Object, boolean, java.io.File)#1 &amp; javax.imageio.spi.ImageInputStreamSpi#createInputStreamInstance(java.lang.Object, boolean, java.io.File)#1&quot;, &quot;cacheDir := javax.imageio.spi.ImageInputStreamSpi#createInputStreamInstance(java.lang.Object, boolean, java.io.File)#2 &amp; javax.imageio.spi.ImageInputStreamSpi#createInputStreamInstance(java.lang.Object, boolean, java.io.File)#2&quot;, &quot;input := javax.imageio.spi.ImageInputStreamSpi#createInputStreamInstance(java.lang.Object, boolean, java.io.File)#0 &amp; javax.imageio.spi.ImageInputStreamSpi#createInputStreamInstance(java.lang.Object, boolean, java.io.File)#0&quot; }"/>
        </annotation>
    </item>
    <item name='com.sun.imageio.spi.RAFImageOutputStreamSpi RAFImageOutputStreamSpi()'>
        <annotation name='com.intellij.inspections.tainted.annotation.equation.Equations'>
            <val val="{ &quot;RAFImageOutputStreamSpi := RAFImageOutputStreamSpi&quot; }"/>
        </annotation>
    </item>
    <item name='com.sun.imageio.spi.RAFImageOutputStreamSpi java.lang.String getDescription(java.util.Locale)'>
        <annotation name='com.intellij.inspections.tainted.annotation.equation.Equations'>
            <val val="{ &quot;locale := javax.imageio.spi.IIOServiceProvider#getDescription(java.util.Locale)#0 &amp; javax.imageio.spi.IIOServiceProvider#getDescription(java.util.Locale)#0&quot; }"/>
        </annotation>
    </item>
    <item name='com.sun.imageio.spi.RAFImageOutputStreamSpi javax.imageio.stream.ImageOutputStream createOutputStreamInstance(java.lang.Object, boolean, java.io.File)'>
        <annotation name='com.intellij.inspections.tainted.annotation.equation.Equations'>
            <val val="{ &quot;useCache := javax.imageio.spi.ImageOutputStreamSpi#createOutputStreamInstance(java.lang.Object, boolean, java.io.File)#1 &amp; javax.imageio.spi.ImageOutputStreamSpi#createOutputStreamInstance(java.lang.Object, boolean, java.io.File)#1&quot;, &quot;output := javax.imageio.spi.ImageOutputStreamSpi#createOutputStreamInstance(java.lang.Object, boolean, java.io.File)#0 &amp; javax.imageio.spi.ImageOutputStreamSpi#createOutputStreamInstance(java.lang.Object, boolean, java.io.File)#0&quot;, &quot;cacheDir := javax.imageio.spi.ImageOutputStreamSpi#createOutputStreamInstance(java.lang.Object, boolean, java.io.File)#2 &amp; javax.imageio.spi.ImageOutputStreamSpi#createOutputStreamInstance(java.lang.Object, boolean, java.io.File)#2&quot; }"/>
        </annotation>
    </item>
</root>