<root>
    <item name='org.w3c.dom.ranges.DocumentRange org.w3c.dom.ranges.Range createRange()'>
        <annotation name='com.intellij.inspections.tainted.annotation.equation.Equations'>
            <val val="{ &quot;createRange := com.sun.org.apache.xerces.internal.dom.DocumentImpl#createRange()&quot; }"/>
        </annotation>
    </item>
    <item name='org.w3c.dom.ranges.Range int getEndOffset()'>
        <annotation name='com.intellij.inspections.tainted.annotation.equation.Equations'>
            <val val="{ &quot;getEndOffset := com.sun.org.apache.xerces.internal.dom.RangeImpl#getEndOffset()&quot; }"/>
        </annotation>
    </item>
    <item name='org.w3c.dom.ranges.Range int getStartOffset()'>
        <annotation name='com.intellij.inspections.tainted.annotation.equation.Equations'>
            <val val="{ &quot;getStartOffset := com.sun.org.apache.xerces.internal.dom.RangeImpl#getStartOffset()&quot; }"/>
        </annotation>
    </item>
    <item name='org.w3c.dom.ranges.Range java.lang.String toString()'>
        <annotation name='com.intellij.inspections.tainted.annotation.equation.Equations'>
            <val val="{ &quot;toString := com.sun.org.apache.xerces.internal.dom.RangeImpl#toString()&quot; }"/>
        </annotation>
    </item>
    <item name='org.w3c.dom.ranges.Range org.w3c.dom.DocumentFragment cloneContents()'>
        <annotation name='com.intellij.inspections.tainted.annotation.equation.Equations'>
            <val val="{ &quot;cloneContents := com.sun.org.apache.xerces.internal.dom.RangeImpl#cloneContents()&quot; }"/>
        </annotation>
    </item>
    <item name='org.w3c.dom.ranges.Range org.w3c.dom.DocumentFragment extractContents()'>
        <annotation name='com.intellij.inspections.tainted.annotation.equation.Equations'>
            <val val="{ &quot;extractContents := com.sun.org.apache.xerces.internal.dom.RangeImpl#extractContents()&quot; }"/>
        </annotation>
    </item>
    <item name='org.w3c.dom.ranges.Range org.w3c.dom.Node getCommonAncestorContainer()'>
        <annotation name='com.intellij.inspections.tainted.annotation.equation.Equations'>
            <val val="{ &quot;getCommonAncestorContainer := com.sun.org.apache.xerces.internal.dom.RangeImpl#getCommonAncestorContainer()&quot; }"/>
        </annotation>
    </item>
    <item name='org.w3c.dom.ranges.Range org.w3c.dom.Node getEndContainer()'>
        <annotation name='com.intellij.inspections.tainted.annotation.equation.Equations'>
            <val val="{ &quot;getEndContainer := com.sun.org.apache.xerces.internal.dom.RangeImpl#getEndContainer()&quot; }"/>
        </annotation>
    </item>
    <item name='org.w3c.dom.ranges.Range org.w3c.dom.Node getStartContainer()'>
        <annotation name='com.intellij.inspections.tainted.annotation.equation.Equations'>
            <val val="{ &quot;getStartContainer := com.sun.org.apache.xerces.internal.dom.RangeImpl#getStartContainer()&quot; }"/>
        </annotation>
    </item>
    <item name='org.w3c.dom.ranges.Range org.w3c.dom.ranges.Range cloneRange()'>
        <annotation name='com.intellij.inspections.tainted.annotation.equation.Equations'>
            <val val="{ &quot;cloneRange := com.sun.org.apache.xerces.internal.dom.RangeImpl#cloneRange()&quot; }"/>
        </annotation>
    </item>
    <item name='org.w3c.dom.ranges.Range short compareBoundaryPoints(short, org.w3c.dom.ranges.Range)'>
        <annotation name='com.intellij.inspections.tainted.annotation.equation.Equations'>
            <val val="{ &quot;how := com.sun.org.apache.xerces.internal.dom.RangeImpl#compareBoundaryPoints(short, org.w3c.dom.ranges.Range)#0&quot;, &quot;compareBoundaryPoints := com.sun.org.apache.xerces.internal.dom.RangeImpl#compareBoundaryPoints(short, org.w3c.dom.ranges.Range)&quot;, &quot;sourceRange := com.sun.org.apache.xerces.internal.dom.RangeImpl#compareBoundaryPoints(short, org.w3c.dom.ranges.Range)#1&quot; }"/>
        </annotation>
    </item>
    <item name='org.w3c.dom.ranges.Range void insertNode(org.w3c.dom.Node)'>
        <annotation name='com.intellij.inspections.tainted.annotation.equation.Equations'>
            <val val="{ &quot;newNode := com.sun.org.apache.xerces.internal.dom.RangeImpl#insertNode(org.w3c.dom.Node)#0&quot; }"/>
        </annotation>
    </item>
    <item name='org.w3c.dom.ranges.Range void selectNode(org.w3c.dom.Node)'>
        <annotation name='com.intellij.inspections.tainted.annotation.equation.Equations'>
            <val val="{ &quot;refNode := com.sun.org.apache.xerces.internal.dom.RangeImpl#selectNode(org.w3c.dom.Node)#0&quot; }"/>
        </annotation>
    </item>
    <item name='org.w3c.dom.ranges.Range void selectNodeContents(org.w3c.dom.Node)'>
        <annotation name='com.intellij.inspections.tainted.annotation.equation.Equations'>
            <val val="{ &quot;refNode := com.sun.org.apache.xerces.internal.dom.RangeImpl#selectNodeContents(org.w3c.dom.Node)#0&quot; }"/>
        </annotation>
    </item>
    <item name='org.w3c.dom.ranges.Range void setEnd(org.w3c.dom.Node, int)'>
        <annotation name='com.intellij.inspections.tainted.annotation.equation.Equations'>
            <val val="{ &quot;refNode := com.sun.org.apache.xerces.internal.dom.RangeImpl#setEnd(org.w3c.dom.Node, int)#0 &amp; com.sun.org.apache.xerces.internal.dom.RangeImpl&quot;, &quot;offset := com.sun.org.apache.xerces.internal.dom.RangeImpl#setEnd(org.w3c.dom.Node, int)#1 &amp; com.sun.org.apache.xerces.internal.dom.RangeImpl&quot; }"/>
        </annotation>
    </item>
    <item name='org.w3c.dom.ranges.Range void setEndAfter(org.w3c.dom.Node)'>
        <annotation name='com.intellij.inspections.tainted.annotation.equation.Equations'>
            <val val="{ &quot;refNode := com.sun.org.apache.xerces.internal.dom.RangeImpl#setEndAfter(org.w3c.dom.Node)#0&quot; }"/>
        </annotation>
    </item>
    <item name='org.w3c.dom.ranges.Range void setEndBefore(org.w3c.dom.Node)'>
        <annotation name='com.intellij.inspections.tainted.annotation.equation.Equations'>
            <val val="{ &quot;refNode := com.sun.org.apache.xerces.internal.dom.RangeImpl#setEndBefore(org.w3c.dom.Node)#0&quot; }"/>
        </annotation>
    </item>
    <item name='org.w3c.dom.ranges.Range void setStart(org.w3c.dom.Node, int)'>
        <annotation name='com.intellij.inspections.tainted.annotation.equation.Equations'>
            <val val="{ &quot;refNode := com.sun.org.apache.xerces.internal.dom.RangeImpl#setStart(org.w3c.dom.Node, int)#0&quot;, &quot;offset := com.sun.org.apache.xerces.internal.dom.RangeImpl#setStart(org.w3c.dom.Node, int)#1&quot; }"/>
        </annotation>
    </item>
    <item name='org.w3c.dom.ranges.Range void setStartAfter(org.w3c.dom.Node)'>
        <annotation name='com.intellij.inspections.tainted.annotation.equation.Equations'>
            <val val="{ &quot;refNode := com.sun.org.apache.xerces.internal.dom.RangeImpl#setStartAfter(org.w3c.dom.Node)#0&quot; }"/>
        </annotation>
    </item>
    <item name='org.w3c.dom.ranges.Range void setStartBefore(org.w3c.dom.Node)'>
        <annotation name='com.intellij.inspections.tainted.annotation.equation.Equations'>
            <val val="{ &quot;refNode := com.sun.org.apache.xerces.internal.dom.RangeImpl#setStartBefore(org.w3c.dom.Node)#0&quot; }"/>
        </annotation>
    </item>
    <item name='org.w3c.dom.ranges.Range void surroundContents(org.w3c.dom.Node)'>
        <annotation name='com.intellij.inspections.tainted.annotation.equation.Equations'>
            <val val="{ &quot;newParent := com.sun.org.apache.xerces.internal.dom.RangeImpl#surroundContents(org.w3c.dom.Node)#0&quot; }"/>
        </annotation>
    </item>
    <item name='org.w3c.dom.ranges.RangeException RangeException(short, java.lang.String)'>
        <annotation name='com.intellij.inspections.tainted.annotation.equation.Equations'>
            <val val="{ &quot;code := com.sun.org.apache.xerces.internal.dom.RangeExceptionImpl#RangeExceptionImpl(short, java.lang.String)#0&quot;, &quot;RangeException := RangeException&quot;, &quot;message := com.sun.org.apache.xerces.internal.dom.RangeExceptionImpl#RangeExceptionImpl(short, java.lang.String)#1&quot; }"/>
        </annotation>
    </item>
</root>