<root>
    <item name='com.sun.org.apache.xml.internal.dtm.ref.sax2dtm.SAX2DTM'>
        <annotation name='com.intellij.inspections.tainted.annotation.equation.Equations'>
            <val val="{ &quot;SAX2DTM := com.sun.org.apache.xml.internal.dtm.DTM#TEXT_NODE &amp; #setUseSourceLocation(boolean)#0 &amp; com.sun.org.apache.xml.internal.dtm.DTM#NULL &amp; com.sun.org.apache.xml.internal.dtm.DTM#CDATA_SECTION_NODE&quot; }"/>
        </annotation>
    </item>
    <item name='com.sun.org.apache.xml.internal.dtm.ref.sax2dtm.SAX2DTM SAX2DTM(com.sun.org.apache.xml.internal.dtm.DTMManager, javax.xml.transform.Source, int, com.sun.org.apache.xml.internal.dtm.DTMWSFilter, com.sun.org.apache.xml.internal.utils.XMLStringFactory, boolean)'>
        <annotation name='com.intellij.inspections.tainted.annotation.equation.Equations'>
            <val val="{ &quot;xstringfactory := SAX2RTFDTM#SAX2RTFDTM(com.sun.org.apache.xml.internal.dtm.DTMManager, javax.xml.transform.Source, int, com.sun.org.apache.xml.internal.dtm.DTMWSFilter, com.sun.org.apache.xml.internal.utils.XMLStringFactory, boolean)#4 &amp; com.sun.org.apache.xml.internal.dtm.ref.DTMManagerDefault&quot;, &quot;whiteSpaceFilter := SAX2RTFDTM#SAX2RTFDTM(com.sun.org.apache.xml.internal.dtm.DTMManager, javax.xml.transform.Source, int, com.sun.org.apache.xml.internal.dtm.DTMWSFilter, com.sun.org.apache.xml.internal.utils.XMLStringFactory, boolean)#3 &amp; com.sun.org.apache.xml.internal.dtm.ref.DTMManagerDefault#getDTM(javax.xml.transform.Source, boolean, com.sun.org.apache.xml.internal.dtm.DTMWSFilter, boolean, boolean)#2&quot;, &quot;mgr := SAX2RTFDTM#SAX2RTFDTM(com.sun.org.apache.xml.internal.dtm.DTMManager, javax.xml.transform.Source, int, com.sun.org.apache.xml.internal.dtm.DTMWSFilter, com.sun.org.apache.xml.internal.utils.XMLStringFactory, boolean)#0 &amp; com.sun.org.apache.xml.internal.dtm.ref.DTMManagerDefault&quot;, &quot;doIndexing := SAX2RTFDTM#SAX2RTFDTM(com.sun.org.apache.xml.internal.dtm.DTMManager, javax.xml.transform.Source, int, com.sun.org.apache.xml.internal.dtm.DTMWSFilter, com.sun.org.apache.xml.internal.utils.XMLStringFactory, boolean)#5 &amp; com.sun.org.apache.xml.internal.dtm.ref.DTMManagerDefault#getDTM(javax.xml.transform.Source, boolean, com.sun.org.apache.xml.internal.dtm.DTMWSFilter, boolean, boolean)#4&quot;, &quot;source := SAX2RTFDTM#SAX2RTFDTM(com.sun.org.apache.xml.internal.dtm.DTMManager, javax.xml.transform.Source, int, com.sun.org.apache.xml.internal.dtm.DTMWSFilter, com.sun.org.apache.xml.internal.utils.XMLStringFactory, boolean)#1 &amp; com.sun.org.apache.xml.internal.dtm.ref.DTMManagerDefault#getDTM(javax.xml.transform.Source, boolean, com.sun.org.apache.xml.internal.dtm.DTMWSFilter, boolean, boolean)#0&quot;, &quot;SAX2DTM := SAX2DTM&quot;, &quot;dtmIdentity := SAX2RTFDTM#SAX2RTFDTM(com.sun.org.apache.xml.internal.dtm.DTMManager, javax.xml.transform.Source, int, com.sun.org.apache.xml.internal.dtm.DTMWSFilter, com.sun.org.apache.xml.internal.utils.XMLStringFactory, boolean)#2 &amp; com.sun.org.apache.xml.internal.dtm.DTMManager#IDENT_DTM_NODE_BITS&quot; }"/>
        </annotation>
    </item>
    <item name='com.sun.org.apache.xml.internal.dtm.ref.sax2dtm.SAX2DTM SAX2DTM(com.sun.org.apache.xml.internal.dtm.DTMManager, javax.xml.transform.Source, int, com.sun.org.apache.xml.internal.dtm.DTMWSFilter, com.sun.org.apache.xml.internal.utils.XMLStringFactory, boolean, int, boolean, boolean)'>
        <annotation name='com.intellij.inspections.tainted.annotation.equation.Equations'>
            <val val="{ &quot;whiteSpaceFilter := #SAX2DTM(com.sun.org.apache.xml.internal.dtm.DTMManager, javax.xml.transform.Source, int, com.sun.org.apache.xml.internal.dtm.DTMWSFilter, com.sun.org.apache.xml.internal.utils.XMLStringFactory, boolean)#3 &amp; SAX2DTM2#SAX2DTM2(com.sun.org.apache.xml.internal.dtm.DTMManager, javax.xml.transform.Source, int, com.sun.org.apache.xml.internal.dtm.DTMWSFilter, com.sun.org.apache.xml.internal.utils.XMLStringFactory, boolean, int, boolean, boolean, boolean)#3&quot;, &quot;newNameTable := SAX2DTM2#SAX2DTM2(com.sun.org.apache.xml.internal.dtm.DTMManager, javax.xml.transform.Source, int, com.sun.org.apache.xml.internal.dtm.DTMWSFilter, com.sun.org.apache.xml.internal.utils.XMLStringFactory, boolean, int, boolean, boolean, boolean)#9&quot;, &quot;doIndexing := #SAX2DTM(com.sun.org.apache.xml.internal.dtm.DTMManager, javax.xml.transform.Source, int, com.sun.org.apache.xml.internal.dtm.DTMWSFilter, com.sun.org.apache.xml.internal.utils.XMLStringFactory, boolean)#5 &amp; SAX2DTM2#SAX2DTM2(com.sun.org.apache.xml.internal.dtm.DTMManager, javax.xml.transform.Source, int, com.sun.org.apache.xml.internal.dtm.DTMWSFilter, com.sun.org.apache.xml.internal.utils.XMLStringFactory, boolean, int, boolean, boolean, boolean)#5&quot;, &quot;blocksize := com.sun.org.apache.xml.internal.dtm.ref.DTMDefaultBase#DEFAULT_BLOCKSIZE &amp; SAX2DTM2#SAX2DTM2(com.sun.org.apache.xml.internal.dtm.DTMManager, javax.xml.transform.Source, int, com.sun.org.apache.xml.internal.dtm.DTMWSFilter, com.sun.org.apache.xml.internal.utils.XMLStringFactory, boolean, int, boolean, boolean, boolean)#6&quot;, &quot;mgr := #SAX2DTM(com.sun.org.apache.xml.internal.dtm.DTMManager, javax.xml.transform.Source, int, com.sun.org.apache.xml.internal.dtm.DTMWSFilter, com.sun.org.apache.xml.internal.utils.XMLStringFactory, boolean)#0 &amp; SAX2DTM2#SAX2DTM2(com.sun.org.apache.xml.internal.dtm.DTMManager, javax.xml.transform.Source, int, com.sun.org.apache.xml.internal.dtm.DTMWSFilter, com.sun.org.apache.xml.internal.utils.XMLStringFactory, boolean, int, boolean, boolean, boolean)#0&quot;, &quot;xstringfactory := #SAX2DTM(com.sun.org.apache.xml.internal.dtm.DTMManager, javax.xml.transform.Source, int, com.sun.org.apache.xml.internal.dtm.DTMWSFilter, com.sun.org.apache.xml.internal.utils.XMLStringFactory, boolean)#4 &amp; SAX2DTM2#SAX2DTM2(com.sun.org.apache.xml.internal.dtm.DTMManager, javax.xml.transform.Source, int, com.sun.org.apache.xml.internal.dtm.DTMWSFilter, com.sun.org.apache.xml.internal.utils.XMLStringFactory, boolean, int, boolean, boolean, boolean)#4&quot;, &quot;source := #SAX2DTM(com.sun.org.apache.xml.internal.dtm.DTMManager, javax.xml.transform.Source, int, com.sun.org.apache.xml.internal.dtm.DTMWSFilter, com.sun.org.apache.xml.internal.utils.XMLStringFactory, boolean)#1 &amp; SAX2DTM2#SAX2DTM2(com.sun.org.apache.xml.internal.dtm.DTMManager, javax.xml.transform.Source, int, com.sun.org.apache.xml.internal.dtm.DTMWSFilter, com.sun.org.apache.xml.internal.utils.XMLStringFactory, boolean, int, boolean, boolean, boolean)#1&quot;, &quot;usePrevsib := SAX2DTM2#SAX2DTM2(com.sun.org.apache.xml.internal.dtm.DTMManager, javax.xml.transform.Source, int, com.sun.org.apache.xml.internal.dtm.DTMWSFilter, com.sun.org.apache.xml.internal.utils.XMLStringFactory, boolean, int, boolean, boolean, boolean)#7&quot;, &quot;dtmIdentity := #SAX2DTM(com.sun.org.apache.xml.internal.dtm.DTMManager, javax.xml.transform.Source, int, com.sun.org.apache.xml.internal.dtm.DTMWSFilter, com.sun.org.apache.xml.internal.utils.XMLStringFactory, boolean)#2 &amp; SAX2DTM2#SAX2DTM2(com.sun.org.apache.xml.internal.dtm.DTMManager, javax.xml.transform.Source, int, com.sun.org.apache.xml.internal.dtm.DTMWSFilter, com.sun.org.apache.xml.internal.utils.XMLStringFactory, boolean, int, boolean, boolean, boolean)#2&quot;, &quot;SAX2DTM := SAX2DTM&quot; }"/>
        </annotation>
    </item>
    <item name='com.sun.org.apache.xml.internal.dtm.ref.sax2dtm.SAX2DTM boolean isAttributeSpecified(int)'>
        <annotation name='com.intellij.inspections.tainted.annotation.equation.Equations'>
            <val val="{ &quot;attributeHandle := com.sun.org.apache.xml.internal.dtm.ref.DTMDefaultBase#isAttributeSpecified(int)#0 &amp; com.sun.org.apache.xml.internal.dtm.ref.DTMDefaultBase#isAttributeSpecified(int)#0 &amp; com.sun.org.apache.xalan.internal.xsltc.dom.AdaptiveResultTreeImpl#isAttributeSpecified(int)#0&quot; }"/>
        </annotation>
    </item>
    <item name='com.sun.org.apache.xml.internal.dtm.ref.sax2dtm.SAX2DTM boolean isTextType(int)'>
        <annotation name='com.intellij.inspections.tainted.annotation.equation.Equations'>
            <val val="{ &quot;type := com.sun.org.apache.xml.internal.dtm.DTM#NULL&quot;, &quot;isTextType := com.sun.org.apache.xml.internal.dtm.DTM#TEXT_NODE &amp; type &amp; com.sun.org.apache.xml.internal.dtm.DTM#CDATA_SECTION_NODE&quot; }"/>
        </annotation>
    </item>
    <item name='com.sun.org.apache.xml.internal.dtm.ref.sax2dtm.SAX2DTM boolean needsTwoThreads()'>
        <annotation name='com.intellij.inspections.tainted.annotation.equation.Equations'>
            <val val="{ &quot;needsTwoThreads := SAX2DTM&quot; }"/>
        </annotation>
    </item>
    <item name='com.sun.org.apache.xml.internal.dtm.ref.sax2dtm.SAX2DTM com.sun.org.apache.xml.internal.utils.XMLString getStringValue(int)'>
        <annotation name='com.intellij.inspections.tainted.annotation.equation.Equations'>
            <val val="{ &quot;getStringValue := SAX2DTM2#getStringValue(int)&quot; }"/>
        </annotation>
    </item>
    <item name='com.sun.org.apache.xml.internal.dtm.ref.sax2dtm.SAX2DTM int _dataOrQName(int)'>
        <annotation name='com.intellij.inspections.tainted.annotation.equation.Equations'>
            <val val="{ &quot;_dataOrQName := com.sun.org.apache.xml.internal.dtm.DTM#NULL&quot;, &quot;identity := SAX2DTM2#copyAttribute(int, int, com.sun.org.apache.xml.internal.serializer.SerializationHandler)#0&quot; }"/>
        </annotation>
    </item>
    <item name='com.sun.org.apache.xml.internal.dtm.ref.sax2dtm.SAX2DTM int addNode(int, int, int, int, int, boolean)'>
        <annotation name='com.intellij.inspections.tainted.annotation.equation.Equations'>
            <val val="{ &quot;addNode := SAX2DTM2#addNode(int, int, int, int, int, boolean)&quot; }"/>
        </annotation>
    </item>
    <item name='com.sun.org.apache.xml.internal.dtm.ref.sax2dtm.SAX2DTM int getAttributeNode(int, java.lang.String, java.lang.String)'>
        <annotation name='com.intellij.inspections.tainted.annotation.equation.Equations'>
            <val val="{ &quot;getAttributeNode := com.sun.org.apache.xml.internal.dtm.DTM#NULL&quot;, &quot;name := com.sun.org.apache.xml.internal.dtm.ref.DTMDefaultBase#getAttributeNode(int, java.lang.String, java.lang.String)#2 &amp; com.sun.org.apache.xml.internal.dtm.ref.DTMDefaultBase#getAttributeNode(int, java.lang.String, java.lang.String)#2 &amp; com.sun.org.apache.xalan.internal.xsltc.dom.AdaptiveResultTreeImpl#getAttributeNode(int, java.lang.String, java.lang.String)#2&quot;, &quot;namespaceURI := com.sun.org.apache.xml.internal.dtm.ref.DTMDefaultBase#getAttributeNode(int, java.lang.String, java.lang.String)#1 &amp; com.sun.org.apache.xml.internal.dtm.ref.DTMDefaultBase#getAttributeNode(int, java.lang.String, java.lang.String)#1 &amp; com.sun.org.apache.xalan.internal.xsltc.dom.AdaptiveResultTreeImpl#getAttributeNode(int, java.lang.String, java.lang.String)#1&quot;, &quot;nodeHandle := com.sun.org.apache.xml.internal.dtm.ref.DTMDefaultBase#getAttributeNode(int, java.lang.String, java.lang.String)#0 &amp; com.sun.org.apache.xml.internal.dtm.ref.DTMDefaultBase#getAttributeNode(int, java.lang.String, java.lang.String)#0 &amp; com.sun.org.apache.xalan.internal.xsltc.dom.SAXImpl#getLanguage(int)#0 &amp; com.sun.org.apache.xalan.internal.xsltc.dom.AdaptiveResultTreeImpl#getAttributeNode(int, java.lang.String, java.lang.String)#0&quot; }"/>
        </annotation>
    </item>
    <item name='com.sun.org.apache.xml.internal.dtm.ref.sax2dtm.SAX2DTM int getElementById(java.lang.String)'>
        <annotation name='com.intellij.inspections.tainted.annotation.equation.Equations'>
            <val val="{ &quot;getElementById := com.sun.org.apache.xalan.internal.xsltc.dom.SAXImpl#getElementById(java.lang.String)&quot; }"/>
        </annotation>
    </item>
    <item name='com.sun.org.apache.xml.internal.dtm.ref.sax2dtm.SAX2DTM int getIdForNamespace(java.lang.String)'>
        <annotation name='com.intellij.inspections.tainted.annotation.equation.Equations'>
            <val val="{ &quot;getIdForNamespace := SAX2DTM2#getIdForNamespace(java.lang.String)&quot; }"/>
        </annotation>
    </item>
    <item name='com.sun.org.apache.xml.internal.dtm.ref.sax2dtm.SAX2DTM int getNextNodeIdentity(int)'>
        <annotation name='com.intellij.inspections.tainted.annotation.equation.Equations'>
            <val val="{ &quot;identity := com.sun.org.apache.xml.internal.dtm.ref.DTMDefaultBase#getNextNodeIdentity(int)#0 &amp; com.sun.org.apache.xml.internal.dtm.ref.DTMDefaultBase#getNextNodeIdentity(int)#0&quot;, &quot;getNextNodeIdentity := com.sun.org.apache.xml.internal.dtm.DTM#NULL &amp; identity&quot; }"/>
        </annotation>
    </item>
    <item name='com.sun.org.apache.xml.internal.dtm.ref.sax2dtm.SAX2DTM int getNumberOfNodes()'>
        <annotation name='com.intellij.inspections.tainted.annotation.equation.Equations'>
            <val val="{ &quot;getNumberOfNodes := SAX2DTM&quot; }"/>
        </annotation>
    </item>
    <item name='com.sun.org.apache.xml.internal.dtm.ref.sax2dtm.SAX2DTM java.lang.String getFixedNames(int)'>
        <annotation name='com.intellij.inspections.tainted.annotation.equation.Equations'>
            <val val="{ &quot;getFixedNames := #m_fixednames&quot; }"/>
        </annotation>
    </item>
    <item name='com.sun.org.apache.xml.internal.dtm.ref.sax2dtm.SAX2DTM java.lang.String getLocalName(int)'>
        <annotation name='com.intellij.inspections.tainted.annotation.equation.Equations'>
            <val val="{ &quot;getLocalName := SAX2DTM2#getLocalName(int)&quot; }"/>
        </annotation>
    </item>
    <item name='com.sun.org.apache.xml.internal.dtm.ref.sax2dtm.SAX2DTM java.lang.String getNamespaceURI(int)'>
        <annotation name='com.intellij.inspections.tainted.annotation.equation.Equations'>
            <val val="{ &quot;nodeHandle := com.sun.org.apache.xml.internal.dtm.ref.DTMDefaultBase#getNamespaceURI(int)#0 &amp; com.sun.org.apache.xml.internal.dtm.ref.DTMDefaultBase#getNamespaceURI(int)#0 &amp; com.sun.org.apache.xalan.internal.xsltc.dom.SAXImpl#getNSType(int)#0 &amp; com.sun.org.apache.xalan.internal.xsltc.dom.SAXImpl#getNamespaceName(int)#0 &amp; com.sun.org.apache.xalan.internal.xsltc.dom.AdaptiveResultTreeImpl#getNamespaceURI(int)#0&quot; }"/>
        </annotation>
    </item>
    <item name='com.sun.org.apache.xml.internal.dtm.ref.sax2dtm.SAX2DTM java.lang.String getNamespaceURI(java.lang.String)'>
        <annotation name='com.intellij.inspections.tainted.annotation.equation.Equations'>
            <val val="{ &quot;prefix := &quot; }"/>
        </annotation>
    </item>
    <item name='com.sun.org.apache.xml.internal.dtm.ref.sax2dtm.SAX2DTM java.lang.String getNodeName(int)'>
        <annotation name='com.intellij.inspections.tainted.annotation.equation.Equations'>
            <val val="{ &quot;getNodeName := SAX2DTM2#getNodeName(int)&quot; }"/>
        </annotation>
    </item>
    <item name='com.sun.org.apache.xml.internal.dtm.ref.sax2dtm.SAX2DTM java.lang.String getNodeNameX(int)'>
        <annotation name='com.intellij.inspections.tainted.annotation.equation.Equations'>
            <val val="{ &quot;getNodeNameX := SAX2DTM2#getNodeNameX(int)&quot; }"/>
        </annotation>
    </item>
    <item name='com.sun.org.apache.xml.internal.dtm.ref.sax2dtm.SAX2DTM java.lang.String getNodeValue(int)'>
        <annotation name='com.intellij.inspections.tainted.annotation.equation.Equations'>
            <val val="{ &quot;getNodeValue := SAX2DTM2#getNodeValue(int)&quot; }"/>
        </annotation>
    </item>
    <item name='com.sun.org.apache.xml.internal.dtm.ref.sax2dtm.SAX2DTM java.lang.String getPrefix(int)'>
        <annotation name='com.intellij.inspections.tainted.annotation.equation.Equations'>
            <val val="{ &quot;nodeHandle := com.sun.org.apache.xml.internal.dtm.ref.DTMDefaultBase#getPrefix(int)#0 &amp; com.sun.org.apache.xml.internal.dtm.ref.DTMDefaultBase#getPrefix(int)#0 &amp; com.sun.org.apache.xalan.internal.xsltc.dom.SAXImpl#copy(int, com.sun.org.apache.xml.internal.serializer.SerializationHandler, boolean)#0 &amp; com.sun.org.apache.xalan.internal.xsltc.dom.SAXImpl#shallowCopy(int, com.sun.org.apache.xml.internal.serializer.SerializationHandler)#0 &amp; com.sun.org.apache.xalan.internal.xsltc.dom.AdaptiveResultTreeImpl#getPrefix(int)#0&quot; }"/>
        </annotation>
    </item>
    <item name='com.sun.org.apache.xml.internal.dtm.ref.sax2dtm.SAX2DTM java.lang.String getPrefix(java.lang.String, java.lang.String)'>
        <annotation name='com.intellij.inspections.tainted.annotation.equation.Equations'>
            <val val="{ &quot;qname := #startElement(java.lang.String, java.lang.String, java.lang.String, org.xml.sax.Attributes)#2&quot;, &quot;uri := #startElement(java.lang.String, java.lang.String, java.lang.String, org.xml.sax.Attributes)#0&quot; }"/>
        </annotation>
    </item>
    <item name='com.sun.org.apache.xml.internal.dtm.ref.sax2dtm.SAX2DTM java.lang.String getUnparsedEntityURI(java.lang.String)'>
        <annotation name='com.intellij.inspections.tainted.annotation.equation.Equations'>
            <val val="{ &quot;getUnparsedEntityURI := com.sun.org.apache.xalan.internal.xsltc.dom.SAXImpl#getUnparsedEntityURI(java.lang.String)&quot;, &quot;name := com.sun.org.apache.xml.internal.dtm.ref.DTMDefaultBase#getUnparsedEntityURI(java.lang.String)#0 &amp; com.sun.org.apache.xml.internal.dtm.ref.DTMDefaultBase#getUnparsedEntityURI(java.lang.String)#0 &amp; com.sun.org.apache.xalan.internal.xsltc.dom.SAXImpl#getUnparsedEntityURI(java.lang.String)#0&quot; }"/>
        </annotation>
    </item>
    <item name='com.sun.org.apache.xml.internal.dtm.ref.sax2dtm.SAX2DTM javax.xml.transform.SourceLocator getSourceLocatorFor(int)'>
        <annotation name='com.intellij.inspections.tainted.annotation.equation.Equations'>
            <val val="{ &quot;node := com.sun.org.apache.xml.internal.dtm.DTM#getSourceLocatorFor(int)#0 &amp; com.sun.org.apache.xml.internal.dtm.DTM#getSourceLocatorFor(int)#0 &amp; com.sun.org.apache.xalan.internal.xsltc.dom.AdaptiveResultTreeImpl#getSourceLocatorFor(int)#0&quot; }"/>
        </annotation>
    </item>
    <item name='com.sun.org.apache.xml.internal.dtm.ref.sax2dtm.SAX2DTM org.xml.sax.ContentHandler getContentHandler()'>
        <annotation name='com.intellij.inspections.tainted.annotation.equation.Equations'>
            <val val="{ &quot;getContentHandler := SAX2DTM&quot; }"/>
        </annotation>
    </item>
    <item name='com.sun.org.apache.xml.internal.dtm.ref.sax2dtm.SAX2DTM org.xml.sax.DTDHandler getDTDHandler()'>
        <annotation name='com.intellij.inspections.tainted.annotation.equation.Equations'>
            <val val="{ &quot;getDTDHandler := SAX2DTM&quot; }"/>
        </annotation>
    </item>
    <item name='com.sun.org.apache.xml.internal.dtm.ref.sax2dtm.SAX2DTM org.xml.sax.EntityResolver getEntityResolver()'>
        <annotation name='com.intellij.inspections.tainted.annotation.equation.Equations'>
            <val val="{ &quot;getEntityResolver := SAX2DTM&quot; }"/>
        </annotation>
    </item>
    <item name='com.sun.org.apache.xml.internal.dtm.ref.sax2dtm.SAX2DTM org.xml.sax.ErrorHandler getErrorHandler()'>
        <annotation name='com.intellij.inspections.tainted.annotation.equation.Equations'>
            <val val="{ &quot;getErrorHandler := SAX2DTM&quot; }"/>
        </annotation>
    </item>
    <item name='com.sun.org.apache.xml.internal.dtm.ref.sax2dtm.SAX2DTM org.xml.sax.InputSource resolveEntity(java.lang.String, java.lang.String)'>
        <annotation name='com.intellij.inspections.tainted.annotation.equation.Equations'>
            <val val="{ &quot;publicId := org.xml.sax.EntityResolver#resolveEntity(java.lang.String, java.lang.String)#0 &amp; org.xml.sax.EntityResolver#resolveEntity(java.lang.String, java.lang.String)#0&quot;, &quot;systemId := org.xml.sax.EntityResolver#resolveEntity(java.lang.String, java.lang.String)#1 &amp; org.xml.sax.EntityResolver#resolveEntity(java.lang.String, java.lang.String)#1&quot; }"/>
        </annotation>
    </item>
    <item name='com.sun.org.apache.xml.internal.dtm.ref.sax2dtm.SAX2DTM org.xml.sax.ext.DeclHandler getDeclHandler()'>
        <annotation name='com.intellij.inspections.tainted.annotation.equation.Equations'>
            <val val="{ &quot;getDeclHandler := SAX2DTM&quot; }"/>
        </annotation>
    </item>
    <item name='com.sun.org.apache.xml.internal.dtm.ref.sax2dtm.SAX2DTM org.xml.sax.ext.LexicalHandler getLexicalHandler()'>
        <annotation name='com.intellij.inspections.tainted.annotation.equation.Equations'>
            <val val="{ &quot;getLexicalHandler := SAX2DTM&quot; }"/>
        </annotation>
    </item>
    <item name='com.sun.org.apache.xml.internal.dtm.ref.sax2dtm.SAX2DTM void attributeDecl(java.lang.String, java.lang.String, java.lang.String, java.lang.String, java.lang.String)'>
        <annotation name='com.intellij.inspections.tainted.annotation.equation.Equations'>
            <val val="{ &quot;aName := org.xml.sax.ext.DeclHandler#attributeDecl(java.lang.String, java.lang.String, java.lang.String, java.lang.String, java.lang.String)#1 &amp; org.xml.sax.ext.DeclHandler#attributeDecl(java.lang.String, java.lang.String, java.lang.String, java.lang.String, java.lang.String)#1&quot;, &quot;valueDefault := org.xml.sax.ext.DeclHandler#attributeDecl(java.lang.String, java.lang.String, java.lang.String, java.lang.String, java.lang.String)#3 &amp; org.xml.sax.ext.DeclHandler#attributeDecl(java.lang.String, java.lang.String, java.lang.String, java.lang.String, java.lang.String)#3&quot;, &quot;value := org.xml.sax.ext.DeclHandler#attributeDecl(java.lang.String, java.lang.String, java.lang.String, java.lang.String, java.lang.String)#4 &amp; org.xml.sax.ext.DeclHandler#attributeDecl(java.lang.String, java.lang.String, java.lang.String, java.lang.String, java.lang.String)#4&quot;, &quot;eName := org.xml.sax.ext.DeclHandler#attributeDecl(java.lang.String, java.lang.String, java.lang.String, java.lang.String, java.lang.String)#0 &amp; org.xml.sax.ext.DeclHandler#attributeDecl(java.lang.String, java.lang.String, java.lang.String, java.lang.String, java.lang.String)#0&quot;, &quot;type := org.xml.sax.ext.DeclHandler#attributeDecl(java.lang.String, java.lang.String, java.lang.String, java.lang.String, java.lang.String)#2 &amp; org.xml.sax.ext.DeclHandler#attributeDecl(java.lang.String, java.lang.String, java.lang.String, java.lang.String, java.lang.String)#2&quot; }"/>
        </annotation>
    </item>
    <item name='com.sun.org.apache.xml.internal.dtm.ref.sax2dtm.SAX2DTM void characters(char[], int, int)'>
        <annotation name='com.intellij.inspections.tainted.annotation.equation.Equations'>
            <val val="{ &quot;start := org.xml.sax.ContentHandler#characters(char[], int, int)#1 &amp; org.xml.sax.ContentHandler#characters(char[], int, int)#1 &amp; #ignorableWhitespace(char[], int, int)#1 &amp; com.sun.org.apache.xalan.internal.xsltc.dom.SAXImpl#characters(char[], int, int)#1&quot;, &quot;ch := org.xml.sax.ContentHandler#characters(char[], int, int)#0 &amp; org.xml.sax.ContentHandler#characters(char[], int, int)#0 &amp; #ignorableWhitespace(char[], int, int)#0 &amp; com.sun.org.apache.xalan.internal.xsltc.dom.SAXImpl#characters(char[], int, int)#0&quot;, &quot;length := org.xml.sax.ContentHandler#characters(char[], int, int)#2 &amp; org.xml.sax.ContentHandler#characters(char[], int, int)#2 &amp; #ignorableWhitespace(char[], int, int)#2 &amp; com.sun.org.apache.xalan.internal.xsltc.dom.SAXImpl#characters(char[], int, int)#2&quot; }"/>
        </annotation>
    </item>
    <item name='com.sun.org.apache.xml.internal.dtm.ref.sax2dtm.SAX2DTM void comment(char[], int, int)'>
        <annotation name='com.intellij.inspections.tainted.annotation.equation.Equations'>
            <val val="{ &quot;start := org.xml.sax.ext.LexicalHandler#comment(char[], int, int)#1 &amp; org.xml.sax.ext.LexicalHandler#comment(char[], int, int)#1&quot;, &quot;length := org.xml.sax.ext.LexicalHandler#comment(char[], int, int)#2 &amp; org.xml.sax.ext.LexicalHandler#comment(char[], int, int)#2&quot;, &quot;ch := org.xml.sax.ext.LexicalHandler#comment(char[], int, int)#0 &amp; org.xml.sax.ext.LexicalHandler#comment(char[], int, int)#0&quot; }"/>
        </annotation>
    </item>
    <item name='com.sun.org.apache.xml.internal.dtm.ref.sax2dtm.SAX2DTM void dispatchCharactersEvents(int, org.xml.sax.ContentHandler, boolean)'>
        <annotation name='com.intellij.inspections.tainted.annotation.equation.Equations'>
            <val val="{ &quot;normalize := com.sun.org.apache.xml.internal.dtm.ref.DTMDefaultBase#dispatchCharactersEvents(int, org.xml.sax.ContentHandler, boolean)#2 &amp; com.sun.org.apache.xml.internal.dtm.ref.DTMDefaultBase#dispatchCharactersEvents(int, org.xml.sax.ContentHandler, boolean)#2&quot;, &quot;nodeHandle := com.sun.org.apache.xml.internal.dtm.ref.DTMDefaultBase#dispatchCharactersEvents(int, org.xml.sax.ContentHandler, boolean)#0 &amp; com.sun.org.apache.xml.internal.dtm.ref.DTMDefaultBase#dispatchCharactersEvents(int, org.xml.sax.ContentHandler, boolean)#0&quot;, &quot;ch := com.sun.org.apache.xml.internal.dtm.ref.DTMDefaultBase#dispatchCharactersEvents(int, org.xml.sax.ContentHandler, boolean)#1 &amp; com.sun.org.apache.xml.internal.dtm.ref.DTMDefaultBase#dispatchCharactersEvents(int, org.xml.sax.ContentHandler, boolean)#1&quot; }"/>
        </annotation>
    </item>
    <item name='com.sun.org.apache.xml.internal.dtm.ref.sax2dtm.SAX2DTM void dispatchToEvents(int, org.xml.sax.ContentHandler)'>
        <annotation name='com.intellij.inspections.tainted.annotation.equation.Equations'>
            <val val="{ &quot;nodeHandle := com.sun.org.apache.xml.internal.dtm.ref.DTMDefaultBase#dispatchToEvents(int, org.xml.sax.ContentHandler)#0 &amp; com.sun.org.apache.xml.internal.dtm.ref.DTMDefaultBase#dispatchToEvents(int, org.xml.sax.ContentHandler)#0 &amp; com.sun.org.apache.xalan.internal.xsltc.dom.AdaptiveResultTreeImpl#dispatchToEvents(int, org.xml.sax.ContentHandler)#0&quot;, &quot;ch := com.sun.org.apache.xml.internal.dtm.ref.DTMDefaultBase#dispatchToEvents(int, org.xml.sax.ContentHandler)#1 &amp; com.sun.org.apache.xml.internal.dtm.ref.DTMDefaultBase#dispatchToEvents(int, org.xml.sax.ContentHandler)#1 &amp; com.sun.org.apache.xalan.internal.xsltc.dom.AdaptiveResultTreeImpl#dispatchToEvents(int, org.xml.sax.ContentHandler)#1&quot; }"/>
        </annotation>
    </item>
    <item name='com.sun.org.apache.xml.internal.dtm.ref.sax2dtm.SAX2DTM void elementDecl(java.lang.String, java.lang.String)'>
        <annotation name='com.intellij.inspections.tainted.annotation.equation.Equations'>
            <val val="{ &quot;model := org.xml.sax.ext.DeclHandler#elementDecl(java.lang.String, java.lang.String)#1 &amp; org.xml.sax.ext.DeclHandler#elementDecl(java.lang.String, java.lang.String)#1&quot;, &quot;name := org.xml.sax.ext.DeclHandler#elementDecl(java.lang.String, java.lang.String)#0 &amp; org.xml.sax.ext.DeclHandler#elementDecl(java.lang.String, java.lang.String)#0&quot; }"/>
        </annotation>
    </item>
    <item name='com.sun.org.apache.xml.internal.dtm.ref.sax2dtm.SAX2DTM void endElement(java.lang.String, java.lang.String, java.lang.String)'>
        <annotation name='com.intellij.inspections.tainted.annotation.equation.Equations'>
            <val val="{ &quot;qName := org.xml.sax.ContentHandler#endElement(java.lang.String, java.lang.String, java.lang.String)#2 &amp; org.xml.sax.ContentHandler#endElement(java.lang.String, java.lang.String, java.lang.String)#2&quot;, &quot;localName := org.xml.sax.ContentHandler#endElement(java.lang.String, java.lang.String, java.lang.String)#1 &amp; org.xml.sax.ContentHandler#endElement(java.lang.String, java.lang.String, java.lang.String)#1&quot;, &quot;uri := org.xml.sax.ContentHandler#endElement(java.lang.String, java.lang.String, java.lang.String)#0 &amp; org.xml.sax.ContentHandler#endElement(java.lang.String, java.lang.String, java.lang.String)#0&quot; }"/>
        </annotation>
    </item>
    <item name='com.sun.org.apache.xml.internal.dtm.ref.sax2dtm.SAX2DTM void endEntity(java.lang.String)'>
        <annotation name='com.intellij.inspections.tainted.annotation.equation.Equations'>
            <val val="{ &quot;name := org.xml.sax.ext.LexicalHandler#endEntity(java.lang.String)#0 &amp; org.xml.sax.ext.LexicalHandler#endEntity(java.lang.String)#0&quot; }"/>
        </annotation>
    </item>
    <item name='com.sun.org.apache.xml.internal.dtm.ref.sax2dtm.SAX2DTM void endPrefixMapping(java.lang.String)'>
        <annotation name='com.intellij.inspections.tainted.annotation.equation.Equations'>
            <val val="{ &quot;prefix := org.xml.sax.ContentHandler#endPrefixMapping(java.lang.String)#0 &amp; org.xml.sax.ContentHandler#endPrefixMapping(java.lang.String)#0&quot; }"/>
        </annotation>
    </item>
    <item name='com.sun.org.apache.xml.internal.dtm.ref.sax2dtm.SAX2DTM void error(org.xml.sax.SAXParseException)'>
        <annotation name='com.intellij.inspections.tainted.annotation.equation.Equations'>
            <val val="{ &quot;e := org.xml.sax.ErrorHandler#error(org.xml.sax.SAXParseException)#0 &amp; org.xml.sax.ErrorHandler#error(org.xml.sax.SAXParseException)#0&quot; }"/>
        </annotation>
    </item>
    <item name='com.sun.org.apache.xml.internal.dtm.ref.sax2dtm.SAX2DTM void externalEntityDecl(java.lang.String, java.lang.String, java.lang.String)'>
        <annotation name='com.intellij.inspections.tainted.annotation.equation.Equations'>
            <val val="{ &quot;name := org.xml.sax.ext.DeclHandler#externalEntityDecl(java.lang.String, java.lang.String, java.lang.String)#0 &amp; org.xml.sax.ext.DeclHandler#externalEntityDecl(java.lang.String, java.lang.String, java.lang.String)#0&quot;, &quot;publicId := org.xml.sax.ext.DeclHandler#externalEntityDecl(java.lang.String, java.lang.String, java.lang.String)#1 &amp; org.xml.sax.ext.DeclHandler#externalEntityDecl(java.lang.String, java.lang.String, java.lang.String)#1&quot;, &quot;systemId := org.xml.sax.ext.DeclHandler#externalEntityDecl(java.lang.String, java.lang.String, java.lang.String)#2 &amp; org.xml.sax.ext.DeclHandler#externalEntityDecl(java.lang.String, java.lang.String, java.lang.String)#2&quot; }"/>
        </annotation>
    </item>
    <item name='com.sun.org.apache.xml.internal.dtm.ref.sax2dtm.SAX2DTM void fatalError(org.xml.sax.SAXParseException)'>
        <annotation name='com.intellij.inspections.tainted.annotation.equation.Equations'>
            <val val="{ &quot;e := org.xml.sax.ErrorHandler#fatalError(org.xml.sax.SAXParseException)#0 &amp; org.xml.sax.ErrorHandler#fatalError(org.xml.sax.SAXParseException)#0&quot; }"/>
        </annotation>
    </item>
    <item name='com.sun.org.apache.xml.internal.dtm.ref.sax2dtm.SAX2DTM void ignorableWhitespace(char[], int, int)'>
        <annotation name='com.intellij.inspections.tainted.annotation.equation.Equations'>
            <val val="{ &quot;ch := org.xml.sax.ContentHandler#ignorableWhitespace(char[], int, int)#0 &amp; org.xml.sax.ContentHandler#ignorableWhitespace(char[], int, int)#0 &amp; com.sun.org.apache.xalan.internal.xsltc.dom.SAXImpl#ignorableWhitespace(char[], int, int)#0&quot;, &quot;start := org.xml.sax.ContentHandler#ignorableWhitespace(char[], int, int)#1 &amp; org.xml.sax.ContentHandler#ignorableWhitespace(char[], int, int)#1 &amp; com.sun.org.apache.xalan.internal.xsltc.dom.SAXImpl#ignorableWhitespace(char[], int, int)#1&quot;, &quot;length := org.xml.sax.ContentHandler#ignorableWhitespace(char[], int, int)#2 &amp; org.xml.sax.ContentHandler#ignorableWhitespace(char[], int, int)#2 &amp; com.sun.org.apache.xalan.internal.xsltc.dom.SAXImpl#ignorableWhitespace(char[], int, int)#2&quot; }"/>
        </annotation>
    </item>
    <item name='com.sun.org.apache.xml.internal.dtm.ref.sax2dtm.SAX2DTM void internalEntityDecl(java.lang.String, java.lang.String)'>
        <annotation name='com.intellij.inspections.tainted.annotation.equation.Equations'>
            <val val="{ &quot;name := org.xml.sax.ext.DeclHandler#internalEntityDecl(java.lang.String, java.lang.String)#0 &amp; org.xml.sax.ext.DeclHandler#internalEntityDecl(java.lang.String, java.lang.String)#0&quot;, &quot;value := org.xml.sax.ext.DeclHandler#internalEntityDecl(java.lang.String, java.lang.String)#1 &amp; org.xml.sax.ext.DeclHandler#internalEntityDecl(java.lang.String, java.lang.String)#1&quot; }"/>
        </annotation>
    </item>
    <item name='com.sun.org.apache.xml.internal.dtm.ref.sax2dtm.SAX2DTM void migrateTo(com.sun.org.apache.xml.internal.dtm.DTMManager)'>
        <annotation name='com.intellij.inspections.tainted.annotation.equation.Equations'>
            <val val="{ &quot;manager := com.sun.org.apache.xml.internal.dtm.ref.DTMDefaultBase#migrateTo(com.sun.org.apache.xml.internal.dtm.DTMManager)#0 &amp; com.sun.org.apache.xml.internal.dtm.ref.DTMDefaultBase#migrateTo(com.sun.org.apache.xml.internal.dtm.DTMManager)#0 &amp; com.sun.org.apache.xalan.internal.xsltc.dom.SAXImpl#migrateTo(com.sun.org.apache.xml.internal.dtm.DTMManager)#0&quot; }"/>
        </annotation>
    </item>
    <item name='com.sun.org.apache.xml.internal.dtm.ref.sax2dtm.SAX2DTM void notationDecl(java.lang.String, java.lang.String, java.lang.String)'>
        <annotation name='com.intellij.inspections.tainted.annotation.equation.Equations'>
            <val val="{ &quot;name := org.xml.sax.DTDHandler#notationDecl(java.lang.String, java.lang.String, java.lang.String)#0 &amp; org.xml.sax.DTDHandler#notationDecl(java.lang.String, java.lang.String, java.lang.String)#0&quot;, &quot;systemId := org.xml.sax.DTDHandler#notationDecl(java.lang.String, java.lang.String, java.lang.String)#2 &amp; org.xml.sax.DTDHandler#notationDecl(java.lang.String, java.lang.String, java.lang.String)#2&quot;, &quot;publicId := org.xml.sax.DTDHandler#notationDecl(java.lang.String, java.lang.String, java.lang.String)#1 &amp; org.xml.sax.DTDHandler#notationDecl(java.lang.String, java.lang.String, java.lang.String)#1&quot; }"/>
        </annotation>
    </item>
    <item name='com.sun.org.apache.xml.internal.dtm.ref.sax2dtm.SAX2DTM void processingInstruction(java.lang.String, java.lang.String)'>
        <annotation name='com.intellij.inspections.tainted.annotation.equation.Equations'>
            <val val="{ &quot;target := org.xml.sax.ContentHandler#processingInstruction(java.lang.String, java.lang.String)#0 &amp; org.xml.sax.ContentHandler#processingInstruction(java.lang.String, java.lang.String)#0&quot;, &quot;data := org.xml.sax.ContentHandler#processingInstruction(java.lang.String, java.lang.String)#1 &amp; org.xml.sax.ContentHandler#processingInstruction(java.lang.String, java.lang.String)#1&quot; }"/>
        </annotation>
    </item>
    <item name='com.sun.org.apache.xml.internal.dtm.ref.sax2dtm.SAX2DTM void setDocumentLocator(org.xml.sax.Locator)'>
        <annotation name='com.intellij.inspections.tainted.annotation.equation.Equations'>
            <val val="{ &quot;locator := org.xml.sax.ContentHandler#setDocumentLocator(org.xml.sax.Locator)#0 &amp; org.xml.sax.ContentHandler#setDocumentLocator(org.xml.sax.Locator)#0&quot; }"/>
        </annotation>
    </item>
    <item name='com.sun.org.apache.xml.internal.dtm.ref.sax2dtm.SAX2DTM void setProperty(java.lang.String, java.lang.Object)'>
        <annotation name='com.intellij.inspections.tainted.annotation.equation.Equations'>
            <val val="{ &quot;value := com.sun.org.apache.xml.internal.dtm.DTM#setProperty(java.lang.String, java.lang.Object)#1 &amp; com.sun.org.apache.xml.internal.dtm.DTM#setProperty(java.lang.String, java.lang.Object)#1 &amp; com.sun.org.apache.xalan.internal.xsltc.dom.AdaptiveResultTreeImpl#setProperty(java.lang.String, java.lang.Object)#1&quot;, &quot;property := com.sun.org.apache.xml.internal.dtm.DTM#setProperty(java.lang.String, java.lang.Object)#0 &amp; com.sun.org.apache.xml.internal.dtm.DTM#setProperty(java.lang.String, java.lang.Object)#0 &amp; com.sun.org.apache.xalan.internal.xsltc.dom.AdaptiveResultTreeImpl#setProperty(java.lang.String, java.lang.Object)#0&quot; }"/>
        </annotation>
    </item>
    <item name='com.sun.org.apache.xml.internal.dtm.ref.sax2dtm.SAX2DTM void skippedEntity(java.lang.String)'>
        <annotation name='com.intellij.inspections.tainted.annotation.equation.Equations'>
            <val val="{ &quot;name := org.xml.sax.ContentHandler#skippedEntity(java.lang.String)#0 &amp; org.xml.sax.ContentHandler#skippedEntity(java.lang.String)#0&quot; }"/>
        </annotation>
    </item>
    <item name='com.sun.org.apache.xml.internal.dtm.ref.sax2dtm.SAX2DTM void startDTD(java.lang.String, java.lang.String, java.lang.String)'>
        <annotation name='com.intellij.inspections.tainted.annotation.equation.Equations'>
            <val val="{ &quot;systemId := org.xml.sax.ext.LexicalHandler#startDTD(java.lang.String, java.lang.String, java.lang.String)#2 &amp; org.xml.sax.ext.LexicalHandler#startDTD(java.lang.String, java.lang.String, java.lang.String)#2&quot;, &quot;publicId := org.xml.sax.ext.LexicalHandler#startDTD(java.lang.String, java.lang.String, java.lang.String)#1 &amp; org.xml.sax.ext.LexicalHandler#startDTD(java.lang.String, java.lang.String, java.lang.String)#1&quot;, &quot;name := org.xml.sax.ext.LexicalHandler#startDTD(java.lang.String, java.lang.String, java.lang.String)#0 &amp; org.xml.sax.ext.LexicalHandler#startDTD(java.lang.String, java.lang.String, java.lang.String)#0&quot; }"/>
        </annotation>
    </item>
    <item name='com.sun.org.apache.xml.internal.dtm.ref.sax2dtm.SAX2DTM void startElement(java.lang.String, java.lang.String, java.lang.String, org.xml.sax.Attributes)'>
        <annotation name='com.intellij.inspections.tainted.annotation.equation.Equations'>
            <val val="{ &quot;attributes := org.xml.sax.ContentHandler#startElement(java.lang.String, java.lang.String, java.lang.String, org.xml.sax.Attributes)#3 &amp; org.xml.sax.ContentHandler#startElement(java.lang.String, java.lang.String, java.lang.String, org.xml.sax.Attributes)#3&quot;, &quot;qName := org.xml.sax.ContentHandler#startElement(java.lang.String, java.lang.String, java.lang.String, org.xml.sax.Attributes)#2 &amp; org.xml.sax.ContentHandler#startElement(java.lang.String, java.lang.String, java.lang.String, org.xml.sax.Attributes)#2&quot;, &quot;localName := org.xml.sax.ContentHandler#startElement(java.lang.String, java.lang.String, java.lang.String, org.xml.sax.Attributes)#1 &amp; org.xml.sax.ContentHandler#startElement(java.lang.String, java.lang.String, java.lang.String, org.xml.sax.Attributes)#1&quot;, &quot;uri := org.xml.sax.ContentHandler#startElement(java.lang.String, java.lang.String, java.lang.String, org.xml.sax.Attributes)#0 &amp; org.xml.sax.ContentHandler#startElement(java.lang.String, java.lang.String, java.lang.String, org.xml.sax.Attributes)#0&quot; }"/>
        </annotation>
    </item>
    <item name='com.sun.org.apache.xml.internal.dtm.ref.sax2dtm.SAX2DTM void startEntity(java.lang.String)'>
        <annotation name='com.intellij.inspections.tainted.annotation.equation.Equations'>
            <val val="{ &quot;name := org.xml.sax.ext.LexicalHandler#startEntity(java.lang.String)#0 &amp; org.xml.sax.ext.LexicalHandler#startEntity(java.lang.String)#0&quot; }"/>
        </annotation>
    </item>
    <item name='com.sun.org.apache.xml.internal.dtm.ref.sax2dtm.SAX2DTM void startPrefixMapping(java.lang.String, java.lang.String)'>
        <annotation name='com.intellij.inspections.tainted.annotation.equation.Equations'>
            <val val="{ &quot;uri := org.xml.sax.ContentHandler#startPrefixMapping(java.lang.String, java.lang.String)#1 &amp; org.xml.sax.ContentHandler#startPrefixMapping(java.lang.String, java.lang.String)#1 &amp; com.sun.org.apache.xalan.internal.xsltc.dom.SAXImpl#startPrefixMapping(java.lang.String, java.lang.String)#1&quot;, &quot;prefix := org.xml.sax.ContentHandler#startPrefixMapping(java.lang.String, java.lang.String)#0 &amp; org.xml.sax.ContentHandler#startPrefixMapping(java.lang.String, java.lang.String)#0 &amp; com.sun.org.apache.xalan.internal.xsltc.dom.SAXImpl#startPrefixMapping(java.lang.String, java.lang.String)#0&quot; }"/>
        </annotation>
    </item>
    <item name='com.sun.org.apache.xml.internal.dtm.ref.sax2dtm.SAX2DTM void unparsedEntityDecl(java.lang.String, java.lang.String, java.lang.String, java.lang.String)'>
        <annotation name='com.intellij.inspections.tainted.annotation.equation.Equations'>
            <val val="{ &quot;notationName := org.xml.sax.DTDHandler#unparsedEntityDecl(java.lang.String, java.lang.String, java.lang.String, java.lang.String)#3 &amp; org.xml.sax.DTDHandler#unparsedEntityDecl(java.lang.String, java.lang.String, java.lang.String, java.lang.String)#3&quot;, &quot;name := org.xml.sax.DTDHandler#unparsedEntityDecl(java.lang.String, java.lang.String, java.lang.String, java.lang.String)#0 &amp; org.xml.sax.DTDHandler#unparsedEntityDecl(java.lang.String, java.lang.String, java.lang.String, java.lang.String)#0&quot;, &quot;systemId := org.xml.sax.DTDHandler#unparsedEntityDecl(java.lang.String, java.lang.String, java.lang.String, java.lang.String)#2 &amp; org.xml.sax.DTDHandler#unparsedEntityDecl(java.lang.String, java.lang.String, java.lang.String, java.lang.String)#2&quot;, &quot;publicId := org.xml.sax.DTDHandler#unparsedEntityDecl(java.lang.String, java.lang.String, java.lang.String, java.lang.String)#1 &amp; org.xml.sax.DTDHandler#unparsedEntityDecl(java.lang.String, java.lang.String, java.lang.String, java.lang.String)#1&quot; }"/>
        </annotation>
    </item>
    <item name='com.sun.org.apache.xml.internal.dtm.ref.sax2dtm.SAX2DTM void warning(org.xml.sax.SAXParseException)'>
        <annotation name='com.intellij.inspections.tainted.annotation.equation.Equations'>
            <val val="{ &quot;e := org.xml.sax.ErrorHandler#warning(org.xml.sax.SAXParseException)#0 &amp; org.xml.sax.ErrorHandler#warning(org.xml.sax.SAXParseException)#0&quot; }"/>
        </annotation>
    </item>
    <item name='com.sun.org.apache.xml.internal.dtm.ref.sax2dtm.SAX2DTM2'>
        <annotation name='com.intellij.inspections.tainted.annotation.equation.Equations'>
            <val val="{ &quot;SAX2DTM2 := com.sun.org.apache.xml.internal.dtm.DTM#NULL &amp; com.sun.org.apache.xml.internal.dtm.DTM#TEXT_NODE&quot; }"/>
        </annotation>
    </item>
    <item name='com.sun.org.apache.xml.internal.dtm.ref.sax2dtm.SAX2DTM2 SAX2DTM2(com.sun.org.apache.xml.internal.dtm.DTMManager, javax.xml.transform.Source, int, com.sun.org.apache.xml.internal.dtm.DTMWSFilter, com.sun.org.apache.xml.internal.utils.XMLStringFactory, boolean)'>
        <annotation name='com.intellij.inspections.tainted.annotation.equation.Equations'>
            <val val="{ &quot;SAX2DTM2 := SAX2DTM2&quot; }"/>
        </annotation>
    </item>
    <item name='com.sun.org.apache.xml.internal.dtm.ref.sax2dtm.SAX2DTM2 SAX2DTM2(com.sun.org.apache.xml.internal.dtm.DTMManager, javax.xml.transform.Source, int, com.sun.org.apache.xml.internal.dtm.DTMWSFilter, com.sun.org.apache.xml.internal.utils.XMLStringFactory, boolean, int, boolean, boolean, boolean)'>
        <annotation name='com.intellij.inspections.tainted.annotation.equation.Equations'>
            <val val="{ &quot;doIndexing := #SAX2DTM2(com.sun.org.apache.xml.internal.dtm.DTMManager, javax.xml.transform.Source, int, com.sun.org.apache.xml.internal.dtm.DTMWSFilter, com.sun.org.apache.xml.internal.utils.XMLStringFactory, boolean)#5 &amp; com.sun.org.apache.xalan.internal.xsltc.dom.SAXImpl#SAXImpl(com.sun.org.apache.xalan.internal.xsltc.dom.XSLTCDTMManager, javax.xml.transform.Source, int, com.sun.org.apache.xml.internal.dtm.DTMWSFilter, com.sun.org.apache.xml.internal.utils.XMLStringFactory, boolean, int, boolean, boolean)#5&quot;, &quot;dtmIdentity := #SAX2DTM2(com.sun.org.apache.xml.internal.dtm.DTMManager, javax.xml.transform.Source, int, com.sun.org.apache.xml.internal.dtm.DTMWSFilter, com.sun.org.apache.xml.internal.utils.XMLStringFactory, boolean)#2 &amp; com.sun.org.apache.xalan.internal.xsltc.dom.SAXImpl#SAXImpl(com.sun.org.apache.xalan.internal.xsltc.dom.XSLTCDTMManager, javax.xml.transform.Source, int, com.sun.org.apache.xml.internal.dtm.DTMWSFilter, com.sun.org.apache.xml.internal.utils.XMLStringFactory, boolean, int, boolean, boolean)#2&quot;, &quot;newNameTable := com.sun.org.apache.xalan.internal.xsltc.dom.SAXImpl#SAXImpl(com.sun.org.apache.xalan.internal.xsltc.dom.XSLTCDTMManager, javax.xml.transform.Source, int, com.sun.org.apache.xml.internal.dtm.DTMWSFilter, com.sun.org.apache.xml.internal.utils.XMLStringFactory, boolean, int, boolean, boolean)#8&quot;, &quot;whiteSpaceFilter := #SAX2DTM2(com.sun.org.apache.xml.internal.dtm.DTMManager, javax.xml.transform.Source, int, com.sun.org.apache.xml.internal.dtm.DTMWSFilter, com.sun.org.apache.xml.internal.utils.XMLStringFactory, boolean)#3 &amp; com.sun.org.apache.xalan.internal.xsltc.dom.SAXImpl#SAXImpl(com.sun.org.apache.xalan.internal.xsltc.dom.XSLTCDTMManager, javax.xml.transform.Source, int, com.sun.org.apache.xml.internal.dtm.DTMWSFilter, com.sun.org.apache.xml.internal.utils.XMLStringFactory, boolean, int, boolean, boolean)#3&quot;, &quot;xstringfactory := #SAX2DTM2(com.sun.org.apache.xml.internal.dtm.DTMManager, javax.xml.transform.Source, int, com.sun.org.apache.xml.internal.dtm.DTMWSFilter, com.sun.org.apache.xml.internal.utils.XMLStringFactory, boolean)#4 &amp; com.sun.org.apache.xalan.internal.xsltc.dom.SAXImpl#SAXImpl(com.sun.org.apache.xalan.internal.xsltc.dom.XSLTCDTMManager, javax.xml.transform.Source, int, com.sun.org.apache.xml.internal.dtm.DTMWSFilter, com.sun.org.apache.xml.internal.utils.XMLStringFactory, boolean, int, boolean, boolean)#4&quot;, &quot;mgr := #SAX2DTM2(com.sun.org.apache.xml.internal.dtm.DTMManager, javax.xml.transform.Source, int, com.sun.org.apache.xml.internal.dtm.DTMWSFilter, com.sun.org.apache.xml.internal.utils.XMLStringFactory, boolean)#0 &amp; com.sun.org.apache.xalan.internal.xsltc.dom.SAXImpl#SAXImpl(com.sun.org.apache.xalan.internal.xsltc.dom.XSLTCDTMManager, javax.xml.transform.Source, int, com.sun.org.apache.xml.internal.dtm.DTMWSFilter, com.sun.org.apache.xml.internal.utils.XMLStringFactory, boolean, int, boolean, boolean)#0&quot;, &quot;blocksize := com.sun.org.apache.xml.internal.dtm.ref.DTMDefaultBase#DEFAULT_BLOCKSIZE &amp; com.sun.org.apache.xalan.internal.xsltc.dom.SAXImpl#SAXImpl(com.sun.org.apache.xalan.internal.xsltc.dom.XSLTCDTMManager, javax.xml.transform.Source, int, com.sun.org.apache.xml.internal.dtm.DTMWSFilter, com.sun.org.apache.xml.internal.utils.XMLStringFactory, boolean, int, boolean, boolean)#6&quot;, &quot;SAX2DTM2 := SAX2DTM2&quot;, &quot;source := #SAX2DTM2(com.sun.org.apache.xml.internal.dtm.DTMManager, javax.xml.transform.Source, int, com.sun.org.apache.xml.internal.dtm.DTMWSFilter, com.sun.org.apache.xml.internal.utils.XMLStringFactory, boolean)#1 &amp; com.sun.org.apache.xalan.internal.xsltc.dom.SAXImpl#SAXImpl(com.sun.org.apache.xalan.internal.xsltc.dom.XSLTCDTMManager, javax.xml.transform.Source, int, com.sun.org.apache.xml.internal.dtm.DTMWSFilter, com.sun.org.apache.xml.internal.utils.XMLStringFactory, boolean, int, boolean, boolean)#1&quot;, &quot;buildIdIndex := com.sun.org.apache.xalan.internal.xsltc.dom.SAXImpl#SAXImpl(com.sun.org.apache.xalan.internal.xsltc.dom.XSLTCDTMManager, javax.xml.transform.Source, int, com.sun.org.apache.xml.internal.dtm.DTMWSFilter, com.sun.org.apache.xml.internal.utils.XMLStringFactory, boolean, int, boolean, boolean)#7&quot; }"/>
        </annotation>
    </item>
    <item name='com.sun.org.apache.xml.internal.dtm.ref.sax2dtm.SAX2DTM2 com.sun.org.apache.xml.internal.utils.XMLString getStringValue(int)'>
        <annotation name='com.intellij.inspections.tainted.annotation.equation.Equations'>
            <val val="{ &quot;nodeHandle := SAX2DTM#getStringValue(int)#0 &amp; SAX2DTM#getStringValue(int)#0 &amp; com.sun.org.apache.xalan.internal.xsltc.dom.AdaptiveResultTreeImpl#getStringValue(int)#0&quot;, &quot;getStringValue := #EMPTY_XML_STR&quot; }"/>
        </annotation>
    </item>
    <item name='com.sun.org.apache.xml.internal.dtm.ref.sax2dtm.SAX2DTM2 int _exptype(int)'>
        <annotation name='com.intellij.inspections.tainted.annotation.equation.Equations'>
            <val val="{ &quot;identity := com.sun.org.apache.xml.internal.dtm.ref.DTMDefaultBase#_exptype(int)#0 &amp; com.sun.org.apache.xml.internal.dtm.ref.DTMDefaultBase#_exptype(int)#0&quot; }"/>
        </annotation>
    </item>
    <item name='com.sun.org.apache.xml.internal.dtm.ref.sax2dtm.SAX2DTM2 int _exptype2(int)'>
        <annotation name='com.intellij.inspections.tainted.annotation.equation.Equations'>
            <val val="{ &quot;_exptype2 := SAX2DTM2&quot;, &quot;identity := SAX2DTM2.ParentIterator &amp; SAX2DTM2.TypedChildrenIterator &amp; SAX2DTM2.TypedFollowingSiblingIterator &amp; SAX2DTM2.TypedPrecedingSiblingIterator &amp; SAX2DTM2.TypedPrecedingIterator &amp; com.sun.org.apache.xml.internal.dtm.DTM#NULL &amp; SAX2DTM2.DescendantIterator &amp; SAX2DTM2.TypedDescendantIterator&quot; }"/>
        </annotation>
    </item>
    <item name='com.sun.org.apache.xml.internal.dtm.ref.sax2dtm.SAX2DTM2 int _exptype2Type(int)'>
        <annotation name='com.intellij.inspections.tainted.annotation.equation.Equations'>
            <val val="{ &quot;_exptype2Type := com.sun.org.apache.xml.internal.dtm.DTM#NULL&quot; }"/>
        </annotation>
    </item>
    <item name='com.sun.org.apache.xml.internal.dtm.ref.sax2dtm.SAX2DTM2 int _firstch2(int)'>
        <annotation name='com.intellij.inspections.tainted.annotation.equation.Equations'>
            <val val="{ &quot;_firstch2 := SAX2DTM2&quot;, &quot;identity := SAX2DTM2.PrecedingSiblingIterator &amp; SAX2DTM2.FollowingIterator#setStartNode(int)#0 &amp; com.sun.org.apache.xml.internal.dtm.ref.DTMDefaultBase#ROOTNODE&quot; }"/>
        </annotation>
    </item>
    <item name='com.sun.org.apache.xml.internal.dtm.ref.sax2dtm.SAX2DTM2 int _nextsib2(int)'>
        <annotation name='com.intellij.inspections.tainted.annotation.equation.Equations'>
            <val val="{ &quot;identity := SAX2DTM2.ChildrenIterator &amp; SAX2DTM2.TypedChildrenIterator &amp; SAX2DTM2.FollowingSiblingIterator &amp; SAX2DTM2.TypedFollowingSiblingIterator &amp; SAX2DTM2.PrecedingSiblingIterator &amp; SAX2DTM2.TypedPrecedingSiblingIterator &amp; SAX2DTM2.FollowingIterator#setStartNode(int)#0&quot;, &quot;_nextsib2 := SAX2DTM2&quot; }"/>
        </annotation>
    </item>
    <item name='com.sun.org.apache.xml.internal.dtm.ref.sax2dtm.SAX2DTM2 int _parent2(int)'>
        <annotation name='com.intellij.inspections.tainted.annotation.equation.Equations'>
            <val val="{ &quot;identity := SAX2DTM2.PrecedingSiblingIterator#setStartNode(int)#0 &amp; SAX2DTM2.PrecedingIterator#setStartNode(int)#0 &amp; SAX2DTM2.FollowingIterator#setStartNode(int)#0 &amp; SAX2DTM2.DescendantIterator#isDescendant(int)#0 &amp; SAX2DTM2.TypedDescendantIterator&quot;, &quot;_parent2 := SAX2DTM2&quot; }"/>
        </annotation>
    </item>
    <item name='com.sun.org.apache.xml.internal.dtm.ref.sax2dtm.SAX2DTM2 int _type2(int)'>
        <annotation name='com.intellij.inspections.tainted.annotation.equation.Equations'>
            <val val="{ &quot;identity := SAX2DTM2.ParentIterator &amp; SAX2DTM2.PrecedingSiblingIterator#setStartNode(int)#0 &amp; SAX2DTM2.PrecedingIterator#setStartNode(int)#0 &amp; SAX2DTM2.PrecedingIterator &amp; SAX2DTM2.FollowingIterator#setStartNode(int)#0 &amp; com.sun.org.apache.xml.internal.dtm.DTM#NULL &amp; SAX2DTM2.DescendantIterator &amp; #getFirstAttributeIdentity(int)#0 &amp; #getNextAttributeIdentity(int)#0&quot;, &quot;_type2 := com.sun.org.apache.xml.internal.dtm.DTM#NULL&quot; }"/>
        </annotation>
    </item>
    <item name='com.sun.org.apache.xml.internal.dtm.ref.sax2dtm.SAX2DTM2 int addNode(int, int, int, int, int, boolean)'>
        <annotation name='com.intellij.inspections.tainted.annotation.equation.Equations'>
            <val val="{ &quot;canHaveFirstChild := SAX2DTM#addNode(int, int, int, int, int, boolean)#5 &amp; SAX2DTM#addNode(int, int, int, int, int, boolean)#5&quot;, &quot;dataOrPrefix := SAX2DTM#addNode(int, int, int, int, int, boolean)#4 &amp; SAX2DTM#addNode(int, int, int, int, int, boolean)#4 &amp; SAX2DTM2 &amp; #TEXT_LENGTH_BITS&quot;, &quot;parentIndex := com.sun.org.apache.xml.internal.dtm.DTM#NULL &amp; SAX2DTM#addNode(int, int, int, int, int, boolean)#2 &amp; SAX2DTM#addNode(int, int, int, int, int, boolean)#2&quot;, &quot;previousSibling := com.sun.org.apache.xml.internal.dtm.DTM#NULL &amp; SAX2DTM#addNode(int, int, int, int, int, boolean)#3 &amp; SAX2DTM2 &amp; SAX2DTM#addNode(int, int, int, int, int, boolean)#3&quot;, &quot;expandedTypeID := com.sun.org.apache.xml.internal.dtm.DTM#DOCUMENT_NODE &amp; SAX2DTM#addNode(int, int, int, int, int, boolean)#1 &amp; com.sun.org.apache.xml.internal.dtm.DTM#COMMENT_NODE &amp; SAX2DTM#addNode(int, int, int, int, int, boolean)#1 &amp; com.sun.org.apache.xml.internal.dtm.DTM#TEXT_NODE &amp; com.sun.org.apache.xml.internal.dtm.DTM#PROCESSING_INSTRUCTION_NODE&quot;, &quot;type := com.sun.org.apache.xml.internal.dtm.DTM#DOCUMENT_NODE &amp; SAX2DTM#addNode(int, int, int, int, int, boolean)#0 &amp; com.sun.org.apache.xml.internal.dtm.DTM#ELEMENT_NODE &amp; com.sun.org.apache.xml.internal.dtm.DTM#NAMESPACE_NODE &amp; com.sun.org.apache.xml.internal.dtm.DTM#ATTRIBUTE_NODE &amp; com.sun.org.apache.xml.internal.dtm.DTM#COMMENT_NODE &amp; SAX2DTM#addNode(int, int, int, int, int, boolean)#0 &amp; SAX2DTM2 &amp; com.sun.org.apache.xml.internal.dtm.DTM#PROCESSING_INSTRUCTION_NODE&quot; }"/>
        </annotation>
    </item>
    <item name='com.sun.org.apache.xml.internal.dtm.ref.sax2dtm.SAX2DTM2 int getExpandedTypeID2(int)'>
        <annotation name='com.intellij.inspections.tainted.annotation.equation.Equations'>
            <val val="{ &quot;getExpandedTypeID2 := SAX2DTM2 &amp; com.sun.org.apache.xml.internal.dtm.DTM#NULL&quot; }"/>
        </annotation>
    </item>
    <item name='com.sun.org.apache.xml.internal.dtm.ref.sax2dtm.SAX2DTM2 int getFirstAttribute(int)'>
        <annotation name='com.intellij.inspections.tainted.annotation.equation.Equations'>
            <val val="{ &quot;nodeHandle := com.sun.org.apache.xalan.internal.xsltc.dom.SAXImpl#print(int, int)#0 &amp; com.sun.org.apache.xml.internal.dtm.ref.DTMDefaultBase#getFirstAttribute(int)#0 &amp; com.sun.org.apache.xml.internal.dtm.ref.DTMDefaultBase#getFirstAttribute(int)#0 &amp; com.sun.org.apache.xalan.internal.xsltc.dom.SAXImpl#getAttributeNode(int, int)#1 &amp; com.sun.org.apache.xalan.internal.xsltc.dom.SAXImpl.NamespaceAttributeIterator#setStartNode(int)#0 &amp; com.sun.org.apache.xalan.internal.xsltc.dom.AdaptiveResultTreeImpl#getFirstAttribute(int)#0&quot;, &quot;getFirstAttribute := com.sun.org.apache.xml.internal.dtm.DTM#NULL&quot; }"/>
        </annotation>
    </item>
    <item name='com.sun.org.apache.xml.internal.dtm.ref.sax2dtm.SAX2DTM2 int getFirstAttributeIdentity(int)'>
        <annotation name='com.intellij.inspections.tainted.annotation.equation.Equations'>
            <val val="{ &quot;getFirstAttributeIdentity := com.sun.org.apache.xml.internal.dtm.DTM#NULL &amp; identity&quot;, &quot;identity := com.sun.org.apache.xml.internal.dtm.ref.DTMDefaultBase#getFirstAttributeIdentity(int)#0 &amp; com.sun.org.apache.xml.internal.dtm.ref.DTMDefaultBase#getFirstAttributeIdentity(int)#0 &amp; #copyAttributes(int, com.sun.org.apache.xml.internal.serializer.SerializationHandler)#0&quot; }"/>
        </annotation>
    </item>
    <item name='com.sun.org.apache.xml.internal.dtm.ref.sax2dtm.SAX2DTM2 int getIdForNamespace(java.lang.String)'>
        <annotation name='com.intellij.inspections.tainted.annotation.equation.Equations'>
            <val val="{ &quot;uri := SAX2DTM#getIdForNamespace(java.lang.String)#0 &amp; SAX2DTM#getIdForNamespace(java.lang.String)#0 &amp; com.sun.org.apache.xalan.internal.xsltc.dom.SAXImpl#getNamespaceMapping(java.lang.String[])#0 &amp; com.sun.org.apache.xalan.internal.xsltc.dom.SAXImpl#getReverseNamespaceMapping(java.lang.String[])#0 &amp; com.sun.org.apache.xalan.internal.xsltc.dom.SAXImpl#definePrefixAndUri(java.lang.String, java.lang.String)#1&quot; }"/>
        </annotation>
    </item>
    <item name='com.sun.org.apache.xml.internal.dtm.ref.sax2dtm.SAX2DTM2 int getNextAttributeIdentity(int)'>
        <annotation name='com.intellij.inspections.tainted.annotation.equation.Equations'>
            <val val="{ &quot;identity := com.sun.org.apache.xml.internal.dtm.ref.DTMDefaultBase#getNextAttributeIdentity(int)#0 &amp; SAX2DTM2.AttributeIterator &amp; com.sun.org.apache.xml.internal.dtm.ref.DTMDefaultBase#getNextAttributeIdentity(int)#0&quot;, &quot;getNextAttributeIdentity := identity &amp; com.sun.org.apache.xml.internal.dtm.DTM#NULL&quot; }"/>
        </annotation>
    </item>
    <item name='com.sun.org.apache.xml.internal.dtm.ref.sax2dtm.SAX2DTM2 int getNextNamespaceNode2(int)'>
        <annotation name='com.intellij.inspections.tainted.annotation.equation.Equations'>
            <val val="{ &quot;baseID := #copyNS(int, com.sun.org.apache.xml.internal.serializer.SerializationHandler, boolean)#0&quot;, &quot;getNextNamespaceNode2 := baseID &amp; com.sun.org.apache.xml.internal.dtm.DTM#NULL&quot; }"/>
        </annotation>
    </item>
    <item name='com.sun.org.apache.xml.internal.dtm.ref.sax2dtm.SAX2DTM2 int getTypedAttribute(int, int)'>
        <annotation name='com.intellij.inspections.tainted.annotation.equation.Equations'>
            <val val="{ &quot;attType := com.sun.org.apache.xml.internal.dtm.ref.DTMDefaultBase#getTypedAttribute(int, int)#1 &amp; SAX2DTM2.TypedAttributeIterator &amp; com.sun.org.apache.xml.internal.dtm.ref.DTMDefaultBase#getTypedAttribute(int, int)#1&quot;, &quot;getTypedAttribute := com.sun.org.apache.xml.internal.dtm.DTM#NULL&quot;, &quot;nodeHandle := com.sun.org.apache.xml.internal.dtm.ref.DTMDefaultBase#getTypedAttribute(int, int)#0 &amp; SAX2DTM2.TypedAttributeIterator#setStartNode(int)#0 &amp; com.sun.org.apache.xml.internal.dtm.ref.DTMDefaultBase#getTypedAttribute(int, int)#0&quot; }"/>
        </annotation>
    </item>
    <item name='com.sun.org.apache.xml.internal.dtm.ref.sax2dtm.SAX2DTM2 java.lang.String copyElement(int, int, com.sun.org.apache.xml.internal.serializer.SerializationHandler)'>
        <annotation name='com.intellij.inspections.tainted.annotation.equation.Equations'>
            <val val="{ &quot;handler := com.sun.org.apache.xalan.internal.xsltc.dom.SAXImpl#copy(int, com.sun.org.apache.xml.internal.serializer.SerializationHandler, boolean)#1 &amp; com.sun.org.apache.xalan.internal.xsltc.dom.SAXImpl#shallowCopy(int, com.sun.org.apache.xml.internal.serializer.SerializationHandler)#1&quot; }"/>
        </annotation>
    </item>
    <item name='com.sun.org.apache.xml.internal.dtm.ref.sax2dtm.SAX2DTM2 java.lang.String getLocalName(int)'>
        <annotation name='com.intellij.inspections.tainted.annotation.equation.Equations'>
            <val val="{ &quot;nodeHandle := SAX2DTM#getLocalName(int)#0 &amp; SAX2DTM#getLocalName(int)#0 &amp; com.sun.org.apache.xml.internal.dtm.DTMAxisIterator#END &amp; com.sun.org.apache.xalan.internal.xsltc.dom.SAXImpl#getNodeName(int)#0 &amp; com.sun.org.apache.xalan.internal.xsltc.dom.AdaptiveResultTreeImpl#getLocalName(int)#0&quot; }"/>
        </annotation>
    </item>
    <item name='com.sun.org.apache.xml.internal.dtm.ref.sax2dtm.SAX2DTM2 java.lang.String getNodeName(int)'>
        <annotation name='com.intellij.inspections.tainted.annotation.equation.Equations'>
            <val val="{ &quot;getNodeName := com.sun.org.apache.xalan.internal.xsltc.dom.SAXImpl#getNodeName(int)&quot;, &quot;nodeHandle := SAX2DTM#getNodeName(int)#0 &amp; SAX2DTM#getNodeName(int)#0 &amp; com.sun.org.apache.xalan.internal.xsltc.dom.SAXImpl#getNodeName(int)#0&quot; }"/>
        </annotation>
    </item>
    <item name='com.sun.org.apache.xml.internal.dtm.ref.sax2dtm.SAX2DTM2 java.lang.String getNodeNameX(int)'>
        <annotation name='com.intellij.inspections.tainted.annotation.equation.Equations'>
            <val val="{ &quot;nodeHandle := SAX2DTM#getNodeNameX(int)#0 &amp; SAX2DTM#getNodeNameX(int)#0 &amp; com.sun.org.apache.xalan.internal.xsltc.dom.SAXImpl#copy(int, com.sun.org.apache.xml.internal.serializer.SerializationHandler, boolean)#0 &amp; com.sun.org.apache.xalan.internal.xsltc.dom.SAXImpl#shallowCopy(int, com.sun.org.apache.xml.internal.serializer.SerializationHandler)#0 &amp; com.sun.org.apache.xalan.internal.xsltc.dom.AdaptiveResultTreeImpl#getNodeNameX(int)#0&quot; }"/>
        </annotation>
    </item>
    <item name='com.sun.org.apache.xml.internal.dtm.ref.sax2dtm.SAX2DTM2 java.lang.String getNodeValue(int)'>
        <annotation name='com.intellij.inspections.tainted.annotation.equation.Equations'>
            <val val="{ &quot;nodeHandle := SAX2DTM#getNodeValue(int)#0 &amp; SAX2DTM#getNodeValue(int)#0 &amp; com.sun.org.apache.xalan.internal.xsltc.dom.SAXImpl#copy(int, com.sun.org.apache.xml.internal.serializer.SerializationHandler, boolean)#0 &amp; com.sun.org.apache.xalan.internal.xsltc.dom.SAXImpl#shallowCopy(int, com.sun.org.apache.xml.internal.serializer.SerializationHandler)#0 &amp; com.sun.org.apache.xalan.internal.xsltc.dom.AdaptiveResultTreeImpl#getNodeValue(int)#0&quot; }"/>
        </annotation>
    </item>
    <item name='com.sun.org.apache.xml.internal.dtm.ref.sax2dtm.SAX2DTM2 java.lang.String getStringValue()'>
        <annotation name='com.intellij.inspections.tainted.annotation.equation.Equations'>
            <val val="{ &quot;getStringValue := #EMPTY_STR&quot; }"/>
        </annotation>
    </item>
    <item name='com.sun.org.apache.xml.internal.dtm.ref.sax2dtm.SAX2DTM2 java.lang.String getStringValueX(int)'>
        <annotation name='com.intellij.inspections.tainted.annotation.equation.Equations'>
            <val val="{ &quot;nodeHandle := com.sun.org.apache.xalan.internal.xsltc.dom.SAXImpl#print(int, int)#0 &amp; com.sun.org.apache.xalan.internal.xsltc.dom.SAXImpl#copy(int, com.sun.org.apache.xml.internal.serializer.SerializationHandler, boolean)#0 &amp; com.sun.org.apache.xalan.internal.xsltc.dom.SAXImpl#copyPI(int, com.sun.org.apache.xml.internal.serializer.SerializationHandler)#0 &amp; com.sun.org.apache.xalan.internal.xsltc.dom.SAXImpl#shallowCopy(int, com.sun.org.apache.xml.internal.serializer.SerializationHandler)#0 &amp; com.sun.org.apache.xalan.internal.xsltc.dom.AdaptiveResultTreeImpl#getStringValueX(int)#0&quot;, &quot;getStringValueX := #EMPTY_STR&quot; }"/>
        </annotation>
    </item>
    <item name='com.sun.org.apache.xml.internal.dtm.ref.sax2dtm.SAX2DTM2 void comment(char[], int, int)'>
        <annotation name='com.intellij.inspections.tainted.annotation.equation.Equations'>
            <val val="{ &quot;length := SAX2DTM#comment(char[], int, int)#2 &amp; SAX2DTM#comment(char[], int, int)#2 &amp; com.sun.org.apache.xalan.internal.xsltc.dom.SAXImpl#comment(char[], int, int)#2&quot;, &quot;start := SAX2DTM#comment(char[], int, int)#1 &amp; SAX2DTM#comment(char[], int, int)#1 &amp; com.sun.org.apache.xalan.internal.xsltc.dom.SAXImpl#comment(char[], int, int)#1&quot;, &quot;ch := SAX2DTM#comment(char[], int, int)#0 &amp; SAX2DTM#comment(char[], int, int)#0 &amp; com.sun.org.apache.xalan.internal.xsltc.dom.SAXImpl#comment(char[], int, int)#0&quot; }"/>
        </annotation>
    </item>
    <item name='com.sun.org.apache.xml.internal.dtm.ref.sax2dtm.SAX2DTM2 void copyAttribute(int, int, com.sun.org.apache.xml.internal.serializer.SerializationHandler)'>
        <annotation name='com.intellij.inspections.tainted.annotation.equation.Equations'>
            <val val="{ &quot;handler := #copyAttributes(int, com.sun.org.apache.xml.internal.serializer.SerializationHandler)#1 &amp; com.sun.org.apache.xalan.internal.xsltc.dom.SAXImpl#copy(int, com.sun.org.apache.xml.internal.serializer.SerializationHandler, boolean)#1 &amp; com.sun.org.apache.xalan.internal.xsltc.dom.SAXImpl#shallowCopy(int, com.sun.org.apache.xml.internal.serializer.SerializationHandler)#1&quot; }"/>
        </annotation>
    </item>
    <item name='com.sun.org.apache.xml.internal.dtm.ref.sax2dtm.SAX2DTM2 void copyAttributes(int, com.sun.org.apache.xml.internal.serializer.SerializationHandler)'>
        <annotation name='com.intellij.inspections.tainted.annotation.equation.Equations'>
            <val val="{ &quot;handler := com.sun.org.apache.xalan.internal.xsltc.dom.SAXImpl#copy(int, com.sun.org.apache.xml.internal.serializer.SerializationHandler, boolean)#1&quot; }"/>
        </annotation>
    </item>
    <item name='com.sun.org.apache.xml.internal.dtm.ref.sax2dtm.SAX2DTM2 void copyNS(int, com.sun.org.apache.xml.internal.serializer.SerializationHandler, boolean)'>
        <annotation name='com.intellij.inspections.tainted.annotation.equation.Equations'>
            <val val="{ &quot;handler := com.sun.org.apache.xalan.internal.xsltc.dom.SAXImpl#copy(int, com.sun.org.apache.xml.internal.serializer.SerializationHandler, boolean)#1 &amp; com.sun.org.apache.xalan.internal.xsltc.dom.SAXImpl#shallowCopy(int, com.sun.org.apache.xml.internal.serializer.SerializationHandler)#1&quot; }"/>
        </annotation>
    </item>
    <item name='com.sun.org.apache.xml.internal.dtm.ref.sax2dtm.SAX2DTM2 void copyTextNode(int, com.sun.org.apache.xml.internal.serializer.SerializationHandler)'>
        <annotation name='com.intellij.inspections.tainted.annotation.equation.Equations'>
            <val val="{ &quot;handler := com.sun.org.apache.xalan.internal.xsltc.dom.SAXImpl#copy(int, com.sun.org.apache.xml.internal.serializer.SerializationHandler, boolean)#1 &amp; com.sun.org.apache.xalan.internal.xsltc.dom.SAXImpl#shallowCopy(int, com.sun.org.apache.xml.internal.serializer.SerializationHandler)#1&quot; }"/>
        </annotation>
    </item>
    <item name='com.sun.org.apache.xml.internal.dtm.ref.sax2dtm.SAX2DTM2 void dispatchCharactersEvents(int, org.xml.sax.ContentHandler, boolean)'>
        <annotation name='com.intellij.inspections.tainted.annotation.equation.Equations'>
            <val val="{ &quot;nodeHandle := SAX2DTM#dispatchCharactersEvents(int, org.xml.sax.ContentHandler, boolean)#0 &amp; SAX2DTM#dispatchCharactersEvents(int, org.xml.sax.ContentHandler, boolean)#0 &amp; com.sun.org.apache.xalan.internal.xsltc.dom.SAXImpl#characters(int, com.sun.org.apache.xml.internal.serializer.SerializationHandler)#0 &amp; com.sun.org.apache.xalan.internal.xsltc.dom.AdaptiveResultTreeImpl#dispatchCharactersEvents(int, org.xml.sax.ContentHandler, boolean)#0&quot;, &quot;normalize := SAX2DTM#dispatchCharactersEvents(int, org.xml.sax.ContentHandler, boolean)#2 &amp; SAX2DTM#dispatchCharactersEvents(int, org.xml.sax.ContentHandler, boolean)#2 &amp; com.sun.org.apache.xalan.internal.xsltc.dom.AdaptiveResultTreeImpl#dispatchCharactersEvents(int, org.xml.sax.ContentHandler, boolean)#2&quot;, &quot;ch := SAX2DTM#dispatchCharactersEvents(int, org.xml.sax.ContentHandler, boolean)#1 &amp; SAX2DTM#dispatchCharactersEvents(int, org.xml.sax.ContentHandler, boolean)#1 &amp; com.sun.org.apache.xalan.internal.xsltc.dom.SAXImpl#characters(int, com.sun.org.apache.xml.internal.serializer.SerializationHandler)#1 &amp; com.sun.org.apache.xalan.internal.xsltc.dom.AdaptiveResultTreeImpl#dispatchCharactersEvents(int, org.xml.sax.ContentHandler, boolean)#1&quot; }"/>
        </annotation>
    </item>
    <item name='com.sun.org.apache.xml.internal.dtm.ref.sax2dtm.SAX2DTM2 void endElement(java.lang.String, java.lang.String, java.lang.String)'>
        <annotation name='com.intellij.inspections.tainted.annotation.equation.Equations'>
            <val val="{ &quot;qName := SAX2DTM#endElement(java.lang.String, java.lang.String, java.lang.String)#2 &amp; SAX2DTM#endElement(java.lang.String, java.lang.String, java.lang.String)#2 &amp; com.sun.org.apache.xalan.internal.xsltc.dom.SAXImpl#endElement(java.lang.String, java.lang.String, java.lang.String)#2&quot;, &quot;localName := SAX2DTM#endElement(java.lang.String, java.lang.String, java.lang.String)#1 &amp; SAX2DTM#endElement(java.lang.String, java.lang.String, java.lang.String)#1 &amp; com.sun.org.apache.xalan.internal.xsltc.dom.SAXImpl#endElement(java.lang.String, java.lang.String, java.lang.String)#1&quot;, &quot;uri := SAX2DTM#endElement(java.lang.String, java.lang.String, java.lang.String)#0 &amp; SAX2DTM#endElement(java.lang.String, java.lang.String, java.lang.String)#0 &amp; com.sun.org.apache.xalan.internal.xsltc.dom.SAXImpl#endElement(java.lang.String, java.lang.String, java.lang.String)#0&quot; }"/>
        </annotation>
    </item>
    <item name='com.sun.org.apache.xml.internal.dtm.ref.sax2dtm.SAX2DTM2 void processingInstruction(java.lang.String, java.lang.String)'>
        <annotation name='com.intellij.inspections.tainted.annotation.equation.Equations'>
            <val val="{ &quot;target := SAX2DTM#processingInstruction(java.lang.String, java.lang.String)#0 &amp; SAX2DTM#processingInstruction(java.lang.String, java.lang.String)#0 &amp; com.sun.org.apache.xalan.internal.xsltc.dom.SAXImpl#processingInstruction(java.lang.String, java.lang.String)#0&quot;, &quot;data := SAX2DTM#processingInstruction(java.lang.String, java.lang.String)#1 &amp; SAX2DTM#processingInstruction(java.lang.String, java.lang.String)#1 &amp; com.sun.org.apache.xalan.internal.xsltc.dom.SAXImpl#processingInstruction(java.lang.String, java.lang.String)#1&quot; }"/>
        </annotation>
    </item>
    <item name='com.sun.org.apache.xml.internal.dtm.ref.sax2dtm.SAX2DTM2 void startElement(java.lang.String, java.lang.String, java.lang.String, org.xml.sax.Attributes)'>
        <annotation name='com.intellij.inspections.tainted.annotation.equation.Equations'>
            <val val="{ &quot;uri := SAX2DTM#startElement(java.lang.String, java.lang.String, java.lang.String, org.xml.sax.Attributes)#0 &amp; SAX2DTM#startElement(java.lang.String, java.lang.String, java.lang.String, org.xml.sax.Attributes)#0 &amp; com.sun.org.apache.xalan.internal.xsltc.dom.SAXImpl#startElement(java.lang.String, java.lang.String, java.lang.String, org.xml.sax.Attributes)#0&quot;, &quot;localName := SAX2DTM#startElement(java.lang.String, java.lang.String, java.lang.String, org.xml.sax.Attributes)#1 &amp; SAX2DTM#startElement(java.lang.String, java.lang.String, java.lang.String, org.xml.sax.Attributes)#1 &amp; com.sun.org.apache.xalan.internal.xsltc.dom.SAXImpl#startElement(java.lang.String, java.lang.String, java.lang.String, org.xml.sax.Attributes)#1&quot;, &quot;qName := SAX2DTM#startElement(java.lang.String, java.lang.String, java.lang.String, org.xml.sax.Attributes)#2 &amp; SAX2DTM#startElement(java.lang.String, java.lang.String, java.lang.String, org.xml.sax.Attributes)#2 &amp; com.sun.org.apache.xalan.internal.xsltc.dom.SAXImpl#startElement(java.lang.String, java.lang.String, java.lang.String, org.xml.sax.Attributes)#2&quot;, &quot;attributes := SAX2DTM#startElement(java.lang.String, java.lang.String, java.lang.String, org.xml.sax.Attributes)#3 &amp; SAX2DTM#startElement(java.lang.String, java.lang.String, java.lang.String, org.xml.sax.Attributes)#3 &amp; com.sun.org.apache.xalan.internal.xsltc.dom.SAXImpl#startElement(java.lang.String, java.lang.String, java.lang.String, org.xml.sax.Attributes)#3&quot; }"/>
        </annotation>
    </item>
    <item name='com.sun.org.apache.xml.internal.dtm.ref.sax2dtm.SAX2DTM2.AncestorIterator'>
        <annotation name='com.intellij.inspections.tainted.annotation.equation.Equations'>
            <val val="{ &quot;AncestorIterator := AncestorIterator &amp; com.sun.org.apache.xml.internal.dtm.DTM#NULL&quot; }"/>
        </annotation>
    </item>
    <item name='com.sun.org.apache.xml.internal.dtm.ref.sax2dtm.SAX2DTM2.AncestorIterator com.sun.org.apache.xml.internal.dtm.DTMAxisIterator setStartNode(int)'>
        <annotation name='com.intellij.inspections.tainted.annotation.equation.Equations'>
            <val val="{ &quot;node := com.sun.org.apache.xml.internal.dtm.DTMAxisIterator#setStartNode(int)#0 &amp; com.sun.org.apache.xml.internal.dtm.DTMAxisIterator#setStartNode(int)#0 &amp; com.sun.org.apache.xalan.internal.xsltc.dom.SAXImpl#lookupNamespace(int, java.lang.String)#0&quot;, &quot;setStartNode := SAX2DTM2.AncestorIterator &amp; SAX2DTM2.TypedAncestorIterator#setStartNode(int)&quot; }"/>
        </annotation>
    </item>
    <item name='com.sun.org.apache.xml.internal.dtm.ref.sax2dtm.SAX2DTM2.AncestorIterator int getStartNode()'>
        <annotation name='com.intellij.inspections.tainted.annotation.equation.Equations'>
            <val val="{ &quot;getStartNode := SAX2DTM2.AncestorIterator&quot; }"/>
        </annotation>
    </item>
    <item name='com.sun.org.apache.xml.internal.dtm.ref.sax2dtm.SAX2DTM2.AttributeIterator com.sun.org.apache.xml.internal.dtm.DTMAxisIterator setStartNode(int)'>
        <annotation name='com.intellij.inspections.tainted.annotation.equation.Equations'>
            <val val="{ &quot;setStartNode := SAX2DTM2.AttributeIterator&quot;, &quot;node := com.sun.org.apache.xml.internal.dtm.DTMAxisIterator#setStartNode(int)#0 &amp; com.sun.org.apache.xml.internal.dtm.DTMAxisIterator#setStartNode(int)#0&quot; }"/>
        </annotation>
    </item>
    <item name='com.sun.org.apache.xml.internal.dtm.ref.sax2dtm.SAX2DTM2.AttributeIterator int next()'>
        <annotation name='com.intellij.inspections.tainted.annotation.equation.Equations'>
            <val val="{ &quot;next := com.sun.org.apache.xml.internal.dtm.DTM#NULL&quot; }"/>
        </annotation>
    </item>
    <item name='com.sun.org.apache.xml.internal.dtm.ref.sax2dtm.SAX2DTM2.ChildrenIterator com.sun.org.apache.xml.internal.dtm.DTMAxisIterator setStartNode(int)'>
        <annotation name='com.intellij.inspections.tainted.annotation.equation.Equations'>
            <val val="{ &quot;setStartNode := SAX2DTM2.ChildrenIterator&quot;, &quot;node := com.sun.org.apache.xml.internal.dtm.DTMAxisIterator#setStartNode(int)#0 &amp; com.sun.org.apache.xml.internal.dtm.DTMAxisIterator#setStartNode(int)#0 &amp; com.sun.org.apache.xalan.internal.xsltc.dom.SAXImpl#getChildren(int)#0&quot; }"/>
        </annotation>
    </item>
    <item name='com.sun.org.apache.xml.internal.dtm.ref.sax2dtm.SAX2DTM2.ChildrenIterator int next()'>
        <annotation name='com.intellij.inspections.tainted.annotation.equation.Equations'>
            <val val="{ &quot;next := com.sun.org.apache.xml.internal.dtm.DTMAxisIterator#END&quot; }"/>
        </annotation>
    </item>
    <item name='com.sun.org.apache.xml.internal.dtm.ref.sax2dtm.SAX2DTM2.DescendantIterator boolean isDescendant(int)'>
        <annotation name='com.intellij.inspections.tainted.annotation.equation.Equations'>
            <val val="{ &quot;isDescendant := SAX2DTM2.DescendantIterator &amp; identity&quot; }"/>
        </annotation>
    </item>
    <item name='com.sun.org.apache.xml.internal.dtm.ref.sax2dtm.SAX2DTM2.DescendantIterator com.sun.org.apache.xml.internal.dtm.DTMAxisIterator reset()'>
        <annotation name='com.intellij.inspections.tainted.annotation.equation.Equations'>
            <val val="{ &quot;reset := SAX2DTM2.DescendantIterator&quot; }"/>
        </annotation>
    </item>
    <item name='com.sun.org.apache.xml.internal.dtm.ref.sax2dtm.SAX2DTM2.DescendantIterator com.sun.org.apache.xml.internal.dtm.DTMAxisIterator setStartNode(int)'>
        <annotation name='com.intellij.inspections.tainted.annotation.equation.Equations'>
            <val val="{ &quot;setStartNode := SAX2DTM2.DescendantIterator&quot;, &quot;node := com.sun.org.apache.xml.internal.dtm.DTMAxisIterator#setStartNode(int)#0 &amp; com.sun.org.apache.xml.internal.dtm.DTMAxisIterator#setStartNode(int)#0&quot; }"/>
        </annotation>
    </item>
    <item name='com.sun.org.apache.xml.internal.dtm.ref.sax2dtm.SAX2DTM2.DescendantIterator int next()'>
        <annotation name='com.intellij.inspections.tainted.annotation.equation.Equations'>
            <val val="{ &quot;next := SAX2DTM2.TypedDescendantIterator#next()&quot; }"/>
        </annotation>
    </item>
    <item name='com.sun.org.apache.xml.internal.dtm.ref.sax2dtm.SAX2DTM2.FollowingIterator FollowingIterator()'>
        <annotation name='com.intellij.inspections.tainted.annotation.equation.Equations'>
            <val val="{ &quot;FollowingIterator := SAX2DTM2.FollowingIterator&quot; }"/>
        </annotation>
    </item>
    <item name='com.sun.org.apache.xml.internal.dtm.ref.sax2dtm.SAX2DTM2.FollowingIterator com.sun.org.apache.xml.internal.dtm.DTMAxisIterator setStartNode(int)'>
        <annotation name='com.intellij.inspections.tainted.annotation.equation.Equations'>
            <val val="{ &quot;node := com.sun.org.apache.xml.internal.dtm.DTMAxisIterator#setStartNode(int)#0 &amp; com.sun.org.apache.xml.internal.dtm.DTMAxisIterator#setStartNode(int)#0&quot;, &quot;setStartNode := SAX2DTM2.FollowingIterator&quot; }"/>
        </annotation>
    </item>
    <item name='com.sun.org.apache.xml.internal.dtm.ref.sax2dtm.SAX2DTM2.FollowingIterator int next()'>
        <annotation name='com.intellij.inspections.tainted.annotation.equation.Equations'>
            <val val="{ &quot;next := SAX2DTM2.TypedFollowingIterator#next()&quot; }"/>
        </annotation>
    </item>
    <item name='com.sun.org.apache.xml.internal.dtm.ref.sax2dtm.SAX2DTM2.FollowingSiblingIterator com.sun.org.apache.xml.internal.dtm.DTMAxisIterator setStartNode(int)'>
        <annotation name='com.intellij.inspections.tainted.annotation.equation.Equations'>
            <val val="{ &quot;node := com.sun.org.apache.xml.internal.dtm.DTMAxisIterator#setStartNode(int)#0 &amp; com.sun.org.apache.xml.internal.dtm.DTMAxisIterator#setStartNode(int)#0&quot;, &quot;setStartNode := SAX2DTM2.FollowingSiblingIterator&quot; }"/>
        </annotation>
    </item>
    <item name='com.sun.org.apache.xml.internal.dtm.ref.sax2dtm.SAX2DTM2.FollowingSiblingIterator int next()'>
        <annotation name='com.intellij.inspections.tainted.annotation.equation.Equations'>
            <val val="{ &quot;next := SAX2DTM2.TypedFollowingSiblingIterator#next()&quot; }"/>
        </annotation>
    </item>
    <item name='com.sun.org.apache.xml.internal.dtm.ref.sax2dtm.SAX2DTM2.ParentIterator'>
        <annotation name='com.intellij.inspections.tainted.annotation.equation.Equations'>
            <val val="{ &quot;ParentIterator := com.sun.org.apache.xml.internal.dtm.DTM#NULL&quot; }"/>
        </annotation>
    </item>
    <item name='com.sun.org.apache.xml.internal.dtm.ref.sax2dtm.SAX2DTM2.ParentIterator com.sun.org.apache.xml.internal.dtm.DTMAxisIterator setNodeType(int)'>
        <annotation name='com.intellij.inspections.tainted.annotation.equation.Equations'>
            <val val="{ &quot;setNodeType := SAX2DTM2.ParentIterator&quot;, &quot;type := com.sun.org.apache.xalan.internal.xsltc.dom.SAXImpl#getTypedAxisIterator(int, int)#1&quot; }"/>
        </annotation>
    </item>
    <item name='com.sun.org.apache.xml.internal.dtm.ref.sax2dtm.SAX2DTM2.ParentIterator com.sun.org.apache.xml.internal.dtm.DTMAxisIterator setStartNode(int)'>
        <annotation name='com.intellij.inspections.tainted.annotation.equation.Equations'>
            <val val="{ &quot;setStartNode := SAX2DTM2.ParentIterator&quot;, &quot;node := com.sun.org.apache.xml.internal.dtm.DTMAxisIterator#setStartNode(int)#0 &amp; com.sun.org.apache.xml.internal.dtm.DTMAxisIterator#setStartNode(int)#0&quot; }"/>
        </annotation>
    </item>
    <item name='com.sun.org.apache.xml.internal.dtm.ref.sax2dtm.SAX2DTM2.ParentIterator int next()'>
        <annotation name='com.intellij.inspections.tainted.annotation.equation.Equations'>
            <val val="{ &quot;next := com.sun.org.apache.xml.internal.dtm.DTM#NULL&quot; }"/>
        </annotation>
    </item>
    <item name='com.sun.org.apache.xml.internal.dtm.ref.sax2dtm.SAX2DTM2.PrecedingIterator'>
        <annotation name='com.intellij.inspections.tainted.annotation.equation.Equations'>
            <val val="{ &quot;PrecedingIterator := PrecedingIterator&quot; }"/>
        </annotation>
    </item>
    <item name='com.sun.org.apache.xml.internal.dtm.ref.sax2dtm.SAX2DTM2.PrecedingIterator com.sun.org.apache.xml.internal.dtm.DTMAxisIterator setStartNode(int)'>
        <annotation name='com.intellij.inspections.tainted.annotation.equation.Equations'>
            <val val="{ &quot;setStartNode := SAX2DTM2.PrecedingIterator&quot;, &quot;node := com.sun.org.apache.xml.internal.dtm.DTMAxisIterator#setStartNode(int)#0 &amp; com.sun.org.apache.xml.internal.dtm.DTMAxisIterator#setStartNode(int)#0&quot; }"/>
        </annotation>
    </item>
    <item name='com.sun.org.apache.xml.internal.dtm.ref.sax2dtm.SAX2DTM2.PrecedingIterator int next()'>
        <annotation name='com.intellij.inspections.tainted.annotation.equation.Equations'>
            <val val="{ &quot;next := SAX2DTM2.TypedPrecedingIterator#next()&quot; }"/>
        </annotation>
    </item>
    <item name='com.sun.org.apache.xml.internal.dtm.ref.sax2dtm.SAX2DTM2.PrecedingSiblingIterator com.sun.org.apache.xml.internal.dtm.DTMAxisIterator setStartNode(int)'>
        <annotation name='com.intellij.inspections.tainted.annotation.equation.Equations'>
            <val val="{ &quot;node := com.sun.org.apache.xml.internal.dtm.DTMAxisIterator#setStartNode(int)#0 &amp; com.sun.org.apache.xml.internal.dtm.DTMAxisIterator#setStartNode(int)#0&quot;, &quot;setStartNode := SAX2DTM2.PrecedingSiblingIterator&quot; }"/>
        </annotation>
    </item>
    <item name='com.sun.org.apache.xml.internal.dtm.ref.sax2dtm.SAX2DTM2.PrecedingSiblingIterator int next()'>
        <annotation name='com.intellij.inspections.tainted.annotation.equation.Equations'>
            <val val="{ &quot;next := com.sun.org.apache.xml.internal.dtm.DTM#NULL &amp; SAX2DTM2.TypedPrecedingSiblingIterator#next()&quot; }"/>
        </annotation>
    </item>
    <item name='com.sun.org.apache.xml.internal.dtm.ref.sax2dtm.SAX2DTM2.TypedAncestorIterator TypedAncestorIterator(int)'>
        <annotation name='com.intellij.inspections.tainted.annotation.equation.Equations'>
            <val val="{ &quot;TypedAncestorIterator := SAX2DTM2.TypedAncestorIterator&quot;, &quot;type := com.sun.org.apache.xalan.internal.xsltc.dom.SAXImpl#getTypedAxisIterator(int, int)#1&quot; }"/>
        </annotation>
    </item>
    <item name='com.sun.org.apache.xml.internal.dtm.ref.sax2dtm.SAX2DTM2.TypedAncestorIterator com.sun.org.apache.xml.internal.dtm.DTMAxisIterator setStartNode(int)'>
        <annotation name='com.intellij.inspections.tainted.annotation.equation.Equations'>
            <val val="{ &quot;setStartNode := SAX2DTM2.TypedAncestorIterator&quot;, &quot;node := SAX2DTM2.AncestorIterator#setStartNode(int)#0 &amp; SAX2DTM2.AncestorIterator#setStartNode(int)#0&quot; }"/>
        </annotation>
    </item>
    <item name='com.sun.org.apache.xml.internal.dtm.ref.sax2dtm.SAX2DTM2.TypedAncestorIterator int getLast()'>
        <annotation name='com.intellij.inspections.tainted.annotation.equation.Equations'>
            <val val="{ &quot;getLast := SAX2DTM2.TypedAncestorIterator&quot; }"/>
        </annotation>
    </item>
    <item name='com.sun.org.apache.xml.internal.dtm.ref.sax2dtm.SAX2DTM2.TypedAncestorIterator int getNodeByPosition(int)'>
        <annotation name='com.intellij.inspections.tainted.annotation.equation.Equations'>
            <val val="{ &quot;position := com.sun.org.apache.xml.internal.dtm.ref.DTMAxisIteratorBase#getNodeByPosition(int)#0 &amp; com.sun.org.apache.xml.internal.dtm.ref.DTMAxisIteratorBase#getNodeByPosition(int)#0&quot;, &quot;getNodeByPosition := SAX2DTM2.TypedAncestorIterator &amp; com.sun.org.apache.xml.internal.dtm.DTM#NULL&quot; }"/>
        </annotation>
    </item>
    <item name='com.sun.org.apache.xml.internal.dtm.ref.sax2dtm.SAX2DTM2.TypedAttributeIterator TypedAttributeIterator(int)'>
        <annotation name='com.intellij.inspections.tainted.annotation.equation.Equations'>
            <val val="{ &quot;TypedAttributeIterator := SAX2DTM2.TypedAttributeIterator&quot;, &quot;nodeType := com.sun.org.apache.xalan.internal.xsltc.dom.SAXImpl#getTypedAxisIterator(int, int)#1&quot; }"/>
        </annotation>
    </item>
    <item name='com.sun.org.apache.xml.internal.dtm.ref.sax2dtm.SAX2DTM2.TypedAttributeIterator com.sun.org.apache.xml.internal.dtm.DTMAxisIterator setStartNode(int)'>
        <annotation name='com.intellij.inspections.tainted.annotation.equation.Equations'>
            <val val="{ &quot;node := com.sun.org.apache.xml.internal.dtm.DTMAxisIterator#setStartNode(int)#0 &amp; com.sun.org.apache.xml.internal.dtm.DTMAxisIterator#setStartNode(int)#0&quot;, &quot;setStartNode := SAX2DTM2.TypedAttributeIterator&quot; }"/>
        </annotation>
    </item>
    <item name='com.sun.org.apache.xml.internal.dtm.ref.sax2dtm.SAX2DTM2.TypedChildrenIterator TypedChildrenIterator(int)'>
        <annotation name='com.intellij.inspections.tainted.annotation.equation.Equations'>
            <val val="{ &quot;nodeType := com.sun.org.apache.xalan.internal.xsltc.dom.SAXImpl#getTypedChildren(int)#0 &amp; com.sun.org.apache.xalan.internal.xsltc.dom.SAXImpl#getTypedAxisIterator(int, int)#1&quot;, &quot;TypedChildrenIterator := SAX2DTM2.TypedChildrenIterator&quot; }"/>
        </annotation>
    </item>
    <item name='com.sun.org.apache.xml.internal.dtm.ref.sax2dtm.SAX2DTM2.TypedChildrenIterator com.sun.org.apache.xml.internal.dtm.DTMAxisIterator setStartNode(int)'>
        <annotation name='com.intellij.inspections.tainted.annotation.equation.Equations'>
            <val val="{ &quot;setStartNode := SAX2DTM2.TypedChildrenIterator&quot;, &quot;node := com.sun.org.apache.xml.internal.dtm.DTMAxisIterator#setStartNode(int)#0 &amp; com.sun.org.apache.xml.internal.dtm.DTMAxisIterator#setStartNode(int)#0&quot; }"/>
        </annotation>
    </item>
    <item name='com.sun.org.apache.xml.internal.dtm.ref.sax2dtm.SAX2DTM2.TypedChildrenIterator int getNodeByPosition(int)'>
        <annotation name='com.intellij.inspections.tainted.annotation.equation.Equations'>
            <val val="{ &quot;getNodeByPosition := com.sun.org.apache.xml.internal.dtm.DTM#NULL&quot;, &quot;position := com.sun.org.apache.xml.internal.dtm.ref.DTMAxisIteratorBase#getNodeByPosition(int)#0 &amp; com.sun.org.apache.xml.internal.dtm.ref.DTMAxisIteratorBase#getNodeByPosition(int)#0&quot; }"/>
        </annotation>
    </item>
    <item name='com.sun.org.apache.xml.internal.dtm.ref.sax2dtm.SAX2DTM2.TypedChildrenIterator int next()'>
        <annotation name='com.intellij.inspections.tainted.annotation.equation.Equations'>
            <val val="{ &quot;next := com.sun.org.apache.xml.internal.dtm.DTM#NULL&quot; }"/>
        </annotation>
    </item>
    <item name='com.sun.org.apache.xml.internal.dtm.ref.sax2dtm.SAX2DTM2.TypedDescendantIterator TypedDescendantIterator(int)'>
        <annotation name='com.intellij.inspections.tainted.annotation.equation.Equations'>
            <val val="{ &quot;TypedDescendantIterator := SAX2DTM2.TypedDescendantIterator&quot;, &quot;nodeType := com.sun.org.apache.xalan.internal.xsltc.dom.SAXImpl#getTypedAxisIterator(int, int)#1 &amp; com.sun.org.apache.xalan.internal.xsltc.dom.SAXImpl#getTypedDescendantIterator(int)#0&quot; }"/>
        </annotation>
    </item>
    <item name='com.sun.org.apache.xml.internal.dtm.ref.sax2dtm.SAX2DTM2.TypedDescendantIterator int next()'>
        <annotation name='com.intellij.inspections.tainted.annotation.equation.Equations'>
            <val val="{ &quot;next := com.sun.org.apache.xml.internal.dtm.DTM#NULL &amp; com.sun.org.apache.xml.internal.dtm.DTMAxisIterator#END&quot; }"/>
        </annotation>
    </item>
    <item name='com.sun.org.apache.xml.internal.dtm.ref.sax2dtm.SAX2DTM2.TypedFollowingIterator TypedFollowingIterator(int)'>
        <annotation name='com.intellij.inspections.tainted.annotation.equation.Equations'>
            <val val="{ &quot;type := com.sun.org.apache.xalan.internal.xsltc.dom.SAXImpl#getTypedAxisIterator(int, int)#1&quot;, &quot;TypedFollowingIterator := SAX2DTM2.TypedFollowingIterator&quot; }"/>
        </annotation>
    </item>
    <item name='com.sun.org.apache.xml.internal.dtm.ref.sax2dtm.SAX2DTM2.TypedFollowingIterator int next()'>
        <annotation name='com.intellij.inspections.tainted.annotation.equation.Equations'>
            <val val="{ &quot;next := com.sun.org.apache.xml.internal.dtm.DTM#NULL&quot; }"/>
        </annotation>
    </item>
    <item name='com.sun.org.apache.xml.internal.dtm.ref.sax2dtm.SAX2DTM2.TypedFollowingSiblingIterator TypedFollowingSiblingIterator(int)'>
        <annotation name='com.intellij.inspections.tainted.annotation.equation.Equations'>
            <val val="{ &quot;TypedFollowingSiblingIterator := SAX2DTM2.TypedFollowingSiblingIterator&quot;, &quot;type := com.sun.org.apache.xalan.internal.xsltc.dom.SAXImpl#getTypedAxisIterator(int, int)#1&quot; }"/>
        </annotation>
    </item>
    <item name='com.sun.org.apache.xml.internal.dtm.ref.sax2dtm.SAX2DTM2.TypedFollowingSiblingIterator int next()'>
        <annotation name='com.intellij.inspections.tainted.annotation.equation.Equations'>
            <val val="{ &quot;next := com.sun.org.apache.xml.internal.dtm.DTM#NULL&quot; }"/>
        </annotation>
    </item>
    <item name='com.sun.org.apache.xml.internal.dtm.ref.sax2dtm.SAX2DTM2.TypedPrecedingIterator TypedPrecedingIterator(int)'>
        <annotation name='com.intellij.inspections.tainted.annotation.equation.Equations'>
            <val val="{ &quot;TypedPrecedingIterator := SAX2DTM2.TypedPrecedingIterator&quot;, &quot;type := com.sun.org.apache.xalan.internal.xsltc.dom.SAXImpl#getTypedAxisIterator(int, int)#1&quot; }"/>
        </annotation>
    </item>
    <item name='com.sun.org.apache.xml.internal.dtm.ref.sax2dtm.SAX2DTM2.TypedPrecedingIterator int next()'>
        <annotation name='com.intellij.inspections.tainted.annotation.equation.Equations'>
            <val val="{ &quot;next := com.sun.org.apache.xml.internal.dtm.DTM#NULL&quot; }"/>
        </annotation>
    </item>
    <item name='com.sun.org.apache.xml.internal.dtm.ref.sax2dtm.SAX2DTM2.TypedPrecedingSiblingIterator TypedPrecedingSiblingIterator(int)'>
        <annotation name='com.intellij.inspections.tainted.annotation.equation.Equations'>
            <val val="{ &quot;TypedPrecedingSiblingIterator := SAX2DTM2.TypedPrecedingSiblingIterator&quot;, &quot;type := com.sun.org.apache.xalan.internal.xsltc.dom.SAXImpl#getTypedAxisIterator(int, int)#1&quot; }"/>
        </annotation>
    </item>
    <item name='com.sun.org.apache.xml.internal.dtm.ref.sax2dtm.SAX2DTM2.TypedPrecedingSiblingIterator int getLast()'>
        <annotation name='com.intellij.inspections.tainted.annotation.equation.Equations'>
            <val val="{ &quot;getLast := SAX2DTM2.TypedPrecedingSiblingIterator&quot; }"/>
        </annotation>
    </item>
    <item name='com.sun.org.apache.xml.internal.dtm.ref.sax2dtm.SAX2DTM2.TypedPrecedingSiblingIterator int next()'>
        <annotation name='com.intellij.inspections.tainted.annotation.equation.Equations'>
            <val val="{ &quot;next := com.sun.org.apache.xml.internal.dtm.DTM#NULL&quot; }"/>
        </annotation>
    </item>
    <item name='com.sun.org.apache.xml.internal.dtm.ref.sax2dtm.SAX2DTM2.TypedRootIterator TypedRootIterator(int)'>
        <annotation name='com.intellij.inspections.tainted.annotation.equation.Equations'>
            <val val="{ &quot;TypedRootIterator := SAX2DTM2.TypedRootIterator&quot;, &quot;nodeType := com.sun.org.apache.xalan.internal.xsltc.dom.SAXImpl#getTypedAxisIterator(int, int)#1&quot; }"/>
        </annotation>
    </item>
    <item name='com.sun.org.apache.xml.internal.dtm.ref.sax2dtm.SAX2DTM2.TypedRootIterator int next()'>
        <annotation name='com.intellij.inspections.tainted.annotation.equation.Equations'>
            <val val="{ &quot;next := com.sun.org.apache.xml.internal.dtm.DTM#NULL&quot; }"/>
        </annotation>
    </item>
    <item name='com.sun.org.apache.xml.internal.dtm.ref.sax2dtm.SAX2DTM2.TypedSingletonIterator TypedSingletonIterator(int)'>
        <annotation name='com.intellij.inspections.tainted.annotation.equation.Equations'>
            <val val="{ &quot;TypedSingletonIterator := SAX2DTM2.TypedSingletonIterator&quot;, &quot;nodeType := com.sun.org.apache.xalan.internal.xsltc.dom.SAXImpl#getTypedAxisIterator(int, int)#1&quot; }"/>
        </annotation>
    </item>
    <item name='com.sun.org.apache.xml.internal.dtm.ref.sax2dtm.SAX2DTM2.TypedSingletonIterator int next()'>
        <annotation name='com.intellij.inspections.tainted.annotation.equation.Equations'>
            <val val="{ &quot;next := com.sun.org.apache.xml.internal.dtm.DTM#NULL&quot; }"/>
        </annotation>
    </item>
    <item name='com.sun.org.apache.xml.internal.dtm.ref.sax2dtm.SAX2RTFDTM'>
        <annotation name='com.intellij.inspections.tainted.annotation.equation.Equations'>
            <val val="{ &quot;SAX2RTFDTM := com.sun.org.apache.xml.internal.dtm.DTM#NULL &amp; SAX2RTFDTM&quot; }"/>
        </annotation>
    </item>
    <item name='com.sun.org.apache.xml.internal.dtm.ref.sax2dtm.SAX2RTFDTM SAX2RTFDTM(com.sun.org.apache.xml.internal.dtm.DTMManager, javax.xml.transform.Source, int, com.sun.org.apache.xml.internal.dtm.DTMWSFilter, com.sun.org.apache.xml.internal.utils.XMLStringFactory, boolean)'>
        <annotation name='com.intellij.inspections.tainted.annotation.equation.Equations'>
            <val val="{ &quot;dtmIdentity := com.sun.org.apache.xml.internal.dtm.DTMManager#IDENT_DTM_NODE_BITS&quot;, &quot;whiteSpaceFilter := com.sun.org.apache.xml.internal.dtm.ref.DTMManagerDefault#getDTM(javax.xml.transform.Source, boolean, com.sun.org.apache.xml.internal.dtm.DTMWSFilter, boolean, boolean)#2&quot;, &quot;SAX2RTFDTM := SAX2RTFDTM&quot;, &quot;doIndexing := com.sun.org.apache.xml.internal.dtm.ref.DTMManagerDefault#getDTM(javax.xml.transform.Source, boolean, com.sun.org.apache.xml.internal.dtm.DTMWSFilter, boolean, boolean)#4&quot;, &quot;source := com.sun.org.apache.xml.internal.dtm.ref.DTMManagerDefault#getDTM(javax.xml.transform.Source, boolean, com.sun.org.apache.xml.internal.dtm.DTMWSFilter, boolean, boolean)#0&quot;, &quot;mgr := com.sun.org.apache.xml.internal.dtm.ref.DTMManagerDefault&quot;, &quot;xstringfactory := com.sun.org.apache.xml.internal.dtm.ref.DTMManagerDefault&quot; }"/>
        </annotation>
    </item>
    <item name='com.sun.org.apache.xml.internal.dtm.ref.sax2dtm.SAX2RTFDTM boolean popRewindMark()'>
        <annotation name='com.intellij.inspections.tainted.annotation.equation.Equations'>
            <val val="{ &quot;popRewindMark := SAX2RTFDTM&quot; }"/>
        </annotation>
    </item>
    <item name='com.sun.org.apache.xml.internal.dtm.ref.sax2dtm.SAX2RTFDTM int _documentRoot(int)'>
        <annotation name='com.intellij.inspections.tainted.annotation.equation.Equations'>
            <val val="{ &quot;_documentRoot := com.sun.org.apache.xml.internal.dtm.DTM#NULL &amp; nodeIdentifier&quot; }"/>
        </annotation>
    </item>
    <item name='com.sun.org.apache.xml.internal.dtm.ref.sax2dtm.SAX2RTFDTM int getDocumentRoot(int)'>
        <annotation name='com.intellij.inspections.tainted.annotation.equation.Equations'>
            <val val="{ &quot;getDocumentRoot := com.sun.org.apache.xml.internal.dtm.DTM#NULL&quot;, &quot;nodeHandle := com.sun.org.apache.xml.internal.dtm.ref.DTMDefaultBase#getDocumentRoot(int)#0 &amp; com.sun.org.apache.xml.internal.dtm.ref.DTMDefaultBase#getDocumentRoot(int)#0&quot; }"/>
        </annotation>
    </item>
</root>