<root>
    <item name='com.sun.org.apache.xml.internal.security.c14n.implementations.Canonicalizer11'>
        <annotation name='com.intellij.inspections.tainted.annotation.equation.Equations'>
            <val val="{ &quot;Canonicalizer11 := &quot; }"/>
        </annotation>
    </item>
    <item name='com.sun.org.apache.xml.internal.security.c14n.implementations.Canonicalizer11 Canonicalizer11(boolean)'>
        <annotation name='com.intellij.inspections.tainted.annotation.equation.Equations'>
            <val val="{ &quot;Canonicalizer11 := Canonicalizer11&quot; }"/>
        </annotation>
    </item>
    <item name='com.sun.org.apache.xml.internal.security.c14n.implementations.Canonicalizer11 void printStep(java.lang.String, java.lang.String, java.lang.String)'>
        <annotation name='com.intellij.inspections.tainted.annotation.equation.Equations'>
            <val val="{ &quot;input := #removeDotSegments(java.lang.String)#0&quot; }"/>
        </annotation>
    </item>
    <item name='com.sun.org.apache.xml.internal.security.c14n.implementations.Canonicalizer11.XmlAttrStack'>
        <annotation name='com.intellij.inspections.tainted.annotation.equation.Equations'>
            <val val="{ &quot;XmlAttrStack := &quot; }"/>
        </annotation>
    </item>
    <item name='com.sun.org.apache.xml.internal.security.c14n.implementations.Canonicalizer11.XmlAttrStack void addXmlnsAttr(org.w3c.dom.Attr)'>
        <annotation name='com.intellij.inspections.tainted.annotation.equation.Equations'>
            <val val="{ &quot;n := &quot; }"/>
        </annotation>
    </item>
    <item name='com.sun.org.apache.xml.internal.security.c14n.implementations.Canonicalizer11.XmlAttrStack void getXmlnsAttr(java.util.Collection&lt;org.w3c.dom.Attr&gt;)'>
        <annotation name='com.intellij.inspections.tainted.annotation.equation.Equations'>
            <val val="{ &quot;col := Canonicalizer11&quot; }"/>
        </annotation>
    </item>
    <item name='com.sun.org.apache.xml.internal.security.c14n.implementations.Canonicalizer11.XmlAttrStack.XmlsStackElement'>
        <annotation name='com.intellij.inspections.tainted.annotation.equation.Equations'>
            <val val="{ &quot;XmlsStackElement := &quot; }"/>
        </annotation>
    </item>
    <item name='com.sun.org.apache.xml.internal.security.c14n.implementations.Canonicalizer20010315'>
        <annotation name='com.intellij.inspections.tainted.annotation.equation.Equations'>
            <val val="{ &quot;Canonicalizer20010315 := &quot; }"/>
        </annotation>
    </item>
    <item name='com.sun.org.apache.xml.internal.security.c14n.implementations.Canonicalizer20010315 Canonicalizer20010315(boolean)'>
        <annotation name='com.intellij.inspections.tainted.annotation.equation.Equations'>
            <val val="{ &quot;Canonicalizer20010315 := Canonicalizer20010315&quot; }"/>
        </annotation>
    </item>
    <item name='com.sun.org.apache.xml.internal.security.c14n.implementations.Canonicalizer20010315.XmlAttrStack'>
        <annotation name='com.intellij.inspections.tainted.annotation.equation.Equations'>
            <val val="{ &quot;XmlAttrStack := &quot; }"/>
        </annotation>
    </item>
    <item name='com.sun.org.apache.xml.internal.security.c14n.implementations.Canonicalizer20010315.XmlAttrStack void addXmlnsAttr(org.w3c.dom.Attr)'>
        <annotation name='com.intellij.inspections.tainted.annotation.equation.Equations'>
            <val val="{ &quot;n := &quot; }"/>
        </annotation>
    </item>
    <item name='com.sun.org.apache.xml.internal.security.c14n.implementations.Canonicalizer20010315.XmlAttrStack void getXmlnsAttr(java.util.Collection&lt;org.w3c.dom.Attr&gt;)'>
        <annotation name='com.intellij.inspections.tainted.annotation.equation.Equations'>
            <val val="{ &quot;col := Canonicalizer20010315&quot; }"/>
        </annotation>
    </item>
    <item name='com.sun.org.apache.xml.internal.security.c14n.implementations.Canonicalizer20010315.XmlAttrStack.XmlsStackElement'>
        <annotation name='com.intellij.inspections.tainted.annotation.equation.Equations'>
            <val val="{ &quot;XmlsStackElement := &quot; }"/>
        </annotation>
    </item>
    <item name='com.sun.org.apache.xml.internal.security.c14n.implementations.Canonicalizer20010315Excl'>
        <annotation name='com.intellij.inspections.tainted.annotation.equation.Equations'>
            <val val="{ &quot;Canonicalizer20010315Excl := &quot; }"/>
        </annotation>
    </item>
    <item name='com.sun.org.apache.xml.internal.security.c14n.implementations.Canonicalizer20010315Excl Canonicalizer20010315Excl(boolean)'>
        <annotation name='com.intellij.inspections.tainted.annotation.equation.Equations'>
            <val val="{ &quot;Canonicalizer20010315Excl := Canonicalizer20010315Excl&quot; }"/>
        </annotation>
    </item>
    <item name='com.sun.org.apache.xml.internal.security.c14n.implementations.Canonicalizer20010315Excl byte[] engineCanonicalize(com.sun.org.apache.xml.internal.security.signature.XMLSignatureInput, java.lang.String)'>
        <annotation name='com.intellij.inspections.tainted.annotation.equation.Equations'>
            <val val="{ &quot;rootNode := com.sun.org.apache.xml.internal.security.transforms.implementations.TransformC14NExclusive#enginePerformTransform(com.sun.org.apache.xml.internal.security.signature.XMLSignatureInput, java.io.OutputStream, com.sun.org.apache.xml.internal.security.transforms.Transform)#0 &amp; com.sun.org.apache.xml.internal.security.transforms.implementations.TransformC14NExclusiveWithComments#enginePerformTransform(com.sun.org.apache.xml.internal.security.signature.XMLSignatureInput, java.io.OutputStream, com.sun.org.apache.xml.internal.security.transforms.Transform)#0&quot; }"/>
        </annotation>
    </item>
    <item name='com.sun.org.apache.xml.internal.security.c14n.implementations.Canonicalizer20010315Excl byte[] engineCanonicalizeSubTree(org.w3c.dom.Node, java.lang.String, org.w3c.dom.Node)'>
        <annotation name='com.intellij.inspections.tainted.annotation.equation.Equations'>
            <val val="{ &quot;rootNode := #engineCanonicalizeSubTree(org.w3c.dom.Node)#0 &amp; #engineCanonicalizeSubTree(org.w3c.dom.Node, java.lang.String)#0&quot;, &quot;inclusiveNamespaces := #engineCanonicalizeSubTree(org.w3c.dom.Node, java.lang.String)#1&quot; }"/>
        </annotation>
    </item>
    <item name='com.sun.org.apache.xml.internal.security.c14n.implementations.CanonicalizerBase'>
        <annotation name='com.intellij.inspections.tainted.annotation.equation.Equations'>
            <val val="{ &quot;CanonicalizerBase := &quot; }"/>
        </annotation>
    </item>
    <item name='com.sun.org.apache.xml.internal.security.c14n.implementations.CanonicalizerBase CanonicalizerBase(boolean)'>
        <annotation name='com.intellij.inspections.tainted.annotation.equation.Equations'>
            <val val="{ &quot;CanonicalizerBase := CanonicalizerBase&quot; }"/>
        </annotation>
    </item>
    <item name='com.sun.org.apache.xml.internal.security.c14n.implementations.CanonicalizerBase boolean isVisible(org.w3c.dom.Node)'>
        <annotation name='com.intellij.inspections.tainted.annotation.equation.Equations'>
            <val val="{ &quot;currentNode := #canonicalizeXPathNodeSet(org.w3c.dom.Node, org.w3c.dom.Node)#0&quot; }"/>
        </annotation>
    </item>
    <item name='com.sun.org.apache.xml.internal.security.c14n.implementations.CanonicalizerBase byte[] engineCanonicalize(com.sun.org.apache.xml.internal.security.signature.XMLSignatureInput)'>
        <annotation name='com.intellij.inspections.tainted.annotation.equation.Equations'>
            <val val="{ &quot;input := Canonicalizer20010315Excl#engineCanonicalize(com.sun.org.apache.xml.internal.security.signature.XMLSignatureInput, java.lang.String)#0 &amp; com.sun.org.apache.xml.internal.security.signature.XMLSignatureInput &amp; com.sun.org.apache.xml.internal.security.transforms.implementations.TransformC14N#enginePerformTransform(com.sun.org.apache.xml.internal.security.signature.XMLSignatureInput, java.io.OutputStream, com.sun.org.apache.xml.internal.security.transforms.Transform)#0 &amp; com.sun.org.apache.xml.internal.security.transforms.implementations.TransformC14N11#enginePerformTransform(com.sun.org.apache.xml.internal.security.signature.XMLSignatureInput, java.io.OutputStream, com.sun.org.apache.xml.internal.security.transforms.Transform)#0 &amp; com.sun.org.apache.xml.internal.security.transforms.implementations.TransformC14NWithComments#enginePerformTransform(com.sun.org.apache.xml.internal.security.signature.XMLSignatureInput, java.io.OutputStream, com.sun.org.apache.xml.internal.security.transforms.Transform)#0 &amp; com.sun.org.apache.xml.internal.security.transforms.implementations.TransformC14N11_WithComments#enginePerformTransform(com.sun.org.apache.xml.internal.security.signature.XMLSignatureInput, java.io.OutputStream, com.sun.org.apache.xml.internal.security.transforms.Transform)#0&quot; }"/>
        </annotation>
    </item>
    <item name='com.sun.org.apache.xml.internal.security.c14n.implementations.CanonicalizerBase byte[] engineCanonicalizeSubTree(org.w3c.dom.Node)'>
        <annotation name='com.intellij.inspections.tainted.annotation.equation.Equations'>
            <val val="{ &quot;rootNode := Canonicalizer20010315Excl#engineCanonicalizeSubTree(org.w3c.dom.Node)#0&quot;, &quot;engineCanonicalizeSubTree := Canonicalizer20010315Excl#engineCanonicalizeSubTree(org.w3c.dom.Node)&quot; }"/>
        </annotation>
    </item>
    <item name='com.sun.org.apache.xml.internal.security.c14n.implementations.CanonicalizerBase byte[] engineCanonicalizeSubTree(org.w3c.dom.Node, org.w3c.dom.Node)'>
        <annotation name='com.intellij.inspections.tainted.annotation.equation.Equations'>
            <val val="{ &quot;excludeNode := Canonicalizer20010315Excl#engineCanonicalizeSubTree(org.w3c.dom.Node, java.lang.String, org.w3c.dom.Node)#2&quot;, &quot;rootNode := #engineCanonicalizeSubTree(org.w3c.dom.Node)#0 &amp; Canonicalizer20010315Excl#engineCanonicalizeSubTree(org.w3c.dom.Node, java.lang.String, org.w3c.dom.Node)#0&quot; }"/>
        </annotation>
    </item>
    <item name='com.sun.org.apache.xml.internal.security.c14n.implementations.CanonicalizerBase byte[] engineCanonicalizeXPathNodeSet(java.util.Set&lt;org.w3c.dom.Node&gt;)'>
        <annotation name='com.intellij.inspections.tainted.annotation.equation.Equations'>
            <val val="{ &quot;xpathNodeSet := Canonicalizer20010315Excl#engineCanonicalizeXPathNodeSet(java.util.Set, java.lang.String)#0&quot; }"/>
        </annotation>
    </item>
    <item name='com.sun.org.apache.xml.internal.security.c14n.implementations.CanonicalizerBase int isVisibleDO(org.w3c.dom.Node, int)'>
        <annotation name='com.intellij.inspections.tainted.annotation.equation.Equations'>
            <val val="{ &quot;currentNode := #canonicalizeXPathNodeSet(org.w3c.dom.Node, org.w3c.dom.Node)#0&quot; }"/>
        </annotation>
    </item>
    <item name='com.sun.org.apache.xml.internal.security.c14n.implementations.CanonicalizerBase int isVisibleInt(org.w3c.dom.Node)'>
        <annotation name='com.intellij.inspections.tainted.annotation.equation.Equations'>
            <val val="{ &quot;currentNode := #canonicalizeSubTree(org.w3c.dom.Node, com.sun.org.apache.xml.internal.security.c14n.implementations.NameSpaceSymbTable, org.w3c.dom.Node, int)#0 &amp; #canonicalizeXPathNodeSet(org.w3c.dom.Node, org.w3c.dom.Node)#0&quot; }"/>
        </annotation>
    </item>
    <item name='com.sun.org.apache.xml.internal.security.c14n.implementations.CanonicalizerBase java.util.Iterator&lt;org.w3c.dom.Attr&gt; handleAttributes(org.w3c.dom.Element, com.sun.org.apache.xml.internal.security.c14n.implementations.NameSpaceSymbTable)'>
        <annotation name='com.intellij.inspections.tainted.annotation.equation.Equations'>
            <val val="{ &quot;ns := Canonicalizer11#handleAttributes(org.w3c.dom.Element, com.sun.org.apache.xml.internal.security.c14n.implementations.NameSpaceSymbTable)#1 &amp; CanonicalizerPhysical#handleAttributes(org.w3c.dom.Element, com.sun.org.apache.xml.internal.security.c14n.implementations.NameSpaceSymbTable)#1 &amp; Canonicalizer20010315#handleAttributes(org.w3c.dom.Element, com.sun.org.apache.xml.internal.security.c14n.implementations.NameSpaceSymbTable)#1 &amp; Canonicalizer20010315Excl#handleAttributes(org.w3c.dom.Element, com.sun.org.apache.xml.internal.security.c14n.implementations.NameSpaceSymbTable)#1&quot;, &quot;handleAttributes := Canonicalizer11#handleAttributes(org.w3c.dom.Element, com.sun.org.apache.xml.internal.security.c14n.implementations.NameSpaceSymbTable) &amp; CanonicalizerPhysical#handleAttributes(org.w3c.dom.Element, com.sun.org.apache.xml.internal.security.c14n.implementations.NameSpaceSymbTable) &amp; Canonicalizer20010315#handleAttributes(org.w3c.dom.Element, com.sun.org.apache.xml.internal.security.c14n.implementations.NameSpaceSymbTable) &amp; Canonicalizer20010315Excl#handleAttributes(org.w3c.dom.Element, com.sun.org.apache.xml.internal.security.c14n.implementations.NameSpaceSymbTable)&quot;, &quot;element := #canonicalizeXPathNodeSet(org.w3c.dom.Node, org.w3c.dom.Node)#0 &amp; Canonicalizer11#handleAttributes(org.w3c.dom.Element, com.sun.org.apache.xml.internal.security.c14n.implementations.NameSpaceSymbTable)#0 &amp; CanonicalizerPhysical#handleAttributes(org.w3c.dom.Element, com.sun.org.apache.xml.internal.security.c14n.implementations.NameSpaceSymbTable)#0 &amp; Canonicalizer20010315#handleAttributes(org.w3c.dom.Element, com.sun.org.apache.xml.internal.security.c14n.implementations.NameSpaceSymbTable)#0 &amp; Canonicalizer20010315Excl#handleAttributes(org.w3c.dom.Element, com.sun.org.apache.xml.internal.security.c14n.implementations.NameSpaceSymbTable)#0&quot; }"/>
        </annotation>
    </item>
    <item name='com.sun.org.apache.xml.internal.security.c14n.implementations.CanonicalizerBase java.util.Iterator&lt;org.w3c.dom.Attr&gt; handleAttributesSubtree(org.w3c.dom.Element, com.sun.org.apache.xml.internal.security.c14n.implementations.NameSpaceSymbTable)'>
        <annotation name='com.intellij.inspections.tainted.annotation.equation.Equations'>
            <val val="{ &quot;element := Canonicalizer20010315#handleAttributesSubtree(org.w3c.dom.Element, com.sun.org.apache.xml.internal.security.c14n.implementations.NameSpaceSymbTable)#0 &amp; Canonicalizer11#handleAttributesSubtree(org.w3c.dom.Element, com.sun.org.apache.xml.internal.security.c14n.implementations.NameSpaceSymbTable)#0 &amp; CanonicalizerPhysical#handleAttributesSubtree(org.w3c.dom.Element, com.sun.org.apache.xml.internal.security.c14n.implementations.NameSpaceSymbTable)#0 &amp; Canonicalizer20010315Excl#handleAttributesSubtree(org.w3c.dom.Element, com.sun.org.apache.xml.internal.security.c14n.implementations.NameSpaceSymbTable)#0&quot;, &quot;ns := Canonicalizer20010315#handleAttributesSubtree(org.w3c.dom.Element, com.sun.org.apache.xml.internal.security.c14n.implementations.NameSpaceSymbTable)#1 &amp; Canonicalizer11#handleAttributesSubtree(org.w3c.dom.Element, com.sun.org.apache.xml.internal.security.c14n.implementations.NameSpaceSymbTable)#1 &amp; CanonicalizerPhysical#handleAttributesSubtree(org.w3c.dom.Element, com.sun.org.apache.xml.internal.security.c14n.implementations.NameSpaceSymbTable)#1 &amp; Canonicalizer20010315Excl#handleAttributesSubtree(org.w3c.dom.Element, com.sun.org.apache.xml.internal.security.c14n.implementations.NameSpaceSymbTable)#1&quot;, &quot;handleAttributesSubtree := Canonicalizer20010315#handleAttributesSubtree(org.w3c.dom.Element, com.sun.org.apache.xml.internal.security.c14n.implementations.NameSpaceSymbTable) &amp; Canonicalizer11#handleAttributesSubtree(org.w3c.dom.Element, com.sun.org.apache.xml.internal.security.c14n.implementations.NameSpaceSymbTable) &amp; CanonicalizerPhysical#handleAttributesSubtree(org.w3c.dom.Element, com.sun.org.apache.xml.internal.security.c14n.implementations.NameSpaceSymbTable) &amp; Canonicalizer20010315Excl#handleAttributesSubtree(org.w3c.dom.Element, com.sun.org.apache.xml.internal.security.c14n.implementations.NameSpaceSymbTable)&quot; }"/>
        </annotation>
    </item>
    <item name='com.sun.org.apache.xml.internal.security.c14n.implementations.CanonicalizerBase org.w3c.dom.Attr getNullNode(org.w3c.dom.Document)'>
        <annotation name='com.intellij.inspections.tainted.annotation.equation.Equations'>
            <val val="{ &quot;getNullNode := CanonicalizerBase&quot; }"/>
        </annotation>
    </item>
    <item name='com.sun.org.apache.xml.internal.security.c14n.implementations.CanonicalizerBase void canonicalizeSubTree(org.w3c.dom.Node, com.sun.org.apache.xml.internal.security.c14n.implementations.NameSpaceSymbTable, org.w3c.dom.Node, int)'>
        <annotation name='com.intellij.inspections.tainted.annotation.equation.Equations'>
            <val val="{ &quot;currentNode := #engineCanonicalizeSubTree(org.w3c.dom.Node, org.w3c.dom.Node)#0&quot;, &quot;endnode := #engineCanonicalizeSubTree(org.w3c.dom.Node, org.w3c.dom.Node)#0&quot;, &quot;documentLevel := #NODE_BEFORE_DOCUMENT_ELEMENT &amp; #NODE_NOT_BEFORE_OR_AFTER_DOCUMENT_ELEMENT&quot; }"/>
        </annotation>
    </item>
    <item name='com.sun.org.apache.xml.internal.security.c14n.implementations.CanonicalizerBase void canonicalizeXPathNodeSet(org.w3c.dom.Node, org.w3c.dom.Node)'>
        <annotation name='com.intellij.inspections.tainted.annotation.equation.Equations'>
            <val val="{ &quot;endnode := #engineCanonicalizeXPathNodeSetInternal(org.w3c.dom.Node)#0&quot;, &quot;currentNode := #engineCanonicalizeXPathNodeSetInternal(org.w3c.dom.Node)#0&quot; }"/>
        </annotation>
    </item>
    <item name='com.sun.org.apache.xml.internal.security.c14n.implementations.CanonicalizerBase void circumventBugIfNeeded(com.sun.org.apache.xml.internal.security.signature.XMLSignatureInput)'>
        <annotation name='com.intellij.inspections.tainted.annotation.equation.Equations'>
            <val val="{ &quot;input := #engineCanonicalize(com.sun.org.apache.xml.internal.security.signature.XMLSignatureInput)#0 &amp; Canonicalizer11#circumventBugIfNeeded(com.sun.org.apache.xml.internal.security.signature.XMLSignatureInput)#0 &amp; CanonicalizerPhysical#circumventBugIfNeeded(com.sun.org.apache.xml.internal.security.signature.XMLSignatureInput)#0 &amp; Canonicalizer20010315#circumventBugIfNeeded(com.sun.org.apache.xml.internal.security.signature.XMLSignatureInput)#0 &amp; Canonicalizer20010315Excl#circumventBugIfNeeded(com.sun.org.apache.xml.internal.security.signature.XMLSignatureInput)#0&quot; }"/>
        </annotation>
    </item>
    <item name='com.sun.org.apache.xml.internal.security.c14n.implementations.CanonicalizerBase void getParentNameSpaces(org.w3c.dom.Element, com.sun.org.apache.xml.internal.security.c14n.implementations.NameSpaceSymbTable)'>
        <annotation name='com.intellij.inspections.tainted.annotation.equation.Equations'>
            <val val="{ &quot;el := #engineCanonicalizeSubTree(org.w3c.dom.Node, org.w3c.dom.Node)#0 &amp; #canonicalizeXPathNodeSet(org.w3c.dom.Node, org.w3c.dom.Node)#0&quot; }"/>
        </annotation>
    </item>
    <item name='com.sun.org.apache.xml.internal.security.c14n.implementations.CanonicalizerBase void handleParent(org.w3c.dom.Element, com.sun.org.apache.xml.internal.security.c14n.implementations.NameSpaceSymbTable)'>
        <annotation name='com.intellij.inspections.tainted.annotation.equation.Equations'>
            <val val="{ &quot;ns := Canonicalizer20010315#handleParent(org.w3c.dom.Element, com.sun.org.apache.xml.internal.security.c14n.implementations.NameSpaceSymbTable)#1 &amp; Canonicalizer11#handleParent(org.w3c.dom.Element, com.sun.org.apache.xml.internal.security.c14n.implementations.NameSpaceSymbTable)#1 &amp; CanonicalizerPhysical#handleParent(org.w3c.dom.Element, com.sun.org.apache.xml.internal.security.c14n.implementations.NameSpaceSymbTable)#1&quot;, &quot;e := Canonicalizer20010315#handleParent(org.w3c.dom.Element, com.sun.org.apache.xml.internal.security.c14n.implementations.NameSpaceSymbTable)#0 &amp; Canonicalizer11#handleParent(org.w3c.dom.Element, com.sun.org.apache.xml.internal.security.c14n.implementations.NameSpaceSymbTable)#0 &amp; CanonicalizerPhysical#handleParent(org.w3c.dom.Element, com.sun.org.apache.xml.internal.security.c14n.implementations.NameSpaceSymbTable)#0&quot; }"/>
        </annotation>
    </item>
    <item name='com.sun.org.apache.xml.internal.security.c14n.implementations.CanonicalizerBase void outputAttrToWriter(java.lang.String, java.lang.String, java.io.OutputStream, java.util.Map&lt;java.lang.String,byte[]&gt;)'>
        <annotation name='com.intellij.inspections.tainted.annotation.equation.Equations'>
            <val val="{ &quot;writer := CanonicalizerBase&quot; }"/>
        </annotation>
    </item>
    <item name='com.sun.org.apache.xml.internal.security.c14n.implementations.CanonicalizerBase void outputCommentToWriter(org.w3c.dom.Comment, java.io.OutputStream, int)'>
        <annotation name='com.intellij.inspections.tainted.annotation.equation.Equations'>
            <val val="{ &quot;writer := CanonicalizerBase &amp; CanonicalizerPhysical#outputCommentToWriter(org.w3c.dom.Comment, java.io.OutputStream, int)#1&quot;, &quot;currentComment := #canonicalizeSubTree(org.w3c.dom.Node, com.sun.org.apache.xml.internal.security.c14n.implementations.NameSpaceSymbTable, org.w3c.dom.Node, int)#0 &amp; #canonicalizeXPathNodeSet(org.w3c.dom.Node, org.w3c.dom.Node)#0 &amp; CanonicalizerPhysical#outputCommentToWriter(org.w3c.dom.Comment, java.io.OutputStream, int)#0&quot;, &quot;position := #canonicalizeSubTree(org.w3c.dom.Node, com.sun.org.apache.xml.internal.security.c14n.implementations.NameSpaceSymbTable, org.w3c.dom.Node, int)#3 &amp; #NODE_NOT_BEFORE_OR_AFTER_DOCUMENT_ELEMENT &amp; #NODE_AFTER_DOCUMENT_ELEMENT &amp; #NODE_BEFORE_DOCUMENT_ELEMENT &amp; CanonicalizerPhysical#outputCommentToWriter(org.w3c.dom.Comment, java.io.OutputStream, int)#2&quot; }"/>
        </annotation>
    </item>
    <item name='com.sun.org.apache.xml.internal.security.c14n.implementations.CanonicalizerBase void outputPItoWriter(org.w3c.dom.ProcessingInstruction, java.io.OutputStream, int)'>
        <annotation name='com.intellij.inspections.tainted.annotation.equation.Equations'>
            <val val="{ &quot;writer := CanonicalizerBase &amp; CanonicalizerPhysical#outputPItoWriter(org.w3c.dom.ProcessingInstruction, java.io.OutputStream, int)#1&quot;, &quot;currentPI := #canonicalizeSubTree(org.w3c.dom.Node, com.sun.org.apache.xml.internal.security.c14n.implementations.NameSpaceSymbTable, org.w3c.dom.Node, int)#0 &amp; #canonicalizeXPathNodeSet(org.w3c.dom.Node, org.w3c.dom.Node)#0 &amp; CanonicalizerPhysical#outputPItoWriter(org.w3c.dom.ProcessingInstruction, java.io.OutputStream, int)#0&quot;, &quot;position := #canonicalizeSubTree(org.w3c.dom.Node, com.sun.org.apache.xml.internal.security.c14n.implementations.NameSpaceSymbTable, org.w3c.dom.Node, int)#3 &amp; #NODE_NOT_BEFORE_OR_AFTER_DOCUMENT_ELEMENT &amp; #NODE_AFTER_DOCUMENT_ELEMENT &amp; #NODE_BEFORE_DOCUMENT_ELEMENT &amp; CanonicalizerPhysical#outputPItoWriter(org.w3c.dom.ProcessingInstruction, java.io.OutputStream, int)#2&quot; }"/>
        </annotation>
    </item>
    <item name='com.sun.org.apache.xml.internal.security.c14n.implementations.CanonicalizerBase void outputTextToWriter(java.lang.String, java.io.OutputStream)'>
        <annotation name='com.intellij.inspections.tainted.annotation.equation.Equations'>
            <val val="{ &quot;writer := CanonicalizerBase&quot; }"/>
        </annotation>
    </item>
    <item name='com.sun.org.apache.xml.internal.security.c14n.implementations.CanonicalizerBase void setWriter(java.io.OutputStream)'>
        <annotation name='com.intellij.inspections.tainted.annotation.equation.Equations'>
            <val val="{ &quot;writer := com.sun.org.apache.xml.internal.security.signature.XMLSignatureInput#updateOutputStream(java.io.OutputStream, boolean)#0 &amp; com.sun.org.apache.xml.internal.security.transforms.implementations.TransformC14N#enginePerformTransform(com.sun.org.apache.xml.internal.security.signature.XMLSignatureInput, java.io.OutputStream, com.sun.org.apache.xml.internal.security.transforms.Transform)#1 &amp; com.sun.org.apache.xml.internal.security.transforms.implementations.TransformC14N11#enginePerformTransform(com.sun.org.apache.xml.internal.security.signature.XMLSignatureInput, java.io.OutputStream, com.sun.org.apache.xml.internal.security.transforms.Transform)#1 &amp; com.sun.org.apache.xml.internal.security.transforms.implementations.TransformC14NExclusive#enginePerformTransform(com.sun.org.apache.xml.internal.security.signature.XMLSignatureInput, java.io.OutputStream, com.sun.org.apache.xml.internal.security.transforms.Transform)#1 &amp; com.sun.org.apache.xml.internal.security.transforms.implementations.TransformC14NWithComments#enginePerformTransform(com.sun.org.apache.xml.internal.security.signature.XMLSignatureInput, java.io.OutputStream, com.sun.org.apache.xml.internal.security.transforms.Transform)#1 &amp; com.sun.org.apache.xml.internal.security.transforms.implementations.TransformC14N11_WithComments#enginePerformTransform(com.sun.org.apache.xml.internal.security.signature.XMLSignatureInput, java.io.OutputStream, com.sun.org.apache.xml.internal.security.transforms.Transform)#1 &amp; com.sun.org.apache.xml.internal.security.transforms.implementations.TransformC14NExclusiveWithComments#enginePerformTransform(com.sun.org.apache.xml.internal.security.signature.XMLSignatureInput, java.io.OutputStream, com.sun.org.apache.xml.internal.security.transforms.Transform)#1&quot; }"/>
        </annotation>
    </item>
    <item name='com.sun.org.apache.xml.internal.security.c14n.implementations.NameSpaceSymbEntry NameSpaceSymbEntry(java.lang.String, org.w3c.dom.Attr, boolean, java.lang.String)'>
        <annotation name='com.intellij.inspections.tainted.annotation.equation.Equations'>
            <val val="{ &quot;n := NameSpaceSymbTable#addMapping(java.lang.String, java.lang.String, org.w3c.dom.Attr)#2 &amp; NameSpaceSymbTable#addMappingAndRender(java.lang.String, java.lang.String, org.w3c.dom.Attr)#2&quot;, &quot;name := NameSpaceSymbTable#addMapping(java.lang.String, java.lang.String, org.w3c.dom.Attr)#1 &amp; NameSpaceSymbTable#addMappingAndRender(java.lang.String, java.lang.String, org.w3c.dom.Attr)#1&quot;, &quot;NameSpaceSymbEntry := NameSpaceSymbEntry&quot;, &quot;prefix := NameSpaceSymbTable#XMLNS &amp; NameSpaceSymbTable#addMapping(java.lang.String, java.lang.String, org.w3c.dom.Attr)#0 &amp; NameSpaceSymbTable#addMappingAndRender(java.lang.String, java.lang.String, org.w3c.dom.Attr)#0&quot; }"/>
        </annotation>
    </item>
    <item name='com.sun.org.apache.xml.internal.security.c14n.implementations.NameSpaceSymbTable'>
        <annotation name='com.intellij.inspections.tainted.annotation.equation.Equations'>
            <val val="{ &quot;NameSpaceSymbTable := NameSpaceSymbTable&quot; }"/>
        </annotation>
    </item>
    <item name='com.sun.org.apache.xml.internal.security.c14n.implementations.NameSpaceSymbTable NameSpaceSymbTable()'>
        <annotation name='com.intellij.inspections.tainted.annotation.equation.Equations'>
            <val val="{ &quot;NameSpaceSymbTable := NameSpaceSymbTable&quot; }"/>
        </annotation>
    </item>
    <item name='com.sun.org.apache.xml.internal.security.c14n.implementations.NameSpaceSymbTable boolean addMapping(java.lang.String, java.lang.String, org.w3c.dom.Attr)'>
        <annotation name='com.intellij.inspections.tainted.annotation.equation.Equations'>
            <val val="{ &quot;uri := &quot;, &quot;n := &quot;, &quot;prefix := CanonicalizerBase#XMLNS&quot; }"/>
        </annotation>
    </item>
    <item name='com.sun.org.apache.xml.internal.security.c14n.implementations.NameSpaceSymbTable org.w3c.dom.Attr getMapping(java.lang.String)'>
        <annotation name='com.intellij.inspections.tainted.annotation.equation.Equations'>
            <val val="{ &quot;prefix := CanonicalizerBase#XMLNS&quot; }"/>
        </annotation>
    </item>
    <item name='com.sun.org.apache.xml.internal.security.c14n.implementations.NameSpaceSymbTable org.w3c.dom.Attr getMappingWithoutRendered(java.lang.String)'>
        <annotation name='com.intellij.inspections.tainted.annotation.equation.Equations'>
            <val val="{ &quot;prefix := CanonicalizerBase#XMLNS&quot; }"/>
        </annotation>
    </item>
    <item name='com.sun.org.apache.xml.internal.security.c14n.implementations.NameSpaceSymbTable org.w3c.dom.Node addMappingAndRender(java.lang.String, java.lang.String, org.w3c.dom.Attr)'>
        <annotation name='com.intellij.inspections.tainted.annotation.equation.Equations'>
            <val val="{ &quot;prefix := CanonicalizerBase#XMLNS&quot; }"/>
        </annotation>
    </item>
    <item name='com.sun.org.apache.xml.internal.security.c14n.implementations.NameSpaceSymbTable void getUnrenderedNodes(java.util.Collection&lt;org.w3c.dom.Attr&gt;)'>
        <annotation name='com.intellij.inspections.tainted.annotation.equation.Equations'>
            <val val="{ &quot;result := Canonicalizer11 &amp; Canonicalizer20010315&quot; }"/>
        </annotation>
    </item>
    <item name='com.sun.org.apache.xml.internal.security.c14n.implementations.SymbMap SymbMap()'>
        <annotation name='com.intellij.inspections.tainted.annotation.equation.Equations'>
            <val val="{ &quot;SymbMap := SymbMap&quot; }"/>
        </annotation>
    </item>
    <item name='com.sun.org.apache.xml.internal.security.c14n.implementations.SymbMap com.sun.org.apache.xml.internal.security.c14n.implementations.NameSpaceSymbEntry get(java.lang.String)'>
        <annotation name='com.intellij.inspections.tainted.annotation.equation.Equations'>
            <val val="{ &quot;get := SymbMap&quot;, &quot;key := NameSpaceSymbTable#getMapping(java.lang.String)#0 &amp; NameSpaceSymbTable#getMappingWithoutRendered(java.lang.String)#0 &amp; NameSpaceSymbTable#addMapping(java.lang.String, java.lang.String, org.w3c.dom.Attr)#0 &amp; NameSpaceSymbTable#addMappingAndRender(java.lang.String, java.lang.String, org.w3c.dom.Attr)#0 &amp; NameSpaceSymbTable#removeMapping(java.lang.String)#0 &amp; NameSpaceSymbTable#removeMappingIfNotRender(java.lang.String)#0 &amp; NameSpaceSymbTable#removeMappingIfRender(java.lang.String)#0&quot; }"/>
        </annotation>
    </item>
    <item name='com.sun.org.apache.xml.internal.security.c14n.implementations.SymbMap int index(java.lang.Object)'>
        <annotation name='com.intellij.inspections.tainted.annotation.equation.Equations'>
            <val val="{ &quot;obj := #put(java.lang.String, com.sun.org.apache.xml.internal.security.c14n.implementations.NameSpaceSymbEntry)#0 &amp; SymbMap&quot; }"/>
        </annotation>
    </item>
    <item name='com.sun.org.apache.xml.internal.security.c14n.implementations.SymbMap void put(java.lang.String, com.sun.org.apache.xml.internal.security.c14n.implementations.NameSpaceSymbEntry)'>
        <annotation name='com.intellij.inspections.tainted.annotation.equation.Equations'>
            <val val="{ &quot;value := &quot;, &quot;key := NameSpaceSymbTable#XMLNS &amp; NameSpaceSymbTable#getMapping(java.lang.String)#0 &amp; NameSpaceSymbTable#addMapping(java.lang.String, java.lang.String, org.w3c.dom.Attr)#0 &amp; NameSpaceSymbTable#addMappingAndRender(java.lang.String, java.lang.String, org.w3c.dom.Attr)#0 &amp; NameSpaceSymbTable#removeMapping(java.lang.String)#0 &amp; NameSpaceSymbTable#removeMappingIfNotRender(java.lang.String)#0 &amp; NameSpaceSymbTable#removeMappingIfRender(java.lang.String)#0&quot; }"/>
        </annotation>
    </item>
    <item name='com.sun.org.apache.xml.internal.security.c14n.implementations.SymbMap void rehash(int)'>
        <annotation name='com.intellij.inspections.tainted.annotation.equation.Equations'>
            <val val="{ &quot;newCapacity := SymbMap&quot; }"/>
        </annotation>
    </item>
    <item name='com.sun.org.apache.xml.internal.security.c14n.implementations.UtfHelpper void writeByte(java.lang.String, java.io.OutputStream, java.util.Map&lt;java.lang.String,byte[]&gt;)'>
        <annotation name='com.intellij.inspections.tainted.annotation.equation.Equations'>
            <val val="{ &quot;out := CanonicalizerBase &amp; CanonicalizerBase#outputAttrToWriter(java.lang.String, java.lang.String, java.io.OutputStream, java.util.Map)#2&quot;, &quot;str := CanonicalizerBase#outputAttrToWriter(java.lang.String, java.lang.String, java.io.OutputStream, java.util.Map)#0&quot;, &quot;cache := CanonicalizerBase#outputAttrToWriter(java.lang.String, java.lang.String, java.io.OutputStream, java.util.Map)#3&quot; }"/>
        </annotation>
    </item>
    <item name='com.sun.org.apache.xml.internal.security.c14n.implementations.UtfHelpper void writeCharToUtf8(char, java.io.OutputStream)'>
        <annotation name='com.intellij.inspections.tainted.annotation.equation.Equations'>
            <val val="{ &quot;out := CanonicalizerBase#outputAttrToWriter(java.lang.String, java.lang.String, java.io.OutputStream, java.util.Map)#2 &amp; CanonicalizerBase#outputPItoWriter(org.w3c.dom.ProcessingInstruction, java.io.OutputStream, int)#1 &amp; CanonicalizerBase#outputCommentToWriter(org.w3c.dom.Comment, java.io.OutputStream, int)#1 &amp; CanonicalizerBase#outputTextToWriter(java.lang.String, java.io.OutputStream)#1&quot; }"/>
        </annotation>
    </item>
</root>