<root>
    <item name='com.sun.org.apache.xerces.internal.impl.io.ASCIIReader ASCIIReader(java.io.InputStream, com.sun.org.apache.xerces.internal.util.MessageFormatter, java.util.Locale)'>
        <annotation name='com.intellij.inspections.tainted.annotation.equation.Equations'>
            <val val="{ &quot;ASCIIReader := ASCIIReader&quot; }"/>
        </annotation>
    </item>
    <item name='com.sun.org.apache.xerces.internal.impl.io.ASCIIReader ASCIIReader(java.io.InputStream, int, com.sun.org.apache.xerces.internal.util.MessageFormatter, java.util.Locale)'>
        <annotation name='com.intellij.inspections.tainted.annotation.equation.Equations'>
            <val val="{ &quot;ASCIIReader := ASCIIReader&quot;, &quot;size := #DEFAULT_BUFFER_SIZE &amp; com.sun.org.apache.xerces.internal.impl.XMLEntityScanner &amp; com.sun.org.apache.xerces.internal.impl.XMLEntityManager &amp; com.sun.org.apache.xerces.internal.xinclude.XIncludeTextReader&quot;, &quot;inputStream := #ASCIIReader(java.io.InputStream, com.sun.org.apache.xerces.internal.util.MessageFormatter, java.util.Locale)#0 &amp; com.sun.org.apache.xerces.internal.impl.XMLEntityScanner#createReader(java.io.InputStream, java.lang.String, java.lang.Boolean)#0 &amp; com.sun.org.apache.xerces.internal.impl.XMLEntityManager#createReader(java.io.InputStream, java.lang.String, java.lang.Boolean)#0&quot;, &quot;messageFormatter := #ASCIIReader(java.io.InputStream, com.sun.org.apache.xerces.internal.util.MessageFormatter, java.util.Locale)#1&quot;, &quot;locale := #ASCIIReader(java.io.InputStream, com.sun.org.apache.xerces.internal.util.MessageFormatter, java.util.Locale)#2&quot; }"/>
        </annotation>
    </item>
    <item name='com.sun.org.apache.xerces.internal.impl.io.ASCIIReader int read(char[], int, int)'>
        <annotation name='com.intellij.inspections.tainted.annotation.equation.Equations'>
            <val val="{ &quot;offset := java.io.Reader#read(char[], int, int)#1 &amp; java.io.Reader#read(char[], int, int)#1&quot;, &quot;length := java.io.Reader#read(char[], int, int)#2 &amp; java.io.Reader#read(char[], int, int)#2&quot;, &quot;ch := java.io.Reader#read(char[], int, int)#0 &amp; java.io.Reader#read(char[], int, int)#0&quot; }"/>
        </annotation>
    </item>
    <item name='com.sun.org.apache.xerces.internal.impl.io.ASCIIReader long skip(long)'>
        <annotation name='com.intellij.inspections.tainted.annotation.equation.Equations'>
            <val val="{ &quot;n := java.io.Reader#skip(long)#0 &amp; java.io.Reader#skip(long)#0&quot; }"/>
        </annotation>
    </item>
    <item name='com.sun.org.apache.xerces.internal.impl.io.ASCIIReader void mark(int)'>
        <annotation name='com.intellij.inspections.tainted.annotation.equation.Equations'>
            <val val="{ &quot;readAheadLimit := java.io.Reader#mark(int)#0 &amp; java.io.Reader#mark(int)#0&quot; }"/>
        </annotation>
    </item>
    <item name='com.sun.org.apache.xerces.internal.impl.io.MalformedByteSequenceException MalformedByteSequenceException(com.sun.org.apache.xerces.internal.util.MessageFormatter, java.util.Locale, java.lang.String, java.lang.String, java.lang.Object[])'>
        <annotation name='com.intellij.inspections.tainted.annotation.equation.Equations'>
            <val val="{ &quot;MalformedByteSequenceException := MalformedByteSequenceException&quot; }"/>
        </annotation>
    </item>
    <item name='com.sun.org.apache.xerces.internal.impl.io.MalformedByteSequenceException java.lang.Object[] getArguments()'>
        <annotation name='com.intellij.inspections.tainted.annotation.equation.Equations'>
            <val val="{ &quot;getArguments := MalformedByteSequenceException&quot; }"/>
        </annotation>
    </item>
    <item name='com.sun.org.apache.xerces.internal.impl.io.MalformedByteSequenceException java.lang.String getDomain()'>
        <annotation name='com.intellij.inspections.tainted.annotation.equation.Equations'>
            <val val="{ &quot;getDomain := MalformedByteSequenceException&quot; }"/>
        </annotation>
    </item>
    <item name='com.sun.org.apache.xerces.internal.impl.io.MalformedByteSequenceException java.lang.String getKey()'>
        <annotation name='com.intellij.inspections.tainted.annotation.equation.Equations'>
            <val val="{ &quot;getKey := MalformedByteSequenceException&quot; }"/>
        </annotation>
    </item>
    <item name='com.sun.org.apache.xerces.internal.impl.io.MalformedByteSequenceException java.lang.String getMessage()'>
        <annotation name='com.intellij.inspections.tainted.annotation.equation.Equations'>
            <val val="{ &quot;getMessage := MalformedByteSequenceException&quot; }"/>
        </annotation>
    </item>
    <item name='com.sun.org.apache.xerces.internal.impl.io.UCSReader UCSReader(java.io.InputStream, int, short)'>
        <annotation name='com.intellij.inspections.tainted.annotation.equation.Equations'>
            <val val="{ &quot;size := #DEFAULT_BUFFER_SIZE&quot;, &quot;inputStream := #UCSReader(java.io.InputStream, short)#0&quot;, &quot;UCSReader := UCSReader&quot;, &quot;encoding := #UCSReader(java.io.InputStream, short)#1&quot; }"/>
        </annotation>
    </item>
    <item name='com.sun.org.apache.xerces.internal.impl.io.UCSReader UCSReader(java.io.InputStream, short)'>
        <annotation name='com.intellij.inspections.tainted.annotation.equation.Equations'>
            <val val="{ &quot;UCSReader := UCSReader&quot;, &quot;encoding := #UCS4BE &amp; #UCS4LE &amp; #UCS2BE &amp; #UCS2LE&quot;, &quot;inputStream := com.sun.org.apache.xerces.internal.impl.XMLEntityScanner#createReader(java.io.InputStream, java.lang.String, java.lang.Boolean)#0 &amp; com.sun.org.apache.xerces.internal.impl.XMLEntityManager#createReader(java.io.InputStream, java.lang.String, java.lang.Boolean)#0&quot; }"/>
        </annotation>
    </item>
    <item name='com.sun.org.apache.xerces.internal.impl.io.UCSReader int read(char[], int, int)'>
        <annotation name='com.intellij.inspections.tainted.annotation.equation.Equations'>
            <val val="{ &quot;offset := java.io.Reader#read(char[], int, int)#1 &amp; java.io.Reader#read(char[], int, int)#1&quot;, &quot;ch := java.io.Reader#read(char[], int, int)#0 &amp; java.io.Reader#read(char[], int, int)#0&quot;, &quot;length := java.io.Reader#read(char[], int, int)#2 &amp; java.io.Reader#read(char[], int, int)#2&quot; }"/>
        </annotation>
    </item>
    <item name='com.sun.org.apache.xerces.internal.impl.io.UCSReader long skip(long)'>
        <annotation name='com.intellij.inspections.tainted.annotation.equation.Equations'>
            <val val="{ &quot;n := java.io.Reader#skip(long)#0 &amp; java.io.Reader#skip(long)#0&quot; }"/>
        </annotation>
    </item>
    <item name='com.sun.org.apache.xerces.internal.impl.io.UCSReader void mark(int)'>
        <annotation name='com.intellij.inspections.tainted.annotation.equation.Equations'>
            <val val="{ &quot;readAheadLimit := java.io.Reader#mark(int)#0 &amp; java.io.Reader#mark(int)#0&quot; }"/>
        </annotation>
    </item>
    <item name='com.sun.org.apache.xerces.internal.impl.io.UTF8Reader UTF8Reader(java.io.InputStream)'>
        <annotation name='com.intellij.inspections.tainted.annotation.equation.Equations'>
            <val val="{ &quot;UTF8Reader := UTF8Reader&quot; }"/>
        </annotation>
    </item>
    <item name='com.sun.org.apache.xerces.internal.impl.io.UTF8Reader UTF8Reader(java.io.InputStream, com.sun.org.apache.xerces.internal.util.MessageFormatter, java.util.Locale)'>
        <annotation name='com.intellij.inspections.tainted.annotation.equation.Equations'>
            <val val="{ &quot;UTF8Reader := UTF8Reader&quot; }"/>
        </annotation>
    </item>
    <item name='com.sun.org.apache.xerces.internal.impl.io.UTF8Reader UTF8Reader(java.io.InputStream, int, com.sun.org.apache.xerces.internal.util.MessageFormatter, java.util.Locale)'>
        <annotation name='com.intellij.inspections.tainted.annotation.equation.Equations'>
            <val val="{ &quot;UTF8Reader := UTF8Reader&quot;, &quot;inputStream := #UTF8Reader(java.io.InputStream)#0 &amp; #UTF8Reader(java.io.InputStream, com.sun.org.apache.xerces.internal.util.MessageFormatter, java.util.Locale)#0 &amp; com.sun.org.apache.xerces.internal.impl.XMLEntityScanner#createReader(java.io.InputStream, java.lang.String, java.lang.Boolean)#0 &amp; com.sun.org.apache.xerces.internal.impl.XMLEntityManager#createReader(java.io.InputStream, java.lang.String, java.lang.Boolean)#0&quot;, &quot;messageFormatter := #UTF8Reader(java.io.InputStream, com.sun.org.apache.xerces.internal.util.MessageFormatter, java.util.Locale)#1&quot;, &quot;size := #DEFAULT_BUFFER_SIZE &amp; com.sun.org.apache.xerces.internal.impl.XMLEntityManager &amp; com.sun.org.apache.xerces.internal.xinclude.XIncludeTextReader&quot;, &quot;locale := #UTF8Reader(java.io.InputStream, com.sun.org.apache.xerces.internal.util.MessageFormatter, java.util.Locale)#2&quot; }"/>
        </annotation>
    </item>
    <item name='com.sun.org.apache.xerces.internal.impl.io.UTF8Reader int read()'>
        <annotation name='com.intellij.inspections.tainted.annotation.equation.Equations'>
            <val val="{ &quot;read := UTF8Reader&quot; }"/>
        </annotation>
    </item>
    <item name='com.sun.org.apache.xerces.internal.impl.io.UTF8Reader int read(char[], int, int)'>
        <annotation name='com.intellij.inspections.tainted.annotation.equation.Equations'>
            <val val="{ &quot;offset := java.io.Reader#read(char[], int, int)#1 &amp; java.io.Reader#read(char[], int, int)#1&quot;, &quot;read := offset &amp; UTF8Reader&quot;, &quot;ch := java.io.Reader#read(char[], int, int)#0 &amp; java.io.Reader#read(char[], int, int)#0&quot;, &quot;length := java.io.Reader#read(char[], int, int)#2 &amp; java.io.Reader#read(char[], int, int)#2 &amp; #skip(long)#0&quot; }"/>
        </annotation>
    </item>
    <item name='com.sun.org.apache.xerces.internal.impl.io.UTF8Reader long skip(long)'>
        <annotation name='com.intellij.inspections.tainted.annotation.equation.Equations'>
            <val val="{ &quot;n := java.io.Reader#skip(long)#0 &amp; java.io.Reader#skip(long)#0&quot;, &quot;skip := n&quot; }"/>
        </annotation>
    </item>
    <item name='com.sun.org.apache.xerces.internal.impl.io.UTF8Reader void invalidByte(int, int, int)'>
        <annotation name='com.intellij.inspections.tainted.annotation.equation.Equations'>
            <val val="{ &quot;c := UTF8Reader&quot; }"/>
        </annotation>
    </item>
    <item name='com.sun.org.apache.xerces.internal.impl.io.UTF8Reader void invalidSurrogate(int)'>
        <annotation name='com.intellij.inspections.tainted.annotation.equation.Equations'>
            <val val="{ &quot;uuuuu := UTF8Reader&quot; }"/>
        </annotation>
    </item>
    <item name='com.sun.org.apache.xerces.internal.impl.io.UTF8Reader void mark(int)'>
        <annotation name='com.intellij.inspections.tainted.annotation.equation.Equations'>
            <val val="{ &quot;readAheadLimit := java.io.Reader#mark(int)#0 &amp; java.io.Reader#mark(int)#0&quot; }"/>
        </annotation>
    </item>
</root>