<root>
    <item name='com.sun.corba.se.spi.orbutil.threadpool.ThreadPool com.sun.corba.se.spi.orbutil.threadpool.WorkQueue getAnyWorkQueue()'>
        <annotation name='com.intellij.inspections.tainted.annotation.equation.Equations'>
            <val val="{ &quot;getAnyWorkQueue := com.sun.corba.se.impl.orbutil.threadpool.ThreadPoolImpl#getAnyWorkQueue()&quot; }"/>
        </annotation>
    </item>
    <item name='com.sun.corba.se.spi.orbutil.threadpool.ThreadPool com.sun.corba.se.spi.orbutil.threadpool.WorkQueue getWorkQueue(int)'>
        <annotation name='com.intellij.inspections.tainted.annotation.equation.Equations'>
            <val val="{ &quot;getWorkQueue := com.sun.corba.se.impl.orbutil.threadpool.ThreadPoolImpl#getWorkQueue(int)&quot;, &quot;queueId := com.sun.corba.se.impl.orbutil.threadpool.ThreadPoolImpl#getWorkQueue(int)#0&quot; }"/>
        </annotation>
    </item>
    <item name='com.sun.corba.se.spi.orbutil.threadpool.ThreadPool int currentNumberOfThreads()'>
        <annotation name='com.intellij.inspections.tainted.annotation.equation.Equations'>
            <val val="{ &quot;currentNumberOfThreads := com.sun.corba.se.impl.orbutil.threadpool.ThreadPoolImpl#currentNumberOfThreads()&quot; }"/>
        </annotation>
    </item>
    <item name='com.sun.corba.se.spi.orbutil.threadpool.ThreadPool int maximumNumberOfThreads()'>
        <annotation name='com.intellij.inspections.tainted.annotation.equation.Equations'>
            <val val="{ &quot;maximumNumberOfThreads := com.sun.corba.se.impl.orbutil.threadpool.ThreadPoolImpl#maximumNumberOfThreads()&quot; }"/>
        </annotation>
    </item>
    <item name='com.sun.corba.se.spi.orbutil.threadpool.ThreadPool int minimumNumberOfThreads()'>
        <annotation name='com.intellij.inspections.tainted.annotation.equation.Equations'>
            <val val="{ &quot;minimumNumberOfThreads := com.sun.corba.se.impl.orbutil.threadpool.ThreadPoolImpl#minimumNumberOfThreads()&quot; }"/>
        </annotation>
    </item>
    <item name='com.sun.corba.se.spi.orbutil.threadpool.ThreadPool int numberOfAvailableThreads()'>
        <annotation name='com.intellij.inspections.tainted.annotation.equation.Equations'>
            <val val="{ &quot;numberOfAvailableThreads := com.sun.corba.se.impl.orbutil.threadpool.ThreadPoolImpl#numberOfAvailableThreads()&quot; }"/>
        </annotation>
    </item>
    <item name='com.sun.corba.se.spi.orbutil.threadpool.ThreadPool int numberOfBusyThreads()'>
        <annotation name='com.intellij.inspections.tainted.annotation.equation.Equations'>
            <val val="{ &quot;numberOfBusyThreads := com.sun.corba.se.impl.orbutil.threadpool.ThreadPoolImpl#numberOfBusyThreads()&quot; }"/>
        </annotation>
    </item>
    <item name='com.sun.corba.se.spi.orbutil.threadpool.ThreadPool int numberOfWorkQueues()'>
        <annotation name='com.intellij.inspections.tainted.annotation.equation.Equations'>
            <val val="{ &quot;numberOfWorkQueues := com.sun.corba.se.impl.orbutil.threadpool.ThreadPoolImpl#numberOfWorkQueues()&quot; }"/>
        </annotation>
    </item>
    <item name='com.sun.corba.se.spi.orbutil.threadpool.ThreadPool java.lang.String getName()'>
        <annotation name='com.intellij.inspections.tainted.annotation.equation.Equations'>
            <val val="{ &quot;getName := com.sun.corba.se.impl.orbutil.threadpool.ThreadPoolImpl#getName()&quot; }"/>
        </annotation>
    </item>
    <item name='com.sun.corba.se.spi.orbutil.threadpool.ThreadPool long averageWorkCompletionTime()'>
        <annotation name='com.intellij.inspections.tainted.annotation.equation.Equations'>
            <val val="{ &quot;averageWorkCompletionTime := com.sun.corba.se.impl.orbutil.threadpool.ThreadPoolImpl#averageWorkCompletionTime()&quot; }"/>
        </annotation>
    </item>
    <item name='com.sun.corba.se.spi.orbutil.threadpool.ThreadPool long currentProcessedCount()'>
        <annotation name='com.intellij.inspections.tainted.annotation.equation.Equations'>
            <val val="{ &quot;currentProcessedCount := com.sun.corba.se.impl.orbutil.threadpool.ThreadPoolImpl#currentProcessedCount()&quot; }"/>
        </annotation>
    </item>
    <item name='com.sun.corba.se.spi.orbutil.threadpool.ThreadPool long idleTimeoutForThreads()'>
        <annotation name='com.intellij.inspections.tainted.annotation.equation.Equations'>
            <val val="{ &quot;idleTimeoutForThreads := com.sun.corba.se.impl.orbutil.threadpool.ThreadPoolImpl#idleTimeoutForThreads()&quot; }"/>
        </annotation>
    </item>
    <item name='com.sun.corba.se.spi.orbutil.threadpool.ThreadPoolManager com.sun.corba.se.spi.orbutil.threadpool.ThreadPool getDefaultThreadPool()'>
        <annotation name='com.intellij.inspections.tainted.annotation.equation.Equations'>
            <val val="{ &quot;getDefaultThreadPool := com.sun.corba.se.impl.orbutil.threadpool.ThreadPoolManagerImpl#getDefaultThreadPool()&quot; }"/>
        </annotation>
    </item>
    <item name='com.sun.corba.se.spi.orbutil.threadpool.ThreadPoolManager com.sun.corba.se.spi.orbutil.threadpool.ThreadPool getThreadPool(int)'>
        <annotation name='com.intellij.inspections.tainted.annotation.equation.Equations'>
            <val val="{ &quot;numericIdForThreadpool := com.sun.corba.se.impl.orbutil.threadpool.ThreadPoolManagerImpl#getThreadPool(int)#0&quot;, &quot;getThreadPool := com.sun.corba.se.impl.orbutil.threadpool.ThreadPoolManagerImpl#getThreadPool(int)&quot; }"/>
        </annotation>
    </item>
    <item name='com.sun.corba.se.spi.orbutil.threadpool.ThreadPoolManager com.sun.corba.se.spi.orbutil.threadpool.ThreadPool getThreadPool(java.lang.String)'>
        <annotation name='com.intellij.inspections.tainted.annotation.equation.Equations'>
            <val val="{ &quot;getThreadPool := com.sun.corba.se.impl.orbutil.threadpool.ThreadPoolManagerImpl#getThreadPool(java.lang.String)&quot;, &quot;threadpoolId := com.sun.corba.se.impl.orbutil.threadpool.ThreadPoolManagerImpl#getThreadPool(java.lang.String)#0&quot; }"/>
        </annotation>
    </item>
    <item name='com.sun.corba.se.spi.orbutil.threadpool.ThreadPoolManager com.sun.corba.se.spi.orbutil.threadpool.ThreadPoolChooser getThreadPoolChooser(int)'>
        <annotation name='com.intellij.inspections.tainted.annotation.equation.Equations'>
            <val val="{ &quot;componentIndex := com.sun.corba.se.impl.orbutil.threadpool.ThreadPoolManagerImpl#getThreadPoolChooser(int)#0&quot;, &quot;getThreadPoolChooser := com.sun.corba.se.impl.orbutil.threadpool.ThreadPoolManagerImpl#getThreadPoolChooser(int)&quot; }"/>
        </annotation>
    </item>
    <item name='com.sun.corba.se.spi.orbutil.threadpool.ThreadPoolManager com.sun.corba.se.spi.orbutil.threadpool.ThreadPoolChooser getThreadPoolChooser(java.lang.String)'>
        <annotation name='com.intellij.inspections.tainted.annotation.equation.Equations'>
            <val val="{ &quot;getThreadPoolChooser := com.sun.corba.se.impl.orbutil.threadpool.ThreadPoolManagerImpl#getThreadPoolChooser(java.lang.String)&quot;, &quot;componentId := com.sun.corba.se.impl.orbutil.threadpool.ThreadPoolManagerImpl#getThreadPoolChooser(java.lang.String)#0&quot; }"/>
        </annotation>
    </item>
    <item name='com.sun.corba.se.spi.orbutil.threadpool.ThreadPoolManager int getThreadPoolChooserNumericId(java.lang.String)'>
        <annotation name='com.intellij.inspections.tainted.annotation.equation.Equations'>
            <val val="{ &quot;getThreadPoolChooserNumericId := com.sun.corba.se.impl.orbutil.threadpool.ThreadPoolManagerImpl#getThreadPoolChooserNumericId(java.lang.String)&quot;, &quot;componentId := com.sun.corba.se.impl.orbutil.threadpool.ThreadPoolManagerImpl#getThreadPoolChooserNumericId(java.lang.String)#0&quot; }"/>
        </annotation>
    </item>
    <item name='com.sun.corba.se.spi.orbutil.threadpool.ThreadPoolManager int getThreadPoolNumericId(java.lang.String)'>
        <annotation name='com.intellij.inspections.tainted.annotation.equation.Equations'>
            <val val="{ &quot;threadpoolId := com.sun.corba.se.impl.orbutil.threadpool.ThreadPoolManagerImpl#getThreadPoolNumericId(java.lang.String)#0&quot;, &quot;getThreadPoolNumericId := com.sun.corba.se.impl.orbutil.threadpool.ThreadPoolManagerImpl#getThreadPoolNumericId(java.lang.String)&quot; }"/>
        </annotation>
    </item>
    <item name='com.sun.corba.se.spi.orbutil.threadpool.ThreadPoolManager java.lang.String getThreadPoolStringId(int)'>
        <annotation name='com.intellij.inspections.tainted.annotation.equation.Equations'>
            <val val="{ &quot;numericIdForThreadpool := com.sun.corba.se.impl.orbutil.threadpool.ThreadPoolManagerImpl#getThreadPoolStringId(int)#0&quot;, &quot;getThreadPoolStringId := com.sun.corba.se.impl.orbutil.threadpool.ThreadPoolManagerImpl#getThreadPoolStringId(int)&quot; }"/>
        </annotation>
    </item>
    <item name='com.sun.corba.se.spi.orbutil.threadpool.ThreadPoolManager void setThreadPoolChooser(java.lang.String, com.sun.corba.se.spi.orbutil.threadpool.ThreadPoolChooser)'>
        <annotation name='com.intellij.inspections.tainted.annotation.equation.Equations'>
            <val val="{ &quot;aThreadPoolChooser := com.sun.corba.se.impl.orbutil.threadpool.ThreadPoolManagerImpl#setThreadPoolChooser(java.lang.String, com.sun.corba.se.spi.orbutil.threadpool.ThreadPoolChooser)#1&quot;, &quot;componentId := com.sun.corba.se.impl.orbutil.threadpool.ThreadPoolManagerImpl#setThreadPoolChooser(java.lang.String, com.sun.corba.se.spi.orbutil.threadpool.ThreadPoolChooser)#0&quot; }"/>
        </annotation>
    </item>
    <item name='com.sun.corba.se.spi.orbutil.threadpool.Work java.lang.String getName()'>
        <annotation name='com.intellij.inspections.tainted.annotation.equation.Equations'>
            <val val="{ &quot;getName := com.sun.corba.se.impl.transport.ReaderThreadImpl#getName() &amp; com.sun.corba.se.impl.transport.ListenerThreadImpl#getName() &amp; com.sun.corba.se.impl.transport.SocketOrChannelAcceptorImpl#getName() &amp; com.sun.corba.se.impl.transport.SocketOrChannelConnectionImpl#getName()&quot; }"/>
        </annotation>
    </item>
    <item name='com.sun.corba.se.spi.orbutil.threadpool.Work long getEnqueueTime()'>
        <annotation name='com.intellij.inspections.tainted.annotation.equation.Equations'>
            <val val="{ &quot;getEnqueueTime := com.sun.corba.se.impl.transport.SocketOrChannelConnectionImpl#getEnqueueTime() &amp; com.sun.corba.se.impl.transport.SocketOrChannelAcceptorImpl#getEnqueueTime() &amp; com.sun.corba.se.impl.transport.ReaderThreadImpl#getEnqueueTime() &amp; com.sun.corba.se.impl.transport.ListenerThreadImpl#getEnqueueTime()&quot; }"/>
        </annotation>
    </item>
    <item name='com.sun.corba.se.spi.orbutil.threadpool.Work void setEnqueueTime(long)'>
        <annotation name='com.intellij.inspections.tainted.annotation.equation.Equations'>
            <val val="{ &quot;timeInMillis := com.sun.corba.se.impl.transport.SocketOrChannelConnectionImpl#setEnqueueTime(long)#0 &amp; com.sun.corba.se.impl.transport.SocketOrChannelAcceptorImpl#setEnqueueTime(long)#0 &amp; com.sun.corba.se.impl.transport.ReaderThreadImpl#setEnqueueTime(long)#0 &amp; com.sun.corba.se.impl.transport.ListenerThreadImpl#setEnqueueTime(long)#0&quot; }"/>
        </annotation>
    </item>
    <item name='com.sun.corba.se.spi.orbutil.threadpool.WorkQueue com.sun.corba.se.spi.orbutil.threadpool.ThreadPool getThreadPool()'>
        <annotation name='com.intellij.inspections.tainted.annotation.equation.Equations'>
            <val val="{ &quot;getThreadPool := com.sun.corba.se.impl.orbutil.threadpool.WorkQueueImpl#getThreadPool()&quot; }"/>
        </annotation>
    </item>
    <item name='com.sun.corba.se.spi.orbutil.threadpool.WorkQueue int workItemsInQueue()'>
        <annotation name='com.intellij.inspections.tainted.annotation.equation.Equations'>
            <val val="{ &quot;workItemsInQueue := com.sun.corba.se.impl.orbutil.threadpool.WorkQueueImpl#workItemsInQueue()&quot; }"/>
        </annotation>
    </item>
    <item name='com.sun.corba.se.spi.orbutil.threadpool.WorkQueue java.lang.String getName()'>
        <annotation name='com.intellij.inspections.tainted.annotation.equation.Equations'>
            <val val="{ &quot;getName := com.sun.corba.se.impl.orbutil.threadpool.WorkQueueImpl#getName()&quot; }"/>
        </annotation>
    </item>
    <item name='com.sun.corba.se.spi.orbutil.threadpool.WorkQueue long averageTimeInQueue()'>
        <annotation name='com.intellij.inspections.tainted.annotation.equation.Equations'>
            <val val="{ &quot;averageTimeInQueue := com.sun.corba.se.impl.orbutil.threadpool.WorkQueueImpl#averageTimeInQueue()&quot; }"/>
        </annotation>
    </item>
    <item name='com.sun.corba.se.spi.orbutil.threadpool.WorkQueue long totalWorkItemsAdded()'>
        <annotation name='com.intellij.inspections.tainted.annotation.equation.Equations'>
            <val val="{ &quot;totalWorkItemsAdded := com.sun.corba.se.impl.orbutil.threadpool.WorkQueueImpl#totalWorkItemsAdded()&quot; }"/>
        </annotation>
    </item>
    <item name='com.sun.corba.se.spi.orbutil.threadpool.WorkQueue void addWork(com.sun.corba.se.spi.orbutil.threadpool.Work)'>
        <annotation name='com.intellij.inspections.tainted.annotation.equation.Equations'>
            <val val="{ &quot;aWorkItem := com.sun.corba.se.impl.orbutil.threadpool.WorkQueueImpl#addWork(com.sun.corba.se.spi.orbutil.threadpool.Work)#0&quot; }"/>
        </annotation>
    </item>
    <item name='com.sun.corba.se.spi.orbutil.threadpool.WorkQueue void setThreadPool(com.sun.corba.se.spi.orbutil.threadpool.ThreadPool)'>
        <annotation name='com.intellij.inspections.tainted.annotation.equation.Equations'>
            <val val="{ &quot;aThreadPool := com.sun.corba.se.impl.orbutil.threadpool.WorkQueueImpl#setThreadPool(com.sun.corba.se.spi.orbutil.threadpool.ThreadPool)#0&quot; }"/>
        </annotation>
    </item>
</root>