<root>
    <item name='com.sun.org.apache.xml.internal.resolver.Catalog'>
        <annotation name='com.intellij.inspections.tainted.annotation.equation.Equations'>
            <val val="{ &quot;Catalog := #parseCatalog(java.net.URL)#0&quot; }"/>
        </annotation>
    </item>
    <item name='com.sun.org.apache.xml.internal.resolver.Catalog Catalog()'>
        <annotation name='com.intellij.inspections.tainted.annotation.equation.Equations'>
            <val val="{ &quot;Catalog := Catalog&quot; }"/>
        </annotation>
    </item>
    <item name='com.sun.org.apache.xml.internal.resolver.Catalog Catalog(com.sun.org.apache.xml.internal.resolver.CatalogManager)'>
        <annotation name='com.intellij.inspections.tainted.annotation.equation.Equations'>
            <val val="{ &quot;manager := com.sun.org.apache.xerces.internal.util.XMLCatalogResolver&quot;, &quot;Catalog := Catalog&quot; }"/>
        </annotation>
    </item>
    <item name='com.sun.org.apache.xml.internal.resolver.Catalog com.sun.org.apache.xml.internal.resolver.CatalogManager getCatalogManager()'>
        <annotation name='com.intellij.inspections.tainted.annotation.equation.Equations'>
            <val val="{ &quot;getCatalogManager := Catalog&quot; }"/>
        </annotation>
    </item>
    <item name='com.sun.org.apache.xml.internal.resolver.Catalog java.lang.String fixSlashes(java.lang.String)'>
        <annotation name='com.intellij.inspections.tainted.annotation.equation.Equations'>
            <val val="{ &quot;sysid := #parseCatalogFile(java.lang.String)#0 &amp; #makeAbsolute(java.lang.String)#0&quot; }"/>
        </annotation>
    </item>
    <item name='com.sun.org.apache.xml.internal.resolver.Catalog java.lang.String makeAbsolute(java.lang.String)'>
        <annotation name='com.intellij.inspections.tainted.annotation.equation.Equations'>
            <val val="{ &quot;sysid := &quot;, &quot;makeAbsolute := sysid&quot; }"/>
        </annotation>
    </item>
    <item name='com.sun.org.apache.xml.internal.resolver.Catalog java.lang.String normalizeURI(java.lang.String)'>
        <annotation name='com.intellij.inspections.tainted.annotation.equation.Equations'>
            <val val="{ &quot;normalizeURI := uriref&quot;, &quot;uriref := #resolveDoctype(java.lang.String, java.lang.String, java.lang.String)#2 &amp; #resolveEntity(java.lang.String, java.lang.String, java.lang.String)#2 &amp; #resolveNotation(java.lang.String, java.lang.String, java.lang.String)#2 &amp; #resolvePublic(java.lang.String, java.lang.String)#1 &amp; #resolveSystem(java.lang.String)#0 &amp; #resolveURI(java.lang.String)#0&quot; }"/>
        </annotation>
    </item>
    <item name='com.sun.org.apache.xml.internal.resolver.Catalog java.lang.String resolveDoctype(java.lang.String, java.lang.String, java.lang.String)'>
        <annotation name='com.intellij.inspections.tainted.annotation.equation.Equations'>
            <val val="{ &quot;systemId := Resolver#resolveAllSubordinateCatalogs(int, java.lang.String, java.lang.String, java.lang.String)#3 &amp; #resolveSubordinateCatalogs(int, java.lang.String, java.lang.String, java.lang.String)#3&quot;, &quot;entityName := Resolver#resolveAllSubordinateCatalogs(int, java.lang.String, java.lang.String, java.lang.String)#1 &amp; #resolveSubordinateCatalogs(int, java.lang.String, java.lang.String, java.lang.String)#1&quot;, &quot;publicId := Resolver#resolveAllSubordinateCatalogs(int, java.lang.String, java.lang.String, java.lang.String)#2 &amp; #resolveSubordinateCatalogs(int, java.lang.String, java.lang.String, java.lang.String)#2&quot; }"/>
        </annotation>
    </item>
    <item name='com.sun.org.apache.xml.internal.resolver.Catalog java.lang.String resolveEntity(java.lang.String, java.lang.String, java.lang.String)'>
        <annotation name='com.intellij.inspections.tainted.annotation.equation.Equations'>
            <val val="{ &quot;publicId := Resolver#resolveAllSubordinateCatalogs(int, java.lang.String, java.lang.String, java.lang.String)#2 &amp; #resolveSubordinateCatalogs(int, java.lang.String, java.lang.String, java.lang.String)#2&quot;, &quot;entityName := Resolver#resolveAllSubordinateCatalogs(int, java.lang.String, java.lang.String, java.lang.String)#1 &amp; #resolveSubordinateCatalogs(int, java.lang.String, java.lang.String, java.lang.String)#1&quot;, &quot;systemId := Resolver#resolveAllSubordinateCatalogs(int, java.lang.String, java.lang.String, java.lang.String)#3 &amp; #resolveSubordinateCatalogs(int, java.lang.String, java.lang.String, java.lang.String)#3&quot; }"/>
        </annotation>
    </item>
    <item name='com.sun.org.apache.xml.internal.resolver.Catalog java.lang.String resolveLocalPublic(int, java.lang.String, java.lang.String, java.lang.String)'>
        <annotation name='com.intellij.inspections.tainted.annotation.equation.Equations'>
            <val val="{ &quot;entityName := #resolveDoctype(java.lang.String, java.lang.String, java.lang.String)#0 &amp; #resolveEntity(java.lang.String, java.lang.String, java.lang.String)#0 &amp; #resolveNotation(java.lang.String, java.lang.String, java.lang.String)#0&quot;, &quot;publicId := #resolveDoctype(java.lang.String, java.lang.String, java.lang.String)#1 &amp; #resolveDoctype(java.lang.String, java.lang.String, java.lang.String)#2 &amp; #resolveEntity(java.lang.String, java.lang.String, java.lang.String)#1 &amp; #resolveEntity(java.lang.String, java.lang.String, java.lang.String)#2 &amp; #resolveNotation(java.lang.String, java.lang.String, java.lang.String)#1 &amp; #resolveNotation(java.lang.String, java.lang.String, java.lang.String)#2 &amp; #resolvePublic(java.lang.String, java.lang.String)#0 &amp; #resolvePublic(java.lang.String, java.lang.String)#1&quot;, &quot;systemId := #resolveDoctype(java.lang.String, java.lang.String, java.lang.String)#2 &amp; #resolveEntity(java.lang.String, java.lang.String, java.lang.String)#2 &amp; #resolveNotation(java.lang.String, java.lang.String, java.lang.String)#2 &amp; #resolvePublic(java.lang.String, java.lang.String)#1&quot;, &quot;entityType := #DOCTYPE &amp; #ENTITY &amp; #NOTATION &amp; #PUBLIC&quot; }"/>
        </annotation>
    </item>
    <item name='com.sun.org.apache.xml.internal.resolver.Catalog java.lang.String resolveLocalSystem(java.lang.String)'>
        <annotation name='com.intellij.inspections.tainted.annotation.equation.Equations'>
            <val val="{ &quot;systemId := #resolveDoctype(java.lang.String, java.lang.String, java.lang.String)#2 &amp; #resolveEntity(java.lang.String, java.lang.String, java.lang.String)#2 &amp; #resolveNotation(java.lang.String, java.lang.String, java.lang.String)#2 &amp; #resolvePublic(java.lang.String, java.lang.String)#1 &amp; #resolveLocalPublic(int, java.lang.String, java.lang.String, java.lang.String)#3 &amp; #resolveSystem(java.lang.String)#0&quot; }"/>
        </annotation>
    </item>
    <item name='com.sun.org.apache.xml.internal.resolver.Catalog java.lang.String resolveLocalURI(java.lang.String)'>
        <annotation name='com.intellij.inspections.tainted.annotation.equation.Equations'>
            <val val="{ &quot;uri := #resolveURI(java.lang.String)#0&quot; }"/>
        </annotation>
    </item>
    <item name='com.sun.org.apache.xml.internal.resolver.Catalog java.lang.String resolveNotation(java.lang.String, java.lang.String, java.lang.String)'>
        <annotation name='com.intellij.inspections.tainted.annotation.equation.Equations'>
            <val val="{ &quot;publicId := Resolver#resolveAllSubordinateCatalogs(int, java.lang.String, java.lang.String, java.lang.String)#2 &amp; #resolveSubordinateCatalogs(int, java.lang.String, java.lang.String, java.lang.String)#2&quot;, &quot;systemId := Resolver#resolveAllSubordinateCatalogs(int, java.lang.String, java.lang.String, java.lang.String)#3 &amp; #resolveSubordinateCatalogs(int, java.lang.String, java.lang.String, java.lang.String)#3&quot;, &quot;notationName := Resolver#resolveAllSubordinateCatalogs(int, java.lang.String, java.lang.String, java.lang.String)#1 &amp; #resolveSubordinateCatalogs(int, java.lang.String, java.lang.String, java.lang.String)#1&quot; }"/>
        </annotation>
    </item>
    <item name='com.sun.org.apache.xml.internal.resolver.Catalog java.lang.String resolvePublic(java.lang.String, java.lang.String)'>
        <annotation name='com.intellij.inspections.tainted.annotation.equation.Equations'>
            <val val="{ &quot;systemId := com.sun.org.apache.xml.internal.resolver.tools.CatalogResolver#getResolvedEntity(java.lang.String, java.lang.String)#1 &amp; Resolver#resolvePublic(java.lang.String, java.lang.String)#1 &amp; #resolveSubordinateCatalogs(int, java.lang.String, java.lang.String, java.lang.String)#3 &amp; com.sun.org.apache.xerces.internal.util.XMLCatalogResolver#resolvePublic(java.lang.String, java.lang.String)#1&quot;, &quot;publicId := com.sun.org.apache.xml.internal.resolver.tools.CatalogResolver#getResolvedEntity(java.lang.String, java.lang.String)#0 &amp; Resolver#resolvePublic(java.lang.String, java.lang.String)#0 &amp; #resolveLocalPublic(int, java.lang.String, java.lang.String, java.lang.String)#2 &amp; #resolveSystem(java.lang.String)#0 &amp; #resolveURI(java.lang.String)#0 &amp; #resolveSubordinateCatalogs(int, java.lang.String, java.lang.String, java.lang.String)#2 &amp; com.sun.org.apache.xerces.internal.util.XMLCatalogResolver#resolvePublic(java.lang.String, java.lang.String)#0&quot;, &quot;resolvePublic := Resolver#resolvePublic(java.lang.String, java.lang.String)&quot; }"/>
        </annotation>
    </item>
    <item name='com.sun.org.apache.xml.internal.resolver.Catalog java.lang.String resolveSubordinateCatalogs(int, java.lang.String, java.lang.String, java.lang.String)'>
        <annotation name='com.intellij.inspections.tainted.annotation.equation.Equations'>
            <val val="{ &quot;entityName := #resolveDoctype(java.lang.String, java.lang.String, java.lang.String)#0 &amp; #resolveEntity(java.lang.String, java.lang.String, java.lang.String)#0 &amp; #resolveNotation(java.lang.String, java.lang.String, java.lang.String)#0&quot;, &quot;publicId := Resolver#resolvePublic(java.lang.String, java.lang.String)#0 &amp; #resolveDoctype(java.lang.String, java.lang.String, java.lang.String)#1 &amp; #resolveDoctype(java.lang.String, java.lang.String, java.lang.String)#2 &amp; #resolveEntity(java.lang.String, java.lang.String, java.lang.String)#1 &amp; #resolveEntity(java.lang.String, java.lang.String, java.lang.String)#2 &amp; #resolveNotation(java.lang.String, java.lang.String, java.lang.String)#1 &amp; #resolveNotation(java.lang.String, java.lang.String, java.lang.String)#2 &amp; #resolvePublic(java.lang.String, java.lang.String)#0 &amp; #resolvePublic(java.lang.String, java.lang.String)#1&quot;, &quot;entityType := #URI &amp; #SYSTEM &amp; #PUBLIC &amp; #DOCTYPE &amp; #DOCUMENT &amp; #ENTITY &amp; #NOTATION&quot;, &quot;systemId := Resolver#resolveURI(java.lang.String)#0 &amp; Resolver#resolveSystem(java.lang.String)#0 &amp; Resolver#resolvePublic(java.lang.String, java.lang.String)#1 &amp; #resolveDoctype(java.lang.String, java.lang.String, java.lang.String)#2 &amp; #resolveEntity(java.lang.String, java.lang.String, java.lang.String)#2 &amp; #resolveNotation(java.lang.String, java.lang.String, java.lang.String)#2 &amp; #resolvePublic(java.lang.String, java.lang.String)#1 &amp; #resolveSystem(java.lang.String)#0 &amp; #resolveURI(java.lang.String)#0&quot; }"/>
        </annotation>
    </item>
    <item name='com.sun.org.apache.xml.internal.resolver.Catalog java.lang.String resolveSystem(java.lang.String)'>
        <annotation name='com.intellij.inspections.tainted.annotation.equation.Equations'>
            <val val="{ &quot;systemId := com.sun.org.apache.xml.internal.resolver.tools.CatalogResolver#getResolvedEntity(java.lang.String, java.lang.String)#1 &amp; Resolver#resolveSystem(java.lang.String)#0 &amp; #resolveLocalSystem(java.lang.String)#0 &amp; #resolveSubordinateCatalogs(int, java.lang.String, java.lang.String, java.lang.String)#3 &amp; com.sun.org.apache.xerces.internal.util.XMLCatalogResolver#resolveSystem(java.lang.String)#0&quot;, &quot;resolveSystem := Resolver#resolveSystem(java.lang.String)&quot; }"/>
        </annotation>
    </item>
    <item name='com.sun.org.apache.xml.internal.resolver.Catalog java.lang.String resolveURI(java.lang.String)'>
        <annotation name='com.intellij.inspections.tainted.annotation.equation.Equations'>
            <val val="{ &quot;uri := Resolver#resolveURI(java.lang.String)#0&quot;, &quot;resolveURI := Resolver#resolveURI(java.lang.String)&quot; }"/>
        </annotation>
    </item>
    <item name='com.sun.org.apache.xml.internal.resolver.Catalog void addDelegate(com.sun.org.apache.xml.internal.resolver.CatalogEntry)'>
        <annotation name='com.intellij.inspections.tainted.annotation.equation.Equations'>
            <val val="{ &quot;entry := #addEntry(com.sun.org.apache.xml.internal.resolver.CatalogEntry)#0&quot; }"/>
        </annotation>
    </item>
    <item name='com.sun.org.apache.xml.internal.resolver.Catalog void addEntry(com.sun.org.apache.xml.internal.resolver.CatalogEntry)'>
        <annotation name='com.intellij.inspections.tainted.annotation.equation.Equations'>
            <val val="{ &quot;entry := Resolver#addEntry(com.sun.org.apache.xml.internal.resolver.CatalogEntry)#0&quot; }"/>
        </annotation>
    </item>
    <item name='com.sun.org.apache.xml.internal.resolver.Catalog void addReader(java.lang.String, com.sun.org.apache.xml.internal.resolver.readers.CatalogReader)'>
        <annotation name='com.intellij.inspections.tainted.annotation.equation.Equations'>
            <val val="{ &quot;reader := &quot; }"/>
        </annotation>
    </item>
    <item name='com.sun.org.apache.xml.internal.resolver.Catalog void parseCatalog(java.lang.String)'>
        <annotation name='com.intellij.inspections.tainted.annotation.equation.Equations'>
            <val val="{ &quot;fileName := com.sun.org.apache.xerces.internal.util.XMLCatalogResolver&quot; }"/>
        </annotation>
    </item>
    <item name='com.sun.org.apache.xml.internal.resolver.Catalog void parseCatalogFile(java.lang.String)'>
        <annotation name='com.intellij.inspections.tainted.annotation.equation.Equations'>
            <val val="{ &quot;fileName := &quot; }"/>
        </annotation>
    </item>
    <item name='com.sun.org.apache.xml.internal.resolver.Catalog void setCatalogManager(com.sun.org.apache.xml.internal.resolver.CatalogManager)'>
        <annotation name='com.intellij.inspections.tainted.annotation.equation.Equations'>
            <val val="{ &quot;manager := Catalog &amp; CatalogManager&quot; }"/>
        </annotation>
    </item>
    <item name='com.sun.org.apache.xml.internal.resolver.Catalog void unknownEntry(java.util.Vector)'>
        <annotation name='com.intellij.inspections.tainted.annotation.equation.Equations'>
            <val val="{ &quot;strings := &quot; }"/>
        </annotation>
    </item>
    <item name='com.sun.org.apache.xml.internal.resolver.CatalogEntry'>
        <annotation name='com.intellij.inspections.tainted.annotation.equation.Equations'>
            <val val="{ &quot;CatalogEntry := &quot; }"/>
        </annotation>
    </item>
    <item name='com.sun.org.apache.xml.internal.resolver.CatalogEntry CatalogEntry()'>
        <annotation name='com.intellij.inspections.tainted.annotation.equation.Equations'>
            <val val="{ &quot;CatalogEntry := CatalogEntry&quot; }"/>
        </annotation>
    </item>
    <item name='com.sun.org.apache.xml.internal.resolver.CatalogEntry CatalogEntry(int, java.util.Vector)'>
        <annotation name='com.intellij.inspections.tainted.annotation.equation.Equations'>
            <val val="{ &quot;type := Catalog#BASE &amp; Resolver#URISUFFIX &amp; Resolver#SYSTEMSUFFIX &amp; Catalog#DELEGATE_PUBLIC &amp; Catalog#CATALOG &amp; Catalog#PUBLIC &amp; Catalog#SYSTEM &amp; Catalog#OVERRIDE &amp; Catalog#DELEGATE_SYSTEM &amp; Catalog#DELEGATE_URI &amp; Catalog#REWRITE_SYSTEM &amp; Catalog#SYSTEM_SUFFIX &amp; Catalog#REWRITE_URI &amp; Catalog#URI_SUFFIX &amp; Catalog#URI &amp; Catalog#DOCTYPE &amp; Catalog#DOCUMENT &amp; Catalog#DTDDECL &amp; Catalog#ENTITY &amp; Catalog#LINKTYPE &amp; Catalog#NOTATION &amp; Catalog#SGMLDECL&quot;, &quot;args := &quot;, &quot;CatalogEntry := CatalogEntry&quot; }"/>
        </annotation>
    </item>
    <item name='com.sun.org.apache.xml.internal.resolver.CatalogEntry CatalogEntry(java.lang.String, java.util.Vector)'>
        <annotation name='com.intellij.inspections.tainted.annotation.equation.Equations'>
            <val val="{ &quot;CatalogEntry := CatalogEntry&quot;, &quot;args := &quot;, &quot;name := &quot; }"/>
        </annotation>
    </item>
    <item name='com.sun.org.apache.xml.internal.resolver.CatalogEntry int getEntryArgCount(int)'>
        <annotation name='com.intellij.inspections.tainted.annotation.equation.Equations'>
            <val val="{ &quot;type := &quot; }"/>
        </annotation>
    </item>
    <item name='com.sun.org.apache.xml.internal.resolver.CatalogEntry int getEntryType()'>
        <annotation name='com.intellij.inspections.tainted.annotation.equation.Equations'>
            <val val="{ &quot;getEntryType := CatalogEntry&quot; }"/>
        </annotation>
    </item>
    <item name='com.sun.org.apache.xml.internal.resolver.CatalogEntry int getEntryType(java.lang.String)'>
        <annotation name='com.intellij.inspections.tainted.annotation.equation.Equations'>
            <val val="{ &quot;name := #getEntryArgCount(java.lang.String)#0&quot; }"/>
        </annotation>
    </item>
    <item name='com.sun.org.apache.xml.internal.resolver.CatalogEntry void setEntryArg(int, java.lang.String)'>
        <annotation name='com.intellij.inspections.tainted.annotation.equation.Equations'>
            <val val="{ &quot;newspec := &quot; }"/>
        </annotation>
    </item>
    <item name='com.sun.org.apache.xml.internal.resolver.CatalogException CatalogException(int)'>
        <annotation name='com.intellij.inspections.tainted.annotation.equation.Equations'>
            <val val="{ &quot;CatalogException := CatalogException&quot; }"/>
        </annotation>
    </item>
    <item name='com.sun.org.apache.xml.internal.resolver.CatalogException CatalogException(int, java.lang.String)'>
        <annotation name='com.intellij.inspections.tainted.annotation.equation.Equations'>
            <val val="{ &quot;CatalogException := CatalogException&quot; }"/>
        </annotation>
    </item>
    <item name='com.sun.org.apache.xml.internal.resolver.CatalogException CatalogException(java.lang.Exception)'>
        <annotation name='com.intellij.inspections.tainted.annotation.equation.Equations'>
            <val val="{ &quot;CatalogException := CatalogException&quot; }"/>
        </annotation>
    </item>
    <item name='com.sun.org.apache.xml.internal.resolver.CatalogException CatalogException(java.lang.String, java.lang.Exception)'>
        <annotation name='com.intellij.inspections.tainted.annotation.equation.Equations'>
            <val val="{ &quot;CatalogException := CatalogException&quot; }"/>
        </annotation>
    </item>
    <item name='com.sun.org.apache.xml.internal.resolver.CatalogException int getExceptionType()'>
        <annotation name='com.intellij.inspections.tainted.annotation.equation.Equations'>
            <val val="{ &quot;getExceptionType := CatalogException&quot; }"/>
        </annotation>
    </item>
    <item name='com.sun.org.apache.xml.internal.resolver.CatalogException java.lang.Exception getException()'>
        <annotation name='com.intellij.inspections.tainted.annotation.equation.Equations'>
            <val val="{ &quot;getException := CatalogException&quot; }"/>
        </annotation>
    </item>
    <item name='com.sun.org.apache.xml.internal.resolver.CatalogManager'>
        <annotation name='com.intellij.inspections.tainted.annotation.equation.Equations'>
            <val val="{ &quot;CatalogManager := #setBootstrapResolver(com.sun.org.apache.xml.internal.resolver.helpers.BootstrapResolver)#0 &amp; #setCatalogFiles(java.lang.String)#0 &amp; #setCatalogClassName(java.lang.String)#0&quot; }"/>
        </annotation>
    </item>
    <item name='com.sun.org.apache.xml.internal.resolver.CatalogManager CatalogManager()'>
        <annotation name='com.intellij.inspections.tainted.annotation.equation.Equations'>
            <val val="{ &quot;CatalogManager := CatalogManager&quot; }"/>
        </annotation>
    </item>
    <item name='com.sun.org.apache.xml.internal.resolver.CatalogManager CatalogManager(java.lang.String)'>
        <annotation name='com.intellij.inspections.tainted.annotation.equation.Equations'>
            <val val="{ &quot;CatalogManager := CatalogManager&quot; }"/>
        </annotation>
    </item>
    <item name='com.sun.org.apache.xml.internal.resolver.CatalogManager com.sun.org.apache.xml.internal.resolver.Catalog getCatalog()'>
        <annotation name='com.intellij.inspections.tainted.annotation.equation.Equations'>
            <val val="{ &quot;getCatalog := CatalogManager&quot; }"/>
        </annotation>
    </item>
    <item name='com.sun.org.apache.xml.internal.resolver.CatalogManager com.sun.org.apache.xml.internal.resolver.Catalog getPrivateCatalog()'>
        <annotation name='com.intellij.inspections.tainted.annotation.equation.Equations'>
            <val val="{ &quot;getPrivateCatalog := CatalogManager&quot; }"/>
        </annotation>
    </item>
    <item name='com.sun.org.apache.xml.internal.resolver.CatalogManager com.sun.org.apache.xml.internal.resolver.CatalogManager getStaticManager()'>
        <annotation name='com.intellij.inspections.tainted.annotation.equation.Equations'>
            <val val="{ &quot;getStaticManager := CatalogManager&quot; }"/>
        </annotation>
    </item>
    <item name='com.sun.org.apache.xml.internal.resolver.CatalogManager com.sun.org.apache.xml.internal.resolver.helpers.BootstrapResolver getBootstrapResolver()'>
        <annotation name='com.intellij.inspections.tainted.annotation.equation.Equations'>
            <val val="{ &quot;getBootstrapResolver := CatalogManager&quot; }"/>
        </annotation>
    </item>
    <item name='com.sun.org.apache.xml.internal.resolver.CatalogManager int queryVerbosity()'>
        <annotation name='com.intellij.inspections.tainted.annotation.equation.Equations'>
            <val val="{ &quot;queryVerbosity := CatalogManager&quot; }"/>
        </annotation>
    </item>
    <item name='com.sun.org.apache.xml.internal.resolver.CatalogManager java.lang.String getCatalogClassName()'>
        <annotation name='com.intellij.inspections.tainted.annotation.equation.Equations'>
            <val val="{ &quot;getCatalogClassName := CatalogManager&quot; }"/>
        </annotation>
    </item>
    <item name='com.sun.org.apache.xml.internal.resolver.CatalogManager java.lang.String queryCatalogFiles()'>
        <annotation name='com.intellij.inspections.tainted.annotation.equation.Equations'>
            <val val="{ &quot;queryCatalogFiles := CatalogManager&quot; }"/>
        </annotation>
    </item>
    <item name='com.sun.org.apache.xml.internal.resolver.Resolver com.sun.org.apache.xml.internal.resolver.Resolver queryResolver(java.lang.String, java.lang.String, java.lang.String, java.lang.String)'>
        <annotation name='com.intellij.inspections.tainted.annotation.equation.Equations'>
            <val val="{ &quot;resolver := #resolveExternalSystem(java.lang.String, java.lang.String)#1 &amp; #resolveExternalPublic(java.lang.String, java.lang.String)#1&quot;, &quot;arg1 := #resolveExternalSystem(java.lang.String, java.lang.String)#0 &amp; #resolveExternalPublic(java.lang.String, java.lang.String)#0&quot; }"/>
        </annotation>
    </item>
    <item name='com.sun.org.apache.xml.internal.resolver.Resolver java.lang.String resolveExternalPublic(java.lang.String, java.lang.String)'>
        <annotation name='com.intellij.inspections.tainted.annotation.equation.Equations'>
            <val val="{ &quot;publicId := #resolvePublic(java.lang.String, java.lang.String)#0&quot; }"/>
        </annotation>
    </item>
    <item name='com.sun.org.apache.xml.internal.resolver.Resolver java.lang.String resolveExternalSystem(java.lang.String, java.lang.String)'>
        <annotation name='com.intellij.inspections.tainted.annotation.equation.Equations'>
            <val val="{ &quot;systemId := #resolveURI(java.lang.String)#0 &amp; #resolveSystem(java.lang.String)#0 &amp; #resolvePublic(java.lang.String, java.lang.String)#1&quot; }"/>
        </annotation>
    </item>
    <item name='com.sun.org.apache.xml.internal.resolver.Resolver java.lang.String resolvePublic(java.lang.String, java.lang.String)'>
        <annotation name='com.intellij.inspections.tainted.annotation.equation.Equations'>
            <val val="{ &quot;publicId := #resolveExternalPublic(java.lang.String, java.lang.String)#0 &amp; #resolveAllSubordinateCatalogs(int, java.lang.String, java.lang.String, java.lang.String)#2&quot;, &quot;systemId := #resolveAllSubordinateCatalogs(int, java.lang.String, java.lang.String, java.lang.String)#3&quot; }"/>
        </annotation>
    </item>
    <item name='com.sun.org.apache.xml.internal.resolver.Resolver java.lang.String resolveSystem(java.lang.String)'>
        <annotation name='com.intellij.inspections.tainted.annotation.equation.Equations'>
            <val val="{ &quot;systemId := #resolveExternalSystem(java.lang.String, java.lang.String)#0&quot; }"/>
        </annotation>
    </item>
    <item name='com.sun.org.apache.xml.internal.resolver.Resolver java.util.Vector appendVector(java.util.Vector, java.util.Vector)'>
        <annotation name='com.intellij.inspections.tainted.annotation.equation.Equations'>
            <val val="{ &quot;appendVector := vec&quot; }"/>
        </annotation>
    </item>
    <item name='com.sun.org.apache.xml.internal.resolver.Resolver java.util.Vector resolveAllLocalSystem(java.lang.String)'>
        <annotation name='com.intellij.inspections.tainted.annotation.equation.Equations'>
            <val val="{ &quot;systemId := #resolveAllSystem(java.lang.String)#0&quot; }"/>
        </annotation>
    </item>
    <item name='com.sun.org.apache.xml.internal.resolver.Resolver java.util.Vector resolveAllSubordinateCatalogs(int, java.lang.String, java.lang.String, java.lang.String)'>
        <annotation name='com.intellij.inspections.tainted.annotation.equation.Equations'>
            <val val="{ &quot;entityType := #SYSTEMREVERSE &amp; Catalog#SYSTEM&quot;, &quot;systemId := #resolveAllSystemReverse(java.lang.String)#0 &amp; #resolveAllSystem(java.lang.String)#0&quot; }"/>
        </annotation>
    </item>
    <item name='com.sun.org.apache.xml.internal.resolver.Resolver java.util.Vector resolveAllSystem(java.lang.String)'>
        <annotation name='com.intellij.inspections.tainted.annotation.equation.Equations'>
            <val val="{ &quot;systemId := #resolveAllSubordinateCatalogs(int, java.lang.String, java.lang.String, java.lang.String)#3&quot; }"/>
        </annotation>
    </item>
    <item name='com.sun.org.apache.xml.internal.resolver.Resolver java.util.Vector resolveAllSystemReverse(java.lang.String)'>
        <annotation name='com.intellij.inspections.tainted.annotation.equation.Equations'>
            <val val="{ &quot;systemId := #resolveSystemReverse(java.lang.String)#0 &amp; #resolveAllSubordinateCatalogs(int, java.lang.String, java.lang.String, java.lang.String)#3&quot; }"/>
        </annotation>
    </item>
    <item name='com.sun.org.apache.xml.internal.resolver.Resolver java.util.Vector resolveLocalSystemReverse(java.lang.String)'>
        <annotation name='com.intellij.inspections.tainted.annotation.equation.Equations'>
            <val val="{ &quot;systemId := #resolveAllSystemReverse(java.lang.String)#0&quot; }"/>
        </annotation>
    </item>
</root>