<root>
    <item name='javax.crypto.CryptoPermission'>
        <annotation name='com.intellij.inspections.tainted.annotation.equation.Equations'>
            <val val="{ &quot;CryptoPermission := CryptoAllPermission&quot; }"/>
        </annotation>
    </item>
    <item name='javax.crypto.CryptoPermission boolean equals(java.lang.Object)'>
        <annotation name='com.intellij.inspections.tainted.annotation.equation.Equations'>
            <val val="{ &quot;o := CryptoAllPermission#equals(java.lang.Object)#0&quot; }"/>
        </annotation>
    </item>
    <item name='javax.crypto.CryptoPermission boolean implies(java.security.Permission)'>
        <annotation name='com.intellij.inspections.tainted.annotation.equation.Equations'>
            <val val="{ &quot;permission := CryptoAllPermission#implies(java.security.Permission)#0&quot; }"/>
        </annotation>
    </item>
    <item name='javax.crypto.CryptoPermission int hashCode()'>
        <annotation name='com.intellij.inspections.tainted.annotation.equation.Equations'>
            <val val="{ &quot;hashCode := CryptoAllPermission#hashCode()&quot; }"/>
        </annotation>
    </item>
    <item name='javax.crypto.CryptoPermission java.security.PermissionCollection newPermissionCollection()'>
        <annotation name='com.intellij.inspections.tainted.annotation.equation.Equations'>
            <val val="{ &quot;newPermissionCollection := CryptoAllPermission#newPermissionCollection()&quot; }"/>
        </annotation>
    </item>
</root>