<root>
    <item name='org.hibernate.tutorial.envers.Event'>
        <annotation name='com.intellij.inspections.tainted.annotation.equation.Equations'>
            <val val="{ &quot;Event := #Event(String, Date)#0 &amp; #Event(String, Date)#1 &amp; #setId(Long)#0 &amp; #setDate(Date)#0 &amp; #setTitle(String)#0&quot; }"/>
        </annotation>
    </item>
    <item name='org.hibernate.tutorial.envers.Event Date getDate()'>
        <annotation name='com.intellij.inspections.tainted.annotation.equation.Equations'>
            <val val="{ &quot;getDate := Event&quot; }"/>
        </annotation>
    </item>
    <item name='org.hibernate.tutorial.envers.Event Event()'>
        <annotation name='com.intellij.inspections.tainted.annotation.equation.Equations'>
            <val val="{ &quot;Event := Event&quot; }"/>
        </annotation>
    </item>
    <item name='org.hibernate.tutorial.envers.Event Event(String, Date)'>
        <annotation name='com.intellij.inspections.tainted.annotation.equation.Equations'>
            <val val="{ &quot;Event := Event&quot; }"/>
        </annotation>
    </item>
    <item name='org.hibernate.tutorial.envers.Event Long getId()'>
        <annotation name='com.intellij.inspections.tainted.annotation.equation.Equations'>
            <val val="{ &quot;getId := Event&quot; }"/>
        </annotation>
    </item>
    <item name='org.hibernate.tutorial.envers.Event String getTitle()'>
        <annotation name='com.intellij.inspections.tainted.annotation.equation.Equations'>
            <val val="{ &quot;getTitle := Event&quot; }"/>
        </annotation>
    </item>
</root>