<root>
    <item name='com.sun.org.apache.xpath.internal.jaxp.JAXPPrefixResolver JAXPPrefixResolver(javax.xml.namespace.NamespaceContext)'>
        <annotation name='com.intellij.inspections.tainted.annotation.equation.Equations'>
            <val val="{ &quot;JAXPPrefixResolver := JAXPPrefixResolver&quot;, &quot;nsContext := XPathImpl#setNamespaceContext(javax.xml.namespace.NamespaceContext)#0&quot; }"/>
        </annotation>
    </item>
    <item name='com.sun.org.apache.xpath.internal.jaxp.JAXPPrefixResolver java.lang.String getNamespaceForPrefix(java.lang.String, org.w3c.dom.Node)'>
        <annotation name='com.intellij.inspections.tainted.annotation.equation.Equations'>
            <val val="{ &quot;getNamespaceForPrefix := #S_XMLNAMESPACEURI&quot; }"/>
        </annotation>
    </item>
    <item name='com.sun.org.apache.xpath.internal.jaxp.XPathExpressionImpl'>
        <annotation name='com.intellij.inspections.tainted.annotation.equation.Equations'>
            <val val="{ &quot;XPathExpressionImpl := #setXPath(com.sun.org.apache.xpath.internal.XPath)#0&quot; }"/>
        </annotation>
    </item>
    <item name='com.sun.org.apache.xpath.internal.jaxp.XPathExpressionImpl XPathExpressionImpl()'>
        <annotation name='com.intellij.inspections.tainted.annotation.equation.Equations'>
            <val val="{ &quot;XPathExpressionImpl := XPathExpressionImpl&quot; }"/>
        </annotation>
    </item>
    <item name='com.sun.org.apache.xpath.internal.jaxp.XPathExpressionImpl XPathExpressionImpl(com.sun.org.apache.xpath.internal.XPath, com.sun.org.apache.xpath.internal.jaxp.JAXPPrefixResolver, javax.xml.xpath.XPathFunctionResolver, javax.xml.xpath.XPathVariableResolver)'>
        <annotation name='com.intellij.inspections.tainted.annotation.equation.Equations'>
            <val val="{ &quot;XPathExpressionImpl := XPathExpressionImpl&quot; }"/>
        </annotation>
    </item>
    <item name='com.sun.org.apache.xpath.internal.jaxp.XPathExpressionImpl XPathExpressionImpl(com.sun.org.apache.xpath.internal.XPath, com.sun.org.apache.xpath.internal.jaxp.JAXPPrefixResolver, javax.xml.xpath.XPathFunctionResolver, javax.xml.xpath.XPathVariableResolver, boolean, boolean, com.sun.org.apache.xalan.internal.utils.FeatureManager)'>
        <annotation name='com.intellij.inspections.tainted.annotation.equation.Equations'>
            <val val="{ &quot;XPathExpressionImpl := XPathExpressionImpl&quot;, &quot;prefixResolver := #XPathExpressionImpl(com.sun.org.apache.xpath.internal.XPath, com.sun.org.apache.xpath.internal.jaxp.JAXPPrefixResolver, javax.xml.xpath.XPathFunctionResolver, javax.xml.xpath.XPathVariableResolver)#1 &amp; XPathImpl&quot;, &quot;variableResolver := #XPathExpressionImpl(com.sun.org.apache.xpath.internal.XPath, com.sun.org.apache.xpath.internal.jaxp.JAXPPrefixResolver, javax.xml.xpath.XPathFunctionResolver, javax.xml.xpath.XPathVariableResolver)#3 &amp; XPathImpl&quot;, &quot;featureManager := XPathImpl&quot;, &quot;xpath := #XPathExpressionImpl(com.sun.org.apache.xpath.internal.XPath, com.sun.org.apache.xpath.internal.jaxp.JAXPPrefixResolver, javax.xml.xpath.XPathFunctionResolver, javax.xml.xpath.XPathVariableResolver)#0&quot;, &quot;functionResolver := #XPathExpressionImpl(com.sun.org.apache.xpath.internal.XPath, com.sun.org.apache.xpath.internal.jaxp.JAXPPrefixResolver, javax.xml.xpath.XPathFunctionResolver, javax.xml.xpath.XPathVariableResolver)#2 &amp; XPathImpl&quot; }"/>
        </annotation>
    </item>
    <item name='com.sun.org.apache.xpath.internal.jaxp.XPathExpressionImpl com.sun.org.apache.xpath.internal.objects.XObject eval(java.lang.Object)'>
        <annotation name='com.intellij.inspections.tainted.annotation.equation.Equations'>
            <val val="{ &quot;contextItem := #eval(java.lang.Object, javax.xml.namespace.QName)#0&quot; }"/>
        </annotation>
    </item>
    <item name='com.sun.org.apache.xpath.internal.jaxp.XPathExpressionImpl java.lang.Object eval(java.lang.Object, javax.xml.namespace.QName)'>
        <annotation name='com.intellij.inspections.tainted.annotation.equation.Equations'>
            <val val="{ &quot;returnType := #evaluate(java.lang.Object, javax.xml.namespace.QName)#1 &amp; #evaluate(org.xml.sax.InputSource, javax.xml.namespace.QName)#1&quot;, &quot;item := #evaluate(java.lang.Object, javax.xml.namespace.QName)#0&quot; }"/>
        </annotation>
    </item>
    <item name='com.sun.org.apache.xpath.internal.jaxp.XPathExpressionImpl java.lang.Object evaluate(java.lang.Object, javax.xml.namespace.QName)'>
        <annotation name='com.intellij.inspections.tainted.annotation.equation.Equations'>
            <val val="{ &quot;item := #evaluate(java.lang.Object)#0&quot;, &quot;returnType := javax.xml.xpath.XPathConstants#STRING&quot; }"/>
        </annotation>
    </item>
    <item name='com.sun.org.apache.xpath.internal.jaxp.XPathExpressionImpl java.lang.Object evaluate(org.xml.sax.InputSource, javax.xml.namespace.QName)'>
        <annotation name='com.intellij.inspections.tainted.annotation.equation.Equations'>
            <val val="{ &quot;returnType := javax.xml.xpath.XPathConstants#STRING&quot;, &quot;source := #evaluate(org.xml.sax.InputSource)#0&quot; }"/>
        </annotation>
    </item>
    <item name='com.sun.org.apache.xpath.internal.jaxp.XPathExpressionImpl java.lang.Object getResultAsType(com.sun.org.apache.xpath.internal.objects.XObject, javax.xml.namespace.QName)'>
        <annotation name='com.intellij.inspections.tainted.annotation.equation.Equations'>
            <val val="{ &quot;returnType := #eval(java.lang.Object, javax.xml.namespace.QName)#1&quot; }"/>
        </annotation>
    </item>
    <item name='com.sun.org.apache.xpath.internal.jaxp.XPathFactoryImpl'>
        <annotation name='com.intellij.inspections.tainted.annotation.equation.Equations'>
            <val val="{ &quot;XPathFactoryImpl := #setXPathVariableResolver(javax.xml.xpath.XPathVariableResolver)#0 &amp; #setXPathFunctionResolver(javax.xml.xpath.XPathFunctionResolver)#0&quot; }"/>
        </annotation>
    </item>
    <item name='com.sun.org.apache.xpath.internal.jaxp.XPathFactoryImpl XPathFactoryImpl()'>
        <annotation name='com.intellij.inspections.tainted.annotation.equation.Equations'>
            <val val="{ &quot;XPathFactoryImpl := XPathFactoryImpl&quot; }"/>
        </annotation>
    </item>
    <item name='com.sun.org.apache.xpath.internal.jaxp.XPathFactoryImpl XPathFactoryImpl(boolean)'>
        <annotation name='com.intellij.inspections.tainted.annotation.equation.Equations'>
            <val val="{ &quot;XPathFactoryImpl := XPathFactoryImpl&quot; }"/>
        </annotation>
    </item>
    <item name='com.sun.org.apache.xpath.internal.jaxp.XPathImpl'>
        <annotation name='com.intellij.inspections.tainted.annotation.equation.Equations'>
            <val val="{ &quot;XPathImpl := #setXPathVariableResolver(javax.xml.xpath.XPathVariableResolver)#0 &amp; #setXPathFunctionResolver(javax.xml.xpath.XPathFunctionResolver)#0 &amp; #setNamespaceContext(javax.xml.namespace.NamespaceContext)#0 &amp; XPathImpl&quot; }"/>
        </annotation>
    </item>
    <item name='com.sun.org.apache.xpath.internal.jaxp.XPathImpl XPathImpl(javax.xml.xpath.XPathVariableResolver, javax.xml.xpath.XPathFunctionResolver)'>
        <annotation name='com.intellij.inspections.tainted.annotation.equation.Equations'>
            <val val="{ &quot;XPathImpl := XPathImpl&quot; }"/>
        </annotation>
    </item>
    <item name='com.sun.org.apache.xpath.internal.jaxp.XPathImpl XPathImpl(javax.xml.xpath.XPathVariableResolver, javax.xml.xpath.XPathFunctionResolver, boolean, boolean, com.sun.org.apache.xalan.internal.utils.FeatureManager)'>
        <annotation name='com.intellij.inspections.tainted.annotation.equation.Equations'>
            <val val="{ &quot;vr := #XPathImpl(javax.xml.xpath.XPathVariableResolver, javax.xml.xpath.XPathFunctionResolver)#0 &amp; XPathFactoryImpl&quot;, &quot;fr := #XPathImpl(javax.xml.xpath.XPathVariableResolver, javax.xml.xpath.XPathFunctionResolver)#1 &amp; XPathFactoryImpl&quot;, &quot;featureManager := XPathFactoryImpl&quot;, &quot;XPathImpl := XPathImpl&quot; }"/>
        </annotation>
    </item>
    <item name='com.sun.org.apache.xpath.internal.jaxp.XPathImpl com.sun.org.apache.xpath.internal.objects.XObject eval(java.lang.String, java.lang.Object)'>
        <annotation name='com.intellij.inspections.tainted.annotation.equation.Equations'>
            <val val="{ &quot;contextItem := #evaluate(java.lang.String, java.lang.Object, javax.xml.namespace.QName)#1&quot;, &quot;expression := #evaluate(java.lang.String, java.lang.Object, javax.xml.namespace.QName)#0 &amp; #evaluate(java.lang.String, org.xml.sax.InputSource, javax.xml.namespace.QName)#0&quot; }"/>
        </annotation>
    </item>
    <item name='com.sun.org.apache.xpath.internal.jaxp.XPathImpl java.lang.Object evaluate(java.lang.String, java.lang.Object, javax.xml.namespace.QName)'>
        <annotation name='com.intellij.inspections.tainted.annotation.equation.Equations'>
            <val val="{ &quot;item := #evaluate(java.lang.String, java.lang.Object)#1&quot;, &quot;expression := #evaluate(java.lang.String, java.lang.Object)#0&quot;, &quot;returnType := javax.xml.xpath.XPathConstants#STRING&quot; }"/>
        </annotation>
    </item>
    <item name='com.sun.org.apache.xpath.internal.jaxp.XPathImpl java.lang.Object evaluate(java.lang.String, org.xml.sax.InputSource, javax.xml.namespace.QName)'>
        <annotation name='com.intellij.inspections.tainted.annotation.equation.Equations'>
            <val val="{ &quot;returnType := javax.xml.xpath.XPathConstants#STRING&quot;, &quot;expression := #evaluate(java.lang.String, org.xml.sax.InputSource)#0&quot;, &quot;source := #evaluate(java.lang.String, org.xml.sax.InputSource)#1&quot; }"/>
        </annotation>
    </item>
    <item name='com.sun.org.apache.xpath.internal.jaxp.XPathImpl java.lang.Object getResultAsType(com.sun.org.apache.xpath.internal.objects.XObject, javax.xml.namespace.QName)'>
        <annotation name='com.intellij.inspections.tainted.annotation.equation.Equations'>
            <val val="{ &quot;returnType := #evaluate(java.lang.String, java.lang.Object, javax.xml.namespace.QName)#2 &amp; #evaluate(java.lang.String, org.xml.sax.InputSource, javax.xml.namespace.QName)#2&quot; }"/>
        </annotation>
    </item>
    <item name='com.sun.org.apache.xpath.internal.jaxp.XPathImpl javax.xml.namespace.NamespaceContext getNamespaceContext()'>
        <annotation name='com.intellij.inspections.tainted.annotation.equation.Equations'>
            <val val="{ &quot;getNamespaceContext := XPathImpl&quot; }"/>
        </annotation>
    </item>
    <item name='com.sun.org.apache.xpath.internal.jaxp.XPathImpl javax.xml.xpath.XPathFunctionResolver getXPathFunctionResolver()'>
        <annotation name='com.intellij.inspections.tainted.annotation.equation.Equations'>
            <val val="{ &quot;getXPathFunctionResolver := XPathImpl&quot; }"/>
        </annotation>
    </item>
    <item name='com.sun.org.apache.xpath.internal.jaxp.XPathImpl javax.xml.xpath.XPathVariableResolver getXPathVariableResolver()'>
        <annotation name='com.intellij.inspections.tainted.annotation.equation.Equations'>
            <val val="{ &quot;getXPathVariableResolver := XPathImpl&quot; }"/>
        </annotation>
    </item>
</root>