<root>
    <item name='java.util.jar.Attributes Attributes()'>
        <annotation name='com.intellij.inspections.tainted.annotation.equation.Equations'>
            <val val="{ &quot;Attributes := Attributes&quot; }"/>
        </annotation>
    </item>
    <item name='java.util.jar.Attributes Attributes(int)'>
        <annotation name='com.intellij.inspections.tainted.annotation.equation.Equations'>
            <val val="{ &quot;Attributes := Attributes&quot; }"/>
        </annotation>
    </item>
    <item name='java.util.jar.Attributes Attributes(java.util.jar.Attributes)'>
        <annotation name='com.intellij.inspections.tainted.annotation.equation.Equations'>
            <val val="{ &quot;attr := Attributes&quot;, &quot;Attributes := Attributes&quot; }"/>
        </annotation>
    </item>
    <item name='java.util.jar.Attributes boolean containsKey(java.lang.Object)'>
        <annotation name='com.intellij.inspections.tainted.annotation.equation.Equations'>
            <val val="{ &quot;name := java.util.Map#containsKey(java.lang.Object)#0 &amp; java.util.Map#containsKey(java.lang.Object)#0&quot; }"/>
        </annotation>
    </item>
    <item name='java.util.jar.Attributes boolean containsValue(java.lang.Object)'>
        <annotation name='com.intellij.inspections.tainted.annotation.equation.Equations'>
            <val val="{ &quot;value := java.util.Map#containsValue(java.lang.Object)#0 &amp; java.util.Map#containsValue(java.lang.Object)#0&quot; }"/>
        </annotation>
    </item>
    <item name='java.util.jar.Attributes boolean equals(java.lang.Object)'>
        <annotation name='com.intellij.inspections.tainted.annotation.equation.Equations'>
            <val val="{ &quot;o := java.util.Map#equals(java.lang.Object)#0 &amp; java.util.Map#equals(java.lang.Object)#0&quot; }"/>
        </annotation>
    </item>
    <item name='java.util.jar.Attributes java.lang.Object get(java.lang.Object)'>
        <annotation name='com.intellij.inspections.tainted.annotation.equation.Equations'>
            <val val="{ &quot;name := java.util.Map#get(java.lang.Object)#0 &amp; java.util.Map#get(java.lang.Object)#0 &amp; #getValue(java.util.jar.Attributes.Name)#0&quot; }"/>
        </annotation>
    </item>
    <item name='java.util.jar.Attributes java.lang.Object put(java.lang.Object, java.lang.Object)'>
        <annotation name='com.intellij.inspections.tainted.annotation.equation.Equations'>
            <val val="{ &quot;value := java.util.Map#put(java.lang.Object, java.lang.Object)#1 &amp; java.util.Map#put(java.lang.Object, java.lang.Object)#1 &amp; #putValue(java.lang.String, java.lang.String)#1&quot;, &quot;name := java.util.Map#put(java.lang.Object, java.lang.Object)#0 &amp; Attributes.Name#MANIFEST_VERSION &amp; java.util.Map#put(java.lang.Object, java.lang.Object)#0&quot; }"/>
        </annotation>
    </item>
    <item name='java.util.jar.Attributes java.lang.Object remove(java.lang.Object)'>
        <annotation name='com.intellij.inspections.tainted.annotation.equation.Equations'>
            <val val="{ &quot;name := java.util.Map#remove(java.lang.Object)#0 &amp; java.util.Map#remove(java.lang.Object)#0&quot; }"/>
        </annotation>
    </item>
    <item name='java.util.jar.Attributes java.lang.String getValue(java.lang.String)'>
        <annotation name='com.intellij.inspections.tainted.annotation.equation.Equations'>
            <val val="{ &quot;name := sun.misc.ExtensionInfo#ExtensionInfo(java.lang.String, java.util.jar.Attributes)#0 &amp; sun.misc.ExtensionInfo#ExtensionInfo(java.lang.String, java.util.jar.Attributes)#0&quot; }"/>
        </annotation>
    </item>
    <item name='java.util.jar.Attributes java.lang.String getValue(java.util.jar.Attributes.Name)'>
        <annotation name='com.intellij.inspections.tainted.annotation.equation.Equations'>
            <val val="{ &quot;name := Attributes.Name#SIGNATURE_VERSION &amp; Attributes.Name#SPECIFICATION_TITLE &amp; Attributes.Name#SPECIFICATION_VERSION &amp; Attributes.Name#SPECIFICATION_VENDOR &amp; Attributes.Name#IMPLEMENTATION_TITLE &amp; Attributes.Name#IMPLEMENTATION_VERSION &amp; Attributes.Name#IMPLEMENTATION_VENDOR &amp; Attributes.Name#SEALED &amp; Attributes.Name#CLASS_PATH &amp; Attributes.Name#EXTENSION_LIST&quot; }"/>
        </annotation>
    </item>
    <item name='java.util.jar.Attributes void putAll(java.util.Map&lt;?,?&gt;)'>
        <annotation name='com.intellij.inspections.tainted.annotation.equation.Equations'>
            <val val="{ &quot;attr := java.util.Map#putAll(java.util.Map)#0 &amp; java.util.Map#putAll(java.util.Map)#0&quot; }"/>
        </annotation>
    </item>
    <item name='java.util.jar.Attributes.Name Name(java.lang.String)'>
        <annotation name='com.intellij.inspections.tainted.annotation.equation.Equations'>
            <val val="{ &quot;name := Attributes#getValue(java.lang.String)#0 &amp; Attributes#putValue(java.lang.String, java.lang.String)#0&quot;, &quot;Name := Attributes.Name&quot; }"/>
        </annotation>
    </item>
    <item name='java.util.jar.Attributes.Name boolean equals(java.lang.Object)'>
        <annotation name='com.intellij.inspections.tainted.annotation.equation.Equations'>
            <val val="{ &quot;o := java.lang.Object#equals(java.lang.Object)#0 &amp; java.lang.Object#equals(java.lang.Object)#0&quot; }"/>
        </annotation>
    </item>
    <item name='java.util.jar.Attributes.Name boolean isAlpha(char)'>
        <annotation name='com.intellij.inspections.tainted.annotation.equation.Equations'>
            <val val="{ &quot;c := #isValid(char)#0&quot;, &quot;isAlpha := c&quot; }"/>
        </annotation>
    </item>
    <item name='java.util.jar.Attributes.Name boolean isDigit(char)'>
        <annotation name='com.intellij.inspections.tainted.annotation.equation.Equations'>
            <val val="{ &quot;isDigit := c&quot;, &quot;c := #isValid(char)#0&quot; }"/>
        </annotation>
    </item>
    <item name='java.util.jar.Attributes.Name boolean isValid(char)'>
        <annotation name='com.intellij.inspections.tainted.annotation.equation.Equations'>
            <val val="{ &quot;isValid := c&quot; }"/>
        </annotation>
    </item>
    <item name='java.util.jar.Attributes.Name int hashCode()'>
        <annotation name='com.intellij.inspections.tainted.annotation.equation.Equations'>
            <val val="{ &quot;hashCode := Attributes.Name&quot; }"/>
        </annotation>
    </item>
    <item name='java.util.jar.Attributes.Name java.lang.String toString()'>
        <annotation name='com.intellij.inspections.tainted.annotation.equation.Equations'>
            <val val="{ &quot;toString := Attributes.Name&quot; }"/>
        </annotation>
    </item>
    <item name='java.util.jar.JarEntry JarEntry(java.lang.String)'>
        <annotation name='com.intellij.inspections.tainted.annotation.equation.Equations'>
            <val val="{ &quot;name := JarInputStream#createZipEntry(java.lang.String)#0&quot;, &quot;JarEntry := JarEntry&quot; }"/>
        </annotation>
    </item>
    <item name='java.util.jar.JarEntry JarEntry(java.util.jar.JarEntry)'>
        <annotation name='com.intellij.inspections.tainted.annotation.equation.Equations'>
            <val val="{ &quot;JarEntry := JarEntry&quot; }"/>
        </annotation>
    </item>
    <item name='java.util.jar.JarEntry JarEntry(java.util.zip.ZipEntry)'>
        <annotation name='com.intellij.inspections.tainted.annotation.equation.Equations'>
            <val val="{ &quot;ze := JarFile.JarFileEntry#JarFileEntry(java.util.zip.ZipEntry)#0 &amp; ze&quot;, &quot;JarEntry := JarEntry&quot; }"/>
        </annotation>
    </item>
    <item name='java.util.jar.JarEntry java.security.CodeSigner[] getCodeSigners()'>
        <annotation name='com.intellij.inspections.tainted.annotation.equation.Equations'>
            <val val="{ &quot;getCodeSigners := JarFile.JarFileEntry#getCodeSigners()&quot; }"/>
        </annotation>
    </item>
    <item name='java.util.jar.JarEntry java.security.cert.Certificate[] getCertificates()'>
        <annotation name='com.intellij.inspections.tainted.annotation.equation.Equations'>
            <val val="{ &quot;getCertificates := JarFile.JarFileEntry#getCertificates() &amp; JarEntry&quot; }"/>
        </annotation>
    </item>
    <item name='java.util.jar.JarEntry java.util.jar.Attributes getAttributes()'>
        <annotation name='com.intellij.inspections.tainted.annotation.equation.Equations'>
            <val val="{ &quot;getAttributes := JarFile.JarFileEntry#getAttributes() &amp; JarEntry&quot; }"/>
        </annotation>
    </item>
    <item name='java.util.jar.JarException JarException(java.lang.String)'>
        <annotation name='com.intellij.inspections.tainted.annotation.equation.Equations'>
            <val val="{ &quot;JarException := JarException&quot; }"/>
        </annotation>
    </item>
    <item name='java.util.jar.JarFile'>
        <annotation name='com.intellij.inspections.tainted.annotation.equation.Equations'>
            <val val="{ &quot;JarFile := java.io.File#separator&quot; }"/>
        </annotation>
    </item>
    <item name='java.util.jar.JarFile JarFile(java.io.File)'>
        <annotation name='com.intellij.inspections.tainted.annotation.equation.Equations'>
            <val val="{ &quot;JarFile := JarFile&quot;, &quot;file := sun.misc.ExtensionDependency#checkExtensionAgainst(java.lang.String, java.util.jar.Attributes, java.io.File)#2 &amp; sun.misc.ExtensionDependency#checkExtensionAgainst(java.lang.String, java.util.jar.Attributes, java.io.File)#2 &amp; javax.crypto.JceSecurity#loadPolicies(java.io.File, javax.crypto.CryptoPermissions, javax.crypto.CryptoPermissions)#0&quot; }"/>
        </annotation>
    </item>
    <item name='java.util.jar.JarFile JarFile(java.io.File, boolean)'>
        <annotation name='com.intellij.inspections.tainted.annotation.equation.Equations'>
            <val val="{ &quot;JarFile := JarFile&quot; }"/>
        </annotation>
    </item>
    <item name='java.util.jar.JarFile JarFile(java.io.File, boolean, int)'>
        <annotation name='com.intellij.inspections.tainted.annotation.equation.Equations'>
            <val val="{ &quot;mode := java.util.zip.ZipFile#OPEN_READ&quot;, &quot;file := #JarFile(java.io.File)#0 &amp; #JarFile(java.io.File, boolean)#0&quot;, &quot;verify := #JarFile(java.lang.String, boolean)#1 &amp; #JarFile(java.io.File, boolean)#1&quot;, &quot;JarFile := JarFile&quot; }"/>
        </annotation>
    </item>
    <item name='java.util.jar.JarFile JarFile(java.lang.String)'>
        <annotation name='com.intellij.inspections.tainted.annotation.equation.Equations'>
            <val val="{ &quot;JarFile := JarFile&quot;, &quot;name := &quot; }"/>
        </annotation>
    </item>
    <item name='java.util.jar.JarFile JarFile(java.lang.String, boolean)'>
        <annotation name='com.intellij.inspections.tainted.annotation.equation.Equations'>
            <val val="{ &quot;JarFile := JarFile&quot; }"/>
        </annotation>
    </item>
    <item name='java.util.jar.JarFile boolean hasClassPathAttribute()'>
        <annotation name='com.intellij.inspections.tainted.annotation.equation.Equations'>
            <val val="{ &quot;hasClassPathAttribute := JarFile&quot; }"/>
        </annotation>
    </item>
    <item name='java.util.jar.JarFile boolean match(char[], byte[], int[], int[])'>
        <annotation name='com.intellij.inspections.tainted.annotation.equation.Equations'>
            <val val="{ &quot;optoSft := #CLASSPATH_OPTOSFT&quot;, &quot;lastOcc := #CLASSPATH_LASTOCC&quot;, &quot;src := #CLASSPATH_CHARS&quot;, &quot;b := &quot; }"/>
        </annotation>
    </item>
    <item name='java.util.jar.JarFile byte[] getBytes(java.util.zip.ZipEntry)'>
        <annotation name='com.intellij.inspections.tainted.annotation.equation.Equations'>
            <val val="{ &quot;ze := &quot; }"/>
        </annotation>
    </item>
    <item name='java.util.jar.JarFile java.io.InputStream getInputStream(java.util.zip.ZipEntry)'>
        <annotation name='com.intellij.inspections.tainted.annotation.equation.Equations'>
            <val val="{ &quot;ze := java.util.zip.ZipFile#getInputStream(java.util.zip.ZipEntry)#0 &amp; java.util.zip.ZipFile#getInputStream(java.util.zip.ZipEntry)#0 &amp; JarVerifier#getCodeSigners(java.util.jar.JarFile, java.util.jar.JarEntry)#1 &amp; sun.misc.URLClassPath.JarLoader#checkResource(java.lang.String, boolean, java.util.jar.JarEntry)#2 &amp; sun.misc.URLClassPath.JarLoader#checkResource(java.lang.String, boolean, java.util.jar.JarEntry)#2&quot; }"/>
        </annotation>
    </item>
    <item name='java.util.jar.JarFile java.security.CodeSource getCodeSource(java.net.URL, java.lang.String)'>
        <annotation name='com.intellij.inspections.tainted.annotation.equation.Equations'>
            <val val="{ &quot;url := JavaUtilJarAccessImpl#getCodeSource(java.util.jar.JarFile, java.net.URL, java.lang.String)#1 &amp; JavaUtilJarAccessImpl#getCodeSource(java.util.jar.JarFile, java.net.URL, java.lang.String)#1&quot;, &quot;name := JavaUtilJarAccessImpl#getCodeSource(java.util.jar.JarFile, java.net.URL, java.lang.String)#2 &amp; JavaUtilJarAccessImpl#getCodeSource(java.util.jar.JarFile, java.net.URL, java.lang.String)#2&quot; }"/>
        </annotation>
    </item>
    <item name='java.util.jar.JarFile java.security.CodeSource[] getCodeSources(java.net.URL)'>
        <annotation name='com.intellij.inspections.tainted.annotation.equation.Equations'>
            <val val="{ &quot;url := JavaUtilJarAccessImpl#getCodeSources(java.util.jar.JarFile, java.net.URL)#1 &amp; JavaUtilJarAccessImpl#getCodeSources(java.util.jar.JarFile, java.net.URL)#1&quot; }"/>
        </annotation>
    </item>
    <item name='java.util.jar.JarFile java.util.Enumeration&lt;java.lang.String&gt; entryNames(java.security.CodeSource[])'>
        <annotation name='com.intellij.inspections.tainted.annotation.equation.Equations'>
            <val val="{ &quot;cs := JavaUtilJarAccessImpl#entryNames(java.util.jar.JarFile, java.security.CodeSource[])#1 &amp; JavaUtilJarAccessImpl#entryNames(java.util.jar.JarFile, java.security.CodeSource[])#1&quot; }"/>
        </annotation>
    </item>
    <item name='java.util.jar.JarFile java.util.Enumeration&lt;java.lang.String&gt; unsignedEntryNames()'>
        <annotation name='com.intellij.inspections.tainted.annotation.equation.Equations'>
            <val val="{ &quot;unsignedEntryNames := JarFile&quot; }"/>
        </annotation>
    </item>
    <item name='java.util.jar.JarFile java.util.jar.JarEntry getJarEntry(java.lang.String)'>
        <annotation name='com.intellij.inspections.tainted.annotation.equation.Equations'>
            <val val="{ &quot;name := java.net.JarURLConnection &amp; #MANIFEST_NAME &amp; #getCodeSource(java.net.URL, java.lang.String)#1 &amp; sun.misc.URLClassPath.JarLoader#getResource(java.lang.String, boolean)#0 &amp; sun.misc.URLClassPath.JarLoader#getResource(java.lang.String, boolean, java.util.Set)#0 &amp; sun.misc.URLClassPath.JarLoader#getResource(java.lang.String, boolean)#0 &amp; sun.misc.URLClassPath.JarLoader#getResource(java.lang.String, boolean, java.util.Set)#0&quot; }"/>
        </annotation>
    </item>
    <item name='java.util.jar.JarFile java.util.jar.JarEntry getManEntry()'>
        <annotation name='com.intellij.inspections.tainted.annotation.equation.Equations'>
            <val val="{ &quot;getManEntry := JarFile&quot; }"/>
        </annotation>
    </item>
    <item name='java.util.jar.JarFile java.util.zip.ZipEntry getEntry(java.lang.String)'>
        <annotation name='com.intellij.inspections.tainted.annotation.equation.Equations'>
            <val val="{ &quot;name := java.util.zip.ZipFile#getEntry(java.lang.String)#0 &amp; #getJarEntry(java.lang.String)#0 &amp; java.util.zip.ZipFile#getEntry(java.lang.String)#0&quot; }"/>
        </annotation>
    </item>
    <item name='java.util.jar.JarFile void setEagerValidation(boolean)'>
        <annotation name='com.intellij.inspections.tainted.annotation.equation.Equations'>
            <val val="{ &quot;eager := JavaUtilJarAccessImpl#setEagerValidation(java.util.jar.JarFile, boolean)#1 &amp; JavaUtilJarAccessImpl#setEagerValidation(java.util.jar.JarFile, boolean)#1&quot; }"/>
        </annotation>
    </item>
    <item name='java.util.jar.JarFile.JarEntryIterator'>
        <annotation name='com.intellij.inspections.tainted.annotation.equation.Equations'>
            <val val="{ &quot;JarEntryIterator := &quot; }"/>
        </annotation>
    </item>
    <item name='java.util.jar.JarFile.JarFileEntry JarFileEntry(java.util.zip.ZipEntry)'>
        <annotation name='com.intellij.inspections.tainted.annotation.equation.Equations'>
            <val val="{ &quot;ze := JarFile#newEntry(java.util.zip.ZipEntry)#0 &amp; JarFile&quot;, &quot;JarFileEntry := JarFile.JarFileEntry&quot; }"/>
        </annotation>
    </item>
    <item name='java.util.jar.JarFile.JarFileEntry java.security.CodeSigner[] getCodeSigners()'>
        <annotation name='com.intellij.inspections.tainted.annotation.equation.Equations'>
            <val val="{ &quot;getCodeSigners := JarFile.JarFileEntry&quot; }"/>
        </annotation>
    </item>
    <item name='java.util.jar.JarFile.JarFileEntry java.security.cert.Certificate[] getCertificates()'>
        <annotation name='com.intellij.inspections.tainted.annotation.equation.Equations'>
            <val val="{ &quot;getCertificates := JarFile.JarFileEntry&quot; }"/>
        </annotation>
    </item>
    <item name='java.util.jar.JarInputStream JarInputStream(java.io.InputStream)'>
        <annotation name='com.intellij.inspections.tainted.annotation.equation.Equations'>
            <val val="{ &quot;JarInputStream := JarInputStream&quot; }"/>
        </annotation>
    </item>
    <item name='java.util.jar.JarInputStream JarInputStream(java.io.InputStream, boolean)'>
        <annotation name='com.intellij.inspections.tainted.annotation.equation.Equations'>
            <val val="{ &quot;JarInputStream := JarInputStream&quot;, &quot;in := #JarInputStream(java.io.InputStream)#0&quot; }"/>
        </annotation>
    </item>
    <item name='java.util.jar.JarInputStream int read(byte[], int, int)'>
        <annotation name='com.intellij.inspections.tainted.annotation.equation.Equations'>
            <val val="{ &quot;off := java.util.zip.ZipInputStream#read(byte[], int, int)#1 &amp; java.util.zip.ZipInputStream#read(byte[], int, int)#1&quot;, &quot;b := java.util.zip.ZipInputStream#read(byte[], int, int)#0 &amp; java.util.zip.ZipInputStream#read(byte[], int, int)#0&quot;, &quot;len := java.util.zip.ZipInputStream#read(byte[], int, int)#2 &amp; java.util.zip.ZipInputStream#read(byte[], int, int)#2&quot; }"/>
        </annotation>
    </item>
    <item name='java.util.jar.JarInputStream java.util.jar.JarEntry checkManifest(java.util.jar.JarEntry)'>
        <annotation name='com.intellij.inspections.tainted.annotation.equation.Equations'>
            <val val="{ &quot;checkManifest := e&quot;, &quot;e := JarInputStream&quot; }"/>
        </annotation>
    </item>
    <item name='java.util.jar.JarInputStream java.util.jar.Manifest getManifest()'>
        <annotation name='com.intellij.inspections.tainted.annotation.equation.Equations'>
            <val val="{ &quot;getManifest := JarInputStream&quot; }"/>
        </annotation>
    </item>
    <item name='java.util.jar.JarInputStream java.util.zip.ZipEntry createZipEntry(java.lang.String)'>
        <annotation name='com.intellij.inspections.tainted.annotation.equation.Equations'>
            <val val="{ &quot;name := java.util.zip.ZipInputStream#createZipEntry(java.lang.String)#0 &amp; java.util.zip.ZipInputStream#createZipEntry(java.lang.String)#0&quot; }"/>
        </annotation>
    </item>
    <item name='java.util.jar.JarInputStream java.util.zip.ZipEntry getNextEntry()'>
        <annotation name='com.intellij.inspections.tainted.annotation.equation.Equations'>
            <val val="{ &quot;getNextEntry := JarInputStream&quot; }"/>
        </annotation>
    </item>
    <item name='java.util.jar.JarOutputStream JarOutputStream(java.io.OutputStream)'>
        <annotation name='com.intellij.inspections.tainted.annotation.equation.Equations'>
            <val val="{ &quot;JarOutputStream := JarOutputStream&quot; }"/>
        </annotation>
    </item>
    <item name='java.util.jar.JarOutputStream JarOutputStream(java.io.OutputStream, java.util.jar.Manifest)'>
        <annotation name='com.intellij.inspections.tainted.annotation.equation.Equations'>
            <val val="{ &quot;JarOutputStream := JarOutputStream&quot;, &quot;out := &quot;, &quot;man := &quot; }"/>
        </annotation>
    </item>
    <item name='java.util.jar.JarOutputStream int get16(byte[], int)'>
        <annotation name='com.intellij.inspections.tainted.annotation.equation.Equations'>
            <val val="{ &quot;off := &quot;, &quot;b := #hasMagic(byte[])#0&quot; }"/>
        </annotation>
    </item>
    <item name='java.util.jar.JarOutputStream void putNextEntry(java.util.zip.ZipEntry)'>
        <annotation name='com.intellij.inspections.tainted.annotation.equation.Equations'>
            <val val="{ &quot;ze := java.util.zip.ZipOutputStream#putNextEntry(java.util.zip.ZipEntry)#0 &amp; java.util.zip.ZipOutputStream#putNextEntry(java.util.zip.ZipEntry)#0&quot; }"/>
        </annotation>
    </item>
    <item name='java.util.jar.JarOutputStream void set16(byte[], int, int)'>
        <annotation name='com.intellij.inspections.tainted.annotation.equation.Equations'>
            <val val="{ &quot;value := #JAR_MAGIC&quot; }"/>
        </annotation>
    </item>
    <item name='java.util.jar.JarVerifier'>
        <annotation name='com.intellij.inspections.tainted.annotation.equation.Equations'>
            <val val="{ &quot;JarVerifier := &quot; }"/>
        </annotation>
    </item>
    <item name='java.util.jar.JarVerifier JarVerifier(byte[])'>
        <annotation name='com.intellij.inspections.tainted.annotation.equation.Equations'>
            <val val="{ &quot;JarVerifier := JarVerifier&quot; }"/>
        </annotation>
    </item>
    <item name='java.util.jar.JarVerifier boolean nothingToVerify()'>
        <annotation name='com.intellij.inspections.tainted.annotation.equation.Equations'>
            <val val="{ &quot;nothingToVerify := JarVerifier&quot; }"/>
        </annotation>
    </item>
    <item name='java.util.jar.JarVerifier java.security.CodeSigner[] findMatchingSigners(java.security.CodeSource)'>
        <annotation name='com.intellij.inspections.tainted.annotation.equation.Equations'>
            <val val="{ &quot;cs := #entryNames(java.util.jar.JarFile, java.security.CodeSource[])#1&quot;, &quot;findMatchingSigners := JarVerifier&quot; }"/>
        </annotation>
    </item>
    <item name='java.util.jar.JarVerifier java.security.CodeSigner[] getCodeSigners(java.lang.String)'>
        <annotation name='com.intellij.inspections.tainted.annotation.equation.Equations'>
            <val val="{ &quot;name := #getCerts(java.lang.String)#0&quot; }"/>
        </annotation>
    </item>
    <item name='java.util.jar.JarVerifier java.security.CodeSigner[] getCodeSigners(java.util.jar.JarFile, java.util.jar.JarEntry)'>
        <annotation name='com.intellij.inspections.tainted.annotation.equation.Equations'>
            <val val="{ &quot;jar := JarFile.JarFileEntry &amp; #getCerts(java.util.jar.JarFile, java.util.jar.JarEntry)#0 &amp; #getCodeSource(java.net.URL, java.util.jar.JarFile, java.util.jar.JarEntry)#1&quot;, &quot;entry := JarFile.JarFileEntry &amp; #getCerts(java.util.jar.JarFile, java.util.jar.JarEntry)#1 &amp; #getCodeSource(java.net.URL, java.util.jar.JarFile, java.util.jar.JarEntry)#2&quot; }"/>
        </annotation>
    </item>
    <item name='java.util.jar.JarVerifier java.security.CodeSource getCodeSource(java.net.URL, java.lang.String)'>
        <annotation name='com.intellij.inspections.tainted.annotation.equation.Equations'>
            <val val="{ &quot;url := JarFile#getCodeSource(java.net.URL, java.lang.String)#0&quot;, &quot;name := JarFile#getCodeSource(java.net.URL, java.lang.String)#1&quot; }"/>
        </annotation>
    </item>
    <item name='java.util.jar.JarVerifier java.security.CodeSource getCodeSource(java.net.URL, java.util.jar.JarFile, java.util.jar.JarEntry)'>
        <annotation name='com.intellij.inspections.tainted.annotation.equation.Equations'>
            <val val="{ &quot;jar := JarFile&quot;, &quot;url := JarFile#getCodeSource(java.net.URL, java.lang.String)#0&quot; }"/>
        </annotation>
    </item>
    <item name='java.util.jar.JarVerifier java.security.CodeSource getUnsignedCS(java.net.URL)'>
        <annotation name='com.intellij.inspections.tainted.annotation.equation.Equations'>
            <val val="{ &quot;url := JarFile#getCodeSources(java.net.URL)#0 &amp; JarFile#getCodeSource(java.net.URL, java.lang.String)#0&quot; }"/>
        </annotation>
    </item>
    <item name='java.util.jar.JarVerifier java.security.CodeSource mapSignersToCodeSource(java.net.URL, java.security.CodeSigner[])'>
        <annotation name='com.intellij.inspections.tainted.annotation.equation.Equations'>
            <val val="{ &quot;url := #mapSignersToCodeSources(java.net.URL, java.util.List, boolean)#0 &amp; #getCodeSource(java.net.URL, java.lang.String)#0 &amp; #getCodeSource(java.net.URL, java.util.jar.JarFile, java.util.jar.JarEntry)#0&quot; }"/>
        </annotation>
    </item>
    <item name='java.util.jar.JarVerifier java.security.CodeSource[] getCodeSources(java.util.jar.JarFile, java.net.URL)'>
        <annotation name='com.intellij.inspections.tainted.annotation.equation.Equations'>
            <val val="{ &quot;jar := JarFile&quot;, &quot;url := JarFile#getCodeSources(java.net.URL)#0&quot; }"/>
        </annotation>
    </item>
    <item name='java.util.jar.JarVerifier java.security.CodeSource[] mapSignersToCodeSources(java.net.URL, java.util.List&lt;java.security.CodeSigner[]&gt;, boolean)'>
        <annotation name='com.intellij.inspections.tainted.annotation.equation.Equations'>
            <val val="{ &quot;url := #getCodeSources(java.util.jar.JarFile, java.net.URL)#1&quot; }"/>
        </annotation>
    </item>
    <item name='java.util.jar.JarVerifier java.security.cert.Certificate[] getCerts(java.util.jar.JarFile, java.util.jar.JarEntry)'>
        <annotation name='com.intellij.inspections.tainted.annotation.equation.Equations'>
            <val val="{ &quot;entry := JarFile.JarFileEntry&quot;, &quot;jar := JarFile.JarFileEntry&quot; }"/>
        </annotation>
    </item>
    <item name='java.util.jar.JarVerifier java.util.Enumeration&lt;java.lang.String&gt; entryNames(java.util.jar.JarFile, java.security.CodeSource[])'>
        <annotation name='com.intellij.inspections.tainted.annotation.equation.Equations'>
            <val val="{ &quot;jar := JarFile&quot;, &quot;entryNames := JarVerifier&quot;, &quot;cs := JarFile#entryNames(java.security.CodeSource[])#0&quot; }"/>
        </annotation>
    </item>
    <item name='java.util.jar.JarVerifier java.util.Enumeration&lt;java.lang.String&gt; unsignedEntryNames(java.util.jar.JarFile)'>
        <annotation name='com.intellij.inspections.tainted.annotation.equation.Equations'>
            <val val="{ &quot;jar := #entryNames(java.util.jar.JarFile, java.security.CodeSource[])#0&quot;, &quot;unsignedEntryNames := JarVerifier&quot; }"/>
        </annotation>
    </item>
    <item name='java.util.jar.JarVerifier java.util.Enumeration&lt;java.util.jar.JarEntry&gt; entries2(java.util.jar.JarFile, java.util.Enumeration&lt;? extends java.util.zip.ZipEntry&gt;)'>
        <annotation name='com.intellij.inspections.tainted.annotation.equation.Equations'>
            <val val="{ &quot;jar := JarFile&quot;, &quot;entries2 := JarVerifier&quot; }"/>
        </annotation>
    </item>
    <item name='java.util.jar.JarVerifier java.util.List&lt;java.security.CodeSigner[]&gt; getJarCodeSigners()'>
        <annotation name='com.intellij.inspections.tainted.annotation.equation.Equations'>
            <val val="{ &quot;getJarCodeSigners := JarVerifier&quot; }"/>
        </annotation>
    </item>
    <item name='java.util.jar.JarVerifier java.util.Map&lt;java.lang.String,java.security.CodeSigner[]&gt; signerMap()'>
        <annotation name='com.intellij.inspections.tainted.annotation.equation.Equations'>
            <val val="{ &quot;signerMap := JarVerifier&quot; }"/>
        </annotation>
    </item>
    <item name='java.util.jar.JarVerifier void beginEntry(java.util.jar.JarEntry, sun.security.util.ManifestEntryVerifier)'>
        <annotation name='com.intellij.inspections.tainted.annotation.equation.Equations'>
            <val val="{ &quot;je := JarInputStream &amp; JarVerifier.VerifierStream#VerifierStream(java.util.jar.Manifest, java.util.jar.JarEntry, java.io.InputStream, java.util.jar.JarVerifier)#1&quot;, &quot;mev := JarInputStream &amp; JarVerifier.VerifierStream&quot; }"/>
        </annotation>
    </item>
    <item name='java.util.jar.JarVerifier void processEntry(sun.security.util.ManifestEntryVerifier)'>
        <annotation name='com.intellij.inspections.tainted.annotation.equation.Equations'>
            <val val="{ &quot;mev := #update(int, sun.security.util.ManifestEntryVerifier)#1 &amp; #update(int, byte[], int, int, sun.security.util.ManifestEntryVerifier)#4&quot; }"/>
        </annotation>
    </item>
    <item name='java.util.jar.JarVerifier void setEagerValidation(boolean)'>
        <annotation name='com.intellij.inspections.tainted.annotation.equation.Equations'>
            <val val="{ &quot;eager := JarFile#setEagerValidation(boolean)#0&quot; }"/>
        </annotation>
    </item>
    <item name='java.util.jar.JarVerifier void update(int, byte[], int, int, sun.security.util.ManifestEntryVerifier)'>
        <annotation name='com.intellij.inspections.tainted.annotation.equation.Equations'>
            <val val="{ &quot;mev := JarInputStream &amp; JarVerifier.VerifierStream&quot;, &quot;len := JarInputStream#read(byte[], int, int)#2 &amp; JarVerifier.VerifierStream#read(byte[], int, int)#2 &amp; JarVerifier.VerifierStream&quot;, &quot;b := JarInputStream#read(byte[], int, int)#0 &amp; JarVerifier.VerifierStream#read(byte[], int, int)#0&quot;, &quot;off := JarInputStream#read(byte[], int, int)#1 &amp; JarVerifier.VerifierStream#read(byte[], int, int)#1&quot; }"/>
        </annotation>
    </item>
    <item name='java.util.jar.JarVerifier void update(int, sun.security.util.ManifestEntryVerifier)'>
        <annotation name='com.intellij.inspections.tainted.annotation.equation.Equations'>
            <val val="{ &quot;mev := JarVerifier.VerifierStream&quot; }"/>
        </annotation>
    </item>
    <item name='java.util.jar.JarVerifier.VerifierCodeSource VerifierCodeSource(java.lang.Object, java.net.URL, java.security.CodeSigner[])'>
        <annotation name='com.intellij.inspections.tainted.annotation.equation.Equations'>
            <val val="{ &quot;VerifierCodeSource := JarVerifier.VerifierCodeSource&quot;, &quot;location := JarVerifier#mapSignersToCodeSource(java.net.URL, java.security.CodeSigner[])#0&quot;, &quot;csdomain := JarVerifier&quot;, &quot;signers := JarVerifier#mapSignersToCodeSource(java.net.URL, java.security.CodeSigner[])#1&quot; }"/>
        </annotation>
    </item>
    <item name='java.util.jar.JarVerifier.VerifierCodeSource VerifierCodeSource(java.lang.Object, java.net.URL, java.security.cert.Certificate[])'>
        <annotation name='com.intellij.inspections.tainted.annotation.equation.Equations'>
            <val val="{ &quot;location := JarVerifier#getUnsignedCS(java.net.URL)#0&quot;, &quot;VerifierCodeSource := JarVerifier.VerifierCodeSource&quot; }"/>
        </annotation>
    </item>
    <item name='java.util.jar.JarVerifier.VerifierCodeSource boolean equals(java.lang.Object)'>
        <annotation name='com.intellij.inspections.tainted.annotation.equation.Equations'>
            <val val="{ &quot;obj := java.security.CodeSource#equals(java.lang.Object)#0 &amp; java.security.CodeSource#equals(java.lang.Object)#0&quot; }"/>
        </annotation>
    </item>
    <item name='java.util.jar.JarVerifier.VerifierCodeSource boolean isSameDomain(java.lang.Object)'>
        <annotation name='com.intellij.inspections.tainted.annotation.equation.Equations'>
            <val val="{ &quot;csdomain := JarVerifier&quot;, &quot;isSameDomain := JarVerifier.VerifierCodeSource &amp; csdomain&quot; }"/>
        </annotation>
    </item>
    <item name='java.util.jar.JarVerifier.VerifierCodeSource java.security.CodeSigner[] getPrivateSigners()'>
        <annotation name='com.intellij.inspections.tainted.annotation.equation.Equations'>
            <val val="{ &quot;getPrivateSigners := JarVerifier.VerifierCodeSource&quot; }"/>
        </annotation>
    </item>
    <item name='java.util.jar.JarVerifier.VerifierCodeSource java.security.cert.Certificate[] getPrivateCertificates()'>
        <annotation name='com.intellij.inspections.tainted.annotation.equation.Equations'>
            <val val="{ &quot;getPrivateCertificates := JarVerifier.VerifierCodeSource&quot; }"/>
        </annotation>
    </item>
    <item name='java.util.jar.JarVerifier.VerifierStream VerifierStream(java.util.jar.Manifest, java.util.jar.JarEntry, java.io.InputStream, java.util.jar.JarVerifier)'>
        <annotation name='com.intellij.inspections.tainted.annotation.equation.Equations'>
            <val val="{ &quot;jv := JarFile&quot;, &quot;je := JarFile#getInputStream(java.util.zip.ZipEntry)#0&quot;, &quot;VerifierStream := JarVerifier.VerifierStream&quot; }"/>
        </annotation>
    </item>
    <item name='java.util.jar.JarVerifier.VerifierStream int read(byte[], int, int)'>
        <annotation name='com.intellij.inspections.tainted.annotation.equation.Equations'>
            <val val="{ &quot;len := java.io.InputStream#read(byte[], int, int)#2 &amp; java.io.InputStream#read(byte[], int, int)#2&quot;, &quot;b := java.io.InputStream#read(byte[], int, int)#0 &amp; java.io.InputStream#read(byte[], int, int)#0&quot;, &quot;off := java.io.InputStream#read(byte[], int, int)#1 &amp; java.io.InputStream#read(byte[], int, int)#1&quot; }"/>
        </annotation>
    </item>
    <item name='java.util.jar.JavaUtilJarAccessImpl boolean jarFileHasClassPathAttribute(java.util.jar.JarFile)'>
        <annotation name='com.intellij.inspections.tainted.annotation.equation.Equations'>
            <val val="{ &quot;jar := sun.misc.JavaUtilJarAccess#jarFileHasClassPathAttribute(java.util.jar.JarFile)#0&quot; }"/>
        </annotation>
    </item>
    <item name='java.util.jar.JavaUtilJarAccessImpl java.security.CodeSource getCodeSource(java.util.jar.JarFile, java.net.URL, java.lang.String)'>
        <annotation name='com.intellij.inspections.tainted.annotation.equation.Equations'>
            <val val="{ &quot;jar := sun.misc.JavaUtilJarAccess#getCodeSource(java.util.jar.JarFile, java.net.URL, java.lang.String)#0&quot;, &quot;url := sun.misc.JavaUtilJarAccess#getCodeSource(java.util.jar.JarFile, java.net.URL, java.lang.String)#1&quot;, &quot;name := sun.misc.JavaUtilJarAccess#getCodeSource(java.util.jar.JarFile, java.net.URL, java.lang.String)#2&quot; }"/>
        </annotation>
    </item>
    <item name='java.util.jar.JavaUtilJarAccessImpl java.security.CodeSource[] getCodeSources(java.util.jar.JarFile, java.net.URL)'>
        <annotation name='com.intellij.inspections.tainted.annotation.equation.Equations'>
            <val val="{ &quot;jar := sun.misc.JavaUtilJarAccess#getCodeSources(java.util.jar.JarFile, java.net.URL)#0&quot;, &quot;url := sun.misc.JavaUtilJarAccess#getCodeSources(java.util.jar.JarFile, java.net.URL)#1&quot; }"/>
        </annotation>
    </item>
    <item name='java.util.jar.JavaUtilJarAccessImpl java.util.Enumeration&lt;java.lang.String&gt; entryNames(java.util.jar.JarFile, java.security.CodeSource[])'>
        <annotation name='com.intellij.inspections.tainted.annotation.equation.Equations'>
            <val val="{ &quot;cs := sun.misc.JavaUtilJarAccess#entryNames(java.util.jar.JarFile, java.security.CodeSource[])#1&quot;, &quot;jar := sun.misc.JavaUtilJarAccess#entryNames(java.util.jar.JarFile, java.security.CodeSource[])#0&quot; }"/>
        </annotation>
    </item>
    <item name='java.util.jar.JavaUtilJarAccessImpl java.util.Enumeration&lt;java.util.jar.JarEntry&gt; entries2(java.util.jar.JarFile)'>
        <annotation name='com.intellij.inspections.tainted.annotation.equation.Equations'>
            <val val="{ &quot;jar := sun.misc.JavaUtilJarAccess#entries2(java.util.jar.JarFile)#0&quot; }"/>
        </annotation>
    </item>
    <item name='java.util.jar.JavaUtilJarAccessImpl java.util.List&lt;java.lang.Object&gt; getManifestDigests(java.util.jar.JarFile)'>
        <annotation name='com.intellij.inspections.tainted.annotation.equation.Equations'>
            <val val="{ &quot;jar := sun.misc.JavaUtilJarAccess#getManifestDigests(java.util.jar.JarFile)#0&quot; }"/>
        </annotation>
    </item>
    <item name='java.util.jar.JavaUtilJarAccessImpl void setEagerValidation(java.util.jar.JarFile, boolean)'>
        <annotation name='com.intellij.inspections.tainted.annotation.equation.Equations'>
            <val val="{ &quot;jar := sun.misc.JavaUtilJarAccess#setEagerValidation(java.util.jar.JarFile, boolean)#0&quot;, &quot;eager := sun.misc.JavaUtilJarAccess#setEagerValidation(java.util.jar.JarFile, boolean)#1&quot; }"/>
        </annotation>
    </item>
    <item name='java.util.jar.Manifest'>
        <annotation name='com.intellij.inspections.tainted.annotation.equation.Equations'>
            <val val="{ &quot;Manifest := &quot; }"/>
        </annotation>
    </item>
    <item name='java.util.jar.Manifest Manifest()'>
        <annotation name='com.intellij.inspections.tainted.annotation.equation.Equations'>
            <val val="{ &quot;Manifest := Manifest&quot; }"/>
        </annotation>
    </item>
    <item name='java.util.jar.Manifest Manifest(java.io.InputStream)'>
        <annotation name='com.intellij.inspections.tainted.annotation.equation.Equations'>
            <val val="{ &quot;Manifest := Manifest&quot; }"/>
        </annotation>
    </item>
    <item name='java.util.jar.Manifest Manifest(java.util.jar.Manifest)'>
        <annotation name='com.intellij.inspections.tainted.annotation.equation.Equations'>
            <val val="{ &quot;man := Manifest&quot;, &quot;Manifest := Manifest&quot; }"/>
        </annotation>
    </item>
    <item name='java.util.jar.Manifest boolean equals(java.lang.Object)'>
        <annotation name='com.intellij.inspections.tainted.annotation.equation.Equations'>
            <val val="{ &quot;o := java.lang.Object#equals(java.lang.Object)#0 &amp; java.lang.Object#equals(java.lang.Object)#0&quot; }"/>
        </annotation>
    </item>
    <item name='java.util.jar.Manifest int toLower(int)'>
        <annotation name='com.intellij.inspections.tainted.annotation.equation.Equations'>
            <val val="{ &quot;c := #parseName(byte[], int)#0&quot;, &quot;toLower := c&quot; }"/>
        </annotation>
    </item>
    <item name='java.util.jar.Manifest java.util.Map&lt;java.lang.String,java.util.jar.Attributes&gt; getEntries()'>
        <annotation name='com.intellij.inspections.tainted.annotation.equation.Equations'>
            <val val="{ &quot;getEntries := Manifest&quot; }"/>
        </annotation>
    </item>
    <item name='java.util.jar.Manifest java.util.jar.Attributes getAttributes(java.lang.String)'>
        <annotation name='com.intellij.inspections.tainted.annotation.equation.Equations'>
            <val val="{ &quot;name := sun.security.util.ManifestEntryVerifier#setEntry(java.lang.String, java.util.jar.JarEntry)#0 &amp; sun.security.util.ManifestEntryVerifier#setEntry(java.lang.String, java.util.jar.JarEntry)#0&quot; }"/>
        </annotation>
    </item>
    <item name='java.util.jar.Manifest java.util.jar.Attributes getMainAttributes()'>
        <annotation name='com.intellij.inspections.tainted.annotation.equation.Equations'>
            <val val="{ &quot;getMainAttributes := Manifest&quot; }"/>
        </annotation>
    </item>
    <item name='java.util.jar.Manifest void read(java.io.InputStream)'>
        <annotation name='com.intellij.inspections.tainted.annotation.equation.Equations'>
            <val val="{ &quot;is := #Manifest(java.io.InputStream)#0&quot; }"/>
        </annotation>
    </item>
    <item name='java.util.jar.Manifest.FastInputStream'>
        <annotation name='com.intellij.inspections.tainted.annotation.equation.Equations'>
            <val val="{ &quot;FastInputStream := &quot; }"/>
        </annotation>
    </item>
    <item name='java.util.jar.Manifest.FastInputStream FastInputStream(java.io.InputStream)'>
        <annotation name='com.intellij.inspections.tainted.annotation.equation.Equations'>
            <val val="{ &quot;in := Manifest#read(java.io.InputStream)#0&quot;, &quot;FastInputStream := Manifest.FastInputStream&quot; }"/>
        </annotation>
    </item>
    <item name='java.util.jar.Manifest.FastInputStream FastInputStream(java.io.InputStream, int)'>
        <annotation name='com.intellij.inspections.tainted.annotation.equation.Equations'>
            <val val="{ &quot;FastInputStream := Manifest.FastInputStream&quot;, &quot;in := #FastInputStream(java.io.InputStream)#0&quot; }"/>
        </annotation>
    </item>
    <item name='java.util.jar.Manifest.FastInputStream byte peek()'>
        <annotation name='com.intellij.inspections.tainted.annotation.equation.Equations'>
            <val val="{ &quot;peek := Manifest.FastInputStream&quot; }"/>
        </annotation>
    </item>
    <item name='java.util.jar.Manifest.FastInputStream int available()'>
        <annotation name='com.intellij.inspections.tainted.annotation.equation.Equations'>
            <val val="{ &quot;available := Manifest.FastInputStream&quot; }"/>
        </annotation>
    </item>
    <item name='java.util.jar.Manifest.FastInputStream int read(byte[], int, int)'>
        <annotation name='com.intellij.inspections.tainted.annotation.equation.Equations'>
            <val val="{ &quot;b := java.io.FilterInputStream#read(byte[], int, int)#0 &amp; java.io.FilterInputStream#read(byte[], int, int)#0&quot;, &quot;off := java.io.FilterInputStream#read(byte[], int, int)#1 &amp; java.io.FilterInputStream#read(byte[], int, int)#1&quot;, &quot;len := java.io.FilterInputStream#read(byte[], int, int)#2 &amp; java.io.FilterInputStream#read(byte[], int, int)#2&quot;, &quot;read := len &amp; Manifest.FastInputStream&quot; }"/>
        </annotation>
    </item>
    <item name='java.util.jar.Manifest.FastInputStream int readLine(byte[])'>
        <annotation name='com.intellij.inspections.tainted.annotation.equation.Equations'>
            <val val="{ &quot;b := Attributes#read(java.util.jar.Manifest.FastInputStream, byte[])#1&quot; }"/>
        </annotation>
    </item>
    <item name='java.util.jar.Manifest.FastInputStream int readLine(byte[], int, int)'>
        <annotation name='com.intellij.inspections.tainted.annotation.equation.Equations'>
            <val val="{ &quot;readLine := len &amp; Manifest.FastInputStream&quot;, &quot;b := #readLine(byte[])#0&quot; }"/>
        </annotation>
    </item>
    <item name='java.util.jar.Manifest.FastInputStream long skip(long)'>
        <annotation name='com.intellij.inspections.tainted.annotation.equation.Equations'>
            <val val="{ &quot;skip := n &amp; Manifest.FastInputStream&quot;, &quot;n := java.io.FilterInputStream#skip(long)#0 &amp; java.io.FilterInputStream#skip(long)#0&quot; }"/>
        </annotation>
    </item>
    <item name='java.util.jar.Pack200 Pack200()'>
        <annotation name='com.intellij.inspections.tainted.annotation.equation.Equations'>
            <val val="{ &quot;Pack200 := Pack200&quot; }"/>
        </annotation>
    </item>
    <item name='java.util.jar.Pack200 java.lang.Object newInstance(java.lang.String)'>
        <annotation name='com.intellij.inspections.tainted.annotation.equation.Equations'>
            <val val="{ &quot;prop := #PACK_PROVIDER &amp; #UNPACK_PROVIDER&quot; }"/>
        </annotation>
    </item>
</root>