<root>
    <item name='sun.util.logging.LoggingProxy boolean isLoggable(java.lang.Object, java.lang.Object)'>
        <annotation name='com.intellij.inspections.tainted.annotation.equation.Equations'>
            <val val="{ &quot;isLoggable := java.util.logging.LoggingProxyImpl#isLoggable(java.lang.Object, java.lang.Object)&quot; }"/>
        </annotation>
    </item>
    <item name='sun.util.logging.LoggingProxy int getLevelValue(java.lang.Object)'>
        <annotation name='com.intellij.inspections.tainted.annotation.equation.Equations'>
            <val val="{ &quot;getLevelValue := java.util.logging.LoggingProxyImpl#getLevelValue(java.lang.Object)&quot; }"/>
        </annotation>
    </item>
    <item name='sun.util.logging.LoggingProxy java.lang.Object getLevel(java.lang.Object)'>
        <annotation name='com.intellij.inspections.tainted.annotation.equation.Equations'>
            <val val="{ &quot;getLevel := java.util.logging.LoggingProxyImpl#getLevel(java.lang.Object)&quot; }"/>
        </annotation>
    </item>
    <item name='sun.util.logging.LoggingProxy java.lang.Object getLogger(java.lang.String)'>
        <annotation name='com.intellij.inspections.tainted.annotation.equation.Equations'>
            <val val="{ &quot;getLogger := java.util.logging.LoggingProxyImpl#getLogger(java.lang.String)&quot; }"/>
        </annotation>
    </item>
    <item name='sun.util.logging.LoggingProxy java.lang.Object parseLevel(java.lang.String)'>
        <annotation name='com.intellij.inspections.tainted.annotation.equation.Equations'>
            <val val="{ &quot;parseLevel := java.util.logging.LoggingProxyImpl#parseLevel(java.lang.String)&quot; }"/>
        </annotation>
    </item>
    <item name='sun.util.logging.LoggingProxy java.lang.String getLevelName(java.lang.Object)'>
        <annotation name='com.intellij.inspections.tainted.annotation.equation.Equations'>
            <val val="{ &quot;getLevelName := java.util.logging.LoggingProxyImpl#getLevelName(java.lang.Object)&quot; }"/>
        </annotation>
    </item>
    <item name='sun.util.logging.LoggingProxy java.lang.String getLoggerLevel(java.lang.String)'>
        <annotation name='com.intellij.inspections.tainted.annotation.equation.Equations'>
            <val val="{ &quot;getLoggerLevel := java.util.logging.LoggingProxyImpl#getLoggerLevel(java.lang.String)&quot; }"/>
        </annotation>
    </item>
    <item name='sun.util.logging.LoggingProxy java.lang.String getParentLoggerName(java.lang.String)'>
        <annotation name='com.intellij.inspections.tainted.annotation.equation.Equations'>
            <val val="{ &quot;getParentLoggerName := java.util.logging.LoggingProxyImpl#getParentLoggerName(java.lang.String)&quot; }"/>
        </annotation>
    </item>
    <item name='sun.util.logging.LoggingProxy java.lang.String getProperty(java.lang.String)'>
        <annotation name='com.intellij.inspections.tainted.annotation.equation.Equations'>
            <val val="{ &quot;getProperty := java.util.logging.LoggingProxyImpl#getProperty(java.lang.String)&quot; }"/>
        </annotation>
    </item>
    <item name='sun.util.logging.LoggingProxy java.util.List&lt;java.lang.String&gt; getLoggerNames()'>
        <annotation name='com.intellij.inspections.tainted.annotation.equation.Equations'>
            <val val="{ &quot;getLoggerNames := java.util.logging.LoggingProxyImpl#getLoggerNames()&quot; }"/>
        </annotation>
    </item>
</root>