<root>
    <item name='sun.security.provider.DigestBase java.lang.Object clone()'>
        <annotation name='com.intellij.inspections.tainted.annotation.equation.Equations'>
            <val val="{ &quot;clone := MD4#clone()&quot; }"/>
        </annotation>
    </item>
    <item name='sun.security.provider.DigestBase void implCompress(byte[], int)'>
        <annotation name='com.intellij.inspections.tainted.annotation.equation.Equations'>
            <val val="{ &quot;i := MD4#implCompress(byte[], int)#1&quot;, &quot;bytes := MD4#implCompress(byte[], int)#0&quot; }"/>
        </annotation>
    </item>
    <item name='sun.security.provider.DigestBase void implDigest(byte[], int)'>
        <annotation name='com.intellij.inspections.tainted.annotation.equation.Equations'>
            <val val="{ &quot;i := MD4#implDigest(byte[], int)#1&quot;, &quot;bytes := MD4#implDigest(byte[], int)#0&quot; }"/>
        </annotation>
    </item>
</root>