<root>
    <item name='com.sun.corba.se.spi.activation.ActivatorHelper com.sun.corba.se.spi.activation.Activator narrow(org.omg.CORBA.Object)'>
        <annotation name='com.intellij.inspections.tainted.annotation.equation.Equations'>
            <val val="{ &quot;obj := &quot;, &quot;narrow := obj&quot; }"/>
        </annotation>
    </item>
    <item name='com.sun.corba.se.spi.activation.ActivatorOperations int[] getActiveServers()'>
        <annotation name='com.intellij.inspections.tainted.annotation.equation.Equations'>
            <val val="{ &quot;getActiveServers := _ActivatorStub#getActiveServers() &amp; _ServerManagerStub#getActiveServers() &amp; com.sun.corba.se.impl.activation.ServerManagerImpl#getActiveServers()&quot; }"/>
        </annotation>
    </item>
    <item name='com.sun.corba.se.spi.activation.ActivatorOperations java.lang.String[] getORBNames(int)'>
        <annotation name='com.intellij.inspections.tainted.annotation.equation.Equations'>
            <val val="{ &quot;serverId := com.sun.corba.se.impl.activation.ServerManagerImpl#getORBNames(int)#0 &amp; _ActivatorStub#getORBNames(int)#0 &amp; _ServerManagerStub#getORBNames(int)#0&quot;, &quot;getORBNames := com.sun.corba.se.impl.activation.ServerManagerImpl#getORBNames(int) &amp; _ActivatorStub#getORBNames(int) &amp; _ServerManagerStub#getORBNames(int)&quot; }"/>
        </annotation>
    </item>
    <item name='com.sun.corba.se.spi.activation.ActivatorOperations void activate(int)'>
        <annotation name='com.intellij.inspections.tainted.annotation.equation.Equations'>
            <val val="{ &quot;serverId := com.sun.corba.se.impl.activation.ServerManagerImpl#activate(int)#0 &amp; _ActivatorStub#activate(int)#0 &amp; _ServerManagerStub#activate(int)#0&quot; }"/>
        </annotation>
    </item>
    <item name='com.sun.corba.se.spi.activation.ActivatorOperations void active(int, com.sun.corba.se.spi.activation.Server)'>
        <annotation name='com.intellij.inspections.tainted.annotation.equation.Equations'>
            <val val="{ &quot;serverId := com.sun.corba.se.impl.activation.ServerManagerImpl#active(int, com.sun.corba.se.spi.activation.Server)#0 &amp; _ActivatorStub#active(int, com.sun.corba.se.spi.activation.Server)#0 &amp; _ServerManagerStub#active(int, com.sun.corba.se.spi.activation.Server)#0&quot;, &quot;serverObj := com.sun.corba.se.impl.activation.ServerManagerImpl#active(int, com.sun.corba.se.spi.activation.Server)#1 &amp; _ActivatorStub#active(int, com.sun.corba.se.spi.activation.Server)#1 &amp; _ServerManagerStub#active(int, com.sun.corba.se.spi.activation.Server)#1&quot; }"/>
        </annotation>
    </item>
    <item name='com.sun.corba.se.spi.activation.ActivatorOperations void install(int)'>
        <annotation name='com.intellij.inspections.tainted.annotation.equation.Equations'>
            <val val="{ &quot;serverId := _ActivatorStub#install(int)#0 &amp; _ServerManagerStub#install(int)#0 &amp; com.sun.corba.se.impl.activation.ServerManagerImpl#install(int)#0&quot; }"/>
        </annotation>
    </item>
    <item name='com.sun.corba.se.spi.activation.ActivatorOperations void registerEndpoints(int, java.lang.String, com.sun.corba.se.spi.activation.EndPointInfo[])'>
        <annotation name='com.intellij.inspections.tainted.annotation.equation.Equations'>
            <val val="{ &quot;endPointInfo := _ActivatorStub#registerEndpoints(int, java.lang.String, com.sun.corba.se.spi.activation.EndPointInfo[])#2 &amp; _ServerManagerStub#registerEndpoints(int, java.lang.String, com.sun.corba.se.spi.activation.EndPointInfo[])#2 &amp; com.sun.corba.se.impl.activation.ServerManagerImpl#registerEndpoints(int, java.lang.String, com.sun.corba.se.spi.activation.EndPointInfo[])#2&quot;, &quot;serverId := _ActivatorStub#registerEndpoints(int, java.lang.String, com.sun.corba.se.spi.activation.EndPointInfo[])#0 &amp; _ServerManagerStub#registerEndpoints(int, java.lang.String, com.sun.corba.se.spi.activation.EndPointInfo[])#0 &amp; com.sun.corba.se.impl.activation.ServerManagerImpl#registerEndpoints(int, java.lang.String, com.sun.corba.se.spi.activation.EndPointInfo[])#0&quot;, &quot;orbId := _ActivatorStub#registerEndpoints(int, java.lang.String, com.sun.corba.se.spi.activation.EndPointInfo[])#1 &amp; _ServerManagerStub#registerEndpoints(int, java.lang.String, com.sun.corba.se.spi.activation.EndPointInfo[])#1 &amp; com.sun.corba.se.impl.activation.ServerManagerImpl#registerEndpoints(int, java.lang.String, com.sun.corba.se.spi.activation.EndPointInfo[])#1&quot; }"/>
        </annotation>
    </item>
    <item name='com.sun.corba.se.spi.activation.ActivatorOperations void shutdown(int)'>
        <annotation name='com.intellij.inspections.tainted.annotation.equation.Equations'>
            <val val="{ &quot;serverId := com.sun.corba.se.impl.activation.ServerManagerImpl#shutdown(int)#0 &amp; _ActivatorStub#shutdown(int)#0 &amp; _ServerManagerStub#shutdown(int)#0&quot; }"/>
        </annotation>
    </item>
    <item name='com.sun.corba.se.spi.activation.ActivatorOperations void uninstall(int)'>
        <annotation name='com.intellij.inspections.tainted.annotation.equation.Equations'>
            <val val="{ &quot;serverId := _ActivatorStub#uninstall(int)#0 &amp; _ServerManagerStub#uninstall(int)#0 &amp; com.sun.corba.se.impl.activation.UnRegisterServer#illegalServerId &amp; com.sun.corba.se.impl.activation.ServerManagerImpl#uninstall(int)#0&quot; }"/>
        </annotation>
    </item>
    <item name='com.sun.corba.se.spi.activation.EndpointInfoListHelper com.sun.corba.se.spi.activation.EndPointInfo[] read(org.omg.CORBA.portable.InputStream)'>
        <annotation name='com.intellij.inspections.tainted.annotation.equation.Equations'>
            <val val="{ &quot;istream := _ActivatorImplBase#_invoke(java.lang.String, org.omg.CORBA.portable.InputStream, org.omg.CORBA.portable.ResponseHandler)#1 &amp; EndpointInfoListHolder#_read(org.omg.CORBA.portable.InputStream)#0 &amp; _ServerManagerImplBase#_invoke(java.lang.String, org.omg.CORBA.portable.InputStream, org.omg.CORBA.portable.ResponseHandler)#1&quot; }"/>
        </annotation>
    </item>
    <item name='com.sun.corba.se.spi.activation.EndpointInfoListHelper java.lang.String id()'>
        <annotation name='com.intellij.inspections.tainted.annotation.equation.Equations'>
            <val val="{ &quot;id := EndpointInfoListHelper&quot; }"/>
        </annotation>
    </item>
    <item name='com.sun.corba.se.spi.activation.EndpointInfoListHelper org.omg.CORBA.TypeCode type()'>
        <annotation name='com.intellij.inspections.tainted.annotation.equation.Equations'>
            <val val="{ &quot;type := EndpointInfoListHelper&quot; }"/>
        </annotation>
    </item>
    <item name='com.sun.corba.se.spi.activation.EndpointInfoListHelper void write(org.omg.CORBA.portable.OutputStream, com.sun.corba.se.spi.activation.EndPointInfo[])'>
        <annotation name='com.intellij.inspections.tainted.annotation.equation.Equations'>
            <val val="{ &quot;ostream := com.sun.corba.se.spi.activation.LocatorPackage.ServerLocationPerORBHelper#write(org.omg.CORBA.portable.OutputStream, com.sun.corba.se.spi.activation.LocatorPackage.ServerLocationPerORB)#0 &amp; EndpointInfoListHolder#_write(org.omg.CORBA.portable.OutputStream)#0&quot;, &quot;value := _ActivatorStub#registerEndpoints(int, java.lang.String, com.sun.corba.se.spi.activation.EndPointInfo[])#2 &amp; _ServerManagerStub#registerEndpoints(int, java.lang.String, com.sun.corba.se.spi.activation.EndPointInfo[])#2 &amp; #insert(org.omg.CORBA.Any, com.sun.corba.se.spi.activation.EndPointInfo[])#1 &amp; EndpointInfoListHolder&quot; }"/>
        </annotation>
    </item>
    <item name='com.sun.corba.se.spi.activation.EndpointInfoListHolder'>
        <annotation name='com.intellij.inspections.tainted.annotation.equation.Equations'>
            <val val="{ &quot;EndpointInfoListHolder := &quot; }"/>
        </annotation>
    </item>
    <item name='com.sun.corba.se.spi.activation.EndpointInfoListHolder EndpointInfoListHolder()'>
        <annotation name='com.intellij.inspections.tainted.annotation.equation.Equations'>
            <val val="{ &quot;EndpointInfoListHolder := EndpointInfoListHolder&quot; }"/>
        </annotation>
    </item>
    <item name='com.sun.corba.se.spi.activation.EndpointInfoListHolder EndpointInfoListHolder(com.sun.corba.se.spi.activation.EndPointInfo[])'>
        <annotation name='com.intellij.inspections.tainted.annotation.equation.Equations'>
            <val val="{ &quot;EndpointInfoListHolder := EndpointInfoListHolder&quot; }"/>
        </annotation>
    </item>
    <item name='com.sun.corba.se.spi.activation.InitialNameServiceHelper com.sun.corba.se.spi.activation.InitialNameService narrow(org.omg.CORBA.Object)'>
        <annotation name='com.intellij.inspections.tainted.annotation.equation.Equations'>
            <val val="{ &quot;narrow := obj&quot;, &quot;obj := &quot; }"/>
        </annotation>
    </item>
    <item name='com.sun.corba.se.spi.activation.InitialNameServiceOperations void bind(java.lang.String, org.omg.CORBA.Object, boolean)'>
        <annotation name='com.intellij.inspections.tainted.annotation.equation.Equations'>
            <val val="{ &quot;name := _InitialNameServiceStub#bind(java.lang.String, org.omg.CORBA.Object, boolean)#0&quot;, &quot;obj := _InitialNameServiceStub#bind(java.lang.String, org.omg.CORBA.Object, boolean)#1&quot; }"/>
        </annotation>
    </item>
    <item name='com.sun.corba.se.spi.activation.LocatorHelper com.sun.corba.se.spi.activation.Locator narrow(org.omg.CORBA.Object)'>
        <annotation name='com.intellij.inspections.tainted.annotation.equation.Equations'>
            <val val="{ &quot;obj := &quot;, &quot;narrow := obj&quot; }"/>
        </annotation>
    </item>
    <item name='com.sun.corba.se.spi.activation.LocatorOperations com.sun.corba.se.spi.activation.LocatorPackage.ServerLocation locateServer(int, java.lang.String)'>
        <annotation name='com.intellij.inspections.tainted.annotation.equation.Equations'>
            <val val="{ &quot;serverId := com.sun.corba.se.impl.activation.LocateServer#illegalServerId &amp; _LocatorStub#locateServer(int, java.lang.String)#0 &amp; _ServerManagerStub#locateServer(int, java.lang.String)#0 &amp; com.sun.corba.se.impl.activation.ServerManagerImpl#locateServer(int, java.lang.String)#0&quot;, &quot;endPoint := IIOP_CLEAR_TEXT#value &amp; com.sun.corba.se.impl.activation.LocateServer#processCommand(java.lang.String[], org.omg.CORBA.ORB, java.io.PrintStream)#0 &amp; _LocatorStub#locateServer(int, java.lang.String)#1 &amp; _ServerManagerStub#locateServer(int, java.lang.String)#1 &amp; com.sun.corba.se.impl.activation.ServerManagerImpl#locateServer(int, java.lang.String)#1&quot;, &quot;locateServer := _LocatorStub#locateServer(int, java.lang.String) &amp; _ServerManagerStub#locateServer(int, java.lang.String) &amp; com.sun.corba.se.impl.activation.ServerManagerImpl#locateServer(int, java.lang.String)&quot; }"/>
        </annotation>
    </item>
    <item name='com.sun.corba.se.spi.activation.LocatorOperations com.sun.corba.se.spi.activation.LocatorPackage.ServerLocationPerORB locateServerForORB(int, java.lang.String)'>
        <annotation name='com.intellij.inspections.tainted.annotation.equation.Equations'>
            <val val="{ &quot;orbId := com.sun.corba.se.impl.activation.ServerManagerImpl#locateServerForORB(int, java.lang.String)#1 &amp; _LocatorStub#locateServerForORB(int, java.lang.String)#1 &amp; _ServerManagerStub#locateServerForORB(int, java.lang.String)#1&quot;, &quot;serverId := com.sun.corba.se.impl.activation.ServerManagerImpl#locateServerForORB(int, java.lang.String)#0 &amp; _LocatorStub#locateServerForORB(int, java.lang.String)#0 &amp; _ServerManagerStub#locateServerForORB(int, java.lang.String)#0&quot;, &quot;locateServerForORB := com.sun.corba.se.impl.activation.ServerManagerImpl#locateServerForORB(int, java.lang.String) &amp; _LocatorStub#locateServerForORB(int, java.lang.String) &amp; _ServerManagerStub#locateServerForORB(int, java.lang.String)&quot; }"/>
        </annotation>
    </item>
    <item name='com.sun.corba.se.spi.activation.LocatorOperations int getEndpoint(java.lang.String)'>
        <annotation name='com.intellij.inspections.tainted.annotation.equation.Equations'>
            <val val="{ &quot;endPointType := com.sun.corba.se.impl.activation.ServerManagerImpl#getEndpoint(java.lang.String)#0 &amp; _ServerManagerStub#getEndpoint(java.lang.String)#0 &amp; _LocatorStub#getEndpoint(java.lang.String)#0&quot;, &quot;getEndpoint := com.sun.corba.se.impl.activation.ServerManagerImpl#getEndpoint(java.lang.String) &amp; _ServerManagerStub#getEndpoint(java.lang.String) &amp; _LocatorStub#getEndpoint(java.lang.String)&quot; }"/>
        </annotation>
    </item>
    <item name='com.sun.corba.se.spi.activation.LocatorOperations int getServerPortForType(com.sun.corba.se.spi.activation.LocatorPackage.ServerLocationPerORB, java.lang.String)'>
        <annotation name='com.intellij.inspections.tainted.annotation.equation.Equations'>
            <val val="{ &quot;getServerPortForType := com.sun.corba.se.impl.activation.ServerManagerImpl#getServerPortForType(com.sun.corba.se.spi.activation.LocatorPackage.ServerLocationPerORB, java.lang.String) &amp; _LocatorStub#getServerPortForType(com.sun.corba.se.spi.activation.LocatorPackage.ServerLocationPerORB, java.lang.String) &amp; _ServerManagerStub#getServerPortForType(com.sun.corba.se.spi.activation.LocatorPackage.ServerLocationPerORB, java.lang.String)&quot;, &quot;location := com.sun.corba.se.impl.activation.ServerManagerImpl#getServerPortForType(com.sun.corba.se.spi.activation.LocatorPackage.ServerLocationPerORB, java.lang.String)#0 &amp; _LocatorStub#getServerPortForType(com.sun.corba.se.spi.activation.LocatorPackage.ServerLocationPerORB, java.lang.String)#0 &amp; _ServerManagerStub#getServerPortForType(com.sun.corba.se.spi.activation.LocatorPackage.ServerLocationPerORB, java.lang.String)#0&quot;, &quot;endPointType := com.sun.corba.se.impl.activation.ServerManagerImpl#getServerPortForType(com.sun.corba.se.spi.activation.LocatorPackage.ServerLocationPerORB, java.lang.String)#1 &amp; _LocatorStub#getServerPortForType(com.sun.corba.se.spi.activation.LocatorPackage.ServerLocationPerORB, java.lang.String)#1 &amp; _ServerManagerStub#getServerPortForType(com.sun.corba.se.spi.activation.LocatorPackage.ServerLocationPerORB, java.lang.String)#1&quot; }"/>
        </annotation>
    </item>
    <item name='com.sun.corba.se.spi.activation.ORBidHelper java.lang.String id()'>
        <annotation name='com.intellij.inspections.tainted.annotation.equation.Equations'>
            <val val="{ &quot;id := ORBidHelper&quot; }"/>
        </annotation>
    </item>
    <item name='com.sun.corba.se.spi.activation.ORBidHelper java.lang.String read(org.omg.CORBA.portable.InputStream)'>
        <annotation name='com.intellij.inspections.tainted.annotation.equation.Equations'>
            <val val="{ &quot;istream := ORBidListHelper#read(org.omg.CORBA.portable.InputStream)#0 &amp; _LocatorImplBase#_invoke(java.lang.String, org.omg.CORBA.portable.InputStream, org.omg.CORBA.portable.ResponseHandler)#1 &amp; _ActivatorImplBase#_invoke(java.lang.String, org.omg.CORBA.portable.InputStream, org.omg.CORBA.portable.ResponseHandler)#1 &amp; _ServerManagerImplBase#_invoke(java.lang.String, org.omg.CORBA.portable.InputStream, org.omg.CORBA.portable.ResponseHandler)#1&quot; }"/>
        </annotation>
    </item>
    <item name='com.sun.corba.se.spi.activation.ORBidHelper org.omg.CORBA.TypeCode type()'>
        <annotation name='com.intellij.inspections.tainted.annotation.equation.Equations'>
            <val val="{ &quot;type := ORBidHelper&quot; }"/>
        </annotation>
    </item>
    <item name='com.sun.corba.se.spi.activation.ORBidHelper void write(org.omg.CORBA.portable.OutputStream, java.lang.String)'>
        <annotation name='com.intellij.inspections.tainted.annotation.equation.Equations'>
            <val val="{ &quot;value := _ActivatorStub#registerEndpoints(int, java.lang.String, com.sun.corba.se.spi.activation.EndPointInfo[])#1 &amp; _ServerManagerStub#registerEndpoints(int, java.lang.String, com.sun.corba.se.spi.activation.EndPointInfo[])#1 &amp; #insert(org.omg.CORBA.Any, java.lang.String)#1 &amp; _LocatorStub#locateServerForORB(int, java.lang.String)#1 &amp; ORBidListHelper#write(org.omg.CORBA.portable.OutputStream, java.lang.String[])#1 &amp; _ServerManagerStub#locateServerForORB(int, java.lang.String)#1&quot;, &quot;ostream := ORBidListHelper#write(org.omg.CORBA.portable.OutputStream, java.lang.String[])#0&quot; }"/>
        </annotation>
    </item>
    <item name='com.sun.corba.se.spi.activation.ORBidListHelper java.lang.String id()'>
        <annotation name='com.intellij.inspections.tainted.annotation.equation.Equations'>
            <val val="{ &quot;id := ORBidListHelper&quot; }"/>
        </annotation>
    </item>
    <item name='com.sun.corba.se.spi.activation.ORBidListHelper java.lang.String[] read(org.omg.CORBA.portable.InputStream)'>
        <annotation name='com.intellij.inspections.tainted.annotation.equation.Equations'>
            <val val="{ &quot;istream := ORBidListHolder#_read(org.omg.CORBA.portable.InputStream)#0&quot; }"/>
        </annotation>
    </item>
    <item name='com.sun.corba.se.spi.activation.ORBidListHelper org.omg.CORBA.TypeCode type()'>
        <annotation name='com.intellij.inspections.tainted.annotation.equation.Equations'>
            <val val="{ &quot;type := ORBidListHelper&quot; }"/>
        </annotation>
    </item>
    <item name='com.sun.corba.se.spi.activation.ORBidListHelper void write(org.omg.CORBA.portable.OutputStream, java.lang.String[])'>
        <annotation name='com.intellij.inspections.tainted.annotation.equation.Equations'>
            <val val="{ &quot;ostream := ORBidListHolder#_write(org.omg.CORBA.portable.OutputStream)#0&quot;, &quot;value := #insert(org.omg.CORBA.Any, java.lang.String[])#1 &amp; ORBidListHolder&quot; }"/>
        </annotation>
    </item>
    <item name='com.sun.corba.se.spi.activation.ORBidListHolder'>
        <annotation name='com.intellij.inspections.tainted.annotation.equation.Equations'>
            <val val="{ &quot;ORBidListHolder := &quot; }"/>
        </annotation>
    </item>
    <item name='com.sun.corba.se.spi.activation.ORBidListHolder ORBidListHolder()'>
        <annotation name='com.intellij.inspections.tainted.annotation.equation.Equations'>
            <val val="{ &quot;ORBidListHolder := ORBidListHolder&quot; }"/>
        </annotation>
    </item>
    <item name='com.sun.corba.se.spi.activation.ORBidListHolder ORBidListHolder(java.lang.String[])'>
        <annotation name='com.intellij.inspections.tainted.annotation.equation.Equations'>
            <val val="{ &quot;ORBidListHolder := ORBidListHolder&quot; }"/>
        </annotation>
    </item>
    <item name='com.sun.corba.se.spi.activation.RepositoryHelper com.sun.corba.se.spi.activation.Repository narrow(org.omg.CORBA.Object)'>
        <annotation name='com.intellij.inspections.tainted.annotation.equation.Equations'>
            <val val="{ &quot;obj := &quot;, &quot;narrow := obj&quot; }"/>
        </annotation>
    </item>
    <item name='com.sun.corba.se.spi.activation.RepositoryOperations boolean isInstalled(int)'>
        <annotation name='com.intellij.inspections.tainted.annotation.equation.Equations'>
            <val val="{ &quot;serverId := _RepositoryStub#isInstalled(int)#0 &amp; com.sun.corba.se.impl.activation.RepositoryImpl#isInstalled(int)#0&quot; }"/>
        </annotation>
    </item>
    <item name='com.sun.corba.se.spi.activation.RepositoryOperations com.sun.corba.se.spi.activation.RepositoryPackage.ServerDef getServer(int)'>
        <annotation name='com.intellij.inspections.tainted.annotation.equation.Equations'>
            <val val="{ &quot;serverId := com.sun.corba.se.impl.activation.RepositoryImpl#getServer(int)#0 &amp; _RepositoryStub#getServer(int)#0&quot;, &quot;getServer := com.sun.corba.se.impl.activation.RepositoryImpl#getServer(int) &amp; _RepositoryStub#getServer(int)&quot; }"/>
        </annotation>
    </item>
    <item name='com.sun.corba.se.spi.activation.RepositoryOperations int getServerID(java.lang.String)'>
        <annotation name='com.intellij.inspections.tainted.annotation.equation.Equations'>
            <val val="{ &quot;applicationName := com.sun.corba.se.impl.activation.RepositoryImpl#getServerID(java.lang.String)#0 &amp; _RepositoryStub#getServerID(java.lang.String)#0&quot;, &quot;getServerID := com.sun.corba.se.impl.activation.RepositoryImpl#getServerID(java.lang.String) &amp; _RepositoryStub#getServerID(java.lang.String)&quot; }"/>
        </annotation>
    </item>
    <item name='com.sun.corba.se.spi.activation.RepositoryOperations int registerServer(com.sun.corba.se.spi.activation.RepositoryPackage.ServerDef)'>
        <annotation name='com.intellij.inspections.tainted.annotation.equation.Equations'>
            <val val="{ &quot;serverDef := com.sun.corba.se.impl.activation.RepositoryImpl#registerServer(com.sun.corba.se.spi.activation.RepositoryPackage.ServerDef)#0 &amp; _RepositoryStub#registerServer(com.sun.corba.se.spi.activation.RepositoryPackage.ServerDef)#0&quot;, &quot;registerServer := com.sun.corba.se.impl.activation.RepositoryImpl#registerServer(com.sun.corba.se.spi.activation.RepositoryPackage.ServerDef) &amp; _RepositoryStub#registerServer(com.sun.corba.se.spi.activation.RepositoryPackage.ServerDef)&quot; }"/>
        </annotation>
    </item>
    <item name='com.sun.corba.se.spi.activation.RepositoryOperations int[] listRegisteredServers()'>
        <annotation name='com.intellij.inspections.tainted.annotation.equation.Equations'>
            <val val="{ &quot;listRegisteredServers := _RepositoryStub#listRegisteredServers() &amp; com.sun.corba.se.impl.activation.RepositoryImpl#listRegisteredServers()&quot; }"/>
        </annotation>
    </item>
    <item name='com.sun.corba.se.spi.activation.RepositoryOperations java.lang.String[] getApplicationNames()'>
        <annotation name='com.intellij.inspections.tainted.annotation.equation.Equations'>
            <val val="{ &quot;getApplicationNames := _RepositoryStub#getApplicationNames() &amp; com.sun.corba.se.impl.activation.RepositoryImpl#getApplicationNames()&quot; }"/>
        </annotation>
    </item>
    <item name='com.sun.corba.se.spi.activation.RepositoryOperations void install(int)'>
        <annotation name='com.intellij.inspections.tainted.annotation.equation.Equations'>
            <val val="{ &quot;serverId := com.sun.corba.se.impl.activation.RepositoryImpl#install(int)#0 &amp; _RepositoryStub#install(int)#0&quot; }"/>
        </annotation>
    </item>
    <item name='com.sun.corba.se.spi.activation.RepositoryOperations void uninstall(int)'>
        <annotation name='com.intellij.inspections.tainted.annotation.equation.Equations'>
            <val val="{ &quot;serverId := com.sun.corba.se.impl.activation.RepositoryImpl#uninstall(int)#0 &amp; _RepositoryStub#uninstall(int)#0&quot; }"/>
        </annotation>
    </item>
    <item name='com.sun.corba.se.spi.activation.RepositoryOperations void unregisterServer(int)'>
        <annotation name='com.intellij.inspections.tainted.annotation.equation.Equations'>
            <val val="{ &quot;serverId := _RepositoryStub#unregisterServer(int)#0 &amp; com.sun.corba.se.impl.activation.RepositoryImpl#unregisterServer(int)#0 &amp; com.sun.corba.se.impl.activation.UnRegisterServer#illegalServerId&quot; }"/>
        </annotation>
    </item>
    <item name='com.sun.corba.se.spi.activation.ServerHelper com.sun.corba.se.spi.activation.Server narrow(org.omg.CORBA.Object)'>
        <annotation name='com.intellij.inspections.tainted.annotation.equation.Equations'>
            <val val="{ &quot;narrow := obj&quot; }"/>
        </annotation>
    </item>
    <item name='com.sun.corba.se.spi.activation.ServerHelper com.sun.corba.se.spi.activation.Server read(org.omg.CORBA.portable.InputStream)'>
        <annotation name='com.intellij.inspections.tainted.annotation.equation.Equations'>
            <val val="{ &quot;istream := ServerHolder#_read(org.omg.CORBA.portable.InputStream)#0 &amp; _ActivatorImplBase#_invoke(java.lang.String, org.omg.CORBA.portable.InputStream, org.omg.CORBA.portable.ResponseHandler)#1 &amp; _ServerManagerImplBase#_invoke(java.lang.String, org.omg.CORBA.portable.InputStream, org.omg.CORBA.portable.ResponseHandler)#1&quot; }"/>
        </annotation>
    </item>
    <item name='com.sun.corba.se.spi.activation.ServerHelper com.sun.corba.se.spi.activation.Server unchecked_narrow(org.omg.CORBA.Object)'>
        <annotation name='com.intellij.inspections.tainted.annotation.equation.Equations'>
            <val val="{ &quot;unchecked_narrow := obj&quot; }"/>
        </annotation>
    </item>
    <item name='com.sun.corba.se.spi.activation.ServerHelper java.lang.String id()'>
        <annotation name='com.intellij.inspections.tainted.annotation.equation.Equations'>
            <val val="{ &quot;id := ServerHelper&quot; }"/>
        </annotation>
    </item>
    <item name='com.sun.corba.se.spi.activation.ServerHelper org.omg.CORBA.TypeCode type()'>
        <annotation name='com.intellij.inspections.tainted.annotation.equation.Equations'>
            <val val="{ &quot;type := ServerHelper&quot; }"/>
        </annotation>
    </item>
    <item name='com.sun.corba.se.spi.activation.ServerHelper void write(org.omg.CORBA.portable.OutputStream, com.sun.corba.se.spi.activation.Server)'>
        <annotation name='com.intellij.inspections.tainted.annotation.equation.Equations'>
            <val val="{ &quot;value := _ActivatorStub#active(int, com.sun.corba.se.spi.activation.Server)#1 &amp; _ServerManagerStub#active(int, com.sun.corba.se.spi.activation.Server)#1 &amp; #insert(org.omg.CORBA.Any, com.sun.corba.se.spi.activation.Server)#1 &amp; ServerHolder&quot;, &quot;ostream := ServerHolder#_write(org.omg.CORBA.portable.OutputStream)#0&quot; }"/>
        </annotation>
    </item>
    <item name='com.sun.corba.se.spi.activation.ServerHolder'>
        <annotation name='com.intellij.inspections.tainted.annotation.equation.Equations'>
            <val val="{ &quot;ServerHolder := &quot; }"/>
        </annotation>
    </item>
    <item name='com.sun.corba.se.spi.activation.ServerHolder ServerHolder()'>
        <annotation name='com.intellij.inspections.tainted.annotation.equation.Equations'>
            <val val="{ &quot;ServerHolder := ServerHolder&quot; }"/>
        </annotation>
    </item>
    <item name='com.sun.corba.se.spi.activation.ServerHolder ServerHolder(com.sun.corba.se.spi.activation.Server)'>
        <annotation name='com.intellij.inspections.tainted.annotation.equation.Equations'>
            <val val="{ &quot;ServerHolder := ServerHolder&quot; }"/>
        </annotation>
    </item>
    <item name='com.sun.corba.se.spi.activation.ServerIdHelper int read(org.omg.CORBA.portable.InputStream)'>
        <annotation name='com.intellij.inspections.tainted.annotation.equation.Equations'>
            <val val="{ &quot;istream := ServerIdsHelper#read(org.omg.CORBA.portable.InputStream)#0 &amp; _LocatorImplBase#_invoke(java.lang.String, org.omg.CORBA.portable.InputStream, org.omg.CORBA.portable.ResponseHandler)#1 &amp; _ActivatorImplBase#_invoke(java.lang.String, org.omg.CORBA.portable.InputStream, org.omg.CORBA.portable.ResponseHandler)#1 &amp; _RepositoryImplBase#_invoke(java.lang.String, org.omg.CORBA.portable.InputStream, org.omg.CORBA.portable.ResponseHandler)#1 &amp; _ServerManagerImplBase#_invoke(java.lang.String, org.omg.CORBA.portable.InputStream, org.omg.CORBA.portable.ResponseHandler)#1&quot; }"/>
        </annotation>
    </item>
    <item name='com.sun.corba.se.spi.activation.ServerIdHelper java.lang.String id()'>
        <annotation name='com.intellij.inspections.tainted.annotation.equation.Equations'>
            <val val="{ &quot;id := ServerIdHelper&quot; }"/>
        </annotation>
    </item>
    <item name='com.sun.corba.se.spi.activation.ServerIdHelper org.omg.CORBA.TypeCode type()'>
        <annotation name='com.intellij.inspections.tainted.annotation.equation.Equations'>
            <val val="{ &quot;type := ServerIdHelper&quot; }"/>
        </annotation>
    </item>
    <item name='com.sun.corba.se.spi.activation.ServerIdHelper void write(org.omg.CORBA.portable.OutputStream, int)'>
        <annotation name='com.intellij.inspections.tainted.annotation.equation.Equations'>
            <val val="{ &quot;value := _ActivatorStub#activate(int)#0 &amp; _ServerManagerStub#activate(int)#0 &amp; _ActivatorStub#active(int, com.sun.corba.se.spi.activation.Server)#0 &amp; _ServerManagerStub#active(int, com.sun.corba.se.spi.activation.Server)#0 &amp; _ActivatorStub#shutdown(int)#0 &amp; _ServerManagerStub#shutdown(int)#0 &amp; _RepositoryStub#unregisterServer(int)#0 &amp; #insert(org.omg.CORBA.Any, int)#1 &amp; _LocatorStub#locateServer(int, java.lang.String)#0 &amp; _LocatorStub#locateServerForORB(int, java.lang.String)#0 &amp; _ActivatorStub#registerEndpoints(int, java.lang.String, com.sun.corba.se.spi.activation.EndPointInfo[])#0 &amp; _ActivatorStub#install(int)#0 &amp; _ActivatorStub#getORBNames(int)#0 &amp; _ActivatorStub#uninstall(int)#0 &amp; _RepositoryStub#getServer(int)#0 &amp; _RepositoryStub#isInstalled(int)#0 &amp; _RepositoryStub#install(int)#0 &amp; _RepositoryStub#uninstall(int)#0 &amp; ServerIdsHelper#write(org.omg.CORBA.portable.OutputStream, int[])#1 &amp; _ServerManagerStub#registerEndpoints(int, java.lang.String, com.sun.corba.se.spi.activation.EndPointInfo[])#0 &amp; _ServerManagerStub#install(int)#0 &amp; _ServerManagerStub#getORBNames(int)#0 &amp; _ServerManagerStub#uninstall(int)#0 &amp; _ServerManagerStub#locateServer(int, java.lang.String)#0 &amp; _ServerManagerStub#locateServerForORB(int, java.lang.String)#0&quot;, &quot;ostream := ServerIdsHelper#write(org.omg.CORBA.portable.OutputStream, int[])#0&quot; }"/>
        </annotation>
    </item>
    <item name='com.sun.corba.se.spi.activation.ServerIdsHelper int[] read(org.omg.CORBA.portable.InputStream)'>
        <annotation name='com.intellij.inspections.tainted.annotation.equation.Equations'>
            <val val="{ &quot;istream := ServerIdsHolder#_read(org.omg.CORBA.portable.InputStream)#0&quot; }"/>
        </annotation>
    </item>
    <item name='com.sun.corba.se.spi.activation.ServerIdsHelper java.lang.String id()'>
        <annotation name='com.intellij.inspections.tainted.annotation.equation.Equations'>
            <val val="{ &quot;id := ServerIdsHelper&quot; }"/>
        </annotation>
    </item>
    <item name='com.sun.corba.se.spi.activation.ServerIdsHelper org.omg.CORBA.TypeCode type()'>
        <annotation name='com.intellij.inspections.tainted.annotation.equation.Equations'>
            <val val="{ &quot;type := ServerIdsHelper&quot; }"/>
        </annotation>
    </item>
    <item name='com.sun.corba.se.spi.activation.ServerIdsHelper void write(org.omg.CORBA.portable.OutputStream, int[])'>
        <annotation name='com.intellij.inspections.tainted.annotation.equation.Equations'>
            <val val="{ &quot;ostream := ServerIdsHolder#_write(org.omg.CORBA.portable.OutputStream)#0&quot;, &quot;value := ServerIdsHolder &amp; #insert(org.omg.CORBA.Any, int[])#1&quot; }"/>
        </annotation>
    </item>
    <item name='com.sun.corba.se.spi.activation.ServerIdsHolder'>
        <annotation name='com.intellij.inspections.tainted.annotation.equation.Equations'>
            <val val="{ &quot;ServerIdsHolder := &quot; }"/>
        </annotation>
    </item>
    <item name='com.sun.corba.se.spi.activation.ServerIdsHolder ServerIdsHolder()'>
        <annotation name='com.intellij.inspections.tainted.annotation.equation.Equations'>
            <val val="{ &quot;ServerIdsHolder := ServerIdsHolder&quot; }"/>
        </annotation>
    </item>
    <item name='com.sun.corba.se.spi.activation.ServerIdsHolder ServerIdsHolder(int[])'>
        <annotation name='com.intellij.inspections.tainted.annotation.equation.Equations'>
            <val val="{ &quot;ServerIdsHolder := ServerIdsHolder&quot; }"/>
        </annotation>
    </item>
    <item name='com.sun.corba.se.spi.activation._ActivatorStub java.lang.String[] _ids()'>
        <annotation name='com.intellij.inspections.tainted.annotation.equation.Equations'>
            <val val="{ &quot;_ids := _ActivatorStub&quot; }"/>
        </annotation>
    </item>
    <item name='com.sun.corba.se.spi.activation._InitialNameServiceStub java.lang.String[] _ids()'>
        <annotation name='com.intellij.inspections.tainted.annotation.equation.Equations'>
            <val val="{ &quot;_ids := _InitialNameServiceStub&quot; }"/>
        </annotation>
    </item>
    <item name='com.sun.corba.se.spi.activation._RepositoryStub java.lang.String[] _ids()'>
        <annotation name='com.intellij.inspections.tainted.annotation.equation.Equations'>
            <val val="{ &quot;_ids := _RepositoryStub&quot; }"/>
        </annotation>
    </item>
    <item name='com.sun.corba.se.spi.activation._ServerManagerStub java.lang.String[] _ids()'>
        <annotation name='com.intellij.inspections.tainted.annotation.equation.Equations'>
            <val val="{ &quot;_ids := _ServerManagerStub&quot; }"/>
        </annotation>
    </item>
</root>