<root>
    <item name='sun.java2d.pipe.BufferedContext sun.java2d.pipe.RenderQueue getRenderQueue()'>
        <annotation name='com.intellij.inspections.tainted.annotation.equation.Equations'>
            <val val="{ &quot;getRenderQueue := sun.java2d.opengl.OGLContext#getRenderQueue()&quot; }"/>
        </annotation>
    </item>
    <item name='sun.java2d.pipe.CompositePipe boolean needTile(java.lang.Object, int, int, int, int)'>
        <annotation name='com.intellij.inspections.tainted.annotation.equation.Equations'>
            <val val="{ &quot;needTile := AlphaColorPipe#needTile(java.lang.Object, int, int, int, int) &amp; SpanClipRenderer#needTile(java.lang.Object, int, int, int, int) &amp; AlphaPaintPipe#needTile(java.lang.Object, int, int, int, int) &amp; GeneralCompositePipe#needTile(java.lang.Object, int, int, int, int)&quot; }"/>
        </annotation>
    </item>
    <item name='sun.java2d.pipe.CompositePipe java.lang.Object startSequence(sun.java2d.SunGraphics2D, java.awt.Shape, java.awt.Rectangle, int[])'>
        <annotation name='com.intellij.inspections.tainted.annotation.equation.Equations'>
            <val val="{ &quot;startSequence := AlphaColorPipe#startSequence(sun.java2d.SunGraphics2D, java.awt.Shape, java.awt.Rectangle, int[]) &amp; SpanClipRenderer#startSequence(sun.java2d.SunGraphics2D, java.awt.Shape, java.awt.Rectangle, int[]) &amp; AlphaPaintPipe#startSequence(sun.java2d.SunGraphics2D, java.awt.Shape, java.awt.Rectangle, int[]) &amp; GeneralCompositePipe#startSequence(sun.java2d.SunGraphics2D, java.awt.Shape, java.awt.Rectangle, int[])&quot; }"/>
        </annotation>
    </item>
    <item name='sun.java2d.pipe.DrawImagePipe boolean copyImage(sun.java2d.SunGraphics2D, java.awt.Image, int, int, int, int, int, int, java.awt.Color, java.awt.image.ImageObserver)'>
        <annotation name='com.intellij.inspections.tainted.annotation.equation.Equations'>
            <val val="{ &quot;copyImage := DrawImage#copyImage(sun.java2d.SunGraphics2D, java.awt.Image, int, int, int, int, int, int, java.awt.Color, java.awt.image.ImageObserver) &amp; NullPipe#copyImage(sun.java2d.SunGraphics2D, java.awt.Image, int, int, int, int, int, int, java.awt.Color, java.awt.image.ImageObserver) &amp; ValidatePipe#copyImage(sun.java2d.SunGraphics2D, java.awt.Image, int, int, int, int, int, int, java.awt.Color, java.awt.image.ImageObserver)&quot; }"/>
        </annotation>
    </item>
    <item name='sun.java2d.pipe.DrawImagePipe boolean copyImage(sun.java2d.SunGraphics2D, java.awt.Image, int, int, java.awt.Color, java.awt.image.ImageObserver)'>
        <annotation name='com.intellij.inspections.tainted.annotation.equation.Equations'>
            <val val="{ &quot;copyImage := DrawImage#copyImage(sun.java2d.SunGraphics2D, java.awt.Image, int, int, java.awt.Color, java.awt.image.ImageObserver) &amp; ValidatePipe#copyImage(sun.java2d.SunGraphics2D, java.awt.Image, int, int, java.awt.Color, java.awt.image.ImageObserver) &amp; NullPipe#copyImage(sun.java2d.SunGraphics2D, java.awt.Image, int, int, java.awt.Color, java.awt.image.ImageObserver)&quot; }"/>
        </annotation>
    </item>
    <item name='sun.java2d.pipe.DrawImagePipe boolean scaleImage(sun.java2d.SunGraphics2D, java.awt.Image, int, int, int, int, int, int, int, int, java.awt.Color, java.awt.image.ImageObserver)'>
        <annotation name='com.intellij.inspections.tainted.annotation.equation.Equations'>
            <val val="{ &quot;scaleImage := DrawImage#scaleImage(sun.java2d.SunGraphics2D, java.awt.Image, int, int, int, int, int, int, int, int, java.awt.Color, java.awt.image.ImageObserver) &amp; NullPipe#scaleImage(sun.java2d.SunGraphics2D, java.awt.Image, int, int, int, int, int, int, int, int, java.awt.Color, java.awt.image.ImageObserver) &amp; ValidatePipe#scaleImage(sun.java2d.SunGraphics2D, java.awt.Image, int, int, int, int, int, int, int, int, java.awt.Color, java.awt.image.ImageObserver)&quot; }"/>
        </annotation>
    </item>
    <item name='sun.java2d.pipe.DrawImagePipe boolean scaleImage(sun.java2d.SunGraphics2D, java.awt.Image, int, int, int, int, java.awt.Color, java.awt.image.ImageObserver)'>
        <annotation name='com.intellij.inspections.tainted.annotation.equation.Equations'>
            <val val="{ &quot;scaleImage := DrawImage#scaleImage(sun.java2d.SunGraphics2D, java.awt.Image, int, int, int, int, java.awt.Color, java.awt.image.ImageObserver) &amp; NullPipe#scaleImage(sun.java2d.SunGraphics2D, java.awt.Image, int, int, int, int, java.awt.Color, java.awt.image.ImageObserver) &amp; ValidatePipe#scaleImage(sun.java2d.SunGraphics2D, java.awt.Image, int, int, int, int, java.awt.Color, java.awt.image.ImageObserver)&quot; }"/>
        </annotation>
    </item>
    <item name='sun.java2d.pipe.DrawImagePipe boolean transformImage(sun.java2d.SunGraphics2D, java.awt.Image, java.awt.geom.AffineTransform, java.awt.image.ImageObserver)'>
        <annotation name='com.intellij.inspections.tainted.annotation.equation.Equations'>
            <val val="{ &quot;transformImage := DrawImage#transformImage(sun.java2d.SunGraphics2D, java.awt.Image, java.awt.geom.AffineTransform, java.awt.image.ImageObserver) &amp; NullPipe#transformImage(sun.java2d.SunGraphics2D, java.awt.Image, java.awt.geom.AffineTransform, java.awt.image.ImageObserver) &amp; ValidatePipe#transformImage(sun.java2d.SunGraphics2D, java.awt.Image, java.awt.geom.AffineTransform, java.awt.image.ImageObserver)&quot; }"/>
        </annotation>
    </item>
    <item name='sun.java2d.pipe.SpanIterator boolean nextSpan(int[])'>
        <annotation name='com.intellij.inspections.tainted.annotation.equation.Equations'>
            <val val="{ &quot;nextSpan := ShapeSpanIterator#nextSpan(int[]) &amp; RegionSpanIterator#nextSpan(int[]) &amp; RegionClipSpanIterator#nextSpan(int[])&quot; }"/>
        </annotation>
    </item>
    <item name='sun.java2d.pipe.SpanIterator long getNativeIterator()'>
        <annotation name='com.intellij.inspections.tainted.annotation.equation.Equations'>
            <val val="{ &quot;getNativeIterator := RegionSpanIterator#getNativeIterator() &amp; RegionClipSpanIterator#getNativeIterator() &amp; ShapeSpanIterator#getNativeIterator()&quot; }"/>
        </annotation>
    </item>
</root>