<root>
    <item name='org.w3c.dom.ls.DOMImplementationLS org.w3c.dom.ls.LSInput createLSInput()'>
        <annotation name='com.intellij.inspections.tainted.annotation.equation.Equations'>
            <val val="{ &quot;createLSInput := com.sun.org.apache.xerces.internal.dom.CoreDOMImplementationImpl#createLSInput()&quot; }"/>
        </annotation>
    </item>
    <item name='org.w3c.dom.ls.DOMImplementationLS org.w3c.dom.ls.LSOutput createLSOutput()'>
        <annotation name='com.intellij.inspections.tainted.annotation.equation.Equations'>
            <val val="{ &quot;createLSOutput := com.sun.org.apache.xerces.internal.dom.CoreDOMImplementationImpl#createLSOutput()&quot; }"/>
        </annotation>
    </item>
    <item name='org.w3c.dom.ls.DOMImplementationLS org.w3c.dom.ls.LSParser createLSParser(short, java.lang.String)'>
        <annotation name='com.intellij.inspections.tainted.annotation.equation.Equations'>
            <val val="{ &quot;createLSParser := com.sun.org.apache.xerces.internal.dom.CoreDOMImplementationImpl#createLSParser(short, java.lang.String)&quot;, &quot;mode := com.sun.org.apache.xerces.internal.dom.CoreDOMImplementationImpl#createLSParser(short, java.lang.String)#0&quot;, &quot;schemaType := com.sun.org.apache.xerces.internal.dom.CoreDOMImplementationImpl#createLSParser(short, java.lang.String)#1&quot; }"/>
        </annotation>
    </item>
    <item name='org.w3c.dom.ls.DOMImplementationLS org.w3c.dom.ls.LSSerializer createLSSerializer()'>
        <annotation name='com.intellij.inspections.tainted.annotation.equation.Equations'>
            <val val="{ &quot;createLSSerializer := com.sun.org.apache.xerces.internal.dom.CoreDOMImplementationImpl#createLSSerializer()&quot; }"/>
        </annotation>
    </item>
    <item name='org.w3c.dom.ls.LSException LSException(short, java.lang.String)'>
        <annotation name='com.intellij.inspections.tainted.annotation.equation.Equations'>
            <val val="{ &quot;code := com.sun.org.apache.xerces.internal.util.DOMUtil#createLSException(short, java.lang.Throwable)#0&quot;, &quot;LSException := LSException&quot; }"/>
        </annotation>
    </item>
    <item name='org.w3c.dom.ls.LSOutput java.io.OutputStream getByteStream()'>
        <annotation name='com.intellij.inspections.tainted.annotation.equation.Equations'>
            <val val="{ &quot;getByteStream := com.sun.org.apache.xerces.internal.dom.DOMOutputImpl#getByteStream()&quot; }"/>
        </annotation>
    </item>
    <item name='org.w3c.dom.ls.LSOutput java.io.Writer getCharacterStream()'>
        <annotation name='com.intellij.inspections.tainted.annotation.equation.Equations'>
            <val val="{ &quot;getCharacterStream := com.sun.org.apache.xerces.internal.dom.DOMOutputImpl#getCharacterStream()&quot; }"/>
        </annotation>
    </item>
    <item name='org.w3c.dom.ls.LSOutput java.lang.String getEncoding()'>
        <annotation name='com.intellij.inspections.tainted.annotation.equation.Equations'>
            <val val="{ &quot;getEncoding := com.sun.org.apache.xerces.internal.dom.DOMOutputImpl#getEncoding()&quot; }"/>
        </annotation>
    </item>
    <item name='org.w3c.dom.ls.LSOutput java.lang.String getSystemId()'>
        <annotation name='com.intellij.inspections.tainted.annotation.equation.Equations'>
            <val val="{ &quot;getSystemId := com.sun.org.apache.xerces.internal.dom.DOMOutputImpl#getSystemId()&quot; }"/>
        </annotation>
    </item>
    <item name='org.w3c.dom.ls.LSOutput void setByteStream(java.io.OutputStream)'>
        <annotation name='com.intellij.inspections.tainted.annotation.equation.Equations'>
            <val val="{ &quot;byteStream := com.sun.org.apache.xerces.internal.dom.DOMOutputImpl#setByteStream(java.io.OutputStream)#0&quot; }"/>
        </annotation>
    </item>
    <item name='org.w3c.dom.ls.LSOutput void setCharacterStream(java.io.Writer)'>
        <annotation name='com.intellij.inspections.tainted.annotation.equation.Equations'>
            <val val="{ &quot;characterStream := com.sun.org.apache.xerces.internal.dom.DOMOutputImpl#setCharacterStream(java.io.Writer)#0&quot; }"/>
        </annotation>
    </item>
    <item name='org.w3c.dom.ls.LSOutput void setEncoding(java.lang.String)'>
        <annotation name='com.intellij.inspections.tainted.annotation.equation.Equations'>
            <val val="{ &quot;encoding := com.sun.org.apache.xerces.internal.dom.DOMOutputImpl#setEncoding(java.lang.String)#0&quot; }"/>
        </annotation>
    </item>
    <item name='org.w3c.dom.ls.LSOutput void setSystemId(java.lang.String)'>
        <annotation name='com.intellij.inspections.tainted.annotation.equation.Equations'>
            <val val="{ &quot;systemId := com.sun.org.apache.xerces.internal.dom.DOMOutputImpl#setSystemId(java.lang.String)#0&quot; }"/>
        </annotation>
    </item>
    <item name='org.w3c.dom.ls.LSParser org.w3c.dom.DOMConfiguration getDomConfig()'>
        <annotation name='com.intellij.inspections.tainted.annotation.equation.Equations'>
            <val val="{ &quot;getDomConfig := com.sun.org.apache.xerces.internal.parsers.DOMParserImpl#getDomConfig()&quot; }"/>
        </annotation>
    </item>
    <item name='org.w3c.dom.ls.LSParser org.w3c.dom.Document parse(org.w3c.dom.ls.LSInput)'>
        <annotation name='com.intellij.inspections.tainted.annotation.equation.Equations'>
            <val val="{ &quot;input := com.sun.org.apache.xerces.internal.parsers.DOMParserImpl#parse(org.w3c.dom.ls.LSInput)#0&quot;, &quot;parse := com.sun.org.apache.xerces.internal.parsers.DOMParserImpl#parse(org.w3c.dom.ls.LSInput)&quot; }"/>
        </annotation>
    </item>
    <item name='org.w3c.dom.ls.LSParser org.w3c.dom.Document parseURI(java.lang.String)'>
        <annotation name='com.intellij.inspections.tainted.annotation.equation.Equations'>
            <val val="{ &quot;uri := com.sun.org.apache.xerces.internal.parsers.DOMParserImpl#parseURI(java.lang.String)#0&quot;, &quot;parseURI := com.sun.org.apache.xerces.internal.parsers.DOMParserImpl#parseURI(java.lang.String)&quot; }"/>
        </annotation>
    </item>
    <item name='org.w3c.dom.ls.LSParser org.w3c.dom.Node parseWithContext(org.w3c.dom.ls.LSInput, org.w3c.dom.Node, short)'>
        <annotation name='com.intellij.inspections.tainted.annotation.equation.Equations'>
            <val val="{ &quot;parseWithContext := com.sun.org.apache.xerces.internal.parsers.DOMParserImpl#parseWithContext(org.w3c.dom.ls.LSInput, org.w3c.dom.Node, short)&quot;, &quot;action := com.sun.org.apache.xerces.internal.parsers.DOMParserImpl#parseWithContext(org.w3c.dom.ls.LSInput, org.w3c.dom.Node, short)#2&quot;, &quot;contextArg := com.sun.org.apache.xerces.internal.parsers.DOMParserImpl#parseWithContext(org.w3c.dom.ls.LSInput, org.w3c.dom.Node, short)#1&quot;, &quot;input := com.sun.org.apache.xerces.internal.parsers.DOMParserImpl#parseWithContext(org.w3c.dom.ls.LSInput, org.w3c.dom.Node, short)#0&quot; }"/>
        </annotation>
    </item>
    <item name='org.w3c.dom.ls.LSParser org.w3c.dom.ls.LSParserFilter getFilter()'>
        <annotation name='com.intellij.inspections.tainted.annotation.equation.Equations'>
            <val val="{ &quot;getFilter := com.sun.org.apache.xerces.internal.parsers.DOMParserImpl#getFilter()&quot; }"/>
        </annotation>
    </item>
    <item name='org.w3c.dom.ls.LSParser void setFilter(org.w3c.dom.ls.LSParserFilter)'>
        <annotation name='com.intellij.inspections.tainted.annotation.equation.Equations'>
            <val val="{ &quot;filter := com.sun.org.apache.xerces.internal.parsers.DOMParserImpl#setFilter(org.w3c.dom.ls.LSParserFilter)#0&quot; }"/>
        </annotation>
    </item>
    <item name='org.w3c.dom.ls.LSParserFilter short acceptNode(org.w3c.dom.Node)'>
        <annotation name='com.intellij.inspections.tainted.annotation.equation.Equations'>
            <val val="{ &quot;nodeArg := com.sun.org.apache.xerces.internal.parsers.AbstractDOMParser&quot; }"/>
        </annotation>
    </item>
    <item name='org.w3c.dom.ls.LSResourceResolver org.w3c.dom.ls.LSInput resolveResource(java.lang.String, java.lang.String, java.lang.String, java.lang.String, java.lang.String)'>
        <annotation name='com.intellij.inspections.tainted.annotation.equation.Equations'>
            <val val="{ &quot;publicId := com.sun.org.apache.xerces.internal.jaxp.validation.ValidatorHandlerImpl.ResolutionForwarder#resolveEntity(java.lang.String, java.lang.String, java.lang.String, java.lang.String)#1 &amp; com.sun.org.apache.xerces.internal.util.XMLCatalogResolver#resolveResource(java.lang.String, java.lang.String, java.lang.String, java.lang.String, java.lang.String)#2&quot;, &quot;systemId := com.sun.org.apache.xerces.internal.jaxp.validation.ValidatorHandlerImpl.ResolutionForwarder#resolveEntity(java.lang.String, java.lang.String, java.lang.String, java.lang.String)#3 &amp; com.sun.org.apache.xerces.internal.util.XMLCatalogResolver#resolveResource(java.lang.String, java.lang.String, java.lang.String, java.lang.String, java.lang.String)#3&quot;, &quot;namespaceURI := com.sun.org.apache.xerces.internal.util.XMLCatalogResolver#resolveResource(java.lang.String, java.lang.String, java.lang.String, java.lang.String, java.lang.String)#1&quot;, &quot;resolveResource := com.sun.org.apache.xerces.internal.util.XMLCatalogResolver#resolveResource(java.lang.String, java.lang.String, java.lang.String, java.lang.String, java.lang.String)&quot;, &quot;type := com.sun.org.apache.xerces.internal.jaxp.validation.ValidatorHandlerImpl.ResolutionForwarder#XML_TYPE &amp; com.sun.org.apache.xerces.internal.util.XMLCatalogResolver#resolveResource(java.lang.String, java.lang.String, java.lang.String, java.lang.String, java.lang.String)#0&quot;, &quot;baseURI := com.sun.org.apache.xerces.internal.jaxp.validation.ValidatorHandlerImpl.ResolutionForwarder#resolveEntity(java.lang.String, java.lang.String, java.lang.String, java.lang.String)#2 &amp; com.sun.org.apache.xerces.internal.util.XMLCatalogResolver#resolveResource(java.lang.String, java.lang.String, java.lang.String, java.lang.String, java.lang.String)#4&quot; }"/>
        </annotation>
    </item>
    <item name='org.w3c.dom.ls.LSSerializer boolean write(org.w3c.dom.Node, org.w3c.dom.ls.LSOutput)'>
        <annotation name='com.intellij.inspections.tainted.annotation.equation.Equations'>
            <val val="{ &quot;nodeArg := com.sun.org.apache.xml.internal.serialize.DOMSerializerImpl#write(org.w3c.dom.Node, org.w3c.dom.ls.LSOutput)#0&quot;, &quot;destination := com.sun.org.apache.xml.internal.serialize.DOMSerializerImpl#write(org.w3c.dom.Node, org.w3c.dom.ls.LSOutput)#1&quot; }"/>
        </annotation>
    </item>
    <item name='org.w3c.dom.ls.LSSerializer boolean writeToURI(org.w3c.dom.Node, java.lang.String)'>
        <annotation name='com.intellij.inspections.tainted.annotation.equation.Equations'>
            <val val="{ &quot;uri := com.sun.org.apache.xml.internal.serialize.DOMSerializerImpl#writeToURI(org.w3c.dom.Node, java.lang.String)#1&quot;, &quot;nodeArg := com.sun.org.apache.xml.internal.serialize.DOMSerializerImpl#writeToURI(org.w3c.dom.Node, java.lang.String)#0&quot; }"/>
        </annotation>
    </item>
    <item name='org.w3c.dom.ls.LSSerializer java.lang.String getNewLine()'>
        <annotation name='com.intellij.inspections.tainted.annotation.equation.Equations'>
            <val val="{ &quot;getNewLine := com.sun.org.apache.xml.internal.serialize.DOMSerializerImpl#getNewLine()&quot; }"/>
        </annotation>
    </item>
    <item name='org.w3c.dom.ls.LSSerializer java.lang.String writeToString(org.w3c.dom.Node)'>
        <annotation name='com.intellij.inspections.tainted.annotation.equation.Equations'>
            <val val="{ &quot;nodeArg := com.sun.org.apache.xml.internal.serialize.DOMSerializerImpl#writeToString(org.w3c.dom.Node)#0&quot;, &quot;writeToString := com.sun.org.apache.xml.internal.serialize.DOMSerializerImpl#writeToString(org.w3c.dom.Node)&quot; }"/>
        </annotation>
    </item>
    <item name='org.w3c.dom.ls.LSSerializer org.w3c.dom.DOMConfiguration getDomConfig()'>
        <annotation name='com.intellij.inspections.tainted.annotation.equation.Equations'>
            <val val="{ &quot;getDomConfig := com.sun.org.apache.xml.internal.serialize.DOMSerializerImpl#getDomConfig()&quot; }"/>
        </annotation>
    </item>
    <item name='org.w3c.dom.ls.LSSerializer org.w3c.dom.ls.LSSerializerFilter getFilter()'>
        <annotation name='com.intellij.inspections.tainted.annotation.equation.Equations'>
            <val val="{ &quot;getFilter := com.sun.org.apache.xml.internal.serialize.DOMSerializerImpl#getFilter()&quot; }"/>
        </annotation>
    </item>
    <item name='org.w3c.dom.ls.LSSerializer void setFilter(org.w3c.dom.ls.LSSerializerFilter)'>
        <annotation name='com.intellij.inspections.tainted.annotation.equation.Equations'>
            <val val="{ &quot;filter := com.sun.org.apache.xml.internal.serialize.DOMSerializerImpl#setFilter(org.w3c.dom.ls.LSSerializerFilter)#0&quot; }"/>
        </annotation>
    </item>
    <item name='org.w3c.dom.ls.LSSerializer void setNewLine(java.lang.String)'>
        <annotation name='com.intellij.inspections.tainted.annotation.equation.Equations'>
            <val val="{ &quot;newLine := com.sun.org.apache.xml.internal.serialize.DOMSerializerImpl#setNewLine(java.lang.String)#0&quot; }"/>
        </annotation>
    </item>
</root>