<root>
    <item name='javax.imageio.spi.DigraphNode boolean hasEdge(javax.imageio.spi.DigraphNode)'>
        <annotation name='com.intellij.inspections.tainted.annotation.equation.Equations'>
            <val val="{ &quot;node := &quot; }"/>
        </annotation>
    </item>
    <item name='javax.imageio.spi.FilterIterator'>
        <annotation name='com.intellij.inspections.tainted.annotation.equation.Equations'>
            <val val="{ &quot;FilterIterator := &quot; }"/>
        </annotation>
    </item>
    <item name='javax.imageio.spi.FilterIterator FilterIterator(java.util.Iterator&lt;T&gt;, javax.imageio.spi.ServiceRegistry.Filter)'>
        <annotation name='com.intellij.inspections.tainted.annotation.equation.Equations'>
            <val val="{ &quot;filter := ServiceRegistry#getServiceProviders(java.lang.Class, javax.imageio.spi.ServiceRegistry.Filter, boolean)#1&quot;, &quot;FilterIterator := FilterIterator&quot; }"/>
        </annotation>
    </item>
    <item name='javax.imageio.spi.FilterIterator T next()'>
        <annotation name='com.intellij.inspections.tainted.annotation.equation.Equations'>
            <val val="{ &quot;next := FilterIterator&quot; }"/>
        </annotation>
    </item>
    <item name='javax.imageio.spi.IIORegistry IIORegistry()'>
        <annotation name='com.intellij.inspections.tainted.annotation.equation.Equations'>
            <val val="{ &quot;IIORegistry := IIORegistry&quot; }"/>
        </annotation>
    </item>
    <item name='javax.imageio.spi.IIOServiceProvider'>
        <annotation name='com.intellij.inspections.tainted.annotation.equation.Equations'>
            <val val="{ &quot;IIOServiceProvider := ImageReaderWriterSpi&quot; }"/>
        </annotation>
    </item>
    <item name='javax.imageio.spi.IIOServiceProvider java.lang.String getDescription(java.util.Locale)'>
        <annotation name='com.intellij.inspections.tainted.annotation.equation.Equations'>
            <val val="{ &quot;locale := com.sun.imageio.plugins.gif.GIFImageReaderSpi#getDescription(java.util.Locale)#0 &amp; com.sun.imageio.plugins.bmp.BMPImageReaderSpi#getDescription(java.util.Locale)#0 &amp; com.sun.imageio.plugins.png.PNGImageReaderSpi#getDescription(java.util.Locale)#0 &amp; com.sun.imageio.plugins.jpeg.JPEGImageReaderSpi#getDescription(java.util.Locale)#0 &amp; com.sun.imageio.plugins.wbmp.WBMPImageReaderSpi#getDescription(java.util.Locale)#0 &amp; com.sun.imageio.plugins.jpeg.JPEGImageWriterSpi#getDescription(java.util.Locale)#0 &amp; com.sun.imageio.plugins.bmp.BMPImageWriterSpi#getDescription(java.util.Locale)#0 &amp; com.sun.imageio.plugins.gif.GIFImageWriterSpi#getDescription(java.util.Locale)#0 &amp; com.sun.imageio.plugins.wbmp.WBMPImageWriterSpi#getDescription(java.util.Locale)#0 &amp; com.sun.imageio.plugins.png.PNGImageWriterSpi#getDescription(java.util.Locale)#0 &amp; com.sun.imageio.spi.RAFImageInputStreamSpi#getDescription(java.util.Locale)#0 &amp; com.sun.imageio.spi.FileImageInputStreamSpi#getDescription(java.util.Locale)#0 &amp; com.sun.imageio.spi.RAFImageOutputStreamSpi#getDescription(java.util.Locale)#0 &amp; com.sun.imageio.spi.FileImageOutputStreamSpi#getDescription(java.util.Locale)#0 &amp; com.sun.imageio.spi.InputStreamImageInputStreamSpi#getDescription(java.util.Locale)#0 &amp; com.sun.imageio.spi.OutputStreamImageOutputStreamSpi#getDescription(java.util.Locale)#0&quot;, &quot;getDescription := com.sun.imageio.plugins.gif.GIFImageReaderSpi#getDescription(java.util.Locale) &amp; com.sun.imageio.plugins.bmp.BMPImageReaderSpi#getDescription(java.util.Locale) &amp; com.sun.imageio.plugins.png.PNGImageReaderSpi#getDescription(java.util.Locale) &amp; com.sun.imageio.plugins.jpeg.JPEGImageReaderSpi#getDescription(java.util.Locale) &amp; com.sun.imageio.plugins.wbmp.WBMPImageReaderSpi#getDescription(java.util.Locale) &amp; com.sun.imageio.plugins.jpeg.JPEGImageWriterSpi#getDescription(java.util.Locale) &amp; com.sun.imageio.plugins.bmp.BMPImageWriterSpi#getDescription(java.util.Locale) &amp; com.sun.imageio.plugins.gif.GIFImageWriterSpi#getDescription(java.util.Locale) &amp; com.sun.imageio.plugins.wbmp.WBMPImageWriterSpi#getDescription(java.util.Locale) &amp; com.sun.imageio.plugins.png.PNGImageWriterSpi#getDescription(java.util.Locale) &amp; com.sun.imageio.spi.RAFImageInputStreamSpi#getDescription(java.util.Locale) &amp; com.sun.imageio.spi.FileImageInputStreamSpi#getDescription(java.util.Locale) &amp; com.sun.imageio.spi.RAFImageOutputStreamSpi#getDescription(java.util.Locale) &amp; com.sun.imageio.spi.FileImageOutputStreamSpi#getDescription(java.util.Locale) &amp; com.sun.imageio.spi.InputStreamImageInputStreamSpi#getDescription(java.util.Locale) &amp; com.sun.imageio.spi.OutputStreamImageOutputStreamSpi#getDescription(java.util.Locale)&quot; }"/>
        </annotation>
    </item>
    <item name='javax.imageio.spi.IIOServiceProvider void onRegistration(javax.imageio.spi.ServiceRegistry, java.lang.Class&lt;?&gt;)'>
        <annotation name='com.intellij.inspections.tainted.annotation.equation.Equations'>
            <val val="{ &quot;category := com.sun.imageio.plugins.bmp.BMPImageReaderSpi#onRegistration(javax.imageio.spi.ServiceRegistry, java.lang.Class)#1 &amp; com.sun.imageio.plugins.bmp.BMPImageWriterSpi#onRegistration(javax.imageio.spi.ServiceRegistry, java.lang.Class)#1 &amp; com.sun.imageio.plugins.wbmp.WBMPImageWriterSpi#onRegistration(javax.imageio.spi.ServiceRegistry, java.lang.Class)#1 &amp; com.sun.imageio.plugins.wbmp.WBMPImageReaderSpi#onRegistration(javax.imageio.spi.ServiceRegistry, java.lang.Class)#1&quot;, &quot;registry := com.sun.imageio.plugins.bmp.BMPImageReaderSpi#onRegistration(javax.imageio.spi.ServiceRegistry, java.lang.Class)#0 &amp; com.sun.imageio.plugins.bmp.BMPImageWriterSpi#onRegistration(javax.imageio.spi.ServiceRegistry, java.lang.Class)#0 &amp; com.sun.imageio.plugins.wbmp.WBMPImageWriterSpi#onRegistration(javax.imageio.spi.ServiceRegistry, java.lang.Class)#0 &amp; com.sun.imageio.plugins.wbmp.WBMPImageReaderSpi#onRegistration(javax.imageio.spi.ServiceRegistry, java.lang.Class)#0&quot; }"/>
        </annotation>
    </item>
    <item name='javax.imageio.spi.ImageInputStreamSpi javax.imageio.stream.ImageInputStream createInputStreamInstance(java.lang.Object, boolean, java.io.File)'>
        <annotation name='com.intellij.inspections.tainted.annotation.equation.Equations'>
            <val val="{ &quot;cacheDir := com.sun.imageio.spi.FileImageInputStreamSpi#createInputStreamInstance(java.lang.Object, boolean, java.io.File)#2 &amp; com.sun.imageio.spi.RAFImageInputStreamSpi#createInputStreamInstance(java.lang.Object, boolean, java.io.File)#2 &amp; com.sun.imageio.spi.InputStreamImageInputStreamSpi#createInputStreamInstance(java.lang.Object, boolean, java.io.File)#2&quot;, &quot;input := com.sun.imageio.spi.FileImageInputStreamSpi#createInputStreamInstance(java.lang.Object, boolean, java.io.File)#0 &amp; com.sun.imageio.spi.RAFImageInputStreamSpi#createInputStreamInstance(java.lang.Object, boolean, java.io.File)#0 &amp; com.sun.imageio.spi.InputStreamImageInputStreamSpi#createInputStreamInstance(java.lang.Object, boolean, java.io.File)#0 &amp; #createInputStreamInstance(java.lang.Object)#0 &amp; javax.imageio.ImageIO#createImageInputStream(java.lang.Object)#0&quot;, &quot;createInputStreamInstance := com.sun.imageio.spi.FileImageInputStreamSpi#createInputStreamInstance(java.lang.Object, boolean, java.io.File) &amp; com.sun.imageio.spi.RAFImageInputStreamSpi#createInputStreamInstance(java.lang.Object, boolean, java.io.File) &amp; com.sun.imageio.spi.InputStreamImageInputStreamSpi#createInputStreamInstance(java.lang.Object, boolean, java.io.File)&quot; }"/>
        </annotation>
    </item>
    <item name='javax.imageio.spi.ImageOutputStreamSpi javax.imageio.stream.ImageOutputStream createOutputStreamInstance(java.lang.Object, boolean, java.io.File)'>
        <annotation name='com.intellij.inspections.tainted.annotation.equation.Equations'>
            <val val="{ &quot;cacheDir := com.sun.imageio.spi.FileImageOutputStreamSpi#createOutputStreamInstance(java.lang.Object, boolean, java.io.File)#2 &amp; com.sun.imageio.spi.OutputStreamImageOutputStreamSpi#createOutputStreamInstance(java.lang.Object, boolean, java.io.File)#2 &amp; com.sun.imageio.spi.RAFImageOutputStreamSpi#createOutputStreamInstance(java.lang.Object, boolean, java.io.File)#2&quot;, &quot;output := com.sun.imageio.spi.FileImageOutputStreamSpi#createOutputStreamInstance(java.lang.Object, boolean, java.io.File)#0 &amp; com.sun.imageio.spi.OutputStreamImageOutputStreamSpi#createOutputStreamInstance(java.lang.Object, boolean, java.io.File)#0 &amp; com.sun.imageio.spi.RAFImageOutputStreamSpi#createOutputStreamInstance(java.lang.Object, boolean, java.io.File)#0&quot;, &quot;createOutputStreamInstance := com.sun.imageio.spi.FileImageOutputStreamSpi#createOutputStreamInstance(java.lang.Object, boolean, java.io.File) &amp; com.sun.imageio.spi.OutputStreamImageOutputStreamSpi#createOutputStreamInstance(java.lang.Object, boolean, java.io.File) &amp; com.sun.imageio.spi.RAFImageOutputStreamSpi#createOutputStreamInstance(java.lang.Object, boolean, java.io.File)&quot; }"/>
        </annotation>
    </item>
    <item name='javax.imageio.spi.ImageReaderSpi'>
        <annotation name='com.intellij.inspections.tainted.annotation.equation.Equations'>
            <val val="{ &quot;ImageReaderSpi := com.sun.imageio.plugins.bmp.BMPImageReaderSpi &amp; com.sun.imageio.plugins.gif.GIFImageReaderSpi &amp; com.sun.imageio.plugins.png.PNGImageReaderSpi &amp; com.sun.imageio.plugins.jpeg.JPEGImageReaderSpi &amp; com.sun.imageio.plugins.wbmp.WBMPImageReaderSpi&quot; }"/>
        </annotation>
    </item>
    <item name='javax.imageio.spi.ImageReaderSpi ImageReaderSpi()'>
        <annotation name='com.intellij.inspections.tainted.annotation.equation.Equations'>
            <val val="{ &quot;ImageReaderSpi := ImageReaderSpi&quot; }"/>
        </annotation>
    </item>
    <item name='javax.imageio.spi.ImageReaderSpi ImageReaderSpi(java.lang.String, java.lang.String, java.lang.String[], java.lang.String[], java.lang.String[], java.lang.String, java.lang.Class[], java.lang.String[], boolean, java.lang.String, java.lang.String, java.lang.String[], java.lang.String[], boolean, java.lang.String, java.lang.String, java.lang.String[], java.lang.String[])'>
        <annotation name='com.intellij.inspections.tainted.annotation.equation.Equations'>
            <val val="{ &quot;nativeImageMetadataFormatName := com.sun.imageio.plugins.bmp.BMPMetadata#nativeMetadataFormatName &amp; com.sun.imageio.plugins.gif.GIFImageMetadata#nativeMetadataFormatName &amp; com.sun.imageio.plugins.png.PNGMetadata#nativeMetadataFormatName &amp; com.sun.imageio.plugins.jpeg.JPEG#nativeImageMetadataFormatName &amp; com.sun.imageio.plugins.wbmp.WBMPMetadata#nativeMetadataFormatName&quot;, &quot;vendorName := com.sun.imageio.plugins.gif.GIFImageReaderSpi#vendorName &amp; com.sun.imageio.plugins.png.PNGImageReaderSpi#vendorName &amp; com.sun.imageio.plugins.jpeg.JPEG#vendor&quot;, &quot;ImageReaderSpi := ImageReaderSpi&quot;, &quot;nativeStreamMetadataFormatName := com.sun.imageio.plugins.gif.GIFStreamMetadata#nativeMetadataFormatName &amp; com.sun.imageio.plugins.jpeg.JPEG#nativeStreamMetadataFormatName&quot;, &quot;writerSpiNames := com.sun.imageio.plugins.bmp.BMPImageReaderSpi &amp; com.sun.imageio.plugins.gif.GIFImageReaderSpi#writerSpiNames &amp; com.sun.imageio.plugins.png.PNGImageReaderSpi#writerSpiNames &amp; com.sun.imageio.plugins.jpeg.JPEGImageReaderSpi &amp; com.sun.imageio.plugins.wbmp.WBMPImageReaderSpi&quot;, &quot;names := com.sun.imageio.plugins.bmp.BMPImageReaderSpi &amp; com.sun.imageio.plugins.gif.GIFImageReaderSpi#names &amp; com.sun.imageio.plugins.png.PNGImageReaderSpi#names &amp; com.sun.imageio.plugins.jpeg.JPEG#names &amp; com.sun.imageio.plugins.wbmp.WBMPImageReaderSpi&quot;, &quot;nativeImageMetadataFormatClassName := com.sun.imageio.plugins.jpeg.JPEG#nativeImageMetadataFormatClassName&quot;, &quot;MIMETypes := com.sun.imageio.plugins.bmp.BMPImageReaderSpi &amp; com.sun.imageio.plugins.gif.GIFImageReaderSpi#MIMETypes &amp; com.sun.imageio.plugins.png.PNGImageReaderSpi#MIMETypes &amp; com.sun.imageio.plugins.jpeg.JPEG#MIMETypes &amp; com.sun.imageio.plugins.wbmp.WBMPImageReaderSpi&quot;, &quot;suffixes := com.sun.imageio.plugins.bmp.BMPImageReaderSpi &amp; com.sun.imageio.plugins.gif.GIFImageReaderSpi#suffixes &amp; com.sun.imageio.plugins.png.PNGImageReaderSpi#suffixes &amp; com.sun.imageio.plugins.jpeg.JPEG#suffixes &amp; com.sun.imageio.plugins.wbmp.WBMPImageReaderSpi&quot;, &quot;version := com.sun.imageio.plugins.gif.GIFImageReaderSpi#version &amp; com.sun.imageio.plugins.png.PNGImageReaderSpi#version &amp; com.sun.imageio.plugins.jpeg.JPEG#version&quot;, &quot;readerClassName := com.sun.imageio.plugins.gif.GIFImageReaderSpi#readerClassName &amp; com.sun.imageio.plugins.png.PNGImageReaderSpi#readerClassName&quot;, &quot;nativeStreamMetadataFormatClassName := com.sun.imageio.plugins.jpeg.JPEG#nativeStreamMetadataFormatClassName&quot; }"/>
        </annotation>
    </item>
    <item name='javax.imageio.spi.ImageReaderSpi boolean canDecodeInput(java.lang.Object)'>
        <annotation name='com.intellij.inspections.tainted.annotation.equation.Equations'>
            <val val="{ &quot;source := com.sun.imageio.plugins.bmp.BMPImageReaderSpi#canDecodeInput(java.lang.Object)#0 &amp; com.sun.imageio.plugins.gif.GIFImageReaderSpi#canDecodeInput(java.lang.Object)#0 &amp; com.sun.imageio.plugins.png.PNGImageReaderSpi#canDecodeInput(java.lang.Object)#0 &amp; com.sun.imageio.plugins.jpeg.JPEGImageReaderSpi#canDecodeInput(java.lang.Object)#0 &amp; com.sun.imageio.plugins.wbmp.WBMPImageReaderSpi#canDecodeInput(java.lang.Object)#0&quot; }"/>
        </annotation>
    </item>
    <item name='javax.imageio.spi.ImageReaderSpi boolean isOwnReader(javax.imageio.ImageReader)'>
        <annotation name='com.intellij.inspections.tainted.annotation.equation.Equations'>
            <val val="{ &quot;reader := javax.imageio.ImageIO#getImageWriter(javax.imageio.ImageReader)#0&quot; }"/>
        </annotation>
    </item>
    <item name='javax.imageio.spi.ImageReaderSpi java.lang.Class[] getInputTypes()'>
        <annotation name='com.intellij.inspections.tainted.annotation.equation.Equations'>
            <val val="{ &quot;getInputTypes := ImageReaderSpi&quot; }"/>
        </annotation>
    </item>
    <item name='javax.imageio.spi.ImageReaderSpi java.lang.String[] getImageWriterSpiNames()'>
        <annotation name='com.intellij.inspections.tainted.annotation.equation.Equations'>
            <val val="{ &quot;getImageWriterSpiNames := ImageReaderSpi&quot; }"/>
        </annotation>
    </item>
    <item name='javax.imageio.spi.ImageReaderSpi javax.imageio.ImageReader createReaderInstance(java.lang.Object)'>
        <annotation name='com.intellij.inspections.tainted.annotation.equation.Equations'>
            <val val="{ &quot;createReaderInstance := com.sun.imageio.plugins.gif.GIFImageReaderSpi#createReaderInstance(java.lang.Object) &amp; com.sun.imageio.plugins.bmp.BMPImageReaderSpi#createReaderInstance(java.lang.Object) &amp; com.sun.imageio.plugins.png.PNGImageReaderSpi#createReaderInstance(java.lang.Object) &amp; com.sun.imageio.plugins.jpeg.JPEGImageReaderSpi#createReaderInstance(java.lang.Object) &amp; com.sun.imageio.plugins.wbmp.WBMPImageReaderSpi#createReaderInstance(java.lang.Object)&quot;, &quot;extension := com.sun.imageio.plugins.gif.GIFImageReaderSpi#createReaderInstance(java.lang.Object)#0 &amp; com.sun.imageio.plugins.bmp.BMPImageReaderSpi#createReaderInstance(java.lang.Object)#0 &amp; com.sun.imageio.plugins.png.PNGImageReaderSpi#createReaderInstance(java.lang.Object)#0 &amp; com.sun.imageio.plugins.jpeg.JPEGImageReaderSpi#createReaderInstance(java.lang.Object)#0 &amp; com.sun.imageio.plugins.wbmp.WBMPImageReaderSpi#createReaderInstance(java.lang.Object)#0&quot; }"/>
        </annotation>
    </item>
    <item name='javax.imageio.spi.ImageReaderWriterSpi'>
        <annotation name='com.intellij.inspections.tainted.annotation.equation.Equations'>
            <val val="{ &quot;ImageReaderWriterSpi := ImageWriterSpi &amp; ImageReaderSpi&quot; }"/>
        </annotation>
    </item>
    <item name='javax.imageio.spi.ImageReaderWriterSpi ImageReaderWriterSpi()'>
        <annotation name='com.intellij.inspections.tainted.annotation.equation.Equations'>
            <val val="{ &quot;ImageReaderWriterSpi := ImageReaderWriterSpi&quot; }"/>
        </annotation>
    </item>
    <item name='javax.imageio.spi.ImageReaderWriterSpi ImageReaderWriterSpi(java.lang.String, java.lang.String, java.lang.String[], java.lang.String[], java.lang.String[], java.lang.String, boolean, java.lang.String, java.lang.String, java.lang.String[], java.lang.String[], boolean, java.lang.String, java.lang.String, java.lang.String[], java.lang.String[])'>
        <annotation name='com.intellij.inspections.tainted.annotation.equation.Equations'>
            <val val="{ &quot;vendorName := ImageReaderSpi#ImageReaderSpi(java.lang.String, java.lang.String, java.lang.String[], java.lang.String[], java.lang.String[], java.lang.String, java.lang.Class[], java.lang.String[], boolean, java.lang.String, java.lang.String, java.lang.String[], java.lang.String[], boolean, java.lang.String, java.lang.String, java.lang.String[], java.lang.String[])#0 &amp; ImageWriterSpi#ImageWriterSpi(java.lang.String, java.lang.String, java.lang.String[], java.lang.String[], java.lang.String[], java.lang.String, java.lang.Class[], java.lang.String[], boolean, java.lang.String, java.lang.String, java.lang.String[], java.lang.String[], boolean, java.lang.String, java.lang.String, java.lang.String[], java.lang.String[])#0&quot;, &quot;nativeImageMetadataFormatName := ImageReaderSpi#ImageReaderSpi(java.lang.String, java.lang.String, java.lang.String[], java.lang.String[], java.lang.String[], java.lang.String, java.lang.Class[], java.lang.String[], boolean, java.lang.String, java.lang.String, java.lang.String[], java.lang.String[], boolean, java.lang.String, java.lang.String, java.lang.String[], java.lang.String[])#14 &amp; ImageWriterSpi#ImageWriterSpi(java.lang.String, java.lang.String, java.lang.String[], java.lang.String[], java.lang.String[], java.lang.String, java.lang.Class[], java.lang.String[], boolean, java.lang.String, java.lang.String, java.lang.String[], java.lang.String[], boolean, java.lang.String, java.lang.String, java.lang.String[], java.lang.String[])#14&quot;, &quot;extraImageMetadataFormatClassNames := ImageReaderSpi#ImageReaderSpi(java.lang.String, java.lang.String, java.lang.String[], java.lang.String[], java.lang.String[], java.lang.String, java.lang.Class[], java.lang.String[], boolean, java.lang.String, java.lang.String, java.lang.String[], java.lang.String[], boolean, java.lang.String, java.lang.String, java.lang.String[], java.lang.String[])#17 &amp; ImageWriterSpi#ImageWriterSpi(java.lang.String, java.lang.String, java.lang.String[], java.lang.String[], java.lang.String[], java.lang.String, java.lang.Class[], java.lang.String[], boolean, java.lang.String, java.lang.String, java.lang.String[], java.lang.String[], boolean, java.lang.String, java.lang.String, java.lang.String[], java.lang.String[])#17&quot;, &quot;version := ImageReaderSpi#ImageReaderSpi(java.lang.String, java.lang.String, java.lang.String[], java.lang.String[], java.lang.String[], java.lang.String, java.lang.Class[], java.lang.String[], boolean, java.lang.String, java.lang.String, java.lang.String[], java.lang.String[], boolean, java.lang.String, java.lang.String, java.lang.String[], java.lang.String[])#1 &amp; ImageWriterSpi#ImageWriterSpi(java.lang.String, java.lang.String, java.lang.String[], java.lang.String[], java.lang.String[], java.lang.String, java.lang.Class[], java.lang.String[], boolean, java.lang.String, java.lang.String, java.lang.String[], java.lang.String[], boolean, java.lang.String, java.lang.String, java.lang.String[], java.lang.String[])#1&quot;, &quot;suffixes := ImageReaderSpi#ImageReaderSpi(java.lang.String, java.lang.String, java.lang.String[], java.lang.String[], java.lang.String[], java.lang.String, java.lang.Class[], java.lang.String[], boolean, java.lang.String, java.lang.String, java.lang.String[], java.lang.String[], boolean, java.lang.String, java.lang.String, java.lang.String[], java.lang.String[])#3 &amp; ImageWriterSpi#ImageWriterSpi(java.lang.String, java.lang.String, java.lang.String[], java.lang.String[], java.lang.String[], java.lang.String, java.lang.Class[], java.lang.String[], boolean, java.lang.String, java.lang.String, java.lang.String[], java.lang.String[], boolean, java.lang.String, java.lang.String, java.lang.String[], java.lang.String[])#3&quot;, &quot;names := ImageReaderSpi#ImageReaderSpi(java.lang.String, java.lang.String, java.lang.String[], java.lang.String[], java.lang.String[], java.lang.String, java.lang.Class[], java.lang.String[], boolean, java.lang.String, java.lang.String, java.lang.String[], java.lang.String[], boolean, java.lang.String, java.lang.String, java.lang.String[], java.lang.String[])#2 &amp; ImageWriterSpi#ImageWriterSpi(java.lang.String, java.lang.String, java.lang.String[], java.lang.String[], java.lang.String[], java.lang.String, java.lang.Class[], java.lang.String[], boolean, java.lang.String, java.lang.String, java.lang.String[], java.lang.String[], boolean, java.lang.String, java.lang.String, java.lang.String[], java.lang.String[])#2&quot;, &quot;extraStreamMetadataFormatNames := ImageReaderSpi#ImageReaderSpi(java.lang.String, java.lang.String, java.lang.String[], java.lang.String[], java.lang.String[], java.lang.String, java.lang.Class[], java.lang.String[], boolean, java.lang.String, java.lang.String, java.lang.String[], java.lang.String[], boolean, java.lang.String, java.lang.String, java.lang.String[], java.lang.String[])#11 &amp; ImageWriterSpi#ImageWriterSpi(java.lang.String, java.lang.String, java.lang.String[], java.lang.String[], java.lang.String[], java.lang.String, java.lang.Class[], java.lang.String[], boolean, java.lang.String, java.lang.String, java.lang.String[], java.lang.String[], boolean, java.lang.String, java.lang.String, java.lang.String[], java.lang.String[])#11&quot;, &quot;extraStreamMetadataFormatClassNames := ImageReaderSpi#ImageReaderSpi(java.lang.String, java.lang.String, java.lang.String[], java.lang.String[], java.lang.String[], java.lang.String, java.lang.Class[], java.lang.String[], boolean, java.lang.String, java.lang.String, java.lang.String[], java.lang.String[], boolean, java.lang.String, java.lang.String, java.lang.String[], java.lang.String[])#12 &amp; ImageWriterSpi#ImageWriterSpi(java.lang.String, java.lang.String, java.lang.String[], java.lang.String[], java.lang.String[], java.lang.String, java.lang.Class[], java.lang.String[], boolean, java.lang.String, java.lang.String, java.lang.String[], java.lang.String[], boolean, java.lang.String, java.lang.String, java.lang.String[], java.lang.String[])#12&quot;, &quot;MIMETypes := ImageReaderSpi#ImageReaderSpi(java.lang.String, java.lang.String, java.lang.String[], java.lang.String[], java.lang.String[], java.lang.String, java.lang.Class[], java.lang.String[], boolean, java.lang.String, java.lang.String, java.lang.String[], java.lang.String[], boolean, java.lang.String, java.lang.String, java.lang.String[], java.lang.String[])#4 &amp; ImageWriterSpi#ImageWriterSpi(java.lang.String, java.lang.String, java.lang.String[], java.lang.String[], java.lang.String[], java.lang.String, java.lang.Class[], java.lang.String[], boolean, java.lang.String, java.lang.String, java.lang.String[], java.lang.String[], boolean, java.lang.String, java.lang.String, java.lang.String[], java.lang.String[])#4&quot;, &quot;extraImageMetadataFormatNames := ImageReaderSpi#ImageReaderSpi(java.lang.String, java.lang.String, java.lang.String[], java.lang.String[], java.lang.String[], java.lang.String, java.lang.Class[], java.lang.String[], boolean, java.lang.String, java.lang.String, java.lang.String[], java.lang.String[], boolean, java.lang.String, java.lang.String, java.lang.String[], java.lang.String[])#16 &amp; ImageWriterSpi#ImageWriterSpi(java.lang.String, java.lang.String, java.lang.String[], java.lang.String[], java.lang.String[], java.lang.String, java.lang.Class[], java.lang.String[], boolean, java.lang.String, java.lang.String, java.lang.String[], java.lang.String[], boolean, java.lang.String, java.lang.String, java.lang.String[], java.lang.String[])#16&quot;, &quot;nativeStreamMetadataFormatName := ImageReaderSpi#ImageReaderSpi(java.lang.String, java.lang.String, java.lang.String[], java.lang.String[], java.lang.String[], java.lang.String, java.lang.Class[], java.lang.String[], boolean, java.lang.String, java.lang.String, java.lang.String[], java.lang.String[], boolean, java.lang.String, java.lang.String, java.lang.String[], java.lang.String[])#9 &amp; ImageWriterSpi#ImageWriterSpi(java.lang.String, java.lang.String, java.lang.String[], java.lang.String[], java.lang.String[], java.lang.String, java.lang.Class[], java.lang.String[], boolean, java.lang.String, java.lang.String, java.lang.String[], java.lang.String[], boolean, java.lang.String, java.lang.String, java.lang.String[], java.lang.String[])#9&quot;, &quot;nativeStreamMetadataFormatClassName := ImageReaderSpi#ImageReaderSpi(java.lang.String, java.lang.String, java.lang.String[], java.lang.String[], java.lang.String[], java.lang.String, java.lang.Class[], java.lang.String[], boolean, java.lang.String, java.lang.String, java.lang.String[], java.lang.String[], boolean, java.lang.String, java.lang.String, java.lang.String[], java.lang.String[])#10 &amp; ImageWriterSpi#ImageWriterSpi(java.lang.String, java.lang.String, java.lang.String[], java.lang.String[], java.lang.String[], java.lang.String, java.lang.Class[], java.lang.String[], boolean, java.lang.String, java.lang.String, java.lang.String[], java.lang.String[], boolean, java.lang.String, java.lang.String, java.lang.String[], java.lang.String[])#10&quot;, &quot;pluginClassName := ImageReaderSpi#ImageReaderSpi(java.lang.String, java.lang.String, java.lang.String[], java.lang.String[], java.lang.String[], java.lang.String, java.lang.Class[], java.lang.String[], boolean, java.lang.String, java.lang.String, java.lang.String[], java.lang.String[], boolean, java.lang.String, java.lang.String, java.lang.String[], java.lang.String[])#5 &amp; ImageWriterSpi#ImageWriterSpi(java.lang.String, java.lang.String, java.lang.String[], java.lang.String[], java.lang.String[], java.lang.String, java.lang.Class[], java.lang.String[], boolean, java.lang.String, java.lang.String, java.lang.String[], java.lang.String[], boolean, java.lang.String, java.lang.String, java.lang.String[], java.lang.String[])#5&quot;, &quot;ImageReaderWriterSpi := ImageReaderWriterSpi&quot;, &quot;nativeImageMetadataFormatClassName := ImageReaderSpi#ImageReaderSpi(java.lang.String, java.lang.String, java.lang.String[], java.lang.String[], java.lang.String[], java.lang.String, java.lang.Class[], java.lang.String[], boolean, java.lang.String, java.lang.String, java.lang.String[], java.lang.String[], boolean, java.lang.String, java.lang.String, java.lang.String[], java.lang.String[])#15 &amp; ImageWriterSpi#ImageWriterSpi(java.lang.String, java.lang.String, java.lang.String[], java.lang.String[], java.lang.String[], java.lang.String, java.lang.Class[], java.lang.String[], boolean, java.lang.String, java.lang.String, java.lang.String[], java.lang.String[], boolean, java.lang.String, java.lang.String, java.lang.String[], java.lang.String[])#15&quot; }"/>
        </annotation>
    </item>
    <item name='javax.imageio.spi.ImageReaderWriterSpi java.lang.String getNativeImageMetadataFormatName()'>
        <annotation name='com.intellij.inspections.tainted.annotation.equation.Equations'>
            <val val="{ &quot;getNativeImageMetadataFormatName := ImageReaderWriterSpi&quot; }"/>
        </annotation>
    </item>
    <item name='javax.imageio.spi.ImageReaderWriterSpi java.lang.String getNativeStreamMetadataFormatName()'>
        <annotation name='com.intellij.inspections.tainted.annotation.equation.Equations'>
            <val val="{ &quot;getNativeStreamMetadataFormatName := ImageReaderWriterSpi&quot; }"/>
        </annotation>
    </item>
    <item name='javax.imageio.spi.ImageReaderWriterSpi java.lang.String getPluginClassName()'>
        <annotation name='com.intellij.inspections.tainted.annotation.equation.Equations'>
            <val val="{ &quot;getPluginClassName := ImageReaderWriterSpi&quot; }"/>
        </annotation>
    </item>
    <item name='javax.imageio.spi.ImageReaderWriterSpi java.lang.String[] getExtraImageMetadataFormatNames()'>
        <annotation name='com.intellij.inspections.tainted.annotation.equation.Equations'>
            <val val="{ &quot;getExtraImageMetadataFormatNames := ImageReaderWriterSpi&quot; }"/>
        </annotation>
    </item>
    <item name='javax.imageio.spi.ImageReaderWriterSpi java.lang.String[] getExtraStreamMetadataFormatNames()'>
        <annotation name='com.intellij.inspections.tainted.annotation.equation.Equations'>
            <val val="{ &quot;getExtraStreamMetadataFormatNames := ImageReaderWriterSpi&quot; }"/>
        </annotation>
    </item>
    <item name='javax.imageio.spi.ImageReaderWriterSpi java.lang.String[] getFileSuffixes()'>
        <annotation name='com.intellij.inspections.tainted.annotation.equation.Equations'>
            <val val="{ &quot;getFileSuffixes := ImageReaderWriterSpi&quot; }"/>
        </annotation>
    </item>
    <item name='javax.imageio.spi.ImageReaderWriterSpi java.lang.String[] getFormatNames()'>
        <annotation name='com.intellij.inspections.tainted.annotation.equation.Equations'>
            <val val="{ &quot;getFormatNames := ImageReaderWriterSpi&quot; }"/>
        </annotation>
    </item>
    <item name='javax.imageio.spi.ImageReaderWriterSpi java.lang.String[] getMIMETypes()'>
        <annotation name='com.intellij.inspections.tainted.annotation.equation.Equations'>
            <val val="{ &quot;getMIMETypes := ImageReaderWriterSpi&quot; }"/>
        </annotation>
    </item>
    <item name='javax.imageio.spi.ImageReaderWriterSpi javax.imageio.metadata.IIOMetadataFormat getMetadataFormat(java.lang.String, boolean, java.lang.String, java.lang.String, java.lang.String[], java.lang.String[])'>
        <annotation name='com.intellij.inspections.tainted.annotation.equation.Equations'>
            <val val="{ &quot;nativeClassName := ImageReaderWriterSpi&quot;, &quot;extraNames := ImageReaderWriterSpi&quot;, &quot;formatName := #getStreamMetadataFormat(java.lang.String)#0 &amp; #getImageMetadataFormat(java.lang.String)#0&quot;, &quot;nativeName := ImageReaderWriterSpi&quot;, &quot;extraClassNames := ImageReaderWriterSpi&quot; }"/>
        </annotation>
    </item>
    <item name='javax.imageio.spi.ImageWriterSpi'>
        <annotation name='com.intellij.inspections.tainted.annotation.equation.Equations'>
            <val val="{ &quot;ImageWriterSpi := com.sun.imageio.plugins.jpeg.JPEGImageWriterSpi &amp; com.sun.imageio.plugins.bmp.BMPImageWriterSpi &amp; com.sun.imageio.plugins.gif.GIFImageWriterSpi &amp; com.sun.imageio.plugins.wbmp.WBMPImageWriterSpi &amp; com.sun.imageio.plugins.png.PNGImageWriterSpi&quot; }"/>
        </annotation>
    </item>
    <item name='javax.imageio.spi.ImageWriterSpi ImageWriterSpi()'>
        <annotation name='com.intellij.inspections.tainted.annotation.equation.Equations'>
            <val val="{ &quot;ImageWriterSpi := ImageWriterSpi&quot; }"/>
        </annotation>
    </item>
    <item name='javax.imageio.spi.ImageWriterSpi ImageWriterSpi(java.lang.String, java.lang.String, java.lang.String[], java.lang.String[], java.lang.String[], java.lang.String, java.lang.Class[], java.lang.String[], boolean, java.lang.String, java.lang.String, java.lang.String[], java.lang.String[], boolean, java.lang.String, java.lang.String, java.lang.String[], java.lang.String[])'>
        <annotation name='com.intellij.inspections.tainted.annotation.equation.Equations'>
            <val val="{ &quot;ImageWriterSpi := ImageWriterSpi&quot;, &quot;suffixes := com.sun.imageio.plugins.bmp.BMPImageWriterSpi &amp; com.sun.imageio.plugins.gif.GIFImageWriterSpi#suffixes &amp; com.sun.imageio.plugins.png.PNGImageWriterSpi#suffixes &amp; com.sun.imageio.plugins.jpeg.JPEG#suffixes &amp; com.sun.imageio.plugins.wbmp.WBMPImageWriterSpi&quot;, &quot;nativeStreamMetadataFormatClassName := com.sun.imageio.plugins.jpeg.JPEG#nativeStreamMetadataFormatClassName&quot;, &quot;nativeImageMetadataFormatClassName := com.sun.imageio.plugins.jpeg.JPEG#nativeImageMetadataFormatClassName&quot;, &quot;MIMETypes := com.sun.imageio.plugins.bmp.BMPImageWriterSpi &amp; com.sun.imageio.plugins.gif.GIFImageWriterSpi#MIMETypes &amp; com.sun.imageio.plugins.png.PNGImageWriterSpi#MIMETypes &amp; com.sun.imageio.plugins.jpeg.JPEG#MIMETypes &amp; com.sun.imageio.plugins.wbmp.WBMPImageWriterSpi&quot;, &quot;names := com.sun.imageio.plugins.bmp.BMPImageWriterSpi &amp; com.sun.imageio.plugins.gif.GIFImageWriterSpi#names &amp; com.sun.imageio.plugins.png.PNGImageWriterSpi#names &amp; com.sun.imageio.plugins.jpeg.JPEG#names &amp; com.sun.imageio.plugins.wbmp.WBMPImageWriterSpi&quot;, &quot;nativeStreamMetadataFormatName := com.sun.imageio.plugins.gif.GIFWritableStreamMetadata#NATIVE_FORMAT_NAME &amp; com.sun.imageio.plugins.jpeg.JPEG#nativeStreamMetadataFormatName&quot;, &quot;writerClassName := com.sun.imageio.plugins.gif.GIFImageWriterSpi#writerClassName &amp; com.sun.imageio.plugins.png.PNGImageWriterSpi#writerClassName&quot;, &quot;nativeImageMetadataFormatName := com.sun.imageio.plugins.bmp.BMPMetadata#nativeMetadataFormatName &amp; com.sun.imageio.plugins.gif.GIFWritableImageMetadata#NATIVE_FORMAT_NAME &amp; com.sun.imageio.plugins.png.PNGMetadata#nativeMetadataFormatName &amp; com.sun.imageio.plugins.jpeg.JPEG#nativeImageMetadataFormatName&quot;, &quot;vendorName := com.sun.imageio.plugins.gif.GIFImageWriterSpi#vendorName &amp; com.sun.imageio.plugins.png.PNGImageWriterSpi#vendorName &amp; com.sun.imageio.plugins.jpeg.JPEG#vendor&quot;, &quot;version := com.sun.imageio.plugins.gif.GIFImageWriterSpi#version &amp; com.sun.imageio.plugins.png.PNGImageWriterSpi#version &amp; com.sun.imageio.plugins.jpeg.JPEG#version&quot;, &quot;readerSpiNames := com.sun.imageio.plugins.bmp.BMPImageWriterSpi &amp; com.sun.imageio.plugins.gif.GIFImageWriterSpi#readerSpiNames &amp; com.sun.imageio.plugins.png.PNGImageWriterSpi#readerSpiNames &amp; com.sun.imageio.plugins.jpeg.JPEGImageWriterSpi &amp; com.sun.imageio.plugins.wbmp.WBMPImageWriterSpi&quot; }"/>
        </annotation>
    </item>
    <item name='javax.imageio.spi.ImageWriterSpi boolean canEncodeImage(javax.imageio.ImageTypeSpecifier)'>
        <annotation name='com.intellij.inspections.tainted.annotation.equation.Equations'>
            <val val="{ &quot;type := com.sun.imageio.plugins.jpeg.JPEGImageWriterSpi#canEncodeImage(javax.imageio.ImageTypeSpecifier)#0 &amp; com.sun.imageio.plugins.gif.GIFImageWriterSpi#canEncodeImage(javax.imageio.ImageTypeSpecifier)#0 &amp; com.sun.imageio.plugins.bmp.BMPImageWriterSpi#canEncodeImage(javax.imageio.ImageTypeSpecifier)#0 &amp; com.sun.imageio.plugins.wbmp.WBMPImageWriterSpi#canEncodeImage(javax.imageio.ImageTypeSpecifier)#0 &amp; com.sun.imageio.plugins.png.PNGImageWriterSpi#canEncodeImage(javax.imageio.ImageTypeSpecifier)#0&quot; }"/>
        </annotation>
    </item>
    <item name='javax.imageio.spi.ImageWriterSpi boolean isOwnWriter(javax.imageio.ImageWriter)'>
        <annotation name='com.intellij.inspections.tainted.annotation.equation.Equations'>
            <val val="{ &quot;writer := javax.imageio.ImageIO#getImageReader(javax.imageio.ImageWriter)#0&quot; }"/>
        </annotation>
    </item>
    <item name='javax.imageio.spi.ImageWriterSpi java.lang.Class[] getOutputTypes()'>
        <annotation name='com.intellij.inspections.tainted.annotation.equation.Equations'>
            <val val="{ &quot;getOutputTypes := ImageWriterSpi&quot; }"/>
        </annotation>
    </item>
    <item name='javax.imageio.spi.ImageWriterSpi java.lang.String[] getImageReaderSpiNames()'>
        <annotation name='com.intellij.inspections.tainted.annotation.equation.Equations'>
            <val val="{ &quot;getImageReaderSpiNames := ImageWriterSpi&quot; }"/>
        </annotation>
    </item>
    <item name='javax.imageio.spi.ImageWriterSpi javax.imageio.ImageWriter createWriterInstance(java.lang.Object)'>
        <annotation name='com.intellij.inspections.tainted.annotation.equation.Equations'>
            <val val="{ &quot;createWriterInstance := com.sun.imageio.plugins.bmp.BMPImageWriterSpi#createWriterInstance(java.lang.Object) &amp; com.sun.imageio.plugins.gif.GIFImageWriterSpi#createWriterInstance(java.lang.Object) &amp; com.sun.imageio.plugins.png.PNGImageWriterSpi#createWriterInstance(java.lang.Object) &amp; com.sun.imageio.plugins.jpeg.JPEGImageWriterSpi#createWriterInstance(java.lang.Object) &amp; com.sun.imageio.plugins.wbmp.WBMPImageWriterSpi#createWriterInstance(java.lang.Object)&quot;, &quot;extension := com.sun.imageio.plugins.bmp.BMPImageWriterSpi#createWriterInstance(java.lang.Object)#0 &amp; com.sun.imageio.plugins.gif.GIFImageWriterSpi#createWriterInstance(java.lang.Object)#0 &amp; com.sun.imageio.plugins.png.PNGImageWriterSpi#createWriterInstance(java.lang.Object)#0 &amp; com.sun.imageio.plugins.jpeg.JPEGImageWriterSpi#createWriterInstance(java.lang.Object)#0 &amp; com.sun.imageio.plugins.wbmp.WBMPImageWriterSpi#createWriterInstance(java.lang.Object)#0&quot; }"/>
        </annotation>
    </item>
    <item name='javax.imageio.spi.PartiallyOrderedSet'>
        <annotation name='com.intellij.inspections.tainted.annotation.equation.Equations'>
            <val val="{ &quot;PartiallyOrderedSet := &quot; }"/>
        </annotation>
    </item>
    <item name='javax.imageio.spi.PartiallyOrderedSet PartiallyOrderedSet()'>
        <annotation name='com.intellij.inspections.tainted.annotation.equation.Equations'>
            <val val="{ &quot;PartiallyOrderedSet := PartiallyOrderedSet&quot; }"/>
        </annotation>
    </item>
    <item name='javax.imageio.spi.PartiallyOrderedSet boolean add(java.lang.Object)'>
        <annotation name='com.intellij.inspections.tainted.annotation.equation.Equations'>
            <val val="{ &quot;o := SubRegistry#registerServiceProvider(java.lang.Object)#0&quot; }"/>
        </annotation>
    </item>
    <item name='javax.imageio.spi.PartiallyOrderedSet boolean remove(java.lang.Object)'>
        <annotation name='com.intellij.inspections.tainted.annotation.equation.Equations'>
            <val val="{ &quot;o := SubRegistry#deregisterServiceProvider(java.lang.Object)#0&quot; }"/>
        </annotation>
    </item>
    <item name='javax.imageio.spi.PartiallyOrderedSet boolean setOrdering(java.lang.Object, java.lang.Object)'>
        <annotation name='com.intellij.inspections.tainted.annotation.equation.Equations'>
            <val val="{ &quot;second := SubRegistry#setOrdering(java.lang.Object, java.lang.Object)#1&quot;, &quot;first := SubRegistry#setOrdering(java.lang.Object, java.lang.Object)#0&quot; }"/>
        </annotation>
    </item>
    <item name='javax.imageio.spi.PartiallyOrderedSet boolean unsetOrdering(java.lang.Object, java.lang.Object)'>
        <annotation name='com.intellij.inspections.tainted.annotation.equation.Equations'>
            <val val="{ &quot;first := SubRegistry#unsetOrdering(java.lang.Object, java.lang.Object)#0&quot;, &quot;second := SubRegistry#unsetOrdering(java.lang.Object, java.lang.Object)#1&quot; }"/>
        </annotation>
    </item>
    <item name='javax.imageio.spi.RegisterableService void onDeregistration(javax.imageio.spi.ServiceRegistry, java.lang.Class&lt;?&gt;)'>
        <annotation name='com.intellij.inspections.tainted.annotation.equation.Equations'>
            <val val="{ &quot;registry := IIOServiceProvider#onDeregistration(javax.imageio.spi.ServiceRegistry, java.lang.Class)#0&quot;, &quot;category := IIOServiceProvider#onDeregistration(javax.imageio.spi.ServiceRegistry, java.lang.Class)#1&quot; }"/>
        </annotation>
    </item>
    <item name='javax.imageio.spi.RegisterableService void onRegistration(javax.imageio.spi.ServiceRegistry, java.lang.Class&lt;?&gt;)'>
        <annotation name='com.intellij.inspections.tainted.annotation.equation.Equations'>
            <val val="{ &quot;registry := IIOServiceProvider#onRegistration(javax.imageio.spi.ServiceRegistry, java.lang.Class)#0&quot;, &quot;category := IIOServiceProvider#onRegistration(javax.imageio.spi.ServiceRegistry, java.lang.Class)#1&quot; }"/>
        </annotation>
    </item>
    <item name='javax.imageio.spi.ServiceRegistry'>
        <annotation name='com.intellij.inspections.tainted.annotation.equation.Equations'>
            <val val="{ &quot;ServiceRegistry := &quot; }"/>
        </annotation>
    </item>
    <item name='javax.imageio.spi.ServiceRegistry ServiceRegistry(java.util.Iterator&lt;java.lang.Class&lt;?&gt;&gt;)'>
        <annotation name='com.intellij.inspections.tainted.annotation.equation.Equations'>
            <val val="{ &quot;ServiceRegistry := ServiceRegistry&quot; }"/>
        </annotation>
    </item>
    <item name='javax.imageio.spi.ServiceRegistry java.util.Iterator getSubRegistries(java.lang.Object)'>
        <annotation name='com.intellij.inspections.tainted.annotation.equation.Equations'>
            <val val="{ &quot;provider := #contains(java.lang.Object)#0 &amp; #registerServiceProvider(java.lang.Object)#0 &amp; #deregisterServiceProvider(java.lang.Object)#0&quot; }"/>
        </annotation>
    </item>
    <item name='javax.imageio.spi.ServiceRegistry java.util.Iterator&lt;T&gt; getServiceProviders(java.lang.Class&lt;T&gt;, boolean)'>
        <annotation name='com.intellij.inspections.tainted.annotation.equation.Equations'>
            <val val="{ &quot;category := #getServiceProviders(java.lang.Class, javax.imageio.spi.ServiceRegistry.Filter, boolean)#0 &amp; javax.imageio.ImageIO#getReaderWriterInfo(java.lang.Class, javax.imageio.ImageIO.SpiInfo)#0&quot; }"/>
        </annotation>
    </item>
    <item name='javax.imageio.spi.ServiceRegistry void registerServiceProvider(java.lang.Object)'>
        <annotation name='com.intellij.inspections.tainted.annotation.equation.Equations'>
            <val val="{ &quot;provider := &quot; }"/>
        </annotation>
    </item>
    <item name='javax.imageio.spi.ServiceRegistry.Filter boolean filter(java.lang.Object)'>
        <annotation name='com.intellij.inspections.tainted.annotation.equation.Equations'>
            <val val="{ &quot;provider := javax.imageio.ImageIO.CanDecodeInputFilter#filter(java.lang.Object)#0 &amp; javax.imageio.ImageIO.CanEncodeImageAndFormatFilter#filter(java.lang.Object)#0 &amp; javax.imageio.ImageIO.ContainsFilter#filter(java.lang.Object)#0 &amp; javax.imageio.ImageIO.TranscoderFilter#filter(java.lang.Object)#0&quot; }"/>
        </annotation>
    </item>
    <item name='javax.imageio.spi.SubRegistry'>
        <annotation name='com.intellij.inspections.tainted.annotation.equation.Equations'>
            <val val="{ &quot;SubRegistry := &quot; }"/>
        </annotation>
    </item>
    <item name='javax.imageio.spi.SubRegistry SubRegistry(javax.imageio.spi.ServiceRegistry, java.lang.Class)'>
        <annotation name='com.intellij.inspections.tainted.annotation.equation.Equations'>
            <val val="{ &quot;SubRegistry := SubRegistry&quot;, &quot;registry := ServiceRegistry&quot; }"/>
        </annotation>
    </item>
    <item name='javax.imageio.spi.SubRegistry T getServiceProviderByClass(java.lang.Class&lt;T&gt;)'>
        <annotation name='com.intellij.inspections.tainted.annotation.equation.Equations'>
            <val val="{ &quot;providerClass := ServiceRegistry#getServiceProviderByClass(java.lang.Class)#0&quot; }"/>
        </annotation>
    </item>
    <item name='javax.imageio.spi.SubRegistry boolean contains(java.lang.Object)'>
        <annotation name='com.intellij.inspections.tainted.annotation.equation.Equations'>
            <val val="{ &quot;provider := ServiceRegistry#setOrdering(java.lang.Class, java.lang.Object, java.lang.Object)#1 &amp; ServiceRegistry#setOrdering(java.lang.Class, java.lang.Object, java.lang.Object)#2 &amp; ServiceRegistry#unsetOrdering(java.lang.Class, java.lang.Object, java.lang.Object)#1 &amp; ServiceRegistry#unsetOrdering(java.lang.Class, java.lang.Object, java.lang.Object)#2 &amp; ServiceRegistry#contains(java.lang.Object)#0&quot; }"/>
        </annotation>
    </item>
    <item name='javax.imageio.spi.SubRegistry boolean deregisterServiceProvider(java.lang.Object)'>
        <annotation name='com.intellij.inspections.tainted.annotation.equation.Equations'>
            <val val="{ &quot;provider := ServiceRegistry#deregisterServiceProvider(java.lang.Object, java.lang.Class)#0 &amp; ServiceRegistry#deregisterServiceProvider(java.lang.Object)#0&quot; }"/>
        </annotation>
    </item>
    <item name='javax.imageio.spi.SubRegistry boolean registerServiceProvider(java.lang.Object)'>
        <annotation name='com.intellij.inspections.tainted.annotation.equation.Equations'>
            <val val="{ &quot;provider := ServiceRegistry#registerServiceProvider(java.lang.Object, java.lang.Class)#0 &amp; ServiceRegistry#registerServiceProvider(java.lang.Object)#0&quot; }"/>
        </annotation>
    </item>
    <item name='javax.imageio.spi.SubRegistry boolean setOrdering(java.lang.Object, java.lang.Object)'>
        <annotation name='com.intellij.inspections.tainted.annotation.equation.Equations'>
            <val val="{ &quot;secondProvider := ServiceRegistry#setOrdering(java.lang.Class, java.lang.Object, java.lang.Object)#2&quot;, &quot;firstProvider := ServiceRegistry#setOrdering(java.lang.Class, java.lang.Object, java.lang.Object)#1&quot; }"/>
        </annotation>
    </item>
    <item name='javax.imageio.spi.SubRegistry boolean unsetOrdering(java.lang.Object, java.lang.Object)'>
        <annotation name='com.intellij.inspections.tainted.annotation.equation.Equations'>
            <val val="{ &quot;firstProvider := ServiceRegistry#unsetOrdering(java.lang.Class, java.lang.Object, java.lang.Object)#1&quot;, &quot;secondProvider := ServiceRegistry#unsetOrdering(java.lang.Class, java.lang.Object, java.lang.Object)#2&quot; }"/>
        </annotation>
    </item>
</root>