<root>
    <item name='org.jboss.byteman.synchronization.CountDown'>
        <annotation name='com.intellij.inspections.tainted.annotation.equation.Equations'>
            <val val="{ &quot;CountDown := #CountDown(int)#0&quot; }"/>
        </annotation>
    </item>
    <item name='org.jboss.byteman.synchronization.CountDown CountDown(int)'>
        <annotation name='com.intellij.inspections.tainted.annotation.equation.Equations'>
            <val val="{ &quot;CountDown := CountDown&quot;, &quot;count := org.jboss.byteman.rule.helper.Helper#createCountDown(java.lang.Object, int)#1&quot; }"/>
        </annotation>
    </item>
    <item name='org.jboss.byteman.synchronization.Counter'>
        <annotation name='com.intellij.inspections.tainted.annotation.equation.Equations'>
            <val val="{ &quot;Counter := #Counter(int)#0 &amp; #increment(int)#0&quot; }"/>
        </annotation>
    </item>
    <item name='org.jboss.byteman.synchronization.Counter Counter()'>
        <annotation name='com.intellij.inspections.tainted.annotation.equation.Equations'>
            <val val="{ &quot;Counter := Counter&quot; }"/>
        </annotation>
    </item>
    <item name='org.jboss.byteman.synchronization.Counter Counter(int)'>
        <annotation name='com.intellij.inspections.tainted.annotation.equation.Equations'>
            <val val="{ &quot;Counter := Counter&quot;, &quot;count := org.jboss.byteman.rule.helper.Helper#createCounter(java.lang.Object, int)#1&quot; }"/>
        </annotation>
    </item>
    <item name='org.jboss.byteman.synchronization.Counter int count()'>
        <annotation name='com.intellij.inspections.tainted.annotation.equation.Equations'>
            <val val="{ &quot;count := &quot; }"/>
        </annotation>
    </item>
    <item name='org.jboss.byteman.synchronization.Counter int count(boolean)'>
        <annotation name='com.intellij.inspections.tainted.annotation.equation.Equations'>
            <val val="{ &quot;count := Counter&quot;, &quot;zero := org.jboss.byteman.rule.helper.Helper#readCounter(java.lang.Object, boolean)#1&quot; }"/>
        </annotation>
    </item>
    <item name='org.jboss.byteman.synchronization.Counter int decrement()'>
        <annotation name='com.intellij.inspections.tainted.annotation.equation.Equations'>
            <val val="{ &quot;decrement := &quot; }"/>
        </annotation>
    </item>
    <item name='org.jboss.byteman.synchronization.Counter int increment()'>
        <annotation name='com.intellij.inspections.tainted.annotation.equation.Equations'>
            <val val="{ &quot;increment := &quot; }"/>
        </annotation>
    </item>
    <item name='org.jboss.byteman.synchronization.Counter int increment(int)'>
        <annotation name='com.intellij.inspections.tainted.annotation.equation.Equations'>
            <val val="{ &quot;increment := Counter&quot;, &quot;amount := org.jboss.byteman.rule.helper.Helper#incrementCounter(java.lang.Object, int)#1&quot; }"/>
        </annotation>
    </item>
    <item name='org.jboss.byteman.synchronization.Joiner'>
        <annotation name='com.intellij.inspections.tainted.annotation.equation.Equations'>
            <val val="{ &quot;Joiner := #Joiner(int)#0 &amp; #joinChildren(java.lang.Thread, long)#0&quot; }"/>
        </annotation>
    </item>
    <item name='org.jboss.byteman.synchronization.Joiner Joiner(int)'>
        <annotation name='com.intellij.inspections.tainted.annotation.equation.Equations'>
            <val val="{ &quot;max := org.jboss.byteman.rule.helper.Helper#createJoin(java.lang.Object, int)#1&quot;, &quot;Joiner := Joiner&quot; }"/>
        </annotation>
    </item>
    <item name='org.jboss.byteman.synchronization.Joiner boolean joinChildren(java.lang.Thread, long)'>
        <annotation name='com.intellij.inspections.tainted.annotation.equation.Equations'>
            <val val="{ &quot;millis := org.jboss.byteman.rule.helper.Helper#joinWait(java.lang.Object, int, long)#2&quot;, &quot;thread := &quot; }"/>
        </annotation>
    </item>
    <item name='org.jboss.byteman.synchronization.Joiner int getMax()'>
        <annotation name='com.intellij.inspections.tainted.annotation.equation.Equations'>
            <val val="{ &quot;getMax := Joiner&quot; }"/>
        </annotation>
    </item>
    <item name='org.jboss.byteman.synchronization.Joiner org.jboss.byteman.synchronization.Joiner.Status addChild(java.lang.Thread)'>
        <annotation name='com.intellij.inspections.tainted.annotation.equation.Equations'>
            <val val="{ &quot;thread := &quot;, &quot;addChild := Joiner.Status#DUPLICATE &amp; Joiner.Status#EXCESS &amp; Joiner.Status#FILLED &amp; Joiner.Status#DONE &amp; Joiner.Status#ADDED&quot; }"/>
        </annotation>
    </item>
    <item name='org.jboss.byteman.synchronization.Rendezvous'>
        <annotation name='com.intellij.inspections.tainted.annotation.equation.Equations'>
            <val val="{ &quot;Rendezvous := #Rendezvous(int, boolean)#0 &amp; #Rendezvous(int, boolean)#1&quot; }"/>
        </annotation>
    </item>
    <item name='org.jboss.byteman.synchronization.Rendezvous Rendezvous(int)'>
        <annotation name='com.intellij.inspections.tainted.annotation.equation.Equations'>
            <val val="{ &quot;Rendezvous := Rendezvous&quot; }"/>
        </annotation>
    </item>
    <item name='org.jboss.byteman.synchronization.Rendezvous Rendezvous(int, boolean)'>
        <annotation name='com.intellij.inspections.tainted.annotation.equation.Equations'>
            <val val="{ &quot;rejoinable := org.jboss.byteman.rule.helper.Helper#createRendezvous(java.lang.Object, int, boolean)#2&quot;, &quot;Rendezvous := Rendezvous&quot;, &quot;expected := org.jboss.byteman.rule.helper.Helper#createRendezvous(java.lang.Object, int, boolean)#1 &amp; #Rendezvous(int)#0&quot; }"/>
        </annotation>
    </item>
    <item name='org.jboss.byteman.synchronization.Rendezvous boolean needsRemove()'>
        <annotation name='com.intellij.inspections.tainted.annotation.equation.Equations'>
            <val val="{ &quot;needsRemove := Rendezvous&quot; }"/>
        </annotation>
    </item>
    <item name='org.jboss.byteman.synchronization.Rendezvous int getArrived()'>
        <annotation name='com.intellij.inspections.tainted.annotation.equation.Equations'>
            <val val="{ &quot;getArrived := Rendezvous&quot; }"/>
        </annotation>
    </item>
    <item name='org.jboss.byteman.synchronization.Rendezvous int getExpected()'>
        <annotation name='com.intellij.inspections.tainted.annotation.equation.Equations'>
            <val val="{ &quot;getExpected := Rendezvous&quot; }"/>
        </annotation>
    </item>
    <item name='org.jboss.byteman.synchronization.Rendezvous int rendezvous(long)'>
        <annotation name='com.intellij.inspections.tainted.annotation.equation.Equations'>
            <val val="{ &quot;millis := org.jboss.byteman.rule.helper.Helper#rendezvous(java.lang.Object, long)#1&quot; }"/>
        </annotation>
    </item>
    <item name='org.jboss.byteman.synchronization.Rendezvous.Counter Counter()'>
        <annotation name='com.intellij.inspections.tainted.annotation.equation.Equations'>
            <val val="{ &quot;Counter := Rendezvous.Counter&quot; }"/>
        </annotation>
    </item>
    <item name='org.jboss.byteman.synchronization.Timer'>
        <annotation name='com.intellij.inspections.tainted.annotation.equation.Equations'>
            <val val="{ &quot;Timer := &quot; }"/>
        </annotation>
    </item>
    <item name='org.jboss.byteman.synchronization.Timer Timer()'>
        <annotation name='com.intellij.inspections.tainted.annotation.equation.Equations'>
            <val val="{ &quot;Timer := Timer&quot; }"/>
        </annotation>
    </item>
    <item name='org.jboss.byteman.synchronization.Timer long getElapsedTime()'>
        <annotation name='com.intellij.inspections.tainted.annotation.equation.Equations'>
            <val val="{ &quot;getElapsedTime := Timer&quot; }"/>
        </annotation>
    </item>
    <item name='org.jboss.byteman.synchronization.Timer long getStartTime()'>
        <annotation name='com.intellij.inspections.tainted.annotation.equation.Equations'>
            <val val="{ &quot;getStartTime := Timer&quot; }"/>
        </annotation>
    </item>
    <item name='org.jboss.byteman.synchronization.Timer long reset()'>
        <annotation name='com.intellij.inspections.tainted.annotation.equation.Equations'>
            <val val="{ &quot;reset := &quot; }"/>
        </annotation>
    </item>
    <item name='org.jboss.byteman.synchronization.Waiter'>
        <annotation name='com.intellij.inspections.tainted.annotation.equation.Equations'>
            <val val="{ &quot;Waiter := #Waiter(java.lang.Object, boolean, boolean)#0 &amp; #Waiter(java.lang.Object, boolean, boolean)#1 &amp; #Waiter(java.lang.Object, boolean, boolean)#2&quot; }"/>
        </annotation>
    </item>
    <item name='org.jboss.byteman.synchronization.Waiter Waiter(java.lang.Object)'>
        <annotation name='com.intellij.inspections.tainted.annotation.equation.Equations'>
            <val val="{ &quot;Waiter := Waiter&quot;, &quot;object := org.jboss.byteman.rule.helper.Helper#getWaiter(java.lang.Object, boolean)#0&quot; }"/>
        </annotation>
    </item>
    <item name='org.jboss.byteman.synchronization.Waiter Waiter(java.lang.Object, boolean, boolean)'>
        <annotation name='com.intellij.inspections.tainted.annotation.equation.Equations'>
            <val val="{ &quot;Waiter := Waiter&quot;, &quot;object := org.jboss.byteman.rule.helper.Helper#signalWake(java.lang.Object, boolean)#0 &amp; org.jboss.byteman.rule.helper.Helper#signalThrow(java.lang.Object, boolean)#0 &amp; #Waiter(java.lang.Object)#0&quot; }"/>
        </annotation>
    </item>
    <item name='org.jboss.byteman.synchronization.Waiter boolean isSignalled()'>
        <annotation name='com.intellij.inspections.tainted.annotation.equation.Equations'>
            <val val="{ &quot;isSignalled := Waiter&quot; }"/>
        </annotation>
    </item>
    <item name='org.jboss.byteman.synchronization.Waiter boolean signalThrow()'>
        <annotation name='com.intellij.inspections.tainted.annotation.equation.Equations'>
            <val val="{ &quot;signalThrow := Waiter&quot; }"/>
        </annotation>
    </item>
    <item name='org.jboss.byteman.synchronization.Waiter boolean signalWake()'>
        <annotation name='com.intellij.inspections.tainted.annotation.equation.Equations'>
            <val val="{ &quot;signalWake := Waiter&quot; }"/>
        </annotation>
    </item>
    <item name='org.jboss.byteman.synchronization.Waiter boolean waiting()'>
        <annotation name='com.intellij.inspections.tainted.annotation.equation.Equations'>
            <val val="{ &quot;waiting := Waiter&quot; }"/>
        </annotation>
    </item>
    <item name='org.jboss.byteman.synchronization.Waiter void waitFor(long)'>
        <annotation name='com.intellij.inspections.tainted.annotation.equation.Equations'>
            <val val="{ &quot;millisecs := org.jboss.byteman.rule.helper.Helper#waitFor(java.lang.Object, long)#1&quot; }"/>
        </annotation>
    </item>
</root>