<root>
    <item name='org.geolatte.geom.crs.AngularUnit AngularUnit(org.geolatte.geom.crs.CrsId, java.lang.String, double)'>
        <annotation name='com.intellij.inspections.tainted.annotation.equation.Equations'>
            <val val="{ &quot;AngularUnit := AngularUnit&quot;, &quot;crsId := CrsId#UNDEFINED&quot; }"/>
        </annotation>
    </item>
    <item name='org.geolatte.geom.crs.AngularUnit org.geolatte.geom.crs.AngularUnit getFundamentalUnit()'>
        <annotation name='com.intellij.inspections.tainted.annotation.equation.Equations'>
            <val val="{ &quot;getFundamentalUnit := Unit#RADIAN&quot; }"/>
        </annotation>
    </item>
    <item name='org.geolatte.geom.crs.CartesianCoordinateSystem2D CartesianCoordinateSystem2D(org.geolatte.geom.crs.StraightLineAxis, org.geolatte.geom.crs.StraightLineAxis)'>
        <annotation name='com.intellij.inspections.tainted.annotation.equation.Equations'>
            <val val="{ &quot;first := &quot;, &quot;CartesianCoordinateSystem2D := CartesianCoordinateSystem2D&quot;, &quot;second := &quot; }"/>
        </annotation>
    </item>
    <item name='org.geolatte.geom.crs.CartesianCoordinateSystem2D org.geolatte.geom.crs.CoordinateSystem&lt;? extends org.geolatte.geom.C2D&gt; extend(org.geolatte.geom.crs.CoordinateSystemAxis)'>
        <annotation name='com.intellij.inspections.tainted.annotation.equation.Equations'>
            <val val="{ &quot;extend := &quot;, &quot;axis := CoordinateSystem#extend(org.geolatte.geom.crs.CoordinateSystemAxis)#0&quot; }"/>
        </annotation>
    </item>
    <item name='org.geolatte.geom.crs.CartesianCoordinateSystem2D org.geolatte.geom.crs.CoordinateSystem&lt;? extends org.geolatte.geom.C2D&gt; merge(org.geolatte.geom.crs.OneDimensionCoordinateSystem&lt;?&gt;)'>
        <annotation name='com.intellij.inspections.tainted.annotation.equation.Equations'>
            <val val="{ &quot;coordinateSystem := CoordinateSystem#merge(org.geolatte.geom.crs.OneDimensionCoordinateSystem)#0&quot;, &quot;merge := &quot; }"/>
        </annotation>
    </item>
    <item name='org.geolatte.geom.crs.CartesianCoordinateSystem2DM CartesianCoordinateSystem2DM(org.geolatte.geom.crs.StraightLineAxis, org.geolatte.geom.crs.StraightLineAxis, org.geolatte.geom.crs.MeasureStraightLineAxis)'>
        <annotation name='com.intellij.inspections.tainted.annotation.equation.Equations'>
            <val val="{ &quot;thirdAxis := CartesianCoordinateSystem2D#extend(org.geolatte.geom.crs.CoordinateSystemAxis)#0&quot;, &quot;secondAxis := &quot;, &quot;firstAxis := &quot;, &quot;CartesianCoordinateSystem2DM := CartesianCoordinateSystem2DM&quot; }"/>
        </annotation>
    </item>
    <item name='org.geolatte.geom.crs.CartesianCoordinateSystem2DM org.geolatte.geom.crs.CoordinateSystem&lt;org.geolatte.geom.C3DM&gt; extend(org.geolatte.geom.crs.CoordinateSystemAxis)'>
        <annotation name='com.intellij.inspections.tainted.annotation.equation.Equations'>
            <val val="{ &quot;extend := &quot;, &quot;axis := CoordinateSystem#extend(org.geolatte.geom.crs.CoordinateSystemAxis)#0&quot; }"/>
        </annotation>
    </item>
    <item name='org.geolatte.geom.crs.CartesianCoordinateSystem2DM org.geolatte.geom.crs.CoordinateSystem&lt;org.geolatte.geom.C3DM&gt; merge(org.geolatte.geom.crs.OneDimensionCoordinateSystem&lt;?&gt;)'>
        <annotation name='com.intellij.inspections.tainted.annotation.equation.Equations'>
            <val val="{ &quot;merge := &quot;, &quot;coordinateSystem := CoordinateSystem#merge(org.geolatte.geom.crs.OneDimensionCoordinateSystem)#0&quot; }"/>
        </annotation>
    </item>
    <item name='org.geolatte.geom.crs.CartesianCoordinateSystem3D CartesianCoordinateSystem3D(org.geolatte.geom.crs.StraightLineAxis, org.geolatte.geom.crs.StraightLineAxis, org.geolatte.geom.crs.StraightLineAxis)'>
        <annotation name='com.intellij.inspections.tainted.annotation.equation.Equations'>
            <val val="{ &quot;thirdAxis := CartesianCoordinateSystem2D#extend(org.geolatte.geom.crs.CoordinateSystemAxis)#0&quot;, &quot;firstAxis := &quot;, &quot;secondAxis := &quot;, &quot;CartesianCoordinateSystem3D := CartesianCoordinateSystem3D&quot; }"/>
        </annotation>
    </item>
    <item name='org.geolatte.geom.crs.CartesianCoordinateSystem3D org.geolatte.geom.crs.CoordinateSystem&lt;?&gt; merge(org.geolatte.geom.crs.OneDimensionCoordinateSystem&lt;?&gt;)'>
        <annotation name='com.intellij.inspections.tainted.annotation.equation.Equations'>
            <val val="{ &quot;merge := &quot;, &quot;coordinateSystem := CoordinateSystem#merge(org.geolatte.geom.crs.OneDimensionCoordinateSystem)#0&quot; }"/>
        </annotation>
    </item>
    <item name='org.geolatte.geom.crs.CartesianCoordinateSystem3D org.geolatte.geom.crs.CoordinateSystem&lt;org.geolatte.geom.C3DM&gt; extend(org.geolatte.geom.crs.CoordinateSystemAxis)'>
        <annotation name='com.intellij.inspections.tainted.annotation.equation.Equations'>
            <val val="{ &quot;axis := CoordinateSystem#extend(org.geolatte.geom.crs.CoordinateSystemAxis)#0&quot;, &quot;extend := &quot; }"/>
        </annotation>
    </item>
    <item name='org.geolatte.geom.crs.CartesianCoordinateSystem3DM CartesianCoordinateSystem3DM(org.geolatte.geom.crs.StraightLineAxis, org.geolatte.geom.crs.StraightLineAxis, org.geolatte.geom.crs.VerticalStraightLineAxis, org.geolatte.geom.crs.MeasureStraightLineAxis)'>
        <annotation name='com.intellij.inspections.tainted.annotation.equation.Equations'>
            <val val="{ &quot;CartesianCoordinateSystem3DM := CartesianCoordinateSystem3DM&quot;, &quot;secondAxis := &quot;, &quot;firstAxis := &quot;, &quot;fourthAxis := CartesianCoordinateSystem3D#extend(org.geolatte.geom.crs.CoordinateSystemAxis)#0&quot;, &quot;thirdAxis := CartesianCoordinateSystem2DM#extend(org.geolatte.geom.crs.CoordinateSystemAxis)#0&quot; }"/>
        </annotation>
    </item>
    <item name='org.geolatte.geom.crs.CartesianCoordinateSystem3DM org.geolatte.geom.crs.CoordinateSystem&lt;?&gt; extend(org.geolatte.geom.crs.CoordinateSystemAxis)'>
        <annotation name='com.intellij.inspections.tainted.annotation.equation.Equations'>
            <val val="{ &quot;axis := CoordinateSystem#extend(org.geolatte.geom.crs.CoordinateSystemAxis)#0&quot; }"/>
        </annotation>
    </item>
    <item name='org.geolatte.geom.crs.CartesianCoordinateSystem3DM org.geolatte.geom.crs.CoordinateSystem&lt;?&gt; merge(org.geolatte.geom.crs.OneDimensionCoordinateSystem&lt;?&gt;)'>
        <annotation name='com.intellij.inspections.tainted.annotation.equation.Equations'>
            <val val="{ &quot;coordinateSystem := CoordinateSystem#merge(org.geolatte.geom.crs.OneDimensionCoordinateSystem)#0&quot; }"/>
        </annotation>
    </item>
    <item name='org.geolatte.geom.crs.CompoundCoordinateReferenceSystem'>
        <annotation name='com.intellij.inspections.tainted.annotation.equation.Equations'>
            <val val="{ &quot;CompoundCoordinateReferenceSystem := &quot; }"/>
        </annotation>
    </item>
    <item name='org.geolatte.geom.crs.CompoundCoordinateReferenceSystem CompoundCoordinateReferenceSystem(java.lang.String, org.geolatte.geom.crs.SingleCoordinateReferenceSystem&lt;?&gt;...)'>
        <annotation name='com.intellij.inspections.tainted.annotation.equation.Equations'>
            <val val="{ &quot;components := CoordinateReferenceSystems#combine(org.geolatte.geom.crs.CoordinateReferenceSystem, org.geolatte.geom.crs.SingleCoordinateReferenceSystem)#0&quot;, &quot;CompoundCoordinateReferenceSystem := CompoundCoordinateReferenceSystem&quot;, &quot;name := &quot; }"/>
        </annotation>
    </item>
    <item name='org.geolatte.geom.crs.CompoundCoordinateReferenceSystem CompoundCoordinateReferenceSystem(org.geolatte.geom.crs.CrsId, java.lang.String, org.geolatte.geom.crs.SingleCoordinateReferenceSystem&lt;?&gt;...)'>
        <annotation name='com.intellij.inspections.tainted.annotation.equation.Equations'>
            <val val="{ &quot;name := #CompoundCoordinateReferenceSystem(java.lang.String, org.geolatte.geom.crs.SingleCoordinateReferenceSystem[])#0&quot;, &quot;crsId := &quot;, &quot;CompoundCoordinateReferenceSystem := CompoundCoordinateReferenceSystem&quot;, &quot;components := #CompoundCoordinateReferenceSystem(java.lang.String, org.geolatte.geom.crs.SingleCoordinateReferenceSystem[])#1&quot; }"/>
        </annotation>
    </item>
    <item name='org.geolatte.geom.crs.CompoundCoordinateReferenceSystem java.util.List&lt;org.geolatte.geom.crs.SingleCoordinateReferenceSystem&lt;?&gt;&gt; getComponents()'>
        <annotation name='com.intellij.inspections.tainted.annotation.equation.Equations'>
            <val val="{ &quot;getComponents := &quot; }"/>
        </annotation>
    </item>
    <item name='org.geolatte.geom.crs.CompoundCoordinateReferenceSystem org.geolatte.geom.crs.CoordinateSystem&lt;?&gt; combineCS(org.geolatte.geom.crs.SingleCoordinateReferenceSystem&lt;?&gt;[])'>
        <annotation name='com.intellij.inspections.tainted.annotation.equation.Equations'>
            <val val="{ &quot;components := #CompoundCoordinateReferenceSystem(org.geolatte.geom.crs.CrsId, java.lang.String, org.geolatte.geom.crs.SingleCoordinateReferenceSystem[])#2&quot; }"/>
        </annotation>
    </item>
    <item name='org.geolatte.geom.crs.CompoundCoordinateReferenceSystem org.geolatte.geom.crs.SingleCoordinateReferenceSystem&lt;?&gt; headCs()'>
        <annotation name='com.intellij.inspections.tainted.annotation.equation.Equations'>
            <val val="{ &quot;headCs := &quot; }"/>
        </annotation>
    </item>
    <item name='org.geolatte.geom.crs.CompoundCoordinateReferenceSystem org.geolatte.geom.crs.SingleCoordinateReferenceSystem&lt;?&gt; lastCs()'>
        <annotation name='com.intellij.inspections.tainted.annotation.equation.Equations'>
            <val val="{ &quot;lastCs := &quot; }"/>
        </annotation>
    </item>
    <item name='org.geolatte.geom.crs.CoordinateReferenceSystem'>
        <annotation name='com.intellij.inspections.tainted.annotation.equation.Equations'>
            <val val="{ &quot;CoordinateReferenceSystem := #CoordinateReferenceSystem(org.geolatte.geom.crs.CrsId, java.lang.String, org.geolatte.geom.crs.CoordinateSystem)#2&quot; }"/>
        </annotation>
    </item>
    <item name='org.geolatte.geom.crs.CoordinateReferenceSystem CoordinateReferenceSystem(org.geolatte.geom.crs.CrsId, java.lang.String, org.geolatte.geom.crs.CoordinateSystem&lt;P&gt;)'>
        <annotation name='com.intellij.inspections.tainted.annotation.equation.Equations'>
            <val val="{ &quot;name := CompoundCoordinateReferenceSystem#CompoundCoordinateReferenceSystem(org.geolatte.geom.crs.CrsId, java.lang.String, org.geolatte.geom.crs.SingleCoordinateReferenceSystem[])#1 &amp; SingleCoordinateReferenceSystem#SingleCoordinateReferenceSystem(org.geolatte.geom.crs.CrsId, java.lang.String, org.geolatte.geom.crs.CoordinateSystem)#1&quot;, &quot;CoordinateReferenceSystem := CoordinateReferenceSystem&quot;, &quot;coordinateSystem := SingleCoordinateReferenceSystem#SingleCoordinateReferenceSystem(org.geolatte.geom.crs.CrsId, java.lang.String, org.geolatte.geom.crs.CoordinateSystem)#2&quot;, &quot;crsId := CompoundCoordinateReferenceSystem#CompoundCoordinateReferenceSystem(org.geolatte.geom.crs.CrsId, java.lang.String, org.geolatte.geom.crs.SingleCoordinateReferenceSystem[])#0 &amp; SingleCoordinateReferenceSystem#SingleCoordinateReferenceSystem(org.geolatte.geom.crs.CrsId, java.lang.String, org.geolatte.geom.crs.CoordinateSystem)#0&quot; }"/>
        </annotation>
    </item>
    <item name='org.geolatte.geom.crs.CoordinateReferenceSystem boolean equals(java.lang.Object)'>
        <annotation name='com.intellij.inspections.tainted.annotation.equation.Equations'>
            <val val="{ &quot;o := CrsIdentifiable#equals(java.lang.Object)#0&quot; }"/>
        </annotation>
    </item>
    <item name='org.geolatte.geom.crs.CoordinateReferenceSystem boolean isCompound()'>
        <annotation name='com.intellij.inspections.tainted.annotation.equation.Equations'>
            <val val="{ &quot;isCompound := CompoundCoordinateReferenceSystem#isCompound() &amp; SingleCoordinateReferenceSystem#isCompound()&quot; }"/>
        </annotation>
    </item>
    <item name='org.geolatte.geom.crs.CoordinateReferenceSystem int getAxisIndex(org.geolatte.geom.crs.CoordinateSystemAxis)'>
        <annotation name='com.intellij.inspections.tainted.annotation.equation.Equations'>
            <val val="{ &quot;axis := org.geolatte.geom.Position#getCoordinate(org.geolatte.geom.crs.CoordinateSystemAxis, org.geolatte.geom.crs.CoordinateReferenceSystem)#0&quot;, &quot;getAxisIndex := &quot; }"/>
        </annotation>
    </item>
    <item name='org.geolatte.geom.crs.CoordinateReferenceSystem int getCoordinateDimension()'>
        <annotation name='com.intellij.inspections.tainted.annotation.equation.Equations'>
            <val val="{ &quot;getCoordinateDimension := &quot; }"/>
        </annotation>
    </item>
    <item name='org.geolatte.geom.crs.CoordinateReferenceSystem int hashCode()'>
        <annotation name='com.intellij.inspections.tainted.annotation.equation.Equations'>
            <val val="{ &quot;hashCode := ProjectedCoordinateReferenceSystem#hashCode() &amp; GeographicCoordinateReferenceSystem#hashCode()&quot; }"/>
        </annotation>
    </item>
    <item name='org.geolatte.geom.crs.CoordinateReferenceSystem java.lang.Class&lt;P&gt; getPositionClass()'>
        <annotation name='com.intellij.inspections.tainted.annotation.equation.Equations'>
            <val val="{ &quot;getPositionClass := &quot; }"/>
        </annotation>
    </item>
    <item name='org.geolatte.geom.crs.CoordinateReferenceSystem org.geolatte.geom.crs.CoordinateSystem&lt;P&gt; getCoordinateSystem()'>
        <annotation name='com.intellij.inspections.tainted.annotation.equation.Equations'>
            <val val="{ &quot;getCoordinateSystem := CoordinateReferenceSystem&quot; }"/>
        </annotation>
    </item>
    <item name='org.geolatte.geom.crs.CoordinateReferenceSystem org.geolatte.geom.crs.CoordinateSystemAxis getAxis(int)'>
        <annotation name='com.intellij.inspections.tainted.annotation.equation.Equations'>
            <val val="{ &quot;getAxis := &quot; }"/>
        </annotation>
    </item>
    <item name='org.geolatte.geom.crs.CoordinateReferenceSystems'>
        <annotation name='com.intellij.inspections.tainted.annotation.equation.Equations'>
            <val val="{ &quot;CoordinateReferenceSystems := &quot; }"/>
        </annotation>
    </item>
    <item name='org.geolatte.geom.crs.CoordinateReferenceSystems boolean hasAxisOrder(org.geolatte.geom.crs.CoordinateReferenceSystem&lt;P&gt;, int)'>
        <annotation name='com.intellij.inspections.tainted.annotation.equation.Equations'>
            <val val="{ &quot;crs := #hasVerticalAxis(org.geolatte.geom.crs.CoordinateReferenceSystem)#0 &amp; #hasMeasureAxis(org.geolatte.geom.crs.CoordinateReferenceSystem)#0&quot; }"/>
        </annotation>
    </item>
    <item name='org.geolatte.geom.crs.CoordinateReferenceSystems boolean hasMeasureAxis(org.geolatte.geom.crs.CoordinateReferenceSystem&lt;P&gt;)'>
        <annotation name='com.intellij.inspections.tainted.annotation.equation.Equations'>
            <val val="{ &quot;hasMeasureAxis := &quot;, &quot;crs := org.geolatte.geom.jts.PointSequenceCoordinateSequenceFactory#toPositionSequence(org.locationtech.jts.geom.CoordinateSequence, java.lang.Class, org.geolatte.geom.crs.CoordinateReferenceSystem)#2&quot; }"/>
        </annotation>
    </item>
    <item name='org.geolatte.geom.crs.CoordinateReferenceSystems boolean hasVerticalAxis(org.geolatte.geom.crs.CoordinateReferenceSystem&lt;P&gt;)'>
        <annotation name='com.intellij.inspections.tainted.annotation.equation.Equations'>
            <val val="{ &quot;hasVerticalAxis := &quot;, &quot;crs := org.geolatte.geom.jts.PointSequenceCoordinateSequenceFactory#toPositionSequence(org.locationtech.jts.geom.CoordinateSequence, java.lang.Class, org.geolatte.geom.crs.CoordinateReferenceSystem)#2&quot; }"/>
        </annotation>
    </item>
    <item name='org.geolatte.geom.crs.CoordinateReferenceSystems org.geolatte.geom.crs.CompoundCoordinateReferenceSystem&lt;?&gt; addLinearSystem(org.geolatte.geom.crs.CoordinateReferenceSystem&lt;P&gt;, org.geolatte.geom.crs.LinearUnit)'>
        <annotation name='com.intellij.inspections.tainted.annotation.equation.Equations'>
            <val val="{ &quot;unit := Unit#METER &amp; #mkCoordinateReferenceSystem(org.geolatte.geom.crs.CoordinateReferenceSystem, org.geolatte.geom.crs.LinearUnit, org.geolatte.geom.crs.LinearUnit)#2&quot;, &quot;addLinearSystem := &quot;, &quot;base := #mkCoordinateReferenceSystem(org.geolatte.geom.crs.CoordinateReferenceSystem, org.geolatte.geom.crs.LinearUnit, org.geolatte.geom.crs.LinearUnit)#0&quot; }"/>
        </annotation>
    </item>
    <item name='org.geolatte.geom.crs.CoordinateReferenceSystems org.geolatte.geom.crs.CompoundCoordinateReferenceSystem&lt;?&gt; addVerticalSystem(org.geolatte.geom.crs.CoordinateReferenceSystem&lt;P&gt;, org.geolatte.geom.crs.LinearUnit)'>
        <annotation name='com.intellij.inspections.tainted.annotation.equation.Equations'>
            <val val="{ &quot;base := #mkCoordinateReferenceSystem(org.geolatte.geom.crs.CoordinateReferenceSystem, org.geolatte.geom.crs.LinearUnit, org.geolatte.geom.crs.LinearUnit)#0&quot;, &quot;unit := Unit#METER &amp; #mkCoordinateReferenceSystem(org.geolatte.geom.crs.CoordinateReferenceSystem, org.geolatte.geom.crs.LinearUnit, org.geolatte.geom.crs.LinearUnit)#1&quot;, &quot;addVerticalSystem := &quot; }"/>
        </annotation>
    </item>
    <item name='org.geolatte.geom.crs.CoordinateReferenceSystems org.geolatte.geom.crs.CompoundCoordinateReferenceSystem&lt;?&gt; combine(org.geolatte.geom.crs.CoordinateReferenceSystem&lt;P&gt;, org.geolatte.geom.crs.SingleCoordinateReferenceSystem)'>
        <annotation name='com.intellij.inspections.tainted.annotation.equation.Equations'>
            <val val="{ &quot;ods := #combine(org.geolatte.geom.crs.CoordinateReferenceSystem, org.geolatte.geom.crs.SingleCoordinateReferenceSystem, java.lang.Class)#1&quot;, &quot;base := #addVerticalSystem(org.geolatte.geom.crs.CoordinateReferenceSystem, org.geolatte.geom.crs.LinearUnit)#0 &amp; #addLinearSystem(org.geolatte.geom.crs.CoordinateReferenceSystem, org.geolatte.geom.crs.LinearUnit)#0 &amp; #combine(org.geolatte.geom.crs.CoordinateReferenceSystem, org.geolatte.geom.crs.SingleCoordinateReferenceSystem, java.lang.Class)#0&quot;, &quot;combine := &quot; }"/>
        </annotation>
    </item>
    <item name='org.geolatte.geom.crs.CoordinateReferenceSystems org.geolatte.geom.crs.CompoundCoordinateReferenceSystem&lt;R&gt; addLinearSystem(org.geolatte.geom.crs.CoordinateReferenceSystem&lt;P&gt;, java.lang.Class&lt;R&gt;, org.geolatte.geom.crs.LinearUnit)'>
        <annotation name='com.intellij.inspections.tainted.annotation.equation.Equations'>
            <val val="{ &quot;base := #PROJECTED_2D_METER &amp; #PROJECTED_3D_METER&quot;, &quot;addLinearSystem := &quot;, &quot;unit := Unit#METER&quot; }"/>
        </annotation>
    </item>
    <item name='org.geolatte.geom.crs.CoordinateReferenceSystems org.geolatte.geom.crs.CompoundCoordinateReferenceSystem&lt;R&gt; addVerticalSystem(org.geolatte.geom.crs.CoordinateReferenceSystem&lt;P&gt;, java.lang.Class&lt;R&gt;, org.geolatte.geom.crs.LinearUnit)'>
        <annotation name='com.intellij.inspections.tainted.annotation.equation.Equations'>
            <val val="{ &quot;base := #PROJECTED_2D_METER&quot;, &quot;addVerticalSystem := &quot;, &quot;unit := Unit#METER&quot; }"/>
        </annotation>
    </item>
    <item name='org.geolatte.geom.crs.CoordinateReferenceSystems org.geolatte.geom.crs.CompoundCoordinateReferenceSystem&lt;R&gt; combine(org.geolatte.geom.crs.CoordinateReferenceSystem&lt;P&gt;, org.geolatte.geom.crs.SingleCoordinateReferenceSystem, java.lang.Class&lt;R&gt;)'>
        <annotation name='com.intellij.inspections.tainted.annotation.equation.Equations'>
            <val val="{ &quot;base := #addLinearSystem(org.geolatte.geom.crs.CoordinateReferenceSystem, java.lang.Class, org.geolatte.geom.crs.LinearUnit)#0 &amp; #addVerticalSystem(org.geolatte.geom.crs.CoordinateReferenceSystem, java.lang.Class, org.geolatte.geom.crs.LinearUnit)#0&quot;, &quot;ods := &quot;, &quot;combine := &quot;, &quot;resultCSPtype := #addLinearSystem(org.geolatte.geom.crs.CoordinateReferenceSystem, java.lang.Class, org.geolatte.geom.crs.LinearUnit)#1 &amp; #addVerticalSystem(org.geolatte.geom.crs.CoordinateReferenceSystem, java.lang.Class, org.geolatte.geom.crs.LinearUnit)#1&quot; }"/>
        </annotation>
    </item>
    <item name='org.geolatte.geom.crs.CoordinateReferenceSystems org.geolatte.geom.crs.CoordinateReferenceSystem&lt;?&gt; mkCoordinateReferenceSystem(int, org.geolatte.geom.crs.LinearUnit, org.geolatte.geom.crs.LinearUnit)'>
        <annotation name='com.intellij.inspections.tainted.annotation.equation.Equations'>
            <val val="{ &quot;mkCoordinateReferenceSystem := &quot; }"/>
        </annotation>
    </item>
    <item name='org.geolatte.geom.crs.CoordinateReferenceSystems org.geolatte.geom.crs.CoordinateReferenceSystem&lt;?&gt; mkCoordinateReferenceSystem(org.geolatte.geom.crs.CoordinateReferenceSystem&lt;?&gt;, org.geolatte.geom.crs.LinearUnit, org.geolatte.geom.crs.LinearUnit)'>
        <annotation name='com.intellij.inspections.tainted.annotation.equation.Equations'>
            <val val="{ &quot;mkCoordinateReferenceSystem := baseCrs&quot;, &quot;measureUnit := #mkCoordinateReferenceSystem(int, org.geolatte.geom.crs.LinearUnit, org.geolatte.geom.crs.LinearUnit)#2 &amp; #mkCoordinateReferenceSystem(org.geolatte.geom.crs.CoordinateReferenceSystem, org.geolatte.geom.crs.LinearUnit, org.geolatte.geom.crs.LinearUnit, java.lang.Class)#2&quot;, &quot;verticalUnit := #mkCoordinateReferenceSystem(int, org.geolatte.geom.crs.LinearUnit, org.geolatte.geom.crs.LinearUnit)#1 &amp; #mkCoordinateReferenceSystem(org.geolatte.geom.crs.CoordinateReferenceSystem, org.geolatte.geom.crs.LinearUnit, org.geolatte.geom.crs.LinearUnit, java.lang.Class)#1&quot;, &quot;baseCrs := #mkCoordinateReferenceSystem(org.geolatte.geom.crs.CoordinateReferenceSystem, org.geolatte.geom.crs.LinearUnit, org.geolatte.geom.crs.LinearUnit, java.lang.Class)#0&quot; }"/>
        </annotation>
    </item>
    <item name='org.geolatte.geom.crs.CoordinateReferenceSystems org.geolatte.geom.crs.CoordinateReferenceSystem&lt;P&gt; mkCoordinateReferenceSystem(org.geolatte.geom.crs.CoordinateReferenceSystem&lt;?&gt;, org.geolatte.geom.crs.LinearUnit, org.geolatte.geom.crs.LinearUnit, java.lang.Class&lt;P&gt;)'>
        <annotation name='com.intellij.inspections.tainted.annotation.equation.Equations'>
            <val val="{ &quot;mkCoordinateReferenceSystem := &quot; }"/>
        </annotation>
    </item>
    <item name='org.geolatte.geom.crs.CoordinateReferenceSystems org.geolatte.geom.crs.GeographicCoordinateReferenceSystem mkGeographic(org.geolatte.geom.crs.AngularUnit)'>
        <annotation name='com.intellij.inspections.tainted.annotation.equation.Equations'>
            <val val="{ &quot;mkGeographic := &quot;, &quot;unit := Unit#DEGREE&quot; }"/>
        </annotation>
    </item>
    <item name='org.geolatte.geom.crs.CoordinateReferenceSystems org.geolatte.geom.crs.GeographicCoordinateReferenceSystem mkGeographic(org.geolatte.geom.crs.CrsId, org.geolatte.geom.crs.AngularUnit)'>
        <annotation name='com.intellij.inspections.tainted.annotation.equation.Equations'>
            <val val="{ &quot;mkGeographic := &quot;, &quot;unit := #mkGeographic(org.geolatte.geom.crs.AngularUnit)#0&quot;, &quot;srid := CrsId#UNDEFINED&quot; }"/>
        </annotation>
    </item>
    <item name='org.geolatte.geom.crs.CoordinateReferenceSystems org.geolatte.geom.crs.LinearCoordinateReferenceSystem mkLinear(org.geolatte.geom.crs.LinearUnit)'>
        <annotation name='com.intellij.inspections.tainted.annotation.equation.Equations'>
            <val val="{ &quot;mkLinear := &quot;, &quot;unit := #addLinearSystem(org.geolatte.geom.crs.CoordinateReferenceSystem, org.geolatte.geom.crs.LinearUnit)#1 &amp; #addLinearSystem(org.geolatte.geom.crs.CoordinateReferenceSystem, java.lang.Class, org.geolatte.geom.crs.LinearUnit)#2&quot; }"/>
        </annotation>
    </item>
    <item name='org.geolatte.geom.crs.CoordinateReferenceSystems org.geolatte.geom.crs.ProjectedCoordinateReferenceSystem mkProjected(org.geolatte.geom.crs.CrsId, org.geolatte.geom.crs.LinearUnit)'>
        <annotation name='com.intellij.inspections.tainted.annotation.equation.Equations'>
            <val val="{ &quot;unit := #mkProjected(org.geolatte.geom.crs.LinearUnit)#0 &amp; Unit#METER&quot;, &quot;mkProjected := &quot;, &quot;srid := CrsId#UNDEFINED&quot; }"/>
        </annotation>
    </item>
    <item name='org.geolatte.geom.crs.CoordinateReferenceSystems org.geolatte.geom.crs.ProjectedCoordinateReferenceSystem mkProjected(org.geolatte.geom.crs.LinearUnit)'>
        <annotation name='com.intellij.inspections.tainted.annotation.equation.Equations'>
            <val val="{ &quot;unit := Unit#METER&quot;, &quot;mkProjected := &quot; }"/>
        </annotation>
    </item>
    <item name='org.geolatte.geom.crs.CoordinateReferenceSystems org.geolatte.geom.crs.VerticalCoordinateReferenceSystem mkVertical(org.geolatte.geom.crs.LinearUnit)'>
        <annotation name='com.intellij.inspections.tainted.annotation.equation.Equations'>
            <val val="{ &quot;unit := #addVerticalSystem(org.geolatte.geom.crs.CoordinateReferenceSystem, org.geolatte.geom.crs.LinearUnit)#1 &amp; #addVerticalSystem(org.geolatte.geom.crs.CoordinateReferenceSystem, java.lang.Class, org.geolatte.geom.crs.LinearUnit)#2&quot;, &quot;mkVertical := &quot; }"/>
        </annotation>
    </item>
    <item name='org.geolatte.geom.crs.CoordinateSystem'>
        <annotation name='com.intellij.inspections.tainted.annotation.equation.Equations'>
            <val val="{ &quot;CoordinateSystem := #CoordinateSystem(org.geolatte.geom.crs.CoordinateSystemAxis...)#0&quot; }"/>
        </annotation>
    </item>
    <item name='org.geolatte.geom.crs.CoordinateSystem CoordinateSystem(org.geolatte.geom.crs.CoordinateSystemAxis...)'>
        <annotation name='com.intellij.inspections.tainted.annotation.equation.Equations'>
            <val val="{ &quot;CoordinateSystem := CoordinateSystem&quot;, &quot;axes := CartesianCoordinateSystem2D#CartesianCoordinateSystem2D(org.geolatte.geom.crs.StraightLineAxis, org.geolatte.geom.crs.StraightLineAxis)#0 &amp; EllipsoidalCoordinateSystem2D#EllipsoidalCoordinateSystem2D(org.geolatte.geom.crs.EllipsoidalAxis, org.geolatte.geom.crs.EllipsoidalAxis)#0 &amp; OneDimensionCoordinateSystem#OneDimensionCoordinateSystem(org.geolatte.geom.crs.StraightLineAxis, java.lang.Class)#0 &amp; EllipsoidalCoordinateSystem3D#EllipsoidalCoordinateSystem3D(org.geolatte.geom.crs.EllipsoidalAxis, org.geolatte.geom.crs.EllipsoidalAxis, org.geolatte.geom.crs.StraightLineAxis)#0 &amp; EllipsoidalCoordinateSystem2DM#EllipsoidalCoordinateSystem2DM(org.geolatte.geom.crs.EllipsoidalAxis, org.geolatte.geom.crs.EllipsoidalAxis, org.geolatte.geom.crs.MeasureStraightLineAxis)#0 &amp; EllipsoidalCoordinateSystem3DM#EllipsoidalCoordinateSystem3DM(org.geolatte.geom.crs.EllipsoidalAxis, org.geolatte.geom.crs.EllipsoidalAxis, org.geolatte.geom.crs.StraightLineAxis, org.geolatte.geom.crs.MeasureStraightLineAxis)#0 &amp; CartesianCoordinateSystem3D#CartesianCoordinateSystem3D(org.geolatte.geom.crs.StraightLineAxis, org.geolatte.geom.crs.StraightLineAxis, org.geolatte.geom.crs.StraightLineAxis)#0 &amp; CartesianCoordinateSystem2DM#CartesianCoordinateSystem2DM(org.geolatte.geom.crs.StraightLineAxis, org.geolatte.geom.crs.StraightLineAxis, org.geolatte.geom.crs.MeasureStraightLineAxis)#0 &amp; CartesianCoordinateSystem3DM#CartesianCoordinateSystem3DM(org.geolatte.geom.crs.StraightLineAxis, org.geolatte.geom.crs.StraightLineAxis, org.geolatte.geom.crs.VerticalStraightLineAxis, org.geolatte.geom.crs.MeasureStraightLineAxis)#0&quot; }"/>
        </annotation>
    </item>
    <item name='org.geolatte.geom.crs.CoordinateSystem boolean equals(java.lang.Object)'>
        <annotation name='com.intellij.inspections.tainted.annotation.equation.Equations'>
            <val val="{ &quot;o := java.lang.Object#equals(java.lang.Object)#0&quot; }"/>
        </annotation>
    </item>
    <item name='org.geolatte.geom.crs.CoordinateSystem int getAxisIndex(org.geolatte.geom.crs.CoordinateSystemAxis)'>
        <annotation name='com.intellij.inspections.tainted.annotation.equation.Equations'>
            <val val="{ &quot;axis := CoordinateReferenceSystem#getAxisIndex(org.geolatte.geom.crs.CoordinateSystemAxis)#0&quot; }"/>
        </annotation>
    </item>
    <item name='org.geolatte.geom.crs.CoordinateSystem int getCoordinateDimension()'>
        <annotation name='com.intellij.inspections.tainted.annotation.equation.Equations'>
            <val val="{ &quot;getCoordinateDimension := CoordinateSystem&quot; }"/>
        </annotation>
    </item>
    <item name='org.geolatte.geom.crs.CoordinateSystem int hashCode()'>
        <annotation name='com.intellij.inspections.tainted.annotation.equation.Equations'>
            <val val="{ &quot;hashCode := &quot; }"/>
        </annotation>
    </item>
    <item name='org.geolatte.geom.crs.CoordinateSystem java.lang.Class&lt;P&gt; getPositionClass()'>
        <annotation name='com.intellij.inspections.tainted.annotation.equation.Equations'>
            <val val="{ &quot;getPositionClass := CartesianCoordinateSystem2D#getPositionClass() &amp; EllipsoidalCoordinateSystem2D#getPositionClass() &amp; EllipsoidalCoordinateSystem2DM#getPositionClass() &amp; OneDimensionCoordinateSystem#getPositionClass() &amp; EllipsoidalCoordinateSystem3D#getPositionClass() &amp; EllipsoidalCoordinateSystem3DM#getPositionClass() &amp; CartesianCoordinateSystem3D#getPositionClass() &amp; CartesianCoordinateSystem2DM#getPositionClass() &amp; CartesianCoordinateSystem3DM#getPositionClass()&quot; }"/>
        </annotation>
    </item>
    <item name='org.geolatte.geom.crs.CoordinateSystem java.util.List&lt;java.lang.Integer&gt; getAxisNormalOrder()'>
        <annotation name='com.intellij.inspections.tainted.annotation.equation.Equations'>
            <val val="{ &quot;getAxisNormalOrder := &quot; }"/>
        </annotation>
    </item>
    <item name='org.geolatte.geom.crs.CoordinateSystem java.util.List&lt;org.geolatte.geom.crs.CoordinateSystemAxisDirection&gt; getAxisDirections()'>
        <annotation name='com.intellij.inspections.tainted.annotation.equation.Equations'>
            <val val="{ &quot;getAxisDirections := &quot; }"/>
        </annotation>
    </item>
    <item name='org.geolatte.geom.crs.CoordinateSystem org.geolatte.geom.crs.CoordinateSystem&lt;?&gt; extend(org.geolatte.geom.crs.CoordinateSystemAxis)'>
        <annotation name='com.intellij.inspections.tainted.annotation.equation.Equations'>
            <val val="{ &quot;extend := CartesianCoordinateSystem2D#extend(org.geolatte.geom.crs.CoordinateSystemAxis) &amp; EllipsoidalCoordinateSystem2D#extend(org.geolatte.geom.crs.CoordinateSystemAxis) &amp; EllipsoidalCoordinateSystem2DM#extend(org.geolatte.geom.crs.CoordinateSystemAxis) &amp; OneDimensionCoordinateSystem#extend(org.geolatte.geom.crs.CoordinateSystemAxis) &amp; EllipsoidalCoordinateSystem3D#extend(org.geolatte.geom.crs.CoordinateSystemAxis) &amp; EllipsoidalCoordinateSystem3DM#extend(org.geolatte.geom.crs.CoordinateSystemAxis) &amp; CartesianCoordinateSystem3D#extend(org.geolatte.geom.crs.CoordinateSystemAxis) &amp; CartesianCoordinateSystem2DM#extend(org.geolatte.geom.crs.CoordinateSystemAxis) &amp; CartesianCoordinateSystem3DM#extend(org.geolatte.geom.crs.CoordinateSystemAxis)&quot; }"/>
        </annotation>
    </item>
    <item name='org.geolatte.geom.crs.CoordinateSystem org.geolatte.geom.crs.CoordinateSystem&lt;?&gt; merge(org.geolatte.geom.crs.OneDimensionCoordinateSystem&lt;?&gt;)'>
        <annotation name='com.intellij.inspections.tainted.annotation.equation.Equations'>
            <val val="{ &quot;merge := EllipsoidalCoordinateSystem2D#merge(org.geolatte.geom.crs.OneDimensionCoordinateSystem) &amp; CartesianCoordinateSystem2D#merge(org.geolatte.geom.crs.OneDimensionCoordinateSystem) &amp; EllipsoidalCoordinateSystem2DM#merge(org.geolatte.geom.crs.OneDimensionCoordinateSystem) &amp; OneDimensionCoordinateSystem#merge(org.geolatte.geom.crs.OneDimensionCoordinateSystem) &amp; EllipsoidalCoordinateSystem3D#merge(org.geolatte.geom.crs.OneDimensionCoordinateSystem) &amp; EllipsoidalCoordinateSystem3DM#merge(org.geolatte.geom.crs.OneDimensionCoordinateSystem) &amp; CartesianCoordinateSystem3D#merge(org.geolatte.geom.crs.OneDimensionCoordinateSystem) &amp; CartesianCoordinateSystem2DM#merge(org.geolatte.geom.crs.OneDimensionCoordinateSystem) &amp; CartesianCoordinateSystem3DM#merge(org.geolatte.geom.crs.OneDimensionCoordinateSystem)&quot; }"/>
        </annotation>
    </item>
    <item name='org.geolatte.geom.crs.CoordinateSystem org.geolatte.geom.crs.CoordinateSystemAxis getAxis(int)'>
        <annotation name='com.intellij.inspections.tainted.annotation.equation.Equations'>
            <val val="{ &quot;getAxis := CoordinateSystem&quot;, &quot;index := CoordinateReferenceSystem#getAxis(int)#0&quot; }"/>
        </annotation>
    </item>
    <item name='org.geolatte.geom.crs.CoordinateSystem org.geolatte.geom.crs.CoordinateSystemAxis[] getAxes()'>
        <annotation name='com.intellij.inspections.tainted.annotation.equation.Equations'>
            <val val="{ &quot;getAxes := &quot; }"/>
        </annotation>
    </item>
    <item name='org.geolatte.geom.crs.CoordinateSystem org.geolatte.geom.crs.Unit getAxisUnit(int)'>
        <annotation name='com.intellij.inspections.tainted.annotation.equation.Equations'>
            <val val="{ &quot;getAxisUnit := &quot; }"/>
        </annotation>
    </item>
    <item name='org.geolatte.geom.crs.CoordinateSystemAxis'>
        <annotation name='com.intellij.inspections.tainted.annotation.equation.Equations'>
            <val val="{ &quot;CoordinateSystemAxis := #CoordinateSystemAxis(java.lang.String, org.geolatte.geom.crs.CoordinateSystemAxisDirection, org.geolatte.geom.crs.Unit)#0 &amp; #CoordinateSystemAxis(java.lang.String, org.geolatte.geom.crs.CoordinateSystemAxisDirection, org.geolatte.geom.crs.Unit)#1 &amp; #CoordinateSystemAxis(java.lang.String, org.geolatte.geom.crs.CoordinateSystemAxisDirection, org.geolatte.geom.crs.Unit)#2 &amp; #CoordinateSystemAxis(java.lang.String, org.geolatte.geom.crs.CoordinateSystemAxisDirection, int, org.geolatte.geom.crs.Unit)#0 &amp; #CoordinateSystemAxis(java.lang.String, org.geolatte.geom.crs.CoordinateSystemAxisDirection, int, org.geolatte.geom.crs.Unit)#1 &amp; #CoordinateSystemAxis(java.lang.String, org.geolatte.geom.crs.CoordinateSystemAxisDirection, int, org.geolatte.geom.crs.Unit)#3 &amp; #CoordinateSystemAxis(java.lang.String, org.geolatte.geom.crs.CoordinateSystemAxisDirection, int, org.geolatte.geom.crs.Unit)#2&quot; }"/>
        </annotation>
    </item>
    <item name='org.geolatte.geom.crs.CoordinateSystemAxis CoordinateSystemAxis(java.lang.String, org.geolatte.geom.crs.CoordinateSystemAxisDirection, int, org.geolatte.geom.crs.Unit)'>
        <annotation name='com.intellij.inspections.tainted.annotation.equation.Equations'>
            <val val="{ &quot;CoordinateSystemAxis := CoordinateSystemAxis&quot;, &quot;coordinateSystemAxisDirection := StraightLineAxis#StraightLineAxis(java.lang.String, org.geolatte.geom.crs.CoordinateSystemAxisDirection, int, org.geolatte.geom.crs.Unit)#1&quot;, &quot;axisName := StraightLineAxis#StraightLineAxis(java.lang.String, org.geolatte.geom.crs.CoordinateSystemAxisDirection, int, org.geolatte.geom.crs.Unit)#0&quot;, &quot;normalOrder := StraightLineAxis#StraightLineAxis(java.lang.String, org.geolatte.geom.crs.CoordinateSystemAxisDirection, int, org.geolatte.geom.crs.Unit)#2&quot;, &quot;unit := StraightLineAxis#StraightLineAxis(java.lang.String, org.geolatte.geom.crs.CoordinateSystemAxisDirection, int, org.geolatte.geom.crs.Unit)#3&quot; }"/>
        </annotation>
    </item>
    <item name='org.geolatte.geom.crs.CoordinateSystemAxis CoordinateSystemAxis(java.lang.String, org.geolatte.geom.crs.CoordinateSystemAxisDirection, org.geolatte.geom.crs.Unit)'>
        <annotation name='com.intellij.inspections.tainted.annotation.equation.Equations'>
            <val val="{ &quot;CoordinateSystemAxis := CoordinateSystemAxis&quot;, &quot;axisName := StraightLineAxis#StraightLineAxis(java.lang.String, org.geolatte.geom.crs.CoordinateSystemAxisDirection, org.geolatte.geom.crs.LinearUnit)#0 &amp; EllipsoidalAxis#EllipsoidalAxis(java.lang.String, org.geolatte.geom.crs.CoordinateSystemAxisDirection, org.geolatte.geom.crs.Unit)#0&quot;, &quot;unit := StraightLineAxis#StraightLineAxis(java.lang.String, org.geolatte.geom.crs.CoordinateSystemAxisDirection, org.geolatte.geom.crs.LinearUnit)#2 &amp; EllipsoidalAxis#EllipsoidalAxis(java.lang.String, org.geolatte.geom.crs.CoordinateSystemAxisDirection, org.geolatte.geom.crs.Unit)#2&quot;, &quot;coordinateSystemAxisDirection := StraightLineAxis#StraightLineAxis(java.lang.String, org.geolatte.geom.crs.CoordinateSystemAxisDirection, org.geolatte.geom.crs.LinearUnit)#1 &amp; EllipsoidalAxis#EllipsoidalAxis(java.lang.String, org.geolatte.geom.crs.CoordinateSystemAxisDirection, org.geolatte.geom.crs.Unit)#1&quot; }"/>
        </annotation>
    </item>
    <item name='org.geolatte.geom.crs.CoordinateSystemAxis boolean equals(java.lang.Object)'>
        <annotation name='com.intellij.inspections.tainted.annotation.equation.Equations'>
            <val val="{ &quot;o := java.lang.Object#equals(java.lang.Object)#0&quot; }"/>
        </annotation>
    </item>
    <item name='org.geolatte.geom.crs.CoordinateSystemAxis int getNormalOrder()'>
        <annotation name='com.intellij.inspections.tainted.annotation.equation.Equations'>
            <val val="{ &quot;getNormalOrder := CoordinateSystemAxis&quot; }"/>
        </annotation>
    </item>
    <item name='org.geolatte.geom.crs.CoordinateSystemAxis int hashCode()'>
        <annotation name='com.intellij.inspections.tainted.annotation.equation.Equations'>
            <val val="{ &quot;hashCode := &quot; }"/>
        </annotation>
    </item>
    <item name='org.geolatte.geom.crs.CoordinateSystemAxis java.lang.String getAxisName()'>
        <annotation name='com.intellij.inspections.tainted.annotation.equation.Equations'>
            <val val="{ &quot;getAxisName := CoordinateSystemAxis&quot; }"/>
        </annotation>
    </item>
    <item name='org.geolatte.geom.crs.CoordinateSystemAxis java.lang.String toString()'>
        <annotation name='com.intellij.inspections.tainted.annotation.equation.Equations'>
            <val val="{ &quot;toString := CoordinateSystemAxis&quot; }"/>
        </annotation>
    </item>
    <item name='org.geolatte.geom.crs.CoordinateSystemAxis org.geolatte.geom.crs.CoordinateSystemAxisDirection getAxisDirection()'>
        <annotation name='com.intellij.inspections.tainted.annotation.equation.Equations'>
            <val val="{ &quot;getAxisDirection := CoordinateSystemAxis&quot; }"/>
        </annotation>
    </item>
    <item name='org.geolatte.geom.crs.CoordinateSystemAxis org.geolatte.geom.crs.GeodeticLatitudeCSAxis mkLatAxis()'>
        <annotation name='com.intellij.inspections.tainted.annotation.equation.Equations'>
            <val val="{ &quot;mkLatAxis := &quot; }"/>
        </annotation>
    </item>
    <item name='org.geolatte.geom.crs.CoordinateSystemAxis org.geolatte.geom.crs.GeodeticLongitudeCSAxis mkLonAxis()'>
        <annotation name='com.intellij.inspections.tainted.annotation.equation.Equations'>
            <val val="{ &quot;mkLonAxis := &quot; }"/>
        </annotation>
    </item>
    <item name='org.geolatte.geom.crs.CoordinateSystemAxis org.geolatte.geom.crs.StraightLineAxis mkXAxis()'>
        <annotation name='com.intellij.inspections.tainted.annotation.equation.Equations'>
            <val val="{ &quot;mkXAxis := &quot; }"/>
        </annotation>
    </item>
    <item name='org.geolatte.geom.crs.CoordinateSystemAxis org.geolatte.geom.crs.StraightLineAxis mkYAxis()'>
        <annotation name='com.intellij.inspections.tainted.annotation.equation.Equations'>
            <val val="{ &quot;mkYAxis := &quot; }"/>
        </annotation>
    </item>
    <item name='org.geolatte.geom.crs.CoordinateSystemAxis org.geolatte.geom.crs.StraightLineAxis mkZAxis()'>
        <annotation name='com.intellij.inspections.tainted.annotation.equation.Equations'>
            <val val="{ &quot;mkZAxis := &quot; }"/>
        </annotation>
    </item>
    <item name='org.geolatte.geom.crs.CoordinateSystemAxis org.geolatte.geom.crs.Unit getUnit()'>
        <annotation name='com.intellij.inspections.tainted.annotation.equation.Equations'>
            <val val="{ &quot;getUnit := CoordinateSystemAxis&quot; }"/>
        </annotation>
    </item>
    <item name='org.geolatte.geom.crs.CoordinateSystemAxisDirection'>
        <annotation name='com.intellij.inspections.tainted.annotation.equation.Equations'>
            <val val="{ &quot;CoordinateSystemAxisDirection := #CoordinateSystemAxisDirection(int)#0&quot; }"/>
        </annotation>
    </item>
    <item name='org.geolatte.geom.crs.CoordinateSystemAxisDirection CoordinateSystemAxisDirection(int)'>
        <annotation name='com.intellij.inspections.tainted.annotation.equation.Equations'>
            <val val="{ &quot;CoordinateSystemAxisDirection := CoordinateSystemAxisDirection&quot; }"/>
        </annotation>
    </item>
    <item name='org.geolatte.geom.crs.CoordinateSystemAxisDirection int getDefaultNormalOrder()'>
        <annotation name='com.intellij.inspections.tainted.annotation.equation.Equations'>
            <val val="{ &quot;getDefaultNormalOrder := CoordinateSystemAxisDirection&quot; }"/>
        </annotation>
    </item>
    <item name='org.geolatte.geom.crs.CrsExtendedId'>
        <annotation name='com.intellij.inspections.tainted.annotation.equation.Equations'>
            <val val="{ &quot;CrsExtendedId := #CrsExtendedId(org.geolatte.geom.crs.CrsId, org.geolatte.geom.crs.Unit, org.geolatte.geom.crs.Unit)#1 &amp; #CrsExtendedId(org.geolatte.geom.crs.CrsId, org.geolatte.geom.crs.Unit, org.geolatte.geom.crs.Unit)#2&quot; }"/>
        </annotation>
    </item>
    <item name='org.geolatte.geom.crs.CrsExtendedId CrsExtendedId(org.geolatte.geom.crs.CrsId, org.geolatte.geom.crs.Unit, org.geolatte.geom.crs.Unit)'>
        <annotation name='com.intellij.inspections.tainted.annotation.equation.Equations'>
            <val val="{ &quot;base := CrsId&quot;, &quot;verticalUnit := CrsId#extend(org.geolatte.geom.crs.LinearUnit, org.geolatte.geom.crs.Unit)#0&quot;, &quot;CrsExtendedId := CrsExtendedId&quot;, &quot;measureUnit := CrsId#extend(org.geolatte.geom.crs.LinearUnit, org.geolatte.geom.crs.Unit)#1&quot; }"/>
        </annotation>
    </item>
    <item name='org.geolatte.geom.crs.CrsExtendedId boolean equals(java.lang.Object)'>
        <annotation name='com.intellij.inspections.tainted.annotation.equation.Equations'>
            <val val="{ &quot;o := CrsId#equals(java.lang.Object)#0&quot;, &quot;equals := &quot; }"/>
        </annotation>
    </item>
    <item name='org.geolatte.geom.crs.CrsExtendedId int hashCode()'>
        <annotation name='com.intellij.inspections.tainted.annotation.equation.Equations'>
            <val val="{ &quot;hashCode := &quot; }"/>
        </annotation>
    </item>
    <item name='org.geolatte.geom.crs.CrsId'>
        <annotation name='com.intellij.inspections.tainted.annotation.equation.Equations'>
            <val val="{ &quot;CrsId := #CrsId(java.lang.String, int)#1&quot; }"/>
        </annotation>
    </item>
    <item name='org.geolatte.geom.crs.CrsId CrsId(java.lang.String, int)'>
        <annotation name='com.intellij.inspections.tainted.annotation.equation.Equations'>
            <val val="{ &quot;CrsId := CrsId&quot;, &quot;code := #valueOf(java.lang.String, int)#1&quot;, &quot;authority := #valueOf(java.lang.String, int)#0&quot; }"/>
        </annotation>
    </item>
    <item name='org.geolatte.geom.crs.CrsId boolean equals(java.lang.Object)'>
        <annotation name='com.intellij.inspections.tainted.annotation.equation.Equations'>
            <val val="{ &quot;o := java.lang.Object#equals(java.lang.Object)#0&quot; }"/>
        </annotation>
    </item>
    <item name='org.geolatte.geom.crs.CrsId boolean isUnknownEPSG(java.lang.String, int)'>
        <annotation name='com.intellij.inspections.tainted.annotation.equation.Equations'>
            <val val="{ &quot;isUnknownEPSG := code&quot;, &quot;code := #valueOf(java.lang.String, int)#1&quot;, &quot;authority := #valueOf(java.lang.String, int)#0&quot; }"/>
        </annotation>
    </item>
    <item name='org.geolatte.geom.crs.CrsId int getCode()'>
        <annotation name='com.intellij.inspections.tainted.annotation.equation.Equations'>
            <val val="{ &quot;getCode := CrsId&quot; }"/>
        </annotation>
    </item>
    <item name='org.geolatte.geom.crs.CrsId int hashCode()'>
        <annotation name='com.intellij.inspections.tainted.annotation.equation.Equations'>
            <val val="{ &quot;hashCode := CrsExtendedId#hashCode()&quot; }"/>
        </annotation>
    </item>
    <item name='org.geolatte.geom.crs.CrsId int toNumericIdentifier(java.lang.String)'>
        <annotation name='com.intellij.inspections.tainted.annotation.equation.Equations'>
            <val val="{ &quot;toNumericIdentifier := &quot;, &quot;codeStr := &quot; }"/>
        </annotation>
    </item>
    <item name='org.geolatte.geom.crs.CrsId java.lang.String getAuthority()'>
        <annotation name='com.intellij.inspections.tainted.annotation.equation.Equations'>
            <val val="{ &quot;getAuthority := CrsId&quot; }"/>
        </annotation>
    </item>
    <item name='org.geolatte.geom.crs.CrsId java.lang.String toString()'>
        <annotation name='com.intellij.inspections.tainted.annotation.equation.Equations'>
            <val val="{ &quot;toString := &quot; }"/>
        </annotation>
    </item>
    <item name='org.geolatte.geom.crs.CrsId java.lang.String toUrn()'>
        <annotation name='com.intellij.inspections.tainted.annotation.equation.Equations'>
            <val val="{ &quot;toUrn := &quot; }"/>
        </annotation>
    </item>
    <item name='org.geolatte.geom.crs.CrsId org.geolatte.geom.crs.CrsId extend(org.geolatte.geom.crs.LinearUnit, org.geolatte.geom.crs.Unit)'>
        <annotation name='com.intellij.inspections.tainted.annotation.equation.Equations'>
            <val val="{ &quot;extend := CrsId&quot; }"/>
        </annotation>
    </item>
    <item name='org.geolatte.geom.crs.CrsId org.geolatte.geom.crs.CrsId parse(java.lang.String)'>
        <annotation name='com.intellij.inspections.tainted.annotation.equation.Equations'>
            <val val="{ &quot;parse := &quot; }"/>
        </annotation>
    </item>
    <item name='org.geolatte.geom.crs.CrsId org.geolatte.geom.crs.CrsId valueOf(int)'>
        <annotation name='com.intellij.inspections.tainted.annotation.equation.Equations'>
            <val val="{ &quot;code := CrsRegistry#ifAbsentReturnProjected2D(int)#0 &amp; CrsRegistry#getCoordinateReferenceSystemForEPSG(int, org.geolatte.geom.crs.CoordinateReferenceSystem)#0 &amp; CrsRegistry#getGeographicCoordinateReferenceSystemForEPSG(int)#0 &amp; CrsRegistry#getProjectedCoordinateReferenceSystemForEPSG(int)#0&quot;, &quot;valueOf := &quot; }"/>
        </annotation>
    </item>
    <item name='org.geolatte.geom.crs.CrsId org.geolatte.geom.crs.CrsId valueOf(java.lang.String, int)'>
        <annotation name='com.intellij.inspections.tainted.annotation.equation.Equations'>
            <val val="{ &quot;authority := #DEFAULT_AUTHORITY&quot;, &quot;code := #valueOf(int)#0&quot;, &quot;valueOf := #UNDEFINED&quot; }"/>
        </annotation>
    </item>
    <item name='org.geolatte.geom.crs.CrsIdentifiable'>
        <annotation name='com.intellij.inspections.tainted.annotation.equation.Equations'>
            <val val="{ &quot;CrsIdentifiable := #CrsIdentifiable(org.geolatte.geom.crs.CrsId, java.lang.String)#0 &amp; #CrsIdentifiable(org.geolatte.geom.crs.CrsId, java.lang.String)#1&quot; }"/>
        </annotation>
    </item>
    <item name='org.geolatte.geom.crs.CrsIdentifiable CrsIdentifiable(org.geolatte.geom.crs.CrsId, java.lang.String)'>
        <annotation name='com.intellij.inspections.tainted.annotation.equation.Equations'>
            <val val="{ &quot;crsId := VerticalDatum#VerticalDatum(org.geolatte.geom.crs.CrsId, java.lang.String, int, org.geolatte.geom.crs.Extension)#0 &amp; CoordinateReferenceSystem#CoordinateReferenceSystem(org.geolatte.geom.crs.CrsId, java.lang.String, org.geolatte.geom.crs.CoordinateSystem)#0 &amp; Unit#Unit(org.geolatte.geom.crs.CrsId, java.lang.String, double)#0 &amp; Datum#Datum(org.geolatte.geom.crs.CrsId, org.geolatte.geom.crs.Ellipsoid, java.lang.String, double[])#0 &amp; PrimeMeridian#PrimeMeridian(org.geolatte.geom.crs.CrsId, java.lang.String, double)#0 &amp; Ellipsoid#Ellipsoid(org.geolatte.geom.crs.CrsId, java.lang.String, double, double)#0&quot;, &quot;name := VerticalDatum#VerticalDatum(org.geolatte.geom.crs.CrsId, java.lang.String, int, org.geolatte.geom.crs.Extension)#1 &amp; CoordinateReferenceSystem#CoordinateReferenceSystem(org.geolatte.geom.crs.CrsId, java.lang.String, org.geolatte.geom.crs.CoordinateSystem)#1 &amp; Unit#Unit(org.geolatte.geom.crs.CrsId, java.lang.String, double)#1 &amp; Datum#Datum(org.geolatte.geom.crs.CrsId, org.geolatte.geom.crs.Ellipsoid, java.lang.String, double[])#2 &amp; PrimeMeridian#PrimeMeridian(org.geolatte.geom.crs.CrsId, java.lang.String, double)#1 &amp; Ellipsoid#Ellipsoid(org.geolatte.geom.crs.CrsId, java.lang.String, double, double)#1&quot;, &quot;CrsIdentifiable := CrsIdentifiable&quot; }"/>
        </annotation>
    </item>
    <item name='org.geolatte.geom.crs.CrsIdentifiable boolean equals(java.lang.Object)'>
        <annotation name='com.intellij.inspections.tainted.annotation.equation.Equations'>
            <val val="{ &quot;o := java.lang.Object#equals(java.lang.Object)#0&quot; }"/>
        </annotation>
    </item>
    <item name='org.geolatte.geom.crs.CrsIdentifiable int hashCode()'>
        <annotation name='com.intellij.inspections.tainted.annotation.equation.Equations'>
            <val val="{ &quot;hashCode := &quot; }"/>
        </annotation>
    </item>
    <item name='org.geolatte.geom.crs.CrsIdentifiable java.lang.String getName()'>
        <annotation name='com.intellij.inspections.tainted.annotation.equation.Equations'>
            <val val="{ &quot;getName := CrsIdentifiable&quot; }"/>
        </annotation>
    </item>
    <item name='org.geolatte.geom.crs.CrsIdentifiable org.geolatte.geom.crs.CrsId getCrsId()'>
        <annotation name='com.intellij.inspections.tainted.annotation.equation.Equations'>
            <val val="{ &quot;getCrsId := CrsIdentifiable&quot; }"/>
        </annotation>
    </item>
    <item name='org.geolatte.geom.crs.CrsRegistry org.geolatte.geom.crs.CoordinateReferenceSystem&lt;?&gt; computeIfAbsent(org.geolatte.geom.crs.CrsId, java.util.function.Function&lt;? super org.geolatte.geom.crs.CrsId,? extends org.geolatte.geom.crs.CoordinateReferenceSystem&lt;? extends org.geolatte.geom.Position&gt;&gt;)'>
        <annotation name='com.intellij.inspections.tainted.annotation.equation.Equations'>
            <val val="{ &quot;crsId := &quot;, &quot;computeIfAbsent := &quot; }"/>
        </annotation>
    </item>
    <item name='org.geolatte.geom.crs.CrsRegistry org.geolatte.geom.crs.CoordinateReferenceSystem&lt;?&gt; getCoordinateReferenceSystem(org.geolatte.geom.crs.CrsId, org.geolatte.geom.crs.CoordinateReferenceSystem&lt;?&gt;)'>
        <annotation name='com.intellij.inspections.tainted.annotation.equation.Equations'>
            <val val="{ &quot;crsId := &quot;, &quot;getCoordinateReferenceSystem := fallback&quot;, &quot;fallback := #getCoordinateReferenceSystemForEPSG(int, org.geolatte.geom.crs.CoordinateReferenceSystem)#1&quot; }"/>
        </annotation>
    </item>
    <item name='org.geolatte.geom.crs.CrsRegistry org.geolatte.geom.crs.CoordinateReferenceSystem&lt;?&gt; getCoordinateReferenceSystemForEPSG(int, org.geolatte.geom.crs.CoordinateReferenceSystem&lt;?&gt;)'>
        <annotation name='com.intellij.inspections.tainted.annotation.equation.Equations'>
            <val val="{ &quot;getCoordinateReferenceSystemForEPSG := &quot;, &quot;epsgCode := CoordinateReferenceSystems#mkCoordinateReferenceSystem(int, org.geolatte.geom.crs.LinearUnit, org.geolatte.geom.crs.LinearUnit)#0 &amp; org.geolatte.geom.codec.db.sqlserver.SqlServerGeometry#getCRS(int, boolean, boolean)#0&quot;, &quot;fallback := CoordinateReferenceSystems#PROJECTED_2D_METER &amp; org.geolatte.geom.codec.db.sqlserver.SqlServerGeometry&quot; }"/>
        </annotation>
    </item>
    <item name='org.geolatte.geom.crs.CrsRegistry org.geolatte.geom.crs.CoordinateReferenceSystem&lt;?&gt; ifAbsentReturnProjected2D(int)'>
        <annotation name='com.intellij.inspections.tainted.annotation.equation.Equations'>
            <val val="{ &quot;ifAbsentReturnProjected2D := &quot;, &quot;epsgCode := &quot; }"/>
        </annotation>
    </item>
    <item name='org.geolatte.geom.crs.CrsRegistry org.geolatte.geom.crs.Geographic2DCoordinateReferenceSystem getGeographicCoordinateReferenceSystemForEPSG(int)'>
        <annotation name='com.intellij.inspections.tainted.annotation.equation.Equations'>
            <val val="{ &quot;getGeographicCoordinateReferenceSystemForEPSG := &quot; }"/>
        </annotation>
    </item>
    <item name='org.geolatte.geom.crs.CrsRegistry org.geolatte.geom.crs.ProjectedCoordinateReferenceSystem getProjectedCoordinateReferenceSystemForEPSG(int)'>
        <annotation name='com.intellij.inspections.tainted.annotation.equation.Equations'>
            <val val="{ &quot;getProjectedCoordinateReferenceSystemForEPSG := &quot; }"/>
        </annotation>
    </item>
    <item name='org.geolatte.geom.crs.Datum'>
        <annotation name='com.intellij.inspections.tainted.annotation.equation.Equations'>
            <val val="{ &quot;Datum := #Datum(org.geolatte.geom.crs.CrsId, org.geolatte.geom.crs.Ellipsoid, java.lang.String, double[])#1 &amp; #Datum(org.geolatte.geom.crs.CrsId, org.geolatte.geom.crs.Ellipsoid, java.lang.String, double[])#3&quot; }"/>
        </annotation>
    </item>
    <item name='org.geolatte.geom.crs.Datum Datum(org.geolatte.geom.crs.CrsId, org.geolatte.geom.crs.Ellipsoid, java.lang.String, double[])'>
        <annotation name='com.intellij.inspections.tainted.annotation.equation.Equations'>
            <val val="{ &quot;Datum := Datum&quot; }"/>
        </annotation>
    </item>
    <item name='org.geolatte.geom.crs.Datum boolean equals(java.lang.Object)'>
        <annotation name='com.intellij.inspections.tainted.annotation.equation.Equations'>
            <val val="{ &quot;o := CrsIdentifiable#equals(java.lang.Object)#0&quot; }"/>
        </annotation>
    </item>
    <item name='org.geolatte.geom.crs.Datum double[] getToWGS84()'>
        <annotation name='com.intellij.inspections.tainted.annotation.equation.Equations'>
            <val val="{ &quot;getToWGS84 := Datum&quot; }"/>
        </annotation>
    </item>
    <item name='org.geolatte.geom.crs.Datum int hashCode()'>
        <annotation name='com.intellij.inspections.tainted.annotation.equation.Equations'>
            <val val="{ &quot;hashCode := &quot; }"/>
        </annotation>
    </item>
    <item name='org.geolatte.geom.crs.Datum org.geolatte.geom.crs.Ellipsoid getEllipsoid()'>
        <annotation name='com.intellij.inspections.tainted.annotation.equation.Equations'>
            <val val="{ &quot;getEllipsoid := Datum&quot; }"/>
        </annotation>
    </item>
    <item name='org.geolatte.geom.crs.Ellipsoid'>
        <annotation name='com.intellij.inspections.tainted.annotation.equation.Equations'>
            <val val="{ &quot;Ellipsoid := #Ellipsoid(org.geolatte.geom.crs.CrsId, java.lang.String, double, double)#2 &amp; #Ellipsoid(org.geolatte.geom.crs.CrsId, java.lang.String, double, double)#3&quot; }"/>
        </annotation>
    </item>
    <item name='org.geolatte.geom.crs.Ellipsoid Ellipsoid(org.geolatte.geom.crs.CrsId, java.lang.String, double, double)'>
        <annotation name='com.intellij.inspections.tainted.annotation.equation.Equations'>
            <val val="{ &quot;Ellipsoid := Ellipsoid&quot; }"/>
        </annotation>
    </item>
    <item name='org.geolatte.geom.crs.Ellipsoid boolean equals(java.lang.Object)'>
        <annotation name='com.intellij.inspections.tainted.annotation.equation.Equations'>
            <val val="{ &quot;o := CrsIdentifiable#equals(java.lang.Object)#0&quot; }"/>
        </annotation>
    </item>
    <item name='org.geolatte.geom.crs.Ellipsoid double getInverseFlattening()'>
        <annotation name='com.intellij.inspections.tainted.annotation.equation.Equations'>
            <val val="{ &quot;getInverseFlattening := Ellipsoid&quot; }"/>
        </annotation>
    </item>
    <item name='org.geolatte.geom.crs.Ellipsoid double getSemiMajorAxis()'>
        <annotation name='com.intellij.inspections.tainted.annotation.equation.Equations'>
            <val val="{ &quot;getSemiMajorAxis := Ellipsoid&quot; }"/>
        </annotation>
    </item>
    <item name='org.geolatte.geom.crs.Ellipsoid int hashCode()'>
        <annotation name='com.intellij.inspections.tainted.annotation.equation.Equations'>
            <val val="{ &quot;hashCode := &quot; }"/>
        </annotation>
    </item>
    <item name='org.geolatte.geom.crs.EllipsoidalAxis EllipsoidalAxis(java.lang.String, org.geolatte.geom.crs.CoordinateSystemAxisDirection, org.geolatte.geom.crs.Unit)'>
        <annotation name='com.intellij.inspections.tainted.annotation.equation.Equations'>
            <val val="{ &quot;coordinateSystemAxisDirection := CoordinateSystemAxisDirection#EAST &amp; CoordinateSystemAxisDirection#NORTH&quot;, &quot;axisName := GeodeticLongitudeCSAxis#GeodeticLongitudeCSAxis(java.lang.String, org.geolatte.geom.crs.AngularUnit)#0 &amp; GeodeticLatitudeCSAxis#GeodeticLatitudeCSAxis(java.lang.String, org.geolatte.geom.crs.AngularUnit)#0&quot;, &quot;EllipsoidalAxis := EllipsoidalAxis&quot;, &quot;unit := GeodeticLongitudeCSAxis#GeodeticLongitudeCSAxis(java.lang.String, org.geolatte.geom.crs.AngularUnit)#1 &amp; GeodeticLatitudeCSAxis#GeodeticLatitudeCSAxis(java.lang.String, org.geolatte.geom.crs.AngularUnit)#1&quot; }"/>
        </annotation>
    </item>
    <item name='org.geolatte.geom.crs.EllipsoidalCoordinateSystem2D EllipsoidalCoordinateSystem2D(org.geolatte.geom.crs.EllipsoidalAxis, org.geolatte.geom.crs.EllipsoidalAxis)'>
        <annotation name='com.intellij.inspections.tainted.annotation.equation.Equations'>
            <val val="{ &quot;EllipsoidalCoordinateSystem2D := EllipsoidalCoordinateSystem2D&quot;, &quot;first := &quot;, &quot;second := &quot; }"/>
        </annotation>
    </item>
    <item name='org.geolatte.geom.crs.EllipsoidalCoordinateSystem2D org.geolatte.geom.crs.CoordinateSystem&lt;? extends org.geolatte.geom.G2D&gt; extend(org.geolatte.geom.crs.CoordinateSystemAxis)'>
        <annotation name='com.intellij.inspections.tainted.annotation.equation.Equations'>
            <val val="{ &quot;axis := CoordinateSystem#extend(org.geolatte.geom.crs.CoordinateSystemAxis)#0&quot;, &quot;extend := &quot; }"/>
        </annotation>
    </item>
    <item name='org.geolatte.geom.crs.EllipsoidalCoordinateSystem2D org.geolatte.geom.crs.CoordinateSystem&lt;? extends org.geolatte.geom.G2D&gt; merge(org.geolatte.geom.crs.OneDimensionCoordinateSystem&lt;?&gt;)'>
        <annotation name='com.intellij.inspections.tainted.annotation.equation.Equations'>
            <val val="{ &quot;coordinateSystem := CoordinateSystem#merge(org.geolatte.geom.crs.OneDimensionCoordinateSystem)#0&quot;, &quot;merge := &quot; }"/>
        </annotation>
    </item>
    <item name='org.geolatte.geom.crs.EllipsoidalCoordinateSystem2DM EllipsoidalCoordinateSystem2DM(org.geolatte.geom.crs.EllipsoidalAxis, org.geolatte.geom.crs.EllipsoidalAxis, org.geolatte.geom.crs.MeasureStraightLineAxis)'>
        <annotation name='com.intellij.inspections.tainted.annotation.equation.Equations'>
            <val val="{ &quot;second := &quot;, &quot;other := EllipsoidalCoordinateSystem2D#extend(org.geolatte.geom.crs.CoordinateSystemAxis)#0&quot;, &quot;EllipsoidalCoordinateSystem2DM := EllipsoidalCoordinateSystem2DM&quot;, &quot;first := &quot; }"/>
        </annotation>
    </item>
    <item name='org.geolatte.geom.crs.EllipsoidalCoordinateSystem2DM org.geolatte.geom.crs.CoordinateSystem&lt;?&gt; merge(org.geolatte.geom.crs.OneDimensionCoordinateSystem&lt;?&gt;)'>
        <annotation name='com.intellij.inspections.tainted.annotation.equation.Equations'>
            <val val="{ &quot;coordinateSystem := CoordinateSystem#merge(org.geolatte.geom.crs.OneDimensionCoordinateSystem)#0&quot;, &quot;merge := &quot; }"/>
        </annotation>
    </item>
    <item name='org.geolatte.geom.crs.EllipsoidalCoordinateSystem2DM org.geolatte.geom.crs.CoordinateSystem&lt;org.geolatte.geom.G3DM&gt; extend(org.geolatte.geom.crs.CoordinateSystemAxis)'>
        <annotation name='com.intellij.inspections.tainted.annotation.equation.Equations'>
            <val val="{ &quot;extend := &quot;, &quot;axis := CoordinateSystem#extend(org.geolatte.geom.crs.CoordinateSystemAxis)#0&quot; }"/>
        </annotation>
    </item>
    <item name='org.geolatte.geom.crs.EllipsoidalCoordinateSystem3D EllipsoidalCoordinateSystem3D(org.geolatte.geom.crs.EllipsoidalAxis, org.geolatte.geom.crs.EllipsoidalAxis, org.geolatte.geom.crs.StraightLineAxis)'>
        <annotation name='com.intellij.inspections.tainted.annotation.equation.Equations'>
            <val val="{ &quot;EllipsoidalCoordinateSystem3D := EllipsoidalCoordinateSystem3D&quot;, &quot;first := &quot;, &quot;heightAxis := EllipsoidalCoordinateSystem2D#extend(org.geolatte.geom.crs.CoordinateSystemAxis)#0&quot;, &quot;second := &quot; }"/>
        </annotation>
    </item>
    <item name='org.geolatte.geom.crs.EllipsoidalCoordinateSystem3D org.geolatte.geom.crs.CoordinateSystem&lt;org.geolatte.geom.G3DM&gt; extend(org.geolatte.geom.crs.CoordinateSystemAxis)'>
        <annotation name='com.intellij.inspections.tainted.annotation.equation.Equations'>
            <val val="{ &quot;axis := CoordinateSystem#extend(org.geolatte.geom.crs.CoordinateSystemAxis)#0&quot;, &quot;extend := &quot; }"/>
        </annotation>
    </item>
    <item name='org.geolatte.geom.crs.EllipsoidalCoordinateSystem3D org.geolatte.geom.crs.CoordinateSystem&lt;org.geolatte.geom.G3DM&gt; merge(org.geolatte.geom.crs.OneDimensionCoordinateSystem&lt;?&gt;)'>
        <annotation name='com.intellij.inspections.tainted.annotation.equation.Equations'>
            <val val="{ &quot;coordinateSystem := CoordinateSystem#merge(org.geolatte.geom.crs.OneDimensionCoordinateSystem)#0&quot;, &quot;merge := &quot; }"/>
        </annotation>
    </item>
    <item name='org.geolatte.geom.crs.EllipsoidalCoordinateSystem3DM EllipsoidalCoordinateSystem3DM(org.geolatte.geom.crs.EllipsoidalAxis, org.geolatte.geom.crs.EllipsoidalAxis, org.geolatte.geom.crs.StraightLineAxis, org.geolatte.geom.crs.MeasureStraightLineAxis)'>
        <annotation name='com.intellij.inspections.tainted.annotation.equation.Equations'>
            <val val="{ &quot;first := &quot;, &quot;EllipsoidalCoordinateSystem3DM := EllipsoidalCoordinateSystem3DM&quot;, &quot;other := EllipsoidalCoordinateSystem3D#extend(org.geolatte.geom.crs.CoordinateSystemAxis)#0&quot;, &quot;second := &quot;, &quot;heightAxis := EllipsoidalCoordinateSystem2DM#extend(org.geolatte.geom.crs.CoordinateSystemAxis)#0&quot; }"/>
        </annotation>
    </item>
    <item name='org.geolatte.geom.crs.EllipsoidalCoordinateSystem3DM org.geolatte.geom.crs.CoordinateSystem&lt;?&gt; extend(org.geolatte.geom.crs.CoordinateSystemAxis)'>
        <annotation name='com.intellij.inspections.tainted.annotation.equation.Equations'>
            <val val="{ &quot;axis := CoordinateSystem#extend(org.geolatte.geom.crs.CoordinateSystemAxis)#0&quot; }"/>
        </annotation>
    </item>
    <item name='org.geolatte.geom.crs.EllipsoidalCoordinateSystem3DM org.geolatte.geom.crs.CoordinateSystem&lt;?&gt; merge(org.geolatte.geom.crs.OneDimensionCoordinateSystem&lt;?&gt;)'>
        <annotation name='com.intellij.inspections.tainted.annotation.equation.Equations'>
            <val val="{ &quot;coordinateSystem := CoordinateSystem#merge(org.geolatte.geom.crs.OneDimensionCoordinateSystem)#0&quot; }"/>
        </annotation>
    </item>
    <item name='org.geolatte.geom.crs.GeodeticLatitudeCSAxis GeodeticLatitudeCSAxis(java.lang.String, org.geolatte.geom.crs.AngularUnit)'>
        <annotation name='com.intellij.inspections.tainted.annotation.equation.Equations'>
            <val val="{ &quot;unit := CoordinateReferenceSystems#mkGeographic(org.geolatte.geom.crs.CrsId, org.geolatte.geom.crs.AngularUnit)#1 &amp; Unit#DEGREE&quot;, &quot;GeodeticLatitudeCSAxis := GeodeticLatitudeCSAxis&quot; }"/>
        </annotation>
    </item>
    <item name='org.geolatte.geom.crs.GeodeticLongitudeCSAxis GeodeticLongitudeCSAxis(java.lang.String, org.geolatte.geom.crs.AngularUnit)'>
        <annotation name='com.intellij.inspections.tainted.annotation.equation.Equations'>
            <val val="{ &quot;unit := CoordinateReferenceSystems#mkGeographic(org.geolatte.geom.crs.CrsId, org.geolatte.geom.crs.AngularUnit)#1 &amp; Unit#DEGREE&quot;, &quot;GeodeticLongitudeCSAxis := GeodeticLongitudeCSAxis&quot; }"/>
        </annotation>
    </item>
    <item name='org.geolatte.geom.crs.Geographic2DCoordinateReferenceSystem Geographic2DCoordinateReferenceSystem(org.geolatte.geom.crs.CrsId, java.lang.String, org.geolatte.geom.crs.EllipsoidalCoordinateSystem2D)'>
        <annotation name='com.intellij.inspections.tainted.annotation.equation.Equations'>
            <val val="{ &quot;crsId := CoordinateReferenceSystems#mkGeographic(org.geolatte.geom.crs.CrsId, org.geolatte.geom.crs.AngularUnit)#0&quot;, &quot;crs := &quot;, &quot;Geographic2DCoordinateReferenceSystem := Geographic2DCoordinateReferenceSystem&quot; }"/>
        </annotation>
    </item>
    <item name='org.geolatte.geom.crs.Geographic2DCoordinateReferenceSystem org.geolatte.geom.crs.EllipsoidalCoordinateSystem2D getCoordinateSystem()'>
        <annotation name='com.intellij.inspections.tainted.annotation.equation.Equations'>
            <val val="{ &quot;getCoordinateSystem := &quot; }"/>
        </annotation>
    </item>
    <item name='org.geolatte.geom.crs.GeographicCoordinateReferenceSystem'>
        <annotation name='com.intellij.inspections.tainted.annotation.equation.Equations'>
            <val val="{ &quot;GeographicCoordinateReferenceSystem := #setDatum(org.geolatte.geom.crs.Datum)#0 &amp; #setPrimeMeridian(org.geolatte.geom.crs.PrimeMeridian)#0&quot; }"/>
        </annotation>
    </item>
    <item name='org.geolatte.geom.crs.GeographicCoordinateReferenceSystem GeographicCoordinateReferenceSystem(org.geolatte.geom.crs.CrsId, java.lang.String, org.geolatte.geom.crs.CoordinateSystem&lt;P&gt;)'>
        <annotation name='com.intellij.inspections.tainted.annotation.equation.Equations'>
            <val val="{ &quot;name := Geographic2DCoordinateReferenceSystem#Geographic2DCoordinateReferenceSystem(org.geolatte.geom.crs.CrsId, java.lang.String, org.geolatte.geom.crs.EllipsoidalCoordinateSystem2D)#1&quot;, &quot;coordinateSystem := Geographic2DCoordinateReferenceSystem#Geographic2DCoordinateReferenceSystem(org.geolatte.geom.crs.CrsId, java.lang.String, org.geolatte.geom.crs.EllipsoidalCoordinateSystem2D)#2&quot;, &quot;crsId := Geographic2DCoordinateReferenceSystem#Geographic2DCoordinateReferenceSystem(org.geolatte.geom.crs.CrsId, java.lang.String, org.geolatte.geom.crs.EllipsoidalCoordinateSystem2D)#0&quot;, &quot;GeographicCoordinateReferenceSystem := GeographicCoordinateReferenceSystem&quot; }"/>
        </annotation>
    </item>
    <item name='org.geolatte.geom.crs.GeographicCoordinateReferenceSystem boolean equals(java.lang.Object)'>
        <annotation name='com.intellij.inspections.tainted.annotation.equation.Equations'>
            <val val="{ &quot;o := CoordinateReferenceSystem#equals(java.lang.Object)#0&quot; }"/>
        </annotation>
    </item>
    <item name='org.geolatte.geom.crs.GeographicCoordinateReferenceSystem int hashCode()'>
        <annotation name='com.intellij.inspections.tainted.annotation.equation.Equations'>
            <val val="{ &quot;hashCode := &quot; }"/>
        </annotation>
    </item>
    <item name='org.geolatte.geom.crs.GeographicCoordinateReferenceSystem org.geolatte.geom.crs.Datum getDatum()'>
        <annotation name='com.intellij.inspections.tainted.annotation.equation.Equations'>
            <val val="{ &quot;getDatum := GeographicCoordinateReferenceSystem&quot; }"/>
        </annotation>
    </item>
    <item name='org.geolatte.geom.crs.GeographicCoordinateReferenceSystem org.geolatte.geom.crs.PrimeMeridian getPrimeMeridian()'>
        <annotation name='com.intellij.inspections.tainted.annotation.equation.Equations'>
            <val val="{ &quot;getPrimeMeridian := GeographicCoordinateReferenceSystem&quot; }"/>
        </annotation>
    </item>
    <item name='org.geolatte.geom.crs.GeographicCoordinateReferenceSystem org.geolatte.geom.crs.Unit getUnit()'>
        <annotation name='com.intellij.inspections.tainted.annotation.equation.Equations'>
            <val val="{ &quot;getUnit := &quot; }"/>
        </annotation>
    </item>
    <item name='org.geolatte.geom.crs.LinearCoordinateReferenceSystem LinearCoordinateReferenceSystem(java.lang.String, org.geolatte.geom.crs.MeasureStraightLineAxis)'>
        <annotation name='com.intellij.inspections.tainted.annotation.equation.Equations'>
            <val val="{ &quot;axis := &quot;, &quot;LinearCoordinateReferenceSystem := LinearCoordinateReferenceSystem&quot; }"/>
        </annotation>
    </item>
    <item name='org.geolatte.geom.crs.LinearUnit LinearUnit(org.geolatte.geom.crs.CrsId, java.lang.String, double)'>
        <annotation name='com.intellij.inspections.tainted.annotation.equation.Equations'>
            <val val="{ &quot;crsId := CrsId#UNDEFINED&quot;, &quot;LinearUnit := LinearUnit&quot; }"/>
        </annotation>
    </item>
    <item name='org.geolatte.geom.crs.LinearUnit org.geolatte.geom.crs.LinearUnit getFundamentalUnit()'>
        <annotation name='com.intellij.inspections.tainted.annotation.equation.Equations'>
            <val val="{ &quot;getFundamentalUnit := Unit#METER&quot; }"/>
        </annotation>
    </item>
    <item name='org.geolatte.geom.crs.MeasureStraightLineAxis MeasureStraightLineAxis(java.lang.String, org.geolatte.geom.crs.LinearUnit)'>
        <annotation name='com.intellij.inspections.tainted.annotation.equation.Equations'>
            <val val="{ &quot;MeasureStraightLineAxis := MeasureStraightLineAxis&quot;, &quot;unit := CoordinateReferenceSystems#mkLinear(org.geolatte.geom.crs.LinearUnit)#0&quot; }"/>
        </annotation>
    </item>
    <item name='org.geolatte.geom.crs.OneDimensionCoordinateSystem'>
        <annotation name='com.intellij.inspections.tainted.annotation.equation.Equations'>
            <val val="{ &quot;OneDimensionCoordinateSystem := #OneDimensionCoordinateSystem(org.geolatte.geom.crs.StraightLineAxis, java.lang.Class)#1&quot; }"/>
        </annotation>
    </item>
    <item name='org.geolatte.geom.crs.OneDimensionCoordinateSystem OneDimensionCoordinateSystem(org.geolatte.geom.crs.StraightLineAxis, java.lang.Class&lt;P&gt;)'>
        <annotation name='com.intellij.inspections.tainted.annotation.equation.Equations'>
            <val val="{ &quot;axis := VerticalCoordinateReferenceSystem#VerticalCoordinateReferenceSystem(org.geolatte.geom.crs.CrsId, java.lang.String, org.geolatte.geom.crs.VerticalDatum, org.geolatte.geom.crs.VerticalStraightLineAxis)#3 &amp; LinearCoordinateReferenceSystem#LinearCoordinateReferenceSystem(java.lang.String, org.geolatte.geom.crs.MeasureStraightLineAxis)#1&quot;, &quot;OneDimensionCoordinateSystem := OneDimensionCoordinateSystem&quot; }"/>
        </annotation>
    </item>
    <item name='org.geolatte.geom.crs.OneDimensionCoordinateSystem java.lang.Class&lt;P&gt; getPositionClass()'>
        <annotation name='com.intellij.inspections.tainted.annotation.equation.Equations'>
            <val val="{ &quot;getPositionClass := OneDimensionCoordinateSystem&quot; }"/>
        </annotation>
    </item>
    <item name='org.geolatte.geom.crs.OneDimensionCoordinateSystem org.geolatte.geom.crs.CoordinateSystem&lt;?&gt; extend(org.geolatte.geom.crs.CoordinateSystemAxis)'>
        <annotation name='com.intellij.inspections.tainted.annotation.equation.Equations'>
            <val val="{ &quot;axis := CoordinateSystem#extend(org.geolatte.geom.crs.CoordinateSystemAxis)#0&quot; }"/>
        </annotation>
    </item>
    <item name='org.geolatte.geom.crs.OneDimensionCoordinateSystem org.geolatte.geom.crs.CoordinateSystem&lt;?&gt; merge(org.geolatte.geom.crs.OneDimensionCoordinateSystem&lt;?&gt;)'>
        <annotation name='com.intellij.inspections.tainted.annotation.equation.Equations'>
            <val val="{ &quot;coordinateSystem := CoordinateSystem#merge(org.geolatte.geom.crs.OneDimensionCoordinateSystem)#0&quot; }"/>
        </annotation>
    </item>
    <item name='org.geolatte.geom.crs.OneDimensionCoordinateSystem org.geolatte.geom.crs.CoordinateSystemAxis getAxis()'>
        <annotation name='com.intellij.inspections.tainted.annotation.equation.Equations'>
            <val val="{ &quot;getAxis := &quot; }"/>
        </annotation>
    </item>
    <item name='org.geolatte.geom.crs.PrimeMeridian'>
        <annotation name='com.intellij.inspections.tainted.annotation.equation.Equations'>
            <val val="{ &quot;PrimeMeridian := #PrimeMeridian(org.geolatte.geom.crs.CrsId, java.lang.String, double)#2&quot; }"/>
        </annotation>
    </item>
    <item name='org.geolatte.geom.crs.PrimeMeridian PrimeMeridian(org.geolatte.geom.crs.CrsId, java.lang.String, double)'>
        <annotation name='com.intellij.inspections.tainted.annotation.equation.Equations'>
            <val val="{ &quot;PrimeMeridian := PrimeMeridian&quot; }"/>
        </annotation>
    </item>
    <item name='org.geolatte.geom.crs.PrimeMeridian boolean equals(java.lang.Object)'>
        <annotation name='com.intellij.inspections.tainted.annotation.equation.Equations'>
            <val val="{ &quot;o := CrsIdentifiable#equals(java.lang.Object)#0&quot; }"/>
        </annotation>
    </item>
    <item name='org.geolatte.geom.crs.PrimeMeridian double getLongitude()'>
        <annotation name='com.intellij.inspections.tainted.annotation.equation.Equations'>
            <val val="{ &quot;getLongitude := PrimeMeridian&quot; }"/>
        </annotation>
    </item>
    <item name='org.geolatte.geom.crs.PrimeMeridian int hashCode()'>
        <annotation name='com.intellij.inspections.tainted.annotation.equation.Equations'>
            <val val="{ &quot;hashCode := &quot; }"/>
        </annotation>
    </item>
    <item name='org.geolatte.geom.crs.ProjectedCoordinateReferenceSystem'>
        <annotation name='com.intellij.inspections.tainted.annotation.equation.Equations'>
            <val val="{ &quot;ProjectedCoordinateReferenceSystem := #ProjectedCoordinateReferenceSystem(org.geolatte.geom.crs.CrsId, java.lang.String, org.geolatte.geom.crs.GeographicCoordinateReferenceSystem, org.geolatte.geom.crs.Projection, java.util.List, org.geolatte.geom.crs.CartesianCoordinateSystem2D, org.geolatte.geom.crs.Extension)#2 &amp; #ProjectedCoordinateReferenceSystem(org.geolatte.geom.crs.CrsId, java.lang.String, org.geolatte.geom.crs.GeographicCoordinateReferenceSystem, org.geolatte.geom.crs.Projection, java.util.List, org.geolatte.geom.crs.CartesianCoordinateSystem2D, org.geolatte.geom.crs.Extension)#3 &amp; #ProjectedCoordinateReferenceSystem(org.geolatte.geom.crs.CrsId, java.lang.String, org.geolatte.geom.crs.GeographicCoordinateReferenceSystem, org.geolatte.geom.crs.Projection, java.util.List, org.geolatte.geom.crs.CartesianCoordinateSystem2D, org.geolatte.geom.crs.Extension)#4 &amp; #ProjectedCoordinateReferenceSystem(org.geolatte.geom.crs.CrsId, java.lang.String, org.geolatte.geom.crs.GeographicCoordinateReferenceSystem, org.geolatte.geom.crs.Projection, java.util.List, org.geolatte.geom.crs.CartesianCoordinateSystem2D, org.geolatte.geom.crs.Extension)#6&quot; }"/>
        </annotation>
    </item>
    <item name='org.geolatte.geom.crs.ProjectedCoordinateReferenceSystem ProjectedCoordinateReferenceSystem(org.geolatte.geom.crs.CrsId, java.lang.String, org.geolatte.geom.crs.GeographicCoordinateReferenceSystem, org.geolatte.geom.crs.Projection, java.util.List&lt;org.geolatte.geom.crs.CrsParameter&gt;, org.geolatte.geom.crs.CartesianCoordinateSystem2D)'>
        <annotation name='com.intellij.inspections.tainted.annotation.equation.Equations'>
            <val val="{ &quot;ProjectedCoordinateReferenceSystem := ProjectedCoordinateReferenceSystem&quot;, &quot;crsId := CoordinateReferenceSystems#mkProjected(org.geolatte.geom.crs.CrsId, org.geolatte.geom.crs.LinearUnit)#0&quot;, &quot;crs := &quot;, &quot;geoCRS := &quot;, &quot;projection := Projection#UNKNOWN&quot;, &quot;parameters := &quot; }"/>
        </annotation>
    </item>
    <item name='org.geolatte.geom.crs.ProjectedCoordinateReferenceSystem ProjectedCoordinateReferenceSystem(org.geolatte.geom.crs.CrsId, java.lang.String, org.geolatte.geom.crs.GeographicCoordinateReferenceSystem, org.geolatte.geom.crs.Projection, java.util.List&lt;org.geolatte.geom.crs.CrsParameter&gt;, org.geolatte.geom.crs.CartesianCoordinateSystem2D, org.geolatte.geom.crs.Extension)'>
        <annotation name='com.intellij.inspections.tainted.annotation.equation.Equations'>
            <val val="{ &quot;name := #ProjectedCoordinateReferenceSystem(org.geolatte.geom.crs.CrsId, java.lang.String, org.geolatte.geom.crs.GeographicCoordinateReferenceSystem, org.geolatte.geom.crs.Projection, java.util.List, org.geolatte.geom.crs.CartesianCoordinateSystem2D)#1&quot;, &quot;projection := #ProjectedCoordinateReferenceSystem(org.geolatte.geom.crs.CrsId, java.lang.String, org.geolatte.geom.crs.GeographicCoordinateReferenceSystem, org.geolatte.geom.crs.Projection, java.util.List, org.geolatte.geom.crs.CartesianCoordinateSystem2D)#3&quot;, &quot;ProjectedCoordinateReferenceSystem := ProjectedCoordinateReferenceSystem&quot;, &quot;crsId := #ProjectedCoordinateReferenceSystem(org.geolatte.geom.crs.CrsId, java.lang.String, org.geolatte.geom.crs.GeographicCoordinateReferenceSystem, org.geolatte.geom.crs.Projection, java.util.List, org.geolatte.geom.crs.CartesianCoordinateSystem2D)#0&quot;, &quot;crs := #ProjectedCoordinateReferenceSystem(org.geolatte.geom.crs.CrsId, java.lang.String, org.geolatte.geom.crs.GeographicCoordinateReferenceSystem, org.geolatte.geom.crs.Projection, java.util.List, org.geolatte.geom.crs.CartesianCoordinateSystem2D)#5&quot;, &quot;parameters := #ProjectedCoordinateReferenceSystem(org.geolatte.geom.crs.CrsId, java.lang.String, org.geolatte.geom.crs.GeographicCoordinateReferenceSystem, org.geolatte.geom.crs.Projection, java.util.List, org.geolatte.geom.crs.CartesianCoordinateSystem2D)#4&quot;, &quot;geoCRS := #ProjectedCoordinateReferenceSystem(org.geolatte.geom.crs.CrsId, java.lang.String, org.geolatte.geom.crs.GeographicCoordinateReferenceSystem, org.geolatte.geom.crs.Projection, java.util.List, org.geolatte.geom.crs.CartesianCoordinateSystem2D)#2&quot; }"/>
        </annotation>
    </item>
    <item name='org.geolatte.geom.crs.ProjectedCoordinateReferenceSystem boolean equals(java.lang.Object)'>
        <annotation name='com.intellij.inspections.tainted.annotation.equation.Equations'>
            <val val="{ &quot;o := CoordinateReferenceSystem#equals(java.lang.Object)#0&quot; }"/>
        </annotation>
    </item>
    <item name='org.geolatte.geom.crs.ProjectedCoordinateReferenceSystem int hashCode()'>
        <annotation name='com.intellij.inspections.tainted.annotation.equation.Equations'>
            <val val="{ &quot;hashCode := &quot; }"/>
        </annotation>
    </item>
    <item name='org.geolatte.geom.crs.ProjectedCoordinateReferenceSystem java.util.List&lt;org.geolatte.geom.crs.CrsParameter&gt; getParameters()'>
        <annotation name='com.intellij.inspections.tainted.annotation.equation.Equations'>
            <val val="{ &quot;getParameters := &quot; }"/>
        </annotation>
    </item>
    <item name='org.geolatte.geom.crs.ProjectedCoordinateReferenceSystem org.geolatte.geom.crs.Extension getExtension()'>
        <annotation name='com.intellij.inspections.tainted.annotation.equation.Equations'>
            <val val="{ &quot;getExtension := ProjectedCoordinateReferenceSystem&quot; }"/>
        </annotation>
    </item>
    <item name='org.geolatte.geom.crs.ProjectedCoordinateReferenceSystem org.geolatte.geom.crs.GeographicCoordinateReferenceSystem getGeographicCoordinateSystem()'>
        <annotation name='com.intellij.inspections.tainted.annotation.equation.Equations'>
            <val val="{ &quot;getGeographicCoordinateSystem := ProjectedCoordinateReferenceSystem&quot; }"/>
        </annotation>
    </item>
    <item name='org.geolatte.geom.crs.ProjectedCoordinateReferenceSystem org.geolatte.geom.crs.Projection getProjection()'>
        <annotation name='com.intellij.inspections.tainted.annotation.equation.Equations'>
            <val val="{ &quot;getProjection := ProjectedCoordinateReferenceSystem&quot; }"/>
        </annotation>
    </item>
    <item name='org.geolatte.geom.crs.Projection'>
        <annotation name='com.intellij.inspections.tainted.annotation.equation.Equations'>
            <val val="{ &quot;Projection := #Projection(org.geolatte.geom.crs.CrsId, java.lang.String)#0 &amp; #Projection(org.geolatte.geom.crs.CrsId, java.lang.String)#1&quot; }"/>
        </annotation>
    </item>
    <item name='org.geolatte.geom.crs.Projection Projection(org.geolatte.geom.crs.CrsId, java.lang.String)'>
        <annotation name='com.intellij.inspections.tainted.annotation.equation.Equations'>
            <val val="{ &quot;Projection := Projection&quot;, &quot;crsId := CrsId#UNDEFINED&quot; }"/>
        </annotation>
    </item>
    <item name='org.geolatte.geom.crs.Projection boolean equals(java.lang.Object)'>
        <annotation name='com.intellij.inspections.tainted.annotation.equation.Equations'>
            <val val="{ &quot;o := java.lang.Object#equals(java.lang.Object)#0&quot; }"/>
        </annotation>
    </item>
    <item name='org.geolatte.geom.crs.Projection int hashCode()'>
        <annotation name='com.intellij.inspections.tainted.annotation.equation.Equations'>
            <val val="{ &quot;hashCode := &quot; }"/>
        </annotation>
    </item>
    <item name='org.geolatte.geom.crs.Projection java.lang.String toString()'>
        <annotation name='com.intellij.inspections.tainted.annotation.equation.Equations'>
            <val val="{ &quot;toString := Projection&quot; }"/>
        </annotation>
    </item>
    <item name='org.geolatte.geom.crs.SingleCoordinateReferenceSystem SingleCoordinateReferenceSystem(org.geolatte.geom.crs.CrsId, java.lang.String, org.geolatte.geom.crs.CoordinateSystem&lt;P&gt;)'>
        <annotation name='com.intellij.inspections.tainted.annotation.equation.Equations'>
            <val val="{ &quot;name := VerticalCoordinateReferenceSystem#VerticalCoordinateReferenceSystem(org.geolatte.geom.crs.CrsId, java.lang.String, org.geolatte.geom.crs.VerticalDatum, org.geolatte.geom.crs.VerticalStraightLineAxis)#1 &amp; LinearCoordinateReferenceSystem#LinearCoordinateReferenceSystem(java.lang.String, org.geolatte.geom.crs.MeasureStraightLineAxis)#0 &amp; GeographicCoordinateReferenceSystem#GeographicCoordinateReferenceSystem(org.geolatte.geom.crs.CrsId, java.lang.String, org.geolatte.geom.crs.CoordinateSystem)#1 &amp; ProjectedCoordinateReferenceSystem#ProjectedCoordinateReferenceSystem(org.geolatte.geom.crs.CrsId, java.lang.String, org.geolatte.geom.crs.GeographicCoordinateReferenceSystem, org.geolatte.geom.crs.Projection, java.util.List, org.geolatte.geom.crs.CartesianCoordinateSystem2D, org.geolatte.geom.crs.Extension)#1&quot;, &quot;SingleCoordinateReferenceSystem := SingleCoordinateReferenceSystem&quot;, &quot;coordinateSystem := GeographicCoordinateReferenceSystem#GeographicCoordinateReferenceSystem(org.geolatte.geom.crs.CrsId, java.lang.String, org.geolatte.geom.crs.CoordinateSystem)#2 &amp; ProjectedCoordinateReferenceSystem#ProjectedCoordinateReferenceSystem(org.geolatte.geom.crs.CrsId, java.lang.String, org.geolatte.geom.crs.GeographicCoordinateReferenceSystem, org.geolatte.geom.crs.Projection, java.util.List, org.geolatte.geom.crs.CartesianCoordinateSystem2D, org.geolatte.geom.crs.Extension)#5&quot;, &quot;crsId := VerticalCoordinateReferenceSystem#VerticalCoordinateReferenceSystem(org.geolatte.geom.crs.CrsId, java.lang.String, org.geolatte.geom.crs.VerticalDatum, org.geolatte.geom.crs.VerticalStraightLineAxis)#0 &amp; CrsId#UNDEFINED &amp; GeographicCoordinateReferenceSystem#GeographicCoordinateReferenceSystem(org.geolatte.geom.crs.CrsId, java.lang.String, org.geolatte.geom.crs.CoordinateSystem)#0 &amp; ProjectedCoordinateReferenceSystem#ProjectedCoordinateReferenceSystem(org.geolatte.geom.crs.CrsId, java.lang.String, org.geolatte.geom.crs.GeographicCoordinateReferenceSystem, org.geolatte.geom.crs.Projection, java.util.List, org.geolatte.geom.crs.CartesianCoordinateSystem2D, org.geolatte.geom.crs.Extension)#0&quot; }"/>
        </annotation>
    </item>
    <item name='org.geolatte.geom.crs.StraightLineAxis StraightLineAxis(java.lang.String, org.geolatte.geom.crs.CoordinateSystemAxisDirection, int, org.geolatte.geom.crs.Unit)'>
        <annotation name='com.intellij.inspections.tainted.annotation.equation.Equations'>
            <val val="{ &quot;StraightLineAxis := StraightLineAxis&quot; }"/>
        </annotation>
    </item>
    <item name='org.geolatte.geom.crs.StraightLineAxis StraightLineAxis(java.lang.String, org.geolatte.geom.crs.CoordinateSystemAxisDirection, org.geolatte.geom.crs.LinearUnit)'>
        <annotation name='com.intellij.inspections.tainted.annotation.equation.Equations'>
            <val val="{ &quot;StraightLineAxis := StraightLineAxis&quot;, &quot;axisName := VerticalStraightLineAxis#VerticalStraightLineAxis(java.lang.String, org.geolatte.geom.crs.LinearUnit)#0 &amp; MeasureStraightLineAxis#MeasureStraightLineAxis(java.lang.String, org.geolatte.geom.crs.LinearUnit)#0 &amp; VerticalStraightLineAxis#VerticalStraightLineAxis(java.lang.String, org.geolatte.geom.crs.CoordinateSystemAxisDirection, org.geolatte.geom.crs.LinearUnit)#0&quot;, &quot;coordinateSystemAxisDirection := CoordinateSystemAxisDirection#UP &amp; CoordinateSystemAxisDirection#EAST &amp; CoordinateSystemAxisDirection#NORTH &amp; CoordinateSystemAxisDirection#OTHER &amp; VerticalStraightLineAxis#VerticalStraightLineAxis(java.lang.String, org.geolatte.geom.crs.CoordinateSystemAxisDirection, org.geolatte.geom.crs.LinearUnit)#1&quot;, &quot;unit := VerticalStraightLineAxis#VerticalStraightLineAxis(java.lang.String, org.geolatte.geom.crs.LinearUnit)#1 &amp; CoordinateReferenceSystems#mkProjected(org.geolatte.geom.crs.CrsId, org.geolatte.geom.crs.LinearUnit)#1 &amp; Unit#METER &amp; MeasureStraightLineAxis#MeasureStraightLineAxis(java.lang.String, org.geolatte.geom.crs.LinearUnit)#1 &amp; VerticalStraightLineAxis#VerticalStraightLineAxis(java.lang.String, org.geolatte.geom.crs.CoordinateSystemAxisDirection, org.geolatte.geom.crs.LinearUnit)#2&quot; }"/>
        </annotation>
    </item>
    <item name='org.geolatte.geom.crs.Unit'>
        <annotation name='com.intellij.inspections.tainted.annotation.equation.Equations'>
            <val val="{ &quot;Unit := #Unit(org.geolatte.geom.crs.CrsId, java.lang.String, double)#2&quot; }"/>
        </annotation>
    </item>
    <item name='org.geolatte.geom.crs.Unit Unit(org.geolatte.geom.crs.CrsId, java.lang.String, double)'>
        <annotation name='com.intellij.inspections.tainted.annotation.equation.Equations'>
            <val val="{ &quot;conversionFactor := LinearUnit#LinearUnit(org.geolatte.geom.crs.CrsId, java.lang.String, double)#2 &amp; AngularUnit#AngularUnit(org.geolatte.geom.crs.CrsId, java.lang.String, double)#2&quot;, &quot;crsId := LinearUnit#LinearUnit(org.geolatte.geom.crs.CrsId, java.lang.String, double)#0 &amp; AngularUnit#AngularUnit(org.geolatte.geom.crs.CrsId, java.lang.String, double)#0&quot;, &quot;Unit := Unit&quot;, &quot;name := LinearUnit#LinearUnit(org.geolatte.geom.crs.CrsId, java.lang.String, double)#1 &amp; AngularUnit#AngularUnit(org.geolatte.geom.crs.CrsId, java.lang.String, double)#1&quot; }"/>
        </annotation>
    </item>
    <item name='org.geolatte.geom.crs.Unit boolean equals(java.lang.Object)'>
        <annotation name='com.intellij.inspections.tainted.annotation.equation.Equations'>
            <val val="{ &quot;o := CrsIdentifiable#equals(java.lang.Object)#0&quot; }"/>
        </annotation>
    </item>
    <item name='org.geolatte.geom.crs.Unit boolean isAngular()'>
        <annotation name='com.intellij.inspections.tainted.annotation.equation.Equations'>
            <val val="{ &quot;isAngular := AngularUnit#isAngular() &amp; LinearUnit#isAngular()&quot; }"/>
        </annotation>
    </item>
    <item name='org.geolatte.geom.crs.Unit double getConversionFactor()'>
        <annotation name='com.intellij.inspections.tainted.annotation.equation.Equations'>
            <val val="{ &quot;getConversionFactor := Unit&quot; }"/>
        </annotation>
    </item>
    <item name='org.geolatte.geom.crs.Unit int hashCode()'>
        <annotation name='com.intellij.inspections.tainted.annotation.equation.Equations'>
            <val val="{ &quot;hashCode := &quot; }"/>
        </annotation>
    </item>
    <item name='org.geolatte.geom.crs.Unit java.lang.String toString()'>
        <annotation name='com.intellij.inspections.tainted.annotation.equation.Equations'>
            <val val="{ &quot;toString := Unit&quot; }"/>
        </annotation>
    </item>
    <item name='org.geolatte.geom.crs.Unit org.geolatte.geom.crs.Unit getFundamentalUnit()'>
        <annotation name='com.intellij.inspections.tainted.annotation.equation.Equations'>
            <val val="{ &quot;getFundamentalUnit := AngularUnit#getFundamentalUnit() &amp; LinearUnit#getFundamentalUnit()&quot; }"/>
        </annotation>
    </item>
    <item name='org.geolatte.geom.crs.VerticalCoordinateReferenceSystem'>
        <annotation name='com.intellij.inspections.tainted.annotation.equation.Equations'>
            <val val="{ &quot;VerticalCoordinateReferenceSystem := #VerticalCoordinateReferenceSystem(org.geolatte.geom.crs.CrsId, java.lang.String, org.geolatte.geom.crs.VerticalDatum, org.geolatte.geom.crs.VerticalStraightLineAxis)#2&quot; }"/>
        </annotation>
    </item>
    <item name='org.geolatte.geom.crs.VerticalCoordinateReferenceSystem VerticalCoordinateReferenceSystem(org.geolatte.geom.crs.CrsId, java.lang.String, org.geolatte.geom.crs.VerticalDatum, org.geolatte.geom.crs.VerticalStraightLineAxis)'>
        <annotation name='com.intellij.inspections.tainted.annotation.equation.Equations'>
            <val val="{ &quot;VerticalCoordinateReferenceSystem := VerticalCoordinateReferenceSystem&quot;, &quot;axis := &quot;, &quot;crsId := CrsId#UNDEFINED&quot;, &quot;datum := VerticalDatum#UNKNOWN_VERTICAL_DATUM&quot; }"/>
        </annotation>
    </item>
    <item name='org.geolatte.geom.crs.VerticalCoordinateReferenceSystem org.geolatte.geom.crs.LinearUnit getUnit()'>
        <annotation name='com.intellij.inspections.tainted.annotation.equation.Equations'>
            <val val="{ &quot;getUnit := &quot; }"/>
        </annotation>
    </item>
    <item name='org.geolatte.geom.crs.VerticalCoordinateReferenceSystem org.geolatte.geom.crs.VerticalDatum getDatum()'>
        <annotation name='com.intellij.inspections.tainted.annotation.equation.Equations'>
            <val val="{ &quot;getDatum := VerticalCoordinateReferenceSystem&quot; }"/>
        </annotation>
    </item>
    <item name='org.geolatte.geom.crs.VerticalCoordinateReferenceSystem org.geolatte.geom.crs.VerticalStraightLineAxis getVerticalAxis()'>
        <annotation name='com.intellij.inspections.tainted.annotation.equation.Equations'>
            <val val="{ &quot;getVerticalAxis := &quot; }"/>
        </annotation>
    </item>
    <item name='org.geolatte.geom.crs.VerticalDatum'>
        <annotation name='com.intellij.inspections.tainted.annotation.equation.Equations'>
            <val val="{ &quot;VerticalDatum := #VerticalDatum(org.geolatte.geom.crs.CrsId, java.lang.String, int, org.geolatte.geom.crs.Extension)#2 &amp; #VerticalDatum(org.geolatte.geom.crs.CrsId, java.lang.String, int, org.geolatte.geom.crs.Extension)#3&quot; }"/>
        </annotation>
    </item>
    <item name='org.geolatte.geom.crs.VerticalDatum VerticalDatum(org.geolatte.geom.crs.CrsId, java.lang.String, int)'>
        <annotation name='com.intellij.inspections.tainted.annotation.equation.Equations'>
            <val val="{ &quot;VerticalDatum := VerticalDatum&quot;, &quot;crsId := CrsId#UNDEFINED&quot; }"/>
        </annotation>
    </item>
    <item name='org.geolatte.geom.crs.VerticalDatum VerticalDatum(org.geolatte.geom.crs.CrsId, java.lang.String, int, org.geolatte.geom.crs.Extension)'>
        <annotation name='com.intellij.inspections.tainted.annotation.equation.Equations'>
            <val val="{ &quot;crsId := #VerticalDatum(org.geolatte.geom.crs.CrsId, java.lang.String, int)#0&quot;, &quot;VerticalDatum := VerticalDatum&quot;, &quot;name := #VerticalDatum(org.geolatte.geom.crs.CrsId, java.lang.String, int)#1&quot;, &quot;datumtype := #VerticalDatum(org.geolatte.geom.crs.CrsId, java.lang.String, int)#2&quot; }"/>
        </annotation>
    </item>
    <item name='org.geolatte.geom.crs.VerticalDatum int getDatumType()'>
        <annotation name='com.intellij.inspections.tainted.annotation.equation.Equations'>
            <val val="{ &quot;getDatumType := VerticalDatum&quot; }"/>
        </annotation>
    </item>
    <item name='org.geolatte.geom.crs.VerticalDatum org.geolatte.geom.crs.Extension getExtension()'>
        <annotation name='com.intellij.inspections.tainted.annotation.equation.Equations'>
            <val val="{ &quot;getExtension := VerticalDatum&quot; }"/>
        </annotation>
    </item>
    <item name='org.geolatte.geom.crs.VerticalStraightLineAxis VerticalStraightLineAxis(java.lang.String, org.geolatte.geom.crs.CoordinateSystemAxisDirection, org.geolatte.geom.crs.LinearUnit)'>
        <annotation name='com.intellij.inspections.tainted.annotation.equation.Equations'>
            <val val="{ &quot;VerticalStraightLineAxis := VerticalStraightLineAxis&quot; }"/>
        </annotation>
    </item>
    <item name='org.geolatte.geom.crs.VerticalStraightLineAxis VerticalStraightLineAxis(java.lang.String, org.geolatte.geom.crs.LinearUnit)'>
        <annotation name='com.intellij.inspections.tainted.annotation.equation.Equations'>
            <val val="{ &quot;VerticalStraightLineAxis := VerticalStraightLineAxis&quot;, &quot;unit := CoordinateReferenceSystems#mkVertical(org.geolatte.geom.crs.LinearUnit)#0&quot; }"/>
        </annotation>
    </item>
    <item name='org.geolatte.geom.crs.VerticalStraightLineAxis org.geolatte.geom.crs.LinearUnit getUnit()'>
        <annotation name='com.intellij.inspections.tainted.annotation.equation.Equations'>
            <val val="{ &quot;getUnit := &quot; }"/>
        </annotation>
    </item>
</root>