<root>
    <item name='org.locationtech.jts.operation.overlay.LineBuilder'>
        <annotation name='com.intellij.inspections.tainted.annotation.equation.Equations'>
            <val val="{ &quot;LineBuilder := #LineBuilder(org.locationtech.jts.operation.overlay.OverlayOp, org.locationtech.jts.geom.GeometryFactory, org.locationtech.jts.algorithm.PointLocator)#0 &amp; #LineBuilder(org.locationtech.jts.operation.overlay.OverlayOp, org.locationtech.jts.geom.GeometryFactory, org.locationtech.jts.algorithm.PointLocator)#1 &amp; #LineBuilder(org.locationtech.jts.operation.overlay.OverlayOp, org.locationtech.jts.geom.GeometryFactory, org.locationtech.jts.algorithm.PointLocator)#2&quot; }"/>
        </annotation>
    </item>
    <item name='org.locationtech.jts.operation.overlay.LineBuilder LineBuilder(org.locationtech.jts.operation.overlay.OverlayOp, org.locationtech.jts.geom.GeometryFactory, org.locationtech.jts.algorithm.PointLocator)'>
        <annotation name='com.intellij.inspections.tainted.annotation.equation.Equations'>
            <val val="{ &quot;op := OverlayOp&quot;, &quot;ptLocator := OverlayOp&quot;, &quot;geometryFactory := OverlayOp&quot;, &quot;LineBuilder := LineBuilder&quot; }"/>
        </annotation>
    </item>
    <item name='org.locationtech.jts.operation.overlay.LineBuilder java.util.List build(int)'>
        <annotation name='com.intellij.inspections.tainted.annotation.equation.Equations'>
            <val val="{ &quot;build := LineBuilder&quot;, &quot;opCode := OverlayOp#computeOverlay(int)#0&quot; }"/>
        </annotation>
    </item>
    <item name='org.locationtech.jts.operation.overlay.LineBuilder void buildLines(int)'>
        <annotation name='com.intellij.inspections.tainted.annotation.equation.Equations'>
            <val val="{ &quot;opCode := #build(int)#0&quot; }"/>
        </annotation>
    </item>
    <item name='org.locationtech.jts.operation.overlay.LineBuilder void collectBoundaryTouchEdge(org.locationtech.jts.geomgraph.DirectedEdge, int, java.util.List)'>
        <annotation name='com.intellij.inspections.tainted.annotation.equation.Equations'>
            <val val="{ &quot;opCode := #collectLines(int)#0&quot;, &quot;de := &quot;, &quot;edges := LineBuilder&quot; }"/>
        </annotation>
    </item>
    <item name='org.locationtech.jts.operation.overlay.LineBuilder void collectLineEdge(org.locationtech.jts.geomgraph.DirectedEdge, int, java.util.List)'>
        <annotation name='com.intellij.inspections.tainted.annotation.equation.Equations'>
            <val val="{ &quot;opCode := #collectLines(int)#0&quot;, &quot;edges := LineBuilder&quot;, &quot;de := &quot; }"/>
        </annotation>
    </item>
    <item name='org.locationtech.jts.operation.overlay.LineBuilder void collectLines(int)'>
        <annotation name='com.intellij.inspections.tainted.annotation.equation.Equations'>
            <val val="{ &quot;opCode := #build(int)#0&quot; }"/>
        </annotation>
    </item>
    <item name='org.locationtech.jts.operation.overlay.LineBuilder void labelIsolatedLine(org.locationtech.jts.geomgraph.Edge, int)'>
        <annotation name='com.intellij.inspections.tainted.annotation.equation.Equations'>
            <val val="{ &quot;e := &quot; }"/>
        </annotation>
    </item>
    <item name='org.locationtech.jts.operation.overlay.MaximalEdgeRing MaximalEdgeRing(org.locationtech.jts.geomgraph.DirectedEdge, org.locationtech.jts.geom.GeometryFactory)'>
        <annotation name='com.intellij.inspections.tainted.annotation.equation.Equations'>
            <val val="{ &quot;MaximalEdgeRing := MaximalEdgeRing&quot;, &quot;start := &quot;, &quot;geometryFactory := org.locationtech.jts.operation.valid.ConnectedInteriorTester &amp; PolygonBuilder&quot; }"/>
        </annotation>
    </item>
    <item name='org.locationtech.jts.operation.overlay.MaximalEdgeRing java.util.List buildMinimalRings()'>
        <annotation name='com.intellij.inspections.tainted.annotation.equation.Equations'>
            <val val="{ &quot;buildMinimalRings := &quot; }"/>
        </annotation>
    </item>
    <item name='org.locationtech.jts.operation.overlay.MaximalEdgeRing org.locationtech.jts.geomgraph.DirectedEdge getNext(org.locationtech.jts.geomgraph.DirectedEdge)'>
        <annotation name='com.intellij.inspections.tainted.annotation.equation.Equations'>
            <val val="{ &quot;de := org.locationtech.jts.geomgraph.EdgeRing#getNext(org.locationtech.jts.geomgraph.DirectedEdge)#0&quot;, &quot;getNext := &quot; }"/>
        </annotation>
    </item>
    <item name='org.locationtech.jts.operation.overlay.MaximalEdgeRing void setEdgeRing(org.locationtech.jts.geomgraph.DirectedEdge, org.locationtech.jts.geomgraph.EdgeRing)'>
        <annotation name='com.intellij.inspections.tainted.annotation.equation.Equations'>
            <val val="{ &quot;er := org.locationtech.jts.geomgraph.EdgeRing#setEdgeRing(org.locationtech.jts.geomgraph.DirectedEdge, org.locationtech.jts.geomgraph.EdgeRing)#1&quot;, &quot;de := org.locationtech.jts.geomgraph.EdgeRing#setEdgeRing(org.locationtech.jts.geomgraph.DirectedEdge, org.locationtech.jts.geomgraph.EdgeRing)#0&quot; }"/>
        </annotation>
    </item>
    <item name='org.locationtech.jts.operation.overlay.MinimalEdgeRing MinimalEdgeRing(org.locationtech.jts.geomgraph.DirectedEdge, org.locationtech.jts.geom.GeometryFactory)'>
        <annotation name='com.intellij.inspections.tainted.annotation.equation.Equations'>
            <val val="{ &quot;MinimalEdgeRing := MinimalEdgeRing&quot;, &quot;geometryFactory := MaximalEdgeRing&quot;, &quot;start := MaximalEdgeRing&quot; }"/>
        </annotation>
    </item>
    <item name='org.locationtech.jts.operation.overlay.MinimalEdgeRing org.locationtech.jts.geomgraph.DirectedEdge getNext(org.locationtech.jts.geomgraph.DirectedEdge)'>
        <annotation name='com.intellij.inspections.tainted.annotation.equation.Equations'>
            <val val="{ &quot;de := org.locationtech.jts.geomgraph.EdgeRing#getNext(org.locationtech.jts.geomgraph.DirectedEdge)#0&quot;, &quot;getNext := &quot; }"/>
        </annotation>
    </item>
    <item name='org.locationtech.jts.operation.overlay.MinimalEdgeRing void setEdgeRing(org.locationtech.jts.geomgraph.DirectedEdge, org.locationtech.jts.geomgraph.EdgeRing)'>
        <annotation name='com.intellij.inspections.tainted.annotation.equation.Equations'>
            <val val="{ &quot;de := org.locationtech.jts.geomgraph.EdgeRing#setEdgeRing(org.locationtech.jts.geomgraph.DirectedEdge, org.locationtech.jts.geomgraph.EdgeRing)#0&quot;, &quot;er := org.locationtech.jts.geomgraph.EdgeRing#setEdgeRing(org.locationtech.jts.geomgraph.DirectedEdge, org.locationtech.jts.geomgraph.EdgeRing)#1&quot; }"/>
        </annotation>
    </item>
    <item name='org.locationtech.jts.operation.overlay.OverlayOp'>
        <annotation name='com.intellij.inspections.tainted.annotation.equation.Equations'>
            <val val="{ &quot;OverlayOp := &quot; }"/>
        </annotation>
    </item>
    <item name='org.locationtech.jts.operation.overlay.OverlayOp OverlayOp(org.locationtech.jts.geom.Geometry, org.locationtech.jts.geom.Geometry)'>
        <annotation name='com.intellij.inspections.tainted.annotation.equation.Equations'>
            <val val="{ &quot;g1 := #overlayOp(org.locationtech.jts.geom.Geometry, org.locationtech.jts.geom.Geometry, int)#1&quot;, &quot;OverlayOp := OverlayOp&quot;, &quot;g0 := #overlayOp(org.locationtech.jts.geom.Geometry, org.locationtech.jts.geom.Geometry, int)#0&quot; }"/>
        </annotation>
    </item>
    <item name='org.locationtech.jts.operation.overlay.OverlayOp boolean isCovered(org.locationtech.jts.geom.Coordinate, java.util.List)'>
        <annotation name='com.intellij.inspections.tainted.annotation.equation.Equations'>
            <val val="{ &quot;geomList := OverlayOp&quot;, &quot;coord := #isCoveredByLA(org.locationtech.jts.geom.Coordinate)#0 &amp; #isCoveredByA(org.locationtech.jts.geom.Coordinate)#0&quot; }"/>
        </annotation>
    </item>
    <item name='org.locationtech.jts.operation.overlay.OverlayOp boolean isCoveredByA(org.locationtech.jts.geom.Coordinate)'>
        <annotation name='com.intellij.inspections.tainted.annotation.equation.Equations'>
            <val val="{ &quot;coord := &quot; }"/>
        </annotation>
    </item>
    <item name='org.locationtech.jts.operation.overlay.OverlayOp boolean isResultOfOp(int, int, int)'>
        <annotation name='com.intellij.inspections.tainted.annotation.equation.Equations'>
            <val val="{ &quot;loc1 := &quot;, &quot;overlayOpCode := #isResultOfOp(org.locationtech.jts.geomgraph.Label, int)#1 &amp; #findResultAreaEdges(int)#0&quot;, &quot;loc0 := &quot;, &quot;isResultOfOp := loc0 &amp; org.locationtech.jts.geom.Location#INTERIOR &amp; loc1&quot; }"/>
        </annotation>
    </item>
    <item name='org.locationtech.jts.operation.overlay.OverlayOp boolean isResultOfOp(org.locationtech.jts.geomgraph.Label, int)'>
        <annotation name='com.intellij.inspections.tainted.annotation.equation.Equations'>
            <val val="{ &quot;isResultOfOp := &quot;, &quot;opCode := PointBuilder#extractNonCoveredResultNodes(int)#0 &amp; LineBuilder#collectLineEdge(org.locationtech.jts.geomgraph.DirectedEdge, int, java.util.List)#1 &amp; LineBuilder#collectBoundaryTouchEdge(org.locationtech.jts.geomgraph.DirectedEdge, int, java.util.List)#1&quot;, &quot;label := &quot; }"/>
        </annotation>
    </item>
    <item name='org.locationtech.jts.operation.overlay.OverlayOp int resultDimension(int, org.locationtech.jts.geom.Geometry, org.locationtech.jts.geom.Geometry)'>
        <annotation name='com.intellij.inspections.tainted.annotation.equation.Equations'>
            <val val="{ &quot;opCode := #createEmptyResult(int, org.locationtech.jts.geom.Geometry, org.locationtech.jts.geom.Geometry, org.locationtech.jts.geom.GeometryFactory)#0&quot;, &quot;resultDimension := &quot;, &quot;g0 := #createEmptyResult(int, org.locationtech.jts.geom.Geometry, org.locationtech.jts.geom.Geometry, org.locationtech.jts.geom.GeometryFactory)#1&quot;, &quot;g1 := #createEmptyResult(int, org.locationtech.jts.geom.Geometry, org.locationtech.jts.geom.Geometry, org.locationtech.jts.geom.GeometryFactory)#2&quot; }"/>
        </annotation>
    </item>
    <item name='org.locationtech.jts.operation.overlay.OverlayOp org.locationtech.jts.geom.Geometry computeGeometry(java.util.List, java.util.List, java.util.List, int)'>
        <annotation name='com.intellij.inspections.tainted.annotation.equation.Equations'>
            <val val="{ &quot;resultPolyList := OverlayOp&quot;, &quot;computeGeometry := &quot;, &quot;resultLineList := OverlayOp&quot;, &quot;resultPointList := OverlayOp&quot;, &quot;opcode := #computeOverlay(int)#0&quot; }"/>
        </annotation>
    </item>
    <item name='org.locationtech.jts.operation.overlay.OverlayOp org.locationtech.jts.geom.Geometry createEmptyResult(int, org.locationtech.jts.geom.Geometry, org.locationtech.jts.geom.Geometry, org.locationtech.jts.geom.GeometryFactory)'>
        <annotation name='com.intellij.inspections.tainted.annotation.equation.Equations'>
            <val val="{ &quot;createEmptyResult := &quot;, &quot;overlayOpCode := #INTERSECTION &amp; #UNION &amp; #DIFFERENCE &amp; #SYMDIFFERENCE &amp; #computeGeometry(java.util.List, java.util.List, java.util.List, int)#3&quot;, &quot;a := org.locationtech.jts.geom.Geometry&quot;, &quot;b := org.locationtech.jts.geom.Geometry#intersection(org.locationtech.jts.geom.Geometry)#0 &amp; org.locationtech.jts.geom.Geometry#union(org.locationtech.jts.geom.Geometry)#0 &amp; org.locationtech.jts.geom.Geometry#difference(org.locationtech.jts.geom.Geometry)#0 &amp; org.locationtech.jts.geom.Geometry#symDifference(org.locationtech.jts.geom.Geometry)#0&quot;, &quot;geomFact := org.locationtech.jts.geom.Geometry &amp; OverlayOp&quot; }"/>
        </annotation>
    </item>
    <item name='org.locationtech.jts.operation.overlay.OverlayOp org.locationtech.jts.geom.Geometry getResultGeometry(int)'>
        <annotation name='com.intellij.inspections.tainted.annotation.equation.Equations'>
            <val val="{ &quot;getResultGeometry := OverlayOp&quot;, &quot;overlayOpCode := #overlayOp(org.locationtech.jts.geom.Geometry, org.locationtech.jts.geom.Geometry, int)#2&quot; }"/>
        </annotation>
    </item>
    <item name='org.locationtech.jts.operation.overlay.OverlayOp org.locationtech.jts.geom.Geometry overlayOp(org.locationtech.jts.geom.Geometry, org.locationtech.jts.geom.Geometry, int)'>
        <annotation name='com.intellij.inspections.tainted.annotation.equation.Equations'>
            <val val="{ &quot;overlayOp := &quot;, &quot;geom0 := org.locationtech.jts.operation.overlay.snap.SnapIfNeededOverlayOp&quot;, &quot;opCode := org.locationtech.jts.operation.overlay.snap.SnapIfNeededOverlayOp#getResultGeometry(int)#0 &amp; org.locationtech.jts.operation.overlay.snap.SnapOverlayOp#getResultGeometry(int)#0&quot;, &quot;geom1 := org.locationtech.jts.operation.overlay.snap.SnapIfNeededOverlayOp&quot; }"/>
        </annotation>
    </item>
    <item name='org.locationtech.jts.operation.overlay.OverlayOp org.locationtech.jts.geomgraph.PlanarGraph getGraph()'>
        <annotation name='com.intellij.inspections.tainted.annotation.equation.Equations'>
            <val val="{ &quot;getGraph := OverlayOp&quot; }"/>
        </annotation>
    </item>
    <item name='org.locationtech.jts.operation.overlay.OverlayOp void computeOverlay(int)'>
        <annotation name='com.intellij.inspections.tainted.annotation.equation.Equations'>
            <val val="{ &quot;opCode := #getResultGeometry(int)#0&quot; }"/>
        </annotation>
    </item>
    <item name='org.locationtech.jts.operation.overlay.OverlayOp void findResultAreaEdges(int)'>
        <annotation name='com.intellij.inspections.tainted.annotation.equation.Equations'>
            <val val="{ &quot;opCode := #computeOverlay(int)#0&quot; }"/>
        </annotation>
    </item>
    <item name='org.locationtech.jts.operation.overlay.OverlayOp void insertUniqueEdge(org.locationtech.jts.geomgraph.Edge)'>
        <annotation name='com.intellij.inspections.tainted.annotation.equation.Equations'>
            <val val="{ &quot;e := &quot; }"/>
        </annotation>
    </item>
    <item name='org.locationtech.jts.operation.overlay.OverlayOp void insertUniqueEdges(java.util.List)'>
        <annotation name='com.intellij.inspections.tainted.annotation.equation.Equations'>
            <val val="{ &quot;edges := &quot; }"/>
        </annotation>
    </item>
    <item name='org.locationtech.jts.operation.overlay.OverlayOp void labelIncompleteNode(org.locationtech.jts.geomgraph.Node, int)'>
        <annotation name='com.intellij.inspections.tainted.annotation.equation.Equations'>
            <val val="{ &quot;n := &quot; }"/>
        </annotation>
    </item>
    <item name='org.locationtech.jts.operation.overlay.PointBuilder'>
        <annotation name='com.intellij.inspections.tainted.annotation.equation.Equations'>
            <val val="{ &quot;PointBuilder := #PointBuilder(org.locationtech.jts.operation.overlay.OverlayOp, org.locationtech.jts.geom.GeometryFactory, org.locationtech.jts.algorithm.PointLocator)#0 &amp; #PointBuilder(org.locationtech.jts.operation.overlay.OverlayOp, org.locationtech.jts.geom.GeometryFactory, org.locationtech.jts.algorithm.PointLocator)#1&quot; }"/>
        </annotation>
    </item>
    <item name='org.locationtech.jts.operation.overlay.PointBuilder PointBuilder(org.locationtech.jts.operation.overlay.OverlayOp, org.locationtech.jts.geom.GeometryFactory, org.locationtech.jts.algorithm.PointLocator)'>
        <annotation name='com.intellij.inspections.tainted.annotation.equation.Equations'>
            <val val="{ &quot;op := OverlayOp&quot;, &quot;PointBuilder := PointBuilder&quot;, &quot;ptLocator := OverlayOp&quot;, &quot;geometryFactory := OverlayOp&quot; }"/>
        </annotation>
    </item>
    <item name='org.locationtech.jts.operation.overlay.PointBuilder java.util.List build(int)'>
        <annotation name='com.intellij.inspections.tainted.annotation.equation.Equations'>
            <val val="{ &quot;build := PointBuilder&quot;, &quot;opCode := OverlayOp#computeOverlay(int)#0&quot; }"/>
        </annotation>
    </item>
    <item name='org.locationtech.jts.operation.overlay.PointBuilder void extractNonCoveredResultNodes(int)'>
        <annotation name='com.intellij.inspections.tainted.annotation.equation.Equations'>
            <val val="{ &quot;opCode := #build(int)#0&quot; }"/>
        </annotation>
    </item>
    <item name='org.locationtech.jts.operation.overlay.PointBuilder void filterCoveredNodeToPoint(org.locationtech.jts.geomgraph.Node)'>
        <annotation name='com.intellij.inspections.tainted.annotation.equation.Equations'>
            <val val="{ &quot;n := &quot; }"/>
        </annotation>
    </item>
    <item name='org.locationtech.jts.operation.overlay.PolygonBuilder'>
        <annotation name='com.intellij.inspections.tainted.annotation.equation.Equations'>
            <val val="{ &quot;PolygonBuilder := #PolygonBuilder(org.locationtech.jts.geom.GeometryFactory)#0&quot; }"/>
        </annotation>
    </item>
    <item name='org.locationtech.jts.operation.overlay.PolygonBuilder PolygonBuilder(org.locationtech.jts.geom.GeometryFactory)'>
        <annotation name='com.intellij.inspections.tainted.annotation.equation.Equations'>
            <val val="{ &quot;geometryFactory := OverlayOp &amp; org.locationtech.jts.operation.buffer.BufferBuilder&quot;, &quot;PolygonBuilder := PolygonBuilder&quot; }"/>
        </annotation>
    </item>
    <item name='org.locationtech.jts.operation.overlay.PolygonBuilder java.util.List buildMaximalEdgeRings(java.util.Collection)'>
        <annotation name='com.intellij.inspections.tainted.annotation.equation.Equations'>
            <val val="{ &quot;buildMaximalEdgeRings := &quot;, &quot;dirEdges := #add(java.util.Collection, java.util.Collection)#0&quot; }"/>
        </annotation>
    </item>
    <item name='org.locationtech.jts.operation.overlay.PolygonBuilder java.util.List buildMinimalEdgeRings(java.util.List, java.util.List, java.util.List)'>
        <annotation name='com.intellij.inspections.tainted.annotation.equation.Equations'>
            <val val="{ &quot;buildMinimalEdgeRings := &quot;, &quot;shellList := PolygonBuilder&quot;, &quot;freeHoleList := &quot;, &quot;maxEdgeRings := &quot; }"/>
        </annotation>
    </item>
    <item name='org.locationtech.jts.operation.overlay.PolygonBuilder java.util.List computePolygons(java.util.List)'>
        <annotation name='com.intellij.inspections.tainted.annotation.equation.Equations'>
            <val val="{ &quot;shellList := PolygonBuilder&quot;, &quot;computePolygons := &quot; }"/>
        </annotation>
    </item>
    <item name='org.locationtech.jts.operation.overlay.PolygonBuilder java.util.List getPolygons()'>
        <annotation name='com.intellij.inspections.tainted.annotation.equation.Equations'>
            <val val="{ &quot;getPolygons := &quot; }"/>
        </annotation>
    </item>
    <item name='org.locationtech.jts.operation.overlay.PolygonBuilder org.locationtech.jts.geomgraph.EdgeRing findEdgeRingContaining(org.locationtech.jts.geomgraph.EdgeRing, java.util.List)'>
        <annotation name='com.intellij.inspections.tainted.annotation.equation.Equations'>
            <val val="{ &quot;testEr := &quot;, &quot;shellList := #placeFreeHoles(java.util.List, java.util.List)#0&quot;, &quot;findEdgeRingContaining := &quot; }"/>
        </annotation>
    </item>
    <item name='org.locationtech.jts.operation.overlay.PolygonBuilder org.locationtech.jts.geomgraph.EdgeRing findShell(java.util.List)'>
        <annotation name='com.intellij.inspections.tainted.annotation.equation.Equations'>
            <val val="{ &quot;minEdgeRings := &quot;, &quot;findShell := &quot; }"/>
        </annotation>
    </item>
    <item name='org.locationtech.jts.operation.overlay.PolygonBuilder void add(java.util.Collection, java.util.Collection)'>
        <annotation name='com.intellij.inspections.tainted.annotation.equation.Equations'>
            <val val="{ &quot;dirEdges := &quot;, &quot;nodes := &quot; }"/>
        </annotation>
    </item>
    <item name='org.locationtech.jts.operation.overlay.PolygonBuilder void add(org.locationtech.jts.geomgraph.PlanarGraph)'>
        <annotation name='com.intellij.inspections.tainted.annotation.equation.Equations'>
            <val val="{ &quot;graph := OverlayOp&quot; }"/>
        </annotation>
    </item>
    <item name='org.locationtech.jts.operation.overlay.PolygonBuilder void placeFreeHoles(java.util.List, java.util.List)'>
        <annotation name='com.intellij.inspections.tainted.annotation.equation.Equations'>
            <val val="{ &quot;shellList := PolygonBuilder&quot;, &quot;freeHoleList := &quot; }"/>
        </annotation>
    </item>
    <item name='org.locationtech.jts.operation.overlay.PolygonBuilder void placePolygonHoles(org.locationtech.jts.geomgraph.EdgeRing, java.util.List)'>
        <annotation name='com.intellij.inspections.tainted.annotation.equation.Equations'>
            <val val="{ &quot;shell := &quot;, &quot;minEdgeRings := &quot; }"/>
        </annotation>
    </item>
    <item name='org.locationtech.jts.operation.overlay.PolygonBuilder void sortShellsAndHoles(java.util.List, java.util.List, java.util.List)'>
        <annotation name='com.intellij.inspections.tainted.annotation.equation.Equations'>
            <val val="{ &quot;shellList := PolygonBuilder&quot;, &quot;edgeRings := &quot;, &quot;freeHoleList := &quot; }"/>
        </annotation>
    </item>
</root>