<root>
    <item name='com.sun.org.apache.xalan.internal.utils.ConfigurationError ConfigurationError(java.lang.String, java.lang.Exception)'>
        <annotation name='com.intellij.inspections.tainted.annotation.equation.Equations'>
            <val val="{ &quot;ConfigurationError := ConfigurationError&quot; }"/>
        </annotation>
    </item>
    <item name='com.sun.org.apache.xalan.internal.utils.FeatureManager FeatureManager()'>
        <annotation name='com.intellij.inspections.tainted.annotation.equation.Equations'>
            <val val="{ &quot;FeatureManager := FeatureManager&quot; }"/>
        </annotation>
    </item>
    <item name='com.sun.org.apache.xalan.internal.utils.FeatureManager boolean isFeatureEnabled(com.sun.org.apache.xalan.internal.utils.FeatureManager.Feature)'>
        <annotation name='com.intellij.inspections.tainted.annotation.equation.Equations'>
            <val val="{ &quot;feature := com.sun.org.apache.xalan.internal.xsltc.compiler.XSLTC#getFeature(com.sun.org.apache.xalan.internal.utils.FeatureManager.Feature)#0&quot; }"/>
        </annotation>
    </item>
    <item name='com.sun.org.apache.xalan.internal.utils.FeatureManager boolean isFeatureEnabled(java.lang.String)'>
        <annotation name='com.intellij.inspections.tainted.annotation.equation.Equations'>
            <val val="{ &quot;propertyName := com.sun.org.apache.xpath.internal.jaxp.XPathFactoryImpl#getFeature(java.lang.String)#0&quot; }"/>
        </annotation>
    </item>
    <item name='com.sun.org.apache.xalan.internal.utils.FeatureManager.Feature Feature(java.lang.String, java.lang.String)'>
        <annotation name='com.intellij.inspections.tainted.annotation.equation.Equations'>
            <val val="{ &quot;name := com.sun.org.apache.xalan.internal.XalanConstants#ORACLE_ENABLE_EXTENSION_FUNCTION&quot;, &quot;Feature := FeatureManager.Feature&quot; }"/>
        </annotation>
    </item>
    <item name='com.sun.org.apache.xalan.internal.utils.FeatureManager.Feature boolean equalsName(java.lang.String)'>
        <annotation name='com.intellij.inspections.tainted.annotation.equation.Equations'>
            <val val="{ &quot;propertyName := FeatureManager#getIndex(java.lang.String)#0&quot; }"/>
        </annotation>
    </item>
    <item name='com.sun.org.apache.xalan.internal.utils.FeatureManager.Feature java.lang.String defaultValue()'>
        <annotation name='com.intellij.inspections.tainted.annotation.equation.Equations'>
            <val val="{ &quot;defaultValue := FeatureManager.Feature&quot; }"/>
        </annotation>
    </item>
    <item name='com.sun.org.apache.xalan.internal.utils.FeaturePropertyBase'>
        <annotation name='com.intellij.inspections.tainted.annotation.equation.Equations'>
            <val val="{ &quot;FeaturePropertyBase := FeaturePropertyBase.State#DEFAULT&quot; }"/>
        </annotation>
    </item>
    <item name='com.sun.org.apache.xalan.internal.utils.FeaturePropertyBase boolean setValue(java.lang.String, com.sun.org.apache.xalan.internal.utils.FeaturePropertyBase.State, boolean)'>
        <annotation name='com.intellij.inspections.tainted.annotation.equation.Equations'>
            <val val="{ &quot;propertyName := com.sun.org.apache.xalan.internal.xsltc.trax.TransformerFactoryImpl#setFeature(java.lang.String, boolean)#0 &amp; com.sun.org.apache.xpath.internal.jaxp.XPathFactoryImpl#setFeature(java.lang.String, boolean)#0&quot;, &quot;state := FeaturePropertyBase.State#APIPROPERTY&quot; }"/>
        </annotation>
    </item>
    <item name='com.sun.org.apache.xalan.internal.utils.FeaturePropertyBase boolean setValue(java.lang.String, com.sun.org.apache.xalan.internal.utils.FeaturePropertyBase.State, java.lang.Object)'>
        <annotation name='com.intellij.inspections.tainted.annotation.equation.Equations'>
            <val val="{ &quot;value := com.sun.org.apache.xalan.internal.xsltc.trax.TransformerFactoryImpl#setAttribute(java.lang.String, java.lang.Object)#1&quot;, &quot;propertyName := com.sun.org.apache.xalan.internal.xsltc.trax.TransformerFactoryImpl#setAttribute(java.lang.String, java.lang.Object)#0&quot;, &quot;state := FeaturePropertyBase.State#APIPROPERTY&quot; }"/>
        </annotation>
    </item>
    <item name='com.sun.org.apache.xalan.internal.utils.FeaturePropertyBase int getIndex(java.lang.String)'>
        <annotation name='com.intellij.inspections.tainted.annotation.equation.Equations'>
            <val val="{ &quot;propertyName := FeatureManager#getIndex(java.lang.String)#0 &amp; XMLSecurityPropertyManager#getIndex(java.lang.String)#0&quot;, &quot;getIndex := FeatureManager#getIndex(java.lang.String) &amp; XMLSecurityPropertyManager#getIndex(java.lang.String)&quot; }"/>
        </annotation>
    </item>
    <item name='com.sun.org.apache.xalan.internal.utils.FeaturePropertyBase java.lang.String getValue(java.lang.Enum)'>
        <annotation name='com.intellij.inspections.tainted.annotation.equation.Equations'>
            <val val="{ &quot;getValue := FeaturePropertyBase&quot;, &quot;property := XMLSecurityPropertyManager.Property#ACCESS_EXTERNAL_DTD &amp; XMLSecurityPropertyManager.Property#ACCESS_EXTERNAL_STYLESHEET&quot; }"/>
        </annotation>
    </item>
    <item name='com.sun.org.apache.xalan.internal.utils.FeaturePropertyBase java.lang.String getValue(java.lang.String)'>
        <annotation name='com.intellij.inspections.tainted.annotation.equation.Equations'>
            <val val="{ &quot;property := com.sun.org.apache.xalan.internal.xsltc.trax.TransformerFactoryImpl#getAttribute(java.lang.String)#0&quot; }"/>
        </annotation>
    </item>
    <item name='com.sun.org.apache.xalan.internal.utils.FeaturePropertyBase java.lang.String getValueAsString(java.lang.String)'>
        <annotation name='com.intellij.inspections.tainted.annotation.equation.Equations'>
            <val val="{ &quot;propertyName := com.sun.org.apache.xpath.internal.jaxp.XPathFactoryImpl#getFeature(java.lang.String)#0 &amp; com.sun.org.apache.xalan.internal.xsltc.trax.TransformerFactoryImpl#getFeature(java.lang.String)#0&quot; }"/>
        </annotation>
    </item>
    <item name='com.sun.org.apache.xalan.internal.utils.FeaturePropertyBase java.lang.String getValueByIndex(int)'>
        <annotation name='com.intellij.inspections.tainted.annotation.equation.Equations'>
            <val val="{ &quot;getValueByIndex := FeaturePropertyBase&quot; }"/>
        </annotation>
    </item>
    <item name='com.sun.org.apache.xalan.internal.utils.FeaturePropertyBase void getSystemProperty(java.lang.Enum, java.lang.String)'>
        <annotation name='com.intellij.inspections.tainted.annotation.equation.Equations'>
            <val val="{ &quot;systemProperty := com.sun.org.apache.xalan.internal.XalanConstants#SP_ORACLE_ENABLE_EXTENSION_FUNCTION &amp; com.sun.org.apache.xalan.internal.XalanConstants#SP_ACCESS_EXTERNAL_DTD &amp; com.sun.org.apache.xalan.internal.XalanConstants#SP_ACCESS_EXTERNAL_STYLESHEET&quot;, &quot;property := FeatureManager.Feature#ORACLE_ENABLE_EXTENSION_FUNCTION &amp; XMLSecurityPropertyManager.Property#ACCESS_EXTERNAL_DTD &amp; XMLSecurityPropertyManager.Property#ACCESS_EXTERNAL_STYLESHEET&quot; }"/>
        </annotation>
    </item>
    <item name='com.sun.org.apache.xalan.internal.utils.FeaturePropertyBase void setValue(int, com.sun.org.apache.xalan.internal.utils.FeaturePropertyBase.State, java.lang.String)'>
        <annotation name='com.intellij.inspections.tainted.annotation.equation.Equations'>
            <val val="{ &quot;value := #setValue(java.lang.String, com.sun.org.apache.xalan.internal.utils.FeaturePropertyBase.State, java.lang.Object)#2 &amp; com.sun.org.apache.xalan.internal.XalanConstants#FEATURE_TRUE &amp; com.sun.org.apache.xalan.internal.XalanConstants#FEATURE_FALSE&quot;, &quot;state := #setValue(java.lang.String, com.sun.org.apache.xalan.internal.utils.FeaturePropertyBase.State, java.lang.Object)#1 &amp; #setValue(java.lang.String, com.sun.org.apache.xalan.internal.utils.FeaturePropertyBase.State, boolean)#1&quot; }"/>
        </annotation>
    </item>
    <item name='com.sun.org.apache.xalan.internal.utils.FeaturePropertyBase void setValue(java.lang.Enum, com.sun.org.apache.xalan.internal.utils.FeaturePropertyBase.State, java.lang.String)'>
        <annotation name='com.intellij.inspections.tainted.annotation.equation.Equations'>
            <val val="{ &quot;property := XMLSecurityPropertyManager.Property#ACCESS_EXTERNAL_DTD &amp; XMLSecurityPropertyManager.Property#ACCESS_EXTERNAL_STYLESHEET &amp; FeatureManager.Feature#ORACLE_ENABLE_EXTENSION_FUNCTION&quot;, &quot;state := FeaturePropertyBase.State#FSP&quot;, &quot;value := com.sun.org.apache.xalan.internal.XalanConstants#EXTERNAL_ACCESS_DEFAULT_FSP &amp; com.sun.org.apache.xalan.internal.XalanConstants#FEATURE_FALSE&quot; }"/>
        </annotation>
    </item>
    <item name='com.sun.org.apache.xalan.internal.utils.ObjectFactory java.lang.Class&lt;?&gt; findProviderClass(java.lang.String, boolean)'>
        <annotation name='com.intellij.inspections.tainted.annotation.equation.Equations'>
            <val val="{ &quot;className := com.sun.org.apache.xml.internal.utils.ObjectPool#ObjectPool(java.lang.String)#0 &amp; com.sun.org.apache.xml.internal.serializer.SerializerConstants#DEFAULT_SAX_SERIALIZER &amp; com.sun.org.apache.xalan.internal.xsltc.dom.NodeSortRecordFactory#NodeSortRecordFactory(com.sun.org.apache.xalan.internal.xsltc.DOM, java.lang.String, com.sun.org.apache.xalan.internal.xsltc.Translet, java.lang.String[], java.lang.String[], java.lang.String[], java.lang.String[])#1 &amp; com.sun.org.apache.xalan.internal.xsltc.trax.TransformerFactoryImpl &amp; com.sun.org.apache.xalan.internal.xsltc.cmdline.Transform &amp; com.sun.org.apache.xalan.internal.xsltc.compiler.util.ObjectType#ObjectType(java.lang.String)#0 &amp; com.sun.org.apache.xalan.internal.xsltc.compiler.FunctionCall&quot; }"/>
        </annotation>
    </item>
    <item name='com.sun.org.apache.xalan.internal.utils.ObjectFactory java.lang.Class&lt;?&gt; findProviderClass(java.lang.String, java.lang.ClassLoader, boolean)'>
        <annotation name='com.intellij.inspections.tainted.annotation.equation.Equations'>
            <val val="{ &quot;className := #newInstance(java.lang.String, java.lang.ClassLoader, boolean)#0 &amp; #findProviderClass(java.lang.String, boolean)#0&quot;, &quot;cl := #newInstance(java.lang.String, java.lang.ClassLoader, boolean)#1&quot; }"/>
        </annotation>
    </item>
    <item name='com.sun.org.apache.xalan.internal.utils.ObjectFactory java.lang.Object newInstance(java.lang.String, boolean)'>
        <annotation name='com.intellij.inspections.tainted.annotation.equation.Equations'>
            <val val="{ &quot;className := com.sun.org.apache.xalan.internal.xslt.Process#_main(java.lang.String[])#0 &amp; com.sun.org.apache.xpath.internal.compiler.FuncLoader&quot; }"/>
        </annotation>
    </item>
    <item name='com.sun.org.apache.xalan.internal.utils.ObjectFactory java.lang.Object newInstance(java.lang.String, java.lang.ClassLoader, boolean)'>
        <annotation name='com.intellij.inspections.tainted.annotation.equation.Equations'>
            <val val="{ &quot;className := #newInstance(java.lang.String, boolean)#0&quot; }"/>
        </annotation>
    </item>
    <item name='com.sun.org.apache.xalan.internal.utils.ObjectFactory void debugPrintln(java.lang.String)'>
        <annotation name='com.intellij.inspections.tainted.annotation.equation.Equations'>
            <val val="{ &quot;msg := #newInstance(java.lang.String, java.lang.ClassLoader, boolean)#1&quot; }"/>
        </annotation>
    </item>
    <item name='com.sun.org.apache.xalan.internal.utils.SecuritySupport boolean isProtocolAllowed(java.lang.String, java.lang.String)'>
        <annotation name='com.intellij.inspections.tainted.annotation.equation.Equations'>
            <val val="{ &quot;allowedProtocols := #checkAccess(java.lang.String, java.lang.String, java.lang.String)#1&quot; }"/>
        </annotation>
    </item>
    <item name='com.sun.org.apache.xalan.internal.utils.SecuritySupport java.io.InputStream getResourceAsStream(java.lang.ClassLoader, java.lang.String)'>
        <annotation name='com.intellij.inspections.tainted.annotation.equation.Equations'>
            <val val="{ &quot;name := #getResourceAsStream(java.lang.String)#0 &amp; com.sun.org.apache.xpath.internal.functions.FuncSystemProperty#loadPropertyFile(java.lang.String, java.util.Properties)#0&quot; }"/>
        </annotation>
    </item>
    <item name='com.sun.org.apache.xalan.internal.utils.SecuritySupport java.io.InputStream getResourceAsStream(java.lang.String)'>
        <annotation name='com.intellij.inspections.tainted.annotation.equation.Equations'>
            <val val="{ &quot;name := com.sun.org.apache.xml.internal.serializer.Encodings#ENCODINGS_FILE&quot; }"/>
        </annotation>
    </item>
    <item name='com.sun.org.apache.xalan.internal.utils.SecuritySupport java.lang.String checkAccess(java.lang.String, java.lang.String, java.lang.String)'>
        <annotation name='com.intellij.inspections.tainted.annotation.equation.Equations'>
            <val val="{ &quot;systemId := com.sun.org.apache.xalan.internal.xsltc.dom.LoadDocument#document(java.lang.String, java.lang.String, com.sun.org.apache.xalan.internal.xsltc.runtime.AbstractTranslet, com.sun.org.apache.xalan.internal.xsltc.DOM, boolean)#0 &amp; com.sun.org.apache.xalan.internal.xsltc.compiler.Parser&quot;, &quot;accessAny := com.sun.org.apache.xalan.internal.XalanConstants#ACCESS_EXTERNAL_ALL&quot;, &quot;allowedProtocols := &quot; }"/>
        </annotation>
    </item>
    <item name='com.sun.org.apache.xalan.internal.utils.SecuritySupport java.lang.String getSystemProperty(java.lang.String)'>
        <annotation name='com.intellij.inspections.tainted.annotation.equation.Equations'>
            <val val="{ &quot;propName := com.sun.org.apache.xml.internal.utils.XMLReaderManager#property &amp; #getJAXPSystemProperty(java.lang.String)#0 &amp; XMLSecurityManager#getSystemProperty(com.sun.org.apache.xalan.internal.utils.XMLSecurityManager.Limit, java.lang.String)#1 &amp; FeaturePropertyBase#getSystemProperty(java.lang.Enum, java.lang.String)#1 &amp; com.sun.org.apache.xalan.internal.xsltc.trax.TemplatesImpl#DESERIALIZE_TRANSLET&quot; }"/>
        </annotation>
    </item>
    <item name='com.sun.org.apache.xalan.internal.utils.SecuritySupport java.lang.String getSystemProperty(java.lang.String, java.lang.String)'>
        <annotation name='com.intellij.inspections.tainted.annotation.equation.Equations'>
            <val val="{ &quot;propName := com.sun.org.apache.xml.internal.serializer.Encodings#ENCODINGS_PROP&quot; }"/>
        </annotation>
    </item>
    <item name='com.sun.org.apache.xalan.internal.utils.SecuritySupport java.lang.String readJAXPProperty(java.lang.String)'>
        <annotation name='com.intellij.inspections.tainted.annotation.equation.Equations'>
            <val val="{ &quot;propertyId := #getJAXPSystemProperty(java.lang.String)#0 &amp; XMLSecurityManager#getSystemProperty(com.sun.org.apache.xalan.internal.utils.XMLSecurityManager.Limit, java.lang.String)#1 &amp; FeaturePropertyBase#getSystemProperty(java.lang.Enum, java.lang.String)#1&quot; }"/>
        </annotation>
    </item>
    <item name='com.sun.org.apache.xalan.internal.utils.SecuritySupport java.lang.String sanitizePath(java.lang.String)'>
        <annotation name='com.intellij.inspections.tainted.annotation.equation.Equations'>
            <val val="{ &quot;uri := com.sun.org.apache.xalan.internal.xsltc.dom.LoadDocument#document(java.lang.String, java.lang.String, com.sun.org.apache.xalan.internal.xsltc.runtime.AbstractTranslet, com.sun.org.apache.xalan.internal.xsltc.DOM, boolean)#0 &amp; com.sun.org.apache.xalan.internal.xsltc.compiler.Parser&quot; }"/>
        </annotation>
    </item>
    <item name='com.sun.org.apache.xalan.internal.utils.SecuritySupport java.util.ListResourceBundle getResourceBundle(java.lang.String)'>
        <annotation name='com.intellij.inspections.tainted.annotation.equation.Equations'>
            <val val="{ &quot;bundle := com.sun.org.apache.xml.internal.utils.res.XResourceBundle#ERROR_RESOURCES &amp; com.sun.org.apache.xml.internal.res.XMLMessages#XML_ERROR_RESOURCES &amp; com.sun.org.apache.xml.internal.serializer.utils.Messages &amp; com.sun.org.apache.xalan.internal.res.XSLMessages#XSLT_ERROR_RESOURCES&quot; }"/>
        </annotation>
    </item>
    <item name='com.sun.org.apache.xalan.internal.utils.SecuritySupport java.util.ListResourceBundle getResourceBundle(java.lang.String, java.util.Locale)'>
        <annotation name='com.intellij.inspections.tainted.annotation.equation.Equations'>
            <val val="{ &quot;bundle := #getResourceBundle(java.lang.String)#0&quot;, &quot;locale := &quot; }"/>
        </annotation>
    </item>
    <item name='com.sun.org.apache.xalan.internal.utils.XMLSecurityManager XMLSecurityManager()'>
        <annotation name='com.intellij.inspections.tainted.annotation.equation.Equations'>
            <val val="{ &quot;XMLSecurityManager := XMLSecurityManager&quot; }"/>
        </annotation>
    </item>
    <item name='com.sun.org.apache.xalan.internal.utils.XMLSecurityManager XMLSecurityManager(boolean)'>
        <annotation name='com.intellij.inspections.tainted.annotation.equation.Equations'>
            <val val="{ &quot;XMLSecurityManager := XMLSecurityManager&quot; }"/>
        </annotation>
    </item>
    <item name='com.sun.org.apache.xalan.internal.utils.XMLSecurityManager boolean getSystemProperty(com.sun.org.apache.xalan.internal.utils.XMLSecurityManager.Limit, java.lang.String)'>
        <annotation name='com.intellij.inspections.tainted.annotation.equation.Equations'>
            <val val="{ &quot;limit := XMLSecurityManager.Limit&quot;, &quot;sysPropertyName := &quot; }"/>
        </annotation>
    </item>
    <item name='com.sun.org.apache.xalan.internal.utils.XMLSecurityManager boolean setLimit(java.lang.String, com.sun.org.apache.xalan.internal.utils.XMLSecurityManager.State, java.lang.Object)'>
        <annotation name='com.intellij.inspections.tainted.annotation.equation.Equations'>
            <val val="{ &quot;propertyName := com.sun.org.apache.xalan.internal.xsltc.trax.TransformerFactoryImpl#setAttribute(java.lang.String, java.lang.Object)#0&quot;, &quot;state := XMLSecurityManager.State#APIPROPERTY&quot;, &quot;value := com.sun.org.apache.xalan.internal.xsltc.trax.TransformerFactoryImpl#setAttribute(java.lang.String, java.lang.Object)#1&quot; }"/>
        </annotation>
    </item>
    <item name='com.sun.org.apache.xalan.internal.utils.XMLSecurityManager com.sun.org.apache.xalan.internal.utils.XMLSecurityManager.State getState(com.sun.org.apache.xalan.internal.utils.XMLSecurityManager.Limit)'>
        <annotation name='com.intellij.inspections.tainted.annotation.equation.Equations'>
            <val val="{ &quot;getState := XMLSecurityManager&quot; }"/>
        </annotation>
    </item>
    <item name='com.sun.org.apache.xalan.internal.utils.XMLSecurityManager int getIndex(java.lang.String)'>
        <annotation name='com.intellij.inspections.tainted.annotation.equation.Equations'>
            <val val="{ &quot;getIndex := XMLSecurityManager&quot;, &quot;propertyName := #setLimit(java.lang.String, com.sun.org.apache.xalan.internal.utils.XMLSecurityManager.State, java.lang.Object)#0 &amp; #getLimitAsString(java.lang.String)#0&quot; }"/>
        </annotation>
    </item>
    <item name='com.sun.org.apache.xalan.internal.utils.XMLSecurityManager int getLimit(com.sun.org.apache.xalan.internal.utils.XMLSecurityManager.Limit)'>
        <annotation name='com.intellij.inspections.tainted.annotation.equation.Equations'>
            <val val="{ &quot;getLimit := XMLSecurityManager&quot; }"/>
        </annotation>
    </item>
    <item name='com.sun.org.apache.xalan.internal.utils.XMLSecurityManager int getLimitByIndex(int)'>
        <annotation name='com.intellij.inspections.tainted.annotation.equation.Equations'>
            <val val="{ &quot;getLimitByIndex := XMLSecurityManager&quot; }"/>
        </annotation>
    </item>
    <item name='com.sun.org.apache.xalan.internal.utils.XMLSecurityManager java.lang.String getLimitAsString(java.lang.String)'>
        <annotation name='com.intellij.inspections.tainted.annotation.equation.Equations'>
            <val val="{ &quot;propertyName := com.sun.org.apache.xalan.internal.xsltc.trax.TransformerFactoryImpl#getAttribute(java.lang.String)#0&quot; }"/>
        </annotation>
    </item>
    <item name='com.sun.org.apache.xalan.internal.utils.XMLSecurityManager java.lang.String getLimitValueAsString(com.sun.org.apache.xalan.internal.utils.XMLSecurityManager.Limit)'>
        <annotation name='com.intellij.inspections.tainted.annotation.equation.Equations'>
            <val val="{ &quot;limit := XMLSecurityManager.Limit&quot; }"/>
        </annotation>
    </item>
    <item name='com.sun.org.apache.xalan.internal.utils.XMLSecurityManager java.lang.String getLimitValueByIndex(int)'>
        <annotation name='com.intellij.inspections.tainted.annotation.equation.Equations'>
            <val val="{ &quot;getLimitValueByIndex := XMLSecurityManager&quot; }"/>
        </annotation>
    </item>
    <item name='com.sun.org.apache.xalan.internal.utils.XMLSecurityManager void printWarning(java.lang.String, java.lang.String, org.xml.sax.SAXException)'>
        <annotation name='com.intellij.inspections.tainted.annotation.equation.Equations'>
            <val val="{ &quot;propertyName := javax.xml.XMLConstants#FEATURE_SECURE_PROCESSING &amp; javax.xml.XMLConstants#ACCESS_EXTERNAL_DTD &amp; com.sun.org.apache.xalan.internal.XalanConstants#JDK_ENTITY_COUNT_INFO&quot; }"/>
        </annotation>
    </item>
    <item name='com.sun.org.apache.xalan.internal.utils.XMLSecurityManager void setLimit(int, com.sun.org.apache.xalan.internal.utils.XMLSecurityManager.State, int)'>
        <annotation name='com.intellij.inspections.tainted.annotation.equation.Equations'>
            <val val="{ &quot;index := #setLimit(int, com.sun.org.apache.xalan.internal.utils.XMLSecurityManager.State, java.lang.Object)#0&quot;, &quot;state := XMLSecurityManager.State#FSP &amp; #setLimit(com.sun.org.apache.xalan.internal.utils.XMLSecurityManager.Limit, com.sun.org.apache.xalan.internal.utils.XMLSecurityManager.State, int)#1 &amp; #setLimit(int, com.sun.org.apache.xalan.internal.utils.XMLSecurityManager.State, java.lang.Object)#1&quot;, &quot;value := #setLimit(com.sun.org.apache.xalan.internal.utils.XMLSecurityManager.Limit, com.sun.org.apache.xalan.internal.utils.XMLSecurityManager.State, int)#2&quot; }"/>
        </annotation>
    </item>
    <item name='com.sun.org.apache.xalan.internal.utils.XMLSecurityManager void setLimit(int, com.sun.org.apache.xalan.internal.utils.XMLSecurityManager.State, java.lang.Object)'>
        <annotation name='com.intellij.inspections.tainted.annotation.equation.Equations'>
            <val val="{ &quot;state := #setLimit(java.lang.String, com.sun.org.apache.xalan.internal.utils.XMLSecurityManager.State, java.lang.Object)#1&quot;, &quot;value := #setLimit(java.lang.String, com.sun.org.apache.xalan.internal.utils.XMLSecurityManager.State, java.lang.Object)#2&quot; }"/>
        </annotation>
    </item>
    <item name='com.sun.org.apache.xalan.internal.utils.XMLSecurityManager.Limit Limit(java.lang.String, java.lang.String, java.lang.String, int, int)'>
        <annotation name='com.intellij.inspections.tainted.annotation.equation.Equations'>
            <val val="{ &quot;apiProperty := com.sun.org.apache.xalan.internal.XalanConstants#JDK_ENTITY_EXPANSION_LIMIT &amp; com.sun.org.apache.xalan.internal.XalanConstants#JDK_MAX_OCCUR_LIMIT &amp; com.sun.org.apache.xalan.internal.XalanConstants#JDK_ELEMENT_ATTRIBUTE_LIMIT &amp; com.sun.org.apache.xalan.internal.XalanConstants#JDK_TOTAL_ENTITY_SIZE_LIMIT &amp; com.sun.org.apache.xalan.internal.XalanConstants#JDK_GENERAL_ENTITY_SIZE_LIMIT &amp; com.sun.org.apache.xalan.internal.XalanConstants#JDK_PARAMETER_ENTITY_SIZE_LIMIT &amp; com.sun.org.apache.xalan.internal.XalanConstants#JDK_MAX_ELEMENT_DEPTH &amp; com.sun.org.apache.xalan.internal.XalanConstants#JDK_XML_NAME_LIMIT &amp; com.sun.org.apache.xalan.internal.XalanConstants#JDK_ENTITY_REPLACEMENT_LIMIT&quot;, &quot;systemProperty := com.sun.org.apache.xalan.internal.XalanConstants#SP_ENTITY_EXPANSION_LIMIT &amp; com.sun.org.apache.xalan.internal.XalanConstants#SP_MAX_OCCUR_LIMIT &amp; com.sun.org.apache.xalan.internal.XalanConstants#SP_ELEMENT_ATTRIBUTE_LIMIT &amp; com.sun.org.apache.xalan.internal.XalanConstants#SP_TOTAL_ENTITY_SIZE_LIMIT &amp; com.sun.org.apache.xalan.internal.XalanConstants#SP_GENERAL_ENTITY_SIZE_LIMIT &amp; com.sun.org.apache.xalan.internal.XalanConstants#SP_PARAMETER_ENTITY_SIZE_LIMIT &amp; com.sun.org.apache.xalan.internal.XalanConstants#SP_MAX_ELEMENT_DEPTH &amp; com.sun.org.apache.xalan.internal.XalanConstants#SP_XML_NAME_LIMIT &amp; com.sun.org.apache.xalan.internal.XalanConstants#SP_ENTITY_REPLACEMENT_LIMIT&quot;, &quot;Limit := XMLSecurityManager.Limit&quot; }"/>
        </annotation>
    </item>
    <item name='com.sun.org.apache.xalan.internal.utils.XMLSecurityManager.Limit boolean equalsAPIPropertyName(java.lang.String)'>
        <annotation name='com.intellij.inspections.tainted.annotation.equation.Equations'>
            <val val="{ &quot;propertyName := XMLSecurityManager#getIndex(java.lang.String)#0&quot; }"/>
        </annotation>
    </item>
    <item name='com.sun.org.apache.xalan.internal.utils.XMLSecurityManager.Limit int defaultValue()'>
        <annotation name='com.intellij.inspections.tainted.annotation.equation.Equations'>
            <val val="{ &quot;defaultValue := XMLSecurityManager.Limit&quot; }"/>
        </annotation>
    </item>
    <item name='com.sun.org.apache.xalan.internal.utils.XMLSecurityManager.Limit int secureValue()'>
        <annotation name='com.intellij.inspections.tainted.annotation.equation.Equations'>
            <val val="{ &quot;secureValue := XMLSecurityManager.Limit&quot; }"/>
        </annotation>
    </item>
    <item name='com.sun.org.apache.xalan.internal.utils.XMLSecurityManager.Limit java.lang.String apiProperty()'>
        <annotation name='com.intellij.inspections.tainted.annotation.equation.Equations'>
            <val val="{ &quot;apiProperty := XMLSecurityManager.Limit&quot; }"/>
        </annotation>
    </item>
    <item name='com.sun.org.apache.xalan.internal.utils.XMLSecurityManager.Limit java.lang.String key()'>
        <annotation name='com.intellij.inspections.tainted.annotation.equation.Equations'>
            <val val="{ &quot;key := XMLSecurityManager.Limit&quot; }"/>
        </annotation>
    </item>
    <item name='com.sun.org.apache.xalan.internal.utils.XMLSecurityManager.Limit java.lang.String systemProperty()'>
        <annotation name='com.intellij.inspections.tainted.annotation.equation.Equations'>
            <val val="{ &quot;systemProperty := XMLSecurityManager.Limit&quot; }"/>
        </annotation>
    </item>
    <item name='com.sun.org.apache.xalan.internal.utils.XMLSecurityManager.NameMap NameMap(java.lang.String, java.lang.String)'>
        <annotation name='com.intellij.inspections.tainted.annotation.equation.Equations'>
            <val val="{ &quot;NameMap := XMLSecurityManager.NameMap&quot;, &quot;newName := com.sun.org.apache.xalan.internal.XalanConstants#SP_ENTITY_EXPANSION_LIMIT &amp; com.sun.org.apache.xalan.internal.XalanConstants#SP_MAX_OCCUR_LIMIT &amp; com.sun.org.apache.xalan.internal.XalanConstants#SP_ELEMENT_ATTRIBUTE_LIMIT&quot;, &quot;oldName := com.sun.org.apache.xalan.internal.XalanConstants#ENTITY_EXPANSION_LIMIT &amp; com.sun.org.apache.xalan.internal.XalanConstants#MAX_OCCUR_LIMIT &amp; com.sun.org.apache.xalan.internal.XalanConstants#ELEMENT_ATTRIBUTE_LIMIT&quot; }"/>
        </annotation>
    </item>
    <item name='com.sun.org.apache.xalan.internal.utils.XMLSecurityManager.NameMap java.lang.String getOldName(java.lang.String)'>
        <annotation name='com.intellij.inspections.tainted.annotation.equation.Equations'>
            <val val="{ &quot;newName := &quot;, &quot;getOldName := XMLSecurityManager.NameMap&quot; }"/>
        </annotation>
    </item>
    <item name='com.sun.org.apache.xalan.internal.utils.XMLSecurityManager.State State(java.lang.String)'>
        <annotation name='com.intellij.inspections.tainted.annotation.equation.Equations'>
            <val val="{ &quot;State := XMLSecurityManager.State&quot; }"/>
        </annotation>
    </item>
    <item name='com.sun.org.apache.xalan.internal.utils.XMLSecurityManager.State java.lang.String literal()'>
        <annotation name='com.intellij.inspections.tainted.annotation.equation.Equations'>
            <val val="{ &quot;literal := XMLSecurityManager.State&quot; }"/>
        </annotation>
    </item>
    <item name='com.sun.org.apache.xalan.internal.utils.XMLSecurityPropertyManager.Property Property(java.lang.String, java.lang.String)'>
        <annotation name='com.intellij.inspections.tainted.annotation.equation.Equations'>
            <val val="{ &quot;name := javax.xml.XMLConstants#ACCESS_EXTERNAL_DTD &amp; javax.xml.XMLConstants#ACCESS_EXTERNAL_STYLESHEET&quot;, &quot;Property := XMLSecurityPropertyManager.Property&quot;, &quot;value := com.sun.org.apache.xalan.internal.XalanConstants#EXTERNAL_ACCESS_DEFAULT&quot; }"/>
        </annotation>
    </item>
    <item name='com.sun.org.apache.xalan.internal.utils.XMLSecurityPropertyManager.Property boolean equalsName(java.lang.String)'>
        <annotation name='com.intellij.inspections.tainted.annotation.equation.Equations'>
            <val val="{ &quot;propertyName := XMLSecurityPropertyManager#getIndex(java.lang.String)#0&quot; }"/>
        </annotation>
    </item>
    <item name='com.sun.org.apache.xalan.internal.utils.XMLSecurityPropertyManager.Property java.lang.String defaultValue()'>
        <annotation name='com.intellij.inspections.tainted.annotation.equation.Equations'>
            <val val="{ &quot;defaultValue := XMLSecurityPropertyManager.Property&quot; }"/>
        </annotation>
    </item>
</root>