<root>
    <item name='org.hibernate.envers.internal.tools.ArgumentsTools void checkNotNull(java.lang.Object, java.lang.String)'>
        <annotation name='com.intellij.inspections.tainted.annotation.equation.Equations'>
            <val val="{ &quot;o := org.hibernate.envers.query.AuditQueryCreator#forEntitiesAtRevision(java.lang.Class, java.lang.Number)#1 &amp; org.hibernate.envers.query.AuditQueryCreator#forEntitiesAtRevision(java.lang.Class, java.lang.String, java.lang.Number, boolean)#2 &amp; org.hibernate.envers.query.AuditQueryCreator#forEntitiesModifiedAtRevision(java.lang.Class, java.lang.String, java.lang.Number)#2 &amp; org.hibernate.envers.query.AuditQueryCreator#forEntitiesModifiedAtRevision(java.lang.Class, java.lang.Number)#1 &amp; org.hibernate.envers.internal.reader.AuditReaderImpl#find(java.lang.Class, java.lang.String, java.lang.Object, java.lang.Number, boolean)#0 &amp; org.hibernate.envers.internal.reader.AuditReaderImpl#find(java.lang.Class, java.lang.String, java.lang.Object, java.lang.Number, boolean)#1 &amp; org.hibernate.envers.internal.reader.AuditReaderImpl#find(java.lang.Class, java.lang.String, java.lang.Object, java.lang.Number, boolean)#2 &amp; org.hibernate.envers.internal.reader.AuditReaderImpl#find(java.lang.Class, java.lang.String, java.lang.Object, java.lang.Number, boolean)#3 &amp; org.hibernate.envers.internal.reader.AuditReaderImpl#getRevisions(java.lang.Class, java.lang.String, java.lang.Object)#0 &amp; org.hibernate.envers.internal.reader.AuditReaderImpl#getRevisions(java.lang.Class, java.lang.String, java.lang.Object)#1 &amp; org.hibernate.envers.internal.reader.AuditReaderImpl#getRevisions(java.lang.Class, java.lang.String, java.lang.Object)#2 &amp; org.hibernate.envers.internal.reader.AuditReaderImpl#getRevisionDate(java.lang.Number)#0 &amp; org.hibernate.envers.internal.reader.AuditReaderImpl#getRevisionNumberForDate(java.util.Date)#0 &amp; org.hibernate.envers.internal.reader.AuditReaderImpl#findRevision(java.lang.Class, java.lang.Number)#1 &amp; org.hibernate.envers.internal.reader.AuditReaderImpl#findRevisions(java.lang.Class, java.util.Set)#1 &amp; org.hibernate.envers.internal.reader.AuditReaderImpl#isEntityNameAudited(java.lang.String)#0 &amp; org.hibernate.envers.internal.reader.AuditReaderImpl#getEntityName(java.lang.Object, java.lang.Number, java.lang.Object)#0 &amp; org.hibernate.envers.internal.reader.AuditReaderImpl#getEntityName(java.lang.Object, java.lang.Number, java.lang.Object)#1 &amp; org.hibernate.envers.internal.reader.AuditReaderImpl#getEntityName(java.lang.Object, java.lang.Number, java.lang.Object)#2 &amp; org.hibernate.envers.internal.reader.CrossTypeRevisionChangesReaderImpl#findEntityTypes(java.lang.Number)#0&quot; }"/>
        </annotation>
    </item>
    <item name='org.hibernate.envers.internal.tools.ArgumentsTools void checkPositive(java.lang.Number, java.lang.String)'>
        <annotation name='com.intellij.inspections.tainted.annotation.equation.Equations'>
            <val val="{ &quot;i := org.hibernate.envers.query.AuditQueryCreator#forEntitiesAtRevision(java.lang.Class, java.lang.Number)#1 &amp; org.hibernate.envers.query.AuditQueryCreator#forEntitiesAtRevision(java.lang.Class, java.lang.String, java.lang.Number, boolean)#2 &amp; org.hibernate.envers.query.AuditQueryCreator#forEntitiesModifiedAtRevision(java.lang.Class, java.lang.String, java.lang.Number)#2 &amp; org.hibernate.envers.query.AuditQueryCreator#forEntitiesModifiedAtRevision(java.lang.Class, java.lang.Number)#1 &amp; org.hibernate.envers.internal.reader.AuditReaderImpl#find(java.lang.Class, java.lang.String, java.lang.Object, java.lang.Number, boolean)#3 &amp; org.hibernate.envers.internal.reader.AuditReaderImpl#getRevisionDate(java.lang.Number)#0 &amp; org.hibernate.envers.internal.reader.AuditReaderImpl#findRevision(java.lang.Class, java.lang.Number)#1 &amp; org.hibernate.envers.internal.reader.AuditReaderImpl#findRevisions(java.lang.Class, java.util.Set)#1 &amp; org.hibernate.envers.internal.reader.AuditReaderImpl#getEntityName(java.lang.Object, java.lang.Number, java.lang.Object)#1 &amp; org.hibernate.envers.internal.reader.CrossTypeRevisionChangesReaderImpl#findEntityTypes(java.lang.Number)#0&quot; }"/>
        </annotation>
    </item>
    <item name='org.hibernate.envers.internal.tools.ArraysTools boolean arraysEqual(java.lang.Object[], java.lang.Object[])'>
        <annotation name='com.intellij.inspections.tainted.annotation.equation.Equations'>
            <val val="{ &quot;array2 := org.hibernate.envers.internal.synchronization.work.DelWorkUnit&quot;, &quot;array1 := &quot; }"/>
        </annotation>
    </item>
    <item name='org.hibernate.envers.internal.tools.ArraysTools java.lang.Object[] mapToArray(java.util.Map&lt;java.lang.String,java.lang.Object&gt;, java.lang.String[])'>
        <annotation name='com.intellij.inspections.tainted.annotation.equation.Equations'>
            <val val="{ &quot;mapToArray := &quot;, &quot;keys := &quot;, &quot;data := org.hibernate.envers.internal.synchronization.work.AddWorkUnit#AddWorkUnit(org.hibernate.engine.spi.SessionImplementor, java.lang.String, org.hibernate.envers.boot.internal.EnversService, java.io.Serializable, java.util.Map)#4&quot; }"/>
        </annotation>
    </item>
    <item name='org.hibernate.envers.internal.tools.EntityTools boolean activeProxySession(org.hibernate.proxy.HibernateProxy)'>
        <annotation name='com.intellij.inspections.tainted.annotation.equation.Equations'>
            <val val="{ &quot;proxy := #getTargetFromProxy(org.hibernate.engine.spi.SessionFactoryImplementor, org.hibernate.proxy.HibernateProxy)#1&quot; }"/>
        </annotation>
    </item>
    <item name='org.hibernate.envers.internal.tools.EntityTools java.lang.Class getEntityClass(org.hibernate.engine.spi.SessionImplementor, java.lang.String)'>
        <annotation name='com.intellij.inspections.tainted.annotation.equation.Equations'>
            <val val="{ &quot;entityName := &quot;, &quot;getEntityClass := &quot;, &quot;sessionImplementor := org.hibernate.envers.internal.synchronization.EntityChangeNotifier&quot; }"/>
        </annotation>
    </item>
    <item name='org.hibernate.envers.internal.tools.EntityTools java.lang.Class&lt;T&gt; getTargetClassIfProxied(java.lang.Class&lt;T&gt;)'>
        <annotation name='com.intellij.inspections.tainted.annotation.equation.Equations'>
            <val val="{ &quot;getTargetClassIfProxied := clazz&quot;, &quot;clazz := org.hibernate.envers.query.AuditQueryCreator#forRevisionsOfEntity(java.lang.Class, boolean, boolean)#0 &amp; org.hibernate.envers.query.AuditQueryCreator#forEntitiesAtRevision(java.lang.Class, java.lang.Number)#0 &amp; org.hibernate.envers.query.AuditQueryCreator#forEntitiesAtRevision(java.lang.Class, java.lang.String, java.lang.Number, boolean)#0 &amp; org.hibernate.envers.query.AuditQueryCreator#forEntitiesModifiedAtRevision(java.lang.Class, java.lang.String, java.lang.Number)#0 &amp; org.hibernate.envers.query.AuditQueryCreator#forEntitiesModifiedAtRevision(java.lang.Class, java.lang.Number)#0 &amp; org.hibernate.envers.query.AuditQueryCreator#forRevisionsOfEntity(java.lang.Class, java.lang.String, boolean, boolean)#0 &amp; org.hibernate.envers.query.AuditQueryCreator#forRevisionsOfEntity(java.lang.Class, boolean)#0 &amp; org.hibernate.envers.query.AuditQueryCreator#forRevisionsOfEntity(java.lang.Class, java.lang.String, boolean)#0 &amp; org.hibernate.envers.query.AuditQueryCreator#forRevisionsOfEntityWithChanges(java.lang.Class, boolean)#0 &amp; org.hibernate.envers.query.AuditQueryCreator#forRevisionsOfEntityWithChanges(java.lang.Class, java.lang.String, boolean)#0 &amp; org.hibernate.envers.internal.reader.AuditReaderImpl#find(java.lang.Class, java.lang.Object, java.lang.Number)#0 &amp; org.hibernate.envers.internal.reader.AuditReaderImpl#find(java.lang.Class, java.lang.String, java.lang.Object, java.lang.Number, boolean)#0 &amp; org.hibernate.envers.internal.reader.AuditReaderImpl#getRevisions(java.lang.Class, java.lang.Object)#0 &amp; org.hibernate.envers.internal.reader.AuditReaderImpl#getRevisions(java.lang.Class, java.lang.String, java.lang.Object)#0 &amp; org.hibernate.envers.internal.reader.AuditReaderImpl#findRevision(java.lang.Class, java.lang.Number)#0 &amp; org.hibernate.envers.internal.reader.AuditReaderImpl#findRevisions(java.lang.Class, java.util.Set)#0 &amp; org.hibernate.envers.internal.reader.AuditReaderImpl#getCurrentRevision(java.lang.Class, boolean)#0 &amp; org.hibernate.envers.internal.reader.AuditReaderImpl#isEntityClassAudited(java.lang.Class)#0&quot; }"/>
        </annotation>
    </item>
    <item name='org.hibernate.envers.internal.tools.EntityTools java.lang.Object getIdentifier(org.hibernate.engine.spi.SessionImplementor, java.lang.String, java.lang.Object)'>
        <annotation name='com.intellij.inspections.tainted.annotation.equation.Equations'>
            <val val="{ &quot;session := #entitiesEqual(org.hibernate.engine.spi.SessionImplementor, java.lang.String, java.lang.Object, java.lang.Object)#0 &amp; org.hibernate.envers.internal.entities.mapper.relation.ToOneIdMapper#checkModified(org.hibernate.engine.spi.SessionImplementor, java.lang.Object, java.lang.Object)#0&quot;, &quot;getIdentifier := &quot;, &quot;obj := #entitiesEqual(org.hibernate.engine.spi.SessionImplementor, java.lang.String, java.lang.Object, java.lang.Object)#2 &amp; #entitiesEqual(org.hibernate.engine.spi.SessionImplementor, java.lang.String, java.lang.Object, java.lang.Object)#3 &amp; org.hibernate.envers.internal.entities.mapper.relation.ToOneIdMapper#checkModified(org.hibernate.engine.spi.SessionImplementor, java.lang.Object, java.lang.Object)#1 &amp; org.hibernate.envers.internal.entities.mapper.relation.ToOneIdMapper#checkModified(org.hibernate.engine.spi.SessionImplementor, java.lang.Object, java.lang.Object)#2&quot;, &quot;entityName := #entitiesEqual(org.hibernate.engine.spi.SessionImplementor, java.lang.String, java.lang.Object, java.lang.Object)#1 &amp; org.hibernate.envers.internal.entities.mapper.relation.ToOneIdMapper&quot; }"/>
        </annotation>
    </item>
    <item name='org.hibernate.envers.internal.tools.EntityTools java.lang.Object getTargetFromProxy(org.hibernate.engine.spi.SessionFactoryImplementor, org.hibernate.proxy.HibernateProxy)'>
        <annotation name='com.intellij.inspections.tainted.annotation.equation.Equations'>
            <val val="{ &quot;sessionFactoryImplementor := &quot;, &quot;proxy := org.hibernate.envers.event.spi.BaseEnversEventListener#addCollectionChangeWorkUnit(org.hibernate.envers.internal.synchronization.AuditProcess, org.hibernate.engine.spi.SessionImplementor, java.lang.String, org.hibernate.envers.internal.entities.RelationDescription, java.lang.Object)#4&quot;, &quot;getTargetFromProxy := &quot; }"/>
        </annotation>
    </item>
    <item name='org.hibernate.envers.internal.tools.MappingTools java.lang.String createComponentPrefix(java.lang.String)'>
        <annotation name='com.intellij.inspections.tainted.annotation.equation.Equations'>
            <val val="{ &quot;createComponentPrefix := componentName&quot;, &quot;componentName := org.hibernate.envers.configuration.internal.metadata.reader.AuditedPropertiesReader#addFromPropertiesGroup(java.lang.String, org.hibernate.annotations.common.reflection.XProperty, java.lang.String, org.hibernate.mapping.Component, org.hibernate.envers.Audited)#0&quot; }"/>
        </annotation>
    </item>
    <item name='org.hibernate.envers.internal.tools.MappingTools java.lang.String createToOneRelationPrefix(java.lang.String)'>
        <annotation name='com.intellij.inspections.tainted.annotation.equation.Equations'>
            <val val="{ &quot;createToOneRelationPrefix := referencePropertyName&quot;, &quot;referencePropertyName := &quot; }"/>
        </annotation>
    </item>
    <item name='org.hibernate.envers.internal.tools.MappingTools java.lang.String getReferencedEntityName(org.hibernate.mapping.Value)'>
        <annotation name='com.intellij.inspections.tainted.annotation.equation.Equations'>
            <val val="{ &quot;value := org.hibernate.envers.configuration.internal.metadata.CollectionMetadataGenerator#addValueToMiddleTable(org.hibernate.mapping.Value, org.dom4j.Element, org.hibernate.envers.configuration.internal.metadata.QueryGeneratorBuilder, java.lang.String, javax.persistence.JoinColumn[], boolean)#0&quot;, &quot;getReferencedEntityName := &quot; }"/>
        </annotation>
    </item>
    <item name='org.hibernate.envers.internal.tools.MutableBoolean MutableBoolean()'>
        <annotation name='com.intellij.inspections.tainted.annotation.equation.Equations'>
            <val val="{ &quot;MutableBoolean := MutableBoolean&quot; }"/>
        </annotation>
    </item>
    <item name='org.hibernate.envers.internal.tools.MutableBoolean MutableBoolean(boolean)'>
        <annotation name='com.intellij.inspections.tainted.annotation.equation.Equations'>
            <val val="{ &quot;MutableBoolean := MutableBoolean&quot; }"/>
        </annotation>
    </item>
    <item name='org.hibernate.envers.internal.tools.MutableInteger'>
        <annotation name='com.intellij.inspections.tainted.annotation.equation.Equations'>
            <val val="{ &quot;MutableInteger := #MutableInteger(int)#0 &amp; #set(int)#0&quot; }"/>
        </annotation>
    </item>
    <item name='org.hibernate.envers.internal.tools.MutableInteger MutableInteger()'>
        <annotation name='com.intellij.inspections.tainted.annotation.equation.Equations'>
            <val val="{ &quot;MutableInteger := MutableInteger&quot; }"/>
        </annotation>
    </item>
    <item name='org.hibernate.envers.internal.tools.MutableInteger MutableInteger(int)'>
        <annotation name='com.intellij.inspections.tainted.annotation.equation.Equations'>
            <val val="{ &quot;MutableInteger := MutableInteger&quot;, &quot;value := MutableInteger&quot; }"/>
        </annotation>
    </item>
    <item name='org.hibernate.envers.internal.tools.MutableInteger int get()'>
        <annotation name='com.intellij.inspections.tainted.annotation.equation.Equations'>
            <val val="{ &quot;get := MutableInteger&quot; }"/>
        </annotation>
    </item>
    <item name='org.hibernate.envers.internal.tools.MutableInteger org.hibernate.envers.internal.tools.MutableInteger deepCopy()'>
        <annotation name='com.intellij.inspections.tainted.annotation.equation.Equations'>
            <val val="{ &quot;deepCopy := &quot; }"/>
        </annotation>
    </item>
    <item name='org.hibernate.envers.internal.tools.ReflectionTools java.lang.Class&lt;?&gt; getType(java.lang.Class, org.hibernate.envers.internal.entities.PropertyData, org.hibernate.service.ServiceRegistry)'>
        <annotation name='com.intellij.inspections.tainted.annotation.equation.Equations'>
            <val val="{ &quot;getType := &quot;, &quot;serviceRegistry := &quot;, &quot;cls := &quot;, &quot;propertyData := org.hibernate.envers.internal.entities.mapper.id.VirtualEntitySingleIdMapper&quot; }"/>
        </annotation>
    </item>
    <item name='org.hibernate.envers.internal.tools.ReflectionTools java.lang.Class&lt;T&gt; loadClass(java.lang.String, org.hibernate.boot.registry.classloading.spi.ClassLoaderService)'>
        <annotation name='com.intellij.inspections.tainted.annotation.equation.Equations'>
            <val val="{ &quot;loadClass := &quot;, &quot;name := org.hibernate.envers.boot.internal.EnversServiceImpl#loadClass(java.lang.String, org.hibernate.service.ServiceRegistry)#0&quot;, &quot;classLoaderService := &quot; }"/>
        </annotation>
    </item>
    <item name='org.hibernate.envers.internal.tools.ReflectionTools java.lang.reflect.Field getField(java.lang.Class, org.hibernate.envers.internal.entities.PropertyData)'>
        <annotation name='com.intellij.inspections.tainted.annotation.equation.Equations'>
            <val val="{ &quot;cls := #getType(java.lang.Class, org.hibernate.envers.internal.entities.PropertyData, org.hibernate.service.ServiceRegistry)#0&quot;, &quot;propertyData := #getType(java.lang.Class, org.hibernate.envers.internal.entities.PropertyData, org.hibernate.service.ServiceRegistry)#1&quot;, &quot;getField := &quot; }"/>
        </annotation>
    </item>
    <item name='org.hibernate.envers.internal.tools.ReflectionTools org.hibernate.annotations.common.reflection.XProperty getProperty(org.hibernate.annotations.common.reflection.XClass, java.lang.String)'>
        <annotation name='com.intellij.inspections.tainted.annotation.equation.Equations'>
            <val val="{ &quot;propertyName := org.hibernate.envers.configuration.internal.metadata.reader.AuditedPropertiesReader#getProperty(org.hibernate.annotations.common.reflection.XClass, java.lang.String)#1&quot;, &quot;getProperty := &quot;, &quot;clazz := org.hibernate.envers.configuration.internal.metadata.reader.AuditedPropertiesReader#getProperty(org.hibernate.annotations.common.reflection.XClass, java.lang.String)#0&quot; }"/>
        </annotation>
    </item>
    <item name='org.hibernate.envers.internal.tools.ReflectionTools org.hibernate.annotations.common.reflection.XProperty getProperty(org.hibernate.annotations.common.reflection.XClass, java.lang.String, java.lang.String)'>
        <annotation name='com.intellij.inspections.tainted.annotation.equation.Equations'>
            <val val="{ &quot;getProperty := &quot;, &quot;clazz := #getProperty(org.hibernate.annotations.common.reflection.XClass, java.lang.String)#0&quot;, &quot;propertyName := #getProperty(org.hibernate.annotations.common.reflection.XClass, java.lang.String)#1&quot; }"/>
        </annotation>
    </item>
    <item name='org.hibernate.envers.internal.tools.ReflectionTools org.hibernate.property.access.spi.Getter getGetter(java.lang.Class, java.lang.String, java.lang.String, org.hibernate.service.ServiceRegistry)'>
        <annotation name='com.intellij.inspections.tainted.annotation.equation.Equations'>
            <val val="{ &quot;serviceRegistry := #getGetter(java.lang.Class, org.hibernate.envers.internal.entities.PropertyData, org.hibernate.service.ServiceRegistry)#2&quot;, &quot;cls := #getGetter(java.lang.Class, org.hibernate.envers.internal.entities.PropertyData, org.hibernate.service.ServiceRegistry)#0&quot;, &quot;propertyName := org.hibernate.envers.internal.entities.mapper.relation.component.MiddleMapKeyPropertyComponentMapper&quot;, &quot;accessorType := org.hibernate.envers.internal.entities.mapper.relation.component.MiddleMapKeyPropertyComponentMapper&quot;, &quot;getGetter := &quot; }"/>
        </annotation>
    </item>
    <item name='org.hibernate.envers.internal.tools.ReflectionTools org.hibernate.property.access.spi.Getter getGetter(java.lang.Class, org.hibernate.envers.internal.entities.PropertyData, org.hibernate.service.ServiceRegistry)'>
        <annotation name='com.intellij.inspections.tainted.annotation.equation.Equations'>
            <val val="{ &quot;getGetter := &quot;, &quot;propertyData := org.hibernate.envers.internal.entities.mapper.id.SingleIdMapper &amp; org.hibernate.envers.internal.entities.mapper.id.EmbeddedIdMapper &amp; org.hibernate.envers.internal.entities.mapper.id.VirtualEntitySingleIdMapper &amp; org.hibernate.envers.internal.revisioninfo.RevisionInfoNumberReader#RevisionInfoNumberReader(java.lang.Class, org.hibernate.envers.internal.entities.PropertyData, org.hibernate.service.ServiceRegistry)#1 &amp; org.hibernate.envers.internal.revisioninfo.ModifiedEntityNamesReader#ModifiedEntityNamesReader(java.lang.Class, org.hibernate.envers.internal.entities.PropertyData, org.hibernate.service.ServiceRegistry)#1 &amp; org.hibernate.envers.internal.revisioninfo.DefaultTrackingModifiedEntitiesRevisionInfoGenerator#DefaultTrackingModifiedEntitiesRevisionInfoGenerator(java.lang.String, java.lang.Class, java.lang.Class, org.hibernate.envers.internal.entities.PropertyData, boolean, org.hibernate.envers.internal.entities.PropertyData, org.hibernate.service.ServiceRegistry)#5 &amp; org.hibernate.envers.strategy.internal.ValidityAuditStrategy#postInitialize(java.lang.Class, org.hibernate.envers.internal.entities.PropertyData, org.hibernate.service.ServiceRegistry)#1&quot;, &quot;cls := org.hibernate.envers.internal.revisioninfo.RevisionInfoNumberReader#RevisionInfoNumberReader(java.lang.Class, org.hibernate.envers.internal.entities.PropertyData, org.hibernate.service.ServiceRegistry)#0 &amp; org.hibernate.envers.internal.revisioninfo.ModifiedEntityNamesReader#ModifiedEntityNamesReader(java.lang.Class, org.hibernate.envers.internal.entities.PropertyData, org.hibernate.service.ServiceRegistry)#0 &amp; org.hibernate.envers.internal.revisioninfo.DefaultTrackingModifiedEntitiesRevisionInfoGenerator#DefaultTrackingModifiedEntitiesRevisionInfoGenerator(java.lang.String, java.lang.Class, java.lang.Class, org.hibernate.envers.internal.entities.PropertyData, boolean, org.hibernate.envers.internal.entities.PropertyData, org.hibernate.service.ServiceRegistry)#1 &amp; org.hibernate.envers.strategy.internal.ValidityAuditStrategy#postInitialize(java.lang.Class, org.hibernate.envers.internal.entities.PropertyData, org.hibernate.service.ServiceRegistry)#0&quot;, &quot;serviceRegistry := org.hibernate.envers.internal.revisioninfo.RevisionInfoNumberReader#RevisionInfoNumberReader(java.lang.Class, org.hibernate.envers.internal.entities.PropertyData, org.hibernate.service.ServiceRegistry)#2 &amp; org.hibernate.envers.internal.revisioninfo.ModifiedEntityNamesReader#ModifiedEntityNamesReader(java.lang.Class, org.hibernate.envers.internal.entities.PropertyData, org.hibernate.service.ServiceRegistry)#2 &amp; org.hibernate.envers.internal.revisioninfo.DefaultTrackingModifiedEntitiesRevisionInfoGenerator#DefaultTrackingModifiedEntitiesRevisionInfoGenerator(java.lang.String, java.lang.Class, java.lang.Class, org.hibernate.envers.internal.entities.PropertyData, boolean, org.hibernate.envers.internal.entities.PropertyData, org.hibernate.service.ServiceRegistry)#6 &amp; org.hibernate.envers.strategy.internal.ValidityAuditStrategy#postInitialize(java.lang.Class, org.hibernate.envers.internal.entities.PropertyData, org.hibernate.service.ServiceRegistry)#2&quot; }"/>
        </annotation>
    </item>
    <item name='org.hibernate.envers.internal.tools.ReflectionTools org.hibernate.property.access.spi.PropertyAccessStrategy getAccessStrategy(java.lang.Class&lt;?&gt;, org.hibernate.service.ServiceRegistry, java.lang.String)'>
        <annotation name='com.intellij.inspections.tainted.annotation.equation.Equations'>
            <val val="{ &quot;getAccessStrategy := &quot; }"/>
        </annotation>
    </item>
    <item name='org.hibernate.envers.internal.tools.ReflectionTools org.hibernate.property.access.spi.Setter getSetter(java.lang.Class, java.lang.String, java.lang.String, org.hibernate.service.ServiceRegistry)'>
        <annotation name='com.intellij.inspections.tainted.annotation.equation.Equations'>
            <val val="{ &quot;cls := #getSetter(java.lang.Class, org.hibernate.envers.internal.entities.PropertyData, org.hibernate.service.ServiceRegistry)#0&quot;, &quot;propertyName := &quot;, &quot;accessorType := &quot;, &quot;serviceRegistry := #getSetter(java.lang.Class, org.hibernate.envers.internal.entities.PropertyData, org.hibernate.service.ServiceRegistry)#2&quot;, &quot;getSetter := &quot; }"/>
        </annotation>
    </item>
    <item name='org.hibernate.envers.internal.tools.ReflectionTools org.hibernate.property.access.spi.Setter getSetter(java.lang.Class, org.hibernate.envers.internal.entities.PropertyData, org.hibernate.service.ServiceRegistry)'>
        <annotation name='com.intellij.inspections.tainted.annotation.equation.Equations'>
            <val val="{ &quot;propertyData := #getType(java.lang.Class, org.hibernate.envers.internal.entities.PropertyData, org.hibernate.service.ServiceRegistry)#1 &amp; org.hibernate.envers.internal.entities.mapper.id.SingleIdMapper &amp; org.hibernate.envers.internal.entities.mapper.id.EmbeddedIdMapper &amp; org.hibernate.envers.internal.entities.mapper.id.VirtualEntitySingleIdMapper &amp; org.hibernate.envers.internal.entities.mapper.relation.AbstractToOneMapper &amp; org.hibernate.envers.internal.entities.mapper.SinglePropertyMapper &amp; org.hibernate.envers.internal.entities.mapper.ComponentPropertyMapper &amp; org.hibernate.envers.internal.revisioninfo.DefaultTrackingModifiedEntitiesRevisionInfoGenerator#DefaultTrackingModifiedEntitiesRevisionInfoGenerator(java.lang.String, java.lang.Class, java.lang.Class, org.hibernate.envers.internal.entities.PropertyData, boolean, org.hibernate.envers.internal.entities.PropertyData, org.hibernate.service.ServiceRegistry)#5 &amp; org.hibernate.envers.internal.revisioninfo.DefaultRevisionInfoGenerator#DefaultRevisionInfoGenerator(java.lang.String, java.lang.Class, java.lang.Class, org.hibernate.envers.internal.entities.PropertyData, boolean, org.hibernate.service.ServiceRegistry)#3&quot;, &quot;getSetter := &quot;, &quot;cls := #getType(java.lang.Class, org.hibernate.envers.internal.entities.PropertyData, org.hibernate.service.ServiceRegistry)#0 &amp; org.hibernate.envers.internal.revisioninfo.DefaultTrackingModifiedEntitiesRevisionInfoGenerator#DefaultTrackingModifiedEntitiesRevisionInfoGenerator(java.lang.String, java.lang.Class, java.lang.Class, org.hibernate.envers.internal.entities.PropertyData, boolean, org.hibernate.envers.internal.entities.PropertyData, org.hibernate.service.ServiceRegistry)#1 &amp; org.hibernate.envers.internal.revisioninfo.DefaultRevisionInfoGenerator#DefaultRevisionInfoGenerator(java.lang.String, java.lang.Class, java.lang.Class, org.hibernate.envers.internal.entities.PropertyData, boolean, org.hibernate.service.ServiceRegistry)#1&quot;, &quot;serviceRegistry := #getType(java.lang.Class, org.hibernate.envers.internal.entities.PropertyData, org.hibernate.service.ServiceRegistry)#2 &amp; org.hibernate.envers.internal.entities.mapper.relation.AbstractToOneMapper &amp; org.hibernate.envers.internal.revisioninfo.DefaultTrackingModifiedEntitiesRevisionInfoGenerator#DefaultTrackingModifiedEntitiesRevisionInfoGenerator(java.lang.String, java.lang.Class, java.lang.Class, org.hibernate.envers.internal.entities.PropertyData, boolean, org.hibernate.envers.internal.entities.PropertyData, org.hibernate.service.ServiceRegistry)#6 &amp; org.hibernate.envers.internal.revisioninfo.DefaultRevisionInfoGenerator#DefaultRevisionInfoGenerator(java.lang.String, java.lang.Class, java.lang.Class, org.hibernate.envers.internal.entities.PropertyData, boolean, org.hibernate.service.ServiceRegistry)#5&quot; }"/>
        </annotation>
    </item>
    <item name='org.hibernate.envers.internal.tools.StringTools boolean isEmpty(java.lang.String)'>
        <annotation name='com.intellij.inspections.tainted.annotation.equation.Equations'>
            <val val="{ &quot;s := org.hibernate.envers.configuration.internal.metadata.AuditMetadataGenerator#getSchema(java.lang.String, org.hibernate.mapping.Table)#0 &amp; org.hibernate.envers.configuration.internal.metadata.AuditMetadataGenerator#getCatalog(java.lang.String, org.hibernate.mapping.Table)#0&quot; }"/>
        </annotation>
    </item>
    <item name='org.hibernate.envers.internal.tools.StringTools java.lang.String capitalizeFirst(java.lang.String)'>
        <annotation name='com.intellij.inspections.tainted.annotation.equation.Equations'>
            <val val="{ &quot;capitalizeFirst := &quot; }"/>
        </annotation>
    </item>
    <item name='org.hibernate.envers.internal.tools.StringTools java.lang.String getLastComponent(java.lang.String)'>
        <annotation name='com.intellij.inspections.tainted.annotation.equation.Equations'>
            <val val="{ &quot;getLastComponent := s&quot;, &quot;s := org.hibernate.envers.configuration.internal.metadata.CollectionMetadataGenerator#getMiddleTableName(org.hibernate.mapping.Collection, java.lang.String)#1 &amp; org.hibernate.envers.configuration.internal.metadata.CollectionMetadataGenerator&quot; }"/>
        </annotation>
    </item>
    <item name='org.hibernate.envers.internal.tools.StringTools void append(java.lang.StringBuilder, java.util.Iterator&lt;java.lang.String&gt;, java.lang.String)'>
        <annotation name='com.intellij.inspections.tainted.annotation.equation.Equations'>
            <val val="{ &quot;contents := &quot;, &quot;sb := org.hibernate.envers.internal.tools.query.QueryBuilder#build(java.lang.StringBuilder, java.util.Map)#0&quot; }"/>
        </annotation>
    </item>
    <item name='org.hibernate.envers.internal.tools.Tools boolean iteratorsContentEqual(java.util.Iterator, java.util.Iterator)'>
        <annotation name='com.intellij.inspections.tainted.annotation.equation.Equations'>
            <val val="{ &quot;iter1 := &quot;, &quot;iter2 := &quot; }"/>
        </annotation>
    </item>
    <item name='org.hibernate.envers.internal.tools.Tools java.util.List&lt;T&gt; iteratorToList(java.util.Iterator&lt;T&gt;)'>
        <annotation name='com.intellij.inspections.tainted.annotation.equation.Equations'>
            <val val="{ &quot;iteratorToList := &quot; }"/>
        </annotation>
    </item>
    <item name='org.hibernate.envers.internal.tools.Tools java.util.List&lt;X&gt; collectionToList(java.util.Collection&lt;X&gt;)'>
        <annotation name='com.intellij.inspections.tainted.annotation.equation.Equations'>
            <val val="{ &quot;collection := &quot;, &quot;collectionToList := collection&quot; }"/>
        </annotation>
    </item>
    <item name='org.hibernate.envers.internal.tools.Tools java.util.List&lt;org.hibernate.envers.tools.Pair&lt;java.lang.Integer,T&gt;&gt; listToIndexElementPairList(java.util.List&lt;T&gt;)'>
        <annotation name='com.intellij.inspections.tainted.annotation.equation.Equations'>
            <val val="{ &quot;list := org.hibernate.envers.internal.entities.mapper.relation.ListCollectionMapper#getNewCollectionContent(org.hibernate.collection.spi.PersistentCollection)#0 &amp; org.hibernate.envers.internal.entities.mapper.relation.ListCollectionMapper#getOldCollectionContent(java.io.Serializable)#0&quot;, &quot;listToIndexElementPairList := &quot; }"/>
        </annotation>
    </item>
    <item name='org.hibernate.envers.internal.tools.Tools java.util.Map&lt;K,V&gt; newHashMap()'>
        <annotation name='com.intellij.inspections.tainted.annotation.equation.Equations'>
            <val val="{ &quot;newHashMap := &quot; }"/>
        </annotation>
    </item>
    <item name='org.hibernate.envers.internal.tools.Tools java.util.Map&lt;K,V&gt; newLinkedHashMap()'>
        <annotation name='com.intellij.inspections.tainted.annotation.equation.Equations'>
            <val val="{ &quot;newLinkedHashMap := &quot; }"/>
        </annotation>
    </item>
    <item name='org.hibernate.envers.internal.tools.Tools java.util.Set&lt;E&gt; newHashSet()'>
        <annotation name='com.intellij.inspections.tainted.annotation.equation.Equations'>
            <val val="{ &quot;newHashSet := &quot; }"/>
        </annotation>
    </item>
    <item name='org.hibernate.envers.internal.tools.Triple'>
        <annotation name='com.intellij.inspections.tainted.annotation.equation.Equations'>
            <val val="{ &quot;Triple := #Triple(java.lang.Object, java.lang.Object, java.lang.Object)#0 &amp; #Triple(java.lang.Object, java.lang.Object, java.lang.Object)#1 &amp; #Triple(java.lang.Object, java.lang.Object, java.lang.Object)#2&quot; }"/>
        </annotation>
    </item>
    <item name='org.hibernate.envers.internal.tools.Triple T1 getFirst()'>
        <annotation name='com.intellij.inspections.tainted.annotation.equation.Equations'>
            <val val="{ &quot;getFirst := Triple&quot; }"/>
        </annotation>
    </item>
    <item name='org.hibernate.envers.internal.tools.Triple T2 getSecond()'>
        <annotation name='com.intellij.inspections.tainted.annotation.equation.Equations'>
            <val val="{ &quot;getSecond := Triple&quot; }"/>
        </annotation>
    </item>
    <item name='org.hibernate.envers.internal.tools.Triple T3 getThird()'>
        <annotation name='com.intellij.inspections.tainted.annotation.equation.Equations'>
            <val val="{ &quot;getThird := Triple&quot; }"/>
        </annotation>
    </item>
    <item name='org.hibernate.envers.internal.tools.Triple Triple(T1, T2, T3)'>
        <annotation name='com.intellij.inspections.tainted.annotation.equation.Equations'>
            <val val="{ &quot;Triple := Triple&quot;, &quot;obj3 := #make(java.lang.Object, java.lang.Object, java.lang.Object)#2&quot;, &quot;obj2 := #make(java.lang.Object, java.lang.Object, java.lang.Object)#1&quot;, &quot;obj1 := #make(java.lang.Object, java.lang.Object, java.lang.Object)#0&quot; }"/>
        </annotation>
    </item>
    <item name='org.hibernate.envers.internal.tools.Triple int hashCode()'>
        <annotation name='com.intellij.inspections.tainted.annotation.equation.Equations'>
            <val val="{ &quot;hashCode := &quot; }"/>
        </annotation>
    </item>
    <item name='org.hibernate.envers.internal.tools.Triple org.hibernate.envers.internal.tools.Triple&lt;T1,T2,T3&gt; make(T1, T2, T3)'>
        <annotation name='com.intellij.inspections.tainted.annotation.equation.Equations'>
            <val val="{ &quot;obj3 := org.hibernate.envers.internal.reader.FirstLevelCache#get(java.lang.String, java.lang.Number, java.lang.Object)#2 &amp; org.hibernate.envers.internal.reader.FirstLevelCache#put(java.lang.String, java.lang.Number, java.lang.Object, java.lang.Object)#2 &amp; org.hibernate.envers.internal.reader.FirstLevelCache#contains(java.lang.String, java.lang.Number, java.lang.Object)#2 &amp; org.hibernate.envers.internal.reader.FirstLevelCache#putOnEntityNameCache(java.lang.Object, java.lang.Number, java.lang.Object, java.lang.String)#2 &amp; org.hibernate.envers.internal.reader.FirstLevelCache#getFromEntityNameCache(java.lang.Object, java.lang.Number, java.lang.Object)#2 &amp; org.hibernate.envers.internal.reader.FirstLevelCache#containsEntityName(java.lang.Object, java.lang.Number, java.lang.Object)#2&quot;, &quot;obj2 := org.hibernate.envers.internal.tools.query.QueryBuilder#addOrder(java.lang.String, java.lang.String, boolean)#1 &amp; org.hibernate.envers.internal.reader.FirstLevelCache#get(java.lang.String, java.lang.Number, java.lang.Object)#1 &amp; org.hibernate.envers.internal.reader.FirstLevelCache#put(java.lang.String, java.lang.Number, java.lang.Object, java.lang.Object)#1 &amp; org.hibernate.envers.internal.reader.FirstLevelCache#contains(java.lang.String, java.lang.Number, java.lang.Object)#1 &amp; org.hibernate.envers.internal.reader.FirstLevelCache#putOnEntityNameCache(java.lang.Object, java.lang.Number, java.lang.Object, java.lang.String)#1 &amp; org.hibernate.envers.internal.reader.FirstLevelCache#getFromEntityNameCache(java.lang.Object, java.lang.Number, java.lang.Object)#1 &amp; org.hibernate.envers.internal.reader.FirstLevelCache#containsEntityName(java.lang.Object, java.lang.Number, java.lang.Object)#1&quot;, &quot;make := &quot;, &quot;obj1 := org.hibernate.envers.internal.tools.query.QueryBuilder#addOrder(java.lang.String, java.lang.String, boolean)#0 &amp; org.hibernate.envers.internal.reader.FirstLevelCache#get(java.lang.String, java.lang.Number, java.lang.Object)#0 &amp; org.hibernate.envers.internal.reader.FirstLevelCache#put(java.lang.String, java.lang.Number, java.lang.Object, java.lang.Object)#0 &amp; org.hibernate.envers.internal.reader.FirstLevelCache#contains(java.lang.String, java.lang.Number, java.lang.Object)#0 &amp; org.hibernate.envers.internal.reader.FirstLevelCache#putOnEntityNameCache(java.lang.Object, java.lang.Number, java.lang.Object, java.lang.String)#0 &amp; org.hibernate.envers.internal.reader.FirstLevelCache#getFromEntityNameCache(java.lang.Object, java.lang.Number, java.lang.Object)#0 &amp; org.hibernate.envers.internal.reader.FirstLevelCache#containsEntityName(java.lang.Object, java.lang.Number, java.lang.Object)#0&quot; }"/>
        </annotation>
    </item>
</root>