<root>
    <item name='javax.xml.parsers.DocumentBuilder javax.xml.validation.Schema getSchema()'>
        <annotation name='com.intellij.inspections.tainted.annotation.equation.Equations'>
            <val val="{ &quot;getSchema := com.sun.org.apache.xerces.internal.jaxp.DocumentBuilderImpl#getSchema()&quot; }"/>
        </annotation>
    </item>
    <item name='javax.xml.parsers.DocumentBuilder org.w3c.dom.DOMImplementation getDOMImplementation()'>
        <annotation name='com.intellij.inspections.tainted.annotation.equation.Equations'>
            <val val="{ &quot;getDOMImplementation := com.sun.org.apache.xerces.internal.jaxp.DocumentBuilderImpl#getDOMImplementation()&quot; }"/>
        </annotation>
    </item>
    <item name='javax.xml.parsers.DocumentBuilder org.w3c.dom.Document newDocument()'>
        <annotation name='com.intellij.inspections.tainted.annotation.equation.Equations'>
            <val val="{ &quot;newDocument := com.sun.org.apache.xerces.internal.jaxp.DocumentBuilderImpl#newDocument()&quot; }"/>
        </annotation>
    </item>
    <item name='javax.xml.parsers.DocumentBuilder org.w3c.dom.Document parse(java.io.InputStream)'>
        <annotation name='com.intellij.inspections.tainted.annotation.equation.Equations'>
            <val val="{ &quot;is := com.sun.org.apache.xml.internal.resolver.readers.DOMCatalogReader#readCatalog(com.sun.org.apache.xml.internal.resolver.Catalog, java.io.InputStream)#1 &amp; com.sun.org.apache.xml.internal.security.Init#fileInit(java.io.InputStream)#0&quot; }"/>
        </annotation>
    </item>
    <item name='javax.xml.parsers.DocumentBuilder org.w3c.dom.Document parse(org.xml.sax.InputSource)'>
        <annotation name='com.intellij.inspections.tainted.annotation.equation.Equations'>
            <val val="{ &quot;parse := com.sun.org.apache.xerces.internal.jaxp.DocumentBuilderImpl#parse(org.xml.sax.InputSource)&quot;, &quot;is := com.sun.org.apache.xerces.internal.jaxp.DocumentBuilderImpl#parse(org.xml.sax.InputSource)#0&quot; }"/>
        </annotation>
    </item>
    <item name='javax.xml.parsers.DocumentBuilder void setEntityResolver(org.xml.sax.EntityResolver)'>
        <annotation name='com.intellij.inspections.tainted.annotation.equation.Equations'>
            <val val="{ &quot;er := com.sun.org.apache.xerces.internal.jaxp.DocumentBuilderImpl#setEntityResolver(org.xml.sax.EntityResolver)#0&quot; }"/>
        </annotation>
    </item>
    <item name='javax.xml.parsers.DocumentBuilder void setErrorHandler(org.xml.sax.ErrorHandler)'>
        <annotation name='com.intellij.inspections.tainted.annotation.equation.Equations'>
            <val val="{ &quot;eh := com.sun.org.apache.xerces.internal.jaxp.DocumentBuilderImpl#setErrorHandler(org.xml.sax.ErrorHandler)#0&quot; }"/>
        </annotation>
    </item>
    <item name='javax.xml.parsers.DocumentBuilderFactory DocumentBuilderFactory()'>
        <annotation name='com.intellij.inspections.tainted.annotation.equation.Equations'>
            <val val="{ &quot;DocumentBuilderFactory := DocumentBuilderFactory&quot; }"/>
        </annotation>
    </item>
    <item name='javax.xml.parsers.DocumentBuilderFactory boolean getFeature(java.lang.String)'>
        <annotation name='com.intellij.inspections.tainted.annotation.equation.Equations'>
            <val val="{ &quot;name := com.sun.org.apache.xerces.internal.jaxp.DocumentBuilderFactoryImpl#getFeature(java.lang.String)#0&quot; }"/>
        </annotation>
    </item>
    <item name='javax.xml.parsers.DocumentBuilderFactory java.lang.Object getAttribute(java.lang.String)'>
        <annotation name='com.intellij.inspections.tainted.annotation.equation.Equations'>
            <val val="{ &quot;getAttribute := com.sun.org.apache.xerces.internal.jaxp.DocumentBuilderFactoryImpl#getAttribute(java.lang.String)&quot;, &quot;name := com.sun.org.apache.xerces.internal.jaxp.DocumentBuilderFactoryImpl#getAttribute(java.lang.String)#0&quot; }"/>
        </annotation>
    </item>
    <item name='javax.xml.parsers.DocumentBuilderFactory javax.xml.parsers.DocumentBuilder newDocumentBuilder()'>
        <annotation name='com.intellij.inspections.tainted.annotation.equation.Equations'>
            <val val="{ &quot;newDocumentBuilder := com.sun.org.apache.xerces.internal.jaxp.DocumentBuilderFactoryImpl#newDocumentBuilder()&quot; }"/>
        </annotation>
    </item>
    <item name='javax.xml.parsers.DocumentBuilderFactory javax.xml.parsers.DocumentBuilderFactory newInstance(java.lang.String, java.lang.ClassLoader)'>
        <annotation name='com.intellij.inspections.tainted.annotation.equation.Equations'>
            <val val="{ &quot;factoryClassName := com.sun.org.apache.xalan.internal.utils.FactoryImpl#DBF&quot; }"/>
        </annotation>
    </item>
    <item name='javax.xml.parsers.DocumentBuilderFactory javax.xml.validation.Schema getSchema()'>
        <annotation name='com.intellij.inspections.tainted.annotation.equation.Equations'>
            <val val="{ &quot;getSchema := com.sun.org.apache.xerces.internal.jaxp.DocumentBuilderFactoryImpl#getSchema()&quot; }"/>
        </annotation>
    </item>
    <item name='javax.xml.parsers.DocumentBuilderFactory void setAttribute(java.lang.String, java.lang.Object)'>
        <annotation name='com.intellij.inspections.tainted.annotation.equation.Equations'>
            <val val="{ &quot;name := com.sun.org.apache.xerces.internal.jaxp.DocumentBuilderFactoryImpl#setAttribute(java.lang.String, java.lang.Object)#0&quot;, &quot;value := java.lang.Boolean#TRUE &amp; com.sun.org.apache.xerces.internal.jaxp.DocumentBuilderFactoryImpl#setAttribute(java.lang.String, java.lang.Object)#1&quot; }"/>
        </annotation>
    </item>
    <item name='javax.xml.parsers.DocumentBuilderFactory void setFeature(java.lang.String, boolean)'>
        <annotation name='com.intellij.inspections.tainted.annotation.equation.Equations'>
            <val val="{ &quot;name := com.sun.org.apache.xerces.internal.jaxp.DocumentBuilderFactoryImpl#setFeature(java.lang.String, boolean)#0&quot; }"/>
        </annotation>
    </item>
    <item name='javax.xml.parsers.DocumentBuilderFactory void setSchema(javax.xml.validation.Schema)'>
        <annotation name='com.intellij.inspections.tainted.annotation.equation.Equations'>
            <val val="{ &quot;schema := com.sun.org.apache.xerces.internal.jaxp.DocumentBuilderFactoryImpl#setSchema(javax.xml.validation.Schema)#0&quot; }"/>
        </annotation>
    </item>
    <item name='javax.xml.parsers.FactoryConfigurationError FactoryConfigurationError()'>
        <annotation name='com.intellij.inspections.tainted.annotation.equation.Equations'>
            <val val="{ &quot;FactoryConfigurationError := FactoryConfigurationError&quot; }"/>
        </annotation>
    </item>
    <item name='javax.xml.parsers.FactoryConfigurationError FactoryConfigurationError(java.lang.Exception)'>
        <annotation name='com.intellij.inspections.tainted.annotation.equation.Equations'>
            <val val="{ &quot;FactoryConfigurationError := FactoryConfigurationError&quot; }"/>
        </annotation>
    </item>
    <item name='javax.xml.parsers.FactoryConfigurationError FactoryConfigurationError(java.lang.Exception, java.lang.String)'>
        <annotation name='com.intellij.inspections.tainted.annotation.equation.Equations'>
            <val val="{ &quot;FactoryConfigurationError := FactoryConfigurationError&quot; }"/>
        </annotation>
    </item>
    <item name='javax.xml.parsers.FactoryConfigurationError FactoryConfigurationError(java.lang.String)'>
        <annotation name='com.intellij.inspections.tainted.annotation.equation.Equations'>
            <val val="{ &quot;FactoryConfigurationError := FactoryConfigurationError&quot; }"/>
        </annotation>
    </item>
    <item name='javax.xml.parsers.FactoryConfigurationError java.lang.Exception getException()'>
        <annotation name='com.intellij.inspections.tainted.annotation.equation.Equations'>
            <val val="{ &quot;getException := FactoryConfigurationError&quot; }"/>
        </annotation>
    </item>
    <item name='javax.xml.parsers.FactoryConfigurationError java.lang.Throwable getCause()'>
        <annotation name='com.intellij.inspections.tainted.annotation.equation.Equations'>
            <val val="{ &quot;getCause := FactoryConfigurationError&quot; }"/>
        </annotation>
    </item>
    <item name='javax.xml.parsers.FactoryFinder'>
        <annotation name='com.intellij.inspections.tainted.annotation.equation.Equations'>
            <val val="{ &quot;FactoryFinder := &quot; }"/>
        </annotation>
    </item>
    <item name='javax.xml.parsers.FactoryFinder T findServiceProvider(java.lang.Class&lt;T&gt;)'>
        <annotation name='com.intellij.inspections.tainted.annotation.equation.Equations'>
            <val val="{ &quot;type := #find(java.lang.Class, java.lang.String)#0&quot; }"/>
        </annotation>
    </item>
    <item name='javax.xml.parsers.FactoryFinder T newInstance(java.lang.Class&lt;T&gt;, java.lang.String, java.lang.ClassLoader, boolean)'>
        <annotation name='com.intellij.inspections.tainted.annotation.equation.Equations'>
            <val val="{ &quot;cl := DocumentBuilderFactory#newInstance(java.lang.String, java.lang.ClassLoader)#1 &amp; SAXParserFactory#newInstance(java.lang.String, java.lang.ClassLoader)#1&quot;, &quot;type := #find(java.lang.Class, java.lang.String)#0&quot;, &quot;className := DocumentBuilderFactory#newInstance(java.lang.String, java.lang.ClassLoader)#0 &amp; #find(java.lang.Class, java.lang.String)#1 &amp; SAXParserFactory#newInstance(java.lang.String, java.lang.ClassLoader)#0&quot; }"/>
        </annotation>
    </item>
    <item name='javax.xml.parsers.FactoryFinder T newInstance(java.lang.Class&lt;T&gt;, java.lang.String, java.lang.ClassLoader, boolean, boolean)'>
        <annotation name='com.intellij.inspections.tainted.annotation.equation.Equations'>
            <val val="{ &quot;className := #newInstance(java.lang.Class, java.lang.String, java.lang.ClassLoader, boolean)#1&quot;, &quot;cl := #newInstance(java.lang.Class, java.lang.String, java.lang.ClassLoader, boolean)#2&quot;, &quot;type := #newInstance(java.lang.Class, java.lang.String, java.lang.ClassLoader, boolean)#0&quot; }"/>
        </annotation>
    </item>
    <item name='javax.xml.parsers.FactoryFinder java.lang.Class&lt;?&gt; getProviderClass(java.lang.String, java.lang.ClassLoader, boolean, boolean)'>
        <annotation name='com.intellij.inspections.tainted.annotation.equation.Equations'>
            <val val="{ &quot;cl := #newInstance(java.lang.Class, java.lang.String, java.lang.ClassLoader, boolean, boolean)#2&quot;, &quot;className := #newInstance(java.lang.Class, java.lang.String, java.lang.ClassLoader, boolean, boolean)#1&quot; }"/>
        </annotation>
    </item>
    <item name='javax.xml.parsers.FactoryFinder void dPrint(java.lang.String)'>
        <annotation name='com.intellij.inspections.tainted.annotation.equation.Equations'>
            <val val="{ &quot;msg := #find(java.lang.Class, java.lang.String)#1 &amp; #newInstance(java.lang.Class, java.lang.String, java.lang.ClassLoader, boolean, boolean)#2&quot; }"/>
        </annotation>
    </item>
    <item name='javax.xml.parsers.ParserConfigurationException ParserConfigurationException(java.lang.String)'>
        <annotation name='com.intellij.inspections.tainted.annotation.equation.Equations'>
            <val val="{ &quot;ParserConfigurationException := ParserConfigurationException&quot; }"/>
        </annotation>
    </item>
    <item name='javax.xml.parsers.SAXParser SAXParser()'>
        <annotation name='com.intellij.inspections.tainted.annotation.equation.Equations'>
            <val val="{ &quot;SAXParser := SAXParser&quot; }"/>
        </annotation>
    </item>
    <item name='javax.xml.parsers.SAXParser java.lang.Object getProperty(java.lang.String)'>
        <annotation name='com.intellij.inspections.tainted.annotation.equation.Equations'>
            <val val="{ &quot;getProperty := com.sun.org.apache.xerces.internal.jaxp.SAXParserImpl#getProperty(java.lang.String)&quot;, &quot;name := com.sun.org.apache.xerces.internal.jaxp.SAXParserImpl#getProperty(java.lang.String)#0&quot; }"/>
        </annotation>
    </item>
    <item name='javax.xml.parsers.SAXParser javax.xml.validation.Schema getSchema()'>
        <annotation name='com.intellij.inspections.tainted.annotation.equation.Equations'>
            <val val="{ &quot;getSchema := com.sun.org.apache.xerces.internal.jaxp.SAXParserImpl#getSchema()&quot; }"/>
        </annotation>
    </item>
    <item name='javax.xml.parsers.SAXParser org.xml.sax.Parser getParser()'>
        <annotation name='com.intellij.inspections.tainted.annotation.equation.Equations'>
            <val val="{ &quot;getParser := com.sun.org.apache.xerces.internal.jaxp.SAXParserImpl#getParser()&quot; }"/>
        </annotation>
    </item>
    <item name='javax.xml.parsers.SAXParser org.xml.sax.XMLReader getXMLReader()'>
        <annotation name='com.intellij.inspections.tainted.annotation.equation.Equations'>
            <val val="{ &quot;getXMLReader := com.sun.org.apache.xerces.internal.jaxp.SAXParserImpl#getXMLReader()&quot; }"/>
        </annotation>
    </item>
    <item name='javax.xml.parsers.SAXParser void parse(java.io.InputStream, org.xml.sax.helpers.DefaultHandler)'>
        <annotation name='com.intellij.inspections.tainted.annotation.equation.Equations'>
            <val val="{ &quot;dh := javax.swing.plaf.synth.SynthParser&quot; }"/>
        </annotation>
    </item>
    <item name='javax.xml.parsers.SAXParser void parse(org.xml.sax.InputSource, org.xml.sax.HandlerBase)'>
        <annotation name='com.intellij.inspections.tainted.annotation.equation.Equations'>
            <val val="{ &quot;is := com.sun.org.apache.xerces.internal.jaxp.SAXParserImpl#parse(org.xml.sax.InputSource, org.xml.sax.HandlerBase)#0&quot;, &quot;hb := com.sun.org.apache.xerces.internal.jaxp.SAXParserImpl#parse(org.xml.sax.InputSource, org.xml.sax.HandlerBase)#1&quot; }"/>
        </annotation>
    </item>
    <item name='javax.xml.parsers.SAXParser void parse(org.xml.sax.InputSource, org.xml.sax.helpers.DefaultHandler)'>
        <annotation name='com.intellij.inspections.tainted.annotation.equation.Equations'>
            <val val="{ &quot;is := com.sun.beans.decoder.DocumentHandler#parse(org.xml.sax.InputSource)#0 &amp; com.sun.org.apache.xerces.internal.jaxp.SAXParserImpl#parse(org.xml.sax.InputSource, org.xml.sax.helpers.DefaultHandler)#0&quot;, &quot;dh := #parse(java.lang.String, org.xml.sax.helpers.DefaultHandler)#1 &amp; com.sun.beans.decoder.DocumentHandler &amp; com.sun.org.apache.xerces.internal.jaxp.SAXParserImpl#parse(org.xml.sax.InputSource, org.xml.sax.helpers.DefaultHandler)#1 &amp; #parse(java.io.InputStream, org.xml.sax.helpers.DefaultHandler)#1 &amp; #parse(java.io.InputStream, org.xml.sax.helpers.DefaultHandler, java.lang.String)#1 &amp; #parse(java.io.File, org.xml.sax.helpers.DefaultHandler)#1&quot; }"/>
        </annotation>
    </item>
    <item name='javax.xml.parsers.SAXParser void setProperty(java.lang.String, java.lang.Object)'>
        <annotation name='com.intellij.inspections.tainted.annotation.equation.Equations'>
            <val val="{ &quot;name := javax.xml.XMLConstants#ACCESS_EXTERNAL_DTD &amp; com.sun.org.apache.xalan.internal.XalanConstants#JDK_ENTITY_COUNT_INFO &amp; com.sun.org.apache.xerces.internal.jaxp.SAXParserImpl#setProperty(java.lang.String, java.lang.Object)#0&quot;, &quot;value := com.sun.org.apache.xalan.internal.XalanConstants#JDK_YES &amp; com.sun.org.apache.xerces.internal.jaxp.SAXParserImpl#setProperty(java.lang.String, java.lang.Object)#1&quot; }"/>
        </annotation>
    </item>
    <item name='javax.xml.parsers.SAXParserFactory SAXParserFactory()'>
        <annotation name='com.intellij.inspections.tainted.annotation.equation.Equations'>
            <val val="{ &quot;SAXParserFactory := SAXParserFactory&quot; }"/>
        </annotation>
    </item>
    <item name='javax.xml.parsers.SAXParserFactory boolean getFeature(java.lang.String)'>
        <annotation name='com.intellij.inspections.tainted.annotation.equation.Equations'>
            <val val="{ &quot;name := com.sun.org.apache.xerces.internal.jaxp.SAXParserFactoryImpl#getFeature(java.lang.String)#0&quot; }"/>
        </annotation>
    </item>
    <item name='javax.xml.parsers.SAXParserFactory javax.xml.parsers.SAXParser newSAXParser()'>
        <annotation name='com.intellij.inspections.tainted.annotation.equation.Equations'>
            <val val="{ &quot;newSAXParser := com.sun.org.apache.xerces.internal.jaxp.SAXParserFactoryImpl#newSAXParser()&quot; }"/>
        </annotation>
    </item>
    <item name='javax.xml.parsers.SAXParserFactory javax.xml.parsers.SAXParserFactory newInstance(java.lang.String, java.lang.ClassLoader)'>
        <annotation name='com.intellij.inspections.tainted.annotation.equation.Equations'>
            <val val="{ &quot;factoryClassName := com.sun.org.apache.xalan.internal.utils.FactoryImpl#SF&quot; }"/>
        </annotation>
    </item>
    <item name='javax.xml.parsers.SAXParserFactory javax.xml.validation.Schema getSchema()'>
        <annotation name='com.intellij.inspections.tainted.annotation.equation.Equations'>
            <val val="{ &quot;getSchema := com.sun.org.apache.xerces.internal.jaxp.SAXParserFactoryImpl#getSchema() &amp; com.sun.org.apache.xerces.internal.jaxp.SAXParserFactoryImpl#getSchema()&quot; }"/>
        </annotation>
    </item>
    <item name='javax.xml.parsers.SAXParserFactory void setFeature(java.lang.String, boolean)'>
        <annotation name='com.intellij.inspections.tainted.annotation.equation.Equations'>
            <val val="{ &quot;name := com.sun.org.apache.xerces.internal.jaxp.SAXParserFactoryImpl#setFeature(java.lang.String, boolean)#0 &amp; com.sun.org.apache.xerces.internal.jaxp.SAXParserFactoryImpl#setFeature(java.lang.String, boolean)#0&quot; }"/>
        </annotation>
    </item>
    <item name='javax.xml.parsers.SAXParserFactory void setSchema(javax.xml.validation.Schema)'>
        <annotation name='com.intellij.inspections.tainted.annotation.equation.Equations'>
            <val val="{ &quot;schema := com.sun.org.apache.xerces.internal.jaxp.SAXParserFactoryImpl#setSchema(javax.xml.validation.Schema)#0&quot; }"/>
        </annotation>
    </item>
</root>