<root>
    <item name='com.sun.javadoc.Doc int compareTo(java.lang.Object)'>
        <annotation name='com.intellij.inspections.tainted.annotation.equation.Equations'>
            <val val="{ &quot;obj := java.lang.Comparable#compareTo(java.lang.Object)#0 &amp; java.lang.Comparable#compareTo(java.lang.Object)#0&quot; }"/>
        </annotation>
    </item>
    <item name='com.sun.javadoc.SerialFieldTag int compareTo(java.lang.Object)'>
        <annotation name='com.intellij.inspections.tainted.annotation.equation.Equations'>
            <val val="{ &quot;obj := java.lang.Comparable#compareTo(java.lang.Object)#0 &amp; java.lang.Comparable#compareTo(java.lang.Object)#0&quot; }"/>
        </annotation>
    </item>
</root>