<root>
    <item name='com.sun.org.apache.xerces.internal.xs.datatypes.ByteList boolean contains(byte)'>
        <annotation name='com.intellij.inspections.tainted.annotation.equation.Equations'>
            <val val="{ &quot;contains := com.sun.org.apache.xerces.internal.impl.dv.util.ByteListImpl#contains(byte)&quot; }"/>
        </annotation>
    </item>
    <item name='com.sun.org.apache.xerces.internal.xs.datatypes.ByteList byte item(int)'>
        <annotation name='com.intellij.inspections.tainted.annotation.equation.Equations'>
            <val val="{ &quot;item := com.sun.org.apache.xerces.internal.impl.dv.util.ByteListImpl#item(int)&quot; }"/>
        </annotation>
    </item>
    <item name='com.sun.org.apache.xerces.internal.xs.datatypes.ByteList int getLength()'>
        <annotation name='com.intellij.inspections.tainted.annotation.equation.Equations'>
            <val val="{ &quot;getLength := com.sun.org.apache.xerces.internal.impl.dv.util.ByteListImpl#getLength()&quot; }"/>
        </annotation>
    </item>
    <item name='com.sun.org.apache.xerces.internal.xs.datatypes.ObjectList boolean contains(java.lang.Object)'>
        <annotation name='com.intellij.inspections.tainted.annotation.equation.Equations'>
            <val val="{ &quot;contains := com.sun.org.apache.xerces.internal.impl.dv.xs.ListDV.ListData#contains(java.lang.Object) &amp; com.sun.org.apache.xerces.internal.impl.xs.util.ObjectListImpl#contains(java.lang.Object)&quot;, &quot;item := java.util.List#contains(java.lang.Object)#0 &amp; java.util.List#contains(java.lang.Object)#0&quot; }"/>
        </annotation>
    </item>
    <item name='com.sun.org.apache.xerces.internal.xs.datatypes.ObjectList int getLength()'>
        <annotation name='com.intellij.inspections.tainted.annotation.equation.Equations'>
            <val val="{ &quot;getLength := com.sun.org.apache.xerces.internal.impl.dv.xs.ListDV.ListData#getLength() &amp; com.sun.org.apache.xerces.internal.impl.xs.util.ObjectListImpl#getLength()&quot; }"/>
        </annotation>
    </item>
    <item name='com.sun.org.apache.xerces.internal.xs.datatypes.ObjectList java.lang.Object item(int)'>
        <annotation name='com.intellij.inspections.tainted.annotation.equation.Equations'>
            <val val="{ &quot;item := com.sun.org.apache.xerces.internal.impl.xs.util.ObjectListImpl#item(int) &amp; com.sun.org.apache.xerces.internal.impl.dv.xs.ListDV.ListData#item(int) &amp; com.sun.org.apache.xerces.internal.impl.dv.xs.ListDV.ListData#item(int)&quot; }"/>
        </annotation>
    </item>
    <item name='com.sun.org.apache.xerces.internal.xs.datatypes.XSDateTime boolean hasTimeZone()'>
        <annotation name='com.intellij.inspections.tainted.annotation.equation.Equations'>
            <val val="{ &quot;hasTimeZone := com.sun.org.apache.xerces.internal.impl.dv.xs.AbstractDateTimeDV.DateTimeData#hasTimeZone()&quot; }"/>
        </annotation>
    </item>
    <item name='com.sun.org.apache.xerces.internal.xs.datatypes.XSDateTime boolean isNormalized()'>
        <annotation name='com.intellij.inspections.tainted.annotation.equation.Equations'>
            <val val="{ &quot;isNormalized := com.sun.org.apache.xerces.internal.impl.dv.xs.AbstractDateTimeDV.DateTimeData#isNormalized()&quot; }"/>
        </annotation>
    </item>
    <item name='com.sun.org.apache.xerces.internal.xs.datatypes.XSDateTime com.sun.org.apache.xerces.internal.xs.datatypes.XSDateTime normalize()'>
        <annotation name='com.intellij.inspections.tainted.annotation.equation.Equations'>
            <val val="{ &quot;normalize := com.sun.org.apache.xerces.internal.impl.dv.xs.AbstractDateTimeDV.DateTimeData#normalize()&quot; }"/>
        </annotation>
    </item>
    <item name='com.sun.org.apache.xerces.internal.xs.datatypes.XSDateTime double getSeconds()'>
        <annotation name='com.intellij.inspections.tainted.annotation.equation.Equations'>
            <val val="{ &quot;getSeconds := com.sun.org.apache.xerces.internal.impl.dv.xs.AbstractDateTimeDV.DateTimeData#getSeconds()&quot; }"/>
        </annotation>
    </item>
    <item name='com.sun.org.apache.xerces.internal.xs.datatypes.XSDateTime int getDays()'>
        <annotation name='com.intellij.inspections.tainted.annotation.equation.Equations'>
            <val val="{ &quot;getDays := com.sun.org.apache.xerces.internal.impl.dv.xs.AbstractDateTimeDV.DateTimeData#getDays()&quot; }"/>
        </annotation>
    </item>
    <item name='com.sun.org.apache.xerces.internal.xs.datatypes.XSDateTime int getHours()'>
        <annotation name='com.intellij.inspections.tainted.annotation.equation.Equations'>
            <val val="{ &quot;getHours := com.sun.org.apache.xerces.internal.impl.dv.xs.AbstractDateTimeDV.DateTimeData#getHours()&quot; }"/>
        </annotation>
    </item>
    <item name='com.sun.org.apache.xerces.internal.xs.datatypes.XSDateTime int getMinutes()'>
        <annotation name='com.intellij.inspections.tainted.annotation.equation.Equations'>
            <val val="{ &quot;getMinutes := com.sun.org.apache.xerces.internal.impl.dv.xs.AbstractDateTimeDV.DateTimeData#getMinutes()&quot; }"/>
        </annotation>
    </item>
    <item name='com.sun.org.apache.xerces.internal.xs.datatypes.XSDateTime int getMonths()'>
        <annotation name='com.intellij.inspections.tainted.annotation.equation.Equations'>
            <val val="{ &quot;getMonths := com.sun.org.apache.xerces.internal.impl.dv.xs.AbstractDateTimeDV.DateTimeData#getMonths()&quot; }"/>
        </annotation>
    </item>
    <item name='com.sun.org.apache.xerces.internal.xs.datatypes.XSDateTime int getTimeZoneHours()'>
        <annotation name='com.intellij.inspections.tainted.annotation.equation.Equations'>
            <val val="{ &quot;getTimeZoneHours := com.sun.org.apache.xerces.internal.impl.dv.xs.AbstractDateTimeDV.DateTimeData#getTimeZoneHours()&quot; }"/>
        </annotation>
    </item>
    <item name='com.sun.org.apache.xerces.internal.xs.datatypes.XSDateTime int getTimeZoneMinutes()'>
        <annotation name='com.intellij.inspections.tainted.annotation.equation.Equations'>
            <val val="{ &quot;getTimeZoneMinutes := com.sun.org.apache.xerces.internal.impl.dv.xs.AbstractDateTimeDV.DateTimeData#getTimeZoneMinutes()&quot; }"/>
        </annotation>
    </item>
    <item name='com.sun.org.apache.xerces.internal.xs.datatypes.XSDateTime int getYears()'>
        <annotation name='com.intellij.inspections.tainted.annotation.equation.Equations'>
            <val val="{ &quot;getYears := com.sun.org.apache.xerces.internal.impl.dv.xs.AbstractDateTimeDV.DateTimeData#getYears()&quot; }"/>
        </annotation>
    </item>
    <item name='com.sun.org.apache.xerces.internal.xs.datatypes.XSDateTime java.lang.String getLexicalValue()'>
        <annotation name='com.intellij.inspections.tainted.annotation.equation.Equations'>
            <val val="{ &quot;getLexicalValue := com.sun.org.apache.xerces.internal.impl.dv.xs.AbstractDateTimeDV.DateTimeData#getLexicalValue()&quot; }"/>
        </annotation>
    </item>
    <item name='com.sun.org.apache.xerces.internal.xs.datatypes.XSDateTime javax.xml.datatype.Duration getDuration()'>
        <annotation name='com.intellij.inspections.tainted.annotation.equation.Equations'>
            <val val="{ &quot;getDuration := com.sun.org.apache.xerces.internal.impl.dv.xs.AbstractDateTimeDV.DateTimeData#getDuration()&quot; }"/>
        </annotation>
    </item>
    <item name='com.sun.org.apache.xerces.internal.xs.datatypes.XSDateTime javax.xml.datatype.XMLGregorianCalendar getXMLGregorianCalendar()'>
        <annotation name='com.intellij.inspections.tainted.annotation.equation.Equations'>
            <val val="{ &quot;getXMLGregorianCalendar := com.sun.org.apache.xerces.internal.impl.dv.xs.AbstractDateTimeDV.DateTimeData#getXMLGregorianCalendar()&quot; }"/>
        </annotation>
    </item>
    <item name='com.sun.org.apache.xerces.internal.xs.datatypes.XSDecimal byte getByte()'>
        <annotation name='com.intellij.inspections.tainted.annotation.equation.Equations'>
            <val val="{ &quot;getByte := com.sun.org.apache.xerces.internal.impl.dv.xs.DecimalDV.XDecimal#getByte()&quot; }"/>
        </annotation>
    </item>
    <item name='com.sun.org.apache.xerces.internal.xs.datatypes.XSDecimal int getInt()'>
        <annotation name='com.intellij.inspections.tainted.annotation.equation.Equations'>
            <val val="{ &quot;getInt := com.sun.org.apache.xerces.internal.impl.dv.xs.DecimalDV.XDecimal#getInt()&quot; }"/>
        </annotation>
    </item>
    <item name='com.sun.org.apache.xerces.internal.xs.datatypes.XSDecimal java.math.BigDecimal getBigDecimal()'>
        <annotation name='com.intellij.inspections.tainted.annotation.equation.Equations'>
            <val val="{ &quot;getBigDecimal := com.sun.org.apache.xerces.internal.impl.dv.xs.DecimalDV.XDecimal#getBigDecimal()&quot; }"/>
        </annotation>
    </item>
    <item name='com.sun.org.apache.xerces.internal.xs.datatypes.XSDecimal java.math.BigInteger getBigInteger()'>
        <annotation name='com.intellij.inspections.tainted.annotation.equation.Equations'>
            <val val="{ &quot;getBigInteger := com.sun.org.apache.xerces.internal.impl.dv.xs.DecimalDV.XDecimal#getBigInteger() &amp; com.sun.org.apache.xerces.internal.impl.dv.xs.DecimalDV.XDecimal#getBigInteger()&quot; }"/>
        </annotation>
    </item>
    <item name='com.sun.org.apache.xerces.internal.xs.datatypes.XSDecimal long getLong()'>
        <annotation name='com.intellij.inspections.tainted.annotation.equation.Equations'>
            <val val="{ &quot;getLong := com.sun.org.apache.xerces.internal.impl.dv.xs.DecimalDV.XDecimal#getLong() &amp; com.sun.org.apache.xerces.internal.impl.dv.xs.DecimalDV.XDecimal#getLong()&quot; }"/>
        </annotation>
    </item>
    <item name='com.sun.org.apache.xerces.internal.xs.datatypes.XSDecimal short getShort()'>
        <annotation name='com.intellij.inspections.tainted.annotation.equation.Equations'>
            <val val="{ &quot;getShort := com.sun.org.apache.xerces.internal.impl.dv.xs.DecimalDV.XDecimal#getShort()&quot; }"/>
        </annotation>
    </item>
    <item name='com.sun.org.apache.xerces.internal.xs.datatypes.XSDouble double getValue()'>
        <annotation name='com.intellij.inspections.tainted.annotation.equation.Equations'>
            <val val="{ &quot;getValue := com.sun.org.apache.xerces.internal.impl.dv.xs.DoubleDV.XDouble#getValue() &amp; com.sun.org.apache.xerces.internal.impl.dv.xs.DoubleDV.XDouble#getValue()&quot; }"/>
        </annotation>
    </item>
    <item name='com.sun.org.apache.xerces.internal.xs.datatypes.XSFloat float getValue()'>
        <annotation name='com.intellij.inspections.tainted.annotation.equation.Equations'>
            <val val="{ &quot;getValue := com.sun.org.apache.xerces.internal.impl.dv.xs.FloatDV.XFloat#getValue() &amp; com.sun.org.apache.xerces.internal.impl.dv.xs.FloatDV.XFloat#getValue()&quot; }"/>
        </annotation>
    </item>
    <item name='com.sun.org.apache.xerces.internal.xs.datatypes.XSQName com.sun.org.apache.xerces.internal.xni.QName getXNIQName()'>
        <annotation name='com.intellij.inspections.tainted.annotation.equation.Equations'>
            <val val="{ &quot;getXNIQName := com.sun.org.apache.xerces.internal.impl.dv.xs.QNameDV.XQName#getXNIQName() &amp; com.sun.org.apache.xerces.internal.impl.dv.xs.QNameDV.XQName#getXNIQName()&quot; }"/>
        </annotation>
    </item>
    <item name='com.sun.org.apache.xerces.internal.xs.datatypes.XSQName javax.xml.namespace.QName getJAXPQName()'>
        <annotation name='com.intellij.inspections.tainted.annotation.equation.Equations'>
            <val val="{ &quot;getJAXPQName := com.sun.org.apache.xerces.internal.impl.dv.xs.QNameDV.XQName#getJAXPQName() &amp; com.sun.org.apache.xerces.internal.impl.dv.xs.QNameDV.XQName#getJAXPQName()&quot; }"/>
        </annotation>
    </item>
</root>