<root>
    <item name='org.hibernate.envers.demo.Address'>
        <annotation name='com.intellij.inspections.tainted.annotation.equation.Equations'>
            <val val="{ &quot;Address := #setId(int)#0 &amp; #setStreetName(java.lang.String)#0 &amp; #setHouseNumber(java.lang.Integer)#0 &amp; #setFlatNumber(java.lang.Integer)#0 &amp; #setPersons(java.util.Set)#0&quot; }"/>
        </annotation>
    </item>
    <item name='org.hibernate.envers.demo.Address int getId()'>
        <annotation name='com.intellij.inspections.tainted.annotation.equation.Equations'>
            <val val="{ &quot;getId := Address&quot; }"/>
        </annotation>
    </item>
    <item name='org.hibernate.envers.demo.Address int hashCode()'>
        <annotation name='com.intellij.inspections.tainted.annotation.equation.Equations'>
            <val val="{ &quot;hashCode := Address&quot; }"/>
        </annotation>
    </item>
    <item name='org.hibernate.envers.demo.Address java.lang.Integer getFlatNumber()'>
        <annotation name='com.intellij.inspections.tainted.annotation.equation.Equations'>
            <val val="{ &quot;getFlatNumber := Address&quot; }"/>
        </annotation>
    </item>
    <item name='org.hibernate.envers.demo.Address java.lang.Integer getHouseNumber()'>
        <annotation name='com.intellij.inspections.tainted.annotation.equation.Equations'>
            <val val="{ &quot;getHouseNumber := Address&quot; }"/>
        </annotation>
    </item>
    <item name='org.hibernate.envers.demo.Address java.lang.String getStreetName()'>
        <annotation name='com.intellij.inspections.tainted.annotation.equation.Equations'>
            <val val="{ &quot;getStreetName := Address&quot; }"/>
        </annotation>
    </item>
    <item name='org.hibernate.envers.demo.Address java.util.Set&lt;org.hibernate.envers.demo.Person&gt; getPersons()'>
        <annotation name='com.intellij.inspections.tainted.annotation.equation.Equations'>
            <val val="{ &quot;getPersons := Address&quot; }"/>
        </annotation>
    </item>
    <item name='org.hibernate.envers.demo.Address void setFlatNumber(java.lang.Integer)'>
        <annotation name='com.intellij.inspections.tainted.annotation.equation.Equations'>
            <val val="{ &quot;flatNumber := &quot; }"/>
        </annotation>
    </item>
    <item name='org.hibernate.envers.demo.Address void setHouseNumber(java.lang.Integer)'>
        <annotation name='com.intellij.inspections.tainted.annotation.equation.Equations'>
            <val val="{ &quot;houseNumber := &quot; }"/>
        </annotation>
    </item>
    <item name='org.hibernate.envers.demo.Address void setPersons(java.util.Set&lt;org.hibernate.envers.demo.Person&gt;)'>
        <annotation name='com.intellij.inspections.tainted.annotation.equation.Equations'>
            <val val="{ &quot;persons := &quot; }"/>
        </annotation>
    </item>
    <item name='org.hibernate.envers.demo.Address void setStreetName(java.lang.String)'>
        <annotation name='com.intellij.inspections.tainted.annotation.equation.Equations'>
            <val val="{ &quot;streetName := &quot; }"/>
        </annotation>
    </item>
    <item name='org.hibernate.envers.demo.Person'>
        <annotation name='com.intellij.inspections.tainted.annotation.equation.Equations'>
            <val val="{ &quot;Person := #setId(int)#0 &amp; #setName(java.lang.String)#0 &amp; #setSurname(java.lang.String)#0 &amp; #setAddress(org.hibernate.envers.demo.Address)#0&quot; }"/>
        </annotation>
    </item>
    <item name='org.hibernate.envers.demo.Person int getId()'>
        <annotation name='com.intellij.inspections.tainted.annotation.equation.Equations'>
            <val val="{ &quot;getId := Person&quot; }"/>
        </annotation>
    </item>
    <item name='org.hibernate.envers.demo.Person int hashCode()'>
        <annotation name='com.intellij.inspections.tainted.annotation.equation.Equations'>
            <val val="{ &quot;hashCode := Person&quot; }"/>
        </annotation>
    </item>
    <item name='org.hibernate.envers.demo.Person java.lang.String getName()'>
        <annotation name='com.intellij.inspections.tainted.annotation.equation.Equations'>
            <val val="{ &quot;getName := Person&quot; }"/>
        </annotation>
    </item>
    <item name='org.hibernate.envers.demo.Person java.lang.String getSurname()'>
        <annotation name='com.intellij.inspections.tainted.annotation.equation.Equations'>
            <val val="{ &quot;getSurname := Person&quot; }"/>
        </annotation>
    </item>
    <item name='org.hibernate.envers.demo.Person org.hibernate.envers.demo.Address getAddress()'>
        <annotation name='com.intellij.inspections.tainted.annotation.equation.Equations'>
            <val val="{ &quot;getAddress := Person&quot; }"/>
        </annotation>
    </item>
    <item name='org.hibernate.envers.demo.Person void setAddress(org.hibernate.envers.demo.Address)'>
        <annotation name='com.intellij.inspections.tainted.annotation.equation.Equations'>
            <val val="{ &quot;address := &quot; }"/>
        </annotation>
    </item>
    <item name='org.hibernate.envers.demo.Person void setName(java.lang.String)'>
        <annotation name='com.intellij.inspections.tainted.annotation.equation.Equations'>
            <val val="{ &quot;name := &quot; }"/>
        </annotation>
    </item>
    <item name='org.hibernate.envers.demo.Person void setSurname(java.lang.String)'>
        <annotation name='com.intellij.inspections.tainted.annotation.equation.Equations'>
            <val val="{ &quot;surname := &quot; }"/>
        </annotation>
    </item>
    <item name='org.hibernate.envers.demo.TestConsole'>
        <annotation name='com.intellij.inspections.tainted.annotation.equation.Equations'>
            <val val="{ &quot;TestConsole := #TestConsole(javax.persistence.EntityManager)#0&quot; }"/>
        </annotation>
    </item>
    <item name='org.hibernate.envers.demo.TestConsole TestConsole(javax.persistence.EntityManager)'>
        <annotation name='com.intellij.inspections.tainted.annotation.equation.Equations'>
            <val val="{ &quot;entityManager := &quot;, &quot;TestConsole := TestConsole&quot; }"/>
        </annotation>
    </item>
    <item name='org.hibernate.envers.demo.TestConsole int convertStringToInteger(java.lang.String, int)'>
        <annotation name='com.intellij.inspections.tainted.annotation.equation.Equations'>
            <val val="{ &quot;def := &quot;, &quot;convertStringToInteger := def&quot;, &quot;s := &quot; }"/>
        </annotation>
    </item>
    <item name='org.hibernate.envers.demo.TestConsole java.lang.String convertString(java.lang.String, java.lang.String)'>
        <annotation name='com.intellij.inspections.tainted.annotation.equation.Equations'>
            <val val="{ &quot;def := &quot;, &quot;s := &quot;, &quot;convertString := def &amp; s&quot; }"/>
        </annotation>
    </item>
    <item name='org.hibernate.envers.demo.TestConsole org.hibernate.envers.demo.Address readNewAddress(java.io.PrintStream, java.util.Scanner)'>
        <annotation name='com.intellij.inspections.tainted.annotation.equation.Equations'>
            <val val="{ &quot;out := java.lang.System#out&quot;, &quot;scanner := &quot; }"/>
        </annotation>
    </item>
    <item name='org.hibernate.envers.demo.TestConsole org.hibernate.envers.demo.Person readNewPerson(java.io.PrintStream, java.util.Scanner)'>
        <annotation name='com.intellij.inspections.tainted.annotation.equation.Equations'>
            <val val="{ &quot;out := java.lang.System#out&quot;, &quot;scanner := &quot; }"/>
        </annotation>
    </item>
    <item name='org.hibernate.envers.demo.TestConsole void printAddress(java.lang.StringBuilder, org.hibernate.envers.demo.Address)'>
        <annotation name='com.intellij.inspections.tainted.annotation.equation.Equations'>
            <val val="{ &quot;sb := #printAddresses(java.lang.StringBuilder)#0 &amp; #printAddressHistory(java.lang.StringBuilder, int)#0 &amp; #printAddressAtRevision(java.lang.StringBuilder, int, int)#0&quot;, &quot;a := &quot; }"/>
        </annotation>
    </item>
    <item name='org.hibernate.envers.demo.TestConsole void printAddressAtRevision(java.lang.StringBuilder, int, int)'>
        <annotation name='com.intellij.inspections.tainted.annotation.equation.Equations'>
            <val val="{ &quot;revision := &quot;, &quot;sb := &quot;, &quot;addressId := &quot; }"/>
        </annotation>
    </item>
    <item name='org.hibernate.envers.demo.TestConsole void printAddressHistory(java.lang.StringBuilder, int)'>
        <annotation name='com.intellij.inspections.tainted.annotation.equation.Equations'>
            <val val="{ &quot;sb := &quot;, &quot;addressId := &quot; }"/>
        </annotation>
    </item>
    <item name='org.hibernate.envers.demo.TestConsole void printAddresses(java.lang.StringBuilder)'>
        <annotation name='com.intellij.inspections.tainted.annotation.equation.Equations'>
            <val val="{ &quot;sb := &quot; }"/>
        </annotation>
    </item>
    <item name='org.hibernate.envers.demo.TestConsole void printPerson(java.lang.StringBuilder, org.hibernate.envers.demo.Person)'>
        <annotation name='com.intellij.inspections.tainted.annotation.equation.Equations'>
            <val val="{ &quot;p := &quot;, &quot;sb := #printPersons(java.lang.StringBuilder)#0 &amp; #printPersonHistory(java.lang.StringBuilder, int)#0 &amp; #printPersonAtRevision(java.lang.StringBuilder, int, int)#0&quot; }"/>
        </annotation>
    </item>
    <item name='org.hibernate.envers.demo.TestConsole void printPersonAtRevision(java.lang.StringBuilder, int, int)'>
        <annotation name='com.intellij.inspections.tainted.annotation.equation.Equations'>
            <val val="{ &quot;sb := &quot;, &quot;revision := &quot;, &quot;personId := &quot; }"/>
        </annotation>
    </item>
    <item name='org.hibernate.envers.demo.TestConsole void printPersonHistory(java.lang.StringBuilder, int)'>
        <annotation name='com.intellij.inspections.tainted.annotation.equation.Equations'>
            <val val="{ &quot;sb := &quot;, &quot;personId := &quot; }"/>
        </annotation>
    </item>
    <item name='org.hibernate.envers.demo.TestConsole void printPersons(java.lang.StringBuilder)'>
        <annotation name='com.intellij.inspections.tainted.annotation.equation.Equations'>
            <val val="{ &quot;sb := &quot; }"/>
        </annotation>
    </item>
    <item name='org.hibernate.envers.demo.TestConsole void readAndSetAddress(java.util.Scanner, org.hibernate.envers.demo.Person)'>
        <annotation name='com.intellij.inspections.tainted.annotation.equation.Equations'>
            <val val="{ &quot;p := &quot;, &quot;scanner := #readNewPerson(java.io.PrintStream, java.util.Scanner)#1 &amp; #readModifyPerson(java.io.PrintStream, java.util.Scanner, int)#1&quot; }"/>
        </annotation>
    </item>
    <item name='org.hibernate.envers.demo.TestConsole void readModifyAddress(java.io.PrintStream, java.util.Scanner, int)'>
        <annotation name='com.intellij.inspections.tainted.annotation.equation.Equations'>
            <val val="{ &quot;scanner := &quot;, &quot;out := java.lang.System#out&quot;, &quot;addressId := &quot; }"/>
        </annotation>
    </item>
    <item name='org.hibernate.envers.demo.TestConsole void readModifyPerson(java.io.PrintStream, java.util.Scanner, int)'>
        <annotation name='com.intellij.inspections.tainted.annotation.equation.Equations'>
            <val val="{ &quot;scanner := &quot;, &quot;out := java.lang.System#out&quot;, &quot;personId := &quot; }"/>
        </annotation>
    </item>
</root>