<root>
    <item name='org.omg.PortableInterceptor.AdapterStateHelper java.lang.String id()'>
        <annotation name='com.intellij.inspections.tainted.annotation.equation.Equations'>
            <val val="{ &quot;id := AdapterStateHelper&quot; }"/>
        </annotation>
    </item>
    <item name='org.omg.PortableInterceptor.AdapterStateHelper org.omg.CORBA.TypeCode type()'>
        <annotation name='com.intellij.inspections.tainted.annotation.equation.Equations'>
            <val val="{ &quot;type := AdapterStateHelper&quot; }"/>
        </annotation>
    </item>
    <item name='org.omg.PortableInterceptor.AdapterStateHelper void write(org.omg.CORBA.portable.OutputStream, short)'>
        <annotation name='com.intellij.inspections.tainted.annotation.equation.Equations'>
            <val val="{ &quot;ostream := &quot;, &quot;value := #insert(org.omg.CORBA.Any, short)#1&quot; }"/>
        </annotation>
    </item>
    <item name='org.omg.PortableInterceptor.ClientRequestInfoOperations java.lang.String received_exception_id()'>
        <annotation name='com.intellij.inspections.tainted.annotation.equation.Equations'>
            <val val="{ &quot;received_exception_id := com.sun.corba.se.impl.interceptors.ClientRequestInfoImpl#received_exception_id()&quot; }"/>
        </annotation>
    </item>
    <item name='org.omg.PortableInterceptor.ClientRequestInfoOperations org.omg.CORBA.Any received_exception()'>
        <annotation name='com.intellij.inspections.tainted.annotation.equation.Equations'>
            <val val="{ &quot;received_exception := com.sun.corba.se.impl.interceptors.ClientRequestInfoImpl#received_exception()&quot; }"/>
        </annotation>
    </item>
    <item name='org.omg.PortableInterceptor.ClientRequestInfoOperations org.omg.CORBA.Object effective_target()'>
        <annotation name='com.intellij.inspections.tainted.annotation.equation.Equations'>
            <val val="{ &quot;effective_target := com.sun.corba.se.impl.interceptors.ClientRequestInfoImpl#effective_target()&quot; }"/>
        </annotation>
    </item>
    <item name='org.omg.PortableInterceptor.ClientRequestInfoOperations org.omg.CORBA.Object target()'>
        <annotation name='com.intellij.inspections.tainted.annotation.equation.Equations'>
            <val val="{ &quot;target := com.sun.corba.se.impl.interceptors.ClientRequestInfoImpl#target()&quot; }"/>
        </annotation>
    </item>
    <item name='org.omg.PortableInterceptor.ClientRequestInfoOperations org.omg.CORBA.Policy get_request_policy(int)'>
        <annotation name='com.intellij.inspections.tainted.annotation.equation.Equations'>
            <val val="{ &quot;get_request_policy := com.sun.corba.se.impl.interceptors.ClientRequestInfoImpl#get_request_policy(int)&quot; }"/>
        </annotation>
    </item>
    <item name='org.omg.PortableInterceptor.ClientRequestInfoOperations org.omg.IOP.TaggedComponent get_effective_component(int)'>
        <annotation name='com.intellij.inspections.tainted.annotation.equation.Equations'>
            <val val="{ &quot;get_effective_component := com.sun.corba.se.impl.interceptors.ClientRequestInfoImpl#get_effective_component(int)&quot; }"/>
        </annotation>
    </item>
    <item name='org.omg.PortableInterceptor.ClientRequestInfoOperations org.omg.IOP.TaggedComponent[] get_effective_components(int)'>
        <annotation name='com.intellij.inspections.tainted.annotation.equation.Equations'>
            <val val="{ &quot;get_effective_components := com.sun.corba.se.impl.interceptors.ClientRequestInfoImpl#get_effective_components(int)&quot; }"/>
        </annotation>
    </item>
    <item name='org.omg.PortableInterceptor.ClientRequestInfoOperations org.omg.IOP.TaggedProfile effective_profile()'>
        <annotation name='com.intellij.inspections.tainted.annotation.equation.Equations'>
            <val val="{ &quot;effective_profile := com.sun.corba.se.impl.interceptors.ClientRequestInfoImpl#effective_profile()&quot; }"/>
        </annotation>
    </item>
    <item name='org.omg.PortableInterceptor.CurrentOperations org.omg.CORBA.Any get_slot(int)'>
        <annotation name='com.intellij.inspections.tainted.annotation.equation.Equations'>
            <val val="{ &quot;get_slot := com.sun.corba.se.impl.interceptors.PICurrent#get_slot(int)&quot; }"/>
        </annotation>
    </item>
    <item name='org.omg.PortableInterceptor.IORInfoOperations int manager_id()'>
        <annotation name='com.intellij.inspections.tainted.annotation.equation.Equations'>
            <val val="{ &quot;manager_id := com.sun.corba.se.impl.interceptors.IORInfoImpl#manager_id()&quot; }"/>
        </annotation>
    </item>
    <item name='org.omg.PortableInterceptor.IORInfoOperations org.omg.CORBA.Policy get_effective_policy(int)'>
        <annotation name='com.intellij.inspections.tainted.annotation.equation.Equations'>
            <val val="{ &quot;get_effective_policy := com.sun.corba.se.impl.interceptors.IORInfoImpl#get_effective_policy(int)&quot; }"/>
        </annotation>
    </item>
    <item name='org.omg.PortableInterceptor.IORInfoOperations org.omg.PortableInterceptor.ObjectReferenceFactory current_factory()'>
        <annotation name='com.intellij.inspections.tainted.annotation.equation.Equations'>
            <val val="{ &quot;current_factory := com.sun.corba.se.impl.interceptors.IORInfoImpl#current_factory()&quot; }"/>
        </annotation>
    </item>
    <item name='org.omg.PortableInterceptor.IORInfoOperations org.omg.PortableInterceptor.ObjectReferenceTemplate adapter_template()'>
        <annotation name='com.intellij.inspections.tainted.annotation.equation.Equations'>
            <val val="{ &quot;adapter_template := com.sun.corba.se.impl.interceptors.IORInfoImpl#adapter_template()&quot; }"/>
        </annotation>
    </item>
    <item name='org.omg.PortableInterceptor.IORInfoOperations short state()'>
        <annotation name='com.intellij.inspections.tainted.annotation.equation.Equations'>
            <val val="{ &quot;state := com.sun.corba.se.impl.interceptors.IORInfoImpl#state()&quot; }"/>
        </annotation>
    </item>
    <item name='org.omg.PortableInterceptor.ORBInitInfoOperations int allocate_slot_id()'>
        <annotation name='com.intellij.inspections.tainted.annotation.equation.Equations'>
            <val val="{ &quot;allocate_slot_id := com.sun.corba.se.impl.interceptors.ORBInitInfoImpl#allocate_slot_id()&quot; }"/>
        </annotation>
    </item>
    <item name='org.omg.PortableInterceptor.ORBInitInfoOperations java.lang.String orb_id()'>
        <annotation name='com.intellij.inspections.tainted.annotation.equation.Equations'>
            <val val="{ &quot;orb_id := com.sun.corba.se.impl.interceptors.ORBInitInfoImpl#orb_id()&quot; }"/>
        </annotation>
    </item>
    <item name='org.omg.PortableInterceptor.ORBInitInfoOperations java.lang.String[] arguments()'>
        <annotation name='com.intellij.inspections.tainted.annotation.equation.Equations'>
            <val val="{ &quot;arguments := com.sun.corba.se.impl.interceptors.ORBInitInfoImpl#arguments()&quot; }"/>
        </annotation>
    </item>
    <item name='org.omg.PortableInterceptor.ORBInitInfoOperations org.omg.CORBA.Object resolve_initial_references(java.lang.String)'>
        <annotation name='com.intellij.inspections.tainted.annotation.equation.Equations'>
            <val val="{ &quot;resolve_initial_references := com.sun.corba.se.impl.interceptors.ORBInitInfoImpl#resolve_initial_references(java.lang.String)&quot; }"/>
        </annotation>
    </item>
    <item name='org.omg.PortableInterceptor.ORBInitInfoOperations org.omg.IOP.CodecFactory codec_factory()'>
        <annotation name='com.intellij.inspections.tainted.annotation.equation.Equations'>
            <val val="{ &quot;codec_factory := com.sun.corba.se.impl.interceptors.ORBInitInfoImpl#codec_factory()&quot; }"/>
        </annotation>
    </item>
    <item name='org.omg.PortableInterceptor.ORBInitializerOperations void post_init(org.omg.PortableInterceptor.ORBInitInfo)'>
        <annotation name='com.intellij.inspections.tainted.annotation.equation.Equations'>
            <val val="{ &quot;info := com.sun.corba.se.impl.interceptors.PIHandlerImpl#postInitORBInitializers(com.sun.corba.se.impl.interceptors.ORBInitInfoImpl)#0&quot; }"/>
        </annotation>
    </item>
    <item name='org.omg.PortableInterceptor.ORBInitializerOperations void pre_init(org.omg.PortableInterceptor.ORBInitInfo)'>
        <annotation name='com.intellij.inspections.tainted.annotation.equation.Equations'>
            <val val="{ &quot;info := com.sun.corba.se.impl.interceptors.PIHandlerImpl#preInitORBInitializers(com.sun.corba.se.impl.interceptors.ORBInitInfoImpl)#0&quot; }"/>
        </annotation>
    </item>
    <item name='org.omg.PortableInterceptor.ObjectIdHelper java.lang.String id()'>
        <annotation name='com.intellij.inspections.tainted.annotation.equation.Equations'>
            <val val="{ &quot;id := ObjectIdHelper&quot; }"/>
        </annotation>
    </item>
    <item name='org.omg.PortableInterceptor.ObjectIdHelper org.omg.CORBA.TypeCode type()'>
        <annotation name='com.intellij.inspections.tainted.annotation.equation.Equations'>
            <val val="{ &quot;type := ObjectIdHelper&quot; }"/>
        </annotation>
    </item>
    <item name='org.omg.PortableInterceptor.ObjectIdHelper void write(org.omg.CORBA.portable.OutputStream, byte[])'>
        <annotation name='com.intellij.inspections.tainted.annotation.equation.Equations'>
            <val val="{ &quot;ostream := &quot;, &quot;value := #insert(org.omg.CORBA.Any, byte[])#1&quot; }"/>
        </annotation>
    </item>
    <item name='org.omg.PortableInterceptor.ObjectReferenceFactoryHelper java.lang.String id()'>
        <annotation name='com.intellij.inspections.tainted.annotation.equation.Equations'>
            <val val="{ &quot;id := ObjectReferenceFactoryHelper&quot; }"/>
        </annotation>
    </item>
    <item name='org.omg.PortableInterceptor.ObjectReferenceFactoryHelper org.omg.CORBA.TypeCode type()'>
        <annotation name='com.intellij.inspections.tainted.annotation.equation.Equations'>
            <val val="{ &quot;type := ObjectReferenceFactoryHelper&quot; }"/>
        </annotation>
    </item>
    <item name='org.omg.PortableInterceptor.ObjectReferenceFactoryHelper org.omg.PortableInterceptor.ObjectReferenceFactory read(org.omg.CORBA.portable.InputStream)'>
        <annotation name='com.intellij.inspections.tainted.annotation.equation.Equations'>
            <val val="{ &quot;istream := ObjectReferenceFactoryHolder#_read(org.omg.CORBA.portable.InputStream)#0&quot; }"/>
        </annotation>
    </item>
    <item name='org.omg.PortableInterceptor.ObjectReferenceFactoryHelper void write(org.omg.CORBA.portable.OutputStream, org.omg.PortableInterceptor.ObjectReferenceFactory)'>
        <annotation name='com.intellij.inspections.tainted.annotation.equation.Equations'>
            <val val="{ &quot;ostream := ObjectReferenceFactoryHolder#_write(org.omg.CORBA.portable.OutputStream)#0&quot;, &quot;value := #insert(org.omg.CORBA.Any, org.omg.PortableInterceptor.ObjectReferenceFactory)#1 &amp; ObjectReferenceFactoryHolder&quot; }"/>
        </annotation>
    </item>
    <item name='org.omg.PortableInterceptor.ObjectReferenceFactoryHolder ObjectReferenceFactoryHolder()'>
        <annotation name='com.intellij.inspections.tainted.annotation.equation.Equations'>
            <val val="{ &quot;ObjectReferenceFactoryHolder := ObjectReferenceFactoryHolder&quot; }"/>
        </annotation>
    </item>
    <item name='org.omg.PortableInterceptor.ObjectReferenceFactoryHolder ObjectReferenceFactoryHolder(org.omg.PortableInterceptor.ObjectReferenceFactory)'>
        <annotation name='com.intellij.inspections.tainted.annotation.equation.Equations'>
            <val val="{ &quot;ObjectReferenceFactoryHolder := ObjectReferenceFactoryHolder&quot; }"/>
        </annotation>
    </item>
    <item name='org.omg.PortableInterceptor.ObjectReferenceFactoryHolder void _read(org.omg.CORBA.portable.InputStream)'>
        <annotation name='com.intellij.inspections.tainted.annotation.equation.Equations'>
            <val val="{ &quot;i := org.omg.CORBA.portable.Streamable#_read(org.omg.CORBA.portable.InputStream)#0 &amp; org.omg.CORBA.portable.Streamable#_read(org.omg.CORBA.portable.InputStream)#0&quot; }"/>
        </annotation>
    </item>
    <item name='org.omg.PortableInterceptor.ObjectReferenceFactoryHolder void _write(org.omg.CORBA.portable.OutputStream)'>
        <annotation name='com.intellij.inspections.tainted.annotation.equation.Equations'>
            <val val="{ &quot;o := org.omg.CORBA.portable.Streamable#_write(org.omg.CORBA.portable.OutputStream)#0 &amp; org.omg.CORBA.portable.Streamable#_write(org.omg.CORBA.portable.OutputStream)#0&quot; }"/>
        </annotation>
    </item>
    <item name='org.omg.PortableInterceptor.ObjectReferenceTemplate java.lang.String orb_id()'>
        <annotation name='com.intellij.inspections.tainted.annotation.equation.Equations'>
            <val val="{ &quot;orb_id := com.sun.corba.se.impl.ior.ObjectReferenceTemplateImpl#orb_id()&quot; }"/>
        </annotation>
    </item>
    <item name='org.omg.PortableInterceptor.ObjectReferenceTemplate java.lang.String server_id()'>
        <annotation name='com.intellij.inspections.tainted.annotation.equation.Equations'>
            <val val="{ &quot;server_id := com.sun.corba.se.impl.ior.ObjectReferenceTemplateImpl#server_id()&quot; }"/>
        </annotation>
    </item>
    <item name='org.omg.PortableInterceptor.ObjectReferenceTemplate java.lang.String[] adapter_name()'>
        <annotation name='com.intellij.inspections.tainted.annotation.equation.Equations'>
            <val val="{ &quot;adapter_name := com.sun.corba.se.impl.ior.ObjectReferenceTemplateImpl#adapter_name()&quot; }"/>
        </annotation>
    </item>
    <item name='org.omg.PortableInterceptor.ObjectReferenceTemplateHelper java.lang.String id()'>
        <annotation name='com.intellij.inspections.tainted.annotation.equation.Equations'>
            <val val="{ &quot;id := ObjectReferenceTemplateHelper&quot; }"/>
        </annotation>
    </item>
    <item name='org.omg.PortableInterceptor.ObjectReferenceTemplateHelper org.omg.CORBA.TypeCode type()'>
        <annotation name='com.intellij.inspections.tainted.annotation.equation.Equations'>
            <val val="{ &quot;type := ObjectReferenceTemplateHelper&quot; }"/>
        </annotation>
    </item>
    <item name='org.omg.PortableInterceptor.ObjectReferenceTemplateHelper org.omg.PortableInterceptor.ObjectReferenceTemplate read(org.omg.CORBA.portable.InputStream)'>
        <annotation name='com.intellij.inspections.tainted.annotation.equation.Equations'>
            <val val="{ &quot;read := &quot; }"/>
        </annotation>
    </item>
    <item name='org.omg.PortableInterceptor.ObjectReferenceTemplateHelper void write(org.omg.CORBA.portable.OutputStream, org.omg.PortableInterceptor.ObjectReferenceTemplate)'>
        <annotation name='com.intellij.inspections.tainted.annotation.equation.Equations'>
            <val val="{ &quot;value := #insert(org.omg.CORBA.Any, org.omg.PortableInterceptor.ObjectReferenceTemplate)#1&quot;, &quot;ostream := &quot; }"/>
        </annotation>
    </item>
    <item name='org.omg.PortableInterceptor.RequestInfoOperations boolean response_expected()'>
        <annotation name='com.intellij.inspections.tainted.annotation.equation.Equations'>
            <val val="{ &quot;response_expected := com.sun.corba.se.impl.interceptors.RequestInfoImpl#response_expected() &amp; com.sun.corba.se.impl.interceptors.ServerRequestInfoImpl#response_expected() &amp; com.sun.corba.se.impl.interceptors.ClientRequestInfoImpl#response_expected()&quot; }"/>
        </annotation>
    </item>
    <item name='org.omg.PortableInterceptor.RequestInfoOperations int request_id()'>
        <annotation name='com.intellij.inspections.tainted.annotation.equation.Equations'>
            <val val="{ &quot;request_id := com.sun.corba.se.impl.interceptors.ServerRequestInfoImpl#request_id() &amp; com.sun.corba.se.impl.interceptors.ClientRequestInfoImpl#request_id() &amp; com.sun.corba.se.impl.interceptors.RequestInfoImpl#request_id()&quot; }"/>
        </annotation>
    </item>
    <item name='org.omg.PortableInterceptor.RequestInfoOperations java.lang.String operation()'>
        <annotation name='com.intellij.inspections.tainted.annotation.equation.Equations'>
            <val val="{ &quot;operation := com.sun.corba.se.impl.interceptors.ServerRequestInfoImpl#operation() &amp; com.sun.corba.se.impl.interceptors.ClientRequestInfoImpl#operation() &amp; com.sun.corba.se.impl.interceptors.RequestInfoImpl#operation()&quot; }"/>
        </annotation>
    </item>
    <item name='org.omg.PortableInterceptor.RequestInfoOperations java.lang.String[] contexts()'>
        <annotation name='com.intellij.inspections.tainted.annotation.equation.Equations'>
            <val val="{ &quot;contexts := com.sun.corba.se.impl.interceptors.ServerRequestInfoImpl#contexts() &amp; com.sun.corba.se.impl.interceptors.ClientRequestInfoImpl#contexts() &amp; com.sun.corba.se.impl.interceptors.RequestInfoImpl#contexts()&quot; }"/>
        </annotation>
    </item>
    <item name='org.omg.PortableInterceptor.RequestInfoOperations java.lang.String[] operation_context()'>
        <annotation name='com.intellij.inspections.tainted.annotation.equation.Equations'>
            <val val="{ &quot;operation_context := com.sun.corba.se.impl.interceptors.ServerRequestInfoImpl#operation_context() &amp; com.sun.corba.se.impl.interceptors.ClientRequestInfoImpl#operation_context() &amp; com.sun.corba.se.impl.interceptors.RequestInfoImpl#operation_context()&quot; }"/>
        </annotation>
    </item>
    <item name='org.omg.PortableInterceptor.RequestInfoOperations org.omg.CORBA.Any get_slot(int)'>
        <annotation name='com.intellij.inspections.tainted.annotation.equation.Equations'>
            <val val="{ &quot;get_slot := com.sun.corba.se.impl.interceptors.RequestInfoImpl#get_slot(int)&quot; }"/>
        </annotation>
    </item>
    <item name='org.omg.PortableInterceptor.RequestInfoOperations org.omg.CORBA.Any result()'>
        <annotation name='com.intellij.inspections.tainted.annotation.equation.Equations'>
            <val val="{ &quot;result := com.sun.corba.se.impl.interceptors.ServerRequestInfoImpl#result() &amp; com.sun.corba.se.impl.interceptors.ClientRequestInfoImpl#result() &amp; com.sun.corba.se.impl.interceptors.RequestInfoImpl#result()&quot; }"/>
        </annotation>
    </item>
    <item name='org.omg.PortableInterceptor.RequestInfoOperations org.omg.CORBA.Object forward_reference()'>
        <annotation name='com.intellij.inspections.tainted.annotation.equation.Equations'>
            <val val="{ &quot;forward_reference := com.sun.corba.se.impl.interceptors.RequestInfoImpl#forward_reference() &amp; com.sun.corba.se.impl.interceptors.ServerRequestInfoImpl#forward_reference() &amp; com.sun.corba.se.impl.interceptors.ClientRequestInfoImpl#forward_reference()&quot; }"/>
        </annotation>
    </item>
    <item name='org.omg.PortableInterceptor.RequestInfoOperations org.omg.CORBA.TypeCode[] exceptions()'>
        <annotation name='com.intellij.inspections.tainted.annotation.equation.Equations'>
            <val val="{ &quot;exceptions := com.sun.corba.se.impl.interceptors.RequestInfoImpl#exceptions() &amp; com.sun.corba.se.impl.interceptors.ClientRequestInfoImpl#exceptions() &amp; com.sun.corba.se.impl.interceptors.ServerRequestInfoImpl#exceptions()&quot; }"/>
        </annotation>
    </item>
    <item name='org.omg.PortableInterceptor.RequestInfoOperations org.omg.Dynamic.Parameter[] arguments()'>
        <annotation name='com.intellij.inspections.tainted.annotation.equation.Equations'>
            <val val="{ &quot;arguments := com.sun.corba.se.impl.interceptors.RequestInfoImpl#arguments() &amp; com.sun.corba.se.impl.interceptors.ClientRequestInfoImpl#arguments() &amp; com.sun.corba.se.impl.interceptors.ServerRequestInfoImpl#arguments()&quot; }"/>
        </annotation>
    </item>
    <item name='org.omg.PortableInterceptor.RequestInfoOperations org.omg.IOP.ServiceContext get_reply_service_context(int)'>
        <annotation name='com.intellij.inspections.tainted.annotation.equation.Equations'>
            <val val="{ &quot;get_reply_service_context := com.sun.corba.se.impl.interceptors.RequestInfoImpl#get_reply_service_context(int) &amp; com.sun.corba.se.impl.interceptors.ServerRequestInfoImpl#get_reply_service_context(int) &amp; com.sun.corba.se.impl.interceptors.ClientRequestInfoImpl#get_reply_service_context(int)&quot; }"/>
        </annotation>
    </item>
    <item name='org.omg.PortableInterceptor.RequestInfoOperations org.omg.IOP.ServiceContext get_request_service_context(int)'>
        <annotation name='com.intellij.inspections.tainted.annotation.equation.Equations'>
            <val val="{ &quot;get_request_service_context := com.sun.corba.se.impl.interceptors.RequestInfoImpl#get_request_service_context(int) &amp; com.sun.corba.se.impl.interceptors.ServerRequestInfoImpl#get_request_service_context(int) &amp; com.sun.corba.se.impl.interceptors.ClientRequestInfoImpl#get_request_service_context(int)&quot; }"/>
        </annotation>
    </item>
    <item name='org.omg.PortableInterceptor.RequestInfoOperations short reply_status()'>
        <annotation name='com.intellij.inspections.tainted.annotation.equation.Equations'>
            <val val="{ &quot;reply_status := com.sun.corba.se.impl.interceptors.RequestInfoImpl#reply_status()&quot; }"/>
        </annotation>
    </item>
    <item name='org.omg.PortableInterceptor.RequestInfoOperations short sync_scope()'>
        <annotation name='com.intellij.inspections.tainted.annotation.equation.Equations'>
            <val val="{ &quot;sync_scope := com.sun.corba.se.impl.interceptors.RequestInfoImpl#sync_scope()&quot; }"/>
        </annotation>
    </item>
    <item name='org.omg.PortableInterceptor.ServerRequestInfoOperations boolean target_is_a(java.lang.String)'>
        <annotation name='com.intellij.inspections.tainted.annotation.equation.Equations'>
            <val val="{ &quot;target_is_a := com.sun.corba.se.impl.interceptors.ServerRequestInfoImpl#target_is_a(java.lang.String)&quot; }"/>
        </annotation>
    </item>
    <item name='org.omg.PortableInterceptor.ServerRequestInfoOperations byte[] adapter_id()'>
        <annotation name='com.intellij.inspections.tainted.annotation.equation.Equations'>
            <val val="{ &quot;adapter_id := com.sun.corba.se.impl.interceptors.ServerRequestInfoImpl#adapter_id()&quot; }"/>
        </annotation>
    </item>
    <item name='org.omg.PortableInterceptor.ServerRequestInfoOperations byte[] object_id()'>
        <annotation name='com.intellij.inspections.tainted.annotation.equation.Equations'>
            <val val="{ &quot;object_id := com.sun.corba.se.impl.interceptors.ServerRequestInfoImpl#object_id()&quot; }"/>
        </annotation>
    </item>
    <item name='org.omg.PortableInterceptor.ServerRequestInfoOperations java.lang.String orb_id()'>
        <annotation name='com.intellij.inspections.tainted.annotation.equation.Equations'>
            <val val="{ &quot;orb_id := com.sun.corba.se.impl.interceptors.ServerRequestInfoImpl#orb_id()&quot; }"/>
        </annotation>
    </item>
    <item name='org.omg.PortableInterceptor.ServerRequestInfoOperations java.lang.String server_id()'>
        <annotation name='com.intellij.inspections.tainted.annotation.equation.Equations'>
            <val val="{ &quot;server_id := com.sun.corba.se.impl.interceptors.ServerRequestInfoImpl#server_id()&quot; }"/>
        </annotation>
    </item>
    <item name='org.omg.PortableInterceptor.ServerRequestInfoOperations java.lang.String target_most_derived_interface()'>
        <annotation name='com.intellij.inspections.tainted.annotation.equation.Equations'>
            <val val="{ &quot;target_most_derived_interface := com.sun.corba.se.impl.interceptors.ServerRequestInfoImpl#target_most_derived_interface()&quot; }"/>
        </annotation>
    </item>
    <item name='org.omg.PortableInterceptor.ServerRequestInfoOperations java.lang.String[] adapter_name()'>
        <annotation name='com.intellij.inspections.tainted.annotation.equation.Equations'>
            <val val="{ &quot;adapter_name := com.sun.corba.se.impl.interceptors.ServerRequestInfoImpl#adapter_name()&quot; }"/>
        </annotation>
    </item>
    <item name='org.omg.PortableInterceptor.ServerRequestInfoOperations org.omg.CORBA.Any sending_exception()'>
        <annotation name='com.intellij.inspections.tainted.annotation.equation.Equations'>
            <val val="{ &quot;sending_exception := com.sun.corba.se.impl.interceptors.ServerRequestInfoImpl#sending_exception()&quot; }"/>
        </annotation>
    </item>
    <item name='org.omg.PortableInterceptor.ServerRequestInfoOperations org.omg.CORBA.Policy get_server_policy(int)'>
        <annotation name='com.intellij.inspections.tainted.annotation.equation.Equations'>
            <val val="{ &quot;get_server_policy := com.sun.corba.se.impl.interceptors.ServerRequestInfoImpl#get_server_policy(int)&quot; }"/>
        </annotation>
    </item>
</root>