<root>
    <item name='com.sun.org.apache.xerces.internal.jaxp.datatype.DatatypeFactoryImpl DatatypeFactoryImpl()'>
        <annotation name='com.intellij.inspections.tainted.annotation.equation.Equations'>
            <val val="{ &quot;DatatypeFactoryImpl := DatatypeFactoryImpl&quot; }"/>
        </annotation>
    </item>
    <item name='com.sun.org.apache.xerces.internal.jaxp.datatype.DurationDayTimeImpl DurationDayTimeImpl(boolean, int, int, int, int)'>
        <annotation name='com.intellij.inspections.tainted.annotation.equation.Equations'>
            <val val="{ &quot;seconds := DatatypeFactoryImpl#newDurationDayTime(boolean, int, int, int, int)#4&quot;, &quot;days := DatatypeFactoryImpl#newDurationDayTime(boolean, int, int, int, int)#1&quot;, &quot;hours := DatatypeFactoryImpl#newDurationDayTime(boolean, int, int, int, int)#2&quot;, &quot;DurationDayTimeImpl := DurationDayTimeImpl&quot;, &quot;minutes := DatatypeFactoryImpl#newDurationDayTime(boolean, int, int, int, int)#3&quot; }"/>
        </annotation>
    </item>
    <item name='com.sun.org.apache.xerces.internal.jaxp.datatype.DurationDayTimeImpl DurationDayTimeImpl(boolean, java.math.BigInteger, java.math.BigInteger, java.math.BigInteger, java.math.BigDecimal)'>
        <annotation name='com.intellij.inspections.tainted.annotation.equation.Equations'>
            <val val="{ &quot;hours := DatatypeFactoryImpl#newDurationDayTime(boolean, java.math.BigInteger, java.math.BigInteger, java.math.BigInteger, java.math.BigInteger)#2&quot;, &quot;days := DatatypeFactoryImpl#newDurationDayTime(boolean, java.math.BigInteger, java.math.BigInteger, java.math.BigInteger, java.math.BigInteger)#1&quot;, &quot;minutes := DatatypeFactoryImpl#newDurationDayTime(boolean, java.math.BigInteger, java.math.BigInteger, java.math.BigInteger, java.math.BigInteger)#3&quot;, &quot;DurationDayTimeImpl := DurationDayTimeImpl&quot; }"/>
        </annotation>
    </item>
    <item name='com.sun.org.apache.xerces.internal.jaxp.datatype.DurationDayTimeImpl DurationDayTimeImpl(java.lang.String)'>
        <annotation name='com.intellij.inspections.tainted.annotation.equation.Equations'>
            <val val="{ &quot;lexicalRepresentation := DatatypeFactoryImpl#newDurationDayTime(java.lang.String)#0&quot;, &quot;DurationDayTimeImpl := DurationDayTimeImpl&quot; }"/>
        </annotation>
    </item>
    <item name='com.sun.org.apache.xerces.internal.jaxp.datatype.DurationDayTimeImpl DurationDayTimeImpl(long)'>
        <annotation name='com.intellij.inspections.tainted.annotation.equation.Equations'>
            <val val="{ &quot;durationInMilliseconds := DatatypeFactoryImpl#newDurationDayTime(long)#0&quot;, &quot;DurationDayTimeImpl := DurationDayTimeImpl&quot; }"/>
        </annotation>
    </item>
    <item name='com.sun.org.apache.xerces.internal.jaxp.datatype.DurationImpl DurationImpl(boolean, int, int, int, int, int, int)'>
        <annotation name='com.intellij.inspections.tainted.annotation.equation.Equations'>
            <val val="{ &quot;minutes := XMLGregorianCalendarImpl#normalizeToTimezone(int)#0&quot;, &quot;DurationImpl := DurationImpl&quot; }"/>
        </annotation>
    </item>
    <item name='com.sun.org.apache.xerces.internal.jaxp.datatype.DurationImpl DurationImpl(boolean, java.math.BigInteger, java.math.BigInteger, java.math.BigInteger, java.math.BigInteger, java.math.BigInteger, java.math.BigDecimal)'>
        <annotation name='com.intellij.inspections.tainted.annotation.equation.Equations'>
            <val val="{ &quot;seconds := DatatypeFactoryImpl#newDuration(boolean, java.math.BigInteger, java.math.BigInteger, java.math.BigInteger, java.math.BigInteger, java.math.BigInteger, java.math.BigDecimal)#6 &amp; DurationDayTimeImpl#DurationDayTimeImpl(boolean, java.math.BigInteger, java.math.BigInteger, java.math.BigInteger, java.math.BigDecimal)#4 &amp; #ZERO &amp; DurationImpl&quot;, &quot;days := DatatypeFactoryImpl#newDuration(boolean, java.math.BigInteger, java.math.BigInteger, java.math.BigInteger, java.math.BigInteger, java.math.BigInteger, java.math.BigDecimal)#3 &amp; DurationDayTimeImpl#DurationDayTimeImpl(boolean, java.math.BigInteger, java.math.BigInteger, java.math.BigInteger, java.math.BigDecimal)#1 &amp; DurationImpl&quot;, &quot;DurationImpl := DurationImpl&quot;, &quot;years := DatatypeFactoryImpl#newDuration(boolean, java.math.BigInteger, java.math.BigInteger, java.math.BigInteger, java.math.BigInteger, java.math.BigInteger, java.math.BigDecimal)#1 &amp; DurationYearMonthImpl#DurationYearMonthImpl(boolean, java.math.BigInteger, java.math.BigInteger)#1 &amp; DurationImpl&quot;, &quot;months := DatatypeFactoryImpl#newDuration(boolean, java.math.BigInteger, java.math.BigInteger, java.math.BigInteger, java.math.BigInteger, java.math.BigInteger, java.math.BigDecimal)#2 &amp; DurationYearMonthImpl#DurationYearMonthImpl(boolean, java.math.BigInteger, java.math.BigInteger)#2 &amp; DurationImpl&quot;, &quot;minutes := DatatypeFactoryImpl#newDuration(boolean, java.math.BigInteger, java.math.BigInteger, java.math.BigInteger, java.math.BigInteger, java.math.BigInteger, java.math.BigDecimal)#5 &amp; DurationDayTimeImpl#DurationDayTimeImpl(boolean, java.math.BigInteger, java.math.BigInteger, java.math.BigInteger, java.math.BigDecimal)#3 &amp; DurationImpl&quot;, &quot;hours := DatatypeFactoryImpl#newDuration(boolean, java.math.BigInteger, java.math.BigInteger, java.math.BigInteger, java.math.BigInteger, java.math.BigInteger, java.math.BigDecimal)#4 &amp; DurationDayTimeImpl#DurationDayTimeImpl(boolean, java.math.BigInteger, java.math.BigInteger, java.math.BigInteger, java.math.BigDecimal)#2 &amp; DurationImpl&quot; }"/>
        </annotation>
    </item>
    <item name='com.sun.org.apache.xerces.internal.jaxp.datatype.DurationImpl DurationImpl(java.lang.String)'>
        <annotation name='com.intellij.inspections.tainted.annotation.equation.Equations'>
            <val val="{ &quot;lexicalRepresentation := DatatypeFactoryImpl#newDuration(java.lang.String)#0 &amp; DurationDayTimeImpl#DurationDayTimeImpl(java.lang.String)#0 &amp; DurationYearMonthImpl#DurationYearMonthImpl(java.lang.String)#0 &amp; DurationImpl.DurationStream&quot;, &quot;DurationImpl := DurationImpl&quot; }"/>
        </annotation>
    </item>
    <item name='com.sun.org.apache.xerces.internal.jaxp.datatype.DurationImpl DurationImpl(long)'>
        <annotation name='com.intellij.inspections.tainted.annotation.equation.Equations'>
            <val val="{ &quot;DurationImpl := DurationImpl&quot;, &quot;durationInMilliSeconds := DatatypeFactoryImpl#newDuration(long)#0 &amp; DurationDayTimeImpl#DurationDayTimeImpl(long)#0 &amp; DurationYearMonthImpl#DurationYearMonthImpl(long)#0&quot; }"/>
        </annotation>
    </item>
    <item name='com.sun.org.apache.xerces.internal.jaxp.datatype.DurationImpl boolean isDigit(char)'>
        <annotation name='com.intellij.inspections.tainted.annotation.equation.Equations'>
            <val val="{ &quot;ch := #isDigitOrPeriod(char)#0&quot; }"/>
        </annotation>
    </item>
    <item name='com.sun.org.apache.xerces.internal.jaxp.datatype.DurationImpl int compare(javax.xml.datatype.Duration)'>
        <annotation name='com.intellij.inspections.tainted.annotation.equation.Equations'>
            <val val="{ &quot;compare := javax.xml.datatype.DatatypeConstants#EQUAL&quot; }"/>
        </annotation>
    </item>
    <item name='com.sun.org.apache.xerces.internal.jaxp.datatype.DurationImpl int compareDates(javax.xml.datatype.Duration, javax.xml.datatype.Duration)'>
        <annotation name='com.intellij.inspections.tainted.annotation.equation.Equations'>
            <val val="{ &quot;compareDates := javax.xml.datatype.DatatypeConstants#INDETERMINATE&quot;, &quot;duration1 := DurationImpl&quot;, &quot;duration2 := #compare(javax.xml.datatype.Duration)#0&quot; }"/>
        </annotation>
    </item>
    <item name='com.sun.org.apache.xerces.internal.jaxp.datatype.DurationImpl int compareResults(int, int)'>
        <annotation name='com.intellij.inspections.tainted.annotation.equation.Equations'>
            <val val="{ &quot;resultA := javax.xml.datatype.DatatypeConstants#INDETERMINATE&quot;, &quot;resultB := javax.xml.datatype.DatatypeConstants#INDETERMINATE&quot;, &quot;compareResults := javax.xml.datatype.DatatypeConstants#INDETERMINATE &amp; resultA&quot; }"/>
        </annotation>
    </item>
    <item name='com.sun.org.apache.xerces.internal.jaxp.datatype.DurationImpl int getInt(javax.xml.datatype.DatatypeConstants.Field)'>
        <annotation name='com.intellij.inspections.tainted.annotation.equation.Equations'>
            <val val="{ &quot;field := javax.xml.datatype.DatatypeConstants#YEARS &amp; javax.xml.datatype.DatatypeConstants#MONTHS &amp; javax.xml.datatype.DatatypeConstants#DAYS &amp; javax.xml.datatype.DatatypeConstants#HOURS &amp; javax.xml.datatype.DatatypeConstants#MINUTES &amp; javax.xml.datatype.DatatypeConstants#SECONDS&quot; }"/>
        </annotation>
    </item>
    <item name='com.sun.org.apache.xerces.internal.jaxp.datatype.DurationImpl int getSign()'>
        <annotation name='com.intellij.inspections.tainted.annotation.equation.Equations'>
            <val val="{ &quot;getSign := DurationImpl&quot; }"/>
        </annotation>
    </item>
    <item name='com.sun.org.apache.xerces.internal.jaxp.datatype.DurationImpl int signum()'>
        <annotation name='com.intellij.inspections.tainted.annotation.equation.Equations'>
            <val val="{ &quot;signum := DurationImpl&quot; }"/>
        </annotation>
    </item>
    <item name='com.sun.org.apache.xerces.internal.jaxp.datatype.DurationImpl java.lang.Number getField(javax.xml.datatype.DatatypeConstants.Field)'>
        <annotation name='com.intellij.inspections.tainted.annotation.equation.Equations'>
            <val val="{ &quot;field := #getInt(javax.xml.datatype.DatatypeConstants.Field)#0 &amp; javax.xml.datatype.DatatypeConstants#HOURS &amp; javax.xml.datatype.DatatypeConstants#MINUTES &amp; javax.xml.datatype.DatatypeConstants#SECONDS &amp; #getFieldAsBigDecimal(javax.xml.datatype.DatatypeConstants.Field)#0&quot;, &quot;getField := DurationImpl&quot; }"/>
        </annotation>
    </item>
    <item name='com.sun.org.apache.xerces.internal.jaxp.datatype.DurationImpl java.lang.String parsePiece(java.lang.String, int[])'>
        <annotation name='com.intellij.inspections.tainted.annotation.equation.Equations'>
            <val val="{ &quot;whole := #DurationImpl(java.lang.String)#0&quot; }"/>
        </annotation>
    </item>
    <item name='com.sun.org.apache.xerces.internal.jaxp.datatype.DurationImpl java.lang.String toString(java.math.BigDecimal)'>
        <annotation name='com.intellij.inspections.tainted.annotation.equation.Equations'>
            <val val="{ &quot;bd := DurationImpl&quot; }"/>
        </annotation>
    </item>
    <item name='com.sun.org.apache.xerces.internal.jaxp.datatype.DurationImpl java.math.BigDecimal getFieldAsBigDecimal(javax.xml.datatype.DatatypeConstants.Field)'>
        <annotation name='com.intellij.inspections.tainted.annotation.equation.Equations'>
            <val val="{ &quot;getFieldAsBigDecimal := DurationImpl &amp; #ZERO&quot;, &quot;f := #FIELDS&quot; }"/>
        </annotation>
    </item>
    <item name='com.sun.org.apache.xerces.internal.jaxp.datatype.DurationImpl java.math.BigDecimal parseBigDecimal(java.lang.String, java.lang.String, int)'>
        <annotation name='com.intellij.inspections.tainted.annotation.equation.Equations'>
            <val val="{ &quot;whole := #DurationImpl(java.lang.String)#0&quot; }"/>
        </annotation>
    </item>
    <item name='com.sun.org.apache.xerces.internal.jaxp.datatype.DurationImpl java.math.BigDecimal sanitize(java.math.BigDecimal, int)'>
        <annotation name='com.intellij.inspections.tainted.annotation.equation.Equations'>
            <val val="{ &quot;sanitize := #ZERO &amp; value&quot; }"/>
        </annotation>
    </item>
    <item name='com.sun.org.apache.xerces.internal.jaxp.datatype.DurationImpl java.math.BigDecimal sanitize(java.math.BigInteger, int)'>
        <annotation name='com.intellij.inspections.tainted.annotation.equation.Equations'>
            <val val="{ &quot;sanitize := #ZERO&quot; }"/>
        </annotation>
    </item>
    <item name='com.sun.org.apache.xerces.internal.jaxp.datatype.DurationImpl java.math.BigInteger parseBigInteger(java.lang.String, java.lang.String, int)'>
        <annotation name='com.intellij.inspections.tainted.annotation.equation.Equations'>
            <val val="{ &quot;whole := #DurationImpl(java.lang.String)#0&quot; }"/>
        </annotation>
    </item>
    <item name='com.sun.org.apache.xerces.internal.jaxp.datatype.DurationImpl java.math.BigInteger toBigInteger(java.math.BigDecimal, boolean)'>
        <annotation name='com.intellij.inspections.tainted.annotation.equation.Equations'>
            <val val="{ &quot;value := #ZERO&quot; }"/>
        </annotation>
    </item>
    <item name='com.sun.org.apache.xerces.internal.jaxp.datatype.DurationImpl java.math.BigInteger wrap(int)'>
        <annotation name='com.intellij.inspections.tainted.annotation.equation.Equations'>
            <val val="{ &quot;i := DurationDayTimeImpl#DurationDayTimeImpl(boolean, int, int, int, int)#1 &amp; DurationDayTimeImpl#DurationDayTimeImpl(boolean, int, int, int, int)#2 &amp; DurationDayTimeImpl#DurationDayTimeImpl(boolean, int, int, int, int)#3 &amp; DurationYearMonthImpl#DurationYearMonthImpl(boolean, int, int)#1 &amp; DurationYearMonthImpl#DurationYearMonthImpl(boolean, int, int)#2 &amp; #DurationImpl(boolean, int, int, int, int, int, int)#1 &amp; #DurationImpl(boolean, int, int, int, int, int, int)#2 &amp; #DurationImpl(boolean, int, int, int, int, int, int)#3 &amp; #DurationImpl(boolean, int, int, int, int, int, int)#4 &amp; #DurationImpl(boolean, int, int, int, int, int, int)#5&quot; }"/>
        </annotation>
    </item>
    <item name='com.sun.org.apache.xerces.internal.jaxp.datatype.DurationImpl long getCalendarTimeInMillis(java.util.Calendar)'>
        <annotation name='com.intellij.inspections.tainted.annotation.equation.Equations'>
            <val val="{ &quot;cal := #getTimeInMillis(java.util.Calendar)#0 &amp; #normalizeWith(java.util.Calendar)#0&quot; }"/>
        </annotation>
    </item>
    <item name='com.sun.org.apache.xerces.internal.jaxp.datatype.DurationImpl void addTo(java.util.Calendar)'>
        <annotation name='com.intellij.inspections.tainted.annotation.equation.Equations'>
            <val val="{ &quot;calendar := &quot; }"/>
        </annotation>
    </item>
    <item name='com.sun.org.apache.xerces.internal.jaxp.datatype.DurationImpl void organizeParts(java.lang.String, java.lang.String[], int[], int, java.lang.String)'>
        <annotation name='com.intellij.inspections.tainted.annotation.equation.Equations'>
            <val val="{ &quot;whole := #DurationImpl(java.lang.String)#0&quot; }"/>
        </annotation>
    </item>
    <item name='com.sun.org.apache.xerces.internal.jaxp.datatype.DurationImpl void testNonNegative(java.math.BigDecimal, javax.xml.datatype.DatatypeConstants.Field)'>
        <annotation name='com.intellij.inspections.tainted.annotation.equation.Equations'>
            <val val="{ &quot;n := #DurationImpl(boolean, java.math.BigInteger, java.math.BigInteger, java.math.BigInteger, java.math.BigInteger, java.math.BigInteger, java.math.BigDecimal)#6&quot;, &quot;f := javax.xml.datatype.DatatypeConstants#SECONDS&quot; }"/>
        </annotation>
    </item>
    <item name='com.sun.org.apache.xerces.internal.jaxp.datatype.DurationImpl void testNonNegative(java.math.BigInteger, javax.xml.datatype.DatatypeConstants.Field)'>
        <annotation name='com.intellij.inspections.tainted.annotation.equation.Equations'>
            <val val="{ &quot;n := #DurationImpl(boolean, java.math.BigInteger, java.math.BigInteger, java.math.BigInteger, java.math.BigInteger, java.math.BigInteger, java.math.BigDecimal)#1 &amp; #DurationImpl(boolean, java.math.BigInteger, java.math.BigInteger, java.math.BigInteger, java.math.BigInteger, java.math.BigInteger, java.math.BigDecimal)#2 &amp; #DurationImpl(boolean, java.math.BigInteger, java.math.BigInteger, java.math.BigInteger, java.math.BigInteger, java.math.BigInteger, java.math.BigDecimal)#3 &amp; #DurationImpl(boolean, java.math.BigInteger, java.math.BigInteger, java.math.BigInteger, java.math.BigInteger, java.math.BigInteger, java.math.BigDecimal)#4 &amp; #DurationImpl(boolean, java.math.BigInteger, java.math.BigInteger, java.math.BigInteger, java.math.BigInteger, java.math.BigInteger, java.math.BigDecimal)#5&quot;, &quot;f := javax.xml.datatype.DatatypeConstants#YEARS &amp; javax.xml.datatype.DatatypeConstants#MONTHS &amp; javax.xml.datatype.DatatypeConstants#DAYS &amp; javax.xml.datatype.DatatypeConstants#HOURS &amp; javax.xml.datatype.DatatypeConstants#MINUTES&quot; }"/>
        </annotation>
    </item>
    <item name='com.sun.org.apache.xerces.internal.jaxp.datatype.DurationImpl.DurationStream DurationStream(java.lang.String)'>
        <annotation name='com.intellij.inspections.tainted.annotation.equation.Equations'>
            <val val="{ &quot;DurationStream := DurationImpl.DurationStream&quot; }"/>
        </annotation>
    </item>
    <item name='com.sun.org.apache.xerces.internal.jaxp.datatype.DurationYearMonthImpl DurationYearMonthImpl(boolean, int, int)'>
        <annotation name='com.intellij.inspections.tainted.annotation.equation.Equations'>
            <val val="{ &quot;years := DatatypeFactoryImpl#newDurationYearMonth(boolean, int, int)#1&quot;, &quot;DurationYearMonthImpl := DurationYearMonthImpl&quot;, &quot;months := DatatypeFactoryImpl#newDurationYearMonth(boolean, int, int)#2&quot; }"/>
        </annotation>
    </item>
    <item name='com.sun.org.apache.xerces.internal.jaxp.datatype.DurationYearMonthImpl DurationYearMonthImpl(boolean, java.math.BigInteger, java.math.BigInteger)'>
        <annotation name='com.intellij.inspections.tainted.annotation.equation.Equations'>
            <val val="{ &quot;months := DatatypeFactoryImpl#newDurationYearMonth(boolean, java.math.BigInteger, java.math.BigInteger)#2&quot;, &quot;DurationYearMonthImpl := DurationYearMonthImpl&quot;, &quot;years := DatatypeFactoryImpl#newDurationYearMonth(boolean, java.math.BigInteger, java.math.BigInteger)#1&quot; }"/>
        </annotation>
    </item>
    <item name='com.sun.org.apache.xerces.internal.jaxp.datatype.DurationYearMonthImpl DurationYearMonthImpl(java.lang.String)'>
        <annotation name='com.intellij.inspections.tainted.annotation.equation.Equations'>
            <val val="{ &quot;DurationYearMonthImpl := DurationYearMonthImpl&quot;, &quot;lexicalRepresentation := DatatypeFactoryImpl#newDurationYearMonth(java.lang.String)#0&quot; }"/>
        </annotation>
    </item>
    <item name='com.sun.org.apache.xerces.internal.jaxp.datatype.DurationYearMonthImpl DurationYearMonthImpl(long)'>
        <annotation name='com.intellij.inspections.tainted.annotation.equation.Equations'>
            <val val="{ &quot;DurationYearMonthImpl := DurationYearMonthImpl&quot;, &quot;durationInMilliseconds := DatatypeFactoryImpl#newDurationYearMonth(long)#0&quot; }"/>
        </annotation>
    </item>
    <item name='com.sun.org.apache.xerces.internal.jaxp.datatype.XMLGregorianCalendarImpl'>
        <annotation name='com.intellij.inspections.tainted.annotation.equation.Equations'>
            <val val="{ &quot;XMLGregorianCalendarImpl := javax.xml.datatype.DatatypeConstants#FIELD_UNDEFINED&quot; }"/>
        </annotation>
    </item>
    <item name='com.sun.org.apache.xerces.internal.jaxp.datatype.XMLGregorianCalendarImpl XMLGregorianCalendarImpl()'>
        <annotation name='com.intellij.inspections.tainted.annotation.equation.Equations'>
            <val val="{ &quot;XMLGregorianCalendarImpl := XMLGregorianCalendarImpl&quot; }"/>
        </annotation>
    </item>
    <item name='com.sun.org.apache.xerces.internal.jaxp.datatype.XMLGregorianCalendarImpl XMLGregorianCalendarImpl(int, int, int, int, int, int, int, int)'>
        <annotation name='com.intellij.inspections.tainted.annotation.equation.Equations'>
            <val val="{ &quot;month := #createDateTime(int, int, int, int, int, int)#1 &amp; #createDateTime(int, int, int, int, int, int, int, int)#1 &amp; #createDate(int, int, int, int)#1 &amp; javax.xml.datatype.DatatypeConstants#FIELD_UNDEFINED&quot;, &quot;second := #createDateTime(int, int, int, int, int, int)#5 &amp; #createDateTime(int, int, int, int, int, int, int, int)#5 &amp; javax.xml.datatype.DatatypeConstants#FIELD_UNDEFINED &amp; #createTime(int, int, int, int)#2 &amp; #createTime(int, int, int, int, int)#2&quot;, &quot;millisecond := javax.xml.datatype.DatatypeConstants#FIELD_UNDEFINED &amp; #createDateTime(int, int, int, int, int, int, int, int)#6 &amp; #createTime(int, int, int, int, int)#3&quot;, &quot;hour := #createDateTime(int, int, int, int, int, int)#3 &amp; #createDateTime(int, int, int, int, int, int, int, int)#3 &amp; javax.xml.datatype.DatatypeConstants#FIELD_UNDEFINED &amp; #createTime(int, int, int, int)#0 &amp; #createTime(int, int, int, int, int)#0&quot;, &quot;year := #createDateTime(int, int, int, int, int, int)#0 &amp; #createDateTime(int, int, int, int, int, int, int, int)#0 &amp; #createDate(int, int, int, int)#0 &amp; javax.xml.datatype.DatatypeConstants#FIELD_UNDEFINED&quot;, &quot;minute := #createDateTime(int, int, int, int, int, int)#4 &amp; #createDateTime(int, int, int, int, int, int, int, int)#4 &amp; javax.xml.datatype.DatatypeConstants#FIELD_UNDEFINED &amp; #createTime(int, int, int, int)#1 &amp; #createTime(int, int, int, int, int)#1&quot;, &quot;timezone := javax.xml.datatype.DatatypeConstants#FIELD_UNDEFINED &amp; #createDateTime(int, int, int, int, int, int, int, int)#7 &amp; #createDate(int, int, int, int)#3 &amp; #createTime(int, int, int, int)#3 &amp; #createTime(int, int, int, int, int)#4&quot;, &quot;day := #createDateTime(int, int, int, int, int, int)#2 &amp; #createDateTime(int, int, int, int, int, int, int, int)#2 &amp; #createDate(int, int, int, int)#2 &amp; javax.xml.datatype.DatatypeConstants#FIELD_UNDEFINED&quot;, &quot;XMLGregorianCalendarImpl := XMLGregorianCalendarImpl&quot; }"/>
        </annotation>
    </item>
    <item name='com.sun.org.apache.xerces.internal.jaxp.datatype.XMLGregorianCalendarImpl XMLGregorianCalendarImpl(java.lang.String)'>
        <annotation name='com.intellij.inspections.tainted.annotation.equation.Equations'>
            <val val="{ &quot;XMLGregorianCalendarImpl := XMLGregorianCalendarImpl&quot;, &quot;lexicalRepresentation := DatatypeFactoryImpl#newXMLGregorianCalendar(java.lang.String)#0 &amp; #parse(java.lang.String)#0&quot; }"/>
        </annotation>
    </item>
    <item name='com.sun.org.apache.xerces.internal.jaxp.datatype.XMLGregorianCalendarImpl XMLGregorianCalendarImpl(java.math.BigInteger, int, int, int, int, int, java.math.BigDecimal, int)'>
        <annotation name='com.intellij.inspections.tainted.annotation.equation.Equations'>
            <val val="{ &quot;month := DatatypeFactoryImpl#newXMLGregorianCalendar(java.math.BigInteger, int, int, int, int, int, java.math.BigDecimal, int)#1 &amp; #createDateTime(java.math.BigInteger, int, int, int, int, int, java.math.BigDecimal, int)#1 &amp; javax.xml.datatype.DatatypeConstants#FIELD_UNDEFINED &amp; XMLGregorianCalendarImpl&quot;, &quot;day := DatatypeFactoryImpl#newXMLGregorianCalendar(java.math.BigInteger, int, int, int, int, int, java.math.BigDecimal, int)#2 &amp; #createDateTime(java.math.BigInteger, int, int, int, int, int, java.math.BigDecimal, int)#2 &amp; javax.xml.datatype.DatatypeConstants#FIELD_UNDEFINED &amp; XMLGregorianCalendarImpl&quot;, &quot;minute := DatatypeFactoryImpl#newXMLGregorianCalendar(java.math.BigInteger, int, int, int, int, int, java.math.BigDecimal, int)#4 &amp; #createDateTime(java.math.BigInteger, int, int, int, int, int, java.math.BigDecimal, int)#4 &amp; #createTime(int, int, int, java.math.BigDecimal, int)#1 &amp; XMLGregorianCalendarImpl&quot;, &quot;hour := DatatypeFactoryImpl#newXMLGregorianCalendar(java.math.BigInteger, int, int, int, int, int, java.math.BigDecimal, int)#3 &amp; #createDateTime(java.math.BigInteger, int, int, int, int, int, java.math.BigDecimal, int)#3 &amp; #createTime(int, int, int, java.math.BigDecimal, int)#0 &amp; XMLGregorianCalendarImpl&quot;, &quot;fractionalSecond := DatatypeFactoryImpl#newXMLGregorianCalendar(java.math.BigInteger, int, int, int, int, int, java.math.BigDecimal, int)#6 &amp; #createDateTime(java.math.BigInteger, int, int, int, int, int, java.math.BigDecimal, int)#6 &amp; #createTime(int, int, int, java.math.BigDecimal, int)#3 &amp; XMLGregorianCalendarImpl&quot;, &quot;timezone := DatatypeFactoryImpl#newXMLGregorianCalendar(java.math.BigInteger, int, int, int, int, int, java.math.BigDecimal, int)#7 &amp; #createDateTime(java.math.BigInteger, int, int, int, int, int, java.math.BigDecimal, int)#7 &amp; #createTime(int, int, int, java.math.BigDecimal, int)#4 &amp; XMLGregorianCalendarImpl&quot;, &quot;second := DatatypeFactoryImpl#newXMLGregorianCalendar(java.math.BigInteger, int, int, int, int, int, java.math.BigDecimal, int)#5 &amp; #createDateTime(java.math.BigInteger, int, int, int, int, int, java.math.BigDecimal, int)#5 &amp; #createTime(int, int, int, java.math.BigDecimal, int)#2 &amp; XMLGregorianCalendarImpl&quot;, &quot;year := DatatypeFactoryImpl#newXMLGregorianCalendar(java.math.BigInteger, int, int, int, int, int, java.math.BigDecimal, int)#0 &amp; #createDateTime(java.math.BigInteger, int, int, int, int, int, java.math.BigDecimal, int)#0&quot;, &quot;XMLGregorianCalendarImpl := XMLGregorianCalendarImpl&quot; }"/>
        </annotation>
    </item>
    <item name='com.sun.org.apache.xerces.internal.jaxp.datatype.XMLGregorianCalendarImpl XMLGregorianCalendarImpl(java.util.GregorianCalendar)'>
        <annotation name='com.intellij.inspections.tainted.annotation.equation.Equations'>
            <val val="{ &quot;XMLGregorianCalendarImpl := XMLGregorianCalendarImpl&quot;, &quot;cal := DatatypeFactoryImpl#newXMLGregorianCalendar(java.util.GregorianCalendar)#0&quot; }"/>
        </annotation>
    </item>
    <item name='com.sun.org.apache.xerces.internal.jaxp.datatype.XMLGregorianCalendarImpl int compare(javax.xml.datatype.XMLGregorianCalendar)'>
        <annotation name='com.intellij.inspections.tainted.annotation.equation.Equations'>
            <val val="{ &quot;rhs := #equals(java.lang.Object)#0&quot;, &quot;compare := javax.xml.datatype.DatatypeConstants#INDETERMINATE&quot; }"/>
        </annotation>
    </item>
    <item name='com.sun.org.apache.xerces.internal.jaxp.datatype.XMLGregorianCalendarImpl int compareField(int, int)'>
        <annotation name='com.intellij.inspections.tainted.annotation.equation.Equations'>
            <val val="{ &quot;compareField := javax.xml.datatype.DatatypeConstants#EQUAL &amp; javax.xml.datatype.DatatypeConstants#INDETERMINATE &amp; javax.xml.datatype.DatatypeConstants#LESSER &amp; javax.xml.datatype.DatatypeConstants#GREATER&quot; }"/>
        </annotation>
    </item>
    <item name='com.sun.org.apache.xerces.internal.jaxp.datatype.XMLGregorianCalendarImpl int compareField(java.math.BigDecimal, java.math.BigDecimal)'>
        <annotation name='com.intellij.inspections.tainted.annotation.equation.Equations'>
            <val val="{ &quot;compareField := javax.xml.datatype.DatatypeConstants#EQUAL&quot; }"/>
        </annotation>
    </item>
    <item name='com.sun.org.apache.xerces.internal.jaxp.datatype.XMLGregorianCalendarImpl int compareField(java.math.BigInteger, java.math.BigInteger)'>
        <annotation name='com.intellij.inspections.tainted.annotation.equation.Equations'>
            <val val="{ &quot;compareField := javax.xml.datatype.DatatypeConstants#EQUAL &amp; javax.xml.datatype.DatatypeConstants#INDETERMINATE&quot;, &quot;Pfield := &quot;, &quot;Qfield := java.math.BigInteger#ZERO&quot; }"/>
        </annotation>
    </item>
    <item name='com.sun.org.apache.xerces.internal.jaxp.datatype.XMLGregorianCalendarImpl int getDay()'>
        <annotation name='com.intellij.inspections.tainted.annotation.equation.Equations'>
            <val val="{ &quot;getDay := XMLGregorianCalendarImpl&quot; }"/>
        </annotation>
    </item>
    <item name='com.sun.org.apache.xerces.internal.jaxp.datatype.XMLGregorianCalendarImpl int getHour()'>
        <annotation name='com.intellij.inspections.tainted.annotation.equation.Equations'>
            <val val="{ &quot;getHour := XMLGregorianCalendarImpl&quot; }"/>
        </annotation>
    </item>
    <item name='com.sun.org.apache.xerces.internal.jaxp.datatype.XMLGregorianCalendarImpl int getMillisecond()'>
        <annotation name='com.intellij.inspections.tainted.annotation.equation.Equations'>
            <val val="{ &quot;getMillisecond := javax.xml.datatype.DatatypeConstants#FIELD_UNDEFINED&quot; }"/>
        </annotation>
    </item>
    <item name='com.sun.org.apache.xerces.internal.jaxp.datatype.XMLGregorianCalendarImpl int getMinute()'>
        <annotation name='com.intellij.inspections.tainted.annotation.equation.Equations'>
            <val val="{ &quot;getMinute := XMLGregorianCalendarImpl&quot; }"/>
        </annotation>
    </item>
    <item name='com.sun.org.apache.xerces.internal.jaxp.datatype.XMLGregorianCalendarImpl int getMonth()'>
        <annotation name='com.intellij.inspections.tainted.annotation.equation.Equations'>
            <val val="{ &quot;getMonth := XMLGregorianCalendarImpl&quot; }"/>
        </annotation>
    </item>
    <item name='com.sun.org.apache.xerces.internal.jaxp.datatype.XMLGregorianCalendarImpl int getSecond()'>
        <annotation name='com.intellij.inspections.tainted.annotation.equation.Equations'>
            <val val="{ &quot;getSecond := XMLGregorianCalendarImpl&quot; }"/>
        </annotation>
    </item>
    <item name='com.sun.org.apache.xerces.internal.jaxp.datatype.XMLGregorianCalendarImpl int getTimezone()'>
        <annotation name='com.intellij.inspections.tainted.annotation.equation.Equations'>
            <val val="{ &quot;getTimezone := XMLGregorianCalendarImpl&quot; }"/>
        </annotation>
    </item>
    <item name='com.sun.org.apache.xerces.internal.jaxp.datatype.XMLGregorianCalendarImpl int getYear()'>
        <annotation name='com.intellij.inspections.tainted.annotation.equation.Equations'>
            <val val="{ &quot;getYear := XMLGregorianCalendarImpl&quot; }"/>
        </annotation>
    </item>
    <item name='com.sun.org.apache.xerces.internal.jaxp.datatype.XMLGregorianCalendarImpl int internalCompare(javax.xml.datatype.XMLGregorianCalendar, javax.xml.datatype.XMLGregorianCalendar)'>
        <annotation name='com.intellij.inspections.tainted.annotation.equation.Equations'>
            <val val="{ &quot;Q := #compare(javax.xml.datatype.XMLGregorianCalendar)#0&quot;, &quot;P := XMLGregorianCalendarImpl&quot; }"/>
        </annotation>
    </item>
    <item name='com.sun.org.apache.xerces.internal.jaxp.datatype.XMLGregorianCalendarImpl int maximumDayInMonthFor(int, int)'>
        <annotation name='com.intellij.inspections.tainted.annotation.equation.Equations'>
            <val val="{ &quot;month := &quot;, &quot;year := XMLGregorianCalendarImpl&quot;, &quot;maximumDayInMonthFor := XMLGregorianCalendarImpl&quot; }"/>
        </annotation>
    </item>
    <item name='com.sun.org.apache.xerces.internal.jaxp.datatype.XMLGregorianCalendarImpl int maximumDayInMonthFor(java.math.BigInteger, int)'>
        <annotation name='com.intellij.inspections.tainted.annotation.equation.Equations'>
            <val val="{ &quot;maximumDayInMonthFor := XMLGregorianCalendarImpl&quot;, &quot;year := &quot;, &quot;month := javax.xml.datatype.DatatypeConstants#FEBRUARY&quot; }"/>
        </annotation>
    </item>
    <item name='com.sun.org.apache.xerces.internal.jaxp.datatype.XMLGregorianCalendarImpl int print2Number(char[], int, int)'>
        <annotation name='com.intellij.inspections.tainted.annotation.equation.Equations'>
            <val val="{ &quot;print2Number := bufptr&quot; }"/>
        </annotation>
    </item>
    <item name='com.sun.org.apache.xerces.internal.jaxp.datatype.XMLGregorianCalendarImpl int print4Number(char[], int, int)'>
        <annotation name='com.intellij.inspections.tainted.annotation.equation.Equations'>
            <val val="{ &quot;print4Number := bufptr&quot; }"/>
        </annotation>
    </item>
    <item name='com.sun.org.apache.xerces.internal.jaxp.datatype.XMLGregorianCalendarImpl java.math.BigDecimal getFractionalSecond()'>
        <annotation name='com.intellij.inspections.tainted.annotation.equation.Equations'>
            <val val="{ &quot;getFractionalSecond := XMLGregorianCalendarImpl&quot; }"/>
        </annotation>
    </item>
    <item name='com.sun.org.apache.xerces.internal.jaxp.datatype.XMLGregorianCalendarImpl java.math.BigDecimal getSeconds()'>
        <annotation name='com.intellij.inspections.tainted.annotation.equation.Equations'>
            <val val="{ &quot;getSeconds := #DECIMAL_ZERO&quot; }"/>
        </annotation>
    </item>
    <item name='com.sun.org.apache.xerces.internal.jaxp.datatype.XMLGregorianCalendarImpl java.math.BigInteger getEon()'>
        <annotation name='com.intellij.inspections.tainted.annotation.equation.Equations'>
            <val val="{ &quot;getEon := XMLGregorianCalendarImpl&quot; }"/>
        </annotation>
    </item>
    <item name='com.sun.org.apache.xerces.internal.jaxp.datatype.XMLGregorianCalendarImpl java.math.BigInteger sanitize(java.lang.Number, int)'>
        <annotation name='com.intellij.inspections.tainted.annotation.equation.Equations'>
            <val val="{ &quot;sanitize := java.math.BigInteger#ZERO &amp; value&quot; }"/>
        </annotation>
    </item>
    <item name='com.sun.org.apache.xerces.internal.jaxp.datatype.XMLGregorianCalendarImpl java.util.TimeZone getTimeZone(int)'>
        <annotation name='com.intellij.inspections.tainted.annotation.equation.Equations'>
            <val val="{ &quot;defaultZoneoffset := javax.xml.datatype.DatatypeConstants#FIELD_UNDEFINED&quot; }"/>
        </annotation>
    </item>
    <item name='com.sun.org.apache.xerces.internal.jaxp.datatype.XMLGregorianCalendarImpl javax.xml.datatype.XMLGregorianCalendar createDateTime(int, int, int, int, int, int, int, int)'>
        <annotation name='com.intellij.inspections.tainted.annotation.equation.Equations'>
            <val val="{ &quot;timezone := javax.xml.datatype.DatatypeConstants#FIELD_UNDEFINED&quot;, &quot;milliseconds := javax.xml.datatype.DatatypeConstants#FIELD_UNDEFINED&quot;, &quot;month := javax.xml.datatype.DatatypeConstants#JANUARY&quot; }"/>
        </annotation>
    </item>
    <item name='com.sun.org.apache.xerces.internal.jaxp.datatype.XMLGregorianCalendarImpl javax.xml.datatype.XMLGregorianCalendar normalizeToTimezone(int)'>
        <annotation name='com.intellij.inspections.tainted.annotation.equation.Equations'>
            <val val="{ &quot;timezone := javax.xml.datatype.DatatypeConstants#MIN_TIMEZONE_OFFSET &amp; javax.xml.datatype.DatatypeConstants#MAX_TIMEZONE_OFFSET &amp; XMLGregorianCalendarImpl&quot; }"/>
        </annotation>
    </item>
    <item name='com.sun.org.apache.xerces.internal.jaxp.datatype.XMLGregorianCalendarImpl javax.xml.namespace.QName getXMLSchemaType()'>
        <annotation name='com.intellij.inspections.tainted.annotation.equation.Equations'>
            <val val="{ &quot;getXMLSchemaType := javax.xml.datatype.DatatypeConstants#DATETIME &amp; javax.xml.datatype.DatatypeConstants#DATE &amp; javax.xml.datatype.DatatypeConstants#TIME &amp; javax.xml.datatype.DatatypeConstants#GYEARMONTH &amp; javax.xml.datatype.DatatypeConstants#GMONTHDAY &amp; javax.xml.datatype.DatatypeConstants#GYEAR &amp; javax.xml.datatype.DatatypeConstants#GMONTH &amp; javax.xml.datatype.DatatypeConstants#GDAY&quot; }"/>
        </annotation>
    </item>
    <item name='com.sun.org.apache.xerces.internal.jaxp.datatype.XMLGregorianCalendarImpl void add(javax.xml.datatype.Duration)'>
        <annotation name='com.intellij.inspections.tainted.annotation.equation.Equations'>
            <val val="{ &quot;duration := &quot; }"/>
        </annotation>
    </item>
    <item name='com.sun.org.apache.xerces.internal.jaxp.datatype.XMLGregorianCalendarImpl void invalidFieldValue(int, int)'>
        <annotation name='com.intellij.inspections.tainted.annotation.equation.Equations'>
            <val val="{ &quot;field := #HOUR &amp; #MONTH &amp; #DAY &amp; #TIMEZONE &amp; #MINUTE &amp; #SECOND &amp; #MILLISECOND&quot;, &quot;value := #setMonth(int)#0 &amp; #setDay(int)#0 &amp; #setTimezone(int)#0 &amp; #setHour(int, boolean)#0 &amp; #setMinute(int)#0 &amp; #setSecond(int)#0 &amp; #setTime(int, int, int, java.math.BigDecimal)#2 &amp; #setTime(int, int, int, int)#2 &amp; #setMillisecond(int)#0&quot; }"/>
        </annotation>
    </item>
    <item name='com.sun.org.apache.xerces.internal.jaxp.datatype.XMLGregorianCalendarImpl void setDay(int)'>
        <annotation name='com.intellij.inspections.tainted.annotation.equation.Equations'>
            <val val="{ &quot;day := #XMLGregorianCalendarImpl(java.math.BigInteger, int, int, int, int, int, java.math.BigDecimal, int)#2 &amp; #XMLGregorianCalendarImpl(int, int, int, int, int, int, int, int)#2 &amp; javax.xml.datatype.DatatypeConstants#FIELD_UNDEFINED&quot; }"/>
        </annotation>
    </item>
    <item name='com.sun.org.apache.xerces.internal.jaxp.datatype.XMLGregorianCalendarImpl void setFractionalSecond(java.math.BigDecimal)'>
        <annotation name='com.intellij.inspections.tainted.annotation.equation.Equations'>
            <val val="{ &quot;fractional := #setTime(int, int, int, java.math.BigDecimal)#3&quot; }"/>
        </annotation>
    </item>
    <item name='com.sun.org.apache.xerces.internal.jaxp.datatype.XMLGregorianCalendarImpl void setHour(int, boolean)'>
        <annotation name='com.intellij.inspections.tainted.annotation.equation.Equations'>
            <val val="{ &quot;hour := #setHour(int)#0 &amp; #setTime(int, int, int, java.math.BigDecimal)#0 &amp; #setTime(int, int, int, int)#0 &amp; javax.xml.datatype.DatatypeConstants#FIELD_UNDEFINED&quot; }"/>
        </annotation>
    </item>
    <item name='com.sun.org.apache.xerces.internal.jaxp.datatype.XMLGregorianCalendarImpl void setMillisecond(int)'>
        <annotation name='com.intellij.inspections.tainted.annotation.equation.Equations'>
            <val val="{ &quot;millisecond := #XMLGregorianCalendarImpl(int, int, int, int, int, int, int, int)#6 &amp; #setTime(int, int, int, int)#3&quot; }"/>
        </annotation>
    </item>
    <item name='com.sun.org.apache.xerces.internal.jaxp.datatype.XMLGregorianCalendarImpl void setMinute(int)'>
        <annotation name='com.intellij.inspections.tainted.annotation.equation.Equations'>
            <val val="{ &quot;minute := #setTime(int, int, int, java.math.BigDecimal)#1 &amp; #setTime(int, int, int, int)#1 &amp; javax.xml.datatype.DatatypeConstants#FIELD_UNDEFINED&quot; }"/>
        </annotation>
    </item>
    <item name='com.sun.org.apache.xerces.internal.jaxp.datatype.XMLGregorianCalendarImpl void setMonth(int)'>
        <annotation name='com.intellij.inspections.tainted.annotation.equation.Equations'>
            <val val="{ &quot;month := #XMLGregorianCalendarImpl(java.math.BigInteger, int, int, int, int, int, java.math.BigDecimal, int)#1 &amp; #XMLGregorianCalendarImpl(int, int, int, int, int, int, int, int)#1 &amp; javax.xml.datatype.DatatypeConstants#FIELD_UNDEFINED&quot; }"/>
        </annotation>
    </item>
    <item name='com.sun.org.apache.xerces.internal.jaxp.datatype.XMLGregorianCalendarImpl void setSecond(int)'>
        <annotation name='com.intellij.inspections.tainted.annotation.equation.Equations'>
            <val val="{ &quot;second := #setTime(int, int, int, java.math.BigDecimal)#2 &amp; #setTime(int, int, int, int)#2 &amp; javax.xml.datatype.DatatypeConstants#FIELD_UNDEFINED&quot; }"/>
        </annotation>
    </item>
    <item name='com.sun.org.apache.xerces.internal.jaxp.datatype.XMLGregorianCalendarImpl void setTime(int, int, int)'>
        <annotation name='com.intellij.inspections.tainted.annotation.equation.Equations'>
            <val val="{ &quot;hour := #XMLGregorianCalendarImpl(int, int, int, int, int, int, int, int)#3&quot;, &quot;second := #XMLGregorianCalendarImpl(int, int, int, int, int, int, int, int)#5&quot;, &quot;minute := #XMLGregorianCalendarImpl(int, int, int, int, int, int, int, int)#4&quot; }"/>
        </annotation>
    </item>
    <item name='com.sun.org.apache.xerces.internal.jaxp.datatype.XMLGregorianCalendarImpl void setTime(int, int, int, java.math.BigDecimal)'>
        <annotation name='com.intellij.inspections.tainted.annotation.equation.Equations'>
            <val val="{ &quot;fractional := #XMLGregorianCalendarImpl(java.math.BigInteger, int, int, int, int, int, java.math.BigDecimal, int)#6&quot;, &quot;hour := #XMLGregorianCalendarImpl(java.math.BigInteger, int, int, int, int, int, java.math.BigDecimal, int)#3 &amp; #setTime(int, int, int)#0&quot;, &quot;minute := #XMLGregorianCalendarImpl(java.math.BigInteger, int, int, int, int, int, java.math.BigDecimal, int)#4 &amp; #setTime(int, int, int)#1&quot;, &quot;second := #XMLGregorianCalendarImpl(java.math.BigInteger, int, int, int, int, int, java.math.BigDecimal, int)#5 &amp; #setTime(int, int, int)#2&quot; }"/>
        </annotation>
    </item>
    <item name='com.sun.org.apache.xerces.internal.jaxp.datatype.XMLGregorianCalendarImpl void setTimezone(int)'>
        <annotation name='com.intellij.inspections.tainted.annotation.equation.Equations'>
            <val val="{ &quot;offset := #XMLGregorianCalendarImpl(java.math.BigInteger, int, int, int, int, int, java.math.BigDecimal, int)#7 &amp; #XMLGregorianCalendarImpl(int, int, int, int, int, int, int, int)#7&quot; }"/>
        </annotation>
    </item>
    <item name='com.sun.org.apache.xerces.internal.jaxp.datatype.XMLGregorianCalendarImpl void setYear(int)'>
        <annotation name='com.intellij.inspections.tainted.annotation.equation.Equations'>
            <val val="{ &quot;year := #XMLGregorianCalendarImpl(int, int, int, int, int, int, int, int)#0 &amp; javax.xml.datatype.DatatypeConstants#FIELD_UNDEFINED&quot; }"/>
        </annotation>
    </item>
    <item name='com.sun.org.apache.xerces.internal.jaxp.datatype.XMLGregorianCalendarImpl void setYear(java.math.BigInteger)'>
        <annotation name='com.intellij.inspections.tainted.annotation.equation.Equations'>
            <val val="{ &quot;year := #XMLGregorianCalendarImpl(java.math.BigInteger, int, int, int, int, int, java.math.BigDecimal, int)#0&quot; }"/>
        </annotation>
    </item>
    <item name='com.sun.org.apache.xerces.internal.jaxp.datatype.XMLGregorianCalendarImpl.Parser'>
        <annotation name='com.intellij.inspections.tainted.annotation.equation.Equations'>
            <val val="{ &quot;Parser := &quot; }"/>
        </annotation>
    </item>
    <item name='com.sun.org.apache.xerces.internal.jaxp.datatype.XMLGregorianCalendarImpl.Parser Parser(java.lang.String, java.lang.String)'>
        <annotation name='com.intellij.inspections.tainted.annotation.equation.Equations'>
            <val val="{ &quot;value := XMLGregorianCalendarImpl#XMLGregorianCalendarImpl(java.lang.String)#0&quot;, &quot;Parser := XMLGregorianCalendarImpl.Parser&quot; }"/>
        </annotation>
    </item>
    <item name='com.sun.org.apache.xerces.internal.jaxp.datatype.XMLGregorianCalendarImpl.Parser void skip(char)'>
        <annotation name='com.intellij.inspections.tainted.annotation.equation.Equations'>
            <val val="{ &quot;ch := &quot; }"/>
        </annotation>
    </item>
</root>