<root>
    <item name='javax.sql.rowset.spi.ProviderImpl'>
        <annotation name='com.intellij.inspections.tainted.annotation.equation.Equations'>
            <val val="{ &quot;ProviderImpl := #setIndex(int)#0&quot; }"/>
        </annotation>
    </item>
    <item name='javax.sql.rowset.spi.ProviderImpl int getIndex()'>
        <annotation name='com.intellij.inspections.tainted.annotation.equation.Equations'>
            <val val="{ &quot;getIndex := ProviderImpl&quot; }"/>
        </annotation>
    </item>
    <item name='javax.sql.rowset.spi.ProviderImpl java.lang.String getClassname()'>
        <annotation name='com.intellij.inspections.tainted.annotation.equation.Equations'>
            <val val="{ &quot;getClassname := ProviderImpl&quot; }"/>
        </annotation>
    </item>
    <item name='javax.sql.rowset.spi.ProviderImpl java.lang.String getProviderID()'>
        <annotation name='com.intellij.inspections.tainted.annotation.equation.Equations'>
            <val val="{ &quot;getProviderID := ProviderImpl&quot; }"/>
        </annotation>
    </item>
    <item name='javax.sql.rowset.spi.ProviderImpl java.lang.String getVendor()'>
        <annotation name='com.intellij.inspections.tainted.annotation.equation.Equations'>
            <val val="{ &quot;getVendor := ProviderImpl&quot; }"/>
        </annotation>
    </item>
    <item name='javax.sql.rowset.spi.ProviderImpl java.lang.String getVersion()'>
        <annotation name='com.intellij.inspections.tainted.annotation.equation.Equations'>
            <val val="{ &quot;getVersion := ProviderImpl&quot; }"/>
        </annotation>
    </item>
    <item name='javax.sql.rowset.spi.ProviderImpl void setClassname(java.lang.String)'>
        <annotation name='com.intellij.inspections.tainted.annotation.equation.Equations'>
            <val val="{ &quot;classname := SyncFactory#registerProvider(java.lang.String)#0&quot; }"/>
        </annotation>
    </item>
    <item name='javax.sql.rowset.spi.ProviderImpl void setDataSourceLock(int)'>
        <annotation name='com.intellij.inspections.tainted.annotation.equation.Equations'>
            <val val="{ &quot;param := SyncProvider#setDataSourceLock(int)#0 &amp; SyncProvider#setDataSourceLock(int)#0&quot; }"/>
        </annotation>
    </item>
    <item name='javax.sql.rowset.spi.SyncFactory'>
        <annotation name='com.intellij.inspections.tainted.annotation.equation.Equations'>
            <val val="{ &quot;SyncFactory := SyncFactory &amp; #setLogger(java.util.logging.Logger)#0 &amp; #setLogger(java.util.logging.Logger, java.util.logging.Level)#0 &amp; #setJNDIContext(javax.naming.Context)#0&quot; }"/>
        </annotation>
    </item>
    <item name='javax.sql.rowset.spi.SyncFactory SyncFactory()'>
        <annotation name='com.intellij.inspections.tainted.annotation.equation.Equations'>
            <val val="{ &quot;SyncFactory := SyncFactory&quot; }"/>
        </annotation>
    </item>
    <item name='javax.sql.rowset.spi.SyncFactory java.lang.String[] getPropertyNames(boolean, java.lang.String)'>
        <annotation name='com.intellij.inspections.tainted.annotation.equation.Equations'>
            <val val="{ &quot;append := #getPropertyNames(boolean)#0&quot;, &quot;getPropertyNames := #ROWSET_SYNC_PROVIDER &amp; #ROWSET_SYNC_VENDOR &amp; #ROWSET_SYNC_PROVIDER_VERSION &amp; propertyIndex&quot; }"/>
        </annotation>
    </item>
    <item name='javax.sql.rowset.spi.SyncFactory java.util.logging.Logger getLogger()'>
        <annotation name='com.intellij.inspections.tainted.annotation.equation.Equations'>
            <val val="{ &quot;getLogger := SyncFactory&quot; }"/>
        </annotation>
    </item>
    <item name='javax.sql.rowset.spi.SyncFactory javax.sql.rowset.spi.SyncFactory getSyncFactory()'>
        <annotation name='com.intellij.inspections.tainted.annotation.equation.Equations'>
            <val val="{ &quot;getSyncFactory := SyncFactory.SyncFactoryHolder#factory&quot; }"/>
        </annotation>
    </item>
    <item name='javax.sql.rowset.spi.SyncFactory void parseProperties(java.util.Properties)'>
        <annotation name='com.intellij.inspections.tainted.annotation.equation.Equations'>
            <val val="{ &quot;p := &quot; }"/>
        </annotation>
    </item>
    <item name='javax.sql.rowset.spi.SyncFactoryException SyncFactoryException()'>
        <annotation name='com.intellij.inspections.tainted.annotation.equation.Equations'>
            <val val="{ &quot;SyncFactoryException := SyncFactoryException&quot; }"/>
        </annotation>
    </item>
    <item name='javax.sql.rowset.spi.SyncFactoryException SyncFactoryException(java.lang.String)'>
        <annotation name='com.intellij.inspections.tainted.annotation.equation.Equations'>
            <val val="{ &quot;SyncFactoryException := SyncFactoryException&quot; }"/>
        </annotation>
    </item>
    <item name='javax.sql.rowset.spi.SyncProvider int getDataSourceLock()'>
        <annotation name='com.intellij.inspections.tainted.annotation.equation.Equations'>
            <val val="{ &quot;getDataSourceLock := ProviderImpl#getDataSourceLock()&quot; }"/>
        </annotation>
    </item>
    <item name='javax.sql.rowset.spi.SyncProvider int getProviderGrade()'>
        <annotation name='com.intellij.inspections.tainted.annotation.equation.Equations'>
            <val val="{ &quot;getProviderGrade := ProviderImpl#getProviderGrade()&quot; }"/>
        </annotation>
    </item>
    <item name='javax.sql.rowset.spi.SyncProvider int supportsUpdatableView()'>
        <annotation name='com.intellij.inspections.tainted.annotation.equation.Equations'>
            <val val="{ &quot;supportsUpdatableView := ProviderImpl#supportsUpdatableView()&quot; }"/>
        </annotation>
    </item>
    <item name='javax.sql.rowset.spi.SyncProvider java.lang.String getProviderID()'>
        <annotation name='com.intellij.inspections.tainted.annotation.equation.Equations'>
            <val val="{ &quot;getProviderID := ProviderImpl#getProviderID()&quot; }"/>
        </annotation>
    </item>
    <item name='javax.sql.rowset.spi.SyncProvider java.lang.String getVendor()'>
        <annotation name='com.intellij.inspections.tainted.annotation.equation.Equations'>
            <val val="{ &quot;getVendor := ProviderImpl#getVendor()&quot; }"/>
        </annotation>
    </item>
    <item name='javax.sql.rowset.spi.SyncProvider java.lang.String getVersion()'>
        <annotation name='com.intellij.inspections.tainted.annotation.equation.Equations'>
            <val val="{ &quot;getVersion := ProviderImpl#getVersion()&quot; }"/>
        </annotation>
    </item>
    <item name='javax.sql.rowset.spi.SyncProvider javax.sql.RowSetReader getRowSetReader()'>
        <annotation name='com.intellij.inspections.tainted.annotation.equation.Equations'>
            <val val="{ &quot;getRowSetReader := ProviderImpl#getRowSetReader()&quot; }"/>
        </annotation>
    </item>
    <item name='javax.sql.rowset.spi.SyncProvider javax.sql.RowSetWriter getRowSetWriter()'>
        <annotation name='com.intellij.inspections.tainted.annotation.equation.Equations'>
            <val val="{ &quot;getRowSetWriter := ProviderImpl#getRowSetWriter()&quot; }"/>
        </annotation>
    </item>
    <item name='javax.sql.rowset.spi.SyncProvider void setDataSourceLock(int)'>
        <annotation name='com.intellij.inspections.tainted.annotation.equation.Equations'>
            <val val="{ &quot;datasource_lock := ProviderImpl#setDataSourceLock(int)#0&quot; }"/>
        </annotation>
    </item>
    <item name='javax.sql.rowset.spi.SyncProviderException SyncProviderException(java.lang.String)'>
        <annotation name='com.intellij.inspections.tainted.annotation.equation.Equations'>
            <val val="{ &quot;SyncProviderException := SyncProviderException&quot; }"/>
        </annotation>
    </item>
</root>