<root>
    <item name='net.sf.ehcache.store.disk.ods.AATreeSet'>
        <annotation name='com.intellij.inspections.tainted.annotation.equation.Equations'>
            <val val="{ &quot;AATreeSet := #remove(net.sf.ehcache.store.disk.ods.AATreeSet.Node, java.lang.Comparable)#0&quot; }"/>
        </annotation>
    </item>
    <item name='net.sf.ehcache.store.disk.ods.AATreeSet T find(java.lang.Object)'>
        <annotation name='com.intellij.inspections.tainted.annotation.equation.Equations'>
            <val val="{ &quot;probe := RegionSet#find(java.lang.Object)#0&quot;, &quot;find := &quot; }"/>
        </annotation>
    </item>
    <item name='net.sf.ehcache.store.disk.ods.AATreeSet T first()'>
        <annotation name='com.intellij.inspections.tainted.annotation.equation.Equations'>
            <val val="{ &quot;first := &quot; }"/>
        </annotation>
    </item>
    <item name='net.sf.ehcache.store.disk.ods.AATreeSet T last()'>
        <annotation name='com.intellij.inspections.tainted.annotation.equation.Equations'>
            <val val="{ &quot;last := &quot; }"/>
        </annotation>
    </item>
    <item name='net.sf.ehcache.store.disk.ods.AATreeSet T removeAndReturn(java.lang.Object)'>
        <annotation name='com.intellij.inspections.tainted.annotation.equation.Equations'>
            <val val="{ &quot;removeAndReturn := RegionSet#removeAndReturn(java.lang.Object)&quot; }"/>
        </annotation>
    </item>
    <item name='net.sf.ehcache.store.disk.ods.AATreeSet boolean add(T)'>
        <annotation name='com.intellij.inspections.tainted.annotation.equation.Equations'>
            <val val="{ &quot;o := FileAllocationTree#free(net.sf.ehcache.store.disk.ods.Region)#0 &amp; java.util.Set#add(java.lang.Object)#0 &amp; AATreeSet.SubSet#add(java.lang.Comparable)#0&quot;, &quot;add := AATreeSet&quot; }"/>
        </annotation>
    </item>
    <item name='net.sf.ehcache.store.disk.ods.AATreeSet boolean isEmpty()'>
        <annotation name='com.intellij.inspections.tainted.annotation.equation.Equations'>
            <val val="{ &quot;isEmpty := AATreeSet&quot; }"/>
        </annotation>
    </item>
    <item name='net.sf.ehcache.store.disk.ods.AATreeSet boolean remove(java.lang.Object)'>
        <annotation name='com.intellij.inspections.tainted.annotation.equation.Equations'>
            <val val="{ &quot;remove := AATreeSet&quot;, &quot;o := java.util.Set#remove(java.lang.Object)#0&quot; }"/>
        </annotation>
    </item>
    <item name='net.sf.ehcache.store.disk.ods.AATreeSet int size()'>
        <annotation name='com.intellij.inspections.tainted.annotation.equation.Equations'>
            <val val="{ &quot;size := AATreeSet&quot; }"/>
        </annotation>
    </item>
    <item name='net.sf.ehcache.store.disk.ods.AATreeSet java.util.Iterator&lt;T&gt; iterator()'>
        <annotation name='com.intellij.inspections.tainted.annotation.equation.Equations'>
            <val val="{ &quot;iterator := &quot; }"/>
        </annotation>
    </item>
    <item name='net.sf.ehcache.store.disk.ods.AATreeSet java.util.SortedSet&lt;T&gt; headSet(T)'>
        <annotation name='com.intellij.inspections.tainted.annotation.equation.Equations'>
            <val val="{ &quot;toElement := java.util.SortedSet#headSet(java.lang.Object)#0&quot;, &quot;headSet := &quot; }"/>
        </annotation>
    </item>
    <item name='net.sf.ehcache.store.disk.ods.AATreeSet java.util.SortedSet&lt;T&gt; subSet(T, T)'>
        <annotation name='com.intellij.inspections.tainted.annotation.equation.Equations'>
            <val val="{ &quot;subSet := &quot;, &quot;toElement := java.util.SortedSet#subSet(java.lang.Object, java.lang.Object)#1&quot;, &quot;fromElement := java.util.SortedSet#subSet(java.lang.Object, java.lang.Object)#0&quot; }"/>
        </annotation>
    </item>
    <item name='net.sf.ehcache.store.disk.ods.AATreeSet java.util.SortedSet&lt;T&gt; tailSet(T)'>
        <annotation name='com.intellij.inspections.tainted.annotation.equation.Equations'>
            <val val="{ &quot;tailSet := &quot;, &quot;fromElement := java.util.SortedSet#tailSet(java.lang.Object)#0&quot; }"/>
        </annotation>
    </item>
    <item name='net.sf.ehcache.store.disk.ods.AATreeSet net.sf.ehcache.store.disk.ods.AATreeSet.Node&lt;T&gt; createNode(T)'>
        <annotation name='com.intellij.inspections.tainted.annotation.equation.Equations'>
            <val val="{ &quot;data := #insert(net.sf.ehcache.store.disk.ods.AATreeSet.Node, java.lang.Comparable)#1&quot;, &quot;createNode := data&quot; }"/>
        </annotation>
    </item>
    <item name='net.sf.ehcache.store.disk.ods.AATreeSet net.sf.ehcache.store.disk.ods.AATreeSet.Node&lt;T&gt; find(net.sf.ehcache.store.disk.ods.AATreeSet.Node&lt;T&gt;, T)'>
        <annotation name='com.intellij.inspections.tainted.annotation.equation.Equations'>
            <val val="{ &quot;find := top&quot; }"/>
        </annotation>
    </item>
    <item name='net.sf.ehcache.store.disk.ods.AATreeSet net.sf.ehcache.store.disk.ods.AATreeSet.Node&lt;T&gt; getRoot()'>
        <annotation name='com.intellij.inspections.tainted.annotation.equation.Equations'>
            <val val="{ &quot;getRoot := AATreeSet&quot; }"/>
        </annotation>
    </item>
    <item name='net.sf.ehcache.store.disk.ods.AATreeSet net.sf.ehcache.store.disk.ods.AATreeSet.Node&lt;T&gt; insert(net.sf.ehcache.store.disk.ods.AATreeSet.Node&lt;T&gt;, T)'>
        <annotation name='com.intellij.inspections.tainted.annotation.equation.Equations'>
            <val val="{ &quot;insert := top&quot;, &quot;data := #add(java.lang.Comparable)#0&quot;, &quot;top := AATreeSet&quot; }"/>
        </annotation>
    </item>
    <item name='net.sf.ehcache.store.disk.ods.AATreeSet net.sf.ehcache.store.disk.ods.AATreeSet.Node&lt;T&gt; remove(net.sf.ehcache.store.disk.ods.AATreeSet.Node&lt;T&gt;, T)'>
        <annotation name='com.intellij.inspections.tainted.annotation.equation.Equations'>
            <val val="{ &quot;remove := top&quot;, &quot;top := AATreeSet&quot;, &quot;data := #removeAndReturn(java.lang.Object)#0 &amp; #remove(java.lang.Object)#0&quot; }"/>
        </annotation>
    </item>
    <item name='net.sf.ehcache.store.disk.ods.AATreeSet net.sf.ehcache.store.disk.ods.AATreeSet.Node&lt;T&gt; skew(net.sf.ehcache.store.disk.ods.AATreeSet.Node&lt;T&gt;)'>
        <annotation name='com.intellij.inspections.tainted.annotation.equation.Equations'>
            <val val="{ &quot;top := #insert(net.sf.ehcache.store.disk.ods.AATreeSet.Node, java.lang.Comparable)#0 &amp; #remove(net.sf.ehcache.store.disk.ods.AATreeSet.Node, java.lang.Comparable)#0&quot;, &quot;skew := top&quot; }"/>
        </annotation>
    </item>
    <item name='net.sf.ehcache.store.disk.ods.AATreeSet net.sf.ehcache.store.disk.ods.AATreeSet.Node&lt;T&gt; split(net.sf.ehcache.store.disk.ods.AATreeSet.Node&lt;T&gt;)'>
        <annotation name='com.intellij.inspections.tainted.annotation.equation.Equations'>
            <val val="{ &quot;top := #insert(net.sf.ehcache.store.disk.ods.AATreeSet.Node, java.lang.Comparable)#0 &amp; #remove(net.sf.ehcache.store.disk.ods.AATreeSet.Node, java.lang.Comparable)#0&quot;, &quot;split := top&quot; }"/>
        </annotation>
    </item>
    <item name='net.sf.ehcache.store.disk.ods.AATreeSet net.sf.ehcache.store.disk.ods.AATreeSet.Node&lt;T&gt; terminal()'>
        <annotation name='com.intellij.inspections.tainted.annotation.equation.Equations'>
            <val val="{ &quot;terminal := #TERMINAL&quot; }"/>
        </annotation>
    </item>
    <item name='net.sf.ehcache.store.disk.ods.AATreeSet.AbstractTreeNode'>
        <annotation name='com.intellij.inspections.tainted.annotation.equation.Equations'>
            <val val="{ &quot;AbstractTreeNode := AATreeSet#TERMINAL &amp; #AbstractTreeNode(int)#0 &amp; #setLeft(net.sf.ehcache.store.disk.ods.AATreeSet.Node)#0 &amp; #setRight(net.sf.ehcache.store.disk.ods.AATreeSet.Node)#0 &amp; #setLevel(int)#0&quot; }"/>
        </annotation>
    </item>
    <item name='net.sf.ehcache.store.disk.ods.AATreeSet.AbstractTreeNode AbstractTreeNode()'>
        <annotation name='com.intellij.inspections.tainted.annotation.equation.Equations'>
            <val val="{ &quot;AbstractTreeNode := AATreeSet.AbstractTreeNode&quot; }"/>
        </annotation>
    </item>
    <item name='net.sf.ehcache.store.disk.ods.AATreeSet.AbstractTreeNode AbstractTreeNode(int)'>
        <annotation name='com.intellij.inspections.tainted.annotation.equation.Equations'>
            <val val="{ &quot;AbstractTreeNode := AATreeSet.AbstractTreeNode&quot; }"/>
        </annotation>
    </item>
    <item name='net.sf.ehcache.store.disk.ods.AATreeSet.AbstractTreeNode int decrementLevel()'>
        <annotation name='com.intellij.inspections.tainted.annotation.equation.Equations'>
            <val val="{ &quot;decrementLevel := AATreeSet.TerminalNode#decrementLevel()&quot; }"/>
        </annotation>
    </item>
    <item name='net.sf.ehcache.store.disk.ods.AATreeSet.AbstractTreeNode int getLevel()'>
        <annotation name='com.intellij.inspections.tainted.annotation.equation.Equations'>
            <val val="{ &quot;getLevel := AATreeSet.AbstractTreeNode&quot; }"/>
        </annotation>
    </item>
    <item name='net.sf.ehcache.store.disk.ods.AATreeSet.AbstractTreeNode int incrementLevel()'>
        <annotation name='com.intellij.inspections.tainted.annotation.equation.Equations'>
            <val val="{ &quot;incrementLevel := AATreeSet.TerminalNode#incrementLevel()&quot; }"/>
        </annotation>
    </item>
    <item name='net.sf.ehcache.store.disk.ods.AATreeSet.AbstractTreeNode net.sf.ehcache.store.disk.ods.AATreeSet.Node&lt;E&gt; getLeft()'>
        <annotation name='com.intellij.inspections.tainted.annotation.equation.Equations'>
            <val val="{ &quot;getLeft := AATreeSet.AbstractTreeNode&quot; }"/>
        </annotation>
    </item>
    <item name='net.sf.ehcache.store.disk.ods.AATreeSet.AbstractTreeNode net.sf.ehcache.store.disk.ods.AATreeSet.Node&lt;E&gt; getRight()'>
        <annotation name='com.intellij.inspections.tainted.annotation.equation.Equations'>
            <val val="{ &quot;getRight := AATreeSet.AbstractTreeNode&quot; }"/>
        </annotation>
    </item>
    <item name='net.sf.ehcache.store.disk.ods.AATreeSet.AbstractTreeNode void setLeft(net.sf.ehcache.store.disk.ods.AATreeSet.Node&lt;E&gt;)'>
        <annotation name='com.intellij.inspections.tainted.annotation.equation.Equations'>
            <val val="{ &quot;node := Region#setLeft(net.sf.ehcache.store.disk.ods.AATreeSet.Node)#0 &amp; AATreeSet.Node#setLeft(net.sf.ehcache.store.disk.ods.AATreeSet.Node)#0 &amp; AATreeSet.TerminalNode&quot; }"/>
        </annotation>
    </item>
    <item name='net.sf.ehcache.store.disk.ods.AATreeSet.AbstractTreeNode void setLevel(int)'>
        <annotation name='com.intellij.inspections.tainted.annotation.equation.Equations'>
            <val val="{ &quot;value := AATreeSet.Node#setLevel(int)#0&quot; }"/>
        </annotation>
    </item>
    <item name='net.sf.ehcache.store.disk.ods.AATreeSet.AbstractTreeNode void setRight(net.sf.ehcache.store.disk.ods.AATreeSet.Node&lt;E&gt;)'>
        <annotation name='com.intellij.inspections.tainted.annotation.equation.Equations'>
            <val val="{ &quot;node := Region#setRight(net.sf.ehcache.store.disk.ods.AATreeSet.Node)#0 &amp; AATreeSet.Node#setRight(net.sf.ehcache.store.disk.ods.AATreeSet.Node)#0 &amp; AATreeSet.TerminalNode&quot; }"/>
        </annotation>
    </item>
    <item name='net.sf.ehcache.store.disk.ods.AATreeSet.Node E getPayload()'>
        <annotation name='com.intellij.inspections.tainted.annotation.equation.Equations'>
            <val val="{ &quot;getPayload := Region#getPayload() &amp; AATreeSet.TreeNode#getPayload() &amp; AATreeSet.TerminalNode#getPayload()&quot; }"/>
        </annotation>
    </item>
    <item name='net.sf.ehcache.store.disk.ods.AATreeSet.Node int compareTo(E)'>
        <annotation name='com.intellij.inspections.tainted.annotation.equation.Equations'>
            <val val="{ &quot;compareTo := Region#compareTo(java.lang.Comparable) &amp; AATreeSet.TreeNode#compareTo(java.lang.Comparable) &amp; AATreeSet.TerminalNode#compareTo(java.lang.Object)&quot; }"/>
        </annotation>
    </item>
    <item name='net.sf.ehcache.store.disk.ods.AATreeSet.Node int decrementLevel()'>
        <annotation name='com.intellij.inspections.tainted.annotation.equation.Equations'>
            <val val="{ &quot;decrementLevel := AATreeSet.AbstractTreeNode#decrementLevel()&quot; }"/>
        </annotation>
    </item>
    <item name='net.sf.ehcache.store.disk.ods.AATreeSet.Node int getLevel()'>
        <annotation name='com.intellij.inspections.tainted.annotation.equation.Equations'>
            <val val="{ &quot;getLevel := AATreeSet.AbstractTreeNode#getLevel()&quot; }"/>
        </annotation>
    </item>
    <item name='net.sf.ehcache.store.disk.ods.AATreeSet.Node int incrementLevel()'>
        <annotation name='com.intellij.inspections.tainted.annotation.equation.Equations'>
            <val val="{ &quot;incrementLevel := AATreeSet.AbstractTreeNode#incrementLevel()&quot; }"/>
        </annotation>
    </item>
    <item name='net.sf.ehcache.store.disk.ods.AATreeSet.Node net.sf.ehcache.store.disk.ods.AATreeSet.Node&lt;E&gt; getLeft()'>
        <annotation name='com.intellij.inspections.tainted.annotation.equation.Equations'>
            <val val="{ &quot;getLeft := AATreeSet.AbstractTreeNode#getLeft()&quot; }"/>
        </annotation>
    </item>
    <item name='net.sf.ehcache.store.disk.ods.AATreeSet.Node net.sf.ehcache.store.disk.ods.AATreeSet.Node&lt;E&gt; getRight()'>
        <annotation name='com.intellij.inspections.tainted.annotation.equation.Equations'>
            <val val="{ &quot;getRight := AATreeSet.AbstractTreeNode#getRight()&quot; }"/>
        </annotation>
    </item>
    <item name='net.sf.ehcache.store.disk.ods.AATreeSet.Node void setLeft(net.sf.ehcache.store.disk.ods.AATreeSet.Node&lt;E&gt;)'>
        <annotation name='com.intellij.inspections.tainted.annotation.equation.Equations'>
            <val val="{ &quot;node := AATreeSet#split(net.sf.ehcache.store.disk.ods.AATreeSet.Node)#0&quot; }"/>
        </annotation>
    </item>
    <item name='net.sf.ehcache.store.disk.ods.AATreeSet.Node void setLevel(int)'>
        <annotation name='com.intellij.inspections.tainted.annotation.equation.Equations'>
            <val val="{ &quot;value := &quot; }"/>
        </annotation>
    </item>
    <item name='net.sf.ehcache.store.disk.ods.AATreeSet.Node void setRight(net.sf.ehcache.store.disk.ods.AATreeSet.Node&lt;E&gt;)'>
        <annotation name='com.intellij.inspections.tainted.annotation.equation.Equations'>
            <val val="{ &quot;node := AATreeSet#skew(net.sf.ehcache.store.disk.ods.AATreeSet.Node)#0&quot; }"/>
        </annotation>
    </item>
    <item name='net.sf.ehcache.store.disk.ods.AATreeSet.Node void swapPayload(net.sf.ehcache.store.disk.ods.AATreeSet.Node&lt;E&gt;)'>
        <annotation name='com.intellij.inspections.tainted.annotation.equation.Equations'>
            <val val="{ &quot;with := AATreeSet#remove(net.sf.ehcache.store.disk.ods.AATreeSet.Node, java.lang.Comparable)#0&quot; }"/>
        </annotation>
    </item>
    <item name='net.sf.ehcache.store.disk.ods.AATreeSet.SubSet'>
        <annotation name='com.intellij.inspections.tainted.annotation.equation.Equations'>
            <val val="{ &quot;SubSet := #SubSet(java.lang.Comparable, java.lang.Comparable)#0 &amp; #SubSet(java.lang.Comparable, java.lang.Comparable)#1&quot; }"/>
        </annotation>
    </item>
    <item name='net.sf.ehcache.store.disk.ods.AATreeSet.SubSet SubSet(T, T)'>
        <annotation name='com.intellij.inspections.tainted.annotation.equation.Equations'>
            <val val="{ &quot;end := AATreeSet#subSet(java.lang.Comparable, java.lang.Comparable)#1 &amp; AATreeSet#headSet(java.lang.Comparable)#0 &amp; #subSet(java.lang.Comparable, java.lang.Comparable)#1 &amp; #headSet(java.lang.Comparable)#0 &amp; AATreeSet.SubSet&quot;, &quot;start := AATreeSet#subSet(java.lang.Comparable, java.lang.Comparable)#0 &amp; AATreeSet#tailSet(java.lang.Comparable)#0 &amp; #subSet(java.lang.Comparable, java.lang.Comparable)#0 &amp; AATreeSet.SubSet &amp; #tailSet(java.lang.Comparable)#0&quot;, &quot;SubSet := AATreeSet.SubSet&quot; }"/>
        </annotation>
    </item>
    <item name='net.sf.ehcache.store.disk.ods.AATreeSet.SubSet T first()'>
        <annotation name='com.intellij.inspections.tainted.annotation.equation.Equations'>
            <val val="{ &quot;first := &quot; }"/>
        </annotation>
    </item>
    <item name='net.sf.ehcache.store.disk.ods.AATreeSet.SubSet T last()'>
        <annotation name='com.intellij.inspections.tainted.annotation.equation.Equations'>
            <val val="{ &quot;last := &quot; }"/>
        </annotation>
    </item>
    <item name='net.sf.ehcache.store.disk.ods.AATreeSet.SubSet boolean add(T)'>
        <annotation name='com.intellij.inspections.tainted.annotation.equation.Equations'>
            <val val="{ &quot;add := &quot;, &quot;o := java.util.Set#add(java.lang.Object)#0&quot; }"/>
        </annotation>
    </item>
    <item name='net.sf.ehcache.store.disk.ods.AATreeSet.SubSet boolean inRange(T)'>
        <annotation name='com.intellij.inspections.tainted.annotation.equation.Equations'>
            <val val="{ &quot;inRange := AATreeSet.SubSet&quot;, &quot;value := #add(java.lang.Comparable)#0 &amp; #remove(java.lang.Object)#0&quot; }"/>
        </annotation>
    </item>
    <item name='net.sf.ehcache.store.disk.ods.AATreeSet.SubSet boolean inRangeInclusive(T)'>
        <annotation name='com.intellij.inspections.tainted.annotation.equation.Equations'>
            <val val="{ &quot;inRangeInclusive := AATreeSet.SubSet&quot;, &quot;value := #subSet(java.lang.Comparable, java.lang.Comparable)#0 &amp; #subSet(java.lang.Comparable, java.lang.Comparable)#1 &amp; #headSet(java.lang.Comparable)#0 &amp; #tailSet(java.lang.Comparable)#0&quot; }"/>
        </annotation>
    </item>
    <item name='net.sf.ehcache.store.disk.ods.AATreeSet.SubSet boolean remove(java.lang.Object)'>
        <annotation name='com.intellij.inspections.tainted.annotation.equation.Equations'>
            <val val="{ &quot;o := java.util.Set#remove(java.lang.Object)#0&quot;, &quot;remove := &quot; }"/>
        </annotation>
    </item>
    <item name='net.sf.ehcache.store.disk.ods.AATreeSet.SubSet java.util.Iterator&lt;T&gt; iterator()'>
        <annotation name='com.intellij.inspections.tainted.annotation.equation.Equations'>
            <val val="{ &quot;iterator := &quot; }"/>
        </annotation>
    </item>
    <item name='net.sf.ehcache.store.disk.ods.AATreeSet.SubSet java.util.SortedSet&lt;T&gt; headSet(T)'>
        <annotation name='com.intellij.inspections.tainted.annotation.equation.Equations'>
            <val val="{ &quot;headSet := &quot;, &quot;toElement := java.util.SortedSet#headSet(java.lang.Object)#0&quot; }"/>
        </annotation>
    </item>
    <item name='net.sf.ehcache.store.disk.ods.AATreeSet.SubSet java.util.SortedSet&lt;T&gt; subSet(T, T)'>
        <annotation name='com.intellij.inspections.tainted.annotation.equation.Equations'>
            <val val="{ &quot;subSet := &quot;, &quot;fromElement := java.util.SortedSet#subSet(java.lang.Object, java.lang.Object)#0&quot;, &quot;toElement := java.util.SortedSet#subSet(java.lang.Object, java.lang.Object)#1&quot; }"/>
        </annotation>
    </item>
    <item name='net.sf.ehcache.store.disk.ods.AATreeSet.SubSet java.util.SortedSet&lt;T&gt; tailSet(T)'>
        <annotation name='com.intellij.inspections.tainted.annotation.equation.Equations'>
            <val val="{ &quot;fromElement := java.util.SortedSet#tailSet(java.lang.Object)#0&quot;, &quot;tailSet := &quot; }"/>
        </annotation>
    </item>
    <item name='net.sf.ehcache.store.disk.ods.AATreeSet.SubTreeIterator SubTreeIterator(T, T)'>
        <annotation name='com.intellij.inspections.tainted.annotation.equation.Equations'>
            <val val="{ &quot;start := AATreeSet.SubSet&quot;, &quot;SubTreeIterator := AATreeSet.SubTreeIterator&quot;, &quot;end := AATreeSet.SubSet&quot; }"/>
        </annotation>
    </item>
    <item name='net.sf.ehcache.store.disk.ods.AATreeSet.TerminalNode TerminalNode()'>
        <annotation name='com.intellij.inspections.tainted.annotation.equation.Equations'>
            <val val="{ &quot;TerminalNode := AATreeSet.TerminalNode&quot; }"/>
        </annotation>
    </item>
    <item name='net.sf.ehcache.store.disk.ods.AATreeSet.TerminalNode int compareTo(E)'>
        <annotation name='com.intellij.inspections.tainted.annotation.equation.Equations'>
            <val val="{ &quot;data := AATreeSet.Node#compareTo(java.lang.Object)#0&quot; }"/>
        </annotation>
    </item>
    <item name='net.sf.ehcache.store.disk.ods.AATreeSet.TerminalNode void setLeft(net.sf.ehcache.store.disk.ods.AATreeSet.Node&lt;E&gt;)'>
        <annotation name='com.intellij.inspections.tainted.annotation.equation.Equations'>
            <val val="{ &quot;right := AATreeSet.AbstractTreeNode#setLeft(net.sf.ehcache.store.disk.ods.AATreeSet.Node)#0&quot; }"/>
        </annotation>
    </item>
    <item name='net.sf.ehcache.store.disk.ods.AATreeSet.TerminalNode void setLevel(int)'>
        <annotation name='com.intellij.inspections.tainted.annotation.equation.Equations'>
            <val val="{ &quot;value := AATreeSet.AbstractTreeNode#setLevel(int)#0&quot; }"/>
        </annotation>
    </item>
    <item name='net.sf.ehcache.store.disk.ods.AATreeSet.TerminalNode void setRight(net.sf.ehcache.store.disk.ods.AATreeSet.Node&lt;E&gt;)'>
        <annotation name='com.intellij.inspections.tainted.annotation.equation.Equations'>
            <val val="{ &quot;left := AATreeSet.AbstractTreeNode#setRight(net.sf.ehcache.store.disk.ods.AATreeSet.Node)#0&quot; }"/>
        </annotation>
    </item>
    <item name='net.sf.ehcache.store.disk.ods.AATreeSet.TerminalNode void swapPayload(net.sf.ehcache.store.disk.ods.AATreeSet.Node&lt;E&gt;)'>
        <annotation name='com.intellij.inspections.tainted.annotation.equation.Equations'>
            <val val="{ &quot;payload := AATreeSet.Node#swapPayload(net.sf.ehcache.store.disk.ods.AATreeSet.Node)#0&quot; }"/>
        </annotation>
    </item>
    <item name='net.sf.ehcache.store.disk.ods.AATreeSet.TreeIterator'>
        <annotation name='com.intellij.inspections.tainted.annotation.equation.Equations'>
            <val val="{ &quot;TreeIterator := TreeIterator&quot; }"/>
        </annotation>
    </item>
    <item name='net.sf.ehcache.store.disk.ods.AATreeSet.TreeIterator T next()'>
        <annotation name='com.intellij.inspections.tainted.annotation.equation.Equations'>
            <val val="{ &quot;next := &quot; }"/>
        </annotation>
    </item>
    <item name='net.sf.ehcache.store.disk.ods.AATreeSet.TreeIterator TreeIterator()'>
        <annotation name='com.intellij.inspections.tainted.annotation.equation.Equations'>
            <val val="{ &quot;TreeIterator := AATreeSet.TreeIterator&quot; }"/>
        </annotation>
    </item>
    <item name='net.sf.ehcache.store.disk.ods.AATreeSet.TreeIterator TreeIterator(T)'>
        <annotation name='com.intellij.inspections.tainted.annotation.equation.Equations'>
            <val val="{ &quot;start := AATreeSet.SubTreeIterator#SubTreeIterator(java.lang.Comparable, java.lang.Comparable)#0&quot;, &quot;TreeIterator := AATreeSet.TreeIterator&quot; }"/>
        </annotation>
    </item>
    <item name='net.sf.ehcache.store.disk.ods.AATreeSet.TreeIterator boolean hasNext()'>
        <annotation name='com.intellij.inspections.tainted.annotation.equation.Equations'>
            <val val="{ &quot;hasNext := AATreeSet.TreeIterator&quot; }"/>
        </annotation>
    </item>
    <item name='net.sf.ehcache.store.disk.ods.AATreeSet.TreeNode'>
        <annotation name='com.intellij.inspections.tainted.annotation.equation.Equations'>
            <val val="{ &quot;TreeNode := #TreeNode(java.lang.Comparable)#0&quot; }"/>
        </annotation>
    </item>
    <item name='net.sf.ehcache.store.disk.ods.AATreeSet.TreeNode E getPayload()'>
        <annotation name='com.intellij.inspections.tainted.annotation.equation.Equations'>
            <val val="{ &quot;getPayload := AATreeSet.TreeNode&quot; }"/>
        </annotation>
    </item>
    <item name='net.sf.ehcache.store.disk.ods.AATreeSet.TreeNode TreeNode(E)'>
        <annotation name='com.intellij.inspections.tainted.annotation.equation.Equations'>
            <val val="{ &quot;payload := AATreeSet#createNode(java.lang.Comparable)#0&quot;, &quot;TreeNode := AATreeSet.TreeNode&quot; }"/>
        </annotation>
    </item>
    <item name='net.sf.ehcache.store.disk.ods.AATreeSet.TreeNode int compareTo(E)'>
        <annotation name='com.intellij.inspections.tainted.annotation.equation.Equations'>
            <val val="{ &quot;data := AATreeSet.Node#compareTo(java.lang.Object)#0&quot;, &quot;compareTo := &quot; }"/>
        </annotation>
    </item>
    <item name='net.sf.ehcache.store.disk.ods.AATreeSet.TreeNode void swapPayload(net.sf.ehcache.store.disk.ods.AATreeSet.Node&lt;E&gt;)'>
        <annotation name='com.intellij.inspections.tainted.annotation.equation.Equations'>
            <val val="{ &quot;node := AATreeSet.Node#swapPayload(net.sf.ehcache.store.disk.ods.AATreeSet.Node)#0&quot; }"/>
        </annotation>
    </item>
    <item name='net.sf.ehcache.store.disk.ods.FileAllocationTree'>
        <annotation name='com.intellij.inspections.tainted.annotation.equation.Equations'>
            <val val="{ &quot;FileAllocationTree := #FileAllocationTree(long, java.io.RandomAccessFile)#1&quot; }"/>
        </annotation>
    </item>
    <item name='net.sf.ehcache.store.disk.ods.FileAllocationTree FileAllocationTree(long, java.io.RandomAccessFile)'>
        <annotation name='com.intellij.inspections.tainted.annotation.equation.Equations'>
            <val val="{ &quot;maxSize := java.lang.Long#MAX_VALUE&quot;, &quot;file := net.sf.ehcache.store.disk.DiskStorageFactory&quot;, &quot;FileAllocationTree := FileAllocationTree&quot; }"/>
        </annotation>
    </item>
    <item name='net.sf.ehcache.store.disk.ods.FileAllocationTree long getFileSize()'>
        <annotation name='com.intellij.inspections.tainted.annotation.equation.Equations'>
            <val val="{ &quot;getFileSize := FileAllocationTree&quot; }"/>
        </annotation>
    </item>
    <item name='net.sf.ehcache.store.disk.ods.FileAllocationTree net.sf.ehcache.store.disk.ods.Region alloc(long)'>
        <annotation name='com.intellij.inspections.tainted.annotation.equation.Equations'>
            <val val="{ &quot;size := net.sf.ehcache.store.disk.DiskStorageFactory#alloc(net.sf.ehcache.Element, int)#1&quot;, &quot;alloc := &quot; }"/>
        </annotation>
    </item>
    <item name='net.sf.ehcache.store.disk.ods.FileAllocationTree void checkGrow(net.sf.ehcache.store.disk.ods.Region)'>
        <annotation name='com.intellij.inspections.tainted.annotation.equation.Equations'>
            <val val="{ &quot;alloc := #mark(net.sf.ehcache.store.disk.ods.Region)#0&quot; }"/>
        </annotation>
    </item>
    <item name='net.sf.ehcache.store.disk.ods.FileAllocationTree void checkShrink(net.sf.ehcache.store.disk.ods.Region)'>
        <annotation name='com.intellij.inspections.tainted.annotation.equation.Equations'>
            <val val="{ &quot;free := #free(net.sf.ehcache.store.disk.ods.Region)#0&quot; }"/>
        </annotation>
    </item>
    <item name='net.sf.ehcache.store.disk.ods.FileAllocationTree void free(net.sf.ehcache.store.disk.ods.Region)'>
        <annotation name='com.intellij.inspections.tainted.annotation.equation.Equations'>
            <val val="{ &quot;r := &quot; }"/>
        </annotation>
    </item>
    <item name='net.sf.ehcache.store.disk.ods.FileAllocationTree void grow(long)'>
        <annotation name='com.intellij.inspections.tainted.annotation.equation.Equations'>
            <val val="{ &quot;size := FileAllocationTree&quot; }"/>
        </annotation>
    </item>
    <item name='net.sf.ehcache.store.disk.ods.FileAllocationTree void mark(net.sf.ehcache.store.disk.ods.Region)'>
        <annotation name='com.intellij.inspections.tainted.annotation.equation.Equations'>
            <val val="{ &quot;r := &quot; }"/>
        </annotation>
    </item>
    <item name='net.sf.ehcache.store.disk.ods.FileAllocationTree void shrink(long)'>
        <annotation name='com.intellij.inspections.tainted.annotation.equation.Equations'>
            <val val="{ &quot;size := FileAllocationTree&quot; }"/>
        </annotation>
    </item>
    <item name='net.sf.ehcache.store.disk.ods.Region'>
        <annotation name='com.intellij.inspections.tainted.annotation.equation.Equations'>
            <val val="{ &quot;Region := #Region(long, long)#0 &amp; #Region(long, long)#1&quot; }"/>
        </annotation>
    </item>
    <item name='net.sf.ehcache.store.disk.ods.Region Region(long)'>
        <annotation name='com.intellij.inspections.tainted.annotation.equation.Equations'>
            <val val="{ &quot;Region := Region&quot; }"/>
        </annotation>
    </item>
    <item name='net.sf.ehcache.store.disk.ods.Region Region(long, long)'>
        <annotation name='com.intellij.inspections.tainted.annotation.equation.Equations'>
            <val val="{ &quot;end := RegionSet#RegionSet(long)#0 &amp; RegionSet#find(long)#0 &amp; #Region(long)#0 &amp; Region&quot;, &quot;start := #Region(long)#0&quot;, &quot;Region := Region&quot; }"/>
        </annotation>
    </item>
    <item name='net.sf.ehcache.store.disk.ods.Region Region(net.sf.ehcache.store.disk.ods.Region)'>
        <annotation name='com.intellij.inspections.tainted.annotation.equation.Equations'>
            <val val="{ &quot;Region := Region&quot;, &quot;r := &quot; }"/>
        </annotation>
    </item>
    <item name='net.sf.ehcache.store.disk.ods.Region boolean isNull()'>
        <annotation name='com.intellij.inspections.tainted.annotation.equation.Equations'>
            <val val="{ &quot;isNull := Region&quot; }"/>
        </annotation>
    </item>
    <item name='net.sf.ehcache.store.disk.ods.Region int compareTo(java.lang.Comparable)'>
        <annotation name='com.intellij.inspections.tainted.annotation.equation.Equations'>
            <val val="{ &quot;compareTo := &quot;, &quot;other := java.lang.Comparable#compareTo(java.lang.Object)#0&quot; }"/>
        </annotation>
    </item>
    <item name='net.sf.ehcache.store.disk.ods.Region int compareTo(java.lang.Long)'>
        <annotation name='com.intellij.inspections.tainted.annotation.equation.Equations'>
            <val val="{ &quot;l := #compareTo(java.lang.Comparable)#0&quot; }"/>
        </annotation>
    </item>
    <item name='net.sf.ehcache.store.disk.ods.Region int compareTo(net.sf.ehcache.store.disk.ods.Region)'>
        <annotation name='com.intellij.inspections.tainted.annotation.equation.Equations'>
            <val val="{ &quot;r := #compareTo(java.lang.Comparable)#0&quot; }"/>
        </annotation>
    </item>
    <item name='net.sf.ehcache.store.disk.ods.Region java.lang.String toString()'>
        <annotation name='com.intellij.inspections.tainted.annotation.equation.Equations'>
            <val val="{ &quot;toString := Region&quot; }"/>
        </annotation>
    </item>
    <item name='net.sf.ehcache.store.disk.ods.Region long contiguous()'>
        <annotation name='com.intellij.inspections.tainted.annotation.equation.Equations'>
            <val val="{ &quot;contiguous := Region&quot; }"/>
        </annotation>
    </item>
    <item name='net.sf.ehcache.store.disk.ods.Region long end()'>
        <annotation name='com.intellij.inspections.tainted.annotation.equation.Equations'>
            <val val="{ &quot;end := Region&quot; }"/>
        </annotation>
    </item>
    <item name='net.sf.ehcache.store.disk.ods.Region long size()'>
        <annotation name='com.intellij.inspections.tainted.annotation.equation.Equations'>
            <val val="{ &quot;size := Region&quot; }"/>
        </annotation>
    </item>
    <item name='net.sf.ehcache.store.disk.ods.Region long start()'>
        <annotation name='com.intellij.inspections.tainted.annotation.equation.Equations'>
            <val val="{ &quot;start := Region&quot; }"/>
        </annotation>
    </item>
    <item name='net.sf.ehcache.store.disk.ods.Region net.sf.ehcache.store.disk.ods.Region getPayload()'>
        <annotation name='com.intellij.inspections.tainted.annotation.equation.Equations'>
            <val val="{ &quot;getPayload := Region&quot; }"/>
        </annotation>
    </item>
    <item name='net.sf.ehcache.store.disk.ods.Region net.sf.ehcache.store.disk.ods.Region remove(net.sf.ehcache.store.disk.ods.Region)'>
        <annotation name='com.intellij.inspections.tainted.annotation.equation.Equations'>
            <val val="{ &quot;remove := &quot;, &quot;r := FileAllocationTree#mark(net.sf.ehcache.store.disk.ods.Region)#0&quot; }"/>
        </annotation>
    </item>
    <item name='net.sf.ehcache.store.disk.ods.Region void merge(net.sf.ehcache.store.disk.ods.Region)'>
        <annotation name='com.intellij.inspections.tainted.annotation.equation.Equations'>
            <val val="{ &quot;r := FileAllocationTree#free(net.sf.ehcache.store.disk.ods.Region)#0&quot; }"/>
        </annotation>
    </item>
    <item name='net.sf.ehcache.store.disk.ods.Region void setLeft(net.sf.ehcache.store.disk.ods.AATreeSet.Node&lt;java.lang.Comparable&gt;)'>
        <annotation name='com.intellij.inspections.tainted.annotation.equation.Equations'>
            <val val="{ &quot;l := AATreeSet.AbstractTreeNode#setLeft(net.sf.ehcache.store.disk.ods.AATreeSet.Node)#0&quot; }"/>
        </annotation>
    </item>
    <item name='net.sf.ehcache.store.disk.ods.Region void setRight(net.sf.ehcache.store.disk.ods.AATreeSet.Node&lt;java.lang.Comparable&gt;)'>
        <annotation name='com.intellij.inspections.tainted.annotation.equation.Equations'>
            <val val="{ &quot;r := AATreeSet.AbstractTreeNode#setRight(net.sf.ehcache.store.disk.ods.AATreeSet.Node)#0&quot; }"/>
        </annotation>
    </item>
    <item name='net.sf.ehcache.store.disk.ods.Region void swapPayload(net.sf.ehcache.store.disk.ods.AATreeSet.Node&lt;java.lang.Comparable&gt;)'>
        <annotation name='com.intellij.inspections.tainted.annotation.equation.Equations'>
            <val val="{ &quot;other := AATreeSet.Node#swapPayload(net.sf.ehcache.store.disk.ods.AATreeSet.Node)#0&quot; }"/>
        </annotation>
    </item>
    <item name='net.sf.ehcache.store.disk.ods.RegionSet'>
        <annotation name='com.intellij.inspections.tainted.annotation.equation.Equations'>
            <val val="{ &quot;RegionSet := #RegionSet(long)#0&quot; }"/>
        </annotation>
    </item>
    <item name='net.sf.ehcache.store.disk.ods.RegionSet RegionSet(long)'>
        <annotation name='com.intellij.inspections.tainted.annotation.equation.Equations'>
            <val val="{ &quot;RegionSet := RegionSet&quot;, &quot;size := FileAllocationTree#FileAllocationTree(long, java.io.RandomAccessFile)#0&quot; }"/>
        </annotation>
    </item>
    <item name='net.sf.ehcache.store.disk.ods.RegionSet net.sf.ehcache.store.disk.ods.Region find(java.lang.Object)'>
        <annotation name='com.intellij.inspections.tainted.annotation.equation.Equations'>
            <val val="{ &quot;find := &quot;, &quot;o := AATreeSet#find(java.lang.Object)#0&quot; }"/>
        </annotation>
    </item>
    <item name='net.sf.ehcache.store.disk.ods.RegionSet net.sf.ehcache.store.disk.ods.Region find(long)'>
        <annotation name='com.intellij.inspections.tainted.annotation.equation.Equations'>
            <val val="{ &quot;find := &quot;, &quot;size := FileAllocationTree#alloc(long)#0&quot; }"/>
        </annotation>
    </item>
    <item name='net.sf.ehcache.store.disk.ods.RegionSet net.sf.ehcache.store.disk.ods.Region removeAndReturn(java.lang.Object)'>
        <annotation name='com.intellij.inspections.tainted.annotation.equation.Equations'>
            <val val="{ &quot;removeAndReturn := &quot;, &quot;o := AATreeSet#removeAndReturn(java.lang.Object)#0&quot; }"/>
        </annotation>
    </item>
</root>