<root>
    <item name='net.sf.ehcache.store.disk.DiskStorageFactory'>
        <annotation name='com.intellij.inspections.tainted.annotation.equation.Equations'>
            <val val="{ &quot;DiskStorageFactory := #MEGABYTE &amp; #bind(net.sf.ehcache.store.disk.DiskStore)#0 &amp; #setOnDiskCapacity(int)#0&quot; }"/>
        </annotation>
    </item>
    <item name='net.sf.ehcache.store.disk.DiskStorageFactory DiskStorageFactory(net.sf.ehcache.Ehcache, net.sf.ehcache.event.RegisteredEventListeners)'>
        <annotation name='com.intellij.inspections.tainted.annotation.equation.Equations'>
            <val val="{ &quot;cacheEventNotificationService := &quot;, &quot;cache := DiskStore#create(net.sf.ehcache.Ehcache, net.sf.ehcache.pool.Pool, net.sf.ehcache.pool.Pool)#0&quot;, &quot;DiskStorageFactory := DiskStorageFactory&quot; }"/>
        </annotation>
    </item>
    <item name='net.sf.ehcache.store.disk.DiskStorageFactory boolean bufferFull()'>
        <annotation name='com.intellij.inspections.tainted.annotation.equation.Equations'>
            <val val="{ &quot;bufferFull := DiskStorageFactory&quot; }"/>
        </annotation>
    </item>
    <item name='net.sf.ehcache.store.disk.DiskStorageFactory boolean created(java.lang.Object)'>
        <annotation name='com.intellij.inspections.tainted.annotation.equation.Equations'>
            <val val="{ &quot;created := DiskStorageFactory&quot; }"/>
        </annotation>
    </item>
    <item name='net.sf.ehcache.store.disk.DiskStorageFactory boolean determineCachePinned(net.sf.ehcache.config.CacheConfiguration)'>
        <annotation name='com.intellij.inspections.tainted.annotation.equation.Equations'>
            <val val="{ &quot;cacheConfiguration := &quot; }"/>
        </annotation>
    </item>
    <item name='net.sf.ehcache.store.disk.DiskStorageFactory boolean isPinningEnabled()'>
        <annotation name='com.intellij.inspections.tainted.annotation.equation.Equations'>
            <val val="{ &quot;isPinningEnabled := DiskStorageFactory&quot; }"/>
        </annotation>
    </item>
    <item name='net.sf.ehcache.store.disk.DiskStorageFactory int evict(int)'>
        <annotation name='com.intellij.inspections.tainted.annotation.equation.Equations'>
            <val val="{ &quot;count := DiskStore.DiskStorePoolParticipant#evict(int, long)#0&quot; }"/>
        </annotation>
    </item>
    <item name='net.sf.ehcache.store.disk.DiskStorageFactory int getDiskCapacity()'>
        <annotation name='com.intellij.inspections.tainted.annotation.equation.Equations'>
            <val val="{ &quot;getDiskCapacity := java.lang.Integer#MAX_VALUE &amp; DiskStorageFactory&quot; }"/>
        </annotation>
    </item>
    <item name='net.sf.ehcache.store.disk.DiskStorageFactory int getOnDiskSize()'>
        <annotation name='com.intellij.inspections.tainted.annotation.equation.Equations'>
            <val val="{ &quot;getOnDiskSize := &quot; }"/>
        </annotation>
    </item>
    <item name='net.sf.ehcache.store.disk.DiskStorageFactory java.io.File getDataFile()'>
        <annotation name='com.intellij.inspections.tainted.annotation.equation.Equations'>
            <val val="{ &quot;getDataFile := DiskStorageFactory&quot; }"/>
        </annotation>
    </item>
    <item name='net.sf.ehcache.store.disk.DiskStorageFactory java.io.File getIndexFile()'>
        <annotation name='com.intellij.inspections.tainted.annotation.equation.Equations'>
            <val val="{ &quot;getIndexFile := DiskStorageFactory&quot; }"/>
        </annotation>
    </item>
    <item name='net.sf.ehcache.store.disk.DiskStorageFactory java.io.RandomAccessFile getDataAccess(java.lang.Object)'>
        <annotation name='com.intellij.inspections.tainted.annotation.equation.Equations'>
            <val val="{ &quot;getDataAccess := DiskStorageFactory&quot;, &quot;key := &quot; }"/>
        </annotation>
    </item>
    <item name='net.sf.ehcache.store.disk.DiskStorageFactory java.io.RandomAccessFile[] allocateRandomAccessFiles(java.io.File, int)'>
        <annotation name='com.intellij.inspections.tainted.annotation.equation.Equations'>
            <val val="{ &quot;f := DiskStorageFactory&quot;, &quot;stripes := &quot;, &quot;allocateRandomAccessFiles := &quot; }"/>
        </annotation>
    </item>
    <item name='net.sf.ehcache.store.disk.DiskStorageFactory java.util.concurrent.Future&lt;U&gt; schedule(java.util.concurrent.Callable&lt;U&gt;)'>
        <annotation name='com.intellij.inspections.tainted.annotation.equation.Equations'>
            <val val="{ &quot;schedule := &quot;, &quot;call := DiskStorageFactory&quot; }"/>
        </annotation>
    </item>
    <item name='net.sf.ehcache.store.disk.DiskStorageFactory java.util.concurrent.Future&lt;java.lang.Void&gt; flush()'>
        <annotation name='com.intellij.inspections.tainted.annotation.equation.Equations'>
            <val val="{ &quot;flush := &quot; }"/>
        </annotation>
    </item>
    <item name='net.sf.ehcache.store.disk.DiskStorageFactory long getOnDiskSizeInBytes()'>
        <annotation name='com.intellij.inspections.tainted.annotation.equation.Equations'>
            <val val="{ &quot;getOnDiskSizeInBytes := &quot; }"/>
        </annotation>
    </item>
    <item name='net.sf.ehcache.store.disk.DiskStorageFactory net.sf.ehcache.Element read(net.sf.ehcache.store.disk.DiskStorageFactory.DiskMarker)'>
        <annotation name='com.intellij.inspections.tainted.annotation.equation.Equations'>
            <val val="{ &quot;read := &quot;, &quot;marker := #retrieve(net.sf.ehcache.store.disk.DiskStorageFactory.DiskSubstitute)#0 &amp; #retrieve(net.sf.ehcache.store.disk.DiskStorageFactory.DiskSubstitute, net.sf.ehcache.store.disk.Segment)#0&quot; }"/>
        </annotation>
    </item>
    <item name='net.sf.ehcache.store.disk.DiskStorageFactory net.sf.ehcache.Element retrieve(net.sf.ehcache.store.disk.DiskStorageFactory.DiskSubstitute)'>
        <annotation name='com.intellij.inspections.tainted.annotation.equation.Equations'>
            <val val="{ &quot;object := Segment#decode(java.lang.Object)#0&quot;, &quot;retrieve := &quot; }"/>
        </annotation>
    </item>
    <item name='net.sf.ehcache.store.disk.DiskStorageFactory net.sf.ehcache.Element retrieve(net.sf.ehcache.store.disk.DiskStorageFactory.DiskSubstitute, net.sf.ehcache.store.disk.Segment)'>
        <annotation name='com.intellij.inspections.tainted.annotation.equation.Equations'>
            <val val="{ &quot;object := Segment#decodeHit(java.lang.Object)#0&quot;, &quot;segment := Segment&quot;, &quot;retrieve := &quot; }"/>
        </annotation>
    </item>
    <item name='net.sf.ehcache.store.disk.DiskStorageFactory net.sf.ehcache.store.disk.DiskStorageFactory.DiskMarker alloc(net.sf.ehcache.Element, int)'>
        <annotation name='com.intellij.inspections.tainted.annotation.equation.Equations'>
            <val val="{ &quot;alloc := &quot;, &quot;element := #write(net.sf.ehcache.Element)#0&quot;, &quot;size := &quot; }"/>
        </annotation>
    </item>
    <item name='net.sf.ehcache.store.disk.DiskStorageFactory net.sf.ehcache.store.disk.DiskStorageFactory.DiskMarker createMarker(long, int, net.sf.ehcache.Element)'>
        <annotation name='com.intellij.inspections.tainted.annotation.equation.Equations'>
            <val val="{ &quot;element := #alloc(net.sf.ehcache.Element, int)#0&quot;, &quot;position := &quot;, &quot;createMarker := &quot;, &quot;size := #alloc(net.sf.ehcache.Element, int)#1&quot; }"/>
        </annotation>
    </item>
    <item name='net.sf.ehcache.store.disk.DiskStorageFactory net.sf.ehcache.store.disk.DiskStorageFactory.DiskMarker write(net.sf.ehcache.Element)'>
        <annotation name='com.intellij.inspections.tainted.annotation.equation.Equations'>
            <val val="{ &quot;element := &quot;, &quot;write := &quot; }"/>
        </annotation>
    </item>
    <item name='net.sf.ehcache.store.disk.DiskStorageFactory net.sf.ehcache.store.disk.DiskStorageFactory.DiskSubstitute create(net.sf.ehcache.Element)'>
        <annotation name='com.intellij.inspections.tainted.annotation.equation.Equations'>
            <val val="{ &quot;element := Segment#replace(java.lang.Object, int, net.sf.ehcache.Element, net.sf.ehcache.Element, net.sf.ehcache.store.ElementValueComparator)#3 &amp; Segment#replace(java.lang.Object, int, net.sf.ehcache.Element)#2 &amp; Segment#put(java.lang.Object, int, net.sf.ehcache.Element, boolean, boolean)#2&quot;, &quot;create := &quot; }"/>
        </annotation>
    </item>
    <item name='net.sf.ehcache.store.disk.DiskStorageFactory net.sf.ehcache.store.disk.DiskStorageFactory.DiskSubstitute getDiskEvictionTarget(java.lang.Object, int)'>
        <annotation name='com.intellij.inspections.tainted.annotation.equation.Equations'>
            <val val="{ &quot;keyHint := #onDiskEvict(int, java.lang.Object)#1&quot;, &quot;size := #evict(int)#0 &amp; #onDiskEvict(int, java.lang.Object)#0&quot; }"/>
        </annotation>
    </item>
    <item name='net.sf.ehcache.store.disk.DiskStorageFactory net.sf.ehcache.util.MemoryEfficientByteArrayOutputStream serializeElement(net.sf.ehcache.Element)'>
        <annotation name='com.intellij.inspections.tainted.annotation.equation.Equations'>
            <val val="{ &quot;serializeElement := &quot;, &quot;element := #write(net.sf.ehcache.Element)#0&quot; }"/>
        </annotation>
    </item>
    <item name='net.sf.ehcache.store.disk.DiskStorageFactory void bind(net.sf.ehcache.store.disk.DiskStore)'>
        <annotation name='com.intellij.inspections.tainted.annotation.equation.Equations'>
            <val val="{ &quot;store := DiskStore&quot; }"/>
        </annotation>
    </item>
    <item name='net.sf.ehcache.store.disk.DiskStorageFactory void deleteFile(java.io.File)'>
        <annotation name='com.intellij.inspections.tainted.annotation.equation.Equations'>
            <val val="{ &quot;f := DiskStorageFactory&quot; }"/>
        </annotation>
    </item>
    <item name='net.sf.ehcache.store.disk.DiskStorageFactory void free(java.util.concurrent.locks.Lock, net.sf.ehcache.store.disk.DiskStorageFactory.DiskSubstitute, boolean)'>
        <annotation name='com.intellij.inspections.tainted.annotation.equation.Equations'>
            <val val="{ &quot;lock := #free(java.util.concurrent.locks.Lock, net.sf.ehcache.store.disk.DiskStorageFactory.DiskSubstitute)#0&quot;, &quot;substitute := #free(java.util.concurrent.locks.Lock, net.sf.ehcache.store.disk.DiskStorageFactory.DiskSubstitute)#1 &amp; Segment#free(java.lang.Object, boolean)#0&quot;, &quot;faultFailure := Segment#free(java.lang.Object, boolean)#1&quot; }"/>
        </annotation>
    </item>
    <item name='net.sf.ehcache.store.disk.DiskStorageFactory void free(net.sf.ehcache.store.disk.DiskStorageFactory.DiskMarker)'>
        <annotation name='com.intellij.inspections.tainted.annotation.equation.Equations'>
            <val val="{ &quot;marker := DiskStorageFactory.DiskFreeTask&quot; }"/>
        </annotation>
    </item>
    <item name='net.sf.ehcache.store.disk.DiskStorageFactory void markUsed(net.sf.ehcache.store.disk.DiskStorageFactory.DiskMarker)'>
        <annotation name='com.intellij.inspections.tainted.annotation.equation.Equations'>
            <val val="{ &quot;marker := &quot; }"/>
        </annotation>
    </item>
    <item name='net.sf.ehcache.store.disk.DiskStorageFactory void onDiskEvict(int, java.lang.Object)'>
        <annotation name='com.intellij.inspections.tainted.annotation.equation.Equations'>
            <val val="{ &quot;keyHint := &quot;, &quot;size := &quot; }"/>
        </annotation>
    </item>
    <item name='net.sf.ehcache.store.disk.DiskStorageFactory void setOnDiskCapacity(int)'>
        <annotation name='com.intellij.inspections.tainted.annotation.equation.Equations'>
            <val val="{ &quot;capacity := DiskStore.CacheConfigurationListenerAdapter#diskCapacityChanged(int, int)#1 &amp; DiskStore#changeDiskCapacity(int)#0&quot; }"/>
        </annotation>
    </item>
    <item name='net.sf.ehcache.store.disk.DiskStorageFactory.DiskFreeTask'>
        <annotation name='com.intellij.inspections.tainted.annotation.equation.Equations'>
            <val val="{ &quot;DiskFreeTask := #DiskFreeTask(java.util.concurrent.locks.Lock, net.sf.ehcache.store.disk.DiskStorageFactory.DiskMarker)#0 &amp; #DiskFreeTask(java.util.concurrent.locks.Lock, net.sf.ehcache.store.disk.DiskStorageFactory.DiskMarker)#1&quot; }"/>
        </annotation>
    </item>
    <item name='net.sf.ehcache.store.disk.DiskStorageFactory.DiskFreeTask DiskFreeTask(java.util.concurrent.locks.Lock, net.sf.ehcache.store.disk.DiskStorageFactory.DiskMarker)'>
        <annotation name='com.intellij.inspections.tainted.annotation.equation.Equations'>
            <val val="{ &quot;DiskFreeTask := DiskStorageFactory.DiskFreeTask&quot;, &quot;lock := DiskStorageFactory#free(java.util.concurrent.locks.Lock, net.sf.ehcache.store.disk.DiskStorageFactory.DiskSubstitute, boolean)#0&quot;, &quot;marker := DiskStorageFactory#free(java.util.concurrent.locks.Lock, net.sf.ehcache.store.disk.DiskStorageFactory.DiskSubstitute, boolean)#1&quot; }"/>
        </annotation>
    </item>
    <item name='net.sf.ehcache.store.disk.DiskStorageFactory.DiskMarker'>
        <annotation name='com.intellij.inspections.tainted.annotation.equation.Equations'>
            <val val="{ &quot;DiskMarker := #DiskMarker(net.sf.ehcache.store.disk.DiskStorageFactory, long, int, net.sf.ehcache.Element)#1 &amp; #DiskMarker(net.sf.ehcache.store.disk.DiskStorageFactory, long, int, net.sf.ehcache.Element)#2 &amp; #DiskMarker(net.sf.ehcache.store.disk.DiskStorageFactory, long, int, java.lang.Object, long)#1 &amp; #DiskMarker(net.sf.ehcache.store.disk.DiskStorageFactory, long, int, java.lang.Object, long)#2 &amp; #DiskMarker(net.sf.ehcache.store.disk.DiskStorageFactory, long, int, java.lang.Object, long)#3 &amp; #DiskMarker(net.sf.ehcache.store.disk.DiskStorageFactory, long, int, java.lang.Object, long)#4&quot; }"/>
        </annotation>
    </item>
    <item name='net.sf.ehcache.store.disk.DiskStorageFactory.DiskMarker DiskMarker(net.sf.ehcache.store.disk.DiskStorageFactory, long, int, java.lang.Object, long)'>
        <annotation name='com.intellij.inspections.tainted.annotation.equation.Equations'>
            <val val="{ &quot;DiskMarker := DiskStorageFactory.DiskMarker&quot; }"/>
        </annotation>
    </item>
    <item name='net.sf.ehcache.store.disk.DiskStorageFactory.DiskMarker DiskMarker(net.sf.ehcache.store.disk.DiskStorageFactory, long, int, net.sf.ehcache.Element)'>
        <annotation name='com.intellij.inspections.tainted.annotation.equation.Equations'>
            <val val="{ &quot;size := DiskStorageFactory#createMarker(long, int, net.sf.ehcache.Element)#1&quot;, &quot;factory := DiskStorageFactory&quot;, &quot;DiskMarker := DiskStorageFactory.DiskMarker&quot;, &quot;element := DiskStorageFactory#createMarker(long, int, net.sf.ehcache.Element)#2&quot;, &quot;position := DiskStorageFactory#createMarker(long, int, net.sf.ehcache.Element)#0&quot; }"/>
        </annotation>
    </item>
    <item name='net.sf.ehcache.store.disk.DiskStorageFactory.DiskMarker int getSize()'>
        <annotation name='com.intellij.inspections.tainted.annotation.equation.Equations'>
            <val val="{ &quot;getSize := DiskStorageFactory.DiskMarker&quot; }"/>
        </annotation>
    </item>
    <item name='net.sf.ehcache.store.disk.DiskStorageFactory.DiskMarker java.lang.Object getKey()'>
        <annotation name='com.intellij.inspections.tainted.annotation.equation.Equations'>
            <val val="{ &quot;getKey := DiskStorageFactory.DiskMarker&quot; }"/>
        </annotation>
    </item>
    <item name='net.sf.ehcache.store.disk.DiskStorageFactory.DiskMarker long getExpirationTime()'>
        <annotation name='com.intellij.inspections.tainted.annotation.equation.Equations'>
            <val val="{ &quot;getExpirationTime := DiskStorageFactory.DiskMarker&quot; }"/>
        </annotation>
    </item>
    <item name='net.sf.ehcache.store.disk.DiskStorageFactory.DiskMarker long getHitCount()'>
        <annotation name='com.intellij.inspections.tainted.annotation.equation.Equations'>
            <val val="{ &quot;getHitCount := DiskStorageFactory.DiskMarker&quot; }"/>
        </annotation>
    </item>
    <item name='net.sf.ehcache.store.disk.DiskStorageFactory.DiskMarker long getPosition()'>
        <annotation name='com.intellij.inspections.tainted.annotation.equation.Equations'>
            <val val="{ &quot;getPosition := DiskStorageFactory.DiskMarker&quot; }"/>
        </annotation>
    </item>
    <item name='net.sf.ehcache.store.disk.DiskStorageFactory.DiskMarker void hit(net.sf.ehcache.Element)'>
        <annotation name='com.intellij.inspections.tainted.annotation.equation.Equations'>
            <val val="{ &quot;e := &quot; }"/>
        </annotation>
    </item>
    <item name='net.sf.ehcache.store.disk.DiskStorageFactory.DiskMarker void updateStats(net.sf.ehcache.Element)'>
        <annotation name='com.intellij.inspections.tainted.annotation.equation.Equations'>
            <val val="{ &quot;e := Segment#flush(java.lang.Object, int, net.sf.ehcache.Element)#2&quot; }"/>
        </annotation>
    </item>
    <item name='net.sf.ehcache.store.disk.DiskStorageFactory.DiskSubstitute'>
        <annotation name='com.intellij.inspections.tainted.annotation.equation.Equations'>
            <val val="{ &quot;DiskSubstitute := #DiskSubstitute(net.sf.ehcache.store.disk.DiskStorageFactory)#0 &amp; #bindFactory(net.sf.ehcache.store.disk.DiskStorageFactory)#0&quot; }"/>
        </annotation>
    </item>
    <item name='net.sf.ehcache.store.disk.DiskStorageFactory.DiskSubstitute DiskSubstitute()'>
        <annotation name='com.intellij.inspections.tainted.annotation.equation.Equations'>
            <val val="{ &quot;DiskSubstitute := DiskStorageFactory.DiskSubstitute&quot; }"/>
        </annotation>
    </item>
    <item name='net.sf.ehcache.store.disk.DiskStorageFactory.DiskSubstitute DiskSubstitute(net.sf.ehcache.store.disk.DiskStorageFactory)'>
        <annotation name='com.intellij.inspections.tainted.annotation.equation.Equations'>
            <val val="{ &quot;factory := DiskStorageFactory.Placeholder &amp; DiskStorageFactory.DiskMarker#DiskMarker(net.sf.ehcache.store.disk.DiskStorageFactory, long, int, net.sf.ehcache.Element)#0 &amp; DiskStorageFactory.DiskMarker#DiskMarker(net.sf.ehcache.store.disk.DiskStorageFactory, long, int, java.lang.Object, long)#0&quot;, &quot;DiskSubstitute := DiskStorageFactory.DiskSubstitute&quot; }"/>
        </annotation>
    </item>
    <item name='net.sf.ehcache.store.disk.DiskStorageFactory.DiskSubstitute java.lang.Object getKey()'>
        <annotation name='com.intellij.inspections.tainted.annotation.equation.Equations'>
            <val val="{ &quot;getKey := DiskStorageFactory.Placeholder#getKey() &amp; DiskStorageFactory.DiskMarker#getKey()&quot; }"/>
        </annotation>
    </item>
    <item name='net.sf.ehcache.store.disk.DiskStorageFactory.DiskSubstitute long getExpirationTime()'>
        <annotation name='com.intellij.inspections.tainted.annotation.equation.Equations'>
            <val val="{ &quot;getExpirationTime := DiskStorageFactory.Placeholder#getExpirationTime() &amp; DiskStorageFactory.DiskMarker#getExpirationTime()&quot; }"/>
        </annotation>
    </item>
    <item name='net.sf.ehcache.store.disk.DiskStorageFactory.DiskSubstitute long getHitCount()'>
        <annotation name='com.intellij.inspections.tainted.annotation.equation.Equations'>
            <val val="{ &quot;getHitCount := DiskStorageFactory.Placeholder#getHitCount() &amp; DiskStorageFactory.DiskMarker#getHitCount()&quot; }"/>
        </annotation>
    </item>
    <item name='net.sf.ehcache.store.disk.DiskStorageFactory.DiskSubstitute net.sf.ehcache.store.disk.DiskStorageFactory getFactory()'>
        <annotation name='com.intellij.inspections.tainted.annotation.equation.Equations'>
            <val val="{ &quot;getFactory := DiskStorageFactory.DiskSubstitute&quot; }"/>
        </annotation>
    </item>
    <item name='net.sf.ehcache.store.disk.DiskStorageFactory.DiskSubstitute void bindFactory(net.sf.ehcache.store.disk.DiskStorageFactory)'>
        <annotation name='com.intellij.inspections.tainted.annotation.equation.Equations'>
            <val val="{ &quot;factory := DiskStorageFactory&quot; }"/>
        </annotation>
    </item>
    <item name='net.sf.ehcache.store.disk.DiskStorageFactory.DiskWriteTask'>
        <annotation name='com.intellij.inspections.tainted.annotation.equation.Equations'>
            <val val="{ &quot;DiskWriteTask := #DiskWriteTask(net.sf.ehcache.store.disk.DiskStorageFactory.Placeholder)#0&quot; }"/>
        </annotation>
    </item>
    <item name='net.sf.ehcache.store.disk.DiskStorageFactory.DiskWriteTask DiskWriteTask(net.sf.ehcache.store.disk.DiskStorageFactory.Placeholder)'>
        <annotation name='com.intellij.inspections.tainted.annotation.equation.Equations'>
            <val val="{ &quot;DiskWriteTask := DiskStorageFactory.DiskWriteTask&quot;, &quot;p := DiskStorageFactory.PersistentDiskWriteTask#PersistentDiskWriteTask(net.sf.ehcache.store.disk.DiskStorageFactory.Placeholder)#0&quot; }"/>
        </annotation>
    </item>
    <item name='net.sf.ehcache.store.disk.DiskStorageFactory.DiskWriteTask net.sf.ehcache.store.disk.DiskStorageFactory.DiskMarker call()'>
        <annotation name='com.intellij.inspections.tainted.annotation.equation.Equations'>
            <val val="{ &quot;call := DiskStorageFactory.PersistentDiskWriteTask#call()&quot; }"/>
        </annotation>
    </item>
    <item name='net.sf.ehcache.store.disk.DiskStorageFactory.DiskWriteTask net.sf.ehcache.store.disk.DiskStorageFactory.Placeholder getPlaceholder()'>
        <annotation name='com.intellij.inspections.tainted.annotation.equation.Equations'>
            <val val="{ &quot;getPlaceholder := DiskStorageFactory.DiskWriteTask&quot; }"/>
        </annotation>
    </item>
    <item name='net.sf.ehcache.store.disk.DiskStorageFactory.IndexWriteTask'>
        <annotation name='com.intellij.inspections.tainted.annotation.equation.Equations'>
            <val val="{ &quot;IndexWriteTask := #IndexWriteTask(java.io.File, boolean)#0 &amp; #IndexWriteTask(java.io.File, boolean)#1&quot; }"/>
        </annotation>
    </item>
    <item name='net.sf.ehcache.store.disk.DiskStorageFactory.IndexWriteTask IndexWriteTask(java.io.File, boolean)'>
        <annotation name='com.intellij.inspections.tainted.annotation.equation.Equations'>
            <val val="{ &quot;IndexWriteTask := DiskStorageFactory.IndexWriteTask&quot;, &quot;index := DiskStorageFactory&quot;, &quot;clear := &quot; }"/>
        </annotation>
    </item>
    <item name='net.sf.ehcache.store.disk.DiskStorageFactory.OnDiskFilter boolean allows(java.lang.Object)'>
        <annotation name='com.intellij.inspections.tainted.annotation.equation.Equations'>
            <val val="{ &quot;object := ElementSubstituteFilter#allows(java.lang.Object)#0&quot; }"/>
        </annotation>
    </item>
    <item name='net.sf.ehcache.store.disk.DiskStorageFactory.PersistentDiskWriteTask PersistentDiskWriteTask(net.sf.ehcache.store.disk.DiskStorageFactory.Placeholder)'>
        <annotation name='com.intellij.inspections.tainted.annotation.equation.Equations'>
            <val val="{ &quot;PersistentDiskWriteTask := DiskStorageFactory.PersistentDiskWriteTask&quot;, &quot;p := DiskStorageFactory.Placeholder&quot; }"/>
        </annotation>
    </item>
    <item name='net.sf.ehcache.store.disk.DiskStorageFactory.PersistentDiskWriteTask net.sf.ehcache.store.disk.DiskStorageFactory.DiskMarker call()'>
        <annotation name='com.intellij.inspections.tainted.annotation.equation.Equations'>
            <val val="{ &quot;call := &quot; }"/>
        </annotation>
    </item>
    <item name='net.sf.ehcache.store.disk.DiskStorageFactory.Placeholder'>
        <annotation name='com.intellij.inspections.tainted.annotation.equation.Equations'>
            <val val="{ &quot;Placeholder := #Placeholder(net.sf.ehcache.Element)#0 &amp; #setFailedToFlush(boolean)#0&quot; }"/>
        </annotation>
    </item>
    <item name='net.sf.ehcache.store.disk.DiskStorageFactory.Placeholder Placeholder(net.sf.ehcache.Element)'>
        <annotation name='com.intellij.inspections.tainted.annotation.equation.Equations'>
            <val val="{ &quot;element := DiskStorageFactory#create(net.sf.ehcache.Element)#0&quot;, &quot;Placeholder := DiskStorageFactory.Placeholder&quot; }"/>
        </annotation>
    </item>
    <item name='net.sf.ehcache.store.disk.DiskStorageFactory.Placeholder boolean hasFailedToFlush()'>
        <annotation name='com.intellij.inspections.tainted.annotation.equation.Equations'>
            <val val="{ &quot;hasFailedToFlush := DiskStorageFactory.Placeholder&quot; }"/>
        </annotation>
    </item>
    <item name='net.sf.ehcache.store.disk.DiskStorageFactory.Placeholder java.lang.Object getKey()'>
        <annotation name='com.intellij.inspections.tainted.annotation.equation.Equations'>
            <val val="{ &quot;getKey := DiskStorageFactory.Placeholder&quot; }"/>
        </annotation>
    </item>
    <item name='net.sf.ehcache.store.disk.DiskStorageFactory.Placeholder long getExpirationTime()'>
        <annotation name='com.intellij.inspections.tainted.annotation.equation.Equations'>
            <val val="{ &quot;getExpirationTime := &quot; }"/>
        </annotation>
    </item>
    <item name='net.sf.ehcache.store.disk.DiskStorageFactory.Placeholder long getHitCount()'>
        <annotation name='com.intellij.inspections.tainted.annotation.equation.Equations'>
            <val val="{ &quot;getHitCount := &quot; }"/>
        </annotation>
    </item>
    <item name='net.sf.ehcache.store.disk.DiskStorageFactory.Placeholder net.sf.ehcache.Element getElement()'>
        <annotation name='com.intellij.inspections.tainted.annotation.equation.Equations'>
            <val val="{ &quot;getElement := DiskStorageFactory.Placeholder&quot; }"/>
        </annotation>
    </item>
    <item name='net.sf.ehcache.store.disk.DiskStore'>
        <annotation name='com.intellij.inspections.tainted.annotation.equation.Equations'>
            <val val="{ &quot;DiskStore := #DiskStore(net.sf.ehcache.store.disk.DiskStorageFactory, net.sf.ehcache.Ehcache, net.sf.ehcache.pool.Pool, net.sf.ehcache.pool.Pool)#0&quot; }"/>
        </annotation>
    </item>
    <item name='net.sf.ehcache.store.disk.DiskStore DiskStore(net.sf.ehcache.store.disk.DiskStorageFactory, net.sf.ehcache.Ehcache, net.sf.ehcache.pool.Pool, net.sf.ehcache.pool.Pool)'>
        <annotation name='com.intellij.inspections.tainted.annotation.equation.Equations'>
            <val val="{ &quot;disk := &quot;, &quot;onHeapPool := #create(net.sf.ehcache.Ehcache, net.sf.ehcache.pool.Pool, net.sf.ehcache.pool.Pool)#1&quot;, &quot;onDiskPool := #create(net.sf.ehcache.Ehcache, net.sf.ehcache.pool.Pool, net.sf.ehcache.pool.Pool)#2&quot;, &quot;cache := #create(net.sf.ehcache.Ehcache, net.sf.ehcache.pool.Pool, net.sf.ehcache.pool.Pool)#0&quot;, &quot;DiskStore := DiskStore&quot; }"/>
        </annotation>
    </item>
    <item name='net.sf.ehcache.store.disk.DiskStore boolean bufferFull()'>
        <annotation name='com.intellij.inspections.tainted.annotation.equation.Equations'>
            <val val="{ &quot;bufferFull := &quot; }"/>
        </annotation>
    </item>
    <item name='net.sf.ehcache.store.disk.DiskStore boolean containsKey(java.lang.Object)'>
        <annotation name='com.intellij.inspections.tainted.annotation.equation.Equations'>
            <val val="{ &quot;key := #containsKeyOnDisk(java.lang.Object)#0 &amp; net.sf.ehcache.store.Store#containsKey(java.lang.Object)#0 &amp; DiskStore.KeySet#contains(java.lang.Object)#0&quot;, &quot;containsKey := &quot; }"/>
        </annotation>
    </item>
    <item name='net.sf.ehcache.store.disk.DiskStore boolean containsKeyInMemory(java.lang.Object)'>
        <annotation name='com.intellij.inspections.tainted.annotation.equation.Equations'>
            <val val="{ &quot;key := net.sf.ehcache.store.Store#containsKeyInMemory(java.lang.Object)#0&quot; }"/>
        </annotation>
    </item>
    <item name='net.sf.ehcache.store.disk.DiskStore boolean containsKeyOffHeap(java.lang.Object)'>
        <annotation name='com.intellij.inspections.tainted.annotation.equation.Equations'>
            <val val="{ &quot;key := net.sf.ehcache.store.Store#containsKeyOffHeap(java.lang.Object)#0&quot; }"/>
        </annotation>
    </item>
    <item name='net.sf.ehcache.store.disk.DiskStore boolean containsKeyOnDisk(java.lang.Object)'>
        <annotation name='com.intellij.inspections.tainted.annotation.equation.Equations'>
            <val val="{ &quot;key := net.sf.ehcache.store.Store#containsKeyOnDisk(java.lang.Object)#0&quot;, &quot;containsKeyOnDisk := &quot; }"/>
        </annotation>
    </item>
    <item name='net.sf.ehcache.store.disk.DiskStore boolean evict(java.lang.Object, net.sf.ehcache.store.disk.DiskStorageFactory.DiskSubstitute)'>
        <annotation name='com.intellij.inspections.tainted.annotation.equation.Equations'>
            <val val="{ &quot;evict := &quot;, &quot;key := &quot;, &quot;substitute := DiskStorageFactory.DiskWriteTask &amp; DiskStorageFactory.DiskExpiryTask#checkExpiry(net.sf.ehcache.store.disk.DiskStorageFactory.DiskMarker, long)#0&quot; }"/>
        </annotation>
    </item>
    <item name='net.sf.ehcache.store.disk.DiskStore boolean fault(java.lang.Object, net.sf.ehcache.store.disk.DiskStorageFactory.Placeholder, net.sf.ehcache.store.disk.DiskStorageFactory.DiskMarker)'>
        <annotation name='com.intellij.inspections.tainted.annotation.equation.Equations'>
            <val val="{ &quot;fault := &quot;, &quot;fault := &quot;, &quot;expect := DiskStorageFactory.DiskWriteTask&quot;, &quot;key := &quot; }"/>
        </annotation>
    </item>
    <item name='net.sf.ehcache.store.disk.DiskStore boolean flush(net.sf.ehcache.Element)'>
        <annotation name='com.intellij.inspections.tainted.annotation.equation.Equations'>
            <val val="{ &quot;flush := &quot;, &quot;element := net.sf.ehcache.store.AuthoritativeTier#flush(net.sf.ehcache.Element)#0&quot; }"/>
        </annotation>
    </item>
    <item name='net.sf.ehcache.store.disk.DiskStore boolean isFaulted(java.lang.Object)'>
        <annotation name='com.intellij.inspections.tainted.annotation.equation.Equations'>
            <val val="{ &quot;isFaulted := &quot; }"/>
        </annotation>
    </item>
    <item name='net.sf.ehcache.store.disk.DiskStore boolean put(net.sf.ehcache.Element)'>
        <annotation name='com.intellij.inspections.tainted.annotation.equation.Equations'>
            <val val="{ &quot;element := net.sf.ehcache.store.Store#put(net.sf.ehcache.Element)#0 &amp; #putWithWriter(net.sf.ehcache.Element, net.sf.ehcache.writer.CacheWriterManager)#0&quot; }"/>
        </annotation>
    </item>
    <item name='net.sf.ehcache.store.disk.DiskStore boolean putFaulted(net.sf.ehcache.Element)'>
        <annotation name='com.intellij.inspections.tainted.annotation.equation.Equations'>
            <val val="{ &quot;element := net.sf.ehcache.store.AuthoritativeTier#putFaulted(net.sf.ehcache.Element)#0&quot; }"/>
        </annotation>
    </item>
    <item name='net.sf.ehcache.store.disk.DiskStore boolean putRawIfAbsent(java.lang.Object, net.sf.ehcache.store.disk.DiskStorageFactory.DiskMarker)'>
        <annotation name='com.intellij.inspections.tainted.annotation.equation.Equations'>
            <val val="{ &quot;encoded := &quot;, &quot;putRawIfAbsent := &quot;, &quot;key := &quot; }"/>
        </annotation>
    </item>
    <item name='net.sf.ehcache.store.disk.DiskStore boolean putWithWriter(net.sf.ehcache.Element, net.sf.ehcache.writer.CacheWriterManager)'>
        <annotation name='com.intellij.inspections.tainted.annotation.equation.Equations'>
            <val val="{ &quot;writerManager := net.sf.ehcache.store.Store#putWithWriter(net.sf.ehcache.Element, net.sf.ehcache.writer.CacheWriterManager)#1&quot;, &quot;putWithWriter := &quot;, &quot;element := net.sf.ehcache.store.Store#putWithWriter(net.sf.ehcache.Element, net.sf.ehcache.writer.CacheWriterManager)#0&quot; }"/>
        </annotation>
    </item>
    <item name='net.sf.ehcache.store.disk.DiskStore boolean replace(net.sf.ehcache.Element, net.sf.ehcache.Element, net.sf.ehcache.store.ElementValueComparator)'>
        <annotation name='com.intellij.inspections.tainted.annotation.equation.Equations'>
            <val val="{ &quot;element := net.sf.ehcache.store.Store#replace(net.sf.ehcache.Element, net.sf.ehcache.Element, net.sf.ehcache.store.ElementValueComparator)#1&quot;, &quot;old := net.sf.ehcache.store.Store#replace(net.sf.ehcache.Element, net.sf.ehcache.Element, net.sf.ehcache.store.ElementValueComparator)#0&quot;, &quot;replace := &quot;, &quot;comparator := net.sf.ehcache.store.Store#replace(net.sf.ehcache.Element, net.sf.ehcache.Element, net.sf.ehcache.store.ElementValueComparator)#2&quot; }"/>
        </annotation>
    </item>
    <item name='net.sf.ehcache.store.disk.DiskStore int getOnDiskSize()'>
        <annotation name='com.intellij.inspections.tainted.annotation.equation.Equations'>
            <val val="{ &quot;getOnDiskSize := &quot; }"/>
        </annotation>
    </item>
    <item name='net.sf.ehcache.store.disk.DiskStore int getSize()'>
        <annotation name='com.intellij.inspections.tainted.annotation.equation.Equations'>
            <val val="{ &quot;getSize := java.lang.Integer#MAX_VALUE&quot; }"/>
        </annotation>
    </item>
    <item name='net.sf.ehcache.store.disk.DiskStore int hash(int)'>
        <annotation name='com.intellij.inspections.tainted.annotation.equation.Equations'>
            <val val="{ &quot;hash := hash &amp; #FIFTEEN &amp; #FFFFCD7D &amp; #TEN &amp; #THREE &amp; #SIX &amp; #FOURTEEN &amp; #SIXTEEN&quot;, &quot;hash := &quot; }"/>
        </annotation>
    </item>
    <item name='net.sf.ehcache.store.disk.DiskStore java.io.File getDataFile()'>
        <annotation name='com.intellij.inspections.tainted.annotation.equation.Equations'>
            <val val="{ &quot;getDataFile := &quot; }"/>
        </annotation>
    </item>
    <item name='net.sf.ehcache.store.disk.DiskStore java.io.File getIndexFile()'>
        <annotation name='com.intellij.inspections.tainted.annotation.equation.Equations'>
            <val val="{ &quot;getIndexFile := &quot; }"/>
        </annotation>
    </item>
    <item name='net.sf.ehcache.store.disk.DiskStore java.lang.Object getInternalContext()'>
        <annotation name='com.intellij.inspections.tainted.annotation.equation.Equations'>
            <val val="{ &quot;getInternalContext := DiskStore&quot; }"/>
        </annotation>
    </item>
    <item name='net.sf.ehcache.store.disk.DiskStore java.lang.Object unretrievedGet(java.lang.Object)'>
        <annotation name='com.intellij.inspections.tainted.annotation.equation.Equations'>
            <val val="{ &quot;unretrievedGet := &quot; }"/>
        </annotation>
    </item>
    <item name='net.sf.ehcache.store.disk.DiskStore java.util.List getKeys()'>
        <annotation name='com.intellij.inspections.tainted.annotation.equation.Equations'>
            <val val="{ &quot;getKeys := &quot; }"/>
        </annotation>
    </item>
    <item name='net.sf.ehcache.store.disk.DiskStore java.util.List&lt;net.sf.ehcache.store.disk.DiskStorageFactory.DiskSubstitute&gt; getRandomSample(net.sf.ehcache.store.disk.ElementSubstituteFilter, int, java.lang.Object)'>
        <annotation name='com.intellij.inspections.tainted.annotation.equation.Equations'>
            <val val="{ &quot;factory := DiskStorageFactory&quot;, &quot;keyHint := DiskStorageFactory#getDiskEvictionTarget(java.lang.Object, int)#0&quot;, &quot;getRandomSample := &quot;, &quot;sampleSize := &quot; }"/>
        </annotation>
    </item>
    <item name='net.sf.ehcache.store.disk.DiskStore java.util.Set&lt;java.lang.Object&gt; keySet()'>
        <annotation name='com.intellij.inspections.tainted.annotation.equation.Equations'>
            <val val="{ &quot;keySet := DiskStore&quot; }"/>
        </annotation>
    </item>
    <item name='net.sf.ehcache.store.disk.DiskStore long getInMemorySizeInBytes()'>
        <annotation name='com.intellij.inspections.tainted.annotation.equation.Equations'>
            <val val="{ &quot;getInMemorySizeInBytes := &quot; }"/>
        </annotation>
    </item>
    <item name='net.sf.ehcache.store.disk.DiskStore long getOnDiskSizeInBytes()'>
        <annotation name='com.intellij.inspections.tainted.annotation.equation.Equations'>
            <val val="{ &quot;getOnDiskSizeInBytes := &quot; }"/>
        </annotation>
    </item>
    <item name='net.sf.ehcache.store.disk.DiskStore long lockedSize(net.sf.ehcache.store.disk.Segment[])'>
        <annotation name='com.intellij.inspections.tainted.annotation.equation.Equations'>
            <val val="{ &quot;segs := DiskStore&quot; }"/>
        </annotation>
    </item>
    <item name='net.sf.ehcache.store.disk.DiskStore long volatileSize(net.sf.ehcache.store.disk.Segment[])'>
        <annotation name='com.intellij.inspections.tainted.annotation.equation.Equations'>
            <val val="{ &quot;segs := DiskStore&quot; }"/>
        </annotation>
    </item>
    <item name='net.sf.ehcache.store.disk.DiskStore net.sf.ehcache.Element evictElement(java.lang.Object, net.sf.ehcache.store.disk.DiskStorageFactory.DiskSubstitute)'>
        <annotation name='com.intellij.inspections.tainted.annotation.equation.Equations'>
            <val val="{ &quot;key := #evict(java.lang.Object, net.sf.ehcache.store.disk.DiskStorageFactory.DiskSubstitute)#0&quot;, &quot;evictElement := &quot;, &quot;substitute := #evict(java.lang.Object, net.sf.ehcache.store.disk.DiskStorageFactory.DiskSubstitute)#1&quot; }"/>
        </annotation>
    </item>
    <item name='net.sf.ehcache.store.disk.DiskStore net.sf.ehcache.Element fault(java.lang.Object, boolean)'>
        <annotation name='com.intellij.inspections.tainted.annotation.equation.Equations'>
            <val val="{ &quot;key := net.sf.ehcache.store.AuthoritativeTier#fault(java.lang.Object, boolean)#0&quot;, &quot;fault := &quot;, &quot;updateStats := net.sf.ehcache.store.AuthoritativeTier#fault(java.lang.Object, boolean)#1&quot; }"/>
        </annotation>
    </item>
    <item name='net.sf.ehcache.store.disk.DiskStore net.sf.ehcache.Element get(java.lang.Object)'>
        <annotation name='com.intellij.inspections.tainted.annotation.equation.Equations'>
            <val val="{ &quot;key := net.sf.ehcache.store.Store#get(java.lang.Object)#0&quot;, &quot;get := &quot; }"/>
        </annotation>
    </item>
    <item name='net.sf.ehcache.store.disk.DiskStore net.sf.ehcache.Element getQuiet(java.lang.Object)'>
        <annotation name='com.intellij.inspections.tainted.annotation.equation.Equations'>
            <val val="{ &quot;getQuiet := &quot;, &quot;key := #get(java.lang.Object)#0 &amp; net.sf.ehcache.store.Store#getQuiet(java.lang.Object)#0&quot; }"/>
        </annotation>
    </item>
    <item name='net.sf.ehcache.store.disk.DiskStore net.sf.ehcache.Element putIfAbsent(net.sf.ehcache.Element)'>
        <annotation name='com.intellij.inspections.tainted.annotation.equation.Equations'>
            <val val="{ &quot;element := net.sf.ehcache.store.Store#putIfAbsent(net.sf.ehcache.Element)#0&quot;, &quot;putIfAbsent := &quot; }"/>
        </annotation>
    </item>
    <item name='net.sf.ehcache.store.disk.DiskStore net.sf.ehcache.Element remove(java.lang.Object)'>
        <annotation name='com.intellij.inspections.tainted.annotation.equation.Equations'>
            <val val="{ &quot;remove := &quot;, &quot;key := net.sf.ehcache.store.Store#remove(java.lang.Object)#0 &amp; #removeWithWriter(java.lang.Object, net.sf.ehcache.writer.CacheWriterManager)#0 &amp; DiskStore.KeySet#remove(java.lang.Object)#0&quot; }"/>
        </annotation>
    </item>
    <item name='net.sf.ehcache.store.disk.DiskStore net.sf.ehcache.Element removeElement(net.sf.ehcache.Element, net.sf.ehcache.store.ElementValueComparator)'>
        <annotation name='com.intellij.inspections.tainted.annotation.equation.Equations'>
            <val val="{ &quot;removeElement := &quot;, &quot;element := net.sf.ehcache.store.Store#removeElement(net.sf.ehcache.Element, net.sf.ehcache.store.ElementValueComparator)#0&quot;, &quot;comparator := net.sf.ehcache.store.Store#removeElement(net.sf.ehcache.Element, net.sf.ehcache.store.ElementValueComparator)#1&quot; }"/>
        </annotation>
    </item>
    <item name='net.sf.ehcache.store.disk.DiskStore net.sf.ehcache.Element removeWithWriter(java.lang.Object, net.sf.ehcache.writer.CacheWriterManager)'>
        <annotation name='com.intellij.inspections.tainted.annotation.equation.Equations'>
            <val val="{ &quot;removeWithWriter := &quot;, &quot;writerManager := net.sf.ehcache.store.Store#removeWithWriter(java.lang.Object, net.sf.ehcache.writer.CacheWriterManager)#1&quot;, &quot;key := net.sf.ehcache.store.Store#removeWithWriter(java.lang.Object, net.sf.ehcache.writer.CacheWriterManager)#0&quot; }"/>
        </annotation>
    </item>
    <item name='net.sf.ehcache.store.disk.DiskStore net.sf.ehcache.Element replace(net.sf.ehcache.Element)'>
        <annotation name='com.intellij.inspections.tainted.annotation.equation.Equations'>
            <val val="{ &quot;replace := &quot;, &quot;element := net.sf.ehcache.store.Store#replace(net.sf.ehcache.Element)#0&quot; }"/>
        </annotation>
    </item>
    <item name='net.sf.ehcache.store.disk.DiskStore net.sf.ehcache.Status getStatus()'>
        <annotation name='com.intellij.inspections.tainted.annotation.equation.Equations'>
            <val val="{ &quot;getStatus := &quot; }"/>
        </annotation>
    </item>
    <item name='net.sf.ehcache.store.disk.DiskStore net.sf.ehcache.concurrent.StripedReadWriteLock createStripedReadWriteLock()'>
        <annotation name='com.intellij.inspections.tainted.annotation.equation.Equations'>
            <val val="{ &quot;createStripedReadWriteLock := &quot; }"/>
        </annotation>
    </item>
    <item name='net.sf.ehcache.store.disk.DiskStore net.sf.ehcache.store.Store createCacheStore(net.sf.ehcache.Ehcache, net.sf.ehcache.pool.Pool, net.sf.ehcache.pool.Pool)'>
        <annotation name='com.intellij.inspections.tainted.annotation.equation.Equations'>
            <val val="{ &quot;onHeapPool := &quot;, &quot;onDiskPool := &quot;, &quot;cache := net.sf.ehcache.Cache&quot;, &quot;createCacheStore := &quot; }"/>
        </annotation>
    </item>
    <item name='net.sf.ehcache.store.disk.DiskStore net.sf.ehcache.store.disk.DiskStore create(net.sf.ehcache.Cache)'>
        <annotation name='com.intellij.inspections.tainted.annotation.equation.Equations'>
            <val val="{ &quot;cache := net.sf.ehcache.Cache&quot;, &quot;create := &quot; }"/>
        </annotation>
    </item>
    <item name='net.sf.ehcache.store.disk.DiskStore net.sf.ehcache.store.disk.DiskStore create(net.sf.ehcache.Ehcache, net.sf.ehcache.pool.Pool, net.sf.ehcache.pool.Pool)'>
        <annotation name='com.intellij.inspections.tainted.annotation.equation.Equations'>
            <val val="{ &quot;onHeapPool := #createCacheStore(net.sf.ehcache.Ehcache, net.sf.ehcache.pool.Pool, net.sf.ehcache.pool.Pool)#1&quot;, &quot;onDiskPool := #createCacheStore(net.sf.ehcache.Ehcache, net.sf.ehcache.pool.Pool, net.sf.ehcache.pool.Pool)#2&quot;, &quot;cache := #createCacheStore(net.sf.ehcache.Ehcache, net.sf.ehcache.pool.Pool, net.sf.ehcache.pool.Pool)#0 &amp; #create(net.sf.ehcache.Cache)#0&quot;, &quot;create := &quot; }"/>
        </annotation>
    </item>
    <item name='net.sf.ehcache.store.disk.DiskStore net.sf.ehcache.store.disk.Segment segmentFor(int)'>
        <annotation name='com.intellij.inspections.tainted.annotation.equation.Equations'>
            <val val="{ &quot;segmentFor := DiskStore&quot;, &quot;hash := &quot; }"/>
        </annotation>
    </item>
    <item name='net.sf.ehcache.store.disk.DiskStore void setInMemoryEvictionPolicy(net.sf.ehcache.store.Policy)'>
        <annotation name='com.intellij.inspections.tainted.annotation.equation.Equations'>
            <val val="{ &quot;policy := net.sf.ehcache.store.Store#setInMemoryEvictionPolicy(net.sf.ehcache.store.Policy)#0&quot; }"/>
        </annotation>
    </item>
    <item name='net.sf.ehcache.store.disk.DiskStore.CacheConfigurationListenerAdapter'>
        <annotation name='com.intellij.inspections.tainted.annotation.equation.Equations'>
            <val val="{ &quot;CacheConfigurationListenerAdapter := #CacheConfigurationListenerAdapter(net.sf.ehcache.store.disk.DiskStorageFactory, net.sf.ehcache.pool.Pool)#0 &amp; #CacheConfigurationListenerAdapter(net.sf.ehcache.store.disk.DiskStorageFactory, net.sf.ehcache.pool.Pool)#1&quot; }"/>
        </annotation>
    </item>
    <item name='net.sf.ehcache.store.disk.DiskStore.CacheConfigurationListenerAdapter CacheConfigurationListenerAdapter(net.sf.ehcache.store.disk.DiskStorageFactory, net.sf.ehcache.pool.Pool)'>
        <annotation name='com.intellij.inspections.tainted.annotation.equation.Equations'>
            <val val="{ &quot;CacheConfigurationListenerAdapter := DiskStore.CacheConfigurationListenerAdapter&quot;, &quot;disk := &quot;, &quot;diskPool := DiskStore#create(net.sf.ehcache.Ehcache, net.sf.ehcache.pool.Pool, net.sf.ehcache.pool.Pool)#2&quot; }"/>
        </annotation>
    </item>
    <item name='net.sf.ehcache.store.disk.DiskStore.CacheConfigurationListenerAdapter void deregistered(net.sf.ehcache.config.CacheConfiguration)'>
        <annotation name='com.intellij.inspections.tainted.annotation.equation.Equations'>
            <val val="{ &quot;config := net.sf.ehcache.config.CacheConfigurationListener#deregistered(net.sf.ehcache.config.CacheConfiguration)#0&quot; }"/>
        </annotation>
    </item>
    <item name='net.sf.ehcache.store.disk.DiskStore.CacheConfigurationListenerAdapter void diskCapacityChanged(int, int)'>
        <annotation name='com.intellij.inspections.tainted.annotation.equation.Equations'>
            <val val="{ &quot;newCapacity := net.sf.ehcache.config.CacheConfigurationListener#diskCapacityChanged(int, int)#1&quot;, &quot;oldCapacity := net.sf.ehcache.config.CacheConfigurationListener#diskCapacityChanged(int, int)#0&quot; }"/>
        </annotation>
    </item>
    <item name='net.sf.ehcache.store.disk.DiskStore.CacheConfigurationListenerAdapter void loggingChanged(boolean, boolean)'>
        <annotation name='com.intellij.inspections.tainted.annotation.equation.Equations'>
            <val val="{ &quot;newValue := net.sf.ehcache.config.CacheConfigurationListener#loggingChanged(boolean, boolean)#1&quot;, &quot;oldValue := net.sf.ehcache.config.CacheConfigurationListener#loggingChanged(boolean, boolean)#0&quot; }"/>
        </annotation>
    </item>
    <item name='net.sf.ehcache.store.disk.DiskStore.CacheConfigurationListenerAdapter void maxBytesLocalDiskChanged(long, long)'>
        <annotation name='com.intellij.inspections.tainted.annotation.equation.Equations'>
            <val val="{ &quot;oldValue := net.sf.ehcache.config.CacheConfigurationListener#maxBytesLocalDiskChanged(long, long)#0&quot;, &quot;newValue := net.sf.ehcache.config.CacheConfigurationListener#maxBytesLocalDiskChanged(long, long)#1&quot; }"/>
        </annotation>
    </item>
    <item name='net.sf.ehcache.store.disk.DiskStore.CacheConfigurationListenerAdapter void maxBytesLocalHeapChanged(long, long)'>
        <annotation name='com.intellij.inspections.tainted.annotation.equation.Equations'>
            <val val="{ &quot;newValue := net.sf.ehcache.config.CacheConfigurationListener#maxBytesLocalHeapChanged(long, long)#1&quot;, &quot;oldValue := net.sf.ehcache.config.CacheConfigurationListener#maxBytesLocalHeapChanged(long, long)#0&quot; }"/>
        </annotation>
    </item>
    <item name='net.sf.ehcache.store.disk.DiskStore.CacheConfigurationListenerAdapter void maxEntriesInCacheChanged(long, long)'>
        <annotation name='com.intellij.inspections.tainted.annotation.equation.Equations'>
            <val val="{ &quot;newValue := net.sf.ehcache.config.CacheConfigurationListener#maxEntriesInCacheChanged(long, long)#1&quot;, &quot;oldValue := net.sf.ehcache.config.CacheConfigurationListener#maxEntriesInCacheChanged(long, long)#0&quot; }"/>
        </annotation>
    </item>
    <item name='net.sf.ehcache.store.disk.DiskStore.CacheConfigurationListenerAdapter void memoryCapacityChanged(int, int)'>
        <annotation name='com.intellij.inspections.tainted.annotation.equation.Equations'>
            <val val="{ &quot;newCapacity := net.sf.ehcache.config.CacheConfigurationListener#memoryCapacityChanged(int, int)#1&quot;, &quot;oldCapacity := net.sf.ehcache.config.CacheConfigurationListener#memoryCapacityChanged(int, int)#0&quot; }"/>
        </annotation>
    </item>
    <item name='net.sf.ehcache.store.disk.DiskStore.CacheConfigurationListenerAdapter void registered(net.sf.ehcache.config.CacheConfiguration)'>
        <annotation name='com.intellij.inspections.tainted.annotation.equation.Equations'>
            <val val="{ &quot;config := net.sf.ehcache.config.CacheConfigurationListener#registered(net.sf.ehcache.config.CacheConfiguration)#0&quot; }"/>
        </annotation>
    </item>
    <item name='net.sf.ehcache.store.disk.DiskStore.CacheConfigurationListenerAdapter void timeToIdleChanged(long, long)'>
        <annotation name='com.intellij.inspections.tainted.annotation.equation.Equations'>
            <val val="{ &quot;oldTimeToIdle := net.sf.ehcache.config.CacheConfigurationListener#timeToIdleChanged(long, long)#0&quot;, &quot;newTimeToIdle := net.sf.ehcache.config.CacheConfigurationListener#timeToIdleChanged(long, long)#1&quot; }"/>
        </annotation>
    </item>
    <item name='net.sf.ehcache.store.disk.DiskStore.CacheConfigurationListenerAdapter void timeToLiveChanged(long, long)'>
        <annotation name='com.intellij.inspections.tainted.annotation.equation.Equations'>
            <val val="{ &quot;newTimeToLive := net.sf.ehcache.config.CacheConfigurationListener#timeToLiveChanged(long, long)#1&quot;, &quot;oldTimeToLive := net.sf.ehcache.config.CacheConfigurationListener#timeToLiveChanged(long, long)#0&quot; }"/>
        </annotation>
    </item>
    <item name='net.sf.ehcache.store.disk.DiskStore.DiskStoreDiskPoolParticipant DiskStoreDiskPoolParticipant(org.terracotta.statistics.derived.EventRateSimpleMovingAverage, org.terracotta.statistics.derived.EventRateSimpleMovingAverage)'>
        <annotation name='com.intellij.inspections.tainted.annotation.equation.Equations'>
            <val val="{ &quot;missRate := &quot;, &quot;hitRate := &quot;, &quot;DiskStoreDiskPoolParticipant := DiskStore.DiskStoreDiskPoolParticipant&quot; }"/>
        </annotation>
    </item>
    <item name='net.sf.ehcache.store.disk.DiskStore.DiskStoreDiskPoolParticipant long getApproximateCountSize()'>
        <annotation name='com.intellij.inspections.tainted.annotation.equation.Equations'>
            <val val="{ &quot;getApproximateCountSize := &quot; }"/>
        </annotation>
    </item>
    <item name='net.sf.ehcache.store.disk.DiskStore.DiskStoreHeapPoolParticipant DiskStoreHeapPoolParticipant(org.terracotta.statistics.derived.EventRateSimpleMovingAverage, org.terracotta.statistics.derived.EventRateSimpleMovingAverage)'>
        <annotation name='com.intellij.inspections.tainted.annotation.equation.Equations'>
            <val val="{ &quot;DiskStoreHeapPoolParticipant := DiskStore.DiskStoreHeapPoolParticipant&quot;, &quot;missRate := &quot;, &quot;hitRate := &quot; }"/>
        </annotation>
    </item>
    <item name='net.sf.ehcache.store.disk.DiskStore.DiskStoreHeapPoolParticipant long getApproximateCountSize()'>
        <annotation name='com.intellij.inspections.tainted.annotation.equation.Equations'>
            <val val="{ &quot;getApproximateCountSize := &quot; }"/>
        </annotation>
    </item>
    <item name='net.sf.ehcache.store.disk.DiskStore.DiskStorePoolParticipant'>
        <annotation name='com.intellij.inspections.tainted.annotation.equation.Equations'>
            <val val="{ &quot;DiskStorePoolParticipant := #DiskStorePoolParticipant(org.terracotta.statistics.derived.EventRateSimpleMovingAverage, org.terracotta.statistics.derived.EventRateSimpleMovingAverage)#0 &amp; #DiskStorePoolParticipant(org.terracotta.statistics.derived.EventRateSimpleMovingAverage, org.terracotta.statistics.derived.EventRateSimpleMovingAverage)#1&quot; }"/>
        </annotation>
    </item>
    <item name='net.sf.ehcache.store.disk.DiskStore.DiskStorePoolParticipant DiskStorePoolParticipant(org.terracotta.statistics.derived.EventRateSimpleMovingAverage, org.terracotta.statistics.derived.EventRateSimpleMovingAverage)'>
        <annotation name='com.intellij.inspections.tainted.annotation.equation.Equations'>
            <val val="{ &quot;missRate := DiskStore.DiskStoreHeapPoolParticipant#DiskStoreHeapPoolParticipant(org.terracotta.statistics.derived.EventRateSimpleMovingAverage, org.terracotta.statistics.derived.EventRateSimpleMovingAverage)#1 &amp; DiskStore.DiskStoreDiskPoolParticipant#DiskStoreDiskPoolParticipant(org.terracotta.statistics.derived.EventRateSimpleMovingAverage, org.terracotta.statistics.derived.EventRateSimpleMovingAverage)#1&quot;, &quot;DiskStorePoolParticipant := DiskStore.DiskStorePoolParticipant&quot;, &quot;hitRate := DiskStore.DiskStoreHeapPoolParticipant#DiskStoreHeapPoolParticipant(org.terracotta.statistics.derived.EventRateSimpleMovingAverage, org.terracotta.statistics.derived.EventRateSimpleMovingAverage)#0 &amp; DiskStore.DiskStoreDiskPoolParticipant#DiskStoreDiskPoolParticipant(org.terracotta.statistics.derived.EventRateSimpleMovingAverage, org.terracotta.statistics.derived.EventRateSimpleMovingAverage)#0&quot; }"/>
        </annotation>
    </item>
    <item name='net.sf.ehcache.store.disk.DiskStore.DiskStorePoolParticipant boolean evict(int, long)'>
        <annotation name='com.intellij.inspections.tainted.annotation.equation.Equations'>
            <val val="{ &quot;size := net.sf.ehcache.pool.PoolParticipant#evict(int, long)#1&quot;, &quot;count := net.sf.ehcache.pool.PoolParticipant#evict(int, long)#0&quot;, &quot;evict := count&quot; }"/>
        </annotation>
    </item>
    <item name='net.sf.ehcache.store.disk.DiskStore.DiskStorePoolParticipant float getApproximateHitRate()'>
        <annotation name='com.intellij.inspections.tainted.annotation.equation.Equations'>
            <val val="{ &quot;getApproximateHitRate := &quot; }"/>
        </annotation>
    </item>
    <item name='net.sf.ehcache.store.disk.DiskStore.DiskStorePoolParticipant float getApproximateMissRate()'>
        <annotation name='com.intellij.inspections.tainted.annotation.equation.Equations'>
            <val val="{ &quot;getApproximateMissRate := &quot; }"/>
        </annotation>
    </item>
    <item name='net.sf.ehcache.store.disk.DiskStore.DiskStoreStripedReadWriteLock'>
        <annotation name='com.intellij.inspections.tainted.annotation.equation.Equations'>
            <val val="{ &quot;DiskStoreStripedReadWriteLock := &quot; }"/>
        </annotation>
    </item>
    <item name='net.sf.ehcache.store.disk.DiskStore.DiskStoreStripedReadWriteLock DiskStoreStripedReadWriteLock()'>
        <annotation name='com.intellij.inspections.tainted.annotation.equation.Equations'>
            <val val="{ &quot;DiskStoreStripedReadWriteLock := DiskStore.DiskStoreStripedReadWriteLock&quot; }"/>
        </annotation>
    </item>
    <item name='net.sf.ehcache.store.disk.DiskStore.DiskStoreStripedReadWriteLock int indexFor(java.lang.Object)'>
        <annotation name='com.intellij.inspections.tainted.annotation.equation.Equations'>
            <val val="{ &quot;indexFor := DiskStore.DiskStoreStripedReadWriteLock&quot; }"/>
        </annotation>
    </item>
    <item name='net.sf.ehcache.store.disk.DiskStore.DiskStoreStripedReadWriteLock java.util.List&lt;net.sf.ehcache.concurrent.ReadWriteLockSync&gt; getAllSyncs()'>
        <annotation name='com.intellij.inspections.tainted.annotation.equation.Equations'>
            <val val="{ &quot;getAllSyncs := &quot; }"/>
        </annotation>
    </item>
    <item name='net.sf.ehcache.store.disk.DiskStore.DiskStoreStripedReadWriteLock java.util.concurrent.locks.ReadWriteLock getLockForKey(java.lang.Object)'>
        <annotation name='com.intellij.inspections.tainted.annotation.equation.Equations'>
            <val val="{ &quot;getLockForKey := &quot;, &quot;key := net.sf.ehcache.concurrent.StripedReadWriteLock#getLockForKey(java.lang.Object)#0&quot; }"/>
        </annotation>
    </item>
    <item name='net.sf.ehcache.store.disk.DiskStore.DiskStoreStripedReadWriteLock net.sf.ehcache.concurrent.ReadWriteLockSync getSyncForKey(java.lang.Object)'>
        <annotation name='com.intellij.inspections.tainted.annotation.equation.Equations'>
            <val val="{ &quot;key := net.sf.ehcache.concurrent.CacheLockProvider#getSyncForKey(java.lang.Object)#0&quot;, &quot;getSyncForKey := DiskStore.DiskStoreStripedReadWriteLock&quot; }"/>
        </annotation>
    </item>
    <item name='net.sf.ehcache.store.disk.DiskStore.HashIterator'>
        <annotation name='com.intellij.inspections.tainted.annotation.equation.Equations'>
            <val val="{ &quot;HashIterator := HashIterator&quot; }"/>
        </annotation>
    </item>
    <item name='net.sf.ehcache.store.disk.DiskStore.HashIterator HashIterator()'>
        <annotation name='com.intellij.inspections.tainted.annotation.equation.Equations'>
            <val val="{ &quot;HashIterator := DiskStore.HashIterator&quot; }"/>
        </annotation>
    </item>
    <item name='net.sf.ehcache.store.disk.DiskStore.HashIterator net.sf.ehcache.store.disk.HashEntry nextEntry()'>
        <annotation name='com.intellij.inspections.tainted.annotation.equation.Equations'>
            <val val="{ &quot;nextEntry := &quot; }"/>
        </annotation>
    </item>
    <item name='net.sf.ehcache.store.disk.DiskStore.KeySet T[] toArray(T[])'>
        <annotation name='com.intellij.inspections.tainted.annotation.equation.Equations'>
            <val val="{ &quot;toArray := &quot;, &quot;a := java.util.Set#toArray(java.lang.Object[])#0&quot; }"/>
        </annotation>
    </item>
    <item name='net.sf.ehcache.store.disk.DiskStore.KeySet boolean contains(java.lang.Object)'>
        <annotation name='com.intellij.inspections.tainted.annotation.equation.Equations'>
            <val val="{ &quot;o := java.util.Set#contains(java.lang.Object)#0&quot;, &quot;contains := &quot; }"/>
        </annotation>
    </item>
    <item name='net.sf.ehcache.store.disk.DiskStore.KeySet boolean remove(java.lang.Object)'>
        <annotation name='com.intellij.inspections.tainted.annotation.equation.Equations'>
            <val val="{ &quot;remove := &quot;, &quot;o := java.util.Set#remove(java.lang.Object)#0&quot; }"/>
        </annotation>
    </item>
    <item name='net.sf.ehcache.store.disk.DiskStore.KeySet int size()'>
        <annotation name='com.intellij.inspections.tainted.annotation.equation.Equations'>
            <val val="{ &quot;size := &quot; }"/>
        </annotation>
    </item>
    <item name='net.sf.ehcache.store.disk.DiskStore.KeySet java.lang.Object[] toArray()'>
        <annotation name='com.intellij.inspections.tainted.annotation.equation.Equations'>
            <val val="{ &quot;toArray := &quot; }"/>
        </annotation>
    </item>
    <item name='net.sf.ehcache.store.disk.DiskStore.LockProvider net.sf.ehcache.concurrent.Sync getSyncForKey(java.lang.Object)'>
        <annotation name='com.intellij.inspections.tainted.annotation.equation.Equations'>
            <val val="{ &quot;key := net.sf.ehcache.concurrent.CacheLockProvider#getSyncForKey(java.lang.Object)#0&quot;, &quot;getSyncForKey := &quot; }"/>
        </annotation>
    </item>
    <item name='net.sf.ehcache.store.disk.DiskStore.ReadWriteLockSync'>
        <annotation name='com.intellij.inspections.tainted.annotation.equation.Equations'>
            <val val="{ &quot;ReadWriteLockSync := #ReadWriteLockSync(java.util.concurrent.locks.ReentrantReadWriteLock)#0&quot; }"/>
        </annotation>
    </item>
    <item name='net.sf.ehcache.store.disk.DiskStore.ReadWriteLockSync ReadWriteLockSync(java.util.concurrent.locks.ReentrantReadWriteLock)'>
        <annotation name='com.intellij.inspections.tainted.annotation.equation.Equations'>
            <val val="{ &quot;ReadWriteLockSync := DiskStore.ReadWriteLockSync&quot;, &quot;lock := &quot; }"/>
        </annotation>
    </item>
    <item name='net.sf.ehcache.store.disk.DiskStore.ReadWriteLockSync boolean isHeldByCurrentThread(net.sf.ehcache.concurrent.LockType)'>
        <annotation name='com.intellij.inspections.tainted.annotation.equation.Equations'>
            <val val="{ &quot;type := net.sf.ehcache.concurrent.Sync#isHeldByCurrentThread(net.sf.ehcache.concurrent.LockType)#0&quot;, &quot;isHeldByCurrentThread := &quot; }"/>
        </annotation>
    </item>
    <item name='net.sf.ehcache.store.disk.DiskStore.ReadWriteLockSync boolean tryLock(net.sf.ehcache.concurrent.LockType, long)'>
        <annotation name='com.intellij.inspections.tainted.annotation.equation.Equations'>
            <val val="{ &quot;tryLock := &quot;, &quot;msec := net.sf.ehcache.concurrent.Sync#tryLock(net.sf.ehcache.concurrent.LockType, long)#1&quot;, &quot;type := net.sf.ehcache.concurrent.Sync#tryLock(net.sf.ehcache.concurrent.LockType, long)#0&quot; }"/>
        </annotation>
    </item>
    <item name='net.sf.ehcache.store.disk.DiskStore.ReadWriteLockSync void lock(net.sf.ehcache.concurrent.LockType)'>
        <annotation name='com.intellij.inspections.tainted.annotation.equation.Equations'>
            <val val="{ &quot;type := net.sf.ehcache.concurrent.Sync#lock(net.sf.ehcache.concurrent.LockType)#0&quot; }"/>
        </annotation>
    </item>
    <item name='net.sf.ehcache.store.disk.DiskStore.ReadWriteLockSync void unlock(net.sf.ehcache.concurrent.LockType)'>
        <annotation name='com.intellij.inspections.tainted.annotation.equation.Equations'>
            <val val="{ &quot;type := net.sf.ehcache.concurrent.Sync#unlock(net.sf.ehcache.concurrent.LockType)#0&quot; }"/>
        </annotation>
    </item>
    <item name='net.sf.ehcache.store.disk.ElementSubstituteFilter boolean allows(java.lang.Object)'>
        <annotation name='com.intellij.inspections.tainted.annotation.equation.Equations'>
            <val val="{ &quot;allows := DiskStorageFactory.OnDiskFilter#allows(java.lang.Object)&quot; }"/>
        </annotation>
    </item>
    <item name='net.sf.ehcache.store.disk.HashEntry'>
        <annotation name='com.intellij.inspections.tainted.annotation.equation.Equations'>
            <val val="{ &quot;HashEntry := #HashEntry(java.lang.Object, int, net.sf.ehcache.store.disk.HashEntry, net.sf.ehcache.store.disk.DiskStorageFactory.DiskSubstitute, java.util.concurrent.atomic.AtomicBoolean)#0 &amp; #HashEntry(java.lang.Object, int, net.sf.ehcache.store.disk.HashEntry, net.sf.ehcache.store.disk.DiskStorageFactory.DiskSubstitute, java.util.concurrent.atomic.AtomicBoolean)#1 &amp; #HashEntry(java.lang.Object, int, net.sf.ehcache.store.disk.HashEntry, net.sf.ehcache.store.disk.DiskStorageFactory.DiskSubstitute, java.util.concurrent.atomic.AtomicBoolean)#2 &amp; #HashEntry(java.lang.Object, int, net.sf.ehcache.store.disk.HashEntry, net.sf.ehcache.store.disk.DiskStorageFactory.DiskSubstitute, java.util.concurrent.atomic.AtomicBoolean)#3 &amp; #HashEntry(java.lang.Object, int, net.sf.ehcache.store.disk.HashEntry, net.sf.ehcache.store.disk.DiskStorageFactory.DiskSubstitute, java.util.concurrent.atomic.AtomicBoolean)#4&quot; }"/>
        </annotation>
    </item>
    <item name='net.sf.ehcache.store.disk.HashEntry HashEntry(java.lang.Object, int, net.sf.ehcache.store.disk.HashEntry, net.sf.ehcache.store.disk.DiskStorageFactory.DiskSubstitute, java.util.concurrent.atomic.AtomicBoolean)'>
        <annotation name='com.intellij.inspections.tainted.annotation.equation.Equations'>
            <val val="{ &quot;key := Segment#put(java.lang.Object, int, net.sf.ehcache.Element, boolean, boolean)#0 &amp; Segment#putRawIfAbsent(java.lang.Object, int, net.sf.ehcache.store.disk.DiskStorageFactory.DiskMarker)#0&quot;, &quot;hash := Segment#put(java.lang.Object, int, net.sf.ehcache.Element, boolean, boolean)#1 &amp; Segment#putRawIfAbsent(java.lang.Object, int, net.sf.ehcache.store.disk.DiskStorageFactory.DiskMarker)#1&quot;, &quot;HashEntry := HashEntry&quot;, &quot;faulted := &quot;, &quot;next := Segment&quot;, &quot;element := Segment#putRawIfAbsent(java.lang.Object, int, net.sf.ehcache.store.disk.DiskStorageFactory.DiskMarker)#2&quot; }"/>
        </annotation>
    </item>
    <item name='net.sf.ehcache.store.disk.Segment'>
        <annotation name='com.intellij.inspections.tainted.annotation.equation.Equations'>
            <val val="{ &quot;Segment := Segment &amp; #Segment(int, float, net.sf.ehcache.store.disk.DiskStorageFactory, net.sf.ehcache.config.CacheConfiguration, net.sf.ehcache.pool.PoolAccessor, net.sf.ehcache.pool.PoolAccessor, net.sf.ehcache.event.RegisteredEventListeners, org.terracotta.statistics.observer.OperationObserver)#4 &amp; #Segment(int, float, net.sf.ehcache.store.disk.DiskStorageFactory, net.sf.ehcache.config.CacheConfiguration, net.sf.ehcache.pool.PoolAccessor, net.sf.ehcache.pool.PoolAccessor, net.sf.ehcache.event.RegisteredEventListeners, org.terracotta.statistics.observer.OperationObserver)#5 &amp; #Segment(int, float, net.sf.ehcache.store.disk.DiskStorageFactory, net.sf.ehcache.config.CacheConfiguration, net.sf.ehcache.pool.PoolAccessor, net.sf.ehcache.pool.PoolAccessor, net.sf.ehcache.event.RegisteredEventListeners, org.terracotta.statistics.observer.OperationObserver)#6 &amp; #Segment(int, float, net.sf.ehcache.store.disk.DiskStorageFactory, net.sf.ehcache.config.CacheConfiguration, net.sf.ehcache.pool.PoolAccessor, net.sf.ehcache.pool.PoolAccessor, net.sf.ehcache.event.RegisteredEventListeners, org.terracotta.statistics.observer.OperationObserver)#7 &amp; #Segment(int, float, net.sf.ehcache.store.disk.DiskStorageFactory, net.sf.ehcache.config.CacheConfiguration, net.sf.ehcache.pool.PoolAccessor, net.sf.ehcache.pool.PoolAccessor, net.sf.ehcache.event.RegisteredEventListeners, org.terracotta.statistics.observer.OperationObserver)#1 &amp; #Segment(int, float, net.sf.ehcache.store.disk.DiskStorageFactory, net.sf.ehcache.config.CacheConfiguration, net.sf.ehcache.pool.PoolAccessor, net.sf.ehcache.pool.PoolAccessor, net.sf.ehcache.event.RegisteredEventListeners, org.terracotta.statistics.observer.OperationObserver)#2 &amp; #LOAD_FACTOR&quot; }"/>
        </annotation>
    </item>
    <item name='net.sf.ehcache.store.disk.Segment Segment(int, float, net.sf.ehcache.store.disk.DiskStorageFactory, net.sf.ehcache.config.CacheConfiguration, net.sf.ehcache.pool.PoolAccessor, net.sf.ehcache.pool.PoolAccessor, net.sf.ehcache.event.RegisteredEventListeners, org.terracotta.statistics.observer.OperationObserver&lt;net.sf.ehcache.CacheOperationOutcomes.EvictionOutcome&gt;)'>
        <annotation name='com.intellij.inspections.tainted.annotation.equation.Equations'>
            <val val="{ &quot;initialCapacity := DiskStore#DEFAULT_INITIAL_CAPACITY&quot;, &quot;primary := DiskStore#DiskStore(net.sf.ehcache.store.disk.DiskStorageFactory, net.sf.ehcache.Ehcache, net.sf.ehcache.pool.Pool, net.sf.ehcache.pool.Pool)#0&quot;, &quot;cacheEventNotificationService := &quot;, &quot;loadFactor := DiskStore#DEFAULT_LOAD_FACTOR&quot;, &quot;cacheConfiguration := &quot;, &quot;evictionObserver := DiskStore&quot;, &quot;Segment := Segment&quot;, &quot;onDiskPoolAccessor := DiskStore&quot;, &quot;onHeapPoolAccessor := DiskStore&quot; }"/>
        </annotation>
    </item>
    <item name='net.sf.ehcache.store.disk.Segment boolean cleanUpFailedMarker(java.io.Serializable, int)'>
        <annotation name='com.intellij.inspections.tainted.annotation.equation.Equations'>
            <val val="{ &quot;cleanUpFailedMarker := &quot; }"/>
        </annotation>
    </item>
    <item name='net.sf.ehcache.store.disk.Segment boolean containsKey(java.lang.Object, int)'>
        <annotation name='com.intellij.inspections.tainted.annotation.equation.Equations'>
            <val val="{ &quot;key := DiskStore#containsKey(java.lang.Object)#0&quot;, &quot;hash := &quot; }"/>
        </annotation>
    </item>
    <item name='net.sf.ehcache.store.disk.Segment boolean determineCachePinned(net.sf.ehcache.config.CacheConfiguration)'>
        <annotation name='com.intellij.inspections.tainted.annotation.equation.Equations'>
            <val val="{ &quot;determineCachePinned := &quot;, &quot;cacheConfiguration := #Segment(int, float, net.sf.ehcache.store.disk.DiskStorageFactory, net.sf.ehcache.config.CacheConfiguration, net.sf.ehcache.pool.PoolAccessor, net.sf.ehcache.pool.PoolAccessor, net.sf.ehcache.event.RegisteredEventListeners, org.terracotta.statistics.observer.OperationObserver)#3&quot; }"/>
        </annotation>
    </item>
    <item name='net.sf.ehcache.store.disk.Segment boolean fault(java.lang.Object, int, net.sf.ehcache.store.disk.DiskStorageFactory.Placeholder, net.sf.ehcache.store.disk.DiskStorageFactory.DiskMarker, boolean)'>
        <annotation name='com.intellij.inspections.tainted.annotation.equation.Equations'>
            <val val="{ &quot;fault := DiskStore#fault(java.lang.Object, net.sf.ehcache.store.disk.DiskStorageFactory.Placeholder, net.sf.ehcache.store.disk.DiskStorageFactory.DiskMarker)#2&quot;, &quot;expect := DiskStore#fault(java.lang.Object, net.sf.ehcache.store.disk.DiskStorageFactory.Placeholder, net.sf.ehcache.store.disk.DiskStorageFactory.DiskMarker)#1&quot;, &quot;hash := &quot;, &quot;key := DiskStore#fault(java.lang.Object, net.sf.ehcache.store.disk.DiskStorageFactory.Placeholder, net.sf.ehcache.store.disk.DiskStorageFactory.DiskMarker)#0&quot;, &quot;skipFaulted := net.sf.ehcache.Status#STATUS_SHUTDOWN&quot;, &quot;fault := &quot; }"/>
        </annotation>
    </item>
    <item name='net.sf.ehcache.store.disk.Segment boolean faultInternal(java.lang.Object, int, net.sf.ehcache.store.disk.DiskStorageFactory.Placeholder, net.sf.ehcache.store.disk.DiskStorageFactory.DiskMarker, boolean)'>
        <annotation name='com.intellij.inspections.tainted.annotation.equation.Equations'>
            <val val="{ &quot;faultInternal := &quot;, &quot;skipFaulted := #fault(java.lang.Object, int, net.sf.ehcache.store.disk.DiskStorageFactory.Placeholder, net.sf.ehcache.store.disk.DiskStorageFactory.DiskMarker, boolean)#4&quot;, &quot;key := #fault(java.lang.Object, int, net.sf.ehcache.store.disk.DiskStorageFactory.Placeholder, net.sf.ehcache.store.disk.DiskStorageFactory.DiskMarker, boolean)#0&quot;, &quot;fault := #fault(java.lang.Object, int, net.sf.ehcache.store.disk.DiskStorageFactory.Placeholder, net.sf.ehcache.store.disk.DiskStorageFactory.DiskMarker, boolean)#3&quot;, &quot;hash := #fault(java.lang.Object, int, net.sf.ehcache.store.disk.DiskStorageFactory.Placeholder, net.sf.ehcache.store.disk.DiskStorageFactory.DiskMarker, boolean)#1&quot;, &quot;expect := #fault(java.lang.Object, int, net.sf.ehcache.store.disk.DiskStorageFactory.Placeholder, net.sf.ehcache.store.disk.DiskStorageFactory.DiskMarker, boolean)#2&quot; }"/>
        </annotation>
    </item>
    <item name='net.sf.ehcache.store.disk.Segment boolean findAndFree(java.lang.Object, int, net.sf.ehcache.store.disk.DiskStorageFactory.Placeholder, net.sf.ehcache.store.disk.DiskStorageFactory.DiskMarker)'>
        <annotation name='com.intellij.inspections.tainted.annotation.equation.Equations'>
            <val val="{ &quot;expect := #faultInternal(java.lang.Object, int, net.sf.ehcache.store.disk.DiskStorageFactory.Placeholder, net.sf.ehcache.store.disk.DiskStorageFactory.DiskMarker, boolean)#2&quot;, &quot;fault := #faultInternal(java.lang.Object, int, net.sf.ehcache.store.disk.DiskStorageFactory.Placeholder, net.sf.ehcache.store.disk.DiskStorageFactory.DiskMarker, boolean)#3&quot;, &quot;key := #faultInternal(java.lang.Object, int, net.sf.ehcache.store.disk.DiskStorageFactory.Placeholder, net.sf.ehcache.store.disk.DiskStorageFactory.DiskMarker, boolean)#0&quot;, &quot;hash := #faultInternal(java.lang.Object, int, net.sf.ehcache.store.disk.DiskStorageFactory.Placeholder, net.sf.ehcache.store.disk.DiskStorageFactory.DiskMarker, boolean)#1&quot; }"/>
        </annotation>
    </item>
    <item name='net.sf.ehcache.store.disk.Segment boolean flush(java.lang.Object, int, net.sf.ehcache.Element)'>
        <annotation name='com.intellij.inspections.tainted.annotation.equation.Equations'>
            <val val="{ &quot;hash := &quot;, &quot;element := DiskStore#flush(net.sf.ehcache.Element)#0&quot;, &quot;key := &quot;, &quot;flush := &quot; }"/>
        </annotation>
    </item>
    <item name='net.sf.ehcache.store.disk.Segment boolean isFaulted(int, java.lang.Object)'>
        <annotation name='com.intellij.inspections.tainted.annotation.equation.Equations'>
            <val val="{ &quot;isFaulted := &quot;, &quot;hash := &quot;, &quot;key := DiskStore#isFaulted(java.lang.Object)#0&quot; }"/>
        </annotation>
    </item>
    <item name='net.sf.ehcache.store.disk.Segment boolean putRawIfAbsent(java.lang.Object, int, net.sf.ehcache.store.disk.DiskStorageFactory.DiskMarker)'>
        <annotation name='com.intellij.inspections.tainted.annotation.equation.Equations'>
            <val val="{ &quot;hash := &quot;, &quot;key := DiskStore#putRawIfAbsent(java.lang.Object, net.sf.ehcache.store.disk.DiskStorageFactory.DiskMarker)#0&quot;, &quot;encoded := DiskStore#putRawIfAbsent(java.lang.Object, net.sf.ehcache.store.disk.DiskStorageFactory.DiskMarker)#1&quot; }"/>
        </annotation>
    </item>
    <item name='net.sf.ehcache.store.disk.Segment boolean replace(java.lang.Object, int, net.sf.ehcache.Element, net.sf.ehcache.Element, net.sf.ehcache.store.ElementValueComparator)'>
        <annotation name='com.intellij.inspections.tainted.annotation.equation.Equations'>
            <val val="{ &quot;hash := &quot;, &quot;oldElement := DiskStore#replace(net.sf.ehcache.Element, net.sf.ehcache.Element, net.sf.ehcache.store.ElementValueComparator)#0&quot;, &quot;newElement := DiskStore#replace(net.sf.ehcache.Element, net.sf.ehcache.Element, net.sf.ehcache.store.ElementValueComparator)#1&quot;, &quot;comparator := DiskStore#replace(net.sf.ehcache.Element, net.sf.ehcache.Element, net.sf.ehcache.store.ElementValueComparator)#2&quot;, &quot;key := &quot; }"/>
        </annotation>
    </item>
    <item name='net.sf.ehcache.store.disk.Segment boolean returnSafeDeprecated(java.lang.Object, int, net.sf.ehcache.Element)'>
        <annotation name='com.intellij.inspections.tainted.annotation.equation.Equations'>
            <val val="{ &quot;key := #faultInternal(java.lang.Object, int, net.sf.ehcache.store.disk.DiskStorageFactory.Placeholder, net.sf.ehcache.store.disk.DiskStorageFactory.DiskMarker, boolean)#0&quot;, &quot;element := &quot;, &quot;hash := #faultInternal(java.lang.Object, int, net.sf.ehcache.store.disk.DiskStorageFactory.Placeholder, net.sf.ehcache.store.disk.DiskStorageFactory.DiskMarker, boolean)#1&quot; }"/>
        </annotation>
    </item>
    <item name='net.sf.ehcache.store.disk.Segment java.lang.Object unretrievedGet(java.lang.Object, int)'>
        <annotation name='com.intellij.inspections.tainted.annotation.equation.Equations'>
            <val val="{ &quot;hash := &quot;, &quot;key := DiskStore#unretrievedGet(java.lang.Object)#0&quot; }"/>
        </annotation>
    </item>
    <item name='net.sf.ehcache.store.disk.Segment java.lang.String toString()'>
        <annotation name='com.intellij.inspections.tainted.annotation.equation.Equations'>
            <val val="{ &quot;toString := Segment&quot; }"/>
        </annotation>
    </item>
    <item name='net.sf.ehcache.store.disk.Segment java.util.Iterator&lt;net.sf.ehcache.store.disk.HashEntry&gt; hashIterator()'>
        <annotation name='com.intellij.inspections.tainted.annotation.equation.Equations'>
            <val val="{ &quot;hashIterator := &quot; }"/>
        </annotation>
    </item>
    <item name='net.sf.ehcache.store.disk.Segment net.sf.ehcache.Element decode(java.lang.Object)'>
        <annotation name='com.intellij.inspections.tainted.annotation.equation.Equations'>
            <val val="{ &quot;decode := &quot; }"/>
        </annotation>
    </item>
    <item name='net.sf.ehcache.store.disk.Segment net.sf.ehcache.Element decodeHit(java.lang.Object)'>
        <annotation name='com.intellij.inspections.tainted.annotation.equation.Equations'>
            <val val="{ &quot;decodeHit := &quot; }"/>
        </annotation>
    </item>
    <item name='net.sf.ehcache.store.disk.Segment net.sf.ehcache.Element evict(java.lang.Object, int, net.sf.ehcache.store.disk.DiskStorageFactory.DiskSubstitute)'>
        <annotation name='com.intellij.inspections.tainted.annotation.equation.Equations'>
            <val val="{ &quot;hash := #flush(java.lang.Object, int, net.sf.ehcache.Element)#1&quot;, &quot;value := DiskStore#evictElement(java.lang.Object, net.sf.ehcache.store.disk.DiskStorageFactory.DiskSubstitute)#1&quot;, &quot;evict := &quot;, &quot;key := DiskStore#evictElement(java.lang.Object, net.sf.ehcache.store.disk.DiskStorageFactory.DiskSubstitute)#0 &amp; #flush(java.lang.Object, int, net.sf.ehcache.Element)#0&quot; }"/>
        </annotation>
    </item>
    <item name='net.sf.ehcache.store.disk.Segment net.sf.ehcache.Element evict(java.lang.Object, int, net.sf.ehcache.store.disk.DiskStorageFactory.DiskSubstitute, boolean)'>
        <annotation name='com.intellij.inspections.tainted.annotation.equation.Equations'>
            <val val="{ &quot;value := #evict(java.lang.Object, int, net.sf.ehcache.store.disk.DiskStorageFactory.DiskSubstitute)#2&quot;, &quot;hash := #evict(java.lang.Object, int, net.sf.ehcache.store.disk.DiskStorageFactory.DiskSubstitute)#1 &amp; #cleanUpFailedMarker(java.io.Serializable, int)#1&quot;, &quot;key := #evict(java.lang.Object, int, net.sf.ehcache.store.disk.DiskStorageFactory.DiskSubstitute)#0 &amp; #cleanUpFailedMarker(java.io.Serializable, int)#0&quot;, &quot;evict := &quot; }"/>
        </annotation>
    </item>
    <item name='net.sf.ehcache.store.disk.Segment net.sf.ehcache.Element get(java.lang.Object, int, boolean)'>
        <annotation name='com.intellij.inspections.tainted.annotation.equation.Equations'>
            <val val="{ &quot;get := &quot;, &quot;hash := #faultInternal(java.lang.Object, int, net.sf.ehcache.store.disk.DiskStorageFactory.Placeholder, net.sf.ehcache.store.disk.DiskStorageFactory.DiskMarker, boolean)#1&quot;, &quot;key := DiskStore#fault(java.lang.Object, boolean)#0 &amp; DiskStore#getQuiet(java.lang.Object)#0 &amp; #faultInternal(java.lang.Object, int, net.sf.ehcache.store.disk.DiskStorageFactory.Placeholder, net.sf.ehcache.store.disk.DiskStorageFactory.DiskMarker, boolean)#0&quot; }"/>
        </annotation>
    </item>
    <item name='net.sf.ehcache.store.disk.Segment net.sf.ehcache.Element put(java.lang.Object, int, net.sf.ehcache.Element, boolean, boolean)'>
        <annotation name='com.intellij.inspections.tainted.annotation.equation.Equations'>
            <val val="{ &quot;put := &quot;, &quot;element := DiskStore#putFaulted(net.sf.ehcache.Element)#0 &amp; DiskStore#put(net.sf.ehcache.Element)#0 &amp; DiskStore#putIfAbsent(net.sf.ehcache.Element)#0&quot;, &quot;key := &quot;, &quot;hash := &quot; }"/>
        </annotation>
    </item>
    <item name='net.sf.ehcache.store.disk.Segment net.sf.ehcache.Element remove(java.lang.Object, int, net.sf.ehcache.Element, net.sf.ehcache.store.ElementValueComparator)'>
        <annotation name='com.intellij.inspections.tainted.annotation.equation.Equations'>
            <val val="{ &quot;hash := #faultInternal(java.lang.Object, int, net.sf.ehcache.store.disk.DiskStorageFactory.Placeholder, net.sf.ehcache.store.disk.DiskStorageFactory.DiskMarker, boolean)#1 &amp; #returnSafeDeprecated(java.lang.Object, int, net.sf.ehcache.Element)#1 &amp; Segment.HashIterator&quot;, &quot;value := DiskStore#removeElement(net.sf.ehcache.Element, net.sf.ehcache.store.ElementValueComparator)#0&quot;, &quot;comparator := DiskStore#removeElement(net.sf.ehcache.Element, net.sf.ehcache.store.ElementValueComparator)#1&quot;, &quot;remove := &quot;, &quot;key := DiskStore#remove(java.lang.Object)#0 &amp; #faultInternal(java.lang.Object, int, net.sf.ehcache.store.disk.DiskStorageFactory.Placeholder, net.sf.ehcache.store.disk.DiskStorageFactory.DiskMarker, boolean)#0 &amp; #returnSafeDeprecated(java.lang.Object, int, net.sf.ehcache.Element)#0 &amp; Segment.HashIterator&quot; }"/>
        </annotation>
    </item>
    <item name='net.sf.ehcache.store.disk.Segment net.sf.ehcache.Element replace(java.lang.Object, int, net.sf.ehcache.Element)'>
        <annotation name='com.intellij.inspections.tainted.annotation.equation.Equations'>
            <val val="{ &quot;hash := &quot;, &quot;replace := &quot;, &quot;key := &quot;, &quot;newElement := DiskStore#replace(net.sf.ehcache.Element)#0&quot; }"/>
        </annotation>
    </item>
    <item name='net.sf.ehcache.store.disk.Segment net.sf.ehcache.store.disk.HashEntry getFirst(int)'>
        <annotation name='com.intellij.inspections.tainted.annotation.equation.Equations'>
            <val val="{ &quot;hash := #get(java.lang.Object, int, boolean)#1 &amp; #unretrievedGet(java.lang.Object, int)#1 &amp; #containsKey(java.lang.Object, int)#1 &amp; #replace(java.lang.Object, int, net.sf.ehcache.Element, net.sf.ehcache.Element, net.sf.ehcache.store.ElementValueComparator)#1 &amp; #replace(java.lang.Object, int, net.sf.ehcache.Element)#1 &amp; #isFaulted(int, java.lang.Object)#0 &amp; #flush(java.lang.Object, int, net.sf.ehcache.Element)#1 &amp; #faultInternal(java.lang.Object, int, net.sf.ehcache.store.disk.DiskStorageFactory.Placeholder, net.sf.ehcache.store.disk.DiskStorageFactory.DiskMarker, boolean)#1 &amp; #findAndFree(java.lang.Object, int, net.sf.ehcache.store.disk.DiskStorageFactory.Placeholder, net.sf.ehcache.store.disk.DiskStorageFactory.DiskMarker)#1 &amp; #cleanUpFailedMarker(java.io.Serializable, int)#1&quot;, &quot;getFirst := Segment&quot; }"/>
        </annotation>
    </item>
    <item name='net.sf.ehcache.store.disk.Segment void addRandomSample(net.sf.ehcache.store.disk.ElementSubstituteFilter, int, java.util.Collection&lt;net.sf.ehcache.store.disk.DiskStorageFactory.DiskSubstitute&gt;, int)'>
        <annotation name='com.intellij.inspections.tainted.annotation.equation.Equations'>
            <val val="{ &quot;sampleSize := DiskStore#getRandomSample(net.sf.ehcache.store.disk.ElementSubstituteFilter, int, java.lang.Object)#1&quot;, &quot;seed := &quot;, &quot;filter := DiskStore#getRandomSample(net.sf.ehcache.store.disk.ElementSubstituteFilter, int, java.lang.Object)#0&quot;, &quot;sampled := &quot; }"/>
        </annotation>
    </item>
    <item name='net.sf.ehcache.store.disk.Segment void free(java.lang.Object)'>
        <annotation name='com.intellij.inspections.tainted.annotation.equation.Equations'>
            <val val="{ &quot;object := #findAndFree(java.lang.Object, int, net.sf.ehcache.store.disk.DiskStorageFactory.Placeholder, net.sf.ehcache.store.disk.DiskStorageFactory.DiskMarker)#2&quot; }"/>
        </annotation>
    </item>
    <item name='net.sf.ehcache.store.disk.Segment void free(java.lang.Object, boolean)'>
        <annotation name='com.intellij.inspections.tainted.annotation.equation.Equations'>
            <val val="{ &quot;object := #free(java.lang.Object)#0 &amp; #faultInternal(java.lang.Object, int, net.sf.ehcache.store.disk.DiskStorageFactory.Placeholder, net.sf.ehcache.store.disk.DiskStorageFactory.DiskMarker, boolean)#3&quot; }"/>
        </annotation>
    </item>
    <item name='net.sf.ehcache.store.disk.Segment void notifyEviction(net.sf.ehcache.Element)'>
        <annotation name='com.intellij.inspections.tainted.annotation.equation.Equations'>
            <val val="{ &quot;evicted := &quot; }"/>
        </annotation>
    </item>
    <item name='net.sf.ehcache.store.disk.Segment.HashIterator'>
        <annotation name='com.intellij.inspections.tainted.annotation.equation.Equations'>
            <val val="{ &quot;HashIterator := HashIterator&quot; }"/>
        </annotation>
    </item>
    <item name='net.sf.ehcache.store.disk.Segment.HashIterator HashIterator()'>
        <annotation name='com.intellij.inspections.tainted.annotation.equation.Equations'>
            <val val="{ &quot;HashIterator := Segment.HashIterator&quot; }"/>
        </annotation>
    </item>
    <item name='net.sf.ehcache.store.disk.Segment.HashIterator boolean hasNext()'>
        <annotation name='com.intellij.inspections.tainted.annotation.equation.Equations'>
            <val val="{ &quot;hasNext := Segment.HashIterator&quot; }"/>
        </annotation>
    </item>
    <item name='net.sf.ehcache.store.disk.Segment.HashIterator net.sf.ehcache.store.disk.HashEntry next()'>
        <annotation name='com.intellij.inspections.tainted.annotation.equation.Equations'>
            <val val="{ &quot;next := Segment.HashIterator&quot; }"/>
        </annotation>
    </item>
    <item name='net.sf.ehcache.store.disk.StoreUpdateException'>
        <annotation name='com.intellij.inspections.tainted.annotation.equation.Equations'>
            <val val="{ &quot;StoreUpdateException := #StoreUpdateException(java.lang.RuntimeException, boolean)#1&quot; }"/>
        </annotation>
    </item>
    <item name='net.sf.ehcache.store.disk.StoreUpdateException StoreUpdateException(java.lang.RuntimeException, boolean)'>
        <annotation name='com.intellij.inspections.tainted.annotation.equation.Equations'>
            <val val="{ &quot;StoreUpdateException := StoreUpdateException&quot; }"/>
        </annotation>
    </item>
    <item name='net.sf.ehcache.store.disk.StoreUpdateException boolean isUpdate()'>
        <annotation name='com.intellij.inspections.tainted.annotation.equation.Equations'>
            <val val="{ &quot;isUpdate := StoreUpdateException&quot; }"/>
        </annotation>
    </item>
</root>