<root>
    <item name='com.sun.org.apache.xml.internal.security.exceptions.AlgorithmAlreadyRegisteredException AlgorithmAlreadyRegisteredException(java.lang.String)'>
        <annotation name='com.intellij.inspections.tainted.annotation.equation.Equations'>
            <val val="{ &quot;AlgorithmAlreadyRegisteredException := AlgorithmAlreadyRegisteredException&quot; }"/>
        </annotation>
    </item>
    <item name='com.sun.org.apache.xml.internal.security.exceptions.AlgorithmAlreadyRegisteredException AlgorithmAlreadyRegisteredException(java.lang.String, java.lang.Exception)'>
        <annotation name='com.intellij.inspections.tainted.annotation.equation.Equations'>
            <val val="{ &quot;AlgorithmAlreadyRegisteredException := AlgorithmAlreadyRegisteredException&quot; }"/>
        </annotation>
    </item>
    <item name='com.sun.org.apache.xml.internal.security.exceptions.AlgorithmAlreadyRegisteredException AlgorithmAlreadyRegisteredException(java.lang.String, java.lang.Object[])'>
        <annotation name='com.intellij.inspections.tainted.annotation.equation.Equations'>
            <val val="{ &quot;AlgorithmAlreadyRegisteredException := AlgorithmAlreadyRegisteredException&quot; }"/>
        </annotation>
    </item>
    <item name='com.sun.org.apache.xml.internal.security.exceptions.AlgorithmAlreadyRegisteredException AlgorithmAlreadyRegisteredException(java.lang.String, java.lang.Object[], java.lang.Exception)'>
        <annotation name='com.intellij.inspections.tainted.annotation.equation.Equations'>
            <val val="{ &quot;AlgorithmAlreadyRegisteredException := AlgorithmAlreadyRegisteredException&quot; }"/>
        </annotation>
    </item>
    <item name='com.sun.org.apache.xml.internal.security.exceptions.Base64DecodingException Base64DecodingException(java.lang.String)'>
        <annotation name='com.intellij.inspections.tainted.annotation.equation.Equations'>
            <val val="{ &quot;Base64DecodingException := Base64DecodingException&quot; }"/>
        </annotation>
    </item>
    <item name='com.sun.org.apache.xml.internal.security.exceptions.Base64DecodingException Base64DecodingException(java.lang.String, java.lang.Exception)'>
        <annotation name='com.intellij.inspections.tainted.annotation.equation.Equations'>
            <val val="{ &quot;Base64DecodingException := Base64DecodingException&quot; }"/>
        </annotation>
    </item>
    <item name='com.sun.org.apache.xml.internal.security.exceptions.Base64DecodingException Base64DecodingException(java.lang.String, java.lang.Object[])'>
        <annotation name='com.intellij.inspections.tainted.annotation.equation.Equations'>
            <val val="{ &quot;Base64DecodingException := Base64DecodingException&quot; }"/>
        </annotation>
    </item>
    <item name='com.sun.org.apache.xml.internal.security.exceptions.Base64DecodingException Base64DecodingException(java.lang.String, java.lang.Object[], java.lang.Exception)'>
        <annotation name='com.intellij.inspections.tainted.annotation.equation.Equations'>
            <val val="{ &quot;Base64DecodingException := Base64DecodingException&quot; }"/>
        </annotation>
    </item>
    <item name='com.sun.org.apache.xml.internal.security.exceptions.XMLSecurityException XMLSecurityException(java.lang.Exception)'>
        <annotation name='com.intellij.inspections.tainted.annotation.equation.Equations'>
            <val val="{ &quot;XMLSecurityException := XMLSecurityException&quot; }"/>
        </annotation>
    </item>
    <item name='com.sun.org.apache.xml.internal.security.exceptions.XMLSecurityException XMLSecurityException(java.lang.String)'>
        <annotation name='com.intellij.inspections.tainted.annotation.equation.Equations'>
            <val val="{ &quot;msgID := com.sun.org.apache.xml.internal.security.c14n.CanonicalizationException#CanonicalizationException(java.lang.String)#0 &amp; com.sun.org.apache.xml.internal.security.c14n.InvalidCanonicalizerException#InvalidCanonicalizerException(java.lang.String)#0 &amp; com.sun.org.apache.xml.internal.security.keys.storage.StorageResolverException#StorageResolverException(java.lang.String)#0 &amp; com.sun.org.apache.xml.internal.security.keys.keyresolver.KeyResolverException#KeyResolverException(java.lang.String)#0 &amp; com.sun.org.apache.xml.internal.security.keys.keyresolver.InvalidKeyResolverException#InvalidKeyResolverException(java.lang.String)#0 &amp; com.sun.org.apache.xml.internal.security.keys.ContentHandlerAlreadyRegisteredException#ContentHandlerAlreadyRegisteredException(java.lang.String)#0 &amp; com.sun.org.apache.xml.internal.security.utils.resolver.ResourceResolverException#ResourceResolverException(java.lang.String, org.w3c.dom.Attr, java.lang.String)#0 &amp; com.sun.org.apache.xml.internal.security.signature.XMLSignatureException#XMLSignatureException(java.lang.String)#0 &amp; com.sun.org.apache.xml.internal.security.encryption.XMLEncryptionException#XMLEncryptionException(java.lang.String)#0 &amp; Base64DecodingException#Base64DecodingException(java.lang.String)#0 &amp; AlgorithmAlreadyRegisteredException#AlgorithmAlreadyRegisteredException(java.lang.String)#0 &amp; com.sun.org.apache.xml.internal.security.transforms.TransformationException#TransformationException(java.lang.String)#0 &amp; com.sun.org.apache.xml.internal.security.transforms.InvalidTransformException#InvalidTransformException(java.lang.String)#0&quot;, &quot;XMLSecurityException := XMLSecurityException&quot; }"/>
        </annotation>
    </item>
    <item name='com.sun.org.apache.xml.internal.security.exceptions.XMLSecurityException XMLSecurityException(java.lang.String, java.lang.Exception)'>
        <annotation name='com.intellij.inspections.tainted.annotation.equation.Equations'>
            <val val="{ &quot;originalException := com.sun.org.apache.xml.internal.security.c14n.CanonicalizationException#CanonicalizationException(java.lang.String, java.lang.Exception)#1 &amp; com.sun.org.apache.xml.internal.security.c14n.InvalidCanonicalizerException#InvalidCanonicalizerException(java.lang.String, java.lang.Exception)#1 &amp; com.sun.org.apache.xml.internal.security.keys.storage.StorageResolverException#StorageResolverException(java.lang.String, java.lang.Exception)#1 &amp; com.sun.org.apache.xml.internal.security.keys.keyresolver.KeyResolverException#KeyResolverException(java.lang.String, java.lang.Exception)#1 &amp; com.sun.org.apache.xml.internal.security.keys.keyresolver.InvalidKeyResolverException#InvalidKeyResolverException(java.lang.String, java.lang.Exception)#1 &amp; com.sun.org.apache.xml.internal.security.keys.ContentHandlerAlreadyRegisteredException#ContentHandlerAlreadyRegisteredException(java.lang.String, java.lang.Exception)#1 &amp; com.sun.org.apache.xml.internal.security.utils.resolver.ResourceResolverException#ResourceResolverException(java.lang.String, java.lang.Exception, org.w3c.dom.Attr, java.lang.String)#1 &amp; com.sun.org.apache.xml.internal.security.signature.XMLSignatureException#XMLSignatureException(java.lang.String, java.lang.Exception)#1 &amp; com.sun.org.apache.xml.internal.security.encryption.XMLEncryptionException#XMLEncryptionException(java.lang.String, java.lang.Exception)#1 &amp; Base64DecodingException#Base64DecodingException(java.lang.String, java.lang.Exception)#1 &amp; AlgorithmAlreadyRegisteredException#AlgorithmAlreadyRegisteredException(java.lang.String, java.lang.Exception)#1 &amp; com.sun.org.apache.xml.internal.security.transforms.TransformationException#TransformationException(java.lang.String, java.lang.Exception)#1 &amp; com.sun.org.apache.xml.internal.security.transforms.InvalidTransformException#InvalidTransformException(java.lang.String, java.lang.Exception)#1&quot;, &quot;msgID := com.sun.org.apache.xml.internal.security.c14n.CanonicalizationException#CanonicalizationException(java.lang.String, java.lang.Exception)#0 &amp; com.sun.org.apache.xml.internal.security.c14n.InvalidCanonicalizerException#InvalidCanonicalizerException(java.lang.String, java.lang.Exception)#0 &amp; com.sun.org.apache.xml.internal.security.keys.storage.StorageResolverException#StorageResolverException(java.lang.String, java.lang.Exception)#0 &amp; com.sun.org.apache.xml.internal.security.keys.keyresolver.KeyResolverException#KeyResolverException(java.lang.String, java.lang.Exception)#0 &amp; com.sun.org.apache.xml.internal.security.keys.keyresolver.InvalidKeyResolverException#InvalidKeyResolverException(java.lang.String, java.lang.Exception)#0 &amp; com.sun.org.apache.xml.internal.security.keys.ContentHandlerAlreadyRegisteredException#ContentHandlerAlreadyRegisteredException(java.lang.String, java.lang.Exception)#0 &amp; com.sun.org.apache.xml.internal.security.utils.resolver.ResourceResolverException#ResourceResolverException(java.lang.String, java.lang.Exception, org.w3c.dom.Attr, java.lang.String)#0 &amp; com.sun.org.apache.xml.internal.security.signature.XMLSignatureException#XMLSignatureException(java.lang.String, java.lang.Exception)#0 &amp; com.sun.org.apache.xml.internal.security.encryption.XMLEncryptionException#XMLEncryptionException(java.lang.String, java.lang.Exception)#0 &amp; Base64DecodingException#Base64DecodingException(java.lang.String, java.lang.Exception)#0 &amp; AlgorithmAlreadyRegisteredException#AlgorithmAlreadyRegisteredException(java.lang.String, java.lang.Exception)#0 &amp; com.sun.org.apache.xml.internal.security.transforms.TransformationException#TransformationException(java.lang.String, java.lang.Exception)#0 &amp; com.sun.org.apache.xml.internal.security.transforms.InvalidTransformException#InvalidTransformException(java.lang.String, java.lang.Exception)#0&quot;, &quot;XMLSecurityException := XMLSecurityException&quot; }"/>
        </annotation>
    </item>
    <item name='com.sun.org.apache.xml.internal.security.exceptions.XMLSecurityException XMLSecurityException(java.lang.String, java.lang.Object[])'>
        <annotation name='com.intellij.inspections.tainted.annotation.equation.Equations'>
            <val val="{ &quot;exArgs := com.sun.org.apache.xml.internal.security.c14n.CanonicalizationException#CanonicalizationException(java.lang.String, java.lang.Object[])#1 &amp; com.sun.org.apache.xml.internal.security.c14n.InvalidCanonicalizerException#InvalidCanonicalizerException(java.lang.String, java.lang.Object[])#1 &amp; com.sun.org.apache.xml.internal.security.keys.storage.StorageResolverException#StorageResolverException(java.lang.String, java.lang.Object[])#1 &amp; com.sun.org.apache.xml.internal.security.keys.keyresolver.KeyResolverException#KeyResolverException(java.lang.String, java.lang.Object[])#1 &amp; com.sun.org.apache.xml.internal.security.keys.keyresolver.InvalidKeyResolverException#InvalidKeyResolverException(java.lang.String, java.lang.Object[])#1 &amp; com.sun.org.apache.xml.internal.security.keys.ContentHandlerAlreadyRegisteredException#ContentHandlerAlreadyRegisteredException(java.lang.String, java.lang.Object[])#1 &amp; com.sun.org.apache.xml.internal.security.utils.resolver.ResourceResolverException#ResourceResolverException(java.lang.String, java.lang.Object[], org.w3c.dom.Attr, java.lang.String)#1 &amp; com.sun.org.apache.xml.internal.security.signature.XMLSignatureException#XMLSignatureException(java.lang.String, java.lang.Object[])#1 &amp; com.sun.org.apache.xml.internal.security.encryption.XMLEncryptionException#XMLEncryptionException(java.lang.String, java.lang.Object[])#1 &amp; Base64DecodingException#Base64DecodingException(java.lang.String, java.lang.Object[])#1 &amp; AlgorithmAlreadyRegisteredException#AlgorithmAlreadyRegisteredException(java.lang.String, java.lang.Object[])#1 &amp; com.sun.org.apache.xml.internal.security.transforms.TransformationException#TransformationException(java.lang.String, java.lang.Object[])#1 &amp; com.sun.org.apache.xml.internal.security.transforms.InvalidTransformException#InvalidTransformException(java.lang.String, java.lang.Object[])#1&quot;, &quot;XMLSecurityException := XMLSecurityException&quot;, &quot;msgID := com.sun.org.apache.xml.internal.security.c14n.CanonicalizationException#CanonicalizationException(java.lang.String, java.lang.Object[])#0 &amp; com.sun.org.apache.xml.internal.security.c14n.InvalidCanonicalizerException#InvalidCanonicalizerException(java.lang.String, java.lang.Object[])#0 &amp; com.sun.org.apache.xml.internal.security.keys.storage.StorageResolverException#StorageResolverException(java.lang.String, java.lang.Object[])#0 &amp; com.sun.org.apache.xml.internal.security.keys.keyresolver.KeyResolverException#KeyResolverException(java.lang.String, java.lang.Object[])#0 &amp; com.sun.org.apache.xml.internal.security.keys.keyresolver.InvalidKeyResolverException#InvalidKeyResolverException(java.lang.String, java.lang.Object[])#0 &amp; com.sun.org.apache.xml.internal.security.keys.ContentHandlerAlreadyRegisteredException#ContentHandlerAlreadyRegisteredException(java.lang.String, java.lang.Object[])#0 &amp; com.sun.org.apache.xml.internal.security.utils.resolver.ResourceResolverException#ResourceResolverException(java.lang.String, java.lang.Object[], org.w3c.dom.Attr, java.lang.String)#0 &amp; com.sun.org.apache.xml.internal.security.signature.XMLSignatureException#XMLSignatureException(java.lang.String, java.lang.Object[])#0 &amp; com.sun.org.apache.xml.internal.security.encryption.XMLEncryptionException#XMLEncryptionException(java.lang.String, java.lang.Object[])#0 &amp; Base64DecodingException#Base64DecodingException(java.lang.String, java.lang.Object[])#0 &amp; AlgorithmAlreadyRegisteredException#AlgorithmAlreadyRegisteredException(java.lang.String, java.lang.Object[])#0 &amp; com.sun.org.apache.xml.internal.security.transforms.TransformationException#TransformationException(java.lang.String, java.lang.Object[])#0 &amp; com.sun.org.apache.xml.internal.security.transforms.InvalidTransformException#InvalidTransformException(java.lang.String, java.lang.Object[])#0&quot; }"/>
        </annotation>
    </item>
    <item name='com.sun.org.apache.xml.internal.security.exceptions.XMLSecurityException XMLSecurityException(java.lang.String, java.lang.Object[], java.lang.Exception)'>
        <annotation name='com.intellij.inspections.tainted.annotation.equation.Equations'>
            <val val="{ &quot;XMLSecurityException := XMLSecurityException&quot;, &quot;originalException := com.sun.org.apache.xml.internal.security.c14n.CanonicalizationException#CanonicalizationException(java.lang.String, java.lang.Object[], java.lang.Exception)#2 &amp; com.sun.org.apache.xml.internal.security.c14n.InvalidCanonicalizerException#InvalidCanonicalizerException(java.lang.String, java.lang.Object[], java.lang.Exception)#2 &amp; com.sun.org.apache.xml.internal.security.keys.storage.StorageResolverException#StorageResolverException(java.lang.String, java.lang.Object[], java.lang.Exception)#2 &amp; com.sun.org.apache.xml.internal.security.keys.keyresolver.KeyResolverException#KeyResolverException(java.lang.String, java.lang.Object[], java.lang.Exception)#2 &amp; com.sun.org.apache.xml.internal.security.keys.keyresolver.InvalidKeyResolverException#InvalidKeyResolverException(java.lang.String, java.lang.Object[], java.lang.Exception)#2 &amp; com.sun.org.apache.xml.internal.security.keys.ContentHandlerAlreadyRegisteredException#ContentHandlerAlreadyRegisteredException(java.lang.String, java.lang.Object[], java.lang.Exception)#2 &amp; com.sun.org.apache.xml.internal.security.utils.resolver.ResourceResolverException#ResourceResolverException(java.lang.String, java.lang.Object[], java.lang.Exception, org.w3c.dom.Attr, java.lang.String)#2 &amp; com.sun.org.apache.xml.internal.security.signature.XMLSignatureException#XMLSignatureException(java.lang.String, java.lang.Object[], java.lang.Exception)#2 &amp; com.sun.org.apache.xml.internal.security.encryption.XMLEncryptionException#XMLEncryptionException(java.lang.String, java.lang.Object[], java.lang.Exception)#2 &amp; Base64DecodingException#Base64DecodingException(java.lang.String, java.lang.Object[], java.lang.Exception)#2 &amp; AlgorithmAlreadyRegisteredException#AlgorithmAlreadyRegisteredException(java.lang.String, java.lang.Object[], java.lang.Exception)#2 &amp; com.sun.org.apache.xml.internal.security.transforms.TransformationException#TransformationException(java.lang.String, java.lang.Object[], java.lang.Exception)#2 &amp; com.sun.org.apache.xml.internal.security.transforms.InvalidTransformException#InvalidTransformException(java.lang.String, java.lang.Object[], java.lang.Exception)#2&quot;, &quot;msgID := com.sun.org.apache.xml.internal.security.c14n.CanonicalizationException#CanonicalizationException(java.lang.String, java.lang.Object[], java.lang.Exception)#0 &amp; com.sun.org.apache.xml.internal.security.c14n.InvalidCanonicalizerException#InvalidCanonicalizerException(java.lang.String, java.lang.Object[], java.lang.Exception)#0 &amp; com.sun.org.apache.xml.internal.security.keys.storage.StorageResolverException#StorageResolverException(java.lang.String, java.lang.Object[], java.lang.Exception)#0 &amp; com.sun.org.apache.xml.internal.security.keys.keyresolver.KeyResolverException#KeyResolverException(java.lang.String, java.lang.Object[], java.lang.Exception)#0 &amp; com.sun.org.apache.xml.internal.security.keys.keyresolver.InvalidKeyResolverException#InvalidKeyResolverException(java.lang.String, java.lang.Object[], java.lang.Exception)#0 &amp; com.sun.org.apache.xml.internal.security.keys.ContentHandlerAlreadyRegisteredException#ContentHandlerAlreadyRegisteredException(java.lang.String, java.lang.Object[], java.lang.Exception)#0 &amp; com.sun.org.apache.xml.internal.security.utils.resolver.ResourceResolverException#ResourceResolverException(java.lang.String, java.lang.Object[], java.lang.Exception, org.w3c.dom.Attr, java.lang.String)#0 &amp; com.sun.org.apache.xml.internal.security.signature.XMLSignatureException#XMLSignatureException(java.lang.String, java.lang.Object[], java.lang.Exception)#0 &amp; com.sun.org.apache.xml.internal.security.encryption.XMLEncryptionException#XMLEncryptionException(java.lang.String, java.lang.Object[], java.lang.Exception)#0 &amp; Base64DecodingException#Base64DecodingException(java.lang.String, java.lang.Object[], java.lang.Exception)#0 &amp; AlgorithmAlreadyRegisteredException#AlgorithmAlreadyRegisteredException(java.lang.String, java.lang.Object[], java.lang.Exception)#0 &amp; com.sun.org.apache.xml.internal.security.transforms.TransformationException#TransformationException(java.lang.String, java.lang.Object[], java.lang.Exception)#0 &amp; com.sun.org.apache.xml.internal.security.transforms.InvalidTransformException#InvalidTransformException(java.lang.String, java.lang.Object[], java.lang.Exception)#0&quot;, &quot;exArgs := com.sun.org.apache.xml.internal.security.c14n.CanonicalizationException#CanonicalizationException(java.lang.String, java.lang.Object[], java.lang.Exception)#1 &amp; com.sun.org.apache.xml.internal.security.c14n.InvalidCanonicalizerException#InvalidCanonicalizerException(java.lang.String, java.lang.Object[], java.lang.Exception)#1 &amp; com.sun.org.apache.xml.internal.security.keys.storage.StorageResolverException#StorageResolverException(java.lang.String, java.lang.Object[], java.lang.Exception)#1 &amp; com.sun.org.apache.xml.internal.security.keys.keyresolver.KeyResolverException#KeyResolverException(java.lang.String, java.lang.Object[], java.lang.Exception)#1 &amp; com.sun.org.apache.xml.internal.security.keys.keyresolver.InvalidKeyResolverException#InvalidKeyResolverException(java.lang.String, java.lang.Object[], java.lang.Exception)#1 &amp; com.sun.org.apache.xml.internal.security.keys.ContentHandlerAlreadyRegisteredException#ContentHandlerAlreadyRegisteredException(java.lang.String, java.lang.Object[], java.lang.Exception)#1 &amp; com.sun.org.apache.xml.internal.security.utils.resolver.ResourceResolverException#ResourceResolverException(java.lang.String, java.lang.Object[], java.lang.Exception, org.w3c.dom.Attr, java.lang.String)#1 &amp; com.sun.org.apache.xml.internal.security.signature.XMLSignatureException#XMLSignatureException(java.lang.String, java.lang.Object[], java.lang.Exception)#1 &amp; com.sun.org.apache.xml.internal.security.encryption.XMLEncryptionException#XMLEncryptionException(java.lang.String, java.lang.Object[], java.lang.Exception)#1 &amp; Base64DecodingException#Base64DecodingException(java.lang.String, java.lang.Object[], java.lang.Exception)#1 &amp; AlgorithmAlreadyRegisteredException#AlgorithmAlreadyRegisteredException(java.lang.String, java.lang.Object[], java.lang.Exception)#1 &amp; com.sun.org.apache.xml.internal.security.transforms.TransformationException#TransformationException(java.lang.String, java.lang.Object[], java.lang.Exception)#1 &amp; com.sun.org.apache.xml.internal.security.transforms.InvalidTransformException#InvalidTransformException(java.lang.String, java.lang.Object[], java.lang.Exception)#1&quot; }"/>
        </annotation>
    </item>
    <item name='com.sun.org.apache.xml.internal.security.exceptions.XMLSecurityRuntimeException XMLSecurityRuntimeException(java.lang.Exception)'>
        <annotation name='com.intellij.inspections.tainted.annotation.equation.Equations'>
            <val val="{ &quot;XMLSecurityRuntimeException := XMLSecurityRuntimeException&quot; }"/>
        </annotation>
    </item>
    <item name='com.sun.org.apache.xml.internal.security.exceptions.XMLSecurityRuntimeException XMLSecurityRuntimeException(java.lang.String)'>
        <annotation name='com.intellij.inspections.tainted.annotation.equation.Equations'>
            <val val="{ &quot;XMLSecurityRuntimeException := XMLSecurityRuntimeException&quot; }"/>
        </annotation>
    </item>
    <item name='com.sun.org.apache.xml.internal.security.exceptions.XMLSecurityRuntimeException XMLSecurityRuntimeException(java.lang.String, java.lang.Exception)'>
        <annotation name='com.intellij.inspections.tainted.annotation.equation.Equations'>
            <val val="{ &quot;XMLSecurityRuntimeException := XMLSecurityRuntimeException&quot; }"/>
        </annotation>
    </item>
    <item name='com.sun.org.apache.xml.internal.security.exceptions.XMLSecurityRuntimeException XMLSecurityRuntimeException(java.lang.String, java.lang.Object[])'>
        <annotation name='com.intellij.inspections.tainted.annotation.equation.Equations'>
            <val val="{ &quot;XMLSecurityRuntimeException := XMLSecurityRuntimeException&quot; }"/>
        </annotation>
    </item>
    <item name='com.sun.org.apache.xml.internal.security.exceptions.XMLSecurityRuntimeException XMLSecurityRuntimeException(java.lang.String, java.lang.Object[], java.lang.Exception)'>
        <annotation name='com.intellij.inspections.tainted.annotation.equation.Equations'>
            <val val="{ &quot;XMLSecurityRuntimeException := XMLSecurityRuntimeException&quot; }"/>
        </annotation>
    </item>
</root>