<root>
    <item name='com.sun.org.apache.bcel.internal.util.AttributeHTML AttributeHTML(java.lang.String, java.lang.String, com.sun.org.apache.bcel.internal.classfile.ConstantPool, com.sun.org.apache.bcel.internal.util.ConstantHTML)'>
        <annotation name='com.intellij.inspections.tainted.annotation.equation.Equations'>
            <val val="{ &quot;AttributeHTML := AttributeHTML&quot;, &quot;constant_pool := Class2HTML&quot;, &quot;dir := Class2HTML#Class2HTML(com.sun.org.apache.bcel.internal.classfile.JavaClass, java.lang.String)#1&quot;, &quot;class_name := Class2HTML&quot; }"/>
        </annotation>
    </item>
    <item name='com.sun.org.apache.bcel.internal.util.AttributeHTML java.lang.String codeLink(int, int)'>
        <annotation name='com.intellij.inspections.tainted.annotation.equation.Equations'>
            <val val="{ &quot;method_number := #writeAttribute(com.sun.org.apache.bcel.internal.classfile.Attribute, java.lang.String, int)#2&quot;, &quot;codeLink := AttributeHTML &amp; method_number &amp; link&quot; }"/>
        </annotation>
    </item>
    <item name='com.sun.org.apache.bcel.internal.util.AttributeHTML void writeAttribute(com.sun.org.apache.bcel.internal.classfile.Attribute, java.lang.String, int)'>
        <annotation name='com.intellij.inspections.tainted.annotation.equation.Equations'>
            <val val="{ &quot;method_number := MethodHTML#writeMethod(com.sun.org.apache.bcel.internal.classfile.Method, int)#1&quot;, &quot;anchor := MethodHTML#writeMethod(com.sun.org.apache.bcel.internal.classfile.Method, int)#1 &amp; #writeAttribute(com.sun.org.apache.bcel.internal.classfile.Attribute, java.lang.String)#1&quot;, &quot;attribute := #writeAttribute(com.sun.org.apache.bcel.internal.classfile.Attribute, java.lang.String)#0&quot; }"/>
        </annotation>
    </item>
    <item name='com.sun.org.apache.bcel.internal.util.BCELFactory'>
        <annotation name='com.intellij.inspections.tainted.annotation.equation.Equations'>
            <val val="{ &quot;BCELFactory := &quot; }"/>
        </annotation>
    </item>
    <item name='com.sun.org.apache.bcel.internal.util.BCELFactory BCELFactory(com.sun.org.apache.bcel.internal.generic.MethodGen, java.io.PrintWriter)'>
        <annotation name='com.intellij.inspections.tainted.annotation.equation.Equations'>
            <val val="{ &quot;BCELFactory := BCELFactory&quot;, &quot;out := BCELifier&quot;, &quot;mg := &quot; }"/>
        </annotation>
    </item>
    <item name='com.sun.org.apache.bcel.internal.util.BCELFactory void createConstant(java.lang.Object)'>
        <annotation name='com.intellij.inspections.tainted.annotation.equation.Equations'>
            <val val="{ &quot;value := &quot; }"/>
        </annotation>
    </item>
    <item name='com.sun.org.apache.bcel.internal.util.BCELifier BCELifier(com.sun.org.apache.bcel.internal.classfile.JavaClass, java.io.OutputStream)'>
        <annotation name='com.intellij.inspections.tainted.annotation.equation.Equations'>
            <val val="{ &quot;clazz := &quot;, &quot;BCELifier := BCELifier&quot;, &quot;out := java.lang.System#out&quot; }"/>
        </annotation>
    </item>
    <item name='com.sun.org.apache.bcel.internal.util.BCELifier java.lang.String printArgumentTypes(com.sun.org.apache.bcel.internal.generic.Type[])'>
        <annotation name='com.intellij.inspections.tainted.annotation.equation.Equations'>
            <val val="{ &quot;arg_types := &quot; }"/>
        </annotation>
    </item>
    <item name='com.sun.org.apache.bcel.internal.util.BCELifier java.lang.String printFlags(int)'>
        <annotation name='com.intellij.inspections.tainted.annotation.equation.Equations'>
            <val val="{ &quot;flags := &quot; }"/>
        </annotation>
    </item>
    <item name='com.sun.org.apache.bcel.internal.util.BCELifier java.lang.String printFlags(int, boolean)'>
        <annotation name='com.intellij.inspections.tainted.annotation.equation.Equations'>
            <val val="{ &quot;flags := #printFlags(int)#0&quot; }"/>
        </annotation>
    </item>
    <item name='com.sun.org.apache.bcel.internal.util.BCELifier java.lang.String printType(com.sun.org.apache.bcel.internal.generic.Type)'>
        <annotation name='com.intellij.inspections.tainted.annotation.equation.Equations'>
            <val val="{ &quot;type := #printArgumentTypes(com.sun.org.apache.bcel.internal.generic.Type[])#0&quot; }"/>
        </annotation>
    </item>
    <item name='com.sun.org.apache.bcel.internal.util.BCELifier java.lang.String printType(java.lang.String)'>
        <annotation name='com.intellij.inspections.tainted.annotation.equation.Equations'>
            <val val="{ &quot;signature := &quot; }"/>
        </annotation>
    </item>
    <item name='com.sun.org.apache.bcel.internal.util.BCELifier void visitJavaClass(com.sun.org.apache.bcel.internal.classfile.JavaClass)'>
        <annotation name='com.intellij.inspections.tainted.annotation.equation.Equations'>
            <val val="{ &quot;clazz := BCELifier&quot; }"/>
        </annotation>
    </item>
    <item name='com.sun.org.apache.bcel.internal.util.ByteSequence ByteSequence(byte[])'>
        <annotation name='com.intellij.inspections.tainted.annotation.equation.Equations'>
            <val val="{ &quot;bytes := com.sun.org.apache.bcel.internal.generic.InstructionList#InstructionList(byte[])#0 &amp; com.sun.org.apache.bcel.internal.classfile.Utility#codeToString(byte[], com.sun.org.apache.bcel.internal.classfile.ConstantPool, int, int, boolean)#0&quot;, &quot;ByteSequence := ByteSequence&quot; }"/>
        </annotation>
    </item>
    <item name='com.sun.org.apache.bcel.internal.util.ByteSequence.ByteArrayStream ByteArrayStream(byte[])'>
        <annotation name='com.intellij.inspections.tainted.annotation.equation.Equations'>
            <val val="{ &quot;bytes := ByteSequence#ByteSequence(byte[])#0&quot;, &quot;ByteArrayStream := ByteSequence.ByteArrayStream&quot; }"/>
        </annotation>
    </item>
    <item name='com.sun.org.apache.bcel.internal.util.ByteSequence.ByteArrayStream int getPosition()'>
        <annotation name='com.intellij.inspections.tainted.annotation.equation.Equations'>
            <val val="{ &quot;getPosition := ByteSequence.ByteArrayStream&quot; }"/>
        </annotation>
    </item>
    <item name='com.sun.org.apache.bcel.internal.util.Class2HTML Class2HTML(com.sun.org.apache.bcel.internal.classfile.JavaClass, java.lang.String)'>
        <annotation name='com.intellij.inspections.tainted.annotation.equation.Equations'>
            <val val="{ &quot;dir := #_main(java.lang.String[])#0&quot;, &quot;Class2HTML := Class2HTML&quot;, &quot;java_class := &quot; }"/>
        </annotation>
    </item>
    <item name='com.sun.org.apache.bcel.internal.util.Class2HTML java.lang.String referenceClass(int)'>
        <annotation name='com.intellij.inspections.tainted.annotation.equation.Equations'>
            <val val="{ &quot;referenceClass := Class2HTML &amp; index&quot; }"/>
        </annotation>
    </item>
    <item name='com.sun.org.apache.bcel.internal.util.Class2HTML java.lang.String referenceType(java.lang.String)'>
        <annotation name='com.intellij.inspections.tainted.annotation.equation.Equations'>
            <val val="{ &quot;referenceType := type&quot;, &quot;type := &quot; }"/>
        </annotation>
    </item>
    <item name='com.sun.org.apache.bcel.internal.util.Class2HTML java.lang.String toHTML(java.lang.String)'>
        <annotation name='com.intellij.inspections.tainted.annotation.equation.Equations'>
            <val val="{ &quot;str := &quot; }"/>
        </annotation>
    </item>
    <item name='com.sun.org.apache.bcel.internal.util.ClassLoader'>
        <annotation name='com.intellij.inspections.tainted.annotation.equation.Equations'>
            <val val="{ &quot;ClassLoader := &quot; }"/>
        </annotation>
    </item>
    <item name='com.sun.org.apache.bcel.internal.util.ClassLoader ClassLoader()'>
        <annotation name='com.intellij.inspections.tainted.annotation.equation.Equations'>
            <val val="{ &quot;ClassLoader := ClassLoader&quot; }"/>
        </annotation>
    </item>
    <item name='com.sun.org.apache.bcel.internal.util.ClassLoader ClassLoader(java.lang.ClassLoader)'>
        <annotation name='com.intellij.inspections.tainted.annotation.equation.Equations'>
            <val val="{ &quot;ClassLoader := ClassLoader&quot; }"/>
        </annotation>
    </item>
    <item name='com.sun.org.apache.bcel.internal.util.ClassLoader ClassLoader(java.lang.ClassLoader, java.lang.String[])'>
        <annotation name='com.intellij.inspections.tainted.annotation.equation.Equations'>
            <val val="{ &quot;ClassLoader := ClassLoader&quot; }"/>
        </annotation>
    </item>
    <item name='com.sun.org.apache.bcel.internal.util.ClassLoader ClassLoader(java.lang.String[])'>
        <annotation name='com.intellij.inspections.tainted.annotation.equation.Equations'>
            <val val="{ &quot;ClassLoader := ClassLoader&quot; }"/>
        </annotation>
    </item>
    <item name='com.sun.org.apache.bcel.internal.util.ClassLoader com.sun.org.apache.bcel.internal.classfile.JavaClass createClass(java.lang.String)'>
        <annotation name='com.intellij.inspections.tainted.annotation.equation.Equations'>
            <val val="{ &quot;class_name := #loadClass(java.lang.String, boolean)#0&quot; }"/>
        </annotation>
    </item>
    <item name='com.sun.org.apache.bcel.internal.util.ClassLoader com.sun.org.apache.bcel.internal.classfile.JavaClass modifyClass(com.sun.org.apache.bcel.internal.classfile.JavaClass)'>
        <annotation name='com.intellij.inspections.tainted.annotation.equation.Equations'>
            <val val="{ &quot;modifyClass := clazz&quot; }"/>
        </annotation>
    </item>
    <item name='com.sun.org.apache.bcel.internal.util.ClassLoader void addIgnoredPkgs(java.lang.String[])'>
        <annotation name='com.intellij.inspections.tainted.annotation.equation.Equations'>
            <val val="{ &quot;ignored_packages := #ClassLoader(java.lang.String[])#0 &amp; #ClassLoader(java.lang.ClassLoader, java.lang.String[])#1&quot; }"/>
        </annotation>
    </item>
    <item name='com.sun.org.apache.bcel.internal.util.ClassLoaderRepository'>
        <annotation name='com.intellij.inspections.tainted.annotation.equation.Equations'>
            <val val="{ &quot;ClassLoaderRepository := &quot; }"/>
        </annotation>
    </item>
    <item name='com.sun.org.apache.bcel.internal.util.ClassLoaderRepository ClassLoaderRepository(java.lang.ClassLoader)'>
        <annotation name='com.intellij.inspections.tainted.annotation.equation.Equations'>
            <val val="{ &quot;ClassLoaderRepository := ClassLoaderRepository&quot;, &quot;loader := ClassLoader#ClassLoader(java.lang.ClassLoader)#0 &amp; ClassLoader#ClassLoader(java.lang.ClassLoader, java.lang.String[])#0&quot; }"/>
        </annotation>
    </item>
    <item name='com.sun.org.apache.bcel.internal.util.ClassLoaderRepository com.sun.org.apache.bcel.internal.classfile.JavaClass findClass(java.lang.String)'>
        <annotation name='com.intellij.inspections.tainted.annotation.equation.Equations'>
            <val val="{ &quot;className := #loadClass(java.lang.String)#0&quot; }"/>
        </annotation>
    </item>
    <item name='com.sun.org.apache.bcel.internal.util.ClassPath ClassPath()'>
        <annotation name='com.intellij.inspections.tainted.annotation.equation.Equations'>
            <val val="{ &quot;ClassPath := ClassPath&quot; }"/>
        </annotation>
    </item>
    <item name='com.sun.org.apache.bcel.internal.util.ClassPath ClassPath(java.lang.String)'>
        <annotation name='com.intellij.inspections.tainted.annotation.equation.Equations'>
            <val val="{ &quot;ClassPath := ClassPath&quot; }"/>
        </annotation>
    </item>
    <item name='com.sun.org.apache.bcel.internal.util.ClassPath byte[] getBytes(java.lang.String, java.lang.String)'>
        <annotation name='com.intellij.inspections.tainted.annotation.equation.Equations'>
            <val val="{ &quot;name := #getBytes(java.lang.String)#0&quot; }"/>
        </annotation>
    </item>
    <item name='com.sun.org.apache.bcel.internal.util.ClassPath com.sun.org.apache.bcel.internal.util.ClassPath.ClassFile getClassFile(java.lang.String)'>
        <annotation name='com.intellij.inspections.tainted.annotation.equation.Equations'>
            <val val="{ &quot;name := com.sun.org.apache.bcel.internal.Repository#lookupClassFile(java.lang.String)#0&quot; }"/>
        </annotation>
    </item>
    <item name='com.sun.org.apache.bcel.internal.util.ClassPath com.sun.org.apache.bcel.internal.util.ClassPath.ClassFile getClassFile(java.lang.String, java.lang.String)'>
        <annotation name='com.intellij.inspections.tainted.annotation.equation.Equations'>
            <val val="{ &quot;name := #getClassFile(java.lang.String)#0&quot; }"/>
        </annotation>
    </item>
    <item name='com.sun.org.apache.bcel.internal.util.ClassPath java.io.InputStream getInputStream(java.lang.String)'>
        <annotation name='com.intellij.inspections.tainted.annotation.equation.Equations'>
            <val val="{ &quot;name := SyntheticRepository#loadClass(java.lang.String)#0&quot; }"/>
        </annotation>
    </item>
    <item name='com.sun.org.apache.bcel.internal.util.ClassPath java.io.InputStream getInputStream(java.lang.String, java.lang.String)'>
        <annotation name='com.intellij.inspections.tainted.annotation.equation.Equations'>
            <val val="{ &quot;name := #getInputStream(java.lang.String)#0 &amp; #getBytes(java.lang.String, java.lang.String)#0&quot;, &quot;suffix := #getBytes(java.lang.String, java.lang.String)#1&quot; }"/>
        </annotation>
    </item>
    <item name='com.sun.org.apache.bcel.internal.util.ClassPath java.lang.String getPath(java.lang.String, java.lang.String)'>
        <annotation name='com.intellij.inspections.tainted.annotation.equation.Equations'>
            <val val="{ &quot;name := #getPath(java.lang.String)#0&quot; }"/>
        </annotation>
    </item>
    <item name='com.sun.org.apache.bcel.internal.util.ClassPath java.lang.String toString()'>
        <annotation name='com.intellij.inspections.tainted.annotation.equation.Equations'>
            <val val="{ &quot;toString := ClassPath&quot; }"/>
        </annotation>
    </item>
    <item name='com.sun.org.apache.bcel.internal.util.ClassPath.Dir Dir(java.lang.String)'>
        <annotation name='com.intellij.inspections.tainted.annotation.equation.Equations'>
            <val val="{ &quot;Dir := ClassPath.Dir&quot; }"/>
        </annotation>
    </item>
    <item name='com.sun.org.apache.bcel.internal.util.ClassPath.Dir com.sun.org.apache.bcel.internal.util.ClassPath.ClassFile getClassFile(java.lang.String, java.lang.String)'>
        <annotation name='com.intellij.inspections.tainted.annotation.equation.Equations'>
            <val val="{ &quot;getClassFile := ClassPath.Dir&quot; }"/>
        </annotation>
    </item>
    <item name='com.sun.org.apache.bcel.internal.util.ClassPath.Dir java.lang.String toString()'>
        <annotation name='com.intellij.inspections.tainted.annotation.equation.Equations'>
            <val val="{ &quot;toString := ClassPath.Dir&quot; }"/>
        </annotation>
    </item>
    <item name='com.sun.org.apache.bcel.internal.util.ClassPath.PathEntry com.sun.org.apache.bcel.internal.util.ClassPath.ClassFile getClassFile(java.lang.String, java.lang.String)'>
        <annotation name='com.intellij.inspections.tainted.annotation.equation.Equations'>
            <val val="{ &quot;suffix := ClassPath#getClassFile(java.lang.String, java.lang.String)#1 &amp; ClassPath.Dir#getClassFile(java.lang.String, java.lang.String)#1 &amp; ClassPath.Zip#getClassFile(java.lang.String, java.lang.String)#1&quot;, &quot;name := ClassPath#getClassFile(java.lang.String, java.lang.String)#0 &amp; ClassPath.Dir#getClassFile(java.lang.String, java.lang.String)#0 &amp; ClassPath.Zip#getClassFile(java.lang.String, java.lang.String)#0&quot;, &quot;getClassFile := ClassPath.Dir#getClassFile(java.lang.String, java.lang.String) &amp; ClassPath.Zip#getClassFile(java.lang.String, java.lang.String)&quot; }"/>
        </annotation>
    </item>
    <item name='com.sun.org.apache.bcel.internal.util.ClassPath.Zip Zip(java.util.zip.ZipFile)'>
        <annotation name='com.intellij.inspections.tainted.annotation.equation.Equations'>
            <val val="{ &quot;Zip := ClassPath.Zip&quot; }"/>
        </annotation>
    </item>
    <item name='com.sun.org.apache.bcel.internal.util.ClassQueue void enqueue(com.sun.org.apache.bcel.internal.classfile.JavaClass)'>
        <annotation name='com.intellij.inspections.tainted.annotation.equation.Equations'>
            <val val="{ &quot;clazz := com.sun.org.apache.bcel.internal.classfile.JavaClass&quot; }"/>
        </annotation>
    </item>
    <item name='com.sun.org.apache.bcel.internal.util.ClassSet'>
        <annotation name='com.intellij.inspections.tainted.annotation.equation.Equations'>
            <val val="{ &quot;ClassSet := &quot; }"/>
        </annotation>
    </item>
    <item name='com.sun.org.apache.bcel.internal.util.ClassStack'>
        <annotation name='com.intellij.inspections.tainted.annotation.equation.Equations'>
            <val val="{ &quot;ClassStack := &quot; }"/>
        </annotation>
    </item>
    <item name='com.sun.org.apache.bcel.internal.util.ClassVector'>
        <annotation name='com.intellij.inspections.tainted.annotation.equation.Equations'>
            <val val="{ &quot;ClassVector := &quot; }"/>
        </annotation>
    </item>
    <item name='com.sun.org.apache.bcel.internal.util.ClassVector void addElement(com.sun.org.apache.bcel.internal.classfile.JavaClass)'>
        <annotation name='com.intellij.inspections.tainted.annotation.equation.Equations'>
            <val val="{ &quot;clazz := com.sun.org.apache.bcel.internal.classfile.JavaClass&quot; }"/>
        </annotation>
    </item>
    <item name='com.sun.org.apache.bcel.internal.util.CodeHTML CodeHTML(java.lang.String, java.lang.String, com.sun.org.apache.bcel.internal.classfile.Method[], com.sun.org.apache.bcel.internal.classfile.ConstantPool, com.sun.org.apache.bcel.internal.util.ConstantHTML)'>
        <annotation name='com.intellij.inspections.tainted.annotation.equation.Equations'>
            <val val="{ &quot;constant_pool := Class2HTML&quot;, &quot;dir := Class2HTML#Class2HTML(com.sun.org.apache.bcel.internal.classfile.JavaClass, java.lang.String)#1&quot;, &quot;class_name := Class2HTML&quot;, &quot;CodeHTML := CodeHTML&quot; }"/>
        </annotation>
    </item>
    <item name='com.sun.org.apache.bcel.internal.util.CodeHTML java.lang.String codeToHTML(com.sun.org.apache.bcel.internal.util.ByteSequence, int)'>
        <annotation name='com.intellij.inspections.tainted.annotation.equation.Equations'>
            <val val="{ &quot;bytes := #findGotos(com.sun.org.apache.bcel.internal.util.ByteSequence, com.sun.org.apache.bcel.internal.classfile.Method, com.sun.org.apache.bcel.internal.classfile.Code)#0&quot;, &quot;method_number := #writeMethod(com.sun.org.apache.bcel.internal.classfile.Method, int)#1&quot; }"/>
        </annotation>
    </item>
    <item name='com.sun.org.apache.bcel.internal.util.CodeHTML void findGotos(com.sun.org.apache.bcel.internal.util.ByteSequence, com.sun.org.apache.bcel.internal.classfile.Method, com.sun.org.apache.bcel.internal.classfile.Code)'>
        <annotation name='com.intellij.inspections.tainted.annotation.equation.Equations'>
            <val val="{ &quot;method := #writeMethod(com.sun.org.apache.bcel.internal.classfile.Method, int)#0&quot; }"/>
        </annotation>
    </item>
    <item name='com.sun.org.apache.bcel.internal.util.CodeHTML void writeMethod(com.sun.org.apache.bcel.internal.classfile.Method, int)'>
        <annotation name='com.intellij.inspections.tainted.annotation.equation.Equations'>
            <val val="{ &quot;method := #CodeHTML(java.lang.String, java.lang.String, com.sun.org.apache.bcel.internal.classfile.Method[], com.sun.org.apache.bcel.internal.classfile.ConstantPool, com.sun.org.apache.bcel.internal.util.ConstantHTML)#2&quot; }"/>
        </annotation>
    </item>
    <item name='com.sun.org.apache.bcel.internal.util.ConstantHTML'>
        <annotation name='com.intellij.inspections.tainted.annotation.equation.Equations'>
            <val val="{ &quot;ConstantHTML := ConstantHTML &amp; #writeConstant(int)#0&quot; }"/>
        </annotation>
    </item>
    <item name='com.sun.org.apache.bcel.internal.util.ConstantHTML ConstantHTML(java.lang.String, java.lang.String, java.lang.String, com.sun.org.apache.bcel.internal.classfile.Method[], com.sun.org.apache.bcel.internal.classfile.ConstantPool)'>
        <annotation name='com.intellij.inspections.tainted.annotation.equation.Equations'>
            <val val="{ &quot;dir := Class2HTML#Class2HTML(com.sun.org.apache.bcel.internal.classfile.JavaClass, java.lang.String)#1&quot;, &quot;ConstantHTML := ConstantHTML&quot;, &quot;constant_pool := Class2HTML&quot;, &quot;class_name := Class2HTML&quot;, &quot;class_package := Class2HTML&quot; }"/>
        </annotation>
    </item>
    <item name='com.sun.org.apache.bcel.internal.util.ConstantHTML int getMethodNumber(java.lang.String)'>
        <annotation name='com.intellij.inspections.tainted.annotation.equation.Equations'>
            <val val="{ &quot;str := &quot; }"/>
        </annotation>
    </item>
    <item name='com.sun.org.apache.bcel.internal.util.ConstantHTML java.lang.String referenceConstant(int)'>
        <annotation name='com.intellij.inspections.tainted.annotation.equation.Equations'>
            <val val="{ &quot;referenceConstant := ConstantHTML&quot; }"/>
        </annotation>
    </item>
    <item name='com.sun.org.apache.bcel.internal.util.InstructionFinder'>
        <annotation name='com.intellij.inspections.tainted.annotation.equation.Equations'>
            <val val="{ &quot;InstructionFinder := &quot; }"/>
        </annotation>
    </item>
    <item name='com.sun.org.apache.bcel.internal.util.InstructionFinder InstructionFinder(com.sun.org.apache.bcel.internal.generic.InstructionList)'>
        <annotation name='com.intellij.inspections.tainted.annotation.equation.Equations'>
            <val val="{ &quot;InstructionFinder := InstructionFinder&quot;, &quot;il := &quot; }"/>
        </annotation>
    </item>
    <item name='com.sun.org.apache.bcel.internal.util.InstructionFinder char makeChar(short)'>
        <annotation name='com.intellij.inspections.tainted.annotation.equation.Equations'>
            <val val="{ &quot;makeChar := opcode &amp; #OFFSET&quot;, &quot;opcode := com.sun.org.apache.bcel.internal.Constants#LCONST_0 &amp; com.sun.org.apache.bcel.internal.Constants#LCONST_1 &amp; com.sun.org.apache.bcel.internal.Constants#DCONST_0 &amp; com.sun.org.apache.bcel.internal.Constants#DCONST_1 &amp; com.sun.org.apache.bcel.internal.Constants#FCONST_0 &amp; com.sun.org.apache.bcel.internal.Constants#FCONST_1 &amp; #precompile(short, short, short)#0 &amp; #precompile(short, short, short)#2&quot; }"/>
        </annotation>
    </item>
    <item name='com.sun.org.apache.bcel.internal.util.InstructionFinder com.sun.org.apache.bcel.internal.generic.InstructionList getInstructionList()'>
        <annotation name='com.intellij.inspections.tainted.annotation.equation.Equations'>
            <val val="{ &quot;getInstructionList := InstructionFinder&quot; }"/>
        </annotation>
    </item>
    <item name='com.sun.org.apache.bcel.internal.util.InstructionFinder java.lang.String compilePattern(java.lang.String)'>
        <annotation name='com.intellij.inspections.tainted.annotation.equation.Equations'>
            <val val="{ &quot;pattern := #search(java.lang.String, com.sun.org.apache.bcel.internal.generic.InstructionHandle, com.sun.org.apache.bcel.internal.util.InstructionFinder.CodeConstraint)#0&quot; }"/>
        </annotation>
    </item>
    <item name='com.sun.org.apache.bcel.internal.util.InstructionFinder java.lang.String pattern2string(java.lang.String, boolean)'>
        <annotation name='com.intellij.inspections.tainted.annotation.equation.Equations'>
            <val val="{ &quot;pattern := #pattern2string(java.lang.String)#0&quot; }"/>
        </annotation>
    </item>
    <item name='com.sun.org.apache.bcel.internal.util.InstructionFinder java.lang.String precompile(short, short, short)'>
        <annotation name='com.intellij.inspections.tainted.annotation.equation.Equations'>
            <val val="{ &quot;to := com.sun.org.apache.bcel.internal.Constants#ICONST_5 &amp; com.sun.org.apache.bcel.internal.Constants#ILOAD_3 &amp; com.sun.org.apache.bcel.internal.Constants#DLOAD_3 &amp; com.sun.org.apache.bcel.internal.Constants#FLOAD_3 &amp; com.sun.org.apache.bcel.internal.Constants#ALOAD_3 &amp; com.sun.org.apache.bcel.internal.Constants#ISTORE_3 &amp; com.sun.org.apache.bcel.internal.Constants#DSTORE_3 &amp; com.sun.org.apache.bcel.internal.Constants#FSTORE_3 &amp; com.sun.org.apache.bcel.internal.Constants#ASTORE_3&quot;, &quot;from := com.sun.org.apache.bcel.internal.Constants#ICONST_0 &amp; com.sun.org.apache.bcel.internal.Constants#ILOAD_0 &amp; com.sun.org.apache.bcel.internal.Constants#DLOAD_0 &amp; com.sun.org.apache.bcel.internal.Constants#FLOAD_0 &amp; com.sun.org.apache.bcel.internal.Constants#ALOAD_0 &amp; com.sun.org.apache.bcel.internal.Constants#ISTORE_0 &amp; com.sun.org.apache.bcel.internal.Constants#DSTORE_0 &amp; com.sun.org.apache.bcel.internal.Constants#FSTORE_0 &amp; com.sun.org.apache.bcel.internal.Constants#ASTORE_0&quot;, &quot;extra := com.sun.org.apache.bcel.internal.Constants#ICONST_M1 &amp; com.sun.org.apache.bcel.internal.Constants#ILOAD &amp; com.sun.org.apache.bcel.internal.Constants#DLOAD &amp; com.sun.org.apache.bcel.internal.Constants#FLOAD &amp; com.sun.org.apache.bcel.internal.Constants#ALOAD &amp; com.sun.org.apache.bcel.internal.Constants#ISTORE &amp; com.sun.org.apache.bcel.internal.Constants#DSTORE &amp; com.sun.org.apache.bcel.internal.Constants#FSTORE &amp; com.sun.org.apache.bcel.internal.Constants#ASTORE&quot; }"/>
        </annotation>
    </item>
    <item name='com.sun.org.apache.bcel.internal.util.InstructionFinder java.util.Iterator search(java.lang.String, com.sun.org.apache.bcel.internal.generic.InstructionHandle, com.sun.org.apache.bcel.internal.util.InstructionFinder.CodeConstraint)'>
        <annotation name='com.intellij.inspections.tainted.annotation.equation.Equations'>
            <val val="{ &quot;constraint := #search(java.lang.String, com.sun.org.apache.bcel.internal.util.InstructionFinder.CodeConstraint)#1&quot;, &quot;from := #search(java.lang.String, com.sun.org.apache.bcel.internal.generic.InstructionHandle)#1&quot;, &quot;pattern := #search(java.lang.String)#0 &amp; #search(java.lang.String, com.sun.org.apache.bcel.internal.generic.InstructionHandle)#0 &amp; #search(java.lang.String, com.sun.org.apache.bcel.internal.util.InstructionFinder.CodeConstraint)#0&quot; }"/>
        </annotation>
    </item>
    <item name='com.sun.org.apache.bcel.internal.util.JavaWrapper JavaWrapper()'>
        <annotation name='com.intellij.inspections.tainted.annotation.equation.Equations'>
            <val val="{ &quot;JavaWrapper := JavaWrapper&quot; }"/>
        </annotation>
    </item>
    <item name='com.sun.org.apache.bcel.internal.util.JavaWrapper void runMain(java.lang.String, java.lang.String[])'>
        <annotation name='com.intellij.inspections.tainted.annotation.equation.Equations'>
            <val val="{ &quot;class_name := #_main(java.lang.String[])#0&quot; }"/>
        </annotation>
    </item>
    <item name='com.sun.org.apache.bcel.internal.util.MethodHTML MethodHTML(java.lang.String, java.lang.String, com.sun.org.apache.bcel.internal.classfile.Method[], com.sun.org.apache.bcel.internal.classfile.Field[], com.sun.org.apache.bcel.internal.util.ConstantHTML, com.sun.org.apache.bcel.internal.util.AttributeHTML)'>
        <annotation name='com.intellij.inspections.tainted.annotation.equation.Equations'>
            <val val="{ &quot;dir := Class2HTML#Class2HTML(com.sun.org.apache.bcel.internal.classfile.JavaClass, java.lang.String)#1&quot;, &quot;MethodHTML := MethodHTML&quot;, &quot;class_name := Class2HTML&quot; }"/>
        </annotation>
    </item>
    <item name='com.sun.org.apache.bcel.internal.util.MethodHTML void writeField(com.sun.org.apache.bcel.internal.classfile.Field)'>
        <annotation name='com.intellij.inspections.tainted.annotation.equation.Equations'>
            <val val="{ &quot;field := #MethodHTML(java.lang.String, java.lang.String, com.sun.org.apache.bcel.internal.classfile.Method[], com.sun.org.apache.bcel.internal.classfile.Field[], com.sun.org.apache.bcel.internal.util.ConstantHTML, com.sun.org.apache.bcel.internal.util.AttributeHTML)#3&quot; }"/>
        </annotation>
    </item>
    <item name='com.sun.org.apache.bcel.internal.util.MethodHTML void writeMethod(com.sun.org.apache.bcel.internal.classfile.Method, int)'>
        <annotation name='com.intellij.inspections.tainted.annotation.equation.Equations'>
            <val val="{ &quot;method := #MethodHTML(java.lang.String, java.lang.String, com.sun.org.apache.bcel.internal.classfile.Method[], com.sun.org.apache.bcel.internal.classfile.Field[], com.sun.org.apache.bcel.internal.util.ConstantHTML, com.sun.org.apache.bcel.internal.util.AttributeHTML)#2&quot; }"/>
        </annotation>
    </item>
    <item name='com.sun.org.apache.bcel.internal.util.Repository com.sun.org.apache.bcel.internal.classfile.JavaClass findClass(java.lang.String)'>
        <annotation name='com.intellij.inspections.tainted.annotation.equation.Equations'>
            <val val="{ &quot;findClass := SyntheticRepository#findClass(java.lang.String) &amp; ClassLoaderRepository#findClass(java.lang.String)&quot;, &quot;className := SyntheticRepository#findClass(java.lang.String)#0 &amp; ClassLoaderRepository#findClass(java.lang.String)#0&quot; }"/>
        </annotation>
    </item>
    <item name='com.sun.org.apache.bcel.internal.util.Repository com.sun.org.apache.bcel.internal.classfile.JavaClass loadClass(java.lang.Class)'>
        <annotation name='com.intellij.inspections.tainted.annotation.equation.Equations'>
            <val val="{ &quot;clazz := SyntheticRepository#loadClass(java.lang.Class)#0 &amp; ClassLoaderRepository#loadClass(java.lang.Class)#0&quot;, &quot;loadClass := SyntheticRepository#loadClass(java.lang.Class) &amp; ClassLoaderRepository#loadClass(java.lang.Class)&quot; }"/>
        </annotation>
    </item>
    <item name='com.sun.org.apache.bcel.internal.util.Repository com.sun.org.apache.bcel.internal.classfile.JavaClass loadClass(java.lang.String)'>
        <annotation name='com.intellij.inspections.tainted.annotation.equation.Equations'>
            <val val="{ &quot;className := ClassLoader#loadClass(java.lang.String, boolean)#0 &amp; SyntheticRepository#loadClass(java.lang.String)#0 &amp; ClassLoaderRepository#loadClass(java.lang.String)#0 &amp; com.sun.org.apache.bcel.internal.Repository#lookupClass(java.lang.String)#0&quot;, &quot;loadClass := SyntheticRepository#loadClass(java.lang.String) &amp; ClassLoaderRepository#loadClass(java.lang.String)&quot; }"/>
        </annotation>
    </item>
    <item name='com.sun.org.apache.bcel.internal.util.Repository void removeClass(com.sun.org.apache.bcel.internal.classfile.JavaClass)'>
        <annotation name='com.intellij.inspections.tainted.annotation.equation.Equations'>
            <val val="{ &quot;clazz := SyntheticRepository#removeClass(com.sun.org.apache.bcel.internal.classfile.JavaClass)#0 &amp; ClassLoaderRepository#removeClass(com.sun.org.apache.bcel.internal.classfile.JavaClass)#0&quot; }"/>
        </annotation>
    </item>
    <item name='com.sun.org.apache.bcel.internal.util.Repository void storeClass(com.sun.org.apache.bcel.internal.classfile.JavaClass)'>
        <annotation name='com.intellij.inspections.tainted.annotation.equation.Equations'>
            <val val="{ &quot;clazz := SyntheticRepository#storeClass(com.sun.org.apache.bcel.internal.classfile.JavaClass)#0 &amp; ClassLoaderRepository#storeClass(com.sun.org.apache.bcel.internal.classfile.JavaClass)#0 &amp; com.sun.org.apache.bcel.internal.Repository#addClass(com.sun.org.apache.bcel.internal.classfile.JavaClass)#0&quot; }"/>
        </annotation>
    </item>
    <item name='com.sun.org.apache.bcel.internal.util.SecuritySupport java.io.InputStream getResourceAsStream(java.lang.ClassLoader, java.lang.String)'>
        <annotation name='com.intellij.inspections.tainted.annotation.equation.Equations'>
            <val val="{ &quot;name := #getResourceAsStream(java.lang.String)#0&quot; }"/>
        </annotation>
    </item>
    <item name='com.sun.org.apache.bcel.internal.util.SecuritySupport java.util.ListResourceBundle getResourceBundle(java.lang.String)'>
        <annotation name='com.intellij.inspections.tainted.annotation.equation.Equations'>
            <val val="{ &quot;bundle := com.sun.org.apache.xpath.internal.res.XPATHMessages#XPATH_ERROR_RESOURCES&quot; }"/>
        </annotation>
    </item>
    <item name='com.sun.org.apache.bcel.internal.util.SecuritySupport java.util.ListResourceBundle getResourceBundle(java.lang.String, java.util.Locale)'>
        <annotation name='com.intellij.inspections.tainted.annotation.equation.Equations'>
            <val val="{ &quot;bundle := #getResourceBundle(java.lang.String)#0&quot; }"/>
        </annotation>
    </item>
    <item name='com.sun.org.apache.bcel.internal.util.SyntheticRepository'>
        <annotation name='com.intellij.inspections.tainted.annotation.equation.Equations'>
            <val val="{ &quot;SyntheticRepository := &quot; }"/>
        </annotation>
    </item>
    <item name='com.sun.org.apache.bcel.internal.util.SyntheticRepository SyntheticRepository(com.sun.org.apache.bcel.internal.util.ClassPath)'>
        <annotation name='com.intellij.inspections.tainted.annotation.equation.Equations'>
            <val val="{ &quot;SyntheticRepository := SyntheticRepository&quot;, &quot;path := #getInstance(com.sun.org.apache.bcel.internal.util.ClassPath)#0&quot; }"/>
        </annotation>
    </item>
    <item name='com.sun.org.apache.bcel.internal.util.SyntheticRepository com.sun.org.apache.bcel.internal.classfile.JavaClass findClass(java.lang.String)'>
        <annotation name='com.intellij.inspections.tainted.annotation.equation.Equations'>
            <val val="{ &quot;className := #loadClass(java.io.InputStream, java.lang.String)#1&quot; }"/>
        </annotation>
    </item>
    <item name='com.sun.org.apache.bcel.internal.util.SyntheticRepository com.sun.org.apache.bcel.internal.classfile.JavaClass loadClass(java.io.InputStream, java.lang.String)'>
        <annotation name='com.intellij.inspections.tainted.annotation.equation.Equations'>
            <val val="{ &quot;className := #loadClass(java.lang.String)#0&quot; }"/>
        </annotation>
    </item>
    <item name='com.sun.org.apache.bcel.internal.util.SyntheticRepository com.sun.org.apache.bcel.internal.util.SyntheticRepository getInstance(com.sun.org.apache.bcel.internal.util.ClassPath)'>
        <annotation name='com.intellij.inspections.tainted.annotation.equation.Equations'>
            <val val="{ &quot;classPath := ClassPath#SYSTEM_CLASS_PATH&quot; }"/>
        </annotation>
    </item>
</root>