<root>
    <item name='java.security.spec.DSAParameterSpec DSAParameterSpec(java.math.BigInteger, java.math.BigInteger, java.math.BigInteger)'>
        <annotation name='com.intellij.inspections.tainted.annotation.equation.Equations'>
            <val val="{ &quot;DSAParameterSpec := DSAParameterSpec&quot; }"/>
        </annotation>
    </item>
    <item name='java.security.spec.DSAParameterSpec java.math.BigInteger getG()'>
        <annotation name='com.intellij.inspections.tainted.annotation.equation.Equations'>
            <val val="{ &quot;getG := DSAParameterSpec&quot; }"/>
        </annotation>
    </item>
    <item name='java.security.spec.DSAParameterSpec java.math.BigInteger getP()'>
        <annotation name='com.intellij.inspections.tainted.annotation.equation.Equations'>
            <val val="{ &quot;getP := DSAParameterSpec&quot; }"/>
        </annotation>
    </item>
    <item name='java.security.spec.DSAParameterSpec java.math.BigInteger getQ()'>
        <annotation name='com.intellij.inspections.tainted.annotation.equation.Equations'>
            <val val="{ &quot;getQ := DSAParameterSpec&quot; }"/>
        </annotation>
    </item>
    <item name='java.security.spec.DSAPublicKeySpec DSAPublicKeySpec(java.math.BigInteger, java.math.BigInteger, java.math.BigInteger, java.math.BigInteger)'>
        <annotation name='com.intellij.inspections.tainted.annotation.equation.Equations'>
            <val val="{ &quot;DSAPublicKeySpec := DSAPublicKeySpec&quot;, &quot;q := &quot;, &quot;p := &quot;, &quot;g := &quot;, &quot;y := &quot; }"/>
        </annotation>
    </item>
    <item name='java.security.spec.ECField int getFieldSize()'>
        <annotation name='com.intellij.inspections.tainted.annotation.equation.Equations'>
            <val val="{ &quot;getFieldSize := ECFieldFp#getFieldSize() &amp; ECFieldF2m#getFieldSize()&quot; }"/>
        </annotation>
    </item>
    <item name='java.security.spec.ECFieldF2m ECFieldF2m(int)'>
        <annotation name='com.intellij.inspections.tainted.annotation.equation.Equations'>
            <val val="{ &quot;ECFieldF2m := ECFieldF2m&quot; }"/>
        </annotation>
    </item>
    <item name='java.security.spec.ECFieldF2m ECFieldF2m(int, int[])'>
        <annotation name='com.intellij.inspections.tainted.annotation.equation.Equations'>
            <val val="{ &quot;ECFieldF2m := ECFieldF2m&quot; }"/>
        </annotation>
    </item>
    <item name='java.security.spec.ECFieldF2m ECFieldF2m(int, java.math.BigInteger)'>
        <annotation name='com.intellij.inspections.tainted.annotation.equation.Equations'>
            <val val="{ &quot;ECFieldF2m := ECFieldF2m&quot; }"/>
        </annotation>
    </item>
    <item name='java.security.spec.ECFieldF2m int getFieldSize()'>
        <annotation name='com.intellij.inspections.tainted.annotation.equation.Equations'>
            <val val="{ &quot;getFieldSize := ECFieldF2m&quot; }"/>
        </annotation>
    </item>
    <item name='java.security.spec.ECFieldF2m int getM()'>
        <annotation name='com.intellij.inspections.tainted.annotation.equation.Equations'>
            <val val="{ &quot;getM := ECFieldF2m&quot; }"/>
        </annotation>
    </item>
    <item name='java.security.spec.ECFieldF2m int hashCode()'>
        <annotation name='com.intellij.inspections.tainted.annotation.equation.Equations'>
            <val val="{ &quot;hashCode := ECFieldF2m&quot; }"/>
        </annotation>
    </item>
    <item name='java.security.spec.ECFieldF2m int[] getMidTermsOfReductionPolynomial()'>
        <annotation name='com.intellij.inspections.tainted.annotation.equation.Equations'>
            <val val="{ &quot;getMidTermsOfReductionPolynomial := ECFieldF2m&quot; }"/>
        </annotation>
    </item>
    <item name='java.security.spec.ECFieldF2m java.math.BigInteger getReductionPolynomial()'>
        <annotation name='com.intellij.inspections.tainted.annotation.equation.Equations'>
            <val val="{ &quot;getReductionPolynomial := ECFieldF2m&quot; }"/>
        </annotation>
    </item>
    <item name='java.security.spec.ECFieldFp ECFieldFp(java.math.BigInteger)'>
        <annotation name='com.intellij.inspections.tainted.annotation.equation.Equations'>
            <val val="{ &quot;ECFieldFp := ECFieldFp&quot; }"/>
        </annotation>
    </item>
    <item name='java.security.spec.ECFieldFp java.math.BigInteger getP()'>
        <annotation name='com.intellij.inspections.tainted.annotation.equation.Equations'>
            <val val="{ &quot;getP := ECFieldFp&quot; }"/>
        </annotation>
    </item>
    <item name='java.security.spec.ECPoint ECPoint()'>
        <annotation name='com.intellij.inspections.tainted.annotation.equation.Equations'>
            <val val="{ &quot;ECPoint := ECPoint&quot; }"/>
        </annotation>
    </item>
    <item name='java.security.spec.ECPoint ECPoint(java.math.BigInteger, java.math.BigInteger)'>
        <annotation name='com.intellij.inspections.tainted.annotation.equation.Equations'>
            <val val="{ &quot;ECPoint := ECPoint&quot; }"/>
        </annotation>
    </item>
    <item name='java.security.spec.ECPoint java.math.BigInteger getAffineX()'>
        <annotation name='com.intellij.inspections.tainted.annotation.equation.Equations'>
            <val val="{ &quot;getAffineX := ECPoint&quot; }"/>
        </annotation>
    </item>
    <item name='java.security.spec.ECPoint java.math.BigInteger getAffineY()'>
        <annotation name='com.intellij.inspections.tainted.annotation.equation.Equations'>
            <val val="{ &quot;getAffineY := ECPoint&quot; }"/>
        </annotation>
    </item>
    <item name='java.security.spec.EllipticCurve EllipticCurve(java.security.spec.ECField, java.math.BigInteger, java.math.BigInteger)'>
        <annotation name='com.intellij.inspections.tainted.annotation.equation.Equations'>
            <val val="{ &quot;EllipticCurve := EllipticCurve&quot; }"/>
        </annotation>
    </item>
    <item name='java.security.spec.EllipticCurve EllipticCurve(java.security.spec.ECField, java.math.BigInteger, java.math.BigInteger, byte[])'>
        <annotation name='com.intellij.inspections.tainted.annotation.equation.Equations'>
            <val val="{ &quot;EllipticCurve := EllipticCurve&quot;, &quot;b := #EllipticCurve(java.security.spec.ECField, java.math.BigInteger, java.math.BigInteger)#2&quot;, &quot;field := #EllipticCurve(java.security.spec.ECField, java.math.BigInteger, java.math.BigInteger)#0&quot;, &quot;a := #EllipticCurve(java.security.spec.ECField, java.math.BigInteger, java.math.BigInteger)#1&quot; }"/>
        </annotation>
    </item>
    <item name='java.security.spec.EllipticCurve byte[] getSeed()'>
        <annotation name='com.intellij.inspections.tainted.annotation.equation.Equations'>
            <val val="{ &quot;getSeed := EllipticCurve&quot; }"/>
        </annotation>
    </item>
    <item name='java.security.spec.EllipticCurve java.math.BigInteger getA()'>
        <annotation name='com.intellij.inspections.tainted.annotation.equation.Equations'>
            <val val="{ &quot;getA := EllipticCurve&quot; }"/>
        </annotation>
    </item>
    <item name='java.security.spec.EllipticCurve java.math.BigInteger getB()'>
        <annotation name='com.intellij.inspections.tainted.annotation.equation.Equations'>
            <val val="{ &quot;getB := EllipticCurve&quot; }"/>
        </annotation>
    </item>
    <item name='java.security.spec.EllipticCurve java.security.spec.ECField getField()'>
        <annotation name='com.intellij.inspections.tainted.annotation.equation.Equations'>
            <val val="{ &quot;getField := EllipticCurve&quot; }"/>
        </annotation>
    </item>
    <item name='java.security.spec.EllipticCurve void checkValidity(java.security.spec.ECField, java.math.BigInteger, java.lang.String)'>
        <annotation name='com.intellij.inspections.tainted.annotation.equation.Equations'>
            <val val="{ &quot;c := #EllipticCurve(java.security.spec.ECField, java.math.BigInteger, java.math.BigInteger, byte[])#1 &amp; #EllipticCurve(java.security.spec.ECField, java.math.BigInteger, java.math.BigInteger, byte[])#2&quot;, &quot;field := #EllipticCurve(java.security.spec.ECField, java.math.BigInteger, java.math.BigInteger, byte[])#0&quot; }"/>
        </annotation>
    </item>
    <item name='java.security.spec.InvalidKeySpecException InvalidKeySpecException(java.lang.String)'>
        <annotation name='com.intellij.inspections.tainted.annotation.equation.Equations'>
            <val val="{ &quot;InvalidKeySpecException := InvalidKeySpecException&quot; }"/>
        </annotation>
    </item>
    <item name='java.security.spec.InvalidKeySpecException InvalidKeySpecException(java.lang.String, java.lang.Throwable)'>
        <annotation name='com.intellij.inspections.tainted.annotation.equation.Equations'>
            <val val="{ &quot;InvalidKeySpecException := InvalidKeySpecException&quot; }"/>
        </annotation>
    </item>
    <item name='java.security.spec.InvalidKeySpecException InvalidKeySpecException(java.lang.Throwable)'>
        <annotation name='com.intellij.inspections.tainted.annotation.equation.Equations'>
            <val val="{ &quot;InvalidKeySpecException := InvalidKeySpecException&quot; }"/>
        </annotation>
    </item>
    <item name='java.security.spec.InvalidParameterSpecException InvalidParameterSpecException(java.lang.String)'>
        <annotation name='com.intellij.inspections.tainted.annotation.equation.Equations'>
            <val val="{ &quot;InvalidParameterSpecException := InvalidParameterSpecException&quot; }"/>
        </annotation>
    </item>
    <item name='java.security.spec.MGF1ParameterSpec MGF1ParameterSpec(java.lang.String)'>
        <annotation name='com.intellij.inspections.tainted.annotation.equation.Equations'>
            <val val="{ &quot;MGF1ParameterSpec := MGF1ParameterSpec&quot; }"/>
        </annotation>
    </item>
    <item name='java.security.spec.X509EncodedKeySpec X509EncodedKeySpec(byte[])'>
        <annotation name='com.intellij.inspections.tainted.annotation.equation.Equations'>
            <val val="{ &quot;encodedKey := java.security.KeyRep&quot;, &quot;X509EncodedKeySpec := X509EncodedKeySpec&quot; }"/>
        </annotation>
    </item>
</root>