<root>
    <item name='com.sun.jmx.remote.internal.ArrayNotificationBuffer'>
        <annotation name='com.intellij.inspections.tainted.annotation.equation.Equations'>
            <val val="{ &quot;ArrayNotificationBuffer := &quot; }"/>
        </annotation>
    </item>
    <item name='com.sun.jmx.remote.internal.ArrayNotificationBuffer ArrayNotificationBuffer(javax.management.MBeanServer, int)'>
        <annotation name='com.intellij.inspections.tainted.annotation.equation.Equations'>
            <val val="{ &quot;mbs := #getNotificationBuffer(javax.management.MBeanServer, java.util.Map)#0&quot;, &quot;ArrayNotificationBuffer := ArrayNotificationBuffer&quot; }"/>
        </annotation>
    </item>
    <item name='com.sun.jmx.remote.internal.ArrayNotificationBuffer boolean isInstanceOf(javax.management.MBeanServer, javax.management.ObjectName, java.lang.String)'>
        <annotation name='com.intellij.inspections.tainted.annotation.equation.Equations'>
            <val val="{ &quot;name := ArrayNotificationBuffer.BroadcasterQuery#apply(javax.management.ObjectName)#0&quot;, &quot;className := #broadcasterClass&quot;, &quot;mbs := ArrayNotificationBuffer&quot; }"/>
        </annotation>
    </item>
    <item name='com.sun.jmx.remote.internal.ArrayNotificationBuffer com.sun.jmx.remote.internal.ArrayNotificationBuffer.NamedNotification notificationAt(long)'>
        <annotation name='com.intellij.inspections.tainted.annotation.equation.Equations'>
            <val val="{ &quot;seqNo := #fetchNotifications(com.sun.jmx.remote.internal.NotificationBufferFilter, long, long, int)#1&quot; }"/>
        </annotation>
    </item>
    <item name='com.sun.jmx.remote.internal.ArrayNotificationBuffer com.sun.jmx.remote.internal.NotificationBuffer getNotificationBuffer(javax.management.MBeanServer, java.util.Map&lt;java.lang.String,?&gt;)'>
        <annotation name='com.intellij.inspections.tainted.annotation.equation.Equations'>
            <val val="{ &quot;env := javax.management.remote.rmi.RMIServerImpl&quot;, &quot;mbs := javax.management.remote.rmi.RMIServerImpl&quot; }"/>
        </annotation>
    </item>
    <item name='com.sun.jmx.remote.internal.ArrayNotificationBuffer java.lang.Exception extractException(java.lang.Exception)'>
        <annotation name='com.intellij.inspections.tainted.annotation.equation.Equations'>
            <val val="{ &quot;extractException := e&quot; }"/>
        </annotation>
    </item>
    <item name='com.sun.jmx.remote.internal.ArrayNotificationBuffer java.util.Set&lt;javax.management.ObjectName&gt; queryNames(javax.management.ObjectName, javax.management.QueryExp)'>
        <annotation name='com.intellij.inspections.tainted.annotation.equation.Equations'>
            <val val="{ &quot;query := #broadcasterQuery&quot; }"/>
        </annotation>
    </item>
    <item name='com.sun.jmx.remote.internal.ArrayNotificationBuffer long earliestSequenceNumber()'>
        <annotation name='com.intellij.inspections.tainted.annotation.equation.Equations'>
            <val val="{ &quot;earliestSequenceNumber := ArrayNotificationBuffer&quot; }"/>
        </annotation>
    </item>
    <item name='com.sun.jmx.remote.internal.ArrayNotificationBuffer long nextSequenceNumber()'>
        <annotation name='com.intellij.inspections.tainted.annotation.equation.Equations'>
            <val val="{ &quot;nextSequenceNumber := ArrayNotificationBuffer&quot; }"/>
        </annotation>
    </item>
    <item name='com.sun.jmx.remote.internal.ArrayNotificationBuffer void addBufferListener(javax.management.ObjectName)'>
        <annotation name='com.intellij.inspections.tainted.annotation.equation.Equations'>
            <val val="{ &quot;name := &quot; }"/>
        </annotation>
    </item>
    <item name='com.sun.jmx.remote.internal.ArrayNotificationBuffer void addNotification(com.sun.jmx.remote.internal.ArrayNotificationBuffer.NamedNotification)'>
        <annotation name='com.intellij.inspections.tainted.annotation.equation.Equations'>
            <val val="{ &quot;notif := &quot; }"/>
        </annotation>
    </item>
    <item name='com.sun.jmx.remote.internal.ArrayNotificationBuffer void addNotificationListener(javax.management.ObjectName, javax.management.NotificationListener, javax.management.NotificationFilter, java.lang.Object)'>
        <annotation name='com.intellij.inspections.tainted.annotation.equation.Equations'>
            <val val="{ &quot;name := javax.management.MBeanServerDelegate#DELEGATE_NAME &amp; #addBufferListener(javax.management.ObjectName)#0&quot;, &quot;filter := #creationFilter&quot;, &quot;listener := ArrayNotificationBuffer&quot;, &quot;handback := #addBufferListener(javax.management.ObjectName)#0&quot; }"/>
        </annotation>
    </item>
    <item name='com.sun.jmx.remote.internal.ArrayNotificationBuffer void addSharer(com.sun.jmx.remote.internal.ArrayNotificationBuffer.ShareBuffer)'>
        <annotation name='com.intellij.inspections.tainted.annotation.equation.Equations'>
            <val val="{ &quot;sharer := ArrayNotificationBuffer.ShareBuffer&quot; }"/>
        </annotation>
    </item>
    <item name='com.sun.jmx.remote.internal.ArrayNotificationBuffer void createdNotification(javax.management.MBeanServerNotification)'>
        <annotation name='com.intellij.inspections.tainted.annotation.equation.Equations'>
            <val val="{ &quot;n := &quot; }"/>
        </annotation>
    </item>
    <item name='com.sun.jmx.remote.internal.ArrayNotificationBuffer void removeBufferListener(javax.management.ObjectName)'>
        <annotation name='com.intellij.inspections.tainted.annotation.equation.Equations'>
            <val val="{ &quot;name := &quot; }"/>
        </annotation>
    </item>
    <item name='com.sun.jmx.remote.internal.ArrayNotificationBuffer void removeNotificationBuffer(javax.management.MBeanServer)'>
        <annotation name='com.intellij.inspections.tainted.annotation.equation.Equations'>
            <val val="{ &quot;mbs := ArrayNotificationBuffer&quot; }"/>
        </annotation>
    </item>
    <item name='com.sun.jmx.remote.internal.ArrayNotificationBuffer void removeNotificationListener(javax.management.ObjectName, javax.management.NotificationListener)'>
        <annotation name='com.intellij.inspections.tainted.annotation.equation.Equations'>
            <val val="{ &quot;name := #removeBufferListener(javax.management.ObjectName)#0 &amp; javax.management.MBeanServerDelegate#DELEGATE_NAME&quot;, &quot;listener := ArrayNotificationBuffer&quot; }"/>
        </annotation>
    </item>
    <item name='com.sun.jmx.remote.internal.ArrayNotificationBuffer void removeSharer(com.sun.jmx.remote.internal.ArrayNotificationBuffer.ShareBuffer)'>
        <annotation name='com.intellij.inspections.tainted.annotation.equation.Equations'>
            <val val="{ &quot;sharer := ArrayNotificationBuffer.ShareBuffer&quot; }"/>
        </annotation>
    </item>
    <item name='com.sun.jmx.remote.internal.ArrayNotificationBuffer.NamedNotification NamedNotification(javax.management.ObjectName, javax.management.Notification)'>
        <annotation name='com.intellij.inspections.tainted.annotation.equation.Equations'>
            <val val="{ &quot;NamedNotification := ArrayNotificationBuffer.NamedNotification&quot;, &quot;notif := ArrayNotificationBuffer.BufferListener#handleNotification(javax.management.Notification, java.lang.Object)#0&quot;, &quot;sender := ArrayNotificationBuffer.BufferListener#handleNotification(javax.management.Notification, java.lang.Object)#1&quot; }"/>
        </annotation>
    </item>
    <item name='com.sun.jmx.remote.internal.ArrayNotificationBuffer.NamedNotification java.lang.String toString()'>
        <annotation name='com.intellij.inspections.tainted.annotation.equation.Equations'>
            <val val="{ &quot;toString := ArrayNotificationBuffer.NamedNotification&quot; }"/>
        </annotation>
    </item>
    <item name='com.sun.jmx.remote.internal.ArrayNotificationBuffer.NamedNotification javax.management.Notification getNotification()'>
        <annotation name='com.intellij.inspections.tainted.annotation.equation.Equations'>
            <val val="{ &quot;getNotification := ArrayNotificationBuffer.NamedNotification&quot; }"/>
        </annotation>
    </item>
    <item name='com.sun.jmx.remote.internal.ArrayNotificationBuffer.NamedNotification javax.management.ObjectName getObjectName()'>
        <annotation name='com.intellij.inspections.tainted.annotation.equation.Equations'>
            <val val="{ &quot;getObjectName := ArrayNotificationBuffer.NamedNotification&quot; }"/>
        </annotation>
    </item>
    <item name='com.sun.jmx.remote.internal.ArrayNotificationBuffer.ShareBuffer ShareBuffer(int)'>
        <annotation name='com.intellij.inspections.tainted.annotation.equation.Equations'>
            <val val="{ &quot;ShareBuffer := ArrayNotificationBuffer.ShareBuffer&quot; }"/>
        </annotation>
    </item>
    <item name='com.sun.jmx.remote.internal.ArrayNotificationBuffer.ShareBuffer int getSize()'>
        <annotation name='com.intellij.inspections.tainted.annotation.equation.Equations'>
            <val val="{ &quot;getSize := ArrayNotificationBuffer.ShareBuffer&quot; }"/>
        </annotation>
    </item>
    <item name='com.sun.jmx.remote.internal.ArrayQueue ArrayQueue(int)'>
        <annotation name='com.intellij.inspections.tainted.annotation.equation.Equations'>
            <val val="{ &quot;ArrayQueue := ArrayQueue&quot;, &quot;capacity := ArrayNotificationBuffer#ArrayNotificationBuffer(javax.management.MBeanServer, int)#1&quot; }"/>
        </annotation>
    </item>
    <item name='com.sun.jmx.remote.internal.ArrayQueue T get(int)'>
        <annotation name='com.intellij.inspections.tainted.annotation.equation.Equations'>
            <val val="{ &quot;get := ArrayQueue&quot;, &quot;i := ArrayNotificationBuffer#notificationAt(long)#0 &amp; ArrayNotificationBuffer&quot; }"/>
        </annotation>
    </item>
    <item name='com.sun.jmx.remote.internal.ArrayQueue T remove(int)'>
        <annotation name='com.intellij.inspections.tainted.annotation.equation.Equations'>
            <val val="{ &quot;remove := ArrayQueue&quot; }"/>
        </annotation>
    </item>
    <item name='com.sun.jmx.remote.internal.ArrayQueue T[] newArray(int)'>
        <annotation name='com.intellij.inspections.tainted.annotation.equation.Equations'>
            <val val="{ &quot;size := #ArrayQueue(int)#0 &amp; #resize(int)#0&quot; }"/>
        </annotation>
    </item>
    <item name='com.sun.jmx.remote.internal.ArrayQueue boolean add(T)'>
        <annotation name='com.intellij.inspections.tainted.annotation.equation.Equations'>
            <val val="{ &quot;o := ArrayNotificationBuffer#addNotification(com.sun.jmx.remote.internal.ArrayNotificationBuffer.NamedNotification)#0&quot; }"/>
        </annotation>
    </item>
    <item name='com.sun.jmx.remote.internal.ArrayQueue int size()'>
        <annotation name='com.intellij.inspections.tainted.annotation.equation.Equations'>
            <val val="{ &quot;size := ArrayQueue&quot; }"/>
        </annotation>
    </item>
    <item name='com.sun.jmx.remote.internal.ArrayQueue void resize(int)'>
        <annotation name='com.intellij.inspections.tainted.annotation.equation.Equations'>
            <val val="{ &quot;newcapacity := ArrayNotificationBuffer#resize(int)#0&quot; }"/>
        </annotation>
    </item>
    <item name='com.sun.jmx.remote.internal.ClientCommunicatorAdmin'>
        <annotation name='com.intellij.inspections.tainted.annotation.equation.Equations'>
            <val val="{ &quot;ClientCommunicatorAdmin := #TERMINATED &amp; #CONNECTED&quot; }"/>
        </annotation>
    </item>
    <item name='com.sun.jmx.remote.internal.ClientCommunicatorAdmin ClientCommunicatorAdmin(long)'>
        <annotation name='com.intellij.inspections.tainted.annotation.equation.Equations'>
            <val val="{ &quot;ClientCommunicatorAdmin := ClientCommunicatorAdmin&quot;, &quot;period := javax.management.remote.rmi.RMIConnector.RMIClientCommunicatorAdmin#RMIClientCommunicatorAdmin(long)#0&quot; }"/>
        </annotation>
    </item>
    <item name='com.sun.jmx.remote.internal.ClientCommunicatorAdmin void gotIOException(java.io.IOException)'>
        <annotation name='com.intellij.inspections.tainted.annotation.equation.Equations'>
            <val val="{ &quot;ioe := javax.management.remote.rmi.RMIConnector.RMIClientCommunicatorAdmin#gotIOException(java.io.IOException)#0&quot; }"/>
        </annotation>
    </item>
    <item name='com.sun.jmx.remote.internal.ClientCommunicatorAdmin void restart(java.io.IOException)'>
        <annotation name='com.intellij.inspections.tainted.annotation.equation.Equations'>
            <val val="{ &quot;ioe := #gotIOException(java.io.IOException)#0&quot; }"/>
        </annotation>
    </item>
    <item name='com.sun.jmx.remote.internal.ClientCommunicatorAdmin.Checker'>
        <annotation name='com.intellij.inspections.tainted.annotation.equation.Equations'>
            <val val="{ &quot;Checker := &quot; }"/>
        </annotation>
    </item>
    <item name='com.sun.jmx.remote.internal.ClientListenerInfo boolean sameAs(javax.management.ObjectName)'>
        <annotation name='com.intellij.inspections.tainted.annotation.equation.Equations'>
            <val val="{ &quot;name := ClientNotifForwarder#removeNotificationListener(javax.management.ObjectName)#0&quot; }"/>
        </annotation>
    </item>
    <item name='com.sun.jmx.remote.internal.ClientListenerInfo boolean sameAs(javax.management.ObjectName, javax.management.NotificationListener)'>
        <annotation name='com.intellij.inspections.tainted.annotation.equation.Equations'>
            <val val="{ &quot;listener := ClientNotifForwarder#removeNotificationListener(javax.management.ObjectName, javax.management.NotificationListener)#1&quot;, &quot;name := ClientNotifForwarder#removeNotificationListener(javax.management.ObjectName, javax.management.NotificationListener)#0&quot; }"/>
        </annotation>
    </item>
    <item name='com.sun.jmx.remote.internal.ClientListenerInfo boolean sameAs(javax.management.ObjectName, javax.management.NotificationListener, javax.management.NotificationFilter, java.lang.Object)'>
        <annotation name='com.intellij.inspections.tainted.annotation.equation.Equations'>
            <val val="{ &quot;filter := ClientNotifForwarder#removeNotificationListener(javax.management.ObjectName, javax.management.NotificationListener, javax.management.NotificationFilter, java.lang.Object)#2&quot;, &quot;handback := ClientNotifForwarder#removeNotificationListener(javax.management.ObjectName, javax.management.NotificationListener, javax.management.NotificationFilter, java.lang.Object)#3&quot;, &quot;name := ClientNotifForwarder#removeNotificationListener(javax.management.ObjectName, javax.management.NotificationListener, javax.management.NotificationFilter, java.lang.Object)#0&quot;, &quot;listener := ClientNotifForwarder#removeNotificationListener(javax.management.ObjectName, javax.management.NotificationListener, javax.management.NotificationFilter, java.lang.Object)#1&quot; }"/>
        </annotation>
    </item>
    <item name='com.sun.jmx.remote.internal.ClientNotifForwarder'>
        <annotation name='com.intellij.inspections.tainted.annotation.equation.Equations'>
            <val val="{ &quot;ClientNotifForwarder := #STOPPED&quot; }"/>
        </annotation>
    </item>
    <item name='com.sun.jmx.remote.internal.ClientNotifForwarder ClientNotifForwarder(java.lang.ClassLoader, java.util.Map&lt;java.lang.String,?&gt;)'>
        <annotation name='com.intellij.inspections.tainted.annotation.equation.Equations'>
            <val val="{ &quot;env := #ClientNotifForwarder(java.util.Map)#0 &amp; javax.management.remote.rmi.RMIConnector.RMINotifClient#RMINotifClient(java.lang.ClassLoader, java.util.Map)#1&quot;, &quot;defaultClassLoader := javax.management.remote.rmi.RMIConnector.RMINotifClient#RMINotifClient(java.lang.ClassLoader, java.util.Map)#0&quot;, &quot;ClientNotifForwarder := ClientNotifForwarder&quot; }"/>
        </annotation>
    </item>
    <item name='com.sun.jmx.remote.internal.ClientNotifForwarder ClientNotifForwarder(java.util.Map)'>
        <annotation name='com.intellij.inspections.tainted.annotation.equation.Equations'>
            <val val="{ &quot;ClientNotifForwarder := ClientNotifForwarder&quot; }"/>
        </annotation>
    </item>
    <item name='com.sun.jmx.remote.internal.ClientNotifForwarder java.lang.Integer addListenerForMBeanRemovedNotif()'>
        <annotation name='com.intellij.inspections.tainted.annotation.equation.Equations'>
            <val val="{ &quot;addListenerForMBeanRemovedNotif := javax.management.remote.rmi.RMIConnector.RMINotifClient#addListenerForMBeanRemovedNotif()&quot; }"/>
        </annotation>
    </item>
    <item name='com.sun.jmx.remote.internal.ClientNotifForwarder java.lang.Integer removeNotificationListener(javax.management.ObjectName, javax.management.NotificationListener, javax.management.NotificationFilter, java.lang.Object)'>
        <annotation name='com.intellij.inspections.tainted.annotation.equation.Equations'>
            <val val="{ &quot;listener := javax.management.remote.rmi.RMIConnector.RemoteMBeanServerConnection#removeNotificationListener(javax.management.ObjectName, javax.management.NotificationListener, javax.management.NotificationFilter, java.lang.Object)#1&quot;, &quot;name := javax.management.remote.rmi.RMIConnector.RemoteMBeanServerConnection#removeNotificationListener(javax.management.ObjectName, javax.management.NotificationListener, javax.management.NotificationFilter, java.lang.Object)#0&quot;, &quot;handback := javax.management.remote.rmi.RMIConnector.RemoteMBeanServerConnection#removeNotificationListener(javax.management.ObjectName, javax.management.NotificationListener, javax.management.NotificationFilter, java.lang.Object)#3&quot;, &quot;filter := javax.management.remote.rmi.RMIConnector.RemoteMBeanServerConnection#removeNotificationListener(javax.management.ObjectName, javax.management.NotificationListener, javax.management.NotificationFilter, java.lang.Object)#2&quot; }"/>
        </annotation>
    </item>
    <item name='com.sun.jmx.remote.internal.ClientNotifForwarder java.lang.Integer[] removeNotificationListener(javax.management.ObjectName)'>
        <annotation name='com.intellij.inspections.tainted.annotation.equation.Equations'>
            <val val="{ &quot;name := &quot; }"/>
        </annotation>
    </item>
    <item name='com.sun.jmx.remote.internal.ClientNotifForwarder java.lang.Integer[] removeNotificationListener(javax.management.ObjectName, javax.management.NotificationListener)'>
        <annotation name='com.intellij.inspections.tainted.annotation.equation.Equations'>
            <val val="{ &quot;listener := javax.management.remote.rmi.RMIConnector.RemoteMBeanServerConnection#removeNotificationListener(javax.management.ObjectName, javax.management.NotificationListener)#1&quot;, &quot;name := javax.management.remote.rmi.RMIConnector.RemoteMBeanServerConnection#removeNotificationListener(javax.management.ObjectName, javax.management.NotificationListener)#0&quot; }"/>
        </annotation>
    </item>
    <item name='com.sun.jmx.remote.internal.ClientNotifForwarder javax.management.remote.NotificationResult fetchNotifs(long, int, long)'>
        <annotation name='com.intellij.inspections.tainted.annotation.equation.Equations'>
            <val val="{ &quot;maxNotifications := javax.management.remote.rmi.RMIConnector.RMINotifClient#fetchNotifs(long, int, long)#1&quot;, &quot;timeout := javax.management.remote.rmi.RMIConnector.RMINotifClient#fetchNotifs(long, int, long)#2&quot;, &quot;clientSequenceNumber := javax.management.remote.rmi.RMIConnector.RMINotifClient#fetchNotifs(long, int, long)#0&quot;, &quot;fetchNotifs := javax.management.remote.rmi.RMIConnector.RMINotifClient#fetchNotifs(long, int, long)&quot; }"/>
        </annotation>
    </item>
    <item name='com.sun.jmx.remote.internal.ClientNotifForwarder void addNotificationListener(java.lang.Integer, javax.management.ObjectName, javax.management.NotificationListener, javax.management.NotificationFilter, java.lang.Object, javax.security.auth.Subject)'>
        <annotation name='com.intellij.inspections.tainted.annotation.equation.Equations'>
            <val val="{ &quot;name := javax.management.remote.rmi.RMIConnector.RemoteMBeanServerConnection#addNotificationListener(javax.management.ObjectName, javax.management.NotificationListener, javax.management.NotificationFilter, java.lang.Object)#0&quot;, &quot;handback := javax.management.remote.rmi.RMIConnector.RemoteMBeanServerConnection#addNotificationListener(javax.management.ObjectName, javax.management.NotificationListener, javax.management.NotificationFilter, java.lang.Object)#3&quot;, &quot;filter := javax.management.remote.rmi.RMIConnector.RemoteMBeanServerConnection#addNotificationListener(javax.management.ObjectName, javax.management.NotificationListener, javax.management.NotificationFilter, java.lang.Object)#2&quot;, &quot;delegationSubject := javax.management.remote.rmi.RMIConnector.RemoteMBeanServerConnection&quot;, &quot;listener := javax.management.remote.rmi.RMIConnector.RemoteMBeanServerConnection#addNotificationListener(javax.management.ObjectName, javax.management.NotificationListener, javax.management.NotificationFilter, java.lang.Object)#1&quot;, &quot;listenerID := &quot; }"/>
        </annotation>
    </item>
    <item name='com.sun.jmx.remote.internal.ClientNotifForwarder void lostNotifs(java.lang.String, long)'>
        <annotation name='com.intellij.inspections.tainted.annotation.equation.Equations'>
            <val val="{ &quot;message := javax.management.remote.rmi.RMIConnector.RMINotifClient#lostNotifs(java.lang.String, long)#0&quot;, &quot;number := javax.management.remote.rmi.RMIConnector.RMINotifClient#lostNotifs(java.lang.String, long)#1&quot; }"/>
        </annotation>
    </item>
    <item name='com.sun.jmx.remote.internal.ClientNotifForwarder void removeListenerForMBeanRemovedNotif(java.lang.Integer)'>
        <annotation name='com.intellij.inspections.tainted.annotation.equation.Equations'>
            <val val="{ &quot;id := ClientNotifForwarder.NotifFetcher &amp; javax.management.remote.rmi.RMIConnector.RMINotifClient#removeListenerForMBeanRemovedNotif(java.lang.Integer)#0&quot; }"/>
        </annotation>
    </item>
    <item name='com.sun.jmx.remote.internal.ClientNotifForwarder void setState(int)'>
        <annotation name='com.intellij.inspections.tainted.annotation.equation.Equations'>
            <val val="{ &quot;newState := #STARTED &amp; #STOPPED &amp; #STOPPING &amp; #TERMINATED &amp; #STARTING&quot; }"/>
        </annotation>
    </item>
    <item name='com.sun.jmx.remote.internal.ClientNotifForwarder.LinearExecutor'>
        <annotation name='com.intellij.inspections.tainted.annotation.equation.Equations'>
            <val val="{ &quot;LinearExecutor := #execute(java.lang.Runnable)#0&quot; }"/>
        </annotation>
    </item>
    <item name='com.sun.jmx.remote.internal.ClientNotifForwarder.NotifFetcher'>
        <annotation name='com.intellij.inspections.tainted.annotation.equation.Equations'>
            <val val="{ &quot;NotifFetcher := &quot; }"/>
        </annotation>
    </item>
    <item name='com.sun.jmx.remote.internal.ClientNotifForwarder.NotifFetcher java.lang.ClassLoader setContextClassLoader(java.lang.ClassLoader)'>
        <annotation name='com.intellij.inspections.tainted.annotation.equation.Equations'>
            <val val="{ &quot;loader := ClientNotifForwarder.NotifFetcher&quot; }"/>
        </annotation>
    </item>
    <item name='com.sun.jmx.remote.internal.ClientNotifForwarder.NotifFetcher void dispatchNotification(javax.management.remote.TargetedNotification, java.lang.Integer, java.util.Map&lt;java.lang.Integer,com.sun.jmx.remote.internal.ClientListenerInfo&gt;)'>
        <annotation name='com.intellij.inspections.tainted.annotation.equation.Equations'>
            <val val="{ &quot;listeners := &quot;, &quot;tn := &quot;, &quot;myListenerID := ClientNotifForwarder.NotifFetcher&quot; }"/>
        </annotation>
    </item>
    <item name='com.sun.jmx.remote.internal.IIOPHelper IIOPHelper()'>
        <annotation name='com.intellij.inspections.tainted.annotation.equation.Equations'>
            <val val="{ &quot;IIOPHelper := IIOPHelper&quot; }"/>
        </annotation>
    </item>
    <item name='com.sun.jmx.remote.internal.IIOPHelper T narrow(java.lang.Object, java.lang.Class&lt;T&gt;)'>
        <annotation name='com.intellij.inspections.tainted.annotation.equation.Equations'>
            <val val="{ &quot;narrowFrom := javax.management.remote.rmi.RMIConnector#narrowIIOPServer(java.lang.Object)#0&quot; }"/>
        </annotation>
    </item>
    <item name='com.sun.jmx.remote.internal.IIOPHelper boolean isStub(java.lang.Object)'>
        <annotation name='com.intellij.inspections.tainted.annotation.equation.Equations'>
            <val val="{ &quot;obj := javax.management.remote.rmi.RMIConnectorServer#encodeStubInAddress(javax.management.remote.rmi.RMIServer, java.util.Map)#0 &amp; javax.management.remote.rmi.RMIConnectorServer#encodeStub(javax.management.remote.rmi.RMIServer, java.util.Map)#0 &amp; javax.management.remote.rmi.RMIConnector#connectStub(javax.management.remote.rmi.RMIServer, java.util.Map)#0&quot; }"/>
        </annotation>
    </item>
    <item name='com.sun.jmx.remote.internal.IIOPHelper java.lang.Object getDelegate(java.lang.Object)'>
        <annotation name='com.intellij.inspections.tainted.annotation.equation.Equations'>
            <val val="{ &quot;stub := javax.management.remote.rmi.RMIConnector#shadowIiopStub(java.lang.Object)#0&quot; }"/>
        </annotation>
    </item>
    <item name='com.sun.jmx.remote.internal.IIOPHelper java.lang.Object getOrb(java.lang.Object)'>
        <annotation name='com.intellij.inspections.tainted.annotation.equation.Equations'>
            <val val="{ &quot;stub := javax.management.remote.rmi.RMIConnectorServer#encodeIIOPStub(javax.management.remote.rmi.RMIServer, java.util.Map)#0 &amp; javax.management.remote.rmi.RMIConnector#connectStub(javax.management.remote.rmi.RMIServer, java.util.Map)#0&quot; }"/>
        </annotation>
    </item>
    <item name='com.sun.jmx.remote.internal.IIOPHelper java.lang.Object stringToObject(java.lang.Object, java.lang.String)'>
        <annotation name='com.intellij.inspections.tainted.annotation.equation.Equations'>
            <val val="{ &quot;str := javax.management.remote.rmi.RMIConnector#findRMIServerIIOP(java.lang.String, java.util.Map, boolean)#0&quot; }"/>
        </annotation>
    </item>
    <item name='com.sun.jmx.remote.internal.IIOPHelper java.lang.String objectToString(java.lang.Object, java.lang.Object)'>
        <annotation name='com.intellij.inspections.tainted.annotation.equation.Equations'>
            <val val="{ &quot;obj := javax.management.remote.rmi.RMIConnectorServer#encodeIIOPStub(javax.management.remote.rmi.RMIServer, java.util.Map)#0&quot; }"/>
        </annotation>
    </item>
    <item name='com.sun.jmx.remote.internal.IIOPHelper java.rmi.Remote toStub(java.rmi.Remote)'>
        <annotation name='com.intellij.inspections.tainted.annotation.equation.Equations'>
            <val val="{ &quot;obj := javax.management.remote.rmi.RMIIIOPServerImpl&quot; }"/>
        </annotation>
    </item>
    <item name='com.sun.jmx.remote.internal.IIOPHelper void connect(java.lang.Object, java.lang.Object)'>
        <annotation name='com.intellij.inspections.tainted.annotation.equation.Equations'>
            <val val="{ &quot;stub := javax.management.remote.rmi.RMIConnector#connectStub(javax.management.remote.rmi.RMIServer, java.util.Map)#0&quot; }"/>
        </annotation>
    </item>
    <item name='com.sun.jmx.remote.internal.IIOPHelper void exportObject(java.rmi.Remote)'>
        <annotation name='com.intellij.inspections.tainted.annotation.equation.Equations'>
            <val val="{ &quot;obj := javax.management.remote.rmi.RMIIIOPServerImpl&quot; }"/>
        </annotation>
    </item>
    <item name='com.sun.jmx.remote.internal.IIOPHelper void unexportObject(java.rmi.Remote)'>
        <annotation name='com.intellij.inspections.tainted.annotation.equation.Equations'>
            <val val="{ &quot;obj := javax.management.remote.rmi.RMIIIOPServerImpl#closeClient(javax.management.remote.rmi.RMIConnection)#0 &amp; javax.management.remote.rmi.RMIIIOPServerImpl&quot; }"/>
        </annotation>
    </item>
    <item name='com.sun.jmx.remote.internal.IIOPProxy T narrow(java.lang.Object, java.lang.Class&lt;T&gt;)'>
        <annotation name='com.intellij.inspections.tainted.annotation.equation.Equations'>
            <val val="{ &quot;narrowTo := IIOPHelper#narrow(java.lang.Object, java.lang.Class)#1 &amp; com.sun.jmx.remote.protocol.iiop.IIOPProxyImpl#narrow(java.lang.Object, java.lang.Class)#1&quot;, &quot;narrowFrom := IIOPHelper#narrow(java.lang.Object, java.lang.Class)#0 &amp; com.sun.jmx.remote.protocol.iiop.IIOPProxyImpl#narrow(java.lang.Object, java.lang.Class)#0&quot;, &quot;narrow := com.sun.jmx.remote.protocol.iiop.IIOPProxyImpl#narrow(java.lang.Object, java.lang.Class)&quot; }"/>
        </annotation>
    </item>
    <item name='com.sun.jmx.remote.internal.IIOPProxy boolean isOrb(java.lang.Object)'>
        <annotation name='com.intellij.inspections.tainted.annotation.equation.Equations'>
            <val val="{ &quot;obj := IIOPHelper#isOrb(java.lang.Object)#0 &amp; com.sun.jmx.remote.protocol.iiop.IIOPProxyImpl#isOrb(java.lang.Object)#0&quot; }"/>
        </annotation>
    </item>
    <item name='com.sun.jmx.remote.internal.IIOPProxy boolean isStub(java.lang.Object)'>
        <annotation name='com.intellij.inspections.tainted.annotation.equation.Equations'>
            <val val="{ &quot;obj := com.sun.jmx.remote.protocol.iiop.IIOPProxyImpl#isStub(java.lang.Object)#0&quot; }"/>
        </annotation>
    </item>
    <item name='com.sun.jmx.remote.internal.IIOPProxy java.lang.Object createOrb(java.lang.String[], java.util.Properties)'>
        <annotation name='com.intellij.inspections.tainted.annotation.equation.Equations'>
            <val val="{ &quot;args := com.sun.jmx.remote.protocol.iiop.IIOPProxyImpl#createOrb(java.lang.String[], java.util.Properties)#0&quot;, &quot;props := com.sun.jmx.remote.protocol.iiop.IIOPProxyImpl#createOrb(java.lang.String[], java.util.Properties)#1&quot;, &quot;createOrb := com.sun.jmx.remote.protocol.iiop.IIOPProxyImpl#createOrb(java.lang.String[], java.util.Properties)&quot; }"/>
        </annotation>
    </item>
    <item name='com.sun.jmx.remote.internal.IIOPProxy java.lang.Object getDelegate(java.lang.Object)'>
        <annotation name='com.intellij.inspections.tainted.annotation.equation.Equations'>
            <val val="{ &quot;getDelegate := com.sun.jmx.remote.protocol.iiop.IIOPProxyImpl#getDelegate(java.lang.Object)&quot;, &quot;stub := IIOPHelper#getDelegate(java.lang.Object)#0 &amp; com.sun.jmx.remote.protocol.iiop.IIOPProxyImpl#getDelegate(java.lang.Object)#0&quot; }"/>
        </annotation>
    </item>
    <item name='com.sun.jmx.remote.internal.IIOPProxy java.lang.Object getOrb(java.lang.Object)'>
        <annotation name='com.intellij.inspections.tainted.annotation.equation.Equations'>
            <val val="{ &quot;stub := IIOPHelper#getOrb(java.lang.Object)#0 &amp; com.sun.jmx.remote.protocol.iiop.IIOPProxyImpl#getOrb(java.lang.Object)#0&quot;, &quot;getOrb := com.sun.jmx.remote.protocol.iiop.IIOPProxyImpl#getOrb(java.lang.Object)&quot; }"/>
        </annotation>
    </item>
    <item name='com.sun.jmx.remote.internal.IIOPProxy java.lang.Object stringToObject(java.lang.Object, java.lang.String)'>
        <annotation name='com.intellij.inspections.tainted.annotation.equation.Equations'>
            <val val="{ &quot;stringToObject := com.sun.jmx.remote.protocol.iiop.IIOPProxyImpl#stringToObject(java.lang.Object, java.lang.String)&quot;, &quot;orb := com.sun.jmx.remote.protocol.iiop.IIOPProxyImpl#stringToObject(java.lang.Object, java.lang.String)#0&quot;, &quot;str := com.sun.jmx.remote.protocol.iiop.IIOPProxyImpl#stringToObject(java.lang.Object, java.lang.String)#1&quot; }"/>
        </annotation>
    </item>
    <item name='com.sun.jmx.remote.internal.IIOPProxy java.lang.String objectToString(java.lang.Object, java.lang.Object)'>
        <annotation name='com.intellij.inspections.tainted.annotation.equation.Equations'>
            <val val="{ &quot;orb := IIOPHelper#objectToString(java.lang.Object, java.lang.Object)#0 &amp; com.sun.jmx.remote.protocol.iiop.IIOPProxyImpl#objectToString(java.lang.Object, java.lang.Object)#0&quot;, &quot;objectToString := com.sun.jmx.remote.protocol.iiop.IIOPProxyImpl#objectToString(java.lang.Object, java.lang.Object)&quot;, &quot;obj := IIOPHelper#objectToString(java.lang.Object, java.lang.Object)#1 &amp; com.sun.jmx.remote.protocol.iiop.IIOPProxyImpl#objectToString(java.lang.Object, java.lang.Object)#1&quot; }"/>
        </annotation>
    </item>
    <item name='com.sun.jmx.remote.internal.IIOPProxy java.rmi.Remote toStub(java.rmi.Remote)'>
        <annotation name='com.intellij.inspections.tainted.annotation.equation.Equations'>
            <val val="{ &quot;obj := com.sun.jmx.remote.protocol.iiop.IIOPProxyImpl#toStub(java.rmi.Remote)#0&quot;, &quot;toStub := com.sun.jmx.remote.protocol.iiop.IIOPProxyImpl#toStub(java.rmi.Remote)&quot; }"/>
        </annotation>
    </item>
    <item name='com.sun.jmx.remote.internal.IIOPProxy void connect(java.lang.Object, java.lang.Object)'>
        <annotation name='com.intellij.inspections.tainted.annotation.equation.Equations'>
            <val val="{ &quot;stub := com.sun.jmx.remote.protocol.iiop.IIOPProxyImpl#connect(java.lang.Object, java.lang.Object)#0&quot;, &quot;orb := com.sun.jmx.remote.protocol.iiop.IIOPProxyImpl#connect(java.lang.Object, java.lang.Object)#1&quot; }"/>
        </annotation>
    </item>
    <item name='com.sun.jmx.remote.internal.IIOPProxy void exportObject(java.rmi.Remote)'>
        <annotation name='com.intellij.inspections.tainted.annotation.equation.Equations'>
            <val val="{ &quot;obj := com.sun.jmx.remote.protocol.iiop.IIOPProxyImpl#exportObject(java.rmi.Remote)#0&quot; }"/>
        </annotation>
    </item>
    <item name='com.sun.jmx.remote.internal.IIOPProxy void setDelegate(java.lang.Object, java.lang.Object)'>
        <annotation name='com.intellij.inspections.tainted.annotation.equation.Equations'>
            <val val="{ &quot;delegate := IIOPHelper#setDelegate(java.lang.Object, java.lang.Object)#1 &amp; com.sun.jmx.remote.protocol.iiop.IIOPProxyImpl#setDelegate(java.lang.Object, java.lang.Object)#1&quot;, &quot;stub := IIOPHelper#setDelegate(java.lang.Object, java.lang.Object)#0 &amp; com.sun.jmx.remote.protocol.iiop.IIOPProxyImpl#setDelegate(java.lang.Object, java.lang.Object)#0&quot; }"/>
        </annotation>
    </item>
    <item name='com.sun.jmx.remote.internal.IIOPProxy void unexportObject(java.rmi.Remote)'>
        <annotation name='com.intellij.inspections.tainted.annotation.equation.Equations'>
            <val val="{ &quot;obj := com.sun.jmx.remote.protocol.iiop.IIOPProxyImpl#unexportObject(java.rmi.Remote)#0&quot; }"/>
        </annotation>
    </item>
    <item name='com.sun.jmx.remote.internal.NotificationBuffer javax.management.remote.NotificationResult fetchNotifications(com.sun.jmx.remote.internal.NotificationBufferFilter, long, long, int)'>
        <annotation name='com.intellij.inspections.tainted.annotation.equation.Equations'>
            <val val="{ &quot;maxNotifications := ArrayNotificationBuffer.ShareBuffer#fetchNotifications(com.sun.jmx.remote.internal.NotificationBufferFilter, long, long, int)#3 &amp; ArrayNotificationBuffer#fetchNotifications(com.sun.jmx.remote.internal.NotificationBufferFilter, long, long, int)#3&quot;, &quot;filter := ArrayNotificationBuffer.ShareBuffer#fetchNotifications(com.sun.jmx.remote.internal.NotificationBufferFilter, long, long, int)#0 &amp; ArrayNotificationBuffer#fetchNotifications(com.sun.jmx.remote.internal.NotificationBufferFilter, long, long, int)#0&quot;, &quot;fetchNotifications := ArrayNotificationBuffer.ShareBuffer#fetchNotifications(com.sun.jmx.remote.internal.NotificationBufferFilter, long, long, int) &amp; ArrayNotificationBuffer#fetchNotifications(com.sun.jmx.remote.internal.NotificationBufferFilter, long, long, int)&quot;, &quot;startSequenceNumber := ArrayNotificationBuffer.ShareBuffer#fetchNotifications(com.sun.jmx.remote.internal.NotificationBufferFilter, long, long, int)#1 &amp; ArrayNotificationBuffer#fetchNotifications(com.sun.jmx.remote.internal.NotificationBufferFilter, long, long, int)#1&quot;, &quot;timeout := ArrayNotificationBuffer.ShareBuffer#fetchNotifications(com.sun.jmx.remote.internal.NotificationBufferFilter, long, long, int)#2 &amp; ArrayNotificationBuffer#fetchNotifications(com.sun.jmx.remote.internal.NotificationBufferFilter, long, long, int)#2&quot; }"/>
        </annotation>
    </item>
    <item name='com.sun.jmx.remote.internal.NotificationBufferFilter void apply(java.util.List&lt;javax.management.remote.TargetedNotification&gt;, javax.management.ObjectName, javax.management.Notification)'>
        <annotation name='com.intellij.inspections.tainted.annotation.equation.Equations'>
            <val val="{ &quot;targetedNotifs := ServerNotifForwarder.NotifForwarderBufferFilter#apply(java.util.List, javax.management.ObjectName, javax.management.Notification)#0&quot;, &quot;source := ServerNotifForwarder.NotifForwarderBufferFilter#apply(java.util.List, javax.management.ObjectName, javax.management.Notification)#1&quot;, &quot;notif := ServerNotifForwarder.NotifForwarderBufferFilter#apply(java.util.List, javax.management.ObjectName, javax.management.Notification)#2&quot; }"/>
        </annotation>
    </item>
    <item name='com.sun.jmx.remote.internal.ProxyRef ProxyRef(java.rmi.server.RemoteRef)'>
        <annotation name='com.intellij.inspections.tainted.annotation.equation.Equations'>
            <val val="{ &quot;ProxyRef := ProxyRef&quot; }"/>
        </annotation>
    </item>
    <item name='com.sun.jmx.remote.internal.RMIExporter boolean unexportObject(java.rmi.Remote, boolean)'>
        <annotation name='com.intellij.inspections.tainted.annotation.equation.Equations'>
            <val val="{ &quot;obj := javax.management.remote.rmi.RMIJRMPServerImpl#unexport(java.rmi.Remote, boolean)#0&quot; }"/>
        </annotation>
    </item>
    <item name='com.sun.jmx.remote.internal.RMIExporter java.rmi.Remote exportObject(java.rmi.Remote, int, java.rmi.server.RMIClientSocketFactory, java.rmi.server.RMIServerSocketFactory)'>
        <annotation name='com.intellij.inspections.tainted.annotation.equation.Equations'>
            <val val="{ &quot;port := javax.management.remote.rmi.RMIJRMPServerImpl&quot;, &quot;obj := javax.management.remote.rmi.RMIJRMPServerImpl#export(java.rmi.Remote)#0&quot;, &quot;ssf := javax.management.remote.rmi.RMIJRMPServerImpl&quot;, &quot;csf := javax.management.remote.rmi.RMIJRMPServerImpl&quot; }"/>
        </annotation>
    </item>
    <item name='com.sun.jmx.remote.internal.ServerCommunicatorAdmin'>
        <annotation name='com.intellij.inspections.tainted.annotation.equation.Equations'>
            <val val="{ &quot;ServerCommunicatorAdmin := &quot; }"/>
        </annotation>
    </item>
    <item name='com.sun.jmx.remote.internal.ServerCommunicatorAdmin ServerCommunicatorAdmin(long)'>
        <annotation name='com.intellij.inspections.tainted.annotation.equation.Equations'>
            <val val="{ &quot;timeout := javax.management.remote.rmi.RMIConnectionImpl.RMIServerCommunicatorAdmin#RMIServerCommunicatorAdmin(long)#0&quot;, &quot;ServerCommunicatorAdmin := ServerCommunicatorAdmin&quot; }"/>
        </annotation>
    </item>
    <item name='com.sun.jmx.remote.internal.ServerCommunicatorAdmin void logtime(java.lang.String, long)'>
        <annotation name='com.intellij.inspections.tainted.annotation.equation.Equations'>
            <val val="{ &quot;time := ServerCommunicatorAdmin &amp; ServerCommunicatorAdmin.Timeout&quot;, &quot;desc := ServerCommunicatorAdmin.Timeout&quot; }"/>
        </annotation>
    </item>
    <item name='com.sun.jmx.remote.internal.ServerCommunicatorAdmin.Timeout'>
        <annotation name='com.intellij.inspections.tainted.annotation.equation.Equations'>
            <val val="{ &quot;Timeout := &quot; }"/>
        </annotation>
    </item>
    <item name='com.sun.jmx.remote.internal.ServerNotifForwarder'>
        <annotation name='com.intellij.inspections.tainted.annotation.equation.Equations'>
            <val val="{ &quot;ServerNotifForwarder := &quot; }"/>
        </annotation>
    </item>
    <item name='com.sun.jmx.remote.internal.ServerNotifForwarder ServerNotifForwarder(javax.management.MBeanServer, java.util.Map&lt;java.lang.String,?&gt;, com.sun.jmx.remote.internal.NotificationBuffer, java.lang.String)'>
        <annotation name='com.intellij.inspections.tainted.annotation.equation.Equations'>
            <val val="{ &quot;ServerNotifForwarder := ServerNotifForwarder&quot;, &quot;env := javax.management.remote.rmi.RMIConnectionImpl&quot;, &quot;connectionId := javax.management.remote.rmi.RMIConnectionImpl&quot;, &quot;mbeanServer := javax.management.remote.rmi.RMIConnectionImpl&quot; }"/>
        </annotation>
    </item>
    <item name='com.sun.jmx.remote.internal.ServerNotifForwarder boolean allowNotificationEmission(javax.management.ObjectName, javax.management.remote.TargetedNotification)'>
        <annotation name='com.intellij.inspections.tainted.annotation.equation.Equations'>
            <val val="{ &quot;tn := &quot;, &quot;name := ServerNotifForwarder.NotifForwarderBufferFilter#apply(java.util.List, javax.management.ObjectName, javax.management.Notification)#1&quot; }"/>
        </annotation>
    </item>
    <item name='com.sun.jmx.remote.internal.ServerNotifForwarder java.lang.Exception extractException(java.lang.Exception)'>
        <annotation name='com.intellij.inspections.tainted.annotation.equation.Equations'>
            <val val="{ &quot;extractException := e&quot; }"/>
        </annotation>
    </item>
    <item name='com.sun.jmx.remote.internal.ServerNotifForwarder java.lang.Integer addNotificationListener(javax.management.ObjectName, javax.management.NotificationFilter)'>
        <annotation name='com.intellij.inspections.tainted.annotation.equation.Equations'>
            <val val="{ &quot;name := javax.management.remote.rmi.RMIConnectionImpl#doOperation(int, java.lang.Object[])#1&quot;, &quot;filter := javax.management.remote.rmi.RMIConnectionImpl#doOperation(int, java.lang.Object[])#1&quot; }"/>
        </annotation>
    </item>
    <item name='com.sun.jmx.remote.internal.ServerNotifForwarder javax.management.remote.NotificationResult fetchNotifs(long, long, int)'>
        <annotation name='com.intellij.inspections.tainted.annotation.equation.Equations'>
            <val val="{ &quot;timeout := javax.management.remote.rmi.RMIConnectionImpl#fetchNotifications(long, int, long)#2&quot;, &quot;startSequenceNumber := javax.management.remote.rmi.RMIConnectionImpl#fetchNotifications(long, int, long)#0&quot;, &quot;maxNotifications := javax.management.remote.rmi.RMIConnectionImpl#fetchNotifications(long, int, long)#1&quot; }"/>
        </annotation>
    </item>
    <item name='com.sun.jmx.remote.internal.ServerNotifForwarder void checkMBeanPermission(javax.management.MBeanServer, javax.management.ObjectName, java.lang.String)'>
        <annotation name='com.intellij.inspections.tainted.annotation.equation.Equations'>
            <val val="{ &quot;actions := #checkMBeanPermission(javax.management.ObjectName, java.lang.String)#1&quot;, &quot;mbs := ServerNotifForwarder &amp; ArrayNotificationBuffer&quot;, &quot;name := #checkMBeanPermission(javax.management.ObjectName, java.lang.String)#0&quot; }"/>
        </annotation>
    </item>
    <item name='com.sun.jmx.remote.internal.ServerNotifForwarder void checkMBeanPermission(javax.management.ObjectName, java.lang.String)'>
        <annotation name='com.intellij.inspections.tainted.annotation.equation.Equations'>
            <val val="{ &quot;name := #addNotificationListener(javax.management.ObjectName, javax.management.NotificationFilter)#0 &amp; #removeNotificationListener(javax.management.ObjectName, java.lang.Integer[])#0 &amp; #allowNotificationEmission(javax.management.ObjectName, javax.management.remote.TargetedNotification)#0&quot; }"/>
        </annotation>
    </item>
    <item name='com.sun.jmx.remote.internal.ServerNotifForwarder void removeNotificationListener(javax.management.ObjectName, java.lang.Integer)'>
        <annotation name='com.intellij.inspections.tainted.annotation.equation.Equations'>
            <val val="{ &quot;listenerID := #removeNotificationListener(javax.management.ObjectName, java.lang.Integer[])#1&quot;, &quot;name := #removeNotificationListener(javax.management.ObjectName, java.lang.Integer[])#0 &amp; javax.management.remote.rmi.RMIConnectionImpl#addNotificationListeners(javax.management.ObjectName[], java.rmi.MarshalledObject[], javax.security.auth.Subject[])#0&quot; }"/>
        </annotation>
    </item>
    <item name='com.sun.jmx.remote.internal.ServerNotifForwarder void removeNotificationListener(javax.management.ObjectName, java.lang.Integer[])'>
        <annotation name='com.intellij.inspections.tainted.annotation.equation.Equations'>
            <val val="{ &quot;listenerIDs := javax.management.remote.rmi.RMIConnectionImpl#doOperation(int, java.lang.Object[])#1&quot;, &quot;name := javax.management.remote.rmi.RMIConnectionImpl#doOperation(int, java.lang.Object[])#1&quot; }"/>
        </annotation>
    </item>
    <item name='com.sun.jmx.remote.internal.ServerNotifForwarder.IdAndFilter IdAndFilter(java.lang.Integer, javax.management.NotificationFilter)'>
        <annotation name='com.intellij.inspections.tainted.annotation.equation.Equations'>
            <val val="{ &quot;id := ServerNotifForwarder#removeNotificationListener(javax.management.ObjectName, java.lang.Integer)#1&quot;, &quot;filter := ServerNotifForwarder#addNotificationListener(javax.management.ObjectName, javax.management.NotificationFilter)#1&quot;, &quot;IdAndFilter := ServerNotifForwarder.IdAndFilter&quot; }"/>
        </annotation>
    </item>
    <item name='com.sun.jmx.remote.internal.ServerNotifForwarder.IdAndFilter java.lang.Integer getId()'>
        <annotation name='com.intellij.inspections.tainted.annotation.equation.Equations'>
            <val val="{ &quot;getId := ServerNotifForwarder.IdAndFilter&quot; }"/>
        </annotation>
    </item>
    <item name='com.sun.jmx.remote.internal.ServerNotifForwarder.IdAndFilter javax.management.NotificationFilter getFilter()'>
        <annotation name='com.intellij.inspections.tainted.annotation.equation.Equations'>
            <val val="{ &quot;getFilter := ServerNotifForwarder.IdAndFilter&quot; }"/>
        </annotation>
    </item>
</root>