<root>
    <item name='com.sun.jmx.snmp.tasks.TaskServer void submitTask(com.sun.jmx.snmp.tasks.Task)'>
        <annotation name='com.intellij.inspections.tainted.annotation.equation.Equations'>
            <val val="{ &quot;task := ThreadService#submitTask(com.sun.jmx.snmp.tasks.Task)#0&quot; }"/>
        </annotation>
    </item>
    <item name='com.sun.jmx.snmp.tasks.ThreadService'>
        <annotation name='com.intellij.inspections.tainted.annotation.equation.Equations'>
            <val val="{ &quot;ThreadService := &quot; }"/>
        </annotation>
    </item>
    <item name='com.sun.jmx.snmp.tasks.ThreadService ThreadService(int)'>
        <annotation name='com.intellij.inspections.tainted.annotation.equation.Equations'>
            <val val="{ &quot;ThreadService := ThreadService&quot;, &quot;threadNumber := com.sun.jmx.snmp.daemon.SnmpAdaptorServer&quot; }"/>
        </annotation>
    </item>
    <item name='com.sun.jmx.snmp.tasks.ThreadService void submitTask(java.lang.Runnable)'>
        <annotation name='com.intellij.inspections.tainted.annotation.equation.Equations'>
            <val val="{ &quot;task := #submitTask(com.sun.jmx.snmp.tasks.Task)#0&quot; }"/>
        </annotation>
    </item>
    <item name='com.sun.jmx.snmp.tasks.ThreadService.ExecutorThread ExecutorThread()'>
        <annotation name='com.intellij.inspections.tainted.annotation.equation.Equations'>
            <val val="{ &quot;ExecutorThread := ThreadService.ExecutorThread&quot; }"/>
        </annotation>
    </item>
</root>