<root>
    <item name='com.sun.source.util.DocTreePath DocTreePath(com.sun.source.util.DocTreePath, com.sun.source.doctree.DocTree)'>
        <annotation name='com.intellij.inspections.tainted.annotation.equation.Equations'>
            <val val="{ &quot;t := DocTreePathScanner#scan(com.sun.source.doctree.DocTree, java.lang.Object)#0&quot;, &quot;p := DocTreePathScanner&quot;, &quot;DocTreePath := DocTreePath&quot; }"/>
        </annotation>
    </item>
    <item name='com.sun.source.util.DocTreePath DocTreePath(com.sun.source.util.TreePath, com.sun.source.doctree.DocCommentTree)'>
        <annotation name='com.intellij.inspections.tainted.annotation.equation.Equations'>
            <val val="{ &quot;treePath := #getPath(com.sun.source.util.TreePath, com.sun.source.doctree.DocCommentTree, com.sun.source.doctree.DocTree)#0&quot;, &quot;t := #getPath(com.sun.source.util.TreePath, com.sun.source.doctree.DocCommentTree, com.sun.source.doctree.DocTree)#1&quot;, &quot;DocTreePath := DocTreePath&quot; }"/>
        </annotation>
    </item>
    <item name='com.sun.source.util.DocTreePath com.sun.source.doctree.DocCommentTree getDocComment()'>
        <annotation name='com.intellij.inspections.tainted.annotation.equation.Equations'>
            <val val="{ &quot;getDocComment := DocTreePath&quot; }"/>
        </annotation>
    </item>
    <item name='com.sun.source.util.DocTreePath com.sun.source.doctree.DocTree getLeaf()'>
        <annotation name='com.intellij.inspections.tainted.annotation.equation.Equations'>
            <val val="{ &quot;getLeaf := DocTreePath&quot; }"/>
        </annotation>
    </item>
    <item name='com.sun.source.util.DocTreePath com.sun.source.util.DocTreePath getParentPath()'>
        <annotation name='com.intellij.inspections.tainted.annotation.equation.Equations'>
            <val val="{ &quot;getParentPath := DocTreePath&quot; }"/>
        </annotation>
    </item>
    <item name='com.sun.source.util.DocTreePath com.sun.source.util.DocTreePath getPath(com.sun.source.util.DocTreePath, com.sun.source.doctree.DocTree)'>
        <annotation name='com.intellij.inspections.tainted.annotation.equation.Equations'>
            <val val="{ &quot;getPath := path&quot;, &quot;target := #getPath(com.sun.source.util.TreePath, com.sun.source.doctree.DocCommentTree, com.sun.source.doctree.DocTree)#2&quot; }"/>
        </annotation>
    </item>
    <item name='com.sun.source.util.DocTreePath com.sun.source.util.TreePath getTreePath()'>
        <annotation name='com.intellij.inspections.tainted.annotation.equation.Equations'>
            <val val="{ &quot;getTreePath := DocTreePath&quot; }"/>
        </annotation>
    </item>
    <item name='com.sun.source.util.DocTreePath java.util.Iterator&lt;com.sun.source.doctree.DocTree&gt; iterator()'>
        <annotation name='com.intellij.inspections.tainted.annotation.equation.Equations'>
            <val val="{ &quot;iterator := DocTreePath&quot; }"/>
        </annotation>
    </item>
    <item name='com.sun.source.util.DocTreePathScanner R scan(com.sun.source.util.DocTreePath, P)'>
        <annotation name='com.intellij.inspections.tainted.annotation.equation.Equations'>
            <val val="{ &quot;path := DocTreePath#getPath(com.sun.source.util.DocTreePath, com.sun.source.doctree.DocTree)#0&quot;, &quot;p := DocTreePath#getPath(com.sun.source.util.DocTreePath, com.sun.source.doctree.DocTree)#1&quot; }"/>
        </annotation>
    </item>
    <item name='com.sun.source.util.DocTreePathScanner com.sun.source.util.DocTreePath getCurrentPath()'>
        <annotation name='com.intellij.inspections.tainted.annotation.equation.Equations'>
            <val val="{ &quot;getCurrentPath := DocTreePathScanner&quot; }"/>
        </annotation>
    </item>
    <item name='com.sun.source.util.DocTreeScanner'>
        <annotation name='com.intellij.inspections.tainted.annotation.equation.Equations'>
            <val val="{ &quot;DocTreeScanner := DocTreePathScanner&quot; }"/>
        </annotation>
    </item>
    <item name='com.sun.source.util.DocTreeScanner R scan(com.sun.source.doctree.DocTree, P)'>
        <annotation name='com.intellij.inspections.tainted.annotation.equation.Equations'>
            <val val="{ &quot;node := DocTreePathScanner#scan(com.sun.source.doctree.DocTree, java.lang.Object)#0&quot;, &quot;p := DocTreePathScanner#scan(com.sun.source.doctree.DocTree, java.lang.Object)#1&quot;, &quot;scan := DocTreePathScanner#scan(com.sun.source.doctree.DocTree, java.lang.Object)&quot; }"/>
        </annotation>
    </item>
    <item name='com.sun.source.util.DocTreeScanner R scan(java.lang.Iterable&lt;? extends com.sun.source.doctree.DocTree&gt;, P)'>
        <annotation name='com.intellij.inspections.tainted.annotation.equation.Equations'>
            <val val="{ &quot;p := #scanAndReduce(java.lang.Iterable, java.lang.Object, java.lang.Object)#1 &amp; #visitAuthor(com.sun.source.doctree.AuthorTree, java.lang.Object)#1 &amp; #visitDeprecated(com.sun.source.doctree.DeprecatedTree, java.lang.Object)#1 &amp; #visitDocComment(com.sun.source.doctree.DocCommentTree, java.lang.Object)#1 &amp; #visitReturn(com.sun.source.doctree.ReturnTree, java.lang.Object)#1 &amp; #visitSee(com.sun.source.doctree.SeeTree, java.lang.Object)#1 &amp; #visitSerial(com.sun.source.doctree.SerialTree, java.lang.Object)#1 &amp; #visitSerialData(com.sun.source.doctree.SerialDataTree, java.lang.Object)#1 &amp; #visitSince(com.sun.source.doctree.SinceTree, java.lang.Object)#1 &amp; #visitStartElement(com.sun.source.doctree.StartElementTree, java.lang.Object)#1 &amp; #visitUnknownBlockTag(com.sun.source.doctree.UnknownBlockTagTree, java.lang.Object)#1 &amp; #visitUnknownInlineTag(com.sun.source.doctree.UnknownInlineTagTree, java.lang.Object)#1 &amp; #visitVersion(com.sun.source.doctree.VersionTree, java.lang.Object)#1&quot;, &quot;nodes := #scanAndReduce(java.lang.Iterable, java.lang.Object, java.lang.Object)#0&quot; }"/>
        </annotation>
    </item>
    <item name='com.sun.source.util.DocTreeScanner R scanAndReduce(com.sun.source.doctree.DocTree, P, R)'>
        <annotation name='com.intellij.inspections.tainted.annotation.equation.Equations'>
            <val val="{ &quot;node := #scan(java.lang.Iterable, java.lang.Object)#0&quot;, &quot;p := #scan(java.lang.Iterable, java.lang.Object)#1 &amp; #visitSerialField(com.sun.source.doctree.SerialFieldTree, java.lang.Object)#1&quot; }"/>
        </annotation>
    </item>
    <item name='com.sun.source.util.DocTreeScanner R scanAndReduce(java.lang.Iterable&lt;? extends com.sun.source.doctree.DocTree&gt;, P, R)'>
        <annotation name='com.intellij.inspections.tainted.annotation.equation.Equations'>
            <val val="{ &quot;p := #visitDocComment(com.sun.source.doctree.DocCommentTree, java.lang.Object)#1 &amp; #visitLink(com.sun.source.doctree.LinkTree, java.lang.Object)#1 &amp; #visitParam(com.sun.source.doctree.ParamTree, java.lang.Object)#1 &amp; #visitSerialField(com.sun.source.doctree.SerialFieldTree, java.lang.Object)#1 &amp; #visitThrows(com.sun.source.doctree.ThrowsTree, java.lang.Object)#1&quot; }"/>
        </annotation>
    </item>
    <item name='com.sun.source.util.TaskEvent TaskEvent(com.sun.source.util.TaskEvent.Kind)'>
        <annotation name='com.intellij.inspections.tainted.annotation.equation.Equations'>
            <val val="{ &quot;TaskEvent := TaskEvent&quot; }"/>
        </annotation>
    </item>
    <item name='com.sun.source.util.TaskEvent TaskEvent(com.sun.source.util.TaskEvent.Kind, com.sun.source.tree.CompilationUnitTree)'>
        <annotation name='com.intellij.inspections.tainted.annotation.equation.Equations'>
            <val val="{ &quot;TaskEvent := TaskEvent&quot; }"/>
        </annotation>
    </item>
    <item name='com.sun.source.util.TaskEvent TaskEvent(com.sun.source.util.TaskEvent.Kind, com.sun.source.tree.CompilationUnitTree, javax.lang.model.element.TypeElement)'>
        <annotation name='com.intellij.inspections.tainted.annotation.equation.Equations'>
            <val val="{ &quot;TaskEvent := TaskEvent&quot; }"/>
        </annotation>
    </item>
    <item name='com.sun.source.util.TaskEvent TaskEvent(com.sun.source.util.TaskEvent.Kind, javax.tools.JavaFileObject)'>
        <annotation name='com.intellij.inspections.tainted.annotation.equation.Equations'>
            <val val="{ &quot;TaskEvent := TaskEvent&quot; }"/>
        </annotation>
    </item>
    <item name='com.sun.source.util.TaskEvent TaskEvent(com.sun.source.util.TaskEvent.Kind, javax.tools.JavaFileObject, com.sun.source.tree.CompilationUnitTree, javax.lang.model.element.TypeElement)'>
        <annotation name='com.intellij.inspections.tainted.annotation.equation.Equations'>
            <val val="{ &quot;TaskEvent := TaskEvent&quot;, &quot;clazz := #TaskEvent(com.sun.source.util.TaskEvent.Kind, com.sun.source.tree.CompilationUnitTree, javax.lang.model.element.TypeElement)#2&quot;, &quot;file := #TaskEvent(com.sun.source.util.TaskEvent.Kind, javax.tools.JavaFileObject)#1&quot;, &quot;kind := #TaskEvent(com.sun.source.util.TaskEvent.Kind)#0 &amp; #TaskEvent(com.sun.source.util.TaskEvent.Kind, javax.tools.JavaFileObject)#0 &amp; #TaskEvent(com.sun.source.util.TaskEvent.Kind, com.sun.source.tree.CompilationUnitTree)#0 &amp; #TaskEvent(com.sun.source.util.TaskEvent.Kind, com.sun.source.tree.CompilationUnitTree, javax.lang.model.element.TypeElement)#0&quot;, &quot;unit := #TaskEvent(com.sun.source.util.TaskEvent.Kind, com.sun.source.tree.CompilationUnitTree)#1 &amp; #TaskEvent(com.sun.source.util.TaskEvent.Kind, com.sun.source.tree.CompilationUnitTree, javax.lang.model.element.TypeElement)#1&quot; }"/>
        </annotation>
    </item>
    <item name='com.sun.source.util.TaskEvent com.sun.source.tree.CompilationUnitTree getCompilationUnit()'>
        <annotation name='com.intellij.inspections.tainted.annotation.equation.Equations'>
            <val val="{ &quot;getCompilationUnit := TaskEvent&quot; }"/>
        </annotation>
    </item>
    <item name='com.sun.source.util.TaskEvent com.sun.source.util.TaskEvent.Kind getKind()'>
        <annotation name='com.intellij.inspections.tainted.annotation.equation.Equations'>
            <val val="{ &quot;getKind := TaskEvent&quot; }"/>
        </annotation>
    </item>
    <item name='com.sun.source.util.TaskEvent java.lang.String toString()'>
        <annotation name='com.intellij.inspections.tainted.annotation.equation.Equations'>
            <val val="{ &quot;toString := TaskEvent&quot; }"/>
        </annotation>
    </item>
    <item name='com.sun.source.util.TaskEvent javax.lang.model.element.TypeElement getTypeElement()'>
        <annotation name='com.intellij.inspections.tainted.annotation.equation.Equations'>
            <val val="{ &quot;getTypeElement := TaskEvent&quot; }"/>
        </annotation>
    </item>
    <item name='com.sun.source.util.TaskEvent javax.tools.JavaFileObject getSourceFile()'>
        <annotation name='com.intellij.inspections.tainted.annotation.equation.Equations'>
            <val val="{ &quot;getSourceFile := TaskEvent&quot; }"/>
        </annotation>
    </item>
    <item name='com.sun.source.util.TreePath TreePath(com.sun.source.tree.CompilationUnitTree)'>
        <annotation name='com.intellij.inspections.tainted.annotation.equation.Equations'>
            <val val="{ &quot;TreePath := TreePath&quot;, &quot;t := #getPath(com.sun.source.tree.CompilationUnitTree, com.sun.source.tree.Tree)#0&quot; }"/>
        </annotation>
    </item>
    <item name='com.sun.source.util.TreePath TreePath(com.sun.source.util.TreePath, com.sun.source.tree.Tree)'>
        <annotation name='com.intellij.inspections.tainted.annotation.equation.Equations'>
            <val val="{ &quot;TreePath := TreePath&quot;, &quot;t := #TreePath(com.sun.source.tree.CompilationUnitTree)#0 &amp; TreePathScanner#scan(com.sun.source.tree.Tree, java.lang.Object)#0&quot;, &quot;p := TreePathScanner&quot; }"/>
        </annotation>
    </item>
    <item name='com.sun.source.util.TreePath com.sun.source.tree.CompilationUnitTree getCompilationUnit()'>
        <annotation name='com.intellij.inspections.tainted.annotation.equation.Equations'>
            <val val="{ &quot;getCompilationUnit := TreePath&quot; }"/>
        </annotation>
    </item>
    <item name='com.sun.source.util.TreePath com.sun.source.tree.Tree getLeaf()'>
        <annotation name='com.intellij.inspections.tainted.annotation.equation.Equations'>
            <val val="{ &quot;getLeaf := TreePath&quot; }"/>
        </annotation>
    </item>
    <item name='com.sun.source.util.TreePath com.sun.source.util.TreePath getParentPath()'>
        <annotation name='com.intellij.inspections.tainted.annotation.equation.Equations'>
            <val val="{ &quot;getParentPath := TreePath&quot; }"/>
        </annotation>
    </item>
    <item name='com.sun.source.util.TreePath com.sun.source.util.TreePath getPath(com.sun.source.util.TreePath, com.sun.source.tree.Tree)'>
        <annotation name='com.intellij.inspections.tainted.annotation.equation.Equations'>
            <val val="{ &quot;target := #getPath(com.sun.source.tree.CompilationUnitTree, com.sun.source.tree.Tree)#1&quot;, &quot;getPath := path&quot; }"/>
        </annotation>
    </item>
    <item name='com.sun.source.util.TreePath java.util.Iterator&lt;com.sun.source.tree.Tree&gt; iterator()'>
        <annotation name='com.intellij.inspections.tainted.annotation.equation.Equations'>
            <val val="{ &quot;iterator := TreePath&quot; }"/>
        </annotation>
    </item>
    <item name='com.sun.source.util.TreePathScanner R scan(com.sun.source.util.TreePath, P)'>
        <annotation name='com.intellij.inspections.tainted.annotation.equation.Equations'>
            <val val="{ &quot;path := TreePath#getPath(com.sun.source.util.TreePath, com.sun.source.tree.Tree)#0&quot;, &quot;p := TreePath#getPath(com.sun.source.util.TreePath, com.sun.source.tree.Tree)#1&quot; }"/>
        </annotation>
    </item>
    <item name='com.sun.source.util.TreePathScanner com.sun.source.util.TreePath getCurrentPath()'>
        <annotation name='com.intellij.inspections.tainted.annotation.equation.Equations'>
            <val val="{ &quot;getCurrentPath := TreePathScanner&quot; }"/>
        </annotation>
    </item>
    <item name='com.sun.source.util.TreeScanner'>
        <annotation name='com.intellij.inspections.tainted.annotation.equation.Equations'>
            <val val="{ &quot;TreeScanner := TreePathScanner&quot; }"/>
        </annotation>
    </item>
    <item name='com.sun.source.util.TreeScanner R scan(com.sun.source.tree.Tree, P)'>
        <annotation name='com.intellij.inspections.tainted.annotation.equation.Equations'>
            <val val="{ &quot;p := TreePathScanner#scan(com.sun.source.tree.Tree, java.lang.Object)#1&quot;, &quot;scan := TreePathScanner#scan(com.sun.source.tree.Tree, java.lang.Object)&quot;, &quot;node := TreePathScanner#scan(com.sun.source.tree.Tree, java.lang.Object)#0&quot; }"/>
        </annotation>
    </item>
    <item name='com.sun.source.util.TreeScanner R scan(java.lang.Iterable&lt;? extends com.sun.source.tree.Tree&gt;, P)'>
        <annotation name='com.intellij.inspections.tainted.annotation.equation.Equations'>
            <val val="{ &quot;p := #scanAndReduce(java.lang.Iterable, java.lang.Object, java.lang.Object)#1 &amp; #visitCompilationUnit(com.sun.source.tree.CompilationUnitTree, java.lang.Object)#1 &amp; #visitBlock(com.sun.source.tree.BlockTree, java.lang.Object)#1 &amp; #visitForLoop(com.sun.source.tree.ForLoopTree, java.lang.Object)#1 &amp; #visitTry(com.sun.source.tree.TryTree, java.lang.Object)#1 &amp; #visitMethodInvocation(com.sun.source.tree.MethodInvocationTree, java.lang.Object)#1 &amp; #visitLambdaExpression(com.sun.source.tree.LambdaExpressionTree, java.lang.Object)#1 &amp; #visitUnionType(com.sun.source.tree.UnionTypeTree, java.lang.Object)#1 &amp; #visitIntersectionType(com.sun.source.tree.IntersectionTypeTree, java.lang.Object)#1 &amp; #visitTypeParameter(com.sun.source.tree.TypeParameterTree, java.lang.Object)#1 &amp; #visitModifiers(com.sun.source.tree.ModifiersTree, java.lang.Object)#1 &amp; #visitAnnotatedType(com.sun.source.tree.AnnotatedTypeTree, java.lang.Object)#1&quot;, &quot;nodes := #scanAndReduce(java.lang.Iterable, java.lang.Object, java.lang.Object)#0&quot; }"/>
        </annotation>
    </item>
    <item name='com.sun.source.util.TreeScanner R scanAndReduce(com.sun.source.tree.Tree, P, R)'>
        <annotation name='com.intellij.inspections.tainted.annotation.equation.Equations'>
            <val val="{ &quot;node := #scan(java.lang.Iterable, java.lang.Object)#0&quot;, &quot;p := #scan(java.lang.Iterable, java.lang.Object)#1 &amp; #visitCompilationUnit(com.sun.source.tree.CompilationUnitTree, java.lang.Object)#1 &amp; #visitClass(com.sun.source.tree.ClassTree, java.lang.Object)#1 &amp; #visitMethod(com.sun.source.tree.MethodTree, java.lang.Object)#1 &amp; #visitVariable(com.sun.source.tree.VariableTree, java.lang.Object)#1 &amp; #visitDoWhileLoop(com.sun.source.tree.DoWhileLoopTree, java.lang.Object)#1 &amp; #visitWhileLoop(com.sun.source.tree.WhileLoopTree, java.lang.Object)#1 &amp; #visitForLoop(com.sun.source.tree.ForLoopTree, java.lang.Object)#1 &amp; #visitEnhancedForLoop(com.sun.source.tree.EnhancedForLoopTree, java.lang.Object)#1 &amp; #visitSynchronized(com.sun.source.tree.SynchronizedTree, java.lang.Object)#1 &amp; #visitTry(com.sun.source.tree.TryTree, java.lang.Object)#1 &amp; #visitCatch(com.sun.source.tree.CatchTree, java.lang.Object)#1 &amp; #visitConditionalExpression(com.sun.source.tree.ConditionalExpressionTree, java.lang.Object)#1 &amp; #visitIf(com.sun.source.tree.IfTree, java.lang.Object)#1 &amp; #visitAssert(com.sun.source.tree.AssertTree, java.lang.Object)#1 &amp; #visitMethodInvocation(com.sun.source.tree.MethodInvocationTree, java.lang.Object)#1 &amp; #visitNewClass(com.sun.source.tree.NewClassTree, java.lang.Object)#1 &amp; #visitLambdaExpression(com.sun.source.tree.LambdaExpressionTree, java.lang.Object)#1 &amp; #visitAssignment(com.sun.source.tree.AssignmentTree, java.lang.Object)#1 &amp; #visitCompoundAssignment(com.sun.source.tree.CompoundAssignmentTree, java.lang.Object)#1 &amp; #visitBinary(com.sun.source.tree.BinaryTree, java.lang.Object)#1 &amp; #visitTypeCast(com.sun.source.tree.TypeCastTree, java.lang.Object)#1 &amp; #visitInstanceOf(com.sun.source.tree.InstanceOfTree, java.lang.Object)#1 &amp; #visitArrayAccess(com.sun.source.tree.ArrayAccessTree, java.lang.Object)#1 &amp; #visitAnnotatedType(com.sun.source.tree.AnnotatedTypeTree, java.lang.Object)#1&quot; }"/>
        </annotation>
    </item>
    <item name='com.sun.source.util.TreeScanner R scanAndReduce(java.lang.Iterable&lt;? extends com.sun.source.tree.Tree&gt;, P, R)'>
        <annotation name='com.intellij.inspections.tainted.annotation.equation.Equations'>
            <val val="{ &quot;p := #visitCompilationUnit(com.sun.source.tree.CompilationUnitTree, java.lang.Object)#1 &amp; #visitClass(com.sun.source.tree.ClassTree, java.lang.Object)#1 &amp; #visitMethod(com.sun.source.tree.MethodTree, java.lang.Object)#1 &amp; #visitForLoop(com.sun.source.tree.ForLoopTree, java.lang.Object)#1 &amp; #visitSwitch(com.sun.source.tree.SwitchTree, java.lang.Object)#1 &amp; #visitCase(com.sun.source.tree.CaseTree, java.lang.Object)#1 &amp; #visitTry(com.sun.source.tree.TryTree, java.lang.Object)#1 &amp; #visitMethodInvocation(com.sun.source.tree.MethodInvocationTree, java.lang.Object)#1 &amp; #visitNewClass(com.sun.source.tree.NewClassTree, java.lang.Object)#1 &amp; #visitNewArray(com.sun.source.tree.NewArrayTree, java.lang.Object)#1 &amp; #visitMemberReference(com.sun.source.tree.MemberReferenceTree, java.lang.Object)#1 &amp; #visitParameterizedType(com.sun.source.tree.ParameterizedTypeTree, java.lang.Object)#1 &amp; #visitTypeParameter(com.sun.source.tree.TypeParameterTree, java.lang.Object)#1 &amp; #visitAnnotation(com.sun.source.tree.AnnotationTree, java.lang.Object)#1&quot; }"/>
        </annotation>
    </item>
    <item name='com.sun.source.util.Trees com.sun.source.util.Trees getJavacTrees(java.lang.Class&lt;?&gt;, java.lang.Object)'>
        <annotation name='com.intellij.inspections.tainted.annotation.equation.Equations'>
            <val val="{ &quot;arg := #instance(javax.tools.JavaCompiler.CompilationTask)#0 &amp; #instance(javax.annotation.processing.ProcessingEnvironment)#0 &amp; DocTrees#instance(javax.annotation.processing.ProcessingEnvironment)#0&quot; }"/>
        </annotation>
    </item>
    <item name='com.sun.source.util.Trees com.sun.source.util.Trees instance(javax.tools.JavaCompiler.CompilationTask)'>
        <annotation name='com.intellij.inspections.tainted.annotation.equation.Equations'>
            <val val="{ &quot;task := DocTrees#instance(javax.tools.JavaCompiler.CompilationTask)#0&quot; }"/>
        </annotation>
    </item>
</root>