<root>
    <item name='com.sun.corba.se.spi.encoding.CorbaOutputObject CorbaOutputObject(com.sun.corba.se.spi.orb.ORB, com.sun.corba.se.spi.ior.iiop.GIOPVersion, byte, boolean, com.sun.corba.se.impl.encoding.BufferManagerWrite, byte, boolean)'>
        <annotation name='com.intellij.inspections.tainted.annotation.equation.Equations'>
            <val val="{ &quot;version := com.sun.corba.se.impl.encoding.CDROutputObject#CDROutputObject(com.sun.corba.se.spi.orb.ORB, com.sun.corba.se.spi.ior.iiop.GIOPVersion, com.sun.corba.se.impl.protocol.giopmsgheaders.Message, com.sun.corba.se.impl.encoding.BufferManagerWrite, byte, com.sun.corba.se.spi.protocol.CorbaMessageMediator)#1&quot;, &quot;orb := com.sun.corba.se.impl.encoding.CDROutputObject#CDROutputObject(com.sun.corba.se.spi.orb.ORB, com.sun.corba.se.spi.ior.iiop.GIOPVersion, com.sun.corba.se.impl.protocol.giopmsgheaders.Message, com.sun.corba.se.impl.encoding.BufferManagerWrite, byte, com.sun.corba.se.spi.protocol.CorbaMessageMediator)#0&quot;, &quot;streamFormatVersion := com.sun.corba.se.impl.encoding.CDROutputObject#CDROutputObject(com.sun.corba.se.spi.orb.ORB, com.sun.corba.se.spi.ior.iiop.GIOPVersion, com.sun.corba.se.impl.protocol.giopmsgheaders.Message, com.sun.corba.se.impl.encoding.BufferManagerWrite, byte, com.sun.corba.se.spi.protocol.CorbaMessageMediator)#4&quot;, &quot;CorbaOutputObject := CorbaOutputObject&quot;, &quot;bufferManager := com.sun.corba.se.impl.encoding.CDROutputObject#CDROutputObject(com.sun.corba.se.spi.orb.ORB, com.sun.corba.se.spi.ior.iiop.GIOPVersion, com.sun.corba.se.impl.protocol.giopmsgheaders.Message, com.sun.corba.se.impl.encoding.BufferManagerWrite, byte, com.sun.corba.se.spi.protocol.CorbaMessageMediator)#3&quot; }"/>
        </annotation>
    </item>
    <item name='com.sun.corba.se.spi.encoding.CorbaOutputObject void writeTo(com.sun.corba.se.spi.transport.CorbaConnection)'>
        <annotation name='com.intellij.inspections.tainted.annotation.equation.Equations'>
            <val val="{ &quot;connection := com.sun.corba.se.impl.encoding.CDROutputObject#writeTo(com.sun.corba.se.spi.transport.CorbaConnection)#0&quot; }"/>
        </annotation>
    </item>
</root>