<root>
    <item name='sun.java2d.loops.GraphicsPrimitive sun.java2d.loops.GraphicsPrimitive makePrimitive(sun.java2d.loops.SurfaceType, sun.java2d.loops.CompositeType, sun.java2d.loops.SurfaceType)'>
        <annotation name='com.intellij.inspections.tainted.annotation.equation.Equations'>
            <val val="{ &quot;makePrimitive := Blit#makePrimitive(sun.java2d.loops.SurfaceType, sun.java2d.loops.CompositeType, sun.java2d.loops.SurfaceType) &amp; MaskBlit#makePrimitive(sun.java2d.loops.SurfaceType, sun.java2d.loops.CompositeType, sun.java2d.loops.SurfaceType) &amp; GraphicsPrimitiveProxy#makePrimitive(sun.java2d.loops.SurfaceType, sun.java2d.loops.CompositeType, sun.java2d.loops.SurfaceType) &amp; BlitBg#makePrimitive(sun.java2d.loops.SurfaceType, sun.java2d.loops.CompositeType, sun.java2d.loops.SurfaceType) &amp; FillSpans#makePrimitive(sun.java2d.loops.SurfaceType, sun.java2d.loops.CompositeType, sun.java2d.loops.SurfaceType) &amp; MaskFill#makePrimitive(sun.java2d.loops.SurfaceType, sun.java2d.loops.CompositeType, sun.java2d.loops.SurfaceType) &amp; TransformHelper#makePrimitive(sun.java2d.loops.SurfaceType, sun.java2d.loops.CompositeType, sun.java2d.loops.SurfaceType) &amp; ScaledBlit#makePrimitive(sun.java2d.loops.SurfaceType, sun.java2d.loops.CompositeType, sun.java2d.loops.SurfaceType)&quot;, &quot;surfaceType := Blit#makePrimitive(sun.java2d.loops.SurfaceType, sun.java2d.loops.CompositeType, sun.java2d.loops.SurfaceType)#0 &amp; MaskBlit#makePrimitive(sun.java2d.loops.SurfaceType, sun.java2d.loops.CompositeType, sun.java2d.loops.SurfaceType)#0 &amp; GraphicsPrimitiveProxy#makePrimitive(sun.java2d.loops.SurfaceType, sun.java2d.loops.CompositeType, sun.java2d.loops.SurfaceType)#0 &amp; BlitBg#makePrimitive(sun.java2d.loops.SurfaceType, sun.java2d.loops.CompositeType, sun.java2d.loops.SurfaceType)#0 &amp; FillSpans#makePrimitive(sun.java2d.loops.SurfaceType, sun.java2d.loops.CompositeType, sun.java2d.loops.SurfaceType)#0 &amp; MaskFill#makePrimitive(sun.java2d.loops.SurfaceType, sun.java2d.loops.CompositeType, sun.java2d.loops.SurfaceType)#0 &amp; TransformHelper#makePrimitive(sun.java2d.loops.SurfaceType, sun.java2d.loops.CompositeType, sun.java2d.loops.SurfaceType)#0 &amp; ScaledBlit#makePrimitive(sun.java2d.loops.SurfaceType, sun.java2d.loops.CompositeType, sun.java2d.loops.SurfaceType)#0&quot;, &quot;surfaceType1 := Blit#makePrimitive(sun.java2d.loops.SurfaceType, sun.java2d.loops.CompositeType, sun.java2d.loops.SurfaceType)#2 &amp; MaskBlit#makePrimitive(sun.java2d.loops.SurfaceType, sun.java2d.loops.CompositeType, sun.java2d.loops.SurfaceType)#2 &amp; GraphicsPrimitiveProxy#makePrimitive(sun.java2d.loops.SurfaceType, sun.java2d.loops.CompositeType, sun.java2d.loops.SurfaceType)#2 &amp; BlitBg#makePrimitive(sun.java2d.loops.SurfaceType, sun.java2d.loops.CompositeType, sun.java2d.loops.SurfaceType)#2 &amp; FillSpans#makePrimitive(sun.java2d.loops.SurfaceType, sun.java2d.loops.CompositeType, sun.java2d.loops.SurfaceType)#2 &amp; MaskFill#makePrimitive(sun.java2d.loops.SurfaceType, sun.java2d.loops.CompositeType, sun.java2d.loops.SurfaceType)#2 &amp; TransformHelper#makePrimitive(sun.java2d.loops.SurfaceType, sun.java2d.loops.CompositeType, sun.java2d.loops.SurfaceType)#2 &amp; ScaledBlit#makePrimitive(sun.java2d.loops.SurfaceType, sun.java2d.loops.CompositeType, sun.java2d.loops.SurfaceType)#2&quot;, &quot;compositeType := Blit#makePrimitive(sun.java2d.loops.SurfaceType, sun.java2d.loops.CompositeType, sun.java2d.loops.SurfaceType)#1 &amp; MaskBlit#makePrimitive(sun.java2d.loops.SurfaceType, sun.java2d.loops.CompositeType, sun.java2d.loops.SurfaceType)#1 &amp; GraphicsPrimitiveProxy#makePrimitive(sun.java2d.loops.SurfaceType, sun.java2d.loops.CompositeType, sun.java2d.loops.SurfaceType)#1 &amp; BlitBg#makePrimitive(sun.java2d.loops.SurfaceType, sun.java2d.loops.CompositeType, sun.java2d.loops.SurfaceType)#1 &amp; FillSpans#makePrimitive(sun.java2d.loops.SurfaceType, sun.java2d.loops.CompositeType, sun.java2d.loops.SurfaceType)#1 &amp; MaskFill#makePrimitive(sun.java2d.loops.SurfaceType, sun.java2d.loops.CompositeType, sun.java2d.loops.SurfaceType)#1 &amp; TransformHelper#makePrimitive(sun.java2d.loops.SurfaceType, sun.java2d.loops.CompositeType, sun.java2d.loops.SurfaceType)#1 &amp; ScaledBlit#makePrimitive(sun.java2d.loops.SurfaceType, sun.java2d.loops.CompositeType, sun.java2d.loops.SurfaceType)#1&quot; }"/>
        </annotation>
    </item>
    <item name='sun.java2d.loops.GraphicsPrimitive sun.java2d.loops.GraphicsPrimitive traceWrap()'>
        <annotation name='com.intellij.inspections.tainted.annotation.equation.Equations'>
            <val val="{ &quot;traceWrap := Blit#traceWrap() &amp; FillSpans#traceWrap() &amp; MaskBlit#traceWrap() &amp; GraphicsPrimitiveProxy#traceWrap() &amp; BlitBg#traceWrap() &amp; MaskFill#traceWrap() &amp; TransformHelper#traceWrap() &amp; ScaledBlit#traceWrap()&quot; }"/>
        </annotation>
    </item>
    <item name='sun.java2d.loops.GraphicsPrimitive.GeneralBinaryOp void setPrimitives(sun.java2d.loops.Blit, sun.java2d.loops.Blit, sun.java2d.loops.GraphicsPrimitive, sun.java2d.loops.Blit)'>
        <annotation name='com.intellij.inspections.tainted.annotation.equation.Equations'>
            <val val="{ &quot;blit := Blit.GeneralXorBlit#setPrimitives(sun.java2d.loops.Blit, sun.java2d.loops.Blit, sun.java2d.loops.GraphicsPrimitive, sun.java2d.loops.Blit)#0 &amp; MaskBlit.General#setPrimitives(sun.java2d.loops.Blit, sun.java2d.loops.Blit, sun.java2d.loops.GraphicsPrimitive, sun.java2d.loops.Blit)#0&quot;, &quot;graphicsPrimitive := Blit.GeneralXorBlit#setPrimitives(sun.java2d.loops.Blit, sun.java2d.loops.Blit, sun.java2d.loops.GraphicsPrimitive, sun.java2d.loops.Blit)#2 &amp; MaskBlit.General#setPrimitives(sun.java2d.loops.Blit, sun.java2d.loops.Blit, sun.java2d.loops.GraphicsPrimitive, sun.java2d.loops.Blit)#2&quot;, &quot;blit2 := Blit.GeneralXorBlit#setPrimitives(sun.java2d.loops.Blit, sun.java2d.loops.Blit, sun.java2d.loops.GraphicsPrimitive, sun.java2d.loops.Blit)#3 &amp; MaskBlit.General#setPrimitives(sun.java2d.loops.Blit, sun.java2d.loops.Blit, sun.java2d.loops.GraphicsPrimitive, sun.java2d.loops.Blit)#3&quot;, &quot;blit1 := Blit.GeneralXorBlit#setPrimitives(sun.java2d.loops.Blit, sun.java2d.loops.Blit, sun.java2d.loops.GraphicsPrimitive, sun.java2d.loops.Blit)#1 &amp; MaskBlit.General#setPrimitives(sun.java2d.loops.Blit, sun.java2d.loops.Blit, sun.java2d.loops.GraphicsPrimitive, sun.java2d.loops.Blit)#1&quot; }"/>
        </annotation>
    </item>
    <item name='sun.java2d.loops.PixelWriter void writePixel(int, int)'>
        <annotation name='com.intellij.inspections.tainted.annotation.equation.Equations'>
            <val val="{ &quot;i1 := SolidPixelWriter#writePixel(int, int)#1&quot;, &quot;i := SolidPixelWriter#writePixel(int, int)#0&quot; }"/>
        </annotation>
    </item>
</root>