<root>
    <item name='com.sun.org.apache.xerces.internal.utils.ConfigurationError ConfigurationError(java.lang.String, java.lang.Exception)'>
        <annotation name='com.intellij.inspections.tainted.annotation.equation.Equations'>
            <val val="{ &quot;ConfigurationError := ConfigurationError&quot; }"/>
        </annotation>
    </item>
    <item name='com.sun.org.apache.xerces.internal.utils.ObjectFactory java.lang.Class findProviderClass(java.lang.String, boolean)'>
        <annotation name='com.intellij.inspections.tainted.annotation.equation.Equations'>
            <val val="{ &quot;className := com.sun.org.apache.xerces.internal.parsers.AbstractDOMParser &amp; com.sun.org.apache.xerces.internal.parsers.AbstractDOMParser#CORE_DOCUMENT_CLASS_NAME &amp; com.sun.org.apache.xerces.internal.parsers.AbstractDOMParser#PSVI_DOCUMENT_CLASS_NAME &amp; com.sun.org.apache.xerces.internal.parsers.AbstractDOMParser#setDocumentClassName(java.lang.String)#0 &amp; com.sun.org.apache.xerces.internal.parsers.AbstractDOMParser#DEFAULT_DOCUMENT_CLASS_NAME&quot; }"/>
        </annotation>
    </item>
    <item name='com.sun.org.apache.xerces.internal.utils.ObjectFactory java.lang.Class findProviderClass(java.lang.String, java.lang.ClassLoader, boolean)'>
        <annotation name='com.intellij.inspections.tainted.annotation.equation.Equations'>
            <val val="{ &quot;cl := #newInstance(java.lang.String, java.lang.ClassLoader, boolean)#1&quot;, &quot;className := #newInstance(java.lang.String, java.lang.ClassLoader, boolean)#0 &amp; #findProviderClass(java.lang.String, boolean)#0&quot; }"/>
        </annotation>
    </item>
    <item name='com.sun.org.apache.xerces.internal.utils.ObjectFactory java.lang.Object newInstance(java.lang.String, boolean)'>
        <annotation name='com.intellij.inspections.tainted.annotation.equation.Equations'>
            <val val="{ &quot;className := com.sun.org.apache.xerces.internal.xinclude.XIncludeHandler#XINCLUDE_DEFAULT_CONFIGURATION &amp; com.sun.org.apache.xerces.internal.impl.dv.DTDDVFactory#getInstance(java.lang.String)#0 &amp; com.sun.org.apache.xerces.internal.impl.dv.SchemaDVFactory#getInstance(java.lang.String)#0&quot; }"/>
        </annotation>
    </item>
    <item name='com.sun.org.apache.xerces.internal.utils.ObjectFactory java.lang.Object newInstance(java.lang.String, java.lang.ClassLoader, boolean)'>
        <annotation name='com.intellij.inspections.tainted.annotation.equation.Equations'>
            <val val="{ &quot;className := #newInstance(java.lang.String, boolean)#0&quot; }"/>
        </annotation>
    </item>
    <item name='com.sun.org.apache.xerces.internal.utils.ObjectFactory void debugPrintln(java.lang.String)'>
        <annotation name='com.intellij.inspections.tainted.annotation.equation.Equations'>
            <val val="{ &quot;msg := #newInstance(java.lang.String, java.lang.ClassLoader, boolean)#1&quot; }"/>
        </annotation>
    </item>
    <item name='com.sun.org.apache.xerces.internal.utils.SecuritySupport boolean isProtocolAllowed(java.lang.String, java.lang.String)'>
        <annotation name='com.intellij.inspections.tainted.annotation.equation.Equations'>
            <val val="{ &quot;allowedProtocols := #checkAccess(java.lang.String, java.lang.String, java.lang.String)#1&quot; }"/>
        </annotation>
    </item>
    <item name='com.sun.org.apache.xerces.internal.utils.SecuritySupport java.io.InputStream getResourceAsStream(java.lang.ClassLoader, java.lang.String)'>
        <annotation name='com.intellij.inspections.tainted.annotation.equation.Equations'>
            <val val="{ &quot;name := #getResourceAsStream(java.lang.String)#0&quot; }"/>
        </annotation>
    </item>
    <item name='com.sun.org.apache.xerces.internal.utils.SecuritySupport java.lang.String checkAccess(java.lang.String, java.lang.String, java.lang.String)'>
        <annotation name='com.intellij.inspections.tainted.annotation.equation.Equations'>
            <val val="{ &quot;accessAny := com.sun.org.apache.xerces.internal.impl.Constants#ACCESS_EXTERNAL_ALL&quot;, &quot;allowedProtocols := com.sun.org.apache.xerces.internal.impl.xs.traversers.XSDHandler &amp; com.sun.org.apache.xerces.internal.impl.xs.XMLSchemaLoader &amp; com.sun.org.apache.xerces.internal.impl.XMLEntityManager &amp; com.sun.org.apache.xerces.internal.impl.XMLDocumentFragmentScannerImpl#checkAccess(java.lang.String, java.lang.String)#1&quot; }"/>
        </annotation>
    </item>
    <item name='com.sun.org.apache.xerces.internal.utils.SecuritySupport java.lang.String getSystemProperty(java.lang.String)'>
        <annotation name='com.intellij.inspections.tainted.annotation.equation.Equations'>
            <val val="{ &quot;propName := com.sun.org.apache.xml.internal.resolver.CatalogManager &amp; com.sun.org.apache.xml.internal.serialize.SerializerFactory#FactoriesProperty &amp; com.sun.org.apache.xerces.internal.impl.Constants#SUN_DOM_PROPERTY_PREFIX &amp; com.sun.org.apache.xerces.internal.impl.Constants#SUN_DOM_ANCESTOR_CHECCK &amp; XMLSecurityPropertyManager#getSystemProperty(com.sun.org.apache.xerces.internal.utils.XMLSecurityPropertyManager.Property, java.lang.String)#1 &amp; #getJAXPSystemProperty(java.lang.String)#0 &amp; XMLSecurityManager#getSystemProperty(com.sun.org.apache.xerces.internal.utils.XMLSecurityManager.Limit, java.lang.String)#1&quot; }"/>
        </annotation>
    </item>
    <item name='com.sun.org.apache.xerces.internal.utils.SecuritySupport java.lang.String readJAXPProperty(java.lang.String)'>
        <annotation name='com.intellij.inspections.tainted.annotation.equation.Equations'>
            <val val="{ &quot;propertyId := XMLSecurityPropertyManager#getSystemProperty(com.sun.org.apache.xerces.internal.utils.XMLSecurityPropertyManager.Property, java.lang.String)#1 &amp; #getJAXPSystemProperty(java.lang.String)#0 &amp; XMLSecurityManager#getSystemProperty(com.sun.org.apache.xerces.internal.utils.XMLSecurityManager.Limit, java.lang.String)#1&quot; }"/>
        </annotation>
    </item>
    <item name='com.sun.org.apache.xerces.internal.utils.SecuritySupport java.lang.String sanitizePath(java.lang.String)'>
        <annotation name='com.intellij.inspections.tainted.annotation.equation.Equations'>
            <val val="{ &quot;sanitizePath := uri&quot;, &quot;uri := com.sun.org.apache.xerces.internal.impl.XMLDocumentScannerImpl.DTDDriver&quot; }"/>
        </annotation>
    </item>
    <item name='com.sun.org.apache.xerces.internal.utils.SecuritySupport java.util.ResourceBundle getResourceBundle(java.lang.String)'>
        <annotation name='com.intellij.inspections.tainted.annotation.equation.Equations'>
            <val val="{ &quot;bundle := com.sun.org.apache.xerces.internal.util.DatatypeMessageFormatter#BASE_NAME&quot; }"/>
        </annotation>
    </item>
    <item name='com.sun.org.apache.xerces.internal.utils.SecuritySupport java.util.ResourceBundle getResourceBundle(java.lang.String, java.util.Locale)'>
        <annotation name='com.intellij.inspections.tainted.annotation.equation.Equations'>
            <val val="{ &quot;locale := com.sun.org.apache.xerces.internal.dom.DOMMessageFormatter &amp; com.sun.org.apache.xerces.internal.impl.xs.XSMessageFormatter#formatMessage(java.util.Locale, java.lang.String, java.lang.Object[])#0 &amp; com.sun.org.apache.xerces.internal.impl.msg.XMLMessageFormatter#formatMessage(java.util.Locale, java.lang.String, java.lang.Object[])#0 &amp; com.sun.org.apache.xerces.internal.impl.msg.XMLMessageFormatter_de#formatMessage(java.util.Locale, java.lang.String, java.lang.Object[])#0 &amp; com.sun.org.apache.xerces.internal.impl.msg.XMLMessageFormatter_fr#formatMessage(java.util.Locale, java.lang.String, java.lang.Object[])#0 &amp; com.sun.org.apache.xerces.internal.impl.msg.XMLMessageFormatter_es#formatMessage(java.util.Locale, java.lang.String, java.lang.Object[])#0 &amp; com.sun.org.apache.xerces.internal.impl.msg.XMLMessageFormatter_it#formatMessage(java.util.Locale, java.lang.String, java.lang.Object[])#0 &amp; com.sun.org.apache.xerces.internal.impl.msg.XMLMessageFormatter_ja#formatMessage(java.util.Locale, java.lang.String, java.lang.Object[])#0 &amp; com.sun.org.apache.xerces.internal.impl.msg.XMLMessageFormatter_sv#formatMessage(java.util.Locale, java.lang.String, java.lang.Object[])#0 &amp; com.sun.org.apache.xerces.internal.impl.msg.XMLMessageFormatter_ko#formatMessage(java.util.Locale, java.lang.String, java.lang.Object[])#0 &amp; com.sun.org.apache.xerces.internal.impl.msg.XMLMessageFormatter_zh_CN#formatMessage(java.util.Locale, java.lang.String, java.lang.Object[])#0 &amp; com.sun.org.apache.xerces.internal.impl.msg.XMLMessageFormatter_pt_BR#formatMessage(java.util.Locale, java.lang.String, java.lang.Object[])#0 &amp; com.sun.org.apache.xerces.internal.impl.msg.XMLMessageFormatter_zh_TW#formatMessage(java.util.Locale, java.lang.String, java.lang.Object[])#0 &amp; com.sun.org.apache.xerces.internal.impl.xpath.regex.RegexParser#setLocale(java.util.Locale)#0 &amp; com.sun.org.apache.xerces.internal.jaxp.validation.JAXPValidationMessageFormatter#formatMessage(java.util.Locale, java.lang.String, java.lang.Object[])#0 &amp; com.sun.org.apache.xerces.internal.util.SAXMessageFormatter#formatMessage(java.util.Locale, java.lang.String, java.lang.Object[])#0 &amp; com.sun.org.apache.xerces.internal.util.DatatypeMessageFormatter#formatMessage(java.util.Locale, java.lang.String, java.lang.Object[])#0 &amp; com.sun.org.apache.xerces.internal.xinclude.XIncludeMessageFormatter#formatMessage(java.util.Locale, java.lang.String, java.lang.Object[])#0 &amp; com.sun.org.apache.xerces.internal.xpointer.XPointerMessageFormatter#formatMessage(java.util.Locale, java.lang.String, java.lang.Object[])#0&quot;, &quot;bundle := com.sun.org.apache.xerces.internal.util.DatatypeMessageFormatter#BASE_NAME &amp; #getResourceBundle(java.lang.String)#0&quot; }"/>
        </annotation>
    </item>
    <item name='com.sun.org.apache.xerces.internal.utils.XMLLimitAnalyzer XMLLimitAnalyzer()'>
        <annotation name='com.intellij.inspections.tainted.annotation.equation.Equations'>
            <val val="{ &quot;XMLLimitAnalyzer := XMLLimitAnalyzer&quot; }"/>
        </annotation>
    </item>
    <item name='com.sun.org.apache.xerces.internal.utils.XMLLimitAnalyzer int getTotalValue(com.sun.org.apache.xerces.internal.utils.XMLSecurityManager.Limit)'>
        <annotation name='com.intellij.inspections.tainted.annotation.equation.Equations'>
            <val val="{ &quot;getTotalValue := XMLLimitAnalyzer&quot;, &quot;limit := XMLSecurityManager.Limit#TOTAL_ENTITY_SIZE_LIMIT &amp; XMLSecurityManager.Limit#MAX_ELEMENT_DEPTH_LIMIT&quot; }"/>
        </annotation>
    </item>
    <item name='com.sun.org.apache.xerces.internal.utils.XMLLimitAnalyzer int getTotalValue(int)'>
        <annotation name='com.intellij.inspections.tainted.annotation.equation.Equations'>
            <val val="{ &quot;getTotalValue := XMLLimitAnalyzer&quot;, &quot;index := XMLSecurityManager#isOverLimit(int, com.sun.org.apache.xerces.internal.utils.XMLLimitAnalyzer)#0&quot; }"/>
        </annotation>
    </item>
    <item name='com.sun.org.apache.xerces.internal.utils.XMLLimitAnalyzer int getValue(com.sun.org.apache.xerces.internal.utils.XMLSecurityManager.Limit)'>
        <annotation name='com.intellij.inspections.tainted.annotation.equation.Equations'>
            <val val="{ &quot;limit := com.sun.org.apache.xerces.internal.impl.XMLEntityScanner#checkLimit(com.sun.org.apache.xerces.internal.utils.XMLSecurityManager.Limit, com.sun.xml.internal.stream.Entity.ScannedEntity, int, int)#0&quot;, &quot;getValue := &quot; }"/>
        </annotation>
    </item>
    <item name='com.sun.org.apache.xerces.internal.utils.XMLLimitAnalyzer int getValue(int)'>
        <annotation name='com.intellij.inspections.tainted.annotation.equation.Equations'>
            <val val="{ &quot;getValue := XMLLimitAnalyzer&quot;, &quot;index := XMLSecurityManager#isOverLimit(int, com.sun.org.apache.xerces.internal.utils.XMLLimitAnalyzer)#0&quot; }"/>
        </annotation>
    </item>
    <item name='com.sun.org.apache.xerces.internal.utils.XMLLimitAnalyzer int getValueByIndex(int)'>
        <annotation name='com.intellij.inspections.tainted.annotation.equation.Equations'>
            <val val="{ &quot;getValueByIndex := XMLLimitAnalyzer&quot; }"/>
        </annotation>
    </item>
    <item name='com.sun.org.apache.xerces.internal.utils.XMLLimitAnalyzer void addValue(com.sun.org.apache.xerces.internal.utils.XMLSecurityManager.Limit, java.lang.String, int)'>
        <annotation name='com.intellij.inspections.tainted.annotation.equation.Equations'>
            <val val="{ &quot;value := com.sun.org.apache.xerces.internal.impl.XMLScanner#checkEntityLimit(boolean, java.lang.String, int)#2 &amp; com.sun.org.apache.xerces.internal.impl.XMLDocumentFragmentScannerImpl &amp; com.sun.org.apache.xerces.internal.impl.XMLEntityScanner#checkLimit(com.sun.org.apache.xerces.internal.utils.XMLSecurityManager.Limit, com.sun.xml.internal.stream.Entity.ScannedEntity, int, int)#3&quot;, &quot;limit := XMLSecurityManager.Limit#PARAMETER_ENTITY_SIZE_LIMIT &amp; XMLSecurityManager.Limit#GENERAL_ENTITY_SIZE_LIMIT &amp; XMLSecurityManager.Limit#MAX_ELEMENT_DEPTH_LIMIT &amp; com.sun.org.apache.xerces.internal.impl.XMLEntityScanner#checkLimit(com.sun.org.apache.xerces.internal.utils.XMLSecurityManager.Limit, com.sun.xml.internal.stream.Entity.ScannedEntity, int, int)#0&quot;, &quot;entityName := com.sun.org.apache.xerces.internal.impl.XMLScanner#checkEntityLimit(boolean, java.lang.String, int)#1 &amp; com.sun.org.apache.xerces.internal.impl.XMLDocumentFragmentScannerImpl#checkDepth(java.lang.String)#0&quot; }"/>
        </annotation>
    </item>
    <item name='com.sun.org.apache.xerces.internal.utils.XMLLimitAnalyzer void addValue(int, java.lang.String, int)'>
        <annotation name='com.intellij.inspections.tainted.annotation.equation.Equations'>
            <val val="{ &quot;index := com.sun.org.apache.xerces.internal.impl.XMLEntityManager &amp; XMLSecurityManager#isOverLimit(int, java.lang.String, int, com.sun.org.apache.xerces.internal.utils.XMLLimitAnalyzer)#0&quot;, &quot;entityName := com.sun.org.apache.xerces.internal.impl.XMLEntityManager#startEntity(boolean, java.lang.String, com.sun.org.apache.xerces.internal.xni.parser.XMLInputSource, boolean, boolean)#1 &amp; #addValue(com.sun.org.apache.xerces.internal.utils.XMLSecurityManager.Limit, java.lang.String, int)#1 &amp; XMLSecurityManager#isOverLimit(int, java.lang.String, int, com.sun.org.apache.xerces.internal.utils.XMLLimitAnalyzer)#1&quot;, &quot;value := #addValue(com.sun.org.apache.xerces.internal.utils.XMLSecurityManager.Limit, java.lang.String, int)#2 &amp; XMLSecurityManager#isOverLimit(int, java.lang.String, int, com.sun.org.apache.xerces.internal.utils.XMLLimitAnalyzer)#2&quot; }"/>
        </annotation>
    </item>
    <item name='com.sun.org.apache.xerces.internal.utils.XMLLimitAnalyzer void debugPrint(com.sun.org.apache.xerces.internal.utils.XMLSecurityManager)'>
        <annotation name='com.intellij.inspections.tainted.annotation.equation.Equations'>
            <val val="{ &quot;securityManager := XMLSecurityManager&quot; }"/>
        </annotation>
    </item>
    <item name='com.sun.org.apache.xerces.internal.utils.XMLLimitAnalyzer void endEntity(com.sun.org.apache.xerces.internal.utils.XMLSecurityManager.Limit, java.lang.String)'>
        <annotation name='com.intellij.inspections.tainted.annotation.equation.Equations'>
            <val val="{ &quot;name := com.sun.org.apache.xerces.internal.impl.XMLEntityManager &amp; com.sun.org.apache.xerces.internal.impl.XMLDTDScannerImpl#scanEntityValue(java.lang.String, boolean, com.sun.org.apache.xerces.internal.xni.XMLString, com.sun.org.apache.xerces.internal.xni.XMLString)#0&quot;, &quot;limit := XMLSecurityManager.Limit#GENERAL_ENTITY_SIZE_LIMIT &amp; XMLSecurityManager.Limit#PARAMETER_ENTITY_SIZE_LIMIT&quot; }"/>
        </annotation>
    </item>
    <item name='com.sun.org.apache.xerces.internal.utils.XMLLimitAnalyzer void reset(com.sun.org.apache.xerces.internal.utils.XMLSecurityManager.Limit)'>
        <annotation name='com.intellij.inspections.tainted.annotation.equation.Equations'>
            <val val="{ &quot;limit := XMLSecurityManager.Limit#GENERAL_ENTITY_SIZE_LIMIT &amp; XMLSecurityManager.Limit#TOTAL_ENTITY_SIZE_LIMIT&quot; }"/>
        </annotation>
    </item>
    <item name='com.sun.org.apache.xerces.internal.utils.XMLLimitAnalyzer void startEntity(java.lang.String)'>
        <annotation name='com.intellij.inspections.tainted.annotation.equation.Equations'>
            <val val="{ &quot;name := com.sun.org.apache.xerces.internal.impl.XMLEntityManager#setupCurrentEntity(boolean, java.lang.String, com.sun.org.apache.xerces.internal.xni.parser.XMLInputSource, boolean, boolean)#1 &amp; com.sun.org.apache.xerces.internal.impl.XMLDTDScannerImpl#scanEntityValue(java.lang.String, boolean, com.sun.org.apache.xerces.internal.xni.XMLString, com.sun.org.apache.xerces.internal.xni.XMLString)#0&quot; }"/>
        </annotation>
    </item>
    <item name='com.sun.org.apache.xerces.internal.utils.XMLLimitAnalyzer.NameMap NameMap(java.lang.String, java.lang.String)'>
        <annotation name='com.intellij.inspections.tainted.annotation.equation.Equations'>
            <val val="{ &quot;NameMap := XMLLimitAnalyzer.NameMap&quot;, &quot;oldName := com.sun.org.apache.xerces.internal.impl.Constants#ENTITY_EXPANSION_LIMIT &amp; com.sun.org.apache.xerces.internal.impl.Constants#MAX_OCCUR_LIMIT &amp; com.sun.org.apache.xerces.internal.impl.Constants#ELEMENT_ATTRIBUTE_LIMIT&quot;, &quot;newName := com.sun.org.apache.xerces.internal.impl.Constants#SP_ENTITY_EXPANSION_LIMIT &amp; com.sun.org.apache.xerces.internal.impl.Constants#SP_MAX_OCCUR_LIMIT &amp; com.sun.org.apache.xerces.internal.impl.Constants#SP_ELEMENT_ATTRIBUTE_LIMIT&quot; }"/>
        </annotation>
    </item>
    <item name='com.sun.org.apache.xerces.internal.utils.XMLLimitAnalyzer.NameMap java.lang.String getOldName(java.lang.String)'>
        <annotation name='com.intellij.inspections.tainted.annotation.equation.Equations'>
            <val val="{ &quot;getOldName := XMLLimitAnalyzer.NameMap&quot; }"/>
        </annotation>
    </item>
    <item name='com.sun.org.apache.xerces.internal.utils.XMLSecurityManager XMLSecurityManager()'>
        <annotation name='com.intellij.inspections.tainted.annotation.equation.Equations'>
            <val val="{ &quot;XMLSecurityManager := XMLSecurityManager&quot; }"/>
        </annotation>
    </item>
    <item name='com.sun.org.apache.xerces.internal.utils.XMLSecurityManager XMLSecurityManager(boolean)'>
        <annotation name='com.intellij.inspections.tainted.annotation.equation.Equations'>
            <val val="{ &quot;XMLSecurityManager := XMLSecurityManager&quot; }"/>
        </annotation>
    </item>
    <item name='com.sun.org.apache.xerces.internal.utils.XMLSecurityManager boolean getSystemProperty(com.sun.org.apache.xerces.internal.utils.XMLSecurityManager.Limit, java.lang.String)'>
        <annotation name='com.intellij.inspections.tainted.annotation.equation.Equations'>
            <val val="{ &quot;sysPropertyName := &quot;, &quot;limit := XMLSecurityManager.Limit&quot; }"/>
        </annotation>
    </item>
    <item name='com.sun.org.apache.xerces.internal.utils.XMLSecurityManager boolean isOverLimit(com.sun.org.apache.xerces.internal.utils.XMLSecurityManager.Limit, com.sun.org.apache.xerces.internal.utils.XMLLimitAnalyzer)'>
        <annotation name='com.intellij.inspections.tainted.annotation.equation.Equations'>
            <val val="{ &quot;limit := com.sun.org.apache.xerces.internal.impl.XMLEntityScanner#checkLimit(com.sun.org.apache.xerces.internal.utils.XMLSecurityManager.Limit, com.sun.xml.internal.stream.Entity.ScannedEntity, int, int)#0 &amp; XMLSecurityManager.Limit#TOTAL_ENTITY_SIZE_LIMIT&quot;, &quot;limitAnalyzer := com.sun.org.apache.xerces.internal.impl.XMLEntityScanner&quot; }"/>
        </annotation>
    </item>
    <item name='com.sun.org.apache.xerces.internal.utils.XMLSecurityManager boolean isOverLimit(int, com.sun.org.apache.xerces.internal.utils.XMLLimitAnalyzer)'>
        <annotation name='com.intellij.inspections.tainted.annotation.equation.Equations'>
            <val val="{ &quot;index := com.sun.org.apache.xerces.internal.impl.XMLEntityManager&quot;, &quot;limitAnalyzer := #isOverLimit(com.sun.org.apache.xerces.internal.utils.XMLSecurityManager.Limit, com.sun.org.apache.xerces.internal.utils.XMLLimitAnalyzer)#1 &amp; com.sun.org.apache.xerces.internal.impl.XMLEntityManager&quot; }"/>
        </annotation>
    </item>
    <item name='com.sun.org.apache.xerces.internal.utils.XMLSecurityManager boolean isOverLimit(int, java.lang.String, int, com.sun.org.apache.xerces.internal.utils.XMLLimitAnalyzer)'>
        <annotation name='com.intellij.inspections.tainted.annotation.equation.Equations'>
            <val val="{ &quot;entityName := #isOverLimit(com.sun.org.apache.xerces.internal.utils.XMLSecurityManager.Limit, java.lang.String, int, com.sun.org.apache.xerces.internal.utils.XMLLimitAnalyzer)#1&quot;, &quot;index := &quot;, &quot;size := #isOverLimit(com.sun.org.apache.xerces.internal.utils.XMLSecurityManager.Limit, java.lang.String, int, com.sun.org.apache.xerces.internal.utils.XMLLimitAnalyzer)#2&quot;, &quot;limitAnalyzer := #isOverLimit(com.sun.org.apache.xerces.internal.utils.XMLSecurityManager.Limit, java.lang.String, int, com.sun.org.apache.xerces.internal.utils.XMLLimitAnalyzer)#3&quot; }"/>
        </annotation>
    </item>
    <item name='com.sun.org.apache.xerces.internal.utils.XMLSecurityManager com.sun.org.apache.xerces.internal.utils.XMLSecurityManager convert(java.lang.Object, com.sun.org.apache.xerces.internal.utils.XMLSecurityManager)'>
        <annotation name='com.intellij.inspections.tainted.annotation.equation.Equations'>
            <val val="{ &quot;securityManager := com.sun.org.apache.xerces.internal.impl.PropertyManager &amp; com.sun.org.apache.xerces.internal.jaxp.validation.XMLSchemaFactory &amp; com.sun.org.apache.xerces.internal.parsers.SAXParser &amp; com.sun.org.apache.xerces.internal.parsers.DOMParser&quot;, &quot;convert := securityManager &amp; value&quot;, &quot;value := com.sun.org.apache.xerces.internal.impl.PropertyManager#setProperty(java.lang.String, java.lang.Object)#1 &amp; com.sun.org.apache.xerces.internal.jaxp.validation.XMLSchemaFactory#setProperty(java.lang.String, java.lang.Object)#1 &amp; com.sun.org.apache.xerces.internal.parsers.SAXParser#setProperty(java.lang.String, java.lang.Object)#1 &amp; com.sun.org.apache.xerces.internal.parsers.DOMParser#setProperty(java.lang.String, java.lang.Object)#1&quot; }"/>
        </annotation>
    </item>
    <item name='com.sun.org.apache.xerces.internal.utils.XMLSecurityManager com.sun.org.apache.xerces.internal.utils.XMLSecurityManager.State getState(com.sun.org.apache.xerces.internal.utils.XMLSecurityManager.Limit)'>
        <annotation name='com.intellij.inspections.tainted.annotation.equation.Equations'>
            <val val="{ &quot;getState := XMLSecurityManager&quot; }"/>
        </annotation>
    </item>
    <item name='com.sun.org.apache.xerces.internal.utils.XMLSecurityManager int getIndex(java.lang.String)'>
        <annotation name='com.intellij.inspections.tainted.annotation.equation.Equations'>
            <val val="{ &quot;propertyName := #setLimit(java.lang.String, com.sun.org.apache.xerces.internal.utils.XMLSecurityManager.State, java.lang.Object)#0 &amp; com.sun.org.apache.xerces.internal.impl.PropertyManager#containsProperty(java.lang.String)#0 &amp; com.sun.org.apache.xerces.internal.impl.Constants#JDK_ENTITY_EXPANSION_LIMIT &amp; #getLimitAsString(java.lang.String)#0&quot;, &quot;getIndex := XMLSecurityManager&quot; }"/>
        </annotation>
    </item>
    <item name='com.sun.org.apache.xerces.internal.utils.XMLSecurityManager int getLimit(com.sun.org.apache.xerces.internal.utils.XMLSecurityManager.Limit)'>
        <annotation name='com.intellij.inspections.tainted.annotation.equation.Equations'>
            <val val="{ &quot;getLimit := XMLSecurityManager&quot;, &quot;limit := XMLSecurityManager.Limit#MAX_OCCUR_NODE_LIMIT &amp; XMLSecurityManager.Limit#ELEMENT_ATTRIBUTE_LIMIT &amp; XMLSecurityManager.Limit#MAX_NAME_LIMIT &amp; com.sun.org.apache.xerces.internal.impl.XMLEntityScanner#checkLimit(com.sun.org.apache.xerces.internal.utils.XMLSecurityManager.Limit, com.sun.xml.internal.stream.Entity.ScannedEntity, int, int)#0 &amp; XMLSecurityManager.Limit#TOTAL_ENTITY_SIZE_LIMIT&quot; }"/>
        </annotation>
    </item>
    <item name='com.sun.org.apache.xerces.internal.utils.XMLSecurityManager java.lang.String getLimitAsString(java.lang.String)'>
        <annotation name='com.intellij.inspections.tainted.annotation.equation.Equations'>
            <val val="{ &quot;propertyName := com.sun.org.apache.xerces.internal.jaxp.SAXParserImpl.JAXPSAXParser#getProperty(java.lang.String)#0&quot; }"/>
        </annotation>
    </item>
    <item name='com.sun.org.apache.xerces.internal.utils.XMLSecurityManager java.lang.String getLimitValueAsString(com.sun.org.apache.xerces.internal.utils.XMLSecurityManager.Limit)'>
        <annotation name='com.intellij.inspections.tainted.annotation.equation.Equations'>
            <val val="{ &quot;limit := XMLSecurityManager.Limit&quot; }"/>
        </annotation>
    </item>
    <item name='com.sun.org.apache.xerces.internal.utils.XMLSecurityManager java.lang.String getLimitValueByIndex(int)'>
        <annotation name='com.intellij.inspections.tainted.annotation.equation.Equations'>
            <val val="{ &quot;index := com.sun.org.apache.xerces.internal.impl.XMLEntityManager&quot;, &quot;getLimitValueByIndex := XMLSecurityManager&quot; }"/>
        </annotation>
    </item>
    <item name='com.sun.org.apache.xerces.internal.utils.XMLSecurityManager java.lang.String getStateLiteral(com.sun.org.apache.xerces.internal.utils.XMLSecurityManager.Limit)'>
        <annotation name='com.intellij.inspections.tainted.annotation.equation.Equations'>
            <val val="{ &quot;getStateLiteral := &quot;, &quot;limit := com.sun.org.apache.xerces.internal.impl.XMLEntityScanner#checkLimit(com.sun.org.apache.xerces.internal.utils.XMLSecurityManager.Limit, com.sun.xml.internal.stream.Entity.ScannedEntity, int, int)#0 &amp; XMLSecurityManager.Limit#TOTAL_ENTITY_SIZE_LIMIT&quot; }"/>
        </annotation>
    </item>
    <item name='com.sun.org.apache.xerces.internal.utils.XMLSecurityManager void debugPrint(com.sun.org.apache.xerces.internal.utils.XMLLimitAnalyzer)'>
        <annotation name='com.intellij.inspections.tainted.annotation.equation.Equations'>
            <val val="{ &quot;limitAnalyzer := com.sun.org.apache.xerces.internal.impl.XMLEntityScanner &amp; com.sun.org.apache.xerces.internal.impl.XMLScanner &amp; com.sun.org.apache.xerces.internal.impl.XMLEntityManager &amp; com.sun.org.apache.xerces.internal.impl.XMLDocumentFragmentScannerImpl&quot; }"/>
        </annotation>
    </item>
    <item name='com.sun.org.apache.xerces.internal.utils.XMLSecurityManager void printWarning(java.lang.String, java.lang.String, org.xml.sax.SAXException)'>
        <annotation name='com.intellij.inspections.tainted.annotation.equation.Equations'>
            <val val="{ &quot;propertyName := javax.xml.XMLConstants#ACCESS_EXTERNAL_DTD&quot; }"/>
        </annotation>
    </item>
    <item name='com.sun.org.apache.xerces.internal.utils.XMLSecurityManager void setLimit(com.sun.org.apache.xerces.internal.utils.XMLSecurityManager.Limit, com.sun.org.apache.xerces.internal.utils.XMLSecurityManager.State, int)'>
        <annotation name='com.intellij.inspections.tainted.annotation.equation.Equations'>
            <val val="{ &quot;state := XMLSecurityManager.State#APIPROPERTY&quot;, &quot;limit := XMLSecurityManager.Limit#MAX_OCCUR_NODE_LIMIT &amp; XMLSecurityManager.Limit#ENTITY_EXPANSION_LIMIT &amp; XMLSecurityManager.Limit#ELEMENT_ATTRIBUTE_LIMIT&quot; }"/>
        </annotation>
    </item>
    <item name='com.sun.org.apache.xerces.internal.utils.XMLSecurityManager void setLimit(int, com.sun.org.apache.xerces.internal.utils.XMLSecurityManager.State, int)'>
        <annotation name='com.intellij.inspections.tainted.annotation.equation.Equations'>
            <val val="{ &quot;value := #setLimit(com.sun.org.apache.xerces.internal.utils.XMLSecurityManager.Limit, com.sun.org.apache.xerces.internal.utils.XMLSecurityManager.State, int)#2&quot;, &quot;state := XMLSecurityManager.State#FSP &amp; #setLimit(com.sun.org.apache.xerces.internal.utils.XMLSecurityManager.Limit, com.sun.org.apache.xerces.internal.utils.XMLSecurityManager.State, int)#1 &amp; #setLimit(int, com.sun.org.apache.xerces.internal.utils.XMLSecurityManager.State, java.lang.Object)#1&quot;, &quot;index := #setLimit(int, com.sun.org.apache.xerces.internal.utils.XMLSecurityManager.State, java.lang.Object)#0&quot; }"/>
        </annotation>
    </item>
    <item name='com.sun.org.apache.xerces.internal.utils.XMLSecurityManager void setLimit(int, com.sun.org.apache.xerces.internal.utils.XMLSecurityManager.State, java.lang.Object)'>
        <annotation name='com.intellij.inspections.tainted.annotation.equation.Equations'>
            <val val="{ &quot;index := &quot;, &quot;value := #setLimit(java.lang.String, com.sun.org.apache.xerces.internal.utils.XMLSecurityManager.State, java.lang.Object)#2&quot;, &quot;state := #setLimit(java.lang.String, com.sun.org.apache.xerces.internal.utils.XMLSecurityManager.State, java.lang.Object)#1&quot; }"/>
        </annotation>
    </item>
    <item name='com.sun.org.apache.xerces.internal.utils.XMLSecurityManager.Limit Limit(java.lang.String, java.lang.String, java.lang.String, int, int)'>
        <annotation name='com.intellij.inspections.tainted.annotation.equation.Equations'>
            <val val="{ &quot;systemProperty := com.sun.org.apache.xerces.internal.impl.Constants#SP_ENTITY_EXPANSION_LIMIT &amp; com.sun.org.apache.xerces.internal.impl.Constants#SP_MAX_OCCUR_LIMIT &amp; com.sun.org.apache.xerces.internal.impl.Constants#SP_ELEMENT_ATTRIBUTE_LIMIT &amp; com.sun.org.apache.xerces.internal.impl.Constants#SP_TOTAL_ENTITY_SIZE_LIMIT &amp; com.sun.org.apache.xerces.internal.impl.Constants#SP_GENERAL_ENTITY_SIZE_LIMIT &amp; com.sun.org.apache.xerces.internal.impl.Constants#SP_PARAMETER_ENTITY_SIZE_LIMIT &amp; com.sun.org.apache.xerces.internal.impl.Constants#SP_MAX_ELEMENT_DEPTH &amp; com.sun.org.apache.xerces.internal.impl.Constants#SP_XML_NAME_LIMIT &amp; com.sun.org.apache.xerces.internal.impl.Constants#SP_ENTITY_REPLACEMENT_LIMIT&quot;, &quot;apiProperty := com.sun.org.apache.xerces.internal.impl.Constants#JDK_ENTITY_EXPANSION_LIMIT &amp; com.sun.org.apache.xerces.internal.impl.Constants#JDK_MAX_OCCUR_LIMIT &amp; com.sun.org.apache.xerces.internal.impl.Constants#JDK_ELEMENT_ATTRIBUTE_LIMIT &amp; com.sun.org.apache.xerces.internal.impl.Constants#JDK_TOTAL_ENTITY_SIZE_LIMIT &amp; com.sun.org.apache.xerces.internal.impl.Constants#JDK_GENERAL_ENTITY_SIZE_LIMIT &amp; com.sun.org.apache.xerces.internal.impl.Constants#JDK_PARAMETER_ENTITY_SIZE_LIMIT &amp; com.sun.org.apache.xerces.internal.impl.Constants#JDK_MAX_ELEMENT_DEPTH &amp; com.sun.org.apache.xerces.internal.impl.Constants#JDK_XML_NAME_LIMIT &amp; com.sun.org.apache.xerces.internal.impl.Constants#JDK_ENTITY_REPLACEMENT_LIMIT&quot;, &quot;Limit := XMLSecurityManager.Limit&quot; }"/>
        </annotation>
    </item>
    <item name='com.sun.org.apache.xerces.internal.utils.XMLSecurityManager.Limit boolean equalsAPIPropertyName(java.lang.String)'>
        <annotation name='com.intellij.inspections.tainted.annotation.equation.Equations'>
            <val val="{ &quot;propertyName := XMLSecurityManager#getIndex(java.lang.String)#0&quot; }"/>
        </annotation>
    </item>
    <item name='com.sun.org.apache.xerces.internal.utils.XMLSecurityManager.Limit int defaultValue()'>
        <annotation name='com.intellij.inspections.tainted.annotation.equation.Equations'>
            <val val="{ &quot;defaultValue := XMLSecurityManager.Limit&quot; }"/>
        </annotation>
    </item>
    <item name='com.sun.org.apache.xerces.internal.utils.XMLSecurityManager.Limit int secureValue()'>
        <annotation name='com.intellij.inspections.tainted.annotation.equation.Equations'>
            <val val="{ &quot;secureValue := XMLSecurityManager.Limit&quot; }"/>
        </annotation>
    </item>
    <item name='com.sun.org.apache.xerces.internal.utils.XMLSecurityManager.Limit java.lang.String apiProperty()'>
        <annotation name='com.intellij.inspections.tainted.annotation.equation.Equations'>
            <val val="{ &quot;apiProperty := XMLSecurityManager.Limit&quot; }"/>
        </annotation>
    </item>
    <item name='com.sun.org.apache.xerces.internal.utils.XMLSecurityManager.Limit java.lang.String key()'>
        <annotation name='com.intellij.inspections.tainted.annotation.equation.Equations'>
            <val val="{ &quot;key := XMLSecurityManager.Limit&quot; }"/>
        </annotation>
    </item>
    <item name='com.sun.org.apache.xerces.internal.utils.XMLSecurityManager.Limit java.lang.String systemProperty()'>
        <annotation name='com.intellij.inspections.tainted.annotation.equation.Equations'>
            <val val="{ &quot;systemProperty := XMLSecurityManager.Limit&quot; }"/>
        </annotation>
    </item>
    <item name='com.sun.org.apache.xerces.internal.utils.XMLSecurityManager.NameMap NameMap(java.lang.String, java.lang.String)'>
        <annotation name='com.intellij.inspections.tainted.annotation.equation.Equations'>
            <val val="{ &quot;oldName := com.sun.org.apache.xerces.internal.impl.Constants#ENTITY_EXPANSION_LIMIT &amp; com.sun.org.apache.xerces.internal.impl.Constants#MAX_OCCUR_LIMIT &amp; com.sun.org.apache.xerces.internal.impl.Constants#ELEMENT_ATTRIBUTE_LIMIT&quot;, &quot;newName := com.sun.org.apache.xerces.internal.impl.Constants#SP_ENTITY_EXPANSION_LIMIT &amp; com.sun.org.apache.xerces.internal.impl.Constants#SP_MAX_OCCUR_LIMIT &amp; com.sun.org.apache.xerces.internal.impl.Constants#SP_ELEMENT_ATTRIBUTE_LIMIT&quot;, &quot;NameMap := XMLSecurityManager.NameMap&quot; }"/>
        </annotation>
    </item>
    <item name='com.sun.org.apache.xerces.internal.utils.XMLSecurityManager.NameMap java.lang.String getOldName(java.lang.String)'>
        <annotation name='com.intellij.inspections.tainted.annotation.equation.Equations'>
            <val val="{ &quot;newName := &quot;, &quot;getOldName := XMLSecurityManager.NameMap&quot; }"/>
        </annotation>
    </item>
    <item name='com.sun.org.apache.xerces.internal.utils.XMLSecurityManager.State State(java.lang.String)'>
        <annotation name='com.intellij.inspections.tainted.annotation.equation.Equations'>
            <val val="{ &quot;State := XMLSecurityManager.State&quot; }"/>
        </annotation>
    </item>
    <item name='com.sun.org.apache.xerces.internal.utils.XMLSecurityManager.State java.lang.String literal()'>
        <annotation name='com.intellij.inspections.tainted.annotation.equation.Equations'>
            <val val="{ &quot;literal := XMLSecurityManager.State&quot; }"/>
        </annotation>
    </item>
    <item name='com.sun.org.apache.xerces.internal.utils.XMLSecurityPropertyManager'>
        <annotation name='com.intellij.inspections.tainted.annotation.equation.Equations'>
            <val val="{ &quot;XMLSecurityPropertyManager := XMLSecurityPropertyManager.State#DEFAULT&quot; }"/>
        </annotation>
    </item>
    <item name='com.sun.org.apache.xerces.internal.utils.XMLSecurityPropertyManager XMLSecurityPropertyManager()'>
        <annotation name='com.intellij.inspections.tainted.annotation.equation.Equations'>
            <val val="{ &quot;XMLSecurityPropertyManager := XMLSecurityPropertyManager&quot; }"/>
        </annotation>
    </item>
    <item name='com.sun.org.apache.xerces.internal.utils.XMLSecurityPropertyManager int getIndex(java.lang.String)'>
        <annotation name='com.intellij.inspections.tainted.annotation.equation.Equations'>
            <val val="{ &quot;propertyName := com.sun.org.apache.xerces.internal.impl.PropertyManager#containsProperty(java.lang.String)#0 &amp; #setValue(java.lang.String, com.sun.org.apache.xerces.internal.utils.XMLSecurityPropertyManager.State, java.lang.Object)#0 &amp; #getValue(java.lang.String)#0 &amp; com.sun.org.apache.xerces.internal.parsers.SAXParser#setProperty(java.lang.String, java.lang.Object)#0 &amp; com.sun.org.apache.xerces.internal.parsers.DOMParser#setProperty(java.lang.String, java.lang.Object)#0 &amp; com.sun.org.apache.xerces.internal.parsers.DOMParser#getProperty(java.lang.String)#0&quot; }"/>
        </annotation>
    </item>
    <item name='com.sun.org.apache.xerces.internal.utils.XMLSecurityPropertyManager java.lang.String getValue(com.sun.org.apache.xerces.internal.utils.XMLSecurityPropertyManager.Property)'>
        <annotation name='com.intellij.inspections.tainted.annotation.equation.Equations'>
            <val val="{ &quot;property := XMLSecurityPropertyManager.Property#ACCESS_EXTERNAL_DTD &amp; XMLSecurityPropertyManager.Property#ACCESS_EXTERNAL_SCHEMA&quot;, &quot;getValue := XMLSecurityPropertyManager&quot; }"/>
        </annotation>
    </item>
    <item name='com.sun.org.apache.xerces.internal.utils.XMLSecurityPropertyManager java.lang.String getValue(java.lang.String)'>
        <annotation name='com.intellij.inspections.tainted.annotation.equation.Equations'>
            <val val="{ &quot;propertyName := com.sun.org.apache.xerces.internal.jaxp.SAXParserImpl.JAXPSAXParser#getProperty(java.lang.String)#0&quot; }"/>
        </annotation>
    </item>
    <item name='com.sun.org.apache.xerces.internal.utils.XMLSecurityPropertyManager java.lang.String getValueByIndex(int)'>
        <annotation name='com.intellij.inspections.tainted.annotation.equation.Equations'>
            <val val="{ &quot;getValueByIndex := XMLSecurityPropertyManager&quot; }"/>
        </annotation>
    </item>
    <item name='com.sun.org.apache.xerces.internal.utils.XMLSecurityPropertyManager void getSystemProperty(com.sun.org.apache.xerces.internal.utils.XMLSecurityPropertyManager.Property, java.lang.String)'>
        <annotation name='com.intellij.inspections.tainted.annotation.equation.Equations'>
            <val val="{ &quot;property := XMLSecurityPropertyManager.Property#ACCESS_EXTERNAL_DTD &amp; XMLSecurityPropertyManager.Property#ACCESS_EXTERNAL_SCHEMA&quot;, &quot;systemProperty := com.sun.org.apache.xerces.internal.impl.Constants#SP_ACCESS_EXTERNAL_DTD &amp; com.sun.org.apache.xerces.internal.impl.Constants#SP_ACCESS_EXTERNAL_SCHEMA&quot; }"/>
        </annotation>
    </item>
    <item name='com.sun.org.apache.xerces.internal.utils.XMLSecurityPropertyManager void setValue(com.sun.org.apache.xerces.internal.utils.XMLSecurityPropertyManager.Property, com.sun.org.apache.xerces.internal.utils.XMLSecurityPropertyManager.State, java.lang.String)'>
        <annotation name='com.intellij.inspections.tainted.annotation.equation.Equations'>
            <val val="{ &quot;property := XMLSecurityPropertyManager.Property#ACCESS_EXTERNAL_DTD &amp; XMLSecurityPropertyManager.Property#ACCESS_EXTERNAL_SCHEMA&quot;, &quot;value := com.sun.org.apache.xerces.internal.impl.Constants#EXTERNAL_ACCESS_DEFAULT_FSP&quot;, &quot;state := XMLSecurityPropertyManager.State#FSP&quot; }"/>
        </annotation>
    </item>
    <item name='com.sun.org.apache.xerces.internal.utils.XMLSecurityPropertyManager void setValue(int, com.sun.org.apache.xerces.internal.utils.XMLSecurityPropertyManager.State, java.lang.String)'>
        <annotation name='com.intellij.inspections.tainted.annotation.equation.Equations'>
            <val val="{ &quot;index := &quot;, &quot;value := #setValue(java.lang.String, com.sun.org.apache.xerces.internal.utils.XMLSecurityPropertyManager.State, java.lang.Object)#2 &amp; com.sun.org.apache.xerces.internal.parsers.SAXParser#setProperty(java.lang.String, java.lang.Object)#1 &amp; com.sun.org.apache.xerces.internal.parsers.DOMParser#setProperty(java.lang.String, java.lang.Object)#1&quot;, &quot;state := #setValue(java.lang.String, com.sun.org.apache.xerces.internal.utils.XMLSecurityPropertyManager.State, java.lang.Object)#1 &amp; XMLSecurityPropertyManager.State#APIPROPERTY&quot; }"/>
        </annotation>
    </item>
    <item name='com.sun.org.apache.xerces.internal.utils.XMLSecurityPropertyManager.Property Property(java.lang.String, java.lang.String)'>
        <annotation name='com.intellij.inspections.tainted.annotation.equation.Equations'>
            <val val="{ &quot;Property := XMLSecurityPropertyManager.Property&quot;, &quot;name := javax.xml.XMLConstants#ACCESS_EXTERNAL_DTD &amp; javax.xml.XMLConstants#ACCESS_EXTERNAL_SCHEMA&quot;, &quot;value := com.sun.org.apache.xerces.internal.impl.Constants#EXTERNAL_ACCESS_DEFAULT&quot; }"/>
        </annotation>
    </item>
    <item name='com.sun.org.apache.xerces.internal.utils.XMLSecurityPropertyManager.Property boolean equalsName(java.lang.String)'>
        <annotation name='com.intellij.inspections.tainted.annotation.equation.Equations'>
            <val val="{ &quot;propertyName := XMLSecurityPropertyManager#getIndex(java.lang.String)#0&quot; }"/>
        </annotation>
    </item>
    <item name='com.sun.org.apache.xerces.internal.utils.XMLSecurityPropertyManager.Property java.lang.String defaultValue()'>
        <annotation name='com.intellij.inspections.tainted.annotation.equation.Equations'>
            <val val="{ &quot;defaultValue := XMLSecurityPropertyManager.Property&quot; }"/>
        </annotation>
    </item>
</root>