<root>
    <item name='net.sf.ehcache.concurrent.CacheLockProvider net.sf.ehcache.concurrent.Sync getSyncForKey(java.lang.Object)'>
        <annotation name='com.intellij.inspections.tainted.annotation.equation.Equations'>
            <val val="{ &quot;key := net.sf.ehcache.store.MemoryStore.LockProvider#getSyncForKey(java.lang.Object)#0 &amp; StripedReadWriteLockSync#getSyncForKey(java.lang.Object)#0 &amp; net.sf.ehcache.store.disk.DiskStore.LockProvider#getSyncForKey(java.lang.Object)#0 &amp; net.sf.ehcache.store.disk.DiskStore.DiskStoreStripedReadWriteLock#getSyncForKey(java.lang.Object)#0&quot;, &quot;getSyncForKey := net.sf.ehcache.store.MemoryStore.LockProvider#getSyncForKey(java.lang.Object) &amp; StripedReadWriteLockSync#getSyncForKey(java.lang.Object) &amp; net.sf.ehcache.store.disk.DiskStore.LockProvider#getSyncForKey(java.lang.Object) &amp; net.sf.ehcache.store.disk.DiskStore.DiskStoreStripedReadWriteLock#getSyncForKey(java.lang.Object)&quot; }"/>
        </annotation>
    </item>
    <item name='net.sf.ehcache.concurrent.ConcurrencyUtil ConcurrencyUtil()'>
        <annotation name='com.intellij.inspections.tainted.annotation.equation.Equations'>
            <val val="{ &quot;ConcurrencyUtil := ConcurrencyUtil&quot; }"/>
        </annotation>
    </item>
    <item name='net.sf.ehcache.concurrent.ConcurrencyUtil int hash(java.lang.Object)'>
        <annotation name='com.intellij.inspections.tainted.annotation.equation.Equations'>
            <val val="{ &quot;hash := #DOUG_LEA_BLACK_MAGIC_OPERAND_1 &amp; #DOUG_LEA_BLACK_MAGIC_OPERAND_2 &amp; #DOUG_LEA_BLACK_MAGIC_OPERAND_3 &amp; #DOUG_LEA_BLACK_MAGIC_OPERAND_4&quot;, &quot;object := #selectLock(java.lang.Object, int)#0&quot; }"/>
        </annotation>
    </item>
    <item name='net.sf.ehcache.concurrent.ConcurrencyUtil int selectLock(java.lang.Object, int)'>
        <annotation name='com.intellij.inspections.tainted.annotation.equation.Equations'>
            <val val="{ &quot;selectLock := numberOfLocks&quot;, &quot;key := StripedReadWriteLockSync#getSyncForKey(java.lang.Object)#0 &amp; StripedReadWriteLockSync#getLockForKey(java.lang.Object)#0&quot;, &quot;numberOfLocks := StripedReadWriteLockSync&quot; }"/>
        </annotation>
    </item>
    <item name='net.sf.ehcache.concurrent.ConcurrencyUtil void shutdownAndWaitForTermination(java.util.concurrent.ExecutorService, int)'>
        <annotation name='com.intellij.inspections.tainted.annotation.equation.Equations'>
            <val val="{ &quot;waitSeconds := net.sf.ehcache.CacheManager#POOL_SHUTDOWN_TIMEOUT_SECS&quot;, &quot;pool := net.sf.ehcache.CacheManager&quot; }"/>
        </annotation>
    </item>
    <item name='net.sf.ehcache.concurrent.ReadWriteLockSync'>
        <annotation name='com.intellij.inspections.tainted.annotation.equation.Equations'>
            <val val="{ &quot;ReadWriteLockSync := #ReadWriteLockSync(java.util.concurrent.locks.ReentrantReadWriteLock)#0&quot; }"/>
        </annotation>
    </item>
    <item name='net.sf.ehcache.concurrent.ReadWriteLockSync ReadWriteLockSync()'>
        <annotation name='com.intellij.inspections.tainted.annotation.equation.Equations'>
            <val val="{ &quot;ReadWriteLockSync := ReadWriteLockSync&quot; }"/>
        </annotation>
    </item>
    <item name='net.sf.ehcache.concurrent.ReadWriteLockSync ReadWriteLockSync(java.util.concurrent.locks.ReentrantReadWriteLock)'>
        <annotation name='com.intellij.inspections.tainted.annotation.equation.Equations'>
            <val val="{ &quot;lock := &quot;, &quot;ReadWriteLockSync := ReadWriteLockSync&quot; }"/>
        </annotation>
    </item>
    <item name='net.sf.ehcache.concurrent.ReadWriteLockSync java.util.concurrent.locks.Lock getLock(net.sf.ehcache.concurrent.LockType)'>
        <annotation name='com.intellij.inspections.tainted.annotation.equation.Equations'>
            <val val="{ &quot;getLock := &quot; }"/>
        </annotation>
    </item>
    <item name='net.sf.ehcache.concurrent.ReadWriteLockSync java.util.concurrent.locks.ReadWriteLock getReadWriteLock()'>
        <annotation name='com.intellij.inspections.tainted.annotation.equation.Equations'>
            <val val="{ &quot;getReadWriteLock := ReadWriteLockSync&quot; }"/>
        </annotation>
    </item>
    <item name='net.sf.ehcache.concurrent.StripedReadWriteLock java.util.List&lt;net.sf.ehcache.concurrent.ReadWriteLockSync&gt; getAllSyncs()'>
        <annotation name='com.intellij.inspections.tainted.annotation.equation.Equations'>
            <val val="{ &quot;getAllSyncs := StripedReadWriteLockSync#getAllSyncs() &amp; net.sf.ehcache.store.disk.DiskStore.DiskStoreStripedReadWriteLock#getAllSyncs()&quot; }"/>
        </annotation>
    </item>
    <item name='net.sf.ehcache.concurrent.StripedReadWriteLock java.util.concurrent.locks.ReadWriteLock getLockForKey(java.lang.Object)'>
        <annotation name='com.intellij.inspections.tainted.annotation.equation.Equations'>
            <val val="{ &quot;key := StripedReadWriteLockSync#getLockForKey(java.lang.Object)#0 &amp; net.sf.ehcache.store.disk.DiskStore.DiskStoreStripedReadWriteLock#getLockForKey(java.lang.Object)#0&quot;, &quot;getLockForKey := StripedReadWriteLockSync#getLockForKey(java.lang.Object) &amp; net.sf.ehcache.store.disk.DiskStore.DiskStoreStripedReadWriteLock#getLockForKey(java.lang.Object)&quot; }"/>
        </annotation>
    </item>
    <item name='net.sf.ehcache.concurrent.StripedReadWriteLockSync'>
        <annotation name='com.intellij.inspections.tainted.annotation.equation.Equations'>
            <val val="{ &quot;StripedReadWriteLockSync := &quot; }"/>
        </annotation>
    </item>
    <item name='net.sf.ehcache.concurrent.StripedReadWriteLockSync StripedReadWriteLockSync()'>
        <annotation name='com.intellij.inspections.tainted.annotation.equation.Equations'>
            <val val="{ &quot;StripedReadWriteLockSync := StripedReadWriteLockSync&quot; }"/>
        </annotation>
    </item>
    <item name='net.sf.ehcache.concurrent.StripedReadWriteLockSync StripedReadWriteLockSync(int)'>
        <annotation name='com.intellij.inspections.tainted.annotation.equation.Equations'>
            <val val="{ &quot;numberOfStripes := #DEFAULT_NUMBER_OF_MUTEXES &amp; net.sf.ehcache.store.LegacyStoreWrapper#SYNC_STRIPES &amp; net.sf.ehcache.store.CacheStore#DEFAULT_LOCK_STRIPE_COUNT&quot;, &quot;StripedReadWriteLockSync := StripedReadWriteLockSync&quot; }"/>
        </annotation>
    </item>
    <item name='net.sf.ehcache.concurrent.StripedReadWriteLockSync java.util.List&lt;net.sf.ehcache.concurrent.ReadWriteLockSync&gt; getAllSyncs()'>
        <annotation name='com.intellij.inspections.tainted.annotation.equation.Equations'>
            <val val="{ &quot;getAllSyncs := StripedReadWriteLockSync&quot; }"/>
        </annotation>
    </item>
    <item name='net.sf.ehcache.concurrent.StripedReadWriteLockSync java.util.concurrent.locks.ReadWriteLock getLockForKey(java.lang.Object)'>
        <annotation name='com.intellij.inspections.tainted.annotation.equation.Equations'>
            <val val="{ &quot;getLockForKey := &quot; }"/>
        </annotation>
    </item>
    <item name='net.sf.ehcache.concurrent.StripedReadWriteLockSync net.sf.ehcache.concurrent.ReadWriteLockSync getSyncForKey(java.lang.Object)'>
        <annotation name='com.intellij.inspections.tainted.annotation.equation.Equations'>
            <val val="{ &quot;key := net.sf.ehcache.store.LegacyStoreWrapper#containsKey(java.lang.Object)#0 &amp; net.sf.ehcache.store.LegacyStoreWrapper#containsKeyInMemory(java.lang.Object)#0 &amp; net.sf.ehcache.store.LegacyStoreWrapper#containsKeyOnDisk(java.lang.Object)#0 &amp; net.sf.ehcache.store.LegacyStoreWrapper#get(java.lang.Object)#0 &amp; net.sf.ehcache.store.LegacyStoreWrapper#getQuiet(java.lang.Object)#0 &amp; net.sf.ehcache.store.LegacyStoreWrapper#remove(java.lang.Object)#0 &amp; net.sf.ehcache.store.LegacyStoreWrapper#removeWithWriter(java.lang.Object, net.sf.ehcache.writer.CacheWriterManager)#0&quot;, &quot;getSyncForKey := StripedReadWriteLockSync&quot; }"/>
        </annotation>
    </item>
    <item name='net.sf.ehcache.concurrent.Sync boolean isHeldByCurrentThread(net.sf.ehcache.concurrent.LockType)'>
        <annotation name='com.intellij.inspections.tainted.annotation.equation.Equations'>
            <val val="{ &quot;type := LockType#READ &amp; LockType#WRITE&quot; }"/>
        </annotation>
    </item>
    <item name='net.sf.ehcache.concurrent.Sync boolean tryLock(net.sf.ehcache.concurrent.LockType, long)'>
        <annotation name='com.intellij.inspections.tainted.annotation.equation.Equations'>
            <val val="{ &quot;msec := ReadWriteLockSync#tryLock(net.sf.ehcache.concurrent.LockType, long)#1 &amp; net.sf.ehcache.store.disk.DiskStore.ReadWriteLockSync#tryLock(net.sf.ehcache.concurrent.LockType, long)#1&quot;, &quot;type := ReadWriteLockSync#tryLock(net.sf.ehcache.concurrent.LockType, long)#0 &amp; net.sf.ehcache.store.disk.DiskStore.ReadWriteLockSync#tryLock(net.sf.ehcache.concurrent.LockType, long)#0&quot; }"/>
        </annotation>
    </item>
    <item name='net.sf.ehcache.concurrent.Sync void lock(net.sf.ehcache.concurrent.LockType)'>
        <annotation name='com.intellij.inspections.tainted.annotation.equation.Equations'>
            <val val="{ &quot;type := ReadWriteLockSync#lock(net.sf.ehcache.concurrent.LockType)#0 &amp; net.sf.ehcache.store.disk.DiskStore.ReadWriteLockSync#lock(net.sf.ehcache.concurrent.LockType)#0&quot; }"/>
        </annotation>
    </item>
    <item name='net.sf.ehcache.concurrent.Sync void unlock(net.sf.ehcache.concurrent.LockType)'>
        <annotation name='com.intellij.inspections.tainted.annotation.equation.Equations'>
            <val val="{ &quot;type := ReadWriteLockSync#unlock(net.sf.ehcache.concurrent.LockType)#0 &amp; net.sf.ehcache.store.disk.DiskStore.ReadWriteLockSync#unlock(net.sf.ehcache.concurrent.LockType)#0&quot; }"/>
        </annotation>
    </item>
</root>