<root>
    <item name='org.ietf.jgss.ChannelBinding ChannelBinding(byte[])'>
        <annotation name='com.intellij.inspections.tainted.annotation.equation.Equations'>
            <val val="{ &quot;ChannelBinding := ChannelBinding&quot; }"/>
        </annotation>
    </item>
    <item name='org.ietf.jgss.ChannelBinding ChannelBinding(java.net.InetAddress, java.net.InetAddress, byte[])'>
        <annotation name='com.intellij.inspections.tainted.annotation.equation.Equations'>
            <val val="{ &quot;appData := #ChannelBinding(byte[])#0&quot;, &quot;ChannelBinding := ChannelBinding&quot; }"/>
        </annotation>
    </item>
    <item name='org.ietf.jgss.ChannelBinding java.net.InetAddress getAcceptorAddress()'>
        <annotation name='com.intellij.inspections.tainted.annotation.equation.Equations'>
            <val val="{ &quot;getAcceptorAddress := ChannelBinding&quot; }"/>
        </annotation>
    </item>
    <item name='org.ietf.jgss.ChannelBinding java.net.InetAddress getInitiatorAddress()'>
        <annotation name='com.intellij.inspections.tainted.annotation.equation.Equations'>
            <val val="{ &quot;getInitiatorAddress := ChannelBinding&quot; }"/>
        </annotation>
    </item>
    <item name='org.ietf.jgss.GSSContext byte[] acceptSecContext(byte[], int, int)'>
        <annotation name='com.intellij.inspections.tainted.annotation.equation.Equations'>
            <val val="{ &quot;acceptSecContext := sun.security.jgss.GSSContextImpl#acceptSecContext(byte[], int, int)&quot;, &quot;len := sun.security.jgss.GSSContextImpl#acceptSecContext(byte[], int, int)#2&quot;, &quot;inToken := sun.security.jgss.GSSContextImpl#acceptSecContext(byte[], int, int)#0&quot;, &quot;offset := sun.security.jgss.GSSContextImpl#acceptSecContext(byte[], int, int)#1&quot; }"/>
        </annotation>
    </item>
    <item name='org.ietf.jgss.GSSContext byte[] export()'>
        <annotation name='com.intellij.inspections.tainted.annotation.equation.Equations'>
            <val val="{ &quot;export := sun.security.jgss.GSSContextImpl#export()&quot; }"/>
        </annotation>
    </item>
    <item name='org.ietf.jgss.GSSContext byte[] getMIC(byte[], int, int, org.ietf.jgss.MessageProp)'>
        <annotation name='com.intellij.inspections.tainted.annotation.equation.Equations'>
            <val val="{ &quot;inMsg := sun.security.jgss.GSSContextImpl#getMIC(byte[], int, int, org.ietf.jgss.MessageProp)#0&quot;, &quot;len := sun.security.jgss.GSSContextImpl#getMIC(byte[], int, int, org.ietf.jgss.MessageProp)#2&quot;, &quot;offset := sun.security.jgss.GSSContextImpl#getMIC(byte[], int, int, org.ietf.jgss.MessageProp)#1&quot;, &quot;getMIC := sun.security.jgss.GSSContextImpl#getMIC(byte[], int, int, org.ietf.jgss.MessageProp)&quot;, &quot;msgProp := sun.security.jgss.GSSContextImpl#getMIC(byte[], int, int, org.ietf.jgss.MessageProp)#3&quot; }"/>
        </annotation>
    </item>
    <item name='org.ietf.jgss.GSSContext byte[] initSecContext(byte[], int, int)'>
        <annotation name='com.intellij.inspections.tainted.annotation.equation.Equations'>
            <val val="{ &quot;len := sun.security.jgss.GSSContextImpl#initSecContext(byte[], int, int)#2&quot;, &quot;offset := sun.security.jgss.GSSContextImpl#initSecContext(byte[], int, int)#1&quot;, &quot;inputBuf := sun.security.jgss.GSSContextImpl#initSecContext(byte[], int, int)#0&quot;, &quot;initSecContext := sun.security.jgss.GSSContextImpl#initSecContext(byte[], int, int)&quot; }"/>
        </annotation>
    </item>
    <item name='org.ietf.jgss.GSSContext byte[] unwrap(byte[], int, int, org.ietf.jgss.MessageProp)'>
        <annotation name='com.intellij.inspections.tainted.annotation.equation.Equations'>
            <val val="{ &quot;msgProp := sun.security.jgss.GSSContextImpl#unwrap(byte[], int, int, org.ietf.jgss.MessageProp)#3&quot;, &quot;len := sun.security.jgss.GSSContextImpl#unwrap(byte[], int, int, org.ietf.jgss.MessageProp)#2&quot;, &quot;offset := sun.security.jgss.GSSContextImpl#unwrap(byte[], int, int, org.ietf.jgss.MessageProp)#1&quot;, &quot;inBuf := sun.security.jgss.GSSContextImpl#unwrap(byte[], int, int, org.ietf.jgss.MessageProp)#0&quot;, &quot;unwrap := sun.security.jgss.GSSContextImpl#unwrap(byte[], int, int, org.ietf.jgss.MessageProp)&quot; }"/>
        </annotation>
    </item>
    <item name='org.ietf.jgss.GSSContext byte[] wrap(byte[], int, int, org.ietf.jgss.MessageProp)'>
        <annotation name='com.intellij.inspections.tainted.annotation.equation.Equations'>
            <val val="{ &quot;len := sun.security.jgss.GSSContextImpl#wrap(byte[], int, int, org.ietf.jgss.MessageProp)#2&quot;, &quot;offset := sun.security.jgss.GSSContextImpl#wrap(byte[], int, int, org.ietf.jgss.MessageProp)#1&quot;, &quot;wrap := sun.security.jgss.GSSContextImpl#wrap(byte[], int, int, org.ietf.jgss.MessageProp)&quot;, &quot;msgProp := sun.security.jgss.GSSContextImpl#wrap(byte[], int, int, org.ietf.jgss.MessageProp)#3&quot;, &quot;inBuf := sun.security.jgss.GSSContextImpl#wrap(byte[], int, int, org.ietf.jgss.MessageProp)#0&quot; }"/>
        </annotation>
    </item>
    <item name='org.ietf.jgss.GSSContext int getLifetime()'>
        <annotation name='com.intellij.inspections.tainted.annotation.equation.Equations'>
            <val val="{ &quot;getLifetime := sun.security.jgss.GSSContextImpl#getLifetime()&quot; }"/>
        </annotation>
    </item>
    <item name='org.ietf.jgss.GSSContext int getWrapSizeLimit(int, boolean, int)'>
        <annotation name='com.intellij.inspections.tainted.annotation.equation.Equations'>
            <val val="{ &quot;getWrapSizeLimit := sun.security.jgss.GSSContextImpl#getWrapSizeLimit(int, boolean, int)&quot;, &quot;maxTokenSize := sun.security.jgss.GSSContextImpl#getWrapSizeLimit(int, boolean, int)#2&quot;, &quot;qop := sun.security.jgss.GSSContextImpl#getWrapSizeLimit(int, boolean, int)#0&quot; }"/>
        </annotation>
    </item>
    <item name='org.ietf.jgss.GSSContext int initSecContext(java.io.InputStream, java.io.OutputStream)'>
        <annotation name='com.intellij.inspections.tainted.annotation.equation.Equations'>
            <val val="{ &quot;initSecContext := sun.security.jgss.GSSContextImpl#initSecContext(java.io.InputStream, java.io.OutputStream)&quot;, &quot;inStream := sun.security.jgss.GSSContextImpl#initSecContext(java.io.InputStream, java.io.OutputStream)#0&quot;, &quot;outStream := sun.security.jgss.GSSContextImpl#initSecContext(java.io.InputStream, java.io.OutputStream)#1&quot; }"/>
        </annotation>
    </item>
    <item name='org.ietf.jgss.GSSContext org.ietf.jgss.GSSCredential getDelegCred()'>
        <annotation name='com.intellij.inspections.tainted.annotation.equation.Equations'>
            <val val="{ &quot;getDelegCred := sun.security.jgss.GSSContextImpl#getDelegCred()&quot; }"/>
        </annotation>
    </item>
    <item name='org.ietf.jgss.GSSContext org.ietf.jgss.GSSName getSrcName()'>
        <annotation name='com.intellij.inspections.tainted.annotation.equation.Equations'>
            <val val="{ &quot;getSrcName := sun.security.jgss.GSSContextImpl#getSrcName()&quot; }"/>
        </annotation>
    </item>
    <item name='org.ietf.jgss.GSSContext org.ietf.jgss.GSSName getTargName()'>
        <annotation name='com.intellij.inspections.tainted.annotation.equation.Equations'>
            <val val="{ &quot;getTargName := sun.security.jgss.GSSContextImpl#getTargName()&quot; }"/>
        </annotation>
    </item>
    <item name='org.ietf.jgss.GSSContext org.ietf.jgss.Oid getMech()'>
        <annotation name='com.intellij.inspections.tainted.annotation.equation.Equations'>
            <val val="{ &quot;getMech := sun.security.jgss.GSSContextImpl#getMech()&quot; }"/>
        </annotation>
    </item>
    <item name='org.ietf.jgss.GSSContext void acceptSecContext(java.io.InputStream, java.io.OutputStream)'>
        <annotation name='com.intellij.inspections.tainted.annotation.equation.Equations'>
            <val val="{ &quot;outStream := sun.security.jgss.GSSContextImpl#acceptSecContext(java.io.InputStream, java.io.OutputStream)#1&quot;, &quot;inStream := sun.security.jgss.GSSContextImpl#acceptSecContext(java.io.InputStream, java.io.OutputStream)#0&quot; }"/>
        </annotation>
    </item>
    <item name='org.ietf.jgss.GSSContext void getMIC(java.io.InputStream, java.io.OutputStream, org.ietf.jgss.MessageProp)'>
        <annotation name='com.intellij.inspections.tainted.annotation.equation.Equations'>
            <val val="{ &quot;inStream := sun.security.jgss.GSSContextImpl#getMIC(java.io.InputStream, java.io.OutputStream, org.ietf.jgss.MessageProp)#0&quot;, &quot;outStream := sun.security.jgss.GSSContextImpl#getMIC(java.io.InputStream, java.io.OutputStream, org.ietf.jgss.MessageProp)#1&quot;, &quot;msgProp := sun.security.jgss.GSSContextImpl#getMIC(java.io.InputStream, java.io.OutputStream, org.ietf.jgss.MessageProp)#2&quot; }"/>
        </annotation>
    </item>
    <item name='org.ietf.jgss.GSSContext void requestLifetime(int)'>
        <annotation name='com.intellij.inspections.tainted.annotation.equation.Equations'>
            <val val="{ &quot;lifetime := sun.security.jgss.GSSContextImpl#requestLifetime(int)#0&quot; }"/>
        </annotation>
    </item>
    <item name='org.ietf.jgss.GSSContext void setChannelBinding(org.ietf.jgss.ChannelBinding)'>
        <annotation name='com.intellij.inspections.tainted.annotation.equation.Equations'>
            <val val="{ &quot;cb := sun.security.jgss.GSSContextImpl#setChannelBinding(org.ietf.jgss.ChannelBinding)#0&quot; }"/>
        </annotation>
    </item>
    <item name='org.ietf.jgss.GSSContext void unwrap(java.io.InputStream, java.io.OutputStream, org.ietf.jgss.MessageProp)'>
        <annotation name='com.intellij.inspections.tainted.annotation.equation.Equations'>
            <val val="{ &quot;inStream := sun.security.jgss.GSSContextImpl#unwrap(java.io.InputStream, java.io.OutputStream, org.ietf.jgss.MessageProp)#0&quot;, &quot;outStream := sun.security.jgss.GSSContextImpl#unwrap(java.io.InputStream, java.io.OutputStream, org.ietf.jgss.MessageProp)#1&quot;, &quot;msgProp := sun.security.jgss.GSSContextImpl#unwrap(java.io.InputStream, java.io.OutputStream, org.ietf.jgss.MessageProp)#2&quot; }"/>
        </annotation>
    </item>
    <item name='org.ietf.jgss.GSSContext void verifyMIC(byte[], int, int, byte[], int, int, org.ietf.jgss.MessageProp)'>
        <annotation name='com.intellij.inspections.tainted.annotation.equation.Equations'>
            <val val="{ &quot;msgLen := sun.security.jgss.GSSContextImpl#verifyMIC(byte[], int, int, byte[], int, int, org.ietf.jgss.MessageProp)#5&quot;, &quot;inToken := sun.security.jgss.GSSContextImpl#verifyMIC(byte[], int, int, byte[], int, int, org.ietf.jgss.MessageProp)#0&quot;, &quot;msgProp := sun.security.jgss.GSSContextImpl#verifyMIC(byte[], int, int, byte[], int, int, org.ietf.jgss.MessageProp)#6&quot;, &quot;inMsg := sun.security.jgss.GSSContextImpl#verifyMIC(byte[], int, int, byte[], int, int, org.ietf.jgss.MessageProp)#3&quot;, &quot;msgOffset := sun.security.jgss.GSSContextImpl#verifyMIC(byte[], int, int, byte[], int, int, org.ietf.jgss.MessageProp)#4&quot;, &quot;tokLen := sun.security.jgss.GSSContextImpl#verifyMIC(byte[], int, int, byte[], int, int, org.ietf.jgss.MessageProp)#2&quot;, &quot;tokOffset := sun.security.jgss.GSSContextImpl#verifyMIC(byte[], int, int, byte[], int, int, org.ietf.jgss.MessageProp)#1&quot; }"/>
        </annotation>
    </item>
    <item name='org.ietf.jgss.GSSContext void verifyMIC(java.io.InputStream, java.io.InputStream, org.ietf.jgss.MessageProp)'>
        <annotation name='com.intellij.inspections.tainted.annotation.equation.Equations'>
            <val val="{ &quot;tokStream := sun.security.jgss.GSSContextImpl#verifyMIC(java.io.InputStream, java.io.InputStream, org.ietf.jgss.MessageProp)#0&quot;, &quot;msgProp := sun.security.jgss.GSSContextImpl#verifyMIC(java.io.InputStream, java.io.InputStream, org.ietf.jgss.MessageProp)#2&quot;, &quot;msgStream := sun.security.jgss.GSSContextImpl#verifyMIC(java.io.InputStream, java.io.InputStream, org.ietf.jgss.MessageProp)#1&quot; }"/>
        </annotation>
    </item>
    <item name='org.ietf.jgss.GSSContext void wrap(java.io.InputStream, java.io.OutputStream, org.ietf.jgss.MessageProp)'>
        <annotation name='com.intellij.inspections.tainted.annotation.equation.Equations'>
            <val val="{ &quot;outStream := sun.security.jgss.GSSContextImpl#wrap(java.io.InputStream, java.io.OutputStream, org.ietf.jgss.MessageProp)#1&quot;, &quot;msgProp := sun.security.jgss.GSSContextImpl#wrap(java.io.InputStream, java.io.OutputStream, org.ietf.jgss.MessageProp)#2&quot;, &quot;inStream := sun.security.jgss.GSSContextImpl#wrap(java.io.InputStream, java.io.OutputStream, org.ietf.jgss.MessageProp)#0&quot; }"/>
        </annotation>
    </item>
    <item name='org.ietf.jgss.GSSCredential boolean equals(java.lang.Object)'>
        <annotation name='com.intellij.inspections.tainted.annotation.equation.Equations'>
            <val val="{ &quot;another := sun.security.jgss.GSSCredentialImpl#equals(java.lang.Object)#0&quot; }"/>
        </annotation>
    </item>
    <item name='org.ietf.jgss.GSSCredential int getRemainingAcceptLifetime(org.ietf.jgss.Oid)'>
        <annotation name='com.intellij.inspections.tainted.annotation.equation.Equations'>
            <val val="{ &quot;mech := sun.security.jgss.GSSCredentialImpl#getRemainingAcceptLifetime(org.ietf.jgss.Oid)#0&quot;, &quot;getRemainingAcceptLifetime := sun.security.jgss.GSSCredentialImpl#getRemainingAcceptLifetime(org.ietf.jgss.Oid)&quot; }"/>
        </annotation>
    </item>
    <item name='org.ietf.jgss.GSSCredential int getRemainingInitLifetime(org.ietf.jgss.Oid)'>
        <annotation name='com.intellij.inspections.tainted.annotation.equation.Equations'>
            <val val="{ &quot;getRemainingInitLifetime := sun.security.jgss.GSSCredentialImpl#getRemainingInitLifetime(org.ietf.jgss.Oid)&quot;, &quot;mech := sun.security.jgss.GSSCredentialImpl#getRemainingInitLifetime(org.ietf.jgss.Oid)#0&quot; }"/>
        </annotation>
    </item>
    <item name='org.ietf.jgss.GSSCredential int getRemainingLifetime()'>
        <annotation name='com.intellij.inspections.tainted.annotation.equation.Equations'>
            <val val="{ &quot;getRemainingLifetime := sun.security.jgss.GSSCredentialImpl#getRemainingLifetime()&quot; }"/>
        </annotation>
    </item>
    <item name='org.ietf.jgss.GSSCredential int getUsage()'>
        <annotation name='com.intellij.inspections.tainted.annotation.equation.Equations'>
            <val val="{ &quot;getUsage := sun.security.jgss.GSSCredentialImpl#getUsage()&quot; }"/>
        </annotation>
    </item>
    <item name='org.ietf.jgss.GSSCredential int getUsage(org.ietf.jgss.Oid)'>
        <annotation name='com.intellij.inspections.tainted.annotation.equation.Equations'>
            <val val="{ &quot;mech := sun.security.jgss.GSSCredentialImpl#getUsage(org.ietf.jgss.Oid)#0&quot;, &quot;getUsage := sun.security.jgss.GSSCredentialImpl#getUsage(org.ietf.jgss.Oid)&quot; }"/>
        </annotation>
    </item>
    <item name='org.ietf.jgss.GSSCredential int hashCode()'>
        <annotation name='com.intellij.inspections.tainted.annotation.equation.Equations'>
            <val val="{ &quot;hashCode := sun.security.jgss.GSSCredentialImpl#hashCode()&quot; }"/>
        </annotation>
    </item>
    <item name='org.ietf.jgss.GSSCredential org.ietf.jgss.GSSName getName()'>
        <annotation name='com.intellij.inspections.tainted.annotation.equation.Equations'>
            <val val="{ &quot;getName := sun.security.jgss.GSSCredentialImpl#getName()&quot; }"/>
        </annotation>
    </item>
    <item name='org.ietf.jgss.GSSCredential org.ietf.jgss.GSSName getName(org.ietf.jgss.Oid)'>
        <annotation name='com.intellij.inspections.tainted.annotation.equation.Equations'>
            <val val="{ &quot;mech := sun.security.jgss.GSSCredentialImpl#getName(org.ietf.jgss.Oid)#0&quot;, &quot;getName := sun.security.jgss.GSSCredentialImpl#getName(org.ietf.jgss.Oid)&quot; }"/>
        </annotation>
    </item>
    <item name='org.ietf.jgss.GSSCredential org.ietf.jgss.Oid[] getMechs()'>
        <annotation name='com.intellij.inspections.tainted.annotation.equation.Equations'>
            <val val="{ &quot;getMechs := sun.security.jgss.GSSCredentialImpl#getMechs()&quot; }"/>
        </annotation>
    </item>
    <item name='org.ietf.jgss.GSSCredential void add(org.ietf.jgss.GSSName, int, int, org.ietf.jgss.Oid, int)'>
        <annotation name='com.intellij.inspections.tainted.annotation.equation.Equations'>
            <val val="{ &quot;acceptLifetime := sun.security.jgss.GSSCredentialImpl#add(org.ietf.jgss.GSSName, int, int, org.ietf.jgss.Oid, int)#2&quot;, &quot;initLifetime := sun.security.jgss.GSSCredentialImpl#add(org.ietf.jgss.GSSName, int, int, org.ietf.jgss.Oid, int)#1&quot;, &quot;name := sun.security.jgss.GSSCredentialImpl#add(org.ietf.jgss.GSSName, int, int, org.ietf.jgss.Oid, int)#0&quot;, &quot;mech := sun.security.jgss.GSSCredentialImpl#add(org.ietf.jgss.GSSName, int, int, org.ietf.jgss.Oid, int)#3&quot;, &quot;usage := sun.security.jgss.GSSCredentialImpl#add(org.ietf.jgss.GSSName, int, int, org.ietf.jgss.Oid, int)#4&quot; }"/>
        </annotation>
    </item>
    <item name='org.ietf.jgss.GSSException'>
        <annotation name='com.intellij.inspections.tainted.annotation.equation.Equations'>
            <val val="{ &quot;GSSException := #setMinor(int, java.lang.String)#0 &amp; #setMinor(int, java.lang.String)#1&quot; }"/>
        </annotation>
    </item>
    <item name='org.ietf.jgss.GSSException GSSException(int)'>
        <annotation name='com.intellij.inspections.tainted.annotation.equation.Equations'>
            <val val="{ &quot;GSSException := GSSException&quot;, &quot;majorCode := sun.security.jgss.GSSExceptionImpl#GSSExceptionImpl(int, java.lang.Exception)#0 &amp; sun.security.jgss.GSSExceptionImpl#GSSExceptionImpl(int, org.ietf.jgss.Oid)#0 &amp; sun.security.jgss.GSSExceptionImpl#GSSExceptionImpl(int, java.lang.String)#0 &amp; sun.security.jgss.GSSExceptionImpl#GSSExceptionImpl(int, org.ietf.jgss.Oid)#0 &amp; sun.security.jgss.GSSExceptionImpl#GSSExceptionImpl(int, java.lang.String)#0 &amp; sun.security.jgss.GSSExceptionImpl#GSSExceptionImpl(int, java.lang.Exception)#0&quot; }"/>
        </annotation>
    </item>
    <item name='org.ietf.jgss.GSSException GSSException(int, int, java.lang.String)'>
        <annotation name='com.intellij.inspections.tainted.annotation.equation.Equations'>
            <val val="{ &quot;GSSException := GSSException&quot; }"/>
        </annotation>
    </item>
    <item name='org.ietf.jgss.GSSException GSSException(int, java.lang.String)'>
        <annotation name='com.intellij.inspections.tainted.annotation.equation.Equations'>
            <val val="{ &quot;GSSException := GSSException&quot; }"/>
        </annotation>
    </item>
    <item name='org.ietf.jgss.GSSException boolean validateMajor(int)'>
        <annotation name='com.intellij.inspections.tainted.annotation.equation.Equations'>
            <val val="{ &quot;major := #GSSException(int)#0 &amp; #GSSException(int, java.lang.String)#0 &amp; #GSSException(int, int, java.lang.String)#0&quot; }"/>
        </annotation>
    </item>
    <item name='org.ietf.jgss.GSSException int getMajor()'>
        <annotation name='com.intellij.inspections.tainted.annotation.equation.Equations'>
            <val val="{ &quot;getMajor := GSSException&quot; }"/>
        </annotation>
    </item>
    <item name='org.ietf.jgss.GSSException int getMinor()'>
        <annotation name='com.intellij.inspections.tainted.annotation.equation.Equations'>
            <val val="{ &quot;getMinor := GSSException&quot; }"/>
        </annotation>
    </item>
    <item name='org.ietf.jgss.GSSException java.lang.String getMajorString()'>
        <annotation name='com.intellij.inspections.tainted.annotation.equation.Equations'>
            <val val="{ &quot;getMajorString := GSSException&quot; }"/>
        </annotation>
    </item>
    <item name='org.ietf.jgss.GSSException java.lang.String getMessage()'>
        <annotation name='com.intellij.inspections.tainted.annotation.equation.Equations'>
            <val val="{ &quot;getMessage := sun.security.jgss.GSSExceptionImpl#getMessage()&quot; }"/>
        </annotation>
    </item>
    <item name='org.ietf.jgss.GSSException java.lang.String getMinorString()'>
        <annotation name='com.intellij.inspections.tainted.annotation.equation.Equations'>
            <val val="{ &quot;getMinorString := GSSException&quot; }"/>
        </annotation>
    </item>
    <item name='org.ietf.jgss.GSSManager org.ietf.jgss.GSSContext createContext(byte[])'>
        <annotation name='com.intellij.inspections.tainted.annotation.equation.Equations'>
            <val val="{ &quot;createContext := sun.security.jgss.GSSManagerImpl#createContext(byte[])&quot;, &quot;interProcessToken := sun.security.jgss.GSSManagerImpl#createContext(byte[])#0&quot; }"/>
        </annotation>
    </item>
    <item name='org.ietf.jgss.GSSManager org.ietf.jgss.GSSContext createContext(org.ietf.jgss.GSSCredential)'>
        <annotation name='com.intellij.inspections.tainted.annotation.equation.Equations'>
            <val val="{ &quot;myCred := sun.security.jgss.GSSManagerImpl#createContext(org.ietf.jgss.GSSCredential)#0&quot;, &quot;createContext := sun.security.jgss.GSSManagerImpl#createContext(org.ietf.jgss.GSSCredential)&quot; }"/>
        </annotation>
    </item>
    <item name='org.ietf.jgss.GSSManager org.ietf.jgss.GSSContext createContext(org.ietf.jgss.GSSName, org.ietf.jgss.Oid, org.ietf.jgss.GSSCredential, int)'>
        <annotation name='com.intellij.inspections.tainted.annotation.equation.Equations'>
            <val val="{ &quot;mech := sun.security.jgss.GSSManagerImpl#createContext(org.ietf.jgss.GSSName, org.ietf.jgss.Oid, org.ietf.jgss.GSSCredential, int)#1&quot;, &quot;lifetime := sun.security.jgss.GSSManagerImpl#createContext(org.ietf.jgss.GSSName, org.ietf.jgss.Oid, org.ietf.jgss.GSSCredential, int)#3&quot;, &quot;myCred := sun.security.jgss.GSSManagerImpl#createContext(org.ietf.jgss.GSSName, org.ietf.jgss.Oid, org.ietf.jgss.GSSCredential, int)#2&quot;, &quot;createContext := sun.security.jgss.GSSManagerImpl#createContext(org.ietf.jgss.GSSName, org.ietf.jgss.Oid, org.ietf.jgss.GSSCredential, int)&quot;, &quot;peer := sun.security.jgss.GSSManagerImpl#createContext(org.ietf.jgss.GSSName, org.ietf.jgss.Oid, org.ietf.jgss.GSSCredential, int)#0&quot; }"/>
        </annotation>
    </item>
    <item name='org.ietf.jgss.GSSManager org.ietf.jgss.GSSCredential createCredential(int)'>
        <annotation name='com.intellij.inspections.tainted.annotation.equation.Equations'>
            <val val="{ &quot;usage := sun.security.jgss.GSSManagerImpl#createCredential(int)#0&quot;, &quot;createCredential := sun.security.jgss.GSSManagerImpl#createCredential(int)&quot; }"/>
        </annotation>
    </item>
    <item name='org.ietf.jgss.GSSManager org.ietf.jgss.GSSCredential createCredential(org.ietf.jgss.GSSName, int, org.ietf.jgss.Oid, int)'>
        <annotation name='com.intellij.inspections.tainted.annotation.equation.Equations'>
            <val val="{ &quot;name := sun.security.jgss.GSSManagerImpl#createCredential(org.ietf.jgss.GSSName, int, org.ietf.jgss.Oid, int)#0&quot;, &quot;usage := sun.security.jgss.GSSManagerImpl#createCredential(org.ietf.jgss.GSSName, int, org.ietf.jgss.Oid, int)#3&quot;, &quot;mech := sun.security.jgss.GSSManagerImpl#createCredential(org.ietf.jgss.GSSName, int, org.ietf.jgss.Oid, int)#2&quot;, &quot;createCredential := sun.security.jgss.GSSManagerImpl#createCredential(org.ietf.jgss.GSSName, int, org.ietf.jgss.Oid, int)&quot;, &quot;lifetime := sun.security.jgss.GSSManagerImpl#createCredential(org.ietf.jgss.GSSName, int, org.ietf.jgss.Oid, int)#1&quot; }"/>
        </annotation>
    </item>
    <item name='org.ietf.jgss.GSSManager org.ietf.jgss.GSSCredential createCredential(org.ietf.jgss.GSSName, int, org.ietf.jgss.Oid[], int)'>
        <annotation name='com.intellij.inspections.tainted.annotation.equation.Equations'>
            <val val="{ &quot;mechs := sun.security.jgss.GSSManagerImpl#createCredential(org.ietf.jgss.GSSName, int, org.ietf.jgss.Oid[], int)#2&quot;, &quot;usage := sun.security.jgss.GSSManagerImpl#createCredential(org.ietf.jgss.GSSName, int, org.ietf.jgss.Oid[], int)#3&quot;, &quot;createCredential := sun.security.jgss.GSSManagerImpl#createCredential(org.ietf.jgss.GSSName, int, org.ietf.jgss.Oid[], int)&quot;, &quot;name := sun.security.jgss.GSSManagerImpl#createCredential(org.ietf.jgss.GSSName, int, org.ietf.jgss.Oid[], int)#0&quot;, &quot;lifetime := sun.security.jgss.GSSManagerImpl#createCredential(org.ietf.jgss.GSSName, int, org.ietf.jgss.Oid[], int)#1&quot; }"/>
        </annotation>
    </item>
    <item name='org.ietf.jgss.GSSManager org.ietf.jgss.GSSName createName(byte[], org.ietf.jgss.Oid)'>
        <annotation name='com.intellij.inspections.tainted.annotation.equation.Equations'>
            <val val="{ &quot;createName := sun.security.jgss.GSSManagerImpl#createName(byte[], org.ietf.jgss.Oid)&quot;, &quot;name := sun.security.jgss.GSSManagerImpl#createName(byte[], org.ietf.jgss.Oid)#0&quot;, &quot;nameType := sun.security.jgss.GSSManagerImpl#createName(byte[], org.ietf.jgss.Oid)#1&quot; }"/>
        </annotation>
    </item>
    <item name='org.ietf.jgss.GSSManager org.ietf.jgss.GSSName createName(byte[], org.ietf.jgss.Oid, org.ietf.jgss.Oid)'>
        <annotation name='com.intellij.inspections.tainted.annotation.equation.Equations'>
            <val val="{ &quot;nameType := sun.security.jgss.GSSManagerImpl#createName(byte[], org.ietf.jgss.Oid, org.ietf.jgss.Oid)#1&quot;, &quot;createName := sun.security.jgss.GSSManagerImpl#createName(byte[], org.ietf.jgss.Oid, org.ietf.jgss.Oid)&quot;, &quot;mech := sun.security.jgss.GSSManagerImpl#createName(byte[], org.ietf.jgss.Oid, org.ietf.jgss.Oid)#2&quot;, &quot;name := sun.security.jgss.GSSManagerImpl#createName(byte[], org.ietf.jgss.Oid, org.ietf.jgss.Oid)#0&quot; }"/>
        </annotation>
    </item>
    <item name='org.ietf.jgss.GSSManager org.ietf.jgss.GSSName createName(java.lang.String, org.ietf.jgss.Oid)'>
        <annotation name='com.intellij.inspections.tainted.annotation.equation.Equations'>
            <val val="{ &quot;nameStr := sun.security.jgss.GSSManagerImpl#createName(java.lang.String, org.ietf.jgss.Oid)#0&quot;, &quot;createName := sun.security.jgss.GSSManagerImpl#createName(java.lang.String, org.ietf.jgss.Oid)&quot;, &quot;nameType := sun.security.jgss.GSSManagerImpl#createName(java.lang.String, org.ietf.jgss.Oid)#1&quot; }"/>
        </annotation>
    </item>
    <item name='org.ietf.jgss.GSSManager org.ietf.jgss.GSSName createName(java.lang.String, org.ietf.jgss.Oid, org.ietf.jgss.Oid)'>
        <annotation name='com.intellij.inspections.tainted.annotation.equation.Equations'>
            <val val="{ &quot;createName := sun.security.jgss.GSSManagerImpl#createName(java.lang.String, org.ietf.jgss.Oid, org.ietf.jgss.Oid)&quot;, &quot;nameStr := sun.security.jgss.GSSManagerImpl#createName(java.lang.String, org.ietf.jgss.Oid, org.ietf.jgss.Oid)#0&quot;, &quot;mech := sun.security.jgss.GSSManagerImpl#createName(java.lang.String, org.ietf.jgss.Oid, org.ietf.jgss.Oid)#2&quot;, &quot;nameType := sun.security.jgss.GSSManagerImpl#createName(java.lang.String, org.ietf.jgss.Oid, org.ietf.jgss.Oid)#1&quot; }"/>
        </annotation>
    </item>
    <item name='org.ietf.jgss.GSSManager org.ietf.jgss.Oid[] getMechs()'>
        <annotation name='com.intellij.inspections.tainted.annotation.equation.Equations'>
            <val val="{ &quot;getMechs := sun.security.jgss.GSSManagerImpl#getMechs()&quot; }"/>
        </annotation>
    </item>
    <item name='org.ietf.jgss.GSSManager org.ietf.jgss.Oid[] getMechsForName(org.ietf.jgss.Oid)'>
        <annotation name='com.intellij.inspections.tainted.annotation.equation.Equations'>
            <val val="{ &quot;getMechsForName := sun.security.jgss.GSSManagerImpl#getMechsForName(org.ietf.jgss.Oid)&quot;, &quot;nameType := sun.security.jgss.GSSManagerImpl#getMechsForName(org.ietf.jgss.Oid)#0&quot; }"/>
        </annotation>
    </item>
    <item name='org.ietf.jgss.GSSManager org.ietf.jgss.Oid[] getNamesForMech(org.ietf.jgss.Oid)'>
        <annotation name='com.intellij.inspections.tainted.annotation.equation.Equations'>
            <val val="{ &quot;getNamesForMech := sun.security.jgss.GSSManagerImpl#getNamesForMech(org.ietf.jgss.Oid)&quot;, &quot;mech := sun.security.jgss.GSSManagerImpl#getNamesForMech(org.ietf.jgss.Oid)#0&quot; }"/>
        </annotation>
    </item>
    <item name='org.ietf.jgss.GSSManager void addProviderAtEnd(java.security.Provider, org.ietf.jgss.Oid)'>
        <annotation name='com.intellij.inspections.tainted.annotation.equation.Equations'>
            <val val="{ &quot;mech := sun.security.jgss.GSSManagerImpl#addProviderAtEnd(java.security.Provider, org.ietf.jgss.Oid)#1&quot;, &quot;p := sun.security.jgss.GSSManagerImpl#addProviderAtEnd(java.security.Provider, org.ietf.jgss.Oid)#0&quot; }"/>
        </annotation>
    </item>
    <item name='org.ietf.jgss.GSSManager void addProviderAtFront(java.security.Provider, org.ietf.jgss.Oid)'>
        <annotation name='com.intellij.inspections.tainted.annotation.equation.Equations'>
            <val val="{ &quot;p := sun.security.jgss.GSSManagerImpl#addProviderAtFront(java.security.Provider, org.ietf.jgss.Oid)#0&quot;, &quot;mech := sun.security.jgss.GSSManagerImpl#addProviderAtFront(java.security.Provider, org.ietf.jgss.Oid)#1&quot; }"/>
        </annotation>
    </item>
    <item name='org.ietf.jgss.GSSName boolean equals(java.lang.Object)'>
        <annotation name='com.intellij.inspections.tainted.annotation.equation.Equations'>
            <val val="{ &quot;another := sun.security.jgss.GSSNameImpl#equals(java.lang.Object)#0&quot; }"/>
        </annotation>
    </item>
    <item name='org.ietf.jgss.GSSName boolean equals(org.ietf.jgss.GSSName)'>
        <annotation name='com.intellij.inspections.tainted.annotation.equation.Equations'>
            <val val="{ &quot;another := sun.security.jgss.GSSNameImpl#equals(org.ietf.jgss.GSSName)#0&quot; }"/>
        </annotation>
    </item>
    <item name='org.ietf.jgss.GSSName byte[] export()'>
        <annotation name='com.intellij.inspections.tainted.annotation.equation.Equations'>
            <val val="{ &quot;export := sun.security.jgss.GSSNameImpl#export()&quot; }"/>
        </annotation>
    </item>
    <item name='org.ietf.jgss.GSSName int hashCode()'>
        <annotation name='com.intellij.inspections.tainted.annotation.equation.Equations'>
            <val val="{ &quot;hashCode := sun.security.jgss.GSSNameImpl#hashCode()&quot; }"/>
        </annotation>
    </item>
    <item name='org.ietf.jgss.GSSName java.lang.String toString()'>
        <annotation name='com.intellij.inspections.tainted.annotation.equation.Equations'>
            <val val="{ &quot;toString := sun.security.jgss.GSSNameImpl#toString()&quot; }"/>
        </annotation>
    </item>
    <item name='org.ietf.jgss.GSSName org.ietf.jgss.GSSName canonicalize(org.ietf.jgss.Oid)'>
        <annotation name='com.intellij.inspections.tainted.annotation.equation.Equations'>
            <val val="{ &quot;canonicalize := sun.security.jgss.GSSNameImpl#canonicalize(org.ietf.jgss.Oid)&quot;, &quot;mech := sun.security.jgss.GSSNameImpl#canonicalize(org.ietf.jgss.Oid)#0&quot; }"/>
        </annotation>
    </item>
    <item name='org.ietf.jgss.GSSName org.ietf.jgss.Oid getStringNameType()'>
        <annotation name='com.intellij.inspections.tainted.annotation.equation.Equations'>
            <val val="{ &quot;getStringNameType := sun.security.jgss.GSSNameImpl#getStringNameType()&quot; }"/>
        </annotation>
    </item>
    <item name='org.ietf.jgss.MessageProp'>
        <annotation name='com.intellij.inspections.tainted.annotation.equation.Equations'>
            <val val="{ &quot;MessageProp := #setQOP(int)#0 &amp; #setSupplementaryStates(boolean, boolean, boolean, boolean, int, java.lang.String)#4 &amp; #setSupplementaryStates(boolean, boolean, boolean, boolean, int, java.lang.String)#5&quot; }"/>
        </annotation>
    </item>
    <item name='org.ietf.jgss.MessageProp MessageProp(boolean)'>
        <annotation name='com.intellij.inspections.tainted.annotation.equation.Equations'>
            <val val="{ &quot;MessageProp := MessageProp&quot; }"/>
        </annotation>
    </item>
    <item name='org.ietf.jgss.MessageProp MessageProp(int, boolean)'>
        <annotation name='com.intellij.inspections.tainted.annotation.equation.Equations'>
            <val val="{ &quot;MessageProp := MessageProp&quot; }"/>
        </annotation>
    </item>
    <item name='org.ietf.jgss.MessageProp int getMinorStatus()'>
        <annotation name='com.intellij.inspections.tainted.annotation.equation.Equations'>
            <val val="{ &quot;getMinorStatus := MessageProp&quot; }"/>
        </annotation>
    </item>
    <item name='org.ietf.jgss.MessageProp int getQOP()'>
        <annotation name='com.intellij.inspections.tainted.annotation.equation.Equations'>
            <val val="{ &quot;getQOP := MessageProp&quot; }"/>
        </annotation>
    </item>
    <item name='org.ietf.jgss.MessageProp java.lang.String getMinorString()'>
        <annotation name='com.intellij.inspections.tainted.annotation.equation.Equations'>
            <val val="{ &quot;getMinorString := MessageProp&quot; }"/>
        </annotation>
    </item>
    <item name='org.ietf.jgss.Oid Oid(byte[])'>
        <annotation name='com.intellij.inspections.tainted.annotation.equation.Equations'>
            <val val="{ &quot;Oid := Oid&quot; }"/>
        </annotation>
    </item>
    <item name='org.ietf.jgss.Oid Oid(java.io.InputStream)'>
        <annotation name='com.intellij.inspections.tainted.annotation.equation.Equations'>
            <val val="{ &quot;Oid := Oid&quot; }"/>
        </annotation>
    </item>
    <item name='org.ietf.jgss.Oid Oid(java.lang.String)'>
        <annotation name='com.intellij.inspections.tainted.annotation.equation.Equations'>
            <val val="{ &quot;Oid := Oid&quot;, &quot;strOid := #getInstance(java.lang.String)#0 &amp; sun.security.jgss.GSSUtil#createOid(java.lang.String)#0 &amp; sun.security.jgss.GSSUtil#createOid(java.lang.String)#0&quot; }"/>
        </annotation>
    </item>
    <item name='org.ietf.jgss.Oid boolean containedIn(org.ietf.jgss.Oid[])'>
        <annotation name='com.intellij.inspections.tainted.annotation.equation.Equations'>
            <val val="{ &quot;oids := &quot; }"/>
        </annotation>
    </item>
    <item name='org.ietf.jgss.Oid boolean equals(java.lang.Object)'>
        <annotation name='com.intellij.inspections.tainted.annotation.equation.Equations'>
            <val val="{ &quot;other := sun.security.jgss.GSSNameImpl#GSSNameImpl(sun.security.jgss.GSSManagerImpl, java.lang.Object, org.ietf.jgss.Oid, org.ietf.jgss.Oid)#2 &amp; GSSName#NT_HOSTBASED_SERVICE &amp; sun.security.jgss.GSSNameImpl &amp; GSSName#NT_USER_NAME &amp; GSSName#NT_EXPORT_NAME &amp; sun.security.jgss.GSSUtil#NT_GSS_KRB5_PRINCIPAL &amp; sun.security.jgss.ProviderList.PreferencesEntry#impliesMechanism(org.ietf.jgss.Oid)#0 &amp; Oid &amp; sun.security.jgss.GSSUtil#isSpNegoMech(org.ietf.jgss.Oid)#0 &amp; sun.security.jgss.GSSUtil#isKerberosMech(org.ietf.jgss.Oid)#0 &amp; sun.security.jgss.GSSNameImpl#oldHostbasedServiceName &amp; sun.security.jgss.GSSNameImpl#GSSNameImpl(sun.security.jgss.GSSManagerImpl, java.lang.Object, org.ietf.jgss.Oid, org.ietf.jgss.Oid)#2 &amp; sun.security.jgss.ProviderList.PreferencesEntry#impliesMechanism(org.ietf.jgss.Oid)#0 &amp; sun.security.jgss.GSSNameImpl &amp; sun.security.jgss.GSSUtil#NT_GSS_KRB5_PRINCIPAL &amp; sun.security.jgss.GSSUtil#GSS_KRB5_MECH_OID &amp; sun.security.jgss.wrapper.GSSNameElement#GSSNameElement(byte[], org.ietf.jgss.Oid, sun.security.jgss.wrapper.GSSLibStub)#1 &amp; sun.security.jgss.wrapper.GSSNameElement#getNativeNameType(org.ietf.jgss.Oid, sun.security.jgss.wrapper.GSSLibStub)#0 &amp; sun.security.jgss.wrapper.GSSNameElement &amp; sun.security.jgss.GSSUtil#isSpNegoMech(org.ietf.jgss.Oid)#0 &amp; sun.security.jgss.GSSUtil#isKerberosMech(org.ietf.jgss.Oid)#0 &amp; sun.security.jgss.wrapper.GSSNameElement#getNativeNameType(org.ietf.jgss.Oid, sun.security.jgss.wrapper.GSSLibStub)#0 &amp; sun.security.jgss.wrapper.GSSNameElement#GSSNameElement(byte[], org.ietf.jgss.Oid, sun.security.jgss.wrapper.GSSLibStub)#1 &amp; sun.security.jgss.wrapper.GSSNameElement &amp; sun.security.jgss.GSSNameImpl#oldHostbasedServiceName &amp; sun.security.jgss.GSSUtil#GSS_KRB5_MECH_OID&quot; }"/>
        </annotation>
    </item>
    <item name='org.ietf.jgss.Oid byte[] getDER()'>
        <annotation name='com.intellij.inspections.tainted.annotation.equation.Equations'>
            <val val="{ &quot;getDER := Oid&quot; }"/>
        </annotation>
    </item>
</root>