<root>
    <item name='com.sun.corba.se.impl.corba.AnyImpl'>
        <annotation name='com.intellij.inspections.tainted.annotation.equation.Equations'>
            <val val="{ &quot;AnyImpl := #insert_Streamable(org.omg.CORBA.portable.Streamable)#0 &amp; #insert_string(java.lang.String)#0 &amp; #insert_wstring(java.lang.String)#0 &amp; #insert_any(org.omg.CORBA.Any)#0 &amp; #insert_Object(org.omg.CORBA.Object)#0 &amp; #insert_Object(org.omg.CORBA.Object, org.omg.CORBA.TypeCode)#0 &amp; #insert_TypeCode(org.omg.CORBA.TypeCode)#0 &amp; #insert_Principal(org.omg.CORBA.Principal)#0 &amp; #insert_Value(java.io.Serializable)#0 &amp; #insert_Value(java.io.Serializable, org.omg.CORBA.TypeCode)#0 &amp; #insert_fixed(java.math.BigDecimal)#0 &amp; #insert_fixed(java.math.BigDecimal, org.omg.CORBA.TypeCode)#0&quot; }"/>
        </annotation>
    </item>
    <item name='com.sun.corba.se.impl.corba.AnyImpl AnyImpl(com.sun.corba.se.spi.orb.ORB)'>
        <annotation name='com.intellij.inspections.tainted.annotation.equation.Equations'>
            <val val="{ &quot;AnyImpl := AnyImpl&quot;, &quot;orb := com.sun.corba.se.impl.orb.ORBSingleton &amp; com.sun.corba.se.impl.orb.ORBImpl &amp; NVListImpl &amp; #AnyImpl(com.sun.corba.se.spi.orb.ORB, org.omg.CORBA.Any)#0 &amp; NamedValueImpl &amp; com.sun.corba.se.impl.interceptors.SlotTable &amp; com.sun.corba.se.impl.interceptors.CDREncapsCodec&quot; }"/>
        </annotation>
    </item>
    <item name='com.sun.corba.se.impl.corba.AnyImpl AnyImpl(com.sun.corba.se.spi.orb.ORB, org.omg.CORBA.Any)'>
        <annotation name='com.intellij.inspections.tainted.annotation.equation.Equations'>
            <val val="{ &quot;AnyImpl := AnyImpl&quot;, &quot;orb := #convertToNative(com.sun.corba.se.spi.orb.ORB, org.omg.CORBA.Any)#0 &amp; TypeCodeImpl &amp; com.sun.corba.se.impl.dynamicany.DynAnyUtil#copy(org.omg.CORBA.Any, com.sun.corba.se.spi.orb.ORB)#1&quot;, &quot;obj := #convertToNative(com.sun.corba.se.spi.orb.ORB, org.omg.CORBA.Any)#1 &amp; TypeCodeImpl &amp; com.sun.corba.se.impl.dynamicany.DynAnyUtil#copy(org.omg.CORBA.Any, com.sun.corba.se.spi.orb.ORB)#0&quot; }"/>
        </annotation>
    </item>
    <item name='com.sun.corba.se.impl.corba.AnyImpl boolean equalMember(org.omg.CORBA.TypeCode, org.omg.CORBA.portable.InputStream, org.omg.CORBA.portable.InputStream)'>
        <annotation name='com.intellij.inspections.tainted.annotation.equation.Equations'>
            <val val="{ &quot;memberType := &quot;, &quot;myStream := &quot;, &quot;otherStream := &quot; }"/>
        </annotation>
    </item>
    <item name='com.sun.corba.se.impl.corba.AnyImpl byte extract_octet()'>
        <annotation name='com.intellij.inspections.tainted.annotation.equation.Equations'>
            <val val="{ &quot;extract_octet := AnyImpl&quot; }"/>
        </annotation>
    </item>
    <item name='com.sun.corba.se.impl.corba.AnyImpl char extract_char()'>
        <annotation name='com.intellij.inspections.tainted.annotation.equation.Equations'>
            <val val="{ &quot;extract_char := AnyImpl&quot; }"/>
        </annotation>
    </item>
    <item name='com.sun.corba.se.impl.corba.AnyImpl char extract_wchar()'>
        <annotation name='com.intellij.inspections.tainted.annotation.equation.Equations'>
            <val val="{ &quot;extract_wchar := AnyImpl&quot; }"/>
        </annotation>
    </item>
    <item name='com.sun.corba.se.impl.corba.AnyImpl com.sun.corba.se.impl.corba.AnyImpl convertToNative(com.sun.corba.se.spi.orb.ORB, org.omg.CORBA.Any)'>
        <annotation name='com.intellij.inspections.tainted.annotation.equation.Equations'>
            <val val="{ &quot;convertToNative := any&quot; }"/>
        </annotation>
    </item>
    <item name='com.sun.corba.se.impl.corba.AnyImpl int extract_long()'>
        <annotation name='com.intellij.inspections.tainted.annotation.equation.Equations'>
            <val val="{ &quot;extract_long := AnyImpl&quot; }"/>
        </annotation>
    </item>
    <item name='com.sun.corba.se.impl.corba.AnyImpl int extract_ulong()'>
        <annotation name='com.intellij.inspections.tainted.annotation.equation.Equations'>
            <val val="{ &quot;extract_ulong := AnyImpl&quot; }"/>
        </annotation>
    </item>
    <item name='com.sun.corba.se.impl.corba.AnyImpl java.io.Serializable extract_Value()'>
        <annotation name='com.intellij.inspections.tainted.annotation.equation.Equations'>
            <val val="{ &quot;extract_Value := AnyImpl&quot; }"/>
        </annotation>
    </item>
    <item name='com.sun.corba.se.impl.corba.AnyImpl java.lang.String extract_string()'>
        <annotation name='com.intellij.inspections.tainted.annotation.equation.Equations'>
            <val val="{ &quot;extract_string := AnyImpl&quot; }"/>
        </annotation>
    </item>
    <item name='com.sun.corba.se.impl.corba.AnyImpl java.lang.String extract_wstring()'>
        <annotation name='com.intellij.inspections.tainted.annotation.equation.Equations'>
            <val val="{ &quot;extract_wstring := AnyImpl&quot; }"/>
        </annotation>
    </item>
    <item name='com.sun.corba.se.impl.corba.AnyImpl java.lang.String getTCKindName(int)'>
        <annotation name='com.intellij.inspections.tainted.annotation.equation.Equations'>
            <val val="{ &quot;getTCKindName := TypeCodeImpl#kindNames &amp; tc&quot;, &quot;tc := #checkExtractBadOperation(int)#0 &amp; #checkExtractBadOperationList(int[])#0&quot; }"/>
        </annotation>
    </item>
    <item name='com.sun.corba.se.impl.corba.AnyImpl java.math.BigDecimal extract_fixed()'>
        <annotation name='com.intellij.inspections.tainted.annotation.equation.Equations'>
            <val val="{ &quot;extract_fixed := AnyImpl&quot; }"/>
        </annotation>
    </item>
    <item name='com.sun.corba.se.impl.corba.AnyImpl long extract_longlong()'>
        <annotation name='com.intellij.inspections.tainted.annotation.equation.Equations'>
            <val val="{ &quot;extract_longlong := AnyImpl&quot; }"/>
        </annotation>
    </item>
    <item name='com.sun.corba.se.impl.corba.AnyImpl long extract_ulonglong()'>
        <annotation name='com.intellij.inspections.tainted.annotation.equation.Equations'>
            <val val="{ &quot;extract_ulonglong := AnyImpl&quot; }"/>
        </annotation>
    </item>
    <item name='com.sun.corba.se.impl.corba.AnyImpl org.omg.CORBA.Any extractAnyFromStream(org.omg.CORBA.TypeCode, org.omg.CORBA.portable.InputStream, com.sun.corba.se.spi.orb.ORB)'>
        <annotation name='com.intellij.inspections.tainted.annotation.equation.Equations'>
            <val val="{ &quot;orb := com.sun.corba.se.impl.dynamicany.DynAnyUtil#extractAnyFromStream(org.omg.CORBA.TypeCode, org.omg.CORBA.portable.InputStream, com.sun.corba.se.spi.orb.ORB)#2&quot;, &quot;memberType := com.sun.corba.se.impl.dynamicany.DynAnyUtil#extractAnyFromStream(org.omg.CORBA.TypeCode, org.omg.CORBA.portable.InputStream, com.sun.corba.se.spi.orb.ORB)#0&quot;, &quot;input := com.sun.corba.se.impl.dynamicany.DynAnyUtil#extractAnyFromStream(org.omg.CORBA.TypeCode, org.omg.CORBA.portable.InputStream, com.sun.corba.se.spi.orb.ORB)#1&quot; }"/>
        </annotation>
    </item>
    <item name='com.sun.corba.se.impl.corba.AnyImpl org.omg.CORBA.Any extract_any()'>
        <annotation name='com.intellij.inspections.tainted.annotation.equation.Equations'>
            <val val="{ &quot;extract_any := AnyImpl&quot; }"/>
        </annotation>
    </item>
    <item name='com.sun.corba.se.impl.corba.AnyImpl org.omg.CORBA.Object extract_Object()'>
        <annotation name='com.intellij.inspections.tainted.annotation.equation.Equations'>
            <val val="{ &quot;extract_Object := AnyImpl&quot; }"/>
        </annotation>
    </item>
    <item name='com.sun.corba.se.impl.corba.AnyImpl org.omg.CORBA.Principal extract_Principal()'>
        <annotation name='com.intellij.inspections.tainted.annotation.equation.Equations'>
            <val val="{ &quot;extract_Principal := AnyImpl&quot; }"/>
        </annotation>
    </item>
    <item name='com.sun.corba.se.impl.corba.AnyImpl org.omg.CORBA.TypeCode createTypeCodeForClass(java.lang.Class, com.sun.corba.se.spi.orb.ORB)'>
        <annotation name='com.intellij.inspections.tainted.annotation.equation.Equations'>
            <val val="{ &quot;c := &quot;, &quot;tcORB := com.sun.corba.se.impl.javax.rmi.CORBA.Util#createTypeCode(java.io.Serializable, org.omg.CORBA.Any, org.omg.CORBA.ORB)#2&quot; }"/>
        </annotation>
    </item>
    <item name='com.sun.corba.se.impl.corba.AnyImpl org.omg.CORBA.TypeCode extract_TypeCode()'>
        <annotation name='com.intellij.inspections.tainted.annotation.equation.Equations'>
            <val val="{ &quot;extract_TypeCode := AnyImpl&quot; }"/>
        </annotation>
    </item>
    <item name='com.sun.corba.se.impl.corba.AnyImpl org.omg.CORBA.TypeCode getPrimitiveTypeCodeForClass(java.lang.Class, com.sun.corba.se.spi.orb.ORB)'>
        <annotation name='com.intellij.inspections.tainted.annotation.equation.Equations'>
            <val val="{ &quot;tcORB := #createTypeCodeForClass(java.lang.Class, com.sun.corba.se.spi.orb.ORB)#1&quot; }"/>
        </annotation>
    </item>
    <item name='com.sun.corba.se.impl.corba.AnyImpl org.omg.CORBA.TypeCode realType(org.omg.CORBA.TypeCode)'>
        <annotation name='com.intellij.inspections.tainted.annotation.equation.Equations'>
            <val val="{ &quot;aType := AnyImpl &amp; #equalMember(org.omg.CORBA.TypeCode, org.omg.CORBA.portable.InputStream, org.omg.CORBA.portable.InputStream)#0&quot;, &quot;realType := aType&quot; }"/>
        </annotation>
    </item>
    <item name='com.sun.corba.se.impl.corba.AnyImpl org.omg.CORBA.TypeCode type()'>
        <annotation name='com.intellij.inspections.tainted.annotation.equation.Equations'>
            <val val="{ &quot;type := AnyImpl&quot; }"/>
        </annotation>
    </item>
    <item name='com.sun.corba.se.impl.corba.AnyImpl org.omg.CORBA.portable.Streamable extract_Streamable()'>
        <annotation name='com.intellij.inspections.tainted.annotation.equation.Equations'>
            <val val="{ &quot;extract_Streamable := AnyImpl&quot; }"/>
        </annotation>
    </item>
    <item name='com.sun.corba.se.impl.corba.AnyImpl short extract_short()'>
        <annotation name='com.intellij.inspections.tainted.annotation.equation.Equations'>
            <val val="{ &quot;extract_short := AnyImpl&quot; }"/>
        </annotation>
    </item>
    <item name='com.sun.corba.se.impl.corba.AnyImpl short extract_ushort()'>
        <annotation name='com.intellij.inspections.tainted.annotation.equation.Equations'>
            <val val="{ &quot;extract_ushort := AnyImpl&quot; }"/>
        </annotation>
    </item>
    <item name='com.sun.corba.se.impl.corba.AnyImpl void checkExtractBadOperation(int)'>
        <annotation name='com.intellij.inspections.tainted.annotation.equation.Equations'>
            <val val="{ &quot;expected := org.omg.CORBA.TCKind#_tk_short &amp; org.omg.CORBA.TCKind#_tk_ushort &amp; org.omg.CORBA.TCKind#_tk_ulong &amp; org.omg.CORBA.TCKind#_tk_float &amp; org.omg.CORBA.TCKind#_tk_double &amp; org.omg.CORBA.TCKind#_tk_longlong &amp; org.omg.CORBA.TCKind#_tk_ulonglong &amp; org.omg.CORBA.TCKind#_tk_boolean &amp; org.omg.CORBA.TCKind#_tk_char &amp; org.omg.CORBA.TCKind#_tk_wchar &amp; org.omg.CORBA.TCKind#_tk_octet &amp; org.omg.CORBA.TCKind#_tk_string &amp; org.omg.CORBA.TCKind#_tk_wstring &amp; org.omg.CORBA.TCKind#_tk_any &amp; org.omg.CORBA.TCKind#_tk_TypeCode &amp; org.omg.CORBA.TCKind#_tk_Principal &amp; org.omg.CORBA.TCKind#_tk_fixed&quot; }"/>
        </annotation>
    </item>
    <item name='com.sun.corba.se.impl.corba.AnyImpl void checkExtractBadOperationList(int[])'>
        <annotation name='com.intellij.inspections.tainted.annotation.equation.Equations'>
            <val val="{ &quot;expected := org.omg.CORBA.TCKind#_tk_long &amp; org.omg.CORBA.TCKind#_tk_enum &amp; org.omg.CORBA.TCKind#_tk_value &amp; org.omg.CORBA.TCKind#_tk_value_box &amp; org.omg.CORBA.TCKind#_tk_abstract_interface&quot; }"/>
        </annotation>
    </item>
    <item name='com.sun.corba.se.impl.corba.AnyImpl void read_value(org.omg.CORBA.portable.InputStream, org.omg.CORBA.TypeCode)'>
        <annotation name='com.intellij.inspections.tainted.annotation.equation.Equations'>
            <val val="{ &quot;tc := com.sun.corba.se.impl.interceptors.CDREncapsCodec#decodeImpl(byte[], org.omg.CORBA.TypeCode)#1&quot; }"/>
        </annotation>
    </item>
    <item name='com.sun.corba.se.impl.corba.AnyImpl void type(org.omg.CORBA.TypeCode)'>
        <annotation name='com.intellij.inspections.tainted.annotation.equation.Equations'>
            <val val="{ &quot;tc := TypeCodeImpl&quot; }"/>
        </annotation>
    </item>
    <item name='com.sun.corba.se.impl.corba.AnyImpl.AnyInputStream AnyInputStream(com.sun.corba.se.impl.encoding.EncapsInputStream)'>
        <annotation name='com.intellij.inspections.tainted.annotation.equation.Equations'>
            <val val="{ &quot;AnyInputStream := AnyImpl.AnyInputStream&quot; }"/>
        </annotation>
    </item>
    <item name='com.sun.corba.se.impl.corba.AnyImpl.AnyOutputStream AnyOutputStream(com.sun.corba.se.spi.orb.ORB)'>
        <annotation name='com.intellij.inspections.tainted.annotation.equation.Equations'>
            <val val="{ &quot;AnyOutputStream := AnyImpl.AnyOutputStream&quot;, &quot;orb := AnyImpl&quot; }"/>
        </annotation>
    </item>
    <item name='com.sun.corba.se.impl.corba.AnyImplHelper java.lang.String id()'>
        <annotation name='com.intellij.inspections.tainted.annotation.equation.Equations'>
            <val val="{ &quot;id := AnyImplHelper&quot; }"/>
        </annotation>
    </item>
    <item name='com.sun.corba.se.impl.corba.AnyImplHelper org.omg.CORBA.TypeCode type()'>
        <annotation name='com.intellij.inspections.tainted.annotation.equation.Equations'>
            <val val="{ &quot;type := AnyImplHelper&quot; }"/>
        </annotation>
    </item>
    <item name='com.sun.corba.se.impl.corba.AnyImplHelper void write(org.omg.CORBA.portable.OutputStream, org.omg.CORBA.Any)'>
        <annotation name='com.intellij.inspections.tainted.annotation.equation.Equations'>
            <val val="{ &quot;value := #insert(org.omg.CORBA.Any, org.omg.CORBA.Any)#1&quot;, &quot;ostream := &quot; }"/>
        </annotation>
    </item>
    <item name='com.sun.corba.se.impl.corba.AsynchInvoke AsynchInvoke(com.sun.corba.se.spi.orb.ORB, com.sun.corba.se.impl.corba.RequestImpl, boolean)'>
        <annotation name='com.intellij.inspections.tainted.annotation.equation.Equations'>
            <val val="{ &quot;AsynchInvoke := AsynchInvoke&quot;, &quot;reqToInvokeOn := com.sun.corba.se.impl.orb.ORBImpl#send_multiple_requests_deferred(org.omg.CORBA.Request[])#0 &amp; RequestImpl&quot;, &quot;o := com.sun.corba.se.impl.orb.ORBImpl &amp; RequestImpl&quot; }"/>
        </annotation>
    </item>
    <item name='com.sun.corba.se.impl.corba.ContextImpl ContextImpl(org.omg.CORBA.ORB)'>
        <annotation name='com.intellij.inspections.tainted.annotation.equation.Equations'>
            <val val="{ &quot;orb := RequestImpl&quot;, &quot;ContextImpl := ContextImpl&quot; }"/>
        </annotation>
    </item>
    <item name='com.sun.corba.se.impl.corba.ContextListImpl ContextListImpl(org.omg.CORBA.ORB)'>
        <annotation name='com.intellij.inspections.tainted.annotation.equation.Equations'>
            <val val="{ &quot;ContextListImpl := ContextListImpl&quot;, &quot;orb := com.sun.corba.se.impl.orb.ORBSingleton &amp; com.sun.corba.se.impl.orb.ORBImpl &amp; RequestImpl&quot; }"/>
        </annotation>
    </item>
    <item name='com.sun.corba.se.impl.corba.EnvironmentImpl'>
        <annotation name='com.intellij.inspections.tainted.annotation.equation.Equations'>
            <val val="{ &quot;EnvironmentImpl := #exception(java.lang.Exception)#0&quot; }"/>
        </annotation>
    </item>
    <item name='com.sun.corba.se.impl.corba.EnvironmentImpl EnvironmentImpl()'>
        <annotation name='com.intellij.inspections.tainted.annotation.equation.Equations'>
            <val val="{ &quot;EnvironmentImpl := EnvironmentImpl&quot; }"/>
        </annotation>
    </item>
    <item name='com.sun.corba.se.impl.corba.EnvironmentImpl java.lang.Exception exception()'>
        <annotation name='com.intellij.inspections.tainted.annotation.equation.Equations'>
            <val val="{ &quot;exception := EnvironmentImpl&quot; }"/>
        </annotation>
    </item>
    <item name='com.sun.corba.se.impl.corba.ExceptionListImpl ExceptionListImpl()'>
        <annotation name='com.intellij.inspections.tainted.annotation.equation.Equations'>
            <val val="{ &quot;ExceptionListImpl := ExceptionListImpl&quot; }"/>
        </annotation>
    </item>
    <item name='com.sun.corba.se.impl.corba.NVListImpl NVListImpl(com.sun.corba.se.spi.orb.ORB)'>
        <annotation name='com.intellij.inspections.tainted.annotation.equation.Equations'>
            <val val="{ &quot;orb := RequestImpl&quot;, &quot;NVListImpl := NVListImpl&quot; }"/>
        </annotation>
    </item>
    <item name='com.sun.corba.se.impl.corba.NVListImpl NVListImpl(com.sun.corba.se.spi.orb.ORB, int)'>
        <annotation name='com.intellij.inspections.tainted.annotation.equation.Equations'>
            <val val="{ &quot;orb := com.sun.corba.se.impl.orb.ORBSingleton &amp; com.sun.corba.se.impl.orb.ORBImpl&quot;, &quot;size := com.sun.corba.se.impl.orb.ORBSingleton#create_list(int)#0 &amp; com.sun.corba.se.impl.orb.ORBImpl#create_list(int)#0&quot;, &quot;NVListImpl := NVListImpl&quot; }"/>
        </annotation>
    </item>
    <item name='com.sun.corba.se.impl.corba.NamedValueImpl NamedValueImpl(com.sun.corba.se.spi.orb.ORB)'>
        <annotation name='com.intellij.inspections.tainted.annotation.equation.Equations'>
            <val val="{ &quot;orb := RequestImpl&quot;, &quot;NamedValueImpl := NamedValueImpl&quot; }"/>
        </annotation>
    </item>
    <item name='com.sun.corba.se.impl.corba.NamedValueImpl NamedValueImpl(com.sun.corba.se.spi.orb.ORB, java.lang.String, org.omg.CORBA.Any, int)'>
        <annotation name='com.intellij.inspections.tainted.annotation.equation.Equations'>
            <val val="{ &quot;value := com.sun.corba.se.impl.orb.ORBSingleton#create_named_value(java.lang.String, org.omg.CORBA.Any, int)#1 &amp; com.sun.corba.se.impl.orb.ORBImpl#create_named_value(java.lang.String, org.omg.CORBA.Any, int)#1 &amp; NVListImpl#add_value(java.lang.String, org.omg.CORBA.Any, int)#1&quot;, &quot;name := com.sun.corba.se.impl.orb.ORBSingleton#create_named_value(java.lang.String, org.omg.CORBA.Any, int)#0 &amp; com.sun.corba.se.impl.orb.ORBImpl#create_named_value(java.lang.String, org.omg.CORBA.Any, int)#0 &amp; NVListImpl#add_item(java.lang.String, int)#0 &amp; NVListImpl#add_value(java.lang.String, org.omg.CORBA.Any, int)#0&quot;, &quot;orb := com.sun.corba.se.impl.orb.ORBSingleton &amp; com.sun.corba.se.impl.orb.ORBImpl &amp; NVListImpl&quot;, &quot;NamedValueImpl := NamedValueImpl&quot;, &quot;flags := com.sun.corba.se.impl.orb.ORBSingleton#create_named_value(java.lang.String, org.omg.CORBA.Any, int)#2 &amp; com.sun.corba.se.impl.orb.ORBImpl#create_named_value(java.lang.String, org.omg.CORBA.Any, int)#2 &amp; NVListImpl#add(int)#0 &amp; NVListImpl#add_item(java.lang.String, int)#1 &amp; NVListImpl#add_value(java.lang.String, org.omg.CORBA.Any, int)#2&quot; }"/>
        </annotation>
    </item>
    <item name='com.sun.corba.se.impl.corba.NamedValueImpl int flags()'>
        <annotation name='com.intellij.inspections.tainted.annotation.equation.Equations'>
            <val val="{ &quot;flags := NamedValueImpl&quot; }"/>
        </annotation>
    </item>
    <item name='com.sun.corba.se.impl.corba.NamedValueImpl java.lang.String name()'>
        <annotation name='com.intellij.inspections.tainted.annotation.equation.Equations'>
            <val val="{ &quot;name := NamedValueImpl&quot; }"/>
        </annotation>
    </item>
    <item name='com.sun.corba.se.impl.corba.NamedValueImpl org.omg.CORBA.Any value()'>
        <annotation name='com.intellij.inspections.tainted.annotation.equation.Equations'>
            <val val="{ &quot;value := NamedValueImpl&quot; }"/>
        </annotation>
    </item>
    <item name='com.sun.corba.se.impl.corba.PrincipalImpl'>
        <annotation name='com.intellij.inspections.tainted.annotation.equation.Equations'>
            <val val="{ &quot;PrincipalImpl := #name(byte[])#0&quot; }"/>
        </annotation>
    </item>
    <item name='com.sun.corba.se.impl.corba.PrincipalImpl byte[] name()'>
        <annotation name='com.intellij.inspections.tainted.annotation.equation.Equations'>
            <val val="{ &quot;name := PrincipalImpl&quot; }"/>
        </annotation>
    </item>
    <item name='com.sun.corba.se.impl.corba.RequestImpl'>
        <annotation name='com.intellij.inspections.tainted.annotation.equation.Equations'>
            <val val="{ &quot;RequestImpl := #ctx(org.omg.CORBA.Context)#0&quot; }"/>
        </annotation>
    </item>
    <item name='com.sun.corba.se.impl.corba.RequestImpl RequestImpl(com.sun.corba.se.spi.orb.ORB, org.omg.CORBA.Object, org.omg.CORBA.Context, java.lang.String, org.omg.CORBA.NVList, org.omg.CORBA.NamedValue, org.omg.CORBA.ExceptionList, org.omg.CORBA.ContextList)'>
        <annotation name='com.intellij.inspections.tainted.annotation.equation.Equations'>
            <val val="{ &quot;orb := com.sun.corba.se.impl.protocol.CorbaClientDelegateImpl&quot;, &quot;operationName := com.sun.corba.se.impl.protocol.CorbaClientDelegateImpl#request(org.omg.CORBA.Object, java.lang.String)#1 &amp; com.sun.corba.se.impl.protocol.CorbaClientDelegateImpl#create_request(org.omg.CORBA.Object, org.omg.CORBA.Context, java.lang.String, org.omg.CORBA.NVList, org.omg.CORBA.NamedValue)#2 &amp; com.sun.corba.se.impl.protocol.CorbaClientDelegateImpl#create_request(org.omg.CORBA.Object, org.omg.CORBA.Context, java.lang.String, org.omg.CORBA.NVList, org.omg.CORBA.NamedValue, org.omg.CORBA.ExceptionList, org.omg.CORBA.ContextList)#2&quot;, &quot;argumentList := com.sun.corba.se.impl.protocol.CorbaClientDelegateImpl#create_request(org.omg.CORBA.Object, org.omg.CORBA.Context, java.lang.String, org.omg.CORBA.NVList, org.omg.CORBA.NamedValue)#3 &amp; com.sun.corba.se.impl.protocol.CorbaClientDelegateImpl#create_request(org.omg.CORBA.Object, org.omg.CORBA.Context, java.lang.String, org.omg.CORBA.NVList, org.omg.CORBA.NamedValue, org.omg.CORBA.ExceptionList, org.omg.CORBA.ContextList)#3&quot;, &quot;ctxList := com.sun.corba.se.impl.protocol.CorbaClientDelegateImpl#create_request(org.omg.CORBA.Object, org.omg.CORBA.Context, java.lang.String, org.omg.CORBA.NVList, org.omg.CORBA.NamedValue, org.omg.CORBA.ExceptionList, org.omg.CORBA.ContextList)#6&quot;, &quot;resultContainer := com.sun.corba.se.impl.protocol.CorbaClientDelegateImpl#create_request(org.omg.CORBA.Object, org.omg.CORBA.Context, java.lang.String, org.omg.CORBA.NVList, org.omg.CORBA.NamedValue)#4 &amp; com.sun.corba.se.impl.protocol.CorbaClientDelegateImpl#create_request(org.omg.CORBA.Object, org.omg.CORBA.Context, java.lang.String, org.omg.CORBA.NVList, org.omg.CORBA.NamedValue, org.omg.CORBA.ExceptionList, org.omg.CORBA.ContextList)#4&quot;, &quot;ctx := com.sun.corba.se.impl.protocol.CorbaClientDelegateImpl#create_request(org.omg.CORBA.Object, org.omg.CORBA.Context, java.lang.String, org.omg.CORBA.NVList, org.omg.CORBA.NamedValue)#1 &amp; com.sun.corba.se.impl.protocol.CorbaClientDelegateImpl#create_request(org.omg.CORBA.Object, org.omg.CORBA.Context, java.lang.String, org.omg.CORBA.NVList, org.omg.CORBA.NamedValue, org.omg.CORBA.ExceptionList, org.omg.CORBA.ContextList)#1&quot;, &quot;exceptionList := com.sun.corba.se.impl.protocol.CorbaClientDelegateImpl#create_request(org.omg.CORBA.Object, org.omg.CORBA.Context, java.lang.String, org.omg.CORBA.NVList, org.omg.CORBA.NamedValue, org.omg.CORBA.ExceptionList, org.omg.CORBA.ContextList)#5&quot;, &quot;RequestImpl := RequestImpl&quot;, &quot;targetObject := com.sun.corba.se.impl.protocol.CorbaClientDelegateImpl#request(org.omg.CORBA.Object, java.lang.String)#0 &amp; com.sun.corba.se.impl.protocol.CorbaClientDelegateImpl#create_request(org.omg.CORBA.Object, org.omg.CORBA.Context, java.lang.String, org.omg.CORBA.NVList, org.omg.CORBA.NamedValue)#0 &amp; com.sun.corba.se.impl.protocol.CorbaClientDelegateImpl#create_request(org.omg.CORBA.Object, org.omg.CORBA.Context, java.lang.String, org.omg.CORBA.NVList, org.omg.CORBA.NamedValue, org.omg.CORBA.ExceptionList, org.omg.CORBA.ContextList)#0&quot; }"/>
        </annotation>
    </item>
    <item name='com.sun.corba.se.impl.corba.RequestImpl java.lang.String operation()'>
        <annotation name='com.intellij.inspections.tainted.annotation.equation.Equations'>
            <val val="{ &quot;operation := RequestImpl&quot; }"/>
        </annotation>
    </item>
    <item name='com.sun.corba.se.impl.corba.RequestImpl org.omg.CORBA.Context ctx()'>
        <annotation name='com.intellij.inspections.tainted.annotation.equation.Equations'>
            <val val="{ &quot;ctx := RequestImpl&quot; }"/>
        </annotation>
    </item>
    <item name='com.sun.corba.se.impl.corba.RequestImpl org.omg.CORBA.ContextList contexts()'>
        <annotation name='com.intellij.inspections.tainted.annotation.equation.Equations'>
            <val val="{ &quot;contexts := RequestImpl&quot; }"/>
        </annotation>
    </item>
    <item name='com.sun.corba.se.impl.corba.RequestImpl org.omg.CORBA.Environment env()'>
        <annotation name='com.intellij.inspections.tainted.annotation.equation.Equations'>
            <val val="{ &quot;env := RequestImpl&quot; }"/>
        </annotation>
    </item>
    <item name='com.sun.corba.se.impl.corba.RequestImpl org.omg.CORBA.ExceptionList exceptions()'>
        <annotation name='com.intellij.inspections.tainted.annotation.equation.Equations'>
            <val val="{ &quot;exceptions := RequestImpl&quot; }"/>
        </annotation>
    </item>
    <item name='com.sun.corba.se.impl.corba.RequestImpl org.omg.CORBA.NVList arguments()'>
        <annotation name='com.intellij.inspections.tainted.annotation.equation.Equations'>
            <val val="{ &quot;arguments := RequestImpl&quot; }"/>
        </annotation>
    </item>
    <item name='com.sun.corba.se.impl.corba.RequestImpl org.omg.CORBA.NamedValue result()'>
        <annotation name='com.intellij.inspections.tainted.annotation.equation.Equations'>
            <val val="{ &quot;result := RequestImpl&quot; }"/>
        </annotation>
    </item>
    <item name='com.sun.corba.se.impl.corba.RequestImpl org.omg.CORBA.Object target()'>
        <annotation name='com.intellij.inspections.tainted.annotation.equation.Equations'>
            <val val="{ &quot;target := RequestImpl&quot; }"/>
        </annotation>
    </item>
    <item name='com.sun.corba.se.impl.corba.RequestImpl void unmarshalReply(org.omg.CORBA.portable.InputStream)'>
        <annotation name='com.intellij.inspections.tainted.annotation.equation.Equations'>
            <val val="{ &quot;is := com.sun.corba.se.impl.protocol.CorbaMessageMediatorImpl#handleDIIReply(org.omg.CORBA_2_3.portable.InputStream)#0&quot; }"/>
        </annotation>
    </item>
    <item name='com.sun.corba.se.impl.corba.ServerRequestImpl'>
        <annotation name='com.intellij.inspections.tainted.annotation.equation.Equations'>
            <val val="{ &quot;ServerRequestImpl := #arguments(org.omg.CORBA.NVList)#0 &amp; #set_result(org.omg.CORBA.Any)#0 &amp; #set_exception(org.omg.CORBA.Any)#0&quot; }"/>
        </annotation>
    </item>
    <item name='com.sun.corba.se.impl.corba.ServerRequestImpl ServerRequestImpl(com.sun.corba.se.spi.protocol.CorbaMessageMediator, com.sun.corba.se.spi.orb.ORB)'>
        <annotation name='com.intellij.inspections.tainted.annotation.equation.Equations'>
            <val val="{ &quot;ServerRequestImpl := ServerRequestImpl&quot;, &quot;req := com.sun.corba.se.impl.protocol.CorbaServerRequestDispatcherImpl#dispatchToServant(java.lang.Object, com.sun.corba.se.spi.protocol.CorbaMessageMediator, byte[], com.sun.corba.se.spi.oa.ObjectAdapter)#1&quot;, &quot;orb := com.sun.corba.se.impl.protocol.CorbaServerRequestDispatcherImpl&quot; }"/>
        </annotation>
    </item>
    <item name='com.sun.corba.se.impl.corba.ServerRequestImpl java.lang.String operation()'>
        <annotation name='com.intellij.inspections.tainted.annotation.equation.Equations'>
            <val val="{ &quot;operation := ServerRequestImpl&quot; }"/>
        </annotation>
    </item>
    <item name='com.sun.corba.se.impl.corba.ServerRequestImpl org.omg.CORBA.Any checkResultCalled()'>
        <annotation name='com.intellij.inspections.tainted.annotation.equation.Equations'>
            <val val="{ &quot;checkResultCalled := ServerRequestImpl&quot; }"/>
        </annotation>
    </item>
    <item name='com.sun.corba.se.impl.corba.TCUtility void marshalIn(org.omg.CORBA.portable.OutputStream, org.omg.CORBA.TypeCode, long, java.lang.Object)'>
        <annotation name='com.intellij.inspections.tainted.annotation.equation.Equations'>
            <val val="{ &quot;l := AnyImpl&quot;, &quot;typeCode := &quot;, &quot;o := AnyImpl&quot;, &quot;s := AnyImpl#write_value(org.omg.CORBA.portable.OutputStream)#0&quot; }"/>
        </annotation>
    </item>
    <item name='com.sun.corba.se.impl.corba.TCUtility void unmarshalIn(org.omg.CORBA.portable.InputStream, org.omg.CORBA.TypeCode, long[], java.lang.Object[])'>
        <annotation name='com.intellij.inspections.tainted.annotation.equation.Equations'>
            <val val="{ &quot;s := AnyImpl#read_value(org.omg.CORBA.portable.InputStream, org.omg.CORBA.TypeCode)#0&quot;, &quot;oa := AnyImpl&quot; }"/>
        </annotation>
    </item>
    <item name='com.sun.corba.se.impl.corba.TypeCodeFactory com.sun.corba.se.impl.corba.TypeCodeImpl getTypeCode(java.lang.String)'>
        <annotation name='com.intellij.inspections.tainted.annotation.equation.Equations'>
            <val val="{ &quot;getTypeCode := com.sun.corba.se.spi.orb.ORB#getTypeCode(java.lang.String)&quot;, &quot;id := com.sun.corba.se.spi.orb.ORB#getTypeCode(java.lang.String)#0&quot; }"/>
        </annotation>
    </item>
    <item name='com.sun.corba.se.impl.corba.TypeCodeFactory com.sun.corba.se.impl.corba.TypeCodeImpl getTypeCodeForClass(java.lang.Class)'>
        <annotation name='com.intellij.inspections.tainted.annotation.equation.Equations'>
            <val val="{ &quot;c := com.sun.corba.se.impl.orb.ORBImpl#getTypeCodeForClass(java.lang.Class)#0 &amp; com.sun.corba.se.impl.orb.ORBSingleton#getTypeCodeForClass(java.lang.Class)#0&quot;, &quot;getTypeCodeForClass := com.sun.corba.se.impl.orb.ORBImpl#getTypeCodeForClass(java.lang.Class) &amp; com.sun.corba.se.impl.orb.ORBSingleton#getTypeCodeForClass(java.lang.Class)&quot; }"/>
        </annotation>
    </item>
    <item name='com.sun.corba.se.impl.corba.TypeCodeFactory void setTypeCode(java.lang.String, com.sun.corba.se.impl.corba.TypeCodeImpl)'>
        <annotation name='com.intellij.inspections.tainted.annotation.equation.Equations'>
            <val val="{ &quot;id := com.sun.corba.se.spi.orb.ORB#setTypeCode(java.lang.String, com.sun.corba.se.impl.corba.TypeCodeImpl)#0&quot;, &quot;code := com.sun.corba.se.spi.orb.ORB#setTypeCode(java.lang.String, com.sun.corba.se.impl.corba.TypeCodeImpl)#1&quot; }"/>
        </annotation>
    </item>
    <item name='com.sun.corba.se.impl.corba.TypeCodeFactory void setTypeCodeForClass(java.lang.Class, com.sun.corba.se.impl.corba.TypeCodeImpl)'>
        <annotation name='com.intellij.inspections.tainted.annotation.equation.Equations'>
            <val val="{ &quot;tcimpl := com.sun.corba.se.impl.orb.ORBImpl#setTypeCodeForClass(java.lang.Class, com.sun.corba.se.impl.corba.TypeCodeImpl)#1 &amp; com.sun.corba.se.impl.orb.ORBSingleton#setTypeCodeForClass(java.lang.Class, com.sun.corba.se.impl.corba.TypeCodeImpl)#1&quot;, &quot;c := com.sun.corba.se.impl.orb.ORBImpl#setTypeCodeForClass(java.lang.Class, com.sun.corba.se.impl.corba.TypeCodeImpl)#0 &amp; com.sun.corba.se.impl.orb.ORBSingleton#setTypeCodeForClass(java.lang.Class, com.sun.corba.se.impl.corba.TypeCodeImpl)#0&quot; }"/>
        </annotation>
    </item>
    <item name='com.sun.corba.se.impl.corba.TypeCodeImpl TypeCodeImpl(com.sun.corba.se.spi.orb.ORB)'>
        <annotation name='com.intellij.inspections.tainted.annotation.equation.Equations'>
            <val val="{ &quot;orb := #TypeCodeImpl(com.sun.corba.se.spi.orb.ORB, org.omg.CORBA.TypeCode)#0 &amp; #TypeCodeImpl(com.sun.corba.se.spi.orb.ORB, int)#0 &amp; #TypeCodeImpl(com.sun.corba.se.spi.orb.ORB, int, java.lang.String, java.lang.String, org.omg.CORBA.StructMember[])#0 &amp; #TypeCodeImpl(com.sun.corba.se.spi.orb.ORB, int, java.lang.String, java.lang.String, org.omg.CORBA.TypeCode, org.omg.CORBA.UnionMember[])#0 &amp; #TypeCodeImpl(com.sun.corba.se.spi.orb.ORB, int, java.lang.String, java.lang.String, short, org.omg.CORBA.TypeCode, org.omg.CORBA.ValueMember[])#0 &amp; #TypeCodeImpl(com.sun.corba.se.spi.orb.ORB, int, java.lang.String, java.lang.String, java.lang.String[])#0 &amp; #TypeCodeImpl(com.sun.corba.se.spi.orb.ORB, int, java.lang.String, java.lang.String, org.omg.CORBA.TypeCode)#0 &amp; #TypeCodeImpl(com.sun.corba.se.spi.orb.ORB, int, java.lang.String, java.lang.String)#0 &amp; #TypeCodeImpl(com.sun.corba.se.spi.orb.ORB, int, int)#0 &amp; #TypeCodeImpl(com.sun.corba.se.spi.orb.ORB, int, int, org.omg.CORBA.TypeCode)#0 &amp; #TypeCodeImpl(com.sun.corba.se.spi.orb.ORB, int, int, int)#0 &amp; #TypeCodeImpl(com.sun.corba.se.spi.orb.ORB, java.lang.String)#0 &amp; #TypeCodeImpl(com.sun.corba.se.spi.orb.ORB, int, short, short)#0 &amp; com.sun.corba.se.impl.encoding.CDRInputStream_1_0 &amp; com.sun.corba.se.impl.encoding.IDLJavaSerializationInputStream&quot;, &quot;TypeCodeImpl := TypeCodeImpl&quot; }"/>
        </annotation>
    </item>
    <item name='com.sun.corba.se.impl.corba.TypeCodeImpl TypeCodeImpl(com.sun.corba.se.spi.orb.ORB, int)'>
        <annotation name='com.intellij.inspections.tainted.annotation.equation.Equations'>
            <val val="{ &quot;TypeCodeImpl := TypeCodeImpl&quot;, &quot;orb := com.sun.corba.se.spi.orb.ORB&quot;, &quot;creationKind := org.omg.CORBA.TCKind#_tk_null &amp; org.omg.CORBA.TCKind#_tk_void &amp; org.omg.CORBA.TCKind#_tk_short &amp; org.omg.CORBA.TCKind#_tk_long &amp; org.omg.CORBA.TCKind#_tk_ushort &amp; org.omg.CORBA.TCKind#_tk_ulong &amp; org.omg.CORBA.TCKind#_tk_float &amp; org.omg.CORBA.TCKind#_tk_double &amp; org.omg.CORBA.TCKind#_tk_boolean &amp; org.omg.CORBA.TCKind#_tk_char &amp; org.omg.CORBA.TCKind#_tk_octet &amp; org.omg.CORBA.TCKind#_tk_any &amp; org.omg.CORBA.TCKind#_tk_TypeCode &amp; org.omg.CORBA.TCKind#_tk_Principal &amp; org.omg.CORBA.TCKind#_tk_objref &amp; org.omg.CORBA.TCKind#_tk_string &amp; org.omg.CORBA.TCKind#_tk_longlong &amp; org.omg.CORBA.TCKind#_tk_ulonglong &amp; org.omg.CORBA.TCKind#_tk_longdouble &amp; org.omg.CORBA.TCKind#_tk_wchar &amp; org.omg.CORBA.TCKind#_tk_wstring &amp; org.omg.CORBA.TCKind#_tk_fixed &amp; org.omg.CORBA.TCKind#_tk_value &amp; org.omg.CORBA.TCKind#_tk_value_box &amp; org.omg.CORBA.TCKind#_tk_native &amp; org.omg.CORBA.TCKind#_tk_abstract_interface&quot; }"/>
        </annotation>
    </item>
    <item name='com.sun.corba.se.impl.corba.TypeCodeImpl TypeCodeImpl(com.sun.corba.se.spi.orb.ORB, int, int)'>
        <annotation name='com.intellij.inspections.tainted.annotation.equation.Equations'>
            <val val="{ &quot;bound := com.sun.corba.se.impl.orb.ORBSingleton#create_string_tc(int)#0 &amp; com.sun.corba.se.impl.orb.ORBSingleton#create_wstring_tc(int)#0 &amp; com.sun.corba.se.impl.orb.ORBImpl#create_string_tc(int)#0 &amp; com.sun.corba.se.impl.orb.ORBImpl#create_wstring_tc(int)#0&quot;, &quot;orb := com.sun.corba.se.impl.orb.ORBSingleton &amp; com.sun.corba.se.impl.orb.ORBImpl&quot;, &quot;creationKind := org.omg.CORBA.TCKind#_tk_string &amp; org.omg.CORBA.TCKind#_tk_wstring&quot;, &quot;TypeCodeImpl := TypeCodeImpl&quot; }"/>
        </annotation>
    </item>
    <item name='com.sun.corba.se.impl.corba.TypeCodeImpl TypeCodeImpl(com.sun.corba.se.spi.orb.ORB, int, int, int)'>
        <annotation name='com.intellij.inspections.tainted.annotation.equation.Equations'>
            <val val="{ &quot;orb := com.sun.corba.se.impl.orb.ORBSingleton &amp; com.sun.corba.se.impl.orb.ORBImpl&quot;, &quot;bound := com.sun.corba.se.impl.orb.ORBSingleton#create_recursive_sequence_tc(int, int)#0 &amp; com.sun.corba.se.impl.orb.ORBImpl#create_recursive_sequence_tc(int, int)#0&quot;, &quot;creationKind := org.omg.CORBA.TCKind#_tk_sequence&quot;, &quot;TypeCodeImpl := TypeCodeImpl&quot;, &quot;offset := com.sun.corba.se.impl.orb.ORBSingleton#create_recursive_sequence_tc(int, int)#1 &amp; com.sun.corba.se.impl.orb.ORBImpl#create_recursive_sequence_tc(int, int)#1&quot; }"/>
        </annotation>
    </item>
    <item name='com.sun.corba.se.impl.corba.TypeCodeImpl TypeCodeImpl(com.sun.corba.se.spi.orb.ORB, int, int, org.omg.CORBA.TypeCode)'>
        <annotation name='com.intellij.inspections.tainted.annotation.equation.Equations'>
            <val val="{ &quot;orb := com.sun.corba.se.impl.orb.ORBSingleton &amp; com.sun.corba.se.impl.orb.ORBImpl&quot;, &quot;bound := com.sun.corba.se.impl.orb.ORBSingleton#create_sequence_tc(int, org.omg.CORBA.TypeCode)#0 &amp; com.sun.corba.se.impl.orb.ORBSingleton#create_array_tc(int, org.omg.CORBA.TypeCode)#0 &amp; com.sun.corba.se.impl.orb.ORBImpl#create_sequence_tc(int, org.omg.CORBA.TypeCode)#0 &amp; com.sun.corba.se.impl.orb.ORBImpl#create_array_tc(int, org.omg.CORBA.TypeCode)#0&quot;, &quot;element_type := com.sun.corba.se.impl.orb.ORBSingleton#create_sequence_tc(int, org.omg.CORBA.TypeCode)#1 &amp; com.sun.corba.se.impl.orb.ORBSingleton#create_array_tc(int, org.omg.CORBA.TypeCode)#1 &amp; com.sun.corba.se.impl.orb.ORBImpl#create_sequence_tc(int, org.omg.CORBA.TypeCode)#1 &amp; com.sun.corba.se.impl.orb.ORBImpl#create_array_tc(int, org.omg.CORBA.TypeCode)#1&quot;, &quot;creationKind := org.omg.CORBA.TCKind#_tk_sequence &amp; org.omg.CORBA.TCKind#_tk_array&quot;, &quot;TypeCodeImpl := TypeCodeImpl&quot; }"/>
        </annotation>
    </item>
    <item name='com.sun.corba.se.impl.corba.TypeCodeImpl TypeCodeImpl(com.sun.corba.se.spi.orb.ORB, int, java.lang.String, java.lang.String)'>
        <annotation name='com.intellij.inspections.tainted.annotation.equation.Equations'>
            <val val="{ &quot;orb := com.sun.corba.se.impl.orb.ORBSingleton &amp; com.sun.corba.se.impl.orb.ORBImpl &amp; AnyImpl&quot;, &quot;creationKind := org.omg.CORBA.TCKind#_tk_objref &amp; org.omg.CORBA.TCKind#_tk_native &amp; org.omg.CORBA.TCKind#_tk_abstract_interface&quot;, &quot;name := com.sun.corba.se.impl.orb.ORBSingleton#create_interface_tc(java.lang.String, java.lang.String)#1 &amp; com.sun.corba.se.impl.orb.ORBSingleton#create_native_tc(java.lang.String, java.lang.String)#1 &amp; com.sun.corba.se.impl.orb.ORBSingleton#create_abstract_interface_tc(java.lang.String, java.lang.String)#1 &amp; com.sun.corba.se.impl.orb.ORBImpl#create_interface_tc(java.lang.String, java.lang.String)#1 &amp; com.sun.corba.se.impl.orb.ORBImpl#create_native_tc(java.lang.String, java.lang.String)#1 &amp; com.sun.corba.se.impl.orb.ORBImpl#create_abstract_interface_tc(java.lang.String, java.lang.String)#1&quot;, &quot;id := com.sun.corba.se.impl.orb.ORBSingleton#create_interface_tc(java.lang.String, java.lang.String)#0 &amp; com.sun.corba.se.impl.orb.ORBSingleton#create_native_tc(java.lang.String, java.lang.String)#0 &amp; com.sun.corba.se.impl.orb.ORBSingleton#create_abstract_interface_tc(java.lang.String, java.lang.String)#0 &amp; com.sun.corba.se.impl.orb.ORBImpl#create_interface_tc(java.lang.String, java.lang.String)#0 &amp; com.sun.corba.se.impl.orb.ORBImpl#create_native_tc(java.lang.String, java.lang.String)#0 &amp; com.sun.corba.se.impl.orb.ORBImpl#create_abstract_interface_tc(java.lang.String, java.lang.String)#0&quot;, &quot;TypeCodeImpl := TypeCodeImpl&quot; }"/>
        </annotation>
    </item>
    <item name='com.sun.corba.se.impl.corba.TypeCodeImpl TypeCodeImpl(com.sun.corba.se.spi.orb.ORB, int, java.lang.String, java.lang.String, java.lang.String[])'>
        <annotation name='com.intellij.inspections.tainted.annotation.equation.Equations'>
            <val val="{ &quot;creationKind := org.omg.CORBA.TCKind#_tk_enum&quot;, &quot;TypeCodeImpl := TypeCodeImpl&quot;, &quot;orb := com.sun.corba.se.impl.orb.ORBSingleton &amp; com.sun.corba.se.impl.orb.ORBImpl&quot;, &quot;members := com.sun.corba.se.impl.orb.ORBSingleton#create_enum_tc(java.lang.String, java.lang.String, java.lang.String[])#2 &amp; com.sun.corba.se.impl.orb.ORBImpl#create_enum_tc(java.lang.String, java.lang.String, java.lang.String[])#2&quot;, &quot;name := com.sun.corba.se.impl.orb.ORBSingleton#create_enum_tc(java.lang.String, java.lang.String, java.lang.String[])#1 &amp; com.sun.corba.se.impl.orb.ORBImpl#create_enum_tc(java.lang.String, java.lang.String, java.lang.String[])#1&quot;, &quot;id := com.sun.corba.se.impl.orb.ORBSingleton#create_enum_tc(java.lang.String, java.lang.String, java.lang.String[])#0 &amp; com.sun.corba.se.impl.orb.ORBImpl#create_enum_tc(java.lang.String, java.lang.String, java.lang.String[])#0&quot; }"/>
        </annotation>
    </item>
    <item name='com.sun.corba.se.impl.corba.TypeCodeImpl TypeCodeImpl(com.sun.corba.se.spi.orb.ORB, int, java.lang.String, java.lang.String, org.omg.CORBA.StructMember[])'>
        <annotation name='com.intellij.inspections.tainted.annotation.equation.Equations'>
            <val val="{ &quot;id := com.sun.corba.se.impl.orb.ORBSingleton#create_struct_tc(java.lang.String, java.lang.String, org.omg.CORBA.StructMember[])#0 &amp; com.sun.corba.se.impl.orb.ORBSingleton#create_exception_tc(java.lang.String, java.lang.String, org.omg.CORBA.StructMember[])#0 &amp; com.sun.corba.se.impl.orb.ORBImpl#create_struct_tc(java.lang.String, java.lang.String, org.omg.CORBA.StructMember[])#0 &amp; com.sun.corba.se.impl.orb.ORBImpl#create_exception_tc(java.lang.String, java.lang.String, org.omg.CORBA.StructMember[])#0&quot;, &quot;creationKind := org.omg.CORBA.TCKind#_tk_struct &amp; org.omg.CORBA.TCKind#_tk_except&quot;, &quot;members := com.sun.corba.se.impl.orb.ORBSingleton#create_struct_tc(java.lang.String, java.lang.String, org.omg.CORBA.StructMember[])#2 &amp; com.sun.corba.se.impl.orb.ORBSingleton#create_exception_tc(java.lang.String, java.lang.String, org.omg.CORBA.StructMember[])#2 &amp; com.sun.corba.se.impl.orb.ORBImpl#create_struct_tc(java.lang.String, java.lang.String, org.omg.CORBA.StructMember[])#2 &amp; com.sun.corba.se.impl.orb.ORBImpl#create_exception_tc(java.lang.String, java.lang.String, org.omg.CORBA.StructMember[])#2&quot;, &quot;name := com.sun.corba.se.impl.orb.ORBSingleton#create_struct_tc(java.lang.String, java.lang.String, org.omg.CORBA.StructMember[])#1 &amp; com.sun.corba.se.impl.orb.ORBSingleton#create_exception_tc(java.lang.String, java.lang.String, org.omg.CORBA.StructMember[])#1 &amp; com.sun.corba.se.impl.orb.ORBImpl#create_struct_tc(java.lang.String, java.lang.String, org.omg.CORBA.StructMember[])#1 &amp; com.sun.corba.se.impl.orb.ORBImpl#create_exception_tc(java.lang.String, java.lang.String, org.omg.CORBA.StructMember[])#1&quot;, &quot;TypeCodeImpl := TypeCodeImpl&quot;, &quot;orb := com.sun.corba.se.impl.orb.ORBSingleton &amp; com.sun.corba.se.impl.orb.ORBImpl&quot; }"/>
        </annotation>
    </item>
    <item name='com.sun.corba.se.impl.corba.TypeCodeImpl TypeCodeImpl(com.sun.corba.se.spi.orb.ORB, int, java.lang.String, java.lang.String, org.omg.CORBA.TypeCode)'>
        <annotation name='com.intellij.inspections.tainted.annotation.equation.Equations'>
            <val val="{ &quot;creationKind := org.omg.CORBA.TCKind#_tk_alias &amp; org.omg.CORBA.TCKind#_tk_value_box&quot;, &quot;original_type := com.sun.corba.se.impl.orb.ORBSingleton#create_alias_tc(java.lang.String, java.lang.String, org.omg.CORBA.TypeCode)#2 &amp; com.sun.corba.se.impl.orb.ORBSingleton#create_value_box_tc(java.lang.String, java.lang.String, org.omg.CORBA.TypeCode)#2 &amp; com.sun.corba.se.impl.orb.ORBImpl#create_alias_tc(java.lang.String, java.lang.String, org.omg.CORBA.TypeCode)#2 &amp; com.sun.corba.se.impl.orb.ORBImpl#create_value_box_tc(java.lang.String, java.lang.String, org.omg.CORBA.TypeCode)#2&quot;, &quot;id := com.sun.corba.se.impl.orb.ORBSingleton#create_alias_tc(java.lang.String, java.lang.String, org.omg.CORBA.TypeCode)#0 &amp; com.sun.corba.se.impl.orb.ORBSingleton#create_value_box_tc(java.lang.String, java.lang.String, org.omg.CORBA.TypeCode)#0 &amp; com.sun.corba.se.impl.orb.ORBImpl#create_alias_tc(java.lang.String, java.lang.String, org.omg.CORBA.TypeCode)#0 &amp; com.sun.corba.se.impl.orb.ORBImpl#create_value_box_tc(java.lang.String, java.lang.String, org.omg.CORBA.TypeCode)#0&quot;, &quot;name := com.sun.corba.se.impl.orb.ORBSingleton#create_alias_tc(java.lang.String, java.lang.String, org.omg.CORBA.TypeCode)#1 &amp; com.sun.corba.se.impl.orb.ORBSingleton#create_value_box_tc(java.lang.String, java.lang.String, org.omg.CORBA.TypeCode)#1 &amp; com.sun.corba.se.impl.orb.ORBImpl#create_alias_tc(java.lang.String, java.lang.String, org.omg.CORBA.TypeCode)#1 &amp; com.sun.corba.se.impl.orb.ORBImpl#create_value_box_tc(java.lang.String, java.lang.String, org.omg.CORBA.TypeCode)#1&quot;, &quot;orb := com.sun.corba.se.impl.orb.ORBSingleton &amp; com.sun.corba.se.impl.orb.ORBImpl&quot;, &quot;TypeCodeImpl := TypeCodeImpl&quot; }"/>
        </annotation>
    </item>
    <item name='com.sun.corba.se.impl.corba.TypeCodeImpl TypeCodeImpl(com.sun.corba.se.spi.orb.ORB, int, java.lang.String, java.lang.String, org.omg.CORBA.TypeCode, org.omg.CORBA.UnionMember[])'>
        <annotation name='com.intellij.inspections.tainted.annotation.equation.Equations'>
            <val val="{ &quot;id := com.sun.corba.se.impl.orb.ORBSingleton#create_union_tc(java.lang.String, java.lang.String, org.omg.CORBA.TypeCode, org.omg.CORBA.UnionMember[])#0 &amp; com.sun.corba.se.impl.orb.ORBImpl#create_union_tc(java.lang.String, java.lang.String, org.omg.CORBA.TypeCode, org.omg.CORBA.UnionMember[])#0&quot;, &quot;discriminator_type := com.sun.corba.se.impl.orb.ORBSingleton#create_union_tc(java.lang.String, java.lang.String, org.omg.CORBA.TypeCode, org.omg.CORBA.UnionMember[])#2 &amp; com.sun.corba.se.impl.orb.ORBImpl#create_union_tc(java.lang.String, java.lang.String, org.omg.CORBA.TypeCode, org.omg.CORBA.UnionMember[])#2&quot;, &quot;creationKind := org.omg.CORBA.TCKind#_tk_union&quot;, &quot;name := com.sun.corba.se.impl.orb.ORBSingleton#create_union_tc(java.lang.String, java.lang.String, org.omg.CORBA.TypeCode, org.omg.CORBA.UnionMember[])#1 &amp; com.sun.corba.se.impl.orb.ORBImpl#create_union_tc(java.lang.String, java.lang.String, org.omg.CORBA.TypeCode, org.omg.CORBA.UnionMember[])#1&quot;, &quot;orb := com.sun.corba.se.impl.orb.ORBSingleton &amp; com.sun.corba.se.impl.orb.ORBImpl&quot;, &quot;members := com.sun.corba.se.impl.orb.ORBSingleton#create_union_tc(java.lang.String, java.lang.String, org.omg.CORBA.TypeCode, org.omg.CORBA.UnionMember[])#3 &amp; com.sun.corba.se.impl.orb.ORBImpl#create_union_tc(java.lang.String, java.lang.String, org.omg.CORBA.TypeCode, org.omg.CORBA.UnionMember[])#3&quot;, &quot;TypeCodeImpl := TypeCodeImpl&quot; }"/>
        </annotation>
    </item>
    <item name='com.sun.corba.se.impl.corba.TypeCodeImpl TypeCodeImpl(com.sun.corba.se.spi.orb.ORB, int, java.lang.String, java.lang.String, short, org.omg.CORBA.TypeCode, org.omg.CORBA.ValueMember[])'>
        <annotation name='com.intellij.inspections.tainted.annotation.equation.Equations'>
            <val val="{ &quot;type_modifier := com.sun.corba.se.impl.orb.ORBSingleton#create_value_tc(java.lang.String, java.lang.String, short, org.omg.CORBA.TypeCode, org.omg.CORBA.ValueMember[])#2 &amp; com.sun.corba.se.impl.orb.ORBImpl#create_value_tc(java.lang.String, java.lang.String, short, org.omg.CORBA.TypeCode, org.omg.CORBA.ValueMember[])#2&quot;, &quot;members := com.sun.corba.se.impl.orb.ORBSingleton#create_value_tc(java.lang.String, java.lang.String, short, org.omg.CORBA.TypeCode, org.omg.CORBA.ValueMember[])#4 &amp; com.sun.corba.se.impl.orb.ORBImpl#create_value_tc(java.lang.String, java.lang.String, short, org.omg.CORBA.TypeCode, org.omg.CORBA.ValueMember[])#4&quot;, &quot;orb := com.sun.corba.se.impl.orb.ORBSingleton &amp; com.sun.corba.se.impl.orb.ORBImpl&quot;, &quot;TypeCodeImpl := TypeCodeImpl&quot;, &quot;concrete_base := com.sun.corba.se.impl.orb.ORBSingleton#create_value_tc(java.lang.String, java.lang.String, short, org.omg.CORBA.TypeCode, org.omg.CORBA.ValueMember[])#3 &amp; com.sun.corba.se.impl.orb.ORBImpl#create_value_tc(java.lang.String, java.lang.String, short, org.omg.CORBA.TypeCode, org.omg.CORBA.ValueMember[])#3&quot;, &quot;id := com.sun.corba.se.impl.orb.ORBSingleton#create_value_tc(java.lang.String, java.lang.String, short, org.omg.CORBA.TypeCode, org.omg.CORBA.ValueMember[])#0 &amp; com.sun.corba.se.impl.orb.ORBImpl#create_value_tc(java.lang.String, java.lang.String, short, org.omg.CORBA.TypeCode, org.omg.CORBA.ValueMember[])#0&quot;, &quot;creationKind := org.omg.CORBA.TCKind#_tk_value&quot;, &quot;name := com.sun.corba.se.impl.orb.ORBSingleton#create_value_tc(java.lang.String, java.lang.String, short, org.omg.CORBA.TypeCode, org.omg.CORBA.ValueMember[])#1 &amp; com.sun.corba.se.impl.orb.ORBImpl#create_value_tc(java.lang.String, java.lang.String, short, org.omg.CORBA.TypeCode, org.omg.CORBA.ValueMember[])#1&quot; }"/>
        </annotation>
    </item>
    <item name='com.sun.corba.se.impl.corba.TypeCodeImpl TypeCodeImpl(com.sun.corba.se.spi.orb.ORB, int, short, short)'>
        <annotation name='com.intellij.inspections.tainted.annotation.equation.Equations'>
            <val val="{ &quot;digits := com.sun.corba.se.impl.orb.ORBSingleton#create_fixed_tc(short, short)#0 &amp; com.sun.corba.se.impl.orb.ORBImpl#create_fixed_tc(short, short)#0&quot;, &quot;orb := com.sun.corba.se.impl.orb.ORBSingleton &amp; com.sun.corba.se.impl.orb.ORBImpl&quot;, &quot;scale := com.sun.corba.se.impl.orb.ORBSingleton#create_fixed_tc(short, short)#1 &amp; com.sun.corba.se.impl.orb.ORBImpl#create_fixed_tc(short, short)#1&quot;, &quot;TypeCodeImpl := TypeCodeImpl&quot;, &quot;creationKind := org.omg.CORBA.TCKind#_tk_fixed&quot; }"/>
        </annotation>
    </item>
    <item name='com.sun.corba.se.impl.corba.TypeCodeImpl TypeCodeImpl(com.sun.corba.se.spi.orb.ORB, java.lang.String)'>
        <annotation name='com.intellij.inspections.tainted.annotation.equation.Equations'>
            <val val="{ &quot;orb := com.sun.corba.se.impl.orb.ORBSingleton &amp; com.sun.corba.se.impl.orb.ORBImpl &amp; TypeCodeImpl&quot;, &quot;id := com.sun.corba.se.impl.orb.ORBSingleton#create_recursive_tc(java.lang.String)#0 &amp; com.sun.corba.se.impl.orb.ORBImpl#create_recursive_tc(java.lang.String)#0&quot;, &quot;TypeCodeImpl := TypeCodeImpl&quot; }"/>
        </annotation>
    </item>
    <item name='com.sun.corba.se.impl.corba.TypeCodeImpl TypeCodeImpl(com.sun.corba.se.spi.orb.ORB, org.omg.CORBA.TypeCode)'>
        <annotation name='com.intellij.inspections.tainted.annotation.equation.Equations'>
            <val val="{ &quot;orb := #convertToNative(com.sun.corba.se.spi.orb.ORB, org.omg.CORBA.TypeCode)#0 &amp; com.sun.corba.se.impl.encoding.CDROutputStream_1_0 &amp; com.sun.corba.se.impl.encoding.IDLJavaSerializationOutputStream&quot;, &quot;TypeCodeImpl := TypeCodeImpl&quot;, &quot;tc := #convertToNative(com.sun.corba.se.spi.orb.ORB, org.omg.CORBA.TypeCode)#1 &amp; com.sun.corba.se.impl.encoding.CDROutputStream_1_0#write_TypeCode(org.omg.CORBA.TypeCode)#0 &amp; com.sun.corba.se.impl.encoding.IDLJavaSerializationOutputStream#write_TypeCode(org.omg.CORBA.TypeCode)#0&quot; }"/>
        </annotation>
    </item>
    <item name='com.sun.corba.se.impl.corba.TypeCodeImpl boolean read_value_kind(com.sun.corba.se.impl.encoding.TypeCodeReader)'>
        <annotation name='com.intellij.inspections.tainted.annotation.equation.Equations'>
            <val val="{ &quot;tcis := #read_value(org.omg.CORBA_2_3.portable.InputStream)#0 &amp; #read_value_recursive(com.sun.corba.se.impl.encoding.TypeCodeInputStream)#0&quot; }"/>
        </annotation>
    </item>
    <item name='com.sun.corba.se.impl.corba.TypeCodeImpl com.sun.corba.se.impl.corba.TypeCodeImpl convertToNative(com.sun.corba.se.spi.orb.ORB, org.omg.CORBA.TypeCode)'>
        <annotation name='com.intellij.inspections.tainted.annotation.equation.Equations'>
            <val val="{ &quot;tc := AnyImpl#type(org.omg.CORBA.TypeCode)#0 &amp; AnyImpl#read_value(org.omg.CORBA.portable.InputStream, org.omg.CORBA.TypeCode)#1 &amp; AnyImpl#insert_Object(org.omg.CORBA.Object, org.omg.CORBA.TypeCode)#1 &amp; #TypeCodeImpl(com.sun.corba.se.spi.orb.ORB, int, java.lang.String, java.lang.String, org.omg.CORBA.TypeCode, org.omg.CORBA.UnionMember[])#4 &amp; #TypeCodeImpl(com.sun.corba.se.spi.orb.ORB, int, java.lang.String, java.lang.String, short, org.omg.CORBA.TypeCode, org.omg.CORBA.ValueMember[])#5 &amp; AnyImpl#insert_Value(java.io.Serializable, org.omg.CORBA.TypeCode)#1 &amp; #TypeCodeImpl(com.sun.corba.se.spi.orb.ORB, int, java.lang.String, java.lang.String, org.omg.CORBA.TypeCode)#4 &amp; AnyImpl#insert_fixed(java.math.BigDecimal, org.omg.CORBA.TypeCode)#1 &amp; #TypeCodeImpl(com.sun.corba.se.spi.orb.ORB, int, int, org.omg.CORBA.TypeCode)#3&quot;, &quot;orb := AnyImpl &amp; TypeCodeImpl&quot;, &quot;convertToNative := tc&quot; }"/>
        </annotation>
    </item>
    <item name='com.sun.corba.se.impl.corba.TypeCodeImpl com.sun.corba.se.impl.corba.TypeCodeImpl getParentAtLevel(int)'>
        <annotation name='com.intellij.inspections.tainted.annotation.equation.Equations'>
            <val val="{ &quot;getParentAtLevel := TypeCodeImpl&quot;, &quot;level := TypeCodeImpl&quot; }"/>
        </annotation>
    </item>
    <item name='com.sun.corba.se.impl.corba.TypeCodeImpl com.sun.corba.se.impl.corba.TypeCodeImpl indirectType()'>
        <annotation name='com.intellij.inspections.tainted.annotation.equation.Equations'>
            <val val="{ &quot;indirectType := TypeCodeImpl&quot; }"/>
        </annotation>
    </item>
    <item name='com.sun.corba.se.impl.corba.TypeCodeImpl com.sun.corba.se.impl.corba.TypeCodeImpl lazy_content_type()'>
        <annotation name='com.intellij.inspections.tainted.annotation.equation.Equations'>
            <val val="{ &quot;lazy_content_type := TypeCodeImpl&quot; }"/>
        </annotation>
    </item>
    <item name='com.sun.corba.se.impl.corba.TypeCodeImpl com.sun.corba.se.impl.corba.TypeCodeImpl tryIndirectType()'>
        <annotation name='com.intellij.inspections.tainted.annotation.equation.Equations'>
            <val val="{ &quot;tryIndirectType := TypeCodeImpl&quot; }"/>
        </annotation>
    </item>
    <item name='com.sun.corba.se.impl.corba.TypeCodeImpl int currentUnionMemberIndex(org.omg.CORBA.Any)'>
        <annotation name='com.intellij.inspections.tainted.annotation.equation.Equations'>
            <val val="{ &quot;currentUnionMemberIndex := TypeCodeImpl&quot; }"/>
        </annotation>
    </item>
    <item name='com.sun.corba.se.impl.corba.TypeCodeImpl int default_index()'>
        <annotation name='com.intellij.inspections.tainted.annotation.equation.Equations'>
            <val val="{ &quot;default_index := TypeCodeImpl&quot; }"/>
        </annotation>
    </item>
    <item name='com.sun.corba.se.impl.corba.TypeCodeImpl int length()'>
        <annotation name='com.intellij.inspections.tainted.annotation.equation.Equations'>
            <val val="{ &quot;length := TypeCodeImpl&quot; }"/>
        </annotation>
    </item>
    <item name='com.sun.corba.se.impl.corba.TypeCodeImpl int member_count()'>
        <annotation name='com.intellij.inspections.tainted.annotation.equation.Equations'>
            <val val="{ &quot;member_count := TypeCodeImpl&quot; }"/>
        </annotation>
    </item>
    <item name='com.sun.corba.se.impl.corba.TypeCodeImpl java.lang.String description()'>
        <annotation name='com.intellij.inspections.tainted.annotation.equation.Equations'>
            <val val="{ &quot;description := TypeCodeImpl&quot; }"/>
        </annotation>
    </item>
    <item name='com.sun.corba.se.impl.corba.TypeCodeImpl java.lang.String id()'>
        <annotation name='com.intellij.inspections.tainted.annotation.equation.Equations'>
            <val val="{ &quot;id := TypeCodeImpl&quot; }"/>
        </annotation>
    </item>
    <item name='com.sun.corba.se.impl.corba.TypeCodeImpl java.lang.String indent(int)'>
        <annotation name='com.intellij.inspections.tainted.annotation.equation.Equations'>
            <val val="{ &quot;level := #printStream(java.io.PrintStream, int)#1&quot; }"/>
        </annotation>
    </item>
    <item name='com.sun.corba.se.impl.corba.TypeCodeImpl java.lang.String member_name(int)'>
        <annotation name='com.intellij.inspections.tainted.annotation.equation.Equations'>
            <val val="{ &quot;member_name := TypeCodeImpl&quot; }"/>
        </annotation>
    </item>
    <item name='com.sun.corba.se.impl.corba.TypeCodeImpl java.lang.String name()'>
        <annotation name='com.intellij.inspections.tainted.annotation.equation.Equations'>
            <val val="{ &quot;name := TypeCodeImpl&quot; }"/>
        </annotation>
    </item>
    <item name='com.sun.corba.se.impl.corba.TypeCodeImpl org.omg.CORBA.TypeCode concrete_base_type()'>
        <annotation name='com.intellij.inspections.tainted.annotation.equation.Equations'>
            <val val="{ &quot;concrete_base_type := TypeCodeImpl&quot; }"/>
        </annotation>
    </item>
    <item name='com.sun.corba.se.impl.corba.TypeCodeImpl org.omg.CORBA.TypeCode content_type()'>
        <annotation name='com.intellij.inspections.tainted.annotation.equation.Equations'>
            <val val="{ &quot;content_type := TypeCodeImpl&quot; }"/>
        </annotation>
    </item>
    <item name='com.sun.corba.se.impl.corba.TypeCodeImpl org.omg.CORBA.TypeCode discriminator_type()'>
        <annotation name='com.intellij.inspections.tainted.annotation.equation.Equations'>
            <val val="{ &quot;discriminator_type := TypeCodeImpl&quot; }"/>
        </annotation>
    </item>
    <item name='com.sun.corba.se.impl.corba.TypeCodeImpl org.omg.CORBA.TypeCode get_compact_typecode()'>
        <annotation name='com.intellij.inspections.tainted.annotation.equation.Equations'>
            <val val="{ &quot;get_compact_typecode := TypeCodeImpl&quot; }"/>
        </annotation>
    </item>
    <item name='com.sun.corba.se.impl.corba.TypeCodeImpl org.omg.CORBA.TypeCode member_type(int)'>
        <annotation name='com.intellij.inspections.tainted.annotation.equation.Equations'>
            <val val="{ &quot;member_type := TypeCodeImpl&quot; }"/>
        </annotation>
    </item>
    <item name='com.sun.corba.se.impl.corba.TypeCodeImpl org.omg.CORBA.TypeCode realType(org.omg.CORBA.TypeCode)'>
        <annotation name='com.intellij.inspections.tainted.annotation.equation.Equations'>
            <val val="{ &quot;realType := aType&quot;, &quot;aType := TypeCodeImpl &amp; #equivalent(org.omg.CORBA.TypeCode)#0&quot; }"/>
        </annotation>
    </item>
    <item name='com.sun.corba.se.impl.corba.TypeCodeImpl short digits(java.math.BigDecimal)'>
        <annotation name='com.intellij.inspections.tainted.annotation.equation.Equations'>
            <val val="{ &quot;value := AnyImpl#insert_fixed(java.math.BigDecimal)#0 &amp; AnyImpl#insert_fixed(java.math.BigDecimal, org.omg.CORBA.TypeCode)#0&quot; }"/>
        </annotation>
    </item>
    <item name='com.sun.corba.se.impl.corba.TypeCodeImpl short fixed_digits()'>
        <annotation name='com.intellij.inspections.tainted.annotation.equation.Equations'>
            <val val="{ &quot;fixed_digits := TypeCodeImpl&quot; }"/>
        </annotation>
    </item>
    <item name='com.sun.corba.se.impl.corba.TypeCodeImpl short fixed_scale()'>
        <annotation name='com.intellij.inspections.tainted.annotation.equation.Equations'>
            <val val="{ &quot;fixed_scale := TypeCodeImpl&quot; }"/>
        </annotation>
    </item>
    <item name='com.sun.corba.se.impl.corba.TypeCodeImpl short member_visibility(int)'>
        <annotation name='com.intellij.inspections.tainted.annotation.equation.Equations'>
            <val val="{ &quot;member_visibility := TypeCodeImpl&quot; }"/>
        </annotation>
    </item>
    <item name='com.sun.corba.se.impl.corba.TypeCodeImpl short scale(java.math.BigDecimal)'>
        <annotation name='com.intellij.inspections.tainted.annotation.equation.Equations'>
            <val val="{ &quot;value := AnyImpl#insert_fixed(java.math.BigDecimal)#0 &amp; AnyImpl#insert_fixed(java.math.BigDecimal, org.omg.CORBA.TypeCode)#0&quot; }"/>
        </annotation>
    </item>
    <item name='com.sun.corba.se.impl.corba.TypeCodeImpl short type_modifier()'>
        <annotation name='com.intellij.inspections.tainted.annotation.equation.Equations'>
            <val val="{ &quot;type_modifier := TypeCodeImpl&quot; }"/>
        </annotation>
    </item>
    <item name='com.sun.corba.se.impl.corba.TypeCodeImpl void copy(org.omg.CORBA.portable.InputStream, org.omg.CORBA.portable.OutputStream)'>
        <annotation name='com.intellij.inspections.tainted.annotation.equation.Equations'>
            <val val="{ &quot;dst := AnyImpl#write_value(org.omg.CORBA.portable.OutputStream)#0&quot;, &quot;src := AnyImpl#read_value(org.omg.CORBA.portable.InputStream, org.omg.CORBA.TypeCode)#0 &amp; AnyImpl &amp; AnyImpl#extractAnyFromStream(org.omg.CORBA.TypeCode, org.omg.CORBA.portable.InputStream, com.sun.corba.se.spi.orb.ORB)#1&quot; }"/>
        </annotation>
    </item>
    <item name='com.sun.corba.se.impl.corba.TypeCodeImpl void printStream(java.io.PrintStream, int)'>
        <annotation name='com.intellij.inspections.tainted.annotation.equation.Equations'>
            <val val="{ &quot;s := #printStream(java.io.PrintStream)#0&quot; }"/>
        </annotation>
    </item>
    <item name='com.sun.corba.se.impl.corba.TypeCodeImpl void read_value(org.omg.CORBA_2_3.portable.InputStream)'>
        <annotation name='com.intellij.inspections.tainted.annotation.equation.Equations'>
            <val val="{ &quot;is := #copy(org.omg.CORBA.portable.InputStream, org.omg.CORBA.portable.OutputStream)#0 &amp; com.sun.corba.se.impl.encoding.CDRInputStream_1_0 &amp; com.sun.corba.se.impl.encoding.IDLJavaSerializationInputStream&quot; }"/>
        </annotation>
    </item>
    <item name='com.sun.corba.se.impl.corba.TypeCodeImpl void read_value_body(org.omg.CORBA_2_3.portable.InputStream)'>
        <annotation name='com.intellij.inspections.tainted.annotation.equation.Equations'>
            <val val="{ &quot;is := #read_value(org.omg.CORBA_2_3.portable.InputStream)#0 &amp; #read_value_recursive(com.sun.corba.se.impl.encoding.TypeCodeInputStream)#0&quot; }"/>
        </annotation>
    </item>
    <item name='com.sun.corba.se.impl.corba.TypeCodeImpl void read_value_kind(org.omg.CORBA_2_3.portable.InputStream)'>
        <annotation name='com.intellij.inspections.tainted.annotation.equation.Equations'>
            <val val="{ &quot;is := #read_value(org.omg.CORBA_2_3.portable.InputStream)#0 &amp; #read_value_recursive(com.sun.corba.se.impl.encoding.TypeCodeInputStream)#0&quot; }"/>
        </annotation>
    </item>
    <item name='com.sun.corba.se.impl.corba.TypeCodeImpl void setId(java.lang.String)'>
        <annotation name='com.intellij.inspections.tainted.annotation.equation.Equations'>
            <val val="{ &quot;newID := #TypeCodeImpl(com.sun.corba.se.spi.orb.ORB, int, java.lang.String, java.lang.String, org.omg.CORBA.StructMember[])#2 &amp; #TypeCodeImpl(com.sun.corba.se.spi.orb.ORB, int, java.lang.String, java.lang.String, org.omg.CORBA.TypeCode, org.omg.CORBA.UnionMember[])#2 &amp; #TypeCodeImpl(com.sun.corba.se.spi.orb.ORB, int, java.lang.String, java.lang.String, short, org.omg.CORBA.TypeCode, org.omg.CORBA.ValueMember[])#2 &amp; #TypeCodeImpl(com.sun.corba.se.spi.orb.ORB, int, java.lang.String, java.lang.String, java.lang.String[])#2 &amp; #TypeCodeImpl(com.sun.corba.se.spi.orb.ORB, int, java.lang.String, java.lang.String, org.omg.CORBA.TypeCode)#2 &amp; #TypeCodeImpl(com.sun.corba.se.spi.orb.ORB, int, java.lang.String, java.lang.String)#2&quot; }"/>
        </annotation>
    </item>
    <item name='com.sun.corba.se.impl.corba.TypeCodeImpl void setParent(com.sun.corba.se.impl.corba.TypeCodeImpl)'>
        <annotation name='com.intellij.inspections.tainted.annotation.equation.Equations'>
            <val val="{ &quot;parent := TypeCodeImpl&quot; }"/>
        </annotation>
    </item>
    <item name='com.sun.corba.se.impl.corba.TypeCodeImpl void write_value(com.sun.corba.se.impl.encoding.TypeCodeOutputStream)'>
        <annotation name='com.intellij.inspections.tainted.annotation.equation.Equations'>
            <val val="{ &quot;tcos := #write_value(org.omg.CORBA_2_3.portable.OutputStream)#0&quot; }"/>
        </annotation>
    </item>
    <item name='com.sun.corba.se.impl.corba.TypeCodeImpl void write_value(org.omg.CORBA_2_3.portable.OutputStream)'>
        <annotation name='com.intellij.inspections.tainted.annotation.equation.Equations'>
            <val val="{ &quot;os := #copy(org.omg.CORBA.portable.InputStream, org.omg.CORBA.portable.OutputStream)#1 &amp; com.sun.corba.se.impl.encoding.CDROutputStream_1_0 &amp; com.sun.corba.se.impl.encoding.IDLJavaSerializationOutputStream&quot; }"/>
        </annotation>
    </item>
    <item name='com.sun.corba.se.impl.corba.TypeCodeImplHelper java.lang.String id()'>
        <annotation name='com.intellij.inspections.tainted.annotation.equation.Equations'>
            <val val="{ &quot;id := TypeCodeImplHelper&quot; }"/>
        </annotation>
    </item>
    <item name='com.sun.corba.se.impl.corba.TypeCodeImplHelper org.omg.CORBA.TypeCode type()'>
        <annotation name='com.intellij.inspections.tainted.annotation.equation.Equations'>
            <val val="{ &quot;type := TypeCodeImplHelper&quot; }"/>
        </annotation>
    </item>
    <item name='com.sun.corba.se.impl.corba.TypeCodeImplHelper void write(org.omg.CORBA.portable.OutputStream, org.omg.CORBA.TypeCode)'>
        <annotation name='com.intellij.inspections.tainted.annotation.equation.Equations'>
            <val val="{ &quot;value := #insert(org.omg.CORBA.Any, org.omg.CORBA.TypeCode)#1&quot;, &quot;ostream := &quot; }"/>
        </annotation>
    </item>
</root>