<root>
    <item name='com.sun.corba.se.spi.orbutil.closure.Closure java.lang.Object evaluate()'>
        <annotation name='com.intellij.inspections.tainted.annotation.equation.Equations'>
            <val val="{ &quot;evaluate := com.sun.corba.se.impl.orbutil.closure.Future#evaluate() &amp; com.sun.corba.se.impl.orbutil.closure.Constant#evaluate()&quot; }"/>
        </annotation>
    </item>
    <item name='com.sun.corba.se.spi.orbutil.closure.ClosureFactory com.sun.corba.se.spi.orbutil.closure.Closure makeConstant(java.lang.Object)'>
        <annotation name='com.intellij.inspections.tainted.annotation.equation.Equations'>
            <val val="{ &quot;value := com.sun.corba.se.impl.orb.ORBImpl#register_initial_reference(java.lang.String, org.omg.CORBA.Object)#1 &amp; com.sun.corba.se.impl.interceptors.PIHandlerImpl&quot; }"/>
        </annotation>
    </item>
    <item name='com.sun.corba.se.spi.orbutil.closure.ClosureFactory com.sun.corba.se.spi.orbutil.closure.Closure makeFuture(com.sun.corba.se.spi.orbutil.closure.Closure)'>
        <annotation name='com.intellij.inspections.tainted.annotation.equation.Equations'>
            <val val="{ &quot;value := &quot; }"/>
        </annotation>
    </item>
</root>