<root>
    <item name='com.sun.org.apache.xerces.internal.dom.events.MutationEventImpl java.lang.String getAttrName()'>
        <annotation name='com.intellij.inspections.tainted.annotation.equation.Equations'>
            <val val="{ &quot;getAttrName := MutationEventImpl&quot; }"/>
        </annotation>
    </item>
    <item name='com.sun.org.apache.xerces.internal.dom.events.MutationEventImpl java.lang.String getNewValue()'>
        <annotation name='com.intellij.inspections.tainted.annotation.equation.Equations'>
            <val val="{ &quot;getNewValue := MutationEventImpl&quot; }"/>
        </annotation>
    </item>
    <item name='com.sun.org.apache.xerces.internal.dom.events.MutationEventImpl java.lang.String getPrevValue()'>
        <annotation name='com.intellij.inspections.tainted.annotation.equation.Equations'>
            <val val="{ &quot;getPrevValue := MutationEventImpl&quot; }"/>
        </annotation>
    </item>
    <item name='com.sun.org.apache.xerces.internal.dom.events.MutationEventImpl org.w3c.dom.Node getRelatedNode()'>
        <annotation name='com.intellij.inspections.tainted.annotation.equation.Equations'>
            <val val="{ &quot;getRelatedNode := MutationEventImpl&quot; }"/>
        </annotation>
    </item>
    <item name='com.sun.org.apache.xerces.internal.dom.events.MutationEventImpl short getAttrChange()'>
        <annotation name='com.intellij.inspections.tainted.annotation.equation.Equations'>
            <val val="{ &quot;getAttrChange := MutationEventImpl&quot; }"/>
        </annotation>
    </item>
    <item name='com.sun.org.apache.xerces.internal.dom.events.MutationEventImpl void initMutationEvent(java.lang.String, boolean, boolean, org.w3c.dom.Node, java.lang.String, java.lang.String, java.lang.String, short)'>
        <annotation name='com.intellij.inspections.tainted.annotation.equation.Equations'>
            <val val="{ &quot;typeArg := org.w3c.dom.events.MutationEvent#initMutationEvent(java.lang.String, boolean, boolean, org.w3c.dom.Node, java.lang.String, java.lang.String, java.lang.String, short)#0 &amp; org.w3c.dom.events.MutationEvent#initMutationEvent(java.lang.String, boolean, boolean, org.w3c.dom.Node, java.lang.String, java.lang.String, java.lang.String, short)#0 &amp; #DOM_ATTR_MODIFIED &amp; #DOM_NODE_INSERTED &amp; #DOM_NODE_INSERTED_INTO_DOCUMENT &amp; #DOM_NODE_REMOVED &amp; #DOM_NODE_REMOVED_FROM_DOCUMENT&quot;, &quot;cancelableArg := org.w3c.dom.events.MutationEvent#initMutationEvent(java.lang.String, boolean, boolean, org.w3c.dom.Node, java.lang.String, java.lang.String, java.lang.String, short)#2 &amp; org.w3c.dom.events.MutationEvent#initMutationEvent(java.lang.String, boolean, boolean, org.w3c.dom.Node, java.lang.String, java.lang.String, java.lang.String, short)#2&quot;, &quot;prevValueArg := org.w3c.dom.events.MutationEvent#initMutationEvent(java.lang.String, boolean, boolean, org.w3c.dom.Node, java.lang.String, java.lang.String, java.lang.String, short)#4 &amp; org.w3c.dom.events.MutationEvent#initMutationEvent(java.lang.String, boolean, boolean, org.w3c.dom.Node, java.lang.String, java.lang.String, java.lang.String, short)#4 &amp; com.sun.org.apache.xerces.internal.dom.DocumentImpl#dispatchAggregateEvents(com.sun.org.apache.xerces.internal.dom.NodeImpl, com.sun.org.apache.xerces.internal.dom.AttrImpl, java.lang.String, short)#2&quot;, &quot;attrChangeArg := org.w3c.dom.events.MutationEvent#initMutationEvent(java.lang.String, boolean, boolean, org.w3c.dom.Node, java.lang.String, java.lang.String, java.lang.String, short)#7 &amp; org.w3c.dom.events.MutationEvent#initMutationEvent(java.lang.String, boolean, boolean, org.w3c.dom.Node, java.lang.String, java.lang.String, java.lang.String, short)#7 &amp; com.sun.org.apache.xerces.internal.dom.DocumentImpl#dispatchAggregateEvents(com.sun.org.apache.xerces.internal.dom.NodeImpl, com.sun.org.apache.xerces.internal.dom.AttrImpl, java.lang.String, short)#3 &amp; org.w3c.dom.events.MutationEvent#REMOVAL&quot;, &quot;canBubbleArg := org.w3c.dom.events.MutationEvent#initMutationEvent(java.lang.String, boolean, boolean, org.w3c.dom.Node, java.lang.String, java.lang.String, java.lang.String, short)#1 &amp; org.w3c.dom.events.MutationEvent#initMutationEvent(java.lang.String, boolean, boolean, org.w3c.dom.Node, java.lang.String, java.lang.String, java.lang.String, short)#1&quot;, &quot;newValueArg := org.w3c.dom.events.MutationEvent#initMutationEvent(java.lang.String, boolean, boolean, org.w3c.dom.Node, java.lang.String, java.lang.String, java.lang.String, short)#5 &amp; org.w3c.dom.events.MutationEvent#initMutationEvent(java.lang.String, boolean, boolean, org.w3c.dom.Node, java.lang.String, java.lang.String, java.lang.String, short)#5&quot;, &quot;relatedNodeArg := org.w3c.dom.events.MutationEvent#initMutationEvent(java.lang.String, boolean, boolean, org.w3c.dom.Node, java.lang.String, java.lang.String, java.lang.String, short)#3 &amp; org.w3c.dom.events.MutationEvent#initMutationEvent(java.lang.String, boolean, boolean, org.w3c.dom.Node, java.lang.String, java.lang.String, java.lang.String, short)#3 &amp; com.sun.org.apache.xerces.internal.dom.DocumentImpl#dispatchAggregateEvents(com.sun.org.apache.xerces.internal.dom.NodeImpl, com.sun.org.apache.xerces.internal.dom.AttrImpl, java.lang.String, short)#1 &amp; com.sun.org.apache.xerces.internal.dom.DocumentImpl#insertedNode(com.sun.org.apache.xerces.internal.dom.NodeImpl, com.sun.org.apache.xerces.internal.dom.NodeImpl, boolean)#0 &amp; com.sun.org.apache.xerces.internal.dom.DocumentImpl#removingNode(com.sun.org.apache.xerces.internal.dom.NodeImpl, com.sun.org.apache.xerces.internal.dom.NodeImpl, boolean)#0 &amp; com.sun.org.apache.xerces.internal.dom.DocumentImpl#removedAttrNode(com.sun.org.apache.xerces.internal.dom.AttrImpl, com.sun.org.apache.xerces.internal.dom.NodeImpl, java.lang.String)#0&quot;, &quot;attrNameArg := org.w3c.dom.events.MutationEvent#initMutationEvent(java.lang.String, boolean, boolean, org.w3c.dom.Node, java.lang.String, java.lang.String, java.lang.String, short)#6 &amp; org.w3c.dom.events.MutationEvent#initMutationEvent(java.lang.String, boolean, boolean, org.w3c.dom.Node, java.lang.String, java.lang.String, java.lang.String, short)#6 &amp; com.sun.org.apache.xerces.internal.dom.DocumentImpl#removedAttrNode(com.sun.org.apache.xerces.internal.dom.AttrImpl, com.sun.org.apache.xerces.internal.dom.NodeImpl, java.lang.String)#2&quot; }"/>
        </annotation>
    </item>
</root>