<root>
    <item name='org.hibernate.envers.enhanced.OrderedSequenceGenerator org.hibernate.id.enhanced.DatabaseStructure buildSequenceStructure(org.hibernate.type.Type, java.util.Properties, org.hibernate.engine.jdbc.env.spi.JdbcEnvironment, org.hibernate.boot.model.relational.QualifiedName, int, int)'>
        <annotation name='com.intellij.inspections.tainted.annotation.equation.Equations'>
            <val val="{ &quot;buildSequenceStructure := &quot; }"/>
        </annotation>
    </item>
    <item name='org.hibernate.envers.enhanced.OrderedSequenceStructure'>
        <annotation name='com.intellij.inspections.tainted.annotation.equation.Equations'>
            <val val="{ &quot;OrderedSequenceStructure := &quot; }"/>
        </annotation>
    </item>
    <item name='org.hibernate.envers.enhanced.OrderedSequenceStructure OrderedSequenceStructure(org.hibernate.engine.jdbc.env.spi.JdbcEnvironment, org.hibernate.boot.model.relational.QualifiedName, int, int, java.lang.Class)'>
        <annotation name='com.intellij.inspections.tainted.annotation.equation.Equations'>
            <val val="{ &quot;qualifiedSequenceName := OrderedSequenceGenerator#buildSequenceStructure(org.hibernate.type.Type, java.util.Properties, org.hibernate.engine.jdbc.env.spi.JdbcEnvironment, org.hibernate.boot.model.relational.QualifiedName, int, int)#3&quot;, &quot;numberType := &quot;, &quot;jdbcEnvironment := OrderedSequenceGenerator#buildSequenceStructure(org.hibernate.type.Type, java.util.Properties, org.hibernate.engine.jdbc.env.spi.JdbcEnvironment, org.hibernate.boot.model.relational.QualifiedName, int, int)#2&quot;, &quot;incrementSize := OrderedSequenceGenerator#buildSequenceStructure(org.hibernate.type.Type, java.util.Properties, org.hibernate.engine.jdbc.env.spi.JdbcEnvironment, org.hibernate.boot.model.relational.QualifiedName, int, int)#5&quot;, &quot;OrderedSequenceStructure := OrderedSequenceStructure&quot;, &quot;initialValue := OrderedSequenceGenerator#buildSequenceStructure(org.hibernate.type.Type, java.util.Properties, org.hibernate.engine.jdbc.env.spi.JdbcEnvironment, org.hibernate.boot.model.relational.QualifiedName, int, int)#4&quot; }"/>
        </annotation>
    </item>
    <item name='org.hibernate.envers.enhanced.OrderedSequenceStructure java.lang.String[] sqlCreateStrings(org.hibernate.dialect.Dialect)'>
        <annotation name='com.intellij.inspections.tainted.annotation.equation.Equations'>
            <val val="{ &quot;sqlCreateStrings := &quot; }"/>
        </annotation>
    </item>
    <item name='org.hibernate.envers.enhanced.OrderedSequenceStructure java.lang.String[] sqlDropStrings(org.hibernate.dialect.Dialect)'>
        <annotation name='com.intellij.inspections.tainted.annotation.equation.Equations'>
            <val val="{ &quot;sqlDropStrings := &quot; }"/>
        </annotation>
    </item>
    <item name='org.hibernate.envers.enhanced.OrderedSequenceStructure.OrderedSequence java.lang.String getExportIdentifier()'>
        <annotation name='com.intellij.inspections.tainted.annotation.equation.Equations'>
            <val val="{ &quot;getExportIdentifier := &quot; }"/>
        </annotation>
    </item>
    <item name='org.hibernate.envers.enhanced.OrderedSequenceStructure.OrderedSequence java.lang.String[] sqlCreateStrings(org.hibernate.dialect.Dialect)'>
        <annotation name='com.intellij.inspections.tainted.annotation.equation.Equations'>
            <val val="{ &quot;sqlCreateStrings := OrderedSequenceStructure#ORDER&quot; }"/>
        </annotation>
    </item>
    <item name='org.hibernate.envers.enhanced.OrderedSequenceStructure.OrderedSequence java.lang.String[] sqlDropStrings(org.hibernate.dialect.Dialect)'>
        <annotation name='com.intellij.inspections.tainted.annotation.equation.Equations'>
            <val val="{ &quot;sqlDropStrings := &quot; }"/>
        </annotation>
    </item>
    <item name='org.hibernate.envers.enhanced.SequenceIdRevisionEntity'>
        <annotation name='com.intellij.inspections.tainted.annotation.equation.Equations'>
            <val val="{ &quot;SequenceIdRevisionEntity := #setId(int)#0 &amp; #setTimestamp(long)#0&quot; }"/>
        </annotation>
    </item>
    <item name='org.hibernate.envers.enhanced.SequenceIdRevisionEntity boolean equals(java.lang.Object)'>
        <annotation name='com.intellij.inspections.tainted.annotation.equation.Equations'>
            <val val="{ &quot;o := SequenceIdTrackingModifiedEntitiesRevisionEntity#equals(java.lang.Object)#0&quot; }"/>
        </annotation>
    </item>
    <item name='org.hibernate.envers.enhanced.SequenceIdRevisionEntity int getId()'>
        <annotation name='com.intellij.inspections.tainted.annotation.equation.Equations'>
            <val val="{ &quot;getId := SequenceIdRevisionEntity&quot; }"/>
        </annotation>
    </item>
    <item name='org.hibernate.envers.enhanced.SequenceIdRevisionEntity int hashCode()'>
        <annotation name='com.intellij.inspections.tainted.annotation.equation.Equations'>
            <val val="{ &quot;hashCode := SequenceIdRevisionEntity &amp; SequenceIdTrackingModifiedEntitiesRevisionEntity#hashCode()&quot; }"/>
        </annotation>
    </item>
    <item name='org.hibernate.envers.enhanced.SequenceIdRevisionEntity java.lang.String toString()'>
        <annotation name='com.intellij.inspections.tainted.annotation.equation.Equations'>
            <val val="{ &quot;toString := SequenceIdRevisionEntity &amp; SequenceIdTrackingModifiedEntitiesRevisionEntity#toString()&quot; }"/>
        </annotation>
    </item>
    <item name='org.hibernate.envers.enhanced.SequenceIdRevisionEntity java.util.Date getRevisionDate()'>
        <annotation name='com.intellij.inspections.tainted.annotation.equation.Equations'>
            <val val="{ &quot;getRevisionDate := &quot; }"/>
        </annotation>
    </item>
    <item name='org.hibernate.envers.enhanced.SequenceIdRevisionEntity long getTimestamp()'>
        <annotation name='com.intellij.inspections.tainted.annotation.equation.Equations'>
            <val val="{ &quot;getTimestamp := SequenceIdRevisionEntity&quot; }"/>
        </annotation>
    </item>
    <item name='org.hibernate.envers.enhanced.SequenceIdTrackingModifiedEntitiesRevisionEntity'>
        <annotation name='com.intellij.inspections.tainted.annotation.equation.Equations'>
            <val val="{ &quot;SequenceIdTrackingModifiedEntitiesRevisionEntity := #setModifiedEntityNames(java.util.Set)#0&quot; }"/>
        </annotation>
    </item>
    <item name='org.hibernate.envers.enhanced.SequenceIdTrackingModifiedEntitiesRevisionEntity int hashCode()'>
        <annotation name='com.intellij.inspections.tainted.annotation.equation.Equations'>
            <val val="{ &quot;hashCode := &quot; }"/>
        </annotation>
    </item>
    <item name='org.hibernate.envers.enhanced.SequenceIdTrackingModifiedEntitiesRevisionEntity java.lang.String toString()'>
        <annotation name='com.intellij.inspections.tainted.annotation.equation.Equations'>
            <val val="{ &quot;toString := SequenceIdTrackingModifiedEntitiesRevisionEntity&quot; }"/>
        </annotation>
    </item>
    <item name='org.hibernate.envers.enhanced.SequenceIdTrackingModifiedEntitiesRevisionEntity java.util.Set&lt;java.lang.String&gt; getModifiedEntityNames()'>
        <annotation name='com.intellij.inspections.tainted.annotation.equation.Equations'>
            <val val="{ &quot;getModifiedEntityNames := SequenceIdTrackingModifiedEntitiesRevisionEntity&quot; }"/>
        </annotation>
    </item>
</root>