<root>
    <item name='java.awt.dnd.peer.DragSourceContextPeer java.awt.Cursor getCursor()'>
        <annotation name='com.intellij.inspections.tainted.annotation.equation.Equations'>
            <val val="{ &quot;getCursor := sun.awt.dnd.SunDragSourceContextPeer#getCursor()&quot; }"/>
        </annotation>
    </item>
    <item name='java.awt.dnd.peer.DragSourceContextPeer void setCursor(java.awt.Cursor)'>
        <annotation name='com.intellij.inspections.tainted.annotation.equation.Equations'>
            <val val="{ &quot;c := java.awt.dnd.DragSourceContext &amp; sun.awt.dnd.SunDragSourceContextPeer#setCursor(java.awt.Cursor)#0&quot; }"/>
        </annotation>
    </item>
    <item name='java.awt.dnd.peer.DragSourceContextPeer void startDrag(java.awt.dnd.DragSourceContext, java.awt.Cursor, java.awt.Image, java.awt.Point)'>
        <annotation name='com.intellij.inspections.tainted.annotation.equation.Equations'>
            <val val="{ &quot;c := sun.awt.dnd.SunDragSourceContextPeer#startDrag(java.awt.dnd.DragSourceContext, java.awt.Cursor, java.awt.Image, java.awt.Point)#1&quot;, &quot;imageOffset := sun.awt.dnd.SunDragSourceContextPeer#startDrag(java.awt.dnd.DragSourceContext, java.awt.Cursor, java.awt.Image, java.awt.Point)#3&quot;, &quot;dragImage := sun.awt.dnd.SunDragSourceContextPeer#startDrag(java.awt.dnd.DragSourceContext, java.awt.Cursor, java.awt.Image, java.awt.Point)#2&quot;, &quot;dsc := sun.awt.dnd.SunDragSourceContextPeer#startDrag(java.awt.dnd.DragSourceContext, java.awt.Cursor, java.awt.Image, java.awt.Point)#0&quot; }"/>
        </annotation>
    </item>
    <item name='java.awt.dnd.peer.DropTargetContextPeer int getTargetActions()'>
        <annotation name='com.intellij.inspections.tainted.annotation.equation.Equations'>
            <val val="{ &quot;getTargetActions := sun.awt.dnd.SunDropTargetContextPeer#getTargetActions()&quot; }"/>
        </annotation>
    </item>
    <item name='java.awt.dnd.peer.DropTargetContextPeer java.awt.datatransfer.DataFlavor[] getTransferDataFlavors()'>
        <annotation name='com.intellij.inspections.tainted.annotation.equation.Equations'>
            <val val="{ &quot;getTransferDataFlavors := sun.awt.dnd.SunDropTargetContextPeer#getTransferDataFlavors()&quot; }"/>
        </annotation>
    </item>
    <item name='java.awt.dnd.peer.DropTargetContextPeer java.awt.datatransfer.Transferable getTransferable()'>
        <annotation name='com.intellij.inspections.tainted.annotation.equation.Equations'>
            <val val="{ &quot;getTransferable := sun.awt.dnd.SunDropTargetContextPeer#getTransferable()&quot; }"/>
        </annotation>
    </item>
    <item name='java.awt.dnd.peer.DropTargetContextPeer java.awt.dnd.DropTarget getDropTarget()'>
        <annotation name='com.intellij.inspections.tainted.annotation.equation.Equations'>
            <val val="{ &quot;getDropTarget := sun.awt.dnd.SunDropTargetContextPeer#getDropTarget()&quot; }"/>
        </annotation>
    </item>
    <item name='java.awt.dnd.peer.DropTargetContextPeer void acceptDrag(int)'>
        <annotation name='com.intellij.inspections.tainted.annotation.equation.Equations'>
            <val val="{ &quot;dragAction := sun.awt.dnd.SunDropTargetContextPeer#acceptDrag(int)#0&quot; }"/>
        </annotation>
    </item>
    <item name='java.awt.dnd.peer.DropTargetContextPeer void acceptDrop(int)'>
        <annotation name='com.intellij.inspections.tainted.annotation.equation.Equations'>
            <val val="{ &quot;dropAction := sun.awt.dnd.SunDropTargetContextPeer#acceptDrop(int)#0&quot; }"/>
        </annotation>
    </item>
    <item name='java.awt.dnd.peer.DropTargetContextPeer void setTargetActions(int)'>
        <annotation name='com.intellij.inspections.tainted.annotation.equation.Equations'>
            <val val="{ &quot;actions := java.awt.dnd.DropTargetContext#setTargetActions(int)#0 &amp; sun.awt.dnd.SunDropTargetContextPeer#setTargetActions(int)#0&quot; }"/>
        </annotation>
    </item>
</root>