<root>
    <item name='com.sun.org.apache.xpath.internal.operations.And com.sun.org.apache.xpath.internal.objects.XObject execute(com.sun.org.apache.xpath.internal.XPathContext)'>
        <annotation name='com.intellij.inspections.tainted.annotation.equation.Equations'>
            <val val="{ &quot;execute := com.sun.org.apache.xpath.internal.objects.XBoolean#S_TRUE &amp; com.sun.org.apache.xpath.internal.objects.XBoolean#S_FALSE&quot; }"/>
        </annotation>
    </item>
    <item name='com.sun.org.apache.xpath.internal.operations.Bool com.sun.org.apache.xpath.internal.objects.XObject operate(com.sun.org.apache.xpath.internal.objects.XObject)'>
        <annotation name='com.intellij.inspections.tainted.annotation.equation.Equations'>
            <val val="{ &quot;operate := right &amp; com.sun.org.apache.xpath.internal.objects.XBoolean#S_TRUE &amp; com.sun.org.apache.xpath.internal.objects.XBoolean#S_FALSE&quot; }"/>
        </annotation>
    </item>
    <item name='com.sun.org.apache.xpath.internal.operations.Equals com.sun.org.apache.xpath.internal.objects.XObject operate(com.sun.org.apache.xpath.internal.objects.XObject, com.sun.org.apache.xpath.internal.objects.XObject)'>
        <annotation name='com.intellij.inspections.tainted.annotation.equation.Equations'>
            <val val="{ &quot;operate := com.sun.org.apache.xpath.internal.objects.XBoolean#S_TRUE &amp; com.sun.org.apache.xpath.internal.objects.XBoolean#S_FALSE&quot; }"/>
        </annotation>
    </item>
    <item name='com.sun.org.apache.xpath.internal.operations.Gt com.sun.org.apache.xpath.internal.objects.XObject operate(com.sun.org.apache.xpath.internal.objects.XObject, com.sun.org.apache.xpath.internal.objects.XObject)'>
        <annotation name='com.intellij.inspections.tainted.annotation.equation.Equations'>
            <val val="{ &quot;operate := com.sun.org.apache.xpath.internal.objects.XBoolean#S_TRUE &amp; com.sun.org.apache.xpath.internal.objects.XBoolean#S_FALSE&quot; }"/>
        </annotation>
    </item>
    <item name='com.sun.org.apache.xpath.internal.operations.Gte com.sun.org.apache.xpath.internal.objects.XObject operate(com.sun.org.apache.xpath.internal.objects.XObject, com.sun.org.apache.xpath.internal.objects.XObject)'>
        <annotation name='com.intellij.inspections.tainted.annotation.equation.Equations'>
            <val val="{ &quot;operate := com.sun.org.apache.xpath.internal.objects.XBoolean#S_TRUE &amp; com.sun.org.apache.xpath.internal.objects.XBoolean#S_FALSE&quot; }"/>
        </annotation>
    </item>
    <item name='com.sun.org.apache.xpath.internal.operations.Lt com.sun.org.apache.xpath.internal.objects.XObject operate(com.sun.org.apache.xpath.internal.objects.XObject, com.sun.org.apache.xpath.internal.objects.XObject)'>
        <annotation name='com.intellij.inspections.tainted.annotation.equation.Equations'>
            <val val="{ &quot;operate := com.sun.org.apache.xpath.internal.objects.XBoolean#S_TRUE &amp; com.sun.org.apache.xpath.internal.objects.XBoolean#S_FALSE&quot; }"/>
        </annotation>
    </item>
    <item name='com.sun.org.apache.xpath.internal.operations.Lte com.sun.org.apache.xpath.internal.objects.XObject operate(com.sun.org.apache.xpath.internal.objects.XObject, com.sun.org.apache.xpath.internal.objects.XObject)'>
        <annotation name='com.intellij.inspections.tainted.annotation.equation.Equations'>
            <val val="{ &quot;operate := com.sun.org.apache.xpath.internal.objects.XBoolean#S_TRUE &amp; com.sun.org.apache.xpath.internal.objects.XBoolean#S_FALSE&quot; }"/>
        </annotation>
    </item>
    <item name='com.sun.org.apache.xpath.internal.operations.NotEquals com.sun.org.apache.xpath.internal.objects.XObject operate(com.sun.org.apache.xpath.internal.objects.XObject, com.sun.org.apache.xpath.internal.objects.XObject)'>
        <annotation name='com.intellij.inspections.tainted.annotation.equation.Equations'>
            <val val="{ &quot;operate := com.sun.org.apache.xpath.internal.objects.XBoolean#S_TRUE &amp; com.sun.org.apache.xpath.internal.objects.XBoolean#S_FALSE&quot; }"/>
        </annotation>
    </item>
    <item name='com.sun.org.apache.xpath.internal.operations.Number com.sun.org.apache.xpath.internal.objects.XObject operate(com.sun.org.apache.xpath.internal.objects.XObject)'>
        <annotation name='com.intellij.inspections.tainted.annotation.equation.Equations'>
            <val val="{ &quot;operate := right&quot; }"/>
        </annotation>
    </item>
    <item name='com.sun.org.apache.xpath.internal.operations.Operation'>
        <annotation name='com.intellij.inspections.tainted.annotation.equation.Equations'>
            <val val="{ &quot;Operation := #setExpression(com.sun.org.apache.xpath.internal.Expression)#0&quot; }"/>
        </annotation>
    </item>
    <item name='com.sun.org.apache.xpath.internal.operations.Operation com.sun.org.apache.xpath.internal.Expression getExpression()'>
        <annotation name='com.intellij.inspections.tainted.annotation.equation.Equations'>
            <val val="{ &quot;getExpression := Operation&quot; }"/>
        </annotation>
    </item>
    <item name='com.sun.org.apache.xpath.internal.operations.Operation com.sun.org.apache.xpath.internal.Expression getLeftOperand()'>
        <annotation name='com.intellij.inspections.tainted.annotation.equation.Equations'>
            <val val="{ &quot;getLeftOperand := Operation&quot; }"/>
        </annotation>
    </item>
    <item name='com.sun.org.apache.xpath.internal.operations.Operation com.sun.org.apache.xpath.internal.Expression getRightOperand()'>
        <annotation name='com.intellij.inspections.tainted.annotation.equation.Equations'>
            <val val="{ &quot;getRightOperand := Operation&quot; }"/>
        </annotation>
    </item>
    <item name='com.sun.org.apache.xpath.internal.operations.Operation com.sun.org.apache.xpath.internal.objects.XObject execute(com.sun.org.apache.xpath.internal.XPathContext)'>
        <annotation name='com.intellij.inspections.tainted.annotation.equation.Equations'>
            <val val="{ &quot;xctxt := And#execute(com.sun.org.apache.xpath.internal.XPathContext)#0 &amp; Or#execute(com.sun.org.apache.xpath.internal.XPathContext)#0&quot;, &quot;execute := And#execute(com.sun.org.apache.xpath.internal.XPathContext) &amp; Or#execute(com.sun.org.apache.xpath.internal.XPathContext)&quot; }"/>
        </annotation>
    </item>
    <item name='com.sun.org.apache.xpath.internal.operations.Operation com.sun.org.apache.xpath.internal.objects.XObject operate(com.sun.org.apache.xpath.internal.objects.XObject, com.sun.org.apache.xpath.internal.objects.XObject)'>
        <annotation name='com.intellij.inspections.tainted.annotation.equation.Equations'>
            <val val="{ &quot;left := Gt#operate(com.sun.org.apache.xpath.internal.objects.XObject, com.sun.org.apache.xpath.internal.objects.XObject)#0 &amp; Lt#operate(com.sun.org.apache.xpath.internal.objects.XObject, com.sun.org.apache.xpath.internal.objects.XObject)#0 &amp; Lte#operate(com.sun.org.apache.xpath.internal.objects.XObject, com.sun.org.apache.xpath.internal.objects.XObject)#0 &amp; Div#operate(com.sun.org.apache.xpath.internal.objects.XObject, com.sun.org.apache.xpath.internal.objects.XObject)#0 &amp; Gte#operate(com.sun.org.apache.xpath.internal.objects.XObject, com.sun.org.apache.xpath.internal.objects.XObject)#0 &amp; Mod#operate(com.sun.org.apache.xpath.internal.objects.XObject, com.sun.org.apache.xpath.internal.objects.XObject)#0 &amp; Quo#operate(com.sun.org.apache.xpath.internal.objects.XObject, com.sun.org.apache.xpath.internal.objects.XObject)#0 &amp; Mult#operate(com.sun.org.apache.xpath.internal.objects.XObject, com.sun.org.apache.xpath.internal.objects.XObject)#0 &amp; Minus#operate(com.sun.org.apache.xpath.internal.objects.XObject, com.sun.org.apache.xpath.internal.objects.XObject)#0 &amp; Plus#operate(com.sun.org.apache.xpath.internal.objects.XObject, com.sun.org.apache.xpath.internal.objects.XObject)#0 &amp; Equals#operate(com.sun.org.apache.xpath.internal.objects.XObject, com.sun.org.apache.xpath.internal.objects.XObject)#0 &amp; NotEquals#operate(com.sun.org.apache.xpath.internal.objects.XObject, com.sun.org.apache.xpath.internal.objects.XObject)#0&quot;, &quot;right := Gt#operate(com.sun.org.apache.xpath.internal.objects.XObject, com.sun.org.apache.xpath.internal.objects.XObject)#1 &amp; Lt#operate(com.sun.org.apache.xpath.internal.objects.XObject, com.sun.org.apache.xpath.internal.objects.XObject)#1 &amp; Lte#operate(com.sun.org.apache.xpath.internal.objects.XObject, com.sun.org.apache.xpath.internal.objects.XObject)#1 &amp; Div#operate(com.sun.org.apache.xpath.internal.objects.XObject, com.sun.org.apache.xpath.internal.objects.XObject)#1 &amp; Gte#operate(com.sun.org.apache.xpath.internal.objects.XObject, com.sun.org.apache.xpath.internal.objects.XObject)#1 &amp; Mod#operate(com.sun.org.apache.xpath.internal.objects.XObject, com.sun.org.apache.xpath.internal.objects.XObject)#1 &amp; Quo#operate(com.sun.org.apache.xpath.internal.objects.XObject, com.sun.org.apache.xpath.internal.objects.XObject)#1 &amp; Mult#operate(com.sun.org.apache.xpath.internal.objects.XObject, com.sun.org.apache.xpath.internal.objects.XObject)#1 &amp; Minus#operate(com.sun.org.apache.xpath.internal.objects.XObject, com.sun.org.apache.xpath.internal.objects.XObject)#1 &amp; Plus#operate(com.sun.org.apache.xpath.internal.objects.XObject, com.sun.org.apache.xpath.internal.objects.XObject)#1 &amp; Equals#operate(com.sun.org.apache.xpath.internal.objects.XObject, com.sun.org.apache.xpath.internal.objects.XObject)#1 &amp; NotEquals#operate(com.sun.org.apache.xpath.internal.objects.XObject, com.sun.org.apache.xpath.internal.objects.XObject)#1&quot;, &quot;operate := Gt#operate(com.sun.org.apache.xpath.internal.objects.XObject, com.sun.org.apache.xpath.internal.objects.XObject) &amp; Lt#operate(com.sun.org.apache.xpath.internal.objects.XObject, com.sun.org.apache.xpath.internal.objects.XObject) &amp; Lte#operate(com.sun.org.apache.xpath.internal.objects.XObject, com.sun.org.apache.xpath.internal.objects.XObject) &amp; Div#operate(com.sun.org.apache.xpath.internal.objects.XObject, com.sun.org.apache.xpath.internal.objects.XObject) &amp; Gte#operate(com.sun.org.apache.xpath.internal.objects.XObject, com.sun.org.apache.xpath.internal.objects.XObject) &amp; Mod#operate(com.sun.org.apache.xpath.internal.objects.XObject, com.sun.org.apache.xpath.internal.objects.XObject) &amp; Quo#operate(com.sun.org.apache.xpath.internal.objects.XObject, com.sun.org.apache.xpath.internal.objects.XObject) &amp; Mult#operate(com.sun.org.apache.xpath.internal.objects.XObject, com.sun.org.apache.xpath.internal.objects.XObject) &amp; Minus#operate(com.sun.org.apache.xpath.internal.objects.XObject, com.sun.org.apache.xpath.internal.objects.XObject) &amp; Plus#operate(com.sun.org.apache.xpath.internal.objects.XObject, com.sun.org.apache.xpath.internal.objects.XObject) &amp; Equals#operate(com.sun.org.apache.xpath.internal.objects.XObject, com.sun.org.apache.xpath.internal.objects.XObject) &amp; NotEquals#operate(com.sun.org.apache.xpath.internal.objects.XObject, com.sun.org.apache.xpath.internal.objects.XObject)&quot; }"/>
        </annotation>
    </item>
    <item name='com.sun.org.apache.xpath.internal.operations.Operation.LeftExprOwner'>
        <annotation name='com.intellij.inspections.tainted.annotation.equation.Equations'>
            <val val="{ &quot;LeftExprOwner := #setExpression(com.sun.org.apache.xpath.internal.Expression)#0&quot; }"/>
        </annotation>
    </item>
    <item name='com.sun.org.apache.xpath.internal.operations.Operation.LeftExprOwner com.sun.org.apache.xpath.internal.Expression getExpression()'>
        <annotation name='com.intellij.inspections.tainted.annotation.equation.Equations'>
            <val val="{ &quot;getExpression := Operation.LeftExprOwner&quot; }"/>
        </annotation>
    </item>
    <item name='com.sun.org.apache.xpath.internal.operations.Or com.sun.org.apache.xpath.internal.objects.XObject execute(com.sun.org.apache.xpath.internal.XPathContext)'>
        <annotation name='com.intellij.inspections.tainted.annotation.equation.Equations'>
            <val val="{ &quot;execute := com.sun.org.apache.xpath.internal.objects.XBoolean#S_TRUE &amp; com.sun.org.apache.xpath.internal.objects.XBoolean#S_FALSE&quot; }"/>
        </annotation>
    </item>
    <item name='com.sun.org.apache.xpath.internal.operations.UnaryOperation'>
        <annotation name='com.intellij.inspections.tainted.annotation.equation.Equations'>
            <val val="{ &quot;UnaryOperation := #setExpression(com.sun.org.apache.xpath.internal.Expression)#0&quot; }"/>
        </annotation>
    </item>
    <item name='com.sun.org.apache.xpath.internal.operations.UnaryOperation com.sun.org.apache.xpath.internal.Expression getExpression()'>
        <annotation name='com.intellij.inspections.tainted.annotation.equation.Equations'>
            <val val="{ &quot;getExpression := UnaryOperation&quot; }"/>
        </annotation>
    </item>
    <item name='com.sun.org.apache.xpath.internal.operations.UnaryOperation com.sun.org.apache.xpath.internal.Expression getOperand()'>
        <annotation name='com.intellij.inspections.tainted.annotation.equation.Equations'>
            <val val="{ &quot;getOperand := UnaryOperation&quot; }"/>
        </annotation>
    </item>
    <item name='com.sun.org.apache.xpath.internal.operations.UnaryOperation com.sun.org.apache.xpath.internal.objects.XObject operate(com.sun.org.apache.xpath.internal.objects.XObject)'>
        <annotation name='com.intellij.inspections.tainted.annotation.equation.Equations'>
            <val val="{ &quot;operate := Neg#operate(com.sun.org.apache.xpath.internal.objects.XObject) &amp; Bool#operate(com.sun.org.apache.xpath.internal.objects.XObject) &amp; Number#operate(com.sun.org.apache.xpath.internal.objects.XObject) &amp; String#operate(com.sun.org.apache.xpath.internal.objects.XObject)&quot;, &quot;right := Neg#operate(com.sun.org.apache.xpath.internal.objects.XObject)#0 &amp; Bool#operate(com.sun.org.apache.xpath.internal.objects.XObject)#0 &amp; Number#operate(com.sun.org.apache.xpath.internal.objects.XObject)#0 &amp; String#operate(com.sun.org.apache.xpath.internal.objects.XObject)#0&quot; }"/>
        </annotation>
    </item>
    <item name='com.sun.org.apache.xpath.internal.operations.Variable'>
        <annotation name='com.intellij.inspections.tainted.annotation.equation.Equations'>
            <val val="{ &quot;Variable := #setIndex(int)#0 &amp; #fixupVariables(java.util.Vector, int)#1&quot; }"/>
        </annotation>
    </item>
    <item name='com.sun.org.apache.xpath.internal.operations.Variable com.sun.org.apache.xml.internal.utils.QName getQName()'>
        <annotation name='com.intellij.inspections.tainted.annotation.equation.Equations'>
            <val val="{ &quot;getQName := Variable&quot; }"/>
        </annotation>
    </item>
    <item name='com.sun.org.apache.xpath.internal.operations.Variable com.sun.org.apache.xpath.internal.objects.XObject execute(com.sun.org.apache.xpath.internal.XPathContext, boolean)'>
        <annotation name='com.intellij.inspections.tainted.annotation.equation.Equations'>
            <val val="{ &quot;xctxt := #execute(com.sun.org.apache.xpath.internal.XPathContext)#0 &amp; VariableSafeAbsRef#execute(com.sun.org.apache.xpath.internal.XPathContext, boolean)#0&quot;, &quot;execute := VariableSafeAbsRef#execute(com.sun.org.apache.xpath.internal.XPathContext, boolean)&quot; }"/>
        </annotation>
    </item>
    <item name='com.sun.org.apache.xpath.internal.operations.Variable int getAnalysisBits()'>
        <annotation name='com.intellij.inspections.tainted.annotation.equation.Equations'>
            <val val="{ &quot;getAnalysisBits := com.sun.org.apache.xpath.internal.axes.WalkerFactory#BIT_FILTER&quot; }"/>
        </annotation>
    </item>
    <item name='com.sun.org.apache.xpath.internal.operations.Variable int getIndex()'>
        <annotation name='com.intellij.inspections.tainted.annotation.equation.Equations'>
            <val val="{ &quot;getIndex := Variable&quot; }"/>
        </annotation>
    </item>
</root>