<root>
    <item name='sun.corba.JavaCorbaAccess com.sun.corba.se.impl.io.ValueHandlerImpl newValueHandlerImpl()'>
        <annotation name='com.intellij.inspections.tainted.annotation.equation.Equations'>
            <val val="{ &quot;newValueHandlerImpl := &quot; }"/>
        </annotation>
    </item>
    <item name='sun.corba.JavaCorbaAccess java.lang.Class&lt;?&gt; loadClass(java.lang.String)'>
        <annotation name='com.intellij.inspections.tainted.annotation.equation.Equations'>
            <val val="{ &quot;loadClass := &quot;, &quot;s := &quot; }"/>
        </annotation>
    </item>
</root>