<root>
    <item name='com.sun.corba.se.impl.dynamicany.DynAnyBasicImpl'>
        <annotation name='com.intellij.inspections.tainted.annotation.equation.Equations'>
            <val val="{ &quot;DynAnyBasicImpl := DynAnyImpl#NO_INDEX &amp; DynAnyImpl#STATUS_DESTROYED&quot; }"/>
        </annotation>
    </item>
    <item name='com.sun.corba.se.impl.dynamicany.DynAnyBasicImpl DynAnyBasicImpl()'>
        <annotation name='com.intellij.inspections.tainted.annotation.equation.Equations'>
            <val val="{ &quot;DynAnyBasicImpl := DynAnyBasicImpl&quot; }"/>
        </annotation>
    </item>
    <item name='com.sun.corba.se.impl.dynamicany.DynAnyBasicImpl DynAnyBasicImpl(com.sun.corba.se.spi.orb.ORB, org.omg.CORBA.Any, boolean)'>
        <annotation name='com.intellij.inspections.tainted.annotation.equation.Equations'>
            <val val="{ &quot;DynAnyBasicImpl := DynAnyBasicImpl&quot;, &quot;any := DynAnyUtil#createMostDerivedDynAny(org.omg.CORBA.Any, com.sun.corba.se.spi.orb.ORB, boolean)#0 &amp; DynEnumImpl#DynEnumImpl(com.sun.corba.se.spi.orb.ORB, org.omg.CORBA.Any, boolean)#1 &amp; DynFixedImpl#DynFixedImpl(com.sun.corba.se.spi.orb.ORB, org.omg.CORBA.Any, boolean)#1&quot;, &quot;orb := DynAnyUtil#createMostDerivedDynAny(org.omg.CORBA.Any, com.sun.corba.se.spi.orb.ORB, boolean)#1 &amp; DynEnumImpl#DynEnumImpl(com.sun.corba.se.spi.orb.ORB, org.omg.CORBA.Any, boolean)#0 &amp; DynFixedImpl#DynFixedImpl(com.sun.corba.se.spi.orb.ORB, org.omg.CORBA.Any, boolean)#0&quot; }"/>
        </annotation>
    </item>
    <item name='com.sun.corba.se.impl.dynamicany.DynAnyBasicImpl DynAnyBasicImpl(com.sun.corba.se.spi.orb.ORB, org.omg.CORBA.TypeCode)'>
        <annotation name='com.intellij.inspections.tainted.annotation.equation.Equations'>
            <val val="{ &quot;DynAnyBasicImpl := DynAnyBasicImpl&quot;, &quot;typeCode := DynAnyUtil#createMostDerivedDynAny(org.omg.CORBA.TypeCode, com.sun.corba.se.spi.orb.ORB)#0 &amp; DynEnumImpl#DynEnumImpl(com.sun.corba.se.spi.orb.ORB, org.omg.CORBA.TypeCode)#1 &amp; DynFixedImpl#DynFixedImpl(com.sun.corba.se.spi.orb.ORB, org.omg.CORBA.TypeCode)#1&quot;, &quot;orb := DynAnyUtil#createMostDerivedDynAny(org.omg.CORBA.TypeCode, com.sun.corba.se.spi.orb.ORB)#1 &amp; DynEnumImpl#DynEnumImpl(com.sun.corba.se.spi.orb.ORB, org.omg.CORBA.TypeCode)#0 &amp; DynFixedImpl#DynFixedImpl(com.sun.corba.se.spi.orb.ORB, org.omg.CORBA.TypeCode)#0&quot; }"/>
        </annotation>
    </item>
    <item name='com.sun.corba.se.impl.dynamicany.DynAnyBasicImpl int component_count()'>
        <annotation name='com.intellij.inspections.tainted.annotation.equation.Equations'>
            <val val="{ &quot;component_count := DynEnumImpl#component_count()&quot; }"/>
        </annotation>
    </item>
    <item name='com.sun.corba.se.impl.dynamicany.DynAnyBasicImpl org.omg.DynamicAny.DynAny current_component()'>
        <annotation name='com.intellij.inspections.tainted.annotation.equation.Equations'>
            <val val="{ &quot;current_component := DynEnumImpl#current_component()&quot; }"/>
        </annotation>
    </item>
    <item name='com.sun.corba.se.impl.dynamicany.DynAnyCollectionImpl'>
        <annotation name='com.intellij.inspections.tainted.annotation.equation.Equations'>
            <val val="{ &quot;DynAnyCollectionImpl := DynAnyConstructedImpl#emptyComponents &amp; #set_elements_as_dyn_any(org.omg.DynamicAny.DynAny[])#0 &amp; DynAnyImpl#NO_INDEX &amp; DynAnyConstructedImpl#REPRESENTATION_COMPONENTS &amp; #set_elements(org.omg.CORBA.Any[])#0&quot; }"/>
        </annotation>
    </item>
    <item name='com.sun.corba.se.impl.dynamicany.DynAnyCollectionImpl DynAnyCollectionImpl()'>
        <annotation name='com.intellij.inspections.tainted.annotation.equation.Equations'>
            <val val="{ &quot;DynAnyCollectionImpl := DynAnyCollectionImpl&quot; }"/>
        </annotation>
    </item>
    <item name='com.sun.corba.se.impl.dynamicany.DynAnyCollectionImpl DynAnyCollectionImpl(com.sun.corba.se.spi.orb.ORB, org.omg.CORBA.Any, boolean)'>
        <annotation name='com.intellij.inspections.tainted.annotation.equation.Equations'>
            <val val="{ &quot;DynAnyCollectionImpl := DynAnyCollectionImpl&quot;, &quot;any := DynArrayImpl#DynArrayImpl(com.sun.corba.se.spi.orb.ORB, org.omg.CORBA.Any, boolean)#1 &amp; DynSequenceImpl#DynSequenceImpl(com.sun.corba.se.spi.orb.ORB, org.omg.CORBA.Any, boolean)#1&quot;, &quot;orb := DynArrayImpl#DynArrayImpl(com.sun.corba.se.spi.orb.ORB, org.omg.CORBA.Any, boolean)#0 &amp; DynSequenceImpl#DynSequenceImpl(com.sun.corba.se.spi.orb.ORB, org.omg.CORBA.Any, boolean)#0&quot; }"/>
        </annotation>
    </item>
    <item name='com.sun.corba.se.impl.dynamicany.DynAnyCollectionImpl DynAnyCollectionImpl(com.sun.corba.se.spi.orb.ORB, org.omg.CORBA.TypeCode)'>
        <annotation name='com.intellij.inspections.tainted.annotation.equation.Equations'>
            <val val="{ &quot;orb := DynArrayImpl#DynArrayImpl(com.sun.corba.se.spi.orb.ORB, org.omg.CORBA.TypeCode)#0 &amp; DynSequenceImpl#DynSequenceImpl(com.sun.corba.se.spi.orb.ORB, org.omg.CORBA.TypeCode)#0&quot;, &quot;DynAnyCollectionImpl := DynAnyCollectionImpl&quot;, &quot;typeCode := DynArrayImpl#DynArrayImpl(com.sun.corba.se.spi.orb.ORB, org.omg.CORBA.TypeCode)#1 &amp; DynSequenceImpl#DynSequenceImpl(com.sun.corba.se.spi.orb.ORB, org.omg.CORBA.TypeCode)#1&quot; }"/>
        </annotation>
    </item>
    <item name='com.sun.corba.se.impl.dynamicany.DynAnyCollectionImpl org.omg.CORBA.Any[] get_elements()'>
        <annotation name='com.intellij.inspections.tainted.annotation.equation.Equations'>
            <val val="{ &quot;get_elements := DynAnyCollectionImpl&quot; }"/>
        </annotation>
    </item>
    <item name='com.sun.corba.se.impl.dynamicany.DynAnyCollectionImpl org.omg.DynamicAny.DynAny[] get_elements_as_dyn_any()'>
        <annotation name='com.intellij.inspections.tainted.annotation.equation.Equations'>
            <val val="{ &quot;get_elements_as_dyn_any := DynAnyCollectionImpl&quot; }"/>
        </annotation>
    </item>
    <item name='com.sun.corba.se.impl.dynamicany.DynAnyCollectionImpl void checkValue(java.lang.Object[])'>
        <annotation name='com.intellij.inspections.tainted.annotation.equation.Equations'>
            <val val="{ &quot;value := #set_elements_as_dyn_any(org.omg.DynamicAny.DynAny[])#0 &amp; DynArrayImpl#checkValue(java.lang.Object[])#0 &amp; DynSequenceImpl#checkValue(java.lang.Object[])#0 &amp; #set_elements(org.omg.CORBA.Any[])#0&quot; }"/>
        </annotation>
    </item>
    <item name='com.sun.corba.se.impl.dynamicany.DynAnyCollectionImpl void createDefaultComponentAt(int, org.omg.CORBA.TypeCode)'>
        <annotation name='com.intellij.inspections.tainted.annotation.equation.Equations'>
            <val val="{ &quot;i := DynSequenceImpl&quot;, &quot;contentType := &quot; }"/>
        </annotation>
    </item>
    <item name='com.sun.corba.se.impl.dynamicany.DynAnyComplexImpl'>
        <annotation name='com.intellij.inspections.tainted.annotation.equation.Equations'>
            <val val="{ &quot;DynAnyComplexImpl := DynStructImpl &amp; DynValueCommonImpl&quot; }"/>
        </annotation>
    </item>
    <item name='com.sun.corba.se.impl.dynamicany.DynAnyComplexImpl DynAnyComplexImpl()'>
        <annotation name='com.intellij.inspections.tainted.annotation.equation.Equations'>
            <val val="{ &quot;DynAnyComplexImpl := DynAnyComplexImpl&quot; }"/>
        </annotation>
    </item>
    <item name='com.sun.corba.se.impl.dynamicany.DynAnyComplexImpl DynAnyComplexImpl(com.sun.corba.se.spi.orb.ORB, org.omg.CORBA.Any, boolean)'>
        <annotation name='com.intellij.inspections.tainted.annotation.equation.Equations'>
            <val val="{ &quot;orb := DynStructImpl#DynStructImpl(com.sun.corba.se.spi.orb.ORB, org.omg.CORBA.Any, boolean)#0 &amp; DynValueCommonImpl#DynValueCommonImpl(com.sun.corba.se.spi.orb.ORB, org.omg.CORBA.Any, boolean)#0&quot;, &quot;any := DynStructImpl#DynStructImpl(com.sun.corba.se.spi.orb.ORB, org.omg.CORBA.Any, boolean)#1 &amp; DynValueCommonImpl#DynValueCommonImpl(com.sun.corba.se.spi.orb.ORB, org.omg.CORBA.Any, boolean)#1&quot;, &quot;DynAnyComplexImpl := DynAnyComplexImpl&quot; }"/>
        </annotation>
    </item>
    <item name='com.sun.corba.se.impl.dynamicany.DynAnyComplexImpl DynAnyComplexImpl(com.sun.corba.se.spi.orb.ORB, org.omg.CORBA.TypeCode)'>
        <annotation name='com.intellij.inspections.tainted.annotation.equation.Equations'>
            <val val="{ &quot;DynAnyComplexImpl := DynAnyComplexImpl&quot;, &quot;orb := DynStructImpl#DynStructImpl(com.sun.corba.se.spi.orb.ORB, org.omg.CORBA.TypeCode)#0 &amp; DynValueCommonImpl#DynValueCommonImpl(com.sun.corba.se.spi.orb.ORB, org.omg.CORBA.TypeCode)#0&quot;, &quot;typeCode := DynStructImpl#DynStructImpl(com.sun.corba.se.spi.orb.ORB, org.omg.CORBA.TypeCode)#1 &amp; DynValueCommonImpl#DynValueCommonImpl(com.sun.corba.se.spi.orb.ORB, org.omg.CORBA.TypeCode)#1&quot; }"/>
        </annotation>
    </item>
    <item name='com.sun.corba.se.impl.dynamicany.DynAnyComplexImpl java.lang.String current_member_name()'>
        <annotation name='com.intellij.inspections.tainted.annotation.equation.Equations'>
            <val val="{ &quot;current_member_name := DynAnyComplexImpl&quot; }"/>
        </annotation>
    </item>
    <item name='com.sun.corba.se.impl.dynamicany.DynAnyComplexImpl void addComponent(int, java.lang.String, org.omg.CORBA.Any, org.omg.DynamicAny.DynAny)'>
        <annotation name='com.intellij.inspections.tainted.annotation.equation.Equations'>
            <val val="{ &quot;memberName := &quot;, &quot;memberDynAny := &quot;, &quot;memberAny := &quot; }"/>
        </annotation>
    </item>
    <item name='com.sun.corba.se.impl.dynamicany.DynAnyComplexImpl void allocComponents(int)'>
        <annotation name='com.intellij.inspections.tainted.annotation.equation.Equations'>
            <val val="{ &quot;length := &quot; }"/>
        </annotation>
    </item>
    <item name='com.sun.corba.se.impl.dynamicany.DynAnyComplexImpl void allocComponents(org.omg.DynamicAny.NameDynAnyPair[])'>
        <annotation name='com.intellij.inspections.tainted.annotation.equation.Equations'>
            <val val="{ &quot;value := #set_members_as_dyn_any(org.omg.DynamicAny.NameDynAnyPair[])#0&quot; }"/>
        </annotation>
    </item>
    <item name='com.sun.corba.se.impl.dynamicany.DynAnyComplexImpl void allocComponents(org.omg.DynamicAny.NameValuePair[])'>
        <annotation name='com.intellij.inspections.tainted.annotation.equation.Equations'>
            <val val="{ &quot;value := #set_members(org.omg.DynamicAny.NameValuePair[])#0&quot; }"/>
        </annotation>
    </item>
    <item name='com.sun.corba.se.impl.dynamicany.DynAnyComplexImpl void set_members(org.omg.DynamicAny.NameValuePair[])'>
        <annotation name='com.intellij.inspections.tainted.annotation.equation.Equations'>
            <val val="{ &quot;value := DynValueCommonImpl#set_members(org.omg.DynamicAny.NameValuePair[])#0&quot; }"/>
        </annotation>
    </item>
    <item name='com.sun.corba.se.impl.dynamicany.DynAnyComplexImpl void set_members_as_dyn_any(org.omg.DynamicAny.NameDynAnyPair[])'>
        <annotation name='com.intellij.inspections.tainted.annotation.equation.Equations'>
            <val val="{ &quot;value := DynValueCommonImpl#set_members_as_dyn_any(org.omg.DynamicAny.NameDynAnyPair[])#0&quot; }"/>
        </annotation>
    </item>
    <item name='com.sun.corba.se.impl.dynamicany.DynAnyConstructedImpl'>
        <annotation name='com.intellij.inspections.tainted.annotation.equation.Equations'>
            <val val="{ &quot;DynAnyConstructedImpl := #emptyComponents &amp; #REPRESENTATION_NONE &amp; #RECURSIVE_UNDEF &amp; #RECURSIVE_YES &amp; #RECURSIVE_NO &amp; DynAnyImpl#NO_INDEX &amp; #seek(int)#0 &amp; #REPRESENTATION_COMPONENTS &amp; #REPRESENTATION_ANY &amp; DynAnyImpl#STATUS_DESTROYED&quot; }"/>
        </annotation>
    </item>
    <item name='com.sun.corba.se.impl.dynamicany.DynAnyConstructedImpl DynAnyConstructedImpl()'>
        <annotation name='com.intellij.inspections.tainted.annotation.equation.Equations'>
            <val val="{ &quot;DynAnyConstructedImpl := DynAnyConstructedImpl&quot; }"/>
        </annotation>
    </item>
    <item name='com.sun.corba.se.impl.dynamicany.DynAnyConstructedImpl DynAnyConstructedImpl(com.sun.corba.se.spi.orb.ORB, org.omg.CORBA.Any, boolean)'>
        <annotation name='com.intellij.inspections.tainted.annotation.equation.Equations'>
            <val val="{ &quot;any := DynUnionImpl#DynUnionImpl(com.sun.corba.se.spi.orb.ORB, org.omg.CORBA.Any, boolean)#1 &amp; DynAnyComplexImpl#DynAnyComplexImpl(com.sun.corba.se.spi.orb.ORB, org.omg.CORBA.Any, boolean)#1 &amp; DynAnyCollectionImpl#DynAnyCollectionImpl(com.sun.corba.se.spi.orb.ORB, org.omg.CORBA.Any, boolean)#1&quot;, &quot;orb := DynUnionImpl#DynUnionImpl(com.sun.corba.se.spi.orb.ORB, org.omg.CORBA.Any, boolean)#0 &amp; DynAnyComplexImpl#DynAnyComplexImpl(com.sun.corba.se.spi.orb.ORB, org.omg.CORBA.Any, boolean)#0 &amp; DynAnyCollectionImpl#DynAnyCollectionImpl(com.sun.corba.se.spi.orb.ORB, org.omg.CORBA.Any, boolean)#0&quot;, &quot;DynAnyConstructedImpl := DynAnyConstructedImpl&quot; }"/>
        </annotation>
    </item>
    <item name='com.sun.corba.se.impl.dynamicany.DynAnyConstructedImpl DynAnyConstructedImpl(com.sun.corba.se.spi.orb.ORB, org.omg.CORBA.TypeCode)'>
        <annotation name='com.intellij.inspections.tainted.annotation.equation.Equations'>
            <val val="{ &quot;DynAnyConstructedImpl := DynAnyConstructedImpl&quot;, &quot;typeCode := DynUnionImpl#DynUnionImpl(com.sun.corba.se.spi.orb.ORB, org.omg.CORBA.TypeCode)#1 &amp; DynAnyComplexImpl#DynAnyComplexImpl(com.sun.corba.se.spi.orb.ORB, org.omg.CORBA.TypeCode)#1 &amp; DynAnyCollectionImpl#DynAnyCollectionImpl(com.sun.corba.se.spi.orb.ORB, org.omg.CORBA.TypeCode)#1&quot;, &quot;orb := DynUnionImpl#DynUnionImpl(com.sun.corba.se.spi.orb.ORB, org.omg.CORBA.TypeCode)#0 &amp; DynAnyComplexImpl#DynAnyComplexImpl(com.sun.corba.se.spi.orb.ORB, org.omg.CORBA.TypeCode)#0 &amp; DynAnyCollectionImpl#DynAnyCollectionImpl(com.sun.corba.se.spi.orb.ORB, org.omg.CORBA.TypeCode)#0&quot; }"/>
        </annotation>
    </item>
    <item name='com.sun.corba.se.impl.dynamicany.DynAnyConstructedImpl int component_count()'>
        <annotation name='com.intellij.inspections.tainted.annotation.equation.Equations'>
            <val val="{ &quot;component_count := DynAnyConstructedImpl&quot; }"/>
        </annotation>
    </item>
    <item name='com.sun.corba.se.impl.dynamicany.DynAnyConstructedImpl org.omg.DynamicAny.DynAny current_component()'>
        <annotation name='com.intellij.inspections.tainted.annotation.equation.Equations'>
            <val val="{ &quot;current_component := DynAnyConstructedImpl&quot; }"/>
        </annotation>
    </item>
    <item name='com.sun.corba.se.impl.dynamicany.DynAnyFactoryImpl DynAnyFactoryImpl()'>
        <annotation name='com.intellij.inspections.tainted.annotation.equation.Equations'>
            <val val="{ &quot;DynAnyFactoryImpl := DynAnyFactoryImpl&quot; }"/>
        </annotation>
    </item>
    <item name='com.sun.corba.se.impl.dynamicany.DynAnyFactoryImpl DynAnyFactoryImpl(com.sun.corba.se.spi.orb.ORB)'>
        <annotation name='com.intellij.inspections.tainted.annotation.equation.Equations'>
            <val val="{ &quot;DynAnyFactoryImpl := DynAnyFactoryImpl&quot;, &quot;orb := com.sun.corba.se.impl.orb.ORBConfiguratorImpl#registerInitialReferences(com.sun.corba.se.spi.orb.ORB)#0&quot; }"/>
        </annotation>
    </item>
    <item name='com.sun.corba.se.impl.dynamicany.DynAnyFactoryImpl java.lang.String[] _ids()'>
        <annotation name='com.intellij.inspections.tainted.annotation.equation.Equations'>
            <val val="{ &quot;_ids := DynAnyFactoryImpl&quot; }"/>
        </annotation>
    </item>
    <item name='com.sun.corba.se.impl.dynamicany.DynAnyImpl'>
        <annotation name='com.intellij.inspections.tainted.annotation.equation.Equations'>
            <val val="{ &quot;DynAnyImpl := #STATUS_DESTROYABLE &amp; #NO_INDEX&quot; }"/>
        </annotation>
    </item>
    <item name='com.sun.corba.se.impl.dynamicany.DynAnyImpl DynAnyImpl()'>
        <annotation name='com.intellij.inspections.tainted.annotation.equation.Equations'>
            <val val="{ &quot;DynAnyImpl := DynAnyImpl&quot; }"/>
        </annotation>
    </item>
    <item name='com.sun.corba.se.impl.dynamicany.DynAnyImpl DynAnyImpl(com.sun.corba.se.spi.orb.ORB, org.omg.CORBA.Any, boolean)'>
        <annotation name='com.intellij.inspections.tainted.annotation.equation.Equations'>
            <val val="{ &quot;orb := DynAnyBasicImpl#DynAnyBasicImpl(com.sun.corba.se.spi.orb.ORB, org.omg.CORBA.Any, boolean)#0 &amp; DynAnyConstructedImpl#DynAnyConstructedImpl(com.sun.corba.se.spi.orb.ORB, org.omg.CORBA.Any, boolean)#0&quot;, &quot;any := DynAnyBasicImpl#DynAnyBasicImpl(com.sun.corba.se.spi.orb.ORB, org.omg.CORBA.Any, boolean)#1 &amp; DynAnyConstructedImpl#DynAnyConstructedImpl(com.sun.corba.se.spi.orb.ORB, org.omg.CORBA.Any, boolean)#1&quot;, &quot;DynAnyImpl := DynAnyImpl&quot; }"/>
        </annotation>
    </item>
    <item name='com.sun.corba.se.impl.dynamicany.DynAnyImpl DynAnyImpl(com.sun.corba.se.spi.orb.ORB, org.omg.CORBA.TypeCode)'>
        <annotation name='com.intellij.inspections.tainted.annotation.equation.Equations'>
            <val val="{ &quot;typeCode := DynAnyBasicImpl#DynAnyBasicImpl(com.sun.corba.se.spi.orb.ORB, org.omg.CORBA.TypeCode)#1 &amp; DynAnyConstructedImpl#DynAnyConstructedImpl(com.sun.corba.se.spi.orb.ORB, org.omg.CORBA.TypeCode)#1&quot;, &quot;orb := DynAnyBasicImpl#DynAnyBasicImpl(com.sun.corba.se.spi.orb.ORB, org.omg.CORBA.TypeCode)#0 &amp; DynAnyConstructedImpl#DynAnyConstructedImpl(com.sun.corba.se.spi.orb.ORB, org.omg.CORBA.TypeCode)#0&quot;, &quot;DynAnyImpl := DynAnyImpl&quot; }"/>
        </annotation>
    </item>
    <item name='com.sun.corba.se.impl.dynamicany.DynAnyImpl boolean equal(org.omg.DynamicAny.DynAny)'>
        <annotation name='com.intellij.inspections.tainted.annotation.equation.Equations'>
            <val val="{ &quot;dyn_any := DynAnyBasicImpl#equal(org.omg.DynamicAny.DynAny)#0 &amp; DynAnyConstructedImpl#equal(org.omg.DynamicAny.DynAny)#0&quot; }"/>
        </annotation>
    </item>
    <item name='com.sun.corba.se.impl.dynamicany.DynAnyImpl java.lang.String[] _ids()'>
        <annotation name='com.intellij.inspections.tainted.annotation.equation.Equations'>
            <val val="{ &quot;_ids := DynAnyImpl&quot; }"/>
        </annotation>
    </item>
    <item name='com.sun.corba.se.impl.dynamicany.DynAnyImpl org.omg.CORBA.Any getAny()'>
        <annotation name='com.intellij.inspections.tainted.annotation.equation.Equations'>
            <val val="{ &quot;getAny := DynAnyImpl&quot; }"/>
        </annotation>
    </item>
    <item name='com.sun.corba.se.impl.dynamicany.DynAnyImpl org.omg.CORBA.Any getAny(org.omg.DynamicAny.DynAny)'>
        <annotation name='com.intellij.inspections.tainted.annotation.equation.Equations'>
            <val val="{ &quot;dynAny := DynValueBoxImpl &amp; DynUnionImpl#set_discriminator(org.omg.DynamicAny.DynAny)#0 &amp; DynUnionImpl &amp; DynAnyBasicImpl#equal(org.omg.DynamicAny.DynAny)#0 &amp; DynAnyCollectionImpl &amp; DynAnyCollectionImpl#set_elements_as_dyn_any(org.omg.DynamicAny.DynAny[])#0&quot; }"/>
        </annotation>
    </item>
    <item name='com.sun.corba.se.impl.dynamicany.DynAnyImpl org.omg.CORBA.Any to_any()'>
        <annotation name='com.intellij.inspections.tainted.annotation.equation.Equations'>
            <val val="{ &quot;to_any := DynAnyBasicImpl#to_any() &amp; DynAnyConstructedImpl#to_any()&quot; }"/>
        </annotation>
    </item>
    <item name='com.sun.corba.se.impl.dynamicany.DynAnyImpl org.omg.DynamicAny.DynAny copy()'>
        <annotation name='com.intellij.inspections.tainted.annotation.equation.Equations'>
            <val val="{ &quot;copy := DynAnyBasicImpl#copy() &amp; DynAnyConstructedImpl#copy()&quot; }"/>
        </annotation>
    </item>
    <item name='com.sun.corba.se.impl.dynamicany.DynAnyImpl void assign(org.omg.DynamicAny.DynAny)'>
        <annotation name='com.intellij.inspections.tainted.annotation.equation.Equations'>
            <val val="{ &quot;dyn_any := DynAnyBasicImpl#assign(org.omg.DynamicAny.DynAny)#0 &amp; DynAnyConstructedImpl#assign(org.omg.DynamicAny.DynAny)#0&quot; }"/>
        </annotation>
    </item>
    <item name='com.sun.corba.se.impl.dynamicany.DynAnyImpl void from_any(org.omg.CORBA.Any)'>
        <annotation name='com.intellij.inspections.tainted.annotation.equation.Equations'>
            <val val="{ &quot;value := DynAnyBasicImpl#from_any(org.omg.CORBA.Any)#0 &amp; DynAnyConstructedImpl#from_any(org.omg.CORBA.Any)#0&quot; }"/>
        </annotation>
    </item>
    <item name='com.sun.corba.se.impl.dynamicany.DynAnyImpl void setStatus(byte)'>
        <annotation name='com.intellij.inspections.tainted.annotation.equation.Equations'>
            <val val="{ &quot;newStatus := #STATUS_UNDESTROYABLE &amp; #STATUS_DESTROYABLE&quot; }"/>
        </annotation>
    </item>
    <item name='com.sun.corba.se.impl.dynamicany.DynAnyImpl void writeAny(org.omg.CORBA.portable.OutputStream)'>
        <annotation name='com.intellij.inspections.tainted.annotation.equation.Equations'>
            <val val="{ &quot;out := DynAnyConstructedImpl#writeAny(org.omg.CORBA.portable.OutputStream)#0&quot; }"/>
        </annotation>
    </item>
    <item name='com.sun.corba.se.impl.dynamicany.DynAnyUtil boolean isConstructedDynAny(org.omg.DynamicAny.DynAny)'>
        <annotation name='com.intellij.inspections.tainted.annotation.equation.Equations'>
            <val val="{ &quot;dynAny := &quot; }"/>
        </annotation>
    </item>
    <item name='com.sun.corba.se.impl.dynamicany.DynAnyUtil boolean set_current_component(org.omg.DynamicAny.DynAny, org.omg.DynamicAny.DynAny)'>
        <annotation name='com.intellij.inspections.tainted.annotation.equation.Equations'>
            <val val="{ &quot;currentComponent := &quot;, &quot;dynAny := DynAnyConstructedImpl#equal(org.omg.DynamicAny.DynAny)#0&quot; }"/>
        </annotation>
    </item>
    <item name='com.sun.corba.se.impl.dynamicany.DynAnyUtil org.omg.CORBA.Any copy(org.omg.CORBA.Any, com.sun.corba.se.spi.orb.ORB)'>
        <annotation name='com.intellij.inspections.tainted.annotation.equation.Equations'>
            <val val="{ &quot;inAny := DynAnyImpl#DynAnyImpl(com.sun.corba.se.spi.orb.ORB, org.omg.CORBA.Any, boolean)#1 &amp; DynAnyImpl#from_any(org.omg.CORBA.Any)#0 &amp; DynAnyBasicImpl &amp; DynAnyConstructedImpl&quot;, &quot;orb := DynAnyImpl#DynAnyImpl(com.sun.corba.se.spi.orb.ORB, org.omg.CORBA.Any, boolean)#0 &amp; DynAnyImpl &amp; DynAnyBasicImpl &amp; DynAnyConstructedImpl&quot; }"/>
        </annotation>
    </item>
    <item name='com.sun.corba.se.impl.dynamicany.DynAnyUtil org.omg.CORBA.Any createDefaultAnyOfType(org.omg.CORBA.TypeCode, com.sun.corba.se.spi.orb.ORB)'>
        <annotation name='com.intellij.inspections.tainted.annotation.equation.Equations'>
            <val val="{ &quot;orb := DynAnyImpl#DynAnyImpl(com.sun.corba.se.spi.orb.ORB, org.omg.CORBA.TypeCode)#0 &amp; DynValueBoxImpl&quot;, &quot;typeCode := DynAnyImpl#DynAnyImpl(com.sun.corba.se.spi.orb.ORB, org.omg.CORBA.TypeCode)#1&quot; }"/>
        </annotation>
    </item>
    <item name='com.sun.corba.se.impl.dynamicany.DynAnyUtil org.omg.CORBA.Any extractAnyFromStream(org.omg.CORBA.TypeCode, org.omg.CORBA.portable.InputStream, com.sun.corba.se.spi.orb.ORB)'>
        <annotation name='com.intellij.inspections.tainted.annotation.equation.Equations'>
            <val val="{ &quot;memberType := &quot;, &quot;input := &quot;, &quot;orb := DynArrayImpl &amp; DynUnionImpl &amp; DynSequenceImpl &amp; DynAnyComplexImpl&quot; }"/>
        </annotation>
    </item>
    <item name='com.sun.corba.se.impl.dynamicany.DynAnyUtil org.omg.DynamicAny.DynAny convertToNative(org.omg.DynamicAny.DynAny, com.sun.corba.se.spi.orb.ORB)'>
        <annotation name='com.intellij.inspections.tainted.annotation.equation.Equations'>
            <val val="{ &quot;orb := DynUnionImpl&quot;, &quot;convertToNative := dynAny&quot;, &quot;dynAny := DynUnionImpl#set_discriminator(org.omg.DynamicAny.DynAny)#0&quot; }"/>
        </annotation>
    </item>
    <item name='com.sun.corba.se.impl.dynamicany.DynAnyUtil org.omg.DynamicAny.DynAny createMostDerivedDynAny(org.omg.CORBA.Any, com.sun.corba.se.spi.orb.ORB, boolean)'>
        <annotation name='com.intellij.inspections.tainted.annotation.equation.Equations'>
            <val val="{ &quot;orb := DynValueBoxImpl &amp; #convertToNative(org.omg.DynamicAny.DynAny, com.sun.corba.se.spi.orb.ORB)#1 &amp; DynArrayImpl &amp; DynUnionImpl &amp; DynSequenceImpl &amp; DynAnyBasicImpl &amp; DynAnyFactoryImpl &amp; DynAnyComplexImpl &amp; DynAnyCollectionImpl &amp; DynAnyConstructedImpl&quot;, &quot;any := DynValueBoxImpl &amp; DynArrayImpl &amp; DynSequenceImpl &amp; DynAnyBasicImpl &amp; DynAnyFactoryImpl#create_dyn_any(org.omg.CORBA.Any)#0 &amp; DynAnyCollectionImpl#set_elements(org.omg.CORBA.Any[])#0 &amp; DynAnyConstructedImpl&quot; }"/>
        </annotation>
    </item>
    <item name='com.sun.corba.se.impl.dynamicany.DynAnyUtil org.omg.DynamicAny.DynAny createMostDerivedDynAny(org.omg.CORBA.TypeCode, com.sun.corba.se.spi.orb.ORB)'>
        <annotation name='com.intellij.inspections.tainted.annotation.equation.Equations'>
            <val val="{ &quot;typeCode := DynAnyFactoryImpl#create_dyn_any_from_type_code(org.omg.CORBA.TypeCode)#0 &amp; DynAnyCollectionImpl#createDefaultComponentAt(int, org.omg.CORBA.TypeCode)#1&quot;, &quot;orb := DynUnionImpl &amp; DynAnyFactoryImpl &amp; DynAnyCollectionImpl &amp; DynAnyComplexImpl&quot; }"/>
        </annotation>
    </item>
    <item name='com.sun.corba.se.impl.dynamicany.DynArrayImpl'>
        <annotation name='com.intellij.inspections.tainted.annotation.equation.Equations'>
            <val val="{ &quot;DynArrayImpl := &quot; }"/>
        </annotation>
    </item>
    <item name='com.sun.corba.se.impl.dynamicany.DynArrayImpl DynArrayImpl()'>
        <annotation name='com.intellij.inspections.tainted.annotation.equation.Equations'>
            <val val="{ &quot;DynArrayImpl := DynArrayImpl&quot; }"/>
        </annotation>
    </item>
    <item name='com.sun.corba.se.impl.dynamicany.DynArrayImpl DynArrayImpl(com.sun.corba.se.spi.orb.ORB, org.omg.CORBA.Any, boolean)'>
        <annotation name='com.intellij.inspections.tainted.annotation.equation.Equations'>
            <val val="{ &quot;any := DynAnyUtil#createMostDerivedDynAny(org.omg.CORBA.Any, com.sun.corba.se.spi.orb.ORB, boolean)#0&quot;, &quot;DynArrayImpl := DynArrayImpl&quot;, &quot;orb := DynAnyUtil#createMostDerivedDynAny(org.omg.CORBA.Any, com.sun.corba.se.spi.orb.ORB, boolean)#1&quot; }"/>
        </annotation>
    </item>
    <item name='com.sun.corba.se.impl.dynamicany.DynArrayImpl DynArrayImpl(com.sun.corba.se.spi.orb.ORB, org.omg.CORBA.TypeCode)'>
        <annotation name='com.intellij.inspections.tainted.annotation.equation.Equations'>
            <val val="{ &quot;orb := DynAnyUtil#createMostDerivedDynAny(org.omg.CORBA.TypeCode, com.sun.corba.se.spi.orb.ORB)#1&quot;, &quot;DynArrayImpl := DynArrayImpl&quot;, &quot;typeCode := DynAnyUtil#createMostDerivedDynAny(org.omg.CORBA.TypeCode, com.sun.corba.se.spi.orb.ORB)#0&quot; }"/>
        </annotation>
    </item>
    <item name='com.sun.corba.se.impl.dynamicany.DynEnumImpl'>
        <annotation name='com.intellij.inspections.tainted.annotation.equation.Equations'>
            <val val="{ &quot;DynEnumImpl := DynAnyImpl#NO_INDEX &amp; #set_as_ulong(int)#0&quot; }"/>
        </annotation>
    </item>
    <item name='com.sun.corba.se.impl.dynamicany.DynEnumImpl DynEnumImpl()'>
        <annotation name='com.intellij.inspections.tainted.annotation.equation.Equations'>
            <val val="{ &quot;DynEnumImpl := DynEnumImpl&quot; }"/>
        </annotation>
    </item>
    <item name='com.sun.corba.se.impl.dynamicany.DynEnumImpl DynEnumImpl(com.sun.corba.se.spi.orb.ORB, org.omg.CORBA.Any, boolean)'>
        <annotation name='com.intellij.inspections.tainted.annotation.equation.Equations'>
            <val val="{ &quot;orb := DynAnyUtil#createMostDerivedDynAny(org.omg.CORBA.Any, com.sun.corba.se.spi.orb.ORB, boolean)#1&quot;, &quot;DynEnumImpl := DynEnumImpl&quot;, &quot;anAny := DynAnyUtil#createMostDerivedDynAny(org.omg.CORBA.Any, com.sun.corba.se.spi.orb.ORB, boolean)#0&quot; }"/>
        </annotation>
    </item>
    <item name='com.sun.corba.se.impl.dynamicany.DynEnumImpl DynEnumImpl(com.sun.corba.se.spi.orb.ORB, org.omg.CORBA.TypeCode)'>
        <annotation name='com.intellij.inspections.tainted.annotation.equation.Equations'>
            <val val="{ &quot;typeCode := DynAnyUtil#createMostDerivedDynAny(org.omg.CORBA.TypeCode, com.sun.corba.se.spi.orb.ORB)#0&quot;, &quot;DynEnumImpl := DynEnumImpl&quot;, &quot;orb := DynAnyUtil#createMostDerivedDynAny(org.omg.CORBA.TypeCode, com.sun.corba.se.spi.orb.ORB)#1&quot; }"/>
        </annotation>
    </item>
    <item name='com.sun.corba.se.impl.dynamicany.DynEnumImpl int computeCurrentEnumeratorIndex(java.lang.String)'>
        <annotation name='com.intellij.inspections.tainted.annotation.equation.Equations'>
            <val val="{ &quot;computeCurrentEnumeratorIndex := DynAnyImpl#NO_INDEX&quot;, &quot;value := #set_as_string(java.lang.String)#0&quot; }"/>
        </annotation>
    </item>
    <item name='com.sun.corba.se.impl.dynamicany.DynEnumImpl int get_as_ulong()'>
        <annotation name='com.intellij.inspections.tainted.annotation.equation.Equations'>
            <val val="{ &quot;get_as_ulong := DynEnumImpl&quot; }"/>
        </annotation>
    </item>
    <item name='com.sun.corba.se.impl.dynamicany.DynEnumImpl java.lang.String memberName(int)'>
        <annotation name='com.intellij.inspections.tainted.annotation.equation.Equations'>
            <val val="{ &quot;i := DynEnumImpl&quot; }"/>
        </annotation>
    </item>
    <item name='com.sun.corba.se.impl.dynamicany.DynFixedImpl DynFixedImpl()'>
        <annotation name='com.intellij.inspections.tainted.annotation.equation.Equations'>
            <val val="{ &quot;DynFixedImpl := DynFixedImpl&quot; }"/>
        </annotation>
    </item>
    <item name='com.sun.corba.se.impl.dynamicany.DynFixedImpl DynFixedImpl(com.sun.corba.se.spi.orb.ORB, org.omg.CORBA.Any, boolean)'>
        <annotation name='com.intellij.inspections.tainted.annotation.equation.Equations'>
            <val val="{ &quot;DynFixedImpl := DynFixedImpl&quot;, &quot;any := DynAnyUtil#createMostDerivedDynAny(org.omg.CORBA.Any, com.sun.corba.se.spi.orb.ORB, boolean)#0&quot;, &quot;orb := DynAnyUtil#createMostDerivedDynAny(org.omg.CORBA.Any, com.sun.corba.se.spi.orb.ORB, boolean)#1&quot; }"/>
        </annotation>
    </item>
    <item name='com.sun.corba.se.impl.dynamicany.DynFixedImpl DynFixedImpl(com.sun.corba.se.spi.orb.ORB, org.omg.CORBA.TypeCode)'>
        <annotation name='com.intellij.inspections.tainted.annotation.equation.Equations'>
            <val val="{ &quot;orb := DynAnyUtil#createMostDerivedDynAny(org.omg.CORBA.TypeCode, com.sun.corba.se.spi.orb.ORB)#1&quot;, &quot;typeCode := DynAnyUtil#createMostDerivedDynAny(org.omg.CORBA.TypeCode, com.sun.corba.se.spi.orb.ORB)#0&quot;, &quot;DynFixedImpl := DynFixedImpl&quot; }"/>
        </annotation>
    </item>
    <item name='com.sun.corba.se.impl.dynamicany.DynSequenceImpl'>
        <annotation name='com.intellij.inspections.tainted.annotation.equation.Equations'>
            <val val="{ &quot;DynSequenceImpl := DynSequenceImpl &amp; DynAnyImpl#NO_INDEX&quot; }"/>
        </annotation>
    </item>
    <item name='com.sun.corba.se.impl.dynamicany.DynSequenceImpl DynSequenceImpl()'>
        <annotation name='com.intellij.inspections.tainted.annotation.equation.Equations'>
            <val val="{ &quot;DynSequenceImpl := DynSequenceImpl&quot; }"/>
        </annotation>
    </item>
    <item name='com.sun.corba.se.impl.dynamicany.DynSequenceImpl DynSequenceImpl(com.sun.corba.se.spi.orb.ORB, org.omg.CORBA.Any, boolean)'>
        <annotation name='com.intellij.inspections.tainted.annotation.equation.Equations'>
            <val val="{ &quot;DynSequenceImpl := DynSequenceImpl&quot;, &quot;orb := DynAnyUtil#createMostDerivedDynAny(org.omg.CORBA.Any, com.sun.corba.se.spi.orb.ORB, boolean)#1&quot;, &quot;any := DynAnyUtil#createMostDerivedDynAny(org.omg.CORBA.Any, com.sun.corba.se.spi.orb.ORB, boolean)#0&quot; }"/>
        </annotation>
    </item>
    <item name='com.sun.corba.se.impl.dynamicany.DynSequenceImpl DynSequenceImpl(com.sun.corba.se.spi.orb.ORB, org.omg.CORBA.TypeCode)'>
        <annotation name='com.intellij.inspections.tainted.annotation.equation.Equations'>
            <val val="{ &quot;DynSequenceImpl := DynSequenceImpl&quot;, &quot;orb := DynAnyUtil#createMostDerivedDynAny(org.omg.CORBA.TypeCode, com.sun.corba.se.spi.orb.ORB)#1&quot;, &quot;typeCode := DynAnyUtil#createMostDerivedDynAny(org.omg.CORBA.TypeCode, com.sun.corba.se.spi.orb.ORB)#0&quot; }"/>
        </annotation>
    </item>
    <item name='com.sun.corba.se.impl.dynamicany.DynSequenceImpl int get_length()'>
        <annotation name='com.intellij.inspections.tainted.annotation.equation.Equations'>
            <val val="{ &quot;get_length := DynSequenceImpl&quot; }"/>
        </annotation>
    </item>
    <item name='com.sun.corba.se.impl.dynamicany.DynStructImpl DynStructImpl()'>
        <annotation name='com.intellij.inspections.tainted.annotation.equation.Equations'>
            <val val="{ &quot;DynStructImpl := DynStructImpl&quot; }"/>
        </annotation>
    </item>
    <item name='com.sun.corba.se.impl.dynamicany.DynStructImpl DynStructImpl(com.sun.corba.se.spi.orb.ORB, org.omg.CORBA.Any, boolean)'>
        <annotation name='com.intellij.inspections.tainted.annotation.equation.Equations'>
            <val val="{ &quot;orb := DynAnyUtil#createMostDerivedDynAny(org.omg.CORBA.Any, com.sun.corba.se.spi.orb.ORB, boolean)#1&quot;, &quot;any := DynAnyUtil#createMostDerivedDynAny(org.omg.CORBA.Any, com.sun.corba.se.spi.orb.ORB, boolean)#0&quot;, &quot;DynStructImpl := DynStructImpl&quot; }"/>
        </annotation>
    </item>
    <item name='com.sun.corba.se.impl.dynamicany.DynStructImpl DynStructImpl(com.sun.corba.se.spi.orb.ORB, org.omg.CORBA.TypeCode)'>
        <annotation name='com.intellij.inspections.tainted.annotation.equation.Equations'>
            <val val="{ &quot;orb := DynAnyUtil#createMostDerivedDynAny(org.omg.CORBA.TypeCode, com.sun.corba.se.spi.orb.ORB)#1&quot;, &quot;typeCode := DynAnyUtil#createMostDerivedDynAny(org.omg.CORBA.TypeCode, com.sun.corba.se.spi.orb.ORB)#0&quot;, &quot;DynStructImpl := DynStructImpl&quot; }"/>
        </annotation>
    </item>
    <item name='com.sun.corba.se.impl.dynamicany.DynStructImpl org.omg.DynamicAny.NameDynAnyPair[] get_members_as_dyn_any()'>
        <annotation name='com.intellij.inspections.tainted.annotation.equation.Equations'>
            <val val="{ &quot;get_members_as_dyn_any := DynStructImpl&quot; }"/>
        </annotation>
    </item>
    <item name='com.sun.corba.se.impl.dynamicany.DynStructImpl org.omg.DynamicAny.NameValuePair[] get_members()'>
        <annotation name='com.intellij.inspections.tainted.annotation.equation.Equations'>
            <val val="{ &quot;get_members := DynStructImpl&quot; }"/>
        </annotation>
    </item>
    <item name='com.sun.corba.se.impl.dynamicany.DynUnionImpl'>
        <annotation name='com.intellij.inspections.tainted.annotation.equation.Equations'>
            <val val="{ &quot;DynUnionImpl := DynAnyImpl#NO_INDEX &amp; DynUnionImpl &amp; #set_discriminator(org.omg.DynamicAny.DynAny)#0 &amp; DynAnyConstructedImpl#REPRESENTATION_COMPONENTS&quot; }"/>
        </annotation>
    </item>
    <item name='com.sun.corba.se.impl.dynamicany.DynUnionImpl DynUnionImpl()'>
        <annotation name='com.intellij.inspections.tainted.annotation.equation.Equations'>
            <val val="{ &quot;DynUnionImpl := DynUnionImpl&quot; }"/>
        </annotation>
    </item>
    <item name='com.sun.corba.se.impl.dynamicany.DynUnionImpl DynUnionImpl(com.sun.corba.se.spi.orb.ORB, org.omg.CORBA.Any, boolean)'>
        <annotation name='com.intellij.inspections.tainted.annotation.equation.Equations'>
            <val val="{ &quot;DynUnionImpl := DynUnionImpl&quot;, &quot;any := DynAnyUtil#createMostDerivedDynAny(org.omg.CORBA.Any, com.sun.corba.se.spi.orb.ORB, boolean)#0&quot;, &quot;orb := DynAnyUtil#createMostDerivedDynAny(org.omg.CORBA.Any, com.sun.corba.se.spi.orb.ORB, boolean)#1&quot; }"/>
        </annotation>
    </item>
    <item name='com.sun.corba.se.impl.dynamicany.DynUnionImpl DynUnionImpl(com.sun.corba.se.spi.orb.ORB, org.omg.CORBA.TypeCode)'>
        <annotation name='com.intellij.inspections.tainted.annotation.equation.Equations'>
            <val val="{ &quot;orb := DynAnyUtil#createMostDerivedDynAny(org.omg.CORBA.TypeCode, com.sun.corba.se.spi.orb.ORB)#1&quot;, &quot;DynUnionImpl := DynUnionImpl&quot;, &quot;typeCode := DynAnyUtil#createMostDerivedDynAny(org.omg.CORBA.TypeCode, com.sun.corba.se.spi.orb.ORB)#0&quot; }"/>
        </annotation>
    </item>
    <item name='com.sun.corba.se.impl.dynamicany.DynUnionImpl int currentUnionMemberIndex(org.omg.CORBA.Any)'>
        <annotation name='com.intellij.inspections.tainted.annotation.equation.Equations'>
            <val val="{ &quot;currentUnionMemberIndex := DynAnyImpl#NO_INDEX&quot;, &quot;discriminatorValue := &quot; }"/>
        </annotation>
    </item>
    <item name='com.sun.corba.se.impl.dynamicany.DynUnionImpl java.lang.String memberName(int)'>
        <annotation name='com.intellij.inspections.tainted.annotation.equation.Equations'>
            <val val="{ &quot;i := DynUnionImpl&quot; }"/>
        </annotation>
    </item>
    <item name='com.sun.corba.se.impl.dynamicany.DynUnionImpl org.omg.CORBA.TypeCode memberType(int)'>
        <annotation name='com.intellij.inspections.tainted.annotation.equation.Equations'>
            <val val="{ &quot;i := DynUnionImpl&quot; }"/>
        </annotation>
    </item>
    <item name='com.sun.corba.se.impl.dynamicany.DynUnionImpl org.omg.DynamicAny.DynAny get_discriminator()'>
        <annotation name='com.intellij.inspections.tainted.annotation.equation.Equations'>
            <val val="{ &quot;get_discriminator := DynUnionImpl&quot; }"/>
        </annotation>
    </item>
    <item name='com.sun.corba.se.impl.dynamicany.DynUnionImpl org.omg.DynamicAny.DynAny member()'>
        <annotation name='com.intellij.inspections.tainted.annotation.equation.Equations'>
            <val val="{ &quot;member := DynUnionImpl&quot; }"/>
        </annotation>
    </item>
    <item name='com.sun.corba.se.impl.dynamicany.DynValueBoxImpl'>
        <annotation name='com.intellij.inspections.tainted.annotation.equation.Equations'>
            <val val="{ &quot;DynValueBoxImpl := #set_boxed_value(org.omg.CORBA.Any)#0 &amp; DynAnyConstructedImpl#REPRESENTATION_ANY &amp; #set_boxed_value_as_dyn_any(org.omg.DynamicAny.DynAny)#0 &amp; DynAnyConstructedImpl#REPRESENTATION_COMPONENTS&quot; }"/>
        </annotation>
    </item>
    <item name='com.sun.corba.se.impl.dynamicany.DynValueBoxImpl DynValueBoxImpl()'>
        <annotation name='com.intellij.inspections.tainted.annotation.equation.Equations'>
            <val val="{ &quot;DynValueBoxImpl := DynValueBoxImpl&quot; }"/>
        </annotation>
    </item>
    <item name='com.sun.corba.se.impl.dynamicany.DynValueBoxImpl DynValueBoxImpl(com.sun.corba.se.spi.orb.ORB, org.omg.CORBA.Any, boolean)'>
        <annotation name='com.intellij.inspections.tainted.annotation.equation.Equations'>
            <val val="{ &quot;any := DynAnyUtil#createMostDerivedDynAny(org.omg.CORBA.Any, com.sun.corba.se.spi.orb.ORB, boolean)#0&quot;, &quot;orb := DynAnyUtil#createMostDerivedDynAny(org.omg.CORBA.Any, com.sun.corba.se.spi.orb.ORB, boolean)#1&quot;, &quot;DynValueBoxImpl := DynValueBoxImpl&quot; }"/>
        </annotation>
    </item>
    <item name='com.sun.corba.se.impl.dynamicany.DynValueBoxImpl DynValueBoxImpl(com.sun.corba.se.spi.orb.ORB, org.omg.CORBA.TypeCode)'>
        <annotation name='com.intellij.inspections.tainted.annotation.equation.Equations'>
            <val val="{ &quot;DynValueBoxImpl := DynValueBoxImpl&quot;, &quot;typeCode := DynAnyUtil#createMostDerivedDynAny(org.omg.CORBA.TypeCode, com.sun.corba.se.spi.orb.ORB)#0&quot;, &quot;orb := DynAnyUtil#createMostDerivedDynAny(org.omg.CORBA.TypeCode, com.sun.corba.se.spi.orb.ORB)#1&quot; }"/>
        </annotation>
    </item>
    <item name='com.sun.corba.se.impl.dynamicany.DynValueBoxImpl org.omg.CORBA.Any get_boxed_value()'>
        <annotation name='com.intellij.inspections.tainted.annotation.equation.Equations'>
            <val val="{ &quot;get_boxed_value := DynValueBoxImpl&quot; }"/>
        </annotation>
    </item>
    <item name='com.sun.corba.se.impl.dynamicany.DynValueBoxImpl org.omg.DynamicAny.DynAny get_boxed_value_as_dyn_any()'>
        <annotation name='com.intellij.inspections.tainted.annotation.equation.Equations'>
            <val val="{ &quot;get_boxed_value_as_dyn_any := DynValueBoxImpl&quot; }"/>
        </annotation>
    </item>
    <item name='com.sun.corba.se.impl.dynamicany.DynValueCommonImpl'>
        <annotation name='com.intellij.inspections.tainted.annotation.equation.Equations'>
            <val val="{ &quot;DynValueCommonImpl := DynValueBoxImpl&quot; }"/>
        </annotation>
    </item>
    <item name='com.sun.corba.se.impl.dynamicany.DynValueCommonImpl DynValueCommonImpl()'>
        <annotation name='com.intellij.inspections.tainted.annotation.equation.Equations'>
            <val val="{ &quot;DynValueCommonImpl := DynValueCommonImpl&quot; }"/>
        </annotation>
    </item>
    <item name='com.sun.corba.se.impl.dynamicany.DynValueCommonImpl DynValueCommonImpl(com.sun.corba.se.spi.orb.ORB, org.omg.CORBA.Any, boolean)'>
        <annotation name='com.intellij.inspections.tainted.annotation.equation.Equations'>
            <val val="{ &quot;DynValueCommonImpl := DynValueCommonImpl&quot;, &quot;orb := DynValueImpl#DynValueImpl(com.sun.corba.se.spi.orb.ORB, org.omg.CORBA.Any, boolean)#0 &amp; DynValueBoxImpl#DynValueBoxImpl(com.sun.corba.se.spi.orb.ORB, org.omg.CORBA.Any, boolean)#0&quot;, &quot;any := DynValueImpl#DynValueImpl(com.sun.corba.se.spi.orb.ORB, org.omg.CORBA.Any, boolean)#1 &amp; DynValueBoxImpl#DynValueBoxImpl(com.sun.corba.se.spi.orb.ORB, org.omg.CORBA.Any, boolean)#1&quot; }"/>
        </annotation>
    </item>
    <item name='com.sun.corba.se.impl.dynamicany.DynValueCommonImpl DynValueCommonImpl(com.sun.corba.se.spi.orb.ORB, org.omg.CORBA.TypeCode)'>
        <annotation name='com.intellij.inspections.tainted.annotation.equation.Equations'>
            <val val="{ &quot;typeCode := DynValueImpl#DynValueImpl(com.sun.corba.se.spi.orb.ORB, org.omg.CORBA.TypeCode)#1 &amp; DynValueBoxImpl#DynValueBoxImpl(com.sun.corba.se.spi.orb.ORB, org.omg.CORBA.TypeCode)#1&quot;, &quot;DynValueCommonImpl := DynValueCommonImpl&quot;, &quot;orb := DynValueImpl#DynValueImpl(com.sun.corba.se.spi.orb.ORB, org.omg.CORBA.TypeCode)#0 &amp; DynValueBoxImpl#DynValueBoxImpl(com.sun.corba.se.spi.orb.ORB, org.omg.CORBA.TypeCode)#0&quot; }"/>
        </annotation>
    </item>
    <item name='com.sun.corba.se.impl.dynamicany.DynValueCommonImpl org.omg.DynamicAny.NameDynAnyPair[] get_members_as_dyn_any()'>
        <annotation name='com.intellij.inspections.tainted.annotation.equation.Equations'>
            <val val="{ &quot;get_members_as_dyn_any := DynValueCommonImpl&quot; }"/>
        </annotation>
    </item>
    <item name='com.sun.corba.se.impl.dynamicany.DynValueCommonImpl org.omg.DynamicAny.NameValuePair[] get_members()'>
        <annotation name='com.intellij.inspections.tainted.annotation.equation.Equations'>
            <val val="{ &quot;get_members := DynValueCommonImpl&quot; }"/>
        </annotation>
    </item>
    <item name='com.sun.corba.se.impl.dynamicany.DynValueImpl DynValueImpl(com.sun.corba.se.spi.orb.ORB, org.omg.CORBA.Any, boolean)'>
        <annotation name='com.intellij.inspections.tainted.annotation.equation.Equations'>
            <val val="{ &quot;DynValueImpl := DynValueImpl&quot;, &quot;any := DynAnyUtil#createMostDerivedDynAny(org.omg.CORBA.Any, com.sun.corba.se.spi.orb.ORB, boolean)#0&quot;, &quot;orb := DynAnyUtil#createMostDerivedDynAny(org.omg.CORBA.Any, com.sun.corba.se.spi.orb.ORB, boolean)#1&quot; }"/>
        </annotation>
    </item>
    <item name='com.sun.corba.se.impl.dynamicany.DynValueImpl DynValueImpl(com.sun.corba.se.spi.orb.ORB, org.omg.CORBA.TypeCode)'>
        <annotation name='com.intellij.inspections.tainted.annotation.equation.Equations'>
            <val val="{ &quot;typeCode := DynAnyUtil#createMostDerivedDynAny(org.omg.CORBA.TypeCode, com.sun.corba.se.spi.orb.ORB)#0&quot;, &quot;orb := DynAnyUtil#createMostDerivedDynAny(org.omg.CORBA.TypeCode, com.sun.corba.se.spi.orb.ORB)#1&quot;, &quot;DynValueImpl := DynValueImpl&quot; }"/>
        </annotation>
    </item>
</root>