<root>
    <item name='com.sun.org.apache.xpath.internal.operations.And boolean bool(com.sun.org.apache.xpath.internal.XPathContext)'>
        <annotation name='com.intellij.inspections.tainted.annotation.equation.Equations'>
            <val val="{ &quot;xctxt := com.sun.org.apache.xpath.internal.Expression#bool(com.sun.org.apache.xpath.internal.XPathContext)#0 &amp; com.sun.org.apache.xpath.internal.Expression#bool(com.sun.org.apache.xpath.internal.XPathContext)#0&quot; }"/>
        </annotation>
    </item>
    <item name='com.sun.org.apache.xpath.internal.operations.And com.sun.org.apache.xpath.internal.objects.XObject execute(com.sun.org.apache.xpath.internal.XPathContext)'>
        <annotation name='com.intellij.inspections.tainted.annotation.equation.Equations'>
            <val val="{ &quot;xctxt := Operation#execute(com.sun.org.apache.xpath.internal.XPathContext)#0 &amp; Operation#execute(com.sun.org.apache.xpath.internal.XPathContext)#0&quot;, &quot;execute := com.sun.org.apache.xpath.internal.objects.XBoolean#S_TRUE &amp; com.sun.org.apache.xpath.internal.objects.XBoolean#S_FALSE&quot; }"/>
        </annotation>
    </item>
    <item name='com.sun.org.apache.xpath.internal.operations.Bool boolean bool(com.sun.org.apache.xpath.internal.XPathContext)'>
        <annotation name='com.intellij.inspections.tainted.annotation.equation.Equations'>
            <val val="{ &quot;xctxt := com.sun.org.apache.xpath.internal.Expression#bool(com.sun.org.apache.xpath.internal.XPathContext)#0 &amp; com.sun.org.apache.xpath.internal.Expression#bool(com.sun.org.apache.xpath.internal.XPathContext)#0&quot; }"/>
        </annotation>
    </item>
    <item name='com.sun.org.apache.xpath.internal.operations.Bool com.sun.org.apache.xpath.internal.objects.XObject operate(com.sun.org.apache.xpath.internal.objects.XObject)'>
        <annotation name='com.intellij.inspections.tainted.annotation.equation.Equations'>
            <val val="{ &quot;right := UnaryOperation#operate(com.sun.org.apache.xpath.internal.objects.XObject)#0 &amp; UnaryOperation#operate(com.sun.org.apache.xpath.internal.objects.XObject)#0&quot;, &quot;operate := right &amp; com.sun.org.apache.xpath.internal.objects.XBoolean#S_TRUE &amp; com.sun.org.apache.xpath.internal.objects.XBoolean#S_FALSE&quot; }"/>
        </annotation>
    </item>
    <item name='com.sun.org.apache.xpath.internal.operations.Div com.sun.org.apache.xpath.internal.objects.XObject operate(com.sun.org.apache.xpath.internal.objects.XObject, com.sun.org.apache.xpath.internal.objects.XObject)'>
        <annotation name='com.intellij.inspections.tainted.annotation.equation.Equations'>
            <val val="{ &quot;right := Operation#operate(com.sun.org.apache.xpath.internal.objects.XObject, com.sun.org.apache.xpath.internal.objects.XObject)#1 &amp; Operation#operate(com.sun.org.apache.xpath.internal.objects.XObject, com.sun.org.apache.xpath.internal.objects.XObject)#1&quot;, &quot;left := Operation#operate(com.sun.org.apache.xpath.internal.objects.XObject, com.sun.org.apache.xpath.internal.objects.XObject)#0 &amp; Operation#operate(com.sun.org.apache.xpath.internal.objects.XObject, com.sun.org.apache.xpath.internal.objects.XObject)#0&quot; }"/>
        </annotation>
    </item>
    <item name='com.sun.org.apache.xpath.internal.operations.Div double num(com.sun.org.apache.xpath.internal.XPathContext)'>
        <annotation name='com.intellij.inspections.tainted.annotation.equation.Equations'>
            <val val="{ &quot;xctxt := com.sun.org.apache.xpath.internal.Expression#num(com.sun.org.apache.xpath.internal.XPathContext)#0 &amp; com.sun.org.apache.xpath.internal.Expression#num(com.sun.org.apache.xpath.internal.XPathContext)#0&quot; }"/>
        </annotation>
    </item>
    <item name='com.sun.org.apache.xpath.internal.operations.Equals boolean bool(com.sun.org.apache.xpath.internal.XPathContext)'>
        <annotation name='com.intellij.inspections.tainted.annotation.equation.Equations'>
            <val val="{ &quot;xctxt := com.sun.org.apache.xpath.internal.Expression#bool(com.sun.org.apache.xpath.internal.XPathContext)#0 &amp; com.sun.org.apache.xpath.internal.Expression#bool(com.sun.org.apache.xpath.internal.XPathContext)#0&quot; }"/>
        </annotation>
    </item>
    <item name='com.sun.org.apache.xpath.internal.operations.Equals com.sun.org.apache.xpath.internal.objects.XObject operate(com.sun.org.apache.xpath.internal.objects.XObject, com.sun.org.apache.xpath.internal.objects.XObject)'>
        <annotation name='com.intellij.inspections.tainted.annotation.equation.Equations'>
            <val val="{ &quot;operate := com.sun.org.apache.xpath.internal.objects.XBoolean#S_TRUE &amp; com.sun.org.apache.xpath.internal.objects.XBoolean#S_FALSE&quot;, &quot;left := Operation#operate(com.sun.org.apache.xpath.internal.objects.XObject, com.sun.org.apache.xpath.internal.objects.XObject)#0 &amp; Operation#operate(com.sun.org.apache.xpath.internal.objects.XObject, com.sun.org.apache.xpath.internal.objects.XObject)#0&quot;, &quot;right := Operation#operate(com.sun.org.apache.xpath.internal.objects.XObject, com.sun.org.apache.xpath.internal.objects.XObject)#1 &amp; Operation#operate(com.sun.org.apache.xpath.internal.objects.XObject, com.sun.org.apache.xpath.internal.objects.XObject)#1&quot; }"/>
        </annotation>
    </item>
    <item name='com.sun.org.apache.xpath.internal.operations.Gt com.sun.org.apache.xpath.internal.objects.XObject operate(com.sun.org.apache.xpath.internal.objects.XObject, com.sun.org.apache.xpath.internal.objects.XObject)'>
        <annotation name='com.intellij.inspections.tainted.annotation.equation.Equations'>
            <val val="{ &quot;left := Operation#operate(com.sun.org.apache.xpath.internal.objects.XObject, com.sun.org.apache.xpath.internal.objects.XObject)#0 &amp; Operation#operate(com.sun.org.apache.xpath.internal.objects.XObject, com.sun.org.apache.xpath.internal.objects.XObject)#0&quot;, &quot;operate := com.sun.org.apache.xpath.internal.objects.XBoolean#S_TRUE &amp; com.sun.org.apache.xpath.internal.objects.XBoolean#S_FALSE&quot;, &quot;right := Operation#operate(com.sun.org.apache.xpath.internal.objects.XObject, com.sun.org.apache.xpath.internal.objects.XObject)#1 &amp; Operation#operate(com.sun.org.apache.xpath.internal.objects.XObject, com.sun.org.apache.xpath.internal.objects.XObject)#1&quot; }"/>
        </annotation>
    </item>
    <item name='com.sun.org.apache.xpath.internal.operations.Gte com.sun.org.apache.xpath.internal.objects.XObject operate(com.sun.org.apache.xpath.internal.objects.XObject, com.sun.org.apache.xpath.internal.objects.XObject)'>
        <annotation name='com.intellij.inspections.tainted.annotation.equation.Equations'>
            <val val="{ &quot;left := Operation#operate(com.sun.org.apache.xpath.internal.objects.XObject, com.sun.org.apache.xpath.internal.objects.XObject)#0 &amp; Operation#operate(com.sun.org.apache.xpath.internal.objects.XObject, com.sun.org.apache.xpath.internal.objects.XObject)#0&quot;, &quot;right := Operation#operate(com.sun.org.apache.xpath.internal.objects.XObject, com.sun.org.apache.xpath.internal.objects.XObject)#1 &amp; Operation#operate(com.sun.org.apache.xpath.internal.objects.XObject, com.sun.org.apache.xpath.internal.objects.XObject)#1&quot;, &quot;operate := com.sun.org.apache.xpath.internal.objects.XBoolean#S_TRUE &amp; com.sun.org.apache.xpath.internal.objects.XBoolean#S_FALSE&quot; }"/>
        </annotation>
    </item>
    <item name='com.sun.org.apache.xpath.internal.operations.Lt com.sun.org.apache.xpath.internal.objects.XObject operate(com.sun.org.apache.xpath.internal.objects.XObject, com.sun.org.apache.xpath.internal.objects.XObject)'>
        <annotation name='com.intellij.inspections.tainted.annotation.equation.Equations'>
            <val val="{ &quot;left := Operation#operate(com.sun.org.apache.xpath.internal.objects.XObject, com.sun.org.apache.xpath.internal.objects.XObject)#0 &amp; Operation#operate(com.sun.org.apache.xpath.internal.objects.XObject, com.sun.org.apache.xpath.internal.objects.XObject)#0&quot;, &quot;operate := com.sun.org.apache.xpath.internal.objects.XBoolean#S_TRUE &amp; com.sun.org.apache.xpath.internal.objects.XBoolean#S_FALSE&quot;, &quot;right := Operation#operate(com.sun.org.apache.xpath.internal.objects.XObject, com.sun.org.apache.xpath.internal.objects.XObject)#1 &amp; Operation#operate(com.sun.org.apache.xpath.internal.objects.XObject, com.sun.org.apache.xpath.internal.objects.XObject)#1&quot; }"/>
        </annotation>
    </item>
    <item name='com.sun.org.apache.xpath.internal.operations.Lte com.sun.org.apache.xpath.internal.objects.XObject operate(com.sun.org.apache.xpath.internal.objects.XObject, com.sun.org.apache.xpath.internal.objects.XObject)'>
        <annotation name='com.intellij.inspections.tainted.annotation.equation.Equations'>
            <val val="{ &quot;operate := com.sun.org.apache.xpath.internal.objects.XBoolean#S_TRUE &amp; com.sun.org.apache.xpath.internal.objects.XBoolean#S_FALSE&quot;, &quot;right := Operation#operate(com.sun.org.apache.xpath.internal.objects.XObject, com.sun.org.apache.xpath.internal.objects.XObject)#1 &amp; Operation#operate(com.sun.org.apache.xpath.internal.objects.XObject, com.sun.org.apache.xpath.internal.objects.XObject)#1&quot;, &quot;left := Operation#operate(com.sun.org.apache.xpath.internal.objects.XObject, com.sun.org.apache.xpath.internal.objects.XObject)#0 &amp; Operation#operate(com.sun.org.apache.xpath.internal.objects.XObject, com.sun.org.apache.xpath.internal.objects.XObject)#0&quot; }"/>
        </annotation>
    </item>
    <item name='com.sun.org.apache.xpath.internal.operations.Minus com.sun.org.apache.xpath.internal.objects.XObject operate(com.sun.org.apache.xpath.internal.objects.XObject, com.sun.org.apache.xpath.internal.objects.XObject)'>
        <annotation name='com.intellij.inspections.tainted.annotation.equation.Equations'>
            <val val="{ &quot;left := Operation#operate(com.sun.org.apache.xpath.internal.objects.XObject, com.sun.org.apache.xpath.internal.objects.XObject)#0 &amp; Operation#operate(com.sun.org.apache.xpath.internal.objects.XObject, com.sun.org.apache.xpath.internal.objects.XObject)#0&quot;, &quot;right := Operation#operate(com.sun.org.apache.xpath.internal.objects.XObject, com.sun.org.apache.xpath.internal.objects.XObject)#1 &amp; Operation#operate(com.sun.org.apache.xpath.internal.objects.XObject, com.sun.org.apache.xpath.internal.objects.XObject)#1&quot; }"/>
        </annotation>
    </item>
    <item name='com.sun.org.apache.xpath.internal.operations.Minus double num(com.sun.org.apache.xpath.internal.XPathContext)'>
        <annotation name='com.intellij.inspections.tainted.annotation.equation.Equations'>
            <val val="{ &quot;xctxt := com.sun.org.apache.xpath.internal.Expression#num(com.sun.org.apache.xpath.internal.XPathContext)#0 &amp; com.sun.org.apache.xpath.internal.Expression#num(com.sun.org.apache.xpath.internal.XPathContext)#0&quot; }"/>
        </annotation>
    </item>
    <item name='com.sun.org.apache.xpath.internal.operations.Mod com.sun.org.apache.xpath.internal.objects.XObject operate(com.sun.org.apache.xpath.internal.objects.XObject, com.sun.org.apache.xpath.internal.objects.XObject)'>
        <annotation name='com.intellij.inspections.tainted.annotation.equation.Equations'>
            <val val="{ &quot;left := Operation#operate(com.sun.org.apache.xpath.internal.objects.XObject, com.sun.org.apache.xpath.internal.objects.XObject)#0 &amp; Operation#operate(com.sun.org.apache.xpath.internal.objects.XObject, com.sun.org.apache.xpath.internal.objects.XObject)#0&quot;, &quot;right := Operation#operate(com.sun.org.apache.xpath.internal.objects.XObject, com.sun.org.apache.xpath.internal.objects.XObject)#1 &amp; Operation#operate(com.sun.org.apache.xpath.internal.objects.XObject, com.sun.org.apache.xpath.internal.objects.XObject)#1&quot; }"/>
        </annotation>
    </item>
    <item name='com.sun.org.apache.xpath.internal.operations.Mod double num(com.sun.org.apache.xpath.internal.XPathContext)'>
        <annotation name='com.intellij.inspections.tainted.annotation.equation.Equations'>
            <val val="{ &quot;xctxt := com.sun.org.apache.xpath.internal.Expression#num(com.sun.org.apache.xpath.internal.XPathContext)#0 &amp; com.sun.org.apache.xpath.internal.Expression#num(com.sun.org.apache.xpath.internal.XPathContext)#0&quot; }"/>
        </annotation>
    </item>
    <item name='com.sun.org.apache.xpath.internal.operations.Mult com.sun.org.apache.xpath.internal.objects.XObject operate(com.sun.org.apache.xpath.internal.objects.XObject, com.sun.org.apache.xpath.internal.objects.XObject)'>
        <annotation name='com.intellij.inspections.tainted.annotation.equation.Equations'>
            <val val="{ &quot;right := Operation#operate(com.sun.org.apache.xpath.internal.objects.XObject, com.sun.org.apache.xpath.internal.objects.XObject)#1 &amp; Operation#operate(com.sun.org.apache.xpath.internal.objects.XObject, com.sun.org.apache.xpath.internal.objects.XObject)#1&quot;, &quot;left := Operation#operate(com.sun.org.apache.xpath.internal.objects.XObject, com.sun.org.apache.xpath.internal.objects.XObject)#0 &amp; Operation#operate(com.sun.org.apache.xpath.internal.objects.XObject, com.sun.org.apache.xpath.internal.objects.XObject)#0&quot; }"/>
        </annotation>
    </item>
    <item name='com.sun.org.apache.xpath.internal.operations.Mult double num(com.sun.org.apache.xpath.internal.XPathContext)'>
        <annotation name='com.intellij.inspections.tainted.annotation.equation.Equations'>
            <val val="{ &quot;xctxt := com.sun.org.apache.xpath.internal.Expression#num(com.sun.org.apache.xpath.internal.XPathContext)#0 &amp; com.sun.org.apache.xpath.internal.Expression#num(com.sun.org.apache.xpath.internal.XPathContext)#0&quot; }"/>
        </annotation>
    </item>
    <item name='com.sun.org.apache.xpath.internal.operations.Neg com.sun.org.apache.xpath.internal.objects.XObject operate(com.sun.org.apache.xpath.internal.objects.XObject)'>
        <annotation name='com.intellij.inspections.tainted.annotation.equation.Equations'>
            <val val="{ &quot;right := UnaryOperation#operate(com.sun.org.apache.xpath.internal.objects.XObject)#0 &amp; UnaryOperation#operate(com.sun.org.apache.xpath.internal.objects.XObject)#0&quot; }"/>
        </annotation>
    </item>
    <item name='com.sun.org.apache.xpath.internal.operations.Neg double num(com.sun.org.apache.xpath.internal.XPathContext)'>
        <annotation name='com.intellij.inspections.tainted.annotation.equation.Equations'>
            <val val="{ &quot;xctxt := com.sun.org.apache.xpath.internal.Expression#num(com.sun.org.apache.xpath.internal.XPathContext)#0 &amp; com.sun.org.apache.xpath.internal.Expression#num(com.sun.org.apache.xpath.internal.XPathContext)#0&quot; }"/>
        </annotation>
    </item>
    <item name='com.sun.org.apache.xpath.internal.operations.NotEquals com.sun.org.apache.xpath.internal.objects.XObject operate(com.sun.org.apache.xpath.internal.objects.XObject, com.sun.org.apache.xpath.internal.objects.XObject)'>
        <annotation name='com.intellij.inspections.tainted.annotation.equation.Equations'>
            <val val="{ &quot;left := Operation#operate(com.sun.org.apache.xpath.internal.objects.XObject, com.sun.org.apache.xpath.internal.objects.XObject)#0 &amp; Operation#operate(com.sun.org.apache.xpath.internal.objects.XObject, com.sun.org.apache.xpath.internal.objects.XObject)#0&quot;, &quot;right := Operation#operate(com.sun.org.apache.xpath.internal.objects.XObject, com.sun.org.apache.xpath.internal.objects.XObject)#1 &amp; Operation#operate(com.sun.org.apache.xpath.internal.objects.XObject, com.sun.org.apache.xpath.internal.objects.XObject)#1&quot;, &quot;operate := com.sun.org.apache.xpath.internal.objects.XBoolean#S_TRUE &amp; com.sun.org.apache.xpath.internal.objects.XBoolean#S_FALSE&quot; }"/>
        </annotation>
    </item>
    <item name='com.sun.org.apache.xpath.internal.operations.Number com.sun.org.apache.xpath.internal.objects.XObject operate(com.sun.org.apache.xpath.internal.objects.XObject)'>
        <annotation name='com.intellij.inspections.tainted.annotation.equation.Equations'>
            <val val="{ &quot;operate := right&quot;, &quot;right := UnaryOperation#operate(com.sun.org.apache.xpath.internal.objects.XObject)#0 &amp; UnaryOperation#operate(com.sun.org.apache.xpath.internal.objects.XObject)#0&quot; }"/>
        </annotation>
    </item>
    <item name='com.sun.org.apache.xpath.internal.operations.Number double num(com.sun.org.apache.xpath.internal.XPathContext)'>
        <annotation name='com.intellij.inspections.tainted.annotation.equation.Equations'>
            <val val="{ &quot;xctxt := com.sun.org.apache.xpath.internal.Expression#num(com.sun.org.apache.xpath.internal.XPathContext)#0 &amp; com.sun.org.apache.xpath.internal.Expression#num(com.sun.org.apache.xpath.internal.XPathContext)#0&quot; }"/>
        </annotation>
    </item>
    <item name='com.sun.org.apache.xpath.internal.operations.Operation boolean deepEquals(com.sun.org.apache.xpath.internal.Expression)'>
        <annotation name='com.intellij.inspections.tainted.annotation.equation.Equations'>
            <val val="{ &quot;expr := com.sun.org.apache.xpath.internal.Expression#deepEquals(com.sun.org.apache.xpath.internal.Expression)#0 &amp; com.sun.org.apache.xpath.internal.Expression#deepEquals(com.sun.org.apache.xpath.internal.Expression)#0&quot; }"/>
        </annotation>
    </item>
    <item name='com.sun.org.apache.xpath.internal.operations.Operation com.sun.org.apache.xpath.internal.Expression getExpression()'>
        <annotation name='com.intellij.inspections.tainted.annotation.equation.Equations'>
            <val val="{ &quot;getExpression := Operation&quot; }"/>
        </annotation>
    </item>
    <item name='com.sun.org.apache.xpath.internal.operations.Operation com.sun.org.apache.xpath.internal.Expression getLeftOperand()'>
        <annotation name='com.intellij.inspections.tainted.annotation.equation.Equations'>
            <val val="{ &quot;getLeftOperand := Operation&quot; }"/>
        </annotation>
    </item>
    <item name='com.sun.org.apache.xpath.internal.operations.Operation com.sun.org.apache.xpath.internal.Expression getRightOperand()'>
        <annotation name='com.intellij.inspections.tainted.annotation.equation.Equations'>
            <val val="{ &quot;getRightOperand := Operation&quot; }"/>
        </annotation>
    </item>
    <item name='com.sun.org.apache.xpath.internal.operations.Operation com.sun.org.apache.xpath.internal.objects.XObject execute(com.sun.org.apache.xpath.internal.XPathContext)'>
        <annotation name='com.intellij.inspections.tainted.annotation.equation.Equations'>
            <val val="{ &quot;execute := Or#execute(com.sun.org.apache.xpath.internal.XPathContext) &amp; And#execute(com.sun.org.apache.xpath.internal.XPathContext)&quot; }"/>
        </annotation>
    </item>
    <item name='com.sun.org.apache.xpath.internal.operations.Operation com.sun.org.apache.xpath.internal.objects.XObject operate(com.sun.org.apache.xpath.internal.objects.XObject, com.sun.org.apache.xpath.internal.objects.XObject)'>
        <annotation name='com.intellij.inspections.tainted.annotation.equation.Equations'>
            <val val="{ &quot;operate := Gt#operate(com.sun.org.apache.xpath.internal.objects.XObject, com.sun.org.apache.xpath.internal.objects.XObject) &amp; Div#operate(com.sun.org.apache.xpath.internal.objects.XObject, com.sun.org.apache.xpath.internal.objects.XObject) &amp; Gte#operate(com.sun.org.apache.xpath.internal.objects.XObject, com.sun.org.apache.xpath.internal.objects.XObject) &amp; Mod#operate(com.sun.org.apache.xpath.internal.objects.XObject, com.sun.org.apache.xpath.internal.objects.XObject) &amp; Quo#operate(com.sun.org.apache.xpath.internal.objects.XObject, com.sun.org.apache.xpath.internal.objects.XObject) &amp; Mult#operate(com.sun.org.apache.xpath.internal.objects.XObject, com.sun.org.apache.xpath.internal.objects.XObject) &amp; Lt#operate(com.sun.org.apache.xpath.internal.objects.XObject, com.sun.org.apache.xpath.internal.objects.XObject) &amp; Plus#operate(com.sun.org.apache.xpath.internal.objects.XObject, com.sun.org.apache.xpath.internal.objects.XObject) &amp; Equals#operate(com.sun.org.apache.xpath.internal.objects.XObject, com.sun.org.apache.xpath.internal.objects.XObject) &amp; NotEquals#operate(com.sun.org.apache.xpath.internal.objects.XObject, com.sun.org.apache.xpath.internal.objects.XObject) &amp; Lte#operate(com.sun.org.apache.xpath.internal.objects.XObject, com.sun.org.apache.xpath.internal.objects.XObject) &amp; Minus#operate(com.sun.org.apache.xpath.internal.objects.XObject, com.sun.org.apache.xpath.internal.objects.XObject)&quot; }"/>
        </annotation>
    </item>
    <item name='com.sun.org.apache.xpath.internal.operations.Operation void callVisitors(com.sun.org.apache.xpath.internal.ExpressionOwner, com.sun.org.apache.xpath.internal.XPathVisitor)'>
        <annotation name='com.intellij.inspections.tainted.annotation.equation.Equations'>
            <val val="{ &quot;owner := com.sun.org.apache.xpath.internal.XPathVisitable#callVisitors(com.sun.org.apache.xpath.internal.ExpressionOwner, com.sun.org.apache.xpath.internal.XPathVisitor)#0 &amp; com.sun.org.apache.xpath.internal.XPathVisitable#callVisitors(com.sun.org.apache.xpath.internal.ExpressionOwner, com.sun.org.apache.xpath.internal.XPathVisitor)#0&quot;, &quot;visitor := com.sun.org.apache.xpath.internal.XPathVisitable#callVisitors(com.sun.org.apache.xpath.internal.ExpressionOwner, com.sun.org.apache.xpath.internal.XPathVisitor)#1 &amp; com.sun.org.apache.xpath.internal.XPathVisitable#callVisitors(com.sun.org.apache.xpath.internal.ExpressionOwner, com.sun.org.apache.xpath.internal.XPathVisitor)#1&quot; }"/>
        </annotation>
    </item>
    <item name='com.sun.org.apache.xpath.internal.operations.Operation void fixupVariables(java.util.Vector, int)'>
        <annotation name='com.intellij.inspections.tainted.annotation.equation.Equations'>
            <val val="{ &quot;vars := com.sun.org.apache.xpath.internal.Expression#fixupVariables(java.util.Vector, int)#0 &amp; com.sun.org.apache.xpath.internal.Expression#fixupVariables(java.util.Vector, int)#0&quot;, &quot;globalsSize := com.sun.org.apache.xpath.internal.Expression#fixupVariables(java.util.Vector, int)#1 &amp; com.sun.org.apache.xpath.internal.Expression#fixupVariables(java.util.Vector, int)#1&quot; }"/>
        </annotation>
    </item>
    <item name='com.sun.org.apache.xpath.internal.operations.Operation void setExpression(com.sun.org.apache.xpath.internal.Expression)'>
        <annotation name='com.intellij.inspections.tainted.annotation.equation.Equations'>
            <val val="{ &quot;exp := com.sun.org.apache.xpath.internal.ExpressionOwner#setExpression(com.sun.org.apache.xpath.internal.Expression)#0 &amp; com.sun.org.apache.xpath.internal.ExpressionOwner#setExpression(com.sun.org.apache.xpath.internal.Expression)#0&quot; }"/>
        </annotation>
    </item>
    <item name='com.sun.org.apache.xpath.internal.operations.Operation.LeftExprOwner com.sun.org.apache.xpath.internal.Expression getExpression()'>
        <annotation name='com.intellij.inspections.tainted.annotation.equation.Equations'>
            <val val="{ &quot;getExpression := Operation.LeftExprOwner&quot; }"/>
        </annotation>
    </item>
    <item name='com.sun.org.apache.xpath.internal.operations.Operation.LeftExprOwner void setExpression(com.sun.org.apache.xpath.internal.Expression)'>
        <annotation name='com.intellij.inspections.tainted.annotation.equation.Equations'>
            <val val="{ &quot;exp := com.sun.org.apache.xpath.internal.ExpressionOwner#setExpression(com.sun.org.apache.xpath.internal.Expression)#0 &amp; com.sun.org.apache.xpath.internal.ExpressionOwner#setExpression(com.sun.org.apache.xpath.internal.Expression)#0&quot; }"/>
        </annotation>
    </item>
    <item name='com.sun.org.apache.xpath.internal.operations.Or boolean bool(com.sun.org.apache.xpath.internal.XPathContext)'>
        <annotation name='com.intellij.inspections.tainted.annotation.equation.Equations'>
            <val val="{ &quot;xctxt := com.sun.org.apache.xpath.internal.Expression#bool(com.sun.org.apache.xpath.internal.XPathContext)#0 &amp; com.sun.org.apache.xpath.internal.Expression#bool(com.sun.org.apache.xpath.internal.XPathContext)#0&quot; }"/>
        </annotation>
    </item>
    <item name='com.sun.org.apache.xpath.internal.operations.Or com.sun.org.apache.xpath.internal.objects.XObject execute(com.sun.org.apache.xpath.internal.XPathContext)'>
        <annotation name='com.intellij.inspections.tainted.annotation.equation.Equations'>
            <val val="{ &quot;xctxt := Operation#execute(com.sun.org.apache.xpath.internal.XPathContext)#0 &amp; Operation#execute(com.sun.org.apache.xpath.internal.XPathContext)#0&quot;, &quot;execute := com.sun.org.apache.xpath.internal.objects.XBoolean#S_TRUE &amp; com.sun.org.apache.xpath.internal.objects.XBoolean#S_FALSE&quot; }"/>
        </annotation>
    </item>
    <item name='com.sun.org.apache.xpath.internal.operations.Plus com.sun.org.apache.xpath.internal.objects.XObject operate(com.sun.org.apache.xpath.internal.objects.XObject, com.sun.org.apache.xpath.internal.objects.XObject)'>
        <annotation name='com.intellij.inspections.tainted.annotation.equation.Equations'>
            <val val="{ &quot;right := Operation#operate(com.sun.org.apache.xpath.internal.objects.XObject, com.sun.org.apache.xpath.internal.objects.XObject)#1 &amp; Operation#operate(com.sun.org.apache.xpath.internal.objects.XObject, com.sun.org.apache.xpath.internal.objects.XObject)#1&quot;, &quot;left := Operation#operate(com.sun.org.apache.xpath.internal.objects.XObject, com.sun.org.apache.xpath.internal.objects.XObject)#0 &amp; Operation#operate(com.sun.org.apache.xpath.internal.objects.XObject, com.sun.org.apache.xpath.internal.objects.XObject)#0&quot; }"/>
        </annotation>
    </item>
    <item name='com.sun.org.apache.xpath.internal.operations.Plus double num(com.sun.org.apache.xpath.internal.XPathContext)'>
        <annotation name='com.intellij.inspections.tainted.annotation.equation.Equations'>
            <val val="{ &quot;xctxt := com.sun.org.apache.xpath.internal.Expression#num(com.sun.org.apache.xpath.internal.XPathContext)#0 &amp; com.sun.org.apache.xpath.internal.Expression#num(com.sun.org.apache.xpath.internal.XPathContext)#0&quot; }"/>
        </annotation>
    </item>
    <item name='com.sun.org.apache.xpath.internal.operations.Quo com.sun.org.apache.xpath.internal.objects.XObject operate(com.sun.org.apache.xpath.internal.objects.XObject, com.sun.org.apache.xpath.internal.objects.XObject)'>
        <annotation name='com.intellij.inspections.tainted.annotation.equation.Equations'>
            <val val="{ &quot;right := Operation#operate(com.sun.org.apache.xpath.internal.objects.XObject, com.sun.org.apache.xpath.internal.objects.XObject)#1 &amp; Operation#operate(com.sun.org.apache.xpath.internal.objects.XObject, com.sun.org.apache.xpath.internal.objects.XObject)#1&quot;, &quot;left := Operation#operate(com.sun.org.apache.xpath.internal.objects.XObject, com.sun.org.apache.xpath.internal.objects.XObject)#0 &amp; Operation#operate(com.sun.org.apache.xpath.internal.objects.XObject, com.sun.org.apache.xpath.internal.objects.XObject)#0&quot; }"/>
        </annotation>
    </item>
    <item name='com.sun.org.apache.xpath.internal.operations.String com.sun.org.apache.xpath.internal.objects.XObject operate(com.sun.org.apache.xpath.internal.objects.XObject)'>
        <annotation name='com.intellij.inspections.tainted.annotation.equation.Equations'>
            <val val="{ &quot;right := UnaryOperation#operate(com.sun.org.apache.xpath.internal.objects.XObject)#0 &amp; UnaryOperation#operate(com.sun.org.apache.xpath.internal.objects.XObject)#0&quot; }"/>
        </annotation>
    </item>
    <item name='com.sun.org.apache.xpath.internal.operations.UnaryOperation boolean deepEquals(com.sun.org.apache.xpath.internal.Expression)'>
        <annotation name='com.intellij.inspections.tainted.annotation.equation.Equations'>
            <val val="{ &quot;expr := com.sun.org.apache.xpath.internal.Expression#deepEquals(com.sun.org.apache.xpath.internal.Expression)#0 &amp; com.sun.org.apache.xpath.internal.Expression#deepEquals(com.sun.org.apache.xpath.internal.Expression)#0&quot; }"/>
        </annotation>
    </item>
    <item name='com.sun.org.apache.xpath.internal.operations.UnaryOperation com.sun.org.apache.xpath.internal.Expression getExpression()'>
        <annotation name='com.intellij.inspections.tainted.annotation.equation.Equations'>
            <val val="{ &quot;getExpression := UnaryOperation&quot; }"/>
        </annotation>
    </item>
    <item name='com.sun.org.apache.xpath.internal.operations.UnaryOperation com.sun.org.apache.xpath.internal.Expression getOperand()'>
        <annotation name='com.intellij.inspections.tainted.annotation.equation.Equations'>
            <val val="{ &quot;getOperand := UnaryOperation&quot; }"/>
        </annotation>
    </item>
    <item name='com.sun.org.apache.xpath.internal.operations.UnaryOperation com.sun.org.apache.xpath.internal.objects.XObject execute(com.sun.org.apache.xpath.internal.XPathContext)'>
        <annotation name='com.intellij.inspections.tainted.annotation.equation.Equations'>
            <val val="{ &quot;xctxt := com.sun.org.apache.xpath.internal.Expression#execute(com.sun.org.apache.xpath.internal.XPathContext)#0 &amp; com.sun.org.apache.xpath.internal.Expression#execute(com.sun.org.apache.xpath.internal.XPathContext)#0&quot; }"/>
        </annotation>
    </item>
    <item name='com.sun.org.apache.xpath.internal.operations.UnaryOperation com.sun.org.apache.xpath.internal.objects.XObject operate(com.sun.org.apache.xpath.internal.objects.XObject)'>
        <annotation name='com.intellij.inspections.tainted.annotation.equation.Equations'>
            <val val="{ &quot;operate := Neg#operate(com.sun.org.apache.xpath.internal.objects.XObject) &amp; Bool#operate(com.sun.org.apache.xpath.internal.objects.XObject) &amp; Number#operate(com.sun.org.apache.xpath.internal.objects.XObject) &amp; String#operate(com.sun.org.apache.xpath.internal.objects.XObject)&quot; }"/>
        </annotation>
    </item>
    <item name='com.sun.org.apache.xpath.internal.operations.UnaryOperation void callVisitors(com.sun.org.apache.xpath.internal.ExpressionOwner, com.sun.org.apache.xpath.internal.XPathVisitor)'>
        <annotation name='com.intellij.inspections.tainted.annotation.equation.Equations'>
            <val val="{ &quot;visitor := com.sun.org.apache.xpath.internal.XPathVisitable#callVisitors(com.sun.org.apache.xpath.internal.ExpressionOwner, com.sun.org.apache.xpath.internal.XPathVisitor)#1 &amp; com.sun.org.apache.xpath.internal.XPathVisitable#callVisitors(com.sun.org.apache.xpath.internal.ExpressionOwner, com.sun.org.apache.xpath.internal.XPathVisitor)#1&quot;, &quot;owner := com.sun.org.apache.xpath.internal.XPathVisitable#callVisitors(com.sun.org.apache.xpath.internal.ExpressionOwner, com.sun.org.apache.xpath.internal.XPathVisitor)#0 &amp; com.sun.org.apache.xpath.internal.XPathVisitable#callVisitors(com.sun.org.apache.xpath.internal.ExpressionOwner, com.sun.org.apache.xpath.internal.XPathVisitor)#0&quot; }"/>
        </annotation>
    </item>
    <item name='com.sun.org.apache.xpath.internal.operations.UnaryOperation void fixupVariables(java.util.Vector, int)'>
        <annotation name='com.intellij.inspections.tainted.annotation.equation.Equations'>
            <val val="{ &quot;globalsSize := com.sun.org.apache.xpath.internal.Expression#fixupVariables(java.util.Vector, int)#1 &amp; com.sun.org.apache.xpath.internal.Expression#fixupVariables(java.util.Vector, int)#1&quot;, &quot;vars := com.sun.org.apache.xpath.internal.Expression#fixupVariables(java.util.Vector, int)#0 &amp; com.sun.org.apache.xpath.internal.Expression#fixupVariables(java.util.Vector, int)#0&quot; }"/>
        </annotation>
    </item>
    <item name='com.sun.org.apache.xpath.internal.operations.UnaryOperation void setExpression(com.sun.org.apache.xpath.internal.Expression)'>
        <annotation name='com.intellij.inspections.tainted.annotation.equation.Equations'>
            <val val="{ &quot;exp := com.sun.org.apache.xpath.internal.ExpressionOwner#setExpression(com.sun.org.apache.xpath.internal.Expression)#0 &amp; com.sun.org.apache.xpath.internal.ExpressionOwner#setExpression(com.sun.org.apache.xpath.internal.Expression)#0&quot; }"/>
        </annotation>
    </item>
    <item name='com.sun.org.apache.xpath.internal.operations.Variable'>
        <annotation name='com.intellij.inspections.tainted.annotation.equation.Equations'>
            <val val="{ &quot;Variable := #setIndex(int)#0 &amp; #setIsGlobal(boolean)#0&quot; }"/>
        </annotation>
    </item>
    <item name='com.sun.org.apache.xpath.internal.operations.Variable boolean deepEquals(com.sun.org.apache.xpath.internal.Expression)'>
        <annotation name='com.intellij.inspections.tainted.annotation.equation.Equations'>
            <val val="{ &quot;expr := com.sun.org.apache.xpath.internal.Expression#deepEquals(com.sun.org.apache.xpath.internal.Expression)#0 &amp; com.sun.org.apache.xpath.internal.Expression#deepEquals(com.sun.org.apache.xpath.internal.Expression)#0&quot; }"/>
        </annotation>
    </item>
    <item name='com.sun.org.apache.xpath.internal.operations.Variable boolean getGlobal()'>
        <annotation name='com.intellij.inspections.tainted.annotation.equation.Equations'>
            <val val="{ &quot;getGlobal := Variable&quot; }"/>
        </annotation>
    </item>
    <item name='com.sun.org.apache.xpath.internal.operations.Variable com.sun.org.apache.xml.internal.utils.QName getQName()'>
        <annotation name='com.intellij.inspections.tainted.annotation.equation.Equations'>
            <val val="{ &quot;getQName := Variable&quot; }"/>
        </annotation>
    </item>
    <item name='com.sun.org.apache.xpath.internal.operations.Variable com.sun.org.apache.xpath.internal.objects.XObject execute(com.sun.org.apache.xpath.internal.XPathContext)'>
        <annotation name='com.intellij.inspections.tainted.annotation.equation.Equations'>
            <val val="{ &quot;xctxt := com.sun.org.apache.xpath.internal.Expression#execute(com.sun.org.apache.xpath.internal.XPathContext)#0 &amp; com.sun.org.apache.xpath.internal.Expression#execute(com.sun.org.apache.xpath.internal.XPathContext)#0&quot; }"/>
        </annotation>
    </item>
    <item name='com.sun.org.apache.xpath.internal.operations.Variable com.sun.org.apache.xpath.internal.objects.XObject execute(com.sun.org.apache.xpath.internal.XPathContext, boolean)'>
        <annotation name='com.intellij.inspections.tainted.annotation.equation.Equations'>
            <val val="{ &quot;execute := VariableSafeAbsRef#execute(com.sun.org.apache.xpath.internal.XPathContext, boolean)&quot; }"/>
        </annotation>
    </item>
    <item name='com.sun.org.apache.xpath.internal.operations.Variable int getAnalysisBits()'>
        <annotation name='com.intellij.inspections.tainted.annotation.equation.Equations'>
            <val val="{ &quot;getAnalysisBits := com.sun.org.apache.xpath.internal.axes.WalkerFactory#BIT_FILTER&quot; }"/>
        </annotation>
    </item>
    <item name='com.sun.org.apache.xpath.internal.operations.Variable int getIndex()'>
        <annotation name='com.intellij.inspections.tainted.annotation.equation.Equations'>
            <val val="{ &quot;getIndex := Variable&quot; }"/>
        </annotation>
    </item>
    <item name='com.sun.org.apache.xpath.internal.operations.Variable void callVisitors(com.sun.org.apache.xpath.internal.ExpressionOwner, com.sun.org.apache.xpath.internal.XPathVisitor)'>
        <annotation name='com.intellij.inspections.tainted.annotation.equation.Equations'>
            <val val="{ &quot;owner := com.sun.org.apache.xpath.internal.XPathVisitable#callVisitors(com.sun.org.apache.xpath.internal.ExpressionOwner, com.sun.org.apache.xpath.internal.XPathVisitor)#0 &amp; com.sun.org.apache.xpath.internal.XPathVisitable#callVisitors(com.sun.org.apache.xpath.internal.ExpressionOwner, com.sun.org.apache.xpath.internal.XPathVisitor)#0&quot;, &quot;visitor := com.sun.org.apache.xpath.internal.XPathVisitable#callVisitors(com.sun.org.apache.xpath.internal.ExpressionOwner, com.sun.org.apache.xpath.internal.XPathVisitor)#1 &amp; com.sun.org.apache.xpath.internal.XPathVisitable#callVisitors(com.sun.org.apache.xpath.internal.ExpressionOwner, com.sun.org.apache.xpath.internal.XPathVisitor)#1&quot; }"/>
        </annotation>
    </item>
    <item name='com.sun.org.apache.xpath.internal.operations.Variable void fixupVariables(java.util.Vector, int)'>
        <annotation name='com.intellij.inspections.tainted.annotation.equation.Equations'>
            <val val="{ &quot;vars := com.sun.org.apache.xpath.internal.Expression#fixupVariables(java.util.Vector, int)#0 &amp; com.sun.org.apache.xpath.internal.Expression#fixupVariables(java.util.Vector, int)#0&quot;, &quot;globalsSize := com.sun.org.apache.xpath.internal.Expression#fixupVariables(java.util.Vector, int)#1 &amp; com.sun.org.apache.xpath.internal.Expression#fixupVariables(java.util.Vector, int)#1&quot; }"/>
        </annotation>
    </item>
    <item name='com.sun.org.apache.xpath.internal.operations.VariableSafeAbsRef com.sun.org.apache.xpath.internal.objects.XObject execute(com.sun.org.apache.xpath.internal.XPathContext, boolean)'>
        <annotation name='com.intellij.inspections.tainted.annotation.equation.Equations'>
            <val val="{ &quot;xctxt := Variable#execute(com.sun.org.apache.xpath.internal.XPathContext, boolean)#0 &amp; Variable#execute(com.sun.org.apache.xpath.internal.XPathContext, boolean)#0&quot;, &quot;destructiveOK := Variable#execute(com.sun.org.apache.xpath.internal.XPathContext, boolean)#1 &amp; Variable#execute(com.sun.org.apache.xpath.internal.XPathContext, boolean)#1&quot; }"/>
        </annotation>
    </item>
</root>