<root>
    <item name='sun.java2d.cmm.PCMM int getProfileSize(sun.java2d.cmm.Profile)'>
        <annotation name='com.intellij.inspections.tainted.annotation.equation.Equations'>
            <val val="{ &quot;getProfileSize := CMSManager.CMMTracer#getProfileSize(sun.java2d.cmm.Profile)&quot;, &quot;profile := CMSManager.CMMTracer#getProfileSize(sun.java2d.cmm.Profile)#0&quot; }"/>
        </annotation>
    </item>
    <item name='sun.java2d.cmm.PCMM int getTagSize(sun.java2d.cmm.Profile, int)'>
        <annotation name='com.intellij.inspections.tainted.annotation.equation.Equations'>
            <val val="{ &quot;profile := CMSManager.CMMTracer#getTagSize(sun.java2d.cmm.Profile, int)#0&quot;, &quot;i := CMSManager.CMMTracer#getTagSize(sun.java2d.cmm.Profile, int)#1&quot;, &quot;getTagSize := CMSManager.CMMTracer#getTagSize(sun.java2d.cmm.Profile, int)&quot; }"/>
        </annotation>
    </item>
    <item name='sun.java2d.cmm.PCMM sun.java2d.cmm.ColorTransform createTransform(java.awt.color.ICC_Profile, int, int)'>
        <annotation name='com.intellij.inspections.tainted.annotation.equation.Equations'>
            <val val="{ &quot;icc_profile := CMSManager.CMMTracer#createTransform(java.awt.color.ICC_Profile, int, int)#0&quot;, &quot;createTransform := CMSManager.CMMTracer#createTransform(java.awt.color.ICC_Profile, int, int)&quot;, &quot;i1 := CMSManager.CMMTracer#createTransform(java.awt.color.ICC_Profile, int, int)#2&quot;, &quot;i := CMSManager.CMMTracer#createTransform(java.awt.color.ICC_Profile, int, int)#1&quot; }"/>
        </annotation>
    </item>
    <item name='sun.java2d.cmm.PCMM sun.java2d.cmm.ColorTransform createTransform(sun.java2d.cmm.ColorTransform[])'>
        <annotation name='com.intellij.inspections.tainted.annotation.equation.Equations'>
            <val val="{ &quot;createTransform := CMSManager.CMMTracer#createTransform(sun.java2d.cmm.ColorTransform[])&quot;, &quot;colorTransforms := CMSManager.CMMTracer#createTransform(sun.java2d.cmm.ColorTransform[])#0&quot; }"/>
        </annotation>
    </item>
    <item name='sun.java2d.cmm.PCMM sun.java2d.cmm.Profile loadProfile(byte[])'>
        <annotation name='com.intellij.inspections.tainted.annotation.equation.Equations'>
            <val val="{ &quot;loadProfile := CMSManager.CMMTracer#loadProfile(byte[])&quot;, &quot;bytes := CMSManager.CMMTracer#loadProfile(byte[])#0&quot; }"/>
        </annotation>
    </item>
    <item name='sun.java2d.cmm.PCMM void freeProfile(sun.java2d.cmm.Profile)'>
        <annotation name='com.intellij.inspections.tainted.annotation.equation.Equations'>
            <val val="{ &quot;profile := CMSManager.CMMTracer#freeProfile(sun.java2d.cmm.Profile)#0&quot; }"/>
        </annotation>
    </item>
    <item name='sun.java2d.cmm.PCMM void getProfileData(sun.java2d.cmm.Profile, byte[])'>
        <annotation name='com.intellij.inspections.tainted.annotation.equation.Equations'>
            <val val="{ &quot;profile := CMSManager.CMMTracer#getProfileData(sun.java2d.cmm.Profile, byte[])#0&quot;, &quot;bytes := CMSManager.CMMTracer#getProfileData(sun.java2d.cmm.Profile, byte[])#1&quot; }"/>
        </annotation>
    </item>
    <item name='sun.java2d.cmm.PCMM void getTagData(sun.java2d.cmm.Profile, int, byte[])'>
        <annotation name='com.intellij.inspections.tainted.annotation.equation.Equations'>
            <val val="{ &quot;i := CMSManager.CMMTracer#getTagData(sun.java2d.cmm.Profile, int, byte[])#1&quot;, &quot;profile := CMSManager.CMMTracer#getTagData(sun.java2d.cmm.Profile, int, byte[])#0&quot;, &quot;bytes := CMSManager.CMMTracer#getTagData(sun.java2d.cmm.Profile, int, byte[])#2&quot; }"/>
        </annotation>
    </item>
    <item name='sun.java2d.cmm.PCMM void setTagData(sun.java2d.cmm.Profile, int, byte[])'>
        <annotation name='com.intellij.inspections.tainted.annotation.equation.Equations'>
            <val val="{ &quot;profile := CMSManager.CMMTracer#setTagData(sun.java2d.cmm.Profile, int, byte[])#0&quot;, &quot;i := CMSManager.CMMTracer#setTagData(sun.java2d.cmm.Profile, int, byte[])#1&quot;, &quot;bytes := CMSManager.CMMTracer#setTagData(sun.java2d.cmm.Profile, int, byte[])#2&quot; }"/>
        </annotation>
    </item>
</root>