<root>
    <item name='javax.imageio.IIOException IIOException(java.lang.String)'>
        <annotation name='com.intellij.inspections.tainted.annotation.equation.Equations'>
            <val val="{ &quot;message := javax.imageio.metadata.IIOInvalidTreeException#IIOInvalidTreeException(java.lang.String, org.w3c.dom.Node)#0&quot;, &quot;IIOException := IIOException&quot; }"/>
        </annotation>
    </item>
    <item name='javax.imageio.IIOException IIOException(java.lang.String, java.lang.Throwable)'>
        <annotation name='com.intellij.inspections.tainted.annotation.equation.Equations'>
            <val val="{ &quot;IIOException := IIOException&quot;, &quot;message := javax.imageio.metadata.IIOInvalidTreeException#IIOInvalidTreeException(java.lang.String, java.lang.Throwable, org.w3c.dom.Node)#0&quot;, &quot;cause := javax.imageio.metadata.IIOInvalidTreeException#IIOInvalidTreeException(java.lang.String, java.lang.Throwable, org.w3c.dom.Node)#1&quot; }"/>
        </annotation>
    </item>
    <item name='javax.imageio.IIOImage'>
        <annotation name='com.intellij.inspections.tainted.annotation.equation.Equations'>
            <val val="{ &quot;IIOImage := #setRaster(java.awt.image.Raster)#0 &amp; #setThumbnails(java.util.List)#0 &amp; #setMetadata(javax.imageio.metadata.IIOMetadata)#0&quot; }"/>
        </annotation>
    </item>
    <item name='javax.imageio.IIOImage IIOImage(java.awt.image.Raster, java.util.List&lt;? extends java.awt.image.BufferedImage&gt;, javax.imageio.metadata.IIOMetadata)'>
        <annotation name='com.intellij.inspections.tainted.annotation.equation.Equations'>
            <val val="{ &quot;IIOImage := IIOImage&quot; }"/>
        </annotation>
    </item>
    <item name='javax.imageio.IIOImage IIOImage(java.awt.image.RenderedImage, java.util.List&lt;? extends java.awt.image.BufferedImage&gt;, javax.imageio.metadata.IIOMetadata)'>
        <annotation name='com.intellij.inspections.tainted.annotation.equation.Equations'>
            <val val="{ &quot;IIOImage := IIOImage&quot;, &quot;image := com.sun.imageio.plugins.jpeg.JFIFMarkerSegment.JFIFThumbJPEG#JFIFThumbJPEG(java.awt.image.BufferedImage)#0 &amp; ImageWriter#write(java.awt.image.RenderedImage)#0&quot; }"/>
        </annotation>
    </item>
    <item name='javax.imageio.IIOImage java.awt.image.Raster getRaster()'>
        <annotation name='com.intellij.inspections.tainted.annotation.equation.Equations'>
            <val val="{ &quot;getRaster := IIOImage&quot; }"/>
        </annotation>
    </item>
    <item name='javax.imageio.IIOImage java.awt.image.RenderedImage getRenderedImage()'>
        <annotation name='com.intellij.inspections.tainted.annotation.equation.Equations'>
            <val val="{ &quot;getRenderedImage := IIOImage&quot; }"/>
        </annotation>
    </item>
    <item name='javax.imageio.IIOImage java.util.List&lt;? extends java.awt.image.BufferedImage&gt; getThumbnails()'>
        <annotation name='com.intellij.inspections.tainted.annotation.equation.Equations'>
            <val val="{ &quot;getThumbnails := IIOImage&quot; }"/>
        </annotation>
    </item>
    <item name='javax.imageio.IIOImage javax.imageio.metadata.IIOMetadata getMetadata()'>
        <annotation name='com.intellij.inspections.tainted.annotation.equation.Equations'>
            <val val="{ &quot;getMetadata := IIOImage&quot; }"/>
        </annotation>
    </item>
    <item name='javax.imageio.IIOParam'>
        <annotation name='com.intellij.inspections.tainted.annotation.equation.Equations'>
            <val val="{ &quot;IIOParam := #setController(javax.imageio.IIOParamController)#0&quot; }"/>
        </annotation>
    </item>
    <item name='javax.imageio.IIOParam IIOParam()'>
        <annotation name='com.intellij.inspections.tainted.annotation.equation.Equations'>
            <val val="{ &quot;IIOParam := IIOParam&quot; }"/>
        </annotation>
    </item>
    <item name='javax.imageio.IIOParam int getSourceXSubsampling()'>
        <annotation name='com.intellij.inspections.tainted.annotation.equation.Equations'>
            <val val="{ &quot;getSourceXSubsampling := IIOParam&quot; }"/>
        </annotation>
    </item>
    <item name='javax.imageio.IIOParam int getSourceYSubsampling()'>
        <annotation name='com.intellij.inspections.tainted.annotation.equation.Equations'>
            <val val="{ &quot;getSourceYSubsampling := IIOParam&quot; }"/>
        </annotation>
    </item>
    <item name='javax.imageio.IIOParam int getSubsamplingXOffset()'>
        <annotation name='com.intellij.inspections.tainted.annotation.equation.Equations'>
            <val val="{ &quot;getSubsamplingXOffset := IIOParam&quot; }"/>
        </annotation>
    </item>
    <item name='javax.imageio.IIOParam int getSubsamplingYOffset()'>
        <annotation name='com.intellij.inspections.tainted.annotation.equation.Equations'>
            <val val="{ &quot;getSubsamplingYOffset := IIOParam&quot; }"/>
        </annotation>
    </item>
    <item name='javax.imageio.IIOParam int[] getSourceBands()'>
        <annotation name='com.intellij.inspections.tainted.annotation.equation.Equations'>
            <val val="{ &quot;getSourceBands := IIOParam&quot; }"/>
        </annotation>
    </item>
    <item name='javax.imageio.IIOParam javax.imageio.IIOParamController getController()'>
        <annotation name='com.intellij.inspections.tainted.annotation.equation.Equations'>
            <val val="{ &quot;getController := IIOParam&quot; }"/>
        </annotation>
    </item>
    <item name='javax.imageio.IIOParam javax.imageio.IIOParamController getDefaultController()'>
        <annotation name='com.intellij.inspections.tainted.annotation.equation.Equations'>
            <val val="{ &quot;getDefaultController := IIOParam&quot; }"/>
        </annotation>
    </item>
    <item name='javax.imageio.IIOParam javax.imageio.ImageTypeSpecifier getDestinationType()'>
        <annotation name='com.intellij.inspections.tainted.annotation.equation.Equations'>
            <val val="{ &quot;getDestinationType := IIOParam&quot; }"/>
        </annotation>
    </item>
    <item name='javax.imageio.IIOParam void setDestinationType(javax.imageio.ImageTypeSpecifier)'>
        <annotation name='com.intellij.inspections.tainted.annotation.equation.Equations'>
            <val val="{ &quot;destinationType := ImageReadParam#setDestinationType(javax.imageio.ImageTypeSpecifier)#0&quot; }"/>
        </annotation>
    </item>
    <item name='javax.imageio.IIOParamController boolean activate(javax.imageio.IIOParam)'>
        <annotation name='com.intellij.inspections.tainted.annotation.equation.Equations'>
            <val val="{ &quot;param := IIOParam&quot; }"/>
        </annotation>
    </item>
    <item name='javax.imageio.ImageIO'>
        <annotation name='com.intellij.inspections.tainted.annotation.equation.Equations'>
            <val val="{ &quot;ImageIO := &quot; }"/>
        </annotation>
    </item>
    <item name='javax.imageio.ImageIO ImageIO()'>
        <annotation name='com.intellij.inspections.tainted.annotation.equation.Equations'>
            <val val="{ &quot;ImageIO := ImageIO&quot; }"/>
        </annotation>
    </item>
    <item name='javax.imageio.ImageIO boolean contains(java.lang.String[], java.lang.String)'>
        <annotation name='com.intellij.inspections.tainted.annotation.equation.Equations'>
            <val val="{ &quot;names := &quot;, &quot;name := ImageIO.ContainsFilter&quot; }"/>
        </annotation>
    </item>
    <item name='javax.imageio.ImageIO boolean doWrite(java.awt.image.RenderedImage, javax.imageio.ImageWriter, javax.imageio.stream.ImageOutputStream)'>
        <annotation name='com.intellij.inspections.tainted.annotation.equation.Equations'>
            <val val="{ &quot;output := #write(java.awt.image.RenderedImage, java.lang.String, javax.imageio.stream.ImageOutputStream)#2&quot;, &quot;writer := &quot;, &quot;im := #write(java.awt.image.RenderedImage, java.lang.String, javax.imageio.stream.ImageOutputStream)#0 &amp; #write(java.awt.image.RenderedImage, java.lang.String, java.io.File)#0 &amp; #write(java.awt.image.RenderedImage, java.lang.String, java.io.OutputStream)#0&quot; }"/>
        </annotation>
    </item>
    <item name='javax.imageio.ImageIO java.lang.String[] getReaderWriterInfo(java.lang.Class&lt;S&gt;, javax.imageio.ImageIO.SpiInfo)'>
        <annotation name='com.intellij.inspections.tainted.annotation.equation.Equations'>
            <val val="{ &quot;spiInfo := ImageIO.SpiInfo#FORMAT_NAMES &amp; ImageIO.SpiInfo#MIME_TYPES &amp; ImageIO.SpiInfo#FILE_SUFFIXES&quot; }"/>
        </annotation>
    </item>
    <item name='javax.imageio.ImageIO java.util.Iterator&lt;javax.imageio.ImageReader&gt; getImageReaders(java.lang.Object)'>
        <annotation name='com.intellij.inspections.tainted.annotation.equation.Equations'>
            <val val="{ &quot;input := #read(javax.imageio.stream.ImageInputStream)#0&quot; }"/>
        </annotation>
    </item>
    <item name='javax.imageio.ImageIO java.util.Iterator&lt;javax.imageio.ImageReader&gt; getImageReadersByMIMEType(java.lang.String)'>
        <annotation name='com.intellij.inspections.tainted.annotation.equation.Equations'>
            <val val="{ &quot;MIMEType := sun.awt.datatransfer.DataTransferer#standardImageBytesToImage(byte[], java.lang.String)#1 &amp; sun.awt.datatransfer.DataTransferer#standardImageBytesToImage(byte[], java.lang.String)#1&quot; }"/>
        </annotation>
    </item>
    <item name='javax.imageio.ImageIO java.util.Iterator&lt;javax.imageio.ImageWriter&gt; getImageWriters(javax.imageio.ImageTypeSpecifier, java.lang.String)'>
        <annotation name='com.intellij.inspections.tainted.annotation.equation.Equations'>
            <val val="{ &quot;formatName := #getWriter(java.awt.image.RenderedImage, java.lang.String)#1&quot; }"/>
        </annotation>
    </item>
    <item name='javax.imageio.ImageIO java.util.Iterator&lt;javax.imageio.ImageWriter&gt; getImageWritersByMIMEType(java.lang.String)'>
        <annotation name='com.intellij.inspections.tainted.annotation.equation.Equations'>
            <val val="{ &quot;MIMEType := sun.awt.datatransfer.DataTransferer#imageToStandardBytes(java.awt.Image, java.lang.String)#1 &amp; sun.awt.datatransfer.DataTransferer#imageToStandardBytesImpl(java.awt.image.RenderedImage, java.lang.String)#1 &amp; sun.awt.datatransfer.DataTransferer#imageToStandardBytes(java.awt.Image, java.lang.String)#1 &amp; sun.awt.datatransfer.DataTransferer#imageToStandardBytesImpl(java.awt.image.RenderedImage, java.lang.String)#1&quot; }"/>
        </annotation>
    </item>
    <item name='javax.imageio.ImageIO javax.imageio.ImageWriter getWriter(java.awt.image.RenderedImage, java.lang.String)'>
        <annotation name='com.intellij.inspections.tainted.annotation.equation.Equations'>
            <val val="{ &quot;formatName := #write(java.awt.image.RenderedImage, java.lang.String, java.io.File)#1 &amp; #write(java.awt.image.RenderedImage, java.lang.String, java.io.OutputStream)#1 &amp; #write(java.awt.image.RenderedImage, java.lang.String, javax.imageio.stream.ImageOutputStream)#1&quot;, &quot;im := #write(java.awt.image.RenderedImage, java.lang.String, java.io.File)#0 &amp; #write(java.awt.image.RenderedImage, java.lang.String, java.io.OutputStream)#0 &amp; #write(java.awt.image.RenderedImage, java.lang.String, javax.imageio.stream.ImageOutputStream)#0&quot; }"/>
        </annotation>
    </item>
    <item name='javax.imageio.ImageIO javax.imageio.stream.ImageInputStream createImageInputStream(java.lang.Object)'>
        <annotation name='com.intellij.inspections.tainted.annotation.equation.Equations'>
            <val val="{ &quot;input := #read(java.io.File)#0 &amp; #read(java.io.InputStream)#0&quot; }"/>
        </annotation>
    </item>
    <item name='javax.imageio.ImageIO javax.imageio.stream.ImageOutputStream createImageOutputStream(java.lang.Object)'>
        <annotation name='com.intellij.inspections.tainted.annotation.equation.Equations'>
            <val val="{ &quot;output := com.sun.imageio.plugins.bmp.BMPImageWriter &amp; #write(java.awt.image.RenderedImage, java.lang.String, java.io.File)#2 &amp; #write(java.awt.image.RenderedImage, java.lang.String, java.io.OutputStream)#2&quot; }"/>
        </annotation>
    </item>
    <item name='javax.imageio.ImageIO.CacheInfo CacheInfo()'>
        <annotation name='com.intellij.inspections.tainted.annotation.equation.Equations'>
            <val val="{ &quot;CacheInfo := ImageIO.CacheInfo&quot; }"/>
        </annotation>
    </item>
    <item name='javax.imageio.ImageIO.CacheInfo java.io.File getCacheDirectory()'>
        <annotation name='com.intellij.inspections.tainted.annotation.equation.Equations'>
            <val val="{ &quot;getCacheDirectory := ImageIO.CacheInfo&quot; }"/>
        </annotation>
    </item>
    <item name='javax.imageio.ImageIO.CacheInfo java.lang.Boolean getHasPermission()'>
        <annotation name='com.intellij.inspections.tainted.annotation.equation.Equations'>
            <val val="{ &quot;getHasPermission := ImageIO.CacheInfo&quot; }"/>
        </annotation>
    </item>
    <item name='javax.imageio.ImageIO.CacheInfo void setCacheDirectory(java.io.File)'>
        <annotation name='com.intellij.inspections.tainted.annotation.equation.Equations'>
            <val val="{ &quot;cacheDirectory := ImageIO#setCacheDirectory(java.io.File)#0&quot; }"/>
        </annotation>
    </item>
    <item name='javax.imageio.ImageIO.CacheInfo void setHasPermission(java.lang.Boolean)'>
        <annotation name='com.intellij.inspections.tainted.annotation.equation.Equations'>
            <val val="{ &quot;hasPermission := java.lang.Boolean#FALSE &amp; java.lang.Boolean#TRUE&quot; }"/>
        </annotation>
    </item>
    <item name='javax.imageio.ImageIO.CanDecodeInputFilter CanDecodeInputFilter(java.lang.Object)'>
        <annotation name='com.intellij.inspections.tainted.annotation.equation.Equations'>
            <val val="{ &quot;CanDecodeInputFilter := ImageIO.CanDecodeInputFilter&quot;, &quot;input := ImageIO#getImageReaders(java.lang.Object)#0&quot; }"/>
        </annotation>
    </item>
    <item name='javax.imageio.ImageIO.CanEncodeImageAndFormatFilter CanEncodeImageAndFormatFilter(javax.imageio.ImageTypeSpecifier, java.lang.String)'>
        <annotation name='com.intellij.inspections.tainted.annotation.equation.Equations'>
            <val val="{ &quot;formatName := ImageIO#getImageWriters(javax.imageio.ImageTypeSpecifier, java.lang.String)#1&quot;, &quot;type := ImageIO#getImageWriters(javax.imageio.ImageTypeSpecifier, java.lang.String)#0&quot;, &quot;CanEncodeImageAndFormatFilter := ImageIO.CanEncodeImageAndFormatFilter&quot; }"/>
        </annotation>
    </item>
    <item name='javax.imageio.ImageIO.ContainsFilter ContainsFilter(java.lang.reflect.Method, java.lang.String)'>
        <annotation name='com.intellij.inspections.tainted.annotation.equation.Equations'>
            <val val="{ &quot;method := ImageIO&quot;, &quot;name := ImageIO#getImageReadersByFormatName(java.lang.String)#0 &amp; ImageIO#getImageReadersBySuffix(java.lang.String)#0 &amp; ImageIO#getImageReadersByMIMEType(java.lang.String)#0 &amp; ImageIO#getImageWritersByFormatName(java.lang.String)#0 &amp; ImageIO#getImageWritersBySuffix(java.lang.String)#0 &amp; ImageIO#getImageWritersByMIMEType(java.lang.String)#0&quot;, &quot;ContainsFilter := ImageIO.ContainsFilter&quot; }"/>
        </annotation>
    </item>
    <item name='javax.imageio.ImageIO.ImageReaderIterator ImageReaderIterator(java.util.Iterator)'>
        <annotation name='com.intellij.inspections.tainted.annotation.equation.Equations'>
            <val val="{ &quot;ImageReaderIterator := ImageIO.ImageReaderIterator&quot; }"/>
        </annotation>
    </item>
    <item name='javax.imageio.ImageIO.ImageTranscoderIterator ImageTranscoderIterator(java.util.Iterator)'>
        <annotation name='com.intellij.inspections.tainted.annotation.equation.Equations'>
            <val val="{ &quot;ImageTranscoderIterator := ImageIO.ImageTranscoderIterator&quot; }"/>
        </annotation>
    </item>
    <item name='javax.imageio.ImageIO.ImageWriterIterator ImageWriterIterator(java.util.Iterator)'>
        <annotation name='com.intellij.inspections.tainted.annotation.equation.Equations'>
            <val val="{ &quot;ImageWriterIterator := ImageIO.ImageWriterIterator&quot; }"/>
        </annotation>
    </item>
    <item name='javax.imageio.ImageIO.TranscoderFilter TranscoderFilter(javax.imageio.spi.ImageReaderSpi, javax.imageio.spi.ImageWriterSpi)'>
        <annotation name='com.intellij.inspections.tainted.annotation.equation.Equations'>
            <val val="{ &quot;TranscoderFilter := ImageIO.TranscoderFilter&quot; }"/>
        </annotation>
    </item>
    <item name='javax.imageio.ImageReadParam'>
        <annotation name='com.intellij.inspections.tainted.annotation.equation.Equations'>
            <val val="{ &quot;ImageReadParam := java.lang.Integer#MAX_VALUE &amp; #setSourceProgressivePasses(int, int)#0 &amp; #setSourceProgressivePasses(int, int)#1&quot; }"/>
        </annotation>
    </item>
    <item name='javax.imageio.ImageReadParam ImageReadParam()'>
        <annotation name='com.intellij.inspections.tainted.annotation.equation.Equations'>
            <val val="{ &quot;ImageReadParam := ImageReadParam&quot; }"/>
        </annotation>
    </item>
    <item name='javax.imageio.ImageReadParam int getSourceMaxProgressivePass()'>
        <annotation name='com.intellij.inspections.tainted.annotation.equation.Equations'>
            <val val="{ &quot;getSourceMaxProgressivePass := java.lang.Integer#MAX_VALUE &amp; ImageReadParam&quot; }"/>
        </annotation>
    </item>
    <item name='javax.imageio.ImageReadParam int getSourceMinProgressivePass()'>
        <annotation name='com.intellij.inspections.tainted.annotation.equation.Equations'>
            <val val="{ &quot;getSourceMinProgressivePass := ImageReadParam&quot; }"/>
        </annotation>
    </item>
    <item name='javax.imageio.ImageReadParam int getSourceNumProgressivePasses()'>
        <annotation name='com.intellij.inspections.tainted.annotation.equation.Equations'>
            <val val="{ &quot;getSourceNumProgressivePasses := ImageReadParam&quot; }"/>
        </annotation>
    </item>
    <item name='javax.imageio.ImageReadParam int[] getDestinationBands()'>
        <annotation name='com.intellij.inspections.tainted.annotation.equation.Equations'>
            <val val="{ &quot;getDestinationBands := ImageReadParam&quot; }"/>
        </annotation>
    </item>
    <item name='javax.imageio.ImageReadParam java.awt.image.BufferedImage getDestination()'>
        <annotation name='com.intellij.inspections.tainted.annotation.equation.Equations'>
            <val val="{ &quot;getDestination := ImageReadParam&quot; }"/>
        </annotation>
    </item>
    <item name='javax.imageio.ImageReadParam void setDestination(java.awt.image.BufferedImage)'>
        <annotation name='com.intellij.inspections.tainted.annotation.equation.Equations'>
            <val val="{ &quot;destination := com.sun.imageio.plugins.bmp.BMPImageReader#readEmbedded(int, java.awt.image.BufferedImage, javax.imageio.ImageReadParam)#1&quot; }"/>
        </annotation>
    </item>
    <item name='javax.imageio.ImageReader'>
        <annotation name='com.intellij.inspections.tainted.annotation.equation.Equations'>
            <val val="{ &quot;ImageReader := #setLocale(java.util.Locale)#0&quot; }"/>
        </annotation>
    </item>
    <item name='javax.imageio.ImageReader ImageReader(javax.imageio.spi.ImageReaderSpi)'>
        <annotation name='com.intellij.inspections.tainted.annotation.equation.Equations'>
            <val val="{ &quot;originatingProvider := com.sun.imageio.plugins.bmp.BMPImageReader#BMPImageReader(javax.imageio.spi.ImageReaderSpi)#0 &amp; com.sun.imageio.plugins.gif.GIFImageReader#GIFImageReader(javax.imageio.spi.ImageReaderSpi)#0 &amp; com.sun.imageio.plugins.png.PNGImageReader#PNGImageReader(javax.imageio.spi.ImageReaderSpi)#0 &amp; com.sun.imageio.plugins.jpeg.JPEGImageReader#JPEGImageReader(javax.imageio.spi.ImageReaderSpi)#0 &amp; com.sun.imageio.plugins.wbmp.WBMPImageReader#WBMPImageReader(javax.imageio.spi.ImageReaderSpi)#0&quot;, &quot;ImageReader := ImageReader&quot; }"/>
        </annotation>
    </item>
    <item name='javax.imageio.ImageReader boolean isRandomAccessEasy(int)'>
        <annotation name='com.intellij.inspections.tainted.annotation.equation.Equations'>
            <val val="{ &quot;imageIndex := com.sun.imageio.plugins.bmp.BMPImageReader#isRandomAccessEasy(int)#0 &amp; com.sun.imageio.plugins.wbmp.WBMPImageReader#isRandomAccessEasy(int)#0&quot; }"/>
        </annotation>
    </item>
    <item name='javax.imageio.ImageReader int getHeight(int)'>
        <annotation name='com.intellij.inspections.tainted.annotation.equation.Equations'>
            <val val="{ &quot;imageIndex := com.sun.imageio.plugins.jpeg.JPEGImageReader#getHeight(int)#0 &amp; com.sun.imageio.plugins.png.PNGImageReader#getHeight(int)#0 &amp; com.sun.imageio.plugins.bmp.BMPImageReader#getHeight(int)#0 &amp; com.sun.imageio.plugins.gif.GIFImageReader#getHeight(int)#0 &amp; com.sun.imageio.plugins.wbmp.WBMPImageReader#getHeight(int)#0&quot;, &quot;getHeight := com.sun.imageio.plugins.jpeg.JPEGImageReader#getHeight(int) &amp; com.sun.imageio.plugins.png.PNGImageReader#getHeight(int) &amp; com.sun.imageio.plugins.bmp.BMPImageReader#getHeight(int) &amp; com.sun.imageio.plugins.gif.GIFImageReader#getHeight(int) &amp; com.sun.imageio.plugins.wbmp.WBMPImageReader#getHeight(int)&quot; }"/>
        </annotation>
    </item>
    <item name='javax.imageio.ImageReader int getMinIndex()'>
        <annotation name='com.intellij.inspections.tainted.annotation.equation.Equations'>
            <val val="{ &quot;getMinIndex := ImageReader&quot; }"/>
        </annotation>
    </item>
    <item name='javax.imageio.ImageReader int getNumImages(boolean)'>
        <annotation name='com.intellij.inspections.tainted.annotation.equation.Equations'>
            <val val="{ &quot;getNumImages := com.sun.imageio.plugins.jpeg.JPEGImageReader#getNumImages(boolean) &amp; com.sun.imageio.plugins.png.PNGImageReader#getNumImages(boolean) &amp; com.sun.imageio.plugins.bmp.BMPImageReader#getNumImages(boolean) &amp; com.sun.imageio.plugins.gif.GIFImageReader#getNumImages(boolean) &amp; com.sun.imageio.plugins.wbmp.WBMPImageReader#getNumImages(boolean)&quot; }"/>
        </annotation>
    </item>
    <item name='javax.imageio.ImageReader int getNumThumbnails(int)'>
        <annotation name='com.intellij.inspections.tainted.annotation.equation.Equations'>
            <val val="{ &quot;getNumThumbnails := com.sun.imageio.plugins.jpeg.JPEGImageReader#getNumThumbnails(int)&quot;, &quot;imageIndex := com.sun.imageio.plugins.jpeg.JPEGImageReader#getNumThumbnails(int)#0&quot; }"/>
        </annotation>
    </item>
    <item name='javax.imageio.ImageReader int getThumbnailHeight(int, int)'>
        <annotation name='com.intellij.inspections.tainted.annotation.equation.Equations'>
            <val val="{ &quot;imageIndex := com.sun.imageio.plugins.jpeg.JPEGImageReader#getThumbnailHeight(int, int)#0&quot;, &quot;getThumbnailHeight := com.sun.imageio.plugins.jpeg.JPEGImageReader#getThumbnailHeight(int, int)&quot;, &quot;thumbnailIndex := com.sun.imageio.plugins.jpeg.JPEGImageReader#getThumbnailHeight(int, int)#1&quot; }"/>
        </annotation>
    </item>
    <item name='javax.imageio.ImageReader int getThumbnailWidth(int, int)'>
        <annotation name='com.intellij.inspections.tainted.annotation.equation.Equations'>
            <val val="{ &quot;getThumbnailWidth := com.sun.imageio.plugins.jpeg.JPEGImageReader#getThumbnailWidth(int, int)&quot;, &quot;thumbnailIndex := com.sun.imageio.plugins.jpeg.JPEGImageReader#getThumbnailWidth(int, int)#1&quot;, &quot;imageIndex := com.sun.imageio.plugins.jpeg.JPEGImageReader#getThumbnailWidth(int, int)#0&quot; }"/>
        </annotation>
    </item>
    <item name='javax.imageio.ImageReader int getWidth(int)'>
        <annotation name='com.intellij.inspections.tainted.annotation.equation.Equations'>
            <val val="{ &quot;imageIndex := com.sun.imageio.plugins.bmp.BMPImageReader#getWidth(int)#0 &amp; com.sun.imageio.plugins.gif.GIFImageReader#getWidth(int)#0 &amp; com.sun.imageio.plugins.png.PNGImageReader#getWidth(int)#0 &amp; com.sun.imageio.plugins.jpeg.JPEGImageReader#getWidth(int)#0 &amp; com.sun.imageio.plugins.wbmp.WBMPImageReader#getWidth(int)#0 &amp; #getAspectRatio(int)#0 &amp; #getTileWidth(int)#0&quot;, &quot;getWidth := com.sun.imageio.plugins.bmp.BMPImageReader#getWidth(int) &amp; com.sun.imageio.plugins.gif.GIFImageReader#getWidth(int) &amp; com.sun.imageio.plugins.png.PNGImageReader#getWidth(int) &amp; com.sun.imageio.plugins.jpeg.JPEGImageReader#getWidth(int) &amp; com.sun.imageio.plugins.wbmp.WBMPImageReader#getWidth(int)&quot; }"/>
        </annotation>
    </item>
    <item name='javax.imageio.ImageReader java.awt.image.BufferedImage getDestination(javax.imageio.ImageReadParam, java.util.Iterator&lt;javax.imageio.ImageTypeSpecifier&gt;, int, int)'>
        <annotation name='com.intellij.inspections.tainted.annotation.equation.Equations'>
            <val val="{ &quot;param := com.sun.imageio.plugins.gif.GIFImageReader#read(int, javax.imageio.ImageReadParam)#1 &amp; com.sun.imageio.plugins.png.PNGImageReader#readImage(javax.imageio.ImageReadParam)#0 &amp; com.sun.imageio.plugins.jpeg.JPEGImageReader#readInternal(int, javax.imageio.ImageReadParam, boolean)#1&quot;, &quot;width := com.sun.imageio.plugins.gif.GIFImageReader &amp; com.sun.imageio.plugins.png.PNGImageReader &amp; com.sun.imageio.plugins.jpeg.JPEGImageReader&quot;, &quot;height := com.sun.imageio.plugins.gif.GIFImageReader &amp; com.sun.imageio.plugins.png.PNGImageReader &amp; com.sun.imageio.plugins.jpeg.JPEGImageReader&quot; }"/>
        </annotation>
    </item>
    <item name='javax.imageio.ImageReader java.awt.image.BufferedImage read(int)'>
        <annotation name='com.intellij.inspections.tainted.annotation.equation.Equations'>
            <val val="{ &quot;imageIndex := #readTile(int, int, int)#0&quot; }"/>
        </annotation>
    </item>
    <item name='javax.imageio.ImageReader java.awt.image.BufferedImage read(int, javax.imageio.ImageReadParam)'>
        <annotation name='com.intellij.inspections.tainted.annotation.equation.Equations'>
            <val val="{ &quot;imageIndex := com.sun.imageio.plugins.bmp.BMPImageReader#read(int, javax.imageio.ImageReadParam)#0 &amp; com.sun.imageio.plugins.gif.GIFImageReader#read(int, javax.imageio.ImageReadParam)#0 &amp; com.sun.imageio.plugins.png.PNGImageReader#read(int, javax.imageio.ImageReadParam)#0 &amp; com.sun.imageio.plugins.jpeg.JPEGImageReader#read(int, javax.imageio.ImageReadParam)#0 &amp; com.sun.imageio.plugins.wbmp.WBMPImageReader#read(int, javax.imageio.ImageReadParam)#0 &amp; #read(int)#0 &amp; #readAll(int, javax.imageio.ImageReadParam)#0 &amp; #readAsRenderedImage(int, javax.imageio.ImageReadParam)#0&quot;, &quot;param := com.sun.imageio.plugins.bmp.BMPImageReader#read(int, javax.imageio.ImageReadParam)#1 &amp; com.sun.imageio.plugins.gif.GIFImageReader#read(int, javax.imageio.ImageReadParam)#1 &amp; com.sun.imageio.plugins.png.PNGImageReader#read(int, javax.imageio.ImageReadParam)#1 &amp; com.sun.imageio.plugins.jpeg.JPEGImageReader#read(int, javax.imageio.ImageReadParam)#1 &amp; com.sun.imageio.plugins.wbmp.WBMPImageReader#read(int, javax.imageio.ImageReadParam)#1 &amp; #readAll(int, javax.imageio.ImageReadParam)#1 &amp; #readAsRenderedImage(int, javax.imageio.ImageReadParam)#1&quot;, &quot;read := com.sun.imageio.plugins.bmp.BMPImageReader#read(int, javax.imageio.ImageReadParam) &amp; com.sun.imageio.plugins.gif.GIFImageReader#read(int, javax.imageio.ImageReadParam) &amp; com.sun.imageio.plugins.png.PNGImageReader#read(int, javax.imageio.ImageReadParam) &amp; com.sun.imageio.plugins.jpeg.JPEGImageReader#read(int, javax.imageio.ImageReadParam) &amp; com.sun.imageio.plugins.wbmp.WBMPImageReader#read(int, javax.imageio.ImageReadParam)&quot; }"/>
        </annotation>
    </item>
    <item name='javax.imageio.ImageReader java.awt.image.BufferedImage readThumbnail(int, int)'>
        <annotation name='com.intellij.inspections.tainted.annotation.equation.Equations'>
            <val val="{ &quot;thumbnailIndex := com.sun.imageio.plugins.jpeg.JPEGImageReader#readThumbnail(int, int)#1&quot;, &quot;imageIndex := com.sun.imageio.plugins.jpeg.JPEGImageReader#readThumbnail(int, int)#0 &amp; #readAll(int, javax.imageio.ImageReadParam)#0&quot;, &quot;readThumbnail := com.sun.imageio.plugins.jpeg.JPEGImageReader#readThumbnail(int, int)&quot; }"/>
        </annotation>
    </item>
    <item name='javax.imageio.ImageReader java.awt.image.Raster readRaster(int, javax.imageio.ImageReadParam)'>
        <annotation name='com.intellij.inspections.tainted.annotation.equation.Equations'>
            <val val="{ &quot;imageIndex := com.sun.imageio.plugins.bmp.BMPImageReader#readRaster(int, javax.imageio.ImageReadParam)#0 &amp; com.sun.imageio.plugins.jpeg.JPEGImageReader#readRaster(int, javax.imageio.ImageReadParam)#0 &amp; com.sun.imageio.plugins.wbmp.WBMPImageReader#readRaster(int, javax.imageio.ImageReadParam)#0 &amp; #readTileRaster(int, int, int)#0&quot;, &quot;param := com.sun.imageio.plugins.bmp.BMPImageReader#readRaster(int, javax.imageio.ImageReadParam)#1 &amp; com.sun.imageio.plugins.jpeg.JPEGImageReader#readRaster(int, javax.imageio.ImageReadParam)#1 &amp; com.sun.imageio.plugins.wbmp.WBMPImageReader#readRaster(int, javax.imageio.ImageReadParam)#1&quot;, &quot;readRaster := com.sun.imageio.plugins.bmp.BMPImageReader#readRaster(int, javax.imageio.ImageReadParam) &amp; com.sun.imageio.plugins.jpeg.JPEGImageReader#readRaster(int, javax.imageio.ImageReadParam) &amp; com.sun.imageio.plugins.wbmp.WBMPImageReader#readRaster(int, javax.imageio.ImageReadParam)&quot; }"/>
        </annotation>
    </item>
    <item name='javax.imageio.ImageReader java.lang.Object getInput()'>
        <annotation name='com.intellij.inspections.tainted.annotation.equation.Equations'>
            <val val="{ &quot;getInput := ImageReader&quot; }"/>
        </annotation>
    </item>
    <item name='javax.imageio.ImageReader java.util.Iterator&lt;javax.imageio.ImageTypeSpecifier&gt; getImageTypes(int)'>
        <annotation name='com.intellij.inspections.tainted.annotation.equation.Equations'>
            <val val="{ &quot;getImageTypes := com.sun.imageio.plugins.jpeg.JPEGImageReader#getImageTypes(int) &amp; com.sun.imageio.plugins.png.PNGImageReader#getImageTypes(int) &amp; com.sun.imageio.plugins.bmp.BMPImageReader#getImageTypes(int) &amp; com.sun.imageio.plugins.gif.GIFImageReader#getImageTypes(int) &amp; com.sun.imageio.plugins.wbmp.WBMPImageReader#getImageTypes(int)&quot;, &quot;imageIndex := com.sun.imageio.plugins.jpeg.JPEGImageReader#getImageTypes(int)#0 &amp; com.sun.imageio.plugins.png.PNGImageReader#getImageTypes(int)#0 &amp; com.sun.imageio.plugins.bmp.BMPImageReader#getImageTypes(int)#0 &amp; com.sun.imageio.plugins.gif.GIFImageReader#getImageTypes(int)#0 &amp; com.sun.imageio.plugins.wbmp.WBMPImageReader#getImageTypes(int)#0&quot; }"/>
        </annotation>
    </item>
    <item name='javax.imageio.ImageReader java.util.List addToList(java.util.List, java.lang.Object)'>
        <annotation name='com.intellij.inspections.tainted.annotation.equation.Equations'>
            <val val="{ &quot;addToList := l&quot;, &quot;l := ImageWriter &amp; ImageReader&quot;, &quot;elt := ImageWriter#addIIOWriteWarningListener(javax.imageio.event.IIOWriteWarningListener)#0 &amp; ImageWriter#addIIOWriteProgressListener(javax.imageio.event.IIOWriteProgressListener)#0 &amp; #addIIOReadWarningListener(javax.imageio.event.IIOReadWarningListener)#0 &amp; #addIIOReadProgressListener(javax.imageio.event.IIOReadProgressListener)#0 &amp; #addIIOReadUpdateListener(javax.imageio.event.IIOReadUpdateListener)#0&quot; }"/>
        </annotation>
    </item>
    <item name='javax.imageio.ImageReader java.util.List removeFromList(java.util.List, java.lang.Object)'>
        <annotation name='com.intellij.inspections.tainted.annotation.equation.Equations'>
            <val val="{ &quot;l := ImageWriter &amp; ImageReader&quot;, &quot;elt := ImageWriter#removeIIOWriteProgressListener(javax.imageio.event.IIOWriteProgressListener)#0 &amp; #removeIIOReadProgressListener(javax.imageio.event.IIOReadProgressListener)#0 &amp; #removeIIOReadUpdateListener(javax.imageio.event.IIOReadUpdateListener)#0&quot;, &quot;removeFromList := l&quot; }"/>
        </annotation>
    </item>
    <item name='javax.imageio.ImageReader java.util.Locale getLocale()'>
        <annotation name='com.intellij.inspections.tainted.annotation.equation.Equations'>
            <val val="{ &quot;getLocale := ImageReader&quot; }"/>
        </annotation>
    </item>
    <item name='javax.imageio.ImageReader java.util.Locale[] getAvailableLocales()'>
        <annotation name='com.intellij.inspections.tainted.annotation.equation.Equations'>
            <val val="{ &quot;getAvailableLocales := ImageReader&quot; }"/>
        </annotation>
    </item>
    <item name='javax.imageio.ImageReader javax.imageio.ImageReadParam getDefaultReadParam()'>
        <annotation name='com.intellij.inspections.tainted.annotation.equation.Equations'>
            <val val="{ &quot;getDefaultReadParam := com.sun.imageio.plugins.bmp.BMPImageReader#getDefaultReadParam() &amp; com.sun.imageio.plugins.gif.GIFImageReader#getDefaultReadParam() &amp; com.sun.imageio.plugins.png.PNGImageReader#getDefaultReadParam() &amp; com.sun.imageio.plugins.jpeg.JPEGImageReader#getDefaultReadParam() &amp; com.sun.imageio.plugins.wbmp.WBMPImageReader#getDefaultReadParam()&quot; }"/>
        </annotation>
    </item>
    <item name='javax.imageio.ImageReader javax.imageio.ImageTypeSpecifier getRawImageType(int)'>
        <annotation name='com.intellij.inspections.tainted.annotation.equation.Equations'>
            <val val="{ &quot;imageIndex := com.sun.imageio.plugins.png.PNGImageReader#getRawImageType(int)#0 &amp; com.sun.imageio.plugins.jpeg.JPEGImageReader#getRawImageType(int)#0&quot;, &quot;getRawImageType := com.sun.imageio.plugins.png.PNGImageReader#getRawImageType(int) &amp; com.sun.imageio.plugins.jpeg.JPEGImageReader#getRawImageType(int)&quot; }"/>
        </annotation>
    </item>
    <item name='javax.imageio.ImageReader javax.imageio.metadata.IIOMetadata getImageMetadata(int)'>
        <annotation name='com.intellij.inspections.tainted.annotation.equation.Equations'>
            <val val="{ &quot;getImageMetadata := com.sun.imageio.plugins.jpeg.JPEGImageReader#getImageMetadata(int) &amp; com.sun.imageio.plugins.png.PNGImageReader#getImageMetadata(int) &amp; com.sun.imageio.plugins.bmp.BMPImageReader#getImageMetadata(int) &amp; com.sun.imageio.plugins.gif.GIFImageReader#getImageMetadata(int) &amp; com.sun.imageio.plugins.wbmp.WBMPImageReader#getImageMetadata(int)&quot;, &quot;imageIndex := com.sun.imageio.plugins.jpeg.JPEGImageReader#getImageMetadata(int)#0 &amp; com.sun.imageio.plugins.png.PNGImageReader#getImageMetadata(int)#0 &amp; com.sun.imageio.plugins.bmp.BMPImageReader#getImageMetadata(int)#0 &amp; com.sun.imageio.plugins.gif.GIFImageReader#getImageMetadata(int)#0 &amp; com.sun.imageio.plugins.wbmp.WBMPImageReader#getImageMetadata(int)#0&quot; }"/>
        </annotation>
    </item>
    <item name='javax.imageio.ImageReader javax.imageio.metadata.IIOMetadata getMetadata(java.lang.String, java.util.Set, boolean, int)'>
        <annotation name='com.intellij.inspections.tainted.annotation.equation.Equations'>
            <val val="{ &quot;formatName := #getStreamMetadata(java.lang.String, java.util.Set)#0 &amp; #getImageMetadata(int, java.lang.String, java.util.Set)#1&quot;, &quot;nodeNames := #getStreamMetadata(java.lang.String, java.util.Set)#1 &amp; #getImageMetadata(int, java.lang.String, java.util.Set)#2&quot;, &quot;imageIndex := #getImageMetadata(int, java.lang.String, java.util.Set)#0&quot; }"/>
        </annotation>
    </item>
    <item name='javax.imageio.ImageReader javax.imageio.metadata.IIOMetadata getStreamMetadata()'>
        <annotation name='com.intellij.inspections.tainted.annotation.equation.Equations'>
            <val val="{ &quot;getStreamMetadata := com.sun.imageio.plugins.bmp.BMPImageReader#getStreamMetadata() &amp; com.sun.imageio.plugins.gif.GIFImageReader#getStreamMetadata() &amp; com.sun.imageio.plugins.png.PNGImageReader#getStreamMetadata() &amp; com.sun.imageio.plugins.jpeg.JPEGImageReader#getStreamMetadata() &amp; com.sun.imageio.plugins.wbmp.WBMPImageReader#getStreamMetadata()&quot; }"/>
        </annotation>
    </item>
    <item name='javax.imageio.ImageReader javax.imageio.spi.ImageReaderSpi getOriginatingProvider()'>
        <annotation name='com.intellij.inspections.tainted.annotation.equation.Equations'>
            <val val="{ &quot;getOriginatingProvider := ImageReader&quot; }"/>
        </annotation>
    </item>
    <item name='javax.imageio.ImageReader void checkReadParamBandSettings(javax.imageio.ImageReadParam, int, int)'>
        <annotation name='com.intellij.inspections.tainted.annotation.equation.Equations'>
            <val val="{ &quot;param := com.sun.imageio.plugins.png.PNGImageReader#readImage(javax.imageio.ImageReadParam)#0 &amp; com.sun.imageio.plugins.jpeg.JPEGImageReader#readInternal(int, javax.imageio.ImageReadParam, boolean)#1&quot;, &quot;numSrcBands := com.sun.imageio.plugins.png.PNGImageReader#inputBandsForColorType &amp; com.sun.imageio.plugins.jpeg.JPEGImageReader&quot; }"/>
        </annotation>
    </item>
    <item name='javax.imageio.ImageReader void computeRegions(javax.imageio.ImageReadParam, int, int, java.awt.image.BufferedImage, java.awt.Rectangle, java.awt.Rectangle)'>
        <annotation name='com.intellij.inspections.tainted.annotation.equation.Equations'>
            <val val="{ &quot;srcRegion := com.sun.imageio.plugins.bmp.BMPImageReader &amp; com.sun.imageio.plugins.gif.GIFImageReader &amp; com.sun.imageio.plugins.png.PNGImageReader&quot;, &quot;srcWidth := com.sun.imageio.plugins.bmp.BMPImageReader &amp; com.sun.imageio.plugins.gif.GIFImageReader &amp; com.sun.imageio.plugins.png.PNGImageReader &amp; com.sun.imageio.plugins.jpeg.JPEGImageReader &amp; com.sun.imageio.plugins.wbmp.WBMPImageReader &amp; #getDestination(javax.imageio.ImageReadParam, java.util.Iterator, int, int)#2&quot;, &quot;destRegion := com.sun.imageio.plugins.bmp.BMPImageReader &amp; com.sun.imageio.plugins.gif.GIFImageReader &amp; com.sun.imageio.plugins.jpeg.JPEGImageReader&quot;, &quot;image := com.sun.imageio.plugins.gif.GIFImageReader &amp; com.sun.imageio.plugins.png.PNGImageReader &amp; com.sun.imageio.plugins.jpeg.JPEGImageReader&quot;, &quot;srcHeight := com.sun.imageio.plugins.bmp.BMPImageReader &amp; com.sun.imageio.plugins.gif.GIFImageReader &amp; com.sun.imageio.plugins.png.PNGImageReader &amp; com.sun.imageio.plugins.jpeg.JPEGImageReader &amp; com.sun.imageio.plugins.wbmp.WBMPImageReader &amp; #getDestination(javax.imageio.ImageReadParam, java.util.Iterator, int, int)#3&quot;, &quot;param := com.sun.imageio.plugins.bmp.BMPImageReader#read(int, javax.imageio.ImageReadParam)#1 &amp; com.sun.imageio.plugins.gif.GIFImageReader#read(int, javax.imageio.ImageReadParam)#1 &amp; com.sun.imageio.plugins.png.PNGImageReader#readImage(javax.imageio.ImageReadParam)#0 &amp; com.sun.imageio.plugins.jpeg.JPEGImageReader#readInternal(int, javax.imageio.ImageReadParam, boolean)#1 &amp; com.sun.imageio.plugins.wbmp.WBMPImageReader#read(int, javax.imageio.ImageReadParam)#1 &amp; #getDestination(javax.imageio.ImageReadParam, java.util.Iterator, int, int)#0&quot; }"/>
        </annotation>
    </item>
    <item name='javax.imageio.ImageReader void processImageProgress(float)'>
        <annotation name='com.intellij.inspections.tainted.annotation.equation.Equations'>
            <val val="{ &quot;percentageDone := com.sun.imageio.plugins.jpeg.JPEGImageReader &amp; com.sun.imageio.plugins.jpeg.JPEGImageReader#acceptPixels(int, boolean)#0 &amp; com.sun.imageio.plugins.gif.GIFImageReader &amp; com.sun.imageio.plugins.bmp.BMPImageReader &amp; com.sun.imageio.plugins.png.PNGImageReader&quot; }"/>
        </annotation>
    </item>
    <item name='javax.imageio.ImageReader void processImageStarted(int)'>
        <annotation name='com.intellij.inspections.tainted.annotation.equation.Equations'>
            <val val="{ &quot;imageIndex := com.sun.imageio.plugins.bmp.BMPImageReader#read(int, javax.imageio.ImageReadParam)#0 &amp; com.sun.imageio.plugins.gif.GIFImageReader#read(int, javax.imageio.ImageReadParam)#0 &amp; com.sun.imageio.plugins.jpeg.JPEGImageReader &amp; com.sun.imageio.plugins.wbmp.WBMPImageReader#read(int, javax.imageio.ImageReadParam)#0&quot; }"/>
        </annotation>
    </item>
    <item name='javax.imageio.ImageReader void processImageUpdate(java.awt.image.BufferedImage, int, int, int, int, int, int, int[])'>
        <annotation name='com.intellij.inspections.tainted.annotation.equation.Equations'>
            <val val="{ &quot;bands := com.sun.imageio.plugins.jpeg.JPEGImageReader &amp; com.sun.imageio.plugins.png.PNGImageReader&quot;, &quot;minX := com.sun.imageio.plugins.jpeg.JPEGImageReader &amp; com.sun.imageio.plugins.gif.GIFImageReader&quot;, &quot;width := com.sun.imageio.plugins.bmp.BMPImageReader &amp; com.sun.imageio.plugins.wbmp.WBMPImageReader&quot;, &quot;theImage := com.sun.imageio.plugins.jpeg.JPEGImageReader &amp; com.sun.imageio.plugins.gif.GIFImageReader &amp; com.sun.imageio.plugins.bmp.BMPImageReader &amp; com.sun.imageio.plugins.png.PNGImageReader&quot;, &quot;periodY := com.sun.imageio.plugins.gif.GIFImageReader&quot;, &quot;minY := com.sun.imageio.plugins.jpeg.JPEGImageReader &amp; com.sun.imageio.plugins.jpeg.JPEGImageReader#acceptPixels(int, boolean)#0 &amp; com.sun.imageio.plugins.gif.GIFImageReader &amp; com.sun.imageio.plugins.bmp.BMPImageReader &amp; com.sun.imageio.plugins.png.PNGImageReader &amp; com.sun.imageio.plugins.png.PNGImageReader#decodePass(int, int, int, int, int, int, int)#4 &amp; com.sun.imageio.plugins.png.PNGImageReader#decodePass(int, int, int, int, int, int, int)#2&quot;, &quot;height := com.sun.imageio.plugins.wbmp.WBMPImageReader&quot; }"/>
        </annotation>
    </item>
    <item name='javax.imageio.ImageReader void processPassComplete(java.awt.image.BufferedImage)'>
        <annotation name='com.intellij.inspections.tainted.annotation.equation.Equations'>
            <val val="{ &quot;theImage := com.sun.imageio.plugins.jpeg.JPEGImageReader &amp; com.sun.imageio.plugins.gif.GIFImageReader &amp; com.sun.imageio.plugins.png.PNGImageReader&quot; }"/>
        </annotation>
    </item>
    <item name='javax.imageio.ImageReader void processPassStarted(java.awt.image.BufferedImage, int, int, int, int, int, int, int, int[])'>
        <annotation name='com.intellij.inspections.tainted.annotation.equation.Equations'>
            <val val="{ &quot;maxPass := com.sun.imageio.plugins.jpeg.JPEGImageReader &amp; com.sun.imageio.plugins.gif.GIFImageReader &amp; com.sun.imageio.plugins.png.PNGImageReader&quot;, &quot;minPass := com.sun.imageio.plugins.jpeg.JPEGImageReader &amp; com.sun.imageio.plugins.gif.GIFImageReader &amp; com.sun.imageio.plugins.png.PNGImageReader&quot;, &quot;pass := com.sun.imageio.plugins.jpeg.JPEGImageReader#passStarted(int)#0 &amp; com.sun.imageio.plugins.gif.GIFImageReader &amp; com.sun.imageio.plugins.png.PNGImageReader#decodePass(int, int, int, int, int, int, int)#0&quot;, &quot;theImage := com.sun.imageio.plugins.jpeg.JPEGImageReader &amp; com.sun.imageio.plugins.gif.GIFImageReader &amp; com.sun.imageio.plugins.png.PNGImageReader&quot;, &quot;periodY := com.sun.imageio.plugins.gif.GIFImageReader&quot;, &quot;minY := com.sun.imageio.plugins.gif.GIFImageReader&quot;, &quot;bands := com.sun.imageio.plugins.jpeg.JPEGImageReader &amp; com.sun.imageio.plugins.png.PNGImageReader&quot; }"/>
        </annotation>
    </item>
    <item name='javax.imageio.ImageReader void processThumbnailProgress(float)'>
        <annotation name='com.intellij.inspections.tainted.annotation.equation.Equations'>
            <val val="{ &quot;percentageDone := com.sun.imageio.plugins.jpeg.JPEGImageReader#thumbnailProgress(float)#0&quot; }"/>
        </annotation>
    </item>
    <item name='javax.imageio.ImageReader void processThumbnailStarted(int, int)'>
        <annotation name='com.intellij.inspections.tainted.annotation.equation.Equations'>
            <val val="{ &quot;thumbnailIndex := com.sun.imageio.plugins.jpeg.JPEGImageReader#thumbnailStarted(int)#0&quot;, &quot;imageIndex := com.sun.imageio.plugins.jpeg.JPEGImageReader&quot; }"/>
        </annotation>
    </item>
    <item name='javax.imageio.ImageReader void processWarningOccurred(java.lang.String)'>
        <annotation name='com.intellij.inspections.tainted.annotation.equation.Equations'>
            <val val="{ &quot;warning := com.sun.imageio.plugins.jpeg.JPEGImageReader#warningWithMessage(java.lang.String)#0&quot; }"/>
        </annotation>
    </item>
    <item name='javax.imageio.ImageReader void setInput(java.lang.Object)'>
        <annotation name='com.intellij.inspections.tainted.annotation.equation.Equations'>
            <val val="{ &quot;input := com.sun.imageio.plugins.jpeg.JFIFMarkerSegment.JFIFThumbJPEG#getThumbnail(javax.imageio.stream.ImageInputStream, com.sun.imageio.plugins.jpeg.JPEGImageReader)#0&quot; }"/>
        </annotation>
    </item>
    <item name='javax.imageio.ImageReader void setInput(java.lang.Object, boolean, boolean)'>
        <annotation name='com.intellij.inspections.tainted.annotation.equation.Equations'>
            <val val="{ &quot;input := com.sun.imageio.plugins.jpeg.JPEGImageReader#setInput(java.lang.Object, boolean, boolean)#0 &amp; com.sun.imageio.plugins.png.PNGImageReader#setInput(java.lang.Object, boolean, boolean)#0 &amp; com.sun.imageio.plugins.bmp.BMPImageReader#setInput(java.lang.Object, boolean, boolean)#0 &amp; com.sun.imageio.plugins.gif.GIFImageReader#setInput(java.lang.Object, boolean, boolean)#0 &amp; com.sun.imageio.plugins.wbmp.WBMPImageReader#setInput(java.lang.Object, boolean, boolean)#0&quot; }"/>
        </annotation>
    </item>
    <item name='javax.imageio.ImageTranscoder javax.imageio.metadata.IIOMetadata convertImageMetadata(javax.imageio.metadata.IIOMetadata, javax.imageio.ImageTypeSpecifier, javax.imageio.ImageWriteParam)'>
        <annotation name='com.intellij.inspections.tainted.annotation.equation.Equations'>
            <val val="{ &quot;param := ImageWriter#convertImageMetadata(javax.imageio.metadata.IIOMetadata, javax.imageio.ImageTypeSpecifier, javax.imageio.ImageWriteParam)#2&quot;, &quot;imageType := ImageWriter#convertImageMetadata(javax.imageio.metadata.IIOMetadata, javax.imageio.ImageTypeSpecifier, javax.imageio.ImageWriteParam)#1&quot;, &quot;inData := ImageWriter#convertImageMetadata(javax.imageio.metadata.IIOMetadata, javax.imageio.ImageTypeSpecifier, javax.imageio.ImageWriteParam)#0&quot;, &quot;convertImageMetadata := ImageWriter#convertImageMetadata(javax.imageio.metadata.IIOMetadata, javax.imageio.ImageTypeSpecifier, javax.imageio.ImageWriteParam)&quot; }"/>
        </annotation>
    </item>
    <item name='javax.imageio.ImageTranscoder javax.imageio.metadata.IIOMetadata convertStreamMetadata(javax.imageio.metadata.IIOMetadata, javax.imageio.ImageWriteParam)'>
        <annotation name='com.intellij.inspections.tainted.annotation.equation.Equations'>
            <val val="{ &quot;param := ImageWriter#convertStreamMetadata(javax.imageio.metadata.IIOMetadata, javax.imageio.ImageWriteParam)#1&quot;, &quot;convertStreamMetadata := ImageWriter#convertStreamMetadata(javax.imageio.metadata.IIOMetadata, javax.imageio.ImageWriteParam)&quot;, &quot;inData := ImageWriter#convertStreamMetadata(javax.imageio.metadata.IIOMetadata, javax.imageio.ImageWriteParam)#0&quot; }"/>
        </annotation>
    </item>
    <item name='javax.imageio.ImageTypeSpecifier'>
        <annotation name='com.intellij.inspections.tainted.annotation.equation.Equations'>
            <val val="{ &quot;ImageTypeSpecifier := &quot; }"/>
        </annotation>
    </item>
    <item name='javax.imageio.ImageTypeSpecifier ImageTypeSpecifier()'>
        <annotation name='com.intellij.inspections.tainted.annotation.equation.Equations'>
            <val val="{ &quot;ImageTypeSpecifier := ImageTypeSpecifier&quot; }"/>
        </annotation>
    </item>
    <item name='javax.imageio.ImageTypeSpecifier ImageTypeSpecifier(java.awt.image.ColorModel, java.awt.image.SampleModel)'>
        <annotation name='com.intellij.inspections.tainted.annotation.equation.Equations'>
            <val val="{ &quot;sampleModel := com.sun.imageio.plugins.bmp.BMPImageWriter#canEncodeImage(int, java.awt.image.ColorModel, java.awt.image.SampleModel)#2 &amp; com.sun.imageio.plugins.bmp.BMPImageReader &amp; com.sun.imageio.plugins.bmp.BMPImageWriter#getPreferredCompressionType(java.awt.image.ColorModel, java.awt.image.SampleModel)#1 &amp; com.sun.imageio.plugins.common.ImageUtil#canEncodeImage(javax.imageio.ImageWriter, java.awt.image.ColorModel, java.awt.image.SampleModel)#2&quot;, &quot;colorModel := com.sun.imageio.plugins.bmp.BMPImageWriter#canEncodeImage(int, java.awt.image.ColorModel, java.awt.image.SampleModel)#1 &amp; com.sun.imageio.plugins.bmp.BMPImageReader &amp; com.sun.imageio.plugins.bmp.BMPImageWriter#getPreferredCompressionType(java.awt.image.ColorModel, java.awt.image.SampleModel)#0 &amp; com.sun.imageio.plugins.common.ImageUtil#canEncodeImage(javax.imageio.ImageWriter, java.awt.image.ColorModel, java.awt.image.SampleModel)#1&quot;, &quot;ImageTypeSpecifier := ImageTypeSpecifier&quot; }"/>
        </annotation>
    </item>
    <item name='javax.imageio.ImageTypeSpecifier ImageTypeSpecifier(java.awt.image.RenderedImage)'>
        <annotation name='com.intellij.inspections.tainted.annotation.equation.Equations'>
            <val val="{ &quot;image := sun.awt.datatransfer.DataTransferer#imageToStandardBytesImpl(java.awt.image.RenderedImage, java.lang.String)#0 &amp; com.sun.imageio.plugins.gif.GIFImageWriter#writeImage(java.awt.image.RenderedImage, com.sun.imageio.plugins.gif.GIFWritableImageMetadata, javax.imageio.ImageWriteParam, byte[], java.awt.Rectangle, java.awt.Dimension)#0 &amp; com.sun.imageio.plugins.common.PaletteBuilder#canCreatePalette(java.awt.image.RenderedImage)#0 &amp; com.sun.imageio.plugins.jpeg.JFIFMarkerSegment.JFIFThumbJPEG#JFIFThumbJPEG(java.awt.image.BufferedImage)#0 &amp; #createFromRenderedImage(java.awt.image.RenderedImage)#0 &amp; sun.awt.datatransfer.DataTransferer#imageToStandardBytesImpl(java.awt.image.RenderedImage, java.lang.String)#0&quot;, &quot;ImageTypeSpecifier := ImageTypeSpecifier&quot; }"/>
        </annotation>
    </item>
    <item name='javax.imageio.ImageTypeSpecifier boolean equals(java.lang.Object)'>
        <annotation name='com.intellij.inspections.tainted.annotation.equation.Equations'>
            <val val="{ &quot;o := ImageTypeSpecifier.Interleaved#equals(java.lang.Object)#0 &amp; ImageTypeSpecifier.Banded#equals(java.lang.Object)#0&quot; }"/>
        </annotation>
    </item>
    <item name='javax.imageio.ImageTypeSpecifier int hashCode()'>
        <annotation name='com.intellij.inspections.tainted.annotation.equation.Equations'>
            <val val="{ &quot;hashCode := ImageTypeSpecifier.Interleaved#hashCode() &amp; ImageTypeSpecifier.Banded#hashCode()&quot; }"/>
        </annotation>
    </item>
    <item name='javax.imageio.ImageTypeSpecifier java.awt.image.BufferedImage createBufferedImage(int, int)'>
        <annotation name='com.intellij.inspections.tainted.annotation.equation.Equations'>
            <val val="{ &quot;width := com.sun.imageio.plugins.bmp.BMPImageReader&quot;, &quot;height := com.sun.imageio.plugins.bmp.BMPImageReader&quot; }"/>
        </annotation>
    </item>
    <item name='javax.imageio.ImageTypeSpecifier java.awt.image.ColorModel createComponentCM(java.awt.color.ColorSpace, int, int, boolean, boolean)'>
        <annotation name='com.intellij.inspections.tainted.annotation.equation.Equations'>
            <val val="{ &quot;colorSpace := ImageTypeSpecifier.Interleaved#Interleaved(java.awt.color.ColorSpace, int[], int, boolean, boolean)#0 &amp; ImageTypeSpecifier.Banded#Banded(java.awt.color.ColorSpace, int[], int[], int, boolean, boolean)#0&quot;, &quot;dataType := ImageTypeSpecifier.Interleaved#Interleaved(java.awt.color.ColorSpace, int[], int, boolean, boolean)#2 &amp; ImageTypeSpecifier.Banded#Banded(java.awt.color.ColorSpace, int[], int[], int, boolean, boolean)#3&quot; }"/>
        </annotation>
    </item>
    <item name='javax.imageio.ImageTypeSpecifier java.awt.image.ColorModel getColorModel()'>
        <annotation name='com.intellij.inspections.tainted.annotation.equation.Equations'>
            <val val="{ &quot;getColorModel := ImageTypeSpecifier&quot; }"/>
        </annotation>
    </item>
    <item name='javax.imageio.ImageTypeSpecifier java.awt.image.SampleModel getSampleModel()'>
        <annotation name='com.intellij.inspections.tainted.annotation.equation.Equations'>
            <val val="{ &quot;getSampleModel := ImageTypeSpecifier&quot; }"/>
        </annotation>
    </item>
    <item name='javax.imageio.ImageTypeSpecifier java.awt.image.SampleModel getSampleModel(int, int)'>
        <annotation name='com.intellij.inspections.tainted.annotation.equation.Equations'>
            <val val="{ &quot;height := #createBufferedImage(int, int)#1&quot;, &quot;width := #createBufferedImage(int, int)#0&quot; }"/>
        </annotation>
    </item>
    <item name='javax.imageio.ImageTypeSpecifier javax.imageio.ImageTypeSpecifier createFromBufferedImageType(int)'>
        <annotation name='com.intellij.inspections.tainted.annotation.equation.Equations'>
            <val val="{ &quot;bufferedImageType := java.awt.image.BufferedImage#TYPE_3BYTE_BGR &amp; java.awt.image.BufferedImage#TYPE_INT_RGB &amp; java.awt.image.BufferedImage#TYPE_INT_BGR &amp; java.awt.image.BufferedImage#TYPE_4BYTE_ABGR &amp; java.awt.image.BufferedImage#TYPE_INT_ARGB &amp; java.awt.image.BufferedImage#TYPE_BYTE_GRAY&quot; }"/>
        </annotation>
    </item>
    <item name='javax.imageio.ImageTypeSpecifier javax.imageio.ImageTypeSpecifier createFromRenderedImage(java.awt.image.RenderedImage)'>
        <annotation name='com.intellij.inspections.tainted.annotation.equation.Equations'>
            <val val="{ &quot;image := javax.imageio.spi.ImageWriterSpi#canEncodeImage(java.awt.image.RenderedImage)#0 &amp; ImageIO#getWriter(java.awt.image.RenderedImage, java.lang.String)#0&quot; }"/>
        </annotation>
    </item>
    <item name='javax.imageio.ImageTypeSpecifier javax.imageio.ImageTypeSpecifier createGrayscale(int, int, boolean)'>
        <annotation name='com.intellij.inspections.tainted.annotation.equation.Equations'>
            <val val="{ &quot;bits := com.sun.imageio.plugins.png.PNGImageReader&quot;, &quot;dataType := java.awt.image.DataBuffer#TYPE_BYTE &amp; java.awt.image.DataBuffer#TYPE_USHORT&quot; }"/>
        </annotation>
    </item>
    <item name='javax.imageio.ImageTypeSpecifier javax.imageio.ImageTypeSpecifier createIndexed(byte[], byte[], byte[], byte[], int, int)'>
        <annotation name='com.intellij.inspections.tainted.annotation.equation.Equations'>
            <val val="{ &quot;blueLUT := com.sun.imageio.plugins.png.PNGImageReader&quot;, &quot;alphaLUT := com.sun.imageio.plugins.png.PNGImageReader&quot;, &quot;bits := com.sun.imageio.plugins.png.PNGImageReader&quot;, &quot;greenLUT := com.sun.imageio.plugins.png.PNGImageReader&quot;, &quot;dataType := java.awt.image.DataBuffer#TYPE_BYTE&quot;, &quot;redLUT := com.sun.imageio.plugins.png.PNGImageReader&quot; }"/>
        </annotation>
    </item>
    <item name='javax.imageio.ImageTypeSpecifier javax.imageio.ImageTypeSpecifier createInterleaved(java.awt.color.ColorSpace, int[], int, boolean, boolean)'>
        <annotation name='com.intellij.inspections.tainted.annotation.equation.Equations'>
            <val val="{ &quot;colorSpace := com.sun.imageio.plugins.jpeg.JPEGImageReader &amp; com.sun.imageio.plugins.jpeg.JPEG.JCS#sRGB &amp; ImageTypeSpecifier&quot;, &quot;bandOffsets := com.sun.imageio.plugins.jpeg.JPEG#bOffsRGB &amp; com.sun.imageio.plugins.jpeg.JPEG#bandOffsets&quot;, &quot;dataType := java.awt.image.DataBuffer#TYPE_BYTE &amp; java.awt.image.DataBuffer#TYPE_USHORT&quot; }"/>
        </annotation>
    </item>
    <item name='javax.imageio.ImageTypeSpecifier javax.imageio.ImageTypeSpecifier createPacked(java.awt.color.ColorSpace, int, int, int, int, int, boolean)'>
        <annotation name='com.intellij.inspections.tainted.annotation.equation.Equations'>
            <val val="{ &quot;transferType := java.awt.image.DataBuffer#TYPE_INT &amp; java.awt.image.DataBuffer#TYPE_USHORT&quot;, &quot;colorSpace := com.sun.imageio.plugins.jpeg.JPEG.JCS#sRGB &amp; ImageTypeSpecifier&quot; }"/>
        </annotation>
    </item>
    <item name='javax.imageio.ImageTypeSpecifier javax.imageio.ImageTypeSpecifier createSpecifier(int)'>
        <annotation name='com.intellij.inspections.tainted.annotation.equation.Equations'>
            <val val="{ &quot;type := #getSpecifier(int)#0&quot; }"/>
        </annotation>
    </item>
    <item name='javax.imageio.ImageTypeSpecifier javax.imageio.ImageTypeSpecifier getSpecifier(int)'>
        <annotation name='com.intellij.inspections.tainted.annotation.equation.Equations'>
            <val val="{ &quot;type := #createFromBufferedImageType(int)#0&quot;, &quot;getSpecifier := ImageTypeSpecifier&quot; }"/>
        </annotation>
    </item>
    <item name='javax.imageio.ImageTypeSpecifier.Banded Banded(java.awt.color.ColorSpace, int[], int[], int, boolean, boolean)'>
        <annotation name='com.intellij.inspections.tainted.annotation.equation.Equations'>
            <val val="{ &quot;bandOffsets := ImageTypeSpecifier#createBanded(java.awt.color.ColorSpace, int[], int[], int, boolean, boolean)#2&quot;, &quot;Banded := ImageTypeSpecifier.Banded&quot;, &quot;colorSpace := ImageTypeSpecifier#createBanded(java.awt.color.ColorSpace, int[], int[], int, boolean, boolean)#0&quot;, &quot;bankIndices := ImageTypeSpecifier#createBanded(java.awt.color.ColorSpace, int[], int[], int, boolean, boolean)#1&quot;, &quot;dataType := ImageTypeSpecifier#createBanded(java.awt.color.ColorSpace, int[], int[], int, boolean, boolean)#3&quot; }"/>
        </annotation>
    </item>
    <item name='javax.imageio.ImageTypeSpecifier.Banded int hashCode()'>
        <annotation name='com.intellij.inspections.tainted.annotation.equation.Equations'>
            <val val="{ &quot;hashCode := ImageTypeSpecifier.Banded&quot; }"/>
        </annotation>
    </item>
    <item name='javax.imageio.ImageTypeSpecifier.Grayscale Grayscale(int, int, boolean, boolean, boolean)'>
        <annotation name='com.intellij.inspections.tainted.annotation.equation.Equations'>
            <val val="{ &quot;Grayscale := ImageTypeSpecifier.Grayscale&quot;, &quot;bits := ImageTypeSpecifier#createGrayscale(int, int, boolean)#0 &amp; ImageTypeSpecifier#createGrayscale(int, int, boolean, boolean)#0&quot;, &quot;dataType := ImageTypeSpecifier#createGrayscale(int, int, boolean)#1 &amp; ImageTypeSpecifier#createGrayscale(int, int, boolean, boolean)#1&quot; }"/>
        </annotation>
    </item>
    <item name='javax.imageio.ImageTypeSpecifier.Indexed Indexed(byte[], byte[], byte[], byte[], int, int)'>
        <annotation name='com.intellij.inspections.tainted.annotation.equation.Equations'>
            <val val="{ &quot;bits := ImageTypeSpecifier#createIndexed(byte[], byte[], byte[], byte[], int, int)#4&quot;, &quot;alphaLUT := ImageTypeSpecifier#createIndexed(byte[], byte[], byte[], byte[], int, int)#3&quot;, &quot;dataType := ImageTypeSpecifier#createIndexed(byte[], byte[], byte[], byte[], int, int)#5&quot;, &quot;greenLUT := ImageTypeSpecifier#createIndexed(byte[], byte[], byte[], byte[], int, int)#1&quot;, &quot;blueLUT := ImageTypeSpecifier#createIndexed(byte[], byte[], byte[], byte[], int, int)#2&quot;, &quot;redLUT := ImageTypeSpecifier#createIndexed(byte[], byte[], byte[], byte[], int, int)#0&quot;, &quot;Indexed := ImageTypeSpecifier.Indexed&quot; }"/>
        </annotation>
    </item>
    <item name='javax.imageio.ImageTypeSpecifier.Interleaved Interleaved(java.awt.color.ColorSpace, int[], int, boolean, boolean)'>
        <annotation name='com.intellij.inspections.tainted.annotation.equation.Equations'>
            <val val="{ &quot;bandOffsets := ImageTypeSpecifier#createInterleaved(java.awt.color.ColorSpace, int[], int, boolean, boolean)#1&quot;, &quot;Interleaved := ImageTypeSpecifier.Interleaved&quot;, &quot;colorSpace := ImageTypeSpecifier#createInterleaved(java.awt.color.ColorSpace, int[], int, boolean, boolean)#0&quot;, &quot;dataType := ImageTypeSpecifier#createInterleaved(java.awt.color.ColorSpace, int[], int, boolean, boolean)#2&quot; }"/>
        </annotation>
    </item>
    <item name='javax.imageio.ImageTypeSpecifier.Interleaved int hashCode()'>
        <annotation name='com.intellij.inspections.tainted.annotation.equation.Equations'>
            <val val="{ &quot;hashCode := ImageTypeSpecifier.Interleaved&quot; }"/>
        </annotation>
    </item>
    <item name='javax.imageio.ImageTypeSpecifier.Packed Packed(java.awt.color.ColorSpace, int, int, int, int, int, boolean)'>
        <annotation name='com.intellij.inspections.tainted.annotation.equation.Equations'>
            <val val="{ &quot;Packed := ImageTypeSpecifier.Packed&quot;, &quot;alphaMask := ImageTypeSpecifier#createPacked(java.awt.color.ColorSpace, int, int, int, int, int, boolean)#4&quot;, &quot;blueMask := ImageTypeSpecifier#createPacked(java.awt.color.ColorSpace, int, int, int, int, int, boolean)#3&quot;, &quot;redMask := ImageTypeSpecifier#createPacked(java.awt.color.ColorSpace, int, int, int, int, int, boolean)#1&quot;, &quot;greenMask := ImageTypeSpecifier#createPacked(java.awt.color.ColorSpace, int, int, int, int, int, boolean)#2&quot;, &quot;transferType := ImageTypeSpecifier#createPacked(java.awt.color.ColorSpace, int, int, int, int, int, boolean)#5&quot;, &quot;colorSpace := ImageTypeSpecifier#createPacked(java.awt.color.ColorSpace, int, int, int, int, int, boolean)#0&quot; }"/>
        </annotation>
    </item>
    <item name='javax.imageio.ImageWriteParam'>
        <annotation name='com.intellij.inspections.tainted.annotation.equation.Equations'>
            <val val="{ &quot;ImageWriteParam := #MODE_COPY_FROM_METADATA &amp; #setTilingMode(int)#0 &amp; #setTiling(int, int, int, int)#0 &amp; #setTiling(int, int, int, int)#1 &amp; #setTiling(int, int, int, int)#2 &amp; #setTiling(int, int, int, int)#3 &amp; #setProgressiveMode(int)#0 &amp; #setCompressionType(java.lang.String)#0 &amp; #setCompressionQuality(float)#0&quot; }"/>
        </annotation>
    </item>
    <item name='javax.imageio.ImageWriteParam ImageWriteParam()'>
        <annotation name='com.intellij.inspections.tainted.annotation.equation.Equations'>
            <val val="{ &quot;ImageWriteParam := ImageWriteParam&quot; }"/>
        </annotation>
    </item>
    <item name='javax.imageio.ImageWriteParam ImageWriteParam(java.util.Locale)'>
        <annotation name='com.intellij.inspections.tainted.annotation.equation.Equations'>
            <val val="{ &quot;locale := com.sun.imageio.plugins.gif.GIFImageWriteParam#GIFImageWriteParam(java.util.Locale)#0 &amp; javax.imageio.plugins.bmp.BMPImageWriteParam#BMPImageWriteParam(java.util.Locale)#0 &amp; javax.imageio.plugins.jpeg.JPEGImageWriteParam#JPEGImageWriteParam(java.util.Locale)#0&quot;, &quot;ImageWriteParam := ImageWriteParam&quot; }"/>
        </annotation>
    </item>
    <item name='javax.imageio.ImageWriteParam float getCompressionQuality()'>
        <annotation name='com.intellij.inspections.tainted.annotation.equation.Equations'>
            <val val="{ &quot;getCompressionQuality := ImageWriteParam&quot; }"/>
        </annotation>
    </item>
    <item name='javax.imageio.ImageWriteParam float[] getCompressionQualityValues()'>
        <annotation name='com.intellij.inspections.tainted.annotation.equation.Equations'>
            <val val="{ &quot;getCompressionQualityValues := javax.imageio.plugins.jpeg.JPEGImageWriteParam#getCompressionQualityValues()&quot; }"/>
        </annotation>
    </item>
    <item name='javax.imageio.ImageWriteParam int getCompressionMode()'>
        <annotation name='com.intellij.inspections.tainted.annotation.equation.Equations'>
            <val val="{ &quot;getCompressionMode := ImageWriteParam&quot; }"/>
        </annotation>
    </item>
    <item name='javax.imageio.ImageWriteParam int getProgressiveMode()'>
        <annotation name='com.intellij.inspections.tainted.annotation.equation.Equations'>
            <val val="{ &quot;getProgressiveMode := ImageWriteParam&quot; }"/>
        </annotation>
    </item>
    <item name='javax.imageio.ImageWriteParam int getTileGridXOffset()'>
        <annotation name='com.intellij.inspections.tainted.annotation.equation.Equations'>
            <val val="{ &quot;getTileGridXOffset := ImageWriteParam&quot; }"/>
        </annotation>
    </item>
    <item name='javax.imageio.ImageWriteParam int getTileGridYOffset()'>
        <annotation name='com.intellij.inspections.tainted.annotation.equation.Equations'>
            <val val="{ &quot;getTileGridYOffset := ImageWriteParam&quot; }"/>
        </annotation>
    </item>
    <item name='javax.imageio.ImageWriteParam int getTileHeight()'>
        <annotation name='com.intellij.inspections.tainted.annotation.equation.Equations'>
            <val val="{ &quot;getTileHeight := ImageWriteParam&quot; }"/>
        </annotation>
    </item>
    <item name='javax.imageio.ImageWriteParam int getTileWidth()'>
        <annotation name='com.intellij.inspections.tainted.annotation.equation.Equations'>
            <val val="{ &quot;getTileWidth := ImageWriteParam&quot; }"/>
        </annotation>
    </item>
    <item name='javax.imageio.ImageWriteParam int getTilingMode()'>
        <annotation name='com.intellij.inspections.tainted.annotation.equation.Equations'>
            <val val="{ &quot;getTilingMode := ImageWriteParam&quot; }"/>
        </annotation>
    </item>
    <item name='javax.imageio.ImageWriteParam java.awt.Dimension[] clonePreferredTileSizes(java.awt.Dimension[])'>
        <annotation name='com.intellij.inspections.tainted.annotation.equation.Equations'>
            <val val="{ &quot;sizes := ImageWriteParam&quot; }"/>
        </annotation>
    </item>
    <item name='javax.imageio.ImageWriteParam java.lang.String getCompressionType()'>
        <annotation name='com.intellij.inspections.tainted.annotation.equation.Equations'>
            <val val="{ &quot;getCompressionType := ImageWriteParam&quot; }"/>
        </annotation>
    </item>
    <item name='javax.imageio.ImageWriteParam java.lang.String[] getCompressionQualityDescriptions()'>
        <annotation name='com.intellij.inspections.tainted.annotation.equation.Equations'>
            <val val="{ &quot;getCompressionQualityDescriptions := javax.imageio.plugins.jpeg.JPEGImageWriteParam#getCompressionQualityDescriptions()&quot; }"/>
        </annotation>
    </item>
    <item name='javax.imageio.ImageWriteParam java.lang.String[] getCompressionTypes()'>
        <annotation name='com.intellij.inspections.tainted.annotation.equation.Equations'>
            <val val="{ &quot;getCompressionTypes := ImageWriteParam&quot; }"/>
        </annotation>
    </item>
    <item name='javax.imageio.ImageWriteParam java.util.Locale getLocale()'>
        <annotation name='com.intellij.inspections.tainted.annotation.equation.Equations'>
            <val val="{ &quot;getLocale := ImageWriteParam&quot; }"/>
        </annotation>
    </item>
    <item name='javax.imageio.ImageWriteParam void setCompressionMode(int)'>
        <annotation name='com.intellij.inspections.tainted.annotation.equation.Equations'>
            <val val="{ &quot;mode := com.sun.imageio.plugins.gif.GIFImageWriteParam#setCompressionMode(int)#0&quot; }"/>
        </annotation>
    </item>
    <item name='javax.imageio.ImageWriter'>
        <annotation name='com.intellij.inspections.tainted.annotation.equation.Equations'>
            <val val="{ &quot;ImageWriter := #setLocale(java.util.Locale)#0&quot; }"/>
        </annotation>
    </item>
    <item name='javax.imageio.ImageWriter ImageWriter(javax.imageio.spi.ImageWriterSpi)'>
        <annotation name='com.intellij.inspections.tainted.annotation.equation.Equations'>
            <val val="{ &quot;originatingProvider := com.sun.imageio.plugins.bmp.BMPImageWriter#BMPImageWriter(javax.imageio.spi.ImageWriterSpi)#0 &amp; com.sun.imageio.plugins.gif.GIFImageWriter#GIFImageWriter(com.sun.imageio.plugins.gif.GIFImageWriterSpi)#0 &amp; com.sun.imageio.plugins.png.PNGImageWriter#PNGImageWriter(javax.imageio.spi.ImageWriterSpi)#0 &amp; com.sun.imageio.plugins.jpeg.JPEGImageWriter#JPEGImageWriter(javax.imageio.spi.ImageWriterSpi)#0 &amp; com.sun.imageio.plugins.wbmp.WBMPImageWriter#WBMPImageWriter(javax.imageio.spi.ImageWriterSpi)#0&quot;, &quot;ImageWriter := ImageWriter&quot; }"/>
        </annotation>
    </item>
    <item name='javax.imageio.ImageWriter int getNumThumbnailsSupported(javax.imageio.ImageTypeSpecifier, javax.imageio.ImageWriteParam, javax.imageio.metadata.IIOMetadata, javax.imageio.metadata.IIOMetadata)'>
        <annotation name='com.intellij.inspections.tainted.annotation.equation.Equations'>
            <val val="{ &quot;imageMetadata := com.sun.imageio.plugins.jpeg.JPEGImageWriter#getNumThumbnailsSupported(javax.imageio.ImageTypeSpecifier, javax.imageio.ImageWriteParam, javax.imageio.metadata.IIOMetadata, javax.imageio.metadata.IIOMetadata)#3&quot;, &quot;param := com.sun.imageio.plugins.jpeg.JPEGImageWriter#getNumThumbnailsSupported(javax.imageio.ImageTypeSpecifier, javax.imageio.ImageWriteParam, javax.imageio.metadata.IIOMetadata, javax.imageio.metadata.IIOMetadata)#1&quot;, &quot;imageType := com.sun.imageio.plugins.jpeg.JPEGImageWriter#getNumThumbnailsSupported(javax.imageio.ImageTypeSpecifier, javax.imageio.ImageWriteParam, javax.imageio.metadata.IIOMetadata, javax.imageio.metadata.IIOMetadata)#0&quot;, &quot;getNumThumbnailsSupported := com.sun.imageio.plugins.jpeg.JPEGImageWriter#getNumThumbnailsSupported(javax.imageio.ImageTypeSpecifier, javax.imageio.ImageWriteParam, javax.imageio.metadata.IIOMetadata, javax.imageio.metadata.IIOMetadata)&quot;, &quot;streamMetadata := com.sun.imageio.plugins.jpeg.JPEGImageWriter#getNumThumbnailsSupported(javax.imageio.ImageTypeSpecifier, javax.imageio.ImageWriteParam, javax.imageio.metadata.IIOMetadata, javax.imageio.metadata.IIOMetadata)#2&quot; }"/>
        </annotation>
    </item>
    <item name='javax.imageio.ImageWriter java.awt.Dimension[] getPreferredThumbnailSizes(javax.imageio.ImageTypeSpecifier, javax.imageio.ImageWriteParam, javax.imageio.metadata.IIOMetadata, javax.imageio.metadata.IIOMetadata)'>
        <annotation name='com.intellij.inspections.tainted.annotation.equation.Equations'>
            <val val="{ &quot;getPreferredThumbnailSizes := com.sun.imageio.plugins.jpeg.JPEGImageWriter#getPreferredThumbnailSizes(javax.imageio.ImageTypeSpecifier, javax.imageio.ImageWriteParam, javax.imageio.metadata.IIOMetadata, javax.imageio.metadata.IIOMetadata)&quot;, &quot;streamMetadata := com.sun.imageio.plugins.jpeg.JPEGImageWriter#getPreferredThumbnailSizes(javax.imageio.ImageTypeSpecifier, javax.imageio.ImageWriteParam, javax.imageio.metadata.IIOMetadata, javax.imageio.metadata.IIOMetadata)#2&quot;, &quot;param := com.sun.imageio.plugins.jpeg.JPEGImageWriter#getPreferredThumbnailSizes(javax.imageio.ImageTypeSpecifier, javax.imageio.ImageWriteParam, javax.imageio.metadata.IIOMetadata, javax.imageio.metadata.IIOMetadata)#1&quot;, &quot;imageType := com.sun.imageio.plugins.jpeg.JPEGImageWriter#getPreferredThumbnailSizes(javax.imageio.ImageTypeSpecifier, javax.imageio.ImageWriteParam, javax.imageio.metadata.IIOMetadata, javax.imageio.metadata.IIOMetadata)#0&quot;, &quot;imageMetadata := com.sun.imageio.plugins.jpeg.JPEGImageWriter#getPreferredThumbnailSizes(javax.imageio.ImageTypeSpecifier, javax.imageio.ImageWriteParam, javax.imageio.metadata.IIOMetadata, javax.imageio.metadata.IIOMetadata)#3&quot; }"/>
        </annotation>
    </item>
    <item name='javax.imageio.ImageWriter java.lang.Object getOutput()'>
        <annotation name='com.intellij.inspections.tainted.annotation.equation.Equations'>
            <val val="{ &quot;getOutput := ImageWriter&quot; }"/>
        </annotation>
    </item>
    <item name='javax.imageio.ImageWriter java.util.Locale getLocale()'>
        <annotation name='com.intellij.inspections.tainted.annotation.equation.Equations'>
            <val val="{ &quot;getLocale := ImageWriter&quot; }"/>
        </annotation>
    </item>
    <item name='javax.imageio.ImageWriter java.util.Locale[] getAvailableLocales()'>
        <annotation name='com.intellij.inspections.tainted.annotation.equation.Equations'>
            <val val="{ &quot;getAvailableLocales := ImageWriter&quot; }"/>
        </annotation>
    </item>
    <item name='javax.imageio.ImageWriter javax.imageio.ImageWriteParam getDefaultWriteParam()'>
        <annotation name='com.intellij.inspections.tainted.annotation.equation.Equations'>
            <val val="{ &quot;getDefaultWriteParam := com.sun.imageio.plugins.jpeg.JPEGImageWriter#getDefaultWriteParam() &amp; com.sun.imageio.plugins.png.PNGImageWriter#getDefaultWriteParam() &amp; com.sun.imageio.plugins.gif.GIFImageWriter#getDefaultWriteParam() &amp; com.sun.imageio.plugins.bmp.BMPImageWriter#getDefaultWriteParam()&quot; }"/>
        </annotation>
    </item>
    <item name='javax.imageio.ImageWriter javax.imageio.metadata.IIOMetadata convertImageMetadata(javax.imageio.metadata.IIOMetadata, javax.imageio.ImageTypeSpecifier, javax.imageio.ImageWriteParam)'>
        <annotation name='com.intellij.inspections.tainted.annotation.equation.Equations'>
            <val val="{ &quot;param := com.sun.imageio.plugins.bmp.BMPImageWriter#convertImageMetadata(javax.imageio.metadata.IIOMetadata, javax.imageio.ImageTypeSpecifier, javax.imageio.ImageWriteParam)#2 &amp; com.sun.imageio.plugins.gif.GIFImageWriter#convertImageMetadata(javax.imageio.metadata.IIOMetadata, javax.imageio.ImageTypeSpecifier, javax.imageio.ImageWriteParam)#2 &amp; com.sun.imageio.plugins.png.PNGImageWriter#convertImageMetadata(javax.imageio.metadata.IIOMetadata, javax.imageio.ImageTypeSpecifier, javax.imageio.ImageWriteParam)#2 &amp; com.sun.imageio.plugins.jpeg.JPEGImageWriter#convertImageMetadata(javax.imageio.metadata.IIOMetadata, javax.imageio.ImageTypeSpecifier, javax.imageio.ImageWriteParam)#2 &amp; com.sun.imageio.plugins.wbmp.WBMPImageWriter#convertImageMetadata(javax.imageio.metadata.IIOMetadata, javax.imageio.ImageTypeSpecifier, javax.imageio.ImageWriteParam)#2&quot;, &quot;convertImageMetadata := com.sun.imageio.plugins.bmp.BMPImageWriter#convertImageMetadata(javax.imageio.metadata.IIOMetadata, javax.imageio.ImageTypeSpecifier, javax.imageio.ImageWriteParam) &amp; com.sun.imageio.plugins.gif.GIFImageWriter#convertImageMetadata(javax.imageio.metadata.IIOMetadata, javax.imageio.ImageTypeSpecifier, javax.imageio.ImageWriteParam) &amp; com.sun.imageio.plugins.png.PNGImageWriter#convertImageMetadata(javax.imageio.metadata.IIOMetadata, javax.imageio.ImageTypeSpecifier, javax.imageio.ImageWriteParam) &amp; com.sun.imageio.plugins.jpeg.JPEGImageWriter#convertImageMetadata(javax.imageio.metadata.IIOMetadata, javax.imageio.ImageTypeSpecifier, javax.imageio.ImageWriteParam) &amp; com.sun.imageio.plugins.wbmp.WBMPImageWriter#convertImageMetadata(javax.imageio.metadata.IIOMetadata, javax.imageio.ImageTypeSpecifier, javax.imageio.ImageWriteParam)&quot;, &quot;inData := com.sun.imageio.plugins.bmp.BMPImageWriter#convertImageMetadata(javax.imageio.metadata.IIOMetadata, javax.imageio.ImageTypeSpecifier, javax.imageio.ImageWriteParam)#0 &amp; com.sun.imageio.plugins.gif.GIFImageWriter#convertImageMetadata(javax.imageio.metadata.IIOMetadata, javax.imageio.ImageTypeSpecifier, javax.imageio.ImageWriteParam)#0 &amp; com.sun.imageio.plugins.png.PNGImageWriter#convertImageMetadata(javax.imageio.metadata.IIOMetadata, javax.imageio.ImageTypeSpecifier, javax.imageio.ImageWriteParam)#0 &amp; com.sun.imageio.plugins.jpeg.JPEGImageWriter#convertImageMetadata(javax.imageio.metadata.IIOMetadata, javax.imageio.ImageTypeSpecifier, javax.imageio.ImageWriteParam)#0 &amp; com.sun.imageio.plugins.wbmp.WBMPImageWriter#convertImageMetadata(javax.imageio.metadata.IIOMetadata, javax.imageio.ImageTypeSpecifier, javax.imageio.ImageWriteParam)#0&quot;, &quot;imageType := com.sun.imageio.plugins.bmp.BMPImageWriter#convertImageMetadata(javax.imageio.metadata.IIOMetadata, javax.imageio.ImageTypeSpecifier, javax.imageio.ImageWriteParam)#1 &amp; com.sun.imageio.plugins.gif.GIFImageWriter#convertImageMetadata(javax.imageio.metadata.IIOMetadata, javax.imageio.ImageTypeSpecifier, javax.imageio.ImageWriteParam)#1 &amp; com.sun.imageio.plugins.png.PNGImageWriter#convertImageMetadata(javax.imageio.metadata.IIOMetadata, javax.imageio.ImageTypeSpecifier, javax.imageio.ImageWriteParam)#1 &amp; com.sun.imageio.plugins.jpeg.JPEGImageWriter#convertImageMetadata(javax.imageio.metadata.IIOMetadata, javax.imageio.ImageTypeSpecifier, javax.imageio.ImageWriteParam)#1 &amp; com.sun.imageio.plugins.wbmp.WBMPImageWriter#convertImageMetadata(javax.imageio.metadata.IIOMetadata, javax.imageio.ImageTypeSpecifier, javax.imageio.ImageWriteParam)#1&quot; }"/>
        </annotation>
    </item>
    <item name='javax.imageio.ImageWriter javax.imageio.metadata.IIOMetadata convertStreamMetadata(javax.imageio.metadata.IIOMetadata, javax.imageio.ImageWriteParam)'>
        <annotation name='com.intellij.inspections.tainted.annotation.equation.Equations'>
            <val val="{ &quot;inData := com.sun.imageio.plugins.bmp.BMPImageWriter#convertStreamMetadata(javax.imageio.metadata.IIOMetadata, javax.imageio.ImageWriteParam)#0 &amp; com.sun.imageio.plugins.gif.GIFImageWriter#convertStreamMetadata(javax.imageio.metadata.IIOMetadata, javax.imageio.ImageWriteParam)#0 &amp; com.sun.imageio.plugins.png.PNGImageWriter#convertStreamMetadata(javax.imageio.metadata.IIOMetadata, javax.imageio.ImageWriteParam)#0 &amp; com.sun.imageio.plugins.jpeg.JPEGImageWriter#convertStreamMetadata(javax.imageio.metadata.IIOMetadata, javax.imageio.ImageWriteParam)#0 &amp; com.sun.imageio.plugins.wbmp.WBMPImageWriter#convertStreamMetadata(javax.imageio.metadata.IIOMetadata, javax.imageio.ImageWriteParam)#0&quot;, &quot;param := com.sun.imageio.plugins.bmp.BMPImageWriter#convertStreamMetadata(javax.imageio.metadata.IIOMetadata, javax.imageio.ImageWriteParam)#1 &amp; com.sun.imageio.plugins.gif.GIFImageWriter#convertStreamMetadata(javax.imageio.metadata.IIOMetadata, javax.imageio.ImageWriteParam)#1 &amp; com.sun.imageio.plugins.png.PNGImageWriter#convertStreamMetadata(javax.imageio.metadata.IIOMetadata, javax.imageio.ImageWriteParam)#1 &amp; com.sun.imageio.plugins.jpeg.JPEGImageWriter#convertStreamMetadata(javax.imageio.metadata.IIOMetadata, javax.imageio.ImageWriteParam)#1 &amp; com.sun.imageio.plugins.wbmp.WBMPImageWriter#convertStreamMetadata(javax.imageio.metadata.IIOMetadata, javax.imageio.ImageWriteParam)#1&quot;, &quot;convertStreamMetadata := com.sun.imageio.plugins.bmp.BMPImageWriter#convertStreamMetadata(javax.imageio.metadata.IIOMetadata, javax.imageio.ImageWriteParam) &amp; com.sun.imageio.plugins.gif.GIFImageWriter#convertStreamMetadata(javax.imageio.metadata.IIOMetadata, javax.imageio.ImageWriteParam) &amp; com.sun.imageio.plugins.png.PNGImageWriter#convertStreamMetadata(javax.imageio.metadata.IIOMetadata, javax.imageio.ImageWriteParam) &amp; com.sun.imageio.plugins.jpeg.JPEGImageWriter#convertStreamMetadata(javax.imageio.metadata.IIOMetadata, javax.imageio.ImageWriteParam) &amp; com.sun.imageio.plugins.wbmp.WBMPImageWriter#convertStreamMetadata(javax.imageio.metadata.IIOMetadata, javax.imageio.ImageWriteParam)&quot; }"/>
        </annotation>
    </item>
    <item name='javax.imageio.ImageWriter javax.imageio.metadata.IIOMetadata getDefaultImageMetadata(javax.imageio.ImageTypeSpecifier, javax.imageio.ImageWriteParam)'>
        <annotation name='com.intellij.inspections.tainted.annotation.equation.Equations'>
            <val val="{ &quot;param := com.sun.imageio.plugins.bmp.BMPImageWriter#getDefaultImageMetadata(javax.imageio.ImageTypeSpecifier, javax.imageio.ImageWriteParam)#1 &amp; com.sun.imageio.plugins.gif.GIFImageWriter#getDefaultImageMetadata(javax.imageio.ImageTypeSpecifier, javax.imageio.ImageWriteParam)#1 &amp; com.sun.imageio.plugins.png.PNGImageWriter#getDefaultImageMetadata(javax.imageio.ImageTypeSpecifier, javax.imageio.ImageWriteParam)#1 &amp; com.sun.imageio.plugins.jpeg.JPEGImageWriter#getDefaultImageMetadata(javax.imageio.ImageTypeSpecifier, javax.imageio.ImageWriteParam)#1 &amp; com.sun.imageio.plugins.wbmp.WBMPImageWriter#getDefaultImageMetadata(javax.imageio.ImageTypeSpecifier, javax.imageio.ImageWriteParam)#1&quot;, &quot;imageType := com.sun.imageio.plugins.bmp.BMPImageWriter#getDefaultImageMetadata(javax.imageio.ImageTypeSpecifier, javax.imageio.ImageWriteParam)#0 &amp; com.sun.imageio.plugins.gif.GIFImageWriter#getDefaultImageMetadata(javax.imageio.ImageTypeSpecifier, javax.imageio.ImageWriteParam)#0 &amp; com.sun.imageio.plugins.png.PNGImageWriter#getDefaultImageMetadata(javax.imageio.ImageTypeSpecifier, javax.imageio.ImageWriteParam)#0 &amp; com.sun.imageio.plugins.jpeg.JPEGImageWriter#getDefaultImageMetadata(javax.imageio.ImageTypeSpecifier, javax.imageio.ImageWriteParam)#0 &amp; com.sun.imageio.plugins.wbmp.WBMPImageWriter#getDefaultImageMetadata(javax.imageio.ImageTypeSpecifier, javax.imageio.ImageWriteParam)#0&quot;, &quot;getDefaultImageMetadata := com.sun.imageio.plugins.bmp.BMPImageWriter#getDefaultImageMetadata(javax.imageio.ImageTypeSpecifier, javax.imageio.ImageWriteParam) &amp; com.sun.imageio.plugins.gif.GIFImageWriter#getDefaultImageMetadata(javax.imageio.ImageTypeSpecifier, javax.imageio.ImageWriteParam) &amp; com.sun.imageio.plugins.png.PNGImageWriter#getDefaultImageMetadata(javax.imageio.ImageTypeSpecifier, javax.imageio.ImageWriteParam) &amp; com.sun.imageio.plugins.jpeg.JPEGImageWriter#getDefaultImageMetadata(javax.imageio.ImageTypeSpecifier, javax.imageio.ImageWriteParam) &amp; com.sun.imageio.plugins.wbmp.WBMPImageWriter#getDefaultImageMetadata(javax.imageio.ImageTypeSpecifier, javax.imageio.ImageWriteParam)&quot; }"/>
        </annotation>
    </item>
    <item name='javax.imageio.ImageWriter javax.imageio.metadata.IIOMetadata getDefaultStreamMetadata(javax.imageio.ImageWriteParam)'>
        <annotation name='com.intellij.inspections.tainted.annotation.equation.Equations'>
            <val val="{ &quot;param := com.sun.imageio.plugins.bmp.BMPImageWriter#getDefaultStreamMetadata(javax.imageio.ImageWriteParam)#0 &amp; com.sun.imageio.plugins.gif.GIFImageWriter#getDefaultStreamMetadata(javax.imageio.ImageWriteParam)#0 &amp; com.sun.imageio.plugins.png.PNGImageWriter#getDefaultStreamMetadata(javax.imageio.ImageWriteParam)#0 &amp; com.sun.imageio.plugins.jpeg.JPEGImageWriter#getDefaultStreamMetadata(javax.imageio.ImageWriteParam)#0 &amp; com.sun.imageio.plugins.wbmp.WBMPImageWriter#getDefaultStreamMetadata(javax.imageio.ImageWriteParam)#0&quot;, &quot;getDefaultStreamMetadata := com.sun.imageio.plugins.bmp.BMPImageWriter#getDefaultStreamMetadata(javax.imageio.ImageWriteParam) &amp; com.sun.imageio.plugins.gif.GIFImageWriter#getDefaultStreamMetadata(javax.imageio.ImageWriteParam) &amp; com.sun.imageio.plugins.png.PNGImageWriter#getDefaultStreamMetadata(javax.imageio.ImageWriteParam) &amp; com.sun.imageio.plugins.jpeg.JPEGImageWriter#getDefaultStreamMetadata(javax.imageio.ImageWriteParam) &amp; com.sun.imageio.plugins.wbmp.WBMPImageWriter#getDefaultStreamMetadata(javax.imageio.ImageWriteParam)&quot; }"/>
        </annotation>
    </item>
    <item name='javax.imageio.ImageWriter javax.imageio.spi.ImageWriterSpi getOriginatingProvider()'>
        <annotation name='com.intellij.inspections.tainted.annotation.equation.Equations'>
            <val val="{ &quot;getOriginatingProvider := ImageWriter&quot; }"/>
        </annotation>
    </item>
    <item name='javax.imageio.ImageWriter void prepareWriteSequence(javax.imageio.metadata.IIOMetadata)'>
        <annotation name='com.intellij.inspections.tainted.annotation.equation.Equations'>
            <val val="{ &quot;streamMetadata := com.sun.imageio.plugins.gif.GIFImageWriter#prepareWriteSequence(javax.imageio.metadata.IIOMetadata)#0 &amp; com.sun.imageio.plugins.jpeg.JPEGImageWriter#prepareWriteSequence(javax.imageio.metadata.IIOMetadata)#0&quot; }"/>
        </annotation>
    </item>
    <item name='javax.imageio.ImageWriter void processImageProgress(float)'>
        <annotation name='com.intellij.inspections.tainted.annotation.equation.Equations'>
            <val val="{ &quot;percentageDone := com.sun.imageio.plugins.jpeg.JPEGImageWriter#grabPixels(int)#0 &amp; com.sun.imageio.plugins.jpeg.JPEGImageWriter &amp; com.sun.imageio.plugins.bmp.BMPImageWriter &amp; com.sun.imageio.plugins.gif.GIFImageWriter#writeRows(java.awt.image.RenderedImage, com.sun.imageio.plugins.common.LZWCompressor, int, int, int, int, int, int, int, int, int, int, int)#11 &amp; com.sun.imageio.plugins.gif.GIFImageWriter#writeRows(java.awt.image.RenderedImage, com.sun.imageio.plugins.common.LZWCompressor, int, int, int, int, int, int, int, int, int, int, int)#10 &amp; com.sun.imageio.plugins.gif.GIFImageWriter#writeRowsOpt(byte[], int, int, com.sun.imageio.plugins.common.LZWCompressor, int, int, int, int, int, int)#8 &amp; com.sun.imageio.plugins.gif.GIFImageWriter#writeRowsOpt(byte[], int, int, com.sun.imageio.plugins.common.LZWCompressor, int, int, int, int, int, int)#7 &amp; com.sun.imageio.plugins.png.PNGImageWriter&quot; }"/>
        </annotation>
    </item>
    <item name='javax.imageio.ImageWriter void processImageStarted(int)'>
        <annotation name='com.intellij.inspections.tainted.annotation.equation.Equations'>
            <val val="{ &quot;imageIndex := com.sun.imageio.plugins.gif.GIFImageWriter &amp; com.sun.imageio.plugins.jpeg.JPEGImageWriter&quot; }"/>
        </annotation>
    </item>
    <item name='javax.imageio.ImageWriter void processThumbnailProgress(float)'>
        <annotation name='com.intellij.inspections.tainted.annotation.equation.Equations'>
            <val val="{ &quot;percentageDone := com.sun.imageio.plugins.jpeg.JPEGImageWriter#thumbnailProgress(float)#0&quot; }"/>
        </annotation>
    </item>
    <item name='javax.imageio.ImageWriter void processThumbnailStarted(int, int)'>
        <annotation name='com.intellij.inspections.tainted.annotation.equation.Equations'>
            <val val="{ &quot;thumbnailIndex := com.sun.imageio.plugins.jpeg.JPEGImageWriter#thumbnailStarted(int)#0&quot;, &quot;imageIndex := com.sun.imageio.plugins.jpeg.JPEGImageWriter&quot; }"/>
        </annotation>
    </item>
    <item name='javax.imageio.ImageWriter void processWarningOccurred(int, java.lang.String)'>
        <annotation name='com.intellij.inspections.tainted.annotation.equation.Equations'>
            <val val="{ &quot;imageIndex := com.sun.imageio.plugins.jpeg.JPEGImageWriter&quot;, &quot;warning := com.sun.imageio.plugins.jpeg.JPEGImageWriter#warningWithMessage(java.lang.String)#0&quot; }"/>
        </annotation>
    </item>
    <item name='javax.imageio.ImageWriter void processWarningOccurred(int, java.lang.String, java.lang.String)'>
        <annotation name='com.intellij.inspections.tainted.annotation.equation.Equations'>
            <val val="{ &quot;imageIndex := com.sun.imageio.plugins.jpeg.JPEGImageWriter&quot; }"/>
        </annotation>
    </item>
    <item name='javax.imageio.ImageWriter void setOutput(java.lang.Object)'>
        <annotation name='com.intellij.inspections.tainted.annotation.equation.Equations'>
            <val val="{ &quot;output := com.sun.imageio.plugins.jpeg.JPEGImageWriter#setOutput(java.lang.Object)#0 &amp; com.sun.imageio.plugins.png.PNGImageWriter#setOutput(java.lang.Object)#0 &amp; com.sun.imageio.plugins.gif.GIFImageWriter#setOutput(java.lang.Object)#0 &amp; com.sun.imageio.plugins.bmp.BMPImageWriter#setOutput(java.lang.Object)#0 &amp; com.sun.imageio.plugins.wbmp.WBMPImageWriter#setOutput(java.lang.Object)#0&quot; }"/>
        </annotation>
    </item>
    <item name='javax.imageio.ImageWriter void write(java.awt.image.RenderedImage)'>
        <annotation name='com.intellij.inspections.tainted.annotation.equation.Equations'>
            <val val="{ &quot;image := sun.awt.datatransfer.DataTransferer#imageToStandardBytesImpl(java.awt.image.RenderedImage, java.lang.String)#0 &amp; ImageIO#doWrite(java.awt.image.RenderedImage, javax.imageio.ImageWriter, javax.imageio.stream.ImageOutputStream)#0 &amp; sun.awt.datatransfer.DataTransferer#imageToStandardBytesImpl(java.awt.image.RenderedImage, java.lang.String)#0&quot; }"/>
        </annotation>
    </item>
    <item name='javax.imageio.ImageWriter void write(javax.imageio.metadata.IIOMetadata, javax.imageio.IIOImage, javax.imageio.ImageWriteParam)'>
        <annotation name='com.intellij.inspections.tainted.annotation.equation.Equations'>
            <val val="{ &quot;param := com.sun.imageio.plugins.jpeg.JPEGImageWriter#write(javax.imageio.metadata.IIOMetadata, javax.imageio.IIOImage, javax.imageio.ImageWriteParam)#2 &amp; com.sun.imageio.plugins.png.PNGImageWriter#write(javax.imageio.metadata.IIOMetadata, javax.imageio.IIOImage, javax.imageio.ImageWriteParam)#2 &amp; com.sun.imageio.plugins.gif.GIFImageWriter#write(javax.imageio.metadata.IIOMetadata, javax.imageio.IIOImage, javax.imageio.ImageWriteParam)#2 &amp; com.sun.imageio.plugins.bmp.BMPImageWriter#write(javax.imageio.metadata.IIOMetadata, javax.imageio.IIOImage, javax.imageio.ImageWriteParam)#2 &amp; com.sun.imageio.plugins.wbmp.WBMPImageWriter#write(javax.imageio.metadata.IIOMetadata, javax.imageio.IIOImage, javax.imageio.ImageWriteParam)#2&quot;, &quot;streamMetadata := com.sun.imageio.plugins.jpeg.JPEGImageWriter#write(javax.imageio.metadata.IIOMetadata, javax.imageio.IIOImage, javax.imageio.ImageWriteParam)#0 &amp; com.sun.imageio.plugins.png.PNGImageWriter#write(javax.imageio.metadata.IIOMetadata, javax.imageio.IIOImage, javax.imageio.ImageWriteParam)#0 &amp; com.sun.imageio.plugins.gif.GIFImageWriter#write(javax.imageio.metadata.IIOMetadata, javax.imageio.IIOImage, javax.imageio.ImageWriteParam)#0 &amp; com.sun.imageio.plugins.bmp.BMPImageWriter#write(javax.imageio.metadata.IIOMetadata, javax.imageio.IIOImage, javax.imageio.ImageWriteParam)#0 &amp; com.sun.imageio.plugins.wbmp.WBMPImageWriter#write(javax.imageio.metadata.IIOMetadata, javax.imageio.IIOImage, javax.imageio.ImageWriteParam)#0&quot;, &quot;image := com.sun.imageio.plugins.jpeg.JPEGImageWriter#write(javax.imageio.metadata.IIOMetadata, javax.imageio.IIOImage, javax.imageio.ImageWriteParam)#1 &amp; com.sun.imageio.plugins.png.PNGImageWriter#write(javax.imageio.metadata.IIOMetadata, javax.imageio.IIOImage, javax.imageio.ImageWriteParam)#1 &amp; com.sun.imageio.plugins.gif.GIFImageWriter#write(javax.imageio.metadata.IIOMetadata, javax.imageio.IIOImage, javax.imageio.ImageWriteParam)#1 &amp; com.sun.imageio.plugins.bmp.BMPImageWriter#write(javax.imageio.metadata.IIOMetadata, javax.imageio.IIOImage, javax.imageio.ImageWriteParam)#1 &amp; com.sun.imageio.plugins.wbmp.WBMPImageWriter#write(javax.imageio.metadata.IIOMetadata, javax.imageio.IIOImage, javax.imageio.ImageWriteParam)#1&quot; }"/>
        </annotation>
    </item>
    <item name='javax.imageio.ImageWriter void writeToSequence(javax.imageio.IIOImage, javax.imageio.ImageWriteParam)'>
        <annotation name='com.intellij.inspections.tainted.annotation.equation.Equations'>
            <val val="{ &quot;image := com.sun.imageio.plugins.jpeg.JPEGImageWriter#writeToSequence(javax.imageio.IIOImage, javax.imageio.ImageWriteParam)#0 &amp; com.sun.imageio.plugins.gif.GIFImageWriter#writeToSequence(javax.imageio.IIOImage, javax.imageio.ImageWriteParam)#0&quot;, &quot;param := com.sun.imageio.plugins.jpeg.JPEGImageWriter#writeToSequence(javax.imageio.IIOImage, javax.imageio.ImageWriteParam)#1 &amp; com.sun.imageio.plugins.gif.GIFImageWriter#writeToSequence(javax.imageio.IIOImage, javax.imageio.ImageWriteParam)#1&quot; }"/>
        </annotation>
    </item>
</root>