<root>
    <item name='sun.rmi.transport.Channel sun.rmi.transport.Connection newConnection()'>
        <annotation name='com.intellij.inspections.tainted.annotation.equation.Equations'>
            <val val="{ &quot;newConnection := sun.rmi.transport.tcp.TCPChannel#newConnection()&quot; }"/>
        </annotation>
    </item>
    <item name='sun.rmi.transport.Channel sun.rmi.transport.Endpoint getEndpoint()'>
        <annotation name='com.intellij.inspections.tainted.annotation.equation.Equations'>
            <val val="{ &quot;getEndpoint := sun.rmi.transport.tcp.TCPChannel#getEndpoint()&quot; }"/>
        </annotation>
    </item>
    <item name='sun.rmi.transport.Channel void free(sun.rmi.transport.Connection, boolean)'>
        <annotation name='com.intellij.inspections.tainted.annotation.equation.Equations'>
            <val val="{ &quot;connection := sun.rmi.transport.tcp.TCPChannel#free(sun.rmi.transport.Connection, boolean)#0&quot; }"/>
        </annotation>
    </item>
    <item name='sun.rmi.transport.Connection java.io.InputStream getInputStream()'>
        <annotation name='com.intellij.inspections.tainted.annotation.equation.Equations'>
            <val val="{ &quot;getInputStream := sun.rmi.transport.tcp.TCPConnection#getInputStream()&quot; }"/>
        </annotation>
    </item>
    <item name='sun.rmi.transport.Connection java.io.OutputStream getOutputStream()'>
        <annotation name='com.intellij.inspections.tainted.annotation.equation.Equations'>
            <val val="{ &quot;getOutputStream := sun.rmi.transport.tcp.TCPConnection#getOutputStream()&quot; }"/>
        </annotation>
    </item>
    <item name='sun.rmi.transport.Connection sun.rmi.transport.Channel getChannel()'>
        <annotation name='com.intellij.inspections.tainted.annotation.equation.Equations'>
            <val val="{ &quot;getChannel := sun.rmi.transport.tcp.TCPConnection#getChannel()&quot; }"/>
        </annotation>
    </item>
    <item name='sun.rmi.transport.Endpoint sun.rmi.transport.Channel getChannel()'>
        <annotation name='com.intellij.inspections.tainted.annotation.equation.Equations'>
            <val val="{ &quot;getChannel := sun.rmi.transport.tcp.TCPEndpoint#getChannel()&quot; }"/>
        </annotation>
    </item>
    <item name='sun.rmi.transport.Endpoint sun.rmi.transport.Transport getInboundTransport()'>
        <annotation name='com.intellij.inspections.tainted.annotation.equation.Equations'>
            <val val="{ &quot;getInboundTransport := sun.rmi.transport.tcp.TCPEndpoint#getInboundTransport()&quot; }"/>
        </annotation>
    </item>
    <item name='sun.rmi.transport.Endpoint sun.rmi.transport.Transport getOutboundTransport()'>
        <annotation name='com.intellij.inspections.tainted.annotation.equation.Equations'>
            <val val="{ &quot;getOutboundTransport := sun.rmi.transport.tcp.TCPEndpoint#getOutboundTransport()&quot; }"/>
        </annotation>
    </item>
    <item name='sun.rmi.transport.Endpoint void exportObject(sun.rmi.transport.Target)'>
        <annotation name='com.intellij.inspections.tainted.annotation.equation.Equations'>
            <val val="{ &quot;target := sun.rmi.transport.tcp.TCPEndpoint#exportObject(sun.rmi.transport.Target)#0&quot; }"/>
        </annotation>
    </item>
    <item name='sun.rmi.transport.Transport sun.rmi.transport.Channel getChannel(sun.rmi.transport.Endpoint)'>
        <annotation name='com.intellij.inspections.tainted.annotation.equation.Equations'>
            <val val="{ &quot;getChannel := sun.rmi.transport.tcp.TCPTransport#getChannel(sun.rmi.transport.Endpoint)&quot;, &quot;endpoint := sun.rmi.transport.tcp.TCPTransport#getChannel(sun.rmi.transport.Endpoint)#0&quot; }"/>
        </annotation>
    </item>
    <item name='sun.rmi.transport.Transport void checkAcceptPermission(java.security.AccessControlContext)'>
        <annotation name='com.intellij.inspections.tainted.annotation.equation.Equations'>
            <val val="{ &quot;accessControlContext := sun.rmi.transport.tcp.TCPTransport#checkAcceptPermission(java.security.AccessControlContext)#0&quot; }"/>
        </annotation>
    </item>
    <item name='sun.rmi.transport.Transport void exportObject(sun.rmi.transport.Target)'>
        <annotation name='com.intellij.inspections.tainted.annotation.equation.Equations'>
            <val val="{ &quot;target := sun.rmi.transport.tcp.TCPTransport#exportObject(sun.rmi.transport.Target)#0&quot; }"/>
        </annotation>
    </item>
    <item name='sun.rmi.transport.Transport void free(sun.rmi.transport.Endpoint)'>
        <annotation name='com.intellij.inspections.tainted.annotation.equation.Equations'>
            <val val="{ &quot;endpoint := sun.rmi.transport.tcp.TCPTransport#free(sun.rmi.transport.Endpoint)#0&quot; }"/>
        </annotation>
    </item>
</root>