<root>
    <item name='net.sf.ehcache.event.CacheEventListenerFactory net.sf.ehcache.event.CacheEventListener createCacheEventListener(java.util.Properties)'>
        <annotation name='com.intellij.inspections.tainted.annotation.equation.Equations'>
            <val val="{ &quot;properties := &quot; }"/>
        </annotation>
    </item>
    <item name='net.sf.ehcache.event.CacheManagerEventListener net.sf.ehcache.Status getStatus()'>
        <annotation name='com.intellij.inspections.tainted.annotation.equation.Equations'>
            <val val="{ &quot;getStatus := CacheManagerEventListenerRegistry#getStatus() &amp; net.sf.ehcache.management.sampled.SampledMBeanRegistrationProvider#getStatus()&quot; }"/>
        </annotation>
    </item>
    <item name='net.sf.ehcache.event.CacheManagerEventListener void notifyCacheAdded(java.lang.String)'>
        <annotation name='com.intellij.inspections.tainted.annotation.equation.Equations'>
            <val val="{ &quot;cacheName := CacheManagerEventListenerRegistry#notifyCacheAdded(java.lang.String)#0&quot; }"/>
        </annotation>
    </item>
    <item name='net.sf.ehcache.event.CacheManagerEventListener void notifyCacheRemoved(java.lang.String)'>
        <annotation name='com.intellij.inspections.tainted.annotation.equation.Equations'>
            <val val="{ &quot;cacheName := CacheManagerEventListenerRegistry#notifyCacheRemoved(java.lang.String)#0&quot; }"/>
        </annotation>
    </item>
    <item name='net.sf.ehcache.event.CacheManagerEventListenerFactory net.sf.ehcache.event.CacheManagerEventListener createCacheManagerEventListener(net.sf.ehcache.CacheManager, java.util.Properties)'>
        <annotation name='com.intellij.inspections.tainted.annotation.equation.Equations'>
            <val val="{ &quot;cacheManager := net.sf.ehcache.config.ConfigurationHelper#createCacheManagerEventListener(net.sf.ehcache.CacheManager)#0&quot;, &quot;properties := &quot; }"/>
        </annotation>
    </item>
    <item name='net.sf.ehcache.event.CacheManagerEventListenerRegistry'>
        <annotation name='com.intellij.inspections.tainted.annotation.equation.Equations'>
            <val val="{ &quot;CacheManagerEventListenerRegistry := net.sf.ehcache.Status#STATUS_UNINITIALISED &amp; net.sf.ehcache.Status#STATUS_ALIVE &amp; net.sf.ehcache.Status#STATUS_SHUTDOWN&quot; }"/>
        </annotation>
    </item>
    <item name='net.sf.ehcache.event.CacheManagerEventListenerRegistry CacheManagerEventListenerRegistry()'>
        <annotation name='com.intellij.inspections.tainted.annotation.equation.Equations'>
            <val val="{ &quot;CacheManagerEventListenerRegistry := CacheManagerEventListenerRegistry&quot; }"/>
        </annotation>
    </item>
    <item name='net.sf.ehcache.event.CacheManagerEventListenerRegistry boolean hasRegisteredListeners()'>
        <annotation name='com.intellij.inspections.tainted.annotation.equation.Equations'>
            <val val="{ &quot;hasRegisteredListeners := &quot; }"/>
        </annotation>
    </item>
    <item name='net.sf.ehcache.event.CacheManagerEventListenerRegistry boolean registerListener(net.sf.ehcache.event.CacheManagerEventListener)'>
        <annotation name='com.intellij.inspections.tainted.annotation.equation.Equations'>
            <val val="{ &quot;registerListener := &quot;, &quot;cacheManagerEventListener := net.sf.ehcache.CacheManager#setCacheManagerEventListener(net.sf.ehcache.event.CacheManagerEventListener)#0 &amp; net.sf.ehcache.management.sampled.SampledMBeanRegistrationProvider&quot; }"/>
        </annotation>
    </item>
    <item name='net.sf.ehcache.event.CacheManagerEventListenerRegistry boolean unregisterListener(net.sf.ehcache.event.CacheManagerEventListener)'>
        <annotation name='com.intellij.inspections.tainted.annotation.equation.Equations'>
            <val val="{ &quot;unregisterListener := &quot;, &quot;cacheManagerEventListener := net.sf.ehcache.management.sampled.SampledMBeanRegistrationProvider&quot; }"/>
        </annotation>
    </item>
    <item name='net.sf.ehcache.event.CacheManagerEventListenerRegistry java.lang.String toString()'>
        <annotation name='com.intellij.inspections.tainted.annotation.equation.Equations'>
            <val val="{ &quot;toString := &quot; }"/>
        </annotation>
    </item>
    <item name='net.sf.ehcache.event.CacheManagerEventListenerRegistry java.util.Set getRegisteredListeners()'>
        <annotation name='com.intellij.inspections.tainted.annotation.equation.Equations'>
            <val val="{ &quot;getRegisteredListeners := CacheManagerEventListenerRegistry&quot; }"/>
        </annotation>
    </item>
    <item name='net.sf.ehcache.event.CacheManagerEventListenerRegistry net.sf.ehcache.Status getStatus()'>
        <annotation name='com.intellij.inspections.tainted.annotation.equation.Equations'>
            <val val="{ &quot;getStatus := CacheManagerEventListenerRegistry&quot; }"/>
        </annotation>
    </item>
    <item name='net.sf.ehcache.event.CacheManagerEventListenerRegistry void notifyCacheAdded(java.lang.String)'>
        <annotation name='com.intellij.inspections.tainted.annotation.equation.Equations'>
            <val val="{ &quot;cacheName := CacheManagerEventListener#notifyCacheAdded(java.lang.String)#0&quot; }"/>
        </annotation>
    </item>
    <item name='net.sf.ehcache.event.CacheManagerEventListenerRegistry void notifyCacheRemoved(java.lang.String)'>
        <annotation name='com.intellij.inspections.tainted.annotation.equation.Equations'>
            <val val="{ &quot;cacheName := CacheManagerEventListener#notifyCacheRemoved(java.lang.String)#0&quot; }"/>
        </annotation>
    </item>
    <item name='net.sf.ehcache.event.NotificationScope'>
        <annotation name='com.intellij.inspections.tainted.annotation.equation.Equations'>
            <val val="{ &quot;NotificationScope := #NotificationScope(boolean, boolean)#0 &amp; #NotificationScope(boolean, boolean)#1&quot; }"/>
        </annotation>
    </item>
    <item name='net.sf.ehcache.event.NotificationScope NotificationScope(boolean, boolean)'>
        <annotation name='com.intellij.inspections.tainted.annotation.equation.Equations'>
            <val val="{ &quot;NotificationScope := NotificationScope&quot; }"/>
        </annotation>
    </item>
    <item name='net.sf.ehcache.event.NotificationScope boolean shouldDeliver(boolean)'>
        <annotation name='com.intellij.inspections.tainted.annotation.equation.Equations'>
            <val val="{ &quot;shouldDeliver := isRemote &amp; NotificationScope&quot; }"/>
        </annotation>
    </item>
    <item name='net.sf.ehcache.event.RegisteredEventListeners'>
        <annotation name='com.intellij.inspections.tainted.annotation.equation.Equations'>
            <val val="{ &quot;RegisteredEventListeners := #RegisteredEventListeners(net.sf.ehcache.Ehcache, net.sf.ehcache.CacheStoreHelper)#0 &amp; #RegisteredEventListeners(net.sf.ehcache.Ehcache, net.sf.ehcache.CacheStoreHelper)#1&quot; }"/>
        </annotation>
    </item>
    <item name='net.sf.ehcache.event.RegisteredEventListeners RegisteredEventListeners(net.sf.ehcache.Cache)'>
        <annotation name='com.intellij.inspections.tainted.annotation.equation.Equations'>
            <val val="{ &quot;RegisteredEventListeners := RegisteredEventListeners&quot;, &quot;cache := net.sf.ehcache.Cache&quot; }"/>
        </annotation>
    </item>
    <item name='net.sf.ehcache.event.RegisteredEventListeners RegisteredEventListeners(net.sf.ehcache.Ehcache, net.sf.ehcache.CacheStoreHelper)'>
        <annotation name='com.intellij.inspections.tainted.annotation.equation.Equations'>
            <val val="{ &quot;cache := #RegisteredEventListeners(net.sf.ehcache.Cache)#0&quot;, &quot;helper := &quot;, &quot;RegisteredEventListeners := RegisteredEventListeners&quot; }"/>
        </annotation>
    </item>
    <item name='net.sf.ehcache.event.RegisteredEventListeners boolean hasCacheReplicators()'>
        <annotation name='com.intellij.inspections.tainted.annotation.equation.Equations'>
            <val val="{ &quot;hasCacheReplicators := &quot; }"/>
        </annotation>
    </item>
    <item name='net.sf.ehcache.event.RegisteredEventListeners boolean isCircularNotification(boolean, net.sf.ehcache.event.CacheEventListener)'>
        <annotation name='com.intellij.inspections.tainted.annotation.equation.Equations'>
            <val val="{ &quot;isCircularNotification := remoteEvent&quot; }"/>
        </annotation>
    </item>
    <item name='net.sf.ehcache.event.RegisteredEventListeners boolean registerListener(net.sf.ehcache.event.CacheEventListener)'>
        <annotation name='com.intellij.inspections.tainted.annotation.equation.Equations'>
            <val val="{ &quot;registerListener := &quot; }"/>
        </annotation>
    </item>
    <item name='net.sf.ehcache.event.RegisteredEventListeners boolean registerListener(net.sf.ehcache.event.CacheEventListener, net.sf.ehcache.event.NotificationScope)'>
        <annotation name='com.intellij.inspections.tainted.annotation.equation.Equations'>
            <val val="{ &quot;cacheEventListener := #registerListener(net.sf.ehcache.event.CacheEventListener)#0&quot;, &quot;scope := NotificationScope#ALL&quot;, &quot;registerListener := &quot; }"/>
        </annotation>
    </item>
    <item name='net.sf.ehcache.event.RegisteredEventListeners boolean registerOrderedListener(net.sf.ehcache.event.InternalCacheEventListener)'>
        <annotation name='com.intellij.inspections.tainted.annotation.equation.Equations'>
            <val val="{ &quot;registerOrderedListener := &quot; }"/>
        </annotation>
    </item>
    <item name='net.sf.ehcache.event.RegisteredEventListeners boolean unregisterOrderedListener(net.sf.ehcache.event.InternalCacheEventListener)'>
        <annotation name='com.intellij.inspections.tainted.annotation.equation.Equations'>
            <val val="{ &quot;unregisterOrderedListener := &quot; }"/>
        </annotation>
    </item>
    <item name='net.sf.ehcache.event.RegisteredEventListeners java.lang.String toString()'>
        <annotation name='com.intellij.inspections.tainted.annotation.equation.Equations'>
            <val val="{ &quot;toString := &quot; }"/>
        </annotation>
    </item>
    <item name='net.sf.ehcache.event.RegisteredEventListeners java.util.Set&lt;net.sf.ehcache.event.CacheEventListener&gt; getCacheEventListeners()'>
        <annotation name='com.intellij.inspections.tainted.annotation.equation.Equations'>
            <val val="{ &quot;getCacheEventListeners := &quot; }"/>
        </annotation>
    </item>
    <item name='net.sf.ehcache.event.RegisteredEventListeners net.sf.ehcache.Element resolveElement(net.sf.ehcache.event.CacheEventListener, net.sf.ehcache.Element, net.sf.ehcache.event.RegisteredEventListeners.ElementCreationCallback)'>
        <annotation name='com.intellij.inspections.tainted.annotation.equation.Equations'>
            <val val="{ &quot;resolveElement := element&quot; }"/>
        </annotation>
    </item>
    <item name='net.sf.ehcache.event.RegisteredEventListeners void internalNotifyElementEvicted(net.sf.ehcache.Element, net.sf.ehcache.event.RegisteredEventListeners.ElementCreationCallback, boolean)'>
        <annotation name='com.intellij.inspections.tainted.annotation.equation.Equations'>
            <val val="{ &quot;callback := #notifyElementEvicted(net.sf.ehcache.event.RegisteredEventListeners.ElementCreationCallback, boolean)#0&quot;, &quot;element := #notifyElementEvicted(net.sf.ehcache.Element, boolean)#0&quot;, &quot;remoteEvent := #notifyElementEvicted(net.sf.ehcache.Element, boolean)#1 &amp; #notifyElementEvicted(net.sf.ehcache.event.RegisteredEventListeners.ElementCreationCallback, boolean)#1&quot; }"/>
        </annotation>
    </item>
    <item name='net.sf.ehcache.event.RegisteredEventListeners void internalNotifyElementExpiry(net.sf.ehcache.Element, net.sf.ehcache.event.RegisteredEventListeners.ElementCreationCallback, boolean)'>
        <annotation name='com.intellij.inspections.tainted.annotation.equation.Equations'>
            <val val="{ &quot;remoteEvent := #notifyElementExpiry(net.sf.ehcache.Element, boolean)#1 &amp; #notifyElementExpiry(net.sf.ehcache.event.RegisteredEventListeners.ElementCreationCallback, boolean)#1&quot;, &quot;element := #notifyElementExpiry(net.sf.ehcache.Element, boolean)#0&quot;, &quot;callback := #notifyElementExpiry(net.sf.ehcache.event.RegisteredEventListeners.ElementCreationCallback, boolean)#0&quot; }"/>
        </annotation>
    </item>
    <item name='net.sf.ehcache.event.RegisteredEventListeners void internalNotifyElementPut(net.sf.ehcache.Element, net.sf.ehcache.event.RegisteredEventListeners.ElementCreationCallback, boolean)'>
        <annotation name='com.intellij.inspections.tainted.annotation.equation.Equations'>
            <val val="{ &quot;remoteEvent := #notifyElementPut(net.sf.ehcache.Element, boolean)#1 &amp; #notifyElementPut(net.sf.ehcache.event.RegisteredEventListeners.ElementCreationCallback, boolean)#1&quot;, &quot;callback := #notifyElementPut(net.sf.ehcache.event.RegisteredEventListeners.ElementCreationCallback, boolean)#0&quot;, &quot;element := #notifyElementPut(net.sf.ehcache.Element, boolean)#0&quot; }"/>
        </annotation>
    </item>
    <item name='net.sf.ehcache.event.RegisteredEventListeners void internalNotifyElementRemoved(net.sf.ehcache.Element, net.sf.ehcache.event.RegisteredEventListeners.ElementCreationCallback, boolean)'>
        <annotation name='com.intellij.inspections.tainted.annotation.equation.Equations'>
            <val val="{ &quot;remoteEvent := #notifyElementRemoved(net.sf.ehcache.Element, boolean)#1 &amp; #notifyElementRemoved(net.sf.ehcache.event.RegisteredEventListeners.ElementCreationCallback, boolean)#1&quot;, &quot;callback := #notifyElementRemoved(net.sf.ehcache.event.RegisteredEventListeners.ElementCreationCallback, boolean)#0&quot;, &quot;element := #notifyElementRemoved(net.sf.ehcache.Element, boolean)#0&quot; }"/>
        </annotation>
    </item>
    <item name='net.sf.ehcache.event.RegisteredEventListeners void internalNotifyElementUpdated(net.sf.ehcache.Element, net.sf.ehcache.event.RegisteredEventListeners.ElementCreationCallback, boolean)'>
        <annotation name='com.intellij.inspections.tainted.annotation.equation.Equations'>
            <val val="{ &quot;callback := #notifyElementUpdated(net.sf.ehcache.event.RegisteredEventListeners.ElementCreationCallback, boolean)#0&quot;, &quot;remoteEvent := #notifyElementUpdated(net.sf.ehcache.Element, boolean)#1 &amp; #notifyElementUpdated(net.sf.ehcache.event.RegisteredEventListeners.ElementCreationCallback, boolean)#1&quot;, &quot;element := #notifyElementUpdated(net.sf.ehcache.Element, boolean)#0&quot; }"/>
        </annotation>
    </item>
    <item name='net.sf.ehcache.event.RegisteredEventListeners void notifyElementEvicted(net.sf.ehcache.Element, boolean)'>
        <annotation name='com.intellij.inspections.tainted.annotation.equation.Equations'>
            <val val="{ &quot;element := net.sf.ehcache.store.chm.SelectableConcurrentHashMap.Segment#notifyEvictionOrExpiry(net.sf.ehcache.Element)#0 &amp; net.sf.ehcache.store.disk.Segment#put(java.lang.Object, int, net.sf.ehcache.Element, boolean, boolean)#2 &amp; net.sf.ehcache.store.disk.Segment#notifyEviction(net.sf.ehcache.Element)#0&quot; }"/>
        </annotation>
    </item>
    <item name='net.sf.ehcache.event.RegisteredEventListeners void notifyElementExpiry(net.sf.ehcache.Element, boolean)'>
        <annotation name='com.intellij.inspections.tainted.annotation.equation.Equations'>
            <val val="{ &quot;element := net.sf.ehcache.Cache#notifyRemoveInternalListeners(java.lang.Object, boolean, boolean, boolean, net.sf.ehcache.Element)#4 &amp; net.sf.ehcache.store.chm.SelectableConcurrentHashMap.Segment#notifyEvictionOrExpiry(net.sf.ehcache.Element)#0&quot;, &quot;remoteEvent := net.sf.ehcache.Cache#notifyRemoveInternalListeners(java.lang.Object, boolean, boolean, boolean, net.sf.ehcache.Element)#3&quot; }"/>
        </annotation>
    </item>
    <item name='net.sf.ehcache.event.RegisteredEventListeners void notifyElementPut(net.sf.ehcache.Element, boolean)'>
        <annotation name='com.intellij.inspections.tainted.annotation.equation.Equations'>
            <val val="{ &quot;remoteEvent := net.sf.ehcache.Cache#notifyPutInternalListeners(net.sf.ehcache.Element, boolean, boolean)#1&quot;, &quot;element := net.sf.ehcache.Cache#notifyPutInternalListeners(net.sf.ehcache.Element, boolean, boolean)#0&quot; }"/>
        </annotation>
    </item>
    <item name='net.sf.ehcache.event.RegisteredEventListeners void notifyElementPutOrdered(net.sf.ehcache.Element)'>
        <annotation name='com.intellij.inspections.tainted.annotation.equation.Equations'>
            <val val="{ &quot;element := net.sf.ehcache.store.chm.SelectableConcurrentHashMap.Segment#put(java.lang.Object, int, net.sf.ehcache.Element, long, boolean, boolean)#2 &amp; net.sf.ehcache.store.disk.Segment#put(java.lang.Object, int, net.sf.ehcache.Element, boolean, boolean)#2&quot; }"/>
        </annotation>
    </item>
    <item name='net.sf.ehcache.event.RegisteredEventListeners void notifyElementRemoved(net.sf.ehcache.Element, boolean)'>
        <annotation name='com.intellij.inspections.tainted.annotation.equation.Equations'>
            <val val="{ &quot;remoteEvent := net.sf.ehcache.Cache#notifyRemoveInternalListeners(java.lang.Object, boolean, boolean, boolean, net.sf.ehcache.Element)#3&quot;, &quot;element := net.sf.ehcache.Cache#notifyRemoveInternalListeners(java.lang.Object, boolean, boolean, boolean, net.sf.ehcache.Element)#4&quot; }"/>
        </annotation>
    </item>
    <item name='net.sf.ehcache.event.RegisteredEventListeners void notifyElementRemovedOrdered(net.sf.ehcache.Element)'>
        <annotation name='com.intellij.inspections.tainted.annotation.equation.Equations'>
            <val val="{ &quot;element := &quot; }"/>
        </annotation>
    </item>
    <item name='net.sf.ehcache.event.RegisteredEventListeners void notifyElementUpdated(net.sf.ehcache.Element, boolean)'>
        <annotation name='com.intellij.inspections.tainted.annotation.equation.Equations'>
            <val val="{ &quot;element := net.sf.ehcache.Cache#notifyPutInternalListeners(net.sf.ehcache.Element, boolean, boolean)#0&quot;, &quot;remoteEvent := net.sf.ehcache.Cache#notifyPutInternalListeners(net.sf.ehcache.Element, boolean, boolean)#1&quot; }"/>
        </annotation>
    </item>
    <item name='net.sf.ehcache.event.RegisteredEventListeners void notifyElementUpdatedOrdered(net.sf.ehcache.Element, net.sf.ehcache.Element)'>
        <annotation name='com.intellij.inspections.tainted.annotation.equation.Equations'>
            <val val="{ &quot;newElement := net.sf.ehcache.store.chm.SelectableConcurrentHashMap.Segment#put(java.lang.Object, int, net.sf.ehcache.Element, long, boolean, boolean)#2 &amp; net.sf.ehcache.store.disk.Segment#replace(java.lang.Object, int, net.sf.ehcache.Element, net.sf.ehcache.Element, net.sf.ehcache.store.ElementValueComparator)#3 &amp; net.sf.ehcache.store.disk.Segment#replace(java.lang.Object, int, net.sf.ehcache.Element)#2 &amp; net.sf.ehcache.store.disk.Segment#put(java.lang.Object, int, net.sf.ehcache.Element, boolean, boolean)#2&quot;, &quot;oldElement := net.sf.ehcache.store.disk.Segment#replace(java.lang.Object, int, net.sf.ehcache.Element, net.sf.ehcache.Element, net.sf.ehcache.store.ElementValueComparator)#2&quot; }"/>
        </annotation>
    </item>
    <item name='net.sf.ehcache.event.RegisteredEventListeners void notifyRemoveAll(boolean)'>
        <annotation name='com.intellij.inspections.tainted.annotation.equation.Equations'>
            <val val="{ &quot;remoteEvent := net.sf.ehcache.Cache#removeAll(boolean)#0&quot; }"/>
        </annotation>
    </item>
    <item name='net.sf.ehcache.event.RegisteredEventListeners.ElementCreationCallback net.sf.ehcache.Element createElement(java.lang.ClassLoader)'>
        <annotation name='com.intellij.inspections.tainted.annotation.equation.Equations'>
            <val val="{ &quot;loader := &quot; }"/>
        </annotation>
    </item>
    <item name='net.sf.ehcache.event.RegisteredEventListeners.ListenerWrapper'>
        <annotation name='com.intellij.inspections.tainted.annotation.equation.Equations'>
            <val val="{ &quot;ListenerWrapper := #ListenerWrapper(net.sf.ehcache.event.CacheEventListener, net.sf.ehcache.event.NotificationScope)#0 &amp; #ListenerWrapper(net.sf.ehcache.event.CacheEventListener, net.sf.ehcache.event.NotificationScope)#1&quot; }"/>
        </annotation>
    </item>
    <item name='net.sf.ehcache.event.RegisteredEventListeners.ListenerWrapper ListenerWrapper(net.sf.ehcache.event.CacheEventListener, net.sf.ehcache.event.NotificationScope)'>
        <annotation name='com.intellij.inspections.tainted.annotation.equation.Equations'>
            <val val="{ &quot;scope := RegisteredEventListeners#registerListener(net.sf.ehcache.event.CacheEventListener, net.sf.ehcache.event.NotificationScope)#1&quot;, &quot;listener := RegisteredEventListeners#registerListener(net.sf.ehcache.event.CacheEventListener, net.sf.ehcache.event.NotificationScope)#0&quot;, &quot;ListenerWrapper := RegisteredEventListeners.ListenerWrapper&quot; }"/>
        </annotation>
    </item>
    <item name='net.sf.ehcache.event.RegisteredEventListeners.ListenerWrapper boolean equals(java.lang.Object)'>
        <annotation name='com.intellij.inspections.tainted.annotation.equation.Equations'>
            <val val="{ &quot;obj := java.lang.Object#equals(java.lang.Object)#0&quot; }"/>
        </annotation>
    </item>
    <item name='net.sf.ehcache.event.RegisteredEventListeners.ListenerWrapper int hashCode()'>
        <annotation name='com.intellij.inspections.tainted.annotation.equation.Equations'>
            <val val="{ &quot;hashCode := &quot; }"/>
        </annotation>
    </item>
    <item name='net.sf.ehcache.event.RegisteredEventListeners.ListenerWrapper java.lang.String toString()'>
        <annotation name='com.intellij.inspections.tainted.annotation.equation.Equations'>
            <val val="{ &quot;toString := &quot; }"/>
        </annotation>
    </item>
    <item name='net.sf.ehcache.event.RegisteredEventListeners.ListenerWrapper net.sf.ehcache.event.CacheEventListener getListener()'>
        <annotation name='com.intellij.inspections.tainted.annotation.equation.Equations'>
            <val val="{ &quot;getListener := RegisteredEventListeners.ListenerWrapper&quot; }"/>
        </annotation>
    </item>
    <item name='net.sf.ehcache.event.RegisteredEventListeners.ListenerWrapper net.sf.ehcache.event.NotificationScope getScope()'>
        <annotation name='com.intellij.inspections.tainted.annotation.equation.Equations'>
            <val val="{ &quot;getScope := RegisteredEventListeners.ListenerWrapper&quot; }"/>
        </annotation>
    </item>
</root>