<root>
    <item name='java.awt.dnd.Autoscroll void autoscroll(java.awt.Point)'>
        <annotation name='com.intellij.inspections.tainted.annotation.equation.Equations'>
            <val val="{ &quot;cursorLocn := DropTarget.DropTargetAutoScroller&quot; }"/>
        </annotation>
    </item>
    <item name='java.awt.dnd.DnDConstants DnDConstants()'>
        <annotation name='com.intellij.inspections.tainted.annotation.equation.Equations'>
            <val val="{ &quot;DnDConstants := DnDConstants&quot; }"/>
        </annotation>
    </item>
    <item name='java.awt.dnd.DnDEventMulticaster DnDEventMulticaster(java.util.EventListener, java.util.EventListener)'>
        <annotation name='com.intellij.inspections.tainted.annotation.equation.Equations'>
            <val val="{ &quot;a := #addInternal(java.util.EventListener, java.util.EventListener)#0&quot;, &quot;b := #addInternal(java.util.EventListener, java.util.EventListener)#1&quot;, &quot;DnDEventMulticaster := DnDEventMulticaster&quot; }"/>
        </annotation>
    </item>
    <item name='java.awt.dnd.DnDEventMulticaster java.awt.dnd.DragSourceListener add(java.awt.dnd.DragSourceListener, java.awt.dnd.DragSourceListener)'>
        <annotation name='com.intellij.inspections.tainted.annotation.equation.Equations'>
            <val val="{ &quot;b := DragSource#addDragSourceListener(java.awt.dnd.DragSourceListener)#0&quot;, &quot;a := DragSource&quot; }"/>
        </annotation>
    </item>
    <item name='java.awt.dnd.DnDEventMulticaster java.awt.dnd.DragSourceListener remove(java.awt.dnd.DragSourceListener, java.awt.dnd.DragSourceListener)'>
        <annotation name='com.intellij.inspections.tainted.annotation.equation.Equations'>
            <val val="{ &quot;oldl := DragSource#removeDragSourceListener(java.awt.dnd.DragSourceListener)#0&quot;, &quot;l := DragSource&quot; }"/>
        </annotation>
    </item>
    <item name='java.awt.dnd.DnDEventMulticaster java.awt.dnd.DragSourceMotionListener add(java.awt.dnd.DragSourceMotionListener, java.awt.dnd.DragSourceMotionListener)'>
        <annotation name='com.intellij.inspections.tainted.annotation.equation.Equations'>
            <val val="{ &quot;b := DragSource#addDragSourceMotionListener(java.awt.dnd.DragSourceMotionListener)#0&quot;, &quot;a := DragSource&quot; }"/>
        </annotation>
    </item>
    <item name='java.awt.dnd.DnDEventMulticaster java.awt.dnd.DragSourceMotionListener remove(java.awt.dnd.DragSourceMotionListener, java.awt.dnd.DragSourceMotionListener)'>
        <annotation name='com.intellij.inspections.tainted.annotation.equation.Equations'>
            <val val="{ &quot;ol := DragSource#removeDragSourceMotionListener(java.awt.dnd.DragSourceMotionListener)#0&quot;, &quot;l := DragSource&quot; }"/>
        </annotation>
    </item>
    <item name='java.awt.dnd.DnDEventMulticaster java.util.EventListener addInternal(java.util.EventListener, java.util.EventListener)'>
        <annotation name='com.intellij.inspections.tainted.annotation.equation.Equations'>
            <val val="{ &quot;b := #add(java.awt.dnd.DragSourceListener, java.awt.dnd.DragSourceListener)#1 &amp; #add(java.awt.dnd.DragSourceMotionListener, java.awt.dnd.DragSourceMotionListener)#1&quot;, &quot;addInternal := b &amp; a&quot;, &quot;a := #add(java.awt.dnd.DragSourceListener, java.awt.dnd.DragSourceListener)#0 &amp; #add(java.awt.dnd.DragSourceMotionListener, java.awt.dnd.DragSourceMotionListener)#0&quot; }"/>
        </annotation>
    </item>
    <item name='java.awt.dnd.DnDEventMulticaster java.util.EventListener remove(java.util.EventListener)'>
        <annotation name='com.intellij.inspections.tainted.annotation.equation.Equations'>
            <val val="{ &quot;remove := DnDEventMulticaster&quot;, &quot;oldl := #removeInternal(java.util.EventListener, java.util.EventListener)#1&quot; }"/>
        </annotation>
    </item>
    <item name='java.awt.dnd.DnDEventMulticaster java.util.EventListener removeInternal(java.util.EventListener, java.util.EventListener)'>
        <annotation name='com.intellij.inspections.tainted.annotation.equation.Equations'>
            <val val="{ &quot;removeInternal := l&quot;, &quot;oldl := #remove(java.awt.dnd.DragSourceListener, java.awt.dnd.DragSourceListener)#1 &amp; #remove(java.awt.dnd.DragSourceMotionListener, java.awt.dnd.DragSourceMotionListener)#1 &amp; #remove(java.util.EventListener)#0&quot;, &quot;l := #remove(java.awt.dnd.DragSourceListener, java.awt.dnd.DragSourceListener)#0 &amp; #remove(java.awt.dnd.DragSourceMotionListener, java.awt.dnd.DragSourceMotionListener)#0 &amp; DnDEventMulticaster&quot; }"/>
        </annotation>
    </item>
    <item name='java.awt.dnd.DnDEventMulticaster void save(java.io.ObjectOutputStream, java.lang.String, java.util.EventListener)'>
        <annotation name='com.intellij.inspections.tainted.annotation.equation.Equations'>
            <val val="{ &quot;l := DragSource&quot;, &quot;s := DragSource#writeObject(java.io.ObjectOutputStream)#0&quot;, &quot;k := DragSource#dragSourceListenerK &amp; DragSource#dragSourceMotionListenerK&quot; }"/>
        </annotation>
    </item>
    <item name='java.awt.dnd.DragGestureEvent'>
        <annotation name='com.intellij.inspections.tainted.annotation.equation.Equations'>
            <val val="{ &quot;DragGestureEvent := &quot; }"/>
        </annotation>
    </item>
    <item name='java.awt.dnd.DragGestureEvent DragGestureEvent(java.awt.dnd.DragGestureRecognizer, int, java.awt.Point, java.util.List&lt;? extends java.awt.event.InputEvent&gt;)'>
        <annotation name='com.intellij.inspections.tainted.annotation.equation.Equations'>
            <val val="{ &quot;evs := DragGestureRecognizer&quot;, &quot;DragGestureEvent := DragGestureEvent&quot;, &quot;act := DragGestureRecognizer#fireDragGestureRecognized(int, java.awt.Point)#0&quot;, &quot;ori := DragGestureRecognizer#fireDragGestureRecognized(int, java.awt.Point)#1&quot;, &quot;dgr := DragGestureRecognizer&quot; }"/>
        </annotation>
    </item>
    <item name='java.awt.dnd.DragGestureEvent int getDragAction()'>
        <annotation name='com.intellij.inspections.tainted.annotation.equation.Equations'>
            <val val="{ &quot;getDragAction := DragGestureEvent&quot; }"/>
        </annotation>
    </item>
    <item name='java.awt.dnd.DragGestureEvent java.awt.Component getComponent()'>
        <annotation name='com.intellij.inspections.tainted.annotation.equation.Equations'>
            <val val="{ &quot;getComponent := DragGestureEvent&quot; }"/>
        </annotation>
    </item>
    <item name='java.awt.dnd.DragGestureEvent java.awt.Point getDragOrigin()'>
        <annotation name='com.intellij.inspections.tainted.annotation.equation.Equations'>
            <val val="{ &quot;getDragOrigin := DragGestureEvent&quot; }"/>
        </annotation>
    </item>
    <item name='java.awt.dnd.DragGestureEvent java.awt.dnd.DragSource getDragSource()'>
        <annotation name='com.intellij.inspections.tainted.annotation.equation.Equations'>
            <val val="{ &quot;getDragSource := DragGestureEvent&quot; }"/>
        </annotation>
    </item>
    <item name='java.awt.dnd.DragGestureEvent void startDrag(java.awt.Cursor, java.awt.Image, java.awt.Point, java.awt.datatransfer.Transferable, java.awt.dnd.DragSourceListener)'>
        <annotation name='com.intellij.inspections.tainted.annotation.equation.Equations'>
            <val val="{ &quot;dsl := javax.swing.TransferHandler.DragHandler&quot;, &quot;transferable := &quot;, &quot;imageOffset := &quot;, &quot;dragImage := &quot; }"/>
        </annotation>
    </item>
    <item name='java.awt.dnd.DragGestureEvent void startDrag(java.awt.Cursor, java.awt.datatransfer.Transferable, java.awt.dnd.DragSourceListener)'>
        <annotation name='com.intellij.inspections.tainted.annotation.equation.Equations'>
            <val val="{ &quot;transferable := &quot;, &quot;dsl := javax.swing.TransferHandler.DragHandler&quot; }"/>
        </annotation>
    </item>
    <item name='java.awt.dnd.DragGestureListener void dragGestureRecognized(java.awt.dnd.DragGestureEvent)'>
        <annotation name='com.intellij.inspections.tainted.annotation.equation.Equations'>
            <val val="{ &quot;dge := javax.swing.TransferHandler.DragHandler#dragGestureRecognized(java.awt.dnd.DragGestureEvent)#0&quot; }"/>
        </annotation>
    </item>
    <item name='java.awt.dnd.DragGestureRecognizer'>
        <annotation name='com.intellij.inspections.tainted.annotation.equation.Equations'>
            <val val="{ &quot;DragGestureRecognizer := DnDConstants#ACTION_COPY_OR_MOVE &amp; DnDConstants#ACTION_LINK&quot; }"/>
        </annotation>
    </item>
    <item name='java.awt.dnd.DragGestureRecognizer DragGestureRecognizer(java.awt.dnd.DragSource)'>
        <annotation name='com.intellij.inspections.tainted.annotation.equation.Equations'>
            <val val="{ &quot;DragGestureRecognizer := DragGestureRecognizer&quot; }"/>
        </annotation>
    </item>
    <item name='java.awt.dnd.DragGestureRecognizer DragGestureRecognizer(java.awt.dnd.DragSource, java.awt.Component)'>
        <annotation name='com.intellij.inspections.tainted.annotation.equation.Equations'>
            <val val="{ &quot;ds := #DragGestureRecognizer(java.awt.dnd.DragSource)#0&quot;, &quot;DragGestureRecognizer := DragGestureRecognizer&quot; }"/>
        </annotation>
    </item>
    <item name='java.awt.dnd.DragGestureRecognizer DragGestureRecognizer(java.awt.dnd.DragSource, java.awt.Component, int)'>
        <annotation name='com.intellij.inspections.tainted.annotation.equation.Equations'>
            <val val="{ &quot;ds := #DragGestureRecognizer(java.awt.dnd.DragSource, java.awt.Component)#0&quot;, &quot;DragGestureRecognizer := DragGestureRecognizer&quot;, &quot;c := #DragGestureRecognizer(java.awt.dnd.DragSource, java.awt.Component)#1&quot;, &quot;sa := DnDConstants#ACTION_NONE&quot; }"/>
        </annotation>
    </item>
    <item name='java.awt.dnd.DragGestureRecognizer DragGestureRecognizer(java.awt.dnd.DragSource, java.awt.Component, int, java.awt.dnd.DragGestureListener)'>
        <annotation name='com.intellij.inspections.tainted.annotation.equation.Equations'>
            <val val="{ &quot;sa := MouseDragGestureRecognizer#MouseDragGestureRecognizer(java.awt.dnd.DragSource, java.awt.Component, int, java.awt.dnd.DragGestureListener)#2 &amp; #DragGestureRecognizer(java.awt.dnd.DragSource, java.awt.Component, int)#2 &amp; javax.swing.TransferHandler#NONE&quot;, &quot;ds := MouseDragGestureRecognizer#MouseDragGestureRecognizer(java.awt.dnd.DragSource, java.awt.Component, int, java.awt.dnd.DragGestureListener)#0 &amp; #DragGestureRecognizer(java.awt.dnd.DragSource, java.awt.Component, int)#0&quot;, &quot;DragGestureRecognizer := DragGestureRecognizer&quot;, &quot;c := MouseDragGestureRecognizer#MouseDragGestureRecognizer(java.awt.dnd.DragSource, java.awt.Component, int, java.awt.dnd.DragGestureListener)#1 &amp; #DragGestureRecognizer(java.awt.dnd.DragSource, java.awt.Component, int)#1&quot;, &quot;dgl := MouseDragGestureRecognizer#MouseDragGestureRecognizer(java.awt.dnd.DragSource, java.awt.Component, int, java.awt.dnd.DragGestureListener)#3 &amp; javax.swing.TransferHandler.SwingDragGestureRecognizer#SwingDragGestureRecognizer(java.awt.dnd.DragGestureListener)#0&quot; }"/>
        </annotation>
    </item>
    <item name='java.awt.dnd.DragGestureRecognizer int getSourceActions()'>
        <annotation name='com.intellij.inspections.tainted.annotation.equation.Equations'>
            <val val="{ &quot;getSourceActions := DragGestureRecognizer&quot; }"/>
        </annotation>
    </item>
    <item name='java.awt.dnd.DragGestureRecognizer java.awt.Component getComponent()'>
        <annotation name='com.intellij.inspections.tainted.annotation.equation.Equations'>
            <val val="{ &quot;getComponent := DragGestureRecognizer&quot; }"/>
        </annotation>
    </item>
    <item name='java.awt.dnd.DragGestureRecognizer java.awt.dnd.DragSource getDragSource()'>
        <annotation name='com.intellij.inspections.tainted.annotation.equation.Equations'>
            <val val="{ &quot;getDragSource := DragGestureRecognizer&quot; }"/>
        </annotation>
    </item>
    <item name='java.awt.dnd.DragGestureRecognizer void addDragGestureListener(java.awt.dnd.DragGestureListener)'>
        <annotation name='com.intellij.inspections.tainted.annotation.equation.Equations'>
            <val val="{ &quot;dgl := #DragGestureRecognizer(java.awt.dnd.DragSource, java.awt.Component, int, java.awt.dnd.DragGestureListener)#3&quot; }"/>
        </annotation>
    </item>
    <item name='java.awt.dnd.DragGestureRecognizer void appendEvent(java.awt.event.InputEvent)'>
        <annotation name='com.intellij.inspections.tainted.annotation.equation.Equations'>
            <val val="{ &quot;awtie := javax.swing.TransferHandler.SwingDragGestureRecognizer#gestured(javax.swing.JComponent, java.awt.event.MouseEvent, int, int)#1&quot; }"/>
        </annotation>
    </item>
    <item name='java.awt.dnd.DragGestureRecognizer void fireDragGestureRecognized(int, java.awt.Point)'>
        <annotation name='com.intellij.inspections.tainted.annotation.equation.Equations'>
            <val val="{ &quot;dragAction := javax.swing.TransferHandler.SwingDragGestureRecognizer#gestured(javax.swing.JComponent, java.awt.event.MouseEvent, int, int)#3&quot; }"/>
        </annotation>
    </item>
    <item name='java.awt.dnd.DragGestureRecognizer void setComponent(java.awt.Component)'>
        <annotation name='com.intellij.inspections.tainted.annotation.equation.Equations'>
            <val val="{ &quot;c := javax.swing.TransferHandler.SwingDragGestureRecognizer#gestured(javax.swing.JComponent, java.awt.event.MouseEvent, int, int)#0&quot; }"/>
        </annotation>
    </item>
    <item name='java.awt.dnd.DragGestureRecognizer void setSourceActions(int)'>
        <annotation name='com.intellij.inspections.tainted.annotation.equation.Equations'>
            <val val="{ &quot;actions := javax.swing.TransferHandler.SwingDragGestureRecognizer#gestured(javax.swing.JComponent, java.awt.event.MouseEvent, int, int)#2&quot; }"/>
        </annotation>
    </item>
    <item name='java.awt.dnd.DragSource'>
        <annotation name='com.intellij.inspections.tainted.annotation.equation.Equations'>
            <val val="{ &quot;DragSource := &quot; }"/>
        </annotation>
    </item>
    <item name='java.awt.dnd.DragSource DragSource()'>
        <annotation name='com.intellij.inspections.tainted.annotation.equation.Equations'>
            <val val="{ &quot;DragSource := DragSource&quot; }"/>
        </annotation>
    </item>
    <item name='java.awt.dnd.DragSource java.awt.datatransfer.FlavorMap getFlavorMap()'>
        <annotation name='com.intellij.inspections.tainted.annotation.equation.Equations'>
            <val val="{ &quot;getFlavorMap := DragSource&quot; }"/>
        </annotation>
    </item>
    <item name='java.awt.dnd.DragSource java.awt.dnd.DragSource getDefaultDragSource()'>
        <annotation name='com.intellij.inspections.tainted.annotation.equation.Equations'>
            <val val="{ &quot;getDefaultDragSource := #dflt&quot; }"/>
        </annotation>
    </item>
    <item name='java.awt.dnd.DragSource java.awt.dnd.DragSourceContext createDragSourceContext(java.awt.dnd.peer.DragSourceContextPeer, java.awt.dnd.DragGestureEvent, java.awt.Cursor, java.awt.Image, java.awt.Point, java.awt.datatransfer.Transferable, java.awt.dnd.DragSourceListener)'>
        <annotation name='com.intellij.inspections.tainted.annotation.equation.Equations'>
            <val val="{ &quot;imageOffset := #startDrag(java.awt.dnd.DragGestureEvent, java.awt.Cursor, java.awt.Image, java.awt.Point, java.awt.datatransfer.Transferable, java.awt.dnd.DragSourceListener, java.awt.datatransfer.FlavorMap)#3&quot;, &quot;dragCursor := #startDrag(java.awt.dnd.DragGestureEvent, java.awt.Cursor, java.awt.Image, java.awt.Point, java.awt.datatransfer.Transferable, java.awt.dnd.DragSourceListener, java.awt.datatransfer.FlavorMap)#1&quot;, &quot;t := #startDrag(java.awt.dnd.DragGestureEvent, java.awt.Cursor, java.awt.Image, java.awt.Point, java.awt.datatransfer.Transferable, java.awt.dnd.DragSourceListener, java.awt.datatransfer.FlavorMap)#4&quot;, &quot;dragImage := #startDrag(java.awt.dnd.DragGestureEvent, java.awt.Cursor, java.awt.Image, java.awt.Point, java.awt.datatransfer.Transferable, java.awt.dnd.DragSourceListener, java.awt.datatransfer.FlavorMap)#2&quot;, &quot;dsl := #startDrag(java.awt.dnd.DragGestureEvent, java.awt.Cursor, java.awt.Image, java.awt.Point, java.awt.datatransfer.Transferable, java.awt.dnd.DragSourceListener, java.awt.datatransfer.FlavorMap)#5&quot;, &quot;dgl := #startDrag(java.awt.dnd.DragGestureEvent, java.awt.Cursor, java.awt.Image, java.awt.Point, java.awt.datatransfer.Transferable, java.awt.dnd.DragSourceListener, java.awt.datatransfer.FlavorMap)#0&quot; }"/>
        </annotation>
    </item>
    <item name='java.awt.dnd.DragSource void addDragSourceListener(java.awt.dnd.DragSourceListener)'>
        <annotation name='com.intellij.inspections.tainted.annotation.equation.Equations'>
            <val val="{ &quot;dsl := &quot; }"/>
        </annotation>
    </item>
    <item name='java.awt.dnd.DragSource void addDragSourceMotionListener(java.awt.dnd.DragSourceMotionListener)'>
        <annotation name='com.intellij.inspections.tainted.annotation.equation.Equations'>
            <val val="{ &quot;dsml := &quot; }"/>
        </annotation>
    </item>
    <item name='java.awt.dnd.DragSource void processDragDropEnd(java.awt.dnd.DragSourceDropEvent)'>
        <annotation name='com.intellij.inspections.tainted.annotation.equation.Equations'>
            <val val="{ &quot;dsde := DragSourceContext#dragDropEnd(java.awt.dnd.DragSourceDropEvent)#0&quot; }"/>
        </annotation>
    </item>
    <item name='java.awt.dnd.DragSource void processDragEnter(java.awt.dnd.DragSourceDragEvent)'>
        <annotation name='com.intellij.inspections.tainted.annotation.equation.Equations'>
            <val val="{ &quot;dsde := DragSourceContext#dragEnter(java.awt.dnd.DragSourceDragEvent)#0&quot; }"/>
        </annotation>
    </item>
    <item name='java.awt.dnd.DragSource void processDragExit(java.awt.dnd.DragSourceEvent)'>
        <annotation name='com.intellij.inspections.tainted.annotation.equation.Equations'>
            <val val="{ &quot;dse := DragSourceContext#dragExit(java.awt.dnd.DragSourceEvent)#0&quot; }"/>
        </annotation>
    </item>
    <item name='java.awt.dnd.DragSource void processDragMouseMoved(java.awt.dnd.DragSourceDragEvent)'>
        <annotation name='com.intellij.inspections.tainted.annotation.equation.Equations'>
            <val val="{ &quot;dsde := DragSourceContext#dragMouseMoved(java.awt.dnd.DragSourceDragEvent)#0&quot; }"/>
        </annotation>
    </item>
    <item name='java.awt.dnd.DragSource void processDragOver(java.awt.dnd.DragSourceDragEvent)'>
        <annotation name='com.intellij.inspections.tainted.annotation.equation.Equations'>
            <val val="{ &quot;dsde := DragSourceContext#dragOver(java.awt.dnd.DragSourceDragEvent)#0&quot; }"/>
        </annotation>
    </item>
    <item name='java.awt.dnd.DragSource void processDropActionChanged(java.awt.dnd.DragSourceDragEvent)'>
        <annotation name='com.intellij.inspections.tainted.annotation.equation.Equations'>
            <val val="{ &quot;dsde := DragSourceContext#dropActionChanged(java.awt.dnd.DragSourceDragEvent)#0&quot; }"/>
        </annotation>
    </item>
    <item name='java.awt.dnd.DragSource void startDrag(java.awt.dnd.DragGestureEvent, java.awt.Cursor, java.awt.Image, java.awt.Point, java.awt.datatransfer.Transferable, java.awt.dnd.DragSourceListener)'>
        <annotation name='com.intellij.inspections.tainted.annotation.equation.Equations'>
            <val val="{ &quot;dragImage := DragGestureEvent#startDrag(java.awt.Cursor, java.awt.Image, java.awt.Point, java.awt.datatransfer.Transferable, java.awt.dnd.DragSourceListener)#1&quot;, &quot;dragCursor := DragGestureEvent#startDrag(java.awt.Cursor, java.awt.Image, java.awt.Point, java.awt.datatransfer.Transferable, java.awt.dnd.DragSourceListener)#0&quot;, &quot;dragOffset := DragGestureEvent#startDrag(java.awt.Cursor, java.awt.Image, java.awt.Point, java.awt.datatransfer.Transferable, java.awt.dnd.DragSourceListener)#2&quot;, &quot;dsl := DragGestureEvent#startDrag(java.awt.Cursor, java.awt.Image, java.awt.Point, java.awt.datatransfer.Transferable, java.awt.dnd.DragSourceListener)#4&quot;, &quot;trigger := DragGestureEvent&quot;, &quot;transferable := DragGestureEvent#startDrag(java.awt.Cursor, java.awt.Image, java.awt.Point, java.awt.datatransfer.Transferable, java.awt.dnd.DragSourceListener)#3&quot; }"/>
        </annotation>
    </item>
    <item name='java.awt.dnd.DragSource void startDrag(java.awt.dnd.DragGestureEvent, java.awt.Cursor, java.awt.Image, java.awt.Point, java.awt.datatransfer.Transferable, java.awt.dnd.DragSourceListener, java.awt.datatransfer.FlavorMap)'>
        <annotation name='com.intellij.inspections.tainted.annotation.equation.Equations'>
            <val val="{ &quot;imageOffset := #startDrag(java.awt.dnd.DragGestureEvent, java.awt.Cursor, java.awt.Image, java.awt.Point, java.awt.datatransfer.Transferable, java.awt.dnd.DragSourceListener)#3&quot;, &quot;transferable := #startDrag(java.awt.dnd.DragGestureEvent, java.awt.Cursor, java.awt.datatransfer.Transferable, java.awt.dnd.DragSourceListener, java.awt.datatransfer.FlavorMap)#2 &amp; #startDrag(java.awt.dnd.DragGestureEvent, java.awt.Cursor, java.awt.Image, java.awt.Point, java.awt.datatransfer.Transferable, java.awt.dnd.DragSourceListener)#4 &amp; #startDrag(java.awt.dnd.DragGestureEvent, java.awt.Cursor, java.awt.datatransfer.Transferable, java.awt.dnd.DragSourceListener)#2&quot;, &quot;dragCursor := #startDrag(java.awt.dnd.DragGestureEvent, java.awt.Cursor, java.awt.datatransfer.Transferable, java.awt.dnd.DragSourceListener, java.awt.datatransfer.FlavorMap)#1 &amp; #startDrag(java.awt.dnd.DragGestureEvent, java.awt.Cursor, java.awt.Image, java.awt.Point, java.awt.datatransfer.Transferable, java.awt.dnd.DragSourceListener)#1 &amp; #startDrag(java.awt.dnd.DragGestureEvent, java.awt.Cursor, java.awt.datatransfer.Transferable, java.awt.dnd.DragSourceListener)#1&quot;, &quot;trigger := #startDrag(java.awt.dnd.DragGestureEvent, java.awt.Cursor, java.awt.datatransfer.Transferable, java.awt.dnd.DragSourceListener, java.awt.datatransfer.FlavorMap)#0 &amp; #startDrag(java.awt.dnd.DragGestureEvent, java.awt.Cursor, java.awt.Image, java.awt.Point, java.awt.datatransfer.Transferable, java.awt.dnd.DragSourceListener)#0 &amp; #startDrag(java.awt.dnd.DragGestureEvent, java.awt.Cursor, java.awt.datatransfer.Transferable, java.awt.dnd.DragSourceListener)#0&quot;, &quot;dsl := #startDrag(java.awt.dnd.DragGestureEvent, java.awt.Cursor, java.awt.datatransfer.Transferable, java.awt.dnd.DragSourceListener, java.awt.datatransfer.FlavorMap)#3 &amp; #startDrag(java.awt.dnd.DragGestureEvent, java.awt.Cursor, java.awt.Image, java.awt.Point, java.awt.datatransfer.Transferable, java.awt.dnd.DragSourceListener)#5 &amp; #startDrag(java.awt.dnd.DragGestureEvent, java.awt.Cursor, java.awt.datatransfer.Transferable, java.awt.dnd.DragSourceListener)#3&quot;, &quot;dragImage := #startDrag(java.awt.dnd.DragGestureEvent, java.awt.Cursor, java.awt.Image, java.awt.Point, java.awt.datatransfer.Transferable, java.awt.dnd.DragSourceListener)#2&quot;, &quot;flavorMap := #startDrag(java.awt.dnd.DragGestureEvent, java.awt.Cursor, java.awt.datatransfer.Transferable, java.awt.dnd.DragSourceListener, java.awt.datatransfer.FlavorMap)#4&quot; }"/>
        </annotation>
    </item>
    <item name='java.awt.dnd.DragSource void startDrag(java.awt.dnd.DragGestureEvent, java.awt.Cursor, java.awt.datatransfer.Transferable, java.awt.dnd.DragSourceListener)'>
        <annotation name='com.intellij.inspections.tainted.annotation.equation.Equations'>
            <val val="{ &quot;dragCursor := DragGestureEvent#startDrag(java.awt.Cursor, java.awt.datatransfer.Transferable)#0 &amp; DragGestureEvent#startDrag(java.awt.Cursor, java.awt.datatransfer.Transferable, java.awt.dnd.DragSourceListener)#0&quot;, &quot;transferable := DragGestureEvent#startDrag(java.awt.Cursor, java.awt.datatransfer.Transferable)#1 &amp; DragGestureEvent#startDrag(java.awt.Cursor, java.awt.datatransfer.Transferable, java.awt.dnd.DragSourceListener)#1&quot;, &quot;dsl := DragGestureEvent#startDrag(java.awt.Cursor, java.awt.datatransfer.Transferable, java.awt.dnd.DragSourceListener)#2&quot;, &quot;trigger := DragGestureEvent&quot; }"/>
        </annotation>
    </item>
    <item name='java.awt.dnd.DragSourceContext'>
        <annotation name='com.intellij.inspections.tainted.annotation.equation.Equations'>
            <val val="{ &quot;DragSourceContext := #addDragSourceListener(java.awt.dnd.DragSourceListener)#0 &amp; #setCursor(java.awt.Cursor)#0 &amp; DnDConstants#ACTION_COPY_OR_MOVE &amp; DnDConstants#ACTION_LINK &amp; DragSourceContext&quot; }"/>
        </annotation>
    </item>
    <item name='java.awt.dnd.DragSourceContext DragSourceContext(java.awt.dnd.peer.DragSourceContextPeer, java.awt.dnd.DragGestureEvent, java.awt.Cursor, java.awt.Image, java.awt.Point, java.awt.datatransfer.Transferable, java.awt.dnd.DragSourceListener)'>
        <annotation name='com.intellij.inspections.tainted.annotation.equation.Equations'>
            <val val="{ &quot;dscp := DragSource#createDragSourceContext(java.awt.dnd.peer.DragSourceContextPeer, java.awt.dnd.DragGestureEvent, java.awt.Cursor, java.awt.Image, java.awt.Point, java.awt.datatransfer.Transferable, java.awt.dnd.DragSourceListener)#0&quot;, &quot;offset := DragSource#createDragSourceContext(java.awt.dnd.peer.DragSourceContextPeer, java.awt.dnd.DragGestureEvent, java.awt.Cursor, java.awt.Image, java.awt.Point, java.awt.datatransfer.Transferable, java.awt.dnd.DragSourceListener)#4&quot;, &quot;dragImage := DragSource#createDragSourceContext(java.awt.dnd.peer.DragSourceContextPeer, java.awt.dnd.DragGestureEvent, java.awt.Cursor, java.awt.Image, java.awt.Point, java.awt.datatransfer.Transferable, java.awt.dnd.DragSourceListener)#3&quot;, &quot;trigger := DragSource#createDragSourceContext(java.awt.dnd.peer.DragSourceContextPeer, java.awt.dnd.DragGestureEvent, java.awt.Cursor, java.awt.Image, java.awt.Point, java.awt.datatransfer.Transferable, java.awt.dnd.DragSourceListener)#1&quot;, &quot;dragCursor := DragSource#createDragSourceContext(java.awt.dnd.peer.DragSourceContextPeer, java.awt.dnd.DragGestureEvent, java.awt.Cursor, java.awt.Image, java.awt.Point, java.awt.datatransfer.Transferable, java.awt.dnd.DragSourceListener)#2&quot;, &quot;dsl := DragSource#createDragSourceContext(java.awt.dnd.peer.DragSourceContextPeer, java.awt.dnd.DragGestureEvent, java.awt.Cursor, java.awt.Image, java.awt.Point, java.awt.datatransfer.Transferable, java.awt.dnd.DragSourceListener)#6&quot;, &quot;t := DragSource#createDragSourceContext(java.awt.dnd.peer.DragSourceContextPeer, java.awt.dnd.DragGestureEvent, java.awt.Cursor, java.awt.Image, java.awt.Point, java.awt.datatransfer.Transferable, java.awt.dnd.DragSourceListener)#5&quot;, &quot;DragSourceContext := DragSourceContext&quot; }"/>
        </annotation>
    </item>
    <item name='java.awt.dnd.DragSourceContext int getSourceActions()'>
        <annotation name='com.intellij.inspections.tainted.annotation.equation.Equations'>
            <val val="{ &quot;getSourceActions := DragSourceContext&quot; }"/>
        </annotation>
    </item>
    <item name='java.awt.dnd.DragSourceContext java.awt.Cursor getCursor()'>
        <annotation name='com.intellij.inspections.tainted.annotation.equation.Equations'>
            <val val="{ &quot;getCursor := DragSourceContext&quot; }"/>
        </annotation>
    </item>
    <item name='java.awt.dnd.DragSourceContext java.awt.datatransfer.Transferable getTransferable()'>
        <annotation name='com.intellij.inspections.tainted.annotation.equation.Equations'>
            <val val="{ &quot;getTransferable := DragSourceContext&quot; }"/>
        </annotation>
    </item>
    <item name='java.awt.dnd.DragSourceContext java.awt.dnd.DragGestureEvent getTrigger()'>
        <annotation name='com.intellij.inspections.tainted.annotation.equation.Equations'>
            <val val="{ &quot;getTrigger := DragSourceContext&quot; }"/>
        </annotation>
    </item>
    <item name='java.awt.dnd.DragSourceContext void dragDropEnd(java.awt.dnd.DragSourceDropEvent)'>
        <annotation name='com.intellij.inspections.tainted.annotation.equation.Equations'>
            <val val="{ &quot;dsde := sun.awt.dnd.SunDragSourceContextPeer.EventDispatcher &amp; sun.awt.dnd.SunDragSourceContextPeer.EventDispatcher&quot; }"/>
        </annotation>
    </item>
    <item name='java.awt.dnd.DragSourceContext void dragEnter(java.awt.dnd.DragSourceDragEvent)'>
        <annotation name='com.intellij.inspections.tainted.annotation.equation.Equations'>
            <val val="{ &quot;dsde := sun.awt.dnd.SunDragSourceContextPeer.EventDispatcher &amp; sun.awt.dnd.SunDragSourceContextPeer.EventDispatcher&quot; }"/>
        </annotation>
    </item>
    <item name='java.awt.dnd.DragSourceContext void dragExit(java.awt.dnd.DragSourceEvent)'>
        <annotation name='com.intellij.inspections.tainted.annotation.equation.Equations'>
            <val val="{ &quot;dse := sun.awt.dnd.SunDragSourceContextPeer.EventDispatcher &amp; sun.awt.dnd.SunDragSourceContextPeer.EventDispatcher&quot; }"/>
        </annotation>
    </item>
    <item name='java.awt.dnd.DragSourceContext void dragMouseMoved(java.awt.dnd.DragSourceDragEvent)'>
        <annotation name='com.intellij.inspections.tainted.annotation.equation.Equations'>
            <val val="{ &quot;dsde := sun.awt.dnd.SunDragSourceContextPeer.EventDispatcher &amp; sun.awt.dnd.SunDragSourceContextPeer.EventDispatcher&quot; }"/>
        </annotation>
    </item>
    <item name='java.awt.dnd.DragSourceContext void dragOver(java.awt.dnd.DragSourceDragEvent)'>
        <annotation name='com.intellij.inspections.tainted.annotation.equation.Equations'>
            <val val="{ &quot;dsde := sun.awt.dnd.SunDragSourceContextPeer.EventDispatcher &amp; sun.awt.dnd.SunDragSourceContextPeer.EventDispatcher&quot; }"/>
        </annotation>
    </item>
    <item name='java.awt.dnd.DragSourceContext void dropActionChanged(java.awt.dnd.DragSourceDragEvent)'>
        <annotation name='com.intellij.inspections.tainted.annotation.equation.Equations'>
            <val val="{ &quot;dsde := sun.awt.dnd.SunDragSourceContextPeer.EventDispatcher &amp; sun.awt.dnd.SunDragSourceContextPeer.EventDispatcher&quot; }"/>
        </annotation>
    </item>
    <item name='java.awt.dnd.DragSourceContext void setCursorImpl(java.awt.Cursor)'>
        <annotation name='com.intellij.inspections.tainted.annotation.equation.Equations'>
            <val val="{ &quot;c := #setCursor(java.awt.Cursor)#0 &amp; DragSource#DefaultLinkNoDrop &amp; DragSource#DefaultMoveNoDrop &amp; DragSource#DefaultCopyNoDrop &amp; DragSource#DefaultLinkDrop &amp; DragSource#DefaultMoveDrop &amp; DragSource#DefaultCopyDrop&quot; }"/>
        </annotation>
    </item>
    <item name='java.awt.dnd.DragSourceContext void updateCurrentCursor(int, int, int)'>
        <annotation name='com.intellij.inspections.tainted.annotation.equation.Equations'>
            <val val="{ &quot;status := #DEFAULT &amp; #ENTER &amp; #OVER &amp; #CHANGED&quot;, &quot;targetAct := DnDConstants#ACTION_NONE&quot;, &quot;sourceAct := DnDConstants#ACTION_NONE&quot; }"/>
        </annotation>
    </item>
    <item name='java.awt.dnd.DragSourceDragEvent DragSourceDragEvent(java.awt.dnd.DragSourceContext, int, int, int)'>
        <annotation name='com.intellij.inspections.tainted.annotation.equation.Equations'>
            <val val="{ &quot;DragSourceDragEvent := DragSourceDragEvent&quot; }"/>
        </annotation>
    </item>
    <item name='java.awt.dnd.DragSourceDragEvent DragSourceDragEvent(java.awt.dnd.DragSourceContext, int, int, int, int, int)'>
        <annotation name='com.intellij.inspections.tainted.annotation.equation.Equations'>
            <val val="{ &quot;y := sun.awt.dnd.SunDragSourceContextPeer#postDragSourceDragEvent(int, int, int, int, int)#3 &amp; sun.awt.dnd.SunDragSourceContextPeer#postDragSourceDragEvent(int, int, int, int, int)#3&quot;, &quot;action := sun.awt.dnd.SunDragSourceContextPeer#postDragSourceDragEvent(int, int, int, int, int)#0 &amp; sun.awt.dnd.SunDragSourceContextPeer &amp; sun.awt.dnd.SunDragSourceContextPeer#postDragSourceDragEvent(int, int, int, int, int)#0 &amp; sun.awt.dnd.SunDragSourceContextPeer&quot;, &quot;DragSourceDragEvent := DragSourceDragEvent&quot;, &quot;dropAction := &quot;, &quot;x := sun.awt.dnd.SunDragSourceContextPeer#postDragSourceDragEvent(int, int, int, int, int)#2 &amp; sun.awt.dnd.SunDragSourceContextPeer#postDragSourceDragEvent(int, int, int, int, int)#2&quot;, &quot;dsc := &quot;, &quot;modifiers := sun.awt.dnd.SunDragSourceContextPeer#postDragSourceDragEvent(int, int, int, int, int)#1 &amp; sun.awt.dnd.SunDragSourceContextPeer#postDragSourceDragEvent(int, int, int, int, int)#1&quot; }"/>
        </annotation>
    </item>
    <item name='java.awt.dnd.DragSourceDropEvent'>
        <annotation name='com.intellij.inspections.tainted.annotation.equation.Equations'>
            <val val="{ &quot;DragSourceDropEvent := DnDConstants#ACTION_NONE&quot; }"/>
        </annotation>
    </item>
    <item name='java.awt.dnd.DragSourceDropEvent DragSourceDropEvent(java.awt.dnd.DragSourceContext)'>
        <annotation name='com.intellij.inspections.tainted.annotation.equation.Equations'>
            <val val="{ &quot;DragSourceDropEvent := DragSourceDropEvent&quot; }"/>
        </annotation>
    </item>
    <item name='java.awt.dnd.DragSourceDropEvent DragSourceDropEvent(java.awt.dnd.DragSourceContext, int, boolean)'>
        <annotation name='com.intellij.inspections.tainted.annotation.equation.Equations'>
            <val val="{ &quot;DragSourceDropEvent := DragSourceDropEvent&quot; }"/>
        </annotation>
    </item>
    <item name='java.awt.dnd.DragSourceDropEvent DragSourceDropEvent(java.awt.dnd.DragSourceContext, int, boolean, int, int)'>
        <annotation name='com.intellij.inspections.tainted.annotation.equation.Equations'>
            <val val="{ &quot;action := sun.awt.dnd.SunDragSourceContextPeer#dragDropFinished(boolean, int, int, int)#1 &amp; sun.awt.dnd.SunDragSourceContextPeer &amp; sun.awt.dnd.SunDragSourceContextPeer#dragDropFinished(boolean, int, int, int)#1 &amp; sun.awt.dnd.SunDragSourceContextPeer&quot;, &quot;dsc := &quot;, &quot;x := sun.awt.dnd.SunDragSourceContextPeer#dragDropFinished(boolean, int, int, int)#2 &amp; sun.awt.dnd.SunDragSourceContextPeer#dragDropFinished(boolean, int, int, int)#2&quot;, &quot;DragSourceDropEvent := DragSourceDropEvent&quot;, &quot;y := sun.awt.dnd.SunDragSourceContextPeer#dragDropFinished(boolean, int, int, int)#3 &amp; sun.awt.dnd.SunDragSourceContextPeer#dragDropFinished(boolean, int, int, int)#3&quot; }"/>
        </annotation>
    </item>
    <item name='java.awt.dnd.DragSourceDropEvent int getDropAction()'>
        <annotation name='com.intellij.inspections.tainted.annotation.equation.Equations'>
            <val val="{ &quot;getDropAction := DragSourceDropEvent&quot; }"/>
        </annotation>
    </item>
    <item name='java.awt.dnd.DragSourceEvent DragSourceEvent(java.awt.dnd.DragSourceContext)'>
        <annotation name='com.intellij.inspections.tainted.annotation.equation.Equations'>
            <val val="{ &quot;dsc := DragSourceDragEvent#DragSourceDragEvent(java.awt.dnd.DragSourceContext, int, int, int)#0 &amp; DragSourceDropEvent#DragSourceDropEvent(java.awt.dnd.DragSourceContext, int, boolean)#0 &amp; DragSourceDropEvent#DragSourceDropEvent(java.awt.dnd.DragSourceContext)#0&quot;, &quot;DragSourceEvent := DragSourceEvent&quot; }"/>
        </annotation>
    </item>
    <item name='java.awt.dnd.DragSourceEvent DragSourceEvent(java.awt.dnd.DragSourceContext, int, int)'>
        <annotation name='com.intellij.inspections.tainted.annotation.equation.Equations'>
            <val val="{ &quot;x := DragSourceDragEvent#DragSourceDragEvent(java.awt.dnd.DragSourceContext, int, int, int, int, int)#4 &amp; DragSourceDropEvent#DragSourceDropEvent(java.awt.dnd.DragSourceContext, int, boolean, int, int)#3 &amp; sun.awt.dnd.SunDragSourceContextPeer#dragExit(int, int)#0 &amp; sun.awt.dnd.SunDragSourceContextPeer#dragExit(int, int)#0&quot;, &quot;DragSourceEvent := DragSourceEvent&quot;, &quot;y := DragSourceDragEvent#DragSourceDragEvent(java.awt.dnd.DragSourceContext, int, int, int, int, int)#5 &amp; DragSourceDropEvent#DragSourceDropEvent(java.awt.dnd.DragSourceContext, int, boolean, int, int)#4 &amp; sun.awt.dnd.SunDragSourceContextPeer#dragExit(int, int)#1 &amp; sun.awt.dnd.SunDragSourceContextPeer#dragExit(int, int)#1&quot;, &quot;dsc := DragSourceDragEvent#DragSourceDragEvent(java.awt.dnd.DragSourceContext, int, int, int, int, int)#0 &amp; DragSourceDropEvent#DragSourceDropEvent(java.awt.dnd.DragSourceContext, int, boolean, int, int)#0&quot; }"/>
        </annotation>
    </item>
    <item name='java.awt.dnd.DragSourceEvent int getX()'>
        <annotation name='com.intellij.inspections.tainted.annotation.equation.Equations'>
            <val val="{ &quot;getX := DragSourceEvent&quot; }"/>
        </annotation>
    </item>
    <item name='java.awt.dnd.DragSourceEvent int getY()'>
        <annotation name='com.intellij.inspections.tainted.annotation.equation.Equations'>
            <val val="{ &quot;getY := DragSourceEvent&quot; }"/>
        </annotation>
    </item>
    <item name='java.awt.dnd.DragSourceListener void dragDropEnd(java.awt.dnd.DragSourceDropEvent)'>
        <annotation name='com.intellij.inspections.tainted.annotation.equation.Equations'>
            <val val="{ &quot;dsde := javax.swing.TransferHandler.DragHandler#dragDropEnd(java.awt.dnd.DragSourceDropEvent)#0 &amp; DragSourceContext#dragDropEnd(java.awt.dnd.DragSourceDropEvent)#0 &amp; DnDEventMulticaster#dragDropEnd(java.awt.dnd.DragSourceDropEvent)#0 &amp; DragSourceAdapter#dragDropEnd(java.awt.dnd.DragSourceDropEvent)#0&quot; }"/>
        </annotation>
    </item>
    <item name='java.awt.dnd.DragSourceListener void dragEnter(java.awt.dnd.DragSourceDragEvent)'>
        <annotation name='com.intellij.inspections.tainted.annotation.equation.Equations'>
            <val val="{ &quot;dsde := DnDEventMulticaster#dragEnter(java.awt.dnd.DragSourceDragEvent)#0 &amp; DragSourceAdapter#dragEnter(java.awt.dnd.DragSourceDragEvent)#0 &amp; DragSourceContext#dragEnter(java.awt.dnd.DragSourceDragEvent)#0 &amp; DragSource#processDragEnter(java.awt.dnd.DragSourceDragEvent)#0 &amp; javax.swing.TransferHandler.DragHandler#dragEnter(java.awt.dnd.DragSourceDragEvent)#0&quot; }"/>
        </annotation>
    </item>
    <item name='java.awt.dnd.DragSourceListener void dragExit(java.awt.dnd.DragSourceEvent)'>
        <annotation name='com.intellij.inspections.tainted.annotation.equation.Equations'>
            <val val="{ &quot;dse := javax.swing.TransferHandler.DragHandler#dragExit(java.awt.dnd.DragSourceEvent)#0 &amp; DragSourceContext#dragExit(java.awt.dnd.DragSourceEvent)#0 &amp; DnDEventMulticaster#dragExit(java.awt.dnd.DragSourceEvent)#0 &amp; DragSourceAdapter#dragExit(java.awt.dnd.DragSourceEvent)#0&quot; }"/>
        </annotation>
    </item>
    <item name='java.awt.dnd.DragSourceListener void dragOver(java.awt.dnd.DragSourceDragEvent)'>
        <annotation name='com.intellij.inspections.tainted.annotation.equation.Equations'>
            <val val="{ &quot;dsde := DnDEventMulticaster#dragOver(java.awt.dnd.DragSourceDragEvent)#0 &amp; DragSourceAdapter#dragOver(java.awt.dnd.DragSourceDragEvent)#0 &amp; DragSourceContext#dragOver(java.awt.dnd.DragSourceDragEvent)#0 &amp; DragSource#processDragOver(java.awt.dnd.DragSourceDragEvent)#0 &amp; javax.swing.TransferHandler.DragHandler#dragOver(java.awt.dnd.DragSourceDragEvent)#0&quot; }"/>
        </annotation>
    </item>
    <item name='java.awt.dnd.DragSourceListener void dropActionChanged(java.awt.dnd.DragSourceDragEvent)'>
        <annotation name='com.intellij.inspections.tainted.annotation.equation.Equations'>
            <val val="{ &quot;dsde := javax.swing.TransferHandler.DragHandler#dropActionChanged(java.awt.dnd.DragSourceDragEvent)#0 &amp; DragSourceContext#dropActionChanged(java.awt.dnd.DragSourceDragEvent)#0 &amp; DnDEventMulticaster#dropActionChanged(java.awt.dnd.DragSourceDragEvent)#0 &amp; DragSourceAdapter#dropActionChanged(java.awt.dnd.DragSourceDragEvent)#0&quot; }"/>
        </annotation>
    </item>
    <item name='java.awt.dnd.DragSourceMotionListener void dragMouseMoved(java.awt.dnd.DragSourceDragEvent)'>
        <annotation name='com.intellij.inspections.tainted.annotation.equation.Equations'>
            <val val="{ &quot;dsde := DnDEventMulticaster#dragMouseMoved(java.awt.dnd.DragSourceDragEvent)#0 &amp; DragSourceAdapter#dragMouseMoved(java.awt.dnd.DragSourceDragEvent)#0 &amp; DragSourceContext#dragMouseMoved(java.awt.dnd.DragSourceDragEvent)#0 &amp; DragSource#processDragMouseMoved(java.awt.dnd.DragSourceDragEvent)#0&quot; }"/>
        </annotation>
    </item>
    <item name='java.awt.dnd.DropTarget'>
        <annotation name='com.intellij.inspections.tainted.annotation.equation.Equations'>
            <val val="{ &quot;DropTarget := DnDConstants#ACTION_COPY_OR_MOVE &amp; #setFlavorMap(java.awt.datatransfer.FlavorMap)#0&quot; }"/>
        </annotation>
    </item>
    <item name='java.awt.dnd.DropTarget DropTarget()'>
        <annotation name='com.intellij.inspections.tainted.annotation.equation.Equations'>
            <val val="{ &quot;DropTarget := DropTarget&quot; }"/>
        </annotation>
    </item>
    <item name='java.awt.dnd.DropTarget DropTarget(java.awt.Component, int, java.awt.dnd.DropTargetListener)'>
        <annotation name='com.intellij.inspections.tainted.annotation.equation.Equations'>
            <val val="{ &quot;ops := javax.swing.TransferHandler#COPY_OR_MOVE &amp; javax.swing.TransferHandler#LINK&quot;, &quot;DropTarget := DropTarget&quot;, &quot;c := javax.swing.TransferHandler.SwingDropTarget#SwingDropTarget(java.awt.Component)#0&quot; }"/>
        </annotation>
    </item>
    <item name='java.awt.dnd.DropTarget DropTarget(java.awt.Component, int, java.awt.dnd.DropTargetListener, boolean)'>
        <annotation name='com.intellij.inspections.tainted.annotation.equation.Equations'>
            <val val="{ &quot;ops := #DropTarget(java.awt.Component, int, java.awt.dnd.DropTargetListener)#1&quot;, &quot;dtl := #DropTarget(java.awt.Component, int, java.awt.dnd.DropTargetListener)#2&quot;, &quot;c := #DropTarget(java.awt.Component, int, java.awt.dnd.DropTargetListener)#0&quot;, &quot;DropTarget := DropTarget&quot; }"/>
        </annotation>
    </item>
    <item name='java.awt.dnd.DropTarget DropTarget(java.awt.Component, int, java.awt.dnd.DropTargetListener, boolean, java.awt.datatransfer.FlavorMap)'>
        <annotation name='com.intellij.inspections.tainted.annotation.equation.Equations'>
            <val val="{ &quot;dtl := #DropTarget(java.awt.Component, int, java.awt.dnd.DropTargetListener, boolean)#2 &amp; #DropTarget(java.awt.Component, java.awt.dnd.DropTargetListener)#1&quot;, &quot;c := #DropTarget(java.awt.Component, int, java.awt.dnd.DropTargetListener, boolean)#0 &amp; #DropTarget(java.awt.Component, java.awt.dnd.DropTargetListener)#0&quot;, &quot;DropTarget := DropTarget&quot;, &quot;ops := #DropTarget(java.awt.Component, int, java.awt.dnd.DropTargetListener, boolean)#1 &amp; DnDConstants#ACTION_COPY_OR_MOVE&quot; }"/>
        </annotation>
    </item>
    <item name='java.awt.dnd.DropTarget DropTarget(java.awt.Component, java.awt.dnd.DropTargetListener)'>
        <annotation name='com.intellij.inspections.tainted.annotation.equation.Equations'>
            <val val="{ &quot;DropTarget := DropTarget&quot; }"/>
        </annotation>
    </item>
    <item name='java.awt.dnd.DropTarget int getDefaultActions()'>
        <annotation name='com.intellij.inspections.tainted.annotation.equation.Equations'>
            <val val="{ &quot;getDefaultActions := DropTarget&quot; }"/>
        </annotation>
    </item>
    <item name='java.awt.dnd.DropTarget java.awt.Component getComponent()'>
        <annotation name='com.intellij.inspections.tainted.annotation.equation.Equations'>
            <val val="{ &quot;getComponent := DropTarget&quot; }"/>
        </annotation>
    </item>
    <item name='java.awt.dnd.DropTarget java.awt.datatransfer.FlavorMap getFlavorMap()'>
        <annotation name='com.intellij.inspections.tainted.annotation.equation.Equations'>
            <val val="{ &quot;getFlavorMap := DropTarget&quot; }"/>
        </annotation>
    </item>
    <item name='java.awt.dnd.DropTarget java.awt.dnd.DropTarget.DropTargetAutoScroller createDropTargetAutoScroller(java.awt.Component, java.awt.Point)'>
        <annotation name='com.intellij.inspections.tainted.annotation.equation.Equations'>
            <val val="{ &quot;p := #initializeAutoscrolling(java.awt.Point)#0&quot;, &quot;c := DropTarget&quot; }"/>
        </annotation>
    </item>
    <item name='java.awt.dnd.DropTarget java.awt.dnd.DropTargetContext getDropTargetContext()'>
        <annotation name='com.intellij.inspections.tainted.annotation.equation.Equations'>
            <val val="{ &quot;getDropTargetContext := DropTarget&quot; }"/>
        </annotation>
    </item>
    <item name='java.awt.dnd.DropTarget void addDropTargetListener(java.awt.dnd.DropTargetListener)'>
        <annotation name='com.intellij.inspections.tainted.annotation.equation.Equations'>
            <val val="{ &quot;dtl := #DropTarget(java.awt.Component, int, java.awt.dnd.DropTargetListener, boolean, java.awt.datatransfer.FlavorMap)#2 &amp; javax.swing.TransferHandler.SwingDropTarget#addDropTargetListener(java.awt.dnd.DropTargetListener)#0&quot; }"/>
        </annotation>
    </item>
    <item name='java.awt.dnd.DropTarget void addNotify(java.awt.peer.ComponentPeer)'>
        <annotation name='com.intellij.inspections.tainted.annotation.equation.Equations'>
            <val val="{ &quot;peer := java.awt.Component &amp; DropTarget&quot; }"/>
        </annotation>
    </item>
    <item name='java.awt.dnd.DropTarget void doSetDefaultActions(int)'>
        <annotation name='com.intellij.inspections.tainted.annotation.equation.Equations'>
            <val val="{ &quot;ops := DropTargetContext#setTargetActions(int)#0&quot; }"/>
        </annotation>
    </item>
    <item name='java.awt.dnd.DropTarget void dragEnter(java.awt.dnd.DropTargetDragEvent)'>
        <annotation name='com.intellij.inspections.tainted.annotation.equation.Equations'>
            <val val="{ &quot;dtde := javax.swing.TransferHandler.SwingDropTarget#dragEnter(java.awt.dnd.DropTargetDragEvent)#0&quot; }"/>
        </annotation>
    </item>
    <item name='java.awt.dnd.DropTarget void dragExit(java.awt.dnd.DropTargetEvent)'>
        <annotation name='com.intellij.inspections.tainted.annotation.equation.Equations'>
            <val val="{ &quot;dte := javax.swing.TransferHandler.SwingDropTarget#dragExit(java.awt.dnd.DropTargetEvent)#0&quot; }"/>
        </annotation>
    </item>
    <item name='java.awt.dnd.DropTarget void dragOver(java.awt.dnd.DropTargetDragEvent)'>
        <annotation name='com.intellij.inspections.tainted.annotation.equation.Equations'>
            <val val="{ &quot;dtde := javax.swing.TransferHandler.SwingDropTarget#dragOver(java.awt.dnd.DropTargetDragEvent)#0&quot; }"/>
        </annotation>
    </item>
    <item name='java.awt.dnd.DropTarget void drop(java.awt.dnd.DropTargetDropEvent)'>
        <annotation name='com.intellij.inspections.tainted.annotation.equation.Equations'>
            <val val="{ &quot;dtde := javax.swing.TransferHandler.SwingDropTarget#drop(java.awt.dnd.DropTargetDropEvent)#0&quot; }"/>
        </annotation>
    </item>
    <item name='java.awt.dnd.DropTarget void dropActionChanged(java.awt.dnd.DropTargetDragEvent)'>
        <annotation name='com.intellij.inspections.tainted.annotation.equation.Equations'>
            <val val="{ &quot;dtde := javax.swing.TransferHandler.SwingDropTarget#dropActionChanged(java.awt.dnd.DropTargetDragEvent)#0&quot; }"/>
        </annotation>
    </item>
    <item name='java.awt.dnd.DropTarget void removeDropTargetListener(java.awt.dnd.DropTargetListener)'>
        <annotation name='com.intellij.inspections.tainted.annotation.equation.Equations'>
            <val val="{ &quot;dtl := javax.swing.TransferHandler.SwingDropTarget#removeDropTargetListener(java.awt.dnd.DropTargetListener)#0&quot; }"/>
        </annotation>
    </item>
    <item name='java.awt.dnd.DropTarget void removeNotify(java.awt.peer.ComponentPeer)'>
        <annotation name='com.intellij.inspections.tainted.annotation.equation.Equations'>
            <val val="{ &quot;peer := java.awt.Component &amp; DropTarget&quot; }"/>
        </annotation>
    </item>
    <item name='java.awt.dnd.DropTarget void setComponent(java.awt.Component)'>
        <annotation name='com.intellij.inspections.tainted.annotation.equation.Equations'>
            <val val="{ &quot;c := java.awt.Component&quot; }"/>
        </annotation>
    </item>
    <item name='java.awt.dnd.DropTarget void setDefaultActions(int)'>
        <annotation name='com.intellij.inspections.tainted.annotation.equation.Equations'>
            <val val="{ &quot;ops := #DropTarget(java.awt.Component, int, java.awt.dnd.DropTargetListener, boolean, java.awt.datatransfer.FlavorMap)#1&quot; }"/>
        </annotation>
    </item>
    <item name='java.awt.dnd.DropTarget.DropTargetAutoScroller'>
        <annotation name='com.intellij.inspections.tainted.annotation.equation.Equations'>
            <val val="{ &quot;DropTargetAutoScroller := &quot; }"/>
        </annotation>
    </item>
    <item name='java.awt.dnd.DropTarget.DropTargetAutoScroller DropTargetAutoScroller(java.awt.Component, java.awt.Point)'>
        <annotation name='com.intellij.inspections.tainted.annotation.equation.Equations'>
            <val val="{ &quot;c := DropTarget#createDropTargetAutoScroller(java.awt.Component, java.awt.Point)#0&quot;, &quot;p := DropTarget#createDropTargetAutoScroller(java.awt.Component, java.awt.Point)#1&quot;, &quot;DropTargetAutoScroller := DropTarget.DropTargetAutoScroller&quot; }"/>
        </annotation>
    </item>
    <item name='java.awt.dnd.DropTarget.DropTargetAutoScroller void updateLocation(java.awt.Point)'>
        <annotation name='com.intellij.inspections.tainted.annotation.equation.Equations'>
            <val val="{ &quot;newLocn := DropTarget#updateAutoscroll(java.awt.Point)#0&quot; }"/>
        </annotation>
    </item>
    <item name='java.awt.dnd.DropTargetContext DropTargetContext(java.awt.dnd.DropTarget)'>
        <annotation name='com.intellij.inspections.tainted.annotation.equation.Equations'>
            <val val="{ &quot;DropTargetContext := DropTargetContext&quot;, &quot;dt := DropTarget&quot; }"/>
        </annotation>
    </item>
    <item name='java.awt.dnd.DropTargetContext boolean isDataFlavorSupported(java.awt.datatransfer.DataFlavor)'>
        <annotation name='com.intellij.inspections.tainted.annotation.equation.Equations'>
            <val val="{ &quot;df := DropTargetDragEvent#isDataFlavorSupported(java.awt.datatransfer.DataFlavor)#0 &amp; DropTargetDropEvent#isDataFlavorSupported(java.awt.datatransfer.DataFlavor)#0&quot; }"/>
        </annotation>
    </item>
    <item name='java.awt.dnd.DropTargetContext java.awt.datatransfer.Transferable getTransferable()'>
        <annotation name='com.intellij.inspections.tainted.annotation.equation.Equations'>
            <val val="{ &quot;getTransferable := DropTargetContext&quot; }"/>
        </annotation>
    </item>
    <item name='java.awt.dnd.DropTargetContext java.awt.dnd.DropTarget getDropTarget()'>
        <annotation name='com.intellij.inspections.tainted.annotation.equation.Equations'>
            <val val="{ &quot;getDropTarget := DropTargetContext&quot; }"/>
        </annotation>
    </item>
    <item name='java.awt.dnd.DropTargetContext java.awt.dnd.peer.DropTargetContextPeer getDropTargetContextPeer()'>
        <annotation name='com.intellij.inspections.tainted.annotation.equation.Equations'>
            <val val="{ &quot;getDropTargetContextPeer := DropTargetContext&quot; }"/>
        </annotation>
    </item>
    <item name='java.awt.dnd.DropTargetContext void acceptDrag(int)'>
        <annotation name='com.intellij.inspections.tainted.annotation.equation.Equations'>
            <val val="{ &quot;dragOperation := DropTargetDragEvent#acceptDrag(int)#0&quot; }"/>
        </annotation>
    </item>
    <item name='java.awt.dnd.DropTargetContext void acceptDrop(int)'>
        <annotation name='com.intellij.inspections.tainted.annotation.equation.Equations'>
            <val val="{ &quot;dropOperation := DropTargetDropEvent#acceptDrop(int)#0&quot; }"/>
        </annotation>
    </item>
    <item name='java.awt.dnd.DropTargetContext void addNotify(java.awt.dnd.peer.DropTargetContextPeer)'>
        <annotation name='com.intellij.inspections.tainted.annotation.equation.Equations'>
            <val val="{ &quot;dtcp := sun.awt.dnd.SunDropTargetContextPeer &amp; sun.awt.dnd.SunDropTargetContextPeer&quot; }"/>
        </annotation>
    </item>
    <item name='java.awt.dnd.DropTargetContext void setTargetActions(int)'>
        <annotation name='com.intellij.inspections.tainted.annotation.equation.Equations'>
            <val val="{ &quot;actions := DropTarget#setDefaultActions(int)#0 &amp; DnDConstants#ACTION_COPY_OR_MOVE &amp; DnDConstants#ACTION_REFERENCE &amp; DnDConstants#ACTION_NONE&quot; }"/>
        </annotation>
    </item>
    <item name='java.awt.dnd.DropTargetContext.TransferableProxy TransferableProxy(java.awt.datatransfer.Transferable, boolean)'>
        <annotation name='com.intellij.inspections.tainted.annotation.equation.Equations'>
            <val val="{ &quot;TransferableProxy := DropTargetContext.TransferableProxy&quot;, &quot;t := DropTargetContext#createTransferableProxy(java.awt.datatransfer.Transferable, boolean)#0&quot; }"/>
        </annotation>
    </item>
    <item name='java.awt.dnd.DropTargetDragEvent DropTargetDragEvent(java.awt.dnd.DropTargetContext, java.awt.Point, int, int)'>
        <annotation name='com.intellij.inspections.tainted.annotation.equation.Equations'>
            <val val="{ &quot;srcActions := sun.awt.dnd.SunDropTargetContextPeer &amp; sun.awt.dnd.SunDropTargetContextPeer&quot;, &quot;dtc := sun.awt.dnd.SunDropTargetContextPeer &amp; sun.awt.dnd.SunDropTargetContextPeer&quot;, &quot;dropAction := sun.awt.dnd.SunDropTargetContextPeer &amp; sun.awt.dnd.SunDropTargetContextPeer&quot;, &quot;DropTargetDragEvent := DropTargetDragEvent&quot;, &quot;cursorLocn := &quot; }"/>
        </annotation>
    </item>
    <item name='java.awt.dnd.DropTargetDragEvent boolean isDataFlavorSupported(java.awt.datatransfer.DataFlavor)'>
        <annotation name='com.intellij.inspections.tainted.annotation.equation.Equations'>
            <val val="{ &quot;df := javax.swing.TransferHandler.TransferSupport#isDataFlavorSupported(java.awt.datatransfer.DataFlavor)#0&quot; }"/>
        </annotation>
    </item>
    <item name='java.awt.dnd.DropTargetDragEvent int getDropAction()'>
        <annotation name='com.intellij.inspections.tainted.annotation.equation.Equations'>
            <val val="{ &quot;getDropAction := DropTargetDragEvent&quot; }"/>
        </annotation>
    </item>
    <item name='java.awt.dnd.DropTargetDragEvent int getSourceActions()'>
        <annotation name='com.intellij.inspections.tainted.annotation.equation.Equations'>
            <val val="{ &quot;getSourceActions := DropTargetDragEvent&quot; }"/>
        </annotation>
    </item>
    <item name='java.awt.dnd.DropTargetDragEvent java.awt.Point getLocation()'>
        <annotation name='com.intellij.inspections.tainted.annotation.equation.Equations'>
            <val val="{ &quot;getLocation := DropTargetDragEvent&quot; }"/>
        </annotation>
    </item>
    <item name='java.awt.dnd.DropTargetDropEvent'>
        <annotation name='com.intellij.inspections.tainted.annotation.equation.Equations'>
            <val val="{ &quot;DropTargetDropEvent := #zero &amp; DnDConstants#ACTION_NONE&quot; }"/>
        </annotation>
    </item>
    <item name='java.awt.dnd.DropTargetDropEvent DropTargetDropEvent(java.awt.dnd.DropTargetContext, java.awt.Point, int, int)'>
        <annotation name='com.intellij.inspections.tainted.annotation.equation.Equations'>
            <val val="{ &quot;cursorLocn := #DropTargetDropEvent(java.awt.dnd.DropTargetContext, java.awt.Point, int, int, boolean)#1&quot;, &quot;dtc := #DropTargetDropEvent(java.awt.dnd.DropTargetContext, java.awt.Point, int, int, boolean)#0&quot;, &quot;dropAction := #DropTargetDropEvent(java.awt.dnd.DropTargetContext, java.awt.Point, int, int, boolean)#2&quot;, &quot;srcActions := #DropTargetDropEvent(java.awt.dnd.DropTargetContext, java.awt.Point, int, int, boolean)#3&quot;, &quot;DropTargetDropEvent := DropTargetDropEvent&quot; }"/>
        </annotation>
    </item>
    <item name='java.awt.dnd.DropTargetDropEvent DropTargetDropEvent(java.awt.dnd.DropTargetContext, java.awt.Point, int, int, boolean)'>
        <annotation name='com.intellij.inspections.tainted.annotation.equation.Equations'>
            <val val="{ &quot;dtc := &quot;, &quot;cursorLocn := &quot;, &quot;dropAction := sun.awt.dnd.SunDropTargetContextPeer &amp; sun.awt.dnd.SunDropTargetContextPeer&quot;, &quot;DropTargetDropEvent := DropTargetDropEvent&quot;, &quot;srcActions := sun.awt.dnd.SunDropTargetContextPeer &amp; sun.awt.dnd.SunDropTargetContextPeer&quot; }"/>
        </annotation>
    </item>
    <item name='java.awt.dnd.DropTargetDropEvent boolean isDataFlavorSupported(java.awt.datatransfer.DataFlavor)'>
        <annotation name='com.intellij.inspections.tainted.annotation.equation.Equations'>
            <val val="{ &quot;df := javax.swing.TransferHandler.TransferSupport#isDataFlavorSupported(java.awt.datatransfer.DataFlavor)#0&quot; }"/>
        </annotation>
    </item>
    <item name='java.awt.dnd.DropTargetDropEvent int getDropAction()'>
        <annotation name='com.intellij.inspections.tainted.annotation.equation.Equations'>
            <val val="{ &quot;getDropAction := DropTargetDropEvent&quot; }"/>
        </annotation>
    </item>
    <item name='java.awt.dnd.DropTargetDropEvent int getSourceActions()'>
        <annotation name='com.intellij.inspections.tainted.annotation.equation.Equations'>
            <val val="{ &quot;getSourceActions := DropTargetDropEvent&quot; }"/>
        </annotation>
    </item>
    <item name='java.awt.dnd.DropTargetDropEvent java.awt.Point getLocation()'>
        <annotation name='com.intellij.inspections.tainted.annotation.equation.Equations'>
            <val val="{ &quot;getLocation := DropTargetDropEvent&quot; }"/>
        </annotation>
    </item>
    <item name='java.awt.dnd.DropTargetDropEvent void acceptDrop(int)'>
        <annotation name='com.intellij.inspections.tainted.annotation.equation.Equations'>
            <val val="{ &quot;dropAction := &quot; }"/>
        </annotation>
    </item>
    <item name='java.awt.dnd.DropTargetEvent DropTargetEvent(java.awt.dnd.DropTargetContext)'>
        <annotation name='com.intellij.inspections.tainted.annotation.equation.Equations'>
            <val val="{ &quot;DropTargetEvent := DropTargetEvent&quot;, &quot;dtc := sun.awt.dnd.SunDropTargetContextPeer &amp; DropTargetDragEvent#DropTargetDragEvent(java.awt.dnd.DropTargetContext, java.awt.Point, int, int)#0 &amp; DropTargetDropEvent#DropTargetDropEvent(java.awt.dnd.DropTargetContext, java.awt.Point, int, int)#0 &amp; sun.awt.dnd.SunDropTargetContextPeer&quot; }"/>
        </annotation>
    </item>
    <item name='java.awt.dnd.DropTargetListener void dragEnter(java.awt.dnd.DropTargetDragEvent)'>
        <annotation name='com.intellij.inspections.tainted.annotation.equation.Equations'>
            <val val="{ &quot;dtde := javax.swing.TransferHandler.SwingDropTarget#dragEnter(java.awt.dnd.DropTargetDragEvent)#0 &amp; DropTarget#dragEnter(java.awt.dnd.DropTargetDragEvent)#0 &amp; DropTargetAdapter#dragEnter(java.awt.dnd.DropTargetDragEvent)#0 &amp; javax.swing.TransferHandler.DropHandler#dragEnter(java.awt.dnd.DropTargetDragEvent)#0&quot; }"/>
        </annotation>
    </item>
    <item name='java.awt.dnd.DropTargetListener void dragExit(java.awt.dnd.DropTargetEvent)'>
        <annotation name='com.intellij.inspections.tainted.annotation.equation.Equations'>
            <val val="{ &quot;dte := javax.swing.TransferHandler.DropHandler#dragExit(java.awt.dnd.DropTargetEvent)#0 &amp; DropTarget#dragExit(java.awt.dnd.DropTargetEvent)#0 &amp; DropTargetAdapter#dragExit(java.awt.dnd.DropTargetEvent)#0&quot; }"/>
        </annotation>
    </item>
    <item name='java.awt.dnd.DropTargetListener void dragOver(java.awt.dnd.DropTargetDragEvent)'>
        <annotation name='com.intellij.inspections.tainted.annotation.equation.Equations'>
            <val val="{ &quot;dtde := javax.swing.TransferHandler.DropHandler#dragOver(java.awt.dnd.DropTargetDragEvent)#0 &amp; DropTarget#dragOver(java.awt.dnd.DropTargetDragEvent)#0 &amp; DropTargetAdapter#dragOver(java.awt.dnd.DropTargetDragEvent)#0&quot; }"/>
        </annotation>
    </item>
    <item name='java.awt.dnd.DropTargetListener void drop(java.awt.dnd.DropTargetDropEvent)'>
        <annotation name='com.intellij.inspections.tainted.annotation.equation.Equations'>
            <val val="{ &quot;dtde := javax.swing.TransferHandler.SwingDropTarget#drop(java.awt.dnd.DropTargetDropEvent)#0 &amp; DropTarget#drop(java.awt.dnd.DropTargetDropEvent)#0 &amp; javax.swing.TransferHandler.DropHandler#drop(java.awt.dnd.DropTargetDropEvent)#0&quot; }"/>
        </annotation>
    </item>
    <item name='java.awt.dnd.DropTargetListener void dropActionChanged(java.awt.dnd.DropTargetDragEvent)'>
        <annotation name='com.intellij.inspections.tainted.annotation.equation.Equations'>
            <val val="{ &quot;dtde := javax.swing.TransferHandler.SwingDropTarget#dropActionChanged(java.awt.dnd.DropTargetDragEvent)#0 &amp; DropTarget#dropActionChanged(java.awt.dnd.DropTargetDragEvent)#0 &amp; DropTargetAdapter#dropActionChanged(java.awt.dnd.DropTargetDragEvent)#0 &amp; javax.swing.TransferHandler.DropHandler#dropActionChanged(java.awt.dnd.DropTargetDragEvent)#0&quot; }"/>
        </annotation>
    </item>
    <item name='java.awt.dnd.InvalidDnDOperationException InvalidDnDOperationException()'>
        <annotation name='com.intellij.inspections.tainted.annotation.equation.Equations'>
            <val val="{ &quot;InvalidDnDOperationException := InvalidDnDOperationException&quot; }"/>
        </annotation>
    </item>
    <item name='java.awt.dnd.InvalidDnDOperationException InvalidDnDOperationException(java.lang.String)'>
        <annotation name='com.intellij.inspections.tainted.annotation.equation.Equations'>
            <val val="{ &quot;InvalidDnDOperationException := InvalidDnDOperationException&quot; }"/>
        </annotation>
    </item>
    <item name='java.awt.dnd.MouseDragGestureRecognizer MouseDragGestureRecognizer(java.awt.dnd.DragSource)'>
        <annotation name='com.intellij.inspections.tainted.annotation.equation.Equations'>
            <val val="{ &quot;MouseDragGestureRecognizer := MouseDragGestureRecognizer&quot; }"/>
        </annotation>
    </item>
    <item name='java.awt.dnd.MouseDragGestureRecognizer MouseDragGestureRecognizer(java.awt.dnd.DragSource, java.awt.Component)'>
        <annotation name='com.intellij.inspections.tainted.annotation.equation.Equations'>
            <val val="{ &quot;MouseDragGestureRecognizer := MouseDragGestureRecognizer&quot;, &quot;ds := #MouseDragGestureRecognizer(java.awt.dnd.DragSource)#0&quot; }"/>
        </annotation>
    </item>
    <item name='java.awt.dnd.MouseDragGestureRecognizer MouseDragGestureRecognizer(java.awt.dnd.DragSource, java.awt.Component, int)'>
        <annotation name='com.intellij.inspections.tainted.annotation.equation.Equations'>
            <val val="{ &quot;MouseDragGestureRecognizer := MouseDragGestureRecognizer&quot;, &quot;ds := #MouseDragGestureRecognizer(java.awt.dnd.DragSource, java.awt.Component)#0&quot;, &quot;c := #MouseDragGestureRecognizer(java.awt.dnd.DragSource, java.awt.Component)#1&quot;, &quot;act := DnDConstants#ACTION_NONE&quot; }"/>
        </annotation>
    </item>
    <item name='java.awt.dnd.MouseDragGestureRecognizer MouseDragGestureRecognizer(java.awt.dnd.DragSource, java.awt.Component, int, java.awt.dnd.DragGestureListener)'>
        <annotation name='com.intellij.inspections.tainted.annotation.equation.Equations'>
            <val val="{ &quot;MouseDragGestureRecognizer := MouseDragGestureRecognizer&quot;, &quot;c := #MouseDragGestureRecognizer(java.awt.dnd.DragSource, java.awt.Component, int)#1&quot;, &quot;ds := #MouseDragGestureRecognizer(java.awt.dnd.DragSource, java.awt.Component, int)#0&quot;, &quot;act := #MouseDragGestureRecognizer(java.awt.dnd.DragSource, java.awt.Component, int)#2&quot; }"/>
        </annotation>
    </item>
    <item name='java.awt.dnd.SerializationTester boolean test(java.lang.Object)'>
        <annotation name='com.intellij.inspections.tainted.annotation.equation.Equations'>
            <val val="{ &quot;obj := DragSource &amp; DragGestureEvent &amp; DropTarget &amp; DragSourceContext &amp; DragGestureRecognizer&quot; }"/>
        </annotation>
    </item>
</root>