<root>
    <item name='javax.swing.plaf.multi.MultiLookAndFeel javax.swing.plaf.ComponentUI createUIs(javax.swing.plaf.ComponentUI, java.util.Vector, javax.swing.JComponent)'>
        <annotation name='com.intellij.inspections.tainted.annotation.equation.Equations'>
            <val val="{ &quot;createUIs := mui&quot;, &quot;target := MultiListUI#createUI(javax.swing.JComponent)#0 &amp; MultiTextUI#createUI(javax.swing.JComponent)#0 &amp; MultiLabelUI#createUI(javax.swing.JComponent)#0 &amp; MultiTreeUI#createUI(javax.swing.JComponent)#0 &amp; MultiPanelUI#createUI(javax.swing.JComponent)#0 &amp; MultiTableUI#createUI(javax.swing.JComponent)#0 &amp; MultiButtonUI#createUI(javax.swing.JComponent)#0 &amp; MultiSliderUI#createUI(javax.swing.JComponent)#0 &amp; MultiMenuBarUI#createUI(javax.swing.JComponent)#0 &amp; MultiSpinnerUI#createUI(javax.swing.JComponent)#0 &amp; MultiToolTipUI#createUI(javax.swing.JComponent)#0 &amp; MultiToolBarUI#createUI(javax.swing.JComponent)#0 &amp; MultiMenuItemUI#createUI(javax.swing.JComponent)#0 &amp; MultiRootPaneUI#createUI(javax.swing.JComponent)#0 &amp; MultiComboBoxUI#createUI(javax.swing.JComponent)#0 &amp; MultiViewportUI#createUI(javax.swing.JComponent)#0 &amp; MultiSeparatorUI#createUI(javax.swing.JComponent)#0 &amp; MultiScrollBarUI#createUI(javax.swing.JComponent)#0 &amp; MultiPopupMenuUI#createUI(javax.swing.JComponent)#0 &amp; MultiOptionPaneUI#createUI(javax.swing.JComponent)#0 &amp; MultiSplitPaneUI#createUI(javax.swing.JComponent)#0 &amp; MultiScrollPaneUI#createUI(javax.swing.JComponent)#0 &amp; MultiDesktopIconUI#createUI(javax.swing.JComponent)#0 &amp; MultiTabbedPaneUI#createUI(javax.swing.JComponent)#0 &amp; MultiDesktopPaneUI#createUI(javax.swing.JComponent)#0 &amp; MultiProgressBarUI#createUI(javax.swing.JComponent)#0 &amp; MultiTableHeaderUI#createUI(javax.swing.JComponent)#0 &amp; MultiColorChooserUI#createUI(javax.swing.JComponent)#0 &amp; MultiFileChooserUI#createUI(javax.swing.JComponent)#0 &amp; MultiInternalFrameUI#createUI(javax.swing.JComponent)#0&quot; }"/>
        </annotation>
    </item>
    <item name='javax.swing.plaf.multi.MultiUIDefaults MultiUIDefaults(int, float)'>
        <annotation name='com.intellij.inspections.tainted.annotation.equation.Equations'>
            <val val="{ &quot;MultiUIDefaults := MultiUIDefaults&quot; }"/>
        </annotation>
    </item>
</root>