<root>
    <item name='javax.sql.rowset.BaseRowSet'>
        <annotation name='com.intellij.inspections.tainted.annotation.equation.Equations'>
            <val val="{ &quot;BaseRowSet := java.sql.ResultSet#TYPE_SCROLL_INSENSITIVE &amp; java.sql.ResultSet#CONCUR_UPDATABLE &amp; java.sql.ResultSet#FETCH_FORWARD &amp; #setCommand(java.lang.String)#0 &amp; #setUrl(java.lang.String)#0 &amp; #setDataSourceName(java.lang.String)#0 &amp; #setUsername(java.lang.String)#0 &amp; #setPassword(java.lang.String)#0 &amp; #setType(int)#0 &amp; #setConcurrency(int)#0 &amp; #setTransactionIsolation(int)#0 &amp; #setTypeMap(java.util.Map)#0 &amp; #setMaxFieldSize(int)#0 &amp; #setMaxRows(int)#0 &amp; #setQueryTimeout(int)#0 &amp; #setFetchDirection(int)#0 &amp; #setFetchSize(int)#0&quot; }"/>
        </annotation>
    </item>
    <item name='javax.sql.rowset.BaseRowSet BaseRowSet()'>
        <annotation name='com.intellij.inspections.tainted.annotation.equation.Equations'>
            <val val="{ &quot;BaseRowSet := BaseRowSet&quot; }"/>
        </annotation>
    </item>
    <item name='javax.sql.rowset.BaseRowSet int getConcurrency()'>
        <annotation name='com.intellij.inspections.tainted.annotation.equation.Equations'>
            <val val="{ &quot;getConcurrency := BaseRowSet&quot; }"/>
        </annotation>
    </item>
    <item name='javax.sql.rowset.BaseRowSet int getFetchDirection()'>
        <annotation name='com.intellij.inspections.tainted.annotation.equation.Equations'>
            <val val="{ &quot;getFetchDirection := BaseRowSet&quot; }"/>
        </annotation>
    </item>
    <item name='javax.sql.rowset.BaseRowSet int getFetchSize()'>
        <annotation name='com.intellij.inspections.tainted.annotation.equation.Equations'>
            <val val="{ &quot;getFetchSize := BaseRowSet&quot; }"/>
        </annotation>
    </item>
    <item name='javax.sql.rowset.BaseRowSet int getMaxFieldSize()'>
        <annotation name='com.intellij.inspections.tainted.annotation.equation.Equations'>
            <val val="{ &quot;getMaxFieldSize := BaseRowSet&quot; }"/>
        </annotation>
    </item>
    <item name='javax.sql.rowset.BaseRowSet int getMaxRows()'>
        <annotation name='com.intellij.inspections.tainted.annotation.equation.Equations'>
            <val val="{ &quot;getMaxRows := BaseRowSet&quot; }"/>
        </annotation>
    </item>
    <item name='javax.sql.rowset.BaseRowSet int getQueryTimeout()'>
        <annotation name='com.intellij.inspections.tainted.annotation.equation.Equations'>
            <val val="{ &quot;getQueryTimeout := BaseRowSet&quot; }"/>
        </annotation>
    </item>
    <item name='javax.sql.rowset.BaseRowSet int getTransactionIsolation()'>
        <annotation name='com.intellij.inspections.tainted.annotation.equation.Equations'>
            <val val="{ &quot;getTransactionIsolation := BaseRowSet&quot; }"/>
        </annotation>
    </item>
    <item name='javax.sql.rowset.BaseRowSet int getType()'>
        <annotation name='com.intellij.inspections.tainted.annotation.equation.Equations'>
            <val val="{ &quot;getType := BaseRowSet&quot; }"/>
        </annotation>
    </item>
    <item name='javax.sql.rowset.BaseRowSet java.lang.String getCommand()'>
        <annotation name='com.intellij.inspections.tainted.annotation.equation.Equations'>
            <val val="{ &quot;getCommand := BaseRowSet&quot; }"/>
        </annotation>
    </item>
    <item name='javax.sql.rowset.BaseRowSet java.lang.String getDataSourceName()'>
        <annotation name='com.intellij.inspections.tainted.annotation.equation.Equations'>
            <val val="{ &quot;getDataSourceName := BaseRowSet&quot; }"/>
        </annotation>
    </item>
    <item name='javax.sql.rowset.BaseRowSet java.lang.String getPassword()'>
        <annotation name='com.intellij.inspections.tainted.annotation.equation.Equations'>
            <val val="{ &quot;getPassword := BaseRowSet&quot; }"/>
        </annotation>
    </item>
    <item name='javax.sql.rowset.BaseRowSet java.lang.String getUrl()'>
        <annotation name='com.intellij.inspections.tainted.annotation.equation.Equations'>
            <val val="{ &quot;getUrl := BaseRowSet&quot; }"/>
        </annotation>
    </item>
    <item name='javax.sql.rowset.BaseRowSet java.lang.String getUsername()'>
        <annotation name='com.intellij.inspections.tainted.annotation.equation.Equations'>
            <val val="{ &quot;getUsername := BaseRowSet&quot; }"/>
        </annotation>
    </item>
    <item name='javax.sql.rowset.BaseRowSet java.util.Map&lt;java.lang.String,java.lang.Class&lt;?&gt;&gt; getTypeMap()'>
        <annotation name='com.intellij.inspections.tainted.annotation.equation.Equations'>
            <val val="{ &quot;getTypeMap := BaseRowSet&quot; }"/>
        </annotation>
    </item>
    <item name='javax.sql.rowset.BaseRowSet void checkParamIndex(int)'>
        <annotation name='com.intellij.inspections.tainted.annotation.equation.Equations'>
            <val val="{ &quot;idx := #setNull(int, int, java.lang.String)#0 &amp; #setBigDecimal(int, java.math.BigDecimal)#0 &amp; #setString(int, java.lang.String)#0 &amp; #setBytes(int, byte[])#0 &amp; #setDate(int, java.sql.Date)#0 &amp; #setTime(int, java.sql.Time)#0 &amp; #setTimestamp(int, java.sql.Timestamp)#0 &amp; #setAsciiStream(int, java.io.InputStream, int)#0 &amp; #setBinaryStream(int, java.io.InputStream, int)#0 &amp; #setUnicodeStream(int, java.io.InputStream, int)#0 &amp; #setCharacterStream(int, java.io.Reader, int)#0 &amp; #setObject(int, java.lang.Object, int, int)#0 &amp; #setObject(int, java.lang.Object, int)#0 &amp; #setObject(int, java.lang.Object)#0 &amp; #setDate(int, java.sql.Date, java.util.Calendar)#0 &amp; #setTime(int, java.sql.Time, java.util.Calendar)#0 &amp; #setTimestamp(int, java.sql.Timestamp, java.util.Calendar)#0 &amp; #setNull(int, int)#0 &amp; #setBoolean(int, boolean)#0 &amp; #setByte(int, byte)#0 &amp; #setShort(int, short)#0 &amp; #setInt(int, int)#0 &amp; #setLong(int, long)#0 &amp; #setFloat(int, float)#0 &amp; #setDouble(int, double)#0 &amp; #setRef(int, java.sql.Ref)#0 &amp; #setBlob(int, java.sql.Blob)#0 &amp; #setClob(int, java.sql.Clob)#0 &amp; #setArray(int, java.sql.Array)#0&quot; }"/>
        </annotation>
    </item>
    <item name='javax.sql.rowset.RowSetMetaDataImpl'>
        <annotation name='com.intellij.inspections.tainted.annotation.equation.Equations'>
            <val val="{ &quot;RowSetMetaDataImpl := #setColumnCount(int)#0 &amp; #setNullable(int, int)#1 &amp; #setColumnDisplaySize(int, int)#1 &amp; #setColumnLabel(int, java.lang.String)#1 &amp; #setColumnName(int, java.lang.String)#1 &amp; #setSchemaName(int, java.lang.String)#1 &amp; #setPrecision(int, int)#1 &amp; #setScale(int, int)#1 &amp; #setTableName(int, java.lang.String)#1 &amp; #setCatalogName(int, java.lang.String)#1 &amp; #setColumnType(int, int)#1 &amp; #setColumnTypeName(int, java.lang.String)#1&quot; }"/>
        </annotation>
    </item>
    <item name='javax.sql.rowset.RowSetMetaDataImpl boolean isWrapperFor(java.lang.Class&lt;?&gt;)'>
        <annotation name='com.intellij.inspections.tainted.annotation.equation.Equations'>
            <val val="{ &quot;interfaces := #unwrap(java.lang.Class)#0&quot; }"/>
        </annotation>
    </item>
    <item name='javax.sql.rowset.RowSetMetaDataImpl int getColumnCount()'>
        <annotation name='com.intellij.inspections.tainted.annotation.equation.Equations'>
            <val val="{ &quot;getColumnCount := RowSetMetaDataImpl&quot; }"/>
        </annotation>
    </item>
    <item name='javax.sql.rowset.RowSetMetaDataImpl int getColumnDisplaySize(int)'>
        <annotation name='com.intellij.inspections.tainted.annotation.equation.Equations'>
            <val val="{ &quot;getColumnDisplaySize := RowSetMetaDataImpl&quot; }"/>
        </annotation>
    </item>
    <item name='javax.sql.rowset.RowSetMetaDataImpl int getColumnType(int)'>
        <annotation name='com.intellij.inspections.tainted.annotation.equation.Equations'>
            <val val="{ &quot;columnIndex := #getColumnClassName(int)#0&quot;, &quot;getColumnType := RowSetMetaDataImpl&quot; }"/>
        </annotation>
    </item>
    <item name='javax.sql.rowset.RowSetMetaDataImpl int getPrecision(int)'>
        <annotation name='com.intellij.inspections.tainted.annotation.equation.Equations'>
            <val val="{ &quot;getPrecision := RowSetMetaDataImpl&quot; }"/>
        </annotation>
    </item>
    <item name='javax.sql.rowset.RowSetMetaDataImpl int getScale(int)'>
        <annotation name='com.intellij.inspections.tainted.annotation.equation.Equations'>
            <val val="{ &quot;getScale := RowSetMetaDataImpl&quot; }"/>
        </annotation>
    </item>
    <item name='javax.sql.rowset.RowSetMetaDataImpl int isNullable(int)'>
        <annotation name='com.intellij.inspections.tainted.annotation.equation.Equations'>
            <val val="{ &quot;isNullable := RowSetMetaDataImpl&quot; }"/>
        </annotation>
    </item>
    <item name='javax.sql.rowset.RowSetMetaDataImpl java.lang.String getCatalogName(int)'>
        <annotation name='com.intellij.inspections.tainted.annotation.equation.Equations'>
            <val val="{ &quot;getCatalogName := RowSetMetaDataImpl&quot; }"/>
        </annotation>
    </item>
    <item name='javax.sql.rowset.RowSetMetaDataImpl java.lang.String getColumnLabel(int)'>
        <annotation name='com.intellij.inspections.tainted.annotation.equation.Equations'>
            <val val="{ &quot;getColumnLabel := RowSetMetaDataImpl&quot; }"/>
        </annotation>
    </item>
    <item name='javax.sql.rowset.RowSetMetaDataImpl java.lang.String getColumnName(int)'>
        <annotation name='com.intellij.inspections.tainted.annotation.equation.Equations'>
            <val val="{ &quot;getColumnName := RowSetMetaDataImpl&quot; }"/>
        </annotation>
    </item>
    <item name='javax.sql.rowset.RowSetMetaDataImpl java.lang.String getColumnTypeName(int)'>
        <annotation name='com.intellij.inspections.tainted.annotation.equation.Equations'>
            <val val="{ &quot;getColumnTypeName := RowSetMetaDataImpl&quot; }"/>
        </annotation>
    </item>
    <item name='javax.sql.rowset.RowSetMetaDataImpl java.lang.String getSchemaName(int)'>
        <annotation name='com.intellij.inspections.tainted.annotation.equation.Equations'>
            <val val="{ &quot;getSchemaName := RowSetMetaDataImpl&quot; }"/>
        </annotation>
    </item>
    <item name='javax.sql.rowset.RowSetMetaDataImpl java.lang.String getTableName(int)'>
        <annotation name='com.intellij.inspections.tainted.annotation.equation.Equations'>
            <val val="{ &quot;getTableName := RowSetMetaDataImpl&quot; }"/>
        </annotation>
    </item>
    <item name='javax.sql.rowset.RowSetMetaDataImpl void checkColRange(int)'>
        <annotation name='com.intellij.inspections.tainted.annotation.equation.Equations'>
            <val val="{ &quot;col := #setAutoIncrement(int, boolean)#0 &amp; #setCaseSensitive(int, boolean)#0 &amp; #setSearchable(int, boolean)#0 &amp; #setCurrency(int, boolean)#0 &amp; #setNullable(int, int)#0 &amp; #setSigned(int, boolean)#0 &amp; #setColumnDisplaySize(int, int)#0 &amp; #setColumnLabel(int, java.lang.String)#0 &amp; #setColumnName(int, java.lang.String)#0 &amp; #setSchemaName(int, java.lang.String)#0 &amp; #setPrecision(int, int)#0 &amp; #setScale(int, int)#0 &amp; #setTableName(int, java.lang.String)#0 &amp; #setCatalogName(int, java.lang.String)#0 &amp; #setColumnType(int, int)#0 &amp; #setColumnTypeName(int, java.lang.String)#0 &amp; #isAutoIncrement(int)#0 &amp; #isCaseSensitive(int)#0 &amp; #isSearchable(int)#0 &amp; #isCurrency(int)#0 &amp; #isNullable(int)#0 &amp; #isSigned(int)#0 &amp; #getColumnDisplaySize(int)#0 &amp; #getColumnLabel(int)#0 &amp; #getColumnName(int)#0 &amp; #getSchemaName(int)#0 &amp; #getPrecision(int)#0 &amp; #getScale(int)#0 &amp; #getTableName(int)#0 &amp; #getCatalogName(int)#0 &amp; #getColumnType(int)#0 &amp; #getColumnTypeName(int)#0 &amp; #isReadOnly(int)#0 &amp; #isWritable(int)#0 &amp; #isDefinitelyWritable(int)#0&quot; }"/>
        </annotation>
    </item>
    <item name='javax.sql.rowset.RowSetMetaDataImpl void checkColType(int)'>
        <annotation name='com.intellij.inspections.tainted.annotation.equation.Equations'>
            <val val="{ &quot;SQLType := #setColumnType(int, int)#1&quot; }"/>
        </annotation>
    </item>
    <item name='javax.sql.rowset.RowSetProvider'>
        <annotation name='com.intellij.inspections.tainted.annotation.equation.Equations'>
            <val val="{ &quot;RowSetProvider := &quot; }"/>
        </annotation>
    </item>
    <item name='javax.sql.rowset.RowSetProvider RowSetProvider()'>
        <annotation name='com.intellij.inspections.tainted.annotation.equation.Equations'>
            <val val="{ &quot;RowSetProvider := RowSetProvider&quot; }"/>
        </annotation>
    </item>
    <item name='javax.sql.rowset.RowSetProvider java.lang.Class&lt;?&gt; getFactoryClass(java.lang.String, java.lang.ClassLoader, boolean)'>
        <annotation name='com.intellij.inspections.tainted.annotation.equation.Equations'>
            <val val="{ &quot;cl := #newFactory(java.lang.String, java.lang.ClassLoader)#1&quot;, &quot;factoryClassName := #newFactory(java.lang.String, java.lang.ClassLoader)#0&quot; }"/>
        </annotation>
    </item>
    <item name='javax.sql.rowset.RowSetProvider java.lang.String getSystemProperty(java.lang.String)'>
        <annotation name='com.intellij.inspections.tainted.annotation.equation.Equations'>
            <val val="{ &quot;propName := #ROWSET_DEBUG_PROPERTY &amp; #ROWSET_FACTORY_NAME&quot; }"/>
        </annotation>
    </item>
    <item name='javax.sql.rowset.RowSetProvider javax.sql.rowset.RowSetFactory newFactory(java.lang.String, java.lang.ClassLoader)'>
        <annotation name='com.intellij.inspections.tainted.annotation.equation.Equations'>
            <val val="{ &quot;factoryClassName := #ROWSET_FACTORY_IMPL&quot; }"/>
        </annotation>
    </item>
    <item name='javax.sql.rowset.RowSetProvider void trace(java.lang.String)'>
        <annotation name='com.intellij.inspections.tainted.annotation.equation.Equations'>
            <val val="{ &quot;msg := #newFactory(java.lang.String, java.lang.ClassLoader)#1 &amp; #getSystemProperty(java.lang.String)#0&quot; }"/>
        </annotation>
    </item>
    <item name='javax.sql.rowset.RowSetWarning RowSetWarning()'>
        <annotation name='com.intellij.inspections.tainted.annotation.equation.Equations'>
            <val val="{ &quot;RowSetWarning := RowSetWarning&quot; }"/>
        </annotation>
    </item>
    <item name='javax.sql.rowset.RowSetWarning RowSetWarning(java.lang.String)'>
        <annotation name='com.intellij.inspections.tainted.annotation.equation.Equations'>
            <val val="{ &quot;RowSetWarning := RowSetWarning&quot; }"/>
        </annotation>
    </item>
    <item name='javax.sql.rowset.RowSetWarning RowSetWarning(java.lang.String, java.lang.String)'>
        <annotation name='com.intellij.inspections.tainted.annotation.equation.Equations'>
            <val val="{ &quot;RowSetWarning := RowSetWarning&quot; }"/>
        </annotation>
    </item>
    <item name='javax.sql.rowset.RowSetWarning RowSetWarning(java.lang.String, java.lang.String, int)'>
        <annotation name='com.intellij.inspections.tainted.annotation.equation.Equations'>
            <val val="{ &quot;RowSetWarning := RowSetWarning&quot; }"/>
        </annotation>
    </item>
</root>