<root>
    <item name='com.sun.org.apache.xml.internal.security.utils.resolver.implementations.ResolverAnonymous ResolverAnonymous(java.io.InputStream)'>
        <annotation name='com.intellij.inspections.tainted.annotation.equation.Equations'>
            <val val="{ &quot;ResolverAnonymous := ResolverAnonymous&quot; }"/>
        </annotation>
    </item>
    <item name='com.sun.org.apache.xml.internal.security.utils.resolver.implementations.ResolverAnonymous ResolverAnonymous(java.lang.String)'>
        <annotation name='com.intellij.inspections.tainted.annotation.equation.Equations'>
            <val val="{ &quot;ResolverAnonymous := ResolverAnonymous&quot; }"/>
        </annotation>
    </item>
    <item name='com.sun.org.apache.xml.internal.security.utils.resolver.implementations.ResolverAnonymous boolean engineCanResolveURI(com.sun.org.apache.xml.internal.security.utils.resolver.ResourceResolverContext)'>
        <annotation name='com.intellij.inspections.tainted.annotation.equation.Equations'>
            <val val="{ &quot;context := com.sun.org.apache.xml.internal.security.utils.resolver.ResourceResolverSpi#engineCanResolveURI(com.sun.org.apache.xml.internal.security.utils.resolver.ResourceResolverContext)#0 &amp; com.sun.org.apache.xml.internal.security.utils.resolver.ResourceResolverSpi#engineCanResolveURI(com.sun.org.apache.xml.internal.security.utils.resolver.ResourceResolverContext)#0&quot; }"/>
        </annotation>
    </item>
    <item name='com.sun.org.apache.xml.internal.security.utils.resolver.implementations.ResolverAnonymous com.sun.org.apache.xml.internal.security.signature.XMLSignatureInput engineResolveURI(com.sun.org.apache.xml.internal.security.utils.resolver.ResourceResolverContext)'>
        <annotation name='com.intellij.inspections.tainted.annotation.equation.Equations'>
            <val val="{ &quot;context := com.sun.org.apache.xml.internal.security.utils.resolver.ResourceResolverSpi#engineResolveURI(com.sun.org.apache.xml.internal.security.utils.resolver.ResourceResolverContext)#0 &amp; com.sun.org.apache.xml.internal.security.utils.resolver.ResourceResolverSpi#engineResolveURI(com.sun.org.apache.xml.internal.security.utils.resolver.ResourceResolverContext)#0&quot; }"/>
        </annotation>
    </item>
    <item name='com.sun.org.apache.xml.internal.security.utils.resolver.implementations.ResolverDirectHTTP'>
        <annotation name='com.intellij.inspections.tainted.annotation.equation.Equations'>
            <val val="{ &quot;ResolverDirectHTTP := &quot; }"/>
        </annotation>
    </item>
    <item name='com.sun.org.apache.xml.internal.security.utils.resolver.implementations.ResolverDirectHTTP boolean engineCanResolveURI(com.sun.org.apache.xml.internal.security.utils.resolver.ResourceResolverContext)'>
        <annotation name='com.intellij.inspections.tainted.annotation.equation.Equations'>
            <val val="{ &quot;context := com.sun.org.apache.xml.internal.security.utils.resolver.ResourceResolverSpi#engineCanResolveURI(com.sun.org.apache.xml.internal.security.utils.resolver.ResourceResolverContext)#0 &amp; com.sun.org.apache.xml.internal.security.utils.resolver.ResourceResolverSpi#engineCanResolveURI(com.sun.org.apache.xml.internal.security.utils.resolver.ResourceResolverContext)#0&quot; }"/>
        </annotation>
    </item>
    <item name='com.sun.org.apache.xml.internal.security.utils.resolver.implementations.ResolverDirectHTTP com.sun.org.apache.xml.internal.security.signature.XMLSignatureInput engineResolveURI(com.sun.org.apache.xml.internal.security.utils.resolver.ResourceResolverContext)'>
        <annotation name='com.intellij.inspections.tainted.annotation.equation.Equations'>
            <val val="{ &quot;context := com.sun.org.apache.xml.internal.security.utils.resolver.ResourceResolverSpi#engineResolveURI(com.sun.org.apache.xml.internal.security.utils.resolver.ResourceResolverContext)#0 &amp; com.sun.org.apache.xml.internal.security.utils.resolver.ResourceResolverSpi#engineResolveURI(com.sun.org.apache.xml.internal.security.utils.resolver.ResourceResolverContext)#0&quot; }"/>
        </annotation>
    </item>
    <item name='com.sun.org.apache.xml.internal.security.utils.resolver.implementations.ResolverDirectHTTP java.lang.String[] engineGetPropertyKeys()'>
        <annotation name='com.intellij.inspections.tainted.annotation.equation.Equations'>
            <val val="{ &quot;engineGetPropertyKeys := #properties&quot; }"/>
        </annotation>
    </item>
    <item name='com.sun.org.apache.xml.internal.security.utils.resolver.implementations.ResolverFragment boolean engineCanResolveURI(com.sun.org.apache.xml.internal.security.utils.resolver.ResourceResolverContext)'>
        <annotation name='com.intellij.inspections.tainted.annotation.equation.Equations'>
            <val val="{ &quot;context := com.sun.org.apache.xml.internal.security.utils.resolver.ResourceResolverSpi#engineCanResolveURI(com.sun.org.apache.xml.internal.security.utils.resolver.ResourceResolverContext)#0 &amp; com.sun.org.apache.xml.internal.security.utils.resolver.ResourceResolverSpi#engineCanResolveURI(com.sun.org.apache.xml.internal.security.utils.resolver.ResourceResolverContext)#0&quot; }"/>
        </annotation>
    </item>
    <item name='com.sun.org.apache.xml.internal.security.utils.resolver.implementations.ResolverFragment com.sun.org.apache.xml.internal.security.signature.XMLSignatureInput engineResolveURI(com.sun.org.apache.xml.internal.security.utils.resolver.ResourceResolverContext)'>
        <annotation name='com.intellij.inspections.tainted.annotation.equation.Equations'>
            <val val="{ &quot;context := com.sun.org.apache.xml.internal.security.utils.resolver.ResourceResolverSpi#engineResolveURI(com.sun.org.apache.xml.internal.security.utils.resolver.ResourceResolverContext)#0 &amp; com.sun.org.apache.xml.internal.security.utils.resolver.ResourceResolverSpi#engineResolveURI(com.sun.org.apache.xml.internal.security.utils.resolver.ResourceResolverContext)#0&quot; }"/>
        </annotation>
    </item>
    <item name='com.sun.org.apache.xml.internal.security.utils.resolver.implementations.ResolverLocalFilesystem'>
        <annotation name='com.intellij.inspections.tainted.annotation.equation.Equations'>
            <val val="{ &quot;ResolverLocalFilesystem := &quot; }"/>
        </annotation>
    </item>
    <item name='com.sun.org.apache.xml.internal.security.utils.resolver.implementations.ResolverLocalFilesystem boolean engineCanResolveURI(com.sun.org.apache.xml.internal.security.utils.resolver.ResourceResolverContext)'>
        <annotation name='com.intellij.inspections.tainted.annotation.equation.Equations'>
            <val val="{ &quot;context := com.sun.org.apache.xml.internal.security.utils.resolver.ResourceResolverSpi#engineCanResolveURI(com.sun.org.apache.xml.internal.security.utils.resolver.ResourceResolverContext)#0 &amp; com.sun.org.apache.xml.internal.security.utils.resolver.ResourceResolverSpi#engineCanResolveURI(com.sun.org.apache.xml.internal.security.utils.resolver.ResourceResolverContext)#0&quot; }"/>
        </annotation>
    </item>
    <item name='com.sun.org.apache.xml.internal.security.utils.resolver.implementations.ResolverLocalFilesystem com.sun.org.apache.xml.internal.security.signature.XMLSignatureInput engineResolveURI(com.sun.org.apache.xml.internal.security.utils.resolver.ResourceResolverContext)'>
        <annotation name='com.intellij.inspections.tainted.annotation.equation.Equations'>
            <val val="{ &quot;context := com.sun.org.apache.xml.internal.security.utils.resolver.ResourceResolverSpi#engineResolveURI(com.sun.org.apache.xml.internal.security.utils.resolver.ResourceResolverContext)#0 &amp; com.sun.org.apache.xml.internal.security.utils.resolver.ResourceResolverSpi#engineResolveURI(com.sun.org.apache.xml.internal.security.utils.resolver.ResourceResolverContext)#0&quot; }"/>
        </annotation>
    </item>
    <item name='com.sun.org.apache.xml.internal.security.utils.resolver.implementations.ResolverXPointer'>
        <annotation name='com.intellij.inspections.tainted.annotation.equation.Equations'>
            <val val="{ &quot;ResolverXPointer := &quot; }"/>
        </annotation>
    </item>
    <item name='com.sun.org.apache.xml.internal.security.utils.resolver.implementations.ResolverXPointer boolean engineCanResolveURI(com.sun.org.apache.xml.internal.security.utils.resolver.ResourceResolverContext)'>
        <annotation name='com.intellij.inspections.tainted.annotation.equation.Equations'>
            <val val="{ &quot;context := com.sun.org.apache.xml.internal.security.utils.resolver.ResourceResolverSpi#engineCanResolveURI(com.sun.org.apache.xml.internal.security.utils.resolver.ResourceResolverContext)#0 &amp; com.sun.org.apache.xml.internal.security.utils.resolver.ResourceResolverSpi#engineCanResolveURI(com.sun.org.apache.xml.internal.security.utils.resolver.ResourceResolverContext)#0&quot; }"/>
        </annotation>
    </item>
    <item name='com.sun.org.apache.xml.internal.security.utils.resolver.implementations.ResolverXPointer com.sun.org.apache.xml.internal.security.signature.XMLSignatureInput engineResolveURI(com.sun.org.apache.xml.internal.security.utils.resolver.ResourceResolverContext)'>
        <annotation name='com.intellij.inspections.tainted.annotation.equation.Equations'>
            <val val="{ &quot;context := com.sun.org.apache.xml.internal.security.utils.resolver.ResourceResolverSpi#engineResolveURI(com.sun.org.apache.xml.internal.security.utils.resolver.ResourceResolverContext)#0 &amp; com.sun.org.apache.xml.internal.security.utils.resolver.ResourceResolverSpi#engineResolveURI(com.sun.org.apache.xml.internal.security.utils.resolver.ResourceResolverContext)#0&quot; }"/>
        </annotation>
    </item>
</root>