<root>
    <item name='com.sun.org.apache.regexp.internal.CharacterArrayCharacterIterator CharacterArrayCharacterIterator(char[], int, int)'>
        <annotation name='com.intellij.inspections.tainted.annotation.equation.Equations'>
            <val val="{ &quot;CharacterArrayCharacterIterator := CharacterArrayCharacterIterator&quot; }"/>
        </annotation>
    </item>
    <item name='com.sun.org.apache.regexp.internal.CharacterArrayCharacterIterator char charAt(int)'>
        <annotation name='com.intellij.inspections.tainted.annotation.equation.Equations'>
            <val val="{ &quot;charAt := CharacterArrayCharacterIterator&quot; }"/>
        </annotation>
    </item>
    <item name='com.sun.org.apache.regexp.internal.CharacterArrayCharacterIterator java.lang.String substring(int, int)'>
        <annotation name='com.intellij.inspections.tainted.annotation.equation.Equations'>
            <val val="{ &quot;endIndex := CharacterArrayCharacterIterator&quot;, &quot;beginIndex := #substring(int)#0&quot; }"/>
        </annotation>
    </item>
    <item name='com.sun.org.apache.regexp.internal.CharacterIterator boolean isEnd(int)'>
        <annotation name='com.intellij.inspections.tainted.annotation.equation.Equations'>
            <val val="{ &quot;pos := CharacterArrayCharacterIterator#isEnd(int)#0 &amp; ReaderCharacterIterator#isEnd(int)#0 &amp; StringCharacterIterator#isEnd(int)#0 &amp; StreamCharacterIterator#isEnd(int)#0&quot; }"/>
        </annotation>
    </item>
    <item name='com.sun.org.apache.regexp.internal.CharacterIterator char charAt(int)'>
        <annotation name='com.intellij.inspections.tainted.annotation.equation.Equations'>
            <val val="{ &quot;charAt := StringCharacterIterator#charAt(int) &amp; CharacterArrayCharacterIterator#charAt(int) &amp; ReaderCharacterIterator#charAt(int) &amp; StreamCharacterIterator#charAt(int)&quot;, &quot;pos := StringCharacterIterator#charAt(int)#0 &amp; CharacterArrayCharacterIterator#charAt(int)#0 &amp; ReaderCharacterIterator#charAt(int)#0 &amp; StreamCharacterIterator#charAt(int)#0&quot; }"/>
        </annotation>
    </item>
    <item name='com.sun.org.apache.regexp.internal.CharacterIterator java.lang.String substring(int)'>
        <annotation name='com.intellij.inspections.tainted.annotation.equation.Equations'>
            <val val="{ &quot;beginIndex := ReaderCharacterIterator#substring(int)#0 &amp; StreamCharacterIterator#substring(int)#0 &amp; StringCharacterIterator#substring(int)#0 &amp; CharacterArrayCharacterIterator#substring(int)#0&quot;, &quot;substring := ReaderCharacterIterator#substring(int) &amp; StreamCharacterIterator#substring(int) &amp; StringCharacterIterator#substring(int) &amp; CharacterArrayCharacterIterator#substring(int)&quot; }"/>
        </annotation>
    </item>
    <item name='com.sun.org.apache.regexp.internal.CharacterIterator java.lang.String substring(int, int)'>
        <annotation name='com.intellij.inspections.tainted.annotation.equation.Equations'>
            <val val="{ &quot;beginIndex := ReaderCharacterIterator#substring(int, int)#0 &amp; StreamCharacterIterator#substring(int, int)#0 &amp; StringCharacterIterator#substring(int, int)#0 &amp; CharacterArrayCharacterIterator#substring(int, int)#0&quot;, &quot;endIndex := ReaderCharacterIterator#substring(int, int)#1 &amp; StreamCharacterIterator#substring(int, int)#1 &amp; StringCharacterIterator#substring(int, int)#1 &amp; CharacterArrayCharacterIterator#substring(int, int)#1&quot;, &quot;substring := ReaderCharacterIterator#substring(int, int) &amp; StreamCharacterIterator#substring(int, int) &amp; StringCharacterIterator#substring(int, int) &amp; CharacterArrayCharacterIterator#substring(int, int)&quot; }"/>
        </annotation>
    </item>
    <item name='com.sun.org.apache.regexp.internal.RE'>
        <annotation name='com.intellij.inspections.tainted.annotation.equation.Equations'>
            <val val="{ &quot;RE := #MAX_PAREN&quot; }"/>
        </annotation>
    </item>
    <item name='com.sun.org.apache.regexp.internal.RE RE()'>
        <annotation name='com.intellij.inspections.tainted.annotation.equation.Equations'>
            <val val="{ &quot;RE := RE&quot; }"/>
        </annotation>
    </item>
    <item name='com.sun.org.apache.regexp.internal.RE RE(com.sun.org.apache.regexp.internal.REProgram)'>
        <annotation name='com.intellij.inspections.tainted.annotation.equation.Equations'>
            <val val="{ &quot;RE := RE&quot;, &quot;program := &quot; }"/>
        </annotation>
    </item>
    <item name='com.sun.org.apache.regexp.internal.RE RE(com.sun.org.apache.regexp.internal.REProgram, int)'>
        <annotation name='com.intellij.inspections.tainted.annotation.equation.Equations'>
            <val val="{ &quot;RE := RE&quot;, &quot;program := #RE(com.sun.org.apache.regexp.internal.REProgram)#0&quot;, &quot;matchFlags := #MATCH_NORMAL&quot; }"/>
        </annotation>
    </item>
    <item name='com.sun.org.apache.regexp.internal.RE RE(java.lang.String)'>
        <annotation name='com.intellij.inspections.tainted.annotation.equation.Equations'>
            <val val="{ &quot;RE := RE&quot; }"/>
        </annotation>
    </item>
    <item name='com.sun.org.apache.regexp.internal.RE RE(java.lang.String, int)'>
        <annotation name='com.intellij.inspections.tainted.annotation.equation.Equations'>
            <val val="{ &quot;matchFlags := #MATCH_MULTILINE &amp; REUtil#createRE(java.lang.String, int)#1 &amp; #MATCH_NORMAL&quot;, &quot;RE := RE&quot;, &quot;pattern := #RE(java.lang.String)#0&quot; }"/>
        </annotation>
    </item>
    <item name='com.sun.org.apache.regexp.internal.RE boolean isNewline(int)'>
        <annotation name='com.intellij.inspections.tainted.annotation.equation.Equations'>
            <val val="{ &quot;i := #matchNodes(int, int, int)#2&quot; }"/>
        </annotation>
    </item>
    <item name='com.sun.org.apache.regexp.internal.RE boolean match(com.sun.org.apache.regexp.internal.CharacterIterator, int)'>
        <annotation name='com.intellij.inspections.tainted.annotation.equation.Equations'>
            <val val="{ &quot;i := #match(java.lang.String, int)#1&quot; }"/>
        </annotation>
    </item>
    <item name='com.sun.org.apache.regexp.internal.RE boolean match(java.lang.String, int)'>
        <annotation name='com.intellij.inspections.tainted.annotation.equation.Equations'>
            <val val="{ &quot;search := com.sun.org.apache.bcel.internal.util.InstructionFinder &amp; #match(java.lang.String)#0 &amp; #split(java.lang.String)#0 &amp; #subst(java.lang.String, java.lang.String, int)#0&quot;, &quot;i := &quot; }"/>
        </annotation>
    </item>
    <item name='com.sun.org.apache.regexp.internal.RE boolean matchAt(int)'>
        <annotation name='com.intellij.inspections.tainted.annotation.equation.Equations'>
            <val val="{ &quot;i := #match(com.sun.org.apache.regexp.internal.CharacterIterator, int)#1&quot; }"/>
        </annotation>
    </item>
    <item name='com.sun.org.apache.regexp.internal.RE com.sun.org.apache.regexp.internal.REProgram getProgram()'>
        <annotation name='com.intellij.inspections.tainted.annotation.equation.Equations'>
            <val val="{ &quot;getProgram := RE&quot; }"/>
        </annotation>
    </item>
    <item name='com.sun.org.apache.regexp.internal.RE int compareChars(char, char, boolean)'>
        <annotation name='com.intellij.inspections.tainted.annotation.equation.Equations'>
            <val val="{ &quot;c2 := RE&quot;, &quot;compareChars := c1 &amp; c2&quot; }"/>
        </annotation>
    </item>
    <item name='com.sun.org.apache.regexp.internal.RE int getMatchFlags()'>
        <annotation name='com.intellij.inspections.tainted.annotation.equation.Equations'>
            <val val="{ &quot;getMatchFlags := RE&quot; }"/>
        </annotation>
    </item>
    <item name='com.sun.org.apache.regexp.internal.RE int getParenCount()'>
        <annotation name='com.intellij.inspections.tainted.annotation.equation.Equations'>
            <val val="{ &quot;getParenCount := RE&quot; }"/>
        </annotation>
    </item>
    <item name='com.sun.org.apache.regexp.internal.RE int getParenEnd(int)'>
        <annotation name='com.intellij.inspections.tainted.annotation.equation.Equations'>
            <val val="{ &quot;getParenEnd := RE&quot;, &quot;which := #getParen(int)#0 &amp; #getParenLength(int)#0 &amp; RE&quot; }"/>
        </annotation>
    </item>
    <item name='com.sun.org.apache.regexp.internal.RE int getParenStart(int)'>
        <annotation name='com.intellij.inspections.tainted.annotation.equation.Equations'>
            <val val="{ &quot;getParenStart := RE&quot;, &quot;which := #getParen(int)#0 &amp; #getParenLength(int)#0 &amp; RE&quot; }"/>
        </annotation>
    </item>
    <item name='com.sun.org.apache.regexp.internal.RE int matchNodes(int, int, int)'>
        <annotation name='com.intellij.inspections.tainted.annotation.equation.Equations'>
            <val val="{ &quot;matchNodes := idxStart&quot;, &quot;idxStart := #matchAt(int)#0&quot;, &quot;lastNode := #maxNode&quot; }"/>
        </annotation>
    </item>
    <item name='com.sun.org.apache.regexp.internal.RE java.lang.String simplePatternToFullRegularExpression(java.lang.String)'>
        <annotation name='com.intellij.inspections.tainted.annotation.equation.Equations'>
            <val val="{ &quot;pattern := REUtil#createRE(java.lang.String, int)#0&quot; }"/>
        </annotation>
    </item>
    <item name='com.sun.org.apache.regexp.internal.RE java.lang.String subst(java.lang.String, java.lang.String, int)'>
        <annotation name='com.intellij.inspections.tainted.annotation.equation.Equations'>
            <val val="{ &quot;flags := #REPLACE_BACKREFERENCES &amp; #REPLACE_ALL&quot;, &quot;substitution := #subst(java.lang.String, java.lang.String)#1&quot;, &quot;substituteIn := #subst(java.lang.String, java.lang.String)#0&quot; }"/>
        </annotation>
    </item>
    <item name='com.sun.org.apache.regexp.internal.RE java.lang.String[] grep(java.lang.Object[])'>
        <annotation name='com.intellij.inspections.tainted.annotation.equation.Equations'>
            <val val="{ &quot;search := &quot; }"/>
        </annotation>
    </item>
    <item name='com.sun.org.apache.regexp.internal.RE void internalError(java.lang.String)'>
        <annotation name='com.intellij.inspections.tainted.annotation.equation.Equations'>
            <val val="{ &quot;s := RE&quot; }"/>
        </annotation>
    </item>
    <item name='com.sun.org.apache.regexp.internal.RE void setMatchFlags(int)'>
        <annotation name='com.intellij.inspections.tainted.annotation.equation.Equations'>
            <val val="{ &quot;matchFlags := #MATCH_CASEINDEPENDENT &amp; #RE(java.lang.String, int)#1 &amp; #RE(com.sun.org.apache.regexp.internal.REProgram, int)#1&quot; }"/>
        </annotation>
    </item>
    <item name='com.sun.org.apache.regexp.internal.RE void setParenEnd(int, int)'>
        <annotation name='com.intellij.inspections.tainted.annotation.equation.Equations'>
            <val val="{ &quot;i := #matchNodes(int, int, int)#2&quot;, &quot;which := RE&quot; }"/>
        </annotation>
    </item>
    <item name='com.sun.org.apache.regexp.internal.RE void setParenStart(int, int)'>
        <annotation name='com.intellij.inspections.tainted.annotation.equation.Equations'>
            <val val="{ &quot;which := RE&quot;, &quot;i := #matchNodes(int, int, int)#2 &amp; #matchAt(int)#0&quot; }"/>
        </annotation>
    </item>
    <item name='com.sun.org.apache.regexp.internal.RE void setProgram(com.sun.org.apache.regexp.internal.REProgram)'>
        <annotation name='com.intellij.inspections.tainted.annotation.equation.Equations'>
            <val val="{ &quot;program := #RE(com.sun.org.apache.regexp.internal.REProgram, int)#0&quot; }"/>
        </annotation>
    </item>
    <item name='com.sun.org.apache.regexp.internal.RECompiler'>
        <annotation name='com.intellij.inspections.tainted.annotation.equation.Equations'>
            <val val="{ &quot;RECompiler := RECompiler &amp; #bracketUnbounded&quot; }"/>
        </annotation>
    </item>
    <item name='com.sun.org.apache.regexp.internal.RECompiler RECompiler()'>
        <annotation name='com.intellij.inspections.tainted.annotation.equation.Equations'>
            <val val="{ &quot;RECompiler := RECompiler&quot; }"/>
        </annotation>
    </item>
    <item name='com.sun.org.apache.regexp.internal.RECompiler com.sun.org.apache.regexp.internal.REProgram compile(java.lang.String)'>
        <annotation name='com.intellij.inspections.tainted.annotation.equation.Equations'>
            <val val="{ &quot;pattern := recompile#main(java.lang.String[])#0 &amp; RETestCase &amp; RE#RE(java.lang.String, int)#0 &amp; RETest#runInteractiveTests(java.lang.String)#0&quot; }"/>
        </annotation>
    </item>
    <item name='com.sun.org.apache.regexp.internal.RECompiler int branch(int[])'>
        <annotation name='com.intellij.inspections.tainted.annotation.equation.Equations'>
            <val val="{ &quot;flags := #expr(int[])#0&quot; }"/>
        </annotation>
    </item>
    <item name='com.sun.org.apache.regexp.internal.RECompiler int closure(int[])'>
        <annotation name='com.intellij.inspections.tainted.annotation.equation.Equations'>
            <val val="{ &quot;flags := #NODE_NORMAL&quot; }"/>
        </annotation>
    </item>
    <item name='com.sun.org.apache.regexp.internal.RECompiler int escape()'>
        <annotation name='com.intellij.inspections.tainted.annotation.equation.Equations'>
            <val val="{ &quot;escape := #ESC_COMPLEX &amp; #ESC_CLASS &amp; #ESC_BACKREF&quot; }"/>
        </annotation>
    </item>
    <item name='com.sun.org.apache.regexp.internal.RECompiler int expr(int[])'>
        <annotation name='com.intellij.inspections.tainted.annotation.equation.Equations'>
            <val val="{ &quot;flags := #terminal(int[])#0 &amp; #NODE_NULLABLE &amp; #NODE_TOPLEVEL&quot; }"/>
        </annotation>
    </item>
    <item name='com.sun.org.apache.regexp.internal.RECompiler int node(char, int)'>
        <annotation name='com.intellij.inspections.tainted.annotation.equation.Equations'>
            <val val="{ &quot;opcode := RE#OP_POSIXCLASS &amp; RE#OP_ANYOF &amp; RE#OP_ATOM &amp; RE#OP_ESCAPE &amp; RE#OP_BACKREF &amp; RE#OP_NOTHING &amp; RE#OP_BRANCH &amp; RE#OP_GOTO &amp; RE#OP_END &amp; RE#OP_OPEN_CLUSTER &amp; RE#OP_OPEN &amp; RE#OP_CLOSE &amp; RE#OP_CLOSE_CLUSTER&quot;, &quot;opdata := RECompiler&quot;, &quot;node := RECompiler &amp; RE#nodeSize&quot; }"/>
        </annotation>
    </item>
    <item name='com.sun.org.apache.regexp.internal.RECompiler int terminal(int[])'>
        <annotation name='com.intellij.inspections.tainted.annotation.equation.Equations'>
            <val val="{ &quot;flags := #NODE_NORMAL&quot; }"/>
        </annotation>
    </item>
    <item name='com.sun.org.apache.regexp.internal.RECompiler void ensure(int)'>
        <annotation name='com.intellij.inspections.tainted.annotation.equation.Equations'>
            <val val="{ &quot;n := RE#nodeSize&quot; }"/>
        </annotation>
    </item>
    <item name='com.sun.org.apache.regexp.internal.RECompiler void nodeInsert(char, int, int)'>
        <annotation name='com.intellij.inspections.tainted.annotation.equation.Equations'>
            <val val="{ &quot;opcode := RE#OP_BRANCH &amp; RE#OP_RELUCTANTMAYBE &amp; RE#OP_RELUCTANTSTAR &amp; RE#OP_RELUCTANTPLUS&quot; }"/>
        </annotation>
    </item>
    <item name='com.sun.org.apache.regexp.internal.RECompiler void setNextOfEnd(int, int)'>
        <annotation name='com.intellij.inspections.tainted.annotation.equation.Equations'>
            <val val="{ &quot;pointTo := RECompiler&quot;, &quot;node := RE#nodeSize &amp; RECompiler&quot; }"/>
        </annotation>
    </item>
    <item name='com.sun.org.apache.regexp.internal.RECompiler.RERange'>
        <annotation name='com.intellij.inspections.tainted.annotation.equation.Equations'>
            <val val="{ &quot;RERange := RERange&quot; }"/>
        </annotation>
    </item>
    <item name='com.sun.org.apache.regexp.internal.RECompiler.RERange void include(char, boolean)'>
        <annotation name='com.intellij.inspections.tainted.annotation.equation.Equations'>
            <val val="{ &quot;minmax := java.lang.Character#MAX_VALUE&quot; }"/>
        </annotation>
    </item>
    <item name='com.sun.org.apache.regexp.internal.RECompiler.RERange void include(int, int, boolean)'>
        <annotation name='com.intellij.inspections.tainted.annotation.equation.Equations'>
            <val val="{ &quot;max := java.lang.Character#MAX_VALUE &amp; #include(char, boolean)#0&quot;, &quot;min := java.lang.Character#MIN_VALUE &amp; java.lang.Character#MAX_VALUE &amp; #include(char, boolean)#0&quot; }"/>
        </annotation>
    </item>
    <item name='com.sun.org.apache.regexp.internal.RECompiler.RERange void merge(int, int)'>
        <annotation name='com.intellij.inspections.tainted.annotation.equation.Equations'>
            <val val="{ &quot;max := #remove(int, int)#0 &amp; RECompiler.RERange &amp; #include(int, int, boolean)#1&quot;, &quot;min := RECompiler.RERange &amp; #remove(int, int)#1 &amp; #include(int, int, boolean)#0&quot; }"/>
        </annotation>
    </item>
    <item name='com.sun.org.apache.regexp.internal.RECompiler.RERange void remove(int, int)'>
        <annotation name='com.intellij.inspections.tainted.annotation.equation.Equations'>
            <val val="{ &quot;max := #include(int, int, boolean)#1&quot;, &quot;min := #include(int, int, boolean)#0&quot; }"/>
        </annotation>
    </item>
    <item name='com.sun.org.apache.regexp.internal.REDebugCompiler'>
        <annotation name='com.intellij.inspections.tainted.annotation.equation.Equations'>
            <val val="{ &quot;REDebugCompiler := &quot; }"/>
        </annotation>
    </item>
    <item name='com.sun.org.apache.regexp.internal.REDebugCompiler java.lang.String charToString(char)'>
        <annotation name='com.intellij.inspections.tainted.annotation.equation.Equations'>
            <val val="{ &quot;charToString := c&quot;, &quot;c := REDebugCompiler&quot; }"/>
        </annotation>
    </item>
    <item name='com.sun.org.apache.regexp.internal.REDebugCompiler java.lang.String nodeToString(int)'>
        <annotation name='com.intellij.inspections.tainted.annotation.equation.Equations'>
            <val val="{ &quot;node := RE#nodeSize&quot;, &quot;nodeToString := REDebugCompiler&quot; }"/>
        </annotation>
    </item>
    <item name='com.sun.org.apache.regexp.internal.REDebugCompiler java.lang.String opcodeToString(char)'>
        <annotation name='com.intellij.inspections.tainted.annotation.equation.Equations'>
            <val val="{ &quot;opcode := REDebugCompiler&quot; }"/>
        </annotation>
    </item>
    <item name='com.sun.org.apache.regexp.internal.REProgram REProgram(char[])'>
        <annotation name='com.intellij.inspections.tainted.annotation.equation.Equations'>
            <val val="{ &quot;REProgram := REProgram&quot; }"/>
        </annotation>
    </item>
    <item name='com.sun.org.apache.regexp.internal.REProgram REProgram(char[], int)'>
        <annotation name='com.intellij.inspections.tainted.annotation.equation.Equations'>
            <val val="{ &quot;instruction := #REProgram(char[])#0 &amp; #REProgram(int, char[])#1&quot;, &quot;REProgram := REProgram&quot; }"/>
        </annotation>
    </item>
    <item name='com.sun.org.apache.regexp.internal.REProgram REProgram(int, char[])'>
        <annotation name='com.intellij.inspections.tainted.annotation.equation.Equations'>
            <val val="{ &quot;parens := RECompiler&quot;, &quot;REProgram := REProgram&quot; }"/>
        </annotation>
    </item>
    <item name='com.sun.org.apache.regexp.internal.REProgram void setInstructions(char[], int)'>
        <annotation name='com.intellij.inspections.tainted.annotation.equation.Equations'>
            <val val="{ &quot;instruction := #REProgram(char[], int)#0&quot;, &quot;lenInstruction := #REProgram(char[], int)#1&quot; }"/>
        </annotation>
    </item>
    <item name='com.sun.org.apache.regexp.internal.RESyntaxException RESyntaxException(java.lang.String)'>
        <annotation name='com.intellij.inspections.tainted.annotation.equation.Equations'>
            <val val="{ &quot;RESyntaxException := RESyntaxException&quot; }"/>
        </annotation>
    </item>
    <item name='com.sun.org.apache.regexp.internal.RETest'>
        <annotation name='com.intellij.inspections.tainted.annotation.equation.Equations'>
            <val val="{ &quot;RETest := &quot; }"/>
        </annotation>
    </item>
    <item name='com.sun.org.apache.regexp.internal.RETest RETest()'>
        <annotation name='com.intellij.inspections.tainted.annotation.equation.Equations'>
            <val val="{ &quot;RETest := RETest&quot; }"/>
        </annotation>
    </item>
    <item name='com.sun.org.apache.regexp.internal.RETest java.lang.String findNextTest(java.io.BufferedReader)'>
        <annotation name='com.intellij.inspections.tainted.annotation.equation.Equations'>
            <val val="{ &quot;br := #getNextTestCase(java.io.BufferedReader)#0&quot; }"/>
        </annotation>
    </item>
    <item name='com.sun.org.apache.regexp.internal.RETest void assertEquals(java.lang.String, java.lang.String, java.lang.String)'>
        <annotation name='com.intellij.inspections.tainted.annotation.equation.Equations'>
            <val val="{ &quot;actual := &quot; }"/>
        </annotation>
    </item>
    <item name='com.sun.org.apache.regexp.internal.RETest void fail(java.lang.String)'>
        <annotation name='com.intellij.inspections.tainted.annotation.equation.Equations'>
            <val val="{ &quot;s := #fail(java.lang.StringBuffer, java.lang.String)#1 &amp; #assertEquals(java.lang.String, java.lang.String, java.lang.String)#0 &amp; #assertEquals(java.lang.String, java.lang.String, java.lang.String)#1 &amp; #assertEquals(java.lang.String, java.lang.String, java.lang.String)#2 &amp; #assertEquals(java.lang.String, int, int)#0 &amp; #assertEquals(java.lang.String, int, int)#1 &amp; #assertEquals(java.lang.String, int, int)#2&quot; }"/>
        </annotation>
    </item>
    <item name='com.sun.org.apache.regexp.internal.RETest void fail(java.lang.StringBuffer, java.lang.String)'>
        <annotation name='com.intellij.inspections.tainted.annotation.equation.Equations'>
            <val val="{ &quot;log := RETestCase &amp; RETestCase#assertEquals(java.lang.StringBuffer, java.lang.String, java.lang.String, java.lang.String)#0 &amp; RETestCase#assertEquals(java.lang.StringBuffer, java.lang.String, int, int)#0&quot;, &quot;s := RETestCase &amp; RETestCase#assertEquals(java.lang.StringBuffer, java.lang.String, java.lang.String, java.lang.String)#1 &amp; RETestCase#assertEquals(java.lang.StringBuffer, java.lang.String, java.lang.String, java.lang.String)#2 &amp; RETestCase#assertEquals(java.lang.StringBuffer, java.lang.String, java.lang.String, java.lang.String)#3 &amp; RETestCase#assertEquals(java.lang.StringBuffer, java.lang.String, int, int)#1 &amp; RETestCase#assertEquals(java.lang.StringBuffer, java.lang.String, int, int)#2 &amp; RETestCase#assertEquals(java.lang.StringBuffer, java.lang.String, int, int)#3&quot; }"/>
        </annotation>
    </item>
    <item name='com.sun.org.apache.regexp.internal.RETest void runAutomatedTests(java.lang.String)'>
        <annotation name='com.intellij.inspections.tainted.annotation.equation.Equations'>
            <val val="{ &quot;testDocument := #test(java.lang.String[])#0&quot; }"/>
        </annotation>
    </item>
    <item name='com.sun.org.apache.regexp.internal.RETest void runInteractiveTests(java.lang.String)'>
        <annotation name='com.intellij.inspections.tainted.annotation.equation.Equations'>
            <val val="{ &quot;expr := #test(java.lang.String[])#0&quot; }"/>
        </annotation>
    </item>
    <item name='com.sun.org.apache.regexp.internal.RETest void say(java.lang.String)'>
        <annotation name='com.intellij.inspections.tainted.annotation.equation.Equations'>
            <val val="{ &quot;s := #NEW_LINE &amp; #runInteractiveTests(java.lang.String)#0 &amp; #die(java.lang.String)#0 &amp; #fail(java.lang.String)#0 &amp; RETest &amp; RETestCase &amp; RETestCase#success(java.lang.String)#0&quot; }"/>
        </annotation>
    </item>
    <item name='com.sun.org.apache.regexp.internal.RETest void showParens(com.sun.org.apache.regexp.internal.RE)'>
        <annotation name='com.intellij.inspections.tainted.annotation.equation.Equations'>
            <val val="{ &quot;r := RETestCase&quot; }"/>
        </annotation>
    </item>
    <item name='com.sun.org.apache.regexp.internal.RETestCase'>
        <annotation name='com.intellij.inspections.tainted.annotation.equation.Equations'>
            <val val="{ &quot;RETestCase := &quot; }"/>
        </annotation>
    </item>
    <item name='com.sun.org.apache.regexp.internal.RETestCase RETestCase(com.sun.org.apache.regexp.internal.RETest, java.lang.String, java.lang.String, java.lang.String, boolean, boolean, java.lang.String[])'>
        <annotation name='com.intellij.inspections.tainted.annotation.equation.Equations'>
            <val val="{ &quot;test := RETest&quot;, &quot;RETestCase := RETestCase&quot; }"/>
        </annotation>
    </item>
    <item name='com.sun.org.apache.regexp.internal.RETestCase void success(java.lang.String)'>
        <annotation name='com.intellij.inspections.tainted.annotation.equation.Equations'>
            <val val="{ &quot;s := RETestCase&quot; }"/>
        </annotation>
    </item>
    <item name='com.sun.org.apache.regexp.internal.REUtil com.sun.org.apache.regexp.internal.RE createRE(java.lang.String, int)'>
        <annotation name='com.intellij.inspections.tainted.annotation.equation.Equations'>
            <val val="{ &quot;matchFlags := RE#MATCH_NORMAL&quot;, &quot;expression := #createRE(java.lang.String)#0&quot; }"/>
        </annotation>
    </item>
    <item name='com.sun.org.apache.regexp.internal.ReaderCharacterIterator ReaderCharacterIterator(java.io.Reader)'>
        <annotation name='com.intellij.inspections.tainted.annotation.equation.Equations'>
            <val val="{ &quot;ReaderCharacterIterator := ReaderCharacterIterator&quot; }"/>
        </annotation>
    </item>
    <item name='com.sun.org.apache.regexp.internal.ReaderCharacterIterator int read(int)'>
        <annotation name='com.intellij.inspections.tainted.annotation.equation.Equations'>
            <val val="{ &quot;n := #ensure(int)#0&quot; }"/>
        </annotation>
    </item>
    <item name='com.sun.org.apache.regexp.internal.ReaderCharacterIterator void ensure(int)'>
        <annotation name='com.intellij.inspections.tainted.annotation.equation.Equations'>
            <val val="{ &quot;idx := #isEnd(int)#0 &amp; #substring(int, int)#1 &amp; #charAt(int)#0&quot; }"/>
        </annotation>
    </item>
    <item name='com.sun.org.apache.regexp.internal.StreamCharacterIterator StreamCharacterIterator(java.io.InputStream)'>
        <annotation name='com.intellij.inspections.tainted.annotation.equation.Equations'>
            <val val="{ &quot;StreamCharacterIterator := StreamCharacterIterator&quot; }"/>
        </annotation>
    </item>
    <item name='com.sun.org.apache.regexp.internal.StreamCharacterIterator int read(int)'>
        <annotation name='com.intellij.inspections.tainted.annotation.equation.Equations'>
            <val val="{ &quot;read := n&quot;, &quot;n := #ensure(int)#0&quot; }"/>
        </annotation>
    </item>
    <item name='com.sun.org.apache.regexp.internal.StreamCharacterIterator void ensure(int)'>
        <annotation name='com.intellij.inspections.tainted.annotation.equation.Equations'>
            <val val="{ &quot;idx := #isEnd(int)#0 &amp; #substring(int, int)#1 &amp; #charAt(int)#0&quot; }"/>
        </annotation>
    </item>
</root>