<root>
    <item name='com.sun.beans.finder.InstanceFinder T find(java.lang.Class&lt;?&gt;)'>
        <annotation name='com.intellij.inspections.tainted.annotation.equation.Equations'>
            <val val="{ &quot;find := PropertyEditorFinder#find(java.lang.Class) &amp; PersistenceDelegateFinder#find(java.lang.Class)&quot;, &quot;aClass := PropertyEditorFinder#find(java.lang.Class)#0 &amp; PersistenceDelegateFinder#find(java.lang.Class)#0&quot; }"/>
        </annotation>
    </item>
    <item name='com.sun.beans.finder.InstanceFinder T instantiate(java.lang.Class&lt;?&gt;, java.lang.String, java.lang.String)'>
        <annotation name='com.intellij.inspections.tainted.annotation.equation.Equations'>
            <val val="{ &quot;s1 := BeanInfoFinder#instantiate(java.lang.Class, java.lang.String, java.lang.String)#2 &amp; PropertyEditorFinder#instantiate(java.lang.Class, java.lang.String, java.lang.String)#2&quot;, &quot;aClass := BeanInfoFinder#instantiate(java.lang.Class, java.lang.String, java.lang.String)#0 &amp; PropertyEditorFinder#instantiate(java.lang.Class, java.lang.String, java.lang.String)#0&quot;, &quot;s := BeanInfoFinder#instantiate(java.lang.Class, java.lang.String, java.lang.String)#1 &amp; PropertyEditorFinder#instantiate(java.lang.Class, java.lang.String, java.lang.String)#1&quot;, &quot;instantiate := BeanInfoFinder#instantiate(java.lang.Class, java.lang.String, java.lang.String) &amp; PropertyEditorFinder#instantiate(java.lang.Class, java.lang.String, java.lang.String)&quot; }"/>
        </annotation>
    </item>
</root>