<root>
    <item name='net.sf.ehcache.statistics.CoreStatistics net.sf.ehcache.statistics.CoreStatistics.CountOperation&lt;net.sf.ehcache.CacheOperationOutcomes.ClusterEventOutcomes&gt; cacheClusterEvent()'>
        <annotation name='com.intellij.inspections.tainted.annotation.equation.Equations'>
            <val val="{ &quot;cacheClusterEvent := CoreStatisticsImpl#cacheClusterEvent()&quot; }"/>
        </annotation>
    </item>
    <item name='net.sf.ehcache.statistics.CoreStatistics net.sf.ehcache.statistics.CoreStatistics.CountOperation&lt;net.sf.ehcache.CacheOperationOutcomes.EvictionOutcome&gt; cacheEviction()'>
        <annotation name='com.intellij.inspections.tainted.annotation.equation.Equations'>
            <val val="{ &quot;cacheEviction := CoreStatisticsImpl#cacheEviction()&quot; }"/>
        </annotation>
    </item>
    <item name='net.sf.ehcache.statistics.CoreStatistics net.sf.ehcache.statistics.CoreStatistics.CountOperation&lt;net.sf.ehcache.CacheOperationOutcomes.ExpiredOutcome&gt; cacheExpiration()'>
        <annotation name='com.intellij.inspections.tainted.annotation.equation.Equations'>
            <val val="{ &quot;cacheExpiration := CoreStatisticsImpl#cacheExpiration()&quot; }"/>
        </annotation>
    </item>
    <item name='net.sf.ehcache.statistics.CoreStatistics net.sf.ehcache.statistics.CoreStatistics.CountOperation&lt;net.sf.ehcache.CacheOperationOutcomes.GetOutcome&gt; get()'>
        <annotation name='com.intellij.inspections.tainted.annotation.equation.Equations'>
            <val val="{ &quot;get := CoreStatisticsImpl#get()&quot; }"/>
        </annotation>
    </item>
    <item name='net.sf.ehcache.statistics.CoreStatistics net.sf.ehcache.statistics.CoreStatistics.CountOperation&lt;net.sf.ehcache.CacheOperationOutcomes.PutIfAbsentOutcome&gt; putIfAbsent()'>
        <annotation name='com.intellij.inspections.tainted.annotation.equation.Equations'>
            <val val="{ &quot;putIfAbsent := CoreStatisticsImpl#putIfAbsent()&quot; }"/>
        </annotation>
    </item>
    <item name='net.sf.ehcache.statistics.CoreStatistics net.sf.ehcache.statistics.CoreStatistics.CountOperation&lt;net.sf.ehcache.CacheOperationOutcomes.PutOutcome&gt; put()'>
        <annotation name='com.intellij.inspections.tainted.annotation.equation.Equations'>
            <val val="{ &quot;put := CoreStatisticsImpl#put()&quot; }"/>
        </annotation>
    </item>
    <item name='net.sf.ehcache.statistics.CoreStatistics net.sf.ehcache.statistics.CoreStatistics.CountOperation&lt;net.sf.ehcache.CacheOperationOutcomes.RemoveElementOutcome&gt; removeElement()'>
        <annotation name='com.intellij.inspections.tainted.annotation.equation.Equations'>
            <val val="{ &quot;removeElement := CoreStatisticsImpl#removeElement()&quot; }"/>
        </annotation>
    </item>
    <item name='net.sf.ehcache.statistics.CoreStatistics net.sf.ehcache.statistics.CoreStatistics.CountOperation&lt;net.sf.ehcache.CacheOperationOutcomes.RemoveOutcome&gt; remove()'>
        <annotation name='com.intellij.inspections.tainted.annotation.equation.Equations'>
            <val val="{ &quot;remove := CoreStatisticsImpl#remove()&quot; }"/>
        </annotation>
    </item>
    <item name='net.sf.ehcache.statistics.CoreStatistics net.sf.ehcache.statistics.CoreStatistics.CountOperation&lt;net.sf.ehcache.CacheOperationOutcomes.ReplaceOneArgOutcome&gt; replaceOneArg()'>
        <annotation name='com.intellij.inspections.tainted.annotation.equation.Equations'>
            <val val="{ &quot;replaceOneArg := CoreStatisticsImpl#replaceOneArg()&quot; }"/>
        </annotation>
    </item>
    <item name='net.sf.ehcache.statistics.CoreStatistics net.sf.ehcache.statistics.CoreStatistics.CountOperation&lt;net.sf.ehcache.CacheOperationOutcomes.ReplaceTwoArgOutcome&gt; replaceTwoArg()'>
        <annotation name='com.intellij.inspections.tainted.annotation.equation.Equations'>
            <val val="{ &quot;replaceTwoArg := CoreStatisticsImpl#replaceTwoArg()&quot; }"/>
        </annotation>
    </item>
    <item name='net.sf.ehcache.statistics.CoreStatistics net.sf.ehcache.statistics.CoreStatistics.CountOperation&lt;net.sf.ehcache.store.StoreOperationOutcomes.GetOutcome&gt; localDiskGet()'>
        <annotation name='com.intellij.inspections.tainted.annotation.equation.Equations'>
            <val val="{ &quot;localDiskGet := CoreStatisticsImpl#localDiskGet()&quot; }"/>
        </annotation>
    </item>
    <item name='net.sf.ehcache.statistics.CoreStatistics net.sf.ehcache.statistics.CoreStatistics.CountOperation&lt;net.sf.ehcache.store.StoreOperationOutcomes.GetOutcome&gt; localHeapGet()'>
        <annotation name='com.intellij.inspections.tainted.annotation.equation.Equations'>
            <val val="{ &quot;localHeapGet := CoreStatisticsImpl#localHeapGet()&quot; }"/>
        </annotation>
    </item>
    <item name='net.sf.ehcache.statistics.CoreStatistics net.sf.ehcache.statistics.CoreStatistics.CountOperation&lt;net.sf.ehcache.store.StoreOperationOutcomes.GetOutcome&gt; localOffHeapGet()'>
        <annotation name='com.intellij.inspections.tainted.annotation.equation.Equations'>
            <val val="{ &quot;localOffHeapGet := CoreStatisticsImpl#localOffHeapGet()&quot; }"/>
        </annotation>
    </item>
    <item name='net.sf.ehcache.statistics.CoreStatistics net.sf.ehcache.statistics.CoreStatistics.CountOperation&lt;net.sf.ehcache.store.StoreOperationOutcomes.PutOutcome&gt; localDiskPut()'>
        <annotation name='com.intellij.inspections.tainted.annotation.equation.Equations'>
            <val val="{ &quot;localDiskPut := CoreStatisticsImpl#localDiskPut()&quot; }"/>
        </annotation>
    </item>
    <item name='net.sf.ehcache.statistics.CoreStatistics net.sf.ehcache.statistics.CoreStatistics.CountOperation&lt;net.sf.ehcache.store.StoreOperationOutcomes.PutOutcome&gt; localHeapPut()'>
        <annotation name='com.intellij.inspections.tainted.annotation.equation.Equations'>
            <val val="{ &quot;localHeapPut := CoreStatisticsImpl#localHeapPut()&quot; }"/>
        </annotation>
    </item>
    <item name='net.sf.ehcache.statistics.CoreStatistics net.sf.ehcache.statistics.CoreStatistics.CountOperation&lt;net.sf.ehcache.store.StoreOperationOutcomes.PutOutcome&gt; localOffHeapPut()'>
        <annotation name='com.intellij.inspections.tainted.annotation.equation.Equations'>
            <val val="{ &quot;localOffHeapPut := CoreStatisticsImpl#localOffHeapPut()&quot; }"/>
        </annotation>
    </item>
    <item name='net.sf.ehcache.statistics.CoreStatistics net.sf.ehcache.statistics.CoreStatistics.CountOperation&lt;net.sf.ehcache.store.StoreOperationOutcomes.RemoveOutcome&gt; localDiskRemove()'>
        <annotation name='com.intellij.inspections.tainted.annotation.equation.Equations'>
            <val val="{ &quot;localDiskRemove := CoreStatisticsImpl#localDiskRemove()&quot; }"/>
        </annotation>
    </item>
    <item name='net.sf.ehcache.statistics.CoreStatistics net.sf.ehcache.statistics.CoreStatistics.CountOperation&lt;net.sf.ehcache.store.StoreOperationOutcomes.RemoveOutcome&gt; localHeapRemove()'>
        <annotation name='com.intellij.inspections.tainted.annotation.equation.Equations'>
            <val val="{ &quot;localHeapRemove := CoreStatisticsImpl#localHeapRemove()&quot; }"/>
        </annotation>
    </item>
    <item name='net.sf.ehcache.statistics.CoreStatistics net.sf.ehcache.statistics.CoreStatistics.CountOperation&lt;net.sf.ehcache.store.StoreOperationOutcomes.RemoveOutcome&gt; localOffHeapRemove()'>
        <annotation name='com.intellij.inspections.tainted.annotation.equation.Equations'>
            <val val="{ &quot;localOffHeapRemove := CoreStatisticsImpl#localOffHeapRemove()&quot; }"/>
        </annotation>
    </item>
    <item name='net.sf.ehcache.statistics.CoreStatistics net.sf.ehcache.statistics.CoreStatistics.CountOperation&lt;net.sf.ehcache.transaction.xa.XaCommitOutcome&gt; xaCommit()'>
        <annotation name='com.intellij.inspections.tainted.annotation.equation.Equations'>
            <val val="{ &quot;xaCommit := CoreStatisticsImpl#xaCommit()&quot; }"/>
        </annotation>
    </item>
    <item name='net.sf.ehcache.statistics.CoreStatistics net.sf.ehcache.statistics.CoreStatistics.CountOperation&lt;net.sf.ehcache.transaction.xa.XaRecoveryOutcome&gt; xaRecovery()'>
        <annotation name='com.intellij.inspections.tainted.annotation.equation.Equations'>
            <val val="{ &quot;xaRecovery := CoreStatisticsImpl#xaRecovery()&quot; }"/>
        </annotation>
    </item>
    <item name='net.sf.ehcache.statistics.CoreStatistics net.sf.ehcache.statistics.CoreStatistics.CountOperation&lt;net.sf.ehcache.transaction.xa.XaRollbackOutcome&gt; xaRollback()'>
        <annotation name='com.intellij.inspections.tainted.annotation.equation.Equations'>
            <val val="{ &quot;xaRollback := CoreStatisticsImpl#xaRollback()&quot; }"/>
        </annotation>
    </item>
    <item name='net.sf.ehcache.statistics.CoreStatistics.CountOperation long value(T)'>
        <annotation name='com.intellij.inspections.tainted.annotation.equation.Equations'>
            <val val="{ &quot;result := net.sf.ehcache.CacheOperationOutcomes.GetOutcome#HIT &amp; net.sf.ehcache.CacheOperationOutcomes.GetOutcome#MISS_EXPIRED &amp; net.sf.ehcache.CacheOperationOutcomes.GetOutcome#MISS_NOT_FOUND &amp; net.sf.ehcache.CacheOperationOutcomes.PutOutcome#ADDED &amp; net.sf.ehcache.CacheOperationOutcomes.PutOutcome#UPDATED &amp; net.sf.ehcache.CacheOperationOutcomes.RemoveOutcome#SUCCESS &amp; net.sf.ehcache.store.StoreOperationOutcomes.GetOutcome#HIT &amp; net.sf.ehcache.store.StoreOperationOutcomes.GetOutcome#MISS &amp; net.sf.ehcache.store.StoreOperationOutcomes.PutOutcome#ADDED &amp; net.sf.ehcache.store.StoreOperationOutcomes.PutOutcome#UPDATED &amp; net.sf.ehcache.store.StoreOperationOutcomes.RemoveOutcome#SUCCESS &amp; net.sf.ehcache.transaction.xa.XaCommitOutcome#READ_ONLY &amp; net.sf.ehcache.transaction.xa.XaCommitOutcome#EXCEPTION &amp; net.sf.ehcache.transaction.xa.XaCommitOutcome#COMMITTED &amp; net.sf.ehcache.transaction.xa.XaRecoveryOutcome#NOTHING &amp; net.sf.ehcache.transaction.xa.XaRecoveryOutcome#RECOVERED &amp; net.sf.ehcache.transaction.xa.XaRollbackOutcome#EXCEPTION &amp; net.sf.ehcache.transaction.xa.XaRollbackOutcome#ROLLEDBACK &amp; net.sf.ehcache.CacheOperationOutcomes.ExpiredOutcome#SUCCESS &amp; net.sf.ehcache.CacheOperationOutcomes.EvictionOutcome#SUCCESS&quot; }"/>
        </annotation>
    </item>
    <item name='net.sf.ehcache.statistics.CoreStatistics.CountOperation long value(T...)'>
        <annotation name='com.intellij.inspections.tainted.annotation.equation.Equations'>
            <val val="{ &quot;value := &quot;, &quot;results := &quot; }"/>
        </annotation>
    </item>
    <item name='net.sf.ehcache.statistics.CoreStatisticsImpl'>
        <annotation name='com.intellij.inspections.tainted.annotation.equation.Equations'>
            <val val="{ &quot;CoreStatisticsImpl := #CoreStatisticsImpl(net.sf.ehcache.statistics.extended.ExtendedStatistics)#0&quot; }"/>
        </annotation>
    </item>
    <item name='net.sf.ehcache.statistics.CoreStatisticsImpl CoreStatisticsImpl(net.sf.ehcache.statistics.extended.ExtendedStatistics)'>
        <annotation name='com.intellij.inspections.tainted.annotation.equation.Equations'>
            <val val="{ &quot;extended := StatisticsGateway&quot;, &quot;CoreStatisticsImpl := CoreStatisticsImpl&quot; }"/>
        </annotation>
    </item>
    <item name='net.sf.ehcache.statistics.CoreStatisticsImpl net.sf.ehcache.statistics.CoreStatistics.CountOperation asCountOperation(net.sf.ehcache.statistics.extended.ExtendedStatistics.Operation&lt;T&gt;)'>
        <annotation name='com.intellij.inspections.tainted.annotation.equation.Equations'>
            <val val="{ &quot;compoundOp := &quot;, &quot;asCountOperation := &quot; }"/>
        </annotation>
    </item>
    <item name='net.sf.ehcache.statistics.CoreStatisticsImpl net.sf.ehcache.statistics.CoreStatistics.CountOperation&lt;net.sf.ehcache.CacheOperationOutcomes.ClusterEventOutcomes&gt; cacheClusterEvent()'>
        <annotation name='com.intellij.inspections.tainted.annotation.equation.Equations'>
            <val val="{ &quot;cacheClusterEvent := CoreStatisticsImpl&quot; }"/>
        </annotation>
    </item>
    <item name='net.sf.ehcache.statistics.CoreStatisticsImpl net.sf.ehcache.statistics.CoreStatistics.CountOperation&lt;net.sf.ehcache.CacheOperationOutcomes.EvictionOutcome&gt; cacheEviction()'>
        <annotation name='com.intellij.inspections.tainted.annotation.equation.Equations'>
            <val val="{ &quot;cacheEviction := CoreStatisticsImpl&quot; }"/>
        </annotation>
    </item>
    <item name='net.sf.ehcache.statistics.CoreStatisticsImpl net.sf.ehcache.statistics.CoreStatistics.CountOperation&lt;net.sf.ehcache.CacheOperationOutcomes.ExpiredOutcome&gt; cacheExpiration()'>
        <annotation name='com.intellij.inspections.tainted.annotation.equation.Equations'>
            <val val="{ &quot;cacheExpiration := CoreStatisticsImpl&quot; }"/>
        </annotation>
    </item>
    <item name='net.sf.ehcache.statistics.CoreStatisticsImpl net.sf.ehcache.statistics.CoreStatistics.CountOperation&lt;net.sf.ehcache.CacheOperationOutcomes.GetOutcome&gt; get()'>
        <annotation name='com.intellij.inspections.tainted.annotation.equation.Equations'>
            <val val="{ &quot;get := CoreStatisticsImpl&quot; }"/>
        </annotation>
    </item>
    <item name='net.sf.ehcache.statistics.CoreStatisticsImpl net.sf.ehcache.statistics.CoreStatistics.CountOperation&lt;net.sf.ehcache.CacheOperationOutcomes.PutIfAbsentOutcome&gt; putIfAbsent()'>
        <annotation name='com.intellij.inspections.tainted.annotation.equation.Equations'>
            <val val="{ &quot;putIfAbsent := CoreStatisticsImpl&quot; }"/>
        </annotation>
    </item>
    <item name='net.sf.ehcache.statistics.CoreStatisticsImpl net.sf.ehcache.statistics.CoreStatistics.CountOperation&lt;net.sf.ehcache.CacheOperationOutcomes.PutOutcome&gt; put()'>
        <annotation name='com.intellij.inspections.tainted.annotation.equation.Equations'>
            <val val="{ &quot;put := CoreStatisticsImpl&quot; }"/>
        </annotation>
    </item>
    <item name='net.sf.ehcache.statistics.CoreStatisticsImpl net.sf.ehcache.statistics.CoreStatistics.CountOperation&lt;net.sf.ehcache.CacheOperationOutcomes.RemoveElementOutcome&gt; removeElement()'>
        <annotation name='com.intellij.inspections.tainted.annotation.equation.Equations'>
            <val val="{ &quot;removeElement := CoreStatisticsImpl&quot; }"/>
        </annotation>
    </item>
    <item name='net.sf.ehcache.statistics.CoreStatisticsImpl net.sf.ehcache.statistics.CoreStatistics.CountOperation&lt;net.sf.ehcache.CacheOperationOutcomes.RemoveOutcome&gt; remove()'>
        <annotation name='com.intellij.inspections.tainted.annotation.equation.Equations'>
            <val val="{ &quot;remove := CoreStatisticsImpl&quot; }"/>
        </annotation>
    </item>
    <item name='net.sf.ehcache.statistics.CoreStatisticsImpl net.sf.ehcache.statistics.CoreStatistics.CountOperation&lt;net.sf.ehcache.CacheOperationOutcomes.ReplaceOneArgOutcome&gt; replaceOneArg()'>
        <annotation name='com.intellij.inspections.tainted.annotation.equation.Equations'>
            <val val="{ &quot;replaceOneArg := CoreStatisticsImpl&quot; }"/>
        </annotation>
    </item>
    <item name='net.sf.ehcache.statistics.CoreStatisticsImpl net.sf.ehcache.statistics.CoreStatistics.CountOperation&lt;net.sf.ehcache.CacheOperationOutcomes.ReplaceTwoArgOutcome&gt; replaceTwoArg()'>
        <annotation name='com.intellij.inspections.tainted.annotation.equation.Equations'>
            <val val="{ &quot;replaceTwoArg := CoreStatisticsImpl&quot; }"/>
        </annotation>
    </item>
    <item name='net.sf.ehcache.statistics.CoreStatisticsImpl net.sf.ehcache.statistics.CoreStatistics.CountOperation&lt;net.sf.ehcache.store.StoreOperationOutcomes.GetOutcome&gt; localDiskGet()'>
        <annotation name='com.intellij.inspections.tainted.annotation.equation.Equations'>
            <val val="{ &quot;localDiskGet := CoreStatisticsImpl&quot; }"/>
        </annotation>
    </item>
    <item name='net.sf.ehcache.statistics.CoreStatisticsImpl net.sf.ehcache.statistics.CoreStatistics.CountOperation&lt;net.sf.ehcache.store.StoreOperationOutcomes.GetOutcome&gt; localHeapGet()'>
        <annotation name='com.intellij.inspections.tainted.annotation.equation.Equations'>
            <val val="{ &quot;localHeapGet := CoreStatisticsImpl&quot; }"/>
        </annotation>
    </item>
    <item name='net.sf.ehcache.statistics.CoreStatisticsImpl net.sf.ehcache.statistics.CoreStatistics.CountOperation&lt;net.sf.ehcache.store.StoreOperationOutcomes.GetOutcome&gt; localOffHeapGet()'>
        <annotation name='com.intellij.inspections.tainted.annotation.equation.Equations'>
            <val val="{ &quot;localOffHeapGet := CoreStatisticsImpl&quot; }"/>
        </annotation>
    </item>
    <item name='net.sf.ehcache.statistics.CoreStatisticsImpl net.sf.ehcache.statistics.CoreStatistics.CountOperation&lt;net.sf.ehcache.store.StoreOperationOutcomes.PutOutcome&gt; localDiskPut()'>
        <annotation name='com.intellij.inspections.tainted.annotation.equation.Equations'>
            <val val="{ &quot;localDiskPut := CoreStatisticsImpl&quot; }"/>
        </annotation>
    </item>
    <item name='net.sf.ehcache.statistics.CoreStatisticsImpl net.sf.ehcache.statistics.CoreStatistics.CountOperation&lt;net.sf.ehcache.store.StoreOperationOutcomes.PutOutcome&gt; localHeapPut()'>
        <annotation name='com.intellij.inspections.tainted.annotation.equation.Equations'>
            <val val="{ &quot;localHeapPut := CoreStatisticsImpl&quot; }"/>
        </annotation>
    </item>
    <item name='net.sf.ehcache.statistics.CoreStatisticsImpl net.sf.ehcache.statistics.CoreStatistics.CountOperation&lt;net.sf.ehcache.store.StoreOperationOutcomes.PutOutcome&gt; localOffHeapPut()'>
        <annotation name='com.intellij.inspections.tainted.annotation.equation.Equations'>
            <val val="{ &quot;localOffHeapPut := CoreStatisticsImpl&quot; }"/>
        </annotation>
    </item>
    <item name='net.sf.ehcache.statistics.CoreStatisticsImpl net.sf.ehcache.statistics.CoreStatistics.CountOperation&lt;net.sf.ehcache.store.StoreOperationOutcomes.RemoveOutcome&gt; localDiskRemove()'>
        <annotation name='com.intellij.inspections.tainted.annotation.equation.Equations'>
            <val val="{ &quot;localDiskRemove := CoreStatisticsImpl&quot; }"/>
        </annotation>
    </item>
    <item name='net.sf.ehcache.statistics.CoreStatisticsImpl net.sf.ehcache.statistics.CoreStatistics.CountOperation&lt;net.sf.ehcache.store.StoreOperationOutcomes.RemoveOutcome&gt; localHeapRemove()'>
        <annotation name='com.intellij.inspections.tainted.annotation.equation.Equations'>
            <val val="{ &quot;localHeapRemove := CoreStatisticsImpl&quot; }"/>
        </annotation>
    </item>
    <item name='net.sf.ehcache.statistics.CoreStatisticsImpl net.sf.ehcache.statistics.CoreStatistics.CountOperation&lt;net.sf.ehcache.store.StoreOperationOutcomes.RemoveOutcome&gt; localOffHeapRemove()'>
        <annotation name='com.intellij.inspections.tainted.annotation.equation.Equations'>
            <val val="{ &quot;localOffHeapRemove := CoreStatisticsImpl&quot; }"/>
        </annotation>
    </item>
    <item name='net.sf.ehcache.statistics.CoreStatisticsImpl net.sf.ehcache.statistics.CoreStatistics.CountOperation&lt;net.sf.ehcache.transaction.xa.XaCommitOutcome&gt; xaCommit()'>
        <annotation name='com.intellij.inspections.tainted.annotation.equation.Equations'>
            <val val="{ &quot;xaCommit := CoreStatisticsImpl&quot; }"/>
        </annotation>
    </item>
    <item name='net.sf.ehcache.statistics.CoreStatisticsImpl net.sf.ehcache.statistics.CoreStatistics.CountOperation&lt;net.sf.ehcache.transaction.xa.XaRecoveryOutcome&gt; xaRecovery()'>
        <annotation name='com.intellij.inspections.tainted.annotation.equation.Equations'>
            <val val="{ &quot;xaRecovery := CoreStatisticsImpl&quot; }"/>
        </annotation>
    </item>
    <item name='net.sf.ehcache.statistics.CoreStatisticsImpl net.sf.ehcache.statistics.CoreStatistics.CountOperation&lt;net.sf.ehcache.transaction.xa.XaRollbackOutcome&gt; xaRollback()'>
        <annotation name='com.intellij.inspections.tainted.annotation.equation.Equations'>
            <val val="{ &quot;xaRollback := CoreStatisticsImpl&quot; }"/>
        </annotation>
    </item>
    <item name='net.sf.ehcache.statistics.FlatStatistics double cacheHitRatio()'>
        <annotation name='com.intellij.inspections.tainted.annotation.equation.Equations'>
            <val val="{ &quot;cacheHitRatio := StatisticsGateway#cacheHitRatio()&quot; }"/>
        </annotation>
    </item>
    <item name='net.sf.ehcache.statistics.FlatStatistics long cacheEvictedCount()'>
        <annotation name='com.intellij.inspections.tainted.annotation.equation.Equations'>
            <val val="{ &quot;cacheEvictedCount := StatisticsGateway#cacheEvictedCount()&quot; }"/>
        </annotation>
    </item>
    <item name='net.sf.ehcache.statistics.FlatStatistics long cacheExpiredCount()'>
        <annotation name='com.intellij.inspections.tainted.annotation.equation.Equations'>
            <val val="{ &quot;cacheExpiredCount := StatisticsGateway#cacheExpiredCount()&quot; }"/>
        </annotation>
    </item>
    <item name='net.sf.ehcache.statistics.FlatStatistics long cacheHitCount()'>
        <annotation name='com.intellij.inspections.tainted.annotation.equation.Equations'>
            <val val="{ &quot;cacheHitCount := StatisticsGateway#cacheHitCount()&quot; }"/>
        </annotation>
    </item>
    <item name='net.sf.ehcache.statistics.FlatStatistics long cacheMissCount()'>
        <annotation name='com.intellij.inspections.tainted.annotation.equation.Equations'>
            <val val="{ &quot;cacheMissCount := StatisticsGateway#cacheMissCount()&quot; }"/>
        </annotation>
    </item>
    <item name='net.sf.ehcache.statistics.FlatStatistics long cacheMissExpiredCount()'>
        <annotation name='com.intellij.inspections.tainted.annotation.equation.Equations'>
            <val val="{ &quot;cacheMissExpiredCount := StatisticsGateway#cacheMissExpiredCount()&quot; }"/>
        </annotation>
    </item>
    <item name='net.sf.ehcache.statistics.FlatStatistics long cacheMissNotFoundCount()'>
        <annotation name='com.intellij.inspections.tainted.annotation.equation.Equations'>
            <val val="{ &quot;cacheMissNotFoundCount := StatisticsGateway#cacheMissNotFoundCount()&quot; }"/>
        </annotation>
    </item>
    <item name='net.sf.ehcache.statistics.FlatStatistics long cachePutAddedCount()'>
        <annotation name='com.intellij.inspections.tainted.annotation.equation.Equations'>
            <val val="{ &quot;cachePutAddedCount := StatisticsGateway#cachePutAddedCount()&quot; }"/>
        </annotation>
    </item>
    <item name='net.sf.ehcache.statistics.FlatStatistics long cachePutCount()'>
        <annotation name='com.intellij.inspections.tainted.annotation.equation.Equations'>
            <val val="{ &quot;cachePutCount := StatisticsGateway#cachePutCount()&quot; }"/>
        </annotation>
    </item>
    <item name='net.sf.ehcache.statistics.FlatStatistics long cachePutUpdatedCount()'>
        <annotation name='com.intellij.inspections.tainted.annotation.equation.Equations'>
            <val val="{ &quot;cachePutUpdatedCount := StatisticsGateway#cachePutUpdatedCount()&quot; }"/>
        </annotation>
    </item>
    <item name='net.sf.ehcache.statistics.FlatStatistics long cacheRemoveCount()'>
        <annotation name='com.intellij.inspections.tainted.annotation.equation.Equations'>
            <val val="{ &quot;cacheRemoveCount := StatisticsGateway#cacheRemoveCount()&quot; }"/>
        </annotation>
    </item>
    <item name='net.sf.ehcache.statistics.FlatStatistics long getLocalDiskSize()'>
        <annotation name='com.intellij.inspections.tainted.annotation.equation.Equations'>
            <val val="{ &quot;getLocalDiskSize := StatisticsGateway#getLocalDiskSize()&quot; }"/>
        </annotation>
    </item>
    <item name='net.sf.ehcache.statistics.FlatStatistics long getLocalDiskSizeInBytes()'>
        <annotation name='com.intellij.inspections.tainted.annotation.equation.Equations'>
            <val val="{ &quot;getLocalDiskSizeInBytes := StatisticsGateway#getLocalDiskSizeInBytes()&quot; }"/>
        </annotation>
    </item>
    <item name='net.sf.ehcache.statistics.FlatStatistics long getLocalHeapSize()'>
        <annotation name='com.intellij.inspections.tainted.annotation.equation.Equations'>
            <val val="{ &quot;getLocalHeapSize := StatisticsGateway#getLocalHeapSize()&quot; }"/>
        </annotation>
    </item>
    <item name='net.sf.ehcache.statistics.FlatStatistics long getLocalHeapSizeInBytes()'>
        <annotation name='com.intellij.inspections.tainted.annotation.equation.Equations'>
            <val val="{ &quot;getLocalHeapSizeInBytes := StatisticsGateway#getLocalHeapSizeInBytes()&quot; }"/>
        </annotation>
    </item>
    <item name='net.sf.ehcache.statistics.FlatStatistics long getLocalOffHeapSize()'>
        <annotation name='com.intellij.inspections.tainted.annotation.equation.Equations'>
            <val val="{ &quot;getLocalOffHeapSize := StatisticsGateway#getLocalOffHeapSize()&quot; }"/>
        </annotation>
    </item>
    <item name='net.sf.ehcache.statistics.FlatStatistics long getLocalOffHeapSizeInBytes()'>
        <annotation name='com.intellij.inspections.tainted.annotation.equation.Equations'>
            <val val="{ &quot;getLocalOffHeapSizeInBytes := StatisticsGateway#getLocalOffHeapSizeInBytes()&quot; }"/>
        </annotation>
    </item>
    <item name='net.sf.ehcache.statistics.FlatStatistics long getRemoteSize()'>
        <annotation name='com.intellij.inspections.tainted.annotation.equation.Equations'>
            <val val="{ &quot;getRemoteSize := StatisticsGateway#getRemoteSize()&quot; }"/>
        </annotation>
    </item>
    <item name='net.sf.ehcache.statistics.FlatStatistics long getSize()'>
        <annotation name='com.intellij.inspections.tainted.annotation.equation.Equations'>
            <val val="{ &quot;getSize := StatisticsGateway#getSize()&quot; }"/>
        </annotation>
    </item>
    <item name='net.sf.ehcache.statistics.FlatStatistics long getWriterQueueLength()'>
        <annotation name='com.intellij.inspections.tainted.annotation.equation.Equations'>
            <val val="{ &quot;getWriterQueueLength := StatisticsGateway#getWriterQueueLength()&quot; }"/>
        </annotation>
    </item>
    <item name='net.sf.ehcache.statistics.FlatStatistics long localDiskHitCount()'>
        <annotation name='com.intellij.inspections.tainted.annotation.equation.Equations'>
            <val val="{ &quot;localDiskHitCount := StatisticsGateway#localDiskHitCount()&quot; }"/>
        </annotation>
    </item>
    <item name='net.sf.ehcache.statistics.FlatStatistics long localDiskMissCount()'>
        <annotation name='com.intellij.inspections.tainted.annotation.equation.Equations'>
            <val val="{ &quot;localDiskMissCount := StatisticsGateway#localDiskMissCount()&quot; }"/>
        </annotation>
    </item>
    <item name='net.sf.ehcache.statistics.FlatStatistics long localDiskPutAddedCount()'>
        <annotation name='com.intellij.inspections.tainted.annotation.equation.Equations'>
            <val val="{ &quot;localDiskPutAddedCount := StatisticsGateway#localDiskPutAddedCount()&quot; }"/>
        </annotation>
    </item>
    <item name='net.sf.ehcache.statistics.FlatStatistics long localDiskPutCount()'>
        <annotation name='com.intellij.inspections.tainted.annotation.equation.Equations'>
            <val val="{ &quot;localDiskPutCount := StatisticsGateway#localDiskPutCount()&quot; }"/>
        </annotation>
    </item>
    <item name='net.sf.ehcache.statistics.FlatStatistics long localDiskPutUpdatedCount()'>
        <annotation name='com.intellij.inspections.tainted.annotation.equation.Equations'>
            <val val="{ &quot;localDiskPutUpdatedCount := StatisticsGateway#localDiskPutUpdatedCount()&quot; }"/>
        </annotation>
    </item>
    <item name='net.sf.ehcache.statistics.FlatStatistics long localDiskRemoveCount()'>
        <annotation name='com.intellij.inspections.tainted.annotation.equation.Equations'>
            <val val="{ &quot;localDiskRemoveCount := StatisticsGateway#localDiskRemoveCount()&quot; }"/>
        </annotation>
    </item>
    <item name='net.sf.ehcache.statistics.FlatStatistics long localHeapHitCount()'>
        <annotation name='com.intellij.inspections.tainted.annotation.equation.Equations'>
            <val val="{ &quot;localHeapHitCount := StatisticsGateway#localHeapHitCount()&quot; }"/>
        </annotation>
    </item>
    <item name='net.sf.ehcache.statistics.FlatStatistics long localHeapMissCount()'>
        <annotation name='com.intellij.inspections.tainted.annotation.equation.Equations'>
            <val val="{ &quot;localHeapMissCount := StatisticsGateway#localHeapMissCount()&quot; }"/>
        </annotation>
    </item>
    <item name='net.sf.ehcache.statistics.FlatStatistics long localHeapPutAddedCount()'>
        <annotation name='com.intellij.inspections.tainted.annotation.equation.Equations'>
            <val val="{ &quot;localHeapPutAddedCount := StatisticsGateway#localHeapPutAddedCount()&quot; }"/>
        </annotation>
    </item>
    <item name='net.sf.ehcache.statistics.FlatStatistics long localHeapPutCount()'>
        <annotation name='com.intellij.inspections.tainted.annotation.equation.Equations'>
            <val val="{ &quot;localHeapPutCount := StatisticsGateway#localHeapPutCount()&quot; }"/>
        </annotation>
    </item>
    <item name='net.sf.ehcache.statistics.FlatStatistics long localHeapPutUpdatedCount()'>
        <annotation name='com.intellij.inspections.tainted.annotation.equation.Equations'>
            <val val="{ &quot;localHeapPutUpdatedCount := StatisticsGateway#localHeapPutUpdatedCount()&quot; }"/>
        </annotation>
    </item>
    <item name='net.sf.ehcache.statistics.FlatStatistics long localHeapRemoveCount()'>
        <annotation name='com.intellij.inspections.tainted.annotation.equation.Equations'>
            <val val="{ &quot;localHeapRemoveCount := StatisticsGateway#localHeapRemoveCount()&quot; }"/>
        </annotation>
    </item>
    <item name='net.sf.ehcache.statistics.FlatStatistics long localOffHeapHitCount()'>
        <annotation name='com.intellij.inspections.tainted.annotation.equation.Equations'>
            <val val="{ &quot;localOffHeapHitCount := StatisticsGateway#localOffHeapHitCount()&quot; }"/>
        </annotation>
    </item>
    <item name='net.sf.ehcache.statistics.FlatStatistics long localOffHeapMissCount()'>
        <annotation name='com.intellij.inspections.tainted.annotation.equation.Equations'>
            <val val="{ &quot;localOffHeapMissCount := StatisticsGateway#localOffHeapMissCount()&quot; }"/>
        </annotation>
    </item>
    <item name='net.sf.ehcache.statistics.FlatStatistics long localOffHeapPutAddedCount()'>
        <annotation name='com.intellij.inspections.tainted.annotation.equation.Equations'>
            <val val="{ &quot;localOffHeapPutAddedCount := StatisticsGateway#localOffHeapPutAddedCount()&quot; }"/>
        </annotation>
    </item>
    <item name='net.sf.ehcache.statistics.FlatStatistics long localOffHeapPutCount()'>
        <annotation name='com.intellij.inspections.tainted.annotation.equation.Equations'>
            <val val="{ &quot;localOffHeapPutCount := StatisticsGateway#localOffHeapPutCount()&quot; }"/>
        </annotation>
    </item>
    <item name='net.sf.ehcache.statistics.FlatStatistics long localOffHeapPutUpdatedCount()'>
        <annotation name='com.intellij.inspections.tainted.annotation.equation.Equations'>
            <val val="{ &quot;localOffHeapPutUpdatedCount := StatisticsGateway#localOffHeapPutUpdatedCount()&quot; }"/>
        </annotation>
    </item>
    <item name='net.sf.ehcache.statistics.FlatStatistics long localOffHeapRemoveCount()'>
        <annotation name='com.intellij.inspections.tainted.annotation.equation.Equations'>
            <val val="{ &quot;localOffHeapRemoveCount := StatisticsGateway#localOffHeapRemoveCount()&quot; }"/>
        </annotation>
    </item>
    <item name='net.sf.ehcache.statistics.FlatStatistics long xaCommitCommittedCount()'>
        <annotation name='com.intellij.inspections.tainted.annotation.equation.Equations'>
            <val val="{ &quot;xaCommitCommittedCount := StatisticsGateway#xaCommitCommittedCount()&quot; }"/>
        </annotation>
    </item>
    <item name='net.sf.ehcache.statistics.FlatStatistics long xaCommitCount()'>
        <annotation name='com.intellij.inspections.tainted.annotation.equation.Equations'>
            <val val="{ &quot;xaCommitCount := StatisticsGateway#xaCommitCount()&quot; }"/>
        </annotation>
    </item>
    <item name='net.sf.ehcache.statistics.FlatStatistics long xaCommitExceptionCount()'>
        <annotation name='com.intellij.inspections.tainted.annotation.equation.Equations'>
            <val val="{ &quot;xaCommitExceptionCount := StatisticsGateway#xaCommitExceptionCount()&quot; }"/>
        </annotation>
    </item>
    <item name='net.sf.ehcache.statistics.FlatStatistics long xaCommitReadOnlyCount()'>
        <annotation name='com.intellij.inspections.tainted.annotation.equation.Equations'>
            <val val="{ &quot;xaCommitReadOnlyCount := StatisticsGateway#xaCommitReadOnlyCount()&quot; }"/>
        </annotation>
    </item>
    <item name='net.sf.ehcache.statistics.FlatStatistics long xaRecoveryCount()'>
        <annotation name='com.intellij.inspections.tainted.annotation.equation.Equations'>
            <val val="{ &quot;xaRecoveryCount := StatisticsGateway#xaRecoveryCount()&quot; }"/>
        </annotation>
    </item>
    <item name='net.sf.ehcache.statistics.FlatStatistics long xaRecoveryNothingCount()'>
        <annotation name='com.intellij.inspections.tainted.annotation.equation.Equations'>
            <val val="{ &quot;xaRecoveryNothingCount := StatisticsGateway#xaRecoveryNothingCount()&quot; }"/>
        </annotation>
    </item>
    <item name='net.sf.ehcache.statistics.FlatStatistics long xaRecoveryRecoveredCount()'>
        <annotation name='com.intellij.inspections.tainted.annotation.equation.Equations'>
            <val val="{ &quot;xaRecoveryRecoveredCount := StatisticsGateway#xaRecoveryRecoveredCount()&quot; }"/>
        </annotation>
    </item>
    <item name='net.sf.ehcache.statistics.FlatStatistics long xaRollbackCount()'>
        <annotation name='com.intellij.inspections.tainted.annotation.equation.Equations'>
            <val val="{ &quot;xaRollbackCount := StatisticsGateway#xaRollbackCount()&quot; }"/>
        </annotation>
    </item>
    <item name='net.sf.ehcache.statistics.FlatStatistics long xaRollbackExceptionCount()'>
        <annotation name='com.intellij.inspections.tainted.annotation.equation.Equations'>
            <val val="{ &quot;xaRollbackExceptionCount := StatisticsGateway#xaRollbackExceptionCount()&quot; }"/>
        </annotation>
    </item>
    <item name='net.sf.ehcache.statistics.FlatStatistics long xaRollbackSuccessCount()'>
        <annotation name='com.intellij.inspections.tainted.annotation.equation.Equations'>
            <val val="{ &quot;xaRollbackSuccessCount := StatisticsGateway#xaRollbackSuccessCount()&quot; }"/>
        </annotation>
    </item>
    <item name='net.sf.ehcache.statistics.FlatStatistics net.sf.ehcache.statistics.extended.ExtendedStatistics.Result cacheEvictionOperation()'>
        <annotation name='com.intellij.inspections.tainted.annotation.equation.Equations'>
            <val val="{ &quot;cacheEvictionOperation := StatisticsGateway#cacheEvictionOperation()&quot; }"/>
        </annotation>
    </item>
    <item name='net.sf.ehcache.statistics.FlatStatistics net.sf.ehcache.statistics.extended.ExtendedStatistics.Result cacheExpiredOperation()'>
        <annotation name='com.intellij.inspections.tainted.annotation.equation.Equations'>
            <val val="{ &quot;cacheExpiredOperation := StatisticsGateway#cacheExpiredOperation()&quot; }"/>
        </annotation>
    </item>
    <item name='net.sf.ehcache.statistics.FlatStatistics net.sf.ehcache.statistics.extended.ExtendedStatistics.Result cacheGetOperation()'>
        <annotation name='com.intellij.inspections.tainted.annotation.equation.Equations'>
            <val val="{ &quot;cacheGetOperation := StatisticsGateway#cacheGetOperation()&quot; }"/>
        </annotation>
    </item>
    <item name='net.sf.ehcache.statistics.FlatStatistics net.sf.ehcache.statistics.extended.ExtendedStatistics.Result cacheHitOperation()'>
        <annotation name='com.intellij.inspections.tainted.annotation.equation.Equations'>
            <val val="{ &quot;cacheHitOperation := StatisticsGateway#cacheHitOperation()&quot; }"/>
        </annotation>
    </item>
    <item name='net.sf.ehcache.statistics.FlatStatistics net.sf.ehcache.statistics.extended.ExtendedStatistics.Result cacheMissExpiredOperation()'>
        <annotation name='com.intellij.inspections.tainted.annotation.equation.Equations'>
            <val val="{ &quot;cacheMissExpiredOperation := StatisticsGateway#cacheMissExpiredOperation()&quot; }"/>
        </annotation>
    </item>
    <item name='net.sf.ehcache.statistics.FlatStatistics net.sf.ehcache.statistics.extended.ExtendedStatistics.Result cacheMissNotFoundOperation()'>
        <annotation name='com.intellij.inspections.tainted.annotation.equation.Equations'>
            <val val="{ &quot;cacheMissNotFoundOperation := StatisticsGateway#cacheMissNotFoundOperation()&quot; }"/>
        </annotation>
    </item>
    <item name='net.sf.ehcache.statistics.FlatStatistics net.sf.ehcache.statistics.extended.ExtendedStatistics.Result cacheMissOperation()'>
        <annotation name='com.intellij.inspections.tainted.annotation.equation.Equations'>
            <val val="{ &quot;cacheMissOperation := StatisticsGateway#cacheMissOperation()&quot; }"/>
        </annotation>
    </item>
    <item name='net.sf.ehcache.statistics.FlatStatistics net.sf.ehcache.statistics.extended.ExtendedStatistics.Result cachePutAddedOperation()'>
        <annotation name='com.intellij.inspections.tainted.annotation.equation.Equations'>
            <val val="{ &quot;cachePutAddedOperation := StatisticsGateway#cachePutAddedOperation()&quot; }"/>
        </annotation>
    </item>
    <item name='net.sf.ehcache.statistics.FlatStatistics net.sf.ehcache.statistics.extended.ExtendedStatistics.Result cachePutOperation()'>
        <annotation name='com.intellij.inspections.tainted.annotation.equation.Equations'>
            <val val="{ &quot;cachePutOperation := StatisticsGateway#cachePutOperation()&quot; }"/>
        </annotation>
    </item>
    <item name='net.sf.ehcache.statistics.FlatStatistics net.sf.ehcache.statistics.extended.ExtendedStatistics.Result cachePutReplacedOperation()'>
        <annotation name='com.intellij.inspections.tainted.annotation.equation.Equations'>
            <val val="{ &quot;cachePutReplacedOperation := StatisticsGateway#cachePutReplacedOperation()&quot; }"/>
        </annotation>
    </item>
    <item name='net.sf.ehcache.statistics.FlatStatistics net.sf.ehcache.statistics.extended.ExtendedStatistics.Result cacheRemoveOperation()'>
        <annotation name='com.intellij.inspections.tainted.annotation.equation.Equations'>
            <val val="{ &quot;cacheRemoveOperation := StatisticsGateway#cacheRemoveOperation()&quot; }"/>
        </annotation>
    </item>
    <item name='net.sf.ehcache.statistics.FlatStatistics net.sf.ehcache.statistics.extended.ExtendedStatistics.Result cacheSearchOperation()'>
        <annotation name='com.intellij.inspections.tainted.annotation.equation.Equations'>
            <val val="{ &quot;cacheSearchOperation := StatisticsGateway#cacheSearchOperation()&quot; }"/>
        </annotation>
    </item>
    <item name='net.sf.ehcache.statistics.FlatStatistics net.sf.ehcache.statistics.extended.ExtendedStatistics.Result localDiskHitOperation()'>
        <annotation name='com.intellij.inspections.tainted.annotation.equation.Equations'>
            <val val="{ &quot;localDiskHitOperation := StatisticsGateway#localDiskHitOperation()&quot; }"/>
        </annotation>
    </item>
    <item name='net.sf.ehcache.statistics.FlatStatistics net.sf.ehcache.statistics.extended.ExtendedStatistics.Result localDiskMissOperation()'>
        <annotation name='com.intellij.inspections.tainted.annotation.equation.Equations'>
            <val val="{ &quot;localDiskMissOperation := StatisticsGateway#localDiskMissOperation()&quot; }"/>
        </annotation>
    </item>
    <item name='net.sf.ehcache.statistics.FlatStatistics net.sf.ehcache.statistics.extended.ExtendedStatistics.Result localDiskPutAddedOperation()'>
        <annotation name='com.intellij.inspections.tainted.annotation.equation.Equations'>
            <val val="{ &quot;localDiskPutAddedOperation := StatisticsGateway#localDiskPutAddedOperation()&quot; }"/>
        </annotation>
    </item>
    <item name='net.sf.ehcache.statistics.FlatStatistics net.sf.ehcache.statistics.extended.ExtendedStatistics.Result localDiskPutOperation()'>
        <annotation name='com.intellij.inspections.tainted.annotation.equation.Equations'>
            <val val="{ &quot;localDiskPutOperation := StatisticsGateway#localDiskPutOperation()&quot; }"/>
        </annotation>
    </item>
    <item name='net.sf.ehcache.statistics.FlatStatistics net.sf.ehcache.statistics.extended.ExtendedStatistics.Result localDiskPutReplacedOperation()'>
        <annotation name='com.intellij.inspections.tainted.annotation.equation.Equations'>
            <val val="{ &quot;localDiskPutReplacedOperation := StatisticsGateway#localDiskPutReplacedOperation()&quot; }"/>
        </annotation>
    </item>
    <item name='net.sf.ehcache.statistics.FlatStatistics net.sf.ehcache.statistics.extended.ExtendedStatistics.Result localDiskRemoveOperation()'>
        <annotation name='com.intellij.inspections.tainted.annotation.equation.Equations'>
            <val val="{ &quot;localDiskRemoveOperation := StatisticsGateway#localDiskRemoveOperation()&quot; }"/>
        </annotation>
    </item>
    <item name='net.sf.ehcache.statistics.FlatStatistics net.sf.ehcache.statistics.extended.ExtendedStatistics.Result localHeapHitOperation()'>
        <annotation name='com.intellij.inspections.tainted.annotation.equation.Equations'>
            <val val="{ &quot;localHeapHitOperation := StatisticsGateway#localHeapHitOperation()&quot; }"/>
        </annotation>
    </item>
    <item name='net.sf.ehcache.statistics.FlatStatistics net.sf.ehcache.statistics.extended.ExtendedStatistics.Result localHeapMissOperation()'>
        <annotation name='com.intellij.inspections.tainted.annotation.equation.Equations'>
            <val val="{ &quot;localHeapMissOperation := StatisticsGateway#localHeapMissOperation()&quot; }"/>
        </annotation>
    </item>
    <item name='net.sf.ehcache.statistics.FlatStatistics net.sf.ehcache.statistics.extended.ExtendedStatistics.Result localHeapPutAddedOperation()'>
        <annotation name='com.intellij.inspections.tainted.annotation.equation.Equations'>
            <val val="{ &quot;localHeapPutAddedOperation := StatisticsGateway#localHeapPutAddedOperation()&quot; }"/>
        </annotation>
    </item>
    <item name='net.sf.ehcache.statistics.FlatStatistics net.sf.ehcache.statistics.extended.ExtendedStatistics.Result localHeapPutOperation()'>
        <annotation name='com.intellij.inspections.tainted.annotation.equation.Equations'>
            <val val="{ &quot;localHeapPutOperation := StatisticsGateway#localHeapPutOperation()&quot; }"/>
        </annotation>
    </item>
    <item name='net.sf.ehcache.statistics.FlatStatistics net.sf.ehcache.statistics.extended.ExtendedStatistics.Result localHeapPutReplacedOperation()'>
        <annotation name='com.intellij.inspections.tainted.annotation.equation.Equations'>
            <val val="{ &quot;localHeapPutReplacedOperation := StatisticsGateway#localHeapPutReplacedOperation()&quot; }"/>
        </annotation>
    </item>
    <item name='net.sf.ehcache.statistics.FlatStatistics net.sf.ehcache.statistics.extended.ExtendedStatistics.Result localHeapRemoveOperation()'>
        <annotation name='com.intellij.inspections.tainted.annotation.equation.Equations'>
            <val val="{ &quot;localHeapRemoveOperation := StatisticsGateway#localHeapRemoveOperation()&quot; }"/>
        </annotation>
    </item>
    <item name='net.sf.ehcache.statistics.FlatStatistics net.sf.ehcache.statistics.extended.ExtendedStatistics.Result localOffHeapHitOperation()'>
        <annotation name='com.intellij.inspections.tainted.annotation.equation.Equations'>
            <val val="{ &quot;localOffHeapHitOperation := StatisticsGateway#localOffHeapHitOperation()&quot; }"/>
        </annotation>
    </item>
    <item name='net.sf.ehcache.statistics.FlatStatistics net.sf.ehcache.statistics.extended.ExtendedStatistics.Result localOffHeapMissOperation()'>
        <annotation name='com.intellij.inspections.tainted.annotation.equation.Equations'>
            <val val="{ &quot;localOffHeapMissOperation := StatisticsGateway#localOffHeapMissOperation()&quot; }"/>
        </annotation>
    </item>
    <item name='net.sf.ehcache.statistics.FlatStatistics net.sf.ehcache.statistics.extended.ExtendedStatistics.Result localOffHeapPutAddedOperation()'>
        <annotation name='com.intellij.inspections.tainted.annotation.equation.Equations'>
            <val val="{ &quot;localOffHeapPutAddedOperation := StatisticsGateway#localOffHeapPutAddedOperation()&quot; }"/>
        </annotation>
    </item>
    <item name='net.sf.ehcache.statistics.FlatStatistics net.sf.ehcache.statistics.extended.ExtendedStatistics.Result localOffHeapPutOperation()'>
        <annotation name='com.intellij.inspections.tainted.annotation.equation.Equations'>
            <val val="{ &quot;localOffHeapPutOperation := StatisticsGateway#localOffHeapPutOperation()&quot; }"/>
        </annotation>
    </item>
    <item name='net.sf.ehcache.statistics.FlatStatistics net.sf.ehcache.statistics.extended.ExtendedStatistics.Result localOffHeapPutReplacedOperation()'>
        <annotation name='com.intellij.inspections.tainted.annotation.equation.Equations'>
            <val val="{ &quot;localOffHeapPutReplacedOperation := StatisticsGateway#localOffHeapPutReplacedOperation()&quot; }"/>
        </annotation>
    </item>
    <item name='net.sf.ehcache.statistics.FlatStatistics net.sf.ehcache.statistics.extended.ExtendedStatistics.Result localOffHeapRemoveOperation()'>
        <annotation name='com.intellij.inspections.tainted.annotation.equation.Equations'>
            <val val="{ &quot;localOffHeapRemoveOperation := StatisticsGateway#localOffHeapRemoveOperation()&quot; }"/>
        </annotation>
    </item>
    <item name='net.sf.ehcache.statistics.FlatStatistics net.sf.ehcache.statistics.extended.ExtendedStatistics.Result xaCommitExceptionOperation()'>
        <annotation name='com.intellij.inspections.tainted.annotation.equation.Equations'>
            <val val="{ &quot;xaCommitExceptionOperation := StatisticsGateway#xaCommitExceptionOperation()&quot; }"/>
        </annotation>
    </item>
    <item name='net.sf.ehcache.statistics.FlatStatistics net.sf.ehcache.statistics.extended.ExtendedStatistics.Result xaCommitReadOnlyOperation()'>
        <annotation name='com.intellij.inspections.tainted.annotation.equation.Equations'>
            <val val="{ &quot;xaCommitReadOnlyOperation := StatisticsGateway#xaCommitReadOnlyOperation()&quot; }"/>
        </annotation>
    </item>
    <item name='net.sf.ehcache.statistics.FlatStatistics net.sf.ehcache.statistics.extended.ExtendedStatistics.Result xaCommitSuccessOperation()'>
        <annotation name='com.intellij.inspections.tainted.annotation.equation.Equations'>
            <val val="{ &quot;xaCommitSuccessOperation := StatisticsGateway#xaCommitSuccessOperation()&quot; }"/>
        </annotation>
    </item>
    <item name='net.sf.ehcache.statistics.FlatStatistics net.sf.ehcache.statistics.extended.ExtendedStatistics.Result xaRecoveryOperation()'>
        <annotation name='com.intellij.inspections.tainted.annotation.equation.Equations'>
            <val val="{ &quot;xaRecoveryOperation := StatisticsGateway#xaRecoveryOperation()&quot; }"/>
        </annotation>
    </item>
    <item name='net.sf.ehcache.statistics.FlatStatistics net.sf.ehcache.statistics.extended.ExtendedStatistics.Result xaRollbackExceptionOperation()'>
        <annotation name='com.intellij.inspections.tainted.annotation.equation.Equations'>
            <val val="{ &quot;xaRollbackExceptionOperation := StatisticsGateway#xaRollbackExceptionOperation()&quot; }"/>
        </annotation>
    </item>
    <item name='net.sf.ehcache.statistics.FlatStatistics net.sf.ehcache.statistics.extended.ExtendedStatistics.Result xaRollbackOperation()'>
        <annotation name='com.intellij.inspections.tainted.annotation.equation.Equations'>
            <val val="{ &quot;xaRollbackOperation := StatisticsGateway#xaRollbackOperation()&quot; }"/>
        </annotation>
    </item>
    <item name='net.sf.ehcache.statistics.FlatStatistics void setStatisticsTimeToDisable(long, java.util.concurrent.TimeUnit)'>
        <annotation name='com.intellij.inspections.tainted.annotation.equation.Equations'>
            <val val="{ &quot;unit := StatisticsGateway#setStatisticsTimeToDisable(long, java.util.concurrent.TimeUnit)#1&quot;, &quot;time := StatisticsGateway#setStatisticsTimeToDisable(long, java.util.concurrent.TimeUnit)#0&quot; }"/>
        </annotation>
    </item>
    <item name='net.sf.ehcache.statistics.StatisticBuilder.OperationStatisticBuilder'>
        <annotation name='com.intellij.inspections.tainted.annotation.equation.Equations'>
            <val val="{ &quot;OperationStatisticBuilder := #OperationStatisticBuilder(java.lang.Class)#0&quot; }"/>
        </annotation>
    </item>
    <item name='net.sf.ehcache.statistics.StatisticBuilder.OperationStatisticBuilder OperationStatisticBuilder(java.lang.Class&lt;T&gt;)'>
        <annotation name='com.intellij.inspections.tainted.annotation.equation.Equations'>
            <val val="{ &quot;OperationStatisticBuilder := StatisticBuilder.OperationStatisticBuilder&quot; }"/>
        </annotation>
    </item>
    <item name='net.sf.ehcache.statistics.StatisticBuilder.OperationStatisticBuilder org.terracotta.statistics.observer.OperationObserver&lt;T&gt; build()'>
        <annotation name='com.intellij.inspections.tainted.annotation.equation.Equations'>
            <val val="{ &quot;build := &quot; }"/>
        </annotation>
    </item>
    <item name='net.sf.ehcache.statistics.StatisticsGateway'>
        <annotation name='com.intellij.inspections.tainted.annotation.equation.Equations'>
            <val val="{ &quot;StatisticsGateway := &quot; }"/>
        </annotation>
    </item>
    <item name='net.sf.ehcache.statistics.StatisticsGateway StatisticsGateway(net.sf.ehcache.Ehcache, java.util.concurrent.ScheduledExecutorService)'>
        <annotation name='com.intellij.inspections.tainted.annotation.equation.Equations'>
            <val val="{ &quot;StatisticsGateway := StatisticsGateway&quot;, &quot;ehcache := net.sf.ehcache.Cache&quot;, &quot;executor := &quot; }"/>
        </annotation>
    </item>
    <item name='net.sf.ehcache.statistics.StatisticsGateway double cacheHitRatio()'>
        <annotation name='com.intellij.inspections.tainted.annotation.equation.Equations'>
            <val val="{ &quot;cacheHitRatio := &quot; }"/>
        </annotation>
    </item>
    <item name='net.sf.ehcache.statistics.StatisticsGateway int getProperSampleHistorySize(net.sf.ehcache.config.ManagementRESTServiceConfiguration)'>
        <annotation name='com.intellij.inspections.tainted.annotation.equation.Equations'>
            <val val="{ &quot;getProperSampleHistorySize := #DEFAULT_HISTORY_SIZE&quot;, &quot;mRest := &quot; }"/>
        </annotation>
    </item>
    <item name='net.sf.ehcache.statistics.StatisticsGateway int getProperSampleIntervalSeconds(net.sf.ehcache.config.ManagementRESTServiceConfiguration)'>
        <annotation name='com.intellij.inspections.tainted.annotation.equation.Equations'>
            <val val="{ &quot;getProperSampleIntervalSeconds := #DEFAULT_INTERVAL_SECS&quot;, &quot;mRest := &quot; }"/>
        </annotation>
    </item>
    <item name='net.sf.ehcache.statistics.StatisticsGateway int getProperSampleSearchIntervalSeconds(net.sf.ehcache.config.ManagementRESTServiceConfiguration)'>
        <annotation name='com.intellij.inspections.tainted.annotation.equation.Equations'>
            <val val="{ &quot;mRest := &quot;, &quot;getProperSampleSearchIntervalSeconds := #DEFAULT_SEARCH_INTERVAL_SECS&quot; }"/>
        </annotation>
    </item>
    <item name='net.sf.ehcache.statistics.StatisticsGateway java.lang.String getAssociatedCacheName()'>
        <annotation name='com.intellij.inspections.tainted.annotation.equation.Equations'>
            <val val="{ &quot;getAssociatedCacheName := StatisticsGateway&quot; }"/>
        </annotation>
    </item>
    <item name='net.sf.ehcache.statistics.StatisticsGateway long cacheEvictedCount()'>
        <annotation name='com.intellij.inspections.tainted.annotation.equation.Equations'>
            <val val="{ &quot;cacheEvictedCount := &quot; }"/>
        </annotation>
    </item>
    <item name='net.sf.ehcache.statistics.StatisticsGateway long cacheExpiredCount()'>
        <annotation name='com.intellij.inspections.tainted.annotation.equation.Equations'>
            <val val="{ &quot;cacheExpiredCount := &quot; }"/>
        </annotation>
    </item>
    <item name='net.sf.ehcache.statistics.StatisticsGateway long cacheHitCount()'>
        <annotation name='com.intellij.inspections.tainted.annotation.equation.Equations'>
            <val val="{ &quot;cacheHitCount := &quot; }"/>
        </annotation>
    </item>
    <item name='net.sf.ehcache.statistics.StatisticsGateway long cacheMissCount()'>
        <annotation name='com.intellij.inspections.tainted.annotation.equation.Equations'>
            <val val="{ &quot;cacheMissCount := &quot; }"/>
        </annotation>
    </item>
    <item name='net.sf.ehcache.statistics.StatisticsGateway long cacheMissExpiredCount()'>
        <annotation name='com.intellij.inspections.tainted.annotation.equation.Equations'>
            <val val="{ &quot;cacheMissExpiredCount := &quot; }"/>
        </annotation>
    </item>
    <item name='net.sf.ehcache.statistics.StatisticsGateway long cacheMissNotFoundCount()'>
        <annotation name='com.intellij.inspections.tainted.annotation.equation.Equations'>
            <val val="{ &quot;cacheMissNotFoundCount := &quot; }"/>
        </annotation>
    </item>
    <item name='net.sf.ehcache.statistics.StatisticsGateway long cachePutAddedCount()'>
        <annotation name='com.intellij.inspections.tainted.annotation.equation.Equations'>
            <val val="{ &quot;cachePutAddedCount := &quot; }"/>
        </annotation>
    </item>
    <item name='net.sf.ehcache.statistics.StatisticsGateway long cachePutCount()'>
        <annotation name='com.intellij.inspections.tainted.annotation.equation.Equations'>
            <val val="{ &quot;cachePutCount := &quot; }"/>
        </annotation>
    </item>
    <item name='net.sf.ehcache.statistics.StatisticsGateway long cachePutUpdatedCount()'>
        <annotation name='com.intellij.inspections.tainted.annotation.equation.Equations'>
            <val val="{ &quot;cachePutUpdatedCount := &quot; }"/>
        </annotation>
    </item>
    <item name='net.sf.ehcache.statistics.StatisticsGateway long cacheRemoveCount()'>
        <annotation name='com.intellij.inspections.tainted.annotation.equation.Equations'>
            <val val="{ &quot;cacheRemoveCount := &quot; }"/>
        </annotation>
    </item>
    <item name='net.sf.ehcache.statistics.StatisticsGateway long getLocalDiskSize()'>
        <annotation name='com.intellij.inspections.tainted.annotation.equation.Equations'>
            <val val="{ &quot;getLocalDiskSize := &quot; }"/>
        </annotation>
    </item>
    <item name='net.sf.ehcache.statistics.StatisticsGateway long getLocalDiskSizeInBytes()'>
        <annotation name='com.intellij.inspections.tainted.annotation.equation.Equations'>
            <val val="{ &quot;getLocalDiskSizeInBytes := &quot; }"/>
        </annotation>
    </item>
    <item name='net.sf.ehcache.statistics.StatisticsGateway long getLocalHeapSize()'>
        <annotation name='com.intellij.inspections.tainted.annotation.equation.Equations'>
            <val val="{ &quot;getLocalHeapSize := &quot; }"/>
        </annotation>
    </item>
    <item name='net.sf.ehcache.statistics.StatisticsGateway long getLocalHeapSizeInBytes()'>
        <annotation name='com.intellij.inspections.tainted.annotation.equation.Equations'>
            <val val="{ &quot;getLocalHeapSizeInBytes := &quot; }"/>
        </annotation>
    </item>
    <item name='net.sf.ehcache.statistics.StatisticsGateway long getLocalOffHeapSize()'>
        <annotation name='com.intellij.inspections.tainted.annotation.equation.Equations'>
            <val val="{ &quot;getLocalOffHeapSize := &quot; }"/>
        </annotation>
    </item>
    <item name='net.sf.ehcache.statistics.StatisticsGateway long getLocalOffHeapSizeInBytes()'>
        <annotation name='com.intellij.inspections.tainted.annotation.equation.Equations'>
            <val val="{ &quot;getLocalOffHeapSizeInBytes := &quot; }"/>
        </annotation>
    </item>
    <item name='net.sf.ehcache.statistics.StatisticsGateway long getRemoteSize()'>
        <annotation name='com.intellij.inspections.tainted.annotation.equation.Equations'>
            <val val="{ &quot;getRemoteSize := &quot; }"/>
        </annotation>
    </item>
    <item name='net.sf.ehcache.statistics.StatisticsGateway long getSize()'>
        <annotation name='com.intellij.inspections.tainted.annotation.equation.Equations'>
            <val val="{ &quot;getSize := &quot; }"/>
        </annotation>
    </item>
    <item name='net.sf.ehcache.statistics.StatisticsGateway long getWriterQueueLength()'>
        <annotation name='com.intellij.inspections.tainted.annotation.equation.Equations'>
            <val val="{ &quot;getWriterQueueLength := &quot; }"/>
        </annotation>
    </item>
    <item name='net.sf.ehcache.statistics.StatisticsGateway long localDiskHitCount()'>
        <annotation name='com.intellij.inspections.tainted.annotation.equation.Equations'>
            <val val="{ &quot;localDiskHitCount := &quot; }"/>
        </annotation>
    </item>
    <item name='net.sf.ehcache.statistics.StatisticsGateway long localDiskMissCount()'>
        <annotation name='com.intellij.inspections.tainted.annotation.equation.Equations'>
            <val val="{ &quot;localDiskMissCount := &quot; }"/>
        </annotation>
    </item>
    <item name='net.sf.ehcache.statistics.StatisticsGateway long localDiskPutAddedCount()'>
        <annotation name='com.intellij.inspections.tainted.annotation.equation.Equations'>
            <val val="{ &quot;localDiskPutAddedCount := &quot; }"/>
        </annotation>
    </item>
    <item name='net.sf.ehcache.statistics.StatisticsGateway long localDiskPutCount()'>
        <annotation name='com.intellij.inspections.tainted.annotation.equation.Equations'>
            <val val="{ &quot;localDiskPutCount := &quot; }"/>
        </annotation>
    </item>
    <item name='net.sf.ehcache.statistics.StatisticsGateway long localDiskPutUpdatedCount()'>
        <annotation name='com.intellij.inspections.tainted.annotation.equation.Equations'>
            <val val="{ &quot;localDiskPutUpdatedCount := &quot; }"/>
        </annotation>
    </item>
    <item name='net.sf.ehcache.statistics.StatisticsGateway long localDiskRemoveCount()'>
        <annotation name='com.intellij.inspections.tainted.annotation.equation.Equations'>
            <val val="{ &quot;localDiskRemoveCount := &quot; }"/>
        </annotation>
    </item>
    <item name='net.sf.ehcache.statistics.StatisticsGateway long localHeapHitCount()'>
        <annotation name='com.intellij.inspections.tainted.annotation.equation.Equations'>
            <val val="{ &quot;localHeapHitCount := &quot; }"/>
        </annotation>
    </item>
    <item name='net.sf.ehcache.statistics.StatisticsGateway long localHeapMissCount()'>
        <annotation name='com.intellij.inspections.tainted.annotation.equation.Equations'>
            <val val="{ &quot;localHeapMissCount := &quot; }"/>
        </annotation>
    </item>
    <item name='net.sf.ehcache.statistics.StatisticsGateway long localHeapPutAddedCount()'>
        <annotation name='com.intellij.inspections.tainted.annotation.equation.Equations'>
            <val val="{ &quot;localHeapPutAddedCount := &quot; }"/>
        </annotation>
    </item>
    <item name='net.sf.ehcache.statistics.StatisticsGateway long localHeapPutCount()'>
        <annotation name='com.intellij.inspections.tainted.annotation.equation.Equations'>
            <val val="{ &quot;localHeapPutCount := &quot; }"/>
        </annotation>
    </item>
    <item name='net.sf.ehcache.statistics.StatisticsGateway long localHeapPutUpdatedCount()'>
        <annotation name='com.intellij.inspections.tainted.annotation.equation.Equations'>
            <val val="{ &quot;localHeapPutUpdatedCount := &quot; }"/>
        </annotation>
    </item>
    <item name='net.sf.ehcache.statistics.StatisticsGateway long localHeapRemoveCount()'>
        <annotation name='com.intellij.inspections.tainted.annotation.equation.Equations'>
            <val val="{ &quot;localHeapRemoveCount := &quot; }"/>
        </annotation>
    </item>
    <item name='net.sf.ehcache.statistics.StatisticsGateway long localOffHeapHitCount()'>
        <annotation name='com.intellij.inspections.tainted.annotation.equation.Equations'>
            <val val="{ &quot;localOffHeapHitCount := &quot; }"/>
        </annotation>
    </item>
    <item name='net.sf.ehcache.statistics.StatisticsGateway long localOffHeapMissCount()'>
        <annotation name='com.intellij.inspections.tainted.annotation.equation.Equations'>
            <val val="{ &quot;localOffHeapMissCount := &quot; }"/>
        </annotation>
    </item>
    <item name='net.sf.ehcache.statistics.StatisticsGateway long localOffHeapPutAddedCount()'>
        <annotation name='com.intellij.inspections.tainted.annotation.equation.Equations'>
            <val val="{ &quot;localOffHeapPutAddedCount := &quot; }"/>
        </annotation>
    </item>
    <item name='net.sf.ehcache.statistics.StatisticsGateway long localOffHeapPutCount()'>
        <annotation name='com.intellij.inspections.tainted.annotation.equation.Equations'>
            <val val="{ &quot;localOffHeapPutCount := &quot; }"/>
        </annotation>
    </item>
    <item name='net.sf.ehcache.statistics.StatisticsGateway long localOffHeapPutUpdatedCount()'>
        <annotation name='com.intellij.inspections.tainted.annotation.equation.Equations'>
            <val val="{ &quot;localOffHeapPutUpdatedCount := &quot; }"/>
        </annotation>
    </item>
    <item name='net.sf.ehcache.statistics.StatisticsGateway long localOffHeapRemoveCount()'>
        <annotation name='com.intellij.inspections.tainted.annotation.equation.Equations'>
            <val val="{ &quot;localOffHeapRemoveCount := &quot; }"/>
        </annotation>
    </item>
    <item name='net.sf.ehcache.statistics.StatisticsGateway long xaCommitCommittedCount()'>
        <annotation name='com.intellij.inspections.tainted.annotation.equation.Equations'>
            <val val="{ &quot;xaCommitCommittedCount := &quot; }"/>
        </annotation>
    </item>
    <item name='net.sf.ehcache.statistics.StatisticsGateway long xaCommitCount()'>
        <annotation name='com.intellij.inspections.tainted.annotation.equation.Equations'>
            <val val="{ &quot;xaCommitCount := &quot; }"/>
        </annotation>
    </item>
    <item name='net.sf.ehcache.statistics.StatisticsGateway long xaCommitExceptionCount()'>
        <annotation name='com.intellij.inspections.tainted.annotation.equation.Equations'>
            <val val="{ &quot;xaCommitExceptionCount := &quot; }"/>
        </annotation>
    </item>
    <item name='net.sf.ehcache.statistics.StatisticsGateway long xaCommitReadOnlyCount()'>
        <annotation name='com.intellij.inspections.tainted.annotation.equation.Equations'>
            <val val="{ &quot;xaCommitReadOnlyCount := &quot; }"/>
        </annotation>
    </item>
    <item name='net.sf.ehcache.statistics.StatisticsGateway long xaRecoveryCount()'>
        <annotation name='com.intellij.inspections.tainted.annotation.equation.Equations'>
            <val val="{ &quot;xaRecoveryCount := &quot; }"/>
        </annotation>
    </item>
    <item name='net.sf.ehcache.statistics.StatisticsGateway long xaRecoveryNothingCount()'>
        <annotation name='com.intellij.inspections.tainted.annotation.equation.Equations'>
            <val val="{ &quot;xaRecoveryNothingCount := &quot; }"/>
        </annotation>
    </item>
    <item name='net.sf.ehcache.statistics.StatisticsGateway long xaRecoveryRecoveredCount()'>
        <annotation name='com.intellij.inspections.tainted.annotation.equation.Equations'>
            <val val="{ &quot;xaRecoveryRecoveredCount := &quot; }"/>
        </annotation>
    </item>
    <item name='net.sf.ehcache.statistics.StatisticsGateway long xaRollbackCount()'>
        <annotation name='com.intellij.inspections.tainted.annotation.equation.Equations'>
            <val val="{ &quot;xaRollbackCount := &quot; }"/>
        </annotation>
    </item>
    <item name='net.sf.ehcache.statistics.StatisticsGateway long xaRollbackExceptionCount()'>
        <annotation name='com.intellij.inspections.tainted.annotation.equation.Equations'>
            <val val="{ &quot;xaRollbackExceptionCount := &quot; }"/>
        </annotation>
    </item>
    <item name='net.sf.ehcache.statistics.StatisticsGateway long xaRollbackSuccessCount()'>
        <annotation name='com.intellij.inspections.tainted.annotation.equation.Equations'>
            <val val="{ &quot;xaRollbackSuccessCount := &quot; }"/>
        </annotation>
    </item>
    <item name='net.sf.ehcache.statistics.StatisticsGateway net.sf.ehcache.statistics.CoreStatistics getCore()'>
        <annotation name='com.intellij.inspections.tainted.annotation.equation.Equations'>
            <val val="{ &quot;getCore := StatisticsGateway&quot; }"/>
        </annotation>
    </item>
    <item name='net.sf.ehcache.statistics.StatisticsGateway net.sf.ehcache.statistics.extended.ExtendedStatistics getExtended()'>
        <annotation name='com.intellij.inspections.tainted.annotation.equation.Equations'>
            <val val="{ &quot;getExtended := StatisticsGateway&quot; }"/>
        </annotation>
    </item>
    <item name='net.sf.ehcache.statistics.StatisticsGateway net.sf.ehcache.statistics.extended.ExtendedStatistics.Result cacheEvictionOperation()'>
        <annotation name='com.intellij.inspections.tainted.annotation.equation.Equations'>
            <val val="{ &quot;cacheEvictionOperation := &quot; }"/>
        </annotation>
    </item>
    <item name='net.sf.ehcache.statistics.StatisticsGateway net.sf.ehcache.statistics.extended.ExtendedStatistics.Result cacheExpiredOperation()'>
        <annotation name='com.intellij.inspections.tainted.annotation.equation.Equations'>
            <val val="{ &quot;cacheExpiredOperation := &quot; }"/>
        </annotation>
    </item>
    <item name='net.sf.ehcache.statistics.StatisticsGateway net.sf.ehcache.statistics.extended.ExtendedStatistics.Result cacheGetOperation()'>
        <annotation name='com.intellij.inspections.tainted.annotation.equation.Equations'>
            <val val="{ &quot;cacheGetOperation := &quot; }"/>
        </annotation>
    </item>
    <item name='net.sf.ehcache.statistics.StatisticsGateway net.sf.ehcache.statistics.extended.ExtendedStatistics.Result cacheHitOperation()'>
        <annotation name='com.intellij.inspections.tainted.annotation.equation.Equations'>
            <val val="{ &quot;cacheHitOperation := &quot; }"/>
        </annotation>
    </item>
    <item name='net.sf.ehcache.statistics.StatisticsGateway net.sf.ehcache.statistics.extended.ExtendedStatistics.Result cacheMissExpiredOperation()'>
        <annotation name='com.intellij.inspections.tainted.annotation.equation.Equations'>
            <val val="{ &quot;cacheMissExpiredOperation := &quot; }"/>
        </annotation>
    </item>
    <item name='net.sf.ehcache.statistics.StatisticsGateway net.sf.ehcache.statistics.extended.ExtendedStatistics.Result cacheMissNotFoundOperation()'>
        <annotation name='com.intellij.inspections.tainted.annotation.equation.Equations'>
            <val val="{ &quot;cacheMissNotFoundOperation := &quot; }"/>
        </annotation>
    </item>
    <item name='net.sf.ehcache.statistics.StatisticsGateway net.sf.ehcache.statistics.extended.ExtendedStatistics.Result cacheMissOperation()'>
        <annotation name='com.intellij.inspections.tainted.annotation.equation.Equations'>
            <val val="{ &quot;cacheMissOperation := &quot; }"/>
        </annotation>
    </item>
    <item name='net.sf.ehcache.statistics.StatisticsGateway net.sf.ehcache.statistics.extended.ExtendedStatistics.Result cachePutAddedOperation()'>
        <annotation name='com.intellij.inspections.tainted.annotation.equation.Equations'>
            <val val="{ &quot;cachePutAddedOperation := &quot; }"/>
        </annotation>
    </item>
    <item name='net.sf.ehcache.statistics.StatisticsGateway net.sf.ehcache.statistics.extended.ExtendedStatistics.Result cachePutOperation()'>
        <annotation name='com.intellij.inspections.tainted.annotation.equation.Equations'>
            <val val="{ &quot;cachePutOperation := &quot; }"/>
        </annotation>
    </item>
    <item name='net.sf.ehcache.statistics.StatisticsGateway net.sf.ehcache.statistics.extended.ExtendedStatistics.Result cachePutReplacedOperation()'>
        <annotation name='com.intellij.inspections.tainted.annotation.equation.Equations'>
            <val val="{ &quot;cachePutReplacedOperation := &quot; }"/>
        </annotation>
    </item>
    <item name='net.sf.ehcache.statistics.StatisticsGateway net.sf.ehcache.statistics.extended.ExtendedStatistics.Result cacheRemoveOperation()'>
        <annotation name='com.intellij.inspections.tainted.annotation.equation.Equations'>
            <val val="{ &quot;cacheRemoveOperation := &quot; }"/>
        </annotation>
    </item>
    <item name='net.sf.ehcache.statistics.StatisticsGateway net.sf.ehcache.statistics.extended.ExtendedStatistics.Result cacheSearchOperation()'>
        <annotation name='com.intellij.inspections.tainted.annotation.equation.Equations'>
            <val val="{ &quot;cacheSearchOperation := &quot; }"/>
        </annotation>
    </item>
    <item name='net.sf.ehcache.statistics.StatisticsGateway net.sf.ehcache.statistics.extended.ExtendedStatistics.Result localDiskHitOperation()'>
        <annotation name='com.intellij.inspections.tainted.annotation.equation.Equations'>
            <val val="{ &quot;localDiskHitOperation := &quot; }"/>
        </annotation>
    </item>
    <item name='net.sf.ehcache.statistics.StatisticsGateway net.sf.ehcache.statistics.extended.ExtendedStatistics.Result localDiskMissOperation()'>
        <annotation name='com.intellij.inspections.tainted.annotation.equation.Equations'>
            <val val="{ &quot;localDiskMissOperation := &quot; }"/>
        </annotation>
    </item>
    <item name='net.sf.ehcache.statistics.StatisticsGateway net.sf.ehcache.statistics.extended.ExtendedStatistics.Result localDiskPutAddedOperation()'>
        <annotation name='com.intellij.inspections.tainted.annotation.equation.Equations'>
            <val val="{ &quot;localDiskPutAddedOperation := &quot; }"/>
        </annotation>
    </item>
    <item name='net.sf.ehcache.statistics.StatisticsGateway net.sf.ehcache.statistics.extended.ExtendedStatistics.Result localDiskPutOperation()'>
        <annotation name='com.intellij.inspections.tainted.annotation.equation.Equations'>
            <val val="{ &quot;localDiskPutOperation := &quot; }"/>
        </annotation>
    </item>
    <item name='net.sf.ehcache.statistics.StatisticsGateway net.sf.ehcache.statistics.extended.ExtendedStatistics.Result localDiskPutReplacedOperation()'>
        <annotation name='com.intellij.inspections.tainted.annotation.equation.Equations'>
            <val val="{ &quot;localDiskPutReplacedOperation := &quot; }"/>
        </annotation>
    </item>
    <item name='net.sf.ehcache.statistics.StatisticsGateway net.sf.ehcache.statistics.extended.ExtendedStatistics.Result localDiskRemoveOperation()'>
        <annotation name='com.intellij.inspections.tainted.annotation.equation.Equations'>
            <val val="{ &quot;localDiskRemoveOperation := &quot; }"/>
        </annotation>
    </item>
    <item name='net.sf.ehcache.statistics.StatisticsGateway net.sf.ehcache.statistics.extended.ExtendedStatistics.Result localHeapHitOperation()'>
        <annotation name='com.intellij.inspections.tainted.annotation.equation.Equations'>
            <val val="{ &quot;localHeapHitOperation := &quot; }"/>
        </annotation>
    </item>
    <item name='net.sf.ehcache.statistics.StatisticsGateway net.sf.ehcache.statistics.extended.ExtendedStatistics.Result localHeapMissOperation()'>
        <annotation name='com.intellij.inspections.tainted.annotation.equation.Equations'>
            <val val="{ &quot;localHeapMissOperation := &quot; }"/>
        </annotation>
    </item>
    <item name='net.sf.ehcache.statistics.StatisticsGateway net.sf.ehcache.statistics.extended.ExtendedStatistics.Result localHeapPutAddedOperation()'>
        <annotation name='com.intellij.inspections.tainted.annotation.equation.Equations'>
            <val val="{ &quot;localHeapPutAddedOperation := &quot; }"/>
        </annotation>
    </item>
    <item name='net.sf.ehcache.statistics.StatisticsGateway net.sf.ehcache.statistics.extended.ExtendedStatistics.Result localHeapPutOperation()'>
        <annotation name='com.intellij.inspections.tainted.annotation.equation.Equations'>
            <val val="{ &quot;localHeapPutOperation := &quot; }"/>
        </annotation>
    </item>
    <item name='net.sf.ehcache.statistics.StatisticsGateway net.sf.ehcache.statistics.extended.ExtendedStatistics.Result localHeapPutReplacedOperation()'>
        <annotation name='com.intellij.inspections.tainted.annotation.equation.Equations'>
            <val val="{ &quot;localHeapPutReplacedOperation := &quot; }"/>
        </annotation>
    </item>
    <item name='net.sf.ehcache.statistics.StatisticsGateway net.sf.ehcache.statistics.extended.ExtendedStatistics.Result localHeapRemoveOperation()'>
        <annotation name='com.intellij.inspections.tainted.annotation.equation.Equations'>
            <val val="{ &quot;localHeapRemoveOperation := &quot; }"/>
        </annotation>
    </item>
    <item name='net.sf.ehcache.statistics.StatisticsGateway net.sf.ehcache.statistics.extended.ExtendedStatistics.Result localOffHeapHitOperation()'>
        <annotation name='com.intellij.inspections.tainted.annotation.equation.Equations'>
            <val val="{ &quot;localOffHeapHitOperation := &quot; }"/>
        </annotation>
    </item>
    <item name='net.sf.ehcache.statistics.StatisticsGateway net.sf.ehcache.statistics.extended.ExtendedStatistics.Result localOffHeapMissOperation()'>
        <annotation name='com.intellij.inspections.tainted.annotation.equation.Equations'>
            <val val="{ &quot;localOffHeapMissOperation := &quot; }"/>
        </annotation>
    </item>
    <item name='net.sf.ehcache.statistics.StatisticsGateway net.sf.ehcache.statistics.extended.ExtendedStatistics.Result localOffHeapPutAddedOperation()'>
        <annotation name='com.intellij.inspections.tainted.annotation.equation.Equations'>
            <val val="{ &quot;localOffHeapPutAddedOperation := &quot; }"/>
        </annotation>
    </item>
    <item name='net.sf.ehcache.statistics.StatisticsGateway net.sf.ehcache.statistics.extended.ExtendedStatistics.Result localOffHeapPutOperation()'>
        <annotation name='com.intellij.inspections.tainted.annotation.equation.Equations'>
            <val val="{ &quot;localOffHeapPutOperation := &quot; }"/>
        </annotation>
    </item>
    <item name='net.sf.ehcache.statistics.StatisticsGateway net.sf.ehcache.statistics.extended.ExtendedStatistics.Result localOffHeapPutReplacedOperation()'>
        <annotation name='com.intellij.inspections.tainted.annotation.equation.Equations'>
            <val val="{ &quot;localOffHeapPutReplacedOperation := &quot; }"/>
        </annotation>
    </item>
    <item name='net.sf.ehcache.statistics.StatisticsGateway net.sf.ehcache.statistics.extended.ExtendedStatistics.Result localOffHeapRemoveOperation()'>
        <annotation name='com.intellij.inspections.tainted.annotation.equation.Equations'>
            <val val="{ &quot;localOffHeapRemoveOperation := &quot; }"/>
        </annotation>
    </item>
    <item name='net.sf.ehcache.statistics.StatisticsGateway net.sf.ehcache.statistics.extended.ExtendedStatistics.Result xaCommitExceptionOperation()'>
        <annotation name='com.intellij.inspections.tainted.annotation.equation.Equations'>
            <val val="{ &quot;xaCommitExceptionOperation := &quot; }"/>
        </annotation>
    </item>
    <item name='net.sf.ehcache.statistics.StatisticsGateway net.sf.ehcache.statistics.extended.ExtendedStatistics.Result xaCommitReadOnlyOperation()'>
        <annotation name='com.intellij.inspections.tainted.annotation.equation.Equations'>
            <val val="{ &quot;xaCommitReadOnlyOperation := &quot; }"/>
        </annotation>
    </item>
    <item name='net.sf.ehcache.statistics.StatisticsGateway net.sf.ehcache.statistics.extended.ExtendedStatistics.Result xaCommitSuccessOperation()'>
        <annotation name='com.intellij.inspections.tainted.annotation.equation.Equations'>
            <val val="{ &quot;xaCommitSuccessOperation := &quot; }"/>
        </annotation>
    </item>
    <item name='net.sf.ehcache.statistics.StatisticsGateway net.sf.ehcache.statistics.extended.ExtendedStatistics.Result xaRecoveryOperation()'>
        <annotation name='com.intellij.inspections.tainted.annotation.equation.Equations'>
            <val val="{ &quot;xaRecoveryOperation := &quot; }"/>
        </annotation>
    </item>
    <item name='net.sf.ehcache.statistics.StatisticsGateway net.sf.ehcache.statistics.extended.ExtendedStatistics.Result xaRollbackExceptionOperation()'>
        <annotation name='com.intellij.inspections.tainted.annotation.equation.Equations'>
            <val val="{ &quot;xaRollbackExceptionOperation := &quot; }"/>
        </annotation>
    </item>
    <item name='net.sf.ehcache.statistics.StatisticsGateway net.sf.ehcache.statistics.extended.ExtendedStatistics.Result xaRollbackOperation()'>
        <annotation name='com.intellij.inspections.tainted.annotation.equation.Equations'>
            <val val="{ &quot;xaRollbackOperation := &quot; }"/>
        </annotation>
    </item>
</root>