<root>
    <item name='sun.swing.plaf.synth.DefaultSynthStyle'>
        <annotation name='com.intellij.inspections.tainted.annotation.equation.Equations'>
            <val val="{ &quot;DefaultSynthStyle := javax.swing.plaf.synth.ParsedSynthStyle&quot; }"/>
        </annotation>
    </item>
    <item name='sun.swing.plaf.synth.DefaultSynthStyle java.lang.String toString()'>
        <annotation name='com.intellij.inspections.tainted.annotation.equation.Equations'>
            <val val="{ &quot;toString := javax.swing.plaf.synth.ParsedSynthStyle#toString()&quot; }"/>
        </annotation>
    </item>
    <item name='sun.swing.plaf.synth.DefaultSynthStyle javax.swing.plaf.synth.SynthPainter getPainter(javax.swing.plaf.synth.SynthContext)'>
        <annotation name='com.intellij.inspections.tainted.annotation.equation.Equations'>
            <val val="{ &quot;synthContext := javax.swing.plaf.synth.ParsedSynthStyle#getPainter(javax.swing.plaf.synth.SynthContext)#0&quot;, &quot;getPainter := javax.swing.plaf.synth.ParsedSynthStyle#getPainter(javax.swing.plaf.synth.SynthContext)&quot; }"/>
        </annotation>
    </item>
    <item name='sun.swing.plaf.synth.DefaultSynthStyle sun.swing.plaf.synth.DefaultSynthStyle addTo(sun.swing.plaf.synth.DefaultSynthStyle)'>
        <annotation name='com.intellij.inspections.tainted.annotation.equation.Equations'>
            <val val="{ &quot;addTo := javax.swing.plaf.synth.ParsedSynthStyle#addTo(sun.swing.plaf.synth.DefaultSynthStyle)&quot;, &quot;defaultSynthStyle := javax.swing.plaf.synth.ParsedSynthStyle#addTo(sun.swing.plaf.synth.DefaultSynthStyle)#0&quot; }"/>
        </annotation>
    </item>
    <item name='sun.swing.plaf.synth.DefaultSynthStyle.StateInfo'>
        <annotation name='com.intellij.inspections.tainted.annotation.equation.Equations'>
            <val val="{ &quot;StateInfo := javax.swing.plaf.synth.ParsedSynthStyle.StateInfo&quot; }"/>
        </annotation>
    </item>
    <item name='sun.swing.plaf.synth.DefaultSynthStyle.StateInfo java.lang.Object clone()'>
        <annotation name='com.intellij.inspections.tainted.annotation.equation.Equations'>
            <val val="{ &quot;clone := javax.swing.plaf.synth.ParsedSynthStyle.StateInfo#clone()&quot; }"/>
        </annotation>
    </item>
    <item name='sun.swing.plaf.synth.DefaultSynthStyle.StateInfo java.lang.String toString()'>
        <annotation name='com.intellij.inspections.tainted.annotation.equation.Equations'>
            <val val="{ &quot;toString := javax.swing.plaf.synth.ParsedSynthStyle.StateInfo#toString()&quot; }"/>
        </annotation>
    </item>
    <item name='sun.swing.plaf.synth.DefaultSynthStyle.StateInfo sun.swing.plaf.synth.DefaultSynthStyle.StateInfo addTo(sun.swing.plaf.synth.DefaultSynthStyle.StateInfo)'>
        <annotation name='com.intellij.inspections.tainted.annotation.equation.Equations'>
            <val val="{ &quot;addTo := javax.swing.plaf.synth.ParsedSynthStyle.StateInfo#addTo(sun.swing.plaf.synth.DefaultSynthStyle.StateInfo)&quot;, &quot;stateInfo := javax.swing.plaf.synth.ParsedSynthStyle.StateInfo#addTo(sun.swing.plaf.synth.DefaultSynthStyle.StateInfo)#0&quot; }"/>
        </annotation>
    </item>
    <item name='sun.swing.plaf.synth.SynthFileChooserUI'>
        <annotation name='com.intellij.inspections.tainted.annotation.equation.Equations'>
            <val val="{ &quot;SynthFileChooserUI := com.sun.java.swing.plaf.gtk.GTKFileChooserUI &amp; SynthFileChooserUIImpl&quot; }"/>
        </annotation>
    </item>
    <item name='sun.swing.plaf.synth.SynthFileChooserUI java.lang.String getFileName()'>
        <annotation name='com.intellij.inspections.tainted.annotation.equation.Equations'>
            <val val="{ &quot;getFileName := com.sun.java.swing.plaf.gtk.GTKFileChooserUI#getFileName() &amp; SynthFileChooserUIImpl#getFileName()&quot; }"/>
        </annotation>
    </item>
    <item name='sun.swing.plaf.synth.SynthFileChooserUI javax.swing.ActionMap createActionMap()'>
        <annotation name='com.intellij.inspections.tainted.annotation.equation.Equations'>
            <val val="{ &quot;createActionMap := com.sun.java.swing.plaf.gtk.GTKFileChooserUI#createActionMap() &amp; SynthFileChooserUIImpl#createActionMap()&quot; }"/>
        </annotation>
    </item>
    <item name='sun.swing.plaf.synth.SynthFileChooserUI void doAccessoryChanged(java.beans.PropertyChangeEvent)'>
        <annotation name='com.intellij.inspections.tainted.annotation.equation.Equations'>
            <val val="{ &quot;propertyChangeEvent := com.sun.java.swing.plaf.gtk.GTKFileChooserUI#doAccessoryChanged(java.beans.PropertyChangeEvent)#0 &amp; SynthFileChooserUIImpl#doAccessoryChanged(java.beans.PropertyChangeEvent)#0&quot; }"/>
        </annotation>
    </item>
    <item name='sun.swing.plaf.synth.SynthFileChooserUI void doAncestorChanged(java.beans.PropertyChangeEvent)'>
        <annotation name='com.intellij.inspections.tainted.annotation.equation.Equations'>
            <val val="{ &quot;propertyChangeEvent := com.sun.java.swing.plaf.gtk.GTKFileChooserUI#doAncestorChanged(java.beans.PropertyChangeEvent)#0&quot; }"/>
        </annotation>
    </item>
    <item name='sun.swing.plaf.synth.SynthFileChooserUI void doControlButtonsChanged(java.beans.PropertyChangeEvent)'>
        <annotation name='com.intellij.inspections.tainted.annotation.equation.Equations'>
            <val val="{ &quot;propertyChangeEvent := com.sun.java.swing.plaf.gtk.GTKFileChooserUI#doControlButtonsChanged(java.beans.PropertyChangeEvent)#0 &amp; SynthFileChooserUIImpl#doControlButtonsChanged(java.beans.PropertyChangeEvent)#0&quot; }"/>
        </annotation>
    </item>
    <item name='sun.swing.plaf.synth.SynthFileChooserUI void doDirectoryChanged(java.beans.PropertyChangeEvent)'>
        <annotation name='com.intellij.inspections.tainted.annotation.equation.Equations'>
            <val val="{ &quot;propertyChangeEvent := com.sun.java.swing.plaf.gtk.GTKFileChooserUI#doDirectoryChanged(java.beans.PropertyChangeEvent)#0 &amp; SynthFileChooserUIImpl#doDirectoryChanged(java.beans.PropertyChangeEvent)#0&quot; }"/>
        </annotation>
    </item>
    <item name='sun.swing.plaf.synth.SynthFileChooserUI void doFileSelectionModeChanged(java.beans.PropertyChangeEvent)'>
        <annotation name='com.intellij.inspections.tainted.annotation.equation.Equations'>
            <val val="{ &quot;propertyChangeEvent := com.sun.java.swing.plaf.gtk.GTKFileChooserUI#doFileSelectionModeChanged(java.beans.PropertyChangeEvent)#0 &amp; SynthFileChooserUIImpl#doFileSelectionModeChanged(java.beans.PropertyChangeEvent)#0&quot; }"/>
        </annotation>
    </item>
    <item name='sun.swing.plaf.synth.SynthFileChooserUI void doMultiSelectionChanged(java.beans.PropertyChangeEvent)'>
        <annotation name='com.intellij.inspections.tainted.annotation.equation.Equations'>
            <val val="{ &quot;propertyChangeEvent := com.sun.java.swing.plaf.gtk.GTKFileChooserUI#doMultiSelectionChanged(java.beans.PropertyChangeEvent)#0&quot; }"/>
        </annotation>
    </item>
    <item name='sun.swing.plaf.synth.SynthFileChooserUI void doSelectedFileChanged(java.beans.PropertyChangeEvent)'>
        <annotation name='com.intellij.inspections.tainted.annotation.equation.Equations'>
            <val val="{ &quot;propertyChangeEvent := com.sun.java.swing.plaf.gtk.GTKFileChooserUI#doSelectedFileChanged(java.beans.PropertyChangeEvent)#0 &amp; SynthFileChooserUIImpl#doSelectedFileChanged(java.beans.PropertyChangeEvent)#0&quot; }"/>
        </annotation>
    </item>
    <item name='sun.swing.plaf.synth.SynthFileChooserUI void doSelectedFilesChanged(java.beans.PropertyChangeEvent)'>
        <annotation name='com.intellij.inspections.tainted.annotation.equation.Equations'>
            <val val="{ &quot;propertyChangeEvent := SynthFileChooserUIImpl#doSelectedFilesChanged(java.beans.PropertyChangeEvent)#0&quot; }"/>
        </annotation>
    </item>
    <item name='sun.swing.plaf.synth.SynthFileChooserUI void installComponents(javax.swing.JFileChooser)'>
        <annotation name='com.intellij.inspections.tainted.annotation.equation.Equations'>
            <val val="{ &quot;jFileChooser := com.sun.java.swing.plaf.gtk.GTKFileChooserUI#installComponents(javax.swing.JFileChooser)#0 &amp; SynthFileChooserUIImpl#installComponents(javax.swing.JFileChooser)#0&quot; }"/>
        </annotation>
    </item>
    <item name='sun.swing.plaf.synth.SynthFileChooserUI void installDefaults(javax.swing.JFileChooser)'>
        <annotation name='com.intellij.inspections.tainted.annotation.equation.Equations'>
            <val val="{ &quot;jFileChooser := com.sun.java.swing.plaf.gtk.GTKFileChooserUI#installDefaults(javax.swing.JFileChooser)#0 &amp; SynthFileChooserUIImpl#installDefaults(javax.swing.JFileChooser)#0&quot; }"/>
        </annotation>
    </item>
    <item name='sun.swing.plaf.synth.SynthFileChooserUI void installIcons(javax.swing.JFileChooser)'>
        <annotation name='com.intellij.inspections.tainted.annotation.equation.Equations'>
            <val val="{ &quot;jFileChooser := com.sun.java.swing.plaf.gtk.GTKFileChooserUI#installIcons(javax.swing.JFileChooser)#0&quot; }"/>
        </annotation>
    </item>
    <item name='sun.swing.plaf.synth.SynthFileChooserUI void installListeners(javax.swing.JFileChooser)'>
        <annotation name='com.intellij.inspections.tainted.annotation.equation.Equations'>
            <val val="{ &quot;jFileChooser := com.sun.java.swing.plaf.gtk.GTKFileChooserUI#installListeners(javax.swing.JFileChooser)#0 &amp; SynthFileChooserUIImpl#installListeners(javax.swing.JFileChooser)#0&quot; }"/>
        </annotation>
    </item>
    <item name='sun.swing.plaf.synth.SynthFileChooserUI void installUI(javax.swing.JComponent)'>
        <annotation name='com.intellij.inspections.tainted.annotation.equation.Equations'>
            <val val="{ &quot;jComponent := com.sun.java.swing.plaf.gtk.GTKFileChooserUI#installUI(javax.swing.JComponent)#0&quot; }"/>
        </annotation>
    </item>
    <item name='sun.swing.plaf.synth.SynthFileChooserUI void setFileName(java.lang.String)'>
        <annotation name='com.intellij.inspections.tainted.annotation.equation.Equations'>
            <val val="{ &quot;s := com.sun.java.swing.plaf.gtk.GTKFileChooserUI#setFileName(java.lang.String)#0 &amp; SynthFileChooserUIImpl#setFileName(java.lang.String)#0&quot; }"/>
        </annotation>
    </item>
    <item name='sun.swing.plaf.synth.SynthIcon'>
        <annotation name='com.intellij.inspections.tainted.annotation.equation.Equations'>
            <val val="{ &quot;SynthIcon := com.sun.java.swing.plaf.gtk.GTKStyle.GTKStockIcon &amp; javax.swing.plaf.nimbus.NimbusIcon &amp; javax.swing.plaf.synth.SynthTreeUI.ExpandedIconWrapper &amp; com.sun.java.swing.plaf.gtk.GTKIconFactory.DelegatingIcon&quot; }"/>
        </annotation>
    </item>
    <item name='sun.swing.plaf.synth.SynthIcon int getIconHeight(javax.swing.plaf.synth.SynthContext)'>
        <annotation name='com.intellij.inspections.tainted.annotation.equation.Equations'>
            <val val="{ &quot;synthContext := com.sun.java.swing.plaf.gtk.GTKStyle.GTKStockIcon#getIconHeight(javax.swing.plaf.synth.SynthContext)#0 &amp; javax.swing.plaf.nimbus.NimbusIcon#getIconHeight(javax.swing.plaf.synth.SynthContext)#0 &amp; javax.swing.plaf.synth.SynthTreeUI.ExpandedIconWrapper#getIconHeight(javax.swing.plaf.synth.SynthContext)#0 &amp; com.sun.java.swing.plaf.gtk.GTKIconFactory.DelegatingIcon#getIconHeight(javax.swing.plaf.synth.SynthContext)#0&quot;, &quot;getIconHeight := com.sun.java.swing.plaf.gtk.GTKStyle.GTKStockIcon#getIconHeight(javax.swing.plaf.synth.SynthContext) &amp; javax.swing.plaf.nimbus.NimbusIcon#getIconHeight(javax.swing.plaf.synth.SynthContext) &amp; javax.swing.plaf.synth.SynthTreeUI.ExpandedIconWrapper#getIconHeight(javax.swing.plaf.synth.SynthContext) &amp; com.sun.java.swing.plaf.gtk.GTKIconFactory.DelegatingIcon#getIconHeight(javax.swing.plaf.synth.SynthContext)&quot; }"/>
        </annotation>
    </item>
    <item name='sun.swing.plaf.synth.SynthIcon int getIconWidth(javax.swing.plaf.synth.SynthContext)'>
        <annotation name='com.intellij.inspections.tainted.annotation.equation.Equations'>
            <val val="{ &quot;synthContext := com.sun.java.swing.plaf.gtk.GTKStyle.GTKStockIcon#getIconWidth(javax.swing.plaf.synth.SynthContext)#0 &amp; javax.swing.plaf.nimbus.NimbusIcon#getIconWidth(javax.swing.plaf.synth.SynthContext)#0 &amp; javax.swing.plaf.synth.SynthTreeUI.ExpandedIconWrapper#getIconWidth(javax.swing.plaf.synth.SynthContext)#0 &amp; com.sun.java.swing.plaf.gtk.GTKIconFactory.DelegatingIcon#getIconWidth(javax.swing.plaf.synth.SynthContext)#0&quot;, &quot;getIconWidth := com.sun.java.swing.plaf.gtk.GTKStyle.GTKStockIcon#getIconWidth(javax.swing.plaf.synth.SynthContext) &amp; javax.swing.plaf.nimbus.NimbusIcon#getIconWidth(javax.swing.plaf.synth.SynthContext) &amp; javax.swing.plaf.synth.SynthTreeUI.ExpandedIconWrapper#getIconWidth(javax.swing.plaf.synth.SynthContext) &amp; com.sun.java.swing.plaf.gtk.GTKIconFactory.DelegatingIcon#getIconWidth(javax.swing.plaf.synth.SynthContext)&quot; }"/>
        </annotation>
    </item>
    <item name='sun.swing.plaf.synth.SynthIcon void paintIcon(java.awt.Component, java.awt.Graphics, int, int)'>
        <annotation name='com.intellij.inspections.tainted.annotation.equation.Equations'>
            <val val="{ &quot;component := javax.swing.plaf.nimbus.NimbusIcon#paintIcon(java.awt.Component, java.awt.Graphics, int, int)#0&quot;, &quot;i1 := javax.swing.plaf.nimbus.NimbusIcon#paintIcon(java.awt.Component, java.awt.Graphics, int, int)#3&quot;, &quot;graphics := javax.swing.plaf.nimbus.NimbusIcon#paintIcon(java.awt.Component, java.awt.Graphics, int, int)#1&quot;, &quot;i := javax.swing.plaf.nimbus.NimbusIcon#paintIcon(java.awt.Component, java.awt.Graphics, int, int)#2&quot; }"/>
        </annotation>
    </item>
    <item name='sun.swing.plaf.synth.SynthIcon void paintIcon(javax.swing.plaf.synth.SynthContext, java.awt.Graphics, int, int, int, int)'>
        <annotation name='com.intellij.inspections.tainted.annotation.equation.Equations'>
            <val val="{ &quot;synthContext := com.sun.java.swing.plaf.gtk.GTKStyle.GTKStockIcon#paintIcon(javax.swing.plaf.synth.SynthContext, java.awt.Graphics, int, int, int, int)#0 &amp; javax.swing.plaf.nimbus.NimbusIcon#paintIcon(javax.swing.plaf.synth.SynthContext, java.awt.Graphics, int, int, int, int)#0 &amp; javax.swing.plaf.synth.SynthTreeUI.ExpandedIconWrapper#paintIcon(javax.swing.plaf.synth.SynthContext, java.awt.Graphics, int, int, int, int)#0 &amp; com.sun.java.swing.plaf.gtk.GTKIconFactory.DelegatingIcon#paintIcon(javax.swing.plaf.synth.SynthContext, java.awt.Graphics, int, int, int, int)#0&quot;, &quot;i := com.sun.java.swing.plaf.gtk.GTKStyle.GTKStockIcon#paintIcon(javax.swing.plaf.synth.SynthContext, java.awt.Graphics, int, int, int, int)#2 &amp; javax.swing.plaf.nimbus.NimbusIcon#paintIcon(javax.swing.plaf.synth.SynthContext, java.awt.Graphics, int, int, int, int)#2 &amp; javax.swing.plaf.synth.SynthTreeUI.ExpandedIconWrapper#paintIcon(javax.swing.plaf.synth.SynthContext, java.awt.Graphics, int, int, int, int)#2 &amp; com.sun.java.swing.plaf.gtk.GTKIconFactory.DelegatingIcon#paintIcon(javax.swing.plaf.synth.SynthContext, java.awt.Graphics, int, int, int, int)#2&quot;, &quot;i3 := com.sun.java.swing.plaf.gtk.GTKStyle.GTKStockIcon#paintIcon(javax.swing.plaf.synth.SynthContext, java.awt.Graphics, int, int, int, int)#5 &amp; javax.swing.plaf.nimbus.NimbusIcon#paintIcon(javax.swing.plaf.synth.SynthContext, java.awt.Graphics, int, int, int, int)#5 &amp; javax.swing.plaf.synth.SynthTreeUI.ExpandedIconWrapper#paintIcon(javax.swing.plaf.synth.SynthContext, java.awt.Graphics, int, int, int, int)#5 &amp; com.sun.java.swing.plaf.gtk.GTKIconFactory.DelegatingIcon#paintIcon(javax.swing.plaf.synth.SynthContext, java.awt.Graphics, int, int, int, int)#5&quot;, &quot;i1 := com.sun.java.swing.plaf.gtk.GTKStyle.GTKStockIcon#paintIcon(javax.swing.plaf.synth.SynthContext, java.awt.Graphics, int, int, int, int)#3 &amp; javax.swing.plaf.nimbus.NimbusIcon#paintIcon(javax.swing.plaf.synth.SynthContext, java.awt.Graphics, int, int, int, int)#3 &amp; javax.swing.plaf.synth.SynthTreeUI.ExpandedIconWrapper#paintIcon(javax.swing.plaf.synth.SynthContext, java.awt.Graphics, int, int, int, int)#3 &amp; com.sun.java.swing.plaf.gtk.GTKIconFactory.DelegatingIcon#paintIcon(javax.swing.plaf.synth.SynthContext, java.awt.Graphics, int, int, int, int)#3&quot;, &quot;i2 := com.sun.java.swing.plaf.gtk.GTKStyle.GTKStockIcon#paintIcon(javax.swing.plaf.synth.SynthContext, java.awt.Graphics, int, int, int, int)#4 &amp; javax.swing.plaf.nimbus.NimbusIcon#paintIcon(javax.swing.plaf.synth.SynthContext, java.awt.Graphics, int, int, int, int)#4 &amp; javax.swing.plaf.synth.SynthTreeUI.ExpandedIconWrapper#paintIcon(javax.swing.plaf.synth.SynthContext, java.awt.Graphics, int, int, int, int)#4 &amp; com.sun.java.swing.plaf.gtk.GTKIconFactory.DelegatingIcon#paintIcon(javax.swing.plaf.synth.SynthContext, java.awt.Graphics, int, int, int, int)#4&quot;, &quot;graphics := com.sun.java.swing.plaf.gtk.GTKStyle.GTKStockIcon#paintIcon(javax.swing.plaf.synth.SynthContext, java.awt.Graphics, int, int, int, int)#1 &amp; javax.swing.plaf.nimbus.NimbusIcon#paintIcon(javax.swing.plaf.synth.SynthContext, java.awt.Graphics, int, int, int, int)#1 &amp; javax.swing.plaf.synth.SynthTreeUI.ExpandedIconWrapper#paintIcon(javax.swing.plaf.synth.SynthContext, java.awt.Graphics, int, int, int, int)#1 &amp; com.sun.java.swing.plaf.gtk.GTKIconFactory.DelegatingIcon#paintIcon(javax.swing.plaf.synth.SynthContext, java.awt.Graphics, int, int, int, int)#1&quot; }"/>
        </annotation>
    </item>
</root>