<root>
    <item name='javax.management.modelmbean.DescriptorSupport'>
        <annotation name='com.intellij.inspections.tainted.annotation.equation.Equations'>
            <val val="{ &quot;DescriptorSupport := &quot; }"/>
        </annotation>
    </item>
    <item name='javax.management.modelmbean.DescriptorSupport DescriptorSupport()'>
        <annotation name='com.intellij.inspections.tainted.annotation.equation.Equations'>
            <val val="{ &quot;DescriptorSupport := DescriptorSupport&quot; }"/>
        </annotation>
    </item>
    <item name='javax.management.modelmbean.DescriptorSupport DescriptorSupport(int)'>
        <annotation name='com.intellij.inspections.tainted.annotation.equation.Equations'>
            <val val="{ &quot;DescriptorSupport := DescriptorSupport&quot; }"/>
        </annotation>
    </item>
    <item name='javax.management.modelmbean.DescriptorSupport DescriptorSupport(java.lang.String)'>
        <annotation name='com.intellij.inspections.tainted.annotation.equation.Equations'>
            <val val="{ &quot;DescriptorSupport := DescriptorSupport&quot; }"/>
        </annotation>
    </item>
    <item name='javax.management.modelmbean.DescriptorSupport DescriptorSupport(java.lang.String...)'>
        <annotation name='com.intellij.inspections.tainted.annotation.equation.Equations'>
            <val val="{ &quot;DescriptorSupport := DescriptorSupport&quot; }"/>
        </annotation>
    </item>
    <item name='javax.management.modelmbean.DescriptorSupport DescriptorSupport(java.lang.String[], java.lang.Object[])'>
        <annotation name='com.intellij.inspections.tainted.annotation.equation.Equations'>
            <val val="{ &quot;DescriptorSupport := DescriptorSupport&quot; }"/>
        </annotation>
    </item>
    <item name='javax.management.modelmbean.DescriptorSupport DescriptorSupport(javax.management.modelmbean.DescriptorSupport)'>
        <annotation name='com.intellij.inspections.tainted.annotation.equation.Equations'>
            <val val="{ &quot;DescriptorSupport := DescriptorSupport&quot;, &quot;inDescr := DescriptorSupport&quot; }"/>
        </annotation>
    </item>
    <item name='javax.management.modelmbean.DescriptorSupport boolean validateField(java.lang.String, java.lang.Object)'>
        <annotation name='com.intellij.inspections.tainted.annotation.equation.Equations'>
            <val val="{ &quot;fldName := &quot;, &quot;fldValue := &quot; }"/>
        </annotation>
    </item>
    <item name='javax.management.modelmbean.DescriptorSupport java.lang.Object getFieldValue(java.lang.String)'>
        <annotation name='com.intellij.inspections.tainted.annotation.equation.Equations'>
            <val val="{ &quot;fieldName := #getFieldValues(java.lang.String...)#0&quot; }"/>
        </annotation>
    </item>
    <item name='javax.management.modelmbean.DescriptorSupport java.lang.Object parseQuotedFieldValue(java.lang.String)'>
        <annotation name='com.intellij.inspections.tainted.annotation.equation.Equations'>
            <val val="{ &quot;parseQuotedFieldValue := s&quot; }"/>
        </annotation>
    </item>
    <item name='javax.management.modelmbean.DescriptorSupport java.lang.String quote(java.lang.String)'>
        <annotation name='com.intellij.inspections.tainted.annotation.equation.Equations'>
            <val val="{ &quot;quote := s&quot; }"/>
        </annotation>
    </item>
    <item name='javax.management.modelmbean.DescriptorSupport java.lang.String unquote(java.lang.String)'>
        <annotation name='com.intellij.inspections.tainted.annotation.equation.Equations'>
            <val val="{ &quot;s := #parseQuotedFieldValue(java.lang.String)#0&quot; }"/>
        </annotation>
    </item>
    <item name='javax.management.modelmbean.DescriptorSupport long toNumeric(java.lang.String)'>
        <annotation name='com.intellij.inspections.tainted.annotation.equation.Equations'>
            <val val="{ &quot;inStr := #validateField(java.lang.String, java.lang.Object)#1&quot; }"/>
        </annotation>
    </item>
    <item name='javax.management.modelmbean.DescriptorSupport void setField(java.lang.String, java.lang.Object)'>
        <annotation name='com.intellij.inspections.tainted.annotation.equation.Equations'>
            <val val="{ &quot;fieldName := #DescriptorSupport(java.lang.String[], java.lang.Object[])#0 &amp; #setFields(java.lang.String[], java.lang.Object[])#0&quot;, &quot;fieldValue := #DescriptorSupport(java.lang.String[], java.lang.Object[])#1 &amp; #setFields(java.lang.String[], java.lang.Object[])#1&quot; }"/>
        </annotation>
    </item>
    <item name='javax.management.modelmbean.InvalidTargetObjectTypeException'>
        <annotation name='com.intellij.inspections.tainted.annotation.equation.Equations'>
            <val val="{ &quot;InvalidTargetObjectTypeException := &quot; }"/>
        </annotation>
    </item>
    <item name='javax.management.modelmbean.InvalidTargetObjectTypeException InvalidTargetObjectTypeException()'>
        <annotation name='com.intellij.inspections.tainted.annotation.equation.Equations'>
            <val val="{ &quot;InvalidTargetObjectTypeException := InvalidTargetObjectTypeException&quot; }"/>
        </annotation>
    </item>
    <item name='javax.management.modelmbean.InvalidTargetObjectTypeException InvalidTargetObjectTypeException(java.lang.Exception, java.lang.String)'>
        <annotation name='com.intellij.inspections.tainted.annotation.equation.Equations'>
            <val val="{ &quot;InvalidTargetObjectTypeException := InvalidTargetObjectTypeException&quot; }"/>
        </annotation>
    </item>
    <item name='javax.management.modelmbean.InvalidTargetObjectTypeException InvalidTargetObjectTypeException(java.lang.String)'>
        <annotation name='com.intellij.inspections.tainted.annotation.equation.Equations'>
            <val val="{ &quot;InvalidTargetObjectTypeException := InvalidTargetObjectTypeException&quot; }"/>
        </annotation>
    </item>
    <item name='javax.management.modelmbean.ModelMBean void setManagedResource(java.lang.Object, java.lang.String)'>
        <annotation name='com.intellij.inspections.tainted.annotation.equation.Equations'>
            <val val="{ &quot;mr := RequiredModelMBean#setManagedResource(java.lang.Object, java.lang.String)#0&quot;, &quot;mr_type := RequiredModelMBean#setManagedResource(java.lang.Object, java.lang.String)#1&quot; }"/>
        </annotation>
    </item>
    <item name='javax.management.modelmbean.ModelMBean void setModelMBeanInfo(javax.management.modelmbean.ModelMBeanInfo)'>
        <annotation name='com.intellij.inspections.tainted.annotation.equation.Equations'>
            <val val="{ &quot;inModelMBeanInfo := RequiredModelMBean#setModelMBeanInfo(javax.management.modelmbean.ModelMBeanInfo)#0&quot; }"/>
        </annotation>
    </item>
    <item name='javax.management.modelmbean.ModelMBeanAttributeInfo'>
        <annotation name='com.intellij.inspections.tainted.annotation.equation.Equations'>
            <val val="{ &quot;ModelMBeanAttributeInfo := &quot; }"/>
        </annotation>
    </item>
    <item name='javax.management.modelmbean.ModelMBeanAttributeInfo ModelMBeanAttributeInfo(java.lang.String, java.lang.String, java.lang.String, boolean, boolean, boolean)'>
        <annotation name='com.intellij.inspections.tainted.annotation.equation.Equations'>
            <val val="{ &quot;ModelMBeanAttributeInfo := ModelMBeanAttributeInfo&quot; }"/>
        </annotation>
    </item>
    <item name='javax.management.modelmbean.ModelMBeanAttributeInfo ModelMBeanAttributeInfo(java.lang.String, java.lang.String, java.lang.String, boolean, boolean, boolean, javax.management.Descriptor)'>
        <annotation name='com.intellij.inspections.tainted.annotation.equation.Equations'>
            <val val="{ &quot;ModelMBeanAttributeInfo := ModelMBeanAttributeInfo&quot; }"/>
        </annotation>
    </item>
    <item name='javax.management.modelmbean.ModelMBeanAttributeInfo ModelMBeanAttributeInfo(java.lang.String, java.lang.String, java.lang.reflect.Method, java.lang.reflect.Method)'>
        <annotation name='com.intellij.inspections.tainted.annotation.equation.Equations'>
            <val val="{ &quot;ModelMBeanAttributeInfo := ModelMBeanAttributeInfo&quot; }"/>
        </annotation>
    </item>
    <item name='javax.management.modelmbean.ModelMBeanAttributeInfo ModelMBeanAttributeInfo(java.lang.String, java.lang.String, java.lang.reflect.Method, java.lang.reflect.Method, javax.management.Descriptor)'>
        <annotation name='com.intellij.inspections.tainted.annotation.equation.Equations'>
            <val val="{ &quot;ModelMBeanAttributeInfo := ModelMBeanAttributeInfo&quot; }"/>
        </annotation>
    </item>
    <item name='javax.management.modelmbean.ModelMBeanAttributeInfo ModelMBeanAttributeInfo(javax.management.modelmbean.ModelMBeanAttributeInfo)'>
        <annotation name='com.intellij.inspections.tainted.annotation.equation.Equations'>
            <val val="{ &quot;inInfo := ModelMBeanAttributeInfo&quot;, &quot;ModelMBeanAttributeInfo := ModelMBeanAttributeInfo&quot; }"/>
        </annotation>
    </item>
    <item name='javax.management.modelmbean.ModelMBeanAttributeInfo javax.management.Descriptor validDescriptor(javax.management.Descriptor)'>
        <annotation name='com.intellij.inspections.tainted.annotation.equation.Equations'>
            <val val="{ &quot;in := #ModelMBeanAttributeInfo(java.lang.String, java.lang.String, java.lang.reflect.Method, java.lang.reflect.Method, javax.management.Descriptor)#4 &amp; #ModelMBeanAttributeInfo(java.lang.String, java.lang.String, java.lang.String, boolean, boolean, boolean, javax.management.Descriptor)#6 &amp; #setDescriptor(javax.management.Descriptor)#0&quot; }"/>
        </annotation>
    </item>
    <item name='javax.management.modelmbean.ModelMBeanAttributeInfo void setDescriptor(javax.management.Descriptor)'>
        <annotation name='com.intellij.inspections.tainted.annotation.equation.Equations'>
            <val val="{ &quot;inDescriptor := ModelMBeanInfoSupport#setDescriptor(javax.management.Descriptor, java.lang.String)#0&quot; }"/>
        </annotation>
    </item>
    <item name='javax.management.modelmbean.ModelMBeanConstructorInfo'>
        <annotation name='com.intellij.inspections.tainted.annotation.equation.Equations'>
            <val val="{ &quot;ModelMBeanConstructorInfo := &quot; }"/>
        </annotation>
    </item>
    <item name='javax.management.modelmbean.ModelMBeanConstructorInfo ModelMBeanConstructorInfo(java.lang.String, java.lang.String, javax.management.MBeanParameterInfo[])'>
        <annotation name='com.intellij.inspections.tainted.annotation.equation.Equations'>
            <val val="{ &quot;ModelMBeanConstructorInfo := ModelMBeanConstructorInfo&quot; }"/>
        </annotation>
    </item>
    <item name='javax.management.modelmbean.ModelMBeanConstructorInfo ModelMBeanConstructorInfo(java.lang.String, java.lang.String, javax.management.MBeanParameterInfo[], javax.management.Descriptor)'>
        <annotation name='com.intellij.inspections.tainted.annotation.equation.Equations'>
            <val val="{ &quot;ModelMBeanConstructorInfo := ModelMBeanConstructorInfo&quot; }"/>
        </annotation>
    </item>
    <item name='javax.management.modelmbean.ModelMBeanConstructorInfo ModelMBeanConstructorInfo(java.lang.String, java.lang.reflect.Constructor&lt;?&gt;)'>
        <annotation name='com.intellij.inspections.tainted.annotation.equation.Equations'>
            <val val="{ &quot;ModelMBeanConstructorInfo := ModelMBeanConstructorInfo&quot; }"/>
        </annotation>
    </item>
    <item name='javax.management.modelmbean.ModelMBeanConstructorInfo ModelMBeanConstructorInfo(java.lang.String, java.lang.reflect.Constructor&lt;?&gt;, javax.management.Descriptor)'>
        <annotation name='com.intellij.inspections.tainted.annotation.equation.Equations'>
            <val val="{ &quot;ModelMBeanConstructorInfo := ModelMBeanConstructorInfo&quot; }"/>
        </annotation>
    </item>
    <item name='javax.management.modelmbean.ModelMBeanConstructorInfo ModelMBeanConstructorInfo(javax.management.modelmbean.ModelMBeanConstructorInfo)'>
        <annotation name='com.intellij.inspections.tainted.annotation.equation.Equations'>
            <val val="{ &quot;old := ModelMBeanConstructorInfo&quot;, &quot;ModelMBeanConstructorInfo := ModelMBeanConstructorInfo&quot; }"/>
        </annotation>
    </item>
    <item name='javax.management.modelmbean.ModelMBeanConstructorInfo javax.management.Descriptor validDescriptor(javax.management.Descriptor)'>
        <annotation name='com.intellij.inspections.tainted.annotation.equation.Equations'>
            <val val="{ &quot;in := #ModelMBeanConstructorInfo(java.lang.String, java.lang.reflect.Constructor, javax.management.Descriptor)#2 &amp; #ModelMBeanConstructorInfo(java.lang.String, java.lang.String, javax.management.MBeanParameterInfo[], javax.management.Descriptor)#3 &amp; ModelMBeanConstructorInfo &amp; #setDescriptor(javax.management.Descriptor)#0&quot; }"/>
        </annotation>
    </item>
    <item name='javax.management.modelmbean.ModelMBeanConstructorInfo void setDescriptor(javax.management.Descriptor)'>
        <annotation name='com.intellij.inspections.tainted.annotation.equation.Equations'>
            <val val="{ &quot;inDescriptor := ModelMBeanInfoSupport#setDescriptor(javax.management.Descriptor, java.lang.String)#0&quot; }"/>
        </annotation>
    </item>
    <item name='javax.management.modelmbean.ModelMBeanInfo java.lang.Object clone()'>
        <annotation name='com.intellij.inspections.tainted.annotation.equation.Equations'>
            <val val="{ &quot;clone := ModelMBeanInfoSupport#clone()&quot; }"/>
        </annotation>
    </item>
    <item name='javax.management.modelmbean.ModelMBeanInfo javax.management.Descriptor getDescriptor(java.lang.String, java.lang.String)'>
        <annotation name='com.intellij.inspections.tainted.annotation.equation.Equations'>
            <val val="{ &quot;getDescriptor := ModelMBeanInfoSupport#getDescriptor(java.lang.String, java.lang.String)&quot;, &quot;inDescriptorType := ModelMBeanInfoSupport#getDescriptor(java.lang.String, java.lang.String)#1&quot;, &quot;inDescriptorName := ModelMBeanInfoSupport#getDescriptor(java.lang.String, java.lang.String)#0&quot; }"/>
        </annotation>
    </item>
    <item name='javax.management.modelmbean.ModelMBeanInfo javax.management.Descriptor getMBeanDescriptor()'>
        <annotation name='com.intellij.inspections.tainted.annotation.equation.Equations'>
            <val val="{ &quot;getMBeanDescriptor := ModelMBeanInfoSupport#getMBeanDescriptor()&quot; }"/>
        </annotation>
    </item>
    <item name='javax.management.modelmbean.ModelMBeanInfo javax.management.Descriptor[] getDescriptors(java.lang.String)'>
        <annotation name='com.intellij.inspections.tainted.annotation.equation.Equations'>
            <val val="{ &quot;getDescriptors := ModelMBeanInfoSupport#getDescriptors(java.lang.String)&quot;, &quot;inDescriptorType := ModelMBeanInfoSupport#getDescriptors(java.lang.String)#0&quot; }"/>
        </annotation>
    </item>
    <item name='javax.management.modelmbean.ModelMBeanInfo javax.management.modelmbean.ModelMBeanAttributeInfo getAttribute(java.lang.String)'>
        <annotation name='com.intellij.inspections.tainted.annotation.equation.Equations'>
            <val val="{ &quot;inName := ModelMBeanInfoSupport#getAttribute(java.lang.String)#0 &amp; RequiredModelMBean#getAttribute(java.lang.String)#0&quot;, &quot;getAttribute := ModelMBeanInfoSupport#getAttribute(java.lang.String)&quot; }"/>
        </annotation>
    </item>
    <item name='javax.management.modelmbean.ModelMBeanInfo javax.management.modelmbean.ModelMBeanNotificationInfo getNotification(java.lang.String)'>
        <annotation name='com.intellij.inspections.tainted.annotation.equation.Equations'>
            <val val="{ &quot;getNotification := ModelMBeanInfoSupport#getNotification(java.lang.String)&quot;, &quot;inName := ModelMBeanInfoSupport#getNotification(java.lang.String)#0&quot; }"/>
        </annotation>
    </item>
    <item name='javax.management.modelmbean.ModelMBeanInfo javax.management.modelmbean.ModelMBeanOperationInfo getOperation(java.lang.String)'>
        <annotation name='com.intellij.inspections.tainted.annotation.equation.Equations'>
            <val val="{ &quot;inName := ModelMBeanInfoSupport#getOperation(java.lang.String)#0 &amp; RequiredModelMBean#invoke(java.lang.String, java.lang.Object[], java.lang.String[])#0&quot;, &quot;getOperation := ModelMBeanInfoSupport#getOperation(java.lang.String)&quot; }"/>
        </annotation>
    </item>
    <item name='javax.management.modelmbean.ModelMBeanInfo void setDescriptor(javax.management.Descriptor, java.lang.String)'>
        <annotation name='com.intellij.inspections.tainted.annotation.equation.Equations'>
            <val val="{ &quot;inDescriptorType := ModelMBeanInfoSupport#setDescriptor(javax.management.Descriptor, java.lang.String)#1&quot;, &quot;inDescriptor := ModelMBeanInfoSupport#setDescriptor(javax.management.Descriptor, java.lang.String)#0&quot; }"/>
        </annotation>
    </item>
    <item name='javax.management.modelmbean.ModelMBeanInfo void setDescriptors(javax.management.Descriptor[])'>
        <annotation name='com.intellij.inspections.tainted.annotation.equation.Equations'>
            <val val="{ &quot;inDescriptors := ModelMBeanInfoSupport#setDescriptors(javax.management.Descriptor[])#0&quot; }"/>
        </annotation>
    </item>
    <item name='javax.management.modelmbean.ModelMBeanInfo void setMBeanDescriptor(javax.management.Descriptor)'>
        <annotation name='com.intellij.inspections.tainted.annotation.equation.Equations'>
            <val val="{ &quot;inDescriptor := ModelMBeanInfoSupport#setMBeanDescriptor(javax.management.Descriptor)#0&quot; }"/>
        </annotation>
    </item>
    <item name='javax.management.modelmbean.ModelMBeanInfoSupport'>
        <annotation name='com.intellij.inspections.tainted.annotation.equation.Equations'>
            <val val="{ &quot;ModelMBeanInfoSupport := &quot; }"/>
        </annotation>
    </item>
    <item name='javax.management.modelmbean.ModelMBeanInfoSupport ModelMBeanInfoSupport(java.lang.String, java.lang.String, javax.management.modelmbean.ModelMBeanAttributeInfo[], javax.management.modelmbean.ModelMBeanConstructorInfo[], javax.management.modelmbean.ModelMBeanOperationInfo[], javax.management.modelmbean.ModelMBeanNotificationInfo[])'>
        <annotation name='com.intellij.inspections.tainted.annotation.equation.Equations'>
            <val val="{ &quot;ModelMBeanInfoSupport := ModelMBeanInfoSupport&quot; }"/>
        </annotation>
    </item>
    <item name='javax.management.modelmbean.ModelMBeanInfoSupport ModelMBeanInfoSupport(java.lang.String, java.lang.String, javax.management.modelmbean.ModelMBeanAttributeInfo[], javax.management.modelmbean.ModelMBeanConstructorInfo[], javax.management.modelmbean.ModelMBeanOperationInfo[], javax.management.modelmbean.ModelMBeanNotificationInfo[], javax.management.Descriptor)'>
        <annotation name='com.intellij.inspections.tainted.annotation.equation.Equations'>
            <val val="{ &quot;operations := #ModelMBeanInfoSupport(java.lang.String, java.lang.String, javax.management.modelmbean.ModelMBeanAttributeInfo[], javax.management.modelmbean.ModelMBeanConstructorInfo[], javax.management.modelmbean.ModelMBeanOperationInfo[], javax.management.modelmbean.ModelMBeanNotificationInfo[])#4&quot;, &quot;ModelMBeanInfoSupport := ModelMBeanInfoSupport&quot;, &quot;notifications := #ModelMBeanInfoSupport(java.lang.String, java.lang.String, javax.management.modelmbean.ModelMBeanAttributeInfo[], javax.management.modelmbean.ModelMBeanConstructorInfo[], javax.management.modelmbean.ModelMBeanOperationInfo[], javax.management.modelmbean.ModelMBeanNotificationInfo[])#5&quot;, &quot;className := #ModelMBeanInfoSupport(java.lang.String, java.lang.String, javax.management.modelmbean.ModelMBeanAttributeInfo[], javax.management.modelmbean.ModelMBeanConstructorInfo[], javax.management.modelmbean.ModelMBeanOperationInfo[], javax.management.modelmbean.ModelMBeanNotificationInfo[])#0&quot;, &quot;attributes := #ModelMBeanInfoSupport(java.lang.String, java.lang.String, javax.management.modelmbean.ModelMBeanAttributeInfo[], javax.management.modelmbean.ModelMBeanConstructorInfo[], javax.management.modelmbean.ModelMBeanOperationInfo[], javax.management.modelmbean.ModelMBeanNotificationInfo[])#2&quot;, &quot;description := #ModelMBeanInfoSupport(java.lang.String, java.lang.String, javax.management.modelmbean.ModelMBeanAttributeInfo[], javax.management.modelmbean.ModelMBeanConstructorInfo[], javax.management.modelmbean.ModelMBeanOperationInfo[], javax.management.modelmbean.ModelMBeanNotificationInfo[])#1&quot;, &quot;constructors := #ModelMBeanInfoSupport(java.lang.String, java.lang.String, javax.management.modelmbean.ModelMBeanAttributeInfo[], javax.management.modelmbean.ModelMBeanConstructorInfo[], javax.management.modelmbean.ModelMBeanOperationInfo[], javax.management.modelmbean.ModelMBeanNotificationInfo[])#3&quot; }"/>
        </annotation>
    </item>
    <item name='javax.management.modelmbean.ModelMBeanInfoSupport ModelMBeanInfoSupport(javax.management.modelmbean.ModelMBeanInfo)'>
        <annotation name='com.intellij.inspections.tainted.annotation.equation.Equations'>
            <val val="{ &quot;mbi := ModelMBeanInfoSupport&quot;, &quot;ModelMBeanInfoSupport := ModelMBeanInfoSupport&quot; }"/>
        </annotation>
    </item>
    <item name='javax.management.modelmbean.ModelMBeanInfoSupport javax.management.Descriptor getDescriptor(java.lang.String, java.lang.String)'>
        <annotation name='com.intellij.inspections.tainted.annotation.equation.Equations'>
            <val val="{ &quot;inDescriptorName := #getDescriptor(java.lang.String)#0&quot; }"/>
        </annotation>
    </item>
    <item name='javax.management.modelmbean.ModelMBeanInfoSupport javax.management.Descriptor validDescriptor(javax.management.Descriptor)'>
        <annotation name='com.intellij.inspections.tainted.annotation.equation.Equations'>
            <val val="{ &quot;in := #ModelMBeanInfoSupport(java.lang.String, java.lang.String, javax.management.modelmbean.ModelMBeanAttributeInfo[], javax.management.modelmbean.ModelMBeanConstructorInfo[], javax.management.modelmbean.ModelMBeanOperationInfo[], javax.management.modelmbean.ModelMBeanNotificationInfo[], javax.management.Descriptor)#6 &amp; #setMBeanDescriptor(javax.management.Descriptor)#0&quot; }"/>
        </annotation>
    </item>
    <item name='javax.management.modelmbean.ModelMBeanInfoSupport javax.management.Descriptor[] getDescriptors(java.lang.String)'>
        <annotation name='com.intellij.inspections.tainted.annotation.equation.Equations'>
            <val val="{ &quot;getDescriptors := ModelMBeanInfoSupport&quot; }"/>
        </annotation>
    </item>
    <item name='javax.management.modelmbean.ModelMBeanInfoSupport javax.management.modelmbean.ModelMBeanAttributeInfo getAttribute(java.lang.String)'>
        <annotation name='com.intellij.inspections.tainted.annotation.equation.Equations'>
            <val val="{ &quot;inName := #getDescriptor(java.lang.String, java.lang.String)#0&quot; }"/>
        </annotation>
    </item>
    <item name='javax.management.modelmbean.ModelMBeanInfoSupport javax.management.modelmbean.ModelMBeanConstructorInfo getConstructor(java.lang.String)'>
        <annotation name='com.intellij.inspections.tainted.annotation.equation.Equations'>
            <val val="{ &quot;inName := #getDescriptor(java.lang.String, java.lang.String)#0&quot; }"/>
        </annotation>
    </item>
    <item name='javax.management.modelmbean.ModelMBeanInfoSupport javax.management.modelmbean.ModelMBeanNotificationInfo getNotification(java.lang.String)'>
        <annotation name='com.intellij.inspections.tainted.annotation.equation.Equations'>
            <val val="{ &quot;inName := #getDescriptor(java.lang.String, java.lang.String)#0&quot; }"/>
        </annotation>
    </item>
    <item name='javax.management.modelmbean.ModelMBeanInfoSupport javax.management.modelmbean.ModelMBeanOperationInfo getOperation(java.lang.String)'>
        <annotation name='com.intellij.inspections.tainted.annotation.equation.Equations'>
            <val val="{ &quot;inName := #getDescriptor(java.lang.String, java.lang.String)#0&quot; }"/>
        </annotation>
    </item>
    <item name='javax.management.modelmbean.ModelMBeanInfoSupport void setDescriptor(javax.management.Descriptor, java.lang.String)'>
        <annotation name='com.intellij.inspections.tainted.annotation.equation.Equations'>
            <val val="{ &quot;inDescriptor := #setDescriptors(javax.management.Descriptor[])#0&quot; }"/>
        </annotation>
    </item>
    <item name='javax.management.modelmbean.ModelMBeanInfoSupport void setMBeanDescriptor(javax.management.Descriptor)'>
        <annotation name='com.intellij.inspections.tainted.annotation.equation.Equations'>
            <val val="{ &quot;inMBeanDescriptor := #setDescriptor(javax.management.Descriptor, java.lang.String)#0&quot; }"/>
        </annotation>
    </item>
    <item name='javax.management.modelmbean.ModelMBeanNotificationBroadcaster void addAttributeChangeNotificationListener(javax.management.NotificationListener, java.lang.String, java.lang.Object)'>
        <annotation name='com.intellij.inspections.tainted.annotation.equation.Equations'>
            <val val="{ &quot;attributeName := RequiredModelMBean#addAttributeChangeNotificationListener(javax.management.NotificationListener, java.lang.String, java.lang.Object)#1&quot;, &quot;listener := RequiredModelMBean#addAttributeChangeNotificationListener(javax.management.NotificationListener, java.lang.String, java.lang.Object)#0&quot;, &quot;handback := RequiredModelMBean#addAttributeChangeNotificationListener(javax.management.NotificationListener, java.lang.String, java.lang.Object)#2&quot; }"/>
        </annotation>
    </item>
    <item name='javax.management.modelmbean.ModelMBeanNotificationBroadcaster void removeAttributeChangeNotificationListener(javax.management.NotificationListener, java.lang.String)'>
        <annotation name='com.intellij.inspections.tainted.annotation.equation.Equations'>
            <val val="{ &quot;listener := RequiredModelMBean#removeAttributeChangeNotificationListener(javax.management.NotificationListener, java.lang.String)#0&quot;, &quot;attributeName := RequiredModelMBean#removeAttributeChangeNotificationListener(javax.management.NotificationListener, java.lang.String)#1&quot; }"/>
        </annotation>
    </item>
    <item name='javax.management.modelmbean.ModelMBeanNotificationBroadcaster void sendAttributeChangeNotification(javax.management.Attribute, javax.management.Attribute)'>
        <annotation name='com.intellij.inspections.tainted.annotation.equation.Equations'>
            <val val="{ &quot;newValue := RequiredModelMBean#sendAttributeChangeNotification(javax.management.Attribute, javax.management.Attribute)#1&quot;, &quot;oldValue := RequiredModelMBean#sendAttributeChangeNotification(javax.management.Attribute, javax.management.Attribute)#0&quot; }"/>
        </annotation>
    </item>
    <item name='javax.management.modelmbean.ModelMBeanNotificationBroadcaster void sendAttributeChangeNotification(javax.management.AttributeChangeNotification)'>
        <annotation name='com.intellij.inspections.tainted.annotation.equation.Equations'>
            <val val="{ &quot;notification := RequiredModelMBean#sendAttributeChangeNotification(javax.management.AttributeChangeNotification)#0&quot; }"/>
        </annotation>
    </item>
    <item name='javax.management.modelmbean.ModelMBeanNotificationBroadcaster void sendNotification(java.lang.String)'>
        <annotation name='com.intellij.inspections.tainted.annotation.equation.Equations'>
            <val val="{ &quot;ntfyText := RequiredModelMBean#sendNotification(java.lang.String)#0&quot; }"/>
        </annotation>
    </item>
    <item name='javax.management.modelmbean.ModelMBeanNotificationBroadcaster void sendNotification(javax.management.Notification)'>
        <annotation name='com.intellij.inspections.tainted.annotation.equation.Equations'>
            <val val="{ &quot;ntfyObj := RequiredModelMBean#sendNotification(javax.management.Notification)#0&quot; }"/>
        </annotation>
    </item>
    <item name='javax.management.modelmbean.ModelMBeanNotificationInfo'>
        <annotation name='com.intellij.inspections.tainted.annotation.equation.Equations'>
            <val val="{ &quot;ModelMBeanNotificationInfo := &quot; }"/>
        </annotation>
    </item>
    <item name='javax.management.modelmbean.ModelMBeanNotificationInfo ModelMBeanNotificationInfo(java.lang.String[], java.lang.String, java.lang.String)'>
        <annotation name='com.intellij.inspections.tainted.annotation.equation.Equations'>
            <val val="{ &quot;ModelMBeanNotificationInfo := ModelMBeanNotificationInfo&quot; }"/>
        </annotation>
    </item>
    <item name='javax.management.modelmbean.ModelMBeanNotificationInfo ModelMBeanNotificationInfo(java.lang.String[], java.lang.String, java.lang.String, javax.management.Descriptor)'>
        <annotation name='com.intellij.inspections.tainted.annotation.equation.Equations'>
            <val val="{ &quot;name := #ModelMBeanNotificationInfo(java.lang.String[], java.lang.String, java.lang.String)#1&quot;, &quot;description := #ModelMBeanNotificationInfo(java.lang.String[], java.lang.String, java.lang.String)#2&quot;, &quot;ModelMBeanNotificationInfo := ModelMBeanNotificationInfo&quot;, &quot;notifTypes := #ModelMBeanNotificationInfo(java.lang.String[], java.lang.String, java.lang.String)#0&quot; }"/>
        </annotation>
    </item>
    <item name='javax.management.modelmbean.ModelMBeanNotificationInfo ModelMBeanNotificationInfo(javax.management.modelmbean.ModelMBeanNotificationInfo)'>
        <annotation name='com.intellij.inspections.tainted.annotation.equation.Equations'>
            <val val="{ &quot;ModelMBeanNotificationInfo := ModelMBeanNotificationInfo&quot;, &quot;inInfo := ModelMBeanNotificationInfo&quot; }"/>
        </annotation>
    </item>
    <item name='javax.management.modelmbean.ModelMBeanNotificationInfo javax.management.Descriptor validDescriptor(javax.management.Descriptor)'>
        <annotation name='com.intellij.inspections.tainted.annotation.equation.Equations'>
            <val val="{ &quot;in := #ModelMBeanNotificationInfo(java.lang.String[], java.lang.String, java.lang.String, javax.management.Descriptor)#3 &amp; #setDescriptor(javax.management.Descriptor)#0&quot; }"/>
        </annotation>
    </item>
    <item name='javax.management.modelmbean.ModelMBeanNotificationInfo void setDescriptor(javax.management.Descriptor)'>
        <annotation name='com.intellij.inspections.tainted.annotation.equation.Equations'>
            <val val="{ &quot;inDescriptor := ModelMBeanInfoSupport#setDescriptor(javax.management.Descriptor, java.lang.String)#0&quot; }"/>
        </annotation>
    </item>
    <item name='javax.management.modelmbean.ModelMBeanOperationInfo'>
        <annotation name='com.intellij.inspections.tainted.annotation.equation.Equations'>
            <val val="{ &quot;ModelMBeanOperationInfo := &quot; }"/>
        </annotation>
    </item>
    <item name='javax.management.modelmbean.ModelMBeanOperationInfo ModelMBeanOperationInfo(java.lang.String, java.lang.String, javax.management.MBeanParameterInfo[], java.lang.String, int)'>
        <annotation name='com.intellij.inspections.tainted.annotation.equation.Equations'>
            <val val="{ &quot;ModelMBeanOperationInfo := ModelMBeanOperationInfo&quot; }"/>
        </annotation>
    </item>
    <item name='javax.management.modelmbean.ModelMBeanOperationInfo ModelMBeanOperationInfo(java.lang.String, java.lang.String, javax.management.MBeanParameterInfo[], java.lang.String, int, javax.management.Descriptor)'>
        <annotation name='com.intellij.inspections.tainted.annotation.equation.Equations'>
            <val val="{ &quot;ModelMBeanOperationInfo := ModelMBeanOperationInfo&quot; }"/>
        </annotation>
    </item>
    <item name='javax.management.modelmbean.ModelMBeanOperationInfo ModelMBeanOperationInfo(java.lang.String, java.lang.reflect.Method)'>
        <annotation name='com.intellij.inspections.tainted.annotation.equation.Equations'>
            <val val="{ &quot;ModelMBeanOperationInfo := ModelMBeanOperationInfo&quot; }"/>
        </annotation>
    </item>
    <item name='javax.management.modelmbean.ModelMBeanOperationInfo ModelMBeanOperationInfo(java.lang.String, java.lang.reflect.Method, javax.management.Descriptor)'>
        <annotation name='com.intellij.inspections.tainted.annotation.equation.Equations'>
            <val val="{ &quot;ModelMBeanOperationInfo := ModelMBeanOperationInfo&quot; }"/>
        </annotation>
    </item>
    <item name='javax.management.modelmbean.ModelMBeanOperationInfo ModelMBeanOperationInfo(javax.management.modelmbean.ModelMBeanOperationInfo)'>
        <annotation name='com.intellij.inspections.tainted.annotation.equation.Equations'>
            <val val="{ &quot;ModelMBeanOperationInfo := ModelMBeanOperationInfo&quot;, &quot;inInfo := ModelMBeanOperationInfo&quot; }"/>
        </annotation>
    </item>
    <item name='javax.management.modelmbean.ModelMBeanOperationInfo javax.management.Descriptor validDescriptor(javax.management.Descriptor)'>
        <annotation name='com.intellij.inspections.tainted.annotation.equation.Equations'>
            <val val="{ &quot;in := #ModelMBeanOperationInfo(java.lang.String, java.lang.reflect.Method, javax.management.Descriptor)#2 &amp; #ModelMBeanOperationInfo(java.lang.String, java.lang.String, javax.management.MBeanParameterInfo[], java.lang.String, int, javax.management.Descriptor)#5 &amp; #setDescriptor(javax.management.Descriptor)#0&quot; }"/>
        </annotation>
    </item>
    <item name='javax.management.modelmbean.ModelMBeanOperationInfo void setDescriptor(javax.management.Descriptor)'>
        <annotation name='com.intellij.inspections.tainted.annotation.equation.Equations'>
            <val val="{ &quot;inDescriptor := ModelMBeanInfoSupport#setDescriptor(javax.management.Descriptor, java.lang.String)#0&quot; }"/>
        </annotation>
    </item>
    <item name='javax.management.modelmbean.RequiredModelMBean'>
        <annotation name='com.intellij.inspections.tainted.annotation.equation.Equations'>
            <val val="{ &quot;RequiredModelMBean := #setManagedResource(java.lang.Object, java.lang.String)#0&quot; }"/>
        </annotation>
    </item>
    <item name='javax.management.modelmbean.RequiredModelMBean RequiredModelMBean()'>
        <annotation name='com.intellij.inspections.tainted.annotation.equation.Equations'>
            <val val="{ &quot;RequiredModelMBean := RequiredModelMBean&quot; }"/>
        </annotation>
    </item>
    <item name='javax.management.modelmbean.RequiredModelMBean RequiredModelMBean(javax.management.modelmbean.ModelMBeanInfo)'>
        <annotation name='com.intellij.inspections.tainted.annotation.equation.Equations'>
            <val val="{ &quot;RequiredModelMBean := RequiredModelMBean&quot; }"/>
        </annotation>
    </item>
    <item name='javax.management.modelmbean.RequiredModelMBean java.lang.Object getAttribute(java.lang.String)'>
        <annotation name='com.intellij.inspections.tainted.annotation.equation.Equations'>
            <val val="{ &quot;attrName := #getAttributes(java.lang.String[])#0&quot; }"/>
        </annotation>
    </item>
    <item name='javax.management.modelmbean.RequiredModelMBean java.lang.Object invokeMethod(java.lang.String, java.lang.reflect.Method, java.lang.Object, java.lang.Object[])'>
        <annotation name='com.intellij.inspections.tainted.annotation.equation.Equations'>
            <val val="{ &quot;targetObject := RequiredModelMBean&quot;, &quot;opArgs := #invoke(java.lang.String, java.lang.Object[], java.lang.String[])#1&quot;, &quot;opName := #invoke(java.lang.String, java.lang.Object[], java.lang.String[])#0&quot; }"/>
        </annotation>
    </item>
    <item name='javax.management.modelmbean.RequiredModelMBean java.lang.String printModelMBeanInfo(javax.management.modelmbean.ModelMBeanInfo)'>
        <annotation name='com.intellij.inspections.tainted.annotation.equation.Equations'>
            <val val="{ &quot;info := #setModelMBeanInfo(javax.management.modelmbean.ModelMBeanInfo)#0 &amp; RequiredModelMBean&quot; }"/>
        </annotation>
    </item>
    <item name='javax.management.modelmbean.RequiredModelMBean java.lang.reflect.Method findRMMBMethod(java.lang.String, java.lang.Object, java.lang.String, java.lang.String[])'>
        <annotation name='com.intellij.inspections.tainted.annotation.equation.Equations'>
            <val val="{ &quot;sig := #invoke(java.lang.String, java.lang.Object[], java.lang.String[])#2&quot;, &quot;opMethodName := #invoke(java.lang.String, java.lang.Object[], java.lang.String[])#0&quot; }"/>
        </annotation>
    </item>
    <item name='javax.management.modelmbean.RequiredModelMBean java.lang.reflect.Method resolveMethod(java.lang.Class&lt;?&gt;, java.lang.String, java.lang.String[])'>
        <annotation name='com.intellij.inspections.tainted.annotation.equation.Equations'>
            <val val="{ &quot;opMethodName := #invoke(java.lang.String, java.lang.Object[], java.lang.String[])#0 &amp; #findRMMBMethod(java.lang.String, java.lang.Object, java.lang.String, java.lang.String[])#0&quot;, &quot;sig := #invoke(java.lang.String, java.lang.Object[], java.lang.String[])#2 &amp; #findRMMBMethod(java.lang.String, java.lang.Object, java.lang.String, java.lang.String[])#3&quot; }"/>
        </annotation>
    </item>
    <item name='javax.management.modelmbean.RequiredModelMBean javax.management.ObjectName preRegister(javax.management.MBeanServer, javax.management.ObjectName)'>
        <annotation name='com.intellij.inspections.tainted.annotation.equation.Equations'>
            <val val="{ &quot;preRegister := name&quot; }"/>
        </annotation>
    </item>
    <item name='javax.management.modelmbean.RequiredModelMBean void sendAttributeChangeNotification(javax.management.Attribute, javax.management.Attribute)'>
        <annotation name='com.intellij.inspections.tainted.annotation.equation.Equations'>
            <val val="{ &quot;inNewVal := #setAttribute(javax.management.Attribute)#0&quot; }"/>
        </annotation>
    </item>
    <item name='javax.management.modelmbean.RequiredModelMBean void sendNotification(javax.management.Notification)'>
        <annotation name='com.intellij.inspections.tainted.annotation.equation.Equations'>
            <val val="{ &quot;ntfyObj := &quot; }"/>
        </annotation>
    </item>
    <item name='javax.management.modelmbean.RequiredModelMBean void setModelMBeanInfo(javax.management.modelmbean.ModelMBeanInfo)'>
        <annotation name='com.intellij.inspections.tainted.annotation.equation.Equations'>
            <val val="{ &quot;mbi := #RequiredModelMBean(javax.management.modelmbean.ModelMBeanInfo)#0&quot; }"/>
        </annotation>
    </item>
    <item name='javax.management.modelmbean.XMLParseException XMLParseException(java.lang.Exception, java.lang.String)'>
        <annotation name='com.intellij.inspections.tainted.annotation.equation.Equations'>
            <val val="{ &quot;XMLParseException := XMLParseException&quot; }"/>
        </annotation>
    </item>
    <item name='javax.management.modelmbean.XMLParseException XMLParseException(java.lang.String)'>
        <annotation name='com.intellij.inspections.tainted.annotation.equation.Equations'>
            <val val="{ &quot;XMLParseException := XMLParseException&quot; }"/>
        </annotation>
    </item>
</root>