<root>
    <item name='com.sun.org.apache.xerces.internal.impl.xpath.XPath XPath(java.lang.String, com.sun.org.apache.xerces.internal.util.SymbolTable, com.sun.org.apache.xerces.internal.xni.NamespaceContext)'>
        <annotation name='com.intellij.inspections.tainted.annotation.equation.Equations'>
            <val val="{ &quot;xpath := com.sun.org.apache.xerces.internal.impl.xs.identity.Field.XPath#XPath(java.lang.String, com.sun.org.apache.xerces.internal.util.SymbolTable, com.sun.org.apache.xerces.internal.xni.NamespaceContext)#0 &amp; #main(java.lang.String[])#0&quot;, &quot;symbolTable := com.sun.org.apache.xerces.internal.impl.xs.identity.Field.XPath#XPath(java.lang.String, com.sun.org.apache.xerces.internal.util.SymbolTable, com.sun.org.apache.xerces.internal.xni.NamespaceContext)#1 &amp; com.sun.org.apache.xerces.internal.impl.xs.identity.Selector.XPath#XPath(java.lang.String, com.sun.org.apache.xerces.internal.util.SymbolTable, com.sun.org.apache.xerces.internal.xni.NamespaceContext)#1&quot;, &quot;context := com.sun.org.apache.xerces.internal.impl.xs.identity.Field.XPath#XPath(java.lang.String, com.sun.org.apache.xerces.internal.util.SymbolTable, com.sun.org.apache.xerces.internal.xni.NamespaceContext)#2 &amp; com.sun.org.apache.xerces.internal.impl.xs.identity.Selector.XPath#XPath(java.lang.String, com.sun.org.apache.xerces.internal.util.SymbolTable, com.sun.org.apache.xerces.internal.xni.NamespaceContext)#2&quot;, &quot;XPath := XPath&quot; }"/>
        </annotation>
    </item>
    <item name='com.sun.org.apache.xerces.internal.impl.xpath.XPath com.sun.org.apache.xerces.internal.impl.xpath.XPath.NodeTest parseNodeTest(int, com.sun.org.apache.xerces.internal.impl.xpath.XPath.Tokens, com.sun.org.apache.xerces.internal.xni.NamespaceContext)'>
        <annotation name='com.intellij.inspections.tainted.annotation.equation.Equations'>
            <val val="{ &quot;context := #parseExpression(com.sun.org.apache.xerces.internal.xni.NamespaceContext)#0&quot; }"/>
        </annotation>
    </item>
    <item name='com.sun.org.apache.xerces.internal.impl.xpath.XPath void parseExpression(com.sun.org.apache.xerces.internal.xni.NamespaceContext)'>
        <annotation name='com.intellij.inspections.tainted.annotation.equation.Equations'>
            <val val="{ &quot;context := #XPath(java.lang.String, com.sun.org.apache.xerces.internal.util.SymbolTable, com.sun.org.apache.xerces.internal.xni.NamespaceContext)#2&quot; }"/>
        </annotation>
    </item>
    <item name='com.sun.org.apache.xerces.internal.impl.xpath.XPath.Axis Axis(com.sun.org.apache.xerces.internal.impl.xpath.XPath.Axis)'>
        <annotation name='com.intellij.inspections.tainted.annotation.equation.Equations'>
            <val val="{ &quot;axis := XPath.Axis&quot;, &quot;Axis := XPath.Axis&quot; }"/>
        </annotation>
    </item>
    <item name='com.sun.org.apache.xerces.internal.impl.xpath.XPath.Axis Axis(short)'>
        <annotation name='com.intellij.inspections.tainted.annotation.equation.Equations'>
            <val val="{ &quot;Axis := XPath.Axis&quot;, &quot;type := #ATTRIBUTE &amp; #CHILD &amp; #SELF &amp; #DESCENDANT&quot; }"/>
        </annotation>
    </item>
    <item name='com.sun.org.apache.xerces.internal.impl.xpath.XPath.LocationPath LocationPath(com.sun.org.apache.xerces.internal.impl.xpath.XPath.LocationPath)'>
        <annotation name='com.intellij.inspections.tainted.annotation.equation.Equations'>
            <val val="{ &quot;path := XPath.LocationPath&quot;, &quot;LocationPath := XPath.LocationPath&quot; }"/>
        </annotation>
    </item>
    <item name='com.sun.org.apache.xerces.internal.impl.xpath.XPath.LocationPath LocationPath(com.sun.org.apache.xerces.internal.impl.xpath.XPath.Step[])'>
        <annotation name='com.intellij.inspections.tainted.annotation.equation.Equations'>
            <val val="{ &quot;LocationPath := XPath.LocationPath&quot; }"/>
        </annotation>
    </item>
    <item name='com.sun.org.apache.xerces.internal.impl.xpath.XPath.NodeTest'>
        <annotation name='com.intellij.inspections.tainted.annotation.equation.Equations'>
            <val val="{ &quot;NodeTest := &quot; }"/>
        </annotation>
    </item>
    <item name='com.sun.org.apache.xerces.internal.impl.xpath.XPath.NodeTest NodeTest(com.sun.org.apache.xerces.internal.impl.xpath.XPath.NodeTest)'>
        <annotation name='com.intellij.inspections.tainted.annotation.equation.Equations'>
            <val val="{ &quot;nodeTest := XPath.NodeTest&quot;, &quot;NodeTest := XPath.NodeTest&quot; }"/>
        </annotation>
    </item>
    <item name='com.sun.org.apache.xerces.internal.impl.xpath.XPath.NodeTest NodeTest(com.sun.org.apache.xerces.internal.xni.QName)'>
        <annotation name='com.intellij.inspections.tainted.annotation.equation.Equations'>
            <val val="{ &quot;NodeTest := XPath.NodeTest&quot; }"/>
        </annotation>
    </item>
    <item name='com.sun.org.apache.xerces.internal.impl.xpath.XPath.NodeTest NodeTest(java.lang.String, java.lang.String)'>
        <annotation name='com.intellij.inspections.tainted.annotation.equation.Equations'>
            <val val="{ &quot;NodeTest := XPath.NodeTest&quot; }"/>
        </annotation>
    </item>
    <item name='com.sun.org.apache.xerces.internal.impl.xpath.XPath.NodeTest NodeTest(short)'>
        <annotation name='com.intellij.inspections.tainted.annotation.equation.Equations'>
            <val val="{ &quot;type := #NODE &amp; #WILDCARD&quot;, &quot;NodeTest := XPath.NodeTest&quot; }"/>
        </annotation>
    </item>
    <item name='com.sun.org.apache.xerces.internal.impl.xpath.XPath.NodeTest java.lang.String toString()'>
        <annotation name='com.intellij.inspections.tainted.annotation.equation.Equations'>
            <val val="{ &quot;toString := XPath.NodeTest&quot; }"/>
        </annotation>
    </item>
    <item name='com.sun.org.apache.xerces.internal.impl.xpath.XPath.Scanner Scanner(com.sun.org.apache.xerces.internal.util.SymbolTable)'>
        <annotation name='com.intellij.inspections.tainted.annotation.equation.Equations'>
            <val val="{ &quot;symbolTable := XPath&quot;, &quot;Scanner := XPath.Scanner&quot; }"/>
        </annotation>
    </item>
    <item name='com.sun.org.apache.xerces.internal.impl.xpath.XPath.Scanner int scanNCName(java.lang.String, int, int)'>
        <annotation name='com.intellij.inspections.tainted.annotation.equation.Equations'>
            <val val="{ &quot;endOffset := #scanExpr(com.sun.org.apache.xerces.internal.util.SymbolTable, com.sun.org.apache.xerces.internal.impl.xpath.XPath.Tokens, java.lang.String, int, int)#4&quot;, &quot;currentOffset := #scanExpr(com.sun.org.apache.xerces.internal.util.SymbolTable, com.sun.org.apache.xerces.internal.impl.xpath.XPath.Tokens, java.lang.String, int, int)#3&quot;, &quot;scanNCName := currentOffset&quot;, &quot;data := #scanExpr(com.sun.org.apache.xerces.internal.util.SymbolTable, com.sun.org.apache.xerces.internal.impl.xpath.XPath.Tokens, java.lang.String, int, int)#2&quot; }"/>
        </annotation>
    </item>
    <item name='com.sun.org.apache.xerces.internal.impl.xpath.XPath.Scanner int scanNumber(com.sun.org.apache.xerces.internal.impl.xpath.XPath.Tokens, java.lang.String, int, int)'>
        <annotation name='com.intellij.inspections.tainted.annotation.equation.Equations'>
            <val val="{ &quot;currentOffset := #scanExpr(com.sun.org.apache.xerces.internal.util.SymbolTable, com.sun.org.apache.xerces.internal.impl.xpath.XPath.Tokens, java.lang.String, int, int)#3&quot;, &quot;endOffset := #scanExpr(com.sun.org.apache.xerces.internal.util.SymbolTable, com.sun.org.apache.xerces.internal.impl.xpath.XPath.Tokens, java.lang.String, int, int)#4&quot;, &quot;data := #scanExpr(com.sun.org.apache.xerces.internal.util.SymbolTable, com.sun.org.apache.xerces.internal.impl.xpath.XPath.Tokens, java.lang.String, int, int)#2&quot;, &quot;scanNumber := currentOffset&quot;, &quot;tokens := #scanExpr(com.sun.org.apache.xerces.internal.util.SymbolTable, com.sun.org.apache.xerces.internal.impl.xpath.XPath.Tokens, java.lang.String, int, int)#1&quot; }"/>
        </annotation>
    </item>
    <item name='com.sun.org.apache.xerces.internal.impl.xpath.XPath.Scanner void addToken(com.sun.org.apache.xerces.internal.impl.xpath.XPath.Tokens, int)'>
        <annotation name='com.intellij.inspections.tainted.annotation.equation.Equations'>
            <val val="{ &quot;token := XPath.Tokens#EXPRTOKEN_OPEN_PAREN &amp; XPath.Tokens#EXPRTOKEN_CLOSE_PAREN &amp; XPath.Tokens#EXPRTOKEN_OPEN_BRACKET &amp; XPath.Tokens#EXPRTOKEN_CLOSE_BRACKET &amp; XPath.Tokens#EXPRTOKEN_PERIOD &amp; XPath.Tokens#EXPRTOKEN_DOUBLE_PERIOD &amp; XPath.Tokens#EXPRTOKEN_NUMBER &amp; XPath.Tokens#EXPRTOKEN_ATSIGN &amp; XPath.Tokens#EXPRTOKEN_COMMA &amp; XPath.Tokens#EXPRTOKEN_DOUBLE_COLON &amp; XPath.Tokens#EXPRTOKEN_OPERATOR_SLASH &amp; XPath.Tokens#EXPRTOKEN_OPERATOR_DOUBLE_SLASH &amp; XPath.Tokens#EXPRTOKEN_OPERATOR_UNION &amp; XPath.Tokens#EXPRTOKEN_OPERATOR_PLUS &amp; XPath.Tokens#EXPRTOKEN_OPERATOR_MINUS &amp; XPath.Tokens#EXPRTOKEN_OPERATOR_EQUAL &amp; XPath.Tokens#EXPRTOKEN_OPERATOR_NOT_EQUAL &amp; XPath.Tokens#EXPRTOKEN_OPERATOR_LESS &amp; XPath.Tokens#EXPRTOKEN_OPERATOR_LESS_EQUAL &amp; XPath.Tokens#EXPRTOKEN_OPERATOR_GREATER &amp; XPath.Tokens#EXPRTOKEN_OPERATOR_GREATER_EQUAL &amp; XPath.Tokens#EXPRTOKEN_LITERAL &amp; XPath.Tokens#EXPRTOKEN_VARIABLE_REFERENCE &amp; XPath.Tokens#EXPRTOKEN_OPERATOR_MULT &amp; XPath.Tokens#EXPRTOKEN_NAMETEST_ANY &amp; XPath.Tokens#EXPRTOKEN_OPERATOR_AND &amp; XPath.Tokens#EXPRTOKEN_OPERATOR_OR &amp; XPath.Tokens#EXPRTOKEN_OPERATOR_MOD &amp; XPath.Tokens#EXPRTOKEN_OPERATOR_DIV &amp; XPath.Tokens#EXPRTOKEN_NODETYPE_COMMENT &amp; XPath.Tokens#EXPRTOKEN_NODETYPE_TEXT &amp; XPath.Tokens#EXPRTOKEN_NODETYPE_PI &amp; XPath.Tokens#EXPRTOKEN_NODETYPE_NODE &amp; XPath.Tokens#EXPRTOKEN_FUNCTION_NAME &amp; XPath.Tokens#EXPRTOKEN_AXISNAME_ANCESTOR &amp; XPath.Tokens#EXPRTOKEN_AXISNAME_ANCESTOR_OR_SELF &amp; XPath.Tokens#EXPRTOKEN_AXISNAME_ATTRIBUTE &amp; XPath.Tokens#EXPRTOKEN_AXISNAME_CHILD &amp; XPath.Tokens#EXPRTOKEN_AXISNAME_DESCENDANT &amp; XPath.Tokens#EXPRTOKEN_AXISNAME_DESCENDANT_OR_SELF &amp; XPath.Tokens#EXPRTOKEN_AXISNAME_FOLLOWING &amp; XPath.Tokens#EXPRTOKEN_AXISNAME_FOLLOWING_SIBLING &amp; XPath.Tokens#EXPRTOKEN_AXISNAME_NAMESPACE &amp; XPath.Tokens#EXPRTOKEN_AXISNAME_PARENT &amp; XPath.Tokens#EXPRTOKEN_AXISNAME_PRECEDING &amp; XPath.Tokens#EXPRTOKEN_AXISNAME_PRECEDING_SIBLING &amp; XPath.Tokens#EXPRTOKEN_AXISNAME_SELF &amp; XPath.Tokens#EXPRTOKEN_NAMETEST_NAMESPACE &amp; XPath.Tokens#EXPRTOKEN_NAMETEST_QNAME&quot;, &quot;tokens := #scanExpr(com.sun.org.apache.xerces.internal.util.SymbolTable, com.sun.org.apache.xerces.internal.impl.xpath.XPath.Tokens, java.lang.String, int, int)#1&quot; }"/>
        </annotation>
    </item>
    <item name='com.sun.org.apache.xerces.internal.impl.xpath.XPath.Step Step(com.sun.org.apache.xerces.internal.impl.xpath.XPath.Axis, com.sun.org.apache.xerces.internal.impl.xpath.XPath.NodeTest)'>
        <annotation name='com.intellij.inspections.tainted.annotation.equation.Equations'>
            <val val="{ &quot;Step := XPath.Step&quot; }"/>
        </annotation>
    </item>
    <item name='com.sun.org.apache.xerces.internal.impl.xpath.XPath.Step Step(com.sun.org.apache.xerces.internal.impl.xpath.XPath.Step)'>
        <annotation name='com.intellij.inspections.tainted.annotation.equation.Equations'>
            <val val="{ &quot;step := XPath.Step&quot;, &quot;Step := XPath.Step&quot; }"/>
        </annotation>
    </item>
    <item name='com.sun.org.apache.xerces.internal.impl.xpath.XPath.Step java.lang.String toString()'>
        <annotation name='com.intellij.inspections.tainted.annotation.equation.Equations'>
            <val val="{ &quot;toString := XPath.Step&quot; }"/>
        </annotation>
    </item>
    <item name='com.sun.org.apache.xerces.internal.impl.xpath.XPath.Tokens'>
        <annotation name='com.intellij.inspections.tainted.annotation.equation.Equations'>
            <val val="{ &quot;Tokens := &quot; }"/>
        </annotation>
    </item>
    <item name='com.sun.org.apache.xerces.internal.impl.xpath.XPath.Tokens Tokens(com.sun.org.apache.xerces.internal.util.SymbolTable)'>
        <annotation name='com.intellij.inspections.tainted.annotation.equation.Equations'>
            <val val="{ &quot;Tokens := XPath.Tokens&quot;, &quot;symbolTable := XPath&quot; }"/>
        </annotation>
    </item>
    <item name='com.sun.org.apache.xerces.internal.impl.xpath.XPath.Tokens int nextToken()'>
        <annotation name='com.intellij.inspections.tainted.annotation.equation.Equations'>
            <val val="{ &quot;nextToken := XPath.Tokens&quot; }"/>
        </annotation>
    </item>
    <item name='com.sun.org.apache.xerces.internal.impl.xpath.XPath.Tokens int peekToken()'>
        <annotation name='com.intellij.inspections.tainted.annotation.equation.Equations'>
            <val val="{ &quot;peekToken := XPath.Tokens&quot; }"/>
        </annotation>
    </item>
    <item name='com.sun.org.apache.xerces.internal.impl.xpath.XPath.Tokens java.lang.String getTokenString(int)'>
        <annotation name='com.intellij.inspections.tainted.annotation.equation.Equations'>
            <val val="{ &quot;token := XPath.Tokens&quot; }"/>
        </annotation>
    </item>
    <item name='com.sun.org.apache.xerces.internal.impl.xpath.XPath.Tokens void addToken(int)'>
        <annotation name='com.intellij.inspections.tainted.annotation.equation.Equations'>
            <val val="{ &quot;token := XPath.Scanner#addToken(com.sun.org.apache.xerces.internal.impl.xpath.XPath.Tokens, int)#1&quot; }"/>
        </annotation>
    </item>
    <item name='com.sun.org.apache.xerces.internal.impl.xpath.XPath.Tokens void addToken(java.lang.String)'>
        <annotation name='com.intellij.inspections.tainted.annotation.equation.Equations'>
            <val val="{ &quot;tokenStr := com.sun.org.apache.xerces.internal.util.XMLSymbols#EMPTY_STRING&quot; }"/>
        </annotation>
    </item>
</root>