<root>
    <item name='java.applet.Applet Applet()'>
        <annotation name='com.intellij.inspections.tainted.annotation.equation.Equations'>
            <val val="{ &quot;Applet := Applet&quot; }"/>
        </annotation>
    </item>
    <item name='java.applet.Applet java.applet.AudioClip getAudioClip(java.net.URL)'>
        <annotation name='com.intellij.inspections.tainted.annotation.equation.Equations'>
            <val val="{ &quot;url := #play(java.net.URL)#0&quot; }"/>
        </annotation>
    </item>
    <item name='java.applet.Applet java.applet.AudioClip getAudioClip(java.net.URL, java.lang.String)'>
        <annotation name='com.intellij.inspections.tainted.annotation.equation.Equations'>
            <val val="{ &quot;name := #play(java.net.URL, java.lang.String)#1&quot;, &quot;url := #play(java.net.URL, java.lang.String)#0&quot; }"/>
        </annotation>
    </item>
    <item name='java.applet.Applet java.lang.String getParameter(java.lang.String)'>
        <annotation name='com.intellij.inspections.tainted.annotation.equation.Equations'>
            <val val="{ &quot;name := org.omg.CORBA.ORB#ORBClassKey&quot; }"/>
        </annotation>
    </item>
    <item name='java.applet.Applet javax.accessibility.AccessibleContext getAccessibleContext()'>
        <annotation name='com.intellij.inspections.tainted.annotation.equation.Equations'>
            <val val="{ &quot;getAccessibleContext := javax.swing.JApplet#getAccessibleContext()&quot; }"/>
        </annotation>
    </item>
    <item name='java.applet.Applet.AccessibleApplet javax.accessibility.AccessibleRole getAccessibleRole()'>
        <annotation name='com.intellij.inspections.tainted.annotation.equation.Equations'>
            <val val="{ &quot;getAccessibleRole := javax.accessibility.AccessibleRole#FRAME&quot; }"/>
        </annotation>
    </item>
    <item name='java.applet.AppletContext java.applet.Applet getApplet(java.lang.String)'>
        <annotation name='com.intellij.inspections.tainted.annotation.equation.Equations'>
            <val val="{ &quot;name := java.beans.BeansAppletContext#getApplet(java.lang.String)#0&quot;, &quot;getApplet := java.beans.BeansAppletContext#getApplet(java.lang.String)&quot; }"/>
        </annotation>
    </item>
    <item name='java.applet.AppletContext java.applet.AudioClip getAudioClip(java.net.URL)'>
        <annotation name='com.intellij.inspections.tainted.annotation.equation.Equations'>
            <val val="{ &quot;url := java.beans.BeansAppletContext#getAudioClip(java.net.URL)#0&quot;, &quot;getAudioClip := java.beans.BeansAppletContext#getAudioClip(java.net.URL)&quot; }"/>
        </annotation>
    </item>
    <item name='java.applet.AppletContext java.awt.Image getImage(java.net.URL)'>
        <annotation name='com.intellij.inspections.tainted.annotation.equation.Equations'>
            <val val="{ &quot;url := java.beans.BeansAppletContext#getImage(java.net.URL)#0&quot;, &quot;getImage := java.beans.BeansAppletContext#getImage(java.net.URL)&quot; }"/>
        </annotation>
    </item>
    <item name='java.applet.AppletContext java.io.InputStream getStream(java.lang.String)'>
        <annotation name='com.intellij.inspections.tainted.annotation.equation.Equations'>
            <val val="{ &quot;getStream := java.beans.BeansAppletContext#getStream(java.lang.String)&quot;, &quot;key := java.beans.BeansAppletContext#getStream(java.lang.String)#0&quot; }"/>
        </annotation>
    </item>
    <item name='java.applet.AppletContext java.util.Enumeration&lt;java.applet.Applet&gt; getApplets()'>
        <annotation name='com.intellij.inspections.tainted.annotation.equation.Equations'>
            <val val="{ &quot;getApplets := java.beans.BeansAppletContext#getApplets()&quot; }"/>
        </annotation>
    </item>
    <item name='java.applet.AppletContext java.util.Iterator&lt;java.lang.String&gt; getStreamKeys()'>
        <annotation name='com.intellij.inspections.tainted.annotation.equation.Equations'>
            <val val="{ &quot;getStreamKeys := java.beans.BeansAppletContext#getStreamKeys()&quot; }"/>
        </annotation>
    </item>
    <item name='java.applet.AppletContext void setStream(java.lang.String, java.io.InputStream)'>
        <annotation name='com.intellij.inspections.tainted.annotation.equation.Equations'>
            <val val="{ &quot;key := java.beans.BeansAppletContext#setStream(java.lang.String, java.io.InputStream)#0&quot;, &quot;stream := java.beans.BeansAppletContext#setStream(java.lang.String, java.io.InputStream)#1&quot; }"/>
        </annotation>
    </item>
    <item name='java.applet.AppletContext void showDocument(java.net.URL)'>
        <annotation name='com.intellij.inspections.tainted.annotation.equation.Equations'>
            <val val="{ &quot;url := java.beans.BeansAppletContext#showDocument(java.net.URL)#0&quot; }"/>
        </annotation>
    </item>
    <item name='java.applet.AppletContext void showDocument(java.net.URL, java.lang.String)'>
        <annotation name='com.intellij.inspections.tainted.annotation.equation.Equations'>
            <val val="{ &quot;target := java.beans.BeansAppletContext#showDocument(java.net.URL, java.lang.String)#1&quot;, &quot;url := java.beans.BeansAppletContext#showDocument(java.net.URL, java.lang.String)#0&quot; }"/>
        </annotation>
    </item>
    <item name='java.applet.AppletContext void showStatus(java.lang.String)'>
        <annotation name='com.intellij.inspections.tainted.annotation.equation.Equations'>
            <val val="{ &quot;status := java.beans.BeansAppletContext#showStatus(java.lang.String)#0 &amp; Applet#showStatus(java.lang.String)#0&quot; }"/>
        </annotation>
    </item>
    <item name='java.applet.AppletStub void appletResize(int, int)'>
        <annotation name='com.intellij.inspections.tainted.annotation.equation.Equations'>
            <val val="{ &quot;width := java.beans.BeansAppletStub#appletResize(int, int)#0&quot;, &quot;height := java.beans.BeansAppletStub#appletResize(int, int)#1&quot; }"/>
        </annotation>
    </item>
</root>