<root>
    <item name='com.sun.org.apache.xalan.internal.xsltc.trax.DOM2SAX'>
        <annotation name='com.intellij.inspections.tainted.annotation.equation.Equations'>
            <val val="{ &quot;DOM2SAX := &quot; }"/>
        </annotation>
    </item>
    <item name='com.sun.org.apache.xalan.internal.xsltc.trax.DOM2SAX DOM2SAX(org.w3c.dom.Node)'>
        <annotation name='com.intellij.inspections.tainted.annotation.equation.Equations'>
            <val val="{ &quot;DOM2SAX := DOM2SAX&quot; }"/>
        </annotation>
    </item>
    <item name='com.sun.org.apache.xalan.internal.xsltc.trax.DOM2SAX boolean startPrefixMapping(java.lang.String, java.lang.String)'>
        <annotation name='com.intellij.inspections.tainted.annotation.equation.Equations'>
            <val val="{ &quot;prefix := #EMPTYSTRING&quot; }"/>
        </annotation>
    </item>
    <item name='com.sun.org.apache.xalan.internal.xsltc.trax.DOM2SAX java.lang.String getLocalName(org.w3c.dom.Node)'>
        <annotation name='com.intellij.inspections.tainted.annotation.equation.Equations'>
            <val val="{ &quot;node := #parse(org.w3c.dom.Node)#0&quot; }"/>
        </annotation>
    </item>
    <item name='com.sun.org.apache.xalan.internal.xsltc.trax.DOM2SAX org.xml.sax.ContentHandler getContentHandler()'>
        <annotation name='com.intellij.inspections.tainted.annotation.equation.Equations'>
            <val val="{ &quot;getContentHandler := DOM2SAX&quot; }"/>
        </annotation>
    </item>
    <item name='com.sun.org.apache.xalan.internal.xsltc.trax.DOM2SAX void parse(org.w3c.dom.Node)'>
        <annotation name='com.intellij.inspections.tainted.annotation.equation.Equations'>
            <val val="{ &quot;node := DOM2SAX&quot; }"/>
        </annotation>
    </item>
    <item name='com.sun.org.apache.xalan.internal.xsltc.trax.DOM2TO DOM2TO(org.w3c.dom.Node, com.sun.org.apache.xml.internal.serializer.SerializationHandler)'>
        <annotation name='com.intellij.inspections.tainted.annotation.equation.Equations'>
            <val val="{ &quot;DOM2TO := DOM2TO&quot; }"/>
        </annotation>
    </item>
    <item name='com.sun.org.apache.xalan.internal.xsltc.trax.DOM2TO java.lang.String getEncoding()'>
        <annotation name='com.intellij.inspections.tainted.annotation.equation.Equations'>
            <val val="{ &quot;getEncoding := DOM2TO&quot; }"/>
        </annotation>
    </item>
    <item name='com.sun.org.apache.xalan.internal.xsltc.trax.DOM2TO java.lang.String getXMLVersion()'>
        <annotation name='com.intellij.inspections.tainted.annotation.equation.Equations'>
            <val val="{ &quot;getXMLVersion := DOM2TO&quot; }"/>
        </annotation>
    </item>
    <item name='com.sun.org.apache.xalan.internal.xsltc.trax.DOM2TO void parse(org.w3c.dom.Node)'>
        <annotation name='com.intellij.inspections.tainted.annotation.equation.Equations'>
            <val val="{ &quot;node := DOM2TO&quot; }"/>
        </annotation>
    </item>
    <item name='com.sun.org.apache.xalan.internal.xsltc.trax.DOM2TO void setDocumentInfo(org.w3c.dom.Document)'>
        <annotation name='com.intellij.inspections.tainted.annotation.equation.Equations'>
            <val val="{ &quot;document := #parse(org.w3c.dom.Node)#0&quot; }"/>
        </annotation>
    </item>
    <item name='com.sun.org.apache.xalan.internal.xsltc.trax.SAX2DOM'>
        <annotation name='com.intellij.inspections.tainted.annotation.equation.Equations'>
            <val val="{ &quot;SAX2DOM := #setDocumentLocator(org.xml.sax.Locator)#0 &amp; SAX2DOM&quot; }"/>
        </annotation>
    </item>
    <item name='com.sun.org.apache.xalan.internal.xsltc.trax.SAX2DOM SAX2DOM(boolean)'>
        <annotation name='com.intellij.inspections.tainted.annotation.equation.Equations'>
            <val val="{ &quot;SAX2DOM := SAX2DOM&quot; }"/>
        </annotation>
    </item>
    <item name='com.sun.org.apache.xalan.internal.xsltc.trax.SAX2DOM SAX2DOM(org.w3c.dom.Node, boolean)'>
        <annotation name='com.intellij.inspections.tainted.annotation.equation.Equations'>
            <val val="{ &quot;SAX2DOM := SAX2DOM&quot; }"/>
        </annotation>
    </item>
    <item name='com.sun.org.apache.xalan.internal.xsltc.trax.SAX2DOM SAX2DOM(org.w3c.dom.Node, org.w3c.dom.Node, boolean)'>
        <annotation name='com.intellij.inspections.tainted.annotation.equation.Equations'>
            <val val="{ &quot;SAX2DOM := SAX2DOM&quot;, &quot;nextSibling := com.sun.org.apache.xalan.internal.xsltc.runtime.output.TransletOutputHandlerFactory&quot;, &quot;root := #SAX2DOM(org.w3c.dom.Node, boolean)#0 &amp; com.sun.org.apache.xalan.internal.xsltc.runtime.output.TransletOutputHandlerFactory&quot; }"/>
        </annotation>
    </item>
    <item name='com.sun.org.apache.xalan.internal.xsltc.trax.SAX2DOM org.w3c.dom.Node getDOM()'>
        <annotation name='com.intellij.inspections.tainted.annotation.equation.Equations'>
            <val val="{ &quot;getDOM := SAX2DOM&quot; }"/>
        </annotation>
    </item>
    <item name='com.sun.org.apache.xalan.internal.xsltc.trax.SAX2StAXBaseWriter'>
        <annotation name='com.intellij.inspections.tainted.annotation.equation.Equations'>
            <val val="{ &quot;SAX2StAXBaseWriter := #setDocumentLocator(org.xml.sax.Locator)#0 &amp; #setXMLReporter(javax.xml.stream.XMLReporter)#0&quot; }"/>
        </annotation>
    </item>
    <item name='com.sun.org.apache.xalan.internal.xsltc.trax.SAX2StAXBaseWriter SAX2StAXBaseWriter()'>
        <annotation name='com.intellij.inspections.tainted.annotation.equation.Equations'>
            <val val="{ &quot;SAX2StAXBaseWriter := SAX2StAXBaseWriter&quot; }"/>
        </annotation>
    </item>
    <item name='com.sun.org.apache.xalan.internal.xsltc.trax.SAX2StAXBaseWriter SAX2StAXBaseWriter(javax.xml.stream.XMLReporter)'>
        <annotation name='com.intellij.inspections.tainted.annotation.equation.Equations'>
            <val val="{ &quot;SAX2StAXBaseWriter := SAX2StAXBaseWriter&quot; }"/>
        </annotation>
    </item>
    <item name='com.sun.org.apache.xalan.internal.xsltc.trax.SAX2StAXBaseWriter void characters(char[], int, int)'>
        <annotation name='com.intellij.inspections.tainted.annotation.equation.Equations'>
            <val val="{ &quot;ch := SAX2StAXEventWriter#characters(char[], int, int)#0 &amp; SAX2StAXStreamWriter#characters(char[], int, int)#0&quot;, &quot;length := SAX2StAXEventWriter#characters(char[], int, int)#2 &amp; SAX2StAXStreamWriter#characters(char[], int, int)#2&quot;, &quot;start := SAX2StAXEventWriter#characters(char[], int, int)#1 &amp; SAX2StAXStreamWriter#characters(char[], int, int)#1&quot; }"/>
        </annotation>
    </item>
    <item name='com.sun.org.apache.xalan.internal.xsltc.trax.SAX2StAXBaseWriter void comment(char[], int, int)'>
        <annotation name='com.intellij.inspections.tainted.annotation.equation.Equations'>
            <val val="{ &quot;length := SAX2StAXStreamWriter#comment(char[], int, int)#2 &amp; SAX2StAXEventWriter#comment(char[], int, int)#2&quot;, &quot;start := SAX2StAXStreamWriter#comment(char[], int, int)#1 &amp; SAX2StAXEventWriter#comment(char[], int, int)#1&quot;, &quot;ch := SAX2StAXStreamWriter#comment(char[], int, int)#0 &amp; SAX2StAXEventWriter#comment(char[], int, int)#0&quot; }"/>
        </annotation>
    </item>
    <item name='com.sun.org.apache.xalan.internal.xsltc.trax.SAX2StAXBaseWriter void endElement(java.lang.String, java.lang.String, java.lang.String)'>
        <annotation name='com.intellij.inspections.tainted.annotation.equation.Equations'>
            <val val="{ &quot;uri := SAX2StAXEventWriter#endElement(java.lang.String, java.lang.String, java.lang.String)#0 &amp; SAX2StAXStreamWriter#endElement(java.lang.String, java.lang.String, java.lang.String)#0&quot;, &quot;localName := SAX2StAXEventWriter#endElement(java.lang.String, java.lang.String, java.lang.String)#1 &amp; SAX2StAXStreamWriter#endElement(java.lang.String, java.lang.String, java.lang.String)#1&quot;, &quot;qName := SAX2StAXEventWriter#endElement(java.lang.String, java.lang.String, java.lang.String)#2 &amp; SAX2StAXStreamWriter#endElement(java.lang.String, java.lang.String, java.lang.String)#2&quot; }"/>
        </annotation>
    </item>
    <item name='com.sun.org.apache.xalan.internal.xsltc.trax.SAX2StAXBaseWriter void parseQName(java.lang.String, java.lang.String[])'>
        <annotation name='com.intellij.inspections.tainted.annotation.equation.Equations'>
            <val val="{ &quot;qName := SAX2StAXEventWriter#startElement(java.lang.String, java.lang.String, java.lang.String, org.xml.sax.Attributes)#2 &amp; SAX2StAXEventWriter#endElement(java.lang.String, java.lang.String, java.lang.String)#2 &amp; SAX2StAXStreamWriter#startElement(java.lang.String, java.lang.String, java.lang.String, org.xml.sax.Attributes)#2&quot; }"/>
        </annotation>
    </item>
    <item name='com.sun.org.apache.xalan.internal.xsltc.trax.SAX2StAXBaseWriter void reportException(java.lang.String, org.xml.sax.SAXException)'>
        <annotation name='com.intellij.inspections.tainted.annotation.equation.Equations'>
            <val val="{ &quot;e := #error(org.xml.sax.SAXParseException)#0 &amp; #fatalError(org.xml.sax.SAXParseException)#0 &amp; #warning(org.xml.sax.SAXParseException)#0&quot; }"/>
        </annotation>
    </item>
    <item name='com.sun.org.apache.xalan.internal.xsltc.trax.SAX2StAXBaseWriter void startElement(java.lang.String, java.lang.String, java.lang.String, org.xml.sax.Attributes)'>
        <annotation name='com.intellij.inspections.tainted.annotation.equation.Equations'>
            <val val="{ &quot;uri := SAX2StAXEventWriter#startElement(java.lang.String, java.lang.String, java.lang.String, org.xml.sax.Attributes)#0 &amp; SAX2StAXStreamWriter#startElement(java.lang.String, java.lang.String, java.lang.String, org.xml.sax.Attributes)#0&quot;, &quot;attributes := SAX2StAXEventWriter#startElement(java.lang.String, java.lang.String, java.lang.String, org.xml.sax.Attributes)#3 &amp; SAX2StAXStreamWriter#startElement(java.lang.String, java.lang.String, java.lang.String, org.xml.sax.Attributes)#3&quot;, &quot;localName := SAX2StAXEventWriter#startElement(java.lang.String, java.lang.String, java.lang.String, org.xml.sax.Attributes)#1 &amp; SAX2StAXStreamWriter#startElement(java.lang.String, java.lang.String, java.lang.String, org.xml.sax.Attributes)#1&quot;, &quot;qName := SAX2StAXEventWriter#startElement(java.lang.String, java.lang.String, java.lang.String, org.xml.sax.Attributes)#2 &amp; SAX2StAXStreamWriter#startElement(java.lang.String, java.lang.String, java.lang.String, org.xml.sax.Attributes)#2&quot; }"/>
        </annotation>
    </item>
    <item name='com.sun.org.apache.xalan.internal.xsltc.trax.SAX2StAXBaseWriter.SAXLocation SAXLocation(org.xml.sax.Locator)'>
        <annotation name='com.intellij.inspections.tainted.annotation.equation.Equations'>
            <val val="{ &quot;SAXLocation := SAX2StAXBaseWriter.SAXLocation&quot;, &quot;locator := SAX2StAXBaseWriter&quot; }"/>
        </annotation>
    </item>
    <item name='com.sun.org.apache.xalan.internal.xsltc.trax.SAX2StAXBaseWriter.SAXLocation int getColumnNumber()'>
        <annotation name='com.intellij.inspections.tainted.annotation.equation.Equations'>
            <val val="{ &quot;getColumnNumber := SAX2StAXBaseWriter.SAXLocation&quot; }"/>
        </annotation>
    </item>
    <item name='com.sun.org.apache.xalan.internal.xsltc.trax.SAX2StAXBaseWriter.SAXLocation int getLineNumber()'>
        <annotation name='com.intellij.inspections.tainted.annotation.equation.Equations'>
            <val val="{ &quot;getLineNumber := SAX2StAXBaseWriter.SAXLocation&quot; }"/>
        </annotation>
    </item>
    <item name='com.sun.org.apache.xalan.internal.xsltc.trax.SAX2StAXBaseWriter.SAXLocation java.lang.String getPublicId()'>
        <annotation name='com.intellij.inspections.tainted.annotation.equation.Equations'>
            <val val="{ &quot;getPublicId := SAX2StAXBaseWriter.SAXLocation&quot; }"/>
        </annotation>
    </item>
    <item name='com.sun.org.apache.xalan.internal.xsltc.trax.SAX2StAXBaseWriter.SAXLocation java.lang.String getSystemId()'>
        <annotation name='com.intellij.inspections.tainted.annotation.equation.Equations'>
            <val val="{ &quot;getSystemId := SAX2StAXBaseWriter.SAXLocation&quot; }"/>
        </annotation>
    </item>
    <item name='com.sun.org.apache.xalan.internal.xsltc.trax.SAX2StAXEventWriter'>
        <annotation name='com.intellij.inspections.tainted.annotation.equation.Equations'>
            <val val="{ &quot;SAX2StAXEventWriter := #setEventWriter(javax.xml.stream.XMLEventWriter)#0 &amp; #setEventFactory(javax.xml.stream.XMLEventFactory)#0&quot; }"/>
        </annotation>
    </item>
    <item name='com.sun.org.apache.xalan.internal.xsltc.trax.SAX2StAXEventWriter SAX2StAXEventWriter()'>
        <annotation name='com.intellij.inspections.tainted.annotation.equation.Equations'>
            <val val="{ &quot;SAX2StAXEventWriter := SAX2StAXEventWriter&quot; }"/>
        </annotation>
    </item>
    <item name='com.sun.org.apache.xalan.internal.xsltc.trax.SAX2StAXEventWriter SAX2StAXEventWriter(javax.xml.stream.XMLEventWriter)'>
        <annotation name='com.intellij.inspections.tainted.annotation.equation.Equations'>
            <val val="{ &quot;writer := com.sun.org.apache.xalan.internal.xsltc.runtime.output.TransletOutputHandlerFactory&quot;, &quot;SAX2StAXEventWriter := SAX2StAXEventWriter&quot; }"/>
        </annotation>
    </item>
    <item name='com.sun.org.apache.xalan.internal.xsltc.trax.SAX2StAXEventWriter SAX2StAXEventWriter(javax.xml.stream.XMLEventWriter, javax.xml.stream.XMLEventFactory)'>
        <annotation name='com.intellij.inspections.tainted.annotation.equation.Equations'>
            <val val="{ &quot;SAX2StAXEventWriter := SAX2StAXEventWriter&quot; }"/>
        </annotation>
    </item>
    <item name='com.sun.org.apache.xalan.internal.xsltc.trax.SAX2StAXEventWriter javax.xml.stream.XMLEventFactory getEventFactory()'>
        <annotation name='com.intellij.inspections.tainted.annotation.equation.Equations'>
            <val val="{ &quot;getEventFactory := SAX2StAXEventWriter&quot; }"/>
        </annotation>
    </item>
    <item name='com.sun.org.apache.xalan.internal.xsltc.trax.SAX2StAXEventWriter javax.xml.stream.XMLEventWriter getEventWriter()'>
        <annotation name='com.intellij.inspections.tainted.annotation.equation.Equations'>
            <val val="{ &quot;getEventWriter := SAX2StAXEventWriter&quot; }"/>
        </annotation>
    </item>
    <item name='com.sun.org.apache.xalan.internal.xsltc.trax.SAX2StAXEventWriter void characters(char[], int, int)'>
        <annotation name='com.intellij.inspections.tainted.annotation.equation.Equations'>
            <val val="{ &quot;length := #ignorableWhitespace(char[], int, int)#2&quot;, &quot;start := #ignorableWhitespace(char[], int, int)#1&quot;, &quot;ch := #ignorableWhitespace(char[], int, int)#0&quot; }"/>
        </annotation>
    </item>
    <item name='com.sun.org.apache.xalan.internal.xsltc.trax.SAX2StAXEventWriter void createStartEvents(org.xml.sax.Attributes, java.util.Collection[])'>
        <annotation name='com.intellij.inspections.tainted.annotation.equation.Equations'>
            <val val="{ &quot;attributes := #startElement(java.lang.String, java.lang.String, java.lang.String, org.xml.sax.Attributes)#3&quot; }"/>
        </annotation>
    </item>
    <item name='com.sun.org.apache.xalan.internal.xsltc.trax.SAX2StAXStreamWriter'>
        <annotation name='com.intellij.inspections.tainted.annotation.equation.Equations'>
            <val val="{ &quot;SAX2StAXStreamWriter := #setStreamWriter(javax.xml.stream.XMLStreamWriter)#0&quot; }"/>
        </annotation>
    </item>
    <item name='com.sun.org.apache.xalan.internal.xsltc.trax.SAX2StAXStreamWriter SAX2StAXStreamWriter()'>
        <annotation name='com.intellij.inspections.tainted.annotation.equation.Equations'>
            <val val="{ &quot;SAX2StAXStreamWriter := SAX2StAXStreamWriter&quot; }"/>
        </annotation>
    </item>
    <item name='com.sun.org.apache.xalan.internal.xsltc.trax.SAX2StAXStreamWriter SAX2StAXStreamWriter(javax.xml.stream.XMLStreamWriter)'>
        <annotation name='com.intellij.inspections.tainted.annotation.equation.Equations'>
            <val val="{ &quot;SAX2StAXStreamWriter := SAX2StAXStreamWriter&quot;, &quot;writer := com.sun.org.apache.xalan.internal.xsltc.runtime.output.TransletOutputHandlerFactory&quot; }"/>
        </annotation>
    </item>
    <item name='com.sun.org.apache.xalan.internal.xsltc.trax.SAX2StAXStreamWriter javax.xml.stream.XMLStreamWriter getStreamWriter()'>
        <annotation name='com.intellij.inspections.tainted.annotation.equation.Equations'>
            <val val="{ &quot;getStreamWriter := SAX2StAXStreamWriter&quot; }"/>
        </annotation>
    </item>
    <item name='com.sun.org.apache.xalan.internal.xsltc.trax.SmartTransformerFactoryImpl'>
        <annotation name='com.intellij.inspections.tainted.annotation.equation.Equations'>
            <val val="{ &quot;SmartTransformerFactoryImpl := #setErrorListener(javax.xml.transform.ErrorListener)#0 &amp; SmartTransformerFactoryImpl &amp; #setURIResolver(javax.xml.transform.URIResolver)#0&quot; }"/>
        </annotation>
    </item>
    <item name='com.sun.org.apache.xalan.internal.xsltc.trax.SmartTransformerFactoryImpl SmartTransformerFactoryImpl()'>
        <annotation name='com.intellij.inspections.tainted.annotation.equation.Equations'>
            <val val="{ &quot;SmartTransformerFactoryImpl := SmartTransformerFactoryImpl&quot; }"/>
        </annotation>
    </item>
    <item name='com.sun.org.apache.xalan.internal.xsltc.trax.SmartTransformerFactoryImpl javax.xml.transform.ErrorListener getErrorListener()'>
        <annotation name='com.intellij.inspections.tainted.annotation.equation.Equations'>
            <val val="{ &quot;getErrorListener := SmartTransformerFactoryImpl&quot; }"/>
        </annotation>
    </item>
    <item name='com.sun.org.apache.xalan.internal.xsltc.trax.SmartTransformerFactoryImpl javax.xml.transform.URIResolver getURIResolver()'>
        <annotation name='com.intellij.inspections.tainted.annotation.equation.Equations'>
            <val val="{ &quot;getURIResolver := SmartTransformerFactoryImpl&quot; }"/>
        </annotation>
    </item>
    <item name='com.sun.org.apache.xalan.internal.xsltc.trax.StAXEvent2SAX'>
        <annotation name='com.intellij.inspections.tainted.annotation.equation.Equations'>
            <val val="{ &quot;StAXEvent2SAX := &quot; }"/>
        </annotation>
    </item>
    <item name='com.sun.org.apache.xalan.internal.xsltc.trax.StAXEvent2SAX StAXEvent2SAX(javax.xml.stream.XMLEventReader)'>
        <annotation name='com.intellij.inspections.tainted.annotation.equation.Equations'>
            <val val="{ &quot;StAXEvent2SAX := StAXEvent2SAX&quot; }"/>
        </annotation>
    </item>
    <item name='com.sun.org.apache.xalan.internal.xsltc.trax.StAXEvent2SAX org.xml.sax.Attributes getAttributes(javax.xml.stream.events.StartElement)'>
        <annotation name='com.intellij.inspections.tainted.annotation.equation.Equations'>
            <val val="{ &quot;event := #handleStartElement(javax.xml.stream.events.StartElement)#0&quot; }"/>
        </annotation>
    </item>
    <item name='com.sun.org.apache.xalan.internal.xsltc.trax.StAXEvent2SAX org.xml.sax.ContentHandler getContentHandler()'>
        <annotation name='com.intellij.inspections.tainted.annotation.equation.Equations'>
            <val val="{ &quot;getContentHandler := StAXEvent2SAX&quot; }"/>
        </annotation>
    </item>
    <item name='com.sun.org.apache.xalan.internal.xsltc.trax.StAXEvent2SAX void handleCharacters(javax.xml.stream.events.Characters)'>
        <annotation name='com.intellij.inspections.tainted.annotation.equation.Equations'>
            <val val="{ &quot;event := &quot; }"/>
        </annotation>
    </item>
    <item name='com.sun.org.apache.xalan.internal.xsltc.trax.StAXEvent2SAX void handleEndElement(javax.xml.stream.events.EndElement)'>
        <annotation name='com.intellij.inspections.tainted.annotation.equation.Equations'>
            <val val="{ &quot;event := &quot; }"/>
        </annotation>
    </item>
    <item name='com.sun.org.apache.xalan.internal.xsltc.trax.StAXEvent2SAX void handlePI(javax.xml.stream.events.ProcessingInstruction)'>
        <annotation name='com.intellij.inspections.tainted.annotation.equation.Equations'>
            <val val="{ &quot;event := &quot; }"/>
        </annotation>
    </item>
    <item name='com.sun.org.apache.xalan.internal.xsltc.trax.StAXEvent2SAX void handleStartDocument(javax.xml.stream.events.XMLEvent)'>
        <annotation name='com.intellij.inspections.tainted.annotation.equation.Equations'>
            <val val="{ &quot;event := &quot; }"/>
        </annotation>
    </item>
    <item name='com.sun.org.apache.xalan.internal.xsltc.trax.StAXEvent2SAX void handleStartElement(javax.xml.stream.events.StartElement)'>
        <annotation name='com.intellij.inspections.tainted.annotation.equation.Equations'>
            <val val="{ &quot;event := &quot; }"/>
        </annotation>
    </item>
    <item name='com.sun.org.apache.xalan.internal.xsltc.trax.StAXEvent2SAX void setContentHandler(org.xml.sax.ContentHandler)'>
        <annotation name='com.intellij.inspections.tainted.annotation.equation.Equations'>
            <val val="{ &quot;handler := TransformerImpl#transformIdentity(javax.xml.transform.Source, com.sun.org.apache.xml.internal.serializer.SerializationHandler)#1&quot; }"/>
        </annotation>
    </item>
    <item name='com.sun.org.apache.xalan.internal.xsltc.trax.StAXStream2SAX StAXStream2SAX(javax.xml.stream.XMLStreamReader)'>
        <annotation name='com.intellij.inspections.tainted.annotation.equation.Equations'>
            <val val="{ &quot;StAXStream2SAX := StAXStream2SAX&quot; }"/>
        </annotation>
    </item>
    <item name='com.sun.org.apache.xalan.internal.xsltc.trax.StAXStream2SAX org.xml.sax.ContentHandler getContentHandler()'>
        <annotation name='com.intellij.inspections.tainted.annotation.equation.Equations'>
            <val val="{ &quot;getContentHandler := StAXStream2SAX&quot; }"/>
        </annotation>
    </item>
    <item name='com.sun.org.apache.xalan.internal.xsltc.trax.StAXStream2SAX void setContentHandler(org.xml.sax.ContentHandler)'>
        <annotation name='com.intellij.inspections.tainted.annotation.equation.Equations'>
            <val val="{ &quot;handler := TransformerImpl#transformIdentity(javax.xml.transform.Source, com.sun.org.apache.xml.internal.serializer.SerializationHandler)#1&quot; }"/>
        </annotation>
    </item>
    <item name='com.sun.org.apache.xalan.internal.xsltc.trax.TemplatesHandlerImpl'>
        <annotation name='com.intellij.inspections.tainted.annotation.equation.Equations'>
            <val val="{ &quot;TemplatesHandlerImpl := &quot; }"/>
        </annotation>
    </item>
    <item name='com.sun.org.apache.xalan.internal.xsltc.trax.TemplatesHandlerImpl TemplatesHandlerImpl(int, com.sun.org.apache.xalan.internal.xsltc.trax.TransformerFactoryImpl)'>
        <annotation name='com.intellij.inspections.tainted.annotation.equation.Equations'>
            <val val="{ &quot;indentNumber := TransformerFactoryImpl&quot;, &quot;tfactory := TransformerFactoryImpl&quot;, &quot;TemplatesHandlerImpl := TemplatesHandlerImpl&quot; }"/>
        </annotation>
    </item>
    <item name='com.sun.org.apache.xalan.internal.xsltc.trax.TemplatesHandlerImpl java.lang.String getSystemId()'>
        <annotation name='com.intellij.inspections.tainted.annotation.equation.Equations'>
            <val val="{ &quot;getSystemId := TemplatesHandlerImpl&quot; }"/>
        </annotation>
    </item>
    <item name='com.sun.org.apache.xalan.internal.xsltc.trax.TemplatesHandlerImpl javax.xml.transform.Templates getTemplates()'>
        <annotation name='com.intellij.inspections.tainted.annotation.equation.Equations'>
            <val val="{ &quot;getTemplates := TemplatesHandlerImpl&quot; }"/>
        </annotation>
    </item>
    <item name='com.sun.org.apache.xalan.internal.xsltc.trax.TemplatesHandlerImpl void setSystemId(java.lang.String)'>
        <annotation name='com.intellij.inspections.tainted.annotation.equation.Equations'>
            <val val="{ &quot;id := &quot; }"/>
        </annotation>
    </item>
    <item name='com.sun.org.apache.xalan.internal.xsltc.trax.TemplatesHandlerImpl void setURIResolver(javax.xml.transform.URIResolver)'>
        <annotation name='com.intellij.inspections.tainted.annotation.equation.Equations'>
            <val val="{ &quot;resolver := TransformerFactoryImpl&quot; }"/>
        </annotation>
    </item>
    <item name='com.sun.org.apache.xalan.internal.xsltc.trax.TemplatesImpl'>
        <annotation name='com.intellij.inspections.tainted.annotation.equation.Equations'>
            <val val="{ &quot;TemplatesImpl := com.sun.org.apache.xalan.internal.XalanConstants#EXTERNAL_ACCESS_DEFAULT &amp; #setTransletBytecodes(byte[][])#0 &amp; #setTransletName(java.lang.String)#0&quot; }"/>
        </annotation>
    </item>
    <item name='com.sun.org.apache.xalan.internal.xsltc.trax.TemplatesImpl TemplatesImpl()'>
        <annotation name='com.intellij.inspections.tainted.annotation.equation.Equations'>
            <val val="{ &quot;TemplatesImpl := TemplatesImpl&quot; }"/>
        </annotation>
    </item>
    <item name='com.sun.org.apache.xalan.internal.xsltc.trax.TemplatesImpl TemplatesImpl(byte[][], java.lang.String, java.util.Properties, int, com.sun.org.apache.xalan.internal.xsltc.trax.TransformerFactoryImpl)'>
        <annotation name='com.intellij.inspections.tainted.annotation.equation.Equations'>
            <val val="{ &quot;outputProperties := &quot;, &quot;transletName := TransformerFactoryImpl&quot;, &quot;TemplatesImpl := TemplatesImpl&quot;, &quot;indentNumber := TemplatesHandlerImpl &amp; TransformerFactoryImpl&quot;, &quot;tfactory := TemplatesHandlerImpl &amp; TransformerFactoryImpl&quot;, &quot;bytecodes := &quot; }"/>
        </annotation>
    </item>
    <item name='com.sun.org.apache.xalan.internal.xsltc.trax.TemplatesImpl TemplatesImpl(java.lang.Class[], java.lang.String, java.util.Properties, int, com.sun.org.apache.xalan.internal.xsltc.trax.TransformerFactoryImpl)'>
        <annotation name='com.intellij.inspections.tainted.annotation.equation.Equations'>
            <val val="{ &quot;transletName := TransformerFactoryImpl&quot;, &quot;indentNumber := TransformerFactoryImpl&quot;, &quot;tfactory := TransformerFactoryImpl&quot;, &quot;TemplatesImpl := TemplatesImpl&quot; }"/>
        </annotation>
    </item>
    <item name='com.sun.org.apache.xalan.internal.xsltc.trax.TemplatesImpl byte[][] getTransletBytecodes()'>
        <annotation name='com.intellij.inspections.tainted.annotation.equation.Equations'>
            <val val="{ &quot;getTransletBytecodes := TemplatesImpl&quot; }"/>
        </annotation>
    </item>
    <item name='com.sun.org.apache.xalan.internal.xsltc.trax.TemplatesImpl int getTransletIndex()'>
        <annotation name='com.intellij.inspections.tainted.annotation.equation.Equations'>
            <val val="{ &quot;getTransletIndex := TemplatesImpl&quot; }"/>
        </annotation>
    </item>
    <item name='com.sun.org.apache.xalan.internal.xsltc.trax.TemplatesImpl java.lang.Class[] getTransletClasses()'>
        <annotation name='com.intellij.inspections.tainted.annotation.equation.Equations'>
            <val val="{ &quot;getTransletClasses := TemplatesImpl&quot; }"/>
        </annotation>
    </item>
    <item name='com.sun.org.apache.xalan.internal.xsltc.trax.TemplatesImpl java.lang.String getTransletName()'>
        <annotation name='com.intellij.inspections.tainted.annotation.equation.Equations'>
            <val val="{ &quot;getTransletName := TemplatesImpl&quot; }"/>
        </annotation>
    </item>
    <item name='com.sun.org.apache.xalan.internal.xsltc.trax.TemplatesImpl void init(java.lang.String, java.util.Properties, int, com.sun.org.apache.xalan.internal.xsltc.trax.TransformerFactoryImpl)'>
        <annotation name='com.intellij.inspections.tainted.annotation.equation.Equations'>
            <val val="{ &quot;transletName := #TemplatesImpl(byte[][], java.lang.String, java.util.Properties, int, com.sun.org.apache.xalan.internal.xsltc.trax.TransformerFactoryImpl)#1 &amp; #TemplatesImpl(java.lang.Class[], java.lang.String, java.util.Properties, int, com.sun.org.apache.xalan.internal.xsltc.trax.TransformerFactoryImpl)#1&quot;, &quot;outputProperties := #TemplatesImpl(byte[][], java.lang.String, java.util.Properties, int, com.sun.org.apache.xalan.internal.xsltc.trax.TransformerFactoryImpl)#2 &amp; #TemplatesImpl(java.lang.Class[], java.lang.String, java.util.Properties, int, com.sun.org.apache.xalan.internal.xsltc.trax.TransformerFactoryImpl)#2&quot;, &quot;tfactory := #TemplatesImpl(byte[][], java.lang.String, java.util.Properties, int, com.sun.org.apache.xalan.internal.xsltc.trax.TransformerFactoryImpl)#4 &amp; #TemplatesImpl(java.lang.Class[], java.lang.String, java.util.Properties, int, com.sun.org.apache.xalan.internal.xsltc.trax.TransformerFactoryImpl)#4&quot;, &quot;indentNumber := #TemplatesImpl(byte[][], java.lang.String, java.util.Properties, int, com.sun.org.apache.xalan.internal.xsltc.trax.TransformerFactoryImpl)#3 &amp; #TemplatesImpl(java.lang.Class[], java.lang.String, java.util.Properties, int, com.sun.org.apache.xalan.internal.xsltc.trax.TransformerFactoryImpl)#3&quot; }"/>
        </annotation>
    </item>
    <item name='com.sun.org.apache.xalan.internal.xsltc.trax.TemplatesImpl void setURIResolver(javax.xml.transform.URIResolver)'>
        <annotation name='com.intellij.inspections.tainted.annotation.equation.Equations'>
            <val val="{ &quot;resolver := TemplatesHandlerImpl&quot; }"/>
        </annotation>
    </item>
    <item name='com.sun.org.apache.xalan.internal.xsltc.trax.TemplatesImpl.TransletClassLoader TransletClassLoader(java.lang.ClassLoader)'>
        <annotation name='com.intellij.inspections.tainted.annotation.equation.Equations'>
            <val val="{ &quot;TransletClassLoader := TemplatesImpl.TransletClassLoader&quot; }"/>
        </annotation>
    </item>
    <item name='com.sun.org.apache.xalan.internal.xsltc.trax.TemplatesImpl.TransletClassLoader TransletClassLoader(java.lang.ClassLoader, java.util.Map&lt;java.lang.String,java.lang.Class&gt;)'>
        <annotation name='com.intellij.inspections.tainted.annotation.equation.Equations'>
            <val val="{ &quot;mapEF := &quot;, &quot;TransletClassLoader := TemplatesImpl.TransletClassLoader&quot;, &quot;parent := &quot; }"/>
        </annotation>
    </item>
    <item name='com.sun.org.apache.xalan.internal.xsltc.trax.TemplatesImpl.TransletClassLoader java.lang.Class defineClass(byte[])'>
        <annotation name='com.intellij.inspections.tainted.annotation.equation.Equations'>
            <val val="{ &quot;b := TemplatesImpl&quot; }"/>
        </annotation>
    </item>
    <item name='com.sun.org.apache.xalan.internal.xsltc.trax.TrAXFilter TrAXFilter(javax.xml.transform.Templates)'>
        <annotation name='com.intellij.inspections.tainted.annotation.equation.Equations'>
            <val val="{ &quot;templates := TransformerFactoryImpl#newXMLFilter(javax.xml.transform.Templates)#0 &amp; SmartTransformerFactoryImpl#newXMLFilter(javax.xml.transform.Templates)#0&quot;, &quot;TrAXFilter := TrAXFilter&quot; }"/>
        </annotation>
    </item>
    <item name='com.sun.org.apache.xalan.internal.xsltc.trax.TrAXFilter javax.xml.transform.Transformer getTransformer()'>
        <annotation name='com.intellij.inspections.tainted.annotation.equation.Equations'>
            <val val="{ &quot;getTransformer := TrAXFilter&quot; }"/>
        </annotation>
    </item>
    <item name='com.sun.org.apache.xalan.internal.xsltc.trax.TrAXFilter void parse(org.xml.sax.InputSource)'>
        <annotation name='com.intellij.inspections.tainted.annotation.equation.Equations'>
            <val val="{ &quot;input := &quot; }"/>
        </annotation>
    </item>
    <item name='com.sun.org.apache.xalan.internal.xsltc.trax.TransformerFactoryImpl'>
        <annotation name='com.intellij.inspections.tainted.annotation.equation.Equations'>
            <val val="{ &quot;TransformerFactoryImpl := #DEFAULT_TRANSLET_NAME &amp; com.sun.org.apache.xalan.internal.XalanConstants#EXTERNAL_ACCESS_DEFAULT &amp; #setErrorListener(javax.xml.transform.ErrorListener)#0 &amp; #setAttribute(java.lang.String, java.lang.Object)#1 &amp; #setURIResolver(javax.xml.transform.URIResolver)#0&quot; }"/>
        </annotation>
    </item>
    <item name='com.sun.org.apache.xalan.internal.xsltc.trax.TransformerFactoryImpl TransformerFactoryImpl()'>
        <annotation name='com.intellij.inspections.tainted.annotation.equation.Equations'>
            <val val="{ &quot;TransformerFactoryImpl := TransformerFactoryImpl&quot; }"/>
        </annotation>
    </item>
    <item name='com.sun.org.apache.xalan.internal.xsltc.trax.TransformerFactoryImpl TransformerFactoryImpl(boolean)'>
        <annotation name='com.intellij.inspections.tainted.annotation.equation.Equations'>
            <val val="{ &quot;TransformerFactoryImpl := TransformerFactoryImpl&quot; }"/>
        </annotation>
    </item>
    <item name='com.sun.org.apache.xalan.internal.xsltc.trax.TransformerFactoryImpl boolean getFeature(java.lang.String)'>
        <annotation name='com.intellij.inspections.tainted.annotation.equation.Equations'>
            <val val="{ &quot;name := javax.xml.XMLConstants#FEATURE_SECURE_PROCESSING&quot; }"/>
        </annotation>
    </item>
    <item name='com.sun.org.apache.xalan.internal.xsltc.trax.TransformerFactoryImpl byte[][] getBytecodesFromClasses(javax.xml.transform.Source, java.lang.String)'>
        <annotation name='com.intellij.inspections.tainted.annotation.equation.Equations'>
            <val val="{ &quot;source := #newTemplates(javax.xml.transform.Source)#0&quot;, &quot;fullClassName := TransformerFactoryImpl&quot; }"/>
        </annotation>
    </item>
    <item name='com.sun.org.apache.xalan.internal.xsltc.trax.TransformerFactoryImpl byte[][] getBytecodesFromJar(javax.xml.transform.Source, java.lang.String)'>
        <annotation name='com.intellij.inspections.tainted.annotation.equation.Equations'>
            <val val="{ &quot;fullClassName := TransformerFactoryImpl&quot;, &quot;source := #newTemplates(javax.xml.transform.Source)#0&quot; }"/>
        </annotation>
    </item>
    <item name='com.sun.org.apache.xalan.internal.xsltc.trax.TransformerFactoryImpl com.sun.org.apache.xalan.internal.utils.FeatureManager getFeatureManager()'>
        <annotation name='com.intellij.inspections.tainted.annotation.equation.Equations'>
            <val val="{ &quot;getFeatureManager := TransformerFactoryImpl&quot; }"/>
        </annotation>
    </item>
    <item name='com.sun.org.apache.xalan.internal.xsltc.trax.TransformerFactoryImpl java.lang.Object getAttribute(java.lang.String)'>
        <annotation name='com.intellij.inspections.tainted.annotation.equation.Equations'>
            <val val="{ &quot;name := javax.xml.XMLConstants#ACCESS_EXTERNAL_STYLESHEET &amp; javax.xml.XMLConstants#ACCESS_EXTERNAL_DTD &amp; com.sun.org.apache.xalan.internal.XalanConstants#SECURITY_MANAGER &amp; #ENABLE_INLINING&quot;, &quot;getAttribute := TransformerFactoryImpl &amp; java.lang.Boolean#TRUE &amp; java.lang.Boolean#FALSE&quot; }"/>
        </annotation>
    </item>
    <item name='com.sun.org.apache.xalan.internal.xsltc.trax.TransformerFactoryImpl java.lang.String getStylesheetFileName(javax.xml.transform.Source)'>
        <annotation name='com.intellij.inspections.tainted.annotation.equation.Equations'>
            <val val="{ &quot;source := #newTemplates(javax.xml.transform.Source)#0 &amp; #getBytecodesFromClasses(javax.xml.transform.Source, java.lang.String)#0 &amp; #getBytecodesFromJar(javax.xml.transform.Source, java.lang.String)#0&quot; }"/>
        </annotation>
    </item>
    <item name='com.sun.org.apache.xalan.internal.xsltc.trax.TransformerFactoryImpl java.lang.String getTransletBaseName(javax.xml.transform.Source)'>
        <annotation name='com.intellij.inspections.tainted.annotation.equation.Equations'>
            <val val="{ &quot;source := #newTemplates(javax.xml.transform.Source)#0&quot;, &quot;getTransletBaseName := TransformerFactoryImpl &amp; #DEFAULT_TRANSLET_NAME&quot; }"/>
        </annotation>
    </item>
    <item name='com.sun.org.apache.xalan.internal.xsltc.trax.TransformerFactoryImpl java.util.Map&lt;java.lang.String,java.lang.Class&gt; getExternalExtensionsMap()'>
        <annotation name='com.intellij.inspections.tainted.annotation.equation.Equations'>
            <val val="{ &quot;getExternalExtensionsMap := TransformerFactoryImpl&quot; }"/>
        </annotation>
    </item>
    <item name='com.sun.org.apache.xalan.internal.xsltc.trax.TransformerFactoryImpl javax.xml.transform.ErrorListener getErrorListener()'>
        <annotation name='com.intellij.inspections.tainted.annotation.equation.Equations'>
            <val val="{ &quot;getErrorListener := TransformerFactoryImpl&quot; }"/>
        </annotation>
    </item>
    <item name='com.sun.org.apache.xalan.internal.xsltc.trax.TransformerFactoryImpl javax.xml.transform.Templates newTemplates(javax.xml.transform.Source)'>
        <annotation name='com.intellij.inspections.tainted.annotation.equation.Equations'>
            <val val="{ &quot;source := #newTransformer(javax.xml.transform.Source)#0 &amp; #newXMLFilter(javax.xml.transform.Source)#0&quot; }"/>
        </annotation>
    </item>
    <item name='com.sun.org.apache.xalan.internal.xsltc.trax.TransformerFactoryImpl javax.xml.transform.Transformer newTransformer(javax.xml.transform.Source)'>
        <annotation name='com.intellij.inspections.tainted.annotation.equation.Equations'>
            <val val="{ &quot;source := #newTransformerHandler(javax.xml.transform.Source)#0&quot; }"/>
        </annotation>
    </item>
    <item name='com.sun.org.apache.xalan.internal.xsltc.trax.TransformerFactoryImpl javax.xml.transform.URIResolver getURIResolver()'>
        <annotation name='com.intellij.inspections.tainted.annotation.equation.Equations'>
            <val val="{ &quot;getURIResolver := TransformerFactoryImpl&quot; }"/>
        </annotation>
    </item>
    <item name='com.sun.org.apache.xalan.internal.xsltc.trax.TransformerFactoryImpl.PIParamWrapper PIParamWrapper(java.lang.String, java.lang.String, java.lang.String)'>
        <annotation name='com.intellij.inspections.tainted.annotation.equation.Equations'>
            <val val="{ &quot;PIParamWrapper := TransformerFactoryImpl.PIParamWrapper&quot; }"/>
        </annotation>
    </item>
    <item name='com.sun.org.apache.xalan.internal.xsltc.trax.TransformerHandlerImpl'>
        <annotation name='com.intellij.inspections.tainted.annotation.equation.Equations'>
            <val val="{ &quot;TransformerHandlerImpl := #setSystemId(java.lang.String)#0 &amp; TransformerHandlerImpl &amp; #setDocumentLocator(org.xml.sax.Locator)#0&quot; }"/>
        </annotation>
    </item>
    <item name='com.sun.org.apache.xalan.internal.xsltc.trax.TransformerHandlerImpl TransformerHandlerImpl(com.sun.org.apache.xalan.internal.xsltc.trax.TransformerImpl)'>
        <annotation name='com.intellij.inspections.tainted.annotation.equation.Equations'>
            <val val="{ &quot;transformer := TrAXFilter&quot;, &quot;TransformerHandlerImpl := TransformerHandlerImpl&quot; }"/>
        </annotation>
    </item>
    <item name='com.sun.org.apache.xalan.internal.xsltc.trax.TransformerHandlerImpl java.lang.String getSystemId()'>
        <annotation name='com.intellij.inspections.tainted.annotation.equation.Equations'>
            <val val="{ &quot;getSystemId := TransformerHandlerImpl&quot; }"/>
        </annotation>
    </item>
    <item name='com.sun.org.apache.xalan.internal.xsltc.trax.TransformerHandlerImpl javax.xml.transform.Transformer getTransformer()'>
        <annotation name='com.intellij.inspections.tainted.annotation.equation.Equations'>
            <val val="{ &quot;getTransformer := TransformerHandlerImpl&quot; }"/>
        </annotation>
    </item>
    <item name='com.sun.org.apache.xalan.internal.xsltc.trax.TransformerHandlerImpl void setResult(javax.xml.transform.Result)'>
        <annotation name='com.intellij.inspections.tainted.annotation.equation.Equations'>
            <val val="{ &quot;result := &quot; }"/>
        </annotation>
    </item>
    <item name='com.sun.org.apache.xalan.internal.xsltc.trax.TransformerImpl'>
        <annotation name='com.intellij.inspections.tainted.annotation.equation.Equations'>
            <val val="{ &quot;TransformerImpl := com.sun.org.apache.xalan.internal.XalanConstants#EXTERNAL_ACCESS_DEFAULT &amp; #setErrorListener(javax.xml.transform.ErrorListener)#0 &amp; TransformerImpl&quot; }"/>
        </annotation>
    </item>
    <item name='com.sun.org.apache.xalan.internal.xsltc.trax.TransformerImpl TransformerImpl(com.sun.org.apache.xalan.internal.xsltc.Translet, java.util.Properties, int, com.sun.org.apache.xalan.internal.xsltc.trax.TransformerFactoryImpl)'>
        <annotation name='com.intellij.inspections.tainted.annotation.equation.Equations'>
            <val val="{ &quot;TransformerImpl := TransformerImpl&quot;, &quot;outputProperties := TemplatesImpl &amp; #TransformerImpl(java.util.Properties, int, com.sun.org.apache.xalan.internal.xsltc.trax.TransformerFactoryImpl)#0&quot;, &quot;indentNumber := TemplatesImpl &amp; #TransformerImpl(java.util.Properties, int, com.sun.org.apache.xalan.internal.xsltc.trax.TransformerFactoryImpl)#1&quot;, &quot;tfactory := TemplatesImpl &amp; #TransformerImpl(java.util.Properties, int, com.sun.org.apache.xalan.internal.xsltc.trax.TransformerFactoryImpl)#2&quot; }"/>
        </annotation>
    </item>
    <item name='com.sun.org.apache.xalan.internal.xsltc.trax.TransformerImpl TransformerImpl(java.util.Properties, int, com.sun.org.apache.xalan.internal.xsltc.trax.TransformerFactoryImpl)'>
        <annotation name='com.intellij.inspections.tainted.annotation.equation.Equations'>
            <val val="{ &quot;indentNumber := TransformerFactoryImpl&quot;, &quot;tfactory := TransformerFactoryImpl&quot;, &quot;TransformerImpl := TransformerImpl&quot; }"/>
        </annotation>
    </item>
    <item name='com.sun.org.apache.xalan.internal.xsltc.trax.TransformerImpl boolean isDefaultProperty(java.lang.String, java.util.Properties)'>
        <annotation name='com.intellij.inspections.tainted.annotation.equation.Equations'>
            <val val="{ &quot;properties := #setOutputProperties(java.util.Properties)#0&quot;, &quot;name := &quot; }"/>
        </annotation>
    </item>
    <item name='com.sun.org.apache.xalan.internal.xsltc.trax.TransformerImpl boolean validOutputProperty(java.lang.String)'>
        <annotation name='com.intellij.inspections.tainted.annotation.equation.Equations'>
            <val val="{ &quot;name := &quot; }"/>
        </annotation>
    </item>
    <item name='com.sun.org.apache.xalan.internal.xsltc.trax.TransformerImpl com.sun.org.apache.xalan.internal.xsltc.DOM getDOM(javax.xml.transform.Source)'>
        <annotation name='com.intellij.inspections.tainted.annotation.equation.Equations'>
            <val val="{ &quot;source := #transform(javax.xml.transform.Source, com.sun.org.apache.xml.internal.serializer.SerializationHandler, java.lang.String)#0&quot;, &quot;getDOM := TransformerImpl&quot; }"/>
        </annotation>
    </item>
    <item name='com.sun.org.apache.xalan.internal.xsltc.trax.TransformerImpl com.sun.org.apache.xalan.internal.xsltc.runtime.AbstractTranslet getTranslet()'>
        <annotation name='com.intellij.inspections.tainted.annotation.equation.Equations'>
            <val val="{ &quot;getTranslet := TransformerImpl&quot; }"/>
        </annotation>
    </item>
    <item name='com.sun.org.apache.xalan.internal.xsltc.trax.TransformerImpl com.sun.org.apache.xalan.internal.xsltc.runtime.output.TransletOutputHandlerFactory getTransletOutputHandlerFactory()'>
        <annotation name='com.intellij.inspections.tainted.annotation.equation.Equations'>
            <val val="{ &quot;getTransletOutputHandlerFactory := TransformerImpl&quot; }"/>
        </annotation>
    </item>
    <item name='com.sun.org.apache.xalan.internal.xsltc.trax.TransformerImpl com.sun.org.apache.xalan.internal.xsltc.trax.TransformerFactoryImpl getTransformerFactory()'>
        <annotation name='com.intellij.inspections.tainted.annotation.equation.Equations'>
            <val val="{ &quot;getTransformerFactory := TransformerImpl&quot; }"/>
        </annotation>
    </item>
    <item name='com.sun.org.apache.xalan.internal.xsltc.trax.TransformerImpl com.sun.org.apache.xml.internal.serializer.SerializationHandler getOutputHandler(javax.xml.transform.Result)'>
        <annotation name='com.intellij.inspections.tainted.annotation.equation.Equations'>
            <val val="{ &quot;result := #transform(javax.xml.transform.Source, javax.xml.transform.Result)#1 &amp; TransformerHandlerImpl#setResult(javax.xml.transform.Result)#0&quot; }"/>
        </annotation>
    </item>
    <item name='com.sun.org.apache.xalan.internal.xsltc.trax.TransformerImpl java.util.Properties createOutputProperties(java.util.Properties)'>
        <annotation name='com.intellij.inspections.tainted.annotation.equation.Equations'>
            <val val="{ &quot;outputProperties := #TransformerImpl(com.sun.org.apache.xalan.internal.xsltc.Translet, java.util.Properties, int, com.sun.org.apache.xalan.internal.xsltc.trax.TransformerFactoryImpl)#1&quot; }"/>
        </annotation>
    </item>
    <item name='com.sun.org.apache.xalan.internal.xsltc.trax.TransformerImpl javax.xml.transform.ErrorListener getErrorListener()'>
        <annotation name='com.intellij.inspections.tainted.annotation.equation.Equations'>
            <val val="{ &quot;getErrorListener := TransformerImpl&quot; }"/>
        </annotation>
    </item>
    <item name='com.sun.org.apache.xalan.internal.xsltc.trax.TransformerImpl javax.xml.transform.URIResolver getURIResolver()'>
        <annotation name='com.intellij.inspections.tainted.annotation.equation.Equations'>
            <val val="{ &quot;getURIResolver := TransformerImpl&quot; }"/>
        </annotation>
    </item>
    <item name='com.sun.org.apache.xalan.internal.xsltc.trax.TransformerImpl void setDOM(com.sun.org.apache.xalan.internal.xsltc.DOM)'>
        <annotation name='com.intellij.inspections.tainted.annotation.equation.Equations'>
            <val val="{ &quot;dom := TransformerHandlerImpl&quot; }"/>
        </annotation>
    </item>
    <item name='com.sun.org.apache.xalan.internal.xsltc.trax.TransformerImpl void setURIResolver(javax.xml.transform.URIResolver)'>
        <annotation name='com.intellij.inspections.tainted.annotation.equation.Equations'>
            <val val="{ &quot;resolver := TemplatesImpl &amp; TransformerFactoryImpl&quot; }"/>
        </annotation>
    </item>
    <item name='com.sun.org.apache.xalan.internal.xsltc.trax.TransformerImpl void transferOutputProperties(com.sun.org.apache.xalan.internal.xsltc.runtime.AbstractTranslet)'>
        <annotation name='com.intellij.inspections.tainted.annotation.equation.Equations'>
            <val val="{ &quot;translet := TransformerImpl&quot; }"/>
        </annotation>
    </item>
    <item name='com.sun.org.apache.xalan.internal.xsltc.trax.TransformerImpl void transform(javax.xml.transform.Source, com.sun.org.apache.xml.internal.serializer.SerializationHandler, java.lang.String)'>
        <annotation name='com.intellij.inspections.tainted.annotation.equation.Equations'>
            <val val="{ &quot;source := #transform(javax.xml.transform.Source, javax.xml.transform.Result)#0&quot;, &quot;encoding := TransformerImpl&quot; }"/>
        </annotation>
    </item>
    <item name='com.sun.org.apache.xalan.internal.xsltc.trax.TransformerImpl void transform(javax.xml.transform.Source, javax.xml.transform.Result)'>
        <annotation name='com.intellij.inspections.tainted.annotation.equation.Equations'>
            <val val="{ &quot;result := TransformerHandlerImpl&quot; }"/>
        </annotation>
    </item>
    <item name='com.sun.org.apache.xalan.internal.xsltc.trax.TransformerImpl void transformIdentity(javax.xml.transform.Source, com.sun.org.apache.xml.internal.serializer.SerializationHandler)'>
        <annotation name='com.intellij.inspections.tainted.annotation.equation.Equations'>
            <val val="{ &quot;handler := #transform(javax.xml.transform.Source, com.sun.org.apache.xml.internal.serializer.SerializationHandler, java.lang.String)#1&quot;, &quot;source := #transform(javax.xml.transform.Source, com.sun.org.apache.xml.internal.serializer.SerializationHandler, java.lang.String)#0&quot; }"/>
        </annotation>
    </item>
    <item name='com.sun.org.apache.xalan.internal.xsltc.trax.TransformerImpl.MessageHandler MessageHandler(javax.xml.transform.ErrorListener)'>
        <annotation name='com.intellij.inspections.tainted.annotation.equation.Equations'>
            <val val="{ &quot;errorListener := TransformerImpl&quot;, &quot;MessageHandler := TransformerImpl.MessageHandler&quot; }"/>
        </annotation>
    </item>
    <item name='com.sun.org.apache.xalan.internal.xsltc.trax.Util java.lang.String baseName(java.lang.String)'>
        <annotation name='com.intellij.inspections.tainted.annotation.equation.Equations'>
            <val val="{ &quot;name := TemplatesHandlerImpl&quot; }"/>
        </annotation>
    </item>
    <item name='com.sun.org.apache.xalan.internal.xsltc.trax.Util org.xml.sax.InputSource getInputSource(com.sun.org.apache.xalan.internal.xsltc.compiler.XSLTC, javax.xml.transform.Source)'>
        <annotation name='com.intellij.inspections.tainted.annotation.equation.Equations'>
            <val val="{ &quot;source := TransformerFactoryImpl#newTemplates(javax.xml.transform.Source)#0&quot;, &quot;xsltc := TemplatesHandlerImpl#loadSource(java.lang.String, java.lang.String, com.sun.org.apache.xalan.internal.xsltc.compiler.XSLTC)#2 &amp; TransformerFactoryImpl#loadSource(java.lang.String, java.lang.String, com.sun.org.apache.xalan.internal.xsltc.compiler.XSLTC)#2&quot; }"/>
        </annotation>
    </item>
    <item name='com.sun.org.apache.xalan.internal.xsltc.trax.XSLTCSource'>
        <annotation name='com.intellij.inspections.tainted.annotation.equation.Equations'>
            <val val="{ &quot;XSLTCSource := #setSystemId(java.lang.String)#0&quot; }"/>
        </annotation>
    </item>
    <item name='com.sun.org.apache.xalan.internal.xsltc.trax.XSLTCSource XSLTCSource(java.lang.String)'>
        <annotation name='com.intellij.inspections.tainted.annotation.equation.Equations'>
            <val val="{ &quot;XSLTCSource := XSLTCSource&quot; }"/>
        </annotation>
    </item>
    <item name='com.sun.org.apache.xalan.internal.xsltc.trax.XSLTCSource XSLTCSource(javax.xml.transform.Source)'>
        <annotation name='com.intellij.inspections.tainted.annotation.equation.Equations'>
            <val val="{ &quot;XSLTCSource := XSLTCSource&quot; }"/>
        </annotation>
    </item>
    <item name='com.sun.org.apache.xalan.internal.xsltc.trax.XSLTCSource com.sun.org.apache.xalan.internal.xsltc.DOM getDOM(com.sun.org.apache.xalan.internal.xsltc.dom.XSLTCDTMManager, com.sun.org.apache.xalan.internal.xsltc.runtime.AbstractTranslet)'>
        <annotation name='com.intellij.inspections.tainted.annotation.equation.Equations'>
            <val val="{ &quot;translet := TransformerImpl&quot; }"/>
        </annotation>
    </item>
    <item name='com.sun.org.apache.xalan.internal.xsltc.trax.XSLTCSource java.lang.String getSystemId()'>
        <annotation name='com.intellij.inspections.tainted.annotation.equation.Equations'>
            <val val="{ &quot;getSystemId := XSLTCSource&quot; }"/>
        </annotation>
    </item>
</root>