<root>
    <item name='java.rmi.activation.Activatable Activatable(java.lang.String, java.rmi.MarshalledObject&lt;?&gt;, boolean, int)'>
        <annotation name='com.intellij.inspections.tainted.annotation.equation.Equations'>
            <val val="{ &quot;Activatable := Activatable&quot; }"/>
        </annotation>
    </item>
    <item name='java.rmi.activation.Activatable Activatable(java.lang.String, java.rmi.MarshalledObject&lt;?&gt;, boolean, int, java.rmi.server.RMIClientSocketFactory, java.rmi.server.RMIServerSocketFactory)'>
        <annotation name='com.intellij.inspections.tainted.annotation.equation.Equations'>
            <val val="{ &quot;Activatable := Activatable&quot; }"/>
        </annotation>
    </item>
    <item name='java.rmi.activation.Activatable Activatable(java.rmi.activation.ActivationID, int)'>
        <annotation name='com.intellij.inspections.tainted.annotation.equation.Equations'>
            <val val="{ &quot;Activatable := Activatable&quot; }"/>
        </annotation>
    </item>
    <item name='java.rmi.activation.Activatable Activatable(java.rmi.activation.ActivationID, int, java.rmi.server.RMIClientSocketFactory, java.rmi.server.RMIServerSocketFactory)'>
        <annotation name='com.intellij.inspections.tainted.annotation.equation.Equations'>
            <val val="{ &quot;Activatable := Activatable&quot; }"/>
        </annotation>
    </item>
    <item name='java.rmi.activation.Activatable java.rmi.Remote exportObject(java.rmi.Remote, java.rmi.activation.ActivationID, int)'>
        <annotation name='com.intellij.inspections.tainted.annotation.equation.Equations'>
            <val val="{ &quot;port := #Activatable(java.rmi.activation.ActivationID, int)#1&quot;, &quot;obj := Activatable&quot;, &quot;id := #Activatable(java.rmi.activation.ActivationID, int)#0&quot; }"/>
        </annotation>
    </item>
    <item name='java.rmi.activation.Activatable java.rmi.Remote exportObject(java.rmi.Remote, java.rmi.activation.ActivationID, int, java.rmi.server.RMIClientSocketFactory, java.rmi.server.RMIServerSocketFactory)'>
        <annotation name='com.intellij.inspections.tainted.annotation.equation.Equations'>
            <val val="{ &quot;ssf := #Activatable(java.rmi.activation.ActivationID, int, java.rmi.server.RMIClientSocketFactory, java.rmi.server.RMIServerSocketFactory)#3 &amp; #exportObject(java.rmi.Remote, java.lang.String, java.rmi.MarshalledObject, boolean, int, java.rmi.server.RMIClientSocketFactory, java.rmi.server.RMIServerSocketFactory)#6&quot;, &quot;csf := #Activatable(java.rmi.activation.ActivationID, int, java.rmi.server.RMIClientSocketFactory, java.rmi.server.RMIServerSocketFactory)#2 &amp; #exportObject(java.rmi.Remote, java.lang.String, java.rmi.MarshalledObject, boolean, int, java.rmi.server.RMIClientSocketFactory, java.rmi.server.RMIServerSocketFactory)#5&quot;, &quot;obj := Activatable &amp; #exportObject(java.rmi.Remote, java.lang.String, java.rmi.MarshalledObject, boolean, int, java.rmi.server.RMIClientSocketFactory, java.rmi.server.RMIServerSocketFactory)#0&quot;, &quot;id := #Activatable(java.rmi.activation.ActivationID, int, java.rmi.server.RMIClientSocketFactory, java.rmi.server.RMIServerSocketFactory)#0&quot;, &quot;port := #Activatable(java.rmi.activation.ActivationID, int, java.rmi.server.RMIClientSocketFactory, java.rmi.server.RMIServerSocketFactory)#1 &amp; #exportObject(java.rmi.Remote, java.lang.String, java.rmi.MarshalledObject, boolean, int, java.rmi.server.RMIClientSocketFactory, java.rmi.server.RMIServerSocketFactory)#4&quot; }"/>
        </annotation>
    </item>
    <item name='java.rmi.activation.Activatable java.rmi.Remote exportObject(java.rmi.Remote, sun.rmi.server.ActivatableServerRef)'>
        <annotation name='com.intellij.inspections.tainted.annotation.equation.Equations'>
            <val val="{ &quot;obj := #exportObject(java.rmi.Remote, java.rmi.activation.ActivationID, int)#0 &amp; #exportObject(java.rmi.Remote, java.rmi.activation.ActivationID, int, java.rmi.server.RMIClientSocketFactory, java.rmi.server.RMIServerSocketFactory)#0&quot; }"/>
        </annotation>
    </item>
    <item name='java.rmi.activation.Activatable java.rmi.activation.ActivationID exportObject(java.rmi.Remote, java.lang.String, java.rmi.MarshalledObject&lt;?&gt;, boolean, int)'>
        <annotation name='com.intellij.inspections.tainted.annotation.equation.Equations'>
            <val val="{ &quot;location := #Activatable(java.lang.String, java.rmi.MarshalledObject, boolean, int)#0&quot;, &quot;obj := Activatable&quot;, &quot;port := #Activatable(java.lang.String, java.rmi.MarshalledObject, boolean, int)#3&quot;, &quot;data := #Activatable(java.lang.String, java.rmi.MarshalledObject, boolean, int)#1&quot; }"/>
        </annotation>
    </item>
    <item name='java.rmi.activation.Activatable java.rmi.activation.ActivationID exportObject(java.rmi.Remote, java.lang.String, java.rmi.MarshalledObject&lt;?&gt;, boolean, int, java.rmi.server.RMIClientSocketFactory, java.rmi.server.RMIServerSocketFactory)'>
        <annotation name='com.intellij.inspections.tainted.annotation.equation.Equations'>
            <val val="{ &quot;csf := #Activatable(java.lang.String, java.rmi.MarshalledObject, boolean, int, java.rmi.server.RMIClientSocketFactory, java.rmi.server.RMIServerSocketFactory)#4&quot;, &quot;obj := Activatable &amp; #exportObject(java.rmi.Remote, java.lang.String, java.rmi.MarshalledObject, boolean, int)#0&quot;, &quot;port := #Activatable(java.lang.String, java.rmi.MarshalledObject, boolean, int, java.rmi.server.RMIClientSocketFactory, java.rmi.server.RMIServerSocketFactory)#3 &amp; #exportObject(java.rmi.Remote, java.lang.String, java.rmi.MarshalledObject, boolean, int)#4&quot;, &quot;location := #Activatable(java.lang.String, java.rmi.MarshalledObject, boolean, int, java.rmi.server.RMIClientSocketFactory, java.rmi.server.RMIServerSocketFactory)#0 &amp; #exportObject(java.rmi.Remote, java.lang.String, java.rmi.MarshalledObject, boolean, int)#1&quot;, &quot;ssf := #Activatable(java.lang.String, java.rmi.MarshalledObject, boolean, int, java.rmi.server.RMIClientSocketFactory, java.rmi.server.RMIServerSocketFactory)#5&quot;, &quot;data := #Activatable(java.lang.String, java.rmi.MarshalledObject, boolean, int, java.rmi.server.RMIClientSocketFactory, java.rmi.server.RMIServerSocketFactory)#1 &amp; #exportObject(java.rmi.Remote, java.lang.String, java.rmi.MarshalledObject, boolean, int)#2&quot; }"/>
        </annotation>
    </item>
    <item name='java.rmi.activation.Activatable java.rmi.activation.ActivationID getID()'>
        <annotation name='com.intellij.inspections.tainted.annotation.equation.Equations'>
            <val val="{ &quot;getID := Activatable&quot; }"/>
        </annotation>
    </item>
    <item name='java.rmi.activation.ActivateFailedException ActivateFailedException(java.lang.String)'>
        <annotation name='com.intellij.inspections.tainted.annotation.equation.Equations'>
            <val val="{ &quot;ActivateFailedException := ActivateFailedException&quot; }"/>
        </annotation>
    </item>
    <item name='java.rmi.activation.ActivateFailedException ActivateFailedException(java.lang.String, java.lang.Exception)'>
        <annotation name='com.intellij.inspections.tainted.annotation.equation.Equations'>
            <val val="{ &quot;ActivateFailedException := ActivateFailedException&quot; }"/>
        </annotation>
    </item>
    <item name='java.rmi.activation.ActivationDesc ActivationDesc(java.lang.String, java.lang.String, java.rmi.MarshalledObject&lt;?&gt;)'>
        <annotation name='com.intellij.inspections.tainted.annotation.equation.Equations'>
            <val val="{ &quot;ActivationDesc := ActivationDesc&quot; }"/>
        </annotation>
    </item>
    <item name='java.rmi.activation.ActivationDesc ActivationDesc(java.lang.String, java.lang.String, java.rmi.MarshalledObject&lt;?&gt;, boolean)'>
        <annotation name='com.intellij.inspections.tainted.annotation.equation.Equations'>
            <val val="{ &quot;data := Activatable#exportObject(java.rmi.Remote, java.lang.String, java.rmi.MarshalledObject, boolean, int, java.rmi.server.RMIClientSocketFactory, java.rmi.server.RMIServerSocketFactory)#2&quot;, &quot;location := Activatable#exportObject(java.rmi.Remote, java.lang.String, java.rmi.MarshalledObject, boolean, int, java.rmi.server.RMIClientSocketFactory, java.rmi.server.RMIServerSocketFactory)#1&quot;, &quot;ActivationDesc := ActivationDesc&quot; }"/>
        </annotation>
    </item>
    <item name='java.rmi.activation.ActivationDesc ActivationDesc(java.rmi.activation.ActivationGroupID, java.lang.String, java.lang.String, java.rmi.MarshalledObject&lt;?&gt;)'>
        <annotation name='com.intellij.inspections.tainted.annotation.equation.Equations'>
            <val val="{ &quot;ActivationDesc := ActivationDesc&quot; }"/>
        </annotation>
    </item>
    <item name='java.rmi.activation.ActivationDesc ActivationDesc(java.rmi.activation.ActivationGroupID, java.lang.String, java.lang.String, java.rmi.MarshalledObject&lt;?&gt;, boolean)'>
        <annotation name='com.intellij.inspections.tainted.annotation.equation.Equations'>
            <val val="{ &quot;groupID := #ActivationDesc(java.rmi.activation.ActivationGroupID, java.lang.String, java.lang.String, java.rmi.MarshalledObject)#0&quot;, &quot;data := #ActivationDesc(java.lang.String, java.lang.String, java.rmi.MarshalledObject)#2 &amp; #ActivationDesc(java.lang.String, java.lang.String, java.rmi.MarshalledObject, boolean)#2 &amp; #ActivationDesc(java.rmi.activation.ActivationGroupID, java.lang.String, java.lang.String, java.rmi.MarshalledObject)#3&quot;, &quot;location := #ActivationDesc(java.lang.String, java.lang.String, java.rmi.MarshalledObject)#1 &amp; #ActivationDesc(java.lang.String, java.lang.String, java.rmi.MarshalledObject, boolean)#1 &amp; #ActivationDesc(java.rmi.activation.ActivationGroupID, java.lang.String, java.lang.String, java.rmi.MarshalledObject)#2&quot;, &quot;className := #ActivationDesc(java.lang.String, java.lang.String, java.rmi.MarshalledObject)#0 &amp; #ActivationDesc(java.lang.String, java.lang.String, java.rmi.MarshalledObject, boolean)#0 &amp; #ActivationDesc(java.rmi.activation.ActivationGroupID, java.lang.String, java.lang.String, java.rmi.MarshalledObject)#1&quot;, &quot;ActivationDesc := ActivationDesc&quot; }"/>
        </annotation>
    </item>
    <item name='java.rmi.activation.ActivationDesc java.lang.String getClassName()'>
        <annotation name='com.intellij.inspections.tainted.annotation.equation.Equations'>
            <val val="{ &quot;getClassName := ActivationDesc&quot; }"/>
        </annotation>
    </item>
    <item name='java.rmi.activation.ActivationDesc java.lang.String getLocation()'>
        <annotation name='com.intellij.inspections.tainted.annotation.equation.Equations'>
            <val val="{ &quot;getLocation := ActivationDesc&quot; }"/>
        </annotation>
    </item>
    <item name='java.rmi.activation.ActivationDesc java.rmi.MarshalledObject&lt;?&gt; getData()'>
        <annotation name='com.intellij.inspections.tainted.annotation.equation.Equations'>
            <val val="{ &quot;getData := ActivationDesc&quot; }"/>
        </annotation>
    </item>
    <item name='java.rmi.activation.ActivationDesc java.rmi.activation.ActivationGroupID getGroupID()'>
        <annotation name='com.intellij.inspections.tainted.annotation.equation.Equations'>
            <val val="{ &quot;getGroupID := ActivationDesc&quot; }"/>
        </annotation>
    </item>
    <item name='java.rmi.activation.ActivationException ActivationException()'>
        <annotation name='com.intellij.inspections.tainted.annotation.equation.Equations'>
            <val val="{ &quot;ActivationException := ActivationException&quot; }"/>
        </annotation>
    </item>
    <item name='java.rmi.activation.ActivationException ActivationException(java.lang.String)'>
        <annotation name='com.intellij.inspections.tainted.annotation.equation.Equations'>
            <val val="{ &quot;s := UnknownGroupException#UnknownGroupException(java.lang.String)#0 &amp; UnknownObjectException#UnknownObjectException(java.lang.String)#0&quot;, &quot;ActivationException := ActivationException&quot; }"/>
        </annotation>
    </item>
    <item name='java.rmi.activation.ActivationException ActivationException(java.lang.String, java.lang.Throwable)'>
        <annotation name='com.intellij.inspections.tainted.annotation.equation.Equations'>
            <val val="{ &quot;ActivationException := ActivationException&quot; }"/>
        </annotation>
    </item>
    <item name='java.rmi.activation.ActivationException java.lang.Throwable getCause()'>
        <annotation name='com.intellij.inspections.tainted.annotation.equation.Equations'>
            <val val="{ &quot;getCause := ActivationException&quot; }"/>
        </annotation>
    </item>
    <item name='java.rmi.activation.ActivationGroup'>
        <annotation name='com.intellij.inspections.tainted.annotation.equation.Equations'>
            <val val="{ &quot;ActivationGroup := #setSystem(java.rmi.activation.ActivationSystem)#0&quot; }"/>
        </annotation>
    </item>
    <item name='java.rmi.activation.ActivationGroup ActivationGroup(java.rmi.activation.ActivationGroupID)'>
        <annotation name='com.intellij.inspections.tainted.annotation.equation.Equations'>
            <val val="{ &quot;ActivationGroup := ActivationGroup&quot; }"/>
        </annotation>
    </item>
    <item name='java.rmi.activation.ActivationGroup boolean inactiveObject(java.rmi.activation.ActivationID)'>
        <annotation name='com.intellij.inspections.tainted.annotation.equation.Equations'>
            <val val="{ &quot;id := Activatable#inactive(java.rmi.activation.ActivationID)#0&quot; }"/>
        </annotation>
    </item>
    <item name='java.rmi.activation.ActivationGroup java.rmi.activation.ActivationGroup createGroup(java.rmi.activation.ActivationGroupID, java.rmi.activation.ActivationGroupDesc, long)'>
        <annotation name='com.intellij.inspections.tainted.annotation.equation.Equations'>
            <val val="{ &quot;createGroup := ActivationGroup&quot; }"/>
        </annotation>
    </item>
    <item name='java.rmi.activation.ActivationGroup java.rmi.activation.ActivationGroup currentGroup()'>
        <annotation name='com.intellij.inspections.tainted.annotation.equation.Equations'>
            <val val="{ &quot;currentGroup := ActivationGroup&quot; }"/>
        </annotation>
    </item>
    <item name='java.rmi.activation.ActivationGroup java.rmi.activation.ActivationGroupID currentGroupID()'>
        <annotation name='com.intellij.inspections.tainted.annotation.equation.Equations'>
            <val val="{ &quot;currentGroupID := ActivationGroup&quot; }"/>
        </annotation>
    </item>
    <item name='java.rmi.activation.ActivationGroup java.rmi.activation.ActivationGroupID internalCurrentGroupID()'>
        <annotation name='com.intellij.inspections.tainted.annotation.equation.Equations'>
            <val val="{ &quot;internalCurrentGroupID := ActivationGroup&quot; }"/>
        </annotation>
    </item>
    <item name='java.rmi.activation.ActivationGroup java.rmi.activation.ActivationMonitor getMonitor()'>
        <annotation name='com.intellij.inspections.tainted.annotation.equation.Equations'>
            <val val="{ &quot;getMonitor := ActivationGroup&quot; }"/>
        </annotation>
    </item>
    <item name='java.rmi.activation.ActivationGroup java.rmi.activation.ActivationSystem getSystem()'>
        <annotation name='com.intellij.inspections.tainted.annotation.equation.Equations'>
            <val val="{ &quot;getSystem := ActivationGroup&quot; }"/>
        </annotation>
    </item>
    <item name='java.rmi.activation.ActivationGroup void activeObject(java.rmi.activation.ActivationID, java.rmi.Remote)'>
        <annotation name='com.intellij.inspections.tainted.annotation.equation.Equations'>
            <val val="{ &quot;obj := Activatable#exportObject(java.rmi.Remote, java.lang.String, java.rmi.MarshalledObject, boolean, int, java.rmi.server.RMIClientSocketFactory, java.rmi.server.RMIServerSocketFactory)#0&quot; }"/>
        </annotation>
    </item>
    <item name='java.rmi.activation.ActivationGroupDesc ActivationGroupDesc(java.lang.String, java.lang.String, java.rmi.MarshalledObject&lt;?&gt;, java.util.Properties, java.rmi.activation.ActivationGroupDesc.CommandEnvironment)'>
        <annotation name='com.intellij.inspections.tainted.annotation.equation.Equations'>
            <val val="{ &quot;cmd := #ActivationGroupDesc(java.util.Properties, java.rmi.activation.ActivationGroupDesc.CommandEnvironment)#1&quot;, &quot;ActivationGroupDesc := ActivationGroupDesc&quot;, &quot;overrides := #ActivationGroupDesc(java.util.Properties, java.rmi.activation.ActivationGroupDesc.CommandEnvironment)#0&quot; }"/>
        </annotation>
    </item>
    <item name='java.rmi.activation.ActivationGroupDesc ActivationGroupDesc(java.util.Properties, java.rmi.activation.ActivationGroupDesc.CommandEnvironment)'>
        <annotation name='com.intellij.inspections.tainted.annotation.equation.Equations'>
            <val val="{ &quot;ActivationGroupDesc := ActivationGroupDesc&quot; }"/>
        </annotation>
    </item>
    <item name='java.rmi.activation.ActivationGroupDesc java.lang.String getClassName()'>
        <annotation name='com.intellij.inspections.tainted.annotation.equation.Equations'>
            <val val="{ &quot;getClassName := ActivationGroupDesc&quot; }"/>
        </annotation>
    </item>
    <item name='java.rmi.activation.ActivationGroupDesc java.lang.String getLocation()'>
        <annotation name='com.intellij.inspections.tainted.annotation.equation.Equations'>
            <val val="{ &quot;getLocation := ActivationGroupDesc&quot; }"/>
        </annotation>
    </item>
    <item name='java.rmi.activation.ActivationGroupDesc java.rmi.MarshalledObject&lt;?&gt; getData()'>
        <annotation name='com.intellij.inspections.tainted.annotation.equation.Equations'>
            <val val="{ &quot;getData := ActivationGroupDesc&quot; }"/>
        </annotation>
    </item>
    <item name='java.rmi.activation.ActivationGroupDesc java.rmi.activation.ActivationGroupDesc.CommandEnvironment getCommandEnvironment()'>
        <annotation name='com.intellij.inspections.tainted.annotation.equation.Equations'>
            <val val="{ &quot;getCommandEnvironment := ActivationGroupDesc&quot; }"/>
        </annotation>
    </item>
    <item name='java.rmi.activation.ActivationGroupDesc.CommandEnvironment CommandEnvironment(java.lang.String, java.lang.String[])'>
        <annotation name='com.intellij.inspections.tainted.annotation.equation.Equations'>
            <val val="{ &quot;CommandEnvironment := ActivationGroupDesc.CommandEnvironment&quot; }"/>
        </annotation>
    </item>
    <item name='java.rmi.activation.ActivationGroupDesc.CommandEnvironment java.lang.String getCommandPath()'>
        <annotation name='com.intellij.inspections.tainted.annotation.equation.Equations'>
            <val val="{ &quot;getCommandPath := ActivationGroupDesc.CommandEnvironment&quot; }"/>
        </annotation>
    </item>
    <item name='java.rmi.activation.ActivationGroupDesc.CommandEnvironment java.lang.String[] getCommandOptions()'>
        <annotation name='com.intellij.inspections.tainted.annotation.equation.Equations'>
            <val val="{ &quot;getCommandOptions := ActivationGroupDesc.CommandEnvironment&quot; }"/>
        </annotation>
    </item>
    <item name='java.rmi.activation.ActivationGroupID'>
        <annotation name='com.intellij.inspections.tainted.annotation.equation.Equations'>
            <val val="{ &quot;ActivationGroupID := &quot; }"/>
        </annotation>
    </item>
    <item name='java.rmi.activation.ActivationGroupID ActivationGroupID(java.rmi.activation.ActivationSystem)'>
        <annotation name='com.intellij.inspections.tainted.annotation.equation.Equations'>
            <val val="{ &quot;ActivationGroupID := ActivationGroupID&quot; }"/>
        </annotation>
    </item>
    <item name='java.rmi.activation.ActivationGroupID java.rmi.activation.ActivationSystem getSystem()'>
        <annotation name='com.intellij.inspections.tainted.annotation.equation.Equations'>
            <val val="{ &quot;getSystem := ActivationGroupID&quot; }"/>
        </annotation>
    </item>
    <item name='java.rmi.activation.ActivationID'>
        <annotation name='com.intellij.inspections.tainted.annotation.equation.Equations'>
            <val val="{ &quot;ActivationID := &quot; }"/>
        </annotation>
    </item>
    <item name='java.rmi.activation.ActivationID ActivationID(java.rmi.activation.Activator)'>
        <annotation name='com.intellij.inspections.tainted.annotation.equation.Equations'>
            <val val="{ &quot;ActivationID := ActivationID&quot; }"/>
        </annotation>
    </item>
    <item name='java.rmi.activation.ActivationMonitor void activeObject(java.rmi.activation.ActivationID, java.rmi.MarshalledObject&lt;? extends java.rmi.Remote&gt;)'>
        <annotation name='com.intellij.inspections.tainted.annotation.equation.Equations'>
            <val val="{ &quot;id := ActivationGroup#activeObject(java.rmi.activation.ActivationID, java.rmi.MarshalledObject)#0&quot;, &quot;obj := ActivationGroup#activeObject(java.rmi.activation.ActivationID, java.rmi.MarshalledObject)#1&quot; }"/>
        </annotation>
    </item>
    <item name='java.rmi.activation.ActivationMonitor void inactiveGroup(java.rmi.activation.ActivationGroupID, long)'>
        <annotation name='com.intellij.inspections.tainted.annotation.equation.Equations'>
            <val val="{ &quot;incarnation := ActivationGroup&quot;, &quot;id := ActivationGroup&quot; }"/>
        </annotation>
    </item>
    <item name='java.rmi.activation.ActivationSystem void unregisterObject(java.rmi.activation.ActivationID)'>
        <annotation name='com.intellij.inspections.tainted.annotation.equation.Equations'>
            <val val="{ &quot;id := Activatable#unregister(java.rmi.activation.ActivationID)#0&quot; }"/>
        </annotation>
    </item>
    <item name='java.rmi.activation.UnknownGroupException UnknownGroupException(java.lang.String)'>
        <annotation name='com.intellij.inspections.tainted.annotation.equation.Equations'>
            <val val="{ &quot;UnknownGroupException := UnknownGroupException&quot; }"/>
        </annotation>
    </item>
    <item name='java.rmi.activation.UnknownObjectException UnknownObjectException(java.lang.String)'>
        <annotation name='com.intellij.inspections.tainted.annotation.equation.Equations'>
            <val val="{ &quot;UnknownObjectException := UnknownObjectException&quot; }"/>
        </annotation>
    </item>
</root>