<root>
    <item name='com.sun.org.apache.xml.internal.security.keys.content.x509.XMLX509CRL XMLX509CRL(org.w3c.dom.Document, byte[])'>
        <annotation name='com.intellij.inspections.tainted.annotation.equation.Equations'>
            <val val="{ &quot;crlBytes := com.sun.org.apache.xml.internal.security.keys.content.X509Data#addCRL(byte[])#0&quot;, &quot;XMLX509CRL := XMLX509CRL&quot;, &quot;doc := com.sun.org.apache.xml.internal.security.keys.content.X509Data&quot; }"/>
        </annotation>
    </item>
    <item name='com.sun.org.apache.xml.internal.security.keys.content.x509.XMLX509CRL XMLX509CRL(org.w3c.dom.Element, java.lang.String)'>
        <annotation name='com.intellij.inspections.tainted.annotation.equation.Equations'>
            <val val="{ &quot;BaseURI := com.sun.org.apache.xml.internal.security.keys.content.X509Data&quot;, &quot;XMLX509CRL := XMLX509CRL&quot; }"/>
        </annotation>
    </item>
    <item name='com.sun.org.apache.xml.internal.security.keys.content.x509.XMLX509CRL java.lang.String getBaseLocalName()'>
        <annotation name='com.intellij.inspections.tainted.annotation.equation.Equations'>
            <val val="{ &quot;getBaseLocalName := com.sun.org.apache.xml.internal.security.utils.Constants#_TAG_X509CRL&quot; }"/>
        </annotation>
    </item>
    <item name='com.sun.org.apache.xml.internal.security.keys.content.x509.XMLX509Certificate XMLX509Certificate(org.w3c.dom.Document, byte[])'>
        <annotation name='com.intellij.inspections.tainted.annotation.equation.Equations'>
            <val val="{ &quot;doc := com.sun.org.apache.xml.internal.security.keys.content.X509Data&quot;, &quot;XMLX509Certificate := XMLX509Certificate&quot;, &quot;certificateBytes := com.sun.org.apache.xml.internal.security.keys.content.X509Data#addCertificate(byte[])#0&quot; }"/>
        </annotation>
    </item>
    <item name='com.sun.org.apache.xml.internal.security.keys.content.x509.XMLX509Certificate XMLX509Certificate(org.w3c.dom.Document, java.security.cert.X509Certificate)'>
        <annotation name='com.intellij.inspections.tainted.annotation.equation.Equations'>
            <val val="{ &quot;XMLX509Certificate := XMLX509Certificate&quot;, &quot;doc := com.sun.org.apache.xml.internal.security.keys.content.X509Data&quot;, &quot;x509certificate := com.sun.org.apache.xml.internal.security.keys.content.X509Data#addCertificate(java.security.cert.X509Certificate)#0&quot; }"/>
        </annotation>
    </item>
    <item name='com.sun.org.apache.xml.internal.security.keys.content.x509.XMLX509Certificate XMLX509Certificate(org.w3c.dom.Element, java.lang.String)'>
        <annotation name='com.intellij.inspections.tainted.annotation.equation.Equations'>
            <val val="{ &quot;XMLX509Certificate := XMLX509Certificate&quot;, &quot;element := &quot;, &quot;BaseURI := com.sun.org.apache.xml.internal.security.keys.content.X509Data &amp; com.sun.org.apache.xml.internal.security.keys.keyresolver.implementations.X509CertificateResolver#engineLookupResolveX509Certificate(org.w3c.dom.Element, java.lang.String, com.sun.org.apache.xml.internal.security.keys.storage.StorageResolver)#1 &amp; com.sun.org.apache.xml.internal.security.keys.keyresolver.implementations.X509CertificateResolver#engineLookupResolveX509Certificate(org.w3c.dom.Element, java.lang.String, com.sun.org.apache.xml.internal.security.keys.storage.StorageResolver)#1&quot; }"/>
        </annotation>
    </item>
    <item name='com.sun.org.apache.xml.internal.security.keys.content.x509.XMLX509Certificate java.lang.String getBaseLocalName()'>
        <annotation name='com.intellij.inspections.tainted.annotation.equation.Equations'>
            <val val="{ &quot;getBaseLocalName := com.sun.org.apache.xml.internal.security.utils.Constants#_TAG_X509CERTIFICATE&quot; }"/>
        </annotation>
    </item>
    <item name='com.sun.org.apache.xml.internal.security.keys.content.x509.XMLX509Digest XMLX509Digest(org.w3c.dom.Document, byte[], java.lang.String)'>
        <annotation name='com.intellij.inspections.tainted.annotation.equation.Equations'>
            <val val="{ &quot;digestBytes := com.sun.org.apache.xml.internal.security.keys.content.X509Data#addDigest(byte[], java.lang.String)#0&quot;, &quot;algorithmURI := com.sun.org.apache.xml.internal.security.keys.content.X509Data#addDigest(byte[], java.lang.String)#1&quot;, &quot;doc := com.sun.org.apache.xml.internal.security.keys.content.X509Data&quot;, &quot;XMLX509Digest := XMLX509Digest&quot; }"/>
        </annotation>
    </item>
    <item name='com.sun.org.apache.xml.internal.security.keys.content.x509.XMLX509Digest XMLX509Digest(org.w3c.dom.Document, java.security.cert.X509Certificate, java.lang.String)'>
        <annotation name='com.intellij.inspections.tainted.annotation.equation.Equations'>
            <val val="{ &quot;XMLX509Digest := XMLX509Digest&quot;, &quot;algorithmURI := com.sun.org.apache.xml.internal.security.keys.content.X509Data#addDigest(java.security.cert.X509Certificate, java.lang.String)#1&quot;, &quot;x509certificate := com.sun.org.apache.xml.internal.security.keys.content.X509Data#addDigest(java.security.cert.X509Certificate, java.lang.String)#0&quot;, &quot;doc := com.sun.org.apache.xml.internal.security.keys.content.X509Data&quot; }"/>
        </annotation>
    </item>
    <item name='com.sun.org.apache.xml.internal.security.keys.content.x509.XMLX509Digest XMLX509Digest(org.w3c.dom.Element, java.lang.String)'>
        <annotation name='com.intellij.inspections.tainted.annotation.equation.Equations'>
            <val val="{ &quot;XMLX509Digest := XMLX509Digest&quot;, &quot;BaseURI := com.sun.org.apache.xml.internal.security.keys.content.X509Data &amp; com.sun.org.apache.xml.internal.security.keys.keyresolver.implementations.X509DigestResolver#resolveCertificate(org.w3c.dom.Element, java.lang.String, com.sun.org.apache.xml.internal.security.keys.storage.StorageResolver)#1 &amp; com.sun.org.apache.xml.internal.security.keys.keyresolver.implementations.X509DigestResolver#resolveCertificate(org.w3c.dom.Element, java.lang.String, com.sun.org.apache.xml.internal.security.keys.storage.StorageResolver)#1&quot;, &quot;element := &quot; }"/>
        </annotation>
    </item>
    <item name='com.sun.org.apache.xml.internal.security.keys.content.x509.XMLX509Digest byte[] getDigestBytesFromCert(java.security.cert.X509Certificate, java.lang.String)'>
        <annotation name='com.intellij.inspections.tainted.annotation.equation.Equations'>
            <val val="{ &quot;cert := #XMLX509Digest(org.w3c.dom.Document, java.security.cert.X509Certificate, java.lang.String)#1&quot;, &quot;algorithmURI := #XMLX509Digest(org.w3c.dom.Document, java.security.cert.X509Certificate, java.lang.String)#2&quot; }"/>
        </annotation>
    </item>
    <item name='com.sun.org.apache.xml.internal.security.keys.content.x509.XMLX509Digest java.lang.String getBaseLocalName()'>
        <annotation name='com.intellij.inspections.tainted.annotation.equation.Equations'>
            <val val="{ &quot;getBaseLocalName := com.sun.org.apache.xml.internal.security.utils.Constants#_TAG_X509DIGEST&quot; }"/>
        </annotation>
    </item>
    <item name='com.sun.org.apache.xml.internal.security.keys.content.x509.XMLX509IssuerSerial'>
        <annotation name='com.intellij.inspections.tainted.annotation.equation.Equations'>
            <val val="{ &quot;XMLX509IssuerSerial := &quot; }"/>
        </annotation>
    </item>
    <item name='com.sun.org.apache.xml.internal.security.keys.content.x509.XMLX509IssuerSerial XMLX509IssuerSerial(org.w3c.dom.Document, java.lang.String, int)'>
        <annotation name='com.intellij.inspections.tainted.annotation.equation.Equations'>
            <val val="{ &quot;x509IssuerName := com.sun.org.apache.xml.internal.security.keys.content.X509Data#addIssuerSerial(java.lang.String, int)#0&quot;, &quot;x509SerialNumber := com.sun.org.apache.xml.internal.security.keys.content.X509Data#addIssuerSerial(java.lang.String, int)#1&quot;, &quot;XMLX509IssuerSerial := XMLX509IssuerSerial&quot;, &quot;doc := com.sun.org.apache.xml.internal.security.keys.content.X509Data&quot; }"/>
        </annotation>
    </item>
    <item name='com.sun.org.apache.xml.internal.security.keys.content.x509.XMLX509IssuerSerial XMLX509IssuerSerial(org.w3c.dom.Document, java.lang.String, java.lang.String)'>
        <annotation name='com.intellij.inspections.tainted.annotation.equation.Equations'>
            <val val="{ &quot;x509SerialNumber := com.sun.org.apache.xml.internal.security.keys.content.X509Data#addIssuerSerial(java.lang.String, java.lang.String)#1&quot;, &quot;x509IssuerName := com.sun.org.apache.xml.internal.security.keys.content.X509Data#addIssuerSerial(java.lang.String, java.lang.String)#0&quot;, &quot;XMLX509IssuerSerial := XMLX509IssuerSerial&quot;, &quot;doc := com.sun.org.apache.xml.internal.security.keys.content.X509Data&quot; }"/>
        </annotation>
    </item>
    <item name='com.sun.org.apache.xml.internal.security.keys.content.x509.XMLX509IssuerSerial XMLX509IssuerSerial(org.w3c.dom.Document, java.lang.String, java.math.BigInteger)'>
        <annotation name='com.intellij.inspections.tainted.annotation.equation.Equations'>
            <val val="{ &quot;doc := #XMLX509IssuerSerial(org.w3c.dom.Document, java.lang.String, java.lang.String)#0 &amp; #XMLX509IssuerSerial(org.w3c.dom.Document, java.lang.String, int)#0 &amp; #XMLX509IssuerSerial(org.w3c.dom.Document, java.security.cert.X509Certificate)#0 &amp; com.sun.org.apache.xml.internal.security.keys.content.X509Data&quot;, &quot;x509IssuerName := #XMLX509IssuerSerial(org.w3c.dom.Document, java.lang.String, java.lang.String)#1 &amp; #XMLX509IssuerSerial(org.w3c.dom.Document, java.lang.String, int)#1 &amp; com.sun.org.apache.xml.internal.security.keys.content.X509Data#addIssuerSerial(java.lang.String, java.math.BigInteger)#0&quot;, &quot;XMLX509IssuerSerial := XMLX509IssuerSerial&quot;, &quot;x509SerialNumber := com.sun.org.apache.xml.internal.security.keys.content.X509Data#addIssuerSerial(java.lang.String, java.math.BigInteger)#1&quot; }"/>
        </annotation>
    </item>
    <item name='com.sun.org.apache.xml.internal.security.keys.content.x509.XMLX509IssuerSerial XMLX509IssuerSerial(org.w3c.dom.Document, java.security.cert.X509Certificate)'>
        <annotation name='com.intellij.inspections.tainted.annotation.equation.Equations'>
            <val val="{ &quot;XMLX509IssuerSerial := XMLX509IssuerSerial&quot;, &quot;x509certificate := &quot;, &quot;doc := &quot; }"/>
        </annotation>
    </item>
    <item name='com.sun.org.apache.xml.internal.security.keys.content.x509.XMLX509IssuerSerial XMLX509IssuerSerial(org.w3c.dom.Element, java.lang.String)'>
        <annotation name='com.intellij.inspections.tainted.annotation.equation.Equations'>
            <val val="{ &quot;XMLX509IssuerSerial := XMLX509IssuerSerial&quot;, &quot;baseURI := com.sun.org.apache.xml.internal.security.keys.content.X509Data&quot; }"/>
        </annotation>
    </item>
    <item name='com.sun.org.apache.xml.internal.security.keys.content.x509.XMLX509IssuerSerial boolean equals(java.lang.Object)'>
        <annotation name='com.intellij.inspections.tainted.annotation.equation.Equations'>
            <val val="{ &quot;obj := com.sun.org.apache.xml.internal.security.keys.keyresolver.implementations.PrivateKeyResolver#resolveX509IssuerSerial(com.sun.org.apache.xml.internal.security.keys.content.x509.XMLX509IssuerSerial)#0&quot; }"/>
        </annotation>
    </item>
    <item name='com.sun.org.apache.xml.internal.security.keys.content.x509.XMLX509IssuerSerial java.lang.String getBaseLocalName()'>
        <annotation name='com.intellij.inspections.tainted.annotation.equation.Equations'>
            <val val="{ &quot;getBaseLocalName := com.sun.org.apache.xml.internal.security.utils.Constants#_TAG_X509ISSUERSERIAL&quot; }"/>
        </annotation>
    </item>
    <item name='com.sun.org.apache.xml.internal.security.keys.content.x509.XMLX509SKI'>
        <annotation name='com.intellij.inspections.tainted.annotation.equation.Equations'>
            <val val="{ &quot;XMLX509SKI := &quot; }"/>
        </annotation>
    </item>
    <item name='com.sun.org.apache.xml.internal.security.keys.content.x509.XMLX509SKI XMLX509SKI(org.w3c.dom.Document, byte[])'>
        <annotation name='com.intellij.inspections.tainted.annotation.equation.Equations'>
            <val val="{ &quot;XMLX509SKI := XMLX509SKI&quot;, &quot;doc := com.sun.org.apache.xml.internal.security.keys.content.X509Data&quot;, &quot;skiBytes := com.sun.org.apache.xml.internal.security.keys.content.X509Data#addSKI(byte[])#0&quot; }"/>
        </annotation>
    </item>
    <item name='com.sun.org.apache.xml.internal.security.keys.content.x509.XMLX509SKI XMLX509SKI(org.w3c.dom.Document, java.security.cert.X509Certificate)'>
        <annotation name='com.intellij.inspections.tainted.annotation.equation.Equations'>
            <val val="{ &quot;x509certificate := com.sun.org.apache.xml.internal.security.keys.content.X509Data#addSKI(java.security.cert.X509Certificate)#0&quot;, &quot;doc := com.sun.org.apache.xml.internal.security.keys.content.X509Data&quot;, &quot;XMLX509SKI := XMLX509SKI&quot; }"/>
        </annotation>
    </item>
    <item name='com.sun.org.apache.xml.internal.security.keys.content.x509.XMLX509SKI XMLX509SKI(org.w3c.dom.Element, java.lang.String)'>
        <annotation name='com.intellij.inspections.tainted.annotation.equation.Equations'>
            <val val="{ &quot;BaseURI := com.sun.org.apache.xml.internal.security.keys.content.X509Data &amp; com.sun.org.apache.xml.internal.security.keys.keyresolver.implementations.X509SKIResolver#engineLookupResolveX509Certificate(org.w3c.dom.Element, java.lang.String, com.sun.org.apache.xml.internal.security.keys.storage.StorageResolver)#1 &amp; com.sun.org.apache.xml.internal.security.keys.keyresolver.implementations.X509SKIResolver#engineLookupResolveX509Certificate(org.w3c.dom.Element, java.lang.String, com.sun.org.apache.xml.internal.security.keys.storage.StorageResolver)#1&quot;, &quot;element := &quot;, &quot;XMLX509SKI := XMLX509SKI&quot; }"/>
        </annotation>
    </item>
    <item name='com.sun.org.apache.xml.internal.security.keys.content.x509.XMLX509SKI boolean equals(java.lang.Object)'>
        <annotation name='com.intellij.inspections.tainted.annotation.equation.Equations'>
            <val val="{ &quot;obj := com.sun.org.apache.xml.internal.security.keys.keyresolver.implementations.PrivateKeyResolver#resolveX509SKI(com.sun.org.apache.xml.internal.security.keys.content.x509.XMLX509SKI)#0&quot; }"/>
        </annotation>
    </item>
    <item name='com.sun.org.apache.xml.internal.security.keys.content.x509.XMLX509SKI byte[] getSKIBytesFromCert(java.security.cert.X509Certificate)'>
        <annotation name='com.intellij.inspections.tainted.annotation.equation.Equations'>
            <val val="{ &quot;cert := #XMLX509SKI(org.w3c.dom.Document, java.security.cert.X509Certificate)#1&quot; }"/>
        </annotation>
    </item>
    <item name='com.sun.org.apache.xml.internal.security.keys.content.x509.XMLX509SKI java.lang.String getBaseLocalName()'>
        <annotation name='com.intellij.inspections.tainted.annotation.equation.Equations'>
            <val val="{ &quot;getBaseLocalName := com.sun.org.apache.xml.internal.security.utils.Constants#_TAG_X509SKI&quot; }"/>
        </annotation>
    </item>
    <item name='com.sun.org.apache.xml.internal.security.keys.content.x509.XMLX509SubjectName XMLX509SubjectName(org.w3c.dom.Document, java.lang.String)'>
        <annotation name='com.intellij.inspections.tainted.annotation.equation.Equations'>
            <val val="{ &quot;X509SubjectNameString := com.sun.org.apache.xml.internal.security.keys.content.X509Data#addSubjectName(java.lang.String)#0&quot;, &quot;doc := com.sun.org.apache.xml.internal.security.keys.content.X509Data &amp; #XMLX509SubjectName(org.w3c.dom.Document, java.security.cert.X509Certificate)#0&quot;, &quot;XMLX509SubjectName := XMLX509SubjectName&quot; }"/>
        </annotation>
    </item>
    <item name='com.sun.org.apache.xml.internal.security.keys.content.x509.XMLX509SubjectName XMLX509SubjectName(org.w3c.dom.Document, java.security.cert.X509Certificate)'>
        <annotation name='com.intellij.inspections.tainted.annotation.equation.Equations'>
            <val val="{ &quot;XMLX509SubjectName := XMLX509SubjectName&quot;, &quot;doc := com.sun.org.apache.xml.internal.security.keys.content.X509Data&quot;, &quot;x509certificate := com.sun.org.apache.xml.internal.security.keys.content.X509Data#addSubjectName(java.security.cert.X509Certificate)#0&quot; }"/>
        </annotation>
    </item>
    <item name='com.sun.org.apache.xml.internal.security.keys.content.x509.XMLX509SubjectName XMLX509SubjectName(org.w3c.dom.Element, java.lang.String)'>
        <annotation name='com.intellij.inspections.tainted.annotation.equation.Equations'>
            <val val="{ &quot;BaseURI := com.sun.org.apache.xml.internal.security.keys.content.X509Data &amp; com.sun.org.apache.xml.internal.security.keys.keyresolver.implementations.X509SubjectNameResolver#engineLookupResolveX509Certificate(org.w3c.dom.Element, java.lang.String, com.sun.org.apache.xml.internal.security.keys.storage.StorageResolver)#1 &amp; com.sun.org.apache.xml.internal.security.keys.keyresolver.implementations.X509SubjectNameResolver#engineLookupResolveX509Certificate(org.w3c.dom.Element, java.lang.String, com.sun.org.apache.xml.internal.security.keys.storage.StorageResolver)#1&quot;, &quot;element := &quot;, &quot;XMLX509SubjectName := XMLX509SubjectName&quot; }"/>
        </annotation>
    </item>
    <item name='com.sun.org.apache.xml.internal.security.keys.content.x509.XMLX509SubjectName boolean equals(java.lang.Object)'>
        <annotation name='com.intellij.inspections.tainted.annotation.equation.Equations'>
            <val val="{ &quot;obj := com.sun.org.apache.xml.internal.security.keys.keyresolver.implementations.PrivateKeyResolver#resolveX509SubjectName(com.sun.org.apache.xml.internal.security.keys.content.x509.XMLX509SubjectName)#0&quot; }"/>
        </annotation>
    </item>
    <item name='com.sun.org.apache.xml.internal.security.keys.content.x509.XMLX509SubjectName java.lang.String getBaseLocalName()'>
        <annotation name='com.intellij.inspections.tainted.annotation.equation.Equations'>
            <val val="{ &quot;getBaseLocalName := com.sun.org.apache.xml.internal.security.utils.Constants#_TAG_X509SUBJECTNAME&quot; }"/>
        </annotation>
    </item>
</root>