<root>
    <item name='org.omg.CosNaming.Binding Binding(org.omg.CosNaming.NameComponent[], org.omg.CosNaming.BindingType)'>
        <annotation name='com.intellij.inspections.tainted.annotation.equation.Equations'>
            <val val="{ &quot;_binding_name := com.sun.corba.se.impl.naming.cosnaming.TransientNamingContext#Bind(org.omg.CosNaming.NameComponent, org.omg.CORBA.Object, org.omg.CosNaming.BindingType)#0&quot;, &quot;Binding := Binding&quot;, &quot;_binding_type := com.sun.corba.se.impl.naming.cosnaming.TransientNamingContext#Bind(org.omg.CosNaming.NameComponent, org.omg.CORBA.Object, org.omg.CosNaming.BindingType)#2&quot; }"/>
        </annotation>
    </item>
    <item name='org.omg.CosNaming.BindingHelper java.lang.String id()'>
        <annotation name='com.intellij.inspections.tainted.annotation.equation.Equations'>
            <val val="{ &quot;id := BindingHelper&quot; }"/>
        </annotation>
    </item>
    <item name='org.omg.CosNaming.BindingHelper org.omg.CORBA.TypeCode type()'>
        <annotation name='com.intellij.inspections.tainted.annotation.equation.Equations'>
            <val val="{ &quot;type := BindingHelper&quot; }"/>
        </annotation>
    </item>
    <item name='org.omg.CosNaming.BindingHelper org.omg.CosNaming.Binding read(org.omg.CORBA.portable.InputStream)'>
        <annotation name='com.intellij.inspections.tainted.annotation.equation.Equations'>
            <val val="{ &quot;istream := BindingHolder#_read(org.omg.CORBA.portable.InputStream)#0 &amp; BindingListHelper#read(org.omg.CORBA.portable.InputStream)#0&quot; }"/>
        </annotation>
    </item>
    <item name='org.omg.CosNaming.BindingHelper void write(org.omg.CORBA.portable.OutputStream, org.omg.CosNaming.Binding)'>
        <annotation name='com.intellij.inspections.tainted.annotation.equation.Equations'>
            <val val="{ &quot;value := #insert(org.omg.CORBA.Any, org.omg.CosNaming.Binding)#1 &amp; BindingHolder &amp; BindingListHelper#write(org.omg.CORBA.portable.OutputStream, org.omg.CosNaming.Binding[])#1&quot;, &quot;ostream := BindingHolder#_write(org.omg.CORBA.portable.OutputStream)#0 &amp; BindingListHelper#write(org.omg.CORBA.portable.OutputStream, org.omg.CosNaming.Binding[])#0&quot; }"/>
        </annotation>
    </item>
    <item name='org.omg.CosNaming.BindingHolder'>
        <annotation name='com.intellij.inspections.tainted.annotation.equation.Equations'>
            <val val="{ &quot;BindingHolder := &quot; }"/>
        </annotation>
    </item>
    <item name='org.omg.CosNaming.BindingHolder BindingHolder()'>
        <annotation name='com.intellij.inspections.tainted.annotation.equation.Equations'>
            <val val="{ &quot;BindingHolder := BindingHolder&quot; }"/>
        </annotation>
    </item>
    <item name='org.omg.CosNaming.BindingHolder BindingHolder(org.omg.CosNaming.Binding)'>
        <annotation name='com.intellij.inspections.tainted.annotation.equation.Equations'>
            <val val="{ &quot;BindingHolder := BindingHolder&quot; }"/>
        </annotation>
    </item>
    <item name='org.omg.CosNaming.BindingIteratorHelper org.omg.CosNaming.BindingIterator narrow(org.omg.CORBA.Object)'>
        <annotation name='com.intellij.inspections.tainted.annotation.equation.Equations'>
            <val val="{ &quot;obj := &quot;, &quot;narrow := obj&quot; }"/>
        </annotation>
    </item>
    <item name='org.omg.CosNaming.BindingIteratorOperations boolean next_n(int, org.omg.CosNaming.BindingListHolder)'>
        <annotation name='com.intellij.inspections.tainted.annotation.equation.Equations'>
            <val val="{ &quot;bl := com.sun.corba.se.impl.naming.cosnaming.BindingIteratorImpl#next_n(int, org.omg.CosNaming.BindingListHolder)#1 &amp; _BindingIteratorStub#next_n(int, org.omg.CosNaming.BindingListHolder)#1&quot;, &quot;how_many := com.sun.corba.se.impl.naming.cosnaming.BindingIteratorImpl#next_n(int, org.omg.CosNaming.BindingListHolder)#0 &amp; _BindingIteratorStub#next_n(int, org.omg.CosNaming.BindingListHolder)#0&quot; }"/>
        </annotation>
    </item>
    <item name='org.omg.CosNaming.BindingIteratorOperations boolean next_one(org.omg.CosNaming.BindingHolder)'>
        <annotation name='com.intellij.inspections.tainted.annotation.equation.Equations'>
            <val val="{ &quot;b := com.sun.corba.se.impl.naming.cosnaming.BindingIteratorImpl#next_one(org.omg.CosNaming.BindingHolder)#0 &amp; _BindingIteratorStub#next_one(org.omg.CosNaming.BindingHolder)#0&quot; }"/>
        </annotation>
    </item>
    <item name='org.omg.CosNaming.BindingIteratorPOA'>
        <annotation name='com.intellij.inspections.tainted.annotation.equation.Equations'>
            <val val="{ &quot;BindingIteratorPOA := &quot; }"/>
        </annotation>
    </item>
    <item name='org.omg.CosNaming.BindingIteratorPOA java.lang.String[] _all_interfaces(org.omg.PortableServer.POA, byte[])'>
        <annotation name='com.intellij.inspections.tainted.annotation.equation.Equations'>
            <val val="{ &quot;_all_interfaces := BindingIteratorPOA&quot; }"/>
        </annotation>
    </item>
    <item name='org.omg.CosNaming.BindingListHelper java.lang.String id()'>
        <annotation name='com.intellij.inspections.tainted.annotation.equation.Equations'>
            <val val="{ &quot;id := BindingListHelper&quot; }"/>
        </annotation>
    </item>
    <item name='org.omg.CosNaming.BindingListHelper org.omg.CORBA.TypeCode type()'>
        <annotation name='com.intellij.inspections.tainted.annotation.equation.Equations'>
            <val val="{ &quot;type := BindingListHelper&quot; }"/>
        </annotation>
    </item>
    <item name='org.omg.CosNaming.BindingListHelper org.omg.CosNaming.Binding[] read(org.omg.CORBA.portable.InputStream)'>
        <annotation name='com.intellij.inspections.tainted.annotation.equation.Equations'>
            <val val="{ &quot;istream := BindingListHolder#_read(org.omg.CORBA.portable.InputStream)#0&quot; }"/>
        </annotation>
    </item>
    <item name='org.omg.CosNaming.BindingListHelper void write(org.omg.CORBA.portable.OutputStream, org.omg.CosNaming.Binding[])'>
        <annotation name='com.intellij.inspections.tainted.annotation.equation.Equations'>
            <val val="{ &quot;value := BindingListHolder &amp; #insert(org.omg.CORBA.Any, org.omg.CosNaming.Binding[])#1&quot;, &quot;ostream := BindingListHolder#_write(org.omg.CORBA.portable.OutputStream)#0&quot; }"/>
        </annotation>
    </item>
    <item name='org.omg.CosNaming.BindingListHolder'>
        <annotation name='com.intellij.inspections.tainted.annotation.equation.Equations'>
            <val val="{ &quot;BindingListHolder := &quot; }"/>
        </annotation>
    </item>
    <item name='org.omg.CosNaming.BindingListHolder BindingListHolder()'>
        <annotation name='com.intellij.inspections.tainted.annotation.equation.Equations'>
            <val val="{ &quot;BindingListHolder := BindingListHolder&quot; }"/>
        </annotation>
    </item>
    <item name='org.omg.CosNaming.BindingListHolder BindingListHolder(org.omg.CosNaming.Binding[])'>
        <annotation name='com.intellij.inspections.tainted.annotation.equation.Equations'>
            <val val="{ &quot;BindingListHolder := BindingListHolder&quot; }"/>
        </annotation>
    </item>
    <item name='org.omg.CosNaming.BindingType BindingType(int)'>
        <annotation name='com.intellij.inspections.tainted.annotation.equation.Equations'>
            <val val="{ &quot;value := #_nobject &amp; #_ncontext&quot;, &quot;BindingType := BindingType&quot; }"/>
        </annotation>
    </item>
    <item name='org.omg.CosNaming.BindingType int value()'>
        <annotation name='com.intellij.inspections.tainted.annotation.equation.Equations'>
            <val val="{ &quot;value := BindingType&quot; }"/>
        </annotation>
    </item>
    <item name='org.omg.CosNaming.BindingType org.omg.CosNaming.BindingType from_int(int)'>
        <annotation name='com.intellij.inspections.tainted.annotation.equation.Equations'>
            <val val="{ &quot;from_int := BindingType&quot; }"/>
        </annotation>
    </item>
    <item name='org.omg.CosNaming.NameComponent NameComponent(java.lang.String, java.lang.String)'>
        <annotation name='com.intellij.inspections.tainted.annotation.equation.Equations'>
            <val val="{ &quot;NameComponent := NameComponent&quot;, &quot;_id := com.sun.corba.se.impl.naming.cosnaming.InterOperableNamingImpl#createNameComponentFromString(java.lang.String)#0&quot; }"/>
        </annotation>
    </item>
    <item name='org.omg.CosNaming.NameHelper java.lang.String id()'>
        <annotation name='com.intellij.inspections.tainted.annotation.equation.Equations'>
            <val val="{ &quot;id := NameHelper&quot; }"/>
        </annotation>
    </item>
    <item name='org.omg.CosNaming.NameHelper org.omg.CORBA.TypeCode type()'>
        <annotation name='com.intellij.inspections.tainted.annotation.equation.Equations'>
            <val val="{ &quot;type := NameHelper&quot; }"/>
        </annotation>
    </item>
    <item name='org.omg.CosNaming.NameHelper org.omg.CosNaming.NameComponent[] read(org.omg.CORBA.portable.InputStream)'>
        <annotation name='com.intellij.inspections.tainted.annotation.equation.Equations'>
            <val val="{ &quot;istream := NameHolder#_read(org.omg.CORBA.portable.InputStream)#0 &amp; NamingContextPOA#_invoke(java.lang.String, org.omg.CORBA.portable.InputStream, org.omg.CORBA.portable.ResponseHandler)#1 &amp; NamingContextExtPOA#_invoke(java.lang.String, org.omg.CORBA.portable.InputStream, org.omg.CORBA.portable.ResponseHandler)#1&quot; }"/>
        </annotation>
    </item>
    <item name='org.omg.CosNaming.NameHelper void write(org.omg.CORBA.portable.OutputStream, org.omg.CosNaming.NameComponent[])'>
        <annotation name='com.intellij.inspections.tainted.annotation.equation.Equations'>
            <val val="{ &quot;ostream := NameHolder#_write(org.omg.CORBA.portable.OutputStream)#0 &amp; BindingHelper#write(org.omg.CORBA.portable.OutputStream, org.omg.CosNaming.Binding)#0 &amp; org.omg.CosNaming.NamingContextPackage.NotFoundHelper#write(org.omg.CORBA.portable.OutputStream, org.omg.CosNaming.NamingContextPackage.NotFound)#0 &amp; org.omg.CosNaming.NamingContextPackage.CannotProceedHelper#write(org.omg.CORBA.portable.OutputStream, org.omg.CosNaming.NamingContextPackage.CannotProceed)#0&quot;, &quot;value := _NamingContextStub#rebind(org.omg.CosNaming.NameComponent[], org.omg.CORBA.Object)#0 &amp; _NamingContextStub#bind_context(org.omg.CosNaming.NameComponent[], org.omg.CosNaming.NamingContext)#0 &amp; _NamingContextExtStub#rebind(org.omg.CosNaming.NameComponent[], org.omg.CORBA.Object)#0 &amp; _NamingContextExtStub#bind_context(org.omg.CosNaming.NameComponent[], org.omg.CosNaming.NamingContext)#0 &amp; #insert(org.omg.CORBA.Any, org.omg.CosNaming.NameComponent[])#1 &amp; _NamingContextStub#bind(org.omg.CosNaming.NameComponent[], org.omg.CORBA.Object)#0 &amp; _NamingContextExtStub#bind(org.omg.CosNaming.NameComponent[], org.omg.CORBA.Object)#0 &amp; NameHolder &amp; _NamingContextStub#rebind_context(org.omg.CosNaming.NameComponent[], org.omg.CosNaming.NamingContext)#0 &amp; _NamingContextStub#resolve(org.omg.CosNaming.NameComponent[])#0 &amp; _NamingContextStub#unbind(org.omg.CosNaming.NameComponent[])#0 &amp; _NamingContextStub#bind_new_context(org.omg.CosNaming.NameComponent[])#0 &amp; _NamingContextExtStub#to_string(org.omg.CosNaming.NameComponent[])#0 &amp; _NamingContextExtStub#rebind_context(org.omg.CosNaming.NameComponent[], org.omg.CosNaming.NamingContext)#0 &amp; _NamingContextExtStub#resolve(org.omg.CosNaming.NameComponent[])#0 &amp; _NamingContextExtStub#unbind(org.omg.CosNaming.NameComponent[])#0 &amp; _NamingContextExtStub#bind_new_context(org.omg.CosNaming.NameComponent[])#0&quot; }"/>
        </annotation>
    </item>
    <item name='org.omg.CosNaming.NameHolder'>
        <annotation name='com.intellij.inspections.tainted.annotation.equation.Equations'>
            <val val="{ &quot;NameHolder := &quot; }"/>
        </annotation>
    </item>
    <item name='org.omg.CosNaming.NameHolder NameHolder()'>
        <annotation name='com.intellij.inspections.tainted.annotation.equation.Equations'>
            <val val="{ &quot;NameHolder := NameHolder&quot; }"/>
        </annotation>
    </item>
    <item name='org.omg.CosNaming.NameHolder NameHolder(org.omg.CosNaming.NameComponent[])'>
        <annotation name='com.intellij.inspections.tainted.annotation.equation.Equations'>
            <val val="{ &quot;NameHolder := NameHolder&quot; }"/>
        </annotation>
    </item>
    <item name='org.omg.CosNaming.NamingContextExtOperations java.lang.String to_string(org.omg.CosNaming.NameComponent[])'>
        <annotation name='com.intellij.inspections.tainted.annotation.equation.Equations'>
            <val val="{ &quot;to_string := com.sun.corba.se.impl.naming.cosnaming.NamingContextImpl#to_string(org.omg.CosNaming.NameComponent[]) &amp; com.sun.corba.se.impl.naming.pcosnaming.NamingContextImpl#to_string(org.omg.CosNaming.NameComponent[]) &amp; _NamingContextExtStub#to_string(org.omg.CosNaming.NameComponent[])&quot;, &quot;n := com.sun.corba.se.impl.naming.cosnaming.NamingContextImpl#to_string(org.omg.CosNaming.NameComponent[])#0 &amp; com.sun.corba.se.impl.naming.pcosnaming.NamingContextImpl#to_string(org.omg.CosNaming.NameComponent[])#0 &amp; _NamingContextExtStub#to_string(org.omg.CosNaming.NameComponent[])#0&quot; }"/>
        </annotation>
    </item>
    <item name='org.omg.CosNaming.NamingContextExtOperations java.lang.String to_url(java.lang.String, java.lang.String)'>
        <annotation name='com.intellij.inspections.tainted.annotation.equation.Equations'>
            <val val="{ &quot;addr := com.sun.corba.se.impl.naming.cosnaming.NamingContextImpl#to_url(java.lang.String, java.lang.String)#0 &amp; com.sun.corba.se.impl.naming.pcosnaming.NamingContextImpl#to_url(java.lang.String, java.lang.String)#0 &amp; _NamingContextExtStub#to_url(java.lang.String, java.lang.String)#0&quot;, &quot;sn := com.sun.corba.se.impl.naming.cosnaming.NamingContextImpl#to_url(java.lang.String, java.lang.String)#1 &amp; com.sun.corba.se.impl.naming.pcosnaming.NamingContextImpl#to_url(java.lang.String, java.lang.String)#1 &amp; _NamingContextExtStub#to_url(java.lang.String, java.lang.String)#1&quot;, &quot;to_url := com.sun.corba.se.impl.naming.cosnaming.NamingContextImpl#to_url(java.lang.String, java.lang.String) &amp; com.sun.corba.se.impl.naming.pcosnaming.NamingContextImpl#to_url(java.lang.String, java.lang.String) &amp; _NamingContextExtStub#to_url(java.lang.String, java.lang.String)&quot; }"/>
        </annotation>
    </item>
    <item name='org.omg.CosNaming.NamingContextExtOperations org.omg.CORBA.Object resolve_str(java.lang.String)'>
        <annotation name='com.intellij.inspections.tainted.annotation.equation.Equations'>
            <val val="{ &quot;sn := com.sun.corba.se.impl.naming.cosnaming.NamingContextImpl#resolve_str(java.lang.String)#0 &amp; com.sun.corba.se.impl.naming.pcosnaming.NamingContextImpl#resolve_str(java.lang.String)#0 &amp; _NamingContextExtStub#resolve_str(java.lang.String)#0&quot;, &quot;resolve_str := com.sun.corba.se.impl.naming.cosnaming.NamingContextImpl#resolve_str(java.lang.String) &amp; com.sun.corba.se.impl.naming.pcosnaming.NamingContextImpl#resolve_str(java.lang.String) &amp; _NamingContextExtStub#resolve_str(java.lang.String)&quot; }"/>
        </annotation>
    </item>
    <item name='org.omg.CosNaming.NamingContextExtOperations org.omg.CosNaming.NameComponent[] to_name(java.lang.String)'>
        <annotation name='com.intellij.inspections.tainted.annotation.equation.Equations'>
            <val val="{ &quot;to_name := com.sun.corba.se.impl.naming.cosnaming.NamingContextImpl#to_name(java.lang.String) &amp; com.sun.corba.se.impl.naming.pcosnaming.NamingContextImpl#to_name(java.lang.String) &amp; _NamingContextExtStub#to_name(java.lang.String)&quot;, &quot;sn := com.sun.corba.se.impl.naming.cosnaming.NamingContextImpl#to_name(java.lang.String)#0 &amp; com.sun.corba.se.impl.naming.pcosnaming.NamingContextImpl#to_name(java.lang.String)#0 &amp; _NamingContextExtStub#to_name(java.lang.String)#0&quot; }"/>
        </annotation>
    </item>
    <item name='org.omg.CosNaming.NamingContextExtPOA'>
        <annotation name='com.intellij.inspections.tainted.annotation.equation.Equations'>
            <val val="{ &quot;NamingContextExtPOA := &quot; }"/>
        </annotation>
    </item>
    <item name='org.omg.CosNaming.NamingContextExtPOA java.lang.String[] _all_interfaces(org.omg.PortableServer.POA, byte[])'>
        <annotation name='com.intellij.inspections.tainted.annotation.equation.Equations'>
            <val val="{ &quot;_all_interfaces := NamingContextExtPOA&quot; }"/>
        </annotation>
    </item>
    <item name='org.omg.CosNaming.NamingContextHelper java.lang.String id()'>
        <annotation name='com.intellij.inspections.tainted.annotation.equation.Equations'>
            <val val="{ &quot;id := NamingContextHelper&quot; }"/>
        </annotation>
    </item>
    <item name='org.omg.CosNaming.NamingContextHelper org.omg.CORBA.TypeCode type()'>
        <annotation name='com.intellij.inspections.tainted.annotation.equation.Equations'>
            <val val="{ &quot;type := NamingContextHelper&quot; }"/>
        </annotation>
    </item>
    <item name='org.omg.CosNaming.NamingContextHelper org.omg.CosNaming.NamingContext narrow(org.omg.CORBA.Object)'>
        <annotation name='com.intellij.inspections.tainted.annotation.equation.Equations'>
            <val val="{ &quot;narrow := obj&quot; }"/>
        </annotation>
    </item>
    <item name='org.omg.CosNaming.NamingContextHelper org.omg.CosNaming.NamingContext read(org.omg.CORBA.portable.InputStream)'>
        <annotation name='com.intellij.inspections.tainted.annotation.equation.Equations'>
            <val val="{ &quot;istream := NamingContextPOA#_invoke(java.lang.String, org.omg.CORBA.portable.InputStream, org.omg.CORBA.portable.ResponseHandler)#1 &amp; NamingContextHolder#_read(org.omg.CORBA.portable.InputStream)#0 &amp; NamingContextExtPOA#_invoke(java.lang.String, org.omg.CORBA.portable.InputStream, org.omg.CORBA.portable.ResponseHandler)#1&quot; }"/>
        </annotation>
    </item>
    <item name='org.omg.CosNaming.NamingContextHelper org.omg.CosNaming.NamingContext unchecked_narrow(org.omg.CORBA.Object)'>
        <annotation name='com.intellij.inspections.tainted.annotation.equation.Equations'>
            <val val="{ &quot;unchecked_narrow := obj&quot; }"/>
        </annotation>
    </item>
    <item name='org.omg.CosNaming.NamingContextHelper void write(org.omg.CORBA.portable.OutputStream, org.omg.CosNaming.NamingContext)'>
        <annotation name='com.intellij.inspections.tainted.annotation.equation.Equations'>
            <val val="{ &quot;ostream := org.omg.CosNaming.NamingContextPackage.CannotProceedHelper#write(org.omg.CORBA.portable.OutputStream, org.omg.CosNaming.NamingContextPackage.CannotProceed)#0 &amp; NamingContextHolder#_write(org.omg.CORBA.portable.OutputStream)#0&quot;, &quot;value := _NamingContextStub#bind_context(org.omg.CosNaming.NameComponent[], org.omg.CosNaming.NamingContext)#1 &amp; _NamingContextExtStub#bind_context(org.omg.CosNaming.NameComponent[], org.omg.CosNaming.NamingContext)#1 &amp; _NamingContextStub#rebind_context(org.omg.CosNaming.NameComponent[], org.omg.CosNaming.NamingContext)#1 &amp; #insert(org.omg.CORBA.Any, org.omg.CosNaming.NamingContext)#1 &amp; NamingContextHolder &amp; _NamingContextExtStub#rebind_context(org.omg.CosNaming.NameComponent[], org.omg.CosNaming.NamingContext)#1&quot; }"/>
        </annotation>
    </item>
    <item name='org.omg.CosNaming.NamingContextHolder'>
        <annotation name='com.intellij.inspections.tainted.annotation.equation.Equations'>
            <val val="{ &quot;NamingContextHolder := &quot; }"/>
        </annotation>
    </item>
    <item name='org.omg.CosNaming.NamingContextHolder NamingContextHolder()'>
        <annotation name='com.intellij.inspections.tainted.annotation.equation.Equations'>
            <val val="{ &quot;NamingContextHolder := NamingContextHolder&quot; }"/>
        </annotation>
    </item>
    <item name='org.omg.CosNaming.NamingContextHolder NamingContextHolder(org.omg.CosNaming.NamingContext)'>
        <annotation name='com.intellij.inspections.tainted.annotation.equation.Equations'>
            <val val="{ &quot;NamingContextHolder := NamingContextHolder&quot; }"/>
        </annotation>
    </item>
    <item name='org.omg.CosNaming.NamingContextOperations org.omg.CORBA.Object resolve(org.omg.CosNaming.NameComponent[])'>
        <annotation name='com.intellij.inspections.tainted.annotation.equation.Equations'>
            <val val="{ &quot;n := com.sun.corba.se.impl.naming.cosnaming.NamingContextImpl#resolve(org.omg.CosNaming.NameComponent[])#0 &amp; com.sun.corba.se.impl.naming.pcosnaming.NamingContextImpl#resolve(org.omg.CosNaming.NameComponent[])#0 &amp; _NamingContextStub#resolve(org.omg.CosNaming.NameComponent[])#0 &amp; _NamingContextExtStub#resolve(org.omg.CosNaming.NameComponent[])#0&quot;, &quot;resolve := com.sun.corba.se.impl.naming.cosnaming.NamingContextImpl#resolve(org.omg.CosNaming.NameComponent[]) &amp; com.sun.corba.se.impl.naming.pcosnaming.NamingContextImpl#resolve(org.omg.CosNaming.NameComponent[]) &amp; _NamingContextStub#resolve(org.omg.CosNaming.NameComponent[]) &amp; _NamingContextExtStub#resolve(org.omg.CosNaming.NameComponent[])&quot; }"/>
        </annotation>
    </item>
    <item name='org.omg.CosNaming.NamingContextOperations org.omg.CosNaming.NamingContext bind_new_context(org.omg.CosNaming.NameComponent[])'>
        <annotation name='com.intellij.inspections.tainted.annotation.equation.Equations'>
            <val val="{ &quot;n := com.sun.corba.se.impl.naming.cosnaming.NamingContextImpl#bind_new_context(org.omg.CosNaming.NameComponent[])#0 &amp; com.sun.corba.se.impl.naming.pcosnaming.NamingContextImpl#bind_new_context(org.omg.CosNaming.NameComponent[])#0 &amp; _NamingContextStub#bind_new_context(org.omg.CosNaming.NameComponent[])#0 &amp; _NamingContextExtStub#bind_new_context(org.omg.CosNaming.NameComponent[])#0&quot;, &quot;bind_new_context := com.sun.corba.se.impl.naming.cosnaming.NamingContextImpl#bind_new_context(org.omg.CosNaming.NameComponent[]) &amp; com.sun.corba.se.impl.naming.pcosnaming.NamingContextImpl#bind_new_context(org.omg.CosNaming.NameComponent[]) &amp; _NamingContextStub#bind_new_context(org.omg.CosNaming.NameComponent[]) &amp; _NamingContextExtStub#bind_new_context(org.omg.CosNaming.NameComponent[])&quot; }"/>
        </annotation>
    </item>
    <item name='org.omg.CosNaming.NamingContextOperations org.omg.CosNaming.NamingContext new_context()'>
        <annotation name='com.intellij.inspections.tainted.annotation.equation.Equations'>
            <val val="{ &quot;new_context := com.sun.corba.se.impl.naming.cosnaming.NamingContextImpl#new_context() &amp; com.sun.corba.se.impl.naming.pcosnaming.NamingContextImpl#new_context() &amp; _NamingContextStub#new_context() &amp; _NamingContextExtStub#new_context()&quot; }"/>
        </annotation>
    </item>
    <item name='org.omg.CosNaming.NamingContextOperations void bind(org.omg.CosNaming.NameComponent[], org.omg.CORBA.Object)'>
        <annotation name='com.intellij.inspections.tainted.annotation.equation.Equations'>
            <val val="{ &quot;n := com.sun.corba.se.impl.naming.cosnaming.NamingContextImpl#bind(org.omg.CosNaming.NameComponent[], org.omg.CORBA.Object)#0 &amp; com.sun.corba.se.impl.naming.pcosnaming.NamingContextImpl#bind(org.omg.CosNaming.NameComponent[], org.omg.CORBA.Object)#0 &amp; _NamingContextStub#bind(org.omg.CosNaming.NameComponent[], org.omg.CORBA.Object)#0 &amp; _NamingContextExtStub#bind(org.omg.CosNaming.NameComponent[], org.omg.CORBA.Object)#0&quot;, &quot;obj := com.sun.corba.se.impl.naming.cosnaming.NamingContextImpl#bind(org.omg.CosNaming.NameComponent[], org.omg.CORBA.Object)#1 &amp; com.sun.corba.se.impl.naming.cosnaming.NamingContextImpl#doBind(com.sun.corba.se.impl.naming.cosnaming.NamingContextDataStore, org.omg.CosNaming.NameComponent[], org.omg.CORBA.Object, boolean, org.omg.CosNaming.BindingType)#2 &amp; com.sun.corba.se.impl.naming.pcosnaming.NamingContextImpl#bind(org.omg.CosNaming.NameComponent[], org.omg.CORBA.Object)#1 &amp; com.sun.corba.se.impl.naming.pcosnaming.NamingContextImpl#doBind(com.sun.corba.se.impl.naming.cosnaming.NamingContextDataStore, org.omg.CosNaming.NameComponent[], org.omg.CORBA.Object, boolean, org.omg.CosNaming.BindingType)#2 &amp; _NamingContextStub#bind(org.omg.CosNaming.NameComponent[], org.omg.CORBA.Object)#1 &amp; _NamingContextExtStub#bind(org.omg.CosNaming.NameComponent[], org.omg.CORBA.Object)#1&quot; }"/>
        </annotation>
    </item>
    <item name='org.omg.CosNaming.NamingContextOperations void bind_context(org.omg.CosNaming.NameComponent[], org.omg.CosNaming.NamingContext)'>
        <annotation name='com.intellij.inspections.tainted.annotation.equation.Equations'>
            <val val="{ &quot;n := com.sun.corba.se.impl.naming.cosnaming.NamingContextImpl#bind_context(org.omg.CosNaming.NameComponent[], org.omg.CosNaming.NamingContext)#0 &amp; com.sun.corba.se.impl.naming.pcosnaming.NamingContextImpl#bind_context(org.omg.CosNaming.NameComponent[], org.omg.CosNaming.NamingContext)#0 &amp; _NamingContextStub#bind_context(org.omg.CosNaming.NameComponent[], org.omg.CosNaming.NamingContext)#0 &amp; _NamingContextExtStub#bind_context(org.omg.CosNaming.NameComponent[], org.omg.CosNaming.NamingContext)#0&quot;, &quot;nc := com.sun.corba.se.impl.naming.cosnaming.NamingContextImpl#bind_context(org.omg.CosNaming.NameComponent[], org.omg.CosNaming.NamingContext)#1 &amp; com.sun.corba.se.impl.naming.cosnaming.NamingContextImpl#doBind(com.sun.corba.se.impl.naming.cosnaming.NamingContextDataStore, org.omg.CosNaming.NameComponent[], org.omg.CORBA.Object, boolean, org.omg.CosNaming.BindingType)#2 &amp; com.sun.corba.se.impl.naming.pcosnaming.NamingContextImpl#bind_context(org.omg.CosNaming.NameComponent[], org.omg.CosNaming.NamingContext)#1 &amp; com.sun.corba.se.impl.naming.pcosnaming.NamingContextImpl#doBind(com.sun.corba.se.impl.naming.cosnaming.NamingContextDataStore, org.omg.CosNaming.NameComponent[], org.omg.CORBA.Object, boolean, org.omg.CosNaming.BindingType)#2 &amp; _NamingContextStub#bind_context(org.omg.CosNaming.NameComponent[], org.omg.CosNaming.NamingContext)#1 &amp; _NamingContextExtStub#bind_context(org.omg.CosNaming.NameComponent[], org.omg.CosNaming.NamingContext)#1&quot; }"/>
        </annotation>
    </item>
    <item name='org.omg.CosNaming.NamingContextOperations void list(int, org.omg.CosNaming.BindingListHolder, org.omg.CosNaming.BindingIteratorHolder)'>
        <annotation name='com.intellij.inspections.tainted.annotation.equation.Equations'>
            <val val="{ &quot;how_many := com.sun.corba.se.impl.naming.cosnaming.NamingContextImpl#list(int, org.omg.CosNaming.BindingListHolder, org.omg.CosNaming.BindingIteratorHolder)#0 &amp; com.sun.corba.se.impl.naming.pcosnaming.NamingContextImpl#list(int, org.omg.CosNaming.BindingListHolder, org.omg.CosNaming.BindingIteratorHolder)#0 &amp; _NamingContextStub#list(int, org.omg.CosNaming.BindingListHolder, org.omg.CosNaming.BindingIteratorHolder)#0 &amp; _NamingContextExtStub#list(int, org.omg.CosNaming.BindingListHolder, org.omg.CosNaming.BindingIteratorHolder)#0&quot;, &quot;bl := com.sun.corba.se.impl.naming.cosnaming.NamingContextImpl#list(int, org.omg.CosNaming.BindingListHolder, org.omg.CosNaming.BindingIteratorHolder)#1 &amp; com.sun.corba.se.impl.naming.pcosnaming.NamingContextImpl#list(int, org.omg.CosNaming.BindingListHolder, org.omg.CosNaming.BindingIteratorHolder)#1 &amp; _NamingContextStub#list(int, org.omg.CosNaming.BindingListHolder, org.omg.CosNaming.BindingIteratorHolder)#1 &amp; _NamingContextExtStub#list(int, org.omg.CosNaming.BindingListHolder, org.omg.CosNaming.BindingIteratorHolder)#1&quot;, &quot;bi := com.sun.corba.se.impl.naming.cosnaming.NamingContextImpl#list(int, org.omg.CosNaming.BindingListHolder, org.omg.CosNaming.BindingIteratorHolder)#2 &amp; com.sun.corba.se.impl.naming.pcosnaming.NamingContextImpl#list(int, org.omg.CosNaming.BindingListHolder, org.omg.CosNaming.BindingIteratorHolder)#2 &amp; _NamingContextStub#list(int, org.omg.CosNaming.BindingListHolder, org.omg.CosNaming.BindingIteratorHolder)#2 &amp; _NamingContextExtStub#list(int, org.omg.CosNaming.BindingListHolder, org.omg.CosNaming.BindingIteratorHolder)#2&quot; }"/>
        </annotation>
    </item>
    <item name='org.omg.CosNaming.NamingContextOperations void rebind(org.omg.CosNaming.NameComponent[], org.omg.CORBA.Object)'>
        <annotation name='com.intellij.inspections.tainted.annotation.equation.Equations'>
            <val val="{ &quot;n := com.sun.corba.se.impl.naming.cosnaming.NamingContextImpl#rebind(org.omg.CosNaming.NameComponent[], org.omg.CORBA.Object)#0 &amp; com.sun.corba.se.impl.naming.pcosnaming.NamingContextImpl#rebind(org.omg.CosNaming.NameComponent[], org.omg.CORBA.Object)#0 &amp; _NamingContextStub#rebind(org.omg.CosNaming.NameComponent[], org.omg.CORBA.Object)#0 &amp; _NamingContextExtStub#rebind(org.omg.CosNaming.NameComponent[], org.omg.CORBA.Object)#0&quot;, &quot;obj := com.sun.corba.se.impl.naming.cosnaming.NamingContextImpl#rebind(org.omg.CosNaming.NameComponent[], org.omg.CORBA.Object)#1 &amp; com.sun.corba.se.impl.naming.cosnaming.NamingContextImpl#doBind(com.sun.corba.se.impl.naming.cosnaming.NamingContextDataStore, org.omg.CosNaming.NameComponent[], org.omg.CORBA.Object, boolean, org.omg.CosNaming.BindingType)#2 &amp; com.sun.corba.se.impl.naming.pcosnaming.NamingContextImpl#rebind(org.omg.CosNaming.NameComponent[], org.omg.CORBA.Object)#1 &amp; com.sun.corba.se.impl.naming.pcosnaming.NamingContextImpl#doBind(com.sun.corba.se.impl.naming.cosnaming.NamingContextDataStore, org.omg.CosNaming.NameComponent[], org.omg.CORBA.Object, boolean, org.omg.CosNaming.BindingType)#2 &amp; _NamingContextStub#rebind(org.omg.CosNaming.NameComponent[], org.omg.CORBA.Object)#1 &amp; _NamingContextExtStub#rebind(org.omg.CosNaming.NameComponent[], org.omg.CORBA.Object)#1&quot; }"/>
        </annotation>
    </item>
    <item name='org.omg.CosNaming.NamingContextOperations void rebind_context(org.omg.CosNaming.NameComponent[], org.omg.CosNaming.NamingContext)'>
        <annotation name='com.intellij.inspections.tainted.annotation.equation.Equations'>
            <val val="{ &quot;nc := com.sun.corba.se.impl.naming.cosnaming.NamingContextImpl#rebind_context(org.omg.CosNaming.NameComponent[], org.omg.CosNaming.NamingContext)#1 &amp; com.sun.corba.se.impl.naming.cosnaming.NamingContextImpl#doBind(com.sun.corba.se.impl.naming.cosnaming.NamingContextDataStore, org.omg.CosNaming.NameComponent[], org.omg.CORBA.Object, boolean, org.omg.CosNaming.BindingType)#2 &amp; com.sun.corba.se.impl.naming.pcosnaming.NamingContextImpl#rebind_context(org.omg.CosNaming.NameComponent[], org.omg.CosNaming.NamingContext)#1 &amp; com.sun.corba.se.impl.naming.pcosnaming.NamingContextImpl#doBind(com.sun.corba.se.impl.naming.cosnaming.NamingContextDataStore, org.omg.CosNaming.NameComponent[], org.omg.CORBA.Object, boolean, org.omg.CosNaming.BindingType)#2 &amp; _NamingContextStub#rebind_context(org.omg.CosNaming.NameComponent[], org.omg.CosNaming.NamingContext)#1 &amp; _NamingContextExtStub#rebind_context(org.omg.CosNaming.NameComponent[], org.omg.CosNaming.NamingContext)#1&quot;, &quot;n := com.sun.corba.se.impl.naming.cosnaming.NamingContextImpl#rebind_context(org.omg.CosNaming.NameComponent[], org.omg.CosNaming.NamingContext)#0 &amp; com.sun.corba.se.impl.naming.pcosnaming.NamingContextImpl#rebind_context(org.omg.CosNaming.NameComponent[], org.omg.CosNaming.NamingContext)#0 &amp; _NamingContextStub#rebind_context(org.omg.CosNaming.NameComponent[], org.omg.CosNaming.NamingContext)#0 &amp; _NamingContextExtStub#rebind_context(org.omg.CosNaming.NameComponent[], org.omg.CosNaming.NamingContext)#0&quot; }"/>
        </annotation>
    </item>
    <item name='org.omg.CosNaming.NamingContextOperations void unbind(org.omg.CosNaming.NameComponent[])'>
        <annotation name='com.intellij.inspections.tainted.annotation.equation.Equations'>
            <val val="{ &quot;n := com.sun.corba.se.impl.naming.cosnaming.NamingContextImpl#unbind(org.omg.CosNaming.NameComponent[])#0 &amp; com.sun.corba.se.impl.naming.pcosnaming.NamingContextImpl#unbind(org.omg.CosNaming.NameComponent[])#0 &amp; _NamingContextStub#unbind(org.omg.CosNaming.NameComponent[])#0 &amp; _NamingContextExtStub#unbind(org.omg.CosNaming.NameComponent[])#0&quot; }"/>
        </annotation>
    </item>
    <item name='org.omg.CosNaming.NamingContextPOA'>
        <annotation name='com.intellij.inspections.tainted.annotation.equation.Equations'>
            <val val="{ &quot;NamingContextPOA := &quot; }"/>
        </annotation>
    </item>
    <item name='org.omg.CosNaming.NamingContextPOA java.lang.String[] _all_interfaces(org.omg.PortableServer.POA, byte[])'>
        <annotation name='com.intellij.inspections.tainted.annotation.equation.Equations'>
            <val val="{ &quot;_all_interfaces := NamingContextPOA&quot; }"/>
        </annotation>
    </item>
    <item name='org.omg.CosNaming._BindingIteratorStub java.lang.String[] _ids()'>
        <annotation name='com.intellij.inspections.tainted.annotation.equation.Equations'>
            <val val="{ &quot;_ids := _BindingIteratorStub&quot; }"/>
        </annotation>
    </item>
    <item name='org.omg.CosNaming._NamingContextExtStub java.lang.String[] _ids()'>
        <annotation name='com.intellij.inspections.tainted.annotation.equation.Equations'>
            <val val="{ &quot;_ids := _NamingContextExtStub&quot; }"/>
        </annotation>
    </item>
    <item name='org.omg.CosNaming._NamingContextStub java.lang.String[] _ids()'>
        <annotation name='com.intellij.inspections.tainted.annotation.equation.Equations'>
            <val val="{ &quot;_ids := _NamingContextStub&quot; }"/>
        </annotation>
    </item>
</root>