<root>
    <item name='sun.reflect.generics.factory.GenericsFactory java.lang.reflect.ParameterizedType makeParameterizedType(java.lang.reflect.Type, java.lang.reflect.Type[], java.lang.reflect.Type)'>
        <annotation name='com.intellij.inspections.tainted.annotation.equation.Equations'>
            <val val="{ &quot;type1 := CoreReflectionFactory#makeParameterizedType(java.lang.reflect.Type, java.lang.reflect.Type[], java.lang.reflect.Type)#2&quot;, &quot;type := CoreReflectionFactory#makeParameterizedType(java.lang.reflect.Type, java.lang.reflect.Type[], java.lang.reflect.Type)#0&quot;, &quot;types := CoreReflectionFactory#makeParameterizedType(java.lang.reflect.Type, java.lang.reflect.Type[], java.lang.reflect.Type)#1&quot;, &quot;makeParameterizedType := CoreReflectionFactory#makeParameterizedType(java.lang.reflect.Type, java.lang.reflect.Type[], java.lang.reflect.Type)&quot; }"/>
        </annotation>
    </item>
    <item name='sun.reflect.generics.factory.GenericsFactory java.lang.reflect.Type makeArrayType(java.lang.reflect.Type)'>
        <annotation name='com.intellij.inspections.tainted.annotation.equation.Equations'>
            <val val="{ &quot;type := CoreReflectionFactory#makeArrayType(java.lang.reflect.Type)#0&quot;, &quot;makeArrayType := CoreReflectionFactory#makeArrayType(java.lang.reflect.Type)&quot; }"/>
        </annotation>
    </item>
    <item name='sun.reflect.generics.factory.GenericsFactory java.lang.reflect.Type makeBool()'>
        <annotation name='com.intellij.inspections.tainted.annotation.equation.Equations'>
            <val val="{ &quot;makeBool := CoreReflectionFactory#makeBool()&quot; }"/>
        </annotation>
    </item>
    <item name='sun.reflect.generics.factory.GenericsFactory java.lang.reflect.Type makeByte()'>
        <annotation name='com.intellij.inspections.tainted.annotation.equation.Equations'>
            <val val="{ &quot;makeByte := CoreReflectionFactory#makeByte()&quot; }"/>
        </annotation>
    </item>
    <item name='sun.reflect.generics.factory.GenericsFactory java.lang.reflect.Type makeChar()'>
        <annotation name='com.intellij.inspections.tainted.annotation.equation.Equations'>
            <val val="{ &quot;makeChar := CoreReflectionFactory#makeChar()&quot; }"/>
        </annotation>
    </item>
    <item name='sun.reflect.generics.factory.GenericsFactory java.lang.reflect.Type makeDouble()'>
        <annotation name='com.intellij.inspections.tainted.annotation.equation.Equations'>
            <val val="{ &quot;makeDouble := CoreReflectionFactory#makeDouble()&quot; }"/>
        </annotation>
    </item>
    <item name='sun.reflect.generics.factory.GenericsFactory java.lang.reflect.Type makeFloat()'>
        <annotation name='com.intellij.inspections.tainted.annotation.equation.Equations'>
            <val val="{ &quot;makeFloat := CoreReflectionFactory#makeFloat()&quot; }"/>
        </annotation>
    </item>
    <item name='sun.reflect.generics.factory.GenericsFactory java.lang.reflect.Type makeInt()'>
        <annotation name='com.intellij.inspections.tainted.annotation.equation.Equations'>
            <val val="{ &quot;makeInt := CoreReflectionFactory#makeInt()&quot; }"/>
        </annotation>
    </item>
    <item name='sun.reflect.generics.factory.GenericsFactory java.lang.reflect.Type makeLong()'>
        <annotation name='com.intellij.inspections.tainted.annotation.equation.Equations'>
            <val val="{ &quot;makeLong := CoreReflectionFactory#makeLong()&quot; }"/>
        </annotation>
    </item>
    <item name='sun.reflect.generics.factory.GenericsFactory java.lang.reflect.Type makeNamedType(java.lang.String)'>
        <annotation name='com.intellij.inspections.tainted.annotation.equation.Equations'>
            <val val="{ &quot;makeNamedType := CoreReflectionFactory#makeNamedType(java.lang.String)&quot;, &quot;s := CoreReflectionFactory#makeNamedType(java.lang.String)#0&quot; }"/>
        </annotation>
    </item>
    <item name='sun.reflect.generics.factory.GenericsFactory java.lang.reflect.Type makeShort()'>
        <annotation name='com.intellij.inspections.tainted.annotation.equation.Equations'>
            <val val="{ &quot;makeShort := CoreReflectionFactory#makeShort()&quot; }"/>
        </annotation>
    </item>
    <item name='sun.reflect.generics.factory.GenericsFactory java.lang.reflect.Type makeVoid()'>
        <annotation name='com.intellij.inspections.tainted.annotation.equation.Equations'>
            <val val="{ &quot;makeVoid := CoreReflectionFactory#makeVoid()&quot; }"/>
        </annotation>
    </item>
    <item name='sun.reflect.generics.factory.GenericsFactory java.lang.reflect.TypeVariable&lt;?&gt; findTypeVariable(java.lang.String)'>
        <annotation name='com.intellij.inspections.tainted.annotation.equation.Equations'>
            <val val="{ &quot;findTypeVariable := CoreReflectionFactory#findTypeVariable(java.lang.String)&quot;, &quot;s := CoreReflectionFactory#findTypeVariable(java.lang.String)#0&quot; }"/>
        </annotation>
    </item>
    <item name='sun.reflect.generics.factory.GenericsFactory java.lang.reflect.TypeVariable&lt;?&gt; makeTypeVariable(java.lang.String, sun.reflect.generics.tree.FieldTypeSignature[])'>
        <annotation name='com.intellij.inspections.tainted.annotation.equation.Equations'>
            <val val="{ &quot;makeTypeVariable := CoreReflectionFactory#makeTypeVariable(java.lang.String, sun.reflect.generics.tree.FieldTypeSignature[])&quot;, &quot;s := CoreReflectionFactory#makeTypeVariable(java.lang.String, sun.reflect.generics.tree.FieldTypeSignature[])#0&quot;, &quot;fieldTypeSignatures := CoreReflectionFactory#makeTypeVariable(java.lang.String, sun.reflect.generics.tree.FieldTypeSignature[])#1&quot; }"/>
        </annotation>
    </item>
    <item name='sun.reflect.generics.factory.GenericsFactory java.lang.reflect.WildcardType makeWildcard(sun.reflect.generics.tree.FieldTypeSignature[], sun.reflect.generics.tree.FieldTypeSignature[])'>
        <annotation name='com.intellij.inspections.tainted.annotation.equation.Equations'>
            <val val="{ &quot;fieldTypeSignatures1 := CoreReflectionFactory#makeWildcard(sun.reflect.generics.tree.FieldTypeSignature[], sun.reflect.generics.tree.FieldTypeSignature[])#1&quot;, &quot;makeWildcard := CoreReflectionFactory#makeWildcard(sun.reflect.generics.tree.FieldTypeSignature[], sun.reflect.generics.tree.FieldTypeSignature[])&quot;, &quot;fieldTypeSignatures := CoreReflectionFactory#makeWildcard(sun.reflect.generics.tree.FieldTypeSignature[], sun.reflect.generics.tree.FieldTypeSignature[])#0&quot; }"/>
        </annotation>
    </item>
</root>