<root>
    <item name='com.sun.org.apache.xerces.internal.impl.dtd.models.CMAny'>
        <annotation name='com.intellij.inspections.tainted.annotation.equation.Equations'>
            <val val="{ &quot;CMAny := #setPosition(int)#0&quot; }"/>
        </annotation>
    </item>
    <item name='com.sun.org.apache.xerces.internal.impl.dtd.models.CMAny CMAny(int, java.lang.String, int)'>
        <annotation name='com.intellij.inspections.tainted.annotation.equation.Equations'>
            <val val="{ &quot;CMAny := CMAny&quot; }"/>
        </annotation>
    </item>
    <item name='com.sun.org.apache.xerces.internal.impl.dtd.models.CMAny int getPosition()'>
        <annotation name='com.intellij.inspections.tainted.annotation.equation.Equations'>
            <val val="{ &quot;getPosition := CMAny&quot; }"/>
        </annotation>
    </item>
    <item name='com.sun.org.apache.xerces.internal.impl.dtd.models.CMAny int getType()'>
        <annotation name='com.intellij.inspections.tainted.annotation.equation.Equations'>
            <val val="{ &quot;getType := CMAny&quot; }"/>
        </annotation>
    </item>
    <item name='com.sun.org.apache.xerces.internal.impl.dtd.models.CMAny java.lang.String getURI()'>
        <annotation name='com.intellij.inspections.tainted.annotation.equation.Equations'>
            <val val="{ &quot;getURI := CMAny&quot; }"/>
        </annotation>
    </item>
    <item name='com.sun.org.apache.xerces.internal.impl.dtd.models.CMBinOp CMBinOp(int, com.sun.org.apache.xerces.internal.impl.dtd.models.CMNode, com.sun.org.apache.xerces.internal.impl.dtd.models.CMNode)'>
        <annotation name='com.intellij.inspections.tainted.annotation.equation.Equations'>
            <val val="{ &quot;CMBinOp := CMBinOp&quot;, &quot;type := com.sun.org.apache.xerces.internal.impl.dtd.XMLContentSpec#CONTENTSPECNODE_SEQ&quot;, &quot;leftNode := DFAContentModel#buildDFA(com.sun.org.apache.xerces.internal.impl.dtd.models.CMNode)#0&quot; }"/>
        </annotation>
    </item>
    <item name='com.sun.org.apache.xerces.internal.impl.dtd.models.CMLeaf'>
        <annotation name='com.intellij.inspections.tainted.annotation.equation.Equations'>
            <val val="{ &quot;CMLeaf := #setPosition(int)#0&quot; }"/>
        </annotation>
    </item>
    <item name='com.sun.org.apache.xerces.internal.impl.dtd.models.CMLeaf CMLeaf(com.sun.org.apache.xerces.internal.xni.QName)'>
        <annotation name='com.intellij.inspections.tainted.annotation.equation.Equations'>
            <val val="{ &quot;element := DFAContentModel&quot;, &quot;CMLeaf := CMLeaf&quot; }"/>
        </annotation>
    </item>
    <item name='com.sun.org.apache.xerces.internal.impl.dtd.models.CMLeaf CMLeaf(com.sun.org.apache.xerces.internal.xni.QName, int)'>
        <annotation name='com.intellij.inspections.tainted.annotation.equation.Equations'>
            <val val="{ &quot;CMLeaf := CMLeaf&quot;, &quot;element := com.sun.org.apache.xerces.internal.impl.dtd.DTDGrammar&quot; }"/>
        </annotation>
    </item>
    <item name='com.sun.org.apache.xerces.internal.impl.dtd.models.CMLeaf com.sun.org.apache.xerces.internal.xni.QName getElement()'>
        <annotation name='com.intellij.inspections.tainted.annotation.equation.Equations'>
            <val val="{ &quot;getElement := CMLeaf&quot; }"/>
        </annotation>
    </item>
    <item name='com.sun.org.apache.xerces.internal.impl.dtd.models.CMLeaf int getPosition()'>
        <annotation name='com.intellij.inspections.tainted.annotation.equation.Equations'>
            <val val="{ &quot;getPosition := CMLeaf&quot; }"/>
        </annotation>
    </item>
    <item name='com.sun.org.apache.xerces.internal.impl.dtd.models.CMNode'>
        <annotation name='com.intellij.inspections.tainted.annotation.equation.Equations'>
            <val val="{ &quot;CMNode := #setFollowPos(com.sun.org.apache.xerces.internal.impl.dtd.models.CMStateSet)#0&quot; }"/>
        </annotation>
    </item>
    <item name='com.sun.org.apache.xerces.internal.impl.dtd.models.CMNode CMNode(int)'>
        <annotation name='com.intellij.inspections.tainted.annotation.equation.Equations'>
            <val val="{ &quot;type := com.sun.org.apache.xerces.internal.impl.xs.models.XSCMLeaf#XSCMLeaf(int, java.lang.Object, int, int)#0 &amp; com.sun.org.apache.xerces.internal.impl.xs.models.XSCMBinOp#XSCMBinOp(int, com.sun.org.apache.xerces.internal.impl.dtd.models.CMNode, com.sun.org.apache.xerces.internal.impl.dtd.models.CMNode)#0 &amp; com.sun.org.apache.xerces.internal.impl.xs.models.XSCMUniOp#XSCMUniOp(int, com.sun.org.apache.xerces.internal.impl.dtd.models.CMNode)#0 &amp; CMAny#CMAny(int, java.lang.String, int)#0 &amp; com.sun.org.apache.xerces.internal.impl.dtd.XMLContentSpec#CONTENTSPECNODE_LEAF &amp; CMBinOp#CMBinOp(int, com.sun.org.apache.xerces.internal.impl.dtd.models.CMNode, com.sun.org.apache.xerces.internal.impl.dtd.models.CMNode)#0 &amp; CMUniOp#CMUniOp(int, com.sun.org.apache.xerces.internal.impl.dtd.models.CMNode)#0&quot;, &quot;CMNode := CMNode&quot; }"/>
        </annotation>
    </item>
    <item name='com.sun.org.apache.xerces.internal.impl.dtd.models.CMNode com.sun.org.apache.xerces.internal.impl.dtd.models.CMStateSet firstPos()'>
        <annotation name='com.intellij.inspections.tainted.annotation.equation.Equations'>
            <val val="{ &quot;firstPos := CMNode&quot; }"/>
        </annotation>
    </item>
    <item name='com.sun.org.apache.xerces.internal.impl.dtd.models.CMNode com.sun.org.apache.xerces.internal.impl.dtd.models.CMStateSet lastPos()'>
        <annotation name='com.intellij.inspections.tainted.annotation.equation.Equations'>
            <val val="{ &quot;lastPos := CMNode&quot; }"/>
        </annotation>
    </item>
    <item name='com.sun.org.apache.xerces.internal.impl.dtd.models.CMNode int type()'>
        <annotation name='com.intellij.inspections.tainted.annotation.equation.Equations'>
            <val val="{ &quot;type := CMNode&quot; }"/>
        </annotation>
    </item>
    <item name='com.sun.org.apache.xerces.internal.impl.dtd.models.CMNode java.lang.Object getUserData()'>
        <annotation name='com.intellij.inspections.tainted.annotation.equation.Equations'>
            <val val="{ &quot;getUserData := CMNode&quot; }"/>
        </annotation>
    </item>
    <item name='com.sun.org.apache.xerces.internal.impl.dtd.models.CMNode void calcFirstPos(com.sun.org.apache.xerces.internal.impl.dtd.models.CMStateSet)'>
        <annotation name='com.intellij.inspections.tainted.annotation.equation.Equations'>
            <val val="{ &quot;toSet := com.sun.org.apache.xerces.internal.impl.xs.models.XSCMLeaf#calcFirstPos(com.sun.org.apache.xerces.internal.impl.dtd.models.CMStateSet)#0 &amp; CMAny#calcFirstPos(com.sun.org.apache.xerces.internal.impl.dtd.models.CMStateSet)#0 &amp; CMLeaf#calcFirstPos(com.sun.org.apache.xerces.internal.impl.dtd.models.CMStateSet)#0 &amp; com.sun.org.apache.xerces.internal.impl.xs.models.XSCMBinOp#calcFirstPos(com.sun.org.apache.xerces.internal.impl.dtd.models.CMStateSet)#0 &amp; com.sun.org.apache.xerces.internal.impl.xs.models.XSCMUniOp#calcFirstPos(com.sun.org.apache.xerces.internal.impl.dtd.models.CMStateSet)#0 &amp; CMBinOp#calcFirstPos(com.sun.org.apache.xerces.internal.impl.dtd.models.CMStateSet)#0 &amp; CMUniOp#calcFirstPos(com.sun.org.apache.xerces.internal.impl.dtd.models.CMStateSet)#0&quot; }"/>
        </annotation>
    </item>
    <item name='com.sun.org.apache.xerces.internal.impl.dtd.models.CMNode void calcLastPos(com.sun.org.apache.xerces.internal.impl.dtd.models.CMStateSet)'>
        <annotation name='com.intellij.inspections.tainted.annotation.equation.Equations'>
            <val val="{ &quot;toSet := com.sun.org.apache.xerces.internal.impl.xs.models.XSCMLeaf#calcLastPos(com.sun.org.apache.xerces.internal.impl.dtd.models.CMStateSet)#0 &amp; CMAny#calcLastPos(com.sun.org.apache.xerces.internal.impl.dtd.models.CMStateSet)#0 &amp; CMLeaf#calcLastPos(com.sun.org.apache.xerces.internal.impl.dtd.models.CMStateSet)#0 &amp; com.sun.org.apache.xerces.internal.impl.xs.models.XSCMBinOp#calcLastPos(com.sun.org.apache.xerces.internal.impl.dtd.models.CMStateSet)#0 &amp; com.sun.org.apache.xerces.internal.impl.xs.models.XSCMUniOp#calcLastPos(com.sun.org.apache.xerces.internal.impl.dtd.models.CMStateSet)#0 &amp; CMBinOp#calcLastPos(com.sun.org.apache.xerces.internal.impl.dtd.models.CMStateSet)#0 &amp; CMUniOp#calcLastPos(com.sun.org.apache.xerces.internal.impl.dtd.models.CMStateSet)#0&quot; }"/>
        </annotation>
    </item>
    <item name='com.sun.org.apache.xerces.internal.impl.dtd.models.CMNode void setMaxStates(int)'>
        <annotation name='com.intellij.inspections.tainted.annotation.equation.Equations'>
            <val val="{ &quot;maxStates := com.sun.org.apache.xerces.internal.impl.xs.models.XSDFACM &amp; DFAContentModel&quot; }"/>
        </annotation>
    </item>
    <item name='com.sun.org.apache.xerces.internal.impl.dtd.models.CMNode void setUserData(java.lang.Object)'>
        <annotation name='com.intellij.inspections.tainted.annotation.equation.Equations'>
            <val val="{ &quot;userData := com.sun.org.apache.xerces.internal.impl.xs.models.XSCMUniOp#setUserData(java.lang.Object)#0&quot; }"/>
        </annotation>
    </item>
    <item name='com.sun.org.apache.xerces.internal.impl.dtd.models.CMStateSet CMStateSet(int)'>
        <annotation name='com.intellij.inspections.tainted.annotation.equation.Equations'>
            <val val="{ &quot;bitCount := com.sun.org.apache.xerces.internal.impl.xs.models.XSDFACM &amp; CMNode &amp; DFAContentModel&quot;, &quot;CMStateSet := CMStateSet&quot; }"/>
        </annotation>
    </item>
    <item name='com.sun.org.apache.xerces.internal.impl.dtd.models.CMStateSet boolean getBit(int)'>
        <annotation name='com.intellij.inspections.tainted.annotation.equation.Equations'>
            <val val="{ &quot;bitToGet := com.sun.org.apache.xerces.internal.impl.xs.models.XSDFACM &amp; DFAContentModel&quot; }"/>
        </annotation>
    </item>
    <item name='com.sun.org.apache.xerces.internal.impl.dtd.models.CMStateSet boolean isSameSet(com.sun.org.apache.xerces.internal.impl.dtd.models.CMStateSet)'>
        <annotation name='com.intellij.inspections.tainted.annotation.equation.Equations'>
            <val val="{ &quot;setToCompare := #equals(java.lang.Object)#0&quot; }"/>
        </annotation>
    </item>
    <item name='com.sun.org.apache.xerces.internal.impl.dtd.models.CMStateSet int hashCode()'>
        <annotation name='com.intellij.inspections.tainted.annotation.equation.Equations'>
            <val val="{ &quot;hashCode := CMStateSet&quot; }"/>
        </annotation>
    </item>
    <item name='com.sun.org.apache.xerces.internal.impl.dtd.models.CMStateSet void setBit(int)'>
        <annotation name='com.intellij.inspections.tainted.annotation.equation.Equations'>
            <val val="{ &quot;bitToSet := com.sun.org.apache.xerces.internal.impl.xs.models.XSCMLeaf &amp; CMAny &amp; CMLeaf&quot; }"/>
        </annotation>
    </item>
    <item name='com.sun.org.apache.xerces.internal.impl.dtd.models.CMStateSet void setTo(com.sun.org.apache.xerces.internal.impl.dtd.models.CMStateSet)'>
        <annotation name='com.intellij.inspections.tainted.annotation.equation.Equations'>
            <val val="{ &quot;srcSet := &quot; }"/>
        </annotation>
    </item>
    <item name='com.sun.org.apache.xerces.internal.impl.dtd.models.CMStateSet void union(com.sun.org.apache.xerces.internal.impl.dtd.models.CMStateSet)'>
        <annotation name='com.intellij.inspections.tainted.annotation.equation.Equations'>
            <val val="{ &quot;setToOr := com.sun.org.apache.xerces.internal.impl.xs.models.XSDFACM &amp; DFAContentModel&quot; }"/>
        </annotation>
    </item>
    <item name='com.sun.org.apache.xerces.internal.impl.dtd.models.CMUniOp CMUniOp(int, com.sun.org.apache.xerces.internal.impl.dtd.models.CMNode)'>
        <annotation name='com.intellij.inspections.tainted.annotation.equation.Equations'>
            <val val="{ &quot;CMUniOp := CMUniOp&quot; }"/>
        </annotation>
    </item>
    <item name='com.sun.org.apache.xerces.internal.impl.dtd.models.ContentModelValidator int validate(com.sun.org.apache.xerces.internal.xni.QName[], int, int)'>
        <annotation name='com.intellij.inspections.tainted.annotation.equation.Equations'>
            <val val="{ &quot;length := DFAContentModel#validate(com.sun.org.apache.xerces.internal.xni.QName[], int, int)#2 &amp; SimpleContentModel#validate(com.sun.org.apache.xerces.internal.xni.QName[], int, int)#2 &amp; MixedContentModel#validate(com.sun.org.apache.xerces.internal.xni.QName[], int, int)#2&quot;, &quot;validate := DFAContentModel#validate(com.sun.org.apache.xerces.internal.xni.QName[], int, int) &amp; SimpleContentModel#validate(com.sun.org.apache.xerces.internal.xni.QName[], int, int) &amp; MixedContentModel#validate(com.sun.org.apache.xerces.internal.xni.QName[], int, int)&quot;, &quot;offset := DFAContentModel#validate(com.sun.org.apache.xerces.internal.xni.QName[], int, int)#1 &amp; SimpleContentModel#validate(com.sun.org.apache.xerces.internal.xni.QName[], int, int)#1 &amp; MixedContentModel#validate(com.sun.org.apache.xerces.internal.xni.QName[], int, int)#1&quot;, &quot;children := DFAContentModel#validate(com.sun.org.apache.xerces.internal.xni.QName[], int, int)#0 &amp; SimpleContentModel#validate(com.sun.org.apache.xerces.internal.xni.QName[], int, int)#0 &amp; MixedContentModel#validate(com.sun.org.apache.xerces.internal.xni.QName[], int, int)#0&quot; }"/>
        </annotation>
    </item>
    <item name='com.sun.org.apache.xerces.internal.impl.dtd.models.DFAContentModel'>
        <annotation name='com.intellij.inspections.tainted.annotation.equation.Equations'>
            <val val="{ &quot;DFAContentModel := &quot; }"/>
        </annotation>
    </item>
    <item name='com.sun.org.apache.xerces.internal.impl.dtd.models.DFAContentModel DFAContentModel(com.sun.org.apache.xerces.internal.impl.dtd.models.CMNode, int, boolean)'>
        <annotation name='com.intellij.inspections.tainted.annotation.equation.Equations'>
            <val val="{ &quot;DFAContentModel := DFAContentModel&quot;, &quot;leafCount := com.sun.org.apache.xerces.internal.impl.dtd.DTDGrammar&quot; }"/>
        </annotation>
    </item>
    <item name='com.sun.org.apache.xerces.internal.impl.dtd.models.DFAContentModel int postTreeBuildInit(com.sun.org.apache.xerces.internal.impl.dtd.models.CMNode, int)'>
        <annotation name='com.intellij.inspections.tainted.annotation.equation.Equations'>
            <val val="{ &quot;postTreeBuildInit := curIndex&quot;, &quot;nodeCur := DFAContentModel&quot; }"/>
        </annotation>
    </item>
    <item name='com.sun.org.apache.xerces.internal.impl.dtd.models.DFAContentModel int validate(com.sun.org.apache.xerces.internal.xni.QName[], int, int)'>
        <annotation name='com.intellij.inspections.tainted.annotation.equation.Equations'>
            <val val="{ &quot;validate := length&quot; }"/>
        </annotation>
    </item>
    <item name='com.sun.org.apache.xerces.internal.impl.dtd.models.DFAContentModel void buildDFA(com.sun.org.apache.xerces.internal.impl.dtd.models.CMNode)'>
        <annotation name='com.intellij.inspections.tainted.annotation.equation.Equations'>
            <val val="{ &quot;syntaxTree := #DFAContentModel(com.sun.org.apache.xerces.internal.impl.dtd.models.CMNode, int, boolean)#0&quot; }"/>
        </annotation>
    </item>
    <item name='com.sun.org.apache.xerces.internal.impl.dtd.models.DFAContentModel void calcFollowList(com.sun.org.apache.xerces.internal.impl.dtd.models.CMNode)'>
        <annotation name='com.intellij.inspections.tainted.annotation.equation.Equations'>
            <val val="{ &quot;nodeCur := DFAContentModel&quot; }"/>
        </annotation>
    </item>
    <item name='com.sun.org.apache.xerces.internal.impl.dtd.models.DFAContentModel void dumpTree(com.sun.org.apache.xerces.internal.impl.dtd.models.CMNode, int)'>
        <annotation name='com.intellij.inspections.tainted.annotation.equation.Equations'>
            <val val="{ &quot;nodeCur := DFAContentModel&quot; }"/>
        </annotation>
    </item>
    <item name='com.sun.org.apache.xerces.internal.impl.dtd.models.MixedContentModel MixedContentModel(com.sun.org.apache.xerces.internal.xni.QName[], int[], int, int, boolean)'>
        <annotation name='com.intellij.inspections.tainted.annotation.equation.Equations'>
            <val val="{ &quot;MixedContentModel := MixedContentModel&quot; }"/>
        </annotation>
    </item>
    <item name='com.sun.org.apache.xerces.internal.impl.dtd.models.SimpleContentModel SimpleContentModel(short, com.sun.org.apache.xerces.internal.xni.QName, com.sun.org.apache.xerces.internal.xni.QName)'>
        <annotation name='com.intellij.inspections.tainted.annotation.equation.Equations'>
            <val val="{ &quot;SimpleContentModel := SimpleContentModel&quot;, &quot;secondChild := com.sun.org.apache.xerces.internal.impl.dtd.DTDGrammar&quot;, &quot;firstChild := com.sun.org.apache.xerces.internal.impl.dtd.DTDGrammar&quot; }"/>
        </annotation>
    </item>
    <item name='com.sun.org.apache.xerces.internal.impl.dtd.models.SimpleContentModel int validate(com.sun.org.apache.xerces.internal.xni.QName[], int, int)'>
        <annotation name='com.intellij.inspections.tainted.annotation.equation.Equations'>
            <val val="{ &quot;validate := length&quot; }"/>
        </annotation>
    </item>
</root>