<root>
    <item name='java.security.cert.CRL'>
        <annotation name='com.intellij.inspections.tainted.annotation.equation.Equations'>
            <val val="{ &quot;CRL := X509CRL&quot; }"/>
        </annotation>
    </item>
    <item name='java.security.cert.CRL boolean isRevoked(java.security.cert.Certificate)'>
        <annotation name='com.intellij.inspections.tainted.annotation.equation.Equations'>
            <val val="{ &quot;cert := sun.security.x509.X509CRLImpl#isRevoked(java.security.cert.Certificate)#0&quot; }"/>
        </annotation>
    </item>
    <item name='java.security.cert.CRL java.lang.String toString()'>
        <annotation name='com.intellij.inspections.tainted.annotation.equation.Equations'>
            <val val="{ &quot;toString := sun.security.x509.X509CRLImpl#toString()&quot; }"/>
        </annotation>
    </item>
    <item name='java.security.cert.CRLException CRLException(java.lang.String)'>
        <annotation name='com.intellij.inspections.tainted.annotation.equation.Equations'>
            <val val="{ &quot;CRLException := CRLException&quot; }"/>
        </annotation>
    </item>
    <item name='java.security.cert.CRLException CRLException(java.lang.String, java.lang.Throwable)'>
        <annotation name='com.intellij.inspections.tainted.annotation.equation.Equations'>
            <val val="{ &quot;CRLException := CRLException&quot; }"/>
        </annotation>
    </item>
    <item name='java.security.cert.CRLException CRLException(java.lang.Throwable)'>
        <annotation name='com.intellij.inspections.tainted.annotation.equation.Equations'>
            <val val="{ &quot;CRLException := CRLException&quot; }"/>
        </annotation>
    </item>
    <item name='java.security.cert.CRLSelector boolean match(java.security.cert.CRL)'>
        <annotation name='com.intellij.inspections.tainted.annotation.equation.Equations'>
            <val val="{ &quot;crl := X509CRLSelector#match(java.security.cert.CRL)#0&quot; }"/>
        </annotation>
    </item>
    <item name='java.security.cert.CRLSelector java.lang.Object clone()'>
        <annotation name='com.intellij.inspections.tainted.annotation.equation.Equations'>
            <val val="{ &quot;clone := X509CRLSelector#clone()&quot; }"/>
        </annotation>
    </item>
    <item name='java.security.cert.CertPath'>
        <annotation name='com.intellij.inspections.tainted.annotation.equation.Equations'>
            <val val="{ &quot;CertPath := sun.security.provider.certpath.X509CertPath&quot; }"/>
        </annotation>
    </item>
    <item name='java.security.cert.CertPath CertPath(java.lang.String)'>
        <annotation name='com.intellij.inspections.tainted.annotation.equation.Equations'>
            <val val="{ &quot;CertPath := CertPath&quot; }"/>
        </annotation>
    </item>
    <item name='java.security.cert.CertPath boolean equals(java.lang.Object)'>
        <annotation name='com.intellij.inspections.tainted.annotation.equation.Equations'>
            <val val="{ &quot;other := &quot; }"/>
        </annotation>
    </item>
    <item name='java.security.cert.CertPath byte[] getEncoded()'>
        <annotation name='com.intellij.inspections.tainted.annotation.equation.Equations'>
            <val val="{ &quot;getEncoded := sun.security.provider.certpath.X509CertPath#getEncoded()&quot; }"/>
        </annotation>
    </item>
    <item name='java.security.cert.CertPath byte[] getEncoded(java.lang.String)'>
        <annotation name='com.intellij.inspections.tainted.annotation.equation.Equations'>
            <val val="{ &quot;encoding := sun.security.provider.certpath.X509CertPath#getEncoded(java.lang.String)#0&quot;, &quot;getEncoded := sun.security.provider.certpath.X509CertPath#getEncoded(java.lang.String)&quot; }"/>
        </annotation>
    </item>
    <item name='java.security.cert.CertPath java.lang.String getType()'>
        <annotation name='com.intellij.inspections.tainted.annotation.equation.Equations'>
            <val val="{ &quot;getType := CertPath&quot; }"/>
        </annotation>
    </item>
    <item name='java.security.cert.CertPath java.util.Iterator&lt;java.lang.String&gt; getEncodings()'>
        <annotation name='com.intellij.inspections.tainted.annotation.equation.Equations'>
            <val val="{ &quot;getEncodings := sun.security.provider.certpath.X509CertPath#getEncodings()&quot; }"/>
        </annotation>
    </item>
    <item name='java.security.cert.CertPath java.util.List&lt;? extends java.security.cert.Certificate&gt; getCertificates()'>
        <annotation name='com.intellij.inspections.tainted.annotation.equation.Equations'>
            <val val="{ &quot;getCertificates := sun.security.provider.certpath.X509CertPath#getCertificates()&quot; }"/>
        </annotation>
    </item>
    <item name='java.security.cert.CertPath.CertPathRep CertPathRep(java.lang.String, byte[])'>
        <annotation name='com.intellij.inspections.tainted.annotation.equation.Equations'>
            <val val="{ &quot;type := CertPath&quot;, &quot;CertPathRep := CertPath.CertPathRep&quot; }"/>
        </annotation>
    </item>
    <item name='java.security.cert.CertPathBuilder CertPathBuilder(java.security.cert.CertPathBuilderSpi, java.security.Provider, java.lang.String)'>
        <annotation name='com.intellij.inspections.tainted.annotation.equation.Equations'>
            <val val="{ &quot;algorithm := #getInstance(java.lang.String)#0 &amp; #getInstance(java.lang.String, java.lang.String)#0 &amp; #getInstance(java.lang.String, java.security.Provider)#0&quot;, &quot;CertPathBuilder := CertPathBuilder&quot; }"/>
        </annotation>
    </item>
    <item name='java.security.cert.CertPathBuilder java.lang.String getAlgorithm()'>
        <annotation name='com.intellij.inspections.tainted.annotation.equation.Equations'>
            <val val="{ &quot;getAlgorithm := CertPathBuilder&quot; }"/>
        </annotation>
    </item>
    <item name='java.security.cert.CertPathBuilder java.security.Provider getProvider()'>
        <annotation name='com.intellij.inspections.tainted.annotation.equation.Equations'>
            <val val="{ &quot;getProvider := CertPathBuilder&quot; }"/>
        </annotation>
    </item>
    <item name='java.security.cert.CertPathBuilder java.security.cert.CertPathBuilderResult build(java.security.cert.CertPathParameters)'>
        <annotation name='com.intellij.inspections.tainted.annotation.equation.Equations'>
            <val val="{ &quot;params := sun.security.validator.PKIXValidator#doBuild(java.security.cert.X509Certificate[], java.util.Collection, java.security.cert.PKIXBuilderParameters)#2&quot; }"/>
        </annotation>
    </item>
    <item name='java.security.cert.CertPathBuilderException CertPathBuilderException(java.lang.String)'>
        <annotation name='com.intellij.inspections.tainted.annotation.equation.Equations'>
            <val val="{ &quot;CertPathBuilderException := CertPathBuilderException&quot; }"/>
        </annotation>
    </item>
    <item name='java.security.cert.CertPathBuilderException CertPathBuilderException(java.lang.String, java.lang.Throwable)'>
        <annotation name='com.intellij.inspections.tainted.annotation.equation.Equations'>
            <val val="{ &quot;CertPathBuilderException := CertPathBuilderException&quot; }"/>
        </annotation>
    </item>
    <item name='java.security.cert.CertPathBuilderException CertPathBuilderException(java.lang.Throwable)'>
        <annotation name='com.intellij.inspections.tainted.annotation.equation.Equations'>
            <val val="{ &quot;CertPathBuilderException := CertPathBuilderException&quot; }"/>
        </annotation>
    </item>
    <item name='java.security.cert.CertPathBuilderResult java.security.cert.CertPath getCertPath()'>
        <annotation name='com.intellij.inspections.tainted.annotation.equation.Equations'>
            <val val="{ &quot;getCertPath := PKIXCertPathBuilderResult#getCertPath()&quot; }"/>
        </annotation>
    </item>
    <item name='java.security.cert.CertPathChecker void check(java.security.cert.Certificate)'>
        <annotation name='com.intellij.inspections.tainted.annotation.equation.Equations'>
            <val val="{ &quot;cert := PKIXCertPathChecker#check(java.security.cert.Certificate)#0&quot; }"/>
        </annotation>
    </item>
    <item name='java.security.cert.CertPathHelperImpl CertPathHelperImpl()'>
        <annotation name='com.intellij.inspections.tainted.annotation.equation.Equations'>
            <val val="{ &quot;CertPathHelperImpl := CertPathHelperImpl&quot; }"/>
        </annotation>
    </item>
    <item name='java.security.cert.CertPathParameters java.lang.Object clone()'>
        <annotation name='com.intellij.inspections.tainted.annotation.equation.Equations'>
            <val val="{ &quot;clone := PKIXParameters#clone()&quot; }"/>
        </annotation>
    </item>
    <item name='java.security.cert.CertPathValidator CertPathValidator(java.security.cert.CertPathValidatorSpi, java.security.Provider, java.lang.String)'>
        <annotation name='com.intellij.inspections.tainted.annotation.equation.Equations'>
            <val val="{ &quot;CertPathValidator := CertPathValidator&quot;, &quot;algorithm := #getInstance(java.lang.String)#0 &amp; #getInstance(java.lang.String, java.lang.String)#0 &amp; #getInstance(java.lang.String, java.security.Provider)#0&quot; }"/>
        </annotation>
    </item>
    <item name='java.security.cert.CertPathValidator java.lang.String getAlgorithm()'>
        <annotation name='com.intellij.inspections.tainted.annotation.equation.Equations'>
            <val val="{ &quot;getAlgorithm := CertPathValidator&quot; }"/>
        </annotation>
    </item>
    <item name='java.security.cert.CertPathValidator java.security.Provider getProvider()'>
        <annotation name='com.intellij.inspections.tainted.annotation.equation.Equations'>
            <val val="{ &quot;getProvider := CertPathValidator&quot; }"/>
        </annotation>
    </item>
    <item name='java.security.cert.CertPathValidator java.security.cert.CertPathValidatorResult validate(java.security.cert.CertPath, java.security.cert.CertPathParameters)'>
        <annotation name='com.intellij.inspections.tainted.annotation.equation.Equations'>
            <val val="{ &quot;params := sun.security.validator.PKIXValidator#doValidate(java.security.cert.X509Certificate[], java.security.cert.PKIXBuilderParameters)#1&quot;, &quot;certPath := &quot; }"/>
        </annotation>
    </item>
    <item name='java.security.cert.CertPathValidatorException CertPathValidatorException(java.lang.String)'>
        <annotation name='com.intellij.inspections.tainted.annotation.equation.Equations'>
            <val val="{ &quot;CertPathValidatorException := CertPathValidatorException&quot; }"/>
        </annotation>
    </item>
    <item name='java.security.cert.CertPathValidatorException CertPathValidatorException(java.lang.String, java.lang.Throwable)'>
        <annotation name='com.intellij.inspections.tainted.annotation.equation.Equations'>
            <val val="{ &quot;msg := #CertPathValidatorException(java.lang.String)#0&quot;, &quot;CertPathValidatorException := CertPathValidatorException&quot;, &quot;cause := #CertPathValidatorException(java.lang.Throwable)#0&quot; }"/>
        </annotation>
    </item>
    <item name='java.security.cert.CertPathValidatorException CertPathValidatorException(java.lang.String, java.lang.Throwable, java.security.cert.CertPath, int)'>
        <annotation name='com.intellij.inspections.tainted.annotation.equation.Equations'>
            <val val="{ &quot;CertPathValidatorException := CertPathValidatorException&quot;, &quot;cause := #CertPathValidatorException(java.lang.String, java.lang.Throwable)#1&quot;, &quot;msg := #CertPathValidatorException(java.lang.String, java.lang.Throwable)#0&quot; }"/>
        </annotation>
    </item>
    <item name='java.security.cert.CertPathValidatorException CertPathValidatorException(java.lang.String, java.lang.Throwable, java.security.cert.CertPath, int, java.security.cert.CertPathValidatorException.Reason)'>
        <annotation name='com.intellij.inspections.tainted.annotation.equation.Equations'>
            <val val="{ &quot;cause := #CertPathValidatorException(java.lang.String, java.lang.Throwable, java.security.cert.CertPath, int)#1&quot;, &quot;index := #CertPathValidatorException(java.lang.String, java.lang.Throwable, java.security.cert.CertPath, int)#3&quot;, &quot;reason := CertPathValidatorException.BasicReason#UNSPECIFIED&quot;, &quot;msg := #CertPathValidatorException(java.lang.String, java.lang.Throwable, java.security.cert.CertPath, int)#0&quot;, &quot;CertPathValidatorException := CertPathValidatorException&quot;, &quot;certPath := #CertPathValidatorException(java.lang.String, java.lang.Throwable, java.security.cert.CertPath, int)#2&quot; }"/>
        </annotation>
    </item>
    <item name='java.security.cert.CertPathValidatorException CertPathValidatorException(java.lang.Throwable)'>
        <annotation name='com.intellij.inspections.tainted.annotation.equation.Equations'>
            <val val="{ &quot;CertPathValidatorException := CertPathValidatorException&quot; }"/>
        </annotation>
    </item>
    <item name='java.security.cert.CertPathValidatorResult java.lang.Object clone()'>
        <annotation name='com.intellij.inspections.tainted.annotation.equation.Equations'>
            <val val="{ &quot;clone := PKIXCertPathValidatorResult#clone()&quot; }"/>
        </annotation>
    </item>
    <item name='java.security.cert.CertSelector boolean match(java.security.cert.Certificate)'>
        <annotation name='com.intellij.inspections.tainted.annotation.equation.Equations'>
            <val val="{ &quot;cert := X509CertSelector#match(java.security.cert.Certificate)#0&quot; }"/>
        </annotation>
    </item>
    <item name='java.security.cert.CertSelector java.lang.Object clone()'>
        <annotation name='com.intellij.inspections.tainted.annotation.equation.Equations'>
            <val val="{ &quot;clone := X509CertSelector#clone()&quot; }"/>
        </annotation>
    </item>
    <item name='java.security.cert.CertStore CertStore(java.security.cert.CertStoreSpi, java.security.Provider, java.lang.String, java.security.cert.CertStoreParameters)'>
        <annotation name='com.intellij.inspections.tainted.annotation.equation.Equations'>
            <val val="{ &quot;CertStore := CertStore&quot;, &quot;params := #getInstance(java.lang.String, java.security.cert.CertStoreParameters)#1 &amp; #getInstance(java.lang.String, java.security.cert.CertStoreParameters, java.lang.String)#1 &amp; #getInstance(java.lang.String, java.security.cert.CertStoreParameters, java.security.Provider)#1&quot;, &quot;type := #getInstance(java.lang.String, java.security.cert.CertStoreParameters)#0 &amp; #getInstance(java.lang.String, java.security.cert.CertStoreParameters, java.lang.String)#0 &amp; #getInstance(java.lang.String, java.security.cert.CertStoreParameters, java.security.Provider)#0&quot; }"/>
        </annotation>
    </item>
    <item name='java.security.cert.CertStore java.lang.String getType()'>
        <annotation name='com.intellij.inspections.tainted.annotation.equation.Equations'>
            <val val="{ &quot;getType := CertStore&quot; }"/>
        </annotation>
    </item>
    <item name='java.security.cert.CertStore java.security.Provider getProvider()'>
        <annotation name='com.intellij.inspections.tainted.annotation.equation.Equations'>
            <val val="{ &quot;getProvider := CertStore&quot; }"/>
        </annotation>
    </item>
    <item name='java.security.cert.CertStore java.security.cert.CertStore getInstance(java.lang.String, java.security.cert.CertStoreParameters)'>
        <annotation name='com.intellij.inspections.tainted.annotation.equation.Equations'>
            <val val="{ &quot;params := &quot; }"/>
        </annotation>
    </item>
    <item name='java.security.cert.CertStoreException CertStoreException(java.lang.String)'>
        <annotation name='com.intellij.inspections.tainted.annotation.equation.Equations'>
            <val val="{ &quot;CertStoreException := CertStoreException&quot; }"/>
        </annotation>
    </item>
    <item name='java.security.cert.CertStoreException CertStoreException(java.lang.String, java.lang.Throwable)'>
        <annotation name='com.intellij.inspections.tainted.annotation.equation.Equations'>
            <val val="{ &quot;CertStoreException := CertStoreException&quot; }"/>
        </annotation>
    </item>
    <item name='java.security.cert.CertStoreException CertStoreException(java.lang.Throwable)'>
        <annotation name='com.intellij.inspections.tainted.annotation.equation.Equations'>
            <val val="{ &quot;CertStoreException := CertStoreException&quot; }"/>
        </annotation>
    </item>
    <item name='java.security.cert.CertStoreParameters java.lang.Object clone()'>
        <annotation name='com.intellij.inspections.tainted.annotation.equation.Equations'>
            <val val="{ &quot;clone := LDAPCertStoreParameters#clone() &amp; CollectionCertStoreParameters#clone()&quot; }"/>
        </annotation>
    </item>
    <item name='java.security.cert.Certificate'>
        <annotation name='com.intellij.inspections.tainted.annotation.equation.Equations'>
            <val val="{ &quot;Certificate := X509Certificate&quot; }"/>
        </annotation>
    </item>
    <item name='java.security.cert.Certificate Certificate(java.lang.String)'>
        <annotation name='com.intellij.inspections.tainted.annotation.equation.Equations'>
            <val val="{ &quot;Certificate := Certificate&quot; }"/>
        </annotation>
    </item>
    <item name='java.security.cert.Certificate boolean equals(java.lang.Object)'>
        <annotation name='com.intellij.inspections.tainted.annotation.equation.Equations'>
            <val val="{ &quot;other := java.security.UnresolvedPermission &amp; sun.security.provider.PolicyFile.SelfPermission &amp; java.lang.ClassLoader#compareCerts(java.security.cert.Certificate[], java.security.cert.Certificate[])#0 &amp; java.lang.ClassLoader#compareCerts(java.security.cert.Certificate[], java.security.cert.Certificate[])#1 &amp; java.security.UnresolvedPermission#resolve(java.security.Permission, java.security.cert.Certificate[])#1 &amp; sun.security.provider.PolicyFile.SelfPermission &amp; javax.crypto.JarVerifier &amp; sun.security.validator.SimpleValidator#getTrustedCertificate(java.security.cert.X509Certificate)#0&quot; }"/>
        </annotation>
    </item>
    <item name='java.security.cert.Certificate byte[] getEncoded()'>
        <annotation name='com.intellij.inspections.tainted.annotation.equation.Equations'>
            <val val="{ &quot;getEncoded := sun.security.x509.X509CertImpl#getEncoded()&quot; }"/>
        </annotation>
    </item>
    <item name='java.security.cert.Certificate int hashCode()'>
        <annotation name='com.intellij.inspections.tainted.annotation.equation.Equations'>
            <val val="{ &quot;hashCode := Certificate&quot; }"/>
        </annotation>
    </item>
    <item name='java.security.cert.Certificate java.lang.String getType()'>
        <annotation name='com.intellij.inspections.tainted.annotation.equation.Equations'>
            <val val="{ &quot;getType := Certificate&quot; }"/>
        </annotation>
    </item>
    <item name='java.security.cert.Certificate java.lang.String toString()'>
        <annotation name='com.intellij.inspections.tainted.annotation.equation.Equations'>
            <val val="{ &quot;toString := sun.security.x509.X509CertImpl#toString()&quot; }"/>
        </annotation>
    </item>
    <item name='java.security.cert.Certificate java.security.PublicKey getPublicKey()'>
        <annotation name='com.intellij.inspections.tainted.annotation.equation.Equations'>
            <val val="{ &quot;getPublicKey := sun.security.x509.X509CertImpl#getPublicKey()&quot; }"/>
        </annotation>
    </item>
    <item name='java.security.cert.Certificate void verify(java.security.PublicKey)'>
        <annotation name='com.intellij.inspections.tainted.annotation.equation.Equations'>
            <val val="{ &quot;key := sun.security.x509.X509CertImpl#verify(java.security.PublicKey)#0&quot; }"/>
        </annotation>
    </item>
    <item name='java.security.cert.Certificate void verify(java.security.PublicKey, java.lang.String)'>
        <annotation name='com.intellij.inspections.tainted.annotation.equation.Equations'>
            <val val="{ &quot;key := sun.security.x509.X509CertImpl#verify(java.security.PublicKey, java.lang.String)#0&quot;, &quot;sigProvider := sun.security.x509.X509CertImpl#verify(java.security.PublicKey, java.lang.String)#1&quot; }"/>
        </annotation>
    </item>
    <item name='java.security.cert.Certificate void verify(java.security.PublicKey, java.security.Provider)'>
        <annotation name='com.intellij.inspections.tainted.annotation.equation.Equations'>
            <val val="{ &quot;key := X509Certificate#verify(java.security.PublicKey, java.security.Provider)#0&quot;, &quot;sigProvider := X509Certificate#verify(java.security.PublicKey, java.security.Provider)#1&quot; }"/>
        </annotation>
    </item>
    <item name='java.security.cert.Certificate.CertificateRep CertificateRep(java.lang.String, byte[])'>
        <annotation name='com.intellij.inspections.tainted.annotation.equation.Equations'>
            <val val="{ &quot;CertificateRep := Certificate.CertificateRep&quot;, &quot;type := Certificate&quot; }"/>
        </annotation>
    </item>
    <item name='java.security.cert.CertificateEncodingException CertificateEncodingException(java.lang.String)'>
        <annotation name='com.intellij.inspections.tainted.annotation.equation.Equations'>
            <val val="{ &quot;CertificateEncodingException := CertificateEncodingException&quot; }"/>
        </annotation>
    </item>
    <item name='java.security.cert.CertificateEncodingException CertificateEncodingException(java.lang.String, java.lang.Throwable)'>
        <annotation name='com.intellij.inspections.tainted.annotation.equation.Equations'>
            <val val="{ &quot;CertificateEncodingException := CertificateEncodingException&quot; }"/>
        </annotation>
    </item>
    <item name='java.security.cert.CertificateEncodingException CertificateEncodingException(java.lang.Throwable)'>
        <annotation name='com.intellij.inspections.tainted.annotation.equation.Equations'>
            <val val="{ &quot;CertificateEncodingException := CertificateEncodingException&quot; }"/>
        </annotation>
    </item>
    <item name='java.security.cert.CertificateException'>
        <annotation name='com.intellij.inspections.tainted.annotation.equation.Equations'>
            <val val="{ &quot;CertificateException := CertificateRevokedException&quot; }"/>
        </annotation>
    </item>
    <item name='java.security.cert.CertificateException CertificateException(java.lang.String)'>
        <annotation name='com.intellij.inspections.tainted.annotation.equation.Equations'>
            <val val="{ &quot;msg := CertificateExpiredException#CertificateExpiredException(java.lang.String)#0 &amp; CertificateParsingException#CertificateParsingException(java.lang.String)#0 &amp; CertificateEncodingException#CertificateEncodingException(java.lang.String)#0 &amp; CertificateNotYetValidException#CertificateNotYetValidException(java.lang.String)#0&quot;, &quot;CertificateException := CertificateException&quot; }"/>
        </annotation>
    </item>
    <item name='java.security.cert.CertificateException CertificateException(java.lang.String, java.lang.Throwable)'>
        <annotation name='com.intellij.inspections.tainted.annotation.equation.Equations'>
            <val val="{ &quot;message := CertificateParsingException#CertificateParsingException(java.lang.String, java.lang.Throwable)#0 &amp; CertificateEncodingException#CertificateEncodingException(java.lang.String, java.lang.Throwable)#0&quot;, &quot;CertificateException := CertificateException&quot;, &quot;cause := CertificateParsingException#CertificateParsingException(java.lang.String, java.lang.Throwable)#1 &amp; CertificateEncodingException#CertificateEncodingException(java.lang.String, java.lang.Throwable)#1&quot; }"/>
        </annotation>
    </item>
    <item name='java.security.cert.CertificateException CertificateException(java.lang.Throwable)'>
        <annotation name='com.intellij.inspections.tainted.annotation.equation.Equations'>
            <val val="{ &quot;cause := CertificateParsingException#CertificateParsingException(java.lang.Throwable)#0 &amp; CertificateEncodingException#CertificateEncodingException(java.lang.Throwable)#0&quot;, &quot;CertificateException := CertificateException&quot; }"/>
        </annotation>
    </item>
    <item name='java.security.cert.CertificateExpiredException CertificateExpiredException(java.lang.String)'>
        <annotation name='com.intellij.inspections.tainted.annotation.equation.Equations'>
            <val val="{ &quot;CertificateExpiredException := CertificateExpiredException&quot; }"/>
        </annotation>
    </item>
    <item name='java.security.cert.CertificateFactory java.security.cert.CRL generateCRL(java.io.InputStream)'>
        <annotation name='com.intellij.inspections.tainted.annotation.equation.Equations'>
            <val val="{ &quot;inStream := &quot; }"/>
        </annotation>
    </item>
    <item name='java.security.cert.CertificateFactory java.security.cert.CertPath generateCertPath(java.util.List&lt;? extends java.security.cert.Certificate&gt;)'>
        <annotation name='com.intellij.inspections.tainted.annotation.equation.Equations'>
            <val val="{ &quot;certificates := &quot; }"/>
        </annotation>
    </item>
    <item name='java.security.cert.CertificateFactory java.security.cert.Certificate generateCertificate(java.io.InputStream)'>
        <annotation name='com.intellij.inspections.tainted.annotation.equation.Equations'>
            <val val="{ &quot;inStream := &quot; }"/>
        </annotation>
    </item>
    <item name='java.security.cert.CertificateFactory java.security.cert.CertificateFactory getInstance(java.lang.String)'>
        <annotation name='com.intellij.inspections.tainted.annotation.equation.Equations'>
            <val val="{ &quot;type := com.sun.org.apache.xml.internal.security.keys.content.x509.XMLX509Certificate#JCA_CERT_ID &amp; CertPath.CertPathRep &amp; Certificate.CertificateRep&quot; }"/>
        </annotation>
    </item>
    <item name='java.security.cert.CertificateFactorySpi'>
        <annotation name='com.intellij.inspections.tainted.annotation.equation.Equations'>
            <val val="{ &quot;CertificateFactorySpi := sun.security.provider.X509Factory&quot; }"/>
        </annotation>
    </item>
    <item name='java.security.cert.CertificateFactorySpi java.security.cert.CRL engineGenerateCRL(java.io.InputStream)'>
        <annotation name='com.intellij.inspections.tainted.annotation.equation.Equations'>
            <val val="{ &quot;inStream := sun.security.provider.X509Factory#engineGenerateCRL(java.io.InputStream)#0&quot;, &quot;engineGenerateCRL := sun.security.provider.X509Factory#engineGenerateCRL(java.io.InputStream)&quot; }"/>
        </annotation>
    </item>
    <item name='java.security.cert.CertificateFactorySpi java.security.cert.CertPath engineGenerateCertPath(java.io.InputStream)'>
        <annotation name='com.intellij.inspections.tainted.annotation.equation.Equations'>
            <val val="{ &quot;inStream := CertificateFactory#generateCertPath(java.io.InputStream)#0 &amp; sun.security.provider.X509Factory#engineGenerateCertPath(java.io.InputStream)#0&quot;, &quot;engineGenerateCertPath := sun.security.provider.X509Factory#engineGenerateCertPath(java.io.InputStream)&quot; }"/>
        </annotation>
    </item>
    <item name='java.security.cert.CertificateFactorySpi java.security.cert.CertPath engineGenerateCertPath(java.io.InputStream, java.lang.String)'>
        <annotation name='com.intellij.inspections.tainted.annotation.equation.Equations'>
            <val val="{ &quot;encoding := sun.security.provider.X509Factory#engineGenerateCertPath(java.io.InputStream, java.lang.String)#1&quot;, &quot;inStream := sun.security.provider.X509Factory#engineGenerateCertPath(java.io.InputStream, java.lang.String)#0&quot;, &quot;engineGenerateCertPath := sun.security.provider.X509Factory#engineGenerateCertPath(java.io.InputStream, java.lang.String)&quot; }"/>
        </annotation>
    </item>
    <item name='java.security.cert.CertificateFactorySpi java.security.cert.CertPath engineGenerateCertPath(java.util.List&lt;? extends java.security.cert.Certificate&gt;)'>
        <annotation name='com.intellij.inspections.tainted.annotation.equation.Equations'>
            <val val="{ &quot;certificates := sun.security.provider.X509Factory#engineGenerateCertPath(java.util.List)#0&quot;, &quot;engineGenerateCertPath := sun.security.provider.X509Factory#engineGenerateCertPath(java.util.List)&quot; }"/>
        </annotation>
    </item>
    <item name='java.security.cert.CertificateFactorySpi java.security.cert.Certificate engineGenerateCertificate(java.io.InputStream)'>
        <annotation name='com.intellij.inspections.tainted.annotation.equation.Equations'>
            <val val="{ &quot;engineGenerateCertificate := sun.security.provider.X509Factory#engineGenerateCertificate(java.io.InputStream)&quot;, &quot;inStream := sun.security.provider.X509Factory#engineGenerateCertificate(java.io.InputStream)#0&quot; }"/>
        </annotation>
    </item>
    <item name='java.security.cert.CertificateFactorySpi java.util.Collection&lt;? extends java.security.cert.CRL&gt; engineGenerateCRLs(java.io.InputStream)'>
        <annotation name='com.intellij.inspections.tainted.annotation.equation.Equations'>
            <val val="{ &quot;engineGenerateCRLs := sun.security.provider.X509Factory#engineGenerateCRLs(java.io.InputStream)&quot;, &quot;inStream := CertificateFactory#generateCRLs(java.io.InputStream)#0 &amp; sun.security.provider.X509Factory#engineGenerateCRLs(java.io.InputStream)#0&quot; }"/>
        </annotation>
    </item>
    <item name='java.security.cert.CertificateFactorySpi java.util.Collection&lt;? extends java.security.cert.Certificate&gt; engineGenerateCertificates(java.io.InputStream)'>
        <annotation name='com.intellij.inspections.tainted.annotation.equation.Equations'>
            <val val="{ &quot;engineGenerateCertificates := sun.security.provider.X509Factory#engineGenerateCertificates(java.io.InputStream)&quot;, &quot;inStream := CertificateFactory#generateCertificates(java.io.InputStream)#0 &amp; sun.security.provider.X509Factory#engineGenerateCertificates(java.io.InputStream)#0&quot; }"/>
        </annotation>
    </item>
    <item name='java.security.cert.CertificateFactorySpi java.util.Iterator&lt;java.lang.String&gt; engineGetCertPathEncodings()'>
        <annotation name='com.intellij.inspections.tainted.annotation.equation.Equations'>
            <val val="{ &quot;engineGetCertPathEncodings := sun.security.provider.X509Factory#engineGetCertPathEncodings()&quot; }"/>
        </annotation>
    </item>
    <item name='java.security.cert.CertificateNotYetValidException CertificateNotYetValidException(java.lang.String)'>
        <annotation name='com.intellij.inspections.tainted.annotation.equation.Equations'>
            <val val="{ &quot;CertificateNotYetValidException := CertificateNotYetValidException&quot; }"/>
        </annotation>
    </item>
    <item name='java.security.cert.CertificateParsingException CertificateParsingException(java.lang.String)'>
        <annotation name='com.intellij.inspections.tainted.annotation.equation.Equations'>
            <val val="{ &quot;CertificateParsingException := CertificateParsingException&quot; }"/>
        </annotation>
    </item>
    <item name='java.security.cert.CertificateParsingException CertificateParsingException(java.lang.String, java.lang.Throwable)'>
        <annotation name='com.intellij.inspections.tainted.annotation.equation.Equations'>
            <val val="{ &quot;CertificateParsingException := CertificateParsingException&quot; }"/>
        </annotation>
    </item>
    <item name='java.security.cert.CertificateParsingException CertificateParsingException(java.lang.Throwable)'>
        <annotation name='com.intellij.inspections.tainted.annotation.equation.Equations'>
            <val val="{ &quot;CertificateParsingException := CertificateParsingException&quot; }"/>
        </annotation>
    </item>
    <item name='java.security.cert.CertificateRevokedException'>
        <annotation name='com.intellij.inspections.tainted.annotation.equation.Equations'>
            <val val="{ &quot;CertificateRevokedException := &quot; }"/>
        </annotation>
    </item>
    <item name='java.security.cert.CertificateRevokedException CertificateRevokedException(java.util.Date, java.security.cert.CRLReason, javax.security.auth.x500.X500Principal, java.util.Map&lt;java.lang.String,java.security.cert.Extension&gt;)'>
        <annotation name='com.intellij.inspections.tainted.annotation.equation.Equations'>
            <val val="{ &quot;CertificateRevokedException := CertificateRevokedException&quot; }"/>
        </annotation>
    </item>
    <item name='java.security.cert.CertificateRevokedException java.lang.String getMessage()'>
        <annotation name='com.intellij.inspections.tainted.annotation.equation.Equations'>
            <val val="{ &quot;getMessage := CertificateRevokedException&quot; }"/>
        </annotation>
    </item>
    <item name='java.security.cert.CertificateRevokedException java.security.cert.CRLReason getRevocationReason()'>
        <annotation name='com.intellij.inspections.tainted.annotation.equation.Equations'>
            <val val="{ &quot;getRevocationReason := CertificateRevokedException&quot; }"/>
        </annotation>
    </item>
    <item name='java.security.cert.CertificateRevokedException javax.security.auth.x500.X500Principal getAuthorityName()'>
        <annotation name='com.intellij.inspections.tainted.annotation.equation.Equations'>
            <val val="{ &quot;getAuthorityName := CertificateRevokedException&quot; }"/>
        </annotation>
    </item>
    <item name='java.security.cert.CollectionCertStoreParameters CollectionCertStoreParameters()'>
        <annotation name='com.intellij.inspections.tainted.annotation.equation.Equations'>
            <val val="{ &quot;CollectionCertStoreParameters := CollectionCertStoreParameters&quot; }"/>
        </annotation>
    </item>
    <item name='java.security.cert.CollectionCertStoreParameters CollectionCertStoreParameters(java.util.Collection&lt;?&gt;)'>
        <annotation name='com.intellij.inspections.tainted.annotation.equation.Equations'>
            <val val="{ &quot;CollectionCertStoreParameters := CollectionCertStoreParameters&quot;, &quot;collection := &quot; }"/>
        </annotation>
    </item>
    <item name='java.security.cert.CollectionCertStoreParameters java.util.Collection&lt;?&gt; getCollection()'>
        <annotation name='com.intellij.inspections.tainted.annotation.equation.Equations'>
            <val val="{ &quot;getCollection := CollectionCertStoreParameters&quot; }"/>
        </annotation>
    </item>
    <item name='java.security.cert.Extension byte[] getValue()'>
        <annotation name='com.intellij.inspections.tainted.annotation.equation.Equations'>
            <val val="{ &quot;getValue := sun.security.x509.Extension#getValue()&quot; }"/>
        </annotation>
    </item>
    <item name='java.security.cert.Extension java.lang.String getId()'>
        <annotation name='com.intellij.inspections.tainted.annotation.equation.Equations'>
            <val val="{ &quot;getId := sun.security.x509.Extension#getId()&quot; }"/>
        </annotation>
    </item>
    <item name='java.security.cert.Extension void encode(java.io.OutputStream)'>
        <annotation name='com.intellij.inspections.tainted.annotation.equation.Equations'>
            <val val="{ &quot;out := sun.security.x509.Extension#encode(java.io.OutputStream)#0&quot; }"/>
        </annotation>
    </item>
    <item name='java.security.cert.LDAPCertStoreParameters LDAPCertStoreParameters()'>
        <annotation name='com.intellij.inspections.tainted.annotation.equation.Equations'>
            <val val="{ &quot;LDAPCertStoreParameters := LDAPCertStoreParameters&quot; }"/>
        </annotation>
    </item>
    <item name='java.security.cert.LDAPCertStoreParameters LDAPCertStoreParameters(java.lang.String)'>
        <annotation name='com.intellij.inspections.tainted.annotation.equation.Equations'>
            <val val="{ &quot;LDAPCertStoreParameters := LDAPCertStoreParameters&quot; }"/>
        </annotation>
    </item>
    <item name='java.security.cert.LDAPCertStoreParameters LDAPCertStoreParameters(java.lang.String, int)'>
        <annotation name='com.intellij.inspections.tainted.annotation.equation.Equations'>
            <val val="{ &quot;port := #LDAP_DEFAULT_PORT&quot;, &quot;LDAPCertStoreParameters := LDAPCertStoreParameters&quot;, &quot;serverName := #LDAPCertStoreParameters(java.lang.String)#0&quot; }"/>
        </annotation>
    </item>
    <item name='java.security.cert.LDAPCertStoreParameters int getPort()'>
        <annotation name='com.intellij.inspections.tainted.annotation.equation.Equations'>
            <val val="{ &quot;getPort := LDAPCertStoreParameters&quot; }"/>
        </annotation>
    </item>
    <item name='java.security.cert.LDAPCertStoreParameters java.lang.String getServerName()'>
        <annotation name='com.intellij.inspections.tainted.annotation.equation.Equations'>
            <val val="{ &quot;getServerName := LDAPCertStoreParameters&quot; }"/>
        </annotation>
    </item>
    <item name='java.security.cert.PKIXBuilderParameters'>
        <annotation name='com.intellij.inspections.tainted.annotation.equation.Equations'>
            <val val="{ &quot;PKIXBuilderParameters := sun.security.provider.certpath.PKIXExtendedParameters&quot; }"/>
        </annotation>
    </item>
    <item name='java.security.cert.PKIXBuilderParameters PKIXBuilderParameters(java.security.KeyStore, java.security.cert.CertSelector)'>
        <annotation name='com.intellij.inspections.tainted.annotation.equation.Equations'>
            <val val="{ &quot;PKIXBuilderParameters := PKIXBuilderParameters&quot; }"/>
        </annotation>
    </item>
    <item name='java.security.cert.PKIXBuilderParameters PKIXBuilderParameters(java.util.Set&lt;java.security.cert.TrustAnchor&gt;, java.security.cert.CertSelector)'>
        <annotation name='com.intellij.inspections.tainted.annotation.equation.Equations'>
            <val val="{ &quot;trustAnchors := &quot;, &quot;PKIXBuilderParameters := PKIXBuilderParameters&quot; }"/>
        </annotation>
    </item>
    <item name='java.security.cert.PKIXBuilderParameters int getMaxPathLength()'>
        <annotation name='com.intellij.inspections.tainted.annotation.equation.Equations'>
            <val val="{ &quot;getMaxPathLength := PKIXBuilderParameters&quot; }"/>
        </annotation>
    </item>
    <item name='java.security.cert.PKIXBuilderParameters java.lang.String toString()'>
        <annotation name='com.intellij.inspections.tainted.annotation.equation.Equations'>
            <val val="{ &quot;toString := sun.security.provider.certpath.PKIXExtendedParameters#toString()&quot; }"/>
        </annotation>
    </item>
    <item name='java.security.cert.PKIXBuilderParameters void setMaxPathLength(int)'>
        <annotation name='com.intellij.inspections.tainted.annotation.equation.Equations'>
            <val val="{ &quot;maxPathLength := sun.security.provider.certpath.PKIXExtendedParameters#setMaxPathLength(int)#0&quot; }"/>
        </annotation>
    </item>
    <item name='java.security.cert.PKIXCertPathBuilderResult PKIXCertPathBuilderResult(java.security.cert.CertPath, java.security.cert.TrustAnchor, java.security.cert.PolicyNode, java.security.PublicKey)'>
        <annotation name='com.intellij.inspections.tainted.annotation.equation.Equations'>
            <val val="{ &quot;PKIXCertPathBuilderResult := PKIXCertPathBuilderResult&quot; }"/>
        </annotation>
    </item>
    <item name='java.security.cert.PKIXCertPathBuilderResult java.security.cert.CertPath getCertPath()'>
        <annotation name='com.intellij.inspections.tainted.annotation.equation.Equations'>
            <val val="{ &quot;getCertPath := PKIXCertPathBuilderResult&quot; }"/>
        </annotation>
    </item>
    <item name='java.security.cert.PKIXCertPathChecker'>
        <annotation name='com.intellij.inspections.tainted.annotation.equation.Equations'>
            <val val="{ &quot;PKIXCertPathChecker := PKIXRevocationChecker &amp; sun.security.provider.certpath.AlgorithmChecker &amp; sun.security.provider.certpath.UntrustedChecker&quot; }"/>
        </annotation>
    </item>
    <item name='java.security.cert.PKIXCertPathChecker PKIXCertPathChecker()'>
        <annotation name='com.intellij.inspections.tainted.annotation.equation.Equations'>
            <val val="{ &quot;PKIXCertPathChecker := PKIXCertPathChecker&quot; }"/>
        </annotation>
    </item>
    <item name='java.security.cert.PKIXCertPathChecker java.lang.Object clone()'>
        <annotation name='com.intellij.inspections.tainted.annotation.equation.Equations'>
            <val val="{ &quot;clone := PKIXRevocationChecker#clone()&quot; }"/>
        </annotation>
    </item>
    <item name='java.security.cert.PKIXCertPathChecker java.util.Set&lt;java.lang.String&gt; getSupportedExtensions()'>
        <annotation name='com.intellij.inspections.tainted.annotation.equation.Equations'>
            <val val="{ &quot;getSupportedExtensions := sun.security.provider.certpath.AlgorithmChecker#getSupportedExtensions() &amp; sun.security.provider.certpath.UntrustedChecker#getSupportedExtensions()&quot; }"/>
        </annotation>
    </item>
    <item name='java.security.cert.PKIXCertPathChecker void check(java.security.cert.Certificate)'>
        <annotation name='com.intellij.inspections.tainted.annotation.equation.Equations'>
            <val val="{ &quot;cert := sun.security.validator.SimpleValidator#engineValidate(java.security.cert.X509Certificate[], java.util.Collection, java.security.AlgorithmConstraints, java.lang.Object)#0&quot; }"/>
        </annotation>
    </item>
    <item name='java.security.cert.PKIXCertPathChecker void check(java.security.cert.Certificate, java.util.Collection&lt;java.lang.String&gt;)'>
        <annotation name='com.intellij.inspections.tainted.annotation.equation.Equations'>
            <val val="{ &quot;unresolvedCritExts := &quot;, &quot;cert := #check(java.security.cert.Certificate)#0&quot; }"/>
        </annotation>
    </item>
    <item name='java.security.cert.PKIXCertPathValidatorResult'>
        <annotation name='com.intellij.inspections.tainted.annotation.equation.Equations'>
            <val val="{ &quot;PKIXCertPathValidatorResult := PKIXCertPathBuilderResult&quot; }"/>
        </annotation>
    </item>
    <item name='java.security.cert.PKIXCertPathValidatorResult PKIXCertPathValidatorResult(java.security.cert.TrustAnchor, java.security.cert.PolicyNode, java.security.PublicKey)'>
        <annotation name='com.intellij.inspections.tainted.annotation.equation.Equations'>
            <val val="{ &quot;PKIXCertPathValidatorResult := PKIXCertPathValidatorResult&quot;, &quot;trustAnchor := PKIXCertPathBuilderResult#PKIXCertPathBuilderResult(java.security.cert.CertPath, java.security.cert.TrustAnchor, java.security.cert.PolicyNode, java.security.PublicKey)#1&quot;, &quot;policyTree := PKIXCertPathBuilderResult#PKIXCertPathBuilderResult(java.security.cert.CertPath, java.security.cert.TrustAnchor, java.security.cert.PolicyNode, java.security.PublicKey)#2&quot;, &quot;subjectPublicKey := PKIXCertPathBuilderResult#PKIXCertPathBuilderResult(java.security.cert.CertPath, java.security.cert.TrustAnchor, java.security.cert.PolicyNode, java.security.PublicKey)#3&quot; }"/>
        </annotation>
    </item>
    <item name='java.security.cert.PKIXCertPathValidatorResult java.lang.String toString()'>
        <annotation name='com.intellij.inspections.tainted.annotation.equation.Equations'>
            <val val="{ &quot;toString := PKIXCertPathBuilderResult#toString()&quot; }"/>
        </annotation>
    </item>
    <item name='java.security.cert.PKIXCertPathValidatorResult java.security.PublicKey getPublicKey()'>
        <annotation name='com.intellij.inspections.tainted.annotation.equation.Equations'>
            <val val="{ &quot;getPublicKey := PKIXCertPathValidatorResult&quot; }"/>
        </annotation>
    </item>
    <item name='java.security.cert.PKIXCertPathValidatorResult java.security.cert.PolicyNode getPolicyTree()'>
        <annotation name='com.intellij.inspections.tainted.annotation.equation.Equations'>
            <val val="{ &quot;getPolicyTree := PKIXCertPathValidatorResult&quot; }"/>
        </annotation>
    </item>
    <item name='java.security.cert.PKIXCertPathValidatorResult java.security.cert.TrustAnchor getTrustAnchor()'>
        <annotation name='com.intellij.inspections.tainted.annotation.equation.Equations'>
            <val val="{ &quot;getTrustAnchor := PKIXCertPathValidatorResult&quot; }"/>
        </annotation>
    </item>
    <item name='java.security.cert.PKIXParameters'>
        <annotation name='com.intellij.inspections.tainted.annotation.equation.Equations'>
            <val val="{ &quot;PKIXParameters := PKIXBuilderParameters&quot; }"/>
        </annotation>
    </item>
    <item name='java.security.cert.PKIXParameters PKIXParameters(java.security.KeyStore)'>
        <annotation name='com.intellij.inspections.tainted.annotation.equation.Equations'>
            <val val="{ &quot;PKIXParameters := PKIXParameters&quot;, &quot;keystore := PKIXBuilderParameters#PKIXBuilderParameters(java.security.KeyStore, java.security.cert.CertSelector)#0&quot; }"/>
        </annotation>
    </item>
    <item name='java.security.cert.PKIXParameters PKIXParameters(java.util.Set&lt;java.security.cert.TrustAnchor&gt;)'>
        <annotation name='com.intellij.inspections.tainted.annotation.equation.Equations'>
            <val val="{ &quot;PKIXParameters := PKIXParameters&quot;, &quot;trustAnchors := PKIXBuilderParameters#PKIXBuilderParameters(java.util.Set, java.security.cert.CertSelector)#0&quot; }"/>
        </annotation>
    </item>
    <item name='java.security.cert.PKIXParameters java.lang.String getSigProvider()'>
        <annotation name='com.intellij.inspections.tainted.annotation.equation.Equations'>
            <val val="{ &quot;getSigProvider := sun.security.provider.certpath.PKIXExtendedParameters#getSigProvider()&quot; }"/>
        </annotation>
    </item>
    <item name='java.security.cert.PKIXParameters java.lang.String toString()'>
        <annotation name='com.intellij.inspections.tainted.annotation.equation.Equations'>
            <val val="{ &quot;toString := PKIXBuilderParameters#toString()&quot; }"/>
        </annotation>
    </item>
    <item name='java.security.cert.PKIXParameters java.security.cert.CertSelector getTargetCertConstraints()'>
        <annotation name='com.intellij.inspections.tainted.annotation.equation.Equations'>
            <val val="{ &quot;getTargetCertConstraints := sun.security.provider.certpath.PKIXExtendedParameters#getTargetCertConstraints()&quot; }"/>
        </annotation>
    </item>
    <item name='java.security.cert.PKIXParameters java.util.Date getDate()'>
        <annotation name='com.intellij.inspections.tainted.annotation.equation.Equations'>
            <val val="{ &quot;getDate := sun.security.provider.certpath.PKIXExtendedParameters#getDate()&quot; }"/>
        </annotation>
    </item>
    <item name='java.security.cert.PKIXParameters java.util.List&lt;java.security.cert.CertStore&gt; getCertStores()'>
        <annotation name='com.intellij.inspections.tainted.annotation.equation.Equations'>
            <val val="{ &quot;getCertStores := sun.security.provider.certpath.PKIXExtendedParameters#getCertStores()&quot; }"/>
        </annotation>
    </item>
    <item name='java.security.cert.PKIXParameters java.util.List&lt;java.security.cert.PKIXCertPathChecker&gt; getCertPathCheckers()'>
        <annotation name='com.intellij.inspections.tainted.annotation.equation.Equations'>
            <val val="{ &quot;getCertPathCheckers := sun.security.provider.certpath.PKIXExtendedParameters#getCertPathCheckers()&quot; }"/>
        </annotation>
    </item>
    <item name='java.security.cert.PKIXParameters java.util.Set&lt;java.lang.String&gt; getInitialPolicies()'>
        <annotation name='com.intellij.inspections.tainted.annotation.equation.Equations'>
            <val val="{ &quot;getInitialPolicies := PKIXParameters&quot; }"/>
        </annotation>
    </item>
    <item name='java.security.cert.PKIXParameters java.util.Set&lt;java.security.cert.TrustAnchor&gt; getTrustAnchors()'>
        <annotation name='com.intellij.inspections.tainted.annotation.equation.Equations'>
            <val val="{ &quot;getTrustAnchors := PKIXParameters&quot; }"/>
        </annotation>
    </item>
    <item name='java.security.cert.PKIXParameters void addCertPathChecker(java.security.cert.PKIXCertPathChecker)'>
        <annotation name='com.intellij.inspections.tainted.annotation.equation.Equations'>
            <val val="{ &quot;checker := sun.security.provider.certpath.PKIXExtendedParameters#addCertPathChecker(java.security.cert.PKIXCertPathChecker)#0&quot; }"/>
        </annotation>
    </item>
    <item name='java.security.cert.PKIXParameters void addCertStore(java.security.cert.CertStore)'>
        <annotation name='com.intellij.inspections.tainted.annotation.equation.Equations'>
            <val val="{ &quot;store := sun.security.provider.certpath.PKIXExtendedParameters#addCertStore(java.security.cert.CertStore)#0&quot; }"/>
        </annotation>
    </item>
    <item name='java.security.cert.PKIXParameters void setCertPathCheckers(java.util.List&lt;java.security.cert.PKIXCertPathChecker&gt;)'>
        <annotation name='com.intellij.inspections.tainted.annotation.equation.Equations'>
            <val val="{ &quot;checkers := sun.security.provider.certpath.PKIXExtendedParameters#setCertPathCheckers(java.util.List)#0&quot; }"/>
        </annotation>
    </item>
    <item name='java.security.cert.PKIXParameters void setCertStores(java.util.List&lt;java.security.cert.CertStore&gt;)'>
        <annotation name='com.intellij.inspections.tainted.annotation.equation.Equations'>
            <val val="{ &quot;stores := sun.security.provider.certpath.PKIXExtendedParameters#setCertStores(java.util.List)#0&quot; }"/>
        </annotation>
    </item>
    <item name='java.security.cert.PKIXParameters void setDate(java.util.Date)'>
        <annotation name='com.intellij.inspections.tainted.annotation.equation.Equations'>
            <val val="{ &quot;date := sun.security.provider.certpath.PKIXExtendedParameters#setDate(java.util.Date)#0&quot; }"/>
        </annotation>
    </item>
    <item name='java.security.cert.PKIXParameters void setInitialPolicies(java.util.Set&lt;java.lang.String&gt;)'>
        <annotation name='com.intellij.inspections.tainted.annotation.equation.Equations'>
            <val val="{ &quot;initialPolicies := sun.security.provider.certpath.PKIXExtendedParameters#setInitialPolicies(java.util.Set)#0&quot; }"/>
        </annotation>
    </item>
    <item name='java.security.cert.PKIXParameters void setSigProvider(java.lang.String)'>
        <annotation name='com.intellij.inspections.tainted.annotation.equation.Equations'>
            <val val="{ &quot;sigProvider := sun.security.provider.certpath.PKIXExtendedParameters#setSigProvider(java.lang.String)#0&quot; }"/>
        </annotation>
    </item>
    <item name='java.security.cert.PKIXParameters void setTargetCertConstraints(java.security.cert.CertSelector)'>
        <annotation name='com.intellij.inspections.tainted.annotation.equation.Equations'>
            <val val="{ &quot;selector := sun.security.provider.certpath.PKIXExtendedParameters#setTargetCertConstraints(java.security.cert.CertSelector)#0&quot; }"/>
        </annotation>
    </item>
    <item name='java.security.cert.PKIXParameters void setTrustAnchors(java.util.Set&lt;java.security.cert.TrustAnchor&gt;)'>
        <annotation name='com.intellij.inspections.tainted.annotation.equation.Equations'>
            <val val="{ &quot;trustAnchors := sun.security.provider.certpath.PKIXExtendedParameters#setTrustAnchors(java.util.Set)#0&quot; }"/>
        </annotation>
    </item>
    <item name='java.security.cert.PKIXRevocationChecker'>
        <annotation name='com.intellij.inspections.tainted.annotation.equation.Equations'>
            <val val="{ &quot;PKIXRevocationChecker := #setOcspResponder(java.net.URI)#0 &amp; #setOcspResponderCert(java.security.cert.X509Certificate)#0&quot; }"/>
        </annotation>
    </item>
    <item name='java.security.cert.PKIXRevocationChecker PKIXRevocationChecker()'>
        <annotation name='com.intellij.inspections.tainted.annotation.equation.Equations'>
            <val val="{ &quot;PKIXRevocationChecker := PKIXRevocationChecker&quot; }"/>
        </annotation>
    </item>
    <item name='java.security.cert.PKIXRevocationChecker java.net.URI getOcspResponder()'>
        <annotation name='com.intellij.inspections.tainted.annotation.equation.Equations'>
            <val val="{ &quot;getOcspResponder := PKIXRevocationChecker&quot; }"/>
        </annotation>
    </item>
    <item name='java.security.cert.PKIXRevocationChecker java.security.cert.X509Certificate getOcspResponderCert()'>
        <annotation name='com.intellij.inspections.tainted.annotation.equation.Equations'>
            <val val="{ &quot;getOcspResponderCert := PKIXRevocationChecker&quot; }"/>
        </annotation>
    </item>
    <item name='java.security.cert.PolicyQualifierInfo PolicyQualifierInfo(byte[])'>
        <annotation name='com.intellij.inspections.tainted.annotation.equation.Equations'>
            <val val="{ &quot;encoded := &quot;, &quot;PolicyQualifierInfo := PolicyQualifierInfo&quot; }"/>
        </annotation>
    </item>
    <item name='java.security.cert.PolicyQualifierInfo byte[] getEncoded()'>
        <annotation name='com.intellij.inspections.tainted.annotation.equation.Equations'>
            <val val="{ &quot;getEncoded := PolicyQualifierInfo&quot; }"/>
        </annotation>
    </item>
    <item name='java.security.cert.PolicyQualifierInfo byte[] getPolicyQualifier()'>
        <annotation name='com.intellij.inspections.tainted.annotation.equation.Equations'>
            <val val="{ &quot;getPolicyQualifier := PolicyQualifierInfo&quot; }"/>
        </annotation>
    </item>
    <item name='java.security.cert.PolicyQualifierInfo java.lang.String getPolicyQualifierId()'>
        <annotation name='com.intellij.inspections.tainted.annotation.equation.Equations'>
            <val val="{ &quot;getPolicyQualifierId := PolicyQualifierInfo&quot; }"/>
        </annotation>
    </item>
    <item name='java.security.cert.PolicyQualifierInfo java.lang.String toString()'>
        <annotation name='com.intellij.inspections.tainted.annotation.equation.Equations'>
            <val val="{ &quot;toString := PolicyQualifierInfo&quot; }"/>
        </annotation>
    </item>
    <item name='java.security.cert.TrustAnchor TrustAnchor(java.lang.String, java.security.PublicKey, byte[])'>
        <annotation name='com.intellij.inspections.tainted.annotation.equation.Equations'>
            <val val="{ &quot;TrustAnchor := TrustAnchor&quot; }"/>
        </annotation>
    </item>
    <item name='java.security.cert.TrustAnchor TrustAnchor(java.security.cert.X509Certificate, byte[])'>
        <annotation name='com.intellij.inspections.tainted.annotation.equation.Equations'>
            <val val="{ &quot;TrustAnchor := TrustAnchor&quot;, &quot;trustedCert := sun.security.validator.SimpleValidator#engineValidate(java.security.cert.X509Certificate[], java.util.Collection, java.security.AlgorithmConstraints, java.lang.Object)#0 &amp; sun.security.validator.PKIXValidator#engineValidate(java.security.cert.X509Certificate[], java.util.Collection, java.security.AlgorithmConstraints, java.lang.Object)#0&quot; }"/>
        </annotation>
    </item>
    <item name='java.security.cert.TrustAnchor TrustAnchor(javax.security.auth.x500.X500Principal, java.security.PublicKey, byte[])'>
        <annotation name='com.intellij.inspections.tainted.annotation.equation.Equations'>
            <val val="{ &quot;TrustAnchor := TrustAnchor&quot; }"/>
        </annotation>
    </item>
    <item name='java.security.cert.TrustAnchor byte[] getNameConstraints()'>
        <annotation name='com.intellij.inspections.tainted.annotation.equation.Equations'>
            <val val="{ &quot;getNameConstraints := TrustAnchor&quot; }"/>
        </annotation>
    </item>
    <item name='java.security.cert.TrustAnchor java.lang.String getCAName()'>
        <annotation name='com.intellij.inspections.tainted.annotation.equation.Equations'>
            <val val="{ &quot;getCAName := TrustAnchor&quot; }"/>
        </annotation>
    </item>
    <item name='java.security.cert.TrustAnchor java.security.PublicKey getCAPublicKey()'>
        <annotation name='com.intellij.inspections.tainted.annotation.equation.Equations'>
            <val val="{ &quot;getCAPublicKey := TrustAnchor&quot; }"/>
        </annotation>
    </item>
    <item name='java.security.cert.TrustAnchor java.security.cert.X509Certificate getTrustedCert()'>
        <annotation name='com.intellij.inspections.tainted.annotation.equation.Equations'>
            <val val="{ &quot;getTrustedCert := TrustAnchor&quot; }"/>
        </annotation>
    </item>
    <item name='java.security.cert.TrustAnchor javax.security.auth.x500.X500Principal getCA()'>
        <annotation name='com.intellij.inspections.tainted.annotation.equation.Equations'>
            <val val="{ &quot;getCA := TrustAnchor&quot; }"/>
        </annotation>
    </item>
    <item name='java.security.cert.TrustAnchor void setNameConstraints(byte[])'>
        <annotation name='com.intellij.inspections.tainted.annotation.equation.Equations'>
            <val val="{ &quot;bytes := #TrustAnchor(java.security.cert.X509Certificate, byte[])#1 &amp; #TrustAnchor(javax.security.auth.x500.X500Principal, java.security.PublicKey, byte[])#2 &amp; #TrustAnchor(java.lang.String, java.security.PublicKey, byte[])#2&quot; }"/>
        </annotation>
    </item>
    <item name='java.security.cert.X509CRL'>
        <annotation name='com.intellij.inspections.tainted.annotation.equation.Equations'>
            <val val="{ &quot;X509CRL := sun.security.x509.X509CRLImpl&quot; }"/>
        </annotation>
    </item>
    <item name='java.security.cert.X509CRL X509CRL()'>
        <annotation name='com.intellij.inspections.tainted.annotation.equation.Equations'>
            <val val="{ &quot;X509CRL := X509CRL&quot; }"/>
        </annotation>
    </item>
    <item name='java.security.cert.X509CRL byte[] getEncoded()'>
        <annotation name='com.intellij.inspections.tainted.annotation.equation.Equations'>
            <val val="{ &quot;getEncoded := sun.security.x509.X509CRLImpl#getEncoded()&quot; }"/>
        </annotation>
    </item>
    <item name='java.security.cert.X509CRL byte[] getSigAlgParams()'>
        <annotation name='com.intellij.inspections.tainted.annotation.equation.Equations'>
            <val val="{ &quot;getSigAlgParams := sun.security.x509.X509CRLImpl#getSigAlgParams()&quot; }"/>
        </annotation>
    </item>
    <item name='java.security.cert.X509CRL byte[] getSignature()'>
        <annotation name='com.intellij.inspections.tainted.annotation.equation.Equations'>
            <val val="{ &quot;getSignature := sun.security.x509.X509CRLImpl#getSignature()&quot; }"/>
        </annotation>
    </item>
    <item name='java.security.cert.X509CRL byte[] getTBSCertList()'>
        <annotation name='com.intellij.inspections.tainted.annotation.equation.Equations'>
            <val val="{ &quot;getTBSCertList := sun.security.x509.X509CRLImpl#getTBSCertList()&quot; }"/>
        </annotation>
    </item>
    <item name='java.security.cert.X509CRL int getVersion()'>
        <annotation name='com.intellij.inspections.tainted.annotation.equation.Equations'>
            <val val="{ &quot;getVersion := sun.security.x509.X509CRLImpl#getVersion()&quot; }"/>
        </annotation>
    </item>
    <item name='java.security.cert.X509CRL java.lang.String getSigAlgName()'>
        <annotation name='com.intellij.inspections.tainted.annotation.equation.Equations'>
            <val val="{ &quot;getSigAlgName := sun.security.x509.X509CRLImpl#getSigAlgName()&quot; }"/>
        </annotation>
    </item>
    <item name='java.security.cert.X509CRL java.lang.String getSigAlgOID()'>
        <annotation name='com.intellij.inspections.tainted.annotation.equation.Equations'>
            <val val="{ &quot;getSigAlgOID := sun.security.x509.X509CRLImpl#getSigAlgOID()&quot; }"/>
        </annotation>
    </item>
    <item name='java.security.cert.X509CRL java.security.Principal getIssuerDN()'>
        <annotation name='com.intellij.inspections.tainted.annotation.equation.Equations'>
            <val val="{ &quot;getIssuerDN := sun.security.x509.X509CRLImpl#getIssuerDN()&quot; }"/>
        </annotation>
    </item>
    <item name='java.security.cert.X509CRL java.security.cert.X509CRLEntry getRevokedCertificate(java.math.BigInteger)'>
        <annotation name='com.intellij.inspections.tainted.annotation.equation.Equations'>
            <val val="{ &quot;serialNumber := sun.security.x509.X509CRLImpl#getRevokedCertificate(java.math.BigInteger)#0&quot;, &quot;getRevokedCertificate := sun.security.x509.X509CRLImpl#getRevokedCertificate(java.math.BigInteger)&quot; }"/>
        </annotation>
    </item>
    <item name='java.security.cert.X509CRL java.security.cert.X509CRLEntry getRevokedCertificate(java.security.cert.X509Certificate)'>
        <annotation name='com.intellij.inspections.tainted.annotation.equation.Equations'>
            <val val="{ &quot;getRevokedCertificate := sun.security.x509.X509CRLImpl#getRevokedCertificate(java.security.cert.X509Certificate)&quot;, &quot;certificate := sun.security.x509.X509CRLImpl#getRevokedCertificate(java.security.cert.X509Certificate)#0&quot; }"/>
        </annotation>
    </item>
    <item name='java.security.cert.X509CRL java.util.Date getNextUpdate()'>
        <annotation name='com.intellij.inspections.tainted.annotation.equation.Equations'>
            <val val="{ &quot;getNextUpdate := sun.security.x509.X509CRLImpl#getNextUpdate()&quot; }"/>
        </annotation>
    </item>
    <item name='java.security.cert.X509CRL java.util.Date getThisUpdate()'>
        <annotation name='com.intellij.inspections.tainted.annotation.equation.Equations'>
            <val val="{ &quot;getThisUpdate := sun.security.x509.X509CRLImpl#getThisUpdate()&quot; }"/>
        </annotation>
    </item>
    <item name='java.security.cert.X509CRL java.util.Set&lt;? extends java.security.cert.X509CRLEntry&gt; getRevokedCertificates()'>
        <annotation name='com.intellij.inspections.tainted.annotation.equation.Equations'>
            <val val="{ &quot;getRevokedCertificates := sun.security.x509.X509CRLImpl#getRevokedCertificates()&quot; }"/>
        </annotation>
    </item>
    <item name='java.security.cert.X509CRL javax.security.auth.x500.X500Principal getIssuerX500Principal()'>
        <annotation name='com.intellij.inspections.tainted.annotation.equation.Equations'>
            <val val="{ &quot;getIssuerX500Principal := sun.security.x509.X509CRLImpl#getIssuerX500Principal()&quot; }"/>
        </annotation>
    </item>
    <item name='java.security.cert.X509CRL void verify(java.security.PublicKey)'>
        <annotation name='com.intellij.inspections.tainted.annotation.equation.Equations'>
            <val val="{ &quot;key := sun.security.x509.X509CRLImpl#verify(java.security.PublicKey)#0&quot; }"/>
        </annotation>
    </item>
    <item name='java.security.cert.X509CRL void verify(java.security.PublicKey, java.lang.String)'>
        <annotation name='com.intellij.inspections.tainted.annotation.equation.Equations'>
            <val val="{ &quot;key := sun.security.x509.X509CRLImpl#verify(java.security.PublicKey, java.lang.String)#0&quot;, &quot;sigProvider := sun.security.x509.X509CRLImpl#verify(java.security.PublicKey, java.lang.String)#1&quot; }"/>
        </annotation>
    </item>
    <item name='java.security.cert.X509CRL void verify(java.security.PublicKey, java.security.Provider)'>
        <annotation name='com.intellij.inspections.tainted.annotation.equation.Equations'>
            <val val="{ &quot;key := sun.security.x509.X509CRLImpl#verify(java.security.PublicKey, java.security.Provider)#0&quot;, &quot;sigProvider := sun.security.x509.X509CRLImpl#verify(java.security.PublicKey, java.security.Provider)#1&quot; }"/>
        </annotation>
    </item>
    <item name='java.security.cert.X509CRLEntry'>
        <annotation name='com.intellij.inspections.tainted.annotation.equation.Equations'>
            <val val="{ &quot;X509CRLEntry := sun.security.x509.X509CRLEntryImpl&quot; }"/>
        </annotation>
    </item>
    <item name='java.security.cert.X509CRLEntry byte[] getEncoded()'>
        <annotation name='com.intellij.inspections.tainted.annotation.equation.Equations'>
            <val val="{ &quot;getEncoded := sun.security.x509.X509CRLEntryImpl#getEncoded()&quot; }"/>
        </annotation>
    </item>
    <item name='java.security.cert.X509CRLEntry java.lang.String toString()'>
        <annotation name='com.intellij.inspections.tainted.annotation.equation.Equations'>
            <val val="{ &quot;toString := sun.security.x509.X509CRLEntryImpl#toString()&quot; }"/>
        </annotation>
    </item>
    <item name='java.security.cert.X509CRLEntry java.math.BigInteger getSerialNumber()'>
        <annotation name='com.intellij.inspections.tainted.annotation.equation.Equations'>
            <val val="{ &quot;getSerialNumber := sun.security.x509.X509CRLEntryImpl#getSerialNumber()&quot; }"/>
        </annotation>
    </item>
    <item name='java.security.cert.X509CRLEntry java.security.cert.CRLReason getRevocationReason()'>
        <annotation name='com.intellij.inspections.tainted.annotation.equation.Equations'>
            <val val="{ &quot;getRevocationReason := sun.security.x509.X509CRLEntryImpl#getRevocationReason()&quot; }"/>
        </annotation>
    </item>
    <item name='java.security.cert.X509CRLEntry java.util.Date getRevocationDate()'>
        <annotation name='com.intellij.inspections.tainted.annotation.equation.Equations'>
            <val val="{ &quot;getRevocationDate := sun.security.x509.X509CRLEntryImpl#getRevocationDate()&quot; }"/>
        </annotation>
    </item>
    <item name='java.security.cert.X509CRLEntry javax.security.auth.x500.X500Principal getCertificateIssuer()'>
        <annotation name='com.intellij.inspections.tainted.annotation.equation.Equations'>
            <val val="{ &quot;getCertificateIssuer := sun.security.x509.X509CRLEntryImpl#getCertificateIssuer()&quot; }"/>
        </annotation>
    </item>
    <item name='java.security.cert.X509CRLSelector'>
        <annotation name='com.intellij.inspections.tainted.annotation.equation.Equations'>
            <val val="{ &quot;X509CRLSelector := #setMinCRLNumber(java.math.BigInteger)#0 &amp; #setMaxCRLNumber(java.math.BigInteger)#0 &amp; #setCertificateChecking(java.security.cert.X509Certificate)#0&quot; }"/>
        </annotation>
    </item>
    <item name='java.security.cert.X509CRLSelector X509CRLSelector()'>
        <annotation name='com.intellij.inspections.tainted.annotation.equation.Equations'>
            <val val="{ &quot;X509CRLSelector := X509CRLSelector&quot; }"/>
        </annotation>
    </item>
    <item name='java.security.cert.X509CRLSelector java.math.BigInteger getMaxCRL()'>
        <annotation name='com.intellij.inspections.tainted.annotation.equation.Equations'>
            <val val="{ &quot;getMaxCRL := X509CRLSelector&quot; }"/>
        </annotation>
    </item>
    <item name='java.security.cert.X509CRLSelector java.math.BigInteger getMinCRL()'>
        <annotation name='com.intellij.inspections.tainted.annotation.equation.Equations'>
            <val val="{ &quot;getMinCRL := X509CRLSelector&quot; }"/>
        </annotation>
    </item>
    <item name='java.security.cert.X509CRLSelector java.security.cert.X509Certificate getCertificateChecking()'>
        <annotation name='com.intellij.inspections.tainted.annotation.equation.Equations'>
            <val val="{ &quot;getCertificateChecking := X509CRLSelector&quot; }"/>
        </annotation>
    </item>
    <item name='java.security.cert.X509CRLSelector java.util.HashSet&lt;java.lang.Object&gt; cloneAndCheckIssuerNames(java.util.Collection&lt;?&gt;)'>
        <annotation name='com.intellij.inspections.tainted.annotation.equation.Equations'>
            <val val="{ &quot;names := #setIssuerNames(java.util.Collection)#0 &amp; #cloneIssuerNames(java.util.Collection)#0&quot; }"/>
        </annotation>
    </item>
    <item name='java.security.cert.X509CRLSelector java.util.HashSet&lt;java.lang.Object&gt; cloneIssuerNames(java.util.Collection&lt;java.lang.Object&gt;)'>
        <annotation name='com.intellij.inspections.tainted.annotation.equation.Equations'>
            <val val="{ &quot;names := X509CRLSelector&quot; }"/>
        </annotation>
    </item>
    <item name='java.security.cert.X509CRLSelector java.util.HashSet&lt;javax.security.auth.x500.X500Principal&gt; parseIssuerNames(java.util.Collection&lt;java.lang.Object&gt;)'>
        <annotation name='com.intellij.inspections.tainted.annotation.equation.Equations'>
            <val val="{ &quot;names := &quot; }"/>
        </annotation>
    </item>
    <item name='java.security.cert.X509CRLSelector void addIssuerNameInternal(java.lang.Object, javax.security.auth.x500.X500Principal)'>
        <annotation name='com.intellij.inspections.tainted.annotation.equation.Equations'>
            <val val="{ &quot;name := #addIssuerName(java.lang.String)#0 &amp; #addIssuerName(byte[])#0&quot;, &quot;principal := #addIssuer(javax.security.auth.x500.X500Principal)#0&quot; }"/>
        </annotation>
    </item>
    <item name='java.security.cert.X509CRLSelector void setDateAndTime(java.util.Date, long)'>
        <annotation name='com.intellij.inspections.tainted.annotation.equation.Equations'>
            <val val="{ &quot;dateAndTime := CertPathHelperImpl#implSetDateAndTime(java.security.cert.X509CRLSelector, java.util.Date, long)#1&quot;, &quot;skew := CertPathHelperImpl#implSetDateAndTime(java.security.cert.X509CRLSelector, java.util.Date, long)#2&quot; }"/>
        </annotation>
    </item>
    <item name='java.security.cert.X509CertSelector'>
        <annotation name='com.intellij.inspections.tainted.annotation.equation.Equations'>
            <val val="{ &quot;X509CertSelector := #setCertificate(java.security.cert.X509Certificate)#0 &amp; #setSerialNumber(java.math.BigInteger)#0 &amp; #setIssuer(javax.security.auth.x500.X500Principal)#0 &amp; #setSubject(javax.security.auth.x500.X500Principal)#0 &amp; #setSubjectKeyIdentifier(byte[])#0 &amp; #setAuthorityKeyIdentifier(byte[])#0 &amp; #setSubjectPublicKey(java.security.PublicKey)#0 &amp; #setSubjectPublicKey(byte[])#0 &amp; #setKeyUsage(boolean[])#0 &amp; #setNameConstraints(byte[])#0 &amp; #setBasicConstraints(int)#0&quot; }"/>
        </annotation>
    </item>
    <item name='java.security.cert.X509CertSelector X509CertSelector()'>
        <annotation name='com.intellij.inspections.tainted.annotation.equation.Equations'>
            <val val="{ &quot;X509CertSelector := X509CertSelector&quot; }"/>
        </annotation>
    </item>
    <item name='java.security.cert.X509CertSelector boolean matchExcluded(sun.security.x509.GeneralSubtrees)'>
        <annotation name='com.intellij.inspections.tainted.annotation.equation.Equations'>
            <val val="{ &quot;excluded := &quot; }"/>
        </annotation>
    </item>
    <item name='java.security.cert.X509CertSelector boolean matchPermitted(sun.security.x509.GeneralSubtrees)'>
        <annotation name='com.intellij.inspections.tainted.annotation.equation.Equations'>
            <val val="{ &quot;permitted := &quot; }"/>
        </annotation>
    </item>
    <item name='java.security.cert.X509CertSelector boolean[] getKeyUsage()'>
        <annotation name='com.intellij.inspections.tainted.annotation.equation.Equations'>
            <val val="{ &quot;getKeyUsage := X509CertSelector&quot; }"/>
        </annotation>
    </item>
    <item name='java.security.cert.X509CertSelector byte[] getAuthorityKeyIdentifier()'>
        <annotation name='com.intellij.inspections.tainted.annotation.equation.Equations'>
            <val val="{ &quot;getAuthorityKeyIdentifier := X509CertSelector&quot; }"/>
        </annotation>
    </item>
    <item name='java.security.cert.X509CertSelector byte[] getNameConstraints()'>
        <annotation name='com.intellij.inspections.tainted.annotation.equation.Equations'>
            <val val="{ &quot;getNameConstraints := X509CertSelector&quot; }"/>
        </annotation>
    </item>
    <item name='java.security.cert.X509CertSelector byte[] getSubjectKeyIdentifier()'>
        <annotation name='com.intellij.inspections.tainted.annotation.equation.Equations'>
            <val val="{ &quot;getSubjectKeyIdentifier := X509CertSelector&quot; }"/>
        </annotation>
    </item>
    <item name='java.security.cert.X509CertSelector int getBasicConstraints()'>
        <annotation name='com.intellij.inspections.tainted.annotation.equation.Equations'>
            <val val="{ &quot;getBasicConstraints := X509CertSelector&quot; }"/>
        </annotation>
    </item>
    <item name='java.security.cert.X509CertSelector java.lang.String keyUsageToString(boolean[])'>
        <annotation name='com.intellij.inspections.tainted.annotation.equation.Equations'>
            <val val="{ &quot;k := X509CertSelector&quot; }"/>
        </annotation>
    </item>
    <item name='java.security.cert.X509CertSelector java.math.BigInteger getSerialNumber()'>
        <annotation name='com.intellij.inspections.tainted.annotation.equation.Equations'>
            <val val="{ &quot;getSerialNumber := X509CertSelector&quot; }"/>
        </annotation>
    </item>
    <item name='java.security.cert.X509CertSelector java.security.PublicKey getSubjectPublicKey()'>
        <annotation name='com.intellij.inspections.tainted.annotation.equation.Equations'>
            <val val="{ &quot;getSubjectPublicKey := X509CertSelector&quot; }"/>
        </annotation>
    </item>
    <item name='java.security.cert.X509CertSelector java.security.cert.Extension getExtensionObject(java.security.cert.X509Certificate, int)'>
        <annotation name='com.intellij.inspections.tainted.annotation.equation.Equations'>
            <val val="{ &quot;extId := #PRIVATE_KEY_USAGE_ID &amp; #EXTENDED_KEY_USAGE_ID &amp; #SUBJECT_ALT_NAME_ID &amp; #CERT_POLICIES_ID &amp; #NAME_CONSTRAINTS_ID&quot;, &quot;cert := #matchPrivateKeyValid(java.security.cert.X509Certificate)#0 &amp; #matchExtendedKeyUsage(java.security.cert.X509Certificate)#0 &amp; #matchSubjectAlternativeNames(java.security.cert.X509Certificate)#0 &amp; #matchPolicy(java.security.cert.X509Certificate)#0 &amp; #matchPathToNames(java.security.cert.X509Certificate)#0&quot; }"/>
        </annotation>
    </item>
    <item name='java.security.cert.X509CertSelector java.security.cert.X509Certificate getCertificate()'>
        <annotation name='com.intellij.inspections.tainted.annotation.equation.Equations'>
            <val val="{ &quot;getCertificate := X509CertSelector&quot; }"/>
        </annotation>
    </item>
    <item name='java.security.cert.X509CertSelector java.util.Set&lt;java.lang.String&gt; getExtendedKeyUsage()'>
        <annotation name='com.intellij.inspections.tainted.annotation.equation.Equations'>
            <val val="{ &quot;getExtendedKeyUsage := X509CertSelector&quot; }"/>
        </annotation>
    </item>
    <item name='java.security.cert.X509CertSelector java.util.Set&lt;java.lang.String&gt; getPolicy()'>
        <annotation name='com.intellij.inspections.tainted.annotation.equation.Equations'>
            <val val="{ &quot;getPolicy := X509CertSelector&quot; }"/>
        </annotation>
    </item>
    <item name='java.security.cert.X509CertSelector java.util.Set&lt;java.util.List&lt;?&gt;&gt; cloneAndCheckNames(java.util.Collection&lt;java.util.List&lt;?&gt;&gt;)'>
        <annotation name='com.intellij.inspections.tainted.annotation.equation.Equations'>
            <val val="{ &quot;names := #setSubjectAlternativeNames(java.util.Collection)#0 &amp; #setPathToNames(java.util.Collection)#0 &amp; #cloneNames(java.util.Collection)#0&quot; }"/>
        </annotation>
    </item>
    <item name='java.security.cert.X509CertSelector java.util.Set&lt;java.util.List&lt;?&gt;&gt; cloneNames(java.util.Collection&lt;java.util.List&lt;?&gt;&gt;)'>
        <annotation name='com.intellij.inspections.tainted.annotation.equation.Equations'>
            <val val="{ &quot;names := X509CertSelector&quot; }"/>
        </annotation>
    </item>
    <item name='java.security.cert.X509CertSelector java.util.Set&lt;sun.security.x509.GeneralNameInterface&gt; parseNames(java.util.Collection&lt;java.util.List&lt;?&gt;&gt;)'>
        <annotation name='com.intellij.inspections.tainted.annotation.equation.Equations'>
            <val val="{ &quot;names := &quot; }"/>
        </annotation>
    </item>
    <item name='java.security.cert.X509CertSelector javax.security.auth.x500.X500Principal getIssuer()'>
        <annotation name='com.intellij.inspections.tainted.annotation.equation.Equations'>
            <val val="{ &quot;getIssuer := X509CertSelector&quot; }"/>
        </annotation>
    </item>
    <item name='java.security.cert.X509CertSelector javax.security.auth.x500.X500Principal getSubject()'>
        <annotation name='com.intellij.inspections.tainted.annotation.equation.Equations'>
            <val val="{ &quot;getSubject := X509CertSelector&quot; }"/>
        </annotation>
    </item>
    <item name='java.security.cert.X509CertSelector sun.security.x509.GeneralNameInterface makeGeneralNameInterface(int, java.lang.Object)'>
        <annotation name='com.intellij.inspections.tainted.annotation.equation.Equations'>
            <val val="{ &quot;type := #addSubjectAlternativeNameInternal(int, java.lang.Object)#0 &amp; #addPathToNameInternal(int, java.lang.Object)#0&quot;, &quot;name := #addSubjectAlternativeNameInternal(int, java.lang.Object)#1 &amp; #addPathToNameInternal(int, java.lang.Object)#1&quot; }"/>
        </annotation>
    </item>
    <item name='java.security.cert.X509CertSelector void addPathToNameInternal(int, java.lang.Object)'>
        <annotation name='com.intellij.inspections.tainted.annotation.equation.Equations'>
            <val val="{ &quot;type := #addPathToName(int, java.lang.String)#0 &amp; #addPathToName(int, byte[])#0&quot;, &quot;name := #addPathToName(int, java.lang.String)#1 &amp; #addPathToName(int, byte[])#1&quot; }"/>
        </annotation>
    </item>
    <item name='java.security.cert.X509CertSelector void addSubjectAlternativeNameInternal(int, java.lang.Object)'>
        <annotation name='com.intellij.inspections.tainted.annotation.equation.Equations'>
            <val val="{ &quot;type := #addSubjectAlternativeName(int, java.lang.String)#0 &amp; #addSubjectAlternativeName(int, byte[])#0&quot;, &quot;name := #addSubjectAlternativeName(int, java.lang.String)#1 &amp; #addSubjectAlternativeName(int, byte[])#1&quot; }"/>
        </annotation>
    </item>
    <item name='java.security.cert.X509CertSelector void setCertificate(java.security.cert.X509Certificate)'>
        <annotation name='com.intellij.inspections.tainted.annotation.equation.Equations'>
            <val val="{ &quot;cert := sun.security.validator.PKIXValidator#doBuild(java.security.cert.X509Certificate[], java.util.Collection, java.security.cert.PKIXBuilderParameters)#0&quot; }"/>
        </annotation>
    </item>
    <item name='java.security.cert.X509CertSelector void setPathToNamesInternal(java.util.Set&lt;sun.security.x509.GeneralNameInterface&gt;)'>
        <annotation name='com.intellij.inspections.tainted.annotation.equation.Equations'>
            <val val="{ &quot;names := CertPathHelperImpl#implSetPathToNames(java.security.cert.X509CertSelector, java.util.Set)#1&quot; }"/>
        </annotation>
    </item>
    <item name='java.security.cert.X509Certificate'>
        <annotation name='com.intellij.inspections.tainted.annotation.equation.Equations'>
            <val val="{ &quot;X509Certificate := sun.security.x509.X509CertImpl&quot; }"/>
        </annotation>
    </item>
    <item name='java.security.cert.X509Certificate X509Certificate()'>
        <annotation name='com.intellij.inspections.tainted.annotation.equation.Equations'>
            <val val="{ &quot;X509Certificate := X509Certificate&quot; }"/>
        </annotation>
    </item>
    <item name='java.security.cert.X509Certificate boolean[] getIssuerUniqueID()'>
        <annotation name='com.intellij.inspections.tainted.annotation.equation.Equations'>
            <val val="{ &quot;getIssuerUniqueID := sun.security.x509.X509CertImpl#getIssuerUniqueID()&quot; }"/>
        </annotation>
    </item>
    <item name='java.security.cert.X509Certificate boolean[] getKeyUsage()'>
        <annotation name='com.intellij.inspections.tainted.annotation.equation.Equations'>
            <val val="{ &quot;getKeyUsage := sun.security.x509.X509CertImpl#getKeyUsage()&quot; }"/>
        </annotation>
    </item>
    <item name='java.security.cert.X509Certificate boolean[] getSubjectUniqueID()'>
        <annotation name='com.intellij.inspections.tainted.annotation.equation.Equations'>
            <val val="{ &quot;getSubjectUniqueID := sun.security.x509.X509CertImpl#getSubjectUniqueID()&quot; }"/>
        </annotation>
    </item>
    <item name='java.security.cert.X509Certificate byte[] getSigAlgParams()'>
        <annotation name='com.intellij.inspections.tainted.annotation.equation.Equations'>
            <val val="{ &quot;getSigAlgParams := sun.security.x509.X509CertImpl#getSigAlgParams()&quot; }"/>
        </annotation>
    </item>
    <item name='java.security.cert.X509Certificate byte[] getSignature()'>
        <annotation name='com.intellij.inspections.tainted.annotation.equation.Equations'>
            <val val="{ &quot;getSignature := sun.security.x509.X509CertImpl#getSignature()&quot; }"/>
        </annotation>
    </item>
    <item name='java.security.cert.X509Certificate byte[] getTBSCertificate()'>
        <annotation name='com.intellij.inspections.tainted.annotation.equation.Equations'>
            <val val="{ &quot;getTBSCertificate := sun.security.x509.X509CertImpl#getTBSCertificate()&quot; }"/>
        </annotation>
    </item>
    <item name='java.security.cert.X509Certificate int getBasicConstraints()'>
        <annotation name='com.intellij.inspections.tainted.annotation.equation.Equations'>
            <val val="{ &quot;getBasicConstraints := sun.security.x509.X509CertImpl#getBasicConstraints()&quot; }"/>
        </annotation>
    </item>
    <item name='java.security.cert.X509Certificate int getVersion()'>
        <annotation name='com.intellij.inspections.tainted.annotation.equation.Equations'>
            <val val="{ &quot;getVersion := sun.security.x509.X509CertImpl#getVersion()&quot; }"/>
        </annotation>
    </item>
    <item name='java.security.cert.X509Certificate java.lang.String getSigAlgName()'>
        <annotation name='com.intellij.inspections.tainted.annotation.equation.Equations'>
            <val val="{ &quot;getSigAlgName := sun.security.x509.X509CertImpl#getSigAlgName()&quot; }"/>
        </annotation>
    </item>
    <item name='java.security.cert.X509Certificate java.lang.String getSigAlgOID()'>
        <annotation name='com.intellij.inspections.tainted.annotation.equation.Equations'>
            <val val="{ &quot;getSigAlgOID := sun.security.x509.X509CertImpl#getSigAlgOID()&quot; }"/>
        </annotation>
    </item>
    <item name='java.security.cert.X509Certificate java.math.BigInteger getSerialNumber()'>
        <annotation name='com.intellij.inspections.tainted.annotation.equation.Equations'>
            <val val="{ &quot;getSerialNumber := sun.security.x509.X509CertImpl#getSerialNumber()&quot; }"/>
        </annotation>
    </item>
    <item name='java.security.cert.X509Certificate java.security.Principal getIssuerDN()'>
        <annotation name='com.intellij.inspections.tainted.annotation.equation.Equations'>
            <val val="{ &quot;getIssuerDN := sun.security.x509.X509CertImpl#getIssuerDN()&quot; }"/>
        </annotation>
    </item>
    <item name='java.security.cert.X509Certificate java.security.Principal getSubjectDN()'>
        <annotation name='com.intellij.inspections.tainted.annotation.equation.Equations'>
            <val val="{ &quot;getSubjectDN := sun.security.x509.X509CertImpl#getSubjectDN()&quot; }"/>
        </annotation>
    </item>
    <item name='java.security.cert.X509Certificate java.util.Collection&lt;java.util.List&lt;?&gt;&gt; getIssuerAlternativeNames()'>
        <annotation name='com.intellij.inspections.tainted.annotation.equation.Equations'>
            <val val="{ &quot;getIssuerAlternativeNames := sun.security.x509.X509CertImpl#getIssuerAlternativeNames()&quot; }"/>
        </annotation>
    </item>
    <item name='java.security.cert.X509Certificate java.util.Collection&lt;java.util.List&lt;?&gt;&gt; getSubjectAlternativeNames()'>
        <annotation name='com.intellij.inspections.tainted.annotation.equation.Equations'>
            <val val="{ &quot;getSubjectAlternativeNames := sun.security.x509.X509CertImpl#getSubjectAlternativeNames()&quot; }"/>
        </annotation>
    </item>
    <item name='java.security.cert.X509Certificate java.util.Date getNotAfter()'>
        <annotation name='com.intellij.inspections.tainted.annotation.equation.Equations'>
            <val val="{ &quot;getNotAfter := sun.security.x509.X509CertImpl#getNotAfter()&quot; }"/>
        </annotation>
    </item>
    <item name='java.security.cert.X509Certificate java.util.Date getNotBefore()'>
        <annotation name='com.intellij.inspections.tainted.annotation.equation.Equations'>
            <val val="{ &quot;getNotBefore := sun.security.x509.X509CertImpl#getNotBefore()&quot; }"/>
        </annotation>
    </item>
    <item name='java.security.cert.X509Certificate java.util.List&lt;java.lang.String&gt; getExtendedKeyUsage()'>
        <annotation name='com.intellij.inspections.tainted.annotation.equation.Equations'>
            <val val="{ &quot;getExtendedKeyUsage := sun.security.x509.X509CertImpl#getExtendedKeyUsage()&quot; }"/>
        </annotation>
    </item>
    <item name='java.security.cert.X509Certificate javax.security.auth.x500.X500Principal getIssuerX500Principal()'>
        <annotation name='com.intellij.inspections.tainted.annotation.equation.Equations'>
            <val val="{ &quot;getIssuerX500Principal := X509Certificate &amp; sun.security.x509.X509CertImpl#getIssuerX500Principal()&quot; }"/>
        </annotation>
    </item>
    <item name='java.security.cert.X509Certificate javax.security.auth.x500.X500Principal getSubjectX500Principal()'>
        <annotation name='com.intellij.inspections.tainted.annotation.equation.Equations'>
            <val val="{ &quot;getSubjectX500Principal := sun.security.x509.X509CertImpl#getSubjectX500Principal()&quot; }"/>
        </annotation>
    </item>
    <item name='java.security.cert.X509Certificate void checkValidity(java.util.Date)'>
        <annotation name='com.intellij.inspections.tainted.annotation.equation.Equations'>
            <val val="{ &quot;date := sun.security.x509.X509CertImpl#checkValidity(java.util.Date)#0&quot; }"/>
        </annotation>
    </item>
    <item name='java.security.cert.X509Certificate void verify(java.security.PublicKey, java.security.Provider)'>
        <annotation name='com.intellij.inspections.tainted.annotation.equation.Equations'>
            <val val="{ &quot;sigProvider := sun.security.x509.X509CertImpl#verify(java.security.cert.X509Certificate, java.security.PublicKey, java.security.Provider)#2 &amp; sun.security.x509.X509CertImpl#verify(java.security.cert.X509Certificate, java.security.PublicKey, java.security.Provider)#2 &amp; sun.security.x509.X509CertImpl#verify(java.security.PublicKey, java.security.Provider)#1&quot;, &quot;key := sun.security.x509.X509CertImpl#verify(java.security.cert.X509Certificate, java.security.PublicKey, java.security.Provider)#1 &amp; sun.security.x509.X509CertImpl#verify(java.security.cert.X509Certificate, java.security.PublicKey, java.security.Provider)#1 &amp; sun.security.x509.X509CertImpl#verify(java.security.PublicKey, java.security.Provider)#0&quot; }"/>
        </annotation>
    </item>
    <item name='java.security.cert.X509Extension byte[] getExtensionValue(java.lang.String)'>
        <annotation name='com.intellij.inspections.tainted.annotation.equation.Equations'>
            <val val="{ &quot;getExtensionValue := sun.security.x509.X509CertImpl#getExtensionValue(java.lang.String) &amp; sun.security.x509.X509CRLImpl#getExtensionValue(java.lang.String) &amp; sun.security.x509.X509CRLEntryImpl#getExtensionValue(java.lang.String)&quot;, &quot;oid := com.sun.org.apache.xml.internal.security.keys.content.x509.XMLX509SKI#SKI_OID &amp; X509CertSelector#EXTENSION_OIDS &amp; sun.security.x509.X509CertImpl#getExtensionValue(java.lang.String)#0 &amp; sun.security.x509.X509CRLImpl#getExtensionValue(java.lang.String)#0 &amp; sun.security.x509.X509CRLEntryImpl#getExtensionValue(java.lang.String)#0&quot; }"/>
        </annotation>
    </item>
    <item name='java.security.cert.X509Extension java.util.Set&lt;java.lang.String&gt; getCriticalExtensionOIDs()'>
        <annotation name='com.intellij.inspections.tainted.annotation.equation.Equations'>
            <val val="{ &quot;getCriticalExtensionOIDs := sun.security.x509.X509CertImpl#getCriticalExtensionOIDs() &amp; sun.security.x509.X509CRLImpl#getCriticalExtensionOIDs() &amp; sun.security.x509.X509CRLEntryImpl#getCriticalExtensionOIDs()&quot; }"/>
        </annotation>
    </item>
    <item name='java.security.cert.X509Extension java.util.Set&lt;java.lang.String&gt; getNonCriticalExtensionOIDs()'>
        <annotation name='com.intellij.inspections.tainted.annotation.equation.Equations'>
            <val val="{ &quot;getNonCriticalExtensionOIDs := sun.security.x509.X509CertImpl#getNonCriticalExtensionOIDs() &amp; sun.security.x509.X509CRLImpl#getNonCriticalExtensionOIDs() &amp; sun.security.x509.X509CRLEntryImpl#getNonCriticalExtensionOIDs()&quot; }"/>
        </annotation>
    </item>
</root>