<root>
    <item name='org.hibernate.envers.configuration.internal.metadata.reader.AnnotationsMetadataReader'>
        <annotation name='com.intellij.inspections.tainted.annotation.equation.Equations'>
            <val val="{ &quot;AnnotationsMetadataReader := #AnnotationsMetadataReader(org.hibernate.envers.configuration.internal.GlobalConfiguration, org.hibernate.annotations.common.reflection.ReflectionManager, org.hibernate.mapping.PersistentClass)#0 &amp; #AnnotationsMetadataReader(org.hibernate.envers.configuration.internal.GlobalConfiguration, org.hibernate.annotations.common.reflection.ReflectionManager, org.hibernate.mapping.PersistentClass)#1 &amp; #AnnotationsMetadataReader(org.hibernate.envers.configuration.internal.GlobalConfiguration, org.hibernate.annotations.common.reflection.ReflectionManager, org.hibernate.mapping.PersistentClass)#2&quot; }"/>
        </annotation>
    </item>
    <item name='org.hibernate.envers.configuration.internal.metadata.reader.AnnotationsMetadataReader AnnotationsMetadataReader(org.hibernate.envers.configuration.internal.GlobalConfiguration, org.hibernate.annotations.common.reflection.ReflectionManager, org.hibernate.mapping.PersistentClass)'>
        <annotation name='com.intellij.inspections.tainted.annotation.equation.Equations'>
            <val val="{ &quot;globalCfg := org.hibernate.envers.configuration.internal.EntitiesConfigurator#configure(org.hibernate.boot.spi.MetadataImplementor, org.hibernate.service.ServiceRegistry, org.hibernate.annotations.common.reflection.ReflectionManager, org.hibernate.envers.configuration.internal.MappingCollector, org.hibernate.envers.configuration.internal.GlobalConfiguration, org.hibernate.envers.configuration.internal.AuditEntitiesConfiguration, org.hibernate.envers.strategy.AuditStrategy, org.dom4j.Document, org.dom4j.Element)#4&quot;, &quot;reflectionManager := org.hibernate.envers.configuration.internal.EntitiesConfigurator#configure(org.hibernate.boot.spi.MetadataImplementor, org.hibernate.service.ServiceRegistry, org.hibernate.annotations.common.reflection.ReflectionManager, org.hibernate.envers.configuration.internal.MappingCollector, org.hibernate.envers.configuration.internal.GlobalConfiguration, org.hibernate.envers.configuration.internal.AuditEntitiesConfiguration, org.hibernate.envers.strategy.AuditStrategy, org.dom4j.Document, org.dom4j.Element)#2&quot;, &quot;AnnotationsMetadataReader := AnnotationsMetadataReader&quot;, &quot;pc := &quot; }"/>
        </annotation>
    </item>
    <item name='org.hibernate.envers.configuration.internal.metadata.reader.AnnotationsMetadataReader org.hibernate.envers.AuditTable getDefaultAuditTable()'>
        <annotation name='com.intellij.inspections.tainted.annotation.equation.Equations'>
            <val val="{ &quot;getDefaultAuditTable := AnnotationsMetadataReader&quot; }"/>
        </annotation>
    </item>
    <item name='org.hibernate.envers.configuration.internal.metadata.reader.AnnotationsMetadataReader org.hibernate.envers.ModificationStore getDefaultAudited(org.hibernate.annotations.common.reflection.XClass)'>
        <annotation name='com.intellij.inspections.tainted.annotation.equation.Equations'>
            <val val="{ &quot;clazz := &quot;, &quot;getDefaultAudited := &quot; }"/>
        </annotation>
    </item>
    <item name='org.hibernate.envers.configuration.internal.metadata.reader.AnnotationsMetadataReader org.hibernate.envers.configuration.internal.metadata.reader.ClassAuditingData getAuditData()'>
        <annotation name='com.intellij.inspections.tainted.annotation.equation.Equations'>
            <val val="{ &quot;getAuditData := AnnotationsMetadataReader&quot; }"/>
        </annotation>
    </item>
    <item name='org.hibernate.envers.configuration.internal.metadata.reader.AnnotationsMetadataReader void addAuditSecondaryTables(org.hibernate.annotations.common.reflection.XClass)'>
        <annotation name='com.intellij.inspections.tainted.annotation.equation.Equations'>
            <val val="{ &quot;clazz := &quot; }"/>
        </annotation>
    </item>
    <item name='org.hibernate.envers.configuration.internal.metadata.reader.AnnotationsMetadataReader void addAuditTable(org.hibernate.annotations.common.reflection.XClass)'>
        <annotation name='com.intellij.inspections.tainted.annotation.equation.Equations'>
            <val val="{ &quot;clazz := &quot; }"/>
        </annotation>
    </item>
    <item name='org.hibernate.envers.configuration.internal.metadata.reader.AnnotationsMetadataReader.PersistentClassPropertiesSource'>
        <annotation name='com.intellij.inspections.tainted.annotation.equation.Equations'>
            <val val="{ &quot;PersistentClassPropertiesSource := #PersistentClassPropertiesSource(org.hibernate.annotations.common.reflection.XClass)#0&quot; }"/>
        </annotation>
    </item>
    <item name='org.hibernate.envers.configuration.internal.metadata.reader.AnnotationsMetadataReader.PersistentClassPropertiesSource PersistentClassPropertiesSource(org.hibernate.annotations.common.reflection.XClass)'>
        <annotation name='com.intellij.inspections.tainted.annotation.equation.Equations'>
            <val val="{ &quot;PersistentClassPropertiesSource := AnnotationsMetadataReader.PersistentClassPropertiesSource&quot; }"/>
        </annotation>
    </item>
    <item name='org.hibernate.envers.configuration.internal.metadata.reader.AnnotationsMetadataReader.PersistentClassPropertiesSource java.util.Iterator&lt;org.hibernate.mapping.Property&gt; getPropertyIterator()'>
        <annotation name='com.intellij.inspections.tainted.annotation.equation.Equations'>
            <val val="{ &quot;getPropertyIterator := &quot; }"/>
        </annotation>
    </item>
    <item name='org.hibernate.envers.configuration.internal.metadata.reader.AnnotationsMetadataReader.PersistentClassPropertiesSource org.hibernate.annotations.common.reflection.XClass getXClass()'>
        <annotation name='com.intellij.inspections.tainted.annotation.equation.Equations'>
            <val val="{ &quot;getXClass := AnnotationsMetadataReader.PersistentClassPropertiesSource&quot; }"/>
        </annotation>
    </item>
    <item name='org.hibernate.envers.configuration.internal.metadata.reader.AnnotationsMetadataReader.PersistentClassPropertiesSource org.hibernate.mapping.Property getProperty(java.lang.String)'>
        <annotation name='com.intellij.inspections.tainted.annotation.equation.Equations'>
            <val val="{ &quot;getProperty := &quot;, &quot;propertyName := PersistentPropertiesSource#getProperty(java.lang.String)#0&quot; }"/>
        </annotation>
    </item>
    <item name='org.hibernate.envers.configuration.internal.metadata.reader.AuditedPropertiesHolder boolean contains(java.lang.String)'>
        <annotation name='com.intellij.inspections.tainted.annotation.equation.Equations'>
            <val val="{ &quot;contains := ComponentAuditingData#contains(java.lang.String) &amp; ClassAuditingData#contains(java.lang.String)&quot; }"/>
        </annotation>
    </item>
    <item name='org.hibernate.envers.configuration.internal.metadata.reader.AuditedPropertiesHolder boolean isEmpty()'>
        <annotation name='com.intellij.inspections.tainted.annotation.equation.Equations'>
            <val val="{ &quot;isEmpty := ComponentAuditingData#isEmpty() &amp; ClassAuditingData#isEmpty()&quot; }"/>
        </annotation>
    </item>
    <item name='org.hibernate.envers.configuration.internal.metadata.reader.AuditedPropertiesHolder org.hibernate.envers.configuration.internal.metadata.reader.PropertyAuditingData getPropertyAuditingData(java.lang.String)'>
        <annotation name='com.intellij.inspections.tainted.annotation.equation.Equations'>
            <val val="{ &quot;getPropertyAuditingData := ComponentAuditingData#getPropertyAuditingData(java.lang.String) &amp; ClassAuditingData#getPropertyAuditingData(java.lang.String)&quot;, &quot;propertyName := org.hibernate.envers.configuration.internal.ClassesAuditingData#updateCalculatedProperty(java.lang.String, org.hibernate.mapping.Property, java.lang.String, org.hibernate.envers.configuration.internal.metadata.reader.AuditedPropertiesHolder)#2&quot; }"/>
        </annotation>
    </item>
    <item name='org.hibernate.envers.configuration.internal.metadata.reader.AuditedPropertiesHolder void addPropertyAuditingData(java.lang.String, org.hibernate.envers.configuration.internal.metadata.reader.PropertyAuditingData)'>
        <annotation name='com.intellij.inspections.tainted.annotation.equation.Equations'>
            <val val="{ &quot;auditingData := &quot;, &quot;propertyName := AuditedPropertiesReader#addFromPropertiesGroup(java.lang.String, org.hibernate.annotations.common.reflection.XProperty, java.lang.String, org.hibernate.mapping.Component, org.hibernate.envers.Audited)#0&quot; }"/>
        </annotation>
    </item>
    <item name='org.hibernate.envers.configuration.internal.metadata.reader.AuditedPropertiesReader'>
        <annotation name='com.intellij.inspections.tainted.annotation.equation.Equations'>
            <val val="{ &quot;AuditedPropertiesReader := #AuditedPropertiesReader(org.hibernate.envers.ModificationStore, org.hibernate.envers.configuration.internal.metadata.reader.PersistentPropertiesSource, org.hibernate.envers.configuration.internal.metadata.reader.AuditedPropertiesHolder, org.hibernate.envers.configuration.internal.GlobalConfiguration, org.hibernate.annotations.common.reflection.ReflectionManager, java.lang.String)#0 &amp; #AuditedPropertiesReader(org.hibernate.envers.ModificationStore, org.hibernate.envers.configuration.internal.metadata.reader.PersistentPropertiesSource, org.hibernate.envers.configuration.internal.metadata.reader.AuditedPropertiesHolder, org.hibernate.envers.configuration.internal.GlobalConfiguration, org.hibernate.annotations.common.reflection.ReflectionManager, java.lang.String)#1 &amp; #AuditedPropertiesReader(org.hibernate.envers.ModificationStore, org.hibernate.envers.configuration.internal.metadata.reader.PersistentPropertiesSource, org.hibernate.envers.configuration.internal.metadata.reader.AuditedPropertiesHolder, org.hibernate.envers.configuration.internal.GlobalConfiguration, org.hibernate.annotations.common.reflection.ReflectionManager, java.lang.String)#2 &amp; #AuditedPropertiesReader(org.hibernate.envers.ModificationStore, org.hibernate.envers.configuration.internal.metadata.reader.PersistentPropertiesSource, org.hibernate.envers.configuration.internal.metadata.reader.AuditedPropertiesHolder, org.hibernate.envers.configuration.internal.GlobalConfiguration, org.hibernate.annotations.common.reflection.ReflectionManager, java.lang.String)#3 &amp; #AuditedPropertiesReader(org.hibernate.envers.ModificationStore, org.hibernate.envers.configuration.internal.metadata.reader.PersistentPropertiesSource, org.hibernate.envers.configuration.internal.metadata.reader.AuditedPropertiesHolder, org.hibernate.envers.configuration.internal.GlobalConfiguration, org.hibernate.annotations.common.reflection.ReflectionManager, java.lang.String)#4 &amp; #AuditedPropertiesReader(org.hibernate.envers.ModificationStore, org.hibernate.envers.configuration.internal.metadata.reader.PersistentPropertiesSource, org.hibernate.envers.configuration.internal.metadata.reader.AuditedPropertiesHolder, org.hibernate.envers.configuration.internal.GlobalConfiguration, org.hibernate.annotations.common.reflection.ReflectionManager, java.lang.String)#5&quot; }"/>
        </annotation>
    </item>
    <item name='org.hibernate.envers.configuration.internal.metadata.reader.AuditedPropertiesReader AuditedPropertiesReader(org.hibernate.envers.ModificationStore, org.hibernate.envers.configuration.internal.metadata.reader.PersistentPropertiesSource, org.hibernate.envers.configuration.internal.metadata.reader.AuditedPropertiesHolder, org.hibernate.envers.configuration.internal.GlobalConfiguration, org.hibernate.annotations.common.reflection.ReflectionManager, java.lang.String)'>
        <annotation name='com.intellij.inspections.tainted.annotation.equation.Equations'>
            <val val="{ &quot;defaultStore := ComponentAuditedPropertiesReader#ComponentAuditedPropertiesReader(org.hibernate.envers.ModificationStore, org.hibernate.envers.configuration.internal.metadata.reader.PersistentPropertiesSource, org.hibernate.envers.configuration.internal.metadata.reader.AuditedPropertiesHolder, org.hibernate.envers.configuration.internal.GlobalConfiguration, org.hibernate.annotations.common.reflection.ReflectionManager, java.lang.String)#0 &amp; org.hibernate.envers.ModificationStore#FULL&quot;, &quot;persistentPropertiesSource := ComponentAuditedPropertiesReader#ComponentAuditedPropertiesReader(org.hibernate.envers.ModificationStore, org.hibernate.envers.configuration.internal.metadata.reader.PersistentPropertiesSource, org.hibernate.envers.configuration.internal.metadata.reader.AuditedPropertiesHolder, org.hibernate.envers.configuration.internal.GlobalConfiguration, org.hibernate.annotations.common.reflection.ReflectionManager, java.lang.String)#1&quot;, &quot;reflectionManager := ComponentAuditedPropertiesReader#ComponentAuditedPropertiesReader(org.hibernate.envers.ModificationStore, org.hibernate.envers.configuration.internal.metadata.reader.PersistentPropertiesSource, org.hibernate.envers.configuration.internal.metadata.reader.AuditedPropertiesHolder, org.hibernate.envers.configuration.internal.GlobalConfiguration, org.hibernate.annotations.common.reflection.ReflectionManager, java.lang.String)#4 &amp; AuditedPropertiesReader&quot;, &quot;propertyNamePrefix := ComponentAuditedPropertiesReader#ComponentAuditedPropertiesReader(org.hibernate.envers.ModificationStore, org.hibernate.envers.configuration.internal.metadata.reader.PersistentPropertiesSource, org.hibernate.envers.configuration.internal.metadata.reader.AuditedPropertiesHolder, org.hibernate.envers.configuration.internal.GlobalConfiguration, org.hibernate.annotations.common.reflection.ReflectionManager, java.lang.String)#5 &amp; AuditedPropertiesReader&quot;, &quot;auditedPropertiesHolder := ComponentAuditedPropertiesReader#ComponentAuditedPropertiesReader(org.hibernate.envers.ModificationStore, org.hibernate.envers.configuration.internal.metadata.reader.PersistentPropertiesSource, org.hibernate.envers.configuration.internal.metadata.reader.AuditedPropertiesHolder, org.hibernate.envers.configuration.internal.GlobalConfiguration, org.hibernate.annotations.common.reflection.ReflectionManager, java.lang.String)#2&quot;, &quot;AuditedPropertiesReader := AuditedPropertiesReader&quot;, &quot;globalCfg := ComponentAuditedPropertiesReader#ComponentAuditedPropertiesReader(org.hibernate.envers.ModificationStore, org.hibernate.envers.configuration.internal.metadata.reader.PersistentPropertiesSource, org.hibernate.envers.configuration.internal.metadata.reader.AuditedPropertiesHolder, org.hibernate.envers.configuration.internal.GlobalConfiguration, org.hibernate.annotations.common.reflection.ReflectionManager, java.lang.String)#3 &amp; AuditedPropertiesReader&quot; }"/>
        </annotation>
    </item>
    <item name='org.hibernate.envers.configuration.internal.metadata.reader.AuditedPropertiesReader boolean checkAudited(org.hibernate.annotations.common.reflection.XProperty, org.hibernate.envers.configuration.internal.metadata.reader.PropertyAuditingData, java.lang.String, org.hibernate.envers.Audited, java.lang.String)'>
        <annotation name='com.intellij.inspections.tainted.annotation.equation.Equations'>
            <val val="{ &quot;checkAudited := ComponentAuditedPropertiesReader#checkAudited(org.hibernate.annotations.common.reflection.XProperty, org.hibernate.envers.configuration.internal.metadata.reader.PropertyAuditingData, java.lang.String, org.hibernate.envers.Audited, java.lang.String)&quot; }"/>
        </annotation>
    </item>
    <item name='org.hibernate.envers.configuration.internal.metadata.reader.AuditedPropertiesReader boolean checkUsingModifiedFlag(org.hibernate.envers.Audited)'>
        <annotation name='com.intellij.inspections.tainted.annotation.equation.Equations'>
            <val val="{ &quot;aud := #checkAudited(org.hibernate.annotations.common.reflection.XProperty, org.hibernate.envers.configuration.internal.metadata.reader.PropertyAuditingData, java.lang.String, org.hibernate.envers.Audited, java.lang.String)#3 &amp; #DEFAULT_AUDITED&quot;, &quot;checkUsingModifiedFlag := &quot; }"/>
        </annotation>
    </item>
    <item name='org.hibernate.envers.configuration.internal.metadata.reader.AuditedPropertiesReader boolean fillPropertyData(org.hibernate.annotations.common.reflection.XProperty, org.hibernate.envers.configuration.internal.metadata.reader.PropertyAuditingData, java.lang.String, org.hibernate.envers.Audited)'>
        <annotation name='com.intellij.inspections.tainted.annotation.equation.Equations'>
            <val val="{ &quot;allClassAudited := #addFromPropertiesGroup(java.lang.String, org.hibernate.annotations.common.reflection.XProperty, java.lang.String, org.hibernate.mapping.Component, org.hibernate.envers.Audited)#4 &amp; #addFromComponentProperty(org.hibernate.annotations.common.reflection.XProperty, java.lang.String, org.hibernate.mapping.Component, org.hibernate.envers.Audited)#3 &amp; #addFromNotComponentProperty(org.hibernate.annotations.common.reflection.XProperty, java.lang.String, org.hibernate.envers.Audited)#2&quot;, &quot;property := #addFromPropertiesGroup(java.lang.String, org.hibernate.annotations.common.reflection.XProperty, java.lang.String, org.hibernate.mapping.Component, org.hibernate.envers.Audited)#1 &amp; #addFromComponentProperty(org.hibernate.annotations.common.reflection.XProperty, java.lang.String, org.hibernate.mapping.Component, org.hibernate.envers.Audited)#0 &amp; #addFromNotComponentProperty(org.hibernate.annotations.common.reflection.XProperty, java.lang.String, org.hibernate.envers.Audited)#0&quot;, &quot;accessType := #addFromPropertiesGroup(java.lang.String, org.hibernate.annotations.common.reflection.XProperty, java.lang.String, org.hibernate.mapping.Component, org.hibernate.envers.Audited)#2 &amp; #addFromComponentProperty(org.hibernate.annotations.common.reflection.XProperty, java.lang.String, org.hibernate.mapping.Component, org.hibernate.envers.Audited)#1 &amp; #addFromNotComponentProperty(org.hibernate.annotations.common.reflection.XProperty, java.lang.String, org.hibernate.envers.Audited)#1&quot;, &quot;propertyData := &quot; }"/>
        </annotation>
    </item>
    <item name='org.hibernate.envers.configuration.internal.metadata.reader.AuditedPropertiesReader java.util.List&lt;org.hibernate.envers.AuditOverride&gt; computeAuditOverrides(org.hibernate.annotations.common.reflection.XClass)'>
        <annotation name='com.intellij.inspections.tainted.annotation.equation.Equations'>
            <val val="{ &quot;clazz := #readAuditOverrides(org.hibernate.annotations.common.reflection.XClass)#0&quot;, &quot;computeAuditOverrides := &quot; }"/>
        </annotation>
    </item>
    <item name='org.hibernate.envers.configuration.internal.metadata.reader.AuditedPropertiesReader org.hibernate.annotations.common.reflection.XProperty getProperty(org.hibernate.annotations.common.reflection.XClass, java.lang.String)'>
        <annotation name='com.intellij.inspections.tainted.annotation.equation.Equations'>
            <val val="{ &quot;getProperty := &quot; }"/>
        </annotation>
    </item>
    <item name='org.hibernate.envers.configuration.internal.metadata.reader.AuditedPropertiesReader org.hibernate.envers.Audited computeAuditConfiguration(org.hibernate.annotations.common.reflection.XClass)'>
        <annotation name='com.intellij.inspections.tainted.annotation.equation.Equations'>
            <val val="{ &quot;computeAuditConfiguration := #DEFAULT_AUDITED&quot;, &quot;clazz := #addPropertiesFromClass(org.hibernate.annotations.common.reflection.XClass)#0&quot; }"/>
        </annotation>
    </item>
    <item name='org.hibernate.envers.configuration.internal.metadata.reader.AuditedPropertiesReader void addFromProperties(java.lang.Iterable&lt;org.hibernate.annotations.common.reflection.XProperty&gt;, java.util.function.Function&lt;java.lang.String,java.lang.String&gt;, java.util.Set&lt;java.lang.String&gt;, org.hibernate.envers.Audited)'>
        <annotation name='com.intellij.inspections.tainted.annotation.equation.Equations'>
            <val val="{ &quot;accessTypeProvider := AuditedPropertiesReader&quot;, &quot;properties := &quot;, &quot;allClassAudited := &quot;, &quot;persistentProperties := AuditedPropertiesReader&quot; }"/>
        </annotation>
    </item>
    <item name='org.hibernate.envers.configuration.internal.metadata.reader.AuditedPropertiesReader void addPersistentProperty(org.hibernate.mapping.Property)'>
        <annotation name='com.intellij.inspections.tainted.annotation.equation.Equations'>
            <val val="{ &quot;property := &quot; }"/>
        </annotation>
    </item>
    <item name='org.hibernate.envers.configuration.internal.metadata.reader.AuditedPropertiesReader void addPropertiesFromClass(org.hibernate.annotations.common.reflection.XClass)'>
        <annotation name='com.intellij.inspections.tainted.annotation.equation.Equations'>
            <val val="{ &quot;clazz := &quot; }"/>
        </annotation>
    </item>
    <item name='org.hibernate.envers.configuration.internal.metadata.reader.AuditedPropertiesReader void addPropertiesFromDynamicComponent(org.hibernate.envers.configuration.internal.metadata.reader.AuditedPropertiesReader.DynamicComponentSource)'>
        <annotation name='com.intellij.inspections.tainted.annotation.equation.Equations'>
            <val val="{ &quot;dynamicComponentSource := AuditedPropertiesReader&quot; }"/>
        </annotation>
    </item>
    <item name='org.hibernate.envers.configuration.internal.metadata.reader.AuditedPropertiesReader void addPropertyAuditingOverrides(org.hibernate.annotations.common.reflection.XProperty, org.hibernate.envers.configuration.internal.metadata.reader.PropertyAuditingData)'>
        <annotation name='com.intellij.inspections.tainted.annotation.equation.Equations'>
            <val val="{ &quot;property := #fillPropertyData(org.hibernate.annotations.common.reflection.XProperty, org.hibernate.envers.configuration.internal.metadata.reader.PropertyAuditingData, java.lang.String, org.hibernate.envers.Audited)#0&quot;, &quot;propertyData := #fillPropertyData(org.hibernate.annotations.common.reflection.XProperty, org.hibernate.envers.configuration.internal.metadata.reader.PropertyAuditingData, java.lang.String, org.hibernate.envers.Audited)#1&quot; }"/>
        </annotation>
    </item>
    <item name='org.hibernate.envers.configuration.internal.metadata.reader.AuditedPropertiesReader void addPropertyJoinTables(org.hibernate.annotations.common.reflection.XProperty, org.hibernate.envers.configuration.internal.metadata.reader.PropertyAuditingData)'>
        <annotation name='com.intellij.inspections.tainted.annotation.equation.Equations'>
            <val val="{ &quot;property := #fillPropertyData(org.hibernate.annotations.common.reflection.XProperty, org.hibernate.envers.configuration.internal.metadata.reader.PropertyAuditingData, java.lang.String, org.hibernate.envers.Audited)#0&quot;, &quot;propertyData := #fillPropertyData(org.hibernate.annotations.common.reflection.XProperty, org.hibernate.envers.configuration.internal.metadata.reader.PropertyAuditingData, java.lang.String, org.hibernate.envers.Audited)#1&quot; }"/>
        </annotation>
    </item>
    <item name='org.hibernate.envers.configuration.internal.metadata.reader.AuditedPropertiesReader void addPropertyMapKey(org.hibernate.annotations.common.reflection.XProperty, org.hibernate.envers.configuration.internal.metadata.reader.PropertyAuditingData)'>
        <annotation name='com.intellij.inspections.tainted.annotation.equation.Equations'>
            <val val="{ &quot;property := #fillPropertyData(org.hibernate.annotations.common.reflection.XProperty, org.hibernate.envers.configuration.internal.metadata.reader.PropertyAuditingData, java.lang.String, org.hibernate.envers.Audited)#0&quot;, &quot;propertyData := #fillPropertyData(org.hibernate.annotations.common.reflection.XProperty, org.hibernate.envers.configuration.internal.metadata.reader.PropertyAuditingData, java.lang.String, org.hibernate.envers.Audited)#1&quot; }"/>
        </annotation>
    </item>
    <item name='org.hibernate.envers.configuration.internal.metadata.reader.AuditedPropertiesReader void createPropertiesGroupMapping(org.hibernate.mapping.Property)'>
        <annotation name='com.intellij.inspections.tainted.annotation.equation.Equations'>
            <val val="{ &quot;property := &quot; }"/>
        </annotation>
    </item>
    <item name='org.hibernate.envers.configuration.internal.metadata.reader.AuditedPropertiesReader void readAuditOverrides(org.hibernate.annotations.common.reflection.XClass)'>
        <annotation name='com.intellij.inspections.tainted.annotation.equation.Equations'>
            <val val="{ &quot;clazz := &quot; }"/>
        </annotation>
    </item>
    <item name='org.hibernate.envers.configuration.internal.metadata.reader.AuditedPropertiesReader void setPropertyAuditMappedBy(org.hibernate.annotations.common.reflection.XProperty, org.hibernate.envers.configuration.internal.metadata.reader.PropertyAuditingData)'>
        <annotation name='com.intellij.inspections.tainted.annotation.equation.Equations'>
            <val val="{ &quot;propertyData := #fillPropertyData(org.hibernate.annotations.common.reflection.XProperty, org.hibernate.envers.configuration.internal.metadata.reader.PropertyAuditingData, java.lang.String, org.hibernate.envers.Audited)#1&quot;, &quot;property := #fillPropertyData(org.hibernate.annotations.common.reflection.XProperty, org.hibernate.envers.configuration.internal.metadata.reader.PropertyAuditingData, java.lang.String, org.hibernate.envers.Audited)#0&quot; }"/>
        </annotation>
    </item>
    <item name='org.hibernate.envers.configuration.internal.metadata.reader.AuditedPropertiesReader void setPropertyRelationMappedBy(org.hibernate.annotations.common.reflection.XProperty, org.hibernate.envers.configuration.internal.metadata.reader.PropertyAuditingData)'>
        <annotation name='com.intellij.inspections.tainted.annotation.equation.Equations'>
            <val val="{ &quot;propertyData := #fillPropertyData(org.hibernate.annotations.common.reflection.XProperty, org.hibernate.envers.configuration.internal.metadata.reader.PropertyAuditingData, java.lang.String, org.hibernate.envers.Audited)#1&quot;, &quot;property := #fillPropertyData(org.hibernate.annotations.common.reflection.XProperty, org.hibernate.envers.configuration.internal.metadata.reader.PropertyAuditingData, java.lang.String, org.hibernate.envers.Audited)#0&quot; }"/>
        </annotation>
    </item>
    <item name='org.hibernate.envers.configuration.internal.metadata.reader.AuditedPropertiesReader void validateLobMappingSupport(org.hibernate.annotations.common.reflection.XProperty)'>
        <annotation name='com.intellij.inspections.tainted.annotation.equation.Equations'>
            <val val="{ &quot;property := #fillPropertyData(org.hibernate.annotations.common.reflection.XProperty, org.hibernate.envers.configuration.internal.metadata.reader.PropertyAuditingData, java.lang.String, org.hibernate.envers.Audited)#0&quot; }"/>
        </annotation>
    </item>
    <item name='org.hibernate.envers.configuration.internal.metadata.reader.AuditedPropertiesReader.ComponentPropertiesSource'>
        <annotation name='com.intellij.inspections.tainted.annotation.equation.Equations'>
            <val val="{ &quot;ComponentPropertiesSource := #ComponentPropertiesSource(org.hibernate.annotations.common.reflection.XClass, org.hibernate.mapping.Component)#0 &amp; #ComponentPropertiesSource(org.hibernate.annotations.common.reflection.XClass, org.hibernate.mapping.Component)#1 &amp; #ComponentPropertiesSource(org.hibernate.annotations.common.reflection.ReflectionManager, org.hibernate.mapping.Component)#1&quot; }"/>
        </annotation>
    </item>
    <item name='org.hibernate.envers.configuration.internal.metadata.reader.AuditedPropertiesReader.ComponentPropertiesSource ComponentPropertiesSource(org.hibernate.annotations.common.reflection.ReflectionManager, org.hibernate.mapping.Component)'>
        <annotation name='com.intellij.inspections.tainted.annotation.equation.Equations'>
            <val val="{ &quot;component := AuditedPropertiesReader#addFromPropertiesGroup(java.lang.String, org.hibernate.annotations.common.reflection.XProperty, java.lang.String, org.hibernate.mapping.Component, org.hibernate.envers.Audited)#3 &amp; AuditedPropertiesReader#addFromComponentProperty(org.hibernate.annotations.common.reflection.XProperty, java.lang.String, org.hibernate.mapping.Component, org.hibernate.envers.Audited)#2&quot;, &quot;reflectionManager := AuditedPropertiesReader&quot;, &quot;ComponentPropertiesSource := AuditedPropertiesReader.ComponentPropertiesSource&quot; }"/>
        </annotation>
    </item>
    <item name='org.hibernate.envers.configuration.internal.metadata.reader.AuditedPropertiesReader.ComponentPropertiesSource ComponentPropertiesSource(org.hibernate.annotations.common.reflection.XClass, org.hibernate.mapping.Component)'>
        <annotation name='com.intellij.inspections.tainted.annotation.equation.Equations'>
            <val val="{ &quot;xClazz := &quot;, &quot;ComponentPropertiesSource := AuditedPropertiesReader.ComponentPropertiesSource&quot;, &quot;component := AuditedPropertiesReader.DynamicComponentSource#DynamicComponentSource(org.hibernate.annotations.common.reflection.ReflectionManager, org.hibernate.mapping.Component, org.hibernate.annotations.common.reflection.XProperty)#1&quot; }"/>
        </annotation>
    </item>
    <item name='org.hibernate.envers.configuration.internal.metadata.reader.AuditedPropertiesReader.ComponentPropertiesSource java.util.Iterator&lt;org.hibernate.mapping.Property&gt; getPropertyIterator()'>
        <annotation name='com.intellij.inspections.tainted.annotation.equation.Equations'>
            <val val="{ &quot;getPropertyIterator := &quot; }"/>
        </annotation>
    </item>
    <item name='org.hibernate.envers.configuration.internal.metadata.reader.AuditedPropertiesReader.ComponentPropertiesSource org.hibernate.annotations.common.reflection.XClass getXClass()'>
        <annotation name='com.intellij.inspections.tainted.annotation.equation.Equations'>
            <val val="{ &quot;getXClass := AuditedPropertiesReader.ComponentPropertiesSource&quot; }"/>
        </annotation>
    </item>
    <item name='org.hibernate.envers.configuration.internal.metadata.reader.AuditedPropertiesReader.ComponentPropertiesSource org.hibernate.mapping.Property getProperty(java.lang.String)'>
        <annotation name='com.intellij.inspections.tainted.annotation.equation.Equations'>
            <val val="{ &quot;getProperty := &quot;, &quot;propertyName := PersistentPropertiesSource#getProperty(java.lang.String)#0&quot; }"/>
        </annotation>
    </item>
    <item name='org.hibernate.envers.configuration.internal.metadata.reader.AuditedPropertiesReader.DynamicComponentSource'>
        <annotation name='com.intellij.inspections.tainted.annotation.equation.Equations'>
            <val val="{ &quot;DynamicComponentSource := #DynamicComponentSource(org.hibernate.annotations.common.reflection.ReflectionManager, org.hibernate.mapping.Component, org.hibernate.annotations.common.reflection.XProperty)#2&quot; }"/>
        </annotation>
    </item>
    <item name='org.hibernate.envers.configuration.internal.metadata.reader.AuditedPropertiesReader.DynamicComponentSource DynamicComponentSource(org.hibernate.annotations.common.reflection.ReflectionManager, org.hibernate.mapping.Component, org.hibernate.annotations.common.reflection.XProperty)'>
        <annotation name='com.intellij.inspections.tainted.annotation.equation.Equations'>
            <val val="{ &quot;DynamicComponentSource := AuditedPropertiesReader.DynamicComponentSource&quot;, &quot;baseProperty := AuditedPropertiesReader#addFromComponentProperty(org.hibernate.annotations.common.reflection.XProperty, java.lang.String, org.hibernate.mapping.Component, org.hibernate.envers.Audited)#0&quot;, &quot;component := AuditedPropertiesReader#addFromComponentProperty(org.hibernate.annotations.common.reflection.XProperty, java.lang.String, org.hibernate.mapping.Component, org.hibernate.envers.Audited)#2&quot;, &quot;reflectionManager := AuditedPropertiesReader&quot; }"/>
        </annotation>
    </item>
    <item name='org.hibernate.envers.configuration.internal.metadata.reader.ClassAuditingData'>
        <annotation name='com.intellij.inspections.tainted.annotation.equation.Equations'>
            <val val="{ &quot;ClassAuditingData := #setAuditTable(org.hibernate.envers.AuditTable)#0 &amp; #setDefaultAudited(boolean)#0&quot; }"/>
        </annotation>
    </item>
    <item name='org.hibernate.envers.configuration.internal.metadata.reader.ClassAuditingData ClassAuditingData()'>
        <annotation name='com.intellij.inspections.tainted.annotation.equation.Equations'>
            <val val="{ &quot;ClassAuditingData := ClassAuditingData&quot; }"/>
        </annotation>
    </item>
    <item name='org.hibernate.envers.configuration.internal.metadata.reader.ClassAuditingData boolean contains(java.lang.String)'>
        <annotation name='com.intellij.inspections.tainted.annotation.equation.Equations'>
            <val val="{ &quot;propertyName := AuditedPropertiesHolder#contains(java.lang.String)#0&quot;, &quot;contains := &quot; }"/>
        </annotation>
    </item>
    <item name='org.hibernate.envers.configuration.internal.metadata.reader.ClassAuditingData boolean isAudited()'>
        <annotation name='com.intellij.inspections.tainted.annotation.equation.Equations'>
            <val val="{ &quot;isAudited := ClassAuditingData&quot; }"/>
        </annotation>
    </item>
    <item name='org.hibernate.envers.configuration.internal.metadata.reader.ClassAuditingData boolean isEmpty()'>
        <annotation name='com.intellij.inspections.tainted.annotation.equation.Equations'>
            <val val="{ &quot;isEmpty := &quot; }"/>
        </annotation>
    </item>
    <item name='org.hibernate.envers.configuration.internal.metadata.reader.ClassAuditingData java.lang.Iterable&lt;java.lang.String&gt; getNonSyntheticPropertyNames()'>
        <annotation name='com.intellij.inspections.tainted.annotation.equation.Equations'>
            <val val="{ &quot;getNonSyntheticPropertyNames := &quot; }"/>
        </annotation>
    </item>
    <item name='org.hibernate.envers.configuration.internal.metadata.reader.ClassAuditingData java.lang.Iterable&lt;java.lang.String&gt; getPropertyNames()'>
        <annotation name='com.intellij.inspections.tainted.annotation.equation.Equations'>
            <val val="{ &quot;getPropertyNames := &quot; }"/>
        </annotation>
    </item>
    <item name='org.hibernate.envers.configuration.internal.metadata.reader.ClassAuditingData java.lang.Iterable&lt;org.hibernate.envers.configuration.internal.metadata.reader.PropertyAuditingData&gt; getSyntheticProperties()'>
        <annotation name='com.intellij.inspections.tainted.annotation.equation.Equations'>
            <val val="{ &quot;getSyntheticProperties := &quot; }"/>
        </annotation>
    </item>
    <item name='org.hibernate.envers.configuration.internal.metadata.reader.ClassAuditingData java.util.Map&lt;java.lang.String,java.lang.String&gt; getSecondaryTableDictionary()'>
        <annotation name='com.intellij.inspections.tainted.annotation.equation.Equations'>
            <val val="{ &quot;getSecondaryTableDictionary := ClassAuditingData&quot; }"/>
        </annotation>
    </item>
    <item name='org.hibernate.envers.configuration.internal.metadata.reader.ClassAuditingData org.hibernate.envers.AuditTable getAuditTable()'>
        <annotation name='com.intellij.inspections.tainted.annotation.equation.Equations'>
            <val val="{ &quot;getAuditTable := ClassAuditingData&quot; }"/>
        </annotation>
    </item>
    <item name='org.hibernate.envers.configuration.internal.metadata.reader.ClassAuditingData org.hibernate.envers.configuration.internal.metadata.reader.PropertyAuditingData getPropertyAuditingData(java.lang.String)'>
        <annotation name='com.intellij.inspections.tainted.annotation.equation.Equations'>
            <val val="{ &quot;propertyName := AuditedPropertiesHolder#getPropertyAuditingData(java.lang.String)#0 &amp; org.hibernate.envers.configuration.internal.ClassesAuditingData#forcePropertyInsertable(org.hibernate.envers.configuration.internal.metadata.reader.ClassAuditingData, java.lang.String, java.lang.String, java.lang.String)#1&quot;, &quot;getPropertyAuditingData := &quot; }"/>
        </annotation>
    </item>
    <item name='org.hibernate.envers.configuration.internal.metadata.reader.ClassAuditingData void addPropertyAuditingData(java.lang.String, org.hibernate.envers.configuration.internal.metadata.reader.PropertyAuditingData)'>
        <annotation name='com.intellij.inspections.tainted.annotation.equation.Equations'>
            <val val="{ &quot;auditingData := AuditedPropertiesHolder#addPropertyAuditingData(java.lang.String, org.hibernate.envers.configuration.internal.metadata.reader.PropertyAuditingData)#1&quot;, &quot;propertyName := AuditedPropertiesHolder#addPropertyAuditingData(java.lang.String, org.hibernate.envers.configuration.internal.metadata.reader.PropertyAuditingData)#0&quot; }"/>
        </annotation>
    </item>
    <item name='org.hibernate.envers.configuration.internal.metadata.reader.ClassAuditingData void setAuditTable(org.hibernate.envers.AuditTable)'>
        <annotation name='com.intellij.inspections.tainted.annotation.equation.Equations'>
            <val val="{ &quot;auditTable := &quot; }"/>
        </annotation>
    </item>
    <item name='org.hibernate.envers.configuration.internal.metadata.reader.ComponentAuditedPropertiesReader ComponentAuditedPropertiesReader(org.hibernate.envers.ModificationStore, org.hibernate.envers.configuration.internal.metadata.reader.PersistentPropertiesSource, org.hibernate.envers.configuration.internal.metadata.reader.AuditedPropertiesHolder, org.hibernate.envers.configuration.internal.GlobalConfiguration, org.hibernate.annotations.common.reflection.ReflectionManager, java.lang.String)'>
        <annotation name='com.intellij.inspections.tainted.annotation.equation.Equations'>
            <val val="{ &quot;auditedPropertiesHolder := &quot;, &quot;propertyNamePrefix := AuditedPropertiesReader&quot;, &quot;globalCfg := AuditedPropertiesReader&quot;, &quot;ComponentAuditedPropertiesReader := ComponentAuditedPropertiesReader&quot;, &quot;reflectionManager := AuditedPropertiesReader&quot;, &quot;persistentPropertiesSource := &quot;, &quot;defaultStore := org.hibernate.envers.ModificationStore#FULL&quot; }"/>
        </annotation>
    </item>
    <item name='org.hibernate.envers.configuration.internal.metadata.reader.ComponentAuditedPropertiesReader boolean checkAudited(org.hibernate.annotations.common.reflection.XProperty, org.hibernate.envers.configuration.internal.metadata.reader.PropertyAuditingData, java.lang.String, org.hibernate.envers.Audited, java.lang.String)'>
        <annotation name='com.intellij.inspections.tainted.annotation.equation.Equations'>
            <val val="{ &quot;allClassAudited := AuditedPropertiesReader#checkAudited(org.hibernate.annotations.common.reflection.XProperty, org.hibernate.envers.configuration.internal.metadata.reader.PropertyAuditingData, java.lang.String, org.hibernate.envers.Audited, java.lang.String)#3&quot;, &quot;modifiedFlagSuffix := AuditedPropertiesReader#checkAudited(org.hibernate.annotations.common.reflection.XProperty, org.hibernate.envers.configuration.internal.metadata.reader.PropertyAuditingData, java.lang.String, org.hibernate.envers.Audited, java.lang.String)#4&quot;, &quot;propertyData := AuditedPropertiesReader#checkAudited(org.hibernate.annotations.common.reflection.XProperty, org.hibernate.envers.configuration.internal.metadata.reader.PropertyAuditingData, java.lang.String, org.hibernate.envers.Audited, java.lang.String)#1&quot;, &quot;property := AuditedPropertiesReader#checkAudited(org.hibernate.annotations.common.reflection.XProperty, org.hibernate.envers.configuration.internal.metadata.reader.PropertyAuditingData, java.lang.String, org.hibernate.envers.Audited, java.lang.String)#0&quot;, &quot;propertyName := AuditedPropertiesReader#checkAudited(org.hibernate.annotations.common.reflection.XProperty, org.hibernate.envers.configuration.internal.metadata.reader.PropertyAuditingData, java.lang.String, org.hibernate.envers.Audited, java.lang.String)#2&quot; }"/>
        </annotation>
    </item>
    <item name='org.hibernate.envers.configuration.internal.metadata.reader.ComponentAuditingData'>
        <annotation name='com.intellij.inspections.tainted.annotation.equation.Equations'>
            <val val="{ &quot;ComponentAuditingData := &quot; }"/>
        </annotation>
    </item>
    <item name='org.hibernate.envers.configuration.internal.metadata.reader.ComponentAuditingData ComponentAuditingData()'>
        <annotation name='com.intellij.inspections.tainted.annotation.equation.Equations'>
            <val val="{ &quot;ComponentAuditingData := ComponentAuditingData&quot; }"/>
        </annotation>
    </item>
    <item name='org.hibernate.envers.configuration.internal.metadata.reader.ComponentAuditingData boolean contains(java.lang.String)'>
        <annotation name='com.intellij.inspections.tainted.annotation.equation.Equations'>
            <val val="{ &quot;contains := &quot;, &quot;propertyName := AuditedPropertiesHolder#contains(java.lang.String)#0&quot; }"/>
        </annotation>
    </item>
    <item name='org.hibernate.envers.configuration.internal.metadata.reader.ComponentAuditingData boolean isEmpty()'>
        <annotation name='com.intellij.inspections.tainted.annotation.equation.Equations'>
            <val val="{ &quot;isEmpty := &quot; }"/>
        </annotation>
    </item>
    <item name='org.hibernate.envers.configuration.internal.metadata.reader.ComponentAuditingData java.lang.Iterable&lt;java.lang.String&gt; getNonSyntheticPropertyNames()'>
        <annotation name='com.intellij.inspections.tainted.annotation.equation.Equations'>
            <val val="{ &quot;getNonSyntheticPropertyNames := &quot; }"/>
        </annotation>
    </item>
    <item name='org.hibernate.envers.configuration.internal.metadata.reader.ComponentAuditingData java.util.Set&lt;java.lang.String&gt; getPropertyNames()'>
        <annotation name='com.intellij.inspections.tainted.annotation.equation.Equations'>
            <val val="{ &quot;getPropertyNames := &quot; }"/>
        </annotation>
    </item>
    <item name='org.hibernate.envers.configuration.internal.metadata.reader.ComponentAuditingData org.hibernate.envers.configuration.internal.metadata.reader.PropertyAuditingData getPropertyAuditingData(java.lang.String)'>
        <annotation name='com.intellij.inspections.tainted.annotation.equation.Equations'>
            <val val="{ &quot;getPropertyAuditingData := &quot;, &quot;propertyName := AuditedPropertiesHolder#getPropertyAuditingData(java.lang.String)#0&quot; }"/>
        </annotation>
    </item>
    <item name='org.hibernate.envers.configuration.internal.metadata.reader.ComponentAuditingData void addPropertyAuditingData(java.lang.String, org.hibernate.envers.configuration.internal.metadata.reader.PropertyAuditingData)'>
        <annotation name='com.intellij.inspections.tainted.annotation.equation.Equations'>
            <val val="{ &quot;propertyName := AuditedPropertiesHolder#addPropertyAuditingData(java.lang.String, org.hibernate.envers.configuration.internal.metadata.reader.PropertyAuditingData)#0&quot;, &quot;auditingData := AuditedPropertiesHolder#addPropertyAuditingData(java.lang.String, org.hibernate.envers.configuration.internal.metadata.reader.PropertyAuditingData)#1&quot; }"/>
        </annotation>
    </item>
    <item name='org.hibernate.envers.configuration.internal.metadata.reader.DynamicProperty'>
        <annotation name='com.intellij.inspections.tainted.annotation.equation.Equations'>
            <val val="{ &quot;DynamicProperty := #DynamicProperty(org.hibernate.envers.configuration.internal.metadata.reader.AuditedPropertiesReader.DynamicComponentSource, java.lang.String)#0 &amp; #DynamicProperty(org.hibernate.envers.configuration.internal.metadata.reader.AuditedPropertiesReader.DynamicComponentSource, java.lang.String)#1&quot; }"/>
        </annotation>
    </item>
    <item name='org.hibernate.envers.configuration.internal.metadata.reader.DynamicProperty DynamicProperty(org.hibernate.envers.configuration.internal.metadata.reader.AuditedPropertiesReader.DynamicComponentSource, java.lang.String)'>
        <annotation name='com.intellij.inspections.tainted.annotation.equation.Equations'>
            <val val="{ &quot;DynamicProperty := DynamicProperty&quot; }"/>
        </annotation>
    </item>
    <item name='org.hibernate.envers.configuration.internal.metadata.reader.DynamicProperty T getAnnotation(java.lang.Class&lt;T&gt;)'>
        <annotation name='com.intellij.inspections.tainted.annotation.equation.Equations'>
            <val val="{ &quot;annotationType := org.hibernate.annotations.common.reflection.XAnnotatedElement#getAnnotation(java.lang.Class)#0&quot; }"/>
        </annotation>
    </item>
    <item name='org.hibernate.envers.configuration.internal.metadata.reader.DynamicProperty boolean isAnnotationPresent(java.lang.Class&lt;T&gt;)'>
        <annotation name='com.intellij.inspections.tainted.annotation.equation.Equations'>
            <val val="{ &quot;annotationType := org.hibernate.annotations.common.reflection.XAnnotatedElement#isAnnotationPresent(java.lang.Class)#0&quot; }"/>
        </annotation>
    </item>
    <item name='org.hibernate.envers.configuration.internal.metadata.reader.DynamicProperty java.lang.Object invoke(java.lang.Object)'>
        <annotation name='com.intellij.inspections.tainted.annotation.equation.Equations'>
            <val val="{ &quot;target := org.hibernate.annotations.common.reflection.XMember#invoke(java.lang.Object)#0&quot; }"/>
        </annotation>
    </item>
    <item name='org.hibernate.envers.configuration.internal.metadata.reader.DynamicProperty java.lang.Object invoke(java.lang.Object, java.lang.Object...)'>
        <annotation name='com.intellij.inspections.tainted.annotation.equation.Equations'>
            <val val="{ &quot;target := org.hibernate.annotations.common.reflection.XMember#invoke(java.lang.Object, java.lang.Object...)#0&quot;, &quot;parameters := org.hibernate.annotations.common.reflection.XMember#invoke(java.lang.Object, java.lang.Object...)#1&quot; }"/>
        </annotation>
    </item>
    <item name='org.hibernate.envers.configuration.internal.metadata.reader.DynamicProperty java.lang.String getName()'>
        <annotation name='com.intellij.inspections.tainted.annotation.equation.Equations'>
            <val val="{ &quot;getName := DynamicProperty&quot; }"/>
        </annotation>
    </item>
    <item name='org.hibernate.envers.configuration.internal.metadata.reader.DynamicProperty org.hibernate.annotations.common.reflection.XClass getDeclaringClass()'>
        <annotation name='com.intellij.inspections.tainted.annotation.equation.Equations'>
            <val val="{ &quot;getDeclaringClass := &quot; }"/>
        </annotation>
    </item>
    <item name='org.hibernate.envers.configuration.internal.metadata.reader.DynamicProperty org.hibernate.annotations.common.reflection.XClass getType()'>
        <annotation name='com.intellij.inspections.tainted.annotation.equation.Equations'>
            <val val="{ &quot;getType := &quot; }"/>
        </annotation>
    </item>
    <item name='org.hibernate.envers.configuration.internal.metadata.reader.DynamicProperty void setAccessible(boolean)'>
        <annotation name='com.intellij.inspections.tainted.annotation.equation.Equations'>
            <val val="{ &quot;accessible := org.hibernate.annotations.common.reflection.XMember#setAccessible(boolean)#0&quot; }"/>
        </annotation>
    </item>
    <item name='org.hibernate.envers.configuration.internal.metadata.reader.PersistentPropertiesSource java.util.Iterator&lt;org.hibernate.mapping.Property&gt; getPropertyIterator()'>
        <annotation name='com.intellij.inspections.tainted.annotation.equation.Equations'>
            <val val="{ &quot;getPropertyIterator := AnnotationsMetadataReader.PersistentClassPropertiesSource#getPropertyIterator() &amp; AuditedPropertiesReader.ComponentPropertiesSource#getPropertyIterator()&quot; }"/>
        </annotation>
    </item>
    <item name='org.hibernate.envers.configuration.internal.metadata.reader.PersistentPropertiesSource org.hibernate.annotations.common.reflection.XClass getXClass()'>
        <annotation name='com.intellij.inspections.tainted.annotation.equation.Equations'>
            <val val="{ &quot;getXClass := AnnotationsMetadataReader.PersistentClassPropertiesSource#getXClass() &amp; AuditedPropertiesReader.ComponentPropertiesSource#getXClass()&quot; }"/>
        </annotation>
    </item>
    <item name='org.hibernate.envers.configuration.internal.metadata.reader.PersistentPropertiesSource org.hibernate.mapping.Property getProperty(java.lang.String)'>
        <annotation name='com.intellij.inspections.tainted.annotation.equation.Equations'>
            <val val="{ &quot;getProperty := AnnotationsMetadataReader.PersistentClassPropertiesSource#getProperty(java.lang.String) &amp; AuditedPropertiesReader.ComponentPropertiesSource#getProperty(java.lang.String)&quot; }"/>
        </annotation>
    </item>
    <item name='org.hibernate.envers.configuration.internal.metadata.reader.PropertyAuditingData'>
        <annotation name='com.intellij.inspections.tainted.annotation.equation.Equations'>
            <val val="{ &quot;PropertyAuditingData := #PropertyAuditingData(java.lang.String, java.lang.String, org.hibernate.envers.ModificationStore, org.hibernate.envers.RelationTargetAuditMode, java.lang.String, java.lang.String, boolean, boolean, org.hibernate.mapping.Value)#0 &amp; #PropertyAuditingData(java.lang.String, java.lang.String, org.hibernate.envers.ModificationStore, org.hibernate.envers.RelationTargetAuditMode, java.lang.String, java.lang.String, boolean, boolean, org.hibernate.mapping.Value)#1 &amp; #PropertyAuditingData(java.lang.String, java.lang.String, org.hibernate.envers.ModificationStore, org.hibernate.envers.RelationTargetAuditMode, java.lang.String, java.lang.String, boolean, boolean, org.hibernate.mapping.Value)#2 &amp; #PropertyAuditingData(java.lang.String, java.lang.String, org.hibernate.envers.ModificationStore, org.hibernate.envers.RelationTargetAuditMode, java.lang.String, java.lang.String, boolean, boolean, org.hibernate.mapping.Value)#3 &amp; #PropertyAuditingData(java.lang.String, java.lang.String, org.hibernate.envers.ModificationStore, org.hibernate.envers.RelationTargetAuditMode, java.lang.String, java.lang.String, boolean, boolean, org.hibernate.mapping.Value)#4 &amp; #PropertyAuditingData(java.lang.String, java.lang.String, org.hibernate.envers.ModificationStore, org.hibernate.envers.RelationTargetAuditMode, java.lang.String, java.lang.String, boolean, boolean, org.hibernate.mapping.Value)#5 &amp; #PropertyAuditingData(java.lang.String, java.lang.String, org.hibernate.envers.ModificationStore, org.hibernate.envers.RelationTargetAuditMode, java.lang.String, java.lang.String, boolean, boolean, org.hibernate.mapping.Value)#6 &amp; #PropertyAuditingData(java.lang.String, java.lang.String, org.hibernate.envers.ModificationStore, org.hibernate.envers.RelationTargetAuditMode, java.lang.String, java.lang.String, boolean, boolean, org.hibernate.mapping.Value)#7 &amp; #PropertyAuditingData(java.lang.String, java.lang.String, org.hibernate.envers.ModificationStore, org.hibernate.envers.RelationTargetAuditMode, java.lang.String, java.lang.String, boolean, boolean, org.hibernate.mapping.Value)#8 &amp; #setName(java.lang.String)#0 &amp; #setBeanName(java.lang.String)#0 &amp; #setStore(org.hibernate.envers.ModificationStore)#0 &amp; #setMapKey(java.lang.String)#0 &amp; #setJoinTable(org.hibernate.envers.AuditJoinTable)#0 &amp; #setAccessType(java.lang.String)#0 &amp; #setAuditMappedBy(java.lang.String)#0 &amp; #setRelationMappedBy(java.lang.String)#0 &amp; #setPositionMappedBy(java.lang.String)#0 &amp; #setForceInsertable(boolean)#0 &amp; #setUsingModifiedFlag(boolean)#0 &amp; #setModifiedFlagName(java.lang.String)#0 &amp; #setRelationTargetAuditMode(org.hibernate.envers.RelationTargetAuditMode)#0&quot; }"/>
        </annotation>
    </item>
    <item name='org.hibernate.envers.configuration.internal.metadata.reader.PropertyAuditingData PropertyAuditingData()'>
        <annotation name='com.intellij.inspections.tainted.annotation.equation.Equations'>
            <val val="{ &quot;PropertyAuditingData := PropertyAuditingData&quot; }"/>
        </annotation>
    </item>
    <item name='org.hibernate.envers.configuration.internal.metadata.reader.PropertyAuditingData PropertyAuditingData(java.lang.String, java.lang.String, org.hibernate.envers.ModificationStore, org.hibernate.envers.RelationTargetAuditMode, java.lang.String, java.lang.String, boolean)'>
        <annotation name='com.intellij.inspections.tainted.annotation.equation.Equations'>
            <val val="{ &quot;name := org.hibernate.envers.configuration.internal.metadata.CollectionMetadataGenerator#addValueToMiddleTable(org.hibernate.mapping.Value, org.dom4j.Element, org.hibernate.envers.configuration.internal.metadata.QueryGeneratorBuilder, java.lang.String, javax.persistence.JoinColumn[], boolean)#3&quot;, &quot;store := org.hibernate.envers.ModificationStore#FULL&quot;, &quot;PropertyAuditingData := PropertyAuditingData&quot;, &quot;relationTargetAuditMode := org.hibernate.envers.RelationTargetAuditMode#AUDITED&quot;, &quot;accessType := &quot; }"/>
        </annotation>
    </item>
    <item name='org.hibernate.envers.configuration.internal.metadata.reader.PropertyAuditingData PropertyAuditingData(java.lang.String, java.lang.String, org.hibernate.envers.ModificationStore, org.hibernate.envers.RelationTargetAuditMode, java.lang.String, java.lang.String, boolean, boolean, org.hibernate.mapping.Value)'>
        <annotation name='com.intellij.inspections.tainted.annotation.equation.Equations'>
            <val val="{ &quot;relationTargetAuditMode := #PropertyAuditingData(java.lang.String, java.lang.String, org.hibernate.envers.ModificationStore, org.hibernate.envers.RelationTargetAuditMode, java.lang.String, java.lang.String, boolean)#3 &amp; org.hibernate.envers.RelationTargetAuditMode#AUDITED&quot;, &quot;auditMappedBy := #PropertyAuditingData(java.lang.String, java.lang.String, org.hibernate.envers.ModificationStore, org.hibernate.envers.RelationTargetAuditMode, java.lang.String, java.lang.String, boolean)#4&quot;, &quot;forceInsertable := #PropertyAuditingData(java.lang.String, java.lang.String, org.hibernate.envers.ModificationStore, org.hibernate.envers.RelationTargetAuditMode, java.lang.String, java.lang.String, boolean)#6&quot;, &quot;accessType := #PropertyAuditingData(java.lang.String, java.lang.String, org.hibernate.envers.ModificationStore, org.hibernate.envers.RelationTargetAuditMode, java.lang.String, java.lang.String, boolean)#1 &amp; org.hibernate.envers.configuration.internal.ClassesAuditingData#addSyntheticIndexProperty(org.hibernate.mapping.List, java.lang.String, org.hibernate.envers.configuration.internal.metadata.reader.ClassAuditingData)#1&quot;, &quot;positionMappedBy := #PropertyAuditingData(java.lang.String, java.lang.String, org.hibernate.envers.ModificationStore, org.hibernate.envers.RelationTargetAuditMode, java.lang.String, java.lang.String, boolean)#5&quot;, &quot;store := #PropertyAuditingData(java.lang.String, java.lang.String, org.hibernate.envers.ModificationStore, org.hibernate.envers.RelationTargetAuditMode, java.lang.String, java.lang.String, boolean)#2 &amp; org.hibernate.envers.ModificationStore#FULL&quot;, &quot;value := &quot;, &quot;name := #PropertyAuditingData(java.lang.String, java.lang.String, org.hibernate.envers.ModificationStore, org.hibernate.envers.RelationTargetAuditMode, java.lang.String, java.lang.String, boolean)#0&quot;, &quot;PropertyAuditingData := PropertyAuditingData&quot; }"/>
        </annotation>
    </item>
    <item name='org.hibernate.envers.configuration.internal.metadata.reader.PropertyAuditingData boolean isForceInsertable()'>
        <annotation name='com.intellij.inspections.tainted.annotation.equation.Equations'>
            <val val="{ &quot;isForceInsertable := PropertyAuditingData&quot; }"/>
        </annotation>
    </item>
    <item name='org.hibernate.envers.configuration.internal.metadata.reader.PropertyAuditingData boolean isSyntheic()'>
        <annotation name='com.intellij.inspections.tainted.annotation.equation.Equations'>
            <val val="{ &quot;isSyntheic := PropertyAuditingData&quot; }"/>
        </annotation>
    </item>
    <item name='org.hibernate.envers.configuration.internal.metadata.reader.PropertyAuditingData boolean isUsingModifiedFlag()'>
        <annotation name='com.intellij.inspections.tainted.annotation.equation.Equations'>
            <val val="{ &quot;isUsingModifiedFlag := PropertyAuditingData&quot; }"/>
        </annotation>
    </item>
    <item name='org.hibernate.envers.configuration.internal.metadata.reader.PropertyAuditingData java.lang.String getAccessType()'>
        <annotation name='com.intellij.inspections.tainted.annotation.equation.Equations'>
            <val val="{ &quot;getAccessType := PropertyAuditingData&quot; }"/>
        </annotation>
    </item>
    <item name='org.hibernate.envers.configuration.internal.metadata.reader.PropertyAuditingData java.lang.String getAuditMappedBy()'>
        <annotation name='com.intellij.inspections.tainted.annotation.equation.Equations'>
            <val val="{ &quot;getAuditMappedBy := PropertyAuditingData&quot; }"/>
        </annotation>
    </item>
    <item name='org.hibernate.envers.configuration.internal.metadata.reader.PropertyAuditingData java.lang.String getBeanName()'>
        <annotation name='com.intellij.inspections.tainted.annotation.equation.Equations'>
            <val val="{ &quot;getBeanName := PropertyAuditingData&quot; }"/>
        </annotation>
    </item>
    <item name='org.hibernate.envers.configuration.internal.metadata.reader.PropertyAuditingData java.lang.String getMapKey()'>
        <annotation name='com.intellij.inspections.tainted.annotation.equation.Equations'>
            <val val="{ &quot;getMapKey := PropertyAuditingData&quot; }"/>
        </annotation>
    </item>
    <item name='org.hibernate.envers.configuration.internal.metadata.reader.PropertyAuditingData java.lang.String getModifiedFlagName()'>
        <annotation name='com.intellij.inspections.tainted.annotation.equation.Equations'>
            <val val="{ &quot;getModifiedFlagName := PropertyAuditingData&quot; }"/>
        </annotation>
    </item>
    <item name='org.hibernate.envers.configuration.internal.metadata.reader.PropertyAuditingData java.lang.String getName()'>
        <annotation name='com.intellij.inspections.tainted.annotation.equation.Equations'>
            <val val="{ &quot;getName := PropertyAuditingData&quot; }"/>
        </annotation>
    </item>
    <item name='org.hibernate.envers.configuration.internal.metadata.reader.PropertyAuditingData java.lang.String getPositionMappedBy()'>
        <annotation name='com.intellij.inspections.tainted.annotation.equation.Equations'>
            <val val="{ &quot;getPositionMappedBy := PropertyAuditingData&quot; }"/>
        </annotation>
    </item>
    <item name='org.hibernate.envers.configuration.internal.metadata.reader.PropertyAuditingData java.lang.String getRelationMappedBy()'>
        <annotation name='com.intellij.inspections.tainted.annotation.equation.Equations'>
            <val val="{ &quot;getRelationMappedBy := PropertyAuditingData&quot; }"/>
        </annotation>
    </item>
    <item name='org.hibernate.envers.configuration.internal.metadata.reader.PropertyAuditingData java.util.List&lt;org.hibernate.envers.AuditOverride&gt; getAuditingOverrides()'>
        <annotation name='com.intellij.inspections.tainted.annotation.equation.Equations'>
            <val val="{ &quot;getAuditingOverrides := PropertyAuditingData&quot; }"/>
        </annotation>
    </item>
    <item name='org.hibernate.envers.configuration.internal.metadata.reader.PropertyAuditingData org.hibernate.envers.AuditJoinTable getJoinTable()'>
        <annotation name='com.intellij.inspections.tainted.annotation.equation.Equations'>
            <val val="{ &quot;getJoinTable := PropertyAuditingData&quot; }"/>
        </annotation>
    </item>
    <item name='org.hibernate.envers.configuration.internal.metadata.reader.PropertyAuditingData org.hibernate.envers.ModificationStore getStore()'>
        <annotation name='com.intellij.inspections.tainted.annotation.equation.Equations'>
            <val val="{ &quot;getStore := PropertyAuditingData&quot; }"/>
        </annotation>
    </item>
    <item name='org.hibernate.envers.configuration.internal.metadata.reader.PropertyAuditingData org.hibernate.envers.RelationTargetAuditMode getRelationTargetAuditMode()'>
        <annotation name='com.intellij.inspections.tainted.annotation.equation.Equations'>
            <val val="{ &quot;getRelationTargetAuditMode := PropertyAuditingData&quot; }"/>
        </annotation>
    </item>
    <item name='org.hibernate.envers.configuration.internal.metadata.reader.PropertyAuditingData org.hibernate.envers.internal.entities.PropertyData getPropertyData()'>
        <annotation name='com.intellij.inspections.tainted.annotation.equation.Equations'>
            <val val="{ &quot;getPropertyData := &quot; }"/>
        </annotation>
    </item>
    <item name='org.hibernate.envers.configuration.internal.metadata.reader.PropertyAuditingData org.hibernate.envers.internal.entities.PropertyData resolvePropertyData(org.hibernate.type.Type)'>
        <annotation name='com.intellij.inspections.tainted.annotation.equation.Equations'>
            <val val="{ &quot;resolvePropertyData := &quot;, &quot;propertyType := &quot; }"/>
        </annotation>
    </item>
    <item name='org.hibernate.envers.configuration.internal.metadata.reader.PropertyAuditingData org.hibernate.envers.internal.entities.PropertyData resolvePropertyData(org.hibernate.type.Type, org.hibernate.type.Type)'>
        <annotation name='com.intellij.inspections.tainted.annotation.equation.Equations'>
            <val val="{ &quot;propertyType := &quot;, &quot;resolvePropertyData := &quot;, &quot;virtualType := &quot; }"/>
        </annotation>
    </item>
    <item name='org.hibernate.envers.configuration.internal.metadata.reader.PropertyAuditingData org.hibernate.mapping.Value getValue()'>
        <annotation name='com.intellij.inspections.tainted.annotation.equation.Equations'>
            <val val="{ &quot;getValue := PropertyAuditingData&quot; }"/>
        </annotation>
    </item>
    <item name='org.hibernate.envers.configuration.internal.metadata.reader.PropertyAuditingData void addAuditingOverride(org.hibernate.envers.AuditOverride)'>
        <annotation name='com.intellij.inspections.tainted.annotation.equation.Equations'>
            <val val="{ &quot;annotation := &quot; }"/>
        </annotation>
    </item>
    <item name='org.hibernate.envers.configuration.internal.metadata.reader.PropertyAuditingData void addAuditingOverrides(org.hibernate.envers.AuditOverrides)'>
        <annotation name='com.intellij.inspections.tainted.annotation.equation.Equations'>
            <val val="{ &quot;annotationOverrides := &quot; }"/>
        </annotation>
    </item>
    <item name='org.hibernate.envers.configuration.internal.metadata.reader.PropertyAuditingData void setAccessType(java.lang.String)'>
        <annotation name='com.intellij.inspections.tainted.annotation.equation.Equations'>
            <val val="{ &quot;accessType := AuditedPropertiesReader#fillPropertyData(org.hibernate.annotations.common.reflection.XProperty, org.hibernate.envers.configuration.internal.metadata.reader.PropertyAuditingData, java.lang.String, org.hibernate.envers.Audited)#2&quot; }"/>
        </annotation>
    </item>
    <item name='org.hibernate.envers.configuration.internal.metadata.reader.PropertyAuditingData void setAuditMappedBy(java.lang.String)'>
        <annotation name='com.intellij.inspections.tainted.annotation.equation.Equations'>
            <val val="{ &quot;auditMappedBy := &quot; }"/>
        </annotation>
    </item>
    <item name='org.hibernate.envers.configuration.internal.metadata.reader.PropertyAuditingData void setBeanName(java.lang.String)'>
        <annotation name='com.intellij.inspections.tainted.annotation.equation.Equations'>
            <val val="{ &quot;beanName := &quot; }"/>
        </annotation>
    </item>
    <item name='org.hibernate.envers.configuration.internal.metadata.reader.PropertyAuditingData void setJoinTable(org.hibernate.envers.AuditJoinTable)'>
        <annotation name='com.intellij.inspections.tainted.annotation.equation.Equations'>
            <val val="{ &quot;joinTable := AuditedPropertiesReader#DEFAULT_AUDIT_JOIN_TABLE&quot; }"/>
        </annotation>
    </item>
    <item name='org.hibernate.envers.configuration.internal.metadata.reader.PropertyAuditingData void setMapKey(java.lang.String)'>
        <annotation name='com.intellij.inspections.tainted.annotation.equation.Equations'>
            <val val="{ &quot;mapKey := &quot; }"/>
        </annotation>
    </item>
    <item name='org.hibernate.envers.configuration.internal.metadata.reader.PropertyAuditingData void setModifiedFlagName(java.lang.String)'>
        <annotation name='com.intellij.inspections.tainted.annotation.equation.Equations'>
            <val val="{ &quot;modifiedFlagName := &quot; }"/>
        </annotation>
    </item>
    <item name='org.hibernate.envers.configuration.internal.metadata.reader.PropertyAuditingData void setName(java.lang.String)'>
        <annotation name='com.intellij.inspections.tainted.annotation.equation.Equations'>
            <val val="{ &quot;name := AuditedPropertiesReader#addFromPropertiesGroup(java.lang.String, org.hibernate.annotations.common.reflection.XProperty, java.lang.String, org.hibernate.mapping.Component, org.hibernate.envers.Audited)#0 &amp; AuditedPropertiesReader&quot; }"/>
        </annotation>
    </item>
    <item name='org.hibernate.envers.configuration.internal.metadata.reader.PropertyAuditingData void setPositionMappedBy(java.lang.String)'>
        <annotation name='com.intellij.inspections.tainted.annotation.equation.Equations'>
            <val val="{ &quot;positionMappedBy := &quot; }"/>
        </annotation>
    </item>
    <item name='org.hibernate.envers.configuration.internal.metadata.reader.PropertyAuditingData void setRelationMappedBy(java.lang.String)'>
        <annotation name='com.intellij.inspections.tainted.annotation.equation.Equations'>
            <val val="{ &quot;relationMappedBy := &quot; }"/>
        </annotation>
    </item>
    <item name='org.hibernate.envers.configuration.internal.metadata.reader.PropertyAuditingData void setRelationTargetAuditMode(org.hibernate.envers.RelationTargetAuditMode)'>
        <annotation name='com.intellij.inspections.tainted.annotation.equation.Equations'>
            <val val="{ &quot;relationTargetAuditMode := &quot; }"/>
        </annotation>
    </item>
    <item name='org.hibernate.envers.configuration.internal.metadata.reader.PropertyAuditingData void setStore(org.hibernate.envers.ModificationStore)'>
        <annotation name='com.intellij.inspections.tainted.annotation.equation.Equations'>
            <val val="{ &quot;store := org.hibernate.envers.ModificationStore#FULL&quot; }"/>
        </annotation>
    </item>
    <item name='org.hibernate.envers.configuration.internal.metadata.reader.PropertyAuditingData void setUsingModifiedFlag(boolean)'>
        <annotation name='com.intellij.inspections.tainted.annotation.equation.Equations'>
            <val val="{ &quot;usingModifiedFlag := &quot; }"/>
        </annotation>
    </item>
</root>