<root>
    <item name='java.util.spi.CalendarDataProvider int getFirstDayOfWeek(java.util.Locale)'>
        <annotation name='com.intellij.inspections.tainted.annotation.equation.Equations'>
            <val val="{ &quot;getFirstDayOfWeek := sun.util.locale.provider.SPILocaleProviderAdapter.CalendarDataProviderDelegate#getFirstDayOfWeek(java.util.Locale) &amp; sun.util.locale.provider.CalendarDataProviderImpl#getFirstDayOfWeek(java.util.Locale)&quot;, &quot;locale := sun.util.locale.provider.SPILocaleProviderAdapter.CalendarDataProviderDelegate#getFirstDayOfWeek(java.util.Locale)#0 &amp; sun.util.locale.provider.SPILocaleProviderAdapter.CalendarDataProviderDelegate#getFirstDayOfWeek(java.util.Locale)#0 &amp; sun.util.locale.provider.CalendarDataProviderImpl#getFirstDayOfWeek(java.util.Locale)#0 &amp; sun.util.locale.provider.CalendarDataUtility.CalendarWeekParameterGetter#getObject(java.util.spi.CalendarDataProvider, java.util.Locale, java.lang.String, java.lang.Object...)#1 &amp; sun.util.locale.provider.CalendarDataUtility.CalendarWeekParameterGetter#getObject(java.util.spi.CalendarDataProvider, java.util.Locale, java.lang.String, java.lang.Object...)#1&quot; }"/>
        </annotation>
    </item>
    <item name='java.util.spi.CalendarDataProvider int getMinimalDaysInFirstWeek(java.util.Locale)'>
        <annotation name='com.intellij.inspections.tainted.annotation.equation.Equations'>
            <val val="{ &quot;locale := sun.util.locale.provider.SPILocaleProviderAdapter.CalendarDataProviderDelegate#getMinimalDaysInFirstWeek(java.util.Locale)#0 &amp; sun.util.locale.provider.SPILocaleProviderAdapter.CalendarDataProviderDelegate#getMinimalDaysInFirstWeek(java.util.Locale)#0 &amp; sun.util.locale.provider.CalendarDataProviderImpl#getMinimalDaysInFirstWeek(java.util.Locale)#0 &amp; sun.util.locale.provider.CalendarDataUtility.CalendarWeekParameterGetter#getObject(java.util.spi.CalendarDataProvider, java.util.Locale, java.lang.String, java.lang.Object...)#1 &amp; sun.util.locale.provider.CalendarDataUtility.CalendarWeekParameterGetter#getObject(java.util.spi.CalendarDataProvider, java.util.Locale, java.lang.String, java.lang.Object...)#1&quot;, &quot;getMinimalDaysInFirstWeek := sun.util.locale.provider.SPILocaleProviderAdapter.CalendarDataProviderDelegate#getMinimalDaysInFirstWeek(java.util.Locale) &amp; sun.util.locale.provider.CalendarDataProviderImpl#getMinimalDaysInFirstWeek(java.util.Locale)&quot; }"/>
        </annotation>
    </item>
    <item name='java.util.spi.CalendarNameProvider java.lang.String getDisplayName(java.lang.String, int, int, int, java.util.Locale)'>
        <annotation name='com.intellij.inspections.tainted.annotation.equation.Equations'>
            <val val="{ &quot;value := sun.util.locale.provider.CalendarNameProviderImpl#getDisplayName(java.lang.String, int, int, int, java.util.Locale)#2 &amp; sun.util.locale.provider.SPILocaleProviderAdapter.CalendarNameProviderDelegate#getDisplayName(java.lang.String, int, int, int, java.util.Locale)#2&quot;, &quot;calendarType := sun.util.locale.provider.CalendarNameProviderImpl#getDisplayName(java.lang.String, int, int, int, java.util.Locale)#0 &amp; sun.util.locale.provider.SPILocaleProviderAdapter.CalendarNameProviderDelegate#getDisplayName(java.lang.String, int, int, int, java.util.Locale)#0&quot;, &quot;locale := sun.util.locale.provider.CalendarNameProviderImpl#getDisplayName(java.lang.String, int, int, int, java.util.Locale)#4 &amp; sun.util.locale.provider.SPILocaleProviderAdapter.CalendarNameProviderDelegate#getDisplayName(java.lang.String, int, int, int, java.util.Locale)#4&quot;, &quot;field := sun.util.locale.provider.CalendarNameProviderImpl#getDisplayName(java.lang.String, int, int, int, java.util.Locale)#1 &amp; sun.util.locale.provider.SPILocaleProviderAdapter.CalendarNameProviderDelegate#getDisplayName(java.lang.String, int, int, int, java.util.Locale)#1&quot;, &quot;style := sun.util.locale.provider.CalendarNameProviderImpl#getDisplayName(java.lang.String, int, int, int, java.util.Locale)#3 &amp; sun.util.locale.provider.SPILocaleProviderAdapter.CalendarNameProviderDelegate#getDisplayName(java.lang.String, int, int, int, java.util.Locale)#3&quot;, &quot;getDisplayName := sun.util.locale.provider.CalendarNameProviderImpl#getDisplayName(java.lang.String, int, int, int, java.util.Locale) &amp; sun.util.locale.provider.SPILocaleProviderAdapter.CalendarNameProviderDelegate#getDisplayName(java.lang.String, int, int, int, java.util.Locale)&quot; }"/>
        </annotation>
    </item>
    <item name='java.util.spi.CalendarNameProvider java.util.Map&lt;java.lang.String,java.lang.Integer&gt; getDisplayNames(java.lang.String, int, int, java.util.Locale)'>
        <annotation name='com.intellij.inspections.tainted.annotation.equation.Equations'>
            <val val="{ &quot;field := sun.util.locale.provider.CalendarNameProviderImpl#getDisplayNames(java.lang.String, int, int, java.util.Locale)#1 &amp; sun.util.locale.provider.SPILocaleProviderAdapter.CalendarNameProviderDelegate#getDisplayNames(java.lang.String, int, int, java.util.Locale)#1&quot;, &quot;locale := sun.util.locale.provider.CalendarNameProviderImpl#getDisplayNames(java.lang.String, int, int, java.util.Locale)#3 &amp; sun.util.locale.provider.SPILocaleProviderAdapter.CalendarNameProviderDelegate#getDisplayNames(java.lang.String, int, int, java.util.Locale)#3&quot;, &quot;calendarType := sun.util.locale.provider.CalendarNameProviderImpl#getDisplayNames(java.lang.String, int, int, java.util.Locale)#0 &amp; sun.util.locale.provider.SPILocaleProviderAdapter.CalendarNameProviderDelegate#getDisplayNames(java.lang.String, int, int, java.util.Locale)#0&quot;, &quot;style := sun.util.locale.provider.CalendarNameProviderImpl#getDisplayNames(java.lang.String, int, int, java.util.Locale)#2 &amp; sun.util.locale.provider.SPILocaleProviderAdapter.CalendarNameProviderDelegate#getDisplayNames(java.lang.String, int, int, java.util.Locale)#2&quot;, &quot;getDisplayNames := sun.util.locale.provider.CalendarNameProviderImpl#getDisplayNames(java.lang.String, int, int, java.util.Locale) &amp; sun.util.locale.provider.SPILocaleProviderAdapter.CalendarNameProviderDelegate#getDisplayNames(java.lang.String, int, int, java.util.Locale)&quot; }"/>
        </annotation>
    </item>
    <item name='java.util.spi.CurrencyNameProvider java.lang.String getDisplayName(java.lang.String, java.util.Locale)'>
        <annotation name='com.intellij.inspections.tainted.annotation.equation.Equations'>
            <val val="{ &quot;locale := sun.util.locale.provider.SPILocaleProviderAdapter.CurrencyNameProviderDelegate#getDisplayName(java.lang.String, java.util.Locale)#1 &amp; sun.util.locale.provider.CurrencyNameProviderImpl#getDisplayName(java.lang.String, java.util.Locale)#1&quot;, &quot;getDisplayName := sun.util.locale.provider.SPILocaleProviderAdapter.CurrencyNameProviderDelegate#getDisplayName(java.lang.String, java.util.Locale) &amp; sun.util.locale.provider.CurrencyNameProviderImpl#getDisplayName(java.lang.String, java.util.Locale)&quot;, &quot;currencyCode := sun.util.locale.provider.SPILocaleProviderAdapter.CurrencyNameProviderDelegate#getDisplayName(java.lang.String, java.util.Locale)#0 &amp; sun.util.locale.provider.CurrencyNameProviderImpl#getDisplayName(java.lang.String, java.util.Locale)#0&quot; }"/>
        </annotation>
    </item>
    <item name='java.util.spi.CurrencyNameProvider java.lang.String getSymbol(java.lang.String, java.util.Locale)'>
        <annotation name='com.intellij.inspections.tainted.annotation.equation.Equations'>
            <val val="{ &quot;locale := sun.util.locale.provider.SPILocaleProviderAdapter.CurrencyNameProviderDelegate#getSymbol(java.lang.String, java.util.Locale)#1 &amp; sun.util.locale.provider.CurrencyNameProviderImpl#getSymbol(java.lang.String, java.util.Locale)#1&quot;, &quot;currencyCode := sun.util.locale.provider.SPILocaleProviderAdapter.CurrencyNameProviderDelegate#getSymbol(java.lang.String, java.util.Locale)#0 &amp; sun.util.locale.provider.CurrencyNameProviderImpl#getSymbol(java.lang.String, java.util.Locale)#0&quot;, &quot;getSymbol := sun.util.locale.provider.SPILocaleProviderAdapter.CurrencyNameProviderDelegate#getSymbol(java.lang.String, java.util.Locale) &amp; sun.util.locale.provider.CurrencyNameProviderImpl#getSymbol(java.lang.String, java.util.Locale)&quot; }"/>
        </annotation>
    </item>
    <item name='java.util.spi.LocaleNameProvider java.lang.String getDisplayCountry(java.lang.String, java.util.Locale)'>
        <annotation name='com.intellij.inspections.tainted.annotation.equation.Equations'>
            <val val="{ &quot;countryCode := java.util.Locale.LocaleNameGetter#getObject(java.util.spi.LocaleNameProvider, java.util.Locale, java.lang.String, java.lang.Object...)#3 &amp; sun.util.locale.provider.LocaleNameProviderImpl#getDisplayCountry(java.lang.String, java.util.Locale)#0 &amp; sun.util.locale.provider.SPILocaleProviderAdapter.LocaleNameProviderDelegate#getDisplayCountry(java.lang.String, java.util.Locale)#0 &amp; sun.util.locale.provider.SPILocaleProviderAdapter.LocaleNameProviderDelegate#getDisplayCountry(java.lang.String, java.util.Locale)#0&quot;, &quot;getDisplayCountry := sun.util.locale.provider.LocaleNameProviderImpl#getDisplayCountry(java.lang.String, java.util.Locale) &amp; sun.util.locale.provider.SPILocaleProviderAdapter.LocaleNameProviderDelegate#getDisplayCountry(java.lang.String, java.util.Locale)&quot;, &quot;locale := java.util.Locale.LocaleNameGetter#getObject(java.util.spi.LocaleNameProvider, java.util.Locale, java.lang.String, java.lang.Object...)#1 &amp; sun.util.locale.provider.LocaleNameProviderImpl#getDisplayCountry(java.lang.String, java.util.Locale)#1 &amp; sun.util.locale.provider.SPILocaleProviderAdapter.LocaleNameProviderDelegate#getDisplayCountry(java.lang.String, java.util.Locale)#1 &amp; sun.util.locale.provider.SPILocaleProviderAdapter.LocaleNameProviderDelegate#getDisplayCountry(java.lang.String, java.util.Locale)#1&quot; }"/>
        </annotation>
    </item>
    <item name='java.util.spi.LocaleNameProvider java.lang.String getDisplayLanguage(java.lang.String, java.util.Locale)'>
        <annotation name='com.intellij.inspections.tainted.annotation.equation.Equations'>
            <val val="{ &quot;getDisplayLanguage := sun.util.locale.provider.LocaleNameProviderImpl#getDisplayLanguage(java.lang.String, java.util.Locale) &amp; sun.util.locale.provider.SPILocaleProviderAdapter.LocaleNameProviderDelegate#getDisplayLanguage(java.lang.String, java.util.Locale)&quot;, &quot;locale := sun.util.locale.provider.LocaleNameProviderImpl#getDisplayLanguage(java.lang.String, java.util.Locale)#1 &amp; sun.util.locale.provider.SPILocaleProviderAdapter.LocaleNameProviderDelegate#getDisplayLanguage(java.lang.String, java.util.Locale)#1&quot;, &quot;languageCode := sun.util.locale.provider.LocaleNameProviderImpl#getDisplayLanguage(java.lang.String, java.util.Locale)#0 &amp; sun.util.locale.provider.SPILocaleProviderAdapter.LocaleNameProviderDelegate#getDisplayLanguage(java.lang.String, java.util.Locale)#0&quot; }"/>
        </annotation>
    </item>
    <item name='java.util.spi.LocaleNameProvider java.lang.String getDisplayScript(java.lang.String, java.util.Locale)'>
        <annotation name='com.intellij.inspections.tainted.annotation.equation.Equations'>
            <val val="{ &quot;locale := java.util.Locale.LocaleNameGetter#getObject(java.util.spi.LocaleNameProvider, java.util.Locale, java.lang.String, java.lang.Object...)#1 &amp; sun.util.locale.provider.LocaleNameProviderImpl#getDisplayScript(java.lang.String, java.util.Locale)#1 &amp; sun.util.locale.provider.SPILocaleProviderAdapter.LocaleNameProviderDelegate#getDisplayScript(java.lang.String, java.util.Locale)#1 &amp; sun.util.locale.provider.SPILocaleProviderAdapter.LocaleNameProviderDelegate#getDisplayScript(java.lang.String, java.util.Locale)#1&quot;, &quot;getDisplayScript := sun.util.locale.provider.LocaleNameProviderImpl#getDisplayScript(java.lang.String, java.util.Locale) &amp; sun.util.locale.provider.SPILocaleProviderAdapter.LocaleNameProviderDelegate#getDisplayScript(java.lang.String, java.util.Locale)&quot;, &quot;scriptCode := java.util.Locale.LocaleNameGetter#getObject(java.util.spi.LocaleNameProvider, java.util.Locale, java.lang.String, java.lang.Object...)#3 &amp; sun.util.locale.provider.LocaleNameProviderImpl#getDisplayScript(java.lang.String, java.util.Locale)#0 &amp; sun.util.locale.provider.SPILocaleProviderAdapter.LocaleNameProviderDelegate#getDisplayScript(java.lang.String, java.util.Locale)#0 &amp; sun.util.locale.provider.SPILocaleProviderAdapter.LocaleNameProviderDelegate#getDisplayScript(java.lang.String, java.util.Locale)#0&quot; }"/>
        </annotation>
    </item>
    <item name='java.util.spi.LocaleNameProvider java.lang.String getDisplayVariant(java.lang.String, java.util.Locale)'>
        <annotation name='com.intellij.inspections.tainted.annotation.equation.Equations'>
            <val val="{ &quot;variant := sun.util.locale.provider.LocaleNameProviderImpl#getDisplayVariant(java.lang.String, java.util.Locale)#0 &amp; sun.util.locale.provider.SPILocaleProviderAdapter.LocaleNameProviderDelegate#getDisplayVariant(java.lang.String, java.util.Locale)#0&quot;, &quot;getDisplayVariant := sun.util.locale.provider.LocaleNameProviderImpl#getDisplayVariant(java.lang.String, java.util.Locale) &amp; sun.util.locale.provider.SPILocaleProviderAdapter.LocaleNameProviderDelegate#getDisplayVariant(java.lang.String, java.util.Locale)&quot;, &quot;locale := sun.util.locale.provider.LocaleNameProviderImpl#getDisplayVariant(java.lang.String, java.util.Locale)#1 &amp; sun.util.locale.provider.SPILocaleProviderAdapter.LocaleNameProviderDelegate#getDisplayVariant(java.lang.String, java.util.Locale)#1&quot; }"/>
        </annotation>
    </item>
    <item name='java.util.spi.LocaleServiceProvider boolean isSupportedLocale(java.util.Locale)'>
        <annotation name='com.intellij.inspections.tainted.annotation.equation.Equations'>
            <val val="{ &quot;locale := sun.util.locale.provider.LocaleServiceProviderPool#findProviders(java.util.Locale)#0 &amp; sun.util.locale.provider.LocaleServiceProviderPool#findProviders(java.util.Locale)#0 &amp; sun.util.locale.provider.LocaleNameProviderImpl#isSupportedLocale(java.util.Locale)#0 &amp; sun.util.locale.provider.SPILocaleProviderAdapter.TimeZoneNameProviderDelegate#isSupportedLocale(java.util.Locale)#0 &amp; sun.util.locale.provider.SPILocaleProviderAdapter.LocaleNameProviderDelegate#isSupportedLocale(java.util.Locale)#0 &amp; sun.util.locale.provider.SPILocaleProviderAdapter.CurrencyNameProviderDelegate#isSupportedLocale(java.util.Locale)#0 &amp; sun.util.locale.provider.SPILocaleProviderAdapter.CalendarNameProviderDelegate#isSupportedLocale(java.util.Locale)#0 &amp; sun.util.locale.provider.SPILocaleProviderAdapter.CalendarDataProviderDelegate#isSupportedLocale(java.util.Locale)#0 &amp; sun.util.locale.provider.SPILocaleProviderAdapter.NumberFormatProviderDelegate#isSupportedLocale(java.util.Locale)#0 &amp; sun.util.locale.provider.SPILocaleProviderAdapter.DecimalFormatSymbolsProviderDelegate#isSupportedLocale(java.util.Locale)#0 &amp; sun.util.locale.provider.SPILocaleProviderAdapter.DateFormatSymbolsProviderDelegate#isSupportedLocale(java.util.Locale)#0 &amp; sun.util.locale.provider.SPILocaleProviderAdapter.DateFormatProviderDelegate#isSupportedLocale(java.util.Locale)#0 &amp; sun.util.locale.provider.SPILocaleProviderAdapter.CollatorProviderDelegate#isSupportedLocale(java.util.Locale)#0 &amp; sun.util.locale.provider.SPILocaleProviderAdapter.BreakIteratorProviderDelegate#isSupportedLocale(java.util.Locale)#0 &amp; sun.util.locale.provider.CollatorProviderImpl#isSupportedLocale(java.util.Locale)#0 &amp; sun.util.locale.provider.DateFormatSymbolsProviderImpl#isSupportedLocale(java.util.Locale)#0 &amp; sun.util.locale.provider.DateFormatProviderImpl#isSupportedLocale(java.util.Locale)#0 &amp; sun.util.locale.provider.DecimalFormatSymbolsProviderImpl#isSupportedLocale(java.util.Locale)#0 &amp; sun.util.locale.provider.BreakIteratorProviderImpl#isSupportedLocale(java.util.Locale)#0 &amp; sun.util.locale.provider.NumberFormatProviderImpl#isSupportedLocale(java.util.Locale)#0 &amp; sun.util.locale.provider.CalendarProviderImpl#isSupportedLocale(java.util.Locale)#0 &amp; sun.util.locale.provider.CalendarNameProviderImpl#isSupportedLocale(java.util.Locale)#0 &amp; sun.util.locale.provider.TimeZoneNameProviderImpl#isSupportedLocale(java.util.Locale)#0&quot; }"/>
        </annotation>
    </item>
    <item name='java.util.spi.LocaleServiceProvider java.util.Locale[] getAvailableLocales()'>
        <annotation name='com.intellij.inspections.tainted.annotation.equation.Equations'>
            <val val="{ &quot;getAvailableLocales := sun.util.locale.provider.CalendarNameProviderImpl#getAvailableLocales() &amp; sun.util.locale.provider.SPILocaleProviderAdapter.NumberFormatProviderDelegate#getAvailableLocales() &amp; sun.util.locale.provider.SPILocaleProviderAdapter.DecimalFormatSymbolsProviderDelegate#getAvailableLocales() &amp; sun.util.locale.provider.SPILocaleProviderAdapter.DateFormatProviderDelegate#getAvailableLocales() &amp; sun.util.locale.provider.SPILocaleProviderAdapter.BreakIteratorProviderDelegate#getAvailableLocales() &amp; sun.util.locale.provider.DateFormatSymbolsProviderImpl#getAvailableLocales() &amp; sun.util.locale.provider.NumberFormatProviderImpl#getAvailableLocales() &amp; sun.util.locale.provider.DateFormatProviderImpl#getAvailableLocales() &amp; sun.util.locale.provider.SPILocaleProviderAdapter.CurrencyNameProviderDelegate#getAvailableLocales() &amp; sun.util.locale.provider.SPILocaleProviderAdapter.CalendarNameProviderDelegate#getAvailableLocales() &amp; sun.util.locale.provider.SPILocaleProviderAdapter.CalendarDataProviderDelegate#getAvailableLocales() &amp; sun.util.locale.provider.SPILocaleProviderAdapter.CollatorProviderDelegate#getAvailableLocales() &amp; sun.util.locale.provider.DecimalFormatSymbolsProviderImpl#getAvailableLocales() &amp; sun.util.locale.provider.LocaleNameProviderImpl#getAvailableLocales() &amp; sun.util.locale.provider.SPILocaleProviderAdapter.TimeZoneNameProviderDelegate#getAvailableLocales() &amp; sun.util.locale.provider.SPILocaleProviderAdapter.LocaleNameProviderDelegate#getAvailableLocales() &amp; sun.util.locale.provider.BreakIteratorProviderImpl#getAvailableLocales() &amp; sun.util.locale.provider.SPILocaleProviderAdapter.DateFormatSymbolsProviderDelegate#getAvailableLocales() &amp; sun.util.locale.provider.CollatorProviderImpl#getAvailableLocales() &amp; sun.util.locale.provider.CalendarProviderImpl#getAvailableLocales() &amp; sun.util.locale.provider.TimeZoneNameProviderImpl#getAvailableLocales() &amp; sun.util.locale.provider.CurrencyNameProviderImpl#getAvailableLocales() &amp; sun.util.locale.provider.CalendarDataProviderImpl#getAvailableLocales()&quot; }"/>
        </annotation>
    </item>
    <item name='java.util.spi.TimeZoneNameProvider java.lang.String getDisplayName(java.lang.String, boolean, int, java.util.Locale)'>
        <annotation name='com.intellij.inspections.tainted.annotation.equation.Equations'>
            <val val="{ &quot;style := sun.util.locale.provider.TimeZoneNameProviderImpl#getDisplayName(java.lang.String, boolean, int, java.util.Locale)#2 &amp; sun.util.locale.provider.SPILocaleProviderAdapter.TimeZoneNameProviderDelegate#getDisplayName(java.lang.String, boolean, int, java.util.Locale)#2&quot;, &quot;getDisplayName := sun.util.locale.provider.TimeZoneNameProviderImpl#getDisplayName(java.lang.String, boolean, int, java.util.Locale) &amp; sun.util.locale.provider.SPILocaleProviderAdapter.TimeZoneNameProviderDelegate#getDisplayName(java.lang.String, boolean, int, java.util.Locale)&quot;, &quot;ID := sun.util.locale.provider.TimeZoneNameProviderImpl#getDisplayName(java.lang.String, boolean, int, java.util.Locale)#0 &amp; sun.util.locale.provider.SPILocaleProviderAdapter.TimeZoneNameProviderDelegate#getDisplayName(java.lang.String, boolean, int, java.util.Locale)#0&quot;, &quot;locale := sun.util.locale.provider.TimeZoneNameProviderImpl#getDisplayName(java.lang.String, boolean, int, java.util.Locale)#3 &amp; sun.util.locale.provider.SPILocaleProviderAdapter.TimeZoneNameProviderDelegate#getDisplayName(java.lang.String, boolean, int, java.util.Locale)#3&quot; }"/>
        </annotation>
    </item>
    <item name='java.util.spi.TimeZoneNameProvider java.lang.String getGenericDisplayName(java.lang.String, int, java.util.Locale)'>
        <annotation name='com.intellij.inspections.tainted.annotation.equation.Equations'>
            <val val="{ &quot;ID := sun.util.locale.provider.TimeZoneNameUtility.TimeZoneNameGetter#getName(java.util.spi.TimeZoneNameProvider, java.util.Locale, java.lang.String, int, java.lang.String)#4 &amp; sun.util.locale.provider.TimeZoneNameUtility.TimeZoneNameGetter#getName(java.util.spi.TimeZoneNameProvider, java.util.Locale, java.lang.String, int, java.lang.String)#4 &amp; sun.util.locale.provider.SPILocaleProviderAdapter.TimeZoneNameProviderDelegate#getGenericDisplayName(java.lang.String, int, java.util.Locale)#0 &amp; sun.util.locale.provider.TimeZoneNameProviderImpl#getGenericDisplayName(java.lang.String, int, java.util.Locale)#0 &amp; sun.util.locale.provider.SPILocaleProviderAdapter.TimeZoneNameProviderDelegate#getGenericDisplayName(java.lang.String, int, java.util.Locale)#0&quot;, &quot;getGenericDisplayName := sun.util.locale.provider.SPILocaleProviderAdapter.TimeZoneNameProviderDelegate#getGenericDisplayName(java.lang.String, int, java.util.Locale) &amp; sun.util.locale.provider.TimeZoneNameProviderImpl#getGenericDisplayName(java.lang.String, int, java.util.Locale)&quot;, &quot;style := sun.util.locale.provider.TimeZoneNameUtility.TimeZoneNameGetter#getName(java.util.spi.TimeZoneNameProvider, java.util.Locale, java.lang.String, int, java.lang.String)#3 &amp; sun.util.locale.provider.TimeZoneNameUtility.TimeZoneNameGetter#getName(java.util.spi.TimeZoneNameProvider, java.util.Locale, java.lang.String, int, java.lang.String)#3 &amp; sun.util.locale.provider.SPILocaleProviderAdapter.TimeZoneNameProviderDelegate#getGenericDisplayName(java.lang.String, int, java.util.Locale)#1 &amp; sun.util.locale.provider.TimeZoneNameProviderImpl#getGenericDisplayName(java.lang.String, int, java.util.Locale)#1 &amp; sun.util.locale.provider.SPILocaleProviderAdapter.TimeZoneNameProviderDelegate#getGenericDisplayName(java.lang.String, int, java.util.Locale)#1&quot;, &quot;locale := sun.util.locale.provider.TimeZoneNameUtility.TimeZoneNameGetter#getName(java.util.spi.TimeZoneNameProvider, java.util.Locale, java.lang.String, int, java.lang.String)#1 &amp; sun.util.locale.provider.TimeZoneNameUtility.TimeZoneNameGetter#getName(java.util.spi.TimeZoneNameProvider, java.util.Locale, java.lang.String, int, java.lang.String)#1 &amp; sun.util.locale.provider.SPILocaleProviderAdapter.TimeZoneNameProviderDelegate#getGenericDisplayName(java.lang.String, int, java.util.Locale)#2 &amp; sun.util.locale.provider.TimeZoneNameProviderImpl#getGenericDisplayName(java.lang.String, int, java.util.Locale)#2 &amp; sun.util.locale.provider.SPILocaleProviderAdapter.TimeZoneNameProviderDelegate#getGenericDisplayName(java.lang.String, int, java.util.Locale)#2&quot; }"/>
        </annotation>
    </item>
</root>