<root>
    <item name='sun.security.provider.certpath.CertPathHelper void implSetDateAndTime(java.security.cert.X509CRLSelector, java.util.Date, long)'>
        <annotation name='com.intellij.inspections.tainted.annotation.equation.Equations'>
            <val val="{ &quot;date := java.security.cert.CertPathHelperImpl#implSetDateAndTime(java.security.cert.X509CRLSelector, java.util.Date, long)#1&quot;, &quot;x509CRLSelector := java.security.cert.CertPathHelperImpl#implSetDateAndTime(java.security.cert.X509CRLSelector, java.util.Date, long)#0&quot;, &quot;l := java.security.cert.CertPathHelperImpl#implSetDateAndTime(java.security.cert.X509CRLSelector, java.util.Date, long)#2&quot; }"/>
        </annotation>
    </item>
    <item name='sun.security.provider.certpath.CertPathHelper void implSetPathToNames(java.security.cert.X509CertSelector, java.util.Set&lt;sun.security.x509.GeneralNameInterface&gt;)'>
        <annotation name='com.intellij.inspections.tainted.annotation.equation.Equations'>
            <val val="{ &quot;set := java.security.cert.CertPathHelperImpl#implSetPathToNames(java.security.cert.X509CertSelector, java.util.Set)#1&quot;, &quot;x509CertSelector := java.security.cert.CertPathHelperImpl#implSetPathToNames(java.security.cert.X509CertSelector, java.util.Set)#0&quot; }"/>
        </annotation>
    </item>
</root>