<root>
    <item name='java.nio.charset.spi.CharsetProvider'>
        <annotation name='com.intellij.inspections.tainted.annotation.equation.Equations'>
            <val val="{ &quot;CharsetProvider := sun.nio.cs.FastCharsetProvider&quot; }"/>
        </annotation>
    </item>
    <item name='java.nio.charset.spi.CharsetProvider java.nio.charset.Charset charsetForName(java.lang.String)'>
        <annotation name='com.intellij.inspections.tainted.annotation.equation.Equations'>
            <val val="{ &quot;charsetName := java.nio.charset.Charset#lookupViaProviders(java.lang.String)#0 &amp; java.nio.charset.Charset#lookupExtendedCharset(java.lang.String)#0 &amp; java.nio.charset.Charset#lookup2(java.lang.String)#0 &amp; sun.nio.cs.FastCharsetProvider#charsetForName(java.lang.String)#0&quot;, &quot;charsetForName := sun.nio.cs.FastCharsetProvider#charsetForName(java.lang.String)&quot; }"/>
        </annotation>
    </item>
    <item name='java.nio.charset.spi.CharsetProvider java.util.Iterator&lt;java.nio.charset.Charset&gt; charsets()'>
        <annotation name='com.intellij.inspections.tainted.annotation.equation.Equations'>
            <val val="{ &quot;charsets := sun.nio.cs.FastCharsetProvider#charsets()&quot; }"/>
        </annotation>
    </item>
</root>