<root>
    <item name='javax.xml.namespace.QName QName(java.lang.String)'>
        <annotation name='com.intellij.inspections.tainted.annotation.equation.Equations'>
            <val val="{ &quot;QName := QName&quot; }"/>
        </annotation>
    </item>
    <item name='javax.xml.namespace.QName QName(java.lang.String, java.lang.String)'>
        <annotation name='com.intellij.inspections.tainted.annotation.equation.Equations'>
            <val val="{ &quot;localPart := com.sun.org.apache.xpath.internal.jaxp.JAXPExtensionsProvider#functionAvailable(java.lang.String, java.lang.String)#1 &amp; com.sun.org.apache.xpath.internal.jaxp.JAXPExtensionsProvider#extFunction(java.lang.String, java.lang.String, java.util.Vector, java.lang.Object)#1&quot;, &quot;QName := QName&quot;, &quot;namespaceURI := javax.xml.XMLConstants#W3C_XML_SCHEMA_NS_URI &amp; javax.xml.XMLConstants#W3C_XPATH_DATATYPE_NS_URI &amp; com.sun.org.apache.xpath.internal.jaxp.JAXPExtensionsProvider#functionAvailable(java.lang.String, java.lang.String)#0 &amp; com.sun.org.apache.xpath.internal.jaxp.JAXPExtensionsProvider#extFunction(java.lang.String, java.lang.String, java.util.Vector, java.lang.Object)#0&quot; }"/>
        </annotation>
    </item>
    <item name='javax.xml.namespace.QName QName(java.lang.String, java.lang.String, java.lang.String)'>
        <annotation name='com.intellij.inspections.tainted.annotation.equation.Equations'>
            <val val="{ &quot;prefix := com.sun.org.apache.xerces.internal.impl.dv.xs.QNameDV.XQName &amp; javax.xml.XMLConstants#DEFAULT_NS_PREFIX &amp; javax.xml.soap.SOAPConstants#SOAP_ENV_PREFIX&quot;, &quot;QName := QName&quot;, &quot;localPart := com.sun.org.apache.xerces.internal.impl.dv.xs.QNameDV.XQName &amp; #QName(java.lang.String, java.lang.String)#1 &amp; #QName(java.lang.String)#0 &amp; #valueOf(java.lang.String)#0&quot;, &quot;namespaceURI := com.sun.org.apache.xerces.internal.impl.dv.xs.QNameDV.XQName &amp; #QName(java.lang.String, java.lang.String)#0 &amp; javax.xml.soap.SOAPConstants#URI_NS_SOAP_1_2_ENVELOPE &amp; javax.xml.XMLConstants#NULL_NS_URI&quot; }"/>
        </annotation>
    </item>
    <item name='javax.xml.namespace.QName boolean equals(java.lang.Object)'>
        <annotation name='com.intellij.inspections.tainted.annotation.equation.Equations'>
            <val val="{ &quot;objectToTest := java.lang.Object#equals(java.lang.Object)#0 &amp; javax.xml.xpath.XPathConstants#STRING &amp; javax.xml.xpath.XPathConstants#NUMBER &amp; javax.xml.xpath.XPathConstants#BOOLEAN &amp; javax.xml.xpath.XPathConstants#NODE &amp; javax.xml.xpath.XPathConstants#NODESET &amp; java.lang.Object#equals(java.lang.Object)#0&quot; }"/>
        </annotation>
    </item>
    <item name='javax.xml.namespace.QName java.lang.String getLocalPart()'>
        <annotation name='com.intellij.inspections.tainted.annotation.equation.Equations'>
            <val val="{ &quot;getLocalPart := QName&quot; }"/>
        </annotation>
    </item>
    <item name='javax.xml.namespace.QName java.lang.String getNamespaceURI()'>
        <annotation name='com.intellij.inspections.tainted.annotation.equation.Equations'>
            <val val="{ &quot;getNamespaceURI := QName&quot; }"/>
        </annotation>
    </item>
    <item name='javax.xml.namespace.QName java.lang.String getPrefix()'>
        <annotation name='com.intellij.inspections.tainted.annotation.equation.Equations'>
            <val val="{ &quot;getPrefix := QName&quot; }"/>
        </annotation>
    </item>
    <item name='javax.xml.namespace.QName java.lang.String toString()'>
        <annotation name='com.intellij.inspections.tainted.annotation.equation.Equations'>
            <val val="{ &quot;toString := QName&quot; }"/>
        </annotation>
    </item>
</root>