<root>
    <item name='java.beans.beancontext.BeanContext java.io.InputStream getResourceAsStream(java.lang.String, java.beans.beancontext.BeanContextChild)'>
        <annotation name='com.intellij.inspections.tainted.annotation.equation.Equations'>
            <val val="{ &quot;bcc := BeanContextSupport#getResourceAsStream(java.lang.String, java.beans.beancontext.BeanContextChild)#1&quot;, &quot;getResourceAsStream := BeanContextSupport#getResourceAsStream(java.lang.String, java.beans.beancontext.BeanContextChild)&quot;, &quot;name := BeanContextSupport#getResourceAsStream(java.lang.String, java.beans.beancontext.BeanContextChild)#0&quot; }"/>
        </annotation>
    </item>
    <item name='java.beans.beancontext.BeanContext java.lang.Object instantiateChild(java.lang.String)'>
        <annotation name='com.intellij.inspections.tainted.annotation.equation.Equations'>
            <val val="{ &quot;instantiateChild := BeanContextSupport#instantiateChild(java.lang.String)&quot;, &quot;beanName := BeanContextSupport#instantiateChild(java.lang.String)#0&quot; }"/>
        </annotation>
    </item>
    <item name='java.beans.beancontext.BeanContext java.net.URL getResource(java.lang.String, java.beans.beancontext.BeanContextChild)'>
        <annotation name='com.intellij.inspections.tainted.annotation.equation.Equations'>
            <val val="{ &quot;bcc := BeanContextSupport#getResource(java.lang.String, java.beans.beancontext.BeanContextChild)#1&quot;, &quot;name := BeanContextSupport#getResource(java.lang.String, java.beans.beancontext.BeanContextChild)#0&quot;, &quot;getResource := BeanContextSupport#getResource(java.lang.String, java.beans.beancontext.BeanContextChild)&quot; }"/>
        </annotation>
    </item>
    <item name='java.beans.beancontext.BeanContext void addBeanContextMembershipListener(java.beans.beancontext.BeanContextMembershipListener)'>
        <annotation name='com.intellij.inspections.tainted.annotation.equation.Equations'>
            <val val="{ &quot;bcml := BeanContextSupport#addBeanContextMembershipListener(java.beans.beancontext.BeanContextMembershipListener)#0&quot; }"/>
        </annotation>
    </item>
    <item name='java.beans.beancontext.BeanContext void removeBeanContextMembershipListener(java.beans.beancontext.BeanContextMembershipListener)'>
        <annotation name='com.intellij.inspections.tainted.annotation.equation.Equations'>
            <val val="{ &quot;bcml := BeanContextSupport#removeBeanContextMembershipListener(java.beans.beancontext.BeanContextMembershipListener)#0&quot; }"/>
        </annotation>
    </item>
    <item name='java.beans.beancontext.BeanContextChild java.beans.beancontext.BeanContext getBeanContext()'>
        <annotation name='com.intellij.inspections.tainted.annotation.equation.Equations'>
            <val val="{ &quot;getBeanContext := BeanContextChildSupport#getBeanContext()&quot; }"/>
        </annotation>
    </item>
    <item name='java.beans.beancontext.BeanContextChild void addPropertyChangeListener(java.lang.String, java.beans.PropertyChangeListener)'>
        <annotation name='com.intellij.inspections.tainted.annotation.equation.Equations'>
            <val val="{ &quot;pcl := BeanContextSupport &amp; BeanContextChildSupport#addPropertyChangeListener(java.lang.String, java.beans.PropertyChangeListener)#1&quot;, &quot;name := BeanContextChildSupport#addPropertyChangeListener(java.lang.String, java.beans.PropertyChangeListener)#0&quot; }"/>
        </annotation>
    </item>
    <item name='java.beans.beancontext.BeanContextChild void addVetoableChangeListener(java.lang.String, java.beans.VetoableChangeListener)'>
        <annotation name='com.intellij.inspections.tainted.annotation.equation.Equations'>
            <val val="{ &quot;vcl := BeanContextSupport &amp; BeanContextChildSupport#addVetoableChangeListener(java.lang.String, java.beans.VetoableChangeListener)#1&quot;, &quot;name := BeanContextChildSupport#addVetoableChangeListener(java.lang.String, java.beans.VetoableChangeListener)#0&quot; }"/>
        </annotation>
    </item>
    <item name='java.beans.beancontext.BeanContextChild void removePropertyChangeListener(java.lang.String, java.beans.PropertyChangeListener)'>
        <annotation name='com.intellij.inspections.tainted.annotation.equation.Equations'>
            <val val="{ &quot;name := BeanContextChildSupport#removePropertyChangeListener(java.lang.String, java.beans.PropertyChangeListener)#0&quot;, &quot;pcl := BeanContextChildSupport#removePropertyChangeListener(java.lang.String, java.beans.PropertyChangeListener)#1&quot; }"/>
        </annotation>
    </item>
    <item name='java.beans.beancontext.BeanContextChild void removeVetoableChangeListener(java.lang.String, java.beans.VetoableChangeListener)'>
        <annotation name='com.intellij.inspections.tainted.annotation.equation.Equations'>
            <val val="{ &quot;name := BeanContextChildSupport#removeVetoableChangeListener(java.lang.String, java.beans.VetoableChangeListener)#0&quot;, &quot;vcl := BeanContextChildSupport#removeVetoableChangeListener(java.lang.String, java.beans.VetoableChangeListener)#1&quot; }"/>
        </annotation>
    </item>
    <item name='java.beans.beancontext.BeanContextChild void setBeanContext(java.beans.beancontext.BeanContext)'>
        <annotation name='com.intellij.inspections.tainted.annotation.equation.Equations'>
            <val val="{ &quot;bc := BeanContextChildSupport#setBeanContext(java.beans.beancontext.BeanContext)#0&quot; }"/>
        </annotation>
    </item>
    <item name='java.beans.beancontext.BeanContextChildSupport'>
        <annotation name='com.intellij.inspections.tainted.annotation.equation.Equations'>
            <val val="{ &quot;BeanContextChildSupport := #setBeanContext(java.beans.beancontext.BeanContext)#0&quot; }"/>
        </annotation>
    </item>
    <item name='java.beans.beancontext.BeanContextChildSupport BeanContextChildSupport()'>
        <annotation name='com.intellij.inspections.tainted.annotation.equation.Equations'>
            <val val="{ &quot;BeanContextChildSupport := BeanContextChildSupport&quot; }"/>
        </annotation>
    </item>
    <item name='java.beans.beancontext.BeanContextChildSupport BeanContextChildSupport(java.beans.beancontext.BeanContextChild)'>
        <annotation name='com.intellij.inspections.tainted.annotation.equation.Equations'>
            <val val="{ &quot;bcc := BeanContextSupport#BeanContextSupport(java.beans.beancontext.BeanContext, java.util.Locale, boolean, boolean)#0&quot;, &quot;BeanContextChildSupport := BeanContextChildSupport&quot; }"/>
        </annotation>
    </item>
    <item name='java.beans.beancontext.BeanContextChildSupport java.beans.beancontext.BeanContext getBeanContext()'>
        <annotation name='com.intellij.inspections.tainted.annotation.equation.Equations'>
            <val val="{ &quot;getBeanContext := BeanContextChildSupport&quot; }"/>
        </annotation>
    </item>
    <item name='java.beans.beancontext.BeanContextChildSupport java.beans.beancontext.BeanContextChild getBeanContextChildPeer()'>
        <annotation name='com.intellij.inspections.tainted.annotation.equation.Equations'>
            <val val="{ &quot;getBeanContextChildPeer := BeanContextChildSupport&quot; }"/>
        </annotation>
    </item>
    <item name='java.beans.beancontext.BeanContextChildSupport void firePropertyChange(java.lang.String, java.lang.Object, java.lang.Object)'>
        <annotation name='com.intellij.inspections.tainted.annotation.equation.Equations'>
            <val val="{ &quot;oldValue := BeanContextSupport &amp; BeanContextChildSupport&quot;, &quot;newValue := BeanContextSupport#setLocale(java.util.Locale)#0 &amp; #setBeanContext(java.beans.beancontext.BeanContext)#0&quot; }"/>
        </annotation>
    </item>
    <item name='java.beans.beancontext.BeanContextChildSupport void fireVetoableChange(java.lang.String, java.lang.Object, java.lang.Object)'>
        <annotation name='com.intellij.inspections.tainted.annotation.equation.Equations'>
            <val val="{ &quot;newValue := BeanContextSupport#setLocale(java.util.Locale)#0 &amp; #setBeanContext(java.beans.beancontext.BeanContext)#0&quot;, &quot;oldValue := BeanContextSupport &amp; BeanContextChildSupport&quot; }"/>
        </annotation>
    </item>
    <item name='java.beans.beancontext.BeanContextChildSupport void serviceAvailable(java.beans.beancontext.BeanContextServiceAvailableEvent)'>
        <annotation name='com.intellij.inspections.tainted.annotation.equation.Equations'>
            <val val="{ &quot;bcsae := BeanContextServicesSupport#serviceAvailable(java.beans.beancontext.BeanContextServiceAvailableEvent)#0&quot; }"/>
        </annotation>
    </item>
    <item name='java.beans.beancontext.BeanContextChildSupport void serviceRevoked(java.beans.beancontext.BeanContextServiceRevokedEvent)'>
        <annotation name='com.intellij.inspections.tainted.annotation.equation.Equations'>
            <val val="{ &quot;bcsre := BeanContextServicesSupport#serviceRevoked(java.beans.beancontext.BeanContextServiceRevokedEvent)#0&quot; }"/>
        </annotation>
    </item>
    <item name='java.beans.beancontext.BeanContextEvent'>
        <annotation name='com.intellij.inspections.tainted.annotation.equation.Equations'>
            <val val="{ &quot;BeanContextEvent := BeanContextServiceAvailableEvent &amp; BeanContextServiceRevokedEvent&quot; }"/>
        </annotation>
    </item>
    <item name='java.beans.beancontext.BeanContextEvent BeanContextEvent(java.beans.beancontext.BeanContext)'>
        <annotation name='com.intellij.inspections.tainted.annotation.equation.Equations'>
            <val val="{ &quot;bc := BeanContextMembershipEvent#BeanContextMembershipEvent(java.beans.beancontext.BeanContext, java.util.Collection)#0 &amp; BeanContextMembershipEvent#BeanContextMembershipEvent(java.beans.beancontext.BeanContext, java.lang.Object[])#0 &amp; BeanContextServiceRevokedEvent#BeanContextServiceRevokedEvent(java.beans.beancontext.BeanContextServices, java.lang.Class, boolean)#0 &amp; BeanContextServiceAvailableEvent#BeanContextServiceAvailableEvent(java.beans.beancontext.BeanContextServices, java.lang.Class)#0&quot;, &quot;BeanContextEvent := BeanContextEvent&quot; }"/>
        </annotation>
    </item>
    <item name='java.beans.beancontext.BeanContextMembershipEvent BeanContextMembershipEvent(java.beans.beancontext.BeanContext, java.lang.Object[])'>
        <annotation name='com.intellij.inspections.tainted.annotation.equation.Equations'>
            <val val="{ &quot;bc := &quot;, &quot;BeanContextMembershipEvent := BeanContextMembershipEvent&quot;, &quot;changes := BeanContextSupport#add(java.lang.Object)#0 &amp; BeanContextSupport#remove(java.lang.Object, boolean)#0&quot; }"/>
        </annotation>
    </item>
    <item name='java.beans.beancontext.BeanContextMembershipEvent BeanContextMembershipEvent(java.beans.beancontext.BeanContext, java.util.Collection)'>
        <annotation name='com.intellij.inspections.tainted.annotation.equation.Equations'>
            <val val="{ &quot;BeanContextMembershipEvent := BeanContextMembershipEvent&quot; }"/>
        </annotation>
    </item>
    <item name='java.beans.beancontext.BeanContextServiceAvailableEvent BeanContextServiceAvailableEvent(java.beans.beancontext.BeanContextServices, java.lang.Class)'>
        <annotation name='com.intellij.inspections.tainted.annotation.equation.Equations'>
            <val val="{ &quot;sc := BeanContextServicesSupport#fireServiceAdded(java.lang.Class)#0 &amp; BeanContextServicesSupport#addService(java.lang.Class, java.beans.beancontext.BeanContextServiceProvider, boolean)#0&quot;, &quot;bcs := &quot;, &quot;BeanContextServiceAvailableEvent := BeanContextServiceAvailableEvent&quot; }"/>
        </annotation>
    </item>
    <item name='java.beans.beancontext.BeanContextServiceAvailableEvent java.lang.Class getServiceClass()'>
        <annotation name='com.intellij.inspections.tainted.annotation.equation.Equations'>
            <val val="{ &quot;getServiceClass := BeanContextServiceAvailableEvent&quot; }"/>
        </annotation>
    </item>
    <item name='java.beans.beancontext.BeanContextServiceProvider java.lang.Object getService(java.beans.beancontext.BeanContextServices, java.lang.Object, java.lang.Class, java.lang.Object)'>
        <annotation name='com.intellij.inspections.tainted.annotation.equation.Equations'>
            <val val="{ &quot;bcs := BeanContextServicesSupport.BCSSProxyServiceProvider#getService(java.beans.beancontext.BeanContextServices, java.lang.Object, java.lang.Class, java.lang.Object)#0&quot;, &quot;requestor := BeanContextServicesSupport.BCSSProxyServiceProvider#getService(java.beans.beancontext.BeanContextServices, java.lang.Object, java.lang.Class, java.lang.Object)#1&quot;, &quot;serviceSelector := BeanContextServicesSupport.BCSSProxyServiceProvider#getService(java.beans.beancontext.BeanContextServices, java.lang.Object, java.lang.Class, java.lang.Object)#3&quot;, &quot;serviceClass := BeanContextServicesSupport.BCSSProxyServiceProvider#getService(java.beans.beancontext.BeanContextServices, java.lang.Object, java.lang.Class, java.lang.Object)#2&quot;, &quot;getService := BeanContextServicesSupport.BCSSProxyServiceProvider#getService(java.beans.beancontext.BeanContextServices, java.lang.Object, java.lang.Class, java.lang.Object)&quot; }"/>
        </annotation>
    </item>
    <item name='java.beans.beancontext.BeanContextServiceProvider java.util.Iterator getCurrentServiceSelectors(java.beans.beancontext.BeanContextServices, java.lang.Class)'>
        <annotation name='com.intellij.inspections.tainted.annotation.equation.Equations'>
            <val val="{ &quot;bcs := BeanContextServicesSupport.BCSSProxyServiceProvider#getCurrentServiceSelectors(java.beans.beancontext.BeanContextServices, java.lang.Class)#0&quot;, &quot;getCurrentServiceSelectors := BeanContextServicesSupport.BCSSProxyServiceProvider#getCurrentServiceSelectors(java.beans.beancontext.BeanContextServices, java.lang.Class)&quot;, &quot;serviceClass := BeanContextServicesSupport.BCSSProxyServiceProvider#getCurrentServiceSelectors(java.beans.beancontext.BeanContextServices, java.lang.Class)#1 &amp; BeanContextServicesSupport#getCurrentServiceSelectors(java.lang.Class)#0&quot; }"/>
        </annotation>
    </item>
    <item name='java.beans.beancontext.BeanContextServiceProvider void releaseService(java.beans.beancontext.BeanContextServices, java.lang.Object, java.lang.Object)'>
        <annotation name='com.intellij.inspections.tainted.annotation.equation.Equations'>
            <val val="{ &quot;requestor := BeanContextServicesSupport.BCSSProxyServiceProvider#releaseService(java.beans.beancontext.BeanContextServices, java.lang.Object, java.lang.Object)#1&quot;, &quot;bcs := BeanContextServicesSupport.BCSSProxyServiceProvider#releaseService(java.beans.beancontext.BeanContextServices, java.lang.Object, java.lang.Object)#0&quot;, &quot;service := BeanContextServicesSupport.BCSSProxyServiceProvider#releaseService(java.beans.beancontext.BeanContextServices, java.lang.Object, java.lang.Object)#2&quot; }"/>
        </annotation>
    </item>
    <item name='java.beans.beancontext.BeanContextServiceRevokedEvent BeanContextServiceRevokedEvent(java.beans.beancontext.BeanContextServices, java.lang.Class, boolean)'>
        <annotation name='com.intellij.inspections.tainted.annotation.equation.Equations'>
            <val val="{ &quot;bcs := &quot;, &quot;BeanContextServiceRevokedEvent := BeanContextServiceRevokedEvent&quot;, &quot;sc := BeanContextServicesSupport.BCSSChild#revokeService(java.lang.Class, boolean, boolean)#0 &amp; BeanContextServicesSupport#fireServiceRevoked(java.lang.Class, boolean)#0&quot; }"/>
        </annotation>
    </item>
    <item name='java.beans.beancontext.BeanContextServiceRevokedEvent java.lang.Class getServiceClass()'>
        <annotation name='com.intellij.inspections.tainted.annotation.equation.Equations'>
            <val val="{ &quot;getServiceClass := BeanContextServiceRevokedEvent&quot; }"/>
        </annotation>
    </item>
    <item name='java.beans.beancontext.BeanContextServiceRevokedListener void serviceRevoked(java.beans.beancontext.BeanContextServiceRevokedEvent)'>
        <annotation name='com.intellij.inspections.tainted.annotation.equation.Equations'>
            <val val="{ &quot;bcsre := BeanContextServicesSupport#serviceRevoked(java.beans.beancontext.BeanContextServiceRevokedEvent)#0 &amp; BeanContextChildSupport#serviceRevoked(java.beans.beancontext.BeanContextServiceRevokedEvent)#0 &amp; BeanContextServicesSupport.BCSSProxyServiceProvider#serviceRevoked(java.beans.beancontext.BeanContextServiceRevokedEvent)#0 &amp; BeanContextServicesSupport#fireServiceRevoked(java.beans.beancontext.BeanContextServiceRevokedEvent)#0&quot; }"/>
        </annotation>
    </item>
    <item name='java.beans.beancontext.BeanContextServices boolean addService(java.lang.Class, java.beans.beancontext.BeanContextServiceProvider)'>
        <annotation name='com.intellij.inspections.tainted.annotation.equation.Equations'>
            <val val="{ &quot;serviceProvider := BeanContextServicesSupport#addService(java.lang.Class, java.beans.beancontext.BeanContextServiceProvider)#1&quot;, &quot;serviceClass := BeanContextServicesSupport#addService(java.lang.Class, java.beans.beancontext.BeanContextServiceProvider)#0&quot; }"/>
        </annotation>
    </item>
    <item name='java.beans.beancontext.BeanContextServices boolean hasService(java.lang.Class)'>
        <annotation name='com.intellij.inspections.tainted.annotation.equation.Equations'>
            <val val="{ &quot;serviceClass := BeanContextServicesSupport#hasService(java.lang.Class)#0&quot; }"/>
        </annotation>
    </item>
    <item name='java.beans.beancontext.BeanContextServices java.lang.Object getService(java.beans.beancontext.BeanContextChild, java.lang.Object, java.lang.Class, java.lang.Object, java.beans.beancontext.BeanContextServiceRevokedListener)'>
        <annotation name='com.intellij.inspections.tainted.annotation.equation.Equations'>
            <val val="{ &quot;child := BeanContextServicesSupport#getService(java.beans.beancontext.BeanContextChild, java.lang.Object, java.lang.Class, java.lang.Object, java.beans.beancontext.BeanContextServiceRevokedListener)#0&quot;, &quot;bcsrl := BeanContextServicesSupport#getService(java.beans.beancontext.BeanContextChild, java.lang.Object, java.lang.Class, java.lang.Object, java.beans.beancontext.BeanContextServiceRevokedListener)#4&quot;, &quot;getService := BeanContextServicesSupport#getService(java.beans.beancontext.BeanContextChild, java.lang.Object, java.lang.Class, java.lang.Object, java.beans.beancontext.BeanContextServiceRevokedListener)&quot;, &quot;serviceClass := BeanContextServicesSupport#getService(java.beans.beancontext.BeanContextChild, java.lang.Object, java.lang.Class, java.lang.Object, java.beans.beancontext.BeanContextServiceRevokedListener)#2&quot;, &quot;requestor := BeanContextServicesSupport#getService(java.beans.beancontext.BeanContextChild, java.lang.Object, java.lang.Class, java.lang.Object, java.beans.beancontext.BeanContextServiceRevokedListener)#1&quot;, &quot;serviceSelector := BeanContextServicesSupport#getService(java.beans.beancontext.BeanContextChild, java.lang.Object, java.lang.Class, java.lang.Object, java.beans.beancontext.BeanContextServiceRevokedListener)#3&quot; }"/>
        </annotation>
    </item>
    <item name='java.beans.beancontext.BeanContextServices java.util.Iterator getCurrentServiceClasses()'>
        <annotation name='com.intellij.inspections.tainted.annotation.equation.Equations'>
            <val val="{ &quot;getCurrentServiceClasses := BeanContextServicesSupport#getCurrentServiceClasses()&quot; }"/>
        </annotation>
    </item>
    <item name='java.beans.beancontext.BeanContextServices java.util.Iterator getCurrentServiceSelectors(java.lang.Class)'>
        <annotation name='com.intellij.inspections.tainted.annotation.equation.Equations'>
            <val val="{ &quot;serviceClass := BeanContextServiceAvailableEvent &amp; BeanContextServicesSupport.BCSSProxyServiceProvider#getCurrentServiceSelectors(java.beans.beancontext.BeanContextServices, java.lang.Class)#1 &amp; BeanContextServicesSupport#getCurrentServiceSelectors(java.lang.Class)#0&quot;, &quot;getCurrentServiceSelectors := BeanContextServicesSupport#getCurrentServiceSelectors(java.lang.Class)&quot; }"/>
        </annotation>
    </item>
    <item name='java.beans.beancontext.BeanContextServices void addBeanContextServicesListener(java.beans.beancontext.BeanContextServicesListener)'>
        <annotation name='com.intellij.inspections.tainted.annotation.equation.Equations'>
            <val val="{ &quot;bcsl := BeanContextServicesSupport#addBeanContextServicesListener(java.beans.beancontext.BeanContextServicesListener)#0&quot; }"/>
        </annotation>
    </item>
    <item name='java.beans.beancontext.BeanContextServices void releaseService(java.beans.beancontext.BeanContextChild, java.lang.Object, java.lang.Object)'>
        <annotation name='com.intellij.inspections.tainted.annotation.equation.Equations'>
            <val val="{ &quot;service := BeanContextServicesSupport#releaseService(java.beans.beancontext.BeanContextChild, java.lang.Object, java.lang.Object)#2&quot;, &quot;requestor := BeanContextServicesSupport#releaseService(java.beans.beancontext.BeanContextChild, java.lang.Object, java.lang.Object)#1&quot;, &quot;child := BeanContextServicesSupport#releaseService(java.beans.beancontext.BeanContextChild, java.lang.Object, java.lang.Object)#0&quot; }"/>
        </annotation>
    </item>
    <item name='java.beans.beancontext.BeanContextServices void removeBeanContextServicesListener(java.beans.beancontext.BeanContextServicesListener)'>
        <annotation name='com.intellij.inspections.tainted.annotation.equation.Equations'>
            <val val="{ &quot;bcsl := BeanContextServicesSupport#removeBeanContextServicesListener(java.beans.beancontext.BeanContextServicesListener)#0&quot; }"/>
        </annotation>
    </item>
    <item name='java.beans.beancontext.BeanContextServices void revokeService(java.lang.Class, java.beans.beancontext.BeanContextServiceProvider, boolean)'>
        <annotation name='com.intellij.inspections.tainted.annotation.equation.Equations'>
            <val val="{ &quot;serviceClass := BeanContextServicesSupport#revokeService(java.lang.Class, java.beans.beancontext.BeanContextServiceProvider, boolean)#0&quot;, &quot;serviceProvider := BeanContextServicesSupport#revokeService(java.lang.Class, java.beans.beancontext.BeanContextServiceProvider, boolean)#1&quot; }"/>
        </annotation>
    </item>
    <item name='java.beans.beancontext.BeanContextServicesListener void serviceAvailable(java.beans.beancontext.BeanContextServiceAvailableEvent)'>
        <annotation name='com.intellij.inspections.tainted.annotation.equation.Equations'>
            <val val="{ &quot;bcsae := BeanContextServicesSupport#serviceAvailable(java.beans.beancontext.BeanContextServiceAvailableEvent)#0 &amp; BeanContextChildSupport#serviceAvailable(java.beans.beancontext.BeanContextServiceAvailableEvent)#0&quot; }"/>
        </annotation>
    </item>
    <item name='java.beans.beancontext.BeanContextServicesSupport'>
        <annotation name='com.intellij.inspections.tainted.annotation.equation.Equations'>
            <val val="{ &quot;BeanContextServicesSupport := &quot; }"/>
        </annotation>
    </item>
    <item name='java.beans.beancontext.BeanContextServicesSupport BeanContextServicesSupport()'>
        <annotation name='com.intellij.inspections.tainted.annotation.equation.Equations'>
            <val val="{ &quot;BeanContextServicesSupport := BeanContextServicesSupport&quot; }"/>
        </annotation>
    </item>
    <item name='java.beans.beancontext.BeanContextServicesSupport BeanContextServicesSupport(java.beans.beancontext.BeanContextServices)'>
        <annotation name='com.intellij.inspections.tainted.annotation.equation.Equations'>
            <val val="{ &quot;BeanContextServicesSupport := BeanContextServicesSupport&quot; }"/>
        </annotation>
    </item>
    <item name='java.beans.beancontext.BeanContextServicesSupport BeanContextServicesSupport(java.beans.beancontext.BeanContextServices, java.util.Locale)'>
        <annotation name='com.intellij.inspections.tainted.annotation.equation.Equations'>
            <val val="{ &quot;BeanContextServicesSupport := BeanContextServicesSupport&quot; }"/>
        </annotation>
    </item>
    <item name='java.beans.beancontext.BeanContextServicesSupport BeanContextServicesSupport(java.beans.beancontext.BeanContextServices, java.util.Locale, boolean)'>
        <annotation name='com.intellij.inspections.tainted.annotation.equation.Equations'>
            <val val="{ &quot;BeanContextServicesSupport := BeanContextServicesSupport&quot; }"/>
        </annotation>
    </item>
    <item name='java.beans.beancontext.BeanContextServicesSupport BeanContextServicesSupport(java.beans.beancontext.BeanContextServices, java.util.Locale, boolean, boolean)'>
        <annotation name='com.intellij.inspections.tainted.annotation.equation.Equations'>
            <val val="{ &quot;lcle := #BeanContextServicesSupport(java.beans.beancontext.BeanContextServices, java.util.Locale, boolean)#1 &amp; #BeanContextServicesSupport(java.beans.beancontext.BeanContextServices, java.util.Locale)#1&quot;, &quot;peer := #BeanContextServicesSupport(java.beans.beancontext.BeanContextServices, java.util.Locale, boolean)#0 &amp; #BeanContextServicesSupport(java.beans.beancontext.BeanContextServices, java.util.Locale)#0 &amp; #BeanContextServicesSupport(java.beans.beancontext.BeanContextServices)#0&quot;, &quot;BeanContextServicesSupport := BeanContextServicesSupport&quot; }"/>
        </annotation>
    </item>
    <item name='java.beans.beancontext.BeanContextServicesSupport boolean addService(java.lang.Class, java.beans.beancontext.BeanContextServiceProvider, boolean)'>
        <annotation name='com.intellij.inspections.tainted.annotation.equation.Equations'>
            <val val="{ &quot;serviceClass := #addService(java.lang.Class, java.beans.beancontext.BeanContextServiceProvider)#0&quot;, &quot;bcsp := #addService(java.lang.Class, java.beans.beancontext.BeanContextServiceProvider)#1&quot; }"/>
        </annotation>
    </item>
    <item name='java.beans.beancontext.BeanContextServicesSupport java.beans.beancontext.BeanContextServicesListener getChildBeanContextServicesListener(java.lang.Object)'>
        <annotation name='com.intellij.inspections.tainted.annotation.equation.Equations'>
            <val val="{ &quot;getChildBeanContextServicesListener := child&quot; }"/>
        </annotation>
    </item>
    <item name='java.beans.beancontext.BeanContextServicesSupport java.beans.beancontext.BeanContextServicesSupport.BCSSServiceProvider createBCSSServiceProvider(java.lang.Class, java.beans.beancontext.BeanContextServiceProvider)'>
        <annotation name='com.intellij.inspections.tainted.annotation.equation.Equations'>
            <val val="{ &quot;bcsp := #addService(java.lang.Class, java.beans.beancontext.BeanContextServiceProvider, boolean)#1&quot;, &quot;sc := #addService(java.lang.Class, java.beans.beancontext.BeanContextServiceProvider, boolean)#0&quot; }"/>
        </annotation>
    </item>
    <item name='java.beans.beancontext.BeanContextServicesSupport void fireServiceAdded(java.beans.beancontext.BeanContextServiceAvailableEvent)'>
        <annotation name='com.intellij.inspections.tainted.annotation.equation.Equations'>
            <val val="{ &quot;bcssae := #serviceAvailable(java.beans.beancontext.BeanContextServiceAvailableEvent)#0&quot; }"/>
        </annotation>
    </item>
    <item name='java.beans.beancontext.BeanContextServicesSupport void fireServiceRevoked(java.beans.beancontext.BeanContextServiceRevokedEvent)'>
        <annotation name='com.intellij.inspections.tainted.annotation.equation.Equations'>
            <val val="{ &quot;bcsre := #serviceRevoked(java.beans.beancontext.BeanContextServiceRevokedEvent)#0&quot; }"/>
        </annotation>
    </item>
    <item name='java.beans.beancontext.BeanContextServicesSupport void fireServiceRevoked(java.lang.Class, boolean)'>
        <annotation name='com.intellij.inspections.tainted.annotation.equation.Equations'>
            <val val="{ &quot;serviceClass := #revokeService(java.lang.Class, java.beans.beancontext.BeanContextServiceProvider, boolean)#0&quot; }"/>
        </annotation>
    </item>
    <item name='java.beans.beancontext.BeanContextServicesSupport.BCSSChild BCSSChild(java.lang.Object, java.lang.Object)'>
        <annotation name='com.intellij.inspections.tainted.annotation.equation.Equations'>
            <val val="{ &quot;bcc := BeanContextServicesSupport#createBCSChild(java.lang.Object, java.lang.Object)#0&quot;, &quot;peer := BeanContextServicesSupport#createBCSChild(java.lang.Object, java.lang.Object)#1&quot;, &quot;BCSSChild := BeanContextServicesSupport.BCSSChild&quot; }"/>
        </annotation>
    </item>
    <item name='java.beans.beancontext.BeanContextServicesSupport.BCSSChild void releaseService(java.lang.Object, java.lang.Object)'>
        <annotation name='com.intellij.inspections.tainted.annotation.equation.Equations'>
            <val val="{ &quot;requestor := BeanContextServicesSupport#releaseService(java.beans.beancontext.BeanContextChild, java.lang.Object, java.lang.Object)#1&quot;, &quot;service := BeanContextServicesSupport#releaseService(java.beans.beancontext.BeanContextChild, java.lang.Object, java.lang.Object)#2&quot; }"/>
        </annotation>
    </item>
    <item name='java.beans.beancontext.BeanContextServicesSupport.BCSSChild void revokeService(java.lang.Class, boolean, boolean)'>
        <annotation name='com.intellij.inspections.tainted.annotation.equation.Equations'>
            <val val="{ &quot;serviceClass := BeanContextServicesSupport#revokeService(java.lang.Class, java.beans.beancontext.BeanContextServiceProvider, boolean)#0&quot; }"/>
        </annotation>
    </item>
    <item name='java.beans.beancontext.BeanContextServicesSupport.BCSSChild void usingService(java.lang.Object, java.lang.Object, java.lang.Class, java.beans.beancontext.BeanContextServiceProvider, boolean, java.beans.beancontext.BeanContextServiceRevokedListener)'>
        <annotation name='com.intellij.inspections.tainted.annotation.equation.Equations'>
            <val val="{ &quot;bcsp := BeanContextServicesSupport&quot;, &quot;serviceClass := BeanContextServicesSupport#getService(java.beans.beancontext.BeanContextChild, java.lang.Object, java.lang.Class, java.lang.Object, java.beans.beancontext.BeanContextServiceRevokedListener)#2&quot;, &quot;requestor := BeanContextServicesSupport#getService(java.beans.beancontext.BeanContextChild, java.lang.Object, java.lang.Class, java.lang.Object, java.beans.beancontext.BeanContextServiceRevokedListener)#1&quot;, &quot;bcsrl := BeanContextServicesSupport#getService(java.beans.beancontext.BeanContextChild, java.lang.Object, java.lang.Class, java.lang.Object, java.beans.beancontext.BeanContextServiceRevokedListener)#4&quot; }"/>
        </annotation>
    </item>
    <item name='java.beans.beancontext.BeanContextServicesSupport.BCSSChild.BCSSCServiceClassRef'>
        <annotation name='com.intellij.inspections.tainted.annotation.equation.Equations'>
            <val val="{ &quot;BCSSCServiceClassRef := &quot; }"/>
        </annotation>
    </item>
    <item name='java.beans.beancontext.BeanContextServicesSupport.BCSSChild.BCSSCServiceClassRef BCSSCServiceClassRef(java.lang.Class, java.beans.beancontext.BeanContextServiceProvider, boolean)'>
        <annotation name='com.intellij.inspections.tainted.annotation.equation.Equations'>
            <val val="{ &quot;BCSSCServiceClassRef := BeanContextServicesSupport.BCSSChild.BCSSCServiceClassRef&quot;, &quot;bcsp := BeanContextServicesSupport.BCSSChild#usingService(java.lang.Object, java.lang.Object, java.lang.Class, java.beans.beancontext.BeanContextServiceProvider, boolean, java.beans.beancontext.BeanContextServiceRevokedListener)#3&quot;, &quot;sc := BeanContextServicesSupport.BCSSChild#usingService(java.lang.Object, java.lang.Object, java.lang.Class, java.beans.beancontext.BeanContextServiceProvider, boolean, java.beans.beancontext.BeanContextServiceRevokedListener)#2&quot; }"/>
        </annotation>
    </item>
    <item name='java.beans.beancontext.BeanContextServicesSupport.BCSSChild.BCSSCServiceClassRef int getDelegateRefs()'>
        <annotation name='com.intellij.inspections.tainted.annotation.equation.Equations'>
            <val val="{ &quot;getDelegateRefs := BeanContextServicesSupport.BCSSChild.BCSSCServiceClassRef&quot; }"/>
        </annotation>
    </item>
    <item name='java.beans.beancontext.BeanContextServicesSupport.BCSSChild.BCSSCServiceClassRef int getRefs()'>
        <annotation name='com.intellij.inspections.tainted.annotation.equation.Equations'>
            <val val="{ &quot;getRefs := BeanContextServicesSupport.BCSSChild.BCSSCServiceClassRef&quot; }"/>
        </annotation>
    </item>
    <item name='java.beans.beancontext.BeanContextServicesSupport.BCSSChild.BCSSCServiceClassRef int getServiceRefs()'>
        <annotation name='com.intellij.inspections.tainted.annotation.equation.Equations'>
            <val val="{ &quot;getServiceRefs := BeanContextServicesSupport.BCSSChild.BCSSCServiceClassRef&quot; }"/>
        </annotation>
    </item>
    <item name='java.beans.beancontext.BeanContextServicesSupport.BCSSChild.BCSSCServiceClassRef java.beans.beancontext.BeanContextServiceProvider getDelegateProvider()'>
        <annotation name='com.intellij.inspections.tainted.annotation.equation.Equations'>
            <val val="{ &quot;getDelegateProvider := BeanContextServicesSupport.BCSSChild.BCSSCServiceClassRef&quot; }"/>
        </annotation>
    </item>
    <item name='java.beans.beancontext.BeanContextServicesSupport.BCSSChild.BCSSCServiceClassRef java.beans.beancontext.BeanContextServiceProvider getServiceProvider()'>
        <annotation name='com.intellij.inspections.tainted.annotation.equation.Equations'>
            <val val="{ &quot;getServiceProvider := BeanContextServicesSupport.BCSSChild.BCSSCServiceClassRef&quot; }"/>
        </annotation>
    </item>
    <item name='java.beans.beancontext.BeanContextServicesSupport.BCSSChild.BCSSCServiceClassRef java.lang.Class getServiceClass()'>
        <annotation name='com.intellij.inspections.tainted.annotation.equation.Equations'>
            <val val="{ &quot;getServiceClass := BeanContextServicesSupport.BCSSChild.BCSSCServiceClassRef&quot; }"/>
        </annotation>
    </item>
    <item name='java.beans.beancontext.BeanContextServicesSupport.BCSSChild.BCSSCServiceClassRef void addRequestor(java.lang.Object, java.beans.beancontext.BeanContextServiceRevokedListener)'>
        <annotation name='com.intellij.inspections.tainted.annotation.equation.Equations'>
            <val val="{ &quot;bcsrl := BeanContextServicesSupport.BCSSChild#usingService(java.lang.Object, java.lang.Object, java.lang.Class, java.beans.beancontext.BeanContextServiceProvider, boolean, java.beans.beancontext.BeanContextServiceRevokedListener)#5&quot;, &quot;requestor := BeanContextServicesSupport.BCSSChild#usingService(java.lang.Object, java.lang.Object, java.lang.Class, java.beans.beancontext.BeanContextServiceProvider, boolean, java.beans.beancontext.BeanContextServiceRevokedListener)#0&quot; }"/>
        </annotation>
    </item>
    <item name='java.beans.beancontext.BeanContextServicesSupport.BCSSChild.BCSSCServiceClassRef void removeRequestor(java.lang.Object)'>
        <annotation name='com.intellij.inspections.tainted.annotation.equation.Equations'>
            <val val="{ &quot;requestor := BeanContextServicesSupport.BCSSChild#releaseService(java.lang.Object, java.lang.Object)#0&quot; }"/>
        </annotation>
    </item>
    <item name='java.beans.beancontext.BeanContextServicesSupport.BCSSChild.BCSSCServiceClassRef void verifyAndMaybeSetProvider(java.beans.beancontext.BeanContextServiceProvider, boolean)'>
        <annotation name='com.intellij.inspections.tainted.annotation.equation.Equations'>
            <val val="{ &quot;bcsp := BeanContextServicesSupport.BCSSChild#usingService(java.lang.Object, java.lang.Object, java.lang.Class, java.beans.beancontext.BeanContextServiceProvider, boolean, java.beans.beancontext.BeanContextServiceRevokedListener)#3&quot; }"/>
        </annotation>
    </item>
    <item name='java.beans.beancontext.BeanContextServicesSupport.BCSSChild.BCSSCServiceClassRef void verifyRequestor(java.lang.Object, java.beans.beancontext.BeanContextServiceRevokedListener)'>
        <annotation name='com.intellij.inspections.tainted.annotation.equation.Equations'>
            <val val="{ &quot;requestor := BeanContextServicesSupport.BCSSChild#usingService(java.lang.Object, java.lang.Object, java.lang.Class, java.beans.beancontext.BeanContextServiceProvider, boolean, java.beans.beancontext.BeanContextServiceRevokedListener)#0&quot;, &quot;bcsrl := BeanContextServicesSupport.BCSSChild#usingService(java.lang.Object, java.lang.Object, java.lang.Class, java.beans.beancontext.BeanContextServiceProvider, boolean, java.beans.beancontext.BeanContextServiceRevokedListener)#5&quot; }"/>
        </annotation>
    </item>
    <item name='java.beans.beancontext.BeanContextServicesSupport.BCSSChild.BCSSCServiceRef BCSSCServiceRef(java.beans.beancontext.BeanContextServicesSupport.BCSSChild.BCSSCServiceClassRef, boolean)'>
        <annotation name='com.intellij.inspections.tainted.annotation.equation.Equations'>
            <val val="{ &quot;BCSSCServiceRef := BeanContextServicesSupport.BCSSChild.BCSSCServiceRef&quot; }"/>
        </annotation>
    </item>
    <item name='java.beans.beancontext.BeanContextServicesSupport.BCSSChild.BCSSCServiceRef java.beans.beancontext.BeanContextServicesSupport.BCSSChild.BCSSCServiceClassRef getServiceClassRef()'>
        <annotation name='com.intellij.inspections.tainted.annotation.equation.Equations'>
            <val val="{ &quot;getServiceClassRef := BeanContextServicesSupport.BCSSChild.BCSSCServiceRef&quot; }"/>
        </annotation>
    </item>
    <item name='java.beans.beancontext.BeanContextServicesSupport.BCSSProxyServiceProvider BCSSProxyServiceProvider(java.beans.beancontext.BeanContextServices)'>
        <annotation name='com.intellij.inspections.tainted.annotation.equation.Equations'>
            <val val="{ &quot;BCSSProxyServiceProvider := BeanContextServicesSupport.BCSSProxyServiceProvider&quot;, &quot;bcs := &quot; }"/>
        </annotation>
    </item>
    <item name='java.beans.beancontext.BeanContextServicesSupport.BCSSProxyServiceProvider java.lang.Object getService(java.beans.beancontext.BeanContextServices, java.lang.Object, java.lang.Class, java.lang.Object)'>
        <annotation name='com.intellij.inspections.tainted.annotation.equation.Equations'>
            <val val="{ &quot;requestor := BeanContextServicesSupport#getService(java.beans.beancontext.BeanContextChild, java.lang.Object, java.lang.Class, java.lang.Object, java.beans.beancontext.BeanContextServiceRevokedListener)#1&quot;, &quot;serviceSelector := BeanContextServicesSupport#getService(java.beans.beancontext.BeanContextChild, java.lang.Object, java.lang.Class, java.lang.Object, java.beans.beancontext.BeanContextServiceRevokedListener)#3&quot;, &quot;serviceClass := BeanContextServicesSupport#getService(java.beans.beancontext.BeanContextChild, java.lang.Object, java.lang.Class, java.lang.Object, java.beans.beancontext.BeanContextServiceRevokedListener)#2&quot; }"/>
        </annotation>
    </item>
    <item name='java.beans.beancontext.BeanContextServicesSupport.BCSSProxyServiceProvider void releaseService(java.beans.beancontext.BeanContextServices, java.lang.Object, java.lang.Object)'>
        <annotation name='com.intellij.inspections.tainted.annotation.equation.Equations'>
            <val val="{ &quot;requestor := BeanContextServicesSupport#getService(java.beans.beancontext.BeanContextChild, java.lang.Object, java.lang.Class, java.lang.Object, java.beans.beancontext.BeanContextServiceRevokedListener)#1&quot; }"/>
        </annotation>
    </item>
    <item name='java.beans.beancontext.BeanContextServicesSupport.BCSSServiceProvider BCSSServiceProvider(java.lang.Class, java.beans.beancontext.BeanContextServiceProvider)'>
        <annotation name='com.intellij.inspections.tainted.annotation.equation.Equations'>
            <val val="{ &quot;sc := BeanContextServicesSupport#createBCSSServiceProvider(java.lang.Class, java.beans.beancontext.BeanContextServiceProvider)#0&quot;, &quot;BCSSServiceProvider := BeanContextServicesSupport.BCSSServiceProvider&quot;, &quot;bcsp := BeanContextServicesSupport#createBCSSServiceProvider(java.lang.Class, java.beans.beancontext.BeanContextServiceProvider)#1&quot; }"/>
        </annotation>
    </item>
    <item name='java.beans.beancontext.BeanContextServicesSupport.BCSSServiceProvider java.beans.beancontext.BeanContextServiceProvider getServiceProvider()'>
        <annotation name='com.intellij.inspections.tainted.annotation.equation.Equations'>
            <val val="{ &quot;getServiceProvider := BeanContextServicesSupport.BCSSServiceProvider&quot; }"/>
        </annotation>
    </item>
    <item name='java.beans.beancontext.BeanContextSupport'>
        <annotation name='com.intellij.inspections.tainted.annotation.equation.Equations'>
            <val val="{ &quot;BeanContextSupport := #setLocale(java.util.Locale)#0&quot; }"/>
        </annotation>
    </item>
    <item name='java.beans.beancontext.BeanContextSupport BeanContextSupport()'>
        <annotation name='com.intellij.inspections.tainted.annotation.equation.Equations'>
            <val val="{ &quot;BeanContextSupport := BeanContextSupport&quot; }"/>
        </annotation>
    </item>
    <item name='java.beans.beancontext.BeanContextSupport BeanContextSupport(java.beans.beancontext.BeanContext)'>
        <annotation name='com.intellij.inspections.tainted.annotation.equation.Equations'>
            <val val="{ &quot;BeanContextSupport := BeanContextSupport&quot; }"/>
        </annotation>
    </item>
    <item name='java.beans.beancontext.BeanContextSupport BeanContextSupport(java.beans.beancontext.BeanContext, java.util.Locale)'>
        <annotation name='com.intellij.inspections.tainted.annotation.equation.Equations'>
            <val val="{ &quot;BeanContextSupport := BeanContextSupport&quot; }"/>
        </annotation>
    </item>
    <item name='java.beans.beancontext.BeanContextSupport BeanContextSupport(java.beans.beancontext.BeanContext, java.util.Locale, boolean)'>
        <annotation name='com.intellij.inspections.tainted.annotation.equation.Equations'>
            <val val="{ &quot;BeanContextSupport := BeanContextSupport&quot; }"/>
        </annotation>
    </item>
    <item name='java.beans.beancontext.BeanContextSupport BeanContextSupport(java.beans.beancontext.BeanContext, java.util.Locale, boolean, boolean)'>
        <annotation name='com.intellij.inspections.tainted.annotation.equation.Equations'>
            <val val="{ &quot;peer := #BeanContextSupport(java.beans.beancontext.BeanContext, java.util.Locale, boolean)#0 &amp; #BeanContextSupport(java.beans.beancontext.BeanContext, java.util.Locale)#0 &amp; #BeanContextSupport(java.beans.beancontext.BeanContext)#0 &amp; BeanContextServicesSupport#BeanContextServicesSupport(java.beans.beancontext.BeanContextServices, java.util.Locale, boolean, boolean)#0&quot;, &quot;lcle := #BeanContextSupport(java.beans.beancontext.BeanContext, java.util.Locale, boolean)#1 &amp; #BeanContextSupport(java.beans.beancontext.BeanContext, java.util.Locale)#1 &amp; BeanContextServicesSupport#BeanContextServicesSupport(java.beans.beancontext.BeanContextServices, java.util.Locale, boolean, boolean)#1&quot;, &quot;BeanContextSupport := BeanContextSupport&quot; }"/>
        </annotation>
    </item>
    <item name='java.beans.beancontext.BeanContextSupport boolean containsKey(java.lang.Object)'>
        <annotation name='com.intellij.inspections.tainted.annotation.equation.Equations'>
            <val val="{ &quot;o := #getResourceAsStream(java.lang.String, java.beans.beancontext.BeanContextChild)#1 &amp; #getResource(java.lang.String, java.beans.beancontext.BeanContextChild)#1&quot; }"/>
        </annotation>
    </item>
    <item name='java.beans.beancontext.BeanContextSupport boolean remove(java.lang.Object, boolean)'>
        <annotation name='com.intellij.inspections.tainted.annotation.equation.Equations'>
            <val val="{ &quot;targetChild := #remove(java.lang.Object)#0&quot; }"/>
        </annotation>
    </item>
    <item name='java.beans.beancontext.BeanContextSupport java.beans.PropertyChangeListener getChildPropertyChangeListener(java.lang.Object)'>
        <annotation name='com.intellij.inspections.tainted.annotation.equation.Equations'>
            <val val="{ &quot;getChildPropertyChangeListener := child&quot; }"/>
        </annotation>
    </item>
    <item name='java.beans.beancontext.BeanContextSupport java.beans.VetoableChangeListener getChildVetoableChangeListener(java.lang.Object)'>
        <annotation name='com.intellij.inspections.tainted.annotation.equation.Equations'>
            <val val="{ &quot;getChildVetoableChangeListener := child&quot; }"/>
        </annotation>
    </item>
    <item name='java.beans.beancontext.BeanContextSupport java.beans.Visibility getChildVisibility(java.lang.Object)'>
        <annotation name='com.intellij.inspections.tainted.annotation.equation.Equations'>
            <val val="{ &quot;child := #add(java.lang.Object)#0&quot;, &quot;getChildVisibility := child&quot; }"/>
        </annotation>
    </item>
    <item name='java.beans.beancontext.BeanContextSupport java.beans.beancontext.BeanContextChild getChildBeanContextChild(java.lang.Object)'>
        <annotation name='com.intellij.inspections.tainted.annotation.equation.Equations'>
            <val val="{ &quot;getChildBeanContextChild := child&quot;, &quot;child := #add(java.lang.Object)#0 &amp; #remove(java.lang.Object, boolean)#0&quot; }"/>
        </annotation>
    </item>
    <item name='java.beans.beancontext.BeanContextSupport java.beans.beancontext.BeanContextMembershipListener getChildBeanContextMembershipListener(java.lang.Object)'>
        <annotation name='com.intellij.inspections.tainted.annotation.equation.Equations'>
            <val val="{ &quot;getChildBeanContextMembershipListener := child&quot; }"/>
        </annotation>
    </item>
    <item name='java.beans.beancontext.BeanContextSupport java.beans.beancontext.BeanContextSupport.BCSChild createBCSChild(java.lang.Object, java.lang.Object)'>
        <annotation name='com.intellij.inspections.tainted.annotation.equation.Equations'>
            <val val="{ &quot;peer := #add(java.lang.Object)#0 &amp; BeanContextServicesSupport#createBCSChild(java.lang.Object, java.lang.Object)#1&quot;, &quot;createBCSChild := BeanContextServicesSupport#createBCSChild(java.lang.Object, java.lang.Object)&quot;, &quot;targetChild := #add(java.lang.Object)#0 &amp; BeanContextServicesSupport#createBCSChild(java.lang.Object, java.lang.Object)#0&quot; }"/>
        </annotation>
    </item>
    <item name='java.beans.beancontext.BeanContextSupport java.io.Serializable getChildSerializable(java.lang.Object)'>
        <annotation name='com.intellij.inspections.tainted.annotation.equation.Equations'>
            <val val="{ &quot;child := #add(java.lang.Object)#0 &amp; #remove(java.lang.Object, boolean)#0&quot;, &quot;getChildSerializable := child&quot; }"/>
        </annotation>
    </item>
    <item name='java.beans.beancontext.BeanContextSupport java.util.Locale getLocale()'>
        <annotation name='com.intellij.inspections.tainted.annotation.equation.Equations'>
            <val val="{ &quot;getLocale := BeanContextSupport&quot; }"/>
        </annotation>
    </item>
    <item name='java.beans.beancontext.BeanContextSupport void bcsPreDeserializationHook(java.io.ObjectInputStream)'>
        <annotation name='com.intellij.inspections.tainted.annotation.equation.Equations'>
            <val val="{ &quot;ois := BeanContextServicesSupport#bcsPreDeserializationHook(java.io.ObjectInputStream)#0&quot; }"/>
        </annotation>
    </item>
    <item name='java.beans.beancontext.BeanContextSupport void bcsPreSerializationHook(java.io.ObjectOutputStream)'>
        <annotation name='com.intellij.inspections.tainted.annotation.equation.Equations'>
            <val val="{ &quot;oos := BeanContextServicesSupport#bcsPreSerializationHook(java.io.ObjectOutputStream)#0&quot; }"/>
        </annotation>
    </item>
    <item name='java.beans.beancontext.BeanContextSupport void childJustAddedHook(java.lang.Object, java.beans.beancontext.BeanContextSupport.BCSChild)'>
        <annotation name='com.intellij.inspections.tainted.annotation.equation.Equations'>
            <val val="{ &quot;bcsc := &quot;, &quot;child := #add(java.lang.Object)#0&quot; }"/>
        </annotation>
    </item>
    <item name='java.beans.beancontext.BeanContextSupport void childJustRemovedHook(java.lang.Object, java.beans.beancontext.BeanContextSupport.BCSChild)'>
        <annotation name='com.intellij.inspections.tainted.annotation.equation.Equations'>
            <val val="{ &quot;bcsc := BeanContextServicesSupport#childJustRemovedHook(java.lang.Object, java.beans.beancontext.BeanContextSupport.BCSChild)#1&quot;, &quot;child := BeanContextServicesSupport#childJustRemovedHook(java.lang.Object, java.beans.beancontext.BeanContextSupport.BCSChild)#0&quot; }"/>
        </annotation>
    </item>
    <item name='java.beans.beancontext.BeanContextSupport void deserialize(java.io.ObjectInputStream, java.util.Collection)'>
        <annotation name='com.intellij.inspections.tainted.annotation.equation.Equations'>
            <val val="{ &quot;ois := BeanContextServicesSupport#readObject(java.io.ObjectInputStream)#0 &amp; #readObject(java.io.ObjectInputStream)#0&quot;, &quot;coll := BeanContextServicesSupport&quot; }"/>
        </annotation>
    </item>
    <item name='java.beans.beancontext.BeanContextSupport void fireChildrenAdded(java.beans.beancontext.BeanContextMembershipEvent)'>
        <annotation name='com.intellij.inspections.tainted.annotation.equation.Equations'>
            <val val="{ &quot;bcme := &quot; }"/>
        </annotation>
    </item>
    <item name='java.beans.beancontext.BeanContextSupport void propertyChange(java.beans.PropertyChangeEvent)'>
        <annotation name='com.intellij.inspections.tainted.annotation.equation.Equations'>
            <val val="{ &quot;pce := &quot; }"/>
        </annotation>
    </item>
    <item name='java.beans.beancontext.BeanContextSupport void readChildren(java.io.ObjectInputStream)'>
        <annotation name='com.intellij.inspections.tainted.annotation.equation.Equations'>
            <val val="{ &quot;ois := #readObject(java.io.ObjectInputStream)#0&quot; }"/>
        </annotation>
    </item>
    <item name='java.beans.beancontext.BeanContextSupport void serialize(java.io.ObjectOutputStream, java.util.Collection)'>
        <annotation name='com.intellij.inspections.tainted.annotation.equation.Equations'>
            <val val="{ &quot;oos := BeanContextServicesSupport#writeObject(java.io.ObjectOutputStream)#0 &amp; #writeObject(java.io.ObjectOutputStream)#0&quot;, &quot;coll := BeanContextServicesSupport &amp; BeanContextSupport&quot; }"/>
        </annotation>
    </item>
    <item name='java.beans.beancontext.BeanContextSupport void vetoableChange(java.beans.PropertyChangeEvent)'>
        <annotation name='com.intellij.inspections.tainted.annotation.equation.Equations'>
            <val val="{ &quot;pce := &quot; }"/>
        </annotation>
    </item>
    <item name='java.beans.beancontext.BeanContextSupport void writeChildren(java.io.ObjectOutputStream)'>
        <annotation name='com.intellij.inspections.tainted.annotation.equation.Equations'>
            <val val="{ &quot;oos := #writeObject(java.io.ObjectOutputStream)#0&quot; }"/>
        </annotation>
    </item>
    <item name='java.beans.beancontext.BeanContextSupport.BCSChild'>
        <annotation name='com.intellij.inspections.tainted.annotation.equation.Equations'>
            <val val="{ &quot;BCSChild := BeanContextServicesSupport.BCSSChild&quot; }"/>
        </annotation>
    </item>
    <item name='java.beans.beancontext.BeanContextSupport.BCSChild BCSChild(java.lang.Object, java.lang.Object)'>
        <annotation name='com.intellij.inspections.tainted.annotation.equation.Equations'>
            <val val="{ &quot;BCSChild := BeanContextSupport.BCSChild&quot;, &quot;bcc := BeanContextSupport#createBCSChild(java.lang.Object, java.lang.Object)#0 &amp; BeanContextServicesSupport.BCSSChild#BCSSChild(java.lang.Object, java.lang.Object)#0&quot;, &quot;peer := BeanContextSupport#createBCSChild(java.lang.Object, java.lang.Object)#1 &amp; BeanContextServicesSupport.BCSSChild#BCSSChild(java.lang.Object, java.lang.Object)#1&quot; }"/>
        </annotation>
    </item>
    <item name='java.beans.beancontext.BeanContextSupport.BCSChild java.lang.Object getChild()'>
        <annotation name='com.intellij.inspections.tainted.annotation.equation.Equations'>
            <val val="{ &quot;getChild := BeanContextSupport.BCSChild&quot; }"/>
        </annotation>
    </item>
    <item name='java.beans.beancontext.BeanContextSupport.BCSChild java.lang.Object getProxyPeer()'>
        <annotation name='com.intellij.inspections.tainted.annotation.equation.Equations'>
            <val val="{ &quot;getProxyPeer := BeanContextSupport.BCSChild&quot; }"/>
        </annotation>
    </item>
    <item name='java.beans.beancontext.BeanContextSupport.BCSIterator BCSIterator(java.util.Iterator)'>
        <annotation name='com.intellij.inspections.tainted.annotation.equation.Equations'>
            <val val="{ &quot;BCSIterator := BeanContextSupport.BCSIterator&quot; }"/>
        </annotation>
    </item>
</root>