<root>
    <item name='org.hibernate.envers.internal.revisioninfo.DefaultRevisionInfoGenerator'>
        <annotation name='com.intellij.inspections.tainted.annotation.equation.Equations'>
            <val val="{ &quot;DefaultRevisionInfoGenerator := #DefaultRevisionInfoGenerator(java.lang.String, java.lang.Class, java.lang.Class, org.hibernate.envers.internal.entities.PropertyData, boolean, org.hibernate.service.ServiceRegistry)#0 &amp; #DefaultRevisionInfoGenerator(java.lang.String, java.lang.Class, java.lang.Class, org.hibernate.envers.internal.entities.PropertyData, boolean, org.hibernate.service.ServiceRegistry)#4&quot; }"/>
        </annotation>
    </item>
    <item name='org.hibernate.envers.internal.revisioninfo.DefaultRevisionInfoGenerator DefaultRevisionInfoGenerator(java.lang.String, java.lang.Class&lt;?&gt;, java.lang.Class&lt;? extends org.hibernate.envers.RevisionListener&gt;, org.hibernate.envers.internal.entities.PropertyData, boolean, org.hibernate.service.ServiceRegistry)'>
        <annotation name='com.intellij.inspections.tainted.annotation.equation.Equations'>
            <val val="{ &quot;timestampAsDate := DefaultTrackingModifiedEntitiesRevisionInfoGenerator#DefaultTrackingModifiedEntitiesRevisionInfoGenerator(java.lang.String, java.lang.Class, java.lang.Class, org.hibernate.envers.internal.entities.PropertyData, boolean, org.hibernate.envers.internal.entities.PropertyData, org.hibernate.service.ServiceRegistry)#4&quot;, &quot;serviceRegistry := DefaultTrackingModifiedEntitiesRevisionInfoGenerator#DefaultTrackingModifiedEntitiesRevisionInfoGenerator(java.lang.String, java.lang.Class, java.lang.Class, org.hibernate.envers.internal.entities.PropertyData, boolean, org.hibernate.envers.internal.entities.PropertyData, org.hibernate.service.ServiceRegistry)#6&quot;, &quot;DefaultRevisionInfoGenerator := DefaultRevisionInfoGenerator&quot;, &quot;listenerClass := DefaultTrackingModifiedEntitiesRevisionInfoGenerator#DefaultTrackingModifiedEntitiesRevisionInfoGenerator(java.lang.String, java.lang.Class, java.lang.Class, org.hibernate.envers.internal.entities.PropertyData, boolean, org.hibernate.envers.internal.entities.PropertyData, org.hibernate.service.ServiceRegistry)#2&quot;, &quot;revisionInfoClass := DefaultTrackingModifiedEntitiesRevisionInfoGenerator#DefaultTrackingModifiedEntitiesRevisionInfoGenerator(java.lang.String, java.lang.Class, java.lang.Class, org.hibernate.envers.internal.entities.PropertyData, boolean, org.hibernate.envers.internal.entities.PropertyData, org.hibernate.service.ServiceRegistry)#1&quot;, &quot;revisionInfoTimestampData := DefaultTrackingModifiedEntitiesRevisionInfoGenerator#DefaultTrackingModifiedEntitiesRevisionInfoGenerator(java.lang.String, java.lang.Class, java.lang.Class, org.hibernate.envers.internal.entities.PropertyData, boolean, org.hibernate.envers.internal.entities.PropertyData, org.hibernate.service.ServiceRegistry)#3 &amp; org.hibernate.envers.configuration.internal.RevisionInfoConfiguration&quot;, &quot;revisionInfoEntityName := DefaultTrackingModifiedEntitiesRevisionInfoGenerator#DefaultTrackingModifiedEntitiesRevisionInfoGenerator(java.lang.String, java.lang.Class, java.lang.Class, org.hibernate.envers.internal.entities.PropertyData, boolean, org.hibernate.envers.internal.entities.PropertyData, org.hibernate.service.ServiceRegistry)#0 &amp; org.hibernate.envers.configuration.internal.RevisionInfoConfiguration&quot; }"/>
        </annotation>
    </item>
    <item name='org.hibernate.envers.internal.revisioninfo.DefaultRevisionInfoGenerator java.lang.Object generate()'>
        <annotation name='com.intellij.inspections.tainted.annotation.equation.Equations'>
            <val val="{ &quot;generate := &quot; }"/>
        </annotation>
    </item>
    <item name='org.hibernate.envers.internal.revisioninfo.DefaultRevisionInfoGenerator org.hibernate.resource.beans.spi.ManagedBean&lt;? extends org.hibernate.envers.RevisionListener&gt; resolveRevisionListenerBean(java.lang.Class&lt;? extends org.hibernate.envers.RevisionListener&gt;, org.hibernate.service.ServiceRegistry)'>
        <annotation name='com.intellij.inspections.tainted.annotation.equation.Equations'>
            <val val="{ &quot;listenerClass := #DefaultRevisionInfoGenerator(java.lang.String, java.lang.Class, java.lang.Class, org.hibernate.envers.internal.entities.PropertyData, boolean, org.hibernate.service.ServiceRegistry)#2&quot;, &quot;serviceRegistry := #DefaultRevisionInfoGenerator(java.lang.String, java.lang.Class, java.lang.Class, org.hibernate.envers.internal.entities.PropertyData, boolean, org.hibernate.service.ServiceRegistry)#5&quot;, &quot;resolveRevisionListenerBean := &quot; }"/>
        </annotation>
    </item>
    <item name='org.hibernate.envers.internal.revisioninfo.DefaultRevisionInfoGenerator void entityChanged(java.lang.Class, java.lang.String, java.io.Serializable, org.hibernate.envers.RevisionType, java.lang.Object)'>
        <annotation name='com.intellij.inspections.tainted.annotation.equation.Equations'>
            <val val="{ &quot;revisionType := RevisionInfoGenerator#entityChanged(java.lang.Class, java.lang.String, java.io.Serializable, org.hibernate.envers.RevisionType, java.lang.Object)#3 &amp; DefaultTrackingModifiedEntitiesRevisionInfoGenerator#entityChanged(java.lang.Class, java.lang.String, java.io.Serializable, org.hibernate.envers.RevisionType, java.lang.Object)#3&quot;, &quot;revisionInfo := RevisionInfoGenerator#entityChanged(java.lang.Class, java.lang.String, java.io.Serializable, org.hibernate.envers.RevisionType, java.lang.Object)#4 &amp; DefaultTrackingModifiedEntitiesRevisionInfoGenerator#entityChanged(java.lang.Class, java.lang.String, java.io.Serializable, org.hibernate.envers.RevisionType, java.lang.Object)#4&quot;, &quot;entityId := RevisionInfoGenerator#entityChanged(java.lang.Class, java.lang.String, java.io.Serializable, org.hibernate.envers.RevisionType, java.lang.Object)#2 &amp; DefaultTrackingModifiedEntitiesRevisionInfoGenerator#entityChanged(java.lang.Class, java.lang.String, java.io.Serializable, org.hibernate.envers.RevisionType, java.lang.Object)#2&quot;, &quot;entityName := RevisionInfoGenerator#entityChanged(java.lang.Class, java.lang.String, java.io.Serializable, org.hibernate.envers.RevisionType, java.lang.Object)#1 &amp; DefaultTrackingModifiedEntitiesRevisionInfoGenerator#entityChanged(java.lang.Class, java.lang.String, java.io.Serializable, org.hibernate.envers.RevisionType, java.lang.Object)#1&quot;, &quot;entityClass := RevisionInfoGenerator#entityChanged(java.lang.Class, java.lang.String, java.io.Serializable, org.hibernate.envers.RevisionType, java.lang.Object)#0 &amp; DefaultTrackingModifiedEntitiesRevisionInfoGenerator#entityChanged(java.lang.Class, java.lang.String, java.io.Serializable, org.hibernate.envers.RevisionType, java.lang.Object)#0&quot; }"/>
        </annotation>
    </item>
    <item name='org.hibernate.envers.internal.revisioninfo.DefaultRevisionInfoGenerator void saveRevisionData(org.hibernate.Session, java.lang.Object)'>
        <annotation name='com.intellij.inspections.tainted.annotation.equation.Equations'>
            <val val="{ &quot;revisionData := RevisionInfoGenerator#saveRevisionData(org.hibernate.Session, java.lang.Object)#1&quot;, &quot;session := RevisionInfoGenerator#saveRevisionData(org.hibernate.Session, java.lang.Object)#0&quot; }"/>
        </annotation>
    </item>
    <item name='org.hibernate.envers.internal.revisioninfo.DefaultTrackingModifiedEntitiesRevisionInfoGenerator'>
        <annotation name='com.intellij.inspections.tainted.annotation.equation.Equations'>
            <val val="{ &quot;DefaultTrackingModifiedEntitiesRevisionInfoGenerator := &quot; }"/>
        </annotation>
    </item>
    <item name='org.hibernate.envers.internal.revisioninfo.DefaultTrackingModifiedEntitiesRevisionInfoGenerator DefaultTrackingModifiedEntitiesRevisionInfoGenerator(java.lang.String, java.lang.Class&lt;?&gt;, java.lang.Class&lt;? extends org.hibernate.envers.RevisionListener&gt;, org.hibernate.envers.internal.entities.PropertyData, boolean, org.hibernate.envers.internal.entities.PropertyData, org.hibernate.service.ServiceRegistry)'>
        <annotation name='com.intellij.inspections.tainted.annotation.equation.Equations'>
            <val val="{ &quot;DefaultTrackingModifiedEntitiesRevisionInfoGenerator := DefaultTrackingModifiedEntitiesRevisionInfoGenerator&quot;, &quot;modifiedEntityNamesData := org.hibernate.envers.configuration.internal.RevisionInfoConfiguration&quot;, &quot;timestampAsDate := &quot;, &quot;listenerClass := &quot;, &quot;revisionInfoTimestampData := org.hibernate.envers.configuration.internal.RevisionInfoConfiguration&quot;, &quot;revisionInfoEntityName := org.hibernate.envers.configuration.internal.RevisionInfoConfiguration&quot;, &quot;serviceRegistry := &quot; }"/>
        </annotation>
    </item>
    <item name='org.hibernate.envers.internal.revisioninfo.DefaultTrackingModifiedEntitiesRevisionInfoGenerator void entityChanged(java.lang.Class, java.lang.String, java.io.Serializable, org.hibernate.envers.RevisionType, java.lang.Object)'>
        <annotation name='com.intellij.inspections.tainted.annotation.equation.Equations'>
            <val val="{ &quot;revisionType := DefaultRevisionInfoGenerator#entityChanged(java.lang.Class, java.lang.String, java.io.Serializable, org.hibernate.envers.RevisionType, java.lang.Object)#3&quot;, &quot;entityClass := DefaultRevisionInfoGenerator#entityChanged(java.lang.Class, java.lang.String, java.io.Serializable, org.hibernate.envers.RevisionType, java.lang.Object)#0&quot;, &quot;revisionEntity := DefaultRevisionInfoGenerator#entityChanged(java.lang.Class, java.lang.String, java.io.Serializable, org.hibernate.envers.RevisionType, java.lang.Object)#4&quot;, &quot;entityName := DefaultRevisionInfoGenerator#entityChanged(java.lang.Class, java.lang.String, java.io.Serializable, org.hibernate.envers.RevisionType, java.lang.Object)#1&quot;, &quot;entityId := DefaultRevisionInfoGenerator#entityChanged(java.lang.Class, java.lang.String, java.io.Serializable, org.hibernate.envers.RevisionType, java.lang.Object)#2&quot; }"/>
        </annotation>
    </item>
    <item name='org.hibernate.envers.internal.revisioninfo.ModifiedEntityNamesReader'>
        <annotation name='com.intellij.inspections.tainted.annotation.equation.Equations'>
            <val val="{ &quot;ModifiedEntityNamesReader := &quot; }"/>
        </annotation>
    </item>
    <item name='org.hibernate.envers.internal.revisioninfo.ModifiedEntityNamesReader ModifiedEntityNamesReader(java.lang.Class&lt;?&gt;, org.hibernate.envers.internal.entities.PropertyData, org.hibernate.service.ServiceRegistry)'>
        <annotation name='com.intellij.inspections.tainted.annotation.equation.Equations'>
            <val val="{ &quot;serviceRegistry := &quot;, &quot;ModifiedEntityNamesReader := ModifiedEntityNamesReader&quot;, &quot;modifiedEntityNamesData := org.hibernate.envers.configuration.internal.RevisionInfoConfiguration&quot; }"/>
        </annotation>
    </item>
    <item name='org.hibernate.envers.internal.revisioninfo.ModifiedEntityNamesReader java.util.Set&lt;java.lang.String&gt; getModifiedEntityNames(java.lang.Object)'>
        <annotation name='com.intellij.inspections.tainted.annotation.equation.Equations'>
            <val val="{ &quot;getModifiedEntityNames := &quot;, &quot;revisionEntity := &quot; }"/>
        </annotation>
    </item>
    <item name='org.hibernate.envers.internal.revisioninfo.RevisionInfoGenerator java.lang.Object generate()'>
        <annotation name='com.intellij.inspections.tainted.annotation.equation.Equations'>
            <val val="{ &quot;generate := DefaultRevisionInfoGenerator#generate()&quot; }"/>
        </annotation>
    </item>
    <item name='org.hibernate.envers.internal.revisioninfo.RevisionInfoGenerator void entityChanged(java.lang.Class, java.lang.String, java.io.Serializable, org.hibernate.envers.RevisionType, java.lang.Object)'>
        <annotation name='com.intellij.inspections.tainted.annotation.equation.Equations'>
            <val val="{ &quot;entityId := &quot;, &quot;revisionType := &quot;, &quot;entityClass := &quot;, &quot;entityName := &quot;, &quot;revisionEntity := org.hibernate.envers.internal.synchronization.EntityChangeNotifier#entityChanged(org.hibernate.Session, java.lang.Object, org.hibernate.envers.internal.synchronization.work.AuditWorkUnit)#1&quot; }"/>
        </annotation>
    </item>
    <item name='org.hibernate.envers.internal.revisioninfo.RevisionInfoGenerator void saveRevisionData(org.hibernate.Session, java.lang.Object)'>
        <annotation name='com.intellij.inspections.tainted.annotation.equation.Equations'>
            <val val="{ &quot;session := org.hibernate.envers.internal.synchronization.AuditProcess#getCurrentRevisionData(org.hibernate.Session, boolean)#0&quot;, &quot;revisionData := org.hibernate.envers.internal.synchronization.AuditProcess&quot; }"/>
        </annotation>
    </item>
    <item name='org.hibernate.envers.internal.revisioninfo.RevisionInfoNumberReader'>
        <annotation name='com.intellij.inspections.tainted.annotation.equation.Equations'>
            <val val="{ &quot;RevisionInfoNumberReader := &quot; }"/>
        </annotation>
    </item>
    <item name='org.hibernate.envers.internal.revisioninfo.RevisionInfoNumberReader RevisionInfoNumberReader(java.lang.Class&lt;?&gt;, org.hibernate.envers.internal.entities.PropertyData, org.hibernate.service.ServiceRegistry)'>
        <annotation name='com.intellij.inspections.tainted.annotation.equation.Equations'>
            <val val="{ &quot;serviceRegistry := &quot;, &quot;revisionInfoIdData := org.hibernate.envers.configuration.internal.RevisionInfoConfiguration&quot;, &quot;RevisionInfoNumberReader := RevisionInfoNumberReader&quot; }"/>
        </annotation>
    </item>
    <item name='org.hibernate.envers.internal.revisioninfo.RevisionInfoNumberReader java.lang.Number getRevisionNumber(java.lang.Object)'>
        <annotation name='com.intellij.inspections.tainted.annotation.equation.Equations'>
            <val val="{ &quot;getRevisionNumber := &quot;, &quot;revision := org.hibernate.envers.strategy.internal.ValidityAuditStrategy#perform(org.hibernate.Session, java.lang.String, org.hibernate.envers.configuration.internal.AuditEntitiesConfiguration, java.io.Serializable, java.lang.Object, java.lang.Object)#5&quot; }"/>
        </annotation>
    </item>
    <item name='org.hibernate.envers.internal.revisioninfo.RevisionInfoQueryCreator'>
        <annotation name='com.intellij.inspections.tainted.annotation.equation.Equations'>
            <val val="{ &quot;RevisionInfoQueryCreator := #RevisionInfoQueryCreator(java.lang.String, java.lang.String, java.lang.String, boolean)#0 &amp; #RevisionInfoQueryCreator(java.lang.String, java.lang.String, java.lang.String, boolean)#1 &amp; #RevisionInfoQueryCreator(java.lang.String, java.lang.String, java.lang.String, boolean)#2 &amp; #RevisionInfoQueryCreator(java.lang.String, java.lang.String, java.lang.String, boolean)#3&quot; }"/>
        </annotation>
    </item>
    <item name='org.hibernate.envers.internal.revisioninfo.RevisionInfoQueryCreator RevisionInfoQueryCreator(java.lang.String, java.lang.String, java.lang.String, boolean)'>
        <annotation name='com.intellij.inspections.tainted.annotation.equation.Equations'>
            <val val="{ &quot;revisionInfoTimestampName := &quot;, &quot;timestampAsDate := &quot;, &quot;revisionInfoEntityName := org.hibernate.envers.configuration.internal.RevisionInfoConfiguration&quot;, &quot;revisionInfoIdName := &quot;, &quot;RevisionInfoQueryCreator := RevisionInfoQueryCreator&quot; }"/>
        </annotation>
    </item>
    <item name='org.hibernate.envers.internal.revisioninfo.RevisionInfoQueryCreator org.hibernate.query.Query&lt;?&gt; getRevisionDateQuery(org.hibernate.Session, java.lang.Number)'>
        <annotation name='com.intellij.inspections.tainted.annotation.equation.Equations'>
            <val val="{ &quot;getRevisionDateQuery := &quot;, &quot;session := org.hibernate.envers.internal.reader.AuditReaderImpl&quot;, &quot;revision := org.hibernate.envers.internal.reader.AuditReaderImpl#getRevisionDate(java.lang.Number)#0&quot; }"/>
        </annotation>
    </item>
    <item name='org.hibernate.envers.internal.revisioninfo.RevisionInfoQueryCreator org.hibernate.query.Query&lt;?&gt; getRevisionNumberForDateQuery(org.hibernate.Session, java.util.Date)'>
        <annotation name='com.intellij.inspections.tainted.annotation.equation.Equations'>
            <val val="{ &quot;date := org.hibernate.envers.internal.reader.AuditReaderImpl#getRevisionNumberForDate(java.util.Date)#0&quot;, &quot;session := org.hibernate.envers.internal.reader.AuditReaderImpl&quot;, &quot;getRevisionNumberForDateQuery := &quot; }"/>
        </annotation>
    </item>
    <item name='org.hibernate.envers.internal.revisioninfo.RevisionInfoQueryCreator org.hibernate.query.Query&lt;?&gt; getRevisionsQuery(org.hibernate.Session, java.util.Set&lt;java.lang.Number&gt;)'>
        <annotation name='com.intellij.inspections.tainted.annotation.equation.Equations'>
            <val val="{ &quot;getRevisionsQuery := &quot;, &quot;session := org.hibernate.envers.internal.reader.AuditReaderImpl&quot;, &quot;revisions := org.hibernate.envers.internal.reader.AuditReaderImpl#findRevisions(java.lang.Class, java.util.Set)#1&quot; }"/>
        </annotation>
    </item>
</root>