<root>
    <item name='javax.management.relation.InvalidRelationIdException InvalidRelationIdException(java.lang.String)'>
        <annotation name='com.intellij.inspections.tainted.annotation.equation.Equations'>
            <val val="{ &quot;InvalidRelationIdException := InvalidRelationIdException&quot; }"/>
        </annotation>
    </item>
    <item name='javax.management.relation.InvalidRelationServiceException InvalidRelationServiceException(java.lang.String)'>
        <annotation name='com.intellij.inspections.tainted.annotation.equation.Equations'>
            <val val="{ &quot;InvalidRelationServiceException := InvalidRelationServiceException&quot; }"/>
        </annotation>
    </item>
    <item name='javax.management.relation.InvalidRelationTypeException InvalidRelationTypeException(java.lang.String)'>
        <annotation name='com.intellij.inspections.tainted.annotation.equation.Equations'>
            <val val="{ &quot;InvalidRelationTypeException := InvalidRelationTypeException&quot; }"/>
        </annotation>
    </item>
    <item name='javax.management.relation.InvalidRoleInfoException InvalidRoleInfoException(java.lang.String)'>
        <annotation name='com.intellij.inspections.tainted.annotation.equation.Equations'>
            <val val="{ &quot;InvalidRoleInfoException := InvalidRoleInfoException&quot; }"/>
        </annotation>
    </item>
    <item name='javax.management.relation.InvalidRoleValueException InvalidRoleValueException(java.lang.String)'>
        <annotation name='com.intellij.inspections.tainted.annotation.equation.Equations'>
            <val val="{ &quot;InvalidRoleValueException := InvalidRoleValueException&quot; }"/>
        </annotation>
    </item>
    <item name='javax.management.relation.MBeanServerNotificationFilter'>
        <annotation name='com.intellij.inspections.tainted.annotation.equation.Equations'>
            <val val="{ &quot;MBeanServerNotificationFilter := &quot; }"/>
        </annotation>
    </item>
    <item name='javax.management.relation.MBeanServerNotificationFilter MBeanServerNotificationFilter()'>
        <annotation name='com.intellij.inspections.tainted.annotation.equation.Equations'>
            <val val="{ &quot;MBeanServerNotificationFilter := MBeanServerNotificationFilter&quot; }"/>
        </annotation>
    </item>
    <item name='javax.management.relation.MBeanServerNotificationFilter void disableObjectName(javax.management.ObjectName)'>
        <annotation name='com.intellij.inspections.tainted.annotation.equation.Equations'>
            <val val="{ &quot;objectName := RelationService#updateUnregistrationListener(java.util.List, java.util.List)#1&quot; }"/>
        </annotation>
    </item>
    <item name='javax.management.relation.MBeanServerNotificationFilter void enableObjectName(javax.management.ObjectName)'>
        <annotation name='com.intellij.inspections.tainted.annotation.equation.Equations'>
            <val val="{ &quot;objectName := RelationService#updateUnregistrationListener(java.util.List, java.util.List)#0&quot; }"/>
        </annotation>
    </item>
    <item name='javax.management.relation.Relation java.lang.Integer getRoleCardinality(java.lang.String)'>
        <annotation name='com.intellij.inspections.tainted.annotation.equation.Equations'>
            <val val="{ &quot;getRoleCardinality := RelationSupport#getRoleCardinality(java.lang.String)&quot;, &quot;roleName := RelationSupport#getRoleCardinality(java.lang.String)#0&quot; }"/>
        </annotation>
    </item>
    <item name='javax.management.relation.Relation java.lang.String getRelationId()'>
        <annotation name='com.intellij.inspections.tainted.annotation.equation.Equations'>
            <val val="{ &quot;getRelationId := RelationSupport#getRelationId()&quot; }"/>
        </annotation>
    </item>
    <item name='javax.management.relation.Relation java.lang.String getRelationTypeName()'>
        <annotation name='com.intellij.inspections.tainted.annotation.equation.Equations'>
            <val val="{ &quot;getRelationTypeName := RelationSupport#getRelationTypeName()&quot; }"/>
        </annotation>
    </item>
    <item name='javax.management.relation.Relation java.util.List&lt;javax.management.ObjectName&gt; getRole(java.lang.String)'>
        <annotation name='com.intellij.inspections.tainted.annotation.equation.Equations'>
            <val val="{ &quot;getRole := RelationSupport#getRole(java.lang.String)&quot;, &quot;roleName := RelationSupport#getRole(java.lang.String)#0&quot; }"/>
        </annotation>
    </item>
    <item name='javax.management.relation.Relation java.util.Map&lt;javax.management.ObjectName,java.util.List&lt;java.lang.String&gt;&gt; getReferencedMBeans()'>
        <annotation name='com.intellij.inspections.tainted.annotation.equation.Equations'>
            <val val="{ &quot;getReferencedMBeans := RelationSupport#getReferencedMBeans()&quot; }"/>
        </annotation>
    </item>
    <item name='javax.management.relation.Relation javax.management.ObjectName getRelationServiceName()'>
        <annotation name='com.intellij.inspections.tainted.annotation.equation.Equations'>
            <val val="{ &quot;getRelationServiceName := RelationSupport#getRelationServiceName()&quot; }"/>
        </annotation>
    </item>
    <item name='javax.management.relation.Relation javax.management.relation.RoleList retrieveAllRoles()'>
        <annotation name='com.intellij.inspections.tainted.annotation.equation.Equations'>
            <val val="{ &quot;retrieveAllRoles := RelationSupport#retrieveAllRoles()&quot; }"/>
        </annotation>
    </item>
    <item name='javax.management.relation.Relation javax.management.relation.RoleResult getAllRoles()'>
        <annotation name='com.intellij.inspections.tainted.annotation.equation.Equations'>
            <val val="{ &quot;getAllRoles := RelationSupport#getAllRoles()&quot; }"/>
        </annotation>
    </item>
    <item name='javax.management.relation.Relation javax.management.relation.RoleResult getRoles(java.lang.String[])'>
        <annotation name='com.intellij.inspections.tainted.annotation.equation.Equations'>
            <val val="{ &quot;roleNameArray := RelationSupport#getRoles(java.lang.String[])#0&quot;, &quot;getRoles := RelationSupport#getRoles(java.lang.String[])&quot; }"/>
        </annotation>
    </item>
    <item name='javax.management.relation.Relation javax.management.relation.RoleResult setRoles(javax.management.relation.RoleList)'>
        <annotation name='com.intellij.inspections.tainted.annotation.equation.Equations'>
            <val val="{ &quot;setRoles := RelationSupport#setRoles(javax.management.relation.RoleList)&quot;, &quot;roleList := RelationSupport#setRoles(javax.management.relation.RoleList)#0&quot; }"/>
        </annotation>
    </item>
    <item name='javax.management.relation.Relation void handleMBeanUnregistration(javax.management.ObjectName, java.lang.String)'>
        <annotation name='com.intellij.inspections.tainted.annotation.equation.Equations'>
            <val val="{ &quot;objectName := RelationSupport#handleMBeanUnregistration(javax.management.ObjectName, java.lang.String)#0&quot;, &quot;roleName := RelationSupport#handleMBeanUnregistration(javax.management.ObjectName, java.lang.String)#1&quot; }"/>
        </annotation>
    </item>
    <item name='javax.management.relation.Relation void setRole(javax.management.relation.Role)'>
        <annotation name='com.intellij.inspections.tainted.annotation.equation.Equations'>
            <val val="{ &quot;role := RelationSupport#setRole(javax.management.relation.Role)#0&quot; }"/>
        </annotation>
    </item>
    <item name='javax.management.relation.RelationException RelationException(java.lang.String)'>
        <annotation name='com.intellij.inspections.tainted.annotation.equation.Equations'>
            <val val="{ &quot;message := RoleNotFoundException#RoleNotFoundException(java.lang.String)#0 &amp; InvalidRoleInfoException#InvalidRoleInfoException(java.lang.String)#0 &amp; InvalidRoleValueException#InvalidRoleValueException(java.lang.String)#0 &amp; RelationNotFoundException#RelationNotFoundException(java.lang.String)#0 &amp; RoleInfoNotFoundException#RoleInfoNotFoundException(java.lang.String)#0 &amp; InvalidRelationIdException#InvalidRelationIdException(java.lang.String)#0 &amp; InvalidRelationTypeException#InvalidRelationTypeException(java.lang.String)#0 &amp; RelationTypeNotFoundException#RelationTypeNotFoundException(java.lang.String)#0 &amp; InvalidRelationServiceException#InvalidRelationServiceException(java.lang.String)#0 &amp; RelationServiceNotRegisteredException#RelationServiceNotRegisteredException(java.lang.String)#0&quot;, &quot;RelationException := RelationException&quot; }"/>
        </annotation>
    </item>
    <item name='javax.management.relation.RelationNotFoundException RelationNotFoundException(java.lang.String)'>
        <annotation name='com.intellij.inspections.tainted.annotation.equation.Equations'>
            <val val="{ &quot;RelationNotFoundException := RelationNotFoundException&quot; }"/>
        </annotation>
    </item>
    <item name='javax.management.relation.RelationNotification'>
        <annotation name='com.intellij.inspections.tainted.annotation.equation.Equations'>
            <val val="{ &quot;RelationNotification := &quot; }"/>
        </annotation>
    </item>
    <item name='javax.management.relation.RelationNotification RelationNotification(java.lang.String, java.lang.Object, long, long, java.lang.String, java.lang.String, java.lang.String, javax.management.ObjectName, java.lang.String, java.util.List&lt;javax.management.ObjectName&gt;, java.util.List&lt;javax.management.ObjectName&gt;)'>
        <annotation name='com.intellij.inspections.tainted.annotation.equation.Equations'>
            <val val="{ &quot;message := RelationService#sendNotificationInt(int, java.lang.String, java.lang.String, java.util.List, java.lang.String, java.util.List, java.util.List)#1&quot;, &quot;newValue := RelationService#sendNotificationInt(int, java.lang.String, java.lang.String, java.util.List, java.lang.String, java.util.List, java.util.List)#5&quot;, &quot;RelationNotification := RelationNotification&quot;, &quot;id := RelationService#sendNotificationInt(int, java.lang.String, java.lang.String, java.util.List, java.lang.String, java.util.List, java.util.List)#2&quot;, &quot;notifType := #RELATION_MBEAN_CREATION &amp; #RELATION_MBEAN_UPDATE &amp; #RELATION_MBEAN_REMOVAL &amp; #RELATION_BASIC_CREATION &amp; #RELATION_BASIC_UPDATE &amp; #RELATION_BASIC_REMOVAL&quot;, &quot;sourceObj := RelationService&quot;, &quot;oldValue := RelationService#sendNotificationInt(int, java.lang.String, java.lang.String, java.util.List, java.lang.String, java.util.List, java.util.List)#6&quot;, &quot;name := RelationService#sendNotificationInt(int, java.lang.String, java.lang.String, java.util.List, java.lang.String, java.util.List, java.util.List)#4&quot; }"/>
        </annotation>
    </item>
    <item name='javax.management.relation.RelationNotification RelationNotification(java.lang.String, java.lang.Object, long, long, java.lang.String, java.lang.String, java.lang.String, javax.management.ObjectName, java.util.List&lt;javax.management.ObjectName&gt;)'>
        <annotation name='com.intellij.inspections.tainted.annotation.equation.Equations'>
            <val val="{ &quot;sourceObj := RelationService&quot;, &quot;message := RelationService#sendNotificationInt(int, java.lang.String, java.lang.String, java.util.List, java.lang.String, java.util.List, java.util.List)#1&quot;, &quot;notifType := #RELATION_MBEAN_CREATION &amp; #RELATION_MBEAN_UPDATE &amp; #RELATION_MBEAN_REMOVAL &amp; #RELATION_BASIC_CREATION &amp; #RELATION_BASIC_UPDATE &amp; #RELATION_BASIC_REMOVAL&quot;, &quot;RelationNotification := RelationNotification&quot;, &quot;unregMBeanList := RelationService#sendNotificationInt(int, java.lang.String, java.lang.String, java.util.List, java.lang.String, java.util.List, java.util.List)#3&quot;, &quot;id := RelationService#sendNotificationInt(int, java.lang.String, java.lang.String, java.util.List, java.lang.String, java.util.List, java.util.List)#2&quot; }"/>
        </annotation>
    </item>
    <item name='javax.management.relation.RelationNotification boolean isValidBasic(java.lang.String, java.lang.Object, java.lang.String, java.lang.String)'>
        <annotation name='com.intellij.inspections.tainted.annotation.equation.Equations'>
            <val val="{ &quot;typeName := #isValidBasicStrict(java.lang.String, java.lang.Object, java.lang.String, java.lang.String)#3&quot;, &quot;notifType := #isValidBasicStrict(java.lang.String, java.lang.Object, java.lang.String, java.lang.String)#0&quot;, &quot;sourceObj := #isValidBasicStrict(java.lang.String, java.lang.Object, java.lang.String, java.lang.String)#1&quot;, &quot;id := #isValidBasicStrict(java.lang.String, java.lang.Object, java.lang.String, java.lang.String)#2&quot; }"/>
        </annotation>
    </item>
    <item name='javax.management.relation.RelationNotification java.lang.String getRelationId()'>
        <annotation name='com.intellij.inspections.tainted.annotation.equation.Equations'>
            <val val="{ &quot;getRelationId := RelationNotification&quot; }"/>
        </annotation>
    </item>
    <item name='javax.management.relation.RelationNotification java.lang.String getRelationTypeName()'>
        <annotation name='com.intellij.inspections.tainted.annotation.equation.Equations'>
            <val val="{ &quot;getRelationTypeName := RelationNotification&quot; }"/>
        </annotation>
    </item>
    <item name='javax.management.relation.RelationNotification java.lang.String getRoleName()'>
        <annotation name='com.intellij.inspections.tainted.annotation.equation.Equations'>
            <val val="{ &quot;getRoleName := RelationNotification&quot; }"/>
        </annotation>
    </item>
    <item name='javax.management.relation.RelationNotification java.util.ArrayList&lt;javax.management.ObjectName&gt; safeGetObjectNameList(java.util.List&lt;javax.management.ObjectName&gt;)'>
        <annotation name='com.intellij.inspections.tainted.annotation.equation.Equations'>
            <val val="{ &quot;src := #RelationNotification(java.lang.String, java.lang.Object, long, long, java.lang.String, java.lang.String, java.lang.String, javax.management.ObjectName, java.util.List)#8 &amp; #RelationNotification(java.lang.String, java.lang.Object, long, long, java.lang.String, java.lang.String, java.lang.String, javax.management.ObjectName, java.lang.String, java.util.List, java.util.List)#10 &amp; #RelationNotification(java.lang.String, java.lang.Object, long, long, java.lang.String, java.lang.String, java.lang.String, javax.management.ObjectName, java.lang.String, java.util.List, java.util.List)#9&quot; }"/>
        </annotation>
    </item>
    <item name='javax.management.relation.RelationNotification javax.management.ObjectName getObjectName()'>
        <annotation name='com.intellij.inspections.tainted.annotation.equation.Equations'>
            <val val="{ &quot;getObjectName := RelationNotification&quot; }"/>
        </annotation>
    </item>
    <item name='javax.management.relation.RelationNotification javax.management.ObjectName safeGetObjectName(javax.management.ObjectName)'>
        <annotation name='com.intellij.inspections.tainted.annotation.equation.Equations'>
            <val val="{ &quot;src := #RelationNotification(java.lang.String, java.lang.Object, long, long, java.lang.String, java.lang.String, java.lang.String, javax.management.ObjectName, java.util.List)#7 &amp; #RelationNotification(java.lang.String, java.lang.Object, long, long, java.lang.String, java.lang.String, java.lang.String, javax.management.ObjectName, java.lang.String, java.util.List, java.util.List)#7&quot; }"/>
        </annotation>
    </item>
    <item name='javax.management.relation.RelationService'>
        <annotation name='com.intellij.inspections.tainted.annotation.equation.Equations'>
            <val val="{ &quot;RelationService := &quot; }"/>
        </annotation>
    </item>
    <item name='javax.management.relation.RelationService RelationService(boolean)'>
        <annotation name='com.intellij.inspections.tainted.annotation.equation.Equations'>
            <val val="{ &quot;RelationService := RelationService&quot; }"/>
        </annotation>
    </item>
    <item name='javax.management.relation.RelationService java.lang.Integer checkRoleInt(int, java.lang.String, java.util.List&lt;javax.management.ObjectName&gt;, javax.management.relation.RoleInfo, boolean)'>
        <annotation name='com.intellij.inspections.tainted.annotation.equation.Equations'>
            <val val="{ &quot;roleName := #checkRoleReading(java.lang.String, java.lang.String)#0&quot; }"/>
        </annotation>
    </item>
    <item name='javax.management.relation.RelationService java.lang.Integer checkRoleReading(java.lang.String, java.lang.String)'>
        <annotation name='com.intellij.inspections.tainted.annotation.equation.Equations'>
            <val val="{ &quot;roleName := RelationSupport#getRoleInt(java.lang.String, boolean, javax.management.relation.RelationService, boolean)#0&quot;, &quot;relationTypeName := RelationSupport&quot; }"/>
        </annotation>
    </item>
    <item name='javax.management.relation.RelationService java.lang.Integer checkRoleWriting(javax.management.relation.Role, java.lang.String, java.lang.Boolean)'>
        <annotation name='com.intellij.inspections.tainted.annotation.equation.Equations'>
            <val val="{ &quot;relationTypeName := RelationSupport&quot;, &quot;role := RelationSupport#setRoleInt(javax.management.relation.Role, boolean, javax.management.relation.RelationService, boolean)#0&quot; }"/>
        </annotation>
    </item>
    <item name='javax.management.relation.RelationService java.lang.Object getRelation(java.lang.String)'>
        <annotation name='com.intellij.inspections.tainted.annotation.equation.Equations'>
            <val val="{ &quot;relationId := #hasRelation(java.lang.String)#0 &amp; #setRole(java.lang.String, javax.management.relation.Role)#0 &amp; #isRelationMBean(java.lang.String)#0 &amp; #updateRoleMap(java.lang.String, javax.management.relation.Role, java.util.List)#0 &amp; #removeRelation(java.lang.String)#0 &amp; #getRole(java.lang.String, java.lang.String)#0 &amp; #getRoles(java.lang.String, java.lang.String[])#0 &amp; #getAllRoles(java.lang.String)#0 &amp; #getRoleCardinality(java.lang.String, java.lang.String)#0 &amp; #setRoles(java.lang.String, javax.management.relation.RoleList)#0 &amp; #getReferencedMBeans(java.lang.String)#0 &amp; #getRelationTypeName(java.lang.String)#0 &amp; #addRelationInt(boolean, javax.management.relation.RelationSupport, javax.management.ObjectName, java.lang.String, java.lang.String, javax.management.relation.RoleList)#3 &amp; #handleReferenceUnregistration(java.lang.String, javax.management.ObjectName, java.util.List)#0&quot; }"/>
        </annotation>
    </item>
    <item name='javax.management.relation.RelationService java.lang.String getRelationTypeName(java.lang.String)'>
        <annotation name='com.intellij.inspections.tainted.annotation.equation.Equations'>
            <val val="{ &quot;relationId := #handleReferenceUnregistration(java.lang.String, javax.management.ObjectName, java.util.List)#0&quot; }"/>
        </annotation>
    </item>
    <item name='javax.management.relation.RelationService java.util.Map&lt;java.lang.String,java.util.List&lt;java.lang.String&gt;&gt; findReferencingRelations(javax.management.ObjectName, java.lang.String, java.lang.String)'>
        <annotation name='com.intellij.inspections.tainted.annotation.equation.Equations'>
            <val val="{ &quot;relationTypeName := #findAssociatedMBeans(javax.management.ObjectName, java.lang.String, java.lang.String)#1&quot;, &quot;roleName := #findAssociatedMBeans(javax.management.ObjectName, java.lang.String, java.lang.String)#2&quot;, &quot;mbeanName := #findAssociatedMBeans(javax.management.ObjectName, java.lang.String, java.lang.String)#0&quot; }"/>
        </annotation>
    </item>
    <item name='javax.management.relation.RelationService javax.management.ObjectName isRelationMBean(java.lang.String)'>
        <annotation name='com.intellij.inspections.tainted.annotation.equation.Equations'>
            <val val="{ &quot;relationId := #sendNotificationInt(int, java.lang.String, java.lang.String, java.util.List, java.lang.String, java.util.List, java.util.List)#2&quot; }"/>
        </annotation>
    </item>
    <item name='javax.management.relation.RelationService javax.management.ObjectName preRegister(javax.management.MBeanServer, javax.management.ObjectName)'>
        <annotation name='com.intellij.inspections.tainted.annotation.equation.Equations'>
            <val val="{ &quot;preRegister := name&quot; }"/>
        </annotation>
    </item>
    <item name='javax.management.relation.RelationService javax.management.relation.RelationType getRelationType(java.lang.String)'>
        <annotation name='com.intellij.inspections.tainted.annotation.equation.Equations'>
            <val val="{ &quot;relationTypeName := #getRoleInfos(java.lang.String)#0 &amp; #getRoleInfo(java.lang.String, java.lang.String)#0 &amp; #removeRelationType(java.lang.String)#0 &amp; #checkRoleReading(java.lang.String, java.lang.String)#1 &amp; #checkRoleWriting(javax.management.relation.Role, java.lang.String, java.lang.Boolean)#1 &amp; #findRelationsOfType(java.lang.String)#0 &amp; #addRelationInt(boolean, javax.management.relation.RelationSupport, javax.management.ObjectName, java.lang.String, java.lang.String, javax.management.relation.RoleList)#4&quot; }"/>
        </annotation>
    </item>
    <item name='javax.management.relation.RelationService javax.management.relation.RoleInfo getRoleInfo(java.lang.String, java.lang.String)'>
        <annotation name='com.intellij.inspections.tainted.annotation.equation.Equations'>
            <val val="{ &quot;roleInfoName := #handleReferenceUnregistration(java.lang.String, javax.management.ObjectName, java.util.List)#2&quot; }"/>
        </annotation>
    </item>
    <item name='javax.management.relation.RelationService void addRelationInt(boolean, javax.management.relation.RelationSupport, javax.management.ObjectName, java.lang.String, java.lang.String, javax.management.relation.RoleList)'>
        <annotation name='com.intellij.inspections.tainted.annotation.equation.Equations'>
            <val val="{ &quot;relationObj := &quot;, &quot;relationTypeName := #createRelation(java.lang.String, java.lang.String, javax.management.relation.RoleList)#1&quot;, &quot;relationId := #createRelation(java.lang.String, java.lang.String, javax.management.relation.RoleList)#0&quot;, &quot;relationObjName := #addRelation(javax.management.ObjectName)#0&quot;, &quot;roleList := #createRelation(java.lang.String, java.lang.String, javax.management.relation.RoleList)#2&quot; }"/>
        </annotation>
    </item>
    <item name='javax.management.relation.RelationService void addRelationTypeInt(javax.management.relation.RelationType)'>
        <annotation name='com.intellij.inspections.tainted.annotation.equation.Equations'>
            <val val="{ &quot;relationTypeObj := #addRelationType(javax.management.relation.RelationType)#0&quot; }"/>
        </annotation>
    </item>
    <item name='javax.management.relation.RelationService void handleReferenceUnregistration(java.lang.String, javax.management.ObjectName, java.util.List&lt;java.lang.String&gt;)'>
        <annotation name='com.intellij.inspections.tainted.annotation.equation.Equations'>
            <val val="{ &quot;relationId := &quot;, &quot;objectName := &quot;, &quot;roleNameList := &quot; }"/>
        </annotation>
    </item>
    <item name='javax.management.relation.RelationService void initializeMissingRoles(boolean, javax.management.relation.RelationSupport, javax.management.ObjectName, java.lang.String, java.lang.String, java.util.List&lt;javax.management.relation.RoleInfo&gt;)'>
        <annotation name='com.intellij.inspections.tainted.annotation.equation.Equations'>
            <val val="{ &quot;relationObj := #addRelationInt(boolean, javax.management.relation.RelationSupport, javax.management.ObjectName, java.lang.String, java.lang.String, javax.management.relation.RoleList)#1&quot;, &quot;relationObjName := #addRelationInt(boolean, javax.management.relation.RelationSupport, javax.management.ObjectName, java.lang.String, java.lang.String, javax.management.relation.RoleList)#2&quot;, &quot;relationId := #addRelationInt(boolean, javax.management.relation.RelationSupport, javax.management.ObjectName, java.lang.String, java.lang.String, javax.management.relation.RoleList)#3&quot;, &quot;relationTypeName := #addRelationInt(boolean, javax.management.relation.RelationSupport, javax.management.ObjectName, java.lang.String, java.lang.String, javax.management.relation.RoleList)#4&quot; }"/>
        </annotation>
    </item>
    <item name='javax.management.relation.RelationService void removeRelation(java.lang.String)'>
        <annotation name='com.intellij.inspections.tainted.annotation.equation.Equations'>
            <val val="{ &quot;relationId := #handleReferenceUnregistration(java.lang.String, javax.management.ObjectName, java.util.List)#0&quot; }"/>
        </annotation>
    </item>
    <item name='javax.management.relation.RelationService void sendNotificationInt(int, java.lang.String, java.lang.String, java.util.List&lt;javax.management.ObjectName&gt;, java.lang.String, java.util.List&lt;javax.management.ObjectName&gt;, java.util.List&lt;javax.management.ObjectName&gt;)'>
        <annotation name='com.intellij.inspections.tainted.annotation.equation.Equations'>
            <val val="{ &quot;message := #sendRelationRemovalNotification(java.lang.String, java.util.List)#0&quot;, &quot;unregMBeanList := #sendRelationRemovalNotification(java.lang.String, java.util.List)#1&quot;, &quot;relationId := #sendRelationCreationNotification(java.lang.String)#0 &amp; #sendRoleUpdateNotification(java.lang.String, javax.management.relation.Role, java.util.List)#0 &amp; #sendRelationRemovalNotification(java.lang.String, java.util.List)#0&quot;, &quot;oldValue := #sendRoleUpdateNotification(java.lang.String, javax.management.relation.Role, java.util.List)#2&quot; }"/>
        </annotation>
    </item>
    <item name='javax.management.relation.RelationService void sendRelationCreationNotification(java.lang.String)'>
        <annotation name='com.intellij.inspections.tainted.annotation.equation.Equations'>
            <val val="{ &quot;relationId := #addRelationInt(boolean, javax.management.relation.RelationSupport, javax.management.ObjectName, java.lang.String, java.lang.String, javax.management.relation.RoleList)#3&quot; }"/>
        </annotation>
    </item>
    <item name='javax.management.relation.RelationService void sendRelationRemovalNotification(java.lang.String, java.util.List&lt;javax.management.ObjectName&gt;)'>
        <annotation name='com.intellij.inspections.tainted.annotation.equation.Equations'>
            <val val="{ &quot;relationId := #removeRelation(java.lang.String)#0&quot; }"/>
        </annotation>
    </item>
    <item name='javax.management.relation.RelationService void sendRoleUpdateNotification(java.lang.String, javax.management.relation.Role, java.util.List&lt;javax.management.ObjectName&gt;)'>
        <annotation name='com.intellij.inspections.tainted.annotation.equation.Equations'>
            <val val="{ &quot;oldValue := RelationSupport#sendRoleUpdateNotification(javax.management.relation.Role, java.util.List, boolean, javax.management.relation.RelationService)#1&quot;, &quot;newRole := RelationSupport#sendRoleUpdateNotification(javax.management.relation.Role, java.util.List, boolean, javax.management.relation.RelationService)#0&quot;, &quot;relationId := RelationSupport&quot; }"/>
        </annotation>
    </item>
    <item name='javax.management.relation.RelationService void throwRoleProblemException(int, java.lang.String)'>
        <annotation name='com.intellij.inspections.tainted.annotation.equation.Equations'>
            <val val="{ &quot;roleName := RelationSupport#getRoleCardinality(java.lang.String)#0 &amp; RelationSupport#getRoleInt(java.lang.String, boolean, javax.management.relation.RelationService, boolean)#0&quot;, &quot;pbType := RoleStatus#NO_ROLE_WITH_NAME&quot; }"/>
        </annotation>
    </item>
    <item name='javax.management.relation.RelationService void updateRoleMap(java.lang.String, javax.management.relation.Role, java.util.List&lt;javax.management.ObjectName&gt;)'>
        <annotation name='com.intellij.inspections.tainted.annotation.equation.Equations'>
            <val val="{ &quot;newRole := RelationSupport#updateRelationServiceMap(javax.management.relation.Role, java.util.List, boolean, javax.management.relation.RelationService)#0&quot;, &quot;relationId := RelationSupport &amp; #addRelationInt(boolean, javax.management.relation.RelationSupport, javax.management.ObjectName, java.lang.String, java.lang.String, javax.management.relation.RoleList)#3&quot;, &quot;oldValue := RelationSupport#updateRelationServiceMap(javax.management.relation.Role, java.util.List, boolean, javax.management.relation.RelationService)#1&quot; }"/>
        </annotation>
    </item>
    <item name='javax.management.relation.RelationService void updateUnregistrationListener(java.util.List&lt;javax.management.ObjectName&gt;, java.util.List&lt;javax.management.ObjectName&gt;)'>
        <annotation name='com.intellij.inspections.tainted.annotation.equation.Equations'>
            <val val="{ &quot;obsoleteRefList := &quot;, &quot;newRefList := &quot; }"/>
        </annotation>
    </item>
    <item name='javax.management.relation.RelationServiceMBean java.lang.Boolean hasRelation(java.lang.String)'>
        <annotation name='com.intellij.inspections.tainted.annotation.equation.Equations'>
            <val val="{ &quot;hasRelation := RelationService#hasRelation(java.lang.String)&quot;, &quot;relationId := RelationService#hasRelation(java.lang.String)#0&quot; }"/>
        </annotation>
    </item>
    <item name='javax.management.relation.RelationServiceMBean java.lang.Integer checkRoleReading(java.lang.String, java.lang.String)'>
        <annotation name='com.intellij.inspections.tainted.annotation.equation.Equations'>
            <val val="{ &quot;relationTypeName := RelationService#checkRoleReading(java.lang.String, java.lang.String)#1&quot;, &quot;checkRoleReading := RelationService#checkRoleReading(java.lang.String, java.lang.String)&quot;, &quot;roleName := RelationService#checkRoleReading(java.lang.String, java.lang.String)#0&quot; }"/>
        </annotation>
    </item>
    <item name='javax.management.relation.RelationServiceMBean java.lang.Integer checkRoleWriting(javax.management.relation.Role, java.lang.String, java.lang.Boolean)'>
        <annotation name='com.intellij.inspections.tainted.annotation.equation.Equations'>
            <val val="{ &quot;initFlag := RelationService#checkRoleWriting(javax.management.relation.Role, java.lang.String, java.lang.Boolean)#2&quot;, &quot;relationTypeName := RelationService#checkRoleWriting(javax.management.relation.Role, java.lang.String, java.lang.Boolean)#1&quot;, &quot;checkRoleWriting := RelationService#checkRoleWriting(javax.management.relation.Role, java.lang.String, java.lang.Boolean)&quot;, &quot;role := RelationService#checkRoleWriting(javax.management.relation.Role, java.lang.String, java.lang.Boolean)#0&quot; }"/>
        </annotation>
    </item>
    <item name='javax.management.relation.RelationServiceMBean java.lang.Integer getRoleCardinality(java.lang.String, java.lang.String)'>
        <annotation name='com.intellij.inspections.tainted.annotation.equation.Equations'>
            <val val="{ &quot;getRoleCardinality := RelationService#getRoleCardinality(java.lang.String, java.lang.String)&quot;, &quot;roleName := RelationService#getRoleCardinality(java.lang.String, java.lang.String)#1&quot;, &quot;relationId := RelationService#getRoleCardinality(java.lang.String, java.lang.String)#0&quot; }"/>
        </annotation>
    </item>
    <item name='javax.management.relation.RelationServiceMBean java.lang.String getRelationTypeName(java.lang.String)'>
        <annotation name='com.intellij.inspections.tainted.annotation.equation.Equations'>
            <val val="{ &quot;relationId := RelationService#getRelationTypeName(java.lang.String)#0&quot;, &quot;getRelationTypeName := RelationService#getRelationTypeName(java.lang.String)&quot; }"/>
        </annotation>
    </item>
    <item name='javax.management.relation.RelationServiceMBean java.lang.String isRelation(javax.management.ObjectName)'>
        <annotation name='com.intellij.inspections.tainted.annotation.equation.Equations'>
            <val val="{ &quot;objectName := RelationService#isRelation(javax.management.ObjectName)#0&quot;, &quot;isRelation := RelationService#isRelation(javax.management.ObjectName)&quot; }"/>
        </annotation>
    </item>
    <item name='javax.management.relation.RelationServiceMBean java.util.List&lt;java.lang.String&gt; findRelationsOfType(java.lang.String)'>
        <annotation name='com.intellij.inspections.tainted.annotation.equation.Equations'>
            <val val="{ &quot;relationTypeName := RelationService#findRelationsOfType(java.lang.String)#0&quot;, &quot;findRelationsOfType := RelationService#findRelationsOfType(java.lang.String)&quot; }"/>
        </annotation>
    </item>
    <item name='javax.management.relation.RelationServiceMBean java.util.List&lt;java.lang.String&gt; getAllRelationIds()'>
        <annotation name='com.intellij.inspections.tainted.annotation.equation.Equations'>
            <val val="{ &quot;getAllRelationIds := RelationService#getAllRelationIds()&quot; }"/>
        </annotation>
    </item>
    <item name='javax.management.relation.RelationServiceMBean java.util.List&lt;java.lang.String&gt; getAllRelationTypeNames()'>
        <annotation name='com.intellij.inspections.tainted.annotation.equation.Equations'>
            <val val="{ &quot;getAllRelationTypeNames := RelationService#getAllRelationTypeNames()&quot; }"/>
        </annotation>
    </item>
    <item name='javax.management.relation.RelationServiceMBean java.util.List&lt;javax.management.ObjectName&gt; getRole(java.lang.String, java.lang.String)'>
        <annotation name='com.intellij.inspections.tainted.annotation.equation.Equations'>
            <val val="{ &quot;relationId := RelationService#getRole(java.lang.String, java.lang.String)#0&quot;, &quot;roleName := RelationService#getRole(java.lang.String, java.lang.String)#1&quot;, &quot;getRole := RelationService#getRole(java.lang.String, java.lang.String)&quot; }"/>
        </annotation>
    </item>
    <item name='javax.management.relation.RelationServiceMBean java.util.List&lt;javax.management.relation.RoleInfo&gt; getRoleInfos(java.lang.String)'>
        <annotation name='com.intellij.inspections.tainted.annotation.equation.Equations'>
            <val val="{ &quot;relationTypeName := RelationService#getRoleInfos(java.lang.String)#0&quot;, &quot;getRoleInfos := RelationService#getRoleInfos(java.lang.String)&quot; }"/>
        </annotation>
    </item>
    <item name='javax.management.relation.RelationServiceMBean java.util.Map&lt;java.lang.String,java.util.List&lt;java.lang.String&gt;&gt; findReferencingRelations(javax.management.ObjectName, java.lang.String, java.lang.String)'>
        <annotation name='com.intellij.inspections.tainted.annotation.equation.Equations'>
            <val val="{ &quot;mbeanName := RelationService#findReferencingRelations(javax.management.ObjectName, java.lang.String, java.lang.String)#0&quot;, &quot;findReferencingRelations := RelationService#findReferencingRelations(javax.management.ObjectName, java.lang.String, java.lang.String)&quot;, &quot;relationTypeName := RelationService#findReferencingRelations(javax.management.ObjectName, java.lang.String, java.lang.String)#1&quot;, &quot;roleName := RelationService#findReferencingRelations(javax.management.ObjectName, java.lang.String, java.lang.String)#2&quot; }"/>
        </annotation>
    </item>
    <item name='javax.management.relation.RelationServiceMBean java.util.Map&lt;javax.management.ObjectName,java.util.List&lt;java.lang.String&gt;&gt; findAssociatedMBeans(javax.management.ObjectName, java.lang.String, java.lang.String)'>
        <annotation name='com.intellij.inspections.tainted.annotation.equation.Equations'>
            <val val="{ &quot;relationTypeName := RelationService#findAssociatedMBeans(javax.management.ObjectName, java.lang.String, java.lang.String)#1&quot;, &quot;mbeanName := RelationService#findAssociatedMBeans(javax.management.ObjectName, java.lang.String, java.lang.String)#0&quot;, &quot;roleName := RelationService#findAssociatedMBeans(javax.management.ObjectName, java.lang.String, java.lang.String)#2&quot;, &quot;findAssociatedMBeans := RelationService#findAssociatedMBeans(javax.management.ObjectName, java.lang.String, java.lang.String)&quot; }"/>
        </annotation>
    </item>
    <item name='javax.management.relation.RelationServiceMBean java.util.Map&lt;javax.management.ObjectName,java.util.List&lt;java.lang.String&gt;&gt; getReferencedMBeans(java.lang.String)'>
        <annotation name='com.intellij.inspections.tainted.annotation.equation.Equations'>
            <val val="{ &quot;relationId := RelationService#getReferencedMBeans(java.lang.String)#0&quot;, &quot;getReferencedMBeans := RelationService#getReferencedMBeans(java.lang.String)&quot; }"/>
        </annotation>
    </item>
    <item name='javax.management.relation.RelationServiceMBean javax.management.ObjectName isRelationMBean(java.lang.String)'>
        <annotation name='com.intellij.inspections.tainted.annotation.equation.Equations'>
            <val val="{ &quot;relationId := RelationService#isRelationMBean(java.lang.String)#0&quot;, &quot;isRelationMBean := RelationService#isRelationMBean(java.lang.String)&quot; }"/>
        </annotation>
    </item>
    <item name='javax.management.relation.RelationServiceMBean javax.management.relation.RoleInfo getRoleInfo(java.lang.String, java.lang.String)'>
        <annotation name='com.intellij.inspections.tainted.annotation.equation.Equations'>
            <val val="{ &quot;relationTypeName := RelationService#getRoleInfo(java.lang.String, java.lang.String)#0&quot;, &quot;getRoleInfo := RelationService#getRoleInfo(java.lang.String, java.lang.String)&quot;, &quot;roleInfoName := RelationService#getRoleInfo(java.lang.String, java.lang.String)#1&quot; }"/>
        </annotation>
    </item>
    <item name='javax.management.relation.RelationServiceMBean javax.management.relation.RoleResult getAllRoles(java.lang.String)'>
        <annotation name='com.intellij.inspections.tainted.annotation.equation.Equations'>
            <val val="{ &quot;relationId := RelationService#getAllRoles(java.lang.String)#0&quot;, &quot;getAllRoles := RelationService#getAllRoles(java.lang.String)&quot; }"/>
        </annotation>
    </item>
    <item name='javax.management.relation.RelationServiceMBean javax.management.relation.RoleResult getRoles(java.lang.String, java.lang.String[])'>
        <annotation name='com.intellij.inspections.tainted.annotation.equation.Equations'>
            <val val="{ &quot;relationId := RelationService#getRoles(java.lang.String, java.lang.String[])#0&quot;, &quot;roleNameArray := RelationService#getRoles(java.lang.String, java.lang.String[])#1&quot;, &quot;getRoles := RelationService#getRoles(java.lang.String, java.lang.String[])&quot; }"/>
        </annotation>
    </item>
    <item name='javax.management.relation.RelationServiceMBean javax.management.relation.RoleResult setRoles(java.lang.String, javax.management.relation.RoleList)'>
        <annotation name='com.intellij.inspections.tainted.annotation.equation.Equations'>
            <val val="{ &quot;relationId := RelationService#setRoles(java.lang.String, javax.management.relation.RoleList)#0&quot;, &quot;setRoles := RelationService#setRoles(java.lang.String, javax.management.relation.RoleList)&quot;, &quot;roleList := RelationService#setRoles(java.lang.String, javax.management.relation.RoleList)#1&quot; }"/>
        </annotation>
    </item>
    <item name='javax.management.relation.RelationServiceMBean void addRelation(javax.management.ObjectName)'>
        <annotation name='com.intellij.inspections.tainted.annotation.equation.Equations'>
            <val val="{ &quot;relationObjectName := RelationService#addRelation(javax.management.ObjectName)#0&quot; }"/>
        </annotation>
    </item>
    <item name='javax.management.relation.RelationServiceMBean void addRelationType(javax.management.relation.RelationType)'>
        <annotation name='com.intellij.inspections.tainted.annotation.equation.Equations'>
            <val val="{ &quot;relationTypeObj := RelationService#addRelationType(javax.management.relation.RelationType)#0&quot; }"/>
        </annotation>
    </item>
    <item name='javax.management.relation.RelationServiceMBean void createRelation(java.lang.String, java.lang.String, javax.management.relation.RoleList)'>
        <annotation name='com.intellij.inspections.tainted.annotation.equation.Equations'>
            <val val="{ &quot;relationTypeName := RelationService#createRelation(java.lang.String, java.lang.String, javax.management.relation.RoleList)#1&quot;, &quot;roleList := RelationService#createRelation(java.lang.String, java.lang.String, javax.management.relation.RoleList)#2&quot;, &quot;relationId := RelationService#createRelation(java.lang.String, java.lang.String, javax.management.relation.RoleList)#0&quot; }"/>
        </annotation>
    </item>
    <item name='javax.management.relation.RelationServiceMBean void createRelationType(java.lang.String, javax.management.relation.RoleInfo[])'>
        <annotation name='com.intellij.inspections.tainted.annotation.equation.Equations'>
            <val val="{ &quot;relationTypeName := RelationService#createRelationType(java.lang.String, javax.management.relation.RoleInfo[])#0&quot;, &quot;roleInfoArray := RelationService#createRelationType(java.lang.String, javax.management.relation.RoleInfo[])#1&quot; }"/>
        </annotation>
    </item>
    <item name='javax.management.relation.RelationServiceMBean void removeRelation(java.lang.String)'>
        <annotation name='com.intellij.inspections.tainted.annotation.equation.Equations'>
            <val val="{ &quot;relationId := RelationService#removeRelation(java.lang.String)#0&quot; }"/>
        </annotation>
    </item>
    <item name='javax.management.relation.RelationServiceMBean void removeRelationType(java.lang.String)'>
        <annotation name='com.intellij.inspections.tainted.annotation.equation.Equations'>
            <val val="{ &quot;relationTypeName := RelationService#removeRelationType(java.lang.String)#0&quot; }"/>
        </annotation>
    </item>
    <item name='javax.management.relation.RelationServiceMBean void sendRelationCreationNotification(java.lang.String)'>
        <annotation name='com.intellij.inspections.tainted.annotation.equation.Equations'>
            <val val="{ &quot;relationId := RelationService#sendRelationCreationNotification(java.lang.String)#0&quot; }"/>
        </annotation>
    </item>
    <item name='javax.management.relation.RelationServiceMBean void sendRelationRemovalNotification(java.lang.String, java.util.List&lt;javax.management.ObjectName&gt;)'>
        <annotation name='com.intellij.inspections.tainted.annotation.equation.Equations'>
            <val val="{ &quot;unregMBeanList := RelationService#sendRelationRemovalNotification(java.lang.String, java.util.List)#1&quot;, &quot;relationId := RelationService#sendRelationRemovalNotification(java.lang.String, java.util.List)#0&quot; }"/>
        </annotation>
    </item>
    <item name='javax.management.relation.RelationServiceMBean void sendRoleUpdateNotification(java.lang.String, javax.management.relation.Role, java.util.List&lt;javax.management.ObjectName&gt;)'>
        <annotation name='com.intellij.inspections.tainted.annotation.equation.Equations'>
            <val val="{ &quot;relationId := RelationService#sendRoleUpdateNotification(java.lang.String, javax.management.relation.Role, java.util.List)#0&quot;, &quot;oldRoleValue := RelationService#sendRoleUpdateNotification(java.lang.String, javax.management.relation.Role, java.util.List)#2&quot;, &quot;newRole := RelationService#sendRoleUpdateNotification(java.lang.String, javax.management.relation.Role, java.util.List)#1&quot; }"/>
        </annotation>
    </item>
    <item name='javax.management.relation.RelationServiceMBean void setRole(java.lang.String, javax.management.relation.Role)'>
        <annotation name='com.intellij.inspections.tainted.annotation.equation.Equations'>
            <val val="{ &quot;relationId := RelationService#setRole(java.lang.String, javax.management.relation.Role)#0&quot;, &quot;role := RelationService#setRole(java.lang.String, javax.management.relation.Role)#1&quot; }"/>
        </annotation>
    </item>
    <item name='javax.management.relation.RelationServiceMBean void updateRoleMap(java.lang.String, javax.management.relation.Role, java.util.List&lt;javax.management.ObjectName&gt;)'>
        <annotation name='com.intellij.inspections.tainted.annotation.equation.Equations'>
            <val val="{ &quot;relationId := RelationService#updateRoleMap(java.lang.String, javax.management.relation.Role, java.util.List)#0&quot;, &quot;newRole := RelationService#updateRoleMap(java.lang.String, javax.management.relation.Role, java.util.List)#1&quot;, &quot;oldRoleValue := RelationService#updateRoleMap(java.lang.String, javax.management.relation.Role, java.util.List)#2&quot; }"/>
        </annotation>
    </item>
    <item name='javax.management.relation.RelationServiceNotRegisteredException RelationServiceNotRegisteredException(java.lang.String)'>
        <annotation name='com.intellij.inspections.tainted.annotation.equation.Equations'>
            <val val="{ &quot;RelationServiceNotRegisteredException := RelationServiceNotRegisteredException&quot; }"/>
        </annotation>
    </item>
    <item name='javax.management.relation.RelationSupport'>
        <annotation name='com.intellij.inspections.tainted.annotation.equation.Equations'>
            <val val="{ &quot;RelationSupport := &quot; }"/>
        </annotation>
    </item>
    <item name='javax.management.relation.RelationSupport RelationSupport(java.lang.String, javax.management.ObjectName, java.lang.String, javax.management.relation.RoleList)'>
        <annotation name='com.intellij.inspections.tainted.annotation.equation.Equations'>
            <val val="{ &quot;relationTypeName := RelationService#createRelation(java.lang.String, java.lang.String, javax.management.relation.RoleList)#1&quot;, &quot;RelationSupport := RelationSupport&quot;, &quot;list := RelationService#createRelation(java.lang.String, java.lang.String, javax.management.relation.RoleList)#2&quot;, &quot;relationId := RelationService#createRelation(java.lang.String, java.lang.String, javax.management.relation.RoleList)#0&quot;, &quot;relationServiceName := RelationService&quot; }"/>
        </annotation>
    </item>
    <item name='javax.management.relation.RelationSupport RelationSupport(java.lang.String, javax.management.ObjectName, javax.management.MBeanServer, java.lang.String, javax.management.relation.RoleList)'>
        <annotation name='com.intellij.inspections.tainted.annotation.equation.Equations'>
            <val val="{ &quot;RelationSupport := RelationSupport&quot; }"/>
        </annotation>
    </item>
    <item name='javax.management.relation.RelationSupport java.lang.Integer getRoleCardinality(java.lang.String)'>
        <annotation name='com.intellij.inspections.tainted.annotation.equation.Equations'>
            <val val="{ &quot;roleName := RelationService#getRoleCardinality(java.lang.String, java.lang.String)#1&quot; }"/>
        </annotation>
    </item>
    <item name='javax.management.relation.RelationSupport java.lang.Object getRoleInt(java.lang.String, boolean, javax.management.relation.RelationService, boolean)'>
        <annotation name='com.intellij.inspections.tainted.annotation.equation.Equations'>
            <val val="{ &quot;roleName := #getRole(java.lang.String)#0 &amp; #getRolesInt(java.lang.String[], boolean, javax.management.relation.RelationService)#0 &amp; RelationService#getRole(java.lang.String, java.lang.String)#1&quot;, &quot;relationServ := #getRolesInt(java.lang.String[], boolean, javax.management.relation.RelationService)#2 &amp; RelationService&quot; }"/>
        </annotation>
    </item>
    <item name='javax.management.relation.RelationSupport java.lang.Object setRoleInt(javax.management.relation.Role, boolean, javax.management.relation.RelationService, boolean)'>
        <annotation name='com.intellij.inspections.tainted.annotation.equation.Equations'>
            <val val="{ &quot;relationServ := RelationService &amp; #setRolesInt(javax.management.relation.RoleList, boolean, javax.management.relation.RelationService)#2 &amp; #handleMBeanUnregistrationInt(javax.management.ObjectName, java.lang.String, boolean, javax.management.relation.RelationService)#3&quot;, &quot;setRoleInt := aRole&quot;, &quot;aRole := RelationService#setRole(java.lang.String, javax.management.relation.Role)#1 &amp; #setRole(javax.management.relation.Role)#0&quot; }"/>
        </annotation>
    </item>
    <item name='javax.management.relation.RelationSupport java.lang.String getRelationId()'>
        <annotation name='com.intellij.inspections.tainted.annotation.equation.Equations'>
            <val val="{ &quot;getRelationId := RelationSupport&quot; }"/>
        </annotation>
    </item>
    <item name='javax.management.relation.RelationSupport java.lang.String getRelationTypeName()'>
        <annotation name='com.intellij.inspections.tainted.annotation.equation.Equations'>
            <val val="{ &quot;getRelationTypeName := RelationSupport&quot; }"/>
        </annotation>
    </item>
    <item name='javax.management.relation.RelationSupport javax.management.ObjectName getRelationServiceName()'>
        <annotation name='com.intellij.inspections.tainted.annotation.equation.Equations'>
            <val val="{ &quot;getRelationServiceName := RelationSupport&quot; }"/>
        </annotation>
    </item>
    <item name='javax.management.relation.RelationSupport javax.management.ObjectName preRegister(javax.management.MBeanServer, javax.management.ObjectName)'>
        <annotation name='com.intellij.inspections.tainted.annotation.equation.Equations'>
            <val val="{ &quot;preRegister := name&quot; }"/>
        </annotation>
    </item>
    <item name='javax.management.relation.RelationSupport javax.management.relation.RoleResult getAllRolesInt(boolean, javax.management.relation.RelationService)'>
        <annotation name='com.intellij.inspections.tainted.annotation.equation.Equations'>
            <val val="{ &quot;relationServ := RelationService&quot; }"/>
        </annotation>
    </item>
    <item name='javax.management.relation.RelationSupport javax.management.relation.RoleResult getRolesInt(java.lang.String[], boolean, javax.management.relation.RelationService)'>
        <annotation name='com.intellij.inspections.tainted.annotation.equation.Equations'>
            <val val="{ &quot;roleNameArray := #getRoles(java.lang.String[])#0 &amp; RelationService#getRoles(java.lang.String, java.lang.String[])#1&quot;, &quot;relationServ := #getAllRolesInt(boolean, javax.management.relation.RelationService)#1 &amp; RelationService&quot; }"/>
        </annotation>
    </item>
    <item name='javax.management.relation.RelationSupport javax.management.relation.RoleResult setRolesInt(javax.management.relation.RoleList, boolean, javax.management.relation.RelationService)'>
        <annotation name='com.intellij.inspections.tainted.annotation.equation.Equations'>
            <val val="{ &quot;list := #setRoles(javax.management.relation.RoleList)#0 &amp; RelationService#setRoles(java.lang.String, javax.management.relation.RoleList)#1&quot;, &quot;relationServ := RelationService&quot; }"/>
        </annotation>
    </item>
    <item name='javax.management.relation.RelationSupport void handleMBeanUnregistrationInt(javax.management.ObjectName, java.lang.String, boolean, javax.management.relation.RelationService)'>
        <annotation name='com.intellij.inspections.tainted.annotation.equation.Equations'>
            <val val="{ &quot;roleName := #handleMBeanUnregistration(javax.management.ObjectName, java.lang.String)#1 &amp; RelationService#handleReferenceUnregistration(java.lang.String, javax.management.ObjectName, java.util.List)#2&quot;, &quot;relationServ := RelationService&quot;, &quot;objectName := #handleMBeanUnregistration(javax.management.ObjectName, java.lang.String)#0 &amp; RelationService#handleReferenceUnregistration(java.lang.String, javax.management.ObjectName, java.util.List)#1&quot; }"/>
        </annotation>
    </item>
    <item name='javax.management.relation.RelationSupport void initMembers(java.lang.String, javax.management.ObjectName, javax.management.MBeanServer, java.lang.String, javax.management.relation.RoleList)'>
        <annotation name='com.intellij.inspections.tainted.annotation.equation.Equations'>
            <val val="{ &quot;relationServiceMBeanServer := #RelationSupport(java.lang.String, javax.management.ObjectName, javax.management.MBeanServer, java.lang.String, javax.management.relation.RoleList)#2&quot;, &quot;relationId := #RelationSupport(java.lang.String, javax.management.ObjectName, java.lang.String, javax.management.relation.RoleList)#0 &amp; #RelationSupport(java.lang.String, javax.management.ObjectName, javax.management.MBeanServer, java.lang.String, javax.management.relation.RoleList)#0&quot;, &quot;list := #RelationSupport(java.lang.String, javax.management.ObjectName, java.lang.String, javax.management.relation.RoleList)#3 &amp; #RelationSupport(java.lang.String, javax.management.ObjectName, javax.management.MBeanServer, java.lang.String, javax.management.relation.RoleList)#4&quot;, &quot;relationServiceName := #RelationSupport(java.lang.String, javax.management.ObjectName, java.lang.String, javax.management.relation.RoleList)#1 &amp; #RelationSupport(java.lang.String, javax.management.ObjectName, javax.management.MBeanServer, java.lang.String, javax.management.relation.RoleList)#1&quot;, &quot;relationTypeName := #RelationSupport(java.lang.String, javax.management.ObjectName, java.lang.String, javax.management.relation.RoleList)#2 &amp; #RelationSupport(java.lang.String, javax.management.ObjectName, javax.management.MBeanServer, java.lang.String, javax.management.relation.RoleList)#3&quot; }"/>
        </annotation>
    </item>
    <item name='javax.management.relation.RelationSupport void initRoleMap(javax.management.relation.RoleList)'>
        <annotation name='com.intellij.inspections.tainted.annotation.equation.Equations'>
            <val val="{ &quot;list := #initMembers(java.lang.String, javax.management.ObjectName, javax.management.MBeanServer, java.lang.String, javax.management.relation.RoleList)#4&quot; }"/>
        </annotation>
    </item>
    <item name='javax.management.relation.RelationSupport void sendRoleUpdateNotification(javax.management.relation.Role, java.util.List&lt;javax.management.ObjectName&gt;, boolean, javax.management.relation.RelationService)'>
        <annotation name='com.intellij.inspections.tainted.annotation.equation.Equations'>
            <val val="{ &quot;newRole := #setRoleInt(javax.management.relation.Role, boolean, javax.management.relation.RelationService, boolean)#0&quot;, &quot;relationServ := #setRoleInt(javax.management.relation.Role, boolean, javax.management.relation.RelationService, boolean)#2&quot; }"/>
        </annotation>
    </item>
    <item name='javax.management.relation.RelationSupport void updateRelationServiceMap(javax.management.relation.Role, java.util.List&lt;javax.management.ObjectName&gt;, boolean, javax.management.relation.RelationService)'>
        <annotation name='com.intellij.inspections.tainted.annotation.equation.Equations'>
            <val val="{ &quot;newRole := #setRoleInt(javax.management.relation.Role, boolean, javax.management.relation.RelationService, boolean)#0&quot;, &quot;relationServ := #setRoleInt(javax.management.relation.Role, boolean, javax.management.relation.RelationService, boolean)#2&quot; }"/>
        </annotation>
    </item>
    <item name='javax.management.relation.RelationSupportMBean java.lang.Boolean isInRelationService()'>
        <annotation name='com.intellij.inspections.tainted.annotation.equation.Equations'>
            <val val="{ &quot;isInRelationService := RelationSupport#isInRelationService()&quot; }"/>
        </annotation>
    </item>
    <item name='javax.management.relation.RelationSupportMBean void setRelationServiceManagementFlag(java.lang.Boolean)'>
        <annotation name='com.intellij.inspections.tainted.annotation.equation.Equations'>
            <val val="{ &quot;flag := RelationSupport#setRelationServiceManagementFlag(java.lang.Boolean)#0&quot; }"/>
        </annotation>
    </item>
    <item name='javax.management.relation.RelationType java.lang.String getRelationTypeName()'>
        <annotation name='com.intellij.inspections.tainted.annotation.equation.Equations'>
            <val val="{ &quot;getRelationTypeName := RelationTypeSupport#getRelationTypeName()&quot; }"/>
        </annotation>
    </item>
    <item name='javax.management.relation.RelationType java.util.List&lt;javax.management.relation.RoleInfo&gt; getRoleInfos()'>
        <annotation name='com.intellij.inspections.tainted.annotation.equation.Equations'>
            <val val="{ &quot;getRoleInfos := RelationTypeSupport#getRoleInfos()&quot; }"/>
        </annotation>
    </item>
    <item name='javax.management.relation.RelationType javax.management.relation.RoleInfo getRoleInfo(java.lang.String)'>
        <annotation name='com.intellij.inspections.tainted.annotation.equation.Equations'>
            <val val="{ &quot;getRoleInfo := RelationTypeSupport#getRoleInfo(java.lang.String)&quot;, &quot;roleInfoName := RelationTypeSupport#getRoleInfo(java.lang.String)#0&quot; }"/>
        </annotation>
    </item>
    <item name='javax.management.relation.RelationTypeNotFoundException RelationTypeNotFoundException(java.lang.String)'>
        <annotation name='com.intellij.inspections.tainted.annotation.equation.Equations'>
            <val val="{ &quot;RelationTypeNotFoundException := RelationTypeNotFoundException&quot; }"/>
        </annotation>
    </item>
    <item name='javax.management.relation.RelationTypeSupport'>
        <annotation name='com.intellij.inspections.tainted.annotation.equation.Equations'>
            <val val="{ &quot;RelationTypeSupport := &quot; }"/>
        </annotation>
    </item>
    <item name='javax.management.relation.RelationTypeSupport RelationTypeSupport(java.lang.String)'>
        <annotation name='com.intellij.inspections.tainted.annotation.equation.Equations'>
            <val val="{ &quot;RelationTypeSupport := RelationTypeSupport&quot; }"/>
        </annotation>
    </item>
    <item name='javax.management.relation.RelationTypeSupport RelationTypeSupport(java.lang.String, javax.management.relation.RoleInfo[])'>
        <annotation name='com.intellij.inspections.tainted.annotation.equation.Equations'>
            <val val="{ &quot;roleInfoArray := RelationService#createRelationType(java.lang.String, javax.management.relation.RoleInfo[])#1&quot;, &quot;relationTypeName := RelationService#createRelationType(java.lang.String, javax.management.relation.RoleInfo[])#0&quot;, &quot;RelationTypeSupport := RelationTypeSupport&quot; }"/>
        </annotation>
    </item>
    <item name='javax.management.relation.RelationTypeSupport java.lang.String getRelationTypeName()'>
        <annotation name='com.intellij.inspections.tainted.annotation.equation.Equations'>
            <val val="{ &quot;getRelationTypeName := RelationTypeSupport&quot; }"/>
        </annotation>
    </item>
    <item name='javax.management.relation.RelationTypeSupport void checkRoleInfos(javax.management.relation.RoleInfo[])'>
        <annotation name='com.intellij.inspections.tainted.annotation.equation.Equations'>
            <val val="{ &quot;roleInfoArray := #initMembers(java.lang.String, javax.management.relation.RoleInfo[])#1&quot; }"/>
        </annotation>
    </item>
    <item name='javax.management.relation.RelationTypeSupport void initMembers(java.lang.String, javax.management.relation.RoleInfo[])'>
        <annotation name='com.intellij.inspections.tainted.annotation.equation.Equations'>
            <val val="{ &quot;roleInfoArray := #RelationTypeSupport(java.lang.String, javax.management.relation.RoleInfo[])#1&quot;, &quot;relationTypeName := #RelationTypeSupport(java.lang.String, javax.management.relation.RoleInfo[])#0&quot; }"/>
        </annotation>
    </item>
    <item name='javax.management.relation.Role'>
        <annotation name='com.intellij.inspections.tainted.annotation.equation.Equations'>
            <val val="{ &quot;Role := &quot; }"/>
        </annotation>
    </item>
    <item name='javax.management.relation.Role Role(java.lang.String, java.util.List&lt;javax.management.ObjectName&gt;)'>
        <annotation name='com.intellij.inspections.tainted.annotation.equation.Equations'>
            <val val="{ &quot;roleValue := Role&quot;, &quot;Role := Role&quot;, &quot;roleName := Role &amp; RelationSupport#handleMBeanUnregistrationInt(javax.management.ObjectName, java.lang.String, boolean, javax.management.relation.RelationService)#1&quot; }"/>
        </annotation>
    </item>
    <item name='javax.management.relation.Role java.lang.String getRoleName()'>
        <annotation name='com.intellij.inspections.tainted.annotation.equation.Equations'>
            <val val="{ &quot;getRoleName := Role&quot; }"/>
        </annotation>
    </item>
    <item name='javax.management.relation.Role java.lang.String roleValueToString(java.util.List&lt;javax.management.ObjectName&gt;)'>
        <annotation name='com.intellij.inspections.tainted.annotation.equation.Equations'>
            <val val="{ &quot;roleValue := RelationService#sendRoleUpdateNotification(java.lang.String, javax.management.relation.Role, java.util.List)#2&quot; }"/>
        </annotation>
    </item>
    <item name='javax.management.relation.Role java.util.List&lt;javax.management.ObjectName&gt; getRoleValue()'>
        <annotation name='com.intellij.inspections.tainted.annotation.equation.Equations'>
            <val val="{ &quot;getRoleValue := Role&quot; }"/>
        </annotation>
    </item>
    <item name='javax.management.relation.Role void setRoleName(java.lang.String)'>
        <annotation name='com.intellij.inspections.tainted.annotation.equation.Equations'>
            <val val="{ &quot;roleName := #Role(java.lang.String, java.util.List)#0&quot; }"/>
        </annotation>
    </item>
    <item name='javax.management.relation.Role void setRoleValue(java.util.List&lt;javax.management.ObjectName&gt;)'>
        <annotation name='com.intellij.inspections.tainted.annotation.equation.Equations'>
            <val val="{ &quot;roleValue := #Role(java.lang.String, java.util.List)#1&quot; }"/>
        </annotation>
    </item>
    <item name='javax.management.relation.RoleInfo'>
        <annotation name='com.intellij.inspections.tainted.annotation.equation.Equations'>
            <val val="{ &quot;RoleInfo := &quot; }"/>
        </annotation>
    </item>
    <item name='javax.management.relation.RoleInfo RoleInfo(java.lang.String, java.lang.String)'>
        <annotation name='com.intellij.inspections.tainted.annotation.equation.Equations'>
            <val val="{ &quot;RoleInfo := RoleInfo&quot; }"/>
        </annotation>
    </item>
    <item name='javax.management.relation.RoleInfo RoleInfo(java.lang.String, java.lang.String, boolean, boolean)'>
        <annotation name='com.intellij.inspections.tainted.annotation.equation.Equations'>
            <val val="{ &quot;RoleInfo := RoleInfo&quot; }"/>
        </annotation>
    </item>
    <item name='javax.management.relation.RoleInfo RoleInfo(java.lang.String, java.lang.String, boolean, boolean, int, int, java.lang.String)'>
        <annotation name='com.intellij.inspections.tainted.annotation.equation.Equations'>
            <val val="{ &quot;RoleInfo := RoleInfo&quot; }"/>
        </annotation>
    </item>
    <item name='javax.management.relation.RoleInfo RoleInfo(javax.management.relation.RoleInfo)'>
        <annotation name='com.intellij.inspections.tainted.annotation.equation.Equations'>
            <val val="{ &quot;RoleInfo := RoleInfo&quot;, &quot;roleInfo := RelationTypeSupport#addRoleInfo(javax.management.relation.RoleInfo)#0 &amp; RelationTypeSupport#initMembers(java.lang.String, javax.management.relation.RoleInfo[])#1&quot; }"/>
        </annotation>
    </item>
    <item name='javax.management.relation.RoleInfo int getMaxDegree()'>
        <annotation name='com.intellij.inspections.tainted.annotation.equation.Equations'>
            <val val="{ &quot;getMaxDegree := RoleInfo&quot; }"/>
        </annotation>
    </item>
    <item name='javax.management.relation.RoleInfo int getMinDegree()'>
        <annotation name='com.intellij.inspections.tainted.annotation.equation.Equations'>
            <val val="{ &quot;getMinDegree := RoleInfo&quot; }"/>
        </annotation>
    </item>
    <item name='javax.management.relation.RoleInfo java.lang.String getDescription()'>
        <annotation name='com.intellij.inspections.tainted.annotation.equation.Equations'>
            <val val="{ &quot;getDescription := RoleInfo&quot; }"/>
        </annotation>
    </item>
    <item name='javax.management.relation.RoleInfo java.lang.String getName()'>
        <annotation name='com.intellij.inspections.tainted.annotation.equation.Equations'>
            <val val="{ &quot;getName := RoleInfo&quot; }"/>
        </annotation>
    </item>
    <item name='javax.management.relation.RoleInfo java.lang.String getRefMBeanClassName()'>
        <annotation name='com.intellij.inspections.tainted.annotation.equation.Equations'>
            <val val="{ &quot;getRefMBeanClassName := RoleInfo&quot; }"/>
        </annotation>
    </item>
    <item name='javax.management.relation.RoleInfo void init(java.lang.String, java.lang.String, boolean, boolean, int, int, java.lang.String)'>
        <annotation name='com.intellij.inspections.tainted.annotation.equation.Equations'>
            <val val="{ &quot;min := #RoleInfo(java.lang.String, java.lang.String, boolean, boolean, int, int, java.lang.String)#4&quot;, &quot;roleName := #RoleInfo(java.lang.String, java.lang.String, boolean, boolean, int, int, java.lang.String)#0 &amp; #RoleInfo(java.lang.String, java.lang.String, boolean, boolean)#0 &amp; #RoleInfo(java.lang.String, java.lang.String)#0&quot;, &quot;descr := #RoleInfo(java.lang.String, java.lang.String, boolean, boolean, int, int, java.lang.String)#6&quot;, &quot;max := #RoleInfo(java.lang.String, java.lang.String, boolean, boolean, int, int, java.lang.String)#5&quot;, &quot;mbeanClassName := #RoleInfo(java.lang.String, java.lang.String, boolean, boolean, int, int, java.lang.String)#1 &amp; #RoleInfo(java.lang.String, java.lang.String, boolean, boolean)#1 &amp; #RoleInfo(java.lang.String, java.lang.String)#1&quot; }"/>
        </annotation>
    </item>
    <item name='javax.management.relation.RoleInfoNotFoundException RoleInfoNotFoundException(java.lang.String)'>
        <annotation name='com.intellij.inspections.tainted.annotation.equation.Equations'>
            <val val="{ &quot;RoleInfoNotFoundException := RoleInfoNotFoundException&quot; }"/>
        </annotation>
    </item>
    <item name='javax.management.relation.RoleList'>
        <annotation name='com.intellij.inspections.tainted.annotation.equation.Equations'>
            <val val="{ &quot;RoleList := #add(int, java.lang.Object)#1 &amp; #addAll(int, java.util.Collection)#1 &amp; #addAll(java.util.Collection)#0 &amp; #add(java.lang.Object)#0&quot; }"/>
        </annotation>
    </item>
    <item name='javax.management.relation.RoleList RoleList()'>
        <annotation name='com.intellij.inspections.tainted.annotation.equation.Equations'>
            <val val="{ &quot;RoleList := RoleList&quot; }"/>
        </annotation>
    </item>
    <item name='javax.management.relation.RoleList RoleList(int)'>
        <annotation name='com.intellij.inspections.tainted.annotation.equation.Equations'>
            <val val="{ &quot;RoleList := RoleList&quot; }"/>
        </annotation>
    </item>
    <item name='javax.management.relation.RoleList RoleList(java.util.List&lt;javax.management.relation.Role&gt;)'>
        <annotation name='com.intellij.inspections.tainted.annotation.equation.Equations'>
            <val val="{ &quot;RoleList := RoleList&quot; }"/>
        </annotation>
    </item>
    <item name='javax.management.relation.RoleList boolean isTainted(java.lang.Object)'>
        <annotation name='com.intellij.inspections.tainted.annotation.equation.Equations'>
            <val val="{ &quot;o := #add(int, java.lang.Object)#1 &amp; #add(java.lang.Object)#0 &amp; #set(int, java.lang.Object)#1&quot; }"/>
        </annotation>
    </item>
    <item name='javax.management.relation.RoleList boolean isTainted(java.util.Collection&lt;?&gt;)'>
        <annotation name='com.intellij.inspections.tainted.annotation.equation.Equations'>
            <val val="{ &quot;c := #addAll(int, java.util.Collection)#1 &amp; #addAll(java.util.Collection)#0&quot; }"/>
        </annotation>
    </item>
    <item name='javax.management.relation.RoleList void checkTypeSafe(java.lang.Object)'>
        <annotation name='com.intellij.inspections.tainted.annotation.equation.Equations'>
            <val val="{ &quot;o := #add(int, java.lang.Object)#1 &amp; #add(java.lang.Object)#0 &amp; #set(int, java.lang.Object)#1 &amp; #isTainted(java.lang.Object)#0&quot; }"/>
        </annotation>
    </item>
    <item name='javax.management.relation.RoleList void checkTypeSafe(java.util.Collection&lt;?&gt;)'>
        <annotation name='com.intellij.inspections.tainted.annotation.equation.Equations'>
            <val val="{ &quot;c := #addAll(int, java.util.Collection)#1 &amp; #addAll(java.util.Collection)#0 &amp; #RoleList(java.util.List)#0 &amp; RoleList &amp; #isTainted(java.util.Collection)#0&quot; }"/>
        </annotation>
    </item>
    <item name='javax.management.relation.RoleNotFoundException RoleNotFoundException(java.lang.String)'>
        <annotation name='com.intellij.inspections.tainted.annotation.equation.Equations'>
            <val val="{ &quot;RoleNotFoundException := RoleNotFoundException&quot; }"/>
        </annotation>
    </item>
    <item name='javax.management.relation.RoleResult'>
        <annotation name='com.intellij.inspections.tainted.annotation.equation.Equations'>
            <val val="{ &quot;RoleResult := &quot; }"/>
        </annotation>
    </item>
    <item name='javax.management.relation.RoleResult RoleResult(javax.management.relation.RoleList, javax.management.relation.RoleUnresolvedList)'>
        <annotation name='com.intellij.inspections.tainted.annotation.equation.Equations'>
            <val val="{ &quot;RoleResult := RoleResult&quot; }"/>
        </annotation>
    </item>
    <item name='javax.management.relation.RoleResult javax.management.relation.RoleList getRoles()'>
        <annotation name='com.intellij.inspections.tainted.annotation.equation.Equations'>
            <val val="{ &quot;getRoles := RoleResult&quot; }"/>
        </annotation>
    </item>
    <item name='javax.management.relation.RoleResult javax.management.relation.RoleUnresolvedList getRolesUnresolved()'>
        <annotation name='com.intellij.inspections.tainted.annotation.equation.Equations'>
            <val val="{ &quot;getRolesUnresolved := RoleResult&quot; }"/>
        </annotation>
    </item>
    <item name='javax.management.relation.RoleResult void setRoles(javax.management.relation.RoleList)'>
        <annotation name='com.intellij.inspections.tainted.annotation.equation.Equations'>
            <val val="{ &quot;list := #RoleResult(javax.management.relation.RoleList, javax.management.relation.RoleUnresolvedList)#0&quot; }"/>
        </annotation>
    </item>
    <item name='javax.management.relation.RoleResult void setRolesUnresolved(javax.management.relation.RoleUnresolvedList)'>
        <annotation name='com.intellij.inspections.tainted.annotation.equation.Equations'>
            <val val="{ &quot;unresolvedList := #RoleResult(javax.management.relation.RoleList, javax.management.relation.RoleUnresolvedList)#1&quot; }"/>
        </annotation>
    </item>
    <item name='javax.management.relation.RoleUnresolved'>
        <annotation name='com.intellij.inspections.tainted.annotation.equation.Equations'>
            <val val="{ &quot;RoleUnresolved := &quot; }"/>
        </annotation>
    </item>
    <item name='javax.management.relation.RoleUnresolved RoleUnresolved(java.lang.String, java.util.List&lt;javax.management.ObjectName&gt;, int)'>
        <annotation name='com.intellij.inspections.tainted.annotation.equation.Equations'>
            <val val="{ &quot;value := RoleUnresolved&quot;, &quot;RoleUnresolved := RoleUnresolved&quot;, &quot;pbType := RoleUnresolved &amp; RoleStatus#NO_ROLE_WITH_NAME&quot;, &quot;name := RoleUnresolved &amp; RelationSupport#getRoleInt(java.lang.String, boolean, javax.management.relation.RelationService, boolean)#0&quot; }"/>
        </annotation>
    </item>
    <item name='javax.management.relation.RoleUnresolved int getProblemType()'>
        <annotation name='com.intellij.inspections.tainted.annotation.equation.Equations'>
            <val val="{ &quot;getProblemType := RoleUnresolved&quot; }"/>
        </annotation>
    </item>
    <item name='javax.management.relation.RoleUnresolved java.lang.String getRoleName()'>
        <annotation name='com.intellij.inspections.tainted.annotation.equation.Equations'>
            <val val="{ &quot;getRoleName := RoleUnresolved&quot; }"/>
        </annotation>
    </item>
    <item name='javax.management.relation.RoleUnresolved java.util.List&lt;javax.management.ObjectName&gt; getRoleValue()'>
        <annotation name='com.intellij.inspections.tainted.annotation.equation.Equations'>
            <val val="{ &quot;getRoleValue := RoleUnresolved&quot; }"/>
        </annotation>
    </item>
    <item name='javax.management.relation.RoleUnresolved void setProblemType(int)'>
        <annotation name='com.intellij.inspections.tainted.annotation.equation.Equations'>
            <val val="{ &quot;pbType := #RoleUnresolved(java.lang.String, java.util.List, int)#2&quot; }"/>
        </annotation>
    </item>
    <item name='javax.management.relation.RoleUnresolved void setRoleName(java.lang.String)'>
        <annotation name='com.intellij.inspections.tainted.annotation.equation.Equations'>
            <val val="{ &quot;name := #RoleUnresolved(java.lang.String, java.util.List, int)#0&quot; }"/>
        </annotation>
    </item>
    <item name='javax.management.relation.RoleUnresolved void setRoleValue(java.util.List&lt;javax.management.ObjectName&gt;)'>
        <annotation name='com.intellij.inspections.tainted.annotation.equation.Equations'>
            <val val="{ &quot;value := #RoleUnresolved(java.lang.String, java.util.List, int)#1&quot; }"/>
        </annotation>
    </item>
    <item name='javax.management.relation.RoleUnresolvedList'>
        <annotation name='com.intellij.inspections.tainted.annotation.equation.Equations'>
            <val val="{ &quot;RoleUnresolvedList := #add(int, java.lang.Object)#1 &amp; #addAll(int, java.util.Collection)#1 &amp; #addAll(java.util.Collection)#0 &amp; #add(java.lang.Object)#0&quot; }"/>
        </annotation>
    </item>
    <item name='javax.management.relation.RoleUnresolvedList RoleUnresolvedList()'>
        <annotation name='com.intellij.inspections.tainted.annotation.equation.Equations'>
            <val val="{ &quot;RoleUnresolvedList := RoleUnresolvedList&quot; }"/>
        </annotation>
    </item>
    <item name='javax.management.relation.RoleUnresolvedList RoleUnresolvedList(int)'>
        <annotation name='com.intellij.inspections.tainted.annotation.equation.Equations'>
            <val val="{ &quot;RoleUnresolvedList := RoleUnresolvedList&quot; }"/>
        </annotation>
    </item>
    <item name='javax.management.relation.RoleUnresolvedList RoleUnresolvedList(java.util.List&lt;javax.management.relation.RoleUnresolved&gt;)'>
        <annotation name='com.intellij.inspections.tainted.annotation.equation.Equations'>
            <val val="{ &quot;RoleUnresolvedList := RoleUnresolvedList&quot; }"/>
        </annotation>
    </item>
    <item name='javax.management.relation.RoleUnresolvedList boolean isTainted(java.lang.Object)'>
        <annotation name='com.intellij.inspections.tainted.annotation.equation.Equations'>
            <val val="{ &quot;o := #add(int, java.lang.Object)#1 &amp; #add(java.lang.Object)#0 &amp; #set(int, java.lang.Object)#1&quot; }"/>
        </annotation>
    </item>
    <item name='javax.management.relation.RoleUnresolvedList boolean isTainted(java.util.Collection&lt;?&gt;)'>
        <annotation name='com.intellij.inspections.tainted.annotation.equation.Equations'>
            <val val="{ &quot;c := #addAll(int, java.util.Collection)#1 &amp; #addAll(java.util.Collection)#0&quot; }"/>
        </annotation>
    </item>
    <item name='javax.management.relation.RoleUnresolvedList void checkTypeSafe(java.lang.Object)'>
        <annotation name='com.intellij.inspections.tainted.annotation.equation.Equations'>
            <val val="{ &quot;o := #add(int, java.lang.Object)#1 &amp; #add(java.lang.Object)#0 &amp; #set(int, java.lang.Object)#1 &amp; #isTainted(java.lang.Object)#0&quot; }"/>
        </annotation>
    </item>
    <item name='javax.management.relation.RoleUnresolvedList void checkTypeSafe(java.util.Collection&lt;?&gt;)'>
        <annotation name='com.intellij.inspections.tainted.annotation.equation.Equations'>
            <val val="{ &quot;c := #addAll(int, java.util.Collection)#1 &amp; #addAll(java.util.Collection)#0 &amp; #RoleUnresolvedList(java.util.List)#0 &amp; RoleUnresolvedList &amp; #isTainted(java.util.Collection)#0&quot; }"/>
        </annotation>
    </item>
</root>