<root>
    <item name='javax.security.cert.CertificateEncodingException CertificateEncodingException(java.lang.String)'>
        <annotation name='com.intellij.inspections.tainted.annotation.equation.Equations'>
            <val val="{ &quot;CertificateEncodingException := CertificateEncodingException&quot; }"/>
        </annotation>
    </item>
    <item name='javax.security.cert.CertificateException CertificateException(java.lang.String)'>
        <annotation name='com.intellij.inspections.tainted.annotation.equation.Equations'>
            <val val="{ &quot;CertificateException := CertificateException&quot;, &quot;msg := CertificateExpiredException#CertificateExpiredException(java.lang.String)#0 &amp; CertificateParsingException#CertificateParsingException(java.lang.String)#0 &amp; CertificateEncodingException#CertificateEncodingException(java.lang.String)#0 &amp; CertificateNotYetValidException#CertificateNotYetValidException(java.lang.String)#0&quot; }"/>
        </annotation>
    </item>
    <item name='javax.security.cert.CertificateExpiredException CertificateExpiredException(java.lang.String)'>
        <annotation name='com.intellij.inspections.tainted.annotation.equation.Equations'>
            <val val="{ &quot;CertificateExpiredException := CertificateExpiredException&quot; }"/>
        </annotation>
    </item>
    <item name='javax.security.cert.CertificateNotYetValidException CertificateNotYetValidException(java.lang.String)'>
        <annotation name='com.intellij.inspections.tainted.annotation.equation.Equations'>
            <val val="{ &quot;CertificateNotYetValidException := CertificateNotYetValidException&quot; }"/>
        </annotation>
    </item>
    <item name='javax.security.cert.CertificateParsingException CertificateParsingException(java.lang.String)'>
        <annotation name='com.intellij.inspections.tainted.annotation.equation.Equations'>
            <val val="{ &quot;CertificateParsingException := CertificateParsingException&quot; }"/>
        </annotation>
    </item>
    <item name='javax.security.cert.X509Certificate'>
        <annotation name='com.intellij.inspections.tainted.annotation.equation.Equations'>
            <val val="{ &quot;X509Certificate := &quot; }"/>
        </annotation>
    </item>
    <item name='javax.security.cert.X509Certificate javax.security.cert.X509Certificate getInst(java.lang.Object)'>
        <annotation name='com.intellij.inspections.tainted.annotation.equation.Equations'>
            <val val="{ &quot;value := #getInstance(java.io.InputStream)#0 &amp; #getInstance(byte[])#0&quot; }"/>
        </annotation>
    </item>
</root>