<root>
    <item name='java.nio.file.spi.FileSystemProvider boolean isHidden(java.nio.file.Path)'>
        <annotation name='com.intellij.inspections.tainted.annotation.equation.Equations'>
            <val val="{ &quot;path := java.nio.file.Files#isHidden(java.nio.file.Path)#0&quot; }"/>
        </annotation>
    </item>
    <item name='java.nio.file.spi.FileSystemProvider java.io.InputStream newInputStream(java.nio.file.Path, java.nio.file.OpenOption...)'>
        <annotation name='com.intellij.inspections.tainted.annotation.equation.Equations'>
            <val val="{ &quot;path := java.nio.file.Files#newInputStream(java.nio.file.Path, java.nio.file.OpenOption...)#0&quot;, &quot;options := java.nio.file.Files#newInputStream(java.nio.file.Path, java.nio.file.OpenOption...)#1&quot; }"/>
        </annotation>
    </item>
    <item name='java.nio.file.spi.FileSystemProvider void checkAccess(java.nio.file.Path, java.nio.file.AccessMode...)'>
        <annotation name='com.intellij.inspections.tainted.annotation.equation.Equations'>
            <val val="{ &quot;path := java.nio.file.Files#notExists(java.nio.file.Path, java.nio.file.LinkOption...)#0 &amp; java.nio.file.Files#exists(java.nio.file.Path, java.nio.file.LinkOption...)#0 &amp; java.nio.file.Files#isAccessible(java.nio.file.Path, java.nio.file.AccessMode...)#0&quot;, &quot;modes := java.nio.file.Files#isAccessible(java.nio.file.Path, java.nio.file.AccessMode...)#1&quot; }"/>
        </annotation>
    </item>
</root>