<root>
    <item name='sun.awt.im.InputContext'>
        <annotation name='com.intellij.inspections.tainted.annotation.equation.Equations'>
            <val val="{ &quot;InputContext := InputMethodContext&quot; }"/>
        </annotation>
    </item>
    <item name='sun.awt.im.InputContext void dispatchEvent(java.awt.AWTEvent)'>
        <annotation name='com.intellij.inspections.tainted.annotation.equation.Equations'>
            <val val="{ &quot;awtEvent := InputMethodContext#dispatchEvent(java.awt.AWTEvent)#0&quot; }"/>
        </annotation>
    </item>
    <item name='sun.awt.im.InputContext void enableClientWindowNotification(java.awt.im.spi.InputMethod, boolean)'>
        <annotation name='com.intellij.inspections.tainted.annotation.equation.Equations'>
            <val val="{ &quot;inputMethod := InputMethodContext#enableClientWindowNotification(java.awt.im.spi.InputMethod, boolean)#0&quot; }"/>
        </annotation>
    </item>
    <item name='sun.awt.im.InputMethodManager'>
        <annotation name='com.intellij.inspections.tainted.annotation.equation.Equations'>
            <val val="{ &quot;InputMethodManager := ExecutableInputMethodManager&quot; }"/>
        </annotation>
    </item>
    <item name='sun.awt.im.InputMethodManager java.lang.String getTriggerMenuString()'>
        <annotation name='com.intellij.inspections.tainted.annotation.equation.Equations'>
            <val val="{ &quot;getTriggerMenuString := ExecutableInputMethodManager#getTriggerMenuString()&quot; }"/>
        </annotation>
    </item>
    <item name='sun.awt.im.InputMethodManager java.util.Locale getDefaultKeyboardLocale()'>
        <annotation name='com.intellij.inspections.tainted.annotation.equation.Equations'>
            <val val="{ &quot;getDefaultKeyboardLocale := ExecutableInputMethodManager#getDefaultKeyboardLocale()&quot; }"/>
        </annotation>
    </item>
    <item name='sun.awt.im.InputMethodManager sun.awt.im.InputMethodLocator findInputMethod(java.util.Locale)'>
        <annotation name='com.intellij.inspections.tainted.annotation.equation.Equations'>
            <val val="{ &quot;findInputMethod := ExecutableInputMethodManager#findInputMethod(java.util.Locale)&quot;, &quot;locale := ExecutableInputMethodManager#findInputMethod(java.util.Locale)#0&quot; }"/>
        </annotation>
    </item>
    <item name='sun.awt.im.InputMethodManager void notifyChangeRequest(java.awt.Component)'>
        <annotation name='com.intellij.inspections.tainted.annotation.equation.Equations'>
            <val val="{ &quot;component := ExecutableInputMethodManager#notifyChangeRequest(java.awt.Component)#0&quot; }"/>
        </annotation>
    </item>
    <item name='sun.awt.im.InputMethodManager void notifyChangeRequestByHotKey(java.awt.Component)'>
        <annotation name='com.intellij.inspections.tainted.annotation.equation.Equations'>
            <val val="{ &quot;component := ExecutableInputMethodManager#notifyChangeRequestByHotKey(java.awt.Component)#0&quot; }"/>
        </annotation>
    </item>
    <item name='sun.awt.im.InputMethodManager void setInputContext(sun.awt.im.InputContext)'>
        <annotation name='com.intellij.inspections.tainted.annotation.equation.Equations'>
            <val val="{ &quot;inputContext := ExecutableInputMethodManager#setInputContext(sun.awt.im.InputContext)#0&quot; }"/>
        </annotation>
    </item>
    <item name='sun.awt.im.InputMethodPopupMenu'>
        <annotation name='com.intellij.inspections.tainted.annotation.equation.Equations'>
            <val val="{ &quot;InputMethodPopupMenu := AWTInputMethodPopupMenu &amp; JInputMethodPopupMenu&quot; }"/>
        </annotation>
    </item>
    <item name='sun.awt.im.InputMethodPopupMenu java.lang.Object createSubmenu(java.lang.String)'>
        <annotation name='com.intellij.inspections.tainted.annotation.equation.Equations'>
            <val val="{ &quot;s := AWTInputMethodPopupMenu#createSubmenu(java.lang.String)#0 &amp; JInputMethodPopupMenu#createSubmenu(java.lang.String)#0&quot;, &quot;createSubmenu := AWTInputMethodPopupMenu#createSubmenu(java.lang.String) &amp; JInputMethodPopupMenu#createSubmenu(java.lang.String)&quot; }"/>
        </annotation>
    </item>
    <item name='sun.awt.im.InputMethodPopupMenu void add(java.lang.Object)'>
        <annotation name='com.intellij.inspections.tainted.annotation.equation.Equations'>
            <val val="{ &quot;o := AWTInputMethodPopupMenu#add(java.lang.Object)#0 &amp; JInputMethodPopupMenu#add(java.lang.Object)#0&quot; }"/>
        </annotation>
    </item>
    <item name='sun.awt.im.InputMethodPopupMenu void addMenuItem(java.lang.Object, java.lang.String, java.lang.String, java.lang.String)'>
        <annotation name='com.intellij.inspections.tainted.annotation.equation.Equations'>
            <val val="{ &quot;o := AWTInputMethodPopupMenu#addMenuItem(java.lang.Object, java.lang.String, java.lang.String, java.lang.String)#0 &amp; JInputMethodPopupMenu#addMenuItem(java.lang.Object, java.lang.String, java.lang.String, java.lang.String)#0&quot;, &quot;s := AWTInputMethodPopupMenu#addMenuItem(java.lang.Object, java.lang.String, java.lang.String, java.lang.String)#1 &amp; JInputMethodPopupMenu#addMenuItem(java.lang.Object, java.lang.String, java.lang.String, java.lang.String)#1&quot;, &quot;s2 := AWTInputMethodPopupMenu#addMenuItem(java.lang.Object, java.lang.String, java.lang.String, java.lang.String)#3 &amp; JInputMethodPopupMenu#addMenuItem(java.lang.Object, java.lang.String, java.lang.String, java.lang.String)#3&quot;, &quot;s1 := AWTInputMethodPopupMenu#addMenuItem(java.lang.Object, java.lang.String, java.lang.String, java.lang.String)#2 &amp; JInputMethodPopupMenu#addMenuItem(java.lang.Object, java.lang.String, java.lang.String, java.lang.String)#2&quot; }"/>
        </annotation>
    </item>
    <item name='sun.awt.im.InputMethodPopupMenu void addMenuItem(java.lang.String, java.lang.String, java.lang.String)'>
        <annotation name='com.intellij.inspections.tainted.annotation.equation.Equations'>
            <val val="{ &quot;s2 := AWTInputMethodPopupMenu#addMenuItem(java.lang.String, java.lang.String, java.lang.String)#2 &amp; JInputMethodPopupMenu#addMenuItem(java.lang.String, java.lang.String, java.lang.String)#2&quot;, &quot;s := AWTInputMethodPopupMenu#addMenuItem(java.lang.String, java.lang.String, java.lang.String)#0 &amp; JInputMethodPopupMenu#addMenuItem(java.lang.String, java.lang.String, java.lang.String)#0&quot;, &quot;s1 := AWTInputMethodPopupMenu#addMenuItem(java.lang.String, java.lang.String, java.lang.String)#1 &amp; JInputMethodPopupMenu#addMenuItem(java.lang.String, java.lang.String, java.lang.String)#1&quot; }"/>
        </annotation>
    </item>
    <item name='sun.awt.im.InputMethodPopupMenu void addToComponent(java.awt.Component)'>
        <annotation name='com.intellij.inspections.tainted.annotation.equation.Equations'>
            <val val="{ &quot;component := AWTInputMethodPopupMenu#addToComponent(java.awt.Component)#0 &amp; JInputMethodPopupMenu#addToComponent(java.awt.Component)#0&quot; }"/>
        </annotation>
    </item>
    <item name='sun.awt.im.InputMethodPopupMenu void show(java.awt.Component, int, int)'>
        <annotation name='com.intellij.inspections.tainted.annotation.equation.Equations'>
            <val val="{ &quot;component := AWTInputMethodPopupMenu#show(java.awt.Component, int, int)#0 &amp; JInputMethodPopupMenu#show(java.awt.Component, int, int)#0&quot;, &quot;i1 := AWTInputMethodPopupMenu#show(java.awt.Component, int, int)#2 &amp; JInputMethodPopupMenu#show(java.awt.Component, int, int)#2&quot;, &quot;i := AWTInputMethodPopupMenu#show(java.awt.Component, int, int)#1 &amp; JInputMethodPopupMenu#show(java.awt.Component, int, int)#1&quot; }"/>
        </annotation>
    </item>
    <item name='sun.awt.im.InputMethodWindow void setInputContext(sun.awt.im.InputContext)'>
        <annotation name='com.intellij.inspections.tainted.annotation.equation.Equations'>
            <val val="{ &quot;inputContext := SimpleInputMethodWindow#setInputContext(sun.awt.im.InputContext)#0 &amp; InputMethodJFrame#setInputContext(sun.awt.im.InputContext)#0&quot; }"/>
        </annotation>
    </item>
</root>