<root>
    <item name='java.rmi.AccessException AccessException(java.lang.String)'>
        <annotation name='com.intellij.inspections.tainted.annotation.equation.Equations'>
            <val val="{ &quot;AccessException := AccessException&quot; }"/>
        </annotation>
    </item>
    <item name='java.rmi.AccessException AccessException(java.lang.String, java.lang.Exception)'>
        <annotation name='com.intellij.inspections.tainted.annotation.equation.Equations'>
            <val val="{ &quot;AccessException := AccessException&quot;, &quot;ex := com.sun.corba.se.impl.javax.rmi.CORBA.Util#mapSystemException(org.omg.CORBA.SystemException)#0&quot; }"/>
        </annotation>
    </item>
    <item name='java.rmi.AlreadyBoundException AlreadyBoundException(java.lang.String)'>
        <annotation name='com.intellij.inspections.tainted.annotation.equation.Equations'>
            <val val="{ &quot;AlreadyBoundException := AlreadyBoundException&quot; }"/>
        </annotation>
    </item>
    <item name='java.rmi.ConnectException ConnectException(java.lang.String)'>
        <annotation name='com.intellij.inspections.tainted.annotation.equation.Equations'>
            <val val="{ &quot;ConnectException := ConnectException&quot; }"/>
        </annotation>
    </item>
    <item name='java.rmi.ConnectException ConnectException(java.lang.String, java.lang.Exception)'>
        <annotation name='com.intellij.inspections.tainted.annotation.equation.Equations'>
            <val val="{ &quot;ConnectException := ConnectException&quot; }"/>
        </annotation>
    </item>
    <item name='java.rmi.ConnectIOException ConnectIOException(java.lang.String)'>
        <annotation name='com.intellij.inspections.tainted.annotation.equation.Equations'>
            <val val="{ &quot;ConnectIOException := ConnectIOException&quot; }"/>
        </annotation>
    </item>
    <item name='java.rmi.ConnectIOException ConnectIOException(java.lang.String, java.lang.Exception)'>
        <annotation name='com.intellij.inspections.tainted.annotation.equation.Equations'>
            <val val="{ &quot;ConnectIOException := ConnectIOException&quot; }"/>
        </annotation>
    </item>
    <item name='java.rmi.MarshalException MarshalException(java.lang.String)'>
        <annotation name='com.intellij.inspections.tainted.annotation.equation.Equations'>
            <val val="{ &quot;MarshalException := MarshalException&quot; }"/>
        </annotation>
    </item>
    <item name='java.rmi.MarshalException MarshalException(java.lang.String, java.lang.Exception)'>
        <annotation name='com.intellij.inspections.tainted.annotation.equation.Equations'>
            <val val="{ &quot;MarshalException := MarshalException&quot;, &quot;ex := com.sun.corba.se.impl.javax.rmi.CORBA.Util#mapSystemException(org.omg.CORBA.SystemException)#0&quot; }"/>
        </annotation>
    </item>
    <item name='java.rmi.MarshalledObject'>
        <annotation name='com.intellij.inspections.tainted.annotation.equation.Equations'>
            <val val="{ &quot;MarshalledObject := &quot; }"/>
        </annotation>
    </item>
    <item name='java.rmi.MarshalledObject MarshalledObject(T)'>
        <annotation name='com.intellij.inspections.tainted.annotation.equation.Equations'>
            <val val="{ &quot;MarshalledObject := MarshalledObject&quot;, &quot;obj := javax.management.remote.rmi.RMIConnector.RemoteMBeanServerConnection#setAttribute(javax.management.ObjectName, javax.management.Attribute)#1 &amp; javax.management.remote.rmi.RMIConnector.RemoteMBeanServerConnection#addNotificationListener(javax.management.ObjectName, javax.management.ObjectName, javax.management.NotificationFilter, java.lang.Object)#2 &amp; javax.management.remote.rmi.RMIConnector.RemoteMBeanServerConnection#addNotificationListener(javax.management.ObjectName, javax.management.ObjectName, javax.management.NotificationFilter, java.lang.Object)#3 &amp; javax.management.remote.rmi.RMIConnector.RemoteMBeanServerConnection#removeNotificationListener(javax.management.ObjectName, javax.management.ObjectName, javax.management.NotificationFilter, java.lang.Object)#2 &amp; javax.management.remote.rmi.RMIConnector.RemoteMBeanServerConnection#removeNotificationListener(javax.management.ObjectName, javax.management.ObjectName, javax.management.NotificationFilter, java.lang.Object)#3 &amp; javax.management.remote.rmi.RMIConnector.RemoteMBeanServerConnection#addNotificationListener(javax.management.ObjectName, javax.management.NotificationListener, javax.management.NotificationFilter, java.lang.Object)#2 &amp; javax.management.remote.rmi.RMIConnector.RemoteMBeanServerConnection#createMBean(java.lang.String, javax.management.ObjectName, java.lang.Object[], java.lang.String[])#2 &amp; javax.management.remote.rmi.RMIConnector.RemoteMBeanServerConnection#createMBean(java.lang.String, javax.management.ObjectName, javax.management.ObjectName, java.lang.Object[], java.lang.String[])#3 &amp; javax.management.remote.rmi.RMIConnector.RemoteMBeanServerConnection#queryMBeans(javax.management.ObjectName, javax.management.QueryExp)#1 &amp; javax.management.remote.rmi.RMIConnector.RemoteMBeanServerConnection#queryNames(javax.management.ObjectName, javax.management.QueryExp)#1 &amp; javax.management.remote.rmi.RMIConnector.RemoteMBeanServerConnection#setAttributes(javax.management.ObjectName, javax.management.AttributeList)#1 &amp; javax.management.remote.rmi.RMIConnector.RemoteMBeanServerConnection#invoke(javax.management.ObjectName, java.lang.String, java.lang.Object[], java.lang.String[])#2&quot; }"/>
        </annotation>
    </item>
    <item name='java.rmi.MarshalledObject int hashCode()'>
        <annotation name='com.intellij.inspections.tainted.annotation.equation.Equations'>
            <val val="{ &quot;hashCode := MarshalledObject&quot; }"/>
        </annotation>
    </item>
    <item name='java.rmi.MarshalledObject.MarshalledObjectInputStream MarshalledObjectInputStream(java.io.InputStream, java.io.InputStream, sun.misc.ObjectInputFilter)'>
        <annotation name='com.intellij.inspections.tainted.annotation.equation.Equations'>
            <val val="{ &quot;MarshalledObjectInputStream := MarshalledObject.MarshalledObjectInputStream&quot;, &quot;filter := MarshalledObject&quot; }"/>
        </annotation>
    </item>
    <item name='java.rmi.MarshalledObject.MarshalledObjectOutputStream'>
        <annotation name='com.intellij.inspections.tainted.annotation.equation.Equations'>
            <val val="{ &quot;MarshalledObjectOutputStream := #writeLocation(java.lang.String)#0&quot; }"/>
        </annotation>
    </item>
    <item name='java.rmi.MarshalledObject.MarshalledObjectOutputStream MarshalledObjectOutputStream(java.io.OutputStream, java.io.OutputStream)'>
        <annotation name='com.intellij.inspections.tainted.annotation.equation.Equations'>
            <val val="{ &quot;MarshalledObjectOutputStream := MarshalledObject.MarshalledObjectOutputStream&quot; }"/>
        </annotation>
    </item>
    <item name='java.rmi.Naming java.rmi.Naming.ParsedNamingURL intParseURL(java.lang.String)'>
        <annotation name='com.intellij.inspections.tainted.annotation.equation.Equations'>
            <val val="{ &quot;str := #parseURL(java.lang.String)#0&quot; }"/>
        </annotation>
    </item>
    <item name='java.rmi.Naming java.rmi.Naming.ParsedNamingURL parseURL(java.lang.String)'>
        <annotation name='com.intellij.inspections.tainted.annotation.equation.Equations'>
            <val val="{ &quot;str := #lookup(java.lang.String)#0 &amp; #bind(java.lang.String, java.rmi.Remote)#0 &amp; #unbind(java.lang.String)#0 &amp; #rebind(java.lang.String, java.rmi.Remote)#0 &amp; #list(java.lang.String)#0&quot; }"/>
        </annotation>
    </item>
    <item name='java.rmi.Naming java.rmi.registry.Registry getRegistry(java.rmi.Naming.ParsedNamingURL)'>
        <annotation name='com.intellij.inspections.tainted.annotation.equation.Equations'>
            <val val="{ &quot;parsed := &quot; }"/>
        </annotation>
    </item>
    <item name='java.rmi.NoSuchObjectException NoSuchObjectException(java.lang.String)'>
        <annotation name='com.intellij.inspections.tainted.annotation.equation.Equations'>
            <val val="{ &quot;NoSuchObjectException := NoSuchObjectException&quot; }"/>
        </annotation>
    </item>
    <item name='java.rmi.NotBoundException NotBoundException(java.lang.String)'>
        <annotation name='com.intellij.inspections.tainted.annotation.equation.Equations'>
            <val val="{ &quot;NotBoundException := NotBoundException&quot; }"/>
        </annotation>
    </item>
    <item name='java.rmi.RMISecurityException RMISecurityException(java.lang.String)'>
        <annotation name='com.intellij.inspections.tainted.annotation.equation.Equations'>
            <val val="{ &quot;name := #RMISecurityException(java.lang.String, java.lang.String)#0&quot;, &quot;RMISecurityException := RMISecurityException&quot; }"/>
        </annotation>
    </item>
    <item name='java.rmi.RMISecurityException RMISecurityException(java.lang.String, java.lang.String)'>
        <annotation name='com.intellij.inspections.tainted.annotation.equation.Equations'>
            <val val="{ &quot;RMISecurityException := RMISecurityException&quot; }"/>
        </annotation>
    </item>
    <item name='java.rmi.RMISecurityManager RMISecurityManager()'>
        <annotation name='com.intellij.inspections.tainted.annotation.equation.Equations'>
            <val val="{ &quot;RMISecurityManager := RMISecurityManager&quot; }"/>
        </annotation>
    </item>
    <item name='java.rmi.RemoteException RemoteException()'>
        <annotation name='com.intellij.inspections.tainted.annotation.equation.Equations'>
            <val val="{ &quot;RemoteException := RemoteException&quot; }"/>
        </annotation>
    </item>
    <item name='java.rmi.RemoteException RemoteException(java.lang.String)'>
        <annotation name='com.intellij.inspections.tainted.annotation.equation.Equations'>
            <val val="{ &quot;RemoteException := RemoteException&quot;, &quot;s := java.rmi.server.ExportException#ExportException(java.lang.String)#0 &amp; java.rmi.server.SkeletonMismatchException#SkeletonMismatchException(java.lang.String)#0 &amp; java.rmi.server.SkeletonNotFoundException#SkeletonNotFoundException(java.lang.String)#0 &amp; java.rmi.activation.ActivateFailedException#ActivateFailedException(java.lang.String)#0 &amp; AccessException#AccessException(java.lang.String)#0 &amp; ServerException#ServerException(java.lang.String)#0 &amp; MarshalException#MarshalException(java.lang.String)#0 &amp; ConnectException#ConnectException(java.lang.String)#0 &amp; ConnectIOException#ConnectIOException(java.lang.String)#0 &amp; UnmarshalException#UnmarshalException(java.lang.String)#0 &amp; UnexpectedException#UnexpectedException(java.lang.String)#0 &amp; UnknownHostException#UnknownHostException(java.lang.String)#0 &amp; NoSuchObjectException#NoSuchObjectException(java.lang.String)#0 &amp; StubNotFoundException#StubNotFoundException(java.lang.String)#0&quot; }"/>
        </annotation>
    </item>
    <item name='java.rmi.RemoteException RemoteException(java.lang.String, java.lang.Throwable)'>
        <annotation name='com.intellij.inspections.tainted.annotation.equation.Equations'>
            <val val="{ &quot;cause := com.sun.corba.se.impl.javax.rmi.CORBA.Util#mapSystemException(org.omg.CORBA.SystemException)#0 &amp; java.rmi.server.ExportException#ExportException(java.lang.String, java.lang.Exception)#1 &amp; java.rmi.server.SkeletonNotFoundException#SkeletonNotFoundException(java.lang.String, java.lang.Exception)#1 &amp; java.rmi.activation.ActivateFailedException#ActivateFailedException(java.lang.String, java.lang.Exception)#1 &amp; ServerError#ServerError(java.lang.String, java.lang.Error)#1 &amp; AccessException#AccessException(java.lang.String, java.lang.Exception)#1 &amp; ServerException#ServerException(java.lang.String, java.lang.Exception)#1 &amp; MarshalException#MarshalException(java.lang.String, java.lang.Exception)#1 &amp; ConnectException#ConnectException(java.lang.String, java.lang.Exception)#1 &amp; ConnectIOException#ConnectIOException(java.lang.String, java.lang.Exception)#1 &amp; UnmarshalException#UnmarshalException(java.lang.String, java.lang.Exception)#1 &amp; UnexpectedException#UnexpectedException(java.lang.String, java.lang.Exception)#1 &amp; UnknownHostException#UnknownHostException(java.lang.String, java.lang.Exception)#1 &amp; StubNotFoundException#StubNotFoundException(java.lang.String, java.lang.Exception)#1 &amp; ServerRuntimeException#ServerRuntimeException(java.lang.String, java.lang.Exception)#1&quot;, &quot;s := java.rmi.server.ExportException#ExportException(java.lang.String, java.lang.Exception)#0 &amp; java.rmi.server.SkeletonNotFoundException#SkeletonNotFoundException(java.lang.String, java.lang.Exception)#0 &amp; java.rmi.activation.ActivateFailedException#ActivateFailedException(java.lang.String, java.lang.Exception)#0 &amp; ServerError#ServerError(java.lang.String, java.lang.Error)#0 &amp; AccessException#AccessException(java.lang.String, java.lang.Exception)#0 &amp; ServerException#ServerException(java.lang.String, java.lang.Exception)#0 &amp; MarshalException#MarshalException(java.lang.String, java.lang.Exception)#0 &amp; ConnectException#ConnectException(java.lang.String, java.lang.Exception)#0 &amp; ConnectIOException#ConnectIOException(java.lang.String, java.lang.Exception)#0 &amp; UnmarshalException#UnmarshalException(java.lang.String, java.lang.Exception)#0 &amp; UnexpectedException#UnexpectedException(java.lang.String, java.lang.Exception)#0 &amp; UnknownHostException#UnknownHostException(java.lang.String, java.lang.Exception)#0 &amp; StubNotFoundException#StubNotFoundException(java.lang.String, java.lang.Exception)#0 &amp; ServerRuntimeException#ServerRuntimeException(java.lang.String, java.lang.Exception)#0&quot;, &quot;RemoteException := RemoteException&quot; }"/>
        </annotation>
    </item>
    <item name='java.rmi.RemoteException java.lang.Throwable getCause()'>
        <annotation name='com.intellij.inspections.tainted.annotation.equation.Equations'>
            <val val="{ &quot;getCause := RemoteException&quot; }"/>
        </annotation>
    </item>
    <item name='java.rmi.ServerError ServerError(java.lang.String, java.lang.Error)'>
        <annotation name='com.intellij.inspections.tainted.annotation.equation.Equations'>
            <val val="{ &quot;err := com.sun.corba.se.impl.javax.rmi.CORBA.Util#wrapException(java.lang.Throwable)#0&quot;, &quot;ServerError := ServerError&quot; }"/>
        </annotation>
    </item>
    <item name='java.rmi.ServerException ServerException(java.lang.String)'>
        <annotation name='com.intellij.inspections.tainted.annotation.equation.Equations'>
            <val val="{ &quot;ServerException := ServerException&quot; }"/>
        </annotation>
    </item>
    <item name='java.rmi.ServerException ServerException(java.lang.String, java.lang.Exception)'>
        <annotation name='com.intellij.inspections.tainted.annotation.equation.Equations'>
            <val val="{ &quot;ex := com.sun.corba.se.impl.javax.rmi.CORBA.Util#wrapException(java.lang.Throwable)#0&quot;, &quot;ServerException := ServerException&quot; }"/>
        </annotation>
    </item>
    <item name='java.rmi.ServerRuntimeException ServerRuntimeException(java.lang.String, java.lang.Exception)'>
        <annotation name='com.intellij.inspections.tainted.annotation.equation.Equations'>
            <val val="{ &quot;ServerRuntimeException := ServerRuntimeException&quot; }"/>
        </annotation>
    </item>
    <item name='java.rmi.StubNotFoundException StubNotFoundException(java.lang.String)'>
        <annotation name='com.intellij.inspections.tainted.annotation.equation.Equations'>
            <val val="{ &quot;StubNotFoundException := StubNotFoundException&quot; }"/>
        </annotation>
    </item>
    <item name='java.rmi.StubNotFoundException StubNotFoundException(java.lang.String, java.lang.Exception)'>
        <annotation name='com.intellij.inspections.tainted.annotation.equation.Equations'>
            <val val="{ &quot;StubNotFoundException := StubNotFoundException&quot; }"/>
        </annotation>
    </item>
    <item name='java.rmi.UnexpectedException UnexpectedException(java.lang.String)'>
        <annotation name='com.intellij.inspections.tainted.annotation.equation.Equations'>
            <val val="{ &quot;UnexpectedException := UnexpectedException&quot; }"/>
        </annotation>
    </item>
    <item name='java.rmi.UnexpectedException UnexpectedException(java.lang.String, java.lang.Exception)'>
        <annotation name='com.intellij.inspections.tainted.annotation.equation.Equations'>
            <val val="{ &quot;UnexpectedException := UnexpectedException&quot;, &quot;ex := com.sun.corba.se.impl.javax.rmi.CORBA.Util#wrapException(java.lang.Throwable)#0&quot; }"/>
        </annotation>
    </item>
    <item name='java.rmi.UnknownHostException UnknownHostException(java.lang.String)'>
        <annotation name='com.intellij.inspections.tainted.annotation.equation.Equations'>
            <val val="{ &quot;UnknownHostException := UnknownHostException&quot; }"/>
        </annotation>
    </item>
    <item name='java.rmi.UnknownHostException UnknownHostException(java.lang.String, java.lang.Exception)'>
        <annotation name='com.intellij.inspections.tainted.annotation.equation.Equations'>
            <val val="{ &quot;UnknownHostException := UnknownHostException&quot; }"/>
        </annotation>
    </item>
    <item name='java.rmi.UnmarshalException UnmarshalException(java.lang.String)'>
        <annotation name='com.intellij.inspections.tainted.annotation.equation.Equations'>
            <val val="{ &quot;UnmarshalException := UnmarshalException&quot; }"/>
        </annotation>
    </item>
    <item name='java.rmi.UnmarshalException UnmarshalException(java.lang.String, java.lang.Exception)'>
        <annotation name='com.intellij.inspections.tainted.annotation.equation.Equations'>
            <val val="{ &quot;UnmarshalException := UnmarshalException&quot; }"/>
        </annotation>
    </item>
</root>