<root>
    <item name='org.hibernate.envers.boot.internal.AdditionalJaxbMappingProducerImpl java.util.Collection&lt;org.hibernate.boot.model.source.internal.hbm.MappingDocument&gt; produceAdditionalMappings(org.hibernate.boot.spi.MetadataImplementor, org.jboss.jandex.IndexView, org.hibernate.boot.jaxb.internal.MappingBinder, org.hibernate.boot.spi.MetadataBuildingContext)'>
        <annotation name='com.intellij.inspections.tainted.annotation.equation.Equations'>
            <val val="{ &quot;produceAdditionalMappings := &quot; }"/>
        </annotation>
    </item>
    <item name='org.hibernate.envers.boot.internal.AdditionalJaxbMappingProducerImpl void dump(org.dom4j.Document)'>
        <annotation name='com.intellij.inspections.tainted.annotation.equation.Equations'>
            <val val="{ &quot;document := &quot; }"/>
        </annotation>
    </item>
    <item name='org.hibernate.envers.boot.internal.EnversService org.hibernate.boot.registry.classloading.spi.ClassLoaderService getClassLoaderService()'>
        <annotation name='com.intellij.inspections.tainted.annotation.equation.Equations'>
            <val val="{ &quot;getClassLoaderService := EnversServiceImpl#getClassLoaderService()&quot; }"/>
        </annotation>
    </item>
    <item name='org.hibernate.envers.boot.internal.EnversService org.hibernate.envers.configuration.internal.AuditEntitiesConfiguration getAuditEntitiesConfiguration()'>
        <annotation name='com.intellij.inspections.tainted.annotation.equation.Equations'>
            <val val="{ &quot;getAuditEntitiesConfiguration := EnversServiceImpl#getAuditEntitiesConfiguration()&quot; }"/>
        </annotation>
    </item>
    <item name='org.hibernate.envers.boot.internal.EnversService org.hibernate.envers.configuration.internal.GlobalConfiguration getGlobalConfiguration()'>
        <annotation name='com.intellij.inspections.tainted.annotation.equation.Equations'>
            <val val="{ &quot;getGlobalConfiguration := EnversServiceImpl#getGlobalConfiguration()&quot; }"/>
        </annotation>
    </item>
    <item name='org.hibernate.envers.boot.internal.EnversService org.hibernate.envers.internal.entities.EntitiesConfigurations getEntitiesConfigurations()'>
        <annotation name='com.intellij.inspections.tainted.annotation.equation.Equations'>
            <val val="{ &quot;getEntitiesConfigurations := EnversServiceImpl#getEntitiesConfigurations()&quot; }"/>
        </annotation>
    </item>
    <item name='org.hibernate.envers.boot.internal.EnversService org.hibernate.envers.internal.revisioninfo.ModifiedEntityNamesReader getModifiedEntityNamesReader()'>
        <annotation name='com.intellij.inspections.tainted.annotation.equation.Equations'>
            <val val="{ &quot;getModifiedEntityNamesReader := EnversServiceImpl#getModifiedEntityNamesReader()&quot; }"/>
        </annotation>
    </item>
    <item name='org.hibernate.envers.boot.internal.EnversService org.hibernate.envers.internal.revisioninfo.RevisionInfoNumberReader getRevisionInfoNumberReader()'>
        <annotation name='com.intellij.inspections.tainted.annotation.equation.Equations'>
            <val val="{ &quot;getRevisionInfoNumberReader := EnversServiceImpl#getRevisionInfoNumberReader()&quot; }"/>
        </annotation>
    </item>
    <item name='org.hibernate.envers.boot.internal.EnversService org.hibernate.envers.internal.revisioninfo.RevisionInfoQueryCreator getRevisionInfoQueryCreator()'>
        <annotation name='com.intellij.inspections.tainted.annotation.equation.Equations'>
            <val val="{ &quot;getRevisionInfoQueryCreator := EnversServiceImpl#getRevisionInfoQueryCreator()&quot; }"/>
        </annotation>
    </item>
    <item name='org.hibernate.envers.boot.internal.EnversService org.hibernate.envers.internal.synchronization.AuditProcessManager getAuditProcessManager()'>
        <annotation name='com.intellij.inspections.tainted.annotation.equation.Equations'>
            <val val="{ &quot;getAuditProcessManager := EnversServiceImpl#getAuditProcessManager()&quot; }"/>
        </annotation>
    </item>
    <item name='org.hibernate.envers.boot.internal.EnversService org.hibernate.envers.strategy.AuditStrategy getAuditStrategy()'>
        <annotation name='com.intellij.inspections.tainted.annotation.equation.Equations'>
            <val val="{ &quot;getAuditStrategy := EnversServiceImpl#getAuditStrategy()&quot; }"/>
        </annotation>
    </item>
    <item name='org.hibernate.envers.boot.internal.EnversService org.hibernate.internal.util.xml.XMLHelper getXmlHelper()'>
        <annotation name='com.intellij.inspections.tainted.annotation.equation.Equations'>
            <val val="{ &quot;getXmlHelper := EnversServiceImpl#getXmlHelper()&quot; }"/>
        </annotation>
    </item>
    <item name='org.hibernate.envers.boot.internal.EnversService org.hibernate.service.ServiceRegistry getServiceRegistry()'>
        <annotation name='com.intellij.inspections.tainted.annotation.equation.Equations'>
            <val val="{ &quot;getServiceRegistry := EnversServiceImpl#getServiceRegistry()&quot; }"/>
        </annotation>
    </item>
    <item name='org.hibernate.envers.boot.internal.EnversService void initialize(org.hibernate.boot.spi.MetadataImplementor, org.hibernate.envers.configuration.internal.MappingCollector)'>
        <annotation name='com.intellij.inspections.tainted.annotation.equation.Equations'>
            <val val="{ &quot;mappingCollector := EnversServiceImpl#initialize(org.hibernate.boot.spi.MetadataImplementor, org.hibernate.envers.configuration.internal.MappingCollector)#1&quot;, &quot;metadata := EnversServiceImpl#initialize(org.hibernate.boot.spi.MetadataImplementor, org.hibernate.envers.configuration.internal.MappingCollector)#0 &amp; AdditionalJaxbMappingProducerImpl#produceAdditionalMappings(org.hibernate.boot.spi.MetadataImplementor, org.jboss.jandex.IndexView, org.hibernate.boot.jaxb.internal.MappingBinder, org.hibernate.boot.spi.MetadataBuildingContext)#0&quot; }"/>
        </annotation>
    </item>
    <item name='org.hibernate.envers.boot.internal.EnversServiceImpl'>
        <annotation name='com.intellij.inspections.tainted.annotation.equation.Equations'>
            <val val="{ &quot;EnversServiceImpl := #configure(java.util.Map)#0&quot; }"/>
        </annotation>
    </item>
    <item name='org.hibernate.envers.boot.internal.EnversServiceImpl java.lang.Class&lt;?&gt; loadClass(java.lang.String, org.hibernate.service.ServiceRegistry)'>
        <annotation name='com.intellij.inspections.tainted.annotation.equation.Equations'>
            <val val="{ &quot;loadClass := &quot;, &quot;serviceRegistry := #initializeAuditStrategy(java.lang.String, java.lang.Class, org.hibernate.envers.internal.entities.PropertyData, org.hibernate.service.ServiceRegistry)#3&quot;, &quot;auditStrategyName := #initializeAuditStrategy(java.lang.String, java.lang.Class, org.hibernate.envers.internal.entities.PropertyData, org.hibernate.service.ServiceRegistry)#0&quot; }"/>
        </annotation>
    </item>
    <item name='org.hibernate.envers.boot.internal.EnversServiceImpl org.hibernate.boot.registry.classloading.spi.ClassLoaderService getClassLoaderService()'>
        <annotation name='com.intellij.inspections.tainted.annotation.equation.Equations'>
            <val val="{ &quot;getClassLoaderService := EnversServiceImpl&quot; }"/>
        </annotation>
    </item>
    <item name='org.hibernate.envers.boot.internal.EnversServiceImpl org.hibernate.envers.configuration.internal.AuditEntitiesConfiguration getAuditEntitiesConfiguration()'>
        <annotation name='com.intellij.inspections.tainted.annotation.equation.Equations'>
            <val val="{ &quot;getAuditEntitiesConfiguration := EnversServiceImpl&quot; }"/>
        </annotation>
    </item>
    <item name='org.hibernate.envers.boot.internal.EnversServiceImpl org.hibernate.envers.configuration.internal.GlobalConfiguration getGlobalConfiguration()'>
        <annotation name='com.intellij.inspections.tainted.annotation.equation.Equations'>
            <val val="{ &quot;getGlobalConfiguration := EnversServiceImpl&quot; }"/>
        </annotation>
    </item>
    <item name='org.hibernate.envers.boot.internal.EnversServiceImpl org.hibernate.envers.internal.entities.EntitiesConfigurations getEntitiesConfigurations()'>
        <annotation name='com.intellij.inspections.tainted.annotation.equation.Equations'>
            <val val="{ &quot;getEntitiesConfigurations := EnversServiceImpl&quot; }"/>
        </annotation>
    </item>
    <item name='org.hibernate.envers.boot.internal.EnversServiceImpl org.hibernate.envers.internal.revisioninfo.ModifiedEntityNamesReader getModifiedEntityNamesReader()'>
        <annotation name='com.intellij.inspections.tainted.annotation.equation.Equations'>
            <val val="{ &quot;getModifiedEntityNamesReader := EnversServiceImpl&quot; }"/>
        </annotation>
    </item>
    <item name='org.hibernate.envers.boot.internal.EnversServiceImpl org.hibernate.envers.internal.revisioninfo.RevisionInfoNumberReader getRevisionInfoNumberReader()'>
        <annotation name='com.intellij.inspections.tainted.annotation.equation.Equations'>
            <val val="{ &quot;getRevisionInfoNumberReader := EnversServiceImpl&quot; }"/>
        </annotation>
    </item>
    <item name='org.hibernate.envers.boot.internal.EnversServiceImpl org.hibernate.envers.internal.revisioninfo.RevisionInfoQueryCreator getRevisionInfoQueryCreator()'>
        <annotation name='com.intellij.inspections.tainted.annotation.equation.Equations'>
            <val val="{ &quot;getRevisionInfoQueryCreator := EnversServiceImpl&quot; }"/>
        </annotation>
    </item>
    <item name='org.hibernate.envers.boot.internal.EnversServiceImpl org.hibernate.envers.internal.synchronization.AuditProcessManager getAuditProcessManager()'>
        <annotation name='com.intellij.inspections.tainted.annotation.equation.Equations'>
            <val val="{ &quot;getAuditProcessManager := EnversServiceImpl&quot; }"/>
        </annotation>
    </item>
    <item name='org.hibernate.envers.boot.internal.EnversServiceImpl org.hibernate.envers.strategy.AuditStrategy getAuditStrategy()'>
        <annotation name='com.intellij.inspections.tainted.annotation.equation.Equations'>
            <val val="{ &quot;getAuditStrategy := EnversServiceImpl&quot; }"/>
        </annotation>
    </item>
    <item name='org.hibernate.envers.boot.internal.EnversServiceImpl org.hibernate.envers.strategy.AuditStrategy initializeAuditStrategy(java.lang.String, java.lang.Class&lt;?&gt;, org.hibernate.envers.internal.entities.PropertyData, org.hibernate.service.ServiceRegistry)'>
        <annotation name='com.intellij.inspections.tainted.annotation.equation.Equations'>
            <val val="{ &quot;revisionInfoClass := &quot;, &quot;serviceRegistry := #doInitialize(org.hibernate.boot.spi.MetadataImplementor, org.hibernate.envers.configuration.internal.MappingCollector, org.hibernate.service.ServiceRegistry)#2&quot;, &quot;revisionInfoTimestampData := &quot;, &quot;initializeAuditStrategy := &quot;, &quot;auditStrategyName := &quot; }"/>
        </annotation>
    </item>
    <item name='org.hibernate.envers.boot.internal.EnversServiceImpl org.hibernate.internal.util.xml.XMLHelper getXmlHelper()'>
        <annotation name='com.intellij.inspections.tainted.annotation.equation.Equations'>
            <val val="{ &quot;getXmlHelper := EnversServiceImpl&quot; }"/>
        </annotation>
    </item>
    <item name='org.hibernate.envers.boot.internal.EnversServiceImpl org.hibernate.service.ServiceRegistry getServiceRegistry()'>
        <annotation name='com.intellij.inspections.tainted.annotation.equation.Equations'>
            <val val="{ &quot;getServiceRegistry := EnversServiceImpl&quot; }"/>
        </annotation>
    </item>
    <item name='org.hibernate.envers.boot.internal.EnversServiceImpl void doInitialize(org.hibernate.boot.spi.MetadataImplementor, org.hibernate.envers.configuration.internal.MappingCollector, org.hibernate.service.ServiceRegistry)'>
        <annotation name='com.intellij.inspections.tainted.annotation.equation.Equations'>
            <val val="{ &quot;mappingCollector := #initialize(org.hibernate.boot.spi.MetadataImplementor, org.hibernate.envers.configuration.internal.MappingCollector)#1&quot;, &quot;metadata := #initialize(org.hibernate.boot.spi.MetadataImplementor, org.hibernate.envers.configuration.internal.MappingCollector)#0&quot;, &quot;serviceRegistry := EnversServiceImpl&quot; }"/>
        </annotation>
    </item>
</root>