<root>
    <item name='net.sf.ehcache.search.expression.And'>
        <annotation name='com.intellij.inspections.tainted.annotation.equation.Equations'>
            <val val="{ &quot;And := #And(net.sf.ehcache.search.expression.Criteria, net.sf.ehcache.search.expression.Criteria)#0 &amp; #And(net.sf.ehcache.search.expression.Criteria, net.sf.ehcache.search.expression.Criteria)#1 &amp; #And(net.sf.ehcache.search.expression.And, net.sf.ehcache.search.expression.Criteria)#1&quot; }"/>
        </annotation>
    </item>
    <item name='net.sf.ehcache.search.expression.And And(net.sf.ehcache.search.expression.And, net.sf.ehcache.search.expression.Criteria)'>
        <annotation name='com.intellij.inspections.tainted.annotation.equation.Equations'>
            <val val="{ &quot;And := And&quot;, &quot;additional := #and(net.sf.ehcache.search.expression.Criteria)#0&quot;, &quot;original := And&quot; }"/>
        </annotation>
    </item>
    <item name='net.sf.ehcache.search.expression.And And(net.sf.ehcache.search.expression.Criteria, net.sf.ehcache.search.expression.Criteria)'>
        <annotation name='com.intellij.inspections.tainted.annotation.equation.Equations'>
            <val val="{ &quot;rhs := BaseCriteria#and(net.sf.ehcache.search.expression.Criteria)#0&quot;, &quot;lhs := BaseCriteria&quot;, &quot;And := And&quot; }"/>
        </annotation>
    </item>
    <item name='net.sf.ehcache.search.expression.And java.util.Set&lt;net.sf.ehcache.search.Attribute&lt;?&gt;&gt; getAttributes()'>
        <annotation name='com.intellij.inspections.tainted.annotation.equation.Equations'>
            <val val="{ &quot;getAttributes := &quot; }"/>
        </annotation>
    </item>
    <item name='net.sf.ehcache.search.expression.And net.sf.ehcache.search.expression.Criteria and(net.sf.ehcache.search.expression.Criteria)'>
        <annotation name='com.intellij.inspections.tainted.annotation.equation.Equations'>
            <val val="{ &quot;and := &quot; }"/>
        </annotation>
    </item>
    <item name='net.sf.ehcache.search.expression.And net.sf.ehcache.search.expression.Criteria[] getCriterion()'>
        <annotation name='com.intellij.inspections.tainted.annotation.equation.Equations'>
            <val val="{ &quot;getCriterion := And&quot; }"/>
        </annotation>
    </item>
    <item name='net.sf.ehcache.search.expression.BaseCriteria java.util.Set&lt;net.sf.ehcache.search.Attribute&lt;?&gt;&gt; getAttributes()'>
        <annotation name='com.intellij.inspections.tainted.annotation.equation.Equations'>
            <val val="{ &quot;getAttributes := InCollection#getAttributes() &amp; ComparableValue#getAttributes() &amp; ILike#getAttributes() &amp; AlwaysMatch#getAttributes() &amp; Not#getAttributes() &amp; Or#getAttributes() &amp; And#getAttributes() &amp; NotNull#getAttributes() &amp; NotILike#getAttributes() &amp; EqualTo#getAttributes() &amp; IsNull#getAttributes()&quot; }"/>
        </annotation>
    </item>
    <item name='net.sf.ehcache.search.expression.BaseCriteria net.sf.ehcache.search.attribute.AttributeExtractor getExtractor(java.lang.String, java.util.Map&lt;java.lang.String,net.sf.ehcache.search.attribute.AttributeExtractor&gt;)'>
        <annotation name='com.intellij.inspections.tainted.annotation.equation.Equations'>
            <val val="{ &quot;getExtractor := &quot; }"/>
        </annotation>
    </item>
    <item name='net.sf.ehcache.search.expression.BaseCriteria net.sf.ehcache.search.expression.Criteria and(net.sf.ehcache.search.expression.Criteria)'>
        <annotation name='com.intellij.inspections.tainted.annotation.equation.Equations'>
            <val val="{ &quot;and := &quot; }"/>
        </annotation>
    </item>
    <item name='net.sf.ehcache.search.expression.BaseCriteria net.sf.ehcache.search.expression.Criteria not()'>
        <annotation name='com.intellij.inspections.tainted.annotation.equation.Equations'>
            <val val="{ &quot;not := &quot; }"/>
        </annotation>
    </item>
    <item name='net.sf.ehcache.search.expression.BaseCriteria net.sf.ehcache.search.expression.Criteria or(net.sf.ehcache.search.expression.Criteria)'>
        <annotation name='com.intellij.inspections.tainted.annotation.equation.Equations'>
            <val val="{ &quot;or := &quot; }"/>
        </annotation>
    </item>
    <item name='net.sf.ehcache.search.expression.Between'>
        <annotation name='com.intellij.inspections.tainted.annotation.equation.Equations'>
            <val val="{ &quot;Between := #Between(java.lang.String, java.lang.Object, java.lang.Object, boolean, boolean)#1 &amp; #Between(java.lang.String, java.lang.Object, java.lang.Object, boolean, boolean)#2&quot; }"/>
        </annotation>
    </item>
    <item name='net.sf.ehcache.search.expression.Between Between(java.lang.String, java.lang.Object, java.lang.Object, boolean, boolean)'>
        <annotation name='com.intellij.inspections.tainted.annotation.equation.Equations'>
            <val val="{ &quot;min := net.sf.ehcache.search.Attribute#between(java.lang.Object, java.lang.Object, boolean, boolean)#0&quot;, &quot;attributeName := net.sf.ehcache.search.Attribute&quot;, &quot;Between := Between&quot;, &quot;max := net.sf.ehcache.search.Attribute#between(java.lang.Object, java.lang.Object, boolean, boolean)#1&quot; }"/>
        </annotation>
    </item>
    <item name='net.sf.ehcache.search.expression.Between java.lang.Comparable getMax()'>
        <annotation name='com.intellij.inspections.tainted.annotation.equation.Equations'>
            <val val="{ &quot;getMax := Between&quot; }"/>
        </annotation>
    </item>
    <item name='net.sf.ehcache.search.expression.Between java.lang.Comparable getMin()'>
        <annotation name='com.intellij.inspections.tainted.annotation.equation.Equations'>
            <val val="{ &quot;getMin := Between&quot; }"/>
        </annotation>
    </item>
    <item name='net.sf.ehcache.search.expression.Between net.sf.ehcache.search.attribute.AttributeType computeType(java.lang.String, java.lang.Object, java.lang.Object)'>
        <annotation name='com.intellij.inspections.tainted.annotation.equation.Equations'>
            <val val="{ &quot;attributeName := #Between(java.lang.String, java.lang.Object, java.lang.Object, boolean, boolean)#0&quot;, &quot;max := #Between(java.lang.String, java.lang.Object, java.lang.Object, boolean, boolean)#2&quot;, &quot;computeType := &quot;, &quot;min := #Between(java.lang.String, java.lang.Object, java.lang.Object, boolean, boolean)#1&quot; }"/>
        </annotation>
    </item>
    <item name='net.sf.ehcache.search.expression.ComparableValue'>
        <annotation name='com.intellij.inspections.tainted.annotation.equation.Equations'>
            <val val="{ &quot;ComparableValue := #ComparableValue(java.lang.String, net.sf.ehcache.search.attribute.AttributeType)#0 &amp; #ComparableValue(java.lang.String, net.sf.ehcache.search.attribute.AttributeType)#1&quot; }"/>
        </annotation>
    </item>
    <item name='net.sf.ehcache.search.expression.ComparableValue ComparableValue(java.lang.String, java.lang.Object)'>
        <annotation name='com.intellij.inspections.tainted.annotation.equation.Equations'>
            <val val="{ &quot;ComparableValue := ComparableValue&quot;, &quot;value := LessThan#LessThan(java.lang.String, java.lang.Object)#1 &amp; LessThanOrEqual#LessThanOrEqual(java.lang.String, java.lang.Object)#1 &amp; GreaterThan#GreaterThan(java.lang.String, java.lang.Object)#1 &amp; GreaterThanOrEqual#GreaterThanOrEqual(java.lang.String, java.lang.Object)#1&quot;, &quot;attributeName := LessThan#LessThan(java.lang.String, java.lang.Object)#0 &amp; LessThanOrEqual#LessThanOrEqual(java.lang.String, java.lang.Object)#0 &amp; GreaterThan#GreaterThan(java.lang.String, java.lang.Object)#0 &amp; GreaterThanOrEqual#GreaterThanOrEqual(java.lang.String, java.lang.Object)#0&quot; }"/>
        </annotation>
    </item>
    <item name='net.sf.ehcache.search.expression.ComparableValue ComparableValue(java.lang.String, net.sf.ehcache.search.attribute.AttributeType)'>
        <annotation name='com.intellij.inspections.tainted.annotation.equation.Equations'>
            <val val="{ &quot;attributeName := Between#Between(java.lang.String, java.lang.Object, java.lang.Object, boolean, boolean)#0 &amp; #ComparableValue(java.lang.String, java.lang.Object)#0&quot;, &quot;ComparableValue := ComparableValue&quot;, &quot;type := &quot; }"/>
        </annotation>
    </item>
    <item name='net.sf.ehcache.search.expression.ComparableValue boolean executeComparable(java.lang.Comparable)'>
        <annotation name='com.intellij.inspections.tainted.annotation.equation.Equations'>
            <val val="{ &quot;attributeValue := &quot; }"/>
        </annotation>
    </item>
    <item name='net.sf.ehcache.search.expression.ComparableValue boolean executeComparableString(java.lang.Comparable)'>
        <annotation name='com.intellij.inspections.tainted.annotation.equation.Equations'>
            <val val="{ &quot;attributeValue := LessThan#executeComparableString(java.lang.Comparable)#0 &amp; GreaterThanOrEqual#executeComparableString(java.lang.Comparable)#0 &amp; Between#executeComparableString(java.lang.Comparable)#0 &amp; LessThanOrEqual#executeComparableString(java.lang.Comparable)#0 &amp; GreaterThan#executeComparableString(java.lang.Comparable)#0&quot; }"/>
        </annotation>
    </item>
    <item name='net.sf.ehcache.search.expression.ComparableValue int luceneStringCompare(java.lang.String, java.lang.String)'>
        <annotation name='com.intellij.inspections.tainted.annotation.equation.Equations'>
            <val val="{ &quot;s1 := &quot;, &quot;luceneStringCompare := &quot;, &quot;s2 := &quot; }"/>
        </annotation>
    </item>
    <item name='net.sf.ehcache.search.expression.ComparableValue java.lang.String getAttributeName()'>
        <annotation name='com.intellij.inspections.tainted.annotation.equation.Equations'>
            <val val="{ &quot;getAttributeName := ComparableValue&quot; }"/>
        </annotation>
    </item>
    <item name='net.sf.ehcache.search.expression.ComparableValue java.util.Set&lt;net.sf.ehcache.search.Attribute&lt;?&gt;&gt; getAttributes()'>
        <annotation name='com.intellij.inspections.tainted.annotation.equation.Equations'>
            <val val="{ &quot;getAttributes := &quot; }"/>
        </annotation>
    </item>
    <item name='net.sf.ehcache.search.expression.ComparableValue net.sf.ehcache.search.attribute.AttributeType getType()'>
        <annotation name='com.intellij.inspections.tainted.annotation.equation.Equations'>
            <val val="{ &quot;getType := ComparableValue&quot; }"/>
        </annotation>
    </item>
    <item name='net.sf.ehcache.search.expression.ComparableValue.LuceneCaseAgnosticStringComparator int compare(java.lang.String, java.lang.String)'>
        <annotation name='com.intellij.inspections.tainted.annotation.equation.Equations'>
            <val val="{ &quot;compare := &quot; }"/>
        </annotation>
    </item>
    <item name='net.sf.ehcache.search.expression.Criteria boolean execute(net.sf.ehcache.Element, java.util.Map&lt;java.lang.String,net.sf.ehcache.search.attribute.AttributeExtractor&gt;)'>
        <annotation name='com.intellij.inspections.tainted.annotation.equation.Equations'>
            <val val="{ &quot;attributeExtractors := InCollection#execute(net.sf.ehcache.Element, java.util.Map)#1 &amp; ComparableValue#execute(net.sf.ehcache.Element, java.util.Map)#1 &amp; ILike#execute(net.sf.ehcache.Element, java.util.Map)#1 &amp; AlwaysMatch#execute(net.sf.ehcache.Element, java.util.Map)#1 &amp; Not#execute(net.sf.ehcache.Element, java.util.Map)#1 &amp; Or#execute(net.sf.ehcache.Element, java.util.Map)#1 &amp; And#execute(net.sf.ehcache.Element, java.util.Map)#1 &amp; NotNull#execute(net.sf.ehcache.Element, java.util.Map)#1 &amp; NotILike#execute(net.sf.ehcache.Element, java.util.Map)#1 &amp; EqualTo#execute(net.sf.ehcache.Element, java.util.Map)#1 &amp; IsNull#execute(net.sf.ehcache.Element, java.util.Map)#1&quot;, &quot;element := InCollection#execute(net.sf.ehcache.Element, java.util.Map)#0 &amp; ComparableValue#execute(net.sf.ehcache.Element, java.util.Map)#0 &amp; ILike#execute(net.sf.ehcache.Element, java.util.Map)#0 &amp; AlwaysMatch#execute(net.sf.ehcache.Element, java.util.Map)#0 &amp; Not#execute(net.sf.ehcache.Element, java.util.Map)#0 &amp; Or#execute(net.sf.ehcache.Element, java.util.Map)#0 &amp; And#execute(net.sf.ehcache.Element, java.util.Map)#0 &amp; NotNull#execute(net.sf.ehcache.Element, java.util.Map)#0 &amp; NotILike#execute(net.sf.ehcache.Element, java.util.Map)#0 &amp; EqualTo#execute(net.sf.ehcache.Element, java.util.Map)#0 &amp; IsNull#execute(net.sf.ehcache.Element, java.util.Map)#0&quot; }"/>
        </annotation>
    </item>
    <item name='net.sf.ehcache.search.expression.Criteria net.sf.ehcache.search.expression.Criteria and(net.sf.ehcache.search.expression.Criteria)'>
        <annotation name='com.intellij.inspections.tainted.annotation.equation.Equations'>
            <val val="{ &quot;other := BaseCriteria#and(net.sf.ehcache.search.expression.Criteria)#0&quot;, &quot;and := BaseCriteria#and(net.sf.ehcache.search.expression.Criteria)&quot; }"/>
        </annotation>
    </item>
    <item name='net.sf.ehcache.search.expression.Criteria net.sf.ehcache.search.expression.Criteria not()'>
        <annotation name='com.intellij.inspections.tainted.annotation.equation.Equations'>
            <val val="{ &quot;not := BaseCriteria#not()&quot; }"/>
        </annotation>
    </item>
    <item name='net.sf.ehcache.search.expression.Criteria net.sf.ehcache.search.expression.Criteria or(net.sf.ehcache.search.expression.Criteria)'>
        <annotation name='com.intellij.inspections.tainted.annotation.equation.Equations'>
            <val val="{ &quot;or := BaseCriteria#or(net.sf.ehcache.search.expression.Criteria)&quot;, &quot;other := BaseCriteria#or(net.sf.ehcache.search.expression.Criteria)#0&quot; }"/>
        </annotation>
    </item>
    <item name='net.sf.ehcache.search.expression.EqualTo'>
        <annotation name='com.intellij.inspections.tainted.annotation.equation.Equations'>
            <val val="{ &quot;EqualTo := #EqualTo(java.lang.String, java.lang.Object)#0 &amp; #EqualTo(java.lang.String, java.lang.Object)#1&quot; }"/>
        </annotation>
    </item>
    <item name='net.sf.ehcache.search.expression.EqualTo EqualTo(java.lang.String, java.lang.Object)'>
        <annotation name='com.intellij.inspections.tainted.annotation.equation.Equations'>
            <val val="{ &quot;attributeName := net.sf.ehcache.search.Attribute &amp; NotEqualTo#NotEqualTo(java.lang.String, java.lang.Object)#0&quot;, &quot;EqualTo := EqualTo&quot;, &quot;value := net.sf.ehcache.search.Attribute#eq(java.lang.Object)#0 &amp; NotEqualTo#NotEqualTo(java.lang.String, java.lang.Object)#1&quot; }"/>
        </annotation>
    </item>
    <item name='net.sf.ehcache.search.expression.EqualTo boolean execute(net.sf.ehcache.Element, java.util.Map&lt;java.lang.String,net.sf.ehcache.search.attribute.AttributeExtractor&gt;)'>
        <annotation name='com.intellij.inspections.tainted.annotation.equation.Equations'>
            <val val="{ &quot;attributeExtractors := NotEqualTo#execute(net.sf.ehcache.Element, java.util.Map)#1&quot;, &quot;e := NotEqualTo#execute(net.sf.ehcache.Element, java.util.Map)#0&quot; }"/>
        </annotation>
    </item>
    <item name='net.sf.ehcache.search.expression.EqualTo java.lang.Object getValue()'>
        <annotation name='com.intellij.inspections.tainted.annotation.equation.Equations'>
            <val val="{ &quot;getValue := EqualTo&quot; }"/>
        </annotation>
    </item>
    <item name='net.sf.ehcache.search.expression.EqualTo java.lang.String getAttributeName()'>
        <annotation name='com.intellij.inspections.tainted.annotation.equation.Equations'>
            <val val="{ &quot;getAttributeName := EqualTo&quot; }"/>
        </annotation>
    </item>
    <item name='net.sf.ehcache.search.expression.EqualTo java.util.Set&lt;net.sf.ehcache.search.Attribute&lt;?&gt;&gt; getAttributes()'>
        <annotation name='com.intellij.inspections.tainted.annotation.equation.Equations'>
            <val val="{ &quot;getAttributes := &quot; }"/>
        </annotation>
    </item>
    <item name='net.sf.ehcache.search.expression.EqualTo net.sf.ehcache.search.attribute.AttributeType getType()'>
        <annotation name='com.intellij.inspections.tainted.annotation.equation.Equations'>
            <val val="{ &quot;getType := EqualTo&quot; }"/>
        </annotation>
    </item>
    <item name='net.sf.ehcache.search.expression.GreaterThan'>
        <annotation name='com.intellij.inspections.tainted.annotation.equation.Equations'>
            <val val="{ &quot;GreaterThan := #GreaterThan(java.lang.String, java.lang.Object)#1&quot; }"/>
        </annotation>
    </item>
    <item name='net.sf.ehcache.search.expression.GreaterThan GreaterThan(java.lang.String, java.lang.Object)'>
        <annotation name='com.intellij.inspections.tainted.annotation.equation.Equations'>
            <val val="{ &quot;value := net.sf.ehcache.search.Attribute#gt(java.lang.Object)#0&quot;, &quot;attributeName := net.sf.ehcache.search.Attribute&quot;, &quot;GreaterThan := GreaterThan&quot; }"/>
        </annotation>
    </item>
    <item name='net.sf.ehcache.search.expression.GreaterThan java.lang.Comparable getComparableValue()'>
        <annotation name='com.intellij.inspections.tainted.annotation.equation.Equations'>
            <val val="{ &quot;getComparableValue := GreaterThan&quot; }"/>
        </annotation>
    </item>
    <item name='net.sf.ehcache.search.expression.GreaterThanOrEqual'>
        <annotation name='com.intellij.inspections.tainted.annotation.equation.Equations'>
            <val val="{ &quot;GreaterThanOrEqual := #GreaterThanOrEqual(java.lang.String, java.lang.Object)#1&quot; }"/>
        </annotation>
    </item>
    <item name='net.sf.ehcache.search.expression.GreaterThanOrEqual GreaterThanOrEqual(java.lang.String, java.lang.Object)'>
        <annotation name='com.intellij.inspections.tainted.annotation.equation.Equations'>
            <val val="{ &quot;GreaterThanOrEqual := GreaterThanOrEqual&quot;, &quot;value := net.sf.ehcache.search.Attribute#ge(java.lang.Object)#0&quot;, &quot;attributeName := net.sf.ehcache.search.Attribute&quot; }"/>
        </annotation>
    </item>
    <item name='net.sf.ehcache.search.expression.GreaterThanOrEqual java.lang.Comparable getComparableValue()'>
        <annotation name='com.intellij.inspections.tainted.annotation.equation.Equations'>
            <val val="{ &quot;getComparableValue := GreaterThanOrEqual&quot; }"/>
        </annotation>
    </item>
    <item name='net.sf.ehcache.search.expression.ILike'>
        <annotation name='com.intellij.inspections.tainted.annotation.equation.Equations'>
            <val val="{ &quot;ILike := #ILike(java.lang.String, java.lang.String)#0 &amp; #ILike(java.lang.String, java.lang.String)#1&quot; }"/>
        </annotation>
    </item>
    <item name='net.sf.ehcache.search.expression.ILike ILike(java.lang.String, java.lang.String)'>
        <annotation name='com.intellij.inspections.tainted.annotation.equation.Equations'>
            <val val="{ &quot;attributeName := net.sf.ehcache.search.Attribute &amp; NotILike#NotILike(java.lang.String, java.lang.String)#0&quot;, &quot;ILike := ILike&quot;, &quot;regex := net.sf.ehcache.search.Attribute#ilike(java.lang.String)#0 &amp; NotILike#NotILike(java.lang.String, java.lang.String)#1&quot; }"/>
        </annotation>
    </item>
    <item name='net.sf.ehcache.search.expression.ILike java.lang.String getAttributeName()'>
        <annotation name='com.intellij.inspections.tainted.annotation.equation.Equations'>
            <val val="{ &quot;getAttributeName := ILike&quot; }"/>
        </annotation>
    </item>
    <item name='net.sf.ehcache.search.expression.ILike java.lang.String getRegex()'>
        <annotation name='com.intellij.inspections.tainted.annotation.equation.Equations'>
            <val val="{ &quot;getRegex := ILike&quot; }"/>
        </annotation>
    </item>
    <item name='net.sf.ehcache.search.expression.ILike java.lang.String lowerCase(char)'>
        <annotation name='com.intellij.inspections.tainted.annotation.equation.Equations'>
            <val val="{ &quot;lowerCase := &quot;, &quot;ch := &quot; }"/>
        </annotation>
    </item>
    <item name='net.sf.ehcache.search.expression.ILike java.util.Set&lt;net.sf.ehcache.search.Attribute&lt;?&gt;&gt; getAttributes()'>
        <annotation name='com.intellij.inspections.tainted.annotation.equation.Equations'>
            <val val="{ &quot;getAttributes := &quot; }"/>
        </annotation>
    </item>
    <item name='net.sf.ehcache.search.expression.ILike java.util.regex.Pattern convertRegex(java.lang.String)'>
        <annotation name='com.intellij.inspections.tainted.annotation.equation.Equations'>
            <val val="{ &quot;expr := &quot;, &quot;convertRegex := &quot; }"/>
        </annotation>
    </item>
    <item name='net.sf.ehcache.search.expression.InCollection'>
        <annotation name='com.intellij.inspections.tainted.annotation.equation.Equations'>
            <val val="{ &quot;InCollection := #InCollection(java.lang.String, java.util.Collection)#0 &amp; #InCollection(java.lang.String, java.util.Collection)#1&quot; }"/>
        </annotation>
    </item>
    <item name='net.sf.ehcache.search.expression.InCollection InCollection(java.lang.String, java.util.Collection&lt;?&gt;)'>
        <annotation name='com.intellij.inspections.tainted.annotation.equation.Equations'>
            <val val="{ &quot;attributeName := net.sf.ehcache.search.Attribute&quot;, &quot;values := net.sf.ehcache.search.Attribute#in(java.util.Collection)#0&quot;, &quot;InCollection := InCollection&quot; }"/>
        </annotation>
    </item>
    <item name='net.sf.ehcache.search.expression.InCollection java.lang.String getAttributeName()'>
        <annotation name='com.intellij.inspections.tainted.annotation.equation.Equations'>
            <val val="{ &quot;getAttributeName := InCollection&quot; }"/>
        </annotation>
    </item>
    <item name='net.sf.ehcache.search.expression.InCollection java.util.Collection&lt;?&gt; values()'>
        <annotation name='com.intellij.inspections.tainted.annotation.equation.Equations'>
            <val val="{ &quot;values := &quot; }"/>
        </annotation>
    </item>
    <item name='net.sf.ehcache.search.expression.InCollection java.util.Set&lt;net.sf.ehcache.search.Attribute&lt;?&gt;&gt; getAttributes()'>
        <annotation name='com.intellij.inspections.tainted.annotation.equation.Equations'>
            <val val="{ &quot;getAttributes := &quot; }"/>
        </annotation>
    </item>
    <item name='net.sf.ehcache.search.expression.InCollection net.sf.ehcache.search.attribute.AttributeType verifyCommonType()'>
        <annotation name='com.intellij.inspections.tainted.annotation.equation.Equations'>
            <val val="{ &quot;verifyCommonType := &quot; }"/>
        </annotation>
    </item>
    <item name='net.sf.ehcache.search.expression.IsNull'>
        <annotation name='com.intellij.inspections.tainted.annotation.equation.Equations'>
            <val val="{ &quot;IsNull := #IsNull(java.lang.String)#0&quot; }"/>
        </annotation>
    </item>
    <item name='net.sf.ehcache.search.expression.IsNull IsNull(java.lang.String)'>
        <annotation name='com.intellij.inspections.tainted.annotation.equation.Equations'>
            <val val="{ &quot;attributeName := net.sf.ehcache.search.Attribute&quot;, &quot;IsNull := IsNull&quot; }"/>
        </annotation>
    </item>
    <item name='net.sf.ehcache.search.expression.IsNull java.lang.String getAttributeName()'>
        <annotation name='com.intellij.inspections.tainted.annotation.equation.Equations'>
            <val val="{ &quot;getAttributeName := IsNull&quot; }"/>
        </annotation>
    </item>
    <item name='net.sf.ehcache.search.expression.IsNull java.util.Set&lt;net.sf.ehcache.search.Attribute&lt;?&gt;&gt; getAttributes()'>
        <annotation name='com.intellij.inspections.tainted.annotation.equation.Equations'>
            <val val="{ &quot;getAttributes := &quot; }"/>
        </annotation>
    </item>
    <item name='net.sf.ehcache.search.expression.LessThan'>
        <annotation name='com.intellij.inspections.tainted.annotation.equation.Equations'>
            <val val="{ &quot;LessThan := #LessThan(java.lang.String, java.lang.Object)#1&quot; }"/>
        </annotation>
    </item>
    <item name='net.sf.ehcache.search.expression.LessThan LessThan(java.lang.String, java.lang.Object)'>
        <annotation name='com.intellij.inspections.tainted.annotation.equation.Equations'>
            <val val="{ &quot;value := net.sf.ehcache.search.Attribute#lt(java.lang.Object)#0&quot;, &quot;LessThan := LessThan&quot;, &quot;attributeName := net.sf.ehcache.search.Attribute&quot; }"/>
        </annotation>
    </item>
    <item name='net.sf.ehcache.search.expression.LessThan java.lang.Comparable getComparableValue()'>
        <annotation name='com.intellij.inspections.tainted.annotation.equation.Equations'>
            <val val="{ &quot;getComparableValue := LessThan&quot; }"/>
        </annotation>
    </item>
    <item name='net.sf.ehcache.search.expression.LessThanOrEqual'>
        <annotation name='com.intellij.inspections.tainted.annotation.equation.Equations'>
            <val val="{ &quot;LessThanOrEqual := #LessThanOrEqual(java.lang.String, java.lang.Object)#1&quot; }"/>
        </annotation>
    </item>
    <item name='net.sf.ehcache.search.expression.LessThanOrEqual LessThanOrEqual(java.lang.String, java.lang.Object)'>
        <annotation name='com.intellij.inspections.tainted.annotation.equation.Equations'>
            <val val="{ &quot;LessThanOrEqual := LessThanOrEqual&quot;, &quot;value := net.sf.ehcache.search.Attribute#le(java.lang.Object)#0&quot;, &quot;attributeName := net.sf.ehcache.search.Attribute&quot; }"/>
        </annotation>
    </item>
    <item name='net.sf.ehcache.search.expression.LessThanOrEqual java.lang.Comparable getComparableValue()'>
        <annotation name='com.intellij.inspections.tainted.annotation.equation.Equations'>
            <val val="{ &quot;getComparableValue := LessThanOrEqual&quot; }"/>
        </annotation>
    </item>
    <item name='net.sf.ehcache.search.expression.Not'>
        <annotation name='com.intellij.inspections.tainted.annotation.equation.Equations'>
            <val val="{ &quot;Not := #Not(net.sf.ehcache.search.expression.Criteria)#0&quot; }"/>
        </annotation>
    </item>
    <item name='net.sf.ehcache.search.expression.Not Not(net.sf.ehcache.search.expression.Criteria)'>
        <annotation name='com.intellij.inspections.tainted.annotation.equation.Equations'>
            <val val="{ &quot;c := BaseCriteria&quot;, &quot;Not := Not&quot; }"/>
        </annotation>
    </item>
    <item name='net.sf.ehcache.search.expression.Not java.util.Set&lt;net.sf.ehcache.search.Attribute&lt;?&gt;&gt; getAttributes()'>
        <annotation name='com.intellij.inspections.tainted.annotation.equation.Equations'>
            <val val="{ &quot;getAttributes := &quot; }"/>
        </annotation>
    </item>
    <item name='net.sf.ehcache.search.expression.Not net.sf.ehcache.search.expression.Criteria getCriteria()'>
        <annotation name='com.intellij.inspections.tainted.annotation.equation.Equations'>
            <val val="{ &quot;getCriteria := Not&quot; }"/>
        </annotation>
    </item>
    <item name='net.sf.ehcache.search.expression.NotEqualTo NotEqualTo(java.lang.String, java.lang.Object)'>
        <annotation name='com.intellij.inspections.tainted.annotation.equation.Equations'>
            <val val="{ &quot;attributeName := net.sf.ehcache.search.Attribute&quot;, &quot;NotEqualTo := NotEqualTo&quot;, &quot;value := net.sf.ehcache.search.Attribute#ne(java.lang.Object)#0&quot; }"/>
        </annotation>
    </item>
    <item name='net.sf.ehcache.search.expression.NotILike'>
        <annotation name='com.intellij.inspections.tainted.annotation.equation.Equations'>
            <val val="{ &quot;NotILike := &quot; }"/>
        </annotation>
    </item>
    <item name='net.sf.ehcache.search.expression.NotILike NotILike(java.lang.String, java.lang.String)'>
        <annotation name='com.intellij.inspections.tainted.annotation.equation.Equations'>
            <val val="{ &quot;regex := net.sf.ehcache.search.Attribute#notIlike(java.lang.String)#0&quot;, &quot;attributeName := net.sf.ehcache.search.Attribute&quot;, &quot;NotILike := NotILike&quot; }"/>
        </annotation>
    </item>
    <item name='net.sf.ehcache.search.expression.NotILike java.lang.String getAttributeName()'>
        <annotation name='com.intellij.inspections.tainted.annotation.equation.Equations'>
            <val val="{ &quot;getAttributeName := &quot; }"/>
        </annotation>
    </item>
    <item name='net.sf.ehcache.search.expression.NotILike java.lang.String getRegex()'>
        <annotation name='com.intellij.inspections.tainted.annotation.equation.Equations'>
            <val val="{ &quot;getRegex := &quot; }"/>
        </annotation>
    </item>
    <item name='net.sf.ehcache.search.expression.NotILike java.util.Set&lt;net.sf.ehcache.search.Attribute&lt;?&gt;&gt; getAttributes()'>
        <annotation name='com.intellij.inspections.tainted.annotation.equation.Equations'>
            <val val="{ &quot;getAttributes := &quot; }"/>
        </annotation>
    </item>
    <item name='net.sf.ehcache.search.expression.NotNull'>
        <annotation name='com.intellij.inspections.tainted.annotation.equation.Equations'>
            <val val="{ &quot;NotNull := #NotNull(java.lang.String)#0&quot; }"/>
        </annotation>
    </item>
    <item name='net.sf.ehcache.search.expression.NotNull NotNull(java.lang.String)'>
        <annotation name='com.intellij.inspections.tainted.annotation.equation.Equations'>
            <val val="{ &quot;attributeName := net.sf.ehcache.search.Attribute&quot;, &quot;NotNull := NotNull&quot; }"/>
        </annotation>
    </item>
    <item name='net.sf.ehcache.search.expression.NotNull java.lang.String getAttributeName()'>
        <annotation name='com.intellij.inspections.tainted.annotation.equation.Equations'>
            <val val="{ &quot;getAttributeName := NotNull&quot; }"/>
        </annotation>
    </item>
    <item name='net.sf.ehcache.search.expression.NotNull java.util.Set&lt;net.sf.ehcache.search.Attribute&lt;?&gt;&gt; getAttributes()'>
        <annotation name='com.intellij.inspections.tainted.annotation.equation.Equations'>
            <val val="{ &quot;getAttributes := &quot; }"/>
        </annotation>
    </item>
    <item name='net.sf.ehcache.search.expression.Or'>
        <annotation name='com.intellij.inspections.tainted.annotation.equation.Equations'>
            <val val="{ &quot;Or := #Or(net.sf.ehcache.search.expression.Criteria, net.sf.ehcache.search.expression.Criteria)#0 &amp; #Or(net.sf.ehcache.search.expression.Criteria, net.sf.ehcache.search.expression.Criteria)#1 &amp; #Or(net.sf.ehcache.search.expression.Or, net.sf.ehcache.search.expression.Criteria)#1&quot; }"/>
        </annotation>
    </item>
    <item name='net.sf.ehcache.search.expression.Or Or(net.sf.ehcache.search.expression.Criteria, net.sf.ehcache.search.expression.Criteria)'>
        <annotation name='com.intellij.inspections.tainted.annotation.equation.Equations'>
            <val val="{ &quot;rhs := BaseCriteria#or(net.sf.ehcache.search.expression.Criteria)#0&quot;, &quot;Or := Or&quot;, &quot;lhs := BaseCriteria&quot; }"/>
        </annotation>
    </item>
    <item name='net.sf.ehcache.search.expression.Or Or(net.sf.ehcache.search.expression.Or, net.sf.ehcache.search.expression.Criteria)'>
        <annotation name='com.intellij.inspections.tainted.annotation.equation.Equations'>
            <val val="{ &quot;additional := #or(net.sf.ehcache.search.expression.Criteria)#0&quot;, &quot;original := Or&quot;, &quot;Or := Or&quot; }"/>
        </annotation>
    </item>
    <item name='net.sf.ehcache.search.expression.Or java.util.Set&lt;net.sf.ehcache.search.Attribute&lt;?&gt;&gt; getAttributes()'>
        <annotation name='com.intellij.inspections.tainted.annotation.equation.Equations'>
            <val val="{ &quot;getAttributes := &quot; }"/>
        </annotation>
    </item>
    <item name='net.sf.ehcache.search.expression.Or net.sf.ehcache.search.expression.Criteria or(net.sf.ehcache.search.expression.Criteria)'>
        <annotation name='com.intellij.inspections.tainted.annotation.equation.Equations'>
            <val val="{ &quot;or := &quot; }"/>
        </annotation>
    </item>
    <item name='net.sf.ehcache.search.expression.Or net.sf.ehcache.search.expression.Criteria[] getCriterion()'>
        <annotation name='com.intellij.inspections.tainted.annotation.equation.Equations'>
            <val val="{ &quot;getCriterion := Or&quot; }"/>
        </annotation>
    </item>
</root>