<root>
    <item name='org.omg.DynamicAny.AnySeqHelper java.lang.String id()'>
        <annotation name='com.intellij.inspections.tainted.annotation.equation.Equations'>
            <val val="{ &quot;id := AnySeqHelper&quot; }"/>
        </annotation>
    </item>
    <item name='org.omg.DynamicAny.AnySeqHelper org.omg.CORBA.TypeCode type()'>
        <annotation name='com.intellij.inspections.tainted.annotation.equation.Equations'>
            <val val="{ &quot;type := AnySeqHelper&quot; }"/>
        </annotation>
    </item>
    <item name='org.omg.DynamicAny.AnySeqHelper void write(org.omg.CORBA.portable.OutputStream, org.omg.CORBA.Any[])'>
        <annotation name='com.intellij.inspections.tainted.annotation.equation.Equations'>
            <val val="{ &quot;value := #insert(org.omg.CORBA.Any, org.omg.CORBA.Any[])#1&quot;, &quot;ostream := &quot; }"/>
        </annotation>
    </item>
    <item name='org.omg.DynamicAny.DynAnyFactoryOperations org.omg.DynamicAny.DynAny create_dyn_any(org.omg.CORBA.Any)'>
        <annotation name='com.intellij.inspections.tainted.annotation.equation.Equations'>
            <val val="{ &quot;value := com.sun.corba.se.impl.dynamicany.DynAnyFactoryImpl#create_dyn_any(org.omg.CORBA.Any)#0 &amp; _DynAnyFactoryStub#create_dyn_any(org.omg.CORBA.Any)#0&quot;, &quot;create_dyn_any := com.sun.corba.se.impl.dynamicany.DynAnyFactoryImpl#create_dyn_any(org.omg.CORBA.Any) &amp; _DynAnyFactoryStub#create_dyn_any(org.omg.CORBA.Any)&quot; }"/>
        </annotation>
    </item>
    <item name='org.omg.DynamicAny.DynAnyFactoryOperations org.omg.DynamicAny.DynAny create_dyn_any_from_type_code(org.omg.CORBA.TypeCode)'>
        <annotation name='com.intellij.inspections.tainted.annotation.equation.Equations'>
            <val val="{ &quot;create_dyn_any_from_type_code := com.sun.corba.se.impl.dynamicany.DynAnyFactoryImpl#create_dyn_any_from_type_code(org.omg.CORBA.TypeCode) &amp; _DynAnyFactoryStub#create_dyn_any_from_type_code(org.omg.CORBA.TypeCode)&quot;, &quot;type := com.sun.corba.se.impl.dynamicany.DynAnyFactoryImpl#create_dyn_any_from_type_code(org.omg.CORBA.TypeCode)#0 &amp; _DynAnyFactoryStub#create_dyn_any_from_type_code(org.omg.CORBA.TypeCode)#0&quot; }"/>
        </annotation>
    </item>
    <item name='org.omg.DynamicAny.DynAnyOperations boolean equal(org.omg.DynamicAny.DynAny)'>
        <annotation name='com.intellij.inspections.tainted.annotation.equation.Equations'>
            <val val="{ &quot;dyn_any := _DynAnyStub#equal(org.omg.DynamicAny.DynAny)#0 &amp; _DynArrayStub#equal(org.omg.DynamicAny.DynAny)#0 &amp; _DynEnumStub#equal(org.omg.DynamicAny.DynAny)#0 &amp; _DynUnionStub#equal(org.omg.DynamicAny.DynAny)#0 &amp; _DynFixedStub#equal(org.omg.DynamicAny.DynAny)#0 &amp; _DynStructStub#equal(org.omg.DynamicAny.DynAny)#0 &amp; _DynValueStub#equal(org.omg.DynamicAny.DynAny)#0 &amp; _DynSequenceStub#equal(org.omg.DynamicAny.DynAny)#0 &amp; com.sun.corba.se.impl.dynamicany.DynAnyImpl#equal(org.omg.DynamicAny.DynAny)#0&quot; }"/>
        </annotation>
    </item>
    <item name='org.omg.DynamicAny.DynAnyOperations boolean seek(int)'>
        <annotation name='com.intellij.inspections.tainted.annotation.equation.Equations'>
            <val val="{ &quot;index := com.sun.corba.se.impl.dynamicany.DynAnyBasicImpl#seek(int)#0 &amp; com.sun.corba.se.impl.dynamicany.DynAnyConstructedImpl#seek(int)#0 &amp; _DynArrayStub#seek(int)#0 &amp; _DynEnumStub#seek(int)#0 &amp; _DynAnyStub#seek(int)#0 &amp; _DynFixedStub#seek(int)#0 &amp; _DynUnionStub#seek(int)#0 &amp; _DynStructStub#seek(int)#0 &amp; _DynValueStub#seek(int)#0 &amp; _DynSequenceStub#seek(int)#0&quot; }"/>
        </annotation>
    </item>
    <item name='org.omg.DynamicAny.DynAnyOperations byte get_octet()'>
        <annotation name='com.intellij.inspections.tainted.annotation.equation.Equations'>
            <val val="{ &quot;get_octet := com.sun.corba.se.impl.dynamicany.DynAnyBasicImpl#get_octet() &amp; com.sun.corba.se.impl.dynamicany.DynAnyConstructedImpl#get_octet() &amp; _DynAnyStub#get_octet() &amp; _DynEnumStub#get_octet() &amp; _DynArrayStub#get_octet() &amp; _DynUnionStub#get_octet() &amp; _DynFixedStub#get_octet() &amp; _DynValueStub#get_octet() &amp; _DynStructStub#get_octet() &amp; _DynSequenceStub#get_octet()&quot; }"/>
        </annotation>
    </item>
    <item name='org.omg.DynamicAny.DynAnyOperations char get_char()'>
        <annotation name='com.intellij.inspections.tainted.annotation.equation.Equations'>
            <val val="{ &quot;get_char := com.sun.corba.se.impl.dynamicany.DynAnyBasicImpl#get_char() &amp; com.sun.corba.se.impl.dynamicany.DynAnyConstructedImpl#get_char() &amp; _DynArrayStub#get_char() &amp; _DynEnumStub#get_char() &amp; _DynAnyStub#get_char() &amp; _DynFixedStub#get_char() &amp; _DynUnionStub#get_char() &amp; _DynStructStub#get_char() &amp; _DynValueStub#get_char() &amp; _DynSequenceStub#get_char()&quot; }"/>
        </annotation>
    </item>
    <item name='org.omg.DynamicAny.DynAnyOperations char get_wchar()'>
        <annotation name='com.intellij.inspections.tainted.annotation.equation.Equations'>
            <val val="{ &quot;get_wchar := com.sun.corba.se.impl.dynamicany.DynAnyBasicImpl#get_wchar() &amp; com.sun.corba.se.impl.dynamicany.DynAnyConstructedImpl#get_wchar() &amp; _DynAnyStub#get_wchar() &amp; _DynEnumStub#get_wchar() &amp; _DynArrayStub#get_wchar() &amp; _DynUnionStub#get_wchar() &amp; _DynFixedStub#get_wchar() &amp; _DynValueStub#get_wchar() &amp; _DynStructStub#get_wchar() &amp; _DynSequenceStub#get_wchar()&quot; }"/>
        </annotation>
    </item>
    <item name='org.omg.DynamicAny.DynAnyOperations double get_double()'>
        <annotation name='com.intellij.inspections.tainted.annotation.equation.Equations'>
            <val val="{ &quot;get_double := com.sun.corba.se.impl.dynamicany.DynAnyBasicImpl#get_double() &amp; com.sun.corba.se.impl.dynamicany.DynAnyConstructedImpl#get_double() &amp; _DynAnyStub#get_double() &amp; _DynEnumStub#get_double() &amp; _DynArrayStub#get_double() &amp; _DynUnionStub#get_double() &amp; _DynFixedStub#get_double() &amp; _DynValueStub#get_double() &amp; _DynStructStub#get_double() &amp; _DynSequenceStub#get_double()&quot; }"/>
        </annotation>
    </item>
    <item name='org.omg.DynamicAny.DynAnyOperations float get_float()'>
        <annotation name='com.intellij.inspections.tainted.annotation.equation.Equations'>
            <val val="{ &quot;get_float := com.sun.corba.se.impl.dynamicany.DynAnyBasicImpl#get_float() &amp; com.sun.corba.se.impl.dynamicany.DynAnyConstructedImpl#get_float() &amp; _DynArrayStub#get_float() &amp; _DynEnumStub#get_float() &amp; _DynAnyStub#get_float() &amp; _DynFixedStub#get_float() &amp; _DynUnionStub#get_float() &amp; _DynStructStub#get_float() &amp; _DynValueStub#get_float() &amp; _DynSequenceStub#get_float()&quot; }"/>
        </annotation>
    </item>
    <item name='org.omg.DynamicAny.DynAnyOperations int component_count()'>
        <annotation name='com.intellij.inspections.tainted.annotation.equation.Equations'>
            <val val="{ &quot;component_count := com.sun.corba.se.impl.dynamicany.DynEnumImpl#component_count() &amp; com.sun.corba.se.impl.dynamicany.DynAnyBasicImpl#component_count() &amp; com.sun.corba.se.impl.dynamicany.DynAnyConstructedImpl#component_count() &amp; _DynAnyStub#component_count() &amp; _DynEnumStub#component_count() &amp; _DynArrayStub#component_count() &amp; _DynUnionStub#component_count() &amp; _DynFixedStub#component_count() &amp; _DynValueStub#component_count() &amp; _DynStructStub#component_count() &amp; _DynSequenceStub#component_count()&quot; }"/>
        </annotation>
    </item>
    <item name='org.omg.DynamicAny.DynAnyOperations int get_long()'>
        <annotation name='com.intellij.inspections.tainted.annotation.equation.Equations'>
            <val val="{ &quot;get_long := com.sun.corba.se.impl.dynamicany.DynAnyBasicImpl#get_long() &amp; com.sun.corba.se.impl.dynamicany.DynAnyConstructedImpl#get_long() &amp; _DynArrayStub#get_long() &amp; _DynEnumStub#get_long() &amp; _DynAnyStub#get_long() &amp; _DynFixedStub#get_long() &amp; _DynUnionStub#get_long() &amp; _DynStructStub#get_long() &amp; _DynValueStub#get_long() &amp; _DynSequenceStub#get_long()&quot; }"/>
        </annotation>
    </item>
    <item name='org.omg.DynamicAny.DynAnyOperations int get_ulong()'>
        <annotation name='com.intellij.inspections.tainted.annotation.equation.Equations'>
            <val val="{ &quot;get_ulong := com.sun.corba.se.impl.dynamicany.DynAnyBasicImpl#get_ulong() &amp; com.sun.corba.se.impl.dynamicany.DynAnyConstructedImpl#get_ulong() &amp; _DynAnyStub#get_ulong() &amp; _DynEnumStub#get_ulong() &amp; _DynArrayStub#get_ulong() &amp; _DynUnionStub#get_ulong() &amp; _DynFixedStub#get_ulong() &amp; _DynValueStub#get_ulong() &amp; _DynStructStub#get_ulong() &amp; _DynSequenceStub#get_ulong()&quot; }"/>
        </annotation>
    </item>
    <item name='org.omg.DynamicAny.DynAnyOperations java.io.Serializable get_val()'>
        <annotation name='com.intellij.inspections.tainted.annotation.equation.Equations'>
            <val val="{ &quot;get_val := com.sun.corba.se.impl.dynamicany.DynAnyBasicImpl#get_val() &amp; com.sun.corba.se.impl.dynamicany.DynAnyConstructedImpl#get_val() &amp; _DynArrayStub#get_val() &amp; _DynEnumStub#get_val() &amp; _DynAnyStub#get_val() &amp; _DynFixedStub#get_val() &amp; _DynUnionStub#get_val() &amp; _DynStructStub#get_val() &amp; _DynValueStub#get_val() &amp; _DynSequenceStub#get_val()&quot; }"/>
        </annotation>
    </item>
    <item name='org.omg.DynamicAny.DynAnyOperations java.lang.String get_string()'>
        <annotation name='com.intellij.inspections.tainted.annotation.equation.Equations'>
            <val val="{ &quot;get_string := com.sun.corba.se.impl.dynamicany.DynAnyBasicImpl#get_string() &amp; com.sun.corba.se.impl.dynamicany.DynAnyConstructedImpl#get_string() &amp; _DynAnyStub#get_string() &amp; _DynEnumStub#get_string() &amp; _DynArrayStub#get_string() &amp; _DynUnionStub#get_string() &amp; _DynFixedStub#get_string() &amp; _DynValueStub#get_string() &amp; _DynStructStub#get_string() &amp; _DynSequenceStub#get_string()&quot; }"/>
        </annotation>
    </item>
    <item name='org.omg.DynamicAny.DynAnyOperations java.lang.String get_wstring()'>
        <annotation name='com.intellij.inspections.tainted.annotation.equation.Equations'>
            <val val="{ &quot;get_wstring := com.sun.corba.se.impl.dynamicany.DynAnyBasicImpl#get_wstring() &amp; com.sun.corba.se.impl.dynamicany.DynAnyConstructedImpl#get_wstring() &amp; _DynAnyStub#get_wstring() &amp; _DynEnumStub#get_wstring() &amp; _DynArrayStub#get_wstring() &amp; _DynUnionStub#get_wstring() &amp; _DynFixedStub#get_wstring() &amp; _DynValueStub#get_wstring() &amp; _DynStructStub#get_wstring() &amp; _DynSequenceStub#get_wstring()&quot; }"/>
        </annotation>
    </item>
    <item name='org.omg.DynamicAny.DynAnyOperations long get_longlong()'>
        <annotation name='com.intellij.inspections.tainted.annotation.equation.Equations'>
            <val val="{ &quot;get_longlong := com.sun.corba.se.impl.dynamicany.DynAnyBasicImpl#get_longlong() &amp; com.sun.corba.se.impl.dynamicany.DynAnyConstructedImpl#get_longlong() &amp; _DynArrayStub#get_longlong() &amp; _DynEnumStub#get_longlong() &amp; _DynAnyStub#get_longlong() &amp; _DynFixedStub#get_longlong() &amp; _DynUnionStub#get_longlong() &amp; _DynStructStub#get_longlong() &amp; _DynValueStub#get_longlong() &amp; _DynSequenceStub#get_longlong()&quot; }"/>
        </annotation>
    </item>
    <item name='org.omg.DynamicAny.DynAnyOperations long get_ulonglong()'>
        <annotation name='com.intellij.inspections.tainted.annotation.equation.Equations'>
            <val val="{ &quot;get_ulonglong := com.sun.corba.se.impl.dynamicany.DynAnyBasicImpl#get_ulonglong() &amp; com.sun.corba.se.impl.dynamicany.DynAnyConstructedImpl#get_ulonglong() &amp; _DynArrayStub#get_ulonglong() &amp; _DynEnumStub#get_ulonglong() &amp; _DynAnyStub#get_ulonglong() &amp; _DynFixedStub#get_ulonglong() &amp; _DynUnionStub#get_ulonglong() &amp; _DynStructStub#get_ulonglong() &amp; _DynValueStub#get_ulonglong() &amp; _DynSequenceStub#get_ulonglong()&quot; }"/>
        </annotation>
    </item>
    <item name='org.omg.DynamicAny.DynAnyOperations org.omg.CORBA.Any get_any()'>
        <annotation name='com.intellij.inspections.tainted.annotation.equation.Equations'>
            <val val="{ &quot;get_any := com.sun.corba.se.impl.dynamicany.DynAnyBasicImpl#get_any() &amp; com.sun.corba.se.impl.dynamicany.DynAnyConstructedImpl#get_any() &amp; _DynArrayStub#get_any() &amp; _DynEnumStub#get_any() &amp; _DynAnyStub#get_any() &amp; _DynFixedStub#get_any() &amp; _DynUnionStub#get_any() &amp; _DynStructStub#get_any() &amp; _DynValueStub#get_any() &amp; _DynSequenceStub#get_any()&quot; }"/>
        </annotation>
    </item>
    <item name='org.omg.DynamicAny.DynAnyOperations org.omg.CORBA.Any to_any()'>
        <annotation name='com.intellij.inspections.tainted.annotation.equation.Equations'>
            <val val="{ &quot;to_any := com.sun.corba.se.impl.dynamicany.DynAnyImpl#to_any() &amp; _DynAnyStub#to_any() &amp; _DynArrayStub#to_any() &amp; _DynEnumStub#to_any() &amp; _DynUnionStub#to_any() &amp; _DynFixedStub#to_any() &amp; _DynStructStub#to_any() &amp; _DynValueStub#to_any() &amp; _DynSequenceStub#to_any()&quot; }"/>
        </annotation>
    </item>
    <item name='org.omg.DynamicAny.DynAnyOperations org.omg.CORBA.Object get_reference()'>
        <annotation name='com.intellij.inspections.tainted.annotation.equation.Equations'>
            <val val="{ &quot;get_reference := com.sun.corba.se.impl.dynamicany.DynAnyBasicImpl#get_reference() &amp; com.sun.corba.se.impl.dynamicany.DynAnyConstructedImpl#get_reference() &amp; _DynArrayStub#get_reference() &amp; _DynEnumStub#get_reference() &amp; _DynAnyStub#get_reference() &amp; _DynFixedStub#get_reference() &amp; _DynUnionStub#get_reference() &amp; _DynStructStub#get_reference() &amp; _DynValueStub#get_reference() &amp; _DynSequenceStub#get_reference()&quot; }"/>
        </annotation>
    </item>
    <item name='org.omg.DynamicAny.DynAnyOperations org.omg.CORBA.TypeCode get_typecode()'>
        <annotation name='com.intellij.inspections.tainted.annotation.equation.Equations'>
            <val val="{ &quot;get_typecode := com.sun.corba.se.impl.dynamicany.DynAnyBasicImpl#get_typecode() &amp; com.sun.corba.se.impl.dynamicany.DynAnyConstructedImpl#get_typecode() &amp; _DynArrayStub#get_typecode() &amp; _DynEnumStub#get_typecode() &amp; _DynAnyStub#get_typecode() &amp; _DynFixedStub#get_typecode() &amp; _DynUnionStub#get_typecode() &amp; _DynStructStub#get_typecode() &amp; _DynValueStub#get_typecode() &amp; _DynSequenceStub#get_typecode()&quot; }"/>
        </annotation>
    </item>
    <item name='org.omg.DynamicAny.DynAnyOperations org.omg.CORBA.TypeCode type()'>
        <annotation name='com.intellij.inspections.tainted.annotation.equation.Equations'>
            <val val="{ &quot;type := com.sun.corba.se.impl.dynamicany.DynAnyImpl#type() &amp; _DynAnyStub#type() &amp; _DynArrayStub#type() &amp; _DynEnumStub#type() &amp; _DynUnionStub#type() &amp; _DynFixedStub#type() &amp; _DynStructStub#type() &amp; _DynValueStub#type() &amp; _DynSequenceStub#type()&quot; }"/>
        </annotation>
    </item>
    <item name='org.omg.DynamicAny.DynAnyOperations org.omg.DynamicAny.DynAny copy()'>
        <annotation name='com.intellij.inspections.tainted.annotation.equation.Equations'>
            <val val="{ &quot;copy := com.sun.corba.se.impl.dynamicany.DynAnyImpl#copy() &amp; _DynAnyStub#copy() &amp; _DynArrayStub#copy() &amp; _DynEnumStub#copy() &amp; _DynUnionStub#copy() &amp; _DynFixedStub#copy() &amp; _DynStructStub#copy() &amp; _DynValueStub#copy() &amp; _DynSequenceStub#copy()&quot; }"/>
        </annotation>
    </item>
    <item name='org.omg.DynamicAny.DynAnyOperations org.omg.DynamicAny.DynAny current_component()'>
        <annotation name='com.intellij.inspections.tainted.annotation.equation.Equations'>
            <val val="{ &quot;current_component := com.sun.corba.se.impl.dynamicany.DynAnyBasicImpl#current_component() &amp; com.sun.corba.se.impl.dynamicany.DynAnyConstructedImpl#current_component() &amp; _DynArrayStub#current_component() &amp; _DynEnumStub#current_component() &amp; _DynAnyStub#current_component() &amp; _DynFixedStub#current_component() &amp; _DynUnionStub#current_component() &amp; _DynStructStub#current_component() &amp; _DynValueStub#current_component() &amp; _DynSequenceStub#current_component() &amp; com.sun.corba.se.impl.dynamicany.DynEnumImpl#current_component()&quot; }"/>
        </annotation>
    </item>
    <item name='org.omg.DynamicAny.DynAnyOperations org.omg.DynamicAny.DynAny get_dyn_any()'>
        <annotation name='com.intellij.inspections.tainted.annotation.equation.Equations'>
            <val val="{ &quot;get_dyn_any := com.sun.corba.se.impl.dynamicany.DynAnyBasicImpl#get_dyn_any() &amp; com.sun.corba.se.impl.dynamicany.DynAnyConstructedImpl#get_dyn_any() &amp; _DynArrayStub#get_dyn_any() &amp; _DynEnumStub#get_dyn_any() &amp; _DynAnyStub#get_dyn_any() &amp; _DynFixedStub#get_dyn_any() &amp; _DynUnionStub#get_dyn_any() &amp; _DynStructStub#get_dyn_any() &amp; _DynValueStub#get_dyn_any() &amp; _DynSequenceStub#get_dyn_any()&quot; }"/>
        </annotation>
    </item>
    <item name='org.omg.DynamicAny.DynAnyOperations short get_short()'>
        <annotation name='com.intellij.inspections.tainted.annotation.equation.Equations'>
            <val val="{ &quot;get_short := com.sun.corba.se.impl.dynamicany.DynAnyBasicImpl#get_short() &amp; com.sun.corba.se.impl.dynamicany.DynAnyConstructedImpl#get_short() &amp; _DynAnyStub#get_short() &amp; _DynEnumStub#get_short() &amp; _DynArrayStub#get_short() &amp; _DynUnionStub#get_short() &amp; _DynFixedStub#get_short() &amp; _DynValueStub#get_short() &amp; _DynStructStub#get_short() &amp; _DynSequenceStub#get_short()&quot; }"/>
        </annotation>
    </item>
    <item name='org.omg.DynamicAny.DynAnyOperations short get_ushort()'>
        <annotation name='com.intellij.inspections.tainted.annotation.equation.Equations'>
            <val val="{ &quot;get_ushort := com.sun.corba.se.impl.dynamicany.DynAnyBasicImpl#get_ushort() &amp; com.sun.corba.se.impl.dynamicany.DynAnyConstructedImpl#get_ushort() &amp; _DynArrayStub#get_ushort() &amp; _DynEnumStub#get_ushort() &amp; _DynAnyStub#get_ushort() &amp; _DynFixedStub#get_ushort() &amp; _DynUnionStub#get_ushort() &amp; _DynStructStub#get_ushort() &amp; _DynValueStub#get_ushort() &amp; _DynSequenceStub#get_ushort()&quot; }"/>
        </annotation>
    </item>
    <item name='org.omg.DynamicAny.DynAnyOperations void assign(org.omg.DynamicAny.DynAny)'>
        <annotation name='com.intellij.inspections.tainted.annotation.equation.Equations'>
            <val val="{ &quot;dyn_any := _DynAnyStub#assign(org.omg.DynamicAny.DynAny)#0 &amp; _DynEnumStub#assign(org.omg.DynamicAny.DynAny)#0 &amp; _DynArrayStub#assign(org.omg.DynamicAny.DynAny)#0 &amp; _DynUnionStub#assign(org.omg.DynamicAny.DynAny)#0 &amp; _DynFixedStub#assign(org.omg.DynamicAny.DynAny)#0 &amp; _DynStructStub#assign(org.omg.DynamicAny.DynAny)#0 &amp; _DynValueStub#assign(org.omg.DynamicAny.DynAny)#0 &amp; _DynSequenceStub#assign(org.omg.DynamicAny.DynAny)#0 &amp; com.sun.corba.se.impl.dynamicany.DynAnyImpl#assign(org.omg.DynamicAny.DynAny)#0&quot; }"/>
        </annotation>
    </item>
    <item name='org.omg.DynamicAny.DynAnyOperations void from_any(org.omg.CORBA.Any)'>
        <annotation name='com.intellij.inspections.tainted.annotation.equation.Equations'>
            <val val="{ &quot;value := _DynAnyStub#from_any(org.omg.CORBA.Any)#0 &amp; _DynEnumStub#from_any(org.omg.CORBA.Any)#0 &amp; _DynArrayStub#from_any(org.omg.CORBA.Any)#0 &amp; _DynUnionStub#from_any(org.omg.CORBA.Any)#0 &amp; _DynFixedStub#from_any(org.omg.CORBA.Any)#0 &amp; _DynStructStub#from_any(org.omg.CORBA.Any)#0 &amp; _DynValueStub#from_any(org.omg.CORBA.Any)#0 &amp; _DynSequenceStub#from_any(org.omg.CORBA.Any)#0 &amp; com.sun.corba.se.impl.dynamicany.DynAnyImpl#from_any(org.omg.CORBA.Any)#0&quot; }"/>
        </annotation>
    </item>
    <item name='org.omg.DynamicAny.DynAnyOperations void insert_any(org.omg.CORBA.Any)'>
        <annotation name='com.intellij.inspections.tainted.annotation.equation.Equations'>
            <val val="{ &quot;value := com.sun.corba.se.impl.dynamicany.DynAnyBasicImpl#insert_any(org.omg.CORBA.Any)#0 &amp; com.sun.corba.se.impl.dynamicany.DynAnyConstructedImpl#insert_any(org.omg.CORBA.Any)#0 &amp; _DynArrayStub#insert_any(org.omg.CORBA.Any)#0 &amp; _DynEnumStub#insert_any(org.omg.CORBA.Any)#0 &amp; _DynAnyStub#insert_any(org.omg.CORBA.Any)#0 &amp; _DynUnionStub#insert_any(org.omg.CORBA.Any)#0 &amp; _DynFixedStub#insert_any(org.omg.CORBA.Any)#0 &amp; _DynStructStub#insert_any(org.omg.CORBA.Any)#0 &amp; _DynValueStub#insert_any(org.omg.CORBA.Any)#0 &amp; _DynSequenceStub#insert_any(org.omg.CORBA.Any)#0&quot; }"/>
        </annotation>
    </item>
    <item name='org.omg.DynamicAny.DynAnyOperations void insert_char(char)'>
        <annotation name='com.intellij.inspections.tainted.annotation.equation.Equations'>
            <val val="{ &quot;value := com.sun.corba.se.impl.dynamicany.DynAnyConstructedImpl#insert_char(char)#0 &amp; _DynAnyStub#insert_char(char)#0 &amp; _DynArrayStub#insert_char(char)#0 &amp; _DynEnumStub#insert_char(char)#0 &amp; _DynFixedStub#insert_char(char)#0 &amp; _DynUnionStub#insert_char(char)#0 &amp; _DynStructStub#insert_char(char)#0 &amp; _DynValueStub#insert_char(char)#0 &amp; _DynSequenceStub#insert_char(char)#0 &amp; com.sun.corba.se.impl.dynamicany.DynAnyBasicImpl#insert_char(char)#0&quot; }"/>
        </annotation>
    </item>
    <item name='org.omg.DynamicAny.DynAnyOperations void insert_double(double)'>
        <annotation name='com.intellij.inspections.tainted.annotation.equation.Equations'>
            <val val="{ &quot;value := com.sun.corba.se.impl.dynamicany.DynAnyBasicImpl#insert_double(double)#0 &amp; com.sun.corba.se.impl.dynamicany.DynAnyConstructedImpl#insert_double(double)#0 &amp; _DynArrayStub#insert_double(double)#0 &amp; _DynEnumStub#insert_double(double)#0 &amp; _DynAnyStub#insert_double(double)#0 &amp; _DynUnionStub#insert_double(double)#0 &amp; _DynFixedStub#insert_double(double)#0 &amp; _DynStructStub#insert_double(double)#0 &amp; _DynValueStub#insert_double(double)#0 &amp; _DynSequenceStub#insert_double(double)#0&quot; }"/>
        </annotation>
    </item>
    <item name='org.omg.DynamicAny.DynAnyOperations void insert_dyn_any(org.omg.DynamicAny.DynAny)'>
        <annotation name='com.intellij.inspections.tainted.annotation.equation.Equations'>
            <val val="{ &quot;value := com.sun.corba.se.impl.dynamicany.DynAnyBasicImpl#insert_dyn_any(org.omg.DynamicAny.DynAny)#0 &amp; com.sun.corba.se.impl.dynamicany.DynAnyConstructedImpl#insert_dyn_any(org.omg.DynamicAny.DynAny)#0 &amp; _DynArrayStub#insert_dyn_any(org.omg.DynamicAny.DynAny)#0 &amp; _DynEnumStub#insert_dyn_any(org.omg.DynamicAny.DynAny)#0 &amp; _DynAnyStub#insert_dyn_any(org.omg.DynamicAny.DynAny)#0 &amp; _DynUnionStub#insert_dyn_any(org.omg.DynamicAny.DynAny)#0 &amp; _DynFixedStub#insert_dyn_any(org.omg.DynamicAny.DynAny)#0 &amp; _DynStructStub#insert_dyn_any(org.omg.DynamicAny.DynAny)#0 &amp; _DynValueStub#insert_dyn_any(org.omg.DynamicAny.DynAny)#0 &amp; _DynSequenceStub#insert_dyn_any(org.omg.DynamicAny.DynAny)#0&quot; }"/>
        </annotation>
    </item>
    <item name='org.omg.DynamicAny.DynAnyOperations void insert_float(float)'>
        <annotation name='com.intellij.inspections.tainted.annotation.equation.Equations'>
            <val val="{ &quot;value := com.sun.corba.se.impl.dynamicany.DynAnyConstructedImpl#insert_float(float)#0 &amp; _DynArrayStub#insert_float(float)#0 &amp; _DynEnumStub#insert_float(float)#0 &amp; _DynAnyStub#insert_float(float)#0 &amp; _DynFixedStub#insert_float(float)#0 &amp; _DynUnionStub#insert_float(float)#0 &amp; _DynStructStub#insert_float(float)#0 &amp; _DynValueStub#insert_float(float)#0 &amp; _DynSequenceStub#insert_float(float)#0 &amp; com.sun.corba.se.impl.dynamicany.DynAnyBasicImpl#insert_float(float)#0&quot; }"/>
        </annotation>
    </item>
    <item name='org.omg.DynamicAny.DynAnyOperations void insert_long(int)'>
        <annotation name='com.intellij.inspections.tainted.annotation.equation.Equations'>
            <val val="{ &quot;value := com.sun.corba.se.impl.dynamicany.DynAnyBasicImpl#insert_long(int)#0 &amp; com.sun.corba.se.impl.dynamicany.DynAnyConstructedImpl#insert_long(int)#0 &amp; _DynArrayStub#insert_long(int)#0 &amp; _DynEnumStub#insert_long(int)#0 &amp; _DynAnyStub#insert_long(int)#0 &amp; _DynFixedStub#insert_long(int)#0 &amp; _DynUnionStub#insert_long(int)#0 &amp; _DynStructStub#insert_long(int)#0 &amp; _DynValueStub#insert_long(int)#0 &amp; _DynSequenceStub#insert_long(int)#0&quot; }"/>
        </annotation>
    </item>
    <item name='org.omg.DynamicAny.DynAnyOperations void insert_longlong(long)'>
        <annotation name='com.intellij.inspections.tainted.annotation.equation.Equations'>
            <val val="{ &quot;value := com.sun.corba.se.impl.dynamicany.DynAnyConstructedImpl#insert_longlong(long)#0 &amp; _DynArrayStub#insert_longlong(long)#0 &amp; _DynEnumStub#insert_longlong(long)#0 &amp; _DynAnyStub#insert_longlong(long)#0 &amp; _DynUnionStub#insert_longlong(long)#0 &amp; _DynFixedStub#insert_longlong(long)#0 &amp; _DynStructStub#insert_longlong(long)#0 &amp; _DynValueStub#insert_longlong(long)#0 &amp; _DynSequenceStub#insert_longlong(long)#0 &amp; com.sun.corba.se.impl.dynamicany.DynAnyBasicImpl#insert_longlong(long)#0&quot; }"/>
        </annotation>
    </item>
    <item name='org.omg.DynamicAny.DynAnyOperations void insert_octet(byte)'>
        <annotation name='com.intellij.inspections.tainted.annotation.equation.Equations'>
            <val val="{ &quot;value := com.sun.corba.se.impl.dynamicany.DynAnyBasicImpl#insert_octet(byte)#0 &amp; com.sun.corba.se.impl.dynamicany.DynAnyConstructedImpl#insert_octet(byte)#0 &amp; _DynAnyStub#insert_octet(byte)#0 &amp; _DynArrayStub#insert_octet(byte)#0 &amp; _DynEnumStub#insert_octet(byte)#0 &amp; _DynUnionStub#insert_octet(byte)#0 &amp; _DynFixedStub#insert_octet(byte)#0 &amp; _DynStructStub#insert_octet(byte)#0 &amp; _DynValueStub#insert_octet(byte)#0 &amp; _DynSequenceStub#insert_octet(byte)#0&quot; }"/>
        </annotation>
    </item>
    <item name='org.omg.DynamicAny.DynAnyOperations void insert_reference(org.omg.CORBA.Object)'>
        <annotation name='com.intellij.inspections.tainted.annotation.equation.Equations'>
            <val val="{ &quot;value := com.sun.corba.se.impl.dynamicany.DynAnyConstructedImpl#insert_reference(org.omg.CORBA.Object)#0 &amp; _DynArrayStub#insert_reference(org.omg.CORBA.Object)#0 &amp; _DynEnumStub#insert_reference(org.omg.CORBA.Object)#0 &amp; _DynAnyStub#insert_reference(org.omg.CORBA.Object)#0 &amp; _DynUnionStub#insert_reference(org.omg.CORBA.Object)#0 &amp; _DynFixedStub#insert_reference(org.omg.CORBA.Object)#0 &amp; _DynStructStub#insert_reference(org.omg.CORBA.Object)#0 &amp; _DynValueStub#insert_reference(org.omg.CORBA.Object)#0 &amp; _DynSequenceStub#insert_reference(org.omg.CORBA.Object)#0 &amp; com.sun.corba.se.impl.dynamicany.DynAnyBasicImpl#insert_reference(org.omg.CORBA.Object)#0&quot; }"/>
        </annotation>
    </item>
    <item name='org.omg.DynamicAny.DynAnyOperations void insert_short(short)'>
        <annotation name='com.intellij.inspections.tainted.annotation.equation.Equations'>
            <val val="{ &quot;value := com.sun.corba.se.impl.dynamicany.DynAnyConstructedImpl#insert_short(short)#0 &amp; _DynArrayStub#insert_short(short)#0 &amp; _DynEnumStub#insert_short(short)#0 &amp; _DynAnyStub#insert_short(short)#0 &amp; _DynFixedStub#insert_short(short)#0 &amp; _DynUnionStub#insert_short(short)#0 &amp; _DynStructStub#insert_short(short)#0 &amp; _DynValueStub#insert_short(short)#0 &amp; _DynSequenceStub#insert_short(short)#0 &amp; com.sun.corba.se.impl.dynamicany.DynAnyBasicImpl#insert_short(short)#0&quot; }"/>
        </annotation>
    </item>
    <item name='org.omg.DynamicAny.DynAnyOperations void insert_string(java.lang.String)'>
        <annotation name='com.intellij.inspections.tainted.annotation.equation.Equations'>
            <val val="{ &quot;value := com.sun.corba.se.impl.dynamicany.DynAnyBasicImpl#insert_string(java.lang.String)#0 &amp; com.sun.corba.se.impl.dynamicany.DynAnyConstructedImpl#insert_string(java.lang.String)#0 &amp; _DynArrayStub#insert_string(java.lang.String)#0 &amp; _DynEnumStub#insert_string(java.lang.String)#0 &amp; _DynAnyStub#insert_string(java.lang.String)#0 &amp; _DynUnionStub#insert_string(java.lang.String)#0 &amp; _DynFixedStub#insert_string(java.lang.String)#0 &amp; _DynStructStub#insert_string(java.lang.String)#0 &amp; _DynValueStub#insert_string(java.lang.String)#0 &amp; _DynSequenceStub#insert_string(java.lang.String)#0&quot; }"/>
        </annotation>
    </item>
    <item name='org.omg.DynamicAny.DynAnyOperations void insert_typecode(org.omg.CORBA.TypeCode)'>
        <annotation name='com.intellij.inspections.tainted.annotation.equation.Equations'>
            <val val="{ &quot;value := com.sun.corba.se.impl.dynamicany.DynAnyBasicImpl#insert_typecode(org.omg.CORBA.TypeCode)#0 &amp; com.sun.corba.se.impl.dynamicany.DynAnyConstructedImpl#insert_typecode(org.omg.CORBA.TypeCode)#0 &amp; _DynArrayStub#insert_typecode(org.omg.CORBA.TypeCode)#0 &amp; _DynEnumStub#insert_typecode(org.omg.CORBA.TypeCode)#0 &amp; _DynAnyStub#insert_typecode(org.omg.CORBA.TypeCode)#0 &amp; _DynUnionStub#insert_typecode(org.omg.CORBA.TypeCode)#0 &amp; _DynFixedStub#insert_typecode(org.omg.CORBA.TypeCode)#0 &amp; _DynStructStub#insert_typecode(org.omg.CORBA.TypeCode)#0 &amp; _DynValueStub#insert_typecode(org.omg.CORBA.TypeCode)#0 &amp; _DynSequenceStub#insert_typecode(org.omg.CORBA.TypeCode)#0&quot; }"/>
        </annotation>
    </item>
    <item name='org.omg.DynamicAny.DynAnyOperations void insert_ulong(int)'>
        <annotation name='com.intellij.inspections.tainted.annotation.equation.Equations'>
            <val val="{ &quot;value := com.sun.corba.se.impl.dynamicany.DynAnyConstructedImpl#insert_ulong(int)#0 &amp; _DynArrayStub#insert_ulong(int)#0 &amp; _DynEnumStub#insert_ulong(int)#0 &amp; _DynAnyStub#insert_ulong(int)#0 &amp; _DynFixedStub#insert_ulong(int)#0 &amp; _DynUnionStub#insert_ulong(int)#0 &amp; _DynStructStub#insert_ulong(int)#0 &amp; _DynValueStub#insert_ulong(int)#0 &amp; _DynSequenceStub#insert_ulong(int)#0 &amp; com.sun.corba.se.impl.dynamicany.DynAnyBasicImpl#insert_ulong(int)#0&quot; }"/>
        </annotation>
    </item>
    <item name='org.omg.DynamicAny.DynAnyOperations void insert_ulonglong(long)'>
        <annotation name='com.intellij.inspections.tainted.annotation.equation.Equations'>
            <val val="{ &quot;value := com.sun.corba.se.impl.dynamicany.DynAnyBasicImpl#insert_ulonglong(long)#0 &amp; com.sun.corba.se.impl.dynamicany.DynAnyConstructedImpl#insert_ulonglong(long)#0 &amp; _DynArrayStub#insert_ulonglong(long)#0 &amp; _DynEnumStub#insert_ulonglong(long)#0 &amp; _DynAnyStub#insert_ulonglong(long)#0 &amp; _DynUnionStub#insert_ulonglong(long)#0 &amp; _DynFixedStub#insert_ulonglong(long)#0 &amp; _DynStructStub#insert_ulonglong(long)#0 &amp; _DynValueStub#insert_ulonglong(long)#0 &amp; _DynSequenceStub#insert_ulonglong(long)#0&quot; }"/>
        </annotation>
    </item>
    <item name='org.omg.DynamicAny.DynAnyOperations void insert_ushort(short)'>
        <annotation name='com.intellij.inspections.tainted.annotation.equation.Equations'>
            <val val="{ &quot;value := com.sun.corba.se.impl.dynamicany.DynAnyConstructedImpl#insert_ushort(short)#0 &amp; _DynArrayStub#insert_ushort(short)#0 &amp; _DynEnumStub#insert_ushort(short)#0 &amp; _DynAnyStub#insert_ushort(short)#0 &amp; _DynFixedStub#insert_ushort(short)#0 &amp; _DynUnionStub#insert_ushort(short)#0 &amp; _DynStructStub#insert_ushort(short)#0 &amp; _DynValueStub#insert_ushort(short)#0 &amp; _DynSequenceStub#insert_ushort(short)#0 &amp; com.sun.corba.se.impl.dynamicany.DynAnyBasicImpl#insert_ushort(short)#0&quot; }"/>
        </annotation>
    </item>
    <item name='org.omg.DynamicAny.DynAnyOperations void insert_val(java.io.Serializable)'>
        <annotation name='com.intellij.inspections.tainted.annotation.equation.Equations'>
            <val val="{ &quot;value := com.sun.corba.se.impl.dynamicany.DynAnyConstructedImpl#insert_val(java.io.Serializable)#0 &amp; _DynArrayStub#insert_val(java.io.Serializable)#0 &amp; _DynEnumStub#insert_val(java.io.Serializable)#0 &amp; _DynAnyStub#insert_val(java.io.Serializable)#0 &amp; _DynUnionStub#insert_val(java.io.Serializable)#0 &amp; _DynFixedStub#insert_val(java.io.Serializable)#0 &amp; _DynStructStub#insert_val(java.io.Serializable)#0 &amp; _DynValueStub#insert_val(java.io.Serializable)#0 &amp; _DynSequenceStub#insert_val(java.io.Serializable)#0 &amp; com.sun.corba.se.impl.dynamicany.DynAnyBasicImpl#insert_val(java.io.Serializable)#0&quot; }"/>
        </annotation>
    </item>
    <item name='org.omg.DynamicAny.DynAnyOperations void insert_wchar(char)'>
        <annotation name='com.intellij.inspections.tainted.annotation.equation.Equations'>
            <val val="{ &quot;value := com.sun.corba.se.impl.dynamicany.DynAnyConstructedImpl#insert_wchar(char)#0 &amp; _DynArrayStub#insert_wchar(char)#0 &amp; _DynEnumStub#insert_wchar(char)#0 &amp; _DynAnyStub#insert_wchar(char)#0 &amp; _DynUnionStub#insert_wchar(char)#0 &amp; _DynFixedStub#insert_wchar(char)#0 &amp; _DynStructStub#insert_wchar(char)#0 &amp; _DynValueStub#insert_wchar(char)#0 &amp; _DynSequenceStub#insert_wchar(char)#0 &amp; com.sun.corba.se.impl.dynamicany.DynAnyBasicImpl#insert_wchar(char)#0&quot; }"/>
        </annotation>
    </item>
    <item name='org.omg.DynamicAny.DynAnyOperations void insert_wstring(java.lang.String)'>
        <annotation name='com.intellij.inspections.tainted.annotation.equation.Equations'>
            <val val="{ &quot;value := com.sun.corba.se.impl.dynamicany.DynAnyConstructedImpl#insert_wstring(java.lang.String)#0 &amp; _DynArrayStub#insert_wstring(java.lang.String)#0 &amp; _DynEnumStub#insert_wstring(java.lang.String)#0 &amp; _DynAnyStub#insert_wstring(java.lang.String)#0 &amp; _DynUnionStub#insert_wstring(java.lang.String)#0 &amp; _DynFixedStub#insert_wstring(java.lang.String)#0 &amp; _DynStructStub#insert_wstring(java.lang.String)#0 &amp; _DynValueStub#insert_wstring(java.lang.String)#0 &amp; _DynSequenceStub#insert_wstring(java.lang.String)#0 &amp; com.sun.corba.se.impl.dynamicany.DynAnyBasicImpl#insert_wstring(java.lang.String)#0&quot; }"/>
        </annotation>
    </item>
    <item name='org.omg.DynamicAny.DynArrayOperations org.omg.CORBA.Any[] get_elements()'>
        <annotation name='com.intellij.inspections.tainted.annotation.equation.Equations'>
            <val val="{ &quot;get_elements := _DynArrayStub#get_elements()&quot; }"/>
        </annotation>
    </item>
    <item name='org.omg.DynamicAny.DynArrayOperations org.omg.DynamicAny.DynAny[] get_elements_as_dyn_any()'>
        <annotation name='com.intellij.inspections.tainted.annotation.equation.Equations'>
            <val val="{ &quot;get_elements_as_dyn_any := _DynArrayStub#get_elements_as_dyn_any()&quot; }"/>
        </annotation>
    </item>
    <item name='org.omg.DynamicAny.DynArrayOperations void set_elements(org.omg.CORBA.Any[])'>
        <annotation name='com.intellij.inspections.tainted.annotation.equation.Equations'>
            <val val="{ &quot;value := _DynArrayStub#set_elements(org.omg.CORBA.Any[])#0&quot; }"/>
        </annotation>
    </item>
    <item name='org.omg.DynamicAny.DynArrayOperations void set_elements_as_dyn_any(org.omg.DynamicAny.DynAny[])'>
        <annotation name='com.intellij.inspections.tainted.annotation.equation.Equations'>
            <val val="{ &quot;value := _DynArrayStub#set_elements_as_dyn_any(org.omg.DynamicAny.DynAny[])#0&quot; }"/>
        </annotation>
    </item>
    <item name='org.omg.DynamicAny.DynEnumOperations int get_as_ulong()'>
        <annotation name='com.intellij.inspections.tainted.annotation.equation.Equations'>
            <val val="{ &quot;get_as_ulong := _DynEnumStub#get_as_ulong() &amp; com.sun.corba.se.impl.dynamicany.DynEnumImpl#get_as_ulong()&quot; }"/>
        </annotation>
    </item>
    <item name='org.omg.DynamicAny.DynEnumOperations java.lang.String get_as_string()'>
        <annotation name='com.intellij.inspections.tainted.annotation.equation.Equations'>
            <val val="{ &quot;get_as_string := _DynEnumStub#get_as_string() &amp; com.sun.corba.se.impl.dynamicany.DynEnumImpl#get_as_string()&quot; }"/>
        </annotation>
    </item>
    <item name='org.omg.DynamicAny.DynEnumOperations void set_as_string(java.lang.String)'>
        <annotation name='com.intellij.inspections.tainted.annotation.equation.Equations'>
            <val val="{ &quot;value := com.sun.corba.se.impl.dynamicany.DynEnumImpl#set_as_string(java.lang.String)#0 &amp; _DynEnumStub#set_as_string(java.lang.String)#0&quot; }"/>
        </annotation>
    </item>
    <item name='org.omg.DynamicAny.DynEnumOperations void set_as_ulong(int)'>
        <annotation name='com.intellij.inspections.tainted.annotation.equation.Equations'>
            <val val="{ &quot;value := _DynEnumStub#set_as_ulong(int)#0 &amp; com.sun.corba.se.impl.dynamicany.DynEnumImpl#set_as_ulong(int)#0&quot; }"/>
        </annotation>
    </item>
    <item name='org.omg.DynamicAny.DynFixedOperations boolean set_value(java.lang.String)'>
        <annotation name='com.intellij.inspections.tainted.annotation.equation.Equations'>
            <val val="{ &quot;val := _DynFixedStub#set_value(java.lang.String)#0 &amp; com.sun.corba.se.impl.dynamicany.DynFixedImpl#set_value(java.lang.String)#0&quot; }"/>
        </annotation>
    </item>
    <item name='org.omg.DynamicAny.DynFixedOperations java.lang.String get_value()'>
        <annotation name='com.intellij.inspections.tainted.annotation.equation.Equations'>
            <val val="{ &quot;get_value := com.sun.corba.se.impl.dynamicany.DynFixedImpl#get_value() &amp; _DynFixedStub#get_value()&quot; }"/>
        </annotation>
    </item>
    <item name='org.omg.DynamicAny.DynSequenceOperations int get_length()'>
        <annotation name='com.intellij.inspections.tainted.annotation.equation.Equations'>
            <val val="{ &quot;get_length := _DynSequenceStub#get_length() &amp; com.sun.corba.se.impl.dynamicany.DynSequenceImpl#get_length()&quot; }"/>
        </annotation>
    </item>
    <item name='org.omg.DynamicAny.DynSequenceOperations org.omg.CORBA.Any[] get_elements()'>
        <annotation name='com.intellij.inspections.tainted.annotation.equation.Equations'>
            <val val="{ &quot;get_elements := _DynSequenceStub#get_elements()&quot; }"/>
        </annotation>
    </item>
    <item name='org.omg.DynamicAny.DynSequenceOperations org.omg.DynamicAny.DynAny[] get_elements_as_dyn_any()'>
        <annotation name='com.intellij.inspections.tainted.annotation.equation.Equations'>
            <val val="{ &quot;get_elements_as_dyn_any := _DynSequenceStub#get_elements_as_dyn_any()&quot; }"/>
        </annotation>
    </item>
    <item name='org.omg.DynamicAny.DynSequenceOperations void set_elements(org.omg.CORBA.Any[])'>
        <annotation name='com.intellij.inspections.tainted.annotation.equation.Equations'>
            <val val="{ &quot;value := _DynSequenceStub#set_elements(org.omg.CORBA.Any[])#0&quot; }"/>
        </annotation>
    </item>
    <item name='org.omg.DynamicAny.DynSequenceOperations void set_elements_as_dyn_any(org.omg.DynamicAny.DynAny[])'>
        <annotation name='com.intellij.inspections.tainted.annotation.equation.Equations'>
            <val val="{ &quot;value := _DynSequenceStub#set_elements_as_dyn_any(org.omg.DynamicAny.DynAny[])#0&quot; }"/>
        </annotation>
    </item>
    <item name='org.omg.DynamicAny.DynSequenceOperations void set_length(int)'>
        <annotation name='com.intellij.inspections.tainted.annotation.equation.Equations'>
            <val val="{ &quot;len := _DynSequenceStub#set_length(int)#0 &amp; com.sun.corba.se.impl.dynamicany.DynSequenceImpl#set_length(int)#0&quot; }"/>
        </annotation>
    </item>
    <item name='org.omg.DynamicAny.DynStructOperations java.lang.String current_member_name()'>
        <annotation name='com.intellij.inspections.tainted.annotation.equation.Equations'>
            <val val="{ &quot;current_member_name := _DynStructStub#current_member_name()&quot; }"/>
        </annotation>
    </item>
    <item name='org.omg.DynamicAny.DynStructOperations org.omg.CORBA.TCKind current_member_kind()'>
        <annotation name='com.intellij.inspections.tainted.annotation.equation.Equations'>
            <val val="{ &quot;current_member_kind := _DynStructStub#current_member_kind()&quot; }"/>
        </annotation>
    </item>
    <item name='org.omg.DynamicAny.DynStructOperations org.omg.DynamicAny.NameDynAnyPair[] get_members_as_dyn_any()'>
        <annotation name='com.intellij.inspections.tainted.annotation.equation.Equations'>
            <val val="{ &quot;get_members_as_dyn_any := _DynStructStub#get_members_as_dyn_any() &amp; com.sun.corba.se.impl.dynamicany.DynStructImpl#get_members_as_dyn_any()&quot; }"/>
        </annotation>
    </item>
    <item name='org.omg.DynamicAny.DynStructOperations org.omg.DynamicAny.NameValuePair[] get_members()'>
        <annotation name='com.intellij.inspections.tainted.annotation.equation.Equations'>
            <val val="{ &quot;get_members := com.sun.corba.se.impl.dynamicany.DynStructImpl#get_members() &amp; _DynStructStub#get_members()&quot; }"/>
        </annotation>
    </item>
    <item name='org.omg.DynamicAny.DynStructOperations void set_members(org.omg.DynamicAny.NameValuePair[])'>
        <annotation name='com.intellij.inspections.tainted.annotation.equation.Equations'>
            <val val="{ &quot;value := _DynStructStub#set_members(org.omg.DynamicAny.NameValuePair[])#0&quot; }"/>
        </annotation>
    </item>
    <item name='org.omg.DynamicAny.DynStructOperations void set_members_as_dyn_any(org.omg.DynamicAny.NameDynAnyPair[])'>
        <annotation name='com.intellij.inspections.tainted.annotation.equation.Equations'>
            <val val="{ &quot;value := _DynStructStub#set_members_as_dyn_any(org.omg.DynamicAny.NameDynAnyPair[])#0&quot; }"/>
        </annotation>
    </item>
    <item name='org.omg.DynamicAny.DynUnionOperations java.lang.String member_name()'>
        <annotation name='com.intellij.inspections.tainted.annotation.equation.Equations'>
            <val val="{ &quot;member_name := com.sun.corba.se.impl.dynamicany.DynUnionImpl#member_name() &amp; _DynUnionStub#member_name()&quot; }"/>
        </annotation>
    </item>
    <item name='org.omg.DynamicAny.DynUnionOperations org.omg.CORBA.TCKind discriminator_kind()'>
        <annotation name='com.intellij.inspections.tainted.annotation.equation.Equations'>
            <val val="{ &quot;discriminator_kind := com.sun.corba.se.impl.dynamicany.DynUnionImpl#discriminator_kind() &amp; _DynUnionStub#discriminator_kind()&quot; }"/>
        </annotation>
    </item>
    <item name='org.omg.DynamicAny.DynUnionOperations org.omg.CORBA.TCKind member_kind()'>
        <annotation name='com.intellij.inspections.tainted.annotation.equation.Equations'>
            <val val="{ &quot;member_kind := _DynUnionStub#member_kind() &amp; com.sun.corba.se.impl.dynamicany.DynUnionImpl#member_kind()&quot; }"/>
        </annotation>
    </item>
    <item name='org.omg.DynamicAny.DynUnionOperations org.omg.DynamicAny.DynAny get_discriminator()'>
        <annotation name='com.intellij.inspections.tainted.annotation.equation.Equations'>
            <val val="{ &quot;get_discriminator := com.sun.corba.se.impl.dynamicany.DynUnionImpl#get_discriminator() &amp; _DynUnionStub#get_discriminator()&quot; }"/>
        </annotation>
    </item>
    <item name='org.omg.DynamicAny.DynUnionOperations org.omg.DynamicAny.DynAny member()'>
        <annotation name='com.intellij.inspections.tainted.annotation.equation.Equations'>
            <val val="{ &quot;member := com.sun.corba.se.impl.dynamicany.DynUnionImpl#member() &amp; _DynUnionStub#member()&quot; }"/>
        </annotation>
    </item>
    <item name='org.omg.DynamicAny.DynUnionOperations void set_discriminator(org.omg.DynamicAny.DynAny)'>
        <annotation name='com.intellij.inspections.tainted.annotation.equation.Equations'>
            <val val="{ &quot;d := _DynUnionStub#set_discriminator(org.omg.DynamicAny.DynAny)#0 &amp; com.sun.corba.se.impl.dynamicany.DynUnionImpl#set_discriminator(org.omg.DynamicAny.DynAny)#0&quot; }"/>
        </annotation>
    </item>
    <item name='org.omg.DynamicAny.DynValueBoxOperations org.omg.CORBA.Any get_boxed_value()'>
        <annotation name='com.intellij.inspections.tainted.annotation.equation.Equations'>
            <val val="{ &quot;get_boxed_value := com.sun.corba.se.impl.dynamicany.DynValueBoxImpl#get_boxed_value()&quot; }"/>
        </annotation>
    </item>
    <item name='org.omg.DynamicAny.DynValueBoxOperations org.omg.DynamicAny.DynAny get_boxed_value_as_dyn_any()'>
        <annotation name='com.intellij.inspections.tainted.annotation.equation.Equations'>
            <val val="{ &quot;get_boxed_value_as_dyn_any := com.sun.corba.se.impl.dynamicany.DynValueBoxImpl#get_boxed_value_as_dyn_any()&quot; }"/>
        </annotation>
    </item>
    <item name='org.omg.DynamicAny.DynValueBoxOperations void set_boxed_value(org.omg.CORBA.Any)'>
        <annotation name='com.intellij.inspections.tainted.annotation.equation.Equations'>
            <val val="{ &quot;boxed := com.sun.corba.se.impl.dynamicany.DynValueBoxImpl#set_boxed_value(org.omg.CORBA.Any)#0&quot; }"/>
        </annotation>
    </item>
    <item name='org.omg.DynamicAny.DynValueBoxOperations void set_boxed_value_as_dyn_any(org.omg.DynamicAny.DynAny)'>
        <annotation name='com.intellij.inspections.tainted.annotation.equation.Equations'>
            <val val="{ &quot;boxed := com.sun.corba.se.impl.dynamicany.DynValueBoxImpl#set_boxed_value_as_dyn_any(org.omg.DynamicAny.DynAny)#0&quot; }"/>
        </annotation>
    </item>
    <item name='org.omg.DynamicAny.DynValueOperations java.lang.String current_member_name()'>
        <annotation name='com.intellij.inspections.tainted.annotation.equation.Equations'>
            <val val="{ &quot;current_member_name := _DynValueStub#current_member_name()&quot; }"/>
        </annotation>
    </item>
    <item name='org.omg.DynamicAny.DynValueOperations org.omg.CORBA.TCKind current_member_kind()'>
        <annotation name='com.intellij.inspections.tainted.annotation.equation.Equations'>
            <val val="{ &quot;current_member_kind := _DynValueStub#current_member_kind()&quot; }"/>
        </annotation>
    </item>
    <item name='org.omg.DynamicAny.DynValueOperations org.omg.DynamicAny.NameDynAnyPair[] get_members_as_dyn_any()'>
        <annotation name='com.intellij.inspections.tainted.annotation.equation.Equations'>
            <val val="{ &quot;get_members_as_dyn_any := _DynValueStub#get_members_as_dyn_any()&quot; }"/>
        </annotation>
    </item>
    <item name='org.omg.DynamicAny.DynValueOperations org.omg.DynamicAny.NameValuePair[] get_members()'>
        <annotation name='com.intellij.inspections.tainted.annotation.equation.Equations'>
            <val val="{ &quot;get_members := _DynValueStub#get_members()&quot; }"/>
        </annotation>
    </item>
    <item name='org.omg.DynamicAny.DynValueOperations void set_members(org.omg.DynamicAny.NameValuePair[])'>
        <annotation name='com.intellij.inspections.tainted.annotation.equation.Equations'>
            <val val="{ &quot;value := _DynValueStub#set_members(org.omg.DynamicAny.NameValuePair[])#0&quot; }"/>
        </annotation>
    </item>
    <item name='org.omg.DynamicAny.DynValueOperations void set_members_as_dyn_any(org.omg.DynamicAny.NameDynAnyPair[])'>
        <annotation name='com.intellij.inspections.tainted.annotation.equation.Equations'>
            <val val="{ &quot;value := _DynValueStub#set_members_as_dyn_any(org.omg.DynamicAny.NameDynAnyPair[])#0&quot; }"/>
        </annotation>
    </item>
    <item name='org.omg.DynamicAny._DynAnyFactoryStub java.lang.String[] _ids()'>
        <annotation name='com.intellij.inspections.tainted.annotation.equation.Equations'>
            <val val="{ &quot;_ids := _DynAnyFactoryStub&quot; }"/>
        </annotation>
    </item>
    <item name='org.omg.DynamicAny._DynAnyStub java.lang.String[] _ids()'>
        <annotation name='com.intellij.inspections.tainted.annotation.equation.Equations'>
            <val val="{ &quot;_ids := _DynAnyStub&quot; }"/>
        </annotation>
    </item>
    <item name='org.omg.DynamicAny._DynArrayStub java.lang.String[] _ids()'>
        <annotation name='com.intellij.inspections.tainted.annotation.equation.Equations'>
            <val val="{ &quot;_ids := _DynArrayStub&quot; }"/>
        </annotation>
    </item>
    <item name='org.omg.DynamicAny._DynEnumStub java.lang.String[] _ids()'>
        <annotation name='com.intellij.inspections.tainted.annotation.equation.Equations'>
            <val val="{ &quot;_ids := _DynEnumStub&quot; }"/>
        </annotation>
    </item>
    <item name='org.omg.DynamicAny._DynFixedStub java.lang.String[] _ids()'>
        <annotation name='com.intellij.inspections.tainted.annotation.equation.Equations'>
            <val val="{ &quot;_ids := _DynFixedStub&quot; }"/>
        </annotation>
    </item>
    <item name='org.omg.DynamicAny._DynSequenceStub java.lang.String[] _ids()'>
        <annotation name='com.intellij.inspections.tainted.annotation.equation.Equations'>
            <val val="{ &quot;_ids := _DynSequenceStub&quot; }"/>
        </annotation>
    </item>
    <item name='org.omg.DynamicAny._DynStructStub java.lang.String[] _ids()'>
        <annotation name='com.intellij.inspections.tainted.annotation.equation.Equations'>
            <val val="{ &quot;_ids := _DynStructStub&quot; }"/>
        </annotation>
    </item>
    <item name='org.omg.DynamicAny._DynUnionStub java.lang.String[] _ids()'>
        <annotation name='com.intellij.inspections.tainted.annotation.equation.Equations'>
            <val val="{ &quot;_ids := _DynUnionStub&quot; }"/>
        </annotation>
    </item>
    <item name='org.omg.DynamicAny._DynValueStub java.lang.String[] _ids()'>
        <annotation name='com.intellij.inspections.tainted.annotation.equation.Equations'>
            <val val="{ &quot;_ids := _DynValueStub&quot; }"/>
        </annotation>
    </item>
</root>