<root>
    <item name='org.vibur.objectpool.BasePool boolean isTerminated()'>
        <annotation name='com.intellij.inspections.tainted.annotation.equation.Equations'>
            <val val="{ &quot;isTerminated := ConcurrentPool#isTerminated()&quot; }"/>
        </annotation>
    </item>
    <item name='org.vibur.objectpool.BasePool int createdTotal()'>
        <annotation name='com.intellij.inspections.tainted.annotation.equation.Equations'>
            <val val="{ &quot;createdTotal := ConcurrentPool#createdTotal()&quot; }"/>
        </annotation>
    </item>
    <item name='org.vibur.objectpool.BasePool int drainCreated()'>
        <annotation name='com.intellij.inspections.tainted.annotation.equation.Equations'>
            <val val="{ &quot;drainCreated := ConcurrentPool#drainCreated()&quot; }"/>
        </annotation>
    </item>
    <item name='org.vibur.objectpool.BasePool int initialSize()'>
        <annotation name='com.intellij.inspections.tainted.annotation.equation.Equations'>
            <val val="{ &quot;initialSize := ConcurrentPool#initialSize()&quot; }"/>
        </annotation>
    </item>
    <item name='org.vibur.objectpool.BasePool int maxSize()'>
        <annotation name='com.intellij.inspections.tainted.annotation.equation.Equations'>
            <val val="{ &quot;maxSize := ConcurrentPool#maxSize()&quot; }"/>
        </annotation>
    </item>
    <item name='org.vibur.objectpool.BasePool int reduceCreatedBy(int, boolean)'>
        <annotation name='com.intellij.inspections.tainted.annotation.equation.Equations'>
            <val val="{ &quot;reduceCreatedBy := ConcurrentPool#reduceCreatedBy(int, boolean)&quot; }"/>
        </annotation>
    </item>
    <item name='org.vibur.objectpool.BasePool int reduceCreatedTo(int, boolean)'>
        <annotation name='com.intellij.inspections.tainted.annotation.equation.Equations'>
            <val val="{ &quot;reduceCreatedTo := ConcurrentPool#reduceCreatedTo(int, boolean)&quot; }"/>
        </annotation>
    </item>
    <item name='org.vibur.objectpool.BasePool int remainingCapacity()'>
        <annotation name='com.intellij.inspections.tainted.annotation.equation.Equations'>
            <val val="{ &quot;remainingCapacity := ConcurrentPool#remainingCapacity()&quot; }"/>
        </annotation>
    </item>
    <item name='org.vibur.objectpool.BasePool int remainingCreated()'>
        <annotation name='com.intellij.inspections.tainted.annotation.equation.Equations'>
            <val val="{ &quot;remainingCreated := ConcurrentPool#remainingCreated()&quot; }"/>
        </annotation>
    </item>
    <item name='org.vibur.objectpool.BasePool int taken()'>
        <annotation name='com.intellij.inspections.tainted.annotation.equation.Equations'>
            <val val="{ &quot;taken := ConcurrentPool#taken()&quot; }"/>
        </annotation>
    </item>
    <item name='org.vibur.objectpool.ConcurrentPool'>
        <annotation name='com.intellij.inspections.tainted.annotation.equation.Equations'>
            <val val="{ &quot;ConcurrentPool := #ConcurrentPool(org.vibur.objectpool.util.ConcurrentCollection, org.vibur.objectpool.PoolObjectFactory, int, int, boolean, org.vibur.objectpool.util.Listener)#5 &amp; #ConcurrentPool(org.vibur.objectpool.util.ConcurrentCollection, org.vibur.objectpool.PoolObjectFactory, int, int, boolean, org.vibur.objectpool.util.Listener)#2 &amp; #ConcurrentPool(org.vibur.objectpool.util.ConcurrentCollection, org.vibur.objectpool.PoolObjectFactory, int, int, boolean, org.vibur.objectpool.util.Listener)#3&quot; }"/>
        </annotation>
    </item>
    <item name='org.vibur.objectpool.ConcurrentPool ConcurrentPool(org.vibur.objectpool.util.ConcurrentCollection&lt;T&gt;, org.vibur.objectpool.PoolObjectFactory&lt;T&gt;, int, int, boolean)'>
        <annotation name='com.intellij.inspections.tainted.annotation.equation.Equations'>
            <val val="{ &quot;ConcurrentPool := ConcurrentPool&quot; }"/>
        </annotation>
    </item>
    <item name='org.vibur.objectpool.ConcurrentPool ConcurrentPool(org.vibur.objectpool.util.ConcurrentCollection&lt;T&gt;, org.vibur.objectpool.PoolObjectFactory&lt;T&gt;, int, int, boolean, org.vibur.objectpool.util.Listener&lt;T&gt;)'>
        <annotation name='com.intellij.inspections.tainted.annotation.equation.Equations'>
            <val val="{ &quot;available := #ConcurrentPool(org.vibur.objectpool.util.ConcurrentCollection, org.vibur.objectpool.PoolObjectFactory, int, int, boolean)#0&quot;, &quot;maxSize := #ConcurrentPool(org.vibur.objectpool.util.ConcurrentCollection, org.vibur.objectpool.PoolObjectFactory, int, int, boolean)#3&quot;, &quot;initialSize := #ConcurrentPool(org.vibur.objectpool.util.ConcurrentCollection, org.vibur.objectpool.PoolObjectFactory, int, int, boolean)#2&quot;, &quot;poolObjectFactory := #ConcurrentPool(org.vibur.objectpool.util.ConcurrentCollection, org.vibur.objectpool.PoolObjectFactory, int, int, boolean)#1&quot;, &quot;ConcurrentPool := ConcurrentPool&quot;, &quot;listener := &quot;, &quot;fair := #ConcurrentPool(org.vibur.objectpool.util.ConcurrentCollection, org.vibur.objectpool.PoolObjectFactory, int, int, boolean)#4&quot; }"/>
        </annotation>
    </item>
    <item name='org.vibur.objectpool.ConcurrentPool T prepareToTake(T)'>
        <annotation name='com.intellij.inspections.tainted.annotation.equation.Equations'>
            <val val="{ &quot;object := &quot;, &quot;prepareToTake := object&quot; }"/>
        </annotation>
    </item>
    <item name='org.vibur.objectpool.ConcurrentPool T take()'>
        <annotation name='com.intellij.inspections.tainted.annotation.equation.Equations'>
            <val val="{ &quot;take := &quot; }"/>
        </annotation>
    </item>
    <item name='org.vibur.objectpool.ConcurrentPool T take(long[])'>
        <annotation name='com.intellij.inspections.tainted.annotation.equation.Equations'>
            <val val="{ &quot;take := &quot;, &quot;waitedNanos := PoolService#take(long[])#0&quot; }"/>
        </annotation>
    </item>
    <item name='org.vibur.objectpool.ConcurrentPool T takeObject()'>
        <annotation name='com.intellij.inspections.tainted.annotation.equation.Equations'>
            <val val="{ &quot;takeObject := &quot; }"/>
        </annotation>
    </item>
    <item name='org.vibur.objectpool.ConcurrentPool T takeUninterruptibly()'>
        <annotation name='com.intellij.inspections.tainted.annotation.equation.Equations'>
            <val val="{ &quot;takeUninterruptibly := &quot; }"/>
        </annotation>
    </item>
    <item name='org.vibur.objectpool.ConcurrentPool T takeUninterruptibly(long[])'>
        <annotation name='com.intellij.inspections.tainted.annotation.equation.Equations'>
            <val val="{ &quot;waitedNanos := PoolService#takeUninterruptibly(long[])#0&quot;, &quot;takeUninterruptibly := &quot; }"/>
        </annotation>
    </item>
    <item name='org.vibur.objectpool.ConcurrentPool T tryTake()'>
        <annotation name='com.intellij.inspections.tainted.annotation.equation.Equations'>
            <val val="{ &quot;tryTake := &quot; }"/>
        </annotation>
    </item>
    <item name='org.vibur.objectpool.ConcurrentPool T tryTake(long, java.util.concurrent.TimeUnit)'>
        <annotation name='com.intellij.inspections.tainted.annotation.equation.Equations'>
            <val val="{ &quot;tryTake := &quot;, &quot;timeout := PoolService#tryTake(long, java.util.concurrent.TimeUnit)#0&quot;, &quot;unit := PoolService#tryTake(long, java.util.concurrent.TimeUnit)#1&quot; }"/>
        </annotation>
    </item>
    <item name='org.vibur.objectpool.ConcurrentPool T tryTake(long, java.util.concurrent.TimeUnit, long[])'>
        <annotation name='com.intellij.inspections.tainted.annotation.equation.Equations'>
            <val val="{ &quot;unit := PoolService#tryTake(long, java.util.concurrent.TimeUnit, long[])#1&quot;, &quot;tryTake := &quot;, &quot;timeout := PoolService#tryTake(long, java.util.concurrent.TimeUnit, long[])#0&quot;, &quot;waitedNanos := PoolService#tryTake(long, java.util.concurrent.TimeUnit, long[])#2&quot; }"/>
        </annotation>
    </item>
    <item name='org.vibur.objectpool.ConcurrentPool boolean isFair()'>
        <annotation name='com.intellij.inspections.tainted.annotation.equation.Equations'>
            <val val="{ &quot;isFair := &quot; }"/>
        </annotation>
    </item>
    <item name='org.vibur.objectpool.ConcurrentPool boolean isTerminated()'>
        <annotation name='com.intellij.inspections.tainted.annotation.equation.Equations'>
            <val val="{ &quot;isTerminated := &quot; }"/>
        </annotation>
    </item>
    <item name='org.vibur.objectpool.ConcurrentPool boolean readyToRestore(T, boolean)'>
        <annotation name='com.intellij.inspections.tainted.annotation.equation.Equations'>
            <val val="{ &quot;readyToRestore := valid&quot;, &quot;valid := #restore(java.lang.Object, boolean)#1&quot;, &quot;object := &quot; }"/>
        </annotation>
    </item>
    <item name='org.vibur.objectpool.ConcurrentPool int calculateTaken()'>
        <annotation name='com.intellij.inspections.tainted.annotation.equation.Equations'>
            <val val="{ &quot;calculateTaken := &quot; }"/>
        </annotation>
    </item>
    <item name='org.vibur.objectpool.ConcurrentPool int createdTotal()'>
        <annotation name='com.intellij.inspections.tainted.annotation.equation.Equations'>
            <val val="{ &quot;createdTotal := &quot; }"/>
        </annotation>
    </item>
    <item name='org.vibur.objectpool.ConcurrentPool int drainCreated()'>
        <annotation name='com.intellij.inspections.tainted.annotation.equation.Equations'>
            <val val="{ &quot;drainCreated := &quot; }"/>
        </annotation>
    </item>
    <item name='org.vibur.objectpool.ConcurrentPool int initialSize()'>
        <annotation name='com.intellij.inspections.tainted.annotation.equation.Equations'>
            <val val="{ &quot;initialSize := ConcurrentPool&quot; }"/>
        </annotation>
    </item>
    <item name='org.vibur.objectpool.ConcurrentPool int maxSize()'>
        <annotation name='com.intellij.inspections.tainted.annotation.equation.Equations'>
            <val val="{ &quot;maxSize := ConcurrentPool&quot; }"/>
        </annotation>
    </item>
    <item name='org.vibur.objectpool.ConcurrentPool int reduceCreatedBy(int, boolean)'>
        <annotation name='com.intellij.inspections.tainted.annotation.equation.Equations'>
            <val val="{ &quot;reduceBy := BasePool#reduceCreatedBy(int, boolean)#0&quot;, &quot;reduceCreatedBy := reduceBy&quot;, &quot;ignoreInitialSize := BasePool#reduceCreatedBy(int, boolean)#1&quot; }"/>
        </annotation>
    </item>
    <item name='org.vibur.objectpool.ConcurrentPool int reduceCreatedTo(int, boolean)'>
        <annotation name='com.intellij.inspections.tainted.annotation.equation.Equations'>
            <val val="{ &quot;reduceTo := BasePool#reduceCreatedTo(int, boolean)#0&quot;, &quot;ignoreInitialSize := BasePool#reduceCreatedTo(int, boolean)#1&quot; }"/>
        </annotation>
    </item>
    <item name='org.vibur.objectpool.ConcurrentPool int remainingCapacity()'>
        <annotation name='com.intellij.inspections.tainted.annotation.equation.Equations'>
            <val val="{ &quot;remainingCapacity := &quot; }"/>
        </annotation>
    </item>
    <item name='org.vibur.objectpool.ConcurrentPool int remainingCreated()'>
        <annotation name='com.intellij.inspections.tainted.annotation.equation.Equations'>
            <val val="{ &quot;remainingCreated := &quot; }"/>
        </annotation>
    </item>
    <item name='org.vibur.objectpool.ConcurrentPool int taken()'>
        <annotation name='com.intellij.inspections.tainted.annotation.equation.Equations'>
            <val val="{ &quot;taken := &quot; }"/>
        </annotation>
    </item>
    <item name='org.vibur.objectpool.ConcurrentPool java.lang.String toString()'>
        <annotation name='com.intellij.inspections.tainted.annotation.equation.Equations'>
            <val val="{ &quot;toString := &quot; }"/>
        </annotation>
    </item>
    <item name='org.vibur.objectpool.ConcurrentPool org.vibur.objectpool.util.Listener&lt;T&gt; listener()'>
        <annotation name='com.intellij.inspections.tainted.annotation.equation.Equations'>
            <val val="{ &quot;listener := ConcurrentPool&quot; }"/>
        </annotation>
    </item>
    <item name='org.vibur.objectpool.ConcurrentPool void restore(T)'>
        <annotation name='com.intellij.inspections.tainted.annotation.equation.Equations'>
            <val val="{ &quot;object := PoolService#restore(java.lang.Object)#0&quot; }"/>
        </annotation>
    </item>
    <item name='org.vibur.objectpool.ConcurrentPool void restore(T, boolean)'>
        <annotation name='com.intellij.inspections.tainted.annotation.equation.Equations'>
            <val val="{ &quot;object := #restore(java.lang.Object)#0 &amp; PoolService#restore(java.lang.Object, boolean)#0&quot;, &quot;valid := PoolService#restore(java.lang.Object, boolean)#1&quot; }"/>
        </annotation>
    </item>
    <item name='org.vibur.objectpool.PoolObjectFactory T create()'>
        <annotation name='com.intellij.inspections.tainted.annotation.equation.Equations'>
            <val val="{ &quot;create := org.vibur.dbcp.pool.ViburObjectFactory#create()&quot; }"/>
        </annotation>
    </item>
    <item name='org.vibur.objectpool.PoolObjectFactory boolean readyToRestore(T)'>
        <annotation name='com.intellij.inspections.tainted.annotation.equation.Equations'>
            <val val="{ &quot;readyToRestore := org.vibur.dbcp.pool.ConnectionFactory#readyToRestore(org.vibur.dbcp.pool.ConnHolder)&quot; }"/>
        </annotation>
    </item>
    <item name='org.vibur.objectpool.PoolObjectFactory boolean readyToTake(T)'>
        <annotation name='com.intellij.inspections.tainted.annotation.equation.Equations'>
            <val val="{ &quot;readyToTake := org.vibur.dbcp.pool.ConnectionFactory#readyToTake(org.vibur.dbcp.pool.ConnHolder)&quot; }"/>
        </annotation>
    </item>
    <item name='org.vibur.objectpool.PoolObjectFactory void destroy(T)'>
        <annotation name='com.intellij.inspections.tainted.annotation.equation.Equations'>
            <val val="{ &quot;obj := ConcurrentPool#prepareToTake(java.lang.Object)#0 &amp; ConcurrentPool#readyToRestore(java.lang.Object, boolean)#0&quot; }"/>
        </annotation>
    </item>
    <item name='org.vibur.objectpool.PoolService T take()'>
        <annotation name='com.intellij.inspections.tainted.annotation.equation.Equations'>
            <val val="{ &quot;take := ConcurrentPool#take()&quot; }"/>
        </annotation>
    </item>
    <item name='org.vibur.objectpool.PoolService T take(long[])'>
        <annotation name='com.intellij.inspections.tainted.annotation.equation.Equations'>
            <val val="{ &quot;waitedNanos := org.vibur.dbcp.pool.PoolOperations#NO_WAIT&quot; }"/>
        </annotation>
    </item>
    <item name='org.vibur.objectpool.PoolService T takeUninterruptibly()'>
        <annotation name='com.intellij.inspections.tainted.annotation.equation.Equations'>
            <val val="{ &quot;takeUninterruptibly := ConcurrentPool#takeUninterruptibly()&quot; }"/>
        </annotation>
    </item>
    <item name='org.vibur.objectpool.PoolService T takeUninterruptibly(long[])'>
        <annotation name='com.intellij.inspections.tainted.annotation.equation.Equations'>
            <val val="{ &quot;takeUninterruptibly := ConcurrentPool#takeUninterruptibly(long[])&quot; }"/>
        </annotation>
    </item>
    <item name='org.vibur.objectpool.PoolService T tryTake()'>
        <annotation name='com.intellij.inspections.tainted.annotation.equation.Equations'>
            <val val="{ &quot;tryTake := ConcurrentPool#tryTake()&quot; }"/>
        </annotation>
    </item>
    <item name='org.vibur.objectpool.PoolService T tryTake(long, java.util.concurrent.TimeUnit)'>
        <annotation name='com.intellij.inspections.tainted.annotation.equation.Equations'>
            <val val="{ &quot;tryTake := ConcurrentPool#tryTake(long, java.util.concurrent.TimeUnit)&quot; }"/>
        </annotation>
    </item>
    <item name='org.vibur.objectpool.PoolService T tryTake(long, java.util.concurrent.TimeUnit, long[])'>
        <annotation name='com.intellij.inspections.tainted.annotation.equation.Equations'>
            <val val="{ &quot;tryTake := ConcurrentPool#tryTake(long, java.util.concurrent.TimeUnit, long[])&quot; }"/>
        </annotation>
    </item>
    <item name='org.vibur.objectpool.PoolService boolean isFair()'>
        <annotation name='com.intellij.inspections.tainted.annotation.equation.Equations'>
            <val val="{ &quot;isFair := ConcurrentPool#isFair()&quot; }"/>
        </annotation>
    </item>
    <item name='org.vibur.objectpool.PoolService org.vibur.objectpool.util.Listener&lt;T&gt; listener()'>
        <annotation name='com.intellij.inspections.tainted.annotation.equation.Equations'>
            <val val="{ &quot;listener := ConcurrentPool#listener()&quot; }"/>
        </annotation>
    </item>
    <item name='org.vibur.objectpool.PoolService void restore(T, boolean)'>
        <annotation name='com.intellij.inspections.tainted.annotation.equation.Equations'>
            <val val="{ &quot;object := org.vibur.dbcp.pool.PoolOperations#restore(org.vibur.dbcp.pool.ConnHolder, boolean, java.sql.SQLException[])#0&quot;, &quot;valid := org.vibur.dbcp.pool.PoolOperations#restore(org.vibur.dbcp.pool.ConnHolder, boolean, java.sql.SQLException[])#1&quot; }"/>
        </annotation>
    </item>
</root>