<root>
    <item name='com.sun.security.auth.module.JndiLoginModule'>
        <annotation name='com.intellij.inspections.tainted.annotation.equation.Equations'>
            <val val="{ &quot;JndiLoginModule := #initialize(javax.security.auth.Subject, javax.security.auth.callback.CallbackHandler, java.util.Map, java.util.Map)#0 &amp; #initialize(javax.security.auth.Subject, javax.security.auth.callback.CallbackHandler, java.util.Map, java.util.Map)#1 &amp; #initialize(javax.security.auth.Subject, javax.security.auth.callback.CallbackHandler, java.util.Map, java.util.Map)#2 &amp; #initialize(javax.security.auth.Subject, javax.security.auth.callback.CallbackHandler, java.util.Map, java.util.Map)#3&quot; }"/>
        </annotation>
    </item>
    <item name='com.sun.security.auth.module.JndiLoginModule boolean verifyPassword(java.lang.String, java.lang.String)'>
        <annotation name='com.intellij.inspections.tainted.annotation.equation.Equations'>
            <val val="{ &quot;encryptedPassword := &quot;, &quot;password := &quot; }"/>
        </annotation>
    </item>
    <item name='com.sun.security.auth.module.KeyStoreLoginModule'>
        <annotation name='com.intellij.inspections.tainted.annotation.equation.Equations'>
            <val val="{ &quot;KeyStoreLoginModule := #UNINITIALIZED &amp; #initialize(javax.security.auth.Subject, javax.security.auth.callback.CallbackHandler, java.util.Map, java.util.Map)#0 &amp; #initialize(javax.security.auth.Subject, javax.security.auth.callback.CallbackHandler, java.util.Map, java.util.Map)#1 &amp; #initialize(javax.security.auth.Subject, javax.security.auth.callback.CallbackHandler, java.util.Map, java.util.Map)#2 &amp; #initialize(javax.security.auth.Subject, javax.security.auth.callback.CallbackHandler, java.util.Map, java.util.Map)#3 &amp; #INITIALIZED &amp; #AUTHENTICATED &amp; KeyStoreLoginModule &amp; #LOGGED_IN&quot; }"/>
        </annotation>
    </item>
    <item name='com.sun.security.auth.module.KeyStoreLoginModule void debugPrint(java.lang.String)'>
        <annotation name='com.intellij.inspections.tainted.annotation.equation.Equations'>
            <val val="{ &quot;message := KeyStoreLoginModule&quot; }"/>
        </annotation>
    </item>
    <item name='com.sun.security.auth.module.KeyStoreLoginModule void getAliasAndPasswords(int)'>
        <annotation name='com.intellij.inspections.tainted.annotation.equation.Equations'>
            <val val="{ &quot;env := #PROTECTED_PATH &amp; #TOKEN &amp; #NORMAL&quot; }"/>
        </annotation>
    </item>
    <item name='com.sun.security.auth.module.KeyStoreLoginModule void saveAlias(javax.security.auth.callback.NameCallback)'>
        <annotation name='com.intellij.inspections.tainted.annotation.equation.Equations'>
            <val val="{ &quot;cb := #prompt(javax.security.auth.callback.NameCallback, javax.security.auth.callback.PasswordCallback, javax.security.auth.callback.PasswordCallback)#0&quot; }"/>
        </annotation>
    </item>
    <item name='com.sun.security.auth.module.KeyStoreLoginModule void saveKeyPass(javax.security.auth.callback.PasswordCallback)'>
        <annotation name='com.intellij.inspections.tainted.annotation.equation.Equations'>
            <val val="{ &quot;c := #prompt(javax.security.auth.callback.NameCallback, javax.security.auth.callback.PasswordCallback, javax.security.auth.callback.PasswordCallback)#2&quot; }"/>
        </annotation>
    </item>
    <item name='com.sun.security.auth.module.KeyStoreLoginModule void saveStorePass(javax.security.auth.callback.PasswordCallback)'>
        <annotation name='com.intellij.inspections.tainted.annotation.equation.Equations'>
            <val val="{ &quot;c := #prompt(javax.security.auth.callback.NameCallback, javax.security.auth.callback.PasswordCallback, javax.security.auth.callback.PasswordCallback)#1&quot; }"/>
        </annotation>
    </item>
    <item name='com.sun.security.auth.module.Krb5LoginModule'>
        <annotation name='com.intellij.inspections.tainted.annotation.equation.Equations'>
            <val val="{ &quot;Krb5LoginModule := #initialize(javax.security.auth.Subject, javax.security.auth.callback.CallbackHandler, java.util.Map, java.util.Map)#0 &amp; #initialize(javax.security.auth.Subject, javax.security.auth.callback.CallbackHandler, java.util.Map, java.util.Map)#1 &amp; #initialize(javax.security.auth.Subject, javax.security.auth.callback.CallbackHandler, java.util.Map, java.util.Map)#2 &amp; #initialize(javax.security.auth.Subject, javax.security.auth.callback.CallbackHandler, java.util.Map, java.util.Map)#3&quot; }"/>
        </annotation>
    </item>
    <item name='com.sun.security.auth.module.Krb5LoginModule sun.security.krb5.Credentials renewCredentials(sun.security.krb5.Credentials)'>
        <annotation name='com.intellij.inspections.tainted.annotation.equation.Equations'>
            <val val="{ &quot;creds := Krb5LoginModule&quot; }"/>
        </annotation>
    </item>
    <item name='com.sun.security.auth.module.LdapLoginModule'>
        <annotation name='com.intellij.inspections.tainted.annotation.equation.Equations'>
            <val val="{ &quot;LdapLoginModule := #initialize(javax.security.auth.Subject, javax.security.auth.callback.CallbackHandler, java.util.Map, java.util.Map)#0 &amp; #initialize(javax.security.auth.Subject, javax.security.auth.callback.CallbackHandler, java.util.Map, java.util.Map)#1 &amp; #initialize(javax.security.auth.Subject, javax.security.auth.callback.CallbackHandler, java.util.Map, java.util.Map)#2 &amp; #initialize(javax.security.auth.Subject, javax.security.auth.callback.CallbackHandler, java.util.Map, java.util.Map)#3&quot; }"/>
        </annotation>
    </item>
    <item name='com.sun.security.auth.module.LdapLoginModule java.lang.String findUserDN(javax.naming.ldap.LdapContext)'>
        <annotation name='com.intellij.inspections.tainted.annotation.equation.Equations'>
            <val val="{ &quot;ctx := LdapLoginModule&quot; }"/>
        </annotation>
    </item>
    <item name='com.sun.security.auth.module.LdapLoginModule java.lang.String replaceUsernameToken(java.util.regex.Matcher, java.lang.String)'>
        <annotation name='com.intellij.inspections.tainted.annotation.equation.Equations'>
            <val val="{ &quot;matcher := LdapLoginModule&quot;, &quot;string := LdapLoginModule&quot;, &quot;replaceUsernameToken := string&quot; }"/>
        </annotation>
    </item>
</root>