<root>
    <item name='com.sun.corba.se.impl.activation.CommandHandler boolean processCommand(java.lang.String[], org.omg.CORBA.ORB, java.io.PrintStream)'>
        <annotation name='com.intellij.inspections.tainted.annotation.equation.Equations'>
            <val val="{ &quot;processCommand := UnRegisterServer#processCommand(java.lang.String[], org.omg.CORBA.ORB, java.io.PrintStream) &amp; LocateServer#processCommand(java.lang.String[], org.omg.CORBA.ORB, java.io.PrintStream) &amp; LocateServerForORB#processCommand(java.lang.String[], org.omg.CORBA.ORB, java.io.PrintStream) &amp; ShutdownServer#processCommand(java.lang.String[], org.omg.CORBA.ORB, java.io.PrintStream) &amp; StartServer#processCommand(java.lang.String[], org.omg.CORBA.ORB, java.io.PrintStream) &amp; ListORBs#processCommand(java.lang.String[], org.omg.CORBA.ORB, java.io.PrintStream) &amp; GetServerID#processCommand(java.lang.String[], org.omg.CORBA.ORB, java.io.PrintStream) &amp; ListServers#processCommand(java.lang.String[], org.omg.CORBA.ORB, java.io.PrintStream) &amp; RegisterServer#processCommand(java.lang.String[], org.omg.CORBA.ORB, java.io.PrintStream) &amp; ListActiveServers#processCommand(java.lang.String[], org.omg.CORBA.ORB, java.io.PrintStream) &amp; Quit#processCommand(java.lang.String[], org.omg.CORBA.ORB, java.io.PrintStream) &amp; ListAliases#processCommand(java.lang.String[], org.omg.CORBA.ORB, java.io.PrintStream) &amp; Help#processCommand(java.lang.String[], org.omg.CORBA.ORB, java.io.PrintStream)&quot; }"/>
        </annotation>
    </item>
    <item name='com.sun.corba.se.impl.activation.CommandHandler java.lang.String getCommandName()'>
        <annotation name='com.intellij.inspections.tainted.annotation.equation.Equations'>
            <val val="{ &quot;getCommandName := UnRegisterServer#getCommandName() &amp; RegisterServer#getCommandName() &amp; LocateServer#getCommandName() &amp; LocateServerForORB#getCommandName() &amp; GetServerID#getCommandName() &amp; ListServers#getCommandName() &amp; ListActiveServers#getCommandName() &amp; ListAliases#getCommandName() &amp; ShutdownServer#getCommandName() &amp; StartServer#getCommandName() &amp; ListORBs#getCommandName() &amp; Quit#getCommandName() &amp; Help#getCommandName()&quot; }"/>
        </annotation>
    </item>
    <item name='com.sun.corba.se.impl.activation.CommandHandler void printCommandHelp(java.io.PrintStream, boolean)'>
        <annotation name='com.intellij.inspections.tainted.annotation.equation.Equations'>
            <val val="{ &quot;helpType := #shortHelp &amp; #longHelp&quot;, &quot;out := java.lang.System#out&quot; }"/>
        </annotation>
    </item>
    <item name='com.sun.corba.se.impl.activation.GetServerID boolean processCommand(java.lang.String[], org.omg.CORBA.ORB, java.io.PrintStream)'>
        <annotation name='com.intellij.inspections.tainted.annotation.equation.Equations'>
            <val val="{ &quot;processCommand := CommandHandler#commandDone &amp; CommandHandler#parseError&quot;, &quot;out := CommandHandler#processCommand(java.lang.String[], org.omg.CORBA.ORB, java.io.PrintStream)#2 &amp; CommandHandler#processCommand(java.lang.String[], org.omg.CORBA.ORB, java.io.PrintStream)#2&quot;, &quot;orb := CommandHandler#processCommand(java.lang.String[], org.omg.CORBA.ORB, java.io.PrintStream)#1 &amp; CommandHandler#processCommand(java.lang.String[], org.omg.CORBA.ORB, java.io.PrintStream)#1&quot;, &quot;cmdArgs := CommandHandler#processCommand(java.lang.String[], org.omg.CORBA.ORB, java.io.PrintStream)#0 &amp; CommandHandler#processCommand(java.lang.String[], org.omg.CORBA.ORB, java.io.PrintStream)#0&quot; }"/>
        </annotation>
    </item>
    <item name='com.sun.corba.se.impl.activation.Help boolean processCommand(java.lang.String[], org.omg.CORBA.ORB, java.io.PrintStream)'>
        <annotation name='com.intellij.inspections.tainted.annotation.equation.Equations'>
            <val val="{ &quot;cmdArgs := CommandHandler#processCommand(java.lang.String[], org.omg.CORBA.ORB, java.io.PrintStream)#0 &amp; CommandHandler#processCommand(java.lang.String[], org.omg.CORBA.ORB, java.io.PrintStream)#0&quot;, &quot;out := CommandHandler#processCommand(java.lang.String[], org.omg.CORBA.ORB, java.io.PrintStream)#2 &amp; CommandHandler#processCommand(java.lang.String[], org.omg.CORBA.ORB, java.io.PrintStream)#2&quot;, &quot;orb := CommandHandler#processCommand(java.lang.String[], org.omg.CORBA.ORB, java.io.PrintStream)#1 &amp; CommandHandler#processCommand(java.lang.String[], org.omg.CORBA.ORB, java.io.PrintStream)#1&quot;, &quot;processCommand := CommandHandler#commandDone&quot; }"/>
        </annotation>
    </item>
    <item name='com.sun.corba.se.impl.activation.ListActiveServers boolean processCommand(java.lang.String[], org.omg.CORBA.ORB, java.io.PrintStream)'>
        <annotation name='com.intellij.inspections.tainted.annotation.equation.Equations'>
            <val val="{ &quot;cmdArgs := CommandHandler#processCommand(java.lang.String[], org.omg.CORBA.ORB, java.io.PrintStream)#0 &amp; CommandHandler#processCommand(java.lang.String[], org.omg.CORBA.ORB, java.io.PrintStream)#0&quot;, &quot;out := CommandHandler#processCommand(java.lang.String[], org.omg.CORBA.ORB, java.io.PrintStream)#2 &amp; CommandHandler#processCommand(java.lang.String[], org.omg.CORBA.ORB, java.io.PrintStream)#2&quot;, &quot;processCommand := CommandHandler#commandDone&quot;, &quot;orb := CommandHandler#processCommand(java.lang.String[], org.omg.CORBA.ORB, java.io.PrintStream)#1 &amp; CommandHandler#processCommand(java.lang.String[], org.omg.CORBA.ORB, java.io.PrintStream)#1&quot; }"/>
        </annotation>
    </item>
    <item name='com.sun.corba.se.impl.activation.ListAliases boolean processCommand(java.lang.String[], org.omg.CORBA.ORB, java.io.PrintStream)'>
        <annotation name='com.intellij.inspections.tainted.annotation.equation.Equations'>
            <val val="{ &quot;cmdArgs := CommandHandler#processCommand(java.lang.String[], org.omg.CORBA.ORB, java.io.PrintStream)#0 &amp; CommandHandler#processCommand(java.lang.String[], org.omg.CORBA.ORB, java.io.PrintStream)#0&quot;, &quot;out := CommandHandler#processCommand(java.lang.String[], org.omg.CORBA.ORB, java.io.PrintStream)#2 &amp; CommandHandler#processCommand(java.lang.String[], org.omg.CORBA.ORB, java.io.PrintStream)#2&quot;, &quot;processCommand := CommandHandler#commandDone&quot;, &quot;orb := CommandHandler#processCommand(java.lang.String[], org.omg.CORBA.ORB, java.io.PrintStream)#1 &amp; CommandHandler#processCommand(java.lang.String[], org.omg.CORBA.ORB, java.io.PrintStream)#1&quot; }"/>
        </annotation>
    </item>
    <item name='com.sun.corba.se.impl.activation.ListORBs boolean processCommand(java.lang.String[], org.omg.CORBA.ORB, java.io.PrintStream)'>
        <annotation name='com.intellij.inspections.tainted.annotation.equation.Equations'>
            <val val="{ &quot;cmdArgs := CommandHandler#processCommand(java.lang.String[], org.omg.CORBA.ORB, java.io.PrintStream)#0 &amp; CommandHandler#processCommand(java.lang.String[], org.omg.CORBA.ORB, java.io.PrintStream)#0&quot;, &quot;orb := CommandHandler#processCommand(java.lang.String[], org.omg.CORBA.ORB, java.io.PrintStream)#1 &amp; CommandHandler#processCommand(java.lang.String[], org.omg.CORBA.ORB, java.io.PrintStream)#1&quot;, &quot;processCommand := CommandHandler#parseError &amp; CommandHandler#commandDone&quot;, &quot;out := CommandHandler#processCommand(java.lang.String[], org.omg.CORBA.ORB, java.io.PrintStream)#2 &amp; CommandHandler#processCommand(java.lang.String[], org.omg.CORBA.ORB, java.io.PrintStream)#2&quot; }"/>
        </annotation>
    </item>
    <item name='com.sun.corba.se.impl.activation.ListORBs void printCommandHelp(java.io.PrintStream, boolean)'>
        <annotation name='com.intellij.inspections.tainted.annotation.equation.Equations'>
            <val val="{ &quot;out := CommandHandler#printCommandHelp(java.io.PrintStream, boolean)#0 &amp; CommandHandler#printCommandHelp(java.io.PrintStream, boolean)#0&quot;, &quot;helpType := CommandHandler#printCommandHelp(java.io.PrintStream, boolean)#1 &amp; CommandHandler#printCommandHelp(java.io.PrintStream, boolean)#1&quot; }"/>
        </annotation>
    </item>
    <item name='com.sun.corba.se.impl.activation.ListServers boolean processCommand(java.lang.String[], org.omg.CORBA.ORB, java.io.PrintStream)'>
        <annotation name='com.intellij.inspections.tainted.annotation.equation.Equations'>
            <val val="{ &quot;cmdArgs := CommandHandler#processCommand(java.lang.String[], org.omg.CORBA.ORB, java.io.PrintStream)#0 &amp; CommandHandler#processCommand(java.lang.String[], org.omg.CORBA.ORB, java.io.PrintStream)#0&quot;, &quot;orb := CommandHandler#processCommand(java.lang.String[], org.omg.CORBA.ORB, java.io.PrintStream)#1 &amp; CommandHandler#processCommand(java.lang.String[], org.omg.CORBA.ORB, java.io.PrintStream)#1&quot;, &quot;processCommand := CommandHandler#parseError &amp; CommandHandler#commandDone&quot;, &quot;out := CommandHandler#processCommand(java.lang.String[], org.omg.CORBA.ORB, java.io.PrintStream)#2 &amp; CommandHandler#processCommand(java.lang.String[], org.omg.CORBA.ORB, java.io.PrintStream)#2&quot; }"/>
        </annotation>
    </item>
    <item name='com.sun.corba.se.impl.activation.ListServers void printCommandHelp(java.io.PrintStream, boolean)'>
        <annotation name='com.intellij.inspections.tainted.annotation.equation.Equations'>
            <val val="{ &quot;helpType := CommandHandler#printCommandHelp(java.io.PrintStream, boolean)#1 &amp; CommandHandler#printCommandHelp(java.io.PrintStream, boolean)#1&quot;, &quot;out := CommandHandler#printCommandHelp(java.io.PrintStream, boolean)#0 &amp; CommandHandler#printCommandHelp(java.io.PrintStream, boolean)#0&quot; }"/>
        </annotation>
    </item>
    <item name='com.sun.corba.se.impl.activation.ListServers void printServerDef(com.sun.corba.se.spi.activation.RepositoryPackage.ServerDef, int, java.io.PrintStream)'>
        <annotation name='com.intellij.inspections.tainted.annotation.equation.Equations'>
            <val val="{ &quot;serverId := #illegalServerId&quot;, &quot;out := #processCommand(java.lang.String[], org.omg.CORBA.ORB, java.io.PrintStream)#2&quot; }"/>
        </annotation>
    </item>
    <item name='com.sun.corba.se.impl.activation.LocateServer boolean processCommand(java.lang.String[], org.omg.CORBA.ORB, java.io.PrintStream)'>
        <annotation name='com.intellij.inspections.tainted.annotation.equation.Equations'>
            <val val="{ &quot;cmdArgs := CommandHandler#processCommand(java.lang.String[], org.omg.CORBA.ORB, java.io.PrintStream)#0 &amp; CommandHandler#processCommand(java.lang.String[], org.omg.CORBA.ORB, java.io.PrintStream)#0&quot;, &quot;processCommand := CommandHandler#parseError &amp; CommandHandler#commandDone&quot;, &quot;out := CommandHandler#processCommand(java.lang.String[], org.omg.CORBA.ORB, java.io.PrintStream)#2 &amp; CommandHandler#processCommand(java.lang.String[], org.omg.CORBA.ORB, java.io.PrintStream)#2&quot;, &quot;orb := CommandHandler#processCommand(java.lang.String[], org.omg.CORBA.ORB, java.io.PrintStream)#1 &amp; CommandHandler#processCommand(java.lang.String[], org.omg.CORBA.ORB, java.io.PrintStream)#1&quot; }"/>
        </annotation>
    </item>
    <item name='com.sun.corba.se.impl.activation.LocateServer void printCommandHelp(java.io.PrintStream, boolean)'>
        <annotation name='com.intellij.inspections.tainted.annotation.equation.Equations'>
            <val val="{ &quot;helpType := CommandHandler#printCommandHelp(java.io.PrintStream, boolean)#1 &amp; CommandHandler#printCommandHelp(java.io.PrintStream, boolean)#1&quot;, &quot;out := CommandHandler#printCommandHelp(java.io.PrintStream, boolean)#0 &amp; CommandHandler#printCommandHelp(java.io.PrintStream, boolean)#0&quot; }"/>
        </annotation>
    </item>
    <item name='com.sun.corba.se.impl.activation.LocateServerForORB boolean processCommand(java.lang.String[], org.omg.CORBA.ORB, java.io.PrintStream)'>
        <annotation name='com.intellij.inspections.tainted.annotation.equation.Equations'>
            <val val="{ &quot;processCommand := CommandHandler#parseError &amp; CommandHandler#commandDone&quot;, &quot;cmdArgs := CommandHandler#processCommand(java.lang.String[], org.omg.CORBA.ORB, java.io.PrintStream)#0 &amp; CommandHandler#processCommand(java.lang.String[], org.omg.CORBA.ORB, java.io.PrintStream)#0&quot;, &quot;out := CommandHandler#processCommand(java.lang.String[], org.omg.CORBA.ORB, java.io.PrintStream)#2 &amp; CommandHandler#processCommand(java.lang.String[], org.omg.CORBA.ORB, java.io.PrintStream)#2&quot;, &quot;orb := CommandHandler#processCommand(java.lang.String[], org.omg.CORBA.ORB, java.io.PrintStream)#1 &amp; CommandHandler#processCommand(java.lang.String[], org.omg.CORBA.ORB, java.io.PrintStream)#1&quot; }"/>
        </annotation>
    </item>
    <item name='com.sun.corba.se.impl.activation.LocateServerForORB void printCommandHelp(java.io.PrintStream, boolean)'>
        <annotation name='com.intellij.inspections.tainted.annotation.equation.Equations'>
            <val val="{ &quot;helpType := CommandHandler#printCommandHelp(java.io.PrintStream, boolean)#1 &amp; CommandHandler#printCommandHelp(java.io.PrintStream, boolean)#1&quot;, &quot;out := CommandHandler#printCommandHelp(java.io.PrintStream, boolean)#0 &amp; CommandHandler#printCommandHelp(java.io.PrintStream, boolean)#0&quot; }"/>
        </annotation>
    </item>
    <item name='com.sun.corba.se.impl.activation.NameServiceStartThread NameServiceStartThread(com.sun.corba.se.spi.orb.ORB, java.io.File)'>
        <annotation name='com.intellij.inspections.tainted.annotation.equation.Equations'>
            <val val="{ &quot;NameServiceStartThread := NameServiceStartThread&quot;, &quot;theDir := ORBD&quot; }"/>
        </annotation>
    </item>
    <item name='com.sun.corba.se.impl.activation.ORBD boolean createSystemDirs(java.lang.String)'>
        <annotation name='com.intellij.inspections.tainted.annotation.equation.Equations'>
            <val val="{ &quot;defaultDbDir := com.sun.corba.se.impl.orbutil.ORBConstants#DEFAULT_DB_DIR&quot; }"/>
        </annotation>
    </item>
    <item name='com.sun.corba.se.impl.activation.ORBD com.sun.corba.se.impl.activation.RepositoryImpl getRepository()'>
        <annotation name='com.intellij.inspections.tainted.annotation.equation.Equations'>
            <val val="{ &quot;getRepository := ORBD&quot; }"/>
        </annotation>
    </item>
    <item name='com.sun.corba.se.impl.activation.ORBD com.sun.corba.se.spi.activation.Activator getActivator()'>
        <annotation name='com.intellij.inspections.tainted.annotation.equation.Equations'>
            <val val="{ &quot;getActivator := ORBD&quot; }"/>
        </annotation>
    </item>
    <item name='com.sun.corba.se.impl.activation.ORBD com.sun.corba.se.spi.activation.Locator getLocator()'>
        <annotation name='com.intellij.inspections.tainted.annotation.equation.Equations'>
            <val val="{ &quot;getLocator := ORBD&quot; }"/>
        </annotation>
    </item>
    <item name='com.sun.corba.se.impl.activation.ORBD com.sun.corba.se.spi.orb.ORB createORB(java.lang.String[])'>
        <annotation name='com.intellij.inspections.tainted.annotation.equation.Equations'>
            <val val="{ &quot;args := #run(java.lang.String[])#0&quot; }"/>
        </annotation>
    </item>
    <item name='com.sun.corba.se.impl.activation.ORBD java.io.File getDbDir()'>
        <annotation name='com.intellij.inspections.tainted.annotation.equation.Equations'>
            <val val="{ &quot;getDbDir := ORBD&quot; }"/>
        </annotation>
    </item>
    <item name='com.sun.corba.se.impl.activation.ORBD java.lang.String getDbDirName()'>
        <annotation name='com.intellij.inspections.tainted.annotation.equation.Equations'>
            <val val="{ &quot;getDbDirName := ORBD&quot; }"/>
        </annotation>
    </item>
    <item name='com.sun.corba.se.impl.activation.ORBD void initializeBootNaming(com.sun.corba.se.spi.orb.ORB)'>
        <annotation name='com.intellij.inspections.tainted.annotation.equation.Equations'>
            <val val="{ &quot;orb := #startActivationObjects(com.sun.corba.se.spi.orb.ORB)#0&quot; }"/>
        </annotation>
    </item>
    <item name='com.sun.corba.se.impl.activation.ORBD void processArgs(java.lang.String[])'>
        <annotation name='com.intellij.inspections.tainted.annotation.equation.Equations'>
            <val val="{ &quot;args := #run(java.lang.String[])#0&quot; }"/>
        </annotation>
    </item>
    <item name='com.sun.corba.se.impl.activation.ORBD void run(java.lang.String[])'>
        <annotation name='com.intellij.inspections.tainted.annotation.equation.Equations'>
            <val val="{ &quot;args := #main(java.lang.String[])#0&quot; }"/>
        </annotation>
    </item>
    <item name='com.sun.corba.se.impl.activation.ProcessMonitorThread ProcessMonitorThread(java.util.HashMap, int)'>
        <annotation name='com.intellij.inspections.tainted.annotation.equation.Equations'>
            <val val="{ &quot;SleepTime := com.sun.corba.se.impl.orbutil.ORBConstants#DEFAULT_SERVER_POLLING_TIME&quot;, &quot;ProcessMonitorThread := ProcessMonitorThread&quot;, &quot;ServerTable := #start(java.util.HashMap)#0&quot; }"/>
        </annotation>
    </item>
    <item name='com.sun.corba.se.impl.activation.ProcessMonitorThread void checkServerHealth(java.util.Iterator)'>
        <annotation name='com.intellij.inspections.tainted.annotation.equation.Equations'>
            <val val="{ &quot;serverList := &quot; }"/>
        </annotation>
    </item>
    <item name='com.sun.corba.se.impl.activation.ProcessMonitorThread void start(java.util.HashMap)'>
        <annotation name='com.intellij.inspections.tainted.annotation.equation.Equations'>
            <val val="{ &quot;serverTable := ServerManagerImpl&quot; }"/>
        </annotation>
    </item>
    <item name='com.sun.corba.se.impl.activation.Quit boolean processCommand(java.lang.String[], org.omg.CORBA.ORB, java.io.PrintStream)'>
        <annotation name='com.intellij.inspections.tainted.annotation.equation.Equations'>
            <val val="{ &quot;cmdArgs := CommandHandler#processCommand(java.lang.String[], org.omg.CORBA.ORB, java.io.PrintStream)#0 &amp; CommandHandler#processCommand(java.lang.String[], org.omg.CORBA.ORB, java.io.PrintStream)#0&quot;, &quot;orb := CommandHandler#processCommand(java.lang.String[], org.omg.CORBA.ORB, java.io.PrintStream)#1 &amp; CommandHandler#processCommand(java.lang.String[], org.omg.CORBA.ORB, java.io.PrintStream)#1&quot;, &quot;processCommand := CommandHandler#commandDone&quot;, &quot;out := CommandHandler#processCommand(java.lang.String[], org.omg.CORBA.ORB, java.io.PrintStream)#2 &amp; CommandHandler#processCommand(java.lang.String[], org.omg.CORBA.ORB, java.io.PrintStream)#2&quot; }"/>
        </annotation>
    </item>
    <item name='com.sun.corba.se.impl.activation.RegisterServer boolean processCommand(java.lang.String[], org.omg.CORBA.ORB, java.io.PrintStream)'>
        <annotation name='com.intellij.inspections.tainted.annotation.equation.Equations'>
            <val val="{ &quot;processCommand := CommandHandler#parseError &amp; CommandHandler#commandDone&quot;, &quot;cmdArgs := CommandHandler#processCommand(java.lang.String[], org.omg.CORBA.ORB, java.io.PrintStream)#0 &amp; CommandHandler#processCommand(java.lang.String[], org.omg.CORBA.ORB, java.io.PrintStream)#0&quot;, &quot;out := CommandHandler#processCommand(java.lang.String[], org.omg.CORBA.ORB, java.io.PrintStream)#2 &amp; CommandHandler#processCommand(java.lang.String[], org.omg.CORBA.ORB, java.io.PrintStream)#2&quot;, &quot;orb := CommandHandler#processCommand(java.lang.String[], org.omg.CORBA.ORB, java.io.PrintStream)#1 &amp; CommandHandler#processCommand(java.lang.String[], org.omg.CORBA.ORB, java.io.PrintStream)#1&quot; }"/>
        </annotation>
    </item>
    <item name='com.sun.corba.se.impl.activation.RepositoryImpl RepositoryImpl(com.sun.corba.se.spi.orb.ORB, java.io.File, boolean)'>
        <annotation name='com.intellij.inspections.tainted.annotation.equation.Equations'>
            <val val="{ &quot;RepositoryImpl := RepositoryImpl&quot;, &quot;dbDir := ORBD&quot;, &quot;orb := ORBD#startActivationObjects(com.sun.corba.se.spi.orb.ORB)#0&quot; }"/>
        </annotation>
    </item>
    <item name='com.sun.corba.se.impl.activation.RepositoryImpl boolean isInstalled(int)'>
        <annotation name='com.intellij.inspections.tainted.annotation.equation.Equations'>
            <val val="{ &quot;serverId := com.sun.corba.se.spi.activation.RepositoryOperations#isInstalled(int)#0 &amp; com.sun.corba.se.spi.activation.RepositoryOperations#isInstalled(int)#0&quot; }"/>
        </annotation>
    </item>
    <item name='com.sun.corba.se.impl.activation.RepositoryImpl com.sun.corba.se.impl.activation.RepositoryImpl.DBServerDef getDBServerDef(int)'>
        <annotation name='com.intellij.inspections.tainted.annotation.equation.Equations'>
            <val val="{ &quot;serverId := #getServer(int)#0 &amp; #isInstalled(int)#0 &amp; #install(int)#0 &amp; #uninstall(int)#0&quot; }"/>
        </annotation>
    </item>
    <item name='com.sun.corba.se.impl.activation.RepositoryImpl com.sun.corba.se.spi.activation.RepositoryPackage.ServerDef getServer(int)'>
        <annotation name='com.intellij.inspections.tainted.annotation.equation.Equations'>
            <val val="{ &quot;serverId := com.sun.corba.se.spi.activation.RepositoryOperations#getServer(int)#0 &amp; com.sun.corba.se.spi.activation.RepositoryOperations#getServer(int)#0&quot; }"/>
        </annotation>
    </item>
    <item name='com.sun.corba.se.impl.activation.RepositoryImpl int getServerID(java.lang.String)'>
        <annotation name='com.intellij.inspections.tainted.annotation.equation.Equations'>
            <val val="{ &quot;applicationName := com.sun.corba.se.spi.activation.RepositoryOperations#getServerID(java.lang.String)#0 &amp; com.sun.corba.se.spi.activation.RepositoryOperations#getServerID(java.lang.String)#0&quot; }"/>
        </annotation>
    </item>
    <item name='com.sun.corba.se.impl.activation.RepositoryImpl int registerServer(com.sun.corba.se.spi.activation.RepositoryPackage.ServerDef)'>
        <annotation name='com.intellij.inspections.tainted.annotation.equation.Equations'>
            <val val="{ &quot;serverDef := com.sun.corba.se.spi.activation.RepositoryOperations#registerServer(com.sun.corba.se.spi.activation.RepositoryPackage.ServerDef)#0 &amp; com.sun.corba.se.spi.activation.RepositoryOperations#registerServer(com.sun.corba.se.spi.activation.RepositoryPackage.ServerDef)#0&quot; }"/>
        </annotation>
    </item>
    <item name='com.sun.corba.se.impl.activation.RepositoryImpl int registerServer(com.sun.corba.se.spi.activation.RepositoryPackage.ServerDef, int)'>
        <annotation name='com.intellij.inspections.tainted.annotation.equation.Equations'>
            <val val="{ &quot;serverDef := #registerServer(com.sun.corba.se.spi.activation.RepositoryPackage.ServerDef)#0&quot;, &quot;registerServer := theServerId&quot;, &quot;theServerId := #illegalServerId&quot; }"/>
        </annotation>
    </item>
    <item name='com.sun.corba.se.impl.activation.RepositoryImpl java.lang.String printServerDef(com.sun.corba.se.spi.activation.RepositoryPackage.ServerDef)'>
        <annotation name='com.intellij.inspections.tainted.annotation.equation.Equations'>
            <val val="{ &quot;sd := #registerServer(com.sun.corba.se.spi.activation.RepositoryPackage.ServerDef, int)#0&quot; }"/>
        </annotation>
    </item>
    <item name='com.sun.corba.se.impl.activation.RepositoryImpl void install(int)'>
        <annotation name='com.intellij.inspections.tainted.annotation.equation.Equations'>
            <val val="{ &quot;serverId := com.sun.corba.se.spi.activation.RepositoryOperations#install(int)#0 &amp; com.sun.corba.se.spi.activation.RepositoryOperations#install(int)#0&quot; }"/>
        </annotation>
    </item>
    <item name='com.sun.corba.se.impl.activation.RepositoryImpl void uninstall(int)'>
        <annotation name='com.intellij.inspections.tainted.annotation.equation.Equations'>
            <val val="{ &quot;serverId := com.sun.corba.se.spi.activation.RepositoryOperations#uninstall(int)#0 &amp; com.sun.corba.se.spi.activation.RepositoryOperations#uninstall(int)#0&quot; }"/>
        </annotation>
    </item>
    <item name='com.sun.corba.se.impl.activation.RepositoryImpl void unregisterServer(int)'>
        <annotation name='com.intellij.inspections.tainted.annotation.equation.Equations'>
            <val val="{ &quot;serverId := com.sun.corba.se.spi.activation.RepositoryOperations#unregisterServer(int)#0 &amp; com.sun.corba.se.spi.activation.RepositoryOperations#unregisterServer(int)#0&quot; }"/>
        </annotation>
    </item>
    <item name='com.sun.corba.se.impl.activation.RepositoryImpl.DBServerDef DBServerDef(com.sun.corba.se.spi.activation.RepositoryPackage.ServerDef, int)'>
        <annotation name='com.intellij.inspections.tainted.annotation.equation.Equations'>
            <val val="{ &quot;server_id := RepositoryImpl#registerServer(com.sun.corba.se.spi.activation.RepositoryPackage.ServerDef, int)#1&quot;, &quot;DBServerDef := RepositoryImpl.DBServerDef&quot;, &quot;server := RepositoryImpl#registerServer(com.sun.corba.se.spi.activation.RepositoryPackage.ServerDef, int)#0&quot; }"/>
        </annotation>
    </item>
    <item name='com.sun.corba.se.impl.activation.RepositoryImpl.DBServerDef java.lang.String toString()'>
        <annotation name='com.intellij.inspections.tainted.annotation.equation.Equations'>
            <val val="{ &quot;toString := RepositoryImpl.DBServerDef&quot; }"/>
        </annotation>
    </item>
    <item name='com.sun.corba.se.impl.activation.RepositoryImpl.RepositoryDB RepositoryDB(java.io.File)'>
        <annotation name='com.intellij.inspections.tainted.annotation.equation.Equations'>
            <val val="{ &quot;RepositoryDB := RepositoryImpl.RepositoryDB&quot; }"/>
        </annotation>
    </item>
    <item name='com.sun.corba.se.impl.activation.ServerCallback ServerCallback(org.omg.CORBA.ORB, java.lang.reflect.Method, java.lang.reflect.Method, java.lang.reflect.Method)'>
        <annotation name='com.intellij.inspections.tainted.annotation.equation.Equations'>
            <val val="{ &quot;ServerCallback := ServerCallback&quot; }"/>
        </annotation>
    </item>
    <item name='com.sun.corba.se.impl.activation.ServerCallback void invokeMethod(java.lang.reflect.Method)'>
        <annotation name='com.intellij.inspections.tainted.annotation.equation.Equations'>
            <val val="{ &quot;method := ServerCallback&quot; }"/>
        </annotation>
    </item>
    <item name='com.sun.corba.se.impl.activation.ServerMain java.lang.String printResult(int)'>
        <annotation name='com.intellij.inspections.tainted.annotation.equation.Equations'>
            <val val="{ &quot;result := #logTerminal(java.lang.String, int)#1&quot; }"/>
        </annotation>
    </item>
    <item name='com.sun.corba.se.impl.activation.ServerMain java.lang.reflect.Method getNamedMethod(java.lang.Class, java.lang.String)'>
        <annotation name='com.intellij.inspections.tainted.annotation.equation.Equations'>
            <val val="{ &quot;serverClass := #registerCallback(java.lang.Class)#0&quot; }"/>
        </annotation>
    </item>
    <item name='com.sun.corba.se.impl.activation.ServerMain void logError(java.lang.String)'>
        <annotation name='com.intellij.inspections.tainted.annotation.equation.Equations'>
            <val val="{ &quot;msg := &quot; }"/>
        </annotation>
    </item>
    <item name='com.sun.corba.se.impl.activation.ServerMain void logTerminal(java.lang.String, int)'>
        <annotation name='com.intellij.inspections.tainted.annotation.equation.Equations'>
            <val val="{ &quot;code := #NO_MAIN_METHOD &amp; #OK &amp; #MAIN_CLASS_NOT_FOUND &amp; #APPLICATION_ERROR &amp; #NO_SERVER_ID &amp; #REGISTRATION_FAILED&quot; }"/>
        </annotation>
    </item>
    <item name='com.sun.corba.se.impl.activation.ServerMain void run(java.lang.String[])'>
        <annotation name='com.intellij.inspections.tainted.annotation.equation.Equations'>
            <val val="{ &quot;args := #main(java.lang.String[])#0&quot; }"/>
        </annotation>
    </item>
    <item name='com.sun.corba.se.impl.activation.ServerMain void writeLogMessage(java.io.PrintStream, java.lang.String)'>
        <annotation name='com.intellij.inspections.tainted.annotation.equation.Equations'>
            <val val="{ &quot;msg := #logInformation(java.lang.String)#0 &amp; #logError(java.lang.String)#0 &amp; #logTerminal(java.lang.String, int)#0&quot;, &quot;pstream := java.lang.System#out &amp; java.lang.System#err&quot; }"/>
        </annotation>
    </item>
    <item name='com.sun.corba.se.impl.activation.ServerManagerImpl ServerManagerImpl(com.sun.corba.se.spi.orb.ORB, com.sun.corba.se.spi.transport.CorbaTransportManager, com.sun.corba.se.spi.activation.Repository, java.lang.String, boolean)'>
        <annotation name='com.intellij.inspections.tainted.annotation.equation.Equations'>
            <val val="{ &quot;ServerManagerImpl := ServerManagerImpl&quot;, &quot;repository := ORBD&quot;, &quot;orb := ORBD#startActivationObjects(com.sun.corba.se.spi.orb.ORB)#0&quot; }"/>
        </annotation>
    </item>
    <item name='com.sun.corba.se.impl.activation.ServerManagerImpl com.sun.corba.se.impl.activation.ServerTableEntry getEntry(int)'>
        <annotation name='com.intellij.inspections.tainted.annotation.equation.Equations'>
            <val val="{ &quot;serverId := #activate(int)#0 &amp; #getORBNames(int)#0 &amp; #getRunningEntry(int)#0 &amp; #locateServer(int, java.lang.String)#0 &amp; #locateServerForORB(int, java.lang.String)#0&quot; }"/>
        </annotation>
    </item>
    <item name='com.sun.corba.se.impl.activation.ServerManagerImpl com.sun.corba.se.impl.activation.ServerTableEntry getRunningEntry(int)'>
        <annotation name='com.intellij.inspections.tainted.annotation.equation.Equations'>
            <val val="{ &quot;serverId := #install(int)#0&quot; }"/>
        </annotation>
    </item>
    <item name='com.sun.corba.se.impl.activation.ServerManagerImpl com.sun.corba.se.spi.activation.LocatorPackage.ServerLocation locateServer(com.sun.corba.se.impl.activation.ServerTableEntry, java.lang.String, boolean)'>
        <annotation name='com.intellij.inspections.tainted.annotation.equation.Equations'>
            <val val="{ &quot;endpointType := com.sun.corba.se.spi.activation.IIOP_CLEAR_TEXT#value &amp; #locateServer(int, java.lang.String)#1&quot; }"/>
        </annotation>
    </item>
    <item name='com.sun.corba.se.impl.activation.ServerManagerImpl com.sun.corba.se.spi.activation.LocatorPackage.ServerLocation locateServer(int, java.lang.String)'>
        <annotation name='com.intellij.inspections.tainted.annotation.equation.Equations'>
            <val val="{ &quot;serverId := com.sun.corba.se.spi.activation.LocatorOperations#locateServer(int, java.lang.String)#0 &amp; com.sun.corba.se.spi.activation.LocatorOperations#locateServer(int, java.lang.String)#0&quot;, &quot;endpointType := com.sun.corba.se.spi.activation.LocatorOperations#locateServer(int, java.lang.String)#1 &amp; com.sun.corba.se.spi.activation.LocatorOperations#locateServer(int, java.lang.String)#1&quot; }"/>
        </annotation>
    </item>
    <item name='com.sun.corba.se.impl.activation.ServerManagerImpl com.sun.corba.se.spi.activation.LocatorPackage.ServerLocationPerORB locateServerForORB(com.sun.corba.se.impl.activation.ServerTableEntry, java.lang.String, boolean)'>
        <annotation name='com.intellij.inspections.tainted.annotation.equation.Equations'>
            <val val="{ &quot;orbId := #locateServerForORB(int, java.lang.String)#1&quot; }"/>
        </annotation>
    </item>
    <item name='com.sun.corba.se.impl.activation.ServerManagerImpl com.sun.corba.se.spi.activation.LocatorPackage.ServerLocationPerORB locateServerForORB(int, java.lang.String)'>
        <annotation name='com.intellij.inspections.tainted.annotation.equation.Equations'>
            <val val="{ &quot;orbId := com.sun.corba.se.spi.activation.LocatorOperations#locateServerForORB(int, java.lang.String)#1 &amp; com.sun.corba.se.spi.activation.LocatorOperations#locateServerForORB(int, java.lang.String)#1&quot;, &quot;serverId := com.sun.corba.se.spi.activation.LocatorOperations#locateServerForORB(int, java.lang.String)#0 &amp; com.sun.corba.se.spi.activation.LocatorOperations#locateServerForORB(int, java.lang.String)#0&quot; }"/>
        </annotation>
    </item>
    <item name='com.sun.corba.se.impl.activation.ServerManagerImpl int getEndpoint(java.lang.String)'>
        <annotation name='com.intellij.inspections.tainted.annotation.equation.Equations'>
            <val val="{ &quot;endpointType := com.sun.corba.se.spi.activation.LocatorOperations#getEndpoint(java.lang.String)#0 &amp; com.sun.corba.se.spi.activation.LocatorOperations#getEndpoint(java.lang.String)#0&quot; }"/>
        </annotation>
    </item>
    <item name='com.sun.corba.se.impl.activation.ServerManagerImpl int getServerPortForType(com.sun.corba.se.spi.activation.LocatorPackage.ServerLocationPerORB, java.lang.String)'>
        <annotation name='com.intellij.inspections.tainted.annotation.equation.Equations'>
            <val val="{ &quot;location := com.sun.corba.se.spi.activation.LocatorOperations#getServerPortForType(com.sun.corba.se.spi.activation.LocatorPackage.ServerLocationPerORB, java.lang.String)#0 &amp; com.sun.corba.se.spi.activation.LocatorOperations#getServerPortForType(com.sun.corba.se.spi.activation.LocatorPackage.ServerLocationPerORB, java.lang.String)#0&quot;, &quot;endPointType := com.sun.corba.se.spi.activation.LocatorOperations#getServerPortForType(com.sun.corba.se.spi.activation.LocatorPackage.ServerLocationPerORB, java.lang.String)#1 &amp; com.sun.corba.se.spi.activation.LocatorOperations#getServerPortForType(com.sun.corba.se.spi.activation.LocatorPackage.ServerLocationPerORB, java.lang.String)#1&quot; }"/>
        </annotation>
    </item>
    <item name='com.sun.corba.se.impl.activation.ServerManagerImpl java.lang.String[] getORBNames(int)'>
        <annotation name='com.intellij.inspections.tainted.annotation.equation.Equations'>
            <val val="{ &quot;serverId := com.sun.corba.se.spi.activation.ActivatorOperations#getORBNames(int)#0 &amp; com.sun.corba.se.spi.activation.ActivatorOperations#getORBNames(int)#0&quot; }"/>
        </annotation>
    </item>
    <item name='com.sun.corba.se.impl.activation.ServerManagerImpl void activate(int)'>
        <annotation name='com.intellij.inspections.tainted.annotation.equation.Equations'>
            <val val="{ &quot;serverId := com.sun.corba.se.spi.activation.ActivatorOperations#activate(int)#0 &amp; com.sun.corba.se.spi.activation.ActivatorOperations#activate(int)#0&quot; }"/>
        </annotation>
    </item>
    <item name='com.sun.corba.se.impl.activation.ServerManagerImpl void active(int, com.sun.corba.se.spi.activation.Server)'>
        <annotation name='com.intellij.inspections.tainted.annotation.equation.Equations'>
            <val val="{ &quot;serverId := com.sun.corba.se.spi.activation.ActivatorOperations#active(int, com.sun.corba.se.spi.activation.Server)#0 &amp; com.sun.corba.se.spi.activation.ActivatorOperations#active(int, com.sun.corba.se.spi.activation.Server)#0&quot;, &quot;server := com.sun.corba.se.spi.activation.ActivatorOperations#active(int, com.sun.corba.se.spi.activation.Server)#1 &amp; com.sun.corba.se.spi.activation.ActivatorOperations#active(int, com.sun.corba.se.spi.activation.Server)#1&quot; }"/>
        </annotation>
    </item>
    <item name='com.sun.corba.se.impl.activation.ServerManagerImpl void handle(com.sun.corba.se.spi.ior.ObjectKey)'>
        <annotation name='com.intellij.inspections.tainted.annotation.equation.Equations'>
            <val val="{ &quot;okey := com.sun.corba.se.impl.oa.poa.BadServerIdHandler#handle(com.sun.corba.se.spi.ior.ObjectKey)#0 &amp; com.sun.corba.se.impl.oa.poa.BadServerIdHandler#handle(com.sun.corba.se.spi.ior.ObjectKey)#0&quot; }"/>
        </annotation>
    </item>
    <item name='com.sun.corba.se.impl.activation.ServerManagerImpl void install(int)'>
        <annotation name='com.intellij.inspections.tainted.annotation.equation.Equations'>
            <val val="{ &quot;serverId := com.sun.corba.se.spi.activation.ActivatorOperations#install(int)#0 &amp; com.sun.corba.se.spi.activation.ActivatorOperations#install(int)#0&quot; }"/>
        </annotation>
    </item>
    <item name='com.sun.corba.se.impl.activation.ServerManagerImpl void registerEndpoints(int, java.lang.String, com.sun.corba.se.spi.activation.EndPointInfo[])'>
        <annotation name='com.intellij.inspections.tainted.annotation.equation.Equations'>
            <val val="{ &quot;orbId := com.sun.corba.se.spi.activation.ActivatorOperations#registerEndpoints(int, java.lang.String, com.sun.corba.se.spi.activation.EndPointInfo[])#1 &amp; com.sun.corba.se.spi.activation.ActivatorOperations#registerEndpoints(int, java.lang.String, com.sun.corba.se.spi.activation.EndPointInfo[])#1&quot;, &quot;serverId := com.sun.corba.se.spi.activation.ActivatorOperations#registerEndpoints(int, java.lang.String, com.sun.corba.se.spi.activation.EndPointInfo[])#0 &amp; com.sun.corba.se.spi.activation.ActivatorOperations#registerEndpoints(int, java.lang.String, com.sun.corba.se.spi.activation.EndPointInfo[])#0&quot;, &quot;endpointList := com.sun.corba.se.spi.activation.ActivatorOperations#registerEndpoints(int, java.lang.String, com.sun.corba.se.spi.activation.EndPointInfo[])#2 &amp; com.sun.corba.se.spi.activation.ActivatorOperations#registerEndpoints(int, java.lang.String, com.sun.corba.se.spi.activation.EndPointInfo[])#2&quot; }"/>
        </annotation>
    </item>
    <item name='com.sun.corba.se.impl.activation.ServerManagerImpl void shutdown(int)'>
        <annotation name='com.intellij.inspections.tainted.annotation.equation.Equations'>
            <val val="{ &quot;serverId := com.sun.corba.se.spi.activation.ActivatorOperations#shutdown(int)#0 &amp; com.sun.corba.se.spi.activation.ActivatorOperations#shutdown(int)#0&quot; }"/>
        </annotation>
    </item>
    <item name='com.sun.corba.se.impl.activation.ServerManagerImpl void uninstall(int)'>
        <annotation name='com.intellij.inspections.tainted.annotation.equation.Equations'>
            <val val="{ &quot;serverId := com.sun.corba.se.spi.activation.ActivatorOperations#uninstall(int)#0 &amp; com.sun.corba.se.spi.activation.ActivatorOperations#uninstall(int)#0&quot; }"/>
        </annotation>
    </item>
    <item name='com.sun.corba.se.impl.activation.ServerTableEntry'>
        <annotation name='com.intellij.inspections.tainted.annotation.equation.Equations'>
            <val val="{ &quot;ServerTableEntry := #ACTIVATED &amp; #HELD_DOWN &amp; #DE_ACTIVATED&quot; }"/>
        </annotation>
    </item>
    <item name='com.sun.corba.se.impl.activation.ServerTableEntry ServerTableEntry(com.sun.corba.se.impl.logging.ActivationSystemException, int, com.sun.corba.se.spi.activation.RepositoryPackage.ServerDef, int, java.lang.String, boolean, boolean)'>
        <annotation name='com.intellij.inspections.tainted.annotation.equation.Equations'>
            <val val="{ &quot;serverId := RepositoryImpl#illegalServerId &amp; ServerManagerImpl#getEntry(int)#0&quot;, &quot;debug := RepositoryImpl &amp; ServerManagerImpl&quot;, &quot;serverDef := RepositoryImpl#registerServer(com.sun.corba.se.spi.activation.RepositoryPackage.ServerDef)#0&quot;, &quot;dbDirName := ServerManagerImpl&quot;, &quot;ServerTableEntry := ServerTableEntry&quot;, &quot;initialPort := ServerManagerImpl&quot;, &quot;wrapper := RepositoryImpl &amp; ServerManagerImpl&quot; }"/>
        </annotation>
    </item>
    <item name='com.sun.corba.se.impl.activation.ServerTableEntry boolean isActive()'>
        <annotation name='com.intellij.inspections.tainted.annotation.equation.Equations'>
            <val val="{ &quot;isActive := ServerTableEntry &amp; #RUNNING &amp; #ACTIVATED&quot; }"/>
        </annotation>
    </item>
    <item name='com.sun.corba.se.impl.activation.ServerTableEntry com.sun.corba.se.spi.activation.EndPointInfo[] lookupForORB(java.lang.String)'>
        <annotation name='com.intellij.inspections.tainted.annotation.equation.Equations'>
            <val val="{ &quot;orbId := ServerManagerImpl#locateServerForORB(com.sun.corba.se.impl.activation.ServerTableEntry, java.lang.String, boolean)#1&quot; }"/>
        </annotation>
    </item>
    <item name='com.sun.corba.se.impl.activation.ServerTableEntry com.sun.corba.se.spi.activation.ORBPortInfo[] lookup(java.lang.String)'>
        <annotation name='com.intellij.inspections.tainted.annotation.equation.Equations'>
            <val val="{ &quot;endpointType := ServerManagerImpl#locateServer(com.sun.corba.se.impl.activation.ServerTableEntry, java.lang.String, boolean)#1 &amp; com.sun.corba.se.spi.activation.IIOP_CLEAR_TEXT#value&quot; }"/>
        </annotation>
    </item>
    <item name='com.sun.corba.se.impl.activation.ServerTableEntry int getServerId()'>
        <annotation name='com.intellij.inspections.tainted.annotation.equation.Equations'>
            <val val="{ &quot;getServerId := ServerTableEntry&quot; }"/>
        </annotation>
    </item>
    <item name='com.sun.corba.se.impl.activation.ServerTableEntry int verify()'>
        <annotation name='com.intellij.inspections.tainted.annotation.equation.Equations'>
            <val val="{ &quot;verify := ServerMain#UNKNOWN_ERROR&quot; }"/>
        </annotation>
    </item>
    <item name='com.sun.corba.se.impl.activation.ServerTableEntry java.lang.String toString()'>
        <annotation name='com.intellij.inspections.tainted.annotation.equation.Equations'>
            <val val="{ &quot;toString := ServerTableEntry&quot; }"/>
        </annotation>
    </item>
    <item name='com.sun.corba.se.impl.activation.ServerTableEntry void printDebug(java.lang.String, java.lang.String)'>
        <annotation name='com.intellij.inspections.tainted.annotation.equation.Equations'>
            <val val="{ &quot;msg := &quot; }"/>
        </annotation>
    </item>
    <item name='com.sun.corba.se.impl.activation.ServerTableEntry void register(com.sun.corba.se.spi.activation.Server)'>
        <annotation name='com.intellij.inspections.tainted.annotation.equation.Equations'>
            <val val="{ &quot;server := ServerManagerImpl#active(int, com.sun.corba.se.spi.activation.Server)#1&quot; }"/>
        </annotation>
    </item>
    <item name='com.sun.corba.se.impl.activation.ServerTableEntry void registerPorts(java.lang.String, com.sun.corba.se.spi.activation.EndPointInfo[])'>
        <annotation name='com.intellij.inspections.tainted.annotation.equation.Equations'>
            <val val="{ &quot;orbId := ServerManagerImpl#registerEndpoints(int, java.lang.String, com.sun.corba.se.spi.activation.EndPointInfo[])#1&quot;, &quot;endpointList := ServerManagerImpl#registerEndpoints(int, java.lang.String, com.sun.corba.se.spi.activation.EndPointInfo[])#2&quot; }"/>
        </annotation>
    </item>
    <item name='com.sun.corba.se.impl.activation.ServerTool'>
        <annotation name='com.intellij.inspections.tainted.annotation.equation.Equations'>
            <val val="{ &quot;ServerTool := &quot; }"/>
        </annotation>
    </item>
    <item name='com.sun.corba.se.impl.activation.ServerTool int getServerIdForAlias(org.omg.CORBA.ORB, java.lang.String)'>
        <annotation name='com.intellij.inspections.tainted.annotation.equation.Equations'>
            <val val="{ &quot;orb := UnRegisterServer#processCommand(java.lang.String[], org.omg.CORBA.ORB, java.io.PrintStream)#1 &amp; LocateServer#processCommand(java.lang.String[], org.omg.CORBA.ORB, java.io.PrintStream)#1 &amp; LocateServerForORB#processCommand(java.lang.String[], org.omg.CORBA.ORB, java.io.PrintStream)#1 &amp; ShutdownServer#processCommand(java.lang.String[], org.omg.CORBA.ORB, java.io.PrintStream)#1 &amp; StartServer#processCommand(java.lang.String[], org.omg.CORBA.ORB, java.io.PrintStream)#1 &amp; ListORBs#processCommand(java.lang.String[], org.omg.CORBA.ORB, java.io.PrintStream)#1&quot;, &quot;applicationName := UnRegisterServer#processCommand(java.lang.String[], org.omg.CORBA.ORB, java.io.PrintStream)#0 &amp; LocateServer#processCommand(java.lang.String[], org.omg.CORBA.ORB, java.io.PrintStream)#0 &amp; LocateServerForORB#processCommand(java.lang.String[], org.omg.CORBA.ORB, java.io.PrintStream)#0 &amp; ShutdownServer#processCommand(java.lang.String[], org.omg.CORBA.ORB, java.io.PrintStream)#0 &amp; StartServer#processCommand(java.lang.String[], org.omg.CORBA.ORB, java.io.PrintStream)#0 &amp; ListORBs#processCommand(java.lang.String[], org.omg.CORBA.ORB, java.io.PrintStream)#0&quot; }"/>
        </annotation>
    </item>
    <item name='com.sun.corba.se.impl.activation.ServerTool void executeCommand(java.lang.String[])'>
        <annotation name='com.intellij.inspections.tainted.annotation.equation.Equations'>
            <val val="{ &quot;cmd := #run(java.lang.String[])#0&quot; }"/>
        </annotation>
    </item>
    <item name='com.sun.corba.se.impl.activation.ServerTool void run(java.lang.String[])'>
        <annotation name='com.intellij.inspections.tainted.annotation.equation.Equations'>
            <val val="{ &quot;args := #main(java.lang.String[])#0&quot; }"/>
        </annotation>
    </item>
    <item name='com.sun.corba.se.impl.activation.ShutdownServer boolean processCommand(java.lang.String[], org.omg.CORBA.ORB, java.io.PrintStream)'>
        <annotation name='com.intellij.inspections.tainted.annotation.equation.Equations'>
            <val val="{ &quot;orb := CommandHandler#processCommand(java.lang.String[], org.omg.CORBA.ORB, java.io.PrintStream)#1 &amp; CommandHandler#processCommand(java.lang.String[], org.omg.CORBA.ORB, java.io.PrintStream)#1&quot;, &quot;processCommand := CommandHandler#parseError &amp; CommandHandler#commandDone&quot;, &quot;out := CommandHandler#processCommand(java.lang.String[], org.omg.CORBA.ORB, java.io.PrintStream)#2 &amp; CommandHandler#processCommand(java.lang.String[], org.omg.CORBA.ORB, java.io.PrintStream)#2&quot;, &quot;cmdArgs := CommandHandler#processCommand(java.lang.String[], org.omg.CORBA.ORB, java.io.PrintStream)#0 &amp; CommandHandler#processCommand(java.lang.String[], org.omg.CORBA.ORB, java.io.PrintStream)#0&quot; }"/>
        </annotation>
    </item>
    <item name='com.sun.corba.se.impl.activation.ShutdownServer void printCommandHelp(java.io.PrintStream, boolean)'>
        <annotation name='com.intellij.inspections.tainted.annotation.equation.Equations'>
            <val val="{ &quot;helpType := CommandHandler#printCommandHelp(java.io.PrintStream, boolean)#1 &amp; CommandHandler#printCommandHelp(java.io.PrintStream, boolean)#1&quot;, &quot;out := CommandHandler#printCommandHelp(java.io.PrintStream, boolean)#0 &amp; CommandHandler#printCommandHelp(java.io.PrintStream, boolean)#0&quot; }"/>
        </annotation>
    </item>
    <item name='com.sun.corba.se.impl.activation.StartServer boolean processCommand(java.lang.String[], org.omg.CORBA.ORB, java.io.PrintStream)'>
        <annotation name='com.intellij.inspections.tainted.annotation.equation.Equations'>
            <val val="{ &quot;cmdArgs := CommandHandler#processCommand(java.lang.String[], org.omg.CORBA.ORB, java.io.PrintStream)#0 &amp; CommandHandler#processCommand(java.lang.String[], org.omg.CORBA.ORB, java.io.PrintStream)#0&quot;, &quot;orb := CommandHandler#processCommand(java.lang.String[], org.omg.CORBA.ORB, java.io.PrintStream)#1 &amp; CommandHandler#processCommand(java.lang.String[], org.omg.CORBA.ORB, java.io.PrintStream)#1&quot;, &quot;out := CommandHandler#processCommand(java.lang.String[], org.omg.CORBA.ORB, java.io.PrintStream)#2 &amp; CommandHandler#processCommand(java.lang.String[], org.omg.CORBA.ORB, java.io.PrintStream)#2&quot;, &quot;processCommand := CommandHandler#parseError &amp; CommandHandler#commandDone&quot; }"/>
        </annotation>
    </item>
    <item name='com.sun.corba.se.impl.activation.StartServer void printCommandHelp(java.io.PrintStream, boolean)'>
        <annotation name='com.intellij.inspections.tainted.annotation.equation.Equations'>
            <val val="{ &quot;out := CommandHandler#printCommandHelp(java.io.PrintStream, boolean)#0 &amp; CommandHandler#printCommandHelp(java.io.PrintStream, boolean)#0&quot;, &quot;helpType := CommandHandler#printCommandHelp(java.io.PrintStream, boolean)#1 &amp; CommandHandler#printCommandHelp(java.io.PrintStream, boolean)#1&quot; }"/>
        </annotation>
    </item>
    <item name='com.sun.corba.se.impl.activation.UnRegisterServer boolean processCommand(java.lang.String[], org.omg.CORBA.ORB, java.io.PrintStream)'>
        <annotation name='com.intellij.inspections.tainted.annotation.equation.Equations'>
            <val val="{ &quot;processCommand := CommandHandler#parseError &amp; CommandHandler#commandDone&quot;, &quot;out := CommandHandler#processCommand(java.lang.String[], org.omg.CORBA.ORB, java.io.PrintStream)#2 &amp; CommandHandler#processCommand(java.lang.String[], org.omg.CORBA.ORB, java.io.PrintStream)#2&quot;, &quot;orb := CommandHandler#processCommand(java.lang.String[], org.omg.CORBA.ORB, java.io.PrintStream)#1 &amp; CommandHandler#processCommand(java.lang.String[], org.omg.CORBA.ORB, java.io.PrintStream)#1&quot;, &quot;cmdArgs := CommandHandler#processCommand(java.lang.String[], org.omg.CORBA.ORB, java.io.PrintStream)#0 &amp; CommandHandler#processCommand(java.lang.String[], org.omg.CORBA.ORB, java.io.PrintStream)#0&quot; }"/>
        </annotation>
    </item>
    <item name='com.sun.corba.se.impl.activation.UnRegisterServer void printCommandHelp(java.io.PrintStream, boolean)'>
        <annotation name='com.intellij.inspections.tainted.annotation.equation.Equations'>
            <val val="{ &quot;helpType := CommandHandler#printCommandHelp(java.io.PrintStream, boolean)#1 &amp; CommandHandler#printCommandHelp(java.io.PrintStream, boolean)#1&quot;, &quot;out := CommandHandler#printCommandHelp(java.io.PrintStream, boolean)#0 &amp; CommandHandler#printCommandHelp(java.io.PrintStream, boolean)#0&quot; }"/>
        </annotation>
    </item>
</root>