<root>
    <item name='com.sun.security.auth.module.JndiLoginModule'>
        <annotation name='com.intellij.inspections.tainted.annotation.equation.Equations'>
            <val val="{ &quot;JndiLoginModule := &quot; }"/>
        </annotation>
    </item>
    <item name='com.sun.security.auth.module.JndiLoginModule boolean verifyPassword(java.lang.String, java.lang.String)'>
        <annotation name='com.intellij.inspections.tainted.annotation.equation.Equations'>
            <val val="{ &quot;encryptedPassword := &quot;, &quot;password := &quot; }"/>
        </annotation>
    </item>
    <item name='com.sun.security.auth.module.JndiLoginModule void getUsernamePassword(boolean)'>
        <annotation name='com.intellij.inspections.tainted.annotation.equation.Equations'>
            <val val="{ &quot;getPasswdFromSharedState := #attemptAuthentication(boolean)#0&quot; }"/>
        </annotation>
    </item>
    <item name='com.sun.security.auth.module.JndiLoginModule void initialize(javax.security.auth.Subject, javax.security.auth.callback.CallbackHandler, java.util.Map&lt;java.lang.String,?&gt;, java.util.Map&lt;java.lang.String,?&gt;)'>
        <annotation name='com.intellij.inspections.tainted.annotation.equation.Equations'>
            <val val="{ &quot;subject := javax.security.auth.spi.LoginModule#initialize(javax.security.auth.Subject, javax.security.auth.callback.CallbackHandler, java.util.Map, java.util.Map)#0 &amp; javax.security.auth.spi.LoginModule#initialize(javax.security.auth.Subject, javax.security.auth.callback.CallbackHandler, java.util.Map, java.util.Map)#0&quot;, &quot;options := javax.security.auth.spi.LoginModule#initialize(javax.security.auth.Subject, javax.security.auth.callback.CallbackHandler, java.util.Map, java.util.Map)#3 &amp; javax.security.auth.spi.LoginModule#initialize(javax.security.auth.Subject, javax.security.auth.callback.CallbackHandler, java.util.Map, java.util.Map)#3&quot;, &quot;sharedState := javax.security.auth.spi.LoginModule#initialize(javax.security.auth.Subject, javax.security.auth.callback.CallbackHandler, java.util.Map, java.util.Map)#2 &amp; javax.security.auth.spi.LoginModule#initialize(javax.security.auth.Subject, javax.security.auth.callback.CallbackHandler, java.util.Map, java.util.Map)#2&quot;, &quot;callbackHandler := javax.security.auth.spi.LoginModule#initialize(javax.security.auth.Subject, javax.security.auth.callback.CallbackHandler, java.util.Map, java.util.Map)#1 &amp; javax.security.auth.spi.LoginModule#initialize(javax.security.auth.Subject, javax.security.auth.callback.CallbackHandler, java.util.Map, java.util.Map)#1&quot; }"/>
        </annotation>
    </item>
    <item name='com.sun.security.auth.module.KeyStoreLoginModule'>
        <annotation name='com.intellij.inspections.tainted.annotation.equation.Equations'>
            <val val="{ &quot;KeyStoreLoginModule := #UNINITIALIZED &amp; #AUTHENTICATED &amp; KeyStoreLoginModule &amp; #LOGGED_IN &amp; #INITIALIZED&quot; }"/>
        </annotation>
    </item>
    <item name='com.sun.security.auth.module.KeyStoreLoginModule void debugPrint(java.lang.String)'>
        <annotation name='com.intellij.inspections.tainted.annotation.equation.Equations'>
            <val val="{ &quot;message := KeyStoreLoginModule&quot; }"/>
        </annotation>
    </item>
    <item name='com.sun.security.auth.module.KeyStoreLoginModule void getAliasAndPasswords(int)'>
        <annotation name='com.intellij.inspections.tainted.annotation.equation.Equations'>
            <val val="{ &quot;env := #PROTECTED_PATH &amp; #TOKEN &amp; #NORMAL&quot; }"/>
        </annotation>
    </item>
    <item name='com.sun.security.auth.module.KeyStoreLoginModule void initialize(javax.security.auth.Subject, javax.security.auth.callback.CallbackHandler, java.util.Map&lt;java.lang.String,?&gt;, java.util.Map&lt;java.lang.String,?&gt;)'>
        <annotation name='com.intellij.inspections.tainted.annotation.equation.Equations'>
            <val val="{ &quot;options := javax.security.auth.spi.LoginModule#initialize(javax.security.auth.Subject, javax.security.auth.callback.CallbackHandler, java.util.Map, java.util.Map)#3 &amp; javax.security.auth.spi.LoginModule#initialize(javax.security.auth.Subject, javax.security.auth.callback.CallbackHandler, java.util.Map, java.util.Map)#3&quot;, &quot;callbackHandler := javax.security.auth.spi.LoginModule#initialize(javax.security.auth.Subject, javax.security.auth.callback.CallbackHandler, java.util.Map, java.util.Map)#1 &amp; javax.security.auth.spi.LoginModule#initialize(javax.security.auth.Subject, javax.security.auth.callback.CallbackHandler, java.util.Map, java.util.Map)#1&quot;, &quot;subject := javax.security.auth.spi.LoginModule#initialize(javax.security.auth.Subject, javax.security.auth.callback.CallbackHandler, java.util.Map, java.util.Map)#0 &amp; javax.security.auth.spi.LoginModule#initialize(javax.security.auth.Subject, javax.security.auth.callback.CallbackHandler, java.util.Map, java.util.Map)#0&quot;, &quot;sharedState := javax.security.auth.spi.LoginModule#initialize(javax.security.auth.Subject, javax.security.auth.callback.CallbackHandler, java.util.Map, java.util.Map)#2 &amp; javax.security.auth.spi.LoginModule#initialize(javax.security.auth.Subject, javax.security.auth.callback.CallbackHandler, java.util.Map, java.util.Map)#2&quot; }"/>
        </annotation>
    </item>
    <item name='com.sun.security.auth.module.KeyStoreLoginModule void saveAlias(javax.security.auth.callback.NameCallback)'>
        <annotation name='com.intellij.inspections.tainted.annotation.equation.Equations'>
            <val val="{ &quot;cb := #prompt(javax.security.auth.callback.NameCallback, javax.security.auth.callback.PasswordCallback, javax.security.auth.callback.PasswordCallback)#0&quot; }"/>
        </annotation>
    </item>
    <item name='com.sun.security.auth.module.KeyStoreLoginModule void saveKeyPass(javax.security.auth.callback.PasswordCallback)'>
        <annotation name='com.intellij.inspections.tainted.annotation.equation.Equations'>
            <val val="{ &quot;c := #prompt(javax.security.auth.callback.NameCallback, javax.security.auth.callback.PasswordCallback, javax.security.auth.callback.PasswordCallback)#2&quot; }"/>
        </annotation>
    </item>
    <item name='com.sun.security.auth.module.KeyStoreLoginModule void saveStorePass(javax.security.auth.callback.PasswordCallback)'>
        <annotation name='com.intellij.inspections.tainted.annotation.equation.Equations'>
            <val val="{ &quot;c := #prompt(javax.security.auth.callback.NameCallback, javax.security.auth.callback.PasswordCallback, javax.security.auth.callback.PasswordCallback)#1&quot; }"/>
        </annotation>
    </item>
    <item name='com.sun.security.auth.module.Krb5LoginModule'>
        <annotation name='com.intellij.inspections.tainted.annotation.equation.Equations'>
            <val val="{ &quot;Krb5LoginModule := &quot; }"/>
        </annotation>
    </item>
    <item name='com.sun.security.auth.module.Krb5LoginModule sun.security.krb5.Credentials renewCredentials(sun.security.krb5.Credentials)'>
        <annotation name='com.intellij.inspections.tainted.annotation.equation.Equations'>
            <val val="{ &quot;creds := Krb5LoginModule&quot; }"/>
        </annotation>
    </item>
    <item name='com.sun.security.auth.module.Krb5LoginModule void initialize(javax.security.auth.Subject, javax.security.auth.callback.CallbackHandler, java.util.Map&lt;java.lang.String,?&gt;, java.util.Map&lt;java.lang.String,?&gt;)'>
        <annotation name='com.intellij.inspections.tainted.annotation.equation.Equations'>
            <val val="{ &quot;sharedState := javax.security.auth.spi.LoginModule#initialize(javax.security.auth.Subject, javax.security.auth.callback.CallbackHandler, java.util.Map, java.util.Map)#2 &amp; javax.security.auth.spi.LoginModule#initialize(javax.security.auth.Subject, javax.security.auth.callback.CallbackHandler, java.util.Map, java.util.Map)#2&quot;, &quot;callbackHandler := javax.security.auth.spi.LoginModule#initialize(javax.security.auth.Subject, javax.security.auth.callback.CallbackHandler, java.util.Map, java.util.Map)#1 &amp; javax.security.auth.spi.LoginModule#initialize(javax.security.auth.Subject, javax.security.auth.callback.CallbackHandler, java.util.Map, java.util.Map)#1&quot;, &quot;subject := javax.security.auth.spi.LoginModule#initialize(javax.security.auth.Subject, javax.security.auth.callback.CallbackHandler, java.util.Map, java.util.Map)#0 &amp; javax.security.auth.spi.LoginModule#initialize(javax.security.auth.Subject, javax.security.auth.callback.CallbackHandler, java.util.Map, java.util.Map)#0&quot;, &quot;options := javax.security.auth.spi.LoginModule#initialize(javax.security.auth.Subject, javax.security.auth.callback.CallbackHandler, java.util.Map, java.util.Map)#3 &amp; javax.security.auth.spi.LoginModule#initialize(javax.security.auth.Subject, javax.security.auth.callback.CallbackHandler, java.util.Map, java.util.Map)#3&quot; }"/>
        </annotation>
    </item>
    <item name='com.sun.security.auth.module.Krb5LoginModule void promptForName(boolean)'>
        <annotation name='com.intellij.inspections.tainted.annotation.equation.Equations'>
            <val val="{ &quot;getPasswdFromSharedState := #attemptAuthentication(boolean)#0&quot; }"/>
        </annotation>
    </item>
    <item name='com.sun.security.auth.module.Krb5LoginModule void promptForPass(boolean)'>
        <annotation name='com.intellij.inspections.tainted.annotation.equation.Equations'>
            <val val="{ &quot;getPasswdFromSharedState := #attemptAuthentication(boolean)#0&quot; }"/>
        </annotation>
    </item>
    <item name='com.sun.security.auth.module.LdapLoginModule'>
        <annotation name='com.intellij.inspections.tainted.annotation.equation.Equations'>
            <val val="{ &quot;LdapLoginModule := &quot; }"/>
        </annotation>
    </item>
    <item name='com.sun.security.auth.module.LdapLoginModule java.lang.String findUserDN(javax.naming.ldap.LdapContext)'>
        <annotation name='com.intellij.inspections.tainted.annotation.equation.Equations'>
            <val val="{ &quot;ctx := LdapLoginModule&quot; }"/>
        </annotation>
    </item>
    <item name='com.sun.security.auth.module.LdapLoginModule java.lang.String replaceUsernameToken(java.util.regex.Matcher, java.lang.String)'>
        <annotation name='com.intellij.inspections.tainted.annotation.equation.Equations'>
            <val val="{ &quot;matcher := LdapLoginModule&quot;, &quot;replaceUsernameToken := string&quot;, &quot;string := LdapLoginModule&quot; }"/>
        </annotation>
    </item>
    <item name='com.sun.security.auth.module.LdapLoginModule void getUsernamePassword(boolean)'>
        <annotation name='com.intellij.inspections.tainted.annotation.equation.Equations'>
            <val val="{ &quot;getPasswdFromSharedState := #attemptAuthentication(boolean)#0&quot; }"/>
        </annotation>
    </item>
    <item name='com.sun.security.auth.module.LdapLoginModule void initialize(javax.security.auth.Subject, javax.security.auth.callback.CallbackHandler, java.util.Map&lt;java.lang.String,?&gt;, java.util.Map&lt;java.lang.String,?&gt;)'>
        <annotation name='com.intellij.inspections.tainted.annotation.equation.Equations'>
            <val val="{ &quot;options := javax.security.auth.spi.LoginModule#initialize(javax.security.auth.Subject, javax.security.auth.callback.CallbackHandler, java.util.Map, java.util.Map)#3 &amp; javax.security.auth.spi.LoginModule#initialize(javax.security.auth.Subject, javax.security.auth.callback.CallbackHandler, java.util.Map, java.util.Map)#3&quot;, &quot;sharedState := javax.security.auth.spi.LoginModule#initialize(javax.security.auth.Subject, javax.security.auth.callback.CallbackHandler, java.util.Map, java.util.Map)#2 &amp; javax.security.auth.spi.LoginModule#initialize(javax.security.auth.Subject, javax.security.auth.callback.CallbackHandler, java.util.Map, java.util.Map)#2&quot;, &quot;subject := javax.security.auth.spi.LoginModule#initialize(javax.security.auth.Subject, javax.security.auth.callback.CallbackHandler, java.util.Map, java.util.Map)#0 &amp; javax.security.auth.spi.LoginModule#initialize(javax.security.auth.Subject, javax.security.auth.callback.CallbackHandler, java.util.Map, java.util.Map)#0&quot;, &quot;callbackHandler := javax.security.auth.spi.LoginModule#initialize(javax.security.auth.Subject, javax.security.auth.callback.CallbackHandler, java.util.Map, java.util.Map)#1 &amp; javax.security.auth.spi.LoginModule#initialize(javax.security.auth.Subject, javax.security.auth.callback.CallbackHandler, java.util.Map, java.util.Map)#1&quot; }"/>
        </annotation>
    </item>
</root>