<root>
    <item name='com.sun.org.apache.xalan.internal.xsltc.CollatorFactory java.text.Collator getCollator(java.lang.String, java.lang.String)'>
        <annotation name='com.intellij.inspections.tainted.annotation.equation.Equations'>
            <val val="{ &quot;getCollator := com.sun.org.apache.xalan.internal.xsltc.dom.CollatorFactoryBase#getCollator(java.lang.String, java.lang.String)&quot;, &quot;lang := com.sun.org.apache.xalan.internal.xsltc.dom.CollatorFactoryBase#getCollator(java.lang.String, java.lang.String)#0&quot;, &quot;country := com.sun.org.apache.xalan.internal.xsltc.dom.CollatorFactoryBase#getCollator(java.lang.String, java.lang.String)#1&quot; }"/>
        </annotation>
    </item>
    <item name='com.sun.org.apache.xalan.internal.xsltc.CollatorFactory java.text.Collator getCollator(java.util.Locale)'>
        <annotation name='com.intellij.inspections.tainted.annotation.equation.Equations'>
            <val val="{ &quot;locale := com.sun.org.apache.xalan.internal.xsltc.dom.CollatorFactoryBase#getCollator(java.util.Locale)#0&quot;, &quot;getCollator := com.sun.org.apache.xalan.internal.xsltc.dom.CollatorFactoryBase#getCollator(java.util.Locale)&quot; }"/>
        </annotation>
    </item>
    <item name='com.sun.org.apache.xalan.internal.xsltc.DOM boolean isAttribute(int)'>
        <annotation name='com.intellij.inspections.tainted.annotation.equation.Equations'>
            <val val="{ &quot;node := com.sun.org.apache.xalan.internal.xsltc.dom.SAXImpl#isAttribute(int)#0 &amp; com.sun.org.apache.xalan.internal.xsltc.dom.MultiDOM#isAttribute(int)#0 &amp; com.sun.org.apache.xalan.internal.xsltc.dom.DOMAdapter#isAttribute(int)#0 &amp; com.sun.org.apache.xalan.internal.xsltc.dom.SimpleResultTreeImpl#isAttribute(int)#0&quot; }"/>
        </annotation>
    </item>
    <item name='com.sun.org.apache.xalan.internal.xsltc.DOM boolean isElement(int)'>
        <annotation name='com.intellij.inspections.tainted.annotation.equation.Equations'>
            <val val="{ &quot;node := com.sun.org.apache.xalan.internal.xsltc.dom.SAXImpl#isElement(int)#0 &amp; com.sun.org.apache.xalan.internal.xsltc.dom.MultiDOM#isElement(int)#0 &amp; com.sun.org.apache.xalan.internal.xsltc.dom.DOMAdapter#isElement(int)#0 &amp; com.sun.org.apache.xalan.internal.xsltc.dom.SimpleResultTreeImpl#isElement(int)#0&quot; }"/>
        </annotation>
    </item>
    <item name='com.sun.org.apache.xalan.internal.xsltc.DOM boolean lessThan(int, int)'>
        <annotation name='com.intellij.inspections.tainted.annotation.equation.Equations'>
            <val val="{ &quot;node1 := com.sun.org.apache.xalan.internal.xsltc.dom.SAXImpl#lessThan(int, int)#0 &amp; com.sun.org.apache.xalan.internal.xsltc.dom.MultiDOM#lessThan(int, int)#0 &amp; com.sun.org.apache.xalan.internal.xsltc.dom.DOMAdapter#lessThan(int, int)#0 &amp; com.sun.org.apache.xalan.internal.xsltc.dom.UnionIterator.LookAheadIterator &amp; com.sun.org.apache.xalan.internal.xsltc.dom.SimpleResultTreeImpl#lessThan(int, int)#0&quot;, &quot;node2 := com.sun.org.apache.xalan.internal.xsltc.dom.SAXImpl#lessThan(int, int)#1 &amp; com.sun.org.apache.xalan.internal.xsltc.dom.MultiDOM#lessThan(int, int)#1 &amp; com.sun.org.apache.xalan.internal.xsltc.dom.DOMAdapter#lessThan(int, int)#1 &amp; com.sun.org.apache.xalan.internal.xsltc.dom.SimpleResultTreeImpl#lessThan(int, int)#1&quot; }"/>
        </annotation>
    </item>
    <item name='com.sun.org.apache.xalan.internal.xsltc.DOM com.sun.org.apache.xalan.internal.xsltc.DOM getResultTreeFrag(int, int)'>
        <annotation name='com.intellij.inspections.tainted.annotation.equation.Equations'>
            <val val="{ &quot;rtfType := com.sun.org.apache.xalan.internal.xsltc.dom.MultiDOM#getResultTreeFrag(int, int)#1 &amp; com.sun.org.apache.xalan.internal.xsltc.dom.DOMAdapter#getResultTreeFrag(int, int)#1 &amp; com.sun.org.apache.xalan.internal.xsltc.dom.SAXImpl#getResultTreeFrag(int, int)#1 &amp; com.sun.org.apache.xalan.internal.xsltc.dom.SimpleResultTreeImpl#getResultTreeFrag(int, int)#1&quot;, &quot;getResultTreeFrag := com.sun.org.apache.xalan.internal.xsltc.dom.MultiDOM#getResultTreeFrag(int, int) &amp; com.sun.org.apache.xalan.internal.xsltc.dom.DOMAdapter#getResultTreeFrag(int, int) &amp; com.sun.org.apache.xalan.internal.xsltc.dom.SAXImpl#getResultTreeFrag(int, int) &amp; com.sun.org.apache.xalan.internal.xsltc.dom.SimpleResultTreeImpl#getResultTreeFrag(int, int)&quot;, &quot;initialSize := com.sun.org.apache.xalan.internal.xsltc.dom.MultiDOM#getResultTreeFrag(int, int)#0 &amp; com.sun.org.apache.xalan.internal.xsltc.dom.DOMAdapter#getResultTreeFrag(int, int)#0 &amp; com.sun.org.apache.xalan.internal.xsltc.dom.SAXImpl#getResultTreeFrag(int, int)#0 &amp; com.sun.org.apache.xalan.internal.xsltc.dom.SimpleResultTreeImpl#getResultTreeFrag(int, int)#0&quot; }"/>
        </annotation>
    </item>
    <item name='com.sun.org.apache.xalan.internal.xsltc.DOM com.sun.org.apache.xalan.internal.xsltc.DOM getResultTreeFrag(int, int, boolean)'>
        <annotation name='com.intellij.inspections.tainted.annotation.equation.Equations'>
            <val val="{ &quot;rtfType := com.sun.org.apache.xalan.internal.xsltc.dom.MultiDOM#getResultTreeFrag(int, int, boolean)#1 &amp; com.sun.org.apache.xalan.internal.xsltc.dom.DOMAdapter#getResultTreeFrag(int, int, boolean)#1 &amp; com.sun.org.apache.xalan.internal.xsltc.dom.SAXImpl#getResultTreeFrag(int, int, boolean)#1 &amp; com.sun.org.apache.xalan.internal.xsltc.dom.SimpleResultTreeImpl#getResultTreeFrag(int, int, boolean)#1&quot;, &quot;getResultTreeFrag := com.sun.org.apache.xalan.internal.xsltc.dom.MultiDOM#getResultTreeFrag(int, int, boolean) &amp; com.sun.org.apache.xalan.internal.xsltc.dom.DOMAdapter#getResultTreeFrag(int, int, boolean) &amp; com.sun.org.apache.xalan.internal.xsltc.dom.SAXImpl#getResultTreeFrag(int, int, boolean) &amp; com.sun.org.apache.xalan.internal.xsltc.dom.SimpleResultTreeImpl#getResultTreeFrag(int, int, boolean)&quot;, &quot;initialSize := com.sun.org.apache.xalan.internal.xsltc.dom.MultiDOM#getResultTreeFrag(int, int, boolean)#0 &amp; com.sun.org.apache.xalan.internal.xsltc.dom.DOMAdapter#getResultTreeFrag(int, int, boolean)#0 &amp; com.sun.org.apache.xalan.internal.xsltc.dom.SAXImpl#getResultTreeFrag(int, int, boolean)#0 &amp; com.sun.org.apache.xalan.internal.xsltc.dom.SimpleResultTreeImpl#getResultTreeFrag(int, int, boolean)#0&quot; }"/>
        </annotation>
    </item>
    <item name='com.sun.org.apache.xalan.internal.xsltc.DOM com.sun.org.apache.xml.internal.dtm.DTMAxisIterator getAxisIterator(int)'>
        <annotation name='com.intellij.inspections.tainted.annotation.equation.Equations'>
            <val val="{ &quot;getAxisIterator := com.sun.org.apache.xalan.internal.xsltc.dom.SimpleResultTreeImpl#getAxisIterator(int) &amp; com.sun.org.apache.xalan.internal.xsltc.dom.SAXImpl#getAxisIterator(int) &amp; com.sun.org.apache.xalan.internal.xsltc.dom.MultiDOM#getAxisIterator(int) &amp; com.sun.org.apache.xalan.internal.xsltc.dom.DOMAdapter#getAxisIterator(int)&quot;, &quot;axis := com.sun.org.apache.xalan.internal.xsltc.dom.SimpleResultTreeImpl#getAxisIterator(int)#0 &amp; com.sun.org.apache.xalan.internal.xsltc.dom.SAXImpl#getAxisIterator(int)#0 &amp; com.sun.org.apache.xalan.internal.xsltc.dom.MultiDOM#getAxisIterator(int)#0 &amp; com.sun.org.apache.xalan.internal.xsltc.dom.DOMAdapter#getAxisIterator(int)#0&quot; }"/>
        </annotation>
    </item>
    <item name='com.sun.org.apache.xalan.internal.xsltc.DOM com.sun.org.apache.xml.internal.dtm.DTMAxisIterator getChildren(int)'>
        <annotation name='com.intellij.inspections.tainted.annotation.equation.Equations'>
            <val val="{ &quot;getChildren := com.sun.org.apache.xalan.internal.xsltc.dom.SAXImpl#getChildren(int) &amp; com.sun.org.apache.xalan.internal.xsltc.dom.SimpleResultTreeImpl#getChildren(int) &amp; com.sun.org.apache.xalan.internal.xsltc.dom.DOMAdapter#getChildren(int) &amp; com.sun.org.apache.xalan.internal.xsltc.dom.MultiDOM#getChildren(int)&quot;, &quot;node := com.sun.org.apache.xalan.internal.xsltc.dom.SAXImpl#getChildren(int)#0 &amp; com.sun.org.apache.xalan.internal.xsltc.dom.SimpleResultTreeImpl#getChildren(int)#0 &amp; com.sun.org.apache.xalan.internal.xsltc.dom.DOMAdapter#getChildren(int)#0 &amp; com.sun.org.apache.xalan.internal.xsltc.dom.MultiDOM#getChildren(int)#0&quot; }"/>
        </annotation>
    </item>
    <item name='com.sun.org.apache.xalan.internal.xsltc.DOM com.sun.org.apache.xml.internal.dtm.DTMAxisIterator getIterator()'>
        <annotation name='com.intellij.inspections.tainted.annotation.equation.Equations'>
            <val val="{ &quot;getIterator := com.sun.org.apache.xalan.internal.xsltc.dom.SAXImpl#getIterator() &amp; com.sun.org.apache.xalan.internal.xsltc.dom.SimpleResultTreeImpl#getIterator() &amp; com.sun.org.apache.xalan.internal.xsltc.dom.MultiDOM#getIterator() &amp; com.sun.org.apache.xalan.internal.xsltc.dom.DOMAdapter#getIterator()&quot; }"/>
        </annotation>
    </item>
    <item name='com.sun.org.apache.xalan.internal.xsltc.DOM com.sun.org.apache.xml.internal.dtm.DTMAxisIterator getNamespaceAxisIterator(int, int)'>
        <annotation name='com.intellij.inspections.tainted.annotation.equation.Equations'>
            <val val="{ &quot;ns := com.sun.org.apache.xalan.internal.xsltc.dom.SAXImpl#getNamespaceAxisIterator(int, int)#1 &amp; com.sun.org.apache.xalan.internal.xsltc.dom.SimpleResultTreeImpl#getNamespaceAxisIterator(int, int)#1 &amp; com.sun.org.apache.xalan.internal.xsltc.dom.MultiDOM#getNamespaceAxisIterator(int, int)#1 &amp; com.sun.org.apache.xalan.internal.xsltc.dom.DOMAdapter#getNamespaceAxisIterator(int, int)#1&quot;, &quot;getNamespaceAxisIterator := com.sun.org.apache.xalan.internal.xsltc.dom.SAXImpl#getNamespaceAxisIterator(int, int) &amp; com.sun.org.apache.xalan.internal.xsltc.dom.SimpleResultTreeImpl#getNamespaceAxisIterator(int, int) &amp; com.sun.org.apache.xalan.internal.xsltc.dom.MultiDOM#getNamespaceAxisIterator(int, int) &amp; com.sun.org.apache.xalan.internal.xsltc.dom.DOMAdapter#getNamespaceAxisIterator(int, int)&quot;, &quot;axis := com.sun.org.apache.xalan.internal.xsltc.dom.SAXImpl#getNamespaceAxisIterator(int, int)#0 &amp; com.sun.org.apache.xalan.internal.xsltc.dom.SimpleResultTreeImpl#getNamespaceAxisIterator(int, int)#0 &amp; com.sun.org.apache.xalan.internal.xsltc.dom.MultiDOM#getNamespaceAxisIterator(int, int)#0 &amp; com.sun.org.apache.xalan.internal.xsltc.dom.DOMAdapter#getNamespaceAxisIterator(int, int)#0&quot; }"/>
        </annotation>
    </item>
    <item name='com.sun.org.apache.xalan.internal.xsltc.DOM com.sun.org.apache.xml.internal.dtm.DTMAxisIterator getNodeValueIterator(com.sun.org.apache.xml.internal.dtm.DTMAxisIterator, int, java.lang.String, boolean)'>
        <annotation name='com.intellij.inspections.tainted.annotation.equation.Equations'>
            <val val="{ &quot;value := com.sun.org.apache.xalan.internal.xsltc.dom.SAXImpl#getNodeValueIterator(com.sun.org.apache.xml.internal.dtm.DTMAxisIterator, int, java.lang.String, boolean)#2 &amp; com.sun.org.apache.xalan.internal.xsltc.dom.SimpleResultTreeImpl#getNodeValueIterator(com.sun.org.apache.xml.internal.dtm.DTMAxisIterator, int, java.lang.String, boolean)#2 &amp; com.sun.org.apache.xalan.internal.xsltc.dom.MultiDOM#getNodeValueIterator(com.sun.org.apache.xml.internal.dtm.DTMAxisIterator, int, java.lang.String, boolean)#2 &amp; com.sun.org.apache.xalan.internal.xsltc.dom.DOMAdapter#getNodeValueIterator(com.sun.org.apache.xml.internal.dtm.DTMAxisIterator, int, java.lang.String, boolean)#2&quot;, &quot;iter := com.sun.org.apache.xalan.internal.xsltc.dom.SAXImpl#getNodeValueIterator(com.sun.org.apache.xml.internal.dtm.DTMAxisIterator, int, java.lang.String, boolean)#0 &amp; com.sun.org.apache.xalan.internal.xsltc.dom.SimpleResultTreeImpl#getNodeValueIterator(com.sun.org.apache.xml.internal.dtm.DTMAxisIterator, int, java.lang.String, boolean)#0 &amp; com.sun.org.apache.xalan.internal.xsltc.dom.MultiDOM#getNodeValueIterator(com.sun.org.apache.xml.internal.dtm.DTMAxisIterator, int, java.lang.String, boolean)#0 &amp; com.sun.org.apache.xalan.internal.xsltc.dom.DOMAdapter#getNodeValueIterator(com.sun.org.apache.xml.internal.dtm.DTMAxisIterator, int, java.lang.String, boolean)#0&quot;, &quot;getNodeValueIterator := com.sun.org.apache.xalan.internal.xsltc.dom.SAXImpl#getNodeValueIterator(com.sun.org.apache.xml.internal.dtm.DTMAxisIterator, int, java.lang.String, boolean) &amp; com.sun.org.apache.xalan.internal.xsltc.dom.SimpleResultTreeImpl#getNodeValueIterator(com.sun.org.apache.xml.internal.dtm.DTMAxisIterator, int, java.lang.String, boolean) &amp; com.sun.org.apache.xalan.internal.xsltc.dom.MultiDOM#getNodeValueIterator(com.sun.org.apache.xml.internal.dtm.DTMAxisIterator, int, java.lang.String, boolean) &amp; com.sun.org.apache.xalan.internal.xsltc.dom.DOMAdapter#getNodeValueIterator(com.sun.org.apache.xml.internal.dtm.DTMAxisIterator, int, java.lang.String, boolean)&quot;, &quot;returnType := com.sun.org.apache.xalan.internal.xsltc.dom.SAXImpl#getNodeValueIterator(com.sun.org.apache.xml.internal.dtm.DTMAxisIterator, int, java.lang.String, boolean)#1 &amp; com.sun.org.apache.xalan.internal.xsltc.dom.SimpleResultTreeImpl#getNodeValueIterator(com.sun.org.apache.xml.internal.dtm.DTMAxisIterator, int, java.lang.String, boolean)#1 &amp; com.sun.org.apache.xalan.internal.xsltc.dom.MultiDOM#getNodeValueIterator(com.sun.org.apache.xml.internal.dtm.DTMAxisIterator, int, java.lang.String, boolean)#1 &amp; com.sun.org.apache.xalan.internal.xsltc.dom.DOMAdapter#getNodeValueIterator(com.sun.org.apache.xml.internal.dtm.DTMAxisIterator, int, java.lang.String, boolean)#1&quot; }"/>
        </annotation>
    </item>
    <item name='com.sun.org.apache.xalan.internal.xsltc.DOM com.sun.org.apache.xml.internal.dtm.DTMAxisIterator getNthDescendant(int, int, boolean)'>
        <annotation name='com.intellij.inspections.tainted.annotation.equation.Equations'>
            <val val="{ &quot;n := com.sun.org.apache.xalan.internal.xsltc.dom.SAXImpl#getNthDescendant(int, int, boolean)#1 &amp; com.sun.org.apache.xalan.internal.xsltc.dom.SimpleResultTreeImpl#getNthDescendant(int, int, boolean)#1 &amp; com.sun.org.apache.xalan.internal.xsltc.dom.MultiDOM#getNthDescendant(int, int, boolean)#1 &amp; com.sun.org.apache.xalan.internal.xsltc.dom.DOMAdapter#getNthDescendant(int, int, boolean)#1&quot;, &quot;node := com.sun.org.apache.xalan.internal.xsltc.dom.SAXImpl#getNthDescendant(int, int, boolean)#0 &amp; com.sun.org.apache.xalan.internal.xsltc.dom.SimpleResultTreeImpl#getNthDescendant(int, int, boolean)#0 &amp; com.sun.org.apache.xalan.internal.xsltc.dom.MultiDOM#getNthDescendant(int, int, boolean)#0 &amp; com.sun.org.apache.xalan.internal.xsltc.dom.DOMAdapter#getNthDescendant(int, int, boolean)#0&quot;, &quot;getNthDescendant := com.sun.org.apache.xalan.internal.xsltc.dom.SAXImpl#getNthDescendant(int, int, boolean) &amp; com.sun.org.apache.xalan.internal.xsltc.dom.SimpleResultTreeImpl#getNthDescendant(int, int, boolean) &amp; com.sun.org.apache.xalan.internal.xsltc.dom.MultiDOM#getNthDescendant(int, int, boolean) &amp; com.sun.org.apache.xalan.internal.xsltc.dom.DOMAdapter#getNthDescendant(int, int, boolean)&quot; }"/>
        </annotation>
    </item>
    <item name='com.sun.org.apache.xalan.internal.xsltc.DOM com.sun.org.apache.xml.internal.dtm.DTMAxisIterator getTypedAxisIterator(int, int)'>
        <annotation name='com.intellij.inspections.tainted.annotation.equation.Equations'>
            <val val="{ &quot;type := com.sun.org.apache.xalan.internal.xsltc.dom.MultiDOM.AxisIterator &amp; com.sun.org.apache.xalan.internal.xsltc.dom.MultiDOM#getTypedAxisIterator(int, int)#1 &amp; com.sun.org.apache.xalan.internal.xsltc.dom.DOMAdapter#getTypedAxisIterator(int, int)#1 &amp; com.sun.org.apache.xalan.internal.xsltc.dom.SAXImpl#getTypedAxisIterator(int, int)#1 &amp; com.sun.org.apache.xalan.internal.xsltc.dom.SimpleResultTreeImpl#getTypedAxisIterator(int, int)#1&quot;, &quot;getTypedAxisIterator := com.sun.org.apache.xalan.internal.xsltc.dom.MultiDOM#getTypedAxisIterator(int, int) &amp; com.sun.org.apache.xalan.internal.xsltc.dom.DOMAdapter#getTypedAxisIterator(int, int) &amp; com.sun.org.apache.xalan.internal.xsltc.dom.SAXImpl#getTypedAxisIterator(int, int) &amp; com.sun.org.apache.xalan.internal.xsltc.dom.SimpleResultTreeImpl#getTypedAxisIterator(int, int)&quot;, &quot;axis := com.sun.org.apache.xalan.internal.xsltc.dom.MultiDOM.AxisIterator &amp; com.sun.org.apache.xalan.internal.xsltc.dom.MultiDOM#getTypedAxisIterator(int, int)#0 &amp; com.sun.org.apache.xalan.internal.xsltc.dom.DOMAdapter#getTypedAxisIterator(int, int)#0 &amp; com.sun.org.apache.xalan.internal.xsltc.dom.SAXImpl#getTypedAxisIterator(int, int)#0 &amp; com.sun.org.apache.xml.internal.dtm.Axis#PRECEDINGSIBLING &amp; com.sun.org.apache.xalan.internal.xsltc.dom.SimpleResultTreeImpl#getTypedAxisIterator(int, int)#0&quot; }"/>
        </annotation>
    </item>
    <item name='com.sun.org.apache.xalan.internal.xsltc.DOM com.sun.org.apache.xml.internal.dtm.DTMAxisIterator getTypedChildren(int)'>
        <annotation name='com.intellij.inspections.tainted.annotation.equation.Equations'>
            <val val="{ &quot;type := com.sun.org.apache.xalan.internal.xsltc.dom.MultiDOM.AxisIterator &amp; com.sun.org.apache.xalan.internal.xsltc.dom.MultiDOM#getTypedChildren(int)#0 &amp; com.sun.org.apache.xalan.internal.xsltc.dom.DOMAdapter#getTypedChildren(int)#0 &amp; com.sun.org.apache.xalan.internal.xsltc.dom.SAXImpl#getTypedChildren(int)#0 &amp; com.sun.org.apache.xalan.internal.xsltc.dom.SimpleResultTreeImpl#getTypedChildren(int)#0&quot;, &quot;getTypedChildren := com.sun.org.apache.xalan.internal.xsltc.dom.MultiDOM#getTypedChildren(int) &amp; com.sun.org.apache.xalan.internal.xsltc.dom.DOMAdapter#getTypedChildren(int) &amp; com.sun.org.apache.xalan.internal.xsltc.dom.SAXImpl#getTypedChildren(int) &amp; com.sun.org.apache.xalan.internal.xsltc.dom.SimpleResultTreeImpl#getTypedChildren(int)&quot; }"/>
        </annotation>
    </item>
    <item name='com.sun.org.apache.xalan.internal.xsltc.DOM com.sun.org.apache.xml.internal.dtm.DTMAxisIterator orderNodes(com.sun.org.apache.xml.internal.dtm.DTMAxisIterator, int)'>
        <annotation name='com.intellij.inspections.tainted.annotation.equation.Equations'>
            <val val="{ &quot;source := com.sun.org.apache.xalan.internal.xsltc.dom.SAXImpl#orderNodes(com.sun.org.apache.xml.internal.dtm.DTMAxisIterator, int)#0 &amp; com.sun.org.apache.xalan.internal.xsltc.dom.SimpleResultTreeImpl#orderNodes(com.sun.org.apache.xml.internal.dtm.DTMAxisIterator, int)#0 &amp; com.sun.org.apache.xalan.internal.xsltc.dom.MultiDOM#orderNodes(com.sun.org.apache.xml.internal.dtm.DTMAxisIterator, int)#0 &amp; com.sun.org.apache.xalan.internal.xsltc.dom.DOMAdapter#orderNodes(com.sun.org.apache.xml.internal.dtm.DTMAxisIterator, int)#0&quot;, &quot;orderNodes := com.sun.org.apache.xalan.internal.xsltc.dom.SAXImpl#orderNodes(com.sun.org.apache.xml.internal.dtm.DTMAxisIterator, int) &amp; com.sun.org.apache.xalan.internal.xsltc.dom.SimpleResultTreeImpl#orderNodes(com.sun.org.apache.xml.internal.dtm.DTMAxisIterator, int) &amp; com.sun.org.apache.xalan.internal.xsltc.dom.MultiDOM#orderNodes(com.sun.org.apache.xml.internal.dtm.DTMAxisIterator, int) &amp; com.sun.org.apache.xalan.internal.xsltc.dom.DOMAdapter#orderNodes(com.sun.org.apache.xml.internal.dtm.DTMAxisIterator, int)&quot;, &quot;node := com.sun.org.apache.xalan.internal.xsltc.dom.SAXImpl#orderNodes(com.sun.org.apache.xml.internal.dtm.DTMAxisIterator, int)#1 &amp; com.sun.org.apache.xalan.internal.xsltc.dom.SimpleResultTreeImpl#orderNodes(com.sun.org.apache.xml.internal.dtm.DTMAxisIterator, int)#1 &amp; com.sun.org.apache.xalan.internal.xsltc.dom.MultiDOM#orderNodes(com.sun.org.apache.xml.internal.dtm.DTMAxisIterator, int)#1 &amp; com.sun.org.apache.xalan.internal.xsltc.dom.DOMAdapter#orderNodes(com.sun.org.apache.xml.internal.dtm.DTMAxisIterator, int)#1&quot; }"/>
        </annotation>
    </item>
    <item name='com.sun.org.apache.xalan.internal.xsltc.DOM com.sun.org.apache.xml.internal.serializer.SerializationHandler getOutputDomBuilder()'>
        <annotation name='com.intellij.inspections.tainted.annotation.equation.Equations'>
            <val val="{ &quot;getOutputDomBuilder := com.sun.org.apache.xalan.internal.xsltc.dom.MultiDOM#getOutputDomBuilder() &amp; com.sun.org.apache.xalan.internal.xsltc.dom.DOMAdapter#getOutputDomBuilder() &amp; com.sun.org.apache.xalan.internal.xsltc.dom.SAXImpl#getOutputDomBuilder() &amp; com.sun.org.apache.xalan.internal.xsltc.dom.SimpleResultTreeImpl#getOutputDomBuilder()&quot; }"/>
        </annotation>
    </item>
    <item name='com.sun.org.apache.xalan.internal.xsltc.DOM int getAttributeNode(int, int)'>
        <annotation name='com.intellij.inspections.tainted.annotation.equation.Equations'>
            <val val="{ &quot;gType := com.sun.org.apache.xalan.internal.xsltc.dom.MultiDOM#getAttributeNode(int, int)#0 &amp; com.sun.org.apache.xalan.internal.xsltc.dom.DOMAdapter#getAttributeNode(int, int)#0 &amp; com.sun.org.apache.xalan.internal.xsltc.dom.SAXImpl#getAttributeNode(int, int)#0 &amp; com.sun.org.apache.xalan.internal.xsltc.dom.SimpleResultTreeImpl#getAttributeNode(int, int)#0&quot;, &quot;getAttributeNode := com.sun.org.apache.xalan.internal.xsltc.dom.MultiDOM#getAttributeNode(int, int) &amp; com.sun.org.apache.xalan.internal.xsltc.dom.DOMAdapter#getAttributeNode(int, int) &amp; com.sun.org.apache.xalan.internal.xsltc.dom.SAXImpl#getAttributeNode(int, int) &amp; com.sun.org.apache.xalan.internal.xsltc.dom.SimpleResultTreeImpl#getAttributeNode(int, int)&quot;, &quot;element := com.sun.org.apache.xalan.internal.xsltc.dom.MultiDOM#getAttributeNode(int, int)#1 &amp; com.sun.org.apache.xalan.internal.xsltc.dom.DOMAdapter#getAttributeNode(int, int)#1 &amp; com.sun.org.apache.xalan.internal.xsltc.dom.SAXImpl#getAttributeNode(int, int)#1 &amp; com.sun.org.apache.xalan.internal.xsltc.dom.SimpleResultTreeImpl#getAttributeNode(int, int)#1&quot; }"/>
        </annotation>
    </item>
    <item name='com.sun.org.apache.xalan.internal.xsltc.DOM int getDocument()'>
        <annotation name='com.intellij.inspections.tainted.annotation.equation.Equations'>
            <val val="{ &quot;getDocument := com.sun.org.apache.xalan.internal.xsltc.dom.MultiDOM#getDocument() &amp; com.sun.org.apache.xalan.internal.xsltc.dom.DOMAdapter#getDocument() &amp; com.sun.org.apache.xalan.internal.xsltc.dom.SimpleResultTreeImpl#getDocument()&quot; }"/>
        </annotation>
    </item>
    <item name='com.sun.org.apache.xalan.internal.xsltc.DOM int getExpandedTypeID(int)'>
        <annotation name='com.intellij.inspections.tainted.annotation.equation.Equations'>
            <val val="{ &quot;getExpandedTypeID := com.sun.org.apache.xalan.internal.xsltc.dom.MultiDOM#getExpandedTypeID(int) &amp; com.sun.org.apache.xalan.internal.xsltc.dom.DOMAdapter#getExpandedTypeID(int) &amp; com.sun.org.apache.xalan.internal.xsltc.dom.SimpleResultTreeImpl#getExpandedTypeID(int)&quot;, &quot;node := com.sun.org.apache.xalan.internal.xsltc.dom.MultiDOM#getExpandedTypeID(int)#0 &amp; com.sun.org.apache.xalan.internal.xsltc.dom.DOMAdapter#getExpandedTypeID(int)#0 &amp; com.sun.org.apache.xalan.internal.xsltc.dom.DOMWSFilter#getShouldStripSpace(int, com.sun.org.apache.xml.internal.dtm.DTM)#0 &amp; com.sun.org.apache.xalan.internal.xsltc.dom.NodeCounter#matchesCount(int)#0 &amp; com.sun.org.apache.xalan.internal.xsltc.dom.AnyNodeCounter#setStartNode(int)#0 &amp; com.sun.org.apache.xalan.internal.xsltc.dom.AnyNodeCounter.DefaultAnyNodeCounter &amp; com.sun.org.apache.xalan.internal.xsltc.dom.SingleNodeCounter#setStartNode(int)#0 &amp; com.sun.org.apache.xalan.internal.xsltc.dom.SingleNodeCounter.DefaultSingleNodeCounter#setStartNode(int)#0 &amp; com.sun.org.apache.xalan.internal.xsltc.dom.MultipleNodeCounter#setStartNode(int)#0 &amp; com.sun.org.apache.xalan.internal.xsltc.dom.SimpleResultTreeImpl#getExpandedTypeID(int)#0&quot; }"/>
        </annotation>
    </item>
    <item name='com.sun.org.apache.xalan.internal.xsltc.DOM int getNSType(int)'>
        <annotation name='com.intellij.inspections.tainted.annotation.equation.Equations'>
            <val val="{ &quot;node := com.sun.org.apache.xalan.internal.xsltc.dom.SAXImpl#getNSType(int)#0 &amp; com.sun.org.apache.xalan.internal.xsltc.dom.MultiDOM#getNSType(int)#0 &amp; com.sun.org.apache.xalan.internal.xsltc.dom.DOMAdapter#getNSType(int)#0 &amp; com.sun.org.apache.xalan.internal.xsltc.dom.SimpleResultTreeImpl#getNSType(int)#0&quot;, &quot;getNSType := com.sun.org.apache.xalan.internal.xsltc.dom.SAXImpl#getNSType(int) &amp; com.sun.org.apache.xalan.internal.xsltc.dom.MultiDOM#getNSType(int) &amp; com.sun.org.apache.xalan.internal.xsltc.dom.DOMAdapter#getNSType(int) &amp; com.sun.org.apache.xalan.internal.xsltc.dom.SimpleResultTreeImpl#getNSType(int)&quot; }"/>
        </annotation>
    </item>
    <item name='com.sun.org.apache.xalan.internal.xsltc.DOM int getNamespaceType(int)'>
        <annotation name='com.intellij.inspections.tainted.annotation.equation.Equations'>
            <val val="{ &quot;node := com.sun.org.apache.xalan.internal.xsltc.dom.SAXImpl#getNamespaceType(int)#0 &amp; com.sun.org.apache.xalan.internal.xsltc.dom.SimpleResultTreeImpl#getNamespaceType(int)#0 &amp; com.sun.org.apache.xalan.internal.xsltc.dom.MultiDOM#getNamespaceType(int)#0 &amp; com.sun.org.apache.xalan.internal.xsltc.dom.DOMAdapter#getNamespaceType(int)#0&quot;, &quot;getNamespaceType := com.sun.org.apache.xalan.internal.xsltc.dom.SAXImpl#getNamespaceType(int) &amp; com.sun.org.apache.xalan.internal.xsltc.dom.SimpleResultTreeImpl#getNamespaceType(int) &amp; com.sun.org.apache.xalan.internal.xsltc.dom.MultiDOM#getNamespaceType(int) &amp; com.sun.org.apache.xalan.internal.xsltc.dom.DOMAdapter#getNamespaceType(int)&quot; }"/>
        </annotation>
    </item>
    <item name='com.sun.org.apache.xalan.internal.xsltc.DOM int getNodeHandle(int)'>
        <annotation name='com.intellij.inspections.tainted.annotation.equation.Equations'>
            <val val="{ &quot;nodeId := com.sun.org.apache.xalan.internal.xsltc.dom.MultiDOM#getNodeHandle(int)#0 &amp; com.sun.org.apache.xalan.internal.xsltc.dom.DOMAdapter#getNodeHandle(int)#0 &amp; com.sun.org.apache.xalan.internal.xsltc.dom.SimpleResultTreeImpl#getNodeHandle(int)#0&quot;, &quot;getNodeHandle := com.sun.org.apache.xalan.internal.xsltc.dom.MultiDOM#getNodeHandle(int) &amp; com.sun.org.apache.xalan.internal.xsltc.dom.DOMAdapter#getNodeHandle(int) &amp; com.sun.org.apache.xalan.internal.xsltc.dom.SimpleResultTreeImpl#getNodeHandle(int)&quot; }"/>
        </annotation>
    </item>
    <item name='com.sun.org.apache.xalan.internal.xsltc.DOM int getNodeIdent(int)'>
        <annotation name='com.intellij.inspections.tainted.annotation.equation.Equations'>
            <val val="{ &quot;nodehandle := com.sun.org.apache.xalan.internal.xsltc.dom.SimpleResultTreeImpl#getNodeIdent(int)#0 &amp; com.sun.org.apache.xalan.internal.xsltc.dom.MultiDOM#getNodeIdent(int)#0 &amp; com.sun.org.apache.xalan.internal.xsltc.dom.DOMAdapter#getNodeIdent(int)#0&quot;, &quot;getNodeIdent := com.sun.org.apache.xalan.internal.xsltc.dom.SimpleResultTreeImpl#getNodeIdent(int) &amp; com.sun.org.apache.xalan.internal.xsltc.dom.MultiDOM#getNodeIdent(int) &amp; com.sun.org.apache.xalan.internal.xsltc.dom.DOMAdapter#getNodeIdent(int)&quot; }"/>
        </annotation>
    </item>
    <item name='com.sun.org.apache.xalan.internal.xsltc.DOM int getParent(int)'>
        <annotation name='com.intellij.inspections.tainted.annotation.equation.Equations'>
            <val val="{ &quot;getParent := com.sun.org.apache.xalan.internal.xsltc.dom.SimpleResultTreeImpl#getParent(int) &amp; com.sun.org.apache.xalan.internal.xsltc.dom.MultiDOM#getParent(int) &amp; com.sun.org.apache.xalan.internal.xsltc.dom.DOMAdapter#getParent(int)&quot;, &quot;node := com.sun.org.apache.xalan.internal.xsltc.dom.SimpleResultTreeImpl#getParent(int)#0 &amp; com.sun.org.apache.xalan.internal.xsltc.dom.MultiDOM#getParent(int)#0 &amp; com.sun.org.apache.xalan.internal.xsltc.dom.DOMAdapter#getParent(int)#0&quot; }"/>
        </annotation>
    </item>
    <item name='com.sun.org.apache.xalan.internal.xsltc.DOM int getSize()'>
        <annotation name='com.intellij.inspections.tainted.annotation.equation.Equations'>
            <val val="{ &quot;getSize := com.sun.org.apache.xalan.internal.xsltc.dom.SAXImpl#getSize() &amp; com.sun.org.apache.xalan.internal.xsltc.dom.MultiDOM#getSize() &amp; com.sun.org.apache.xalan.internal.xsltc.dom.DOMAdapter#getSize() &amp; com.sun.org.apache.xalan.internal.xsltc.dom.SimpleResultTreeImpl#getSize()&quot; }"/>
        </annotation>
    </item>
    <item name='com.sun.org.apache.xalan.internal.xsltc.DOM java.lang.String getDocumentURI(int)'>
        <annotation name='com.intellij.inspections.tainted.annotation.equation.Equations'>
            <val val="{ &quot;node := com.sun.org.apache.xalan.internal.xsltc.dom.SAXImpl#getDocumentURI(int)#0 &amp; com.sun.org.apache.xalan.internal.xsltc.dom.SimpleResultTreeImpl#getDocumentURI(int)#0 &amp; com.sun.org.apache.xalan.internal.xsltc.dom.MultiDOM#getDocumentURI(int)#0 &amp; com.sun.org.apache.xalan.internal.xsltc.dom.DOMAdapter#getDocumentURI(int)#0&quot;, &quot;getDocumentURI := com.sun.org.apache.xalan.internal.xsltc.dom.SAXImpl#getDocumentURI(int) &amp; com.sun.org.apache.xalan.internal.xsltc.dom.SimpleResultTreeImpl#getDocumentURI(int) &amp; com.sun.org.apache.xalan.internal.xsltc.dom.MultiDOM#getDocumentURI(int) &amp; com.sun.org.apache.xalan.internal.xsltc.dom.DOMAdapter#getDocumentURI(int)&quot; }"/>
        </annotation>
    </item>
    <item name='com.sun.org.apache.xalan.internal.xsltc.DOM java.lang.String getLanguage(int)'>
        <annotation name='com.intellij.inspections.tainted.annotation.equation.Equations'>
            <val val="{ &quot;getLanguage := com.sun.org.apache.xalan.internal.xsltc.dom.MultiDOM#getLanguage(int) &amp; com.sun.org.apache.xalan.internal.xsltc.dom.DOMAdapter#getLanguage(int) &amp; com.sun.org.apache.xalan.internal.xsltc.dom.SAXImpl#getLanguage(int) &amp; com.sun.org.apache.xalan.internal.xsltc.dom.SimpleResultTreeImpl#getLanguage(int)&quot;, &quot;node := com.sun.org.apache.xalan.internal.xsltc.runtime.BasisLibrary#testLanguage(java.lang.String, com.sun.org.apache.xalan.internal.xsltc.DOM, int)#2 &amp; com.sun.org.apache.xalan.internal.xsltc.dom.MultiDOM#getLanguage(int)#0 &amp; com.sun.org.apache.xalan.internal.xsltc.dom.DOMAdapter#getLanguage(int)#0 &amp; com.sun.org.apache.xalan.internal.xsltc.dom.SAXImpl#getLanguage(int)#0 &amp; com.sun.org.apache.xalan.internal.xsltc.dom.SimpleResultTreeImpl#getLanguage(int)#0&quot; }"/>
        </annotation>
    </item>
    <item name='com.sun.org.apache.xalan.internal.xsltc.DOM java.lang.String getNamespaceName(int)'>
        <annotation name='com.intellij.inspections.tainted.annotation.equation.Equations'>
            <val val="{ &quot;node := com.sun.org.apache.xalan.internal.xsltc.dom.SAXImpl#getNamespaceName(int)#0 &amp; com.sun.org.apache.xalan.internal.xsltc.dom.SimpleResultTreeImpl#getNamespaceName(int)#0 &amp; com.sun.org.apache.xalan.internal.xsltc.dom.MultiDOM#getNamespaceName(int)#0 &amp; com.sun.org.apache.xalan.internal.xsltc.dom.DOMAdapter#getNamespaceName(int)#0&quot;, &quot;getNamespaceName := com.sun.org.apache.xalan.internal.xsltc.dom.SAXImpl#getNamespaceName(int) &amp; com.sun.org.apache.xalan.internal.xsltc.dom.SimpleResultTreeImpl#getNamespaceName(int) &amp; com.sun.org.apache.xalan.internal.xsltc.dom.MultiDOM#getNamespaceName(int) &amp; com.sun.org.apache.xalan.internal.xsltc.dom.DOMAdapter#getNamespaceName(int)&quot; }"/>
        </annotation>
    </item>
    <item name='com.sun.org.apache.xalan.internal.xsltc.DOM java.lang.String getNodeName(int)'>
        <annotation name='com.intellij.inspections.tainted.annotation.equation.Equations'>
            <val val="{ &quot;node := com.sun.org.apache.xalan.internal.xsltc.dom.MultiDOM#getNodeName(int)#0 &amp; com.sun.org.apache.xalan.internal.xsltc.dom.DOMAdapter#getNodeName(int)#0 &amp; com.sun.org.apache.xalan.internal.xsltc.dom.SAXImpl#getNodeName(int)#0 &amp; com.sun.org.apache.xalan.internal.xsltc.dom.SimpleResultTreeImpl#getNodeName(int)#0 &amp; com.sun.org.apache.xalan.internal.xsltc.runtime.BasisLibrary#namespace_uriF(int, com.sun.org.apache.xalan.internal.xsltc.DOM)#0&quot;, &quot;getNodeName := com.sun.org.apache.xalan.internal.xsltc.dom.MultiDOM#getNodeName(int) &amp; com.sun.org.apache.xalan.internal.xsltc.dom.DOMAdapter#getNodeName(int) &amp; com.sun.org.apache.xalan.internal.xsltc.dom.SAXImpl#getNodeName(int) &amp; com.sun.org.apache.xalan.internal.xsltc.dom.SimpleResultTreeImpl#getNodeName(int)&quot; }"/>
        </annotation>
    </item>
    <item name='com.sun.org.apache.xalan.internal.xsltc.DOM java.lang.String getNodeNameX(int)'>
        <annotation name='com.intellij.inspections.tainted.annotation.equation.Equations'>
            <val val="{ &quot;getNodeNameX := com.sun.org.apache.xalan.internal.xsltc.dom.SimpleResultTreeImpl#getNodeNameX(int) &amp; com.sun.org.apache.xalan.internal.xsltc.dom.MultiDOM#getNodeNameX(int) &amp; com.sun.org.apache.xalan.internal.xsltc.dom.DOMAdapter#getNodeNameX(int)&quot;, &quot;node := com.sun.org.apache.xalan.internal.xsltc.dom.SimpleResultTreeImpl#getNodeNameX(int)#0 &amp; com.sun.org.apache.xalan.internal.xsltc.dom.MultiDOM#getNodeNameX(int)#0 &amp; com.sun.org.apache.xalan.internal.xsltc.dom.DOMAdapter#getNodeNameX(int)#0&quot; }"/>
        </annotation>
    </item>
    <item name='com.sun.org.apache.xalan.internal.xsltc.DOM java.lang.String getStringValue()'>
        <annotation name='com.intellij.inspections.tainted.annotation.equation.Equations'>
            <val val="{ &quot;getStringValue := com.sun.org.apache.xalan.internal.xsltc.dom.MultiDOM#getStringValue() &amp; com.sun.org.apache.xalan.internal.xsltc.dom.DOMAdapter#getStringValue() &amp; com.sun.org.apache.xalan.internal.xsltc.dom.SimpleResultTreeImpl#getStringValue()&quot; }"/>
        </annotation>
    </item>
    <item name='com.sun.org.apache.xalan.internal.xsltc.DOM java.lang.String getStringValueX(int)'>
        <annotation name='com.intellij.inspections.tainted.annotation.equation.Equations'>
            <val val="{ &quot;node := com.sun.org.apache.xalan.internal.xsltc.runtime.BasisLibrary#compare(int, com.sun.org.apache.xml.internal.dtm.DTMAxisIterator, int, com.sun.org.apache.xalan.internal.xsltc.DOM)#0 &amp; com.sun.org.apache.xalan.internal.xsltc.dom.MultiDOM#getStringValueX(int)#0 &amp; com.sun.org.apache.xalan.internal.xsltc.dom.DOMAdapter#getStringValueX(int)#0 &amp; com.sun.org.apache.xml.internal.dtm.DTM#NULL &amp; com.sun.org.apache.xalan.internal.xsltc.dom.SimpleResultTreeImpl#getStringValueX(int)#0 &amp; com.sun.org.apache.xalan.internal.xsltc.runtime.BasisLibrary#stringF(int, com.sun.org.apache.xalan.internal.xsltc.DOM)#0 &amp; com.sun.org.apache.xalan.internal.xsltc.runtime.BasisLibrary#numberF(int, com.sun.org.apache.xalan.internal.xsltc.DOM)#0 &amp; com.sun.org.apache.xalan.internal.xsltc.runtime.BasisLibrary#normalize_spaceF(int, com.sun.org.apache.xalan.internal.xsltc.DOM)#0&quot;, &quot;getStringValueX := com.sun.org.apache.xalan.internal.xsltc.dom.MultiDOM#getStringValueX(int) &amp; com.sun.org.apache.xalan.internal.xsltc.dom.DOMAdapter#getStringValueX(int) &amp; com.sun.org.apache.xalan.internal.xsltc.dom.SimpleResultTreeImpl#getStringValueX(int)&quot; }"/>
        </annotation>
    </item>
    <item name='com.sun.org.apache.xalan.internal.xsltc.DOM java.lang.String getUnparsedEntityURI(java.lang.String)'>
        <annotation name='com.intellij.inspections.tainted.annotation.equation.Equations'>
            <val val="{ &quot;getUnparsedEntityURI := com.sun.org.apache.xalan.internal.xsltc.dom.SAXImpl#getUnparsedEntityURI(java.lang.String) &amp; com.sun.org.apache.xalan.internal.xsltc.dom.SimpleResultTreeImpl#getUnparsedEntityURI(java.lang.String) &amp; com.sun.org.apache.xalan.internal.xsltc.dom.MultiDOM#getUnparsedEntityURI(java.lang.String) &amp; com.sun.org.apache.xalan.internal.xsltc.dom.DOMAdapter#getUnparsedEntityURI(java.lang.String)&quot;, &quot;name := com.sun.org.apache.xalan.internal.xsltc.dom.SAXImpl#getUnparsedEntityURI(java.lang.String)#0 &amp; com.sun.org.apache.xalan.internal.xsltc.dom.SimpleResultTreeImpl#getUnparsedEntityURI(java.lang.String)#0 &amp; com.sun.org.apache.xalan.internal.xsltc.dom.MultiDOM#getUnparsedEntityURI(java.lang.String)#0 &amp; com.sun.org.apache.xalan.internal.xsltc.dom.DOMAdapter#getUnparsedEntityURI(java.lang.String)#0&quot; }"/>
        </annotation>
    </item>
    <item name='com.sun.org.apache.xalan.internal.xsltc.DOM java.lang.String lookupNamespace(int, java.lang.String)'>
        <annotation name='com.intellij.inspections.tainted.annotation.equation.Equations'>
            <val val="{ &quot;prefix := com.sun.org.apache.xalan.internal.xsltc.dom.SAXImpl#lookupNamespace(int, java.lang.String)#1 &amp; com.sun.org.apache.xalan.internal.xsltc.dom.MultiDOM#lookupNamespace(int, java.lang.String)#1 &amp; com.sun.org.apache.xalan.internal.xsltc.dom.DOMAdapter#lookupNamespace(int, java.lang.String)#1 &amp; com.sun.org.apache.xalan.internal.xsltc.dom.SimpleResultTreeImpl#lookupNamespace(int, java.lang.String)#1&quot;, &quot;node := com.sun.org.apache.xalan.internal.xsltc.dom.SAXImpl#lookupNamespace(int, java.lang.String)#0 &amp; com.sun.org.apache.xalan.internal.xsltc.dom.MultiDOM#lookupNamespace(int, java.lang.String)#0 &amp; com.sun.org.apache.xalan.internal.xsltc.dom.DOMAdapter#lookupNamespace(int, java.lang.String)#0 &amp; com.sun.org.apache.xalan.internal.xsltc.dom.SimpleResultTreeImpl#lookupNamespace(int, java.lang.String)#0 &amp; com.sun.org.apache.xalan.internal.xsltc.runtime.BasisLibrary#startXslElement(java.lang.String, java.lang.String, com.sun.org.apache.xml.internal.serializer.SerializationHandler, com.sun.org.apache.xalan.internal.xsltc.DOM, int)#4&quot;, &quot;lookupNamespace := com.sun.org.apache.xalan.internal.xsltc.dom.SAXImpl#lookupNamespace(int, java.lang.String) &amp; com.sun.org.apache.xalan.internal.xsltc.dom.MultiDOM#lookupNamespace(int, java.lang.String) &amp; com.sun.org.apache.xalan.internal.xsltc.dom.DOMAdapter#lookupNamespace(int, java.lang.String) &amp; com.sun.org.apache.xalan.internal.xsltc.dom.SimpleResultTreeImpl#lookupNamespace(int, java.lang.String)&quot; }"/>
        </annotation>
    </item>
    <item name='com.sun.org.apache.xalan.internal.xsltc.DOM java.lang.String shallowCopy(int, com.sun.org.apache.xml.internal.serializer.SerializationHandler)'>
        <annotation name='com.intellij.inspections.tainted.annotation.equation.Equations'>
            <val val="{ &quot;node := com.sun.org.apache.xalan.internal.xsltc.dom.MultiDOM#shallowCopy(int, com.sun.org.apache.xml.internal.serializer.SerializationHandler)#0 &amp; com.sun.org.apache.xalan.internal.xsltc.dom.DOMAdapter#shallowCopy(int, com.sun.org.apache.xml.internal.serializer.SerializationHandler)#0 &amp; com.sun.org.apache.xalan.internal.xsltc.dom.SAXImpl#shallowCopy(int, com.sun.org.apache.xml.internal.serializer.SerializationHandler)#0 &amp; com.sun.org.apache.xalan.internal.xsltc.dom.SimpleResultTreeImpl#shallowCopy(int, com.sun.org.apache.xml.internal.serializer.SerializationHandler)#0&quot;, &quot;shallowCopy := com.sun.org.apache.xalan.internal.xsltc.dom.MultiDOM#shallowCopy(int, com.sun.org.apache.xml.internal.serializer.SerializationHandler) &amp; com.sun.org.apache.xalan.internal.xsltc.dom.DOMAdapter#shallowCopy(int, com.sun.org.apache.xml.internal.serializer.SerializationHandler) &amp; com.sun.org.apache.xalan.internal.xsltc.dom.SAXImpl#shallowCopy(int, com.sun.org.apache.xml.internal.serializer.SerializationHandler) &amp; com.sun.org.apache.xalan.internal.xsltc.dom.SimpleResultTreeImpl#shallowCopy(int, com.sun.org.apache.xml.internal.serializer.SerializationHandler)&quot;, &quot;handler := com.sun.org.apache.xalan.internal.xsltc.dom.MultiDOM#shallowCopy(int, com.sun.org.apache.xml.internal.serializer.SerializationHandler)#1 &amp; com.sun.org.apache.xalan.internal.xsltc.dom.DOMAdapter#shallowCopy(int, com.sun.org.apache.xml.internal.serializer.SerializationHandler)#1 &amp; com.sun.org.apache.xalan.internal.xsltc.dom.SAXImpl#shallowCopy(int, com.sun.org.apache.xml.internal.serializer.SerializationHandler)#1 &amp; com.sun.org.apache.xalan.internal.xsltc.dom.SimpleResultTreeImpl#shallowCopy(int, com.sun.org.apache.xml.internal.serializer.SerializationHandler)#1&quot; }"/>
        </annotation>
    </item>
    <item name='com.sun.org.apache.xalan.internal.xsltc.DOM java.util.Map&lt;java.lang.String,java.lang.Integer&gt; getElementsWithIDs()'>
        <annotation name='com.intellij.inspections.tainted.annotation.equation.Equations'>
            <val val="{ &quot;getElementsWithIDs := com.sun.org.apache.xalan.internal.xsltc.dom.MultiDOM#getElementsWithIDs() &amp; com.sun.org.apache.xalan.internal.xsltc.dom.DOMAdapter#getElementsWithIDs() &amp; com.sun.org.apache.xalan.internal.xsltc.dom.SAXImpl#getElementsWithIDs() &amp; com.sun.org.apache.xalan.internal.xsltc.dom.SimpleResultTreeImpl#getElementsWithIDs()&quot; }"/>
        </annotation>
    </item>
    <item name='com.sun.org.apache.xalan.internal.xsltc.DOM org.w3c.dom.Node makeNode(com.sun.org.apache.xml.internal.dtm.DTMAxisIterator)'>
        <annotation name='com.intellij.inspections.tainted.annotation.equation.Equations'>
            <val val="{ &quot;iter := com.sun.org.apache.xalan.internal.xsltc.dom.SAXImpl#makeNode(com.sun.org.apache.xml.internal.dtm.DTMAxisIterator)#0 &amp; com.sun.org.apache.xalan.internal.xsltc.dom.SimpleResultTreeImpl#makeNode(com.sun.org.apache.xml.internal.dtm.DTMAxisIterator)#0 &amp; com.sun.org.apache.xalan.internal.xsltc.dom.MultiDOM#makeNode(com.sun.org.apache.xml.internal.dtm.DTMAxisIterator)#0 &amp; com.sun.org.apache.xalan.internal.xsltc.dom.DOMAdapter#makeNode(com.sun.org.apache.xml.internal.dtm.DTMAxisIterator)#0&quot;, &quot;makeNode := com.sun.org.apache.xalan.internal.xsltc.dom.SAXImpl#makeNode(com.sun.org.apache.xml.internal.dtm.DTMAxisIterator) &amp; com.sun.org.apache.xalan.internal.xsltc.dom.SimpleResultTreeImpl#makeNode(com.sun.org.apache.xml.internal.dtm.DTMAxisIterator) &amp; com.sun.org.apache.xalan.internal.xsltc.dom.MultiDOM#makeNode(com.sun.org.apache.xml.internal.dtm.DTMAxisIterator) &amp; com.sun.org.apache.xalan.internal.xsltc.dom.DOMAdapter#makeNode(com.sun.org.apache.xml.internal.dtm.DTMAxisIterator)&quot; }"/>
        </annotation>
    </item>
    <item name='com.sun.org.apache.xalan.internal.xsltc.DOM org.w3c.dom.Node makeNode(int)'>
        <annotation name='com.intellij.inspections.tainted.annotation.equation.Equations'>
            <val val="{ &quot;makeNode := com.sun.org.apache.xalan.internal.xsltc.dom.SAXImpl#makeNode(int) &amp; com.sun.org.apache.xalan.internal.xsltc.dom.MultiDOM#makeNode(int) &amp; com.sun.org.apache.xalan.internal.xsltc.dom.DOMAdapter#makeNode(int) &amp; com.sun.org.apache.xalan.internal.xsltc.dom.SimpleResultTreeImpl#makeNode(int)&quot;, &quot;index := com.sun.org.apache.xalan.internal.xsltc.dom.SAXImpl#makeNode(int)#0 &amp; com.sun.org.apache.xalan.internal.xsltc.dom.MultiDOM#makeNode(int)#0 &amp; com.sun.org.apache.xalan.internal.xsltc.dom.DOMAdapter#makeNode(int)#0 &amp; com.sun.org.apache.xalan.internal.xsltc.dom.SimpleResultTreeImpl#makeNode(int)#0&quot; }"/>
        </annotation>
    </item>
    <item name='com.sun.org.apache.xalan.internal.xsltc.DOM org.w3c.dom.NodeList makeNodeList(com.sun.org.apache.xml.internal.dtm.DTMAxisIterator)'>
        <annotation name='com.intellij.inspections.tainted.annotation.equation.Equations'>
            <val val="{ &quot;makeNodeList := com.sun.org.apache.xalan.internal.xsltc.dom.SAXImpl#makeNodeList(com.sun.org.apache.xml.internal.dtm.DTMAxisIterator) &amp; com.sun.org.apache.xalan.internal.xsltc.dom.SimpleResultTreeImpl#makeNodeList(com.sun.org.apache.xml.internal.dtm.DTMAxisIterator) &amp; com.sun.org.apache.xalan.internal.xsltc.dom.MultiDOM#makeNodeList(com.sun.org.apache.xml.internal.dtm.DTMAxisIterator) &amp; com.sun.org.apache.xalan.internal.xsltc.dom.DOMAdapter#makeNodeList(com.sun.org.apache.xml.internal.dtm.DTMAxisIterator)&quot;, &quot;iter := com.sun.org.apache.xalan.internal.xsltc.dom.SAXImpl#makeNodeList(com.sun.org.apache.xml.internal.dtm.DTMAxisIterator)#0 &amp; com.sun.org.apache.xalan.internal.xsltc.dom.SimpleResultTreeImpl#makeNodeList(com.sun.org.apache.xml.internal.dtm.DTMAxisIterator)#0 &amp; com.sun.org.apache.xalan.internal.xsltc.dom.MultiDOM#makeNodeList(com.sun.org.apache.xml.internal.dtm.DTMAxisIterator)#0 &amp; com.sun.org.apache.xalan.internal.xsltc.dom.DOMAdapter#makeNodeList(com.sun.org.apache.xml.internal.dtm.DTMAxisIterator)#0&quot; }"/>
        </annotation>
    </item>
    <item name='com.sun.org.apache.xalan.internal.xsltc.DOM org.w3c.dom.NodeList makeNodeList(int)'>
        <annotation name='com.intellij.inspections.tainted.annotation.equation.Equations'>
            <val val="{ &quot;makeNodeList := com.sun.org.apache.xalan.internal.xsltc.dom.SAXImpl#makeNodeList(int) &amp; com.sun.org.apache.xalan.internal.xsltc.dom.SimpleResultTreeImpl#makeNodeList(int) &amp; com.sun.org.apache.xalan.internal.xsltc.dom.MultiDOM#makeNodeList(int) &amp; com.sun.org.apache.xalan.internal.xsltc.dom.DOMAdapter#makeNodeList(int)&quot;, &quot;index := com.sun.org.apache.xalan.internal.xsltc.dom.SAXImpl#makeNodeList(int)#0 &amp; com.sun.org.apache.xalan.internal.xsltc.dom.SimpleResultTreeImpl#makeNodeList(int)#0 &amp; com.sun.org.apache.xalan.internal.xsltc.dom.MultiDOM#makeNodeList(int)#0 &amp; com.sun.org.apache.xalan.internal.xsltc.dom.DOMAdapter#makeNodeList(int)#0&quot; }"/>
        </annotation>
    </item>
    <item name='com.sun.org.apache.xalan.internal.xsltc.DOM void characters(int, com.sun.org.apache.xml.internal.serializer.SerializationHandler)'>
        <annotation name='com.intellij.inspections.tainted.annotation.equation.Equations'>
            <val val="{ &quot;handler := com.sun.org.apache.xalan.internal.xsltc.dom.SAXImpl#characters(int, com.sun.org.apache.xml.internal.serializer.SerializationHandler)#1 &amp; com.sun.org.apache.xalan.internal.xsltc.dom.SimpleResultTreeImpl#characters(int, com.sun.org.apache.xml.internal.serializer.SerializationHandler)#1 &amp; com.sun.org.apache.xalan.internal.xsltc.dom.MultiDOM#characters(int, com.sun.org.apache.xml.internal.serializer.SerializationHandler)#1 &amp; com.sun.org.apache.xalan.internal.xsltc.dom.DOMAdapter#characters(int, com.sun.org.apache.xml.internal.serializer.SerializationHandler)#1&quot;, &quot;textNode := com.sun.org.apache.xalan.internal.xsltc.dom.SAXImpl#characters(int, com.sun.org.apache.xml.internal.serializer.SerializationHandler)#0 &amp; com.sun.org.apache.xalan.internal.xsltc.dom.SimpleResultTreeImpl#characters(int, com.sun.org.apache.xml.internal.serializer.SerializationHandler)#0 &amp; com.sun.org.apache.xalan.internal.xsltc.dom.MultiDOM#characters(int, com.sun.org.apache.xml.internal.serializer.SerializationHandler)#0 &amp; com.sun.org.apache.xalan.internal.xsltc.dom.DOMAdapter#characters(int, com.sun.org.apache.xml.internal.serializer.SerializationHandler)#0&quot; }"/>
        </annotation>
    </item>
    <item name='com.sun.org.apache.xalan.internal.xsltc.DOM void copy(com.sun.org.apache.xml.internal.dtm.DTMAxisIterator, com.sun.org.apache.xml.internal.serializer.SerializationHandler)'>
        <annotation name='com.intellij.inspections.tainted.annotation.equation.Equations'>
            <val val="{ &quot;handler := com.sun.org.apache.xalan.internal.xsltc.runtime.BasisLibrary#copy(java.lang.Object, com.sun.org.apache.xml.internal.serializer.SerializationHandler, int, com.sun.org.apache.xalan.internal.xsltc.DOM)#1 &amp; com.sun.org.apache.xalan.internal.xsltc.dom.MultiDOM#copy(com.sun.org.apache.xml.internal.dtm.DTMAxisIterator, com.sun.org.apache.xml.internal.serializer.SerializationHandler)#1 &amp; com.sun.org.apache.xalan.internal.xsltc.dom.DOMAdapter#copy(com.sun.org.apache.xml.internal.dtm.DTMAxisIterator, com.sun.org.apache.xml.internal.serializer.SerializationHandler)#1 &amp; com.sun.org.apache.xalan.internal.xsltc.dom.SAXImpl#copy(com.sun.org.apache.xml.internal.dtm.DTMAxisIterator, com.sun.org.apache.xml.internal.serializer.SerializationHandler)#1 &amp; com.sun.org.apache.xalan.internal.xsltc.dom.SimpleResultTreeImpl#copy(com.sun.org.apache.xml.internal.dtm.DTMAxisIterator, com.sun.org.apache.xml.internal.serializer.SerializationHandler)#1&quot;, &quot;nodes := com.sun.org.apache.xalan.internal.xsltc.dom.MultiDOM#copy(com.sun.org.apache.xml.internal.dtm.DTMAxisIterator, com.sun.org.apache.xml.internal.serializer.SerializationHandler)#0 &amp; com.sun.org.apache.xalan.internal.xsltc.dom.DOMAdapter#copy(com.sun.org.apache.xml.internal.dtm.DTMAxisIterator, com.sun.org.apache.xml.internal.serializer.SerializationHandler)#0 &amp; com.sun.org.apache.xalan.internal.xsltc.dom.SAXImpl#copy(com.sun.org.apache.xml.internal.dtm.DTMAxisIterator, com.sun.org.apache.xml.internal.serializer.SerializationHandler)#0 &amp; com.sun.org.apache.xalan.internal.xsltc.dom.SimpleResultTreeImpl#copy(com.sun.org.apache.xml.internal.dtm.DTMAxisIterator, com.sun.org.apache.xml.internal.serializer.SerializationHandler)#0&quot; }"/>
        </annotation>
    </item>
    <item name='com.sun.org.apache.xalan.internal.xsltc.DOM void copy(int, com.sun.org.apache.xml.internal.serializer.SerializationHandler)'>
        <annotation name='com.intellij.inspections.tainted.annotation.equation.Equations'>
            <val val="{ &quot;node := com.sun.org.apache.xalan.internal.xsltc.dom.SAXImpl#copy(int, com.sun.org.apache.xml.internal.serializer.SerializationHandler)#0 &amp; com.sun.org.apache.xalan.internal.xsltc.dom.SimpleResultTreeImpl#copy(int, com.sun.org.apache.xml.internal.serializer.SerializationHandler)#0 &amp; com.sun.org.apache.xalan.internal.xsltc.dom.MultiDOM#copy(int, com.sun.org.apache.xml.internal.serializer.SerializationHandler)#0 &amp; com.sun.org.apache.xalan.internal.xsltc.dom.DOMAdapter#copy(int, com.sun.org.apache.xml.internal.serializer.SerializationHandler)#0&quot;, &quot;handler := com.sun.org.apache.xalan.internal.xsltc.dom.SAXImpl#copy(int, com.sun.org.apache.xml.internal.serializer.SerializationHandler)#1 &amp; com.sun.org.apache.xalan.internal.xsltc.dom.SimpleResultTreeImpl#copy(int, com.sun.org.apache.xml.internal.serializer.SerializationHandler)#1 &amp; com.sun.org.apache.xalan.internal.xsltc.dom.MultiDOM#copy(int, com.sun.org.apache.xml.internal.serializer.SerializationHandler)#1 &amp; com.sun.org.apache.xalan.internal.xsltc.dom.DOMAdapter#copy(int, com.sun.org.apache.xml.internal.serializer.SerializationHandler)#1&quot; }"/>
        </annotation>
    </item>
    <item name='com.sun.org.apache.xalan.internal.xsltc.DOM void setFilter(com.sun.org.apache.xalan.internal.xsltc.StripFilter)'>
        <annotation name='com.intellij.inspections.tainted.annotation.equation.Equations'>
            <val val="{ &quot;filter := com.sun.org.apache.xalan.internal.xsltc.dom.SAXImpl#setFilter(com.sun.org.apache.xalan.internal.xsltc.StripFilter)#0 &amp; com.sun.org.apache.xalan.internal.xsltc.dom.MultiDOM#setFilter(com.sun.org.apache.xalan.internal.xsltc.StripFilter)#0 &amp; com.sun.org.apache.xalan.internal.xsltc.dom.DOMAdapter#setFilter(com.sun.org.apache.xalan.internal.xsltc.StripFilter)#0 &amp; com.sun.org.apache.xalan.internal.xsltc.dom.SimpleResultTreeImpl#setFilter(com.sun.org.apache.xalan.internal.xsltc.StripFilter)#0&quot; }"/>
        </annotation>
    </item>
    <item name='com.sun.org.apache.xalan.internal.xsltc.DOM void setupMapping(java.lang.String[], java.lang.String[], int[], java.lang.String[])'>
        <annotation name='com.intellij.inspections.tainted.annotation.equation.Equations'>
            <val val="{ &quot;urisArray := com.sun.org.apache.xalan.internal.xsltc.dom.SAXImpl#setupMapping(java.lang.String[], java.lang.String[], int[], java.lang.String[])#1 &amp; com.sun.org.apache.xalan.internal.xsltc.dom.SimpleResultTreeImpl#setupMapping(java.lang.String[], java.lang.String[], int[], java.lang.String[])#1 &amp; com.sun.org.apache.xalan.internal.xsltc.dom.MultiDOM#setupMapping(java.lang.String[], java.lang.String[], int[], java.lang.String[])#1 &amp; com.sun.org.apache.xalan.internal.xsltc.dom.DOMAdapter#setupMapping(java.lang.String[], java.lang.String[], int[], java.lang.String[])#1&quot;, &quot;namespaces := com.sun.org.apache.xalan.internal.xsltc.dom.SAXImpl#setupMapping(java.lang.String[], java.lang.String[], int[], java.lang.String[])#3 &amp; com.sun.org.apache.xalan.internal.xsltc.dom.SimpleResultTreeImpl#setupMapping(java.lang.String[], java.lang.String[], int[], java.lang.String[])#3 &amp; com.sun.org.apache.xalan.internal.xsltc.dom.MultiDOM#setupMapping(java.lang.String[], java.lang.String[], int[], java.lang.String[])#3 &amp; com.sun.org.apache.xalan.internal.xsltc.dom.DOMAdapter#setupMapping(java.lang.String[], java.lang.String[], int[], java.lang.String[])#3&quot;, &quot;names := com.sun.org.apache.xalan.internal.xsltc.dom.SAXImpl#setupMapping(java.lang.String[], java.lang.String[], int[], java.lang.String[])#0 &amp; com.sun.org.apache.xalan.internal.xsltc.dom.SimpleResultTreeImpl#setupMapping(java.lang.String[], java.lang.String[], int[], java.lang.String[])#0 &amp; com.sun.org.apache.xalan.internal.xsltc.dom.MultiDOM#setupMapping(java.lang.String[], java.lang.String[], int[], java.lang.String[])#0 &amp; com.sun.org.apache.xalan.internal.xsltc.dom.DOMAdapter#setupMapping(java.lang.String[], java.lang.String[], int[], java.lang.String[])#0&quot;, &quot;typesArray := com.sun.org.apache.xalan.internal.xsltc.dom.SAXImpl#setupMapping(java.lang.String[], java.lang.String[], int[], java.lang.String[])#2 &amp; com.sun.org.apache.xalan.internal.xsltc.dom.SimpleResultTreeImpl#setupMapping(java.lang.String[], java.lang.String[], int[], java.lang.String[])#2 &amp; com.sun.org.apache.xalan.internal.xsltc.dom.MultiDOM#setupMapping(java.lang.String[], java.lang.String[], int[], java.lang.String[])#2 &amp; com.sun.org.apache.xalan.internal.xsltc.dom.DOMAdapter#setupMapping(java.lang.String[], java.lang.String[], int[], java.lang.String[])#2&quot; }"/>
        </annotation>
    </item>
    <item name='com.sun.org.apache.xalan.internal.xsltc.DOMCache com.sun.org.apache.xalan.internal.xsltc.DOM retrieveDocument(java.lang.String, java.lang.String, com.sun.org.apache.xalan.internal.xsltc.Translet)'>
        <annotation name='com.intellij.inspections.tainted.annotation.equation.Equations'>
            <val val="{ &quot;baseURI := com.sun.org.apache.xalan.internal.xsltc.trax.TransformerImpl#retrieveDocument(java.lang.String, java.lang.String, com.sun.org.apache.xalan.internal.xsltc.Translet)#0 &amp; com.sun.org.apache.xalan.internal.xsltc.dom.DocumentCache#retrieveDocument(java.lang.String, java.lang.String, com.sun.org.apache.xalan.internal.xsltc.Translet)#0&quot;, &quot;retrieveDocument := com.sun.org.apache.xalan.internal.xsltc.trax.TransformerImpl#retrieveDocument(java.lang.String, java.lang.String, com.sun.org.apache.xalan.internal.xsltc.Translet) &amp; com.sun.org.apache.xalan.internal.xsltc.dom.DocumentCache#retrieveDocument(java.lang.String, java.lang.String, com.sun.org.apache.xalan.internal.xsltc.Translet)&quot;, &quot;href := com.sun.org.apache.xalan.internal.xsltc.trax.TransformerImpl#retrieveDocument(java.lang.String, java.lang.String, com.sun.org.apache.xalan.internal.xsltc.Translet)#1 &amp; com.sun.org.apache.xalan.internal.xsltc.dom.DocumentCache#retrieveDocument(java.lang.String, java.lang.String, com.sun.org.apache.xalan.internal.xsltc.Translet)#1&quot;, &quot;translet := com.sun.org.apache.xalan.internal.xsltc.trax.TransformerImpl#retrieveDocument(java.lang.String, java.lang.String, com.sun.org.apache.xalan.internal.xsltc.Translet)#2 &amp; com.sun.org.apache.xalan.internal.xsltc.dom.DocumentCache#retrieveDocument(java.lang.String, java.lang.String, com.sun.org.apache.xalan.internal.xsltc.Translet)#2&quot; }"/>
        </annotation>
    </item>
    <item name='com.sun.org.apache.xalan.internal.xsltc.DOMEnhancedForDTM int getElementById(java.lang.String)'>
        <annotation name='com.intellij.inspections.tainted.annotation.equation.Equations'>
            <val val="{ &quot;getElementById := com.sun.org.apache.xalan.internal.xsltc.dom.SAXImpl#getElementById(java.lang.String)&quot;, &quot;idString := com.sun.org.apache.xalan.internal.xsltc.dom.KeyIndex#getDOMNodeById(java.lang.String)#0 &amp; com.sun.org.apache.xalan.internal.xsltc.dom.SAXImpl#getElementById(java.lang.String)#0&quot; }"/>
        </annotation>
    </item>
    <item name='com.sun.org.apache.xalan.internal.xsltc.DOMEnhancedForDTM int[] getReverseMapping(java.lang.String[], java.lang.String[], int[])'>
        <annotation name='com.intellij.inspections.tainted.annotation.equation.Equations'>
            <val val="{ &quot;types := com.sun.org.apache.xalan.internal.xsltc.dom.SAXImpl#getReverseMapping(java.lang.String[], java.lang.String[], int[])#2&quot;, &quot;uris := com.sun.org.apache.xalan.internal.xsltc.dom.SAXImpl#getReverseMapping(java.lang.String[], java.lang.String[], int[])#1&quot;, &quot;getReverseMapping := com.sun.org.apache.xalan.internal.xsltc.dom.SAXImpl#getReverseMapping(java.lang.String[], java.lang.String[], int[])&quot;, &quot;names := com.sun.org.apache.xalan.internal.xsltc.dom.SAXImpl#getReverseMapping(java.lang.String[], java.lang.String[], int[])#0&quot; }"/>
        </annotation>
    </item>
    <item name='com.sun.org.apache.xalan.internal.xsltc.DOMEnhancedForDTM java.lang.String getDocumentURI()'>
        <annotation name='com.intellij.inspections.tainted.annotation.equation.Equations'>
            <val val="{ &quot;getDocumentURI := com.sun.org.apache.xalan.internal.xsltc.dom.SAXImpl#getDocumentURI()&quot; }"/>
        </annotation>
    </item>
    <item name='com.sun.org.apache.xalan.internal.xsltc.DOMEnhancedForDTM short[] getMapping(java.lang.String[], java.lang.String[], int[])'>
        <annotation name='com.intellij.inspections.tainted.annotation.equation.Equations'>
            <val val="{ &quot;uris := com.sun.org.apache.xalan.internal.xsltc.dom.SAXImpl#getMapping(java.lang.String[], java.lang.String[], int[])#1 &amp; com.sun.org.apache.xalan.internal.xsltc.dom.DOMAdapter&quot;, &quot;types := com.sun.org.apache.xalan.internal.xsltc.dom.SAXImpl#getMapping(java.lang.String[], java.lang.String[], int[])#2 &amp; com.sun.org.apache.xalan.internal.xsltc.dom.DOMAdapter&quot;, &quot;names := com.sun.org.apache.xalan.internal.xsltc.dom.SAXImpl#getMapping(java.lang.String[], java.lang.String[], int[])#0 &amp; com.sun.org.apache.xalan.internal.xsltc.dom.DOMAdapter&quot;, &quot;getMapping := com.sun.org.apache.xalan.internal.xsltc.dom.SAXImpl#getMapping(java.lang.String[], java.lang.String[], int[])&quot; }"/>
        </annotation>
    </item>
    <item name='com.sun.org.apache.xalan.internal.xsltc.DOMEnhancedForDTM short[] getNamespaceMapping(java.lang.String[])'>
        <annotation name='com.intellij.inspections.tainted.annotation.equation.Equations'>
            <val val="{ &quot;namespaces := com.sun.org.apache.xalan.internal.xsltc.dom.SAXImpl#getNamespaceMapping(java.lang.String[])#0&quot;, &quot;getNamespaceMapping := com.sun.org.apache.xalan.internal.xsltc.dom.SAXImpl#getNamespaceMapping(java.lang.String[])&quot; }"/>
        </annotation>
    </item>
    <item name='com.sun.org.apache.xalan.internal.xsltc.DOMEnhancedForDTM short[] getReverseNamespaceMapping(java.lang.String[])'>
        <annotation name='com.intellij.inspections.tainted.annotation.equation.Equations'>
            <val val="{ &quot;getReverseNamespaceMapping := com.sun.org.apache.xalan.internal.xsltc.dom.SAXImpl#getReverseNamespaceMapping(java.lang.String[])&quot;, &quot;namespaces := com.sun.org.apache.xalan.internal.xsltc.dom.DOMAdapter &amp; com.sun.org.apache.xalan.internal.xsltc.dom.SAXImpl#getReverseNamespaceMapping(java.lang.String[])#0&quot; }"/>
        </annotation>
    </item>
    <item name='com.sun.org.apache.xalan.internal.xsltc.DOMEnhancedForDTM void setDocumentURI(java.lang.String)'>
        <annotation name='com.intellij.inspections.tainted.annotation.equation.Equations'>
            <val val="{ &quot;uri := com.sun.org.apache.xalan.internal.xsltc.cmdline.Transform &amp; com.sun.org.apache.xalan.internal.xsltc.dom.SAXImpl#setDocumentURI(java.lang.String)#0 &amp; com.sun.org.apache.xalan.internal.xsltc.dom.DOMAdapter#setDocumentURI(java.lang.String)#0 &amp; com.sun.org.apache.xalan.internal.xsltc.dom.LoadDocument#document(java.lang.String, java.lang.String, com.sun.org.apache.xalan.internal.xsltc.runtime.AbstractTranslet, com.sun.org.apache.xalan.internal.xsltc.DOM, boolean)#0 &amp; com.sun.org.apache.xalan.internal.xsltc.dom.DocumentCache.CachedDocument#loadDocument(java.lang.String)#0&quot; }"/>
        </annotation>
    </item>
    <item name='com.sun.org.apache.xalan.internal.xsltc.Translet int[] getTypesArray()'>
        <annotation name='com.intellij.inspections.tainted.annotation.equation.Equations'>
            <val val="{ &quot;getTypesArray := com.sun.org.apache.xalan.internal.xsltc.runtime.AbstractTranslet#getTypesArray()&quot; }"/>
        </annotation>
    </item>
    <item name='com.sun.org.apache.xalan.internal.xsltc.Translet java.lang.Class getAuxiliaryClass(java.lang.String)'>
        <annotation name='com.intellij.inspections.tainted.annotation.equation.Equations'>
            <val val="{ &quot;getAuxiliaryClass := com.sun.org.apache.xalan.internal.xsltc.runtime.AbstractTranslet#getAuxiliaryClass(java.lang.String)&quot;, &quot;className := com.sun.org.apache.xalan.internal.xsltc.runtime.AbstractTranslet#getAuxiliaryClass(java.lang.String)#0&quot; }"/>
        </annotation>
    </item>
    <item name='com.sun.org.apache.xalan.internal.xsltc.Translet java.lang.Object addParameter(java.lang.String, java.lang.Object)'>
        <annotation name='com.intellij.inspections.tainted.annotation.equation.Equations'>
            <val val="{ &quot;name := com.sun.org.apache.xalan.internal.xsltc.runtime.AbstractTranslet#addParameter(java.lang.String, java.lang.Object)#0&quot;, &quot;value := com.sun.org.apache.xalan.internal.xsltc.runtime.AbstractTranslet#addParameter(java.lang.String, java.lang.Object)#1&quot;, &quot;addParameter := com.sun.org.apache.xalan.internal.xsltc.runtime.AbstractTranslet#addParameter(java.lang.String, java.lang.Object)&quot; }"/>
        </annotation>
    </item>
    <item name='com.sun.org.apache.xalan.internal.xsltc.Translet java.lang.String[] getNamesArray()'>
        <annotation name='com.intellij.inspections.tainted.annotation.equation.Equations'>
            <val val="{ &quot;getNamesArray := com.sun.org.apache.xalan.internal.xsltc.runtime.AbstractTranslet#getNamesArray()&quot; }"/>
        </annotation>
    </item>
    <item name='com.sun.org.apache.xalan.internal.xsltc.Translet java.lang.String[] getNamespaceArray()'>
        <annotation name='com.intellij.inspections.tainted.annotation.equation.Equations'>
            <val val="{ &quot;getNamespaceArray := com.sun.org.apache.xalan.internal.xsltc.runtime.AbstractTranslet#getNamespaceArray()&quot; }"/>
        </annotation>
    </item>
    <item name='com.sun.org.apache.xalan.internal.xsltc.Translet java.lang.String[] getUrisArray()'>
        <annotation name='com.intellij.inspections.tainted.annotation.equation.Equations'>
            <val val="{ &quot;getUrisArray := com.sun.org.apache.xalan.internal.xsltc.runtime.AbstractTranslet#getUrisArray()&quot; }"/>
        </annotation>
    </item>
    <item name='com.sun.org.apache.xalan.internal.xsltc.Translet void addAuxiliaryClass(java.lang.Class)'>
        <annotation name='com.intellij.inspections.tainted.annotation.equation.Equations'>
            <val val="{ &quot;auxClass := com.sun.org.apache.xalan.internal.xsltc.runtime.AbstractTranslet#addAuxiliaryClass(java.lang.Class)#0&quot; }"/>
        </annotation>
    </item>
    <item name='com.sun.org.apache.xalan.internal.xsltc.Translet void buildKeys(com.sun.org.apache.xalan.internal.xsltc.DOM, com.sun.org.apache.xml.internal.dtm.DTMAxisIterator, com.sun.org.apache.xml.internal.serializer.SerializationHandler, int)'>
        <annotation name='com.intellij.inspections.tainted.annotation.equation.Equations'>
            <val val="{ &quot;iterator := com.sun.org.apache.xalan.internal.xsltc.runtime.AbstractTranslet#buildKeys(com.sun.org.apache.xalan.internal.xsltc.DOM, com.sun.org.apache.xml.internal.dtm.DTMAxisIterator, com.sun.org.apache.xml.internal.serializer.SerializationHandler, int)#1&quot;, &quot;root := com.sun.org.apache.xalan.internal.xsltc.runtime.AbstractTranslet#buildKeys(com.sun.org.apache.xalan.internal.xsltc.DOM, com.sun.org.apache.xml.internal.dtm.DTMAxisIterator, com.sun.org.apache.xml.internal.serializer.SerializationHandler, int)#3&quot;, &quot;handler := com.sun.org.apache.xalan.internal.xsltc.runtime.AbstractTranslet#buildKeys(com.sun.org.apache.xalan.internal.xsltc.DOM, com.sun.org.apache.xml.internal.dtm.DTMAxisIterator, com.sun.org.apache.xml.internal.serializer.SerializationHandler, int)#2&quot;, &quot;document := com.sun.org.apache.xalan.internal.xsltc.runtime.AbstractTranslet#buildKeys(com.sun.org.apache.xalan.internal.xsltc.DOM, com.sun.org.apache.xml.internal.dtm.DTMAxisIterator, com.sun.org.apache.xml.internal.serializer.SerializationHandler, int)#0&quot; }"/>
        </annotation>
    </item>
    <item name='com.sun.org.apache.xalan.internal.xsltc.Translet void transform(com.sun.org.apache.xalan.internal.xsltc.DOM, com.sun.org.apache.xml.internal.dtm.DTMAxisIterator, com.sun.org.apache.xml.internal.serializer.SerializationHandler)'>
        <annotation name='com.intellij.inspections.tainted.annotation.equation.Equations'>
            <val val="{ &quot;document := com.sun.org.apache.xalan.internal.xsltc.runtime.AbstractTranslet#transform(com.sun.org.apache.xalan.internal.xsltc.DOM, com.sun.org.apache.xml.internal.dtm.DTMAxisIterator, com.sun.org.apache.xml.internal.serializer.SerializationHandler)#0&quot;, &quot;handler := com.sun.org.apache.xalan.internal.xsltc.runtime.AbstractTranslet#transform(com.sun.org.apache.xalan.internal.xsltc.DOM, com.sun.org.apache.xml.internal.dtm.DTMAxisIterator, com.sun.org.apache.xml.internal.serializer.SerializationHandler)#2&quot;, &quot;iterator := com.sun.org.apache.xalan.internal.xsltc.runtime.AbstractTranslet#transform(com.sun.org.apache.xalan.internal.xsltc.DOM, com.sun.org.apache.xml.internal.dtm.DTMAxisIterator, com.sun.org.apache.xml.internal.serializer.SerializationHandler)#1&quot; }"/>
        </annotation>
    </item>
    <item name='com.sun.org.apache.xalan.internal.xsltc.Translet void transform(com.sun.org.apache.xalan.internal.xsltc.DOM, com.sun.org.apache.xml.internal.serializer.SerializationHandler)'>
        <annotation name='com.intellij.inspections.tainted.annotation.equation.Equations'>
            <val val="{ &quot;document := com.sun.org.apache.xalan.internal.xsltc.runtime.AbstractTranslet#transform(com.sun.org.apache.xalan.internal.xsltc.DOM, com.sun.org.apache.xml.internal.serializer.SerializationHandler)#0&quot;, &quot;handler := com.sun.org.apache.xalan.internal.xsltc.runtime.AbstractTranslet#transform(com.sun.org.apache.xalan.internal.xsltc.DOM, com.sun.org.apache.xml.internal.serializer.SerializationHandler)#1&quot; }"/>
        </annotation>
    </item>
    <item name='com.sun.org.apache.xalan.internal.xsltc.TransletException TransletException(java.lang.Exception)'>
        <annotation name='com.intellij.inspections.tainted.annotation.equation.Equations'>
            <val val="{ &quot;TransletException := TransletException&quot; }"/>
        </annotation>
    </item>
    <item name='com.sun.org.apache.xalan.internal.xsltc.TransletException TransletException(java.lang.String)'>
        <annotation name='com.intellij.inspections.tainted.annotation.equation.Equations'>
            <val val="{ &quot;TransletException := TransletException&quot; }"/>
        </annotation>
    </item>
</root>