<root>
    <item name='com.sun.org.omg.SendingContext.CodeBaseOperations com.sun.org.omg.CORBA.Repository get_ir()'>
        <annotation name='com.intellij.inspections.tainted.annotation.equation.Equations'>
            <val val="{ &quot;get_ir := com.sun.corba.se.impl.encoding.CachedCodeBase#get_ir() &amp; com.sun.corba.se.impl.io.FVDCodeBaseImpl#get_ir() &amp; _CodeBaseStub#get_ir()&quot; }"/>
        </annotation>
    </item>
    <item name='com.sun.org.omg.SendingContext.CodeBaseOperations com.sun.org.omg.CORBA.ValueDefPackage.FullValueDescription meta(java.lang.String)'>
        <annotation name='com.intellij.inspections.tainted.annotation.equation.Equations'>
            <val val="{ &quot;meta := com.sun.corba.se.impl.io.FVDCodeBaseImpl#meta(java.lang.String) &amp; com.sun.corba.se.impl.encoding.CachedCodeBase#meta(java.lang.String) &amp; _CodeBaseStub#meta(java.lang.String)&quot; }"/>
        </annotation>
    </item>
    <item name='com.sun.org.omg.SendingContext.CodeBaseOperations com.sun.org.omg.CORBA.ValueDefPackage.FullValueDescription[] metas(java.lang.String[])'>
        <annotation name='com.intellij.inspections.tainted.annotation.equation.Equations'>
            <val val="{ &quot;metas := com.sun.corba.se.impl.encoding.CachedCodeBase#metas(java.lang.String[]) &amp; com.sun.corba.se.impl.io.FVDCodeBaseImpl#metas(java.lang.String[]) &amp; _CodeBaseStub#metas(java.lang.String[])&quot; }"/>
        </annotation>
    </item>
    <item name='com.sun.org.omg.SendingContext.CodeBaseOperations java.lang.String implementation(java.lang.String)'>
        <annotation name='com.intellij.inspections.tainted.annotation.equation.Equations'>
            <val val="{ &quot;implementation := com.sun.corba.se.impl.encoding.CachedCodeBase#implementation(java.lang.String) &amp; com.sun.corba.se.impl.io.FVDCodeBaseImpl#implementation(java.lang.String) &amp; _CodeBaseStub#implementation(java.lang.String)&quot; }"/>
        </annotation>
    </item>
    <item name='com.sun.org.omg.SendingContext.CodeBaseOperations java.lang.String[] bases(java.lang.String)'>
        <annotation name='com.intellij.inspections.tainted.annotation.equation.Equations'>
            <val val="{ &quot;bases := com.sun.corba.se.impl.encoding.CachedCodeBase#bases(java.lang.String) &amp; com.sun.corba.se.impl.io.FVDCodeBaseImpl#bases(java.lang.String) &amp; _CodeBaseStub#bases(java.lang.String)&quot; }"/>
        </annotation>
    </item>
    <item name='com.sun.org.omg.SendingContext.CodeBaseOperations java.lang.String[] implementations(java.lang.String[])'>
        <annotation name='com.intellij.inspections.tainted.annotation.equation.Equations'>
            <val val="{ &quot;implementations := com.sun.corba.se.impl.encoding.CachedCodeBase#implementations(java.lang.String[]) &amp; com.sun.corba.se.impl.io.FVDCodeBaseImpl#implementations(java.lang.String[]) &amp; _CodeBaseStub#implementations(java.lang.String[])&quot; }"/>
        </annotation>
    </item>
</root>