<root>
    <item name='org.jboss.byteman.objectweb.asm.tree.AbstractInsnNode int getType()'>
        <annotation name='com.intellij.inspections.tainted.annotation.equation.Equations'>
            <val val="{ &quot;getType := JumpInsnNode#getType() &amp; LabelNode#getType() &amp; InsnNode#getType() &amp; VarInsnNode#getType() &amp; TypeInsnNode#getType() &amp; FieldInsnNode#getType() &amp; MethodInsnNode#getType() &amp; InvokeDynamicInsnNode#getType() &amp; IincInsnNode#getType() &amp; LookupSwitchInsnNode#getType() &amp; MultiANewArrayInsnNode#getType() &amp; LineNumberNode#getType() &amp; LdcInsnNode#getType() &amp; TableSwitchInsnNode#getType() &amp; FrameNode#getType() &amp; IntInsnNode#getType()&quot; }"/>
        </annotation>
    </item>
    <item name='org.jboss.byteman.objectweb.asm.tree.AbstractInsnNode org.jboss.byteman.objectweb.asm.tree.AbstractInsnNode clone(java.util.Map&lt;org.jboss.byteman.objectweb.asm.tree.LabelNode,org.jboss.byteman.objectweb.asm.tree.LabelNode&gt;)'>
        <annotation name='com.intellij.inspections.tainted.annotation.equation.Equations'>
            <val val="{ &quot;map := JumpInsnNode#clone(java.util.Map)#0 &amp; LabelNode#clone(java.util.Map)#0 &amp; InsnNode#clone(java.util.Map)#0 &amp; VarInsnNode#clone(java.util.Map)#0 &amp; TypeInsnNode#clone(java.util.Map)#0 &amp; FieldInsnNode#clone(java.util.Map)#0 &amp; MethodInsnNode#clone(java.util.Map)#0 &amp; InvokeDynamicInsnNode#clone(java.util.Map)#0 &amp; IincInsnNode#clone(java.util.Map)#0 &amp; LookupSwitchInsnNode#clone(java.util.Map)#0 &amp; MultiANewArrayInsnNode#clone(java.util.Map)#0 &amp; LineNumberNode#clone(java.util.Map)#0 &amp; LdcInsnNode#clone(java.util.Map)#0 &amp; TableSwitchInsnNode#clone(java.util.Map)#0 &amp; IntInsnNode#clone(java.util.Map)#0 &amp; FrameNode#clone(java.util.Map)#0&quot;, &quot;clone := JumpInsnNode#clone(java.util.Map) &amp; LabelNode#clone(java.util.Map) &amp; InsnNode#clone(java.util.Map) &amp; VarInsnNode#clone(java.util.Map) &amp; TypeInsnNode#clone(java.util.Map) &amp; FieldInsnNode#clone(java.util.Map) &amp; MethodInsnNode#clone(java.util.Map) &amp; InvokeDynamicInsnNode#clone(java.util.Map) &amp; IincInsnNode#clone(java.util.Map) &amp; LookupSwitchInsnNode#clone(java.util.Map) &amp; MultiANewArrayInsnNode#clone(java.util.Map) &amp; LineNumberNode#clone(java.util.Map) &amp; LdcInsnNode#clone(java.util.Map) &amp; TableSwitchInsnNode#clone(java.util.Map) &amp; IntInsnNode#clone(java.util.Map) &amp; FrameNode#clone(java.util.Map)&quot; }"/>
        </annotation>
    </item>
    <item name='org.jboss.byteman.objectweb.asm.tree.AbstractInsnNode void accept(org.jboss.byteman.objectweb.asm.MethodVisitor)'>
        <annotation name='com.intellij.inspections.tainted.annotation.equation.Equations'>
            <val val="{ &quot;methodVisitor := JumpInsnNode#accept(org.jboss.byteman.objectweb.asm.MethodVisitor)#0 &amp; LabelNode#accept(org.jboss.byteman.objectweb.asm.MethodVisitor)#0 &amp; InsnNode#accept(org.jboss.byteman.objectweb.asm.MethodVisitor)#0 &amp; VarInsnNode#accept(org.jboss.byteman.objectweb.asm.MethodVisitor)#0 &amp; TypeInsnNode#accept(org.jboss.byteman.objectweb.asm.MethodVisitor)#0 &amp; FieldInsnNode#accept(org.jboss.byteman.objectweb.asm.MethodVisitor)#0 &amp; MethodInsnNode#accept(org.jboss.byteman.objectweb.asm.MethodVisitor)#0 &amp; InvokeDynamicInsnNode#accept(org.jboss.byteman.objectweb.asm.MethodVisitor)#0 &amp; IincInsnNode#accept(org.jboss.byteman.objectweb.asm.MethodVisitor)#0 &amp; LookupSwitchInsnNode#accept(org.jboss.byteman.objectweb.asm.MethodVisitor)#0 &amp; MultiANewArrayInsnNode#accept(org.jboss.byteman.objectweb.asm.MethodVisitor)#0 &amp; LineNumberNode#accept(org.jboss.byteman.objectweb.asm.MethodVisitor)#0 &amp; LdcInsnNode#accept(org.jboss.byteman.objectweb.asm.MethodVisitor)#0 &amp; TableSwitchInsnNode#accept(org.jboss.byteman.objectweb.asm.MethodVisitor)#0 &amp; IntInsnNode#accept(org.jboss.byteman.objectweb.asm.MethodVisitor)#0 &amp; FrameNode#accept(org.jboss.byteman.objectweb.asm.MethodVisitor)#0&quot; }"/>
        </annotation>
    </item>
    <item name='org.jboss.byteman.objectweb.asm.tree.MethodNode void visitJumpInsn(int, org.jboss.byteman.objectweb.asm.Label)'>
        <annotation name='com.intellij.inspections.tainted.annotation.equation.Equations'>
            <val val="{ &quot;opcode := org.jboss.byteman.objectweb.asm.commons.JSRInlinerAdapter#visitJumpInsn(int, org.jboss.byteman.objectweb.asm.Label)#0&quot;, &quot;label := org.jboss.byteman.objectweb.asm.commons.JSRInlinerAdapter#visitJumpInsn(int, org.jboss.byteman.objectweb.asm.Label)#1&quot; }"/>
        </annotation>
    </item>
</root>