<root>
    <item name='com.sun.org.apache.xml.internal.serializer.utils.AttList int getIndex(java.lang.String)'>
        <annotation name='com.intellij.inspections.tainted.annotation.equation.Equations'>
            <val val="{ &quot;qName := org.xml.sax.Attributes#getIndex(java.lang.String)#0 &amp; org.xml.sax.Attributes#getIndex(java.lang.String)#0&quot; }"/>
        </annotation>
    </item>
    <item name='com.sun.org.apache.xml.internal.serializer.utils.AttList int getIndex(java.lang.String, java.lang.String)'>
        <annotation name='com.intellij.inspections.tainted.annotation.equation.Equations'>
            <val val="{ &quot;localPart := org.xml.sax.Attributes#getIndex(java.lang.String, java.lang.String)#1 &amp; org.xml.sax.Attributes#getIndex(java.lang.String, java.lang.String)#1&quot;, &quot;uri := org.xml.sax.Attributes#getIndex(java.lang.String, java.lang.String)#0 &amp; org.xml.sax.Attributes#getIndex(java.lang.String, java.lang.String)#0&quot; }"/>
        </annotation>
    </item>
    <item name='com.sun.org.apache.xml.internal.serializer.utils.AttList java.lang.String getLocalName(int)'>
        <annotation name='com.intellij.inspections.tainted.annotation.equation.Equations'>
            <val val="{ &quot;index := org.xml.sax.Attributes#getLocalName(int)#0 &amp; org.xml.sax.Attributes#getLocalName(int)#0&quot; }"/>
        </annotation>
    </item>
    <item name='com.sun.org.apache.xml.internal.serializer.utils.AttList java.lang.String getQName(int)'>
        <annotation name='com.intellij.inspections.tainted.annotation.equation.Equations'>
            <val val="{ &quot;i := org.xml.sax.Attributes#getQName(int)#0 &amp; org.xml.sax.Attributes#getQName(int)#0&quot; }"/>
        </annotation>
    </item>
    <item name='com.sun.org.apache.xml.internal.serializer.utils.AttList java.lang.String getType(int)'>
        <annotation name='com.intellij.inspections.tainted.annotation.equation.Equations'>
            <val val="{ &quot;i := org.xml.sax.Attributes#getType(int)#0 &amp; org.xml.sax.Attributes#getType(int)#0&quot; }"/>
        </annotation>
    </item>
    <item name='com.sun.org.apache.xml.internal.serializer.utils.AttList java.lang.String getType(java.lang.String)'>
        <annotation name='com.intellij.inspections.tainted.annotation.equation.Equations'>
            <val val="{ &quot;name := org.xml.sax.Attributes#getType(java.lang.String)#0 &amp; org.xml.sax.Attributes#getType(java.lang.String)#0&quot; }"/>
        </annotation>
    </item>
    <item name='com.sun.org.apache.xml.internal.serializer.utils.AttList java.lang.String getType(java.lang.String, java.lang.String)'>
        <annotation name='com.intellij.inspections.tainted.annotation.equation.Equations'>
            <val val="{ &quot;localName := org.xml.sax.Attributes#getType(java.lang.String, java.lang.String)#1 &amp; org.xml.sax.Attributes#getType(java.lang.String, java.lang.String)#1&quot;, &quot;uri := org.xml.sax.Attributes#getType(java.lang.String, java.lang.String)#0 &amp; org.xml.sax.Attributes#getType(java.lang.String, java.lang.String)#0&quot; }"/>
        </annotation>
    </item>
    <item name='com.sun.org.apache.xml.internal.serializer.utils.AttList java.lang.String getURI(int)'>
        <annotation name='com.intellij.inspections.tainted.annotation.equation.Equations'>
            <val val="{ &quot;index := org.xml.sax.Attributes#getURI(int)#0 &amp; org.xml.sax.Attributes#getURI(int)#0&quot; }"/>
        </annotation>
    </item>
    <item name='com.sun.org.apache.xml.internal.serializer.utils.AttList java.lang.String getValue(int)'>
        <annotation name='com.intellij.inspections.tainted.annotation.equation.Equations'>
            <val val="{ &quot;i := org.xml.sax.Attributes#getValue(int)#0 &amp; org.xml.sax.Attributes#getValue(int)#0&quot; }"/>
        </annotation>
    </item>
    <item name='com.sun.org.apache.xml.internal.serializer.utils.AttList java.lang.String getValue(java.lang.String)'>
        <annotation name='com.intellij.inspections.tainted.annotation.equation.Equations'>
            <val val="{ &quot;name := org.xml.sax.Attributes#getValue(java.lang.String)#0 &amp; org.xml.sax.Attributes#getValue(java.lang.String)#0&quot; }"/>
        </annotation>
    </item>
    <item name='com.sun.org.apache.xml.internal.serializer.utils.AttList java.lang.String getValue(java.lang.String, java.lang.String)'>
        <annotation name='com.intellij.inspections.tainted.annotation.equation.Equations'>
            <val val="{ &quot;uri := org.xml.sax.Attributes#getValue(java.lang.String, java.lang.String)#0 &amp; org.xml.sax.Attributes#getValue(java.lang.String, java.lang.String)#0&quot;, &quot;localName := org.xml.sax.Attributes#getValue(java.lang.String, java.lang.String)#1 &amp; org.xml.sax.Attributes#getValue(java.lang.String, java.lang.String)#1&quot; }"/>
        </annotation>
    </item>
    <item name='com.sun.org.apache.xml.internal.serializer.utils.Messages'>
        <annotation name='com.intellij.inspections.tainted.annotation.equation.Equations'>
            <val val="{ &quot;Messages := &quot; }"/>
        </annotation>
    </item>
    <item name='com.sun.org.apache.xml.internal.serializer.utils.Messages Messages(java.lang.String)'>
        <annotation name='com.intellij.inspections.tainted.annotation.equation.Equations'>
            <val val="{ &quot;Messages := Messages&quot; }"/>
        </annotation>
    </item>
    <item name='com.sun.org.apache.xml.internal.serializer.utils.Messages java.lang.String createMessage(java.lang.String, java.lang.Object[])'>
        <annotation name='com.intellij.inspections.tainted.annotation.equation.Equations'>
            <val val="{ &quot;msgKey := MsgKey#ER_ILLEGAL_ATTRIBUTE_POSITION &amp; MsgKey#ER_XML_VERSION_NOT_SUPPORTED &amp; MsgKey#ER_ILLEGAL_CHARACTER &amp; MsgKey#ER_ENCODING_NOT_SUPPORTED &amp; MsgKey#ER_FACTORY_PROPERTY_MISSING&quot;, &quot;createMessage := Messages&quot;, &quot;args := com.sun.org.apache.xml.internal.serializer.ToXMLStream#addAttribute(java.lang.String, java.lang.String, java.lang.String, java.lang.String, java.lang.String, boolean)#1 &amp; com.sun.org.apache.xml.internal.serializer.SerializerConstants#XMLVERSION10 &amp; com.sun.org.apache.xml.internal.serializer.SerializerConstants#XMLVERSION11 &amp; com.sun.org.apache.xml.internal.serializer.ToStream#setEncoding(java.lang.String)#0 &amp; javax.xml.transform.OutputKeys#METHOD &amp; com.sun.org.apache.xml.internal.serializer.OutputPropertiesFactory#S_KEY_CONTENT_HANDLER&quot; }"/>
        </annotation>
    </item>
    <item name='com.sun.org.apache.xml.internal.serializer.utils.Messages java.lang.String createMsg(java.util.ListResourceBundle, java.lang.String, java.lang.Object[])'>
        <annotation name='com.intellij.inspections.tainted.annotation.equation.Equations'>
            <val val="{ &quot;args := #createMessage(java.lang.String, java.lang.Object[])#1&quot;, &quot;fResourceBundle := Messages&quot;, &quot;msgKey := #createMessage(java.lang.String, java.lang.Object[])#0&quot;, &quot;createMsg := msgKey &amp; Messages&quot; }"/>
        </annotation>
    </item>
    <item name='com.sun.org.apache.xml.internal.serializer.utils.Messages java.util.Locale getLocale()'>
        <annotation name='com.intellij.inspections.tainted.annotation.equation.Equations'>
            <val val="{ &quot;getLocale := Messages&quot; }"/>
        </annotation>
    </item>
    <item name='com.sun.org.apache.xml.internal.serializer.utils.SerializerMessages java.lang.Object[][] getContents()'>
        <annotation name='com.intellij.inspections.tainted.annotation.equation.Equations'>
            <val val="{ &quot;getContents := MsgKey#BAD_MSGKEY &amp; MsgKey#BAD_MSGFORMAT &amp; MsgKey#ER_SERIALIZER_NOT_CONTENTHANDLER &amp; MsgKey#ER_RESOURCE_COULD_NOT_FIND &amp; MsgKey#ER_RESOURCE_COULD_NOT_LOAD &amp; MsgKey#ER_BUFFER_SIZE_LESSTHAN_ZERO &amp; MsgKey#ER_INVALID_UTF16_SURROGATE &amp; MsgKey#ER_OIERROR &amp; MsgKey#ER_ILLEGAL_ATTRIBUTE_POSITION &amp; MsgKey#ER_NAMESPACE_PREFIX &amp; MsgKey#ER_STRAY_ATTRIBUTE &amp; MsgKey#ER_STRAY_NAMESPACE &amp; MsgKey#ER_COULD_NOT_LOAD_RESOURCE &amp; MsgKey#ER_ILLEGAL_CHARACTER &amp; MsgKey#ER_COULD_NOT_LOAD_METHOD_PROPERTY &amp; MsgKey#ER_INVALID_PORT &amp; MsgKey#ER_PORT_WHEN_HOST_NULL &amp; MsgKey#ER_HOST_ADDRESS_NOT_WELLFORMED &amp; MsgKey#ER_SCHEME_NOT_CONFORMANT &amp; MsgKey#ER_SCHEME_FROM_NULL_STRING &amp; MsgKey#ER_PATH_CONTAINS_INVALID_ESCAPE_SEQUENCE &amp; MsgKey#ER_PATH_INVALID_CHAR &amp; MsgKey#ER_FRAG_INVALID_CHAR &amp; MsgKey#ER_FRAG_WHEN_PATH_NULL &amp; MsgKey#ER_FRAG_FOR_GENERIC_URI &amp; MsgKey#ER_NO_SCHEME_IN_URI &amp; MsgKey#ER_CANNOT_INIT_URI_EMPTY_PARMS &amp; MsgKey#ER_NO_FRAGMENT_STRING_IN_PATH &amp; MsgKey#ER_NO_QUERY_STRING_IN_PATH &amp; MsgKey#ER_NO_PORT_IF_NO_HOST &amp; MsgKey#ER_NO_USERINFO_IF_NO_HOST &amp; MsgKey#ER_XML_VERSION_NOT_SUPPORTED &amp; MsgKey#ER_SCHEME_REQUIRED &amp; MsgKey#ER_FACTORY_PROPERTY_MISSING &amp; MsgKey#ER_ENCODING_NOT_SUPPORTED&quot; }"/>
        </annotation>
    </item>
    <item name='com.sun.org.apache.xml.internal.serializer.utils.SerializerMessages_ca java.lang.Object[][] getContents()'>
        <annotation name='com.intellij.inspections.tainted.annotation.equation.Equations'>
            <val val="{ &quot;getContents := MsgKey#BAD_MSGKEY &amp; MsgKey#BAD_MSGFORMAT &amp; MsgKey#ER_SERIALIZER_NOT_CONTENTHANDLER &amp; MsgKey#ER_RESOURCE_COULD_NOT_FIND &amp; MsgKey#ER_RESOURCE_COULD_NOT_LOAD &amp; MsgKey#ER_BUFFER_SIZE_LESSTHAN_ZERO &amp; MsgKey#ER_INVALID_UTF16_SURROGATE &amp; MsgKey#ER_OIERROR &amp; MsgKey#ER_ILLEGAL_ATTRIBUTE_POSITION &amp; MsgKey#ER_NAMESPACE_PREFIX &amp; MsgKey#ER_STRAY_ATTRIBUTE &amp; MsgKey#ER_STRAY_NAMESPACE &amp; MsgKey#ER_COULD_NOT_LOAD_RESOURCE &amp; MsgKey#ER_ILLEGAL_CHARACTER &amp; MsgKey#ER_COULD_NOT_LOAD_METHOD_PROPERTY &amp; MsgKey#ER_INVALID_PORT &amp; MsgKey#ER_PORT_WHEN_HOST_NULL &amp; MsgKey#ER_HOST_ADDRESS_NOT_WELLFORMED &amp; MsgKey#ER_SCHEME_NOT_CONFORMANT &amp; MsgKey#ER_SCHEME_FROM_NULL_STRING &amp; MsgKey#ER_PATH_CONTAINS_INVALID_ESCAPE_SEQUENCE &amp; MsgKey#ER_PATH_INVALID_CHAR &amp; MsgKey#ER_FRAG_INVALID_CHAR &amp; MsgKey#ER_FRAG_WHEN_PATH_NULL &amp; MsgKey#ER_FRAG_FOR_GENERIC_URI &amp; MsgKey#ER_NO_SCHEME_IN_URI &amp; MsgKey#ER_CANNOT_INIT_URI_EMPTY_PARMS &amp; MsgKey#ER_NO_FRAGMENT_STRING_IN_PATH &amp; MsgKey#ER_NO_QUERY_STRING_IN_PATH &amp; MsgKey#ER_NO_PORT_IF_NO_HOST &amp; MsgKey#ER_NO_USERINFO_IF_NO_HOST &amp; MsgKey#ER_SCHEME_REQUIRED&quot; }"/>
        </annotation>
    </item>
    <item name='com.sun.org.apache.xml.internal.serializer.utils.SerializerMessages_cs java.lang.Object[][] getContents()'>
        <annotation name='com.intellij.inspections.tainted.annotation.equation.Equations'>
            <val val="{ &quot;getContents := MsgKey#ER_SERIALIZER_NOT_CONTENTHANDLER &amp; MsgKey#ER_RESOURCE_COULD_NOT_FIND &amp; MsgKey#ER_RESOURCE_COULD_NOT_LOAD &amp; MsgKey#ER_BUFFER_SIZE_LESSTHAN_ZERO &amp; MsgKey#ER_INVALID_UTF16_SURROGATE &amp; MsgKey#ER_OIERROR &amp; MsgKey#ER_ILLEGAL_ATTRIBUTE_POSITION &amp; MsgKey#ER_NAMESPACE_PREFIX &amp; MsgKey#ER_STRAY_NAMESPACE &amp; MsgKey#ER_COULD_NOT_LOAD_RESOURCE &amp; MsgKey#ER_COULD_NOT_LOAD_METHOD_PROPERTY &amp; MsgKey#ER_INVALID_PORT &amp; MsgKey#ER_PORT_WHEN_HOST_NULL &amp; MsgKey#ER_HOST_ADDRESS_NOT_WELLFORMED &amp; MsgKey#ER_SCHEME_NOT_CONFORMANT &amp; MsgKey#ER_SCHEME_FROM_NULL_STRING &amp; MsgKey#ER_PATH_CONTAINS_INVALID_ESCAPE_SEQUENCE &amp; MsgKey#ER_PATH_INVALID_CHAR &amp; MsgKey#ER_FRAG_INVALID_CHAR &amp; MsgKey#ER_FRAG_WHEN_PATH_NULL &amp; MsgKey#ER_FRAG_FOR_GENERIC_URI &amp; MsgKey#ER_NO_SCHEME_IN_URI &amp; MsgKey#ER_CANNOT_INIT_URI_EMPTY_PARMS &amp; MsgKey#ER_NO_FRAGMENT_STRING_IN_PATH &amp; MsgKey#ER_NO_QUERY_STRING_IN_PATH &amp; MsgKey#ER_NO_PORT_IF_NO_HOST &amp; MsgKey#ER_NO_USERINFO_IF_NO_HOST &amp; MsgKey#ER_SCHEME_REQUIRED&quot; }"/>
        </annotation>
    </item>
    <item name='com.sun.org.apache.xml.internal.serializer.utils.SerializerMessages_de java.lang.Object[][] getContents()'>
        <annotation name='com.intellij.inspections.tainted.annotation.equation.Equations'>
            <val val="{ &quot;getContents := MsgKey#BAD_MSGKEY &amp; MsgKey#BAD_MSGFORMAT &amp; MsgKey#ER_SERIALIZER_NOT_CONTENTHANDLER &amp; MsgKey#ER_RESOURCE_COULD_NOT_FIND &amp; MsgKey#ER_RESOURCE_COULD_NOT_LOAD &amp; MsgKey#ER_BUFFER_SIZE_LESSTHAN_ZERO &amp; MsgKey#ER_INVALID_UTF16_SURROGATE &amp; MsgKey#ER_OIERROR &amp; MsgKey#ER_ILLEGAL_ATTRIBUTE_POSITION &amp; MsgKey#ER_NAMESPACE_PREFIX &amp; MsgKey#ER_STRAY_ATTRIBUTE &amp; MsgKey#ER_STRAY_NAMESPACE &amp; MsgKey#ER_COULD_NOT_LOAD_RESOURCE &amp; MsgKey#ER_ILLEGAL_CHARACTER &amp; MsgKey#ER_COULD_NOT_LOAD_METHOD_PROPERTY &amp; MsgKey#ER_INVALID_PORT &amp; MsgKey#ER_PORT_WHEN_HOST_NULL &amp; MsgKey#ER_HOST_ADDRESS_NOT_WELLFORMED &amp; MsgKey#ER_SCHEME_NOT_CONFORMANT &amp; MsgKey#ER_SCHEME_FROM_NULL_STRING &amp; MsgKey#ER_PATH_CONTAINS_INVALID_ESCAPE_SEQUENCE &amp; MsgKey#ER_PATH_INVALID_CHAR &amp; MsgKey#ER_FRAG_INVALID_CHAR &amp; MsgKey#ER_FRAG_WHEN_PATH_NULL &amp; MsgKey#ER_FRAG_FOR_GENERIC_URI &amp; MsgKey#ER_NO_SCHEME_IN_URI &amp; MsgKey#ER_CANNOT_INIT_URI_EMPTY_PARMS &amp; MsgKey#ER_NO_FRAGMENT_STRING_IN_PATH &amp; MsgKey#ER_NO_QUERY_STRING_IN_PATH &amp; MsgKey#ER_NO_PORT_IF_NO_HOST &amp; MsgKey#ER_NO_USERINFO_IF_NO_HOST &amp; MsgKey#ER_XML_VERSION_NOT_SUPPORTED &amp; MsgKey#ER_SCHEME_REQUIRED &amp; MsgKey#ER_FACTORY_PROPERTY_MISSING &amp; MsgKey#ER_ENCODING_NOT_SUPPORTED&quot; }"/>
        </annotation>
    </item>
    <item name='com.sun.org.apache.xml.internal.serializer.utils.SerializerMessages_es java.lang.Object[][] getContents()'>
        <annotation name='com.intellij.inspections.tainted.annotation.equation.Equations'>
            <val val="{ &quot;getContents := MsgKey#BAD_MSGKEY &amp; MsgKey#BAD_MSGFORMAT &amp; MsgKey#ER_SERIALIZER_NOT_CONTENTHANDLER &amp; MsgKey#ER_RESOURCE_COULD_NOT_FIND &amp; MsgKey#ER_RESOURCE_COULD_NOT_LOAD &amp; MsgKey#ER_BUFFER_SIZE_LESSTHAN_ZERO &amp; MsgKey#ER_INVALID_UTF16_SURROGATE &amp; MsgKey#ER_OIERROR &amp; MsgKey#ER_ILLEGAL_ATTRIBUTE_POSITION &amp; MsgKey#ER_NAMESPACE_PREFIX &amp; MsgKey#ER_STRAY_ATTRIBUTE &amp; MsgKey#ER_STRAY_NAMESPACE &amp; MsgKey#ER_COULD_NOT_LOAD_RESOURCE &amp; MsgKey#ER_ILLEGAL_CHARACTER &amp; MsgKey#ER_COULD_NOT_LOAD_METHOD_PROPERTY &amp; MsgKey#ER_INVALID_PORT &amp; MsgKey#ER_PORT_WHEN_HOST_NULL &amp; MsgKey#ER_HOST_ADDRESS_NOT_WELLFORMED &amp; MsgKey#ER_SCHEME_NOT_CONFORMANT &amp; MsgKey#ER_SCHEME_FROM_NULL_STRING &amp; MsgKey#ER_PATH_CONTAINS_INVALID_ESCAPE_SEQUENCE &amp; MsgKey#ER_PATH_INVALID_CHAR &amp; MsgKey#ER_FRAG_INVALID_CHAR &amp; MsgKey#ER_FRAG_WHEN_PATH_NULL &amp; MsgKey#ER_FRAG_FOR_GENERIC_URI &amp; MsgKey#ER_NO_SCHEME_IN_URI &amp; MsgKey#ER_CANNOT_INIT_URI_EMPTY_PARMS &amp; MsgKey#ER_NO_FRAGMENT_STRING_IN_PATH &amp; MsgKey#ER_NO_QUERY_STRING_IN_PATH &amp; MsgKey#ER_NO_PORT_IF_NO_HOST &amp; MsgKey#ER_NO_USERINFO_IF_NO_HOST &amp; MsgKey#ER_XML_VERSION_NOT_SUPPORTED &amp; MsgKey#ER_SCHEME_REQUIRED &amp; MsgKey#ER_FACTORY_PROPERTY_MISSING &amp; MsgKey#ER_ENCODING_NOT_SUPPORTED&quot; }"/>
        </annotation>
    </item>
    <item name='com.sun.org.apache.xml.internal.serializer.utils.SerializerMessages_fr java.lang.Object[][] getContents()'>
        <annotation name='com.intellij.inspections.tainted.annotation.equation.Equations'>
            <val val="{ &quot;getContents := MsgKey#BAD_MSGKEY &amp; MsgKey#BAD_MSGFORMAT &amp; MsgKey#ER_SERIALIZER_NOT_CONTENTHANDLER &amp; MsgKey#ER_RESOURCE_COULD_NOT_FIND &amp; MsgKey#ER_RESOURCE_COULD_NOT_LOAD &amp; MsgKey#ER_BUFFER_SIZE_LESSTHAN_ZERO &amp; MsgKey#ER_INVALID_UTF16_SURROGATE &amp; MsgKey#ER_OIERROR &amp; MsgKey#ER_ILLEGAL_ATTRIBUTE_POSITION &amp; MsgKey#ER_NAMESPACE_PREFIX &amp; MsgKey#ER_STRAY_ATTRIBUTE &amp; MsgKey#ER_STRAY_NAMESPACE &amp; MsgKey#ER_COULD_NOT_LOAD_RESOURCE &amp; MsgKey#ER_ILLEGAL_CHARACTER &amp; MsgKey#ER_COULD_NOT_LOAD_METHOD_PROPERTY &amp; MsgKey#ER_INVALID_PORT &amp; MsgKey#ER_PORT_WHEN_HOST_NULL &amp; MsgKey#ER_HOST_ADDRESS_NOT_WELLFORMED &amp; MsgKey#ER_SCHEME_NOT_CONFORMANT &amp; MsgKey#ER_SCHEME_FROM_NULL_STRING &amp; MsgKey#ER_PATH_CONTAINS_INVALID_ESCAPE_SEQUENCE &amp; MsgKey#ER_PATH_INVALID_CHAR &amp; MsgKey#ER_FRAG_INVALID_CHAR &amp; MsgKey#ER_FRAG_WHEN_PATH_NULL &amp; MsgKey#ER_FRAG_FOR_GENERIC_URI &amp; MsgKey#ER_NO_SCHEME_IN_URI &amp; MsgKey#ER_CANNOT_INIT_URI_EMPTY_PARMS &amp; MsgKey#ER_NO_FRAGMENT_STRING_IN_PATH &amp; MsgKey#ER_NO_QUERY_STRING_IN_PATH &amp; MsgKey#ER_NO_PORT_IF_NO_HOST &amp; MsgKey#ER_NO_USERINFO_IF_NO_HOST &amp; MsgKey#ER_XML_VERSION_NOT_SUPPORTED &amp; MsgKey#ER_SCHEME_REQUIRED &amp; MsgKey#ER_FACTORY_PROPERTY_MISSING &amp; MsgKey#ER_ENCODING_NOT_SUPPORTED&quot; }"/>
        </annotation>
    </item>
    <item name='com.sun.org.apache.xml.internal.serializer.utils.SerializerMessages_it java.lang.Object[][] getContents()'>
        <annotation name='com.intellij.inspections.tainted.annotation.equation.Equations'>
            <val val="{ &quot;getContents := MsgKey#BAD_MSGKEY &amp; MsgKey#BAD_MSGFORMAT &amp; MsgKey#ER_SERIALIZER_NOT_CONTENTHANDLER &amp; MsgKey#ER_RESOURCE_COULD_NOT_FIND &amp; MsgKey#ER_RESOURCE_COULD_NOT_LOAD &amp; MsgKey#ER_BUFFER_SIZE_LESSTHAN_ZERO &amp; MsgKey#ER_INVALID_UTF16_SURROGATE &amp; MsgKey#ER_OIERROR &amp; MsgKey#ER_ILLEGAL_ATTRIBUTE_POSITION &amp; MsgKey#ER_NAMESPACE_PREFIX &amp; MsgKey#ER_STRAY_ATTRIBUTE &amp; MsgKey#ER_STRAY_NAMESPACE &amp; MsgKey#ER_COULD_NOT_LOAD_RESOURCE &amp; MsgKey#ER_ILLEGAL_CHARACTER &amp; MsgKey#ER_COULD_NOT_LOAD_METHOD_PROPERTY &amp; MsgKey#ER_INVALID_PORT &amp; MsgKey#ER_PORT_WHEN_HOST_NULL &amp; MsgKey#ER_HOST_ADDRESS_NOT_WELLFORMED &amp; MsgKey#ER_SCHEME_NOT_CONFORMANT &amp; MsgKey#ER_SCHEME_FROM_NULL_STRING &amp; MsgKey#ER_PATH_CONTAINS_INVALID_ESCAPE_SEQUENCE &amp; MsgKey#ER_PATH_INVALID_CHAR &amp; MsgKey#ER_FRAG_INVALID_CHAR &amp; MsgKey#ER_FRAG_WHEN_PATH_NULL &amp; MsgKey#ER_FRAG_FOR_GENERIC_URI &amp; MsgKey#ER_NO_SCHEME_IN_URI &amp; MsgKey#ER_CANNOT_INIT_URI_EMPTY_PARMS &amp; MsgKey#ER_NO_FRAGMENT_STRING_IN_PATH &amp; MsgKey#ER_NO_QUERY_STRING_IN_PATH &amp; MsgKey#ER_NO_PORT_IF_NO_HOST &amp; MsgKey#ER_NO_USERINFO_IF_NO_HOST &amp; MsgKey#ER_XML_VERSION_NOT_SUPPORTED &amp; MsgKey#ER_SCHEME_REQUIRED &amp; MsgKey#ER_FACTORY_PROPERTY_MISSING &amp; MsgKey#ER_ENCODING_NOT_SUPPORTED&quot; }"/>
        </annotation>
    </item>
    <item name='com.sun.org.apache.xml.internal.serializer.utils.SerializerMessages_ja java.lang.Object[][] getContents()'>
        <annotation name='com.intellij.inspections.tainted.annotation.equation.Equations'>
            <val val="{ &quot;getContents := MsgKey#BAD_MSGKEY &amp; MsgKey#BAD_MSGFORMAT &amp; MsgKey#ER_SERIALIZER_NOT_CONTENTHANDLER &amp; MsgKey#ER_RESOURCE_COULD_NOT_FIND &amp; MsgKey#ER_RESOURCE_COULD_NOT_LOAD &amp; MsgKey#ER_BUFFER_SIZE_LESSTHAN_ZERO &amp; MsgKey#ER_INVALID_UTF16_SURROGATE &amp; MsgKey#ER_OIERROR &amp; MsgKey#ER_ILLEGAL_ATTRIBUTE_POSITION &amp; MsgKey#ER_NAMESPACE_PREFIX &amp; MsgKey#ER_STRAY_ATTRIBUTE &amp; MsgKey#ER_STRAY_NAMESPACE &amp; MsgKey#ER_COULD_NOT_LOAD_RESOURCE &amp; MsgKey#ER_ILLEGAL_CHARACTER &amp; MsgKey#ER_COULD_NOT_LOAD_METHOD_PROPERTY &amp; MsgKey#ER_INVALID_PORT &amp; MsgKey#ER_PORT_WHEN_HOST_NULL &amp; MsgKey#ER_HOST_ADDRESS_NOT_WELLFORMED &amp; MsgKey#ER_SCHEME_NOT_CONFORMANT &amp; MsgKey#ER_SCHEME_FROM_NULL_STRING &amp; MsgKey#ER_PATH_CONTAINS_INVALID_ESCAPE_SEQUENCE &amp; MsgKey#ER_PATH_INVALID_CHAR &amp; MsgKey#ER_FRAG_INVALID_CHAR &amp; MsgKey#ER_FRAG_WHEN_PATH_NULL &amp; MsgKey#ER_FRAG_FOR_GENERIC_URI &amp; MsgKey#ER_NO_SCHEME_IN_URI &amp; MsgKey#ER_CANNOT_INIT_URI_EMPTY_PARMS &amp; MsgKey#ER_NO_FRAGMENT_STRING_IN_PATH &amp; MsgKey#ER_NO_QUERY_STRING_IN_PATH &amp; MsgKey#ER_NO_PORT_IF_NO_HOST &amp; MsgKey#ER_NO_USERINFO_IF_NO_HOST &amp; MsgKey#ER_XML_VERSION_NOT_SUPPORTED &amp; MsgKey#ER_SCHEME_REQUIRED &amp; MsgKey#ER_FACTORY_PROPERTY_MISSING &amp; MsgKey#ER_ENCODING_NOT_SUPPORTED&quot; }"/>
        </annotation>
    </item>
    <item name='com.sun.org.apache.xml.internal.serializer.utils.SerializerMessages_ko java.lang.Object[][] getContents()'>
        <annotation name='com.intellij.inspections.tainted.annotation.equation.Equations'>
            <val val="{ &quot;getContents := MsgKey#BAD_MSGKEY &amp; MsgKey#BAD_MSGFORMAT &amp; MsgKey#ER_SERIALIZER_NOT_CONTENTHANDLER &amp; MsgKey#ER_RESOURCE_COULD_NOT_FIND &amp; MsgKey#ER_RESOURCE_COULD_NOT_LOAD &amp; MsgKey#ER_BUFFER_SIZE_LESSTHAN_ZERO &amp; MsgKey#ER_INVALID_UTF16_SURROGATE &amp; MsgKey#ER_OIERROR &amp; MsgKey#ER_ILLEGAL_ATTRIBUTE_POSITION &amp; MsgKey#ER_NAMESPACE_PREFIX &amp; MsgKey#ER_STRAY_ATTRIBUTE &amp; MsgKey#ER_STRAY_NAMESPACE &amp; MsgKey#ER_COULD_NOT_LOAD_RESOURCE &amp; MsgKey#ER_ILLEGAL_CHARACTER &amp; MsgKey#ER_COULD_NOT_LOAD_METHOD_PROPERTY &amp; MsgKey#ER_INVALID_PORT &amp; MsgKey#ER_PORT_WHEN_HOST_NULL &amp; MsgKey#ER_HOST_ADDRESS_NOT_WELLFORMED &amp; MsgKey#ER_SCHEME_NOT_CONFORMANT &amp; MsgKey#ER_SCHEME_FROM_NULL_STRING &amp; MsgKey#ER_PATH_CONTAINS_INVALID_ESCAPE_SEQUENCE &amp; MsgKey#ER_PATH_INVALID_CHAR &amp; MsgKey#ER_FRAG_INVALID_CHAR &amp; MsgKey#ER_FRAG_WHEN_PATH_NULL &amp; MsgKey#ER_FRAG_FOR_GENERIC_URI &amp; MsgKey#ER_NO_SCHEME_IN_URI &amp; MsgKey#ER_CANNOT_INIT_URI_EMPTY_PARMS &amp; MsgKey#ER_NO_FRAGMENT_STRING_IN_PATH &amp; MsgKey#ER_NO_QUERY_STRING_IN_PATH &amp; MsgKey#ER_NO_PORT_IF_NO_HOST &amp; MsgKey#ER_NO_USERINFO_IF_NO_HOST &amp; MsgKey#ER_XML_VERSION_NOT_SUPPORTED &amp; MsgKey#ER_SCHEME_REQUIRED &amp; MsgKey#ER_FACTORY_PROPERTY_MISSING &amp; MsgKey#ER_ENCODING_NOT_SUPPORTED&quot; }"/>
        </annotation>
    </item>
    <item name='com.sun.org.apache.xml.internal.serializer.utils.SerializerMessages_pt_BR java.lang.Object[][] getContents()'>
        <annotation name='com.intellij.inspections.tainted.annotation.equation.Equations'>
            <val val="{ &quot;getContents := MsgKey#BAD_MSGKEY &amp; MsgKey#BAD_MSGFORMAT &amp; MsgKey#ER_SERIALIZER_NOT_CONTENTHANDLER &amp; MsgKey#ER_RESOURCE_COULD_NOT_FIND &amp; MsgKey#ER_RESOURCE_COULD_NOT_LOAD &amp; MsgKey#ER_BUFFER_SIZE_LESSTHAN_ZERO &amp; MsgKey#ER_INVALID_UTF16_SURROGATE &amp; MsgKey#ER_OIERROR &amp; MsgKey#ER_ILLEGAL_ATTRIBUTE_POSITION &amp; MsgKey#ER_NAMESPACE_PREFIX &amp; MsgKey#ER_STRAY_ATTRIBUTE &amp; MsgKey#ER_STRAY_NAMESPACE &amp; MsgKey#ER_COULD_NOT_LOAD_RESOURCE &amp; MsgKey#ER_ILLEGAL_CHARACTER &amp; MsgKey#ER_COULD_NOT_LOAD_METHOD_PROPERTY &amp; MsgKey#ER_INVALID_PORT &amp; MsgKey#ER_PORT_WHEN_HOST_NULL &amp; MsgKey#ER_HOST_ADDRESS_NOT_WELLFORMED &amp; MsgKey#ER_SCHEME_NOT_CONFORMANT &amp; MsgKey#ER_SCHEME_FROM_NULL_STRING &amp; MsgKey#ER_PATH_CONTAINS_INVALID_ESCAPE_SEQUENCE &amp; MsgKey#ER_PATH_INVALID_CHAR &amp; MsgKey#ER_FRAG_INVALID_CHAR &amp; MsgKey#ER_FRAG_WHEN_PATH_NULL &amp; MsgKey#ER_FRAG_FOR_GENERIC_URI &amp; MsgKey#ER_NO_SCHEME_IN_URI &amp; MsgKey#ER_CANNOT_INIT_URI_EMPTY_PARMS &amp; MsgKey#ER_NO_FRAGMENT_STRING_IN_PATH &amp; MsgKey#ER_NO_QUERY_STRING_IN_PATH &amp; MsgKey#ER_NO_PORT_IF_NO_HOST &amp; MsgKey#ER_NO_USERINFO_IF_NO_HOST &amp; MsgKey#ER_XML_VERSION_NOT_SUPPORTED &amp; MsgKey#ER_SCHEME_REQUIRED &amp; MsgKey#ER_FACTORY_PROPERTY_MISSING &amp; MsgKey#ER_ENCODING_NOT_SUPPORTED&quot; }"/>
        </annotation>
    </item>
    <item name='com.sun.org.apache.xml.internal.serializer.utils.SerializerMessages_sv java.lang.Object[][] getContents()'>
        <annotation name='com.intellij.inspections.tainted.annotation.equation.Equations'>
            <val val="{ &quot;getContents := MsgKey#BAD_MSGKEY &amp; MsgKey#BAD_MSGFORMAT &amp; MsgKey#ER_SERIALIZER_NOT_CONTENTHANDLER &amp; MsgKey#ER_RESOURCE_COULD_NOT_FIND &amp; MsgKey#ER_RESOURCE_COULD_NOT_LOAD &amp; MsgKey#ER_BUFFER_SIZE_LESSTHAN_ZERO &amp; MsgKey#ER_INVALID_UTF16_SURROGATE &amp; MsgKey#ER_OIERROR &amp; MsgKey#ER_ILLEGAL_ATTRIBUTE_POSITION &amp; MsgKey#ER_NAMESPACE_PREFIX &amp; MsgKey#ER_STRAY_ATTRIBUTE &amp; MsgKey#ER_STRAY_NAMESPACE &amp; MsgKey#ER_COULD_NOT_LOAD_RESOURCE &amp; MsgKey#ER_ILLEGAL_CHARACTER &amp; MsgKey#ER_COULD_NOT_LOAD_METHOD_PROPERTY &amp; MsgKey#ER_INVALID_PORT &amp; MsgKey#ER_PORT_WHEN_HOST_NULL &amp; MsgKey#ER_HOST_ADDRESS_NOT_WELLFORMED &amp; MsgKey#ER_SCHEME_NOT_CONFORMANT &amp; MsgKey#ER_SCHEME_FROM_NULL_STRING &amp; MsgKey#ER_PATH_CONTAINS_INVALID_ESCAPE_SEQUENCE &amp; MsgKey#ER_PATH_INVALID_CHAR &amp; MsgKey#ER_FRAG_INVALID_CHAR &amp; MsgKey#ER_FRAG_WHEN_PATH_NULL &amp; MsgKey#ER_FRAG_FOR_GENERIC_URI &amp; MsgKey#ER_NO_SCHEME_IN_URI &amp; MsgKey#ER_CANNOT_INIT_URI_EMPTY_PARMS &amp; MsgKey#ER_NO_FRAGMENT_STRING_IN_PATH &amp; MsgKey#ER_NO_QUERY_STRING_IN_PATH &amp; MsgKey#ER_NO_PORT_IF_NO_HOST &amp; MsgKey#ER_NO_USERINFO_IF_NO_HOST &amp; MsgKey#ER_XML_VERSION_NOT_SUPPORTED &amp; MsgKey#ER_SCHEME_REQUIRED &amp; MsgKey#ER_FACTORY_PROPERTY_MISSING &amp; MsgKey#ER_ENCODING_NOT_SUPPORTED&quot; }"/>
        </annotation>
    </item>
    <item name='com.sun.org.apache.xml.internal.serializer.utils.SerializerMessages_zh_CN java.lang.Object[][] getContents()'>
        <annotation name='com.intellij.inspections.tainted.annotation.equation.Equations'>
            <val val="{ &quot;getContents := MsgKey#BAD_MSGKEY &amp; MsgKey#BAD_MSGFORMAT &amp; MsgKey#ER_SERIALIZER_NOT_CONTENTHANDLER &amp; MsgKey#ER_RESOURCE_COULD_NOT_FIND &amp; MsgKey#ER_RESOURCE_COULD_NOT_LOAD &amp; MsgKey#ER_BUFFER_SIZE_LESSTHAN_ZERO &amp; MsgKey#ER_INVALID_UTF16_SURROGATE &amp; MsgKey#ER_OIERROR &amp; MsgKey#ER_ILLEGAL_ATTRIBUTE_POSITION &amp; MsgKey#ER_NAMESPACE_PREFIX &amp; MsgKey#ER_STRAY_ATTRIBUTE &amp; MsgKey#ER_STRAY_NAMESPACE &amp; MsgKey#ER_COULD_NOT_LOAD_RESOURCE &amp; MsgKey#ER_ILLEGAL_CHARACTER &amp; MsgKey#ER_COULD_NOT_LOAD_METHOD_PROPERTY &amp; MsgKey#ER_INVALID_PORT &amp; MsgKey#ER_PORT_WHEN_HOST_NULL &amp; MsgKey#ER_HOST_ADDRESS_NOT_WELLFORMED &amp; MsgKey#ER_SCHEME_NOT_CONFORMANT &amp; MsgKey#ER_SCHEME_FROM_NULL_STRING &amp; MsgKey#ER_PATH_CONTAINS_INVALID_ESCAPE_SEQUENCE &amp; MsgKey#ER_PATH_INVALID_CHAR &amp; MsgKey#ER_FRAG_INVALID_CHAR &amp; MsgKey#ER_FRAG_WHEN_PATH_NULL &amp; MsgKey#ER_FRAG_FOR_GENERIC_URI &amp; MsgKey#ER_NO_SCHEME_IN_URI &amp; MsgKey#ER_CANNOT_INIT_URI_EMPTY_PARMS &amp; MsgKey#ER_NO_FRAGMENT_STRING_IN_PATH &amp; MsgKey#ER_NO_QUERY_STRING_IN_PATH &amp; MsgKey#ER_NO_PORT_IF_NO_HOST &amp; MsgKey#ER_NO_USERINFO_IF_NO_HOST &amp; MsgKey#ER_XML_VERSION_NOT_SUPPORTED &amp; MsgKey#ER_SCHEME_REQUIRED &amp; MsgKey#ER_FACTORY_PROPERTY_MISSING &amp; MsgKey#ER_ENCODING_NOT_SUPPORTED&quot; }"/>
        </annotation>
    </item>
    <item name='com.sun.org.apache.xml.internal.serializer.utils.SerializerMessages_zh_TW java.lang.Object[][] getContents()'>
        <annotation name='com.intellij.inspections.tainted.annotation.equation.Equations'>
            <val val="{ &quot;getContents := MsgKey#BAD_MSGKEY &amp; MsgKey#BAD_MSGFORMAT &amp; MsgKey#ER_SERIALIZER_NOT_CONTENTHANDLER &amp; MsgKey#ER_RESOURCE_COULD_NOT_FIND &amp; MsgKey#ER_RESOURCE_COULD_NOT_LOAD &amp; MsgKey#ER_BUFFER_SIZE_LESSTHAN_ZERO &amp; MsgKey#ER_INVALID_UTF16_SURROGATE &amp; MsgKey#ER_OIERROR &amp; MsgKey#ER_ILLEGAL_ATTRIBUTE_POSITION &amp; MsgKey#ER_NAMESPACE_PREFIX &amp; MsgKey#ER_STRAY_ATTRIBUTE &amp; MsgKey#ER_STRAY_NAMESPACE &amp; MsgKey#ER_COULD_NOT_LOAD_RESOURCE &amp; MsgKey#ER_ILLEGAL_CHARACTER &amp; MsgKey#ER_COULD_NOT_LOAD_METHOD_PROPERTY &amp; MsgKey#ER_INVALID_PORT &amp; MsgKey#ER_PORT_WHEN_HOST_NULL &amp; MsgKey#ER_HOST_ADDRESS_NOT_WELLFORMED &amp; MsgKey#ER_SCHEME_NOT_CONFORMANT &amp; MsgKey#ER_SCHEME_FROM_NULL_STRING &amp; MsgKey#ER_PATH_CONTAINS_INVALID_ESCAPE_SEQUENCE &amp; MsgKey#ER_PATH_INVALID_CHAR &amp; MsgKey#ER_FRAG_INVALID_CHAR &amp; MsgKey#ER_FRAG_WHEN_PATH_NULL &amp; MsgKey#ER_FRAG_FOR_GENERIC_URI &amp; MsgKey#ER_NO_SCHEME_IN_URI &amp; MsgKey#ER_CANNOT_INIT_URI_EMPTY_PARMS &amp; MsgKey#ER_NO_FRAGMENT_STRING_IN_PATH &amp; MsgKey#ER_NO_QUERY_STRING_IN_PATH &amp; MsgKey#ER_NO_PORT_IF_NO_HOST &amp; MsgKey#ER_NO_USERINFO_IF_NO_HOST &amp; MsgKey#ER_XML_VERSION_NOT_SUPPORTED &amp; MsgKey#ER_SCHEME_REQUIRED &amp; MsgKey#ER_FACTORY_PROPERTY_MISSING &amp; MsgKey#ER_ENCODING_NOT_SUPPORTED&quot; }"/>
        </annotation>
    </item>
    <item name='com.sun.org.apache.xml.internal.serializer.utils.StringToIntTable StringToIntTable()'>
        <annotation name='com.intellij.inspections.tainted.annotation.equation.Equations'>
            <val val="{ &quot;StringToIntTable := StringToIntTable&quot; }"/>
        </annotation>
    </item>
    <item name='com.sun.org.apache.xml.internal.serializer.utils.StringToIntTable StringToIntTable(int)'>
        <annotation name='com.intellij.inspections.tainted.annotation.equation.Equations'>
            <val val="{ &quot;StringToIntTable := StringToIntTable&quot; }"/>
        </annotation>
    </item>
    <item name='com.sun.org.apache.xml.internal.serializer.utils.StringToIntTable int get(java.lang.String)'>
        <annotation name='com.intellij.inspections.tainted.annotation.equation.Equations'>
            <val val="{ &quot;get := StringToIntTable &amp; #INVALID_KEY&quot; }"/>
        </annotation>
    </item>
    <item name='com.sun.org.apache.xml.internal.serializer.utils.StringToIntTable int getIgnoreCase(java.lang.String)'>
        <annotation name='com.intellij.inspections.tainted.annotation.equation.Equations'>
            <val val="{ &quot;getIgnoreCase := #INVALID_KEY &amp; StringToIntTable&quot;, &quot;key := com.sun.org.apache.xml.internal.serializer.ElemDesc#isAttrFlagSet(java.lang.String, int)#0&quot; }"/>
        </annotation>
    </item>
    <item name='com.sun.org.apache.xml.internal.serializer.utils.StringToIntTable int getLength()'>
        <annotation name='com.intellij.inspections.tainted.annotation.equation.Equations'>
            <val val="{ &quot;getLength := StringToIntTable&quot; }"/>
        </annotation>
    </item>
    <item name='com.sun.org.apache.xml.internal.serializer.utils.StringToIntTable java.lang.String[] keys()'>
        <annotation name='com.intellij.inspections.tainted.annotation.equation.Equations'>
            <val val="{ &quot;keys := StringToIntTable&quot; }"/>
        </annotation>
    </item>
    <item name='com.sun.org.apache.xml.internal.serializer.utils.StringToIntTable void put(java.lang.String, int)'>
        <annotation name='com.intellij.inspections.tainted.annotation.equation.Equations'>
            <val val="{ &quot;value := com.sun.org.apache.xml.internal.serializer.ElemDesc#setAttr(java.lang.String, int)#1&quot;, &quot;key := com.sun.org.apache.xml.internal.serializer.ElemDesc#setAttr(java.lang.String, int)#0&quot; }"/>
        </annotation>
    </item>
    <item name='com.sun.org.apache.xml.internal.serializer.utils.SystemIDResolver java.lang.String getAbsoluteURI(java.lang.String)'>
        <annotation name='com.intellij.inspections.tainted.annotation.equation.Equations'>
            <val val="{ &quot;systemId := #getAbsoluteURI(java.lang.String, java.lang.String)#0 &amp; #getAbsoluteURI(java.lang.String, java.lang.String)#1 &amp; com.sun.org.apache.xalan.internal.xsltc.compiler.Parser&quot;, &quot;getAbsoluteURI := systemId&quot; }"/>
        </annotation>
    </item>
    <item name='com.sun.org.apache.xml.internal.serializer.utils.SystemIDResolver java.lang.String getAbsoluteURI(java.lang.String, java.lang.String)'>
        <annotation name='com.intellij.inspections.tainted.annotation.equation.Equations'>
            <val val="{ &quot;urlString := com.sun.org.apache.xml.internal.serializer.CharInfo#getCharInfo(java.lang.String, java.lang.String)#0&quot; }"/>
        </annotation>
    </item>
    <item name='com.sun.org.apache.xml.internal.serializer.utils.SystemIDResolver java.lang.String getAbsoluteURIFromRelative(java.lang.String)'>
        <annotation name='com.intellij.inspections.tainted.annotation.equation.Equations'>
            <val val="{ &quot;localPath := #getAbsoluteURI(java.lang.String)#0 &amp; com.sun.org.apache.xml.internal.serializer.CharInfo#getCharInfo(java.lang.String, java.lang.String)#0&quot;, &quot;getAbsoluteURIFromRelative := localPath&quot; }"/>
        </annotation>
    </item>
    <item name='com.sun.org.apache.xml.internal.serializer.utils.SystemIDResolver java.lang.String replaceChars(java.lang.String)'>
        <annotation name='com.intellij.inspections.tainted.annotation.equation.Equations'>
            <val val="{ &quot;str := #getAbsoluteURIFromRelative(java.lang.String)#0 &amp; #getAbsoluteURI(java.lang.String)#0&quot; }"/>
        </annotation>
    </item>
    <item name='com.sun.org.apache.xml.internal.serializer.utils.URI'>
        <annotation name='com.intellij.inspections.tainted.annotation.equation.Equations'>
            <val val="{ &quot;URI := #appendPath(java.lang.String)#0&quot; }"/>
        </annotation>
    </item>
    <item name='com.sun.org.apache.xml.internal.serializer.utils.URI URI()'>
        <annotation name='com.intellij.inspections.tainted.annotation.equation.Equations'>
            <val val="{ &quot;URI := URI&quot; }"/>
        </annotation>
    </item>
    <item name='com.sun.org.apache.xml.internal.serializer.utils.URI URI(com.sun.org.apache.xml.internal.serializer.utils.URI)'>
        <annotation name='com.intellij.inspections.tainted.annotation.equation.Equations'>
            <val val="{ &quot;URI := URI&quot; }"/>
        </annotation>
    </item>
    <item name='com.sun.org.apache.xml.internal.serializer.utils.URI URI(com.sun.org.apache.xml.internal.serializer.utils.URI, java.lang.String)'>
        <annotation name='com.intellij.inspections.tainted.annotation.equation.Equations'>
            <val val="{ &quot;p_uriSpec := #URI(java.lang.String)#0 &amp; SystemIDResolver#getAbsoluteURI(java.lang.String, java.lang.String)#0&quot;, &quot;URI := URI&quot; }"/>
        </annotation>
    </item>
    <item name='com.sun.org.apache.xml.internal.serializer.utils.URI URI(java.lang.String)'>
        <annotation name='com.intellij.inspections.tainted.annotation.equation.Equations'>
            <val val="{ &quot;URI := URI&quot; }"/>
        </annotation>
    </item>
    <item name='com.sun.org.apache.xml.internal.serializer.utils.URI URI(java.lang.String, java.lang.String)'>
        <annotation name='com.intellij.inspections.tainted.annotation.equation.Equations'>
            <val val="{ &quot;URI := URI&quot; }"/>
        </annotation>
    </item>
    <item name='com.sun.org.apache.xml.internal.serializer.utils.URI URI(java.lang.String, java.lang.String, java.lang.String, int, java.lang.String, java.lang.String, java.lang.String)'>
        <annotation name='com.intellij.inspections.tainted.annotation.equation.Equations'>
            <val val="{ &quot;p_path := #URI(java.lang.String, java.lang.String, java.lang.String, java.lang.String, java.lang.String)#2&quot;, &quot;p_host := #URI(java.lang.String, java.lang.String, java.lang.String, java.lang.String, java.lang.String)#1&quot;, &quot;URI := URI&quot;, &quot;p_fragment := #URI(java.lang.String, java.lang.String, java.lang.String, java.lang.String, java.lang.String)#4&quot;, &quot;p_queryString := #URI(java.lang.String, java.lang.String, java.lang.String, java.lang.String, java.lang.String)#3&quot;, &quot;p_scheme := #URI(java.lang.String, java.lang.String, java.lang.String, java.lang.String, java.lang.String)#0&quot; }"/>
        </annotation>
    </item>
    <item name='com.sun.org.apache.xml.internal.serializer.utils.URI URI(java.lang.String, java.lang.String, java.lang.String, java.lang.String, java.lang.String)'>
        <annotation name='com.intellij.inspections.tainted.annotation.equation.Equations'>
            <val val="{ &quot;URI := URI&quot; }"/>
        </annotation>
    </item>
    <item name='com.sun.org.apache.xml.internal.serializer.utils.URI boolean equals(java.lang.Object)'>
        <annotation name='com.intellij.inspections.tainted.annotation.equation.Equations'>
            <val val="{ &quot;p_test := java.lang.Object#equals(java.lang.Object)#0 &amp; java.lang.Object#equals(java.lang.Object)#0&quot; }"/>
        </annotation>
    </item>
    <item name='com.sun.org.apache.xml.internal.serializer.utils.URI boolean isAlpha(char)'>
        <annotation name='com.intellij.inspections.tainted.annotation.equation.Equations'>
            <val val="{ &quot;p_char := #isAlphanum(char)#0&quot;, &quot;isAlpha := p_char&quot; }"/>
        </annotation>
    </item>
    <item name='com.sun.org.apache.xml.internal.serializer.utils.URI boolean isAlphanum(char)'>
        <annotation name='com.intellij.inspections.tainted.annotation.equation.Equations'>
            <val val="{ &quot;p_char := #isUnreservedCharacter(char)#0&quot; }"/>
        </annotation>
    </item>
    <item name='com.sun.org.apache.xml.internal.serializer.utils.URI boolean isDigit(char)'>
        <annotation name='com.intellij.inspections.tainted.annotation.equation.Equations'>
            <val val="{ &quot;p_char := #isHex(char)#0 &amp; #isAlphanum(char)#0&quot;, &quot;isDigit := p_char&quot; }"/>
        </annotation>
    </item>
    <item name='com.sun.org.apache.xml.internal.serializer.utils.URI boolean isGenericURI()'>
        <annotation name='com.intellij.inspections.tainted.annotation.equation.Equations'>
            <val val="{ &quot;isGenericURI := URI&quot; }"/>
        </annotation>
    </item>
    <item name='com.sun.org.apache.xml.internal.serializer.utils.URI boolean isHex(char)'>
        <annotation name='com.intellij.inspections.tainted.annotation.equation.Equations'>
            <val val="{ &quot;isHex := p_char&quot; }"/>
        </annotation>
    </item>
    <item name='com.sun.org.apache.xml.internal.serializer.utils.URI boolean isReservedCharacter(char)'>
        <annotation name='com.intellij.inspections.tainted.annotation.equation.Equations'>
            <val val="{ &quot;p_char := &quot; }"/>
        </annotation>
    </item>
    <item name='com.sun.org.apache.xml.internal.serializer.utils.URI boolean isUnreservedCharacter(char)'>
        <annotation name='com.intellij.inspections.tainted.annotation.equation.Equations'>
            <val val="{ &quot;p_char := &quot; }"/>
        </annotation>
    </item>
    <item name='com.sun.org.apache.xml.internal.serializer.utils.URI int getPort()'>
        <annotation name='com.intellij.inspections.tainted.annotation.equation.Equations'>
            <val val="{ &quot;getPort := URI&quot; }"/>
        </annotation>
    </item>
    <item name='com.sun.org.apache.xml.internal.serializer.utils.URI int hashCode()'>
        <annotation name='com.intellij.inspections.tainted.annotation.equation.Equations'>
            <val val="{ &quot;hashCode := URI&quot; }"/>
        </annotation>
    </item>
    <item name='com.sun.org.apache.xml.internal.serializer.utils.URI java.lang.String getFragment()'>
        <annotation name='com.intellij.inspections.tainted.annotation.equation.Equations'>
            <val val="{ &quot;getFragment := URI&quot; }"/>
        </annotation>
    </item>
    <item name='com.sun.org.apache.xml.internal.serializer.utils.URI java.lang.String getHost()'>
        <annotation name='com.intellij.inspections.tainted.annotation.equation.Equations'>
            <val val="{ &quot;getHost := URI&quot; }"/>
        </annotation>
    </item>
    <item name='com.sun.org.apache.xml.internal.serializer.utils.URI java.lang.String getPath()'>
        <annotation name='com.intellij.inspections.tainted.annotation.equation.Equations'>
            <val val="{ &quot;getPath := URI&quot; }"/>
        </annotation>
    </item>
    <item name='com.sun.org.apache.xml.internal.serializer.utils.URI java.lang.String getQueryString()'>
        <annotation name='com.intellij.inspections.tainted.annotation.equation.Equations'>
            <val val="{ &quot;getQueryString := URI&quot; }"/>
        </annotation>
    </item>
    <item name='com.sun.org.apache.xml.internal.serializer.utils.URI java.lang.String getScheme()'>
        <annotation name='com.intellij.inspections.tainted.annotation.equation.Equations'>
            <val val="{ &quot;getScheme := URI&quot; }"/>
        </annotation>
    </item>
    <item name='com.sun.org.apache.xml.internal.serializer.utils.URI java.lang.String getUserinfo()'>
        <annotation name='com.intellij.inspections.tainted.annotation.equation.Equations'>
            <val val="{ &quot;getUserinfo := URI&quot; }"/>
        </annotation>
    </item>
    <item name='com.sun.org.apache.xml.internal.serializer.utils.URI void initialize(com.sun.org.apache.xml.internal.serializer.utils.URI)'>
        <annotation name='com.intellij.inspections.tainted.annotation.equation.Equations'>
            <val val="{ &quot;p_other := #URI(com.sun.org.apache.xml.internal.serializer.utils.URI)#0 &amp; #initialize(com.sun.org.apache.xml.internal.serializer.utils.URI, java.lang.String)#0&quot; }"/>
        </annotation>
    </item>
    <item name='com.sun.org.apache.xml.internal.serializer.utils.URI void initialize(com.sun.org.apache.xml.internal.serializer.utils.URI, java.lang.String)'>
        <annotation name='com.intellij.inspections.tainted.annotation.equation.Equations'>
            <val val="{ &quot;p_uriSpec := #URI(com.sun.org.apache.xml.internal.serializer.utils.URI, java.lang.String)#1&quot;, &quot;p_base := #URI(com.sun.org.apache.xml.internal.serializer.utils.URI, java.lang.String)#0&quot; }"/>
        </annotation>
    </item>
    <item name='com.sun.org.apache.xml.internal.serializer.utils.URI void initializePath(java.lang.String)'>
        <annotation name='com.intellij.inspections.tainted.annotation.equation.Equations'>
            <val val="{ &quot;p_uriSpec := #setPath(java.lang.String)#0&quot; }"/>
        </annotation>
    </item>
    <item name='com.sun.org.apache.xml.internal.serializer.utils.URI void setFragment(java.lang.String)'>
        <annotation name='com.intellij.inspections.tainted.annotation.equation.Equations'>
            <val val="{ &quot;p_fragment := #URI(java.lang.String, java.lang.String, java.lang.String, int, java.lang.String, java.lang.String, java.lang.String)#6&quot; }"/>
        </annotation>
    </item>
    <item name='com.sun.org.apache.xml.internal.serializer.utils.URI void setHost(java.lang.String)'>
        <annotation name='com.intellij.inspections.tainted.annotation.equation.Equations'>
            <val val="{ &quot;p_host := #URI(java.lang.String, java.lang.String, java.lang.String, int, java.lang.String, java.lang.String, java.lang.String)#2&quot; }"/>
        </annotation>
    </item>
    <item name='com.sun.org.apache.xml.internal.serializer.utils.URI void setPath(java.lang.String)'>
        <annotation name='com.intellij.inspections.tainted.annotation.equation.Equations'>
            <val val="{ &quot;p_path := #URI(java.lang.String, java.lang.String)#1 &amp; #URI(java.lang.String, java.lang.String, java.lang.String, int, java.lang.String, java.lang.String, java.lang.String)#4&quot; }"/>
        </annotation>
    </item>
    <item name='com.sun.org.apache.xml.internal.serializer.utils.URI void setPort(int)'>
        <annotation name='com.intellij.inspections.tainted.annotation.equation.Equations'>
            <val val="{ &quot;p_port := #URI(java.lang.String, java.lang.String, java.lang.String, int, java.lang.String, java.lang.String, java.lang.String)#3&quot; }"/>
        </annotation>
    </item>
    <item name='com.sun.org.apache.xml.internal.serializer.utils.URI void setQueryString(java.lang.String)'>
        <annotation name='com.intellij.inspections.tainted.annotation.equation.Equations'>
            <val val="{ &quot;p_queryString := #URI(java.lang.String, java.lang.String, java.lang.String, int, java.lang.String, java.lang.String, java.lang.String)#5&quot; }"/>
        </annotation>
    </item>
    <item name='com.sun.org.apache.xml.internal.serializer.utils.URI void setScheme(java.lang.String)'>
        <annotation name='com.intellij.inspections.tainted.annotation.equation.Equations'>
            <val val="{ &quot;p_scheme := #URI(java.lang.String, java.lang.String)#0 &amp; #URI(java.lang.String, java.lang.String, java.lang.String, int, java.lang.String, java.lang.String, java.lang.String)#0&quot; }"/>
        </annotation>
    </item>
    <item name='com.sun.org.apache.xml.internal.serializer.utils.URI void setUserinfo(java.lang.String)'>
        <annotation name='com.intellij.inspections.tainted.annotation.equation.Equations'>
            <val val="{ &quot;p_userinfo := #URI(java.lang.String, java.lang.String, java.lang.String, int, java.lang.String, java.lang.String, java.lang.String)#1&quot; }"/>
        </annotation>
    </item>
    <item name='com.sun.org.apache.xml.internal.serializer.utils.URI.MalformedURIException MalformedURIException()'>
        <annotation name='com.intellij.inspections.tainted.annotation.equation.Equations'>
            <val val="{ &quot;MalformedURIException := URI.MalformedURIException&quot; }"/>
        </annotation>
    </item>
    <item name='com.sun.org.apache.xml.internal.serializer.utils.URI.MalformedURIException MalformedURIException(java.lang.String)'>
        <annotation name='com.intellij.inspections.tainted.annotation.equation.Equations'>
            <val val="{ &quot;MalformedURIException := URI.MalformedURIException&quot; }"/>
        </annotation>
    </item>
    <item name='com.sun.org.apache.xml.internal.serializer.utils.WrappedRuntimeException WrappedRuntimeException(java.lang.String, java.lang.Exception)'>
        <annotation name='com.intellij.inspections.tainted.annotation.equation.Equations'>
            <val val="{ &quot;WrappedRuntimeException := WrappedRuntimeException&quot; }"/>
        </annotation>
    </item>
</root>