<root>
    <item name='javax.websocket.server.DefaultServerEndpointConfig'>
        <annotation name='com.intellij.inspections.tainted.annotation.equation.Equations'>
            <val val="{ &quot;DefaultServerEndpointConfig := #DefaultServerEndpointConfig(java.lang.Class, java.lang.String, java.util.List, java.util.List, java.util.List, java.util.List, javax.websocket.server.ServerEndpointConfig.Configurator)#1 &amp; #DefaultServerEndpointConfig(java.lang.Class, java.lang.String, java.util.List, java.util.List, java.util.List, java.util.List, javax.websocket.server.ServerEndpointConfig.Configurator)#0 &amp; #DefaultServerEndpointConfig(java.lang.Class, java.lang.String, java.util.List, java.util.List, java.util.List, java.util.List, javax.websocket.server.ServerEndpointConfig.Configurator)#6 &amp; #DefaultServerEndpointConfig(java.lang.Class, java.lang.String)#1 &amp; #DefaultServerEndpointConfig(java.lang.Class, java.lang.String)#0&quot; }"/>
        </annotation>
    </item>
    <item name='javax.websocket.server.DefaultServerEndpointConfig DefaultServerEndpointConfig(java.lang.Class&lt;? extends javax.websocket.Endpoint&gt;, java.lang.String)'>
        <annotation name='com.intellij.inspections.tainted.annotation.equation.Equations'>
            <val val="{ &quot;DefaultServerEndpointConfig := DefaultServerEndpointConfig&quot; }"/>
        </annotation>
    </item>
    <item name='javax.websocket.server.DefaultServerEndpointConfig DefaultServerEndpointConfig(java.lang.Class&lt;?&gt;, java.lang.String, java.util.List&lt;java.lang.String&gt;, java.util.List&lt;javax.websocket.Extension&gt;, java.util.List&lt;java.lang.Class&lt;? extends javax.websocket.Encoder&gt;&gt;, java.util.List&lt;java.lang.Class&lt;? extends javax.websocket.Decoder&gt;&gt;, javax.websocket.server.ServerEndpointConfig.Configurator)'>
        <annotation name='com.intellij.inspections.tainted.annotation.equation.Equations'>
            <val val="{ &quot;path := ServerEndpointConfig.Builder&quot;, &quot;DefaultServerEndpointConfig := DefaultServerEndpointConfig&quot;, &quot;decoders := &quot;, &quot;endpointClass := ServerEndpointConfig.Builder&quot;, &quot;extensions := &quot;, &quot;encoders := &quot;, &quot;subprotocols := &quot;, &quot;serverEndpointConfigurator := ServerEndpointConfig.Builder&quot; }"/>
        </annotation>
    </item>
    <item name='javax.websocket.server.DefaultServerEndpointConfig java.lang.Class&lt;?&gt; getEndpointClass()'>
        <annotation name='com.intellij.inspections.tainted.annotation.equation.Equations'>
            <val val="{ &quot;getEndpointClass := DefaultServerEndpointConfig&quot; }"/>
        </annotation>
    </item>
    <item name='javax.websocket.server.DefaultServerEndpointConfig java.lang.String getPath()'>
        <annotation name='com.intellij.inspections.tainted.annotation.equation.Equations'>
            <val val="{ &quot;getPath := DefaultServerEndpointConfig&quot; }"/>
        </annotation>
    </item>
    <item name='javax.websocket.server.DefaultServerEndpointConfig java.util.List&lt;java.lang.Class&lt;? extends javax.websocket.Decoder&gt;&gt; getDecoders()'>
        <annotation name='com.intellij.inspections.tainted.annotation.equation.Equations'>
            <val val="{ &quot;getDecoders := DefaultServerEndpointConfig&quot; }"/>
        </annotation>
    </item>
    <item name='javax.websocket.server.DefaultServerEndpointConfig java.util.List&lt;java.lang.Class&lt;? extends javax.websocket.Encoder&gt;&gt; getEncoders()'>
        <annotation name='com.intellij.inspections.tainted.annotation.equation.Equations'>
            <val val="{ &quot;getEncoders := DefaultServerEndpointConfig&quot; }"/>
        </annotation>
    </item>
    <item name='javax.websocket.server.DefaultServerEndpointConfig java.util.List&lt;java.lang.String&gt; getSubprotocols()'>
        <annotation name='com.intellij.inspections.tainted.annotation.equation.Equations'>
            <val val="{ &quot;getSubprotocols := DefaultServerEndpointConfig&quot; }"/>
        </annotation>
    </item>
    <item name='javax.websocket.server.DefaultServerEndpointConfig java.util.List&lt;javax.websocket.Extension&gt; getExtensions()'>
        <annotation name='com.intellij.inspections.tainted.annotation.equation.Equations'>
            <val val="{ &quot;getExtensions := DefaultServerEndpointConfig&quot; }"/>
        </annotation>
    </item>
    <item name='javax.websocket.server.DefaultServerEndpointConfig java.util.Map&lt;java.lang.String,java.lang.Object&gt; getUserProperties()'>
        <annotation name='com.intellij.inspections.tainted.annotation.equation.Equations'>
            <val val="{ &quot;getUserProperties := DefaultServerEndpointConfig&quot; }"/>
        </annotation>
    </item>
    <item name='javax.websocket.server.DefaultServerEndpointConfig javax.websocket.server.ServerEndpointConfig.Configurator getConfigurator()'>
        <annotation name='com.intellij.inspections.tainted.annotation.equation.Equations'>
            <val val="{ &quot;getConfigurator := DefaultServerEndpointConfig&quot; }"/>
        </annotation>
    </item>
    <item name='javax.websocket.server.ServerEndpointConfig java.lang.Class&lt;?&gt; getEndpointClass()'>
        <annotation name='com.intellij.inspections.tainted.annotation.equation.Equations'>
            <val val="{ &quot;getEndpointClass := DefaultServerEndpointConfig#getEndpointClass()&quot; }"/>
        </annotation>
    </item>
    <item name='javax.websocket.server.ServerEndpointConfig java.lang.String getPath()'>
        <annotation name='com.intellij.inspections.tainted.annotation.equation.Equations'>
            <val val="{ &quot;getPath := DefaultServerEndpointConfig#getPath()&quot; }"/>
        </annotation>
    </item>
    <item name='javax.websocket.server.ServerEndpointConfig java.util.List&lt;java.lang.String&gt; getSubprotocols()'>
        <annotation name='com.intellij.inspections.tainted.annotation.equation.Equations'>
            <val val="{ &quot;getSubprotocols := DefaultServerEndpointConfig#getSubprotocols()&quot; }"/>
        </annotation>
    </item>
    <item name='javax.websocket.server.ServerEndpointConfig java.util.List&lt;javax.websocket.Extension&gt; getExtensions()'>
        <annotation name='com.intellij.inspections.tainted.annotation.equation.Equations'>
            <val val="{ &quot;getExtensions := DefaultServerEndpointConfig#getExtensions()&quot; }"/>
        </annotation>
    </item>
    <item name='javax.websocket.server.ServerEndpointConfig javax.websocket.server.ServerEndpointConfig.Configurator getConfigurator()'>
        <annotation name='com.intellij.inspections.tainted.annotation.equation.Equations'>
            <val val="{ &quot;getConfigurator := DefaultServerEndpointConfig#getConfigurator()&quot; }"/>
        </annotation>
    </item>
    <item name='javax.websocket.server.ServerEndpointConfig.Builder'>
        <annotation name='com.intellij.inspections.tainted.annotation.equation.Equations'>
            <val val="{ &quot;Builder := #Builder(java.lang.Class, java.lang.String)#0 &amp; #Builder(java.lang.Class, java.lang.String)#1 &amp; #encoders(java.util.List)#0 &amp; #decoders(java.util.List)#0 &amp; #subprotocols(java.util.List)#0 &amp; #extensions(java.util.List)#0 &amp; #configurator(javax.websocket.server.ServerEndpointConfig.Configurator)#0&quot; }"/>
        </annotation>
    </item>
    <item name='javax.websocket.server.ServerEndpointConfig.Builder Builder()'>
        <annotation name='com.intellij.inspections.tainted.annotation.equation.Equations'>
            <val val="{ &quot;Builder := ServerEndpointConfig.Builder&quot; }"/>
        </annotation>
    </item>
    <item name='javax.websocket.server.ServerEndpointConfig.Builder Builder(java.lang.Class, java.lang.String)'>
        <annotation name='com.intellij.inspections.tainted.annotation.equation.Equations'>
            <val val="{ &quot;endpointClass := #create(java.lang.Class, java.lang.String)#0&quot;, &quot;path := #create(java.lang.Class, java.lang.String)#1&quot;, &quot;Builder := ServerEndpointConfig.Builder&quot; }"/>
        </annotation>
    </item>
    <item name='javax.websocket.server.ServerEndpointConfig.Builder javax.websocket.server.ServerEndpointConfig build()'>
        <annotation name='com.intellij.inspections.tainted.annotation.equation.Equations'>
            <val val="{ &quot;build := &quot; }"/>
        </annotation>
    </item>
    <item name='javax.websocket.server.ServerEndpointConfig.Builder javax.websocket.server.ServerEndpointConfig.Builder configurator(javax.websocket.server.ServerEndpointConfig.Configurator)'>
        <annotation name='com.intellij.inspections.tainted.annotation.equation.Equations'>
            <val val="{ &quot;configurator := ServerEndpointConfig.Builder&quot; }"/>
        </annotation>
    </item>
    <item name='javax.websocket.server.ServerEndpointConfig.Builder javax.websocket.server.ServerEndpointConfig.Builder create(java.lang.Class&lt;?&gt;, java.lang.String)'>
        <annotation name='com.intellij.inspections.tainted.annotation.equation.Equations'>
            <val val="{ &quot;create := &quot; }"/>
        </annotation>
    </item>
    <item name='javax.websocket.server.ServerEndpointConfig.Builder javax.websocket.server.ServerEndpointConfig.Builder decoders(java.util.List&lt;java.lang.Class&lt;? extends javax.websocket.Decoder&gt;&gt;)'>
        <annotation name='com.intellij.inspections.tainted.annotation.equation.Equations'>
            <val val="{ &quot;decoders := ServerEndpointConfig.Builder&quot; }"/>
        </annotation>
    </item>
    <item name='javax.websocket.server.ServerEndpointConfig.Builder javax.websocket.server.ServerEndpointConfig.Builder encoders(java.util.List&lt;java.lang.Class&lt;? extends javax.websocket.Encoder&gt;&gt;)'>
        <annotation name='com.intellij.inspections.tainted.annotation.equation.Equations'>
            <val val="{ &quot;encoders := ServerEndpointConfig.Builder&quot; }"/>
        </annotation>
    </item>
    <item name='javax.websocket.server.ServerEndpointConfig.Builder javax.websocket.server.ServerEndpointConfig.Builder extensions(java.util.List&lt;javax.websocket.Extension&gt;)'>
        <annotation name='com.intellij.inspections.tainted.annotation.equation.Equations'>
            <val val="{ &quot;extensions := ServerEndpointConfig.Builder&quot; }"/>
        </annotation>
    </item>
    <item name='javax.websocket.server.ServerEndpointConfig.Builder javax.websocket.server.ServerEndpointConfig.Builder subprotocols(java.util.List&lt;java.lang.String&gt;)'>
        <annotation name='com.intellij.inspections.tainted.annotation.equation.Equations'>
            <val val="{ &quot;subprotocols := ServerEndpointConfig.Builder&quot; }"/>
        </annotation>
    </item>
    <item name='javax.websocket.server.ServerEndpointConfig.Configurator'>
        <annotation name='com.intellij.inspections.tainted.annotation.equation.Equations'>
            <val val="{ &quot;Configurator := &quot; }"/>
        </annotation>
    </item>
    <item name='javax.websocket.server.ServerEndpointConfig.Configurator T getEndpointInstance(java.lang.Class&lt;T&gt;)'>
        <annotation name='com.intellij.inspections.tainted.annotation.equation.Equations'>
            <val val="{ &quot;getEndpointInstance := &quot; }"/>
        </annotation>
    </item>
    <item name='javax.websocket.server.ServerEndpointConfig.Configurator java.lang.String getNegotiatedSubprotocol(java.util.List&lt;java.lang.String&gt;, java.util.List&lt;java.lang.String&gt;)'>
        <annotation name='com.intellij.inspections.tainted.annotation.equation.Equations'>
            <val val="{ &quot;getNegotiatedSubprotocol := &quot; }"/>
        </annotation>
    </item>
    <item name='javax.websocket.server.ServerEndpointConfig.Configurator java.util.List&lt;javax.websocket.Extension&gt; getNegotiatedExtensions(java.util.List&lt;javax.websocket.Extension&gt;, java.util.List&lt;javax.websocket.Extension&gt;)'>
        <annotation name='com.intellij.inspections.tainted.annotation.equation.Equations'>
            <val val="{ &quot;getNegotiatedExtensions := &quot; }"/>
        </annotation>
    </item>
    <item name='javax.websocket.server.ServerEndpointConfig.Configurator javax.websocket.server.ServerEndpointConfig.Configurator fetchContainerDefaultConfigurator()'>
        <annotation name='com.intellij.inspections.tainted.annotation.equation.Equations'>
            <val val="{ &quot;fetchContainerDefaultConfigurator := &quot; }"/>
        </annotation>
    </item>
    <item name='javax.websocket.server.ServerEndpointConfig.Configurator javax.websocket.server.ServerEndpointConfig.Configurator getContainerDefaultConfigurator()'>
        <annotation name='com.intellij.inspections.tainted.annotation.equation.Equations'>
            <val val="{ &quot;getContainerDefaultConfigurator := ServerEndpointConfig.Configurator&quot; }"/>
        </annotation>
    </item>
</root>