<root>
    <item name='java.time.zone.Ser'>
        <annotation name='com.intellij.inspections.tainted.annotation.equation.Equations'>
            <val val="{ &quot;Ser := &quot; }"/>
        </annotation>
    </item>
    <item name='java.time.zone.Ser Ser()'>
        <annotation name='com.intellij.inspections.tainted.annotation.equation.Equations'>
            <val val="{ &quot;Ser := Ser&quot; }"/>
        </annotation>
    </item>
    <item name='java.time.zone.Ser Ser(byte, java.lang.Object)'>
        <annotation name='com.intellij.inspections.tainted.annotation.equation.Equations'>
            <val val="{ &quot;object := ZoneOffsetTransition &amp; ZoneRules &amp; ZoneOffsetTransitionRule&quot;, &quot;Ser := Ser&quot;, &quot;type := #ZOT &amp; #ZRULES &amp; #ZOTRULE&quot; }"/>
        </annotation>
    </item>
    <item name='java.time.zone.Ser java.lang.Object readInternal(byte, java.io.DataInput)'>
        <annotation name='com.intellij.inspections.tainted.annotation.equation.Equations'>
            <val val="{ &quot;in := #readExternal(java.io.ObjectInput)#0 &amp; #read(java.io.DataInput)#0&quot;, &quot;type := Ser&quot; }"/>
        </annotation>
    </item>
    <item name='java.time.zone.Ser java.lang.Object readResolve()'>
        <annotation name='com.intellij.inspections.tainted.annotation.equation.Equations'>
            <val val="{ &quot;readResolve := Ser&quot; }"/>
        </annotation>
    </item>
    <item name='java.time.zone.Ser java.time.ZoneOffset readOffset(java.io.DataInput)'>
        <annotation name='com.intellij.inspections.tainted.annotation.equation.Equations'>
            <val val="{ &quot;in := ZoneOffsetTransition#readExternal(java.io.DataInput)#0 &amp; ZoneRules#readExternal(java.io.DataInput)#0&quot; }"/>
        </annotation>
    </item>
    <item name='java.time.zone.Ser long readEpochSec(java.io.DataInput)'>
        <annotation name='com.intellij.inspections.tainted.annotation.equation.Equations'>
            <val val="{ &quot;in := ZoneOffsetTransition#readExternal(java.io.DataInput)#0 &amp; ZoneRules#readExternal(java.io.DataInput)#0&quot; }"/>
        </annotation>
    </item>
    <item name='java.time.zone.Ser void writeEpochSec(long, java.io.DataOutput)'>
        <annotation name='com.intellij.inspections.tainted.annotation.equation.Equations'>
            <val val="{ &quot;out := ZoneOffsetTransition#writeExternal(java.io.DataOutput)#0 &amp; ZoneRules#writeExternal(java.io.DataOutput)#0&quot;, &quot;epochSec := ZoneRules&quot; }"/>
        </annotation>
    </item>
    <item name='java.time.zone.Ser void writeInternal(byte, java.lang.Object, java.io.DataOutput)'>
        <annotation name='com.intellij.inspections.tainted.annotation.equation.Equations'>
            <val val="{ &quot;type := Ser &amp; #ZRULES&quot;, &quot;object := Ser &amp; #write(java.lang.Object, java.io.DataOutput)#0&quot;, &quot;out := #writeExternal(java.io.ObjectOutput)#0 &amp; #write(java.lang.Object, java.io.DataOutput)#1&quot; }"/>
        </annotation>
    </item>
    <item name='java.time.zone.Ser void writeOffset(java.time.ZoneOffset, java.io.DataOutput)'>
        <annotation name='com.intellij.inspections.tainted.annotation.equation.Equations'>
            <val val="{ &quot;out := ZoneOffsetTransition#writeExternal(java.io.DataOutput)#0 &amp; ZoneRules#writeExternal(java.io.DataOutput)#0&quot;, &quot;offset := ZoneOffsetTransition &amp; ZoneRules&quot; }"/>
        </annotation>
    </item>
    <item name='java.time.zone.TzdbZoneRulesProvider'>
        <annotation name='com.intellij.inspections.tainted.annotation.equation.Equations'>
            <val val="{ &quot;TzdbZoneRulesProvider := &quot; }"/>
        </annotation>
    </item>
    <item name='java.time.zone.TzdbZoneRulesProvider TzdbZoneRulesProvider()'>
        <annotation name='com.intellij.inspections.tainted.annotation.equation.Equations'>
            <val val="{ &quot;TzdbZoneRulesProvider := TzdbZoneRulesProvider&quot; }"/>
        </annotation>
    </item>
    <item name='java.time.zone.TzdbZoneRulesProvider java.lang.String toString()'>
        <annotation name='com.intellij.inspections.tainted.annotation.equation.Equations'>
            <val val="{ &quot;toString := TzdbZoneRulesProvider&quot; }"/>
        </annotation>
    </item>
    <item name='java.time.zone.ZoneOffsetTransition ZoneOffsetTransition(java.time.LocalDateTime, java.time.ZoneOffset, java.time.ZoneOffset)'>
        <annotation name='com.intellij.inspections.tainted.annotation.equation.Equations'>
            <val val="{ &quot;offsetAfter := #of(java.time.LocalDateTime, java.time.ZoneOffset, java.time.ZoneOffset)#2 &amp; ZoneRules &amp; ZoneOffsetTransitionRule&quot;, &quot;ZoneOffsetTransition := ZoneOffsetTransition&quot;, &quot;offsetBefore := #of(java.time.LocalDateTime, java.time.ZoneOffset, java.time.ZoneOffset)#1 &amp; ZoneRules &amp; ZoneOffsetTransitionRule&quot;, &quot;transition := #of(java.time.LocalDateTime, java.time.ZoneOffset, java.time.ZoneOffset)#0 &amp; ZoneRules&quot; }"/>
        </annotation>
    </item>
    <item name='java.time.zone.ZoneOffsetTransition ZoneOffsetTransition(long, java.time.ZoneOffset, java.time.ZoneOffset)'>
        <annotation name='com.intellij.inspections.tainted.annotation.equation.Equations'>
            <val val="{ &quot;offsetAfter := ZoneRules#ZoneRules(long[], java.time.ZoneOffset[], long[], java.time.ZoneOffset[], java.time.zone.ZoneOffsetTransitionRule[])#3 &amp; ZoneRules&quot;, &quot;epochSecond := ZoneRules#ZoneRules(long[], java.time.ZoneOffset[], long[], java.time.ZoneOffset[], java.time.zone.ZoneOffsetTransitionRule[])#2 &amp; ZoneRules&quot;, &quot;offsetBefore := ZoneRules#ZoneRules(long[], java.time.ZoneOffset[], long[], java.time.ZoneOffset[], java.time.zone.ZoneOffsetTransitionRule[])#3 &amp; ZoneRules&quot;, &quot;ZoneOffsetTransition := ZoneOffsetTransition&quot; }"/>
        </annotation>
    </item>
    <item name='java.time.zone.ZoneOffsetTransition java.time.LocalDateTime getDateTimeBefore()'>
        <annotation name='com.intellij.inspections.tainted.annotation.equation.Equations'>
            <val val="{ &quot;getDateTimeBefore := ZoneOffsetTransition&quot; }"/>
        </annotation>
    </item>
    <item name='java.time.zone.ZoneOffsetTransition java.time.ZoneOffset getOffsetAfter()'>
        <annotation name='com.intellij.inspections.tainted.annotation.equation.Equations'>
            <val val="{ &quot;getOffsetAfter := ZoneOffsetTransition&quot; }"/>
        </annotation>
    </item>
    <item name='java.time.zone.ZoneOffsetTransition java.time.ZoneOffset getOffsetBefore()'>
        <annotation name='com.intellij.inspections.tainted.annotation.equation.Equations'>
            <val val="{ &quot;getOffsetBefore := ZoneOffsetTransition&quot; }"/>
        </annotation>
    </item>
    <item name='java.time.zone.ZoneOffsetTransition java.time.zone.ZoneOffsetTransition readExternal(java.io.DataInput)'>
        <annotation name='com.intellij.inspections.tainted.annotation.equation.Equations'>
            <val val="{ &quot;in := Ser#readInternal(byte, java.io.DataInput)#1&quot; }"/>
        </annotation>
    </item>
    <item name='java.time.zone.ZoneOffsetTransition void writeExternal(java.io.DataOutput)'>
        <annotation name='com.intellij.inspections.tainted.annotation.equation.Equations'>
            <val val="{ &quot;out := Ser#writeInternal(byte, java.lang.Object, java.io.DataOutput)#2&quot; }"/>
        </annotation>
    </item>
    <item name='java.time.zone.ZoneOffsetTransitionRule ZoneOffsetTransitionRule(java.time.Month, int, java.time.DayOfWeek, java.time.LocalTime, boolean, java.time.zone.ZoneOffsetTransitionRule.TimeDefinition, java.time.ZoneOffset, java.time.ZoneOffset, java.time.ZoneOffset)'>
        <annotation name='com.intellij.inspections.tainted.annotation.equation.Equations'>
            <val val="{ &quot;offsetAfter := #of(java.time.Month, int, java.time.DayOfWeek, java.time.LocalTime, boolean, java.time.zone.ZoneOffsetTransitionRule.TimeDefinition, java.time.ZoneOffset, java.time.ZoneOffset, java.time.ZoneOffset)#8&quot;, &quot;dayOfMonthIndicator := #of(java.time.Month, int, java.time.DayOfWeek, java.time.LocalTime, boolean, java.time.zone.ZoneOffsetTransitionRule.TimeDefinition, java.time.ZoneOffset, java.time.ZoneOffset, java.time.ZoneOffset)#1&quot;, &quot;dayOfWeek := #of(java.time.Month, int, java.time.DayOfWeek, java.time.LocalTime, boolean, java.time.zone.ZoneOffsetTransitionRule.TimeDefinition, java.time.ZoneOffset, java.time.ZoneOffset, java.time.ZoneOffset)#2&quot;, &quot;offsetBefore := #of(java.time.Month, int, java.time.DayOfWeek, java.time.LocalTime, boolean, java.time.zone.ZoneOffsetTransitionRule.TimeDefinition, java.time.ZoneOffset, java.time.ZoneOffset, java.time.ZoneOffset)#7&quot;, &quot;ZoneOffsetTransitionRule := ZoneOffsetTransitionRule&quot;, &quot;month := #of(java.time.Month, int, java.time.DayOfWeek, java.time.LocalTime, boolean, java.time.zone.ZoneOffsetTransitionRule.TimeDefinition, java.time.ZoneOffset, java.time.ZoneOffset, java.time.ZoneOffset)#0&quot;, &quot;timeDefnition := #of(java.time.Month, int, java.time.DayOfWeek, java.time.LocalTime, boolean, java.time.zone.ZoneOffsetTransitionRule.TimeDefinition, java.time.ZoneOffset, java.time.ZoneOffset, java.time.ZoneOffset)#5&quot;, &quot;time := #of(java.time.Month, int, java.time.DayOfWeek, java.time.LocalTime, boolean, java.time.zone.ZoneOffsetTransitionRule.TimeDefinition, java.time.ZoneOffset, java.time.ZoneOffset, java.time.ZoneOffset)#3&quot;, &quot;standardOffset := #of(java.time.Month, int, java.time.DayOfWeek, java.time.LocalTime, boolean, java.time.zone.ZoneOffsetTransitionRule.TimeDefinition, java.time.ZoneOffset, java.time.ZoneOffset, java.time.ZoneOffset)#6&quot; }"/>
        </annotation>
    </item>
    <item name='java.time.zone.ZoneOffsetTransitionRule int getDayOfMonthIndicator()'>
        <annotation name='com.intellij.inspections.tainted.annotation.equation.Equations'>
            <val val="{ &quot;getDayOfMonthIndicator := ZoneOffsetTransitionRule&quot; }"/>
        </annotation>
    </item>
    <item name='java.time.zone.ZoneOffsetTransitionRule int hashCode()'>
        <annotation name='com.intellij.inspections.tainted.annotation.equation.Equations'>
            <val val="{ &quot;hashCode := ZoneOffsetTransitionRule&quot; }"/>
        </annotation>
    </item>
    <item name='java.time.zone.ZoneOffsetTransitionRule java.time.DayOfWeek getDayOfWeek()'>
        <annotation name='com.intellij.inspections.tainted.annotation.equation.Equations'>
            <val val="{ &quot;getDayOfWeek := ZoneOffsetTransitionRule&quot; }"/>
        </annotation>
    </item>
    <item name='java.time.zone.ZoneOffsetTransitionRule java.time.LocalTime getLocalTime()'>
        <annotation name='com.intellij.inspections.tainted.annotation.equation.Equations'>
            <val val="{ &quot;getLocalTime := ZoneOffsetTransitionRule&quot; }"/>
        </annotation>
    </item>
    <item name='java.time.zone.ZoneOffsetTransitionRule java.time.Month getMonth()'>
        <annotation name='com.intellij.inspections.tainted.annotation.equation.Equations'>
            <val val="{ &quot;getMonth := ZoneOffsetTransitionRule&quot; }"/>
        </annotation>
    </item>
    <item name='java.time.zone.ZoneOffsetTransitionRule java.time.ZoneOffset getOffsetAfter()'>
        <annotation name='com.intellij.inspections.tainted.annotation.equation.Equations'>
            <val val="{ &quot;getOffsetAfter := ZoneOffsetTransitionRule&quot; }"/>
        </annotation>
    </item>
    <item name='java.time.zone.ZoneOffsetTransitionRule java.time.ZoneOffset getOffsetBefore()'>
        <annotation name='com.intellij.inspections.tainted.annotation.equation.Equations'>
            <val val="{ &quot;getOffsetBefore := ZoneOffsetTransitionRule&quot; }"/>
        </annotation>
    </item>
    <item name='java.time.zone.ZoneOffsetTransitionRule java.time.ZoneOffset getStandardOffset()'>
        <annotation name='com.intellij.inspections.tainted.annotation.equation.Equations'>
            <val val="{ &quot;getStandardOffset := ZoneOffsetTransitionRule&quot; }"/>
        </annotation>
    </item>
    <item name='java.time.zone.ZoneOffsetTransitionRule java.time.zone.ZoneOffsetTransition createTransition(int)'>
        <annotation name='com.intellij.inspections.tainted.annotation.equation.Equations'>
            <val val="{ &quot;year := ZoneRules#findTransitionArray(int)#0&quot; }"/>
        </annotation>
    </item>
    <item name='java.time.zone.ZoneOffsetTransitionRule java.time.zone.ZoneOffsetTransitionRule of(java.time.Month, int, java.time.DayOfWeek, java.time.LocalTime, boolean, java.time.zone.ZoneOffsetTransitionRule.TimeDefinition, java.time.ZoneOffset, java.time.ZoneOffset, java.time.ZoneOffset)'>
        <annotation name='com.intellij.inspections.tainted.annotation.equation.Equations'>
            <val val="{ &quot;timeDefnition := ZoneOffsetTransitionRule.TimeDefinition&quot; }"/>
        </annotation>
    </item>
    <item name='java.time.zone.ZoneOffsetTransitionRule java.time.zone.ZoneOffsetTransitionRule readExternal(java.io.DataInput)'>
        <annotation name='com.intellij.inspections.tainted.annotation.equation.Equations'>
            <val val="{ &quot;in := Ser#readInternal(byte, java.io.DataInput)#1 &amp; ZoneRules#readExternal(java.io.DataInput)#0&quot; }"/>
        </annotation>
    </item>
    <item name='java.time.zone.ZoneOffsetTransitionRule java.time.zone.ZoneOffsetTransitionRule.TimeDefinition getTimeDefinition()'>
        <annotation name='com.intellij.inspections.tainted.annotation.equation.Equations'>
            <val val="{ &quot;getTimeDefinition := ZoneOffsetTransitionRule&quot; }"/>
        </annotation>
    </item>
    <item name='java.time.zone.ZoneOffsetTransitionRule void writeExternal(java.io.DataOutput)'>
        <annotation name='com.intellij.inspections.tainted.annotation.equation.Equations'>
            <val val="{ &quot;out := Ser#writeInternal(byte, java.lang.Object, java.io.DataOutput)#2 &amp; ZoneRules#writeExternal(java.io.DataOutput)#0&quot; }"/>
        </annotation>
    </item>
    <item name='java.time.zone.ZoneOffsetTransitionRule.TimeDefinition java.time.LocalDateTime createDateTime(java.time.LocalDateTime, java.time.ZoneOffset, java.time.ZoneOffset)'>
        <annotation name='com.intellij.inspections.tainted.annotation.equation.Equations'>
            <val val="{ &quot;standardOffset := ZoneOffsetTransitionRule&quot;, &quot;wallOffset := ZoneOffsetTransitionRule&quot;, &quot;createDateTime := dateTime&quot; }"/>
        </annotation>
    </item>
    <item name='java.time.zone.ZoneRules'>
        <annotation name='com.intellij.inspections.tainted.annotation.equation.Equations'>
            <val val="{ &quot;ZoneRules := &quot; }"/>
        </annotation>
    </item>
    <item name='java.time.zone.ZoneRules ZoneRules(java.time.ZoneOffset)'>
        <annotation name='com.intellij.inspections.tainted.annotation.equation.Equations'>
            <val val="{ &quot;ZoneRules := ZoneRules&quot;, &quot;offset := #of(java.time.ZoneOffset)#0&quot; }"/>
        </annotation>
    </item>
    <item name='java.time.zone.ZoneRules ZoneRules(java.time.ZoneOffset, java.time.ZoneOffset, java.util.List&lt;java.time.zone.ZoneOffsetTransition&gt;, java.util.List&lt;java.time.zone.ZoneOffsetTransition&gt;, java.util.List&lt;java.time.zone.ZoneOffsetTransitionRule&gt;)'>
        <annotation name='com.intellij.inspections.tainted.annotation.equation.Equations'>
            <val val="{ &quot;standardOffsetTransitionList := #of(java.time.ZoneOffset, java.time.ZoneOffset, java.util.List, java.util.List, java.util.List)#2&quot;, &quot;transitionList := #of(java.time.ZoneOffset, java.time.ZoneOffset, java.util.List, java.util.List, java.util.List)#3&quot;, &quot;lastRules := #of(java.time.ZoneOffset, java.time.ZoneOffset, java.util.List, java.util.List, java.util.List)#4&quot;, &quot;ZoneRules := ZoneRules&quot;, &quot;baseStandardOffset := #of(java.time.ZoneOffset, java.time.ZoneOffset, java.util.List, java.util.List, java.util.List)#0&quot;, &quot;baseWallOffset := #of(java.time.ZoneOffset, java.time.ZoneOffset, java.util.List, java.util.List, java.util.List)#1&quot; }"/>
        </annotation>
    </item>
    <item name='java.time.zone.ZoneRules ZoneRules(long[], java.time.ZoneOffset[], long[], java.time.ZoneOffset[], java.time.zone.ZoneOffsetTransitionRule[])'>
        <annotation name='com.intellij.inspections.tainted.annotation.equation.Equations'>
            <val val="{ &quot;ZoneRules := ZoneRules&quot;, &quot;savingsInstantTransitions := #EMPTY_LONG_ARRAY&quot;, &quot;standardTransitions := #EMPTY_LONG_ARRAY&quot;, &quot;lastRules := #EMPTY_LASTRULES&quot; }"/>
        </annotation>
    </item>
    <item name='java.time.zone.ZoneRules boolean isDaylightSavings(java.time.Instant)'>
        <annotation name='com.intellij.inspections.tainted.annotation.equation.Equations'>
            <val val="{ &quot;instant := &quot; }"/>
        </annotation>
    </item>
    <item name='java.time.zone.ZoneRules boolean isValidOffset(java.time.LocalDateTime, java.time.ZoneOffset)'>
        <annotation name='com.intellij.inspections.tainted.annotation.equation.Equations'>
            <val val="{ &quot;offset := java.time.ZonedDateTime#ofInstant(java.time.LocalDateTime, java.time.ZoneOffset, java.time.ZoneId)#1 &amp; java.time.ZonedDateTime#ofStrict(java.time.LocalDateTime, java.time.ZoneOffset, java.time.ZoneId)#1 &amp; java.time.ZonedDateTime#resolveOffset(java.time.ZoneOffset)#0&quot;, &quot;localDateTime := java.time.ZonedDateTime#ofInstant(java.time.LocalDateTime, java.time.ZoneOffset, java.time.ZoneId)#0 &amp; java.time.ZonedDateTime#ofStrict(java.time.LocalDateTime, java.time.ZoneOffset, java.time.ZoneId)#0 &amp; java.time.ZonedDateTime&quot; }"/>
        </annotation>
    </item>
    <item name='java.time.zone.ZoneRules int findYear(long, java.time.ZoneOffset)'>
        <annotation name='com.intellij.inspections.tainted.annotation.equation.Equations'>
            <val val="{ &quot;epochSecond := ZoneRules&quot;, &quot;offset := ZoneRules&quot; }"/>
        </annotation>
    </item>
    <item name='java.time.zone.ZoneRules java.lang.Object findOffsetInfo(java.time.LocalDateTime, java.time.zone.ZoneOffsetTransition)'>
        <annotation name='com.intellij.inspections.tainted.annotation.equation.Equations'>
            <val val="{ &quot;dt := #getOffsetInfo(java.time.LocalDateTime)#0&quot;, &quot;findOffsetInfo := trans&quot; }"/>
        </annotation>
    </item>
    <item name='java.time.zone.ZoneRules java.lang.Object getOffsetInfo(java.time.LocalDateTime)'>
        <annotation name='com.intellij.inspections.tainted.annotation.equation.Equations'>
            <val val="{ &quot;dt := #getOffset(java.time.LocalDateTime)#0 &amp; #getValidOffsets(java.time.LocalDateTime)#0 &amp; #getTransition(java.time.LocalDateTime)#0&quot;, &quot;getOffsetInfo := ZoneRules&quot; }"/>
        </annotation>
    </item>
    <item name='java.time.zone.ZoneRules java.lang.String toString()'>
        <annotation name='com.intellij.inspections.tainted.annotation.equation.Equations'>
            <val val="{ &quot;toString := ZoneRules&quot; }"/>
        </annotation>
    </item>
    <item name='java.time.zone.ZoneRules java.time.Duration getDaylightSavings(java.time.Instant)'>
        <annotation name='com.intellij.inspections.tainted.annotation.equation.Equations'>
            <val val="{ &quot;getDaylightSavings := java.time.Duration#ZERO&quot; }"/>
        </annotation>
    </item>
    <item name='java.time.zone.ZoneRules java.time.ZoneOffset getOffset(java.time.Instant)'>
        <annotation name='com.intellij.inspections.tainted.annotation.equation.Equations'>
            <val val="{ &quot;getOffset := ZoneRules&quot;, &quot;instant := #getDaylightSavings(java.time.Instant)#0 &amp; #isDaylightSavings(java.time.Instant)#0 &amp; java.time.chrono.ChronoZonedDateTimeImpl#ofInstant(java.time.chrono.Chronology, java.time.Instant, java.time.ZoneId)#1 &amp; java.time.Instant#EPOCH &amp; java.time.OffsetTime#ofInstant(java.time.Instant, java.time.ZoneId)#0 &amp; java.time.OffsetDateTime#ofInstant(java.time.Instant, java.time.ZoneId)#0 &amp; java.time.LocalDateTime#ofInstant(java.time.Instant, java.time.ZoneId)#0&quot; }"/>
        </annotation>
    </item>
    <item name='java.time.zone.ZoneRules java.time.ZoneOffset getStandardOffset(java.time.Instant)'>
        <annotation name='com.intellij.inspections.tainted.annotation.equation.Equations'>
            <val val="{ &quot;instant := #getDaylightSavings(java.time.Instant)#0&quot;, &quot;getStandardOffset := ZoneRules&quot; }"/>
        </annotation>
    </item>
    <item name='java.time.zone.ZoneRules java.time.zone.ZoneOffsetTransition getTransition(java.time.LocalDateTime)'>
        <annotation name='com.intellij.inspections.tainted.annotation.equation.Equations'>
            <val val="{ &quot;localDateTime := java.time.ZonedDateTime#ofLocal(java.time.LocalDateTime, java.time.ZoneId, java.time.ZoneOffset)#0 &amp; java.time.ZonedDateTime#ofStrict(java.time.LocalDateTime, java.time.ZoneOffset, java.time.ZoneId)#0 &amp; java.time.ZonedDateTime&quot; }"/>
        </annotation>
    </item>
    <item name='java.time.zone.ZoneRules java.time.zone.ZoneRules of(java.time.ZoneOffset)'>
        <annotation name='com.intellij.inspections.tainted.annotation.equation.Equations'>
            <val val="{ &quot;offset := java.time.ZoneOffset&quot; }"/>
        </annotation>
    </item>
    <item name='java.time.zone.ZoneRules java.time.zone.ZoneRules readExternal(java.io.DataInput)'>
        <annotation name='com.intellij.inspections.tainted.annotation.equation.Equations'>
            <val val="{ &quot;in := Ser#readInternal(byte, java.io.DataInput)#1&quot; }"/>
        </annotation>
    </item>
    <item name='java.time.zone.ZoneRules java.util.List&lt;java.time.ZoneOffset&gt; getValidOffsets(java.time.LocalDateTime)'>
        <annotation name='com.intellij.inspections.tainted.annotation.equation.Equations'>
            <val val="{ &quot;localDateTime := java.time.ZonedDateTime#ofLocal(java.time.LocalDateTime, java.time.ZoneId, java.time.ZoneOffset)#0&quot; }"/>
        </annotation>
    </item>
    <item name='java.time.zone.ZoneRules void writeExternal(java.io.DataOutput)'>
        <annotation name='com.intellij.inspections.tainted.annotation.equation.Equations'>
            <val val="{ &quot;out := Ser#writeInternal(byte, java.lang.Object, java.io.DataOutput)#2&quot; }"/>
        </annotation>
    </item>
    <item name='java.time.zone.ZoneRulesException ZoneRulesException(java.lang.String)'>
        <annotation name='com.intellij.inspections.tainted.annotation.equation.Equations'>
            <val val="{ &quot;ZoneRulesException := ZoneRulesException&quot; }"/>
        </annotation>
    </item>
    <item name='java.time.zone.ZoneRulesException ZoneRulesException(java.lang.String, java.lang.Throwable)'>
        <annotation name='com.intellij.inspections.tainted.annotation.equation.Equations'>
            <val val="{ &quot;ZoneRulesException := ZoneRulesException&quot; }"/>
        </annotation>
    </item>
    <item name='java.time.zone.ZoneRulesProvider java.time.zone.ZoneRules getRules(java.lang.String, boolean)'>
        <annotation name='com.intellij.inspections.tainted.annotation.equation.Equations'>
            <val val="{ &quot;zoneId := TzdbZoneRulesProvider#provideVersions(java.lang.String)#0 &amp; java.time.ZoneRegion#ofId(java.lang.String, boolean)#0 &amp; java.time.ZoneRegion&quot; }"/>
        </annotation>
    </item>
    <item name='java.time.zone.ZoneRulesProvider java.time.zone.ZoneRules provideRules(java.lang.String, boolean)'>
        <annotation name='com.intellij.inspections.tainted.annotation.equation.Equations'>
            <val val="{ &quot;zoneId := TzdbZoneRulesProvider#provideRules(java.lang.String, boolean)#0&quot;, &quot;provideRules := TzdbZoneRulesProvider#provideRules(java.lang.String, boolean)&quot; }"/>
        </annotation>
    </item>
    <item name='java.time.zone.ZoneRulesProvider java.util.NavigableMap&lt;java.lang.String,java.time.zone.ZoneRules&gt; provideVersions(java.lang.String)'>
        <annotation name='com.intellij.inspections.tainted.annotation.equation.Equations'>
            <val val="{ &quot;provideVersions := TzdbZoneRulesProvider#provideVersions(java.lang.String)&quot;, &quot;zoneId := #getVersions(java.lang.String)#0 &amp; TzdbZoneRulesProvider#provideVersions(java.lang.String)#0&quot; }"/>
        </annotation>
    </item>
    <item name='java.time.zone.ZoneRulesProvider java.util.Set&lt;java.lang.String&gt; provideZoneIds()'>
        <annotation name='com.intellij.inspections.tainted.annotation.equation.Equations'>
            <val val="{ &quot;provideZoneIds := TzdbZoneRulesProvider#provideZoneIds()&quot; }"/>
        </annotation>
    </item>
    <item name='java.time.zone.ZoneRulesProvider void registerProvider0(java.time.zone.ZoneRulesProvider)'>
        <annotation name='com.intellij.inspections.tainted.annotation.equation.Equations'>
            <val val="{ &quot;provider := #registerProvider(java.time.zone.ZoneRulesProvider)#0&quot; }"/>
        </annotation>
    </item>
</root>