<root>
    <item name='javax.persistence.spi.PersistenceProvider boolean generateSchema(java.lang.String, java.util.Map)'>
        <annotation name='com.intellij.inspections.tainted.annotation.equation.Equations'>
            <val val="{ &quot;map := javax.persistence.Persistence#generateSchema(java.lang.String, java.util.Map)#1&quot;, &quot;persistenceUnitName := javax.persistence.Persistence#generateSchema(java.lang.String, java.util.Map)#0&quot; }"/>
        </annotation>
    </item>
    <item name='javax.persistence.spi.PersistenceProvider javax.persistence.EntityManagerFactory createEntityManagerFactory(java.lang.String, java.util.Map)'>
        <annotation name='com.intellij.inspections.tainted.annotation.equation.Equations'>
            <val val="{ &quot;map := javax.persistence.Persistence#createEntityManagerFactory(java.lang.String, java.util.Map)#1&quot;, &quot;emName := javax.persistence.Persistence#createEntityManagerFactory(java.lang.String, java.util.Map)#0&quot; }"/>
        </annotation>
    </item>
    <item name='javax.persistence.spi.PersistenceProviderResolver java.util.List&lt;javax.persistence.spi.PersistenceProvider&gt; getPersistenceProviders()'>
        <annotation name='com.intellij.inspections.tainted.annotation.equation.Equations'>
            <val val="{ &quot;getPersistenceProviders := PersistenceProviderResolverHolder.DefaultPersistenceProviderResolver#getPersistenceProviders()&quot; }"/>
        </annotation>
    </item>
    <item name='javax.persistence.spi.PersistenceProviderResolverHolder'>
        <annotation name='com.intellij.inspections.tainted.annotation.equation.Equations'>
            <val val="{ &quot;PersistenceProviderResolverHolder := #setPersistenceProviderResolver(javax.persistence.spi.PersistenceProviderResolver)#0&quot; }"/>
        </annotation>
    </item>
    <item name='javax.persistence.spi.PersistenceProviderResolverHolder javax.persistence.spi.PersistenceProviderResolver getPersistenceProviderResolver()'>
        <annotation name='com.intellij.inspections.tainted.annotation.equation.Equations'>
            <val val="{ &quot;getPersistenceProviderResolver := PersistenceProviderResolverHolder&quot; }"/>
        </annotation>
    </item>
    <item name='javax.persistence.spi.PersistenceProviderResolverHolder.DefaultPersistenceProviderResolver'>
        <annotation name='com.intellij.inspections.tainted.annotation.equation.Equations'>
            <val val="{ &quot;DefaultPersistenceProviderResolver := &quot; }"/>
        </annotation>
    </item>
    <item name='javax.persistence.spi.PersistenceProviderResolverHolder.DefaultPersistenceProviderResolver java.lang.ClassLoader getContextClassLoader()'>
        <annotation name='com.intellij.inspections.tainted.annotation.equation.Equations'>
            <val val="{ &quot;getContextClassLoader := &quot; }"/>
        </annotation>
    </item>
    <item name='javax.persistence.spi.PersistenceProviderResolverHolder.DefaultPersistenceProviderResolver java.util.Collection&lt;javax.persistence.spi.PersistenceProviderResolverHolder.DefaultPersistenceProviderResolver.ProviderName&gt; getProviderNames(java.lang.ClassLoader)'>
        <annotation name='com.intellij.inspections.tainted.annotation.equation.Equations'>
            <val val="{ &quot;loader := &quot;, &quot;getProviderNames := &quot; }"/>
        </annotation>
    </item>
    <item name='javax.persistence.spi.PersistenceProviderResolverHolder.DefaultPersistenceProviderResolver java.util.List&lt;javax.persistence.spi.PersistenceProvider&gt; getPersistenceProviders()'>
        <annotation name='com.intellij.inspections.tainted.annotation.equation.Equations'>
            <val val="{ &quot;getPersistenceProviders := &quot; }"/>
        </annotation>
    </item>
    <item name='javax.persistence.spi.PersistenceProviderResolverHolder.DefaultPersistenceProviderResolver void addProviderNames(java.net.URL, java.util.Collection&lt;javax.persistence.spi.PersistenceProviderResolverHolder.DefaultPersistenceProviderResolver.ProviderName&gt;)'>
        <annotation name='com.intellij.inspections.tainted.annotation.equation.Equations'>
            <val val="{ &quot;providerNames := &quot;, &quot;url := &quot; }"/>
        </annotation>
    </item>
    <item name='javax.persistence.spi.PersistenceProviderResolverHolder.DefaultPersistenceProviderResolver void log(java.util.logging.Level, java.lang.String)'>
        <annotation name='com.intellij.inspections.tainted.annotation.equation.Equations'>
            <val val="{ &quot;level := java.util.logging.Level#FINEST &amp; java.util.logging.Level#WARNING&quot;, &quot;message := &quot; }"/>
        </annotation>
    </item>
    <item name='javax.persistence.spi.PersistenceProviderResolverHolder.DefaultPersistenceProviderResolver.CacheKey'>
        <annotation name='com.intellij.inspections.tainted.annotation.equation.Equations'>
            <val val="{ &quot;CacheKey := &quot; }"/>
        </annotation>
    </item>
    <item name='javax.persistence.spi.PersistenceProviderResolverHolder.DefaultPersistenceProviderResolver.CacheKey CacheKey(java.lang.ClassLoader)'>
        <annotation name='com.intellij.inspections.tainted.annotation.equation.Equations'>
            <val val="{ &quot;CacheKey := PersistenceProviderResolverHolder.DefaultPersistenceProviderResolver.CacheKey&quot;, &quot;loader := &quot; }"/>
        </annotation>
    </item>
    <item name='javax.persistence.spi.PersistenceProviderResolverHolder.DefaultPersistenceProviderResolver.CacheKey int hashCode()'>
        <annotation name='com.intellij.inspections.tainted.annotation.equation.Equations'>
            <val val="{ &quot;hashCode := PersistenceProviderResolverHolder.DefaultPersistenceProviderResolver.CacheKey&quot; }"/>
        </annotation>
    </item>
    <item name='javax.persistence.spi.PersistenceProviderResolverHolder.DefaultPersistenceProviderResolver.CacheKey java.lang.ClassLoader getLoader()'>
        <annotation name='com.intellij.inspections.tainted.annotation.equation.Equations'>
            <val val="{ &quot;getLoader := &quot; }"/>
        </annotation>
    </item>
    <item name='javax.persistence.spi.PersistenceProviderResolverHolder.DefaultPersistenceProviderResolver.CacheKey java.lang.Object clone()'>
        <annotation name='com.intellij.inspections.tainted.annotation.equation.Equations'>
            <val val="{ &quot;clone := &quot; }"/>
        </annotation>
    </item>
    <item name='javax.persistence.spi.PersistenceProviderResolverHolder.DefaultPersistenceProviderResolver.CacheKey java.lang.String toString()'>
        <annotation name='com.intellij.inspections.tainted.annotation.equation.Equations'>
            <val val="{ &quot;toString := &quot; }"/>
        </annotation>
    </item>
    <item name='javax.persistence.spi.PersistenceProviderResolverHolder.DefaultPersistenceProviderResolver.CacheKeyReference javax.persistence.spi.PersistenceProviderResolverHolder.DefaultPersistenceProviderResolver.CacheKey getCacheKey()'>
        <annotation name='com.intellij.inspections.tainted.annotation.equation.Equations'>
            <val val="{ &quot;getCacheKey := PersistenceProviderResolverHolder.DefaultPersistenceProviderResolver.LoaderReference#getCacheKey() &amp; PersistenceProviderResolverHolder.DefaultPersistenceProviderResolver.PersistenceProviderReference#getCacheKey()&quot; }"/>
        </annotation>
    </item>
    <item name='javax.persistence.spi.PersistenceProviderResolverHolder.DefaultPersistenceProviderResolver.LoaderReference'>
        <annotation name='com.intellij.inspections.tainted.annotation.equation.Equations'>
            <val val="{ &quot;LoaderReference := #LoaderReference(java.lang.ClassLoader, java.lang.ref.ReferenceQueue, javax.persistence.spi.PersistenceProviderResolverHolder.DefaultPersistenceProviderResolver.CacheKey)#2&quot; }"/>
        </annotation>
    </item>
    <item name='javax.persistence.spi.PersistenceProviderResolverHolder.DefaultPersistenceProviderResolver.LoaderReference LoaderReference(java.lang.ClassLoader, java.lang.ref.ReferenceQueue, javax.persistence.spi.PersistenceProviderResolverHolder.DefaultPersistenceProviderResolver.CacheKey)'>
        <annotation name='com.intellij.inspections.tainted.annotation.equation.Equations'>
            <val val="{ &quot;q := PersistenceProviderResolverHolder.DefaultPersistenceProviderResolver#referenceQueue&quot;, &quot;referent := PersistenceProviderResolverHolder.DefaultPersistenceProviderResolver.CacheKey#CacheKey(java.lang.ClassLoader)#0&quot;, &quot;LoaderReference := PersistenceProviderResolverHolder.DefaultPersistenceProviderResolver.LoaderReference&quot;, &quot;key := PersistenceProviderResolverHolder.DefaultPersistenceProviderResolver.CacheKey&quot; }"/>
        </annotation>
    </item>
    <item name='javax.persistence.spi.PersistenceProviderResolverHolder.DefaultPersistenceProviderResolver.LoaderReference javax.persistence.spi.PersistenceProviderResolverHolder.DefaultPersistenceProviderResolver.CacheKey getCacheKey()'>
        <annotation name='com.intellij.inspections.tainted.annotation.equation.Equations'>
            <val val="{ &quot;getCacheKey := PersistenceProviderResolverHolder.DefaultPersistenceProviderResolver.LoaderReference&quot; }"/>
        </annotation>
    </item>
    <item name='javax.persistence.spi.PersistenceProviderResolverHolder.DefaultPersistenceProviderResolver.PersistenceProviderReference'>
        <annotation name='com.intellij.inspections.tainted.annotation.equation.Equations'>
            <val val="{ &quot;PersistenceProviderReference := #PersistenceProviderReference(java.util.List, java.lang.ref.ReferenceQueue, javax.persistence.spi.PersistenceProviderResolverHolder.DefaultPersistenceProviderResolver.CacheKey)#2&quot; }"/>
        </annotation>
    </item>
    <item name='javax.persistence.spi.PersistenceProviderResolverHolder.DefaultPersistenceProviderResolver.PersistenceProviderReference PersistenceProviderReference(java.util.List&lt;javax.persistence.spi.PersistenceProvider&gt;, java.lang.ref.ReferenceQueue, javax.persistence.spi.PersistenceProviderResolverHolder.DefaultPersistenceProviderResolver.CacheKey)'>
        <annotation name='com.intellij.inspections.tainted.annotation.equation.Equations'>
            <val val="{ &quot;referent := &quot;, &quot;PersistenceProviderReference := PersistenceProviderResolverHolder.DefaultPersistenceProviderResolver.PersistenceProviderReference&quot;, &quot;q := PersistenceProviderResolverHolder.DefaultPersistenceProviderResolver#referenceQueue&quot;, &quot;key := &quot; }"/>
        </annotation>
    </item>
    <item name='javax.persistence.spi.PersistenceProviderResolverHolder.DefaultPersistenceProviderResolver.PersistenceProviderReference javax.persistence.spi.PersistenceProviderResolverHolder.DefaultPersistenceProviderResolver.CacheKey getCacheKey()'>
        <annotation name='com.intellij.inspections.tainted.annotation.equation.Equations'>
            <val val="{ &quot;getCacheKey := PersistenceProviderResolverHolder.DefaultPersistenceProviderResolver.PersistenceProviderReference&quot; }"/>
        </annotation>
    </item>
    <item name='javax.persistence.spi.PersistenceProviderResolverHolder.DefaultPersistenceProviderResolver.ProviderName'>
        <annotation name='com.intellij.inspections.tainted.annotation.equation.Equations'>
            <val val="{ &quot;ProviderName := #ProviderName(java.lang.String, java.net.URL)#0 &amp; #ProviderName(java.lang.String, java.net.URL)#1&quot; }"/>
        </annotation>
    </item>
    <item name='javax.persistence.spi.PersistenceProviderResolverHolder.DefaultPersistenceProviderResolver.ProviderName ProviderName(java.lang.String, java.net.URL)'>
        <annotation name='com.intellij.inspections.tainted.annotation.equation.Equations'>
            <val val="{ &quot;ProviderName := PersistenceProviderResolverHolder.DefaultPersistenceProviderResolver.ProviderName&quot;, &quot;sourceURL := PersistenceProviderResolverHolder.DefaultPersistenceProviderResolver#addProviderNames(java.net.URL, java.util.Collection)#0&quot;, &quot;name := &quot; }"/>
        </annotation>
    </item>
    <item name='javax.persistence.spi.PersistenceProviderResolverHolder.DefaultPersistenceProviderResolver.ProviderName java.lang.String getName()'>
        <annotation name='com.intellij.inspections.tainted.annotation.equation.Equations'>
            <val val="{ &quot;getName := PersistenceProviderResolverHolder.DefaultPersistenceProviderResolver.ProviderName&quot; }"/>
        </annotation>
    </item>
    <item name='javax.persistence.spi.PersistenceProviderResolverHolder.DefaultPersistenceProviderResolver.ProviderName java.lang.String toString()'>
        <annotation name='com.intellij.inspections.tainted.annotation.equation.Equations'>
            <val val="{ &quot;toString := &quot; }"/>
        </annotation>
    </item>
    <item name='javax.persistence.spi.PersistenceProviderResolverHolder.DefaultPersistenceProviderResolver.ProviderName java.net.URL getSource()'>
        <annotation name='com.intellij.inspections.tainted.annotation.equation.Equations'>
            <val val="{ &quot;getSource := PersistenceProviderResolverHolder.DefaultPersistenceProviderResolver.ProviderName&quot; }"/>
        </annotation>
    </item>
    <item name='javax.persistence.spi.ProviderUtil javax.persistence.spi.LoadState isLoaded(java.lang.Object)'>
        <annotation name='com.intellij.inspections.tainted.annotation.equation.Equations'>
            <val val="{ &quot;entity := javax.persistence.Persistence.PersistenceUtilImpl#isLoaded(java.lang.Object)#0&quot; }"/>
        </annotation>
    </item>
    <item name='javax.persistence.spi.ProviderUtil javax.persistence.spi.LoadState isLoadedWithReference(java.lang.Object, java.lang.String)'>
        <annotation name='com.intellij.inspections.tainted.annotation.equation.Equations'>
            <val val="{ &quot;attributeName := javax.persistence.Persistence.PersistenceUtilImpl#isLoaded(java.lang.Object, java.lang.String)#1&quot;, &quot;entity := javax.persistence.Persistence.PersistenceUtilImpl#isLoaded(java.lang.Object, java.lang.String)#0&quot; }"/>
        </annotation>
    </item>
    <item name='javax.persistence.spi.ProviderUtil javax.persistence.spi.LoadState isLoadedWithoutReference(java.lang.Object, java.lang.String)'>
        <annotation name='com.intellij.inspections.tainted.annotation.equation.Equations'>
            <val val="{ &quot;entity := javax.persistence.Persistence.PersistenceUtilImpl#isLoaded(java.lang.Object, java.lang.String)#0&quot;, &quot;attributeName := javax.persistence.Persistence.PersistenceUtilImpl#isLoaded(java.lang.Object, java.lang.String)#1&quot; }"/>
        </annotation>
    </item>
</root>