<root>
    <item name='java.nio.charset.Charset'>
        <annotation name='com.intellij.inspections.tainted.annotation.equation.Equations'>
            <val val="{ &quot;Charset := &quot; }"/>
        </annotation>
    </item>
    <item name='java.nio.charset.Charset Charset(java.lang.String, java.lang.String[])'>
        <annotation name='com.intellij.inspections.tainted.annotation.equation.Equations'>
            <val val="{ &quot;Charset := Charset&quot;, &quot;aliases := sun.nio.cs.StandardCharsets#aliases_US_ASCII &amp; sun.nio.cs.StandardCharsets#aliases_US_ASCII&quot; }"/>
        </annotation>
    </item>
    <item name='java.nio.charset.Charset boolean contains(java.nio.charset.Charset)'>
        <annotation name='com.intellij.inspections.tainted.annotation.equation.Equations'>
            <val val="{ &quot;cs := sun.nio.cs.US_ASCII#contains(java.nio.charset.Charset)#0&quot; }"/>
        </annotation>
    </item>
    <item name='java.nio.charset.Charset boolean isSupported(java.lang.String)'>
        <annotation name='com.intellij.inspections.tainted.annotation.equation.Equations'>
            <val val="{ &quot;charsetName := sun.awt.datatransfer.DataTransferer#isEncodingSupported(java.lang.String)#0 &amp; java.lang.StringCoding#lookupCharset(java.lang.String)#0 &amp; sun.nio.cs.StreamDecoder#forInputStreamReader(java.io.InputStream, java.lang.Object, java.lang.String)#2 &amp; sun.nio.cs.StreamEncoder#forOutputStreamWriter(java.io.OutputStream, java.lang.Object, java.lang.String)#2 &amp; sun.awt.datatransfer.DataTransferer#isEncodingSupported(java.lang.String)#0 &amp; sun.nio.cs.StreamEncoder#forOutputStreamWriter(java.io.OutputStream, java.lang.Object, java.lang.String)#2 &amp; sun.nio.cs.StreamDecoder#forInputStreamReader(java.io.InputStream, java.lang.Object, java.lang.String)#2&quot; }"/>
        </annotation>
    </item>
    <item name='java.nio.charset.Charset java.lang.String displayName()'>
        <annotation name='com.intellij.inspections.tainted.annotation.equation.Equations'>
            <val val="{ &quot;displayName := Charset&quot; }"/>
        </annotation>
    </item>
    <item name='java.nio.charset.Charset java.lang.String displayName(java.util.Locale)'>
        <annotation name='com.intellij.inspections.tainted.annotation.equation.Equations'>
            <val val="{ &quot;displayName := Charset&quot; }"/>
        </annotation>
    </item>
    <item name='java.nio.charset.Charset java.lang.String name()'>
        <annotation name='com.intellij.inspections.tainted.annotation.equation.Equations'>
            <val val="{ &quot;name := Charset&quot; }"/>
        </annotation>
    </item>
    <item name='java.nio.charset.Charset java.nio.ByteBuffer encode(java.nio.CharBuffer)'>
        <annotation name='com.intellij.inspections.tainted.annotation.equation.Equations'>
            <val val="{ &quot;cb := &quot; }"/>
        </annotation>
    </item>
    <item name='java.nio.charset.Charset java.nio.charset.Charset defaultCharset()'>
        <annotation name='com.intellij.inspections.tainted.annotation.equation.Equations'>
            <val val="{ &quot;defaultCharset := Charset&quot; }"/>
        </annotation>
    </item>
    <item name='java.nio.charset.Charset java.nio.charset.Charset forName(java.lang.String)'>
        <annotation name='com.intellij.inspections.tainted.annotation.equation.Equations'>
            <val val="{ &quot;charsetName := sun.awt.FontConfiguration#getFontCharsetEncoder(java.lang.String, java.lang.String)#0 &amp; java.io.PrintStream#toCharset(java.lang.String)#0 &amp; com.sun.org.apache.xml.internal.serializer.Encodings#getEncodingInfo(java.lang.String)#0 &amp; com.sun.corba.se.impl.encoding.CodeSetConversion.JavaBTCConverter#getConverter(java.lang.String)#0 &amp; java.io.PrintWriter#toCharset(java.lang.String)#0 &amp; java.net.URLEncoder#encode(java.lang.String, java.lang.String)#1 &amp; java.lang.StringCoding#lookupCharset(java.lang.String)#0 &amp; java.util.Scanner#toCharset(java.lang.String)#0 &amp; java.util.Formatter#toCharset(java.lang.String)#0 &amp; java.beans.XMLEncoder#XMLEncoder(java.io.OutputStream, java.lang.String, boolean, int)#1 &amp; sun.nio.cs.StreamDecoder#forInputStreamReader(java.io.InputStream, java.lang.Object, java.lang.String)#2 &amp; sun.nio.cs.StreamEncoder#forOutputStreamWriter(java.io.OutputStream, java.lang.Object, java.lang.String)#2 &amp; sun.awt.FontConfiguration#getFontCharsetEncoder(java.lang.String, java.lang.String)#0 &amp; sun.nio.cs.StreamEncoder#forOutputStreamWriter(java.io.OutputStream, java.lang.Object, java.lang.String)#2 &amp; sun.nio.cs.StreamDecoder#forInputStreamReader(java.io.InputStream, java.lang.Object, java.lang.String)#2&quot; }"/>
        </annotation>
    </item>
    <item name='java.nio.charset.Charset java.nio.charset.Charset lookup(java.lang.String)'>
        <annotation name='com.intellij.inspections.tainted.annotation.equation.Equations'>
            <val val="{ &quot;lookup := Charset&quot;, &quot;charsetName := #forName(java.lang.String)#0 &amp; #isSupported(java.lang.String)#0&quot; }"/>
        </annotation>
    </item>
    <item name='java.nio.charset.Charset java.nio.charset.Charset lookup2(java.lang.String)'>
        <annotation name='com.intellij.inspections.tainted.annotation.equation.Equations'>
            <val val="{ &quot;lookup2 := Charset&quot;, &quot;charsetName := #lookup(java.lang.String)#0&quot; }"/>
        </annotation>
    </item>
    <item name='java.nio.charset.Charset java.nio.charset.Charset lookupExtendedCharset(java.lang.String)'>
        <annotation name='com.intellij.inspections.tainted.annotation.equation.Equations'>
            <val val="{ &quot;charsetName := #lookup2(java.lang.String)#0&quot; }"/>
        </annotation>
    </item>
    <item name='java.nio.charset.Charset java.nio.charset.Charset lookupViaProviders(java.lang.String)'>
        <annotation name='com.intellij.inspections.tainted.annotation.equation.Equations'>
            <val val="{ &quot;charsetName := #lookup2(java.lang.String)#0&quot; }"/>
        </annotation>
    </item>
    <item name='java.nio.charset.Charset java.nio.charset.CharsetDecoder newDecoder()'>
        <annotation name='com.intellij.inspections.tainted.annotation.equation.Equations'>
            <val val="{ &quot;newDecoder := sun.nio.cs.US_ASCII#newDecoder()&quot; }"/>
        </annotation>
    </item>
    <item name='java.nio.charset.Charset java.nio.charset.CharsetEncoder newEncoder()'>
        <annotation name='com.intellij.inspections.tainted.annotation.equation.Equations'>
            <val val="{ &quot;newEncoder := sun.nio.cs.US_ASCII#newEncoder()&quot; }"/>
        </annotation>
    </item>
    <item name='java.nio.charset.Charset java.util.Iterator&lt;java.nio.charset.spi.CharsetProvider&gt; providers()'>
        <annotation name='com.intellij.inspections.tainted.annotation.equation.Equations'>
            <val val="{ &quot;providers := Charset&quot; }"/>
        </annotation>
    </item>
    <item name='java.nio.charset.Charset java.util.Set&lt;java.lang.String&gt; aliases()'>
        <annotation name='com.intellij.inspections.tainted.annotation.equation.Equations'>
            <val val="{ &quot;aliases := Charset&quot; }"/>
        </annotation>
    </item>
    <item name='java.nio.charset.Charset void cache(java.lang.String, java.nio.charset.Charset)'>
        <annotation name='com.intellij.inspections.tainted.annotation.equation.Equations'>
            <val val="{ &quot;charsetName := #lookup2(java.lang.String)#0&quot; }"/>
        </annotation>
    </item>
    <item name='java.nio.charset.Charset void checkName(java.lang.String)'>
        <annotation name='com.intellij.inspections.tainted.annotation.equation.Equations'>
            <val val="{ &quot;s := #lookup2(java.lang.String)#0 &amp; #Charset(java.lang.String, java.lang.String[])#0 &amp; #Charset(java.lang.String, java.lang.String[])#1&quot; }"/>
        </annotation>
    </item>
    <item name='java.nio.charset.CharsetDecoder'>
        <annotation name='com.intellij.inspections.tainted.annotation.equation.Equations'>
            <val val="{ &quot;CharsetDecoder := CodingErrorAction#REPORT &amp; #ST_RESET&quot; }"/>
        </annotation>
    </item>
    <item name='java.nio.charset.CharsetDecoder CharsetDecoder(java.nio.charset.Charset, float, float)'>
        <annotation name='com.intellij.inspections.tainted.annotation.equation.Equations'>
            <val val="{ &quot;cs := sun.nio.cs.US_ASCII.Decoder#Decoder(java.nio.charset.Charset)#0 &amp; sun.nio.cs.US_ASCII.Decoder#Decoder(java.nio.charset.Charset)#0&quot;, &quot;CharsetDecoder := CharsetDecoder&quot; }"/>
        </annotation>
    </item>
    <item name='java.nio.charset.CharsetDecoder CharsetDecoder(java.nio.charset.Charset, float, float, java.lang.String)'>
        <annotation name='com.intellij.inspections.tainted.annotation.equation.Equations'>
            <val val="{ &quot;cs := #CharsetDecoder(java.nio.charset.Charset, float, float)#0&quot;, &quot;averageCharsPerByte := #CharsetDecoder(java.nio.charset.Charset, float, float)#1&quot;, &quot;CharsetDecoder := CharsetDecoder&quot;, &quot;maxCharsPerByte := #CharsetDecoder(java.nio.charset.Charset, float, float)#2&quot; }"/>
        </annotation>
    </item>
    <item name='java.nio.charset.CharsetDecoder float averageCharsPerByte()'>
        <annotation name='com.intellij.inspections.tainted.annotation.equation.Equations'>
            <val val="{ &quot;averageCharsPerByte := CharsetDecoder&quot; }"/>
        </annotation>
    </item>
    <item name='java.nio.charset.CharsetDecoder float maxCharsPerByte()'>
        <annotation name='com.intellij.inspections.tainted.annotation.equation.Equations'>
            <val val="{ &quot;maxCharsPerByte := CharsetDecoder&quot; }"/>
        </annotation>
    </item>
    <item name='java.nio.charset.CharsetDecoder java.lang.String replacement()'>
        <annotation name='com.intellij.inspections.tainted.annotation.equation.Equations'>
            <val val="{ &quot;replacement := CharsetDecoder&quot; }"/>
        </annotation>
    </item>
    <item name='java.nio.charset.CharsetDecoder java.nio.CharBuffer decode(java.nio.ByteBuffer)'>
        <annotation name='com.intellij.inspections.tainted.annotation.equation.Equations'>
            <val val="{ &quot;in := Charset#decode(java.nio.ByteBuffer)#0&quot; }"/>
        </annotation>
    </item>
    <item name='java.nio.charset.CharsetDecoder java.nio.charset.Charset charset()'>
        <annotation name='com.intellij.inspections.tainted.annotation.equation.Equations'>
            <val val="{ &quot;charset := CharsetDecoder&quot; }"/>
        </annotation>
    </item>
    <item name='java.nio.charset.CharsetDecoder java.nio.charset.CharsetDecoder onMalformedInput(java.nio.charset.CodingErrorAction)'>
        <annotation name='com.intellij.inspections.tainted.annotation.equation.Equations'>
            <val val="{ &quot;newAction := CodingErrorAction#REPORT&quot;, &quot;onMalformedInput := CharsetDecoder&quot; }"/>
        </annotation>
    </item>
    <item name='java.nio.charset.CharsetDecoder java.nio.charset.CharsetDecoder onUnmappableCharacter(java.nio.charset.CodingErrorAction)'>
        <annotation name='com.intellij.inspections.tainted.annotation.equation.Equations'>
            <val val="{ &quot;newAction := CodingErrorAction#REPORT &amp; CodingErrorAction#REPLACE&quot;, &quot;onUnmappableCharacter := CharsetDecoder&quot; }"/>
        </annotation>
    </item>
    <item name='java.nio.charset.CharsetDecoder java.nio.charset.CharsetDecoder replaceWith(java.lang.String)'>
        <annotation name='com.intellij.inspections.tainted.annotation.equation.Equations'>
            <val val="{ &quot;replaceWith := CharsetDecoder&quot;, &quot;newReplacement := #CharsetDecoder(java.nio.charset.Charset, float, float, java.lang.String)#3&quot; }"/>
        </annotation>
    </item>
    <item name='java.nio.charset.CharsetDecoder java.nio.charset.CharsetDecoder reset()'>
        <annotation name='com.intellij.inspections.tainted.annotation.equation.Equations'>
            <val val="{ &quot;reset := CharsetDecoder&quot; }"/>
        </annotation>
    </item>
    <item name='java.nio.charset.CharsetDecoder java.nio.charset.CoderResult decode(java.nio.ByteBuffer, java.nio.CharBuffer, boolean)'>
        <annotation name='com.intellij.inspections.tainted.annotation.equation.Equations'>
            <val val="{ &quot;in := #decode(java.nio.ByteBuffer)#0 &amp; sun.nio.cs.StreamDecoder &amp; sun.nio.cs.StreamDecoder&quot;, &quot;decode := CoderResult#OVERFLOW&quot;, &quot;out := &quot; }"/>
        </annotation>
    </item>
    <item name='java.nio.charset.CharsetDecoder java.nio.charset.CoderResult decodeLoop(java.nio.ByteBuffer, java.nio.CharBuffer)'>
        <annotation name='com.intellij.inspections.tainted.annotation.equation.Equations'>
            <val val="{ &quot;out := sun.nio.cs.US_ASCII.Decoder#decodeLoop(java.nio.ByteBuffer, java.nio.CharBuffer)#1&quot;, &quot;in := sun.nio.cs.US_ASCII.Decoder#decodeLoop(java.nio.ByteBuffer, java.nio.CharBuffer)#0&quot;, &quot;decodeLoop := sun.nio.cs.US_ASCII.Decoder#decodeLoop(java.nio.ByteBuffer, java.nio.CharBuffer)&quot; }"/>
        </annotation>
    </item>
    <item name='java.nio.charset.CharsetDecoder java.nio.charset.CoderResult flush(java.nio.CharBuffer)'>
        <annotation name='com.intellij.inspections.tainted.annotation.equation.Equations'>
            <val val="{ &quot;flush := CoderResult#UNDERFLOW&quot;, &quot;out := &quot; }"/>
        </annotation>
    </item>
    <item name='java.nio.charset.CharsetDecoder java.nio.charset.CoderResult implFlush(java.nio.CharBuffer)'>
        <annotation name='com.intellij.inspections.tainted.annotation.equation.Equations'>
            <val val="{ &quot;implFlush := CoderResult#UNDERFLOW&quot;, &quot;out := #flush(java.nio.CharBuffer)#0&quot; }"/>
        </annotation>
    </item>
    <item name='java.nio.charset.CharsetDecoder java.nio.charset.CodingErrorAction malformedInputAction()'>
        <annotation name='com.intellij.inspections.tainted.annotation.equation.Equations'>
            <val val="{ &quot;malformedInputAction := CharsetDecoder&quot; }"/>
        </annotation>
    </item>
    <item name='java.nio.charset.CharsetDecoder java.nio.charset.CodingErrorAction unmappableCharacterAction()'>
        <annotation name='com.intellij.inspections.tainted.annotation.equation.Equations'>
            <val val="{ &quot;unmappableCharacterAction := CharsetDecoder&quot; }"/>
        </annotation>
    </item>
    <item name='java.nio.charset.CharsetDecoder void implOnMalformedInput(java.nio.charset.CodingErrorAction)'>
        <annotation name='com.intellij.inspections.tainted.annotation.equation.Equations'>
            <val val="{ &quot;newAction := #onMalformedInput(java.nio.charset.CodingErrorAction)#0&quot; }"/>
        </annotation>
    </item>
    <item name='java.nio.charset.CharsetDecoder void implOnUnmappableCharacter(java.nio.charset.CodingErrorAction)'>
        <annotation name='com.intellij.inspections.tainted.annotation.equation.Equations'>
            <val val="{ &quot;newAction := #onUnmappableCharacter(java.nio.charset.CodingErrorAction)#0&quot; }"/>
        </annotation>
    </item>
    <item name='java.nio.charset.CharsetDecoder void implReplaceWith(java.lang.String)'>
        <annotation name='com.intellij.inspections.tainted.annotation.equation.Equations'>
            <val val="{ &quot;newReplacement := CharsetDecoder &amp; sun.nio.cs.US_ASCII.Decoder#implReplaceWith(java.lang.String)#0&quot; }"/>
        </annotation>
    </item>
    <item name='java.nio.charset.CharsetDecoder void throwIllegalStateException(int, int)'>
        <annotation name='com.intellij.inspections.tainted.annotation.equation.Equations'>
            <val val="{ &quot;from := CharsetDecoder&quot;, &quot;to := #ST_END &amp; #ST_CODING &amp; #ST_FLUSHED&quot; }"/>
        </annotation>
    </item>
    <item name='java.nio.charset.CharsetEncoder'>
        <annotation name='com.intellij.inspections.tainted.annotation.equation.Equations'>
            <val val="{ &quot;CharsetEncoder := CodingErrorAction#REPORT &amp; #ST_RESET&quot; }"/>
        </annotation>
    </item>
    <item name='java.nio.charset.CharsetEncoder CharsetEncoder(java.nio.charset.Charset, float, float)'>
        <annotation name='com.intellij.inspections.tainted.annotation.equation.Equations'>
            <val val="{ &quot;CharsetEncoder := CharsetEncoder&quot;, &quot;cs := sun.nio.cs.US_ASCII.Encoder#Encoder(java.nio.charset.Charset)#0 &amp; sun.nio.cs.US_ASCII.Encoder#Encoder(java.nio.charset.Charset)#0&quot; }"/>
        </annotation>
    </item>
    <item name='java.nio.charset.CharsetEncoder CharsetEncoder(java.nio.charset.Charset, float, float, byte[])'>
        <annotation name='com.intellij.inspections.tainted.annotation.equation.Equations'>
            <val val="{ &quot;CharsetEncoder := CharsetEncoder&quot;, &quot;averageBytesPerChar := #CharsetEncoder(java.nio.charset.Charset, float, float)#1&quot;, &quot;maxBytesPerChar := #CharsetEncoder(java.nio.charset.Charset, float, float)#2&quot;, &quot;cs := #CharsetEncoder(java.nio.charset.Charset, float, float)#0&quot; }"/>
        </annotation>
    </item>
    <item name='java.nio.charset.CharsetEncoder boolean canEncode(char)'>
        <annotation name='com.intellij.inspections.tainted.annotation.equation.Equations'>
            <val val="{ &quot;c := sun.nio.cs.US_ASCII.Encoder#canEncode(char)#0&quot; }"/>
        </annotation>
    </item>
    <item name='java.nio.charset.CharsetEncoder boolean isLegalReplacement(byte[])'>
        <annotation name='com.intellij.inspections.tainted.annotation.equation.Equations'>
            <val val="{ &quot;repl := sun.nio.cs.US_ASCII.Encoder#isLegalReplacement(byte[])#0&quot; }"/>
        </annotation>
    </item>
    <item name='java.nio.charset.CharsetEncoder float averageBytesPerChar()'>
        <annotation name='com.intellij.inspections.tainted.annotation.equation.Equations'>
            <val val="{ &quot;averageBytesPerChar := CharsetEncoder&quot; }"/>
        </annotation>
    </item>
    <item name='java.nio.charset.CharsetEncoder float maxBytesPerChar()'>
        <annotation name='com.intellij.inspections.tainted.annotation.equation.Equations'>
            <val val="{ &quot;maxBytesPerChar := CharsetEncoder&quot; }"/>
        </annotation>
    </item>
    <item name='java.nio.charset.CharsetEncoder java.nio.ByteBuffer encode(java.nio.CharBuffer)'>
        <annotation name='com.intellij.inspections.tainted.annotation.equation.Equations'>
            <val val="{ &quot;in := #canEncode(java.nio.CharBuffer)#0 &amp; Charset#encode(java.nio.CharBuffer)#0&quot; }"/>
        </annotation>
    </item>
    <item name='java.nio.charset.CharsetEncoder java.nio.charset.Charset charset()'>
        <annotation name='com.intellij.inspections.tainted.annotation.equation.Equations'>
            <val val="{ &quot;charset := CharsetEncoder&quot; }"/>
        </annotation>
    </item>
    <item name='java.nio.charset.CharsetEncoder java.nio.charset.CharsetEncoder onMalformedInput(java.nio.charset.CodingErrorAction)'>
        <annotation name='com.intellij.inspections.tainted.annotation.equation.Equations'>
            <val val="{ &quot;onMalformedInput := CharsetEncoder&quot;, &quot;newAction := CodingErrorAction#REPORT&quot; }"/>
        </annotation>
    </item>
    <item name='java.nio.charset.CharsetEncoder java.nio.charset.CharsetEncoder onUnmappableCharacter(java.nio.charset.CodingErrorAction)'>
        <annotation name='com.intellij.inspections.tainted.annotation.equation.Equations'>
            <val val="{ &quot;onUnmappableCharacter := CharsetEncoder&quot;, &quot;newAction := CodingErrorAction#REPORT &amp; CodingErrorAction#REPLACE&quot; }"/>
        </annotation>
    </item>
    <item name='java.nio.charset.CharsetEncoder java.nio.charset.CharsetEncoder replaceWith(byte[])'>
        <annotation name='com.intellij.inspections.tainted.annotation.equation.Equations'>
            <val val="{ &quot;newReplacement := #CharsetEncoder(java.nio.charset.Charset, float, float, byte[])#3&quot;, &quot;replaceWith := CharsetEncoder&quot; }"/>
        </annotation>
    </item>
    <item name='java.nio.charset.CharsetEncoder java.nio.charset.CharsetEncoder reset()'>
        <annotation name='com.intellij.inspections.tainted.annotation.equation.Equations'>
            <val val="{ &quot;reset := CharsetEncoder&quot; }"/>
        </annotation>
    </item>
    <item name='java.nio.charset.CharsetEncoder java.nio.charset.CoderResult encode(java.nio.CharBuffer, java.nio.ByteBuffer, boolean)'>
        <annotation name='com.intellij.inspections.tainted.annotation.equation.Equations'>
            <val val="{ &quot;out := sun.awt.datatransfer.DataTransferer.ReencodingInputStream &amp; sun.awt.datatransfer.DataTransferer.ReencodingInputStream &amp; sun.nio.cs.StreamEncoder &amp; sun.nio.cs.StreamEncoder&quot;, &quot;encode := CoderResult#OVERFLOW&quot;, &quot;in := sun.awt.datatransfer.DataTransferer.ReencodingInputStream &amp; #encode(java.nio.CharBuffer)#0 &amp; sun.awt.datatransfer.DataTransferer.ReencodingInputStream &amp; sun.nio.cs.StreamEncoder &amp; sun.nio.cs.StreamEncoder&quot; }"/>
        </annotation>
    </item>
    <item name='java.nio.charset.CharsetEncoder java.nio.charset.CoderResult encodeLoop(java.nio.CharBuffer, java.nio.ByteBuffer)'>
        <annotation name='com.intellij.inspections.tainted.annotation.equation.Equations'>
            <val val="{ &quot;encodeLoop := sun.nio.cs.US_ASCII.Encoder#encodeLoop(java.nio.CharBuffer, java.nio.ByteBuffer)&quot;, &quot;out := sun.nio.cs.US_ASCII.Encoder#encodeLoop(java.nio.CharBuffer, java.nio.ByteBuffer)#1&quot;, &quot;in := sun.nio.cs.US_ASCII.Encoder#encodeLoop(java.nio.CharBuffer, java.nio.ByteBuffer)#0&quot; }"/>
        </annotation>
    </item>
    <item name='java.nio.charset.CharsetEncoder java.nio.charset.CoderResult flush(java.nio.ByteBuffer)'>
        <annotation name='com.intellij.inspections.tainted.annotation.equation.Equations'>
            <val val="{ &quot;out := sun.nio.cs.StreamEncoder &amp; sun.nio.cs.StreamEncoder&quot;, &quot;flush := CoderResult#UNDERFLOW&quot; }"/>
        </annotation>
    </item>
    <item name='java.nio.charset.CharsetEncoder java.nio.charset.CoderResult implFlush(java.nio.ByteBuffer)'>
        <annotation name='com.intellij.inspections.tainted.annotation.equation.Equations'>
            <val val="{ &quot;out := #flush(java.nio.ByteBuffer)#0&quot;, &quot;implFlush := CoderResult#UNDERFLOW&quot; }"/>
        </annotation>
    </item>
    <item name='java.nio.charset.CharsetEncoder java.nio.charset.CodingErrorAction malformedInputAction()'>
        <annotation name='com.intellij.inspections.tainted.annotation.equation.Equations'>
            <val val="{ &quot;malformedInputAction := CharsetEncoder&quot; }"/>
        </annotation>
    </item>
    <item name='java.nio.charset.CharsetEncoder java.nio.charset.CodingErrorAction unmappableCharacterAction()'>
        <annotation name='com.intellij.inspections.tainted.annotation.equation.Equations'>
            <val val="{ &quot;unmappableCharacterAction := CharsetEncoder&quot; }"/>
        </annotation>
    </item>
    <item name='java.nio.charset.CharsetEncoder void implOnMalformedInput(java.nio.charset.CodingErrorAction)'>
        <annotation name='com.intellij.inspections.tainted.annotation.equation.Equations'>
            <val val="{ &quot;newAction := #onMalformedInput(java.nio.charset.CodingErrorAction)#0&quot; }"/>
        </annotation>
    </item>
    <item name='java.nio.charset.CharsetEncoder void implOnUnmappableCharacter(java.nio.charset.CodingErrorAction)'>
        <annotation name='com.intellij.inspections.tainted.annotation.equation.Equations'>
            <val val="{ &quot;newAction := #onUnmappableCharacter(java.nio.charset.CodingErrorAction)#0&quot; }"/>
        </annotation>
    </item>
    <item name='java.nio.charset.CharsetEncoder void implReplaceWith(byte[])'>
        <annotation name='com.intellij.inspections.tainted.annotation.equation.Equations'>
            <val val="{ &quot;newReplacement := sun.nio.cs.US_ASCII.Encoder#implReplaceWith(byte[])#0&quot; }"/>
        </annotation>
    </item>
    <item name='java.nio.charset.CharsetEncoder void throwIllegalStateException(int, int)'>
        <annotation name='com.intellij.inspections.tainted.annotation.equation.Equations'>
            <val val="{ &quot;from := CharsetEncoder&quot;, &quot;to := #ST_END &amp; #ST_CODING &amp; #ST_FLUSHED&quot; }"/>
        </annotation>
    </item>
    <item name='java.nio.charset.CoderMalfunctionError CoderMalfunctionError(java.lang.Exception)'>
        <annotation name='com.intellij.inspections.tainted.annotation.equation.Equations'>
            <val val="{ &quot;CoderMalfunctionError := CoderMalfunctionError&quot; }"/>
        </annotation>
    </item>
    <item name='java.nio.charset.CoderResult'>
        <annotation name='com.intellij.inspections.tainted.annotation.equation.Equations'>
            <val val="{ &quot;CoderResult := &quot; }"/>
        </annotation>
    </item>
    <item name='java.nio.charset.CoderResult CoderResult(int, int)'>
        <annotation name='com.intellij.inspections.tainted.annotation.equation.Equations'>
            <val val="{ &quot;CoderResult := CoderResult&quot;, &quot;type := #CR_UNDERFLOW &amp; #CR_OVERFLOW &amp; #CR_MALFORMED &amp; #CR_UNMAPPABLE&quot;, &quot;length := &quot; }"/>
        </annotation>
    </item>
    <item name='java.nio.charset.CoderResult int length()'>
        <annotation name='com.intellij.inspections.tainted.annotation.equation.Equations'>
            <val val="{ &quot;length := CoderResult&quot; }"/>
        </annotation>
    </item>
    <item name='java.nio.charset.CoderResult java.lang.String toString()'>
        <annotation name='com.intellij.inspections.tainted.annotation.equation.Equations'>
            <val val="{ &quot;toString := #names &amp; CoderResult&quot; }"/>
        </annotation>
    </item>
    <item name='java.nio.charset.CoderResult.Cache java.nio.charset.CoderResult create(int)'>
        <annotation name='com.intellij.inspections.tainted.annotation.equation.Equations'>
            <val val="{ &quot;len := #get(int)#0&quot; }"/>
        </annotation>
    </item>
    <item name='java.nio.charset.CoderResult.Cache java.nio.charset.CoderResult get(int)'>
        <annotation name='com.intellij.inspections.tainted.annotation.equation.Equations'>
            <val val="{ &quot;len := CoderResult#malformedForLength(int)#0 &amp; CoderResult#unmappableForLength(int)#0&quot; }"/>
        </annotation>
    </item>
    <item name='java.nio.charset.CodingErrorAction CodingErrorAction(java.lang.String)'>
        <annotation name='com.intellij.inspections.tainted.annotation.equation.Equations'>
            <val val="{ &quot;CodingErrorAction := CodingErrorAction&quot; }"/>
        </annotation>
    </item>
    <item name='java.nio.charset.CodingErrorAction java.lang.String toString()'>
        <annotation name='com.intellij.inspections.tainted.annotation.equation.Equations'>
            <val val="{ &quot;toString := CodingErrorAction&quot; }"/>
        </annotation>
    </item>
    <item name='java.nio.charset.IllegalCharsetNameException IllegalCharsetNameException(java.lang.String)'>
        <annotation name='com.intellij.inspections.tainted.annotation.equation.Equations'>
            <val val="{ &quot;IllegalCharsetNameException := IllegalCharsetNameException&quot; }"/>
        </annotation>
    </item>
    <item name='java.nio.charset.MalformedInputException MalformedInputException(int)'>
        <annotation name='com.intellij.inspections.tainted.annotation.equation.Equations'>
            <val val="{ &quot;MalformedInputException := MalformedInputException&quot; }"/>
        </annotation>
    </item>
    <item name='java.nio.charset.MalformedInputException int getInputLength()'>
        <annotation name='com.intellij.inspections.tainted.annotation.equation.Equations'>
            <val val="{ &quot;getInputLength := MalformedInputException&quot; }"/>
        </annotation>
    </item>
    <item name='java.nio.charset.MalformedInputException java.lang.String getMessage()'>
        <annotation name='com.intellij.inspections.tainted.annotation.equation.Equations'>
            <val val="{ &quot;getMessage := MalformedInputException&quot; }"/>
        </annotation>
    </item>
    <item name='java.nio.charset.StandardCharsets StandardCharsets()'>
        <annotation name='com.intellij.inspections.tainted.annotation.equation.Equations'>
            <val val="{ &quot;StandardCharsets := StandardCharsets&quot; }"/>
        </annotation>
    </item>
    <item name='java.nio.charset.UnmappableCharacterException UnmappableCharacterException(int)'>
        <annotation name='com.intellij.inspections.tainted.annotation.equation.Equations'>
            <val val="{ &quot;UnmappableCharacterException := UnmappableCharacterException&quot; }"/>
        </annotation>
    </item>
    <item name='java.nio.charset.UnmappableCharacterException int getInputLength()'>
        <annotation name='com.intellij.inspections.tainted.annotation.equation.Equations'>
            <val val="{ &quot;getInputLength := UnmappableCharacterException&quot; }"/>
        </annotation>
    </item>
    <item name='java.nio.charset.UnmappableCharacterException java.lang.String getMessage()'>
        <annotation name='com.intellij.inspections.tainted.annotation.equation.Equations'>
            <val val="{ &quot;getMessage := UnmappableCharacterException&quot; }"/>
        </annotation>
    </item>
    <item name='java.nio.charset.UnsupportedCharsetException UnsupportedCharsetException(java.lang.String)'>
        <annotation name='com.intellij.inspections.tainted.annotation.equation.Equations'>
            <val val="{ &quot;UnsupportedCharsetException := UnsupportedCharsetException&quot; }"/>
        </annotation>
    </item>
</root>