<root>
    <item name='com.sun.imageio.stream.CloseableDisposerRecord CloseableDisposerRecord(java.io.Closeable)'>
        <annotation name='com.intellij.inspections.tainted.annotation.equation.Equations'>
            <val val="{ &quot;CloseableDisposerRecord := CloseableDisposerRecord&quot;, &quot;closeable := javax.imageio.stream.FileImageInputStream#FileImageInputStream(java.io.RandomAccessFile)#0 &amp; javax.imageio.stream.FileImageOutputStream#FileImageOutputStream(java.io.RandomAccessFile)#0&quot; }"/>
        </annotation>
    </item>
    <item name='com.sun.imageio.stream.StreamCloser com.sun.imageio.stream.StreamCloser.CloseAction createCloseAction(javax.imageio.stream.ImageInputStream)'>
        <annotation name='com.intellij.inspections.tainted.annotation.equation.Equations'>
            <val val="{ &quot;iis := javax.imageio.stream.FileCacheImageInputStream &amp; javax.imageio.stream.FileCacheImageOutputStream&quot; }"/>
        </annotation>
    </item>
    <item name='com.sun.imageio.stream.StreamCloser void addToQueue(com.sun.imageio.stream.StreamCloser.CloseAction)'>
        <annotation name='com.intellij.inspections.tainted.annotation.equation.Equations'>
            <val val="{ &quot;ca := javax.imageio.stream.FileCacheImageInputStream &amp; javax.imageio.stream.FileCacheImageOutputStream&quot; }"/>
        </annotation>
    </item>
    <item name='com.sun.imageio.stream.StreamCloser void removeFromQueue(com.sun.imageio.stream.StreamCloser.CloseAction)'>
        <annotation name='com.intellij.inspections.tainted.annotation.equation.Equations'>
            <val val="{ &quot;ca := javax.imageio.stream.FileCacheImageInputStream &amp; javax.imageio.stream.FileCacheImageOutputStream&quot; }"/>
        </annotation>
    </item>
    <item name='com.sun.imageio.stream.StreamCloser.CloseAction CloseAction(javax.imageio.stream.ImageInputStream)'>
        <annotation name='com.intellij.inspections.tainted.annotation.equation.Equations'>
            <val val="{ &quot;iis := StreamCloser#createCloseAction(javax.imageio.stream.ImageInputStream)#0&quot;, &quot;CloseAction := StreamCloser.CloseAction&quot; }"/>
        </annotation>
    </item>
</root>