<root>
    <item name='javax.sound.midi.InvalidMidiDataException InvalidMidiDataException(java.lang.String)'>
        <annotation name='com.intellij.inspections.tainted.annotation.equation.Equations'>
            <val val="{ &quot;InvalidMidiDataException := InvalidMidiDataException&quot; }"/>
        </annotation>
    </item>
    <item name='javax.sound.midi.MetaEventListener void meta(javax.sound.midi.MetaMessage)'>
        <annotation name='com.intellij.inspections.tainted.annotation.equation.Equations'>
            <val val="{ &quot;meta := com.sun.media.sound.JavaSoundAudioClip#meta(javax.sound.midi.MetaMessage)#0&quot; }"/>
        </annotation>
    </item>
    <item name='javax.sound.midi.MetaMessage MetaMessage()'>
        <annotation name='com.intellij.inspections.tainted.annotation.equation.Equations'>
            <val val="{ &quot;MetaMessage := MetaMessage&quot; }"/>
        </annotation>
    </item>
    <item name='javax.sound.midi.MetaMessage MetaMessage(byte[])'>
        <annotation name='com.intellij.inspections.tainted.annotation.equation.Equations'>
            <val val="{ &quot;MetaMessage := MetaMessage&quot;, &quot;data := #META&quot; }"/>
        </annotation>
    </item>
    <item name='javax.sound.midi.MetaMessage MetaMessage(int, byte[], int)'>
        <annotation name='com.intellij.inspections.tainted.annotation.equation.Equations'>
            <val val="{ &quot;MetaMessage := MetaMessage&quot; }"/>
        </annotation>
    </item>
    <item name='javax.sound.midi.MetaMessage int getType()'>
        <annotation name='com.intellij.inspections.tainted.annotation.equation.Equations'>
            <val val="{ &quot;getType := MetaMessage&quot; }"/>
        </annotation>
    </item>
    <item name='javax.sound.midi.MetaMessage int getVarIntLength(long)'>
        <annotation name='com.intellij.inspections.tainted.annotation.equation.Equations'>
            <val val="{ &quot;value := #setMessage(int, byte[], int)#2&quot; }"/>
        </annotation>
    </item>
    <item name='javax.sound.midi.MetaMessage void setMessage(int, byte[], int)'>
        <annotation name='com.intellij.inspections.tainted.annotation.equation.Equations'>
            <val val="{ &quot;length := Track.ImmutableEndOfTrack#setMessage(int, byte[], int)#2&quot;, &quot;data := Track.ImmutableEndOfTrack#setMessage(int, byte[], int)#1&quot;, &quot;type := Track.ImmutableEndOfTrack#setMessage(int, byte[], int)#0&quot; }"/>
        </annotation>
    </item>
    <item name='javax.sound.midi.MetaMessage void writeVarInt(byte[], int, long)'>
        <annotation name='com.intellij.inspections.tainted.annotation.equation.Equations'>
            <val val="{ &quot;value := #setMessage(int, byte[], int)#2&quot;, &quot;data := MetaMessage&quot; }"/>
        </annotation>
    </item>
    <item name='javax.sound.midi.MidiDevice.Info Info(java.lang.String, java.lang.String, java.lang.String, java.lang.String)'>
        <annotation name='com.intellij.inspections.tainted.annotation.equation.Equations'>
            <val val="{ &quot;Info := MidiDevice.Info&quot; }"/>
        </annotation>
    </item>
    <item name='javax.sound.midi.MidiDevice.Info java.lang.String getDescription()'>
        <annotation name='com.intellij.inspections.tainted.annotation.equation.Equations'>
            <val val="{ &quot;getDescription := MidiDevice.Info&quot; }"/>
        </annotation>
    </item>
    <item name='javax.sound.midi.MidiDevice.Info java.lang.String getName()'>
        <annotation name='com.intellij.inspections.tainted.annotation.equation.Equations'>
            <val val="{ &quot;getName := MidiDevice.Info&quot; }"/>
        </annotation>
    </item>
    <item name='javax.sound.midi.MidiDevice.Info java.lang.String getVendor()'>
        <annotation name='com.intellij.inspections.tainted.annotation.equation.Equations'>
            <val val="{ &quot;getVendor := MidiDevice.Info&quot; }"/>
        </annotation>
    </item>
    <item name='javax.sound.midi.MidiDevice.Info java.lang.String getVersion()'>
        <annotation name='com.intellij.inspections.tainted.annotation.equation.Equations'>
            <val val="{ &quot;getVersion := MidiDevice.Info&quot; }"/>
        </annotation>
    </item>
    <item name='javax.sound.midi.MidiDevice.Info java.lang.String toString()'>
        <annotation name='com.intellij.inspections.tainted.annotation.equation.Equations'>
            <val val="{ &quot;toString := MidiDevice.Info&quot; }"/>
        </annotation>
    </item>
    <item name='javax.sound.midi.MidiEvent MidiEvent(javax.sound.midi.MidiMessage, long)'>
        <annotation name='com.intellij.inspections.tainted.annotation.equation.Equations'>
            <val val="{ &quot;MidiEvent := MidiEvent&quot; }"/>
        </annotation>
    </item>
    <item name='javax.sound.midi.MidiEvent javax.sound.midi.MidiMessage getMessage()'>
        <annotation name='com.intellij.inspections.tainted.annotation.equation.Equations'>
            <val val="{ &quot;getMessage := MidiEvent&quot; }"/>
        </annotation>
    </item>
    <item name='javax.sound.midi.MidiEvent long getTick()'>
        <annotation name='com.intellij.inspections.tainted.annotation.equation.Equations'>
            <val val="{ &quot;getTick := MidiEvent&quot; }"/>
        </annotation>
    </item>
    <item name='javax.sound.midi.MidiEvent void setTick(long)'>
        <annotation name='com.intellij.inspections.tainted.annotation.equation.Equations'>
            <val val="{ &quot;tick := &quot; }"/>
        </annotation>
    </item>
    <item name='javax.sound.midi.MidiFileFormat MidiFileFormat(int, float, int, int, long, java.util.Map&lt;java.lang.String,java.lang.Object&gt;)'>
        <annotation name='com.intellij.inspections.tainted.annotation.equation.Equations'>
            <val val="{ &quot;MidiFileFormat := MidiFileFormat&quot; }"/>
        </annotation>
    </item>
    <item name='javax.sound.midi.MidiMessage MidiMessage(byte[])'>
        <annotation name='com.intellij.inspections.tainted.annotation.equation.Equations'>
            <val val="{ &quot;data := MetaMessage#MetaMessage(byte[])#0 &amp; SysexMessage#SysexMessage(byte[])#0 &amp; ShortMessage#ShortMessage(byte[])#0&quot;, &quot;MidiMessage := MidiMessage&quot; }"/>
        </annotation>
    </item>
    <item name='javax.sound.midi.MidiMessage int getLength()'>
        <annotation name='com.intellij.inspections.tainted.annotation.equation.Equations'>
            <val val="{ &quot;getLength := MidiMessage&quot; }"/>
        </annotation>
    </item>
    <item name='javax.sound.midi.MidiMessage int getStatus()'>
        <annotation name='com.intellij.inspections.tainted.annotation.equation.Equations'>
            <val val="{ &quot;getStatus := MidiMessage&quot; }"/>
        </annotation>
    </item>
    <item name='javax.sound.midi.MidiMessage java.lang.Object clone()'>
        <annotation name='com.intellij.inspections.tainted.annotation.equation.Equations'>
            <val val="{ &quot;clone := MetaMessage#clone() &amp; SysexMessage#clone() &amp; ShortMessage#clone()&quot; }"/>
        </annotation>
    </item>
    <item name='javax.sound.midi.MidiMessage void setMessage(byte[], int)'>
        <annotation name='com.intellij.inspections.tainted.annotation.equation.Equations'>
            <val val="{ &quot;data := SysexMessage#setMessage(byte[], int)#0&quot;, &quot;length := SysexMessage#setMessage(byte[], int)#1&quot; }"/>
        </annotation>
    </item>
    <item name='javax.sound.midi.MidiSystem boolean isAppropriateDevice(javax.sound.midi.MidiDevice, java.lang.Class, boolean, boolean)'>
        <annotation name='com.intellij.inspections.tainted.annotation.equation.Equations'>
            <val val="{ &quot;deviceClass := #getNamedDevice(java.lang.String, javax.sound.midi.spi.MidiDeviceProvider, java.lang.Class, boolean, boolean)#2 &amp; #getFirstDevice(javax.sound.midi.spi.MidiDeviceProvider, java.lang.Class, boolean, boolean)#1&quot; }"/>
        </annotation>
    </item>
    <item name='javax.sound.midi.MidiSystem javax.sound.midi.MidiDevice getDefaultDevice(java.lang.Class)'>
        <annotation name='com.intellij.inspections.tainted.annotation.equation.Equations'>
            <val val="{ &quot;deviceClass := #getDefaultDeviceWrapper(java.lang.Class)#0&quot; }"/>
        </annotation>
    </item>
    <item name='javax.sound.midi.MidiSystem javax.sound.midi.MidiDevice getFirstDevice(java.util.List, java.lang.Class)'>
        <annotation name='com.intellij.inspections.tainted.annotation.equation.Equations'>
            <val val="{ &quot;deviceClass := #getDefaultDevice(java.lang.Class)#0&quot; }"/>
        </annotation>
    </item>
    <item name='javax.sound.midi.MidiSystem javax.sound.midi.MidiDevice getFirstDevice(java.util.List, java.lang.Class, boolean, boolean)'>
        <annotation name='com.intellij.inspections.tainted.annotation.equation.Equations'>
            <val val="{ &quot;deviceClass := #getFirstDevice(java.util.List, java.lang.Class)#1&quot;, &quot;providers := #getFirstDevice(java.util.List, java.lang.Class)#0&quot; }"/>
        </annotation>
    </item>
    <item name='javax.sound.midi.MidiSystem javax.sound.midi.MidiDevice getFirstDevice(javax.sound.midi.spi.MidiDeviceProvider, java.lang.Class)'>
        <annotation name='com.intellij.inspections.tainted.annotation.equation.Equations'>
            <val val="{ &quot;deviceClass := #getDefaultDevice(java.lang.Class)#0&quot; }"/>
        </annotation>
    </item>
    <item name='javax.sound.midi.MidiSystem javax.sound.midi.MidiDevice getFirstDevice(javax.sound.midi.spi.MidiDeviceProvider, java.lang.Class, boolean, boolean)'>
        <annotation name='com.intellij.inspections.tainted.annotation.equation.Equations'>
            <val val="{ &quot;provider := #getFirstDevice(javax.sound.midi.spi.MidiDeviceProvider, java.lang.Class)#0&quot;, &quot;deviceClass := #getFirstDevice(javax.sound.midi.spi.MidiDeviceProvider, java.lang.Class)#1 &amp; #getFirstDevice(java.util.List, java.lang.Class, boolean, boolean)#1&quot; }"/>
        </annotation>
    </item>
    <item name='javax.sound.midi.MidiSystem javax.sound.midi.MidiDevice getNamedDevice(java.lang.String, java.util.List, java.lang.Class)'>
        <annotation name='com.intellij.inspections.tainted.annotation.equation.Equations'>
            <val val="{ &quot;deviceClass := #getDefaultDevice(java.lang.Class)#0&quot; }"/>
        </annotation>
    </item>
    <item name='javax.sound.midi.MidiSystem javax.sound.midi.MidiDevice getNamedDevice(java.lang.String, java.util.List, java.lang.Class, boolean, boolean)'>
        <annotation name='com.intellij.inspections.tainted.annotation.equation.Equations'>
            <val val="{ &quot;deviceClass := #getNamedDevice(java.lang.String, java.util.List, java.lang.Class)#2&quot;, &quot;providers := #getNamedDevice(java.lang.String, java.util.List, java.lang.Class)#1&quot;, &quot;deviceName := #getNamedDevice(java.lang.String, java.util.List, java.lang.Class)#0&quot; }"/>
        </annotation>
    </item>
    <item name='javax.sound.midi.MidiSystem javax.sound.midi.MidiDevice getNamedDevice(java.lang.String, javax.sound.midi.spi.MidiDeviceProvider, java.lang.Class)'>
        <annotation name='com.intellij.inspections.tainted.annotation.equation.Equations'>
            <val val="{ &quot;deviceClass := #getDefaultDevice(java.lang.Class)#0&quot; }"/>
        </annotation>
    </item>
    <item name='javax.sound.midi.MidiSystem javax.sound.midi.MidiDevice getNamedDevice(java.lang.String, javax.sound.midi.spi.MidiDeviceProvider, java.lang.Class, boolean, boolean)'>
        <annotation name='com.intellij.inspections.tainted.annotation.equation.Equations'>
            <val val="{ &quot;provider := #getNamedDevice(java.lang.String, javax.sound.midi.spi.MidiDeviceProvider, java.lang.Class)#1&quot;, &quot;deviceName := #getNamedDevice(java.lang.String, javax.sound.midi.spi.MidiDeviceProvider, java.lang.Class)#0 &amp; #getNamedDevice(java.lang.String, java.util.List, java.lang.Class, boolean, boolean)#0&quot;, &quot;deviceClass := #getNamedDevice(java.lang.String, javax.sound.midi.spi.MidiDeviceProvider, java.lang.Class)#2 &amp; #getNamedDevice(java.lang.String, java.util.List, java.lang.Class, boolean, boolean)#2&quot; }"/>
        </annotation>
    </item>
    <item name='javax.sound.midi.MidiSystem javax.sound.midi.MidiFileFormat getMidiFileFormat(java.io.InputStream)'>
        <annotation name='com.intellij.inspections.tainted.annotation.equation.Equations'>
            <val val="{ &quot;stream := &quot; }"/>
        </annotation>
    </item>
    <item name='javax.sound.midi.MidiSystem javax.sound.midi.Sequence getSequence(java.io.InputStream)'>
        <annotation name='com.intellij.inspections.tainted.annotation.equation.Equations'>
            <val val="{ &quot;stream := com.sun.media.sound.JavaSoundAudioClip#createSequencer(java.io.BufferedInputStream)#0&quot; }"/>
        </annotation>
    </item>
    <item name='javax.sound.midi.MidiUnavailableException MidiUnavailableException(java.lang.String)'>
        <annotation name='com.intellij.inspections.tainted.annotation.equation.Equations'>
            <val val="{ &quot;MidiUnavailableException := MidiUnavailableException&quot; }"/>
        </annotation>
    </item>
    <item name='javax.sound.midi.Sequence'>
        <annotation name='com.intellij.inspections.tainted.annotation.equation.Equations'>
            <val val="{ &quot;Sequence := &quot; }"/>
        </annotation>
    </item>
    <item name='javax.sound.midi.Sequence Sequence(float, int)'>
        <annotation name='com.intellij.inspections.tainted.annotation.equation.Equations'>
            <val val="{ &quot;Sequence := Sequence&quot; }"/>
        </annotation>
    </item>
    <item name='javax.sound.midi.Sequence Sequence(float, int, int)'>
        <annotation name='com.intellij.inspections.tainted.annotation.equation.Equations'>
            <val val="{ &quot;Sequence := Sequence&quot; }"/>
        </annotation>
    </item>
    <item name='javax.sound.midi.Sequence float getDivisionType()'>
        <annotation name='com.intellij.inspections.tainted.annotation.equation.Equations'>
            <val val="{ &quot;getDivisionType := Sequence&quot; }"/>
        </annotation>
    </item>
    <item name='javax.sound.midi.Sequence int getResolution()'>
        <annotation name='com.intellij.inspections.tainted.annotation.equation.Equations'>
            <val val="{ &quot;getResolution := Sequence&quot; }"/>
        </annotation>
    </item>
    <item name='javax.sound.midi.Sequence long getMicrosecondLength()'>
        <annotation name='com.intellij.inspections.tainted.annotation.equation.Equations'>
            <val val="{ &quot;getMicrosecondLength := &quot; }"/>
        </annotation>
    </item>
    <item name='javax.sound.midi.Sequencer boolean addMetaEventListener(javax.sound.midi.MetaEventListener)'>
        <annotation name='com.intellij.inspections.tainted.annotation.equation.Equations'>
            <val val="{ &quot;listener := com.sun.media.sound.JavaSoundAudioClip&quot; }"/>
        </annotation>
    </item>
    <item name='javax.sound.midi.Sequencer void setSequence(javax.sound.midi.Sequence)'>
        <annotation name='com.intellij.inspections.tainted.annotation.equation.Equations'>
            <val val="{ &quot;sequence := com.sun.media.sound.JavaSoundAudioClip&quot; }"/>
        </annotation>
    </item>
    <item name='javax.sound.midi.Sequencer.SyncMode SyncMode(java.lang.String)'>
        <annotation name='com.intellij.inspections.tainted.annotation.equation.Equations'>
            <val val="{ &quot;SyncMode := Sequencer.SyncMode&quot; }"/>
        </annotation>
    </item>
    <item name='javax.sound.midi.Sequencer.SyncMode java.lang.String toString()'>
        <annotation name='com.intellij.inspections.tainted.annotation.equation.Equations'>
            <val val="{ &quot;toString := Sequencer.SyncMode&quot; }"/>
        </annotation>
    </item>
    <item name='javax.sound.midi.ShortMessage ShortMessage(byte[])'>
        <annotation name='com.intellij.inspections.tainted.annotation.equation.Equations'>
            <val val="{ &quot;ShortMessage := ShortMessage&quot; }"/>
        </annotation>
    </item>
    <item name='javax.sound.midi.SysexMessage SysexMessage(byte[])'>
        <annotation name='com.intellij.inspections.tainted.annotation.equation.Equations'>
            <val val="{ &quot;SysexMessage := SysexMessage&quot; }"/>
        </annotation>
    </item>
    <item name='javax.sound.midi.SysexMessage SysexMessage(byte[], int)'>
        <annotation name='com.intellij.inspections.tainted.annotation.equation.Equations'>
            <val val="{ &quot;SysexMessage := SysexMessage&quot; }"/>
        </annotation>
    </item>
    <item name='javax.sound.midi.SysexMessage void setMessage(byte[], int)'>
        <annotation name='com.intellij.inspections.tainted.annotation.equation.Equations'>
            <val val="{ &quot;data := #SysexMessage(byte[], int)#0&quot;, &quot;length := #SysexMessage(byte[], int)#1&quot; }"/>
        </annotation>
    </item>
    <item name='javax.sound.midi.Track'>
        <annotation name='com.intellij.inspections.tainted.annotation.equation.Equations'>
            <val val="{ &quot;Track := &quot; }"/>
        </annotation>
    </item>
    <item name='javax.sound.midi.Track Track()'>
        <annotation name='com.intellij.inspections.tainted.annotation.equation.Equations'>
            <val val="{ &quot;Track := Track&quot; }"/>
        </annotation>
    </item>
    <item name='javax.sound.midi.Track.ImmutableEndOfTrack ImmutableEndOfTrack()'>
        <annotation name='com.intellij.inspections.tainted.annotation.equation.Equations'>
            <val val="{ &quot;ImmutableEndOfTrack := Track.ImmutableEndOfTrack&quot; }"/>
        </annotation>
    </item>
</root>