<root>
    <item name='org.locationtech.jts.operation.distance.ConnectedElementLocationFilter'>
        <annotation name='com.intellij.inspections.tainted.annotation.equation.Equations'>
            <val val="{ &quot;ConnectedElementLocationFilter := #ConnectedElementLocationFilter(java.util.List)#0&quot; }"/>
        </annotation>
    </item>
    <item name='org.locationtech.jts.operation.distance.ConnectedElementLocationFilter ConnectedElementLocationFilter(java.util.List)'>
        <annotation name='com.intellij.inspections.tainted.annotation.equation.Equations'>
            <val val="{ &quot;locations := &quot;, &quot;ConnectedElementLocationFilter := ConnectedElementLocationFilter&quot; }"/>
        </annotation>
    </item>
    <item name='org.locationtech.jts.operation.distance.ConnectedElementLocationFilter java.util.List getLocations(org.locationtech.jts.geom.Geometry)'>
        <annotation name='com.intellij.inspections.tainted.annotation.equation.Equations'>
            <val val="{ &quot;getLocations := &quot;, &quot;geom := DistanceOp&quot; }"/>
        </annotation>
    </item>
    <item name='org.locationtech.jts.operation.distance.DistanceOp'>
        <annotation name='com.intellij.inspections.tainted.annotation.equation.Equations'>
            <val val="{ &quot;DistanceOp := #DistanceOp(org.locationtech.jts.geom.Geometry, org.locationtech.jts.geom.Geometry, double)#0 &amp; #DistanceOp(org.locationtech.jts.geom.Geometry, org.locationtech.jts.geom.Geometry, double)#1 &amp; #DistanceOp(org.locationtech.jts.geom.Geometry, org.locationtech.jts.geom.Geometry, double)#2 &amp; java.lang.Double#MAX_VALUE &amp; #updateMinDistance(org.locationtech.jts.operation.distance.GeometryLocation[], boolean)#0 &amp; #computeContainmentDistance(int, org.locationtech.jts.operation.distance.GeometryLocation[])#1&quot; }"/>
        </annotation>
    </item>
    <item name='org.locationtech.jts.operation.distance.DistanceOp DistanceOp(org.locationtech.jts.geom.Geometry, org.locationtech.jts.geom.Geometry)'>
        <annotation name='com.intellij.inspections.tainted.annotation.equation.Equations'>
            <val val="{ &quot;g1 := #distance(org.locationtech.jts.geom.Geometry, org.locationtech.jts.geom.Geometry)#1 &amp; #nearestPoints(org.locationtech.jts.geom.Geometry, org.locationtech.jts.geom.Geometry)#1 &amp; #closestPoints(org.locationtech.jts.geom.Geometry, org.locationtech.jts.geom.Geometry)#1&quot;, &quot;DistanceOp := DistanceOp&quot;, &quot;g0 := #distance(org.locationtech.jts.geom.Geometry, org.locationtech.jts.geom.Geometry)#0 &amp; #nearestPoints(org.locationtech.jts.geom.Geometry, org.locationtech.jts.geom.Geometry)#0 &amp; #closestPoints(org.locationtech.jts.geom.Geometry, org.locationtech.jts.geom.Geometry)#0&quot; }"/>
        </annotation>
    </item>
    <item name='org.locationtech.jts.operation.distance.DistanceOp DistanceOp(org.locationtech.jts.geom.Geometry, org.locationtech.jts.geom.Geometry, double)'>
        <annotation name='com.intellij.inspections.tainted.annotation.equation.Equations'>
            <val val="{ &quot;DistanceOp := DistanceOp&quot;, &quot;g0 := #isWithinDistance(org.locationtech.jts.geom.Geometry, org.locationtech.jts.geom.Geometry, double)#0 &amp; #DistanceOp(org.locationtech.jts.geom.Geometry, org.locationtech.jts.geom.Geometry)#0&quot;, &quot;g1 := #isWithinDistance(org.locationtech.jts.geom.Geometry, org.locationtech.jts.geom.Geometry, double)#1 &amp; #DistanceOp(org.locationtech.jts.geom.Geometry, org.locationtech.jts.geom.Geometry)#1&quot;, &quot;terminateDistance := #isWithinDistance(org.locationtech.jts.geom.Geometry, org.locationtech.jts.geom.Geometry, double)#2&quot; }"/>
        </annotation>
    </item>
    <item name='org.locationtech.jts.operation.distance.DistanceOp boolean isWithinDistance(org.locationtech.jts.geom.Geometry, org.locationtech.jts.geom.Geometry, double)'>
        <annotation name='com.intellij.inspections.tainted.annotation.equation.Equations'>
            <val val="{ &quot;g0 := org.locationtech.jts.geom.Geometry&quot;, &quot;distance := org.locationtech.jts.geom.Geometry#isWithinDistance(org.locationtech.jts.geom.Geometry, double)#1&quot;, &quot;g1 := org.locationtech.jts.geom.Geometry#isWithinDistance(org.locationtech.jts.geom.Geometry, double)#0&quot; }"/>
        </annotation>
    </item>
    <item name='org.locationtech.jts.operation.distance.DistanceOp double distance()'>
        <annotation name='com.intellij.inspections.tainted.annotation.equation.Equations'>
            <val val="{ &quot;distance := DistanceOp&quot; }"/>
        </annotation>
    </item>
    <item name='org.locationtech.jts.operation.distance.DistanceOp double distance(org.locationtech.jts.geom.Geometry, org.locationtech.jts.geom.Geometry)'>
        <annotation name='com.intellij.inspections.tainted.annotation.equation.Equations'>
            <val val="{ &quot;g0 := org.locationtech.jts.geom.Geometry&quot;, &quot;distance := &quot;, &quot;g1 := org.locationtech.jts.geom.Geometry#distance(org.locationtech.jts.geom.Geometry)#0&quot; }"/>
        </annotation>
    </item>
    <item name='org.locationtech.jts.operation.distance.DistanceOp org.locationtech.jts.geom.Coordinate[] closestPoints()'>
        <annotation name='com.intellij.inspections.tainted.annotation.equation.Equations'>
            <val val="{ &quot;closestPoints := &quot; }"/>
        </annotation>
    </item>
    <item name='org.locationtech.jts.operation.distance.DistanceOp org.locationtech.jts.geom.Coordinate[] closestPoints(org.locationtech.jts.geom.Geometry, org.locationtech.jts.geom.Geometry)'>
        <annotation name='com.intellij.inspections.tainted.annotation.equation.Equations'>
            <val val="{ &quot;closestPoints := &quot; }"/>
        </annotation>
    </item>
    <item name='org.locationtech.jts.operation.distance.DistanceOp org.locationtech.jts.geom.Coordinate[] nearestPoints()'>
        <annotation name='com.intellij.inspections.tainted.annotation.equation.Equations'>
            <val val="{ &quot;nearestPoints := &quot; }"/>
        </annotation>
    </item>
    <item name='org.locationtech.jts.operation.distance.DistanceOp org.locationtech.jts.geom.Coordinate[] nearestPoints(org.locationtech.jts.geom.Geometry, org.locationtech.jts.geom.Geometry)'>
        <annotation name='com.intellij.inspections.tainted.annotation.equation.Equations'>
            <val val="{ &quot;nearestPoints := &quot; }"/>
        </annotation>
    </item>
    <item name='org.locationtech.jts.operation.distance.DistanceOp org.locationtech.jts.operation.distance.GeometryLocation[] closestLocations()'>
        <annotation name='com.intellij.inspections.tainted.annotation.equation.Equations'>
            <val val="{ &quot;closestLocations := &quot; }"/>
        </annotation>
    </item>
    <item name='org.locationtech.jts.operation.distance.DistanceOp org.locationtech.jts.operation.distance.GeometryLocation[] nearestLocations()'>
        <annotation name='com.intellij.inspections.tainted.annotation.equation.Equations'>
            <val val="{ &quot;nearestLocations := DistanceOp&quot; }"/>
        </annotation>
    </item>
    <item name='org.locationtech.jts.operation.distance.DistanceOp void computeContainmentDistance(java.util.List, java.util.List, org.locationtech.jts.operation.distance.GeometryLocation[])'>
        <annotation name='com.intellij.inspections.tainted.annotation.equation.Equations'>
            <val val="{ &quot;locPtPoly := #computeContainmentDistance(int, org.locationtech.jts.operation.distance.GeometryLocation[])#1&quot;, &quot;polys := &quot;, &quot;locs := &quot; }"/>
        </annotation>
    </item>
    <item name='org.locationtech.jts.operation.distance.DistanceOp void computeContainmentDistance(org.locationtech.jts.operation.distance.GeometryLocation, org.locationtech.jts.geom.Polygon, org.locationtech.jts.operation.distance.GeometryLocation[])'>
        <annotation name='com.intellij.inspections.tainted.annotation.equation.Equations'>
            <val val="{ &quot;ptLoc := &quot;, &quot;locPtPoly := #computeContainmentDistance(java.util.List, java.util.List, org.locationtech.jts.operation.distance.GeometryLocation[])#2&quot;, &quot;poly := &quot; }"/>
        </annotation>
    </item>
    <item name='org.locationtech.jts.operation.distance.DistanceOp void computeMinDistance(org.locationtech.jts.geom.LineString, org.locationtech.jts.geom.LineString, org.locationtech.jts.operation.distance.GeometryLocation[])'>
        <annotation name='com.intellij.inspections.tainted.annotation.equation.Equations'>
            <val val="{ &quot;line0 := &quot;, &quot;locGeom := #computeMinDistanceLines(java.util.List, java.util.List, org.locationtech.jts.operation.distance.GeometryLocation[])#2&quot;, &quot;line1 := &quot; }"/>
        </annotation>
    </item>
    <item name='org.locationtech.jts.operation.distance.DistanceOp void computeMinDistance(org.locationtech.jts.geom.LineString, org.locationtech.jts.geom.Point, org.locationtech.jts.operation.distance.GeometryLocation[])'>
        <annotation name='com.intellij.inspections.tainted.annotation.equation.Equations'>
            <val val="{ &quot;pt := &quot;, &quot;line := &quot;, &quot;locGeom := #computeMinDistanceLinesPoints(java.util.List, java.util.List, org.locationtech.jts.operation.distance.GeometryLocation[])#2&quot; }"/>
        </annotation>
    </item>
    <item name='org.locationtech.jts.operation.distance.DistanceOp void computeMinDistanceLines(java.util.List, java.util.List, org.locationtech.jts.operation.distance.GeometryLocation[])'>
        <annotation name='com.intellij.inspections.tainted.annotation.equation.Equations'>
            <val val="{ &quot;lines0 := &quot;, &quot;lines1 := &quot; }"/>
        </annotation>
    </item>
    <item name='org.locationtech.jts.operation.distance.DistanceOp void computeMinDistanceLinesPoints(java.util.List, java.util.List, org.locationtech.jts.operation.distance.GeometryLocation[])'>
        <annotation name='com.intellij.inspections.tainted.annotation.equation.Equations'>
            <val val="{ &quot;lines := &quot;, &quot;points := &quot; }"/>
        </annotation>
    </item>
    <item name='org.locationtech.jts.operation.distance.DistanceOp void computeMinDistancePoints(java.util.List, java.util.List, org.locationtech.jts.operation.distance.GeometryLocation[])'>
        <annotation name='com.intellij.inspections.tainted.annotation.equation.Equations'>
            <val val="{ &quot;points1 := &quot;, &quot;points0 := &quot; }"/>
        </annotation>
    </item>
    <item name='org.locationtech.jts.operation.distance.GeometryLocation'>
        <annotation name='com.intellij.inspections.tainted.annotation.equation.Equations'>
            <val val="{ &quot;GeometryLocation := #GeometryLocation(org.locationtech.jts.geom.Geometry, int, org.locationtech.jts.geom.Coordinate)#0 &amp; #GeometryLocation(org.locationtech.jts.geom.Geometry, int, org.locationtech.jts.geom.Coordinate)#1 &amp; #GeometryLocation(org.locationtech.jts.geom.Geometry, int, org.locationtech.jts.geom.Coordinate)#2&quot; }"/>
        </annotation>
    </item>
    <item name='org.locationtech.jts.operation.distance.GeometryLocation GeometryLocation(org.locationtech.jts.geom.Geometry, int, org.locationtech.jts.geom.Coordinate)'>
        <annotation name='com.intellij.inspections.tainted.annotation.equation.Equations'>
            <val val="{ &quot;segIndex := #INSIDE_AREA&quot;, &quot;component := #GeometryLocation(org.locationtech.jts.geom.Geometry, org.locationtech.jts.geom.Coordinate)#0 &amp; DistanceOp#computeMinDistance(org.locationtech.jts.geom.LineString, org.locationtech.jts.geom.LineString, org.locationtech.jts.operation.distance.GeometryLocation[])#0 &amp; DistanceOp#computeMinDistance(org.locationtech.jts.geom.LineString, org.locationtech.jts.geom.LineString, org.locationtech.jts.operation.distance.GeometryLocation[])#1 &amp; DistanceOp#computeMinDistance(org.locationtech.jts.geom.LineString, org.locationtech.jts.geom.Point, org.locationtech.jts.operation.distance.GeometryLocation[])#0 &amp; DistanceOp#computeMinDistance(org.locationtech.jts.geom.LineString, org.locationtech.jts.geom.Point, org.locationtech.jts.operation.distance.GeometryLocation[])#1 &amp; ConnectedElementLocationFilter#filter(org.locationtech.jts.geom.Geometry)#0&quot;, &quot;pt := #GeometryLocation(org.locationtech.jts.geom.Geometry, org.locationtech.jts.geom.Coordinate)#1&quot;, &quot;GeometryLocation := GeometryLocation&quot; }"/>
        </annotation>
    </item>
    <item name='org.locationtech.jts.operation.distance.GeometryLocation GeometryLocation(org.locationtech.jts.geom.Geometry, org.locationtech.jts.geom.Coordinate)'>
        <annotation name='com.intellij.inspections.tainted.annotation.equation.Equations'>
            <val val="{ &quot;pt := &quot;, &quot;GeometryLocation := GeometryLocation&quot;, &quot;component := DistanceOp#computeContainmentDistance(org.locationtech.jts.operation.distance.GeometryLocation, org.locationtech.jts.geom.Polygon, org.locationtech.jts.operation.distance.GeometryLocation[])#1&quot; }"/>
        </annotation>
    </item>
    <item name='org.locationtech.jts.operation.distance.GeometryLocation int getSegmentIndex()'>
        <annotation name='com.intellij.inspections.tainted.annotation.equation.Equations'>
            <val val="{ &quot;getSegmentIndex := GeometryLocation&quot; }"/>
        </annotation>
    </item>
    <item name='org.locationtech.jts.operation.distance.GeometryLocation org.locationtech.jts.geom.Coordinate getCoordinate()'>
        <annotation name='com.intellij.inspections.tainted.annotation.equation.Equations'>
            <val val="{ &quot;getCoordinate := GeometryLocation&quot; }"/>
        </annotation>
    </item>
    <item name='org.locationtech.jts.operation.distance.GeometryLocation org.locationtech.jts.geom.Geometry getGeometryComponent()'>
        <annotation name='com.intellij.inspections.tainted.annotation.equation.Equations'>
            <val val="{ &quot;getGeometryComponent := GeometryLocation&quot; }"/>
        </annotation>
    </item>
</root>