<root>
    <item name='javax.json.Json Json()'>
        <annotation name='com.intellij.inspections.tainted.annotation.equation.Equations'>
            <val val="{ &quot;Json := Json&quot; }"/>
        </annotation>
    </item>
    <item name='javax.json.Json javax.json.JsonArrayBuilder createArrayBuilder()'>
        <annotation name='com.intellij.inspections.tainted.annotation.equation.Equations'>
            <val val="{ &quot;createArrayBuilder := &quot; }"/>
        </annotation>
    </item>
    <item name='javax.json.Json javax.json.JsonBuilderFactory createBuilderFactory(java.util.Map&lt;java.lang.String,?&gt;)'>
        <annotation name='com.intellij.inspections.tainted.annotation.equation.Equations'>
            <val val="{ &quot;createBuilderFactory := &quot; }"/>
        </annotation>
    </item>
    <item name='javax.json.Json javax.json.JsonObjectBuilder createObjectBuilder()'>
        <annotation name='com.intellij.inspections.tainted.annotation.equation.Equations'>
            <val val="{ &quot;createObjectBuilder := &quot; }"/>
        </annotation>
    </item>
    <item name='javax.json.Json javax.json.JsonReader createReader(java.io.InputStream)'>
        <annotation name='com.intellij.inspections.tainted.annotation.equation.Equations'>
            <val val="{ &quot;createReader := &quot; }"/>
        </annotation>
    </item>
    <item name='javax.json.Json javax.json.JsonReader createReader(java.io.Reader)'>
        <annotation name='com.intellij.inspections.tainted.annotation.equation.Equations'>
            <val val="{ &quot;createReader := &quot; }"/>
        </annotation>
    </item>
    <item name='javax.json.Json javax.json.JsonReaderFactory createReaderFactory(java.util.Map&lt;java.lang.String,?&gt;)'>
        <annotation name='com.intellij.inspections.tainted.annotation.equation.Equations'>
            <val val="{ &quot;createReaderFactory := &quot; }"/>
        </annotation>
    </item>
    <item name='javax.json.Json javax.json.JsonWriter createWriter(java.io.OutputStream)'>
        <annotation name='com.intellij.inspections.tainted.annotation.equation.Equations'>
            <val val="{ &quot;createWriter := &quot; }"/>
        </annotation>
    </item>
    <item name='javax.json.Json javax.json.JsonWriter createWriter(java.io.Writer)'>
        <annotation name='com.intellij.inspections.tainted.annotation.equation.Equations'>
            <val val="{ &quot;createWriter := &quot; }"/>
        </annotation>
    </item>
    <item name='javax.json.Json javax.json.JsonWriterFactory createWriterFactory(java.util.Map&lt;java.lang.String,?&gt;)'>
        <annotation name='com.intellij.inspections.tainted.annotation.equation.Equations'>
            <val val="{ &quot;createWriterFactory := &quot; }"/>
        </annotation>
    </item>
    <item name='javax.json.Json javax.json.stream.JsonGenerator createGenerator(java.io.OutputStream)'>
        <annotation name='com.intellij.inspections.tainted.annotation.equation.Equations'>
            <val val="{ &quot;createGenerator := &quot; }"/>
        </annotation>
    </item>
    <item name='javax.json.Json javax.json.stream.JsonGenerator createGenerator(java.io.Writer)'>
        <annotation name='com.intellij.inspections.tainted.annotation.equation.Equations'>
            <val val="{ &quot;createGenerator := &quot; }"/>
        </annotation>
    </item>
    <item name='javax.json.Json javax.json.stream.JsonGeneratorFactory createGeneratorFactory(java.util.Map&lt;java.lang.String,?&gt;)'>
        <annotation name='com.intellij.inspections.tainted.annotation.equation.Equations'>
            <val val="{ &quot;createGeneratorFactory := &quot; }"/>
        </annotation>
    </item>
    <item name='javax.json.Json javax.json.stream.JsonParser createParser(java.io.InputStream)'>
        <annotation name='com.intellij.inspections.tainted.annotation.equation.Equations'>
            <val val="{ &quot;createParser := &quot; }"/>
        </annotation>
    </item>
    <item name='javax.json.Json javax.json.stream.JsonParser createParser(java.io.Reader)'>
        <annotation name='com.intellij.inspections.tainted.annotation.equation.Equations'>
            <val val="{ &quot;createParser := &quot; }"/>
        </annotation>
    </item>
    <item name='javax.json.Json javax.json.stream.JsonParserFactory createParserFactory(java.util.Map&lt;java.lang.String,?&gt;)'>
        <annotation name='com.intellij.inspections.tainted.annotation.equation.Equations'>
            <val val="{ &quot;createParserFactory := &quot; }"/>
        </annotation>
    </item>
    <item name='javax.json.JsonException'>
        <annotation name='com.intellij.inspections.tainted.annotation.equation.Equations'>
            <val val="{ &quot;JsonException := javax.json.stream.JsonParsingException &amp; javax.json.stream.JsonGenerationException&quot; }"/>
        </annotation>
    </item>
    <item name='javax.json.JsonException JsonException(java.lang.String)'>
        <annotation name='com.intellij.inspections.tainted.annotation.equation.Equations'>
            <val val="{ &quot;message := javax.json.stream.JsonParsingException#JsonParsingException(java.lang.String, javax.json.stream.JsonLocation)#0 &amp; javax.json.stream.JsonGenerationException#JsonGenerationException(java.lang.String)#0&quot;, &quot;JsonException := JsonException&quot; }"/>
        </annotation>
    </item>
    <item name='javax.json.JsonException JsonException(java.lang.String, java.lang.Throwable)'>
        <annotation name='com.intellij.inspections.tainted.annotation.equation.Equations'>
            <val val="{ &quot;JsonException := JsonException&quot;, &quot;message := javax.json.stream.JsonParsingException#JsonParsingException(java.lang.String, java.lang.Throwable, javax.json.stream.JsonLocation)#0 &amp; javax.json.stream.JsonGenerationException#JsonGenerationException(java.lang.String, java.lang.Throwable)#0&quot;, &quot;cause := javax.json.stream.JsonParsingException#JsonParsingException(java.lang.String, java.lang.Throwable, javax.json.stream.JsonLocation)#1 &amp; javax.json.stream.JsonGenerationException#JsonGenerationException(java.lang.String, java.lang.Throwable)#1&quot; }"/>
        </annotation>
    </item>
    <item name='javax.json.JsonValue java.lang.String toString()'>
        <annotation name='com.intellij.inspections.tainted.annotation.equation.Equations'>
            <val val="{ &quot;toString := JsonNumber#toString()&quot; }"/>
        </annotation>
    </item>
    <item name='javax.json.JsonValue javax.json.JsonValue.ValueType getValueType()'>
        <annotation name='com.intellij.inspections.tainted.annotation.equation.Equations'>
            <val val="{ &quot;getValueType := &quot; }"/>
        </annotation>
    </item>
</root>