<root>
    <item name='jdk.internal.org.objectweb.asm.AnnotationVisitor jdk.internal.org.objectweb.asm.AnnotationVisitor visitAnnotation(java.lang.String, java.lang.String)'>
        <annotation name='com.intellij.inspections.tainted.annotation.equation.Equations'>
            <val val="{ &quot;visitAnnotation := AnnotationWriter#visitAnnotation(java.lang.String, java.lang.String)&quot;, &quot;s := AnnotationWriter#visitAnnotation(java.lang.String, java.lang.String)#0&quot;, &quot;s1 := AnnotationWriter#visitAnnotation(java.lang.String, java.lang.String)#1&quot; }"/>
        </annotation>
    </item>
    <item name='jdk.internal.org.objectweb.asm.AnnotationVisitor jdk.internal.org.objectweb.asm.AnnotationVisitor visitArray(java.lang.String)'>
        <annotation name='com.intellij.inspections.tainted.annotation.equation.Equations'>
            <val val="{ &quot;s := AnnotationWriter#visitArray(java.lang.String)#0&quot;, &quot;visitArray := AnnotationWriter#visitArray(java.lang.String)&quot; }"/>
        </annotation>
    </item>
    <item name='jdk.internal.org.objectweb.asm.AnnotationVisitor void visit(java.lang.String, java.lang.Object)'>
        <annotation name='com.intellij.inspections.tainted.annotation.equation.Equations'>
            <val val="{ &quot;o := AnnotationWriter#visit(java.lang.String, java.lang.Object)#1&quot;, &quot;s := AnnotationWriter#visit(java.lang.String, java.lang.Object)#0&quot; }"/>
        </annotation>
    </item>
    <item name='jdk.internal.org.objectweb.asm.AnnotationVisitor void visitEnum(java.lang.String, java.lang.String, java.lang.String)'>
        <annotation name='com.intellij.inspections.tainted.annotation.equation.Equations'>
            <val val="{ &quot;s2 := AnnotationWriter#visitEnum(java.lang.String, java.lang.String, java.lang.String)#2&quot;, &quot;s1 := AnnotationWriter#visitEnum(java.lang.String, java.lang.String, java.lang.String)#1&quot;, &quot;s := AnnotationWriter#visitEnum(java.lang.String, java.lang.String, java.lang.String)#0&quot; }"/>
        </annotation>
    </item>
    <item name='jdk.internal.org.objectweb.asm.ClassVisitor jdk.internal.org.objectweb.asm.AnnotationVisitor visitAnnotation(java.lang.String, boolean)'>
        <annotation name='com.intellij.inspections.tainted.annotation.equation.Equations'>
            <val val="{ &quot;visitAnnotation := ClassWriter#visitAnnotation(java.lang.String, boolean)&quot;, &quot;s := ClassWriter#visitAnnotation(java.lang.String, boolean)#0&quot; }"/>
        </annotation>
    </item>
    <item name='jdk.internal.org.objectweb.asm.ClassVisitor jdk.internal.org.objectweb.asm.AnnotationVisitor visitTypeAnnotation(int, jdk.internal.org.objectweb.asm.TypePath, java.lang.String, boolean)'>
        <annotation name='com.intellij.inspections.tainted.annotation.equation.Equations'>
            <val val="{ &quot;i := ClassWriter#visitTypeAnnotation(int, jdk.internal.org.objectweb.asm.TypePath, java.lang.String, boolean)#0&quot;, &quot;typePath := ClassWriter#visitTypeAnnotation(int, jdk.internal.org.objectweb.asm.TypePath, java.lang.String, boolean)#1&quot;, &quot;visitTypeAnnotation := ClassWriter#visitTypeAnnotation(int, jdk.internal.org.objectweb.asm.TypePath, java.lang.String, boolean)&quot;, &quot;s := ClassWriter#visitTypeAnnotation(int, jdk.internal.org.objectweb.asm.TypePath, java.lang.String, boolean)#2&quot; }"/>
        </annotation>
    </item>
    <item name='jdk.internal.org.objectweb.asm.ClassVisitor jdk.internal.org.objectweb.asm.FieldVisitor visitField(int, java.lang.String, java.lang.String, java.lang.String, java.lang.Object)'>
        <annotation name='com.intellij.inspections.tainted.annotation.equation.Equations'>
            <val val="{ &quot;s2 := ClassWriter#visitField(int, java.lang.String, java.lang.String, java.lang.String, java.lang.Object)#3&quot;, &quot;o := ClassWriter#visitField(int, java.lang.String, java.lang.String, java.lang.String, java.lang.Object)#4&quot;, &quot;s := ClassWriter#visitField(int, java.lang.String, java.lang.String, java.lang.String, java.lang.Object)#1&quot;, &quot;visitField := ClassWriter#visitField(int, java.lang.String, java.lang.String, java.lang.String, java.lang.Object)&quot;, &quot;i := ClassWriter#visitField(int, java.lang.String, java.lang.String, java.lang.String, java.lang.Object)#0&quot;, &quot;s1 := ClassWriter#visitField(int, java.lang.String, java.lang.String, java.lang.String, java.lang.Object)#2&quot; }"/>
        </annotation>
    </item>
    <item name='jdk.internal.org.objectweb.asm.ClassVisitor jdk.internal.org.objectweb.asm.MethodVisitor visitMethod(int, java.lang.String, java.lang.String, java.lang.String, java.lang.String[])'>
        <annotation name='com.intellij.inspections.tainted.annotation.equation.Equations'>
            <val val="{ &quot;s2 := ClassWriter#visitMethod(int, java.lang.String, java.lang.String, java.lang.String, java.lang.String[])#3&quot;, &quot;i := ClassWriter#visitMethod(int, java.lang.String, java.lang.String, java.lang.String, java.lang.String[])#0&quot;, &quot;s := ClassWriter#visitMethod(int, java.lang.String, java.lang.String, java.lang.String, java.lang.String[])#1&quot;, &quot;strings := ClassWriter#visitMethod(int, java.lang.String, java.lang.String, java.lang.String, java.lang.String[])#4&quot;, &quot;s1 := ClassWriter#visitMethod(int, java.lang.String, java.lang.String, java.lang.String, java.lang.String[])#2&quot;, &quot;visitMethod := ClassWriter#visitMethod(int, java.lang.String, java.lang.String, java.lang.String, java.lang.String[])&quot; }"/>
        </annotation>
    </item>
    <item name='jdk.internal.org.objectweb.asm.ClassVisitor void visit(int, int, java.lang.String, java.lang.String, java.lang.String, java.lang.String[])'>
        <annotation name='com.intellij.inspections.tainted.annotation.equation.Equations'>
            <val val="{ &quot;strings := ClassWriter#visit(int, int, java.lang.String, java.lang.String, java.lang.String, java.lang.String[])#5&quot;, &quot;i := ClassWriter#visit(int, int, java.lang.String, java.lang.String, java.lang.String, java.lang.String[])#0&quot;, &quot;s1 := ClassWriter#visit(int, int, java.lang.String, java.lang.String, java.lang.String, java.lang.String[])#3&quot;, &quot;s := ClassWriter#visit(int, int, java.lang.String, java.lang.String, java.lang.String, java.lang.String[])#2&quot;, &quot;s2 := ClassWriter#visit(int, int, java.lang.String, java.lang.String, java.lang.String, java.lang.String[])#4&quot;, &quot;i1 := ClassWriter#visit(int, int, java.lang.String, java.lang.String, java.lang.String, java.lang.String[])#1&quot; }"/>
        </annotation>
    </item>
    <item name='jdk.internal.org.objectweb.asm.ClassVisitor void visitAttribute(jdk.internal.org.objectweb.asm.Attribute)'>
        <annotation name='com.intellij.inspections.tainted.annotation.equation.Equations'>
            <val val="{ &quot;attribute := ClassWriter#visitAttribute(jdk.internal.org.objectweb.asm.Attribute)#0&quot; }"/>
        </annotation>
    </item>
    <item name='jdk.internal.org.objectweb.asm.ClassVisitor void visitInnerClass(java.lang.String, java.lang.String, java.lang.String, int)'>
        <annotation name='com.intellij.inspections.tainted.annotation.equation.Equations'>
            <val val="{ &quot;i := ClassWriter#visitInnerClass(java.lang.String, java.lang.String, java.lang.String, int)#3&quot;, &quot;s1 := ClassWriter#visitInnerClass(java.lang.String, java.lang.String, java.lang.String, int)#1&quot;, &quot;s := ClassWriter#visitInnerClass(java.lang.String, java.lang.String, java.lang.String, int)#0&quot;, &quot;s2 := ClassWriter#visitInnerClass(java.lang.String, java.lang.String, java.lang.String, int)#2&quot; }"/>
        </annotation>
    </item>
    <item name='jdk.internal.org.objectweb.asm.ClassVisitor void visitOuterClass(java.lang.String, java.lang.String, java.lang.String)'>
        <annotation name='com.intellij.inspections.tainted.annotation.equation.Equations'>
            <val val="{ &quot;s2 := ClassWriter#visitOuterClass(java.lang.String, java.lang.String, java.lang.String)#2&quot;, &quot;s1 := ClassWriter#visitOuterClass(java.lang.String, java.lang.String, java.lang.String)#1&quot;, &quot;s := ClassWriter#visitOuterClass(java.lang.String, java.lang.String, java.lang.String)#0&quot; }"/>
        </annotation>
    </item>
    <item name='jdk.internal.org.objectweb.asm.ClassVisitor void visitSource(java.lang.String, java.lang.String)'>
        <annotation name='com.intellij.inspections.tainted.annotation.equation.Equations'>
            <val val="{ &quot;s := ClassWriter#visitSource(java.lang.String, java.lang.String)#0&quot;, &quot;s1 := ClassWriter#visitSource(java.lang.String, java.lang.String)#1&quot; }"/>
        </annotation>
    </item>
    <item name='jdk.internal.org.objectweb.asm.FieldVisitor jdk.internal.org.objectweb.asm.AnnotationVisitor visitAnnotation(java.lang.String, boolean)'>
        <annotation name='com.intellij.inspections.tainted.annotation.equation.Equations'>
            <val val="{ &quot;s := FieldWriter#visitAnnotation(java.lang.String, boolean)#0&quot;, &quot;visitAnnotation := FieldWriter#visitAnnotation(java.lang.String, boolean)&quot; }"/>
        </annotation>
    </item>
    <item name='jdk.internal.org.objectweb.asm.FieldVisitor jdk.internal.org.objectweb.asm.AnnotationVisitor visitTypeAnnotation(int, jdk.internal.org.objectweb.asm.TypePath, java.lang.String, boolean)'>
        <annotation name='com.intellij.inspections.tainted.annotation.equation.Equations'>
            <val val="{ &quot;typePath := FieldWriter#visitTypeAnnotation(int, jdk.internal.org.objectweb.asm.TypePath, java.lang.String, boolean)#1&quot;, &quot;s := FieldWriter#visitTypeAnnotation(int, jdk.internal.org.objectweb.asm.TypePath, java.lang.String, boolean)#2&quot;, &quot;i := FieldWriter#visitTypeAnnotation(int, jdk.internal.org.objectweb.asm.TypePath, java.lang.String, boolean)#0&quot;, &quot;visitTypeAnnotation := FieldWriter#visitTypeAnnotation(int, jdk.internal.org.objectweb.asm.TypePath, java.lang.String, boolean)&quot; }"/>
        </annotation>
    </item>
    <item name='jdk.internal.org.objectweb.asm.FieldVisitor void visitAttribute(jdk.internal.org.objectweb.asm.Attribute)'>
        <annotation name='com.intellij.inspections.tainted.annotation.equation.Equations'>
            <val val="{ &quot;attribute := FieldWriter#visitAttribute(jdk.internal.org.objectweb.asm.Attribute)#0&quot; }"/>
        </annotation>
    </item>
    <item name='jdk.internal.org.objectweb.asm.MethodVisitor jdk.internal.org.objectweb.asm.AnnotationVisitor visitAnnotation(java.lang.String, boolean)'>
        <annotation name='com.intellij.inspections.tainted.annotation.equation.Equations'>
            <val val="{ &quot;s := MethodWriter#visitAnnotation(java.lang.String, boolean)#0&quot;, &quot;visitAnnotation := MethodWriter#visitAnnotation(java.lang.String, boolean)&quot; }"/>
        </annotation>
    </item>
    <item name='jdk.internal.org.objectweb.asm.MethodVisitor jdk.internal.org.objectweb.asm.AnnotationVisitor visitAnnotationDefault()'>
        <annotation name='com.intellij.inspections.tainted.annotation.equation.Equations'>
            <val val="{ &quot;visitAnnotationDefault := MethodWriter#visitAnnotationDefault()&quot; }"/>
        </annotation>
    </item>
    <item name='jdk.internal.org.objectweb.asm.MethodVisitor jdk.internal.org.objectweb.asm.AnnotationVisitor visitInsnAnnotation(int, jdk.internal.org.objectweb.asm.TypePath, java.lang.String, boolean)'>
        <annotation name='com.intellij.inspections.tainted.annotation.equation.Equations'>
            <val val="{ &quot;typePath := MethodWriter#visitInsnAnnotation(int, jdk.internal.org.objectweb.asm.TypePath, java.lang.String, boolean)#1&quot;, &quot;i := MethodWriter#visitInsnAnnotation(int, jdk.internal.org.objectweb.asm.TypePath, java.lang.String, boolean)#0&quot;, &quot;visitInsnAnnotation := MethodWriter#visitInsnAnnotation(int, jdk.internal.org.objectweb.asm.TypePath, java.lang.String, boolean)&quot;, &quot;s := MethodWriter#visitInsnAnnotation(int, jdk.internal.org.objectweb.asm.TypePath, java.lang.String, boolean)#2&quot; }"/>
        </annotation>
    </item>
    <item name='jdk.internal.org.objectweb.asm.MethodVisitor jdk.internal.org.objectweb.asm.AnnotationVisitor visitLocalVariableAnnotation(int, jdk.internal.org.objectweb.asm.TypePath, jdk.internal.org.objectweb.asm.Label[], jdk.internal.org.objectweb.asm.Label[], int[], java.lang.String, boolean)'>
        <annotation name='com.intellij.inspections.tainted.annotation.equation.Equations'>
            <val val="{ &quot;s := MethodWriter#visitLocalVariableAnnotation(int, jdk.internal.org.objectweb.asm.TypePath, jdk.internal.org.objectweb.asm.Label[], jdk.internal.org.objectweb.asm.Label[], int[], java.lang.String, boolean)#5&quot;, &quot;labels := MethodWriter#visitLocalVariableAnnotation(int, jdk.internal.org.objectweb.asm.TypePath, jdk.internal.org.objectweb.asm.Label[], jdk.internal.org.objectweb.asm.Label[], int[], java.lang.String, boolean)#2&quot;, &quot;ints := MethodWriter#visitLocalVariableAnnotation(int, jdk.internal.org.objectweb.asm.TypePath, jdk.internal.org.objectweb.asm.Label[], jdk.internal.org.objectweb.asm.Label[], int[], java.lang.String, boolean)#4&quot;, &quot;typePath := MethodWriter#visitLocalVariableAnnotation(int, jdk.internal.org.objectweb.asm.TypePath, jdk.internal.org.objectweb.asm.Label[], jdk.internal.org.objectweb.asm.Label[], int[], java.lang.String, boolean)#1&quot;, &quot;visitLocalVariableAnnotation := MethodWriter#visitLocalVariableAnnotation(int, jdk.internal.org.objectweb.asm.TypePath, jdk.internal.org.objectweb.asm.Label[], jdk.internal.org.objectweb.asm.Label[], int[], java.lang.String, boolean)&quot;, &quot;i := MethodWriter#visitLocalVariableAnnotation(int, jdk.internal.org.objectweb.asm.TypePath, jdk.internal.org.objectweb.asm.Label[], jdk.internal.org.objectweb.asm.Label[], int[], java.lang.String, boolean)#0&quot;, &quot;labels1 := MethodWriter#visitLocalVariableAnnotation(int, jdk.internal.org.objectweb.asm.TypePath, jdk.internal.org.objectweb.asm.Label[], jdk.internal.org.objectweb.asm.Label[], int[], java.lang.String, boolean)#3&quot; }"/>
        </annotation>
    </item>
    <item name='jdk.internal.org.objectweb.asm.MethodVisitor jdk.internal.org.objectweb.asm.AnnotationVisitor visitParameterAnnotation(int, java.lang.String, boolean)'>
        <annotation name='com.intellij.inspections.tainted.annotation.equation.Equations'>
            <val val="{ &quot;s := MethodWriter#visitParameterAnnotation(int, java.lang.String, boolean)#1&quot;, &quot;visitParameterAnnotation := MethodWriter#visitParameterAnnotation(int, java.lang.String, boolean)&quot;, &quot;i := MethodWriter#visitParameterAnnotation(int, java.lang.String, boolean)#0&quot; }"/>
        </annotation>
    </item>
    <item name='jdk.internal.org.objectweb.asm.MethodVisitor jdk.internal.org.objectweb.asm.AnnotationVisitor visitTryCatchAnnotation(int, jdk.internal.org.objectweb.asm.TypePath, java.lang.String, boolean)'>
        <annotation name='com.intellij.inspections.tainted.annotation.equation.Equations'>
            <val val="{ &quot;i := MethodWriter#visitTryCatchAnnotation(int, jdk.internal.org.objectweb.asm.TypePath, java.lang.String, boolean)#0&quot;, &quot;typePath := MethodWriter#visitTryCatchAnnotation(int, jdk.internal.org.objectweb.asm.TypePath, java.lang.String, boolean)#1&quot;, &quot;visitTryCatchAnnotation := MethodWriter#visitTryCatchAnnotation(int, jdk.internal.org.objectweb.asm.TypePath, java.lang.String, boolean)&quot;, &quot;s := MethodWriter#visitTryCatchAnnotation(int, jdk.internal.org.objectweb.asm.TypePath, java.lang.String, boolean)#2&quot; }"/>
        </annotation>
    </item>
    <item name='jdk.internal.org.objectweb.asm.MethodVisitor jdk.internal.org.objectweb.asm.AnnotationVisitor visitTypeAnnotation(int, jdk.internal.org.objectweb.asm.TypePath, java.lang.String, boolean)'>
        <annotation name='com.intellij.inspections.tainted.annotation.equation.Equations'>
            <val val="{ &quot;s := MethodWriter#visitTypeAnnotation(int, jdk.internal.org.objectweb.asm.TypePath, java.lang.String, boolean)#2&quot;, &quot;i := MethodWriter#visitTypeAnnotation(int, jdk.internal.org.objectweb.asm.TypePath, java.lang.String, boolean)#0&quot;, &quot;visitTypeAnnotation := MethodWriter#visitTypeAnnotation(int, jdk.internal.org.objectweb.asm.TypePath, java.lang.String, boolean)&quot;, &quot;typePath := MethodWriter#visitTypeAnnotation(int, jdk.internal.org.objectweb.asm.TypePath, java.lang.String, boolean)#1&quot; }"/>
        </annotation>
    </item>
    <item name='jdk.internal.org.objectweb.asm.MethodVisitor void visitAttribute(jdk.internal.org.objectweb.asm.Attribute)'>
        <annotation name='com.intellij.inspections.tainted.annotation.equation.Equations'>
            <val val="{ &quot;attribute := MethodWriter#visitAttribute(jdk.internal.org.objectweb.asm.Attribute)#0&quot; }"/>
        </annotation>
    </item>
    <item name='jdk.internal.org.objectweb.asm.MethodVisitor void visitFieldInsn(int, java.lang.String, java.lang.String, java.lang.String)'>
        <annotation name='com.intellij.inspections.tainted.annotation.equation.Equations'>
            <val val="{ &quot;s := MethodWriter#visitFieldInsn(int, java.lang.String, java.lang.String, java.lang.String)#1&quot;, &quot;s1 := MethodWriter#visitFieldInsn(int, java.lang.String, java.lang.String, java.lang.String)#2&quot;, &quot;i := MethodWriter#visitFieldInsn(int, java.lang.String, java.lang.String, java.lang.String)#0&quot;, &quot;s2 := MethodWriter#visitFieldInsn(int, java.lang.String, java.lang.String, java.lang.String)#3&quot; }"/>
        </annotation>
    </item>
    <item name='jdk.internal.org.objectweb.asm.MethodVisitor void visitFrame(int, int, java.lang.Object[], int, java.lang.Object[])'>
        <annotation name='com.intellij.inspections.tainted.annotation.equation.Equations'>
            <val val="{ &quot;i := MethodWriter#visitFrame(int, int, java.lang.Object[], int, java.lang.Object[])#0&quot;, &quot;objects := MethodWriter#visitFrame(int, int, java.lang.Object[], int, java.lang.Object[])#2&quot;, &quot;i1 := MethodWriter#visitFrame(int, int, java.lang.Object[], int, java.lang.Object[])#1&quot;, &quot;objects1 := MethodWriter#visitFrame(int, int, java.lang.Object[], int, java.lang.Object[])#4&quot;, &quot;i2 := MethodWriter#visitFrame(int, int, java.lang.Object[], int, java.lang.Object[])#3&quot; }"/>
        </annotation>
    </item>
    <item name='jdk.internal.org.objectweb.asm.MethodVisitor void visitIincInsn(int, int)'>
        <annotation name='com.intellij.inspections.tainted.annotation.equation.Equations'>
            <val val="{ &quot;i1 := MethodWriter#visitIincInsn(int, int)#1&quot;, &quot;i := MethodWriter#visitIincInsn(int, int)#0&quot; }"/>
        </annotation>
    </item>
    <item name='jdk.internal.org.objectweb.asm.MethodVisitor void visitInsn(int)'>
        <annotation name='com.intellij.inspections.tainted.annotation.equation.Equations'>
            <val val="{ &quot;i := MethodWriter#visitInsn(int)#0&quot; }"/>
        </annotation>
    </item>
    <item name='jdk.internal.org.objectweb.asm.MethodVisitor void visitIntInsn(int, int)'>
        <annotation name='com.intellij.inspections.tainted.annotation.equation.Equations'>
            <val val="{ &quot;i := MethodWriter#visitIntInsn(int, int)#0&quot;, &quot;i1 := MethodWriter#visitIntInsn(int, int)#1&quot; }"/>
        </annotation>
    </item>
    <item name='jdk.internal.org.objectweb.asm.MethodVisitor void visitInvokeDynamicInsn(java.lang.String, java.lang.String, jdk.internal.org.objectweb.asm.Handle, java.lang.Object...)'>
        <annotation name='com.intellij.inspections.tainted.annotation.equation.Equations'>
            <val val="{ &quot;objects := MethodWriter#visitInvokeDynamicInsn(java.lang.String, java.lang.String, jdk.internal.org.objectweb.asm.Handle, java.lang.Object...)#3&quot;, &quot;s := MethodWriter#visitInvokeDynamicInsn(java.lang.String, java.lang.String, jdk.internal.org.objectweb.asm.Handle, java.lang.Object...)#0&quot;, &quot;s1 := MethodWriter#visitInvokeDynamicInsn(java.lang.String, java.lang.String, jdk.internal.org.objectweb.asm.Handle, java.lang.Object...)#1&quot;, &quot;handle := MethodWriter#visitInvokeDynamicInsn(java.lang.String, java.lang.String, jdk.internal.org.objectweb.asm.Handle, java.lang.Object...)#2&quot; }"/>
        </annotation>
    </item>
    <item name='jdk.internal.org.objectweb.asm.MethodVisitor void visitJumpInsn(int, jdk.internal.org.objectweb.asm.Label)'>
        <annotation name='com.intellij.inspections.tainted.annotation.equation.Equations'>
            <val val="{ &quot;label := MethodWriter#visitJumpInsn(int, jdk.internal.org.objectweb.asm.Label)#1&quot;, &quot;i := MethodWriter#visitJumpInsn(int, jdk.internal.org.objectweb.asm.Label)#0&quot; }"/>
        </annotation>
    </item>
    <item name='jdk.internal.org.objectweb.asm.MethodVisitor void visitLabel(jdk.internal.org.objectweb.asm.Label)'>
        <annotation name='com.intellij.inspections.tainted.annotation.equation.Equations'>
            <val val="{ &quot;label := MethodWriter#visitLabel(jdk.internal.org.objectweb.asm.Label)#0&quot; }"/>
        </annotation>
    </item>
    <item name='jdk.internal.org.objectweb.asm.MethodVisitor void visitLdcInsn(java.lang.Object)'>
        <annotation name='com.intellij.inspections.tainted.annotation.equation.Equations'>
            <val val="{ &quot;o := MethodWriter#visitLdcInsn(java.lang.Object)#0&quot; }"/>
        </annotation>
    </item>
    <item name='jdk.internal.org.objectweb.asm.MethodVisitor void visitLineNumber(int, jdk.internal.org.objectweb.asm.Label)'>
        <annotation name='com.intellij.inspections.tainted.annotation.equation.Equations'>
            <val val="{ &quot;i := MethodWriter#visitLineNumber(int, jdk.internal.org.objectweb.asm.Label)#0&quot;, &quot;label := MethodWriter#visitLineNumber(int, jdk.internal.org.objectweb.asm.Label)#1&quot; }"/>
        </annotation>
    </item>
    <item name='jdk.internal.org.objectweb.asm.MethodVisitor void visitLocalVariable(java.lang.String, java.lang.String, java.lang.String, jdk.internal.org.objectweb.asm.Label, jdk.internal.org.objectweb.asm.Label, int)'>
        <annotation name='com.intellij.inspections.tainted.annotation.equation.Equations'>
            <val val="{ &quot;s2 := MethodWriter#visitLocalVariable(java.lang.String, java.lang.String, java.lang.String, jdk.internal.org.objectweb.asm.Label, jdk.internal.org.objectweb.asm.Label, int)#2&quot;, &quot;i := MethodWriter#visitLocalVariable(java.lang.String, java.lang.String, java.lang.String, jdk.internal.org.objectweb.asm.Label, jdk.internal.org.objectweb.asm.Label, int)#5&quot;, &quot;label1 := MethodWriter#visitLocalVariable(java.lang.String, java.lang.String, java.lang.String, jdk.internal.org.objectweb.asm.Label, jdk.internal.org.objectweb.asm.Label, int)#4&quot;, &quot;s := MethodWriter#visitLocalVariable(java.lang.String, java.lang.String, java.lang.String, jdk.internal.org.objectweb.asm.Label, jdk.internal.org.objectweb.asm.Label, int)#0&quot;, &quot;s1 := MethodWriter#visitLocalVariable(java.lang.String, java.lang.String, java.lang.String, jdk.internal.org.objectweb.asm.Label, jdk.internal.org.objectweb.asm.Label, int)#1&quot;, &quot;label := MethodWriter#visitLocalVariable(java.lang.String, java.lang.String, java.lang.String, jdk.internal.org.objectweb.asm.Label, jdk.internal.org.objectweb.asm.Label, int)#3&quot; }"/>
        </annotation>
    </item>
    <item name='jdk.internal.org.objectweb.asm.MethodVisitor void visitLookupSwitchInsn(jdk.internal.org.objectweb.asm.Label, int[], jdk.internal.org.objectweb.asm.Label[])'>
        <annotation name='com.intellij.inspections.tainted.annotation.equation.Equations'>
            <val val="{ &quot;labels := MethodWriter#visitLookupSwitchInsn(jdk.internal.org.objectweb.asm.Label, int[], jdk.internal.org.objectweb.asm.Label[])#2&quot;, &quot;ints := MethodWriter#visitLookupSwitchInsn(jdk.internal.org.objectweb.asm.Label, int[], jdk.internal.org.objectweb.asm.Label[])#1&quot;, &quot;label := MethodWriter#visitLookupSwitchInsn(jdk.internal.org.objectweb.asm.Label, int[], jdk.internal.org.objectweb.asm.Label[])#0&quot; }"/>
        </annotation>
    </item>
    <item name='jdk.internal.org.objectweb.asm.MethodVisitor void visitMaxs(int, int)'>
        <annotation name='com.intellij.inspections.tainted.annotation.equation.Equations'>
            <val val="{ &quot;i1 := MethodWriter#visitMaxs(int, int)#1&quot;, &quot;i := MethodWriter#visitMaxs(int, int)#0&quot; }"/>
        </annotation>
    </item>
    <item name='jdk.internal.org.objectweb.asm.MethodVisitor void visitMethodInsn(int, java.lang.String, java.lang.String, java.lang.String, boolean)'>
        <annotation name='com.intellij.inspections.tainted.annotation.equation.Equations'>
            <val val="{ &quot;s1 := MethodWriter#visitMethodInsn(int, java.lang.String, java.lang.String, java.lang.String, boolean)#2&quot;, &quot;s := MethodWriter#visitMethodInsn(int, java.lang.String, java.lang.String, java.lang.String, boolean)#1&quot;, &quot;i := MethodWriter#visitMethodInsn(int, java.lang.String, java.lang.String, java.lang.String, boolean)#0&quot;, &quot;s2 := MethodWriter#visitMethodInsn(int, java.lang.String, java.lang.String, java.lang.String, boolean)#3&quot; }"/>
        </annotation>
    </item>
    <item name='jdk.internal.org.objectweb.asm.MethodVisitor void visitMultiANewArrayInsn(java.lang.String, int)'>
        <annotation name='com.intellij.inspections.tainted.annotation.equation.Equations'>
            <val val="{ &quot;s := MethodWriter#visitMultiANewArrayInsn(java.lang.String, int)#0&quot;, &quot;i := MethodWriter#visitMultiANewArrayInsn(java.lang.String, int)#1&quot; }"/>
        </annotation>
    </item>
    <item name='jdk.internal.org.objectweb.asm.MethodVisitor void visitParameter(java.lang.String, int)'>
        <annotation name='com.intellij.inspections.tainted.annotation.equation.Equations'>
            <val val="{ &quot;s := MethodWriter#visitParameter(java.lang.String, int)#0&quot;, &quot;i := MethodWriter#visitParameter(java.lang.String, int)#1&quot; }"/>
        </annotation>
    </item>
    <item name='jdk.internal.org.objectweb.asm.MethodVisitor void visitTableSwitchInsn(int, int, jdk.internal.org.objectweb.asm.Label, jdk.internal.org.objectweb.asm.Label...)'>
        <annotation name='com.intellij.inspections.tainted.annotation.equation.Equations'>
            <val val="{ &quot;label := MethodWriter#visitTableSwitchInsn(int, int, jdk.internal.org.objectweb.asm.Label, jdk.internal.org.objectweb.asm.Label...)#2&quot;, &quot;i1 := MethodWriter#visitTableSwitchInsn(int, int, jdk.internal.org.objectweb.asm.Label, jdk.internal.org.objectweb.asm.Label...)#1&quot;, &quot;i := MethodWriter#visitTableSwitchInsn(int, int, jdk.internal.org.objectweb.asm.Label, jdk.internal.org.objectweb.asm.Label...)#0&quot;, &quot;labels := MethodWriter#visitTableSwitchInsn(int, int, jdk.internal.org.objectweb.asm.Label, jdk.internal.org.objectweb.asm.Label...)#3&quot; }"/>
        </annotation>
    </item>
    <item name='jdk.internal.org.objectweb.asm.MethodVisitor void visitTryCatchBlock(jdk.internal.org.objectweb.asm.Label, jdk.internal.org.objectweb.asm.Label, jdk.internal.org.objectweb.asm.Label, java.lang.String)'>
        <annotation name='com.intellij.inspections.tainted.annotation.equation.Equations'>
            <val val="{ &quot;label := MethodWriter#visitTryCatchBlock(jdk.internal.org.objectweb.asm.Label, jdk.internal.org.objectweb.asm.Label, jdk.internal.org.objectweb.asm.Label, java.lang.String)#0&quot;, &quot;label2 := MethodWriter#visitTryCatchBlock(jdk.internal.org.objectweb.asm.Label, jdk.internal.org.objectweb.asm.Label, jdk.internal.org.objectweb.asm.Label, java.lang.String)#2&quot;, &quot;s := MethodWriter#visitTryCatchBlock(jdk.internal.org.objectweb.asm.Label, jdk.internal.org.objectweb.asm.Label, jdk.internal.org.objectweb.asm.Label, java.lang.String)#3&quot;, &quot;label1 := MethodWriter#visitTryCatchBlock(jdk.internal.org.objectweb.asm.Label, jdk.internal.org.objectweb.asm.Label, jdk.internal.org.objectweb.asm.Label, java.lang.String)#1&quot; }"/>
        </annotation>
    </item>
    <item name='jdk.internal.org.objectweb.asm.MethodVisitor void visitTypeInsn(int, java.lang.String)'>
        <annotation name='com.intellij.inspections.tainted.annotation.equation.Equations'>
            <val val="{ &quot;s := MethodWriter#visitTypeInsn(int, java.lang.String)#1&quot;, &quot;i := MethodWriter#visitTypeInsn(int, java.lang.String)#0&quot; }"/>
        </annotation>
    </item>
    <item name='jdk.internal.org.objectweb.asm.MethodVisitor void visitVarInsn(int, int)'>
        <annotation name='com.intellij.inspections.tainted.annotation.equation.Equations'>
            <val val="{ &quot;i := MethodWriter#visitVarInsn(int, int)#0&quot;, &quot;i1 := MethodWriter#visitVarInsn(int, int)#1&quot; }"/>
        </annotation>
    </item>
</root>