<root>
    <item name='javax.naming.event.NamingEvent NamingEvent(javax.naming.event.EventContext, int, javax.naming.Binding, javax.naming.Binding, java.lang.Object)'>
        <annotation name='com.intellij.inspections.tainted.annotation.equation.Equations'>
            <val val="{ &quot;NamingEvent := NamingEvent&quot; }"/>
        </annotation>
    </item>
    <item name='javax.naming.event.NamingExceptionEvent NamingExceptionEvent(javax.naming.event.EventContext, javax.naming.NamingException)'>
        <annotation name='com.intellij.inspections.tainted.annotation.equation.Equations'>
            <val val="{ &quot;NamingExceptionEvent := NamingExceptionEvent&quot; }"/>
        </annotation>
    </item>
</root>