<root>
    <item name='javax.xml.crypto.KeySelector.Purpose Purpose(java.lang.String)'>
        <annotation name='com.intellij.inspections.tainted.annotation.equation.Equations'>
            <val val="{ &quot;Purpose := KeySelector.Purpose&quot; }"/>
        </annotation>
    </item>
    <item name='javax.xml.crypto.KeySelector.Purpose java.lang.String toString()'>
        <annotation name='com.intellij.inspections.tainted.annotation.equation.Equations'>
            <val val="{ &quot;toString := KeySelector.Purpose&quot; }"/>
        </annotation>
    </item>
    <item name='javax.xml.crypto.KeySelectorException KeySelectorException()'>
        <annotation name='com.intellij.inspections.tainted.annotation.equation.Equations'>
            <val val="{ &quot;KeySelectorException := KeySelectorException&quot; }"/>
        </annotation>
    </item>
    <item name='javax.xml.crypto.KeySelectorException KeySelectorException(java.lang.String)'>
        <annotation name='com.intellij.inspections.tainted.annotation.equation.Equations'>
            <val val="{ &quot;KeySelectorException := KeySelectorException&quot; }"/>
        </annotation>
    </item>
    <item name='javax.xml.crypto.KeySelectorException KeySelectorException(java.lang.String, java.lang.Throwable)'>
        <annotation name='com.intellij.inspections.tainted.annotation.equation.Equations'>
            <val val="{ &quot;KeySelectorException := KeySelectorException&quot; }"/>
        </annotation>
    </item>
    <item name='javax.xml.crypto.KeySelectorException KeySelectorException(java.lang.Throwable)'>
        <annotation name='com.intellij.inspections.tainted.annotation.equation.Equations'>
            <val val="{ &quot;KeySelectorException := KeySelectorException&quot; }"/>
        </annotation>
    </item>
    <item name='javax.xml.crypto.KeySelectorException java.lang.Throwable getCause()'>
        <annotation name='com.intellij.inspections.tainted.annotation.equation.Equations'>
            <val val="{ &quot;getCause := KeySelectorException&quot; }"/>
        </annotation>
    </item>
    <item name='javax.xml.crypto.MarshalException MarshalException()'>
        <annotation name='com.intellij.inspections.tainted.annotation.equation.Equations'>
            <val val="{ &quot;MarshalException := MarshalException&quot; }"/>
        </annotation>
    </item>
    <item name='javax.xml.crypto.MarshalException MarshalException(java.lang.String)'>
        <annotation name='com.intellij.inspections.tainted.annotation.equation.Equations'>
            <val val="{ &quot;MarshalException := MarshalException&quot; }"/>
        </annotation>
    </item>
    <item name='javax.xml.crypto.MarshalException MarshalException(java.lang.String, java.lang.Throwable)'>
        <annotation name='com.intellij.inspections.tainted.annotation.equation.Equations'>
            <val val="{ &quot;MarshalException := MarshalException&quot; }"/>
        </annotation>
    </item>
    <item name='javax.xml.crypto.MarshalException MarshalException(java.lang.Throwable)'>
        <annotation name='com.intellij.inspections.tainted.annotation.equation.Equations'>
            <val val="{ &quot;MarshalException := MarshalException&quot; }"/>
        </annotation>
    </item>
    <item name='javax.xml.crypto.MarshalException java.lang.Throwable getCause()'>
        <annotation name='com.intellij.inspections.tainted.annotation.equation.Equations'>
            <val val="{ &quot;getCause := MarshalException&quot; }"/>
        </annotation>
    </item>
    <item name='javax.xml.crypto.NoSuchMechanismException NoSuchMechanismException()'>
        <annotation name='com.intellij.inspections.tainted.annotation.equation.Equations'>
            <val val="{ &quot;NoSuchMechanismException := NoSuchMechanismException&quot; }"/>
        </annotation>
    </item>
    <item name='javax.xml.crypto.NoSuchMechanismException NoSuchMechanismException(java.lang.String)'>
        <annotation name='com.intellij.inspections.tainted.annotation.equation.Equations'>
            <val val="{ &quot;NoSuchMechanismException := NoSuchMechanismException&quot; }"/>
        </annotation>
    </item>
    <item name='javax.xml.crypto.NoSuchMechanismException NoSuchMechanismException(java.lang.String, java.lang.Throwable)'>
        <annotation name='com.intellij.inspections.tainted.annotation.equation.Equations'>
            <val val="{ &quot;NoSuchMechanismException := NoSuchMechanismException&quot; }"/>
        </annotation>
    </item>
    <item name='javax.xml.crypto.NoSuchMechanismException NoSuchMechanismException(java.lang.Throwable)'>
        <annotation name='com.intellij.inspections.tainted.annotation.equation.Equations'>
            <val val="{ &quot;NoSuchMechanismException := NoSuchMechanismException&quot; }"/>
        </annotation>
    </item>
    <item name='javax.xml.crypto.NoSuchMechanismException java.lang.Throwable getCause()'>
        <annotation name='com.intellij.inspections.tainted.annotation.equation.Equations'>
            <val val="{ &quot;getCause := NoSuchMechanismException&quot; }"/>
        </annotation>
    </item>
    <item name='javax.xml.crypto.URIReferenceException URIReferenceException()'>
        <annotation name='com.intellij.inspections.tainted.annotation.equation.Equations'>
            <val val="{ &quot;URIReferenceException := URIReferenceException&quot; }"/>
        </annotation>
    </item>
    <item name='javax.xml.crypto.URIReferenceException URIReferenceException(java.lang.String)'>
        <annotation name='com.intellij.inspections.tainted.annotation.equation.Equations'>
            <val val="{ &quot;URIReferenceException := URIReferenceException&quot; }"/>
        </annotation>
    </item>
    <item name='javax.xml.crypto.URIReferenceException URIReferenceException(java.lang.String, java.lang.Throwable)'>
        <annotation name='com.intellij.inspections.tainted.annotation.equation.Equations'>
            <val val="{ &quot;message := #URIReferenceException(java.lang.String, java.lang.Throwable, javax.xml.crypto.URIReference)#0&quot;, &quot;cause := #URIReferenceException(java.lang.String, java.lang.Throwable, javax.xml.crypto.URIReference)#1&quot;, &quot;URIReferenceException := URIReferenceException&quot; }"/>
        </annotation>
    </item>
    <item name='javax.xml.crypto.URIReferenceException URIReferenceException(java.lang.String, java.lang.Throwable, javax.xml.crypto.URIReference)'>
        <annotation name='com.intellij.inspections.tainted.annotation.equation.Equations'>
            <val val="{ &quot;URIReferenceException := URIReferenceException&quot; }"/>
        </annotation>
    </item>
    <item name='javax.xml.crypto.URIReferenceException URIReferenceException(java.lang.Throwable)'>
        <annotation name='com.intellij.inspections.tainted.annotation.equation.Equations'>
            <val val="{ &quot;URIReferenceException := URIReferenceException&quot; }"/>
        </annotation>
    </item>
    <item name='javax.xml.crypto.URIReferenceException java.lang.Throwable getCause()'>
        <annotation name='com.intellij.inspections.tainted.annotation.equation.Equations'>
            <val val="{ &quot;getCause := URIReferenceException&quot; }"/>
        </annotation>
    </item>
    <item name='javax.xml.crypto.URIReferenceException javax.xml.crypto.URIReference getURIReference()'>
        <annotation name='com.intellij.inspections.tainted.annotation.equation.Equations'>
            <val val="{ &quot;getURIReference := URIReferenceException&quot; }"/>
        </annotation>
    </item>
    <item name='javax.xml.crypto.XMLCryptoContext java.lang.Object get(java.lang.Object)'>
        <annotation name='com.intellij.inspections.tainted.annotation.equation.Equations'>
            <val val="{ &quot;get := javax.xml.crypto.dom.DOMCryptoContext#get(java.lang.Object)&quot;, &quot;key := javax.xml.crypto.dom.DOMCryptoContext#get(java.lang.Object)#0&quot; }"/>
        </annotation>
    </item>
    <item name='javax.xml.crypto.XMLCryptoContext java.lang.Object getProperty(java.lang.String)'>
        <annotation name='com.intellij.inspections.tainted.annotation.equation.Equations'>
            <val val="{ &quot;getProperty := javax.xml.crypto.dom.DOMCryptoContext#getProperty(java.lang.String)&quot;, &quot;name := javax.xml.crypto.dom.DOMCryptoContext#getProperty(java.lang.String)#0&quot; }"/>
        </annotation>
    </item>
    <item name='javax.xml.crypto.XMLCryptoContext java.lang.Object put(java.lang.Object, java.lang.Object)'>
        <annotation name='com.intellij.inspections.tainted.annotation.equation.Equations'>
            <val val="{ &quot;key := javax.xml.crypto.dom.DOMCryptoContext#put(java.lang.Object, java.lang.Object)#0&quot;, &quot;value := javax.xml.crypto.dom.DOMCryptoContext#put(java.lang.Object, java.lang.Object)#1&quot;, &quot;put := javax.xml.crypto.dom.DOMCryptoContext#put(java.lang.Object, java.lang.Object)&quot; }"/>
        </annotation>
    </item>
    <item name='javax.xml.crypto.XMLCryptoContext java.lang.Object setProperty(java.lang.String, java.lang.Object)'>
        <annotation name='com.intellij.inspections.tainted.annotation.equation.Equations'>
            <val val="{ &quot;name := javax.xml.crypto.dom.DOMCryptoContext#setProperty(java.lang.String, java.lang.Object)#0&quot;, &quot;value := javax.xml.crypto.dom.DOMCryptoContext#setProperty(java.lang.String, java.lang.Object)#1&quot;, &quot;setProperty := javax.xml.crypto.dom.DOMCryptoContext#setProperty(java.lang.String, java.lang.Object)&quot; }"/>
        </annotation>
    </item>
    <item name='javax.xml.crypto.XMLCryptoContext java.lang.String getBaseURI()'>
        <annotation name='com.intellij.inspections.tainted.annotation.equation.Equations'>
            <val val="{ &quot;getBaseURI := javax.xml.crypto.dom.DOMCryptoContext#getBaseURI()&quot; }"/>
        </annotation>
    </item>
    <item name='javax.xml.crypto.XMLCryptoContext java.lang.String getDefaultNamespacePrefix()'>
        <annotation name='com.intellij.inspections.tainted.annotation.equation.Equations'>
            <val val="{ &quot;getDefaultNamespacePrefix := javax.xml.crypto.dom.DOMCryptoContext#getDefaultNamespacePrefix()&quot; }"/>
        </annotation>
    </item>
    <item name='javax.xml.crypto.XMLCryptoContext java.lang.String getNamespacePrefix(java.lang.String, java.lang.String)'>
        <annotation name='com.intellij.inspections.tainted.annotation.equation.Equations'>
            <val val="{ &quot;defaultPrefix := javax.xml.crypto.dom.DOMCryptoContext#getNamespacePrefix(java.lang.String, java.lang.String)#1&quot;, &quot;namespaceURI := javax.xml.crypto.dom.DOMCryptoContext#getNamespacePrefix(java.lang.String, java.lang.String)#0&quot;, &quot;getNamespacePrefix := javax.xml.crypto.dom.DOMCryptoContext#getNamespacePrefix(java.lang.String, java.lang.String)&quot; }"/>
        </annotation>
    </item>
    <item name='javax.xml.crypto.XMLCryptoContext java.lang.String putNamespacePrefix(java.lang.String, java.lang.String)'>
        <annotation name='com.intellij.inspections.tainted.annotation.equation.Equations'>
            <val val="{ &quot;prefix := javax.xml.crypto.dom.DOMCryptoContext#putNamespacePrefix(java.lang.String, java.lang.String)#1&quot;, &quot;putNamespacePrefix := javax.xml.crypto.dom.DOMCryptoContext#putNamespacePrefix(java.lang.String, java.lang.String)&quot;, &quot;namespaceURI := javax.xml.crypto.dom.DOMCryptoContext#putNamespacePrefix(java.lang.String, java.lang.String)#0&quot; }"/>
        </annotation>
    </item>
    <item name='javax.xml.crypto.XMLCryptoContext javax.xml.crypto.KeySelector getKeySelector()'>
        <annotation name='com.intellij.inspections.tainted.annotation.equation.Equations'>
            <val val="{ &quot;getKeySelector := javax.xml.crypto.dom.DOMCryptoContext#getKeySelector()&quot; }"/>
        </annotation>
    </item>
    <item name='javax.xml.crypto.XMLCryptoContext javax.xml.crypto.URIDereferencer getURIDereferencer()'>
        <annotation name='com.intellij.inspections.tainted.annotation.equation.Equations'>
            <val val="{ &quot;getURIDereferencer := javax.xml.crypto.dom.DOMCryptoContext#getURIDereferencer()&quot; }"/>
        </annotation>
    </item>
    <item name='javax.xml.crypto.XMLCryptoContext void setBaseURI(java.lang.String)'>
        <annotation name='com.intellij.inspections.tainted.annotation.equation.Equations'>
            <val val="{ &quot;baseURI := javax.xml.crypto.dom.DOMCryptoContext#setBaseURI(java.lang.String)#0&quot; }"/>
        </annotation>
    </item>
    <item name='javax.xml.crypto.XMLCryptoContext void setDefaultNamespacePrefix(java.lang.String)'>
        <annotation name='com.intellij.inspections.tainted.annotation.equation.Equations'>
            <val val="{ &quot;defaultPrefix := javax.xml.crypto.dom.DOMCryptoContext#setDefaultNamespacePrefix(java.lang.String)#0&quot; }"/>
        </annotation>
    </item>
    <item name='javax.xml.crypto.XMLCryptoContext void setKeySelector(javax.xml.crypto.KeySelector)'>
        <annotation name='com.intellij.inspections.tainted.annotation.equation.Equations'>
            <val val="{ &quot;ks := javax.xml.crypto.dom.DOMCryptoContext#setKeySelector(javax.xml.crypto.KeySelector)#0&quot; }"/>
        </annotation>
    </item>
    <item name='javax.xml.crypto.XMLCryptoContext void setURIDereferencer(javax.xml.crypto.URIDereferencer)'>
        <annotation name='com.intellij.inspections.tainted.annotation.equation.Equations'>
            <val val="{ &quot;dereferencer := javax.xml.crypto.dom.DOMCryptoContext#setURIDereferencer(javax.xml.crypto.URIDereferencer)#0&quot; }"/>
        </annotation>
    </item>
</root>