<root>
    <item name='java.util.zip.Adler32'>
        <annotation name='com.intellij.inspections.tainted.annotation.equation.Equations'>
            <val val="{ &quot;Adler32 := &quot; }"/>
        </annotation>
    </item>
    <item name='java.util.zip.Adler32 Adler32()'>
        <annotation name='com.intellij.inspections.tainted.annotation.equation.Equations'>
            <val val="{ &quot;Adler32 := Adler32&quot; }"/>
        </annotation>
    </item>
    <item name='java.util.zip.Adler32 int update(int, int)'>
        <annotation name='com.intellij.inspections.tainted.annotation.equation.Equations'>
            <val val="{ &quot;b := #update(int)#0&quot;, &quot;adler := Adler32&quot; }"/>
        </annotation>
    </item>
    <item name='java.util.zip.Adler32 int updateByteBuffer(int, long, int, int)'>
        <annotation name='com.intellij.inspections.tainted.annotation.equation.Equations'>
            <val val="{ &quot;addr := &quot;, &quot;off := &quot;, &quot;adler := Adler32&quot;, &quot;len := &quot; }"/>
        </annotation>
    </item>
    <item name='java.util.zip.Adler32 int updateBytes(int, byte[], int, int)'>
        <annotation name='com.intellij.inspections.tainted.annotation.equation.Equations'>
            <val val="{ &quot;b := #update(byte[], int, int)#0 &amp; #update(byte[])#0&quot;, &quot;off := #update(byte[], int, int)#1&quot;, &quot;adler := Adler32&quot;, &quot;len := #update(byte[], int, int)#2&quot; }"/>
        </annotation>
    </item>
    <item name='java.util.zip.Adler32 long getValue()'>
        <annotation name='com.intellij.inspections.tainted.annotation.equation.Equations'>
            <val val="{ &quot;getValue := Adler32&quot; }"/>
        </annotation>
    </item>
    <item name='java.util.zip.CRC32'>
        <annotation name='com.intellij.inspections.tainted.annotation.equation.Equations'>
            <val val="{ &quot;CRC32 := &quot; }"/>
        </annotation>
    </item>
    <item name='java.util.zip.CRC32 CRC32()'>
        <annotation name='com.intellij.inspections.tainted.annotation.equation.Equations'>
            <val val="{ &quot;CRC32 := CRC32&quot; }"/>
        </annotation>
    </item>
    <item name='java.util.zip.CRC32 int update(int, int)'>
        <annotation name='com.intellij.inspections.tainted.annotation.equation.Equations'>
            <val val="{ &quot;b := #update(int)#0&quot;, &quot;crc := CRC32&quot; }"/>
        </annotation>
    </item>
    <item name='java.util.zip.CRC32 int updateByteBuffer(int, long, int, int)'>
        <annotation name='com.intellij.inspections.tainted.annotation.equation.Equations'>
            <val val="{ &quot;addr := &quot;, &quot;len := &quot;, &quot;off := &quot;, &quot;adler := CRC32&quot; }"/>
        </annotation>
    </item>
    <item name='java.util.zip.CRC32 int updateBytes(int, byte[], int, int)'>
        <annotation name='com.intellij.inspections.tainted.annotation.equation.Equations'>
            <val val="{ &quot;len := #update(byte[], int, int)#2&quot;, &quot;b := #update(byte[], int, int)#0 &amp; #update(byte[])#0&quot;, &quot;crc := CRC32&quot;, &quot;off := #update(byte[], int, int)#1&quot; }"/>
        </annotation>
    </item>
    <item name='java.util.zip.CRC32 long getValue()'>
        <annotation name='com.intellij.inspections.tainted.annotation.equation.Equations'>
            <val val="{ &quot;getValue := CRC32&quot; }"/>
        </annotation>
    </item>
    <item name='java.util.zip.CRC32 void update(byte[])'>
        <annotation name='com.intellij.inspections.tainted.annotation.equation.Equations'>
            <val val="{ &quot;b := sun.util.calendar.ZoneInfoFile.Checksum#update(int)#0 &amp; sun.util.calendar.ZoneInfoFile.Checksum#update(long)#0 &amp; sun.util.calendar.ZoneInfoFile.Checksum#update(int)#0 &amp; sun.util.calendar.ZoneInfoFile.Checksum#update(long)#0&quot; }"/>
        </annotation>
    </item>
    <item name='java.util.zip.CRC32 void update(byte[], int, int)'>
        <annotation name='com.intellij.inspections.tainted.annotation.equation.Equations'>
            <val val="{ &quot;b := ZipOutputStream#write(byte[], int, int)#0 &amp; GZIPInputStream#read(byte[], int, int)#0 &amp; ZipInputStream#read(byte[], int, int)#0 &amp; GZIPOutputStream#write(byte[], int, int)#0&quot;, &quot;len := ZipOutputStream#write(byte[], int, int)#2 &amp; ZipInputStream#read(byte[], int, int)#2 &amp; ZipInputStream &amp; GZIPOutputStream#write(byte[], int, int)#2&quot;, &quot;off := ZipOutputStream#write(byte[], int, int)#1 &amp; GZIPInputStream#read(byte[], int, int)#1 &amp; ZipInputStream#read(byte[], int, int)#1 &amp; GZIPOutputStream#write(byte[], int, int)#1&quot; }"/>
        </annotation>
    </item>
    <item name='java.util.zip.CRC32 void update(int)'>
        <annotation name='com.intellij.inspections.tainted.annotation.equation.Equations'>
            <val val="{ &quot;b := sun.util.calendar.ZoneInfoFile.Checksum#update(int)#0&quot; }"/>
        </annotation>
    </item>
    <item name='java.util.zip.CheckedInputStream CheckedInputStream(java.io.InputStream, java.util.zip.Checksum)'>
        <annotation name='com.intellij.inspections.tainted.annotation.equation.Equations'>
            <val val="{ &quot;CheckedInputStream := CheckedInputStream&quot;, &quot;cksum := GZIPInputStream&quot;, &quot;in := GZIPInputStream#readHeader(java.io.InputStream)#0&quot; }"/>
        </annotation>
    </item>
    <item name='java.util.zip.CheckedInputStream int read(byte[], int, int)'>
        <annotation name='com.intellij.inspections.tainted.annotation.equation.Equations'>
            <val val="{ &quot;len := #skip(long)#0&quot;, &quot;read := len&quot; }"/>
        </annotation>
    </item>
    <item name='java.util.zip.CheckedInputStream long skip(long)'>
        <annotation name='com.intellij.inspections.tainted.annotation.equation.Equations'>
            <val val="{ &quot;skip := n&quot; }"/>
        </annotation>
    </item>
    <item name='java.util.zip.CheckedOutputStream CheckedOutputStream(java.io.OutputStream, java.util.zip.Checksum)'>
        <annotation name='com.intellij.inspections.tainted.annotation.equation.Equations'>
            <val val="{ &quot;CheckedOutputStream := CheckedOutputStream&quot; }"/>
        </annotation>
    </item>
    <item name='java.util.zip.CheckedOutputStream java.util.zip.Checksum getChecksum()'>
        <annotation name='com.intellij.inspections.tainted.annotation.equation.Equations'>
            <val val="{ &quot;getChecksum := CheckedOutputStream&quot; }"/>
        </annotation>
    </item>
    <item name='java.util.zip.Checksum long getValue()'>
        <annotation name='com.intellij.inspections.tainted.annotation.equation.Equations'>
            <val val="{ &quot;getValue := CRC32#getValue() &amp; Adler32#getValue()&quot; }"/>
        </annotation>
    </item>
    <item name='java.util.zip.Checksum void update(byte[], int, int)'>
        <annotation name='com.intellij.inspections.tainted.annotation.equation.Equations'>
            <val val="{ &quot;off := CRC32#update(byte[], int, int)#1 &amp; Adler32#update(byte[], int, int)#1&quot;, &quot;b := CRC32#update(byte[], int, int)#0 &amp; Adler32#update(byte[], int, int)#0&quot;, &quot;len := CRC32#update(byte[], int, int)#2 &amp; Adler32#update(byte[], int, int)#2&quot; }"/>
        </annotation>
    </item>
    <item name='java.util.zip.Checksum void update(int)'>
        <annotation name='com.intellij.inspections.tainted.annotation.equation.Equations'>
            <val val="{ &quot;b := CRC32#update(int)#0 &amp; Adler32#update(int)#0&quot; }"/>
        </annotation>
    </item>
    <item name='java.util.zip.DataFormatException DataFormatException(java.lang.String)'>
        <annotation name='com.intellij.inspections.tainted.annotation.equation.Equations'>
            <val val="{ &quot;DataFormatException := DataFormatException&quot; }"/>
        </annotation>
    </item>
    <item name='java.util.zip.Deflater'>
        <annotation name='com.intellij.inspections.tainted.annotation.equation.Equations'>
            <val val="{ &quot;Deflater := #setStrategy(int)#0&quot; }"/>
        </annotation>
    </item>
    <item name='java.util.zip.Deflater Deflater()'>
        <annotation name='com.intellij.inspections.tainted.annotation.equation.Equations'>
            <val val="{ &quot;Deflater := Deflater&quot; }"/>
        </annotation>
    </item>
    <item name='java.util.zip.Deflater Deflater(int)'>
        <annotation name='com.intellij.inspections.tainted.annotation.equation.Equations'>
            <val val="{ &quot;Deflater := Deflater&quot;, &quot;level := #BEST_COMPRESSION&quot; }"/>
        </annotation>
    </item>
    <item name='java.util.zip.Deflater Deflater(int, boolean)'>
        <annotation name='com.intellij.inspections.tainted.annotation.equation.Equations'>
            <val val="{ &quot;Deflater := Deflater&quot;, &quot;level := #Deflater(int)#0 &amp; #DEFAULT_COMPRESSION&quot; }"/>
        </annotation>
    </item>
    <item name='java.util.zip.Deflater int deflate(byte[], int, int)'>
        <annotation name='com.intellij.inspections.tainted.annotation.equation.Equations'>
            <val val="{ &quot;b := GZIPOutputStream &amp; DeflaterOutputStream &amp; com.sun.imageio.plugins.png.IDATOutputStream &amp; DeflaterInputStream#read(byte[], int, int)#0&quot;, &quot;len := GZIPOutputStream &amp; DeflaterOutputStream &amp; com.sun.imageio.plugins.png.IDATOutputStream &amp; DeflaterInputStream#read(byte[], int, int)#2&quot;, &quot;off := DeflaterInputStream#read(byte[], int, int)#1&quot; }"/>
        </annotation>
    </item>
    <item name='java.util.zip.Deflater int deflate(byte[], int, int, int)'>
        <annotation name='com.intellij.inspections.tainted.annotation.equation.Equations'>
            <val val="{ &quot;flush := #SYNC_FLUSH &amp; #NO_FLUSH&quot;, &quot;off := #deflate(byte[], int, int)#1&quot;, &quot;b := DeflaterOutputStream &amp; #deflate(byte[], int, int)#0 &amp; #deflate(byte[])#0&quot;, &quot;len := DeflaterOutputStream &amp; #deflate(byte[], int, int)#2&quot; }"/>
        </annotation>
    </item>
    <item name='java.util.zip.Deflater int deflateBytes(long, byte[], int, int, int)'>
        <annotation name='com.intellij.inspections.tainted.annotation.equation.Equations'>
            <val val="{ &quot;len := #deflate(byte[], int, int, int)#2&quot;, &quot;flush := #deflate(byte[], int, int, int)#3&quot;, &quot;off := #deflate(byte[], int, int, int)#1&quot;, &quot;b := #deflate(byte[], int, int, int)#0&quot; }"/>
        </annotation>
    </item>
    <item name='java.util.zip.Deflater long getBytesRead()'>
        <annotation name='com.intellij.inspections.tainted.annotation.equation.Equations'>
            <val val="{ &quot;getBytesRead := Deflater&quot; }"/>
        </annotation>
    </item>
    <item name='java.util.zip.Deflater long getBytesWritten()'>
        <annotation name='com.intellij.inspections.tainted.annotation.equation.Equations'>
            <val val="{ &quot;getBytesWritten := Deflater&quot; }"/>
        </annotation>
    </item>
    <item name='java.util.zip.Deflater long init(int, int, boolean)'>
        <annotation name='com.intellij.inspections.tainted.annotation.equation.Equations'>
            <val val="{ &quot;level := #Deflater(int, boolean)#0&quot;, &quot;strategy := #DEFAULT_STRATEGY&quot; }"/>
        </annotation>
    </item>
    <item name='java.util.zip.Deflater void end(long)'>
        <annotation name='com.intellij.inspections.tainted.annotation.equation.Equations'>
            <val val="{ &quot;addr := &quot; }"/>
        </annotation>
    </item>
    <item name='java.util.zip.Deflater void reset(long)'>
        <annotation name='com.intellij.inspections.tainted.annotation.equation.Equations'>
            <val val="{ &quot;addr := &quot; }"/>
        </annotation>
    </item>
    <item name='java.util.zip.Deflater void setDictionary(byte[], int, int)'>
        <annotation name='com.intellij.inspections.tainted.annotation.equation.Equations'>
            <val val="{ &quot;b := #setDictionary(byte[])#0&quot; }"/>
        </annotation>
    </item>
    <item name='java.util.zip.Deflater void setDictionary(long, byte[], int, int)'>
        <annotation name='com.intellij.inspections.tainted.annotation.equation.Equations'>
            <val val="{ &quot;len := #setDictionary(byte[], int, int)#2&quot;, &quot;b := #setDictionary(byte[], int, int)#0&quot;, &quot;off := #setDictionary(byte[], int, int)#1&quot; }"/>
        </annotation>
    </item>
    <item name='java.util.zip.Deflater void setInput(byte[], int, int)'>
        <annotation name='com.intellij.inspections.tainted.annotation.equation.Equations'>
            <val val="{ &quot;b := com.sun.imageio.plugins.png.IDATOutputStream#write(byte[], int, int)#0 &amp; #setInput(byte[])#0 &amp; DeflaterInputStream &amp; DeflaterOutputStream#write(byte[], int, int)#0&quot;, &quot;off := com.sun.imageio.plugins.png.IDATOutputStream#write(byte[], int, int)#1 &amp; DeflaterOutputStream#write(byte[], int, int)#1&quot;, &quot;len := com.sun.imageio.plugins.png.IDATOutputStream#write(byte[], int, int)#2 &amp; DeflaterOutputStream#write(byte[], int, int)#2&quot; }"/>
        </annotation>
    </item>
    <item name='java.util.zip.Deflater void setLevel(int)'>
        <annotation name='com.intellij.inspections.tainted.annotation.equation.Equations'>
            <val val="{ &quot;level := ZipOutputStream#setLevel(int)#0&quot; }"/>
        </annotation>
    </item>
    <item name='java.util.zip.DeflaterInputStream DeflaterInputStream(java.io.InputStream)'>
        <annotation name='com.intellij.inspections.tainted.annotation.equation.Equations'>
            <val val="{ &quot;DeflaterInputStream := DeflaterInputStream&quot; }"/>
        </annotation>
    </item>
    <item name='java.util.zip.DeflaterInputStream DeflaterInputStream(java.io.InputStream, java.util.zip.Deflater)'>
        <annotation name='com.intellij.inspections.tainted.annotation.equation.Equations'>
            <val val="{ &quot;DeflaterInputStream := DeflaterInputStream&quot;, &quot;in := #DeflaterInputStream(java.io.InputStream)#0&quot; }"/>
        </annotation>
    </item>
    <item name='java.util.zip.DeflaterInputStream DeflaterInputStream(java.io.InputStream, java.util.zip.Deflater, int)'>
        <annotation name='com.intellij.inspections.tainted.annotation.equation.Equations'>
            <val val="{ &quot;in := #DeflaterInputStream(java.io.InputStream, java.util.zip.Deflater)#0&quot;, &quot;DeflaterInputStream := DeflaterInputStream&quot;, &quot;defl := #DeflaterInputStream(java.io.InputStream, java.util.zip.Deflater)#1&quot; }"/>
        </annotation>
    </item>
    <item name='java.util.zip.DeflaterInputStream int read()'>
        <annotation name='com.intellij.inspections.tainted.annotation.equation.Equations'>
            <val val="{ &quot;read := DeflaterInputStream&quot; }"/>
        </annotation>
    </item>
    <item name='java.util.zip.DeflaterInputStream int read(byte[], int, int)'>
        <annotation name='com.intellij.inspections.tainted.annotation.equation.Equations'>
            <val val="{ &quot;len := DeflaterInputStream&quot;, &quot;b := DeflaterInputStream&quot; }"/>
        </annotation>
    </item>
    <item name='java.util.zip.DeflaterOutputStream DeflaterOutputStream(java.io.OutputStream)'>
        <annotation name='com.intellij.inspections.tainted.annotation.equation.Equations'>
            <val val="{ &quot;DeflaterOutputStream := DeflaterOutputStream&quot; }"/>
        </annotation>
    </item>
    <item name='java.util.zip.DeflaterOutputStream DeflaterOutputStream(java.io.OutputStream, boolean)'>
        <annotation name='com.intellij.inspections.tainted.annotation.equation.Equations'>
            <val val="{ &quot;DeflaterOutputStream := DeflaterOutputStream&quot;, &quot;out := #DeflaterOutputStream(java.io.OutputStream)#0&quot; }"/>
        </annotation>
    </item>
    <item name='java.util.zip.DeflaterOutputStream DeflaterOutputStream(java.io.OutputStream, java.util.zip.Deflater)'>
        <annotation name='com.intellij.inspections.tainted.annotation.equation.Equations'>
            <val val="{ &quot;out := ZipOutputStream#ZipOutputStream(java.io.OutputStream, java.nio.charset.Charset)#0&quot;, &quot;DeflaterOutputStream := DeflaterOutputStream&quot; }"/>
        </annotation>
    </item>
    <item name='java.util.zip.DeflaterOutputStream DeflaterOutputStream(java.io.OutputStream, java.util.zip.Deflater, boolean)'>
        <annotation name='com.intellij.inspections.tainted.annotation.equation.Equations'>
            <val val="{ &quot;DeflaterOutputStream := DeflaterOutputStream&quot; }"/>
        </annotation>
    </item>
    <item name='java.util.zip.DeflaterOutputStream DeflaterOutputStream(java.io.OutputStream, java.util.zip.Deflater, int)'>
        <annotation name='com.intellij.inspections.tainted.annotation.equation.Equations'>
            <val val="{ &quot;DeflaterOutputStream := DeflaterOutputStream&quot; }"/>
        </annotation>
    </item>
    <item name='java.util.zip.DeflaterOutputStream DeflaterOutputStream(java.io.OutputStream, java.util.zip.Deflater, int, boolean)'>
        <annotation name='com.intellij.inspections.tainted.annotation.equation.Equations'>
            <val val="{ &quot;size := GZIPOutputStream#GZIPOutputStream(java.io.OutputStream, int, boolean)#1 &amp; #DeflaterOutputStream(java.io.OutputStream, java.util.zip.Deflater, int)#2&quot;, &quot;def := #DeflaterOutputStream(java.io.OutputStream, java.util.zip.Deflater, int)#1 &amp; #DeflaterOutputStream(java.io.OutputStream, java.util.zip.Deflater, boolean)#1 &amp; #DeflaterOutputStream(java.io.OutputStream, java.util.zip.Deflater)#1&quot;, &quot;DeflaterOutputStream := DeflaterOutputStream&quot;, &quot;out := GZIPOutputStream#GZIPOutputStream(java.io.OutputStream, int, boolean)#0 &amp; #DeflaterOutputStream(java.io.OutputStream, java.util.zip.Deflater, int)#0 &amp; #DeflaterOutputStream(java.io.OutputStream, java.util.zip.Deflater, boolean)#0 &amp; #DeflaterOutputStream(java.io.OutputStream, java.util.zip.Deflater)#0 &amp; #DeflaterOutputStream(java.io.OutputStream, boolean)#0&quot; }"/>
        </annotation>
    </item>
    <item name='java.util.zip.DeflaterOutputStream void write(byte[], int, int)'>
        <annotation name='com.intellij.inspections.tainted.annotation.equation.Equations'>
            <val val="{ &quot;off := ZipOutputStream#write(byte[], int, int)#1 &amp; GZIPOutputStream#write(byte[], int, int)#1&quot;, &quot;len := ZipOutputStream#write(byte[], int, int)#2 &amp; GZIPOutputStream#write(byte[], int, int)#2&quot;, &quot;b := ZipOutputStream#write(byte[], int, int)#0 &amp; GZIPOutputStream#write(byte[], int, int)#0&quot; }"/>
        </annotation>
    </item>
    <item name='java.util.zip.GZIPInputStream'>
        <annotation name='com.intellij.inspections.tainted.annotation.equation.Equations'>
            <val val="{ &quot;GZIPInputStream := &quot; }"/>
        </annotation>
    </item>
    <item name='java.util.zip.GZIPInputStream GZIPInputStream(java.io.InputStream)'>
        <annotation name='com.intellij.inspections.tainted.annotation.equation.Equations'>
            <val val="{ &quot;GZIPInputStream := GZIPInputStream&quot; }"/>
        </annotation>
    </item>
    <item name='java.util.zip.GZIPInputStream GZIPInputStream(java.io.InputStream, int)'>
        <annotation name='com.intellij.inspections.tainted.annotation.equation.Equations'>
            <val val="{ &quot;GZIPInputStream := GZIPInputStream&quot;, &quot;in := #GZIPInputStream(java.io.InputStream)#0&quot; }"/>
        </annotation>
    </item>
    <item name='java.util.zip.GZIPInputStream int readHeader(java.io.InputStream)'>
        <annotation name='com.intellij.inspections.tainted.annotation.equation.Equations'>
            <val val="{ &quot;this_in := #GZIPInputStream(java.io.InputStream, int)#0 &amp; GZIPInputStream&quot; }"/>
        </annotation>
    </item>
    <item name='java.util.zip.GZIPInputStream int readUByte(java.io.InputStream)'>
        <annotation name='com.intellij.inspections.tainted.annotation.equation.Equations'>
            <val val="{ &quot;in := #readUShort(java.io.InputStream)#0&quot; }"/>
        </annotation>
    </item>
    <item name='java.util.zip.GZIPInputStream int readUShort(java.io.InputStream)'>
        <annotation name='com.intellij.inspections.tainted.annotation.equation.Equations'>
            <val val="{ &quot;in := #readUInt(java.io.InputStream)#0&quot; }"/>
        </annotation>
    </item>
    <item name='java.util.zip.GZIPInputStream long readUInt(java.io.InputStream)'>
        <annotation name='com.intellij.inspections.tainted.annotation.equation.Equations'>
            <val val="{ &quot;in := GZIPInputStream&quot; }"/>
        </annotation>
    </item>
    <item name='java.util.zip.GZIPOutputStream'>
        <annotation name='com.intellij.inspections.tainted.annotation.equation.Equations'>
            <val val="{ &quot;GZIPOutputStream := &quot; }"/>
        </annotation>
    </item>
    <item name='java.util.zip.GZIPOutputStream GZIPOutputStream(java.io.OutputStream)'>
        <annotation name='com.intellij.inspections.tainted.annotation.equation.Equations'>
            <val val="{ &quot;GZIPOutputStream := GZIPOutputStream&quot; }"/>
        </annotation>
    </item>
    <item name='java.util.zip.GZIPOutputStream GZIPOutputStream(java.io.OutputStream, boolean)'>
        <annotation name='com.intellij.inspections.tainted.annotation.equation.Equations'>
            <val val="{ &quot;GZIPOutputStream := GZIPOutputStream&quot; }"/>
        </annotation>
    </item>
    <item name='java.util.zip.GZIPOutputStream GZIPOutputStream(java.io.OutputStream, int)'>
        <annotation name='com.intellij.inspections.tainted.annotation.equation.Equations'>
            <val val="{ &quot;GZIPOutputStream := GZIPOutputStream&quot; }"/>
        </annotation>
    </item>
    <item name='java.util.zip.GZIPOutputStream GZIPOutputStream(java.io.OutputStream, int, boolean)'>
        <annotation name='com.intellij.inspections.tainted.annotation.equation.Equations'>
            <val val="{ &quot;GZIPOutputStream := GZIPOutputStream&quot;, &quot;out := #GZIPOutputStream(java.io.OutputStream, int)#0 &amp; #GZIPOutputStream(java.io.OutputStream)#0 &amp; #GZIPOutputStream(java.io.OutputStream, boolean)#0&quot;, &quot;size := #GZIPOutputStream(java.io.OutputStream, int)#1&quot; }"/>
        </annotation>
    </item>
    <item name='java.util.zip.GZIPOutputStream void write(byte[], int, int)'>
        <annotation name='com.intellij.inspections.tainted.annotation.equation.Equations'>
            <val val="{ &quot;buf := com.sun.org.apache.bcel.internal.classfile.Utility#encode(byte[], boolean)#0&quot; }"/>
        </annotation>
    </item>
    <item name='java.util.zip.GZIPOutputStream void writeInt(int, byte[], int)'>
        <annotation name='com.intellij.inspections.tainted.annotation.equation.Equations'>
            <val val="{ &quot;offset := #writeTrailer(byte[], int)#1&quot;, &quot;buf := #writeTrailer(byte[], int)#0&quot; }"/>
        </annotation>
    </item>
    <item name='java.util.zip.GZIPOutputStream void writeShort(int, byte[], int)'>
        <annotation name='com.intellij.inspections.tainted.annotation.equation.Equations'>
            <val val="{ &quot;buf := #writeInt(int, byte[], int)#1&quot;, &quot;offset := #writeInt(int, byte[], int)#2&quot;, &quot;s := #writeInt(int, byte[], int)#0&quot; }"/>
        </annotation>
    </item>
    <item name='java.util.zip.GZIPOutputStream void writeTrailer(byte[], int)'>
        <annotation name='com.intellij.inspections.tainted.annotation.equation.Equations'>
            <val val="{ &quot;offset := #TRAILER_SIZE&quot;, &quot;buf := GZIPOutputStream&quot; }"/>
        </annotation>
    </item>
    <item name='java.util.zip.Inflater'>
        <annotation name='com.intellij.inspections.tainted.annotation.equation.Equations'>
            <val val="{ &quot;Inflater := #defaultBuf&quot; }"/>
        </annotation>
    </item>
    <item name='java.util.zip.Inflater Inflater()'>
        <annotation name='com.intellij.inspections.tainted.annotation.equation.Equations'>
            <val val="{ &quot;Inflater := Inflater&quot; }"/>
        </annotation>
    </item>
    <item name='java.util.zip.Inflater Inflater(boolean)'>
        <annotation name='com.intellij.inspections.tainted.annotation.equation.Equations'>
            <val val="{ &quot;Inflater := Inflater&quot; }"/>
        </annotation>
    </item>
    <item name='java.util.zip.Inflater int getRemaining()'>
        <annotation name='com.intellij.inspections.tainted.annotation.equation.Equations'>
            <val val="{ &quot;getRemaining := Inflater&quot; }"/>
        </annotation>
    </item>
    <item name='java.util.zip.Inflater int inflate(byte[], int, int)'>
        <annotation name='com.intellij.inspections.tainted.annotation.equation.Equations'>
            <val val="{ &quot;b := InflaterOutputStream &amp; #inflate(byte[])#0 &amp; InflaterInputStream#read(byte[], int, int)#0&quot;, &quot;off := InflaterInputStream#read(byte[], int, int)#1&quot;, &quot;len := InflaterOutputStream &amp; InflaterInputStream#read(byte[], int, int)#2&quot; }"/>
        </annotation>
    </item>
    <item name='java.util.zip.Inflater int inflateBytes(long, byte[], int, int)'>
        <annotation name='com.intellij.inspections.tainted.annotation.equation.Equations'>
            <val val="{ &quot;off := #inflate(byte[], int, int)#1&quot;, &quot;b := #inflate(byte[], int, int)#0&quot;, &quot;len := #inflate(byte[], int, int)#2&quot; }"/>
        </annotation>
    </item>
    <item name='java.util.zip.Inflater long getBytesRead()'>
        <annotation name='com.intellij.inspections.tainted.annotation.equation.Equations'>
            <val val="{ &quot;getBytesRead := Inflater&quot; }"/>
        </annotation>
    </item>
    <item name='java.util.zip.Inflater long getBytesWritten()'>
        <annotation name='com.intellij.inspections.tainted.annotation.equation.Equations'>
            <val val="{ &quot;getBytesWritten := Inflater&quot; }"/>
        </annotation>
    </item>
    <item name='java.util.zip.Inflater void end(long)'>
        <annotation name='com.intellij.inspections.tainted.annotation.equation.Equations'>
            <val val="{ &quot;addr := &quot; }"/>
        </annotation>
    </item>
    <item name='java.util.zip.Inflater void reset(long)'>
        <annotation name='com.intellij.inspections.tainted.annotation.equation.Equations'>
            <val val="{ &quot;addr := &quot; }"/>
        </annotation>
    </item>
    <item name='java.util.zip.Inflater void setDictionary(byte[], int, int)'>
        <annotation name='com.intellij.inspections.tainted.annotation.equation.Equations'>
            <val val="{ &quot;b := #setDictionary(byte[])#0&quot; }"/>
        </annotation>
    </item>
    <item name='java.util.zip.Inflater void setDictionary(long, byte[], int, int)'>
        <annotation name='com.intellij.inspections.tainted.annotation.equation.Equations'>
            <val val="{ &quot;len := #setDictionary(byte[], int, int)#2&quot;, &quot;b := #setDictionary(byte[], int, int)#0&quot;, &quot;off := #setDictionary(byte[], int, int)#1&quot; }"/>
        </annotation>
    </item>
    <item name='java.util.zip.Inflater void setInput(byte[], int, int)'>
        <annotation name='com.intellij.inspections.tainted.annotation.equation.Equations'>
            <val val="{ &quot;len := ZipFile.ZipFileInflaterInputStream &amp; InflaterInputStream &amp; InflaterOutputStream#write(byte[], int, int)#2&quot;, &quot;off := GZIPInputStream &amp; InflaterOutputStream#write(byte[], int, int)#1 &amp; InflaterOutputStream#write(byte[], int, int)#2&quot;, &quot;b := ZipFile.ZipFileInflaterInputStream &amp; GZIPInputStream &amp; InflaterInputStream &amp; #setInput(byte[])#0 &amp; InflaterOutputStream#write(byte[], int, int)#0&quot; }"/>
        </annotation>
    </item>
    <item name='java.util.zip.InflaterInputStream'>
        <annotation name='com.intellij.inspections.tainted.annotation.equation.Equations'>
            <val val="{ &quot;InflaterInputStream := &quot; }"/>
        </annotation>
    </item>
    <item name='java.util.zip.InflaterInputStream InflaterInputStream(java.io.InputStream)'>
        <annotation name='com.intellij.inspections.tainted.annotation.equation.Equations'>
            <val val="{ &quot;InflaterInputStream := InflaterInputStream&quot; }"/>
        </annotation>
    </item>
    <item name='java.util.zip.InflaterInputStream InflaterInputStream(java.io.InputStream, java.util.zip.Inflater)'>
        <annotation name='com.intellij.inspections.tainted.annotation.equation.Equations'>
            <val val="{ &quot;inf := &quot;, &quot;in := sun.awt.image.PNGImageDecoder &amp; #InflaterInputStream(java.io.InputStream)#0 &amp; sun.awt.image.PNGImageDecoder&quot;, &quot;InflaterInputStream := InflaterInputStream&quot; }"/>
        </annotation>
    </item>
    <item name='java.util.zip.InflaterInputStream InflaterInputStream(java.io.InputStream, java.util.zip.Inflater, int)'>
        <annotation name='com.intellij.inspections.tainted.annotation.equation.Equations'>
            <val val="{ &quot;InflaterInputStream := InflaterInputStream&quot;, &quot;inf := ZipFile.ZipFileInflaterInputStream#ZipFileInflaterInputStream(java.util.zip.ZipFile.ZipFileInputStream, java.util.zip.Inflater, int)#1 &amp; #InflaterInputStream(java.io.InputStream, java.util.zip.Inflater)#1&quot;, &quot;in := ZipFile.ZipFileInflaterInputStream#ZipFileInflaterInputStream(java.util.zip.ZipFile.ZipFileInputStream, java.util.zip.Inflater, int)#0 &amp; GZIPInputStream#GZIPInputStream(java.io.InputStream, int)#0 &amp; #InflaterInputStream(java.io.InputStream, java.util.zip.Inflater)#0&quot;, &quot;size := ZipFile.ZipFileInflaterInputStream#ZipFileInflaterInputStream(java.util.zip.ZipFile.ZipFileInputStream, java.util.zip.Inflater, int)#2 &amp; GZIPInputStream#GZIPInputStream(java.io.InputStream, int)#1&quot; }"/>
        </annotation>
    </item>
    <item name='java.util.zip.InflaterInputStream int available()'>
        <annotation name='com.intellij.inspections.tainted.annotation.equation.Equations'>
            <val val="{ &quot;available := ZipFile.ZipFileInflaterInputStream#available() &amp; ZipInputStream#available()&quot; }"/>
        </annotation>
    </item>
    <item name='java.util.zip.InflaterInputStream int read(byte[], int, int)'>
        <annotation name='com.intellij.inspections.tainted.annotation.equation.Equations'>
            <val val="{ &quot;read := ZipInputStream#read(byte[], int, int) &amp; GZIPInputStream#read(byte[], int, int)&quot;, &quot;off := ZipInputStream#read(byte[], int, int)#1 &amp; GZIPInputStream#read(byte[], int, int)#1&quot;, &quot;len := ZipInputStream#read(byte[], int, int)#2 &amp; GZIPInputStream#read(byte[], int, int)#2&quot;, &quot;b := ZipInputStream#read(byte[], int, int)#0 &amp; GZIPInputStream#read(byte[], int, int)#0&quot; }"/>
        </annotation>
    </item>
    <item name='java.util.zip.InflaterInputStream long skip(long)'>
        <annotation name='com.intellij.inspections.tainted.annotation.equation.Equations'>
            <val val="{ &quot;n := ZipInputStream#skip(long)#0&quot;, &quot;skip := ZipInputStream#skip(long)&quot; }"/>
        </annotation>
    </item>
    <item name='java.util.zip.InflaterOutputStream'>
        <annotation name='com.intellij.inspections.tainted.annotation.equation.Equations'>
            <val val="{ &quot;InflaterOutputStream := #write(int)#0&quot; }"/>
        </annotation>
    </item>
    <item name='java.util.zip.InflaterOutputStream InflaterOutputStream(java.io.OutputStream)'>
        <annotation name='com.intellij.inspections.tainted.annotation.equation.Equations'>
            <val val="{ &quot;InflaterOutputStream := InflaterOutputStream&quot; }"/>
        </annotation>
    </item>
    <item name='java.util.zip.InflaterOutputStream InflaterOutputStream(java.io.OutputStream, java.util.zip.Inflater)'>
        <annotation name='com.intellij.inspections.tainted.annotation.equation.Equations'>
            <val val="{ &quot;out := #InflaterOutputStream(java.io.OutputStream)#0&quot;, &quot;InflaterOutputStream := InflaterOutputStream&quot; }"/>
        </annotation>
    </item>
    <item name='java.util.zip.InflaterOutputStream InflaterOutputStream(java.io.OutputStream, java.util.zip.Inflater, int)'>
        <annotation name='com.intellij.inspections.tainted.annotation.equation.Equations'>
            <val val="{ &quot;InflaterOutputStream := InflaterOutputStream&quot;, &quot;infl := #InflaterOutputStream(java.io.OutputStream, java.util.zip.Inflater)#1&quot;, &quot;out := #InflaterOutputStream(java.io.OutputStream, java.util.zip.Inflater)#0&quot; }"/>
        </annotation>
    </item>
    <item name='java.util.zip.InflaterOutputStream void write(byte[], int, int)'>
        <annotation name='com.intellij.inspections.tainted.annotation.equation.Equations'>
            <val val="{ &quot;b := InflaterOutputStream&quot; }"/>
        </annotation>
    </item>
    <item name='java.util.zip.ZStreamRef ZStreamRef(long)'>
        <annotation name='com.intellij.inspections.tainted.annotation.equation.Equations'>
            <val val="{ &quot;ZStreamRef := ZStreamRef&quot; }"/>
        </annotation>
    </item>
    <item name='java.util.zip.ZStreamRef long address()'>
        <annotation name='com.intellij.inspections.tainted.annotation.equation.Equations'>
            <val val="{ &quot;address := ZStreamRef&quot; }"/>
        </annotation>
    </item>
    <item name='java.util.zip.ZipCoder byte[] getBytes(java.lang.String)'>
        <annotation name='com.intellij.inspections.tainted.annotation.equation.Equations'>
            <val val="{ &quot;s := ZipOutputStream#setComment(java.lang.String)#0 &amp; ZipFile#getEntry(java.lang.String)#0 &amp; #getBytesUTF8(java.lang.String)#0&quot; }"/>
        </annotation>
    </item>
    <item name='java.util.zip.ZipCoder java.lang.String toString(byte[], int)'>
        <annotation name='com.intellij.inspections.tainted.annotation.equation.Equations'>
            <val val="{ &quot;length := #toStringUTF8(byte[], int)#1&quot;, &quot;ba := #toString(byte[])#0 &amp; #toStringUTF8(byte[], int)#0 &amp; ZipInputStream&quot; }"/>
        </annotation>
    </item>
    <item name='java.util.zip.ZipCoder java.lang.String toStringUTF8(byte[], int)'>
        <annotation name='com.intellij.inspections.tainted.annotation.equation.Equations'>
            <val val="{ &quot;ba := ZipInputStream&quot; }"/>
        </annotation>
    </item>
    <item name='java.util.zip.ZipConstants64 ZipConstants64()'>
        <annotation name='com.intellij.inspections.tainted.annotation.equation.Equations'>
            <val val="{ &quot;ZipConstants64 := ZipConstants64&quot; }"/>
        </annotation>
    </item>
    <item name='java.util.zip.ZipEntry'>
        <annotation name='com.intellij.inspections.tainted.annotation.equation.Equations'>
            <val val="{ &quot;ZipEntry := #setSize(long)#0 &amp; #setCompressedSize(long)#0 &amp; #setCrc(long)#0 &amp; #setMethod(int)#0 &amp; #setComment(java.lang.String)#0&quot; }"/>
        </annotation>
    </item>
    <item name='java.util.zip.ZipEntry ZipEntry()'>
        <annotation name='com.intellij.inspections.tainted.annotation.equation.Equations'>
            <val val="{ &quot;ZipEntry := ZipEntry&quot; }"/>
        </annotation>
    </item>
    <item name='java.util.zip.ZipEntry ZipEntry(java.lang.String)'>
        <annotation name='com.intellij.inspections.tainted.annotation.equation.Equations'>
            <val val="{ &quot;name := java.util.jar.JarFile#MANIFEST_NAME &amp; java.util.jar.JarEntry#JarEntry(java.lang.String)#0 &amp; ZipInputStream#createZipEntry(java.lang.String)#0&quot;, &quot;ZipEntry := ZipEntry&quot; }"/>
        </annotation>
    </item>
    <item name='java.util.zip.ZipEntry ZipEntry(java.util.zip.ZipEntry)'>
        <annotation name='com.intellij.inspections.tainted.annotation.equation.Equations'>
            <val val="{ &quot;ZipEntry := ZipEntry&quot;, &quot;e := java.util.jar.JarEntry#JarEntry(java.util.zip.ZipEntry)#0&quot; }"/>
        </annotation>
    </item>
    <item name='java.util.zip.ZipEntry byte[] getExtra()'>
        <annotation name='com.intellij.inspections.tainted.annotation.equation.Equations'>
            <val val="{ &quot;getExtra := ZipEntry&quot; }"/>
        </annotation>
    </item>
    <item name='java.util.zip.ZipEntry int getMethod()'>
        <annotation name='com.intellij.inspections.tainted.annotation.equation.Equations'>
            <val val="{ &quot;getMethod := ZipEntry&quot; }"/>
        </annotation>
    </item>
    <item name='java.util.zip.ZipEntry java.lang.String getComment()'>
        <annotation name='com.intellij.inspections.tainted.annotation.equation.Equations'>
            <val val="{ &quot;getComment := ZipEntry&quot; }"/>
        </annotation>
    </item>
    <item name='java.util.zip.ZipEntry java.lang.String getName()'>
        <annotation name='com.intellij.inspections.tainted.annotation.equation.Equations'>
            <val val="{ &quot;getName := ZipEntry&quot; }"/>
        </annotation>
    </item>
    <item name='java.util.zip.ZipEntry java.nio.file.attribute.FileTime getCreationTime()'>
        <annotation name='com.intellij.inspections.tainted.annotation.equation.Equations'>
            <val val="{ &quot;getCreationTime := ZipEntry&quot; }"/>
        </annotation>
    </item>
    <item name='java.util.zip.ZipEntry java.nio.file.attribute.FileTime getLastAccessTime()'>
        <annotation name='com.intellij.inspections.tainted.annotation.equation.Equations'>
            <val val="{ &quot;getLastAccessTime := ZipEntry&quot; }"/>
        </annotation>
    </item>
    <item name='java.util.zip.ZipEntry java.nio.file.attribute.FileTime getLastModifiedTime()'>
        <annotation name='com.intellij.inspections.tainted.annotation.equation.Equations'>
            <val val="{ &quot;getLastModifiedTime := ZipEntry&quot; }"/>
        </annotation>
    </item>
    <item name='java.util.zip.ZipEntry java.util.zip.ZipEntry setCreationTime(java.nio.file.attribute.FileTime)'>
        <annotation name='com.intellij.inspections.tainted.annotation.equation.Equations'>
            <val val="{ &quot;setCreationTime := ZipEntry&quot; }"/>
        </annotation>
    </item>
    <item name='java.util.zip.ZipEntry java.util.zip.ZipEntry setLastAccessTime(java.nio.file.attribute.FileTime)'>
        <annotation name='com.intellij.inspections.tainted.annotation.equation.Equations'>
            <val val="{ &quot;setLastAccessTime := ZipEntry&quot; }"/>
        </annotation>
    </item>
    <item name='java.util.zip.ZipEntry java.util.zip.ZipEntry setLastModifiedTime(java.nio.file.attribute.FileTime)'>
        <annotation name='com.intellij.inspections.tainted.annotation.equation.Equations'>
            <val val="{ &quot;setLastModifiedTime := ZipEntry&quot; }"/>
        </annotation>
    </item>
    <item name='java.util.zip.ZipEntry long getCompressedSize()'>
        <annotation name='com.intellij.inspections.tainted.annotation.equation.Equations'>
            <val val="{ &quot;getCompressedSize := ZipEntry&quot; }"/>
        </annotation>
    </item>
    <item name='java.util.zip.ZipEntry long getCrc()'>
        <annotation name='com.intellij.inspections.tainted.annotation.equation.Equations'>
            <val val="{ &quot;getCrc := ZipEntry&quot; }"/>
        </annotation>
    </item>
    <item name='java.util.zip.ZipEntry long getSize()'>
        <annotation name='com.intellij.inspections.tainted.annotation.equation.Equations'>
            <val val="{ &quot;getSize := ZipEntry&quot; }"/>
        </annotation>
    </item>
    <item name='java.util.zip.ZipEntry void setExtra0(byte[], boolean)'>
        <annotation name='com.intellij.inspections.tainted.annotation.equation.Equations'>
            <val val="{ &quot;extra := #setExtra(byte[])#0&quot; }"/>
        </annotation>
    </item>
    <item name='java.util.zip.ZipError ZipError(java.lang.String)'>
        <annotation name='com.intellij.inspections.tainted.annotation.equation.Equations'>
            <val val="{ &quot;ZipError := ZipError&quot; }"/>
        </annotation>
    </item>
    <item name='java.util.zip.ZipException ZipException(java.lang.String)'>
        <annotation name='com.intellij.inspections.tainted.annotation.equation.Equations'>
            <val val="{ &quot;ZipException := ZipException&quot;, &quot;s := java.util.jar.JarException#JarException(java.lang.String)#0&quot; }"/>
        </annotation>
    </item>
    <item name='java.util.zip.ZipFile'>
        <annotation name='com.intellij.inspections.tainted.annotation.equation.Equations'>
            <val val="{ &quot;ZipFile := &quot; }"/>
        </annotation>
    </item>
    <item name='java.util.zip.ZipFile ZipFile(java.io.File)'>
        <annotation name='com.intellij.inspections.tainted.annotation.equation.Equations'>
            <val val="{ &quot;ZipFile := ZipFile&quot; }"/>
        </annotation>
    </item>
    <item name='java.util.zip.ZipFile ZipFile(java.io.File, int)'>
        <annotation name='com.intellij.inspections.tainted.annotation.equation.Equations'>
            <val val="{ &quot;file := #ZipFile(java.io.File)#0 &amp; java.util.jar.JarFile#JarFile(java.io.File, boolean, int)#0&quot;, &quot;mode := #OPEN_READ &amp; java.util.jar.JarFile#JarFile(java.io.File, boolean, int)#2&quot;, &quot;ZipFile := ZipFile&quot; }"/>
        </annotation>
    </item>
    <item name='java.util.zip.ZipFile ZipFile(java.io.File, int, java.nio.charset.Charset)'>
        <annotation name='com.intellij.inspections.tainted.annotation.equation.Equations'>
            <val val="{ &quot;mode := #ZipFile(java.io.File, int)#1 &amp; #OPEN_READ&quot;, &quot;charset := java.nio.charset.StandardCharsets#UTF_8 &amp; #ZipFile(java.lang.String, java.nio.charset.Charset)#1 &amp; #ZipFile(java.io.File, java.nio.charset.Charset)#1&quot;, &quot;ZipFile := ZipFile&quot;, &quot;file := #ZipFile(java.io.File, int)#0 &amp; #ZipFile(java.io.File, java.nio.charset.Charset)#0&quot; }"/>
        </annotation>
    </item>
    <item name='java.util.zip.ZipFile ZipFile(java.io.File, java.nio.charset.Charset)'>
        <annotation name='com.intellij.inspections.tainted.annotation.equation.Equations'>
            <val val="{ &quot;ZipFile := ZipFile&quot; }"/>
        </annotation>
    </item>
    <item name='java.util.zip.ZipFile ZipFile(java.lang.String)'>
        <annotation name='com.intellij.inspections.tainted.annotation.equation.Equations'>
            <val val="{ &quot;ZipFile := ZipFile&quot;, &quot;name := com.sun.org.apache.bcel.internal.classfile.ClassParser#ClassParser(java.lang.String, java.lang.String)#0&quot; }"/>
        </annotation>
    </item>
    <item name='java.util.zip.ZipFile ZipFile(java.lang.String, java.nio.charset.Charset)'>
        <annotation name='com.intellij.inspections.tainted.annotation.equation.Equations'>
            <val val="{ &quot;ZipFile := ZipFile&quot; }"/>
        </annotation>
    </item>
    <item name='java.util.zip.ZipFile boolean startsWithLOC(long)'>
        <annotation name='com.intellij.inspections.tainted.annotation.equation.Equations'>
            <val val="{ &quot;jzfile := ZipFile&quot; }"/>
        </annotation>
    </item>
    <item name='java.util.zip.ZipFile byte[] getCommentBytes(long)'>
        <annotation name='com.intellij.inspections.tainted.annotation.equation.Equations'>
            <val val="{ &quot;jzfile := ZipFile&quot; }"/>
        </annotation>
    </item>
    <item name='java.util.zip.ZipFile byte[] getEntryBytes(long, int)'>
        <annotation name='com.intellij.inspections.tainted.annotation.equation.Equations'>
            <val val="{ &quot;type := #JZENTRY_NAME &amp; #JZENTRY_EXTRA &amp; #JZENTRY_COMMENT&quot;, &quot;jzentry := #getZipEntry(java.lang.String, long)#1&quot; }"/>
        </annotation>
    </item>
    <item name='java.util.zip.ZipFile int getTotal(long)'>
        <annotation name='com.intellij.inspections.tainted.annotation.equation.Equations'>
            <val val="{ &quot;jzfile := ZipFile&quot; }"/>
        </annotation>
    </item>
    <item name='java.util.zip.ZipFile int read(long, long, long, byte[], int, int)'>
        <annotation name='com.intellij.inspections.tainted.annotation.equation.Equations'>
            <val val="{ &quot;jzentry := ZipFile.ZipFileInputStream&quot;, &quot;pos := ZipFile.ZipFileInputStream&quot;, &quot;b := ZipFile.ZipFileInputStream#read(byte[], int, int)#0&quot;, &quot;len := ZipFile.ZipFileInputStream#read(byte[], int, int)#2 &amp; ZipFile.ZipFileInputStream&quot;, &quot;jzfile := ZipFile.ZipFileInputStream&quot;, &quot;off := ZipFile.ZipFileInputStream#read(byte[], int, int)#1&quot; }"/>
        </annotation>
    </item>
    <item name='java.util.zip.ZipFile int size()'>
        <annotation name='com.intellij.inspections.tainted.annotation.equation.Equations'>
            <val val="{ &quot;size := ZipFile&quot; }"/>
        </annotation>
    </item>
    <item name='java.util.zip.ZipFile java.io.InputStream getInputStream(java.util.zip.ZipEntry)'>
        <annotation name='com.intellij.inspections.tainted.annotation.equation.Equations'>
            <val val="{ &quot;getInputStream := java.util.jar.JarFile#getInputStream(java.util.zip.ZipEntry)&quot;, &quot;entry := java.util.jar.JarFile#getInputStream(java.util.zip.ZipEntry)#0&quot; }"/>
        </annotation>
    </item>
    <item name='java.util.zip.ZipFile java.lang.String getName()'>
        <annotation name='com.intellij.inspections.tainted.annotation.equation.Equations'>
            <val val="{ &quot;getName := ZipFile&quot; }"/>
        </annotation>
    </item>
    <item name='java.util.zip.ZipFile java.lang.String getZipMessage(long)'>
        <annotation name='com.intellij.inspections.tainted.annotation.equation.Equations'>
            <val val="{ &quot;jzfile := ZipFile.ZipEntryIterator&quot; }"/>
        </annotation>
    </item>
    <item name='java.util.zip.ZipFile java.util.Enumeration&lt;? extends java.util.zip.ZipEntry&gt; entries()'>
        <annotation name='com.intellij.inspections.tainted.annotation.equation.Equations'>
            <val val="{ &quot;entries := java.util.jar.JarFile#entries()&quot; }"/>
        </annotation>
    </item>
    <item name='java.util.zip.ZipFile java.util.stream.Stream&lt;? extends java.util.zip.ZipEntry&gt; stream()'>
        <annotation name='com.intellij.inspections.tainted.annotation.equation.Equations'>
            <val val="{ &quot;stream := java.util.jar.JarFile#stream()&quot; }"/>
        </annotation>
    </item>
    <item name='java.util.zip.ZipFile java.util.zip.ZipEntry getEntry(java.lang.String)'>
        <annotation name='com.intellij.inspections.tainted.annotation.equation.Equations'>
            <val val="{ &quot;name := java.util.jar.JarFile#getEntry(java.lang.String)#0&quot;, &quot;getEntry := java.util.jar.JarFile#getEntry(java.lang.String)&quot; }"/>
        </annotation>
    </item>
    <item name='java.util.zip.ZipFile java.util.zip.ZipEntry getZipEntry(java.lang.String, long)'>
        <annotation name='com.intellij.inspections.tainted.annotation.equation.Equations'>
            <val val="{ &quot;name := #getEntry(java.lang.String)#0&quot; }"/>
        </annotation>
    </item>
    <item name='java.util.zip.ZipFile long getEntry(long, byte[], boolean)'>
        <annotation name='com.intellij.inspections.tainted.annotation.equation.Equations'>
            <val val="{ &quot;jzfile := ZipFile&quot; }"/>
        </annotation>
    </item>
    <item name='java.util.zip.ZipFile long getEntryCSize(long)'>
        <annotation name='com.intellij.inspections.tainted.annotation.equation.Equations'>
            <val val="{ &quot;jzentry := ZipFile.ZipFileInputStream#ZipFileInputStream(long)#0&quot; }"/>
        </annotation>
    </item>
    <item name='java.util.zip.ZipFile long getEntrySize(long)'>
        <annotation name='com.intellij.inspections.tainted.annotation.equation.Equations'>
            <val val="{ &quot;jzentry := ZipFile.ZipFileInputStream#ZipFileInputStream(long)#0&quot; }"/>
        </annotation>
    </item>
    <item name='java.util.zip.ZipFile long getNextEntry(long, int)'>
        <annotation name='com.intellij.inspections.tainted.annotation.equation.Equations'>
            <val val="{ &quot;jzfile := ZipFile.ZipEntryIterator&quot; }"/>
        </annotation>
    </item>
    <item name='java.util.zip.ZipFile long open(java.lang.String, int, long, boolean)'>
        <annotation name='com.intellij.inspections.tainted.annotation.equation.Equations'>
            <val val="{ &quot;mode := #ZipFile(java.io.File, int, java.nio.charset.Charset)#1&quot; }"/>
        </annotation>
    </item>
    <item name='java.util.zip.ZipFile void close(long)'>
        <annotation name='com.intellij.inspections.tainted.annotation.equation.Equations'>
            <val val="{ &quot;jzfile := ZipFile&quot; }"/>
        </annotation>
    </item>
    <item name='java.util.zip.ZipFile void freeEntry(long, long)'>
        <annotation name='com.intellij.inspections.tainted.annotation.equation.Equations'>
            <val val="{ &quot;jzfile := ZipFile &amp; ZipFile.ZipEntryIterator &amp; ZipFile.ZipFileInputStream&quot;, &quot;jzentry := ZipFile.ZipFileInputStream&quot; }"/>
        </annotation>
    </item>
    <item name='java.util.zip.ZipFile void releaseInflater(java.util.zip.Inflater)'>
        <annotation name='com.intellij.inspections.tainted.annotation.equation.Equations'>
            <val val="{ &quot;inf := &quot; }"/>
        </annotation>
    </item>
    <item name='java.util.zip.ZipFile.ZipEntryIterator ZipEntryIterator()'>
        <annotation name='com.intellij.inspections.tainted.annotation.equation.Equations'>
            <val val="{ &quot;ZipEntryIterator := ZipFile.ZipEntryIterator&quot; }"/>
        </annotation>
    </item>
    <item name='java.util.zip.ZipFile.ZipFileInflaterInputStream'>
        <annotation name='com.intellij.inspections.tainted.annotation.equation.Equations'>
            <val val="{ &quot;ZipFileInflaterInputStream := &quot; }"/>
        </annotation>
    </item>
    <item name='java.util.zip.ZipFile.ZipFileInflaterInputStream ZipFileInflaterInputStream(java.util.zip.ZipFile.ZipFileInputStream, java.util.zip.Inflater, int)'>
        <annotation name='com.intellij.inspections.tainted.annotation.equation.Equations'>
            <val val="{ &quot;ZipFileInflaterInputStream := ZipFile.ZipFileInflaterInputStream&quot; }"/>
        </annotation>
    </item>
    <item name='java.util.zip.ZipFile.ZipFileInflaterInputStream int available()'>
        <annotation name='com.intellij.inspections.tainted.annotation.equation.Equations'>
            <val val="{ &quot;available := java.lang.Integer#MAX_VALUE&quot; }"/>
        </annotation>
    </item>
    <item name='java.util.zip.ZipFile.ZipFileInputStream ZipFileInputStream(long)'>
        <annotation name='com.intellij.inspections.tainted.annotation.equation.Equations'>
            <val val="{ &quot;ZipFileInputStream := ZipFile.ZipFileInputStream&quot; }"/>
        </annotation>
    </item>
    <item name='java.util.zip.ZipFile.ZipFileInputStream int available()'>
        <annotation name='com.intellij.inspections.tainted.annotation.equation.Equations'>
            <val val="{ &quot;available := java.lang.Integer#MAX_VALUE &amp; ZipFile.ZipFileInputStream&quot; }"/>
        </annotation>
    </item>
    <item name='java.util.zip.ZipFile.ZipFileInputStream int read(byte[], int, int)'>
        <annotation name='com.intellij.inspections.tainted.annotation.equation.Equations'>
            <val val="{ &quot;read := len &amp; ZipFile.ZipFileInputStream&quot; }"/>
        </annotation>
    </item>
    <item name='java.util.zip.ZipFile.ZipFileInputStream long size()'>
        <annotation name='com.intellij.inspections.tainted.annotation.equation.Equations'>
            <val val="{ &quot;size := ZipFile.ZipFileInputStream&quot; }"/>
        </annotation>
    </item>
    <item name='java.util.zip.ZipFile.ZipFileInputStream long skip(long)'>
        <annotation name='com.intellij.inspections.tainted.annotation.equation.Equations'>
            <val val="{ &quot;skip := n &amp; ZipFile.ZipFileInputStream&quot; }"/>
        </annotation>
    </item>
    <item name='java.util.zip.ZipInputStream'>
        <annotation name='com.intellij.inspections.tainted.annotation.equation.Equations'>
            <val val="{ &quot;ZipInputStream := &quot; }"/>
        </annotation>
    </item>
    <item name='java.util.zip.ZipInputStream ZipInputStream(java.io.InputStream)'>
        <annotation name='com.intellij.inspections.tainted.annotation.equation.Equations'>
            <val val="{ &quot;ZipInputStream := ZipInputStream&quot;, &quot;in := java.util.jar.JarInputStream#JarInputStream(java.io.InputStream, boolean)#0&quot; }"/>
        </annotation>
    </item>
    <item name='java.util.zip.ZipInputStream ZipInputStream(java.io.InputStream, java.nio.charset.Charset)'>
        <annotation name='com.intellij.inspections.tainted.annotation.equation.Equations'>
            <val val="{ &quot;ZipInputStream := ZipInputStream&quot;, &quot;in := #ZipInputStream(java.io.InputStream)#0&quot;, &quot;charset := java.nio.charset.StandardCharsets#UTF_8&quot; }"/>
        </annotation>
    </item>
    <item name='java.util.zip.ZipInputStream int read(byte[], int, int)'>
        <annotation name='com.intellij.inspections.tainted.annotation.equation.Equations'>
            <val val="{ &quot;off := java.util.jar.JarInputStream#read(byte[], int, int)#1&quot;, &quot;read := java.util.jar.JarInputStream#read(byte[], int, int)&quot;, &quot;b := java.util.jar.JarInputStream#read(byte[], int, int)#0&quot;, &quot;len := java.util.jar.JarInputStream#read(byte[], int, int)#2&quot; }"/>
        </annotation>
    </item>
    <item name='java.util.zip.ZipInputStream java.util.zip.ZipEntry createZipEntry(java.lang.String)'>
        <annotation name='com.intellij.inspections.tainted.annotation.equation.Equations'>
            <val val="{ &quot;name := java.util.jar.JarInputStream#createZipEntry(java.lang.String)#0&quot;, &quot;createZipEntry := java.util.jar.JarInputStream#createZipEntry(java.lang.String)&quot; }"/>
        </annotation>
    </item>
    <item name='java.util.zip.ZipInputStream java.util.zip.ZipEntry getNextEntry()'>
        <annotation name='com.intellij.inspections.tainted.annotation.equation.Equations'>
            <val val="{ &quot;getNextEntry := java.util.jar.JarInputStream#getNextEntry() &amp; ZipInputStream&quot; }"/>
        </annotation>
    </item>
    <item name='java.util.zip.ZipInputStream long skip(long)'>
        <annotation name='com.intellij.inspections.tainted.annotation.equation.Equations'>
            <val val="{ &quot;skip := ZipInputStream&quot; }"/>
        </annotation>
    </item>
    <item name='java.util.zip.ZipInputStream void readEnd(java.util.zip.ZipEntry)'>
        <annotation name='com.intellij.inspections.tainted.annotation.equation.Equations'>
            <val val="{ &quot;e := ZipInputStream&quot; }"/>
        </annotation>
    </item>
    <item name='java.util.zip.ZipInputStream void readFully(byte[], int, int)'>
        <annotation name='com.intellij.inspections.tainted.annotation.equation.Equations'>
            <val val="{ &quot;b := ZipInputStream&quot;, &quot;len := ZipConstants#LOCHDR &amp; ZipConstants64#ZIP64_EXTHDR &amp; ZipConstants#EXTHDR&quot; }"/>
        </annotation>
    </item>
    <item name='java.util.zip.ZipOutputStream'>
        <annotation name='com.intellij.inspections.tainted.annotation.equation.Equations'>
            <val val="{ &quot;ZipOutputStream := #write(byte[], int, int)#2 &amp; #DEFLATED &amp; #setMethod(int)#0&quot; }"/>
        </annotation>
    </item>
    <item name='java.util.zip.ZipOutputStream ZipOutputStream(java.io.OutputStream)'>
        <annotation name='com.intellij.inspections.tainted.annotation.equation.Equations'>
            <val val="{ &quot;out := java.util.jar.JarOutputStream#JarOutputStream(java.io.OutputStream, java.util.jar.Manifest)#0 &amp; java.util.jar.JarOutputStream#JarOutputStream(java.io.OutputStream)#0&quot;, &quot;ZipOutputStream := ZipOutputStream&quot; }"/>
        </annotation>
    </item>
    <item name='java.util.zip.ZipOutputStream ZipOutputStream(java.io.OutputStream, java.nio.charset.Charset)'>
        <annotation name='com.intellij.inspections.tainted.annotation.equation.Equations'>
            <val val="{ &quot;ZipOutputStream := ZipOutputStream&quot;, &quot;out := #ZipOutputStream(java.io.OutputStream)#0&quot;, &quot;charset := java.nio.charset.StandardCharsets#UTF_8&quot; }"/>
        </annotation>
    </item>
    <item name='java.util.zip.ZipOutputStream void putNextEntry(java.util.zip.ZipEntry)'>
        <annotation name='com.intellij.inspections.tainted.annotation.equation.Equations'>
            <val val="{ &quot;e := java.util.jar.JarOutputStream#putNextEntry(java.util.zip.ZipEntry)#0&quot; }"/>
        </annotation>
    </item>
    <item name='java.util.zip.ZipOutputStream void writeByte(int)'>
        <annotation name='com.intellij.inspections.tainted.annotation.equation.Equations'>
            <val val="{ &quot;v := ZipConstants64#EXTT_FLAG_LMT &amp; ZipConstants64#EXTT_FLAG_LAT &amp; ZipConstants64#EXTT_FLAT_CT&quot; }"/>
        </annotation>
    </item>
    <item name='java.util.zip.ZipOutputStream void writeBytes(byte[], int, int)'>
        <annotation name='com.intellij.inspections.tainted.annotation.equation.Equations'>
            <val val="{ &quot;b := ZipOutputStream &amp; #writeExtra(byte[])#0&quot;, &quot;off := &quot;, &quot;len := ZipOutputStream&quot; }"/>
        </annotation>
    </item>
    <item name='java.util.zip.ZipOutputStream void writeCEN(java.util.zip.ZipOutputStream.XEntry)'>
        <annotation name='com.intellij.inspections.tainted.annotation.equation.Equations'>
            <val val="{ &quot;xentry := ZipOutputStream&quot; }"/>
        </annotation>
    </item>
    <item name='java.util.zip.ZipOutputStream void writeEND(long, long)'>
        <annotation name='com.intellij.inspections.tainted.annotation.equation.Equations'>
            <val val="{ &quot;off := ZipOutputStream&quot;, &quot;len := ZipOutputStream&quot; }"/>
        </annotation>
    </item>
    <item name='java.util.zip.ZipOutputStream void writeEXT(java.util.zip.ZipEntry)'>
        <annotation name='com.intellij.inspections.tainted.annotation.equation.Equations'>
            <val val="{ &quot;e := ZipOutputStream&quot; }"/>
        </annotation>
    </item>
    <item name='java.util.zip.ZipOutputStream void writeInt(long)'>
        <annotation name='com.intellij.inspections.tainted.annotation.equation.Equations'>
            <val val="{ &quot;v := ZipConstants#LOCSIG &amp; ZipConstants64#ZIP64_MAGICVAL &amp; ZipConstants#EXTSIG &amp; ZipConstants#CENSIG &amp; ZipConstants64#ZIP64_ENDSIG &amp; ZipConstants64#ZIP64_LOCSIG &amp; ZipConstants#ENDSIG &amp; #writeEND(long, long)#1 &amp; #writeEND(long, long)#0&quot; }"/>
        </annotation>
    </item>
    <item name='java.util.zip.ZipOutputStream void writeLOC(java.util.zip.ZipOutputStream.XEntry)'>
        <annotation name='com.intellij.inspections.tainted.annotation.equation.Equations'>
            <val val="{ &quot;xentry := ZipOutputStream&quot; }"/>
        </annotation>
    </item>
    <item name='java.util.zip.ZipOutputStream void writeLong(long)'>
        <annotation name='com.intellij.inspections.tainted.annotation.equation.Equations'>
            <val val="{ &quot;v := ZipConstants64#ZIP64_ENDHDR &amp; #writeEND(long, long)#1 &amp; #writeEND(long, long)#0 &amp; ZipOutputStream&quot; }"/>
        </annotation>
    </item>
    <item name='java.util.zip.ZipOutputStream void writeShort(int)'>
        <annotation name='com.intellij.inspections.tainted.annotation.equation.Equations'>
            <val val="{ &quot;v := ZipConstants64#ZIP64_EXTID &amp; ZipConstants64#EXTID_EXTT &amp; ZipConstants64#ZIP64_MAGICCOUNT &amp; ZipOutputStream&quot; }"/>
        </annotation>
    </item>
    <item name='java.util.zip.ZipOutputStream.XEntry XEntry(java.util.zip.ZipEntry, long)'>
        <annotation name='com.intellij.inspections.tainted.annotation.equation.Equations'>
            <val val="{ &quot;offset := ZipOutputStream&quot;, &quot;XEntry := ZipOutputStream.XEntry&quot;, &quot;entry := ZipOutputStream#putNextEntry(java.util.zip.ZipEntry)#0&quot; }"/>
        </annotation>
    </item>
    <item name='java.util.zip.ZipUtils int get16(byte[], int)'>
        <annotation name='com.intellij.inspections.tainted.annotation.equation.Equations'>
            <val val="{ &quot;b := ZipOutputStream#writeExtra(byte[])#0 &amp; #get32(byte[], int)#0 &amp; ZipEntry#setExtra0(byte[], boolean)#0 &amp; ZipInputStream &amp; ZipOutputStream#getExtraLen(byte[])#0&quot;, &quot;off := #get32(byte[], int)#1 &amp; ZipConstants#LOCFLG &amp; ZipConstants#LOCNAM &amp; ZipConstants#LOCEXT&quot; }"/>
        </annotation>
    </item>
    <item name='java.util.zip.ZipUtils long dosToJavaTime(long)'>
        <annotation name='com.intellij.inspections.tainted.annotation.equation.Equations'>
            <val val="{ &quot;dtime := #extendedDosToJavaTime(long)#0&quot; }"/>
        </annotation>
    </item>
    <item name='java.util.zip.ZipUtils long extendedDosToJavaTime(long)'>
        <annotation name='com.intellij.inspections.tainted.annotation.equation.Equations'>
            <val val="{ &quot;extendedDosToJavaTime := xdostime&quot;, &quot;xdostime := ZipEntry&quot; }"/>
        </annotation>
    </item>
    <item name='java.util.zip.ZipUtils long fileTimeToWinTime(java.nio.file.attribute.FileTime)'>
        <annotation name='com.intellij.inspections.tainted.annotation.equation.Equations'>
            <val val="{ &quot;fileTimeToWinTime := #WINDOWS_EPOCH_IN_MICROSECONDS&quot; }"/>
        </annotation>
    </item>
    <item name='java.util.zip.ZipUtils long get32(byte[], int)'>
        <annotation name='com.intellij.inspections.tainted.annotation.equation.Equations'>
            <val val="{ &quot;off := #get64(byte[], int)#1&quot;, &quot;b := #get64(byte[], int)#0 &amp; ZipEntry#setExtra0(byte[], boolean)#0 &amp; ZipInputStream&quot; }"/>
        </annotation>
    </item>
    <item name='java.util.zip.ZipUtils long get64(byte[], int)'>
        <annotation name='com.intellij.inspections.tainted.annotation.equation.Equations'>
            <val val="{ &quot;b := ZipEntry#setExtra0(byte[], boolean)#0&quot; }"/>
        </annotation>
    </item>
    <item name='java.util.zip.ZipUtils long javaToDosTime(long)'>
        <annotation name='com.intellij.inspections.tainted.annotation.equation.Equations'>
            <val val="{ &quot;javaToDosTime := ZipEntry#DOSTIME_BEFORE_1980&quot;, &quot;time := #javaToExtendedDosTime(long)#0&quot; }"/>
        </annotation>
    </item>
    <item name='java.util.zip.ZipUtils long javaToExtendedDosTime(long)'>
        <annotation name='com.intellij.inspections.tainted.annotation.equation.Equations'>
            <val val="{ &quot;time := ZipEntry#setTime(long)#0&quot;, &quot;javaToExtendedDosTime := ZipEntry#DOSTIME_BEFORE_1980 &amp; time&quot; }"/>
        </annotation>
    </item>
</root>