<root>
    <item name='com.sun.org.apache.xml.internal.security.keys.content.DEREncodedKeyValue DEREncodedKeyValue(org.w3c.dom.Document, byte[])'>
        <annotation name='com.intellij.inspections.tainted.annotation.equation.Equations'>
            <val val="{ &quot;DEREncodedKeyValue := DEREncodedKeyValue&quot; }"/>
        </annotation>
    </item>
    <item name='com.sun.org.apache.xml.internal.security.keys.content.DEREncodedKeyValue DEREncodedKeyValue(org.w3c.dom.Document, java.security.PublicKey)'>
        <annotation name='com.intellij.inspections.tainted.annotation.equation.Equations'>
            <val val="{ &quot;doc := com.sun.org.apache.xml.internal.security.keys.KeyInfo&quot;, &quot;DEREncodedKeyValue := DEREncodedKeyValue&quot;, &quot;publicKey := com.sun.org.apache.xml.internal.security.keys.KeyInfo#addDEREncodedKeyValue(java.security.PublicKey)#0&quot; }"/>
        </annotation>
    </item>
    <item name='com.sun.org.apache.xml.internal.security.keys.content.DEREncodedKeyValue DEREncodedKeyValue(org.w3c.dom.Element, java.lang.String)'>
        <annotation name='com.intellij.inspections.tainted.annotation.equation.Equations'>
            <val val="{ &quot;DEREncodedKeyValue := DEREncodedKeyValue&quot;, &quot;BaseURI := com.sun.org.apache.xml.internal.security.keys.keyresolver.implementations.DEREncodedKeyValueResolver#engineLookupAndResolvePublicKey(org.w3c.dom.Element, java.lang.String, com.sun.org.apache.xml.internal.security.keys.storage.StorageResolver)#1 &amp; com.sun.org.apache.xml.internal.security.keys.KeyInfo&quot;, &quot;element := com.sun.org.apache.xml.internal.security.keys.keyresolver.implementations.DEREncodedKeyValueResolver#engineLookupAndResolvePublicKey(org.w3c.dom.Element, java.lang.String, com.sun.org.apache.xml.internal.security.keys.storage.StorageResolver)#0&quot; }"/>
        </annotation>
    </item>
    <item name='com.sun.org.apache.xml.internal.security.keys.content.DEREncodedKeyValue byte[] getEncodedDER(java.security.PublicKey)'>
        <annotation name='com.intellij.inspections.tainted.annotation.equation.Equations'>
            <val val="{ &quot;publicKey := #DEREncodedKeyValue(org.w3c.dom.Document, java.security.PublicKey)#1&quot; }"/>
        </annotation>
    </item>
    <item name='com.sun.org.apache.xml.internal.security.keys.content.DEREncodedKeyValue java.lang.String getBaseLocalName()'>
        <annotation name='com.intellij.inspections.tainted.annotation.equation.Equations'>
            <val val="{ &quot;getBaseLocalName := com.sun.org.apache.xml.internal.security.utils.Constants#_TAG_DERENCODEDKEYVALUE&quot; }"/>
        </annotation>
    </item>
    <item name='com.sun.org.apache.xml.internal.security.keys.content.KeyInfoReference KeyInfoReference(org.w3c.dom.Document, java.lang.String)'>
        <annotation name='com.intellij.inspections.tainted.annotation.equation.Equations'>
            <val val="{ &quot;URI := com.sun.org.apache.xml.internal.security.keys.KeyInfo#addKeyInfoReference(java.lang.String)#0&quot;, &quot;doc := com.sun.org.apache.xml.internal.security.keys.KeyInfo&quot;, &quot;KeyInfoReference := KeyInfoReference&quot; }"/>
        </annotation>
    </item>
    <item name='com.sun.org.apache.xml.internal.security.keys.content.KeyInfoReference KeyInfoReference(org.w3c.dom.Element, java.lang.String)'>
        <annotation name='com.intellij.inspections.tainted.annotation.equation.Equations'>
            <val val="{ &quot;baseURI := com.sun.org.apache.xml.internal.security.keys.keyresolver.implementations.KeyInfoReferenceResolver#resolveReferentKeyInfo(org.w3c.dom.Element, java.lang.String, com.sun.org.apache.xml.internal.security.keys.storage.StorageResolver)#1 &amp; com.sun.org.apache.xml.internal.security.keys.KeyInfo &amp; com.sun.org.apache.xml.internal.security.keys.keyresolver.implementations.KeyInfoReferenceResolver#resolveReferentKeyInfo(org.w3c.dom.Element, java.lang.String, com.sun.org.apache.xml.internal.security.keys.storage.StorageResolver)#1&quot;, &quot;KeyInfoReference := KeyInfoReference&quot;, &quot;element := com.sun.org.apache.xml.internal.security.keys.keyresolver.implementations.KeyInfoReferenceResolver#resolveReferentKeyInfo(org.w3c.dom.Element, java.lang.String, com.sun.org.apache.xml.internal.security.keys.storage.StorageResolver)#0 &amp; com.sun.org.apache.xml.internal.security.keys.keyresolver.implementations.KeyInfoReferenceResolver#resolveReferentKeyInfo(org.w3c.dom.Element, java.lang.String, com.sun.org.apache.xml.internal.security.keys.storage.StorageResolver)#0&quot; }"/>
        </annotation>
    </item>
    <item name='com.sun.org.apache.xml.internal.security.keys.content.KeyInfoReference java.lang.String getBaseLocalName()'>
        <annotation name='com.intellij.inspections.tainted.annotation.equation.Equations'>
            <val val="{ &quot;getBaseLocalName := com.sun.org.apache.xml.internal.security.utils.Constants#_TAG_KEYINFOREFERENCE&quot; }"/>
        </annotation>
    </item>
    <item name='com.sun.org.apache.xml.internal.security.keys.content.KeyName KeyName(org.w3c.dom.Document, java.lang.String)'>
        <annotation name='com.intellij.inspections.tainted.annotation.equation.Equations'>
            <val val="{ &quot;KeyName := KeyName&quot;, &quot;doc := com.sun.org.apache.xml.internal.security.keys.KeyInfo&quot;, &quot;keyName := com.sun.org.apache.xml.internal.security.keys.KeyInfo#addKeyName(java.lang.String)#0&quot; }"/>
        </annotation>
    </item>
    <item name='com.sun.org.apache.xml.internal.security.keys.content.KeyName KeyName(org.w3c.dom.Element, java.lang.String)'>
        <annotation name='com.intellij.inspections.tainted.annotation.equation.Equations'>
            <val val="{ &quot;BaseURI := com.sun.org.apache.xml.internal.security.keys.KeyInfo&quot;, &quot;KeyName := KeyName&quot; }"/>
        </annotation>
    </item>
    <item name='com.sun.org.apache.xml.internal.security.keys.content.KeyName java.lang.String getBaseLocalName()'>
        <annotation name='com.intellij.inspections.tainted.annotation.equation.Equations'>
            <val val="{ &quot;getBaseLocalName := com.sun.org.apache.xml.internal.security.utils.Constants#_TAG_KEYNAME&quot; }"/>
        </annotation>
    </item>
    <item name='com.sun.org.apache.xml.internal.security.keys.content.KeyValue KeyValue(org.w3c.dom.Document, com.sun.org.apache.xml.internal.security.keys.content.keyvalues.DSAKeyValue)'>
        <annotation name='com.intellij.inspections.tainted.annotation.equation.Equations'>
            <val val="{ &quot;dsaKeyValue := com.sun.org.apache.xml.internal.security.keys.KeyInfo#add(com.sun.org.apache.xml.internal.security.keys.content.keyvalues.DSAKeyValue)#0&quot;, &quot;doc := com.sun.org.apache.xml.internal.security.keys.KeyInfo&quot;, &quot;KeyValue := KeyValue&quot; }"/>
        </annotation>
    </item>
    <item name='com.sun.org.apache.xml.internal.security.keys.content.KeyValue KeyValue(org.w3c.dom.Document, com.sun.org.apache.xml.internal.security.keys.content.keyvalues.RSAKeyValue)'>
        <annotation name='com.intellij.inspections.tainted.annotation.equation.Equations'>
            <val val="{ &quot;KeyValue := KeyValue&quot;, &quot;doc := com.sun.org.apache.xml.internal.security.keys.KeyInfo&quot;, &quot;rsaKeyValue := com.sun.org.apache.xml.internal.security.keys.KeyInfo#add(com.sun.org.apache.xml.internal.security.keys.content.keyvalues.RSAKeyValue)#0&quot; }"/>
        </annotation>
    </item>
    <item name='com.sun.org.apache.xml.internal.security.keys.content.KeyValue KeyValue(org.w3c.dom.Document, java.security.PublicKey)'>
        <annotation name='com.intellij.inspections.tainted.annotation.equation.Equations'>
            <val val="{ &quot;pk := com.sun.org.apache.xml.internal.security.keys.KeyInfo#addKeyValue(java.security.PublicKey)#0 &amp; com.sun.org.apache.xml.internal.security.keys.KeyInfo#add(java.security.PublicKey)#0&quot;, &quot;KeyValue := KeyValue&quot;, &quot;doc := com.sun.org.apache.xml.internal.security.keys.KeyInfo&quot; }"/>
        </annotation>
    </item>
    <item name='com.sun.org.apache.xml.internal.security.keys.content.KeyValue KeyValue(org.w3c.dom.Document, org.w3c.dom.Element)'>
        <annotation name='com.intellij.inspections.tainted.annotation.equation.Equations'>
            <val val="{ &quot;doc := com.sun.org.apache.xml.internal.security.keys.KeyInfo&quot;, &quot;KeyValue := KeyValue&quot;, &quot;unknownKeyValue := com.sun.org.apache.xml.internal.security.keys.KeyInfo#addKeyValue(org.w3c.dom.Element)#0&quot; }"/>
        </annotation>
    </item>
    <item name='com.sun.org.apache.xml.internal.security.keys.content.KeyValue KeyValue(org.w3c.dom.Element, java.lang.String)'>
        <annotation name='com.intellij.inspections.tainted.annotation.equation.Equations'>
            <val val="{ &quot;BaseURI := com.sun.org.apache.xml.internal.security.keys.KeyInfo&quot;, &quot;KeyValue := KeyValue&quot; }"/>
        </annotation>
    </item>
    <item name='com.sun.org.apache.xml.internal.security.keys.content.KeyValue java.lang.String getBaseLocalName()'>
        <annotation name='com.intellij.inspections.tainted.annotation.equation.Equations'>
            <val val="{ &quot;getBaseLocalName := com.sun.org.apache.xml.internal.security.utils.Constants#_TAG_KEYVALUE&quot; }"/>
        </annotation>
    </item>
    <item name='com.sun.org.apache.xml.internal.security.keys.content.MgmtData MgmtData(org.w3c.dom.Document, java.lang.String)'>
        <annotation name='com.intellij.inspections.tainted.annotation.equation.Equations'>
            <val val="{ &quot;doc := com.sun.org.apache.xml.internal.security.keys.KeyInfo&quot;, &quot;mgmtData := com.sun.org.apache.xml.internal.security.keys.KeyInfo#addMgmtData(java.lang.String)#0&quot;, &quot;MgmtData := MgmtData&quot; }"/>
        </annotation>
    </item>
    <item name='com.sun.org.apache.xml.internal.security.keys.content.MgmtData MgmtData(org.w3c.dom.Element, java.lang.String)'>
        <annotation name='com.intellij.inspections.tainted.annotation.equation.Equations'>
            <val val="{ &quot;MgmtData := MgmtData&quot;, &quot;BaseURI := com.sun.org.apache.xml.internal.security.keys.KeyInfo&quot; }"/>
        </annotation>
    </item>
    <item name='com.sun.org.apache.xml.internal.security.keys.content.MgmtData java.lang.String getBaseLocalName()'>
        <annotation name='com.intellij.inspections.tainted.annotation.equation.Equations'>
            <val val="{ &quot;getBaseLocalName := com.sun.org.apache.xml.internal.security.utils.Constants#_TAG_MGMTDATA&quot; }"/>
        </annotation>
    </item>
    <item name='com.sun.org.apache.xml.internal.security.keys.content.PGPData PGPData(org.w3c.dom.Element, java.lang.String)'>
        <annotation name='com.intellij.inspections.tainted.annotation.equation.Equations'>
            <val val="{ &quot;BaseURI := com.sun.org.apache.xml.internal.security.keys.KeyInfo&quot;, &quot;PGPData := PGPData&quot; }"/>
        </annotation>
    </item>
    <item name='com.sun.org.apache.xml.internal.security.keys.content.PGPData java.lang.String getBaseLocalName()'>
        <annotation name='com.intellij.inspections.tainted.annotation.equation.Equations'>
            <val val="{ &quot;getBaseLocalName := com.sun.org.apache.xml.internal.security.utils.Constants#_TAG_PGPDATA&quot; }"/>
        </annotation>
    </item>
    <item name='com.sun.org.apache.xml.internal.security.keys.content.RetrievalMethod RetrievalMethod(org.w3c.dom.Document, java.lang.String, com.sun.org.apache.xml.internal.security.transforms.Transforms, java.lang.String)'>
        <annotation name='com.intellij.inspections.tainted.annotation.equation.Equations'>
            <val val="{ &quot;RetrievalMethod := RetrievalMethod&quot;, &quot;Type := com.sun.org.apache.xml.internal.security.keys.KeyInfo#addRetrievalMethod(java.lang.String, com.sun.org.apache.xml.internal.security.transforms.Transforms, java.lang.String)#2&quot;, &quot;doc := com.sun.org.apache.xml.internal.security.keys.KeyInfo&quot;, &quot;URI := com.sun.org.apache.xml.internal.security.keys.KeyInfo#addRetrievalMethod(java.lang.String, com.sun.org.apache.xml.internal.security.transforms.Transforms, java.lang.String)#0&quot;, &quot;transforms := com.sun.org.apache.xml.internal.security.keys.KeyInfo#addRetrievalMethod(java.lang.String, com.sun.org.apache.xml.internal.security.transforms.Transforms, java.lang.String)#1&quot; }"/>
        </annotation>
    </item>
    <item name='com.sun.org.apache.xml.internal.security.keys.content.RetrievalMethod RetrievalMethod(org.w3c.dom.Element, java.lang.String)'>
        <annotation name='com.intellij.inspections.tainted.annotation.equation.Equations'>
            <val val="{ &quot;RetrievalMethod := RetrievalMethod&quot;, &quot;BaseURI := com.sun.org.apache.xml.internal.security.keys.keyresolver.implementations.RetrievalMethodResolver#engineLookupAndResolvePublicKey(org.w3c.dom.Element, java.lang.String, com.sun.org.apache.xml.internal.security.keys.storage.StorageResolver)#1 &amp; com.sun.org.apache.xml.internal.security.keys.keyresolver.implementations.RetrievalMethodResolver#engineLookupResolveX509Certificate(org.w3c.dom.Element, java.lang.String, com.sun.org.apache.xml.internal.security.keys.storage.StorageResolver)#1 &amp; com.sun.org.apache.xml.internal.security.keys.KeyInfo&quot;, &quot;element := com.sun.org.apache.xml.internal.security.keys.keyresolver.implementations.RetrievalMethodResolver#engineLookupAndResolvePublicKey(org.w3c.dom.Element, java.lang.String, com.sun.org.apache.xml.internal.security.keys.storage.StorageResolver)#0 &amp; com.sun.org.apache.xml.internal.security.keys.keyresolver.implementations.RetrievalMethodResolver#engineLookupResolveX509Certificate(org.w3c.dom.Element, java.lang.String, com.sun.org.apache.xml.internal.security.keys.storage.StorageResolver)#0&quot; }"/>
        </annotation>
    </item>
    <item name='com.sun.org.apache.xml.internal.security.keys.content.RetrievalMethod java.lang.String getBaseLocalName()'>
        <annotation name='com.intellij.inspections.tainted.annotation.equation.Equations'>
            <val val="{ &quot;getBaseLocalName := com.sun.org.apache.xml.internal.security.utils.Constants#_TAG_RETRIEVALMETHOD&quot; }"/>
        </annotation>
    </item>
    <item name='com.sun.org.apache.xml.internal.security.keys.content.SPKIData SPKIData(org.w3c.dom.Element, java.lang.String)'>
        <annotation name='com.intellij.inspections.tainted.annotation.equation.Equations'>
            <val val="{ &quot;SPKIData := SPKIData&quot;, &quot;BaseURI := com.sun.org.apache.xml.internal.security.keys.KeyInfo&quot; }"/>
        </annotation>
    </item>
    <item name='com.sun.org.apache.xml.internal.security.keys.content.SPKIData java.lang.String getBaseLocalName()'>
        <annotation name='com.intellij.inspections.tainted.annotation.equation.Equations'>
            <val val="{ &quot;getBaseLocalName := com.sun.org.apache.xml.internal.security.utils.Constants#_TAG_SPKIDATA&quot; }"/>
        </annotation>
    </item>
    <item name='com.sun.org.apache.xml.internal.security.keys.content.X509Data'>
        <annotation name='com.intellij.inspections.tainted.annotation.equation.Equations'>
            <val val="{ &quot;X509Data := &quot; }"/>
        </annotation>
    </item>
    <item name='com.sun.org.apache.xml.internal.security.keys.content.X509Data X509Data(org.w3c.dom.Document)'>
        <annotation name='com.intellij.inspections.tainted.annotation.equation.Equations'>
            <val val="{ &quot;X509Data := X509Data&quot;, &quot;doc := com.sun.org.apache.xml.internal.security.signature.XMLSignature&quot; }"/>
        </annotation>
    </item>
    <item name='com.sun.org.apache.xml.internal.security.keys.content.X509Data X509Data(org.w3c.dom.Element, java.lang.String)'>
        <annotation name='com.intellij.inspections.tainted.annotation.equation.Equations'>
            <val val="{ &quot;element := com.sun.org.apache.xml.internal.security.keys.keyresolver.implementations.X509DigestResolver#engineCanResolve(org.w3c.dom.Element, java.lang.String, com.sun.org.apache.xml.internal.security.keys.storage.StorageResolver)#0 &amp; com.sun.org.apache.xml.internal.security.keys.keyresolver.implementations.PrivateKeyResolver#resolveX509Data(org.w3c.dom.Element, java.lang.String)#0 &amp; com.sun.org.apache.xml.internal.security.keys.keyresolver.implementations.X509IssuerSerialResolver#engineLookupResolveX509Certificate(org.w3c.dom.Element, java.lang.String, com.sun.org.apache.xml.internal.security.keys.storage.StorageResolver)#0 &amp; com.sun.org.apache.xml.internal.security.keys.keyresolver.implementations.X509DigestResolver#engineCanResolve(org.w3c.dom.Element, java.lang.String, com.sun.org.apache.xml.internal.security.keys.storage.StorageResolver)#0 &amp; com.sun.org.apache.xml.internal.security.keys.keyresolver.implementations.X509IssuerSerialResolver#engineLookupResolveX509Certificate(org.w3c.dom.Element, java.lang.String, com.sun.org.apache.xml.internal.security.keys.storage.StorageResolver)#0&quot;, &quot;X509Data := X509Data&quot;, &quot;baseURI := com.sun.org.apache.xml.internal.security.keys.keyresolver.implementations.X509DigestResolver#engineCanResolve(org.w3c.dom.Element, java.lang.String, com.sun.org.apache.xml.internal.security.keys.storage.StorageResolver)#1 &amp; com.sun.org.apache.xml.internal.security.keys.keyresolver.implementations.PrivateKeyResolver#resolveX509Data(org.w3c.dom.Element, java.lang.String)#1 &amp; com.sun.org.apache.xml.internal.security.keys.keyresolver.implementations.X509IssuerSerialResolver#engineLookupResolveX509Certificate(org.w3c.dom.Element, java.lang.String, com.sun.org.apache.xml.internal.security.keys.storage.StorageResolver)#1 &amp; com.sun.org.apache.xml.internal.security.keys.KeyInfo &amp; com.sun.org.apache.xml.internal.security.keys.keyresolver.implementations.X509DigestResolver#engineCanResolve(org.w3c.dom.Element, java.lang.String, com.sun.org.apache.xml.internal.security.keys.storage.StorageResolver)#1 &amp; com.sun.org.apache.xml.internal.security.keys.keyresolver.implementations.X509IssuerSerialResolver#engineLookupResolveX509Certificate(org.w3c.dom.Element, java.lang.String, com.sun.org.apache.xml.internal.security.keys.storage.StorageResolver)#1&quot; }"/>
        </annotation>
    </item>
    <item name='com.sun.org.apache.xml.internal.security.keys.content.X509Data java.lang.String getBaseLocalName()'>
        <annotation name='com.intellij.inspections.tainted.annotation.equation.Equations'>
            <val val="{ &quot;getBaseLocalName := com.sun.org.apache.xml.internal.security.utils.Constants#_TAG_X509DATA&quot; }"/>
        </annotation>
    </item>
    <item name='com.sun.org.apache.xml.internal.security.keys.content.X509Data void add(com.sun.org.apache.xml.internal.security.keys.content.x509.XMLX509CRL)'>
        <annotation name='com.intellij.inspections.tainted.annotation.equation.Equations'>
            <val val="{ &quot;xmlX509CRL := &quot; }"/>
        </annotation>
    </item>
    <item name='com.sun.org.apache.xml.internal.security.keys.content.X509Data void add(com.sun.org.apache.xml.internal.security.keys.content.x509.XMLX509Certificate)'>
        <annotation name='com.intellij.inspections.tainted.annotation.equation.Equations'>
            <val val="{ &quot;xmlX509Certificate := &quot; }"/>
        </annotation>
    </item>
    <item name='com.sun.org.apache.xml.internal.security.keys.content.X509Data void add(com.sun.org.apache.xml.internal.security.keys.content.x509.XMLX509Digest)'>
        <annotation name='com.intellij.inspections.tainted.annotation.equation.Equations'>
            <val val="{ &quot;xmlX509Digest := &quot; }"/>
        </annotation>
    </item>
    <item name='com.sun.org.apache.xml.internal.security.keys.content.X509Data void add(com.sun.org.apache.xml.internal.security.keys.content.x509.XMLX509IssuerSerial)'>
        <annotation name='com.intellij.inspections.tainted.annotation.equation.Equations'>
            <val val="{ &quot;xmlX509IssuerSerial := &quot; }"/>
        </annotation>
    </item>
    <item name='com.sun.org.apache.xml.internal.security.keys.content.X509Data void add(com.sun.org.apache.xml.internal.security.keys.content.x509.XMLX509SKI)'>
        <annotation name='com.intellij.inspections.tainted.annotation.equation.Equations'>
            <val val="{ &quot;xmlX509SKI := &quot; }"/>
        </annotation>
    </item>
    <item name='com.sun.org.apache.xml.internal.security.keys.content.X509Data void add(com.sun.org.apache.xml.internal.security.keys.content.x509.XMLX509SubjectName)'>
        <annotation name='com.intellij.inspections.tainted.annotation.equation.Equations'>
            <val val="{ &quot;xmlX509SubjectName := &quot; }"/>
        </annotation>
    </item>
    <item name='com.sun.org.apache.xml.internal.security.keys.content.X509Data void addCertificate(java.security.cert.X509Certificate)'>
        <annotation name='com.intellij.inspections.tainted.annotation.equation.Equations'>
            <val val="{ &quot;x509certificate := com.sun.org.apache.xml.internal.security.signature.XMLSignature#addKeyInfo(java.security.cert.X509Certificate)#0&quot; }"/>
        </annotation>
    </item>
</root>