<root>
    <item name='javax.script.AbstractScriptEngine'>
        <annotation name='com.intellij.inspections.tainted.annotation.equation.Equations'>
            <val val="{ &quot;AbstractScriptEngine := #setContext(javax.script.ScriptContext)#0&quot; }"/>
        </annotation>
    </item>
    <item name='javax.script.AbstractScriptEngine AbstractScriptEngine()'>
        <annotation name='com.intellij.inspections.tainted.annotation.equation.Equations'>
            <val val="{ &quot;AbstractScriptEngine := AbstractScriptEngine&quot; }"/>
        </annotation>
    </item>
    <item name='javax.script.AbstractScriptEngine AbstractScriptEngine(javax.script.Bindings)'>
        <annotation name='com.intellij.inspections.tainted.annotation.equation.Equations'>
            <val val="{ &quot;AbstractScriptEngine := AbstractScriptEngine&quot; }"/>
        </annotation>
    </item>
    <item name='javax.script.AbstractScriptEngine javax.script.Bindings getBindings(int)'>
        <annotation name='com.intellij.inspections.tainted.annotation.equation.Equations'>
            <val val="{ &quot;scope := ScriptContext#ENGINE_SCOPE &amp; ScriptContext#GLOBAL_SCOPE&quot; }"/>
        </annotation>
    </item>
    <item name='javax.script.AbstractScriptEngine javax.script.ScriptContext getContext()'>
        <annotation name='com.intellij.inspections.tainted.annotation.equation.Equations'>
            <val val="{ &quot;getContext := AbstractScriptEngine&quot; }"/>
        </annotation>
    </item>
    <item name='javax.script.AbstractScriptEngine javax.script.ScriptContext getScriptContext(javax.script.Bindings)'>
        <annotation name='com.intellij.inspections.tainted.annotation.equation.Equations'>
            <val val="{ &quot;nn := #eval(java.io.Reader, javax.script.Bindings)#1 &amp; #eval(java.lang.String, javax.script.Bindings)#1&quot; }"/>
        </annotation>
    </item>
    <item name='javax.script.Bindings boolean containsKey(java.lang.Object)'>
        <annotation name='com.intellij.inspections.tainted.annotation.equation.Equations'>
            <val val="{ &quot;key := SimpleBindings#containsKey(java.lang.Object)#0&quot; }"/>
        </annotation>
    </item>
    <item name='javax.script.Bindings java.lang.Object get(java.lang.Object)'>
        <annotation name='com.intellij.inspections.tainted.annotation.equation.Equations'>
            <val val="{ &quot;get := SimpleBindings#get(java.lang.Object)&quot;, &quot;key := SimpleBindings#get(java.lang.Object)#0&quot; }"/>
        </annotation>
    </item>
    <item name='javax.script.Bindings java.lang.Object put(java.lang.String, java.lang.Object)'>
        <annotation name='com.intellij.inspections.tainted.annotation.equation.Equations'>
            <val val="{ &quot;name := SimpleBindings#put(java.lang.String, java.lang.Object)#0 &amp; SimpleScriptContext#setAttribute(java.lang.String, java.lang.Object, int)#0 &amp; AbstractScriptEngine#put(java.lang.String, java.lang.Object)#0 &amp; ScriptEngineManager#put(java.lang.String, java.lang.Object)#0&quot;, &quot;value := SimpleBindings#put(java.lang.String, java.lang.Object)#1 &amp; SimpleScriptContext#setAttribute(java.lang.String, java.lang.Object, int)#1 &amp; AbstractScriptEngine#put(java.lang.String, java.lang.Object)#1 &amp; ScriptEngineManager#put(java.lang.String, java.lang.Object)#1&quot;, &quot;put := SimpleBindings#put(java.lang.String, java.lang.Object)&quot; }"/>
        </annotation>
    </item>
    <item name='javax.script.Bindings java.lang.Object remove(java.lang.Object)'>
        <annotation name='com.intellij.inspections.tainted.annotation.equation.Equations'>
            <val val="{ &quot;key := SimpleBindings#remove(java.lang.Object)#0&quot;, &quot;remove := SimpleBindings#remove(java.lang.Object)&quot; }"/>
        </annotation>
    </item>
    <item name='javax.script.Bindings void putAll(java.util.Map&lt;? extends java.lang.String,? extends java.lang.Object&gt;)'>
        <annotation name='com.intellij.inspections.tainted.annotation.equation.Equations'>
            <val val="{ &quot;toMerge := SimpleBindings#putAll(java.util.Map)#0&quot; }"/>
        </annotation>
    </item>
    <item name='javax.script.ScriptContext int getAttributesScope(java.lang.String)'>
        <annotation name='com.intellij.inspections.tainted.annotation.equation.Equations'>
            <val val="{ &quot;getAttributesScope := SimpleScriptContext#getAttributesScope(java.lang.String)&quot;, &quot;name := SimpleScriptContext#getAttributesScope(java.lang.String)#0&quot; }"/>
        </annotation>
    </item>
    <item name='javax.script.ScriptContext java.io.Reader getReader()'>
        <annotation name='com.intellij.inspections.tainted.annotation.equation.Equations'>
            <val val="{ &quot;getReader := SimpleScriptContext#getReader()&quot; }"/>
        </annotation>
    </item>
    <item name='javax.script.ScriptContext java.io.Writer getErrorWriter()'>
        <annotation name='com.intellij.inspections.tainted.annotation.equation.Equations'>
            <val val="{ &quot;getErrorWriter := SimpleScriptContext#getErrorWriter()&quot; }"/>
        </annotation>
    </item>
    <item name='javax.script.ScriptContext java.io.Writer getWriter()'>
        <annotation name='com.intellij.inspections.tainted.annotation.equation.Equations'>
            <val val="{ &quot;getWriter := SimpleScriptContext#getWriter()&quot; }"/>
        </annotation>
    </item>
    <item name='javax.script.ScriptContext java.lang.Object getAttribute(java.lang.String)'>
        <annotation name='com.intellij.inspections.tainted.annotation.equation.Equations'>
            <val val="{ &quot;getAttribute := SimpleScriptContext#getAttribute(java.lang.String)&quot;, &quot;name := SimpleScriptContext#getAttribute(java.lang.String)#0&quot; }"/>
        </annotation>
    </item>
    <item name='javax.script.ScriptContext java.lang.Object getAttribute(java.lang.String, int)'>
        <annotation name='com.intellij.inspections.tainted.annotation.equation.Equations'>
            <val val="{ &quot;getAttribute := SimpleScriptContext#getAttribute(java.lang.String, int)&quot;, &quot;name := SimpleScriptContext#getAttribute(java.lang.String, int)#0&quot;, &quot;scope := SimpleScriptContext#getAttribute(java.lang.String, int)#1&quot; }"/>
        </annotation>
    </item>
    <item name='javax.script.ScriptContext java.lang.Object removeAttribute(java.lang.String, int)'>
        <annotation name='com.intellij.inspections.tainted.annotation.equation.Equations'>
            <val val="{ &quot;removeAttribute := SimpleScriptContext#removeAttribute(java.lang.String, int)&quot;, &quot;scope := SimpleScriptContext#removeAttribute(java.lang.String, int)#1&quot;, &quot;name := SimpleScriptContext#removeAttribute(java.lang.String, int)#0&quot; }"/>
        </annotation>
    </item>
    <item name='javax.script.ScriptContext java.util.List&lt;java.lang.Integer&gt; getScopes()'>
        <annotation name='com.intellij.inspections.tainted.annotation.equation.Equations'>
            <val val="{ &quot;getScopes := SimpleScriptContext#getScopes()&quot; }"/>
        </annotation>
    </item>
    <item name='javax.script.ScriptContext javax.script.Bindings getBindings(int)'>
        <annotation name='com.intellij.inspections.tainted.annotation.equation.Equations'>
            <val val="{ &quot;getBindings := SimpleScriptContext#getBindings(int)&quot;, &quot;scope := #GLOBAL_SCOPE &amp; #ENGINE_SCOPE &amp; SimpleScriptContext#getBindings(int)#0&quot; }"/>
        </annotation>
    </item>
    <item name='javax.script.ScriptContext void setAttribute(java.lang.String, java.lang.Object, int)'>
        <annotation name='com.intellij.inspections.tainted.annotation.equation.Equations'>
            <val val="{ &quot;value := SimpleScriptContext#setAttribute(java.lang.String, java.lang.Object, int)#1&quot;, &quot;name := SimpleScriptContext#setAttribute(java.lang.String, java.lang.Object, int)#0&quot;, &quot;scope := SimpleScriptContext#setAttribute(java.lang.String, java.lang.Object, int)#2&quot; }"/>
        </annotation>
    </item>
    <item name='javax.script.ScriptContext void setBindings(javax.script.Bindings, int)'>
        <annotation name='com.intellij.inspections.tainted.annotation.equation.Equations'>
            <val val="{ &quot;bindings := SimpleScriptContext#setBindings(javax.script.Bindings, int)#0 &amp; AbstractScriptEngine#AbstractScriptEngine(javax.script.Bindings)#0 &amp; AbstractScriptEngine#setBindings(javax.script.Bindings, int)#0&quot;, &quot;scope := SimpleScriptContext#setBindings(javax.script.Bindings, int)#1 &amp; #ENGINE_SCOPE &amp; #GLOBAL_SCOPE&quot; }"/>
        </annotation>
    </item>
    <item name='javax.script.ScriptContext void setErrorWriter(java.io.Writer)'>
        <annotation name='com.intellij.inspections.tainted.annotation.equation.Equations'>
            <val val="{ &quot;writer := SimpleScriptContext#setErrorWriter(java.io.Writer)#0&quot; }"/>
        </annotation>
    </item>
    <item name='javax.script.ScriptContext void setReader(java.io.Reader)'>
        <annotation name='com.intellij.inspections.tainted.annotation.equation.Equations'>
            <val val="{ &quot;reader := SimpleScriptContext#setReader(java.io.Reader)#0&quot; }"/>
        </annotation>
    </item>
    <item name='javax.script.ScriptContext void setWriter(java.io.Writer)'>
        <annotation name='com.intellij.inspections.tainted.annotation.equation.Equations'>
            <val val="{ &quot;writer := SimpleScriptContext#setWriter(java.io.Writer)#0&quot; }"/>
        </annotation>
    </item>
    <item name='javax.script.ScriptEngine java.lang.Object eval(java.io.Reader)'>
        <annotation name='com.intellij.inspections.tainted.annotation.equation.Equations'>
            <val val="{ &quot;eval := AbstractScriptEngine#eval(java.io.Reader)&quot;, &quot;reader := AbstractScriptEngine#eval(java.io.Reader)#0&quot; }"/>
        </annotation>
    </item>
    <item name='javax.script.ScriptEngine java.lang.Object eval(java.io.Reader, javax.script.Bindings)'>
        <annotation name='com.intellij.inspections.tainted.annotation.equation.Equations'>
            <val val="{ &quot;reader := AbstractScriptEngine#eval(java.io.Reader, javax.script.Bindings)#0&quot;, &quot;eval := AbstractScriptEngine#eval(java.io.Reader, javax.script.Bindings)&quot;, &quot;n := AbstractScriptEngine#eval(java.io.Reader, javax.script.Bindings)#1&quot; }"/>
        </annotation>
    </item>
    <item name='javax.script.ScriptEngine java.lang.Object eval(java.lang.String)'>
        <annotation name='com.intellij.inspections.tainted.annotation.equation.Equations'>
            <val val="{ &quot;script := AbstractScriptEngine#eval(java.lang.String)#0&quot;, &quot;eval := AbstractScriptEngine#eval(java.lang.String)&quot; }"/>
        </annotation>
    </item>
    <item name='javax.script.ScriptEngine java.lang.Object eval(java.lang.String, javax.script.Bindings)'>
        <annotation name='com.intellij.inspections.tainted.annotation.equation.Equations'>
            <val val="{ &quot;script := AbstractScriptEngine#eval(java.lang.String, javax.script.Bindings)#0&quot;, &quot;n := AbstractScriptEngine#eval(java.lang.String, javax.script.Bindings)#1&quot;, &quot;eval := AbstractScriptEngine#eval(java.lang.String, javax.script.Bindings)&quot; }"/>
        </annotation>
    </item>
    <item name='javax.script.ScriptEngine java.lang.Object get(java.lang.String)'>
        <annotation name='com.intellij.inspections.tainted.annotation.equation.Equations'>
            <val val="{ &quot;key := AbstractScriptEngine#get(java.lang.String)#0&quot;, &quot;get := AbstractScriptEngine#get(java.lang.String)&quot; }"/>
        </annotation>
    </item>
    <item name='javax.script.ScriptEngine javax.script.Bindings getBindings(int)'>
        <annotation name='com.intellij.inspections.tainted.annotation.equation.Equations'>
            <val val="{ &quot;getBindings := AbstractScriptEngine#getBindings(int)&quot;, &quot;scope := AbstractScriptEngine#getBindings(int)#0&quot; }"/>
        </annotation>
    </item>
    <item name='javax.script.ScriptEngine javax.script.ScriptContext getContext()'>
        <annotation name='com.intellij.inspections.tainted.annotation.equation.Equations'>
            <val val="{ &quot;getContext := AbstractScriptEngine#getContext()&quot; }"/>
        </annotation>
    </item>
    <item name='javax.script.ScriptEngine void put(java.lang.String, java.lang.Object)'>
        <annotation name='com.intellij.inspections.tainted.annotation.equation.Equations'>
            <val val="{ &quot;value := AbstractScriptEngine#put(java.lang.String, java.lang.Object)#1&quot;, &quot;key := AbstractScriptEngine#put(java.lang.String, java.lang.Object)#0&quot; }"/>
        </annotation>
    </item>
    <item name='javax.script.ScriptEngine void setBindings(javax.script.Bindings, int)'>
        <annotation name='com.intellij.inspections.tainted.annotation.equation.Equations'>
            <val val="{ &quot;scope := AbstractScriptEngine#setBindings(javax.script.Bindings, int)#1 &amp; ScriptContext#GLOBAL_SCOPE&quot;, &quot;bindings := AbstractScriptEngine#setBindings(javax.script.Bindings, int)#0&quot; }"/>
        </annotation>
    </item>
    <item name='javax.script.ScriptEngine void setContext(javax.script.ScriptContext)'>
        <annotation name='com.intellij.inspections.tainted.annotation.equation.Equations'>
            <val val="{ &quot;context := AbstractScriptEngine#setContext(javax.script.ScriptContext)#0&quot; }"/>
        </annotation>
    </item>
    <item name='javax.script.ScriptEngineManager'>
        <annotation name='com.intellij.inspections.tainted.annotation.equation.Equations'>
            <val val="{ &quot;ScriptEngineManager := #setBindings(javax.script.Bindings)#0&quot; }"/>
        </annotation>
    </item>
    <item name='javax.script.ScriptEngineManager ScriptEngineManager()'>
        <annotation name='com.intellij.inspections.tainted.annotation.equation.Equations'>
            <val val="{ &quot;ScriptEngineManager := ScriptEngineManager&quot; }"/>
        </annotation>
    </item>
    <item name='javax.script.ScriptEngineManager ScriptEngineManager(java.lang.ClassLoader)'>
        <annotation name='com.intellij.inspections.tainted.annotation.equation.Equations'>
            <val val="{ &quot;ScriptEngineManager := ScriptEngineManager&quot; }"/>
        </annotation>
    </item>
    <item name='javax.script.ScriptEngineManager java.util.ServiceLoader&lt;javax.script.ScriptEngineFactory&gt; getServiceLoader(java.lang.ClassLoader)'>
        <annotation name='com.intellij.inspections.tainted.annotation.equation.Equations'>
            <val val="{ &quot;loader := #initEngines(java.lang.ClassLoader)#0&quot; }"/>
        </annotation>
    </item>
    <item name='javax.script.ScriptEngineManager javax.script.Bindings getBindings()'>
        <annotation name='com.intellij.inspections.tainted.annotation.equation.Equations'>
            <val val="{ &quot;getBindings := ScriptEngineManager&quot; }"/>
        </annotation>
    </item>
    <item name='javax.script.ScriptEngineManager void init(java.lang.ClassLoader)'>
        <annotation name='com.intellij.inspections.tainted.annotation.equation.Equations'>
            <val val="{ &quot;loader := #ScriptEngineManager(java.lang.ClassLoader)#0&quot; }"/>
        </annotation>
    </item>
    <item name='javax.script.ScriptEngineManager void initEngines(java.lang.ClassLoader)'>
        <annotation name='com.intellij.inspections.tainted.annotation.equation.Equations'>
            <val val="{ &quot;loader := #init(java.lang.ClassLoader)#0&quot; }"/>
        </annotation>
    </item>
    <item name='javax.script.ScriptException ScriptException(java.lang.Exception)'>
        <annotation name='com.intellij.inspections.tainted.annotation.equation.Equations'>
            <val val="{ &quot;ScriptException := ScriptException&quot; }"/>
        </annotation>
    </item>
    <item name='javax.script.ScriptException ScriptException(java.lang.String)'>
        <annotation name='com.intellij.inspections.tainted.annotation.equation.Equations'>
            <val val="{ &quot;ScriptException := ScriptException&quot; }"/>
        </annotation>
    </item>
    <item name='javax.script.ScriptException ScriptException(java.lang.String, java.lang.String, int)'>
        <annotation name='com.intellij.inspections.tainted.annotation.equation.Equations'>
            <val val="{ &quot;ScriptException := ScriptException&quot; }"/>
        </annotation>
    </item>
    <item name='javax.script.ScriptException ScriptException(java.lang.String, java.lang.String, int, int)'>
        <annotation name='com.intellij.inspections.tainted.annotation.equation.Equations'>
            <val val="{ &quot;ScriptException := ScriptException&quot; }"/>
        </annotation>
    </item>
    <item name='javax.script.ScriptException int getColumnNumber()'>
        <annotation name='com.intellij.inspections.tainted.annotation.equation.Equations'>
            <val val="{ &quot;getColumnNumber := ScriptException&quot; }"/>
        </annotation>
    </item>
    <item name='javax.script.ScriptException int getLineNumber()'>
        <annotation name='com.intellij.inspections.tainted.annotation.equation.Equations'>
            <val val="{ &quot;getLineNumber := ScriptException&quot; }"/>
        </annotation>
    </item>
    <item name='javax.script.ScriptException java.lang.String getFileName()'>
        <annotation name='com.intellij.inspections.tainted.annotation.equation.Equations'>
            <val val="{ &quot;getFileName := ScriptException&quot; }"/>
        </annotation>
    </item>
    <item name='javax.script.ScriptException java.lang.String getMessage()'>
        <annotation name='com.intellij.inspections.tainted.annotation.equation.Equations'>
            <val val="{ &quot;getMessage := ScriptException&quot; }"/>
        </annotation>
    </item>
    <item name='javax.script.SimpleBindings SimpleBindings()'>
        <annotation name='com.intellij.inspections.tainted.annotation.equation.Equations'>
            <val val="{ &quot;SimpleBindings := SimpleBindings&quot; }"/>
        </annotation>
    </item>
    <item name='javax.script.SimpleBindings SimpleBindings(java.util.Map&lt;java.lang.String,java.lang.Object&gt;)'>
        <annotation name='com.intellij.inspections.tainted.annotation.equation.Equations'>
            <val val="{ &quot;SimpleBindings := SimpleBindings&quot; }"/>
        </annotation>
    </item>
    <item name='javax.script.SimpleBindings java.lang.Object put(java.lang.String, java.lang.Object)'>
        <annotation name='com.intellij.inspections.tainted.annotation.equation.Equations'>
            <val val="{ &quot;name := &quot;, &quot;value := &quot; }"/>
        </annotation>
    </item>
    <item name='javax.script.SimpleBindings void checkKey(java.lang.Object)'>
        <annotation name='com.intellij.inspections.tainted.annotation.equation.Equations'>
            <val val="{ &quot;key := #containsKey(java.lang.Object)#0 &amp; #put(java.lang.String, java.lang.Object)#0 &amp; #get(java.lang.Object)#0 &amp; #remove(java.lang.Object)#0&quot; }"/>
        </annotation>
    </item>
    <item name='javax.script.SimpleScriptContext'>
        <annotation name='com.intellij.inspections.tainted.annotation.equation.Equations'>
            <val val="{ &quot;SimpleScriptContext := &quot; }"/>
        </annotation>
    </item>
    <item name='javax.script.SimpleScriptContext SimpleScriptContext()'>
        <annotation name='com.intellij.inspections.tainted.annotation.equation.Equations'>
            <val val="{ &quot;SimpleScriptContext := SimpleScriptContext&quot; }"/>
        </annotation>
    </item>
    <item name='javax.script.SimpleScriptContext int getAttributesScope(java.lang.String)'>
        <annotation name='com.intellij.inspections.tainted.annotation.equation.Equations'>
            <val val="{ &quot;getAttributesScope := ScriptContext#ENGINE_SCOPE &amp; ScriptContext#GLOBAL_SCOPE&quot; }"/>
        </annotation>
    </item>
    <item name='javax.script.SimpleScriptContext java.io.Reader getReader()'>
        <annotation name='com.intellij.inspections.tainted.annotation.equation.Equations'>
            <val val="{ &quot;getReader := SimpleScriptContext&quot; }"/>
        </annotation>
    </item>
    <item name='javax.script.SimpleScriptContext java.io.Writer getErrorWriter()'>
        <annotation name='com.intellij.inspections.tainted.annotation.equation.Equations'>
            <val val="{ &quot;getErrorWriter := SimpleScriptContext&quot; }"/>
        </annotation>
    </item>
    <item name='javax.script.SimpleScriptContext java.io.Writer getWriter()'>
        <annotation name='com.intellij.inspections.tainted.annotation.equation.Equations'>
            <val val="{ &quot;getWriter := SimpleScriptContext&quot; }"/>
        </annotation>
    </item>
    <item name='javax.script.SimpleScriptContext java.lang.Object getAttribute(java.lang.String, int)'>
        <annotation name='com.intellij.inspections.tainted.annotation.equation.Equations'>
            <val val="{ &quot;name := #getAttribute(java.lang.String)#0&quot;, &quot;scope := ScriptContext#ENGINE_SCOPE &amp; ScriptContext#GLOBAL_SCOPE&quot; }"/>
        </annotation>
    </item>
    <item name='javax.script.SimpleScriptContext java.util.List&lt;java.lang.Integer&gt; getScopes()'>
        <annotation name='com.intellij.inspections.tainted.annotation.equation.Equations'>
            <val val="{ &quot;getScopes := SimpleScriptContext&quot; }"/>
        </annotation>
    </item>
    <item name='javax.script.SimpleScriptContext javax.script.Bindings getBindings(int)'>
        <annotation name='com.intellij.inspections.tainted.annotation.equation.Equations'>
            <val val="{ &quot;scope := ScriptContext#ENGINE_SCOPE &amp; ScriptContext#GLOBAL_SCOPE&quot;, &quot;getBindings := SimpleScriptContext&quot; }"/>
        </annotation>
    </item>
    <item name='javax.script.SimpleScriptContext void checkName(java.lang.String)'>
        <annotation name='com.intellij.inspections.tainted.annotation.equation.Equations'>
            <val val="{ &quot;name := #setAttribute(java.lang.String, java.lang.Object, int)#0 &amp; #getAttribute(java.lang.String)#0 &amp; #getAttribute(java.lang.String, int)#0 &amp; #removeAttribute(java.lang.String, int)#0 &amp; #getAttributesScope(java.lang.String)#0&quot; }"/>
        </annotation>
    </item>
    <item name='javax.script.SimpleScriptContext void setBindings(javax.script.Bindings, int)'>
        <annotation name='com.intellij.inspections.tainted.annotation.equation.Equations'>
            <val val="{ &quot;bindings := CompiledScript#eval(javax.script.Bindings)#0 &amp; AbstractScriptEngine#getScriptContext(javax.script.Bindings)#0&quot;, &quot;scope := ScriptContext#ENGINE_SCOPE &amp; ScriptContext#GLOBAL_SCOPE&quot; }"/>
        </annotation>
    </item>
</root>