<root>
    <item name='javax.xml.bind.helpers.AbstractMarshallerImpl'>
        <annotation name='com.intellij.inspections.tainted.annotation.equation.Equations'>
            <val val="{ &quot;AbstractMarshallerImpl := &quot; }"/>
        </annotation>
    </item>
    <item name='javax.xml.bind.helpers.AbstractMarshallerImpl A getAdapter(java.lang.Class&lt;A&gt;)'>
        <annotation name='com.intellij.inspections.tainted.annotation.equation.Equations'>
            <val val="{ &quot;type := javax.xml.bind.Marshaller#getAdapter(java.lang.Class)#0 &amp; javax.xml.bind.Marshaller#getAdapter(java.lang.Class)#0&quot; }"/>
        </annotation>
    </item>
    <item name='javax.xml.bind.helpers.AbstractMarshallerImpl boolean isFormattedOutput()'>
        <annotation name='com.intellij.inspections.tainted.annotation.equation.Equations'>
            <val val="{ &quot;isFormattedOutput := AbstractMarshallerImpl&quot; }"/>
        </annotation>
    </item>
    <item name='javax.xml.bind.helpers.AbstractMarshallerImpl boolean isFragment()'>
        <annotation name='com.intellij.inspections.tainted.annotation.equation.Equations'>
            <val val="{ &quot;isFragment := AbstractMarshallerImpl&quot; }"/>
        </annotation>
    </item>
    <item name='javax.xml.bind.helpers.AbstractMarshallerImpl java.lang.Object getProperty(java.lang.String)'>
        <annotation name='com.intellij.inspections.tainted.annotation.equation.Equations'>
            <val val="{ &quot;getProperty := java.lang.Boolean#TRUE &amp; java.lang.Boolean#FALSE&quot;, &quot;name := javax.xml.bind.Marshaller#getProperty(java.lang.String)#0 &amp; javax.xml.bind.Marshaller#getProperty(java.lang.String)#0&quot; }"/>
        </annotation>
    </item>
    <item name='javax.xml.bind.helpers.AbstractMarshallerImpl java.lang.String getEncoding()'>
        <annotation name='com.intellij.inspections.tainted.annotation.equation.Equations'>
            <val val="{ &quot;getEncoding := AbstractMarshallerImpl&quot; }"/>
        </annotation>
    </item>
    <item name='javax.xml.bind.helpers.AbstractMarshallerImpl java.lang.String getJavaEncoding(java.lang.String)'>
        <annotation name='com.intellij.inspections.tainted.annotation.equation.Equations'>
            <val val="{ &quot;getJavaEncoding := encoding &amp; AbstractMarshallerImpl&quot; }"/>
        </annotation>
    </item>
    <item name='javax.xml.bind.helpers.AbstractMarshallerImpl java.lang.String getNoNSSchemaLocation()'>
        <annotation name='com.intellij.inspections.tainted.annotation.equation.Equations'>
            <val val="{ &quot;getNoNSSchemaLocation := AbstractMarshallerImpl&quot; }"/>
        </annotation>
    </item>
    <item name='javax.xml.bind.helpers.AbstractMarshallerImpl java.lang.String getSchemaLocation()'>
        <annotation name='com.intellij.inspections.tainted.annotation.equation.Equations'>
            <val val="{ &quot;getSchemaLocation := AbstractMarshallerImpl&quot; }"/>
        </annotation>
    </item>
    <item name='javax.xml.bind.helpers.AbstractMarshallerImpl javax.xml.bind.ValidationEventHandler getEventHandler()'>
        <annotation name='com.intellij.inspections.tainted.annotation.equation.Equations'>
            <val val="{ &quot;getEventHandler := AbstractMarshallerImpl&quot; }"/>
        </annotation>
    </item>
    <item name='javax.xml.bind.helpers.AbstractMarshallerImpl org.w3c.dom.Node getNode(java.lang.Object)'>
        <annotation name='com.intellij.inspections.tainted.annotation.equation.Equations'>
            <val val="{ &quot;obj := javax.xml.bind.Marshaller#getNode(java.lang.Object)#0 &amp; javax.xml.bind.Marshaller#getNode(java.lang.Object)#0&quot; }"/>
        </annotation>
    </item>
    <item name='javax.xml.bind.helpers.AbstractMarshallerImpl void checkBoolean(java.lang.String, java.lang.Object)'>
        <annotation name='com.intellij.inspections.tainted.annotation.equation.Equations'>
            <val val="{ &quot;name := #setProperty(java.lang.String, java.lang.Object)#0&quot;, &quot;value := #setProperty(java.lang.String, java.lang.Object)#1&quot; }"/>
        </annotation>
    </item>
    <item name='javax.xml.bind.helpers.AbstractMarshallerImpl void checkNotNull(java.lang.Object, java.lang.String, java.lang.Object, java.lang.String)'>
        <annotation name='com.intellij.inspections.tainted.annotation.equation.Equations'>
            <val val="{ &quot;o1 := #marshal(java.lang.Object, java.io.OutputStream)#0 &amp; #marshal(java.lang.Object, java.io.File)#0 &amp; #marshal(java.lang.Object, java.io.Writer)#0 &amp; #marshal(java.lang.Object, org.xml.sax.ContentHandler)#0 &amp; #marshal(java.lang.Object, org.w3c.dom.Node)#0 &amp; #getNode(java.lang.Object)#0&quot;, &quot;o2 := #marshal(java.lang.Object, java.io.OutputStream)#1 &amp; #marshal(java.lang.Object, java.io.File)#1 &amp; #marshal(java.lang.Object, java.io.Writer)#1 &amp; #marshal(java.lang.Object, org.xml.sax.ContentHandler)#1 &amp; #marshal(java.lang.Object, org.w3c.dom.Node)#1 &amp; java.lang.Boolean#TRUE&quot; }"/>
        </annotation>
    </item>
    <item name='javax.xml.bind.helpers.AbstractMarshallerImpl void checkString(java.lang.String, java.lang.Object)'>
        <annotation name='com.intellij.inspections.tainted.annotation.equation.Equations'>
            <val val="{ &quot;value := #setProperty(java.lang.String, java.lang.Object)#1&quot;, &quot;name := #setProperty(java.lang.String, java.lang.Object)#0&quot; }"/>
        </annotation>
    </item>
    <item name='javax.xml.bind.helpers.AbstractMarshallerImpl void marshal(java.lang.Object, java.io.File)'>
        <annotation name='com.intellij.inspections.tainted.annotation.equation.Equations'>
            <val val="{ &quot;output := javax.xml.bind.Marshaller#marshal(java.lang.Object, java.io.File)#1 &amp; javax.xml.bind.Marshaller#marshal(java.lang.Object, java.io.File)#1&quot;, &quot;jaxbElement := javax.xml.bind.Marshaller#marshal(java.lang.Object, java.io.File)#0 &amp; javax.xml.bind.Marshaller#marshal(java.lang.Object, java.io.File)#0&quot; }"/>
        </annotation>
    </item>
    <item name='javax.xml.bind.helpers.AbstractMarshallerImpl void marshal(java.lang.Object, java.io.OutputStream)'>
        <annotation name='com.intellij.inspections.tainted.annotation.equation.Equations'>
            <val val="{ &quot;os := javax.xml.bind.Marshaller#marshal(java.lang.Object, java.io.OutputStream)#1 &amp; javax.xml.bind.Marshaller#marshal(java.lang.Object, java.io.OutputStream)#1&quot;, &quot;obj := javax.xml.bind.Marshaller#marshal(java.lang.Object, java.io.OutputStream)#0 &amp; javax.xml.bind.Marshaller#marshal(java.lang.Object, java.io.OutputStream)#0&quot; }"/>
        </annotation>
    </item>
    <item name='javax.xml.bind.helpers.AbstractMarshallerImpl void marshal(java.lang.Object, java.io.Writer)'>
        <annotation name='com.intellij.inspections.tainted.annotation.equation.Equations'>
            <val val="{ &quot;w := javax.xml.bind.Marshaller#marshal(java.lang.Object, java.io.Writer)#1 &amp; javax.xml.bind.Marshaller#marshal(java.lang.Object, java.io.Writer)#1&quot;, &quot;obj := javax.xml.bind.Marshaller#marshal(java.lang.Object, java.io.Writer)#0 &amp; javax.xml.bind.Marshaller#marshal(java.lang.Object, java.io.Writer)#0&quot; }"/>
        </annotation>
    </item>
    <item name='javax.xml.bind.helpers.AbstractMarshallerImpl void marshal(java.lang.Object, javax.xml.stream.XMLEventWriter)'>
        <annotation name='com.intellij.inspections.tainted.annotation.equation.Equations'>
            <val val="{ &quot;obj := javax.xml.bind.Marshaller#marshal(java.lang.Object, javax.xml.stream.XMLEventWriter)#0 &amp; javax.xml.bind.Marshaller#marshal(java.lang.Object, javax.xml.stream.XMLEventWriter)#0&quot;, &quot;writer := javax.xml.bind.Marshaller#marshal(java.lang.Object, javax.xml.stream.XMLEventWriter)#1 &amp; javax.xml.bind.Marshaller#marshal(java.lang.Object, javax.xml.stream.XMLEventWriter)#1&quot; }"/>
        </annotation>
    </item>
    <item name='javax.xml.bind.helpers.AbstractMarshallerImpl void marshal(java.lang.Object, javax.xml.stream.XMLStreamWriter)'>
        <annotation name='com.intellij.inspections.tainted.annotation.equation.Equations'>
            <val val="{ &quot;writer := javax.xml.bind.Marshaller#marshal(java.lang.Object, javax.xml.stream.XMLStreamWriter)#1 &amp; javax.xml.bind.Marshaller#marshal(java.lang.Object, javax.xml.stream.XMLStreamWriter)#1&quot;, &quot;obj := javax.xml.bind.Marshaller#marshal(java.lang.Object, javax.xml.stream.XMLStreamWriter)#0 &amp; javax.xml.bind.Marshaller#marshal(java.lang.Object, javax.xml.stream.XMLStreamWriter)#0&quot; }"/>
        </annotation>
    </item>
    <item name='javax.xml.bind.helpers.AbstractMarshallerImpl void marshal(java.lang.Object, org.w3c.dom.Node)'>
        <annotation name='com.intellij.inspections.tainted.annotation.equation.Equations'>
            <val val="{ &quot;node := javax.xml.bind.Marshaller#marshal(java.lang.Object, org.w3c.dom.Node)#1 &amp; javax.xml.bind.Marshaller#marshal(java.lang.Object, org.w3c.dom.Node)#1&quot;, &quot;obj := javax.xml.bind.Marshaller#marshal(java.lang.Object, org.w3c.dom.Node)#0 &amp; javax.xml.bind.Marshaller#marshal(java.lang.Object, org.w3c.dom.Node)#0&quot; }"/>
        </annotation>
    </item>
    <item name='javax.xml.bind.helpers.AbstractMarshallerImpl void marshal(java.lang.Object, org.xml.sax.ContentHandler)'>
        <annotation name='com.intellij.inspections.tainted.annotation.equation.Equations'>
            <val val="{ &quot;handler := javax.xml.bind.Marshaller#marshal(java.lang.Object, org.xml.sax.ContentHandler)#1 &amp; javax.xml.bind.Marshaller#marshal(java.lang.Object, org.xml.sax.ContentHandler)#1&quot;, &quot;obj := javax.xml.bind.Marshaller#marshal(java.lang.Object, org.xml.sax.ContentHandler)#0 &amp; javax.xml.bind.Marshaller#marshal(java.lang.Object, org.xml.sax.ContentHandler)#0&quot; }"/>
        </annotation>
    </item>
    <item name='javax.xml.bind.helpers.AbstractMarshallerImpl void setAdapter(java.lang.Class&lt;A&gt;, A)'>
        <annotation name='com.intellij.inspections.tainted.annotation.equation.Equations'>
            <val val="{ &quot;adapter := javax.xml.bind.Marshaller#setAdapter(java.lang.Class, javax.xml.bind.annotation.adapters.XmlAdapter)#1 &amp; #setAdapter(javax.xml.bind.annotation.adapters.XmlAdapter)#0 &amp; javax.xml.bind.Marshaller#setAdapter(java.lang.Class, javax.xml.bind.annotation.adapters.XmlAdapter)#1&quot;, &quot;type := javax.xml.bind.Marshaller#setAdapter(java.lang.Class, javax.xml.bind.annotation.adapters.XmlAdapter)#0 &amp; javax.xml.bind.Marshaller#setAdapter(java.lang.Class, javax.xml.bind.annotation.adapters.XmlAdapter)#0&quot; }"/>
        </annotation>
    </item>
    <item name='javax.xml.bind.helpers.AbstractMarshallerImpl void setAdapter(javax.xml.bind.annotation.adapters.XmlAdapter)'>
        <annotation name='com.intellij.inspections.tainted.annotation.equation.Equations'>
            <val val="{ &quot;adapter := javax.xml.bind.Marshaller#setAdapter(javax.xml.bind.annotation.adapters.XmlAdapter)#0 &amp; javax.xml.bind.Marshaller#setAdapter(javax.xml.bind.annotation.adapters.XmlAdapter)#0&quot; }"/>
        </annotation>
    </item>
    <item name='javax.xml.bind.helpers.AbstractMarshallerImpl void setAttachmentMarshaller(javax.xml.bind.attachment.AttachmentMarshaller)'>
        <annotation name='com.intellij.inspections.tainted.annotation.equation.Equations'>
            <val val="{ &quot;am := javax.xml.bind.Marshaller#setAttachmentMarshaller(javax.xml.bind.attachment.AttachmentMarshaller)#0 &amp; javax.xml.bind.Marshaller#setAttachmentMarshaller(javax.xml.bind.attachment.AttachmentMarshaller)#0&quot; }"/>
        </annotation>
    </item>
    <item name='javax.xml.bind.helpers.AbstractMarshallerImpl void setEncoding(java.lang.String)'>
        <annotation name='com.intellij.inspections.tainted.annotation.equation.Equations'>
            <val val="{ &quot;encoding := #setProperty(java.lang.String, java.lang.Object)#1&quot; }"/>
        </annotation>
    </item>
    <item name='javax.xml.bind.helpers.AbstractMarshallerImpl void setEventHandler(javax.xml.bind.ValidationEventHandler)'>
        <annotation name='com.intellij.inspections.tainted.annotation.equation.Equations'>
            <val val="{ &quot;handler := javax.xml.bind.Marshaller#setEventHandler(javax.xml.bind.ValidationEventHandler)#0 &amp; javax.xml.bind.Marshaller#setEventHandler(javax.xml.bind.ValidationEventHandler)#0&quot; }"/>
        </annotation>
    </item>
    <item name='javax.xml.bind.helpers.AbstractMarshallerImpl void setFormattedOutput(boolean)'>
        <annotation name='com.intellij.inspections.tainted.annotation.equation.Equations'>
            <val val="{ &quot;v := #setProperty(java.lang.String, java.lang.Object)#1&quot; }"/>
        </annotation>
    </item>
    <item name='javax.xml.bind.helpers.AbstractMarshallerImpl void setFragment(boolean)'>
        <annotation name='com.intellij.inspections.tainted.annotation.equation.Equations'>
            <val val="{ &quot;v := #setProperty(java.lang.String, java.lang.Object)#1&quot; }"/>
        </annotation>
    </item>
    <item name='javax.xml.bind.helpers.AbstractMarshallerImpl void setListener(javax.xml.bind.Marshaller.Listener)'>
        <annotation name='com.intellij.inspections.tainted.annotation.equation.Equations'>
            <val val="{ &quot;listener := javax.xml.bind.Marshaller#setListener(javax.xml.bind.Marshaller.Listener)#0 &amp; javax.xml.bind.Marshaller#setListener(javax.xml.bind.Marshaller.Listener)#0&quot; }"/>
        </annotation>
    </item>
    <item name='javax.xml.bind.helpers.AbstractMarshallerImpl void setNoNSSchemaLocation(java.lang.String)'>
        <annotation name='com.intellij.inspections.tainted.annotation.equation.Equations'>
            <val val="{ &quot;location := #setProperty(java.lang.String, java.lang.Object)#1&quot; }"/>
        </annotation>
    </item>
    <item name='javax.xml.bind.helpers.AbstractMarshallerImpl void setProperty(java.lang.String, java.lang.Object)'>
        <annotation name='com.intellij.inspections.tainted.annotation.equation.Equations'>
            <val val="{ &quot;name := javax.xml.bind.Marshaller#setProperty(java.lang.String, java.lang.Object)#0 &amp; javax.xml.bind.Marshaller#setProperty(java.lang.String, java.lang.Object)#0&quot;, &quot;value := javax.xml.bind.Marshaller#setProperty(java.lang.String, java.lang.Object)#1 &amp; javax.xml.bind.Marshaller#setProperty(java.lang.String, java.lang.Object)#1&quot; }"/>
        </annotation>
    </item>
    <item name='javax.xml.bind.helpers.AbstractMarshallerImpl void setSchema(javax.xml.validation.Schema)'>
        <annotation name='com.intellij.inspections.tainted.annotation.equation.Equations'>
            <val val="{ &quot;schema := javax.xml.bind.Marshaller#setSchema(javax.xml.validation.Schema)#0 &amp; javax.xml.bind.Marshaller#setSchema(javax.xml.validation.Schema)#0&quot; }"/>
        </annotation>
    </item>
    <item name='javax.xml.bind.helpers.AbstractMarshallerImpl void setSchemaLocation(java.lang.String)'>
        <annotation name='com.intellij.inspections.tainted.annotation.equation.Equations'>
            <val val="{ &quot;location := #setProperty(java.lang.String, java.lang.Object)#1&quot; }"/>
        </annotation>
    </item>
    <item name='javax.xml.bind.helpers.AbstractUnmarshallerImpl java.lang.Object unmarshal(java.io.InputStream)'>
        <annotation name='com.intellij.inspections.tainted.annotation.equation.Equations'>
            <val val="{ &quot;is := javax.xml.bind.Unmarshaller#unmarshal(java.io.InputStream)#0 &amp; javax.xml.bind.Unmarshaller#unmarshal(java.io.InputStream)#0&quot; }"/>
        </annotation>
    </item>
    <item name='javax.xml.bind.helpers.AbstractUnmarshallerImpl java.lang.Object unmarshal(java.io.Reader)'>
        <annotation name='com.intellij.inspections.tainted.annotation.equation.Equations'>
            <val val="{ &quot;reader := javax.xml.bind.Unmarshaller#unmarshal(java.io.Reader)#0 &amp; javax.xml.bind.Unmarshaller#unmarshal(java.io.Reader)#0&quot; }"/>
        </annotation>
    </item>
    <item name='javax.xml.bind.helpers.DefaultValidationEventHandler boolean handleEvent(javax.xml.bind.ValidationEvent)'>
        <annotation name='com.intellij.inspections.tainted.annotation.equation.Equations'>
            <val val="{ &quot;event := javax.xml.bind.ValidationEventHandler#handleEvent(javax.xml.bind.ValidationEvent)#0 &amp; javax.xml.bind.ValidationEventHandler#handleEvent(javax.xml.bind.ValidationEvent)#0&quot; }"/>
        </annotation>
    </item>
</root>