<root>
    <item name='net.bytebuddy.description.modifier.ModifierContributor int getMask()'>
        <annotation name='com.intellij.inspections.tainted.annotation.equation.Equations'>
            <val val="{ &quot;getMask := Visibility#getMask() &amp; TypeManifestation#getMask()&quot; }"/>
        </annotation>
    </item>
    <item name='net.bytebuddy.description.modifier.ModifierContributor int getRange()'>
        <annotation name='com.intellij.inspections.tainted.annotation.equation.Equations'>
            <val val="{ &quot;getRange := Visibility#getRange() &amp; TypeManifestation#getRange()&quot; }"/>
        </annotation>
    </item>
    <item name='net.bytebuddy.description.modifier.ModifierContributor.Resolver'>
        <annotation name='com.intellij.inspections.tainted.annotation.equation.Equations'>
            <val val="{ &quot;Resolver := #Resolver(java.util.Collection)#0&quot; }"/>
        </annotation>
    </item>
    <item name='net.bytebuddy.description.modifier.ModifierContributor.Resolver Resolver(java.util.Collection&lt;? extends T&gt;)'>
        <annotation name='com.intellij.inspections.tainted.annotation.equation.Equations'>
            <val val="{ &quot;modifierContributors := #of(java.util.Collection)#0&quot;, &quot;Resolver := ModifierContributor.Resolver&quot; }"/>
        </annotation>
    </item>
    <item name='net.bytebuddy.description.modifier.ModifierContributor.Resolver int resolve()'>
        <annotation name='com.intellij.inspections.tainted.annotation.equation.Equations'>
            <val val="{ &quot;resolve := &quot; }"/>
        </annotation>
    </item>
    <item name='net.bytebuddy.description.modifier.ModifierContributor.Resolver int resolve(int)'>
        <annotation name='com.intellij.inspections.tainted.annotation.equation.Equations'>
            <val val="{ &quot;resolve := modifiers&quot;, &quot;modifiers := ModifierContributor#EMPTY_MASK&quot; }"/>
        </annotation>
    </item>
    <item name='net.bytebuddy.description.modifier.ModifierContributor.Resolver net.bytebuddy.description.modifier.ModifierContributor.Resolver&lt;S&gt; of(java.util.Collection&lt;? extends S&gt;)'>
        <annotation name='com.intellij.inspections.tainted.annotation.equation.Equations'>
            <val val="{ &quot;modifierContributors := &quot;, &quot;of := &quot; }"/>
        </annotation>
    </item>
    <item name='net.bytebuddy.description.modifier.ModifierContributor.Resolver net.bytebuddy.description.modifier.ModifierContributor.Resolver&lt;net.bytebuddy.description.modifier.ModifierContributor.ForField&gt; of(net.bytebuddy.description.modifier.ModifierContributor.ForField...)'>
        <annotation name='com.intellij.inspections.tainted.annotation.equation.Equations'>
            <val val="{ &quot;of := &quot; }"/>
        </annotation>
    </item>
    <item name='net.bytebuddy.description.modifier.ModifierContributor.Resolver net.bytebuddy.description.modifier.ModifierContributor.Resolver&lt;net.bytebuddy.description.modifier.ModifierContributor.ForMethod&gt; of(net.bytebuddy.description.modifier.ModifierContributor.ForMethod...)'>
        <annotation name='com.intellij.inspections.tainted.annotation.equation.Equations'>
            <val val="{ &quot;of := &quot; }"/>
        </annotation>
    </item>
    <item name='net.bytebuddy.description.modifier.ModifierContributor.Resolver net.bytebuddy.description.modifier.ModifierContributor.Resolver&lt;net.bytebuddy.description.modifier.ModifierContributor.ForParameter&gt; of(net.bytebuddy.description.modifier.ModifierContributor.ForParameter...)'>
        <annotation name='com.intellij.inspections.tainted.annotation.equation.Equations'>
            <val val="{ &quot;of := &quot; }"/>
        </annotation>
    </item>
    <item name='net.bytebuddy.description.modifier.ModifierContributor.Resolver net.bytebuddy.description.modifier.ModifierContributor.Resolver&lt;net.bytebuddy.description.modifier.ModifierContributor.ForType&gt; of(net.bytebuddy.description.modifier.ModifierContributor.ForType...)'>
        <annotation name='com.intellij.inspections.tainted.annotation.equation.Equations'>
            <val val="{ &quot;of := &quot; }"/>
        </annotation>
    </item>
    <item name='net.bytebuddy.description.modifier.TypeManifestation'>
        <annotation name='com.intellij.inspections.tainted.annotation.equation.Equations'>
            <val val="{ &quot;TypeManifestation := #TypeManifestation(int)#0&quot; }"/>
        </annotation>
    </item>
    <item name='net.bytebuddy.description.modifier.TypeManifestation TypeManifestation(int)'>
        <annotation name='com.intellij.inspections.tainted.annotation.equation.Equations'>
            <val val="{ &quot;TypeManifestation := TypeManifestation&quot;, &quot;mask := net.bytebuddy.jar.asm.Opcodes#ACC_INTERFACE &amp; net.bytebuddy.jar.asm.Opcodes#ACC_ABSTRACT &amp; ModifierContributor#EMPTY_MASK &amp; net.bytebuddy.jar.asm.Opcodes#ACC_FINAL &amp; net.bytebuddy.jar.asm.Opcodes#ACC_ANNOTATION&quot; }"/>
        </annotation>
    </item>
    <item name='net.bytebuddy.description.modifier.TypeManifestation int getMask()'>
        <annotation name='com.intellij.inspections.tainted.annotation.equation.Equations'>
            <val val="{ &quot;getMask := TypeManifestation&quot; }"/>
        </annotation>
    </item>
    <item name='net.bytebuddy.description.modifier.TypeManifestation int getRange()'>
        <annotation name='com.intellij.inspections.tainted.annotation.equation.Equations'>
            <val val="{ &quot;getRange := net.bytebuddy.jar.asm.Opcodes#ACC_FINAL &amp; net.bytebuddy.jar.asm.Opcodes#ACC_ABSTRACT &amp; net.bytebuddy.jar.asm.Opcodes#ACC_INTERFACE &amp; net.bytebuddy.jar.asm.Opcodes#ACC_ANNOTATION&quot; }"/>
        </annotation>
    </item>
    <item name='net.bytebuddy.description.modifier.Visibility'>
        <annotation name='com.intellij.inspections.tainted.annotation.equation.Equations'>
            <val val="{ &quot;Visibility := #Visibility(int)#0&quot; }"/>
        </annotation>
    </item>
    <item name='net.bytebuddy.description.modifier.Visibility Visibility(int)'>
        <annotation name='com.intellij.inspections.tainted.annotation.equation.Equations'>
            <val val="{ &quot;mask := net.bytebuddy.jar.asm.Opcodes#ACC_PUBLIC &amp; ModifierContributor#EMPTY_MASK &amp; net.bytebuddy.jar.asm.Opcodes#ACC_PROTECTED &amp; net.bytebuddy.jar.asm.Opcodes#ACC_PRIVATE&quot;, &quot;Visibility := Visibility&quot; }"/>
        </annotation>
    </item>
    <item name='net.bytebuddy.description.modifier.Visibility int getMask()'>
        <annotation name='com.intellij.inspections.tainted.annotation.equation.Equations'>
            <val val="{ &quot;getMask := Visibility&quot; }"/>
        </annotation>
    </item>
    <item name='net.bytebuddy.description.modifier.Visibility int getRange()'>
        <annotation name='com.intellij.inspections.tainted.annotation.equation.Equations'>
            <val val="{ &quot;getRange := net.bytebuddy.jar.asm.Opcodes#ACC_PUBLIC &amp; net.bytebuddy.jar.asm.Opcodes#ACC_PROTECTED &amp; net.bytebuddy.jar.asm.Opcodes#ACC_PRIVATE&quot; }"/>
        </annotation>
    </item>
    <item name='net.bytebuddy.description.modifier.Visibility net.bytebuddy.description.modifier.Visibility expandTo(net.bytebuddy.description.modifier.Visibility)'>
        <annotation name='com.intellij.inspections.tainted.annotation.equation.Equations'>
            <val val="{ &quot;expandTo := #PUBLIC &amp; visibility &amp; #PACKAGE_PRIVATE &amp; Visibility&quot;, &quot;visibility := net.bytebuddy.dynamic.scaffold.MethodGraph.Compiler.Default.Key.Store.Entry.Ambiguous#inject(net.bytebuddy.dynamic.scaffold.MethodGraph.Compiler.Default.Key.Harmonized, net.bytebuddy.description.modifier.Visibility)#1 &amp; net.bytebuddy.dynamic.scaffold.MethodGraph.Compiler.Default.Key.Store.Entry.Resolved#inject(net.bytebuddy.dynamic.scaffold.MethodGraph.Compiler.Default.Key.Harmonized, net.bytebuddy.description.modifier.Visibility)#1&quot; }"/>
        </annotation>
    </item>
</root>