<root>
    <item name='com.sun.org.apache.xalan.internal.xsltc.runtime.output.OutputBuffer com.sun.org.apache.xalan.internal.xsltc.runtime.output.OutputBuffer append(char)'>
        <annotation name='com.intellij.inspections.tainted.annotation.equation.Equations'>
            <val val="{ &quot;append := StringOutputBuffer#append(char) &amp; WriterOutputBuffer#append(char)&quot;, &quot;ch := StringOutputBuffer#append(char)#0 &amp; WriterOutputBuffer#append(char)#0&quot; }"/>
        </annotation>
    </item>
    <item name='com.sun.org.apache.xalan.internal.xsltc.runtime.output.OutputBuffer com.sun.org.apache.xalan.internal.xsltc.runtime.output.OutputBuffer append(char[], int, int)'>
        <annotation name='com.intellij.inspections.tainted.annotation.equation.Equations'>
            <val val="{ &quot;append := StringOutputBuffer#append(char[], int, int) &amp; WriterOutputBuffer#append(char[], int, int)&quot;, &quot;to := StringOutputBuffer#append(char[], int, int)#2 &amp; WriterOutputBuffer#append(char[], int, int)#2&quot;, &quot;s := StringOutputBuffer#append(char[], int, int)#0 &amp; WriterOutputBuffer#append(char[], int, int)#0&quot;, &quot;from := StringOutputBuffer#append(char[], int, int)#1 &amp; WriterOutputBuffer#append(char[], int, int)#1&quot; }"/>
        </annotation>
    </item>
    <item name='com.sun.org.apache.xalan.internal.xsltc.runtime.output.OutputBuffer com.sun.org.apache.xalan.internal.xsltc.runtime.output.OutputBuffer append(java.lang.String)'>
        <annotation name='com.intellij.inspections.tainted.annotation.equation.Equations'>
            <val val="{ &quot;s := StringOutputBuffer#append(java.lang.String)#0 &amp; WriterOutputBuffer#append(java.lang.String)#0&quot;, &quot;append := StringOutputBuffer#append(java.lang.String) &amp; WriterOutputBuffer#append(java.lang.String)&quot; }"/>
        </annotation>
    </item>
    <item name='com.sun.org.apache.xalan.internal.xsltc.runtime.output.OutputBuffer java.lang.String close()'>
        <annotation name='com.intellij.inspections.tainted.annotation.equation.Equations'>
            <val val="{ &quot;close := StringOutputBuffer#close() &amp; WriterOutputBuffer#close()&quot; }"/>
        </annotation>
    </item>
    <item name='com.sun.org.apache.xalan.internal.xsltc.runtime.output.StringOutputBuffer StringOutputBuffer()'>
        <annotation name='com.intellij.inspections.tainted.annotation.equation.Equations'>
            <val val="{ &quot;StringOutputBuffer := StringOutputBuffer&quot; }"/>
        </annotation>
    </item>
    <item name='com.sun.org.apache.xalan.internal.xsltc.runtime.output.StringOutputBuffer com.sun.org.apache.xalan.internal.xsltc.runtime.output.OutputBuffer append(char)'>
        <annotation name='com.intellij.inspections.tainted.annotation.equation.Equations'>
            <val val="{ &quot;append := StringOutputBuffer&quot; }"/>
        </annotation>
    </item>
    <item name='com.sun.org.apache.xalan.internal.xsltc.runtime.output.StringOutputBuffer com.sun.org.apache.xalan.internal.xsltc.runtime.output.OutputBuffer append(char[], int, int)'>
        <annotation name='com.intellij.inspections.tainted.annotation.equation.Equations'>
            <val val="{ &quot;append := StringOutputBuffer&quot; }"/>
        </annotation>
    </item>
    <item name='com.sun.org.apache.xalan.internal.xsltc.runtime.output.StringOutputBuffer com.sun.org.apache.xalan.internal.xsltc.runtime.output.OutputBuffer append(java.lang.String)'>
        <annotation name='com.intellij.inspections.tainted.annotation.equation.Equations'>
            <val val="{ &quot;append := StringOutputBuffer&quot; }"/>
        </annotation>
    </item>
    <item name='com.sun.org.apache.xalan.internal.xsltc.runtime.output.TransletOutputHandlerFactory'>
        <annotation name='com.intellij.inspections.tainted.annotation.equation.Equations'>
            <val val="{ &quot;TransletOutputHandlerFactory := #STREAM &amp; java.lang.System#out&quot; }"/>
        </annotation>
    </item>
    <item name='com.sun.org.apache.xalan.internal.xsltc.runtime.output.TransletOutputHandlerFactory TransletOutputHandlerFactory(boolean)'>
        <annotation name='com.intellij.inspections.tainted.annotation.equation.Equations'>
            <val val="{ &quot;TransletOutputHandlerFactory := TransletOutputHandlerFactory&quot; }"/>
        </annotation>
    </item>
    <item name='com.sun.org.apache.xalan.internal.xsltc.runtime.output.TransletOutputHandlerFactory void setEncoding(java.lang.String)'>
        <annotation name='com.intellij.inspections.tainted.annotation.equation.Equations'>
            <val val="{ &quot;encoding := com.sun.org.apache.xalan.internal.xsltc.trax.TransformerImpl &amp; com.sun.org.apache.xalan.internal.xsltc.runtime.AbstractTranslet&quot; }"/>
        </annotation>
    </item>
    <item name='com.sun.org.apache.xalan.internal.xsltc.runtime.output.TransletOutputHandlerFactory void setIndentNumber(int)'>
        <annotation name='com.intellij.inspections.tainted.annotation.equation.Equations'>
            <val val="{ &quot;value := com.sun.org.apache.xalan.internal.xsltc.trax.TransformerImpl&quot; }"/>
        </annotation>
    </item>
    <item name='com.sun.org.apache.xalan.internal.xsltc.runtime.output.TransletOutputHandlerFactory void setOutputMethod(java.lang.String)'>
        <annotation name='com.intellij.inspections.tainted.annotation.equation.Equations'>
            <val val="{ &quot;method := com.sun.org.apache.xalan.internal.xsltc.trax.TransformerImpl &amp; com.sun.org.apache.xalan.internal.xsltc.runtime.AbstractTranslet&quot; }"/>
        </annotation>
    </item>
    <item name='com.sun.org.apache.xalan.internal.xsltc.runtime.output.TransletOutputHandlerFactory void setOutputStream(java.io.OutputStream)'>
        <annotation name='com.intellij.inspections.tainted.annotation.equation.Equations'>
            <val val="{ &quot;ostream := com.sun.org.apache.xalan.internal.xsltc.trax.TransformerImpl&quot; }"/>
        </annotation>
    </item>
    <item name='com.sun.org.apache.xalan.internal.xsltc.runtime.output.TransletOutputHandlerFactory void setOutputType(int)'>
        <annotation name='com.intellij.inspections.tainted.annotation.equation.Equations'>
            <val val="{ &quot;outputType := #STREAM &amp; #SAX &amp; #STAX &amp; #DOM&quot; }"/>
        </annotation>
    </item>
    <item name='com.sun.org.apache.xalan.internal.xsltc.runtime.output.WriterOutputBuffer'>
        <annotation name='com.intellij.inspections.tainted.annotation.equation.Equations'>
            <val val="{ &quot;WriterOutputBuffer := #KB&quot; }"/>
        </annotation>
    </item>
    <item name='com.sun.org.apache.xalan.internal.xsltc.runtime.output.WriterOutputBuffer WriterOutputBuffer(java.io.Writer)'>
        <annotation name='com.intellij.inspections.tainted.annotation.equation.Equations'>
            <val val="{ &quot;WriterOutputBuffer := WriterOutputBuffer&quot; }"/>
        </annotation>
    </item>
    <item name='com.sun.org.apache.xalan.internal.xsltc.runtime.output.WriterOutputBuffer com.sun.org.apache.xalan.internal.xsltc.runtime.output.OutputBuffer append(char)'>
        <annotation name='com.intellij.inspections.tainted.annotation.equation.Equations'>
            <val val="{ &quot;append := WriterOutputBuffer&quot; }"/>
        </annotation>
    </item>
    <item name='com.sun.org.apache.xalan.internal.xsltc.runtime.output.WriterOutputBuffer com.sun.org.apache.xalan.internal.xsltc.runtime.output.OutputBuffer append(char[], int, int)'>
        <annotation name='com.intellij.inspections.tainted.annotation.equation.Equations'>
            <val val="{ &quot;append := WriterOutputBuffer&quot; }"/>
        </annotation>
    </item>
    <item name='com.sun.org.apache.xalan.internal.xsltc.runtime.output.WriterOutputBuffer com.sun.org.apache.xalan.internal.xsltc.runtime.output.OutputBuffer append(java.lang.String)'>
        <annotation name='com.intellij.inspections.tainted.annotation.equation.Equations'>
            <val val="{ &quot;append := WriterOutputBuffer&quot; }"/>
        </annotation>
    </item>
</root>