<root>
    <item name='com.sun.org.apache.xalan.internal.lib.ExsltDatetime double dayInWeek(java.lang.String)'>
        <annotation name='com.intellij.inspections.tainted.annotation.equation.Equations'>
            <val val="{ &quot;dayInWeek := java.lang.Double#NaN&quot; }"/>
        </annotation>
    </item>
    <item name='com.sun.org.apache.xalan.internal.lib.ExsltDatetime double dayInYear(java.lang.String)'>
        <annotation name='com.intellij.inspections.tainted.annotation.equation.Equations'>
            <val val="{ &quot;dayInYear := java.lang.Double#NaN&quot; }"/>
        </annotation>
    </item>
    <item name='com.sun.org.apache.xalan.internal.lib.ExsltDatetime double dayOfWeekInMonth(java.lang.String)'>
        <annotation name='com.intellij.inspections.tainted.annotation.equation.Equations'>
            <val val="{ &quot;dayOfWeekInMonth := java.lang.Double#NaN&quot; }"/>
        </annotation>
    </item>
    <item name='com.sun.org.apache.xalan.internal.lib.ExsltDatetime double getNumber(java.lang.String, java.lang.String[], int)'>
        <annotation name='com.intellij.inspections.tainted.annotation.equation.Equations'>
            <val val="{ &quot;calField := java.util.Calendar#YEAR &amp; java.util.Calendar#MONTH &amp; java.util.Calendar#WEEK_OF_YEAR &amp; java.util.Calendar#DAY_OF_YEAR &amp; java.util.Calendar#DAY_OF_MONTH &amp; java.util.Calendar#DAY_OF_WEEK_IN_MONTH &amp; java.util.Calendar#DAY_OF_WEEK &amp; java.util.Calendar#HOUR_OF_DAY &amp; java.util.Calendar#MINUTE &amp; java.util.Calendar#SECOND&quot;, &quot;getNumber := java.lang.Double#NaN&quot;, &quot;formats := #dt &amp; #d &amp; #gym &amp; #gy &amp; #gm &amp; #gmd &amp; #gd &amp; #t&quot; }"/>
        </annotation>
    </item>
    <item name='com.sun.org.apache.xalan.internal.lib.ExsltDatetime double hourInDay(java.lang.String)'>
        <annotation name='com.intellij.inspections.tainted.annotation.equation.Equations'>
            <val val="{ &quot;hourInDay := java.lang.Double#NaN&quot; }"/>
        </annotation>
    </item>
    <item name='com.sun.org.apache.xalan.internal.lib.ExsltDatetime double minuteInHour(java.lang.String)'>
        <annotation name='com.intellij.inspections.tainted.annotation.equation.Equations'>
            <val val="{ &quot;minuteInHour := java.lang.Double#NaN&quot; }"/>
        </annotation>
    </item>
    <item name='com.sun.org.apache.xalan.internal.lib.ExsltDatetime double monthInYear(java.lang.String)'>
        <annotation name='com.intellij.inspections.tainted.annotation.equation.Equations'>
            <val val="{ &quot;monthInYear := java.lang.Double#NaN&quot; }"/>
        </annotation>
    </item>
    <item name='com.sun.org.apache.xalan.internal.lib.ExsltDatetime double secondInMinute(java.lang.String)'>
        <annotation name='com.intellij.inspections.tainted.annotation.equation.Equations'>
            <val val="{ &quot;secondInMinute := java.lang.Double#NaN&quot; }"/>
        </annotation>
    </item>
    <item name='com.sun.org.apache.xalan.internal.lib.ExsltDatetime double weekInYear(java.lang.String)'>
        <annotation name='com.intellij.inspections.tainted.annotation.equation.Equations'>
            <val val="{ &quot;weekInYear := java.lang.Double#NaN&quot; }"/>
        </annotation>
    </item>
    <item name='com.sun.org.apache.xalan.internal.lib.ExsltDatetime double year(java.lang.String)'>
        <annotation name='com.intellij.inspections.tainted.annotation.equation.Equations'>
            <val val="{ &quot;year := java.lang.Double#NaN&quot; }"/>
        </annotation>
    </item>
    <item name='com.sun.org.apache.xalan.internal.lib.ExsltDatetime int getZoneStart(java.lang.String)'>
        <annotation name='com.intellij.inspections.tainted.annotation.equation.Equations'>
            <val val="{ &quot;datetime := #getEraDatetimeZone(java.lang.String)#0&quot; }"/>
        </annotation>
    </item>
    <item name='com.sun.org.apache.xalan.internal.lib.ExsltDatetime java.lang.String date(java.lang.String)'>
        <annotation name='com.intellij.inspections.tainted.annotation.equation.Equations'>
            <val val="{ &quot;date := #EMPTY_STR&quot; }"/>
        </annotation>
    </item>
    <item name='com.sun.org.apache.xalan.internal.lib.ExsltDatetime java.lang.String dayAbbreviation(java.lang.String)'>
        <annotation name='com.intellij.inspections.tainted.annotation.equation.Equations'>
            <val val="{ &quot;dayAbbreviation := #EMPTY_STR&quot; }"/>
        </annotation>
    </item>
    <item name='com.sun.org.apache.xalan.internal.lib.ExsltDatetime java.lang.String dayName(java.lang.String)'>
        <annotation name='com.intellij.inspections.tainted.annotation.equation.Equations'>
            <val val="{ &quot;dayName := #EMPTY_STR&quot; }"/>
        </annotation>
    </item>
    <item name='com.sun.org.apache.xalan.internal.lib.ExsltDatetime java.lang.String formatDate(java.lang.String, java.lang.String)'>
        <annotation name='com.intellij.inspections.tainted.annotation.equation.Equations'>
            <val val="{ &quot;formatDate := #EMPTY_STR&quot; }"/>
        </annotation>
    </item>
    <item name='com.sun.org.apache.xalan.internal.lib.ExsltDatetime java.lang.String getNameOrAbbrev(java.lang.String, java.lang.String[], java.lang.String)'>
        <annotation name='com.intellij.inspections.tainted.annotation.equation.Equations'>
            <val val="{ &quot;formatsIn := #dt &amp; #d &amp; #gym &amp; #gm&quot;, &quot;in := #monthName(java.lang.String)#0 &amp; #monthAbbreviation(java.lang.String)#0 &amp; #dayName(java.lang.String)#0 &amp; #dayAbbreviation(java.lang.String)#0&quot; }"/>
        </annotation>
    </item>
    <item name='com.sun.org.apache.xalan.internal.lib.ExsltDatetime java.lang.String monthAbbreviation(java.lang.String)'>
        <annotation name='com.intellij.inspections.tainted.annotation.equation.Equations'>
            <val val="{ &quot;monthAbbreviation := #EMPTY_STR&quot; }"/>
        </annotation>
    </item>
    <item name='com.sun.org.apache.xalan.internal.lib.ExsltDatetime java.lang.String monthName(java.lang.String)'>
        <annotation name='com.intellij.inspections.tainted.annotation.equation.Equations'>
            <val val="{ &quot;monthName := #EMPTY_STR&quot; }"/>
        </annotation>
    </item>
    <item name='com.sun.org.apache.xalan.internal.lib.ExsltDatetime java.lang.String strip(java.lang.String, java.lang.String)'>
        <annotation name='com.intellij.inspections.tainted.annotation.equation.Equations'>
            <val val="{ &quot;pattern := #formatDate(java.lang.String, java.lang.String)#1&quot; }"/>
        </annotation>
    </item>
    <item name='com.sun.org.apache.xalan.internal.lib.ExsltDatetime java.lang.String time(java.lang.String)'>
        <annotation name='com.intellij.inspections.tainted.annotation.equation.Equations'>
            <val val="{ &quot;time := #EMPTY_STR&quot; }"/>
        </annotation>
    </item>
    <item name='com.sun.org.apache.xalan.internal.lib.ExsltDatetime java.lang.String[] getEraDatetimeZone(java.lang.String)'>
        <annotation name='com.intellij.inspections.tainted.annotation.equation.Equations'>
            <val val="{ &quot;in := #date(java.lang.String)#0 &amp; #time(java.lang.String)#0 &amp; #year(java.lang.String)#0 &amp; #monthInYear(java.lang.String)#0 &amp; #weekInYear(java.lang.String)#0 &amp; #dayInYear(java.lang.String)#0 &amp; #dayInMonth(java.lang.String)#0 &amp; #dayOfWeekInMonth(java.lang.String)#0 &amp; #dayInWeek(java.lang.String)#0 &amp; #hourInDay(java.lang.String)#0 &amp; #minuteInHour(java.lang.String)#0 &amp; #secondInMinute(java.lang.String)#0 &amp; #leapYear(java.lang.String)#0 &amp; #monthName(java.lang.String)#0 &amp; #monthAbbreviation(java.lang.String)#0 &amp; #dayName(java.lang.String)#0 &amp; #dayAbbreviation(java.lang.String)#0&quot;, &quot;getEraDatetimeZone := in&quot; }"/>
        </annotation>
    </item>
    <item name='com.sun.org.apache.xalan.internal.lib.ExsltDatetime java.util.Date testFormats(java.lang.String, java.lang.String[])'>
        <annotation name='com.intellij.inspections.tainted.annotation.equation.Equations'>
            <val val="{ &quot;formats := #dt &amp; #d &amp; #t &amp; #getNumber(java.lang.String, java.lang.String[], int)#1&quot;, &quot;in := #getNumber(java.lang.String, java.lang.String[], int)#0&quot; }"/>
        </annotation>
    </item>
    <item name='com.sun.org.apache.xalan.internal.lib.ExsltDynamic com.sun.org.apache.xpath.internal.objects.XObject evaluate(com.sun.org.apache.xalan.internal.extensions.ExpressionContext, java.lang.String)'>
        <annotation name='com.intellij.inspections.tainted.annotation.equation.Equations'>
            <val val="{ &quot;xpathExpr := Extensions#evaluate(com.sun.org.apache.xalan.internal.extensions.ExpressionContext, java.lang.String)#1&quot;, &quot;myContext := Extensions#evaluate(com.sun.org.apache.xalan.internal.extensions.ExpressionContext, java.lang.String)#0&quot; }"/>
        </annotation>
    </item>
    <item name='com.sun.org.apache.xalan.internal.lib.ExsltDynamic double max(com.sun.org.apache.xalan.internal.extensions.ExpressionContext, org.w3c.dom.NodeList, java.lang.String)'>
        <annotation name='com.intellij.inspections.tainted.annotation.equation.Equations'>
            <val val="{ &quot;max := java.lang.Double#NaN&quot; }"/>
        </annotation>
    </item>
    <item name='com.sun.org.apache.xalan.internal.lib.ExsltDynamic double min(com.sun.org.apache.xalan.internal.extensions.ExpressionContext, org.w3c.dom.NodeList, java.lang.String)'>
        <annotation name='com.intellij.inspections.tainted.annotation.equation.Equations'>
            <val val="{ &quot;min := java.lang.Double#NaN &amp; java.lang.Double#MAX_VALUE&quot; }"/>
        </annotation>
    </item>
    <item name='com.sun.org.apache.xalan.internal.lib.ExsltDynamic double sum(com.sun.org.apache.xalan.internal.extensions.ExpressionContext, org.w3c.dom.NodeList, java.lang.String)'>
        <annotation name='com.intellij.inspections.tainted.annotation.equation.Equations'>
            <val val="{ &quot;sum := java.lang.Double#NaN&quot; }"/>
        </annotation>
    </item>
    <item name='com.sun.org.apache.xalan.internal.lib.ExsltMath double constant(java.lang.String, double)'>
        <annotation name='com.intellij.inspections.tainted.annotation.equation.Equations'>
            <val val="{ &quot;constant := java.lang.Double#NaN&quot; }"/>
        </annotation>
    </item>
    <item name='com.sun.org.apache.xalan.internal.lib.ExsltMath double max(org.w3c.dom.NodeList)'>
        <annotation name='com.intellij.inspections.tainted.annotation.equation.Equations'>
            <val val="{ &quot;nl := #highest(org.w3c.dom.NodeList)#0&quot;, &quot;max := java.lang.Double#NaN&quot; }"/>
        </annotation>
    </item>
    <item name='com.sun.org.apache.xalan.internal.lib.ExsltMath double min(org.w3c.dom.NodeList)'>
        <annotation name='com.intellij.inspections.tainted.annotation.equation.Equations'>
            <val val="{ &quot;nl := #lowest(org.w3c.dom.NodeList)#0&quot;, &quot;min := java.lang.Double#NaN &amp; java.lang.Double#MAX_VALUE&quot; }"/>
        </annotation>
    </item>
    <item name='com.sun.org.apache.xalan.internal.lib.ExsltSets org.w3c.dom.NodeList difference(org.w3c.dom.NodeList, org.w3c.dom.NodeList)'>
        <annotation name='com.intellij.inspections.tainted.annotation.equation.Equations'>
            <val val="{ &quot;nl2 := Extensions#difference(org.w3c.dom.NodeList, org.w3c.dom.NodeList)#1&quot;, &quot;nl1 := Extensions#difference(org.w3c.dom.NodeList, org.w3c.dom.NodeList)#0&quot; }"/>
        </annotation>
    </item>
    <item name='com.sun.org.apache.xalan.internal.lib.ExsltSets org.w3c.dom.NodeList intersection(org.w3c.dom.NodeList, org.w3c.dom.NodeList)'>
        <annotation name='com.intellij.inspections.tainted.annotation.equation.Equations'>
            <val val="{ &quot;nl1 := Extensions#intersection(org.w3c.dom.NodeList, org.w3c.dom.NodeList)#0&quot;, &quot;nl2 := Extensions#intersection(org.w3c.dom.NodeList, org.w3c.dom.NodeList)#1&quot; }"/>
        </annotation>
    </item>
    <item name='com.sun.org.apache.xalan.internal.lib.ExsltSets org.w3c.dom.NodeList leading(org.w3c.dom.NodeList, org.w3c.dom.NodeList)'>
        <annotation name='com.intellij.inspections.tainted.annotation.equation.Equations'>
            <val val="{ &quot;leading := nl1&quot; }"/>
        </annotation>
    </item>
    <item name='com.sun.org.apache.xalan.internal.lib.ExsltSets org.w3c.dom.NodeList trailing(org.w3c.dom.NodeList, org.w3c.dom.NodeList)'>
        <annotation name='com.intellij.inspections.tainted.annotation.equation.Equations'>
            <val val="{ &quot;trailing := nl1&quot; }"/>
        </annotation>
    </item>
    <item name='com.sun.org.apache.xalan.internal.lib.ExsltStrings org.w3c.dom.NodeList split(java.lang.String, java.lang.String)'>
        <annotation name='com.intellij.inspections.tainted.annotation.equation.Equations'>
            <val val="{ &quot;str := #split(java.lang.String)#0&quot; }"/>
        </annotation>
    </item>
    <item name='com.sun.org.apache.xalan.internal.lib.ExsltStrings org.w3c.dom.NodeList tokenize(java.lang.String, java.lang.String)'>
        <annotation name='com.intellij.inspections.tainted.annotation.equation.Equations'>
            <val val="{ &quot;toTokenize := #tokenize(java.lang.String)#0&quot; }"/>
        </annotation>
    </item>
    <item name='com.sun.org.apache.xalan.internal.lib.Extensions com.sun.org.apache.xpath.internal.NodeSet nodeset(com.sun.org.apache.xalan.internal.extensions.ExpressionContext, java.lang.Object)'>
        <annotation name='com.intellij.inspections.tainted.annotation.equation.Equations'>
            <val val="{ &quot;myProcessor := ExsltCommon#nodeSet(com.sun.org.apache.xalan.internal.extensions.ExpressionContext, java.lang.Object)#0&quot;, &quot;rtf := ExsltCommon#nodeSet(com.sun.org.apache.xalan.internal.extensions.ExpressionContext, java.lang.Object)#1&quot; }"/>
        </annotation>
    </item>
    <item name='com.sun.org.apache.xalan.internal.lib.Extensions org.w3c.dom.Node checkEnvironmentUsingWhich(com.sun.org.apache.xalan.internal.extensions.ExpressionContext, org.w3c.dom.Document)'>
        <annotation name='com.intellij.inspections.tainted.annotation.equation.Equations'>
            <val val="{ &quot;myContext := #checkEnvironment(com.sun.org.apache.xalan.internal.extensions.ExpressionContext)#0&quot; }"/>
        </annotation>
    </item>
    <item name='com.sun.org.apache.xalan.internal.lib.Extensions org.w3c.dom.NodeList tokenize(java.lang.String, java.lang.String)'>
        <annotation name='com.intellij.inspections.tainted.annotation.equation.Equations'>
            <val val="{ &quot;toTokenize := #tokenize(java.lang.String)#0&quot; }"/>
        </annotation>
    </item>
</root>