<root>
    <item name='sun.util.calendar.AbstractCalendar'>
        <annotation name='com.intellij.inspections.tainted.annotation.equation.Equations'>
            <val val="{ &quot;AbstractCalendar := BaseCalendar&quot; }"/>
        </annotation>
    </item>
    <item name='sun.util.calendar.AbstractCalendar boolean isLeapYear(sun.util.calendar.CalendarDate)'>
        <annotation name='com.intellij.inspections.tainted.annotation.equation.Equations'>
            <val val="{ &quot;calendarDate := BaseCalendar#isLeapYear(sun.util.calendar.CalendarDate)#0&quot; }"/>
        </annotation>
    </item>
    <item name='sun.util.calendar.AbstractCalendar long getFixedDate(sun.util.calendar.CalendarDate)'>
        <annotation name='com.intellij.inspections.tainted.annotation.equation.Equations'>
            <val val="{ &quot;getFixedDate := BaseCalendar#getFixedDate(sun.util.calendar.CalendarDate)&quot;, &quot;calendarDate := BaseCalendar#getFixedDate(sun.util.calendar.CalendarDate)#0&quot; }"/>
        </annotation>
    </item>
    <item name='sun.util.calendar.AbstractCalendar sun.util.calendar.CalendarDate getCalendarDate()'>
        <annotation name='com.intellij.inspections.tainted.annotation.equation.Equations'>
            <val val="{ &quot;getCalendarDate := Gregorian#getCalendarDate() &amp; LocalGregorianCalendar#getCalendarDate()&quot; }"/>
        </annotation>
    </item>
    <item name='sun.util.calendar.AbstractCalendar sun.util.calendar.CalendarDate getCalendarDate(long)'>
        <annotation name='com.intellij.inspections.tainted.annotation.equation.Equations'>
            <val val="{ &quot;l := Gregorian#getCalendarDate(long)#0 &amp; LocalGregorianCalendar#getCalendarDate(long)#0&quot;, &quot;getCalendarDate := Gregorian#getCalendarDate(long) &amp; LocalGregorianCalendar#getCalendarDate(long)&quot; }"/>
        </annotation>
    </item>
    <item name='sun.util.calendar.AbstractCalendar sun.util.calendar.CalendarDate getCalendarDate(long, java.util.TimeZone)'>
        <annotation name='com.intellij.inspections.tainted.annotation.equation.Equations'>
            <val val="{ &quot;timeZone := Gregorian#getCalendarDate(long, java.util.TimeZone)#1 &amp; LocalGregorianCalendar#getCalendarDate(long, java.util.TimeZone)#1&quot;, &quot;l := Gregorian#getCalendarDate(long, java.util.TimeZone)#0 &amp; LocalGregorianCalendar#getCalendarDate(long, java.util.TimeZone)#0&quot;, &quot;getCalendarDate := Gregorian#getCalendarDate(long, java.util.TimeZone) &amp; LocalGregorianCalendar#getCalendarDate(long, java.util.TimeZone)&quot; }"/>
        </annotation>
    </item>
    <item name='sun.util.calendar.AbstractCalendar sun.util.calendar.CalendarDate getCalendarDate(long, sun.util.calendar.CalendarDate)'>
        <annotation name='com.intellij.inspections.tainted.annotation.equation.Equations'>
            <val val="{ &quot;getCalendarDate := Gregorian#getCalendarDate(long, sun.util.calendar.CalendarDate) &amp; LocalGregorianCalendar#getCalendarDate(long, sun.util.calendar.CalendarDate)&quot;, &quot;l := Gregorian#getCalendarDate(long, sun.util.calendar.CalendarDate)#0 &amp; LocalGregorianCalendar#getCalendarDate(long, sun.util.calendar.CalendarDate)#0&quot;, &quot;calendarDate := Gregorian#getCalendarDate(long, sun.util.calendar.CalendarDate)#1 &amp; LocalGregorianCalendar#getCalendarDate(long, sun.util.calendar.CalendarDate)#1&quot; }"/>
        </annotation>
    </item>
    <item name='sun.util.calendar.AbstractCalendar void getCalendarDateFromFixedDate(sun.util.calendar.CalendarDate, long)'>
        <annotation name='com.intellij.inspections.tainted.annotation.equation.Equations'>
            <val val="{ &quot;l := BaseCalendar#getCalendarDateFromFixedDate(sun.util.calendar.CalendarDate, long)#1&quot;, &quot;calendarDate := BaseCalendar#getCalendarDateFromFixedDate(sun.util.calendar.CalendarDate, long)#0&quot; }"/>
        </annotation>
    </item>
    <item name='sun.util.calendar.BaseCalendar'>
        <annotation name='com.intellij.inspections.tainted.annotation.equation.Equations'>
            <val val="{ &quot;BaseCalendar := Gregorian &amp; LocalGregorianCalendar&quot; }"/>
        </annotation>
    </item>
    <item name='sun.util.calendar.BaseCalendar boolean isLeapYear(int)'>
        <annotation name='com.intellij.inspections.tainted.annotation.equation.Equations'>
            <val val="{ &quot;i := LocalGregorianCalendar#isLeapYear(int)#0&quot; }"/>
        </annotation>
    </item>
    <item name='sun.util.calendar.BaseCalendar boolean normalize(sun.util.calendar.CalendarDate)'>
        <annotation name='com.intellij.inspections.tainted.annotation.equation.Equations'>
            <val val="{ &quot;calendarDate := LocalGregorianCalendar#normalize(sun.util.calendar.CalendarDate)#0&quot; }"/>
        </annotation>
    </item>
    <item name='sun.util.calendar.BaseCalendar boolean validate(sun.util.calendar.CalendarDate)'>
        <annotation name='com.intellij.inspections.tainted.annotation.equation.Equations'>
            <val val="{ &quot;calendarDate := LocalGregorianCalendar#validate(sun.util.calendar.CalendarDate)#0&quot; }"/>
        </annotation>
    </item>
    <item name='sun.util.calendar.BaseCalendar void getCalendarDateFromFixedDate(sun.util.calendar.CalendarDate, long)'>
        <annotation name='com.intellij.inspections.tainted.annotation.equation.Equations'>
            <val val="{ &quot;calendarDate := LocalGregorianCalendar#getCalendarDateFromFixedDate(sun.util.calendar.CalendarDate, long)#0&quot;, &quot;l := LocalGregorianCalendar#getCalendarDateFromFixedDate(sun.util.calendar.CalendarDate, long)#1&quot; }"/>
        </annotation>
    </item>
    <item name='sun.util.calendar.BaseCalendar void normalizeMonth(sun.util.calendar.CalendarDate)'>
        <annotation name='com.intellij.inspections.tainted.annotation.equation.Equations'>
            <val val="{ &quot;calendarDate := LocalGregorianCalendar#normalizeMonth(sun.util.calendar.CalendarDate)#0&quot; }"/>
        </annotation>
    </item>
    <item name='sun.util.calendar.BaseCalendar.Date'>
        <annotation name='com.intellij.inspections.tainted.annotation.equation.Equations'>
            <val val="{ &quot;Date := ImmutableGregorianDate &amp; Gregorian.Date &amp; LocalGregorianCalendar.Date &amp; JulianCalendar.Date&quot; }"/>
        </annotation>
    </item>
    <item name='sun.util.calendar.BaseCalendar.Date int getNormalizedYear()'>
        <annotation name='com.intellij.inspections.tainted.annotation.equation.Equations'>
            <val val="{ &quot;getNormalizedYear := ImmutableGregorianDate#getNormalizedYear() &amp; Gregorian.Date#getNormalizedYear() &amp; LocalGregorianCalendar.Date#getNormalizedYear() &amp; JulianCalendar.Date#getNormalizedYear()&quot; }"/>
        </annotation>
    </item>
    <item name='sun.util.calendar.BaseCalendar.Date void setNormalizedYear(int)'>
        <annotation name='com.intellij.inspections.tainted.annotation.equation.Equations'>
            <val val="{ &quot;i := ImmutableGregorianDate#setNormalizedYear(int)#0 &amp; Gregorian.Date#setNormalizedYear(int)#0 &amp; LocalGregorianCalendar.Date#setNormalizedYear(int)#0 &amp; JulianCalendar.Date#setNormalizedYear(int)#0&quot; }"/>
        </annotation>
    </item>
    <item name='sun.util.calendar.CalendarDate'>
        <annotation name='com.intellij.inspections.tainted.annotation.equation.Equations'>
            <val val="{ &quot;CalendarDate := BaseCalendar.Date&quot; }"/>
        </annotation>
    </item>
    <item name='sun.util.calendar.CalendarDate boolean equals(java.lang.Object)'>
        <annotation name='com.intellij.inspections.tainted.annotation.equation.Equations'>
            <val val="{ &quot;o := ImmutableGregorianDate#equals(java.lang.Object)#0&quot; }"/>
        </annotation>
    </item>
    <item name='sun.util.calendar.CalendarDate boolean isSameDate(sun.util.calendar.CalendarDate)'>
        <annotation name='com.intellij.inspections.tainted.annotation.equation.Equations'>
            <val val="{ &quot;calendarDate := ImmutableGregorianDate#isSameDate(sun.util.calendar.CalendarDate)#0&quot; }"/>
        </annotation>
    </item>
    <item name='sun.util.calendar.CalendarDate int getDayOfMonth()'>
        <annotation name='com.intellij.inspections.tainted.annotation.equation.Equations'>
            <val val="{ &quot;getDayOfMonth := ImmutableGregorianDate#getDayOfMonth()&quot; }"/>
        </annotation>
    </item>
    <item name='sun.util.calendar.CalendarDate int getDayOfWeek()'>
        <annotation name='com.intellij.inspections.tainted.annotation.equation.Equations'>
            <val val="{ &quot;getDayOfWeek := ImmutableGregorianDate#getDayOfWeek()&quot; }"/>
        </annotation>
    </item>
    <item name='sun.util.calendar.CalendarDate int getDaylightSaving()'>
        <annotation name='com.intellij.inspections.tainted.annotation.equation.Equations'>
            <val val="{ &quot;getDaylightSaving := ImmutableGregorianDate#getDaylightSaving()&quot; }"/>
        </annotation>
    </item>
    <item name='sun.util.calendar.CalendarDate int getHours()'>
        <annotation name='com.intellij.inspections.tainted.annotation.equation.Equations'>
            <val val="{ &quot;getHours := ImmutableGregorianDate#getHours()&quot; }"/>
        </annotation>
    </item>
    <item name='sun.util.calendar.CalendarDate int getMillis()'>
        <annotation name='com.intellij.inspections.tainted.annotation.equation.Equations'>
            <val val="{ &quot;getMillis := ImmutableGregorianDate#getMillis()&quot; }"/>
        </annotation>
    </item>
    <item name='sun.util.calendar.CalendarDate int getMinutes()'>
        <annotation name='com.intellij.inspections.tainted.annotation.equation.Equations'>
            <val val="{ &quot;getMinutes := ImmutableGregorianDate#getMinutes()&quot; }"/>
        </annotation>
    </item>
    <item name='sun.util.calendar.CalendarDate int getMonth()'>
        <annotation name='com.intellij.inspections.tainted.annotation.equation.Equations'>
            <val val="{ &quot;getMonth := ImmutableGregorianDate#getMonth()&quot; }"/>
        </annotation>
    </item>
    <item name='sun.util.calendar.CalendarDate int getSeconds()'>
        <annotation name='com.intellij.inspections.tainted.annotation.equation.Equations'>
            <val val="{ &quot;getSeconds := ImmutableGregorianDate#getSeconds()&quot; }"/>
        </annotation>
    </item>
    <item name='sun.util.calendar.CalendarDate int getYear()'>
        <annotation name='com.intellij.inspections.tainted.annotation.equation.Equations'>
            <val val="{ &quot;getYear := ImmutableGregorianDate#getYear()&quot; }"/>
        </annotation>
    </item>
    <item name='sun.util.calendar.CalendarDate int getZoneOffset()'>
        <annotation name='com.intellij.inspections.tainted.annotation.equation.Equations'>
            <val val="{ &quot;getZoneOffset := ImmutableGregorianDate#getZoneOffset()&quot; }"/>
        </annotation>
    </item>
    <item name='sun.util.calendar.CalendarDate int hashCode()'>
        <annotation name='com.intellij.inspections.tainted.annotation.equation.Equations'>
            <val val="{ &quot;hashCode := ImmutableGregorianDate#hashCode()&quot; }"/>
        </annotation>
    </item>
    <item name='sun.util.calendar.CalendarDate java.lang.Object clone()'>
        <annotation name='com.intellij.inspections.tainted.annotation.equation.Equations'>
            <val val="{ &quot;clone := ImmutableGregorianDate#clone()&quot; }"/>
        </annotation>
    </item>
    <item name='sun.util.calendar.CalendarDate java.lang.String toString()'>
        <annotation name='com.intellij.inspections.tainted.annotation.equation.Equations'>
            <val val="{ &quot;toString := ImmutableGregorianDate#toString() &amp; LocalGregorianCalendar.Date#toString() &amp; JulianCalendar.Date#toString()&quot; }"/>
        </annotation>
    </item>
    <item name='sun.util.calendar.CalendarDate java.util.TimeZone getZone()'>
        <annotation name='com.intellij.inspections.tainted.annotation.equation.Equations'>
            <val val="{ &quot;getZone := ImmutableGregorianDate#getZone()&quot; }"/>
        </annotation>
    </item>
    <item name='sun.util.calendar.CalendarDate long getTimeOfDay()'>
        <annotation name='com.intellij.inspections.tainted.annotation.equation.Equations'>
            <val val="{ &quot;getTimeOfDay := ImmutableGregorianDate#getTimeOfDay()&quot; }"/>
        </annotation>
    </item>
    <item name='sun.util.calendar.CalendarDate sun.util.calendar.CalendarDate addDate(int, int, int)'>
        <annotation name='com.intellij.inspections.tainted.annotation.equation.Equations'>
            <val val="{ &quot;i := ImmutableGregorianDate#addDate(int, int, int)#0&quot;, &quot;addDate := ImmutableGregorianDate#addDate(int, int, int)&quot;, &quot;i1 := ImmutableGregorianDate#addDate(int, int, int)#1&quot;, &quot;i2 := ImmutableGregorianDate#addDate(int, int, int)#2&quot; }"/>
        </annotation>
    </item>
    <item name='sun.util.calendar.CalendarDate sun.util.calendar.CalendarDate addDayOfMonth(int)'>
        <annotation name='com.intellij.inspections.tainted.annotation.equation.Equations'>
            <val val="{ &quot;addDayOfMonth := ImmutableGregorianDate#addDayOfMonth(int)&quot;, &quot;i := ImmutableGregorianDate#addDayOfMonth(int)#0&quot; }"/>
        </annotation>
    </item>
    <item name='sun.util.calendar.CalendarDate sun.util.calendar.CalendarDate addHours(int)'>
        <annotation name='com.intellij.inspections.tainted.annotation.equation.Equations'>
            <val val="{ &quot;addHours := ImmutableGregorianDate#addHours(int)&quot;, &quot;i := ImmutableGregorianDate#addHours(int)#0&quot; }"/>
        </annotation>
    </item>
    <item name='sun.util.calendar.CalendarDate sun.util.calendar.CalendarDate addMillis(int)'>
        <annotation name='com.intellij.inspections.tainted.annotation.equation.Equations'>
            <val val="{ &quot;addMillis := ImmutableGregorianDate#addMillis(int)&quot;, &quot;i := ImmutableGregorianDate#addMillis(int)#0&quot; }"/>
        </annotation>
    </item>
    <item name='sun.util.calendar.CalendarDate sun.util.calendar.CalendarDate addMinutes(int)'>
        <annotation name='com.intellij.inspections.tainted.annotation.equation.Equations'>
            <val val="{ &quot;addMinutes := ImmutableGregorianDate#addMinutes(int)&quot;, &quot;i := ImmutableGregorianDate#addMinutes(int)#0&quot; }"/>
        </annotation>
    </item>
    <item name='sun.util.calendar.CalendarDate sun.util.calendar.CalendarDate addMonth(int)'>
        <annotation name='com.intellij.inspections.tainted.annotation.equation.Equations'>
            <val val="{ &quot;addMonth := ImmutableGregorianDate#addMonth(int)&quot;, &quot;i := ImmutableGregorianDate#addMonth(int)#0&quot; }"/>
        </annotation>
    </item>
    <item name='sun.util.calendar.CalendarDate sun.util.calendar.CalendarDate addSeconds(int)'>
        <annotation name='com.intellij.inspections.tainted.annotation.equation.Equations'>
            <val val="{ &quot;addSeconds := ImmutableGregorianDate#addSeconds(int)&quot;, &quot;i := ImmutableGregorianDate#addSeconds(int)#0&quot; }"/>
        </annotation>
    </item>
    <item name='sun.util.calendar.CalendarDate sun.util.calendar.CalendarDate addTimeOfDay(int, int, int, int)'>
        <annotation name='com.intellij.inspections.tainted.annotation.equation.Equations'>
            <val val="{ &quot;i := ImmutableGregorianDate#addTimeOfDay(int, int, int, int)#0&quot;, &quot;i1 := ImmutableGregorianDate#addTimeOfDay(int, int, int, int)#1&quot;, &quot;i2 := ImmutableGregorianDate#addTimeOfDay(int, int, int, int)#2&quot;, &quot;addTimeOfDay := ImmutableGregorianDate#addTimeOfDay(int, int, int, int)&quot;, &quot;i3 := ImmutableGregorianDate#addTimeOfDay(int, int, int, int)#3&quot; }"/>
        </annotation>
    </item>
    <item name='sun.util.calendar.CalendarDate sun.util.calendar.CalendarDate addYear(int)'>
        <annotation name='com.intellij.inspections.tainted.annotation.equation.Equations'>
            <val val="{ &quot;addYear := ImmutableGregorianDate#addYear(int) &amp; LocalGregorianCalendar.Date#addYear(int)&quot;, &quot;i := ImmutableGregorianDate#addYear(int)#0 &amp; LocalGregorianCalendar.Date#addYear(int)#0&quot; }"/>
        </annotation>
    </item>
    <item name='sun.util.calendar.CalendarDate sun.util.calendar.CalendarDate setDate(int, int, int)'>
        <annotation name='com.intellij.inspections.tainted.annotation.equation.Equations'>
            <val val="{ &quot;setDate := ImmutableGregorianDate#setDate(int, int, int)&quot;, &quot;i1 := ImmutableGregorianDate#setDate(int, int, int)#1&quot;, &quot;i := ImmutableGregorianDate#setDate(int, int, int)#0&quot;, &quot;i2 := ImmutableGregorianDate#setDate(int, int, int)#2&quot; }"/>
        </annotation>
    </item>
    <item name='sun.util.calendar.CalendarDate sun.util.calendar.CalendarDate setDayOfMonth(int)'>
        <annotation name='com.intellij.inspections.tainted.annotation.equation.Equations'>
            <val val="{ &quot;i := ImmutableGregorianDate#setDayOfMonth(int)#0&quot;, &quot;setDayOfMonth := ImmutableGregorianDate#setDayOfMonth(int)&quot; }"/>
        </annotation>
    </item>
    <item name='sun.util.calendar.CalendarDate sun.util.calendar.CalendarDate setEra(sun.util.calendar.Era)'>
        <annotation name='com.intellij.inspections.tainted.annotation.equation.Equations'>
            <val val="{ &quot;era := LocalGregorianCalendar.Date#setEra(sun.util.calendar.Era)#0 &amp; ImmutableGregorianDate#setEra(sun.util.calendar.Era)#0 &amp; JulianCalendar.Date#setEra(sun.util.calendar.Era)#0&quot;, &quot;setEra := LocalGregorianCalendar.Date#setEra(sun.util.calendar.Era) &amp; ImmutableGregorianDate#setEra(sun.util.calendar.Era) &amp; JulianCalendar.Date#setEra(sun.util.calendar.Era)&quot; }"/>
        </annotation>
    </item>
    <item name='sun.util.calendar.CalendarDate sun.util.calendar.CalendarDate setHours(int)'>
        <annotation name='com.intellij.inspections.tainted.annotation.equation.Equations'>
            <val val="{ &quot;i := ImmutableGregorianDate#setHours(int)#0&quot;, &quot;setHours := ImmutableGregorianDate#setHours(int)&quot; }"/>
        </annotation>
    </item>
    <item name='sun.util.calendar.CalendarDate sun.util.calendar.CalendarDate setMillis(int)'>
        <annotation name='com.intellij.inspections.tainted.annotation.equation.Equations'>
            <val val="{ &quot;setMillis := ImmutableGregorianDate#setMillis(int)&quot;, &quot;i := ImmutableGregorianDate#setMillis(int)#0&quot; }"/>
        </annotation>
    </item>
    <item name='sun.util.calendar.CalendarDate sun.util.calendar.CalendarDate setMinutes(int)'>
        <annotation name='com.intellij.inspections.tainted.annotation.equation.Equations'>
            <val val="{ &quot;setMinutes := ImmutableGregorianDate#setMinutes(int)&quot;, &quot;i := ImmutableGregorianDate#setMinutes(int)#0&quot; }"/>
        </annotation>
    </item>
    <item name='sun.util.calendar.CalendarDate sun.util.calendar.CalendarDate setMonth(int)'>
        <annotation name='com.intellij.inspections.tainted.annotation.equation.Equations'>
            <val val="{ &quot;setMonth := ImmutableGregorianDate#setMonth(int)&quot;, &quot;i := ImmutableGregorianDate#setMonth(int)#0&quot; }"/>
        </annotation>
    </item>
    <item name='sun.util.calendar.CalendarDate sun.util.calendar.CalendarDate setSeconds(int)'>
        <annotation name='com.intellij.inspections.tainted.annotation.equation.Equations'>
            <val val="{ &quot;setSeconds := ImmutableGregorianDate#setSeconds(int)&quot;, &quot;i := ImmutableGregorianDate#setSeconds(int)#0&quot; }"/>
        </annotation>
    </item>
    <item name='sun.util.calendar.CalendarDate sun.util.calendar.CalendarDate setTimeOfDay(int, int, int, int)'>
        <annotation name='com.intellij.inspections.tainted.annotation.equation.Equations'>
            <val val="{ &quot;setTimeOfDay := ImmutableGregorianDate#setTimeOfDay(int, int, int, int)&quot;, &quot;i3 := ImmutableGregorianDate#setTimeOfDay(int, int, int, int)#3&quot;, &quot;i := ImmutableGregorianDate#setTimeOfDay(int, int, int, int)#0&quot;, &quot;i2 := ImmutableGregorianDate#setTimeOfDay(int, int, int, int)#2&quot;, &quot;i1 := ImmutableGregorianDate#setTimeOfDay(int, int, int, int)#1&quot; }"/>
        </annotation>
    </item>
    <item name='sun.util.calendar.CalendarDate sun.util.calendar.CalendarDate setYear(int)'>
        <annotation name='com.intellij.inspections.tainted.annotation.equation.Equations'>
            <val val="{ &quot;setYear := ImmutableGregorianDate#setYear(int) &amp; LocalGregorianCalendar.Date#setYear(int)&quot;, &quot;i := ImmutableGregorianDate#setYear(int)#0 &amp; LocalGregorianCalendar.Date#setYear(int)#0&quot; }"/>
        </annotation>
    </item>
    <item name='sun.util.calendar.CalendarDate sun.util.calendar.CalendarDate setZone(java.util.TimeZone)'>
        <annotation name='com.intellij.inspections.tainted.annotation.equation.Equations'>
            <val val="{ &quot;timeZone := ImmutableGregorianDate#setZone(java.util.TimeZone)#0&quot;, &quot;setZone := ImmutableGregorianDate#setZone(java.util.TimeZone)&quot; }"/>
        </annotation>
    </item>
    <item name='sun.util.calendar.CalendarDate sun.util.calendar.Era getEra()'>
        <annotation name='com.intellij.inspections.tainted.annotation.equation.Equations'>
            <val val="{ &quot;getEra := ImmutableGregorianDate#getEra()&quot; }"/>
        </annotation>
    </item>
    <item name='sun.util.calendar.CalendarDate void setDayOfWeek(int)'>
        <annotation name='com.intellij.inspections.tainted.annotation.equation.Equations'>
            <val val="{ &quot;i := ImmutableGregorianDate#setDayOfWeek(int)#0&quot; }"/>
        </annotation>
    </item>
    <item name='sun.util.calendar.CalendarDate void setDaylightSaving(int)'>
        <annotation name='com.intellij.inspections.tainted.annotation.equation.Equations'>
            <val val="{ &quot;i := ImmutableGregorianDate#setDaylightSaving(int)#0&quot; }"/>
        </annotation>
    </item>
    <item name='sun.util.calendar.CalendarDate void setLocale(java.util.Locale)'>
        <annotation name='com.intellij.inspections.tainted.annotation.equation.Equations'>
            <val val="{ &quot;locale := ImmutableGregorianDate#setLocale(java.util.Locale)#0&quot; }"/>
        </annotation>
    </item>
    <item name='sun.util.calendar.CalendarDate void setTimeOfDay(long)'>
        <annotation name='com.intellij.inspections.tainted.annotation.equation.Equations'>
            <val val="{ &quot;l := ImmutableGregorianDate#setTimeOfDay(long)#0&quot; }"/>
        </annotation>
    </item>
    <item name='sun.util.calendar.CalendarDate void setZoneOffset(int)'>
        <annotation name='com.intellij.inspections.tainted.annotation.equation.Equations'>
            <val val="{ &quot;i := ImmutableGregorianDate#setZoneOffset(int)#0&quot; }"/>
        </annotation>
    </item>
    <item name='sun.util.calendar.CalendarSystem'>
        <annotation name='com.intellij.inspections.tainted.annotation.equation.Equations'>
            <val val="{ &quot;CalendarSystem := AbstractCalendar&quot; }"/>
        </annotation>
    </item>
    <item name='sun.util.calendar.CalendarSystem boolean normalize(sun.util.calendar.CalendarDate)'>
        <annotation name='com.intellij.inspections.tainted.annotation.equation.Equations'>
            <val val="{ &quot;calendarDate := BaseCalendar#normalize(sun.util.calendar.CalendarDate)#0&quot; }"/>
        </annotation>
    </item>
    <item name='sun.util.calendar.CalendarSystem boolean validate(sun.util.calendar.CalendarDate)'>
        <annotation name='com.intellij.inspections.tainted.annotation.equation.Equations'>
            <val val="{ &quot;calendarDate := BaseCalendar#validate(sun.util.calendar.CalendarDate)#0&quot; }"/>
        </annotation>
    </item>
    <item name='sun.util.calendar.CalendarSystem int getMonthLength(sun.util.calendar.CalendarDate)'>
        <annotation name='com.intellij.inspections.tainted.annotation.equation.Equations'>
            <val val="{ &quot;calendarDate := BaseCalendar#getMonthLength(sun.util.calendar.CalendarDate)#0&quot;, &quot;getMonthLength := BaseCalendar#getMonthLength(sun.util.calendar.CalendarDate)&quot; }"/>
        </annotation>
    </item>
    <item name='sun.util.calendar.CalendarSystem int getWeekLength()'>
        <annotation name='com.intellij.inspections.tainted.annotation.equation.Equations'>
            <val val="{ &quot;getWeekLength := AbstractCalendar#getWeekLength()&quot; }"/>
        </annotation>
    </item>
    <item name='sun.util.calendar.CalendarSystem int getYearLength(sun.util.calendar.CalendarDate)'>
        <annotation name='com.intellij.inspections.tainted.annotation.equation.Equations'>
            <val val="{ &quot;calendarDate := BaseCalendar#getYearLength(sun.util.calendar.CalendarDate)#0&quot;, &quot;getYearLength := BaseCalendar#getYearLength(sun.util.calendar.CalendarDate)&quot; }"/>
        </annotation>
    </item>
    <item name='sun.util.calendar.CalendarSystem int getYearLengthInMonths(sun.util.calendar.CalendarDate)'>
        <annotation name='com.intellij.inspections.tainted.annotation.equation.Equations'>
            <val val="{ &quot;getYearLengthInMonths := BaseCalendar#getYearLengthInMonths(sun.util.calendar.CalendarDate)&quot;, &quot;calendarDate := BaseCalendar#getYearLengthInMonths(sun.util.calendar.CalendarDate)#0&quot; }"/>
        </annotation>
    </item>
    <item name='sun.util.calendar.CalendarSystem java.lang.String getName()'>
        <annotation name='com.intellij.inspections.tainted.annotation.equation.Equations'>
            <val val="{ &quot;getName := LocalGregorianCalendar#getName() &amp; Gregorian#getName()&quot; }"/>
        </annotation>
    </item>
    <item name='sun.util.calendar.CalendarSystem long getTime(sun.util.calendar.CalendarDate)'>
        <annotation name='com.intellij.inspections.tainted.annotation.equation.Equations'>
            <val val="{ &quot;calendarDate := AbstractCalendar#getTime(sun.util.calendar.CalendarDate)#0&quot;, &quot;getTime := AbstractCalendar#getTime(sun.util.calendar.CalendarDate)&quot; }"/>
        </annotation>
    </item>
    <item name='sun.util.calendar.CalendarSystem sun.util.calendar.CalendarDate getCalendarDate()'>
        <annotation name='com.intellij.inspections.tainted.annotation.equation.Equations'>
            <val val="{ &quot;getCalendarDate := AbstractCalendar#getCalendarDate()&quot; }"/>
        </annotation>
    </item>
    <item name='sun.util.calendar.CalendarSystem sun.util.calendar.CalendarDate getCalendarDate(long)'>
        <annotation name='com.intellij.inspections.tainted.annotation.equation.Equations'>
            <val val="{ &quot;l := AbstractCalendar#getCalendarDate(long)#0&quot;, &quot;getCalendarDate := AbstractCalendar#getCalendarDate(long)&quot; }"/>
        </annotation>
    </item>
    <item name='sun.util.calendar.CalendarSystem sun.util.calendar.CalendarDate getCalendarDate(long, java.util.TimeZone)'>
        <annotation name='com.intellij.inspections.tainted.annotation.equation.Equations'>
            <val val="{ &quot;timeZone := AbstractCalendar#getCalendarDate(long, java.util.TimeZone)#1&quot;, &quot;getCalendarDate := AbstractCalendar#getCalendarDate(long, java.util.TimeZone)&quot;, &quot;l := AbstractCalendar#getCalendarDate(long, java.util.TimeZone)#0&quot; }"/>
        </annotation>
    </item>
    <item name='sun.util.calendar.CalendarSystem sun.util.calendar.CalendarDate getCalendarDate(long, sun.util.calendar.CalendarDate)'>
        <annotation name='com.intellij.inspections.tainted.annotation.equation.Equations'>
            <val val="{ &quot;getCalendarDate := AbstractCalendar#getCalendarDate(long, sun.util.calendar.CalendarDate)&quot;, &quot;calendarDate := AbstractCalendar#getCalendarDate(long, sun.util.calendar.CalendarDate)#1&quot;, &quot;l := AbstractCalendar#getCalendarDate(long, sun.util.calendar.CalendarDate)#0&quot; }"/>
        </annotation>
    </item>
    <item name='sun.util.calendar.CalendarSystem sun.util.calendar.CalendarDate getNthDayOfWeek(int, int, sun.util.calendar.CalendarDate)'>
        <annotation name='com.intellij.inspections.tainted.annotation.equation.Equations'>
            <val val="{ &quot;i1 := AbstractCalendar#getNthDayOfWeek(int, int, sun.util.calendar.CalendarDate)#1&quot;, &quot;calendarDate := AbstractCalendar#getNthDayOfWeek(int, int, sun.util.calendar.CalendarDate)#2&quot;, &quot;i := AbstractCalendar#getNthDayOfWeek(int, int, sun.util.calendar.CalendarDate)#0&quot;, &quot;getNthDayOfWeek := AbstractCalendar#getNthDayOfWeek(int, int, sun.util.calendar.CalendarDate)&quot; }"/>
        </annotation>
    </item>
    <item name='sun.util.calendar.CalendarSystem sun.util.calendar.CalendarDate newCalendarDate()'>
        <annotation name='com.intellij.inspections.tainted.annotation.equation.Equations'>
            <val val="{ &quot;newCalendarDate := LocalGregorianCalendar#newCalendarDate() &amp; Gregorian#newCalendarDate()&quot; }"/>
        </annotation>
    </item>
    <item name='sun.util.calendar.CalendarSystem sun.util.calendar.CalendarDate newCalendarDate(java.util.TimeZone)'>
        <annotation name='com.intellij.inspections.tainted.annotation.equation.Equations'>
            <val val="{ &quot;newCalendarDate := LocalGregorianCalendar#newCalendarDate(java.util.TimeZone) &amp; Gregorian#newCalendarDate(java.util.TimeZone) &amp; JulianCalendar#newCalendarDate(java.util.TimeZone)&quot;, &quot;timeZone := LocalGregorianCalendar#newCalendarDate(java.util.TimeZone)#0 &amp; Gregorian#newCalendarDate(java.util.TimeZone)#0 &amp; JulianCalendar#newCalendarDate(java.util.TimeZone)#0&quot; }"/>
        </annotation>
    </item>
    <item name='sun.util.calendar.CalendarSystem sun.util.calendar.CalendarDate setTimeOfDay(sun.util.calendar.CalendarDate, int)'>
        <annotation name='com.intellij.inspections.tainted.annotation.equation.Equations'>
            <val val="{ &quot;setTimeOfDay := AbstractCalendar#setTimeOfDay(sun.util.calendar.CalendarDate, int)&quot;, &quot;i := AbstractCalendar#setTimeOfDay(sun.util.calendar.CalendarDate, int)#1&quot;, &quot;calendarDate := AbstractCalendar#setTimeOfDay(sun.util.calendar.CalendarDate, int)#0&quot; }"/>
        </annotation>
    </item>
    <item name='sun.util.calendar.CalendarSystem sun.util.calendar.Era getEra(java.lang.String)'>
        <annotation name='com.intellij.inspections.tainted.annotation.equation.Equations'>
            <val val="{ &quot;getEra := AbstractCalendar#getEra(java.lang.String)&quot;, &quot;s := AbstractCalendar#getEra(java.lang.String)#0&quot; }"/>
        </annotation>
    </item>
    <item name='sun.util.calendar.CalendarSystem sun.util.calendar.Era[] getEras()'>
        <annotation name='com.intellij.inspections.tainted.annotation.equation.Equations'>
            <val val="{ &quot;getEras := AbstractCalendar#getEras()&quot; }"/>
        </annotation>
    </item>
    <item name='sun.util.calendar.CalendarSystem void setEra(sun.util.calendar.CalendarDate, java.lang.String)'>
        <annotation name='com.intellij.inspections.tainted.annotation.equation.Equations'>
            <val val="{ &quot;s := AbstractCalendar#setEra(sun.util.calendar.CalendarDate, java.lang.String)#1&quot;, &quot;calendarDate := AbstractCalendar#setEra(sun.util.calendar.CalendarDate, java.lang.String)#0&quot; }"/>
        </annotation>
    </item>
</root>