<root>
    <item name='com.sun.corba.se.spi.legacy.connection.Connection java.net.Socket getSocket()'>
        <annotation name='com.intellij.inspections.tainted.annotation.equation.Equations'>
            <val val="{ &quot;getSocket := com.sun.corba.se.impl.transport.SocketOrChannelConnectionImpl#getSocket()&quot; }"/>
        </annotation>
    </item>
    <item name='com.sun.corba.se.spi.legacy.connection.GetEndPointInfoAgainException GetEndPointInfoAgainException(com.sun.corba.se.spi.transport.SocketInfo)'>
        <annotation name='com.intellij.inspections.tainted.annotation.equation.Equations'>
            <val val="{ &quot;GetEndPointInfoAgainException := GetEndPointInfoAgainException&quot; }"/>
        </annotation>
    </item>
    <item name='com.sun.corba.se.spi.legacy.connection.GetEndPointInfoAgainException com.sun.corba.se.spi.transport.SocketInfo getEndPointInfo()'>
        <annotation name='com.intellij.inspections.tainted.annotation.equation.Equations'>
            <val val="{ &quot;getEndPointInfo := GetEndPointInfoAgainException&quot; }"/>
        </annotation>
    </item>
    <item name='com.sun.corba.se.spi.legacy.connection.LegacyServerSocketEndPointInfo int getLocatorPort()'>
        <annotation name='com.intellij.inspections.tainted.annotation.equation.Equations'>
            <val val="{ &quot;getLocatorPort := com.sun.corba.se.impl.transport.SocketOrChannelAcceptorImpl#getLocatorPort() &amp; com.sun.corba.se.impl.legacy.connection.EndPointInfoImpl#getLocatorPort()&quot; }"/>
        </annotation>
    </item>
    <item name='com.sun.corba.se.spi.legacy.connection.LegacyServerSocketEndPointInfo int getPort()'>
        <annotation name='com.intellij.inspections.tainted.annotation.equation.Equations'>
            <val val="{ &quot;getPort := com.sun.corba.se.impl.legacy.connection.EndPointInfoImpl#getPort() &amp; com.sun.corba.se.impl.transport.SocketOrChannelAcceptorImpl#getPort()&quot; }"/>
        </annotation>
    </item>
    <item name='com.sun.corba.se.spi.legacy.connection.LegacyServerSocketEndPointInfo java.lang.String getHostName()'>
        <annotation name='com.intellij.inspections.tainted.annotation.equation.Equations'>
            <val val="{ &quot;getHostName := com.sun.corba.se.impl.transport.SocketOrChannelAcceptorImpl#getHostName() &amp; com.sun.corba.se.impl.legacy.connection.EndPointInfoImpl#getHostName()&quot; }"/>
        </annotation>
    </item>
    <item name='com.sun.corba.se.spi.legacy.connection.LegacyServerSocketEndPointInfo java.lang.String getName()'>
        <annotation name='com.intellij.inspections.tainted.annotation.equation.Equations'>
            <val val="{ &quot;getName := com.sun.corba.se.impl.transport.SocketOrChannelAcceptorImpl#getName() &amp; com.sun.corba.se.impl.legacy.connection.EndPointInfoImpl#getName()&quot; }"/>
        </annotation>
    </item>
    <item name='com.sun.corba.se.spi.legacy.connection.LegacyServerSocketEndPointInfo java.lang.String getType()'>
        <annotation name='com.intellij.inspections.tainted.annotation.equation.Equations'>
            <val val="{ &quot;getType := com.sun.corba.se.impl.legacy.connection.EndPointInfoImpl#getType() &amp; com.sun.corba.se.impl.transport.SocketOrChannelAcceptorImpl#getType()&quot; }"/>
        </annotation>
    </item>
    <item name='com.sun.corba.se.spi.legacy.connection.LegacyServerSocketEndPointInfo void setLocatorPort(int)'>
        <annotation name='com.intellij.inspections.tainted.annotation.equation.Equations'>
            <val val="{ &quot;port := com.sun.corba.se.impl.legacy.connection.EndPointInfoImpl#setLocatorPort(int)#0 &amp; com.sun.corba.se.impl.transport.SocketOrChannelAcceptorImpl#setLocatorPort(int)#0&quot; }"/>
        </annotation>
    </item>
    <item name='com.sun.corba.se.spi.legacy.connection.LegacyServerSocketManager boolean legacyIsLocalServerPort(int)'>
        <annotation name='com.intellij.inspections.tainted.annotation.equation.Equations'>
            <val val="{ &quot;port := com.sun.corba.se.impl.legacy.connection.LegacyServerSocketManagerImpl#legacyIsLocalServerPort(int)#0&quot; }"/>
        </annotation>
    </item>
    <item name='com.sun.corba.se.spi.legacy.connection.LegacyServerSocketManager int legacyGetPersistentServerPort(java.lang.String)'>
        <annotation name='com.intellij.inspections.tainted.annotation.equation.Equations'>
            <val val="{ &quot;legacyGetPersistentServerPort := com.sun.corba.se.impl.legacy.connection.LegacyServerSocketManagerImpl#legacyGetPersistentServerPort(java.lang.String)&quot;, &quot;socketType := com.sun.corba.se.spi.transport.SocketInfo#IIOP_CLEAR_TEXT &amp; com.sun.corba.se.impl.legacy.connection.LegacyServerSocketManagerImpl#legacyGetPersistentServerPort(java.lang.String)#0&quot; }"/>
        </annotation>
    </item>
    <item name='com.sun.corba.se.spi.legacy.connection.LegacyServerSocketManager int legacyGetTransientOrPersistentServerPort(java.lang.String)'>
        <annotation name='com.intellij.inspections.tainted.annotation.equation.Equations'>
            <val val="{ &quot;socketType := com.sun.corba.se.impl.legacy.connection.LegacyServerSocketManagerImpl#legacyGetTransientOrPersistentServerPort(java.lang.String)#0 &amp; com.sun.corba.se.impl.interceptors.IORInfoImpl#getServerPort(java.lang.String)#0&quot;, &quot;legacyGetTransientOrPersistentServerPort := com.sun.corba.se.impl.legacy.connection.LegacyServerSocketManagerImpl#legacyGetTransientOrPersistentServerPort(java.lang.String)&quot; }"/>
        </annotation>
    </item>
    <item name='com.sun.corba.se.spi.legacy.connection.LegacyServerSocketManager int legacyGetTransientServerPort(java.lang.String)'>
        <annotation name='com.intellij.inspections.tainted.annotation.equation.Equations'>
            <val val="{ &quot;type := com.sun.corba.se.impl.legacy.connection.LegacyServerSocketManagerImpl#legacyGetTransientServerPort(java.lang.String)#0 &amp; com.sun.corba.se.impl.activation.ServerManagerImpl#getEndpoint(java.lang.String)#0&quot;, &quot;legacyGetTransientServerPort := com.sun.corba.se.impl.legacy.connection.LegacyServerSocketManagerImpl#legacyGetTransientServerPort(java.lang.String)&quot; }"/>
        </annotation>
    </item>
    <item name='com.sun.corba.se.spi.legacy.connection.ORBSocketFactory com.sun.corba.se.spi.transport.SocketInfo getEndPointInfo(org.omg.CORBA.ORB, com.sun.corba.se.spi.ior.IOR, com.sun.corba.se.spi.transport.SocketInfo)'>
        <annotation name='com.intellij.inspections.tainted.annotation.equation.Equations'>
            <val val="{ &quot;orb := com.sun.corba.se.impl.orb.ParserTable.TestLegacyORBSocketFactory#getEndPointInfo(org.omg.CORBA.ORB, com.sun.corba.se.spi.ior.IOR, com.sun.corba.se.spi.transport.SocketInfo)#0 &amp; com.sun.corba.se.impl.legacy.connection.DefaultSocketFactory#getEndPointInfo(org.omg.CORBA.ORB, com.sun.corba.se.spi.ior.IOR, com.sun.corba.se.spi.transport.SocketInfo)#0 &amp; com.sun.corba.se.impl.legacy.connection.SocketFactoryContactInfoImpl#SocketFactoryContactInfoImpl(com.sun.corba.se.spi.orb.ORB, com.sun.corba.se.spi.transport.CorbaContactInfoList, com.sun.corba.se.spi.ior.IOR, short, com.sun.corba.se.spi.transport.SocketInfo)#0&quot;, &quot;getEndPointInfo := com.sun.corba.se.impl.orb.ParserTable.TestLegacyORBSocketFactory#getEndPointInfo(org.omg.CORBA.ORB, com.sun.corba.se.spi.ior.IOR, com.sun.corba.se.spi.transport.SocketInfo) &amp; com.sun.corba.se.impl.legacy.connection.DefaultSocketFactory#getEndPointInfo(org.omg.CORBA.ORB, com.sun.corba.se.spi.ior.IOR, com.sun.corba.se.spi.transport.SocketInfo)&quot;, &quot;ior := com.sun.corba.se.impl.orb.ParserTable.TestLegacyORBSocketFactory#getEndPointInfo(org.omg.CORBA.ORB, com.sun.corba.se.spi.ior.IOR, com.sun.corba.se.spi.transport.SocketInfo)#1 &amp; com.sun.corba.se.impl.legacy.connection.DefaultSocketFactory#getEndPointInfo(org.omg.CORBA.ORB, com.sun.corba.se.spi.ior.IOR, com.sun.corba.se.spi.transport.SocketInfo)#1 &amp; com.sun.corba.se.impl.legacy.connection.SocketFactoryContactInfoImpl#SocketFactoryContactInfoImpl(com.sun.corba.se.spi.orb.ORB, com.sun.corba.se.spi.transport.CorbaContactInfoList, com.sun.corba.se.spi.ior.IOR, short, com.sun.corba.se.spi.transport.SocketInfo)#2&quot;, &quot;socketInfo := com.sun.corba.se.impl.orb.ParserTable.TestLegacyORBSocketFactory#getEndPointInfo(org.omg.CORBA.ORB, com.sun.corba.se.spi.ior.IOR, com.sun.corba.se.spi.transport.SocketInfo)#2 &amp; com.sun.corba.se.impl.legacy.connection.DefaultSocketFactory#getEndPointInfo(org.omg.CORBA.ORB, com.sun.corba.se.spi.ior.IOR, com.sun.corba.se.spi.transport.SocketInfo)#2 &amp; com.sun.corba.se.impl.legacy.connection.SocketFactoryContactInfoImpl#SocketFactoryContactInfoImpl(com.sun.corba.se.spi.orb.ORB, com.sun.corba.se.spi.transport.CorbaContactInfoList, com.sun.corba.se.spi.ior.IOR, short, com.sun.corba.se.spi.transport.SocketInfo)#4&quot; }"/>
        </annotation>
    </item>
    <item name='com.sun.corba.se.spi.legacy.connection.ORBSocketFactory java.net.ServerSocket createServerSocket(java.lang.String, int)'>
        <annotation name='com.intellij.inspections.tainted.annotation.equation.Equations'>
            <val val="{ &quot;createServerSocket := com.sun.corba.se.impl.orb.ParserTable.TestLegacyORBSocketFactory#createServerSocket(java.lang.String, int) &amp; com.sun.corba.se.impl.legacy.connection.DefaultSocketFactory#createServerSocket(java.lang.String, int)&quot;, &quot;type := com.sun.corba.se.impl.orb.ParserTable.TestLegacyORBSocketFactory#createServerSocket(java.lang.String, int)#0 &amp; com.sun.corba.se.impl.legacy.connection.DefaultSocketFactory#createServerSocket(java.lang.String, int)#0 &amp; com.sun.corba.se.impl.legacy.connection.SocketFactoryAcceptorImpl&quot;, &quot;port := com.sun.corba.se.impl.orb.ParserTable.TestLegacyORBSocketFactory#createServerSocket(java.lang.String, int)#1 &amp; com.sun.corba.se.impl.legacy.connection.DefaultSocketFactory#createServerSocket(java.lang.String, int)#1 &amp; com.sun.corba.se.impl.legacy.connection.SocketFactoryAcceptorImpl&quot; }"/>
        </annotation>
    </item>
    <item name='com.sun.corba.se.spi.legacy.connection.ORBSocketFactory java.net.Socket createSocket(com.sun.corba.se.spi.transport.SocketInfo)'>
        <annotation name='com.intellij.inspections.tainted.annotation.equation.Equations'>
            <val val="{ &quot;createSocket := com.sun.corba.se.impl.orb.ParserTable.TestLegacyORBSocketFactory#createSocket(com.sun.corba.se.spi.transport.SocketInfo) &amp; com.sun.corba.se.impl.legacy.connection.DefaultSocketFactory#createSocket(com.sun.corba.se.spi.transport.SocketInfo)&quot;, &quot;socketInfo := com.sun.corba.se.impl.orb.ParserTable.TestLegacyORBSocketFactory#createSocket(com.sun.corba.se.spi.transport.SocketInfo)#0 &amp; com.sun.corba.se.impl.legacy.connection.DefaultSocketFactory#createSocket(com.sun.corba.se.spi.transport.SocketInfo)#0&quot; }"/>
        </annotation>
    </item>
</root>