<root>
    <item name='javassist.bytecode.stackmap.BasicBlock'>
        <annotation name='com.intellij.inspections.tainted.annotation.equation.Equations'>
            <val val="{ &quot;BasicBlock := #BasicBlock(int)#0&quot; }"/>
        </annotation>
    </item>
    <item name='javassist.bytecode.stackmap.BasicBlock BasicBlock(int)'>
        <annotation name='com.intellij.inspections.tainted.annotation.equation.Equations'>
            <val val="{ &quot;BasicBlock := BasicBlock&quot;, &quot;pos := TypedBlock#TypedBlock(int)#0 &amp; BasicBlock.Maker#makeBlock(int)#0&quot; }"/>
        </annotation>
    </item>
    <item name='javassist.bytecode.stackmap.BasicBlock java.lang.String toString()'>
        <annotation name='com.intellij.inspections.tainted.annotation.equation.Equations'>
            <val val="{ &quot;toString := &quot; }"/>
        </annotation>
    </item>
    <item name='javassist.bytecode.stackmap.BasicBlock javassist.bytecode.stackmap.BasicBlock find(javassist.bytecode.stackmap.BasicBlock[], int)'>
        <annotation name='com.intellij.inspections.tainted.annotation.equation.Equations'>
            <val val="{ &quot;blocks := BasicBlock.Maker#addCatchers(javassist.bytecode.stackmap.BasicBlock[], javassist.bytecode.ExceptionTable)#0&quot;, &quot;find := blocks&quot;, &quot;pos := &quot; }"/>
        </annotation>
    </item>
    <item name='javassist.bytecode.stackmap.BasicBlock void toString2(java.lang.StringBuffer)'>
        <annotation name='com.intellij.inspections.tainted.annotation.equation.Equations'>
            <val val="{ &quot;sbuf := TypedBlock#toString2(java.lang.StringBuffer)#0&quot; }"/>
        </annotation>
    </item>
    <item name='javassist.bytecode.stackmap.BasicBlock.Catch'>
        <annotation name='com.intellij.inspections.tainted.annotation.equation.Equations'>
            <val val="{ &quot;Catch := #Catch(javassist.bytecode.stackmap.BasicBlock, int, javassist.bytecode.stackmap.BasicBlock.Catch)#0 &amp; #Catch(javassist.bytecode.stackmap.BasicBlock, int, javassist.bytecode.stackmap.BasicBlock.Catch)#1 &amp; #Catch(javassist.bytecode.stackmap.BasicBlock, int, javassist.bytecode.stackmap.BasicBlock.Catch)#2&quot; }"/>
        </annotation>
    </item>
    <item name='javassist.bytecode.stackmap.BasicBlock.Catch Catch(javassist.bytecode.stackmap.BasicBlock, int, javassist.bytecode.stackmap.BasicBlock.Catch)'>
        <annotation name='com.intellij.inspections.tainted.annotation.equation.Equations'>
            <val val="{ &quot;Catch := BasicBlock.Catch&quot; }"/>
        </annotation>
    </item>
    <item name='javassist.bytecode.stackmap.BasicBlock.JsrBytecode JsrBytecode()'>
        <annotation name='com.intellij.inspections.tainted.annotation.equation.Equations'>
            <val val="{ &quot;JsrBytecode := BasicBlock.JsrBytecode&quot; }"/>
        </annotation>
    </item>
    <item name='javassist.bytecode.stackmap.BasicBlock.Maker java.util.Map&lt;java.lang.Integer,javassist.bytecode.stackmap.BasicBlock.Mark&gt; makeMarks(javassist.bytecode.CodeIterator, int, int, javassist.bytecode.ExceptionTable)'>
        <annotation name='com.intellij.inspections.tainted.annotation.equation.Equations'>
            <val val="{ &quot;end := #make(javassist.bytecode.CodeIterator, int, int, javassist.bytecode.ExceptionTable)#2&quot;, &quot;begin := #make(javassist.bytecode.CodeIterator, int, int, javassist.bytecode.ExceptionTable)#1&quot;, &quot;makeMarks := &quot;, &quot;ci := #make(javassist.bytecode.CodeIterator, int, int, javassist.bytecode.ExceptionTable)#0&quot;, &quot;et := #make(javassist.bytecode.CodeIterator, int, int, javassist.bytecode.ExceptionTable)#3&quot; }"/>
        </annotation>
    </item>
    <item name='javassist.bytecode.stackmap.BasicBlock.Maker javassist.bytecode.stackmap.BasicBlock getBBlock(javassist.bytecode.stackmap.BasicBlock.Mark)'>
        <annotation name='com.intellij.inspections.tainted.annotation.equation.Equations'>
            <val val="{ &quot;m := &quot; }"/>
        </annotation>
    </item>
    <item name='javassist.bytecode.stackmap.BasicBlock.Maker javassist.bytecode.stackmap.BasicBlock makeBlock(int)'>
        <annotation name='com.intellij.inspections.tainted.annotation.equation.Equations'>
            <val val="{ &quot;pos := TypedBlock.Maker#makeBlock(int)#0&quot;, &quot;makeBlock := TypedBlock.Maker#makeBlock(int)&quot; }"/>
        </annotation>
    </item>
    <item name='javassist.bytecode.stackmap.BasicBlock.Maker javassist.bytecode.stackmap.BasicBlock.Mark makeMark(java.util.Map&lt;java.lang.Integer,javassist.bytecode.stackmap.BasicBlock.Mark&gt;, int)'>
        <annotation name='com.intellij.inspections.tainted.annotation.equation.Equations'>
            <val val="{ &quot;pos := #makeGoto(java.util.Map, int, int, int)#2&quot;, &quot;makeMark := &quot;, &quot;table := #makeGoto(java.util.Map, int, int, int)#0&quot; }"/>
        </annotation>
    </item>
    <item name='javassist.bytecode.stackmap.BasicBlock.Maker javassist.bytecode.stackmap.BasicBlock.Mark makeMark(java.util.Map&lt;java.lang.Integer,javassist.bytecode.stackmap.BasicBlock.Mark&gt;, int, javassist.bytecode.stackmap.BasicBlock[], int, boolean)'>
        <annotation name='com.intellij.inspections.tainted.annotation.equation.Equations'>
            <val val="{ &quot;jump := BasicBlock.Maker&quot;, &quot;size := #makeGoto(java.util.Map, int, int, int)#3&quot;, &quot;table := #makeGoto(java.util.Map, int, int, int)#0&quot;, &quot;makeMark := &quot;, &quot;pos := #makeGoto(java.util.Map, int, int, int)#1&quot; }"/>
        </annotation>
    </item>
    <item name='javassist.bytecode.stackmap.BasicBlock.Maker javassist.bytecode.stackmap.BasicBlock.Mark makeMark0(java.util.Map&lt;java.lang.Integer,javassist.bytecode.stackmap.BasicBlock.Mark&gt;, int, boolean, boolean)'>
        <annotation name='com.intellij.inspections.tainted.annotation.equation.Equations'>
            <val val="{ &quot;makeMark0 := &quot;, &quot;table := #makeMark(java.util.Map, int)#0 &amp; #makeMark(java.util.Map, int, javassist.bytecode.stackmap.BasicBlock[], int, boolean)#0&quot;, &quot;pos := #makeMark(java.util.Map, int)#1 &amp; #makeMark(java.util.Map, int, javassist.bytecode.stackmap.BasicBlock[], int, boolean)#1&quot; }"/>
        </annotation>
    </item>
    <item name='javassist.bytecode.stackmap.BasicBlock.Maker javassist.bytecode.stackmap.BasicBlock[] make(javassist.bytecode.CodeIterator, int, int, javassist.bytecode.ExceptionTable)'>
        <annotation name='com.intellij.inspections.tainted.annotation.equation.Equations'>
            <val val="{ &quot;end := &quot;, &quot;make := &quot;, &quot;ci := &quot;, &quot;et := &quot; }"/>
        </annotation>
    </item>
    <item name='javassist.bytecode.stackmap.BasicBlock.Maker javassist.bytecode.stackmap.BasicBlock[] make(javassist.bytecode.MethodInfo)'>
        <annotation name='com.intellij.inspections.tainted.annotation.equation.Equations'>
            <val val="{ &quot;minfo := TypedBlock#makeBlocks(javassist.bytecode.MethodInfo, javassist.bytecode.CodeAttribute, boolean)#0&quot;, &quot;make := &quot; }"/>
        </annotation>
    </item>
    <item name='javassist.bytecode.stackmap.BasicBlock.Maker javassist.bytecode.stackmap.BasicBlock[] makeArray(int)'>
        <annotation name='com.intellij.inspections.tainted.annotation.equation.Equations'>
            <val val="{ &quot;size := TypedBlock.Maker#makeArray(int)#0&quot;, &quot;makeArray := TypedBlock.Maker#makeArray(int)&quot; }"/>
        </annotation>
    </item>
    <item name='javassist.bytecode.stackmap.BasicBlock.Maker javassist.bytecode.stackmap.BasicBlock[] makeArray(javassist.bytecode.stackmap.BasicBlock)'>
        <annotation name='com.intellij.inspections.tainted.annotation.equation.Equations'>
            <val val="{ &quot;makeArray := b&quot; }"/>
        </annotation>
    </item>
    <item name='javassist.bytecode.stackmap.BasicBlock.Maker javassist.bytecode.stackmap.BasicBlock[] makeArray(javassist.bytecode.stackmap.BasicBlock, javassist.bytecode.stackmap.BasicBlock)'>
        <annotation name='com.intellij.inspections.tainted.annotation.equation.Equations'>
            <val val="{ &quot;makeArray := b1 &amp; b2&quot; }"/>
        </annotation>
    </item>
    <item name='javassist.bytecode.stackmap.BasicBlock.Maker javassist.bytecode.stackmap.BasicBlock[] makeBlocks(java.util.Map&lt;java.lang.Integer,javassist.bytecode.stackmap.BasicBlock.Mark&gt;)'>
        <annotation name='com.intellij.inspections.tainted.annotation.equation.Equations'>
            <val val="{ &quot;markTable := &quot;, &quot;makeBlocks := &quot; }"/>
        </annotation>
    </item>
    <item name='javassist.bytecode.stackmap.BasicBlock.Maker void addCatchers(javassist.bytecode.stackmap.BasicBlock[], javassist.bytecode.ExceptionTable)'>
        <annotation name='com.intellij.inspections.tainted.annotation.equation.Equations'>
            <val val="{ &quot;et := #make(javassist.bytecode.CodeIterator, int, int, javassist.bytecode.ExceptionTable)#3&quot;, &quot;blocks := &quot; }"/>
        </annotation>
    </item>
    <item name='javassist.bytecode.stackmap.BasicBlock.Maker void makeGoto(java.util.Map&lt;java.lang.Integer,javassist.bytecode.stackmap.BasicBlock.Mark&gt;, int, int, int)'>
        <annotation name='com.intellij.inspections.tainted.annotation.equation.Equations'>
            <val val="{ &quot;target := &quot;, &quot;pos := &quot;, &quot;marks := &quot; }"/>
        </annotation>
    </item>
    <item name='javassist.bytecode.stackmap.BasicBlock.Maker void makeJsr(java.util.Map&lt;java.lang.Integer,javassist.bytecode.stackmap.BasicBlock.Mark&gt;, int, int, int)'>
        <annotation name='com.intellij.inspections.tainted.annotation.equation.Equations'>
            <val val="{ &quot;marks := &quot;, &quot;target := &quot;, &quot;pos := &quot; }"/>
        </annotation>
    </item>
    <item name='javassist.bytecode.stackmap.BasicBlock.Mark'>
        <annotation name='com.intellij.inspections.tainted.annotation.equation.Equations'>
            <val val="{ &quot;Mark := #Mark(int)#0 &amp; #setJump(javassist.bytecode.stackmap.BasicBlock[], int, boolean)#0 &amp; #setJump(javassist.bytecode.stackmap.BasicBlock[], int, boolean)#1&quot; }"/>
        </annotation>
    </item>
    <item name='javassist.bytecode.stackmap.BasicBlock.Mark Mark(int)'>
        <annotation name='com.intellij.inspections.tainted.annotation.equation.Equations'>
            <val val="{ &quot;p := BasicBlock.Maker#makeMark0(java.util.Map, int, boolean, boolean)#1&quot;, &quot;Mark := BasicBlock.Mark&quot; }"/>
        </annotation>
    </item>
    <item name='javassist.bytecode.stackmap.BasicBlock.Mark int compareTo(javassist.bytecode.stackmap.BasicBlock.Mark)'>
        <annotation name='com.intellij.inspections.tainted.annotation.equation.Equations'>
            <val val="{ &quot;compareTo := BasicBlock.Mark&quot; }"/>
        </annotation>
    </item>
    <item name='javassist.bytecode.stackmap.BasicBlock.Mark void setJump(javassist.bytecode.stackmap.BasicBlock[], int, boolean)'>
        <annotation name='com.intellij.inspections.tainted.annotation.equation.Equations'>
            <val val="{ &quot;s := BasicBlock.Maker#makeMark(java.util.Map, int, javassist.bytecode.stackmap.BasicBlock[], int, boolean)#3&quot;, &quot;bb := BasicBlock.Maker#makeMark(java.util.Map, int, javassist.bytecode.stackmap.BasicBlock[], int, boolean)#2&quot; }"/>
        </annotation>
    </item>
    <item name='javassist.bytecode.stackmap.MapMaker MapMaker(javassist.ClassPool, javassist.bytecode.MethodInfo, javassist.bytecode.CodeAttribute)'>
        <annotation name='com.intellij.inspections.tainted.annotation.equation.Equations'>
            <val val="{ &quot;classes := #make(javassist.ClassPool, javassist.bytecode.MethodInfo)#0 &amp; #make2(javassist.ClassPool, javassist.bytecode.MethodInfo)#0&quot;, &quot;ca := &quot;, &quot;minfo := #make(javassist.ClassPool, javassist.bytecode.MethodInfo)#1 &amp; #make2(javassist.ClassPool, javassist.bytecode.MethodInfo)#1&quot;, &quot;MapMaker := MapMaker&quot; }"/>
        </annotation>
    </item>
    <item name='javassist.bytecode.stackmap.MapMaker MapMaker(javassist.bytecode.stackmap.MapMaker)'>
        <annotation name='com.intellij.inspections.tainted.annotation.equation.Equations'>
            <val val="{ &quot;old := MapMaker&quot;, &quot;MapMaker := MapMaker&quot; }"/>
        </annotation>
    </item>
    <item name='javassist.bytecode.stackmap.MapMaker boolean isTarget(javassist.bytecode.stackmap.TypedBlock, javassist.bytecode.stackmap.TypedBlock)'>
        <annotation name='com.intellij.inspections.tainted.annotation.equation.Equations'>
            <val val="{ &quot;prev := #toStackMap(javassist.bytecode.stackmap.TypedBlock[])#0 &amp; #toStackMap2(javassist.bytecode.ConstPool, javassist.bytecode.stackmap.TypedBlock[])#1&quot;, &quot;cur := #toStackMap(javassist.bytecode.stackmap.TypedBlock[])#0 &amp; #toStackMap2(javassist.bytecode.ConstPool, javassist.bytecode.stackmap.TypedBlock[])#1&quot; }"/>
        </annotation>
    </item>
    <item name='javassist.bytecode.stackmap.MapMaker boolean stackMapEq(javassist.bytecode.stackmap.TypeData[], javassist.bytecode.stackmap.TypeData[], int)'>
        <annotation name='com.intellij.inspections.tainted.annotation.equation.Equations'>
            <val val="{ &quot;newTd := #stackMapDiff(int, javassist.bytecode.stackmap.TypeData[], int, javassist.bytecode.stackmap.TypeData[])#3&quot;, &quot;oldTd := #stackMapDiff(int, javassist.bytecode.stackmap.TypeData[], int, javassist.bytecode.stackmap.TypeData[])#1&quot;, &quot;len := #stackMapDiff(int, javassist.bytecode.stackmap.TypeData[], int, javassist.bytecode.stackmap.TypeData[])#0 &amp; #stackMapDiff(int, javassist.bytecode.stackmap.TypeData[], int, javassist.bytecode.stackmap.TypeData[])#2&quot; }"/>
        </annotation>
    </item>
    <item name='javassist.bytecode.stackmap.MapMaker int diffSize(javassist.bytecode.stackmap.TypeData[], int, int)'>
        <annotation name='com.intellij.inspections.tainted.annotation.equation.Equations'>
            <val val="{ &quot;len := #stackMapDiff(int, javassist.bytecode.stackmap.TypeData[], int, javassist.bytecode.stackmap.TypeData[])#2 &amp; #fillStackMap(int, int, int[], javassist.bytecode.stackmap.TypeData[])#1 &amp; #fillStackMap(int, int, int[], javassist.bytecode.stackmap.TypeData[])#0&quot;, &quot;types := #stackMapDiff(int, javassist.bytecode.stackmap.TypeData[], int, javassist.bytecode.stackmap.TypeData[])#3 &amp; #fillStackMap(int, int, int[], javassist.bytecode.stackmap.TypeData[])#3&quot;, &quot;offset := #stackMapDiff(int, javassist.bytecode.stackmap.TypeData[], int, javassist.bytecode.stackmap.TypeData[])#0 &amp; #stackMapDiff(int, javassist.bytecode.stackmap.TypeData[], int, javassist.bytecode.stackmap.TypeData[])#2 &amp; #fillStackMap(int, int, int[], javassist.bytecode.stackmap.TypeData[])#1&quot; }"/>
        </annotation>
    </item>
    <item name='javassist.bytecode.stackmap.MapMaker int recordTypeData(int, javassist.bytecode.stackmap.TypeData[], javassist.bytecode.stackmap.TypeData[])'>
        <annotation name='com.intellij.inspections.tainted.annotation.equation.Equations'>
            <val val="{ &quot;n := MapMaker&quot;, &quot;srcTypes := MapMaker&quot;, &quot;destTypes := &quot; }"/>
        </annotation>
    </item>
    <item name='javassist.bytecode.stackmap.MapMaker int stackMapDiff(int, javassist.bytecode.stackmap.TypeData[], int, javassist.bytecode.stackmap.TypeData[])'>
        <annotation name='com.intellij.inspections.tainted.annotation.equation.Equations'>
            <val val="{ &quot;stackMapDiff := &quot; }"/>
        </annotation>
    </item>
    <item name='javassist.bytecode.stackmap.MapMaker int[] fillStackMap(int, int, int[], javassist.bytecode.stackmap.TypeData[])'>
        <annotation name='com.intellij.inspections.tainted.annotation.equation.Equations'>
            <val val="{ &quot;fillStackMap := &quot; }"/>
        </annotation>
    </item>
    <item name='javassist.bytecode.stackmap.MapMaker javassist.bytecode.StackMap make2(javassist.ClassPool, javassist.bytecode.MethodInfo)'>
        <annotation name='com.intellij.inspections.tainted.annotation.equation.Equations'>
            <val val="{ &quot;minfo := javassist.bytecode.MethodInfo&quot;, &quot;classes := javassist.bytecode.MethodInfo#rebuildStackMapForME(javassist.ClassPool)#0&quot;, &quot;make2 := &quot; }"/>
        </annotation>
    </item>
    <item name='javassist.bytecode.stackmap.MapMaker javassist.bytecode.StackMap toStackMap2(javassist.bytecode.ConstPool, javassist.bytecode.stackmap.TypedBlock[])'>
        <annotation name='com.intellij.inspections.tainted.annotation.equation.Equations'>
            <val val="{ &quot;toStackMap2 := &quot;, &quot;cp := &quot;, &quot;blocks := &quot; }"/>
        </annotation>
    </item>
    <item name='javassist.bytecode.stackmap.MapMaker javassist.bytecode.StackMapTable make(javassist.ClassPool, javassist.bytecode.MethodInfo)'>
        <annotation name='com.intellij.inspections.tainted.annotation.equation.Equations'>
            <val val="{ &quot;classes := javassist.bytecode.MethodInfo#rebuildStackMap(javassist.ClassPool)#0&quot;, &quot;make := &quot;, &quot;minfo := javassist.bytecode.MethodInfo&quot; }"/>
        </annotation>
    </item>
    <item name='javassist.bytecode.stackmap.MapMaker javassist.bytecode.StackMapTable toStackMap(javassist.bytecode.stackmap.TypedBlock[])'>
        <annotation name='com.intellij.inspections.tainted.annotation.equation.Equations'>
            <val val="{ &quot;blocks := &quot;, &quot;toStackMap := &quot; }"/>
        </annotation>
    </item>
    <item name='javassist.bytecode.stackmap.MapMaker javassist.bytecode.stackmap.TypeData merge(javassist.bytecode.stackmap.TypeData, javassist.bytecode.stackmap.TypeData)'>
        <annotation name='com.intellij.inspections.tainted.annotation.equation.Equations'>
            <val val="{ &quot;merge := target&quot; }"/>
        </annotation>
    </item>
    <item name='javassist.bytecode.stackmap.MapMaker javassist.bytecode.stackmap.TypeData validateTypeData(javassist.bytecode.stackmap.TypeData[], int, int)'>
        <annotation name='com.intellij.inspections.tainted.annotation.equation.Equations'>
            <val val="{ &quot;validateTypeData := TypeTag#TOP &amp; data&quot;, &quot;length := #recordTypeData(int, javassist.bytecode.stackmap.TypeData[], javassist.bytecode.stackmap.TypeData[])#0&quot;, &quot;data := #recordTypeData(int, javassist.bytecode.stackmap.TypeData[], javassist.bytecode.stackmap.TypeData[])#1&quot; }"/>
        </annotation>
    </item>
    <item name='javassist.bytecode.stackmap.MapMaker javassist.bytecode.stackmap.TypeData.ClassName toExceptionType(int)'>
        <annotation name='com.intellij.inspections.tainted.annotation.equation.Equations'>
            <val val="{ &quot;toExceptionType := &quot; }"/>
        </annotation>
    </item>
    <item name='javassist.bytecode.stackmap.MapMaker void copyTypeData(int, javassist.bytecode.stackmap.TypeData[], javassist.bytecode.stackmap.TypeData[])'>
        <annotation name='com.intellij.inspections.tainted.annotation.equation.Equations'>
            <val val="{ &quot;destTypes := MapMaker&quot; }"/>
        </annotation>
    </item>
    <item name='javassist.bytecode.stackmap.MapMaker void findDeadCatchers(byte[], javassist.bytecode.stackmap.TypedBlock[])'>
        <annotation name='com.intellij.inspections.tainted.annotation.equation.Equations'>
            <val val="{ &quot;blocks := #make(javassist.bytecode.stackmap.TypedBlock[], byte[])#0&quot;, &quot;code := #make(javassist.bytecode.stackmap.TypedBlock[], byte[])#1&quot; }"/>
        </annotation>
    </item>
    <item name='javassist.bytecode.stackmap.MapMaker void fixDeadcode(byte[], javassist.bytecode.stackmap.TypedBlock)'>
        <annotation name='com.intellij.inspections.tainted.annotation.equation.Equations'>
            <val val="{ &quot;block := #findDeadCatchers(byte[], javassist.bytecode.stackmap.TypedBlock[])#1&quot;, &quot;code := #findDeadCatchers(byte[], javassist.bytecode.stackmap.TypedBlock[])#0&quot; }"/>
        </annotation>
    </item>
    <item name='javassist.bytecode.stackmap.MapMaker void fixTypes(byte[], javassist.bytecode.stackmap.TypedBlock[])'>
        <annotation name='com.intellij.inspections.tainted.annotation.equation.Equations'>
            <val val="{ &quot;code := #make(javassist.bytecode.stackmap.TypedBlock[], byte[])#1&quot;, &quot;blocks := #make(javassist.bytecode.stackmap.TypedBlock[], byte[])#0&quot; }"/>
        </annotation>
    </item>
    <item name='javassist.bytecode.stackmap.MapMaker void make(byte[], javassist.bytecode.stackmap.TypedBlock)'>
        <annotation name='com.intellij.inspections.tainted.annotation.equation.Equations'>
            <val val="{ &quot;code := #make(javassist.bytecode.stackmap.TypedBlock[], byte[])#1 &amp; #traceException(byte[], javassist.bytecode.stackmap.TypedBlock.Catch)#0&quot;, &quot;tb := #make(javassist.bytecode.stackmap.TypedBlock[], byte[])#0&quot; }"/>
        </annotation>
    </item>
    <item name='javassist.bytecode.stackmap.MapMaker void make(javassist.bytecode.stackmap.TypedBlock[], byte[])'>
        <annotation name='com.intellij.inspections.tainted.annotation.equation.Equations'>
            <val val="{ &quot;blocks := &quot;, &quot;code := &quot; }"/>
        </annotation>
    </item>
    <item name='javassist.bytecode.stackmap.MapMaker void recordStackMap(javassist.bytecode.stackmap.TypedBlock, int)'>
        <annotation name='com.intellij.inspections.tainted.annotation.equation.Equations'>
            <val val="{ &quot;target := #fixDeadcode(byte[], javassist.bytecode.stackmap.TypedBlock)#1&quot; }"/>
        </annotation>
    </item>
    <item name='javassist.bytecode.stackmap.MapMaker void recordStackMap0(javassist.bytecode.stackmap.TypedBlock, int, javassist.bytecode.stackmap.TypeData[])'>
        <annotation name='com.intellij.inspections.tainted.annotation.equation.Equations'>
            <val val="{ &quot;st := MapMaker&quot;, &quot;tStackTypes := &quot;, &quot;target := #recordStackMap(javassist.bytecode.stackmap.TypedBlock)#0 &amp; #recordStackMap(javassist.bytecode.stackmap.TypedBlock, int)#0&quot; }"/>
        </annotation>
    </item>
    <item name='javassist.bytecode.stackmap.MapMaker void toStackMapBody(javassist.bytecode.StackMapTable.Writer, javassist.bytecode.stackmap.TypedBlock, int, int, javassist.bytecode.stackmap.TypedBlock)'>
        <annotation name='com.intellij.inspections.tainted.annotation.equation.Equations'>
            <val val="{ &quot;diffL := &quot;, &quot;writer := &quot;, &quot;bb := #toStackMap(javassist.bytecode.stackmap.TypedBlock[])#0&quot;, &quot;prev := #toStackMap(javassist.bytecode.stackmap.TypedBlock[])#0&quot; }"/>
        </annotation>
    </item>
    <item name='javassist.bytecode.stackmap.MapMaker void traceException(byte[], javassist.bytecode.stackmap.TypedBlock.Catch)'>
        <annotation name='com.intellij.inspections.tainted.annotation.equation.Equations'>
            <val val="{ &quot;code := #make(byte[], javassist.bytecode.stackmap.TypedBlock)#0&quot; }"/>
        </annotation>
    </item>
    <item name='javassist.bytecode.stackmap.MapMaker void writeStackFrame(javassist.bytecode.StackMap.Writer, javassist.bytecode.ConstPool, int, javassist.bytecode.stackmap.TypedBlock)'>
        <annotation name='com.intellij.inspections.tainted.annotation.equation.Equations'>
            <val val="{ &quot;writer := &quot;, &quot;cp := #toStackMap2(javassist.bytecode.ConstPool, javassist.bytecode.stackmap.TypedBlock[])#0&quot;, &quot;tb := #toStackMap2(javassist.bytecode.ConstPool, javassist.bytecode.stackmap.TypedBlock[])#1&quot; }"/>
        </annotation>
    </item>
    <item name='javassist.bytecode.stackmap.MapMaker void writeVerifyTypeInfo(javassist.bytecode.StackMap.Writer, javassist.bytecode.ConstPool, javassist.bytecode.stackmap.TypeData[], int)'>
        <annotation name='com.intellij.inspections.tainted.annotation.equation.Equations'>
            <val val="{ &quot;writer := #writeStackFrame(javassist.bytecode.StackMap.Writer, javassist.bytecode.ConstPool, int, javassist.bytecode.stackmap.TypedBlock)#0&quot;, &quot;cp := #writeStackFrame(javassist.bytecode.StackMap.Writer, javassist.bytecode.ConstPool, int, javassist.bytecode.stackmap.TypedBlock)#1&quot; }"/>
        </annotation>
    </item>
    <item name='javassist.bytecode.stackmap.Tracer'>
        <annotation name='com.intellij.inspections.tainted.annotation.equation.Equations'>
            <val val="{ &quot;Tracer := #Tracer(javassist.ClassPool, javassist.bytecode.ConstPool, int, int, java.lang.String)#0 &amp; #Tracer(javassist.ClassPool, javassist.bytecode.ConstPool, int, int, java.lang.String)#1 &amp; #Tracer(javassist.ClassPool, javassist.bytecode.ConstPool, int, int, java.lang.String)#4 &amp; #doXLOAD(int, javassist.bytecode.stackmap.TypeData)#1 &amp; TypeTag#TOP &amp; Tracer &amp; TypeTag#INTEGER &amp; TypeTag#LONG &amp; TypeTag#FLOAT &amp; TypeTag#DOUBLE &amp; #doXSTORE(int, javassist.bytecode.stackmap.TypeData)#1 &amp; javassist.bytecode.Opcode#STACK_GROW &amp; #doMultiANewArray(int, byte[])#1&quot; }"/>
        </annotation>
    </item>
    <item name='javassist.bytecode.stackmap.Tracer Tracer(javassist.ClassPool, javassist.bytecode.ConstPool, int, int, java.lang.String)'>
        <annotation name='com.intellij.inspections.tainted.annotation.equation.Equations'>
            <val val="{ &quot;retType := &quot;, &quot;maxStack := &quot;, &quot;maxLocals := &quot;, &quot;classes := MapMaker#MapMaker(javassist.ClassPool, javassist.bytecode.MethodInfo, javassist.bytecode.CodeAttribute)#0&quot;, &quot;Tracer := Tracer&quot;, &quot;cp := &quot; }"/>
        </annotation>
    </item>
    <item name='javassist.bytecode.stackmap.Tracer Tracer(javassist.bytecode.stackmap.Tracer)'>
        <annotation name='com.intellij.inspections.tainted.annotation.equation.Equations'>
            <val val="{ &quot;t := MapMaker#MapMaker(javassist.bytecode.stackmap.MapMaker)#0&quot;, &quot;Tracer := Tracer&quot; }"/>
        </annotation>
    </item>
    <item name='javassist.bytecode.stackmap.Tracer int doALOAD(int)'>
        <annotation name='com.intellij.inspections.tainted.annotation.equation.Equations'>
            <val val="{ &quot;localVar := #doOpcode0_53(int, byte[], int)#1&quot; }"/>
        </annotation>
    </item>
    <item name='javassist.bytecode.stackmap.Tracer int doASTORE(int)'>
        <annotation name='com.intellij.inspections.tainted.annotation.equation.Equations'>
            <val val="{ &quot;index := #doOpcode54_95(int, byte[], int)#1 &amp; #doOpcode54_95(int, byte[], int)#2 &amp; javassist.bytecode.Opcode#ASTORE_0&quot; }"/>
        </annotation>
    </item>
    <item name='javassist.bytecode.stackmap.Tracer int doGetField(int, byte[], boolean)'>
        <annotation name='com.intellij.inspections.tainted.annotation.equation.Equations'>
            <val val="{ &quot;pos := #doOpcode148_201(int, byte[], int)#0&quot;, &quot;code := #doOpcode148_201(int, byte[], int)#1&quot; }"/>
        </annotation>
    </item>
    <item name='javassist.bytecode.stackmap.Tracer int doInvokeDynamic(int, byte[])'>
        <annotation name='com.intellij.inspections.tainted.annotation.equation.Equations'>
            <val val="{ &quot;pos := #doOpcode148_201(int, byte[], int)#0&quot;, &quot;code := #doOpcode148_201(int, byte[], int)#1&quot; }"/>
        </annotation>
    </item>
    <item name='javassist.bytecode.stackmap.Tracer int doInvokeIntfMethod(int, byte[])'>
        <annotation name='com.intellij.inspections.tainted.annotation.equation.Equations'>
            <val val="{ &quot;pos := #doOpcode148_201(int, byte[], int)#0&quot;, &quot;code := #doOpcode148_201(int, byte[], int)#1&quot; }"/>
        </annotation>
    </item>
    <item name='javassist.bytecode.stackmap.Tracer int doInvokeMethod(int, byte[], boolean)'>
        <annotation name='com.intellij.inspections.tainted.annotation.equation.Equations'>
            <val val="{ &quot;code := #doOpcode148_201(int, byte[], int)#1&quot;, &quot;pos := #doOpcode148_201(int, byte[], int)#0&quot; }"/>
        </annotation>
    </item>
    <item name='javassist.bytecode.stackmap.Tracer int doMultiANewArray(int, byte[])'>
        <annotation name='com.intellij.inspections.tainted.annotation.equation.Equations'>
            <val val="{ &quot;code := #doOpcode148_201(int, byte[], int)#1&quot;, &quot;pos := #doOpcode148_201(int, byte[], int)#0&quot; }"/>
        </annotation>
    </item>
    <item name='javassist.bytecode.stackmap.Tracer int doNEWARRAY(int, byte[])'>
        <annotation name='com.intellij.inspections.tainted.annotation.equation.Equations'>
            <val val="{ &quot;pos := #doOpcode148_201(int, byte[], int)#0&quot;, &quot;code := #doOpcode148_201(int, byte[], int)#1&quot; }"/>
        </annotation>
    </item>
    <item name='javassist.bytecode.stackmap.Tracer int doOpcode(int, byte[])'>
        <annotation name='com.intellij.inspections.tainted.annotation.equation.Equations'>
            <val val="{ &quot;code := MapMaker#make(byte[], javassist.bytecode.stackmap.TypedBlock)#0&quot;, &quot;pos := &quot;, &quot;doOpcode := &quot; }"/>
        </annotation>
    </item>
    <item name='javassist.bytecode.stackmap.Tracer int doOpcode0_53(int, byte[], int)'>
        <annotation name='com.intellij.inspections.tainted.annotation.equation.Equations'>
            <val val="{ &quot;pos := #doOpcode(int, byte[])#0&quot;, &quot;doOpcode0_53 := &quot;, &quot;op := #doOpcode(int, byte[])#1&quot;, &quot;code := #doOpcode(int, byte[])#1&quot; }"/>
        </annotation>
    </item>
    <item name='javassist.bytecode.stackmap.Tracer int doOpcode148_201(int, byte[], int)'>
        <annotation name='com.intellij.inspections.tainted.annotation.equation.Equations'>
            <val val="{ &quot;doOpcode148_201 := pos&quot;, &quot;code := #doOpcode(int, byte[])#1&quot;, &quot;op := #doOpcode(int, byte[])#1&quot;, &quot;pos := #doOpcode(int, byte[])#0&quot; }"/>
        </annotation>
    </item>
    <item name='javassist.bytecode.stackmap.Tracer int doOpcode54_95(int, byte[], int)'>
        <annotation name='com.intellij.inspections.tainted.annotation.equation.Equations'>
            <val val="{ &quot;doOpcode54_95 := &quot;, &quot;op := #doOpcode(int, byte[])#1&quot;, &quot;pos := #doOpcode(int, byte[])#0&quot;, &quot;code := #doOpcode(int, byte[])#1&quot; }"/>
        </annotation>
    </item>
    <item name='javassist.bytecode.stackmap.Tracer int doOpcode96_147(int, byte[], int)'>
        <annotation name='com.intellij.inspections.tainted.annotation.equation.Equations'>
            <val val="{ &quot;code := #doOpcode(int, byte[])#1&quot;, &quot;pos := #doOpcode(int, byte[])#0&quot;, &quot;op := #doOpcode(int, byte[])#1&quot; }"/>
        </annotation>
    </item>
    <item name='javassist.bytecode.stackmap.Tracer int doPutField(int, byte[], boolean)'>
        <annotation name='com.intellij.inspections.tainted.annotation.equation.Equations'>
            <val val="{ &quot;code := #doOpcode148_201(int, byte[], int)#1&quot;, &quot;pos := #doOpcode148_201(int, byte[], int)#0&quot; }"/>
        </annotation>
    </item>
    <item name='javassist.bytecode.stackmap.Tracer int doWIDE(int, byte[])'>
        <annotation name='com.intellij.inspections.tainted.annotation.equation.Equations'>
            <val val="{ &quot;code := #doOpcode148_201(int, byte[], int)#1&quot;, &quot;pos := #doOpcode148_201(int, byte[], int)#0&quot; }"/>
        </annotation>
    </item>
    <item name='javassist.bytecode.stackmap.Tracer int doXLOAD(int, javassist.bytecode.stackmap.TypeData)'>
        <annotation name='com.intellij.inspections.tainted.annotation.equation.Equations'>
            <val val="{ &quot;localVar := #doXLOAD(javassist.bytecode.stackmap.TypeData, byte[], int)#1&quot;, &quot;type := #doXLOAD(javassist.bytecode.stackmap.TypeData, byte[], int)#0 &amp; #doWIDE_XLOAD(int, byte[], javassist.bytecode.stackmap.TypeData)#2&quot; }"/>
        </annotation>
    </item>
    <item name='javassist.bytecode.stackmap.Tracer int doXLOAD(javassist.bytecode.stackmap.TypeData, byte[], int)'>
        <annotation name='com.intellij.inspections.tainted.annotation.equation.Equations'>
            <val val="{ &quot;type := TypeTag#INTEGER &amp; TypeTag#LONG &amp; TypeTag#FLOAT &amp; TypeTag#DOUBLE&quot;, &quot;doXLOAD := &quot;, &quot;code := #doOpcode0_53(int, byte[], int)#1&quot;, &quot;pos := #doOpcode0_53(int, byte[], int)#0&quot; }"/>
        </annotation>
    </item>
    <item name='javassist.bytecode.stackmap.Tracer int doXSTORE(int, byte[], javassist.bytecode.stackmap.TypeData)'>
        <annotation name='com.intellij.inspections.tainted.annotation.equation.Equations'>
            <val val="{ &quot;doXSTORE := &quot;, &quot;type := TypeTag#INTEGER &amp; TypeTag#LONG &amp; TypeTag#FLOAT &amp; TypeTag#DOUBLE&quot;, &quot;code := #doOpcode54_95(int, byte[], int)#1&quot;, &quot;pos := #doOpcode54_95(int, byte[], int)#0&quot; }"/>
        </annotation>
    </item>
    <item name='javassist.bytecode.stackmap.Tracer int doXSTORE(int, javassist.bytecode.stackmap.TypeData)'>
        <annotation name='com.intellij.inspections.tainted.annotation.equation.Equations'>
            <val val="{ &quot;type := #doXSTORE(int, byte[], javassist.bytecode.stackmap.TypeData)#2 &amp; #doWIDE_STORE(int, byte[], javassist.bytecode.stackmap.TypeData)#2&quot;, &quot;index := #doXSTORE(int, byte[], javassist.bytecode.stackmap.TypeData)#1&quot; }"/>
        </annotation>
    </item>
    <item name='javassist.bytecode.stackmap.Tracer java.lang.String getFieldClassName(java.lang.String, int)'>
        <annotation name='com.intellij.inspections.tainted.annotation.equation.Equations'>
            <val val="{ &quot;desc := #pushMemberType(java.lang.String)#0&quot;, &quot;getFieldClassName := &quot;, &quot;index := &quot; }"/>
        </annotation>
    </item>
    <item name='javassist.bytecode.stackmap.Tracer void checkParamTypes(java.lang.String, int)'>
        <annotation name='com.intellij.inspections.tainted.annotation.equation.Equations'>
            <val val="{ &quot;desc := &quot; }"/>
        </annotation>
    </item>
    <item name='javassist.bytecode.stackmap.Tracer void constructorCalled(javassist.bytecode.stackmap.TypeData, int)'>
        <annotation name='com.intellij.inspections.tainted.annotation.equation.Equations'>
            <val val="{ &quot;target := Tracer&quot;, &quot;offset := &quot; }"/>
        </annotation>
    </item>
    <item name='javassist.bytecode.stackmap.Tracer void doDUP_XX(int, int)'>
        <annotation name='com.intellij.inspections.tainted.annotation.equation.Equations'>
            <val val="{ &quot;len := #doOpcode54_95(int, byte[], int)#2 &amp; javassist.bytecode.Opcode#DUP_X1 &amp; javassist.bytecode.Opcode#DUP2_X1&quot; }"/>
        </annotation>
    </item>
    <item name='javassist.bytecode.stackmap.Tracer void doLDC(int)'>
        <annotation name='com.intellij.inspections.tainted.annotation.equation.Equations'>
            <val val="{ &quot;index := #doOpcode0_53(int, byte[], int)#1&quot; }"/>
        </annotation>
    </item>
    <item name='javassist.bytecode.stackmap.Tracer void doWIDE_STORE(int, byte[], javassist.bytecode.stackmap.TypeData)'>
        <annotation name='com.intellij.inspections.tainted.annotation.equation.Equations'>
            <val val="{ &quot;code := #doWIDE(int, byte[])#1&quot;, &quot;pos := #doWIDE(int, byte[])#0&quot;, &quot;type := TypeTag#INTEGER &amp; TypeTag#LONG &amp; TypeTag#FLOAT &amp; TypeTag#DOUBLE&quot; }"/>
        </annotation>
    </item>
    <item name='javassist.bytecode.stackmap.Tracer void doWIDE_XLOAD(int, byte[], javassist.bytecode.stackmap.TypeData)'>
        <annotation name='com.intellij.inspections.tainted.annotation.equation.Equations'>
            <val val="{ &quot;code := #doWIDE(int, byte[])#1&quot;, &quot;type := TypeTag#INTEGER &amp; TypeTag#LONG &amp; TypeTag#FLOAT &amp; TypeTag#DOUBLE&quot;, &quot;pos := #doWIDE(int, byte[])#0&quot; }"/>
        </annotation>
    </item>
    <item name='javassist.bytecode.stackmap.Tracer void pushMemberType(java.lang.String)'>
        <annotation name='com.intellij.inspections.tainted.annotation.equation.Equations'>
            <val val="{ &quot;descriptor := &quot; }"/>
        </annotation>
    </item>
    <item name='javassist.bytecode.stackmap.Tracer void setFieldTarget(boolean, int)'>
        <annotation name='com.intellij.inspections.tainted.annotation.equation.Equations'>
            <val val="{ &quot;index := &quot; }"/>
        </annotation>
    </item>
    <item name='javassist.bytecode.stackmap.Tracer void visitBranch(int, byte[], int)'>
        <annotation name='com.intellij.inspections.tainted.annotation.equation.Equations'>
            <val val="{ &quot;offset := &quot;, &quot;code := #doOpcode148_201(int, byte[], int)#1&quot;, &quot;pos := #doOpcode148_201(int, byte[], int)#0&quot; }"/>
        </annotation>
    </item>
    <item name='javassist.bytecode.stackmap.Tracer void visitGoto(int, byte[], int)'>
        <annotation name='com.intellij.inspections.tainted.annotation.equation.Equations'>
            <val val="{ &quot;pos := #doOpcode148_201(int, byte[], int)#0&quot;, &quot;code := #doOpcode148_201(int, byte[], int)#1&quot;, &quot;offset := &quot; }"/>
        </annotation>
    </item>
    <item name='javassist.bytecode.stackmap.Tracer void visitJSR(int, byte[])'>
        <annotation name='com.intellij.inspections.tainted.annotation.equation.Equations'>
            <val val="{ &quot;code := #doOpcode148_201(int, byte[], int)#1&quot;, &quot;pos := #doOpcode148_201(int, byte[], int)#0&quot; }"/>
        </annotation>
    </item>
    <item name='javassist.bytecode.stackmap.Tracer void visitLookupSwitch(int, byte[], int, int, int)'>
        <annotation name='com.intellij.inspections.tainted.annotation.equation.Equations'>
            <val val="{ &quot;pairsPos := #doOpcode148_201(int, byte[], int)#0&quot;, &quot;n := &quot;, &quot;code := #doOpcode148_201(int, byte[], int)#1&quot;, &quot;defaultOffset := &quot;, &quot;pos := #doOpcode148_201(int, byte[], int)#0&quot; }"/>
        </annotation>
    </item>
    <item name='javassist.bytecode.stackmap.Tracer void visitRET(int, byte[])'>
        <annotation name='com.intellij.inspections.tainted.annotation.equation.Equations'>
            <val val="{ &quot;code := #doOpcode148_201(int, byte[], int)#1 &amp; #doWIDE(int, byte[])#1&quot;, &quot;pos := #doOpcode148_201(int, byte[], int)#0 &amp; #doWIDE(int, byte[])#0&quot; }"/>
        </annotation>
    </item>
    <item name='javassist.bytecode.stackmap.Tracer void visitReturn(int, byte[])'>
        <annotation name='com.intellij.inspections.tainted.annotation.equation.Equations'>
            <val val="{ &quot;code := #doOpcode148_201(int, byte[], int)#1&quot;, &quot;pos := #doOpcode148_201(int, byte[], int)#0&quot; }"/>
        </annotation>
    </item>
    <item name='javassist.bytecode.stackmap.Tracer void visitTableSwitch(int, byte[], int, int, int)'>
        <annotation name='com.intellij.inspections.tainted.annotation.equation.Equations'>
            <val val="{ &quot;n := &quot;, &quot;defaultOffset := &quot;, &quot;offsetPos := #doOpcode148_201(int, byte[], int)#0&quot;, &quot;pos := #doOpcode148_201(int, byte[], int)#0&quot;, &quot;code := #doOpcode148_201(int, byte[], int)#1&quot; }"/>
        </annotation>
    </item>
    <item name='javassist.bytecode.stackmap.Tracer void visitThrow(int, byte[])'>
        <annotation name='com.intellij.inspections.tainted.annotation.equation.Equations'>
            <val val="{ &quot;pos := #doOpcode148_201(int, byte[], int)#0&quot;, &quot;code := #doOpcode148_201(int, byte[], int)#1&quot; }"/>
        </annotation>
    </item>
    <item name='javassist.bytecode.stackmap.TypeData TypeData()'>
        <annotation name='com.intellij.inspections.tainted.annotation.equation.Equations'>
            <val val="{ &quot;TypeData := TypeData&quot; }"/>
        </annotation>
    </item>
    <item name='javassist.bytecode.stackmap.TypeData boolean eq(javassist.CtClass, javassist.CtClass)'>
        <annotation name='com.intellij.inspections.tainted.annotation.equation.Equations'>
            <val val="{ &quot;two := #commonSuperClass(javassist.CtClass, javassist.CtClass)#1 &amp; #commonSuperClass(javassist.CtClass, javassist.CtClass)#0&quot;, &quot;one := #commonSuperClass(javassist.CtClass, javassist.CtClass)#0 &amp; #commonSuperClass(javassist.CtClass, javassist.CtClass)#1&quot; }"/>
        </annotation>
    </item>
    <item name='javassist.bytecode.stackmap.TypeData boolean eq(javassist.bytecode.stackmap.TypeData)'>
        <annotation name='com.intellij.inspections.tainted.annotation.equation.Equations'>
            <val val="{ &quot;d := TypeData.UninitTypeVar#eq(javassist.bytecode.stackmap.TypeData)#0&quot; }"/>
        </annotation>
    </item>
    <item name='javassist.bytecode.stackmap.TypeData int dfs(java.util.List&lt;javassist.bytecode.stackmap.TypeData&gt;, int, javassist.ClassPool)'>
        <annotation name='com.intellij.inspections.tainted.annotation.equation.Equations'>
            <val val="{ &quot;order := TypeData.TypeVar#dfs(java.util.List, int, javassist.ClassPool)#0 &amp; TypeData.ArrayType#dfs(java.util.List, int, javassist.ClassPool)#0 &amp; TypeData.ArrayElement#dfs(java.util.List, int, javassist.ClassPool)#0&quot;, &quot;dfs := TypeData.TypeVar#dfs(java.util.List, int, javassist.ClassPool) &amp; TypeData.ArrayType#dfs(java.util.List, int, javassist.ClassPool) &amp; TypeData.ArrayElement#dfs(java.util.List, int, javassist.ClassPool)&quot;, &quot;index := TypeData.TypeVar#dfs(java.util.List, int, javassist.ClassPool)#1 &amp; TypeData.ArrayType#dfs(java.util.List, int, javassist.ClassPool)#1 &amp; TypeData.ArrayElement#dfs(java.util.List, int, javassist.ClassPool)#1&quot;, &quot;cp := TypeData.TypeVar#dfs(java.util.List, int, javassist.ClassPool)#2 &amp; TypeData.ArrayType#dfs(java.util.List, int, javassist.ClassPool)#2 &amp; TypeData.ArrayElement#dfs(java.util.List, int, javassist.ClassPool)#2&quot; }"/>
        </annotation>
    </item>
    <item name='javassist.bytecode.stackmap.TypeData int getTypeData(javassist.bytecode.ConstPool)'>
        <annotation name='com.intellij.inspections.tainted.annotation.equation.Equations'>
            <val val="{ &quot;cp := MapMaker &amp; MapMaker#writeVerifyTypeInfo(javassist.bytecode.StackMap.Writer, javassist.bytecode.ConstPool, javassist.bytecode.stackmap.TypeData[], int)#1 &amp; TypeData.TypeVar#getTypeData(javassist.bytecode.ConstPool)#0 &amp; TypeData.UninitTypeVar#getTypeData(javassist.bytecode.ConstPool)#0&quot; }"/>
        </annotation>
    </item>
    <item name='javassist.bytecode.stackmap.TypeData int getTypeTag()'>
        <annotation name='com.intellij.inspections.tainted.annotation.equation.Equations'>
            <val val="{ &quot;getTypeTag := TypeData.ClassName#getTypeTag() &amp; TypeData.BasicType#getTypeTag() &amp; TypeData.AbsTypeVar#getTypeTag()&quot; }"/>
        </annotation>
    </item>
    <item name='javassist.bytecode.stackmap.TypeData java.lang.String getName()'>
        <annotation name='com.intellij.inspections.tainted.annotation.equation.Equations'>
            <val val="{ &quot;getName := TypeData.ClassName#getName() &amp; TypeData.BasicType#getName() &amp; TypeData.TypeVar#getName() &amp; TypeData.ArrayType#getName() &amp; TypeData.ArrayElement#getName() &amp; TypeData.UninitTypeVar#getName()&quot; }"/>
        </annotation>
    </item>
    <item name='javassist.bytecode.stackmap.TypeData java.lang.String toString()'>
        <annotation name='com.intellij.inspections.tainted.annotation.equation.Equations'>
            <val val="{ &quot;toString := &quot; }"/>
        </annotation>
    </item>
    <item name='javassist.bytecode.stackmap.TypeData java.lang.String toString2(java.util.Set&lt;javassist.bytecode.stackmap.TypeData&gt;)'>
        <annotation name='com.intellij.inspections.tainted.annotation.equation.Equations'>
            <val val="{ &quot;set := TypeData.TypeVar#toString2(java.util.Set)#0 &amp; TypeData.ArrayType#toString2(java.util.Set)#0 &amp; TypeData.ArrayElement#toString2(java.util.Set)#0&quot; }"/>
        </annotation>
    </item>
    <item name='javassist.bytecode.stackmap.TypeData javassist.CtClass commonSuperClass(javassist.CtClass, javassist.CtClass)'>
        <annotation name='com.intellij.inspections.tainted.annotation.equation.Equations'>
            <val val="{ &quot;commonSuperClass := one &amp; two&quot;, &quot;one := #commonSuperClassEx(javassist.CtClass, javassist.CtClass)#0&quot;, &quot;two := #commonSuperClassEx(javassist.CtClass, javassist.CtClass)#1&quot; }"/>
        </annotation>
    </item>
    <item name='javassist.bytecode.stackmap.TypeData javassist.CtClass commonSuperClassEx(javassist.CtClass, javassist.CtClass)'>
        <annotation name='com.intellij.inspections.tainted.annotation.equation.Equations'>
            <val val="{ &quot;one := &quot;, &quot;two := &quot;, &quot;commonSuperClassEx := one &amp; two&quot; }"/>
        </annotation>
    </item>
    <item name='javassist.bytecode.stackmap.TypeData javassist.bytecode.stackmap.TypeData getArrayType(int)'>
        <annotation name='com.intellij.inspections.tainted.annotation.equation.Equations'>
            <val val="{ &quot;getArrayType := TypeData.ClassName#getArrayType(int) &amp; TypeData.BasicType#getArrayType(int) &amp; TypeData.TypeVar#getArrayType(int) &amp; TypeData.ArrayType#getArrayType(int) &amp; TypeData.ArrayElement#getArrayType(int) &amp; TypeData.UninitTypeVar#getArrayType(int)&quot;, &quot;dim := TypeData.ClassName#getArrayType(int)#0 &amp; TypeData.BasicType#getArrayType(int)#0 &amp; TypeData.TypeVar#getArrayType(int)#0 &amp; TypeData.ArrayType#getArrayType(int)#0 &amp; TypeData.ArrayElement#getArrayType(int)#0 &amp; TypeData.UninitTypeVar#getArrayType(int)#0&quot; }"/>
        </annotation>
    </item>
    <item name='javassist.bytecode.stackmap.TypeData javassist.bytecode.stackmap.TypeData join()'>
        <annotation name='com.intellij.inspections.tainted.annotation.equation.Equations'>
            <val val="{ &quot;join := TypeData.UninitData#join() &amp; TypeData.BasicType#join() &amp; TypeData.UninitTypeVar#join()&quot; }"/>
        </annotation>
    </item>
    <item name='javassist.bytecode.stackmap.TypeData javassist.bytecode.stackmap.TypeData.BasicType isBasicType()'>
        <annotation name='com.intellij.inspections.tainted.annotation.equation.Equations'>
            <val val="{ &quot;isBasicType := TypeData.ClassName#isBasicType() &amp; TypeData.BasicType#isBasicType() &amp; TypeData.TypeVar#isBasicType() &amp; TypeData.ArrayType#isBasicType() &amp; TypeData.ArrayElement#isBasicType() &amp; TypeData.UninitTypeVar#isBasicType()&quot; }"/>
        </annotation>
    </item>
    <item name='javassist.bytecode.stackmap.TypeData javassist.bytecode.stackmap.TypeData.TypeVar toTypeVar(int)'>
        <annotation name='com.intellij.inspections.tainted.annotation.equation.Equations'>
            <val val="{ &quot;dim := TypeData.TypeVar &amp; TypeData.ArrayType#toTypeVar(int)#0 &amp; TypeData.ArrayElement#toTypeVar(int)#0&quot; }"/>
        </annotation>
    </item>
    <item name='javassist.bytecode.stackmap.TypeData javassist.bytecode.stackmap.TypeData[] make(int)'>
        <annotation name='com.intellij.inspections.tainted.annotation.equation.Equations'>
            <val val="{ &quot;size := TypedBlock#initFirstBlock(int, int, java.lang.String, java.lang.String, boolean, boolean)#0 &amp; TypedBlock#initFirstBlock(int, int, java.lang.String, java.lang.String, boolean, boolean)#1 &amp; MapMaker &amp; Tracer#Tracer(javassist.ClassPool, javassist.bytecode.ConstPool, int, int, java.lang.String)#2 &amp; Tracer#Tracer(javassist.ClassPool, javassist.bytecode.ConstPool, int, int, java.lang.String)#3&quot;, &quot;make := TypeTag#TOP&quot; }"/>
        </annotation>
    </item>
    <item name='javassist.bytecode.stackmap.TypeData void aastore(javassist.bytecode.stackmap.TypeData, javassist.bytecode.stackmap.TypeData, javassist.ClassPool)'>
        <annotation name='com.intellij.inspections.tainted.annotation.equation.Equations'>
            <val val="{ &quot;cp := Tracer&quot;, &quot;value := Tracer&quot;, &quot;array := Tracer&quot; }"/>
        </annotation>
    </item>
    <item name='javassist.bytecode.stackmap.TypeData void constructorCalled(int)'>
        <annotation name='com.intellij.inspections.tainted.annotation.equation.Equations'>
            <val val="{ &quot;offset := TypeData.UninitData#constructorCalled(int)#0 &amp; TypeData.UninitTypeVar#constructorCalled(int)#0&quot; }"/>
        </annotation>
    </item>
    <item name='javassist.bytecode.stackmap.TypeData void setType(java.lang.String, javassist.ClassPool)'>
        <annotation name='com.intellij.inspections.tainted.annotation.equation.Equations'>
            <val val="{ &quot;cp := #setType(javassist.bytecode.stackmap.TypeData, java.lang.String, javassist.ClassPool)#2 &amp; Tracer &amp; #aastore(javassist.bytecode.stackmap.TypeData, javassist.bytecode.stackmap.TypeData, javassist.ClassPool)#2 &amp; TypeData.ArrayType#setType(java.lang.String, javassist.ClassPool)#1 &amp; TypeData.ArrayElement#setType(java.lang.String, javassist.ClassPool)#1 &amp; TypeData.UninitTypeVar#setType(java.lang.String, javassist.ClassPool)#1&quot;, &quot;s := #setType(javassist.bytecode.stackmap.TypeData, java.lang.String, javassist.ClassPool)#1 &amp; Tracer &amp; TypeData.UninitTypeVar#setType(java.lang.String, javassist.ClassPool)#0&quot; }"/>
        </annotation>
    </item>
    <item name='javassist.bytecode.stackmap.TypeData.AbsTypeVar AbsTypeVar()'>
        <annotation name='com.intellij.inspections.tainted.annotation.equation.Equations'>
            <val val="{ &quot;AbsTypeVar := TypeData.AbsTypeVar&quot; }"/>
        </annotation>
    </item>
    <item name='javassist.bytecode.stackmap.TypeData.AbsTypeVar boolean eq(javassist.bytecode.stackmap.TypeData)'>
        <annotation name='com.intellij.inspections.tainted.annotation.equation.Equations'>
            <val val="{ &quot;d := TypeData.UninitTypeVar#eq(javassist.bytecode.stackmap.TypeData)#0&quot; }"/>
        </annotation>
    </item>
    <item name='javassist.bytecode.stackmap.TypeData.AbsTypeVar int getTypeData(javassist.bytecode.ConstPool)'>
        <annotation name='com.intellij.inspections.tainted.annotation.equation.Equations'>
            <val val="{ &quot;cp := TypeData.TypeVar#getTypeData(javassist.bytecode.ConstPool)#0 &amp; TypeData.UninitTypeVar#getTypeData(javassist.bytecode.ConstPool)#0&quot;, &quot;getTypeData := TypeData.TypeVar#getTypeData(javassist.bytecode.ConstPool) &amp; TypeData.UninitTypeVar#getTypeData(javassist.bytecode.ConstPool)&quot; }"/>
        </annotation>
    </item>
    <item name='javassist.bytecode.stackmap.TypeData.AbsTypeVar int getTypeTag()'>
        <annotation name='com.intellij.inspections.tainted.annotation.equation.Equations'>
            <val val="{ &quot;getTypeTag := javassist.bytecode.StackMapTable#OBJECT&quot; }"/>
        </annotation>
    </item>
    <item name='javassist.bytecode.stackmap.TypeData.AbsTypeVar void merge(javassist.bytecode.stackmap.TypeData)'>
        <annotation name='com.intellij.inspections.tainted.annotation.equation.Equations'>
            <val val="{ &quot;t := MapMaker#merge(javassist.bytecode.stackmap.TypeData, javassist.bytecode.stackmap.TypeData)#0&quot; }"/>
        </annotation>
    </item>
    <item name='javassist.bytecode.stackmap.TypeData.ArrayElement'>
        <annotation name='com.intellij.inspections.tainted.annotation.equation.Equations'>
            <val val="{ &quot;ArrayElement := #ArrayElement(javassist.bytecode.stackmap.TypeData.AbsTypeVar)#0&quot; }"/>
        </annotation>
    </item>
    <item name='javassist.bytecode.stackmap.TypeData.ArrayElement ArrayElement(javassist.bytecode.stackmap.TypeData.AbsTypeVar)'>
        <annotation name='com.intellij.inspections.tainted.annotation.equation.Equations'>
            <val val="{ &quot;a := #make(javassist.bytecode.stackmap.TypeData)#0&quot;, &quot;ArrayElement := TypeData.ArrayElement&quot; }"/>
        </annotation>
    </item>
    <item name='javassist.bytecode.stackmap.TypeData.ArrayElement int dfs(java.util.List&lt;javassist.bytecode.stackmap.TypeData&gt;, int, javassist.ClassPool)'>
        <annotation name='com.intellij.inspections.tainted.annotation.equation.Equations'>
            <val val="{ &quot;dfs := &quot; }"/>
        </annotation>
    </item>
    <item name='javassist.bytecode.stackmap.TypeData.ArrayElement java.lang.String getName()'>
        <annotation name='com.intellij.inspections.tainted.annotation.equation.Equations'>
            <val val="{ &quot;getName := &quot; }"/>
        </annotation>
    </item>
    <item name='javassist.bytecode.stackmap.TypeData.ArrayElement java.lang.String toString2(java.util.Set&lt;javassist.bytecode.stackmap.TypeData&gt;)'>
        <annotation name='com.intellij.inspections.tainted.annotation.equation.Equations'>
            <val val="{ &quot;toString2 := &quot; }"/>
        </annotation>
    </item>
    <item name='javassist.bytecode.stackmap.TypeData.ArrayElement java.lang.String typeName(java.lang.String)'>
        <annotation name='com.intellij.inspections.tainted.annotation.equation.Equations'>
            <val val="{ &quot;typeName := &quot;, &quot;arrayType := TypeData.ArrayType#setType(java.lang.String, javassist.ClassPool)#0&quot; }"/>
        </annotation>
    </item>
    <item name='javassist.bytecode.stackmap.TypeData.ArrayElement javassist.bytecode.stackmap.TypeData getArrayType(int)'>
        <annotation name='com.intellij.inspections.tainted.annotation.equation.Equations'>
            <val val="{ &quot;getArrayType := &quot; }"/>
        </annotation>
    </item>
    <item name='javassist.bytecode.stackmap.TypeData.ArrayElement javassist.bytecode.stackmap.TypeData make(javassist.bytecode.stackmap.TypeData)'>
        <annotation name='com.intellij.inspections.tainted.annotation.equation.Equations'>
            <val val="{ &quot;make := &quot;, &quot;array := Tracer &amp; TypeTag#INTEGER &amp; TypeTag#LONG &amp; TypeTag#TOP &amp; TypeTag#FLOAT &amp; TypeTag#DOUBLE &amp; TypeData#aastore(javassist.bytecode.stackmap.TypeData, javassist.bytecode.stackmap.TypeData, javassist.ClassPool)#0 &amp; TypeData.ArrayType#merge(javassist.bytecode.stackmap.TypeData)#0&quot; }"/>
        </annotation>
    </item>
    <item name='javassist.bytecode.stackmap.TypeData.ArrayElement javassist.bytecode.stackmap.TypeData.AbsTypeVar arrayType()'>
        <annotation name='com.intellij.inspections.tainted.annotation.equation.Equations'>
            <val val="{ &quot;arrayType := TypeData.ArrayElement&quot; }"/>
        </annotation>
    </item>
    <item name='javassist.bytecode.stackmap.TypeData.ArrayElement javassist.bytecode.stackmap.TypeData.TypeVar toTypeVar(int)'>
        <annotation name='com.intellij.inspections.tainted.annotation.equation.Equations'>
            <val val="{ &quot;toTypeVar := &quot; }"/>
        </annotation>
    </item>
    <item name='javassist.bytecode.stackmap.TypeData.ArrayType'>
        <annotation name='com.intellij.inspections.tainted.annotation.equation.Equations'>
            <val val="{ &quot;ArrayType := #ArrayType(javassist.bytecode.stackmap.TypeData.AbsTypeVar)#0&quot; }"/>
        </annotation>
    </item>
    <item name='javassist.bytecode.stackmap.TypeData.ArrayType ArrayType(javassist.bytecode.stackmap.TypeData.AbsTypeVar)'>
        <annotation name='com.intellij.inspections.tainted.annotation.equation.Equations'>
            <val val="{ &quot;ArrayType := TypeData.ArrayType&quot;, &quot;elementType := #make(javassist.bytecode.stackmap.TypeData)#0&quot; }"/>
        </annotation>
    </item>
    <item name='javassist.bytecode.stackmap.TypeData.ArrayType int dfs(java.util.List&lt;javassist.bytecode.stackmap.TypeData&gt;, int, javassist.ClassPool)'>
        <annotation name='com.intellij.inspections.tainted.annotation.equation.Equations'>
            <val val="{ &quot;dfs := &quot; }"/>
        </annotation>
    </item>
    <item name='javassist.bytecode.stackmap.TypeData.ArrayType java.lang.String getName()'>
        <annotation name='com.intellij.inspections.tainted.annotation.equation.Equations'>
            <val val="{ &quot;getName := &quot; }"/>
        </annotation>
    </item>
    <item name='javassist.bytecode.stackmap.TypeData.ArrayType java.lang.String toString2(java.util.Set&lt;javassist.bytecode.stackmap.TypeData&gt;)'>
        <annotation name='com.intellij.inspections.tainted.annotation.equation.Equations'>
            <val val="{ &quot;toString2 := &quot; }"/>
        </annotation>
    </item>
    <item name='javassist.bytecode.stackmap.TypeData.ArrayType java.lang.String typeName(java.lang.String)'>
        <annotation name='com.intellij.inspections.tainted.annotation.equation.Equations'>
            <val val="{ &quot;typeName := elementType&quot;, &quot;elementType := TypeData.ArrayElement#setType(java.lang.String, javassist.ClassPool)#0&quot; }"/>
        </annotation>
    </item>
    <item name='javassist.bytecode.stackmap.TypeData.ArrayType javassist.bytecode.stackmap.TypeData getArrayType(int)'>
        <annotation name='com.intellij.inspections.tainted.annotation.equation.Equations'>
            <val val="{ &quot;getArrayType := &quot; }"/>
        </annotation>
    </item>
    <item name='javassist.bytecode.stackmap.TypeData.ArrayType javassist.bytecode.stackmap.TypeData make(javassist.bytecode.stackmap.TypeData)'>
        <annotation name='com.intellij.inspections.tainted.annotation.equation.Equations'>
            <val val="{ &quot;make := &quot;, &quot;element := TypeData#aastore(javassist.bytecode.stackmap.TypeData, javassist.bytecode.stackmap.TypeData, javassist.ClassPool)#1 &amp; TypeData.ArrayElement#merge(javassist.bytecode.stackmap.TypeData)#0&quot; }"/>
        </annotation>
    </item>
    <item name='javassist.bytecode.stackmap.TypeData.ArrayType javassist.bytecode.stackmap.TypeData.AbsTypeVar elementType()'>
        <annotation name='com.intellij.inspections.tainted.annotation.equation.Equations'>
            <val val="{ &quot;elementType := TypeData.ArrayType&quot; }"/>
        </annotation>
    </item>
    <item name='javassist.bytecode.stackmap.TypeData.ArrayType javassist.bytecode.stackmap.TypeData.TypeVar toTypeVar(int)'>
        <annotation name='com.intellij.inspections.tainted.annotation.equation.Equations'>
            <val val="{ &quot;toTypeVar := &quot; }"/>
        </annotation>
    </item>
    <item name='javassist.bytecode.stackmap.TypeData.BasicType'>
        <annotation name='com.intellij.inspections.tainted.annotation.equation.Equations'>
            <val val="{ &quot;BasicType := #BasicType(java.lang.String, int, char)#0 &amp; #BasicType(java.lang.String, int, char)#1 &amp; #BasicType(java.lang.String, int, char)#2&quot; }"/>
        </annotation>
    </item>
    <item name='javassist.bytecode.stackmap.TypeData.BasicType BasicType(java.lang.String, int, char)'>
        <annotation name='com.intellij.inspections.tainted.annotation.equation.Equations'>
            <val val="{ &quot;BasicType := TypeData.BasicType&quot;, &quot;type := TypeTag#TOP_TYPE&quot;, &quot;tag := javassist.bytecode.StackMapTable#TOP &amp; javassist.bytecode.StackMapTable#INTEGER &amp; javassist.bytecode.StackMapTable#LONG &amp; javassist.bytecode.StackMapTable#FLOAT &amp; javassist.bytecode.StackMapTable#DOUBLE&quot; }"/>
        </annotation>
    </item>
    <item name='javassist.bytecode.stackmap.TypeData.BasicType char getDecodedName()'>
        <annotation name='com.intellij.inspections.tainted.annotation.equation.Equations'>
            <val val="{ &quot;getDecodedName := TypeData.BasicType&quot; }"/>
        </annotation>
    </item>
    <item name='javassist.bytecode.stackmap.TypeData.BasicType int getTypeTag()'>
        <annotation name='com.intellij.inspections.tainted.annotation.equation.Equations'>
            <val val="{ &quot;getTypeTag := TypeData.BasicType&quot; }"/>
        </annotation>
    </item>
    <item name='javassist.bytecode.stackmap.TypeData.BasicType java.lang.String getName()'>
        <annotation name='com.intellij.inspections.tainted.annotation.equation.Equations'>
            <val val="{ &quot;getName := TypeData.BasicType&quot; }"/>
        </annotation>
    </item>
    <item name='javassist.bytecode.stackmap.TypeData.BasicType java.lang.String toString2(java.util.Set&lt;javassist.bytecode.stackmap.TypeData&gt;)'>
        <annotation name='com.intellij.inspections.tainted.annotation.equation.Equations'>
            <val val="{ &quot;toString2 := TypeData.BasicType&quot; }"/>
        </annotation>
    </item>
    <item name='javassist.bytecode.stackmap.TypeData.BasicType javassist.bytecode.stackmap.TypeData getArrayType(int)'>
        <annotation name='com.intellij.inspections.tainted.annotation.equation.Equations'>
            <val val="{ &quot;getArrayType := TypeData.BasicType&quot;, &quot;dim := TypeData.TypeVar#getArrayType(int)#0&quot; }"/>
        </annotation>
    </item>
    <item name='javassist.bytecode.stackmap.TypeData.BasicType javassist.bytecode.stackmap.TypeData join()'>
        <annotation name='com.intellij.inspections.tainted.annotation.equation.Equations'>
            <val val="{ &quot;join := TypeData.BasicType&quot; }"/>
        </annotation>
    </item>
    <item name='javassist.bytecode.stackmap.TypeData.BasicType javassist.bytecode.stackmap.TypeData.BasicType isBasicType()'>
        <annotation name='com.intellij.inspections.tainted.annotation.equation.Equations'>
            <val val="{ &quot;isBasicType := TypeData.BasicType&quot; }"/>
        </annotation>
    </item>
    <item name='javassist.bytecode.stackmap.TypeData.ClassName'>
        <annotation name='com.intellij.inspections.tainted.annotation.equation.Equations'>
            <val val="{ &quot;ClassName := #ClassName(java.lang.String)#0&quot; }"/>
        </annotation>
    </item>
    <item name='javassist.bytecode.stackmap.TypeData.ClassName ClassName(java.lang.String)'>
        <annotation name='com.intellij.inspections.tainted.annotation.equation.Equations'>
            <val val="{ &quot;ClassName := TypeData.ClassName&quot;, &quot;n := TypedBlock#initFirstBlock(int, int, java.lang.String, java.lang.String, boolean, boolean)#2 &amp; TypeData.UninitData#UninitData(int, java.lang.String)#1&quot; }"/>
        </annotation>
    </item>
    <item name='javassist.bytecode.stackmap.TypeData.ClassName boolean eq(javassist.bytecode.stackmap.TypeData)'>
        <annotation name='com.intellij.inspections.tainted.annotation.equation.Equations'>
            <val val="{ &quot;d := TypeData.UninitData#eq(javassist.bytecode.stackmap.TypeData)#0&quot; }"/>
        </annotation>
    </item>
    <item name='javassist.bytecode.stackmap.TypeData.ClassName int getTypeData(javassist.bytecode.ConstPool)'>
        <annotation name='com.intellij.inspections.tainted.annotation.equation.Equations'>
            <val val="{ &quot;getTypeData := &quot; }"/>
        </annotation>
    </item>
    <item name='javassist.bytecode.stackmap.TypeData.ClassName int getTypeTag()'>
        <annotation name='com.intellij.inspections.tainted.annotation.equation.Equations'>
            <val val="{ &quot;getTypeTag := TypeData.UninitData#getTypeTag() &amp; TypeData.NullType#getTypeTag()&quot; }"/>
        </annotation>
    </item>
    <item name='javassist.bytecode.stackmap.TypeData.ClassName java.lang.String getName()'>
        <annotation name='com.intellij.inspections.tainted.annotation.equation.Equations'>
            <val val="{ &quot;getName := TypeData.ClassName&quot; }"/>
        </annotation>
    </item>
    <item name='javassist.bytecode.stackmap.TypeData.ClassName java.lang.String toString2(java.util.Set&lt;javassist.bytecode.stackmap.TypeData&gt;)'>
        <annotation name='com.intellij.inspections.tainted.annotation.equation.Equations'>
            <val val="{ &quot;toString2 := TypeData.ClassName&quot; }"/>
        </annotation>
    </item>
    <item name='javassist.bytecode.stackmap.TypeData.ClassName javassist.bytecode.stackmap.TypeData getArrayType(int)'>
        <annotation name='com.intellij.inspections.tainted.annotation.equation.Equations'>
            <val val="{ &quot;getArrayType := TypeData.ClassName &amp; TypeTag#DOUBLE &amp; TypeTag#FLOAT &amp; TypeTag#LONG &amp; TypeTag#INTEGER&quot;, &quot;dim := TypeData.TypeVar#getArrayType(int)#0&quot; }"/>
        </annotation>
    </item>
    <item name='javassist.bytecode.stackmap.TypeData.NullType NullType()'>
        <annotation name='com.intellij.inspections.tainted.annotation.equation.Equations'>
            <val val="{ &quot;NullType := TypeData.NullType&quot; }"/>
        </annotation>
    </item>
    <item name='javassist.bytecode.stackmap.TypeData.NullType int getTypeTag()'>
        <annotation name='com.intellij.inspections.tainted.annotation.equation.Equations'>
            <val val="{ &quot;getTypeTag := javassist.bytecode.StackMapTable#NULL&quot; }"/>
        </annotation>
    </item>
    <item name='javassist.bytecode.stackmap.TypeData.NullType javassist.bytecode.stackmap.TypeData getArrayType(int)'>
        <annotation name='com.intellij.inspections.tainted.annotation.equation.Equations'>
            <val val="{ &quot;getArrayType := TypeData.NullType&quot; }"/>
        </annotation>
    </item>
    <item name='javassist.bytecode.stackmap.TypeData.TypeVar'>
        <annotation name='com.intellij.inspections.tainted.annotation.equation.Equations'>
            <val val="{ &quot;TypeVar := #toTypeVar(int)#0&quot; }"/>
        </annotation>
    </item>
    <item name='javassist.bytecode.stackmap.TypeData.TypeVar TypeVar(javassist.bytecode.stackmap.TypeData)'>
        <annotation name='com.intellij.inspections.tainted.annotation.equation.Equations'>
            <val val="{ &quot;TypeVar := TypeData.TypeVar&quot;, &quot;t := TypeData&quot; }"/>
        </annotation>
    </item>
    <item name='javassist.bytecode.stackmap.TypeData.TypeVar boolean isObjectArray(javassist.CtClass)'>
        <annotation name='com.intellij.inspections.tainted.annotation.equation.Equations'>
            <val val="{ &quot;cc := &quot; }"/>
        </annotation>
    </item>
    <item name='javassist.bytecode.stackmap.TypeData.TypeVar int dfs(java.util.List&lt;javassist.bytecode.stackmap.TypeData&gt;, int, javassist.ClassPool)'>
        <annotation name='com.intellij.inspections.tainted.annotation.equation.Equations'>
            <val val="{ &quot;dfs := index&quot; }"/>
        </annotation>
    </item>
    <item name='javassist.bytecode.stackmap.TypeData.TypeVar int getTypeData(javassist.bytecode.ConstPool)'>
        <annotation name='com.intellij.inspections.tainted.annotation.equation.Equations'>
            <val val="{ &quot;getTypeData := &quot; }"/>
        </annotation>
    </item>
    <item name='javassist.bytecode.stackmap.TypeData.TypeVar int getTypeTag()'>
        <annotation name='com.intellij.inspections.tainted.annotation.equation.Equations'>
            <val val="{ &quot;getTypeTag := &quot; }"/>
        </annotation>
    </item>
    <item name='javassist.bytecode.stackmap.TypeData.TypeVar java.lang.String fixTypes2(java.util.List&lt;javassist.bytecode.stackmap.TypeData&gt;, java.util.Set&lt;java.lang.String&gt;, javassist.ClassPool)'>
        <annotation name='com.intellij.inspections.tainted.annotation.equation.Equations'>
            <val val="{ &quot;fixTypes2 := &quot;, &quot;scc := #fixTypes(java.util.List, javassist.ClassPool)#0&quot;, &quot;cp := #fixTypes(java.util.List, javassist.ClassPool)#1&quot;, &quot;lowersSet := &quot; }"/>
        </annotation>
    </item>
    <item name='javassist.bytecode.stackmap.TypeData.TypeVar java.lang.String getName()'>
        <annotation name='com.intellij.inspections.tainted.annotation.equation.Equations'>
            <val val="{ &quot;getName := TypeData.TypeVar&quot; }"/>
        </annotation>
    </item>
    <item name='javassist.bytecode.stackmap.TypeData.TypeVar java.lang.String toString2(java.util.Set&lt;javassist.bytecode.stackmap.TypeData&gt;)'>
        <annotation name='com.intellij.inspections.tainted.annotation.equation.Equations'>
            <val val="{ &quot;toString2 := &quot; }"/>
        </annotation>
    </item>
    <item name='javassist.bytecode.stackmap.TypeData.TypeVar javassist.CtClass fixByUppers(java.util.List&lt;javassist.bytecode.stackmap.TypeData&gt;, javassist.ClassPool, java.util.Set&lt;javassist.bytecode.stackmap.TypeData&gt;, javassist.CtClass)'>
        <annotation name='com.intellij.inspections.tainted.annotation.equation.Equations'>
            <val val="{ &quot;type := &quot;, &quot;users := #fixTypes2(java.util.List, java.util.Set, javassist.ClassPool)#0&quot;, &quot;fixByUppers := type&quot;, &quot;visited := &quot;, &quot;cp := #fixTypes2(java.util.List, java.util.Set, javassist.ClassPool)#2&quot; }"/>
        </annotation>
    </item>
    <item name='javassist.bytecode.stackmap.TypeData.TypeVar javassist.bytecode.stackmap.TypeData getArrayType(int)'>
        <annotation name='com.intellij.inspections.tainted.annotation.equation.Equations'>
            <val val="{ &quot;getArrayType := TypeData.TypeVar&quot; }"/>
        </annotation>
    </item>
    <item name='javassist.bytecode.stackmap.TypeData.TypeVar javassist.bytecode.stackmap.TypeData.BasicType isBasicType()'>
        <annotation name='com.intellij.inspections.tainted.annotation.equation.Equations'>
            <val val="{ &quot;isBasicType := &quot; }"/>
        </annotation>
    </item>
    <item name='javassist.bytecode.stackmap.TypeData.TypeVar javassist.bytecode.stackmap.TypeData.TypeVar toTypeVar(int)'>
        <annotation name='com.intellij.inspections.tainted.annotation.equation.Equations'>
            <val val="{ &quot;toTypeVar := TypeData.TypeVar&quot; }"/>
        </annotation>
    </item>
    <item name='javassist.bytecode.stackmap.TypeData.TypeVar void fixTypes(java.util.List&lt;javassist.bytecode.stackmap.TypeData&gt;, javassist.ClassPool)'>
        <annotation name='com.intellij.inspections.tainted.annotation.equation.Equations'>
            <val val="{ &quot;cp := #dfs(java.util.List, int, javassist.ClassPool)#2&quot;, &quot;scc := &quot; }"/>
        </annotation>
    </item>
    <item name='javassist.bytecode.stackmap.TypeData.TypeVar void fixTypes1(java.util.List&lt;javassist.bytecode.stackmap.TypeData&gt;, javassist.bytecode.stackmap.TypeData)'>
        <annotation name='com.intellij.inspections.tainted.annotation.equation.Equations'>
            <val val="{ &quot;kind := TypeTag#TOP&quot;, &quot;scc := #fixTypes(java.util.List, javassist.ClassPool)#0&quot; }"/>
        </annotation>
    </item>
    <item name='javassist.bytecode.stackmap.TypeData.TypeVar void merge(javassist.bytecode.stackmap.TypeData)'>
        <annotation name='com.intellij.inspections.tainted.annotation.equation.Equations'>
            <val val="{ &quot;t := #TypeVar(javassist.bytecode.stackmap.TypeData)#0&quot; }"/>
        </annotation>
    </item>
    <item name='javassist.bytecode.stackmap.TypeData.UninitData'>
        <annotation name='com.intellij.inspections.tainted.annotation.equation.Equations'>
            <val val="{ &quot;UninitData := #UninitData(int, java.lang.String)#0&quot; }"/>
        </annotation>
    </item>
    <item name='javassist.bytecode.stackmap.TypeData.UninitData UninitData(int, java.lang.String)'>
        <annotation name='com.intellij.inspections.tainted.annotation.equation.Equations'>
            <val val="{ &quot;offset := TypeData.UninitData &amp; Tracer#doOpcode148_201(int, byte[], int)#0&quot;, &quot;className := TypeData.UninitThis#UninitThis(java.lang.String)#0&quot;, &quot;UninitData := TypeData.UninitData&quot; }"/>
        </annotation>
    </item>
    <item name='javassist.bytecode.stackmap.TypeData.UninitData int getTypeData(javassist.bytecode.ConstPool)'>
        <annotation name='com.intellij.inspections.tainted.annotation.equation.Equations'>
            <val val="{ &quot;getTypeData := TypeData.UninitData&quot; }"/>
        </annotation>
    </item>
    <item name='javassist.bytecode.stackmap.TypeData.UninitData int getTypeTag()'>
        <annotation name='com.intellij.inspections.tainted.annotation.equation.Equations'>
            <val val="{ &quot;getTypeTag := TypeData.UninitThis#getTypeTag()&quot; }"/>
        </annotation>
    </item>
    <item name='javassist.bytecode.stackmap.TypeData.UninitData int offset()'>
        <annotation name='com.intellij.inspections.tainted.annotation.equation.Equations'>
            <val val="{ &quot;offset := TypeData.UninitData&quot; }"/>
        </annotation>
    </item>
    <item name='javassist.bytecode.stackmap.TypeData.UninitData java.lang.String toString2(java.util.Set&lt;javassist.bytecode.stackmap.TypeData&gt;)'>
        <annotation name='com.intellij.inspections.tainted.annotation.equation.Equations'>
            <val val="{ &quot;set := TypeData.UninitThis#toString2(java.util.Set)#0&quot;, &quot;toString2 := TypeData.UninitThis#toString2(java.util.Set)&quot; }"/>
        </annotation>
    </item>
    <item name='javassist.bytecode.stackmap.TypeData.UninitData javassist.bytecode.stackmap.TypeData join()'>
        <annotation name='com.intellij.inspections.tainted.annotation.equation.Equations'>
            <val val="{ &quot;join := &quot; }"/>
        </annotation>
    </item>
    <item name='javassist.bytecode.stackmap.TypeData.UninitData javassist.bytecode.stackmap.TypeData.UninitData copy()'>
        <annotation name='com.intellij.inspections.tainted.annotation.equation.Equations'>
            <val val="{ &quot;copy := &quot; }"/>
        </annotation>
    </item>
    <item name='javassist.bytecode.stackmap.TypeData.UninitThis UninitThis(java.lang.String)'>
        <annotation name='com.intellij.inspections.tainted.annotation.equation.Equations'>
            <val val="{ &quot;className := TypedBlock#initFirstBlock(int, int, java.lang.String, java.lang.String, boolean, boolean)#2&quot;, &quot;UninitThis := TypeData.UninitThis&quot; }"/>
        </annotation>
    </item>
    <item name='javassist.bytecode.stackmap.TypeData.UninitThis int getTypeTag()'>
        <annotation name='com.intellij.inspections.tainted.annotation.equation.Equations'>
            <val val="{ &quot;getTypeTag := javassist.bytecode.StackMapTable#THIS&quot; }"/>
        </annotation>
    </item>
    <item name='javassist.bytecode.stackmap.TypeData.UninitThis javassist.bytecode.stackmap.TypeData.UninitData copy()'>
        <annotation name='com.intellij.inspections.tainted.annotation.equation.Equations'>
            <val val="{ &quot;copy := &quot; }"/>
        </annotation>
    </item>
    <item name='javassist.bytecode.stackmap.TypeData.UninitTypeVar'>
        <annotation name='com.intellij.inspections.tainted.annotation.equation.Equations'>
            <val val="{ &quot;UninitTypeVar := #UninitTypeVar(javassist.bytecode.stackmap.TypeData.UninitData)#0 &amp; TypeTag#TOP&quot; }"/>
        </annotation>
    </item>
    <item name='javassist.bytecode.stackmap.TypeData.UninitTypeVar UninitTypeVar(javassist.bytecode.stackmap.TypeData.UninitData)'>
        <annotation name='com.intellij.inspections.tainted.annotation.equation.Equations'>
            <val val="{ &quot;UninitTypeVar := TypeData.UninitTypeVar&quot;, &quot;t := &quot; }"/>
        </annotation>
    </item>
    <item name='javassist.bytecode.stackmap.TypeData.UninitTypeVar int getTypeData(javassist.bytecode.ConstPool)'>
        <annotation name='com.intellij.inspections.tainted.annotation.equation.Equations'>
            <val val="{ &quot;getTypeData := &quot; }"/>
        </annotation>
    </item>
    <item name='javassist.bytecode.stackmap.TypeData.UninitTypeVar int getTypeTag()'>
        <annotation name='com.intellij.inspections.tainted.annotation.equation.Equations'>
            <val val="{ &quot;getTypeTag := &quot; }"/>
        </annotation>
    </item>
    <item name='javassist.bytecode.stackmap.TypeData.UninitTypeVar java.lang.String getName()'>
        <annotation name='com.intellij.inspections.tainted.annotation.equation.Equations'>
            <val val="{ &quot;getName := &quot; }"/>
        </annotation>
    </item>
    <item name='javassist.bytecode.stackmap.TypeData.UninitTypeVar javassist.bytecode.stackmap.TypeData getArrayType(int)'>
        <annotation name='com.intellij.inspections.tainted.annotation.equation.Equations'>
            <val val="{ &quot;getArrayType := &quot; }"/>
        </annotation>
    </item>
    <item name='javassist.bytecode.stackmap.TypeData.UninitTypeVar javassist.bytecode.stackmap.TypeData join()'>
        <annotation name='com.intellij.inspections.tainted.annotation.equation.Equations'>
            <val val="{ &quot;join := &quot; }"/>
        </annotation>
    </item>
    <item name='javassist.bytecode.stackmap.TypeData.UninitTypeVar javassist.bytecode.stackmap.TypeData.BasicType isBasicType()'>
        <annotation name='com.intellij.inspections.tainted.annotation.equation.Equations'>
            <val val="{ &quot;isBasicType := &quot; }"/>
        </annotation>
    </item>
    <item name='javassist.bytecode.stackmap.TypedBlock'>
        <annotation name='com.intellij.inspections.tainted.annotation.equation.Equations'>
            <val val="{ &quot;TypedBlock := TypeTag#TOP &amp; TypedBlock &amp; #setStackMap(int, javassist.bytecode.stackmap.TypeData[], int, javassist.bytecode.stackmap.TypeData[])#0 &amp; #setStackMap(int, javassist.bytecode.stackmap.TypeData[], int, javassist.bytecode.stackmap.TypeData[])#1 &amp; #setStackMap(int, javassist.bytecode.stackmap.TypeData[], int, javassist.bytecode.stackmap.TypeData[])#2 &amp; #setStackMap(int, javassist.bytecode.stackmap.TypeData[], int, javassist.bytecode.stackmap.TypeData[])#3&quot; }"/>
        </annotation>
    </item>
    <item name='javassist.bytecode.stackmap.TypedBlock TypedBlock(int)'>
        <annotation name='com.intellij.inspections.tainted.annotation.equation.Equations'>
            <val val="{ &quot;TypedBlock := TypedBlock&quot;, &quot;pos := TypedBlock.Maker#makeBlock(int)#0&quot; }"/>
        </annotation>
    </item>
    <item name='javassist.bytecode.stackmap.TypedBlock int descToTag(java.lang.String, int, int, javassist.bytecode.stackmap.TypeData[])'>
        <annotation name='com.intellij.inspections.tainted.annotation.equation.Equations'>
            <val val="{ &quot;types := TypeTag#TOP&quot;, &quot;i := &quot;, &quot;descToTag := i&quot;, &quot;desc := #initFirstBlock(int, int, java.lang.String, java.lang.String, boolean, boolean)#3&quot; }"/>
        </annotation>
    </item>
    <item name='javassist.bytecode.stackmap.TypedBlock java.lang.String getRetType(java.lang.String)'>
        <annotation name='com.intellij.inspections.tainted.annotation.equation.Equations'>
            <val val="{ &quot;desc := &quot;, &quot;getRetType := &quot; }"/>
        </annotation>
    </item>
    <item name='javassist.bytecode.stackmap.TypedBlock javassist.bytecode.stackmap.TypeData toPrimitiveTag(char)'>
        <annotation name='com.intellij.inspections.tainted.annotation.equation.Equations'>
            <val val="{ &quot;toPrimitiveTag := TypeTag#INTEGER &amp; TypeTag#LONG &amp; TypeTag#FLOAT &amp; TypeTag#DOUBLE&quot;, &quot;c := &quot; }"/>
        </annotation>
    </item>
    <item name='javassist.bytecode.stackmap.TypedBlock javassist.bytecode.stackmap.TypedBlock[] makeBlocks(javassist.bytecode.MethodInfo, javassist.bytecode.CodeAttribute, boolean)'>
        <annotation name='com.intellij.inspections.tainted.annotation.equation.Equations'>
            <val val="{ &quot;makeBlocks := &quot;, &quot;minfo := MapMaker#make(javassist.ClassPool, javassist.bytecode.MethodInfo)#1 &amp; MapMaker#make2(javassist.ClassPool, javassist.bytecode.MethodInfo)#1&quot;, &quot;ca := &quot; }"/>
        </annotation>
    </item>
    <item name='javassist.bytecode.stackmap.TypedBlock void initFirstBlock(int, int, java.lang.String, java.lang.String, boolean, boolean)'>
        <annotation name='com.intellij.inspections.tainted.annotation.equation.Equations'>
            <val val="{ &quot;maxLocals := &quot;, &quot;className := &quot;, &quot;maxStack := &quot;, &quot;methodDesc := &quot; }"/>
        </annotation>
    </item>
    <item name='javassist.bytecode.stackmap.TypedBlock void printTypes(java.lang.StringBuffer, int, javassist.bytecode.stackmap.TypeData[])'>
        <annotation name='com.intellij.inspections.tainted.annotation.equation.Equations'>
            <val val="{ &quot;sbuf := #toString2(java.lang.StringBuffer)#0&quot;, &quot;size := TypedBlock&quot;, &quot;types := TypedBlock&quot; }"/>
        </annotation>
    </item>
    <item name='javassist.bytecode.stackmap.TypedBlock void setStackMap(int, javassist.bytecode.stackmap.TypeData[], int, javassist.bytecode.stackmap.TypeData[])'>
        <annotation name='com.intellij.inspections.tainted.annotation.equation.Equations'>
            <val val="{ &quot;st := MapMaker#recordStackMap0(javassist.bytecode.stackmap.TypedBlock, int, javassist.bytecode.stackmap.TypeData[])#1&quot;, &quot;locals := &quot;, &quot;nl := &quot;, &quot;stack := MapMaker#recordStackMap0(javassist.bytecode.stackmap.TypedBlock, int, javassist.bytecode.stackmap.TypeData[])#2&quot; }"/>
        </annotation>
    </item>
    <item name='javassist.bytecode.stackmap.TypedBlock.Maker javassist.bytecode.stackmap.BasicBlock makeBlock(int)'>
        <annotation name='com.intellij.inspections.tainted.annotation.equation.Equations'>
            <val val="{ &quot;makeBlock := &quot; }"/>
        </annotation>
    </item>
</root>