<root>
    <item name='java.awt.im.spi.InputMethod boolean setLocale(java.util.Locale)'>
        <annotation name='com.intellij.inspections.tainted.annotation.equation.Equations'>
            <val val="{ &quot;locale := sun.awt.im.InputContext#selectInputMethod(java.util.Locale)#0 &amp; sun.awt.im.InputContext#selectInputMethod(java.util.Locale)#0&quot; }"/>
        </annotation>
    </item>
    <item name='java.awt.im.spi.InputMethod void dispatchEvent(java.awt.AWTEvent)'>
        <annotation name='com.intellij.inspections.tainted.annotation.equation.Equations'>
            <val val="{ &quot;event := sun.awt.im.InputContext#dispatchEvent(java.awt.AWTEvent)#0 &amp; sun.awt.im.InputContext#dispatchEvent(java.awt.AWTEvent)#0&quot; }"/>
        </annotation>
    </item>
    <item name='java.awt.im.spi.InputMethod void notifyClientWindowChange(java.awt.Rectangle)'>
        <annotation name='com.intellij.inspections.tainted.annotation.equation.Equations'>
            <val val="{ &quot;bounds := sun.awt.im.InputContext &amp; sun.awt.im.InputContext &amp; sun.awt.im.InputMethodAdapter#notifyClientWindowChange(java.awt.Rectangle)#0&quot; }"/>
        </annotation>
    </item>
    <item name='java.awt.im.spi.InputMethod void setCharacterSubsets(java.lang.Character.Subset[])'>
        <annotation name='com.intellij.inspections.tainted.annotation.equation.Equations'>
            <val val="{ &quot;subsets := sun.awt.im.InputContext#setCharacterSubsets(java.lang.Character.Subset[])#0 &amp; sun.awt.im.InputContext &amp; sun.awt.im.InputContext &amp; sun.awt.im.InputContext#setCharacterSubsets(java.lang.Character.Subset[])#0&quot; }"/>
        </annotation>
    </item>
    <item name='java.awt.im.spi.InputMethod void setInputMethodContext(java.awt.im.spi.InputMethodContext)'>
        <annotation name='com.intellij.inspections.tainted.annotation.equation.Equations'>
            <val val="{ &quot;context := sun.awt.im.InputContext &amp; sun.awt.im.InputContext&quot; }"/>
        </annotation>
    </item>
    <item name='java.awt.im.spi.InputMethodContext java.awt.Window createInputMethodWindow(java.lang.String, boolean)'>
        <annotation name='com.intellij.inspections.tainted.annotation.equation.Equations'>
            <val val="{ &quot;title := sun.awt.im.InputMethodContext#createInputMethodWindow(java.lang.String, boolean)#0&quot;, &quot;createInputMethodWindow := sun.awt.im.InputMethodContext#createInputMethodWindow(java.lang.String, boolean)&quot; }"/>
        </annotation>
    </item>
    <item name='java.awt.im.spi.InputMethodContext javax.swing.JFrame createInputMethodJFrame(java.lang.String, boolean)'>
        <annotation name='com.intellij.inspections.tainted.annotation.equation.Equations'>
            <val val="{ &quot;title := sun.awt.im.InputMethodContext#createInputMethodJFrame(java.lang.String, boolean)#0&quot;, &quot;createInputMethodJFrame := sun.awt.im.InputMethodContext#createInputMethodJFrame(java.lang.String, boolean)&quot; }"/>
        </annotation>
    </item>
    <item name='java.awt.im.spi.InputMethodContext void dispatchInputMethodEvent(int, java.text.AttributedCharacterIterator, int, java.awt.font.TextHitInfo, java.awt.font.TextHitInfo)'>
        <annotation name='com.intellij.inspections.tainted.annotation.equation.Equations'>
            <val val="{ &quot;id := sun.awt.im.InputMethodContext#dispatchInputMethodEvent(int, java.text.AttributedCharacterIterator, int, java.awt.font.TextHitInfo, java.awt.font.TextHitInfo)#0&quot;, &quot;caret := sun.awt.im.InputMethodContext#dispatchInputMethodEvent(int, java.text.AttributedCharacterIterator, int, java.awt.font.TextHitInfo, java.awt.font.TextHitInfo)#3&quot;, &quot;visiblePosition := sun.awt.im.InputMethodContext#dispatchInputMethodEvent(int, java.text.AttributedCharacterIterator, int, java.awt.font.TextHitInfo, java.awt.font.TextHitInfo)#4&quot;, &quot;committedCharacterCount := sun.awt.im.InputMethodContext#dispatchInputMethodEvent(int, java.text.AttributedCharacterIterator, int, java.awt.font.TextHitInfo, java.awt.font.TextHitInfo)#2&quot;, &quot;text := sun.awt.im.InputMethodContext#dispatchInputMethodEvent(int, java.text.AttributedCharacterIterator, int, java.awt.font.TextHitInfo, java.awt.font.TextHitInfo)#1&quot; }"/>
        </annotation>
    </item>
    <item name='java.awt.im.spi.InputMethodContext void enableClientWindowNotification(java.awt.im.spi.InputMethod, boolean)'>
        <annotation name='com.intellij.inspections.tainted.annotation.equation.Equations'>
            <val val="{ &quot;inputMethod := sun.awt.im.InputMethodContext#enableClientWindowNotification(java.awt.im.spi.InputMethod, boolean)#0&quot; }"/>
        </annotation>
    </item>
    <item name='java.awt.im.spi.InputMethodDescriptor java.lang.String getInputMethodDisplayName(java.util.Locale, java.util.Locale)'>
        <annotation name='com.intellij.inspections.tainted.annotation.equation.Equations'>
            <val val="{ &quot;displayLanguage := &quot;, &quot;inputLocale := &quot; }"/>
        </annotation>
    </item>
</root>