<root>
    <item name='javax.faces.lifecycle.ClientWindow'>
        <annotation name='com.intellij.inspections.tainted.annotation.equation.Equations'>
            <val val="{ &quot;ClientWindow := ClientWindowWrapper&quot; }"/>
        </annotation>
    </item>
    <item name='javax.faces.lifecycle.ClientWindow boolean isClientWindowRenderModeEnabled(javax.faces.context.FacesContext)'>
        <annotation name='com.intellij.inspections.tainted.annotation.equation.Equations'>
            <val val="{ &quot;context := ClientWindowWrapper#isClientWindowRenderModeEnabled(javax.faces.context.FacesContext)#0&quot; }"/>
        </annotation>
    </item>
    <item name='javax.faces.lifecycle.ClientWindow java.lang.String getId()'>
        <annotation name='com.intellij.inspections.tainted.annotation.equation.Equations'>
            <val val="{ &quot;getId := ClientWindowWrapper#getId()&quot; }"/>
        </annotation>
    </item>
    <item name='javax.faces.lifecycle.ClientWindow java.util.Map&lt;java.lang.String,java.lang.String&gt; getQueryURLParameters(javax.faces.context.FacesContext)'>
        <annotation name='com.intellij.inspections.tainted.annotation.equation.Equations'>
            <val val="{ &quot;getQueryURLParameters := ClientWindowWrapper#getQueryURLParameters(javax.faces.context.FacesContext)&quot;, &quot;context := ClientWindowWrapper#getQueryURLParameters(javax.faces.context.FacesContext)#0&quot; }"/>
        </annotation>
    </item>
    <item name='javax.faces.lifecycle.ClientWindow void decode(javax.faces.context.FacesContext)'>
        <annotation name='com.intellij.inspections.tainted.annotation.equation.Equations'>
            <val val="{ &quot;context := ClientWindowWrapper#decode(javax.faces.context.FacesContext)#0&quot; }"/>
        </annotation>
    </item>
    <item name='javax.faces.lifecycle.ClientWindow void disableClientWindowRenderMode(javax.faces.context.FacesContext)'>
        <annotation name='com.intellij.inspections.tainted.annotation.equation.Equations'>
            <val val="{ &quot;context := ClientWindowWrapper#disableClientWindowRenderMode(javax.faces.context.FacesContext)#0&quot; }"/>
        </annotation>
    </item>
    <item name='javax.faces.lifecycle.ClientWindow void enableClientWindowRenderMode(javax.faces.context.FacesContext)'>
        <annotation name='com.intellij.inspections.tainted.annotation.equation.Equations'>
            <val val="{ &quot;context := ClientWindowWrapper#enableClientWindowRenderMode(javax.faces.context.FacesContext)#0&quot; }"/>
        </annotation>
    </item>
    <item name='javax.faces.lifecycle.ClientWindowWrapper java.lang.String getId()'>
        <annotation name='com.intellij.inspections.tainted.annotation.equation.Equations'>
            <val val="{ &quot;getId := &quot; }"/>
        </annotation>
    </item>
    <item name='javax.faces.lifecycle.ClientWindowWrapper java.util.Map&lt;java.lang.String,java.lang.String&gt; getQueryURLParameters(javax.faces.context.FacesContext)'>
        <annotation name='com.intellij.inspections.tainted.annotation.equation.Equations'>
            <val val="{ &quot;getQueryURLParameters := &quot; }"/>
        </annotation>
    </item>
    <item name='javax.faces.lifecycle.Lifecycle'>
        <annotation name='com.intellij.inspections.tainted.annotation.equation.Equations'>
            <val val="{ &quot;Lifecycle := LifecycleWrapper&quot; }"/>
        </annotation>
    </item>
    <item name='javax.faces.lifecycle.Lifecycle javax.faces.event.PhaseListener[] getPhaseListeners()'>
        <annotation name='com.intellij.inspections.tainted.annotation.equation.Equations'>
            <val val="{ &quot;getPhaseListeners := LifecycleWrapper#getPhaseListeners()&quot; }"/>
        </annotation>
    </item>
    <item name='javax.faces.lifecycle.Lifecycle void addPhaseListener(javax.faces.event.PhaseListener)'>
        <annotation name='com.intellij.inspections.tainted.annotation.equation.Equations'>
            <val val="{ &quot;listener := LifecycleWrapper#addPhaseListener(javax.faces.event.PhaseListener)#0&quot; }"/>
        </annotation>
    </item>
    <item name='javax.faces.lifecycle.Lifecycle void attachWindow(javax.faces.context.FacesContext)'>
        <annotation name='com.intellij.inspections.tainted.annotation.equation.Equations'>
            <val val="{ &quot;context := LifecycleWrapper#attachWindow(javax.faces.context.FacesContext)#0&quot; }"/>
        </annotation>
    </item>
    <item name='javax.faces.lifecycle.Lifecycle void execute(javax.faces.context.FacesContext)'>
        <annotation name='com.intellij.inspections.tainted.annotation.equation.Equations'>
            <val val="{ &quot;context := LifecycleWrapper#execute(javax.faces.context.FacesContext)#0&quot; }"/>
        </annotation>
    </item>
    <item name='javax.faces.lifecycle.Lifecycle void removePhaseListener(javax.faces.event.PhaseListener)'>
        <annotation name='com.intellij.inspections.tainted.annotation.equation.Equations'>
            <val val="{ &quot;listener := LifecycleWrapper#removePhaseListener(javax.faces.event.PhaseListener)#0&quot; }"/>
        </annotation>
    </item>
    <item name='javax.faces.lifecycle.Lifecycle void render(javax.faces.context.FacesContext)'>
        <annotation name='com.intellij.inspections.tainted.annotation.equation.Equations'>
            <val val="{ &quot;context := LifecycleWrapper#render(javax.faces.context.FacesContext)#0&quot; }"/>
        </annotation>
    </item>
    <item name='javax.faces.lifecycle.LifecycleFactory LifecycleFactory()'>
        <annotation name='com.intellij.inspections.tainted.annotation.equation.Equations'>
            <val val="{ &quot;LifecycleFactory := LifecycleFactory&quot; }"/>
        </annotation>
    </item>
    <item name='javax.faces.lifecycle.LifecycleFactory javax.faces.lifecycle.Lifecycle getLifecycle(java.lang.String)'>
        <annotation name='com.intellij.inspections.tainted.annotation.equation.Equations'>
            <val val="{ &quot;lifecycleId := #DEFAULT_LIFECYCLE&quot; }"/>
        </annotation>
    </item>
    <item name='javax.faces.lifecycle.LifecycleWrapper javax.faces.event.PhaseListener[] getPhaseListeners()'>
        <annotation name='com.intellij.inspections.tainted.annotation.equation.Equations'>
            <val val="{ &quot;getPhaseListeners := &quot; }"/>
        </annotation>
    </item>
</root>