<root>
    <item name='com.sun.org.apache.xpath.internal.functions.FuncBoolean com.sun.org.apache.xpath.internal.objects.XObject execute(com.sun.org.apache.xpath.internal.XPathContext)'>
        <annotation name='com.intellij.inspections.tainted.annotation.equation.Equations'>
            <val val="{ &quot;execute := com.sun.org.apache.xpath.internal.objects.XBoolean#S_TRUE &amp; com.sun.org.apache.xpath.internal.objects.XBoolean#S_FALSE&quot; }"/>
        </annotation>
    </item>
    <item name='com.sun.org.apache.xpath.internal.functions.FuncContains com.sun.org.apache.xpath.internal.objects.XObject execute(com.sun.org.apache.xpath.internal.XPathContext)'>
        <annotation name='com.intellij.inspections.tainted.annotation.equation.Equations'>
            <val val="{ &quot;execute := com.sun.org.apache.xpath.internal.objects.XBoolean#S_TRUE &amp; com.sun.org.apache.xpath.internal.objects.XBoolean#S_FALSE&quot; }"/>
        </annotation>
    </item>
    <item name='com.sun.org.apache.xpath.internal.functions.FuncExtElementAvailable com.sun.org.apache.xpath.internal.objects.XObject execute(com.sun.org.apache.xpath.internal.XPathContext)'>
        <annotation name='com.intellij.inspections.tainted.annotation.equation.Equations'>
            <val val="{ &quot;execute := com.sun.org.apache.xpath.internal.objects.XBoolean#S_FALSE &amp; com.sun.org.apache.xpath.internal.objects.XBoolean#S_TRUE&quot; }"/>
        </annotation>
    </item>
    <item name='com.sun.org.apache.xpath.internal.functions.FuncExtFunction'>
        <annotation name='com.intellij.inspections.tainted.annotation.equation.Equations'>
            <val val="{ &quot;FuncExtFunction := &quot; }"/>
        </annotation>
    </item>
    <item name='com.sun.org.apache.xpath.internal.functions.FuncExtFunction FuncExtFunction(java.lang.String, java.lang.String, java.lang.Object)'>
        <annotation name='com.intellij.inspections.tainted.annotation.equation.Equations'>
            <val val="{ &quot;FuncExtFunction := FuncExtFunction&quot; }"/>
        </annotation>
    </item>
    <item name='com.sun.org.apache.xpath.internal.functions.FuncExtFunction java.lang.Object getMethodKey()'>
        <annotation name='com.intellij.inspections.tainted.annotation.equation.Equations'>
            <val val="{ &quot;getMethodKey := FuncExtFunction&quot; }"/>
        </annotation>
    </item>
    <item name='com.sun.org.apache.xpath.internal.functions.FuncExtFunction java.lang.String getFunctionName()'>
        <annotation name='com.intellij.inspections.tainted.annotation.equation.Equations'>
            <val val="{ &quot;getFunctionName := FuncExtFunction&quot; }"/>
        </annotation>
    </item>
    <item name='com.sun.org.apache.xpath.internal.functions.FuncExtFunction java.lang.String getNamespace()'>
        <annotation name='com.intellij.inspections.tainted.annotation.equation.Equations'>
            <val val="{ &quot;getNamespace := FuncExtFunction&quot; }"/>
        </annotation>
    </item>
    <item name='com.sun.org.apache.xpath.internal.functions.FuncExtFunction java.lang.String toString()'>
        <annotation name='com.intellij.inspections.tainted.annotation.equation.Equations'>
            <val val="{ &quot;toString := FuncExtFunction&quot; }"/>
        </annotation>
    </item>
    <item name='com.sun.org.apache.xpath.internal.functions.FuncExtFunction.ArgExtOwner'>
        <annotation name='com.intellij.inspections.tainted.annotation.equation.Equations'>
            <val val="{ &quot;ArgExtOwner := #setExpression(com.sun.org.apache.xpath.internal.Expression)#0&quot; }"/>
        </annotation>
    </item>
    <item name='com.sun.org.apache.xpath.internal.functions.FuncExtFunction.ArgExtOwner ArgExtOwner(com.sun.org.apache.xpath.internal.Expression)'>
        <annotation name='com.intellij.inspections.tainted.annotation.equation.Equations'>
            <val val="{ &quot;ArgExtOwner := FuncExtFunction.ArgExtOwner&quot;, &quot;exp := &quot; }"/>
        </annotation>
    </item>
    <item name='com.sun.org.apache.xpath.internal.functions.FuncExtFunction.ArgExtOwner com.sun.org.apache.xpath.internal.Expression getExpression()'>
        <annotation name='com.intellij.inspections.tainted.annotation.equation.Equations'>
            <val val="{ &quot;getExpression := FuncExtFunction.ArgExtOwner&quot; }"/>
        </annotation>
    </item>
    <item name='com.sun.org.apache.xpath.internal.functions.FuncExtFunctionAvailable com.sun.org.apache.xpath.internal.objects.XObject execute(com.sun.org.apache.xpath.internal.XPathContext)'>
        <annotation name='com.intellij.inspections.tainted.annotation.equation.Equations'>
            <val val="{ &quot;execute := com.sun.org.apache.xpath.internal.objects.XBoolean#S_FALSE &amp; com.sun.org.apache.xpath.internal.objects.XBoolean#S_TRUE&quot; }"/>
        </annotation>
    </item>
    <item name='com.sun.org.apache.xpath.internal.functions.FuncFalse com.sun.org.apache.xpath.internal.objects.XObject execute(com.sun.org.apache.xpath.internal.XPathContext)'>
        <annotation name='com.intellij.inspections.tainted.annotation.equation.Equations'>
            <val val="{ &quot;execute := com.sun.org.apache.xpath.internal.objects.XBoolean#S_FALSE&quot; }"/>
        </annotation>
    </item>
    <item name='com.sun.org.apache.xpath.internal.functions.FuncGenerateId com.sun.org.apache.xpath.internal.objects.XObject execute(com.sun.org.apache.xpath.internal.XPathContext)'>
        <annotation name='com.intellij.inspections.tainted.annotation.equation.Equations'>
            <val val="{ &quot;execute := com.sun.org.apache.xpath.internal.objects.XString#EMPTYSTRING&quot; }"/>
        </annotation>
    </item>
    <item name='com.sun.org.apache.xpath.internal.functions.FuncId com.sun.org.apache.xml.internal.utils.StringVector getNodesByID(com.sun.org.apache.xpath.internal.XPathContext, int, java.lang.String, com.sun.org.apache.xml.internal.utils.StringVector, com.sun.org.apache.xpath.internal.NodeSetDTM, boolean)'>
        <annotation name='com.intellij.inspections.tainted.annotation.equation.Equations'>
            <val val="{ &quot;getNodesByID := usedrefs&quot;, &quot;xctxt := #execute(com.sun.org.apache.xpath.internal.XPathContext)#0&quot; }"/>
        </annotation>
    </item>
    <item name='com.sun.org.apache.xpath.internal.functions.FuncLang com.sun.org.apache.xpath.internal.objects.XObject execute(com.sun.org.apache.xpath.internal.XPathContext)'>
        <annotation name='com.intellij.inspections.tainted.annotation.equation.Equations'>
            <val val="{ &quot;execute := com.sun.org.apache.xpath.internal.objects.XBoolean#S_TRUE &amp; com.sun.org.apache.xpath.internal.objects.XBoolean#S_FALSE&quot; }"/>
        </annotation>
    </item>
    <item name='com.sun.org.apache.xpath.internal.functions.FuncLast'>
        <annotation name='com.intellij.inspections.tainted.annotation.equation.Equations'>
            <val val="{ &quot;FuncLast := &quot; }"/>
        </annotation>
    </item>
    <item name='com.sun.org.apache.xpath.internal.functions.FuncLast int getCountOfContextNodeList(com.sun.org.apache.xpath.internal.XPathContext)'>
        <annotation name='com.intellij.inspections.tainted.annotation.equation.Equations'>
            <val val="{ &quot;xctxt := #execute(com.sun.org.apache.xpath.internal.XPathContext)#0&quot; }"/>
        </annotation>
    </item>
    <item name='com.sun.org.apache.xpath.internal.functions.FuncLocalPart com.sun.org.apache.xpath.internal.objects.XObject execute(com.sun.org.apache.xpath.internal.XPathContext)'>
        <annotation name='com.intellij.inspections.tainted.annotation.equation.Equations'>
            <val val="{ &quot;execute := com.sun.org.apache.xpath.internal.objects.XString#EMPTYSTRING&quot; }"/>
        </annotation>
    </item>
    <item name='com.sun.org.apache.xpath.internal.functions.FuncNamespace com.sun.org.apache.xpath.internal.objects.XObject execute(com.sun.org.apache.xpath.internal.XPathContext)'>
        <annotation name='com.intellij.inspections.tainted.annotation.equation.Equations'>
            <val val="{ &quot;execute := com.sun.org.apache.xpath.internal.objects.XString#EMPTYSTRING&quot; }"/>
        </annotation>
    </item>
    <item name='com.sun.org.apache.xpath.internal.functions.FuncNormalizeSpace com.sun.org.apache.xpath.internal.objects.XObject execute(com.sun.org.apache.xpath.internal.XPathContext)'>
        <annotation name='com.intellij.inspections.tainted.annotation.equation.Equations'>
            <val val="{ &quot;xctxt := #executeCharsToContentHandler(com.sun.org.apache.xpath.internal.XPathContext, org.xml.sax.ContentHandler)#0&quot; }"/>
        </annotation>
    </item>
    <item name='com.sun.org.apache.xpath.internal.functions.FuncNot com.sun.org.apache.xpath.internal.objects.XObject execute(com.sun.org.apache.xpath.internal.XPathContext)'>
        <annotation name='com.intellij.inspections.tainted.annotation.equation.Equations'>
            <val val="{ &quot;execute := com.sun.org.apache.xpath.internal.objects.XBoolean#S_FALSE &amp; com.sun.org.apache.xpath.internal.objects.XBoolean#S_TRUE&quot; }"/>
        </annotation>
    </item>
    <item name='com.sun.org.apache.xpath.internal.functions.FuncPosition'>
        <annotation name='com.intellij.inspections.tainted.annotation.equation.Equations'>
            <val val="{ &quot;FuncPosition := &quot; }"/>
        </annotation>
    </item>
    <item name='com.sun.org.apache.xpath.internal.functions.FuncPosition int getPositionInContextNodeList(com.sun.org.apache.xpath.internal.XPathContext)'>
        <annotation name='com.intellij.inspections.tainted.annotation.equation.Equations'>
            <val val="{ &quot;xctxt := #execute(com.sun.org.apache.xpath.internal.XPathContext)#0&quot; }"/>
        </annotation>
    </item>
    <item name='com.sun.org.apache.xpath.internal.functions.FuncQname com.sun.org.apache.xpath.internal.objects.XObject execute(com.sun.org.apache.xpath.internal.XPathContext)'>
        <annotation name='com.intellij.inspections.tainted.annotation.equation.Equations'>
            <val val="{ &quot;execute := com.sun.org.apache.xpath.internal.objects.XString#EMPTYSTRING&quot; }"/>
        </annotation>
    </item>
    <item name='com.sun.org.apache.xpath.internal.functions.FuncStartsWith com.sun.org.apache.xpath.internal.objects.XObject execute(com.sun.org.apache.xpath.internal.XPathContext)'>
        <annotation name='com.intellij.inspections.tainted.annotation.equation.Equations'>
            <val val="{ &quot;execute := com.sun.org.apache.xpath.internal.objects.XBoolean#S_TRUE &amp; com.sun.org.apache.xpath.internal.objects.XBoolean#S_FALSE&quot; }"/>
        </annotation>
    </item>
    <item name='com.sun.org.apache.xpath.internal.functions.FuncSubstring com.sun.org.apache.xpath.internal.objects.XObject execute(com.sun.org.apache.xpath.internal.XPathContext)'>
        <annotation name='com.intellij.inspections.tainted.annotation.equation.Equations'>
            <val val="{ &quot;execute := com.sun.org.apache.xpath.internal.objects.XString#EMPTYSTRING&quot; }"/>
        </annotation>
    </item>
    <item name='com.sun.org.apache.xpath.internal.functions.FuncSubstringAfter com.sun.org.apache.xpath.internal.objects.XObject execute(com.sun.org.apache.xpath.internal.XPathContext)'>
        <annotation name='com.intellij.inspections.tainted.annotation.equation.Equations'>
            <val val="{ &quot;execute := com.sun.org.apache.xpath.internal.objects.XString#EMPTYSTRING&quot; }"/>
        </annotation>
    </item>
    <item name='com.sun.org.apache.xpath.internal.functions.FuncSubstringBefore com.sun.org.apache.xpath.internal.objects.XObject execute(com.sun.org.apache.xpath.internal.XPathContext)'>
        <annotation name='com.intellij.inspections.tainted.annotation.equation.Equations'>
            <val val="{ &quot;execute := com.sun.org.apache.xpath.internal.objects.XString#EMPTYSTRING&quot; }"/>
        </annotation>
    </item>
    <item name='com.sun.org.apache.xpath.internal.functions.FuncSystemProperty com.sun.org.apache.xpath.internal.objects.XObject execute(com.sun.org.apache.xpath.internal.XPathContext)'>
        <annotation name='com.intellij.inspections.tainted.annotation.equation.Equations'>
            <val val="{ &quot;execute := com.sun.org.apache.xpath.internal.objects.XString#EMPTYSTRING&quot; }"/>
        </annotation>
    </item>
    <item name='com.sun.org.apache.xpath.internal.functions.FuncSystemProperty void loadPropertyFile(java.lang.String, java.util.Properties)'>
        <annotation name='com.intellij.inspections.tainted.annotation.equation.Equations'>
            <val val="{ &quot;file := #XSLT_PROPERTIES&quot; }"/>
        </annotation>
    </item>
    <item name='com.sun.org.apache.xpath.internal.functions.FuncTrue com.sun.org.apache.xpath.internal.objects.XObject execute(com.sun.org.apache.xpath.internal.XPathContext)'>
        <annotation name='com.intellij.inspections.tainted.annotation.equation.Equations'>
            <val val="{ &quot;execute := com.sun.org.apache.xpath.internal.objects.XBoolean#S_TRUE&quot; }"/>
        </annotation>
    </item>
    <item name='com.sun.org.apache.xpath.internal.functions.Function boolean deepEquals(com.sun.org.apache.xpath.internal.Expression)'>
        <annotation name='com.intellij.inspections.tainted.annotation.equation.Equations'>
            <val val="{ &quot;expr := FunctionOneArg#deepEquals(com.sun.org.apache.xpath.internal.Expression)#0&quot; }"/>
        </annotation>
    </item>
    <item name='com.sun.org.apache.xpath.internal.functions.Function com.sun.org.apache.xpath.internal.objects.XObject execute(com.sun.org.apache.xpath.internal.XPathContext)'>
        <annotation name='com.intellij.inspections.tainted.annotation.equation.Equations'>
            <val val="{ &quot;execute := com.sun.org.apache.xml.internal.security.transforms.implementations.FuncHere#execute(com.sun.org.apache.xpath.internal.XPathContext) &amp; FuncNot#execute(com.sun.org.apache.xpath.internal.XPathContext) &amp; FuncSum#execute(com.sun.org.apache.xpath.internal.XPathContext) &amp; FuncId#execute(com.sun.org.apache.xpath.internal.XPathContext) &amp; FuncLast#execute(com.sun.org.apache.xpath.internal.XPathContext) &amp; FuncLang#execute(com.sun.org.apache.xpath.internal.XPathContext) &amp; FuncTrue#execute(com.sun.org.apache.xpath.internal.XPathContext) &amp; FuncFalse#execute(com.sun.org.apache.xpath.internal.XPathContext) &amp; FuncCount#execute(com.sun.org.apache.xpath.internal.XPathContext) &amp; FuncFloor#execute(com.sun.org.apache.xpath.internal.XPathContext) &amp; FuncQname#execute(com.sun.org.apache.xpath.internal.XPathContext) &amp; FuncRound#execute(com.sun.org.apache.xpath.internal.XPathContext) &amp; FuncString#execute(com.sun.org.apache.xpath.internal.XPathContext) &amp; FuncNumber#execute(com.sun.org.apache.xpath.internal.XPathContext) &amp; FuncBoolean#execute(com.sun.org.apache.xpath.internal.XPathContext) &amp; FuncCeiling#execute(com.sun.org.apache.xpath.internal.XPathContext) &amp; FuncCurrent#execute(com.sun.org.apache.xpath.internal.XPathContext) &amp; FuncConcat#execute(com.sun.org.apache.xpath.internal.XPathContext) &amp; FuncContains#execute(com.sun.org.apache.xpath.internal.XPathContext) &amp; FuncPosition#execute(com.sun.org.apache.xpath.internal.XPathContext) &amp; FuncLocalPart#execute(com.sun.org.apache.xpath.internal.XPathContext) &amp; FuncNamespace#execute(com.sun.org.apache.xpath.internal.XPathContext) &amp; FuncSubstring#execute(com.sun.org.apache.xpath.internal.XPathContext) &amp; FuncGenerateId#execute(com.sun.org.apache.xpath.internal.XPathContext) &amp; FuncStartsWith#execute(com.sun.org.apache.xpath.internal.XPathContext) &amp; FuncTranslate#execute(com.sun.org.apache.xpath.internal.XPathContext) &amp; FuncDoclocation#execute(com.sun.org.apache.xpath.internal.XPathContext) &amp; FuncStringLength#execute(com.sun.org.apache.xpath.internal.XPathContext) &amp; FuncExtFunction#execute(com.sun.org.apache.xpath.internal.XPathContext) &amp; FuncNormalizeSpace#execute(com.sun.org.apache.xpath.internal.XPathContext) &amp; FuncSubstringAfter#execute(com.sun.org.apache.xpath.internal.XPathContext) &amp; FuncSubstringBefore#execute(com.sun.org.apache.xpath.internal.XPathContext) &amp; FuncUnparsedEntityURI#execute(com.sun.org.apache.xpath.internal.XPathContext) &amp; FuncSystemProperty#execute(com.sun.org.apache.xpath.internal.XPathContext) &amp; FuncExtElementAvailable#execute(com.sun.org.apache.xpath.internal.XPathContext) &amp; FuncExtFunctionAvailable#execute(com.sun.org.apache.xpath.internal.XPathContext)&quot;, &quot;xctxt := com.sun.org.apache.xml.internal.security.transforms.implementations.FuncHere#execute(com.sun.org.apache.xpath.internal.XPathContext)#0 &amp; FuncNot#execute(com.sun.org.apache.xpath.internal.XPathContext)#0 &amp; FuncSum#execute(com.sun.org.apache.xpath.internal.XPathContext)#0 &amp; FuncId#execute(com.sun.org.apache.xpath.internal.XPathContext)#0 &amp; FuncLast#execute(com.sun.org.apache.xpath.internal.XPathContext)#0 &amp; FuncLang#execute(com.sun.org.apache.xpath.internal.XPathContext)#0 &amp; FuncTrue#execute(com.sun.org.apache.xpath.internal.XPathContext)#0 &amp; FuncFalse#execute(com.sun.org.apache.xpath.internal.XPathContext)#0 &amp; FuncCount#execute(com.sun.org.apache.xpath.internal.XPathContext)#0 &amp; FuncFloor#execute(com.sun.org.apache.xpath.internal.XPathContext)#0 &amp; FuncQname#execute(com.sun.org.apache.xpath.internal.XPathContext)#0 &amp; FuncRound#execute(com.sun.org.apache.xpath.internal.XPathContext)#0 &amp; FuncString#execute(com.sun.org.apache.xpath.internal.XPathContext)#0 &amp; FuncNumber#execute(com.sun.org.apache.xpath.internal.XPathContext)#0 &amp; FuncBoolean#execute(com.sun.org.apache.xpath.internal.XPathContext)#0 &amp; FuncCeiling#execute(com.sun.org.apache.xpath.internal.XPathContext)#0 &amp; FuncCurrent#execute(com.sun.org.apache.xpath.internal.XPathContext)#0 &amp; FuncConcat#execute(com.sun.org.apache.xpath.internal.XPathContext)#0 &amp; FuncContains#execute(com.sun.org.apache.xpath.internal.XPathContext)#0 &amp; FuncPosition#execute(com.sun.org.apache.xpath.internal.XPathContext)#0 &amp; FuncLocalPart#execute(com.sun.org.apache.xpath.internal.XPathContext)#0 &amp; FuncNamespace#execute(com.sun.org.apache.xpath.internal.XPathContext)#0 &amp; FuncSubstring#execute(com.sun.org.apache.xpath.internal.XPathContext)#0 &amp; FuncGenerateId#execute(com.sun.org.apache.xpath.internal.XPathContext)#0 &amp; FuncStartsWith#execute(com.sun.org.apache.xpath.internal.XPathContext)#0 &amp; FuncTranslate#execute(com.sun.org.apache.xpath.internal.XPathContext)#0 &amp; FuncDoclocation#execute(com.sun.org.apache.xpath.internal.XPathContext)#0 &amp; FuncStringLength#execute(com.sun.org.apache.xpath.internal.XPathContext)#0 &amp; FuncExtFunction#execute(com.sun.org.apache.xpath.internal.XPathContext)#0 &amp; FuncNormalizeSpace#execute(com.sun.org.apache.xpath.internal.XPathContext)#0 &amp; FuncSubstringAfter#execute(com.sun.org.apache.xpath.internal.XPathContext)#0 &amp; FuncSubstringBefore#execute(com.sun.org.apache.xpath.internal.XPathContext)#0 &amp; FuncUnparsedEntityURI#execute(com.sun.org.apache.xpath.internal.XPathContext)#0 &amp; FuncSystemProperty#execute(com.sun.org.apache.xpath.internal.XPathContext)#0 &amp; FuncExtElementAvailable#execute(com.sun.org.apache.xpath.internal.XPathContext)#0 &amp; FuncExtFunctionAvailable#execute(com.sun.org.apache.xpath.internal.XPathContext)#0&quot; }"/>
        </annotation>
    </item>
    <item name='com.sun.org.apache.xpath.internal.functions.Function void callArgVisitors(com.sun.org.apache.xpath.internal.XPathVisitor)'>
        <annotation name='com.intellij.inspections.tainted.annotation.equation.Equations'>
            <val val="{ &quot;visitor := #callVisitors(com.sun.org.apache.xpath.internal.ExpressionOwner, com.sun.org.apache.xpath.internal.XPathVisitor)#1 &amp; FunctionOneArg#callArgVisitors(com.sun.org.apache.xpath.internal.XPathVisitor)#0 &amp; FuncExtFunction#callArgVisitors(com.sun.org.apache.xpath.internal.XPathVisitor)#0&quot; }"/>
        </annotation>
    </item>
    <item name='com.sun.org.apache.xpath.internal.functions.Function void checkNumberArgs(int)'>
        <annotation name='com.intellij.inspections.tainted.annotation.equation.Equations'>
            <val val="{ &quot;argNum := FunctionOneArg#checkNumberArgs(int)#0 &amp; FuncExtFunction#checkNumberArgs(int)#0&quot; }"/>
        </annotation>
    </item>
    <item name='com.sun.org.apache.xpath.internal.functions.Function void postCompileStep(com.sun.org.apache.xpath.internal.compiler.Compiler)'>
        <annotation name='com.intellij.inspections.tainted.annotation.equation.Equations'>
            <val val="{ &quot;compiler := com.sun.org.apache.xpath.internal.compiler.Compiler &amp; FuncLast#postCompileStep(com.sun.org.apache.xpath.internal.compiler.Compiler)#0 &amp; FuncPosition#postCompileStep(com.sun.org.apache.xpath.internal.compiler.Compiler)#0&quot; }"/>
        </annotation>
    </item>
    <item name='com.sun.org.apache.xpath.internal.functions.Function void setArg(com.sun.org.apache.xpath.internal.Expression, int)'>
        <annotation name='com.intellij.inspections.tainted.annotation.equation.Equations'>
            <val val="{ &quot;argNum := FuncExtFunction#setArg(com.sun.org.apache.xpath.internal.Expression, int)#1 &amp; FunctionOneArg#setArg(com.sun.org.apache.xpath.internal.Expression, int)#1&quot;, &quot;arg := FuncExtFunction#setArg(com.sun.org.apache.xpath.internal.Expression, int)#0 &amp; FunctionOneArg#setArg(com.sun.org.apache.xpath.internal.Expression, int)#0&quot; }"/>
        </annotation>
    </item>
    <item name='com.sun.org.apache.xpath.internal.functions.Function2Args boolean deepEquals(com.sun.org.apache.xpath.internal.Expression)'>
        <annotation name='com.intellij.inspections.tainted.annotation.equation.Equations'>
            <val val="{ &quot;expr := Function3Args#deepEquals(com.sun.org.apache.xpath.internal.Expression)#0&quot; }"/>
        </annotation>
    </item>
    <item name='com.sun.org.apache.xpath.internal.functions.Function2Args com.sun.org.apache.xpath.internal.Expression getArg1()'>
        <annotation name='com.intellij.inspections.tainted.annotation.equation.Equations'>
            <val val="{ &quot;getArg1 := Function2Args&quot; }"/>
        </annotation>
    </item>
    <item name='com.sun.org.apache.xpath.internal.functions.Function2Args void callArgVisitors(com.sun.org.apache.xpath.internal.XPathVisitor)'>
        <annotation name='com.intellij.inspections.tainted.annotation.equation.Equations'>
            <val val="{ &quot;visitor := Function3Args#callArgVisitors(com.sun.org.apache.xpath.internal.XPathVisitor)#0&quot; }"/>
        </annotation>
    </item>
    <item name='com.sun.org.apache.xpath.internal.functions.Function2Args void checkNumberArgs(int)'>
        <annotation name='com.intellij.inspections.tainted.annotation.equation.Equations'>
            <val val="{ &quot;argNum := Function3Args#checkNumberArgs(int)#0&quot; }"/>
        </annotation>
    </item>
    <item name='com.sun.org.apache.xpath.internal.functions.Function2Args void fixupVariables(java.util.Vector, int)'>
        <annotation name='com.intellij.inspections.tainted.annotation.equation.Equations'>
            <val val="{ &quot;globalsSize := Function3Args#fixupVariables(java.util.Vector, int)#1&quot;, &quot;vars := Function3Args#fixupVariables(java.util.Vector, int)#0&quot; }"/>
        </annotation>
    </item>
    <item name='com.sun.org.apache.xpath.internal.functions.Function2Args void setArg(com.sun.org.apache.xpath.internal.Expression, int)'>
        <annotation name='com.intellij.inspections.tainted.annotation.equation.Equations'>
            <val val="{ &quot;argNum := Function3Args#setArg(com.sun.org.apache.xpath.internal.Expression, int)#1&quot;, &quot;arg := Function3Args#setArg(com.sun.org.apache.xpath.internal.Expression, int)#0&quot; }"/>
        </annotation>
    </item>
    <item name='com.sun.org.apache.xpath.internal.functions.Function2Args.Arg1Owner'>
        <annotation name='com.intellij.inspections.tainted.annotation.equation.Equations'>
            <val val="{ &quot;Arg1Owner := #setExpression(com.sun.org.apache.xpath.internal.Expression)#0&quot; }"/>
        </annotation>
    </item>
    <item name='com.sun.org.apache.xpath.internal.functions.Function2Args.Arg1Owner com.sun.org.apache.xpath.internal.Expression getExpression()'>
        <annotation name='com.intellij.inspections.tainted.annotation.equation.Equations'>
            <val val="{ &quot;getExpression := Function2Args.Arg1Owner&quot; }"/>
        </annotation>
    </item>
    <item name='com.sun.org.apache.xpath.internal.functions.Function3Args boolean deepEquals(com.sun.org.apache.xpath.internal.Expression)'>
        <annotation name='com.intellij.inspections.tainted.annotation.equation.Equations'>
            <val val="{ &quot;expr := FunctionMultiArgs#deepEquals(com.sun.org.apache.xpath.internal.Expression)#0&quot; }"/>
        </annotation>
    </item>
    <item name='com.sun.org.apache.xpath.internal.functions.Function3Args com.sun.org.apache.xpath.internal.Expression getArg2()'>
        <annotation name='com.intellij.inspections.tainted.annotation.equation.Equations'>
            <val val="{ &quot;getArg2 := Function3Args&quot; }"/>
        </annotation>
    </item>
    <item name='com.sun.org.apache.xpath.internal.functions.Function3Args void callArgVisitors(com.sun.org.apache.xpath.internal.XPathVisitor)'>
        <annotation name='com.intellij.inspections.tainted.annotation.equation.Equations'>
            <val val="{ &quot;visitor := FunctionMultiArgs#callArgVisitors(com.sun.org.apache.xpath.internal.XPathVisitor)#0&quot; }"/>
        </annotation>
    </item>
    <item name='com.sun.org.apache.xpath.internal.functions.Function3Args void checkNumberArgs(int)'>
        <annotation name='com.intellij.inspections.tainted.annotation.equation.Equations'>
            <val val="{ &quot;argNum := FunctionMultiArgs#checkNumberArgs(int)#0 &amp; FuncSubstring#checkNumberArgs(int)#0&quot; }"/>
        </annotation>
    </item>
    <item name='com.sun.org.apache.xpath.internal.functions.Function3Args void fixupVariables(java.util.Vector, int)'>
        <annotation name='com.intellij.inspections.tainted.annotation.equation.Equations'>
            <val val="{ &quot;vars := FunctionMultiArgs#fixupVariables(java.util.Vector, int)#0&quot;, &quot;globalsSize := FunctionMultiArgs#fixupVariables(java.util.Vector, int)#1&quot; }"/>
        </annotation>
    </item>
    <item name='com.sun.org.apache.xpath.internal.functions.Function3Args void setArg(com.sun.org.apache.xpath.internal.Expression, int)'>
        <annotation name='com.intellij.inspections.tainted.annotation.equation.Equations'>
            <val val="{ &quot;argNum := FunctionMultiArgs#setArg(com.sun.org.apache.xpath.internal.Expression, int)#1&quot;, &quot;arg := FunctionMultiArgs#setArg(com.sun.org.apache.xpath.internal.Expression, int)#0&quot; }"/>
        </annotation>
    </item>
    <item name='com.sun.org.apache.xpath.internal.functions.Function3Args.Arg2Owner'>
        <annotation name='com.intellij.inspections.tainted.annotation.equation.Equations'>
            <val val="{ &quot;Arg2Owner := #setExpression(com.sun.org.apache.xpath.internal.Expression)#0&quot; }"/>
        </annotation>
    </item>
    <item name='com.sun.org.apache.xpath.internal.functions.Function3Args.Arg2Owner com.sun.org.apache.xpath.internal.Expression getExpression()'>
        <annotation name='com.intellij.inspections.tainted.annotation.equation.Equations'>
            <val val="{ &quot;getExpression := Function3Args.Arg2Owner&quot; }"/>
        </annotation>
    </item>
    <item name='com.sun.org.apache.xpath.internal.functions.FunctionDef1Arg com.sun.org.apache.xml.internal.utils.XMLString getArg0AsString(com.sun.org.apache.xpath.internal.XPathContext)'>
        <annotation name='com.intellij.inspections.tainted.annotation.equation.Equations'>
            <val val="{ &quot;xctxt := FuncString#execute(com.sun.org.apache.xpath.internal.XPathContext)#0 &amp; FuncNormalizeSpace#execute(com.sun.org.apache.xpath.internal.XPathContext)#0&quot;, &quot;getArg0AsString := com.sun.org.apache.xpath.internal.objects.XString#EMPTYSTRING&quot; }"/>
        </annotation>
    </item>
    <item name='com.sun.org.apache.xpath.internal.functions.FunctionDef1Arg double getArg0AsNumber(com.sun.org.apache.xpath.internal.XPathContext)'>
        <annotation name='com.intellij.inspections.tainted.annotation.equation.Equations'>
            <val val="{ &quot;xctxt := FuncNumber#execute(com.sun.org.apache.xpath.internal.XPathContext)#0&quot; }"/>
        </annotation>
    </item>
    <item name='com.sun.org.apache.xpath.internal.functions.FunctionDef1Arg int getArg0AsNode(com.sun.org.apache.xpath.internal.XPathContext)'>
        <annotation name='com.intellij.inspections.tainted.annotation.equation.Equations'>
            <val val="{ &quot;xctxt := FuncNormalizeSpace#executeCharsToContentHandler(com.sun.org.apache.xpath.internal.XPathContext, org.xml.sax.ContentHandler)#0 &amp; FuncQname#execute(com.sun.org.apache.xpath.internal.XPathContext)#0 &amp; FuncLocalPart#execute(com.sun.org.apache.xpath.internal.XPathContext)#0 &amp; FuncNamespace#execute(com.sun.org.apache.xpath.internal.XPathContext)#0 &amp; FuncGenerateId#execute(com.sun.org.apache.xpath.internal.XPathContext)#0 &amp; FuncDoclocation#execute(com.sun.org.apache.xpath.internal.XPathContext)#0&quot; }"/>
        </annotation>
    </item>
    <item name='com.sun.org.apache.xpath.internal.functions.FunctionMultiArgs'>
        <annotation name='com.intellij.inspections.tainted.annotation.equation.Equations'>
            <val val="{ &quot;FunctionMultiArgs := #setArg(com.sun.org.apache.xpath.internal.Expression, int)#0&quot; }"/>
        </annotation>
    </item>
    <item name='com.sun.org.apache.xpath.internal.functions.FunctionMultiArgs com.sun.org.apache.xpath.internal.Expression[] getArgs()'>
        <annotation name='com.intellij.inspections.tainted.annotation.equation.Equations'>
            <val val="{ &quot;getArgs := FunctionMultiArgs&quot; }"/>
        </annotation>
    </item>
    <item name='com.sun.org.apache.xpath.internal.functions.FunctionMultiArgs void checkNumberArgs(int)'>
        <annotation name='com.intellij.inspections.tainted.annotation.equation.Equations'>
            <val val="{ &quot;argNum := FuncConcat#checkNumberArgs(int)#0&quot; }"/>
        </annotation>
    </item>
    <item name='com.sun.org.apache.xpath.internal.functions.FunctionMultiArgs.ArgMultiOwner'>
        <annotation name='com.intellij.inspections.tainted.annotation.equation.Equations'>
            <val val="{ &quot;ArgMultiOwner := #setExpression(com.sun.org.apache.xpath.internal.Expression)#0&quot; }"/>
        </annotation>
    </item>
    <item name='com.sun.org.apache.xpath.internal.functions.FunctionMultiArgs.ArgMultiOwner ArgMultiOwner(int)'>
        <annotation name='com.intellij.inspections.tainted.annotation.equation.Equations'>
            <val val="{ &quot;ArgMultiOwner := FunctionMultiArgs.ArgMultiOwner&quot; }"/>
        </annotation>
    </item>
    <item name='com.sun.org.apache.xpath.internal.functions.FunctionMultiArgs.ArgMultiOwner com.sun.org.apache.xpath.internal.Expression getExpression()'>
        <annotation name='com.intellij.inspections.tainted.annotation.equation.Equations'>
            <val val="{ &quot;getExpression := FunctionMultiArgs.ArgMultiOwner&quot; }"/>
        </annotation>
    </item>
    <item name='com.sun.org.apache.xpath.internal.functions.FunctionOneArg'>
        <annotation name='com.intellij.inspections.tainted.annotation.equation.Equations'>
            <val val="{ &quot;FunctionOneArg := #setExpression(com.sun.org.apache.xpath.internal.Expression)#0&quot; }"/>
        </annotation>
    </item>
    <item name='com.sun.org.apache.xpath.internal.functions.FunctionOneArg boolean deepEquals(com.sun.org.apache.xpath.internal.Expression)'>
        <annotation name='com.intellij.inspections.tainted.annotation.equation.Equations'>
            <val val="{ &quot;expr := Function2Args#deepEquals(com.sun.org.apache.xpath.internal.Expression)#0&quot; }"/>
        </annotation>
    </item>
    <item name='com.sun.org.apache.xpath.internal.functions.FunctionOneArg com.sun.org.apache.xpath.internal.Expression getArg0()'>
        <annotation name='com.intellij.inspections.tainted.annotation.equation.Equations'>
            <val val="{ &quot;getArg0 := FunctionOneArg&quot; }"/>
        </annotation>
    </item>
    <item name='com.sun.org.apache.xpath.internal.functions.FunctionOneArg com.sun.org.apache.xpath.internal.Expression getExpression()'>
        <annotation name='com.intellij.inspections.tainted.annotation.equation.Equations'>
            <val val="{ &quot;getExpression := FunctionOneArg&quot; }"/>
        </annotation>
    </item>
    <item name='com.sun.org.apache.xpath.internal.functions.FunctionOneArg void callArgVisitors(com.sun.org.apache.xpath.internal.XPathVisitor)'>
        <annotation name='com.intellij.inspections.tainted.annotation.equation.Equations'>
            <val val="{ &quot;visitor := Function2Args#callArgVisitors(com.sun.org.apache.xpath.internal.XPathVisitor)#0&quot; }"/>
        </annotation>
    </item>
    <item name='com.sun.org.apache.xpath.internal.functions.FunctionOneArg void checkNumberArgs(int)'>
        <annotation name='com.intellij.inspections.tainted.annotation.equation.Equations'>
            <val val="{ &quot;argNum := Function2Args#checkNumberArgs(int)#0 &amp; FunctionDef1Arg#checkNumberArgs(int)#0&quot; }"/>
        </annotation>
    </item>
    <item name='com.sun.org.apache.xpath.internal.functions.FunctionOneArg void fixupVariables(java.util.Vector, int)'>
        <annotation name='com.intellij.inspections.tainted.annotation.equation.Equations'>
            <val val="{ &quot;globalsSize := Function2Args#fixupVariables(java.util.Vector, int)#1&quot;, &quot;vars := Function2Args#fixupVariables(java.util.Vector, int)#0&quot; }"/>
        </annotation>
    </item>
    <item name='com.sun.org.apache.xpath.internal.functions.FunctionOneArg void setArg(com.sun.org.apache.xpath.internal.Expression, int)'>
        <annotation name='com.intellij.inspections.tainted.annotation.equation.Equations'>
            <val val="{ &quot;argNum := Function2Args#setArg(com.sun.org.apache.xpath.internal.Expression, int)#1&quot;, &quot;arg := Function2Args#setArg(com.sun.org.apache.xpath.internal.Expression, int)#0&quot; }"/>
        </annotation>
    </item>
    <item name='com.sun.org.apache.xpath.internal.functions.WrongNumberArgsException WrongNumberArgsException(java.lang.String)'>
        <annotation name='com.intellij.inspections.tainted.annotation.equation.Equations'>
            <val val="{ &quot;WrongNumberArgsException := WrongNumberArgsException&quot; }"/>
        </annotation>
    </item>
</root>