<root>
    <item name='javax.security.auth.login.AccountException AccountException(java.lang.String)'>
        <annotation name='com.intellij.inspections.tainted.annotation.equation.Equations'>
            <val val="{ &quot;AccountException := AccountException&quot;, &quot;msg := AccountLockedException#AccountLockedException(java.lang.String)#0 &amp; AccountExpiredException#AccountExpiredException(java.lang.String)#0 &amp; AccountNotFoundException#AccountNotFoundException(java.lang.String)#0&quot; }"/>
        </annotation>
    </item>
    <item name='javax.security.auth.login.AccountExpiredException AccountExpiredException(java.lang.String)'>
        <annotation name='com.intellij.inspections.tainted.annotation.equation.Equations'>
            <val val="{ &quot;AccountExpiredException := AccountExpiredException&quot; }"/>
        </annotation>
    </item>
    <item name='javax.security.auth.login.AccountLockedException AccountLockedException(java.lang.String)'>
        <annotation name='com.intellij.inspections.tainted.annotation.equation.Equations'>
            <val val="{ &quot;AccountLockedException := AccountLockedException&quot; }"/>
        </annotation>
    </item>
    <item name='javax.security.auth.login.AccountNotFoundException AccountNotFoundException(java.lang.String)'>
        <annotation name='com.intellij.inspections.tainted.annotation.equation.Equations'>
            <val val="{ &quot;AccountNotFoundException := AccountNotFoundException&quot; }"/>
        </annotation>
    </item>
    <item name='javax.security.auth.login.AppConfigurationEntry AppConfigurationEntry(java.lang.String, javax.security.auth.login.AppConfigurationEntry.LoginModuleControlFlag, java.util.Map&lt;java.lang.String,?&gt;)'>
        <annotation name='com.intellij.inspections.tainted.annotation.equation.Equations'>
            <val val="{ &quot;options := &quot;, &quot;loginModuleName := com.sun.jmx.remote.security.JMXPluggableAuthenticator.FileLoginConfig#FILE_LOGIN_MODULE&quot;, &quot;AppConfigurationEntry := AppConfigurationEntry&quot;, &quot;controlFlag := AppConfigurationEntry.LoginModuleControlFlag#REQUIRED &amp; AppConfigurationEntry.LoginModuleControlFlag#REQUISITE &amp; AppConfigurationEntry.LoginModuleControlFlag#SUFFICIENT &amp; AppConfigurationEntry.LoginModuleControlFlag#OPTIONAL&quot; }"/>
        </annotation>
    </item>
    <item name='javax.security.auth.login.AppConfigurationEntry java.lang.String getLoginModuleName()'>
        <annotation name='com.intellij.inspections.tainted.annotation.equation.Equations'>
            <val val="{ &quot;getLoginModuleName := AppConfigurationEntry&quot; }"/>
        </annotation>
    </item>
    <item name='javax.security.auth.login.AppConfigurationEntry java.util.Map&lt;java.lang.String,?&gt; getOptions()'>
        <annotation name='com.intellij.inspections.tainted.annotation.equation.Equations'>
            <val val="{ &quot;getOptions := AppConfigurationEntry&quot; }"/>
        </annotation>
    </item>
    <item name='javax.security.auth.login.AppConfigurationEntry javax.security.auth.login.AppConfigurationEntry.LoginModuleControlFlag getControlFlag()'>
        <annotation name='com.intellij.inspections.tainted.annotation.equation.Equations'>
            <val val="{ &quot;getControlFlag := AppConfigurationEntry&quot; }"/>
        </annotation>
    </item>
    <item name='javax.security.auth.login.AppConfigurationEntry.LoginModuleControlFlag LoginModuleControlFlag(java.lang.String)'>
        <annotation name='com.intellij.inspections.tainted.annotation.equation.Equations'>
            <val val="{ &quot;LoginModuleControlFlag := AppConfigurationEntry.LoginModuleControlFlag&quot; }"/>
        </annotation>
    </item>
    <item name='javax.security.auth.login.AppConfigurationEntry.LoginModuleControlFlag java.lang.String toString()'>
        <annotation name='com.intellij.inspections.tainted.annotation.equation.Equations'>
            <val val="{ &quot;toString := AppConfigurationEntry.LoginModuleControlFlag&quot; }"/>
        </annotation>
    </item>
    <item name='javax.security.auth.login.Configuration'>
        <annotation name='com.intellij.inspections.tainted.annotation.equation.Equations'>
            <val val="{ &quot;Configuration := Configuration.ConfigDelegate&quot; }"/>
        </annotation>
    </item>
    <item name='javax.security.auth.login.Configuration Configuration()'>
        <annotation name='com.intellij.inspections.tainted.annotation.equation.Equations'>
            <val val="{ &quot;Configuration := Configuration&quot; }"/>
        </annotation>
    </item>
    <item name='javax.security.auth.login.Configuration java.lang.String getType()'>
        <annotation name='com.intellij.inspections.tainted.annotation.equation.Equations'>
            <val val="{ &quot;getType := Configuration.ConfigDelegate#getType()&quot; }"/>
        </annotation>
    </item>
    <item name='javax.security.auth.login.Configuration java.security.Provider getProvider()'>
        <annotation name='com.intellij.inspections.tainted.annotation.equation.Equations'>
            <val val="{ &quot;getProvider := Configuration.ConfigDelegate#getProvider()&quot; }"/>
        </annotation>
    </item>
    <item name='javax.security.auth.login.Configuration javax.security.auth.login.AppConfigurationEntry[] getAppConfigurationEntry(java.lang.String)'>
        <annotation name='com.intellij.inspections.tainted.annotation.equation.Equations'>
            <val val="{ &quot;getAppConfigurationEntry := com.sun.jmx.remote.security.JMXPluggableAuthenticator.FileLoginConfig#getAppConfigurationEntry(java.lang.String) &amp; sun.security.jgss.LoginConfigImpl#getAppConfigurationEntry(java.lang.String) &amp; Configuration.ConfigDelegate#getAppConfigurationEntry(java.lang.String) &amp; com.sun.security.auth.login.ConfigFile#getAppConfigurationEntry(java.lang.String)&quot;, &quot;name := com.sun.jmx.remote.security.JMXPluggableAuthenticator.FileLoginConfig#getAppConfigurationEntry(java.lang.String)#0 &amp; sun.security.jgss.LoginConfigImpl#getAppConfigurationEntry(java.lang.String)#0 &amp; Configuration.ConfigDelegate#getAppConfigurationEntry(java.lang.String)#0 &amp; com.sun.security.auth.login.ConfigFile#getAppConfigurationEntry(java.lang.String)#0&quot; }"/>
        </annotation>
    </item>
    <item name='javax.security.auth.login.Configuration javax.security.auth.login.Configuration getConfiguration()'>
        <annotation name='com.intellij.inspections.tainted.annotation.equation.Equations'>
            <val val="{ &quot;getConfiguration := Configuration&quot; }"/>
        </annotation>
    </item>
    <item name='javax.security.auth.login.Configuration javax.security.auth.login.Configuration.Parameters getParameters()'>
        <annotation name='com.intellij.inspections.tainted.annotation.equation.Equations'>
            <val val="{ &quot;getParameters := Configuration.ConfigDelegate#getParameters()&quot; }"/>
        </annotation>
    </item>
    <item name='javax.security.auth.login.Configuration void checkPermission(java.lang.String)'>
        <annotation name='com.intellij.inspections.tainted.annotation.equation.Equations'>
            <val val="{ &quot;type := #getInstance(java.lang.String, javax.security.auth.login.Configuration.Parameters)#0 &amp; #getInstance(java.lang.String, javax.security.auth.login.Configuration.Parameters, java.lang.String)#0 &amp; #getInstance(java.lang.String, javax.security.auth.login.Configuration.Parameters, java.security.Provider)#0&quot; }"/>
        </annotation>
    </item>
    <item name='javax.security.auth.login.Configuration.ConfigDelegate ConfigDelegate(javax.security.auth.login.ConfigurationSpi, java.security.Provider, java.lang.String, javax.security.auth.login.Configuration.Parameters)'>
        <annotation name='com.intellij.inspections.tainted.annotation.equation.Equations'>
            <val val="{ &quot;type := Configuration#getInstance(java.lang.String, javax.security.auth.login.Configuration.Parameters)#0 &amp; Configuration#getInstance(java.lang.String, javax.security.auth.login.Configuration.Parameters, java.lang.String)#0 &amp; Configuration#getInstance(java.lang.String, javax.security.auth.login.Configuration.Parameters, java.security.Provider)#0&quot;, &quot;params := Configuration#getInstance(java.lang.String, javax.security.auth.login.Configuration.Parameters)#1 &amp; Configuration#getInstance(java.lang.String, javax.security.auth.login.Configuration.Parameters, java.lang.String)#1 &amp; Configuration#getInstance(java.lang.String, javax.security.auth.login.Configuration.Parameters, java.security.Provider)#1&quot;, &quot;ConfigDelegate := Configuration.ConfigDelegate&quot; }"/>
        </annotation>
    </item>
    <item name='javax.security.auth.login.Configuration.ConfigDelegate java.lang.String getType()'>
        <annotation name='com.intellij.inspections.tainted.annotation.equation.Equations'>
            <val val="{ &quot;getType := Configuration.ConfigDelegate&quot; }"/>
        </annotation>
    </item>
    <item name='javax.security.auth.login.Configuration.ConfigDelegate java.security.Provider getProvider()'>
        <annotation name='com.intellij.inspections.tainted.annotation.equation.Equations'>
            <val val="{ &quot;getProvider := Configuration.ConfigDelegate&quot; }"/>
        </annotation>
    </item>
    <item name='javax.security.auth.login.Configuration.ConfigDelegate javax.security.auth.login.Configuration.Parameters getParameters()'>
        <annotation name='com.intellij.inspections.tainted.annotation.equation.Equations'>
            <val val="{ &quot;getParameters := Configuration.ConfigDelegate&quot; }"/>
        </annotation>
    </item>
    <item name='javax.security.auth.login.ConfigurationSpi'>
        <annotation name='com.intellij.inspections.tainted.annotation.equation.Equations'>
            <val val="{ &quot;ConfigurationSpi := sun.security.provider.ConfigFile.Spi&quot; }"/>
        </annotation>
    </item>
    <item name='javax.security.auth.login.ConfigurationSpi javax.security.auth.login.AppConfigurationEntry[] engineGetAppConfigurationEntry(java.lang.String)'>
        <annotation name='com.intellij.inspections.tainted.annotation.equation.Equations'>
            <val val="{ &quot;engineGetAppConfigurationEntry := sun.security.provider.ConfigFile.Spi#engineGetAppConfigurationEntry(java.lang.String)&quot;, &quot;name := sun.security.provider.ConfigFile.Spi#engineGetAppConfigurationEntry(java.lang.String)#0&quot; }"/>
        </annotation>
    </item>
    <item name='javax.security.auth.login.CredentialException CredentialException(java.lang.String)'>
        <annotation name='com.intellij.inspections.tainted.annotation.equation.Equations'>
            <val val="{ &quot;msg := CredentialExpiredException#CredentialExpiredException(java.lang.String)#0 &amp; CredentialNotFoundException#CredentialNotFoundException(java.lang.String)#0&quot;, &quot;CredentialException := CredentialException&quot; }"/>
        </annotation>
    </item>
    <item name='javax.security.auth.login.CredentialExpiredException CredentialExpiredException(java.lang.String)'>
        <annotation name='com.intellij.inspections.tainted.annotation.equation.Equations'>
            <val val="{ &quot;CredentialExpiredException := CredentialExpiredException&quot; }"/>
        </annotation>
    </item>
    <item name='javax.security.auth.login.CredentialNotFoundException CredentialNotFoundException(java.lang.String)'>
        <annotation name='com.intellij.inspections.tainted.annotation.equation.Equations'>
            <val val="{ &quot;CredentialNotFoundException := CredentialNotFoundException&quot; }"/>
        </annotation>
    </item>
    <item name='javax.security.auth.login.FailedLoginException FailedLoginException(java.lang.String)'>
        <annotation name='com.intellij.inspections.tainted.annotation.equation.Equations'>
            <val val="{ &quot;FailedLoginException := FailedLoginException&quot; }"/>
        </annotation>
    </item>
    <item name='javax.security.auth.login.LoginContext'>
        <annotation name='com.intellij.inspections.tainted.annotation.equation.Equations'>
            <val val="{ &quot;LoginContext := &quot; }"/>
        </annotation>
    </item>
    <item name='javax.security.auth.login.LoginContext LoginContext(java.lang.String)'>
        <annotation name='com.intellij.inspections.tainted.annotation.equation.Equations'>
            <val val="{ &quot;LoginContext := LoginContext&quot; }"/>
        </annotation>
    </item>
    <item name='javax.security.auth.login.LoginContext LoginContext(java.lang.String, javax.security.auth.Subject)'>
        <annotation name='com.intellij.inspections.tainted.annotation.equation.Equations'>
            <val val="{ &quot;LoginContext := LoginContext&quot;, &quot;subject := #LoginContext(java.lang.String, javax.security.auth.Subject, javax.security.auth.callback.CallbackHandler)#1&quot;, &quot;name := #LoginContext(java.lang.String, javax.security.auth.Subject, javax.security.auth.callback.CallbackHandler)#0&quot; }"/>
        </annotation>
    </item>
    <item name='javax.security.auth.login.LoginContext LoginContext(java.lang.String, javax.security.auth.Subject, javax.security.auth.callback.CallbackHandler)'>
        <annotation name='com.intellij.inspections.tainted.annotation.equation.Equations'>
            <val val="{ &quot;LoginContext := LoginContext&quot; }"/>
        </annotation>
    </item>
    <item name='javax.security.auth.login.LoginContext LoginContext(java.lang.String, javax.security.auth.Subject, javax.security.auth.callback.CallbackHandler, javax.security.auth.login.Configuration)'>
        <annotation name='com.intellij.inspections.tainted.annotation.equation.Equations'>
            <val val="{ &quot;name := com.sun.jmx.remote.security.JMXPluggableAuthenticator#LOGIN_CONFIG_NAME&quot;, &quot;LoginContext := LoginContext&quot;, &quot;callbackHandler := &quot;, &quot;config := &quot; }"/>
        </annotation>
    </item>
    <item name='javax.security.auth.login.LoginContext LoginContext(java.lang.String, javax.security.auth.callback.CallbackHandler)'>
        <annotation name='com.intellij.inspections.tainted.annotation.equation.Equations'>
            <val val="{ &quot;LoginContext := LoginContext&quot; }"/>
        </annotation>
    </item>
    <item name='javax.security.auth.login.LoginContext javax.security.auth.Subject getSubject()'>
        <annotation name='com.intellij.inspections.tainted.annotation.equation.Equations'>
            <val val="{ &quot;getSubject := LoginContext&quot; }"/>
        </annotation>
    </item>
    <item name='javax.security.auth.login.LoginContext void init(java.lang.String)'>
        <annotation name='com.intellij.inspections.tainted.annotation.equation.Equations'>
            <val val="{ &quot;name := #LoginContext(java.lang.String, javax.security.auth.callback.CallbackHandler)#0 &amp; #LoginContext(java.lang.String, javax.security.auth.Subject, javax.security.auth.callback.CallbackHandler, javax.security.auth.login.Configuration)#0 &amp; #LoginContext(java.lang.String)#0 &amp; #LoginContext(java.lang.String, javax.security.auth.Subject)#0&quot; }"/>
        </annotation>
    </item>
    <item name='javax.security.auth.login.LoginContext void invoke(java.lang.String)'>
        <annotation name='com.intellij.inspections.tainted.annotation.equation.Equations'>
            <val val="{ &quot;methodName := #invokePriv(java.lang.String)#0&quot; }"/>
        </annotation>
    </item>
    <item name='javax.security.auth.login.LoginContext void invokePriv(java.lang.String)'>
        <annotation name='com.intellij.inspections.tainted.annotation.equation.Equations'>
            <val val="{ &quot;methodName := #LOGIN_METHOD &amp; #COMMIT_METHOD &amp; #ABORT_METHOD &amp; #LOGOUT_METHOD&quot; }"/>
        </annotation>
    </item>
    <item name='javax.security.auth.login.LoginContext void throwException(javax.security.auth.login.LoginException, javax.security.auth.login.LoginException)'>
        <annotation name='com.intellij.inspections.tainted.annotation.equation.Equations'>
            <val val="{ &quot;originalError := LoginContext&quot; }"/>
        </annotation>
    </item>
    <item name='javax.security.auth.login.LoginContext.ModuleInfo ModuleInfo(javax.security.auth.login.AppConfigurationEntry, java.lang.Object)'>
        <annotation name='com.intellij.inspections.tainted.annotation.equation.Equations'>
            <val val="{ &quot;ModuleInfo := LoginContext.ModuleInfo&quot; }"/>
        </annotation>
    </item>
    <item name='javax.security.auth.login.LoginContext.SecureCallbackHandler SecureCallbackHandler(java.security.AccessControlContext, javax.security.auth.callback.CallbackHandler)'>
        <annotation name='com.intellij.inspections.tainted.annotation.equation.Equations'>
            <val val="{ &quot;ch := LoginContext &amp; LoginContext#LoginContext(java.lang.String, javax.security.auth.callback.CallbackHandler)#1 &amp; LoginContext#LoginContext(java.lang.String, javax.security.auth.Subject, javax.security.auth.callback.CallbackHandler, javax.security.auth.login.Configuration)#2 &amp; LoginContext#LoginContext(java.lang.String, javax.security.auth.Subject, javax.security.auth.callback.CallbackHandler)#2&quot;, &quot;SecureCallbackHandler := LoginContext.SecureCallbackHandler&quot;, &quot;acc := &quot; }"/>
        </annotation>
    </item>
    <item name='javax.security.auth.login.LoginException LoginException(java.lang.String)'>
        <annotation name='com.intellij.inspections.tainted.annotation.equation.Equations'>
            <val val="{ &quot;LoginException := LoginException&quot;, &quot;msg := com.sun.jmx.remote.security.FileLoginModule &amp; com.sun.security.auth.module.KeyStoreLoginModule &amp; AccountException#AccountException(java.lang.String)#0 &amp; CredentialException#CredentialException(java.lang.String)#0 &amp; FailedLoginException#FailedLoginException(java.lang.String)#0&quot; }"/>
        </annotation>
    </item>
</root>