<root>
    <item name='com.sun.org.apache.xml.internal.security.algorithms.Algorithm'>
        <annotation name='com.intellij.inspections.tainted.annotation.equation.Equations'>
            <val val="{ &quot;Algorithm := MessageDigestAlgorithm &amp; SignatureAlgorithm&quot; }"/>
        </annotation>
    </item>
    <item name='com.sun.org.apache.xml.internal.security.algorithms.Algorithm Algorithm(org.w3c.dom.Document, java.lang.String)'>
        <annotation name='com.intellij.inspections.tainted.annotation.equation.Equations'>
            <val val="{ &quot;doc := MessageDigestAlgorithm#MessageDigestAlgorithm(org.w3c.dom.Document, java.lang.String)#0 &amp; SignatureAlgorithm#SignatureAlgorithm(org.w3c.dom.Document, java.lang.String)#0 &amp; SignatureAlgorithm#SignatureAlgorithm(org.w3c.dom.Document, java.lang.String, int)#0&quot;, &quot;algorithmURI := MessageDigestAlgorithm#MessageDigestAlgorithm(org.w3c.dom.Document, java.lang.String)#1 &amp; SignatureAlgorithm#SignatureAlgorithm(org.w3c.dom.Document, java.lang.String)#1 &amp; SignatureAlgorithm#SignatureAlgorithm(org.w3c.dom.Document, java.lang.String, int)#1&quot;, &quot;Algorithm := Algorithm&quot; }"/>
        </annotation>
    </item>
    <item name='com.sun.org.apache.xml.internal.security.algorithms.Algorithm Algorithm(org.w3c.dom.Element, java.lang.String)'>
        <annotation name='com.intellij.inspections.tainted.annotation.equation.Equations'>
            <val val="{ &quot;BaseURI := SignatureAlgorithm#SignatureAlgorithm(org.w3c.dom.Element, java.lang.String, boolean)#1&quot;, &quot;element := SignatureAlgorithm#SignatureAlgorithm(org.w3c.dom.Element, java.lang.String, boolean)#0&quot;, &quot;Algorithm := Algorithm&quot; }"/>
        </annotation>
    </item>
    <item name='com.sun.org.apache.xml.internal.security.algorithms.Algorithm void setAlgorithmURI(java.lang.String)'>
        <annotation name='com.intellij.inspections.tainted.annotation.equation.Equations'>
            <val val="{ &quot;algorithmURI := #Algorithm(org.w3c.dom.Document, java.lang.String)#1&quot; }"/>
        </annotation>
    </item>
    <item name='com.sun.org.apache.xml.internal.security.algorithms.ClassLoaderUtils java.lang.Class&lt;?&gt; loadClass(java.lang.String, java.lang.Class&lt;?&gt;)'>
        <annotation name='com.intellij.inspections.tainted.annotation.equation.Equations'>
            <val val="{ &quot;className := SignatureAlgorithm#register(java.lang.String, java.lang.String)#1&quot; }"/>
        </annotation>
    </item>
    <item name='com.sun.org.apache.xml.internal.security.algorithms.ClassLoaderUtils java.lang.Class&lt;?&gt; loadClass2(java.lang.String, java.lang.Class&lt;?&gt;)'>
        <annotation name='com.intellij.inspections.tainted.annotation.equation.Equations'>
            <val val="{ &quot;callingClass := #loadClass(java.lang.String, java.lang.Class)#1&quot;, &quot;className := #loadClass(java.lang.String, java.lang.Class)#0&quot; }"/>
        </annotation>
    </item>
    <item name='com.sun.org.apache.xml.internal.security.algorithms.ClassLoaderUtils java.net.URL getResource(java.lang.String, java.lang.Class&lt;?&gt;)'>
        <annotation name='com.intellij.inspections.tainted.annotation.equation.Equations'>
            <val val="{ &quot;callingClass := #getResourceAsStream(java.lang.String, java.lang.Class)#1&quot;, &quot;resourceName := #getResourceAsStream(java.lang.String, java.lang.Class)#0&quot; }"/>
        </annotation>
    </item>
    <item name='com.sun.org.apache.xml.internal.security.algorithms.JCEMapper'>
        <annotation name='com.intellij.inspections.tainted.annotation.equation.Equations'>
            <val val="{ &quot;JCEMapper := #setProviderId(java.lang.String)#0&quot; }"/>
        </annotation>
    </item>
    <item name='com.sun.org.apache.xml.internal.security.algorithms.JCEMapper java.lang.String getJCEKeyAlgorithmFromURI(java.lang.String)'>
        <annotation name='com.intellij.inspections.tainted.annotation.equation.Equations'>
            <val val="{ &quot;algorithmURI := com.sun.org.apache.xml.internal.security.encryption.XMLCipher#decryptKey(com.sun.org.apache.xml.internal.security.encryption.EncryptedKey, java.lang.String)#1&quot; }"/>
        </annotation>
    </item>
    <item name='com.sun.org.apache.xml.internal.security.algorithms.JCEMapper java.lang.String getProviderId()'>
        <annotation name='com.intellij.inspections.tainted.annotation.equation.Equations'>
            <val val="{ &quot;getProviderId := JCEMapper&quot; }"/>
        </annotation>
    </item>
    <item name='com.sun.org.apache.xml.internal.security.algorithms.JCEMapper java.lang.String translateURItoJCEID(java.lang.String)'>
        <annotation name='com.intellij.inspections.tainted.annotation.equation.Equations'>
            <val val="{ &quot;algorithmURI := com.sun.org.apache.xml.internal.security.encryption.XMLCipher#constructOAEPParameters(java.lang.String, java.lang.String, java.lang.String, byte[])#1 &amp; com.sun.org.apache.xml.internal.security.encryption.XMLCipher#constructCipher(java.lang.String, java.lang.String)#0 &amp; com.sun.org.apache.xml.internal.security.keys.content.x509.XMLX509Digest#getDigestBytesFromCert(java.security.cert.X509Certificate, java.lang.String)#1 &amp; MessageDigestAlgorithm#getDigestInstance(java.lang.String)#0&quot; }"/>
        </annotation>
    </item>
    <item name='com.sun.org.apache.xml.internal.security.algorithms.JCEMapper.Algorithm Algorithm(java.lang.String, java.lang.String)'>
        <annotation name='com.intellij.inspections.tainted.annotation.equation.Equations'>
            <val val="{ &quot;Algorithm := JCEMapper.Algorithm&quot; }"/>
        </annotation>
    </item>
    <item name='com.sun.org.apache.xml.internal.security.algorithms.JCEMapper.Algorithm Algorithm(java.lang.String, java.lang.String, int)'>
        <annotation name='com.intellij.inspections.tainted.annotation.equation.Equations'>
            <val val="{ &quot;Algorithm := JCEMapper.Algorithm&quot; }"/>
        </annotation>
    </item>
    <item name='com.sun.org.apache.xml.internal.security.algorithms.JCEMapper.Algorithm Algorithm(java.lang.String, java.lang.String, java.lang.String)'>
        <annotation name='com.intellij.inspections.tainted.annotation.equation.Equations'>
            <val val="{ &quot;Algorithm := JCEMapper.Algorithm&quot; }"/>
        </annotation>
    </item>
    <item name='com.sun.org.apache.xml.internal.security.algorithms.JCEMapper.Algorithm Algorithm(java.lang.String, java.lang.String, java.lang.String, int)'>
        <annotation name='com.intellij.inspections.tainted.annotation.equation.Equations'>
            <val val="{ &quot;algorithmClass := #Algorithm(java.lang.String, java.lang.String, java.lang.String)#2&quot;, &quot;keyLength := #Algorithm(java.lang.String, java.lang.String, int)#2&quot;, &quot;jceName := #Algorithm(java.lang.String, java.lang.String)#1 &amp; #Algorithm(java.lang.String, java.lang.String, java.lang.String)#1 &amp; #Algorithm(java.lang.String, java.lang.String, int)#1&quot;, &quot;requiredKey := #Algorithm(java.lang.String, java.lang.String)#0 &amp; #Algorithm(java.lang.String, java.lang.String, java.lang.String)#0 &amp; #Algorithm(java.lang.String, java.lang.String, int)#0&quot;, &quot;Algorithm := JCEMapper.Algorithm&quot; }"/>
        </annotation>
    </item>
    <item name='com.sun.org.apache.xml.internal.security.algorithms.JCEMapper.Algorithm Algorithm(org.w3c.dom.Element)'>
        <annotation name='com.intellij.inspections.tainted.annotation.equation.Equations'>
            <val val="{ &quot;Algorithm := JCEMapper.Algorithm&quot; }"/>
        </annotation>
    </item>
    <item name='com.sun.org.apache.xml.internal.security.algorithms.MessageDigestAlgorithm MessageDigestAlgorithm(org.w3c.dom.Document, java.lang.String)'>
        <annotation name='com.intellij.inspections.tainted.annotation.equation.Equations'>
            <val val="{ &quot;doc := #getInstance(org.w3c.dom.Document, java.lang.String)#0&quot;, &quot;algorithmURI := #getInstance(org.w3c.dom.Document, java.lang.String)#1&quot;, &quot;MessageDigestAlgorithm := MessageDigestAlgorithm&quot; }"/>
        </annotation>
    </item>
    <item name='com.sun.org.apache.xml.internal.security.algorithms.MessageDigestAlgorithm boolean isEqual(byte[], byte[])'>
        <annotation name='com.intellij.inspections.tainted.annotation.equation.Equations'>
            <val val="{ &quot;digesta := &quot;, &quot;digestb := com.sun.org.apache.xml.internal.security.algorithms.implementations.IntegrityHmac#engineVerify(byte[])#0&quot; }"/>
        </annotation>
    </item>
    <item name='com.sun.org.apache.xml.internal.security.algorithms.MessageDigestAlgorithm com.sun.org.apache.xml.internal.security.algorithms.MessageDigestAlgorithm getInstance(org.w3c.dom.Document, java.lang.String)'>
        <annotation name='com.intellij.inspections.tainted.annotation.equation.Equations'>
            <val val="{ &quot;algorithmURI := com.sun.org.apache.xml.internal.security.signature.Reference#Reference(org.w3c.dom.Document, java.lang.String, java.lang.String, com.sun.org.apache.xml.internal.security.signature.Manifest, com.sun.org.apache.xml.internal.security.transforms.Transforms, java.lang.String)#5&quot;, &quot;doc := com.sun.org.apache.xml.internal.security.signature.Reference&quot; }"/>
        </annotation>
    </item>
    <item name='com.sun.org.apache.xml.internal.security.algorithms.MessageDigestAlgorithm java.lang.String getBaseLocalName()'>
        <annotation name='com.intellij.inspections.tainted.annotation.equation.Equations'>
            <val val="{ &quot;getBaseLocalName := com.sun.org.apache.xml.internal.security.utils.Constants#_TAG_DIGESTMETHOD&quot; }"/>
        </annotation>
    </item>
    <item name='com.sun.org.apache.xml.internal.security.algorithms.MessageDigestAlgorithm java.lang.String getBaseNamespace()'>
        <annotation name='com.intellij.inspections.tainted.annotation.equation.Equations'>
            <val val="{ &quot;getBaseNamespace := com.sun.org.apache.xml.internal.security.utils.Constants#SignatureSpecNS&quot; }"/>
        </annotation>
    </item>
    <item name='com.sun.org.apache.xml.internal.security.algorithms.MessageDigestAlgorithm java.security.MessageDigest getAlgorithm()'>
        <annotation name='com.intellij.inspections.tainted.annotation.equation.Equations'>
            <val val="{ &quot;getAlgorithm := MessageDigestAlgorithm&quot; }"/>
        </annotation>
    </item>
    <item name='com.sun.org.apache.xml.internal.security.algorithms.MessageDigestAlgorithm java.security.MessageDigest getDigestInstance(java.lang.String)'>
        <annotation name='com.intellij.inspections.tainted.annotation.equation.Equations'>
            <val val="{ &quot;algorithmURI := #MessageDigestAlgorithm(org.w3c.dom.Document, java.lang.String)#1&quot; }"/>
        </annotation>
    </item>
    <item name='com.sun.org.apache.xml.internal.security.algorithms.MessageDigestAlgorithm void update(byte)'>
        <annotation name='com.intellij.inspections.tainted.annotation.equation.Equations'>
            <val val="{ &quot;input := com.sun.org.apache.xml.internal.security.utils.DigesterOutputStream#write(int)#0&quot; }"/>
        </annotation>
    </item>
    <item name='com.sun.org.apache.xml.internal.security.algorithms.MessageDigestAlgorithm void update(byte[], int, int)'>
        <annotation name='com.intellij.inspections.tainted.annotation.equation.Equations'>
            <val val="{ &quot;len := com.sun.org.apache.xml.internal.security.utils.DigesterOutputStream#write(byte[], int, int)#2&quot;, &quot;buf := com.sun.org.apache.xml.internal.security.utils.DigesterOutputStream#write(byte[], int, int)#0&quot;, &quot;offset := com.sun.org.apache.xml.internal.security.utils.DigesterOutputStream#write(byte[], int, int)#1&quot; }"/>
        </annotation>
    </item>
    <item name='com.sun.org.apache.xml.internal.security.algorithms.SignatureAlgorithm'>
        <annotation name='com.intellij.inspections.tainted.annotation.equation.Equations'>
            <val val="{ &quot;SignatureAlgorithm := &quot; }"/>
        </annotation>
    </item>
    <item name='com.sun.org.apache.xml.internal.security.algorithms.SignatureAlgorithm SignatureAlgorithm(org.w3c.dom.Document, java.lang.String)'>
        <annotation name='com.intellij.inspections.tainted.annotation.equation.Equations'>
            <val val="{ &quot;SignatureAlgorithm := SignatureAlgorithm&quot;, &quot;doc := com.sun.org.apache.xml.internal.security.signature.SignedInfo&quot;, &quot;algorithmURI := com.sun.org.apache.xml.internal.security.signature.SignedInfo#SignedInfo(org.w3c.dom.Document, java.lang.String, int, java.lang.String)#1&quot; }"/>
        </annotation>
    </item>
    <item name='com.sun.org.apache.xml.internal.security.algorithms.SignatureAlgorithm SignatureAlgorithm(org.w3c.dom.Document, java.lang.String, int)'>
        <annotation name='com.intellij.inspections.tainted.annotation.equation.Equations'>
            <val val="{ &quot;doc := com.sun.org.apache.xml.internal.security.signature.SignedInfo&quot;, &quot;hmacOutputLength := com.sun.org.apache.xml.internal.security.signature.SignedInfo#SignedInfo(org.w3c.dom.Document, java.lang.String, int, java.lang.String)#2&quot;, &quot;algorithmURI := com.sun.org.apache.xml.internal.security.signature.SignedInfo#SignedInfo(org.w3c.dom.Document, java.lang.String, int, java.lang.String)#1&quot;, &quot;SignatureAlgorithm := SignatureAlgorithm&quot; }"/>
        </annotation>
    </item>
    <item name='com.sun.org.apache.xml.internal.security.algorithms.SignatureAlgorithm SignatureAlgorithm(org.w3c.dom.Element, java.lang.String)'>
        <annotation name='com.intellij.inspections.tainted.annotation.equation.Equations'>
            <val val="{ &quot;element := com.sun.org.apache.xml.internal.security.signature.SignedInfo#SignedInfo(org.w3c.dom.Document, org.w3c.dom.Element, org.w3c.dom.Element)#1&quot;, &quot;SignatureAlgorithm := SignatureAlgorithm&quot; }"/>
        </annotation>
    </item>
    <item name='com.sun.org.apache.xml.internal.security.algorithms.SignatureAlgorithm SignatureAlgorithm(org.w3c.dom.Element, java.lang.String, boolean)'>
        <annotation name='com.intellij.inspections.tainted.annotation.equation.Equations'>
            <val val="{ &quot;SignatureAlgorithm := SignatureAlgorithm&quot;, &quot;element := com.sun.org.apache.xml.internal.security.signature.SignedInfo &amp; #SignatureAlgorithm(org.w3c.dom.Element, java.lang.String)#0&quot;, &quot;baseURI := #SignatureAlgorithm(org.w3c.dom.Element, java.lang.String)#1&quot; }"/>
        </annotation>
    </item>
    <item name='com.sun.org.apache.xml.internal.security.algorithms.SignatureAlgorithm com.sun.org.apache.xml.internal.security.algorithms.SignatureAlgorithmSpi getSignatureAlgorithmSpi(java.lang.String)'>
        <annotation name='com.intellij.inspections.tainted.annotation.equation.Equations'>
            <val val="{ &quot;algorithmURI := #SignatureAlgorithm(org.w3c.dom.Document, java.lang.String)#1 &amp; #SignatureAlgorithm(org.w3c.dom.Document, java.lang.String, int)#1 &amp; SignatureAlgorithm&quot; }"/>
        </annotation>
    </item>
    <item name='com.sun.org.apache.xml.internal.security.algorithms.SignatureAlgorithm java.lang.String getBaseLocalName()'>
        <annotation name='com.intellij.inspections.tainted.annotation.equation.Equations'>
            <val val="{ &quot;getBaseLocalName := com.sun.org.apache.xml.internal.security.utils.Constants#_TAG_SIGNATUREMETHOD&quot; }"/>
        </annotation>
    </item>
    <item name='com.sun.org.apache.xml.internal.security.algorithms.SignatureAlgorithm java.lang.String getBaseNamespace()'>
        <annotation name='com.intellij.inspections.tainted.annotation.equation.Equations'>
            <val val="{ &quot;getBaseNamespace := com.sun.org.apache.xml.internal.security.utils.Constants#SignatureSpecNS&quot; }"/>
        </annotation>
    </item>
    <item name='com.sun.org.apache.xml.internal.security.algorithms.SignatureAlgorithm void initSign(java.security.Key)'>
        <annotation name='com.intellij.inspections.tainted.annotation.equation.Equations'>
            <val val="{ &quot;signingKey := com.sun.org.apache.xml.internal.security.signature.XMLSignature#sign(java.security.Key)#0&quot; }"/>
        </annotation>
    </item>
    <item name='com.sun.org.apache.xml.internal.security.algorithms.SignatureAlgorithm void initVerify(java.security.Key)'>
        <annotation name='com.intellij.inspections.tainted.annotation.equation.Equations'>
            <val val="{ &quot;verificationKey := com.sun.org.apache.xml.internal.security.signature.XMLSignature#checkSignatureValue(java.security.Key)#0&quot; }"/>
        </annotation>
    </item>
    <item name='com.sun.org.apache.xml.internal.security.algorithms.SignatureAlgorithm void update(byte)'>
        <annotation name='com.intellij.inspections.tainted.annotation.equation.Equations'>
            <val val="{ &quot;input := com.sun.org.apache.xml.internal.security.utils.SignerOutputStream#write(int)#0&quot; }"/>
        </annotation>
    </item>
    <item name='com.sun.org.apache.xml.internal.security.algorithms.SignatureAlgorithm void update(byte[])'>
        <annotation name='com.intellij.inspections.tainted.annotation.equation.Equations'>
            <val val="{ &quot;input := com.sun.org.apache.xml.internal.security.utils.SignerOutputStream#write(byte[])#0&quot; }"/>
        </annotation>
    </item>
    <item name='com.sun.org.apache.xml.internal.security.algorithms.SignatureAlgorithm void update(byte[], int, int)'>
        <annotation name='com.intellij.inspections.tainted.annotation.equation.Equations'>
            <val val="{ &quot;len := com.sun.org.apache.xml.internal.security.utils.SignerOutputStream#write(byte[], int, int)#2&quot;, &quot;buf := com.sun.org.apache.xml.internal.security.utils.SignerOutputStream#write(byte[], int, int)#0&quot;, &quot;offset := com.sun.org.apache.xml.internal.security.utils.SignerOutputStream#write(byte[], int, int)#1&quot; }"/>
        </annotation>
    </item>
    <item name='com.sun.org.apache.xml.internal.security.algorithms.SignatureAlgorithmSpi'>
        <annotation name='com.intellij.inspections.tainted.annotation.equation.Equations'>
            <val val="{ &quot;SignatureAlgorithmSpi := com.sun.org.apache.xml.internal.security.algorithms.implementations.SignatureDSA &amp; com.sun.org.apache.xml.internal.security.algorithms.implementations.IntegrityHmac &amp; com.sun.org.apache.xml.internal.security.algorithms.implementations.SignatureBaseRSA &amp; com.sun.org.apache.xml.internal.security.algorithms.implementations.SignatureECDSA&quot; }"/>
        </annotation>
    </item>
    <item name='com.sun.org.apache.xml.internal.security.algorithms.SignatureAlgorithmSpi boolean engineVerify(byte[])'>
        <annotation name='com.intellij.inspections.tainted.annotation.equation.Equations'>
            <val val="{ &quot;signature := com.sun.org.apache.xml.internal.security.algorithms.implementations.IntegrityHmac#engineVerify(byte[])#0 &amp; com.sun.org.apache.xml.internal.security.algorithms.implementations.SignatureDSA#engineVerify(byte[])#0 &amp; com.sun.org.apache.xml.internal.security.algorithms.implementations.SignatureBaseRSA#engineVerify(byte[])#0 &amp; com.sun.org.apache.xml.internal.security.algorithms.implementations.SignatureECDSA#engineVerify(byte[])#0&quot; }"/>
        </annotation>
    </item>
    <item name='com.sun.org.apache.xml.internal.security.algorithms.SignatureAlgorithmSpi byte[] engineSign()'>
        <annotation name='com.intellij.inspections.tainted.annotation.equation.Equations'>
            <val val="{ &quot;engineSign := com.sun.org.apache.xml.internal.security.algorithms.implementations.SignatureDSA#engineSign() &amp; com.sun.org.apache.xml.internal.security.algorithms.implementations.IntegrityHmac#engineSign() &amp; com.sun.org.apache.xml.internal.security.algorithms.implementations.SignatureBaseRSA#engineSign() &amp; com.sun.org.apache.xml.internal.security.algorithms.implementations.SignatureECDSA#engineSign()&quot; }"/>
        </annotation>
    </item>
    <item name='com.sun.org.apache.xml.internal.security.algorithms.SignatureAlgorithmSpi java.lang.String engineGetJCEAlgorithmString()'>
        <annotation name='com.intellij.inspections.tainted.annotation.equation.Equations'>
            <val val="{ &quot;engineGetJCEAlgorithmString := com.sun.org.apache.xml.internal.security.algorithms.implementations.SignatureDSA#engineGetJCEAlgorithmString() &amp; com.sun.org.apache.xml.internal.security.algorithms.implementations.IntegrityHmac#engineGetJCEAlgorithmString() &amp; com.sun.org.apache.xml.internal.security.algorithms.implementations.SignatureBaseRSA#engineGetJCEAlgorithmString() &amp; com.sun.org.apache.xml.internal.security.algorithms.implementations.SignatureECDSA#engineGetJCEAlgorithmString()&quot; }"/>
        </annotation>
    </item>
    <item name='com.sun.org.apache.xml.internal.security.algorithms.SignatureAlgorithmSpi java.lang.String engineGetJCEProviderName()'>
        <annotation name='com.intellij.inspections.tainted.annotation.equation.Equations'>
            <val val="{ &quot;engineGetJCEProviderName := com.sun.org.apache.xml.internal.security.algorithms.implementations.SignatureDSA#engineGetJCEProviderName() &amp; com.sun.org.apache.xml.internal.security.algorithms.implementations.IntegrityHmac#engineGetJCEProviderName() &amp; com.sun.org.apache.xml.internal.security.algorithms.implementations.SignatureBaseRSA#engineGetJCEProviderName() &amp; com.sun.org.apache.xml.internal.security.algorithms.implementations.SignatureECDSA#engineGetJCEProviderName()&quot; }"/>
        </annotation>
    </item>
    <item name='com.sun.org.apache.xml.internal.security.algorithms.SignatureAlgorithmSpi java.lang.String engineGetURI()'>
        <annotation name='com.intellij.inspections.tainted.annotation.equation.Equations'>
            <val val="{ &quot;engineGetURI := com.sun.org.apache.xml.internal.security.algorithms.implementations.SignatureDSA#engineGetURI() &amp; com.sun.org.apache.xml.internal.security.algorithms.implementations.IntegrityHmac#engineGetURI() &amp; com.sun.org.apache.xml.internal.security.algorithms.implementations.SignatureBaseRSA#engineGetURI() &amp; com.sun.org.apache.xml.internal.security.algorithms.implementations.SignatureECDSA#engineGetURI()&quot; }"/>
        </annotation>
    </item>
    <item name='com.sun.org.apache.xml.internal.security.algorithms.SignatureAlgorithmSpi void engineGetContextFromElement(org.w3c.dom.Element)'>
        <annotation name='com.intellij.inspections.tainted.annotation.equation.Equations'>
            <val val="{ &quot;element := com.sun.org.apache.xml.internal.security.algorithms.implementations.IntegrityHmac#engineGetContextFromElement(org.w3c.dom.Element)#0&quot; }"/>
        </annotation>
    </item>
    <item name='com.sun.org.apache.xml.internal.security.algorithms.SignatureAlgorithmSpi void engineInitSign(java.security.Key)'>
        <annotation name='com.intellij.inspections.tainted.annotation.equation.Equations'>
            <val val="{ &quot;signingKey := com.sun.org.apache.xml.internal.security.algorithms.implementations.SignatureDSA#engineInitSign(java.security.Key)#0 &amp; com.sun.org.apache.xml.internal.security.algorithms.implementations.SignatureBaseRSA#engineInitSign(java.security.Key)#0 &amp; com.sun.org.apache.xml.internal.security.algorithms.implementations.SignatureECDSA#engineInitSign(java.security.Key)#0 &amp; com.sun.org.apache.xml.internal.security.algorithms.implementations.IntegrityHmac#engineInitSign(java.security.Key)#0&quot; }"/>
        </annotation>
    </item>
    <item name='com.sun.org.apache.xml.internal.security.algorithms.SignatureAlgorithmSpi void engineInitSign(java.security.Key, java.security.SecureRandom)'>
        <annotation name='com.intellij.inspections.tainted.annotation.equation.Equations'>
            <val val="{ &quot;signingKey := com.sun.org.apache.xml.internal.security.algorithms.implementations.SignatureDSA#engineInitSign(java.security.Key, java.security.SecureRandom)#0 &amp; com.sun.org.apache.xml.internal.security.algorithms.implementations.SignatureBaseRSA#engineInitSign(java.security.Key, java.security.SecureRandom)#0 &amp; com.sun.org.apache.xml.internal.security.algorithms.implementations.SignatureECDSA#engineInitSign(java.security.Key, java.security.SecureRandom)#0 &amp; com.sun.org.apache.xml.internal.security.algorithms.implementations.IntegrityHmac#engineInitSign(java.security.Key, java.security.SecureRandom)#0&quot;, &quot;secureRandom := com.sun.org.apache.xml.internal.security.algorithms.implementations.SignatureDSA#engineInitSign(java.security.Key, java.security.SecureRandom)#1 &amp; com.sun.org.apache.xml.internal.security.algorithms.implementations.SignatureBaseRSA#engineInitSign(java.security.Key, java.security.SecureRandom)#1 &amp; com.sun.org.apache.xml.internal.security.algorithms.implementations.SignatureECDSA#engineInitSign(java.security.Key, java.security.SecureRandom)#1 &amp; com.sun.org.apache.xml.internal.security.algorithms.implementations.IntegrityHmac#engineInitSign(java.security.Key, java.security.SecureRandom)#1&quot; }"/>
        </annotation>
    </item>
    <item name='com.sun.org.apache.xml.internal.security.algorithms.SignatureAlgorithmSpi void engineInitSign(java.security.Key, java.security.spec.AlgorithmParameterSpec)'>
        <annotation name='com.intellij.inspections.tainted.annotation.equation.Equations'>
            <val val="{ &quot;signingKey := com.sun.org.apache.xml.internal.security.algorithms.implementations.SignatureDSA#engineInitSign(java.security.Key, java.security.spec.AlgorithmParameterSpec)#0 &amp; com.sun.org.apache.xml.internal.security.algorithms.implementations.IntegrityHmac#engineInitSign(java.security.Key, java.security.spec.AlgorithmParameterSpec)#0 &amp; com.sun.org.apache.xml.internal.security.algorithms.implementations.SignatureBaseRSA#engineInitSign(java.security.Key, java.security.spec.AlgorithmParameterSpec)#0 &amp; com.sun.org.apache.xml.internal.security.algorithms.implementations.SignatureECDSA#engineInitSign(java.security.Key, java.security.spec.AlgorithmParameterSpec)#0&quot;, &quot;algorithmParameterSpec := com.sun.org.apache.xml.internal.security.algorithms.implementations.SignatureDSA#engineInitSign(java.security.Key, java.security.spec.AlgorithmParameterSpec)#1 &amp; com.sun.org.apache.xml.internal.security.algorithms.implementations.IntegrityHmac#engineInitSign(java.security.Key, java.security.spec.AlgorithmParameterSpec)#1 &amp; com.sun.org.apache.xml.internal.security.algorithms.implementations.SignatureBaseRSA#engineInitSign(java.security.Key, java.security.spec.AlgorithmParameterSpec)#1 &amp; com.sun.org.apache.xml.internal.security.algorithms.implementations.SignatureECDSA#engineInitSign(java.security.Key, java.security.spec.AlgorithmParameterSpec)#1&quot; }"/>
        </annotation>
    </item>
    <item name='com.sun.org.apache.xml.internal.security.algorithms.SignatureAlgorithmSpi void engineInitVerify(java.security.Key)'>
        <annotation name='com.intellij.inspections.tainted.annotation.equation.Equations'>
            <val val="{ &quot;verificationKey := com.sun.org.apache.xml.internal.security.algorithms.implementations.SignatureDSA#engineInitVerify(java.security.Key)#0 &amp; com.sun.org.apache.xml.internal.security.algorithms.implementations.IntegrityHmac#engineInitVerify(java.security.Key)#0 &amp; com.sun.org.apache.xml.internal.security.algorithms.implementations.SignatureBaseRSA#engineInitVerify(java.security.Key)#0 &amp; com.sun.org.apache.xml.internal.security.algorithms.implementations.SignatureECDSA#engineInitVerify(java.security.Key)#0 &amp; SignatureAlgorithm#initVerify(java.security.Key)#0&quot; }"/>
        </annotation>
    </item>
    <item name='com.sun.org.apache.xml.internal.security.algorithms.SignatureAlgorithmSpi void engineSetHMACOutputLength(int)'>
        <annotation name='com.intellij.inspections.tainted.annotation.equation.Equations'>
            <val val="{ &quot;HMACOutputLength := com.sun.org.apache.xml.internal.security.algorithms.implementations.SignatureDSA#engineSetHMACOutputLength(int)#0 &amp; com.sun.org.apache.xml.internal.security.algorithms.implementations.IntegrityHmac#engineSetHMACOutputLength(int)#0 &amp; com.sun.org.apache.xml.internal.security.algorithms.implementations.SignatureBaseRSA#engineSetHMACOutputLength(int)#0 &amp; com.sun.org.apache.xml.internal.security.algorithms.implementations.SignatureECDSA#engineSetHMACOutputLength(int)#0&quot; }"/>
        </annotation>
    </item>
    <item name='com.sun.org.apache.xml.internal.security.algorithms.SignatureAlgorithmSpi void engineSetParameter(java.security.spec.AlgorithmParameterSpec)'>
        <annotation name='com.intellij.inspections.tainted.annotation.equation.Equations'>
            <val val="{ &quot;params := SignatureAlgorithm#setParameter(java.security.spec.AlgorithmParameterSpec)#0 &amp; com.sun.org.apache.xml.internal.security.algorithms.implementations.SignatureDSA#engineSetParameter(java.security.spec.AlgorithmParameterSpec)#0 &amp; com.sun.org.apache.xml.internal.security.algorithms.implementations.IntegrityHmac#engineSetParameter(java.security.spec.AlgorithmParameterSpec)#0 &amp; com.sun.org.apache.xml.internal.security.algorithms.implementations.SignatureECDSA#engineSetParameter(java.security.spec.AlgorithmParameterSpec)#0 &amp; com.sun.org.apache.xml.internal.security.algorithms.implementations.SignatureBaseRSA#engineSetParameter(java.security.spec.AlgorithmParameterSpec)#0&quot; }"/>
        </annotation>
    </item>
    <item name='com.sun.org.apache.xml.internal.security.algorithms.SignatureAlgorithmSpi void engineUpdate(byte)'>
        <annotation name='com.intellij.inspections.tainted.annotation.equation.Equations'>
            <val val="{ &quot;input := com.sun.org.apache.xml.internal.security.algorithms.implementations.SignatureDSA#engineUpdate(byte)#0 &amp; com.sun.org.apache.xml.internal.security.algorithms.implementations.IntegrityHmac#engineUpdate(byte)#0 &amp; com.sun.org.apache.xml.internal.security.algorithms.implementations.SignatureBaseRSA#engineUpdate(byte)#0 &amp; com.sun.org.apache.xml.internal.security.algorithms.implementations.SignatureECDSA#engineUpdate(byte)#0 &amp; SignatureAlgorithm#update(byte)#0&quot; }"/>
        </annotation>
    </item>
    <item name='com.sun.org.apache.xml.internal.security.algorithms.SignatureAlgorithmSpi void engineUpdate(byte[])'>
        <annotation name='com.intellij.inspections.tainted.annotation.equation.Equations'>
            <val val="{ &quot;input := com.sun.org.apache.xml.internal.security.algorithms.implementations.SignatureDSA#engineUpdate(byte[])#0 &amp; com.sun.org.apache.xml.internal.security.algorithms.implementations.IntegrityHmac#engineUpdate(byte[])#0 &amp; com.sun.org.apache.xml.internal.security.algorithms.implementations.SignatureBaseRSA#engineUpdate(byte[])#0 &amp; com.sun.org.apache.xml.internal.security.algorithms.implementations.SignatureECDSA#engineUpdate(byte[])#0 &amp; SignatureAlgorithm#update(byte[])#0&quot; }"/>
        </annotation>
    </item>
    <item name='com.sun.org.apache.xml.internal.security.algorithms.SignatureAlgorithmSpi void engineUpdate(byte[], int, int)'>
        <annotation name='com.intellij.inspections.tainted.annotation.equation.Equations'>
            <val val="{ &quot;len := com.sun.org.apache.xml.internal.security.algorithms.implementations.SignatureDSA#engineUpdate(byte[], int, int)#2 &amp; com.sun.org.apache.xml.internal.security.algorithms.implementations.SignatureBaseRSA#engineUpdate(byte[], int, int)#2 &amp; com.sun.org.apache.xml.internal.security.algorithms.implementations.SignatureECDSA#engineUpdate(byte[], int, int)#2 &amp; com.sun.org.apache.xml.internal.security.algorithms.implementations.IntegrityHmac#engineUpdate(byte[], int, int)#2&quot;, &quot;offset := com.sun.org.apache.xml.internal.security.algorithms.implementations.SignatureDSA#engineUpdate(byte[], int, int)#1 &amp; com.sun.org.apache.xml.internal.security.algorithms.implementations.SignatureBaseRSA#engineUpdate(byte[], int, int)#1 &amp; com.sun.org.apache.xml.internal.security.algorithms.implementations.SignatureECDSA#engineUpdate(byte[], int, int)#1 &amp; com.sun.org.apache.xml.internal.security.algorithms.implementations.IntegrityHmac#engineUpdate(byte[], int, int)#1&quot;, &quot;buf := com.sun.org.apache.xml.internal.security.algorithms.implementations.SignatureDSA#engineUpdate(byte[], int, int)#0 &amp; com.sun.org.apache.xml.internal.security.algorithms.implementations.SignatureBaseRSA#engineUpdate(byte[], int, int)#0 &amp; com.sun.org.apache.xml.internal.security.algorithms.implementations.SignatureECDSA#engineUpdate(byte[], int, int)#0 &amp; com.sun.org.apache.xml.internal.security.algorithms.implementations.IntegrityHmac#engineUpdate(byte[], int, int)#0&quot; }"/>
        </annotation>
    </item>
</root>