<root>
    <item name='com.sun.org.apache.xpath.internal.domapi.XPathEvaluatorImpl XPathEvaluatorImpl()'>
        <annotation name='com.intellij.inspections.tainted.annotation.equation.Equations'>
            <val val="{ &quot;XPathEvaluatorImpl := XPathEvaluatorImpl&quot; }"/>
        </annotation>
    </item>
    <item name='com.sun.org.apache.xpath.internal.domapi.XPathEvaluatorImpl XPathEvaluatorImpl(org.w3c.dom.Document)'>
        <annotation name='com.intellij.inspections.tainted.annotation.equation.Equations'>
            <val val="{ &quot;XPathEvaluatorImpl := XPathEvaluatorImpl&quot; }"/>
        </annotation>
    </item>
    <item name='com.sun.org.apache.xpath.internal.domapi.XPathEvaluatorImpl java.lang.Object evaluate(java.lang.String, org.w3c.dom.Node, org.w3c.dom.xpath.XPathNSResolver, short, java.lang.Object)'>
        <annotation name='com.intellij.inspections.tainted.annotation.equation.Equations'>
            <val val="{ &quot;resolver := org.w3c.dom.xpath.XPathEvaluator#evaluate(java.lang.String, org.w3c.dom.Node, org.w3c.dom.xpath.XPathNSResolver, short, java.lang.Object)#2 &amp; org.w3c.dom.xpath.XPathEvaluator#evaluate(java.lang.String, org.w3c.dom.Node, org.w3c.dom.xpath.XPathNSResolver, short, java.lang.Object)#2&quot;, &quot;type := org.w3c.dom.xpath.XPathEvaluator#evaluate(java.lang.String, org.w3c.dom.Node, org.w3c.dom.xpath.XPathNSResolver, short, java.lang.Object)#3 &amp; org.w3c.dom.xpath.XPathEvaluator#evaluate(java.lang.String, org.w3c.dom.Node, org.w3c.dom.xpath.XPathNSResolver, short, java.lang.Object)#3&quot;, &quot;result := org.w3c.dom.xpath.XPathEvaluator#evaluate(java.lang.String, org.w3c.dom.Node, org.w3c.dom.xpath.XPathNSResolver, short, java.lang.Object)#4 &amp; org.w3c.dom.xpath.XPathEvaluator#evaluate(java.lang.String, org.w3c.dom.Node, org.w3c.dom.xpath.XPathNSResolver, short, java.lang.Object)#4&quot;, &quot;contextNode := org.w3c.dom.xpath.XPathEvaluator#evaluate(java.lang.String, org.w3c.dom.Node, org.w3c.dom.xpath.XPathNSResolver, short, java.lang.Object)#1 &amp; org.w3c.dom.xpath.XPathEvaluator#evaluate(java.lang.String, org.w3c.dom.Node, org.w3c.dom.xpath.XPathNSResolver, short, java.lang.Object)#1&quot;, &quot;expression := org.w3c.dom.xpath.XPathEvaluator#evaluate(java.lang.String, org.w3c.dom.Node, org.w3c.dom.xpath.XPathNSResolver, short, java.lang.Object)#0 &amp; org.w3c.dom.xpath.XPathEvaluator#evaluate(java.lang.String, org.w3c.dom.Node, org.w3c.dom.xpath.XPathNSResolver, short, java.lang.Object)#0&quot; }"/>
        </annotation>
    </item>
    <item name='com.sun.org.apache.xpath.internal.domapi.XPathEvaluatorImpl org.w3c.dom.xpath.XPathExpression createExpression(java.lang.String, org.w3c.dom.xpath.XPathNSResolver)'>
        <annotation name='com.intellij.inspections.tainted.annotation.equation.Equations'>
            <val val="{ &quot;expression := org.w3c.dom.xpath.XPathEvaluator#createExpression(java.lang.String, org.w3c.dom.xpath.XPathNSResolver)#0 &amp; org.w3c.dom.xpath.XPathEvaluator#createExpression(java.lang.String, org.w3c.dom.xpath.XPathNSResolver)#0 &amp; #evaluate(java.lang.String, org.w3c.dom.Node, org.w3c.dom.xpath.XPathNSResolver, short, java.lang.Object)#0&quot;, &quot;resolver := org.w3c.dom.xpath.XPathEvaluator#createExpression(java.lang.String, org.w3c.dom.xpath.XPathNSResolver)#1 &amp; org.w3c.dom.xpath.XPathEvaluator#createExpression(java.lang.String, org.w3c.dom.xpath.XPathNSResolver)#1 &amp; #evaluate(java.lang.String, org.w3c.dom.Node, org.w3c.dom.xpath.XPathNSResolver, short, java.lang.Object)#2&quot; }"/>
        </annotation>
    </item>
    <item name='com.sun.org.apache.xpath.internal.domapi.XPathEvaluatorImpl org.w3c.dom.xpath.XPathNSResolver createNSResolver(org.w3c.dom.Node)'>
        <annotation name='com.intellij.inspections.tainted.annotation.equation.Equations'>
            <val val="{ &quot;nodeResolver := org.w3c.dom.xpath.XPathEvaluator#createNSResolver(org.w3c.dom.Node)#0 &amp; org.w3c.dom.xpath.XPathEvaluator#createNSResolver(org.w3c.dom.Node)#0&quot; }"/>
        </annotation>
    </item>
    <item name='com.sun.org.apache.xpath.internal.domapi.XPathEvaluatorImpl.DummyPrefixResolver DummyPrefixResolver()'>
        <annotation name='com.intellij.inspections.tainted.annotation.equation.Equations'>
            <val val="{ &quot;DummyPrefixResolver := XPathEvaluatorImpl.DummyPrefixResolver&quot; }"/>
        </annotation>
    </item>
    <item name='com.sun.org.apache.xpath.internal.domapi.XPathEvaluatorImpl.DummyPrefixResolver java.lang.String getNamespaceForPrefix(java.lang.String)'>
        <annotation name='com.intellij.inspections.tainted.annotation.equation.Equations'>
            <val val="{ &quot;prefix := com.sun.org.apache.xml.internal.utils.PrefixResolver#getNamespaceForPrefix(java.lang.String)#0 &amp; com.sun.org.apache.xml.internal.utils.PrefixResolver#getNamespaceForPrefix(java.lang.String)#0&quot; }"/>
        </annotation>
    </item>
    <item name='com.sun.org.apache.xpath.internal.domapi.XPathEvaluatorImpl.DummyPrefixResolver java.lang.String getNamespaceForPrefix(java.lang.String, org.w3c.dom.Node)'>
        <annotation name='com.intellij.inspections.tainted.annotation.equation.Equations'>
            <val val="{ &quot;context := com.sun.org.apache.xml.internal.utils.PrefixResolver#getNamespaceForPrefix(java.lang.String, org.w3c.dom.Node)#1 &amp; com.sun.org.apache.xml.internal.utils.PrefixResolver#getNamespaceForPrefix(java.lang.String, org.w3c.dom.Node)#1&quot;, &quot;prefix := com.sun.org.apache.xml.internal.utils.PrefixResolver#getNamespaceForPrefix(java.lang.String, org.w3c.dom.Node)#0 &amp; com.sun.org.apache.xml.internal.utils.PrefixResolver#getNamespaceForPrefix(java.lang.String, org.w3c.dom.Node)#0 &amp; #getNamespaceForPrefix(java.lang.String)#0&quot; }"/>
        </annotation>
    </item>
    <item name='com.sun.org.apache.xpath.internal.domapi.XPathExpressionImpl XPathExpressionImpl(com.sun.org.apache.xpath.internal.XPath, org.w3c.dom.Document)'>
        <annotation name='com.intellij.inspections.tainted.annotation.equation.Equations'>
            <val val="{ &quot;XPathExpressionImpl := XPathExpressionImpl&quot;, &quot;doc := XPathEvaluatorImpl&quot; }"/>
        </annotation>
    </item>
    <item name='com.sun.org.apache.xpath.internal.domapi.XPathExpressionImpl java.lang.Object evaluate(org.w3c.dom.Node, short, java.lang.Object)'>
        <annotation name='com.intellij.inspections.tainted.annotation.equation.Equations'>
            <val val="{ &quot;type := org.w3c.dom.xpath.XPathExpression#evaluate(org.w3c.dom.Node, short, java.lang.Object)#1 &amp; org.w3c.dom.xpath.XPathExpression#evaluate(org.w3c.dom.Node, short, java.lang.Object)#1&quot;, &quot;contextNode := org.w3c.dom.xpath.XPathExpression#evaluate(org.w3c.dom.Node, short, java.lang.Object)#0 &amp; org.w3c.dom.xpath.XPathExpression#evaluate(org.w3c.dom.Node, short, java.lang.Object)#0&quot;, &quot;result := org.w3c.dom.xpath.XPathExpression#evaluate(org.w3c.dom.Node, short, java.lang.Object)#2 &amp; org.w3c.dom.xpath.XPathExpression#evaluate(org.w3c.dom.Node, short, java.lang.Object)#2&quot; }"/>
        </annotation>
    </item>
    <item name='com.sun.org.apache.xpath.internal.domapi.XPathNSResolverImpl XPathNSResolverImpl(org.w3c.dom.Node)'>
        <annotation name='com.intellij.inspections.tainted.annotation.equation.Equations'>
            <val val="{ &quot;XPathNSResolverImpl := XPathNSResolverImpl&quot;, &quot;xpathExpressionContext := XPathEvaluatorImpl#createNSResolver(org.w3c.dom.Node)#0&quot; }"/>
        </annotation>
    </item>
    <item name='com.sun.org.apache.xpath.internal.domapi.XPathNSResolverImpl java.lang.String lookupNamespaceURI(java.lang.String)'>
        <annotation name='com.intellij.inspections.tainted.annotation.equation.Equations'>
            <val val="{ &quot;prefix := org.w3c.dom.xpath.XPathNSResolver#lookupNamespaceURI(java.lang.String)#0 &amp; org.w3c.dom.xpath.XPathNSResolver#lookupNamespaceURI(java.lang.String)#0&quot; }"/>
        </annotation>
    </item>
    <item name='com.sun.org.apache.xpath.internal.domapi.XPathNamespaceImpl XPathNamespaceImpl(org.w3c.dom.Node)'>
        <annotation name='com.intellij.inspections.tainted.annotation.equation.Equations'>
            <val val="{ &quot;XPathNamespaceImpl := XPathNamespaceImpl&quot; }"/>
        </annotation>
    </item>
    <item name='com.sun.org.apache.xpath.internal.domapi.XPathNamespaceImpl boolean isDefaultNamespace(java.lang.String)'>
        <annotation name='com.intellij.inspections.tainted.annotation.equation.Equations'>
            <val val="{ &quot;namespaceURI := org.w3c.dom.Node#isDefaultNamespace(java.lang.String)#0 &amp; org.w3c.dom.Node#isDefaultNamespace(java.lang.String)#0&quot; }"/>
        </annotation>
    </item>
    <item name='com.sun.org.apache.xpath.internal.domapi.XPathNamespaceImpl boolean isEqualNode(org.w3c.dom.Node)'>
        <annotation name='com.intellij.inspections.tainted.annotation.equation.Equations'>
            <val val="{ &quot;arg := org.w3c.dom.Node#isEqualNode(org.w3c.dom.Node)#0 &amp; org.w3c.dom.Node#isEqualNode(org.w3c.dom.Node)#0&quot; }"/>
        </annotation>
    </item>
    <item name='com.sun.org.apache.xpath.internal.domapi.XPathNamespaceImpl boolean isSameNode(org.w3c.dom.Node)'>
        <annotation name='com.intellij.inspections.tainted.annotation.equation.Equations'>
            <val val="{ &quot;other := org.w3c.dom.Node#isSameNode(org.w3c.dom.Node)#0 &amp; org.w3c.dom.Node#isSameNode(org.w3c.dom.Node)#0&quot; }"/>
        </annotation>
    </item>
    <item name='com.sun.org.apache.xpath.internal.domapi.XPathNamespaceImpl boolean isSupported(java.lang.String, java.lang.String)'>
        <annotation name='com.intellij.inspections.tainted.annotation.equation.Equations'>
            <val val="{ &quot;arg0 := org.w3c.dom.Node#isSupported(java.lang.String, java.lang.String)#0 &amp; org.w3c.dom.Node#isSupported(java.lang.String, java.lang.String)#0&quot;, &quot;arg1 := org.w3c.dom.Node#isSupported(java.lang.String, java.lang.String)#1 &amp; org.w3c.dom.Node#isSupported(java.lang.String, java.lang.String)#1&quot; }"/>
        </annotation>
    </item>
    <item name='com.sun.org.apache.xpath.internal.domapi.XPathNamespaceImpl java.lang.Object getFeature(java.lang.String, java.lang.String)'>
        <annotation name='com.intellij.inspections.tainted.annotation.equation.Equations'>
            <val val="{ &quot;version := org.w3c.dom.Node#getFeature(java.lang.String, java.lang.String)#1 &amp; org.w3c.dom.Node#getFeature(java.lang.String, java.lang.String)#1&quot;, &quot;feature := org.w3c.dom.Node#getFeature(java.lang.String, java.lang.String)#0 &amp; org.w3c.dom.Node#getFeature(java.lang.String, java.lang.String)#0&quot; }"/>
        </annotation>
    </item>
    <item name='com.sun.org.apache.xpath.internal.domapi.XPathNamespaceImpl java.lang.Object getUserData(java.lang.String)'>
        <annotation name='com.intellij.inspections.tainted.annotation.equation.Equations'>
            <val val="{ &quot;key := org.w3c.dom.Node#getUserData(java.lang.String)#0 &amp; org.w3c.dom.Node#getUserData(java.lang.String)#0&quot; }"/>
        </annotation>
    </item>
    <item name='com.sun.org.apache.xpath.internal.domapi.XPathNamespaceImpl java.lang.Object setUserData(java.lang.String, java.lang.Object, org.w3c.dom.UserDataHandler)'>
        <annotation name='com.intellij.inspections.tainted.annotation.equation.Equations'>
            <val val="{ &quot;handler := org.w3c.dom.Node#setUserData(java.lang.String, java.lang.Object, org.w3c.dom.UserDataHandler)#2 &amp; org.w3c.dom.Node#setUserData(java.lang.String, java.lang.Object, org.w3c.dom.UserDataHandler)#2&quot;, &quot;data := org.w3c.dom.Node#setUserData(java.lang.String, java.lang.Object, org.w3c.dom.UserDataHandler)#1 &amp; org.w3c.dom.Node#setUserData(java.lang.String, java.lang.Object, org.w3c.dom.UserDataHandler)#1&quot;, &quot;key := org.w3c.dom.Node#setUserData(java.lang.String, java.lang.Object, org.w3c.dom.UserDataHandler)#0 &amp; org.w3c.dom.Node#setUserData(java.lang.String, java.lang.Object, org.w3c.dom.UserDataHandler)#0&quot; }"/>
        </annotation>
    </item>
    <item name='com.sun.org.apache.xpath.internal.domapi.XPathNamespaceImpl java.lang.String getTextContent()'>
        <annotation name='com.intellij.inspections.tainted.annotation.equation.Equations'>
            <val val="{ &quot;getTextContent := XPathNamespaceImpl&quot; }"/>
        </annotation>
    </item>
    <item name='com.sun.org.apache.xpath.internal.domapi.XPathNamespaceImpl java.lang.String lookupNamespaceURI(java.lang.String)'>
        <annotation name='com.intellij.inspections.tainted.annotation.equation.Equations'>
            <val val="{ &quot;prefix := org.w3c.dom.Node#lookupNamespaceURI(java.lang.String)#0 &amp; org.w3c.dom.Node#lookupNamespaceURI(java.lang.String)#0&quot; }"/>
        </annotation>
    </item>
    <item name='com.sun.org.apache.xpath.internal.domapi.XPathNamespaceImpl java.lang.String lookupPrefix(java.lang.String)'>
        <annotation name='com.intellij.inspections.tainted.annotation.equation.Equations'>
            <val val="{ &quot;namespaceURI := org.w3c.dom.Node#lookupPrefix(java.lang.String)#0 &amp; org.w3c.dom.Node#lookupPrefix(java.lang.String)#0&quot; }"/>
        </annotation>
    </item>
    <item name='com.sun.org.apache.xpath.internal.domapi.XPathNamespaceImpl org.w3c.dom.Node appendChild(org.w3c.dom.Node)'>
        <annotation name='com.intellij.inspections.tainted.annotation.equation.Equations'>
            <val val="{ &quot;arg0 := org.w3c.dom.Node#appendChild(org.w3c.dom.Node)#0 &amp; org.w3c.dom.Node#appendChild(org.w3c.dom.Node)#0&quot; }"/>
        </annotation>
    </item>
    <item name='com.sun.org.apache.xpath.internal.domapi.XPathNamespaceImpl org.w3c.dom.Node cloneNode(boolean)'>
        <annotation name='com.intellij.inspections.tainted.annotation.equation.Equations'>
            <val val="{ &quot;arg0 := org.w3c.dom.Node#cloneNode(boolean)#0 &amp; org.w3c.dom.Node#cloneNode(boolean)#0&quot; }"/>
        </annotation>
    </item>
    <item name='com.sun.org.apache.xpath.internal.domapi.XPathNamespaceImpl org.w3c.dom.Node insertBefore(org.w3c.dom.Node, org.w3c.dom.Node)'>
        <annotation name='com.intellij.inspections.tainted.annotation.equation.Equations'>
            <val val="{ &quot;arg1 := org.w3c.dom.Node#insertBefore(org.w3c.dom.Node, org.w3c.dom.Node)#1 &amp; org.w3c.dom.Node#insertBefore(org.w3c.dom.Node, org.w3c.dom.Node)#1&quot;, &quot;arg0 := org.w3c.dom.Node#insertBefore(org.w3c.dom.Node, org.w3c.dom.Node)#0 &amp; org.w3c.dom.Node#insertBefore(org.w3c.dom.Node, org.w3c.dom.Node)#0&quot; }"/>
        </annotation>
    </item>
    <item name='com.sun.org.apache.xpath.internal.domapi.XPathNamespaceImpl org.w3c.dom.Node removeChild(org.w3c.dom.Node)'>
        <annotation name='com.intellij.inspections.tainted.annotation.equation.Equations'>
            <val val="{ &quot;arg0 := org.w3c.dom.Node#removeChild(org.w3c.dom.Node)#0 &amp; org.w3c.dom.Node#removeChild(org.w3c.dom.Node)#0&quot; }"/>
        </annotation>
    </item>
    <item name='com.sun.org.apache.xpath.internal.domapi.XPathNamespaceImpl org.w3c.dom.Node replaceChild(org.w3c.dom.Node, org.w3c.dom.Node)'>
        <annotation name='com.intellij.inspections.tainted.annotation.equation.Equations'>
            <val val="{ &quot;arg0 := org.w3c.dom.Node#replaceChild(org.w3c.dom.Node, org.w3c.dom.Node)#0 &amp; org.w3c.dom.Node#replaceChild(org.w3c.dom.Node, org.w3c.dom.Node)#0&quot;, &quot;arg1 := org.w3c.dom.Node#replaceChild(org.w3c.dom.Node, org.w3c.dom.Node)#1 &amp; org.w3c.dom.Node#replaceChild(org.w3c.dom.Node, org.w3c.dom.Node)#1&quot; }"/>
        </annotation>
    </item>
    <item name='com.sun.org.apache.xpath.internal.domapi.XPathNamespaceImpl short compareDocumentPosition(org.w3c.dom.Node)'>
        <annotation name='com.intellij.inspections.tainted.annotation.equation.Equations'>
            <val val="{ &quot;other := org.w3c.dom.Node#compareDocumentPosition(org.w3c.dom.Node)#0 &amp; org.w3c.dom.Node#compareDocumentPosition(org.w3c.dom.Node)#0&quot; }"/>
        </annotation>
    </item>
    <item name='com.sun.org.apache.xpath.internal.domapi.XPathNamespaceImpl short getNodeType()'>
        <annotation name='com.intellij.inspections.tainted.annotation.equation.Equations'>
            <val val="{ &quot;getNodeType := org.w3c.dom.xpath.XPathNamespace#XPATH_NAMESPACE_NODE&quot; }"/>
        </annotation>
    </item>
    <item name='com.sun.org.apache.xpath.internal.domapi.XPathNamespaceImpl void setNodeValue(java.lang.String)'>
        <annotation name='com.intellij.inspections.tainted.annotation.equation.Equations'>
            <val val="{ &quot;arg0 := org.w3c.dom.Node#setNodeValue(java.lang.String)#0 &amp; org.w3c.dom.Node#setNodeValue(java.lang.String)#0&quot; }"/>
        </annotation>
    </item>
    <item name='com.sun.org.apache.xpath.internal.domapi.XPathNamespaceImpl void setPrefix(java.lang.String)'>
        <annotation name='com.intellij.inspections.tainted.annotation.equation.Equations'>
            <val val="{ &quot;arg0 := org.w3c.dom.Node#setPrefix(java.lang.String)#0 &amp; org.w3c.dom.Node#setPrefix(java.lang.String)#0&quot; }"/>
        </annotation>
    </item>
    <item name='com.sun.org.apache.xpath.internal.domapi.XPathNamespaceImpl void setTextContent(java.lang.String)'>
        <annotation name='com.intellij.inspections.tainted.annotation.equation.Equations'>
            <val val="{ &quot;textContent := org.w3c.dom.Node#setTextContent(java.lang.String)#0 &amp; org.w3c.dom.Node#setTextContent(java.lang.String)#0&quot; }"/>
        </annotation>
    </item>
    <item name='com.sun.org.apache.xpath.internal.domapi.XPathResultImpl XPathResultImpl(short, com.sun.org.apache.xpath.internal.objects.XObject, org.w3c.dom.Node, com.sun.org.apache.xpath.internal.XPath)'>
        <annotation name='com.intellij.inspections.tainted.annotation.equation.Equations'>
            <val val="{ &quot;contextNode := XPathExpressionImpl#evaluate(org.w3c.dom.Node, short, java.lang.Object)#0&quot;, &quot;xpath := XPathExpressionImpl&quot;, &quot;type := XPathExpressionImpl#evaluate(org.w3c.dom.Node, short, java.lang.Object)#1&quot;, &quot;XPathResultImpl := XPathResultImpl&quot; }"/>
        </annotation>
    </item>
    <item name='com.sun.org.apache.xpath.internal.domapi.XPathResultImpl boolean getInvalidIteratorState()'>
        <annotation name='com.intellij.inspections.tainted.annotation.equation.Equations'>
            <val val="{ &quot;getInvalidIteratorState := XPathResultImpl&quot; }"/>
        </annotation>
    </item>
    <item name='com.sun.org.apache.xpath.internal.domapi.XPathResultImpl java.lang.String getTypeString(int)'>
        <annotation name='com.intellij.inspections.tainted.annotation.equation.Equations'>
            <val val="{ &quot;type := XPathResultImpl&quot; }"/>
        </annotation>
    </item>
    <item name='com.sun.org.apache.xpath.internal.domapi.XPathResultImpl org.w3c.dom.Node snapshotItem(int)'>
        <annotation name='com.intellij.inspections.tainted.annotation.equation.Equations'>
            <val val="{ &quot;index := org.w3c.dom.xpath.XPathResult#snapshotItem(int)#0 &amp; org.w3c.dom.xpath.XPathResult#snapshotItem(int)#0&quot; }"/>
        </annotation>
    </item>
    <item name='com.sun.org.apache.xpath.internal.domapi.XPathResultImpl short getResultType()'>
        <annotation name='com.intellij.inspections.tainted.annotation.equation.Equations'>
            <val val="{ &quot;getResultType := XPathResultImpl&quot; }"/>
        </annotation>
    </item>
    <item name='com.sun.org.apache.xpath.internal.domapi.XPathResultImpl short getTypeFromXObject(com.sun.org.apache.xpath.internal.objects.XObject)'>
        <annotation name='com.intellij.inspections.tainted.annotation.equation.Equations'>
            <val val="{ &quot;object := #XPathResultImpl(short, com.sun.org.apache.xpath.internal.objects.XObject, org.w3c.dom.Node, com.sun.org.apache.xpath.internal.XPath)#1 &amp; XPathResultImpl&quot;, &quot;getTypeFromXObject := org.w3c.dom.xpath.XPathResult#BOOLEAN_TYPE &amp; org.w3c.dom.xpath.XPathResult#UNORDERED_NODE_ITERATOR_TYPE &amp; org.w3c.dom.xpath.XPathResult#NUMBER_TYPE &amp; org.w3c.dom.xpath.XPathResult#STRING_TYPE &amp; org.w3c.dom.xpath.XPathResult#ANY_TYPE&quot; }"/>
        </annotation>
    </item>
    <item name='com.sun.org.apache.xpath.internal.domapi.XPathResultImpl void handleEvent(org.w3c.dom.events.Event)'>
        <annotation name='com.intellij.inspections.tainted.annotation.equation.Equations'>
            <val val="{ &quot;event := org.w3c.dom.events.EventListener#handleEvent(org.w3c.dom.events.Event)#0 &amp; org.w3c.dom.events.EventListener#handleEvent(org.w3c.dom.events.Event)#0&quot; }"/>
        </annotation>
    </item>
    <item name='com.sun.org.apache.xpath.internal.domapi.XPathStylesheetDOM3Exception XPathStylesheetDOM3Exception(java.lang.String, javax.xml.transform.SourceLocator)'>
        <annotation name='com.intellij.inspections.tainted.annotation.equation.Equations'>
            <val val="{ &quot;arg1 := com.sun.org.apache.xpath.internal.compiler.XPathParser&quot;, &quot;XPathStylesheetDOM3Exception := XPathStylesheetDOM3Exception&quot; }"/>
        </annotation>
    </item>
</root>