<root>
    <item name='java.util.function.BiConsumer java.util.function.BiConsumer&lt;T,U&gt; andThen(java.util.function.BiConsumer&lt;? super T,? super U&gt;)'>
        <annotation name='com.intellij.inspections.tainted.annotation.equation.Equations'>
            <val val="{ &quot;andThen := r&quot; }"/>
        </annotation>
    </item>
    <item name='java.util.function.BiConsumer void accept(T, U)'>
        <annotation name='com.intellij.inspections.tainted.annotation.equation.Equations'>
            <val val="{ &quot;u := java.util.IdentityHashMap &amp; java.util.Collections.SingletonMap&quot;, &quot;t := java.util.Collections.SingletonMap &amp; java.util.stream.ReduceOps&quot; }"/>
        </annotation>
    </item>
    <item name='java.util.function.BiFunction R apply(T, U)'>
        <annotation name='com.intellij.inspections.tainted.annotation.equation.Equations'>
            <val val="{ &quot;apply := java.lang.reflect.Proxy.KeyFactory#apply(java.lang.ClassLoader, java.lang.Class[]) &amp; java.lang.reflect.Proxy.ProxyClassFactory#apply(java.lang.ClassLoader, java.lang.Class[])&quot;, &quot;t := java.lang.reflect.Proxy.KeyFactory#apply(java.lang.ClassLoader, java.lang.Class[])#0 &amp; java.lang.reflect.Proxy.ProxyClassFactory#apply(java.lang.ClassLoader, java.lang.Class[])#0&quot;, &quot;u := java.lang.reflect.Proxy.KeyFactory#apply(java.lang.ClassLoader, java.lang.Class[])#1 &amp; java.lang.reflect.Proxy.ProxyClassFactory#apply(java.lang.ClassLoader, java.lang.Class[])#1&quot; }"/>
        </annotation>
    </item>
    <item name='java.util.function.BinaryOperator java.util.function.BinaryOperator&lt;T&gt; maxBy(java.util.Comparator&lt;? super T&gt;)'>
        <annotation name='com.intellij.inspections.tainted.annotation.equation.Equations'>
            <val val="{ &quot;comparator := java.util.stream.Collectors#maxBy(java.util.Comparator)#0 &amp; java.util.stream.ReferencePipeline#max(java.util.Comparator)#0&quot; }"/>
        </annotation>
    </item>
    <item name='java.util.function.BinaryOperator java.util.function.BinaryOperator&lt;T&gt; minBy(java.util.Comparator&lt;? super T&gt;)'>
        <annotation name='com.intellij.inspections.tainted.annotation.equation.Equations'>
            <val val="{ &quot;comparator := java.util.stream.Collectors#minBy(java.util.Comparator)#0 &amp; java.util.stream.ReferencePipeline#min(java.util.Comparator)#0&quot; }"/>
        </annotation>
    </item>
    <item name='java.util.function.Consumer java.util.function.Consumer&lt;T&gt; andThen(java.util.function.Consumer&lt;? super T&gt;)'>
        <annotation name='com.intellij.inspections.tainted.annotation.equation.Equations'>
            <val val="{ &quot;andThen := t&quot; }"/>
        </annotation>
    </item>
    <item name='java.util.function.Consumer void accept(T)'>
        <annotation name='com.intellij.inspections.tainted.annotation.equation.Equations'>
            <val val="{ &quot;t := java.util.Arrays.ArrayList &amp; java.util.ArrayList.Itr &amp; java.util.ArrayList.ArrayListSpliterator &amp; java.util.Vector.Itr &amp; java.util.Vector &amp; java.util.Vector.VectorSpliterator &amp; java.util.IdentityHashMap.ValueSpliterator &amp; java.util.concurrent.PriorityBlockingQueue.PBQSpliterator &amp; java.util.HashMap.EntrySet &amp; java.util.ArrayDeque.DeqIterator &amp; java.util.HashMap.KeySpliterator &amp; java.util.HashMap.ValueSpliterator &amp; java.util.ArrayDeque.DeqSpliterator &amp; java.util.HashMap.EntrySpliterator &amp; java.util.PriorityQueue.PriorityQueueSpliterator &amp; java.util.Collections.SingletonSet &amp; java.util.Collections.SingletonList &amp; java.util.LinkedList.ListItr &amp; java.util.concurrent.LinkedBlockingDeque.LBDSpliterator &amp; java.util.stream.Nodes.ArrayNode &amp; java.util.Optional &amp; java.lang.Iterable &amp; java.util.ArrayList.SubList &amp; java.util.ArrayList &amp; java.util.concurrent.CopyOnWriteArrayList.COWIterator &amp; java.util.concurrent.CopyOnWriteArrayList.COWSubList &amp; java.util.WeakHashMap.ValueSpliterator &amp; java.util.TreeMap.EntrySpliterator &amp; java.util.LinkedHashMap.LinkedEntrySet &amp; java.util.Spliterators.ArraySpliterator &amp; java.util.Spliterators.AbstractSpliterator.HoldingConsumer#accept(java.lang.Object)#0 &amp; java.util.Collections#singletonIterator(java.lang.Object)#0 &amp; java.util.Collections#singletonSpliterator(java.lang.Object)#0 &amp; java.time.format.DateTimeParseContext#setParsed(java.time.chrono.Chronology)#0 &amp; java.util.stream.Sink.OfInt#accept(java.lang.Integer)#0 &amp; java.util.stream.Sink.OfLong#accept(java.lang.Long)#0 &amp; java.util.stream.Sink.OfDouble#accept(java.lang.Double)#0 &amp; java.util.stream.Stream.Builder#accept(java.lang.Object)#0 &amp; java.util.stream.Streams.StreamBuilderImpl &amp; java.util.stream.FindOps.FindSink#accept(java.lang.Object)#0 &amp; java.util.stream.Nodes.FixedNodeBuilder#accept(java.lang.Object)#0 &amp; java.util.stream.SortedOps.SizedRefSortingSink &amp; java.util.stream.SortedOps.SizedRefSortingSink#accept(java.lang.Object)#0 &amp; java.util.stream.Nodes.SpinedNodeBuilder#accept(java.lang.Object)#0 &amp; java.util.stream.SortedOps.RefSortingSink &amp; java.util.stream.SortedOps.RefSortingSink#accept(java.lang.Object)#0 &amp; java.util.stream.ForEachOps.ForEachOp.OfRef#accept(java.lang.Object)#0 &amp; java.util.stream.Nodes.SizedCollectorTask.OfRef#accept(java.lang.Object)#0 &amp; java.util.stream.SpinedBuffer &amp; java.util.stream.SpinedBuffer#accept(java.lang.Object)#0 &amp; java.util.stream.StreamSpliterators.UnorderedSliceSpliterator.OfRef#accept(java.lang.Object)#0 &amp; java.util.stream.StreamSpliterators.UnorderedSliceSpliterator.OfRef &amp; java.util.stream.StreamSpliterators.DistinctSpliterator#accept(java.lang.Object)#0 &amp; java.util.stream.StreamSpliterators.DistinctSpliterator &amp; java.util.stream.StreamSpliterators.ArrayBuffer.OfRef#accept(java.lang.Object)#0 &amp; java.util.stream.StreamSpliterators.ArrayBuffer.OfRef &amp; java.util.concurrent.LinkedBlockingQueue.LBQSpliterator&quot; }"/>
        </annotation>
    </item>
    <item name='java.util.function.DoubleBinaryOperator double applyAsDouble(double, double)'>
        <annotation name='com.intellij.inspections.tainted.annotation.equation.Equations'>
            <val val="{ &quot;left := java.util.concurrent.ConcurrentHashMap.MapReduceKeysToDoubleTask &amp; java.util.concurrent.ConcurrentHashMap.MapReduceValuesToDoubleTask &amp; java.util.concurrent.ConcurrentHashMap.MapReduceEntriesToDoubleTask &amp; java.util.concurrent.ConcurrentHashMap.MapReduceMappingsToDoubleTask &amp; java.util.stream.ReduceOps &amp; java.util.ArrayPrefixHelpers.DoubleCumulateTask&quot;, &quot;right := java.util.concurrent.atomic.DoubleAccumulator#accumulate(double)#0 &amp; java.util.concurrent.atomic.Striped64#doubleAccumulate(double, java.util.function.DoubleBinaryOperator, boolean)#0 &amp; java.util.ArrayPrefixHelpers.DoubleCumulateTask&quot; }"/>
        </annotation>
    </item>
    <item name='java.util.function.DoubleConsumer java.util.function.DoubleConsumer andThen(java.util.function.DoubleConsumer)'>
        <annotation name='com.intellij.inspections.tainted.annotation.equation.Equations'>
            <val val="{ &quot;andThen := t&quot; }"/>
        </annotation>
    </item>
    <item name='java.util.function.DoubleConsumer void accept(double)'>
        <annotation name='com.intellij.inspections.tainted.annotation.equation.Equations'>
            <val val="{ &quot;value := java.util.DoubleSummaryStatistics#accept(double)#0 &amp; java.util.stream.SpinedBuffer.OfDouble#accept(double)#0 &amp; java.util.stream.Sink.OfDouble#accept(double)#0 &amp; java.util.stream.StreamSpliterators.UnorderedSliceSpliterator.OfDouble#accept(double)#0 &amp; java.util.Spliterators.AbstractDoubleSpliterator.HoldingDoubleConsumer#accept(double)#0 &amp; java.util.stream.DoubleStream.Builder#accept(double)#0 &amp; java.util.stream.StreamSpliterators.ArrayBuffer.OfDouble#accept(double)#0&quot; }"/>
        </annotation>
    </item>
    <item name='java.util.function.Function R apply(T)'>
        <annotation name='com.intellij.inspections.tainted.annotation.equation.Equations'>
            <val val="{ &quot;apply := &quot;, &quot;t := &quot; }"/>
        </annotation>
    </item>
    <item name='java.util.function.Function java.util.function.Function&lt;T,V&gt; andThen(java.util.function.Function&lt;? super R,? extends V&gt;)'>
        <annotation name='com.intellij.inspections.tainted.annotation.equation.Equations'>
            <val val="{ &quot;after := java.util.stream.Collectors#collectingAndThen(java.util.stream.Collector, java.util.function.Function)#1&quot; }"/>
        </annotation>
    </item>
    <item name='java.util.function.IntBinaryOperator int applyAsInt(int, int)'>
        <annotation name='com.intellij.inspections.tainted.annotation.equation.Equations'>
            <val val="{ &quot;left := java.util.concurrent.ConcurrentHashMap.MapReduceKeysToIntTask &amp; java.util.concurrent.ConcurrentHashMap.MapReduceValuesToIntTask &amp; java.util.concurrent.ConcurrentHashMap.MapReduceEntriesToIntTask &amp; java.util.concurrent.ConcurrentHashMap.MapReduceMappingsToIntTask &amp; java.util.stream.ReduceOps &amp; java.util.ArrayPrefixHelpers.IntCumulateTask&quot;, &quot;right := java.util.concurrent.atomic.AtomicInteger#getAndAccumulate(int, java.util.function.IntBinaryOperator)#0 &amp; java.util.concurrent.atomic.AtomicInteger#accumulateAndGet(int, java.util.function.IntBinaryOperator)#0 &amp; java.util.concurrent.atomic.AtomicIntegerArray#getAndAccumulate(int, int, java.util.function.IntBinaryOperator)#1 &amp; java.util.concurrent.atomic.AtomicIntegerArray#accumulateAndGet(int, int, java.util.function.IntBinaryOperator)#1 &amp; java.util.concurrent.atomic.AtomicIntegerFieldUpdater#getAndAccumulate(java.lang.Object, int, java.util.function.IntBinaryOperator)#1 &amp; java.util.concurrent.atomic.AtomicIntegerFieldUpdater#accumulateAndGet(java.lang.Object, int, java.util.function.IntBinaryOperator)#1 &amp; java.util.ArrayPrefixHelpers.IntCumulateTask&quot; }"/>
        </annotation>
    </item>
    <item name='java.util.function.IntConsumer java.util.function.IntConsumer andThen(java.util.function.IntConsumer)'>
        <annotation name='com.intellij.inspections.tainted.annotation.equation.Equations'>
            <val val="{ &quot;andThen := t&quot; }"/>
        </annotation>
    </item>
    <item name='java.util.function.IntConsumer void accept(int)'>
        <annotation name='com.intellij.inspections.tainted.annotation.equation.Equations'>
            <val val="{ &quot;value := java.util.stream.SpinedBuffer.OfInt#accept(int)#0 &amp; java.util.stream.IntStream.Builder#accept(int)#0 &amp; java.util.IntSummaryStatistics#accept(int)#0 &amp; java.util.LongSummaryStatistics#accept(int)#0 &amp; java.util.stream.StreamSpliterators.UnorderedSliceSpliterator.OfInt#accept(int)#0 &amp; java.util.Spliterators.AbstractIntSpliterator.HoldingIntConsumer#accept(int)#0 &amp; java.util.stream.Sink.OfInt#accept(int)#0 &amp; java.util.stream.StreamSpliterators.ArrayBuffer.OfInt#accept(int)#0&quot; }"/>
        </annotation>
    </item>
    <item name='java.util.function.IntFunction R apply(int)'>
        <annotation name='com.intellij.inspections.tainted.annotation.equation.Equations'>
            <val val="{ &quot;value := java.util.stream.Nodes.ArrayNode#ArrayNode(long, java.util.function.IntFunction)#0&quot; }"/>
        </annotation>
    </item>
    <item name='java.util.function.IntToDoubleFunction double applyAsDouble(int)'>
        <annotation name='com.intellij.inspections.tainted.annotation.equation.Equations'>
            <val val="{ &quot;value := &quot; }"/>
        </annotation>
    </item>
    <item name='java.util.function.IntToLongFunction long applyAsLong(int)'>
        <annotation name='com.intellij.inspections.tainted.annotation.equation.Equations'>
            <val val="{ &quot;value := &quot; }"/>
        </annotation>
    </item>
    <item name='java.util.function.IntUnaryOperator int applyAsInt(int)'>
        <annotation name='com.intellij.inspections.tainted.annotation.equation.Equations'>
            <val val="{ &quot;operand := java.util.stream.IntStream&quot; }"/>
        </annotation>
    </item>
    <item name='java.util.function.LongBinaryOperator long applyAsLong(long, long)'>
        <annotation name='com.intellij.inspections.tainted.annotation.equation.Equations'>
            <val val="{ &quot;right := java.util.concurrent.atomic.LongAccumulator#accumulate(long)#0 &amp; java.util.concurrent.atomic.AtomicLong#getAndAccumulate(long, java.util.function.LongBinaryOperator)#0 &amp; java.util.concurrent.atomic.AtomicLong#accumulateAndGet(long, java.util.function.LongBinaryOperator)#0 &amp; java.util.concurrent.atomic.Striped64#longAccumulate(long, java.util.function.LongBinaryOperator, boolean)#0 &amp; java.util.concurrent.atomic.AtomicLongArray#getAndAccumulate(int, long, java.util.function.LongBinaryOperator)#1 &amp; java.util.concurrent.atomic.AtomicLongArray#accumulateAndGet(int, long, java.util.function.LongBinaryOperator)#1 &amp; java.util.concurrent.atomic.AtomicLongFieldUpdater#getAndAccumulate(java.lang.Object, long, java.util.function.LongBinaryOperator)#1 &amp; java.util.concurrent.atomic.AtomicLongFieldUpdater#accumulateAndGet(java.lang.Object, long, java.util.function.LongBinaryOperator)#1 &amp; java.util.ArrayPrefixHelpers.LongCumulateTask&quot;, &quot;left := java.util.concurrent.ConcurrentHashMap.MapReduceKeysToLongTask &amp; java.util.concurrent.ConcurrentHashMap.MapReduceValuesToLongTask &amp; java.util.concurrent.ConcurrentHashMap.MapReduceEntriesToLongTask &amp; java.util.concurrent.ConcurrentHashMap.MapReduceMappingsToLongTask &amp; java.util.concurrent.atomic.LongAccumulator &amp; java.util.stream.ReduceOps &amp; java.util.concurrent.atomic.Striped64 &amp; java.util.ArrayPrefixHelpers.LongCumulateTask&quot; }"/>
        </annotation>
    </item>
    <item name='java.util.function.LongConsumer java.util.function.LongConsumer andThen(java.util.function.LongConsumer)'>
        <annotation name='com.intellij.inspections.tainted.annotation.equation.Equations'>
            <val val="{ &quot;andThen := t&quot; }"/>
        </annotation>
    </item>
    <item name='java.util.function.LongConsumer void accept(long)'>
        <annotation name='com.intellij.inspections.tainted.annotation.equation.Equations'>
            <val val="{ &quot;value := java.util.stream.SpinedBuffer.OfLong#accept(long)#0 &amp; java.util.LongSummaryStatistics#accept(long)#0 &amp; java.util.stream.StreamSpliterators.UnorderedSliceSpliterator.OfLong#accept(long)#0 &amp; java.util.Spliterators.AbstractLongSpliterator.HoldingLongConsumer#accept(long)#0 &amp; java.util.stream.Sink.OfLong#accept(long)#0 &amp; java.util.stream.LongStream.Builder#accept(long)#0 &amp; java.util.stream.StreamSpliterators.ArrayBuffer.OfLong#accept(long)#0&quot; }"/>
        </annotation>
    </item>
    <item name='java.util.function.Predicate boolean test(T)'>
        <annotation name='com.intellij.inspections.tainted.annotation.equation.Equations'>
            <val val="{ &quot;t := java.util.ArrayList &amp; java.util.Vector &amp; java.util.Optional&quot; }"/>
        </annotation>
    </item>
    <item name='java.util.function.Supplier T get()'>
        <annotation name='com.intellij.inspections.tainted.annotation.equation.Equations'>
            <val val="{ &quot;get := java.lang.reflect.WeakCache.Factory#get() &amp; java.lang.reflect.WeakCache.LookupValue#get() &amp; java.util.stream.FindOps.FindSink.OfLong#get() &amp; java.util.stream.FindOps.FindSink.OfRef#get() &amp; java.util.stream.FindOps.FindSink.OfInt#get() &amp; java.util.stream.FindOps.FindSink.OfDouble#get() &amp; java.util.stream.ForEachOps.ForEachOp#get()&quot; }"/>
        </annotation>
    </item>
    <item name='java.util.function.ToDoubleFunction double applyAsDouble(T)'>
        <annotation name='com.intellij.inspections.tainted.annotation.equation.Equations'>
            <val val="{ &quot;value := &quot; }"/>
        </annotation>
    </item>
    <item name='java.util.function.ToIntFunction int applyAsInt(T)'>
        <annotation name='com.intellij.inspections.tainted.annotation.equation.Equations'>
            <val val="{ &quot;value := &quot; }"/>
        </annotation>
    </item>
    <item name='java.util.function.ToLongFunction long applyAsLong(T)'>
        <annotation name='com.intellij.inspections.tainted.annotation.equation.Equations'>
            <val val="{ &quot;value := &quot; }"/>
        </annotation>
    </item>
</root>