<root>
    <item name='org.omg.PortableServer.portable.Delegate boolean is_a(org.omg.PortableServer.Servant, java.lang.String)'>
        <annotation name='com.intellij.inspections.tainted.annotation.equation.Equations'>
            <val val="{ &quot;Repository_Id := com.sun.corba.se.impl.oa.poa.DelegateImpl#is_a(org.omg.PortableServer.Servant, java.lang.String)#1&quot;, &quot;Self := com.sun.corba.se.impl.oa.poa.DelegateImpl#is_a(org.omg.PortableServer.Servant, java.lang.String)#0&quot; }"/>
        </annotation>
    </item>
    <item name='org.omg.PortableServer.portable.Delegate boolean non_existent(org.omg.PortableServer.Servant)'>
        <annotation name='com.intellij.inspections.tainted.annotation.equation.Equations'>
            <val val="{ &quot;Self := org.omg.PortableServer.Servant &amp; com.sun.corba.se.impl.oa.poa.DelegateImpl#non_existent(org.omg.PortableServer.Servant)#0&quot; }"/>
        </annotation>
    </item>
    <item name='org.omg.PortableServer.portable.Delegate byte[] object_id(org.omg.PortableServer.Servant)'>
        <annotation name='com.intellij.inspections.tainted.annotation.equation.Equations'>
            <val val="{ &quot;Self := com.sun.corba.se.impl.oa.poa.DelegateImpl#object_id(org.omg.PortableServer.Servant)#0&quot;, &quot;object_id := com.sun.corba.se.impl.oa.poa.DelegateImpl#object_id(org.omg.PortableServer.Servant)&quot; }"/>
        </annotation>
    </item>
    <item name='org.omg.PortableServer.portable.Delegate org.omg.CORBA.Object this_object(org.omg.PortableServer.Servant)'>
        <annotation name='com.intellij.inspections.tainted.annotation.equation.Equations'>
            <val val="{ &quot;Self := com.sun.corba.se.impl.oa.poa.DelegateImpl#this_object(org.omg.PortableServer.Servant)#0 &amp; org.omg.PortableServer.Servant&quot;, &quot;this_object := com.sun.corba.se.impl.oa.poa.DelegateImpl#this_object(org.omg.PortableServer.Servant)&quot; }"/>
        </annotation>
    </item>
    <item name='org.omg.PortableServer.portable.Delegate org.omg.PortableServer.POA poa(org.omg.PortableServer.Servant)'>
        <annotation name='com.intellij.inspections.tainted.annotation.equation.Equations'>
            <val val="{ &quot;Self := com.sun.corba.se.impl.oa.poa.DelegateImpl#poa(org.omg.PortableServer.Servant)#0 &amp; org.omg.PortableServer.Servant&quot;, &quot;poa := com.sun.corba.se.impl.oa.poa.DelegateImpl#poa(org.omg.PortableServer.Servant)&quot; }"/>
        </annotation>
    </item>
</root>