<root>
    <item name='javax.security.auth.AuthPermission AuthPermission(java.lang.String)'>
        <annotation name='com.intellij.inspections.tainted.annotation.equation.Equations'>
            <val val="{ &quot;AuthPermission := AuthPermission&quot;, &quot;name := com.sun.jmx.remote.security.JMXPluggableAuthenticator#LOGIN_CONFIG_NAME &amp; javax.security.auth.login.LoginContext#init(java.lang.String)#0 &amp; javax.security.auth.login.LoginContext#OTHER &amp; javax.security.auth.login.Configuration#checkPermission(java.lang.String)#0&quot; }"/>
        </annotation>
    </item>
    <item name='javax.security.auth.AuthPermission AuthPermission(java.lang.String, java.lang.String)'>
        <annotation name='com.intellij.inspections.tainted.annotation.equation.Equations'>
            <val val="{ &quot;AuthPermission := AuthPermission&quot; }"/>
        </annotation>
    </item>
    <item name='javax.security.auth.DestroyFailedException DestroyFailedException(java.lang.String)'>
        <annotation name='com.intellij.inspections.tainted.annotation.equation.Equations'>
            <val val="{ &quot;DestroyFailedException := DestroyFailedException&quot; }"/>
        </annotation>
    </item>
    <item name='javax.security.auth.Policy'>
        <annotation name='com.intellij.inspections.tainted.annotation.equation.Equations'>
            <val val="{ &quot;Policy := sun.security.provider.AuthPolicyFile&quot; }"/>
        </annotation>
    </item>
    <item name='javax.security.auth.Policy java.security.PermissionCollection getPermissions(javax.security.auth.Subject, java.security.CodeSource)'>
        <annotation name='com.intellij.inspections.tainted.annotation.equation.Equations'>
            <val val="{ &quot;getPermissions := sun.security.provider.AuthPolicyFile#getPermissions(javax.security.auth.Subject, java.security.CodeSource) &amp; com.sun.security.auth.PolicyFile#getPermissions(javax.security.auth.Subject, java.security.CodeSource)&quot;, &quot;cs := sun.security.provider.AuthPolicyFile#getPermissions(javax.security.auth.Subject, java.security.CodeSource)#1 &amp; com.sun.security.auth.PolicyFile#getPermissions(javax.security.auth.Subject, java.security.CodeSource)#1&quot;, &quot;subject := sun.security.provider.AuthPolicyFile#getPermissions(javax.security.auth.Subject, java.security.CodeSource)#0 &amp; com.sun.security.auth.PolicyFile#getPermissions(javax.security.auth.Subject, java.security.CodeSource)#0&quot; }"/>
        </annotation>
    </item>
    <item name='javax.security.auth.PrivateCredentialPermission'>
        <annotation name='com.intellij.inspections.tainted.annotation.equation.Equations'>
            <val val="{ &quot;PrivateCredentialPermission := #EMPTY_PRINCIPALS&quot; }"/>
        </annotation>
    </item>
    <item name='javax.security.auth.PrivateCredentialPermission PrivateCredentialPermission(java.lang.String, java.lang.String)'>
        <annotation name='com.intellij.inspections.tainted.annotation.equation.Equations'>
            <val val="{ &quot;PrivateCredentialPermission := PrivateCredentialPermission&quot;, &quot;name := &quot; }"/>
        </annotation>
    </item>
    <item name='javax.security.auth.PrivateCredentialPermission PrivateCredentialPermission(java.lang.String, java.util.Set&lt;java.security.Principal&gt;)'>
        <annotation name='com.intellij.inspections.tainted.annotation.equation.Equations'>
            <val val="{ &quot;PrivateCredentialPermission := PrivateCredentialPermission&quot;, &quot;credentialClass := &quot;, &quot;principals := &quot; }"/>
        </annotation>
    </item>
    <item name='javax.security.auth.PrivateCredentialPermission boolean implies(java.security.Permission)'>
        <annotation name='com.intellij.inspections.tainted.annotation.equation.Equations'>
            <val val="{ &quot;p := #equals(java.lang.Object)#0 &amp; PrivateCredentialPermission&quot; }"/>
        </annotation>
    </item>
    <item name='javax.security.auth.PrivateCredentialPermission boolean impliesPrincipalSet(javax.security.auth.PrivateCredentialPermission.CredOwner[], javax.security.auth.PrivateCredentialPermission.CredOwner[])'>
        <annotation name='com.intellij.inspections.tainted.annotation.equation.Equations'>
            <val val="{ &quot;thisP := PrivateCredentialPermission&quot; }"/>
        </annotation>
    </item>
    <item name='javax.security.auth.PrivateCredentialPermission java.lang.String getCredentialClass()'>
        <annotation name='com.intellij.inspections.tainted.annotation.equation.Equations'>
            <val val="{ &quot;getCredentialClass := PrivateCredentialPermission&quot; }"/>
        </annotation>
    </item>
    <item name='javax.security.auth.PrivateCredentialPermission java.lang.String[][] getPrincipals()'>
        <annotation name='com.intellij.inspections.tainted.annotation.equation.Equations'>
            <val val="{ &quot;getPrincipals := PrivateCredentialPermission&quot; }"/>
        </annotation>
    </item>
    <item name='javax.security.auth.PrivateCredentialPermission void init(java.lang.String)'>
        <annotation name='com.intellij.inspections.tainted.annotation.equation.Equations'>
            <val val="{ &quot;name := #PrivateCredentialPermission(java.lang.String, java.lang.String)#0&quot; }"/>
        </annotation>
    </item>
    <item name='javax.security.auth.PrivateCredentialPermission.CredOwner CredOwner(java.lang.String, java.lang.String)'>
        <annotation name='com.intellij.inspections.tainted.annotation.equation.Equations'>
            <val val="{ &quot;CredOwner := PrivateCredentialPermission.CredOwner&quot; }"/>
        </annotation>
    </item>
    <item name='javax.security.auth.PrivateCredentialPermission.CredOwner boolean implies(java.lang.Object)'>
        <annotation name='com.intellij.inspections.tainted.annotation.equation.Equations'>
            <val val="{ &quot;obj := PrivateCredentialPermission#impliesPrincipalSet(javax.security.auth.PrivateCredentialPermission.CredOwner[], javax.security.auth.PrivateCredentialPermission.CredOwner[])#1&quot; }"/>
        </annotation>
    </item>
    <item name='javax.security.auth.RefreshFailedException RefreshFailedException(java.lang.String)'>
        <annotation name='com.intellij.inspections.tainted.annotation.equation.Equations'>
            <val val="{ &quot;msg := javax.security.auth.kerberos.KerberosTicket&quot;, &quot;RefreshFailedException := RefreshFailedException&quot; }"/>
        </annotation>
    </item>
    <item name='javax.security.auth.Subject'>
        <annotation name='com.intellij.inspections.tainted.annotation.equation.Equations'>
            <val val="{ &quot;Subject := &quot; }"/>
        </annotation>
    </item>
    <item name='javax.security.auth.Subject Subject()'>
        <annotation name='com.intellij.inspections.tainted.annotation.equation.Equations'>
            <val val="{ &quot;Subject := Subject&quot; }"/>
        </annotation>
    </item>
    <item name='javax.security.auth.Subject Subject(boolean, java.util.Set&lt;? extends java.security.Principal&gt;, java.util.Set&lt;?&gt;, java.util.Set&lt;?&gt;)'>
        <annotation name='com.intellij.inspections.tainted.annotation.equation.Equations'>
            <val val="{ &quot;Subject := Subject&quot;, &quot;principals := &quot;, &quot;privCredentials := java.util.Collections#EMPTY_SET&quot;, &quot;pubCredentials := java.util.Collections#EMPTY_SET&quot; }"/>
        </annotation>
    </item>
    <item name='javax.security.auth.Subject java.security.AccessControlContext createContext(javax.security.auth.Subject, java.security.AccessControlContext)'>
        <annotation name='com.intellij.inspections.tainted.annotation.equation.Equations'>
            <val val="{ &quot;subject := #doAs(javax.security.auth.Subject, java.security.PrivilegedAction)#0 &amp; #doAs(javax.security.auth.Subject, java.security.PrivilegedExceptionAction)#0 &amp; #doAsPrivileged(javax.security.auth.Subject, java.security.PrivilegedAction, java.security.AccessControlContext)#0 &amp; #doAsPrivileged(javax.security.auth.Subject, java.security.PrivilegedExceptionAction, java.security.AccessControlContext)#0&quot;, &quot;acc := #doAsPrivileged(javax.security.auth.Subject, java.security.PrivilegedAction, java.security.AccessControlContext)#2 &amp; #doAsPrivileged(javax.security.auth.Subject, java.security.PrivilegedExceptionAction, java.security.AccessControlContext)#2&quot; }"/>
        </annotation>
    </item>
    <item name='javax.security.auth.Subject java.util.Set&lt;T&gt; getPrincipals(java.lang.Class&lt;T&gt;)'>
        <annotation name='com.intellij.inspections.tainted.annotation.equation.Equations'>
            <val val="{ &quot;c := &quot; }"/>
        </annotation>
    </item>
    <item name='javax.security.auth.Subject java.util.Set&lt;java.lang.Object&gt; getPrivateCredentials()'>
        <annotation name='com.intellij.inspections.tainted.annotation.equation.Equations'>
            <val val="{ &quot;getPrivateCredentials := Subject&quot; }"/>
        </annotation>
    </item>
    <item name='javax.security.auth.Subject java.util.Set&lt;java.lang.Object&gt; getPublicCredentials()'>
        <annotation name='com.intellij.inspections.tainted.annotation.equation.Equations'>
            <val val="{ &quot;getPublicCredentials := Subject&quot; }"/>
        </annotation>
    </item>
    <item name='javax.security.auth.Subject java.util.Set&lt;java.security.Principal&gt; getPrincipals()'>
        <annotation name='com.intellij.inspections.tainted.annotation.equation.Equations'>
            <val val="{ &quot;getPrincipals := Subject&quot; }"/>
        </annotation>
    </item>
    <item name='javax.security.auth.Subject javax.security.auth.Subject getSubject(java.security.AccessControlContext)'>
        <annotation name='com.intellij.inspections.tainted.annotation.equation.Equations'>
            <val val="{ &quot;acc := sun.security.jgss.krb5.Krb5Util#getTicketFromSubjectAndTgs(sun.security.jgss.GSSCaller, java.lang.String, java.lang.String, java.lang.String, java.security.AccessControlContext)#4 &amp; sun.security.jgss.krb5.Krb5Util#getTicket(sun.security.jgss.GSSCaller, java.lang.String, java.lang.String, java.security.AccessControlContext)#3 &amp; sun.security.jgss.krb5.Krb5Util#getSubject(sun.security.jgss.GSSCaller, java.security.AccessControlContext)#1 &amp; sun.security.jgss.krb5.Krb5Util#getServiceCreds(sun.security.jgss.GSSCaller, java.lang.String, java.security.AccessControlContext)#2 &amp; sun.security.jgss.krb5.Krb5Util#getTicketFromSubjectAndTgs(sun.security.jgss.GSSCaller, java.lang.String, java.lang.String, java.lang.String, java.security.AccessControlContext)#4 &amp; sun.security.jgss.krb5.Krb5Util#getTicket(sun.security.jgss.GSSCaller, java.lang.String, java.lang.String, java.security.AccessControlContext)#3 &amp; sun.security.jgss.krb5.Krb5Util#getSubject(sun.security.jgss.GSSCaller, java.security.AccessControlContext)#1 &amp; sun.security.jgss.krb5.Krb5Util#getServiceCreds(sun.security.jgss.GSSCaller, java.lang.String, java.security.AccessControlContext)#2&quot; }"/>
        </annotation>
    </item>
    <item name='javax.security.auth.Subject.ClassSet ClassSet(int, java.lang.Class&lt;T&gt;)'>
        <annotation name='com.intellij.inspections.tainted.annotation.equation.Equations'>
            <val val="{ &quot;which := Subject#PRINCIPAL_SET &amp; Subject#PUB_CREDENTIAL_SET &amp; Subject#PRIV_CREDENTIAL_SET&quot;, &quot;c := Subject#getPrincipals(java.lang.Class)#0 &amp; Subject#getPublicCredentials(java.lang.Class)#0 &amp; Subject#getPrivateCredentials(java.lang.Class)#0&quot;, &quot;ClassSet := Subject.ClassSet&quot; }"/>
        </annotation>
    </item>
    <item name='javax.security.auth.Subject.SecureSet'>
        <annotation name='com.intellij.inspections.tainted.annotation.equation.Equations'>
            <val val="{ &quot;SecureSet := &quot; }"/>
        </annotation>
    </item>
    <item name='javax.security.auth.Subject.SecureSet SecureSet(javax.security.auth.Subject, int)'>
        <annotation name='com.intellij.inspections.tainted.annotation.equation.Equations'>
            <val val="{ &quot;SecureSet := Subject.SecureSet&quot;, &quot;subject := Subject&quot;, &quot;which := Subject#PRINCIPAL_SET &amp; Subject#PUB_CREDENTIAL_SET &amp; Subject#PRIV_CREDENTIAL_SET&quot; }"/>
        </annotation>
    </item>
    <item name='javax.security.auth.Subject.SecureSet SecureSet(javax.security.auth.Subject, int, java.util.Set&lt;? extends E&gt;)'>
        <annotation name='com.intellij.inspections.tainted.annotation.equation.Equations'>
            <val val="{ &quot;SecureSet := Subject.SecureSet&quot;, &quot;which := Subject#PRINCIPAL_SET &amp; Subject#PUB_CREDENTIAL_SET &amp; Subject#PRIV_CREDENTIAL_SET&quot;, &quot;subject := Subject&quot;, &quot;set := Subject#Subject(boolean, java.util.Set, java.util.Set, java.util.Set)#1 &amp; Subject#Subject(boolean, java.util.Set, java.util.Set, java.util.Set)#2 &amp; Subject#Subject(boolean, java.util.Set, java.util.Set, java.util.Set)#3&quot; }"/>
        </annotation>
    </item>
    <item name='javax.security.auth.Subject.SecureSet java.util.Iterator&lt;E&gt; iterator()'>
        <annotation name='com.intellij.inspections.tainted.annotation.equation.Equations'>
            <val val="{ &quot;iterator := Subject.AuthPermissionHolder#MODIFY_PRIVATE_CREDENTIALS_PERMISSION&quot; }"/>
        </annotation>
    </item>
    <item name='javax.security.auth.SubjectDomainCombiner'>
        <annotation name='com.intellij.inspections.tainted.annotation.equation.Equations'>
            <val val="{ &quot;SubjectDomainCombiner := com.sun.jmx.remote.security.JMXSubjectDomainCombiner&quot; }"/>
        </annotation>
    </item>
    <item name='javax.security.auth.SubjectDomainCombiner SubjectDomainCombiner(javax.security.auth.Subject)'>
        <annotation name='com.intellij.inspections.tainted.annotation.equation.Equations'>
            <val val="{ &quot;subject := com.sun.jmx.remote.security.JMXSubjectDomainCombiner#JMXSubjectDomainCombiner(javax.security.auth.Subject)#0 &amp; Subject#createContext(javax.security.auth.Subject, java.security.AccessControlContext)#0&quot;, &quot;SubjectDomainCombiner := SubjectDomainCombiner&quot; }"/>
        </annotation>
    </item>
    <item name='javax.security.auth.SubjectDomainCombiner java.lang.String printDomain(java.security.ProtectionDomain)'>
        <annotation name='com.intellij.inspections.tainted.annotation.equation.Equations'>
            <val val="{ &quot;pd := #printInputDomains(java.security.ProtectionDomain[], java.security.ProtectionDomain[])#0 &amp; #printInputDomains(java.security.ProtectionDomain[], java.security.ProtectionDomain[])#1&quot; }"/>
        </annotation>
    </item>
    <item name='javax.security.auth.SubjectDomainCombiner java.security.ProtectionDomain[] combine(java.security.ProtectionDomain[], java.security.ProtectionDomain[])'>
        <annotation name='com.intellij.inspections.tainted.annotation.equation.Equations'>
            <val val="{ &quot;assignedDomains := com.sun.jmx.remote.security.JMXSubjectDomainCombiner#combine(java.security.ProtectionDomain[], java.security.ProtectionDomain[])#1&quot;, &quot;combine := com.sun.jmx.remote.security.JMXSubjectDomainCombiner#combine(java.security.ProtectionDomain[], java.security.ProtectionDomain[])&quot;, &quot;currentDomains := com.sun.jmx.remote.security.JMXSubjectDomainCombiner#combine(java.security.ProtectionDomain[], java.security.ProtectionDomain[])#0&quot; }"/>
        </annotation>
    </item>
    <item name='javax.security.auth.SubjectDomainCombiner java.security.ProtectionDomain[] combineJavaxPolicy(java.security.ProtectionDomain[], java.security.ProtectionDomain[])'>
        <annotation name='com.intellij.inspections.tainted.annotation.equation.Equations'>
            <val val="{ &quot;assignedDomains := #combine(java.security.ProtectionDomain[], java.security.ProtectionDomain[])#1&quot;, &quot;currentDomains := #combine(java.security.ProtectionDomain[], java.security.ProtectionDomain[])#0&quot; }"/>
        </annotation>
    </item>
    <item name='javax.security.auth.SubjectDomainCombiner java.security.ProtectionDomain[] optimize(java.security.ProtectionDomain[])'>
        <annotation name='com.intellij.inspections.tainted.annotation.equation.Equations'>
            <val val="{ &quot;optimize := domains&quot;, &quot;domains := #combine(java.security.ProtectionDomain[], java.security.ProtectionDomain[])#0&quot; }"/>
        </annotation>
    </item>
    <item name='javax.security.auth.SubjectDomainCombiner javax.security.auth.Subject getSubject()'>
        <annotation name='com.intellij.inspections.tainted.annotation.equation.Equations'>
            <val val="{ &quot;getSubject := SubjectDomainCombiner&quot; }"/>
        </annotation>
    </item>
    <item name='javax.security.auth.SubjectDomainCombiner void printInputDomains(java.security.ProtectionDomain[], java.security.ProtectionDomain[])'>
        <annotation name='com.intellij.inspections.tainted.annotation.equation.Equations'>
            <val val="{ &quot;assignedDomains := #combine(java.security.ProtectionDomain[], java.security.ProtectionDomain[])#1&quot;, &quot;currentDomains := #combine(java.security.ProtectionDomain[], java.security.ProtectionDomain[])#0&quot; }"/>
        </annotation>
    </item>
    <item name='javax.security.auth.SubjectDomainCombiner.WeakKeyValueMap V getValue(K)'>
        <annotation name='com.intellij.inspections.tainted.annotation.equation.Equations'>
            <val val="{ &quot;key := SubjectDomainCombiner#combine(java.security.ProtectionDomain[], java.security.ProtectionDomain[])#0 &amp; SubjectDomainCombiner#combineJavaxPolicy(java.security.ProtectionDomain[], java.security.ProtectionDomain[])#0&quot; }"/>
        </annotation>
    </item>
    <item name='javax.security.auth.SubjectDomainCombiner.WeakKeyValueMap V putValue(K, V)'>
        <annotation name='com.intellij.inspections.tainted.annotation.equation.Equations'>
            <val val="{ &quot;key := SubjectDomainCombiner#combine(java.security.ProtectionDomain[], java.security.ProtectionDomain[])#0 &amp; SubjectDomainCombiner#combineJavaxPolicy(java.security.ProtectionDomain[], java.security.ProtectionDomain[])#0&quot; }"/>
        </annotation>
    </item>
</root>