<root>
    <item name='com.sun.jmx.defaults.JmxProperties JmxProperties()'>
        <annotation name='com.intellij.inspections.tainted.annotation.equation.Equations'>
            <val val="{ &quot;JmxProperties := JmxProperties&quot; }"/>
        </annotation>
    </item>
    <item name='com.sun.jmx.defaults.ServiceName ServiceName()'>
        <annotation name='com.intellij.inspections.tainted.annotation.equation.Equations'>
            <val val="{ &quot;ServiceName := ServiceName&quot; }"/>
        </annotation>
    </item>
</root>