<root>
    <item name='org.junit.internal.runners.statements.ExpectException'>
        <annotation name='com.intellij.inspections.tainted.annotation.equation.Equations'>
            <val val="{ &quot;ExpectException := #ExpectException(org.junit.runners.model.Statement, java.lang.Class)#0 &amp; #ExpectException(org.junit.runners.model.Statement, java.lang.Class)#1&quot; }"/>
        </annotation>
    </item>
    <item name='org.junit.internal.runners.statements.ExpectException ExpectException(org.junit.runners.model.Statement, java.lang.Class&lt;? extends java.lang.Throwable&gt;)'>
        <annotation name='com.intellij.inspections.tainted.annotation.equation.Equations'>
            <val val="{ &quot;next := org.junit.runners.BlockJUnit4ClassRunner#possiblyExpectingExceptions(org.junit.runners.model.FrameworkMethod, java.lang.Object, org.junit.runners.model.Statement)#2&quot;, &quot;expected := &quot;, &quot;ExpectException := ExpectException&quot; }"/>
        </annotation>
    </item>
    <item name='org.junit.internal.runners.statements.Fail'>
        <annotation name='com.intellij.inspections.tainted.annotation.equation.Equations'>
            <val val="{ &quot;Fail := #Fail(java.lang.Throwable)#0&quot; }"/>
        </annotation>
    </item>
    <item name='org.junit.internal.runners.statements.Fail Fail(java.lang.Throwable)'>
        <annotation name='com.intellij.inspections.tainted.annotation.equation.Equations'>
            <val val="{ &quot;e := &quot;, &quot;Fail := Fail&quot; }"/>
        </annotation>
    </item>
    <item name='org.junit.internal.runners.statements.FailOnTimeout'>
        <annotation name='com.intellij.inspections.tainted.annotation.equation.Equations'>
            <val val="{ &quot;FailOnTimeout := #FailOnTimeout(org.junit.internal.runners.statements.FailOnTimeout.Builder, org.junit.runners.model.Statement)#1&quot; }"/>
        </annotation>
    </item>
    <item name='org.junit.internal.runners.statements.FailOnTimeout FailOnTimeout(org.junit.internal.runners.statements.FailOnTimeout.Builder, org.junit.runners.model.Statement)'>
        <annotation name='com.intellij.inspections.tainted.annotation.equation.Equations'>
            <val val="{ &quot;builder := FailOnTimeout.Builder&quot;, &quot;FailOnTimeout := FailOnTimeout&quot;, &quot;statement := FailOnTimeout.Builder#build(org.junit.runners.model.Statement)#0 &amp; #FailOnTimeout(org.junit.runners.model.Statement, long)#0&quot; }"/>
        </annotation>
    </item>
    <item name='org.junit.internal.runners.statements.FailOnTimeout FailOnTimeout(org.junit.runners.model.Statement, long)'>
        <annotation name='com.intellij.inspections.tainted.annotation.equation.Equations'>
            <val val="{ &quot;FailOnTimeout := FailOnTimeout&quot; }"/>
        </annotation>
    </item>
    <item name='org.junit.internal.runners.statements.FailOnTimeout java.lang.Exception createTimeoutException(java.lang.Thread)'>
        <annotation name='com.intellij.inspections.tainted.annotation.equation.Equations'>
            <val val="{ &quot;createTimeoutException := &quot;, &quot;thread := #getResult(java.util.concurrent.FutureTask, java.lang.Thread)#1&quot; }"/>
        </annotation>
    </item>
    <item name='org.junit.internal.runners.statements.FailOnTimeout java.lang.StackTraceElement[] getStackTrace(java.lang.Thread)'>
        <annotation name='com.intellij.inspections.tainted.annotation.equation.Equations'>
            <val val="{ &quot;getStackTrace := &quot;, &quot;thread := &quot; }"/>
        </annotation>
    </item>
    <item name='org.junit.internal.runners.statements.FailOnTimeout java.lang.Thread getStuckThread(java.lang.Thread)'>
        <annotation name='com.intellij.inspections.tainted.annotation.equation.Equations'>
            <val val="{ &quot;mainThread := #createTimeoutException(java.lang.Thread)#0&quot; }"/>
        </annotation>
    </item>
    <item name='org.junit.internal.runners.statements.FailOnTimeout java.lang.Thread[] copyThreads(java.lang.Thread[], int)'>
        <annotation name='com.intellij.inspections.tainted.annotation.equation.Equations'>
            <val val="{ &quot;count := &quot;, &quot;copyThreads := threads&quot; }"/>
        </annotation>
    </item>
    <item name='org.junit.internal.runners.statements.FailOnTimeout java.lang.Thread[] getThreadArray(java.lang.ThreadGroup)'>
        <annotation name='com.intellij.inspections.tainted.annotation.equation.Equations'>
            <val val="{ &quot;group := FailOnTimeout&quot;, &quot;getThreadArray := &quot; }"/>
        </annotation>
    </item>
    <item name='org.junit.internal.runners.statements.FailOnTimeout java.lang.Throwable getResult(java.util.concurrent.FutureTask&lt;java.lang.Throwable&gt;, java.lang.Thread)'>
        <annotation name='com.intellij.inspections.tainted.annotation.equation.Equations'>
            <val val="{ &quot;task := &quot;, &quot;thread := &quot;, &quot;getResult := e&quot; }"/>
        </annotation>
    </item>
    <item name='org.junit.internal.runners.statements.FailOnTimeout long cpuTime(java.lang.Thread)'>
        <annotation name='com.intellij.inspections.tainted.annotation.equation.Equations'>
            <val val="{ &quot;cpuTime := &quot; }"/>
        </annotation>
    </item>
    <item name='org.junit.internal.runners.statements.FailOnTimeout org.junit.internal.runners.statements.FailOnTimeout.Builder builder()'>
        <annotation name='com.intellij.inspections.tainted.annotation.equation.Equations'>
            <val val="{ &quot;builder := &quot; }"/>
        </annotation>
    </item>
    <item name='org.junit.internal.runners.statements.FailOnTimeout.Builder'>
        <annotation name='com.intellij.inspections.tainted.annotation.equation.Equations'>
            <val val="{ &quot;Builder := java.util.concurrent.TimeUnit#SECONDS &amp; #withTimeout(long, java.util.concurrent.TimeUnit)#0 &amp; #withTimeout(long, java.util.concurrent.TimeUnit)#1 &amp; #withLookingForStuckThread(boolean)#0&quot; }"/>
        </annotation>
    </item>
    <item name='org.junit.internal.runners.statements.FailOnTimeout.Builder Builder()'>
        <annotation name='com.intellij.inspections.tainted.annotation.equation.Equations'>
            <val val="{ &quot;Builder := FailOnTimeout.Builder&quot; }"/>
        </annotation>
    </item>
    <item name='org.junit.internal.runners.statements.FailOnTimeout.Builder org.junit.internal.runners.statements.FailOnTimeout build(org.junit.runners.model.Statement)'>
        <annotation name='com.intellij.inspections.tainted.annotation.equation.Equations'>
            <val val="{ &quot;build := &quot;, &quot;statement := org.junit.runners.BlockJUnit4ClassRunner#withPotentialTimeout(org.junit.runners.model.FrameworkMethod, java.lang.Object, org.junit.runners.model.Statement)#2 &amp; org.junit.rules.Timeout#createFailOnTimeoutStatement(org.junit.runners.model.Statement)#0&quot; }"/>
        </annotation>
    </item>
    <item name='org.junit.internal.runners.statements.FailOnTimeout.Builder org.junit.internal.runners.statements.FailOnTimeout.Builder withLookingForStuckThread(boolean)'>
        <annotation name='com.intellij.inspections.tainted.annotation.equation.Equations'>
            <val val="{ &quot;withLookingForStuckThread := FailOnTimeout.Builder&quot; }"/>
        </annotation>
    </item>
    <item name='org.junit.internal.runners.statements.FailOnTimeout.Builder org.junit.internal.runners.statements.FailOnTimeout.Builder withTimeout(long, java.util.concurrent.TimeUnit)'>
        <annotation name='com.intellij.inspections.tainted.annotation.equation.Equations'>
            <val val="{ &quot;withTimeout := FailOnTimeout.Builder&quot;, &quot;timeout := FailOnTimeout#FailOnTimeout(org.junit.runners.model.Statement, long)#1&quot;, &quot;unit := java.util.concurrent.TimeUnit#MILLISECONDS&quot; }"/>
        </annotation>
    </item>
    <item name='org.junit.internal.runners.statements.FailOnTimeout.CallableStatement'>
        <annotation name='com.intellij.inspections.tainted.annotation.equation.Equations'>
            <val val="{ &quot;CallableStatement := &quot; }"/>
        </annotation>
    </item>
    <item name='org.junit.internal.runners.statements.FailOnTimeout.CallableStatement java.lang.Throwable call()'>
        <annotation name='com.intellij.inspections.tainted.annotation.equation.Equations'>
            <val val="{ &quot;call := e&quot; }"/>
        </annotation>
    </item>
    <item name='org.junit.internal.runners.statements.InvokeMethod'>
        <annotation name='com.intellij.inspections.tainted.annotation.equation.Equations'>
            <val val="{ &quot;InvokeMethod := #InvokeMethod(org.junit.runners.model.FrameworkMethod, java.lang.Object)#0 &amp; #InvokeMethod(org.junit.runners.model.FrameworkMethod, java.lang.Object)#1&quot; }"/>
        </annotation>
    </item>
    <item name='org.junit.internal.runners.statements.InvokeMethod InvokeMethod(org.junit.runners.model.FrameworkMethod, java.lang.Object)'>
        <annotation name='com.intellij.inspections.tainted.annotation.equation.Equations'>
            <val val="{ &quot;testMethod := org.junit.runners.BlockJUnit4ClassRunner#methodInvoker(org.junit.runners.model.FrameworkMethod, java.lang.Object)#0&quot;, &quot;InvokeMethod := InvokeMethod&quot;, &quot;target := org.junit.runners.BlockJUnit4ClassRunner#methodInvoker(org.junit.runners.model.FrameworkMethod, java.lang.Object)#1&quot; }"/>
        </annotation>
    </item>
    <item name='org.junit.internal.runners.statements.RunAfters'>
        <annotation name='com.intellij.inspections.tainted.annotation.equation.Equations'>
            <val val="{ &quot;RunAfters := #RunAfters(org.junit.runners.model.Statement, java.util.List, java.lang.Object)#0 &amp; #RunAfters(org.junit.runners.model.Statement, java.util.List, java.lang.Object)#1 &amp; #RunAfters(org.junit.runners.model.Statement, java.util.List, java.lang.Object)#2&quot; }"/>
        </annotation>
    </item>
    <item name='org.junit.internal.runners.statements.RunAfters RunAfters(org.junit.runners.model.Statement, java.util.List&lt;org.junit.runners.model.FrameworkMethod&gt;, java.lang.Object)'>
        <annotation name='com.intellij.inspections.tainted.annotation.equation.Equations'>
            <val val="{ &quot;target := org.junit.runners.BlockJUnit4ClassRunner#withAfters(org.junit.runners.model.FrameworkMethod, java.lang.Object, org.junit.runners.model.Statement)#1&quot;, &quot;next := org.junit.runners.BlockJUnit4ClassRunner#withAfters(org.junit.runners.model.FrameworkMethod, java.lang.Object, org.junit.runners.model.Statement)#2 &amp; org.junit.runners.ParentRunner#withAfterClasses(org.junit.runners.model.Statement)#0&quot;, &quot;afters := &quot;, &quot;RunAfters := RunAfters&quot; }"/>
        </annotation>
    </item>
    <item name='org.junit.internal.runners.statements.RunBefores'>
        <annotation name='com.intellij.inspections.tainted.annotation.equation.Equations'>
            <val val="{ &quot;RunBefores := #RunBefores(org.junit.runners.model.Statement, java.util.List, java.lang.Object)#0 &amp; #RunBefores(org.junit.runners.model.Statement, java.util.List, java.lang.Object)#1 &amp; #RunBefores(org.junit.runners.model.Statement, java.util.List, java.lang.Object)#2&quot; }"/>
        </annotation>
    </item>
    <item name='org.junit.internal.runners.statements.RunBefores RunBefores(org.junit.runners.model.Statement, java.util.List&lt;org.junit.runners.model.FrameworkMethod&gt;, java.lang.Object)'>
        <annotation name='com.intellij.inspections.tainted.annotation.equation.Equations'>
            <val val="{ &quot;befores := &quot;, &quot;next := org.junit.runners.BlockJUnit4ClassRunner#withBefores(org.junit.runners.model.FrameworkMethod, java.lang.Object, org.junit.runners.model.Statement)#2 &amp; org.junit.runners.ParentRunner#withBeforeClasses(org.junit.runners.model.Statement)#0&quot;, &quot;RunBefores := RunBefores&quot;, &quot;target := org.junit.runners.BlockJUnit4ClassRunner#withBefores(org.junit.runners.model.FrameworkMethod, java.lang.Object, org.junit.runners.model.Statement)#1&quot; }"/>
        </annotation>
    </item>
</root>