<root>
    <item name='com.sun.jmx.remote.protocol.iiop.IIOPProxyImpl IIOPProxyImpl()'>
        <annotation name='com.intellij.inspections.tainted.annotation.equation.Equations'>
            <val val="{ &quot;IIOPProxyImpl := IIOPProxyImpl&quot; }"/>
        </annotation>
    </item>
    <item name='com.sun.jmx.remote.protocol.iiop.ProxyInputStream ProxyInputStream(org.omg.CORBA.portable.InputStream)'>
        <annotation name='com.intellij.inspections.tainted.annotation.equation.Equations'>
            <val val="{ &quot;ProxyInputStream := ProxyInputStream&quot; }"/>
        </annotation>
    </item>
    <item name='com.sun.jmx.remote.protocol.iiop.ProxyInputStream org.omg.CORBA.portable.InputStream getProxiedInputStream()'>
        <annotation name='com.intellij.inspections.tainted.annotation.equation.Equations'>
            <val val="{ &quot;getProxiedInputStream := ProxyInputStream&quot; }"/>
        </annotation>
    </item>
    <item name='com.sun.jmx.remote.protocol.iiop.ProxyInputStream org.omg.CORBA_2_3.portable.InputStream narrow()'>
        <annotation name='com.intellij.inspections.tainted.annotation.equation.Equations'>
            <val val="{ &quot;narrow := ProxyInputStream&quot; }"/>
        </annotation>
    </item>
</root>