<root>
    <item name='org.jboss.vfs.BasicMountHandle'>
        <annotation name='com.intellij.inspections.tainted.annotation.equation.Equations'>
            <val val="{ &quot;BasicMountHandle := #BasicMountHandle(org.jboss.vfs.spi.FileSystem, java.io.Closeable, java.io.Closeable...)#0 &amp; #BasicMountHandle(org.jboss.vfs.spi.FileSystem, java.io.Closeable, java.io.Closeable...)#1 &amp; #BasicMountHandle(org.jboss.vfs.spi.FileSystem, java.io.Closeable, java.io.Closeable...)#2&quot; }"/>
        </annotation>
    </item>
    <item name='org.jboss.vfs.BasicMountHandle BasicMountHandle(org.jboss.vfs.spi.FileSystem, java.io.Closeable, java.io.Closeable...)'>
        <annotation name='com.intellij.inspections.tainted.annotation.equation.Equations'>
            <val val="{ &quot;fileSystem := VFS#doMount(org.jboss.vfs.spi.FileSystem, org.jboss.vfs.VirtualFile, java.io.Closeable...)#0&quot;, &quot;BasicMountHandle := BasicMountHandle&quot;, &quot;additionalCloseables := VFS#doMount(org.jboss.vfs.spi.FileSystem, org.jboss.vfs.VirtualFile, java.io.Closeable...)#2&quot;, &quot;mountHandle := &quot; }"/>
        </annotation>
    </item>
    <item name='org.jboss.vfs.BasicMountHandle java.io.File getMountSource()'>
        <annotation name='com.intellij.inspections.tainted.annotation.equation.Equations'>
            <val val="{ &quot;getMountSource := &quot; }"/>
        </annotation>
    </item>
    <item name='org.jboss.vfs.TempDir'>
        <annotation name='com.intellij.inspections.tainted.annotation.equation.Equations'>
            <val val="{ &quot;TempDir := #TempDir(org.jboss.vfs.TempFileProvider, java.io.File)#0 &amp; #TempDir(org.jboss.vfs.TempFileProvider, java.io.File)#1&quot; }"/>
        </annotation>
    </item>
    <item name='org.jboss.vfs.TempDir TempDir(org.jboss.vfs.TempFileProvider, java.io.File)'>
        <annotation name='com.intellij.inspections.tainted.annotation.equation.Equations'>
            <val val="{ &quot;TempDir := TempDir&quot;, &quot;provider := TempFileProvider&quot;, &quot;root := &quot; }"/>
        </annotation>
    </item>
    <item name='org.jboss.vfs.TempDir java.io.File createFile(java.lang.String, java.io.InputStream)'>
        <annotation name='com.intellij.inspections.tainted.annotation.equation.Equations'>
            <val val="{ &quot;sourceData := org.jboss.vfs.spi.JavaZipFileSystem#JavaZipFileSystem(java.lang.String, java.io.InputStream, org.jboss.vfs.TempDir)#1&quot;, &quot;relativePath := org.jboss.vfs.spi.JavaZipFileSystem#JavaZipFileSystem(java.lang.String, java.io.InputStream, org.jboss.vfs.TempDir)#0&quot;, &quot;createFile := &quot; }"/>
        </annotation>
    </item>
    <item name='org.jboss.vfs.TempDir java.io.File getFile(java.lang.String)'>
        <annotation name='com.intellij.inspections.tainted.annotation.equation.Equations'>
            <val val="{ &quot;relativePath := #createFile(java.lang.String, java.io.InputStream)#0&quot;, &quot;getFile := &quot; }"/>
        </annotation>
    </item>
    <item name='org.jboss.vfs.TempDir java.io.File getRoot()'>
        <annotation name='com.intellij.inspections.tainted.annotation.equation.Equations'>
            <val val="{ &quot;getRoot := TempDir&quot; }"/>
        </annotation>
    </item>
    <item name='org.jboss.vfs.TempFileProvider'>
        <annotation name='com.intellij.inspections.tainted.annotation.equation.Equations'>
            <val val="{ &quot;TempFileProvider := #TempFileProvider(java.io.File, java.util.concurrent.ScheduledExecutorService)#0 &amp; #TempFileProvider(java.io.File, java.util.concurrent.ScheduledExecutorService)#1&quot; }"/>
        </annotation>
    </item>
    <item name='org.jboss.vfs.TempFileProvider TempFileProvider(java.io.File, java.util.concurrent.ScheduledExecutorService)'>
        <annotation name='com.intellij.inspections.tainted.annotation.equation.Equations'>
            <val val="{ &quot;providerRoot := &quot;, &quot;TempFileProvider := TempFileProvider&quot;, &quot;executor := #create(java.lang.String, java.util.concurrent.ScheduledExecutorService, boolean)#1&quot; }"/>
        </annotation>
    </item>
    <item name='org.jboss.vfs.TempFileProvider java.io.File createTempDir(java.lang.String, java.lang.String, java.io.File)'>
        <annotation name='com.intellij.inspections.tainted.annotation.equation.Equations'>
            <val val="{ &quot;prefix := #create(java.lang.String, java.util.concurrent.ScheduledExecutorService, boolean)#0&quot;, &quot;createTempDir := &quot;, &quot;root := &quot; }"/>
        </annotation>
    </item>
    <item name='org.jboss.vfs.TempFileProvider java.io.File getProviderRoot()'>
        <annotation name='com.intellij.inspections.tainted.annotation.equation.Equations'>
            <val val="{ &quot;getProviderRoot := TempFileProvider&quot; }"/>
        </annotation>
    </item>
    <item name='org.jboss.vfs.TempFileProvider java.lang.String createTempName(java.lang.String, java.lang.String)'>
        <annotation name='com.intellij.inspections.tainted.annotation.equation.Equations'>
            <val val="{ &quot;createTempName := prefix &amp; suffix&quot;, &quot;suffix := #createTempDir(java.lang.String, java.lang.String, java.io.File)#1&quot;, &quot;prefix := #create(java.lang.String, java.util.concurrent.ScheduledExecutorService, boolean)#0 &amp; #createTempDir(java.lang.String, java.lang.String, java.io.File)#0 &amp; #createTempDir(java.lang.String)#0&quot; }"/>
        </annotation>
    </item>
    <item name='org.jboss.vfs.TempFileProvider org.jboss.vfs.TempDir createTempDir(java.lang.String)'>
        <annotation name='com.intellij.inspections.tainted.annotation.equation.Equations'>
            <val val="{ &quot;createTempDir := &quot;, &quot;originalName := VFS#mountZip(java.io.InputStream, java.lang.String, org.jboss.vfs.VirtualFile, org.jboss.vfs.TempFileProvider)#1 &amp; VFS#mountZipExpanded(java.io.InputStream, java.lang.String, org.jboss.vfs.VirtualFile, org.jboss.vfs.TempFileProvider)#1&quot; }"/>
        </annotation>
    </item>
    <item name='org.jboss.vfs.TempFileProvider org.jboss.vfs.TempFileProvider create(java.lang.String, java.util.concurrent.ScheduledExecutorService)'>
        <annotation name='com.intellij.inspections.tainted.annotation.equation.Equations'>
            <val val="{ &quot;executor := &quot;, &quot;create := &quot; }"/>
        </annotation>
    </item>
    <item name='org.jboss.vfs.TempFileProvider org.jboss.vfs.TempFileProvider create(java.lang.String, java.util.concurrent.ScheduledExecutorService, boolean)'>
        <annotation name='com.intellij.inspections.tainted.annotation.equation.Equations'>
            <val val="{ &quot;executor := #create(java.lang.String, java.util.concurrent.ScheduledExecutorService)#1&quot;, &quot;create := &quot;, &quot;providerType := #create(java.lang.String, java.util.concurrent.ScheduledExecutorService)#0&quot; }"/>
        </annotation>
    </item>
    <item name='org.jboss.vfs.TempFileProvider void delete(java.io.File)'>
        <annotation name='com.intellij.inspections.tainted.annotation.equation.Equations'>
            <val val="{ &quot;root := TempFileProvider &amp; TempDir&quot; }"/>
        </annotation>
    </item>
    <item name='org.jboss.vfs.TempFileProvider.DeleteTask'>
        <annotation name='com.intellij.inspections.tainted.annotation.equation.Equations'>
            <val val="{ &quot;DeleteTask := #DeleteTask(java.io.File, java.util.concurrent.ScheduledExecutorService)#0 &amp; #DeleteTask(java.io.File, java.util.concurrent.ScheduledExecutorService)#1&quot; }"/>
        </annotation>
    </item>
    <item name='org.jboss.vfs.TempFileProvider.DeleteTask DeleteTask(java.io.File, java.util.concurrent.ScheduledExecutorService)'>
        <annotation name='com.intellij.inspections.tainted.annotation.equation.Equations'>
            <val val="{ &quot;DeleteTask := TempFileProvider.DeleteTask&quot;, &quot;root := &quot;, &quot;retryExecutor := TempFileProvider#create(java.lang.String, java.util.concurrent.ScheduledExecutorService, boolean)#1&quot; }"/>
        </annotation>
    </item>
    <item name='org.jboss.vfs.VFS java.io.Closeable mount(org.jboss.vfs.VirtualFile, org.jboss.vfs.spi.FileSystem)'>
        <annotation name='com.intellij.inspections.tainted.annotation.equation.Equations'>
            <val val="{ &quot;mountPoint := #doMount(org.jboss.vfs.spi.FileSystem, org.jboss.vfs.VirtualFile, java.io.Closeable...)#1&quot;, &quot;fileSystem := #doMount(org.jboss.vfs.spi.FileSystem, org.jboss.vfs.VirtualFile, java.io.Closeable...)#0&quot;, &quot;mount := &quot; }"/>
        </annotation>
    </item>
    <item name='org.jboss.vfs.VFS java.io.Closeable mountZip(java.io.File, org.jboss.vfs.VirtualFile, org.jboss.vfs.TempFileProvider)'>
        <annotation name='com.intellij.inspections.tainted.annotation.equation.Equations'>
            <val val="{ &quot;zipFile := &quot;, &quot;mountPoint := org.jboss.vfs.util.automount.Automounter.RegistryEntry#mount(org.jboss.vfs.VirtualFile, org.jboss.vfs.util.automount.MountConfig)#0&quot;, &quot;tempFileProvider := &quot;, &quot;mountZip := &quot; }"/>
        </annotation>
    </item>
    <item name='org.jboss.vfs.VFS java.io.Closeable mountZip(java.io.InputStream, java.lang.String, org.jboss.vfs.VirtualFile, org.jboss.vfs.TempFileProvider)'>
        <annotation name='com.intellij.inspections.tainted.annotation.equation.Equations'>
            <val val="{ &quot;mountPoint := #mountZip(org.jboss.vfs.VirtualFile, org.jboss.vfs.VirtualFile, org.jboss.vfs.TempFileProvider)#1&quot;, &quot;zipData := &quot;, &quot;zipName := &quot;, &quot;tempFileProvider := #mountZip(org.jboss.vfs.VirtualFile, org.jboss.vfs.VirtualFile, org.jboss.vfs.TempFileProvider)#2&quot;, &quot;mountZip := &quot; }"/>
        </annotation>
    </item>
    <item name='org.jboss.vfs.VFS java.io.Closeable mountZip(org.jboss.vfs.VirtualFile, org.jboss.vfs.VirtualFile, org.jboss.vfs.TempFileProvider)'>
        <annotation name='com.intellij.inspections.tainted.annotation.equation.Equations'>
            <val val="{ &quot;tempFileProvider := &quot;, &quot;mountPoint := org.jboss.vfs.util.automount.Automounter.RegistryEntry#mount(org.jboss.vfs.VirtualFile, org.jboss.vfs.util.automount.MountConfig)#0&quot;, &quot;zipFile := org.jboss.vfs.util.automount.Automounter.RegistryEntry#mount(org.jboss.vfs.VirtualFile, org.jboss.vfs.util.automount.MountConfig)#0&quot;, &quot;mountZip := &quot; }"/>
        </annotation>
    </item>
    <item name='org.jboss.vfs.VFS java.io.Closeable mountZipExpanded(java.io.File, org.jboss.vfs.VirtualFile, org.jboss.vfs.TempFileProvider)'>
        <annotation name='com.intellij.inspections.tainted.annotation.equation.Equations'>
            <val val="{ &quot;zipFile := &quot;, &quot;mountPoint := org.jboss.vfs.util.automount.Automounter.RegistryEntry#mount(org.jboss.vfs.VirtualFile, org.jboss.vfs.util.automount.MountConfig)#0&quot;, &quot;tempFileProvider := &quot;, &quot;mountZipExpanded := &quot; }"/>
        </annotation>
    </item>
    <item name='org.jboss.vfs.VFS java.io.Closeable mountZipExpanded(java.io.InputStream, java.lang.String, org.jboss.vfs.VirtualFile, org.jboss.vfs.TempFileProvider)'>
        <annotation name='com.intellij.inspections.tainted.annotation.equation.Equations'>
            <val val="{ &quot;zipName := &quot;, &quot;mountZipExpanded := &quot;, &quot;zipData := &quot;, &quot;tempFileProvider := #mountZipExpanded(org.jboss.vfs.VirtualFile, org.jboss.vfs.VirtualFile, org.jboss.vfs.TempFileProvider)#2&quot;, &quot;mountPoint := #mountZipExpanded(org.jboss.vfs.VirtualFile, org.jboss.vfs.VirtualFile, org.jboss.vfs.TempFileProvider)#1&quot; }"/>
        </annotation>
    </item>
    <item name='org.jboss.vfs.VFS java.io.Closeable mountZipExpanded(org.jboss.vfs.VirtualFile, org.jboss.vfs.VirtualFile, org.jboss.vfs.TempFileProvider)'>
        <annotation name='com.intellij.inspections.tainted.annotation.equation.Equations'>
            <val val="{ &quot;mountZipExpanded := &quot;, &quot;tempFileProvider := &quot;, &quot;mountPoint := org.jboss.vfs.util.automount.Automounter.RegistryEntry#mount(org.jboss.vfs.VirtualFile, org.jboss.vfs.util.automount.MountConfig)#0&quot;, &quot;zipFile := org.jboss.vfs.util.automount.Automounter.RegistryEntry#mount(org.jboss.vfs.VirtualFile, org.jboss.vfs.util.automount.MountConfig)#0&quot; }"/>
        </annotation>
    </item>
    <item name='org.jboss.vfs.VFS java.util.Set&lt;E&gt; emptyRemovableSet()'>
        <annotation name='com.intellij.inspections.tainted.annotation.equation.Equations'>
            <val val="{ &quot;emptyRemovableSet := #EMPTY_REMOVABLE_SET&quot; }"/>
        </annotation>
    </item>
    <item name='org.jboss.vfs.VFS java.util.Set&lt;java.lang.String&gt; getSubmounts(org.jboss.vfs.VirtualFile)'>
        <annotation name='com.intellij.inspections.tainted.annotation.equation.Equations'>
            <val val="{ &quot;getSubmounts := &quot;, &quot;virtualFile := VirtualFile&quot; }"/>
        </annotation>
    </item>
    <item name='org.jboss.vfs.VFS org.jboss.vfs.VFS.Mount getMount(org.jboss.vfs.VirtualFile)'>
        <annotation name='com.intellij.inspections.tainted.annotation.equation.Equations'>
            <val val="{ &quot;virtualFile := VirtualFile&quot;, &quot;getMount := #rootMount&quot; }"/>
        </annotation>
    </item>
    <item name='org.jboss.vfs.VFS org.jboss.vfs.VirtualFile createDefaultRoot()'>
        <annotation name='com.intellij.inspections.tainted.annotation.equation.Equations'>
            <val val="{ &quot;createDefaultRoot := &quot; }"/>
        </annotation>
    </item>
    <item name='org.jboss.vfs.VFS org.jboss.vfs.VirtualFile getChild(java.lang.String)'>
        <annotation name='com.intellij.inspections.tainted.annotation.equation.Equations'>
            <val val="{ &quot;getChild := &quot;, &quot;path := &quot; }"/>
        </annotation>
    </item>
    <item name='org.jboss.vfs.VFS org.jboss.vfs.VirtualFile getChild(java.net.URI)'>
        <annotation name='com.intellij.inspections.tainted.annotation.equation.Equations'>
            <val val="{ &quot;getChild := &quot;, &quot;uri := &quot; }"/>
        </annotation>
    </item>
    <item name='org.jboss.vfs.VFS org.jboss.vfs.VirtualFile getRootVirtualFile()'>
        <annotation name='com.intellij.inspections.tainted.annotation.equation.Equations'>
            <val val="{ &quot;getRootVirtualFile := #rootVirtualFile&quot; }"/>
        </annotation>
    </item>
    <item name='org.jboss.vfs.VFS org.jboss.vfs.spi.MountHandle doMount(org.jboss.vfs.spi.FileSystem, org.jboss.vfs.VirtualFile, java.io.Closeable...)'>
        <annotation name='com.intellij.inspections.tainted.annotation.equation.Equations'>
            <val val="{ &quot;doMount := &quot;, &quot;additionalCloseables := &quot;, &quot;fileSystem := &quot;, &quot;mountPoint := #mountZipExpanded(java.io.File, org.jboss.vfs.VirtualFile, org.jboss.vfs.TempFileProvider)#1 &amp; #mountZip(java.io.File, org.jboss.vfs.VirtualFile, org.jboss.vfs.TempFileProvider)#1 &amp; #mountZip(java.io.InputStream, java.lang.String, org.jboss.vfs.VirtualFile, org.jboss.vfs.TempFileProvider)#2 &amp; #mountZipExpanded(java.io.InputStream, java.lang.String, org.jboss.vfs.VirtualFile, org.jboss.vfs.TempFileProvider)#2&quot; }"/>
        </annotation>
    </item>
    <item name='org.jboss.vfs.VFS.Mount'>
        <annotation name='com.intellij.inspections.tainted.annotation.equation.Equations'>
            <val val="{ &quot;Mount := #Mount(org.jboss.vfs.spi.FileSystem, org.jboss.vfs.VirtualFile)#0 &amp; #Mount(org.jboss.vfs.spi.FileSystem, org.jboss.vfs.VirtualFile)#1&quot; }"/>
        </annotation>
    </item>
    <item name='org.jboss.vfs.VFS.Mount Mount(org.jboss.vfs.spi.FileSystem, org.jboss.vfs.VirtualFile)'>
        <annotation name='com.intellij.inspections.tainted.annotation.equation.Equations'>
            <val val="{ &quot;mountPoint := VFS#rootVirtualFile &amp; VFS#mount(org.jboss.vfs.VirtualFile, org.jboss.vfs.spi.FileSystem)#0&quot;, &quot;Mount := VFS.Mount&quot;, &quot;fileSystem := org.jboss.vfs.spi.RootFileSystem#ROOT_INSTANCE &amp; VFS#mount(org.jboss.vfs.VirtualFile, org.jboss.vfs.spi.FileSystem)#1&quot; }"/>
        </annotation>
    </item>
    <item name='org.jboss.vfs.VFS.Mount org.jboss.vfs.VirtualFile getMountPoint()'>
        <annotation name='com.intellij.inspections.tainted.annotation.equation.Equations'>
            <val val="{ &quot;getMountPoint := VFS.Mount&quot; }"/>
        </annotation>
    </item>
    <item name='org.jboss.vfs.VFS.Mount org.jboss.vfs.spi.FileSystem getFileSystem()'>
        <annotation name='com.intellij.inspections.tainted.annotation.equation.Equations'>
            <val val="{ &quot;getFileSystem := VFS.Mount&quot; }"/>
        </annotation>
    </item>
    <item name='org.jboss.vfs.VFSLogger void failedToCleanExistingContentForTempFileProvider(java.lang.String)'>
        <annotation name='com.intellij.inspections.tainted.annotation.equation.Equations'>
            <val val="{ &quot;providerType := TempFileProvider#create(java.lang.String, java.util.concurrent.ScheduledExecutorService, boolean)#0&quot; }"/>
        </annotation>
    </item>
    <item name='org.jboss.vfs.VFSLogger void vfsMountLeaked(org.jboss.vfs.VirtualFile, java.lang.Throwable)'>
        <annotation name='com.intellij.inspections.tainted.annotation.equation.Equations'>
            <val val="{ &quot;mountPoint := VFS.Mount&quot; }"/>
        </annotation>
    </item>
    <item name='org.jboss.vfs.VFSUtils'>
        <annotation name='com.intellij.inspections.tainted.annotation.equation.Equations'>
            <val val="{ &quot;VFSUtils := &quot; }"/>
        </annotation>
    </item>
    <item name='org.jboss.vfs.VFSUtils VFSUtils()'>
        <annotation name='com.intellij.inspections.tainted.annotation.equation.Equations'>
            <val val="{ &quot;VFSUtils := VFSUtils&quot; }"/>
        </annotation>
    </item>
    <item name='org.jboss.vfs.VFSUtils boolean exists(java.io.File)'>
        <annotation name='com.intellij.inspections.tainted.annotation.equation.Equations'>
            <val val="{ &quot;file := &quot; }"/>
        </annotation>
    </item>
    <item name='org.jboss.vfs.VFSUtils boolean recursiveDelete(java.io.File)'>
        <annotation name='com.intellij.inspections.tainted.annotation.equation.Equations'>
            <val val="{ &quot;root := TempFileProvider.DeleteTask&quot; }"/>
        </annotation>
    </item>
    <item name='org.jboss.vfs.VFSUtils java.io.File getMountSource(java.io.Closeable)'>
        <annotation name='com.intellij.inspections.tainted.annotation.equation.Equations'>
            <val val="{ &quot;getMountSource := &quot; }"/>
        </annotation>
    </item>
    <item name='org.jboss.vfs.VFSUtils java.io.InputStream createJarFileInputStream(org.jboss.vfs.VirtualFile)'>
        <annotation name='com.intellij.inspections.tainted.annotation.equation.Equations'>
            <val val="{ &quot;createJarFileInputStream := &quot; }"/>
        </annotation>
    </item>
    <item name='org.jboss.vfs.VFSUtils java.io.InputStream emptyStream()'>
        <annotation name='com.intellij.inspections.tainted.annotation.equation.Equations'>
            <val val="{ &quot;emptyStream := #EMPTY_STREAM&quot; }"/>
        </annotation>
    </item>
    <item name='org.jboss.vfs.VFSUtils java.lang.String canonicalize(java.lang.String)'>
        <annotation name='com.intellij.inspections.tainted.annotation.equation.Equations'>
            <val val="{ &quot;canonicalize := path&quot;, &quot;path := VirtualFilePermission#VirtualFilePermission(java.lang.String, int, boolean)#0&quot; }"/>
        </annotation>
    </item>
    <item name='org.jboss.vfs.VFSUtils java.lang.String decode(java.lang.String)'>
        <annotation name='com.intellij.inspections.tainted.annotation.equation.Equations'>
            <val val="{ &quot;decode := &quot; }"/>
        </annotation>
    </item>
    <item name='org.jboss.vfs.VFSUtils java.lang.String decode(java.lang.String, java.lang.String)'>
        <annotation name='com.intellij.inspections.tainted.annotation.equation.Equations'>
            <val val="{ &quot;decode := &quot;, &quot;encoding := #DEFAULT_ENCODING&quot;, &quot;path := #decode(java.lang.String)#0&quot; }"/>
        </annotation>
    </item>
    <item name='org.jboss.vfs.VFSUtils java.lang.String fixName(java.lang.String)'>
        <annotation name='com.intellij.inspections.tainted.annotation.equation.Equations'>
            <val val="{ &quot;fixName := name&quot; }"/>
        </annotation>
    </item>
    <item name='org.jboss.vfs.VFSUtils java.lang.String getName(java.net.URI)'>
        <annotation name='com.intellij.inspections.tainted.annotation.equation.Equations'>
            <val val="{ &quot;getName := &quot; }"/>
        </annotation>
    </item>
    <item name='org.jboss.vfs.VFSUtils java.lang.String getPathsString(java.util.Collection&lt;org.jboss.vfs.VirtualFile&gt;)'>
        <annotation name='com.intellij.inspections.tainted.annotation.equation.Equations'>
            <val val="{ &quot;getPathsString := &quot; }"/>
        </annotation>
    </item>
    <item name='org.jboss.vfs.VFSUtils java.net.URI getPhysicalURI(org.jboss.vfs.VirtualFile)'>
        <annotation name='com.intellij.inspections.tainted.annotation.equation.Equations'>
            <val val="{ &quot;getPhysicalURI := &quot; }"/>
        </annotation>
    </item>
    <item name='org.jboss.vfs.VFSUtils java.net.URI getRootURI(org.jboss.vfs.VirtualFile)'>
        <annotation name='com.intellij.inspections.tainted.annotation.equation.Equations'>
            <val val="{ &quot;file := #getRootURL(org.jboss.vfs.VirtualFile)#0&quot;, &quot;getRootURI := &quot; }"/>
        </annotation>
    </item>
    <item name='org.jboss.vfs.VFSUtils java.net.URI getVirtualURI(org.jboss.vfs.VirtualFile)'>
        <annotation name='com.intellij.inspections.tainted.annotation.equation.Equations'>
            <val val="{ &quot;file := VirtualFile &amp; #getVirtualURL(org.jboss.vfs.VirtualFile)#0&quot;, &quot;getVirtualURI := &quot; }"/>
        </annotation>
    </item>
    <item name='org.jboss.vfs.VFSUtils java.net.URI toURI(java.net.URL)'>
        <annotation name='com.intellij.inspections.tainted.annotation.equation.Equations'>
            <val val="{ &quot;url := org.jboss.vfs.protocol.AbstractURLConnection#toURI(java.net.URL)#0&quot;, &quot;toURI := &quot; }"/>
        </annotation>
    </item>
    <item name='org.jboss.vfs.VFSUtils java.net.URL getPhysicalURL(org.jboss.vfs.VirtualFile)'>
        <annotation name='com.intellij.inspections.tainted.annotation.equation.Equations'>
            <val val="{ &quot;getPhysicalURL := &quot; }"/>
        </annotation>
    </item>
    <item name='org.jboss.vfs.VFSUtils java.net.URL getRootURL(org.jboss.vfs.VirtualFile)'>
        <annotation name='com.intellij.inspections.tainted.annotation.equation.Equations'>
            <val val="{ &quot;getRootURL := &quot; }"/>
        </annotation>
    </item>
    <item name='org.jboss.vfs.VFSUtils java.net.URL getVirtualURL(org.jboss.vfs.VirtualFile)'>
        <annotation name='com.intellij.inspections.tainted.annotation.equation.Equations'>
            <val val="{ &quot;file := VirtualFile&quot;, &quot;getVirtualURL := &quot; }"/>
        </annotation>
    </item>
    <item name='org.jboss.vfs.VFSUtils java.net.URL sanitizeURL(java.net.URL)'>
        <annotation name='com.intellij.inspections.tainted.annotation.equation.Equations'>
            <val val="{ &quot;sanitizeURL := &quot; }"/>
        </annotation>
    </item>
    <item name='org.jboss.vfs.VFSUtils java.util.jar.Manifest getManifest(org.jboss.vfs.VirtualFile)'>
        <annotation name='com.intellij.inspections.tainted.annotation.equation.Equations'>
            <val val="{ &quot;archive := #addManifestLocations(org.jboss.vfs.VirtualFile, java.util.List)#0&quot;, &quot;getManifest := &quot; }"/>
        </annotation>
    </item>
    <item name='org.jboss.vfs.VFSUtils java.util.jar.Manifest readManifest(org.jboss.vfs.VirtualFile)'>
        <annotation name='com.intellij.inspections.tainted.annotation.equation.Equations'>
            <val val="{ &quot;manifest := &quot;, &quot;readManifest := &quot; }"/>
        </annotation>
    </item>
    <item name='org.jboss.vfs.VFSUtils java.util.regex.Pattern getGlobPattern(java.lang.String)'>
        <annotation name='com.intellij.inspections.tainted.annotation.equation.Equations'>
            <val val="{ &quot;getGlobPattern := &quot; }"/>
        </annotation>
    </item>
    <item name='org.jboss.vfs.VFSUtils void copyStream(java.io.InputStream, java.io.OutputStream)'>
        <annotation name='com.intellij.inspections.tainted.annotation.equation.Equations'>
            <val val="{ &quot;os := &quot;, &quot;is := TempDir#createFile(java.lang.String, java.io.InputStream)#1 &amp; VFS#mountZipExpanded(java.io.InputStream, java.lang.String, org.jboss.vfs.VirtualFile, org.jboss.vfs.TempFileProvider)#0&quot; }"/>
        </annotation>
    </item>
    <item name='org.jboss.vfs.VFSUtils void copyStream(java.io.InputStream, java.io.OutputStream, int)'>
        <annotation name='com.intellij.inspections.tainted.annotation.equation.Equations'>
            <val val="{ &quot;bufferSize := #copyStreamAndClose(java.io.InputStream, java.io.OutputStream, int)#2 &amp; #DEFAULT_BUFFER_SIZE&quot;, &quot;is := #copyStreamAndClose(java.io.InputStream, java.io.OutputStream, int)#0 &amp; #copyStream(java.io.InputStream, java.io.OutputStream)#0&quot;, &quot;os := #copyStreamAndClose(java.io.InputStream, java.io.OutputStream, int)#1 &amp; #copyStream(java.io.InputStream, java.io.OutputStream)#1&quot; }"/>
        </annotation>
    </item>
    <item name='org.jboss.vfs.VFSUtils void copyStreamAndClose(java.io.InputStream, java.io.OutputStream)'>
        <annotation name='com.intellij.inspections.tainted.annotation.equation.Equations'>
            <val val="{ &quot;is := #writeFile(org.jboss.vfs.VirtualFile, java.io.InputStream)#1&quot;, &quot;os := &quot; }"/>
        </annotation>
    </item>
    <item name='org.jboss.vfs.VFSUtils void copyStreamAndClose(java.io.InputStream, java.io.OutputStream, int)'>
        <annotation name='com.intellij.inspections.tainted.annotation.equation.Equations'>
            <val val="{ &quot;bufferSize := #DEFAULT_BUFFER_SIZE&quot;, &quot;is := #copyStreamAndClose(java.io.InputStream, java.io.OutputStream)#0&quot;, &quot;os := #copyStreamAndClose(java.io.InputStream, java.io.OutputStream)#1&quot; }"/>
        </annotation>
    </item>
    <item name='org.jboss.vfs.VFSUtils void recursiveCopy(java.io.File, java.io.File)'>
        <annotation name='com.intellij.inspections.tainted.annotation.equation.Equations'>
            <val val="{ &quot;destDir := &quot;, &quot;original := &quot; }"/>
        </annotation>
    </item>
    <item name='org.jboss.vfs.VFSUtils void recursiveCopy(org.jboss.vfs.VirtualFile, java.io.File)'>
        <annotation name='com.intellij.inspections.tainted.annotation.equation.Equations'>
            <val val="{ &quot;original := &quot;, &quot;destDir := &quot; }"/>
        </annotation>
    </item>
    <item name='org.jboss.vfs.VFSUtils void safeClose(java.io.Closeable)'>
        <annotation name='com.intellij.inspections.tainted.annotation.equation.Equations'>
            <val val="{ &quot;c := TempFileProvider &amp; #copyStreamAndClose(java.io.InputStream, java.io.OutputStream, int)#0 &amp; #copyStreamAndClose(java.io.InputStream, java.io.OutputStream, int)#1 &amp; #safeClose(java.lang.Iterable)#0 &amp; VirtualJarFileInputStream &amp; VFS#mountZip(java.io.InputStream, java.lang.String, org.jboss.vfs.VirtualFile, org.jboss.vfs.TempFileProvider)#0 &amp; VFS#doMount(org.jboss.vfs.spi.FileSystem, org.jboss.vfs.VirtualFile, java.io.Closeable...)#0 &amp; TempDir#createFile(java.lang.String, java.io.InputStream)#1 &amp; TempDir &amp; VFS#mountZipExpanded(java.io.InputStream, java.lang.String, org.jboss.vfs.VirtualFile, org.jboss.vfs.TempFileProvider)#0 &amp; BasicMountHandle&quot; }"/>
        </annotation>
    </item>
    <item name='org.jboss.vfs.VFSUtils void safeClose(java.lang.Iterable&lt;? extends java.io.Closeable&gt;)'>
        <annotation name='com.intellij.inspections.tainted.annotation.equation.Equations'>
            <val val="{ &quot;ci := org.jboss.vfs.util.automount.Automounter.RegistryEntry&quot; }"/>
        </annotation>
    </item>
    <item name='org.jboss.vfs.VFSUtils void safeClose(java.util.zip.ZipFile)'>
        <annotation name='com.intellij.inspections.tainted.annotation.equation.Equations'>
            <val val="{ &quot;zipFile := &quot; }"/>
        </annotation>
    </item>
    <item name='org.jboss.vfs.VFSUtils void unzip(java.io.File, java.io.File)'>
        <annotation name='com.intellij.inspections.tainted.annotation.equation.Equations'>
            <val val="{ &quot;destDir := &quot;, &quot;zipFile := VFS#mountZipExpanded(java.io.File, org.jboss.vfs.VirtualFile, org.jboss.vfs.TempFileProvider)#0&quot; }"/>
        </annotation>
    </item>
    <item name='org.jboss.vfs.VFSUtils void writeFile(org.jboss.vfs.VirtualFile, java.io.InputStream)'>
        <annotation name='com.intellij.inspections.tainted.annotation.equation.Equations'>
            <val val="{ &quot;virtualFile := &quot;, &quot;is := &quot; }"/>
        </annotation>
    </item>
    <item name='org.jboss.vfs.VirtualFile'>
        <annotation name='com.intellij.inspections.tainted.annotation.equation.Equations'>
            <val val="{ &quot;VirtualFile := #VirtualFile(java.lang.String, org.jboss.vfs.VirtualFile)#0 &amp; #VirtualFile(java.lang.String, org.jboss.vfs.VirtualFile)#1&quot; }"/>
        </annotation>
    </item>
    <item name='org.jboss.vfs.VirtualFile VirtualFile(java.lang.String, org.jboss.vfs.VirtualFile)'>
        <annotation name='com.intellij.inspections.tainted.annotation.equation.Equations'>
            <val val="{ &quot;parent := VirtualFile&quot;, &quot;VirtualFile := VirtualFile&quot;, &quot;name := &quot; }"/>
        </annotation>
    </item>
    <item name='org.jboss.vfs.VirtualFile boolean equals(org.jboss.vfs.VirtualFile)'>
        <annotation name='com.intellij.inspections.tainted.annotation.equation.Equations'>
            <val val="{ &quot;o := #getPathNameRelativeTo(org.jboss.vfs.VirtualFile, java.lang.StringBuilder)#0 &amp; #equals(java.lang.Object)#0 &amp; org.jboss.vfs.spi.JavaZipFileSystem.ZipNode#find(org.jboss.vfs.VirtualFile, org.jboss.vfs.VirtualFile)#1 &amp; org.jboss.vfs.spi.RealFileSystem#getFile(org.jboss.vfs.VirtualFile, org.jboss.vfs.VirtualFile)#1&quot; }"/>
        </annotation>
    </item>
    <item name='org.jboss.vfs.VirtualFile int hashCode()'>
        <annotation name='com.intellij.inspections.tainted.annotation.equation.Equations'>
            <val val="{ &quot;hashCode := VirtualFile&quot; }"/>
        </annotation>
    </item>
    <item name='org.jboss.vfs.VirtualFile java.io.File getPhysicalFile()'>
        <annotation name='com.intellij.inspections.tainted.annotation.equation.Equations'>
            <val val="{ &quot;getPhysicalFile := &quot; }"/>
        </annotation>
    </item>
    <item name='org.jboss.vfs.VirtualFile java.io.InputStream openStream()'>
        <annotation name='com.intellij.inspections.tainted.annotation.equation.Equations'>
            <val val="{ &quot;openStream := &quot; }"/>
        </annotation>
    </item>
    <item name='org.jboss.vfs.VirtualFile java.lang.String getLowerCaseName()'>
        <annotation name='com.intellij.inspections.tainted.annotation.equation.Equations'>
            <val val="{ &quot;getLowerCaseName := VirtualFile&quot; }"/>
        </annotation>
    </item>
    <item name='org.jboss.vfs.VirtualFile java.lang.String getName()'>
        <annotation name='com.intellij.inspections.tainted.annotation.equation.Equations'>
            <val val="{ &quot;getName := VirtualFile&quot; }"/>
        </annotation>
    </item>
    <item name='org.jboss.vfs.VirtualFile java.lang.String getPathName()'>
        <annotation name='com.intellij.inspections.tainted.annotation.equation.Equations'>
            <val val="{ &quot;getPathName := &quot; }"/>
        </annotation>
    </item>
    <item name='org.jboss.vfs.VirtualFile java.lang.String getPathName(boolean)'>
        <annotation name='com.intellij.inspections.tainted.annotation.equation.Equations'>
            <val val="{ &quot;getPathName := VirtualFile&quot; }"/>
        </annotation>
    </item>
    <item name='org.jboss.vfs.VirtualFile java.lang.String getPathNameRelativeTo(org.jboss.vfs.VirtualFile)'>
        <annotation name='com.intellij.inspections.tainted.annotation.equation.Equations'>
            <val val="{ &quot;parent := VirtualJarInputStream &amp; org.jboss.vfs.spi.JavaZipFileSystem#getFile(org.jboss.vfs.VirtualFile, org.jboss.vfs.VirtualFile)#0 &amp; org.jboss.vfs.spi.RealFileSystem#getFile(org.jboss.vfs.VirtualFile, org.jboss.vfs.VirtualFile)#0&quot;, &quot;getPathNameRelativeTo := &quot; }"/>
        </annotation>
    </item>
    <item name='org.jboss.vfs.VirtualFile java.lang.String toString()'>
        <annotation name='com.intellij.inspections.tainted.annotation.equation.Equations'>
            <val val="{ &quot;toString := &quot; }"/>
        </annotation>
    </item>
    <item name='org.jboss.vfs.VirtualFile java.net.URI asDirectoryURI()'>
        <annotation name='com.intellij.inspections.tainted.annotation.equation.Equations'>
            <val val="{ &quot;asDirectoryURI := &quot; }"/>
        </annotation>
    </item>
    <item name='org.jboss.vfs.VirtualFile java.net.URI asFileURI()'>
        <annotation name='com.intellij.inspections.tainted.annotation.equation.Equations'>
            <val val="{ &quot;asFileURI := &quot; }"/>
        </annotation>
    </item>
    <item name='org.jboss.vfs.VirtualFile java.net.URI toURI()'>
        <annotation name='com.intellij.inspections.tainted.annotation.equation.Equations'>
            <val val="{ &quot;toURI := &quot; }"/>
        </annotation>
    </item>
    <item name='org.jboss.vfs.VirtualFile java.net.URL asDirectoryURL()'>
        <annotation name='com.intellij.inspections.tainted.annotation.equation.Equations'>
            <val val="{ &quot;asDirectoryURL := &quot; }"/>
        </annotation>
    </item>
    <item name='org.jboss.vfs.VirtualFile java.net.URL asFileURL()'>
        <annotation name='com.intellij.inspections.tainted.annotation.equation.Equations'>
            <val val="{ &quot;asFileURL := &quot; }"/>
        </annotation>
    </item>
    <item name='org.jboss.vfs.VirtualFile java.net.URL toURL()'>
        <annotation name='com.intellij.inspections.tainted.annotation.equation.Equations'>
            <val val="{ &quot;toURL := &quot; }"/>
        </annotation>
    </item>
    <item name='org.jboss.vfs.VirtualFile java.security.CodeSigner[] getCodeSigners()'>
        <annotation name='com.intellij.inspections.tainted.annotation.equation.Equations'>
            <val val="{ &quot;getCodeSigners := &quot; }"/>
        </annotation>
    </item>
    <item name='org.jboss.vfs.VirtualFile java.security.cert.Certificate[] getCertificates()'>
        <annotation name='com.intellij.inspections.tainted.annotation.equation.Equations'>
            <val val="{ &quot;getCertificates := &quot; }"/>
        </annotation>
    </item>
    <item name='org.jboss.vfs.VirtualFile java.util.List&lt;org.jboss.vfs.VirtualFile&gt; getChildren()'>
        <annotation name='com.intellij.inspections.tainted.annotation.equation.Equations'>
            <val val="{ &quot;getChildren := &quot; }"/>
        </annotation>
    </item>
    <item name='org.jboss.vfs.VirtualFile java.util.List&lt;org.jboss.vfs.VirtualFile&gt; getChildren(org.jboss.vfs.VirtualFileFilter)'>
        <annotation name='com.intellij.inspections.tainted.annotation.equation.Equations'>
            <val val="{ &quot;filter := VirtualJarInputStream#MANIFEST_FILTER&quot;, &quot;getChildren := &quot; }"/>
        </annotation>
    </item>
    <item name='org.jboss.vfs.VirtualFile java.util.List&lt;org.jboss.vfs.VirtualFile&gt; getChildrenRecursively()'>
        <annotation name='com.intellij.inspections.tainted.annotation.equation.Equations'>
            <val val="{ &quot;getChildrenRecursively := &quot; }"/>
        </annotation>
    </item>
    <item name='org.jboss.vfs.VirtualFile java.util.List&lt;org.jboss.vfs.VirtualFile&gt; getChildrenRecursively(org.jboss.vfs.VirtualFileFilter)'>
        <annotation name='com.intellij.inspections.tainted.annotation.equation.Equations'>
            <val val="{ &quot;getChildrenRecursively := &quot; }"/>
        </annotation>
    </item>
    <item name='org.jboss.vfs.VirtualFile java.util.List&lt;org.jboss.vfs.VirtualFile&gt; getParentFileList()'>
        <annotation name='com.intellij.inspections.tainted.annotation.equation.Equations'>
            <val val="{ &quot;getParentFileList := &quot; }"/>
        </annotation>
    </item>
    <item name='org.jboss.vfs.VirtualFile long getLastModified()'>
        <annotation name='com.intellij.inspections.tainted.annotation.equation.Equations'>
            <val val="{ &quot;getLastModified := &quot; }"/>
        </annotation>
    </item>
    <item name='org.jboss.vfs.VirtualFile long getSize()'>
        <annotation name='com.intellij.inspections.tainted.annotation.equation.Equations'>
            <val val="{ &quot;getSize := &quot; }"/>
        </annotation>
    </item>
    <item name='org.jboss.vfs.VirtualFile org.jboss.vfs.VirtualFile getChild(java.lang.String)'>
        <annotation name='com.intellij.inspections.tainted.annotation.equation.Equations'>
            <val val="{ &quot;getChild := VirtualFile&quot;, &quot;path := org.jboss.as.jpa.hibernate5.VirtualFileSystemArchiveDescriptor#VirtualFileSystemArchiveDescriptor(org.jboss.vfs.VirtualFile, java.lang.String)#1 &amp; VFS#getChild(java.lang.String)#0 &amp; java.util.jar.JarFile#MANIFEST_NAME&quot; }"/>
        </annotation>
    </item>
    <item name='org.jboss.vfs.VirtualFile org.jboss.vfs.VirtualFile getParent()'>
        <annotation name='com.intellij.inspections.tainted.annotation.equation.Equations'>
            <val val="{ &quot;getParent := VirtualFile&quot; }"/>
        </annotation>
    </item>
    <item name='org.jboss.vfs.VirtualFile org.jboss.vfs.VirtualFile[] getParentFiles()'>
        <annotation name='com.intellij.inspections.tainted.annotation.equation.Equations'>
            <val val="{ &quot;getParentFiles := &quot; }"/>
        </annotation>
    </item>
    <item name='org.jboss.vfs.VirtualFile org.jboss.vfs.VirtualFile[] getParentFiles(int)'>
        <annotation name='com.intellij.inspections.tainted.annotation.equation.Equations'>
            <val val="{ &quot;getParentFiles := VirtualFile&quot; }"/>
        </annotation>
    </item>
    <item name='org.jboss.vfs.VirtualFile void getPathNameRelativeTo(org.jboss.vfs.VirtualFile, java.lang.StringBuilder)'>
        <annotation name='com.intellij.inspections.tainted.annotation.equation.Equations'>
            <val val="{ &quot;builder := &quot;, &quot;parent := #getPathNameRelativeTo(org.jboss.vfs.VirtualFile)#0&quot; }"/>
        </annotation>
    </item>
    <item name='org.jboss.vfs.VirtualFile void visit(org.jboss.vfs.VirtualFileVisitor)'>
        <annotation name='com.intellij.inspections.tainted.annotation.equation.Equations'>
            <val val="{ &quot;visitor := &quot; }"/>
        </annotation>
    </item>
    <item name='org.jboss.vfs.VirtualFile void visit(org.jboss.vfs.VirtualFileVisitor, boolean)'>
        <annotation name='com.intellij.inspections.tainted.annotation.equation.Equations'>
            <val val="{ &quot;visitor := #visit(org.jboss.vfs.VirtualFileVisitor)#0&quot; }"/>
        </annotation>
    </item>
    <item name='org.jboss.vfs.VirtualFileFilter boolean accepts(org.jboss.vfs.VirtualFile)'>
        <annotation name='com.intellij.inspections.tainted.annotation.equation.Equations'>
            <val val="{ &quot;file := VisitorAttributes.AcceptAnyFilter#accepts(org.jboss.vfs.VirtualFile)#0 &amp; org.jboss.vfs.util.MatchAllVirtualFileFilter#accepts(org.jboss.vfs.VirtualFile)#0&quot; }"/>
        </annotation>
    </item>
    <item name='org.jboss.vfs.VirtualFilePermission'>
        <annotation name='com.intellij.inspections.tainted.annotation.equation.Equations'>
            <val val="{ &quot;VirtualFilePermission := #VirtualFilePermission(java.lang.String, int, boolean)#1 &amp; #VALID_FLAGS&quot; }"/>
        </annotation>
    </item>
    <item name='org.jboss.vfs.VirtualFilePermission VirtualFilePermission(java.lang.String, int)'>
        <annotation name='com.intellij.inspections.tainted.annotation.equation.Equations'>
            <val val="{ &quot;VirtualFilePermission := VirtualFilePermission&quot; }"/>
        </annotation>
    </item>
    <item name='org.jboss.vfs.VirtualFilePermission VirtualFilePermission(java.lang.String, int, boolean)'>
        <annotation name='com.intellij.inspections.tainted.annotation.equation.Equations'>
            <val val="{ &quot;VirtualFilePermission := VirtualFilePermission&quot;, &quot;actionFlags := #VirtualFilePermission(java.lang.String, int)#1&quot;, &quot;path := #VirtualFilePermission(java.lang.String, java.lang.String)#0 &amp; #VirtualFilePermission(java.lang.String, int)#0&quot; }"/>
        </annotation>
    </item>
    <item name='org.jboss.vfs.VirtualFilePermission VirtualFilePermission(java.lang.String, java.lang.String)'>
        <annotation name='com.intellij.inspections.tainted.annotation.equation.Equations'>
            <val val="{ &quot;VirtualFilePermission := VirtualFilePermission&quot;, &quot;path := &quot; }"/>
        </annotation>
    </item>
    <item name='org.jboss.vfs.VirtualFilePermission boolean equals(org.jboss.vfs.VirtualFilePermission)'>
        <annotation name='com.intellij.inspections.tainted.annotation.equation.Equations'>
            <val val="{ &quot;permission := #equals(java.lang.Object)#0 &amp; #equals(java.security.Permission)#0&quot; }"/>
        </annotation>
    </item>
    <item name='org.jboss.vfs.VirtualFilePermission boolean implies(org.jboss.vfs.VirtualFilePermission)'>
        <annotation name='com.intellij.inspections.tainted.annotation.equation.Equations'>
            <val val="{ &quot;permission := #implies(java.security.Permission)#0&quot; }"/>
        </annotation>
    </item>
    <item name='org.jboss.vfs.VirtualFilePermission boolean impliesPath(java.lang.String, java.lang.String)'>
        <annotation name='com.intellij.inspections.tainted.annotation.equation.Equations'>
            <val val="{ &quot;ourName := &quot;, &quot;theirName := &quot; }"/>
        </annotation>
    </item>
    <item name='org.jboss.vfs.VirtualFilePermission boolean impliesPath(java.lang.String, java.lang.String, int)'>
        <annotation name='com.intellij.inspections.tainted.annotation.equation.Equations'>
            <val val="{ &quot;ourName := #impliesPath(java.lang.String, java.lang.String)#0&quot;, &quot;theirName := #impliesPath(java.lang.String, java.lang.String)#1&quot; }"/>
        </annotation>
    </item>
    <item name='org.jboss.vfs.VirtualFilePermission boolean impliesUnchecked(org.jboss.vfs.VirtualFilePermission)'>
        <annotation name='com.intellij.inspections.tainted.annotation.equation.Equations'>
            <val val="{ &quot;permission := #implies(org.jboss.vfs.VirtualFilePermission)#0&quot; }"/>
        </annotation>
    </item>
    <item name='org.jboss.vfs.VirtualFilePermission boolean in(char, char, char)'>
        <annotation name='com.intellij.inspections.tainted.annotation.equation.Equations'>
            <val val="{ &quot;c := &quot; }"/>
        </annotation>
    </item>
    <item name='org.jboss.vfs.VirtualFilePermission boolean lenIs(java.lang.String, int, int, int)'>
        <annotation name='com.intellij.inspections.tainted.annotation.equation.Equations'>
            <val val="{ &quot;len := &quot;, &quot;s := #parseActions(java.lang.String)#0&quot; }"/>
        </annotation>
    </item>
    <item name='org.jboss.vfs.VirtualFilePermission int getActionFlags()'>
        <annotation name='com.intellij.inspections.tainted.annotation.equation.Equations'>
            <val val="{ &quot;getActionFlags := VirtualFilePermission&quot; }"/>
        </annotation>
    </item>
    <item name='org.jboss.vfs.VirtualFilePermission int hashCode()'>
        <annotation name='com.intellij.inspections.tainted.annotation.equation.Equations'>
            <val val="{ &quot;hashCode := VirtualFilePermission&quot; }"/>
        </annotation>
    </item>
    <item name='org.jboss.vfs.VirtualFilePermission int ourIndexOf(java.lang.String, char, int)'>
        <annotation name='com.intellij.inspections.tainted.annotation.equation.Equations'>
            <val val="{ &quot;start := #impliesPath(java.lang.String, java.lang.String, int)#2&quot;, &quot;ourIndexOf := &quot;, &quot;str := #impliesPath(java.lang.String, java.lang.String, int)#0 &amp; #impliesPath(java.lang.String, java.lang.String, int)#1&quot; }"/>
        </annotation>
    </item>
    <item name='org.jboss.vfs.VirtualFilePermission int parseActions(java.lang.String)'>
        <annotation name='com.intellij.inspections.tainted.annotation.equation.Equations'>
            <val val="{ &quot;parseActions := #FLAG_READ &amp; #FLAG_DELETE &amp; #FLAG_GET_FILE&quot;, &quot;actions := #VirtualFilePermission(java.lang.String, java.lang.String)#1&quot; }"/>
        </annotation>
    </item>
    <item name='org.jboss.vfs.VirtualFilePermission java.lang.String getActions()'>
        <annotation name='com.intellij.inspections.tainted.annotation.equation.Equations'>
            <val val="{ &quot;getActions := &quot; }"/>
        </annotation>
    </item>
    <item name='org.jboss.vfs.VirtualFilePermission java.security.PermissionCollection newPermissionCollection()'>
        <annotation name='com.intellij.inspections.tainted.annotation.equation.Equations'>
            <val val="{ &quot;newPermissionCollection := &quot; }"/>
        </annotation>
    </item>
    <item name='org.jboss.vfs.VirtualFilePermissionCollection'>
        <annotation name='com.intellij.inspections.tainted.annotation.equation.Equations'>
            <val val="{ &quot;VirtualFilePermissionCollection := #NO_PERMISSIONS &amp; #add(org.jboss.vfs.VirtualFilePermission)#0&quot; }"/>
        </annotation>
    </item>
    <item name='org.jboss.vfs.VirtualFilePermissionCollection VirtualFilePermissionCollection()'>
        <annotation name='com.intellij.inspections.tainted.annotation.equation.Equations'>
            <val val="{ &quot;VirtualFilePermissionCollection := VirtualFilePermissionCollection&quot; }"/>
        </annotation>
    </item>
    <item name='org.jboss.vfs.VirtualFilePermissionCollection boolean implies(org.jboss.vfs.VirtualFilePermission)'>
        <annotation name='com.intellij.inspections.tainted.annotation.equation.Equations'>
            <val val="{ &quot;permission := #implies(java.security.Permission)#0&quot; }"/>
        </annotation>
    </item>
    <item name='org.jboss.vfs.VirtualFilePermissionCollection java.util.Enumeration&lt;java.security.Permission&gt; elements()'>
        <annotation name='com.intellij.inspections.tainted.annotation.equation.Equations'>
            <val val="{ &quot;elements := VirtualFilePermissionCollection&quot; }"/>
        </annotation>
    </item>
    <item name='org.jboss.vfs.VirtualFilePermissionCollection void add(org.jboss.vfs.VirtualFilePermission)'>
        <annotation name='com.intellij.inspections.tainted.annotation.equation.Equations'>
            <val val="{ &quot;permission := #add(java.security.Permission)#0&quot; }"/>
        </annotation>
    </item>
    <item name='org.jboss.vfs.VirtualFileVisitor org.jboss.vfs.VisitorAttributes getAttributes()'>
        <annotation name='com.intellij.inspections.tainted.annotation.equation.Equations'>
            <val val="{ &quot;getAttributes := org.jboss.vfs.util.AbstractVirtualFileVisitor#getAttributes()&quot; }"/>
        </annotation>
    </item>
    <item name='org.jboss.vfs.VirtualFileVisitor void visit(org.jboss.vfs.VirtualFile)'>
        <annotation name='com.intellij.inspections.tainted.annotation.equation.Equations'>
            <val val="{ &quot;virtualFile := VirtualFile&quot; }"/>
        </annotation>
    </item>
    <item name='org.jboss.vfs.VirtualJarFileInputStream'>
        <annotation name='com.intellij.inspections.tainted.annotation.equation.Equations'>
            <val val="{ &quot;VirtualJarFileInputStream := VirtualJarFileInputStream.State#NOT_STARTED &amp; #VirtualJarFileInputStream(org.jboss.vfs.VirtualJarInputStream, int)#0&quot; }"/>
        </annotation>
    </item>
    <item name='org.jboss.vfs.VirtualJarFileInputStream VirtualJarFileInputStream(org.jboss.vfs.VirtualJarInputStream)'>
        <annotation name='com.intellij.inspections.tainted.annotation.equation.Equations'>
            <val val="{ &quot;VirtualJarFileInputStream := VirtualJarFileInputStream&quot;, &quot;virtualJarInputStream := &quot; }"/>
        </annotation>
    </item>
    <item name='org.jboss.vfs.VirtualJarFileInputStream VirtualJarFileInputStream(org.jboss.vfs.VirtualJarInputStream, int)'>
        <annotation name='com.intellij.inspections.tainted.annotation.equation.Equations'>
            <val val="{ &quot;bufferLength := #MINIMUM_BUFFER_LENGTH&quot;, &quot;virtualJarInputStream := #VirtualJarFileInputStream(org.jboss.vfs.VirtualJarInputStream)#0&quot;, &quot;VirtualJarFileInputStream := VirtualJarFileInputStream&quot; }"/>
        </annotation>
    </item>
    <item name='org.jboss.vfs.VirtualJarFileInputStream int read()'>
        <annotation name='com.intellij.inspections.tainted.annotation.equation.Equations'>
            <val val="{ &quot;read := &quot; }"/>
        </annotation>
    </item>
    <item name='org.jboss.vfs.VirtualJarFileInputStream void buffer(byte)'>
        <annotation name='com.intellij.inspections.tainted.annotation.equation.Equations'>
            <val val="{ &quot;b := #bufferInt(long)#0 &amp; #bufferShort(int)#0 &amp; #buffer(byte[])#0&quot; }"/>
        </annotation>
    </item>
    <item name='org.jboss.vfs.VirtualJarFileInputStream void buffer(byte[])'>
        <annotation name='com.intellij.inspections.tainted.annotation.equation.Equations'>
            <val val="{ &quot;bytes := &quot; }"/>
        </annotation>
    </item>
    <item name='org.jboss.vfs.VirtualJarFileInputStream void bufferInt(long)'>
        <annotation name='com.intellij.inspections.tainted.annotation.equation.Equations'>
            <val val="{ &quot;i := java.util.zip.ZipConstants#LOCSIG &amp; java.util.zip.ZipConstants#CENSIG &amp; java.util.zip.ZipConstants#ENDSIG &amp; VirtualJarFileInputStream&quot; }"/>
        </annotation>
    </item>
    <item name='org.jboss.vfs.VirtualJarFileInputStream void bufferShort(int)'>
        <annotation name='com.intellij.inspections.tainted.annotation.equation.Equations'>
            <val val="{ &quot;i := java.util.zip.ZipEntry#STORED&quot; }"/>
        </annotation>
    </item>
    <item name='org.jboss.vfs.VirtualJarFileInputStream.ByteBuffer'>
        <annotation name='com.intellij.inspections.tainted.annotation.equation.Equations'>
            <val val="{ &quot;ByteBuffer := #ByteBuffer(int)#0 &amp; #put(byte)#0&quot; }"/>
        </annotation>
    </item>
    <item name='org.jboss.vfs.VirtualJarFileInputStream.ByteBuffer ByteBuffer(int)'>
        <annotation name='com.intellij.inspections.tainted.annotation.equation.Equations'>
            <val val="{ &quot;bufferLength := VirtualJarFileInputStream#VirtualJarFileInputStream(org.jboss.vfs.VirtualJarInputStream, int)#1&quot;, &quot;ByteBuffer := VirtualJarFileInputStream.ByteBuffer&quot; }"/>
        </annotation>
    </item>
    <item name='org.jboss.vfs.VirtualJarFileInputStream.ByteBuffer byte get()'>
        <annotation name='com.intellij.inspections.tainted.annotation.equation.Equations'>
            <val val="{ &quot;get := VirtualJarFileInputStream.ByteBuffer&quot; }"/>
        </annotation>
    </item>
    <item name='org.jboss.vfs.VirtualJarFileInputStream.ByteBuffer void put(byte)'>
        <annotation name='com.intellij.inspections.tainted.annotation.equation.Equations'>
            <val val="{ &quot;b := VirtualJarFileInputStream#buffer(byte)#0&quot; }"/>
        </annotation>
    </item>
    <item name='org.jboss.vfs.VirtualJarFileInputStream.ProcessedEntry'>
        <annotation name='com.intellij.inspections.tainted.annotation.equation.Equations'>
            <val val="{ &quot;ProcessedEntry := #ProcessedEntry(java.util.jar.JarEntry, long)#0 &amp; #ProcessedEntry(java.util.jar.JarEntry, long)#1&quot; }"/>
        </annotation>
    </item>
    <item name='org.jboss.vfs.VirtualJarFileInputStream.ProcessedEntry ProcessedEntry(java.util.jar.JarEntry, long)'>
        <annotation name='com.intellij.inspections.tainted.annotation.equation.Equations'>
            <val val="{ &quot;offset := VirtualJarFileInputStream&quot;, &quot;jarEntry := &quot;, &quot;ProcessedEntry := VirtualJarFileInputStream.ProcessedEntry&quot; }"/>
        </annotation>
    </item>
    <item name='org.jboss.vfs.VirtualJarFileInputStream.State int read(org.jboss.vfs.VirtualJarFileInputStream)'>
        <annotation name='com.intellij.inspections.tainted.annotation.equation.Equations'>
            <val val="{ &quot;jarFileInputStream := VirtualJarFileInputStream&quot; }"/>
        </annotation>
    </item>
    <item name='org.jboss.vfs.VirtualJarFileInputStream.State org.jboss.vfs.VirtualJarFileInputStream.State getNextState(org.jboss.vfs.VirtualJarFileInputStream)'>
        <annotation name='com.intellij.inspections.tainted.annotation.equation.Equations'>
            <val val="{ &quot;getNextState := &quot;, &quot;jarFileInputStream := VirtualJarFileInputStream&quot; }"/>
        </annotation>
    </item>
    <item name='org.jboss.vfs.VirtualJarFileInputStream.State org.jboss.vfs.VirtualJarFileInputStream.State transition(org.jboss.vfs.VirtualJarFileInputStream)'>
        <annotation name='com.intellij.inspections.tainted.annotation.equation.Equations'>
            <val val="{ &quot;virtualJarFileInputStream := #getNextState(org.jboss.vfs.VirtualJarFileInputStream)#0&quot; }"/>
        </annotation>
    </item>
    <item name='org.jboss.vfs.VirtualJarFileInputStream.State void init(org.jboss.vfs.VirtualJarFileInputStream)'>
        <annotation name='com.intellij.inspections.tainted.annotation.equation.Equations'>
            <val val="{ &quot;jarFileInputStream := #getNextState(org.jboss.vfs.VirtualJarFileInputStream)#0&quot; }"/>
        </annotation>
    </item>
    <item name='org.jboss.vfs.VirtualJarInputStream'>
        <annotation name='com.intellij.inspections.tainted.annotation.equation.Equations'>
            <val val="{ &quot;VirtualJarInputStream := #VirtualJarInputStream(org.jboss.vfs.VirtualFile)#0&quot; }"/>
        </annotation>
    </item>
    <item name='org.jboss.vfs.VirtualJarInputStream VirtualJarInputStream(org.jboss.vfs.VirtualFile)'>
        <annotation name='com.intellij.inspections.tainted.annotation.equation.Equations'>
            <val val="{ &quot;root := VirtualFile &amp; VFSUtils#createJarFileInputStream(org.jboss.vfs.VirtualFile)#0&quot;, &quot;VirtualJarInputStream := VirtualJarInputStream&quot; }"/>
        </annotation>
    </item>
    <item name='org.jboss.vfs.VirtualJarInputStream int checkForEoSAndReturn(int)'>
        <annotation name='com.intellij.inspections.tainted.annotation.equation.Equations'>
            <val val="{ &quot;result := &quot;, &quot;checkForEoSAndReturn := result&quot; }"/>
        </annotation>
    </item>
    <item name='org.jboss.vfs.VirtualJarInputStream int read()'>
        <annotation name='com.intellij.inspections.tainted.annotation.equation.Equations'>
            <val val="{ &quot;read := &quot; }"/>
        </annotation>
    </item>
    <item name='org.jboss.vfs.VirtualJarInputStream int read(byte[])'>
        <annotation name='com.intellij.inspections.tainted.annotation.equation.Equations'>
            <val val="{ &quot;read := &quot; }"/>
        </annotation>
    </item>
    <item name='org.jboss.vfs.VirtualJarInputStream int read(byte[], int, int)'>
        <annotation name='com.intellij.inspections.tainted.annotation.equation.Equations'>
            <val val="{ &quot;read := &quot;, &quot;b := #read(byte[])#0&quot; }"/>
        </annotation>
    </item>
    <item name='org.jboss.vfs.VirtualJarInputStream java.lang.String fixDirectoryName(java.lang.String)'>
        <annotation name='com.intellij.inspections.tainted.annotation.equation.Equations'>
            <val val="{ &quot;name := &quot;, &quot;fixDirectoryName := name&quot; }"/>
        </annotation>
    </item>
    <item name='org.jboss.vfs.VirtualJarInputStream java.lang.String getEntryName(org.jboss.vfs.VirtualFile)'>
        <annotation name='com.intellij.inspections.tainted.annotation.equation.Equations'>
            <val val="{ &quot;getEntryName := &quot;, &quot;entry := &quot; }"/>
        </annotation>
    </item>
    <item name='org.jboss.vfs.VirtualJarInputStream java.util.jar.JarEntry getNextJarEntry()'>
        <annotation name='com.intellij.inspections.tainted.annotation.equation.Equations'>
            <val val="{ &quot;getNextJarEntry := &quot; }"/>
        </annotation>
    </item>
    <item name='org.jboss.vfs.VirtualJarInputStream java.util.jar.Manifest getManifest()'>
        <annotation name='com.intellij.inspections.tainted.annotation.equation.Equations'>
            <val val="{ &quot;getManifest := VirtualJarInputStream&quot; }"/>
        </annotation>
    </item>
    <item name='org.jboss.vfs.VirtualJarInputStream java.util.zip.ZipEntry getNextEntry()'>
        <annotation name='com.intellij.inspections.tainted.annotation.equation.Equations'>
            <val val="{ &quot;getNextEntry := &quot; }"/>
        </annotation>
    </item>
    <item name='org.jboss.vfs.VirtualJarInputStream long skip(long)'>
        <annotation name='com.intellij.inspections.tainted.annotation.equation.Equations'>
            <val val="{ &quot;skip := &quot; }"/>
        </annotation>
    </item>
    <item name='org.jboss.vfs.VirtualJarInputStream void openCurrent(org.jboss.vfs.VirtualFile)'>
        <annotation name='com.intellij.inspections.tainted.annotation.equation.Equations'>
            <val val="{ &quot;current := &quot; }"/>
        </annotation>
    </item>
    <item name='org.jboss.vfs.VirtualJarInputStream.VirtualJarEntry'>
        <annotation name='com.intellij.inspections.tainted.annotation.equation.Equations'>
            <val val="{ &quot;VirtualJarEntry := #VirtualJarEntry(java.lang.String, org.jboss.vfs.VirtualFile, java.util.jar.Attributes)#1 &amp; #VirtualJarEntry(java.lang.String, org.jboss.vfs.VirtualFile, java.util.jar.Attributes)#2&quot; }"/>
        </annotation>
    </item>
    <item name='org.jboss.vfs.VirtualJarInputStream.VirtualJarEntry VirtualJarEntry(java.lang.String, org.jboss.vfs.VirtualFile, java.util.jar.Attributes)'>
        <annotation name='com.intellij.inspections.tainted.annotation.equation.Equations'>
            <val val="{ &quot;virtualFile := &quot;, &quot;attributes := &quot;, &quot;name := &quot;, &quot;VirtualJarEntry := VirtualJarInputStream.VirtualJarEntry&quot; }"/>
        </annotation>
    </item>
    <item name='org.jboss.vfs.VirtualJarInputStream.VirtualJarEntry java.security.CodeSigner[] getCodeSigners()'>
        <annotation name='com.intellij.inspections.tainted.annotation.equation.Equations'>
            <val val="{ &quot;getCodeSigners := &quot; }"/>
        </annotation>
    </item>
    <item name='org.jboss.vfs.VirtualJarInputStream.VirtualJarEntry java.security.cert.Certificate[] getCertificates()'>
        <annotation name='com.intellij.inspections.tainted.annotation.equation.Equations'>
            <val val="{ &quot;getCertificates := &quot; }"/>
        </annotation>
    </item>
    <item name='org.jboss.vfs.VirtualJarInputStream.VirtualJarEntry java.util.jar.Attributes getAttributes()'>
        <annotation name='com.intellij.inspections.tainted.annotation.equation.Equations'>
            <val val="{ &quot;getAttributes := VirtualJarInputStream.VirtualJarEntry&quot; }"/>
        </annotation>
    </item>
    <item name='org.jboss.vfs.VirtualJarInputStream.VirtualJarEntry long getSize()'>
        <annotation name='com.intellij.inspections.tainted.annotation.equation.Equations'>
            <val val="{ &quot;getSize := &quot; }"/>
        </annotation>
    </item>
    <item name='org.jboss.vfs.VirtualJarInputStream.VirtualJarEntry long getTime()'>
        <annotation name='com.intellij.inspections.tainted.annotation.equation.Equations'>
            <val val="{ &quot;getTime := &quot; }"/>
        </annotation>
    </item>
    <item name='org.jboss.vfs.VisitorAttributes'>
        <annotation name='com.intellij.inspections.tainted.annotation.equation.Equations'>
            <val val="{ &quot;VisitorAttributes := #setRecurseFilter(org.jboss.vfs.VirtualFileFilter)#0&quot; }"/>
        </annotation>
    </item>
    <item name='org.jboss.vfs.VisitorAttributes boolean isRecurse(org.jboss.vfs.VirtualFile)'>
        <annotation name='com.intellij.inspections.tainted.annotation.equation.Equations'>
            <val val="{ &quot;file := &quot; }"/>
        </annotation>
    </item>
    <item name='org.jboss.vfs.VisitorAttributes org.jboss.vfs.VirtualFileFilter getRecurseFilter()'>
        <annotation name='com.intellij.inspections.tainted.annotation.equation.Equations'>
            <val val="{ &quot;getRecurseFilter := VisitorAttributes&quot; }"/>
        </annotation>
    </item>
    <item name='org.jboss.vfs.VisitorAttributes void setRecurseFilter(org.jboss.vfs.VirtualFileFilter)'>
        <annotation name='com.intellij.inspections.tainted.annotation.equation.Equations'>
            <val val="{ &quot;filter := VisitorAttributes.ImmutableVisitorAttributes#setRecurseFilter(org.jboss.vfs.VirtualFileFilter)#0&quot; }"/>
        </annotation>
    </item>
    <item name='org.jboss.vfs.VisitorAttributes.ImmutableVisitorAttributes ImmutableVisitorAttributes()'>
        <annotation name='com.intellij.inspections.tainted.annotation.equation.Equations'>
            <val val="{ &quot;ImmutableVisitorAttributes := VisitorAttributes.ImmutableVisitorAttributes&quot; }"/>
        </annotation>
    </item>
    <item name='org.jboss.vfs.VisitorAttributes.ImmutableVisitorAttributes ImmutableVisitorAttributes(boolean, org.jboss.vfs.VirtualFileFilter)'>
        <annotation name='com.intellij.inspections.tainted.annotation.equation.Equations'>
            <val val="{ &quot;recurseFilter := VisitorAttributes#RECURSE_ALL&quot;, &quot;ImmutableVisitorAttributes := VisitorAttributes.ImmutableVisitorAttributes&quot; }"/>
        </annotation>
    </item>
</root>