<root>
    <item name='org.w3c.dom.xpath.XPathEvaluator java.lang.Object evaluate(java.lang.String, org.w3c.dom.Node, org.w3c.dom.xpath.XPathNSResolver, short, java.lang.Object)'>
        <annotation name='com.intellij.inspections.tainted.annotation.equation.Equations'>
            <val val="{ &quot;resolver := com.sun.org.apache.xpath.internal.domapi.XPathEvaluatorImpl#evaluate(java.lang.String, org.w3c.dom.Node, org.w3c.dom.xpath.XPathNSResolver, short, java.lang.Object)#2&quot;, &quot;evaluate := com.sun.org.apache.xpath.internal.domapi.XPathEvaluatorImpl#evaluate(java.lang.String, org.w3c.dom.Node, org.w3c.dom.xpath.XPathNSResolver, short, java.lang.Object)&quot;, &quot;type := com.sun.org.apache.xpath.internal.domapi.XPathEvaluatorImpl#evaluate(java.lang.String, org.w3c.dom.Node, org.w3c.dom.xpath.XPathNSResolver, short, java.lang.Object)#3&quot;, &quot;contextNode := com.sun.org.apache.xpath.internal.domapi.XPathEvaluatorImpl#evaluate(java.lang.String, org.w3c.dom.Node, org.w3c.dom.xpath.XPathNSResolver, short, java.lang.Object)#1&quot;, &quot;result := com.sun.org.apache.xpath.internal.domapi.XPathEvaluatorImpl#evaluate(java.lang.String, org.w3c.dom.Node, org.w3c.dom.xpath.XPathNSResolver, short, java.lang.Object)#4&quot;, &quot;expression := com.sun.org.apache.xpath.internal.domapi.XPathEvaluatorImpl#evaluate(java.lang.String, org.w3c.dom.Node, org.w3c.dom.xpath.XPathNSResolver, short, java.lang.Object)#0&quot; }"/>
        </annotation>
    </item>
    <item name='org.w3c.dom.xpath.XPathEvaluator org.w3c.dom.xpath.XPathExpression createExpression(java.lang.String, org.w3c.dom.xpath.XPathNSResolver)'>
        <annotation name='com.intellij.inspections.tainted.annotation.equation.Equations'>
            <val val="{ &quot;createExpression := com.sun.org.apache.xpath.internal.domapi.XPathEvaluatorImpl#createExpression(java.lang.String, org.w3c.dom.xpath.XPathNSResolver)&quot;, &quot;expression := com.sun.org.apache.xpath.internal.domapi.XPathEvaluatorImpl#createExpression(java.lang.String, org.w3c.dom.xpath.XPathNSResolver)#0&quot;, &quot;resolver := com.sun.org.apache.xpath.internal.domapi.XPathEvaluatorImpl#createExpression(java.lang.String, org.w3c.dom.xpath.XPathNSResolver)#1&quot; }"/>
        </annotation>
    </item>
    <item name='org.w3c.dom.xpath.XPathEvaluator org.w3c.dom.xpath.XPathNSResolver createNSResolver(org.w3c.dom.Node)'>
        <annotation name='com.intellij.inspections.tainted.annotation.equation.Equations'>
            <val val="{ &quot;createNSResolver := com.sun.org.apache.xpath.internal.domapi.XPathEvaluatorImpl#createNSResolver(org.w3c.dom.Node)&quot;, &quot;nodeResolver := com.sun.org.apache.xpath.internal.domapi.XPathEvaluatorImpl#createNSResolver(org.w3c.dom.Node)#0&quot; }"/>
        </annotation>
    </item>
    <item name='org.w3c.dom.xpath.XPathException XPathException(short, java.lang.String)'>
        <annotation name='com.intellij.inspections.tainted.annotation.equation.Equations'>
            <val val="{ &quot;XPathException := XPathException&quot; }"/>
        </annotation>
    </item>
    <item name='org.w3c.dom.xpath.XPathExpression java.lang.Object evaluate(org.w3c.dom.Node, short, java.lang.Object)'>
        <annotation name='com.intellij.inspections.tainted.annotation.equation.Equations'>
            <val val="{ &quot;contextNode := com.sun.org.apache.xpath.internal.domapi.XPathExpressionImpl#evaluate(org.w3c.dom.Node, short, java.lang.Object)#0&quot;, &quot;type := com.sun.org.apache.xpath.internal.domapi.XPathExpressionImpl#evaluate(org.w3c.dom.Node, short, java.lang.Object)#1&quot;, &quot;evaluate := com.sun.org.apache.xpath.internal.domapi.XPathExpressionImpl#evaluate(org.w3c.dom.Node, short, java.lang.Object)&quot;, &quot;result := com.sun.org.apache.xpath.internal.domapi.XPathExpressionImpl#evaluate(org.w3c.dom.Node, short, java.lang.Object)#2&quot; }"/>
        </annotation>
    </item>
    <item name='org.w3c.dom.xpath.XPathNSResolver java.lang.String lookupNamespaceURI(java.lang.String)'>
        <annotation name='com.intellij.inspections.tainted.annotation.equation.Equations'>
            <val val="{ &quot;prefix := com.sun.org.apache.xpath.internal.domapi.XPathNSResolverImpl#lookupNamespaceURI(java.lang.String)#0&quot;, &quot;lookupNamespaceURI := com.sun.org.apache.xpath.internal.domapi.XPathNSResolverImpl#lookupNamespaceURI(java.lang.String)&quot; }"/>
        </annotation>
    </item>
    <item name='org.w3c.dom.xpath.XPathNamespace org.w3c.dom.Element getOwnerElement()'>
        <annotation name='com.intellij.inspections.tainted.annotation.equation.Equations'>
            <val val="{ &quot;getOwnerElement := com.sun.org.apache.xpath.internal.domapi.XPathNamespaceImpl#getOwnerElement()&quot; }"/>
        </annotation>
    </item>
    <item name='org.w3c.dom.xpath.XPathResult double getNumberValue()'>
        <annotation name='com.intellij.inspections.tainted.annotation.equation.Equations'>
            <val val="{ &quot;getNumberValue := com.sun.org.apache.xpath.internal.domapi.XPathResultImpl#getNumberValue()&quot; }"/>
        </annotation>
    </item>
    <item name='org.w3c.dom.xpath.XPathResult int getSnapshotLength()'>
        <annotation name='com.intellij.inspections.tainted.annotation.equation.Equations'>
            <val val="{ &quot;getSnapshotLength := com.sun.org.apache.xpath.internal.domapi.XPathResultImpl#getSnapshotLength()&quot; }"/>
        </annotation>
    </item>
    <item name='org.w3c.dom.xpath.XPathResult java.lang.String getStringValue()'>
        <annotation name='com.intellij.inspections.tainted.annotation.equation.Equations'>
            <val val="{ &quot;getStringValue := com.sun.org.apache.xpath.internal.domapi.XPathResultImpl#getStringValue()&quot; }"/>
        </annotation>
    </item>
    <item name='org.w3c.dom.xpath.XPathResult org.w3c.dom.Node getSingleNodeValue()'>
        <annotation name='com.intellij.inspections.tainted.annotation.equation.Equations'>
            <val val="{ &quot;getSingleNodeValue := com.sun.org.apache.xpath.internal.domapi.XPathResultImpl#getSingleNodeValue()&quot; }"/>
        </annotation>
    </item>
    <item name='org.w3c.dom.xpath.XPathResult org.w3c.dom.Node iterateNext()'>
        <annotation name='com.intellij.inspections.tainted.annotation.equation.Equations'>
            <val val="{ &quot;iterateNext := com.sun.org.apache.xpath.internal.domapi.XPathResultImpl#iterateNext()&quot; }"/>
        </annotation>
    </item>
    <item name='org.w3c.dom.xpath.XPathResult org.w3c.dom.Node snapshotItem(int)'>
        <annotation name='com.intellij.inspections.tainted.annotation.equation.Equations'>
            <val val="{ &quot;index := com.sun.org.apache.xpath.internal.domapi.XPathResultImpl#snapshotItem(int)#0&quot;, &quot;snapshotItem := com.sun.org.apache.xpath.internal.domapi.XPathResultImpl#snapshotItem(int)&quot; }"/>
        </annotation>
    </item>
    <item name='org.w3c.dom.xpath.XPathResult short getResultType()'>
        <annotation name='com.intellij.inspections.tainted.annotation.equation.Equations'>
            <val val="{ &quot;getResultType := com.sun.org.apache.xpath.internal.domapi.XPathResultImpl#getResultType()&quot; }"/>
        </annotation>
    </item>
</root>