<root>
    <item name='javax.security.auth.x500.X500Principal'>
        <annotation name='com.intellij.inspections.tainted.annotation.equation.Equations'>
            <val val="{ &quot;X500Principal := &quot; }"/>
        </annotation>
    </item>
    <item name='javax.security.auth.x500.X500Principal X500Principal(byte[])'>
        <annotation name='com.intellij.inspections.tainted.annotation.equation.Equations'>
            <val val="{ &quot;name := java.security.cert.X509CertSelector#setIssuer(byte[])#0 &amp; java.security.cert.X509CertSelector#setSubject(byte[])#0&quot;, &quot;X500Principal := X500Principal&quot; }"/>
        </annotation>
    </item>
    <item name='javax.security.auth.x500.X500Principal X500Principal(java.io.InputStream)'>
        <annotation name='com.intellij.inspections.tainted.annotation.equation.Equations'>
            <val val="{ &quot;X500Principal := X500Principal&quot; }"/>
        </annotation>
    </item>
    <item name='javax.security.auth.x500.X500Principal X500Principal(java.lang.String)'>
        <annotation name='com.intellij.inspections.tainted.annotation.equation.Equations'>
            <val val="{ &quot;X500Principal := X500Principal&quot;, &quot;name := java.security.cert.TrustAnchor#TrustAnchor(java.lang.String, java.security.PublicKey, byte[])#0&quot; }"/>
        </annotation>
    </item>
    <item name='javax.security.auth.x500.X500Principal X500Principal(java.lang.String, java.util.Map&lt;java.lang.String,java.lang.String&gt;)'>
        <annotation name='com.intellij.inspections.tainted.annotation.equation.Equations'>
            <val val="{ &quot;X500Principal := X500Principal&quot;, &quot;name := #X500Principal(java.lang.String)#0&quot; }"/>
        </annotation>
    </item>
    <item name='javax.security.auth.x500.X500Principal X500Principal(sun.security.x509.X500Name)'>
        <annotation name='com.intellij.inspections.tainted.annotation.equation.Equations'>
            <val val="{ &quot;X500Principal := X500Principal&quot; }"/>
        </annotation>
    </item>
    <item name='javax.security.auth.x500.X500Principal boolean equals(java.lang.Object)'>
        <annotation name='com.intellij.inspections.tainted.annotation.equation.Equations'>
            <val val="{ &quot;o := sun.security.x509.X509CRLEntryImpl#setCertificateIssuer(javax.security.auth.x500.X500Principal, javax.security.auth.x500.X500Principal)#1 &amp; sun.security.x509.X509CRLEntryImpl#setCertificateIssuer(javax.security.auth.x500.X500Principal, javax.security.auth.x500.X500Principal)#1&quot; }"/>
        </annotation>
    </item>
    <item name='javax.security.auth.x500.X500Principal java.lang.String getName(java.lang.String)'>
        <annotation name='com.intellij.inspections.tainted.annotation.equation.Equations'>
            <val val="{ &quot;format := #RFC2253&quot; }"/>
        </annotation>
    </item>
    <item name='javax.security.auth.x500.X500PrivateCredential X500PrivateCredential(java.security.cert.X509Certificate, java.security.PrivateKey)'>
        <annotation name='com.intellij.inspections.tainted.annotation.equation.Equations'>
            <val val="{ &quot;X500PrivateCredential := X500PrivateCredential&quot; }"/>
        </annotation>
    </item>
    <item name='javax.security.auth.x500.X500PrivateCredential X500PrivateCredential(java.security.cert.X509Certificate, java.security.PrivateKey, java.lang.String)'>
        <annotation name='com.intellij.inspections.tainted.annotation.equation.Equations'>
            <val val="{ &quot;key := &quot;, &quot;X500PrivateCredential := X500PrivateCredential&quot;, &quot;cert := com.sun.security.auth.module.KeyStoreLoginModule&quot;, &quot;alias := com.sun.security.auth.module.KeyStoreLoginModule&quot; }"/>
        </annotation>
    </item>
    <item name='javax.security.auth.x500.X500PrivateCredential java.lang.String getAlias()'>
        <annotation name='com.intellij.inspections.tainted.annotation.equation.Equations'>
            <val val="{ &quot;getAlias := X500PrivateCredential&quot; }"/>
        </annotation>
    </item>
    <item name='javax.security.auth.x500.X500PrivateCredential java.security.PrivateKey getPrivateKey()'>
        <annotation name='com.intellij.inspections.tainted.annotation.equation.Equations'>
            <val val="{ &quot;getPrivateKey := X500PrivateCredential&quot; }"/>
        </annotation>
    </item>
    <item name='javax.security.auth.x500.X500PrivateCredential java.security.cert.X509Certificate getCertificate()'>
        <annotation name='com.intellij.inspections.tainted.annotation.equation.Equations'>
            <val val="{ &quot;getCertificate := X500PrivateCredential&quot; }"/>
        </annotation>
    </item>
</root>