<root>
    <item name='com.sun.corba.se.impl.orbutil.concurrent.CondVar CondVar(com.sun.corba.se.impl.orbutil.concurrent.Sync)'>
        <annotation name='com.intellij.inspections.tainted.annotation.equation.Equations'>
            <val val="{ &quot;CondVar := CondVar&quot; }"/>
        </annotation>
    </item>
    <item name='com.sun.corba.se.impl.orbutil.concurrent.CondVar CondVar(com.sun.corba.se.impl.orbutil.concurrent.Sync, boolean)'>
        <annotation name='com.intellij.inspections.tainted.annotation.equation.Equations'>
            <val val="{ &quot;mutex := com.sun.corba.se.impl.oa.poa.POAImpl &amp; #CondVar(com.sun.corba.se.impl.orbutil.concurrent.Sync)#0&quot;, &quot;CondVar := CondVar&quot; }"/>
        </annotation>
    </item>
    <item name='com.sun.corba.se.impl.orbutil.concurrent.CondVar void acquireMutex(int)'>
        <annotation name='com.intellij.inspections.tainted.annotation.equation.Equations'>
            <val val="{ &quot;count := &quot; }"/>
        </annotation>
    </item>
    <item name='com.sun.corba.se.impl.orbutil.concurrent.DebugMutex'>
        <annotation name='com.intellij.inspections.tainted.annotation.equation.Equations'>
            <val val="{ &quot;DebugMutex := &quot; }"/>
        </annotation>
    </item>
    <item name='com.sun.corba.se.impl.orbutil.concurrent.ReentrantMutex'>
        <annotation name='com.intellij.inspections.tainted.annotation.equation.Equations'>
            <val val="{ &quot;ReentrantMutex := &quot; }"/>
        </annotation>
    </item>
    <item name='com.sun.corba.se.impl.orbutil.concurrent.ReentrantMutex ReentrantMutex()'>
        <annotation name='com.intellij.inspections.tainted.annotation.equation.Equations'>
            <val val="{ &quot;ReentrantMutex := ReentrantMutex&quot; }"/>
        </annotation>
    </item>
    <item name='com.sun.corba.se.impl.orbutil.concurrent.ReentrantMutex ReentrantMutex(boolean)'>
        <annotation name='com.intellij.inspections.tainted.annotation.equation.Equations'>
            <val val="{ &quot;ReentrantMutex := ReentrantMutex&quot; }"/>
        </annotation>
    </item>
    <item name='com.sun.corba.se.impl.orbutil.concurrent.ReentrantMutex int releaseAll()'>
        <annotation name='com.intellij.inspections.tainted.annotation.equation.Equations'>
            <val val="{ &quot;releaseAll := ReentrantMutex&quot; }"/>
        </annotation>
    </item>
    <item name='com.sun.corba.se.impl.orbutil.concurrent.ReentrantMutex void acquireAll(int)'>
        <annotation name='com.intellij.inspections.tainted.annotation.equation.Equations'>
            <val val="{ &quot;count := CondVar#acquireMutex(int)#0&quot; }"/>
        </annotation>
    </item>
    <item name='com.sun.corba.se.impl.orbutil.concurrent.Sync boolean attempt(long)'>
        <annotation name='com.intellij.inspections.tainted.annotation.equation.Equations'>
            <val val="{ &quot;msecs := Mutex#attempt(long)#0 &amp; DebugMutex#attempt(long)#0 &amp; ReentrantMutex#attempt(long)#0&quot; }"/>
        </annotation>
    </item>
    <item name='com.sun.corba.se.impl.orbutil.concurrent.SyncUtil SyncUtil()'>
        <annotation name='com.intellij.inspections.tainted.annotation.equation.Equations'>
            <val val="{ &quot;SyncUtil := SyncUtil&quot; }"/>
        </annotation>
    </item>
    <item name='com.sun.corba.se.impl.orbutil.concurrent.SyncUtil void acquire(com.sun.corba.se.impl.orbutil.concurrent.Sync)'>
        <annotation name='com.intellij.inspections.tainted.annotation.equation.Equations'>
            <val val="{ &quot;sync := com.sun.corba.se.impl.oa.poa.POAImpl&quot; }"/>
        </annotation>
    </item>
</root>