<root>
    <item name='org.omg.CORBA.portable.ApplicationException ApplicationException(java.lang.String, org.omg.CORBA.portable.InputStream)'>
        <annotation name='com.intellij.inspections.tainted.annotation.equation.Equations'>
            <val val="{ &quot;ins := com.sun.corba.se.impl.protocol.CorbaClientRequestDispatcherImpl#processResponse(com.sun.corba.se.spi.orb.ORB, com.sun.corba.se.spi.protocol.CorbaMessageMediator, com.sun.corba.se.pept.encoding.InputObject)#2&quot;, &quot;ApplicationException := ApplicationException&quot; }"/>
        </annotation>
    </item>
    <item name='org.omg.CORBA.portable.ApplicationException java.lang.String getId()'>
        <annotation name='com.intellij.inspections.tainted.annotation.equation.Equations'>
            <val val="{ &quot;getId := ApplicationException&quot; }"/>
        </annotation>
    </item>
    <item name='org.omg.CORBA.portable.ApplicationException org.omg.CORBA.portable.InputStream getInputStream()'>
        <annotation name='com.intellij.inspections.tainted.annotation.equation.Equations'>
            <val val="{ &quot;getInputStream := ApplicationException&quot; }"/>
        </annotation>
    </item>
    <item name='org.omg.CORBA.portable.BoxedValueHelper java.io.Serializable read_value(org.omg.CORBA.portable.InputStream)'>
        <annotation name='com.intellij.inspections.tainted.annotation.equation.Equations'>
            <val val="{ &quot;read_value := org.omg.CORBA.StringValueHelper#read_value(org.omg.CORBA.portable.InputStream) &amp; org.omg.CORBA.WStringValueHelper#read_value(org.omg.CORBA.portable.InputStream)&quot; }"/>
        </annotation>
    </item>
    <item name='org.omg.CORBA.portable.BoxedValueHelper java.lang.String get_id()'>
        <annotation name='com.intellij.inspections.tainted.annotation.equation.Equations'>
            <val val="{ &quot;get_id := org.omg.CORBA.StringValueHelper#get_id() &amp; org.omg.CORBA.WStringValueHelper#get_id()&quot; }"/>
        </annotation>
    </item>
    <item name='org.omg.CORBA.portable.BoxedValueHelper void write_value(org.omg.CORBA.portable.OutputStream, java.io.Serializable)'>
        <annotation name='com.intellij.inspections.tainted.annotation.equation.Equations'>
            <val val="{ &quot;value := com.sun.corba.se.impl.encoding.CDROutputStream_1_0#write_value(java.io.Serializable, org.omg.CORBA.portable.BoxedValueHelper)#0 &amp; com.sun.corba.se.impl.encoding.CDROutputStream_1_0#writeIDLValue(java.io.Serializable, java.lang.String)#0&quot;, &quot;os := com.sun.corba.se.impl.encoding.CDROutputStream_1_0&quot; }"/>
        </annotation>
    </item>
    <item name='org.omg.CORBA.portable.Delegate boolean equals(org.omg.CORBA.Object, java.lang.Object)'>
        <annotation name='com.intellij.inspections.tainted.annotation.equation.Equations'>
            <val val="{ &quot;equals := com.sun.corba.se.impl.protocol.CorbaClientDelegateImpl#equals(org.omg.CORBA.Object, java.lang.Object)&quot; }"/>
        </annotation>
    </item>
    <item name='org.omg.CORBA.portable.Delegate boolean is_a(org.omg.CORBA.Object, java.lang.String)'>
        <annotation name='com.intellij.inspections.tainted.annotation.equation.Equations'>
            <val val="{ &quot;is_a := com.sun.corba.se.impl.protocol.CorbaClientDelegateImpl#is_a(org.omg.CORBA.Object, java.lang.String)&quot; }"/>
        </annotation>
    </item>
    <item name='org.omg.CORBA.portable.Delegate boolean is_equivalent(org.omg.CORBA.Object, org.omg.CORBA.Object)'>
        <annotation name='com.intellij.inspections.tainted.annotation.equation.Equations'>
            <val val="{ &quot;is_equivalent := com.sun.corba.se.impl.protocol.CorbaClientDelegateImpl#is_equivalent(org.omg.CORBA.Object, org.omg.CORBA.Object)&quot; }"/>
        </annotation>
    </item>
    <item name='org.omg.CORBA.portable.Delegate boolean is_local(org.omg.CORBA.Object)'>
        <annotation name='com.intellij.inspections.tainted.annotation.equation.Equations'>
            <val val="{ &quot;is_local := com.sun.corba.se.impl.protocol.CorbaClientDelegateImpl#is_local(org.omg.CORBA.Object)&quot; }"/>
        </annotation>
    </item>
    <item name='org.omg.CORBA.portable.Delegate boolean non_existent(org.omg.CORBA.Object)'>
        <annotation name='com.intellij.inspections.tainted.annotation.equation.Equations'>
            <val val="{ &quot;obj := ObjectImpl&quot;, &quot;non_existent := com.sun.corba.se.impl.protocol.CorbaClientDelegateImpl#non_existent(org.omg.CORBA.Object)&quot; }"/>
        </annotation>
    </item>
    <item name='org.omg.CORBA.portable.Delegate int hash(org.omg.CORBA.Object, int)'>
        <annotation name='com.intellij.inspections.tainted.annotation.equation.Equations'>
            <val val="{ &quot;obj := ObjectImpl&quot;, &quot;max := ObjectImpl#_hash(int)#0&quot;, &quot;hash := com.sun.corba.se.impl.protocol.CorbaClientDelegateImpl#hash(org.omg.CORBA.Object, int)&quot; }"/>
        </annotation>
    </item>
    <item name='org.omg.CORBA.portable.Delegate int hashCode(org.omg.CORBA.Object)'>
        <annotation name='com.intellij.inspections.tainted.annotation.equation.Equations'>
            <val val="{ &quot;hashCode := com.sun.corba.se.impl.protocol.CorbaClientDelegateImpl#hashCode(org.omg.CORBA.Object)&quot; }"/>
        </annotation>
    </item>
    <item name='org.omg.CORBA.portable.Delegate java.lang.String toString(org.omg.CORBA.Object)'>
        <annotation name='com.intellij.inspections.tainted.annotation.equation.Equations'>
            <val val="{ &quot;self := ObjectImpl&quot;, &quot;toString := com.sun.corba.se.impl.protocol.CorbaClientDelegateImpl#toString(org.omg.CORBA.Object)&quot; }"/>
        </annotation>
    </item>
    <item name='org.omg.CORBA.portable.Delegate org.omg.CORBA.ORB orb(org.omg.CORBA.Object)'>
        <annotation name='com.intellij.inspections.tainted.annotation.equation.Equations'>
            <val val="{ &quot;orb := com.sun.corba.se.impl.protocol.CorbaClientDelegateImpl#orb(org.omg.CORBA.Object)&quot;, &quot;obj := com.sun.corba.se.impl.presentation.rmi.StubConnectImpl#connect(com.sun.corba.se.impl.ior.StubIORImpl, org.omg.CORBA.Object, org.omg.CORBA.portable.ObjectImpl, org.omg.CORBA.ORB)#2 &amp; com.sun.corba.se.impl.presentation.rmi.StubInvocationHandlerImpl &amp; ObjectImpl&quot; }"/>
        </annotation>
    </item>
    <item name='org.omg.CORBA.portable.Delegate org.omg.CORBA.Object duplicate(org.omg.CORBA.Object)'>
        <annotation name='com.intellij.inspections.tainted.annotation.equation.Equations'>
            <val val="{ &quot;duplicate := com.sun.corba.se.impl.protocol.CorbaClientDelegateImpl#duplicate(org.omg.CORBA.Object)&quot; }"/>
        </annotation>
    </item>
    <item name='org.omg.CORBA.portable.Delegate org.omg.CORBA.Object get_interface_def(org.omg.CORBA.Object)'>
        <annotation name='com.intellij.inspections.tainted.annotation.equation.Equations'>
            <val val="{ &quot;self := ObjectImpl&quot;, &quot;get_interface_def := com.sun.corba.se.impl.protocol.CorbaClientDelegateImpl#get_interface_def(org.omg.CORBA.Object)&quot; }"/>
        </annotation>
    </item>
    <item name='org.omg.CORBA.portable.Delegate org.omg.CORBA.Request create_request(org.omg.CORBA.Object, org.omg.CORBA.Context, java.lang.String, org.omg.CORBA.NVList, org.omg.CORBA.NamedValue)'>
        <annotation name='com.intellij.inspections.tainted.annotation.equation.Equations'>
            <val val="{ &quot;create_request := com.sun.corba.se.impl.protocol.CorbaClientDelegateImpl#create_request(org.omg.CORBA.Object, org.omg.CORBA.Context, java.lang.String, org.omg.CORBA.NVList, org.omg.CORBA.NamedValue)&quot; }"/>
        </annotation>
    </item>
    <item name='org.omg.CORBA.portable.Delegate org.omg.CORBA.Request create_request(org.omg.CORBA.Object, org.omg.CORBA.Context, java.lang.String, org.omg.CORBA.NVList, org.omg.CORBA.NamedValue, org.omg.CORBA.ExceptionList, org.omg.CORBA.ContextList)'>
        <annotation name='com.intellij.inspections.tainted.annotation.equation.Equations'>
            <val val="{ &quot;create_request := com.sun.corba.se.impl.protocol.CorbaClientDelegateImpl#create_request(org.omg.CORBA.Object, org.omg.CORBA.Context, java.lang.String, org.omg.CORBA.NVList, org.omg.CORBA.NamedValue, org.omg.CORBA.ExceptionList, org.omg.CORBA.ContextList)&quot; }"/>
        </annotation>
    </item>
    <item name='org.omg.CORBA.portable.Delegate org.omg.CORBA.Request request(org.omg.CORBA.Object, java.lang.String)'>
        <annotation name='com.intellij.inspections.tainted.annotation.equation.Equations'>
            <val val="{ &quot;obj := ObjectImpl&quot;, &quot;request := com.sun.corba.se.impl.protocol.CorbaClientDelegateImpl#request(org.omg.CORBA.Object, java.lang.String)&quot;, &quot;operation := ObjectImpl#_request(java.lang.String)#0&quot; }"/>
        </annotation>
    </item>
    <item name='org.omg.CORBA.portable.Delegate org.omg.CORBA.portable.InputStream invoke(org.omg.CORBA.Object, org.omg.CORBA.portable.OutputStream)'>
        <annotation name='com.intellij.inspections.tainted.annotation.equation.Equations'>
            <val val="{ &quot;invoke := com.sun.corba.se.impl.protocol.CorbaClientDelegateImpl#invoke(org.omg.CORBA.Object, org.omg.CORBA.portable.OutputStream)&quot; }"/>
        </annotation>
    </item>
    <item name='org.omg.CORBA.portable.Delegate org.omg.CORBA.portable.OutputStream request(org.omg.CORBA.Object, java.lang.String, boolean)'>
        <annotation name='com.intellij.inspections.tainted.annotation.equation.Equations'>
            <val val="{ &quot;request := com.sun.corba.se.impl.protocol.CorbaClientDelegateImpl#request(org.omg.CORBA.Object, java.lang.String, boolean)&quot;, &quot;responseExpected := ObjectImpl#_request(java.lang.String, boolean)#1&quot;, &quot;self := com.sun.corba.se.impl.presentation.rmi.StubInvocationHandlerImpl &amp; ObjectImpl&quot;, &quot;operation := com.sun.corba.se.impl.corba.RequestImpl &amp; com.sun.corba.se.impl.resolver.BootstrapResolverImpl#invoke(java.lang.String, java.lang.String)#0 &amp; ObjectImpl#_request(java.lang.String, boolean)#0&quot; }"/>
        </annotation>
    </item>
    <item name='org.omg.CORBA.portable.Delegate org.omg.CORBA.portable.ServantObject servant_preinvoke(org.omg.CORBA.Object, java.lang.String, java.lang.Class)'>
        <annotation name='com.intellij.inspections.tainted.annotation.equation.Equations'>
            <val val="{ &quot;servant_preinvoke := com.sun.corba.se.impl.protocol.CorbaClientDelegateImpl#servant_preinvoke(org.omg.CORBA.Object, java.lang.String, java.lang.Class)&quot; }"/>
        </annotation>
    </item>
    <item name='org.omg.CORBA.portable.Delegate void release(org.omg.CORBA.Object)'>
        <annotation name='com.intellij.inspections.tainted.annotation.equation.Equations'>
            <val val="{ &quot;obj := ObjectImpl&quot; }"/>
        </annotation>
    </item>
    <item name='org.omg.CORBA.portable.Delegate void releaseReply(org.omg.CORBA.Object, org.omg.CORBA.portable.InputStream)'>
        <annotation name='com.intellij.inspections.tainted.annotation.equation.Equations'>
            <val val="{ &quot;self := com.sun.corba.se.impl.presentation.rmi.StubInvocationHandlerImpl &amp; ObjectImpl&quot;, &quot;input := ObjectImpl#_releaseReply(org.omg.CORBA.portable.InputStream)#0&quot; }"/>
        </annotation>
    </item>
    <item name='org.omg.CORBA.portable.Delegate void servant_postinvoke(org.omg.CORBA.Object, org.omg.CORBA.portable.ServantObject)'>
        <annotation name='com.intellij.inspections.tainted.annotation.equation.Equations'>
            <val val="{ &quot;self := com.sun.corba.se.impl.presentation.rmi.StubInvocationHandlerImpl &amp; ObjectImpl&quot;, &quot;servant := ObjectImpl#_servant_postinvoke(org.omg.CORBA.portable.ServantObject)#0&quot; }"/>
        </annotation>
    </item>
    <item name='org.omg.CORBA.portable.InputStream boolean read_boolean()'>
        <annotation name='com.intellij.inspections.tainted.annotation.equation.Equations'>
            <val val="{ &quot;read_boolean := com.sun.jmx.remote.protocol.iiop.ProxyInputStream#read_boolean() &amp; com.sun.corba.se.impl.encoding.CDRInputStream#read_boolean() &amp; com.sun.corba.se.impl.encoding.WrapperInputStream#read_boolean()&quot; }"/>
        </annotation>
    </item>
    <item name='org.omg.CORBA.portable.InputStream byte read_octet()'>
        <annotation name='com.intellij.inspections.tainted.annotation.equation.Equations'>
            <val val="{ &quot;read_octet := com.sun.jmx.remote.protocol.iiop.ProxyInputStream#read_octet() &amp; com.sun.corba.se.impl.encoding.CDRInputStream#read_octet() &amp; com.sun.corba.se.impl.encoding.WrapperInputStream#read_octet()&quot; }"/>
        </annotation>
    </item>
    <item name='org.omg.CORBA.portable.InputStream char read_char()'>
        <annotation name='com.intellij.inspections.tainted.annotation.equation.Equations'>
            <val val="{ &quot;read_char := com.sun.corba.se.impl.encoding.CDRInputStream#read_char() &amp; com.sun.corba.se.impl.encoding.WrapperInputStream#read_char() &amp; com.sun.jmx.remote.protocol.iiop.ProxyInputStream#read_char()&quot; }"/>
        </annotation>
    </item>
    <item name='org.omg.CORBA.portable.InputStream char read_wchar()'>
        <annotation name='com.intellij.inspections.tainted.annotation.equation.Equations'>
            <val val="{ &quot;read_wchar := com.sun.corba.se.impl.encoding.CDRInputStream#read_wchar() &amp; com.sun.corba.se.impl.encoding.WrapperInputStream#read_wchar() &amp; com.sun.jmx.remote.protocol.iiop.ProxyInputStream#read_wchar()&quot; }"/>
        </annotation>
    </item>
    <item name='org.omg.CORBA.portable.InputStream double read_double()'>
        <annotation name='com.intellij.inspections.tainted.annotation.equation.Equations'>
            <val val="{ &quot;read_double := com.sun.jmx.remote.protocol.iiop.ProxyInputStream#read_double() &amp; com.sun.corba.se.impl.encoding.CDRInputStream#read_double() &amp; com.sun.corba.se.impl.encoding.WrapperInputStream#read_double()&quot; }"/>
        </annotation>
    </item>
    <item name='org.omg.CORBA.portable.InputStream float read_float()'>
        <annotation name='com.intellij.inspections.tainted.annotation.equation.Equations'>
            <val val="{ &quot;read_float := com.sun.jmx.remote.protocol.iiop.ProxyInputStream#read_float() &amp; com.sun.corba.se.impl.encoding.CDRInputStream#read_float() &amp; com.sun.corba.se.impl.encoding.WrapperInputStream#read_float()&quot; }"/>
        </annotation>
    </item>
    <item name='org.omg.CORBA.portable.InputStream int read()'>
        <annotation name='com.intellij.inspections.tainted.annotation.equation.Equations'>
            <val val="{ &quot;read := com.sun.corba.se.impl.encoding.CDRInputStream#read() &amp; com.sun.jmx.remote.protocol.iiop.ProxyInputStream#read() &amp; com.sun.corba.se.impl.encoding.WrapperInputStream#read()&quot; }"/>
        </annotation>
    </item>
    <item name='org.omg.CORBA.portable.InputStream int read_long()'>
        <annotation name='com.intellij.inspections.tainted.annotation.equation.Equations'>
            <val val="{ &quot;read_long := com.sun.corba.se.impl.encoding.CDRInputStream#read_long() &amp; com.sun.jmx.remote.protocol.iiop.ProxyInputStream#read_long() &amp; com.sun.corba.se.impl.encoding.WrapperInputStream#read_long()&quot; }"/>
        </annotation>
    </item>
    <item name='org.omg.CORBA.portable.InputStream int read_ulong()'>
        <annotation name='com.intellij.inspections.tainted.annotation.equation.Equations'>
            <val val="{ &quot;read_ulong := com.sun.corba.se.impl.encoding.CDRInputStream#read_ulong() &amp; com.sun.corba.se.impl.encoding.WrapperInputStream#read_ulong() &amp; com.sun.jmx.remote.protocol.iiop.ProxyInputStream#read_ulong()&quot; }"/>
        </annotation>
    </item>
    <item name='org.omg.CORBA.portable.InputStream java.lang.String read_string()'>
        <annotation name='com.intellij.inspections.tainted.annotation.equation.Equations'>
            <val val="{ &quot;read_string := com.sun.corba.se.impl.encoding.CDRInputStream#read_string() &amp; com.sun.jmx.remote.protocol.iiop.ProxyInputStream#read_string() &amp; com.sun.corba.se.impl.encoding.WrapperInputStream#read_string()&quot; }"/>
        </annotation>
    </item>
    <item name='org.omg.CORBA.portable.InputStream java.lang.String read_wstring()'>
        <annotation name='com.intellij.inspections.tainted.annotation.equation.Equations'>
            <val val="{ &quot;read_wstring := com.sun.jmx.remote.protocol.iiop.ProxyInputStream#read_wstring() &amp; com.sun.corba.se.impl.encoding.CDRInputStream#read_wstring() &amp; com.sun.corba.se.impl.encoding.WrapperInputStream#read_wstring()&quot; }"/>
        </annotation>
    </item>
    <item name='org.omg.CORBA.portable.InputStream java.math.BigDecimal read_fixed()'>
        <annotation name='com.intellij.inspections.tainted.annotation.equation.Equations'>
            <val val="{ &quot;read_fixed := com.sun.corba.se.impl.encoding.CDRInputStream#read_fixed() &amp; com.sun.jmx.remote.protocol.iiop.ProxyInputStream#read_fixed() &amp; com.sun.corba.se.impl.encoding.WrapperInputStream#read_fixed()&quot; }"/>
        </annotation>
    </item>
    <item name='org.omg.CORBA.portable.InputStream long read_longlong()'>
        <annotation name='com.intellij.inspections.tainted.annotation.equation.Equations'>
            <val val="{ &quot;read_longlong := com.sun.corba.se.impl.encoding.CDRInputStream#read_longlong() &amp; com.sun.corba.se.impl.encoding.WrapperInputStream#read_longlong() &amp; com.sun.jmx.remote.protocol.iiop.ProxyInputStream#read_longlong()&quot; }"/>
        </annotation>
    </item>
    <item name='org.omg.CORBA.portable.InputStream long read_ulonglong()'>
        <annotation name='com.intellij.inspections.tainted.annotation.equation.Equations'>
            <val val="{ &quot;read_ulonglong := com.sun.jmx.remote.protocol.iiop.ProxyInputStream#read_ulonglong() &amp; com.sun.corba.se.impl.encoding.CDRInputStream#read_ulonglong() &amp; com.sun.corba.se.impl.encoding.WrapperInputStream#read_ulonglong()&quot; }"/>
        </annotation>
    </item>
    <item name='org.omg.CORBA.portable.InputStream org.omg.CORBA.Any read_any()'>
        <annotation name='com.intellij.inspections.tainted.annotation.equation.Equations'>
            <val val="{ &quot;read_any := com.sun.corba.se.impl.encoding.CDRInputStream#read_any() &amp; com.sun.jmx.remote.protocol.iiop.ProxyInputStream#read_any() &amp; com.sun.corba.se.impl.encoding.WrapperInputStream#read_any()&quot; }"/>
        </annotation>
    </item>
    <item name='org.omg.CORBA.portable.InputStream org.omg.CORBA.Context read_Context()'>
        <annotation name='com.intellij.inspections.tainted.annotation.equation.Equations'>
            <val val="{ &quot;read_Context := com.sun.jmx.remote.protocol.iiop.ProxyInputStream#read_Context() &amp; com.sun.corba.se.impl.encoding.CDRInputStream#read_Context() &amp; com.sun.corba.se.impl.encoding.WrapperInputStream#read_Context()&quot; }"/>
        </annotation>
    </item>
    <item name='org.omg.CORBA.portable.InputStream org.omg.CORBA.ORB orb()'>
        <annotation name='com.intellij.inspections.tainted.annotation.equation.Equations'>
            <val val="{ &quot;orb := com.sun.jmx.remote.protocol.iiop.ProxyInputStream#orb() &amp; com.sun.corba.se.impl.encoding.CDRInputStream#orb() &amp; com.sun.corba.se.impl.encoding.WrapperInputStream#orb()&quot; }"/>
        </annotation>
    </item>
    <item name='org.omg.CORBA.portable.InputStream org.omg.CORBA.Object read_Object()'>
        <annotation name='com.intellij.inspections.tainted.annotation.equation.Equations'>
            <val val="{ &quot;read_Object := com.sun.corba.se.impl.encoding.CDRInputStream#read_Object() &amp; com.sun.jmx.remote.protocol.iiop.ProxyInputStream#read_Object() &amp; com.sun.corba.se.impl.encoding.WrapperInputStream#read_Object()&quot; }"/>
        </annotation>
    </item>
    <item name='org.omg.CORBA.portable.InputStream org.omg.CORBA.Object read_Object(java.lang.Class)'>
        <annotation name='com.intellij.inspections.tainted.annotation.equation.Equations'>
            <val val="{ &quot;read_Object := com.sun.corba.se.impl.encoding.CDRInputStream#read_Object(java.lang.Class) &amp; com.sun.jmx.remote.protocol.iiop.ProxyInputStream#read_Object(java.lang.Class)&quot; }"/>
        </annotation>
    </item>
    <item name='org.omg.CORBA.portable.InputStream org.omg.CORBA.Principal read_Principal()'>
        <annotation name='com.intellij.inspections.tainted.annotation.equation.Equations'>
            <val val="{ &quot;read_Principal := com.sun.corba.se.impl.encoding.CDRInputStream#read_Principal() &amp; com.sun.corba.se.impl.encoding.WrapperInputStream#read_Principal() &amp; com.sun.jmx.remote.protocol.iiop.ProxyInputStream#read_Principal()&quot; }"/>
        </annotation>
    </item>
    <item name='org.omg.CORBA.portable.InputStream org.omg.CORBA.TypeCode read_TypeCode()'>
        <annotation name='com.intellij.inspections.tainted.annotation.equation.Equations'>
            <val val="{ &quot;read_TypeCode := com.sun.corba.se.impl.encoding.CDRInputStream#read_TypeCode() &amp; com.sun.corba.se.impl.encoding.WrapperInputStream#read_TypeCode() &amp; com.sun.jmx.remote.protocol.iiop.ProxyInputStream#read_TypeCode()&quot; }"/>
        </annotation>
    </item>
    <item name='org.omg.CORBA.portable.InputStream short read_short()'>
        <annotation name='com.intellij.inspections.tainted.annotation.equation.Equations'>
            <val val="{ &quot;read_short := com.sun.jmx.remote.protocol.iiop.ProxyInputStream#read_short() &amp; com.sun.corba.se.impl.encoding.CDRInputStream#read_short() &amp; com.sun.corba.se.impl.encoding.WrapperInputStream#read_short()&quot; }"/>
        </annotation>
    </item>
    <item name='org.omg.CORBA.portable.InputStream short read_ushort()'>
        <annotation name='com.intellij.inspections.tainted.annotation.equation.Equations'>
            <val val="{ &quot;read_ushort := com.sun.corba.se.impl.encoding.CDRInputStream#read_ushort() &amp; com.sun.jmx.remote.protocol.iiop.ProxyInputStream#read_ushort() &amp; com.sun.corba.se.impl.encoding.WrapperInputStream#read_ushort()&quot; }"/>
        </annotation>
    </item>
    <item name='org.omg.CORBA.portable.InputStream void read_boolean_array(boolean[], int, int)'>
        <annotation name='com.intellij.inspections.tainted.annotation.equation.Equations'>
            <val val="{ &quot;length := com.sun.jmx.remote.protocol.iiop.ProxyInputStream#read_boolean_array(boolean[], int, int)#2&quot;, &quot;value := com.sun.jmx.remote.protocol.iiop.ProxyInputStream#read_boolean_array(boolean[], int, int)#0&quot;, &quot;offset := com.sun.jmx.remote.protocol.iiop.ProxyInputStream#read_boolean_array(boolean[], int, int)#1&quot; }"/>
        </annotation>
    </item>
    <item name='org.omg.CORBA.portable.InputStream void read_char_array(char[], int, int)'>
        <annotation name='com.intellij.inspections.tainted.annotation.equation.Equations'>
            <val val="{ &quot;offset := com.sun.jmx.remote.protocol.iiop.ProxyInputStream#read_char_array(char[], int, int)#1&quot;, &quot;value := com.sun.jmx.remote.protocol.iiop.ProxyInputStream#read_char_array(char[], int, int)#0&quot;, &quot;length := com.sun.jmx.remote.protocol.iiop.ProxyInputStream#read_char_array(char[], int, int)#2&quot; }"/>
        </annotation>
    </item>
    <item name='org.omg.CORBA.portable.InputStream void read_double_array(double[], int, int)'>
        <annotation name='com.intellij.inspections.tainted.annotation.equation.Equations'>
            <val val="{ &quot;length := com.sun.jmx.remote.protocol.iiop.ProxyInputStream#read_double_array(double[], int, int)#2&quot;, &quot;offset := com.sun.jmx.remote.protocol.iiop.ProxyInputStream#read_double_array(double[], int, int)#1&quot;, &quot;value := com.sun.jmx.remote.protocol.iiop.ProxyInputStream#read_double_array(double[], int, int)#0&quot; }"/>
        </annotation>
    </item>
    <item name='org.omg.CORBA.portable.InputStream void read_float_array(float[], int, int)'>
        <annotation name='com.intellij.inspections.tainted.annotation.equation.Equations'>
            <val val="{ &quot;value := com.sun.jmx.remote.protocol.iiop.ProxyInputStream#read_float_array(float[], int, int)#0&quot;, &quot;length := com.sun.jmx.remote.protocol.iiop.ProxyInputStream#read_float_array(float[], int, int)#2&quot;, &quot;offset := com.sun.jmx.remote.protocol.iiop.ProxyInputStream#read_float_array(float[], int, int)#1&quot; }"/>
        </annotation>
    </item>
    <item name='org.omg.CORBA.portable.InputStream void read_long_array(int[], int, int)'>
        <annotation name='com.intellij.inspections.tainted.annotation.equation.Equations'>
            <val val="{ &quot;value := com.sun.jmx.remote.protocol.iiop.ProxyInputStream#read_long_array(int[], int, int)#0&quot;, &quot;offset := com.sun.jmx.remote.protocol.iiop.ProxyInputStream#read_long_array(int[], int, int)#1&quot;, &quot;length := com.sun.jmx.remote.protocol.iiop.ProxyInputStream#read_long_array(int[], int, int)#2&quot; }"/>
        </annotation>
    </item>
    <item name='org.omg.CORBA.portable.InputStream void read_longlong_array(long[], int, int)'>
        <annotation name='com.intellij.inspections.tainted.annotation.equation.Equations'>
            <val val="{ &quot;value := com.sun.jmx.remote.protocol.iiop.ProxyInputStream#read_longlong_array(long[], int, int)#0&quot;, &quot;offset := com.sun.jmx.remote.protocol.iiop.ProxyInputStream#read_longlong_array(long[], int, int)#1&quot;, &quot;length := com.sun.jmx.remote.protocol.iiop.ProxyInputStream#read_longlong_array(long[], int, int)#2&quot; }"/>
        </annotation>
    </item>
    <item name='org.omg.CORBA.portable.InputStream void read_octet_array(byte[], int, int)'>
        <annotation name='com.intellij.inspections.tainted.annotation.equation.Equations'>
            <val val="{ &quot;offset := com.sun.jmx.remote.protocol.iiop.ProxyInputStream#read_octet_array(byte[], int, int)#1 &amp; com.sun.corba.se.impl.io.IIOPInputStream#read(byte[], int, int)#1 &amp; com.sun.corba.se.impl.io.IIOPInputStream#readFully(byte[], int, int)#1&quot;, &quot;value := com.sun.jmx.remote.protocol.iiop.ProxyInputStream#read_octet_array(byte[], int, int)#0 &amp; com.sun.corba.se.spi.servicecontext.UnknownServiceContext &amp; com.sun.corba.se.impl.io.IIOPInputStream#read(byte[], int, int)#0 &amp; com.sun.corba.se.impl.io.IIOPInputStream#readFully(byte[], int, int)#0 &amp; com.sun.corba.se.impl.ior.StubIORImpl &amp; com.sun.corba.se.impl.protocol.giopmsgheaders.RequestMessage_1_0 &amp; com.sun.corba.se.impl.protocol.giopmsgheaders.RequestMessage_1_1 &amp; com.sun.corba.se.impl.protocol.giopmsgheaders.LocateRequestMessage_1_0 &amp; com.sun.corba.se.impl.protocol.giopmsgheaders.LocateRequestMessage_1_1&quot;, &quot;length := com.sun.jmx.remote.protocol.iiop.ProxyInputStream#read_octet_array(byte[], int, int)#2 &amp; com.sun.corba.se.impl.io.IIOPInputStream#read(byte[], int, int)#2 &amp; com.sun.corba.se.impl.io.IIOPInputStream#readFully(byte[], int, int)#2 &amp; com.sun.corba.se.impl.io.IIOPInputStream#skipBytes(int)#0 &amp; com.sun.corba.se.impl.ior.StubIORImpl&quot; }"/>
        </annotation>
    </item>
    <item name='org.omg.CORBA.portable.InputStream void read_short_array(short[], int, int)'>
        <annotation name='com.intellij.inspections.tainted.annotation.equation.Equations'>
            <val val="{ &quot;value := com.sun.jmx.remote.protocol.iiop.ProxyInputStream#read_short_array(short[], int, int)#0&quot;, &quot;length := com.sun.jmx.remote.protocol.iiop.ProxyInputStream#read_short_array(short[], int, int)#2&quot;, &quot;offset := com.sun.jmx.remote.protocol.iiop.ProxyInputStream#read_short_array(short[], int, int)#1&quot; }"/>
        </annotation>
    </item>
    <item name='org.omg.CORBA.portable.InputStream void read_ulong_array(int[], int, int)'>
        <annotation name='com.intellij.inspections.tainted.annotation.equation.Equations'>
            <val val="{ &quot;length := com.sun.jmx.remote.protocol.iiop.ProxyInputStream#read_ulong_array(int[], int, int)#2&quot;, &quot;offset := com.sun.jmx.remote.protocol.iiop.ProxyInputStream#read_ulong_array(int[], int, int)#1&quot;, &quot;value := com.sun.jmx.remote.protocol.iiop.ProxyInputStream#read_ulong_array(int[], int, int)#0&quot; }"/>
        </annotation>
    </item>
    <item name='org.omg.CORBA.portable.InputStream void read_ulonglong_array(long[], int, int)'>
        <annotation name='com.intellij.inspections.tainted.annotation.equation.Equations'>
            <val val="{ &quot;offset := com.sun.jmx.remote.protocol.iiop.ProxyInputStream#read_ulonglong_array(long[], int, int)#1&quot;, &quot;length := com.sun.jmx.remote.protocol.iiop.ProxyInputStream#read_ulonglong_array(long[], int, int)#2&quot;, &quot;value := com.sun.jmx.remote.protocol.iiop.ProxyInputStream#read_ulonglong_array(long[], int, int)#0&quot; }"/>
        </annotation>
    </item>
    <item name='org.omg.CORBA.portable.InputStream void read_ushort_array(short[], int, int)'>
        <annotation name='com.intellij.inspections.tainted.annotation.equation.Equations'>
            <val val="{ &quot;value := com.sun.jmx.remote.protocol.iiop.ProxyInputStream#read_ushort_array(short[], int, int)#0&quot;, &quot;length := com.sun.jmx.remote.protocol.iiop.ProxyInputStream#read_ushort_array(short[], int, int)#2&quot;, &quot;offset := com.sun.jmx.remote.protocol.iiop.ProxyInputStream#read_ushort_array(short[], int, int)#1&quot; }"/>
        </annotation>
    </item>
    <item name='org.omg.CORBA.portable.InputStream void read_wchar_array(char[], int, int)'>
        <annotation name='com.intellij.inspections.tainted.annotation.equation.Equations'>
            <val val="{ &quot;length := com.sun.jmx.remote.protocol.iiop.ProxyInputStream#read_wchar_array(char[], int, int)#2 &amp; com.sun.corba.se.impl.io.ValueHandlerImpl#readCharArray(org.omg.CORBA_2_3.portable.InputStream, char[], int, int)#3&quot;, &quot;value := com.sun.jmx.remote.protocol.iiop.ProxyInputStream#read_wchar_array(char[], int, int)#0 &amp; com.sun.corba.se.impl.io.ValueHandlerImpl#readCharArray(org.omg.CORBA_2_3.portable.InputStream, char[], int, int)#1&quot;, &quot;offset := com.sun.jmx.remote.protocol.iiop.ProxyInputStream#read_wchar_array(char[], int, int)#1 &amp; com.sun.corba.se.impl.io.ValueHandlerImpl#readCharArray(org.omg.CORBA_2_3.portable.InputStream, char[], int, int)#2&quot; }"/>
        </annotation>
    </item>
    <item name='org.omg.CORBA.portable.InvokeHandler org.omg.CORBA.portable.OutputStream _invoke(java.lang.String, org.omg.CORBA.portable.InputStream, org.omg.CORBA.portable.ResponseHandler)'>
        <annotation name='com.intellij.inspections.tainted.annotation.equation.Equations'>
            <val val="{ &quot;_invoke := com.sun.corba.se.impl.presentation.rmi.ReflectiveTie#_invoke(java.lang.String, org.omg.CORBA.portable.InputStream, org.omg.CORBA.portable.ResponseHandler) &amp; org.omg.PortableServer.ServantLocatorPOA#_invoke(java.lang.String, org.omg.CORBA.portable.InputStream, org.omg.CORBA.portable.ResponseHandler) &amp; org.omg.CosNaming.BindingIteratorPOA#_invoke(java.lang.String, org.omg.CORBA.portable.InputStream, org.omg.CORBA.portable.ResponseHandler) &amp; org.omg.CosNaming.NamingContextPOA#_invoke(java.lang.String, org.omg.CORBA.portable.InputStream, org.omg.CORBA.portable.ResponseHandler) &amp; org.omg.PortableServer.ServantActivatorPOA#_invoke(java.lang.String, org.omg.CORBA.portable.InputStream, org.omg.CORBA.portable.ResponseHandler) &amp; org.omg.CosNaming.NamingContextExtPOA#_invoke(java.lang.String, org.omg.CORBA.portable.InputStream, org.omg.CORBA.portable.ResponseHandler)&quot; }"/>
        </annotation>
    </item>
    <item name='org.omg.CORBA.portable.ObjectImpl boolean _is_a(java.lang.String)'>
        <annotation name='com.intellij.inspections.tainted.annotation.equation.Equations'>
            <val val="{ &quot;repository_id := org.omg.CORBA.Object#_is_a(java.lang.String)#0 &amp; org.omg.CORBA.Object#_is_a(java.lang.String)#0&quot; }"/>
        </annotation>
    </item>
    <item name='org.omg.CORBA.portable.ObjectImpl boolean _is_equivalent(org.omg.CORBA.Object)'>
        <annotation name='com.intellij.inspections.tainted.annotation.equation.Equations'>
            <val val="{ &quot;that := org.omg.CORBA.Object#_is_equivalent(org.omg.CORBA.Object)#0 &amp; org.omg.CORBA.Object#_is_equivalent(org.omg.CORBA.Object)#0&quot; }"/>
        </annotation>
    </item>
    <item name='org.omg.CORBA.portable.ObjectImpl boolean equals(java.lang.Object)'>
        <annotation name='com.intellij.inspections.tainted.annotation.equation.Equations'>
            <val val="{ &quot;equals := javax.rmi.CORBA.Stub#equals(java.lang.Object)&quot; }"/>
        </annotation>
    </item>
    <item name='org.omg.CORBA.portable.ObjectImpl int _hash(int)'>
        <annotation name='com.intellij.inspections.tainted.annotation.equation.Equations'>
            <val val="{ &quot;maximum := org.omg.CORBA.Object#_hash(int)#0 &amp; org.omg.CORBA.Object#_hash(int)#0&quot; }"/>
        </annotation>
    </item>
    <item name='org.omg.CORBA.portable.ObjectImpl int hashCode()'>
        <annotation name='com.intellij.inspections.tainted.annotation.equation.Equations'>
            <val val="{ &quot;hashCode := javax.rmi.CORBA.Stub#hashCode()&quot; }"/>
        </annotation>
    </item>
    <item name='org.omg.CORBA.portable.ObjectImpl java.lang.String toString()'>
        <annotation name='com.intellij.inspections.tainted.annotation.equation.Equations'>
            <val val="{ &quot;toString := javax.rmi.CORBA.Stub#toString()&quot; }"/>
        </annotation>
    </item>
    <item name='org.omg.CORBA.portable.ObjectImpl java.lang.String[] _ids()'>
        <annotation name='com.intellij.inspections.tainted.annotation.equation.Equations'>
            <val val="{ &quot;_ids := com.sun.corba.se.impl.presentation.rmi.DynamicStubImpl#_ids() &amp; com.sun.org.omg.SendingContext._CodeBaseStub#_ids() &amp; org.omg.DynamicAny._DynUnionStub#_ids() &amp; org.omg.DynamicAny._DynEnumStub#_ids() &amp; org.omg.DynamicAny._DynAnyStub#_ids() &amp; org.omg.DynamicAny._DynArrayStub#_ids() &amp; org.omg.DynamicAny._DynFixedStub#_ids() &amp; org.omg.DynamicAny._DynAnyFactoryStub#_ids() &amp; org.omg.PortableServer._ServantLocatorStub#_ids() &amp; org.omg.DynamicAny._DynValueStub#_ids() &amp; org.omg.DynamicAny._DynStructStub#_ids() &amp; org.omg.PortableServer._ServantActivatorStub#_ids() &amp; org.omg.DynamicAny._DynSequenceStub#_ids() &amp; com.sun.corba.se.impl.oa.poa.POACurrent#_ids()&quot; }"/>
        </annotation>
    </item>
    <item name='org.omg.CORBA.portable.ObjectImpl org.omg.CORBA.Object _set_policy_override(org.omg.CORBA.Policy[], org.omg.CORBA.SetOverrideType)'>
        <annotation name='com.intellij.inspections.tainted.annotation.equation.Equations'>
            <val val="{ &quot;set_add := org.omg.CORBA.Object#_set_policy_override(org.omg.CORBA.Policy[], org.omg.CORBA.SetOverrideType)#1 &amp; org.omg.CORBA.Object#_set_policy_override(org.omg.CORBA.Policy[], org.omg.CORBA.SetOverrideType)#1&quot;, &quot;policies := org.omg.CORBA.Object#_set_policy_override(org.omg.CORBA.Policy[], org.omg.CORBA.SetOverrideType)#0 &amp; org.omg.CORBA.Object#_set_policy_override(org.omg.CORBA.Policy[], org.omg.CORBA.SetOverrideType)#0&quot; }"/>
        </annotation>
    </item>
    <item name='org.omg.CORBA.portable.ObjectImpl org.omg.CORBA.Policy _get_policy(int)'>
        <annotation name='com.intellij.inspections.tainted.annotation.equation.Equations'>
            <val val="{ &quot;policy_type := org.omg.CORBA.Object#_get_policy(int)#0 &amp; org.omg.CORBA.Object#_get_policy(int)#0&quot; }"/>
        </annotation>
    </item>
    <item name='org.omg.CORBA.portable.ObjectImpl org.omg.CORBA.Request _create_request(org.omg.CORBA.Context, java.lang.String, org.omg.CORBA.NVList, org.omg.CORBA.NamedValue)'>
        <annotation name='com.intellij.inspections.tainted.annotation.equation.Equations'>
            <val val="{ &quot;result := org.omg.CORBA.Object#_create_request(org.omg.CORBA.Context, java.lang.String, org.omg.CORBA.NVList, org.omg.CORBA.NamedValue)#3 &amp; org.omg.CORBA.Object#_create_request(org.omg.CORBA.Context, java.lang.String, org.omg.CORBA.NVList, org.omg.CORBA.NamedValue)#3&quot;, &quot;ctx := org.omg.CORBA.Object#_create_request(org.omg.CORBA.Context, java.lang.String, org.omg.CORBA.NVList, org.omg.CORBA.NamedValue)#0 &amp; org.omg.CORBA.Object#_create_request(org.omg.CORBA.Context, java.lang.String, org.omg.CORBA.NVList, org.omg.CORBA.NamedValue)#0&quot;, &quot;operation := org.omg.CORBA.Object#_create_request(org.omg.CORBA.Context, java.lang.String, org.omg.CORBA.NVList, org.omg.CORBA.NamedValue)#1 &amp; org.omg.CORBA.Object#_create_request(org.omg.CORBA.Context, java.lang.String, org.omg.CORBA.NVList, org.omg.CORBA.NamedValue)#1&quot;, &quot;arg_list := org.omg.CORBA.Object#_create_request(org.omg.CORBA.Context, java.lang.String, org.omg.CORBA.NVList, org.omg.CORBA.NamedValue)#2 &amp; org.omg.CORBA.Object#_create_request(org.omg.CORBA.Context, java.lang.String, org.omg.CORBA.NVList, org.omg.CORBA.NamedValue)#2&quot; }"/>
        </annotation>
    </item>
    <item name='org.omg.CORBA.portable.ObjectImpl org.omg.CORBA.Request _create_request(org.omg.CORBA.Context, java.lang.String, org.omg.CORBA.NVList, org.omg.CORBA.NamedValue, org.omg.CORBA.ExceptionList, org.omg.CORBA.ContextList)'>
        <annotation name='com.intellij.inspections.tainted.annotation.equation.Equations'>
            <val val="{ &quot;contexts := org.omg.CORBA.Object#_create_request(org.omg.CORBA.Context, java.lang.String, org.omg.CORBA.NVList, org.omg.CORBA.NamedValue, org.omg.CORBA.ExceptionList, org.omg.CORBA.ContextList)#5 &amp; org.omg.CORBA.Object#_create_request(org.omg.CORBA.Context, java.lang.String, org.omg.CORBA.NVList, org.omg.CORBA.NamedValue, org.omg.CORBA.ExceptionList, org.omg.CORBA.ContextList)#5&quot;, &quot;ctx := org.omg.CORBA.Object#_create_request(org.omg.CORBA.Context, java.lang.String, org.omg.CORBA.NVList, org.omg.CORBA.NamedValue, org.omg.CORBA.ExceptionList, org.omg.CORBA.ContextList)#0 &amp; org.omg.CORBA.Object#_create_request(org.omg.CORBA.Context, java.lang.String, org.omg.CORBA.NVList, org.omg.CORBA.NamedValue, org.omg.CORBA.ExceptionList, org.omg.CORBA.ContextList)#0&quot;, &quot;exceptions := org.omg.CORBA.Object#_create_request(org.omg.CORBA.Context, java.lang.String, org.omg.CORBA.NVList, org.omg.CORBA.NamedValue, org.omg.CORBA.ExceptionList, org.omg.CORBA.ContextList)#4 &amp; org.omg.CORBA.Object#_create_request(org.omg.CORBA.Context, java.lang.String, org.omg.CORBA.NVList, org.omg.CORBA.NamedValue, org.omg.CORBA.ExceptionList, org.omg.CORBA.ContextList)#4&quot;, &quot;operation := org.omg.CORBA.Object#_create_request(org.omg.CORBA.Context, java.lang.String, org.omg.CORBA.NVList, org.omg.CORBA.NamedValue, org.omg.CORBA.ExceptionList, org.omg.CORBA.ContextList)#1 &amp; org.omg.CORBA.Object#_create_request(org.omg.CORBA.Context, java.lang.String, org.omg.CORBA.NVList, org.omg.CORBA.NamedValue, org.omg.CORBA.ExceptionList, org.omg.CORBA.ContextList)#1&quot;, &quot;result := org.omg.CORBA.Object#_create_request(org.omg.CORBA.Context, java.lang.String, org.omg.CORBA.NVList, org.omg.CORBA.NamedValue, org.omg.CORBA.ExceptionList, org.omg.CORBA.ContextList)#3 &amp; org.omg.CORBA.Object#_create_request(org.omg.CORBA.Context, java.lang.String, org.omg.CORBA.NVList, org.omg.CORBA.NamedValue, org.omg.CORBA.ExceptionList, org.omg.CORBA.ContextList)#3&quot;, &quot;arg_list := org.omg.CORBA.Object#_create_request(org.omg.CORBA.Context, java.lang.String, org.omg.CORBA.NVList, org.omg.CORBA.NamedValue, org.omg.CORBA.ExceptionList, org.omg.CORBA.ContextList)#2 &amp; org.omg.CORBA.Object#_create_request(org.omg.CORBA.Context, java.lang.String, org.omg.CORBA.NVList, org.omg.CORBA.NamedValue, org.omg.CORBA.ExceptionList, org.omg.CORBA.ContextList)#2&quot; }"/>
        </annotation>
    </item>
    <item name='org.omg.CORBA.portable.ObjectImpl org.omg.CORBA.Request _request(java.lang.String)'>
        <annotation name='com.intellij.inspections.tainted.annotation.equation.Equations'>
            <val val="{ &quot;operation := org.omg.CORBA.Object#_request(java.lang.String)#0 &amp; org.omg.CORBA.Object#_request(java.lang.String)#0&quot; }"/>
        </annotation>
    </item>
    <item name='org.omg.CORBA.portable.ObjectImpl org.omg.CORBA.portable.Delegate _get_delegate()'>
        <annotation name='com.intellij.inspections.tainted.annotation.equation.Equations'>
            <val val="{ &quot;_get_delegate := ObjectImpl&quot; }"/>
        </annotation>
    </item>
    <item name='org.omg.CORBA.portable.ObjectImpl org.omg.CORBA.portable.InputStream _invoke(org.omg.CORBA.portable.OutputStream)'>
        <annotation name='com.intellij.inspections.tainted.annotation.equation.Equations'>
            <val val="{ &quot;output := &quot; }"/>
        </annotation>
    </item>
    <item name='org.omg.CORBA.portable.ObjectImpl org.omg.CORBA.portable.OutputStream _request(java.lang.String, boolean)'>
        <annotation name='com.intellij.inspections.tainted.annotation.equation.Equations'>
            <val val="{ &quot;operation := com.sun.corba.se.spi.presentation.rmi.StubAdapter#request(java.lang.Object, java.lang.String, boolean)#1 &amp; com.sun.corba.se.impl.presentation.rmi.DynamicStubImpl#request(java.lang.String, boolean)#0&quot;, &quot;responseExpected := com.sun.corba.se.spi.presentation.rmi.StubAdapter#request(java.lang.Object, java.lang.String, boolean)#2 &amp; com.sun.corba.se.impl.presentation.rmi.DynamicStubImpl#request(java.lang.String, boolean)#1&quot; }"/>
        </annotation>
    </item>
    <item name='org.omg.CORBA.portable.ObjectImpl org.omg.CORBA.portable.ServantObject _servant_preinvoke(java.lang.String, java.lang.Class)'>
        <annotation name='com.intellij.inspections.tainted.annotation.equation.Equations'>
            <val val="{ &quot;expectedType := org.omg.DynamicAny._DynAnyStub#_opsClass &amp; org.omg.DynamicAny._DynEnumStub#_opsClass &amp; org.omg.DynamicAny._DynArrayStub#_opsClass &amp; org.omg.DynamicAny._DynFixedStub#_opsClass &amp; org.omg.DynamicAny._DynUnionStub#_opsClass &amp; org.omg.DynamicAny._DynValueStub#_opsClass &amp; org.omg.DynamicAny._DynStructStub#_opsClass &amp; org.omg.DynamicAny._DynAnyFactoryStub#_opsClass &amp; org.omg.DynamicAny._DynSequenceStub#_opsClass &amp; org.omg.PortableServer._ServantLocatorStub#_opsClass &amp; org.omg.PortableServer._ServantActivatorStub#_opsClass&quot; }"/>
        </annotation>
    </item>
    <item name='org.omg.CORBA.portable.ObjectImpl void _releaseReply(org.omg.CORBA.portable.InputStream)'>
        <annotation name='com.intellij.inspections.tainted.annotation.equation.Equations'>
            <val val="{ &quot;input := &quot; }"/>
        </annotation>
    </item>
    <item name='org.omg.CORBA.portable.ObjectImpl void _servant_postinvoke(org.omg.CORBA.portable.ServantObject)'>
        <annotation name='com.intellij.inspections.tainted.annotation.equation.Equations'>
            <val val="{ &quot;servant := &quot; }"/>
        </annotation>
    </item>
    <item name='org.omg.CORBA.portable.ObjectImpl void _set_delegate(org.omg.CORBA.portable.Delegate)'>
        <annotation name='com.intellij.inspections.tainted.annotation.equation.Equations'>
            <val val="{ &quot;delegate := com.sun.jmx.remote.protocol.iiop.IIOPProxyImpl#setDelegate(java.lang.Object, java.lang.Object)#1 &amp; com.sun.corba.se.spi.presentation.rmi.StubAdapter#setDelegate(java.lang.Object, org.omg.CORBA.portable.Delegate)#1 &amp; com.sun.corba.se.impl.presentation.rmi.DynamicStubImpl#setDelegate(org.omg.CORBA.portable.Delegate)#0 &amp; org.omg.CORBA._PolicyStub#_PolicyStub(org.omg.CORBA.portable.Delegate)#0 &amp; org.omg.CORBA._IDLTypeStub#_IDLTypeStub(org.omg.CORBA.portable.Delegate)#0 &amp; com.sun.org.omg.SendingContext._CodeBaseStub#_CodeBaseStub(org.omg.CORBA.portable.Delegate)#0&quot; }"/>
        </annotation>
    </item>
    <item name='org.omg.CORBA.portable.OutputStream org.omg.CORBA.ORB orb()'>
        <annotation name='com.intellij.inspections.tainted.annotation.equation.Equations'>
            <val val="{ &quot;orb := com.sun.corba.se.impl.encoding.CDROutputStream#orb()&quot; }"/>
        </annotation>
    </item>
    <item name='org.omg.CORBA.portable.OutputStream org.omg.CORBA.portable.InputStream create_input_stream()'>
        <annotation name='com.intellij.inspections.tainted.annotation.equation.Equations'>
            <val val="{ &quot;create_input_stream := com.sun.corba.se.impl.encoding.CDROutputStream#create_input_stream()&quot; }"/>
        </annotation>
    </item>
    <item name='org.omg.CORBA.portable.OutputStream void write(int)'>
        <annotation name='com.intellij.inspections.tainted.annotation.equation.Equations'>
            <val val="{ &quot;b := java.io.OutputStream#write(int)#0 &amp; java.io.OutputStream#write(int)#0&quot; }"/>
        </annotation>
    </item>
    <item name='org.omg.CORBA.portable.OutputStream void write_Object(org.omg.CORBA.Object)'>
        <annotation name='com.intellij.inspections.tainted.annotation.equation.Equations'>
            <val val="{ &quot;value := &quot; }"/>
        </annotation>
    </item>
    <item name='org.omg.CORBA.portable.OutputStream void write_Principal(org.omg.CORBA.Principal)'>
        <annotation name='com.intellij.inspections.tainted.annotation.equation.Equations'>
            <val val="{ &quot;value := com.sun.corba.se.impl.corba.TCUtility#marshalIn(org.omg.CORBA.portable.OutputStream, org.omg.CORBA.TypeCode, long, java.lang.Object)#3 &amp; com.sun.corba.se.impl.protocol.giopmsgheaders.RequestMessage_1_0 &amp; com.sun.corba.se.impl.protocol.giopmsgheaders.RequestMessage_1_1 &amp; org.omg.CORBA.PrincipalHolder&quot; }"/>
        </annotation>
    </item>
    <item name='org.omg.CORBA.portable.OutputStream void write_TypeCode(org.omg.CORBA.TypeCode)'>
        <annotation name='com.intellij.inspections.tainted.annotation.equation.Equations'>
            <val val="{ &quot;value := com.sun.corba.se.impl.corba.TCUtility#marshalIn(org.omg.CORBA.portable.OutputStream, org.omg.CORBA.TypeCode, long, java.lang.Object)#3 &amp; com.sun.corba.se.impl.corba.TypeCodeImplHelper#write(org.omg.CORBA.portable.OutputStream, org.omg.CORBA.TypeCode)#1 &amp; org.omg.CORBA.TypeCodeHolder &amp; com.sun.corba.se.impl.corba.TypeCodeImplHelper#write(org.omg.CORBA.portable.OutputStream, com.sun.corba.se.impl.corba.TypeCodeImpl)#1&quot; }"/>
        </annotation>
    </item>
    <item name='org.omg.CORBA.portable.OutputStream void write_any(org.omg.CORBA.Any)'>
        <annotation name='com.intellij.inspections.tainted.annotation.equation.Equations'>
            <val val="{ &quot;value := com.sun.corba.se.impl.corba.TCUtility#marshalIn(org.omg.CORBA.portable.OutputStream, org.omg.CORBA.TypeCode, long, java.lang.Object)#3 &amp; com.sun.corba.se.impl.corba.AnyImplHelper#write(org.omg.CORBA.portable.OutputStream, org.omg.CORBA.Any)#1 &amp; org.omg.CORBA.AnyHolder &amp; org.omg.CORBA.AnySeqHelper#write(org.omg.CORBA.portable.OutputStream, org.omg.CORBA.Any[])#1 &amp; org.omg.DynamicAny.AnySeqHelper#write(org.omg.CORBA.portable.OutputStream, org.omg.CORBA.Any[])#1&quot; }"/>
        </annotation>
    </item>
    <item name='org.omg.CORBA.portable.OutputStream void write_boolean(boolean)'>
        <annotation name='com.intellij.inspections.tainted.annotation.equation.Equations'>
            <val val="{ &quot;value := &quot; }"/>
        </annotation>
    </item>
    <item name='org.omg.CORBA.portable.OutputStream void write_boolean_array(boolean[], int, int)'>
        <annotation name='com.intellij.inspections.tainted.annotation.equation.Equations'>
            <val val="{ &quot;value := com.sun.corba.se.impl.io.ValueHandlerImpl#write_Array(org.omg.CORBA_2_3.portable.OutputStream, java.io.Serializable, java.lang.Class)#1 &amp; org.omg.CORBA.BooleanSeqHelper#write(org.omg.CORBA.portable.OutputStream, boolean[])#1&quot; }"/>
        </annotation>
    </item>
    <item name='org.omg.CORBA.portable.OutputStream void write_char(char)'>
        <annotation name='com.intellij.inspections.tainted.annotation.equation.Equations'>
            <val val="{ &quot;value := com.sun.corba.se.impl.corba.TCUtility#marshalIn(org.omg.CORBA.portable.OutputStream, org.omg.CORBA.TypeCode, long, java.lang.Object)#2 &amp; org.omg.CORBA.CharHolder&quot; }"/>
        </annotation>
    </item>
    <item name='org.omg.CORBA.portable.OutputStream void write_char_array(char[], int, int)'>
        <annotation name='com.intellij.inspections.tainted.annotation.equation.Equations'>
            <val val="{ &quot;value := org.omg.CORBA.CharSeqHelper#write(org.omg.CORBA.portable.OutputStream, char[])#1&quot; }"/>
        </annotation>
    </item>
    <item name='org.omg.CORBA.portable.OutputStream void write_double(double)'>
        <annotation name='com.intellij.inspections.tainted.annotation.equation.Equations'>
            <val val="{ &quot;value := com.sun.corba.se.impl.io.IIOPOutputStream#writeDouble(double)#0 &amp; org.omg.CORBA.DoubleHolder&quot; }"/>
        </annotation>
    </item>
    <item name='org.omg.CORBA.portable.OutputStream void write_double_array(double[], int, int)'>
        <annotation name='com.intellij.inspections.tainted.annotation.equation.Equations'>
            <val val="{ &quot;value := com.sun.corba.se.impl.io.ValueHandlerImpl#write_Array(org.omg.CORBA_2_3.portable.OutputStream, java.io.Serializable, java.lang.Class)#1 &amp; org.omg.CORBA.DoubleSeqHelper#write(org.omg.CORBA.portable.OutputStream, double[])#1&quot; }"/>
        </annotation>
    </item>
    <item name='org.omg.CORBA.portable.OutputStream void write_fixed(java.math.BigDecimal)'>
        <annotation name='com.intellij.inspections.tainted.annotation.equation.Equations'>
            <val val="{ &quot;value := com.sun.corba.se.impl.corba.TCUtility#marshalIn(org.omg.CORBA.portable.OutputStream, org.omg.CORBA.TypeCode, long, java.lang.Object)#3 &amp; org.omg.CORBA.FixedHolder&quot; }"/>
        </annotation>
    </item>
    <item name='org.omg.CORBA.portable.OutputStream void write_float(float)'>
        <annotation name='com.intellij.inspections.tainted.annotation.equation.Equations'>
            <val val="{ &quot;value := com.sun.corba.se.impl.io.IIOPOutputStream#writeFloat(float)#0 &amp; org.omg.CORBA.FloatHolder&quot; }"/>
        </annotation>
    </item>
    <item name='org.omg.CORBA.portable.OutputStream void write_float_array(float[], int, int)'>
        <annotation name='com.intellij.inspections.tainted.annotation.equation.Equations'>
            <val val="{ &quot;value := com.sun.corba.se.impl.io.ValueHandlerImpl#write_Array(org.omg.CORBA_2_3.portable.OutputStream, java.io.Serializable, java.lang.Class)#1 &amp; org.omg.CORBA.FloatSeqHelper#write(org.omg.CORBA.portable.OutputStream, float[])#1&quot; }"/>
        </annotation>
    </item>
    <item name='org.omg.CORBA.portable.OutputStream void write_long(int)'>
        <annotation name='com.intellij.inspections.tainted.annotation.equation.Equations'>
            <val val="{ &quot;value := com.sun.corba.se.impl.dynamicany.DynSequenceImpl&quot; }"/>
        </annotation>
    </item>
    <item name='org.omg.CORBA.portable.OutputStream void write_long_array(int[], int, int)'>
        <annotation name='com.intellij.inspections.tainted.annotation.equation.Equations'>
            <val val="{ &quot;value := com.sun.corba.se.impl.io.ValueHandlerImpl#write_Array(org.omg.CORBA_2_3.portable.OutputStream, java.io.Serializable, java.lang.Class)#1 &amp; org.omg.CORBA.LongSeqHelper#write(org.omg.CORBA.portable.OutputStream, int[])#1&quot; }"/>
        </annotation>
    </item>
    <item name='org.omg.CORBA.portable.OutputStream void write_longlong(long)'>
        <annotation name='com.intellij.inspections.tainted.annotation.equation.Equations'>
            <val val="{ &quot;value := com.sun.corba.se.impl.io.IIOPOutputStream#writeLong(long)#0 &amp; com.sun.corba.se.impl.corba.TCUtility#marshalIn(org.omg.CORBA.portable.OutputStream, org.omg.CORBA.TypeCode, long, java.lang.Object)#2 &amp; org.omg.CORBA.LongHolder&quot; }"/>
        </annotation>
    </item>
    <item name='org.omg.CORBA.portable.OutputStream void write_longlong_array(long[], int, int)'>
        <annotation name='com.intellij.inspections.tainted.annotation.equation.Equations'>
            <val val="{ &quot;value := com.sun.corba.se.impl.io.ValueHandlerImpl#write_Array(org.omg.CORBA_2_3.portable.OutputStream, java.io.Serializable, java.lang.Class)#1 &amp; org.omg.CORBA.LongLongSeqHelper#write(org.omg.CORBA.portable.OutputStream, long[])#1&quot; }"/>
        </annotation>
    </item>
    <item name='org.omg.CORBA.portable.OutputStream void write_octet(byte)'>
        <annotation name='com.intellij.inspections.tainted.annotation.equation.Equations'>
            <val val="{ &quot;value := com.sun.corba.se.spi.ior.iiop.GIOPVersion &amp; com.sun.corba.se.spi.servicecontext.MaxStreamFormatVersionServiceContext &amp; com.sun.corba.se.impl.io.IIOPOutputStream#write(int)#0 &amp; com.sun.corba.se.impl.io.IIOPOutputStream#writeByte(int)#0 &amp; com.sun.corba.se.impl.io.IIOPOutputStream &amp; com.sun.corba.se.impl.ior.iiop.JavaSerializationComponent &amp; com.sun.corba.se.impl.ior.iiop.MaxStreamFormatVersionComponentImpl &amp; com.sun.corba.se.impl.ior.OldJIDLObjectKeyTemplate &amp; com.sun.corba.se.impl.orb.ORBVersionImpl &amp; com.sun.corba.se.impl.corba.TCUtility#marshalIn(org.omg.CORBA.portable.OutputStream, org.omg.CORBA.TypeCode, long, java.lang.Object)#2 &amp; com.sun.corba.se.impl.protocol.giopmsgheaders.Message_1_0 &amp; com.sun.corba.se.impl.protocol.giopmsgheaders.Message_1_1 &amp; com.sun.corba.se.impl.protocol.giopmsgheaders.RequestMessage_1_1 &amp; com.sun.corba.se.impl.protocol.giopmsgheaders.RequestMessage_1_2 &amp; org.omg.CORBA.ByteHolder&quot; }"/>
        </annotation>
    </item>
    <item name='org.omg.CORBA.portable.OutputStream void write_octet_array(byte[], int, int)'>
        <annotation name='com.intellij.inspections.tainted.annotation.equation.Equations'>
            <val val="{ &quot;offset := com.sun.corba.se.impl.io.IIOPOutputStream#write(byte[], int, int)#1&quot;, &quot;length := com.sun.corba.se.spi.servicecontext.UnknownServiceContext &amp; com.sun.corba.se.impl.io.IIOPOutputStream#write(byte[], int, int)#2 &amp; com.sun.corba.se.impl.ior.ObjectIdImpl &amp; com.sun.corba.se.impl.ior.StubIORImpl &amp; com.sun.corba.se.impl.ior.GenericIdentifiable &amp; com.sun.corba.se.impl.corba.TypeCodeImpl &amp; com.sun.corba.se.impl.protocol.giopmsgheaders.RequestMessage_1_0 &amp; com.sun.corba.se.impl.protocol.giopmsgheaders.RequestMessage_1_1 &amp; com.sun.corba.se.impl.protocol.giopmsgheaders.LocateRequestMessage_1_0 &amp; com.sun.corba.se.impl.protocol.giopmsgheaders.LocateRequestMessage_1_1&quot;, &quot;value := com.sun.corba.se.spi.servicecontext.UnknownServiceContext &amp; com.sun.corba.se.impl.io.IIOPOutputStream#write(byte[])#0 &amp; com.sun.corba.se.impl.io.IIOPOutputStream#write(byte[], int, int)#0 &amp; com.sun.corba.se.impl.io.ValueHandlerImpl#write_Array(org.omg.CORBA_2_3.portable.OutputStream, java.io.Serializable, java.lang.Class)#1 &amp; com.sun.corba.se.impl.ior.ObjectIdImpl &amp; com.sun.corba.se.impl.ior.StubIORImpl &amp; com.sun.corba.se.impl.ior.GenericIdentifiable &amp; com.sun.corba.se.impl.corba.TypeCodeImpl &amp; com.sun.corba.se.impl.protocol.giopmsgheaders.RequestMessage_1_0 &amp; com.sun.corba.se.impl.protocol.giopmsgheaders.RequestMessage_1_1 &amp; com.sun.corba.se.impl.protocol.giopmsgheaders.LocateRequestMessage_1_0 &amp; com.sun.corba.se.impl.protocol.giopmsgheaders.LocateRequestMessage_1_1 &amp; org.omg.CORBA.OctetSeqHelper#write(org.omg.CORBA.portable.OutputStream, byte[])#1&quot; }"/>
        </annotation>
    </item>
    <item name='org.omg.CORBA.portable.OutputStream void write_short(short)'>
        <annotation name='com.intellij.inspections.tainted.annotation.equation.Equations'>
            <val val="{ &quot;value := com.sun.corba.se.impl.io.IIOPOutputStream#writeShort(int)#0 &amp; com.sun.corba.se.impl.corba.TCUtility#marshalIn(org.omg.CORBA.portable.OutputStream, org.omg.CORBA.TypeCode, long, java.lang.Object)#2 &amp; com.sun.corba.se.impl.protocol.giopmsgheaders.AddressingDispositionHelper#write(org.omg.CORBA.portable.OutputStream, short)#1 &amp; org.omg.CORBA.ShortHolder &amp; org.omg.CORBA.VisibilityHelper#write(org.omg.CORBA.portable.OutputStream, short)#1 &amp; org.omg.CORBA.PolicyErrorCodeHelper#write(org.omg.CORBA.portable.OutputStream, short)#1 &amp; org.omg.Messaging.SyncScopeHelper#write(org.omg.CORBA.portable.OutputStream, short)#1 &amp; org.omg.PortableInterceptor.AdapterStateHelper#write(org.omg.CORBA.portable.OutputStream, short)#1&quot; }"/>
        </annotation>
    </item>
    <item name='org.omg.CORBA.portable.OutputStream void write_short_array(short[], int, int)'>
        <annotation name='com.intellij.inspections.tainted.annotation.equation.Equations'>
            <val val="{ &quot;value := com.sun.corba.se.impl.io.ValueHandlerImpl#write_Array(org.omg.CORBA_2_3.portable.OutputStream, java.io.Serializable, java.lang.Class)#1 &amp; org.omg.CORBA.ShortSeqHelper#write(org.omg.CORBA.portable.OutputStream, short[])#1&quot; }"/>
        </annotation>
    </item>
    <item name='org.omg.CORBA.portable.OutputStream void write_string(java.lang.String)'>
        <annotation name='com.intellij.inspections.tainted.annotation.equation.Equations'>
            <val val="{ &quot;value := com.sun.org.omg.CORBA.RepositoryIdHelper#write(org.omg.CORBA.portable.OutputStream, java.lang.String)#1&quot; }"/>
        </annotation>
    </item>
    <item name='org.omg.CORBA.portable.OutputStream void write_ulong(int)'>
        <annotation name='com.intellij.inspections.tainted.annotation.equation.Equations'>
            <val val="{ &quot;value := com.sun.corba.se.impl.ior.iiop.ORBTypeComponentImpl &amp; com.sun.corba.se.impl.ior.iiop.RequestPartitioningComponentImpl &amp; com.sun.corba.se.impl.ior.GenericIdentifiable &amp; com.sun.corba.se.impl.corba.TCUtility#marshalIn(org.omg.CORBA.portable.OutputStream, org.omg.CORBA.TypeCode, long, java.lang.Object)#2 &amp; com.sun.corba.se.impl.protocol.giopmsgheaders.Message_1_0 &amp; com.sun.corba.se.impl.protocol.giopmsgheaders.Message_1_1 &amp; com.sun.corba.se.impl.protocol.giopmsgheaders.ReplyMessage_1_0 &amp; com.sun.corba.se.impl.protocol.giopmsgheaders.ReplyMessage_1_1 &amp; com.sun.corba.se.impl.protocol.giopmsgheaders.ReplyMessage_1_2 &amp; com.sun.corba.se.impl.protocol.giopmsgheaders.RequestMessage_1_0 &amp; com.sun.corba.se.impl.protocol.giopmsgheaders.RequestMessage_1_1 &amp; com.sun.corba.se.impl.protocol.giopmsgheaders.RequestMessage_1_2 &amp; com.sun.corba.se.impl.protocol.giopmsgheaders.FragmentMessage_1_2 &amp; com.sun.corba.se.impl.protocol.giopmsgheaders.LocateReplyMessage_1_1 &amp; com.sun.corba.se.impl.protocol.giopmsgheaders.LocateReplyMessage_1_0 &amp; com.sun.corba.se.impl.protocol.giopmsgheaders.LocateReplyMessage_1_2 &amp; com.sun.corba.se.impl.protocol.giopmsgheaders.CancelRequestMessage_1_0 &amp; com.sun.corba.se.impl.protocol.giopmsgheaders.CancelRequestMessage_1_1 &amp; com.sun.corba.se.impl.protocol.giopmsgheaders.CancelRequestMessage_1_2 &amp; com.sun.corba.se.impl.protocol.giopmsgheaders.LocateRequestMessage_1_2 &amp; com.sun.corba.se.impl.protocol.giopmsgheaders.LocateRequestMessage_1_0 &amp; com.sun.corba.se.impl.protocol.giopmsgheaders.LocateRequestMessage_1_1 &amp; org.omg.IOP.ProfileIdHelper#write(org.omg.CORBA.portable.OutputStream, int)#1 &amp; org.omg.IOP.ServiceIdHelper#write(org.omg.CORBA.portable.OutputStream, int)#1 &amp; org.omg.IOP.ComponentIdHelper#write(org.omg.CORBA.portable.OutputStream, int)#1 &amp; org.omg.CORBA.PolicyTypeHelper#write(org.omg.CORBA.portable.OutputStream, int)#1 &amp; org.omg.CosNaming._NamingContextStub#list(int, org.omg.CosNaming.BindingListHolder, org.omg.CosNaming.BindingIteratorHolder)#0 &amp; org.omg.CosNaming._BindingIteratorStub#next_n(int, org.omg.CosNaming.BindingListHolder)#0 &amp; org.omg.CosNaming._NamingContextExtStub#list(int, org.omg.CosNaming.BindingListHolder, org.omg.CosNaming.BindingIteratorHolder)#0&quot; }"/>
        </annotation>
    </item>
    <item name='org.omg.CORBA.portable.OutputStream void write_ulong_array(int[], int, int)'>
        <annotation name='com.intellij.inspections.tainted.annotation.equation.Equations'>
            <val val="{ &quot;value := org.omg.CORBA.ULongSeqHelper#write(org.omg.CORBA.portable.OutputStream, int[])#1&quot; }"/>
        </annotation>
    </item>
    <item name='org.omg.CORBA.portable.OutputStream void write_ulonglong(long)'>
        <annotation name='com.intellij.inspections.tainted.annotation.equation.Equations'>
            <val val="{ &quot;value := com.sun.corba.se.impl.corba.TCUtility#marshalIn(org.omg.CORBA.portable.OutputStream, org.omg.CORBA.TypeCode, long, java.lang.Object)#2&quot; }"/>
        </annotation>
    </item>
    <item name='org.omg.CORBA.portable.OutputStream void write_ulonglong_array(long[], int, int)'>
        <annotation name='com.intellij.inspections.tainted.annotation.equation.Equations'>
            <val val="{ &quot;value := org.omg.CORBA.ULongLongSeqHelper#write(org.omg.CORBA.portable.OutputStream, long[])#1&quot; }"/>
        </annotation>
    </item>
    <item name='org.omg.CORBA.portable.OutputStream void write_ushort(short)'>
        <annotation name='com.intellij.inspections.tainted.annotation.equation.Equations'>
            <val val="{ &quot;value := com.sun.corba.se.impl.corba.TCUtility#marshalIn(org.omg.CORBA.portable.OutputStream, org.omg.CORBA.TypeCode, long, java.lang.Object)#2&quot; }"/>
        </annotation>
    </item>
    <item name='org.omg.CORBA.portable.OutputStream void write_ushort_array(short[], int, int)'>
        <annotation name='com.intellij.inspections.tainted.annotation.equation.Equations'>
            <val val="{ &quot;value := org.omg.CORBA.UShortSeqHelper#write(org.omg.CORBA.portable.OutputStream, short[])#1&quot; }"/>
        </annotation>
    </item>
    <item name='org.omg.CORBA.portable.OutputStream void write_wchar(char)'>
        <annotation name='com.intellij.inspections.tainted.annotation.equation.Equations'>
            <val val="{ &quot;value := com.sun.corba.se.impl.io.IIOPOutputStream#writeChar(int)#0 &amp; com.sun.corba.se.impl.corba.TCUtility#marshalIn(org.omg.CORBA.portable.OutputStream, org.omg.CORBA.TypeCode, long, java.lang.Object)#2&quot; }"/>
        </annotation>
    </item>
    <item name='org.omg.CORBA.portable.OutputStream void write_wchar_array(char[], int, int)'>
        <annotation name='com.intellij.inspections.tainted.annotation.equation.Equations'>
            <val val="{ &quot;value := com.sun.corba.se.impl.io.ValueHandlerImpl#writeCharArray(org.omg.CORBA_2_3.portable.OutputStream, char[], int, int)#1 &amp; org.omg.CORBA.WCharSeqHelper#write(org.omg.CORBA.portable.OutputStream, char[])#1&quot;, &quot;offset := com.sun.corba.se.impl.io.ValueHandlerImpl#writeCharArray(org.omg.CORBA_2_3.portable.OutputStream, char[], int, int)#2&quot;, &quot;length := com.sun.corba.se.impl.io.ValueHandlerImpl#writeCharArray(org.omg.CORBA_2_3.portable.OutputStream, char[], int, int)#3&quot; }"/>
        </annotation>
    </item>
    <item name='org.omg.CORBA.portable.OutputStream void write_wstring(java.lang.String)'>
        <annotation name='com.intellij.inspections.tainted.annotation.equation.Equations'>
            <val val="{ &quot;value := com.sun.corba.se.impl.io.IIOPOutputStream#internalWriteUTF(org.omg.CORBA.portable.OutputStream, java.lang.String)#1 &amp; com.sun.corba.se.impl.corba.TCUtility#marshalIn(org.omg.CORBA.portable.OutputStream, org.omg.CORBA.TypeCode, long, java.lang.Object)#3 &amp; org.omg.CORBA.WStringSeqHelper#write(org.omg.CORBA.portable.OutputStream, java.lang.String[])#1 &amp; org.omg.CORBA.WStringValueHelper#write_value(org.omg.CORBA.portable.OutputStream, java.io.Serializable)#1&quot; }"/>
        </annotation>
    </item>
    <item name='org.omg.CORBA.portable.ResponseHandler org.omg.CORBA.portable.OutputStream createExceptionReply()'>
        <annotation name='com.intellij.inspections.tainted.annotation.equation.Equations'>
            <val val="{ &quot;createExceptionReply := com.sun.corba.se.spi.protocol.CorbaMessageMediator#createExceptionReply()&quot; }"/>
        </annotation>
    </item>
    <item name='org.omg.CORBA.portable.ResponseHandler org.omg.CORBA.portable.OutputStream createReply()'>
        <annotation name='com.intellij.inspections.tainted.annotation.equation.Equations'>
            <val val="{ &quot;createReply := com.sun.corba.se.spi.protocol.CorbaMessageMediator#createReply()&quot; }"/>
        </annotation>
    </item>
    <item name='org.omg.CORBA.portable.Streamable org.omg.CORBA.TypeCode _type()'>
        <annotation name='com.intellij.inspections.tainted.annotation.equation.Equations'>
            <val val="{ &quot;_type := com.sun.corba.se.impl.ior.ObjectReferenceTemplateImpl#_type() &amp; com.sun.corba.se.impl.ior.ObjectReferenceFactoryImpl#_type() &amp; org.omg.PortableInterceptor.ObjectReferenceFactoryHolder#_type() &amp; org.omg.CORBA.WStringSeqHolder#_type() &amp; org.omg.CORBA.ByteHolder#_type() &amp; org.omg.CORBA.TypeCodeHolder#_type() &amp; org.omg.CORBA.ValueBaseHolder#_type() &amp; org.omg.CORBA.AnyHolder#_type() &amp; org.omg.CORBA.WCharSeqHolder#_type() &amp; org.omg.CORBA.LongHolder#_type() &amp; org.omg.CORBA.ShortHolder#_type() &amp; org.omg.CORBA.FixedHolder#_type() &amp; org.omg.CORBA.PrincipalHolder#_type() &amp; org.omg.CORBA.FloatSeqHolder#_type() &amp; org.omg.CORBA.DoubleSeqHolder#_type() &amp; org.omg.CORBA.ULongLongSeqHolder#_type() &amp; org.omg.CORBA.ULongSeqHolder#_type() &amp; org.omg.CORBA.CharHolder#_type() &amp; org.omg.CORBA.ShortSeqHolder#_type() &amp; org.omg.CORBA.CharSeqHolder#_type() &amp; org.omg.CORBA.LongSeqHolder#_type() &amp; org.omg.CORBA.LongLongSeqHolder#_type() &amp; org.omg.CORBA.FloatHolder#_type() &amp; org.omg.CORBA.DoubleHolder#_type() &amp; org.omg.CORBA.OctetSeqHolder#_type() &amp; org.omg.CORBA.UShortSeqHolder#_type() &amp; org.omg.CORBA.BooleanSeqHolder#_type() &amp; org.omg.CORBA.AnySeqHolder#_type()&quot; }"/>
        </annotation>
    </item>
    <item name='org.omg.CORBA.portable.Streamable void _read(org.omg.CORBA.portable.InputStream)'>
        <annotation name='com.intellij.inspections.tainted.annotation.equation.Equations'>
            <val val="{ &quot;istream := com.sun.corba.se.impl.corba.TCUtility#unmarshalIn(org.omg.CORBA.portable.InputStream, org.omg.CORBA.TypeCode, long[], java.lang.Object[])#0 &amp; com.sun.corba.se.impl.encoding.CDRInputStream_1_0&quot; }"/>
        </annotation>
    </item>
    <item name='org.omg.CORBA.portable.Streamable void _write(org.omg.CORBA.portable.OutputStream)'>
        <annotation name='com.intellij.inspections.tainted.annotation.equation.Equations'>
            <val val="{ &quot;ostream := com.sun.corba.se.impl.corba.TCUtility#marshalIn(org.omg.CORBA.portable.OutputStream, org.omg.CORBA.TypeCode, long, java.lang.Object)#0 &amp; com.sun.corba.se.impl.encoding.CDROutputStream_1_0&quot; }"/>
        </annotation>
    </item>
    <item name='org.omg.CORBA.portable.ValueBase java.lang.String[] _truncatable_ids()'>
        <annotation name='com.intellij.inspections.tainted.annotation.equation.Equations'>
            <val val="{ &quot;_truncatable_ids := com.sun.corba.se.impl.ior.ObjectReferenceTemplateImpl#_truncatable_ids() &amp; com.sun.corba.se.impl.ior.ObjectReferenceFactoryImpl#_truncatable_ids() &amp; com.sun.corba.se.impl.encoding.CDRInputStream#_truncatable_ids() &amp; com.sun.corba.se.impl.encoding.CDROutputStream#_truncatable_ids()&quot; }"/>
        </annotation>
    </item>
    <item name='org.omg.CORBA.portable.ValueOutputStream void start_value(java.lang.String)'>
        <annotation name='com.intellij.inspections.tainted.annotation.equation.Equations'>
            <val val="{ &quot;rep_id := &quot; }"/>
        </annotation>
    </item>
</root>