<root>
    <item name='javax.swing.table.AbstractTableModel'>
        <annotation name='com.intellij.inspections.tainted.annotation.equation.Equations'>
            <val val="{ &quot;AbstractTableModel := &quot; }"/>
        </annotation>
    </item>
    <item name='javax.swing.table.AbstractTableModel boolean isCellEditable(int, int)'>
        <annotation name='com.intellij.inspections.tainted.annotation.equation.Equations'>
            <val val="{ &quot;columnIndex := sun.swing.FilePane.DetailsTableModel#isCellEditable(int, int)#1 &amp; DefaultTableModel#isCellEditable(int, int)#1&quot;, &quot;rowIndex := sun.swing.FilePane.DetailsTableModel#isCellEditable(int, int)#0 &amp; DefaultTableModel#isCellEditable(int, int)#0&quot; }"/>
        </annotation>
    </item>
    <item name='javax.swing.table.AbstractTableModel java.lang.String getColumnName(int)'>
        <annotation name='com.intellij.inspections.tainted.annotation.equation.Equations'>
            <val val="{ &quot;column := DefaultTableModel#getColumnName(int)#0&quot;, &quot;getColumnName := column &amp; DefaultTableModel#getColumnName(int)&quot; }"/>
        </annotation>
    </item>
    <item name='javax.swing.table.AbstractTableModel void addTableModelListener(javax.swing.event.TableModelListener)'>
        <annotation name='com.intellij.inspections.tainted.annotation.equation.Equations'>
            <val val="{ &quot;l := sun.swing.FilePane.SortableListModel &amp; sun.swing.FilePane.SortableListModel&quot; }"/>
        </annotation>
    </item>
    <item name='javax.swing.table.AbstractTableModel void fireTableCellUpdated(int, int)'>
        <annotation name='com.intellij.inspections.tainted.annotation.equation.Equations'>
            <val val="{ &quot;row := DefaultTableModel#setValueAt(java.lang.Object, int, int)#1&quot;, &quot;column := DefaultTableModel#setValueAt(java.lang.Object, int, int)#2&quot; }"/>
        </annotation>
    </item>
    <item name='javax.swing.table.AbstractTableModel void fireTableChanged(javax.swing.event.TableModelEvent)'>
        <annotation name='com.intellij.inspections.tainted.annotation.equation.Equations'>
            <val val="{ &quot;e := DefaultTableModel#newDataAvailable(javax.swing.event.TableModelEvent)#0 &amp; DefaultTableModel#newRowsAdded(javax.swing.event.TableModelEvent)#0 &amp; DefaultTableModel#rowsRemoved(javax.swing.event.TableModelEvent)#0&quot; }"/>
        </annotation>
    </item>
    <item name='javax.swing.table.AbstractTableModel void fireTableRowsDeleted(int, int)'>
        <annotation name='com.intellij.inspections.tainted.annotation.equation.Equations'>
            <val val="{ &quot;lastRow := DefaultTableModel#removeRow(int)#0&quot;, &quot;firstRow := DefaultTableModel#removeRow(int)#0 &amp; DefaultTableModel#setNumRows(int)#0&quot; }"/>
        </annotation>
    </item>
    <item name='javax.swing.table.AbstractTableModel void fireTableRowsInserted(int, int)'>
        <annotation name='com.intellij.inspections.tainted.annotation.equation.Equations'>
            <val val="{ &quot;firstRow := DefaultTableModel#insertRow(int, java.util.Vector)#0&quot;, &quot;lastRow := DefaultTableModel#setNumRows(int)#0 &amp; DefaultTableModel#insertRow(int, java.util.Vector)#0&quot; }"/>
        </annotation>
    </item>
    <item name='javax.swing.table.AbstractTableModel void fireTableRowsUpdated(int, int)'>
        <annotation name='com.intellij.inspections.tainted.annotation.equation.Equations'>
            <val val="{ &quot;firstRow := DefaultTableModel#moveRow(int, int, int)#2 &amp; DefaultTableModel#moveRow(int, int, int)#0&quot;, &quot;lastRow := DefaultTableModel#moveRow(int, int, int)#1 &amp; DefaultTableModel#moveRow(int, int, int)#2 &amp; DefaultTableModel#moveRow(int, int, int)#0&quot; }"/>
        </annotation>
    </item>
    <item name='javax.swing.table.AbstractTableModel void setValueAt(java.lang.Object, int, int)'>
        <annotation name='com.intellij.inspections.tainted.annotation.equation.Equations'>
            <val val="{ &quot;aValue := DefaultTableModel#setValueAt(java.lang.Object, int, int)#0 &amp; sun.swing.FilePane.DetailsTableModel#setValueAt(java.lang.Object, int, int)#0&quot;, &quot;rowIndex := DefaultTableModel#setValueAt(java.lang.Object, int, int)#1 &amp; sun.swing.FilePane.DetailsTableModel#setValueAt(java.lang.Object, int, int)#1&quot;, &quot;columnIndex := DefaultTableModel#setValueAt(java.lang.Object, int, int)#2 &amp; sun.swing.FilePane.DetailsTableModel#setValueAt(java.lang.Object, int, int)#2&quot; }"/>
        </annotation>
    </item>
    <item name='javax.swing.table.DefaultTableCellRenderer'>
        <annotation name='com.intellij.inspections.tainted.annotation.equation.Equations'>
            <val val="{ &quot;DefaultTableCellRenderer := #DEFAULT_NO_FOCUS_BORDER &amp; DefaultTableCellRenderer.UIResource&quot; }"/>
        </annotation>
    </item>
    <item name='javax.swing.table.DefaultTableCellRenderer DefaultTableCellRenderer()'>
        <annotation name='com.intellij.inspections.tainted.annotation.equation.Equations'>
            <val val="{ &quot;DefaultTableCellRenderer := DefaultTableCellRenderer&quot; }"/>
        </annotation>
    </item>
    <item name='javax.swing.table.DefaultTableCellRenderer java.awt.Component getTableCellRendererComponent(javax.swing.JTable, java.lang.Object, boolean, boolean, int, int)'>
        <annotation name='com.intellij.inspections.tainted.annotation.equation.Equations'>
            <val val="{ &quot;column := sun.swing.FilePane.DetailsTableCellRenderer#getTableCellRendererComponent(javax.swing.JTable, java.lang.Object, boolean, boolean, int, int)#5 &amp; javax.swing.plaf.synth.SynthTableUI.SynthTableCellRenderer#getTableCellRendererComponent(javax.swing.JTable, java.lang.Object, boolean, boolean, int, int)#5 &amp; sun.swing.table.DefaultTableCellHeaderRenderer#getTableCellRendererComponent(javax.swing.JTable, java.lang.Object, boolean, boolean, int, int)#5&quot;, &quot;table := sun.swing.FilePane.DetailsTableCellRenderer#getTableCellRendererComponent(javax.swing.JTable, java.lang.Object, boolean, boolean, int, int)#0 &amp; javax.swing.plaf.synth.SynthTableUI.SynthTableCellRenderer#getTableCellRendererComponent(javax.swing.JTable, java.lang.Object, boolean, boolean, int, int)#0 &amp; sun.swing.table.DefaultTableCellHeaderRenderer#getTableCellRendererComponent(javax.swing.JTable, java.lang.Object, boolean, boolean, int, int)#0&quot;, &quot;getTableCellRendererComponent := sun.swing.FilePane.DetailsTableCellRenderer#getTableCellRendererComponent(javax.swing.JTable, java.lang.Object, boolean, boolean, int, int) &amp; javax.swing.plaf.synth.SynthTableUI.SynthTableCellRenderer#getTableCellRendererComponent(javax.swing.JTable, java.lang.Object, boolean, boolean, int, int) &amp; sun.swing.table.DefaultTableCellHeaderRenderer#getTableCellRendererComponent(javax.swing.JTable, java.lang.Object, boolean, boolean, int, int)&quot;, &quot;row := sun.swing.FilePane.DetailsTableCellRenderer#getTableCellRendererComponent(javax.swing.JTable, java.lang.Object, boolean, boolean, int, int)#4 &amp; javax.swing.plaf.synth.SynthTableUI.SynthTableCellRenderer#getTableCellRendererComponent(javax.swing.JTable, java.lang.Object, boolean, boolean, int, int)#4 &amp; sun.swing.table.DefaultTableCellHeaderRenderer#getTableCellRendererComponent(javax.swing.JTable, java.lang.Object, boolean, boolean, int, int)#4&quot;, &quot;value := sun.swing.FilePane.DetailsTableCellRenderer#getTableCellRendererComponent(javax.swing.JTable, java.lang.Object, boolean, boolean, int, int)#1 &amp; javax.swing.plaf.synth.SynthTableUI.SynthTableCellRenderer#getTableCellRendererComponent(javax.swing.JTable, java.lang.Object, boolean, boolean, int, int)#1 &amp; sun.swing.table.DefaultTableCellHeaderRenderer#getTableCellRendererComponent(javax.swing.JTable, java.lang.Object, boolean, boolean, int, int)#1&quot; }"/>
        </annotation>
    </item>
    <item name='javax.swing.table.DefaultTableCellRenderer javax.swing.border.Border getNoFocusBorder()'>
        <annotation name='com.intellij.inspections.tainted.annotation.equation.Equations'>
            <val val="{ &quot;getNoFocusBorder := #SAFE_NO_FOCUS_BORDER &amp; DefaultTableCellRenderer&quot; }"/>
        </annotation>
    </item>
    <item name='javax.swing.table.DefaultTableCellRenderer void setBackground(java.awt.Color)'>
        <annotation name='com.intellij.inspections.tainted.annotation.equation.Equations'>
            <val val="{ &quot;c := &quot; }"/>
        </annotation>
    </item>
    <item name='javax.swing.table.DefaultTableCellRenderer void setForeground(java.awt.Color)'>
        <annotation name='com.intellij.inspections.tainted.annotation.equation.Equations'>
            <val val="{ &quot;c := &quot; }"/>
        </annotation>
    </item>
    <item name='javax.swing.table.DefaultTableCellRenderer void setValue(java.lang.Object)'>
        <annotation name='com.intellij.inspections.tainted.annotation.equation.Equations'>
            <val val="{ &quot;value := #getTableCellRendererComponent(javax.swing.JTable, java.lang.Object, boolean, boolean, int, int)#1 &amp; javax.swing.JTable.DoubleRenderer#setValue(java.lang.Object)#0 &amp; javax.swing.JTable.DateRenderer#setValue(java.lang.Object)#0 &amp; javax.swing.JTable.IconRenderer#setValue(java.lang.Object)#0&quot; }"/>
        </annotation>
    </item>
    <item name='javax.swing.table.DefaultTableCellRenderer.UIResource'>
        <annotation name='com.intellij.inspections.tainted.annotation.equation.Equations'>
            <val val="{ &quot;UIResource := javax.swing.JTable.NumberRenderer &amp; javax.swing.JTable.DateRenderer &amp; javax.swing.JTable.IconRenderer&quot; }"/>
        </annotation>
    </item>
    <item name='javax.swing.table.DefaultTableColumnModel'>
        <annotation name='com.intellij.inspections.tainted.annotation.equation.Equations'>
            <val val="{ &quot;DefaultTableColumnModel := #setColumnMargin(int)#0&quot; }"/>
        </annotation>
    </item>
    <item name='javax.swing.table.DefaultTableColumnModel DefaultTableColumnModel()'>
        <annotation name='com.intellij.inspections.tainted.annotation.equation.Equations'>
            <val val="{ &quot;DefaultTableColumnModel := DefaultTableColumnModel&quot; }"/>
        </annotation>
    </item>
    <item name='javax.swing.table.DefaultTableColumnModel int getColumnMargin()'>
        <annotation name='com.intellij.inspections.tainted.annotation.equation.Equations'>
            <val val="{ &quot;getColumnMargin := DefaultTableColumnModel&quot; }"/>
        </annotation>
    </item>
    <item name='javax.swing.table.DefaultTableColumnModel int getTotalColumnWidth()'>
        <annotation name='com.intellij.inspections.tainted.annotation.equation.Equations'>
            <val val="{ &quot;getTotalColumnWidth := DefaultTableColumnModel&quot; }"/>
        </annotation>
    </item>
    <item name='javax.swing.table.DefaultTableColumnModel javax.swing.ListSelectionModel createSelectionModel()'>
        <annotation name='com.intellij.inspections.tainted.annotation.equation.Equations'>
            <val val="{ &quot;createSelectionModel := &quot; }"/>
        </annotation>
    </item>
    <item name='javax.swing.table.DefaultTableColumnModel javax.swing.ListSelectionModel getSelectionModel()'>
        <annotation name='com.intellij.inspections.tainted.annotation.equation.Equations'>
            <val val="{ &quot;getSelectionModel := DefaultTableColumnModel&quot; }"/>
        </annotation>
    </item>
    <item name='javax.swing.table.DefaultTableColumnModel void addColumn(javax.swing.table.TableColumn)'>
        <annotation name='com.intellij.inspections.tainted.annotation.equation.Equations'>
            <val val="{ &quot;aColumn := &quot; }"/>
        </annotation>
    </item>
    <item name='javax.swing.table.DefaultTableColumnModel void fireColumnMoved(javax.swing.event.TableColumnModelEvent)'>
        <annotation name='com.intellij.inspections.tainted.annotation.equation.Equations'>
            <val val="{ &quot;e := &quot; }"/>
        </annotation>
    </item>
    <item name='javax.swing.table.DefaultTableColumnModel void fireColumnRemoved(javax.swing.event.TableColumnModelEvent)'>
        <annotation name='com.intellij.inspections.tainted.annotation.equation.Equations'>
            <val val="{ &quot;e := &quot; }"/>
        </annotation>
    </item>
    <item name='javax.swing.table.DefaultTableColumnModel void fireColumnSelectionChanged(javax.swing.event.ListSelectionEvent)'>
        <annotation name='com.intellij.inspections.tainted.annotation.equation.Equations'>
            <val val="{ &quot;e := #valueChanged(javax.swing.event.ListSelectionEvent)#0&quot; }"/>
        </annotation>
    </item>
    <item name='javax.swing.table.DefaultTableModel DefaultTableModel()'>
        <annotation name='com.intellij.inspections.tainted.annotation.equation.Equations'>
            <val val="{ &quot;DefaultTableModel := DefaultTableModel&quot; }"/>
        </annotation>
    </item>
    <item name='javax.swing.table.DefaultTableModel DefaultTableModel(int, int)'>
        <annotation name='com.intellij.inspections.tainted.annotation.equation.Equations'>
            <val val="{ &quot;rowCount := javax.swing.JTable#JTable(int, int)#0&quot;, &quot;columnCount := javax.swing.JTable#JTable(int, int)#1&quot;, &quot;DefaultTableModel := DefaultTableModel&quot; }"/>
        </annotation>
    </item>
    <item name='javax.swing.table.DefaultTableModel DefaultTableModel(java.lang.Object[], int)'>
        <annotation name='com.intellij.inspections.tainted.annotation.equation.Equations'>
            <val val="{ &quot;DefaultTableModel := DefaultTableModel&quot; }"/>
        </annotation>
    </item>
    <item name='javax.swing.table.DefaultTableModel DefaultTableModel(java.lang.Object[][], java.lang.Object[])'>
        <annotation name='com.intellij.inspections.tainted.annotation.equation.Equations'>
            <val val="{ &quot;DefaultTableModel := DefaultTableModel&quot; }"/>
        </annotation>
    </item>
    <item name='javax.swing.table.DefaultTableModel DefaultTableModel(java.util.Vector, int)'>
        <annotation name='com.intellij.inspections.tainted.annotation.equation.Equations'>
            <val val="{ &quot;DefaultTableModel := DefaultTableModel&quot;, &quot;rowCount := #DefaultTableModel(int, int)#0 &amp; #DefaultTableModel(java.lang.Object[], int)#1&quot; }"/>
        </annotation>
    </item>
    <item name='javax.swing.table.DefaultTableModel DefaultTableModel(java.util.Vector, java.util.Vector)'>
        <annotation name='com.intellij.inspections.tainted.annotation.equation.Equations'>
            <val val="{ &quot;DefaultTableModel := DefaultTableModel&quot;, &quot;data := javax.swing.JTable#JTable(java.util.Vector, java.util.Vector)#0&quot;, &quot;columnNames := javax.swing.JTable#JTable(java.util.Vector, java.util.Vector)#1&quot; }"/>
        </annotation>
    </item>
    <item name='javax.swing.table.DefaultTableModel int gcd(int, int)'>
        <annotation name='com.intellij.inspections.tainted.annotation.equation.Equations'>
            <val val="{ &quot;i := #rotate(java.util.Vector, int, int, int)#2 &amp; #rotate(java.util.Vector, int, int, int)#1&quot;, &quot;gcd := i &amp; j&quot;, &quot;j := #rotate(java.util.Vector, int, int, int)#2 &amp; #rotate(java.util.Vector, int, int, int)#1 &amp; #rotate(java.util.Vector, int, int, int)#3&quot; }"/>
        </annotation>
    </item>
    <item name='javax.swing.table.DefaultTableModel java.util.Vector convertToVector(java.lang.Object[])'>
        <annotation name='com.intellij.inspections.tainted.annotation.equation.Equations'>
            <val val="{ &quot;anArray := #DefaultTableModel(java.lang.Object[], int)#0 &amp; #setDataVector(java.lang.Object[][], java.lang.Object[])#1 &amp; #addRow(java.lang.Object[])#0 &amp; #insertRow(int, java.lang.Object[])#1 &amp; #setColumnIdentifiers(java.lang.Object[])#0 &amp; #addColumn(java.lang.Object, java.lang.Object[])#1 &amp; #convertToVector(java.lang.Object[][])#0&quot; }"/>
        </annotation>
    </item>
    <item name='javax.swing.table.DefaultTableModel java.util.Vector convertToVector(java.lang.Object[][])'>
        <annotation name='com.intellij.inspections.tainted.annotation.equation.Equations'>
            <val val="{ &quot;anArray := #setDataVector(java.lang.Object[][], java.lang.Object[])#0&quot; }"/>
        </annotation>
    </item>
    <item name='javax.swing.table.DefaultTableModel java.util.Vector getDataVector()'>
        <annotation name='com.intellij.inspections.tainted.annotation.equation.Equations'>
            <val val="{ &quot;getDataVector := DefaultTableModel&quot; }"/>
        </annotation>
    </item>
    <item name='javax.swing.table.DefaultTableModel java.util.Vector newVector(int)'>
        <annotation name='com.intellij.inspections.tainted.annotation.equation.Equations'>
            <val val="{ &quot;size := #DefaultTableModel(int, int)#1 &amp; #DefaultTableModel(java.util.Vector, int)#1&quot; }"/>
        </annotation>
    </item>
    <item name='javax.swing.table.DefaultTableModel java.util.Vector nonNullVector(java.util.Vector)'>
        <annotation name='com.intellij.inspections.tainted.annotation.equation.Equations'>
            <val val="{ &quot;nonNullVector := v&quot;, &quot;v := #setDataVector(java.util.Vector, java.util.Vector)#0 &amp; #setDataVector(java.util.Vector, java.util.Vector)#1&quot; }"/>
        </annotation>
    </item>
    <item name='javax.swing.table.DefaultTableModel void addColumn(java.lang.Object, java.util.Vector)'>
        <annotation name='com.intellij.inspections.tainted.annotation.equation.Equations'>
            <val val="{ &quot;columnData := &quot;, &quot;columnName := #addColumn(java.lang.Object)#0 &amp; #addColumn(java.lang.Object, java.lang.Object[])#0&quot; }"/>
        </annotation>
    </item>
    <item name='javax.swing.table.DefaultTableModel void addRow(java.util.Vector)'>
        <annotation name='com.intellij.inspections.tainted.annotation.equation.Equations'>
            <val val="{ &quot;rowData := &quot; }"/>
        </annotation>
    </item>
    <item name='javax.swing.table.DefaultTableModel void insertRow(int, java.util.Vector)'>
        <annotation name='com.intellij.inspections.tainted.annotation.equation.Equations'>
            <val val="{ &quot;row := #insertRow(int, java.lang.Object[])#0&quot;, &quot;rowData := #addRow(java.util.Vector)#0&quot; }"/>
        </annotation>
    </item>
    <item name='javax.swing.table.DefaultTableModel void justifyRows(int, int)'>
        <annotation name='com.intellij.inspections.tainted.annotation.equation.Equations'>
            <val val="{ &quot;from := #insertRow(int, java.util.Vector)#0&quot;, &quot;to := #setNumRows(int)#0 &amp; #insertRow(int, java.util.Vector)#0&quot; }"/>
        </annotation>
    </item>
    <item name='javax.swing.table.DefaultTableModel void rotate(java.util.Vector, int, int, int)'>
        <annotation name='com.intellij.inspections.tainted.annotation.equation.Equations'>
            <val val="{ &quot;shift := #moveRow(int, int, int)#2 &amp; #moveRow(int, int, int)#0&quot;, &quot;a := #moveRow(int, int, int)#2 &amp; #moveRow(int, int, int)#0&quot;, &quot;v := DefaultTableModel&quot;, &quot;b := #moveRow(int, int, int)#1 &amp; #moveRow(int, int, int)#2 &amp; #moveRow(int, int, int)#0&quot; }"/>
        </annotation>
    </item>
    <item name='javax.swing.table.DefaultTableModel void setColumnIdentifiers(java.util.Vector)'>
        <annotation name='com.intellij.inspections.tainted.annotation.equation.Equations'>
            <val val="{ &quot;columnIdentifiers := &quot; }"/>
        </annotation>
    </item>
    <item name='javax.swing.table.DefaultTableModel void setDataVector(java.lang.Object[][], java.lang.Object[])'>
        <annotation name='com.intellij.inspections.tainted.annotation.equation.Equations'>
            <val val="{ &quot;dataVector := #DefaultTableModel(java.lang.Object[][], java.lang.Object[])#0&quot;, &quot;columnIdentifiers := #DefaultTableModel(java.lang.Object[][], java.lang.Object[])#1&quot; }"/>
        </annotation>
    </item>
    <item name='javax.swing.table.DefaultTableModel void setDataVector(java.util.Vector, java.util.Vector)'>
        <annotation name='com.intellij.inspections.tainted.annotation.equation.Equations'>
            <val val="{ &quot;columnIdentifiers := #DefaultTableModel(java.util.Vector, int)#0 &amp; #DefaultTableModel(java.util.Vector, java.util.Vector)#1 &amp; #setColumnIdentifiers(java.util.Vector)#0&quot;, &quot;dataVector := #DefaultTableModel(java.util.Vector, java.util.Vector)#0 &amp; DefaultTableModel&quot; }"/>
        </annotation>
    </item>
    <item name='javax.swing.table.DefaultTableModel void setNumRows(int)'>
        <annotation name='com.intellij.inspections.tainted.annotation.equation.Equations'>
            <val val="{ &quot;rowCount := #setRowCount(int)#0&quot; }"/>
        </annotation>
    </item>
    <item name='javax.swing.table.JTableHeader JTableHeader()'>
        <annotation name='com.intellij.inspections.tainted.annotation.equation.Equations'>
            <val val="{ &quot;JTableHeader := JTableHeader&quot; }"/>
        </annotation>
    </item>
    <item name='javax.swing.table.JTableHeader JTableHeader(javax.swing.table.TableColumnModel)'>
        <annotation name='com.intellij.inspections.tainted.annotation.equation.Equations'>
            <val val="{ &quot;cm := javax.swing.JTable&quot;, &quot;JTableHeader := JTableHeader&quot; }"/>
        </annotation>
    </item>
    <item name='javax.swing.table.JTableHeader int columnAtPoint(java.awt.Point)'>
        <annotation name='com.intellij.inspections.tainted.annotation.equation.Equations'>
            <val val="{ &quot;point := javax.swing.plaf.basic.BasicTableHeaderUI.MouseInputHandler#getResizingColumn(java.awt.Point)#0 &amp; JTableHeader.AccessibleJTableHeader#getAccessibleAt(java.awt.Point)#0&quot; }"/>
        </annotation>
    </item>
    <item name='javax.swing.table.JTableHeader int getDraggedDistance()'>
        <annotation name='com.intellij.inspections.tainted.annotation.equation.Equations'>
            <val val="{ &quot;getDraggedDistance := JTableHeader&quot; }"/>
        </annotation>
    </item>
    <item name='javax.swing.table.JTableHeader java.awt.Rectangle getHeaderRect(int)'>
        <annotation name='com.intellij.inspections.tainted.annotation.equation.Equations'>
            <val val="{ &quot;column := com.sun.java.swing.plaf.windows.WindowsTableHeaderUI#rolloverColumnUpdated(int, int)#0 &amp; com.sun.java.swing.plaf.windows.WindowsTableHeaderUI#rolloverColumnUpdated(int, int)#1 &amp; javax.swing.plaf.basic.BasicTableHeaderUI.MouseInputHandler#getResizingColumn(java.awt.Point, int)#1 &amp; javax.swing.plaf.basic.BasicTableHeaderUI &amp; javax.swing.plaf.basic.BasicTableHeaderUI#selectColumn(int, boolean)#0 &amp; javax.swing.plaf.synth.SynthTableHeaderUI#rolloverColumnUpdated(int, int)#0 &amp; javax.swing.plaf.synth.SynthTableHeaderUI#rolloverColumnUpdated(int, int)#1 &amp; javax.swing.JTable.AccessibleJTable.AccessibleJTableHeaderCell&quot; }"/>
        </annotation>
    </item>
    <item name='javax.swing.table.JTableHeader java.lang.String getUIClassID()'>
        <annotation name='com.intellij.inspections.tainted.annotation.equation.Equations'>
            <val val="{ &quot;getUIClassID := #uiClassID&quot; }"/>
        </annotation>
    </item>
    <item name='javax.swing.table.JTableHeader java.lang.String paramString()'>
        <annotation name='com.intellij.inspections.tainted.annotation.equation.Equations'>
            <val val="{ &quot;paramString := JTableHeader&quot; }"/>
        </annotation>
    </item>
    <item name='javax.swing.table.JTableHeader javax.accessibility.AccessibleContext getAccessibleContext()'>
        <annotation name='com.intellij.inspections.tainted.annotation.equation.Equations'>
            <val val="{ &quot;getAccessibleContext := JTableHeader&quot; }"/>
        </annotation>
    </item>
    <item name='javax.swing.table.JTableHeader javax.swing.JTable getTable()'>
        <annotation name='com.intellij.inspections.tainted.annotation.equation.Equations'>
            <val val="{ &quot;getTable := JTableHeader&quot; }"/>
        </annotation>
    </item>
    <item name='javax.swing.table.JTableHeader javax.swing.plaf.TableHeaderUI getUI()'>
        <annotation name='com.intellij.inspections.tainted.annotation.equation.Equations'>
            <val val="{ &quot;getUI := JTableHeader&quot; }"/>
        </annotation>
    </item>
    <item name='javax.swing.table.JTableHeader javax.swing.table.TableCellRenderer getDefaultRenderer()'>
        <annotation name='com.intellij.inspections.tainted.annotation.equation.Equations'>
            <val val="{ &quot;getDefaultRenderer := JTableHeader&quot; }"/>
        </annotation>
    </item>
    <item name='javax.swing.table.JTableHeader javax.swing.table.TableColumn getDraggedColumn()'>
        <annotation name='com.intellij.inspections.tainted.annotation.equation.Equations'>
            <val val="{ &quot;getDraggedColumn := JTableHeader&quot; }"/>
        </annotation>
    </item>
    <item name='javax.swing.table.JTableHeader javax.swing.table.TableColumn getResizingColumn()'>
        <annotation name='com.intellij.inspections.tainted.annotation.equation.Equations'>
            <val val="{ &quot;getResizingColumn := JTableHeader&quot; }"/>
        </annotation>
    </item>
    <item name='javax.swing.table.JTableHeader javax.swing.table.TableColumnModel getColumnModel()'>
        <annotation name='com.intellij.inspections.tainted.annotation.equation.Equations'>
            <val val="{ &quot;getColumnModel := JTableHeader&quot; }"/>
        </annotation>
    </item>
    <item name='javax.swing.table.JTableHeader void setColumnModel(javax.swing.table.TableColumnModel)'>
        <annotation name='com.intellij.inspections.tainted.annotation.equation.Equations'>
            <val val="{ &quot;columnModel := #JTableHeader(javax.swing.table.TableColumnModel)#0 &amp; javax.swing.JTable#setColumnModel(javax.swing.table.TableColumnModel)#0&quot; }"/>
        </annotation>
    </item>
    <item name='javax.swing.table.JTableHeader void setDefaultRenderer(javax.swing.table.TableCellRenderer)'>
        <annotation name='com.intellij.inspections.tainted.annotation.equation.Equations'>
            <val val="{ &quot;defaultRenderer := com.sun.java.swing.plaf.windows.WindowsTableHeaderUI &amp; javax.swing.plaf.synth.SynthTableHeaderUI&quot; }"/>
        </annotation>
    </item>
    <item name='javax.swing.table.JTableHeader void setDraggedColumn(javax.swing.table.TableColumn)'>
        <annotation name='com.intellij.inspections.tainted.annotation.equation.Equations'>
            <val val="{ &quot;aColumn := &quot; }"/>
        </annotation>
    </item>
    <item name='javax.swing.table.JTableHeader void setDraggedDistance(int)'>
        <annotation name='com.intellij.inspections.tainted.annotation.equation.Equations'>
            <val val="{ &quot;distance := javax.swing.plaf.basic.BasicTableHeaderUI.MouseInputHandler &amp; javax.swing.plaf.basic.BasicTableHeaderUI.MouseInputHandler#setDraggedDistance(int, int)#0&quot; }"/>
        </annotation>
    </item>
    <item name='javax.swing.table.JTableHeader void setResizingColumn(javax.swing.table.TableColumn)'>
        <annotation name='com.intellij.inspections.tainted.annotation.equation.Equations'>
            <val val="{ &quot;aColumn := &quot; }"/>
        </annotation>
    </item>
    <item name='javax.swing.table.JTableHeader void setTable(javax.swing.JTable)'>
        <annotation name='com.intellij.inspections.tainted.annotation.equation.Equations'>
            <val val="{ &quot;table := javax.swing.JTable&quot; }"/>
        </annotation>
    </item>
    <item name='javax.swing.table.JTableHeader void setUI(javax.swing.plaf.TableHeaderUI)'>
        <annotation name='com.intellij.inspections.tainted.annotation.equation.Equations'>
            <val val="{ &quot;ui := &quot; }"/>
        </annotation>
    </item>
    <item name='javax.swing.table.JTableHeader.AccessibleJTableHeader javax.accessibility.AccessibleRole getAccessibleRole()'>
        <annotation name='com.intellij.inspections.tainted.annotation.equation.Equations'>
            <val val="{ &quot;getAccessibleRole := javax.accessibility.AccessibleRole#PANEL&quot; }"/>
        </annotation>
    </item>
    <item name='javax.swing.table.JTableHeader.AccessibleJTableHeader.AccessibleJTableHeaderEntry AccessibleJTableHeaderEntry(int, javax.swing.table.JTableHeader, javax.swing.JTable)'>
        <annotation name='com.intellij.inspections.tainted.annotation.equation.Equations'>
            <val val="{ &quot;p := JTableHeader.AccessibleJTableHeader&quot;, &quot;c := JTableHeader.AccessibleJTableHeader#getAccessibleChild(int)#0&quot;, &quot;t := JTableHeader.AccessibleJTableHeader&quot;, &quot;AccessibleJTableHeaderEntry := JTableHeader.AccessibleJTableHeader.AccessibleJTableHeaderEntry&quot; }"/>
        </annotation>
    </item>
    <item name='javax.swing.table.JTableHeader.AccessibleJTableHeader.AccessibleJTableHeaderEntry int getAccessibleIndexInParent()'>
        <annotation name='com.intellij.inspections.tainted.annotation.equation.Equations'>
            <val val="{ &quot;getAccessibleIndexInParent := JTableHeader.AccessibleJTableHeader.AccessibleJTableHeaderEntry&quot; }"/>
        </annotation>
    </item>
    <item name='javax.swing.table.JTableHeader.AccessibleJTableHeader.AccessibleJTableHeaderEntry java.lang.String getAccessibleName()'>
        <annotation name='com.intellij.inspections.tainted.annotation.equation.Equations'>
            <val val="{ &quot;getAccessibleName := JTableHeader.AccessibleJTableHeader.AccessibleJTableHeaderEntry&quot; }"/>
        </annotation>
    </item>
    <item name='javax.swing.table.JTableHeader.AccessibleJTableHeader.AccessibleJTableHeaderEntry javax.accessibility.AccessibleComponent getAccessibleComponent()'>
        <annotation name='com.intellij.inspections.tainted.annotation.equation.Equations'>
            <val val="{ &quot;getAccessibleComponent := JTableHeader.AccessibleJTableHeader.AccessibleJTableHeaderEntry&quot; }"/>
        </annotation>
    </item>
    <item name='javax.swing.table.JTableHeader.AccessibleJTableHeader.AccessibleJTableHeaderEntry javax.accessibility.AccessibleContext getAccessibleContext()'>
        <annotation name='com.intellij.inspections.tainted.annotation.equation.Equations'>
            <val val="{ &quot;getAccessibleContext := JTableHeader.AccessibleJTableHeader.AccessibleJTableHeaderEntry&quot; }"/>
        </annotation>
    </item>
    <item name='javax.swing.table.JTableHeader.AccessibleJTableHeader.AccessibleJTableHeaderEntry javax.accessibility.AccessibleRole getAccessibleRole()'>
        <annotation name='com.intellij.inspections.tainted.annotation.equation.Equations'>
            <val val="{ &quot;getAccessibleRole := javax.accessibility.AccessibleRole#COLUMN_HEADER&quot; }"/>
        </annotation>
    </item>
    <item name='javax.swing.table.TableCellEditor java.awt.Component getTableCellEditorComponent(javax.swing.JTable, java.lang.Object, boolean, int, int)'>
        <annotation name='com.intellij.inspections.tainted.annotation.equation.Equations'>
            <val val="{ &quot;value := javax.swing.DefaultCellEditor#getTableCellEditorComponent(javax.swing.JTable, java.lang.Object, boolean, int, int)#1&quot;, &quot;table := javax.swing.JTable &amp; javax.swing.DefaultCellEditor#getTableCellEditorComponent(javax.swing.JTable, java.lang.Object, boolean, int, int)#0&quot;, &quot;row := javax.swing.JTable#prepareEditor(javax.swing.table.TableCellEditor, int, int)#1 &amp; javax.swing.DefaultCellEditor#getTableCellEditorComponent(javax.swing.JTable, java.lang.Object, boolean, int, int)#3&quot;, &quot;getTableCellEditorComponent := javax.swing.DefaultCellEditor#getTableCellEditorComponent(javax.swing.JTable, java.lang.Object, boolean, int, int)&quot;, &quot;column := javax.swing.JTable#prepareEditor(javax.swing.table.TableCellEditor, int, int)#2 &amp; javax.swing.DefaultCellEditor#getTableCellEditorComponent(javax.swing.JTable, java.lang.Object, boolean, int, int)#4&quot; }"/>
        </annotation>
    </item>
    <item name='javax.swing.table.TableCellRenderer java.awt.Component getTableCellRendererComponent(javax.swing.JTable, java.lang.Object, boolean, boolean, int, int)'>
        <annotation name='com.intellij.inspections.tainted.annotation.equation.Equations'>
            <val val="{ &quot;column := javax.swing.plaf.synth.SynthTableUI.SynthBooleanTableCellRenderer#getTableCellRendererComponent(javax.swing.JTable, java.lang.Object, boolean, boolean, int, int)#5 &amp; sun.swing.FilePane.AlignableTableHeaderRenderer#getTableCellRendererComponent(javax.swing.JTable, java.lang.Object, boolean, boolean, int, int)#5 &amp; javax.swing.JTable.BooleanRenderer#getTableCellRendererComponent(javax.swing.JTable, java.lang.Object, boolean, boolean, int, int)#5 &amp; DefaultTableCellRenderer#getTableCellRendererComponent(javax.swing.JTable, java.lang.Object, boolean, boolean, int, int)#5&quot;, &quot;getTableCellRendererComponent := javax.swing.plaf.synth.SynthTableUI.SynthBooleanTableCellRenderer#getTableCellRendererComponent(javax.swing.JTable, java.lang.Object, boolean, boolean, int, int) &amp; sun.swing.FilePane.AlignableTableHeaderRenderer#getTableCellRendererComponent(javax.swing.JTable, java.lang.Object, boolean, boolean, int, int) &amp; javax.swing.JTable.BooleanRenderer#getTableCellRendererComponent(javax.swing.JTable, java.lang.Object, boolean, boolean, int, int) &amp; DefaultTableCellRenderer#getTableCellRendererComponent(javax.swing.JTable, java.lang.Object, boolean, boolean, int, int)&quot;, &quot;row := javax.swing.plaf.synth.SynthTableUI.SynthBooleanTableCellRenderer#getTableCellRendererComponent(javax.swing.JTable, java.lang.Object, boolean, boolean, int, int)#4 &amp; sun.swing.FilePane.AlignableTableHeaderRenderer#getTableCellRendererComponent(javax.swing.JTable, java.lang.Object, boolean, boolean, int, int)#4 &amp; javax.swing.JTable.BooleanRenderer#getTableCellRendererComponent(javax.swing.JTable, java.lang.Object, boolean, boolean, int, int)#4 &amp; DefaultTableCellRenderer#getTableCellRendererComponent(javax.swing.JTable, java.lang.Object, boolean, boolean, int, int)#4&quot;, &quot;table := javax.swing.plaf.synth.SynthTableUI.SynthBooleanTableCellRenderer#getTableCellRendererComponent(javax.swing.JTable, java.lang.Object, boolean, boolean, int, int)#0 &amp; sun.swing.FilePane.AlignableTableHeaderRenderer#getTableCellRendererComponent(javax.swing.JTable, java.lang.Object, boolean, boolean, int, int)#0 &amp; javax.swing.JTable.BooleanRenderer#getTableCellRendererComponent(javax.swing.JTable, java.lang.Object, boolean, boolean, int, int)#0 &amp; DefaultTableCellRenderer#getTableCellRendererComponent(javax.swing.JTable, java.lang.Object, boolean, boolean, int, int)#0&quot;, &quot;value := javax.swing.plaf.synth.SynthTableUI.SynthBooleanTableCellRenderer#getTableCellRendererComponent(javax.swing.JTable, java.lang.Object, boolean, boolean, int, int)#1 &amp; sun.swing.FilePane.AlignableTableHeaderRenderer#getTableCellRendererComponent(javax.swing.JTable, java.lang.Object, boolean, boolean, int, int)#1 &amp; javax.swing.JTable.BooleanRenderer#getTableCellRendererComponent(javax.swing.JTable, java.lang.Object, boolean, boolean, int, int)#1 &amp; DefaultTableCellRenderer#getTableCellRendererComponent(javax.swing.JTable, java.lang.Object, boolean, boolean, int, int)#1&quot; }"/>
        </annotation>
    </item>
    <item name='javax.swing.table.TableColumn'>
        <annotation name='com.intellij.inspections.tainted.annotation.equation.Equations'>
            <val val="{ &quot;TableColumn := #setModelIndex(int)#0 &amp; #setIdentifier(java.lang.Object)#0 &amp; #setHeaderRenderer(javax.swing.table.TableCellRenderer)#0 &amp; #setCellRenderer(javax.swing.table.TableCellRenderer)#0&quot; }"/>
        </annotation>
    </item>
    <item name='javax.swing.table.TableColumn TableColumn()'>
        <annotation name='com.intellij.inspections.tainted.annotation.equation.Equations'>
            <val val="{ &quot;TableColumn := TableColumn&quot; }"/>
        </annotation>
    </item>
    <item name='javax.swing.table.TableColumn TableColumn(int)'>
        <annotation name='com.intellij.inspections.tainted.annotation.equation.Equations'>
            <val val="{ &quot;TableColumn := TableColumn&quot; }"/>
        </annotation>
    </item>
    <item name='javax.swing.table.TableColumn TableColumn(int, int)'>
        <annotation name='com.intellij.inspections.tainted.annotation.equation.Equations'>
            <val val="{ &quot;TableColumn := TableColumn&quot; }"/>
        </annotation>
    </item>
    <item name='javax.swing.table.TableColumn TableColumn(int, int, javax.swing.table.TableCellRenderer, javax.swing.table.TableCellEditor)'>
        <annotation name='com.intellij.inspections.tainted.annotation.equation.Equations'>
            <val val="{ &quot;TableColumn := TableColumn&quot;, &quot;width := #TableColumn(int, int)#1&quot;, &quot;modelIndex := #TableColumn(int)#0 &amp; #TableColumn(int, int)#0&quot; }"/>
        </annotation>
    </item>
    <item name='javax.swing.table.TableColumn int getMaxWidth()'>
        <annotation name='com.intellij.inspections.tainted.annotation.equation.Equations'>
            <val val="{ &quot;getMaxWidth := TableColumn&quot; }"/>
        </annotation>
    </item>
    <item name='javax.swing.table.TableColumn int getMinWidth()'>
        <annotation name='com.intellij.inspections.tainted.annotation.equation.Equations'>
            <val val="{ &quot;getMinWidth := TableColumn&quot; }"/>
        </annotation>
    </item>
    <item name='javax.swing.table.TableColumn int getModelIndex()'>
        <annotation name='com.intellij.inspections.tainted.annotation.equation.Equations'>
            <val val="{ &quot;getModelIndex := TableColumn&quot; }"/>
        </annotation>
    </item>
    <item name='javax.swing.table.TableColumn int getPreferredWidth()'>
        <annotation name='com.intellij.inspections.tainted.annotation.equation.Equations'>
            <val val="{ &quot;getPreferredWidth := TableColumn&quot; }"/>
        </annotation>
    </item>
    <item name='javax.swing.table.TableColumn int getWidth()'>
        <annotation name='com.intellij.inspections.tainted.annotation.equation.Equations'>
            <val val="{ &quot;getWidth := TableColumn&quot; }"/>
        </annotation>
    </item>
    <item name='javax.swing.table.TableColumn java.lang.Object getHeaderValue()'>
        <annotation name='com.intellij.inspections.tainted.annotation.equation.Equations'>
            <val val="{ &quot;getHeaderValue := TableColumn&quot; }"/>
        </annotation>
    </item>
    <item name='javax.swing.table.TableColumn java.lang.Object getIdentifier()'>
        <annotation name='com.intellij.inspections.tainted.annotation.equation.Equations'>
            <val val="{ &quot;getIdentifier := TableColumn&quot; }"/>
        </annotation>
    </item>
    <item name='javax.swing.table.TableColumn javax.swing.table.TableCellEditor getCellEditor()'>
        <annotation name='com.intellij.inspections.tainted.annotation.equation.Equations'>
            <val val="{ &quot;getCellEditor := TableColumn&quot; }"/>
        </annotation>
    </item>
    <item name='javax.swing.table.TableColumn javax.swing.table.TableCellRenderer getCellRenderer()'>
        <annotation name='com.intellij.inspections.tainted.annotation.equation.Equations'>
            <val val="{ &quot;getCellRenderer := TableColumn&quot; }"/>
        </annotation>
    </item>
    <item name='javax.swing.table.TableColumn javax.swing.table.TableCellRenderer getHeaderRenderer()'>
        <annotation name='com.intellij.inspections.tainted.annotation.equation.Equations'>
            <val val="{ &quot;getHeaderRenderer := TableColumn&quot; }"/>
        </annotation>
    </item>
    <item name='javax.swing.table.TableColumn void addPropertyChangeListener(java.beans.PropertyChangeListener)'>
        <annotation name='com.intellij.inspections.tainted.annotation.equation.Equations'>
            <val val="{ &quot;listener := DefaultTableColumnModel&quot; }"/>
        </annotation>
    </item>
    <item name='javax.swing.table.TableColumn void firePropertyChange(java.lang.String, int, int)'>
        <annotation name='com.intellij.inspections.tainted.annotation.equation.Equations'>
            <val val="{ &quot;newValue := #setModelIndex(int)#0 &amp; TableColumn&quot;, &quot;oldValue := TableColumn&quot; }"/>
        </annotation>
    </item>
    <item name='javax.swing.table.TableColumn void firePropertyChange(java.lang.String, java.lang.Object, java.lang.Object)'>
        <annotation name='com.intellij.inspections.tainted.annotation.equation.Equations'>
            <val val="{ &quot;propertyName := #firePropertyChange(java.lang.String, int, int)#0 &amp; #firePropertyChange(java.lang.String, boolean, boolean)#0&quot;, &quot;newValue := #setIdentifier(java.lang.Object)#0 &amp; #setHeaderValue(java.lang.Object)#0 &amp; #setHeaderRenderer(javax.swing.table.TableCellRenderer)#0 &amp; #setCellRenderer(javax.swing.table.TableCellRenderer)#0 &amp; #setCellEditor(javax.swing.table.TableCellEditor)#0&quot;, &quot;oldValue := TableColumn&quot; }"/>
        </annotation>
    </item>
    <item name='javax.swing.table.TableColumn void removePropertyChangeListener(java.beans.PropertyChangeListener)'>
        <annotation name='com.intellij.inspections.tainted.annotation.equation.Equations'>
            <val val="{ &quot;listener := DefaultTableColumnModel&quot; }"/>
        </annotation>
    </item>
    <item name='javax.swing.table.TableColumn void setCellEditor(javax.swing.table.TableCellEditor)'>
        <annotation name='com.intellij.inspections.tainted.annotation.equation.Equations'>
            <val val="{ &quot;cellEditor := &quot; }"/>
        </annotation>
    </item>
    <item name='javax.swing.table.TableColumn void setHeaderValue(java.lang.Object)'>
        <annotation name='com.intellij.inspections.tainted.annotation.equation.Equations'>
            <val val="{ &quot;headerValue := &quot; }"/>
        </annotation>
    </item>
    <item name='javax.swing.table.TableColumn void setPreferredWidth(int)'>
        <annotation name='com.intellij.inspections.tainted.annotation.equation.Equations'>
            <val val="{ &quot;preferredWidth := sun.swing.FilePane#fixNameColumnWidth(int)#0 &amp; sun.swing.FilePane &amp; TableColumn &amp; sun.swing.FilePane#fixNameColumnWidth(int)#0 &amp; sun.swing.FilePane&quot; }"/>
        </annotation>
    </item>
    <item name='javax.swing.table.TableColumn void setWidth(int)'>
        <annotation name='com.intellij.inspections.tainted.annotation.equation.Equations'>
            <val val="{ &quot;width := javax.swing.plaf.basic.BasicTableHeaderUI#changeColumnWidth(javax.swing.table.TableColumn, javax.swing.table.JTableHeader, int, int)#3 &amp; TableColumn&quot; }"/>
        </annotation>
    </item>
    <item name='javax.swing.table.TableColumnModel int getColumnCount()'>
        <annotation name='com.intellij.inspections.tainted.annotation.equation.Equations'>
            <val val="{ &quot;getColumnCount := DefaultTableColumnModel#getColumnCount()&quot; }"/>
        </annotation>
    </item>
    <item name='javax.swing.table.TableColumnModel int getColumnIndex(java.lang.Object)'>
        <annotation name='com.intellij.inspections.tainted.annotation.equation.Equations'>
            <val val="{ &quot;columnIdentifier := DefaultTableColumnModel#getColumnIndex(java.lang.Object)#0 &amp; javax.swing.JTable#getColumn(java.lang.Object)#0&quot;, &quot;getColumnIndex := DefaultTableColumnModel#getColumnIndex(java.lang.Object)&quot; }"/>
        </annotation>
    </item>
    <item name='javax.swing.table.TableColumnModel int getColumnIndexAtX(int)'>
        <annotation name='com.intellij.inspections.tainted.annotation.equation.Equations'>
            <val val="{ &quot;xPosition := DefaultTableColumnModel#getColumnIndexAtX(int)#0&quot;, &quot;getColumnIndexAtX := DefaultTableColumnModel#getColumnIndexAtX(int)&quot; }"/>
        </annotation>
    </item>
    <item name='javax.swing.table.TableColumnModel int getColumnMargin()'>
        <annotation name='com.intellij.inspections.tainted.annotation.equation.Equations'>
            <val val="{ &quot;getColumnMargin := DefaultTableColumnModel#getColumnMargin()&quot; }"/>
        </annotation>
    </item>
    <item name='javax.swing.table.TableColumnModel int getSelectedColumnCount()'>
        <annotation name='com.intellij.inspections.tainted.annotation.equation.Equations'>
            <val val="{ &quot;getSelectedColumnCount := DefaultTableColumnModel#getSelectedColumnCount()&quot; }"/>
        </annotation>
    </item>
    <item name='javax.swing.table.TableColumnModel int getTotalColumnWidth()'>
        <annotation name='com.intellij.inspections.tainted.annotation.equation.Equations'>
            <val val="{ &quot;getTotalColumnWidth := DefaultTableColumnModel#getTotalColumnWidth()&quot; }"/>
        </annotation>
    </item>
    <item name='javax.swing.table.TableColumnModel int[] getSelectedColumns()'>
        <annotation name='com.intellij.inspections.tainted.annotation.equation.Equations'>
            <val val="{ &quot;getSelectedColumns := DefaultTableColumnModel#getSelectedColumns()&quot; }"/>
        </annotation>
    </item>
    <item name='javax.swing.table.TableColumnModel java.util.Enumeration&lt;javax.swing.table.TableColumn&gt; getColumns()'>
        <annotation name='com.intellij.inspections.tainted.annotation.equation.Equations'>
            <val val="{ &quot;getColumns := DefaultTableColumnModel#getColumns()&quot; }"/>
        </annotation>
    </item>
    <item name='javax.swing.table.TableColumnModel javax.swing.ListSelectionModel getSelectionModel()'>
        <annotation name='com.intellij.inspections.tainted.annotation.equation.Equations'>
            <val val="{ &quot;getSelectionModel := DefaultTableColumnModel#getSelectionModel()&quot; }"/>
        </annotation>
    </item>
    <item name='javax.swing.table.TableColumnModel javax.swing.table.TableColumn getColumn(int)'>
        <annotation name='com.intellij.inspections.tainted.annotation.equation.Equations'>
            <val val="{ &quot;getColumn := DefaultTableColumnModel#getColumn(int)&quot;, &quot;columnIndex := DefaultTableColumnModel#getColumn(int)#0&quot; }"/>
        </annotation>
    </item>
    <item name='javax.swing.table.TableColumnModel void addColumn(javax.swing.table.TableColumn)'>
        <annotation name='com.intellij.inspections.tainted.annotation.equation.Equations'>
            <val val="{ &quot;aColumn := DefaultTableColumnModel#addColumn(javax.swing.table.TableColumn)#0&quot; }"/>
        </annotation>
    </item>
    <item name='javax.swing.table.TableColumnModel void addColumnModelListener(javax.swing.event.TableColumnModelListener)'>
        <annotation name='com.intellij.inspections.tainted.annotation.equation.Equations'>
            <val val="{ &quot;x := DefaultTableColumnModel#addColumnModelListener(javax.swing.event.TableColumnModelListener)#0&quot; }"/>
        </annotation>
    </item>
    <item name='javax.swing.table.TableColumnModel void moveColumn(int, int)'>
        <annotation name='com.intellij.inspections.tainted.annotation.equation.Equations'>
            <val val="{ &quot;newIndex := DefaultTableColumnModel#moveColumn(int, int)#1&quot;, &quot;columnIndex := DefaultTableColumnModel#moveColumn(int, int)#0&quot; }"/>
        </annotation>
    </item>
    <item name='javax.swing.table.TableColumnModel void removeColumn(javax.swing.table.TableColumn)'>
        <annotation name='com.intellij.inspections.tainted.annotation.equation.Equations'>
            <val val="{ &quot;column := DefaultTableColumnModel#removeColumn(javax.swing.table.TableColumn)#0&quot; }"/>
        </annotation>
    </item>
    <item name='javax.swing.table.TableColumnModel void removeColumnModelListener(javax.swing.event.TableColumnModelListener)'>
        <annotation name='com.intellij.inspections.tainted.annotation.equation.Equations'>
            <val val="{ &quot;x := DefaultTableColumnModel#removeColumnModelListener(javax.swing.event.TableColumnModelListener)#0&quot; }"/>
        </annotation>
    </item>
    <item name='javax.swing.table.TableColumnModel void setColumnMargin(int)'>
        <annotation name='com.intellij.inspections.tainted.annotation.equation.Equations'>
            <val val="{ &quot;newMargin := DefaultTableColumnModel#setColumnMargin(int)#0&quot; }"/>
        </annotation>
    </item>
    <item name='javax.swing.table.TableColumnModel void setSelectionModel(javax.swing.ListSelectionModel)'>
        <annotation name='com.intellij.inspections.tainted.annotation.equation.Equations'>
            <val val="{ &quot;newModel := DefaultTableColumnModel#setSelectionModel(javax.swing.ListSelectionModel)#0&quot; }"/>
        </annotation>
    </item>
    <item name='javax.swing.table.TableModel boolean isCellEditable(int, int)'>
        <annotation name='com.intellij.inspections.tainted.annotation.equation.Equations'>
            <val val="{ &quot;columnIndex := AbstractTableModel#isCellEditable(int, int)#1&quot;, &quot;rowIndex := AbstractTableModel#isCellEditable(int, int)#0&quot; }"/>
        </annotation>
    </item>
    <item name='javax.swing.table.TableModel int getColumnCount()'>
        <annotation name='com.intellij.inspections.tainted.annotation.equation.Equations'>
            <val val="{ &quot;getColumnCount := DefaultTableModel#getColumnCount() &amp; sun.swing.FilePane.DetailsTableModel#getColumnCount()&quot; }"/>
        </annotation>
    </item>
    <item name='javax.swing.table.TableModel int getRowCount()'>
        <annotation name='com.intellij.inspections.tainted.annotation.equation.Equations'>
            <val val="{ &quot;getRowCount := sun.swing.FilePane.DetailsTableModel#getRowCount() &amp; DefaultTableModel#getRowCount()&quot; }"/>
        </annotation>
    </item>
    <item name='javax.swing.table.TableModel java.lang.Class&lt;?&gt; getColumnClass(int)'>
        <annotation name='com.intellij.inspections.tainted.annotation.equation.Equations'>
            <val val="{ &quot;getColumnClass := AbstractTableModel#getColumnClass(int)&quot;, &quot;columnIndex := AbstractTableModel#getColumnClass(int)#0&quot; }"/>
        </annotation>
    </item>
    <item name='javax.swing.table.TableModel java.lang.Object getValueAt(int, int)'>
        <annotation name='com.intellij.inspections.tainted.annotation.equation.Equations'>
            <val val="{ &quot;rowIndex := TableRowSorter.TableRowSorterModelWrapper#getValueAt(int, int)#0 &amp; DefaultTableModel#getValueAt(int, int)#0 &amp; sun.swing.FilePane.DetailsTableModel#getValueAt(int, int)#0&quot;, &quot;columnIndex := TableRowSorter.TableRowSorterModelWrapper#getValueAt(int, int)#1 &amp; DefaultTableModel#getValueAt(int, int)#1 &amp; sun.swing.FilePane.DetailsTableModel#getValueAt(int, int)#1&quot;, &quot;getValueAt := DefaultTableModel#getValueAt(int, int) &amp; sun.swing.FilePane.DetailsTableModel#getValueAt(int, int)&quot; }"/>
        </annotation>
    </item>
    <item name='javax.swing.table.TableModel java.lang.String getColumnName(int)'>
        <annotation name='com.intellij.inspections.tainted.annotation.equation.Equations'>
            <val val="{ &quot;columnIndex := AbstractTableModel#getColumnName(int)#0&quot;, &quot;getColumnName := AbstractTableModel#getColumnName(int)&quot; }"/>
        </annotation>
    </item>
    <item name='javax.swing.table.TableModel void addTableModelListener(javax.swing.event.TableModelListener)'>
        <annotation name='com.intellij.inspections.tainted.annotation.equation.Equations'>
            <val val="{ &quot;l := AbstractTableModel#addTableModelListener(javax.swing.event.TableModelListener)#0&quot; }"/>
        </annotation>
    </item>
    <item name='javax.swing.table.TableModel void removeTableModelListener(javax.swing.event.TableModelListener)'>
        <annotation name='com.intellij.inspections.tainted.annotation.equation.Equations'>
            <val val="{ &quot;l := javax.swing.JTable.AccessibleJTable &amp; AbstractTableModel#removeTableModelListener(javax.swing.event.TableModelListener)#0 &amp; javax.swing.JTable&quot; }"/>
        </annotation>
    </item>
    <item name='javax.swing.table.TableModel void setValueAt(java.lang.Object, int, int)'>
        <annotation name='com.intellij.inspections.tainted.annotation.equation.Equations'>
            <val val="{ &quot;columnIndex := AbstractTableModel#setValueAt(java.lang.Object, int, int)#2&quot;, &quot;rowIndex := AbstractTableModel#setValueAt(java.lang.Object, int, int)#1&quot;, &quot;aValue := AbstractTableModel#setValueAt(java.lang.Object, int, int)#0 &amp; javax.swing.JTable#setValueAt(java.lang.Object, int, int)#0&quot; }"/>
        </annotation>
    </item>
    <item name='javax.swing.table.TableRowSorter'>
        <annotation name='com.intellij.inspections.tainted.annotation.equation.Equations'>
            <val val="{ &quot;TableRowSorter := sun.swing.FilePane.DetailsTableRowSorter&quot; }"/>
        </annotation>
    </item>
    <item name='javax.swing.table.TableRowSorter TableRowSorter()'>
        <annotation name='com.intellij.inspections.tainted.annotation.equation.Equations'>
            <val val="{ &quot;TableRowSorter := TableRowSorter&quot; }"/>
        </annotation>
    </item>
    <item name='javax.swing.table.TableRowSorter TableRowSorter(M)'>
        <annotation name='com.intellij.inspections.tainted.annotation.equation.Equations'>
            <val val="{ &quot;TableRowSorter := TableRowSorter&quot;, &quot;model := javax.swing.JTable#setModel(javax.swing.table.TableModel)#0&quot; }"/>
        </annotation>
    </item>
    <item name='javax.swing.table.TableRowSorter java.util.Comparator&lt;?&gt; getComparator(int)'>
        <annotation name='com.intellij.inspections.tainted.annotation.equation.Equations'>
            <val val="{ &quot;getComparator := #COMPARABLE_COMPARATOR&quot; }"/>
        </annotation>
    </item>
    <item name='javax.swing.table.TableRowSorter javax.swing.table.TableStringConverter getStringConverter()'>
        <annotation name='com.intellij.inspections.tainted.annotation.equation.Equations'>
            <val val="{ &quot;getStringConverter := TableRowSorter&quot; }"/>
        </annotation>
    </item>
    <item name='javax.swing.table.TableRowSorter void setModel(M)'>
        <annotation name='com.intellij.inspections.tainted.annotation.equation.Equations'>
            <val val="{ &quot;model := #TableRowSorter(javax.swing.table.TableModel)#0&quot; }"/>
        </annotation>
    </item>
    <item name='javax.swing.table.TableRowSorter.TableRowSorterModelWrapper M getModel()'>
        <annotation name='com.intellij.inspections.tainted.annotation.equation.Equations'>
            <val val="{ &quot;getModel := TableRowSorter.TableRowSorterModelWrapper&quot; }"/>
        </annotation>
    </item>
    <item name='javax.swing.table.TableRowSorter.TableRowSorterModelWrapper java.lang.Integer getIdentifier(int)'>
        <annotation name='com.intellij.inspections.tainted.annotation.equation.Equations'>
            <val val="{ &quot;getIdentifier := index&quot; }"/>
        </annotation>
    </item>
    <item name='javax.swing.table.TableRowSorter.TableRowSorterModelWrapper java.lang.Object getValueAt(int, int)'>
        <annotation name='com.intellij.inspections.tainted.annotation.equation.Equations'>
            <val val="{ &quot;column := #getStringValueAt(int, int)#1&quot;, &quot;row := #getStringValueAt(int, int)#0&quot; }"/>
        </annotation>
    </item>
</root>