<root>
    <item name='org.dom4j.io.DispatchHandler'>
        <annotation name='com.intellij.inspections.tainted.annotation.equation.Equations'>
            <val val="{ &quot;DispatchHandler := #setDefaultHandler(org.dom4j.ElementHandler)#0 &amp; DispatchHandler&quot; }"/>
        </annotation>
    </item>
    <item name='org.dom4j.io.DispatchHandler DispatchHandler()'>
        <annotation name='com.intellij.inspections.tainted.annotation.equation.Equations'>
            <val val="{ &quot;DispatchHandler := DispatchHandler&quot; }"/>
        </annotation>
    </item>
    <item name='org.dom4j.io.DispatchHandler boolean containsHandler(java.lang.String)'>
        <annotation name='com.intellij.inspections.tainted.annotation.equation.Equations'>
            <val val="{ &quot;containsHandler := &quot;, &quot;handlerPath := ElementStack#containsHandler(java.lang.String)#0&quot; }"/>
        </annotation>
    </item>
    <item name='org.dom4j.io.DispatchHandler int getActiveHandlerCount()'>
        <annotation name='com.intellij.inspections.tainted.annotation.equation.Equations'>
            <val val="{ &quot;getActiveHandlerCount := &quot; }"/>
        </annotation>
    </item>
    <item name='org.dom4j.io.DispatchHandler java.lang.String getPath()'>
        <annotation name='com.intellij.inspections.tainted.annotation.equation.Equations'>
            <val val="{ &quot;getPath := DispatchHandler&quot; }"/>
        </annotation>
    </item>
    <item name='org.dom4j.io.DispatchHandler org.dom4j.ElementHandler getHandler(java.lang.String)'>
        <annotation name='com.intellij.inspections.tainted.annotation.equation.Equations'>
            <val val="{ &quot;getHandler := &quot; }"/>
        </annotation>
    </item>
    <item name='org.dom4j.io.DispatchHandler org.dom4j.ElementHandler removeHandler(java.lang.String)'>
        <annotation name='com.intellij.inspections.tainted.annotation.equation.Equations'>
            <val val="{ &quot;removeHandler := &quot;, &quot;handlerPath := SAXReader#removeHandler(java.lang.String)#0&quot; }"/>
        </annotation>
    </item>
    <item name='org.dom4j.io.DispatchHandler void addHandler(java.lang.String, org.dom4j.ElementHandler)'>
        <annotation name='com.intellij.inspections.tainted.annotation.equation.Equations'>
            <val val="{ &quot;handlerPath := SAXReader#addHandler(java.lang.String, org.dom4j.ElementHandler)#0&quot;, &quot;handler := SAXReader#addHandler(java.lang.String, org.dom4j.ElementHandler)#1 &amp; ElementStack#addHandler(java.lang.String, org.dom4j.ElementHandler)#1&quot; }"/>
        </annotation>
    </item>
    <item name='org.dom4j.io.DispatchHandler void onEnd(org.dom4j.ElementPath)'>
        <annotation name='com.intellij.inspections.tainted.annotation.equation.Equations'>
            <val val="{ &quot;elementPath := org.dom4j.ElementHandler#onEnd(org.dom4j.ElementPath)#0&quot; }"/>
        </annotation>
    </item>
    <item name='org.dom4j.io.DispatchHandler void onStart(org.dom4j.ElementPath)'>
        <annotation name='com.intellij.inspections.tainted.annotation.equation.Equations'>
            <val val="{ &quot;elementPath := org.dom4j.ElementHandler#onStart(org.dom4j.ElementPath)#0&quot; }"/>
        </annotation>
    </item>
    <item name='org.dom4j.io.DispatchHandler void setDefaultHandler(org.dom4j.ElementHandler)'>
        <annotation name='com.intellij.inspections.tainted.annotation.equation.Equations'>
            <val val="{ &quot;handler := SAXReader#setDefaultHandler(org.dom4j.ElementHandler)#0&quot; }"/>
        </annotation>
    </item>
    <item name='org.dom4j.io.ElementStack'>
        <annotation name='com.intellij.inspections.tainted.annotation.equation.Equations'>
            <val val="{ &quot;ElementStack := #setDispatchHandler(org.dom4j.io.DispatchHandler)#0 &amp; #pushElement(org.dom4j.Element)#0&quot; }"/>
        </annotation>
    </item>
    <item name='org.dom4j.io.ElementStack ElementStack()'>
        <annotation name='com.intellij.inspections.tainted.annotation.equation.Equations'>
            <val val="{ &quot;ElementStack := ElementStack&quot; }"/>
        </annotation>
    </item>
    <item name='org.dom4j.io.ElementStack ElementStack(int)'>
        <annotation name='com.intellij.inspections.tainted.annotation.equation.Equations'>
            <val val="{ &quot;ElementStack := ElementStack&quot; }"/>
        </annotation>
    </item>
    <item name='org.dom4j.io.ElementStack boolean containsHandler(java.lang.String)'>
        <annotation name='com.intellij.inspections.tainted.annotation.equation.Equations'>
            <val val="{ &quot;containsHandler := &quot; }"/>
        </annotation>
    </item>
    <item name='org.dom4j.io.ElementStack int size()'>
        <annotation name='com.intellij.inspections.tainted.annotation.equation.Equations'>
            <val val="{ &quot;size := ElementStack&quot; }"/>
        </annotation>
    </item>
    <item name='org.dom4j.io.ElementStack java.lang.String getHandlerPath(java.lang.String)'>
        <annotation name='com.intellij.inspections.tainted.annotation.equation.Equations'>
            <val val="{ &quot;getHandlerPath := path&quot;, &quot;path := #addHandler(java.lang.String, org.dom4j.ElementHandler)#0 &amp; #removeHandler(java.lang.String)#0&quot; }"/>
        </annotation>
    </item>
    <item name='org.dom4j.io.ElementStack java.lang.String getPath()'>
        <annotation name='com.intellij.inspections.tainted.annotation.equation.Equations'>
            <val val="{ &quot;getPath := &quot; }"/>
        </annotation>
    </item>
    <item name='org.dom4j.io.ElementStack org.dom4j.Element getCurrent()'>
        <annotation name='com.intellij.inspections.tainted.annotation.equation.Equations'>
            <val val="{ &quot;getCurrent := &quot; }"/>
        </annotation>
    </item>
    <item name='org.dom4j.io.ElementStack org.dom4j.Element getElement(int)'>
        <annotation name='com.intellij.inspections.tainted.annotation.equation.Equations'>
            <val val="{ &quot;depth := org.dom4j.ElementPath#getElement(int)#0&quot;, &quot;getElement := ElementStack&quot; }"/>
        </annotation>
    </item>
    <item name='org.dom4j.io.ElementStack org.dom4j.Element peekElement()'>
        <annotation name='com.intellij.inspections.tainted.annotation.equation.Equations'>
            <val val="{ &quot;peekElement := ElementStack&quot; }"/>
        </annotation>
    </item>
    <item name='org.dom4j.io.ElementStack org.dom4j.Element popElement()'>
        <annotation name='com.intellij.inspections.tainted.annotation.equation.Equations'>
            <val val="{ &quot;popElement := ElementStack&quot; }"/>
        </annotation>
    </item>
    <item name='org.dom4j.io.ElementStack org.dom4j.io.DispatchHandler getDispatchHandler()'>
        <annotation name='com.intellij.inspections.tainted.annotation.equation.Equations'>
            <val val="{ &quot;getDispatchHandler := ElementStack&quot; }"/>
        </annotation>
    </item>
    <item name='org.dom4j.io.ElementStack void addHandler(java.lang.String, org.dom4j.ElementHandler)'>
        <annotation name='com.intellij.inspections.tainted.annotation.equation.Equations'>
            <val val="{ &quot;elementHandler := org.dom4j.ElementPath#addHandler(java.lang.String, org.dom4j.ElementHandler)#1&quot;, &quot;path := org.dom4j.ElementPath#addHandler(java.lang.String, org.dom4j.ElementHandler)#0&quot; }"/>
        </annotation>
    </item>
    <item name='org.dom4j.io.ElementStack void pushElement(org.dom4j.Element)'>
        <annotation name='com.intellij.inspections.tainted.annotation.equation.Equations'>
            <val val="{ &quot;element := &quot; }"/>
        </annotation>
    </item>
    <item name='org.dom4j.io.ElementStack void reallocate(int)'>
        <annotation name='com.intellij.inspections.tainted.annotation.equation.Equations'>
            <val val="{ &quot;size := ElementStack&quot; }"/>
        </annotation>
    </item>
    <item name='org.dom4j.io.ElementStack void removeHandler(java.lang.String)'>
        <annotation name='com.intellij.inspections.tainted.annotation.equation.Equations'>
            <val val="{ &quot;path := org.dom4j.ElementPath#removeHandler(java.lang.String)#0&quot; }"/>
        </annotation>
    </item>
    <item name='org.dom4j.io.ElementStack void setDispatchHandler(org.dom4j.io.DispatchHandler)'>
        <annotation name='com.intellij.inspections.tainted.annotation.equation.Equations'>
            <val val="{ &quot;dispatchHandler := SAXContentHandler&quot; }"/>
        </annotation>
    </item>
    <item name='org.dom4j.io.JAXPHelper org.xml.sax.XMLReader createXMLReader(boolean, boolean)'>
        <annotation name='com.intellij.inspections.tainted.annotation.equation.Equations'>
            <val val="{ &quot;createXMLReader := &quot;, &quot;namespaceAware := SAXHelper#createXMLReaderViaJAXP(boolean, boolean)#1&quot;, &quot;validating := SAXHelper#createXMLReaderViaJAXP(boolean, boolean)#0&quot; }"/>
        </annotation>
    </item>
    <item name='org.dom4j.io.OutputFormat'>
        <annotation name='com.intellij.inspections.tainted.annotation.equation.Equations'>
            <val val="{ &quot;OutputFormat := #OutputFormat(java.lang.String, boolean)#0 &amp; #OutputFormat(java.lang.String, boolean)#1 &amp; #OutputFormat(java.lang.String)#0 &amp; #OutputFormat(java.lang.String, boolean, java.lang.String)#0 &amp; #OutputFormat(java.lang.String, boolean, java.lang.String)#1 &amp; #OutputFormat(java.lang.String, boolean, java.lang.String)#2 &amp; #setLineSeparator(java.lang.String)#0 &amp; #setNewlines(boolean)#0 &amp; #setEncoding(java.lang.String)#0 &amp; #setOmitEncoding(boolean)#0 &amp; #setSuppressDeclaration(boolean)#0 &amp; #setNewLineAfterDeclaration(boolean)#0 &amp; #setExpandEmptyElements(boolean)#0 &amp; #setTrimText(boolean)#0 &amp; #setPadText(boolean)#0 &amp; #setIndent(java.lang.String)#0 &amp; #STANDARD_INDENT &amp; #setXHTML(boolean)#0 &amp; #setNewLineAfterNTags(int)#0 &amp; #setAttributeQuoteCharacter(char)#0&quot; }"/>
        </annotation>
    </item>
    <item name='org.dom4j.io.OutputFormat OutputFormat()'>
        <annotation name='com.intellij.inspections.tainted.annotation.equation.Equations'>
            <val val="{ &quot;OutputFormat := OutputFormat&quot; }"/>
        </annotation>
    </item>
    <item name='org.dom4j.io.OutputFormat OutputFormat(java.lang.String)'>
        <annotation name='com.intellij.inspections.tainted.annotation.equation.Equations'>
            <val val="{ &quot;OutputFormat := OutputFormat&quot; }"/>
        </annotation>
    </item>
    <item name='org.dom4j.io.OutputFormat OutputFormat(java.lang.String, boolean)'>
        <annotation name='com.intellij.inspections.tainted.annotation.equation.Equations'>
            <val val="{ &quot;OutputFormat := OutputFormat&quot; }"/>
        </annotation>
    </item>
    <item name='org.dom4j.io.OutputFormat OutputFormat(java.lang.String, boolean, java.lang.String)'>
        <annotation name='com.intellij.inspections.tainted.annotation.equation.Equations'>
            <val val="{ &quot;OutputFormat := OutputFormat&quot; }"/>
        </annotation>
    </item>
    <item name='org.dom4j.io.OutputFormat boolean isExpandEmptyElements()'>
        <annotation name='com.intellij.inspections.tainted.annotation.equation.Equations'>
            <val val="{ &quot;isExpandEmptyElements := OutputFormat&quot; }"/>
        </annotation>
    </item>
    <item name='org.dom4j.io.OutputFormat boolean isNewLineAfterDeclaration()'>
        <annotation name='com.intellij.inspections.tainted.annotation.equation.Equations'>
            <val val="{ &quot;isNewLineAfterDeclaration := OutputFormat&quot; }"/>
        </annotation>
    </item>
    <item name='org.dom4j.io.OutputFormat boolean isNewlines()'>
        <annotation name='com.intellij.inspections.tainted.annotation.equation.Equations'>
            <val val="{ &quot;isNewlines := OutputFormat&quot; }"/>
        </annotation>
    </item>
    <item name='org.dom4j.io.OutputFormat boolean isOmitEncoding()'>
        <annotation name='com.intellij.inspections.tainted.annotation.equation.Equations'>
            <val val="{ &quot;isOmitEncoding := OutputFormat&quot; }"/>
        </annotation>
    </item>
    <item name='org.dom4j.io.OutputFormat boolean isPadText()'>
        <annotation name='com.intellij.inspections.tainted.annotation.equation.Equations'>
            <val val="{ &quot;isPadText := OutputFormat&quot; }"/>
        </annotation>
    </item>
    <item name='org.dom4j.io.OutputFormat boolean isSuppressDeclaration()'>
        <annotation name='com.intellij.inspections.tainted.annotation.equation.Equations'>
            <val val="{ &quot;isSuppressDeclaration := OutputFormat&quot; }"/>
        </annotation>
    </item>
    <item name='org.dom4j.io.OutputFormat boolean isTrimText()'>
        <annotation name='com.intellij.inspections.tainted.annotation.equation.Equations'>
            <val val="{ &quot;isTrimText := OutputFormat&quot; }"/>
        </annotation>
    </item>
    <item name='org.dom4j.io.OutputFormat boolean isXHTML()'>
        <annotation name='com.intellij.inspections.tainted.annotation.equation.Equations'>
            <val val="{ &quot;isXHTML := OutputFormat&quot; }"/>
        </annotation>
    </item>
    <item name='org.dom4j.io.OutputFormat char getAttributeQuoteCharacter()'>
        <annotation name='com.intellij.inspections.tainted.annotation.equation.Equations'>
            <val val="{ &quot;getAttributeQuoteCharacter := OutputFormat&quot; }"/>
        </annotation>
    </item>
    <item name='org.dom4j.io.OutputFormat int getNewLineAfterNTags()'>
        <annotation name='com.intellij.inspections.tainted.annotation.equation.Equations'>
            <val val="{ &quot;getNewLineAfterNTags := OutputFormat&quot; }"/>
        </annotation>
    </item>
    <item name='org.dom4j.io.OutputFormat int parseOptions(java.lang.String[], int)'>
        <annotation name='com.intellij.inspections.tainted.annotation.equation.Equations'>
            <val val="{ &quot;parseOptions := i&quot; }"/>
        </annotation>
    </item>
    <item name='org.dom4j.io.OutputFormat java.lang.String getEncoding()'>
        <annotation name='com.intellij.inspections.tainted.annotation.equation.Equations'>
            <val val="{ &quot;getEncoding := OutputFormat&quot; }"/>
        </annotation>
    </item>
    <item name='org.dom4j.io.OutputFormat java.lang.String getIndent()'>
        <annotation name='com.intellij.inspections.tainted.annotation.equation.Equations'>
            <val val="{ &quot;getIndent := OutputFormat&quot; }"/>
        </annotation>
    </item>
    <item name='org.dom4j.io.OutputFormat java.lang.String getLineSeparator()'>
        <annotation name='com.intellij.inspections.tainted.annotation.equation.Equations'>
            <val val="{ &quot;getLineSeparator := OutputFormat&quot; }"/>
        </annotation>
    </item>
    <item name='org.dom4j.io.OutputFormat org.dom4j.io.OutputFormat createCompactFormat()'>
        <annotation name='com.intellij.inspections.tainted.annotation.equation.Equations'>
            <val val="{ &quot;createCompactFormat := &quot; }"/>
        </annotation>
    </item>
    <item name='org.dom4j.io.OutputFormat org.dom4j.io.OutputFormat createPrettyPrint()'>
        <annotation name='com.intellij.inspections.tainted.annotation.equation.Equations'>
            <val val="{ &quot;createPrettyPrint := &quot; }"/>
        </annotation>
    </item>
    <item name='org.dom4j.io.OutputFormat void setEncoding(java.lang.String)'>
        <annotation name='com.intellij.inspections.tainted.annotation.equation.Equations'>
            <val val="{ &quot;encoding := #parseOptions(java.lang.String[], int)#0 &amp; org.dom4j.tree.AbstractDocument&quot; }"/>
        </annotation>
    </item>
    <item name='org.dom4j.io.OutputFormat void setIndent(java.lang.String)'>
        <annotation name='com.intellij.inspections.tainted.annotation.equation.Equations'>
            <val val="{ &quot;indent := #parseOptions(java.lang.String[], int)#0&quot; }"/>
        </annotation>
    </item>
    <item name='org.dom4j.io.OutputFormat void setIndentSize(int)'>
        <annotation name='com.intellij.inspections.tainted.annotation.equation.Equations'>
            <val val="{ &quot;indentSize := &quot; }"/>
        </annotation>
    </item>
    <item name='org.dom4j.io.OutputFormat void setLineSeparator(java.lang.String)'>
        <annotation name='com.intellij.inspections.tainted.annotation.equation.Equations'>
            <val val="{ &quot;separator := #parseOptions(java.lang.String[], int)#0&quot; }"/>
        </annotation>
    </item>
    <item name='org.dom4j.io.SAXContentHandler'>
        <annotation name='com.intellij.inspections.tainted.annotation.equation.Equations'>
            <val val="{ &quot;SAXContentHandler := #setIncludeExternalDTDDeclarations(boolean)#0 &amp; #setInputSource(org.xml.sax.InputSource)#0 &amp; #setIncludeInternalDTDDeclarations(boolean)#0 &amp; #setEntityResolver(org.xml.sax.EntityResolver)#0 &amp; #setMergeAdjacentText(boolean)#0 &amp; #setStripWhitespaceText(boolean)#0 &amp; #setIgnoreComments(boolean)#0 &amp; #SAXContentHandler(org.dom4j.DocumentFactory, org.dom4j.ElementHandler, org.dom4j.io.ElementStack)#0 &amp; #SAXContentHandler(org.dom4j.DocumentFactory, org.dom4j.ElementHandler, org.dom4j.io.ElementStack)#1 &amp; #SAXContentHandler(org.dom4j.DocumentFactory, org.dom4j.ElementHandler, org.dom4j.io.ElementStack)#2 &amp; #setDocumentLocator(org.xml.sax.Locator)#0 &amp; #startEntity(java.lang.String)#0 &amp; #setElementStack(org.dom4j.io.ElementStack)#0&quot; }"/>
        </annotation>
    </item>
    <item name='org.dom4j.io.SAXContentHandler SAXContentHandler()'>
        <annotation name='com.intellij.inspections.tainted.annotation.equation.Equations'>
            <val val="{ &quot;SAXContentHandler := SAXContentHandler&quot; }"/>
        </annotation>
    </item>
    <item name='org.dom4j.io.SAXContentHandler SAXContentHandler(org.dom4j.DocumentFactory)'>
        <annotation name='com.intellij.inspections.tainted.annotation.equation.Equations'>
            <val val="{ &quot;documentFactory := &quot;, &quot;SAXContentHandler := SAXContentHandler&quot; }"/>
        </annotation>
    </item>
    <item name='org.dom4j.io.SAXContentHandler SAXContentHandler(org.dom4j.DocumentFactory, org.dom4j.ElementHandler)'>
        <annotation name='com.intellij.inspections.tainted.annotation.equation.Equations'>
            <val val="{ &quot;documentFactory := #SAXContentHandler(org.dom4j.DocumentFactory)#0&quot;, &quot;elementHandler := SAXReader&quot;, &quot;SAXContentHandler := SAXContentHandler&quot; }"/>
        </annotation>
    </item>
    <item name='org.dom4j.io.SAXContentHandler SAXContentHandler(org.dom4j.DocumentFactory, org.dom4j.ElementHandler, org.dom4j.io.ElementStack)'>
        <annotation name='com.intellij.inspections.tainted.annotation.equation.Equations'>
            <val val="{ &quot;SAXContentHandler := SAXContentHandler&quot;, &quot;elementHandler := #SAXContentHandler(org.dom4j.DocumentFactory, org.dom4j.ElementHandler)#1&quot;, &quot;documentFactory := #SAXContentHandler(org.dom4j.DocumentFactory, org.dom4j.ElementHandler)#0&quot; }"/>
        </annotation>
    </item>
    <item name='org.dom4j.io.SAXContentHandler boolean isIgnorableEntity(java.lang.String)'>
        <annotation name='com.intellij.inspections.tainted.annotation.equation.Equations'>
            <val val="{ &quot;isIgnorableEntity := &quot; }"/>
        </annotation>
    </item>
    <item name='org.dom4j.io.SAXContentHandler boolean isIgnoreComments()'>
        <annotation name='com.intellij.inspections.tainted.annotation.equation.Equations'>
            <val val="{ &quot;isIgnoreComments := SAXContentHandler&quot; }"/>
        </annotation>
    </item>
    <item name='org.dom4j.io.SAXContentHandler boolean isIncludeExternalDTDDeclarations()'>
        <annotation name='com.intellij.inspections.tainted.annotation.equation.Equations'>
            <val val="{ &quot;isIncludeExternalDTDDeclarations := SAXContentHandler&quot; }"/>
        </annotation>
    </item>
    <item name='org.dom4j.io.SAXContentHandler boolean isIncludeInternalDTDDeclarations()'>
        <annotation name='com.intellij.inspections.tainted.annotation.equation.Equations'>
            <val val="{ &quot;isIncludeInternalDTDDeclarations := SAXContentHandler&quot; }"/>
        </annotation>
    </item>
    <item name='org.dom4j.io.SAXContentHandler boolean isMergeAdjacentText()'>
        <annotation name='com.intellij.inspections.tainted.annotation.equation.Equations'>
            <val val="{ &quot;isMergeAdjacentText := SAXContentHandler&quot; }"/>
        </annotation>
    </item>
    <item name='org.dom4j.io.SAXContentHandler boolean isStripWhitespaceText()'>
        <annotation name='com.intellij.inspections.tainted.annotation.equation.Equations'>
            <val val="{ &quot;isStripWhitespaceText := SAXContentHandler&quot; }"/>
        </annotation>
    </item>
    <item name='org.dom4j.io.SAXContentHandler java.lang.String getEncoding()'>
        <annotation name='com.intellij.inspections.tainted.annotation.equation.Equations'>
            <val val="{ &quot;getEncoding := &quot; }"/>
        </annotation>
    </item>
    <item name='org.dom4j.io.SAXContentHandler org.dom4j.Document createDocument()'>
        <annotation name='com.intellij.inspections.tainted.annotation.equation.Equations'>
            <val val="{ &quot;createDocument := &quot; }"/>
        </annotation>
    </item>
    <item name='org.dom4j.io.SAXContentHandler org.dom4j.Document getDocument()'>
        <annotation name='com.intellij.inspections.tainted.annotation.equation.Equations'>
            <val val="{ &quot;getDocument := SAXContentHandler&quot; }"/>
        </annotation>
    </item>
    <item name='org.dom4j.io.SAXContentHandler org.dom4j.io.ElementStack createElementStack()'>
        <annotation name='com.intellij.inspections.tainted.annotation.equation.Equations'>
            <val val="{ &quot;createElementStack := &quot; }"/>
        </annotation>
    </item>
    <item name='org.dom4j.io.SAXContentHandler org.dom4j.io.ElementStack getElementStack()'>
        <annotation name='com.intellij.inspections.tainted.annotation.equation.Equations'>
            <val val="{ &quot;getElementStack := SAXContentHandler&quot; }"/>
        </annotation>
    </item>
    <item name='org.dom4j.io.SAXContentHandler org.xml.sax.EntityResolver getEntityResolver()'>
        <annotation name='com.intellij.inspections.tainted.annotation.equation.Equations'>
            <val val="{ &quot;getEntityResolver := SAXContentHandler&quot; }"/>
        </annotation>
    </item>
    <item name='org.dom4j.io.SAXContentHandler org.xml.sax.InputSource getInputSource()'>
        <annotation name='com.intellij.inspections.tainted.annotation.equation.Equations'>
            <val val="{ &quot;getInputSource := SAXContentHandler&quot; }"/>
        </annotation>
    </item>
    <item name='org.dom4j.io.SAXContentHandler void addAttributes(org.dom4j.Element, org.xml.sax.Attributes)'>
        <annotation name='com.intellij.inspections.tainted.annotation.equation.Equations'>
            <val val="{ &quot;attributes := #startElement(java.lang.String, java.lang.String, java.lang.String, org.xml.sax.Attributes)#3&quot;, &quot;element := &quot; }"/>
        </annotation>
    </item>
    <item name='org.dom4j.io.SAXContentHandler void addDTDDeclaration(org.dom4j.dtd.Decl)'>
        <annotation name='com.intellij.inspections.tainted.annotation.equation.Equations'>
            <val val="{ &quot;declaration := &quot; }"/>
        </annotation>
    </item>
    <item name='org.dom4j.io.SAXContentHandler void addDeclaredNamespaces(org.dom4j.Element)'>
        <annotation name='com.intellij.inspections.tainted.annotation.equation.Equations'>
            <val val="{ &quot;element := &quot; }"/>
        </annotation>
    </item>
    <item name='org.dom4j.io.SAXContentHandler void addExternalDTDDeclaration(org.dom4j.dtd.Decl)'>
        <annotation name='com.intellij.inspections.tainted.annotation.equation.Equations'>
            <val val="{ &quot;declaration := &quot; }"/>
        </annotation>
    </item>
    <item name='org.dom4j.io.SAXContentHandler void attributeDecl(java.lang.String, java.lang.String, java.lang.String, java.lang.String, java.lang.String)'>
        <annotation name='com.intellij.inspections.tainted.annotation.equation.Equations'>
            <val val="{ &quot;val := org.xml.sax.ext.DeclHandler#attributeDecl(java.lang.String, java.lang.String, java.lang.String, java.lang.String, java.lang.String)#4&quot;, &quot;type := org.xml.sax.ext.DeclHandler#attributeDecl(java.lang.String, java.lang.String, java.lang.String, java.lang.String, java.lang.String)#2&quot;, &quot;aName := org.xml.sax.ext.DeclHandler#attributeDecl(java.lang.String, java.lang.String, java.lang.String, java.lang.String, java.lang.String)#1&quot;, &quot;eName := org.xml.sax.ext.DeclHandler#attributeDecl(java.lang.String, java.lang.String, java.lang.String, java.lang.String, java.lang.String)#0&quot;, &quot;valueDefault := org.xml.sax.ext.DeclHandler#attributeDecl(java.lang.String, java.lang.String, java.lang.String, java.lang.String, java.lang.String)#3&quot; }"/>
        </annotation>
    </item>
    <item name='org.dom4j.io.SAXContentHandler void characters(char[], int, int)'>
        <annotation name='com.intellij.inspections.tainted.annotation.equation.Equations'>
            <val val="{ &quot;end := org.xml.sax.helpers.DefaultHandler#characters(char[], int, int)#2&quot;, &quot;start := org.xml.sax.helpers.DefaultHandler#characters(char[], int, int)#1&quot;, &quot;ch := org.xml.sax.helpers.DefaultHandler#characters(char[], int, int)#0&quot; }"/>
        </annotation>
    </item>
    <item name='org.dom4j.io.SAXContentHandler void comment(char[], int, int)'>
        <annotation name='com.intellij.inspections.tainted.annotation.equation.Equations'>
            <val val="{ &quot;end := org.xml.sax.ext.LexicalHandler#comment(char[], int, int)#2&quot;, &quot;start := org.xml.sax.ext.LexicalHandler#comment(char[], int, int)#1&quot;, &quot;ch := org.xml.sax.ext.LexicalHandler#comment(char[], int, int)#0&quot; }"/>
        </annotation>
    </item>
    <item name='org.dom4j.io.SAXContentHandler void elementDecl(java.lang.String, java.lang.String)'>
        <annotation name='com.intellij.inspections.tainted.annotation.equation.Equations'>
            <val val="{ &quot;model := org.xml.sax.ext.DeclHandler#elementDecl(java.lang.String, java.lang.String)#1&quot;, &quot;name := org.xml.sax.ext.DeclHandler#elementDecl(java.lang.String, java.lang.String)#0&quot; }"/>
        </annotation>
    </item>
    <item name='org.dom4j.io.SAXContentHandler void endElement(java.lang.String, java.lang.String, java.lang.String)'>
        <annotation name='com.intellij.inspections.tainted.annotation.equation.Equations'>
            <val val="{ &quot;qName := org.xml.sax.helpers.DefaultHandler#endElement(java.lang.String, java.lang.String, java.lang.String)#2&quot;, &quot;namespaceURI := org.xml.sax.helpers.DefaultHandler#endElement(java.lang.String, java.lang.String, java.lang.String)#0&quot;, &quot;localName := org.xml.sax.helpers.DefaultHandler#endElement(java.lang.String, java.lang.String, java.lang.String)#1&quot; }"/>
        </annotation>
    </item>
    <item name='org.dom4j.io.SAXContentHandler void endEntity(java.lang.String)'>
        <annotation name='com.intellij.inspections.tainted.annotation.equation.Equations'>
            <val val="{ &quot;name := org.xml.sax.ext.LexicalHandler#endEntity(java.lang.String)#0&quot; }"/>
        </annotation>
    </item>
    <item name='org.dom4j.io.SAXContentHandler void endPrefixMapping(java.lang.String)'>
        <annotation name='com.intellij.inspections.tainted.annotation.equation.Equations'>
            <val val="{ &quot;prefix := org.xml.sax.helpers.DefaultHandler#endPrefixMapping(java.lang.String)#0&quot; }"/>
        </annotation>
    </item>
    <item name='org.dom4j.io.SAXContentHandler void error(org.xml.sax.SAXParseException)'>
        <annotation name='com.intellij.inspections.tainted.annotation.equation.Equations'>
            <val val="{ &quot;exception := org.xml.sax.helpers.DefaultHandler#error(org.xml.sax.SAXParseException)#0&quot; }"/>
        </annotation>
    </item>
    <item name='org.dom4j.io.SAXContentHandler void externalEntityDecl(java.lang.String, java.lang.String, java.lang.String)'>
        <annotation name='com.intellij.inspections.tainted.annotation.equation.Equations'>
            <val val="{ &quot;sysId := org.xml.sax.ext.DeclHandler#externalEntityDecl(java.lang.String, java.lang.String, java.lang.String)#2&quot;, &quot;name := org.xml.sax.ext.DeclHandler#externalEntityDecl(java.lang.String, java.lang.String, java.lang.String)#0&quot;, &quot;publicId := org.xml.sax.ext.DeclHandler#externalEntityDecl(java.lang.String, java.lang.String, java.lang.String)#1&quot; }"/>
        </annotation>
    </item>
    <item name='org.dom4j.io.SAXContentHandler void fatalError(org.xml.sax.SAXParseException)'>
        <annotation name='com.intellij.inspections.tainted.annotation.equation.Equations'>
            <val val="{ &quot;exception := org.xml.sax.helpers.DefaultHandler#fatalError(org.xml.sax.SAXParseException)#0&quot; }"/>
        </annotation>
    </item>
    <item name='org.dom4j.io.SAXContentHandler void internalEntityDecl(java.lang.String, java.lang.String)'>
        <annotation name='com.intellij.inspections.tainted.annotation.equation.Equations'>
            <val val="{ &quot;value := org.xml.sax.ext.DeclHandler#internalEntityDecl(java.lang.String, java.lang.String)#1&quot;, &quot;name := org.xml.sax.ext.DeclHandler#internalEntityDecl(java.lang.String, java.lang.String)#0&quot; }"/>
        </annotation>
    </item>
    <item name='org.dom4j.io.SAXContentHandler void notationDecl(java.lang.String, java.lang.String, java.lang.String)'>
        <annotation name='com.intellij.inspections.tainted.annotation.equation.Equations'>
            <val val="{ &quot;name := org.xml.sax.DTDHandler#notationDecl(java.lang.String, java.lang.String, java.lang.String)#0&quot;, &quot;publicId := org.xml.sax.DTDHandler#notationDecl(java.lang.String, java.lang.String, java.lang.String)#1&quot;, &quot;systemId := org.xml.sax.DTDHandler#notationDecl(java.lang.String, java.lang.String, java.lang.String)#2&quot; }"/>
        </annotation>
    </item>
    <item name='org.dom4j.io.SAXContentHandler void processingInstruction(java.lang.String, java.lang.String)'>
        <annotation name='com.intellij.inspections.tainted.annotation.equation.Equations'>
            <val val="{ &quot;target := org.xml.sax.helpers.DefaultHandler#processingInstruction(java.lang.String, java.lang.String)#0&quot;, &quot;data := org.xml.sax.helpers.DefaultHandler#processingInstruction(java.lang.String, java.lang.String)#1&quot; }"/>
        </annotation>
    </item>
    <item name='org.dom4j.io.SAXContentHandler void setDocumentLocator(org.xml.sax.Locator)'>
        <annotation name='com.intellij.inspections.tainted.annotation.equation.Equations'>
            <val val="{ &quot;documentLocator := org.xml.sax.helpers.DefaultHandler#setDocumentLocator(org.xml.sax.Locator)#0&quot; }"/>
        </annotation>
    </item>
    <item name='org.dom4j.io.SAXContentHandler void setEntityResolver(org.xml.sax.EntityResolver)'>
        <annotation name='com.intellij.inspections.tainted.annotation.equation.Equations'>
            <val val="{ &quot;entityResolver := SAXReader&quot; }"/>
        </annotation>
    </item>
    <item name='org.dom4j.io.SAXContentHandler void setIgnoreComments(boolean)'>
        <annotation name='com.intellij.inspections.tainted.annotation.equation.Equations'>
            <val val="{ &quot;ignoreComments := &quot; }"/>
        </annotation>
    </item>
    <item name='org.dom4j.io.SAXContentHandler void setIncludeExternalDTDDeclarations(boolean)'>
        <annotation name='com.intellij.inspections.tainted.annotation.equation.Equations'>
            <val val="{ &quot;include := &quot; }"/>
        </annotation>
    </item>
    <item name='org.dom4j.io.SAXContentHandler void setIncludeInternalDTDDeclarations(boolean)'>
        <annotation name='com.intellij.inspections.tainted.annotation.equation.Equations'>
            <val val="{ &quot;include := &quot; }"/>
        </annotation>
    </item>
    <item name='org.dom4j.io.SAXContentHandler void setInputSource(org.xml.sax.InputSource)'>
        <annotation name='com.intellij.inspections.tainted.annotation.equation.Equations'>
            <val val="{ &quot;inputSource := SAXReader#read(org.xml.sax.InputSource)#0&quot; }"/>
        </annotation>
    </item>
    <item name='org.dom4j.io.SAXContentHandler void setMergeAdjacentText(boolean)'>
        <annotation name='com.intellij.inspections.tainted.annotation.equation.Equations'>
            <val val="{ &quot;mergeAdjacentText := &quot; }"/>
        </annotation>
    </item>
    <item name='org.dom4j.io.SAXContentHandler void setStripWhitespaceText(boolean)'>
        <annotation name='com.intellij.inspections.tainted.annotation.equation.Equations'>
            <val val="{ &quot;stripWhitespaceText := &quot; }"/>
        </annotation>
    </item>
    <item name='org.dom4j.io.SAXContentHandler void startDTD(java.lang.String, java.lang.String, java.lang.String)'>
        <annotation name='com.intellij.inspections.tainted.annotation.equation.Equations'>
            <val val="{ &quot;name := org.xml.sax.ext.LexicalHandler#startDTD(java.lang.String, java.lang.String, java.lang.String)#0&quot;, &quot;publicId := org.xml.sax.ext.LexicalHandler#startDTD(java.lang.String, java.lang.String, java.lang.String)#1&quot;, &quot;systemId := org.xml.sax.ext.LexicalHandler#startDTD(java.lang.String, java.lang.String, java.lang.String)#2&quot; }"/>
        </annotation>
    </item>
    <item name='org.dom4j.io.SAXContentHandler void startElement(java.lang.String, java.lang.String, java.lang.String, org.xml.sax.Attributes)'>
        <annotation name='com.intellij.inspections.tainted.annotation.equation.Equations'>
            <val val="{ &quot;namespaceURI := org.xml.sax.helpers.DefaultHandler#startElement(java.lang.String, java.lang.String, java.lang.String, org.xml.sax.Attributes)#0&quot;, &quot;localName := org.xml.sax.helpers.DefaultHandler#startElement(java.lang.String, java.lang.String, java.lang.String, org.xml.sax.Attributes)#1&quot;, &quot;qualifiedName := org.xml.sax.helpers.DefaultHandler#startElement(java.lang.String, java.lang.String, java.lang.String, org.xml.sax.Attributes)#2&quot;, &quot;attributes := org.xml.sax.helpers.DefaultHandler#startElement(java.lang.String, java.lang.String, java.lang.String, org.xml.sax.Attributes)#3&quot; }"/>
        </annotation>
    </item>
    <item name='org.dom4j.io.SAXContentHandler void startEntity(java.lang.String)'>
        <annotation name='com.intellij.inspections.tainted.annotation.equation.Equations'>
            <val val="{ &quot;name := org.xml.sax.ext.LexicalHandler#startEntity(java.lang.String)#0&quot; }"/>
        </annotation>
    </item>
    <item name='org.dom4j.io.SAXContentHandler void startPrefixMapping(java.lang.String, java.lang.String)'>
        <annotation name='com.intellij.inspections.tainted.annotation.equation.Equations'>
            <val val="{ &quot;uri := org.xml.sax.helpers.DefaultHandler#startPrefixMapping(java.lang.String, java.lang.String)#1&quot;, &quot;prefix := org.xml.sax.helpers.DefaultHandler#startPrefixMapping(java.lang.String, java.lang.String)#0&quot; }"/>
        </annotation>
    </item>
    <item name='org.dom4j.io.SAXContentHandler void unparsedEntityDecl(java.lang.String, java.lang.String, java.lang.String, java.lang.String)'>
        <annotation name='com.intellij.inspections.tainted.annotation.equation.Equations'>
            <val val="{ &quot;name := org.xml.sax.DTDHandler#unparsedEntityDecl(java.lang.String, java.lang.String, java.lang.String, java.lang.String)#0&quot;, &quot;publicId := org.xml.sax.DTDHandler#unparsedEntityDecl(java.lang.String, java.lang.String, java.lang.String, java.lang.String)#1&quot;, &quot;notationName := org.xml.sax.DTDHandler#unparsedEntityDecl(java.lang.String, java.lang.String, java.lang.String, java.lang.String)#3&quot;, &quot;systemId := org.xml.sax.DTDHandler#unparsedEntityDecl(java.lang.String, java.lang.String, java.lang.String, java.lang.String)#2&quot; }"/>
        </annotation>
    </item>
    <item name='org.dom4j.io.SAXContentHandler void warning(org.xml.sax.SAXParseException)'>
        <annotation name='com.intellij.inspections.tainted.annotation.equation.Equations'>
            <val val="{ &quot;exception := org.xml.sax.helpers.DefaultHandler#warning(org.xml.sax.SAXParseException)#0&quot; }"/>
        </annotation>
    </item>
    <item name='org.dom4j.io.SAXHelper SAXHelper()'>
        <annotation name='com.intellij.inspections.tainted.annotation.equation.Equations'>
            <val val="{ &quot;SAXHelper := SAXHelper&quot; }"/>
        </annotation>
    </item>
    <item name='org.dom4j.io.SAXHelper boolean setParserFeature(org.xml.sax.XMLReader, java.lang.String, boolean)'>
        <annotation name='com.intellij.inspections.tainted.annotation.equation.Equations'>
            <val val="{ &quot;value := &quot;, &quot;reader := SAXReader#configureReader(org.xml.sax.XMLReader, org.xml.sax.helpers.DefaultHandler)#0&quot;, &quot;featureName := SAXReader#SAX_STRING_INTERNING&quot; }"/>
        </annotation>
    </item>
    <item name='org.dom4j.io.SAXHelper boolean setParserProperty(org.xml.sax.XMLReader, java.lang.String, java.lang.Object)'>
        <annotation name='com.intellij.inspections.tainted.annotation.equation.Equations'>
            <val val="{ &quot;value := SAXReader#configureReader(org.xml.sax.XMLReader, org.xml.sax.helpers.DefaultHandler)#1&quot;, &quot;reader := SAXReader#configureReader(org.xml.sax.XMLReader, org.xml.sax.helpers.DefaultHandler)#0&quot;, &quot;propertyName := SAXReader#SAX_LEXICALHANDLER &amp; SAXReader#SAX_LEXICAL_HANDLER &amp; SAXReader#SAX_DECL_HANDLER&quot; }"/>
        </annotation>
    </item>
    <item name='org.dom4j.io.SAXHelper org.xml.sax.XMLReader createXMLReader(boolean)'>
        <annotation name='com.intellij.inspections.tainted.annotation.equation.Equations'>
            <val val="{ &quot;validating := &quot;, &quot;createXMLReader := &quot; }"/>
        </annotation>
    </item>
    <item name='org.dom4j.io.SAXHelper org.xml.sax.XMLReader createXMLReaderViaJAXP(boolean, boolean)'>
        <annotation name='com.intellij.inspections.tainted.annotation.equation.Equations'>
            <val val="{ &quot;createXMLReaderViaJAXP := &quot;, &quot;validating := #createXMLReader(boolean)#0&quot; }"/>
        </annotation>
    </item>
    <item name='org.dom4j.io.SAXReader'>
        <annotation name='com.intellij.inspections.tainted.annotation.equation.Equations'>
            <val val="{ &quot;SAXReader := #setValidation(boolean)#0 &amp; #setMergeAdjacentText(boolean)#0 &amp; #setErrorHandler(org.xml.sax.ErrorHandler)#0 &amp; #setEntityResolver(org.xml.sax.EntityResolver)#0 &amp; SAXReader &amp; #SAXReader(boolean)#0 &amp; #SAXReader(org.dom4j.DocumentFactory)#0 &amp; #SAXReader(org.dom4j.DocumentFactory, boolean)#0 &amp; #SAXReader(org.dom4j.DocumentFactory, boolean)#1 &amp; #SAXReader(org.xml.sax.XMLReader)#0 &amp; #SAXReader(org.xml.sax.XMLReader, boolean)#0 &amp; #SAXReader(org.xml.sax.XMLReader, boolean)#1 &amp; #SAXReader(java.lang.String, boolean)#1 &amp; #setIncludeInternalDTDDeclarations(boolean)#0 &amp; #setIncludeExternalDTDDeclarations(boolean)#0 &amp; #setStringInternEnabled(boolean)#0 &amp; #setStripWhitespaceText(boolean)#0 &amp; #setIgnoreComments(boolean)#0 &amp; #setDocumentFactory(org.dom4j.DocumentFactory)#0 &amp; #setXMLReader(org.xml.sax.XMLReader)#0 &amp; #setEncoding(java.lang.String)#0 &amp; #setXMLFilter(org.xml.sax.XMLFilter)#0 &amp; #setDispatchHandler(org.dom4j.io.DispatchHandler)#0&quot; }"/>
        </annotation>
    </item>
    <item name='org.dom4j.io.SAXReader SAXReader()'>
        <annotation name='com.intellij.inspections.tainted.annotation.equation.Equations'>
            <val val="{ &quot;SAXReader := SAXReader&quot; }"/>
        </annotation>
    </item>
    <item name='org.dom4j.io.SAXReader SAXReader(boolean)'>
        <annotation name='com.intellij.inspections.tainted.annotation.equation.Equations'>
            <val val="{ &quot;SAXReader := SAXReader&quot; }"/>
        </annotation>
    </item>
    <item name='org.dom4j.io.SAXReader SAXReader(java.lang.String)'>
        <annotation name='com.intellij.inspections.tainted.annotation.equation.Equations'>
            <val val="{ &quot;SAXReader := SAXReader&quot; }"/>
        </annotation>
    </item>
    <item name='org.dom4j.io.SAXReader SAXReader(java.lang.String, boolean)'>
        <annotation name='com.intellij.inspections.tainted.annotation.equation.Equations'>
            <val val="{ &quot;SAXReader := SAXReader&quot; }"/>
        </annotation>
    </item>
    <item name='org.dom4j.io.SAXReader SAXReader(org.dom4j.DocumentFactory)'>
        <annotation name='com.intellij.inspections.tainted.annotation.equation.Equations'>
            <val val="{ &quot;SAXReader := SAXReader&quot; }"/>
        </annotation>
    </item>
    <item name='org.dom4j.io.SAXReader SAXReader(org.dom4j.DocumentFactory, boolean)'>
        <annotation name='com.intellij.inspections.tainted.annotation.equation.Equations'>
            <val val="{ &quot;SAXReader := SAXReader&quot; }"/>
        </annotation>
    </item>
    <item name='org.dom4j.io.SAXReader SAXReader(org.xml.sax.XMLReader)'>
        <annotation name='com.intellij.inspections.tainted.annotation.equation.Equations'>
            <val val="{ &quot;SAXReader := SAXReader&quot; }"/>
        </annotation>
    </item>
    <item name='org.dom4j.io.SAXReader SAXReader(org.xml.sax.XMLReader, boolean)'>
        <annotation name='com.intellij.inspections.tainted.annotation.equation.Equations'>
            <val val="{ &quot;SAXReader := SAXReader&quot; }"/>
        </annotation>
    </item>
    <item name='org.dom4j.io.SAXReader boolean isIgnoreComments()'>
        <annotation name='com.intellij.inspections.tainted.annotation.equation.Equations'>
            <val val="{ &quot;isIgnoreComments := SAXReader&quot; }"/>
        </annotation>
    </item>
    <item name='org.dom4j.io.SAXReader boolean isIncludeExternalDTDDeclarations()'>
        <annotation name='com.intellij.inspections.tainted.annotation.equation.Equations'>
            <val val="{ &quot;isIncludeExternalDTDDeclarations := SAXReader&quot; }"/>
        </annotation>
    </item>
    <item name='org.dom4j.io.SAXReader boolean isIncludeInternalDTDDeclarations()'>
        <annotation name='com.intellij.inspections.tainted.annotation.equation.Equations'>
            <val val="{ &quot;isIncludeInternalDTDDeclarations := SAXReader&quot; }"/>
        </annotation>
    </item>
    <item name='org.dom4j.io.SAXReader boolean isMergeAdjacentText()'>
        <annotation name='com.intellij.inspections.tainted.annotation.equation.Equations'>
            <val val="{ &quot;isMergeAdjacentText := SAXReader&quot; }"/>
        </annotation>
    </item>
    <item name='org.dom4j.io.SAXReader boolean isStringInternEnabled()'>
        <annotation name='com.intellij.inspections.tainted.annotation.equation.Equations'>
            <val val="{ &quot;isStringInternEnabled := SAXReader&quot; }"/>
        </annotation>
    </item>
    <item name='org.dom4j.io.SAXReader boolean isStripWhitespaceText()'>
        <annotation name='com.intellij.inspections.tainted.annotation.equation.Equations'>
            <val val="{ &quot;isStripWhitespaceText := SAXReader&quot; }"/>
        </annotation>
    </item>
    <item name='org.dom4j.io.SAXReader boolean isValidating()'>
        <annotation name='com.intellij.inspections.tainted.annotation.equation.Equations'>
            <val val="{ &quot;isValidating := SAXReader&quot; }"/>
        </annotation>
    </item>
    <item name='org.dom4j.io.SAXReader java.lang.String getEncoding()'>
        <annotation name='com.intellij.inspections.tainted.annotation.equation.Equations'>
            <val val="{ &quot;getEncoding := SAXReader&quot; }"/>
        </annotation>
    </item>
    <item name='org.dom4j.io.SAXReader org.dom4j.Document read(java.io.File)'>
        <annotation name='com.intellij.inspections.tainted.annotation.equation.Equations'>
            <val val="{ &quot;read := &quot; }"/>
        </annotation>
    </item>
    <item name='org.dom4j.io.SAXReader org.dom4j.Document read(java.io.InputStream)'>
        <annotation name='com.intellij.inspections.tainted.annotation.equation.Equations'>
            <val val="{ &quot;in := org.hibernate.test.annotations.xml.ejb3.Ejb3XmlTestCase#getContext(java.io.InputStream)#0&quot;, &quot;read := &quot; }"/>
        </annotation>
    </item>
    <item name='org.dom4j.io.SAXReader org.dom4j.Document read(java.io.InputStream, java.lang.String)'>
        <annotation name='com.intellij.inspections.tainted.annotation.equation.Equations'>
            <val val="{ &quot;read := &quot; }"/>
        </annotation>
    </item>
    <item name='org.dom4j.io.SAXReader org.dom4j.Document read(java.io.Reader)'>
        <annotation name='com.intellij.inspections.tainted.annotation.equation.Equations'>
            <val val="{ &quot;read := &quot; }"/>
        </annotation>
    </item>
    <item name='org.dom4j.io.SAXReader org.dom4j.Document read(java.io.Reader, java.lang.String)'>
        <annotation name='com.intellij.inspections.tainted.annotation.equation.Equations'>
            <val val="{ &quot;read := &quot; }"/>
        </annotation>
    </item>
    <item name='org.dom4j.io.SAXReader org.dom4j.Document read(java.lang.String)'>
        <annotation name='com.intellij.inspections.tainted.annotation.equation.Equations'>
            <val val="{ &quot;read := &quot;, &quot;systemId := org.jaxen.dom4j.DocumentNavigator#getDocument(java.lang.String)#0&quot; }"/>
        </annotation>
    </item>
    <item name='org.dom4j.io.SAXReader org.dom4j.Document read(java.net.URL)'>
        <annotation name='com.intellij.inspections.tainted.annotation.equation.Equations'>
            <val val="{ &quot;read := &quot; }"/>
        </annotation>
    </item>
    <item name='org.dom4j.io.SAXReader org.dom4j.Document read(org.xml.sax.InputSource)'>
        <annotation name='com.intellij.inspections.tainted.annotation.equation.Equations'>
            <val val="{ &quot;in := &quot;, &quot;read := &quot; }"/>
        </annotation>
    </item>
    <item name='org.dom4j.io.SAXReader org.dom4j.DocumentFactory getDocumentFactory()'>
        <annotation name='com.intellij.inspections.tainted.annotation.equation.Equations'>
            <val val="{ &quot;getDocumentFactory := SAXReader&quot; }"/>
        </annotation>
    </item>
    <item name='org.dom4j.io.SAXReader org.dom4j.io.DispatchHandler getDispatchHandler()'>
        <annotation name='com.intellij.inspections.tainted.annotation.equation.Equations'>
            <val val="{ &quot;getDispatchHandler := SAXReader&quot; }"/>
        </annotation>
    </item>
    <item name='org.dom4j.io.SAXReader org.dom4j.io.SAXContentHandler createContentHandler(org.xml.sax.XMLReader)'>
        <annotation name='com.intellij.inspections.tainted.annotation.equation.Equations'>
            <val val="{ &quot;reader := &quot;, &quot;createContentHandler := &quot; }"/>
        </annotation>
    </item>
    <item name='org.dom4j.io.SAXReader org.xml.sax.EntityResolver createDefaultEntityResolver(java.lang.String)'>
        <annotation name='com.intellij.inspections.tainted.annotation.equation.Equations'>
            <val val="{ &quot;systemId := &quot;, &quot;createDefaultEntityResolver := &quot; }"/>
        </annotation>
    </item>
    <item name='org.dom4j.io.SAXReader org.xml.sax.EntityResolver getEntityResolver()'>
        <annotation name='com.intellij.inspections.tainted.annotation.equation.Equations'>
            <val val="{ &quot;getEntityResolver := SAXReader&quot; }"/>
        </annotation>
    </item>
    <item name='org.dom4j.io.SAXReader org.xml.sax.ErrorHandler getErrorHandler()'>
        <annotation name='com.intellij.inspections.tainted.annotation.equation.Equations'>
            <val val="{ &quot;getErrorHandler := SAXReader&quot; }"/>
        </annotation>
    </item>
    <item name='org.dom4j.io.SAXReader org.xml.sax.XMLFilter getXMLFilter()'>
        <annotation name='com.intellij.inspections.tainted.annotation.equation.Equations'>
            <val val="{ &quot;getXMLFilter := SAXReader&quot; }"/>
        </annotation>
    </item>
    <item name='org.dom4j.io.SAXReader org.xml.sax.XMLReader createXMLReader()'>
        <annotation name='com.intellij.inspections.tainted.annotation.equation.Equations'>
            <val val="{ &quot;createXMLReader := &quot; }"/>
        </annotation>
    </item>
    <item name='org.dom4j.io.SAXReader org.xml.sax.XMLReader getXMLReader()'>
        <annotation name='com.intellij.inspections.tainted.annotation.equation.Equations'>
            <val val="{ &quot;getXMLReader := SAXReader&quot; }"/>
        </annotation>
    </item>
    <item name='org.dom4j.io.SAXReader org.xml.sax.XMLReader installXMLFilter(org.xml.sax.XMLReader)'>
        <annotation name='com.intellij.inspections.tainted.annotation.equation.Equations'>
            <val val="{ &quot;reader := &quot;, &quot;installXMLFilter := reader&quot; }"/>
        </annotation>
    </item>
    <item name='org.dom4j.io.SAXReader void configureReader(org.xml.sax.XMLReader, org.xml.sax.helpers.DefaultHandler)'>
        <annotation name='com.intellij.inspections.tainted.annotation.equation.Equations'>
            <val val="{ &quot;handler := &quot;, &quot;reader := &quot; }"/>
        </annotation>
    </item>
    <item name='org.dom4j.io.SAXReader void setEntityResolver(org.xml.sax.EntityResolver)'>
        <annotation name='com.intellij.inspections.tainted.annotation.equation.Equations'>
            <val val="{ &quot;entityResolver := org.hibernate.internal.util.xml.XMLHelper#createSAXReader(org.hibernate.internal.util.xml.ErrorLogger, org.xml.sax.EntityResolver)#1&quot; }"/>
        </annotation>
    </item>
    <item name='org.dom4j.io.SAXReader void setErrorHandler(org.xml.sax.ErrorHandler)'>
        <annotation name='com.intellij.inspections.tainted.annotation.equation.Equations'>
            <val val="{ &quot;errorHandler := org.hibernate.internal.util.xml.XMLHelper#createSAXReader(org.hibernate.internal.util.xml.ErrorLogger, org.xml.sax.EntityResolver)#0&quot; }"/>
        </annotation>
    </item>
    <item name='org.dom4j.io.SAXReader void setXMLReader(org.xml.sax.XMLReader)'>
        <annotation name='com.intellij.inspections.tainted.annotation.equation.Equations'>
            <val val="{ &quot;reader := &quot; }"/>
        </annotation>
    </item>
    <item name='org.dom4j.io.SAXReader.SAXEntityResolver'>
        <annotation name='com.intellij.inspections.tainted.annotation.equation.Equations'>
            <val val="{ &quot;SAXEntityResolver := #SAXEntityResolver(java.lang.String)#0&quot; }"/>
        </annotation>
    </item>
    <item name='org.dom4j.io.SAXReader.SAXEntityResolver SAXEntityResolver(java.lang.String)'>
        <annotation name='com.intellij.inspections.tainted.annotation.equation.Equations'>
            <val val="{ &quot;uriPrefix := &quot;, &quot;SAXEntityResolver := SAXReader.SAXEntityResolver&quot; }"/>
        </annotation>
    </item>
    <item name='org.dom4j.io.SAXReader.SAXEntityResolver org.xml.sax.InputSource resolveEntity(java.lang.String, java.lang.String)'>
        <annotation name='com.intellij.inspections.tainted.annotation.equation.Equations'>
            <val val="{ &quot;publicId := org.xml.sax.EntityResolver#resolveEntity(java.lang.String, java.lang.String)#0&quot;, &quot;systemId := org.xml.sax.EntityResolver#resolveEntity(java.lang.String, java.lang.String)#1&quot;, &quot;resolveEntity := &quot; }"/>
        </annotation>
    </item>
    <item name='org.dom4j.io.STAXEventReader'>
        <annotation name='com.intellij.inspections.tainted.annotation.equation.Equations'>
            <val val="{ &quot;STAXEventReader := #STAXEventReader(org.dom4j.DocumentFactory)#0 &amp; #setDocumentFactory(org.dom4j.DocumentFactory)#0&quot; }"/>
        </annotation>
    </item>
    <item name='org.dom4j.io.STAXEventReader STAXEventReader()'>
        <annotation name='com.intellij.inspections.tainted.annotation.equation.Equations'>
            <val val="{ &quot;STAXEventReader := STAXEventReader&quot; }"/>
        </annotation>
    </item>
    <item name='org.dom4j.io.STAXEventReader STAXEventReader(org.dom4j.DocumentFactory)'>
        <annotation name='com.intellij.inspections.tainted.annotation.equation.Equations'>
            <val val="{ &quot;STAXEventReader := STAXEventReader&quot; }"/>
        </annotation>
    </item>
    <item name='org.dom4j.io.STAXEventReader org.dom4j.Attribute createAttribute(org.dom4j.Element, javax.xml.stream.events.Attribute)'>
        <annotation name='com.intellij.inspections.tainted.annotation.equation.Equations'>
            <val val="{ &quot;attr := &quot;, &quot;createAttribute := &quot; }"/>
        </annotation>
    </item>
    <item name='org.dom4j.io.STAXEventReader org.dom4j.Attribute readAttribute(javax.xml.stream.XMLEventReader)'>
        <annotation name='com.intellij.inspections.tainted.annotation.equation.Equations'>
            <val val="{ &quot;readAttribute := &quot;, &quot;reader := #readNode(javax.xml.stream.XMLEventReader)#0&quot; }"/>
        </annotation>
    </item>
    <item name='org.dom4j.io.STAXEventReader org.dom4j.CharacterData createCharacterData(javax.xml.stream.events.Characters)'>
        <annotation name='com.intellij.inspections.tainted.annotation.equation.Equations'>
            <val val="{ &quot;characters := &quot;, &quot;createCharacterData := &quot; }"/>
        </annotation>
    </item>
    <item name='org.dom4j.io.STAXEventReader org.dom4j.CharacterData readCharacters(javax.xml.stream.XMLEventReader)'>
        <annotation name='com.intellij.inspections.tainted.annotation.equation.Equations'>
            <val val="{ &quot;readCharacters := &quot;, &quot;reader := #readNode(javax.xml.stream.XMLEventReader)#0&quot; }"/>
        </annotation>
    </item>
    <item name='org.dom4j.io.STAXEventReader org.dom4j.Comment createComment(javax.xml.stream.events.Comment)'>
        <annotation name='com.intellij.inspections.tainted.annotation.equation.Equations'>
            <val val="{ &quot;createComment := &quot;, &quot;comment := &quot; }"/>
        </annotation>
    </item>
    <item name='org.dom4j.io.STAXEventReader org.dom4j.Comment readComment(javax.xml.stream.XMLEventReader)'>
        <annotation name='com.intellij.inspections.tainted.annotation.equation.Equations'>
            <val val="{ &quot;reader := &quot;, &quot;readComment := &quot; }"/>
        </annotation>
    </item>
    <item name='org.dom4j.io.STAXEventReader org.dom4j.Document readDocument(java.io.InputStream)'>
        <annotation name='com.intellij.inspections.tainted.annotation.equation.Equations'>
            <val val="{ &quot;readDocument := &quot; }"/>
        </annotation>
    </item>
    <item name='org.dom4j.io.STAXEventReader org.dom4j.Document readDocument(java.io.InputStream, java.lang.String)'>
        <annotation name='com.intellij.inspections.tainted.annotation.equation.Equations'>
            <val val="{ &quot;is := #readDocument(java.io.InputStream)#0&quot;, &quot;readDocument := &quot; }"/>
        </annotation>
    </item>
    <item name='org.dom4j.io.STAXEventReader org.dom4j.Document readDocument(java.io.Reader)'>
        <annotation name='com.intellij.inspections.tainted.annotation.equation.Equations'>
            <val val="{ &quot;readDocument := &quot; }"/>
        </annotation>
    </item>
    <item name='org.dom4j.io.STAXEventReader org.dom4j.Document readDocument(java.io.Reader, java.lang.String)'>
        <annotation name='com.intellij.inspections.tainted.annotation.equation.Equations'>
            <val val="{ &quot;readDocument := &quot;, &quot;reader := #readDocument(java.io.Reader)#0&quot; }"/>
        </annotation>
    </item>
    <item name='org.dom4j.io.STAXEventReader org.dom4j.Document readDocument(javax.xml.stream.XMLEventReader)'>
        <annotation name='com.intellij.inspections.tainted.annotation.equation.Equations'>
            <val val="{ &quot;reader := org.hibernate.boot.jaxb.internal.MappingBinder#toDom4jDocument(javax.xml.stream.XMLEventReader, org.hibernate.boot.jaxb.Origin)#0 &amp; #readNode(javax.xml.stream.XMLEventReader)#0&quot;, &quot;readDocument := &quot; }"/>
        </annotation>
    </item>
    <item name='org.dom4j.io.STAXEventReader org.dom4j.Element createElement(javax.xml.stream.events.StartElement)'>
        <annotation name='com.intellij.inspections.tainted.annotation.equation.Equations'>
            <val val="{ &quot;startEvent := &quot;, &quot;createElement := &quot; }"/>
        </annotation>
    </item>
    <item name='org.dom4j.io.STAXEventReader org.dom4j.Element readElement(javax.xml.stream.XMLEventReader)'>
        <annotation name='com.intellij.inspections.tainted.annotation.equation.Equations'>
            <val val="{ &quot;readElement := &quot;, &quot;eventReader := #readNode(javax.xml.stream.XMLEventReader)#0&quot; }"/>
        </annotation>
    </item>
    <item name='org.dom4j.io.STAXEventReader org.dom4j.Entity createEntity(javax.xml.stream.events.EntityReference)'>
        <annotation name='com.intellij.inspections.tainted.annotation.equation.Equations'>
            <val val="{ &quot;createEntity := &quot;, &quot;entityRef := &quot; }"/>
        </annotation>
    </item>
    <item name='org.dom4j.io.STAXEventReader org.dom4j.Entity readEntityReference(javax.xml.stream.XMLEventReader)'>
        <annotation name='com.intellij.inspections.tainted.annotation.equation.Equations'>
            <val val="{ &quot;reader := #readNode(javax.xml.stream.XMLEventReader)#0&quot;, &quot;readEntityReference := &quot; }"/>
        </annotation>
    </item>
    <item name='org.dom4j.io.STAXEventReader org.dom4j.Namespace createNamespace(javax.xml.stream.events.Namespace)'>
        <annotation name='com.intellij.inspections.tainted.annotation.equation.Equations'>
            <val val="{ &quot;ns := &quot;, &quot;createNamespace := &quot; }"/>
        </annotation>
    </item>
    <item name='org.dom4j.io.STAXEventReader org.dom4j.Namespace readNamespace(javax.xml.stream.XMLEventReader)'>
        <annotation name='com.intellij.inspections.tainted.annotation.equation.Equations'>
            <val val="{ &quot;readNamespace := &quot;, &quot;reader := #readNode(javax.xml.stream.XMLEventReader)#0&quot; }"/>
        </annotation>
    </item>
    <item name='org.dom4j.io.STAXEventReader org.dom4j.Node readNode(javax.xml.stream.XMLEventReader)'>
        <annotation name='com.intellij.inspections.tainted.annotation.equation.Equations'>
            <val val="{ &quot;readNode := &quot; }"/>
        </annotation>
    </item>
    <item name='org.dom4j.io.STAXEventReader org.dom4j.ProcessingInstruction createProcessingInstruction(javax.xml.stream.events.ProcessingInstruction)'>
        <annotation name='com.intellij.inspections.tainted.annotation.equation.Equations'>
            <val val="{ &quot;createProcessingInstruction := &quot;, &quot;pi := &quot; }"/>
        </annotation>
    </item>
    <item name='org.dom4j.io.STAXEventReader org.dom4j.ProcessingInstruction readProcessingInstruction(javax.xml.stream.XMLEventReader)'>
        <annotation name='com.intellij.inspections.tainted.annotation.equation.Equations'>
            <val val="{ &quot;reader := #readNode(javax.xml.stream.XMLEventReader)#0&quot;, &quot;readProcessingInstruction := &quot; }"/>
        </annotation>
    </item>
    <item name='org.dom4j.io.STAXEventReader org.dom4j.QName createQName(javax.xml.namespace.QName)'>
        <annotation name='com.intellij.inspections.tainted.annotation.equation.Equations'>
            <val val="{ &quot;createQName := &quot;, &quot;qname := &quot; }"/>
        </annotation>
    </item>
    <item name='org.dom4j.io.XMLWriter'>
        <annotation name='com.intellij.inspections.tainted.annotation.equation.Equations'>
            <val val="{ &quot;XMLWriter := #XMLWriter(java.io.Writer, org.dom4j.io.OutputFormat)#0 &amp; #XMLWriter(java.io.Writer, org.dom4j.io.OutputFormat)#1 &amp; #DEFAULT_FORMAT &amp; #XMLWriter(java.io.OutputStream, org.dom4j.io.OutputFormat)#1 &amp; #XMLWriter(org.dom4j.io.OutputFormat)#0 &amp; #setWriter(java.io.Writer)#0 &amp; #setEscapeText(boolean)#0 &amp; #setIndentLevel(int)#0 &amp; #setMaximumAllowedCharacter(int)#0 &amp; #setLexicalHandler(org.xml.sax.ext.LexicalHandler)#0 &amp; org.dom4j.Node#ELEMENT_NODE &amp; #characters(char[], int, int)#0 &amp; org.dom4j.Node#TEXT_NODE &amp; org.dom4j.Node#PROCESSING_INSTRUCTION_NODE &amp; XMLWriter &amp; org.dom4j.Node#CDATA_SECTION_NODE &amp; org.dom4j.Node#ENTITY_REFERENCE_NODE &amp; org.dom4j.Node#COMMENT_NODE &amp; org.dom4j.Node#ATTRIBUTE_NODE &amp; #setResolveEntityRefs(boolean)#0&quot; }"/>
        </annotation>
    </item>
    <item name='org.dom4j.io.XMLWriter XMLWriter()'>
        <annotation name='com.intellij.inspections.tainted.annotation.equation.Equations'>
            <val val="{ &quot;XMLWriter := XMLWriter&quot; }"/>
        </annotation>
    </item>
    <item name='org.dom4j.io.XMLWriter XMLWriter(java.io.OutputStream)'>
        <annotation name='com.intellij.inspections.tainted.annotation.equation.Equations'>
            <val val="{ &quot;XMLWriter := XMLWriter&quot; }"/>
        </annotation>
    </item>
    <item name='org.dom4j.io.XMLWriter XMLWriter(java.io.OutputStream, org.dom4j.io.OutputFormat)'>
        <annotation name='com.intellij.inspections.tainted.annotation.equation.Equations'>
            <val val="{ &quot;XMLWriter := XMLWriter&quot; }"/>
        </annotation>
    </item>
    <item name='org.dom4j.io.XMLWriter XMLWriter(java.io.Writer)'>
        <annotation name='com.intellij.inspections.tainted.annotation.equation.Equations'>
            <val val="{ &quot;XMLWriter := XMLWriter&quot; }"/>
        </annotation>
    </item>
    <item name='org.dom4j.io.XMLWriter XMLWriter(java.io.Writer, org.dom4j.io.OutputFormat)'>
        <annotation name='com.intellij.inspections.tainted.annotation.equation.Equations'>
            <val val="{ &quot;format := #DEFAULT_FORMAT&quot;, &quot;XMLWriter := XMLWriter&quot;, &quot;writer := #XMLWriter(java.io.Writer)#0 &amp; org.dom4j.tree.AbstractElement#write(java.io.Writer)#0 &amp; org.dom4j.tree.AbstractDocument#write(java.io.Writer)#0&quot; }"/>
        </annotation>
    </item>
    <item name='org.dom4j.io.XMLWriter XMLWriter(org.dom4j.io.OutputFormat)'>
        <annotation name='com.intellij.inspections.tainted.annotation.equation.Equations'>
            <val val="{ &quot;XMLWriter := XMLWriter&quot; }"/>
        </annotation>
    </item>
    <item name='org.dom4j.io.XMLWriter boolean isElementSpacePreserved(org.dom4j.Element)'>
        <annotation name='com.intellij.inspections.tainted.annotation.equation.Equations'>
            <val val="{ &quot;isElementSpacePreserved := XMLWriter&quot;, &quot;element := #writeElementContent(org.dom4j.Element)#0&quot; }"/>
        </annotation>
    </item>
    <item name='org.dom4j.io.XMLWriter boolean isEscapeText()'>
        <annotation name='com.intellij.inspections.tainted.annotation.equation.Equations'>
            <val val="{ &quot;isEscapeText := XMLWriter&quot; }"/>
        </annotation>
    </item>
    <item name='org.dom4j.io.XMLWriter boolean isExpandEmptyElements()'>
        <annotation name='com.intellij.inspections.tainted.annotation.equation.Equations'>
            <val val="{ &quot;isExpandEmptyElements := &quot; }"/>
        </annotation>
    </item>
    <item name='org.dom4j.io.XMLWriter boolean isNamespaceDeclaration(org.dom4j.Namespace)'>
        <annotation name='com.intellij.inspections.tainted.annotation.equation.Equations'>
            <val val="{ &quot;ns := &quot; }"/>
        </annotation>
    </item>
    <item name='org.dom4j.io.XMLWriter boolean resolveEntityRefs()'>
        <annotation name='com.intellij.inspections.tainted.annotation.equation.Equations'>
            <val val="{ &quot;resolveEntityRefs := XMLWriter&quot; }"/>
        </annotation>
    </item>
    <item name='org.dom4j.io.XMLWriter boolean shouldEncodeChar(int)'>
        <annotation name='com.intellij.inspections.tainted.annotation.equation.Equations'>
            <val val="{ &quot;shouldEncodeChar := codepoint&quot;, &quot;codepoint := &quot; }"/>
        </annotation>
    </item>
    <item name='org.dom4j.io.XMLWriter int getMaximumAllowedCharacter()'>
        <annotation name='com.intellij.inspections.tainted.annotation.equation.Equations'>
            <val val="{ &quot;getMaximumAllowedCharacter := XMLWriter&quot; }"/>
        </annotation>
    </item>
    <item name='org.dom4j.io.XMLWriter java.io.Writer createWriter(java.io.OutputStream, java.lang.String)'>
        <annotation name='com.intellij.inspections.tainted.annotation.equation.Equations'>
            <val val="{ &quot;encoding := &quot;, &quot;createWriter := &quot;, &quot;outStream := #XMLWriter(java.io.OutputStream)#0 &amp; #XMLWriter(java.io.OutputStream, org.dom4j.io.OutputFormat)#0 &amp; java.lang.System#out &amp; #setOutputStream(java.io.OutputStream)#0&quot; }"/>
        </annotation>
    </item>
    <item name='org.dom4j.io.XMLWriter java.lang.Object getProperty(java.lang.String)'>
        <annotation name='com.intellij.inspections.tainted.annotation.equation.Equations'>
            <val val="{ &quot;getProperty := &quot;, &quot;name := org.xml.sax.helpers.XMLFilterImpl#getProperty(java.lang.String)#0&quot; }"/>
        </annotation>
    </item>
    <item name='org.dom4j.io.XMLWriter java.lang.String escapeAttributeEntities(java.lang.String)'>
        <annotation name='com.intellij.inspections.tainted.annotation.equation.Equations'>
            <val val="{ &quot;text := #writeEscapeAttributeEntities(java.lang.String)#0&quot;, &quot;escapeAttributeEntities := text&quot; }"/>
        </annotation>
    </item>
    <item name='org.dom4j.io.XMLWriter java.lang.String escapeElementEntities(java.lang.String)'>
        <annotation name='com.intellij.inspections.tainted.annotation.equation.Equations'>
            <val val="{ &quot;text := #writeString(java.lang.String)#0&quot;, &quot;escapeElementEntities := text&quot; }"/>
        </annotation>
    </item>
    <item name='org.dom4j.io.XMLWriter org.dom4j.io.OutputFormat getOutputFormat()'>
        <annotation name='com.intellij.inspections.tainted.annotation.equation.Equations'>
            <val val="{ &quot;getOutputFormat := XMLWriter&quot; }"/>
        </annotation>
    </item>
    <item name='org.dom4j.io.XMLWriter org.xml.sax.ext.LexicalHandler getLexicalHandler()'>
        <annotation name='com.intellij.inspections.tainted.annotation.equation.Equations'>
            <val val="{ &quot;getLexicalHandler := XMLWriter&quot; }"/>
        </annotation>
    </item>
    <item name='org.dom4j.io.XMLWriter void characters(char[], int, int)'>
        <annotation name='com.intellij.inspections.tainted.annotation.equation.Equations'>
            <val val="{ &quot;length := org.xml.sax.helpers.XMLFilterImpl#characters(char[], int, int)#2&quot;, &quot;start := org.xml.sax.helpers.XMLFilterImpl#characters(char[], int, int)#1&quot;, &quot;ch := org.xml.sax.helpers.XMLFilterImpl#characters(char[], int, int)#0&quot; }"/>
        </annotation>
    </item>
    <item name='org.dom4j.io.XMLWriter void comment(char[], int, int)'>
        <annotation name='com.intellij.inspections.tainted.annotation.equation.Equations'>
            <val val="{ &quot;start := org.xml.sax.ext.LexicalHandler#comment(char[], int, int)#1&quot;, &quot;length := org.xml.sax.ext.LexicalHandler#comment(char[], int, int)#2&quot;, &quot;ch := org.xml.sax.ext.LexicalHandler#comment(char[], int, int)#0&quot; }"/>
        </annotation>
    </item>
    <item name='org.dom4j.io.XMLWriter void endElement(java.lang.String, java.lang.String, java.lang.String)'>
        <annotation name='com.intellij.inspections.tainted.annotation.equation.Equations'>
            <val val="{ &quot;namespaceURI := org.xml.sax.helpers.XMLFilterImpl#endElement(java.lang.String, java.lang.String, java.lang.String)#0&quot;, &quot;localName := org.xml.sax.helpers.XMLFilterImpl#endElement(java.lang.String, java.lang.String, java.lang.String)#1&quot;, &quot;qName := org.xml.sax.helpers.XMLFilterImpl#endElement(java.lang.String, java.lang.String, java.lang.String)#2&quot; }"/>
        </annotation>
    </item>
    <item name='org.dom4j.io.XMLWriter void endEntity(java.lang.String)'>
        <annotation name='com.intellij.inspections.tainted.annotation.equation.Equations'>
            <val val="{ &quot;name := org.xml.sax.ext.LexicalHandler#endEntity(java.lang.String)#0&quot; }"/>
        </annotation>
    </item>
    <item name='org.dom4j.io.XMLWriter void endPrefixMapping(java.lang.String)'>
        <annotation name='com.intellij.inspections.tainted.annotation.equation.Equations'>
            <val val="{ &quot;prefix := org.xml.sax.helpers.XMLFilterImpl#endPrefixMapping(java.lang.String)#0&quot; }"/>
        </annotation>
    </item>
    <item name='org.dom4j.io.XMLWriter void handleException(java.io.IOException)'>
        <annotation name='com.intellij.inspections.tainted.annotation.equation.Equations'>
            <val val="{ &quot;e := &quot; }"/>
        </annotation>
    </item>
    <item name='org.dom4j.io.XMLWriter void ignorableWhitespace(char[], int, int)'>
        <annotation name='com.intellij.inspections.tainted.annotation.equation.Equations'>
            <val val="{ &quot;ch := org.xml.sax.helpers.XMLFilterImpl#ignorableWhitespace(char[], int, int)#0&quot;, &quot;length := org.xml.sax.helpers.XMLFilterImpl#ignorableWhitespace(char[], int, int)#2&quot;, &quot;start := org.xml.sax.helpers.XMLFilterImpl#ignorableWhitespace(char[], int, int)#1&quot; }"/>
        </annotation>
    </item>
    <item name='org.dom4j.io.XMLWriter void notationDecl(java.lang.String, java.lang.String, java.lang.String)'>
        <annotation name='com.intellij.inspections.tainted.annotation.equation.Equations'>
            <val val="{ &quot;name := org.xml.sax.helpers.XMLFilterImpl#notationDecl(java.lang.String, java.lang.String, java.lang.String)#0&quot;, &quot;publicID := org.xml.sax.helpers.XMLFilterImpl#notationDecl(java.lang.String, java.lang.String, java.lang.String)#1&quot;, &quot;systemID := org.xml.sax.helpers.XMLFilterImpl#notationDecl(java.lang.String, java.lang.String, java.lang.String)#2&quot; }"/>
        </annotation>
    </item>
    <item name='org.dom4j.io.XMLWriter void parse(org.xml.sax.InputSource)'>
        <annotation name='com.intellij.inspections.tainted.annotation.equation.Equations'>
            <val val="{ &quot;source := org.xml.sax.helpers.XMLFilterImpl#parse(org.xml.sax.InputSource)#0&quot; }"/>
        </annotation>
    </item>
    <item name='org.dom4j.io.XMLWriter void processingInstruction(java.lang.String, java.lang.String)'>
        <annotation name='com.intellij.inspections.tainted.annotation.equation.Equations'>
            <val val="{ &quot;target := org.xml.sax.helpers.XMLFilterImpl#processingInstruction(java.lang.String, java.lang.String)#0&quot;, &quot;data := org.xml.sax.helpers.XMLFilterImpl#processingInstruction(java.lang.String, java.lang.String)#1&quot; }"/>
        </annotation>
    </item>
    <item name='org.dom4j.io.XMLWriter void setDocumentLocator(org.xml.sax.Locator)'>
        <annotation name='com.intellij.inspections.tainted.annotation.equation.Equations'>
            <val val="{ &quot;locator := org.xml.sax.helpers.XMLFilterImpl#setDocumentLocator(org.xml.sax.Locator)#0&quot; }"/>
        </annotation>
    </item>
    <item name='org.dom4j.io.XMLWriter void setProperty(java.lang.String, java.lang.Object)'>
        <annotation name='com.intellij.inspections.tainted.annotation.equation.Equations'>
            <val val="{ &quot;value := org.xml.sax.helpers.XMLFilterImpl#setProperty(java.lang.String, java.lang.Object)#1&quot;, &quot;name := org.xml.sax.helpers.XMLFilterImpl#setProperty(java.lang.String, java.lang.Object)#0&quot; }"/>
        </annotation>
    </item>
    <item name='org.dom4j.io.XMLWriter void startDTD(java.lang.String, java.lang.String, java.lang.String)'>
        <annotation name='com.intellij.inspections.tainted.annotation.equation.Equations'>
            <val val="{ &quot;name := org.xml.sax.ext.LexicalHandler#startDTD(java.lang.String, java.lang.String, java.lang.String)#0&quot;, &quot;systemID := org.xml.sax.ext.LexicalHandler#startDTD(java.lang.String, java.lang.String, java.lang.String)#2&quot;, &quot;publicID := org.xml.sax.ext.LexicalHandler#startDTD(java.lang.String, java.lang.String, java.lang.String)#1&quot; }"/>
        </annotation>
    </item>
    <item name='org.dom4j.io.XMLWriter void startElement(java.lang.String, java.lang.String, java.lang.String, org.xml.sax.Attributes)'>
        <annotation name='com.intellij.inspections.tainted.annotation.equation.Equations'>
            <val val="{ &quot;attributes := org.xml.sax.helpers.XMLFilterImpl#startElement(java.lang.String, java.lang.String, java.lang.String, org.xml.sax.Attributes)#3&quot;, &quot;qName := org.xml.sax.helpers.XMLFilterImpl#startElement(java.lang.String, java.lang.String, java.lang.String, org.xml.sax.Attributes)#2&quot;, &quot;namespaceURI := org.xml.sax.helpers.XMLFilterImpl#startElement(java.lang.String, java.lang.String, java.lang.String, org.xml.sax.Attributes)#0&quot;, &quot;localName := org.xml.sax.helpers.XMLFilterImpl#startElement(java.lang.String, java.lang.String, java.lang.String, org.xml.sax.Attributes)#1&quot; }"/>
        </annotation>
    </item>
    <item name='org.dom4j.io.XMLWriter void startEntity(java.lang.String)'>
        <annotation name='com.intellij.inspections.tainted.annotation.equation.Equations'>
            <val val="{ &quot;name := org.xml.sax.ext.LexicalHandler#startEntity(java.lang.String)#0&quot; }"/>
        </annotation>
    </item>
    <item name='org.dom4j.io.XMLWriter void startPrefixMapping(java.lang.String, java.lang.String)'>
        <annotation name='com.intellij.inspections.tainted.annotation.equation.Equations'>
            <val val="{ &quot;prefix := org.xml.sax.helpers.XMLFilterImpl#startPrefixMapping(java.lang.String, java.lang.String)#0&quot;, &quot;uri := org.xml.sax.helpers.XMLFilterImpl#startPrefixMapping(java.lang.String, java.lang.String)#1&quot; }"/>
        </annotation>
    </item>
    <item name='org.dom4j.io.XMLWriter void unparsedEntityDecl(java.lang.String, java.lang.String, java.lang.String, java.lang.String)'>
        <annotation name='com.intellij.inspections.tainted.annotation.equation.Equations'>
            <val val="{ &quot;notationName := org.xml.sax.helpers.XMLFilterImpl#unparsedEntityDecl(java.lang.String, java.lang.String, java.lang.String, java.lang.String)#3&quot;, &quot;name := org.xml.sax.helpers.XMLFilterImpl#unparsedEntityDecl(java.lang.String, java.lang.String, java.lang.String, java.lang.String)#0&quot;, &quot;systemID := org.xml.sax.helpers.XMLFilterImpl#unparsedEntityDecl(java.lang.String, java.lang.String, java.lang.String, java.lang.String)#2&quot;, &quot;publicID := org.xml.sax.helpers.XMLFilterImpl#unparsedEntityDecl(java.lang.String, java.lang.String, java.lang.String, java.lang.String)#1&quot; }"/>
        </annotation>
    </item>
    <item name='org.dom4j.io.XMLWriter void write(java.lang.String)'>
        <annotation name='com.intellij.inspections.tainted.annotation.equation.Equations'>
            <val val="{ &quot;text := #write(java.lang.Object)#0&quot; }"/>
        </annotation>
    </item>
    <item name='org.dom4j.io.XMLWriter void write(org.dom4j.Document)'>
        <annotation name='com.intellij.inspections.tainted.annotation.equation.Equations'>
            <val val="{ &quot;doc := org.hibernate.envers.boot.internal.AdditionalJaxbMappingProducerImpl#dump(org.dom4j.Document)#0 &amp; #writeNode(org.dom4j.Node)#0 &amp; org.dom4j.tree.AbstractDocument&quot; }"/>
        </annotation>
    </item>
    <item name='org.dom4j.io.XMLWriter void write(org.dom4j.Element)'>
        <annotation name='com.intellij.inspections.tainted.annotation.equation.Equations'>
            <val val="{ &quot;element := org.dom4j.tree.AbstractElement&quot; }"/>
        </annotation>
    </item>
    <item name='org.dom4j.io.XMLWriter void write(org.dom4j.Node)'>
        <annotation name='com.intellij.inspections.tainted.annotation.equation.Equations'>
            <val val="{ &quot;node := #write(java.lang.Object)#0&quot; }"/>
        </annotation>
    </item>
    <item name='org.dom4j.io.XMLWriter void writeAttribute(org.dom4j.Attribute)'>
        <annotation name='com.intellij.inspections.tainted.annotation.equation.Equations'>
            <val val="{ &quot;attribute := #write(org.dom4j.Attribute)#0 &amp; #writeNode(org.dom4j.Node)#0&quot; }"/>
        </annotation>
    </item>
    <item name='org.dom4j.io.XMLWriter void writeAttribute(org.xml.sax.Attributes, int)'>
        <annotation name='com.intellij.inspections.tainted.annotation.equation.Equations'>
            <val val="{ &quot;attributes := #writeAttributes(org.xml.sax.Attributes)#0&quot; }"/>
        </annotation>
    </item>
    <item name='org.dom4j.io.XMLWriter void writeAttributes(org.dom4j.Element)'>
        <annotation name='com.intellij.inspections.tainted.annotation.equation.Equations'>
            <val val="{ &quot;element := #writeOpen(org.dom4j.Element)#0 &amp; #writeElement(org.dom4j.Element)#0&quot; }"/>
        </annotation>
    </item>
    <item name='org.dom4j.io.XMLWriter void writeAttributes(org.xml.sax.Attributes)'>
        <annotation name='com.intellij.inspections.tainted.annotation.equation.Equations'>
            <val val="{ &quot;attributes := #startElement(java.lang.String, java.lang.String, java.lang.String, org.xml.sax.Attributes)#3&quot; }"/>
        </annotation>
    </item>
    <item name='org.dom4j.io.XMLWriter void writeCDATA(java.lang.String)'>
        <annotation name='com.intellij.inspections.tainted.annotation.equation.Equations'>
            <val val="{ &quot;text := &quot; }"/>
        </annotation>
    </item>
    <item name='org.dom4j.io.XMLWriter void writeClose(java.lang.String)'>
        <annotation name='com.intellij.inspections.tainted.annotation.equation.Equations'>
            <val val="{ &quot;qualifiedName := #endElement(java.lang.String, java.lang.String, java.lang.String)#2&quot; }"/>
        </annotation>
    </item>
    <item name='org.dom4j.io.XMLWriter void writeComment(java.lang.String)'>
        <annotation name='com.intellij.inspections.tainted.annotation.equation.Equations'>
            <val val="{ &quot;text := &quot; }"/>
        </annotation>
    </item>
    <item name='org.dom4j.io.XMLWriter void writeDocType(java.lang.String, java.lang.String, java.lang.String)'>
        <annotation name='com.intellij.inspections.tainted.annotation.equation.Equations'>
            <val val="{ &quot;publicID := #startDTD(java.lang.String, java.lang.String, java.lang.String)#1&quot;, &quot;systemID := #startDTD(java.lang.String, java.lang.String, java.lang.String)#2&quot;, &quot;name := #startDTD(java.lang.String, java.lang.String, java.lang.String)#0&quot; }"/>
        </annotation>
    </item>
    <item name='org.dom4j.io.XMLWriter void writeDocType(org.dom4j.DocumentType)'>
        <annotation name='com.intellij.inspections.tainted.annotation.equation.Equations'>
            <val val="{ &quot;docType := #write(org.dom4j.DocumentType)#0 &amp; #writeNode(org.dom4j.Node)#0&quot; }"/>
        </annotation>
    </item>
    <item name='org.dom4j.io.XMLWriter void writeElement(org.dom4j.Element)'>
        <annotation name='com.intellij.inspections.tainted.annotation.equation.Equations'>
            <val val="{ &quot;element := #write(org.dom4j.Element)#0 &amp; #writeNode(org.dom4j.Node)#0&quot; }"/>
        </annotation>
    </item>
    <item name='org.dom4j.io.XMLWriter void writeElementContent(org.dom4j.Element)'>
        <annotation name='com.intellij.inspections.tainted.annotation.equation.Equations'>
            <val val="{ &quot;element := #writeElement(org.dom4j.Element)#0&quot; }"/>
        </annotation>
    </item>
    <item name='org.dom4j.io.XMLWriter void writeEmptyElementClose(java.lang.String)'>
        <annotation name='com.intellij.inspections.tainted.annotation.equation.Equations'>
            <val val="{ &quot;qualifiedName := #endElement(java.lang.String, java.lang.String, java.lang.String)#2&quot; }"/>
        </annotation>
    </item>
    <item name='org.dom4j.io.XMLWriter void writeEntity(org.dom4j.Entity)'>
        <annotation name='com.intellij.inspections.tainted.annotation.equation.Equations'>
            <val val="{ &quot;entity := #write(org.dom4j.Entity)#0 &amp; #writeNode(org.dom4j.Node)#0&quot; }"/>
        </annotation>
    </item>
    <item name='org.dom4j.io.XMLWriter void writeEntityRef(java.lang.String)'>
        <annotation name='com.intellij.inspections.tainted.annotation.equation.Equations'>
            <val val="{ &quot;name := #startEntity(java.lang.String)#0&quot; }"/>
        </annotation>
    </item>
    <item name='org.dom4j.io.XMLWriter void writeEscapeAttributeEntities(java.lang.String)'>
        <annotation name='com.intellij.inspections.tainted.annotation.equation.Equations'>
            <val val="{ &quot;txt := &quot; }"/>
        </annotation>
    </item>
    <item name='org.dom4j.io.XMLWriter void writeNamespace(java.lang.String, java.lang.String)'>
        <annotation name='com.intellij.inspections.tainted.annotation.equation.Equations'>
            <val val="{ &quot;prefix := &quot;, &quot;uri := &quot; }"/>
        </annotation>
    </item>
    <item name='org.dom4j.io.XMLWriter void writeNamespace(org.dom4j.Namespace)'>
        <annotation name='com.intellij.inspections.tainted.annotation.equation.Equations'>
            <val val="{ &quot;namespace := #write(org.dom4j.Namespace)#0&quot; }"/>
        </annotation>
    </item>
    <item name='org.dom4j.io.XMLWriter void writeNamespaces(org.dom4j.Element)'>
        <annotation name='com.intellij.inspections.tainted.annotation.equation.Equations'>
            <val val="{ &quot;element := #writeOpen(org.dom4j.Element)#0&quot; }"/>
        </annotation>
    </item>
    <item name='org.dom4j.io.XMLWriter void writeNode(org.dom4j.Node)'>
        <annotation name='com.intellij.inspections.tainted.annotation.equation.Equations'>
            <val val="{ &quot;node := #write(org.dom4j.Node)#0&quot; }"/>
        </annotation>
    </item>
    <item name='org.dom4j.io.XMLWriter void writeNodeText(org.dom4j.Node)'>
        <annotation name='com.intellij.inspections.tainted.annotation.equation.Equations'>
            <val val="{ &quot;node := #writeNode(org.dom4j.Node)#0&quot; }"/>
        </annotation>
    </item>
    <item name='org.dom4j.io.XMLWriter void writeProcessingInstruction(org.dom4j.ProcessingInstruction)'>
        <annotation name='com.intellij.inspections.tainted.annotation.equation.Equations'>
            <val val="{ &quot;pi := #write(org.dom4j.ProcessingInstruction)#0 &amp; #writeNode(org.dom4j.Node)#0&quot; }"/>
        </annotation>
    </item>
    <item name='org.dom4j.io.XMLWriter void writeString(java.lang.String)'>
        <annotation name='com.intellij.inspections.tainted.annotation.equation.Equations'>
            <val val="{ &quot;text := #write(java.lang.String)#0&quot; }"/>
        </annotation>
    </item>
</root>