<root>
    <item name='org.junit.runner.Describable org.junit.runner.Description getDescription()'>
        <annotation name='com.intellij.inspections.tainted.annotation.equation.Equations'>
            <val val="{ &quot;getDescription := Runner#getDescription() &amp; Runner#getDescription()&quot; }"/>
        </annotation>
    </item>
    <item name='org.junit.runner.Description'>
        <annotation name='com.intellij.inspections.tainted.annotation.equation.Equations'>
            <val val="{ &quot;Description := #Description(java.lang.Class, java.lang.String, java.io.Serializable, java.lang.annotation.Annotation...)#0 &amp; #Description(java.lang.Class, java.lang.String, java.io.Serializable, java.lang.annotation.Annotation...)#1 &amp; #Description(java.lang.Class, java.lang.String, java.io.Serializable, java.lang.annotation.Annotation...)#2 &amp; #Description(java.lang.Class, java.lang.String, java.io.Serializable, java.lang.annotation.Annotation...)#3&quot; }"/>
        </annotation>
    </item>
    <item name='org.junit.runner.Description Description(java.lang.Class&lt;?&gt;, java.lang.String, java.io.Serializable, java.lang.annotation.Annotation...)'>
        <annotation name='com.intellij.inspections.tainted.annotation.equation.Equations'>
            <val val="{ &quot;Description := Description&quot;, &quot;uniqueId := #Description(java.lang.Class, java.lang.String, java.lang.annotation.Annotation...)#1 &amp; #createSuiteDescription(java.lang.String, java.io.Serializable, java.lang.annotation.Annotation...)#1 &amp; #createTestDescription(java.lang.String, java.lang.String, java.io.Serializable)#2&quot;, &quot;annotations := #Description(java.lang.Class, java.lang.String, java.lang.annotation.Annotation...)#2 &amp; #createSuiteDescription(java.lang.String, java.io.Serializable, java.lang.annotation.Annotation...)#2&quot;, &quot;testClass := #Description(java.lang.Class, java.lang.String, java.lang.annotation.Annotation...)#0&quot;, &quot;displayName := #Description(java.lang.Class, java.lang.String, java.lang.annotation.Annotation...)#1 &amp; #createSuiteDescription(java.lang.String, java.io.Serializable, java.lang.annotation.Annotation...)#0&quot; }"/>
        </annotation>
    </item>
    <item name='org.junit.runner.Description Description(java.lang.Class&lt;?&gt;, java.lang.String, java.lang.annotation.Annotation...)'>
        <annotation name='com.intellij.inspections.tainted.annotation.equation.Equations'>
            <val val="{ &quot;Description := Description&quot;, &quot;annotations := #createTestDescription(java.lang.Class, java.lang.String, java.lang.annotation.Annotation...)#2 &amp; #createSuiteDescription(java.lang.String, java.lang.annotation.Annotation...)#1 &amp; #createTestDescription(java.lang.String, java.lang.String, java.lang.annotation.Annotation...)#2 &amp; Description&quot;, &quot;clazz := #createTestDescription(java.lang.Class, java.lang.String, java.lang.annotation.Annotation...)#0 &amp; #createSuiteDescription(java.lang.Class)#0 &amp; #createTestDescription(java.lang.Class, java.lang.String)#0 &amp; Description&quot;, &quot;displayName := #createSuiteDescription(java.lang.String, java.lang.annotation.Annotation...)#0 &amp; Description&quot; }"/>
        </annotation>
    </item>
    <item name='org.junit.runner.Description boolean equals(java.lang.Object)'>
        <annotation name='com.intellij.inspections.tainted.annotation.equation.Equations'>
            <val val="{ &quot;obj := java.lang.Object#equals(java.lang.Object)#0 &amp; #EMPTY&quot;, &quot;equals := &quot; }"/>
        </annotation>
    </item>
    <item name='org.junit.runner.Description boolean isEmpty()'>
        <annotation name='com.intellij.inspections.tainted.annotation.equation.Equations'>
            <val val="{ &quot;isEmpty := &quot; }"/>
        </annotation>
    </item>
    <item name='org.junit.runner.Description boolean isTest()'>
        <annotation name='com.intellij.inspections.tainted.annotation.equation.Equations'>
            <val val="{ &quot;isTest := &quot; }"/>
        </annotation>
    </item>
    <item name='org.junit.runner.Description int hashCode()'>
        <annotation name='com.intellij.inspections.tainted.annotation.equation.Equations'>
            <val val="{ &quot;hashCode := &quot; }"/>
        </annotation>
    </item>
    <item name='org.junit.runner.Description java.lang.Class&lt;?&gt; getTestClass()'>
        <annotation name='com.intellij.inspections.tainted.annotation.equation.Equations'>
            <val val="{ &quot;getTestClass := Description&quot; }"/>
        </annotation>
    </item>
    <item name='org.junit.runner.Description java.lang.String formatDisplayName(java.lang.String, java.lang.String)'>
        <annotation name='com.intellij.inspections.tainted.annotation.equation.Equations'>
            <val val="{ &quot;name := #createTestDescription(java.lang.Class, java.lang.String, java.lang.annotation.Annotation...)#1 &amp; #createTestDescription(java.lang.Class, java.lang.String)#1 &amp; #createTestDescription(java.lang.String, java.lang.String, java.lang.annotation.Annotation...)#1 &amp; #createTestDescription(java.lang.String, java.lang.String, java.io.Serializable)#1&quot;, &quot;formatDisplayName := &quot;, &quot;className := #createTestDescription(java.lang.String, java.lang.String, java.lang.annotation.Annotation...)#0 &amp; #createTestDescription(java.lang.String, java.lang.String, java.io.Serializable)#0&quot; }"/>
        </annotation>
    </item>
    <item name='org.junit.runner.Description java.lang.String getClassName()'>
        <annotation name='com.intellij.inspections.tainted.annotation.equation.Equations'>
            <val val="{ &quot;getClassName := &quot; }"/>
        </annotation>
    </item>
    <item name='org.junit.runner.Description java.lang.String getDisplayName()'>
        <annotation name='com.intellij.inspections.tainted.annotation.equation.Equations'>
            <val val="{ &quot;getDisplayName := Description&quot; }"/>
        </annotation>
    </item>
    <item name='org.junit.runner.Description java.lang.String getMethodName()'>
        <annotation name='com.intellij.inspections.tainted.annotation.equation.Equations'>
            <val val="{ &quot;getMethodName := &quot; }"/>
        </annotation>
    </item>
    <item name='org.junit.runner.Description java.lang.String methodAndClassNamePatternGroupOrDefault(int, java.lang.String)'>
        <annotation name='com.intellij.inspections.tainted.annotation.equation.Equations'>
            <val val="{ &quot;defaultString := &quot;, &quot;methodAndClassNamePatternGroupOrDefault := defaultString&quot; }"/>
        </annotation>
    </item>
    <item name='org.junit.runner.Description java.lang.String toString()'>
        <annotation name='com.intellij.inspections.tainted.annotation.equation.Equations'>
            <val val="{ &quot;toString := &quot; }"/>
        </annotation>
    </item>
    <item name='org.junit.runner.Description java.util.ArrayList&lt;org.junit.runner.Description&gt; getChildren()'>
        <annotation name='com.intellij.inspections.tainted.annotation.equation.Equations'>
            <val val="{ &quot;getChildren := &quot; }"/>
        </annotation>
    </item>
    <item name='org.junit.runner.Description java.util.Collection&lt;java.lang.annotation.Annotation&gt; getAnnotations()'>
        <annotation name='com.intellij.inspections.tainted.annotation.equation.Equations'>
            <val val="{ &quot;getAnnotations := &quot; }"/>
        </annotation>
    </item>
    <item name='org.junit.runner.Description org.junit.runner.Description childlessCopy()'>
        <annotation name='com.intellij.inspections.tainted.annotation.equation.Equations'>
            <val val="{ &quot;childlessCopy := &quot; }"/>
        </annotation>
    </item>
    <item name='org.junit.runner.Description org.junit.runner.Description createSuiteDescription(java.lang.Class&lt;?&gt;)'>
        <annotation name='com.intellij.inspections.tainted.annotation.equation.Equations'>
            <val val="{ &quot;createSuiteDescription := &quot;, &quot;testClass := org.junit.internal.runners.ErrorReportingRunner &amp; org.junit.internal.builders.IgnoredClassRunner&quot; }"/>
        </annotation>
    </item>
    <item name='org.junit.runner.Description org.junit.runner.Description createSuiteDescription(java.lang.String, java.io.Serializable, java.lang.annotation.Annotation...)'>
        <annotation name='com.intellij.inspections.tainted.annotation.equation.Equations'>
            <val val="{ &quot;createSuiteDescription := &quot; }"/>
        </annotation>
    </item>
    <item name='org.junit.runner.Description org.junit.runner.Description createSuiteDescription(java.lang.String, java.lang.annotation.Annotation...)'>
        <annotation name='com.intellij.inspections.tainted.annotation.equation.Equations'>
            <val val="{ &quot;createSuiteDescription := &quot;, &quot;name := &quot;, &quot;annotations := &quot; }"/>
        </annotation>
    </item>
    <item name='org.junit.runner.Description org.junit.runner.Description createTestDescription(java.lang.Class&lt;?&gt;, java.lang.String)'>
        <annotation name='com.intellij.inspections.tainted.annotation.equation.Equations'>
            <val val="{ &quot;clazz := org.junit.internal.runners.ErrorReportingRunner&quot;, &quot;name := &quot;, &quot;createTestDescription := &quot; }"/>
        </annotation>
    </item>
    <item name='org.junit.runner.Description org.junit.runner.Description createTestDescription(java.lang.Class&lt;?&gt;, java.lang.String, java.lang.annotation.Annotation...)'>
        <annotation name='com.intellij.inspections.tainted.annotation.equation.Equations'>
            <val val="{ &quot;createTestDescription := &quot;, &quot;name := &quot;, &quot;clazz := &quot;, &quot;annotations := &quot; }"/>
        </annotation>
    </item>
    <item name='org.junit.runner.Description org.junit.runner.Description createTestDescription(java.lang.String, java.lang.String, java.io.Serializable)'>
        <annotation name='com.intellij.inspections.tainted.annotation.equation.Equations'>
            <val val="{ &quot;createTestDescription := &quot; }"/>
        </annotation>
    </item>
    <item name='org.junit.runner.Description org.junit.runner.Description createTestDescription(java.lang.String, java.lang.String, java.lang.annotation.Annotation...)'>
        <annotation name='com.intellij.inspections.tainted.annotation.equation.Equations'>
            <val val="{ &quot;createTestDescription := &quot; }"/>
        </annotation>
    </item>
    <item name='org.junit.runner.Description void addChild(org.junit.runner.Description)'>
        <annotation name='com.intellij.inspections.tainted.annotation.equation.Equations'>
            <val val="{ &quot;description := &quot; }"/>
        </annotation>
    </item>
    <item name='org.junit.runner.Runner org.junit.runner.Description getDescription()'>
        <annotation name='com.intellij.inspections.tainted.annotation.equation.Equations'>
            <val val="{ &quot;getDescription := org.junit.runners.ParentRunner#getDescription() &amp; org.junit.internal.runners.ErrorReportingRunner#getDescription() &amp; org.junit.internal.builders.IgnoredClassRunner#getDescription() &amp; org.junit.internal.runners.JUnit38ClassRunner#getDescription()&quot; }"/>
        </annotation>
    </item>
    <item name='org.junit.runner.Runner void run(org.junit.runner.notification.RunNotifier)'>
        <annotation name='com.intellij.inspections.tainted.annotation.equation.Equations'>
            <val val="{ &quot;notifier := org.junit.runners.Suite#runChild(org.junit.runner.Runner, org.junit.runner.notification.RunNotifier)#1&quot; }"/>
        </annotation>
    </item>
</root>