<root>
    <item name='org.hamcrest.internal.ArrayIterator'>
        <annotation name='com.intellij.inspections.tainted.annotation.equation.Equations'>
            <val val="{ &quot;ArrayIterator := #ArrayIterator(java.lang.Object)#0&quot; }"/>
        </annotation>
    </item>
    <item name='org.hamcrest.internal.ArrayIterator ArrayIterator(java.lang.Object)'>
        <annotation name='com.intellij.inspections.tainted.annotation.equation.Equations'>
            <val val="{ &quot;array := org.hamcrest.BaseDescription#appendValue(java.lang.Object)#0&quot;, &quot;ArrayIterator := ArrayIterator&quot; }"/>
        </annotation>
    </item>
    <item name='org.hamcrest.internal.ArrayIterator boolean hasNext()'>
        <annotation name='com.intellij.inspections.tainted.annotation.equation.Equations'>
            <val val="{ &quot;hasNext := ArrayIterator&quot; }"/>
        </annotation>
    </item>
    <item name='org.hamcrest.internal.ArrayIterator java.lang.Object next()'>
        <annotation name='com.intellij.inspections.tainted.annotation.equation.Equations'>
            <val val="{ &quot;next := &quot; }"/>
        </annotation>
    </item>
    <item name='org.hamcrest.internal.SelfDescribingValue'>
        <annotation name='com.intellij.inspections.tainted.annotation.equation.Equations'>
            <val val="{ &quot;SelfDescribingValue := #SelfDescribingValue(java.lang.Object)#0&quot; }"/>
        </annotation>
    </item>
    <item name='org.hamcrest.internal.SelfDescribingValue SelfDescribingValue(T)'>
        <annotation name='com.intellij.inspections.tainted.annotation.equation.Equations'>
            <val val="{ &quot;SelfDescribingValue := SelfDescribingValue&quot;, &quot;value := &quot; }"/>
        </annotation>
    </item>
    <item name='org.hamcrest.internal.SelfDescribingValue void describeTo(org.hamcrest.Description)'>
        <annotation name='com.intellij.inspections.tainted.annotation.equation.Equations'>
            <val val="{ &quot;description := org.hamcrest.SelfDescribing#describeTo(org.hamcrest.Description)#0&quot; }"/>
        </annotation>
    </item>
    <item name='org.hamcrest.internal.SelfDescribingValueIterator'>
        <annotation name='com.intellij.inspections.tainted.annotation.equation.Equations'>
            <val val="{ &quot;SelfDescribingValueIterator := #SelfDescribingValueIterator(java.util.Iterator)#0&quot; }"/>
        </annotation>
    </item>
    <item name='org.hamcrest.internal.SelfDescribingValueIterator SelfDescribingValueIterator(java.util.Iterator&lt;T&gt;)'>
        <annotation name='com.intellij.inspections.tainted.annotation.equation.Equations'>
            <val val="{ &quot;SelfDescribingValueIterator := SelfDescribingValueIterator&quot;, &quot;values := org.hamcrest.BaseDescription#appendValueList(java.lang.String, java.lang.String, java.lang.String, java.util.Iterator)#3&quot; }"/>
        </annotation>
    </item>
    <item name='org.hamcrest.internal.SelfDescribingValueIterator boolean hasNext()'>
        <annotation name='com.intellij.inspections.tainted.annotation.equation.Equations'>
            <val val="{ &quot;hasNext := &quot; }"/>
        </annotation>
    </item>
    <item name='org.hamcrest.internal.SelfDescribingValueIterator org.hamcrest.SelfDescribing next()'>
        <annotation name='com.intellij.inspections.tainted.annotation.equation.Equations'>
            <val val="{ &quot;next := &quot; }"/>
        </annotation>
    </item>
</root>