<root>
    <item name='javax.faces.flow.FlowHandler javax.faces.flow.Flow getCurrentFlow()'>
        <annotation name='com.intellij.inspections.tainted.annotation.equation.Equations'>
            <val val="{ &quot;getCurrentFlow := &quot; }"/>
        </annotation>
    </item>
    <item name='javax.faces.flow.FlowHandler javax.faces.flow.Flow getCurrentFlow(javax.faces.context.FacesContext)'>
        <annotation name='com.intellij.inspections.tainted.annotation.equation.Equations'>
            <val val="{ &quot;context := &quot; }"/>
        </annotation>
    </item>
    <item name='javax.faces.flow.FlowHandlerFactory'>
        <annotation name='com.intellij.inspections.tainted.annotation.equation.Equations'>
            <val val="{ &quot;FlowHandlerFactory := FlowHandlerFactoryWrapper&quot; }"/>
        </annotation>
    </item>
    <item name='javax.faces.flow.FlowHandlerFactory FlowHandlerFactory()'>
        <annotation name='com.intellij.inspections.tainted.annotation.equation.Equations'>
            <val val="{ &quot;FlowHandlerFactory := FlowHandlerFactory&quot; }"/>
        </annotation>
    </item>
    <item name='javax.faces.flow.FlowHandlerFactory javax.faces.flow.FlowHandler createFlowHandler(javax.faces.context.FacesContext)'>
        <annotation name='com.intellij.inspections.tainted.annotation.equation.Equations'>
            <val val="{ &quot;createFlowHandler := FlowHandlerFactoryWrapper#createFlowHandler(javax.faces.context.FacesContext)&quot;, &quot;context := FlowHandlerFactoryWrapper#createFlowHandler(javax.faces.context.FacesContext)#0&quot; }"/>
        </annotation>
    </item>
    <item name='javax.faces.flow.FlowHandlerFactoryWrapper FlowHandlerFactoryWrapper()'>
        <annotation name='com.intellij.inspections.tainted.annotation.equation.Equations'>
            <val val="{ &quot;FlowHandlerFactoryWrapper := FlowHandlerFactoryWrapper&quot; }"/>
        </annotation>
    </item>
    <item name='javax.faces.flow.FlowHandlerFactoryWrapper javax.faces.flow.FlowHandler createFlowHandler(javax.faces.context.FacesContext)'>
        <annotation name='com.intellij.inspections.tainted.annotation.equation.Equations'>
            <val val="{ &quot;createFlowHandler := &quot; }"/>
        </annotation>
    </item>
    <item name='javax.faces.flow.FlowNode'>
        <annotation name='com.intellij.inspections.tainted.annotation.equation.Equations'>
            <val val="{ &quot;FlowNode := ViewNode &amp; ReturnNode &amp; SwitchNode &amp; FlowCallNode &amp; MethodCallNode&quot; }"/>
        </annotation>
    </item>
</root>