<root>
    <item name='net.bytebuddy.utility.CompoundList java.util.List&lt;S&gt; of(S, java.util.List&lt;? extends S&gt;)'>
        <annotation name='com.intellij.inspections.tainted.annotation.equation.Equations'>
            <val val="{ &quot;left := net.bytebuddy.TypeCache.SimpleKey#SimpleKey(java.lang.Class, java.util.Collection)#0 &amp; net.bytebuddy.implementation.MethodDelegation.WithCustomProperties&quot;, &quot;of := &quot;, &quot;right := net.bytebuddy.dynamic.scaffold.MethodRegistry.Default &amp; net.bytebuddy.implementation.MethodDelegation.WithCustomProperties#withResolvers(java.util.List)#0&quot; }"/>
        </annotation>
    </item>
    <item name='net.bytebuddy.utility.CompoundList java.util.List&lt;S&gt; of(java.util.List&lt;? extends S&gt;, S)'>
        <annotation name='com.intellij.inspections.tainted.annotation.equation.Equations'>
            <val val="{ &quot;of := &quot;, &quot;right := net.bytebuddy.implementation.bytecode.StackSize#SINGLE &amp; net.bytebuddy.dynamic.DynamicType.Builder.AbstractBase.Adapter.MethodDefinitionAdapter.TypeVariableAnnotationAdapter &amp; net.bytebuddy.dynamic.DynamicType.Builder.AbstractBase.Adapter.MethodDefinitionAdapter.ParameterAnnotationAdapter &amp; net.bytebuddy.dynamic.DynamicType.Builder.AbstractBase.Adapter.MethodDefinitionAdapter.SimpleParameterAnnotationAdapter &amp; net.bytebuddy.dynamic.scaffold.inline.MethodRebaseResolver.Resolution.ForRebasedConstructor.RebasedConstructor&quot;, &quot;left := net.bytebuddy.asm.AsmVisitorWrapper.ForDeclaredMethods &amp; net.bytebuddy.asm.AsmVisitorWrapper.ForDeclaredMethods#wrap(net.bytebuddy.description.type.TypeDescription, net.bytebuddy.jar.asm.ClassVisitor, net.bytebuddy.implementation.Implementation.Context, net.bytebuddy.pool.TypePool, net.bytebuddy.description.field.FieldList, net.bytebuddy.description.method.MethodList, int, int)#5 &amp; net.bytebuddy.dynamic.scaffold.MethodRegistry.Default &amp; net.bytebuddy.utility.visitor.StackAwareMethodVisitor &amp; net.bytebuddy.implementation.Implementation.Compound.Composable&quot; }"/>
        </annotation>
    </item>
    <item name='net.bytebuddy.utility.CompoundList java.util.List&lt;S&gt; of(java.util.List&lt;? extends S&gt;, java.util.List&lt;? extends S&gt;)'>
        <annotation name='com.intellij.inspections.tainted.annotation.equation.Equations'>
            <val val="{ &quot;of := &quot;, &quot;left := net.bytebuddy.asm.Advice.StackMapFrameHandler.Default.WithPreservedArguments &amp; net.bytebuddy.asm.Advice.StackMapFrameHandler.Default.WithPreservedArguments.RequiringConsistentShape &amp; net.bytebuddy.asm.Advice.StackMapFrameHandler.Default.ForAdvice &amp; net.bytebuddy.implementation.MethodCall &amp; net.bytebuddy.implementation.MethodDelegation.WithCustomProperties &amp; net.bytebuddy.dynamic.DynamicType.Builder.AbstractBase.Adapter &amp; net.bytebuddy.dynamic.scaffold.inline.DecoratingDynamicTypeBuilder&quot;, &quot;right := net.bytebuddy.asm.Advice.StackMapFrameHandler.Default.WithPreservedArguments &amp; net.bytebuddy.asm.Advice.StackMapFrameHandler.Default.WithPreservedArguments.RequiringConsistentShape &amp; net.bytebuddy.asm.Advice.StackMapFrameHandler.Default.ForAdvice &amp; net.bytebuddy.asm.Advice.Dispatcher.Inlining.Resolved.ForMethodEnter#ForMethodEnter(net.bytebuddy.description.method.MethodDescription.InDefinedShape, java.util.Map, java.util.List, net.bytebuddy.description.type.TypeDefinition, net.bytebuddy.jar.asm.ClassReader)#2 &amp; net.bytebuddy.asm.Advice.Dispatcher.Inlining.Resolved.ForMethodExit#ForMethodExit(net.bytebuddy.description.method.MethodDescription.InDefinedShape, java.util.Map, java.util.List, net.bytebuddy.jar.asm.ClassReader, net.bytebuddy.description.type.TypeDefinition)#2 &amp; net.bytebuddy.asm.Advice.Dispatcher.Delegating.Resolved.ForMethodEnter#ForMethodEnter(net.bytebuddy.description.method.MethodDescription.InDefinedShape, java.util.List, net.bytebuddy.description.type.TypeDefinition)#1 &amp; net.bytebuddy.asm.Advice.Dispatcher.Delegating.Resolved.ForMethodExit#ForMethodExit(net.bytebuddy.description.method.MethodDescription.InDefinedShape, java.util.Map, java.util.List, net.bytebuddy.description.type.TypeDefinition)#2 &amp; net.bytebuddy.implementation.MethodCall#with(java.util.List)#0 &amp; net.bytebuddy.implementation.MethodCall &amp; net.bytebuddy.implementation.MethodDelegation.WithCustomProperties#withBinders(java.util.List)#0&quot; }"/>
        </annotation>
    </item>
    <item name='net.bytebuddy.utility.CompoundList java.util.List&lt;S&gt; of(java.util.List&lt;? extends S&gt;, java.util.List&lt;? extends S&gt;, java.util.List&lt;? extends S&gt;)'>
        <annotation name='com.intellij.inspections.tainted.annotation.equation.Equations'>
            <val val="{ &quot;middle := net.bytebuddy.asm.Advice.StackMapFrameHandler.Default.WithPreservedArguments&quot;, &quot;of := &quot;, &quot;left := net.bytebuddy.asm.Advice.StackMapFrameHandler.Default.WithPreservedArguments &amp; net.bytebuddy.implementation.MethodCall.WithoutSpecifiedTarget&quot;, &quot;right := net.bytebuddy.asm.Advice.StackMapFrameHandler.Default.WithPreservedArguments&quot; }"/>
        </annotation>
    </item>
    <item name='net.bytebuddy.utility.JavaConstant java.lang.Object asConstantPoolValue()'>
        <annotation name='com.intellij.inspections.tainted.annotation.equation.Equations'>
            <val val="{ &quot;asConstantPoolValue := JavaConstant.MethodHandle#asConstantPoolValue() &amp; JavaConstant.MethodType#asConstantPoolValue()&quot; }"/>
        </annotation>
    </item>
    <item name='net.bytebuddy.utility.JavaConstant net.bytebuddy.description.type.TypeDescription getType()'>
        <annotation name='com.intellij.inspections.tainted.annotation.equation.Equations'>
            <val val="{ &quot;getType := JavaConstant.MethodHandle#getType() &amp; JavaConstant.MethodType#getType()&quot; }"/>
        </annotation>
    </item>
    <item name='net.bytebuddy.utility.JavaConstant.MethodHandle'>
        <annotation name='com.intellij.inspections.tainted.annotation.equation.Equations'>
            <val val="{ &quot;MethodHandle := #MethodHandle(net.bytebuddy.utility.JavaConstant.MethodHandle.HandleType, net.bytebuddy.description.type.TypeDescription, java.lang.String, net.bytebuddy.description.type.TypeDescription, java.util.List)#0 &amp; #MethodHandle(net.bytebuddy.utility.JavaConstant.MethodHandle.HandleType, net.bytebuddy.description.type.TypeDescription, java.lang.String, net.bytebuddy.description.type.TypeDescription, java.util.List)#1 &amp; #MethodHandle(net.bytebuddy.utility.JavaConstant.MethodHandle.HandleType, net.bytebuddy.description.type.TypeDescription, java.lang.String, net.bytebuddy.description.type.TypeDescription, java.util.List)#2 &amp; #MethodHandle(net.bytebuddy.utility.JavaConstant.MethodHandle.HandleType, net.bytebuddy.description.type.TypeDescription, java.lang.String, net.bytebuddy.description.type.TypeDescription, java.util.List)#3 &amp; #MethodHandle(net.bytebuddy.utility.JavaConstant.MethodHandle.HandleType, net.bytebuddy.description.type.TypeDescription, java.lang.String, net.bytebuddy.description.type.TypeDescription, java.util.List)#4&quot; }"/>
        </annotation>
    </item>
    <item name='net.bytebuddy.utility.JavaConstant.MethodHandle MethodHandle(net.bytebuddy.utility.JavaConstant.MethodHandle.HandleType, net.bytebuddy.description.type.TypeDescription, java.lang.String, net.bytebuddy.description.type.TypeDescription, java.util.List&lt;? extends net.bytebuddy.description.type.TypeDescription&gt;)'>
        <annotation name='com.intellij.inspections.tainted.annotation.equation.Equations'>
            <val val="{ &quot;ownerType := #ofSpecial(net.bytebuddy.description.method.MethodDescription.InDefinedShape, net.bytebuddy.description.type.TypeDescription)#1&quot;, &quot;MethodHandle := JavaConstant.MethodHandle&quot;, &quot;parameterTypes := &quot;, &quot;name := &quot;, &quot;handleType := &quot;, &quot;returnType := net.bytebuddy.description.type.TypeDescription#VOID&quot; }"/>
        </annotation>
    </item>
    <item name='net.bytebuddy.utility.JavaConstant.MethodHandle int hashCode()'>
        <annotation name='com.intellij.inspections.tainted.annotation.equation.Equations'>
            <val val="{ &quot;hashCode := &quot; }"/>
        </annotation>
    </item>
    <item name='net.bytebuddy.utility.JavaConstant.MethodHandle java.lang.Class&lt;?&gt; lookupType(java.lang.Object)'>
        <annotation name='com.intellij.inspections.tainted.annotation.equation.Equations'>
            <val val="{ &quot;lookupType := &quot; }"/>
        </annotation>
    </item>
    <item name='net.bytebuddy.utility.JavaConstant.MethodHandle java.lang.Object asConstantPoolValue()'>
        <annotation name='com.intellij.inspections.tainted.annotation.equation.Equations'>
            <val val="{ &quot;asConstantPoolValue := &quot; }"/>
        </annotation>
    </item>
    <item name='net.bytebuddy.utility.JavaConstant.MethodHandle java.lang.String getDescriptor()'>
        <annotation name='com.intellij.inspections.tainted.annotation.equation.Equations'>
            <val val="{ &quot;getDescriptor := &quot; }"/>
        </annotation>
    </item>
    <item name='net.bytebuddy.utility.JavaConstant.MethodHandle java.lang.String getName()'>
        <annotation name='com.intellij.inspections.tainted.annotation.equation.Equations'>
            <val val="{ &quot;getName := JavaConstant.MethodHandle&quot; }"/>
        </annotation>
    </item>
    <item name='net.bytebuddy.utility.JavaConstant.MethodHandle net.bytebuddy.description.type.TypeDescription getOwnerType()'>
        <annotation name='com.intellij.inspections.tainted.annotation.equation.Equations'>
            <val val="{ &quot;getOwnerType := JavaConstant.MethodHandle&quot; }"/>
        </annotation>
    </item>
    <item name='net.bytebuddy.utility.JavaConstant.MethodHandle net.bytebuddy.description.type.TypeDescription getReturnType()'>
        <annotation name='com.intellij.inspections.tainted.annotation.equation.Equations'>
            <val val="{ &quot;getReturnType := JavaConstant.MethodHandle&quot; }"/>
        </annotation>
    </item>
    <item name='net.bytebuddy.utility.JavaConstant.MethodHandle net.bytebuddy.description.type.TypeDescription getType()'>
        <annotation name='com.intellij.inspections.tainted.annotation.equation.Equations'>
            <val val="{ &quot;getType := &quot; }"/>
        </annotation>
    </item>
    <item name='net.bytebuddy.utility.JavaConstant.MethodHandle net.bytebuddy.description.type.TypeList getParameterTypes()'>
        <annotation name='com.intellij.inspections.tainted.annotation.equation.Equations'>
            <val val="{ &quot;getParameterTypes := &quot; }"/>
        </annotation>
    </item>
    <item name='net.bytebuddy.utility.JavaConstant.MethodHandle net.bytebuddy.utility.JavaConstant.MethodHandle of(java.lang.reflect.Constructor&lt;?&gt;)'>
        <annotation name='com.intellij.inspections.tainted.annotation.equation.Equations'>
            <val val="{ &quot;of := &quot; }"/>
        </annotation>
    </item>
    <item name='net.bytebuddy.utility.JavaConstant.MethodHandle net.bytebuddy.utility.JavaConstant.MethodHandle of(java.lang.reflect.Method)'>
        <annotation name='com.intellij.inspections.tainted.annotation.equation.Equations'>
            <val val="{ &quot;of := &quot; }"/>
        </annotation>
    </item>
    <item name='net.bytebuddy.utility.JavaConstant.MethodHandle net.bytebuddy.utility.JavaConstant.MethodHandle of(net.bytebuddy.description.method.MethodDescription.InDefinedShape)'>
        <annotation name='com.intellij.inspections.tainted.annotation.equation.Equations'>
            <val val="{ &quot;methodDescription := &quot;, &quot;of := &quot; }"/>
        </annotation>
    </item>
    <item name='net.bytebuddy.utility.JavaConstant.MethodHandle net.bytebuddy.utility.JavaConstant.MethodHandle ofGetter(java.lang.reflect.Field)'>
        <annotation name='com.intellij.inspections.tainted.annotation.equation.Equations'>
            <val val="{ &quot;ofGetter := &quot; }"/>
        </annotation>
    </item>
    <item name='net.bytebuddy.utility.JavaConstant.MethodHandle net.bytebuddy.utility.JavaConstant.MethodHandle ofGetter(net.bytebuddy.description.field.FieldDescription.InDefinedShape)'>
        <annotation name='com.intellij.inspections.tainted.annotation.equation.Equations'>
            <val val="{ &quot;ofGetter := &quot;, &quot;fieldDescription := &quot; }"/>
        </annotation>
    </item>
    <item name='net.bytebuddy.utility.JavaConstant.MethodHandle net.bytebuddy.utility.JavaConstant.MethodHandle ofLoaded(java.lang.Object)'>
        <annotation name='com.intellij.inspections.tainted.annotation.equation.Equations'>
            <val val="{ &quot;ofLoaded := &quot;, &quot;methodHandle := net.bytebuddy.implementation.MethodCall.ArgumentLoader.ForStackManipulation#of(java.lang.Object)#0 &amp; net.bytebuddy.implementation.FixedValue#value(java.lang.Object)#0 &amp; net.bytebuddy.implementation.FieldAccessor.ForImplicitProperty#setsValue(java.lang.Object)#0&quot; }"/>
        </annotation>
    </item>
    <item name='net.bytebuddy.utility.JavaConstant.MethodHandle net.bytebuddy.utility.JavaConstant.MethodHandle ofLoaded(java.lang.Object, java.lang.Object)'>
        <annotation name='com.intellij.inspections.tainted.annotation.equation.Equations'>
            <val val="{ &quot;ofLoaded := &quot;, &quot;methodHandle := #ofLoaded(java.lang.Object)#0&quot;, &quot;lookup := &quot; }"/>
        </annotation>
    </item>
    <item name='net.bytebuddy.utility.JavaConstant.MethodHandle net.bytebuddy.utility.JavaConstant.MethodHandle ofSetter(java.lang.reflect.Field)'>
        <annotation name='com.intellij.inspections.tainted.annotation.equation.Equations'>
            <val val="{ &quot;ofSetter := &quot; }"/>
        </annotation>
    </item>
    <item name='net.bytebuddy.utility.JavaConstant.MethodHandle net.bytebuddy.utility.JavaConstant.MethodHandle ofSetter(net.bytebuddy.description.field.FieldDescription.InDefinedShape)'>
        <annotation name='com.intellij.inspections.tainted.annotation.equation.Equations'>
            <val val="{ &quot;ofSetter := &quot;, &quot;fieldDescription := &quot; }"/>
        </annotation>
    </item>
    <item name='net.bytebuddy.utility.JavaConstant.MethodHandle net.bytebuddy.utility.JavaConstant.MethodHandle ofSpecial(java.lang.reflect.Method, java.lang.Class&lt;?&gt;)'>
        <annotation name='com.intellij.inspections.tainted.annotation.equation.Equations'>
            <val val="{ &quot;ofSpecial := &quot; }"/>
        </annotation>
    </item>
    <item name='net.bytebuddy.utility.JavaConstant.MethodHandle net.bytebuddy.utility.JavaConstant.MethodHandle ofSpecial(net.bytebuddy.description.method.MethodDescription.InDefinedShape, net.bytebuddy.description.type.TypeDescription)'>
        <annotation name='com.intellij.inspections.tainted.annotation.equation.Equations'>
            <val val="{ &quot;methodDescription := &quot;, &quot;typeDescription := &quot;, &quot;ofSpecial := &quot; }"/>
        </annotation>
    </item>
    <item name='net.bytebuddy.utility.JavaConstant.MethodHandle net.bytebuddy.utility.JavaConstant.MethodHandle.HandleType getHandleType()'>
        <annotation name='com.intellij.inspections.tainted.annotation.equation.Equations'>
            <val val="{ &quot;getHandleType := JavaConstant.MethodHandle&quot; }"/>
        </annotation>
    </item>
    <item name='net.bytebuddy.utility.JavaConstant.MethodHandle.Dispatcher int getReferenceKind(java.lang.Object)'>
        <annotation name='com.intellij.inspections.tainted.annotation.equation.Equations'>
            <val val="{ &quot;methodHandleInfo := &quot; }"/>
        </annotation>
    </item>
    <item name='net.bytebuddy.utility.JavaConstant.MethodHandle.Dispatcher java.lang.Class&lt;?&gt; getDeclaringClass(java.lang.Object)'>
        <annotation name='com.intellij.inspections.tainted.annotation.equation.Equations'>
            <val val="{ &quot;methodHandleInfo := &quot; }"/>
        </annotation>
    </item>
    <item name='net.bytebuddy.utility.JavaConstant.MethodHandle.Dispatcher java.lang.Class&lt;?&gt; returnType(java.lang.Object)'>
        <annotation name='com.intellij.inspections.tainted.annotation.equation.Equations'>
            <val val="{ &quot;methodType := &quot; }"/>
        </annotation>
    </item>
    <item name='net.bytebuddy.utility.JavaConstant.MethodHandle.Dispatcher java.lang.Object getMethodType(java.lang.Object)'>
        <annotation name='com.intellij.inspections.tainted.annotation.equation.Equations'>
            <val val="{ &quot;getMethodType := JavaConstant.MethodHandle.Dispatcher.AbstractBase#getMethodType(java.lang.Object)&quot;, &quot;methodHandleInfo := JavaConstant.MethodHandle.Dispatcher.AbstractBase#getMethodType(java.lang.Object)#0&quot; }"/>
        </annotation>
    </item>
    <item name='net.bytebuddy.utility.JavaConstant.MethodHandle.Dispatcher java.lang.Object reveal(java.lang.Object, java.lang.Object)'>
        <annotation name='com.intellij.inspections.tainted.annotation.equation.Equations'>
            <val val="{ &quot;methodHandle := JavaConstant.MethodHandle.Dispatcher.ForJava8CapableVm#reveal(java.lang.Object, java.lang.Object)#1 &amp; JavaConstant.MethodHandle.Dispatcher.ForJava7CapableVm#reveal(java.lang.Object, java.lang.Object)#1&quot;, &quot;lookup := JavaConstant.MethodHandle.Dispatcher.ForJava8CapableVm#reveal(java.lang.Object, java.lang.Object)#0 &amp; JavaConstant.MethodHandle.Dispatcher.ForJava7CapableVm#reveal(java.lang.Object, java.lang.Object)#0&quot;, &quot;reveal := JavaConstant.MethodHandle.Dispatcher.ForJava8CapableVm#reveal(java.lang.Object, java.lang.Object) &amp; JavaConstant.MethodHandle.Dispatcher.ForJava7CapableVm#reveal(java.lang.Object, java.lang.Object)&quot; }"/>
        </annotation>
    </item>
    <item name='net.bytebuddy.utility.JavaConstant.MethodHandle.Dispatcher java.lang.String getName(java.lang.Object)'>
        <annotation name='com.intellij.inspections.tainted.annotation.equation.Equations'>
            <val val="{ &quot;methodHandleInfo := &quot; }"/>
        </annotation>
    </item>
    <item name='net.bytebuddy.utility.JavaConstant.MethodHandle.Dispatcher java.util.List&lt;? extends java.lang.Class&lt;?&gt;&gt; parameterArray(java.lang.Object)'>
        <annotation name='com.intellij.inspections.tainted.annotation.equation.Equations'>
            <val val="{ &quot;methodType := JavaConstant.MethodHandle.Dispatcher.AbstractBase#parameterArray(java.lang.Object)#0&quot;, &quot;parameterArray := JavaConstant.MethodHandle.Dispatcher.AbstractBase#parameterArray(java.lang.Object)&quot; }"/>
        </annotation>
    </item>
    <item name='net.bytebuddy.utility.JavaConstant.MethodHandle.Dispatcher.AbstractBase'>
        <annotation name='com.intellij.inspections.tainted.annotation.equation.Equations'>
            <val val="{ &quot;AbstractBase := #AbstractBase(java.lang.reflect.Method, java.lang.reflect.Method, java.lang.reflect.Method, java.lang.reflect.Method, java.lang.reflect.Method, java.lang.reflect.Method, java.lang.reflect.Method, java.lang.reflect.Method)#0 &amp; #AbstractBase(java.lang.reflect.Method, java.lang.reflect.Method, java.lang.reflect.Method, java.lang.reflect.Method, java.lang.reflect.Method, java.lang.reflect.Method, java.lang.reflect.Method, java.lang.reflect.Method)#1 &amp; #AbstractBase(java.lang.reflect.Method, java.lang.reflect.Method, java.lang.reflect.Method, java.lang.reflect.Method, java.lang.reflect.Method, java.lang.reflect.Method, java.lang.reflect.Method, java.lang.reflect.Method)#2 &amp; #AbstractBase(java.lang.reflect.Method, java.lang.reflect.Method, java.lang.reflect.Method, java.lang.reflect.Method, java.lang.reflect.Method, java.lang.reflect.Method, java.lang.reflect.Method, java.lang.reflect.Method)#3 &amp; #AbstractBase(java.lang.reflect.Method, java.lang.reflect.Method, java.lang.reflect.Method, java.lang.reflect.Method, java.lang.reflect.Method, java.lang.reflect.Method, java.lang.reflect.Method, java.lang.reflect.Method)#4 &amp; #AbstractBase(java.lang.reflect.Method, java.lang.reflect.Method, java.lang.reflect.Method, java.lang.reflect.Method, java.lang.reflect.Method, java.lang.reflect.Method, java.lang.reflect.Method, java.lang.reflect.Method)#5 &amp; #AbstractBase(java.lang.reflect.Method, java.lang.reflect.Method, java.lang.reflect.Method, java.lang.reflect.Method, java.lang.reflect.Method, java.lang.reflect.Method, java.lang.reflect.Method, java.lang.reflect.Method)#6 &amp; #AbstractBase(java.lang.reflect.Method, java.lang.reflect.Method, java.lang.reflect.Method, java.lang.reflect.Method, java.lang.reflect.Method, java.lang.reflect.Method, java.lang.reflect.Method, java.lang.reflect.Method)#7&quot; }"/>
        </annotation>
    </item>
    <item name='net.bytebuddy.utility.JavaConstant.MethodHandle.Dispatcher.AbstractBase AbstractBase(java.lang.reflect.Method, java.lang.reflect.Method, java.lang.reflect.Method, java.lang.reflect.Method, java.lang.reflect.Method, java.lang.reflect.Method, java.lang.reflect.Method, java.lang.reflect.Method)'>
        <annotation name='com.intellij.inspections.tainted.annotation.equation.Equations'>
            <val val="{ &quot;lookupClass := JavaConstant.MethodHandle.Dispatcher.ForJava8CapableVm#ForJava8CapableVm(java.lang.reflect.Method, java.lang.reflect.Method, java.lang.reflect.Method, java.lang.reflect.Method, java.lang.reflect.Method, java.lang.reflect.Method, java.lang.reflect.Method, java.lang.reflect.Method, java.lang.reflect.Method)#7 &amp; JavaConstant.MethodHandle.Dispatcher.ForJava7CapableVm#ForJava7CapableVm(java.lang.reflect.Method, java.lang.reflect.Method, java.lang.reflect.Method, java.lang.reflect.Method, java.lang.reflect.Method, java.lang.reflect.Method, java.lang.reflect.Method, java.lang.reflect.Method, java.lang.reflect.Constructor)#7&quot;, &quot;getReferenceKind := JavaConstant.MethodHandle.Dispatcher.ForJava8CapableVm#ForJava8CapableVm(java.lang.reflect.Method, java.lang.reflect.Method, java.lang.reflect.Method, java.lang.reflect.Method, java.lang.reflect.Method, java.lang.reflect.Method, java.lang.reflect.Method, java.lang.reflect.Method, java.lang.reflect.Method)#3 &amp; JavaConstant.MethodHandle.Dispatcher.ForJava7CapableVm#ForJava7CapableVm(java.lang.reflect.Method, java.lang.reflect.Method, java.lang.reflect.Method, java.lang.reflect.Method, java.lang.reflect.Method, java.lang.reflect.Method, java.lang.reflect.Method, java.lang.reflect.Method, java.lang.reflect.Constructor)#3&quot;, &quot;parameterArray := JavaConstant.MethodHandle.Dispatcher.ForJava8CapableVm#ForJava8CapableVm(java.lang.reflect.Method, java.lang.reflect.Method, java.lang.reflect.Method, java.lang.reflect.Method, java.lang.reflect.Method, java.lang.reflect.Method, java.lang.reflect.Method, java.lang.reflect.Method, java.lang.reflect.Method)#6 &amp; JavaConstant.MethodHandle.Dispatcher.ForJava7CapableVm#ForJava7CapableVm(java.lang.reflect.Method, java.lang.reflect.Method, java.lang.reflect.Method, java.lang.reflect.Method, java.lang.reflect.Method, java.lang.reflect.Method, java.lang.reflect.Method, java.lang.reflect.Method, java.lang.reflect.Constructor)#6&quot;, &quot;AbstractBase := JavaConstant.MethodHandle.Dispatcher.AbstractBase&quot;, &quot;getMethodType := JavaConstant.MethodHandle.Dispatcher.ForJava8CapableVm#ForJava8CapableVm(java.lang.reflect.Method, java.lang.reflect.Method, java.lang.reflect.Method, java.lang.reflect.Method, java.lang.reflect.Method, java.lang.reflect.Method, java.lang.reflect.Method, java.lang.reflect.Method, java.lang.reflect.Method)#4 &amp; JavaConstant.MethodHandle.Dispatcher.ForJava7CapableVm#ForJava7CapableVm(java.lang.reflect.Method, java.lang.reflect.Method, java.lang.reflect.Method, java.lang.reflect.Method, java.lang.reflect.Method, java.lang.reflect.Method, java.lang.reflect.Method, java.lang.reflect.Method, java.lang.reflect.Constructor)#4&quot;, &quot;returnType := JavaConstant.MethodHandle.Dispatcher.ForJava8CapableVm#ForJava8CapableVm(java.lang.reflect.Method, java.lang.reflect.Method, java.lang.reflect.Method, java.lang.reflect.Method, java.lang.reflect.Method, java.lang.reflect.Method, java.lang.reflect.Method, java.lang.reflect.Method, java.lang.reflect.Method)#5 &amp; JavaConstant.MethodHandle.Dispatcher.ForJava7CapableVm#ForJava7CapableVm(java.lang.reflect.Method, java.lang.reflect.Method, java.lang.reflect.Method, java.lang.reflect.Method, java.lang.reflect.Method, java.lang.reflect.Method, java.lang.reflect.Method, java.lang.reflect.Method, java.lang.reflect.Constructor)#5&quot;, &quot;getDeclaringClass := JavaConstant.MethodHandle.Dispatcher.ForJava8CapableVm#ForJava8CapableVm(java.lang.reflect.Method, java.lang.reflect.Method, java.lang.reflect.Method, java.lang.reflect.Method, java.lang.reflect.Method, java.lang.reflect.Method, java.lang.reflect.Method, java.lang.reflect.Method, java.lang.reflect.Method)#2 &amp; JavaConstant.MethodHandle.Dispatcher.ForJava7CapableVm#ForJava7CapableVm(java.lang.reflect.Method, java.lang.reflect.Method, java.lang.reflect.Method, java.lang.reflect.Method, java.lang.reflect.Method, java.lang.reflect.Method, java.lang.reflect.Method, java.lang.reflect.Method, java.lang.reflect.Constructor)#2&quot;, &quot;getName := JavaConstant.MethodHandle.Dispatcher.ForJava8CapableVm#ForJava8CapableVm(java.lang.reflect.Method, java.lang.reflect.Method, java.lang.reflect.Method, java.lang.reflect.Method, java.lang.reflect.Method, java.lang.reflect.Method, java.lang.reflect.Method, java.lang.reflect.Method, java.lang.reflect.Method)#1 &amp; JavaConstant.MethodHandle.Dispatcher.ForJava7CapableVm#ForJava7CapableVm(java.lang.reflect.Method, java.lang.reflect.Method, java.lang.reflect.Method, java.lang.reflect.Method, java.lang.reflect.Method, java.lang.reflect.Method, java.lang.reflect.Method, java.lang.reflect.Method, java.lang.reflect.Constructor)#1&quot;, &quot;publicLookup := JavaConstant.MethodHandle.Dispatcher.ForJava8CapableVm#ForJava8CapableVm(java.lang.reflect.Method, java.lang.reflect.Method, java.lang.reflect.Method, java.lang.reflect.Method, java.lang.reflect.Method, java.lang.reflect.Method, java.lang.reflect.Method, java.lang.reflect.Method, java.lang.reflect.Method)#0 &amp; JavaConstant.MethodHandle.Dispatcher.ForJava7CapableVm#ForJava7CapableVm(java.lang.reflect.Method, java.lang.reflect.Method, java.lang.reflect.Method, java.lang.reflect.Method, java.lang.reflect.Method, java.lang.reflect.Method, java.lang.reflect.Method, java.lang.reflect.Method, java.lang.reflect.Constructor)#0&quot; }"/>
        </annotation>
    </item>
    <item name='net.bytebuddy.utility.JavaConstant.MethodHandle.Dispatcher.AbstractBase int getReferenceKind(java.lang.Object)'>
        <annotation name='com.intellij.inspections.tainted.annotation.equation.Equations'>
            <val val="{ &quot;getReferenceKind := &quot; }"/>
        </annotation>
    </item>
    <item name='net.bytebuddy.utility.JavaConstant.MethodHandle.Dispatcher.AbstractBase java.lang.Class&lt;?&gt; getDeclaringClass(java.lang.Object)'>
        <annotation name='com.intellij.inspections.tainted.annotation.equation.Equations'>
            <val val="{ &quot;getDeclaringClass := &quot; }"/>
        </annotation>
    </item>
    <item name='net.bytebuddy.utility.JavaConstant.MethodHandle.Dispatcher.AbstractBase java.lang.Class&lt;?&gt; lookupType(java.lang.Object)'>
        <annotation name='com.intellij.inspections.tainted.annotation.equation.Equations'>
            <val val="{ &quot;lookupType := &quot; }"/>
        </annotation>
    </item>
    <item name='net.bytebuddy.utility.JavaConstant.MethodHandle.Dispatcher.AbstractBase java.lang.Class&lt;?&gt; returnType(java.lang.Object)'>
        <annotation name='com.intellij.inspections.tainted.annotation.equation.Equations'>
            <val val="{ &quot;returnType := &quot; }"/>
        </annotation>
    </item>
    <item name='net.bytebuddy.utility.JavaConstant.MethodHandle.Dispatcher.AbstractBase java.lang.Object getMethodType(java.lang.Object)'>
        <annotation name='com.intellij.inspections.tainted.annotation.equation.Equations'>
            <val val="{ &quot;getMethodType := &quot; }"/>
        </annotation>
    </item>
    <item name='net.bytebuddy.utility.JavaConstant.MethodHandle.Dispatcher.AbstractBase java.lang.Object publicLookup()'>
        <annotation name='com.intellij.inspections.tainted.annotation.equation.Equations'>
            <val val="{ &quot;publicLookup := &quot; }"/>
        </annotation>
    </item>
    <item name='net.bytebuddy.utility.JavaConstant.MethodHandle.Dispatcher.AbstractBase java.lang.String getName(java.lang.Object)'>
        <annotation name='com.intellij.inspections.tainted.annotation.equation.Equations'>
            <val val="{ &quot;getName := &quot; }"/>
        </annotation>
    </item>
    <item name='net.bytebuddy.utility.JavaConstant.MethodHandle.Dispatcher.AbstractBase java.util.List&lt;? extends java.lang.Class&lt;?&gt;&gt; parameterArray(java.lang.Object)'>
        <annotation name='com.intellij.inspections.tainted.annotation.equation.Equations'>
            <val val="{ &quot;parameterArray := &quot; }"/>
        </annotation>
    </item>
    <item name='net.bytebuddy.utility.JavaConstant.MethodHandle.Dispatcher.CreationAction net.bytebuddy.utility.JavaConstant.MethodHandle.Dispatcher.Initializable run()'>
        <annotation name='com.intellij.inspections.tainted.annotation.equation.Equations'>
            <val val="{ &quot;run := JavaConstant.MethodHandle.Dispatcher.ForLegacyVm#INSTANCE&quot; }"/>
        </annotation>
    </item>
    <item name='net.bytebuddy.utility.JavaConstant.MethodHandle.Dispatcher.ForJava7CapableVm'>
        <annotation name='com.intellij.inspections.tainted.annotation.equation.Equations'>
            <val val="{ &quot;ForJava7CapableVm := #ForJava7CapableVm(java.lang.reflect.Method, java.lang.reflect.Method, java.lang.reflect.Method, java.lang.reflect.Method, java.lang.reflect.Method, java.lang.reflect.Method, java.lang.reflect.Method, java.lang.reflect.Method, java.lang.reflect.Constructor)#8&quot; }"/>
        </annotation>
    </item>
    <item name='net.bytebuddy.utility.JavaConstant.MethodHandle.Dispatcher.ForJava7CapableVm ForJava7CapableVm(java.lang.reflect.Method, java.lang.reflect.Method, java.lang.reflect.Method, java.lang.reflect.Method, java.lang.reflect.Method, java.lang.reflect.Method, java.lang.reflect.Method, java.lang.reflect.Method, java.lang.reflect.Constructor&lt;?&gt;)'>
        <annotation name='com.intellij.inspections.tainted.annotation.equation.Equations'>
            <val val="{ &quot;getDeclaringClass := &quot;, &quot;getMethodType := &quot;, &quot;ForJava7CapableVm := JavaConstant.MethodHandle.Dispatcher.ForJava7CapableVm&quot;, &quot;parameterArray := &quot;, &quot;returnType := &quot;, &quot;publicLookup := &quot;, &quot;getReferenceKind := &quot;, &quot;methodInfo := &quot;, &quot;getName := &quot;, &quot;lookupClass := &quot; }"/>
        </annotation>
    </item>
    <item name='net.bytebuddy.utility.JavaConstant.MethodHandle.Dispatcher.ForJava7CapableVm java.lang.Object reveal(java.lang.Object, java.lang.Object)'>
        <annotation name='com.intellij.inspections.tainted.annotation.equation.Equations'>
            <val val="{ &quot;reveal := &quot; }"/>
        </annotation>
    </item>
    <item name='net.bytebuddy.utility.JavaConstant.MethodHandle.Dispatcher.ForJava7CapableVm net.bytebuddy.utility.JavaConstant.MethodHandle.Dispatcher initialize()'>
        <annotation name='com.intellij.inspections.tainted.annotation.equation.Equations'>
            <val val="{ &quot;initialize := &quot; }"/>
        </annotation>
    </item>
    <item name='net.bytebuddy.utility.JavaConstant.MethodHandle.Dispatcher.ForJava7CapableVm net.bytebuddy.utility.JavaConstant.MethodHandle.Dispatcher run()'>
        <annotation name='com.intellij.inspections.tainted.annotation.equation.Equations'>
            <val val="{ &quot;run := JavaConstant.MethodHandle.Dispatcher.ForJava7CapableVm&quot; }"/>
        </annotation>
    </item>
    <item name='net.bytebuddy.utility.JavaConstant.MethodHandle.Dispatcher.ForJava8CapableVm'>
        <annotation name='com.intellij.inspections.tainted.annotation.equation.Equations'>
            <val val="{ &quot;ForJava8CapableVm := #ForJava8CapableVm(java.lang.reflect.Method, java.lang.reflect.Method, java.lang.reflect.Method, java.lang.reflect.Method, java.lang.reflect.Method, java.lang.reflect.Method, java.lang.reflect.Method, java.lang.reflect.Method, java.lang.reflect.Method)#8&quot; }"/>
        </annotation>
    </item>
    <item name='net.bytebuddy.utility.JavaConstant.MethodHandle.Dispatcher.ForJava8CapableVm ForJava8CapableVm(java.lang.reflect.Method, java.lang.reflect.Method, java.lang.reflect.Method, java.lang.reflect.Method, java.lang.reflect.Method, java.lang.reflect.Method, java.lang.reflect.Method, java.lang.reflect.Method, java.lang.reflect.Method)'>
        <annotation name='com.intellij.inspections.tainted.annotation.equation.Equations'>
            <val val="{ &quot;getReferenceKind := &quot;, &quot;getName := &quot;, &quot;publicLookup := &quot;, &quot;parameterArray := &quot;, &quot;getDeclaringClass := &quot;, &quot;ForJava8CapableVm := JavaConstant.MethodHandle.Dispatcher.ForJava8CapableVm&quot;, &quot;returnType := &quot;, &quot;revealDirect := &quot;, &quot;getMethodType := &quot;, &quot;lookupClass := &quot; }"/>
        </annotation>
    </item>
    <item name='net.bytebuddy.utility.JavaConstant.MethodHandle.Dispatcher.ForJava8CapableVm java.lang.Object reveal(java.lang.Object, java.lang.Object)'>
        <annotation name='com.intellij.inspections.tainted.annotation.equation.Equations'>
            <val val="{ &quot;reveal := &quot; }"/>
        </annotation>
    </item>
    <item name='net.bytebuddy.utility.JavaConstant.MethodHandle.Dispatcher.ForJava8CapableVm net.bytebuddy.utility.JavaConstant.MethodHandle.Dispatcher initialize()'>
        <annotation name='com.intellij.inspections.tainted.annotation.equation.Equations'>
            <val val="{ &quot;initialize := JavaConstant.MethodHandle.Dispatcher.ForJava8CapableVm&quot; }"/>
        </annotation>
    </item>
    <item name='net.bytebuddy.utility.JavaConstant.MethodHandle.Dispatcher.Initializable java.lang.Class&lt;?&gt; lookupType(java.lang.Object)'>
        <annotation name='com.intellij.inspections.tainted.annotation.equation.Equations'>
            <val val="{ &quot;lookupType := JavaConstant.MethodHandle.Dispatcher.AbstractBase#lookupType(java.lang.Object) &amp; JavaConstant.MethodHandle.Dispatcher.ForLegacyVm#lookupType(java.lang.Object)&quot;, &quot;lookup := JavaConstant.MethodHandle.Dispatcher.AbstractBase#lookupType(java.lang.Object)#0 &amp; JavaConstant.MethodHandle.Dispatcher.ForLegacyVm#lookupType(java.lang.Object)#0&quot; }"/>
        </annotation>
    </item>
    <item name='net.bytebuddy.utility.JavaConstant.MethodHandle.Dispatcher.Initializable java.lang.Object publicLookup()'>
        <annotation name='com.intellij.inspections.tainted.annotation.equation.Equations'>
            <val val="{ &quot;publicLookup := JavaConstant.MethodHandle.Dispatcher.AbstractBase#publicLookup() &amp; JavaConstant.MethodHandle.Dispatcher.ForLegacyVm#publicLookup()&quot; }"/>
        </annotation>
    </item>
    <item name='net.bytebuddy.utility.JavaConstant.MethodHandle.Dispatcher.Initializable net.bytebuddy.utility.JavaConstant.MethodHandle.Dispatcher initialize()'>
        <annotation name='com.intellij.inspections.tainted.annotation.equation.Equations'>
            <val val="{ &quot;initialize := JavaConstant.MethodHandle.Dispatcher.ForJava8CapableVm#initialize() &amp; JavaConstant.MethodHandle.Dispatcher.ForJava7CapableVm#initialize() &amp; JavaConstant.MethodHandle.Dispatcher.ForLegacyVm#initialize()&quot; }"/>
        </annotation>
    </item>
    <item name='net.bytebuddy.utility.JavaConstant.MethodHandle.HandleType'>
        <annotation name='com.intellij.inspections.tainted.annotation.equation.Equations'>
            <val val="{ &quot;HandleType := #HandleType(int)#0&quot; }"/>
        </annotation>
    </item>
    <item name='net.bytebuddy.utility.JavaConstant.MethodHandle.HandleType HandleType(int)'>
        <annotation name='com.intellij.inspections.tainted.annotation.equation.Equations'>
            <val val="{ &quot;HandleType := JavaConstant.MethodHandle.HandleType&quot;, &quot;identifier := net.bytebuddy.jar.asm.Opcodes#H_INVOKEVIRTUAL &amp; net.bytebuddy.jar.asm.Opcodes#H_INVOKESTATIC &amp; net.bytebuddy.jar.asm.Opcodes#H_INVOKESPECIAL &amp; net.bytebuddy.jar.asm.Opcodes#H_INVOKEINTERFACE &amp; net.bytebuddy.jar.asm.Opcodes#H_NEWINVOKESPECIAL &amp; net.bytebuddy.jar.asm.Opcodes#H_PUTFIELD &amp; net.bytebuddy.jar.asm.Opcodes#H_GETFIELD &amp; net.bytebuddy.jar.asm.Opcodes#H_PUTSTATIC &amp; net.bytebuddy.jar.asm.Opcodes#H_GETSTATIC&quot; }"/>
        </annotation>
    </item>
    <item name='net.bytebuddy.utility.JavaConstant.MethodHandle.HandleType int getIdentifier()'>
        <annotation name='com.intellij.inspections.tainted.annotation.equation.Equations'>
            <val val="{ &quot;getIdentifier := JavaConstant.MethodHandle.HandleType&quot; }"/>
        </annotation>
    </item>
    <item name='net.bytebuddy.utility.JavaConstant.MethodHandle.HandleType net.bytebuddy.utility.JavaConstant.MethodHandle.HandleType of(int)'>
        <annotation name='com.intellij.inspections.tainted.annotation.equation.Equations'>
            <val val="{ &quot;of := JavaConstant.MethodHandle.HandleType&quot;, &quot;identifier := &quot; }"/>
        </annotation>
    </item>
    <item name='net.bytebuddy.utility.JavaConstant.MethodHandle.HandleType net.bytebuddy.utility.JavaConstant.MethodHandle.HandleType of(net.bytebuddy.description.method.MethodDescription.InDefinedShape)'>
        <annotation name='com.intellij.inspections.tainted.annotation.equation.Equations'>
            <val val="{ &quot;of := #INVOKE_STATIC &amp; #INVOKE_SPECIAL &amp; #INVOKE_SPECIAL_CONSTRUCTOR &amp; #INVOKE_INTERFACE &amp; #INVOKE_VIRTUAL&quot;, &quot;methodDescription := JavaConstant.MethodHandle#of(net.bytebuddy.description.method.MethodDescription.InDefinedShape)#0&quot; }"/>
        </annotation>
    </item>
    <item name='net.bytebuddy.utility.JavaConstant.MethodHandle.HandleType net.bytebuddy.utility.JavaConstant.MethodHandle.HandleType ofGetter(net.bytebuddy.description.field.FieldDescription.InDefinedShape)'>
        <annotation name='com.intellij.inspections.tainted.annotation.equation.Equations'>
            <val val="{ &quot;ofGetter := #GET_STATIC_FIELD &amp; #GET_FIELD&quot;, &quot;fieldDescription := JavaConstant.MethodHandle#ofGetter(net.bytebuddy.description.field.FieldDescription.InDefinedShape)#0&quot; }"/>
        </annotation>
    </item>
    <item name='net.bytebuddy.utility.JavaConstant.MethodHandle.HandleType net.bytebuddy.utility.JavaConstant.MethodHandle.HandleType ofSetter(net.bytebuddy.description.field.FieldDescription.InDefinedShape)'>
        <annotation name='com.intellij.inspections.tainted.annotation.equation.Equations'>
            <val val="{ &quot;fieldDescription := JavaConstant.MethodHandle#ofSetter(net.bytebuddy.description.field.FieldDescription.InDefinedShape)#0&quot;, &quot;ofSetter := #PUT_STATIC_FIELD &amp; #PUT_FIELD&quot; }"/>
        </annotation>
    </item>
    <item name='net.bytebuddy.utility.JavaConstant.MethodHandle.HandleType net.bytebuddy.utility.JavaConstant.MethodHandle.HandleType ofSpecial(net.bytebuddy.description.method.MethodDescription.InDefinedShape)'>
        <annotation name='com.intellij.inspections.tainted.annotation.equation.Equations'>
            <val val="{ &quot;methodDescription := JavaConstant.MethodHandle#ofSpecial(net.bytebuddy.description.method.MethodDescription.InDefinedShape, net.bytebuddy.description.type.TypeDescription)#0&quot;, &quot;ofSpecial := #INVOKE_SPECIAL_CONSTRUCTOR &amp; #INVOKE_SPECIAL&quot; }"/>
        </annotation>
    </item>
    <item name='net.bytebuddy.utility.JavaConstant.MethodType'>
        <annotation name='com.intellij.inspections.tainted.annotation.equation.Equations'>
            <val val="{ &quot;MethodType := #MethodType(net.bytebuddy.description.type.TypeDescription, java.util.List)#0 &amp; #MethodType(net.bytebuddy.description.type.TypeDescription, java.util.List)#1&quot; }"/>
        </annotation>
    </item>
    <item name='net.bytebuddy.utility.JavaConstant.MethodType MethodType(net.bytebuddy.description.type.TypeDescription, java.util.List&lt;? extends net.bytebuddy.description.type.TypeDescription&gt;)'>
        <annotation name='com.intellij.inspections.tainted.annotation.equation.Equations'>
            <val val="{ &quot;MethodType := JavaConstant.MethodType&quot;, &quot;returnType := #of(net.bytebuddy.description.type.TypeDescription, java.util.List)#0 &amp; net.bytebuddy.description.type.TypeDescription#VOID &amp; #ofConstant(net.bytebuddy.description.type.TypeDescription)#0&quot;, &quot;parameterTypes := #of(net.bytebuddy.description.type.TypeDescription, java.util.List)#1&quot; }"/>
        </annotation>
    </item>
    <item name='net.bytebuddy.utility.JavaConstant.MethodType int hashCode()'>
        <annotation name='com.intellij.inspections.tainted.annotation.equation.Equations'>
            <val val="{ &quot;hashCode := &quot; }"/>
        </annotation>
    </item>
    <item name='net.bytebuddy.utility.JavaConstant.MethodType java.lang.Object asConstantPoolValue()'>
        <annotation name='com.intellij.inspections.tainted.annotation.equation.Equations'>
            <val val="{ &quot;asConstantPoolValue := &quot; }"/>
        </annotation>
    </item>
    <item name='net.bytebuddy.utility.JavaConstant.MethodType java.lang.String getDescriptor()'>
        <annotation name='com.intellij.inspections.tainted.annotation.equation.Equations'>
            <val val="{ &quot;getDescriptor := &quot; }"/>
        </annotation>
    </item>
    <item name='net.bytebuddy.utility.JavaConstant.MethodType net.bytebuddy.description.type.TypeDescription getReturnType()'>
        <annotation name='com.intellij.inspections.tainted.annotation.equation.Equations'>
            <val val="{ &quot;getReturnType := JavaConstant.MethodType&quot; }"/>
        </annotation>
    </item>
    <item name='net.bytebuddy.utility.JavaConstant.MethodType net.bytebuddy.description.type.TypeDescription getType()'>
        <annotation name='com.intellij.inspections.tainted.annotation.equation.Equations'>
            <val val="{ &quot;getType := &quot; }"/>
        </annotation>
    </item>
    <item name='net.bytebuddy.utility.JavaConstant.MethodType net.bytebuddy.description.type.TypeList getParameterTypes()'>
        <annotation name='com.intellij.inspections.tainted.annotation.equation.Equations'>
            <val val="{ &quot;getParameterTypes := &quot; }"/>
        </annotation>
    </item>
    <item name='net.bytebuddy.utility.JavaConstant.MethodType net.bytebuddy.utility.JavaConstant.MethodType of(java.lang.Class&lt;?&gt;, java.lang.Class&lt;?&gt;...)'>
        <annotation name='com.intellij.inspections.tainted.annotation.equation.Equations'>
            <val val="{ &quot;returnType := &quot;, &quot;of := &quot;, &quot;parameterType := &quot; }"/>
        </annotation>
    </item>
    <item name='net.bytebuddy.utility.JavaConstant.MethodType net.bytebuddy.utility.JavaConstant.MethodType of(java.lang.reflect.Constructor&lt;?&gt;)'>
        <annotation name='com.intellij.inspections.tainted.annotation.equation.Equations'>
            <val val="{ &quot;of := &quot; }"/>
        </annotation>
    </item>
    <item name='net.bytebuddy.utility.JavaConstant.MethodType net.bytebuddy.utility.JavaConstant.MethodType of(java.lang.reflect.Method)'>
        <annotation name='com.intellij.inspections.tainted.annotation.equation.Equations'>
            <val val="{ &quot;of := &quot; }"/>
        </annotation>
    </item>
    <item name='net.bytebuddy.utility.JavaConstant.MethodType net.bytebuddy.utility.JavaConstant.MethodType of(net.bytebuddy.description.method.MethodDescription)'>
        <annotation name='com.intellij.inspections.tainted.annotation.equation.Equations'>
            <val val="{ &quot;methodDescription := &quot;, &quot;of := &quot; }"/>
        </annotation>
    </item>
    <item name='net.bytebuddy.utility.JavaConstant.MethodType net.bytebuddy.utility.JavaConstant.MethodType of(net.bytebuddy.description.type.TypeDescription, java.util.List&lt;? extends net.bytebuddy.description.type.TypeDescription&gt;)'>
        <annotation name='com.intellij.inspections.tainted.annotation.equation.Equations'>
            <val val="{ &quot;of := &quot;, &quot;returnType := &quot;, &quot;parameterTypes := &quot; }"/>
        </annotation>
    </item>
    <item name='net.bytebuddy.utility.JavaConstant.MethodType net.bytebuddy.utility.JavaConstant.MethodType ofConstant(java.lang.Class&lt;?&gt;)'>
        <annotation name='com.intellij.inspections.tainted.annotation.equation.Equations'>
            <val val="{ &quot;ofConstant := &quot;, &quot;type := &quot; }"/>
        </annotation>
    </item>
    <item name='net.bytebuddy.utility.JavaConstant.MethodType net.bytebuddy.utility.JavaConstant.MethodType ofConstant(java.lang.Object)'>
        <annotation name='com.intellij.inspections.tainted.annotation.equation.Equations'>
            <val val="{ &quot;ofConstant := &quot; }"/>
        </annotation>
    </item>
    <item name='net.bytebuddy.utility.JavaConstant.MethodType net.bytebuddy.utility.JavaConstant.MethodType ofConstant(net.bytebuddy.description.type.TypeDescription)'>
        <annotation name='com.intellij.inspections.tainted.annotation.equation.Equations'>
            <val val="{ &quot;ofConstant := &quot;, &quot;typeDescription := &quot; }"/>
        </annotation>
    </item>
    <item name='net.bytebuddy.utility.JavaConstant.MethodType net.bytebuddy.utility.JavaConstant.MethodType ofGetter(java.lang.reflect.Field)'>
        <annotation name='com.intellij.inspections.tainted.annotation.equation.Equations'>
            <val val="{ &quot;ofGetter := &quot; }"/>
        </annotation>
    </item>
    <item name='net.bytebuddy.utility.JavaConstant.MethodType net.bytebuddy.utility.JavaConstant.MethodType ofGetter(net.bytebuddy.description.field.FieldDescription)'>
        <annotation name='com.intellij.inspections.tainted.annotation.equation.Equations'>
            <val val="{ &quot;fieldDescription := &quot;, &quot;ofGetter := &quot; }"/>
        </annotation>
    </item>
    <item name='net.bytebuddy.utility.JavaConstant.MethodType net.bytebuddy.utility.JavaConstant.MethodType ofLoaded(java.lang.Object)'>
        <annotation name='com.intellij.inspections.tainted.annotation.equation.Equations'>
            <val val="{ &quot;ofLoaded := &quot;, &quot;methodType := net.bytebuddy.implementation.MethodCall.ArgumentLoader.ForStackManipulation#of(java.lang.Object)#0 &amp; net.bytebuddy.implementation.FixedValue#value(java.lang.Object)#0 &amp; net.bytebuddy.implementation.FieldAccessor.ForImplicitProperty#setsValue(java.lang.Object)#0&quot; }"/>
        </annotation>
    </item>
    <item name='net.bytebuddy.utility.JavaConstant.MethodType net.bytebuddy.utility.JavaConstant.MethodType ofSetter(java.lang.reflect.Field)'>
        <annotation name='com.intellij.inspections.tainted.annotation.equation.Equations'>
            <val val="{ &quot;ofSetter := &quot; }"/>
        </annotation>
    </item>
    <item name='net.bytebuddy.utility.JavaConstant.MethodType net.bytebuddy.utility.JavaConstant.MethodType ofSetter(net.bytebuddy.description.field.FieldDescription)'>
        <annotation name='com.intellij.inspections.tainted.annotation.equation.Equations'>
            <val val="{ &quot;ofSetter := &quot;, &quot;fieldDescription := &quot; }"/>
        </annotation>
    </item>
    <item name='net.bytebuddy.utility.JavaConstant.MethodType.Dispatcher java.lang.Class&lt;?&gt; returnType(java.lang.Object)'>
        <annotation name='com.intellij.inspections.tainted.annotation.equation.Equations'>
            <val val="{ &quot;methodType := JavaConstant.MethodType#ofLoaded(java.lang.Object)#0&quot; }"/>
        </annotation>
    </item>
    <item name='net.bytebuddy.utility.JavaConstant.MethodType.Dispatcher java.lang.Class&lt;?&gt;[] parameterArray(java.lang.Object)'>
        <annotation name='com.intellij.inspections.tainted.annotation.equation.Equations'>
            <val val="{ &quot;methodType := JavaConstant.MethodType.Dispatcher.ForJava7CapableVm#parameterArray(java.lang.Object)#0 &amp; JavaConstant.MethodType.Dispatcher.ForLegacyVm#parameterArray(java.lang.Object)#0&quot;, &quot;parameterArray := JavaConstant.MethodType.Dispatcher.ForJava7CapableVm#parameterArray(java.lang.Object) &amp; JavaConstant.MethodType.Dispatcher.ForLegacyVm#parameterArray(java.lang.Object)&quot; }"/>
        </annotation>
    </item>
    <item name='net.bytebuddy.utility.JavaConstant.MethodType.Dispatcher.CreationAction net.bytebuddy.utility.JavaConstant.MethodType.Dispatcher run()'>
        <annotation name='com.intellij.inspections.tainted.annotation.equation.Equations'>
            <val val="{ &quot;run := JavaConstant.MethodType.Dispatcher.ForLegacyVm#INSTANCE&quot; }"/>
        </annotation>
    </item>
    <item name='net.bytebuddy.utility.JavaConstant.MethodType.Dispatcher.ForJava7CapableVm'>
        <annotation name='com.intellij.inspections.tainted.annotation.equation.Equations'>
            <val val="{ &quot;ForJava7CapableVm := #ForJava7CapableVm(java.lang.reflect.Method, java.lang.reflect.Method)#0 &amp; #ForJava7CapableVm(java.lang.reflect.Method, java.lang.reflect.Method)#1&quot; }"/>
        </annotation>
    </item>
    <item name='net.bytebuddy.utility.JavaConstant.MethodType.Dispatcher.ForJava7CapableVm ForJava7CapableVm(java.lang.reflect.Method, java.lang.reflect.Method)'>
        <annotation name='com.intellij.inspections.tainted.annotation.equation.Equations'>
            <val val="{ &quot;ForJava7CapableVm := JavaConstant.MethodType.Dispatcher.ForJava7CapableVm&quot;, &quot;returnType := &quot;, &quot;parameterArray := &quot; }"/>
        </annotation>
    </item>
    <item name='net.bytebuddy.utility.JavaConstant.MethodType.Dispatcher.ForJava7CapableVm java.lang.Class&lt;?&gt; returnType(java.lang.Object)'>
        <annotation name='com.intellij.inspections.tainted.annotation.equation.Equations'>
            <val val="{ &quot;returnType := &quot; }"/>
        </annotation>
    </item>
    <item name='net.bytebuddy.utility.JavaConstant.MethodType.Dispatcher.ForJava7CapableVm java.lang.Class&lt;?&gt;[] parameterArray(java.lang.Object)'>
        <annotation name='com.intellij.inspections.tainted.annotation.equation.Equations'>
            <val val="{ &quot;parameterArray := &quot; }"/>
        </annotation>
    </item>
    <item name='net.bytebuddy.utility.JavaType'>
        <annotation name='com.intellij.inspections.tainted.annotation.equation.Equations'>
            <val val="{ &quot;JavaType := &quot; }"/>
        </annotation>
    </item>
    <item name='net.bytebuddy.utility.JavaType JavaType(java.lang.String, int, java.lang.Class&lt;?&gt;, java.lang.Class&lt;?&gt;...)'>
        <annotation name='com.intellij.inspections.tainted.annotation.equation.Equations'>
            <val val="{ &quot;JavaType := JavaType&quot;, &quot;modifiers := net.bytebuddy.jar.asm.Opcodes#ACC_PUBLIC &amp; net.bytebuddy.jar.asm.Opcodes#ACC_ABSTRACT &amp; net.bytebuddy.jar.asm.Opcodes#ACC_FINAL &amp; net.bytebuddy.jar.asm.Opcodes#ACC_STATIC&quot; }"/>
        </annotation>
    </item>
    <item name='net.bytebuddy.utility.JavaType java.lang.Class&lt;?&gt; load()'>
        <annotation name='com.intellij.inspections.tainted.annotation.equation.Equations'>
            <val val="{ &quot;load := &quot; }"/>
        </annotation>
    </item>
    <item name='net.bytebuddy.utility.JavaType net.bytebuddy.description.type.TypeDescription getTypeStub()'>
        <annotation name='com.intellij.inspections.tainted.annotation.equation.Equations'>
            <val val="{ &quot;getTypeStub := JavaType&quot; }"/>
        </annotation>
    </item>
    <item name='net.bytebuddy.utility.OpenedClassReader net.bytebuddy.jar.asm.ClassReader of(byte[])'>
        <annotation name='com.intellij.inspections.tainted.annotation.equation.Equations'>
            <val val="{ &quot;binaryRepresentation := net.bytebuddy.pool.TypePool.Default#parse(byte[])#0&quot;, &quot;of := &quot; }"/>
        </annotation>
    </item>
    <item name='net.bytebuddy.utility.RandomString'>
        <annotation name='com.intellij.inspections.tainted.annotation.equation.Equations'>
            <val val="{ &quot;RandomString := #RandomString(int)#0&quot; }"/>
        </annotation>
    </item>
    <item name='net.bytebuddy.utility.RandomString RandomString()'>
        <annotation name='com.intellij.inspections.tainted.annotation.equation.Equations'>
            <val val="{ &quot;RandomString := RandomString&quot; }"/>
        </annotation>
    </item>
    <item name='net.bytebuddy.utility.RandomString RandomString(int)'>
        <annotation name='com.intellij.inspections.tainted.annotation.equation.Equations'>
            <val val="{ &quot;length := #DEFAULT_LENGTH&quot;, &quot;RandomString := RandomString&quot; }"/>
        </annotation>
    </item>
    <item name='net.bytebuddy.utility.RandomString java.lang.String hashOf(int)'>
        <annotation name='com.intellij.inspections.tainted.annotation.equation.Equations'>
            <val val="{ &quot;value := &quot;, &quot;hashOf := &quot; }"/>
        </annotation>
    </item>
    <item name='net.bytebuddy.utility.RandomString java.lang.String make()'>
        <annotation name='com.intellij.inspections.tainted.annotation.equation.Equations'>
            <val val="{ &quot;make := &quot; }"/>
        </annotation>
    </item>
    <item name='net.bytebuddy.utility.RandomString java.lang.String make(int)'>
        <annotation name='com.intellij.inspections.tainted.annotation.equation.Equations'>
            <val val="{ &quot;length := #DEFAULT_LENGTH&quot;, &quot;make := &quot; }"/>
        </annotation>
    </item>
    <item name='net.bytebuddy.utility.RandomString java.lang.String nextString()'>
        <annotation name='com.intellij.inspections.tainted.annotation.equation.Equations'>
            <val val="{ &quot;nextString := &quot; }"/>
        </annotation>
    </item>
    <item name='net.bytebuddy.utility.StreamDrainer'>
        <annotation name='com.intellij.inspections.tainted.annotation.equation.Equations'>
            <val val="{ &quot;StreamDrainer := #StreamDrainer(int)#0&quot; }"/>
        </annotation>
    </item>
    <item name='net.bytebuddy.utility.StreamDrainer StreamDrainer()'>
        <annotation name='com.intellij.inspections.tainted.annotation.equation.Equations'>
            <val val="{ &quot;StreamDrainer := StreamDrainer&quot; }"/>
        </annotation>
    </item>
    <item name='net.bytebuddy.utility.StreamDrainer StreamDrainer(int)'>
        <annotation name='com.intellij.inspections.tainted.annotation.equation.Equations'>
            <val val="{ &quot;StreamDrainer := StreamDrainer&quot;, &quot;bufferSize := #DEFAULT_BUFFER_SIZE&quot; }"/>
        </annotation>
    </item>
    <item name='net.bytebuddy.utility.StreamDrainer byte[] drain(java.io.InputStream)'>
        <annotation name='com.intellij.inspections.tainted.annotation.equation.Equations'>
            <val val="{ &quot;inputStream := &quot; }"/>
        </annotation>
    </item>
</root>