<root>
    <item name='javax.persistence.criteria.AbstractQuery javax.persistence.criteria.AbstractQuery&lt;T&gt; distinct(boolean)'>
        <annotation name='com.intellij.inspections.tainted.annotation.equation.Equations'>
            <val val="{ &quot;distinct := Subquery#distinct(boolean) &amp; CriteriaQuery#distinct(boolean)&quot; }"/>
        </annotation>
    </item>
    <item name='javax.persistence.criteria.AbstractQuery javax.persistence.criteria.AbstractQuery&lt;T&gt; groupBy(java.util.List&lt;javax.persistence.criteria.Expression&lt;?&gt;&gt;)'>
        <annotation name='com.intellij.inspections.tainted.annotation.equation.Equations'>
            <val val="{ &quot;grouping := Subquery#groupBy(java.util.List)#0 &amp; CriteriaQuery#groupBy(java.util.List)#0&quot;, &quot;groupBy := Subquery#groupBy(java.util.List) &amp; CriteriaQuery#groupBy(java.util.List)&quot; }"/>
        </annotation>
    </item>
    <item name='javax.persistence.criteria.AbstractQuery javax.persistence.criteria.AbstractQuery&lt;T&gt; groupBy(javax.persistence.criteria.Expression&lt;?&gt;...)'>
        <annotation name='com.intellij.inspections.tainted.annotation.equation.Equations'>
            <val val="{ &quot;groupBy := Subquery#groupBy(javax.persistence.criteria.Expression[]) &amp; CriteriaQuery#groupBy(javax.persistence.criteria.Expression[])&quot;, &quot;grouping := Subquery#groupBy(javax.persistence.criteria.Expression[])#0 &amp; CriteriaQuery#groupBy(javax.persistence.criteria.Expression[])#0&quot; }"/>
        </annotation>
    </item>
    <item name='javax.persistence.criteria.AbstractQuery javax.persistence.criteria.AbstractQuery&lt;T&gt; having(javax.persistence.criteria.Expression&lt;java.lang.Boolean&gt;)'>
        <annotation name='com.intellij.inspections.tainted.annotation.equation.Equations'>
            <val val="{ &quot;having := Subquery#having(javax.persistence.criteria.Expression) &amp; CriteriaQuery#having(javax.persistence.criteria.Expression)&quot;, &quot;restriction := Subquery#having(javax.persistence.criteria.Expression)#0 &amp; CriteriaQuery#having(javax.persistence.criteria.Expression)#0&quot; }"/>
        </annotation>
    </item>
    <item name='javax.persistence.criteria.AbstractQuery javax.persistence.criteria.AbstractQuery&lt;T&gt; having(javax.persistence.criteria.Predicate...)'>
        <annotation name='com.intellij.inspections.tainted.annotation.equation.Equations'>
            <val val="{ &quot;having := Subquery#having(javax.persistence.criteria.Predicate...) &amp; CriteriaQuery#having(javax.persistence.criteria.Predicate...)&quot;, &quot;restrictions := Subquery#having(javax.persistence.criteria.Predicate...)#0 &amp; CriteriaQuery#having(javax.persistence.criteria.Predicate...)#0&quot; }"/>
        </annotation>
    </item>
    <item name='javax.persistence.criteria.AbstractQuery javax.persistence.criteria.AbstractQuery&lt;T&gt; where(javax.persistence.criteria.Expression&lt;java.lang.Boolean&gt;)'>
        <annotation name='com.intellij.inspections.tainted.annotation.equation.Equations'>
            <val val="{ &quot;restriction := Subquery#where(javax.persistence.criteria.Expression)#0 &amp; CriteriaQuery#where(javax.persistence.criteria.Expression)#0&quot;, &quot;where := Subquery#where(javax.persistence.criteria.Expression) &amp; CriteriaQuery#where(javax.persistence.criteria.Expression)&quot; }"/>
        </annotation>
    </item>
    <item name='javax.persistence.criteria.AbstractQuery javax.persistence.criteria.AbstractQuery&lt;T&gt; where(javax.persistence.criteria.Predicate...)'>
        <annotation name='com.intellij.inspections.tainted.annotation.equation.Equations'>
            <val val="{ &quot;restrictions := Subquery#where(javax.persistence.criteria.Predicate...)#0 &amp; CriteriaQuery#where(javax.persistence.criteria.Predicate...)#0&quot;, &quot;where := Subquery#where(javax.persistence.criteria.Predicate...) &amp; CriteriaQuery#where(javax.persistence.criteria.Predicate...)&quot; }"/>
        </annotation>
    </item>
    <item name='javax.persistence.criteria.AbstractQuery javax.persistence.criteria.Selection&lt;T&gt; getSelection()'>
        <annotation name='com.intellij.inspections.tainted.annotation.equation.Equations'>
            <val val="{ &quot;getSelection := Subquery#getSelection()&quot; }"/>
        </annotation>
    </item>
    <item name='javax.persistence.criteria.Join javax.persistence.criteria.Join&lt;Z,X&gt; on(javax.persistence.criteria.Expression&lt;java.lang.Boolean&gt;)'>
        <annotation name='com.intellij.inspections.tainted.annotation.equation.Equations'>
            <val val="{ &quot;on := MapJoin#on(javax.persistence.criteria.Expression) &amp; SetJoin#on(javax.persistence.criteria.Expression) &amp; ListJoin#on(javax.persistence.criteria.Expression) &amp; CollectionJoin#on(javax.persistence.criteria.Expression)&quot;, &quot;restriction := MapJoin#on(javax.persistence.criteria.Expression)#0 &amp; SetJoin#on(javax.persistence.criteria.Expression)#0 &amp; ListJoin#on(javax.persistence.criteria.Expression)#0 &amp; CollectionJoin#on(javax.persistence.criteria.Expression)#0&quot; }"/>
        </annotation>
    </item>
    <item name='javax.persistence.criteria.Join javax.persistence.criteria.Join&lt;Z,X&gt; on(javax.persistence.criteria.Predicate...)'>
        <annotation name='com.intellij.inspections.tainted.annotation.equation.Equations'>
            <val val="{ &quot;restrictions := MapJoin#on(javax.persistence.criteria.Predicate...)#0 &amp; SetJoin#on(javax.persistence.criteria.Predicate...)#0 &amp; ListJoin#on(javax.persistence.criteria.Predicate...)#0 &amp; CollectionJoin#on(javax.persistence.criteria.Predicate...)#0&quot;, &quot;on := MapJoin#on(javax.persistence.criteria.Predicate...) &amp; SetJoin#on(javax.persistence.criteria.Predicate...) &amp; ListJoin#on(javax.persistence.criteria.Predicate...) &amp; CollectionJoin#on(javax.persistence.criteria.Predicate...)&quot; }"/>
        </annotation>
    </item>
    <item name='javax.persistence.criteria.Path javax.persistence.metamodel.Bindable&lt;X&gt; getModel()'>
        <annotation name='com.intellij.inspections.tainted.annotation.equation.Equations'>
            <val val="{ &quot;getModel := Root#getModel() &amp; PluralJoin#getModel()&quot; }"/>
        </annotation>
    </item>
    <item name='javax.persistence.criteria.PluralJoin javax.persistence.metamodel.PluralAttribute&lt;? super Z,C,E&gt; getModel()'>
        <annotation name='com.intellij.inspections.tainted.annotation.equation.Equations'>
            <val val="{ &quot;getModel := MapJoin#getModel() &amp; SetJoin#getModel() &amp; ListJoin#getModel() &amp; CollectionJoin#getModel()&quot; }"/>
        </annotation>
    </item>
</root>