<root>
    <item name='com.sun.jmx.remote.util.ClassLogger ClassLogger(java.lang.String, java.lang.String)'>
        <annotation name='com.intellij.inspections.tainted.annotation.equation.Equations'>
            <val val="{ &quot;ClassLogger := ClassLogger&quot;, &quot;className := com.sun.jmx.remote.security.JMXPluggableAuthenticator#LOGIN_CONFIG_NAME&quot; }"/>
        </annotation>
    </item>
    <item name='com.sun.jmx.remote.util.ClassLogger void config(java.lang.String, java.lang.String)'>
        <annotation name='com.intellij.inspections.tainted.annotation.equation.Equations'>
            <val val="{ &quot;msg := com.sun.jmx.remote.internal.ClientNotifForwarder.NotifFetcher#logOnce(java.lang.String, java.lang.SecurityException)#0&quot; }"/>
        </annotation>
    </item>
    <item name='com.sun.jmx.remote.util.ClassLogger void debug(java.lang.String, java.lang.String)'>
        <annotation name='com.intellij.inspections.tainted.annotation.equation.Equations'>
            <val val="{ &quot;msg := com.sun.jmx.remote.security.FileLoginModule &amp; javax.management.remote.rmi.RMIConnector.RemoteMBeanServerConnection#unregisterMBean(javax.management.ObjectName)#0 &amp; javax.management.remote.rmi.RMIConnector.RemoteMBeanServerConnection#isRegistered(javax.management.ObjectName)#0 &amp; javax.management.remote.rmi.RMIConnector.RemoteMBeanServerConnection#setAttribute(javax.management.ObjectName, javax.management.Attribute)#0 &amp; javax.management.remote.rmi.RMIConnector.RemoteMBeanServerConnection#isInstanceOf(javax.management.ObjectName, java.lang.String)#0 &amp; javax.management.remote.rmi.RMIConnector.RemoteMBeanServerConnection#isInstanceOf(javax.management.ObjectName, java.lang.String)#1 &amp; javax.management.remote.rmi.RMIConnector.RemoteMBeanServerConnection#addNotificationListener(javax.management.ObjectName, javax.management.ObjectName, javax.management.NotificationFilter, java.lang.Object)#0 &amp; javax.management.remote.rmi.RMIConnector.RemoteMBeanServerConnection#addNotificationListener(javax.management.ObjectName, javax.management.ObjectName, javax.management.NotificationFilter, java.lang.Object)#1 &amp; javax.management.remote.rmi.RMIConnector.RemoteMBeanServerConnection#addNotificationListener(javax.management.ObjectName, javax.management.ObjectName, javax.management.NotificationFilter, java.lang.Object)#2 &amp; javax.management.remote.rmi.RMIConnector.RemoteMBeanServerConnection#addNotificationListener(javax.management.ObjectName, javax.management.ObjectName, javax.management.NotificationFilter, java.lang.Object)#3 &amp; javax.management.remote.rmi.RMIConnector.RemoteMBeanServerConnection#removeNotificationListener(javax.management.ObjectName, javax.management.ObjectName)#0 &amp; javax.management.remote.rmi.RMIConnector.RemoteMBeanServerConnection#removeNotificationListener(javax.management.ObjectName, javax.management.ObjectName)#1 &amp; javax.management.remote.rmi.RMIConnector.RemoteMBeanServerConnection#removeNotificationListener(javax.management.ObjectName, javax.management.ObjectName, javax.management.NotificationFilter, java.lang.Object)#0 &amp; javax.management.remote.rmi.RMIConnector.RemoteMBeanServerConnection#removeNotificationListener(javax.management.ObjectName, javax.management.ObjectName, javax.management.NotificationFilter, java.lang.Object)#1 &amp; javax.management.remote.rmi.RMIConnector.RemoteMBeanServerConnection#removeNotificationListener(javax.management.ObjectName, javax.management.ObjectName, javax.management.NotificationFilter, java.lang.Object)#2 &amp; javax.management.remote.rmi.RMIConnector.RemoteMBeanServerConnection#removeNotificationListener(javax.management.ObjectName, javax.management.ObjectName, javax.management.NotificationFilter, java.lang.Object)#3 &amp; javax.management.remote.rmi.RMIConnector.RemoteMBeanServerConnection#addNotificationListener(javax.management.ObjectName, javax.management.NotificationListener, javax.management.NotificationFilter, java.lang.Object)#0 &amp; javax.management.remote.rmi.RMIConnector.RemoteMBeanServerConnection#addNotificationListener(javax.management.ObjectName, javax.management.NotificationListener, javax.management.NotificationFilter, java.lang.Object)#1 &amp; javax.management.remote.rmi.RMIConnector.RemoteMBeanServerConnection#addNotificationListener(javax.management.ObjectName, javax.management.NotificationListener, javax.management.NotificationFilter, java.lang.Object)#2 &amp; javax.management.remote.rmi.RMIConnector.RemoteMBeanServerConnection#addNotificationListener(javax.management.ObjectName, javax.management.NotificationListener, javax.management.NotificationFilter, java.lang.Object)#3 &amp; javax.management.remote.rmi.RMIConnector.RemoteMBeanServerConnection#removeNotificationListener(javax.management.ObjectName, javax.management.NotificationListener)#0 &amp; javax.management.remote.rmi.RMIConnector.RemoteMBeanServerConnection#removeNotificationListener(javax.management.ObjectName, javax.management.NotificationListener)#1 &amp; javax.management.remote.rmi.RMIConnector.RemoteMBeanServerConnection#removeNotificationListener(javax.management.ObjectName, javax.management.NotificationListener, javax.management.NotificationFilter, java.lang.Object)#0 &amp; javax.management.remote.rmi.RMIConnector.RemoteMBeanServerConnection#removeNotificationListener(javax.management.ObjectName, javax.management.NotificationListener, javax.management.NotificationFilter, java.lang.Object)#1 &amp; javax.management.remote.rmi.RMIConnector.RemoteMBeanServerConnection#removeNotificationListener(javax.management.ObjectName, javax.management.NotificationListener, javax.management.NotificationFilter, java.lang.Object)#2 &amp; javax.management.remote.rmi.RMIConnector.RemoteMBeanServerConnection#removeNotificationListener(javax.management.ObjectName, javax.management.NotificationListener, javax.management.NotificationFilter, java.lang.Object)#3 &amp; javax.management.remote.rmi.RMIConnectionImpl &amp; javax.management.remote.rmi.RMIConnectionImpl#unregisterMBean(javax.management.ObjectName, javax.security.auth.Subject)#0 &amp; javax.management.remote.rmi.RMIConnectionImpl#setAttribute(javax.management.ObjectName, java.rmi.MarshalledObject, javax.security.auth.Subject)#0 &amp; javax.management.remote.rmi.RMIConnectionImpl#isInstanceOf(javax.management.ObjectName, java.lang.String, javax.security.auth.Subject)#0 &amp; javax.management.remote.rmi.RMIConnectionImpl#isInstanceOf(javax.management.ObjectName, java.lang.String, javax.security.auth.Subject)#1 &amp; javax.management.remote.rmi.RMIConnectionImpl#addNotificationListener(javax.management.ObjectName, javax.management.ObjectName, java.rmi.MarshalledObject, java.rmi.MarshalledObject, javax.security.auth.Subject)#0 &amp; javax.management.remote.rmi.RMIConnectionImpl#addNotificationListener(javax.management.ObjectName, javax.management.ObjectName, java.rmi.MarshalledObject, java.rmi.MarshalledObject, javax.security.auth.Subject)#1 &amp; javax.management.remote.rmi.RMIConnectionImpl#removeNotificationListeners(javax.management.ObjectName, java.lang.Integer[], javax.security.auth.Subject)#0 &amp; javax.management.remote.rmi.RMIConnectionImpl#removeNotificationListener(javax.management.ObjectName, javax.management.ObjectName, javax.security.auth.Subject)#0 &amp; javax.management.remote.rmi.RMIConnectionImpl#removeNotificationListener(javax.management.ObjectName, javax.management.ObjectName, javax.security.auth.Subject)#1 &amp; javax.management.remote.rmi.RMIConnectionImpl#removeNotificationListener(javax.management.ObjectName, javax.management.ObjectName, java.rmi.MarshalledObject, java.rmi.MarshalledObject, javax.security.auth.Subject)#0 &amp; javax.management.remote.rmi.RMIConnectionImpl#removeNotificationListener(javax.management.ObjectName, javax.management.ObjectName, java.rmi.MarshalledObject, java.rmi.MarshalledObject, javax.security.auth.Subject)#1 &amp; com.sun.jmx.remote.internal.ArrayNotificationBuffer#fetchNotifications(com.sun.jmx.remote.internal.NotificationBufferFilter, long, long, int)#2 &amp; java.lang.Long#MAX_VALUE &amp; com.sun.jmx.remote.internal.ArrayNotificationBuffer#fetchNotifications(com.sun.jmx.remote.internal.NotificationBufferFilter, long, long, int)#1 &amp; com.sun.jmx.remote.internal.ArrayNotificationBuffer &amp; com.sun.jmx.remote.internal.ArrayNotificationBuffer.BufferListener#handleNotification(javax.management.Notification, java.lang.Object)#0 &amp; com.sun.jmx.remote.internal.ArrayNotificationBuffer.BufferListener#handleNotification(javax.management.Notification, java.lang.Object)#1 &amp; javax.management.remote.rmi.RMIConnector.RemoteMBeanServerConnection#createMBean(java.lang.String, javax.management.ObjectName)#0 &amp; javax.management.remote.rmi.RMIConnector.RemoteMBeanServerConnection#createMBean(java.lang.String, javax.management.ObjectName)#1 &amp; javax.management.remote.rmi.RMIConnector.RemoteMBeanServerConnection#createMBean(java.lang.String, javax.management.ObjectName, javax.management.ObjectName)#0 &amp; javax.management.remote.rmi.RMIConnector.RemoteMBeanServerConnection#createMBean(java.lang.String, javax.management.ObjectName, javax.management.ObjectName)#1 &amp; javax.management.remote.rmi.RMIConnector.RemoteMBeanServerConnection#createMBean(java.lang.String, javax.management.ObjectName, javax.management.ObjectName)#2 &amp; javax.management.remote.rmi.RMIConnector.RemoteMBeanServerConnection#createMBean(java.lang.String, javax.management.ObjectName, java.lang.Object[], java.lang.String[])#0 &amp; javax.management.remote.rmi.RMIConnector.RemoteMBeanServerConnection#createMBean(java.lang.String, javax.management.ObjectName, java.lang.Object[], java.lang.String[])#1 &amp; javax.management.remote.rmi.RMIConnector.RemoteMBeanServerConnection#createMBean(java.lang.String, javax.management.ObjectName, javax.management.ObjectName, java.lang.Object[], java.lang.String[])#0 &amp; javax.management.remote.rmi.RMIConnector.RemoteMBeanServerConnection#createMBean(java.lang.String, javax.management.ObjectName, javax.management.ObjectName, java.lang.Object[], java.lang.String[])#1 &amp; javax.management.remote.rmi.RMIConnector.RemoteMBeanServerConnection#createMBean(java.lang.String, javax.management.ObjectName, javax.management.ObjectName, java.lang.Object[], java.lang.String[])#2 &amp; javax.management.remote.rmi.RMIConnector.RemoteMBeanServerConnection#getObjectInstance(javax.management.ObjectName)#0 &amp; javax.management.remote.rmi.RMIConnector.RemoteMBeanServerConnection#queryMBeans(javax.management.ObjectName, javax.management.QueryExp)#0 &amp; javax.management.remote.rmi.RMIConnector.RemoteMBeanServerConnection#queryMBeans(javax.management.ObjectName, javax.management.QueryExp)#1 &amp; javax.management.remote.rmi.RMIConnector.RemoteMBeanServerConnection#queryNames(javax.management.ObjectName, javax.management.QueryExp)#0 &amp; javax.management.remote.rmi.RMIConnector.RemoteMBeanServerConnection#queryNames(javax.management.ObjectName, javax.management.QueryExp)#1 &amp; javax.management.remote.rmi.RMIConnector.RemoteMBeanServerConnection#getAttribute(javax.management.ObjectName, java.lang.String)#0 &amp; javax.management.remote.rmi.RMIConnector.RemoteMBeanServerConnection#getAttribute(javax.management.ObjectName, java.lang.String)#1 &amp; javax.management.remote.rmi.RMIConnector.RemoteMBeanServerConnection#getAttributes(javax.management.ObjectName, java.lang.String[])#0 &amp; javax.management.remote.rmi.RMIConnector.RemoteMBeanServerConnection#setAttributes(javax.management.ObjectName, javax.management.AttributeList)#0 &amp; javax.management.remote.rmi.RMIConnector.RemoteMBeanServerConnection#invoke(javax.management.ObjectName, java.lang.String, java.lang.Object[], java.lang.String[])#0 &amp; javax.management.remote.rmi.RMIConnector.RemoteMBeanServerConnection#invoke(javax.management.ObjectName, java.lang.String, java.lang.Object[], java.lang.String[])#1 &amp; javax.management.remote.rmi.RMIConnector.RemoteMBeanServerConnection#getMBeanInfo(javax.management.ObjectName)#0 &amp; javax.management.remote.rmi.RMIConnectionImpl#createMBean(java.lang.String, javax.management.ObjectName, javax.security.auth.Subject)#0 &amp; javax.management.remote.rmi.RMIConnectionImpl#createMBean(java.lang.String, javax.management.ObjectName, javax.security.auth.Subject)#1 &amp; javax.management.remote.rmi.RMIConnectionImpl#createMBean(java.lang.String, javax.management.ObjectName, javax.management.ObjectName, javax.security.auth.Subject)#0 &amp; javax.management.remote.rmi.RMIConnectionImpl#createMBean(java.lang.String, javax.management.ObjectName, javax.management.ObjectName, javax.security.auth.Subject)#1 &amp; javax.management.remote.rmi.RMIConnectionImpl#createMBean(java.lang.String, javax.management.ObjectName, javax.management.ObjectName, javax.security.auth.Subject)#2 &amp; javax.management.remote.rmi.RMIConnectionImpl#createMBean(java.lang.String, javax.management.ObjectName, java.rmi.MarshalledObject, java.lang.String[], javax.security.auth.Subject)#0 &amp; javax.management.remote.rmi.RMIConnectionImpl#createMBean(java.lang.String, javax.management.ObjectName, java.rmi.MarshalledObject, java.lang.String[], javax.security.auth.Subject)#1 &amp; javax.management.remote.rmi.RMIConnectionImpl#createMBean(java.lang.String, javax.management.ObjectName, javax.management.ObjectName, java.rmi.MarshalledObject, java.lang.String[], javax.security.auth.Subject)#0 &amp; javax.management.remote.rmi.RMIConnectionImpl#createMBean(java.lang.String, javax.management.ObjectName, javax.management.ObjectName, java.rmi.MarshalledObject, java.lang.String[], javax.security.auth.Subject)#1 &amp; javax.management.remote.rmi.RMIConnectionImpl#createMBean(java.lang.String, javax.management.ObjectName, javax.management.ObjectName, java.rmi.MarshalledObject, java.lang.String[], javax.security.auth.Subject)#2 &amp; javax.management.remote.rmi.RMIConnectionImpl#getObjectInstance(javax.management.ObjectName, javax.security.auth.Subject)#0 &amp; javax.management.remote.rmi.RMIConnectionImpl#queryMBeans(javax.management.ObjectName, java.rmi.MarshalledObject, javax.security.auth.Subject)#0 &amp; javax.management.remote.rmi.RMIConnectionImpl#queryMBeans(javax.management.ObjectName, java.rmi.MarshalledObject, javax.security.auth.Subject)#1 &amp; javax.management.remote.rmi.RMIConnectionImpl#queryNames(javax.management.ObjectName, java.rmi.MarshalledObject, javax.security.auth.Subject)#0 &amp; javax.management.remote.rmi.RMIConnectionImpl#queryNames(javax.management.ObjectName, java.rmi.MarshalledObject, javax.security.auth.Subject)#1 &amp; javax.management.remote.rmi.RMIConnectionImpl#getAttribute(javax.management.ObjectName, java.lang.String, javax.security.auth.Subject)#0 &amp; javax.management.remote.rmi.RMIConnectionImpl#getAttribute(javax.management.ObjectName, java.lang.String, javax.security.auth.Subject)#1 &amp; javax.management.remote.rmi.RMIConnectionImpl#getAttributes(javax.management.ObjectName, java.lang.String[], javax.security.auth.Subject)#0 &amp; javax.management.remote.rmi.RMIConnectionImpl#setAttributes(javax.management.ObjectName, java.rmi.MarshalledObject, javax.security.auth.Subject)#0 &amp; javax.management.remote.rmi.RMIConnectionImpl#invoke(javax.management.ObjectName, java.lang.String, java.rmi.MarshalledObject, java.lang.String[], javax.security.auth.Subject)#0 &amp; javax.management.remote.rmi.RMIConnectionImpl#invoke(javax.management.ObjectName, java.lang.String, java.rmi.MarshalledObject, java.lang.String[], javax.security.auth.Subject)#1 &amp; javax.management.remote.rmi.RMIConnectionImpl#getMBeanInfo(javax.management.ObjectName, javax.security.auth.Subject)#0 &amp; javax.management.remote.rmi.RMIConnectionImpl#addNotificationListeners(javax.management.ObjectName[], java.rmi.MarshalledObject[], javax.security.auth.Subject[])#0 &amp; javax.management.remote.rmi.RMIConnectionImpl#fetchNotifications(long, int, long)#2&quot; }"/>
        </annotation>
    </item>
    <item name='com.sun.jmx.remote.util.ClassLogger void debug(java.lang.String, java.lang.Throwable)'>
        <annotation name='com.intellij.inspections.tainted.annotation.equation.Equations'>
            <val val="{ &quot;t := com.sun.jmx.remote.security.JMXPluggableAuthenticator#logException(java.lang.String, java.lang.String, java.lang.Exception)#2&quot;, &quot;func := com.sun.jmx.remote.security.JMXPluggableAuthenticator#logException(java.lang.String, java.lang.String, java.lang.Exception)#0&quot; }"/>
        </annotation>
    </item>
    <item name='com.sun.jmx.remote.util.ClassLogger void error(java.lang.String, java.lang.String)'>
        <annotation name='com.intellij.inspections.tainted.annotation.equation.Equations'>
            <val val="{ &quot;msg := javax.management.remote.rmi.RMIConnector#rmiServerImplStubClassName &amp; javax.management.remote.rmi.RMIConnector#rmiConnectionImplStubClassName&quot; }"/>
        </annotation>
    </item>
    <item name='com.sun.jmx.remote.util.ClassLogger void fine(java.lang.String, java.lang.String, java.lang.Throwable)'>
        <annotation name='com.intellij.inspections.tainted.annotation.equation.Equations'>
            <val val="{ &quot;msg := javax.management.remote.JMXServiceURL#JMXServiceURL(java.lang.String, java.lang.String, int, java.lang.String)#1&quot; }"/>
        </annotation>
    </item>
    <item name='com.sun.jmx.remote.util.ClassLogger void fine(java.lang.String, java.lang.Throwable)'>
        <annotation name='com.intellij.inspections.tainted.annotation.equation.Equations'>
            <val val="{ &quot;t := com.sun.jmx.remote.internal.ClientNotifForwarder.NotifFetcher#logOnce(java.lang.String, java.lang.SecurityException)#1&quot; }"/>
        </annotation>
    </item>
    <item name='com.sun.jmx.remote.util.ClassLogger void finer(java.lang.String, java.lang.String)'>
        <annotation name='com.intellij.inspections.tainted.annotation.equation.Equations'>
            <val val="{ &quot;func := #trace(java.lang.String, java.lang.String)#0&quot;, &quot;msg := #trace(java.lang.String, java.lang.String)#1&quot; }"/>
        </annotation>
    </item>
    <item name='com.sun.jmx.remote.util.ClassLogger void finer(java.lang.String, java.lang.String, java.lang.Throwable)'>
        <annotation name='com.intellij.inspections.tainted.annotation.equation.Equations'>
            <val val="{ &quot;t := #trace(java.lang.String, java.lang.String, java.lang.Throwable)#2&quot;, &quot;msg := #trace(java.lang.String, java.lang.String, java.lang.Throwable)#1&quot;, &quot;func := #trace(java.lang.String, java.lang.String, java.lang.Throwable)#0&quot; }"/>
        </annotation>
    </item>
    <item name='com.sun.jmx.remote.util.ClassLogger void finer(java.lang.String, java.lang.Throwable)'>
        <annotation name='com.intellij.inspections.tainted.annotation.equation.Equations'>
            <val val="{ &quot;t := #trace(java.lang.String, java.lang.Throwable)#1&quot;, &quot;func := #trace(java.lang.String, java.lang.Throwable)#0&quot; }"/>
        </annotation>
    </item>
    <item name='com.sun.jmx.remote.util.ClassLogger void finest(java.lang.String, java.lang.String)'>
        <annotation name='com.intellij.inspections.tainted.annotation.equation.Equations'>
            <val val="{ &quot;msg := #debug(java.lang.String, java.lang.String)#1&quot;, &quot;func := #debug(java.lang.String, java.lang.String)#0&quot; }"/>
        </annotation>
    </item>
    <item name='com.sun.jmx.remote.util.ClassLogger void finest(java.lang.String, java.lang.String, java.lang.Throwable)'>
        <annotation name='com.intellij.inspections.tainted.annotation.equation.Equations'>
            <val val="{ &quot;msg := #debug(java.lang.String, java.lang.String, java.lang.Throwable)#1&quot;, &quot;func := #debug(java.lang.String, java.lang.String, java.lang.Throwable)#0&quot;, &quot;t := #debug(java.lang.String, java.lang.String, java.lang.Throwable)#2&quot; }"/>
        </annotation>
    </item>
    <item name='com.sun.jmx.remote.util.ClassLogger void finest(java.lang.String, java.lang.Throwable)'>
        <annotation name='com.intellij.inspections.tainted.annotation.equation.Equations'>
            <val val="{ &quot;func := #debug(java.lang.String, java.lang.Throwable)#0&quot;, &quot;t := #debug(java.lang.String, java.lang.Throwable)#1&quot; }"/>
        </annotation>
    </item>
    <item name='com.sun.jmx.remote.util.ClassLogger void severe(java.lang.String, java.lang.String)'>
        <annotation name='com.intellij.inspections.tainted.annotation.equation.Equations'>
            <val val="{ &quot;func := #error(java.lang.String, java.lang.String)#0&quot;, &quot;msg := #error(java.lang.String, java.lang.String)#1&quot; }"/>
        </annotation>
    </item>
    <item name='com.sun.jmx.remote.util.ClassLogger void severe(java.lang.String, java.lang.String, java.lang.Throwable)'>
        <annotation name='com.intellij.inspections.tainted.annotation.equation.Equations'>
            <val val="{ &quot;t := #error(java.lang.String, java.lang.String, java.lang.Throwable)#2&quot;, &quot;func := #error(java.lang.String, java.lang.String, java.lang.Throwable)#0&quot;, &quot;msg := #error(java.lang.String, java.lang.String, java.lang.Throwable)#1&quot; }"/>
        </annotation>
    </item>
    <item name='com.sun.jmx.remote.util.ClassLogger void severe(java.lang.String, java.lang.Throwable)'>
        <annotation name='com.intellij.inspections.tainted.annotation.equation.Equations'>
            <val val="{ &quot;func := #error(java.lang.String, java.lang.Throwable)#0&quot;, &quot;t := #error(java.lang.String, java.lang.Throwable)#1&quot; }"/>
        </annotation>
    </item>
    <item name='com.sun.jmx.remote.util.ClassLogger void trace(java.lang.String, java.lang.String)'>
        <annotation name='com.intellij.inspections.tainted.annotation.equation.Equations'>
            <val val="{ &quot;func := com.sun.jmx.remote.security.JMXPluggableAuthenticator#logException(java.lang.String, java.lang.String, java.lang.Exception)#0&quot;, &quot;msg := javax.management.remote.rmi.RMIConnector &amp; javax.management.remote.rmi.RMIConnectorServer#JNDI_REBIND_ATTRIBUTE &amp; javax.management.remote.rmi.RMIConnectorServer &amp; com.sun.jmx.remote.internal.ClientNotifForwarder#addNotificationListener(java.lang.Integer, javax.management.ObjectName, javax.management.NotificationListener, javax.management.NotificationFilter, java.lang.Object, javax.security.auth.Subject)#2 &amp; com.sun.jmx.remote.internal.ClientNotifForwarder#addNotificationListener(java.lang.Integer, javax.management.ObjectName, javax.management.NotificationListener, javax.management.NotificationFilter, java.lang.Object, javax.security.auth.Subject)#1 &amp; com.sun.jmx.remote.internal.ClientNotifForwarder#removeNotificationListener(javax.management.ObjectName, javax.management.NotificationListener)#1 &amp; com.sun.jmx.remote.internal.ClientNotifForwarder#removeNotificationListener(javax.management.ObjectName, javax.management.NotificationListener)#0 &amp; com.sun.jmx.remote.internal.ClientNotifForwarder#removeNotificationListener(javax.management.ObjectName, javax.management.NotificationListener, javax.management.NotificationFilter, java.lang.Object)#1 &amp; com.sun.jmx.remote.internal.ClientNotifForwarder#removeNotificationListener(javax.management.ObjectName, javax.management.NotificationListener, javax.management.NotificationFilter, java.lang.Object)#0 &amp; com.sun.jmx.remote.internal.ClientNotifForwarder#removeNotificationListener(javax.management.ObjectName)#0 &amp; com.sun.jmx.remote.internal.ClientNotifForwarder.NotifFetcher &amp; com.sun.jmx.remote.internal.ServerNotifForwarder#addNotificationListener(javax.management.ObjectName, javax.management.NotificationFilter)#0 &amp; com.sun.jmx.remote.internal.ServerNotifForwarder#removeNotificationListener(javax.management.ObjectName, java.lang.Integer[])#0 &amp; com.sun.jmx.remote.internal.ServerNotifForwarder#removeNotificationListener(javax.management.ObjectName, java.lang.Integer)#1 &amp; com.sun.jmx.remote.internal.ServerNotifForwarder#removeNotificationListener(javax.management.ObjectName, java.lang.Integer)#0 &amp; com.sun.jmx.remote.internal.ServerNotifForwarder#fetchNotifs(long, long, int)#0 &amp; com.sun.jmx.remote.internal.ServerNotifForwarder#fetchNotifs(long, long, int)#1 &amp; com.sun.jmx.remote.internal.ServerNotifForwarder#fetchNotifs(long, long, int)#2 &amp; com.sun.jmx.remote.internal.ArrayNotificationBuffer#ArrayNotificationBuffer(javax.management.MBeanServer, int)#1 &amp; com.sun.jmx.remote.internal.ArrayNotificationBuffer#fetchNotifications(com.sun.jmx.remote.internal.NotificationBufferFilter, long, long, int)#0 &amp; com.sun.jmx.remote.internal.ArrayNotificationBuffer#fetchNotifications(com.sun.jmx.remote.internal.NotificationBufferFilter, long, long, int)#1 &amp; com.sun.jmx.remote.internal.ArrayNotificationBuffer#fetchNotifications(com.sun.jmx.remote.internal.NotificationBufferFilter, long, long, int)#2 &amp; com.sun.jmx.remote.internal.ArrayNotificationBuffer#fetchNotifications(com.sun.jmx.remote.internal.NotificationBufferFilter, long, long, int)#3 &amp; com.sun.jmx.remote.internal.ArrayNotificationBuffer#notificationAt(long)#0 &amp; com.sun.jmx.remote.internal.ArrayNotificationBuffer &amp; com.sun.jmx.remote.internal.ServerCommunicatorAdmin#ServerCommunicatorAdmin(long)#0 &amp; com.sun.jmx.remote.internal.ServerCommunicatorAdmin.Timeout &amp; com.sun.jmx.remote.internal.ServerCommunicatorAdmin#logtime(java.lang.String, long)#0 &amp; com.sun.jmx.remote.internal.ServerCommunicatorAdmin#logtime(java.lang.String, long)#1 &amp; com.sun.jmx.remote.security.JMXPluggableAuthenticator#logException(java.lang.String, java.lang.String, java.lang.Exception)#1 &amp; javax.management.remote.rmi.RMIConnector#narrowIIOPServer(java.lang.Object)#0 &amp; javax.management.remote.rmi.RMIServerImpl#clientClosed(javax.management.remote.rmi.RMIConnection)#0 &amp; javax.management.remote.JMXConnectorServerFactory#getConnectorServerAsService(java.lang.ClassLoader, javax.management.remote.JMXServiceURL, java.util.Map, javax.management.MBeanServer)#1 &amp; javax.management.remote.JMXConnectorFactory#getConnectorAsService(java.lang.ClassLoader, javax.management.remote.JMXServiceURL, java.util.Map)#1&quot; }"/>
        </annotation>
    </item>
    <item name='com.sun.jmx.remote.util.ClassLogger void warning(java.lang.String, java.lang.String)'>
        <annotation name='com.intellij.inspections.tainted.annotation.equation.Equations'>
            <val val="{ &quot;msg := EnvHelp#BUFFER_SIZE_PROPERTY&quot; }"/>
        </annotation>
    </item>
    <item name='com.sun.jmx.remote.util.EnvHelp T initCause(T, java.lang.Throwable)'>
        <annotation name='com.intellij.inspections.tainted.annotation.equation.Equations'>
            <val val="{ &quot;cause := com.sun.jmx.remote.security.JMXPluggableAuthenticator#authenticationFailure(java.lang.String, java.lang.Exception)#1 &amp; com.sun.jmx.mbeanserver.DefaultMXBeanMappingFactory#invalidObjectException(java.lang.String, java.lang.Throwable)#1 &amp; com.sun.jmx.mbeanserver.DefaultMXBeanMappingFactory#openDataException(java.lang.String, java.lang.Throwable)#1 &amp; javax.management.remote.rmi.RMIConnectorServer#newIOException(java.lang.String, java.lang.Throwable)#1 &amp; javax.management.remote.rmi.RMIConnectionImpl#newIOException(java.lang.String, java.lang.Throwable)#1 &amp; com.sun.jmx.mbeanserver.DefaultMXBeanMappingFactory#invalidObjectException(java.lang.String, java.lang.Throwable)#1 &amp; com.sun.jmx.mbeanserver.DefaultMXBeanMappingFactory#openDataException(java.lang.String, java.lang.Throwable)#1&quot;, &quot;initCause := throwable&quot;, &quot;throwable := &quot; }"/>
        </annotation>
    </item>
    <item name='com.sun.jmx.remote.util.EnvHelp boolean computeBooleanFromString(java.lang.String, boolean)'>
        <annotation name='com.intellij.inspections.tainted.annotation.equation.Equations'>
            <val val="{ &quot;stringBoolean := #computeBooleanFromString(java.lang.String)#0&quot; }"/>
        </annotation>
    </item>
    <item name='com.sun.jmx.remote.util.EnvHelp com.sun.jmx.remote.security.NotificationAccessController getNotificationAccessController(java.util.Map&lt;java.lang.String,?&gt;)'>
        <annotation name='com.intellij.inspections.tainted.annotation.equation.Equations'>
            <val val="{ &quot;env := com.sun.jmx.remote.internal.ServerNotifForwarder#ServerNotifForwarder(javax.management.MBeanServer, java.util.Map, com.sun.jmx.remote.internal.NotificationBuffer, java.lang.String)#1&quot; }"/>
        </annotation>
    </item>
    <item name='com.sun.jmx.remote.util.EnvHelp int getMaxFetchNotifNumber(java.util.Map&lt;java.lang.String,?&gt;)'>
        <annotation name='com.intellij.inspections.tainted.annotation.equation.Equations'>
            <val val="{ &quot;env := com.sun.jmx.remote.internal.ClientNotifForwarder#ClientNotifForwarder(java.lang.ClassLoader, java.util.Map)#1&quot; }"/>
        </annotation>
    </item>
    <item name='com.sun.jmx.remote.util.EnvHelp int getNotifBufferSize(java.util.Map&lt;java.lang.String,?&gt;)'>
        <annotation name='com.intellij.inspections.tainted.annotation.equation.Equations'>
            <val val="{ &quot;env := com.sun.jmx.remote.internal.ArrayNotificationBuffer#getNotificationBuffer(javax.management.MBeanServer, java.util.Map)#1&quot; }"/>
        </annotation>
    </item>
    <item name='com.sun.jmx.remote.util.EnvHelp java.lang.ClassLoader resolveClientClassLoader(java.util.Map&lt;java.lang.String,?&gt;)'>
        <annotation name='com.intellij.inspections.tainted.annotation.equation.Equations'>
            <val val="{ &quot;env := javax.management.remote.rmi.RMIConnector#findRMIServerJRMP(java.lang.String, java.util.Map, boolean)#1&quot; }"/>
        </annotation>
    </item>
    <item name='com.sun.jmx.remote.util.EnvHelp java.lang.ClassLoader resolveServerClassLoader(java.util.Map&lt;java.lang.String,?&gt;, javax.management.MBeanServer)'>
        <annotation name='com.intellij.inspections.tainted.annotation.equation.Equations'>
            <val val="{ &quot;mbs := &quot;, &quot;env := javax.management.remote.rmi.RMIConnectorServer&quot; }"/>
        </annotation>
    </item>
    <item name='com.sun.jmx.remote.util.EnvHelp java.lang.Throwable getCause(java.lang.Throwable)'>
        <annotation name='com.intellij.inspections.tainted.annotation.equation.Equations'>
            <val val="{ &quot;getCause := t&quot;, &quot;t := &quot; }"/>
        </annotation>
    </item>
    <item name='com.sun.jmx.remote.util.EnvHelp java.util.Hashtable&lt;K,V&gt; mapToHashtable(java.util.Map&lt;K,V&gt;)'>
        <annotation name='com.intellij.inspections.tainted.annotation.equation.Equations'>
            <val val="{ &quot;map := javax.management.remote.rmi.RMIConnectorServer &amp; javax.management.remote.rmi.RMIConnector#findRMIServerJNDI(java.lang.String, java.util.Map, boolean)#1&quot; }"/>
        </annotation>
    </item>
    <item name='com.sun.jmx.remote.util.EnvHelp java.util.Map&lt;java.lang.String,V&gt; filterAttributes(java.util.Map&lt;java.lang.String,V&gt;)'>
        <annotation name='com.intellij.inspections.tainted.annotation.equation.Equations'>
            <val val="{ &quot;attributes := javax.management.remote.rmi.RMIConnectorServer&quot; }"/>
        </annotation>
    </item>
    <item name='com.sun.jmx.remote.util.EnvHelp long getConnectionCheckPeriod(java.util.Map&lt;java.lang.String,?&gt;)'>
        <annotation name='com.intellij.inspections.tainted.annotation.equation.Equations'>
            <val val="{ &quot;env := &quot; }"/>
        </annotation>
    </item>
    <item name='com.sun.jmx.remote.util.EnvHelp long getFetchTimeout(java.util.Map&lt;java.lang.String,?&gt;)'>
        <annotation name='com.intellij.inspections.tainted.annotation.equation.Equations'>
            <val val="{ &quot;env := com.sun.jmx.remote.internal.ClientNotifForwarder#ClientNotifForwarder(java.lang.ClassLoader, java.util.Map)#1&quot; }"/>
        </annotation>
    </item>
    <item name='com.sun.jmx.remote.util.EnvHelp long getIntegerAttribute(java.util.Map&lt;java.lang.String,?&gt;, java.lang.String, long, long, long)'>
        <annotation name='com.intellij.inspections.tainted.annotation.equation.Equations'>
            <val val="{ &quot;env := #getNotifBufferSize(java.util.Map)#0 &amp; #getMaxFetchNotifNumber(java.util.Map)#0 &amp; #getFetchTimeout(java.util.Map)#0 &amp; #getServerConnectionTimeout(java.util.Map)#0 &amp; #getConnectionCheckPeriod(java.util.Map)#0&quot;, &quot;getIntegerAttribute := defaultValue&quot;, &quot;name := #BUFFER_SIZE_PROPERTY &amp; #MAX_FETCH_NOTIFS &amp; #FETCH_TIMEOUT &amp; #SERVER_CONNECTION_TIMEOUT &amp; #CLIENT_CONNECTION_CHECK_PERIOD&quot;, &quot;maxValue := java.lang.Integer#MAX_VALUE &amp; java.lang.Long#MAX_VALUE&quot; }"/>
        </annotation>
    </item>
    <item name='com.sun.jmx.remote.util.EnvHelp long getServerConnectionTimeout(java.util.Map&lt;java.lang.String,?&gt;)'>
        <annotation name='com.intellij.inspections.tainted.annotation.equation.Equations'>
            <val val="{ &quot;env := com.sun.jmx.remote.internal.ServerNotifForwarder#ServerNotifForwarder(javax.management.MBeanServer, java.util.Map, com.sun.jmx.remote.internal.NotificationBuffer, java.lang.String)#1 &amp; javax.management.remote.rmi.RMIConnectionImpl#RMIConnectionImpl(javax.management.remote.rmi.RMIServerImpl, java.lang.String, java.lang.ClassLoader, javax.security.auth.Subject, java.util.Map)#4&quot; }"/>
        </annotation>
    </item>
    <item name='com.sun.jmx.remote.util.EnvHelp void checkAttributes(java.util.Map&lt;?,?&gt;)'>
        <annotation name='com.intellij.inspections.tainted.annotation.equation.Equations'>
            <val val="{ &quot;attributes := javax.management.remote.rmi.RMIConnectorServer#RMIConnectorServer(javax.management.remote.JMXServiceURL, java.util.Map, javax.management.remote.rmi.RMIServerImpl, javax.management.MBeanServer)#1 &amp; javax.management.remote.rmi.RMIConnectorServer#toJMXConnector(java.util.Map)#0 &amp; javax.management.remote.rmi.RMIConnector#RMIConnector(javax.management.remote.rmi.RMIServer, javax.management.remote.JMXServiceURL, java.util.Map)#2 &amp; javax.management.remote.rmi.RMIConnector#connect(java.util.Map)#0 &amp; javax.management.remote.JMXConnectorFactory#newJMXConnector(javax.management.remote.JMXServiceURL, java.util.Map)#1 &amp; javax.management.remote.JMXConnectorServerFactory#newJMXConnectorServer(javax.management.remote.JMXServiceURL, java.util.Map, javax.management.MBeanServer)#1&quot; }"/>
        </annotation>
    </item>
    <item name='com.sun.jmx.remote.util.EnvHelp void parseHiddenAttributes(java.lang.String, java.util.SortedSet&lt;java.lang.String&gt;, java.util.SortedSet&lt;java.lang.String&gt;)'>
        <annotation name='com.intellij.inspections.tainted.annotation.equation.Equations'>
            <val val="{ &quot;hiddenStrings := #defaultHiddenStrings&quot;, &quot;hide := #DEFAULT_HIDDEN_ATTRIBUTES&quot;, &quot;hiddenPrefixes := #defaultHiddenPrefixes&quot; }"/>
        </annotation>
    </item>
    <item name='com.sun.jmx.remote.util.OrderClassLoaders OrderClassLoaders(java.lang.ClassLoader, java.lang.ClassLoader)'>
        <annotation name='com.intellij.inspections.tainted.annotation.equation.Equations'>
            <val val="{ &quot;OrderClassLoaders := OrderClassLoaders&quot;, &quot;cl1 := javax.management.remote.rmi.RMIConnectionImpl#unwrap(java.rmi.MarshalledObject, java.lang.ClassLoader, java.lang.ClassLoader, java.lang.Class, javax.security.auth.Subject)#1&quot;, &quot;cl2 := javax.management.remote.rmi.RMIConnectionImpl#unwrap(java.rmi.MarshalledObject, java.lang.ClassLoader, java.lang.ClassLoader, java.lang.Class, javax.security.auth.Subject)#2&quot; }"/>
        </annotation>
    </item>
</root>