<root>
    <item name='javax.sound.sampled.spi.AudioFileWriter boolean isFileTypeSupported(javax.sound.sampled.AudioFileFormat.Type)'>
        <annotation name='com.intellij.inspections.tainted.annotation.equation.Equations'>
            <val val="{ &quot;fileType := javax.sound.sampled.AudioSystem#isFileTypeSupported(javax.sound.sampled.AudioFileFormat.Type)#0&quot; }"/>
        </annotation>
    </item>
    <item name='javax.sound.sampled.spi.AudioFileWriter boolean isFileTypeSupported(javax.sound.sampled.AudioFileFormat.Type, javax.sound.sampled.AudioInputStream)'>
        <annotation name='com.intellij.inspections.tainted.annotation.equation.Equations'>
            <val val="{ &quot;stream := javax.sound.sampled.AudioSystem#isFileTypeSupported(javax.sound.sampled.AudioFileFormat.Type, javax.sound.sampled.AudioInputStream)#1&quot;, &quot;fileType := javax.sound.sampled.AudioSystem#isFileTypeSupported(javax.sound.sampled.AudioFileFormat.Type, javax.sound.sampled.AudioInputStream)#0&quot; }"/>
        </annotation>
    </item>
    <item name='javax.sound.sampled.spi.FormatConversionProvider boolean isConversionSupported(javax.sound.sampled.AudioFormat, javax.sound.sampled.AudioFormat)'>
        <annotation name='com.intellij.inspections.tainted.annotation.equation.Equations'>
            <val val="{ &quot;sourceFormat := javax.sound.sampled.AudioSystem#isConversionSupported(javax.sound.sampled.AudioFormat, javax.sound.sampled.AudioFormat)#1&quot;, &quot;targetFormat := javax.sound.sampled.AudioSystem#isConversionSupported(javax.sound.sampled.AudioFormat, javax.sound.sampled.AudioFormat)#0 &amp; javax.sound.sampled.AudioSystem#getAudioInputStream(javax.sound.sampled.AudioFormat, javax.sound.sampled.AudioInputStream)#0&quot; }"/>
        </annotation>
    </item>
    <item name='javax.sound.sampled.spi.FormatConversionProvider boolean isConversionSupported(javax.sound.sampled.AudioFormat.Encoding, javax.sound.sampled.AudioFormat)'>
        <annotation name='com.intellij.inspections.tainted.annotation.equation.Equations'>
            <val val="{ &quot;sourceFormat := javax.sound.sampled.AudioSystem#isConversionSupported(javax.sound.sampled.AudioFormat.Encoding, javax.sound.sampled.AudioFormat)#1&quot;, &quot;targetEncoding := javax.sound.sampled.AudioSystem#isConversionSupported(javax.sound.sampled.AudioFormat.Encoding, javax.sound.sampled.AudioFormat)#0 &amp; javax.sound.sampled.AudioSystem#getAudioInputStream(javax.sound.sampled.AudioFormat.Encoding, javax.sound.sampled.AudioInputStream)#0&quot; }"/>
        </annotation>
    </item>
</root>