<root>
    <item name='org.w3c.dom.events.DocumentEvent org.w3c.dom.events.Event createEvent(java.lang.String)'>
        <annotation name='com.intellij.inspections.tainted.annotation.equation.Equations'>
            <val val="{ &quot;createEvent := com.sun.org.apache.xerces.internal.dom.DocumentImpl#createEvent(java.lang.String)&quot; }"/>
        </annotation>
    </item>
    <item name='org.w3c.dom.events.EventException EventException(short, java.lang.String)'>
        <annotation name='com.intellij.inspections.tainted.annotation.equation.Equations'>
            <val val="{ &quot;EventException := EventException&quot; }"/>
        </annotation>
    </item>
    <item name='org.w3c.dom.events.EventListener void handleEvent(org.w3c.dom.events.Event)'>
        <annotation name='com.intellij.inspections.tainted.annotation.equation.Equations'>
            <val val="{ &quot;evt := com.sun.org.apache.xerces.internal.dom.DocumentImpl#dispatchEvent(com.sun.org.apache.xerces.internal.dom.NodeImpl, org.w3c.dom.events.Event)#1&quot; }"/>
        </annotation>
    </item>
    <item name='org.w3c.dom.events.EventTarget boolean dispatchEvent(org.w3c.dom.events.Event)'>
        <annotation name='com.intellij.inspections.tainted.annotation.equation.Equations'>
            <val val="{ &quot;dispatchEvent := com.sun.org.apache.xerces.internal.dom.NodeImpl#dispatchEvent(org.w3c.dom.events.Event)&quot; }"/>
        </annotation>
    </item>
    <item name='org.w3c.dom.events.EventTarget void addEventListener(java.lang.String, org.w3c.dom.events.EventListener, boolean)'>
        <annotation name='com.intellij.inspections.tainted.annotation.equation.Equations'>
            <val val="{ &quot;listener := com.sun.org.apache.xpath.internal.domapi.XPathResultImpl&quot; }"/>
        </annotation>
    </item>
    <item name='org.w3c.dom.events.EventTarget void removeEventListener(java.lang.String, org.w3c.dom.events.EventListener, boolean)'>
        <annotation name='com.intellij.inspections.tainted.annotation.equation.Equations'>
            <val val="{ &quot;listener := com.sun.org.apache.xpath.internal.domapi.XPathResultImpl&quot; }"/>
        </annotation>
    </item>
    <item name='org.w3c.dom.events.MutationEvent java.lang.String getAttrName()'>
        <annotation name='com.intellij.inspections.tainted.annotation.equation.Equations'>
            <val val="{ &quot;getAttrName := com.sun.org.apache.xerces.internal.dom.events.MutationEventImpl#getAttrName()&quot; }"/>
        </annotation>
    </item>
    <item name='org.w3c.dom.events.MutationEvent java.lang.String getNewValue()'>
        <annotation name='com.intellij.inspections.tainted.annotation.equation.Equations'>
            <val val="{ &quot;getNewValue := com.sun.org.apache.xerces.internal.dom.events.MutationEventImpl#getNewValue()&quot; }"/>
        </annotation>
    </item>
    <item name='org.w3c.dom.events.MutationEvent java.lang.String getPrevValue()'>
        <annotation name='com.intellij.inspections.tainted.annotation.equation.Equations'>
            <val val="{ &quot;getPrevValue := com.sun.org.apache.xerces.internal.dom.events.MutationEventImpl#getPrevValue()&quot; }"/>
        </annotation>
    </item>
    <item name='org.w3c.dom.events.MutationEvent org.w3c.dom.Node getRelatedNode()'>
        <annotation name='com.intellij.inspections.tainted.annotation.equation.Equations'>
            <val val="{ &quot;getRelatedNode := com.sun.org.apache.xerces.internal.dom.events.MutationEventImpl#getRelatedNode()&quot; }"/>
        </annotation>
    </item>
    <item name='org.w3c.dom.events.MutationEvent short getAttrChange()'>
        <annotation name='com.intellij.inspections.tainted.annotation.equation.Equations'>
            <val val="{ &quot;getAttrChange := com.sun.org.apache.xerces.internal.dom.events.MutationEventImpl#getAttrChange()&quot; }"/>
        </annotation>
    </item>
    <item name='org.w3c.dom.events.MutationEvent void initMutationEvent(java.lang.String, boolean, boolean, org.w3c.dom.Node, java.lang.String, java.lang.String, java.lang.String, short)'>
        <annotation name='com.intellij.inspections.tainted.annotation.equation.Equations'>
            <val val="{ &quot;newValueArg := com.sun.org.apache.xerces.internal.dom.DocumentImpl#modifiedCharacterData(com.sun.org.apache.xerces.internal.dom.NodeImpl, java.lang.String, java.lang.String, boolean)#2&quot;, &quot;typeArg := com.sun.org.apache.xerces.internal.dom.events.MutationEventImpl#DOM_SUBTREE_MODIFIED &amp; com.sun.org.apache.xerces.internal.dom.events.MutationEventImpl#DOM_CHARACTER_DATA_MODIFIED&quot;, &quot;prevValueArg := com.sun.org.apache.xerces.internal.dom.DocumentImpl#modifiedCharacterData(com.sun.org.apache.xerces.internal.dom.NodeImpl, java.lang.String, java.lang.String, boolean)#1&quot; }"/>
        </annotation>
    </item>
</root>