<root>
    <item name='javax.net.SocketFactory java.net.Socket createSocket()'>
        <annotation name='com.intellij.inspections.tainted.annotation.equation.Equations'>
            <val val="{ &quot;createSocket := javax.net.ssl.DefaultSSLSocketFactory#createSocket()&quot; }"/>
        </annotation>
    </item>
    <item name='javax.net.SocketFactory java.net.Socket createSocket(java.lang.String, int)'>
        <annotation name='com.intellij.inspections.tainted.annotation.equation.Equations'>
            <val val="{ &quot;s := javax.net.ssl.DefaultSSLSocketFactory#createSocket(java.lang.String, int)#0&quot;, &quot;i := javax.net.ssl.DefaultSSLSocketFactory#createSocket(java.lang.String, int)#1&quot;, &quot;createSocket := javax.net.ssl.DefaultSSLSocketFactory#createSocket(java.lang.String, int)&quot; }"/>
        </annotation>
    </item>
    <item name='javax.net.SocketFactory java.net.Socket createSocket(java.lang.String, int, java.net.InetAddress, int)'>
        <annotation name='com.intellij.inspections.tainted.annotation.equation.Equations'>
            <val val="{ &quot;inetAddress := javax.net.ssl.DefaultSSLSocketFactory#createSocket(java.lang.String, int, java.net.InetAddress, int)#2&quot;, &quot;createSocket := javax.net.ssl.DefaultSSLSocketFactory#createSocket(java.lang.String, int, java.net.InetAddress, int)&quot;, &quot;i := javax.net.ssl.DefaultSSLSocketFactory#createSocket(java.lang.String, int, java.net.InetAddress, int)#1&quot;, &quot;s := javax.net.ssl.DefaultSSLSocketFactory#createSocket(java.lang.String, int, java.net.InetAddress, int)#0&quot;, &quot;i1 := javax.net.ssl.DefaultSSLSocketFactory#createSocket(java.lang.String, int, java.net.InetAddress, int)#3&quot; }"/>
        </annotation>
    </item>
    <item name='javax.net.SocketFactory java.net.Socket createSocket(java.net.InetAddress, int)'>
        <annotation name='com.intellij.inspections.tainted.annotation.equation.Equations'>
            <val val="{ &quot;inetAddress := javax.net.ssl.DefaultSSLSocketFactory#createSocket(java.net.InetAddress, int)#0&quot;, &quot;i := javax.net.ssl.DefaultSSLSocketFactory#createSocket(java.net.InetAddress, int)#1&quot;, &quot;createSocket := javax.net.ssl.DefaultSSLSocketFactory#createSocket(java.net.InetAddress, int)&quot; }"/>
        </annotation>
    </item>
    <item name='javax.net.SocketFactory java.net.Socket createSocket(java.net.InetAddress, int, java.net.InetAddress, int)'>
        <annotation name='com.intellij.inspections.tainted.annotation.equation.Equations'>
            <val val="{ &quot;inetAddress1 := javax.net.ssl.DefaultSSLSocketFactory#createSocket(java.net.InetAddress, int, java.net.InetAddress, int)#2&quot;, &quot;i1 := javax.net.ssl.DefaultSSLSocketFactory#createSocket(java.net.InetAddress, int, java.net.InetAddress, int)#3&quot;, &quot;i := javax.net.ssl.DefaultSSLSocketFactory#createSocket(java.net.InetAddress, int, java.net.InetAddress, int)#1&quot;, &quot;inetAddress := javax.net.ssl.DefaultSSLSocketFactory#createSocket(java.net.InetAddress, int, java.net.InetAddress, int)#0&quot;, &quot;createSocket := javax.net.ssl.DefaultSSLSocketFactory#createSocket(java.net.InetAddress, int, java.net.InetAddress, int)&quot; }"/>
        </annotation>
    </item>
</root>