<root>
    <item name='com.sun.source.doctree.DocTreeVisitor R visitAuthor(com.sun.source.doctree.AuthorTree, P)'>
        <annotation name='com.intellij.inspections.tainted.annotation.equation.Equations'>
            <val val="{ &quot;p := com.sun.source.util.DocTreeScanner#visitAuthor(com.sun.source.doctree.AuthorTree, java.lang.Object)#1 &amp; com.sun.source.util.SimpleDocTreeVisitor#visitAuthor(com.sun.source.doctree.AuthorTree, java.lang.Object)#1&quot;, &quot;visitAuthor := com.sun.source.util.DocTreeScanner#visitAuthor(com.sun.source.doctree.AuthorTree, java.lang.Object) &amp; com.sun.source.util.SimpleDocTreeVisitor#visitAuthor(com.sun.source.doctree.AuthorTree, java.lang.Object)&quot;, &quot;node := com.sun.source.util.DocTreeScanner#visitAuthor(com.sun.source.doctree.AuthorTree, java.lang.Object)#0 &amp; com.sun.source.util.SimpleDocTreeVisitor#visitAuthor(com.sun.source.doctree.AuthorTree, java.lang.Object)#0&quot; }"/>
        </annotation>
    </item>
    <item name='com.sun.source.doctree.DocTreeVisitor R visitDeprecated(com.sun.source.doctree.DeprecatedTree, P)'>
        <annotation name='com.intellij.inspections.tainted.annotation.equation.Equations'>
            <val val="{ &quot;node := com.sun.source.util.DocTreeScanner#visitDeprecated(com.sun.source.doctree.DeprecatedTree, java.lang.Object)#0 &amp; com.sun.source.util.SimpleDocTreeVisitor#visitDeprecated(com.sun.source.doctree.DeprecatedTree, java.lang.Object)#0&quot;, &quot;visitDeprecated := com.sun.source.util.DocTreeScanner#visitDeprecated(com.sun.source.doctree.DeprecatedTree, java.lang.Object) &amp; com.sun.source.util.SimpleDocTreeVisitor#visitDeprecated(com.sun.source.doctree.DeprecatedTree, java.lang.Object)&quot;, &quot;p := com.sun.source.util.DocTreeScanner#visitDeprecated(com.sun.source.doctree.DeprecatedTree, java.lang.Object)#1 &amp; com.sun.source.util.SimpleDocTreeVisitor#visitDeprecated(com.sun.source.doctree.DeprecatedTree, java.lang.Object)#1&quot; }"/>
        </annotation>
    </item>
    <item name='com.sun.source.doctree.DocTreeVisitor R visitDocComment(com.sun.source.doctree.DocCommentTree, P)'>
        <annotation name='com.intellij.inspections.tainted.annotation.equation.Equations'>
            <val val="{ &quot;node := com.sun.source.util.DocTreeScanner#visitDocComment(com.sun.source.doctree.DocCommentTree, java.lang.Object)#0 &amp; com.sun.source.util.SimpleDocTreeVisitor#visitDocComment(com.sun.source.doctree.DocCommentTree, java.lang.Object)#0&quot;, &quot;p := com.sun.source.util.DocTreeScanner#visitDocComment(com.sun.source.doctree.DocCommentTree, java.lang.Object)#1 &amp; com.sun.source.util.SimpleDocTreeVisitor#visitDocComment(com.sun.source.doctree.DocCommentTree, java.lang.Object)#1&quot;, &quot;visitDocComment := com.sun.source.util.DocTreeScanner#visitDocComment(com.sun.source.doctree.DocCommentTree, java.lang.Object) &amp; com.sun.source.util.SimpleDocTreeVisitor#visitDocComment(com.sun.source.doctree.DocCommentTree, java.lang.Object)&quot; }"/>
        </annotation>
    </item>
    <item name='com.sun.source.doctree.DocTreeVisitor R visitLink(com.sun.source.doctree.LinkTree, P)'>
        <annotation name='com.intellij.inspections.tainted.annotation.equation.Equations'>
            <val val="{ &quot;visitLink := com.sun.source.util.DocTreeScanner#visitLink(com.sun.source.doctree.LinkTree, java.lang.Object) &amp; com.sun.source.util.SimpleDocTreeVisitor#visitLink(com.sun.source.doctree.LinkTree, java.lang.Object)&quot;, &quot;node := com.sun.source.util.DocTreeScanner#visitLink(com.sun.source.doctree.LinkTree, java.lang.Object)#0 &amp; com.sun.source.util.SimpleDocTreeVisitor#visitLink(com.sun.source.doctree.LinkTree, java.lang.Object)#0&quot;, &quot;p := com.sun.source.util.DocTreeScanner#visitLink(com.sun.source.doctree.LinkTree, java.lang.Object)#1 &amp; com.sun.source.util.SimpleDocTreeVisitor#visitLink(com.sun.source.doctree.LinkTree, java.lang.Object)#1&quot; }"/>
        </annotation>
    </item>
    <item name='com.sun.source.doctree.DocTreeVisitor R visitParam(com.sun.source.doctree.ParamTree, P)'>
        <annotation name='com.intellij.inspections.tainted.annotation.equation.Equations'>
            <val val="{ &quot;p := com.sun.source.util.DocTreeScanner#visitParam(com.sun.source.doctree.ParamTree, java.lang.Object)#1 &amp; com.sun.source.util.SimpleDocTreeVisitor#visitParam(com.sun.source.doctree.ParamTree, java.lang.Object)#1&quot;, &quot;node := com.sun.source.util.DocTreeScanner#visitParam(com.sun.source.doctree.ParamTree, java.lang.Object)#0 &amp; com.sun.source.util.SimpleDocTreeVisitor#visitParam(com.sun.source.doctree.ParamTree, java.lang.Object)#0&quot;, &quot;visitParam := com.sun.source.util.DocTreeScanner#visitParam(com.sun.source.doctree.ParamTree, java.lang.Object) &amp; com.sun.source.util.SimpleDocTreeVisitor#visitParam(com.sun.source.doctree.ParamTree, java.lang.Object)&quot; }"/>
        </annotation>
    </item>
    <item name='com.sun.source.doctree.DocTreeVisitor R visitReturn(com.sun.source.doctree.ReturnTree, P)'>
        <annotation name='com.intellij.inspections.tainted.annotation.equation.Equations'>
            <val val="{ &quot;visitReturn := com.sun.source.util.DocTreeScanner#visitReturn(com.sun.source.doctree.ReturnTree, java.lang.Object) &amp; com.sun.source.util.SimpleDocTreeVisitor#visitReturn(com.sun.source.doctree.ReturnTree, java.lang.Object)&quot;, &quot;node := com.sun.source.util.DocTreeScanner#visitReturn(com.sun.source.doctree.ReturnTree, java.lang.Object)#0 &amp; com.sun.source.util.SimpleDocTreeVisitor#visitReturn(com.sun.source.doctree.ReturnTree, java.lang.Object)#0&quot;, &quot;p := com.sun.source.util.DocTreeScanner#visitReturn(com.sun.source.doctree.ReturnTree, java.lang.Object)#1 &amp; com.sun.source.util.SimpleDocTreeVisitor#visitReturn(com.sun.source.doctree.ReturnTree, java.lang.Object)#1&quot; }"/>
        </annotation>
    </item>
    <item name='com.sun.source.doctree.DocTreeVisitor R visitSee(com.sun.source.doctree.SeeTree, P)'>
        <annotation name='com.intellij.inspections.tainted.annotation.equation.Equations'>
            <val val="{ &quot;visitSee := com.sun.source.util.DocTreeScanner#visitSee(com.sun.source.doctree.SeeTree, java.lang.Object) &amp; com.sun.source.util.SimpleDocTreeVisitor#visitSee(com.sun.source.doctree.SeeTree, java.lang.Object)&quot;, &quot;p := com.sun.source.util.DocTreeScanner#visitSee(com.sun.source.doctree.SeeTree, java.lang.Object)#1 &amp; com.sun.source.util.SimpleDocTreeVisitor#visitSee(com.sun.source.doctree.SeeTree, java.lang.Object)#1&quot;, &quot;node := com.sun.source.util.DocTreeScanner#visitSee(com.sun.source.doctree.SeeTree, java.lang.Object)#0 &amp; com.sun.source.util.SimpleDocTreeVisitor#visitSee(com.sun.source.doctree.SeeTree, java.lang.Object)#0&quot; }"/>
        </annotation>
    </item>
    <item name='com.sun.source.doctree.DocTreeVisitor R visitSerial(com.sun.source.doctree.SerialTree, P)'>
        <annotation name='com.intellij.inspections.tainted.annotation.equation.Equations'>
            <val val="{ &quot;p := com.sun.source.util.DocTreeScanner#visitSerial(com.sun.source.doctree.SerialTree, java.lang.Object)#1 &amp; com.sun.source.util.SimpleDocTreeVisitor#visitSerial(com.sun.source.doctree.SerialTree, java.lang.Object)#1&quot;, &quot;visitSerial := com.sun.source.util.DocTreeScanner#visitSerial(com.sun.source.doctree.SerialTree, java.lang.Object) &amp; com.sun.source.util.SimpleDocTreeVisitor#visitSerial(com.sun.source.doctree.SerialTree, java.lang.Object)&quot;, &quot;node := com.sun.source.util.DocTreeScanner#visitSerial(com.sun.source.doctree.SerialTree, java.lang.Object)#0 &amp; com.sun.source.util.SimpleDocTreeVisitor#visitSerial(com.sun.source.doctree.SerialTree, java.lang.Object)#0&quot; }"/>
        </annotation>
    </item>
    <item name='com.sun.source.doctree.DocTreeVisitor R visitSerialData(com.sun.source.doctree.SerialDataTree, P)'>
        <annotation name='com.intellij.inspections.tainted.annotation.equation.Equations'>
            <val val="{ &quot;p := com.sun.source.util.DocTreeScanner#visitSerialData(com.sun.source.doctree.SerialDataTree, java.lang.Object)#1 &amp; com.sun.source.util.SimpleDocTreeVisitor#visitSerialData(com.sun.source.doctree.SerialDataTree, java.lang.Object)#1&quot;, &quot;node := com.sun.source.util.DocTreeScanner#visitSerialData(com.sun.source.doctree.SerialDataTree, java.lang.Object)#0 &amp; com.sun.source.util.SimpleDocTreeVisitor#visitSerialData(com.sun.source.doctree.SerialDataTree, java.lang.Object)#0&quot;, &quot;visitSerialData := com.sun.source.util.DocTreeScanner#visitSerialData(com.sun.source.doctree.SerialDataTree, java.lang.Object) &amp; com.sun.source.util.SimpleDocTreeVisitor#visitSerialData(com.sun.source.doctree.SerialDataTree, java.lang.Object)&quot; }"/>
        </annotation>
    </item>
    <item name='com.sun.source.doctree.DocTreeVisitor R visitSerialField(com.sun.source.doctree.SerialFieldTree, P)'>
        <annotation name='com.intellij.inspections.tainted.annotation.equation.Equations'>
            <val val="{ &quot;visitSerialField := com.sun.source.util.DocTreeScanner#visitSerialField(com.sun.source.doctree.SerialFieldTree, java.lang.Object) &amp; com.sun.source.util.SimpleDocTreeVisitor#visitSerialField(com.sun.source.doctree.SerialFieldTree, java.lang.Object)&quot;, &quot;node := com.sun.source.util.DocTreeScanner#visitSerialField(com.sun.source.doctree.SerialFieldTree, java.lang.Object)#0 &amp; com.sun.source.util.SimpleDocTreeVisitor#visitSerialField(com.sun.source.doctree.SerialFieldTree, java.lang.Object)#0&quot;, &quot;p := com.sun.source.util.DocTreeScanner#visitSerialField(com.sun.source.doctree.SerialFieldTree, java.lang.Object)#1 &amp; com.sun.source.util.SimpleDocTreeVisitor#visitSerialField(com.sun.source.doctree.SerialFieldTree, java.lang.Object)#1&quot; }"/>
        </annotation>
    </item>
    <item name='com.sun.source.doctree.DocTreeVisitor R visitSince(com.sun.source.doctree.SinceTree, P)'>
        <annotation name='com.intellij.inspections.tainted.annotation.equation.Equations'>
            <val val="{ &quot;visitSince := com.sun.source.util.DocTreeScanner#visitSince(com.sun.source.doctree.SinceTree, java.lang.Object) &amp; com.sun.source.util.SimpleDocTreeVisitor#visitSince(com.sun.source.doctree.SinceTree, java.lang.Object)&quot;, &quot;p := com.sun.source.util.DocTreeScanner#visitSince(com.sun.source.doctree.SinceTree, java.lang.Object)#1 &amp; com.sun.source.util.SimpleDocTreeVisitor#visitSince(com.sun.source.doctree.SinceTree, java.lang.Object)#1&quot;, &quot;node := com.sun.source.util.DocTreeScanner#visitSince(com.sun.source.doctree.SinceTree, java.lang.Object)#0 &amp; com.sun.source.util.SimpleDocTreeVisitor#visitSince(com.sun.source.doctree.SinceTree, java.lang.Object)#0&quot; }"/>
        </annotation>
    </item>
    <item name='com.sun.source.doctree.DocTreeVisitor R visitStartElement(com.sun.source.doctree.StartElementTree, P)'>
        <annotation name='com.intellij.inspections.tainted.annotation.equation.Equations'>
            <val val="{ &quot;visitStartElement := com.sun.source.util.DocTreeScanner#visitStartElement(com.sun.source.doctree.StartElementTree, java.lang.Object) &amp; com.sun.source.util.SimpleDocTreeVisitor#visitStartElement(com.sun.source.doctree.StartElementTree, java.lang.Object)&quot;, &quot;p := com.sun.source.util.DocTreeScanner#visitStartElement(com.sun.source.doctree.StartElementTree, java.lang.Object)#1 &amp; com.sun.source.util.SimpleDocTreeVisitor#visitStartElement(com.sun.source.doctree.StartElementTree, java.lang.Object)#1&quot;, &quot;node := com.sun.source.util.DocTreeScanner#visitStartElement(com.sun.source.doctree.StartElementTree, java.lang.Object)#0 &amp; com.sun.source.util.SimpleDocTreeVisitor#visitStartElement(com.sun.source.doctree.StartElementTree, java.lang.Object)#0&quot; }"/>
        </annotation>
    </item>
    <item name='com.sun.source.doctree.DocTreeVisitor R visitThrows(com.sun.source.doctree.ThrowsTree, P)'>
        <annotation name='com.intellij.inspections.tainted.annotation.equation.Equations'>
            <val val="{ &quot;visitThrows := com.sun.source.util.DocTreeScanner#visitThrows(com.sun.source.doctree.ThrowsTree, java.lang.Object) &amp; com.sun.source.util.SimpleDocTreeVisitor#visitThrows(com.sun.source.doctree.ThrowsTree, java.lang.Object)&quot;, &quot;node := com.sun.source.util.DocTreeScanner#visitThrows(com.sun.source.doctree.ThrowsTree, java.lang.Object)#0 &amp; com.sun.source.util.SimpleDocTreeVisitor#visitThrows(com.sun.source.doctree.ThrowsTree, java.lang.Object)#0&quot;, &quot;p := com.sun.source.util.DocTreeScanner#visitThrows(com.sun.source.doctree.ThrowsTree, java.lang.Object)#1 &amp; com.sun.source.util.SimpleDocTreeVisitor#visitThrows(com.sun.source.doctree.ThrowsTree, java.lang.Object)#1&quot; }"/>
        </annotation>
    </item>
    <item name='com.sun.source.doctree.DocTreeVisitor R visitUnknownBlockTag(com.sun.source.doctree.UnknownBlockTagTree, P)'>
        <annotation name='com.intellij.inspections.tainted.annotation.equation.Equations'>
            <val val="{ &quot;node := com.sun.source.util.DocTreeScanner#visitUnknownBlockTag(com.sun.source.doctree.UnknownBlockTagTree, java.lang.Object)#0 &amp; com.sun.source.util.SimpleDocTreeVisitor#visitUnknownBlockTag(com.sun.source.doctree.UnknownBlockTagTree, java.lang.Object)#0&quot;, &quot;p := com.sun.source.util.DocTreeScanner#visitUnknownBlockTag(com.sun.source.doctree.UnknownBlockTagTree, java.lang.Object)#1 &amp; com.sun.source.util.SimpleDocTreeVisitor#visitUnknownBlockTag(com.sun.source.doctree.UnknownBlockTagTree, java.lang.Object)#1&quot;, &quot;visitUnknownBlockTag := com.sun.source.util.DocTreeScanner#visitUnknownBlockTag(com.sun.source.doctree.UnknownBlockTagTree, java.lang.Object) &amp; com.sun.source.util.SimpleDocTreeVisitor#visitUnknownBlockTag(com.sun.source.doctree.UnknownBlockTagTree, java.lang.Object)&quot; }"/>
        </annotation>
    </item>
    <item name='com.sun.source.doctree.DocTreeVisitor R visitUnknownInlineTag(com.sun.source.doctree.UnknownInlineTagTree, P)'>
        <annotation name='com.intellij.inspections.tainted.annotation.equation.Equations'>
            <val val="{ &quot;p := com.sun.source.util.DocTreeScanner#visitUnknownInlineTag(com.sun.source.doctree.UnknownInlineTagTree, java.lang.Object)#1 &amp; com.sun.source.util.SimpleDocTreeVisitor#visitUnknownInlineTag(com.sun.source.doctree.UnknownInlineTagTree, java.lang.Object)#1&quot;, &quot;node := com.sun.source.util.DocTreeScanner#visitUnknownInlineTag(com.sun.source.doctree.UnknownInlineTagTree, java.lang.Object)#0 &amp; com.sun.source.util.SimpleDocTreeVisitor#visitUnknownInlineTag(com.sun.source.doctree.UnknownInlineTagTree, java.lang.Object)#0&quot;, &quot;visitUnknownInlineTag := com.sun.source.util.DocTreeScanner#visitUnknownInlineTag(com.sun.source.doctree.UnknownInlineTagTree, java.lang.Object) &amp; com.sun.source.util.SimpleDocTreeVisitor#visitUnknownInlineTag(com.sun.source.doctree.UnknownInlineTagTree, java.lang.Object)&quot; }"/>
        </annotation>
    </item>
    <item name='com.sun.source.doctree.DocTreeVisitor R visitValue(com.sun.source.doctree.ValueTree, P)'>
        <annotation name='com.intellij.inspections.tainted.annotation.equation.Equations'>
            <val val="{ &quot;visitValue := com.sun.source.util.DocTreeScanner#visitValue(com.sun.source.doctree.ValueTree, java.lang.Object) &amp; com.sun.source.util.SimpleDocTreeVisitor#visitValue(com.sun.source.doctree.ValueTree, java.lang.Object)&quot;, &quot;node := com.sun.source.util.DocTreeScanner#visitValue(com.sun.source.doctree.ValueTree, java.lang.Object)#0 &amp; com.sun.source.util.SimpleDocTreeVisitor#visitValue(com.sun.source.doctree.ValueTree, java.lang.Object)#0&quot;, &quot;p := com.sun.source.util.DocTreeScanner#visitValue(com.sun.source.doctree.ValueTree, java.lang.Object)#1 &amp; com.sun.source.util.SimpleDocTreeVisitor#visitValue(com.sun.source.doctree.ValueTree, java.lang.Object)#1&quot; }"/>
        </annotation>
    </item>
    <item name='com.sun.source.doctree.DocTreeVisitor R visitVersion(com.sun.source.doctree.VersionTree, P)'>
        <annotation name='com.intellij.inspections.tainted.annotation.equation.Equations'>
            <val val="{ &quot;node := com.sun.source.util.DocTreeScanner#visitVersion(com.sun.source.doctree.VersionTree, java.lang.Object)#0 &amp; com.sun.source.util.SimpleDocTreeVisitor#visitVersion(com.sun.source.doctree.VersionTree, java.lang.Object)#0&quot;, &quot;p := com.sun.source.util.DocTreeScanner#visitVersion(com.sun.source.doctree.VersionTree, java.lang.Object)#1 &amp; com.sun.source.util.SimpleDocTreeVisitor#visitVersion(com.sun.source.doctree.VersionTree, java.lang.Object)#1&quot;, &quot;visitVersion := com.sun.source.util.DocTreeScanner#visitVersion(com.sun.source.doctree.VersionTree, java.lang.Object) &amp; com.sun.source.util.SimpleDocTreeVisitor#visitVersion(com.sun.source.doctree.VersionTree, java.lang.Object)&quot; }"/>
        </annotation>
    </item>
</root>