<root>
    <item name='org.omg.PortableServer.CurrentOperations byte[] get_object_id()'>
        <annotation name='com.intellij.inspections.tainted.annotation.equation.Equations'>
            <val val="{ &quot;get_object_id := com.sun.corba.se.impl.oa.poa.POACurrent#get_object_id()&quot; }"/>
        </annotation>
    </item>
    <item name='org.omg.PortableServer.CurrentOperations org.omg.PortableServer.POA get_POA()'>
        <annotation name='com.intellij.inspections.tainted.annotation.equation.Equations'>
            <val val="{ &quot;get_POA := com.sun.corba.se.impl.oa.poa.POACurrent#get_POA()&quot; }"/>
        </annotation>
    </item>
    <item name='org.omg.PortableServer.IdAssignmentPolicyValue IdAssignmentPolicyValue(int)'>
        <annotation name='com.intellij.inspections.tainted.annotation.equation.Equations'>
            <val val="{ &quot;IdAssignmentPolicyValue := IdAssignmentPolicyValue&quot;, &quot;value := #_SYSTEM_ID &amp; #_USER_ID&quot; }"/>
        </annotation>
    </item>
    <item name='org.omg.PortableServer.IdAssignmentPolicyValue int value()'>
        <annotation name='com.intellij.inspections.tainted.annotation.equation.Equations'>
            <val val="{ &quot;value := IdAssignmentPolicyValue&quot; }"/>
        </annotation>
    </item>
    <item name='org.omg.PortableServer.IdAssignmentPolicyValue org.omg.PortableServer.IdAssignmentPolicyValue from_int(int)'>
        <annotation name='com.intellij.inspections.tainted.annotation.equation.Equations'>
            <val val="{ &quot;from_int := IdAssignmentPolicyValue&quot; }"/>
        </annotation>
    </item>
    <item name='org.omg.PortableServer.IdUniquenessPolicyValue IdUniquenessPolicyValue(int)'>
        <annotation name='com.intellij.inspections.tainted.annotation.equation.Equations'>
            <val val="{ &quot;IdUniquenessPolicyValue := IdUniquenessPolicyValue&quot;, &quot;value := #_UNIQUE_ID &amp; #_MULTIPLE_ID&quot; }"/>
        </annotation>
    </item>
    <item name='org.omg.PortableServer.IdUniquenessPolicyValue int value()'>
        <annotation name='com.intellij.inspections.tainted.annotation.equation.Equations'>
            <val val="{ &quot;value := IdUniquenessPolicyValue&quot; }"/>
        </annotation>
    </item>
    <item name='org.omg.PortableServer.IdUniquenessPolicyValue org.omg.PortableServer.IdUniquenessPolicyValue from_int(int)'>
        <annotation name='com.intellij.inspections.tainted.annotation.equation.Equations'>
            <val val="{ &quot;from_int := IdUniquenessPolicyValue&quot; }"/>
        </annotation>
    </item>
    <item name='org.omg.PortableServer.ImplicitActivationPolicyValue ImplicitActivationPolicyValue(int)'>
        <annotation name='com.intellij.inspections.tainted.annotation.equation.Equations'>
            <val val="{ &quot;ImplicitActivationPolicyValue := ImplicitActivationPolicyValue&quot;, &quot;value := #_IMPLICIT_ACTIVATION &amp; #_NO_IMPLICIT_ACTIVATION&quot; }"/>
        </annotation>
    </item>
    <item name='org.omg.PortableServer.ImplicitActivationPolicyValue int value()'>
        <annotation name='com.intellij.inspections.tainted.annotation.equation.Equations'>
            <val val="{ &quot;value := ImplicitActivationPolicyValue&quot; }"/>
        </annotation>
    </item>
    <item name='org.omg.PortableServer.ImplicitActivationPolicyValue org.omg.PortableServer.ImplicitActivationPolicyValue from_int(int)'>
        <annotation name='com.intellij.inspections.tainted.annotation.equation.Equations'>
            <val val="{ &quot;from_int := ImplicitActivationPolicyValue&quot; }"/>
        </annotation>
    </item>
    <item name='org.omg.PortableServer.LifespanPolicyValue LifespanPolicyValue(int)'>
        <annotation name='com.intellij.inspections.tainted.annotation.equation.Equations'>
            <val val="{ &quot;LifespanPolicyValue := LifespanPolicyValue&quot;, &quot;value := #_TRANSIENT &amp; #_PERSISTENT&quot; }"/>
        </annotation>
    </item>
    <item name='org.omg.PortableServer.LifespanPolicyValue int value()'>
        <annotation name='com.intellij.inspections.tainted.annotation.equation.Equations'>
            <val val="{ &quot;value := LifespanPolicyValue&quot; }"/>
        </annotation>
    </item>
    <item name='org.omg.PortableServer.LifespanPolicyValue org.omg.PortableServer.LifespanPolicyValue from_int(int)'>
        <annotation name='com.intellij.inspections.tainted.annotation.equation.Equations'>
            <val val="{ &quot;from_int := LifespanPolicyValue&quot; }"/>
        </annotation>
    </item>
    <item name='org.omg.PortableServer.POAManagerOperations org.omg.PortableServer.POAManagerPackage.State get_state()'>
        <annotation name='com.intellij.inspections.tainted.annotation.equation.Equations'>
            <val val="{ &quot;get_state := com.sun.corba.se.impl.oa.poa.POAManagerImpl#get_state()&quot; }"/>
        </annotation>
    </item>
    <item name='org.omg.PortableServer.POAManagerOperations void deactivate(boolean, boolean)'>
        <annotation name='com.intellij.inspections.tainted.annotation.equation.Equations'>
            <val val="{ &quot;wait_for_completion := com.sun.corba.se.impl.oa.poa.POAFactory#shutdown(boolean)#0&quot; }"/>
        </annotation>
    </item>
    <item name='org.omg.PortableServer.POAOperations byte[] activate_object(org.omg.PortableServer.Servant)'>
        <annotation name='com.intellij.inspections.tainted.annotation.equation.Equations'>
            <val val="{ &quot;activate_object := com.sun.corba.se.impl.oa.poa.POAImpl#activate_object(org.omg.PortableServer.Servant)&quot; }"/>
        </annotation>
    </item>
    <item name='org.omg.PortableServer.POAOperations byte[] id()'>
        <annotation name='com.intellij.inspections.tainted.annotation.equation.Equations'>
            <val val="{ &quot;id := com.sun.corba.se.impl.oa.poa.POAImpl#id()&quot; }"/>
        </annotation>
    </item>
    <item name='org.omg.PortableServer.POAOperations byte[] reference_to_id(org.omg.CORBA.Object)'>
        <annotation name='com.intellij.inspections.tainted.annotation.equation.Equations'>
            <val val="{ &quot;reference_to_id := com.sun.corba.se.impl.oa.poa.POAImpl#reference_to_id(org.omg.CORBA.Object)&quot; }"/>
        </annotation>
    </item>
    <item name='org.omg.PortableServer.POAOperations byte[] servant_to_id(org.omg.PortableServer.Servant)'>
        <annotation name='com.intellij.inspections.tainted.annotation.equation.Equations'>
            <val val="{ &quot;p_servant := com.sun.corba.se.impl.presentation.rmi.ReflectiveTie &amp; com.sun.corba.se.impl.naming.cosnaming.TransientBindingIterator &amp; com.sun.corba.se.impl.naming.cosnaming.TransientNamingContext &amp; com.sun.corba.se.impl.naming.pcosnaming.PersistentBindingIterator&quot;, &quot;servant_to_id := com.sun.corba.se.impl.oa.poa.POAImpl#servant_to_id(org.omg.PortableServer.Servant)&quot; }"/>
        </annotation>
    </item>
    <item name='org.omg.PortableServer.POAOperations java.lang.String the_name()'>
        <annotation name='com.intellij.inspections.tainted.annotation.equation.Equations'>
            <val val="{ &quot;the_name := com.sun.corba.se.impl.oa.poa.POAImpl#the_name()&quot; }"/>
        </annotation>
    </item>
    <item name='org.omg.PortableServer.POAOperations org.omg.CORBA.Object create_reference(java.lang.String)'>
        <annotation name='com.intellij.inspections.tainted.annotation.equation.Equations'>
            <val val="{ &quot;create_reference := com.sun.corba.se.impl.oa.poa.POAImpl#create_reference(java.lang.String)&quot; }"/>
        </annotation>
    </item>
    <item name='org.omg.PortableServer.POAOperations org.omg.CORBA.Object create_reference_with_id(byte[], java.lang.String)'>
        <annotation name='com.intellij.inspections.tainted.annotation.equation.Equations'>
            <val val="{ &quot;create_reference_with_id := com.sun.corba.se.impl.oa.poa.POAImpl#create_reference_with_id(byte[], java.lang.String)&quot; }"/>
        </annotation>
    </item>
    <item name='org.omg.PortableServer.POAOperations org.omg.CORBA.Object id_to_reference(byte[])'>
        <annotation name='com.intellij.inspections.tainted.annotation.equation.Equations'>
            <val val="{ &quot;id_to_reference := com.sun.corba.se.impl.oa.poa.POAImpl#id_to_reference(byte[])&quot; }"/>
        </annotation>
    </item>
    <item name='org.omg.PortableServer.POAOperations org.omg.CORBA.Object servant_to_reference(org.omg.PortableServer.Servant)'>
        <annotation name='com.intellij.inspections.tainted.annotation.equation.Equations'>
            <val val="{ &quot;servant_to_reference := com.sun.corba.se.impl.oa.poa.POAImpl#servant_to_reference(org.omg.PortableServer.Servant)&quot; }"/>
        </annotation>
    </item>
    <item name='org.omg.PortableServer.POAOperations org.omg.PortableServer.AdapterActivator the_activator()'>
        <annotation name='com.intellij.inspections.tainted.annotation.equation.Equations'>
            <val val="{ &quot;the_activator := com.sun.corba.se.impl.oa.poa.POAImpl#the_activator()&quot; }"/>
        </annotation>
    </item>
    <item name='org.omg.PortableServer.POAOperations org.omg.PortableServer.IdAssignmentPolicy create_id_assignment_policy(org.omg.PortableServer.IdAssignmentPolicyValue)'>
        <annotation name='com.intellij.inspections.tainted.annotation.equation.Equations'>
            <val val="{ &quot;create_id_assignment_policy := com.sun.corba.se.impl.oa.poa.POAImpl#create_id_assignment_policy(org.omg.PortableServer.IdAssignmentPolicyValue)&quot; }"/>
        </annotation>
    </item>
    <item name='org.omg.PortableServer.POAOperations org.omg.PortableServer.IdUniquenessPolicy create_id_uniqueness_policy(org.omg.PortableServer.IdUniquenessPolicyValue)'>
        <annotation name='com.intellij.inspections.tainted.annotation.equation.Equations'>
            <val val="{ &quot;create_id_uniqueness_policy := com.sun.corba.se.impl.oa.poa.POAImpl#create_id_uniqueness_policy(org.omg.PortableServer.IdUniquenessPolicyValue)&quot; }"/>
        </annotation>
    </item>
    <item name='org.omg.PortableServer.POAOperations org.omg.PortableServer.ImplicitActivationPolicy create_implicit_activation_policy(org.omg.PortableServer.ImplicitActivationPolicyValue)'>
        <annotation name='com.intellij.inspections.tainted.annotation.equation.Equations'>
            <val val="{ &quot;create_implicit_activation_policy := com.sun.corba.se.impl.oa.poa.POAImpl#create_implicit_activation_policy(org.omg.PortableServer.ImplicitActivationPolicyValue)&quot; }"/>
        </annotation>
    </item>
    <item name='org.omg.PortableServer.POAOperations org.omg.PortableServer.LifespanPolicy create_lifespan_policy(org.omg.PortableServer.LifespanPolicyValue)'>
        <annotation name='com.intellij.inspections.tainted.annotation.equation.Equations'>
            <val val="{ &quot;create_lifespan_policy := com.sun.corba.se.impl.oa.poa.POAImpl#create_lifespan_policy(org.omg.PortableServer.LifespanPolicyValue)&quot; }"/>
        </annotation>
    </item>
    <item name='org.omg.PortableServer.POAOperations org.omg.PortableServer.POA create_POA(java.lang.String, org.omg.PortableServer.POAManager, org.omg.CORBA.Policy[])'>
        <annotation name='com.intellij.inspections.tainted.annotation.equation.Equations'>
            <val val="{ &quot;create_POA := com.sun.corba.se.impl.oa.poa.POAImpl#create_POA(java.lang.String, org.omg.PortableServer.POAManager, org.omg.CORBA.Policy[])&quot; }"/>
        </annotation>
    </item>
    <item name='org.omg.PortableServer.POAOperations org.omg.PortableServer.POA find_POA(java.lang.String, boolean)'>
        <annotation name='com.intellij.inspections.tainted.annotation.equation.Equations'>
            <val val="{ &quot;find_POA := com.sun.corba.se.impl.oa.poa.POAImpl#find_POA(java.lang.String, boolean)&quot; }"/>
        </annotation>
    </item>
    <item name='org.omg.PortableServer.POAOperations org.omg.PortableServer.POA the_parent()'>
        <annotation name='com.intellij.inspections.tainted.annotation.equation.Equations'>
            <val val="{ &quot;the_parent := com.sun.corba.se.impl.oa.poa.POAImpl#the_parent()&quot; }"/>
        </annotation>
    </item>
    <item name='org.omg.PortableServer.POAOperations org.omg.PortableServer.POAManager the_POAManager()'>
        <annotation name='com.intellij.inspections.tainted.annotation.equation.Equations'>
            <val val="{ &quot;the_POAManager := com.sun.corba.se.impl.oa.poa.POAImpl#the_POAManager()&quot; }"/>
        </annotation>
    </item>
    <item name='org.omg.PortableServer.POAOperations org.omg.PortableServer.POA[] the_children()'>
        <annotation name='com.intellij.inspections.tainted.annotation.equation.Equations'>
            <val val="{ &quot;the_children := com.sun.corba.se.impl.oa.poa.POAImpl#the_children()&quot; }"/>
        </annotation>
    </item>
    <item name='org.omg.PortableServer.POAOperations org.omg.PortableServer.RequestProcessingPolicy create_request_processing_policy(org.omg.PortableServer.RequestProcessingPolicyValue)'>
        <annotation name='com.intellij.inspections.tainted.annotation.equation.Equations'>
            <val val="{ &quot;create_request_processing_policy := com.sun.corba.se.impl.oa.poa.POAImpl#create_request_processing_policy(org.omg.PortableServer.RequestProcessingPolicyValue)&quot; }"/>
        </annotation>
    </item>
    <item name='org.omg.PortableServer.POAOperations org.omg.PortableServer.Servant get_servant()'>
        <annotation name='com.intellij.inspections.tainted.annotation.equation.Equations'>
            <val val="{ &quot;get_servant := com.sun.corba.se.impl.oa.poa.POAImpl#get_servant()&quot; }"/>
        </annotation>
    </item>
    <item name='org.omg.PortableServer.POAOperations org.omg.PortableServer.Servant id_to_servant(byte[])'>
        <annotation name='com.intellij.inspections.tainted.annotation.equation.Equations'>
            <val val="{ &quot;id_to_servant := com.sun.corba.se.impl.oa.poa.POAImpl#id_to_servant(byte[])&quot; }"/>
        </annotation>
    </item>
    <item name='org.omg.PortableServer.POAOperations org.omg.PortableServer.Servant reference_to_servant(org.omg.CORBA.Object)'>
        <annotation name='com.intellij.inspections.tainted.annotation.equation.Equations'>
            <val val="{ &quot;reference_to_servant := com.sun.corba.se.impl.oa.poa.POAImpl#reference_to_servant(org.omg.CORBA.Object)&quot; }"/>
        </annotation>
    </item>
    <item name='org.omg.PortableServer.POAOperations org.omg.PortableServer.ServantManager get_servant_manager()'>
        <annotation name='com.intellij.inspections.tainted.annotation.equation.Equations'>
            <val val="{ &quot;get_servant_manager := com.sun.corba.se.impl.oa.poa.POAImpl#get_servant_manager()&quot; }"/>
        </annotation>
    </item>
    <item name='org.omg.PortableServer.POAOperations org.omg.PortableServer.ServantRetentionPolicy create_servant_retention_policy(org.omg.PortableServer.ServantRetentionPolicyValue)'>
        <annotation name='com.intellij.inspections.tainted.annotation.equation.Equations'>
            <val val="{ &quot;value := ServantRetentionPolicyValue#RETAIN &amp; ServantRetentionPolicyValue#NON_RETAIN&quot;, &quot;create_servant_retention_policy := com.sun.corba.se.impl.oa.poa.POAImpl#create_servant_retention_policy(org.omg.PortableServer.ServantRetentionPolicyValue)&quot; }"/>
        </annotation>
    </item>
    <item name='org.omg.PortableServer.POAOperations org.omg.PortableServer.ThreadPolicy create_thread_policy(org.omg.PortableServer.ThreadPolicyValue)'>
        <annotation name='com.intellij.inspections.tainted.annotation.equation.Equations'>
            <val val="{ &quot;create_thread_policy := com.sun.corba.se.impl.oa.poa.POAImpl#create_thread_policy(org.omg.PortableServer.ThreadPolicyValue)&quot; }"/>
        </annotation>
    </item>
    <item name='org.omg.PortableServer.POAOperations void deactivate_object(byte[])'>
        <annotation name='com.intellij.inspections.tainted.annotation.equation.Equations'>
            <val val="{ &quot;oid := &quot; }"/>
        </annotation>
    </item>
    <item name='org.omg.PortableServer.POAOperations void set_servant_manager(org.omg.PortableServer.ServantManager)'>
        <annotation name='com.intellij.inspections.tainted.annotation.equation.Equations'>
            <val val="{ &quot;imgr := com.sun.corba.se.impl.naming.pcosnaming.NameService&quot; }"/>
        </annotation>
    </item>
    <item name='org.omg.PortableServer.RequestProcessingPolicyOperations org.omg.PortableServer.RequestProcessingPolicyValue value()'>
        <annotation name='com.intellij.inspections.tainted.annotation.equation.Equations'>
            <val val="{ &quot;value := com.sun.corba.se.impl.oa.poa.RequestProcessingPolicyImpl#value()&quot; }"/>
        </annotation>
    </item>
    <item name='org.omg.PortableServer.RequestProcessingPolicyValue RequestProcessingPolicyValue(int)'>
        <annotation name='com.intellij.inspections.tainted.annotation.equation.Equations'>
            <val val="{ &quot;value := #_USE_ACTIVE_OBJECT_MAP_ONLY &amp; #_USE_DEFAULT_SERVANT &amp; #_USE_SERVANT_MANAGER&quot;, &quot;RequestProcessingPolicyValue := RequestProcessingPolicyValue&quot; }"/>
        </annotation>
    </item>
    <item name='org.omg.PortableServer.RequestProcessingPolicyValue int value()'>
        <annotation name='com.intellij.inspections.tainted.annotation.equation.Equations'>
            <val val="{ &quot;value := RequestProcessingPolicyValue&quot; }"/>
        </annotation>
    </item>
    <item name='org.omg.PortableServer.RequestProcessingPolicyValue org.omg.PortableServer.RequestProcessingPolicyValue from_int(int)'>
        <annotation name='com.intellij.inspections.tainted.annotation.equation.Equations'>
            <val val="{ &quot;from_int := RequestProcessingPolicyValue&quot; }"/>
        </annotation>
    </item>
    <item name='org.omg.PortableServer.Servant boolean _is_a(java.lang.String)'>
        <annotation name='com.intellij.inspections.tainted.annotation.equation.Equations'>
            <val val="{ &quot;repository_id := com.sun.corba.se.impl.interceptors.ServerRequestInfoImpl#target_is_a(java.lang.String)#0&quot; }"/>
        </annotation>
    </item>
    <item name='org.omg.PortableServer.Servant java.lang.String[] _all_interfaces(org.omg.PortableServer.POA, byte[])'>
        <annotation name='com.intellij.inspections.tainted.annotation.equation.Equations'>
            <val val="{ &quot;_all_interfaces := com.sun.corba.se.impl.presentation.rmi.ReflectiveTie#_all_interfaces(org.omg.PortableServer.POA, byte[]) &amp; org.omg.CosNaming.BindingIteratorPOA#_all_interfaces(org.omg.PortableServer.POA, byte[]) &amp; org.omg.CosNaming.NamingContextPOA#_all_interfaces(org.omg.PortableServer.POA, byte[]) &amp; org.omg.CosNaming.NamingContextExtPOA#_all_interfaces(org.omg.PortableServer.POA, byte[]) &amp; ServantLocatorPOA#_all_interfaces(org.omg.PortableServer.POA, byte[]) &amp; ServantActivatorPOA#_all_interfaces(org.omg.PortableServer.POA, byte[])&quot; }"/>
        </annotation>
    </item>
    <item name='org.omg.PortableServer.Servant org.omg.CORBA.Object _this_object(org.omg.CORBA.ORB)'>
        <annotation name='com.intellij.inspections.tainted.annotation.equation.Equations'>
            <val val="{ &quot;orb := org.omg.CosNaming.BindingIteratorPOA#_this(org.omg.CORBA.ORB)#0 &amp; org.omg.CosNaming.NamingContextPOA#_this(org.omg.CORBA.ORB)#0 &amp; org.omg.CosNaming.NamingContextExtPOA#_this(org.omg.CORBA.ORB)#0 &amp; ServantLocatorPOA#_this(org.omg.CORBA.ORB)#0 &amp; ServantActivatorPOA#_this(org.omg.CORBA.ORB)#0&quot; }"/>
        </annotation>
    </item>
    <item name='org.omg.PortableServer.Servant org.omg.PortableServer.portable.Delegate _get_delegate()'>
        <annotation name='com.intellij.inspections.tainted.annotation.equation.Equations'>
            <val val="{ &quot;_get_delegate := Servant&quot; }"/>
        </annotation>
    </item>
    <item name='org.omg.PortableServer.Servant void _set_delegate(org.omg.PortableServer.portable.Delegate)'>
        <annotation name='com.intellij.inspections.tainted.annotation.equation.Equations'>
            <val val="{ &quot;delegate := com.sun.corba.se.impl.oa.poa.POAPolicyMediatorBase&quot; }"/>
        </annotation>
    </item>
    <item name='org.omg.PortableServer.ServantActivatorOperations org.omg.PortableServer.Servant incarnate(byte[], org.omg.PortableServer.POA)'>
        <annotation name='com.intellij.inspections.tainted.annotation.equation.Equations'>
            <val val="{ &quot;adapter := com.sun.corba.se.impl.oa.poa.POAPolicyMediatorImpl_R_USM &amp; _ServantActivatorStub#incarnate(byte[], org.omg.PortableServer.POA)#1&quot;, &quot;oid := com.sun.corba.se.impl.oa.poa.POAPolicyMediatorImpl_R_USM#internalGetServant(byte[], java.lang.String)#0 &amp; _ServantActivatorStub#incarnate(byte[], org.omg.PortableServer.POA)#0&quot;, &quot;incarnate := _ServantActivatorStub#incarnate(byte[], org.omg.PortableServer.POA)&quot; }"/>
        </annotation>
    </item>
    <item name='org.omg.PortableServer.ServantActivatorOperations void etherealize(byte[], org.omg.PortableServer.POA, org.omg.PortableServer.Servant, boolean, boolean)'>
        <annotation name='com.intellij.inspections.tainted.annotation.equation.Equations'>
            <val val="{ &quot;adapter := com.sun.corba.se.impl.oa.poa.POAPolicyMediatorImpl_R_USM.Etherealizer &amp; com.sun.corba.se.impl.oa.poa.POAPolicyMediatorImpl_R_USM &amp; _ServantActivatorStub#etherealize(byte[], org.omg.PortableServer.POA, org.omg.PortableServer.Servant, boolean, boolean)#1&quot;, &quot;remaining_activations := _ServantActivatorStub#etherealize(byte[], org.omg.PortableServer.POA, org.omg.PortableServer.Servant, boolean, boolean)#4&quot;, &quot;serv := com.sun.corba.se.impl.oa.poa.POAPolicyMediatorImpl_R_USM.Etherealizer &amp; _ServantActivatorStub#etherealize(byte[], org.omg.PortableServer.POA, org.omg.PortableServer.Servant, boolean, boolean)#2&quot;, &quot;cleanup_in_progress := _ServantActivatorStub#etherealize(byte[], org.omg.PortableServer.POA, org.omg.PortableServer.Servant, boolean, boolean)#3&quot;, &quot;oid := com.sun.corba.se.impl.oa.poa.POAPolicyMediatorImpl_R_USM.Etherealizer &amp; _ServantActivatorStub#etherealize(byte[], org.omg.PortableServer.POA, org.omg.PortableServer.Servant, boolean, boolean)#0&quot; }"/>
        </annotation>
    </item>
    <item name='org.omg.PortableServer.ServantActivatorPOA'>
        <annotation name='com.intellij.inspections.tainted.annotation.equation.Equations'>
            <val val="{ &quot;ServantActivatorPOA := &quot; }"/>
        </annotation>
    </item>
    <item name='org.omg.PortableServer.ServantActivatorPOA java.lang.String[] _all_interfaces(org.omg.PortableServer.POA, byte[])'>
        <annotation name='com.intellij.inspections.tainted.annotation.equation.Equations'>
            <val val="{ &quot;objectId := Servant#_all_interfaces(org.omg.PortableServer.POA, byte[])#1 &amp; Servant#_all_interfaces(org.omg.PortableServer.POA, byte[])#1&quot;, &quot;poa := Servant#_all_interfaces(org.omg.PortableServer.POA, byte[])#0 &amp; Servant#_all_interfaces(org.omg.PortableServer.POA, byte[])#0&quot;, &quot;_all_interfaces := ServantActivatorPOA&quot; }"/>
        </annotation>
    </item>
    <item name='org.omg.PortableServer.ServantActivatorPOA org.omg.CORBA.portable.OutputStream _invoke(java.lang.String, org.omg.CORBA.portable.InputStream, org.omg.CORBA.portable.ResponseHandler)'>
        <annotation name='com.intellij.inspections.tainted.annotation.equation.Equations'>
            <val val="{ &quot;in := org.omg.CORBA.portable.InvokeHandler#_invoke(java.lang.String, org.omg.CORBA.portable.InputStream, org.omg.CORBA.portable.ResponseHandler)#1 &amp; org.omg.CORBA.portable.InvokeHandler#_invoke(java.lang.String, org.omg.CORBA.portable.InputStream, org.omg.CORBA.portable.ResponseHandler)#1&quot;, &quot;$method := org.omg.CORBA.portable.InvokeHandler#_invoke(java.lang.String, org.omg.CORBA.portable.InputStream, org.omg.CORBA.portable.ResponseHandler)#0 &amp; org.omg.CORBA.portable.InvokeHandler#_invoke(java.lang.String, org.omg.CORBA.portable.InputStream, org.omg.CORBA.portable.ResponseHandler)#0&quot;, &quot;$rh := org.omg.CORBA.portable.InvokeHandler#_invoke(java.lang.String, org.omg.CORBA.portable.InputStream, org.omg.CORBA.portable.ResponseHandler)#2 &amp; org.omg.CORBA.portable.InvokeHandler#_invoke(java.lang.String, org.omg.CORBA.portable.InputStream, org.omg.CORBA.portable.ResponseHandler)#2&quot; }"/>
        </annotation>
    </item>
    <item name='org.omg.PortableServer.ServantLocatorOperations org.omg.PortableServer.Servant preinvoke(byte[], org.omg.PortableServer.POA, java.lang.String, org.omg.PortableServer.ServantLocatorPackage.CookieHolder)'>
        <annotation name='com.intellij.inspections.tainted.annotation.equation.Equations'>
            <val val="{ &quot;preinvoke := com.sun.corba.se.impl.naming.pcosnaming.ServantManagerImpl#preinvoke(byte[], org.omg.PortableServer.POA, java.lang.String, org.omg.PortableServer.ServantLocatorPackage.CookieHolder) &amp; _ServantLocatorStub#preinvoke(byte[], org.omg.PortableServer.POA, java.lang.String, org.omg.PortableServer.ServantLocatorPackage.CookieHolder)&quot; }"/>
        </annotation>
    </item>
    <item name='org.omg.PortableServer.ServantLocatorOperations void postinvoke(byte[], org.omg.PortableServer.POA, java.lang.String, java.lang.Object, org.omg.PortableServer.Servant)'>
        <annotation name='com.intellij.inspections.tainted.annotation.equation.Equations'>
            <val val="{ &quot;the_cookie := _ServantLocatorStub#postinvoke(byte[], org.omg.PortableServer.POA, java.lang.String, java.lang.Object, org.omg.PortableServer.Servant)#3&quot;, &quot;oid := _ServantLocatorStub#postinvoke(byte[], org.omg.PortableServer.POA, java.lang.String, java.lang.Object, org.omg.PortableServer.Servant)#0&quot;, &quot;operation := _ServantLocatorStub#postinvoke(byte[], org.omg.PortableServer.POA, java.lang.String, java.lang.Object, org.omg.PortableServer.Servant)#2&quot;, &quot;adapter := _ServantLocatorStub#postinvoke(byte[], org.omg.PortableServer.POA, java.lang.String, java.lang.Object, org.omg.PortableServer.Servant)#1&quot;, &quot;the_servant := _ServantLocatorStub#postinvoke(byte[], org.omg.PortableServer.POA, java.lang.String, java.lang.Object, org.omg.PortableServer.Servant)#4&quot; }"/>
        </annotation>
    </item>
    <item name='org.omg.PortableServer.ServantLocatorPOA'>
        <annotation name='com.intellij.inspections.tainted.annotation.equation.Equations'>
            <val val="{ &quot;ServantLocatorPOA := &quot; }"/>
        </annotation>
    </item>
    <item name='org.omg.PortableServer.ServantLocatorPOA java.lang.String[] _all_interfaces(org.omg.PortableServer.POA, byte[])'>
        <annotation name='com.intellij.inspections.tainted.annotation.equation.Equations'>
            <val val="{ &quot;objectId := Servant#_all_interfaces(org.omg.PortableServer.POA, byte[])#1 &amp; Servant#_all_interfaces(org.omg.PortableServer.POA, byte[])#1&quot;, &quot;_all_interfaces := ServantLocatorPOA&quot;, &quot;poa := Servant#_all_interfaces(org.omg.PortableServer.POA, byte[])#0 &amp; Servant#_all_interfaces(org.omg.PortableServer.POA, byte[])#0&quot; }"/>
        </annotation>
    </item>
    <item name='org.omg.PortableServer.ServantLocatorPOA org.omg.CORBA.portable.OutputStream _invoke(java.lang.String, org.omg.CORBA.portable.InputStream, org.omg.CORBA.portable.ResponseHandler)'>
        <annotation name='com.intellij.inspections.tainted.annotation.equation.Equations'>
            <val val="{ &quot;$method := org.omg.CORBA.portable.InvokeHandler#_invoke(java.lang.String, org.omg.CORBA.portable.InputStream, org.omg.CORBA.portable.ResponseHandler)#0 &amp; org.omg.CORBA.portable.InvokeHandler#_invoke(java.lang.String, org.omg.CORBA.portable.InputStream, org.omg.CORBA.portable.ResponseHandler)#0&quot;, &quot;$rh := org.omg.CORBA.portable.InvokeHandler#_invoke(java.lang.String, org.omg.CORBA.portable.InputStream, org.omg.CORBA.portable.ResponseHandler)#2 &amp; org.omg.CORBA.portable.InvokeHandler#_invoke(java.lang.String, org.omg.CORBA.portable.InputStream, org.omg.CORBA.portable.ResponseHandler)#2&quot;, &quot;in := org.omg.CORBA.portable.InvokeHandler#_invoke(java.lang.String, org.omg.CORBA.portable.InputStream, org.omg.CORBA.portable.ResponseHandler)#1 &amp; org.omg.CORBA.portable.InvokeHandler#_invoke(java.lang.String, org.omg.CORBA.portable.InputStream, org.omg.CORBA.portable.ResponseHandler)#1&quot; }"/>
        </annotation>
    </item>
    <item name='org.omg.PortableServer.ServantRetentionPolicyValue ServantRetentionPolicyValue(int)'>
        <annotation name='com.intellij.inspections.tainted.annotation.equation.Equations'>
            <val val="{ &quot;value := #_RETAIN &amp; #_NON_RETAIN&quot;, &quot;ServantRetentionPolicyValue := ServantRetentionPolicyValue&quot; }"/>
        </annotation>
    </item>
    <item name='org.omg.PortableServer.ServantRetentionPolicyValue int value()'>
        <annotation name='com.intellij.inspections.tainted.annotation.equation.Equations'>
            <val val="{ &quot;value := ServantRetentionPolicyValue&quot; }"/>
        </annotation>
    </item>
    <item name='org.omg.PortableServer.ServantRetentionPolicyValue org.omg.PortableServer.ServantRetentionPolicyValue from_int(int)'>
        <annotation name='com.intellij.inspections.tainted.annotation.equation.Equations'>
            <val val="{ &quot;from_int := ServantRetentionPolicyValue&quot; }"/>
        </annotation>
    </item>
    <item name='org.omg.PortableServer.ThreadPolicyValue ThreadPolicyValue(int)'>
        <annotation name='com.intellij.inspections.tainted.annotation.equation.Equations'>
            <val val="{ &quot;value := #_ORB_CTRL_MODEL &amp; #_SINGLE_THREAD_MODEL&quot;, &quot;ThreadPolicyValue := ThreadPolicyValue&quot; }"/>
        </annotation>
    </item>
    <item name='org.omg.PortableServer.ThreadPolicyValue int value()'>
        <annotation name='com.intellij.inspections.tainted.annotation.equation.Equations'>
            <val val="{ &quot;value := ThreadPolicyValue&quot; }"/>
        </annotation>
    </item>
    <item name='org.omg.PortableServer.ThreadPolicyValue org.omg.PortableServer.ThreadPolicyValue from_int(int)'>
        <annotation name='com.intellij.inspections.tainted.annotation.equation.Equations'>
            <val val="{ &quot;from_int := ThreadPolicyValue&quot; }"/>
        </annotation>
    </item>
    <item name='org.omg.PortableServer._ServantActivatorStub java.lang.String[] _ids()'>
        <annotation name='com.intellij.inspections.tainted.annotation.equation.Equations'>
            <val val="{ &quot;_ids := _ServantActivatorStub&quot; }"/>
        </annotation>
    </item>
    <item name='org.omg.PortableServer._ServantActivatorStub org.omg.PortableServer.Servant incarnate(byte[], org.omg.PortableServer.POA)'>
        <annotation name='com.intellij.inspections.tainted.annotation.equation.Equations'>
            <val val="{ &quot;oid := ServantActivatorOperations#incarnate(byte[], org.omg.PortableServer.POA)#0 &amp; ServantActivatorOperations#incarnate(byte[], org.omg.PortableServer.POA)#0&quot;, &quot;adapter := ServantActivatorOperations#incarnate(byte[], org.omg.PortableServer.POA)#1 &amp; ServantActivatorOperations#incarnate(byte[], org.omg.PortableServer.POA)#1&quot; }"/>
        </annotation>
    </item>
    <item name='org.omg.PortableServer._ServantActivatorStub void etherealize(byte[], org.omg.PortableServer.POA, org.omg.PortableServer.Servant, boolean, boolean)'>
        <annotation name='com.intellij.inspections.tainted.annotation.equation.Equations'>
            <val val="{ &quot;cleanup_in_progress := ServantActivatorOperations#etherealize(byte[], org.omg.PortableServer.POA, org.omg.PortableServer.Servant, boolean, boolean)#3 &amp; ServantActivatorOperations#etherealize(byte[], org.omg.PortableServer.POA, org.omg.PortableServer.Servant, boolean, boolean)#3&quot;, &quot;serv := ServantActivatorOperations#etherealize(byte[], org.omg.PortableServer.POA, org.omg.PortableServer.Servant, boolean, boolean)#2 &amp; ServantActivatorOperations#etherealize(byte[], org.omg.PortableServer.POA, org.omg.PortableServer.Servant, boolean, boolean)#2&quot;, &quot;remaining_activations := ServantActivatorOperations#etherealize(byte[], org.omg.PortableServer.POA, org.omg.PortableServer.Servant, boolean, boolean)#4 &amp; ServantActivatorOperations#etherealize(byte[], org.omg.PortableServer.POA, org.omg.PortableServer.Servant, boolean, boolean)#4&quot;, &quot;adapter := ServantActivatorOperations#etherealize(byte[], org.omg.PortableServer.POA, org.omg.PortableServer.Servant, boolean, boolean)#1 &amp; ServantActivatorOperations#etherealize(byte[], org.omg.PortableServer.POA, org.omg.PortableServer.Servant, boolean, boolean)#1&quot;, &quot;oid := ServantActivatorOperations#etherealize(byte[], org.omg.PortableServer.POA, org.omg.PortableServer.Servant, boolean, boolean)#0 &amp; ServantActivatorOperations#etherealize(byte[], org.omg.PortableServer.POA, org.omg.PortableServer.Servant, boolean, boolean)#0&quot; }"/>
        </annotation>
    </item>
    <item name='org.omg.PortableServer._ServantLocatorStub java.lang.String[] _ids()'>
        <annotation name='com.intellij.inspections.tainted.annotation.equation.Equations'>
            <val val="{ &quot;_ids := _ServantLocatorStub&quot; }"/>
        </annotation>
    </item>
    <item name='org.omg.PortableServer._ServantLocatorStub org.omg.PortableServer.Servant preinvoke(byte[], org.omg.PortableServer.POA, java.lang.String, org.omg.PortableServer.ServantLocatorPackage.CookieHolder)'>
        <annotation name='com.intellij.inspections.tainted.annotation.equation.Equations'>
            <val val="{ &quot;operation := ServantLocatorOperations#preinvoke(byte[], org.omg.PortableServer.POA, java.lang.String, org.omg.PortableServer.ServantLocatorPackage.CookieHolder)#2 &amp; ServantLocatorOperations#preinvoke(byte[], org.omg.PortableServer.POA, java.lang.String, org.omg.PortableServer.ServantLocatorPackage.CookieHolder)#2&quot;, &quot;adapter := ServantLocatorOperations#preinvoke(byte[], org.omg.PortableServer.POA, java.lang.String, org.omg.PortableServer.ServantLocatorPackage.CookieHolder)#1 &amp; ServantLocatorOperations#preinvoke(byte[], org.omg.PortableServer.POA, java.lang.String, org.omg.PortableServer.ServantLocatorPackage.CookieHolder)#1&quot;, &quot;oid := ServantLocatorOperations#preinvoke(byte[], org.omg.PortableServer.POA, java.lang.String, org.omg.PortableServer.ServantLocatorPackage.CookieHolder)#0 &amp; ServantLocatorOperations#preinvoke(byte[], org.omg.PortableServer.POA, java.lang.String, org.omg.PortableServer.ServantLocatorPackage.CookieHolder)#0&quot;, &quot;the_cookie := ServantLocatorOperations#preinvoke(byte[], org.omg.PortableServer.POA, java.lang.String, org.omg.PortableServer.ServantLocatorPackage.CookieHolder)#3 &amp; ServantLocatorOperations#preinvoke(byte[], org.omg.PortableServer.POA, java.lang.String, org.omg.PortableServer.ServantLocatorPackage.CookieHolder)#3&quot; }"/>
        </annotation>
    </item>
    <item name='org.omg.PortableServer._ServantLocatorStub void postinvoke(byte[], org.omg.PortableServer.POA, java.lang.String, java.lang.Object, org.omg.PortableServer.Servant)'>
        <annotation name='com.intellij.inspections.tainted.annotation.equation.Equations'>
            <val val="{ &quot;the_servant := ServantLocatorOperations#postinvoke(byte[], org.omg.PortableServer.POA, java.lang.String, java.lang.Object, org.omg.PortableServer.Servant)#4 &amp; ServantLocatorOperations#postinvoke(byte[], org.omg.PortableServer.POA, java.lang.String, java.lang.Object, org.omg.PortableServer.Servant)#4&quot;, &quot;operation := ServantLocatorOperations#postinvoke(byte[], org.omg.PortableServer.POA, java.lang.String, java.lang.Object, org.omg.PortableServer.Servant)#2 &amp; ServantLocatorOperations#postinvoke(byte[], org.omg.PortableServer.POA, java.lang.String, java.lang.Object, org.omg.PortableServer.Servant)#2&quot;, &quot;the_cookie := ServantLocatorOperations#postinvoke(byte[], org.omg.PortableServer.POA, java.lang.String, java.lang.Object, org.omg.PortableServer.Servant)#3 &amp; ServantLocatorOperations#postinvoke(byte[], org.omg.PortableServer.POA, java.lang.String, java.lang.Object, org.omg.PortableServer.Servant)#3&quot;, &quot;oid := ServantLocatorOperations#postinvoke(byte[], org.omg.PortableServer.POA, java.lang.String, java.lang.Object, org.omg.PortableServer.Servant)#0 &amp; ServantLocatorOperations#postinvoke(byte[], org.omg.PortableServer.POA, java.lang.String, java.lang.Object, org.omg.PortableServer.Servant)#0&quot;, &quot;adapter := ServantLocatorOperations#postinvoke(byte[], org.omg.PortableServer.POA, java.lang.String, java.lang.Object, org.omg.PortableServer.Servant)#1 &amp; ServantLocatorOperations#postinvoke(byte[], org.omg.PortableServer.POA, java.lang.String, java.lang.Object, org.omg.PortableServer.Servant)#1&quot; }"/>
        </annotation>
    </item>
</root>