<root>
    <item name='org.w3c.dom.traversal.DocumentTraversal org.w3c.dom.traversal.NodeIterator createNodeIterator(org.w3c.dom.Node, int, org.w3c.dom.traversal.NodeFilter, boolean)'>
        <annotation name='com.intellij.inspections.tainted.annotation.equation.Equations'>
            <val val="{ &quot;filter := com.sun.org.apache.xerces.internal.dom.DocumentImpl#createNodeIterator(org.w3c.dom.Node, int, org.w3c.dom.traversal.NodeFilter, boolean)#2&quot;, &quot;root := com.sun.org.apache.xerces.internal.dom.DocumentImpl#createNodeIterator(org.w3c.dom.Node, int, org.w3c.dom.traversal.NodeFilter, boolean)#0&quot;, &quot;whatToShow := com.sun.org.apache.xerces.internal.dom.DocumentImpl#createNodeIterator(org.w3c.dom.Node, int, org.w3c.dom.traversal.NodeFilter, boolean)#1&quot;, &quot;createNodeIterator := com.sun.org.apache.xerces.internal.dom.DocumentImpl#createNodeIterator(org.w3c.dom.Node, int, org.w3c.dom.traversal.NodeFilter, boolean)&quot; }"/>
        </annotation>
    </item>
    <item name='org.w3c.dom.traversal.DocumentTraversal org.w3c.dom.traversal.TreeWalker createTreeWalker(org.w3c.dom.Node, int, org.w3c.dom.traversal.NodeFilter, boolean)'>
        <annotation name='com.intellij.inspections.tainted.annotation.equation.Equations'>
            <val val="{ &quot;whatToShow := com.sun.org.apache.xerces.internal.dom.DocumentImpl#createTreeWalker(org.w3c.dom.Node, int, org.w3c.dom.traversal.NodeFilter, boolean)#1&quot;, &quot;root := com.sun.org.apache.xerces.internal.dom.DocumentImpl#createTreeWalker(org.w3c.dom.Node, int, org.w3c.dom.traversal.NodeFilter, boolean)#0&quot;, &quot;filter := com.sun.org.apache.xerces.internal.dom.DocumentImpl#createTreeWalker(org.w3c.dom.Node, int, org.w3c.dom.traversal.NodeFilter, boolean)#2&quot;, &quot;createTreeWalker := com.sun.org.apache.xerces.internal.dom.DocumentImpl#createTreeWalker(org.w3c.dom.Node, int, org.w3c.dom.traversal.NodeFilter, boolean)&quot; }"/>
        </annotation>
    </item>
    <item name='org.w3c.dom.traversal.NodeFilter short acceptNode(org.w3c.dom.Node)'>
        <annotation name='com.intellij.inspections.tainted.annotation.equation.Equations'>
            <val val="{ &quot;n := com.sun.org.apache.xerces.internal.dom.NodeIteratorImpl#acceptNode(org.w3c.dom.Node)#0 &amp; com.sun.org.apache.xml.internal.serialize.XMLSerializer#printAttribute(java.lang.String, java.lang.String, boolean, org.w3c.dom.Attr)#3 &amp; com.sun.org.apache.xml.internal.serialize.BaseMarkupSerializer#serializeNode(org.w3c.dom.Node)#0 &amp; com.sun.org.apache.xerces.internal.dom.TreeWalkerImpl#acceptNode(org.w3c.dom.Node)#0&quot; }"/>
        </annotation>
    </item>
    <item name='org.w3c.dom.traversal.NodeIterator int getWhatToShow()'>
        <annotation name='com.intellij.inspections.tainted.annotation.equation.Equations'>
            <val val="{ &quot;getWhatToShow := com.sun.org.apache.xpath.internal.NodeSet#getWhatToShow() &amp; com.sun.org.apache.xerces.internal.dom.NodeIteratorImpl#getWhatToShow() &amp; com.sun.org.apache.xml.internal.dtm.ref.DTMNodeIterator#getWhatToShow()&quot; }"/>
        </annotation>
    </item>
    <item name='org.w3c.dom.traversal.NodeIterator org.w3c.dom.Node getRoot()'>
        <annotation name='com.intellij.inspections.tainted.annotation.equation.Equations'>
            <val val="{ &quot;getRoot := com.sun.org.apache.xpath.internal.NodeSet#getRoot() &amp; com.sun.org.apache.xerces.internal.dom.NodeIteratorImpl#getRoot() &amp; com.sun.org.apache.xml.internal.dtm.ref.DTMNodeIterator#getRoot()&quot; }"/>
        </annotation>
    </item>
    <item name='org.w3c.dom.traversal.NodeIterator org.w3c.dom.Node nextNode()'>
        <annotation name='com.intellij.inspections.tainted.annotation.equation.Equations'>
            <val val="{ &quot;nextNode := com.sun.org.apache.xml.internal.dtm.ref.DTMNodeIterator#nextNode() &amp; com.sun.org.apache.xpath.internal.NodeSet#nextNode() &amp; com.sun.org.apache.xerces.internal.dom.NodeIteratorImpl#nextNode()&quot; }"/>
        </annotation>
    </item>
    <item name='org.w3c.dom.traversal.NodeIterator org.w3c.dom.Node previousNode()'>
        <annotation name='com.intellij.inspections.tainted.annotation.equation.Equations'>
            <val val="{ &quot;previousNode := com.sun.org.apache.xml.internal.dtm.ref.DTMNodeIterator#previousNode() &amp; com.sun.org.apache.xpath.internal.NodeSet#previousNode() &amp; com.sun.org.apache.xerces.internal.dom.NodeIteratorImpl#previousNode()&quot; }"/>
        </annotation>
    </item>
    <item name='org.w3c.dom.traversal.NodeIterator org.w3c.dom.traversal.NodeFilter getFilter()'>
        <annotation name='com.intellij.inspections.tainted.annotation.equation.Equations'>
            <val val="{ &quot;getFilter := com.sun.org.apache.xml.internal.dtm.ref.DTMNodeIterator#getFilter() &amp; com.sun.org.apache.xpath.internal.NodeSet#getFilter() &amp; com.sun.org.apache.xerces.internal.dom.NodeIteratorImpl#getFilter()&quot; }"/>
        </annotation>
    </item>
</root>