<root>
    <item name='com.sun.org.apache.xml.internal.utils.res.CharArrayWrapper CharArrayWrapper(char[])'>
        <annotation name='com.intellij.inspections.tainted.annotation.equation.Equations'>
            <val val="{ &quot;CharArrayWrapper := CharArrayWrapper&quot; }"/>
        </annotation>
    </item>
    <item name='com.sun.org.apache.xml.internal.utils.res.IntArrayWrapper IntArrayWrapper(int[])'>
        <annotation name='com.intellij.inspections.tainted.annotation.equation.Equations'>
            <val val="{ &quot;IntArrayWrapper := IntArrayWrapper&quot; }"/>
        </annotation>
    </item>
    <item name='com.sun.org.apache.xml.internal.utils.res.LongArrayWrapper LongArrayWrapper(long[])'>
        <annotation name='com.intellij.inspections.tainted.annotation.equation.Equations'>
            <val val="{ &quot;LongArrayWrapper := LongArrayWrapper&quot;, &quot;arg := java.lang.Long#MAX_VALUE&quot; }"/>
        </annotation>
    </item>
    <item name='com.sun.org.apache.xml.internal.utils.res.StringArrayWrapper StringArrayWrapper(java.lang.String[])'>
        <annotation name='com.intellij.inspections.tainted.annotation.equation.Equations'>
            <val val="{ &quot;StringArrayWrapper := StringArrayWrapper&quot; }"/>
        </annotation>
    </item>
    <item name='com.sun.org.apache.xml.internal.utils.res.XResourceBundle java.lang.Object[][] getContents()'>
        <annotation name='com.intellij.inspections.tainted.annotation.equation.Equations'>
            <val val="{ &quot;getContents := XResources_de#getContents() &amp; XResources_es#getContents() &amp; XResources_en#getContents() &amp; XResources_fr#getContents() &amp; XResources_it#getContents() &amp; XResources_ko#getContents() &amp; XResources_sv#getContents() &amp; XResources_zh_CN#getContents() &amp; XResources_zh_TW#getContents() &amp; XResources_ja_JP_A#getContents() &amp; XResources_ja_JP_I#getContents() &amp; XResources_ja_JP_HI#getContents() &amp; XResources_ja_JP_HA#getContents()&quot; }"/>
        </annotation>
    </item>
    <item name='com.sun.org.apache.xml.internal.utils.res.XResources_de java.lang.Object[][] getContents()'>
        <annotation name='com.intellij.inspections.tainted.annotation.equation.Equations'>
            <val val="{ &quot;getContents := #_contents&quot; }"/>
        </annotation>
    </item>
    <item name='com.sun.org.apache.xml.internal.utils.res.XResources_en java.lang.Object[][] getContents()'>
        <annotation name='com.intellij.inspections.tainted.annotation.equation.Equations'>
            <val val="{ &quot;getContents := #_contents&quot; }"/>
        </annotation>
    </item>
    <item name='com.sun.org.apache.xml.internal.utils.res.XResources_es java.lang.Object[][] getContents()'>
        <annotation name='com.intellij.inspections.tainted.annotation.equation.Equations'>
            <val val="{ &quot;getContents := #_contents&quot; }"/>
        </annotation>
    </item>
    <item name='com.sun.org.apache.xml.internal.utils.res.XResources_fr java.lang.Object[][] getContents()'>
        <annotation name='com.intellij.inspections.tainted.annotation.equation.Equations'>
            <val val="{ &quot;getContents := #_contents&quot; }"/>
        </annotation>
    </item>
    <item name='com.sun.org.apache.xml.internal.utils.res.XResources_it java.lang.Object[][] getContents()'>
        <annotation name='com.intellij.inspections.tainted.annotation.equation.Equations'>
            <val val="{ &quot;getContents := #_contents&quot; }"/>
        </annotation>
    </item>
    <item name='com.sun.org.apache.xml.internal.utils.res.XResources_ja_JP_A java.lang.Object[][] getContents()'>
        <annotation name='com.intellij.inspections.tainted.annotation.equation.Equations'>
            <val val="{ &quot;getContents := #_contents&quot; }"/>
        </annotation>
    </item>
    <item name='com.sun.org.apache.xml.internal.utils.res.XResources_ja_JP_HA java.lang.Object[][] getContents()'>
        <annotation name='com.intellij.inspections.tainted.annotation.equation.Equations'>
            <val val="{ &quot;getContents := #_contents&quot; }"/>
        </annotation>
    </item>
    <item name='com.sun.org.apache.xml.internal.utils.res.XResources_ja_JP_HI java.lang.Object[][] getContents()'>
        <annotation name='com.intellij.inspections.tainted.annotation.equation.Equations'>
            <val val="{ &quot;getContents := #_contents&quot; }"/>
        </annotation>
    </item>
    <item name='com.sun.org.apache.xml.internal.utils.res.XResources_ja_JP_I java.lang.Object[][] getContents()'>
        <annotation name='com.intellij.inspections.tainted.annotation.equation.Equations'>
            <val val="{ &quot;getContents := #_contents&quot; }"/>
        </annotation>
    </item>
    <item name='com.sun.org.apache.xml.internal.utils.res.XResources_ko java.lang.Object[][] getContents()'>
        <annotation name='com.intellij.inspections.tainted.annotation.equation.Equations'>
            <val val="{ &quot;getContents := #_contents&quot; }"/>
        </annotation>
    </item>
    <item name='com.sun.org.apache.xml.internal.utils.res.XResources_sv java.lang.Object[][] getContents()'>
        <annotation name='com.intellij.inspections.tainted.annotation.equation.Equations'>
            <val val="{ &quot;getContents := #_contents&quot; }"/>
        </annotation>
    </item>
    <item name='com.sun.org.apache.xml.internal.utils.res.XResources_zh_CN java.lang.Object[][] getContents()'>
        <annotation name='com.intellij.inspections.tainted.annotation.equation.Equations'>
            <val val="{ &quot;getContents := #_contents&quot; }"/>
        </annotation>
    </item>
    <item name='com.sun.org.apache.xml.internal.utils.res.XResources_zh_TW java.lang.Object[][] getContents()'>
        <annotation name='com.intellij.inspections.tainted.annotation.equation.Equations'>
            <val val="{ &quot;getContents := #_contents&quot; }"/>
        </annotation>
    </item>
</root>