<root>
    <item name='net.bytebuddy.description.annotation.AnnotationDescription net.bytebuddy.description.annotation.AnnotationDescription.Loadable&lt;T&gt; prepare(java.lang.Class&lt;T&gt;)'>
        <annotation name='com.intellij.inspections.tainted.annotation.equation.Equations'>
            <val val="{ &quot;annotationType := &quot; }"/>
        </annotation>
    </item>
    <item name='net.bytebuddy.description.annotation.AnnotationDescription net.bytebuddy.description.annotation.AnnotationValue&lt;?,?&gt; getValue(net.bytebuddy.description.method.MethodDescription.InDefinedShape)'>
        <annotation name='com.intellij.inspections.tainted.annotation.equation.Equations'>
            <val val="{ &quot;getValue := AnnotationDescription.Latent#getValue(net.bytebuddy.description.method.MethodDescription.InDefinedShape) &amp; AnnotationDescription.Latent.Loadable#getValue(net.bytebuddy.description.method.MethodDescription.InDefinedShape) &amp; net.bytebuddy.pool.TypePool.Default.LazyTypeDescription.LazyAnnotationDescription#getValue(net.bytebuddy.description.method.MethodDescription.InDefinedShape) &amp; AnnotationDescription.ForLoadedAnnotation#getValue(net.bytebuddy.description.method.MethodDescription.InDefinedShape)&quot; }"/>
        </annotation>
    </item>
    <item name='net.bytebuddy.description.annotation.AnnotationDescription net.bytebuddy.description.type.TypeDescription getAnnotationType()'>
        <annotation name='com.intellij.inspections.tainted.annotation.equation.Equations'>
            <val val="{ &quot;getAnnotationType := AnnotationDescription.Latent#getAnnotationType() &amp; AnnotationDescription.Latent.Loadable#getAnnotationType() &amp; net.bytebuddy.pool.TypePool.Default.LazyTypeDescription.LazyAnnotationDescription#getAnnotationType() &amp; AnnotationDescription.ForLoadedAnnotation#getAnnotationType()&quot; }"/>
        </annotation>
    </item>
    <item name='net.bytebuddy.description.annotation.AnnotationDescription.AnnotationInvocationHandler'>
        <annotation name='com.intellij.inspections.tainted.annotation.equation.Equations'>
            <val val="{ &quot;AnnotationInvocationHandler := #AnnotationInvocationHandler(java.lang.Class, java.util.LinkedHashMap)#0 &amp; #AnnotationInvocationHandler(java.lang.Class, java.util.LinkedHashMap)#1&quot; }"/>
        </annotation>
    </item>
    <item name='net.bytebuddy.description.annotation.AnnotationDescription.AnnotationInvocationHandler AnnotationInvocationHandler(java.lang.Class&lt;T&gt;, java.util.LinkedHashMap&lt;java.lang.reflect.Method,net.bytebuddy.description.annotation.AnnotationValue.Loaded&lt;?&gt;&gt;)'>
        <annotation name='com.intellij.inspections.tainted.annotation.equation.Equations'>
            <val val="{ &quot;AnnotationInvocationHandler := AnnotationDescription.AnnotationInvocationHandler&quot;, &quot;values := &quot;, &quot;annotationType := #of(java.lang.ClassLoader, java.lang.Class, java.util.Map)#1&quot; }"/>
        </annotation>
    </item>
    <item name='net.bytebuddy.description.annotation.AnnotationDescription.AnnotationInvocationHandler S of(java.lang.ClassLoader, java.lang.Class&lt;S&gt;, java.util.Map&lt;java.lang.String,? extends net.bytebuddy.description.annotation.AnnotationValue&lt;?,?&gt;&gt;)'>
        <annotation name='com.intellij.inspections.tainted.annotation.equation.Equations'>
            <val val="{ &quot;annotationType := AnnotationDescription.Latent.Loadable &amp; net.bytebuddy.pool.TypePool.Default.LazyTypeDescription.LazyAnnotationDescription.Loadable &amp; AnnotationDescription.ForLoadedAnnotation&quot;, &quot;of := &quot;, &quot;values := AnnotationDescription.Latent.Loadable &amp; net.bytebuddy.pool.TypePool.Default.LazyTypeDescription.LazyAnnotationDescription.Loadable&quot;, &quot;classLoader := net.bytebuddy.pool.TypePool.AbstractBase.RawAnnotationValue#load(java.lang.ClassLoader)#0&quot; }"/>
        </annotation>
    </item>
    <item name='net.bytebuddy.description.annotation.AnnotationDescription.AnnotationInvocationHandler boolean equals(java.lang.Object)'>
        <annotation name='com.intellij.inspections.tainted.annotation.equation.Equations'>
            <val val="{ &quot;other := java.lang.Object#equals(java.lang.Object)#0&quot; }"/>
        </annotation>
    </item>
    <item name='net.bytebuddy.description.annotation.AnnotationDescription.AnnotationInvocationHandler boolean equalsRepresentation(java.lang.Object, java.lang.Object)'>
        <annotation name='com.intellij.inspections.tainted.annotation.equation.Equations'>
            <val val="{ &quot;other := #invoke(java.lang.Object, java.lang.reflect.Method, java.lang.Object[])#2&quot;, &quot;self := #invoke(java.lang.Object, java.lang.reflect.Method, java.lang.Object[])#0&quot;, &quot;equalsRepresentation := &quot; }"/>
        </annotation>
    </item>
    <item name='net.bytebuddy.description.annotation.AnnotationDescription.AnnotationInvocationHandler int hashCode()'>
        <annotation name='com.intellij.inspections.tainted.annotation.equation.Equations'>
            <val val="{ &quot;hashCode := &quot; }"/>
        </annotation>
    </item>
    <item name='net.bytebuddy.description.annotation.AnnotationDescription.AnnotationInvocationHandler java.lang.Class&lt;?&gt; asWrapper(java.lang.Class&lt;?&gt;)'>
        <annotation name='com.intellij.inspections.tainted.annotation.equation.Equations'>
            <val val="{ &quot;asWrapper := type&quot; }"/>
        </annotation>
    </item>
    <item name='net.bytebuddy.description.annotation.AnnotationDescription.AnnotationInvocationHandler java.lang.Object invoke(java.lang.Object, java.lang.reflect.Method, java.lang.Object[])'>
        <annotation name='com.intellij.inspections.tainted.annotation.equation.Equations'>
            <val val="{ &quot;method := java.lang.reflect.InvocationHandler#invoke(java.lang.Object, java.lang.reflect.Method, java.lang.Object[])#1&quot;, &quot;invoke := AnnotationDescription.AnnotationInvocationHandler&quot;, &quot;proxy := java.lang.reflect.InvocationHandler#invoke(java.lang.Object, java.lang.reflect.Method, java.lang.Object[])#0&quot;, &quot;argument := java.lang.reflect.InvocationHandler#invoke(java.lang.Object, java.lang.reflect.Method, java.lang.Object[])#2&quot; }"/>
        </annotation>
    </item>
    <item name='net.bytebuddy.description.annotation.AnnotationDescription.AnnotationInvocationHandler java.lang.String toStringRepresentation()'>
        <annotation name='com.intellij.inspections.tainted.annotation.equation.Equations'>
            <val val="{ &quot;toStringRepresentation := &quot; }"/>
        </annotation>
    </item>
    <item name='net.bytebuddy.description.annotation.AnnotationDescription.AnnotationInvocationHandler net.bytebuddy.description.annotation.AnnotationValue&lt;?,?&gt; defaultValueOf(java.lang.reflect.Method)'>
        <annotation name='com.intellij.inspections.tainted.annotation.equation.Equations'>
            <val val="{ &quot;defaultValueOf := &quot; }"/>
        </annotation>
    </item>
    <item name='net.bytebuddy.description.annotation.AnnotationDescription.AnnotationInvocationHandler.MissingValue'>
        <annotation name='com.intellij.inspections.tainted.annotation.equation.Equations'>
            <val val="{ &quot;MissingValue := #MissingValue(java.lang.Class, java.lang.String)#0 &amp; #MissingValue(java.lang.Class, java.lang.String)#1&quot; }"/>
        </annotation>
    </item>
    <item name='net.bytebuddy.description.annotation.AnnotationDescription.AnnotationInvocationHandler.MissingValue MissingValue(java.lang.Class&lt;? extends java.lang.annotation.Annotation&gt;, java.lang.String)'>
        <annotation name='com.intellij.inspections.tainted.annotation.equation.Equations'>
            <val val="{ &quot;annotationType := &quot;, &quot;MissingValue := AnnotationDescription.AnnotationInvocationHandler.MissingValue&quot;, &quot;property := &quot; }"/>
        </annotation>
    </item>
    <item name='net.bytebuddy.description.annotation.AnnotationDescription.AnnotationInvocationHandler.MissingValue boolean represents(java.lang.Object)'>
        <annotation name='com.intellij.inspections.tainted.annotation.equation.Equations'>
            <val val="{ &quot;value := AnnotationValue.Loaded#represents(java.lang.Object)#0&quot; }"/>
        </annotation>
    </item>
    <item name='net.bytebuddy.description.annotation.AnnotationDescription.AnnotationInvocationHandler.MissingValue net.bytebuddy.description.annotation.AnnotationValue&lt;?,?&gt; of(java.lang.reflect.Method)'>
        <annotation name='com.intellij.inspections.tainted.annotation.equation.Equations'>
            <val val="{ &quot;of := &quot;, &quot;method := AnnotationDescription.AnnotationInvocationHandler#defaultValueOf(java.lang.reflect.Method)#0&quot; }"/>
        </annotation>
    </item>
    <item name='net.bytebuddy.description.annotation.AnnotationDescription.AnnotationInvocationHandler.MissingValue net.bytebuddy.description.annotation.AnnotationValue.Loaded&lt;java.lang.Void&gt; load(java.lang.ClassLoader)'>
        <annotation name='com.intellij.inspections.tainted.annotation.equation.Equations'>
            <val val="{ &quot;classLoader := AnnotationValue#load(java.lang.ClassLoader)#0&quot;, &quot;load := AnnotationDescription.AnnotationInvocationHandler.MissingValue&quot; }"/>
        </annotation>
    </item>
    <item name='net.bytebuddy.description.annotation.AnnotationDescription.AnnotationInvocationHandler.MissingValue net.bytebuddy.description.annotation.AnnotationValue.Loaded&lt;java.lang.Void&gt; loadSilent(java.lang.ClassLoader)'>
        <annotation name='com.intellij.inspections.tainted.annotation.equation.Equations'>
            <val val="{ &quot;classLoader := AnnotationValue#loadSilent(java.lang.ClassLoader)#0&quot;, &quot;loadSilent := AnnotationDescription.AnnotationInvocationHandler.MissingValue&quot; }"/>
        </annotation>
    </item>
    <item name='net.bytebuddy.description.annotation.AnnotationDescription.AnnotationInvocationHandler.MissingValue net.bytebuddy.description.annotation.AnnotationValue.Loaded.State getState()'>
        <annotation name='com.intellij.inspections.tainted.annotation.equation.Equations'>
            <val val="{ &quot;getState := AnnotationValue.Loaded.State#UNDEFINED&quot; }"/>
        </annotation>
    </item>
    <item name='net.bytebuddy.description.annotation.AnnotationDescription.ForLoadedAnnotation'>
        <annotation name='com.intellij.inspections.tainted.annotation.equation.Equations'>
            <val val="{ &quot;ForLoadedAnnotation := #ForLoadedAnnotation(java.lang.annotation.Annotation, java.lang.Class)#0 &amp; #ForLoadedAnnotation(java.lang.annotation.Annotation, java.lang.Class)#1&quot; }"/>
        </annotation>
    </item>
    <item name='net.bytebuddy.description.annotation.AnnotationDescription.ForLoadedAnnotation ForLoadedAnnotation(S)'>
        <annotation name='com.intellij.inspections.tainted.annotation.equation.Equations'>
            <val val="{ &quot;ForLoadedAnnotation := AnnotationDescription.ForLoadedAnnotation&quot;, &quot;annotation := #of(java.lang.annotation.Annotation)#0&quot; }"/>
        </annotation>
    </item>
    <item name='net.bytebuddy.description.annotation.AnnotationDescription.ForLoadedAnnotation ForLoadedAnnotation(S, java.lang.Class&lt;S&gt;)'>
        <annotation name='com.intellij.inspections.tainted.annotation.equation.Equations'>
            <val val="{ &quot;annotationType := #prepare(java.lang.Class)#0&quot;, &quot;ForLoadedAnnotation := AnnotationDescription.ForLoadedAnnotation&quot;, &quot;annotation := #ForLoadedAnnotation(java.lang.annotation.Annotation)#0 &amp; AnnotationDescription.ForLoadedAnnotation&quot; }"/>
        </annotation>
    </item>
    <item name='net.bytebuddy.description.annotation.AnnotationDescription.ForLoadedAnnotation S load()'>
        <annotation name='com.intellij.inspections.tainted.annotation.equation.Equations'>
            <val val="{ &quot;load := AnnotationDescription.ForLoadedAnnotation&quot; }"/>
        </annotation>
    </item>
    <item name='net.bytebuddy.description.annotation.AnnotationDescription.ForLoadedAnnotation java.util.Map&lt;java.lang.String,net.bytebuddy.description.annotation.AnnotationValue&lt;?,?&gt;&gt; asValue(java.lang.annotation.Annotation)'>
        <annotation name='com.intellij.inspections.tainted.annotation.equation.Equations'>
            <val val="{ &quot;annotation := #asValue(java.lang.Object, java.lang.Class)#0 &amp; AnnotationDescription.ForLoadedAnnotation&quot;, &quot;asValue := &quot; }"/>
        </annotation>
    </item>
    <item name='net.bytebuddy.description.annotation.AnnotationDescription.ForLoadedAnnotation net.bytebuddy.description.annotation.AnnotationDescription.Loadable&lt;T&gt; prepare(java.lang.Class&lt;T&gt;)'>
        <annotation name='com.intellij.inspections.tainted.annotation.equation.Equations'>
            <val val="{ &quot;annotationType := AnnotationDescription#prepare(java.lang.Class)#0&quot;, &quot;prepare := AnnotationDescription.ForLoadedAnnotation&quot; }"/>
        </annotation>
    </item>
    <item name='net.bytebuddy.description.annotation.AnnotationDescription.ForLoadedAnnotation net.bytebuddy.description.annotation.AnnotationDescription.Loadable&lt;U&gt; of(U)'>
        <annotation name='com.intellij.inspections.tainted.annotation.equation.Equations'>
            <val val="{ &quot;annotation := &quot;, &quot;of := &quot; }"/>
        </annotation>
    </item>
    <item name='net.bytebuddy.description.annotation.AnnotationDescription.ForLoadedAnnotation net.bytebuddy.description.annotation.AnnotationValue&lt;?,?&gt; asValue(java.lang.Object, java.lang.Class&lt;?&gt;)'>
        <annotation name='com.intellij.inspections.tainted.annotation.equation.Equations'>
            <val val="{ &quot;value := &quot;, &quot;type := &quot;, &quot;asValue := &quot; }"/>
        </annotation>
    </item>
    <item name='net.bytebuddy.description.annotation.AnnotationDescription.ForLoadedAnnotation net.bytebuddy.description.annotation.AnnotationValue&lt;?,?&gt; getValue(net.bytebuddy.description.method.MethodDescription.InDefinedShape)'>
        <annotation name='com.intellij.inspections.tainted.annotation.equation.Equations'>
            <val val="{ &quot;property := AnnotationDescription#getValue(net.bytebuddy.description.method.MethodDescription.InDefinedShape)#0&quot;, &quot;getValue := &quot; }"/>
        </annotation>
    </item>
    <item name='net.bytebuddy.description.annotation.AnnotationDescription.ForLoadedAnnotation net.bytebuddy.description.type.TypeDescription getAnnotationType()'>
        <annotation name='com.intellij.inspections.tainted.annotation.equation.Equations'>
            <val val="{ &quot;getAnnotationType := &quot; }"/>
        </annotation>
    </item>
    <item name='net.bytebuddy.description.annotation.AnnotationDescription.Latent'>
        <annotation name='com.intellij.inspections.tainted.annotation.equation.Equations'>
            <val val="{ &quot;Latent := #Latent(net.bytebuddy.description.type.TypeDescription, java.util.Map)#0 &amp; #Latent(net.bytebuddy.description.type.TypeDescription, java.util.Map)#1&quot; }"/>
        </annotation>
    </item>
    <item name='net.bytebuddy.description.annotation.AnnotationDescription.Latent Latent(net.bytebuddy.description.type.TypeDescription, java.util.Map&lt;java.lang.String,? extends net.bytebuddy.description.annotation.AnnotationValue&lt;?,?&gt;&gt;)'>
        <annotation name='com.intellij.inspections.tainted.annotation.equation.Equations'>
            <val val="{ &quot;annotationValues := AnnotationValue.ForAnnotationDescription#of(net.bytebuddy.description.type.TypeDescription, java.util.Map)#1&quot;, &quot;Latent := AnnotationDescription.Latent&quot;, &quot;annotationType := AnnotationValue.ForAnnotationDescription#of(net.bytebuddy.description.type.TypeDescription, java.util.Map)#0&quot; }"/>
        </annotation>
    </item>
    <item name='net.bytebuddy.description.annotation.AnnotationDescription.Latent net.bytebuddy.description.annotation.AnnotationDescription.Latent.Loadable&lt;T&gt; prepare(java.lang.Class&lt;T&gt;)'>
        <annotation name='com.intellij.inspections.tainted.annotation.equation.Equations'>
            <val val="{ &quot;annotationType := AnnotationDescription#prepare(java.lang.Class)#0 &amp; AnnotationDescription.Latent.Loadable#prepare(java.lang.Class)#0&quot;, &quot;prepare := &quot; }"/>
        </annotation>
    </item>
    <item name='net.bytebuddy.description.annotation.AnnotationDescription.Latent net.bytebuddy.description.annotation.AnnotationValue&lt;?,?&gt; getValue(net.bytebuddy.description.method.MethodDescription.InDefinedShape)'>
        <annotation name='com.intellij.inspections.tainted.annotation.equation.Equations'>
            <val val="{ &quot;property := AnnotationDescription#getValue(net.bytebuddy.description.method.MethodDescription.InDefinedShape)#0 &amp; AnnotationDescription.Latent.Loadable#getValue(net.bytebuddy.description.method.MethodDescription.InDefinedShape)#0&quot;, &quot;getValue := &quot; }"/>
        </annotation>
    </item>
    <item name='net.bytebuddy.description.annotation.AnnotationDescription.Latent net.bytebuddy.description.type.TypeDescription getAnnotationType()'>
        <annotation name='com.intellij.inspections.tainted.annotation.equation.Equations'>
            <val val="{ &quot;getAnnotationType := AnnotationDescription.Latent&quot; }"/>
        </annotation>
    </item>
    <item name='net.bytebuddy.description.annotation.AnnotationDescription.Latent.Loadable'>
        <annotation name='com.intellij.inspections.tainted.annotation.equation.Equations'>
            <val val="{ &quot;Loadable := #Loadable(java.lang.Class)#0&quot; }"/>
        </annotation>
    </item>
    <item name='net.bytebuddy.description.annotation.AnnotationDescription.Latent.Loadable Loadable(java.lang.Class&lt;S&gt;)'>
        <annotation name='com.intellij.inspections.tainted.annotation.equation.Equations'>
            <val val="{ &quot;Loadable := AnnotationDescription.Latent.Loadable&quot;, &quot;annotationType := AnnotationDescription.Latent#prepare(java.lang.Class)#0&quot; }"/>
        </annotation>
    </item>
    <item name='net.bytebuddy.description.annotation.AnnotationDescription.Latent.Loadable S load()'>
        <annotation name='com.intellij.inspections.tainted.annotation.equation.Equations'>
            <val val="{ &quot;load := &quot; }"/>
        </annotation>
    </item>
    <item name='net.bytebuddy.description.annotation.AnnotationDescription.Latent.Loadable net.bytebuddy.description.annotation.AnnotationDescription.Loadable&lt;T&gt; prepare(java.lang.Class&lt;T&gt;)'>
        <annotation name='com.intellij.inspections.tainted.annotation.equation.Equations'>
            <val val="{ &quot;annotationType := AnnotationDescription#prepare(java.lang.Class)#0&quot;, &quot;prepare := &quot; }"/>
        </annotation>
    </item>
    <item name='net.bytebuddy.description.annotation.AnnotationDescription.Latent.Loadable net.bytebuddy.description.annotation.AnnotationValue&lt;?,?&gt; getValue(net.bytebuddy.description.method.MethodDescription.InDefinedShape)'>
        <annotation name='com.intellij.inspections.tainted.annotation.equation.Equations'>
            <val val="{ &quot;getValue := &quot;, &quot;property := AnnotationDescription#getValue(net.bytebuddy.description.method.MethodDescription.InDefinedShape)#0&quot; }"/>
        </annotation>
    </item>
    <item name='net.bytebuddy.description.annotation.AnnotationDescription.Latent.Loadable net.bytebuddy.description.type.TypeDescription getAnnotationType()'>
        <annotation name='com.intellij.inspections.tainted.annotation.equation.Equations'>
            <val val="{ &quot;getAnnotationType := &quot; }"/>
        </annotation>
    </item>
    <item name='net.bytebuddy.description.annotation.AnnotationDescription.Loadable S load()'>
        <annotation name='com.intellij.inspections.tainted.annotation.equation.Equations'>
            <val val="{ &quot;load := AnnotationDescription.Latent.Loadable#load() &amp; net.bytebuddy.pool.TypePool.Default.LazyTypeDescription.LazyAnnotationDescription.Loadable#load() &amp; AnnotationDescription.ForLoadedAnnotation#load()&quot; }"/>
        </annotation>
    </item>
    <item name='net.bytebuddy.description.annotation.AnnotationDescription.Loadable S loadSilent()'>
        <annotation name='com.intellij.inspections.tainted.annotation.equation.Equations'>
            <val val="{ &quot;loadSilent := net.bytebuddy.pool.TypePool.Default.LazyTypeDescription.LazyAnnotationDescription.Loadable#loadSilent()&quot; }"/>
        </annotation>
    </item>
    <item name='net.bytebuddy.description.annotation.AnnotationList boolean isAnnotationPresent(java.lang.Class&lt;? extends java.lang.annotation.Annotation&gt;)'>
        <annotation name='com.intellij.inspections.tainted.annotation.equation.Equations'>
            <val val="{ &quot;annotationType := org.hibernate.bytecode.enhance.internal.bytebuddy.UnloadedTypeDescription#hasAnnotation(java.lang.Class)#0 &amp; org.hibernate.bytecode.enhance.internal.bytebuddy.EnhancerImpl.AnnotatedFieldDescription#hasAnnotation(java.lang.Class)#0&quot; }"/>
        </annotation>
    </item>
    <item name='net.bytebuddy.description.annotation.AnnotationList net.bytebuddy.description.annotation.AnnotationDescription.Loadable&lt;T&gt; ofType(java.lang.Class&lt;T&gt;)'>
        <annotation name='com.intellij.inspections.tainted.annotation.equation.Equations'>
            <val val="{ &quot;annotationType := org.hibernate.bytecode.enhance.internal.bytebuddy.EnhancerImpl.AnnotatedFieldDescription#getAnnotation(java.lang.Class)#0 &amp; net.bytebuddy.asm.Advice#locate(java.lang.Class, net.bytebuddy.description.method.MethodDescription.InDefinedShape, net.bytebuddy.asm.Advice.Dispatcher.Unresolved, net.bytebuddy.description.method.MethodDescription.InDefinedShape)#0&quot; }"/>
        </annotation>
    </item>
    <item name='net.bytebuddy.description.annotation.AnnotationList net.bytebuddy.description.annotation.AnnotationList inherited(java.util.Set&lt;? extends net.bytebuddy.description.type.TypeDescription&gt;)'>
        <annotation name='com.intellij.inspections.tainted.annotation.equation.Equations'>
            <val val="{ &quot;ignoredTypes := &quot; }"/>
        </annotation>
    </item>
    <item name='net.bytebuddy.description.annotation.AnnotationList.Explicit'>
        <annotation name='com.intellij.inspections.tainted.annotation.equation.Equations'>
            <val val="{ &quot;Explicit := #Explicit(java.util.List)#0&quot; }"/>
        </annotation>
    </item>
    <item name='net.bytebuddy.description.annotation.AnnotationList.Explicit Explicit(java.util.List&lt;? extends net.bytebuddy.description.annotation.AnnotationDescription&gt;)'>
        <annotation name='com.intellij.inspections.tainted.annotation.equation.Equations'>
            <val val="{ &quot;annotationDescriptions := net.bytebuddy.description.type.TypeVariableToken &amp; net.bytebuddy.description.field.FieldDescription.Token &amp; net.bytebuddy.description.method.MethodDescription.Token &amp; net.bytebuddy.description.method.ParameterDescription.Token &amp; net.bytebuddy.description.method.ParameterDescription.Latent&quot;, &quot;Explicit := AnnotationList.Explicit&quot; }"/>
        </annotation>
    </item>
    <item name='net.bytebuddy.description.annotation.AnnotationList.Explicit Explicit(net.bytebuddy.description.annotation.AnnotationDescription...)'>
        <annotation name='com.intellij.inspections.tainted.annotation.equation.Equations'>
            <val val="{ &quot;Explicit := AnnotationList.Explicit&quot; }"/>
        </annotation>
    </item>
    <item name='net.bytebuddy.description.annotation.AnnotationList.Explicit int size()'>
        <annotation name='com.intellij.inspections.tainted.annotation.equation.Equations'>
            <val val="{ &quot;size := &quot; }"/>
        </annotation>
    </item>
    <item name='net.bytebuddy.description.annotation.AnnotationList.Explicit java.util.List&lt;net.bytebuddy.description.annotation.AnnotationList&gt; asList(java.util.List&lt;? extends java.util.List&lt;? extends net.bytebuddy.description.annotation.AnnotationDescription&gt;&gt;)'>
        <annotation name='com.intellij.inspections.tainted.annotation.equation.Equations'>
            <val val="{ &quot;asList := &quot; }"/>
        </annotation>
    </item>
    <item name='net.bytebuddy.description.annotation.AnnotationList.Explicit net.bytebuddy.description.annotation.AnnotationDescription get(int)'>
        <annotation name='com.intellij.inspections.tainted.annotation.equation.Equations'>
            <val val="{ &quot;get := &quot;, &quot;index := java.util.AbstractList#get(int)#0&quot; }"/>
        </annotation>
    </item>
    <item name='net.bytebuddy.description.annotation.AnnotationList.ForLoadedAnnotations'>
        <annotation name='com.intellij.inspections.tainted.annotation.equation.Equations'>
            <val val="{ &quot;ForLoadedAnnotations := #ForLoadedAnnotations(java.util.List)#0&quot; }"/>
        </annotation>
    </item>
    <item name='net.bytebuddy.description.annotation.AnnotationList.ForLoadedAnnotations ForLoadedAnnotations(java.lang.annotation.Annotation...)'>
        <annotation name='com.intellij.inspections.tainted.annotation.equation.Equations'>
            <val val="{ &quot;annotation := &quot;, &quot;ForLoadedAnnotations := AnnotationList.ForLoadedAnnotations&quot; }"/>
        </annotation>
    </item>
    <item name='net.bytebuddy.description.annotation.AnnotationList.ForLoadedAnnotations ForLoadedAnnotations(java.util.List&lt;? extends java.lang.annotation.Annotation&gt;)'>
        <annotation name='com.intellij.inspections.tainted.annotation.equation.Equations'>
            <val val="{ &quot;annotations := &quot;, &quot;ForLoadedAnnotations := AnnotationList.ForLoadedAnnotations&quot; }"/>
        </annotation>
    </item>
    <item name='net.bytebuddy.description.annotation.AnnotationList.ForLoadedAnnotations int size()'>
        <annotation name='com.intellij.inspections.tainted.annotation.equation.Equations'>
            <val val="{ &quot;size := &quot; }"/>
        </annotation>
    </item>
    <item name='net.bytebuddy.description.annotation.AnnotationList.ForLoadedAnnotations java.util.List&lt;net.bytebuddy.description.annotation.AnnotationList&gt; asList(java.lang.annotation.Annotation[][])'>
        <annotation name='com.intellij.inspections.tainted.annotation.equation.Equations'>
            <val val="{ &quot;asList := &quot; }"/>
        </annotation>
    </item>
    <item name='net.bytebuddy.description.annotation.AnnotationList.ForLoadedAnnotations net.bytebuddy.description.annotation.AnnotationDescription get(int)'>
        <annotation name='com.intellij.inspections.tainted.annotation.equation.Equations'>
            <val val="{ &quot;get := &quot;, &quot;index := java.util.AbstractList#get(int)#0&quot; }"/>
        </annotation>
    </item>
    <item name='net.bytebuddy.description.annotation.AnnotationSource net.bytebuddy.description.annotation.AnnotationList getDeclaredAnnotations()'>
        <annotation name='com.intellij.inspections.tainted.annotation.equation.Equations'>
            <val val="{ &quot;getDeclaredAnnotations := net.bytebuddy.description.field.FieldDescription.ForLoadedField#getDeclaredAnnotations() &amp; net.bytebuddy.description.type.TypeDescription.ForLoadedType#getDeclaredAnnotations() &amp; net.bytebuddy.description.type.TypeDescription.Generic.OfNonGenericType.ForLoadedType#getDeclaredAnnotations() &amp; net.bytebuddy.description.type.TypeDescription.Generic.OfGenericArray.ForLoadedType#getDeclaredAnnotations() &amp; net.bytebuddy.description.type.TypeDescription.Generic.OfParameterizedType.ForLoadedType#getDeclaredAnnotations() &amp; net.bytebuddy.description.type.TypeDescription.Generic.OfWildcardType.ForLoadedType#getDeclaredAnnotations() &amp; net.bytebuddy.description.type.TypeDescription.Generic.OfTypeVariable.ForLoadedType#getDeclaredAnnotations() &amp; net.bytebuddy.description.type.TypeDescription.Generic.Visitor.Substitutor.ForTypeVariableBinding.RetainedMethodTypeVariable#getDeclaredAnnotations() &amp; net.bytebuddy.description.type.TypeDescription.Generic.OfParameterizedType.Latent#getDeclaredAnnotations() &amp; net.bytebuddy.description.type.TypeList.Generic.ForDetachedTypes.OfTypeVariables.AttachedTypeVariable#getDeclaredAnnotations() &amp; net.bytebuddy.description.type.TypeDescription.Generic.OfParameterizedType.ForReifiedType#getDeclaredAnnotations() &amp; net.bytebuddy.description.type.TypeDescription.Generic.OfParameterizedType.ForGenerifiedErasure#getDeclaredAnnotations() &amp; net.bytebuddy.description.method.MethodDescription.ForLoadedMethod#getDeclaredAnnotations() &amp; net.bytebuddy.description.method.MethodDescription.ForLoadedConstructor#getDeclaredAnnotations() &amp; net.bytebuddy.description.type.PackageDescription.ForLoadedPackage#getDeclaredAnnotations() &amp; net.bytebuddy.description.type.TypeDescription.ForPackageDescription#getDeclaredAnnotations() &amp; net.bytebuddy.description.type.TypeDescription.Generic.OfWildcardType.Latent#getDeclaredAnnotations() &amp; net.bytebuddy.description.type.TypeDescription.Generic.LazyProjection.WithResolvedErasure#getDeclaredAnnotations() &amp; net.bytebuddy.description.type.TypeDescription.Generic.OfNonGenericType.ForErasure#getDeclaredAnnotations() &amp; net.bytebuddy.description.type.PackageDescription.Simple#getDeclaredAnnotations() &amp; net.bytebuddy.description.type.TypeDescription.AbstractBase.OfSimpleType.WithDelegation#getDeclaredAnnotations() &amp; net.bytebuddy.description.field.FieldDescription.TypeSubstituting#getDeclaredAnnotations() &amp; net.bytebuddy.description.method.MethodDescription.TypeSubstituting#getDeclaredAnnotations() &amp; net.bytebuddy.description.type.TypeDescription.ArrayProjection#getDeclaredAnnotations() &amp; net.bytebuddy.description.type.TypeDescription.Generic.OfTypeVariable.WithAnnotationOverlay#getDeclaredAnnotations() &amp; net.bytebuddy.description.type.TypeDescription.Generic.OfNonGenericType.Latent#getDeclaredAnnotations() &amp; net.bytebuddy.description.type.TypeDescription.Generic.OfTypeVariable.Symbolic#getDeclaredAnnotations() &amp; net.bytebuddy.description.type.TypeDescription.Latent#getDeclaredAnnotations() &amp; net.bytebuddy.pool.TypePool.Default.LazyTypeDescription#getDeclaredAnnotations() &amp; net.bytebuddy.pool.TypePool.Default.LazyTypeDescription.GenericTypeToken.ForPrimitiveType.LazyPrimitiveType#getDeclaredAnnotations() &amp; net.bytebuddy.pool.TypePool.Default.LazyTypeDescription.GenericTypeToken.ForUnboundWildcard.LazyUnboundWildcard#getDeclaredAnnotations() &amp; net.bytebuddy.pool.TypePool.Default.LazyTypeDescription.GenericTypeToken.Resolution.Raw.RawAnnotatedType#getDeclaredAnnotations() &amp; net.bytebuddy.pool.TypePool.Default.LazyTypeDescription.GenericTypeToken.ForGenericArray.LazyGenericArray#getDeclaredAnnotations() &amp; net.bytebuddy.pool.TypePool.Default.LazyTypeDescription.GenericTypeToken.ForTypeVariable.Formal.LazyTypeVariable#getDeclaredAnnotations() &amp; net.bytebuddy.pool.TypePool.Default.LazyTypeDescription.GenericTypeToken.ForTypeVariable.AnnotatedTypeVariable#getDeclaredAnnotations() &amp; net.bytebuddy.pool.TypePool.Default.LazyTypeDescription.GenericTypeToken.ForTypeVariable.UnresolvedTypeVariable#getDeclaredAnnotations() &amp; net.bytebuddy.pool.TypePool.Default.LazyTypeDescription.GenericTypeToken.ForParameterizedType.Nested.LazyParameterizedType#getDeclaredAnnotations() &amp; net.bytebuddy.pool.TypePool.Default.LazyTypeDescription.GenericTypeToken.ForLowerBoundWildcard.LazyLowerBoundWildcard#getDeclaredAnnotations() &amp; net.bytebuddy.pool.TypePool.Default.LazyTypeDescription.GenericTypeToken.ForUpperBoundWildcard.LazyUpperBoundWildcard#getDeclaredAnnotations() &amp; net.bytebuddy.pool.TypePool.Default.LazyTypeDescription.GenericTypeToken.ForParameterizedType.LazyParameterizedType#getDeclaredAnnotations() &amp; net.bytebuddy.pool.TypePool.Default.LazyTypeDescription.LazyPackageDescription#getDeclaredAnnotations() &amp; net.bytebuddy.pool.TypePool.Default.LazyTypeDescription.TokenizedGenericType#getDeclaredAnnotations() &amp; net.bytebuddy.pool.TypePool.Default.LazyTypeDescription.TokenizedGenericType.Malformed#getDeclaredAnnotations() &amp; net.bytebuddy.pool.TypePool.Default.LazyTypeDescription.LazyFieldDescription#getDeclaredAnnotations() &amp; net.bytebuddy.pool.TypePool.Default.LazyTypeDescription.LazyMethodDescription#getDeclaredAnnotations() &amp; net.bytebuddy.pool.TypePool.Default.LazyTypeDescription.LazyMethodDescription.LazyParameterDescription#getDeclaredAnnotations() &amp; net.bytebuddy.pool.TypePool.Default.LazyTypeDescription.LazyMethodDescription.LazyParameterizedReceiverType#getDeclaredAnnotations() &amp; net.bytebuddy.pool.TypePool.Default.LazyTypeDescription.LazyMethodDescription.LazyParameterizedReceiverType.TypeArgumentList.AnnotatedTypeVariable#getDeclaredAnnotations() &amp; net.bytebuddy.pool.TypePool.Default.LazyTypeDescription.LazyMethodDescription.LazyNonGenericReceiverType#getDeclaredAnnotations() &amp; net.bytebuddy.dynamic.scaffold.TypeWriter.MethodPool.Record.AccessBridgeWrapper.AccessorBridge#getDeclaredAnnotations() &amp; net.bytebuddy.dynamic.scaffold.TypeWriter.MethodPool.Record.AccessBridgeWrapper.BridgeTarget#getDeclaredAnnotations() &amp; net.bytebuddy.description.method.ParameterDescription.Latent#getDeclaredAnnotations() &amp; net.bytebuddy.description.method.ParameterDescription.TypeSubstituting#getDeclaredAnnotations()&quot; }"/>
        </annotation>
    </item>
    <item name='net.bytebuddy.description.annotation.AnnotationValue T resolve()'>
        <annotation name='com.intellij.inspections.tainted.annotation.equation.Equations'>
            <val val="{ &quot;resolve := AnnotationValue.ForDescriptionArray#resolve() &amp; AnnotationValue.ForAnnotationDescription#resolve() &amp; AnnotationValue.ForTypeDescription#resolve() &amp; net.bytebuddy.pool.TypePool.AbstractBase.RawAnnotationValue#resolve() &amp; net.bytebuddy.pool.TypePool.AbstractBase.RawEnumerationValue#resolve() &amp; net.bytebuddy.pool.TypePool.AbstractBase.RawTypeValue#resolve() &amp; net.bytebuddy.pool.TypePool.AbstractBase.RawDescriptionArray#resolve() &amp; AnnotationDescription.AnnotationInvocationHandler.MissingValue#resolve() &amp; AnnotationValue.ForEnumerationDescription#resolve() &amp; AnnotationValue.ForConstant#resolve()&quot; }"/>
        </annotation>
    </item>
    <item name='net.bytebuddy.description.annotation.AnnotationValue net.bytebuddy.description.annotation.AnnotationValue.Loaded&lt;S&gt; load(java.lang.ClassLoader)'>
        <annotation name='com.intellij.inspections.tainted.annotation.equation.Equations'>
            <val val="{ &quot;load := AnnotationValue.ForDescriptionArray#load(java.lang.ClassLoader) &amp; AnnotationValue.ForAnnotationDescription#load(java.lang.ClassLoader) &amp; AnnotationValue.ForTypeDescription#load(java.lang.ClassLoader) &amp; net.bytebuddy.pool.TypePool.AbstractBase.RawAnnotationValue#load(java.lang.ClassLoader) &amp; net.bytebuddy.pool.TypePool.AbstractBase.RawEnumerationValue#load(java.lang.ClassLoader) &amp; net.bytebuddy.pool.TypePool.AbstractBase.RawTypeValue#load(java.lang.ClassLoader) &amp; net.bytebuddy.pool.TypePool.AbstractBase.RawDescriptionArray#load(java.lang.ClassLoader) &amp; AnnotationDescription.AnnotationInvocationHandler.MissingValue#load(java.lang.ClassLoader) &amp; AnnotationValue.ForEnumerationDescription#load(java.lang.ClassLoader) &amp; AnnotationValue.ForConstant#load(java.lang.ClassLoader)&quot; }"/>
        </annotation>
    </item>
    <item name='net.bytebuddy.description.annotation.AnnotationValue net.bytebuddy.description.annotation.AnnotationValue.Loaded&lt;S&gt; loadSilent(java.lang.ClassLoader)'>
        <annotation name='com.intellij.inspections.tainted.annotation.equation.Equations'>
            <val val="{ &quot;loadSilent := AnnotationDescription.AnnotationInvocationHandler.MissingValue#loadSilent(java.lang.ClassLoader)&quot; }"/>
        </annotation>
    </item>
    <item name='net.bytebuddy.description.annotation.AnnotationValue.ForAnnotationDescription'>
        <annotation name='com.intellij.inspections.tainted.annotation.equation.Equations'>
            <val val="{ &quot;ForAnnotationDescription := #ForAnnotationDescription(net.bytebuddy.description.annotation.AnnotationDescription)#0&quot; }"/>
        </annotation>
    </item>
    <item name='net.bytebuddy.description.annotation.AnnotationValue.ForAnnotationDescription ForAnnotationDescription(net.bytebuddy.description.annotation.AnnotationDescription)'>
        <annotation name='com.intellij.inspections.tainted.annotation.equation.Equations'>
            <val val="{ &quot;annotationDescription := &quot;, &quot;ForAnnotationDescription := AnnotationValue.ForAnnotationDescription&quot; }"/>
        </annotation>
    </item>
    <item name='net.bytebuddy.description.annotation.AnnotationValue.ForAnnotationDescription boolean equals(java.lang.Object)'>
        <annotation name='com.intellij.inspections.tainted.annotation.equation.Equations'>
            <val val="{ &quot;equals := AnnotationValue.ForAnnotationDescription &amp; other&quot;, &quot;other := java.lang.Object#equals(java.lang.Object)#0&quot; }"/>
        </annotation>
    </item>
    <item name='net.bytebuddy.description.annotation.AnnotationValue.ForAnnotationDescription int hashCode()'>
        <annotation name='com.intellij.inspections.tainted.annotation.equation.Equations'>
            <val val="{ &quot;hashCode := &quot; }"/>
        </annotation>
    </item>
    <item name='net.bytebuddy.description.annotation.AnnotationValue.ForAnnotationDescription java.lang.String toString()'>
        <annotation name='com.intellij.inspections.tainted.annotation.equation.Equations'>
            <val val="{ &quot;toString := &quot; }"/>
        </annotation>
    </item>
    <item name='net.bytebuddy.description.annotation.AnnotationValue.ForAnnotationDescription net.bytebuddy.description.annotation.AnnotationDescription resolve()'>
        <annotation name='com.intellij.inspections.tainted.annotation.equation.Equations'>
            <val val="{ &quot;resolve := AnnotationValue.ForAnnotationDescription&quot; }"/>
        </annotation>
    </item>
    <item name='net.bytebuddy.description.annotation.AnnotationValue.ForAnnotationDescription net.bytebuddy.description.annotation.AnnotationValue&lt;net.bytebuddy.description.annotation.AnnotationDescription,V&gt; of(net.bytebuddy.description.type.TypeDescription, java.util.Map&lt;java.lang.String,? extends net.bytebuddy.description.annotation.AnnotationValue&lt;?,?&gt;&gt;)'>
        <annotation name='com.intellij.inspections.tainted.annotation.equation.Equations'>
            <val val="{ &quot;of := &quot;, &quot;annotationType := &quot;, &quot;annotationValues := &quot; }"/>
        </annotation>
    </item>
    <item name='net.bytebuddy.description.annotation.AnnotationValue.ForAnnotationDescription net.bytebuddy.description.annotation.AnnotationValue.Loaded&lt;U&gt; load(java.lang.ClassLoader)'>
        <annotation name='com.intellij.inspections.tainted.annotation.equation.Equations'>
            <val val="{ &quot;load := &quot;, &quot;classLoader := AnnotationValue#load(java.lang.ClassLoader)#0&quot; }"/>
        </annotation>
    </item>
    <item name='net.bytebuddy.description.annotation.AnnotationValue.ForAnnotationDescription.IncompatibleRuntimeType'>
        <annotation name='com.intellij.inspections.tainted.annotation.equation.Equations'>
            <val val="{ &quot;IncompatibleRuntimeType := #IncompatibleRuntimeType(java.lang.Class)#0&quot; }"/>
        </annotation>
    </item>
    <item name='net.bytebuddy.description.annotation.AnnotationValue.ForAnnotationDescription.IncompatibleRuntimeType IncompatibleRuntimeType(java.lang.Class&lt;?&gt;)'>
        <annotation name='com.intellij.inspections.tainted.annotation.equation.Equations'>
            <val val="{ &quot;IncompatibleRuntimeType := AnnotationValue.ForAnnotationDescription.IncompatibleRuntimeType&quot;, &quot;incompatibleType := &quot; }"/>
        </annotation>
    </item>
    <item name='net.bytebuddy.description.annotation.AnnotationValue.ForAnnotationDescription.IncompatibleRuntimeType boolean represents(java.lang.Object)'>
        <annotation name='com.intellij.inspections.tainted.annotation.equation.Equations'>
            <val val="{ &quot;value := AnnotationValue.Loaded#represents(java.lang.Object)#0&quot; }"/>
        </annotation>
    </item>
    <item name='net.bytebuddy.description.annotation.AnnotationValue.ForAnnotationDescription.IncompatibleRuntimeType net.bytebuddy.description.annotation.AnnotationValue.Loaded.State getState()'>
        <annotation name='com.intellij.inspections.tainted.annotation.equation.Equations'>
            <val val="{ &quot;getState := AnnotationValue.Loaded.State#UNRESOLVED&quot; }"/>
        </annotation>
    </item>
    <item name='net.bytebuddy.description.annotation.AnnotationValue.ForAnnotationDescription.Loaded'>
        <annotation name='com.intellij.inspections.tainted.annotation.equation.Equations'>
            <val val="{ &quot;Loaded := #Loaded(java.lang.annotation.Annotation)#0&quot; }"/>
        </annotation>
    </item>
    <item name='net.bytebuddy.description.annotation.AnnotationValue.ForAnnotationDescription.Loaded Loaded(V)'>
        <annotation name='com.intellij.inspections.tainted.annotation.equation.Equations'>
            <val val="{ &quot;annotation := &quot;, &quot;Loaded := AnnotationValue.ForAnnotationDescription.Loaded&quot; }"/>
        </annotation>
    </item>
    <item name='net.bytebuddy.description.annotation.AnnotationValue.ForAnnotationDescription.Loaded V resolve()'>
        <annotation name='com.intellij.inspections.tainted.annotation.equation.Equations'>
            <val val="{ &quot;resolve := AnnotationValue.ForAnnotationDescription.Loaded&quot; }"/>
        </annotation>
    </item>
    <item name='net.bytebuddy.description.annotation.AnnotationValue.ForAnnotationDescription.Loaded boolean equals(java.lang.Object)'>
        <annotation name='com.intellij.inspections.tainted.annotation.equation.Equations'>
            <val val="{ &quot;other := java.lang.Object#equals(java.lang.Object)#0&quot;, &quot;equals := &quot; }"/>
        </annotation>
    </item>
    <item name='net.bytebuddy.description.annotation.AnnotationValue.ForAnnotationDescription.Loaded boolean represents(java.lang.Object)'>
        <annotation name='com.intellij.inspections.tainted.annotation.equation.Equations'>
            <val val="{ &quot;value := AnnotationValue.Loaded#represents(java.lang.Object)#0&quot;, &quot;represents := &quot; }"/>
        </annotation>
    </item>
    <item name='net.bytebuddy.description.annotation.AnnotationValue.ForAnnotationDescription.Loaded int hashCode()'>
        <annotation name='com.intellij.inspections.tainted.annotation.equation.Equations'>
            <val val="{ &quot;hashCode := &quot; }"/>
        </annotation>
    </item>
    <item name='net.bytebuddy.description.annotation.AnnotationValue.ForAnnotationDescription.Loaded java.lang.String toString()'>
        <annotation name='com.intellij.inspections.tainted.annotation.equation.Equations'>
            <val val="{ &quot;toString := &quot; }"/>
        </annotation>
    </item>
    <item name='net.bytebuddy.description.annotation.AnnotationValue.ForAnnotationDescription.Loaded net.bytebuddy.description.annotation.AnnotationValue.Loaded.State getState()'>
        <annotation name='com.intellij.inspections.tainted.annotation.equation.Equations'>
            <val val="{ &quot;getState := AnnotationValue.Loaded.State#RESOLVED&quot; }"/>
        </annotation>
    </item>
    <item name='net.bytebuddy.description.annotation.AnnotationValue.ForConstant'>
        <annotation name='com.intellij.inspections.tainted.annotation.equation.Equations'>
            <val val="{ &quot;ForConstant := #ForConstant(java.lang.Object, net.bytebuddy.description.annotation.AnnotationValue.ForConstant.PropertyDelegate)#0 &amp; #ForConstant(java.lang.Object, net.bytebuddy.description.annotation.AnnotationValue.ForConstant.PropertyDelegate)#1&quot; }"/>
        </annotation>
    </item>
    <item name='net.bytebuddy.description.annotation.AnnotationValue.ForConstant ForConstant(U, net.bytebuddy.description.annotation.AnnotationValue.ForConstant.PropertyDelegate)'>
        <annotation name='com.intellij.inspections.tainted.annotation.equation.Equations'>
            <val val="{ &quot;value := #of(boolean)#0 &amp; #of(byte)#0 &amp; #of(char)#0 &amp; #of(short)#0 &amp; #of(int)#0 &amp; #of(float)#0 &amp; #of(double)#0 &amp; #of(java.lang.String)#0 &amp; #of(boolean...)#0 &amp; #of(byte...)#0 &amp; #of(short...)#0 &amp; #of(char...)#0 &amp; #of(int...)#0 &amp; #of(long...)#0 &amp; #of(float...)#0 &amp; #of(long)#0 &amp; #of(double...)#0 &amp; #of(java.lang.String...)#0&quot;, &quot;propertyDelegate := AnnotationValue.ForConstant.PropertyDelegate.ForNonArrayType#BOOLEAN &amp; AnnotationValue.ForConstant.PropertyDelegate.ForNonArrayType#BYTE &amp; AnnotationValue.ForConstant.PropertyDelegate.ForNonArrayType#CHARACTER &amp; AnnotationValue.ForConstant.PropertyDelegate.ForNonArrayType#SHORT &amp; AnnotationValue.ForConstant.PropertyDelegate.ForNonArrayType#INTEGER &amp; AnnotationValue.ForConstant.PropertyDelegate.ForNonArrayType#FLOAT &amp; AnnotationValue.ForConstant.PropertyDelegate.ForNonArrayType#DOUBLE &amp; AnnotationValue.ForConstant.PropertyDelegate.ForNonArrayType#STRING &amp; AnnotationValue.ForConstant.PropertyDelegate.ForArrayType#BOOLEAN &amp; AnnotationValue.ForConstant.PropertyDelegate.ForArrayType#BYTE &amp; AnnotationValue.ForConstant.PropertyDelegate.ForArrayType#SHORT &amp; AnnotationValue.ForConstant.PropertyDelegate.ForArrayType#CHARACTER &amp; AnnotationValue.ForConstant.PropertyDelegate.ForArrayType#INTEGER &amp; AnnotationValue.ForConstant.PropertyDelegate.ForArrayType#LONG &amp; AnnotationValue.ForConstant.PropertyDelegate.ForArrayType#FLOAT &amp; AnnotationValue.ForConstant.PropertyDelegate.ForNonArrayType#LONG &amp; AnnotationValue.ForConstant.PropertyDelegate.ForArrayType#DOUBLE &amp; AnnotationValue.ForConstant.PropertyDelegate.ForArrayType#STRING&quot;, &quot;ForConstant := AnnotationValue.ForConstant&quot; }"/>
        </annotation>
    </item>
    <item name='net.bytebuddy.description.annotation.AnnotationValue.ForConstant U resolve()'>
        <annotation name='com.intellij.inspections.tainted.annotation.equation.Equations'>
            <val val="{ &quot;resolve := AnnotationValue.ForConstant&quot; }"/>
        </annotation>
    </item>
    <item name='net.bytebuddy.description.annotation.AnnotationValue.ForConstant boolean equals(java.lang.Object)'>
        <annotation name='com.intellij.inspections.tainted.annotation.equation.Equations'>
            <val val="{ &quot;other := java.lang.Object#equals(java.lang.Object)#0&quot;, &quot;equals := AnnotationValue.ForConstant &amp; other&quot; }"/>
        </annotation>
    </item>
    <item name='net.bytebuddy.description.annotation.AnnotationValue.ForConstant int hashCode()'>
        <annotation name='com.intellij.inspections.tainted.annotation.equation.Equations'>
            <val val="{ &quot;hashCode := &quot; }"/>
        </annotation>
    </item>
    <item name='net.bytebuddy.description.annotation.AnnotationValue.ForConstant java.lang.String toString()'>
        <annotation name='com.intellij.inspections.tainted.annotation.equation.Equations'>
            <val val="{ &quot;toString := &quot; }"/>
        </annotation>
    </item>
    <item name='net.bytebuddy.description.annotation.AnnotationValue.ForConstant net.bytebuddy.description.annotation.AnnotationValue&lt;?,?&gt; of(java.lang.Object)'>
        <annotation name='com.intellij.inspections.tainted.annotation.equation.Equations'>
            <val val="{ &quot;value := AnnotationDescription.ForLoadedAnnotation#asValue(java.lang.Object, java.lang.Class)#0 &amp; net.bytebuddy.pool.TypePool.Default.TypeExtractor.AnnotationExtractor#visit(java.lang.String, java.lang.Object)#1&quot;, &quot;of := &quot; }"/>
        </annotation>
    </item>
    <item name='net.bytebuddy.description.annotation.AnnotationValue.ForConstant net.bytebuddy.description.annotation.AnnotationValue&lt;boolean[],boolean[]&gt; of(boolean...)'>
        <annotation name='com.intellij.inspections.tainted.annotation.equation.Equations'>
            <val val="{ &quot;value := #of(java.lang.Object)#0&quot;, &quot;of := &quot; }"/>
        </annotation>
    </item>
    <item name='net.bytebuddy.description.annotation.AnnotationValue.ForConstant net.bytebuddy.description.annotation.AnnotationValue&lt;byte[],byte[]&gt; of(byte...)'>
        <annotation name='com.intellij.inspections.tainted.annotation.equation.Equations'>
            <val val="{ &quot;value := #of(java.lang.Object)#0&quot;, &quot;of := &quot; }"/>
        </annotation>
    </item>
    <item name='net.bytebuddy.description.annotation.AnnotationValue.ForConstant net.bytebuddy.description.annotation.AnnotationValue&lt;char[],char[]&gt; of(char...)'>
        <annotation name='com.intellij.inspections.tainted.annotation.equation.Equations'>
            <val val="{ &quot;of := &quot;, &quot;value := #of(java.lang.Object)#0&quot; }"/>
        </annotation>
    </item>
    <item name='net.bytebuddy.description.annotation.AnnotationValue.ForConstant net.bytebuddy.description.annotation.AnnotationValue&lt;double[],double[]&gt; of(double...)'>
        <annotation name='com.intellij.inspections.tainted.annotation.equation.Equations'>
            <val val="{ &quot;of := &quot;, &quot;value := #of(java.lang.Object)#0&quot; }"/>
        </annotation>
    </item>
    <item name='net.bytebuddy.description.annotation.AnnotationValue.ForConstant net.bytebuddy.description.annotation.AnnotationValue&lt;float[],float[]&gt; of(float...)'>
        <annotation name='com.intellij.inspections.tainted.annotation.equation.Equations'>
            <val val="{ &quot;of := &quot;, &quot;value := #of(java.lang.Object)#0&quot; }"/>
        </annotation>
    </item>
    <item name='net.bytebuddy.description.annotation.AnnotationValue.ForConstant net.bytebuddy.description.annotation.AnnotationValue&lt;int[],int[]&gt; of(int...)'>
        <annotation name='com.intellij.inspections.tainted.annotation.equation.Equations'>
            <val val="{ &quot;of := &quot;, &quot;value := #of(java.lang.Object)#0&quot; }"/>
        </annotation>
    </item>
    <item name='net.bytebuddy.description.annotation.AnnotationValue.ForConstant net.bytebuddy.description.annotation.AnnotationValue&lt;java.lang.Boolean,java.lang.Boolean&gt; of(boolean)'>
        <annotation name='com.intellij.inspections.tainted.annotation.equation.Equations'>
            <val val="{ &quot;of := &quot;, &quot;value := &quot; }"/>
        </annotation>
    </item>
    <item name='net.bytebuddy.description.annotation.AnnotationValue.ForConstant net.bytebuddy.description.annotation.AnnotationValue&lt;java.lang.Byte,java.lang.Byte&gt; of(byte)'>
        <annotation name='com.intellij.inspections.tainted.annotation.equation.Equations'>
            <val val="{ &quot;value := &quot;, &quot;of := &quot; }"/>
        </annotation>
    </item>
    <item name='net.bytebuddy.description.annotation.AnnotationValue.ForConstant net.bytebuddy.description.annotation.AnnotationValue&lt;java.lang.Character,java.lang.Character&gt; of(char)'>
        <annotation name='com.intellij.inspections.tainted.annotation.equation.Equations'>
            <val val="{ &quot;value := &quot;, &quot;of := &quot; }"/>
        </annotation>
    </item>
    <item name='net.bytebuddy.description.annotation.AnnotationValue.ForConstant net.bytebuddy.description.annotation.AnnotationValue&lt;java.lang.Double,java.lang.Double&gt; of(double)'>
        <annotation name='com.intellij.inspections.tainted.annotation.equation.Equations'>
            <val val="{ &quot;value := &quot;, &quot;of := &quot; }"/>
        </annotation>
    </item>
    <item name='net.bytebuddy.description.annotation.AnnotationValue.ForConstant net.bytebuddy.description.annotation.AnnotationValue&lt;java.lang.Float,java.lang.Float&gt; of(float)'>
        <annotation name='com.intellij.inspections.tainted.annotation.equation.Equations'>
            <val val="{ &quot;of := &quot;, &quot;value := &quot; }"/>
        </annotation>
    </item>
    <item name='net.bytebuddy.description.annotation.AnnotationValue.ForConstant net.bytebuddy.description.annotation.AnnotationValue&lt;java.lang.Integer,java.lang.Integer&gt; of(int)'>
        <annotation name='com.intellij.inspections.tainted.annotation.equation.Equations'>
            <val val="{ &quot;of := &quot;, &quot;value := &quot; }"/>
        </annotation>
    </item>
    <item name='net.bytebuddy.description.annotation.AnnotationValue.ForConstant net.bytebuddy.description.annotation.AnnotationValue&lt;java.lang.Long,java.lang.Long&gt; of(long)'>
        <annotation name='com.intellij.inspections.tainted.annotation.equation.Equations'>
            <val val="{ &quot;of := &quot;, &quot;value := &quot; }"/>
        </annotation>
    </item>
    <item name='net.bytebuddy.description.annotation.AnnotationValue.ForConstant net.bytebuddy.description.annotation.AnnotationValue&lt;java.lang.Short,java.lang.Short&gt; of(short)'>
        <annotation name='com.intellij.inspections.tainted.annotation.equation.Equations'>
            <val val="{ &quot;of := &quot;, &quot;value := &quot; }"/>
        </annotation>
    </item>
    <item name='net.bytebuddy.description.annotation.AnnotationValue.ForConstant net.bytebuddy.description.annotation.AnnotationValue&lt;java.lang.String,java.lang.String&gt; of(java.lang.String)'>
        <annotation name='com.intellij.inspections.tainted.annotation.equation.Equations'>
            <val val="{ &quot;of := &quot;, &quot;value := #of(java.lang.Object)#0&quot; }"/>
        </annotation>
    </item>
    <item name='net.bytebuddy.description.annotation.AnnotationValue.ForConstant net.bytebuddy.description.annotation.AnnotationValue&lt;java.lang.String[],java.lang.String[]&gt; of(java.lang.String...)'>
        <annotation name='com.intellij.inspections.tainted.annotation.equation.Equations'>
            <val val="{ &quot;of := &quot;, &quot;value := #of(java.lang.Object)#0&quot; }"/>
        </annotation>
    </item>
    <item name='net.bytebuddy.description.annotation.AnnotationValue.ForConstant net.bytebuddy.description.annotation.AnnotationValue&lt;long[],long[]&gt; of(long...)'>
        <annotation name='com.intellij.inspections.tainted.annotation.equation.Equations'>
            <val val="{ &quot;value := #of(java.lang.Object)#0&quot;, &quot;of := &quot; }"/>
        </annotation>
    </item>
    <item name='net.bytebuddy.description.annotation.AnnotationValue.ForConstant net.bytebuddy.description.annotation.AnnotationValue&lt;short[],short[]&gt; of(short...)'>
        <annotation name='com.intellij.inspections.tainted.annotation.equation.Equations'>
            <val val="{ &quot;value := #of(java.lang.Object)#0&quot;, &quot;of := &quot; }"/>
        </annotation>
    </item>
    <item name='net.bytebuddy.description.annotation.AnnotationValue.ForConstant net.bytebuddy.description.annotation.AnnotationValue.Loaded&lt;U&gt; load(java.lang.ClassLoader)'>
        <annotation name='com.intellij.inspections.tainted.annotation.equation.Equations'>
            <val val="{ &quot;classLoader := AnnotationValue#load(java.lang.ClassLoader)#0&quot;, &quot;load := &quot; }"/>
        </annotation>
    </item>
    <item name='net.bytebuddy.description.annotation.AnnotationValue.ForConstant.Loaded'>
        <annotation name='com.intellij.inspections.tainted.annotation.equation.Equations'>
            <val val="{ &quot;Loaded := #Loaded(java.lang.Object, net.bytebuddy.description.annotation.AnnotationValue.ForConstant.PropertyDelegate)#0 &amp; #Loaded(java.lang.Object, net.bytebuddy.description.annotation.AnnotationValue.ForConstant.PropertyDelegate)#1&quot; }"/>
        </annotation>
    </item>
    <item name='net.bytebuddy.description.annotation.AnnotationValue.ForConstant.Loaded Loaded(V, net.bytebuddy.description.annotation.AnnotationValue.ForConstant.PropertyDelegate)'>
        <annotation name='com.intellij.inspections.tainted.annotation.equation.Equations'>
            <val val="{ &quot;value := AnnotationValue.ForConstant&quot;, &quot;propertyDelegate := AnnotationValue.ForConstant&quot;, &quot;Loaded := AnnotationValue.ForConstant.Loaded&quot; }"/>
        </annotation>
    </item>
    <item name='net.bytebuddy.description.annotation.AnnotationValue.ForConstant.Loaded V resolve()'>
        <annotation name='com.intellij.inspections.tainted.annotation.equation.Equations'>
            <val val="{ &quot;resolve := &quot; }"/>
        </annotation>
    </item>
    <item name='net.bytebuddy.description.annotation.AnnotationValue.ForConstant.Loaded boolean equals(java.lang.Object)'>
        <annotation name='com.intellij.inspections.tainted.annotation.equation.Equations'>
            <val val="{ &quot;other := java.lang.Object#equals(java.lang.Object)#0&quot;, &quot;equals := &quot; }"/>
        </annotation>
    </item>
    <item name='net.bytebuddy.description.annotation.AnnotationValue.ForConstant.Loaded boolean represents(java.lang.Object)'>
        <annotation name='com.intellij.inspections.tainted.annotation.equation.Equations'>
            <val val="{ &quot;value := AnnotationValue.Loaded#represents(java.lang.Object)#0&quot;, &quot;represents := &quot; }"/>
        </annotation>
    </item>
    <item name='net.bytebuddy.description.annotation.AnnotationValue.ForConstant.Loaded int hashCode()'>
        <annotation name='com.intellij.inspections.tainted.annotation.equation.Equations'>
            <val val="{ &quot;hashCode := &quot; }"/>
        </annotation>
    </item>
    <item name='net.bytebuddy.description.annotation.AnnotationValue.ForConstant.Loaded java.lang.String toString()'>
        <annotation name='com.intellij.inspections.tainted.annotation.equation.Equations'>
            <val val="{ &quot;toString := &quot; }"/>
        </annotation>
    </item>
    <item name='net.bytebuddy.description.annotation.AnnotationValue.ForConstant.Loaded net.bytebuddy.description.annotation.AnnotationValue.Loaded.State getState()'>
        <annotation name='com.intellij.inspections.tainted.annotation.equation.Equations'>
            <val val="{ &quot;getState := AnnotationValue.Loaded.State#RESOLVED&quot; }"/>
        </annotation>
    </item>
    <item name='net.bytebuddy.description.annotation.AnnotationValue.ForConstant.PropertyDelegate S copy(S)'>
        <annotation name='com.intellij.inspections.tainted.annotation.equation.Equations'>
            <val val="{ &quot;value := AnnotationValue.ForConstant.Loaded&quot; }"/>
        </annotation>
    </item>
    <item name='net.bytebuddy.description.annotation.AnnotationValue.ForConstant.PropertyDelegate boolean equals(java.lang.Object, java.lang.Object)'>
        <annotation name='com.intellij.inspections.tainted.annotation.equation.Equations'>
            <val val="{ &quot;equals := AnnotationValue.ForConstant.PropertyDelegate.ForNonArrayType#equals(java.lang.Object, java.lang.Object)&quot; }"/>
        </annotation>
    </item>
    <item name='net.bytebuddy.description.annotation.AnnotationValue.ForConstant.PropertyDelegate int hashCode(java.lang.Object)'>
        <annotation name='com.intellij.inspections.tainted.annotation.equation.Equations'>
            <val val="{ &quot;hashCode := AnnotationValue.ForConstant.PropertyDelegate.ForNonArrayType#hashCode(java.lang.Object)&quot; }"/>
        </annotation>
    </item>
    <item name='net.bytebuddy.description.annotation.AnnotationValue.ForConstant.PropertyDelegate java.lang.String toString(java.lang.Object)'>
        <annotation name='com.intellij.inspections.tainted.annotation.equation.Equations'>
            <val val="{ &quot;toString := AnnotationValue.ForConstant.PropertyDelegate.ForArrayType#toString(java.lang.Object)&quot; }"/>
        </annotation>
    </item>
    <item name='net.bytebuddy.description.annotation.AnnotationValue.ForConstant.PropertyDelegate.ForArrayType S copy(S)'>
        <annotation name='com.intellij.inspections.tainted.annotation.equation.Equations'>
            <val val="{ &quot;value := AnnotationValue.ForConstant.PropertyDelegate#copy(java.lang.Object)#0&quot;, &quot;copy := &quot; }"/>
        </annotation>
    </item>
    <item name='net.bytebuddy.description.annotation.AnnotationValue.ForConstant.PropertyDelegate.ForArrayType java.lang.Object doCopy(java.lang.Object)'>
        <annotation name='com.intellij.inspections.tainted.annotation.equation.Equations'>
            <val val="{ &quot;value := #copy(java.lang.Object)#0&quot; }"/>
        </annotation>
    </item>
    <item name='net.bytebuddy.description.annotation.AnnotationValue.ForConstant.PropertyDelegate.ForArrayType java.lang.String toString(java.lang.Object)'>
        <annotation name='com.intellij.inspections.tainted.annotation.equation.Equations'>
            <val val="{ &quot;value := AnnotationValue.ForConstant.PropertyDelegate#toString(java.lang.Object)#0&quot;, &quot;toString := &quot; }"/>
        </annotation>
    </item>
    <item name='net.bytebuddy.description.annotation.AnnotationValue.ForConstant.PropertyDelegate.ForArrayType java.lang.String toString(java.lang.Object, int)'>
        <annotation name='com.intellij.inspections.tainted.annotation.equation.Equations'>
            <val val="{ &quot;array := #toString(java.lang.Object)#0&quot; }"/>
        </annotation>
    </item>
    <item name='net.bytebuddy.description.annotation.AnnotationValue.ForConstant.PropertyDelegate.ForNonArrayType S copy(S)'>
        <annotation name='com.intellij.inspections.tainted.annotation.equation.Equations'>
            <val val="{ &quot;value := AnnotationValue.ForConstant.PropertyDelegate#copy(java.lang.Object)#0&quot;, &quot;copy := value&quot; }"/>
        </annotation>
    </item>
    <item name='net.bytebuddy.description.annotation.AnnotationValue.ForConstant.PropertyDelegate.ForNonArrayType boolean equals(java.lang.Object, java.lang.Object)'>
        <annotation name='com.intellij.inspections.tainted.annotation.equation.Equations'>
            <val val="{ &quot;self := AnnotationValue.ForConstant.PropertyDelegate#equals(java.lang.Object, java.lang.Object)#0&quot;, &quot;other := AnnotationValue.ForConstant.PropertyDelegate#equals(java.lang.Object, java.lang.Object)#1&quot;, &quot;equals := &quot; }"/>
        </annotation>
    </item>
    <item name='net.bytebuddy.description.annotation.AnnotationValue.ForConstant.PropertyDelegate.ForNonArrayType int hashCode(java.lang.Object)'>
        <annotation name='com.intellij.inspections.tainted.annotation.equation.Equations'>
            <val val="{ &quot;hashCode := &quot;, &quot;value := AnnotationValue.ForConstant.PropertyDelegate#hashCode(java.lang.Object)#0&quot; }"/>
        </annotation>
    </item>
    <item name='net.bytebuddy.description.annotation.AnnotationValue.ForDescriptionArray'>
        <annotation name='com.intellij.inspections.tainted.annotation.equation.Equations'>
            <val val="{ &quot;ForDescriptionArray := #ForDescriptionArray(java.lang.Class, net.bytebuddy.description.type.TypeDescription, java.util.List)#0 &amp; #ForDescriptionArray(java.lang.Class, net.bytebuddy.description.type.TypeDescription, java.util.List)#1 &amp; #ForDescriptionArray(java.lang.Class, net.bytebuddy.description.type.TypeDescription, java.util.List)#2&quot; }"/>
        </annotation>
    </item>
    <item name='net.bytebuddy.description.annotation.AnnotationValue.ForDescriptionArray ForDescriptionArray(java.lang.Class&lt;?&gt;, net.bytebuddy.description.type.TypeDescription, java.util.List&lt;? extends net.bytebuddy.description.annotation.AnnotationValue&lt;?,?&gt;&gt;)'>
        <annotation name='com.intellij.inspections.tainted.annotation.equation.Equations'>
            <val val="{ &quot;ForDescriptionArray := AnnotationValue.ForDescriptionArray&quot;, &quot;values := &quot;, &quot;componentType := #of(net.bytebuddy.description.type.TypeDescription, net.bytebuddy.description.annotation.AnnotationDescription[])#0 &amp; #of(net.bytebuddy.description.type.TypeDescription, net.bytebuddy.description.enumeration.EnumerationDescription[])#0 &amp; net.bytebuddy.description.type.TypeDescription#CLASS&quot; }"/>
        </annotation>
    </item>
    <item name='net.bytebuddy.description.annotation.AnnotationValue.ForDescriptionArray U[] resolve()'>
        <annotation name='com.intellij.inspections.tainted.annotation.equation.Equations'>
            <val val="{ &quot;resolve := &quot; }"/>
        </annotation>
    </item>
    <item name='net.bytebuddy.description.annotation.AnnotationValue.ForDescriptionArray boolean equals(java.lang.Object)'>
        <annotation name='com.intellij.inspections.tainted.annotation.equation.Equations'>
            <val val="{ &quot;other := java.lang.Object#equals(java.lang.Object)#0&quot; }"/>
        </annotation>
    </item>
    <item name='net.bytebuddy.description.annotation.AnnotationValue.ForDescriptionArray java.lang.String toString()'>
        <annotation name='com.intellij.inspections.tainted.annotation.equation.Equations'>
            <val val="{ &quot;toString := &quot; }"/>
        </annotation>
    </item>
    <item name='net.bytebuddy.description.annotation.AnnotationValue.ForDescriptionArray net.bytebuddy.description.annotation.AnnotationValue&lt;net.bytebuddy.description.annotation.AnnotationDescription[],W[]&gt; of(net.bytebuddy.description.type.TypeDescription, net.bytebuddy.description.annotation.AnnotationDescription[])'>
        <annotation name='com.intellij.inspections.tainted.annotation.equation.Equations'>
            <val val="{ &quot;annotationType := &quot;, &quot;of := &quot; }"/>
        </annotation>
    </item>
    <item name='net.bytebuddy.description.annotation.AnnotationValue.ForDescriptionArray net.bytebuddy.description.annotation.AnnotationValue&lt;net.bytebuddy.description.enumeration.EnumerationDescription[],W[]&gt; of(net.bytebuddy.description.type.TypeDescription, net.bytebuddy.description.enumeration.EnumerationDescription[])'>
        <annotation name='com.intellij.inspections.tainted.annotation.equation.Equations'>
            <val val="{ &quot;of := &quot;, &quot;enumerationType := &quot; }"/>
        </annotation>
    </item>
    <item name='net.bytebuddy.description.annotation.AnnotationValue.ForDescriptionArray net.bytebuddy.description.annotation.AnnotationValue&lt;net.bytebuddy.description.type.TypeDescription[],java.lang.Class&lt;?&gt;[]&gt; of(net.bytebuddy.description.type.TypeDescription[])'>
        <annotation name='com.intellij.inspections.tainted.annotation.equation.Equations'>
            <val val="{ &quot;of := &quot; }"/>
        </annotation>
    </item>
    <item name='net.bytebuddy.description.annotation.AnnotationValue.ForDescriptionArray net.bytebuddy.description.annotation.AnnotationValue.Loaded&lt;V[]&gt; load(java.lang.ClassLoader)'>
        <annotation name='com.intellij.inspections.tainted.annotation.equation.Equations'>
            <val val="{ &quot;load := &quot;, &quot;classLoader := AnnotationValue#load(java.lang.ClassLoader)#0&quot; }"/>
        </annotation>
    </item>
    <item name='net.bytebuddy.description.annotation.AnnotationValue.ForDescriptionArray.Loaded'>
        <annotation name='com.intellij.inspections.tainted.annotation.equation.Equations'>
            <val val="{ &quot;Loaded := #Loaded(java.lang.Class, java.util.List)#0 &amp; #Loaded(java.lang.Class, java.util.List)#1&quot; }"/>
        </annotation>
    </item>
    <item name='net.bytebuddy.description.annotation.AnnotationValue.ForDescriptionArray.Loaded Loaded(java.lang.Class&lt;W&gt;, java.util.List&lt;net.bytebuddy.description.annotation.AnnotationValue.Loaded&lt;?&gt;&gt;)'>
        <annotation name='com.intellij.inspections.tainted.annotation.equation.Equations'>
            <val val="{ &quot;Loaded := AnnotationValue.ForDescriptionArray.Loaded&quot;, &quot;values := &quot;, &quot;componentType := &quot; }"/>
        </annotation>
    </item>
    <item name='net.bytebuddy.description.annotation.AnnotationValue.ForDescriptionArray.Loaded W[] resolve()'>
        <annotation name='com.intellij.inspections.tainted.annotation.equation.Equations'>
            <val val="{ &quot;resolve := &quot; }"/>
        </annotation>
    </item>
    <item name='net.bytebuddy.description.annotation.AnnotationValue.ForDescriptionArray.Loaded boolean equals(java.lang.Object)'>
        <annotation name='com.intellij.inspections.tainted.annotation.equation.Equations'>
            <val val="{ &quot;other := java.lang.Object#equals(java.lang.Object)#0&quot; }"/>
        </annotation>
    </item>
    <item name='net.bytebuddy.description.annotation.AnnotationValue.ForDescriptionArray.Loaded boolean represents(java.lang.Object)'>
        <annotation name='com.intellij.inspections.tainted.annotation.equation.Equations'>
            <val val="{ &quot;value := AnnotationValue.Loaded#represents(java.lang.Object)#0&quot; }"/>
        </annotation>
    </item>
    <item name='net.bytebuddy.description.annotation.AnnotationValue.ForDescriptionArray.Loaded java.lang.String toString()'>
        <annotation name='com.intellij.inspections.tainted.annotation.equation.Equations'>
            <val val="{ &quot;toString := &quot; }"/>
        </annotation>
    </item>
    <item name='net.bytebuddy.description.annotation.AnnotationValue.ForDescriptionArray.Loaded net.bytebuddy.description.annotation.AnnotationValue.Loaded.State getState()'>
        <annotation name='com.intellij.inspections.tainted.annotation.equation.Equations'>
            <val val="{ &quot;getState := AnnotationValue.Loaded.State#RESOLVED&quot; }"/>
        </annotation>
    </item>
    <item name='net.bytebuddy.description.annotation.AnnotationValue.ForEnumerationDescription'>
        <annotation name='com.intellij.inspections.tainted.annotation.equation.Equations'>
            <val val="{ &quot;ForEnumerationDescription := #ForEnumerationDescription(net.bytebuddy.description.enumeration.EnumerationDescription)#0&quot; }"/>
        </annotation>
    </item>
    <item name='net.bytebuddy.description.annotation.AnnotationValue.ForEnumerationDescription ForEnumerationDescription(net.bytebuddy.description.enumeration.EnumerationDescription)'>
        <annotation name='com.intellij.inspections.tainted.annotation.equation.Equations'>
            <val val="{ &quot;enumerationDescription := #of(net.bytebuddy.description.enumeration.EnumerationDescription)#0&quot;, &quot;ForEnumerationDescription := AnnotationValue.ForEnumerationDescription&quot; }"/>
        </annotation>
    </item>
    <item name='net.bytebuddy.description.annotation.AnnotationValue.ForEnumerationDescription boolean equals(java.lang.Object)'>
        <annotation name='com.intellij.inspections.tainted.annotation.equation.Equations'>
            <val val="{ &quot;other := java.lang.Object#equals(java.lang.Object)#0&quot;, &quot;equals := AnnotationValue.ForEnumerationDescription &amp; other&quot; }"/>
        </annotation>
    </item>
    <item name='net.bytebuddy.description.annotation.AnnotationValue.ForEnumerationDescription int hashCode()'>
        <annotation name='com.intellij.inspections.tainted.annotation.equation.Equations'>
            <val val="{ &quot;hashCode := &quot; }"/>
        </annotation>
    </item>
    <item name='net.bytebuddy.description.annotation.AnnotationValue.ForEnumerationDescription java.lang.String toString()'>
        <annotation name='com.intellij.inspections.tainted.annotation.equation.Equations'>
            <val val="{ &quot;toString := &quot; }"/>
        </annotation>
    </item>
    <item name='net.bytebuddy.description.annotation.AnnotationValue.ForEnumerationDescription net.bytebuddy.description.annotation.AnnotationValue&lt;net.bytebuddy.description.enumeration.EnumerationDescription,V&gt; of(net.bytebuddy.description.enumeration.EnumerationDescription)'>
        <annotation name='com.intellij.inspections.tainted.annotation.equation.Equations'>
            <val val="{ &quot;value := &quot;, &quot;of := &quot; }"/>
        </annotation>
    </item>
    <item name='net.bytebuddy.description.annotation.AnnotationValue.ForEnumerationDescription net.bytebuddy.description.annotation.AnnotationValue.Loaded&lt;U&gt; load(java.lang.ClassLoader)'>
        <annotation name='com.intellij.inspections.tainted.annotation.equation.Equations'>
            <val val="{ &quot;classLoader := AnnotationValue#load(java.lang.ClassLoader)#0&quot;, &quot;load := &quot; }"/>
        </annotation>
    </item>
    <item name='net.bytebuddy.description.annotation.AnnotationValue.ForEnumerationDescription net.bytebuddy.description.enumeration.EnumerationDescription resolve()'>
        <annotation name='com.intellij.inspections.tainted.annotation.equation.Equations'>
            <val val="{ &quot;resolve := AnnotationValue.ForEnumerationDescription&quot; }"/>
        </annotation>
    </item>
    <item name='net.bytebuddy.description.annotation.AnnotationValue.ForEnumerationDescription.IncompatibleRuntimeType'>
        <annotation name='com.intellij.inspections.tainted.annotation.equation.Equations'>
            <val val="{ &quot;IncompatibleRuntimeType := #IncompatibleRuntimeType(java.lang.Class)#0&quot; }"/>
        </annotation>
    </item>
    <item name='net.bytebuddy.description.annotation.AnnotationValue.ForEnumerationDescription.IncompatibleRuntimeType IncompatibleRuntimeType(java.lang.Class&lt;?&gt;)'>
        <annotation name='com.intellij.inspections.tainted.annotation.equation.Equations'>
            <val val="{ &quot;type := &quot;, &quot;IncompatibleRuntimeType := AnnotationValue.ForEnumerationDescription.IncompatibleRuntimeType&quot; }"/>
        </annotation>
    </item>
    <item name='net.bytebuddy.description.annotation.AnnotationValue.ForEnumerationDescription.IncompatibleRuntimeType boolean represents(java.lang.Object)'>
        <annotation name='com.intellij.inspections.tainted.annotation.equation.Equations'>
            <val val="{ &quot;value := AnnotationValue.Loaded#represents(java.lang.Object)#0&quot; }"/>
        </annotation>
    </item>
    <item name='net.bytebuddy.description.annotation.AnnotationValue.ForEnumerationDescription.IncompatibleRuntimeType net.bytebuddy.description.annotation.AnnotationValue.Loaded.State getState()'>
        <annotation name='com.intellij.inspections.tainted.annotation.equation.Equations'>
            <val val="{ &quot;getState := AnnotationValue.Loaded.State#UNRESOLVED&quot; }"/>
        </annotation>
    </item>
    <item name='net.bytebuddy.description.annotation.AnnotationValue.ForEnumerationDescription.Loaded'>
        <annotation name='com.intellij.inspections.tainted.annotation.equation.Equations'>
            <val val="{ &quot;Loaded := #Loaded(java.lang.Enum)#0&quot; }"/>
        </annotation>
    </item>
    <item name='net.bytebuddy.description.annotation.AnnotationValue.ForEnumerationDescription.Loaded Loaded(V)'>
        <annotation name='com.intellij.inspections.tainted.annotation.equation.Equations'>
            <val val="{ &quot;enumeration := &quot;, &quot;Loaded := AnnotationValue.ForEnumerationDescription.Loaded&quot; }"/>
        </annotation>
    </item>
    <item name='net.bytebuddy.description.annotation.AnnotationValue.ForEnumerationDescription.Loaded V resolve()'>
        <annotation name='com.intellij.inspections.tainted.annotation.equation.Equations'>
            <val val="{ &quot;resolve := AnnotationValue.ForEnumerationDescription.Loaded&quot; }"/>
        </annotation>
    </item>
    <item name='net.bytebuddy.description.annotation.AnnotationValue.ForEnumerationDescription.Loaded boolean equals(java.lang.Object)'>
        <annotation name='com.intellij.inspections.tainted.annotation.equation.Equations'>
            <val val="{ &quot;other := java.lang.Object#equals(java.lang.Object)#0&quot;, &quot;equals := &quot; }"/>
        </annotation>
    </item>
    <item name='net.bytebuddy.description.annotation.AnnotationValue.ForEnumerationDescription.Loaded boolean represents(java.lang.Object)'>
        <annotation name='com.intellij.inspections.tainted.annotation.equation.Equations'>
            <val val="{ &quot;represents := &quot;, &quot;value := AnnotationValue.Loaded#represents(java.lang.Object)#0&quot; }"/>
        </annotation>
    </item>
    <item name='net.bytebuddy.description.annotation.AnnotationValue.ForEnumerationDescription.Loaded int hashCode()'>
        <annotation name='com.intellij.inspections.tainted.annotation.equation.Equations'>
            <val val="{ &quot;hashCode := &quot; }"/>
        </annotation>
    </item>
    <item name='net.bytebuddy.description.annotation.AnnotationValue.ForEnumerationDescription.Loaded java.lang.String toString()'>
        <annotation name='com.intellij.inspections.tainted.annotation.equation.Equations'>
            <val val="{ &quot;toString := &quot; }"/>
        </annotation>
    </item>
    <item name='net.bytebuddy.description.annotation.AnnotationValue.ForEnumerationDescription.Loaded net.bytebuddy.description.annotation.AnnotationValue.Loaded.State getState()'>
        <annotation name='com.intellij.inspections.tainted.annotation.equation.Equations'>
            <val val="{ &quot;getState := AnnotationValue.Loaded.State#RESOLVED&quot; }"/>
        </annotation>
    </item>
    <item name='net.bytebuddy.description.annotation.AnnotationValue.ForEnumerationDescription.UnknownRuntimeEnumeration'>
        <annotation name='com.intellij.inspections.tainted.annotation.equation.Equations'>
            <val val="{ &quot;UnknownRuntimeEnumeration := #UnknownRuntimeEnumeration(java.lang.Class, java.lang.String)#0 &amp; #UnknownRuntimeEnumeration(java.lang.Class, java.lang.String)#1&quot; }"/>
        </annotation>
    </item>
    <item name='net.bytebuddy.description.annotation.AnnotationValue.ForEnumerationDescription.UnknownRuntimeEnumeration UnknownRuntimeEnumeration(java.lang.Class&lt;? extends java.lang.Enum&lt;?&gt;&gt;, java.lang.String)'>
        <annotation name='com.intellij.inspections.tainted.annotation.equation.Equations'>
            <val val="{ &quot;UnknownRuntimeEnumeration := AnnotationValue.ForEnumerationDescription.UnknownRuntimeEnumeration&quot;, &quot;value := net.bytebuddy.pool.TypePool.AbstractBase.RawEnumerationValue&quot;, &quot;enumType := &quot; }"/>
        </annotation>
    </item>
    <item name='net.bytebuddy.description.annotation.AnnotationValue.ForEnumerationDescription.UnknownRuntimeEnumeration boolean represents(java.lang.Object)'>
        <annotation name='com.intellij.inspections.tainted.annotation.equation.Equations'>
            <val val="{ &quot;value := AnnotationValue.Loaded#represents(java.lang.Object)#0&quot; }"/>
        </annotation>
    </item>
    <item name='net.bytebuddy.description.annotation.AnnotationValue.ForEnumerationDescription.UnknownRuntimeEnumeration net.bytebuddy.description.annotation.AnnotationValue.Loaded.State getState()'>
        <annotation name='com.intellij.inspections.tainted.annotation.equation.Equations'>
            <val val="{ &quot;getState := AnnotationValue.Loaded.State#UNRESOLVED&quot; }"/>
        </annotation>
    </item>
    <item name='net.bytebuddy.description.annotation.AnnotationValue.ForTypeDescription'>
        <annotation name='com.intellij.inspections.tainted.annotation.equation.Equations'>
            <val val="{ &quot;ForTypeDescription := #ForTypeDescription(net.bytebuddy.description.type.TypeDescription)#0&quot; }"/>
        </annotation>
    </item>
    <item name='net.bytebuddy.description.annotation.AnnotationValue.ForTypeDescription ForTypeDescription(net.bytebuddy.description.type.TypeDescription)'>
        <annotation name='com.intellij.inspections.tainted.annotation.equation.Equations'>
            <val val="{ &quot;typeDescription := #of(net.bytebuddy.description.type.TypeDescription)#0&quot;, &quot;ForTypeDescription := AnnotationValue.ForTypeDescription&quot; }"/>
        </annotation>
    </item>
    <item name='net.bytebuddy.description.annotation.AnnotationValue.ForTypeDescription boolean equals(java.lang.Object)'>
        <annotation name='com.intellij.inspections.tainted.annotation.equation.Equations'>
            <val val="{ &quot;other := java.lang.Object#equals(java.lang.Object)#0&quot;, &quot;equals := AnnotationValue.ForTypeDescription &amp; other&quot; }"/>
        </annotation>
    </item>
    <item name='net.bytebuddy.description.annotation.AnnotationValue.ForTypeDescription int hashCode()'>
        <annotation name='com.intellij.inspections.tainted.annotation.equation.Equations'>
            <val val="{ &quot;hashCode := &quot; }"/>
        </annotation>
    </item>
    <item name='net.bytebuddy.description.annotation.AnnotationValue.ForTypeDescription java.lang.String toString()'>
        <annotation name='com.intellij.inspections.tainted.annotation.equation.Equations'>
            <val val="{ &quot;toString := &quot; }"/>
        </annotation>
    </item>
    <item name='net.bytebuddy.description.annotation.AnnotationValue.ForTypeDescription net.bytebuddy.description.annotation.AnnotationValue&lt;net.bytebuddy.description.type.TypeDescription,V&gt; of(net.bytebuddy.description.type.TypeDescription)'>
        <annotation name='com.intellij.inspections.tainted.annotation.equation.Equations'>
            <val val="{ &quot;typeDescription := &quot;, &quot;of := &quot; }"/>
        </annotation>
    </item>
    <item name='net.bytebuddy.description.annotation.AnnotationValue.ForTypeDescription net.bytebuddy.description.annotation.AnnotationValue.Loaded&lt;U&gt; load(java.lang.ClassLoader)'>
        <annotation name='com.intellij.inspections.tainted.annotation.equation.Equations'>
            <val val="{ &quot;load := &quot;, &quot;classLoader := AnnotationValue#load(java.lang.ClassLoader)#0&quot; }"/>
        </annotation>
    </item>
    <item name='net.bytebuddy.description.annotation.AnnotationValue.ForTypeDescription net.bytebuddy.description.type.TypeDescription resolve()'>
        <annotation name='com.intellij.inspections.tainted.annotation.equation.Equations'>
            <val val="{ &quot;resolve := AnnotationValue.ForTypeDescription&quot; }"/>
        </annotation>
    </item>
    <item name='net.bytebuddy.description.annotation.AnnotationValue.ForTypeDescription.Loaded'>
        <annotation name='com.intellij.inspections.tainted.annotation.equation.Equations'>
            <val val="{ &quot;Loaded := #Loaded(java.lang.Class)#0&quot; }"/>
        </annotation>
    </item>
    <item name='net.bytebuddy.description.annotation.AnnotationValue.ForTypeDescription.Loaded Loaded(U)'>
        <annotation name='com.intellij.inspections.tainted.annotation.equation.Equations'>
            <val val="{ &quot;Loaded := AnnotationValue.ForTypeDescription.Loaded&quot;, &quot;type := &quot; }"/>
        </annotation>
    </item>
    <item name='net.bytebuddy.description.annotation.AnnotationValue.ForTypeDescription.Loaded U resolve()'>
        <annotation name='com.intellij.inspections.tainted.annotation.equation.Equations'>
            <val val="{ &quot;resolve := AnnotationValue.ForTypeDescription.Loaded&quot; }"/>
        </annotation>
    </item>
    <item name='net.bytebuddy.description.annotation.AnnotationValue.ForTypeDescription.Loaded boolean equals(java.lang.Object)'>
        <annotation name='com.intellij.inspections.tainted.annotation.equation.Equations'>
            <val val="{ &quot;other := java.lang.Object#equals(java.lang.Object)#0&quot;, &quot;equals := &quot; }"/>
        </annotation>
    </item>
    <item name='net.bytebuddy.description.annotation.AnnotationValue.ForTypeDescription.Loaded boolean represents(java.lang.Object)'>
        <annotation name='com.intellij.inspections.tainted.annotation.equation.Equations'>
            <val val="{ &quot;represents := &quot;, &quot;value := AnnotationValue.Loaded#represents(java.lang.Object)#0&quot; }"/>
        </annotation>
    </item>
    <item name='net.bytebuddy.description.annotation.AnnotationValue.ForTypeDescription.Loaded int hashCode()'>
        <annotation name='com.intellij.inspections.tainted.annotation.equation.Equations'>
            <val val="{ &quot;hashCode := &quot; }"/>
        </annotation>
    </item>
    <item name='net.bytebuddy.description.annotation.AnnotationValue.ForTypeDescription.Loaded java.lang.String toString()'>
        <annotation name='com.intellij.inspections.tainted.annotation.equation.Equations'>
            <val val="{ &quot;toString := &quot; }"/>
        </annotation>
    </item>
    <item name='net.bytebuddy.description.annotation.AnnotationValue.ForTypeDescription.Loaded net.bytebuddy.description.annotation.AnnotationValue.Loaded.State getState()'>
        <annotation name='com.intellij.inspections.tainted.annotation.equation.Equations'>
            <val val="{ &quot;getState := AnnotationValue.Loaded.State#RESOLVED&quot; }"/>
        </annotation>
    </item>
    <item name='net.bytebuddy.description.annotation.AnnotationValue.Loaded U resolve()'>
        <annotation name='com.intellij.inspections.tainted.annotation.equation.Equations'>
            <val val="{ &quot;resolve := AnnotationValue.ForDescriptionArray.Loaded#resolve() &amp; AnnotationValue.ForAnnotationDescription.Loaded#resolve() &amp; AnnotationValue.ForAnnotationDescription.IncompatibleRuntimeType#resolve() &amp; AnnotationValue.ForTypeDescription.Loaded#resolve() &amp; net.bytebuddy.pool.TypePool.AbstractBase.RawTypeValue.Loaded#resolve() &amp; net.bytebuddy.pool.TypePool.AbstractBase.RawDescriptionArray.Loaded#resolve() &amp; AnnotationValue.ForEnumerationDescription.Loaded#resolve() &amp; AnnotationDescription.AnnotationInvocationHandler.MissingValue#resolve() &amp; AnnotationValue.ForEnumerationDescription.IncompatibleRuntimeType#resolve() &amp; AnnotationValue.ForEnumerationDescription.UnknownRuntimeEnumeration#resolve() &amp; AnnotationValue.ForConstant.Loaded#resolve()&quot; }"/>
        </annotation>
    </item>
    <item name='net.bytebuddy.description.annotation.AnnotationValue.Loaded boolean represents(java.lang.Object)'>
        <annotation name='com.intellij.inspections.tainted.annotation.equation.Equations'>
            <val val="{ &quot;represents := AnnotationValue.ForDescriptionArray.Loaded#represents(java.lang.Object) &amp; AnnotationValue.ForAnnotationDescription.Loaded#represents(java.lang.Object) &amp; AnnotationValue.ForAnnotationDescription.IncompatibleRuntimeType#represents(java.lang.Object) &amp; AnnotationValue.ForTypeDescription.Loaded#represents(java.lang.Object) &amp; net.bytebuddy.pool.TypePool.AbstractBase.RawTypeValue.Loaded#represents(java.lang.Object) &amp; net.bytebuddy.pool.TypePool.AbstractBase.RawDescriptionArray.Loaded#represents(java.lang.Object) &amp; AnnotationValue.ForEnumerationDescription.Loaded#represents(java.lang.Object) &amp; AnnotationDescription.AnnotationInvocationHandler.MissingValue#represents(java.lang.Object) &amp; AnnotationValue.ForEnumerationDescription.IncompatibleRuntimeType#represents(java.lang.Object) &amp; AnnotationValue.ForEnumerationDescription.UnknownRuntimeEnumeration#represents(java.lang.Object) &amp; AnnotationValue.ForConstant.Loaded#represents(java.lang.Object)&quot; }"/>
        </annotation>
    </item>
    <item name='net.bytebuddy.description.annotation.AnnotationValue.Loaded net.bytebuddy.description.annotation.AnnotationValue.Loaded.State getState()'>
        <annotation name='com.intellij.inspections.tainted.annotation.equation.Equations'>
            <val val="{ &quot;getState := AnnotationValue.ForDescriptionArray.Loaded#getState() &amp; AnnotationValue.ForAnnotationDescription.Loaded#getState() &amp; AnnotationValue.ForAnnotationDescription.IncompatibleRuntimeType#getState() &amp; AnnotationValue.ForTypeDescription.Loaded#getState() &amp; net.bytebuddy.pool.TypePool.AbstractBase.RawTypeValue.Loaded#getState() &amp; net.bytebuddy.pool.TypePool.AbstractBase.RawDescriptionArray.Loaded#getState() &amp; AnnotationValue.ForEnumerationDescription.Loaded#getState() &amp; AnnotationDescription.AnnotationInvocationHandler.MissingValue#getState() &amp; AnnotationValue.ForEnumerationDescription.IncompatibleRuntimeType#getState() &amp; AnnotationValue.ForEnumerationDescription.UnknownRuntimeEnumeration#getState() &amp; AnnotationValue.ForConstant.Loaded#getState()&quot; }"/>
        </annotation>
    </item>
    <item name='net.bytebuddy.description.annotation.AnnotationValue.Loaded.State boolean isDefined()'>
        <annotation name='com.intellij.inspections.tainted.annotation.equation.Equations'>
            <val val="{ &quot;isDefined := AnnotationValue.Loaded.State &amp; #UNDEFINED&quot; }"/>
        </annotation>
    </item>
    <item name='net.bytebuddy.description.annotation.AnnotationValue.Loaded.State boolean isResolved()'>
        <annotation name='com.intellij.inspections.tainted.annotation.equation.Equations'>
            <val val="{ &quot;isResolved := AnnotationValue.Loaded.State &amp; #RESOLVED&quot; }"/>
        </annotation>
    </item>
    <item name='net.bytebuddy.description.annotation.AnnotationValue.RenderingDispatcher'>
        <annotation name='com.intellij.inspections.tainted.annotation.equation.Equations'>
            <val val="{ &quot;RenderingDispatcher := #RenderingDispatcher(char, char)#0 &amp; #RenderingDispatcher(char, char)#1&quot; }"/>
        </annotation>
    </item>
    <item name='net.bytebuddy.description.annotation.AnnotationValue.RenderingDispatcher RenderingDispatcher(char, char)'>
        <annotation name='com.intellij.inspections.tainted.annotation.equation.Equations'>
            <val val="{ &quot;RenderingDispatcher := AnnotationValue.RenderingDispatcher&quot; }"/>
        </annotation>
    </item>
    <item name='net.bytebuddy.description.annotation.AnnotationValue.RenderingDispatcher java.lang.String toSourceString(boolean)'>
        <annotation name='com.intellij.inspections.tainted.annotation.equation.Equations'>
            <val val="{ &quot;toSourceString := &quot; }"/>
        </annotation>
    </item>
    <item name='net.bytebuddy.description.annotation.AnnotationValue.RenderingDispatcher java.lang.String toSourceString(byte)'>
        <annotation name='com.intellij.inspections.tainted.annotation.equation.Equations'>
            <val val="{ &quot;toSourceString := &quot; }"/>
        </annotation>
    </item>
    <item name='net.bytebuddy.description.annotation.AnnotationValue.RenderingDispatcher java.lang.String toSourceString(int)'>
        <annotation name='com.intellij.inspections.tainted.annotation.equation.Equations'>
            <val val="{ &quot;toSourceString := &quot; }"/>
        </annotation>
    </item>
    <item name='net.bytebuddy.description.annotation.AnnotationValue.RenderingDispatcher java.lang.String toSourceString(java.util.List&lt;?&gt;)'>
        <annotation name='com.intellij.inspections.tainted.annotation.equation.Equations'>
            <val val="{ &quot;toSourceString := &quot;, &quot;values := AnnotationValue.ForDescriptionArray &amp; AnnotationValue.ForDescriptionArray.Loaded &amp; net.bytebuddy.pool.TypePool.AbstractBase.RawDescriptionArray &amp; net.bytebuddy.pool.TypePool.AbstractBase.RawDescriptionArray.Loaded&quot; }"/>
        </annotation>
    </item>
    <item name='net.bytebuddy.description.annotation.AnnotationValue.RenderingDispatcher java.lang.String toSourceString(net.bytebuddy.description.type.TypeDescription)'>
        <annotation name='com.intellij.inspections.tainted.annotation.equation.Equations'>
            <val val="{ &quot;value := AnnotationValue.ForTypeDescription&quot; }"/>
        </annotation>
    </item>
    <item name='net.bytebuddy.description.annotation.AnnotationValue.RenderingDispatcher java.lang.String toSourceString(short)'>
        <annotation name='com.intellij.inspections.tainted.annotation.equation.Equations'>
            <val val="{ &quot;toSourceString := &quot; }"/>
        </annotation>
    </item>
</root>