<root>
    <item name='org.jboss.as.jpa.hibernate5.management.HibernateAbstractStatistics'>
        <annotation name='com.intellij.inspections.tainted.annotation.equation.Equations'>
            <val val="{ &quot;HibernateAbstractStatistics := #setOperations(java.util.Map)#0 &amp; #setChildrenNames(java.util.Set)#0 &amp; #setWriteableNames(java.util.Set)#0 &amp; #setTypes(java.util.Map)#0&quot; }"/>
        </annotation>
    </item>
    <item name='org.jboss.as.jpa.hibernate5.management.HibernateAbstractStatistics boolean isAttribute(java.lang.String)'>
        <annotation name='com.intellij.inspections.tainted.annotation.equation.Equations'>
            <val val="{ &quot;name := org.jipijapa.management.spi.Statistics#isAttribute(java.lang.String)#0&quot; }"/>
        </annotation>
    </item>
    <item name='org.jboss.as.jpa.hibernate5.management.HibernateAbstractStatistics boolean isOperation(java.lang.String)'>
        <annotation name='com.intellij.inspections.tainted.annotation.equation.Equations'>
            <val val="{ &quot;isOperation := &quot;, &quot;name := org.jipijapa.management.spi.Statistics#isOperation(java.lang.String)#0&quot; }"/>
        </annotation>
    </item>
    <item name='org.jboss.as.jpa.hibernate5.management.HibernateAbstractStatistics boolean isWriteable(java.lang.String)'>
        <annotation name='com.intellij.inspections.tainted.annotation.equation.Equations'>
            <val val="{ &quot;name := org.jipijapa.management.spi.Statistics#isWriteable(java.lang.String)#0&quot;, &quot;isWriteable := &quot; }"/>
        </annotation>
    </item>
    <item name='org.jboss.as.jpa.hibernate5.management.HibernateAbstractStatistics java.lang.Class getType(java.lang.String)'>
        <annotation name='com.intellij.inspections.tainted.annotation.equation.Equations'>
            <val val="{ &quot;name := org.jipijapa.management.spi.Statistics#getType(java.lang.String)#0 &amp; #isOperation(java.lang.String)#0&quot;, &quot;getType := &quot; }"/>
        </annotation>
    </item>
    <item name='org.jboss.as.jpa.hibernate5.management.HibernateAbstractStatistics java.lang.Object getValue(java.lang.String, org.jipijapa.management.spi.EntityManagerFactoryAccess, org.jipijapa.management.spi.StatisticName, org.jipijapa.management.spi.PathAddress)'>
        <annotation name='com.intellij.inspections.tainted.annotation.equation.Equations'>
            <val val="{ &quot;pathAddress := org.jipijapa.management.spi.Statistics#getValue(java.lang.String, org.jipijapa.management.spi.EntityManagerFactoryAccess, org.jipijapa.management.spi.StatisticName, org.jipijapa.management.spi.PathAddress)#3&quot;, &quot;statisticName := org.jipijapa.management.spi.Statistics#getValue(java.lang.String, org.jipijapa.management.spi.EntityManagerFactoryAccess, org.jipijapa.management.spi.StatisticName, org.jipijapa.management.spi.PathAddress)#2&quot;, &quot;name := org.jipijapa.management.spi.Statistics#getValue(java.lang.String, org.jipijapa.management.spi.EntityManagerFactoryAccess, org.jipijapa.management.spi.StatisticName, org.jipijapa.management.spi.PathAddress)#0&quot;, &quot;entityManagerFactoryAccess := org.jipijapa.management.spi.Statistics#getValue(java.lang.String, org.jipijapa.management.spi.EntityManagerFactoryAccess, org.jipijapa.management.spi.StatisticName, org.jipijapa.management.spi.PathAddress)#1&quot;, &quot;getValue := &quot; }"/>
        </annotation>
    </item>
    <item name='org.jboss.as.jpa.hibernate5.management.HibernateAbstractStatistics java.lang.String getResourceBundleKeyPrefix()'>
        <annotation name='com.intellij.inspections.tainted.annotation.equation.Equations'>
            <val val="{ &quot;getResourceBundleKeyPrefix := #RESOURCE_BUNDLE_KEY_PREFIX&quot; }"/>
        </annotation>
    </item>
    <item name='org.jboss.as.jpa.hibernate5.management.HibernateAbstractStatistics java.lang.String getResourceBundleName()'>
        <annotation name='com.intellij.inspections.tainted.annotation.equation.Equations'>
            <val val="{ &quot;getResourceBundleName := #RESOURCE_BUNDLE&quot; }"/>
        </annotation>
    </item>
    <item name='org.jboss.as.jpa.hibernate5.management.HibernateAbstractStatistics java.lang.String getStatisticName(java.lang.Object[])'>
        <annotation name='com.intellij.inspections.tainted.annotation.equation.Equations'>
            <val val="{ &quot;args := &quot; }"/>
        </annotation>
    </item>
    <item name='org.jboss.as.jpa.hibernate5.management.HibernateAbstractStatistics java.util.Map&lt;java.lang.String,java.lang.Class&gt; getTypes()'>
        <annotation name='com.intellij.inspections.tainted.annotation.equation.Equations'>
            <val val="{ &quot;getTypes := HibernateAbstractStatistics&quot; }"/>
        </annotation>
    </item>
    <item name='org.jboss.as.jpa.hibernate5.management.HibernateAbstractStatistics java.util.Map&lt;java.lang.String,org.jipijapa.management.spi.Operation&gt; getOperations()'>
        <annotation name='com.intellij.inspections.tainted.annotation.equation.Equations'>
            <val val="{ &quot;getOperations := HibernateAbstractStatistics&quot; }"/>
        </annotation>
    </item>
    <item name='org.jboss.as.jpa.hibernate5.management.HibernateAbstractStatistics java.util.Set&lt;java.lang.String&gt; getChildrenNames()'>
        <annotation name='com.intellij.inspections.tainted.annotation.equation.Equations'>
            <val val="{ &quot;getChildrenNames := &quot; }"/>
        </annotation>
    </item>
    <item name='org.jboss.as.jpa.hibernate5.management.HibernateAbstractStatistics java.util.Set&lt;java.lang.String&gt; getNames()'>
        <annotation name='com.intellij.inspections.tainted.annotation.equation.Equations'>
            <val val="{ &quot;getNames := HibernateEntityStatistics#getNames()&quot; }"/>
        </annotation>
    </item>
    <item name='org.jboss.as.jpa.hibernate5.management.HibernateAbstractStatistics java.util.Set&lt;java.lang.String&gt; getWriteableNames()'>
        <annotation name='com.intellij.inspections.tainted.annotation.equation.Equations'>
            <val val="{ &quot;getWriteableNames := HibernateAbstractStatistics&quot; }"/>
        </annotation>
    </item>
    <item name='org.jboss.as.jpa.hibernate5.management.HibernateAbstractStatistics javax.persistence.EntityManagerFactory getEntityManagerFactory(java.lang.Object[])'>
        <annotation name='com.intellij.inspections.tainted.annotation.equation.Equations'>
            <val val="{ &quot;args := &quot; }"/>
        </annotation>
    </item>
    <item name='org.jboss.as.jpa.hibernate5.management.HibernateAbstractStatistics org.jipijapa.management.spi.EntityManagerFactoryAccess getEntityManagerFactoryAccess(java.lang.Object[])'>
        <annotation name='com.intellij.inspections.tainted.annotation.equation.Equations'>
            <val val="{ &quot;args := &quot; }"/>
        </annotation>
    </item>
    <item name='org.jboss.as.jpa.hibernate5.management.HibernateAbstractStatistics org.jipijapa.management.spi.PathAddress getPathAddress(java.lang.Object[])'>
        <annotation name='com.intellij.inspections.tainted.annotation.equation.Equations'>
            <val val="{ &quot;args := #getEntityManagerFactory(java.lang.Object[])#0 &amp; HibernateQueryCacheStatistics#getQueryName(java.lang.Object...)#0&quot; }"/>
        </annotation>
    </item>
    <item name='org.jboss.as.jpa.hibernate5.management.HibernateAbstractStatistics org.jipijapa.management.spi.Statistics getChild(java.lang.String)'>
        <annotation name='com.intellij.inspections.tainted.annotation.equation.Equations'>
            <val val="{ &quot;getChild := HibernateStatistics#getChild(java.lang.String)&quot;, &quot;childName := org.jipijapa.management.spi.Statistics#getChild(java.lang.String)#0&quot; }"/>
        </annotation>
    </item>
    <item name='org.jboss.as.jpa.hibernate5.management.HibernateAbstractStatistics void setValue(java.lang.String, java.lang.Object, org.jipijapa.management.spi.EntityManagerFactoryAccess, org.jipijapa.management.spi.StatisticName, org.jipijapa.management.spi.PathAddress)'>
        <annotation name='com.intellij.inspections.tainted.annotation.equation.Equations'>
            <val val="{ &quot;pathAddress := org.jipijapa.management.spi.Statistics#setValue(java.lang.String, java.lang.Object, org.jipijapa.management.spi.EntityManagerFactoryAccess, org.jipijapa.management.spi.StatisticName, org.jipijapa.management.spi.PathAddress)#4&quot;, &quot;statisticName := org.jipijapa.management.spi.Statistics#setValue(java.lang.String, java.lang.Object, org.jipijapa.management.spi.EntityManagerFactoryAccess, org.jipijapa.management.spi.StatisticName, org.jipijapa.management.spi.PathAddress)#3&quot;, &quot;entityManagerFactoryAccess := org.jipijapa.management.spi.Statistics#setValue(java.lang.String, java.lang.Object, org.jipijapa.management.spi.EntityManagerFactoryAccess, org.jipijapa.management.spi.StatisticName, org.jipijapa.management.spi.PathAddress)#2&quot;, &quot;newValue := org.jipijapa.management.spi.Statistics#setValue(java.lang.String, java.lang.Object, org.jipijapa.management.spi.EntityManagerFactoryAccess, org.jipijapa.management.spi.StatisticName, org.jipijapa.management.spi.PathAddress)#1&quot;, &quot;name := org.jipijapa.management.spi.Statistics#setValue(java.lang.String, java.lang.Object, org.jipijapa.management.spi.EntityManagerFactoryAccess, org.jipijapa.management.spi.StatisticName, org.jipijapa.management.spi.PathAddress)#0&quot; }"/>
        </annotation>
    </item>
    <item name='org.jboss.as.jpa.hibernate5.management.HibernateCollectionStatistics'>
        <annotation name='com.intellij.inspections.tainted.annotation.equation.Equations'>
            <val val="{ &quot;HibernateCollectionStatistics := &quot; }"/>
        </annotation>
    </item>
    <item name='org.jboss.as.jpa.hibernate5.management.HibernateCollectionStatistics HibernateCollectionStatistics()'>
        <annotation name='com.intellij.inspections.tainted.annotation.equation.Equations'>
            <val val="{ &quot;HibernateCollectionStatistics := HibernateCollectionStatistics&quot; }"/>
        </annotation>
    </item>
    <item name='org.jboss.as.jpa.hibernate5.management.HibernateCollectionStatistics java.util.Collection&lt;java.lang.String&gt; getDynamicChildrenNames(org.jipijapa.management.spi.EntityManagerFactoryAccess, org.jipijapa.management.spi.PathAddress)'>
        <annotation name='com.intellij.inspections.tainted.annotation.equation.Equations'>
            <val val="{ &quot;pathAddress := org.jipijapa.management.spi.Statistics#getDynamicChildrenNames(org.jipijapa.management.spi.EntityManagerFactoryAccess, org.jipijapa.management.spi.PathAddress)#1&quot;, &quot;entityManagerFactoryLookup := org.jipijapa.management.spi.Statistics#getDynamicChildrenNames(org.jipijapa.management.spi.EntityManagerFactoryAccess, org.jipijapa.management.spi.PathAddress)#0&quot;, &quot;getDynamicChildrenNames := &quot; }"/>
        </annotation>
    </item>
    <item name='org.jboss.as.jpa.hibernate5.management.HibernateCollectionStatistics org.hibernate.stat.CollectionStatistics getStatistics(javax.persistence.EntityManagerFactory, java.lang.String)'>
        <annotation name='com.intellij.inspections.tainted.annotation.equation.Equations'>
            <val val="{ &quot;collectionName := &quot;, &quot;entityManagerFactory := &quot;, &quot;getStatistics := &quot; }"/>
        </annotation>
    </item>
    <item name='org.jboss.as.jpa.hibernate5.management.HibernateCollectionStatistics org.hibernate.stat.Statistics getBaseStatistics(javax.persistence.EntityManagerFactory)'>
        <annotation name='com.intellij.inspections.tainted.annotation.equation.Equations'>
            <val val="{ &quot;entityManagerFactory := &quot;, &quot;getBaseStatistics := &quot; }"/>
        </annotation>
    </item>
    <item name='org.jboss.as.jpa.hibernate5.management.HibernateEntityCacheStatistics'>
        <annotation name='com.intellij.inspections.tainted.annotation.equation.Equations'>
            <val val="{ &quot;HibernateEntityCacheStatistics := &quot; }"/>
        </annotation>
    </item>
    <item name='org.jboss.as.jpa.hibernate5.management.HibernateEntityCacheStatistics HibernateEntityCacheStatistics()'>
        <annotation name='com.intellij.inspections.tainted.annotation.equation.Equations'>
            <val val="{ &quot;HibernateEntityCacheStatistics := HibernateEntityCacheStatistics&quot; }"/>
        </annotation>
    </item>
    <item name='org.jboss.as.jpa.hibernate5.management.HibernateEntityCacheStatistics java.util.Collection&lt;java.lang.String&gt; getDynamicChildrenNames(org.jipijapa.management.spi.EntityManagerFactoryAccess, org.jipijapa.management.spi.PathAddress)'>
        <annotation name='com.intellij.inspections.tainted.annotation.equation.Equations'>
            <val val="{ &quot;getDynamicChildrenNames := &quot;, &quot;pathAddress := org.jipijapa.management.spi.Statistics#getDynamicChildrenNames(org.jipijapa.management.spi.EntityManagerFactoryAccess, org.jipijapa.management.spi.PathAddress)#1&quot;, &quot;entityManagerFactoryLookup := org.jipijapa.management.spi.Statistics#getDynamicChildrenNames(org.jipijapa.management.spi.EntityManagerFactoryAccess, org.jipijapa.management.spi.PathAddress)#0&quot; }"/>
        </annotation>
    </item>
    <item name='org.jboss.as.jpa.hibernate5.management.HibernateEntityCacheStatistics org.hibernate.stat.SecondLevelCacheStatistics getStatistics(org.jipijapa.management.spi.EntityManagerFactoryAccess, org.jipijapa.management.spi.PathAddress)'>
        <annotation name='com.intellij.inspections.tainted.annotation.equation.Equations'>
            <val val="{ &quot;getStatistics := &quot;, &quot;pathAddress := &quot;, &quot;entityManagerFactoryaccess := &quot; }"/>
        </annotation>
    </item>
    <item name='org.jboss.as.jpa.hibernate5.management.HibernateEntityCacheStatistics org.hibernate.stat.Statistics getBaseStatistics(javax.persistence.EntityManagerFactory)'>
        <annotation name='com.intellij.inspections.tainted.annotation.equation.Equations'>
            <val val="{ &quot;getBaseStatistics := &quot;, &quot;entityManagerFactory := &quot; }"/>
        </annotation>
    </item>
    <item name='org.jboss.as.jpa.hibernate5.management.HibernateEntityStatistics'>
        <annotation name='com.intellij.inspections.tainted.annotation.equation.Equations'>
            <val val="{ &quot;HibernateEntityStatistics := &quot; }"/>
        </annotation>
    </item>
    <item name='org.jboss.as.jpa.hibernate5.management.HibernateEntityStatistics HibernateEntityStatistics()'>
        <annotation name='com.intellij.inspections.tainted.annotation.equation.Equations'>
            <val val="{ &quot;HibernateEntityStatistics := HibernateEntityStatistics&quot; }"/>
        </annotation>
    </item>
    <item name='org.jboss.as.jpa.hibernate5.management.HibernateEntityStatistics java.util.Collection&lt;java.lang.String&gt; getDynamicChildrenNames(org.jipijapa.management.spi.EntityManagerFactoryAccess, org.jipijapa.management.spi.PathAddress)'>
        <annotation name='com.intellij.inspections.tainted.annotation.equation.Equations'>
            <val val="{ &quot;pathAddress := org.jipijapa.management.spi.Statistics#getDynamicChildrenNames(org.jipijapa.management.spi.EntityManagerFactoryAccess, org.jipijapa.management.spi.PathAddress)#1&quot;, &quot;getDynamicChildrenNames := java.util.Collections#EMPTY_LIST&quot;, &quot;entityManagerFactoryLookup := org.jipijapa.management.spi.Statistics#getDynamicChildrenNames(org.jipijapa.management.spi.EntityManagerFactoryAccess, org.jipijapa.management.spi.PathAddress)#0&quot; }"/>
        </annotation>
    </item>
    <item name='org.jboss.as.jpa.hibernate5.management.HibernateEntityStatistics java.util.Set&lt;java.lang.String&gt; getNames()'>
        <annotation name='com.intellij.inspections.tainted.annotation.equation.Equations'>
            <val val="{ &quot;getNames := &quot; }"/>
        </annotation>
    </item>
    <item name='org.jboss.as.jpa.hibernate5.management.HibernateEntityStatistics org.hibernate.stat.EntityStatistics getStatistics(javax.persistence.EntityManagerFactory, java.lang.String)'>
        <annotation name='com.intellij.inspections.tainted.annotation.equation.Equations'>
            <val val="{ &quot;entityName := &quot;, &quot;getStatistics := &quot;, &quot;entityManagerFactory := &quot; }"/>
        </annotation>
    </item>
    <item name='org.jboss.as.jpa.hibernate5.management.HibernateEntityStatistics org.hibernate.stat.Statistics getBaseStatistics(javax.persistence.EntityManagerFactory)'>
        <annotation name='com.intellij.inspections.tainted.annotation.equation.Equations'>
            <val val="{ &quot;getBaseStatistics := &quot;, &quot;entityManagerFactory := &quot; }"/>
        </annotation>
    </item>
    <item name='org.jboss.as.jpa.hibernate5.management.HibernateManagementAdaptor'>
        <annotation name='com.intellij.inspections.tainted.annotation.equation.Equations'>
            <val val="{ &quot;HibernateManagementAdaptor := &quot; }"/>
        </annotation>
    </item>
    <item name='org.jboss.as.jpa.hibernate5.management.HibernateManagementAdaptor java.lang.String getIdentificationLabel()'>
        <annotation name='com.intellij.inspections.tainted.annotation.equation.Equations'>
            <val val="{ &quot;getIdentificationLabel := #PROVIDER_LABEL&quot; }"/>
        </annotation>
    </item>
    <item name='org.jboss.as.jpa.hibernate5.management.HibernateManagementAdaptor java.lang.String getVersion()'>
        <annotation name='com.intellij.inspections.tainted.annotation.equation.Equations'>
            <val val="{ &quot;getVersion := #VERSION&quot; }"/>
        </annotation>
    </item>
    <item name='org.jboss.as.jpa.hibernate5.management.HibernateManagementAdaptor org.jboss.as.jpa.hibernate5.management.HibernateManagementAdaptor getInstance()'>
        <annotation name='com.intellij.inspections.tainted.annotation.equation.Equations'>
            <val val="{ &quot;getInstance := #INSTANCE&quot; }"/>
        </annotation>
    </item>
    <item name='org.jboss.as.jpa.hibernate5.management.HibernateManagementAdaptor org.jipijapa.management.spi.Statistics getStatistics()'>
        <annotation name='com.intellij.inspections.tainted.annotation.equation.Equations'>
            <val val="{ &quot;getStatistics := HibernateManagementAdaptor&quot; }"/>
        </annotation>
    </item>
    <item name='org.jboss.as.jpa.hibernate5.management.HibernateQueryCacheStatistics'>
        <annotation name='com.intellij.inspections.tainted.annotation.equation.Equations'>
            <val val="{ &quot;HibernateQueryCacheStatistics := &quot; }"/>
        </annotation>
    </item>
    <item name='org.jboss.as.jpa.hibernate5.management.HibernateQueryCacheStatistics HibernateQueryCacheStatistics()'>
        <annotation name='com.intellij.inspections.tainted.annotation.equation.Equations'>
            <val val="{ &quot;HibernateQueryCacheStatistics := HibernateQueryCacheStatistics&quot; }"/>
        </annotation>
    </item>
    <item name='org.jboss.as.jpa.hibernate5.management.HibernateQueryCacheStatistics java.lang.String getQueryName(java.lang.Object...)'>
        <annotation name='com.intellij.inspections.tainted.annotation.equation.Equations'>
            <val val="{ &quot;args := &quot;, &quot;getQueryName := &quot; }"/>
        </annotation>
    </item>
    <item name='org.jboss.as.jpa.hibernate5.management.HibernateQueryCacheStatistics java.util.Collection&lt;java.lang.String&gt; getDynamicChildrenNames(org.jipijapa.management.spi.EntityManagerFactoryAccess, org.jipijapa.management.spi.PathAddress)'>
        <annotation name='com.intellij.inspections.tainted.annotation.equation.Equations'>
            <val val="{ &quot;pathAddress := org.jipijapa.management.spi.Statistics#getDynamicChildrenNames(org.jipijapa.management.spi.EntityManagerFactoryAccess, org.jipijapa.management.spi.PathAddress)#1&quot;, &quot;entityManagerFactoryLookup := org.jipijapa.management.spi.Statistics#getDynamicChildrenNames(org.jipijapa.management.spi.EntityManagerFactoryAccess, org.jipijapa.management.spi.PathAddress)#0&quot;, &quot;getDynamicChildrenNames := &quot; }"/>
        </annotation>
    </item>
    <item name='org.jboss.as.jpa.hibernate5.management.HibernateQueryCacheStatistics org.hibernate.stat.QueryStatistics getStatistics(javax.persistence.EntityManagerFactory, java.lang.String)'>
        <annotation name='com.intellij.inspections.tainted.annotation.equation.Equations'>
            <val val="{ &quot;displayQueryName := &quot;, &quot;entityManagerFactory := &quot; }"/>
        </annotation>
    </item>
    <item name='org.jboss.as.jpa.hibernate5.management.HibernateQueryCacheStatistics org.hibernate.stat.Statistics getBaseStatistics(javax.persistence.EntityManagerFactory)'>
        <annotation name='com.intellij.inspections.tainted.annotation.equation.Equations'>
            <val val="{ &quot;getBaseStatistics := &quot;, &quot;entityManagerFactory := &quot; }"/>
        </annotation>
    </item>
    <item name='org.jboss.as.jpa.hibernate5.management.HibernateStatistics'>
        <annotation name='com.intellij.inspections.tainted.annotation.equation.Equations'>
            <val val="{ &quot;HibernateStatistics := &quot; }"/>
        </annotation>
    </item>
    <item name='org.jboss.as.jpa.hibernate5.management.HibernateStatistics HibernateStatistics()'>
        <annotation name='com.intellij.inspections.tainted.annotation.equation.Equations'>
            <val val="{ &quot;HibernateStatistics := HibernateStatistics&quot; }"/>
        </annotation>
    </item>
    <item name='org.jboss.as.jpa.hibernate5.management.HibernateStatistics java.util.Collection&lt;java.lang.String&gt; getDynamicChildrenNames(org.jipijapa.management.spi.EntityManagerFactoryAccess, org.jipijapa.management.spi.PathAddress)'>
        <annotation name='com.intellij.inspections.tainted.annotation.equation.Equations'>
            <val val="{ &quot;pathAddress := org.jipijapa.management.spi.Statistics#getDynamicChildrenNames(org.jipijapa.management.spi.EntityManagerFactoryAccess, org.jipijapa.management.spi.PathAddress)#1&quot;, &quot;entityManagerFactoryLookup := org.jipijapa.management.spi.Statistics#getDynamicChildrenNames(org.jipijapa.management.spi.EntityManagerFactoryAccess, org.jipijapa.management.spi.PathAddress)#0&quot;, &quot;getDynamicChildrenNames := java.util.Collections#EMPTY_LIST&quot; }"/>
        </annotation>
    </item>
    <item name='org.jboss.as.jpa.hibernate5.management.HibernateStatistics org.hibernate.stat.Statistics getStatistics(javax.persistence.EntityManagerFactory)'>
        <annotation name='com.intellij.inspections.tainted.annotation.equation.Equations'>
            <val val="{ &quot;getStatistics := &quot;, &quot;entityManagerFactory := &quot; }"/>
        </annotation>
    </item>
    <item name='org.jboss.as.jpa.hibernate5.management.HibernateStatistics org.jipijapa.management.spi.Statistics getChild(java.lang.String)'>
        <annotation name='com.intellij.inspections.tainted.annotation.equation.Equations'>
            <val val="{ &quot;getChild := &quot;, &quot;childName := HibernateAbstractStatistics#getChild(java.lang.String)#0&quot; }"/>
        </annotation>
    </item>
    <item name='org.jboss.as.jpa.hibernate5.management.QueryName'>
        <annotation name='com.intellij.inspections.tainted.annotation.equation.Equations'>
            <val val="{ &quot;QueryName := #QueryName(java.lang.String)#0&quot; }"/>
        </annotation>
    </item>
    <item name='org.jboss.as.jpa.hibernate5.management.QueryName QueryName(java.lang.String)'>
        <annotation name='com.intellij.inspections.tainted.annotation.equation.Equations'>
            <val val="{ &quot;QueryName := QueryName&quot;, &quot;query := #queryName(java.lang.String)#0&quot; }"/>
        </annotation>
    </item>
    <item name='org.jboss.as.jpa.hibernate5.management.QueryName boolean equals(java.lang.Object)'>
        <annotation name='com.intellij.inspections.tainted.annotation.equation.Equations'>
            <val val="{ &quot;o := java.lang.Object#equals(java.lang.Object)#0&quot; }"/>
        </annotation>
    </item>
    <item name='org.jboss.as.jpa.hibernate5.management.QueryName int hashCode()'>
        <annotation name='com.intellij.inspections.tainted.annotation.equation.Equations'>
            <val val="{ &quot;hashCode := &quot; }"/>
        </annotation>
    </item>
    <item name='org.jboss.as.jpa.hibernate5.management.QueryName java.lang.String displayable(java.lang.String)'>
        <annotation name='com.intellij.inspections.tainted.annotation.equation.Equations'>
            <val val="{ &quot;query := #QueryName(java.lang.String)#0&quot;, &quot;displayable := query&quot; }"/>
        </annotation>
    </item>
    <item name='org.jboss.as.jpa.hibernate5.management.QueryName java.lang.String getDisplayName()'>
        <annotation name='com.intellij.inspections.tainted.annotation.equation.Equations'>
            <val val="{ &quot;getDisplayName := QueryName&quot; }"/>
        </annotation>
    </item>
    <item name='org.jboss.as.jpa.hibernate5.management.QueryName org.jboss.as.jpa.hibernate5.management.QueryName queryName(java.lang.String)'>
        <annotation name='com.intellij.inspections.tainted.annotation.equation.Equations'>
            <val val="{ &quot;queryName := &quot; }"/>
        </annotation>
    </item>
    <item name='org.jboss.as.jpa.hibernate5.management.QueryName void subst(java.lang.StringBuilder, java.lang.String, java.lang.String)'>
        <annotation name='com.intellij.inspections.tainted.annotation.equation.Equations'>
            <val val="{ &quot;from := #SQL_NE &amp; #NE_BANG &amp; #NE_HAT &amp; #LE &amp; #GE &amp; #CONCAT &amp; #LT &amp; #EQ &amp; #GT &amp; #OPEN &amp; #CLOSE &amp; #OPEN_BRACKET &amp; #CLOSE_BRACKET &amp; #PLUS &amp; #MINUS &amp; #STAR &amp; #DIV &amp; #MOD &amp; #COLON &amp; #PARAM &amp; #COMMA &amp; #SPACE &amp; #TAB &amp; #NEWLINE &amp; #LINEFEED &amp; #QUOTE &amp; #DQUOTE &amp; #TICK &amp; #OPEN_BRACE &amp; #CLOSE_BRACE &amp; #HAT &amp; #AMPERSAND&quot;, &quot;to := #NOT_EQUAL__ &amp; #BANG_NOT_EQUAL__ &amp; #HAT_NOT_EQUAL__ &amp; #LESS_THAN_EQUAL__ &amp; #GREATER_THAN_EQUAL__ &amp; #CONCAT__ &amp; #LESS_THAN__ &amp; #EQUAL__ &amp; #GREATER__ &amp; #LEFT_PAREN__ &amp; #RIGHT_PAREN__ &amp; #LEFT_BRACKET__ &amp; #RIGHT_BRACKET__ &amp; #PLUS__ &amp; #MINUS__ &amp; #STAR__ &amp; #DIVIDE__ &amp; #MODULUS__ &amp; #COLON__ &amp; #PARAM__ &amp; #COMMA__ &amp; #SPACE__ &amp; #TAB__ &amp; #NEWLINE__ &amp; #LINEFEED__ &amp; #QUOTE__ &amp; #DQUOTE__ &amp; #TICK__ &amp; #OPEN_BRACE__ &amp; #CLOSE_BRACE__ &amp; #HAT__ &amp; #AMPERSAND__&quot;, &quot;stringBuilder := &quot; }"/>
        </annotation>
    </item>
</root>