<root>
    <item name='javax.naming.directory.Attribute boolean add(java.lang.Object)'>
        <annotation name='com.intellij.inspections.tainted.annotation.equation.Equations'>
            <val val="{ &quot;attrVal := BasicAttribute#add(java.lang.Object)#0&quot; }"/>
        </annotation>
    </item>
    <item name='javax.naming.directory.Attribute boolean contains(java.lang.Object)'>
        <annotation name='com.intellij.inspections.tainted.annotation.equation.Equations'>
            <val val="{ &quot;attrVal := BasicAttribute#contains(java.lang.Object)#0&quot; }"/>
        </annotation>
    </item>
    <item name='javax.naming.directory.Attribute boolean remove(java.lang.Object)'>
        <annotation name='com.intellij.inspections.tainted.annotation.equation.Equations'>
            <val val="{ &quot;attrval := BasicAttribute#remove(java.lang.Object)#0&quot; }"/>
        </annotation>
    </item>
    <item name='javax.naming.directory.Attribute int size()'>
        <annotation name='com.intellij.inspections.tainted.annotation.equation.Equations'>
            <val val="{ &quot;size := BasicAttribute#size()&quot; }"/>
        </annotation>
    </item>
    <item name='javax.naming.directory.Attribute java.lang.Object clone()'>
        <annotation name='com.intellij.inspections.tainted.annotation.equation.Equations'>
            <val val="{ &quot;clone := BasicAttribute#clone()&quot; }"/>
        </annotation>
    </item>
    <item name='javax.naming.directory.Attribute java.lang.Object get()'>
        <annotation name='com.intellij.inspections.tainted.annotation.equation.Equations'>
            <val val="{ &quot;get := BasicAttribute#get()&quot; }"/>
        </annotation>
    </item>
    <item name='javax.naming.directory.Attribute java.lang.Object get(int)'>
        <annotation name='com.intellij.inspections.tainted.annotation.equation.Equations'>
            <val val="{ &quot;ix := BasicAttribute#get(int)#0&quot;, &quot;get := BasicAttribute#get(int)&quot; }"/>
        </annotation>
    </item>
    <item name='javax.naming.directory.Attribute java.lang.Object remove(int)'>
        <annotation name='com.intellij.inspections.tainted.annotation.equation.Equations'>
            <val val="{ &quot;ix := BasicAttribute#remove(int)#0&quot;, &quot;remove := BasicAttribute#remove(int)&quot; }"/>
        </annotation>
    </item>
    <item name='javax.naming.directory.Attribute java.lang.Object set(int, java.lang.Object)'>
        <annotation name='com.intellij.inspections.tainted.annotation.equation.Equations'>
            <val val="{ &quot;ix := BasicAttribute#set(int, java.lang.Object)#0&quot;, &quot;attrVal := BasicAttribute#set(int, java.lang.Object)#1&quot;, &quot;set := BasicAttribute#set(int, java.lang.Object)&quot; }"/>
        </annotation>
    </item>
    <item name='javax.naming.directory.Attribute java.lang.String getID()'>
        <annotation name='com.intellij.inspections.tainted.annotation.equation.Equations'>
            <val val="{ &quot;getID := BasicAttribute#getID()&quot; }"/>
        </annotation>
    </item>
    <item name='javax.naming.directory.Attribute javax.naming.NamingEnumeration&lt;?&gt; getAll()'>
        <annotation name='com.intellij.inspections.tainted.annotation.equation.Equations'>
            <val val="{ &quot;getAll := BasicAttribute#getAll()&quot; }"/>
        </annotation>
    </item>
    <item name='javax.naming.directory.Attribute javax.naming.directory.DirContext getAttributeDefinition()'>
        <annotation name='com.intellij.inspections.tainted.annotation.equation.Equations'>
            <val val="{ &quot;getAttributeDefinition := BasicAttribute#getAttributeDefinition()&quot; }"/>
        </annotation>
    </item>
    <item name='javax.naming.directory.Attribute javax.naming.directory.DirContext getAttributeSyntaxDefinition()'>
        <annotation name='com.intellij.inspections.tainted.annotation.equation.Equations'>
            <val val="{ &quot;getAttributeSyntaxDefinition := BasicAttribute#getAttributeSyntaxDefinition()&quot; }"/>
        </annotation>
    </item>
    <item name='javax.naming.directory.Attribute void add(int, java.lang.Object)'>
        <annotation name='com.intellij.inspections.tainted.annotation.equation.Equations'>
            <val val="{ &quot;attrVal := BasicAttribute#add(int, java.lang.Object)#1&quot;, &quot;ix := BasicAttribute#add(int, java.lang.Object)#0&quot; }"/>
        </annotation>
    </item>
    <item name='javax.naming.directory.AttributeInUseException AttributeInUseException(java.lang.String)'>
        <annotation name='com.intellij.inspections.tainted.annotation.equation.Equations'>
            <val val="{ &quot;AttributeInUseException := AttributeInUseException&quot; }"/>
        </annotation>
    </item>
    <item name='javax.naming.directory.AttributeModificationException AttributeModificationException(java.lang.String)'>
        <annotation name='com.intellij.inspections.tainted.annotation.equation.Equations'>
            <val val="{ &quot;AttributeModificationException := AttributeModificationException&quot; }"/>
        </annotation>
    </item>
    <item name='javax.naming.directory.Attributes int size()'>
        <annotation name='com.intellij.inspections.tainted.annotation.equation.Equations'>
            <val val="{ &quot;size := BasicAttributes#size()&quot; }"/>
        </annotation>
    </item>
    <item name='javax.naming.directory.Attributes java.lang.Object clone()'>
        <annotation name='com.intellij.inspections.tainted.annotation.equation.Equations'>
            <val val="{ &quot;clone := BasicAttributes#clone()&quot; }"/>
        </annotation>
    </item>
    <item name='javax.naming.directory.Attributes javax.naming.NamingEnumeration&lt;? extends javax.naming.directory.Attribute&gt; getAll()'>
        <annotation name='com.intellij.inspections.tainted.annotation.equation.Equations'>
            <val val="{ &quot;getAll := BasicAttributes#getAll()&quot; }"/>
        </annotation>
    </item>
    <item name='javax.naming.directory.Attributes javax.naming.NamingEnumeration&lt;java.lang.String&gt; getIDs()'>
        <annotation name='com.intellij.inspections.tainted.annotation.equation.Equations'>
            <val val="{ &quot;getIDs := BasicAttributes#getIDs()&quot; }"/>
        </annotation>
    </item>
    <item name='javax.naming.directory.Attributes javax.naming.directory.Attribute get(java.lang.String)'>
        <annotation name='com.intellij.inspections.tainted.annotation.equation.Equations'>
            <val val="{ &quot;attrID := BasicAttributes#get(java.lang.String)#0&quot;, &quot;get := BasicAttributes#get(java.lang.String)&quot; }"/>
        </annotation>
    </item>
    <item name='javax.naming.directory.Attributes javax.naming.directory.Attribute put(java.lang.String, java.lang.Object)'>
        <annotation name='com.intellij.inspections.tainted.annotation.equation.Equations'>
            <val val="{ &quot;attrID := BasicAttributes#put(java.lang.String, java.lang.Object)#0&quot;, &quot;put := BasicAttributes#put(java.lang.String, java.lang.Object)&quot;, &quot;val := BasicAttributes#put(java.lang.String, java.lang.Object)#1&quot; }"/>
        </annotation>
    </item>
    <item name='javax.naming.directory.Attributes javax.naming.directory.Attribute put(javax.naming.directory.Attribute)'>
        <annotation name='com.intellij.inspections.tainted.annotation.equation.Equations'>
            <val val="{ &quot;put := BasicAttributes#put(javax.naming.directory.Attribute)&quot;, &quot;attr := BasicAttributes#put(javax.naming.directory.Attribute)#0&quot; }"/>
        </annotation>
    </item>
    <item name='javax.naming.directory.Attributes javax.naming.directory.Attribute remove(java.lang.String)'>
        <annotation name='com.intellij.inspections.tainted.annotation.equation.Equations'>
            <val val="{ &quot;remove := BasicAttributes#remove(java.lang.String)&quot;, &quot;attrID := BasicAttributes#remove(java.lang.String)#0&quot; }"/>
        </annotation>
    </item>
    <item name='javax.naming.directory.BasicAttribute'>
        <annotation name='com.intellij.inspections.tainted.annotation.equation.Equations'>
            <val val="{ &quot;BasicAttribute := &quot; }"/>
        </annotation>
    </item>
    <item name='javax.naming.directory.BasicAttribute BasicAttribute(java.lang.String)'>
        <annotation name='com.intellij.inspections.tainted.annotation.equation.Equations'>
            <val val="{ &quot;BasicAttribute := BasicAttribute&quot; }"/>
        </annotation>
    </item>
    <item name='javax.naming.directory.BasicAttribute BasicAttribute(java.lang.String, boolean)'>
        <annotation name='com.intellij.inspections.tainted.annotation.equation.Equations'>
            <val val="{ &quot;id := BasicAttribute &amp; #BasicAttribute(java.lang.String)#0 &amp; #BasicAttribute(java.lang.String, java.lang.Object, boolean)#0&quot;, &quot;BasicAttribute := BasicAttribute&quot; }"/>
        </annotation>
    </item>
    <item name='javax.naming.directory.BasicAttribute BasicAttribute(java.lang.String, java.lang.Object)'>
        <annotation name='com.intellij.inspections.tainted.annotation.equation.Equations'>
            <val val="{ &quot;id := BasicAttributes#BasicAttributes(java.lang.String, java.lang.Object)#0 &amp; BasicAttributes#BasicAttributes(java.lang.String, java.lang.Object, boolean)#0 &amp; BasicAttributes#put(java.lang.String, java.lang.Object)#0&quot;, &quot;value := BasicAttributes#BasicAttributes(java.lang.String, java.lang.Object)#1 &amp; BasicAttributes#BasicAttributes(java.lang.String, java.lang.Object, boolean)#1 &amp; BasicAttributes#put(java.lang.String, java.lang.Object)#1&quot;, &quot;BasicAttribute := BasicAttribute&quot; }"/>
        </annotation>
    </item>
    <item name='javax.naming.directory.BasicAttribute BasicAttribute(java.lang.String, java.lang.Object, boolean)'>
        <annotation name='com.intellij.inspections.tainted.annotation.equation.Equations'>
            <val val="{ &quot;id := #BasicAttribute(java.lang.String, java.lang.Object)#0&quot;, &quot;value := #BasicAttribute(java.lang.String, java.lang.Object)#1&quot;, &quot;BasicAttribute := BasicAttribute&quot; }"/>
        </annotation>
    </item>
    <item name='javax.naming.directory.BasicAttribute boolean arrayEquals(java.lang.Object, java.lang.Object)'>
        <annotation name='com.intellij.inspections.tainted.annotation.equation.Equations'>
            <val val="{ &quot;a1 := #valueEquals(java.lang.Object, java.lang.Object)#0 &amp; #find(java.lang.Object)#0&quot;, &quot;a2 := #valueEquals(java.lang.Object, java.lang.Object)#1&quot; }"/>
        </annotation>
    </item>
    <item name='javax.naming.directory.BasicAttribute boolean contains(java.lang.Object)'>
        <annotation name='com.intellij.inspections.tainted.annotation.equation.Equations'>
            <val val="{ &quot;attrVal := #add(int, java.lang.Object)#1 &amp; #set(int, java.lang.Object)#1&quot; }"/>
        </annotation>
    </item>
    <item name='javax.naming.directory.BasicAttribute int find(java.lang.Object)'>
        <annotation name='com.intellij.inspections.tainted.annotation.equation.Equations'>
            <val val="{ &quot;target := #add(java.lang.Object)#0 &amp; #contains(java.lang.Object)#0 &amp; #remove(java.lang.Object)#0&quot; }"/>
        </annotation>
    </item>
    <item name='javax.naming.directory.BasicAttribute java.lang.String getID()'>
        <annotation name='com.intellij.inspections.tainted.annotation.equation.Equations'>
            <val val="{ &quot;getID := BasicAttribute&quot; }"/>
        </annotation>
    </item>
    <item name='javax.naming.directory.BasicAttribute.ValuesEnumImpl ValuesEnumImpl()'>
        <annotation name='com.intellij.inspections.tainted.annotation.equation.Equations'>
            <val val="{ &quot;ValuesEnumImpl := BasicAttribute.ValuesEnumImpl&quot; }"/>
        </annotation>
    </item>
    <item name='javax.naming.directory.BasicAttributes'>
        <annotation name='com.intellij.inspections.tainted.annotation.equation.Equations'>
            <val val="{ &quot;BasicAttributes := &quot; }"/>
        </annotation>
    </item>
    <item name='javax.naming.directory.BasicAttributes BasicAttributes()'>
        <annotation name='com.intellij.inspections.tainted.annotation.equation.Equations'>
            <val val="{ &quot;BasicAttributes := BasicAttributes&quot; }"/>
        </annotation>
    </item>
    <item name='javax.naming.directory.BasicAttributes BasicAttributes(boolean)'>
        <annotation name='com.intellij.inspections.tainted.annotation.equation.Equations'>
            <val val="{ &quot;BasicAttributes := BasicAttributes&quot; }"/>
        </annotation>
    </item>
    <item name='javax.naming.directory.BasicAttributes BasicAttributes(java.lang.String, java.lang.Object)'>
        <annotation name='com.intellij.inspections.tainted.annotation.equation.Equations'>
            <val val="{ &quot;BasicAttributes := BasicAttributes&quot;, &quot;val := com.sun.security.auth.module.JndiLoginModule&quot; }"/>
        </annotation>
    </item>
    <item name='javax.naming.directory.BasicAttributes BasicAttributes(java.lang.String, java.lang.Object, boolean)'>
        <annotation name='com.intellij.inspections.tainted.annotation.equation.Equations'>
            <val val="{ &quot;BasicAttributes := BasicAttributes&quot; }"/>
        </annotation>
    </item>
    <item name='javax.naming.directory.BasicAttributes javax.naming.directory.Attribute get(java.lang.String)'>
        <annotation name='com.intellij.inspections.tainted.annotation.equation.Equations'>
            <val val="{ &quot;attrID := &quot; }"/>
        </annotation>
    </item>
    <item name='javax.naming.directory.BasicAttributes javax.naming.directory.Attribute put(javax.naming.directory.Attribute)'>
        <annotation name='com.intellij.inspections.tainted.annotation.equation.Equations'>
            <val val="{ &quot;attr := &quot; }"/>
        </annotation>
    </item>
    <item name='javax.naming.directory.BasicAttributes.AttrEnumImpl AttrEnumImpl()'>
        <annotation name='com.intellij.inspections.tainted.annotation.equation.Equations'>
            <val val="{ &quot;AttrEnumImpl := BasicAttributes.AttrEnumImpl&quot; }"/>
        </annotation>
    </item>
    <item name='javax.naming.directory.BasicAttributes.IDEnumImpl IDEnumImpl()'>
        <annotation name='com.intellij.inspections.tainted.annotation.equation.Equations'>
            <val val="{ &quot;IDEnumImpl := BasicAttributes.IDEnumImpl&quot; }"/>
        </annotation>
    </item>
    <item name='javax.naming.directory.DirContext javax.naming.NamingEnumeration&lt;javax.naming.directory.SearchResult&gt; search(java.lang.String, java.lang.String, java.lang.Object[], javax.naming.directory.SearchControls)'>
        <annotation name='com.intellij.inspections.tainted.annotation.equation.Equations'>
            <val val="{ &quot;search := javax.naming.spi.ContinuationDirContext#search(java.lang.String, java.lang.String, java.lang.Object[], javax.naming.directory.SearchControls) &amp; InitialDirContext#search(java.lang.String, java.lang.String, java.lang.Object[], javax.naming.directory.SearchControls)&quot;, &quot;filterExpr := javax.naming.spi.ContinuationDirContext#search(java.lang.String, java.lang.String, java.lang.Object[], javax.naming.directory.SearchControls)#1 &amp; InitialDirContext#search(java.lang.String, java.lang.String, java.lang.Object[], javax.naming.directory.SearchControls)#1&quot;, &quot;filterArgs := javax.naming.spi.ContinuationDirContext#search(java.lang.String, java.lang.String, java.lang.Object[], javax.naming.directory.SearchControls)#2 &amp; InitialDirContext#search(java.lang.String, java.lang.String, java.lang.Object[], javax.naming.directory.SearchControls)#2&quot;, &quot;name := javax.naming.spi.ContinuationDirContext#search(java.lang.String, java.lang.String, java.lang.Object[], javax.naming.directory.SearchControls)#0 &amp; InitialDirContext#search(java.lang.String, java.lang.String, java.lang.Object[], javax.naming.directory.SearchControls)#0&quot;, &quot;cons := javax.naming.spi.ContinuationDirContext#search(java.lang.String, java.lang.String, java.lang.Object[], javax.naming.directory.SearchControls)#3 &amp; InitialDirContext#search(java.lang.String, java.lang.String, java.lang.Object[], javax.naming.directory.SearchControls)#3&quot; }"/>
        </annotation>
    </item>
    <item name='javax.naming.directory.DirContext javax.naming.NamingEnumeration&lt;javax.naming.directory.SearchResult&gt; search(java.lang.String, java.lang.String, javax.naming.directory.SearchControls)'>
        <annotation name='com.intellij.inspections.tainted.annotation.equation.Equations'>
            <val val="{ &quot;filter := com.sun.security.auth.module.JndiLoginModule &amp; javax.naming.spi.ContinuationDirContext#search(java.lang.String, java.lang.String, javax.naming.directory.SearchControls)#1 &amp; InitialDirContext#search(java.lang.String, java.lang.String, javax.naming.directory.SearchControls)#1&quot;, &quot;search := javax.naming.spi.ContinuationDirContext#search(java.lang.String, java.lang.String, javax.naming.directory.SearchControls) &amp; InitialDirContext#search(java.lang.String, java.lang.String, javax.naming.directory.SearchControls)&quot;, &quot;cons := com.sun.security.auth.module.LdapLoginModule &amp; javax.naming.spi.ContinuationDirContext#search(java.lang.String, java.lang.String, javax.naming.directory.SearchControls)#2 &amp; InitialDirContext#search(java.lang.String, java.lang.String, javax.naming.directory.SearchControls)#2&quot;, &quot;name := javax.naming.spi.ContinuationDirContext#search(java.lang.String, java.lang.String, javax.naming.directory.SearchControls)#0 &amp; InitialDirContext#search(java.lang.String, java.lang.String, javax.naming.directory.SearchControls)#0&quot; }"/>
        </annotation>
    </item>
    <item name='javax.naming.directory.DirContext javax.naming.NamingEnumeration&lt;javax.naming.directory.SearchResult&gt; search(java.lang.String, javax.naming.directory.Attributes)'>
        <annotation name='com.intellij.inspections.tainted.annotation.equation.Equations'>
            <val val="{ &quot;matchingAttributes := javax.naming.spi.ContinuationDirContext#search(java.lang.String, javax.naming.directory.Attributes)#1 &amp; InitialDirContext#search(java.lang.String, javax.naming.directory.Attributes)#1&quot;, &quot;search := javax.naming.spi.ContinuationDirContext#search(java.lang.String, javax.naming.directory.Attributes) &amp; InitialDirContext#search(java.lang.String, javax.naming.directory.Attributes)&quot;, &quot;name := javax.naming.spi.ContinuationDirContext#search(java.lang.String, javax.naming.directory.Attributes)#0 &amp; InitialDirContext#search(java.lang.String, javax.naming.directory.Attributes)#0&quot; }"/>
        </annotation>
    </item>
    <item name='javax.naming.directory.DirContext javax.naming.NamingEnumeration&lt;javax.naming.directory.SearchResult&gt; search(java.lang.String, javax.naming.directory.Attributes, java.lang.String[])'>
        <annotation name='com.intellij.inspections.tainted.annotation.equation.Equations'>
            <val val="{ &quot;search := javax.naming.spi.ContinuationDirContext#search(java.lang.String, javax.naming.directory.Attributes, java.lang.String[]) &amp; InitialDirContext#search(java.lang.String, javax.naming.directory.Attributes, java.lang.String[])&quot;, &quot;name := javax.naming.spi.ContinuationDirContext#search(java.lang.String, javax.naming.directory.Attributes, java.lang.String[])#0 &amp; InitialDirContext#search(java.lang.String, javax.naming.directory.Attributes, java.lang.String[])#0&quot;, &quot;matchingAttributes := javax.naming.spi.ContinuationDirContext#search(java.lang.String, javax.naming.directory.Attributes, java.lang.String[])#1 &amp; InitialDirContext#search(java.lang.String, javax.naming.directory.Attributes, java.lang.String[])#1&quot;, &quot;attributesToReturn := javax.naming.spi.ContinuationDirContext#search(java.lang.String, javax.naming.directory.Attributes, java.lang.String[])#2 &amp; InitialDirContext#search(java.lang.String, javax.naming.directory.Attributes, java.lang.String[])#2&quot; }"/>
        </annotation>
    </item>
    <item name='javax.naming.directory.DirContext javax.naming.NamingEnumeration&lt;javax.naming.directory.SearchResult&gt; search(javax.naming.Name, java.lang.String, java.lang.Object[], javax.naming.directory.SearchControls)'>
        <annotation name='com.intellij.inspections.tainted.annotation.equation.Equations'>
            <val val="{ &quot;name := javax.naming.spi.ContinuationDirContext#search(javax.naming.Name, java.lang.String, java.lang.Object[], javax.naming.directory.SearchControls)#0 &amp; InitialDirContext#search(javax.naming.Name, java.lang.String, java.lang.Object[], javax.naming.directory.SearchControls)#0&quot;, &quot;filterExpr := javax.naming.spi.ContinuationDirContext#search(javax.naming.Name, java.lang.String, java.lang.Object[], javax.naming.directory.SearchControls)#1 &amp; InitialDirContext#search(javax.naming.Name, java.lang.String, java.lang.Object[], javax.naming.directory.SearchControls)#1&quot;, &quot;cons := javax.naming.spi.ContinuationDirContext#search(javax.naming.Name, java.lang.String, java.lang.Object[], javax.naming.directory.SearchControls)#3 &amp; InitialDirContext#search(javax.naming.Name, java.lang.String, java.lang.Object[], javax.naming.directory.SearchControls)#3&quot;, &quot;search := javax.naming.spi.ContinuationDirContext#search(javax.naming.Name, java.lang.String, java.lang.Object[], javax.naming.directory.SearchControls) &amp; InitialDirContext#search(javax.naming.Name, java.lang.String, java.lang.Object[], javax.naming.directory.SearchControls)&quot;, &quot;filterArgs := javax.naming.spi.ContinuationDirContext#search(javax.naming.Name, java.lang.String, java.lang.Object[], javax.naming.directory.SearchControls)#2 &amp; InitialDirContext#search(javax.naming.Name, java.lang.String, java.lang.Object[], javax.naming.directory.SearchControls)#2&quot; }"/>
        </annotation>
    </item>
    <item name='javax.naming.directory.DirContext javax.naming.NamingEnumeration&lt;javax.naming.directory.SearchResult&gt; search(javax.naming.Name, java.lang.String, javax.naming.directory.SearchControls)'>
        <annotation name='com.intellij.inspections.tainted.annotation.equation.Equations'>
            <val val="{ &quot;name := javax.naming.spi.ContinuationDirContext#search(javax.naming.Name, java.lang.String, javax.naming.directory.SearchControls)#0 &amp; InitialDirContext#search(javax.naming.Name, java.lang.String, javax.naming.directory.SearchControls)#0&quot;, &quot;cons := javax.naming.spi.ContinuationDirContext#search(javax.naming.Name, java.lang.String, javax.naming.directory.SearchControls)#2 &amp; InitialDirContext#search(javax.naming.Name, java.lang.String, javax.naming.directory.SearchControls)#2&quot;, &quot;search := javax.naming.spi.ContinuationDirContext#search(javax.naming.Name, java.lang.String, javax.naming.directory.SearchControls) &amp; InitialDirContext#search(javax.naming.Name, java.lang.String, javax.naming.directory.SearchControls)&quot;, &quot;filter := javax.naming.spi.ContinuationDirContext#search(javax.naming.Name, java.lang.String, javax.naming.directory.SearchControls)#1 &amp; InitialDirContext#search(javax.naming.Name, java.lang.String, javax.naming.directory.SearchControls)#1&quot; }"/>
        </annotation>
    </item>
    <item name='javax.naming.directory.DirContext javax.naming.NamingEnumeration&lt;javax.naming.directory.SearchResult&gt; search(javax.naming.Name, javax.naming.directory.Attributes)'>
        <annotation name='com.intellij.inspections.tainted.annotation.equation.Equations'>
            <val val="{ &quot;search := javax.naming.spi.ContinuationDirContext#search(javax.naming.Name, javax.naming.directory.Attributes) &amp; InitialDirContext#search(javax.naming.Name, javax.naming.directory.Attributes)&quot;, &quot;name := javax.naming.spi.ContinuationDirContext#search(javax.naming.Name, javax.naming.directory.Attributes)#0 &amp; InitialDirContext#search(javax.naming.Name, javax.naming.directory.Attributes)#0&quot;, &quot;matchingAttributes := javax.naming.spi.ContinuationDirContext#search(javax.naming.Name, javax.naming.directory.Attributes)#1 &amp; InitialDirContext#search(javax.naming.Name, javax.naming.directory.Attributes)#1&quot; }"/>
        </annotation>
    </item>
    <item name='javax.naming.directory.DirContext javax.naming.NamingEnumeration&lt;javax.naming.directory.SearchResult&gt; search(javax.naming.Name, javax.naming.directory.Attributes, java.lang.String[])'>
        <annotation name='com.intellij.inspections.tainted.annotation.equation.Equations'>
            <val val="{ &quot;name := javax.naming.spi.ContinuationDirContext#search(javax.naming.Name, javax.naming.directory.Attributes, java.lang.String[])#0 &amp; InitialDirContext#search(javax.naming.Name, javax.naming.directory.Attributes, java.lang.String[])#0&quot;, &quot;attributesToReturn := javax.naming.spi.ContinuationDirContext#search(javax.naming.Name, javax.naming.directory.Attributes, java.lang.String[])#2 &amp; InitialDirContext#search(javax.naming.Name, javax.naming.directory.Attributes, java.lang.String[])#2&quot;, &quot;search := javax.naming.spi.ContinuationDirContext#search(javax.naming.Name, javax.naming.directory.Attributes, java.lang.String[]) &amp; InitialDirContext#search(javax.naming.Name, javax.naming.directory.Attributes, java.lang.String[])&quot;, &quot;matchingAttributes := javax.naming.spi.ContinuationDirContext#search(javax.naming.Name, javax.naming.directory.Attributes, java.lang.String[])#1 &amp; InitialDirContext#search(javax.naming.Name, javax.naming.directory.Attributes, java.lang.String[])#1&quot; }"/>
        </annotation>
    </item>
    <item name='javax.naming.directory.DirContext javax.naming.directory.Attributes getAttributes(java.lang.String)'>
        <annotation name='com.intellij.inspections.tainted.annotation.equation.Equations'>
            <val val="{ &quot;name := javax.naming.spi.ContinuationDirContext#getAttributes(java.lang.String)#0 &amp; InitialDirContext#getAttributes(java.lang.String)#0&quot;, &quot;getAttributes := javax.naming.spi.ContinuationDirContext#getAttributes(java.lang.String) &amp; InitialDirContext#getAttributes(java.lang.String)&quot; }"/>
        </annotation>
    </item>
    <item name='javax.naming.directory.DirContext javax.naming.directory.Attributes getAttributes(java.lang.String, java.lang.String[])'>
        <annotation name='com.intellij.inspections.tainted.annotation.equation.Equations'>
            <val val="{ &quot;attrIds := javax.naming.spi.ContinuationDirContext#getAttributes(java.lang.String, java.lang.String[])#1 &amp; InitialDirContext#getAttributes(java.lang.String, java.lang.String[])#1&quot;, &quot;getAttributes := javax.naming.spi.ContinuationDirContext#getAttributes(java.lang.String, java.lang.String[]) &amp; InitialDirContext#getAttributes(java.lang.String, java.lang.String[])&quot;, &quot;name := javax.naming.spi.ContinuationDirContext#getAttributes(java.lang.String, java.lang.String[])#0 &amp; InitialDirContext#getAttributes(java.lang.String, java.lang.String[])#0&quot; }"/>
        </annotation>
    </item>
    <item name='javax.naming.directory.DirContext javax.naming.directory.Attributes getAttributes(javax.naming.Name)'>
        <annotation name='com.intellij.inspections.tainted.annotation.equation.Equations'>
            <val val="{ &quot;getAttributes := javax.naming.spi.ContinuationDirContext#getAttributes(javax.naming.Name) &amp; InitialDirContext#getAttributes(javax.naming.Name)&quot;, &quot;name := javax.naming.spi.ContinuationDirContext#getAttributes(javax.naming.Name)#0 &amp; InitialDirContext#getAttributes(javax.naming.Name)#0&quot; }"/>
        </annotation>
    </item>
    <item name='javax.naming.directory.DirContext javax.naming.directory.Attributes getAttributes(javax.naming.Name, java.lang.String[])'>
        <annotation name='com.intellij.inspections.tainted.annotation.equation.Equations'>
            <val val="{ &quot;name := javax.naming.spi.ContinuationDirContext#getAttributes(javax.naming.Name, java.lang.String[])#0 &amp; InitialDirContext#getAttributes(javax.naming.Name, java.lang.String[])#0&quot;, &quot;attrIds := javax.naming.spi.ContinuationDirContext#getAttributes(javax.naming.Name, java.lang.String[])#1 &amp; InitialDirContext#getAttributes(javax.naming.Name, java.lang.String[])#1&quot;, &quot;getAttributes := javax.naming.spi.ContinuationDirContext#getAttributes(javax.naming.Name, java.lang.String[]) &amp; InitialDirContext#getAttributes(javax.naming.Name, java.lang.String[])&quot; }"/>
        </annotation>
    </item>
    <item name='javax.naming.directory.DirContext javax.naming.directory.DirContext createSubcontext(java.lang.String, javax.naming.directory.Attributes)'>
        <annotation name='com.intellij.inspections.tainted.annotation.equation.Equations'>
            <val val="{ &quot;createSubcontext := javax.naming.spi.ContinuationDirContext#createSubcontext(java.lang.String, javax.naming.directory.Attributes) &amp; InitialDirContext#createSubcontext(java.lang.String, javax.naming.directory.Attributes)&quot;, &quot;attrs := javax.naming.spi.ContinuationDirContext#createSubcontext(java.lang.String, javax.naming.directory.Attributes)#1 &amp; InitialDirContext#createSubcontext(java.lang.String, javax.naming.directory.Attributes)#1&quot;, &quot;name := javax.naming.spi.ContinuationDirContext#createSubcontext(java.lang.String, javax.naming.directory.Attributes)#0 &amp; InitialDirContext#createSubcontext(java.lang.String, javax.naming.directory.Attributes)#0&quot; }"/>
        </annotation>
    </item>
    <item name='javax.naming.directory.DirContext javax.naming.directory.DirContext createSubcontext(javax.naming.Name, javax.naming.directory.Attributes)'>
        <annotation name='com.intellij.inspections.tainted.annotation.equation.Equations'>
            <val val="{ &quot;createSubcontext := javax.naming.spi.ContinuationDirContext#createSubcontext(javax.naming.Name, javax.naming.directory.Attributes) &amp; InitialDirContext#createSubcontext(javax.naming.Name, javax.naming.directory.Attributes)&quot;, &quot;attrs := javax.naming.spi.ContinuationDirContext#createSubcontext(javax.naming.Name, javax.naming.directory.Attributes)#1 &amp; InitialDirContext#createSubcontext(javax.naming.Name, javax.naming.directory.Attributes)#1&quot;, &quot;name := javax.naming.spi.ContinuationDirContext#createSubcontext(javax.naming.Name, javax.naming.directory.Attributes)#0 &amp; InitialDirContext#createSubcontext(javax.naming.Name, javax.naming.directory.Attributes)#0&quot; }"/>
        </annotation>
    </item>
    <item name='javax.naming.directory.DirContext javax.naming.directory.DirContext getSchema(java.lang.String)'>
        <annotation name='com.intellij.inspections.tainted.annotation.equation.Equations'>
            <val val="{ &quot;name := javax.naming.spi.ContinuationDirContext#getSchema(java.lang.String)#0 &amp; InitialDirContext#getSchema(java.lang.String)#0&quot;, &quot;getSchema := javax.naming.spi.ContinuationDirContext#getSchema(java.lang.String) &amp; InitialDirContext#getSchema(java.lang.String)&quot; }"/>
        </annotation>
    </item>
    <item name='javax.naming.directory.DirContext javax.naming.directory.DirContext getSchema(javax.naming.Name)'>
        <annotation name='com.intellij.inspections.tainted.annotation.equation.Equations'>
            <val val="{ &quot;name := javax.naming.spi.ContinuationDirContext#getSchema(javax.naming.Name)#0 &amp; InitialDirContext#getSchema(javax.naming.Name)#0&quot;, &quot;getSchema := javax.naming.spi.ContinuationDirContext#getSchema(javax.naming.Name) &amp; InitialDirContext#getSchema(javax.naming.Name)&quot; }"/>
        </annotation>
    </item>
    <item name='javax.naming.directory.DirContext javax.naming.directory.DirContext getSchemaClassDefinition(java.lang.String)'>
        <annotation name='com.intellij.inspections.tainted.annotation.equation.Equations'>
            <val val="{ &quot;name := javax.naming.spi.ContinuationDirContext#getSchemaClassDefinition(java.lang.String)#0 &amp; InitialDirContext#getSchemaClassDefinition(java.lang.String)#0&quot;, &quot;getSchemaClassDefinition := javax.naming.spi.ContinuationDirContext#getSchemaClassDefinition(java.lang.String) &amp; InitialDirContext#getSchemaClassDefinition(java.lang.String)&quot; }"/>
        </annotation>
    </item>
    <item name='javax.naming.directory.DirContext javax.naming.directory.DirContext getSchemaClassDefinition(javax.naming.Name)'>
        <annotation name='com.intellij.inspections.tainted.annotation.equation.Equations'>
            <val val="{ &quot;getSchemaClassDefinition := javax.naming.spi.ContinuationDirContext#getSchemaClassDefinition(javax.naming.Name) &amp; InitialDirContext#getSchemaClassDefinition(javax.naming.Name)&quot;, &quot;name := javax.naming.spi.ContinuationDirContext#getSchemaClassDefinition(javax.naming.Name)#0 &amp; InitialDirContext#getSchemaClassDefinition(javax.naming.Name)#0&quot; }"/>
        </annotation>
    </item>
    <item name='javax.naming.directory.DirContext void bind(java.lang.String, java.lang.Object, javax.naming.directory.Attributes)'>
        <annotation name='com.intellij.inspections.tainted.annotation.equation.Equations'>
            <val val="{ &quot;name := javax.naming.spi.ContinuationDirContext#bind(java.lang.String, java.lang.Object, javax.naming.directory.Attributes)#0 &amp; InitialDirContext#bind(java.lang.String, java.lang.Object, javax.naming.directory.Attributes)#0&quot;, &quot;attrs := javax.naming.spi.ContinuationDirContext#bind(java.lang.String, java.lang.Object, javax.naming.directory.Attributes)#2 &amp; InitialDirContext#bind(java.lang.String, java.lang.Object, javax.naming.directory.Attributes)#2&quot;, &quot;obj := javax.naming.spi.ContinuationDirContext#bind(java.lang.String, java.lang.Object, javax.naming.directory.Attributes)#1 &amp; InitialDirContext#bind(java.lang.String, java.lang.Object, javax.naming.directory.Attributes)#1&quot; }"/>
        </annotation>
    </item>
    <item name='javax.naming.directory.DirContext void bind(javax.naming.Name, java.lang.Object, javax.naming.directory.Attributes)'>
        <annotation name='com.intellij.inspections.tainted.annotation.equation.Equations'>
            <val val="{ &quot;name := javax.naming.spi.ContinuationDirContext#bind(javax.naming.Name, java.lang.Object, javax.naming.directory.Attributes)#0 &amp; InitialDirContext#bind(javax.naming.Name, java.lang.Object, javax.naming.directory.Attributes)#0&quot;, &quot;obj := javax.naming.spi.ContinuationDirContext#bind(javax.naming.Name, java.lang.Object, javax.naming.directory.Attributes)#1 &amp; InitialDirContext#bind(javax.naming.Name, java.lang.Object, javax.naming.directory.Attributes)#1&quot;, &quot;attrs := javax.naming.spi.ContinuationDirContext#bind(javax.naming.Name, java.lang.Object, javax.naming.directory.Attributes)#2 &amp; InitialDirContext#bind(javax.naming.Name, java.lang.Object, javax.naming.directory.Attributes)#2&quot; }"/>
        </annotation>
    </item>
    <item name='javax.naming.directory.DirContext void modifyAttributes(java.lang.String, int, javax.naming.directory.Attributes)'>
        <annotation name='com.intellij.inspections.tainted.annotation.equation.Equations'>
            <val val="{ &quot;attrs := javax.naming.spi.ContinuationDirContext#modifyAttributes(java.lang.String, int, javax.naming.directory.Attributes)#2 &amp; InitialDirContext#modifyAttributes(java.lang.String, int, javax.naming.directory.Attributes)#2&quot;, &quot;mod_op := javax.naming.spi.ContinuationDirContext#modifyAttributes(java.lang.String, int, javax.naming.directory.Attributes)#1 &amp; InitialDirContext#modifyAttributes(java.lang.String, int, javax.naming.directory.Attributes)#1&quot;, &quot;name := javax.naming.spi.ContinuationDirContext#modifyAttributes(java.lang.String, int, javax.naming.directory.Attributes)#0 &amp; InitialDirContext#modifyAttributes(java.lang.String, int, javax.naming.directory.Attributes)#0&quot; }"/>
        </annotation>
    </item>
    <item name='javax.naming.directory.DirContext void modifyAttributes(java.lang.String, javax.naming.directory.ModificationItem[])'>
        <annotation name='com.intellij.inspections.tainted.annotation.equation.Equations'>
            <val val="{ &quot;name := javax.naming.spi.ContinuationDirContext#modifyAttributes(java.lang.String, javax.naming.directory.ModificationItem[])#0 &amp; InitialDirContext#modifyAttributes(java.lang.String, javax.naming.directory.ModificationItem[])#0&quot;, &quot;mods := javax.naming.spi.ContinuationDirContext#modifyAttributes(java.lang.String, javax.naming.directory.ModificationItem[])#1 &amp; InitialDirContext#modifyAttributes(java.lang.String, javax.naming.directory.ModificationItem[])#1&quot; }"/>
        </annotation>
    </item>
    <item name='javax.naming.directory.DirContext void modifyAttributes(javax.naming.Name, int, javax.naming.directory.Attributes)'>
        <annotation name='com.intellij.inspections.tainted.annotation.equation.Equations'>
            <val val="{ &quot;mod_op := javax.naming.spi.ContinuationDirContext#modifyAttributes(javax.naming.Name, int, javax.naming.directory.Attributes)#1 &amp; InitialDirContext#modifyAttributes(javax.naming.Name, int, javax.naming.directory.Attributes)#1&quot;, &quot;name := javax.naming.spi.ContinuationDirContext#modifyAttributes(javax.naming.Name, int, javax.naming.directory.Attributes)#0 &amp; InitialDirContext#modifyAttributes(javax.naming.Name, int, javax.naming.directory.Attributes)#0&quot;, &quot;attrs := javax.naming.spi.ContinuationDirContext#modifyAttributes(javax.naming.Name, int, javax.naming.directory.Attributes)#2 &amp; InitialDirContext#modifyAttributes(javax.naming.Name, int, javax.naming.directory.Attributes)#2&quot; }"/>
        </annotation>
    </item>
    <item name='javax.naming.directory.DirContext void modifyAttributes(javax.naming.Name, javax.naming.directory.ModificationItem[])'>
        <annotation name='com.intellij.inspections.tainted.annotation.equation.Equations'>
            <val val="{ &quot;name := javax.naming.spi.ContinuationDirContext#modifyAttributes(javax.naming.Name, javax.naming.directory.ModificationItem[])#0 &amp; InitialDirContext#modifyAttributes(javax.naming.Name, javax.naming.directory.ModificationItem[])#0&quot;, &quot;mods := javax.naming.spi.ContinuationDirContext#modifyAttributes(javax.naming.Name, javax.naming.directory.ModificationItem[])#1 &amp; InitialDirContext#modifyAttributes(javax.naming.Name, javax.naming.directory.ModificationItem[])#1&quot; }"/>
        </annotation>
    </item>
    <item name='javax.naming.directory.DirContext void rebind(java.lang.String, java.lang.Object, javax.naming.directory.Attributes)'>
        <annotation name='com.intellij.inspections.tainted.annotation.equation.Equations'>
            <val val="{ &quot;name := javax.naming.spi.ContinuationDirContext#rebind(java.lang.String, java.lang.Object, javax.naming.directory.Attributes)#0 &amp; InitialDirContext#rebind(java.lang.String, java.lang.Object, javax.naming.directory.Attributes)#0&quot;, &quot;obj := javax.naming.spi.ContinuationDirContext#rebind(java.lang.String, java.lang.Object, javax.naming.directory.Attributes)#1 &amp; InitialDirContext#rebind(java.lang.String, java.lang.Object, javax.naming.directory.Attributes)#1&quot;, &quot;attrs := javax.naming.spi.ContinuationDirContext#rebind(java.lang.String, java.lang.Object, javax.naming.directory.Attributes)#2 &amp; InitialDirContext#rebind(java.lang.String, java.lang.Object, javax.naming.directory.Attributes)#2&quot; }"/>
        </annotation>
    </item>
    <item name='javax.naming.directory.DirContext void rebind(javax.naming.Name, java.lang.Object, javax.naming.directory.Attributes)'>
        <annotation name='com.intellij.inspections.tainted.annotation.equation.Equations'>
            <val val="{ &quot;name := javax.naming.spi.ContinuationDirContext#rebind(javax.naming.Name, java.lang.Object, javax.naming.directory.Attributes)#0 &amp; InitialDirContext#rebind(javax.naming.Name, java.lang.Object, javax.naming.directory.Attributes)#0&quot;, &quot;obj := javax.naming.spi.ContinuationDirContext#rebind(javax.naming.Name, java.lang.Object, javax.naming.directory.Attributes)#1 &amp; InitialDirContext#rebind(javax.naming.Name, java.lang.Object, javax.naming.directory.Attributes)#1&quot;, &quot;attrs := javax.naming.spi.ContinuationDirContext#rebind(javax.naming.Name, java.lang.Object, javax.naming.directory.Attributes)#2 &amp; InitialDirContext#rebind(javax.naming.Name, java.lang.Object, javax.naming.directory.Attributes)#2&quot; }"/>
        </annotation>
    </item>
    <item name='javax.naming.directory.InitialDirContext InitialDirContext()'>
        <annotation name='com.intellij.inspections.tainted.annotation.equation.Equations'>
            <val val="{ &quot;InitialDirContext := InitialDirContext&quot; }"/>
        </annotation>
    </item>
    <item name='javax.naming.directory.InitialDirContext InitialDirContext(boolean)'>
        <annotation name='com.intellij.inspections.tainted.annotation.equation.Equations'>
            <val val="{ &quot;InitialDirContext := InitialDirContext&quot; }"/>
        </annotation>
    </item>
    <item name='javax.naming.directory.InitialDirContext InitialDirContext(java.util.Hashtable&lt;?,?&gt;)'>
        <annotation name='com.intellij.inspections.tainted.annotation.equation.Equations'>
            <val val="{ &quot;InitialDirContext := InitialDirContext&quot; }"/>
        </annotation>
    </item>
    <item name='javax.naming.directory.InitialDirContext javax.naming.directory.Attributes getAttributes(java.lang.String, java.lang.String[])'>
        <annotation name='com.intellij.inspections.tainted.annotation.equation.Equations'>
            <val val="{ &quot;name := #getAttributes(java.lang.String)#0&quot; }"/>
        </annotation>
    </item>
    <item name='javax.naming.directory.InitialDirContext javax.naming.directory.Attributes getAttributes(javax.naming.Name, java.lang.String[])'>
        <annotation name='com.intellij.inspections.tainted.annotation.equation.Equations'>
            <val val="{ &quot;name := #getAttributes(javax.naming.Name)#0&quot; }"/>
        </annotation>
    </item>
    <item name='javax.naming.directory.InvalidAttributeIdentifierException InvalidAttributeIdentifierException(java.lang.String)'>
        <annotation name='com.intellij.inspections.tainted.annotation.equation.Equations'>
            <val val="{ &quot;InvalidAttributeIdentifierException := InvalidAttributeIdentifierException&quot; }"/>
        </annotation>
    </item>
    <item name='javax.naming.directory.InvalidAttributeValueException InvalidAttributeValueException(java.lang.String)'>
        <annotation name='com.intellij.inspections.tainted.annotation.equation.Equations'>
            <val val="{ &quot;InvalidAttributeValueException := InvalidAttributeValueException&quot; }"/>
        </annotation>
    </item>
    <item name='javax.naming.directory.InvalidAttributesException InvalidAttributesException(java.lang.String)'>
        <annotation name='com.intellij.inspections.tainted.annotation.equation.Equations'>
            <val val="{ &quot;InvalidAttributesException := InvalidAttributesException&quot; }"/>
        </annotation>
    </item>
    <item name='javax.naming.directory.InvalidSearchControlsException InvalidSearchControlsException(java.lang.String)'>
        <annotation name='com.intellij.inspections.tainted.annotation.equation.Equations'>
            <val val="{ &quot;InvalidSearchControlsException := InvalidSearchControlsException&quot; }"/>
        </annotation>
    </item>
    <item name='javax.naming.directory.InvalidSearchFilterException InvalidSearchFilterException(java.lang.String)'>
        <annotation name='com.intellij.inspections.tainted.annotation.equation.Equations'>
            <val val="{ &quot;InvalidSearchFilterException := InvalidSearchFilterException&quot; }"/>
        </annotation>
    </item>
    <item name='javax.naming.directory.NoSuchAttributeException NoSuchAttributeException(java.lang.String)'>
        <annotation name='com.intellij.inspections.tainted.annotation.equation.Equations'>
            <val val="{ &quot;NoSuchAttributeException := NoSuchAttributeException&quot; }"/>
        </annotation>
    </item>
    <item name='javax.naming.directory.SchemaViolationException SchemaViolationException(java.lang.String)'>
        <annotation name='com.intellij.inspections.tainted.annotation.equation.Equations'>
            <val val="{ &quot;SchemaViolationException := SchemaViolationException&quot; }"/>
        </annotation>
    </item>
    <item name='javax.naming.directory.SearchControls'>
        <annotation name='com.intellij.inspections.tainted.annotation.equation.Equations'>
            <val val="{ &quot;SearchControls := #setTimeLimit(int)#0 &amp; #setCountLimit(long)#0&quot; }"/>
        </annotation>
    </item>
    <item name='javax.naming.directory.SearchControls SearchControls()'>
        <annotation name='com.intellij.inspections.tainted.annotation.equation.Equations'>
            <val val="{ &quot;SearchControls := SearchControls&quot; }"/>
        </annotation>
    </item>
    <item name='javax.naming.directory.SearchControls SearchControls(int, long, int, java.lang.String[], boolean, boolean)'>
        <annotation name='com.intellij.inspections.tainted.annotation.equation.Equations'>
            <val val="{ &quot;SearchControls := SearchControls&quot; }"/>
        </annotation>
    </item>
    <item name='javax.naming.directory.SearchControls int getSearchScope()'>
        <annotation name='com.intellij.inspections.tainted.annotation.equation.Equations'>
            <val val="{ &quot;getSearchScope := SearchControls&quot; }"/>
        </annotation>
    </item>
    <item name='javax.naming.directory.SearchControls int getTimeLimit()'>
        <annotation name='com.intellij.inspections.tainted.annotation.equation.Equations'>
            <val val="{ &quot;getTimeLimit := SearchControls&quot; }"/>
        </annotation>
    </item>
    <item name='javax.naming.directory.SearchControls java.lang.String[] getReturningAttributes()'>
        <annotation name='com.intellij.inspections.tainted.annotation.equation.Equations'>
            <val val="{ &quot;getReturningAttributes := SearchControls&quot; }"/>
        </annotation>
    </item>
    <item name='javax.naming.directory.SearchControls long getCountLimit()'>
        <annotation name='com.intellij.inspections.tainted.annotation.equation.Equations'>
            <val val="{ &quot;getCountLimit := SearchControls&quot; }"/>
        </annotation>
    </item>
    <item name='javax.naming.directory.SearchControls void setReturningAttributes(java.lang.String[])'>
        <annotation name='com.intellij.inspections.tainted.annotation.equation.Equations'>
            <val val="{ &quot;attrs := com.sun.security.auth.module.LdapLoginModule&quot; }"/>
        </annotation>
    </item>
    <item name='javax.naming.directory.SearchControls void setSearchScope(int)'>
        <annotation name='com.intellij.inspections.tainted.annotation.equation.Equations'>
            <val val="{ &quot;scope := #SUBTREE_SCOPE&quot; }"/>
        </annotation>
    </item>
    <item name='javax.naming.directory.SearchResult'>
        <annotation name='com.intellij.inspections.tainted.annotation.equation.Equations'>
            <val val="{ &quot;SearchResult := #setAttributes(javax.naming.directory.Attributes)#0&quot; }"/>
        </annotation>
    </item>
    <item name='javax.naming.directory.SearchResult SearchResult(java.lang.String, java.lang.Object, javax.naming.directory.Attributes)'>
        <annotation name='com.intellij.inspections.tainted.annotation.equation.Equations'>
            <val val="{ &quot;SearchResult := SearchResult&quot; }"/>
        </annotation>
    </item>
    <item name='javax.naming.directory.SearchResult SearchResult(java.lang.String, java.lang.Object, javax.naming.directory.Attributes, boolean)'>
        <annotation name='com.intellij.inspections.tainted.annotation.equation.Equations'>
            <val val="{ &quot;SearchResult := SearchResult&quot; }"/>
        </annotation>
    </item>
    <item name='javax.naming.directory.SearchResult SearchResult(java.lang.String, java.lang.String, java.lang.Object, javax.naming.directory.Attributes)'>
        <annotation name='com.intellij.inspections.tainted.annotation.equation.Equations'>
            <val val="{ &quot;SearchResult := SearchResult&quot; }"/>
        </annotation>
    </item>
    <item name='javax.naming.directory.SearchResult SearchResult(java.lang.String, java.lang.String, java.lang.Object, javax.naming.directory.Attributes, boolean)'>
        <annotation name='com.intellij.inspections.tainted.annotation.equation.Equations'>
            <val val="{ &quot;SearchResult := SearchResult&quot; }"/>
        </annotation>
    </item>
    <item name='javax.naming.directory.SearchResult javax.naming.directory.Attributes getAttributes()'>
        <annotation name='com.intellij.inspections.tainted.annotation.equation.Equations'>
            <val val="{ &quot;getAttributes := SearchResult&quot; }"/>
        </annotation>
    </item>
</root>