<root>
    <item name='sun.rmi.server.MarshalInputStream java.lang.Object readLocation()'>
        <annotation name='com.intellij.inspections.tainted.annotation.equation.Equations'>
            <val val="{ &quot;readLocation := java.rmi.MarshalledObject.MarshalledObjectInputStream#readLocation()&quot; }"/>
        </annotation>
    </item>
    <item name='sun.rmi.server.UnicastRef java.lang.String getRefClass(java.io.ObjectOutput)'>
        <annotation name='com.intellij.inspections.tainted.annotation.equation.Equations'>
            <val val="{ &quot;getRefClass := UnicastServerRef#getRefClass(java.io.ObjectOutput) &amp; UnicastRef2#getRefClass(java.io.ObjectOutput)&quot; }"/>
        </annotation>
    </item>
    <item name='sun.rmi.server.UnicastServerRef java.lang.String getRefClass(java.io.ObjectOutput)'>
        <annotation name='com.intellij.inspections.tainted.annotation.equation.Equations'>
            <val val="{ &quot;getRefClass := UnicastServerRef2#getRefClass(java.io.ObjectOutput)&quot; }"/>
        </annotation>
    </item>
    <item name='sun.rmi.server.UnicastServerRef java.rmi.server.RemoteRef getClientRef()'>
        <annotation name='com.intellij.inspections.tainted.annotation.equation.Equations'>
            <val val="{ &quot;getClientRef := UnicastServerRef2#getClientRef()&quot; }"/>
        </annotation>
    </item>
    <item name='sun.rmi.server.UnicastServerRef2 java.lang.String getRefClass(java.io.ObjectOutput)'>
        <annotation name='com.intellij.inspections.tainted.annotation.equation.Equations'>
            <val val="{ &quot;getRefClass := ActivatableServerRef#getRefClass(java.io.ObjectOutput)&quot; }"/>
        </annotation>
    </item>
    <item name='sun.rmi.server.UnicastServerRef2 java.rmi.server.RemoteRef getClientRef()'>
        <annotation name='com.intellij.inspections.tainted.annotation.equation.Equations'>
            <val val="{ &quot;getClientRef := ActivatableServerRef#getClientRef()&quot; }"/>
        </annotation>
    </item>
    <item name='sun.rmi.server.WeakClassHashMap V computeValue(java.lang.Class&lt;?&gt;)'>
        <annotation name='com.intellij.inspections.tainted.annotation.equation.Equations'>
            <val val="{ &quot;computeValue := UnicastServerRef.HashToMethod_Maps#computeValue(java.lang.Class) &amp; java.rmi.server.RemoteObjectInvocationHandler.MethodToHash_Maps#computeValue(java.lang.Class)&quot; }"/>
        </annotation>
    </item>
</root>