<root>
    <item name='sun.reflect.generics.tree.Signature sun.reflect.generics.tree.FormalTypeParameter[] getFormalTypeParameters()'>
        <annotation name='com.intellij.inspections.tainted.annotation.equation.Equations'>
            <val val="{ &quot;getFormalTypeParameters := ClassSignature#getFormalTypeParameters() &amp; MethodTypeSignature#getFormalTypeParameters()&quot; }"/>
        </annotation>
    </item>
    <item name='sun.reflect.generics.tree.TypeTree void accept(sun.reflect.generics.visitor.TypeTreeVisitor&lt;?&gt;)'>
        <annotation name='com.intellij.inspections.tainted.annotation.equation.Equations'>
            <val val="{ &quot;typeTreeVisitor := ByteSignature#accept(sun.reflect.generics.visitor.TypeTreeVisitor)#0 &amp; LongSignature#accept(sun.reflect.generics.visitor.TypeTreeVisitor)#0 &amp; FormalTypeParameter#accept(sun.reflect.generics.visitor.TypeTreeVisitor)#0 &amp; ArrayTypeSignature#accept(sun.reflect.generics.visitor.TypeTreeVisitor)#0 &amp; Wildcard#accept(sun.reflect.generics.visitor.TypeTreeVisitor)#0 &amp; BooleanSignature#accept(sun.reflect.generics.visitor.TypeTreeVisitor)#0 &amp; DoubleSignature#accept(sun.reflect.generics.visitor.TypeTreeVisitor)#0 &amp; FloatSignature#accept(sun.reflect.generics.visitor.TypeTreeVisitor)#0 &amp; SimpleClassTypeSignature#accept(sun.reflect.generics.visitor.TypeTreeVisitor)#0 &amp; ClassTypeSignature#accept(sun.reflect.generics.visitor.TypeTreeVisitor)#0 &amp; BottomSignature#accept(sun.reflect.generics.visitor.TypeTreeVisitor)#0 &amp; TypeVariableSignature#accept(sun.reflect.generics.visitor.TypeTreeVisitor)#0 &amp; ShortSignature#accept(sun.reflect.generics.visitor.TypeTreeVisitor)#0 &amp; CharSignature#accept(sun.reflect.generics.visitor.TypeTreeVisitor)#0 &amp; VoidDescriptor#accept(sun.reflect.generics.visitor.TypeTreeVisitor)#0 &amp; IntSignature#accept(sun.reflect.generics.visitor.TypeTreeVisitor)#0&quot; }"/>
        </annotation>
    </item>
</root>