<root>
    <item name='com.sun.corba.se.spi.servicecontext.CodeSetServiceContext CodeSetServiceContext(com.sun.corba.se.impl.encoding.CodeSetComponentInfo.CodeSetContext)'>
        <annotation name='com.intellij.inspections.tainted.annotation.equation.Equations'>
            <val val="{ &quot;CodeSetServiceContext := CodeSetServiceContext&quot; }"/>
        </annotation>
    </item>
    <item name='com.sun.corba.se.spi.servicecontext.CodeSetServiceContext CodeSetServiceContext(org.omg.CORBA_2_3.portable.InputStream, com.sun.corba.se.spi.ior.iiop.GIOPVersion)'>
        <annotation name='com.intellij.inspections.tainted.annotation.equation.Equations'>
            <val val="{ &quot;CodeSetServiceContext := CodeSetServiceContext&quot; }"/>
        </annotation>
    </item>
    <item name='com.sun.corba.se.spi.servicecontext.CodeSetServiceContext com.sun.corba.se.impl.encoding.CodeSetComponentInfo.CodeSetContext getCodeSetContext()'>
        <annotation name='com.intellij.inspections.tainted.annotation.equation.Equations'>
            <val val="{ &quot;getCodeSetContext := CodeSetServiceContext&quot; }"/>
        </annotation>
    </item>
    <item name='com.sun.corba.se.spi.servicecontext.CodeSetServiceContext int getId()'>
        <annotation name='com.intellij.inspections.tainted.annotation.equation.Equations'>
            <val val="{ &quot;getId := #SERVICE_CONTEXT_ID&quot; }"/>
        </annotation>
    </item>
    <item name='com.sun.corba.se.spi.servicecontext.CodeSetServiceContext java.lang.String toString()'>
        <annotation name='com.intellij.inspections.tainted.annotation.equation.Equations'>
            <val val="{ &quot;toString := CodeSetServiceContext&quot; }"/>
        </annotation>
    </item>
    <item name='com.sun.corba.se.spi.servicecontext.MaxStreamFormatVersionServiceContext MaxStreamFormatVersionServiceContext()'>
        <annotation name='com.intellij.inspections.tainted.annotation.equation.Equations'>
            <val val="{ &quot;MaxStreamFormatVersionServiceContext := MaxStreamFormatVersionServiceContext&quot; }"/>
        </annotation>
    </item>
    <item name='com.sun.corba.se.spi.servicecontext.MaxStreamFormatVersionServiceContext MaxStreamFormatVersionServiceContext(byte)'>
        <annotation name='com.intellij.inspections.tainted.annotation.equation.Equations'>
            <val val="{ &quot;MaxStreamFormatVersionServiceContext := MaxStreamFormatVersionServiceContext&quot; }"/>
        </annotation>
    </item>
    <item name='com.sun.corba.se.spi.servicecontext.MaxStreamFormatVersionServiceContext MaxStreamFormatVersionServiceContext(org.omg.CORBA_2_3.portable.InputStream, com.sun.corba.se.spi.ior.iiop.GIOPVersion)'>
        <annotation name='com.intellij.inspections.tainted.annotation.equation.Equations'>
            <val val="{ &quot;MaxStreamFormatVersionServiceContext := MaxStreamFormatVersionServiceContext&quot; }"/>
        </annotation>
    </item>
    <item name='com.sun.corba.se.spi.servicecontext.MaxStreamFormatVersionServiceContext byte getMaximumStreamFormatVersion()'>
        <annotation name='com.intellij.inspections.tainted.annotation.equation.Equations'>
            <val val="{ &quot;getMaximumStreamFormatVersion := MaxStreamFormatVersionServiceContext&quot; }"/>
        </annotation>
    </item>
    <item name='com.sun.corba.se.spi.servicecontext.MaxStreamFormatVersionServiceContext int getId()'>
        <annotation name='com.intellij.inspections.tainted.annotation.equation.Equations'>
            <val val="{ &quot;getId := #SERVICE_CONTEXT_ID&quot; }"/>
        </annotation>
    </item>
    <item name='com.sun.corba.se.spi.servicecontext.MaxStreamFormatVersionServiceContext java.lang.String toString()'>
        <annotation name='com.intellij.inspections.tainted.annotation.equation.Equations'>
            <val val="{ &quot;toString := MaxStreamFormatVersionServiceContext&quot; }"/>
        </annotation>
    </item>
    <item name='com.sun.corba.se.spi.servicecontext.ORBVersionServiceContext'>
        <annotation name='com.intellij.inspections.tainted.annotation.equation.Equations'>
            <val val="{ &quot;ORBVersionServiceContext := &quot; }"/>
        </annotation>
    </item>
    <item name='com.sun.corba.se.spi.servicecontext.ORBVersionServiceContext ORBVersionServiceContext()'>
        <annotation name='com.intellij.inspections.tainted.annotation.equation.Equations'>
            <val val="{ &quot;ORBVersionServiceContext := ORBVersionServiceContext&quot; }"/>
        </annotation>
    </item>
    <item name='com.sun.corba.se.spi.servicecontext.ORBVersionServiceContext ORBVersionServiceContext(com.sun.corba.se.spi.orb.ORBVersion)'>
        <annotation name='com.intellij.inspections.tainted.annotation.equation.Equations'>
            <val val="{ &quot;ORBVersionServiceContext := ORBVersionServiceContext&quot; }"/>
        </annotation>
    </item>
    <item name='com.sun.corba.se.spi.servicecontext.ORBVersionServiceContext ORBVersionServiceContext(org.omg.CORBA_2_3.portable.InputStream, com.sun.corba.se.spi.ior.iiop.GIOPVersion)'>
        <annotation name='com.intellij.inspections.tainted.annotation.equation.Equations'>
            <val val="{ &quot;ORBVersionServiceContext := ORBVersionServiceContext&quot; }"/>
        </annotation>
    </item>
    <item name='com.sun.corba.se.spi.servicecontext.ORBVersionServiceContext com.sun.corba.se.spi.orb.ORBVersion getVersion()'>
        <annotation name='com.intellij.inspections.tainted.annotation.equation.Equations'>
            <val val="{ &quot;getVersion := ORBVersionServiceContext&quot; }"/>
        </annotation>
    </item>
    <item name='com.sun.corba.se.spi.servicecontext.ORBVersionServiceContext int getId()'>
        <annotation name='com.intellij.inspections.tainted.annotation.equation.Equations'>
            <val val="{ &quot;getId := #SERVICE_CONTEXT_ID&quot; }"/>
        </annotation>
    </item>
    <item name='com.sun.corba.se.spi.servicecontext.ORBVersionServiceContext java.lang.String toString()'>
        <annotation name='com.intellij.inspections.tainted.annotation.equation.Equations'>
            <val val="{ &quot;toString := ORBVersionServiceContext&quot; }"/>
        </annotation>
    </item>
    <item name='com.sun.corba.se.spi.servicecontext.SendingContextServiceContext SendingContextServiceContext(com.sun.corba.se.spi.ior.IOR)'>
        <annotation name='com.intellij.inspections.tainted.annotation.equation.Equations'>
            <val val="{ &quot;SendingContextServiceContext := SendingContextServiceContext&quot; }"/>
        </annotation>
    </item>
    <item name='com.sun.corba.se.spi.servicecontext.SendingContextServiceContext SendingContextServiceContext(org.omg.CORBA_2_3.portable.InputStream, com.sun.corba.se.spi.ior.iiop.GIOPVersion)'>
        <annotation name='com.intellij.inspections.tainted.annotation.equation.Equations'>
            <val val="{ &quot;SendingContextServiceContext := SendingContextServiceContext&quot; }"/>
        </annotation>
    </item>
    <item name='com.sun.corba.se.spi.servicecontext.SendingContextServiceContext com.sun.corba.se.spi.ior.IOR getIOR()'>
        <annotation name='com.intellij.inspections.tainted.annotation.equation.Equations'>
            <val val="{ &quot;getIOR := SendingContextServiceContext&quot; }"/>
        </annotation>
    </item>
    <item name='com.sun.corba.se.spi.servicecontext.SendingContextServiceContext int getId()'>
        <annotation name='com.intellij.inspections.tainted.annotation.equation.Equations'>
            <val val="{ &quot;getId := #SERVICE_CONTEXT_ID&quot; }"/>
        </annotation>
    </item>
    <item name='com.sun.corba.se.spi.servicecontext.SendingContextServiceContext java.lang.String toString()'>
        <annotation name='com.intellij.inspections.tainted.annotation.equation.Equations'>
            <val val="{ &quot;toString := SendingContextServiceContext&quot; }"/>
        </annotation>
    </item>
    <item name='com.sun.corba.se.spi.servicecontext.ServiceContext ServiceContext()'>
        <annotation name='com.intellij.inspections.tainted.annotation.equation.Equations'>
            <val val="{ &quot;ServiceContext := ServiceContext&quot; }"/>
        </annotation>
    </item>
    <item name='com.sun.corba.se.spi.servicecontext.ServiceContext ServiceContext(org.omg.CORBA_2_3.portable.InputStream, com.sun.corba.se.spi.ior.iiop.GIOPVersion)'>
        <annotation name='com.intellij.inspections.tainted.annotation.equation.Equations'>
            <val val="{ &quot;s := UEInfoServiceContext#UEInfoServiceContext(org.omg.CORBA_2_3.portable.InputStream, com.sun.corba.se.spi.ior.iiop.GIOPVersion)#0 &amp; CodeSetServiceContext#CodeSetServiceContext(org.omg.CORBA_2_3.portable.InputStream, com.sun.corba.se.spi.ior.iiop.GIOPVersion)#0 &amp; ORBVersionServiceContext#ORBVersionServiceContext(org.omg.CORBA_2_3.portable.InputStream, com.sun.corba.se.spi.ior.iiop.GIOPVersion)#0 &amp; SendingContextServiceContext#SendingContextServiceContext(org.omg.CORBA_2_3.portable.InputStream, com.sun.corba.se.spi.ior.iiop.GIOPVersion)#0 &amp; MaxStreamFormatVersionServiceContext#MaxStreamFormatVersionServiceContext(org.omg.CORBA_2_3.portable.InputStream, com.sun.corba.se.spi.ior.iiop.GIOPVersion)#0&quot;, &quot;ServiceContext := ServiceContext&quot;, &quot;gv := UEInfoServiceContext#UEInfoServiceContext(org.omg.CORBA_2_3.portable.InputStream, com.sun.corba.se.spi.ior.iiop.GIOPVersion)#1 &amp; CodeSetServiceContext#CodeSetServiceContext(org.omg.CORBA_2_3.portable.InputStream, com.sun.corba.se.spi.ior.iiop.GIOPVersion)#1 &amp; ORBVersionServiceContext#ORBVersionServiceContext(org.omg.CORBA_2_3.portable.InputStream, com.sun.corba.se.spi.ior.iiop.GIOPVersion)#1 &amp; SendingContextServiceContext#SendingContextServiceContext(org.omg.CORBA_2_3.portable.InputStream, com.sun.corba.se.spi.ior.iiop.GIOPVersion)#1 &amp; MaxStreamFormatVersionServiceContext#MaxStreamFormatVersionServiceContext(org.omg.CORBA_2_3.portable.InputStream, com.sun.corba.se.spi.ior.iiop.GIOPVersion)#1&quot; }"/>
        </annotation>
    </item>
    <item name='com.sun.corba.se.spi.servicecontext.ServiceContext int getId()'>
        <annotation name='com.intellij.inspections.tainted.annotation.equation.Equations'>
            <val val="{ &quot;getId := UEInfoServiceContext#getId() &amp; MaxStreamFormatVersionServiceContext#getId() &amp; CodeSetServiceContext#getId() &amp; UnknownServiceContext#getId() &amp; ORBVersionServiceContext#getId() &amp; SendingContextServiceContext#getId()&quot; }"/>
        </annotation>
    </item>
    <item name='com.sun.corba.se.spi.servicecontext.ServiceContext java.lang.String toString()'>
        <annotation name='com.intellij.inspections.tainted.annotation.equation.Equations'>
            <val val="{ &quot;toString := UEInfoServiceContext#toString() &amp; MaxStreamFormatVersionServiceContext#toString() &amp; CodeSetServiceContext#toString() &amp; ORBVersionServiceContext#toString() &amp; SendingContextServiceContext#toString()&quot; }"/>
        </annotation>
    </item>
    <item name='com.sun.corba.se.spi.servicecontext.ServiceContext void write(org.omg.CORBA_2_3.portable.OutputStream, com.sun.corba.se.spi.ior.iiop.GIOPVersion)'>
        <annotation name='com.intellij.inspections.tainted.annotation.equation.Equations'>
            <val val="{ &quot;gv := UnknownServiceContext#write(org.omg.CORBA_2_3.portable.OutputStream, com.sun.corba.se.spi.ior.iiop.GIOPVersion)#1&quot;, &quot;s := UnknownServiceContext#write(org.omg.CORBA_2_3.portable.OutputStream, com.sun.corba.se.spi.ior.iiop.GIOPVersion)#0&quot; }"/>
        </annotation>
    </item>
    <item name='com.sun.corba.se.spi.servicecontext.ServiceContext void writeData(org.omg.CORBA_2_3.portable.OutputStream)'>
        <annotation name='com.intellij.inspections.tainted.annotation.equation.Equations'>
            <val val="{ &quot;os := UEInfoServiceContext#writeData(org.omg.CORBA_2_3.portable.OutputStream)#0 &amp; CodeSetServiceContext#writeData(org.omg.CORBA_2_3.portable.OutputStream)#0 &amp; UnknownServiceContext#writeData(org.omg.CORBA_2_3.portable.OutputStream)#0 &amp; ORBVersionServiceContext#writeData(org.omg.CORBA_2_3.portable.OutputStream)#0 &amp; SendingContextServiceContext#writeData(org.omg.CORBA_2_3.portable.OutputStream)#0 &amp; MaxStreamFormatVersionServiceContext#writeData(org.omg.CORBA_2_3.portable.OutputStream)#0&quot; }"/>
        </annotation>
    </item>
    <item name='com.sun.corba.se.spi.servicecontext.ServiceContextData ServiceContextData(java.lang.Class)'>
        <annotation name='com.intellij.inspections.tainted.annotation.equation.Equations'>
            <val val="{ &quot;cls := ServiceContextRegistry#register(java.lang.Class)#0&quot;, &quot;ServiceContextData := ServiceContextData&quot; }"/>
        </annotation>
    </item>
    <item name='com.sun.corba.se.spi.servicecontext.ServiceContextData com.sun.corba.se.spi.servicecontext.ServiceContext makeServiceContext(org.omg.CORBA_2_3.portable.InputStream, com.sun.corba.se.spi.ior.iiop.GIOPVersion)'>
        <annotation name='com.intellij.inspections.tainted.annotation.equation.Equations'>
            <val val="{ &quot;gv := ServiceContexts&quot; }"/>
        </annotation>
    </item>
    <item name='com.sun.corba.se.spi.servicecontext.ServiceContextData int getId()'>
        <annotation name='com.intellij.inspections.tainted.annotation.equation.Equations'>
            <val val="{ &quot;getId := ServiceContextData&quot; }"/>
        </annotation>
    </item>
    <item name='com.sun.corba.se.spi.servicecontext.ServiceContextData java.lang.String toString()'>
        <annotation name='com.intellij.inspections.tainted.annotation.equation.Equations'>
            <val val="{ &quot;toString := ServiceContextData&quot; }"/>
        </annotation>
    </item>
    <item name='com.sun.corba.se.spi.servicecontext.ServiceContextData void dprint(java.lang.String)'>
        <annotation name='com.intellij.inspections.tainted.annotation.equation.Equations'>
            <val val="{ &quot;msg := #ServiceContextData(java.lang.Class)#0&quot; }"/>
        </annotation>
    </item>
    <item name='com.sun.corba.se.spi.servicecontext.ServiceContextRegistry ServiceContextRegistry(com.sun.corba.se.spi.orb.ORB)'>
        <annotation name='com.intellij.inspections.tainted.annotation.equation.Equations'>
            <val val="{ &quot;ServiceContextRegistry := ServiceContextRegistry&quot;, &quot;orb := com.sun.corba.se.impl.orb.ORBImpl&quot; }"/>
        </annotation>
    </item>
    <item name='com.sun.corba.se.spi.servicecontext.ServiceContextRegistry com.sun.corba.se.spi.servicecontext.ServiceContextData findServiceContextData(int)'>
        <annotation name='com.intellij.inspections.tainted.annotation.equation.Equations'>
            <val val="{ &quot;scId := &quot; }"/>
        </annotation>
    </item>
    <item name='com.sun.corba.se.spi.servicecontext.ServiceContextRegistry void dprint(java.lang.String)'>
        <annotation name='com.intellij.inspections.tainted.annotation.equation.Equations'>
            <val val="{ &quot;msg := #register(java.lang.Class)#0 &amp; #findServiceContextData(int)#0&quot; }"/>
        </annotation>
    </item>
    <item name='com.sun.corba.se.spi.servicecontext.ServiceContexts ServiceContexts(com.sun.corba.se.spi.orb.ORB)'>
        <annotation name='com.intellij.inspections.tainted.annotation.equation.Equations'>
            <val val="{ &quot;orb := com.sun.corba.se.impl.protocol.CorbaMessageMediatorImpl#CorbaMessageMediatorImpl(com.sun.corba.se.spi.orb.ORB, com.sun.corba.se.pept.transport.ContactInfo, com.sun.corba.se.pept.transport.Connection, com.sun.corba.se.spi.ior.iiop.GIOPVersion, com.sun.corba.se.spi.ior.IOR, int, short, java.lang.String, boolean)#0 &amp; com.sun.corba.se.impl.protocol.CorbaServerRequestDispatcherImpl &amp; com.sun.corba.se.impl.interceptors.ServerRequestInfoImpl&quot;, &quot;ServiceContexts := ServiceContexts&quot; }"/>
        </annotation>
    </item>
    <item name='com.sun.corba.se.spi.servicecontext.ServiceContexts ServiceContexts(org.omg.CORBA_2_3.portable.InputStream)'>
        <annotation name='com.intellij.inspections.tainted.annotation.equation.Equations'>
            <val val="{ &quot;ServiceContexts := ServiceContexts&quot;, &quot;s := com.sun.corba.se.impl.protocol.giopmsgheaders.ReplyMessage_1_0#read(org.omg.CORBA.portable.InputStream)#0 &amp; com.sun.corba.se.impl.protocol.giopmsgheaders.ReplyMessage_1_1#read(org.omg.CORBA.portable.InputStream)#0 &amp; com.sun.corba.se.impl.protocol.giopmsgheaders.ReplyMessage_1_2#read(org.omg.CORBA.portable.InputStream)#0 &amp; com.sun.corba.se.impl.protocol.giopmsgheaders.RequestMessage_1_0#read(org.omg.CORBA.portable.InputStream)#0 &amp; com.sun.corba.se.impl.protocol.giopmsgheaders.RequestMessage_1_1#read(org.omg.CORBA.portable.InputStream)#0 &amp; com.sun.corba.se.impl.protocol.giopmsgheaders.RequestMessage_1_2#read(org.omg.CORBA.portable.InputStream)#0&quot; }"/>
        </annotation>
    </item>
    <item name='com.sun.corba.se.spi.servicecontext.ServiceContexts boolean isDebugging(org.omg.CORBA_2_3.portable.OutputStream)'>
        <annotation name='com.intellij.inspections.tainted.annotation.equation.Equations'>
            <val val="{ &quot;os := #writeNullServiceContext(org.omg.CORBA_2_3.portable.OutputStream)#0 &amp; #write(org.omg.CORBA_2_3.portable.OutputStream, com.sun.corba.se.spi.ior.iiop.GIOPVersion)#0 &amp; #writeMapEntry(org.omg.CORBA_2_3.portable.OutputStream, java.lang.Integer, java.lang.Object, com.sun.corba.se.spi.ior.iiop.GIOPVersion)#0&quot; }"/>
        </annotation>
    </item>
    <item name='com.sun.corba.se.spi.servicecontext.ServiceContexts com.sun.corba.se.spi.servicecontext.ServiceContext get(int)'>
        <annotation name='com.intellij.inspections.tainted.annotation.equation.Equations'>
            <val val="{ &quot;scId := SendingContextServiceContext#SERVICE_CONTEXT_ID &amp; ORBVersionServiceContext#SERVICE_CONTEXT_ID &amp; UEInfoServiceContext#SERVICE_CONTEXT_ID &amp; org.omg.IOP.ExceptionDetailMessage#value &amp; MaxStreamFormatVersionServiceContext#SERVICE_CONTEXT_ID &amp; CodeSetServiceContext#SERVICE_CONTEXT_ID &amp; com.sun.corba.se.impl.interceptors.RequestInfoImpl#getServiceContext(java.util.HashMap, com.sun.corba.se.spi.servicecontext.ServiceContexts, int)#2&quot; }"/>
        </annotation>
    </item>
    <item name='com.sun.corba.se.spi.servicecontext.ServiceContexts com.sun.corba.se.spi.servicecontext.ServiceContext unmarshal(java.lang.Integer, byte[])'>
        <annotation name='com.intellij.inspections.tainted.annotation.equation.Equations'>
            <val val="{ &quot;scId := #get(java.lang.Integer)#0&quot; }"/>
        </annotation>
    </item>
    <item name='com.sun.corba.se.spi.servicecontext.ServiceContexts void createMapFromInputStream(org.omg.CORBA_2_3.portable.InputStream)'>
        <annotation name='com.intellij.inspections.tainted.annotation.equation.Equations'>
            <val val="{ &quot;is := #ServiceContexts(org.omg.CORBA_2_3.portable.InputStream)#0&quot; }"/>
        </annotation>
    </item>
    <item name='com.sun.corba.se.spi.servicecontext.ServiceContexts void dprint(java.lang.String)'>
        <annotation name='com.intellij.inspections.tainted.annotation.equation.Equations'>
            <val val="{ &quot;msg := #unmarshal(java.lang.Integer, byte[])#0 &amp; #writeMapEntry(org.omg.CORBA_2_3.portable.OutputStream, java.lang.Integer, java.lang.Object, com.sun.corba.se.spi.ior.iiop.GIOPVersion)#1 &amp; #writeMapEntry(org.omg.CORBA_2_3.portable.OutputStream, java.lang.Integer, java.lang.Object, com.sun.corba.se.spi.ior.iiop.GIOPVersion)#2&quot; }"/>
        </annotation>
    </item>
    <item name='com.sun.corba.se.spi.servicecontext.ServiceContexts void put(com.sun.corba.se.spi.servicecontext.ServiceContext)'>
        <annotation name='com.intellij.inspections.tainted.annotation.equation.Equations'>
            <val val="{ &quot;sc := MaxStreamFormatVersionServiceContext#singleton&quot; }"/>
        </annotation>
    </item>
    <item name='com.sun.corba.se.spi.servicecontext.ServiceContexts void write(org.omg.CORBA_2_3.portable.OutputStream, com.sun.corba.se.spi.ior.iiop.GIOPVersion)'>
        <annotation name='com.intellij.inspections.tainted.annotation.equation.Equations'>
            <val val="{ &quot;os := com.sun.corba.se.impl.protocol.giopmsgheaders.ReplyMessage_1_0#write(org.omg.CORBA.portable.OutputStream)#0 &amp; com.sun.corba.se.impl.protocol.giopmsgheaders.ReplyMessage_1_1#write(org.omg.CORBA.portable.OutputStream)#0 &amp; com.sun.corba.se.impl.protocol.giopmsgheaders.ReplyMessage_1_2#write(org.omg.CORBA.portable.OutputStream)#0 &amp; com.sun.corba.se.impl.protocol.giopmsgheaders.RequestMessage_1_0#write(org.omg.CORBA.portable.OutputStream)#0 &amp; com.sun.corba.se.impl.protocol.giopmsgheaders.RequestMessage_1_1#write(org.omg.CORBA.portable.OutputStream)#0 &amp; com.sun.corba.se.impl.protocol.giopmsgheaders.RequestMessage_1_2#write(org.omg.CORBA.portable.OutputStream)#0&quot;, &quot;gv := com.sun.corba.se.spi.ior.iiop.GIOPVersion#V1_0 &amp; com.sun.corba.se.spi.ior.iiop.GIOPVersion#V1_1 &amp; com.sun.corba.se.spi.ior.iiop.GIOPVersion#V1_2&quot; }"/>
        </annotation>
    </item>
    <item name='com.sun.corba.se.spi.servicecontext.ServiceContexts void writeMapEntry(org.omg.CORBA_2_3.portable.OutputStream, java.lang.Integer, java.lang.Object, com.sun.corba.se.spi.ior.iiop.GIOPVersion)'>
        <annotation name='com.intellij.inspections.tainted.annotation.equation.Equations'>
            <val val="{ &quot;gv := #writeServiceContextsInOrder(org.omg.CORBA_2_3.portable.OutputStream, com.sun.corba.se.spi.ior.iiop.GIOPVersion)#1&quot;, &quot;os := #writeServiceContextsInOrder(org.omg.CORBA_2_3.portable.OutputStream, com.sun.corba.se.spi.ior.iiop.GIOPVersion)#0&quot; }"/>
        </annotation>
    </item>
    <item name='com.sun.corba.se.spi.servicecontext.ServiceContexts void writeNullServiceContext(org.omg.CORBA_2_3.portable.OutputStream)'>
        <annotation name='com.intellij.inspections.tainted.annotation.equation.Equations'>
            <val val="{ &quot;os := com.sun.corba.se.impl.protocol.giopmsgheaders.ReplyMessage_1_0#write(org.omg.CORBA.portable.OutputStream)#0 &amp; com.sun.corba.se.impl.protocol.giopmsgheaders.ReplyMessage_1_1#write(org.omg.CORBA.portable.OutputStream)#0 &amp; com.sun.corba.se.impl.protocol.giopmsgheaders.ReplyMessage_1_2#write(org.omg.CORBA.portable.OutputStream)#0 &amp; com.sun.corba.se.impl.protocol.giopmsgheaders.RequestMessage_1_0#write(org.omg.CORBA.portable.OutputStream)#0 &amp; com.sun.corba.se.impl.protocol.giopmsgheaders.RequestMessage_1_1#write(org.omg.CORBA.portable.OutputStream)#0 &amp; com.sun.corba.se.impl.protocol.giopmsgheaders.RequestMessage_1_2#write(org.omg.CORBA.portable.OutputStream)#0&quot; }"/>
        </annotation>
    </item>
    <item name='com.sun.corba.se.spi.servicecontext.ServiceContexts void writeServiceContextsInOrder(org.omg.CORBA_2_3.portable.OutputStream, com.sun.corba.se.spi.ior.iiop.GIOPVersion)'>
        <annotation name='com.intellij.inspections.tainted.annotation.equation.Equations'>
            <val val="{ &quot;os := #write(org.omg.CORBA_2_3.portable.OutputStream, com.sun.corba.se.spi.ior.iiop.GIOPVersion)#0&quot;, &quot;gv := #write(org.omg.CORBA_2_3.portable.OutputStream, com.sun.corba.se.spi.ior.iiop.GIOPVersion)#1&quot; }"/>
        </annotation>
    </item>
    <item name='com.sun.corba.se.spi.servicecontext.UEInfoServiceContext UEInfoServiceContext(java.lang.Throwable)'>
        <annotation name='com.intellij.inspections.tainted.annotation.equation.Equations'>
            <val val="{ &quot;UEInfoServiceContext := UEInfoServiceContext&quot; }"/>
        </annotation>
    </item>
    <item name='com.sun.corba.se.spi.servicecontext.UEInfoServiceContext UEInfoServiceContext(org.omg.CORBA_2_3.portable.InputStream, com.sun.corba.se.spi.ior.iiop.GIOPVersion)'>
        <annotation name='com.intellij.inspections.tainted.annotation.equation.Equations'>
            <val val="{ &quot;UEInfoServiceContext := UEInfoServiceContext&quot; }"/>
        </annotation>
    </item>
    <item name='com.sun.corba.se.spi.servicecontext.UEInfoServiceContext int getId()'>
        <annotation name='com.intellij.inspections.tainted.annotation.equation.Equations'>
            <val val="{ &quot;getId := #SERVICE_CONTEXT_ID&quot; }"/>
        </annotation>
    </item>
    <item name='com.sun.corba.se.spi.servicecontext.UEInfoServiceContext java.lang.Throwable getUE()'>
        <annotation name='com.intellij.inspections.tainted.annotation.equation.Equations'>
            <val val="{ &quot;getUE := UEInfoServiceContext&quot; }"/>
        </annotation>
    </item>
    <item name='com.sun.corba.se.spi.servicecontext.UnknownServiceContext UnknownServiceContext(int, byte[])'>
        <annotation name='com.intellij.inspections.tainted.annotation.equation.Equations'>
            <val val="{ &quot;UnknownServiceContext := UnknownServiceContext&quot;, &quot;id := org.omg.IOP.ExceptionDetailMessage#value&quot;, &quot;data := ServiceContexts#unmarshal(java.lang.Integer, byte[])#1&quot; }"/>
        </annotation>
    </item>
    <item name='com.sun.corba.se.spi.servicecontext.UnknownServiceContext UnknownServiceContext(int, org.omg.CORBA_2_3.portable.InputStream)'>
        <annotation name='com.intellij.inspections.tainted.annotation.equation.Equations'>
            <val val="{ &quot;UnknownServiceContext := UnknownServiceContext&quot; }"/>
        </annotation>
    </item>
    <item name='com.sun.corba.se.spi.servicecontext.UnknownServiceContext byte[] getData()'>
        <annotation name='com.intellij.inspections.tainted.annotation.equation.Equations'>
            <val val="{ &quot;getData := UnknownServiceContext&quot; }"/>
        </annotation>
    </item>
    <item name='com.sun.corba.se.spi.servicecontext.UnknownServiceContext int getId()'>
        <annotation name='com.intellij.inspections.tainted.annotation.equation.Equations'>
            <val val="{ &quot;getId := UnknownServiceContext&quot; }"/>
        </annotation>
    </item>
</root>