<root>
    <item name='com.sun.corba.se.spi.protocol.CorbaMessageMediator byte getEncodingVersion()'>
        <annotation name='com.intellij.inspections.tainted.annotation.equation.Equations'>
            <val val="{ &quot;getEncodingVersion := com.sun.corba.se.impl.protocol.CorbaMessageMediatorImpl#getEncodingVersion()&quot; }"/>
        </annotation>
    </item>
    <item name='com.sun.corba.se.spi.protocol.CorbaMessageMediator byte getStreamFormatVersion()'>
        <annotation name='com.intellij.inspections.tainted.annotation.equation.Equations'>
            <val val="{ &quot;getStreamFormatVersion := com.sun.corba.se.impl.protocol.CorbaMessageMediatorImpl#getStreamFormatVersion()&quot; }"/>
        </annotation>
    </item>
    <item name='com.sun.corba.se.spi.protocol.CorbaMessageMediator byte getStreamFormatVersionForReply()'>
        <annotation name='com.intellij.inspections.tainted.annotation.equation.Equations'>
            <val val="{ &quot;getStreamFormatVersionForReply := com.sun.corba.se.impl.protocol.CorbaMessageMediatorImpl#getStreamFormatVersionForReply()&quot; }"/>
        </annotation>
    </item>
    <item name='com.sun.corba.se.spi.protocol.CorbaMessageMediator com.sun.corba.se.impl.protocol.giopmsgheaders.LocateReplyMessage getLocateReplyHeader()'>
        <annotation name='com.intellij.inspections.tainted.annotation.equation.Equations'>
            <val val="{ &quot;getLocateReplyHeader := com.sun.corba.se.impl.protocol.CorbaMessageMediatorImpl#getLocateReplyHeader()&quot; }"/>
        </annotation>
    </item>
    <item name='com.sun.corba.se.spi.protocol.CorbaMessageMediator com.sun.corba.se.impl.protocol.giopmsgheaders.Message getDispatchHeader()'>
        <annotation name='com.intellij.inspections.tainted.annotation.equation.Equations'>
            <val val="{ &quot;getDispatchHeader := com.sun.corba.se.impl.protocol.CorbaMessageMediatorImpl#getDispatchHeader()&quot; }"/>
        </annotation>
    </item>
    <item name='com.sun.corba.se.spi.protocol.CorbaMessageMediator com.sun.corba.se.impl.protocol.giopmsgheaders.ReplyMessage getReplyHeader()'>
        <annotation name='com.intellij.inspections.tainted.annotation.equation.Equations'>
            <val val="{ &quot;getReplyHeader := com.sun.corba.se.impl.protocol.CorbaMessageMediatorImpl#getReplyHeader()&quot; }"/>
        </annotation>
    </item>
    <item name='com.sun.corba.se.spi.protocol.CorbaMessageMediator com.sun.corba.se.impl.protocol.giopmsgheaders.RequestMessage getRequestHeader()'>
        <annotation name='com.intellij.inspections.tainted.annotation.equation.Equations'>
            <val val="{ &quot;getRequestHeader := com.sun.corba.se.impl.protocol.CorbaMessageMediatorImpl#getRequestHeader()&quot; }"/>
        </annotation>
    </item>
    <item name='com.sun.corba.se.spi.protocol.CorbaMessageMediator com.sun.corba.se.spi.ior.IOR getForwardedIOR()'>
        <annotation name='com.intellij.inspections.tainted.annotation.equation.Equations'>
            <val val="{ &quot;getForwardedIOR := com.sun.corba.se.impl.protocol.CorbaMessageMediatorImpl#getForwardedIOR()&quot; }"/>
        </annotation>
    </item>
    <item name='com.sun.corba.se.spi.protocol.CorbaMessageMediator com.sun.corba.se.spi.ior.ObjectKey getObjectKey()'>
        <annotation name='com.intellij.inspections.tainted.annotation.equation.Equations'>
            <val val="{ &quot;getObjectKey := com.sun.corba.se.impl.protocol.CorbaMessageMediatorImpl#getObjectKey()&quot; }"/>
        </annotation>
    </item>
    <item name='com.sun.corba.se.spi.protocol.CorbaMessageMediator com.sun.corba.se.spi.ior.iiop.GIOPVersion getGIOPVersion()'>
        <annotation name='com.intellij.inspections.tainted.annotation.equation.Equations'>
            <val val="{ &quot;getGIOPVersion := com.sun.corba.se.impl.protocol.CorbaMessageMediatorImpl#getGIOPVersion()&quot; }"/>
        </annotation>
    </item>
    <item name='com.sun.corba.se.spi.protocol.CorbaMessageMediator com.sun.corba.se.spi.protocol.CorbaProtocolHandler getProtocolHandler()'>
        <annotation name='com.intellij.inspections.tainted.annotation.equation.Equations'>
            <val val="{ &quot;getProtocolHandler := com.sun.corba.se.impl.protocol.CorbaMessageMediatorImpl#getProtocolHandler()&quot; }"/>
        </annotation>
    </item>
    <item name='com.sun.corba.se.spi.protocol.CorbaMessageMediator com.sun.corba.se.spi.servicecontext.ServiceContexts getReplyServiceContexts()'>
        <annotation name='com.intellij.inspections.tainted.annotation.equation.Equations'>
            <val val="{ &quot;getReplyServiceContexts := com.sun.corba.se.impl.protocol.CorbaMessageMediatorImpl#getReplyServiceContexts()&quot; }"/>
        </annotation>
    </item>
    <item name='com.sun.corba.se.spi.protocol.CorbaMessageMediator com.sun.corba.se.spi.servicecontext.ServiceContexts getRequestServiceContexts()'>
        <annotation name='com.intellij.inspections.tainted.annotation.equation.Equations'>
            <val val="{ &quot;getRequestServiceContexts := com.sun.corba.se.impl.protocol.CorbaMessageMediatorImpl#getRequestServiceContexts()&quot; }"/>
        </annotation>
    </item>
    <item name='com.sun.corba.se.spi.protocol.CorbaMessageMediator int getRequestId()'>
        <annotation name='com.intellij.inspections.tainted.annotation.equation.Equations'>
            <val val="{ &quot;getRequestId := com.sun.corba.se.impl.protocol.CorbaMessageMediatorImpl#getRequestId()&quot; }"/>
        </annotation>
    </item>
    <item name='com.sun.corba.se.spi.protocol.CorbaMessageMediator int getThreadPoolToUse()'>
        <annotation name='com.intellij.inspections.tainted.annotation.equation.Equations'>
            <val val="{ &quot;getThreadPoolToUse := com.sun.corba.se.impl.protocol.CorbaMessageMediatorImpl#getThreadPoolToUse()&quot; }"/>
        </annotation>
    </item>
    <item name='com.sun.corba.se.spi.protocol.CorbaMessageMediator java.lang.Exception unmarshalDIIUserException(java.lang.String, org.omg.CORBA_2_3.portable.InputStream)'>
        <annotation name='com.intellij.inspections.tainted.annotation.equation.Equations'>
            <val val="{ &quot;repoId := com.sun.corba.se.impl.protocol.CorbaMessageMediatorImpl#unmarshalDIIUserException(java.lang.String, org.omg.CORBA_2_3.portable.InputStream)#0&quot;, &quot;inputStream := com.sun.corba.se.impl.protocol.CorbaClientRequestDispatcherImpl#processResponse(com.sun.corba.se.spi.orb.ORB, com.sun.corba.se.spi.protocol.CorbaMessageMediator, com.sun.corba.se.pept.encoding.InputObject)#2 &amp; com.sun.corba.se.impl.protocol.CorbaMessageMediatorImpl#unmarshalDIIUserException(java.lang.String, org.omg.CORBA_2_3.portable.InputStream)#1&quot;, &quot;unmarshalDIIUserException := com.sun.corba.se.impl.protocol.CorbaMessageMediatorImpl#unmarshalDIIUserException(java.lang.String, org.omg.CORBA_2_3.portable.InputStream)&quot; }"/>
        </annotation>
    </item>
    <item name='com.sun.corba.se.spi.protocol.CorbaMessageMediator java.lang.Integer getRequestIdInteger()'>
        <annotation name='com.intellij.inspections.tainted.annotation.equation.Equations'>
            <val val="{ &quot;getRequestIdInteger := com.sun.corba.se.impl.protocol.CorbaMessageMediatorImpl#getRequestIdInteger()&quot; }"/>
        </annotation>
    </item>
    <item name='com.sun.corba.se.spi.protocol.CorbaMessageMediator java.lang.String getOperationName()'>
        <annotation name='com.intellij.inspections.tainted.annotation.equation.Equations'>
            <val val="{ &quot;getOperationName := com.sun.corba.se.impl.protocol.CorbaMessageMediatorImpl#getOperationName()&quot; }"/>
        </annotation>
    </item>
    <item name='com.sun.corba.se.spi.protocol.CorbaMessageMediator java.nio.ByteBuffer getDispatchBuffer()'>
        <annotation name='com.intellij.inspections.tainted.annotation.equation.Equations'>
            <val val="{ &quot;getDispatchBuffer := com.sun.corba.se.impl.protocol.CorbaMessageMediatorImpl#getDispatchBuffer()&quot; }"/>
        </annotation>
    </item>
    <item name='com.sun.corba.se.spi.protocol.CorbaMessageMediator org.omg.CORBA.SystemException getSystemExceptionReply()'>
        <annotation name='com.intellij.inspections.tainted.annotation.equation.Equations'>
            <val val="{ &quot;getSystemExceptionReply := com.sun.corba.se.impl.protocol.CorbaMessageMediatorImpl#getSystemExceptionReply()&quot; }"/>
        </annotation>
    </item>
    <item name='com.sun.corba.se.spi.protocol.CorbaMessageMediator org.omg.CORBA.portable.OutputStream createExceptionReply()'>
        <annotation name='com.intellij.inspections.tainted.annotation.equation.Equations'>
            <val val="{ &quot;createExceptionReply := com.sun.corba.se.impl.protocol.CorbaMessageMediatorImpl#createExceptionReply()&quot; }"/>
        </annotation>
    </item>
    <item name='com.sun.corba.se.spi.protocol.CorbaMessageMediator org.omg.CORBA.portable.OutputStream createReply()'>
        <annotation name='com.intellij.inspections.tainted.annotation.equation.Equations'>
            <val val="{ &quot;createReply := com.sun.corba.se.impl.protocol.CorbaMessageMediatorImpl#createReply()&quot; }"/>
        </annotation>
    </item>
    <item name='com.sun.corba.se.spi.protocol.CorbaMessageMediator short getAddrDisposition()'>
        <annotation name='com.intellij.inspections.tainted.annotation.equation.Equations'>
            <val val="{ &quot;getAddrDisposition := com.sun.corba.se.impl.protocol.CorbaMessageMediatorImpl#getAddrDisposition()&quot; }"/>
        </annotation>
    </item>
    <item name='com.sun.corba.se.spi.protocol.CorbaMessageMediator short getAddrDispositionReply()'>
        <annotation name='com.intellij.inspections.tainted.annotation.equation.Equations'>
            <val val="{ &quot;getAddrDispositionReply := com.sun.corba.se.impl.protocol.CorbaMessageMediatorImpl#getAddrDispositionReply()&quot; }"/>
        </annotation>
    </item>
    <item name='com.sun.corba.se.spi.protocol.CorbaMessageMediator void handleDIIReply(org.omg.CORBA_2_3.portable.InputStream)'>
        <annotation name='com.intellij.inspections.tainted.annotation.equation.Equations'>
            <val val="{ &quot;inputStream := com.sun.corba.se.impl.protocol.CorbaMessageMediatorImpl#handleDIIReply(org.omg.CORBA_2_3.portable.InputStream)#0&quot; }"/>
        </annotation>
    </item>
    <item name='com.sun.corba.se.spi.protocol.CorbaMessageMediator void setDIIException(java.lang.Exception)'>
        <annotation name='com.intellij.inspections.tainted.annotation.equation.Equations'>
            <val val="{ &quot;exception := com.sun.corba.se.impl.protocol.CorbaMessageMediatorImpl#setDIIException(java.lang.Exception)#0&quot; }"/>
        </annotation>
    </item>
    <item name='com.sun.corba.se.spi.protocol.CorbaMessageMediator void setDIIInfo(org.omg.CORBA.Request)'>
        <annotation name='com.intellij.inspections.tainted.annotation.equation.Equations'>
            <val val="{ &quot;request := com.sun.corba.se.impl.protocol.CorbaMessageMediatorImpl#setDIIInfo(org.omg.CORBA.Request)#0&quot; }"/>
        </annotation>
    </item>
    <item name='com.sun.corba.se.spi.protocol.CorbaMessageMediator void setDispatchBuffer(java.nio.ByteBuffer)'>
        <annotation name='com.intellij.inspections.tainted.annotation.equation.Equations'>
            <val val="{ &quot;byteBuffer := com.sun.corba.se.impl.protocol.CorbaMessageMediatorImpl#setDispatchBuffer(java.nio.ByteBuffer)#0&quot; }"/>
        </annotation>
    </item>
    <item name='com.sun.corba.se.spi.protocol.CorbaMessageMediator void setDispatchHeader(com.sun.corba.se.impl.protocol.giopmsgheaders.Message)'>
        <annotation name='com.intellij.inspections.tainted.annotation.equation.Equations'>
            <val val="{ &quot;msg := com.sun.corba.se.impl.protocol.CorbaMessageMediatorImpl#setDispatchHeader(com.sun.corba.se.impl.protocol.giopmsgheaders.Message)#0&quot; }"/>
        </annotation>
    </item>
    <item name='com.sun.corba.se.spi.protocol.CorbaMessageMediator void setProtocolHandler(com.sun.corba.se.spi.protocol.CorbaProtocolHandler)'>
        <annotation name='com.intellij.inspections.tainted.annotation.equation.Equations'>
            <val val="{ &quot;protocolHandler := com.sun.corba.se.impl.protocol.CorbaMessageMediatorImpl#setProtocolHandler(com.sun.corba.se.spi.protocol.CorbaProtocolHandler)#0&quot; }"/>
        </annotation>
    </item>
    <item name='com.sun.corba.se.spi.protocol.CorbaMessageMediator void setReplyExceptionDetailMessage(java.lang.String)'>
        <annotation name='com.intellij.inspections.tainted.annotation.equation.Equations'>
            <val val="{ &quot;message := com.sun.corba.se.impl.protocol.CorbaMessageMediatorImpl#setReplyExceptionDetailMessage(java.lang.String)#0&quot; }"/>
        </annotation>
    </item>
    <item name='com.sun.corba.se.spi.protocol.CorbaMessageMediator void setReplyHeader(com.sun.corba.se.impl.protocol.giopmsgheaders.LocateReplyOrReplyMessage)'>
        <annotation name='com.intellij.inspections.tainted.annotation.equation.Equations'>
            <val val="{ &quot;header := com.sun.corba.se.impl.protocol.CorbaMessageMediatorImpl#setReplyHeader(com.sun.corba.se.impl.protocol.giopmsgheaders.LocateReplyOrReplyMessage)#0&quot; }"/>
        </annotation>
    </item>
    <item name='com.sun.corba.se.spi.protocol.CorbaProtocolHandler com.sun.corba.se.spi.protocol.CorbaMessageMediator createLocationForward(com.sun.corba.se.spi.protocol.CorbaMessageMediator, com.sun.corba.se.spi.ior.IOR, com.sun.corba.se.spi.servicecontext.ServiceContexts)'>
        <annotation name='com.intellij.inspections.tainted.annotation.equation.Equations'>
            <val val="{ &quot;messageMediator := com.sun.corba.se.impl.protocol.INSServerRequestDispatcher#dispatch(com.sun.corba.se.pept.protocol.MessageMediator)#0 &amp; com.sun.corba.se.impl.protocol.CorbaServerRequestDispatcherImpl#dispatch(com.sun.corba.se.pept.protocol.MessageMediator)#0 &amp; com.sun.corba.se.impl.protocol.CorbaMessageMediatorImpl#createLocationForward(com.sun.corba.se.spi.protocol.CorbaMessageMediator, com.sun.corba.se.spi.ior.IOR, com.sun.corba.se.spi.servicecontext.ServiceContexts)#0&quot;, &quot;svc := com.sun.corba.se.impl.protocol.CorbaMessageMediatorImpl#createLocationForward(com.sun.corba.se.spi.protocol.CorbaMessageMediator, com.sun.corba.se.spi.ior.IOR, com.sun.corba.se.spi.servicecontext.ServiceContexts)#2&quot;, &quot;ior := com.sun.corba.se.impl.protocol.CorbaMessageMediatorImpl#createLocationForward(com.sun.corba.se.spi.protocol.CorbaMessageMediator, com.sun.corba.se.spi.ior.IOR, com.sun.corba.se.spi.servicecontext.ServiceContexts)#1&quot;, &quot;createLocationForward := com.sun.corba.se.impl.protocol.CorbaMessageMediatorImpl#createLocationForward(com.sun.corba.se.spi.protocol.CorbaMessageMediator, com.sun.corba.se.spi.ior.IOR, com.sun.corba.se.spi.servicecontext.ServiceContexts)&quot; }"/>
        </annotation>
    </item>
    <item name='com.sun.corba.se.spi.protocol.CorbaProtocolHandler com.sun.corba.se.spi.protocol.CorbaMessageMediator createResponse(com.sun.corba.se.spi.protocol.CorbaMessageMediator, com.sun.corba.se.spi.servicecontext.ServiceContexts)'>
        <annotation name='com.intellij.inspections.tainted.annotation.equation.Equations'>
            <val val="{ &quot;svc := com.sun.corba.se.impl.protocol.CorbaMessageMediatorImpl#createResponse(com.sun.corba.se.spi.protocol.CorbaMessageMediator, com.sun.corba.se.spi.servicecontext.ServiceContexts)#1&quot;, &quot;messageMediator := com.sun.corba.se.impl.protocol.CorbaMessageMediatorImpl#createResponse(com.sun.corba.se.spi.protocol.CorbaMessageMediator, com.sun.corba.se.spi.servicecontext.ServiceContexts)#0&quot;, &quot;createResponse := com.sun.corba.se.impl.protocol.CorbaMessageMediatorImpl#createResponse(com.sun.corba.se.spi.protocol.CorbaMessageMediator, com.sun.corba.se.spi.servicecontext.ServiceContexts)&quot; }"/>
        </annotation>
    </item>
    <item name='com.sun.corba.se.spi.protocol.CorbaProtocolHandler com.sun.corba.se.spi.protocol.CorbaMessageMediator createSystemExceptionResponse(com.sun.corba.se.spi.protocol.CorbaMessageMediator, org.omg.CORBA.SystemException, com.sun.corba.se.spi.servicecontext.ServiceContexts)'>
        <annotation name='com.intellij.inspections.tainted.annotation.equation.Equations'>
            <val val="{ &quot;svc := com.sun.corba.se.impl.protocol.CorbaMessageMediatorImpl#createSystemExceptionResponse(com.sun.corba.se.spi.protocol.CorbaMessageMediator, org.omg.CORBA.SystemException, com.sun.corba.se.spi.servicecontext.ServiceContexts)#2&quot;, &quot;createSystemExceptionResponse := com.sun.corba.se.impl.protocol.CorbaMessageMediatorImpl#createSystemExceptionResponse(com.sun.corba.se.spi.protocol.CorbaMessageMediator, org.omg.CORBA.SystemException, com.sun.corba.se.spi.servicecontext.ServiceContexts)&quot;, &quot;messageMediator := com.sun.corba.se.impl.protocol.CorbaMessageMediatorImpl#createSystemExceptionResponse(com.sun.corba.se.spi.protocol.CorbaMessageMediator, org.omg.CORBA.SystemException, com.sun.corba.se.spi.servicecontext.ServiceContexts)#0&quot;, &quot;ex := com.sun.corba.se.impl.protocol.CorbaMessageMediatorImpl#createSystemExceptionResponse(com.sun.corba.se.spi.protocol.CorbaMessageMediator, org.omg.CORBA.SystemException, com.sun.corba.se.spi.servicecontext.ServiceContexts)#1&quot; }"/>
        </annotation>
    </item>
    <item name='com.sun.corba.se.spi.protocol.CorbaProtocolHandler com.sun.corba.se.spi.protocol.CorbaMessageMediator createUnknownExceptionResponse(com.sun.corba.se.spi.protocol.CorbaMessageMediator, org.omg.CORBA.portable.UnknownException)'>
        <annotation name='com.intellij.inspections.tainted.annotation.equation.Equations'>
            <val val="{ &quot;ex := com.sun.corba.se.impl.protocol.CorbaMessageMediatorImpl#createUnknownExceptionResponse(com.sun.corba.se.spi.protocol.CorbaMessageMediator, org.omg.CORBA.portable.UnknownException)#1&quot;, &quot;messageMediator := com.sun.corba.se.impl.protocol.CorbaMessageMediatorImpl#createUnknownExceptionResponse(com.sun.corba.se.spi.protocol.CorbaMessageMediator, org.omg.CORBA.portable.UnknownException)#0&quot;, &quot;createUnknownExceptionResponse := com.sun.corba.se.impl.protocol.CorbaMessageMediatorImpl#createUnknownExceptionResponse(com.sun.corba.se.spi.protocol.CorbaMessageMediator, org.omg.CORBA.portable.UnknownException)&quot; }"/>
        </annotation>
    </item>
    <item name='com.sun.corba.se.spi.protocol.CorbaProtocolHandler com.sun.corba.se.spi.protocol.CorbaMessageMediator createUserExceptionResponse(com.sun.corba.se.spi.protocol.CorbaMessageMediator, com.sun.corba.se.spi.servicecontext.ServiceContexts)'>
        <annotation name='com.intellij.inspections.tainted.annotation.equation.Equations'>
            <val val="{ &quot;createUserExceptionResponse := com.sun.corba.se.impl.protocol.CorbaMessageMediatorImpl#createUserExceptionResponse(com.sun.corba.se.spi.protocol.CorbaMessageMediator, com.sun.corba.se.spi.servicecontext.ServiceContexts)&quot;, &quot;messageMediator := com.sun.corba.se.impl.protocol.CorbaMessageMediatorImpl#createUserExceptionResponse(com.sun.corba.se.spi.protocol.CorbaMessageMediator, com.sun.corba.se.spi.servicecontext.ServiceContexts)#0&quot;, &quot;svc := com.sun.corba.se.impl.protocol.CorbaMessageMediatorImpl#createUserExceptionResponse(com.sun.corba.se.spi.protocol.CorbaMessageMediator, com.sun.corba.se.spi.servicecontext.ServiceContexts)#1&quot; }"/>
        </annotation>
    </item>
    <item name='com.sun.corba.se.spi.protocol.CorbaProtocolHandler void handleRequest(com.sun.corba.se.impl.protocol.giopmsgheaders.LocateRequestMessage, com.sun.corba.se.spi.protocol.CorbaMessageMediator)'>
        <annotation name='com.intellij.inspections.tainted.annotation.equation.Equations'>
            <val val="{ &quot;header := com.sun.corba.se.impl.protocol.CorbaMessageMediatorImpl#handleRequest(com.sun.corba.se.impl.protocol.giopmsgheaders.LocateRequestMessage, com.sun.corba.se.spi.protocol.CorbaMessageMediator)#0&quot;, &quot;messageMediator := com.sun.corba.se.impl.protocol.CorbaMessageMediatorImpl#handleRequest(com.sun.corba.se.impl.protocol.giopmsgheaders.LocateRequestMessage, com.sun.corba.se.spi.protocol.CorbaMessageMediator)#1&quot; }"/>
        </annotation>
    </item>
    <item name='com.sun.corba.se.spi.protocol.CorbaProtocolHandler void handleRequest(com.sun.corba.se.impl.protocol.giopmsgheaders.RequestMessage, com.sun.corba.se.spi.protocol.CorbaMessageMediator)'>
        <annotation name='com.intellij.inspections.tainted.annotation.equation.Equations'>
            <val val="{ &quot;header := com.sun.corba.se.impl.protocol.CorbaMessageMediatorImpl#handleRequest(com.sun.corba.se.impl.protocol.giopmsgheaders.RequestMessage, com.sun.corba.se.spi.protocol.CorbaMessageMediator)#0&quot;, &quot;messageMediator := com.sun.corba.se.impl.protocol.CorbaMessageMediatorImpl#handleRequest(com.sun.corba.se.impl.protocol.giopmsgheaders.RequestMessage, com.sun.corba.se.spi.protocol.CorbaMessageMediator)#1&quot; }"/>
        </annotation>
    </item>
    <item name='com.sun.corba.se.spi.protocol.CorbaProtocolHandler void handleThrowableDuringServerDispatch(com.sun.corba.se.spi.protocol.CorbaMessageMediator, java.lang.Throwable, org.omg.CORBA.CompletionStatus)'>
        <annotation name='com.intellij.inspections.tainted.annotation.equation.Equations'>
            <val val="{ &quot;completionStatus := com.sun.corba.se.impl.protocol.CorbaMessageMediatorImpl#handleThrowableDuringServerDispatch(com.sun.corba.se.spi.protocol.CorbaMessageMediator, java.lang.Throwable, org.omg.CORBA.CompletionStatus)#2&quot;, &quot;request := com.sun.corba.se.impl.protocol.CorbaMessageMediatorImpl#handleThrowableDuringServerDispatch(com.sun.corba.se.spi.protocol.CorbaMessageMediator, java.lang.Throwable, org.omg.CORBA.CompletionStatus)#0&quot;, &quot;exception := com.sun.corba.se.impl.protocol.CorbaMessageMediatorImpl#handleThrowableDuringServerDispatch(com.sun.corba.se.spi.protocol.CorbaMessageMediator, java.lang.Throwable, org.omg.CORBA.CompletionStatus)#1&quot; }"/>
        </annotation>
    </item>
    <item name='com.sun.corba.se.spi.protocol.CorbaServerRequestDispatcher com.sun.corba.se.spi.ior.IOR locate(com.sun.corba.se.spi.ior.ObjectKey)'>
        <annotation name='com.intellij.inspections.tainted.annotation.equation.Equations'>
            <val val="{ &quot;key := com.sun.corba.se.impl.protocol.INSServerRequestDispatcher#locate(com.sun.corba.se.spi.ior.ObjectKey)#0 &amp; com.sun.corba.se.impl.protocol.BootstrapServerRequestDispatcher#locate(com.sun.corba.se.spi.ior.ObjectKey)#0 &amp; com.sun.corba.se.impl.protocol.CorbaServerRequestDispatcherImpl#locate(com.sun.corba.se.spi.ior.ObjectKey)#0&quot;, &quot;locate := com.sun.corba.se.impl.protocol.INSServerRequestDispatcher#locate(com.sun.corba.se.spi.ior.ObjectKey) &amp; com.sun.corba.se.impl.protocol.BootstrapServerRequestDispatcher#locate(com.sun.corba.se.spi.ior.ObjectKey) &amp; com.sun.corba.se.impl.protocol.CorbaServerRequestDispatcherImpl#locate(com.sun.corba.se.spi.ior.ObjectKey)&quot; }"/>
        </annotation>
    </item>
    <item name='com.sun.corba.se.spi.protocol.ForwardException ForwardException(com.sun.corba.se.spi.orb.ORB, com.sun.corba.se.spi.ior.IOR)'>
        <annotation name='com.intellij.inspections.tainted.annotation.equation.Equations'>
            <val val="{ &quot;ForwardException := ForwardException&quot; }"/>
        </annotation>
    </item>
    <item name='com.sun.corba.se.spi.protocol.ForwardException ForwardException(com.sun.corba.se.spi.orb.ORB, org.omg.CORBA.Object)'>
        <annotation name='com.intellij.inspections.tainted.annotation.equation.Equations'>
            <val val="{ &quot;ForwardException := ForwardException&quot; }"/>
        </annotation>
    </item>
    <item name='com.sun.corba.se.spi.protocol.ForwardException com.sun.corba.se.spi.ior.IOR getIOR()'>
        <annotation name='com.intellij.inspections.tainted.annotation.equation.Equations'>
            <val val="{ &quot;getIOR := ForwardException&quot; }"/>
        </annotation>
    </item>
    <item name='com.sun.corba.se.spi.protocol.ForwardException org.omg.CORBA.Object getObject()'>
        <annotation name='com.intellij.inspections.tainted.annotation.equation.Equations'>
            <val val="{ &quot;getObject := ForwardException&quot; }"/>
        </annotation>
    </item>
    <item name='com.sun.corba.se.spi.protocol.LocalClientRequestDispatcher boolean is_local(org.omg.CORBA.Object)'>
        <annotation name='com.intellij.inspections.tainted.annotation.equation.Equations'>
            <val val="{ &quot;self := com.sun.corba.se.impl.protocol.NotLocalLocalCRDImpl#is_local(org.omg.CORBA.Object)#0 &amp; com.sun.corba.se.impl.protocol.LocalClientRequestDispatcherBase#is_local(org.omg.CORBA.Object)#0&quot; }"/>
        </annotation>
    </item>
    <item name='com.sun.corba.se.spi.protocol.LocalClientRequestDispatcher boolean useLocalInvocation(org.omg.CORBA.Object)'>
        <annotation name='com.intellij.inspections.tainted.annotation.equation.Equations'>
            <val val="{ &quot;self := com.sun.corba.se.impl.protocol.LocalClientRequestDispatcherBase#useLocalInvocation(org.omg.CORBA.Object)#0 &amp; com.sun.corba.se.impl.protocol.NotLocalLocalCRDImpl#useLocalInvocation(org.omg.CORBA.Object)#0 &amp; com.sun.corba.se.impl.protocol.NotLocalLocalCRDImpl#useLocalInvocation(org.omg.CORBA.Object)#0&quot; }"/>
        </annotation>
    </item>
    <item name='com.sun.corba.se.spi.protocol.LocalClientRequestDispatcher org.omg.CORBA.portable.ServantObject servant_preinvoke(org.omg.CORBA.Object, java.lang.String, java.lang.Class)'>
        <annotation name='com.intellij.inspections.tainted.annotation.equation.Equations'>
            <val val="{ &quot;servant_preinvoke := com.sun.corba.se.impl.protocol.JIDLLocalCRDImpl#servant_preinvoke(org.omg.CORBA.Object, java.lang.String, java.lang.Class) &amp; com.sun.corba.se.impl.protocol.POALocalCRDImpl#servant_preinvoke(org.omg.CORBA.Object, java.lang.String, java.lang.Class) &amp; com.sun.corba.se.impl.protocol.NotLocalLocalCRDImpl#servant_preinvoke(org.omg.CORBA.Object, java.lang.String, java.lang.Class) &amp; com.sun.corba.se.impl.protocol.FullServantCacheLocalCRDImpl#servant_preinvoke(org.omg.CORBA.Object, java.lang.String, java.lang.Class) &amp; com.sun.corba.se.impl.protocol.MinimalServantCacheLocalCRDImpl#servant_preinvoke(org.omg.CORBA.Object, java.lang.String, java.lang.Class) &amp; com.sun.corba.se.impl.protocol.InfoOnlyServantCacheLocalCRDImpl#servant_preinvoke(org.omg.CORBA.Object, java.lang.String, java.lang.Class)&quot;, &quot;operation := com.sun.corba.se.impl.protocol.JIDLLocalCRDImpl#servant_preinvoke(org.omg.CORBA.Object, java.lang.String, java.lang.Class)#1 &amp; com.sun.corba.se.impl.protocol.POALocalCRDImpl#servant_preinvoke(org.omg.CORBA.Object, java.lang.String, java.lang.Class)#1 &amp; com.sun.corba.se.impl.protocol.NotLocalLocalCRDImpl#servant_preinvoke(org.omg.CORBA.Object, java.lang.String, java.lang.Class)#1 &amp; com.sun.corba.se.impl.protocol.FullServantCacheLocalCRDImpl#servant_preinvoke(org.omg.CORBA.Object, java.lang.String, java.lang.Class)#1 &amp; com.sun.corba.se.impl.protocol.MinimalServantCacheLocalCRDImpl#servant_preinvoke(org.omg.CORBA.Object, java.lang.String, java.lang.Class)#1 &amp; com.sun.corba.se.impl.protocol.CorbaClientDelegateImpl#servant_preinvoke(org.omg.CORBA.Object, java.lang.String, java.lang.Class)#1 &amp; com.sun.corba.se.impl.protocol.InfoOnlyServantCacheLocalCRDImpl#servant_preinvoke(org.omg.CORBA.Object, java.lang.String, java.lang.Class)#1&quot;, &quot;expectedType := com.sun.corba.se.impl.protocol.JIDLLocalCRDImpl#servant_preinvoke(org.omg.CORBA.Object, java.lang.String, java.lang.Class)#2 &amp; com.sun.corba.se.impl.protocol.POALocalCRDImpl#servant_preinvoke(org.omg.CORBA.Object, java.lang.String, java.lang.Class)#2 &amp; com.sun.corba.se.impl.protocol.NotLocalLocalCRDImpl#servant_preinvoke(org.omg.CORBA.Object, java.lang.String, java.lang.Class)#2 &amp; com.sun.corba.se.impl.protocol.FullServantCacheLocalCRDImpl#servant_preinvoke(org.omg.CORBA.Object, java.lang.String, java.lang.Class)#2 &amp; com.sun.corba.se.impl.protocol.MinimalServantCacheLocalCRDImpl#servant_preinvoke(org.omg.CORBA.Object, java.lang.String, java.lang.Class)#2 &amp; com.sun.corba.se.impl.protocol.CorbaClientDelegateImpl#servant_preinvoke(org.omg.CORBA.Object, java.lang.String, java.lang.Class)#2 &amp; com.sun.corba.se.impl.protocol.InfoOnlyServantCacheLocalCRDImpl#servant_preinvoke(org.omg.CORBA.Object, java.lang.String, java.lang.Class)#2&quot;, &quot;self := com.sun.corba.se.impl.protocol.JIDLLocalCRDImpl#servant_preinvoke(org.omg.CORBA.Object, java.lang.String, java.lang.Class)#0 &amp; com.sun.corba.se.impl.protocol.POALocalCRDImpl#servant_preinvoke(org.omg.CORBA.Object, java.lang.String, java.lang.Class)#0 &amp; com.sun.corba.se.impl.protocol.NotLocalLocalCRDImpl#servant_preinvoke(org.omg.CORBA.Object, java.lang.String, java.lang.Class)#0 &amp; com.sun.corba.se.impl.protocol.FullServantCacheLocalCRDImpl#servant_preinvoke(org.omg.CORBA.Object, java.lang.String, java.lang.Class)#0 &amp; com.sun.corba.se.impl.protocol.MinimalServantCacheLocalCRDImpl#servant_preinvoke(org.omg.CORBA.Object, java.lang.String, java.lang.Class)#0 &amp; com.sun.corba.se.impl.protocol.CorbaClientDelegateImpl#servant_preinvoke(org.omg.CORBA.Object, java.lang.String, java.lang.Class)#0 &amp; com.sun.corba.se.impl.protocol.InfoOnlyServantCacheLocalCRDImpl#servant_preinvoke(org.omg.CORBA.Object, java.lang.String, java.lang.Class)#0&quot; }"/>
        </annotation>
    </item>
    <item name='com.sun.corba.se.spi.protocol.LocalClientRequestDispatcher void servant_postinvoke(org.omg.CORBA.Object, org.omg.CORBA.portable.ServantObject)'>
        <annotation name='com.intellij.inspections.tainted.annotation.equation.Equations'>
            <val val="{ &quot;self := com.sun.corba.se.impl.protocol.CorbaClientDelegateImpl#servant_postinvoke(org.omg.CORBA.Object, org.omg.CORBA.portable.ServantObject)#0 &amp; com.sun.corba.se.impl.protocol.JIDLLocalCRDImpl#servant_postinvoke(org.omg.CORBA.Object, org.omg.CORBA.portable.ServantObject)#0 &amp; com.sun.corba.se.impl.protocol.POALocalCRDImpl#servant_postinvoke(org.omg.CORBA.Object, org.omg.CORBA.portable.ServantObject)#0 &amp; com.sun.corba.se.impl.protocol.NotLocalLocalCRDImpl#servant_postinvoke(org.omg.CORBA.Object, org.omg.CORBA.portable.ServantObject)#0 &amp; com.sun.corba.se.impl.protocol.FullServantCacheLocalCRDImpl#servant_postinvoke(org.omg.CORBA.Object, org.omg.CORBA.portable.ServantObject)#0 &amp; com.sun.corba.se.impl.protocol.MinimalServantCacheLocalCRDImpl#servant_postinvoke(org.omg.CORBA.Object, org.omg.CORBA.portable.ServantObject)#0 &amp; com.sun.corba.se.impl.protocol.InfoOnlyServantCacheLocalCRDImpl#servant_postinvoke(org.omg.CORBA.Object, org.omg.CORBA.portable.ServantObject)#0&quot;, &quot;servant := com.sun.corba.se.impl.protocol.CorbaClientDelegateImpl#servant_postinvoke(org.omg.CORBA.Object, org.omg.CORBA.portable.ServantObject)#1 &amp; com.sun.corba.se.impl.protocol.JIDLLocalCRDImpl#servant_postinvoke(org.omg.CORBA.Object, org.omg.CORBA.portable.ServantObject)#1 &amp; com.sun.corba.se.impl.protocol.POALocalCRDImpl#servant_postinvoke(org.omg.CORBA.Object, org.omg.CORBA.portable.ServantObject)#1 &amp; com.sun.corba.se.impl.protocol.NotLocalLocalCRDImpl#servant_postinvoke(org.omg.CORBA.Object, org.omg.CORBA.portable.ServantObject)#1 &amp; com.sun.corba.se.impl.protocol.FullServantCacheLocalCRDImpl#servant_postinvoke(org.omg.CORBA.Object, org.omg.CORBA.portable.ServantObject)#1 &amp; com.sun.corba.se.impl.protocol.MinimalServantCacheLocalCRDImpl#servant_postinvoke(org.omg.CORBA.Object, org.omg.CORBA.portable.ServantObject)#1 &amp; com.sun.corba.se.impl.protocol.InfoOnlyServantCacheLocalCRDImpl#servant_postinvoke(org.omg.CORBA.Object, org.omg.CORBA.portable.ServantObject)#1&quot; }"/>
        </annotation>
    </item>
    <item name='com.sun.corba.se.spi.protocol.LocalClientRequestDispatcherFactory com.sun.corba.se.spi.protocol.LocalClientRequestDispatcher create(int, com.sun.corba.se.spi.ior.IOR)'>
        <annotation name='com.intellij.inspections.tainted.annotation.equation.Equations'>
            <val val="{ &quot;ior := com.sun.corba.se.impl.transport.CorbaContactInfoListImpl&quot;, &quot;id := &quot; }"/>
        </annotation>
    </item>
    <item name='com.sun.corba.se.spi.protocol.PIHandler int allocateServerRequestId()'>
        <annotation name='com.intellij.inspections.tainted.annotation.equation.Equations'>
            <val val="{ &quot;allocateServerRequestId := com.sun.corba.se.impl.interceptors.PIHandlerImpl#allocateServerRequestId() &amp; com.sun.corba.se.impl.interceptors.PINoOpHandlerImpl#allocateServerRequestId()&quot; }"/>
        </annotation>
    </item>
    <item name='com.sun.corba.se.spi.protocol.PIHandler java.lang.Exception invokeClientPIEndingPoint(int, java.lang.Exception)'>
        <annotation name='com.intellij.inspections.tainted.annotation.equation.Equations'>
            <val val="{ &quot;exception := com.sun.corba.se.impl.interceptors.PIHandlerImpl#invokeClientPIEndingPoint(int, java.lang.Exception)#1 &amp; com.sun.corba.se.impl.interceptors.PINoOpHandlerImpl#invokeClientPIEndingPoint(int, java.lang.Exception)#1&quot;, &quot;invokeClientPIEndingPoint := com.sun.corba.se.impl.interceptors.PIHandlerImpl#invokeClientPIEndingPoint(int, java.lang.Exception) &amp; com.sun.corba.se.impl.interceptors.PINoOpHandlerImpl#invokeClientPIEndingPoint(int, java.lang.Exception)&quot;, &quot;replyStatus := com.sun.corba.se.impl.interceptors.PIHandlerImpl#invokeClientPIEndingPoint(int, java.lang.Exception)#0 &amp; com.sun.corba.se.impl.interceptors.PINoOpHandlerImpl#invokeClientPIEndingPoint(int, java.lang.Exception)#0&quot; }"/>
        </annotation>
    </item>
    <item name='com.sun.corba.se.spi.protocol.PIHandler java.lang.Exception makeCompletedClientRequest(int, java.lang.Exception)'>
        <annotation name='com.intellij.inspections.tainted.annotation.equation.Equations'>
            <val val="{ &quot;exception := com.sun.corba.se.impl.interceptors.PIHandlerImpl#makeCompletedClientRequest(int, java.lang.Exception)#1 &amp; com.sun.corba.se.impl.interceptors.PINoOpHandlerImpl#makeCompletedClientRequest(int, java.lang.Exception)#1&quot;, &quot;replyStatus := com.sun.corba.se.impl.protocol.giopmsgheaders.ReplyMessage#LOCATION_FORWARD &amp; com.sun.corba.se.impl.interceptors.PIHandlerImpl#makeCompletedClientRequest(int, java.lang.Exception)#0 &amp; com.sun.corba.se.impl.interceptors.PINoOpHandlerImpl#makeCompletedClientRequest(int, java.lang.Exception)#0&quot;, &quot;makeCompletedClientRequest := com.sun.corba.se.impl.interceptors.PIHandlerImpl#makeCompletedClientRequest(int, java.lang.Exception) &amp; com.sun.corba.se.impl.interceptors.PINoOpHandlerImpl#makeCompletedClientRequest(int, java.lang.Exception)&quot; }"/>
        </annotation>
    </item>
    <item name='com.sun.corba.se.spi.protocol.PIHandler org.omg.CORBA.Policy create_policy(int, org.omg.CORBA.Any)'>
        <annotation name='com.intellij.inspections.tainted.annotation.equation.Equations'>
            <val val="{ &quot;type := com.sun.corba.se.impl.orb.ORBImpl#create_policy(int, org.omg.CORBA.Any)#0 &amp; com.sun.corba.se.impl.interceptors.PINoOpHandlerImpl#create_policy(int, org.omg.CORBA.Any)#0 &amp; com.sun.corba.se.impl.interceptors.PIHandlerImpl#create_policy(int, org.omg.CORBA.Any)#0&quot;, &quot;val := com.sun.corba.se.impl.orb.ORBImpl#create_policy(int, org.omg.CORBA.Any)#1 &amp; com.sun.corba.se.impl.interceptors.PINoOpHandlerImpl#create_policy(int, org.omg.CORBA.Any)#1 &amp; com.sun.corba.se.impl.interceptors.PIHandlerImpl#create_policy(int, org.omg.CORBA.Any)#1&quot;, &quot;create_policy := com.sun.corba.se.impl.interceptors.PINoOpHandlerImpl#create_policy(int, org.omg.CORBA.Any) &amp; com.sun.corba.se.impl.interceptors.PIHandlerImpl#create_policy(int, org.omg.CORBA.Any)&quot; }"/>
        </annotation>
    </item>
    <item name='com.sun.corba.se.spi.protocol.PIHandler org.omg.PortableInterceptor.Current getPICurrent()'>
        <annotation name='com.intellij.inspections.tainted.annotation.equation.Equations'>
            <val val="{ &quot;getPICurrent := com.sun.corba.se.impl.interceptors.PIHandlerImpl#getPICurrent() &amp; com.sun.corba.se.impl.interceptors.PINoOpHandlerImpl#getPICurrent()&quot; }"/>
        </annotation>
    </item>
    <item name='com.sun.corba.se.spi.protocol.PIHandler void adapterManagerStateChanged(int, short)'>
        <annotation name='com.intellij.inspections.tainted.annotation.equation.Equations'>
            <val val="{ &quot;managerId := com.sun.corba.se.impl.oa.poa.POAManagerImpl &amp; com.sun.corba.se.impl.interceptors.PIHandlerImpl#adapterManagerStateChanged(int, short)#0 &amp; com.sun.corba.se.impl.interceptors.PINoOpHandlerImpl#adapterManagerStateChanged(int, short)#0&quot;, &quot;newState := com.sun.corba.se.impl.interceptors.PIHandlerImpl#adapterManagerStateChanged(int, short)#1 &amp; com.sun.corba.se.impl.interceptors.PINoOpHandlerImpl#adapterManagerStateChanged(int, short)#1&quot; }"/>
        </annotation>
    </item>
    <item name='com.sun.corba.se.spi.protocol.PIHandler void adapterStateChanged(org.omg.PortableInterceptor.ObjectReferenceTemplate[], short)'>
        <annotation name='com.intellij.inspections.tainted.annotation.equation.Equations'>
            <val val="{ &quot;templates := com.sun.corba.se.impl.interceptors.PIHandlerImpl#adapterStateChanged(org.omg.PortableInterceptor.ObjectReferenceTemplate[], short)#0 &amp; com.sun.corba.se.impl.interceptors.PINoOpHandlerImpl#adapterStateChanged(org.omg.PortableInterceptor.ObjectReferenceTemplate[], short)#0&quot;, &quot;newState := com.sun.corba.se.impl.interceptors.PIHandlerImpl#adapterStateChanged(org.omg.PortableInterceptor.ObjectReferenceTemplate[], short)#1 &amp; com.sun.corba.se.impl.interceptors.PINoOpHandlerImpl#adapterStateChanged(org.omg.PortableInterceptor.ObjectReferenceTemplate[], short)#1&quot; }"/>
        </annotation>
    </item>
    <item name='com.sun.corba.se.spi.protocol.PIHandler void initializeServerPIInfo(com.sun.corba.se.spi.protocol.CorbaMessageMediator, com.sun.corba.se.spi.oa.ObjectAdapter, byte[], com.sun.corba.se.spi.ior.ObjectKeyTemplate)'>
        <annotation name='com.intellij.inspections.tainted.annotation.equation.Equations'>
            <val val="{ &quot;objectId := com.sun.corba.se.impl.interceptors.PIHandlerImpl#initializeServerPIInfo(com.sun.corba.se.spi.protocol.CorbaMessageMediator, com.sun.corba.se.spi.oa.ObjectAdapter, byte[], com.sun.corba.se.spi.ior.ObjectKeyTemplate)#2 &amp; com.sun.corba.se.impl.interceptors.PINoOpHandlerImpl#initializeServerPIInfo(com.sun.corba.se.spi.protocol.CorbaMessageMediator, com.sun.corba.se.spi.oa.ObjectAdapter, byte[], com.sun.corba.se.spi.ior.ObjectKeyTemplate)#2&quot;, &quot;oktemp := com.sun.corba.se.impl.interceptors.PIHandlerImpl#initializeServerPIInfo(com.sun.corba.se.spi.protocol.CorbaMessageMediator, com.sun.corba.se.spi.oa.ObjectAdapter, byte[], com.sun.corba.se.spi.ior.ObjectKeyTemplate)#3 &amp; com.sun.corba.se.impl.interceptors.PINoOpHandlerImpl#initializeServerPIInfo(com.sun.corba.se.spi.protocol.CorbaMessageMediator, com.sun.corba.se.spi.oa.ObjectAdapter, byte[], com.sun.corba.se.spi.ior.ObjectKeyTemplate)#3&quot;, &quot;oa := com.sun.corba.se.impl.interceptors.PIHandlerImpl#initializeServerPIInfo(com.sun.corba.se.spi.protocol.CorbaMessageMediator, com.sun.corba.se.spi.oa.ObjectAdapter, byte[], com.sun.corba.se.spi.ior.ObjectKeyTemplate)#1 &amp; com.sun.corba.se.impl.interceptors.PINoOpHandlerImpl#initializeServerPIInfo(com.sun.corba.se.spi.protocol.CorbaMessageMediator, com.sun.corba.se.spi.oa.ObjectAdapter, byte[], com.sun.corba.se.spi.ior.ObjectKeyTemplate)#1&quot;, &quot;request := com.sun.corba.se.impl.interceptors.PIHandlerImpl#initializeServerPIInfo(com.sun.corba.se.spi.protocol.CorbaMessageMediator, com.sun.corba.se.spi.oa.ObjectAdapter, byte[], com.sun.corba.se.spi.ior.ObjectKeyTemplate)#0 &amp; com.sun.corba.se.impl.interceptors.PINoOpHandlerImpl#initializeServerPIInfo(com.sun.corba.se.spi.protocol.CorbaMessageMediator, com.sun.corba.se.spi.oa.ObjectAdapter, byte[], com.sun.corba.se.spi.ior.ObjectKeyTemplate)#0&quot; }"/>
        </annotation>
    </item>
    <item name='com.sun.corba.se.spi.protocol.PIHandler void invokeServerPIEndingPoint(com.sun.corba.se.impl.protocol.giopmsgheaders.ReplyMessage)'>
        <annotation name='com.intellij.inspections.tainted.annotation.equation.Equations'>
            <val val="{ &quot;replyMessage := com.sun.corba.se.impl.interceptors.PIHandlerImpl#invokeServerPIEndingPoint(com.sun.corba.se.impl.protocol.giopmsgheaders.ReplyMessage)#0 &amp; com.sun.corba.se.impl.interceptors.PINoOpHandlerImpl#invokeServerPIEndingPoint(com.sun.corba.se.impl.protocol.giopmsgheaders.ReplyMessage)#0&quot; }"/>
        </annotation>
    </item>
    <item name='com.sun.corba.se.spi.protocol.PIHandler void objectAdapterCreated(com.sun.corba.se.spi.oa.ObjectAdapter)'>
        <annotation name='com.intellij.inspections.tainted.annotation.equation.Equations'>
            <val val="{ &quot;oa := com.sun.corba.se.impl.interceptors.PIHandlerImpl#objectAdapterCreated(com.sun.corba.se.spi.oa.ObjectAdapter)#0 &amp; com.sun.corba.se.impl.interceptors.PINoOpHandlerImpl#objectAdapterCreated(com.sun.corba.se.spi.oa.ObjectAdapter)#0&quot; }"/>
        </annotation>
    </item>
    <item name='com.sun.corba.se.spi.protocol.PIHandler void registerPolicyFactory(int, org.omg.PortableInterceptor.PolicyFactory)'>
        <annotation name='com.intellij.inspections.tainted.annotation.equation.Equations'>
            <val val="{ &quot;type := com.sun.corba.se.impl.interceptors.ORBInitInfoImpl#register_policy_factory(int, org.omg.PortableInterceptor.PolicyFactory)#0 &amp; com.sun.corba.se.impl.interceptors.PINoOpHandlerImpl#registerPolicyFactory(int, org.omg.PortableInterceptor.PolicyFactory)#0 &amp; com.sun.corba.se.impl.interceptors.PIHandlerImpl#registerPolicyFactory(int, org.omg.PortableInterceptor.PolicyFactory)#0&quot;, &quot;factory := com.sun.corba.se.impl.interceptors.ORBInitInfoImpl#register_policy_factory(int, org.omg.PortableInterceptor.PolicyFactory)#1 &amp; com.sun.corba.se.impl.interceptors.PINoOpHandlerImpl#registerPolicyFactory(int, org.omg.PortableInterceptor.PolicyFactory)#1 &amp; com.sun.corba.se.impl.interceptors.PIHandlerImpl#registerPolicyFactory(int, org.omg.PortableInterceptor.PolicyFactory)#1&quot; }"/>
        </annotation>
    </item>
    <item name='com.sun.corba.se.spi.protocol.PIHandler void register_interceptor(org.omg.PortableInterceptor.Interceptor, int)'>
        <annotation name='com.intellij.inspections.tainted.annotation.equation.Equations'>
            <val val="{ &quot;interceptor := com.sun.corba.se.impl.interceptors.PIHandlerImpl#register_interceptor(org.omg.PortableInterceptor.Interceptor, int)#0 &amp; com.sun.corba.se.impl.interceptors.PINoOpHandlerImpl#register_interceptor(org.omg.PortableInterceptor.Interceptor, int)#0&quot;, &quot;type := com.sun.corba.se.impl.interceptors.PIHandlerImpl#register_interceptor(org.omg.PortableInterceptor.Interceptor, int)#1 &amp; com.sun.corba.se.impl.interceptors.PINoOpHandlerImpl#register_interceptor(org.omg.PortableInterceptor.Interceptor, int)#1&quot; }"/>
        </annotation>
    </item>
    <item name='com.sun.corba.se.spi.protocol.PIHandler void setClientPIInfo(com.sun.corba.se.impl.corba.RequestImpl)'>
        <annotation name='com.intellij.inspections.tainted.annotation.equation.Equations'>
            <val val="{ &quot;requestImpl := com.sun.corba.se.impl.corba.RequestImpl &amp; com.sun.corba.se.impl.interceptors.PINoOpHandlerImpl#setClientPIInfo(com.sun.corba.se.impl.corba.RequestImpl)#0 &amp; com.sun.corba.se.impl.interceptors.PIHandlerImpl#setClientPIInfo(com.sun.corba.se.impl.corba.RequestImpl)#0&quot; }"/>
        </annotation>
    </item>
    <item name='com.sun.corba.se.spi.protocol.PIHandler void setClientPIInfo(com.sun.corba.se.spi.protocol.CorbaMessageMediator)'>
        <annotation name='com.intellij.inspections.tainted.annotation.equation.Equations'>
            <val val="{ &quot;messageMediator := com.sun.corba.se.impl.interceptors.PINoOpHandlerImpl#setClientPIInfo(com.sun.corba.se.spi.protocol.CorbaMessageMediator)#0 &amp; com.sun.corba.se.impl.interceptors.PIHandlerImpl#setClientPIInfo(com.sun.corba.se.spi.protocol.CorbaMessageMediator)#0&quot; }"/>
        </annotation>
    </item>
    <item name='com.sun.corba.se.spi.protocol.PIHandler void setServerPIExceptionInfo(org.omg.CORBA.Any)'>
        <annotation name='com.intellij.inspections.tainted.annotation.equation.Equations'>
            <val val="{ &quot;exception := com.sun.corba.se.impl.corba.ServerRequestImpl &amp; com.sun.corba.se.impl.interceptors.PINoOpHandlerImpl#setServerPIExceptionInfo(org.omg.CORBA.Any)#0 &amp; com.sun.corba.se.impl.interceptors.PIHandlerImpl#setServerPIExceptionInfo(org.omg.CORBA.Any)#0&quot; }"/>
        </annotation>
    </item>
    <item name='com.sun.corba.se.spi.protocol.PIHandler void setServerPIInfo(java.lang.Exception)'>
        <annotation name='com.intellij.inspections.tainted.annotation.equation.Equations'>
            <val val="{ &quot;exception := com.sun.corba.se.impl.protocol.CorbaMessageMediatorImpl#createSystemExceptionResponse(com.sun.corba.se.spi.protocol.CorbaMessageMediator, org.omg.CORBA.SystemException, com.sun.corba.se.spi.servicecontext.ServiceContexts)#1 &amp; com.sun.corba.se.impl.interceptors.PINoOpHandlerImpl#setServerPIInfo(java.lang.Exception)#0 &amp; com.sun.corba.se.impl.interceptors.PIHandlerImpl#setServerPIInfo(java.lang.Exception)#0&quot; }"/>
        </annotation>
    </item>
    <item name='com.sun.corba.se.spi.protocol.PIHandler void setServerPIInfo(java.lang.Object, java.lang.String)'>
        <annotation name='com.intellij.inspections.tainted.annotation.equation.Equations'>
            <val val="{ &quot;servant := com.sun.corba.se.impl.interceptors.PIHandlerImpl#setServerPIInfo(java.lang.Object, java.lang.String)#0 &amp; com.sun.corba.se.impl.interceptors.PINoOpHandlerImpl#setServerPIInfo(java.lang.Object, java.lang.String)#0&quot;, &quot;targetMostDerivedInterface := com.sun.corba.se.impl.interceptors.PIHandlerImpl#setServerPIInfo(java.lang.Object, java.lang.String)#1 &amp; com.sun.corba.se.impl.interceptors.PINoOpHandlerImpl#setServerPIInfo(java.lang.Object, java.lang.String)#1&quot; }"/>
        </annotation>
    </item>
    <item name='com.sun.corba.se.spi.protocol.PIHandler void setServerPIInfo(org.omg.CORBA.Any)'>
        <annotation name='com.intellij.inspections.tainted.annotation.equation.Equations'>
            <val val="{ &quot;result := com.sun.corba.se.impl.interceptors.PIHandlerImpl#setServerPIInfo(org.omg.CORBA.Any)#0 &amp; com.sun.corba.se.impl.interceptors.PINoOpHandlerImpl#setServerPIInfo(org.omg.CORBA.Any)#0&quot; }"/>
        </annotation>
    </item>
    <item name='com.sun.corba.se.spi.protocol.PIHandler void setServerPIInfo(org.omg.CORBA.NVList)'>
        <annotation name='com.intellij.inspections.tainted.annotation.equation.Equations'>
            <val val="{ &quot;arguments := com.sun.corba.se.impl.corba.ServerRequestImpl &amp; com.sun.corba.se.impl.interceptors.PINoOpHandlerImpl#setServerPIInfo(org.omg.CORBA.NVList)#0 &amp; com.sun.corba.se.impl.interceptors.PIHandlerImpl#setServerPIInfo(org.omg.CORBA.NVList)#0&quot; }"/>
        </annotation>
    </item>
    <item name='com.sun.corba.se.spi.protocol.RequestDispatcherDefault com.sun.corba.se.spi.protocol.CorbaServerRequestDispatcher makeBootstrapServerRequestDispatcher(com.sun.corba.se.spi.orb.ORB)'>
        <annotation name='com.intellij.inspections.tainted.annotation.equation.Equations'>
            <val val="{ &quot;orb := com.sun.corba.se.impl.orb.ORBConfiguratorImpl#initRequestDispatcherRegistry(com.sun.corba.se.spi.orb.ORB)#0&quot; }"/>
        </annotation>
    </item>
    <item name='com.sun.corba.se.spi.protocol.RequestDispatcherDefault com.sun.corba.se.spi.protocol.CorbaServerRequestDispatcher makeINSServerRequestDispatcher(com.sun.corba.se.spi.orb.ORB)'>
        <annotation name='com.intellij.inspections.tainted.annotation.equation.Equations'>
            <val val="{ &quot;orb := com.sun.corba.se.impl.orb.ORBConfiguratorImpl#initRequestDispatcherRegistry(com.sun.corba.se.spi.orb.ORB)#0&quot; }"/>
        </annotation>
    </item>
    <item name='com.sun.corba.se.spi.protocol.RequestDispatcherDefault com.sun.corba.se.spi.protocol.CorbaServerRequestDispatcher makeServerRequestDispatcher(com.sun.corba.se.spi.orb.ORB)'>
        <annotation name='com.intellij.inspections.tainted.annotation.equation.Equations'>
            <val val="{ &quot;orb := com.sun.corba.se.impl.orb.ORBConfiguratorImpl#initRequestDispatcherRegistry(com.sun.corba.se.spi.orb.ORB)#0&quot; }"/>
        </annotation>
    </item>
    <item name='com.sun.corba.se.spi.protocol.RequestDispatcherDefault com.sun.corba.se.spi.protocol.LocalClientRequestDispatcherFactory makeFullServantCacheLocalClientRequestDispatcherFactory(com.sun.corba.se.spi.orb.ORB)'>
        <annotation name='com.intellij.inspections.tainted.annotation.equation.Equations'>
            <val val="{ &quot;orb := com.sun.corba.se.impl.orb.ORBConfiguratorImpl#initRequestDispatcherRegistry(com.sun.corba.se.spi.orb.ORB)#0&quot; }"/>
        </annotation>
    </item>
    <item name='com.sun.corba.se.spi.protocol.RequestDispatcherDefault com.sun.corba.se.spi.protocol.LocalClientRequestDispatcherFactory makeInfoOnlyServantCacheLocalClientRequestDispatcherFactory(com.sun.corba.se.spi.orb.ORB)'>
        <annotation name='com.intellij.inspections.tainted.annotation.equation.Equations'>
            <val val="{ &quot;orb := com.sun.corba.se.impl.orb.ORBConfiguratorImpl#initRequestDispatcherRegistry(com.sun.corba.se.spi.orb.ORB)#0&quot; }"/>
        </annotation>
    </item>
    <item name='com.sun.corba.se.spi.protocol.RequestDispatcherDefault com.sun.corba.se.spi.protocol.LocalClientRequestDispatcherFactory makeJIDLLocalClientRequestDispatcherFactory(com.sun.corba.se.spi.orb.ORB)'>
        <annotation name='com.intellij.inspections.tainted.annotation.equation.Equations'>
            <val val="{ &quot;orb := com.sun.corba.se.impl.orb.ORBConfiguratorImpl#initRequestDispatcherRegistry(com.sun.corba.se.spi.orb.ORB)#0&quot; }"/>
        </annotation>
    </item>
    <item name='com.sun.corba.se.spi.protocol.RequestDispatcherDefault com.sun.corba.se.spi.protocol.LocalClientRequestDispatcherFactory makeMinimalServantCacheLocalClientRequestDispatcherFactory(com.sun.corba.se.spi.orb.ORB)'>
        <annotation name='com.intellij.inspections.tainted.annotation.equation.Equations'>
            <val val="{ &quot;orb := com.sun.corba.se.impl.orb.ORBConfiguratorImpl#initRequestDispatcherRegistry(com.sun.corba.se.spi.orb.ORB)#0&quot; }"/>
        </annotation>
    </item>
    <item name='com.sun.corba.se.spi.protocol.RequestDispatcherDefault com.sun.corba.se.spi.protocol.LocalClientRequestDispatcherFactory makePOALocalClientRequestDispatcherFactory(com.sun.corba.se.spi.orb.ORB)'>
        <annotation name='com.intellij.inspections.tainted.annotation.equation.Equations'>
            <val val="{ &quot;orb := com.sun.corba.se.impl.orb.ORBConfiguratorImpl#initRequestDispatcherRegistry(com.sun.corba.se.spi.orb.ORB)#0&quot; }"/>
        </annotation>
    </item>
    <item name='com.sun.corba.se.spi.protocol.RequestDispatcherRegistry com.sun.corba.se.pept.protocol.ClientRequestDispatcher getClientRequestDispatcher(int)'>
        <annotation name='com.intellij.inspections.tainted.annotation.equation.Equations'>
            <val val="{ &quot;scid := com.sun.corba.se.impl.protocol.RequestDispatcherRegistryImpl#getClientRequestDispatcher(int)#0&quot;, &quot;getClientRequestDispatcher := com.sun.corba.se.impl.protocol.RequestDispatcherRegistryImpl#getClientRequestDispatcher(int)&quot; }"/>
        </annotation>
    </item>
    <item name='com.sun.corba.se.spi.protocol.RequestDispatcherRegistry com.sun.corba.se.spi.oa.ObjectAdapterFactory getObjectAdapterFactory(int)'>
        <annotation name='com.intellij.inspections.tainted.annotation.equation.Equations'>
            <val val="{ &quot;scid := com.sun.corba.se.impl.protocol.RequestDispatcherRegistryImpl#getObjectAdapterFactory(int)#0&quot;, &quot;getObjectAdapterFactory := com.sun.corba.se.impl.protocol.RequestDispatcherRegistryImpl#getObjectAdapterFactory(int)&quot; }"/>
        </annotation>
    </item>
    <item name='com.sun.corba.se.spi.protocol.RequestDispatcherRegistry com.sun.corba.se.spi.protocol.CorbaServerRequestDispatcher getServerRequestDispatcher(int)'>
        <annotation name='com.intellij.inspections.tainted.annotation.equation.Equations'>
            <val val="{ &quot;scid := com.sun.corba.se.impl.protocol.RequestDispatcherRegistryImpl#getServerRequestDispatcher(int)#0&quot;, &quot;getServerRequestDispatcher := com.sun.corba.se.impl.protocol.RequestDispatcherRegistryImpl#getServerRequestDispatcher(int)&quot; }"/>
        </annotation>
    </item>
    <item name='com.sun.corba.se.spi.protocol.RequestDispatcherRegistry com.sun.corba.se.spi.protocol.CorbaServerRequestDispatcher getServerRequestDispatcher(java.lang.String)'>
        <annotation name='com.intellij.inspections.tainted.annotation.equation.Equations'>
            <val val="{ &quot;getServerRequestDispatcher := com.sun.corba.se.impl.protocol.RequestDispatcherRegistryImpl#getServerRequestDispatcher(java.lang.String)&quot;, &quot;name := com.sun.corba.se.impl.protocol.RequestDispatcherRegistryImpl#getServerRequestDispatcher(java.lang.String)#0&quot; }"/>
        </annotation>
    </item>
    <item name='com.sun.corba.se.spi.protocol.RequestDispatcherRegistry com.sun.corba.se.spi.protocol.LocalClientRequestDispatcherFactory getLocalClientRequestDispatcherFactory(int)'>
        <annotation name='com.intellij.inspections.tainted.annotation.equation.Equations'>
            <val val="{ &quot;getLocalClientRequestDispatcherFactory := com.sun.corba.se.impl.protocol.RequestDispatcherRegistryImpl#getLocalClientRequestDispatcherFactory(int)&quot;, &quot;scid := com.sun.corba.se.impl.protocol.RequestDispatcherRegistryImpl#getLocalClientRequestDispatcherFactory(int)#0&quot; }"/>
        </annotation>
    </item>
    <item name='com.sun.corba.se.spi.protocol.RequestDispatcherRegistry java.util.Set&lt;com.sun.corba.se.spi.oa.ObjectAdapterFactory&gt; getObjectAdapterFactories()'>
        <annotation name='com.intellij.inspections.tainted.annotation.equation.Equations'>
            <val val="{ &quot;getObjectAdapterFactories := com.sun.corba.se.impl.protocol.RequestDispatcherRegistryImpl#getObjectAdapterFactories()&quot; }"/>
        </annotation>
    </item>
    <item name='com.sun.corba.se.spi.protocol.RequestDispatcherRegistry void registerClientRequestDispatcher(com.sun.corba.se.pept.protocol.ClientRequestDispatcher, int)'>
        <annotation name='com.intellij.inspections.tainted.annotation.equation.Equations'>
            <val val="{ &quot;scid := com.sun.corba.se.impl.orbutil.ORBConstants#TOA_SCID &amp; com.sun.corba.se.impl.orbutil.ORBConstants#TRANSIENT_SCID &amp; com.sun.corba.se.impl.orbutil.ORBConstants#PERSISTENT_SCID &amp; com.sun.corba.se.impl.orbutil.ORBConstants#SC_TRANSIENT_SCID &amp; com.sun.corba.se.impl.orbutil.ORBConstants#SC_PERSISTENT_SCID &amp; com.sun.corba.se.impl.orbutil.ORBConstants#IISC_TRANSIENT_SCID &amp; com.sun.corba.se.impl.orbutil.ORBConstants#IISC_PERSISTENT_SCID &amp; com.sun.corba.se.impl.orbutil.ORBConstants#MINSC_TRANSIENT_SCID &amp; com.sun.corba.se.impl.orbutil.ORBConstants#MINSC_PERSISTENT_SCID &amp; com.sun.corba.se.impl.protocol.RequestDispatcherRegistryImpl#registerClientRequestDispatcher(com.sun.corba.se.pept.protocol.ClientRequestDispatcher, int)#1&quot;, &quot;csc := com.sun.corba.se.impl.protocol.RequestDispatcherRegistryImpl#registerClientRequestDispatcher(com.sun.corba.se.pept.protocol.ClientRequestDispatcher, int)#0&quot; }"/>
        </annotation>
    </item>
    <item name='com.sun.corba.se.spi.protocol.RequestDispatcherRegistry void registerLocalClientRequestDispatcherFactory(com.sun.corba.se.spi.protocol.LocalClientRequestDispatcherFactory, int)'>
        <annotation name='com.intellij.inspections.tainted.annotation.equation.Equations'>
            <val val="{ &quot;csc := com.sun.corba.se.impl.protocol.RequestDispatcherRegistryImpl#registerLocalClientRequestDispatcherFactory(com.sun.corba.se.spi.protocol.LocalClientRequestDispatcherFactory, int)#0&quot;, &quot;scid := com.sun.corba.se.impl.orbutil.ORBConstants#TOA_SCID &amp; com.sun.corba.se.impl.orbutil.ORBConstants#TRANSIENT_SCID &amp; com.sun.corba.se.impl.orbutil.ORBConstants#PERSISTENT_SCID &amp; com.sun.corba.se.impl.orbutil.ORBConstants#SC_TRANSIENT_SCID &amp; com.sun.corba.se.impl.orbutil.ORBConstants#SC_PERSISTENT_SCID &amp; com.sun.corba.se.impl.orbutil.ORBConstants#IISC_TRANSIENT_SCID &amp; com.sun.corba.se.impl.orbutil.ORBConstants#IISC_PERSISTENT_SCID &amp; com.sun.corba.se.impl.orbutil.ORBConstants#MINSC_TRANSIENT_SCID &amp; com.sun.corba.se.impl.orbutil.ORBConstants#MINSC_PERSISTENT_SCID &amp; com.sun.corba.se.impl.protocol.RequestDispatcherRegistryImpl#registerLocalClientRequestDispatcherFactory(com.sun.corba.se.spi.protocol.LocalClientRequestDispatcherFactory, int)#1&quot; }"/>
        </annotation>
    </item>
    <item name='com.sun.corba.se.spi.protocol.RequestDispatcherRegistry void registerObjectAdapterFactory(com.sun.corba.se.spi.oa.ObjectAdapterFactory, int)'>
        <annotation name='com.intellij.inspections.tainted.annotation.equation.Equations'>
            <val val="{ &quot;oaf := com.sun.corba.se.impl.protocol.RequestDispatcherRegistryImpl#registerObjectAdapterFactory(com.sun.corba.se.spi.oa.ObjectAdapterFactory, int)#0&quot;, &quot;scid := com.sun.corba.se.impl.orbutil.ORBConstants#TOA_SCID &amp; com.sun.corba.se.impl.orbutil.ORBConstants#TRANSIENT_SCID &amp; com.sun.corba.se.impl.orbutil.ORBConstants#PERSISTENT_SCID &amp; com.sun.corba.se.impl.orbutil.ORBConstants#SC_TRANSIENT_SCID &amp; com.sun.corba.se.impl.orbutil.ORBConstants#SC_PERSISTENT_SCID &amp; com.sun.corba.se.impl.orbutil.ORBConstants#IISC_TRANSIENT_SCID &amp; com.sun.corba.se.impl.orbutil.ORBConstants#IISC_PERSISTENT_SCID &amp; com.sun.corba.se.impl.orbutil.ORBConstants#MINSC_TRANSIENT_SCID &amp; com.sun.corba.se.impl.orbutil.ORBConstants#MINSC_PERSISTENT_SCID &amp; com.sun.corba.se.impl.protocol.RequestDispatcherRegistryImpl#registerObjectAdapterFactory(com.sun.corba.se.spi.oa.ObjectAdapterFactory, int)#1&quot; }"/>
        </annotation>
    </item>
    <item name='com.sun.corba.se.spi.protocol.RequestDispatcherRegistry void registerServerRequestDispatcher(com.sun.corba.se.spi.protocol.CorbaServerRequestDispatcher, int)'>
        <annotation name='com.intellij.inspections.tainted.annotation.equation.Equations'>
            <val val="{ &quot;scid := com.sun.corba.se.impl.orbutil.ORBConstants#TOA_SCID &amp; com.sun.corba.se.impl.orbutil.ORBConstants#TRANSIENT_SCID &amp; com.sun.corba.se.impl.orbutil.ORBConstants#PERSISTENT_SCID &amp; com.sun.corba.se.impl.orbutil.ORBConstants#SC_TRANSIENT_SCID &amp; com.sun.corba.se.impl.orbutil.ORBConstants#SC_PERSISTENT_SCID &amp; com.sun.corba.se.impl.orbutil.ORBConstants#IISC_TRANSIENT_SCID &amp; com.sun.corba.se.impl.orbutil.ORBConstants#IISC_PERSISTENT_SCID &amp; com.sun.corba.se.impl.orbutil.ORBConstants#MINSC_TRANSIENT_SCID &amp; com.sun.corba.se.impl.orbutil.ORBConstants#MINSC_PERSISTENT_SCID &amp; com.sun.corba.se.impl.protocol.RequestDispatcherRegistryImpl#registerServerRequestDispatcher(com.sun.corba.se.spi.protocol.CorbaServerRequestDispatcher, int)#1&quot;, &quot;ssc := com.sun.corba.se.impl.protocol.RequestDispatcherRegistryImpl#registerServerRequestDispatcher(com.sun.corba.se.spi.protocol.CorbaServerRequestDispatcher, int)#0&quot; }"/>
        </annotation>
    </item>
    <item name='com.sun.corba.se.spi.protocol.RequestDispatcherRegistry void registerServerRequestDispatcher(com.sun.corba.se.spi.protocol.CorbaServerRequestDispatcher, java.lang.String)'>
        <annotation name='com.intellij.inspections.tainted.annotation.equation.Equations'>
            <val val="{ &quot;ssc := com.sun.corba.se.impl.orb.ORBImpl &amp; com.sun.corba.se.impl.protocol.RequestDispatcherRegistryImpl#registerServerRequestDispatcher(com.sun.corba.se.spi.protocol.CorbaServerRequestDispatcher, java.lang.String)#0&quot;, &quot;name := com.sun.corba.se.impl.orb.ORBImpl#register_initial_reference(java.lang.String, org.omg.CORBA.Object)#0 &amp; com.sun.corba.se.impl.protocol.RequestDispatcherRegistryImpl#registerServerRequestDispatcher(com.sun.corba.se.spi.protocol.CorbaServerRequestDispatcher, java.lang.String)#1&quot; }"/>
        </annotation>
    </item>
    <item name='com.sun.corba.se.spi.protocol.RetryType RetryType(boolean)'>
        <annotation name='com.intellij.inspections.tainted.annotation.equation.Equations'>
            <val val="{ &quot;RetryType := RetryType&quot; }"/>
        </annotation>
    </item>
</root>