<root>
    <item name='org.hibernate.integrator.internal.IntegratorServiceImpl'>
        <annotation name='com.intellij.inspections.tainted.annotation.equation.Equations'>
            <val val="{ &quot;IntegratorServiceImpl := &quot; }"/>
        </annotation>
    </item>
    <item name='org.hibernate.integrator.internal.IntegratorServiceImpl IntegratorServiceImpl(java.util.LinkedHashSet&lt;org.hibernate.integrator.spi.Integrator&gt;, org.hibernate.boot.registry.classloading.spi.ClassLoaderService)'>
        <annotation name='com.intellij.inspections.tainted.annotation.equation.Equations'>
            <val val="{ &quot;classLoaderService := org.hibernate.boot.registry.internal.BootstrapServiceRegistryImpl#BootstrapServiceRegistryImpl(boolean, org.hibernate.boot.registry.classloading.spi.ClassLoaderService, java.util.LinkedHashSet)#1 &amp; org.hibernate.boot.registry.BootstrapServiceRegistryBuilder&quot;, &quot;IntegratorServiceImpl := IntegratorServiceImpl&quot;, &quot;providedIntegrators := org.hibernate.boot.registry.internal.BootstrapServiceRegistryImpl#BootstrapServiceRegistryImpl(boolean, org.hibernate.boot.registry.classloading.spi.ClassLoaderService, java.util.LinkedHashSet)#2 &amp; org.hibernate.boot.registry.BootstrapServiceRegistryBuilder&quot; }"/>
        </annotation>
    </item>
    <item name='org.hibernate.integrator.internal.IntegratorServiceImpl java.lang.Iterable&lt;org.hibernate.integrator.spi.Integrator&gt; getIntegrators()'>
        <annotation name='com.intellij.inspections.tainted.annotation.equation.Equations'>
            <val val="{ &quot;getIntegrators := IntegratorServiceImpl&quot; }"/>
        </annotation>
    </item>
    <item name='org.hibernate.integrator.internal.IntegratorServiceImpl void addIntegrator(org.hibernate.integrator.spi.Integrator)'>
        <annotation name='com.intellij.inspections.tainted.annotation.equation.Equations'>
            <val val="{ &quot;integrator := #IntegratorServiceImpl(java.util.LinkedHashSet, org.hibernate.boot.registry.classloading.spi.ClassLoaderService)#0&quot; }"/>
        </annotation>
    </item>
</root>