<root>
    <item name='java.util.Arrays char[] copyOf(char[], int)'>
        <annotation name='com.intellij.inspections.tainted.annotation.equation.Equations'>
            <val val="{ &quot;java.lang.System#arraycopy(java.lang.Object, int, java.lang.Object, int, int)#0 := original&quot; }"/>
        </annotation>
    </item>
    <item name='java.util.Collections java.util.Collection&lt;T&gt; unmodifiableCollection(java.util.Collection&lt;? extends T&gt;)'>
        <annotation name='com.intellij.inspections.tainted.annotation.equation.Equations'>
            <val val="{ &quot;Collections.UnmodifiableCollection#UnmodifiableCollection(java.util.Collection)#0 := c&quot; }"/>
        </annotation>
    </item>
    <item name='java.util.Collections java.util.Map&lt;K,V&gt; emptyMap()'>
        <annotation name='com.intellij.inspections.tainted.annotation.equation.Equations'>
            <val val="{ &quot;emptyMap := Collections&quot; }"/>
        </annotation>
    </item>
    <item name='java.util.Collections java.util.Set&lt;T&gt; emptySet()'>
        <annotation name='com.intellij.inspections.tainted.annotation.equation.Equations'>
            <val val="{ &quot;emptySet := Collections&quot; }"/>
        </annotation>
    </item>
    <item name='java.util.Dictionary V get(java.lang.Object)'>
        <annotation name='com.intellij.inspections.tainted.annotation.equation.Equations'>
            <val val="{ &quot;Hashtable#get(java.lang.Object)#0 := key&quot;, &quot;get := Hashtable#get(java.lang.Object)&quot; }"/>
        </annotation>
    </item>
    <item name='java.util.Dictionary V put(K, V)'>
        <annotation name='com.intellij.inspections.tainted.annotation.equation.Equations'>
            <val val="{ &quot;Hashtable#put(java.lang.Object, java.lang.Object)#1 := value&quot;, &quot;Hashtable#put(java.lang.Object, java.lang.Object)#0 := key&quot;, &quot;put := Hashtable#put(java.lang.Object, java.lang.Object)&quot; }"/>
        </annotation>
    </item>
    <item name='java.util.Enumeration E nextElement()'>
        <annotation name='com.intellij.inspections.tainted.annotation.equation.Equations'>
            <val val="{ &quot;nextElement := com.sun.jmx.snmp.agent.SnmpRequestTree.Enum#nextElement() &amp; javax.crypto.PermissionsEnumerator#nextElement() &amp; javax.naming.directory.BasicAttribute.ValuesEnumImpl#nextElement() &amp; com.sun.imageio.plugins.png.PNGImageDataEnumeration#nextElement() &amp; Hashtable.Enumerator#nextElement() &amp; sun.util.ResourceBundleEnumeration#nextElement() &amp; com.sun.org.apache.xerces.internal.util.NamespaceSupport.Prefixes#nextElement() &amp; com.sun.org.apache.xerces.internal.util.AugmentationsImpl.SmallContainer.SmallContainerKeyEnumeration#nextElement() &amp; javax.swing.tree.VariableHeightLayoutCache.VisibleTreeStateNodeEnumeration#nextElement() &amp; javax.swing.tree.DefaultMutableTreeNode.PathBetweenNodesEnumeration#nextElement() &amp; java.util.jar.JarFile.JarEntryIterator#nextElement() &amp; javax.swing.MultiUIDefaults.MultiUIDefaultsEnumerator#nextElement() &amp; java.util.concurrent.ConcurrentHashMap.KeyIterator#nextElement() &amp; javax.swing.tree.FixedHeightLayoutCache.VisibleFHTreeStateNodeEnumeration#nextElement() &amp; java.util.zip.ZipFile.ZipEntryIterator#nextElement() &amp; javax.swing.tree.DefaultMutableTreeNode.PreorderEnumeration#nextElement() &amp; sun.misc.CompoundEnumeration#nextElement() &amp; javax.naming.directory.BasicAttributes.AttrEnumImpl#nextElement() &amp; com.sun.naming.internal.VersionHelper12.InputStreamEnumeration#nextElement() &amp; java.util.concurrent.ConcurrentHashMap.ValueIterator#nextElement() &amp; javax.swing.text.StyleContext.KeyEnumeration#nextElement() &amp; java.security.PermissionsEnumerator#nextElement() &amp; com.sun.corba.se.impl.util.IdentityHashtableEnumerator#nextElement() &amp; javax.swing.text.html.MuxingAttributeSet.MuxingAttributeNameEnumeration#nextElement() &amp; Collections.EmptyEnumeration#nextElement() &amp; javax.swing.tree.DefaultMutableTreeNode.PostorderEnumeration#nextElement() &amp; javax.naming.NameImplEnumerator#nextElement() &amp; javax.naming.directory.BasicAttributes.IDEnumImpl#nextElement() &amp; com.sun.org.apache.xerces.internal.impl.Constants.ArrayEnumeration#nextElement() &amp; StringTokenizer#nextElement() &amp; javax.swing.tree.DefaultMutableTreeNode.BreadthFirstEnumeration#nextElement()&quot; }"/>
        </annotation>
    </item>
    <item name='java.util.EventObject java.lang.Object getSource()'>
        <annotation name='com.intellij.inspections.tainted.annotation.equation.Equations'>
            <val val="{ &quot;getSource := EventObject&quot; }"/>
        </annotation>
    </item>
    <item name='java.util.Hashtable V get(java.lang.Object)'>
        <annotation name='com.intellij.inspections.tainted.annotation.equation.Equations'>
            <val val="{ &quot;java.lang.Object#equals(java.lang.Object)#0 := key&quot;, &quot;get := Hashtable&quot; }"/>
        </annotation>
    </item>
    <item name='java.util.Hashtable V put(K, V)'>
        <annotation name='com.intellij.inspections.tainted.annotation.equation.Equations'>
            <val val="{ &quot;put := Hashtable &amp; value&quot;, &quot;#addEntry(int, java.lang.Object, java.lang.Object, int)#1 := key&quot;, &quot;java.lang.Object#equals(java.lang.Object)#0 := key&quot;, &quot;#addEntry(int, java.lang.Object, java.lang.Object, int)#2 := value&quot; }"/>
        </annotation>
    </item>
    <item name='java.util.Hashtable boolean containsKey(java.lang.Object)'>
        <annotation name='com.intellij.inspections.tainted.annotation.equation.Equations'>
            <val val="{ &quot;java.lang.Object#equals(java.lang.Object)#0 := key&quot; }"/>
        </annotation>
    </item>
    <item name='java.util.Locale'>
        <annotation name='com.intellij.inspections.tainted.annotation.equation.Equations'>
            <val val="{ &quot;java.lang.String#toLowerCase(java.util.Locale)#0 := Locale&quot; }"/>
        </annotation>
    </item>
    <item name='java.util.Map V get(java.lang.Object)'>
        <annotation name='com.intellij.inspections.tainted.annotation.equation.Equations'>
            <val val="{ &quot;Hashtable#get(java.lang.Object)#0 := key&quot;, &quot;get := Hashtable#get(java.lang.Object)&quot; }"/>
        </annotation>
    </item>
    <item name='java.util.Map V put(K, V)'>
        <annotation name='com.intellij.inspections.tainted.annotation.equation.Equations'>
            <val val="{ &quot;Hashtable#put(java.lang.Object, java.lang.Object)#1 := value&quot;, &quot;Hashtable#put(java.lang.Object, java.lang.Object)#0 := key&quot;, &quot;put := Hashtable#put(java.lang.Object, java.lang.Object)&quot; }"/>
        </annotation>
    </item>
    <item name='java.util.Map boolean containsKey(java.lang.Object)'>
        <annotation name='com.intellij.inspections.tainted.annotation.equation.Equations'>
            <val val="{ &quot;Hashtable#containsKey(java.lang.Object)#0 := key&quot; }"/>
        </annotation>
    </item>
    <item name='java.util.ResourceBundle java.lang.String getString(java.lang.String)'>
        <annotation name='com.intellij.inspections.tainted.annotation.equation.Equations'>
            <val val="{ &quot;#getObject(java.lang.String)#0 := key&quot; }"/>
        </annotation>
    </item>
    <item name='java.util.StringTokenizer StringTokenizer(java.lang.String, java.lang.String)'>
        <annotation name='com.intellij.inspections.tainted.annotation.equation.Equations'>
            <val val="{ &quot;#StringTokenizer(java.lang.String, java.lang.String, boolean)#0 := str&quot;, &quot;#StringTokenizer(java.lang.String, java.lang.String, boolean)#1 := delim&quot; }"/>
        </annotation>
    </item>
    <item name='java.util.StringTokenizer java.lang.String nextToken()'>
        <annotation name='com.intellij.inspections.tainted.annotation.equation.Equations'>
            <val val="{ &quot;nextToken := com.sun.java.swing.plaf.gtk.Metacity.PeekableStringTokenizer#nextToken()&quot; }"/>
        </annotation>
    </item>
</root>