<root>
    <item name='java.util.prefs.AbstractPreferences'>
        <annotation name='com.intellij.inspections.tainted.annotation.equation.Equations'>
            <val val="{ &quot;AbstractPreferences := #addPreferenceChangeListener(java.util.prefs.PreferenceChangeListener)#0 &amp; AbstractPreferences &amp; #addNodeChangeListener(java.util.prefs.NodeChangeListener)#0&quot; }"/>
        </annotation>
    </item>
    <item name='java.util.prefs.AbstractPreferences AbstractPreferences(java.util.prefs.AbstractPreferences, java.lang.String)'>
        <annotation name='com.intellij.inspections.tainted.annotation.equation.Equations'>
            <val val="{ &quot;AbstractPreferences := AbstractPreferences&quot;, &quot;parent := FileSystemPreferences#FileSystemPreferences(java.util.prefs.FileSystemPreferences, java.lang.String)#0&quot;, &quot;name := FileSystemPreferences#FileSystemPreferences(java.util.prefs.FileSystemPreferences, java.lang.String)#1&quot; }"/>
        </annotation>
    </item>
    <item name='java.util.prefs.AbstractPreferences boolean nodeExists(java.util.StringTokenizer)'>
        <annotation name='com.intellij.inspections.tainted.annotation.equation.Equations'>
            <val val="{ &quot;path := &quot; }"/>
        </annotation>
    </item>
    <item name='java.util.prefs.AbstractPreferences byte[] getByteArray(java.lang.String, byte[])'>
        <annotation name='com.intellij.inspections.tainted.annotation.equation.Equations'>
            <val val="{ &quot;getByteArray := def&quot; }"/>
        </annotation>
    </item>
    <item name='java.util.prefs.AbstractPreferences double getDouble(java.lang.String, double)'>
        <annotation name='com.intellij.inspections.tainted.annotation.equation.Equations'>
            <val val="{ &quot;getDouble := def&quot; }"/>
        </annotation>
    </item>
    <item name='java.util.prefs.AbstractPreferences float getFloat(java.lang.String, float)'>
        <annotation name='com.intellij.inspections.tainted.annotation.equation.Equations'>
            <val val="{ &quot;getFloat := def&quot; }"/>
        </annotation>
    </item>
    <item name='java.util.prefs.AbstractPreferences int getInt(java.lang.String, int)'>
        <annotation name='com.intellij.inspections.tainted.annotation.equation.Equations'>
            <val val="{ &quot;getInt := def&quot; }"/>
        </annotation>
    </item>
    <item name='java.util.prefs.AbstractPreferences java.lang.String absolutePath()'>
        <annotation name='com.intellij.inspections.tainted.annotation.equation.Equations'>
            <val val="{ &quot;absolutePath := AbstractPreferences&quot; }"/>
        </annotation>
    </item>
    <item name='java.util.prefs.AbstractPreferences java.lang.String get(java.lang.String, java.lang.String)'>
        <annotation name='com.intellij.inspections.tainted.annotation.equation.Equations'>
            <val val="{ &quot;key := #getInt(java.lang.String, int)#0 &amp; #getLong(java.lang.String, long)#0 &amp; #getBoolean(java.lang.String, boolean)#0 &amp; #getFloat(java.lang.String, float)#0 &amp; #getDouble(java.lang.String, double)#0 &amp; #getByteArray(java.lang.String, byte[])#0&quot;, &quot;get := def&quot; }"/>
        </annotation>
    </item>
    <item name='java.util.prefs.AbstractPreferences java.lang.String getSpi(java.lang.String)'>
        <annotation name='com.intellij.inspections.tainted.annotation.equation.Equations'>
            <val val="{ &quot;getSpi := FileSystemPreferences#getSpi(java.lang.String)&quot;, &quot;key := #get(java.lang.String, java.lang.String)#0 &amp; FileSystemPreferences#getSpi(java.lang.String)#0&quot; }"/>
        </annotation>
    </item>
    <item name='java.util.prefs.AbstractPreferences java.lang.String name()'>
        <annotation name='com.intellij.inspections.tainted.annotation.equation.Equations'>
            <val val="{ &quot;name := AbstractPreferences&quot; }"/>
        </annotation>
    </item>
    <item name='java.util.prefs.AbstractPreferences java.lang.String[] childrenNamesSpi()'>
        <annotation name='com.intellij.inspections.tainted.annotation.equation.Equations'>
            <val val="{ &quot;childrenNamesSpi := FileSystemPreferences#childrenNamesSpi()&quot; }"/>
        </annotation>
    </item>
    <item name='java.util.prefs.AbstractPreferences java.lang.String[] keysSpi()'>
        <annotation name='com.intellij.inspections.tainted.annotation.equation.Equations'>
            <val val="{ &quot;keysSpi := FileSystemPreferences#keysSpi()&quot; }"/>
        </annotation>
    </item>
    <item name='java.util.prefs.AbstractPreferences java.util.prefs.AbstractPreferences childSpi(java.lang.String)'>
        <annotation name='com.intellij.inspections.tainted.annotation.equation.Equations'>
            <val val="{ &quot;name := FileSystemPreferences#childSpi(java.lang.String)#0&quot;, &quot;childSpi := FileSystemPreferences#childSpi(java.lang.String)&quot; }"/>
        </annotation>
    </item>
    <item name='java.util.prefs.AbstractPreferences java.util.prefs.NodeChangeListener[] nodeListeners()'>
        <annotation name='com.intellij.inspections.tainted.annotation.equation.Equations'>
            <val val="{ &quot;nodeListeners := AbstractPreferences&quot; }"/>
        </annotation>
    </item>
    <item name='java.util.prefs.AbstractPreferences java.util.prefs.PreferenceChangeListener[] prefListeners()'>
        <annotation name='com.intellij.inspections.tainted.annotation.equation.Equations'>
            <val val="{ &quot;prefListeners := AbstractPreferences&quot; }"/>
        </annotation>
    </item>
    <item name='java.util.prefs.AbstractPreferences java.util.prefs.Preferences node(java.lang.String)'>
        <annotation name='com.intellij.inspections.tainted.annotation.equation.Equations'>
            <val val="{ &quot;node := AbstractPreferences&quot; }"/>
        </annotation>
    </item>
    <item name='java.util.prefs.AbstractPreferences java.util.prefs.Preferences parent()'>
        <annotation name='com.intellij.inspections.tainted.annotation.equation.Equations'>
            <val val="{ &quot;parent := AbstractPreferences&quot; }"/>
        </annotation>
    </item>
    <item name='java.util.prefs.AbstractPreferences long getLong(java.lang.String, long)'>
        <annotation name='com.intellij.inspections.tainted.annotation.equation.Equations'>
            <val val="{ &quot;getLong := def&quot; }"/>
        </annotation>
    </item>
    <item name='java.util.prefs.AbstractPreferences void enqueueNodeRemovedEvent(java.util.prefs.Preferences)'>
        <annotation name='com.intellij.inspections.tainted.annotation.equation.Equations'>
            <val val="{ &quot;child := AbstractPreferences&quot; }"/>
        </annotation>
    </item>
    <item name='java.util.prefs.AbstractPreferences void enqueuePreferenceChangeEvent(java.lang.String, java.lang.String)'>
        <annotation name='com.intellij.inspections.tainted.annotation.equation.Equations'>
            <val val="{ &quot;key := #put(java.lang.String, java.lang.String)#0 &amp; #remove(java.lang.String)#0&quot;, &quot;newValue := #put(java.lang.String, java.lang.String)#1&quot; }"/>
        </annotation>
    </item>
    <item name='java.util.prefs.AbstractPreferences void put(java.lang.String, java.lang.String)'>
        <annotation name='com.intellij.inspections.tainted.annotation.equation.Equations'>
            <val val="{ &quot;key := #putInt(java.lang.String, int)#0 &amp; #putLong(java.lang.String, long)#0 &amp; #putBoolean(java.lang.String, boolean)#0 &amp; #putFloat(java.lang.String, float)#0 &amp; #putDouble(java.lang.String, double)#0 &amp; #putByteArray(java.lang.String, byte[])#0&quot;, &quot;value := &quot; }"/>
        </annotation>
    </item>
    <item name='java.util.prefs.AbstractPreferences void putSpi(java.lang.String, java.lang.String)'>
        <annotation name='com.intellij.inspections.tainted.annotation.equation.Equations'>
            <val val="{ &quot;value := FileSystemPreferences#putSpi(java.lang.String, java.lang.String)#1&quot;, &quot;key := FileSystemPreferences#putSpi(java.lang.String, java.lang.String)#0&quot; }"/>
        </annotation>
    </item>
    <item name='java.util.prefs.AbstractPreferences void remove(java.lang.String)'>
        <annotation name='com.intellij.inspections.tainted.annotation.equation.Equations'>
            <val val="{ &quot;key := &quot; }"/>
        </annotation>
    </item>
    <item name='java.util.prefs.AbstractPreferences void removeSpi(java.lang.String)'>
        <annotation name='com.intellij.inspections.tainted.annotation.equation.Equations'>
            <val val="{ &quot;key := FileSystemPreferences#removeSpi(java.lang.String)#0&quot; }"/>
        </annotation>
    </item>
    <item name='java.util.prefs.AbstractPreferences.NodeAddedEvent NodeAddedEvent(java.util.prefs.Preferences, java.util.prefs.Preferences)'>
        <annotation name='com.intellij.inspections.tainted.annotation.equation.Equations'>
            <val val="{ &quot;child := AbstractPreferences#enqueueNodeAddedEvent(java.util.prefs.Preferences)#0&quot;, &quot;parent := AbstractPreferences&quot;, &quot;NodeAddedEvent := AbstractPreferences.NodeAddedEvent&quot; }"/>
        </annotation>
    </item>
    <item name='java.util.prefs.AbstractPreferences.NodeRemovedEvent NodeRemovedEvent(java.util.prefs.Preferences, java.util.prefs.Preferences)'>
        <annotation name='com.intellij.inspections.tainted.annotation.equation.Equations'>
            <val val="{ &quot;NodeRemovedEvent := AbstractPreferences.NodeRemovedEvent&quot;, &quot;parent := AbstractPreferences&quot;, &quot;child := AbstractPreferences#enqueueNodeRemovedEvent(java.util.prefs.Preferences)#0&quot; }"/>
        </annotation>
    </item>
    <item name='java.util.prefs.BackingStoreException BackingStoreException(java.lang.String)'>
        <annotation name='com.intellij.inspections.tainted.annotation.equation.Equations'>
            <val val="{ &quot;BackingStoreException := BackingStoreException&quot; }"/>
        </annotation>
    </item>
    <item name='java.util.prefs.BackingStoreException BackingStoreException(java.lang.Throwable)'>
        <annotation name='com.intellij.inspections.tainted.annotation.equation.Equations'>
            <val val="{ &quot;BackingStoreException := BackingStoreException&quot; }"/>
        </annotation>
    </item>
    <item name='java.util.prefs.Base64 byte[] altBase64ToByteArray(java.lang.String)'>
        <annotation name='com.intellij.inspections.tainted.annotation.equation.Equations'>
            <val val="{ &quot;s := &quot; }"/>
        </annotation>
    </item>
    <item name='java.util.prefs.Base64 byte[] base64ToByteArray(java.lang.String)'>
        <annotation name='com.intellij.inspections.tainted.annotation.equation.Equations'>
            <val val="{ &quot;s := &quot; }"/>
        </annotation>
    </item>
    <item name='java.util.prefs.Base64 byte[] base64ToByteArray(java.lang.String, boolean)'>
        <annotation name='com.intellij.inspections.tainted.annotation.equation.Equations'>
            <val val="{ &quot;s := #base64ToByteArray(java.lang.String)#0 &amp; #altBase64ToByteArray(java.lang.String)#0&quot; }"/>
        </annotation>
    </item>
    <item name='java.util.prefs.Base64 int base64toInt(char, byte[])'>
        <annotation name='com.intellij.inspections.tainted.annotation.equation.Equations'>
            <val val="{ &quot;alphaToInt := #altBase64ToInt &amp; #base64ToInt&quot;, &quot;base64toInt := alphaToInt&quot; }"/>
        </annotation>
    </item>
    <item name='java.util.prefs.Base64 java.lang.String byteArrayToAltBase64(byte[])'>
        <annotation name='com.intellij.inspections.tainted.annotation.equation.Equations'>
            <val val="{ &quot;a := &quot; }"/>
        </annotation>
    </item>
    <item name='java.util.prefs.Base64 java.lang.String byteArrayToBase64(byte[])'>
        <annotation name='com.intellij.inspections.tainted.annotation.equation.Equations'>
            <val val="{ &quot;a := AbstractPreferences#putByteArray(java.lang.String, byte[])#1&quot; }"/>
        </annotation>
    </item>
    <item name='java.util.prefs.Base64 java.lang.String byteArrayToBase64(byte[], boolean)'>
        <annotation name='com.intellij.inspections.tainted.annotation.equation.Equations'>
            <val val="{ &quot;a := #byteArrayToBase64(byte[])#0 &amp; #byteArrayToAltBase64(byte[])#0&quot; }"/>
        </annotation>
    </item>
    <item name='java.util.prefs.FileSystemPreferences'>
        <annotation name='com.intellij.inspections.tainted.annotation.equation.Equations'>
            <val val="{ &quot;FileSystemPreferences := FileSystemPreferences&quot; }"/>
        </annotation>
    </item>
    <item name='java.util.prefs.FileSystemPreferences FileSystemPreferences(boolean)'>
        <annotation name='com.intellij.inspections.tainted.annotation.equation.Equations'>
            <val val="{ &quot;FileSystemPreferences := FileSystemPreferences&quot; }"/>
        </annotation>
    </item>
    <item name='java.util.prefs.FileSystemPreferences FileSystemPreferences(java.util.prefs.FileSystemPreferences, java.lang.String)'>
        <annotation name='com.intellij.inspections.tainted.annotation.equation.Equations'>
            <val val="{ &quot;FileSystemPreferences := FileSystemPreferences&quot;, &quot;name := #childSpi(java.lang.String)#0&quot;, &quot;parent := FileSystemPreferences&quot; }"/>
        </annotation>
    </item>
    <item name='java.util.prefs.FileSystemPreferences byte[] byteArray(java.lang.String)'>
        <annotation name='com.intellij.inspections.tainted.annotation.equation.Equations'>
            <val val="{ &quot;s := #dirName(java.lang.String)#0&quot; }"/>
        </annotation>
    </item>
    <item name='java.util.prefs.FileSystemPreferences int chmod(java.lang.String, int)'>
        <annotation name='com.intellij.inspections.tainted.annotation.equation.Equations'>
            <val val="{ &quot;fileName := &quot;, &quot;permission := #USER_RWX &amp; #USER_READ_WRITE &amp; #USER_RWX_ALL_RX &amp; #USER_RW_ALL_READ&quot; }"/>
        </annotation>
    </item>
    <item name='java.util.prefs.FileSystemPreferences int unlockFile0(int)'>
        <annotation name='com.intellij.inspections.tainted.annotation.equation.Equations'>
            <val val="{ &quot;lockHandle := FileSystemPreferences&quot; }"/>
        </annotation>
    </item>
    <item name='java.util.prefs.FileSystemPreferences int[] lockFile0(java.lang.String, int, boolean)'>
        <annotation name='com.intellij.inspections.tainted.annotation.equation.Equations'>
            <val val="{ &quot;permission := #USER_READ_WRITE &amp; #USER_RW_ALL_READ&quot;, &quot;fileName := &quot; }"/>
        </annotation>
    </item>
    <item name='java.util.prefs.FileSystemPreferences java.lang.String dirName(java.lang.String)'>
        <annotation name='com.intellij.inspections.tainted.annotation.equation.Equations'>
            <val val="{ &quot;nodeName := #FileSystemPreferences(java.util.prefs.FileSystemPreferences, java.lang.String)#1&quot;, &quot;dirName := nodeName&quot; }"/>
        </annotation>
    </item>
    <item name='java.util.prefs.FileSystemPreferences java.lang.String nodeName(java.lang.String)'>
        <annotation name='com.intellij.inspections.tainted.annotation.equation.Equations'>
            <val val="{ &quot;nodeName := dirName&quot; }"/>
        </annotation>
    </item>
    <item name='java.util.prefs.FileSystemPreferences java.util.prefs.Preferences getSystemRoot()'>
        <annotation name='com.intellij.inspections.tainted.annotation.equation.Equations'>
            <val val="{ &quot;getSystemRoot := FileSystemPreferences&quot; }"/>
        </annotation>
    </item>
    <item name='java.util.prefs.FileSystemPreferences java.util.prefs.Preferences getUserRoot()'>
        <annotation name='com.intellij.inspections.tainted.annotation.equation.Equations'>
            <val val="{ &quot;getUserRoot := FileSystemPreferences&quot; }"/>
        </annotation>
    </item>
    <item name='java.util.prefs.FileSystemPreferences void checkLockFile0ErrorCode(int)'>
        <annotation name='com.intellij.inspections.tainted.annotation.equation.Equations'>
            <val val="{ &quot;errorCode := &quot; }"/>
        </annotation>
    </item>
    <item name='java.util.prefs.FileSystemPreferences.Put Put(java.lang.String, java.lang.String)'>
        <annotation name='com.intellij.inspections.tainted.annotation.equation.Equations'>
            <val val="{ &quot;Put := FileSystemPreferences.Put&quot;, &quot;key := FileSystemPreferences#putSpi(java.lang.String, java.lang.String)#0&quot;, &quot;value := FileSystemPreferences#putSpi(java.lang.String, java.lang.String)#1&quot; }"/>
        </annotation>
    </item>
    <item name='java.util.prefs.FileSystemPreferences.Remove Remove(java.lang.String)'>
        <annotation name='com.intellij.inspections.tainted.annotation.equation.Equations'>
            <val val="{ &quot;Remove := FileSystemPreferences.Remove&quot;, &quot;key := FileSystemPreferences#removeSpi(java.lang.String)#0&quot; }"/>
        </annotation>
    </item>
    <item name='java.util.prefs.InvalidPreferencesFormatException InvalidPreferencesFormatException(java.lang.String)'>
        <annotation name='com.intellij.inspections.tainted.annotation.equation.Equations'>
            <val val="{ &quot;InvalidPreferencesFormatException := InvalidPreferencesFormatException&quot; }"/>
        </annotation>
    </item>
    <item name='java.util.prefs.InvalidPreferencesFormatException InvalidPreferencesFormatException(java.lang.String, java.lang.Throwable)'>
        <annotation name='com.intellij.inspections.tainted.annotation.equation.Equations'>
            <val val="{ &quot;InvalidPreferencesFormatException := InvalidPreferencesFormatException&quot; }"/>
        </annotation>
    </item>
    <item name='java.util.prefs.InvalidPreferencesFormatException InvalidPreferencesFormatException(java.lang.Throwable)'>
        <annotation name='com.intellij.inspections.tainted.annotation.equation.Equations'>
            <val val="{ &quot;InvalidPreferencesFormatException := InvalidPreferencesFormatException&quot; }"/>
        </annotation>
    </item>
    <item name='java.util.prefs.NodeChangeEvent NodeChangeEvent(java.util.prefs.Preferences, java.util.prefs.Preferences)'>
        <annotation name='com.intellij.inspections.tainted.annotation.equation.Equations'>
            <val val="{ &quot;NodeChangeEvent := NodeChangeEvent&quot;, &quot;child := AbstractPreferences.NodeAddedEvent#NodeAddedEvent(java.util.prefs.Preferences, java.util.prefs.Preferences)#1 &amp; AbstractPreferences.NodeRemovedEvent#NodeRemovedEvent(java.util.prefs.Preferences, java.util.prefs.Preferences)#1&quot;, &quot;parent := AbstractPreferences.NodeAddedEvent#NodeAddedEvent(java.util.prefs.Preferences, java.util.prefs.Preferences)#0 &amp; AbstractPreferences.NodeRemovedEvent#NodeRemovedEvent(java.util.prefs.Preferences, java.util.prefs.Preferences)#0&quot; }"/>
        </annotation>
    </item>
    <item name='java.util.prefs.NodeChangeListener void childAdded(java.util.prefs.NodeChangeEvent)'>
        <annotation name='com.intellij.inspections.tainted.annotation.equation.Equations'>
            <val val="{ &quot;evt := &quot; }"/>
        </annotation>
    </item>
    <item name='java.util.prefs.NodeChangeListener void childRemoved(java.util.prefs.NodeChangeEvent)'>
        <annotation name='com.intellij.inspections.tainted.annotation.equation.Equations'>
            <val val="{ &quot;evt := &quot; }"/>
        </annotation>
    </item>
    <item name='java.util.prefs.PreferenceChangeEvent PreferenceChangeEvent(java.util.prefs.Preferences, java.lang.String, java.lang.String)'>
        <annotation name='com.intellij.inspections.tainted.annotation.equation.Equations'>
            <val val="{ &quot;newValue := AbstractPreferences#enqueuePreferenceChangeEvent(java.lang.String, java.lang.String)#1&quot;, &quot;node := AbstractPreferences&quot;, &quot;key := AbstractPreferences#enqueuePreferenceChangeEvent(java.lang.String, java.lang.String)#0&quot;, &quot;PreferenceChangeEvent := PreferenceChangeEvent&quot; }"/>
        </annotation>
    </item>
    <item name='java.util.prefs.PreferenceChangeListener void preferenceChange(java.util.prefs.PreferenceChangeEvent)'>
        <annotation name='com.intellij.inspections.tainted.annotation.equation.Equations'>
            <val val="{ &quot;evt := &quot; }"/>
        </annotation>
    </item>
    <item name='java.util.prefs.Preferences'>
        <annotation name='com.intellij.inspections.tainted.annotation.equation.Equations'>
            <val val="{ &quot;Preferences := &quot; }"/>
        </annotation>
    </item>
    <item name='java.util.prefs.Preferences Preferences()'>
        <annotation name='com.intellij.inspections.tainted.annotation.equation.Equations'>
            <val val="{ &quot;Preferences := Preferences&quot; }"/>
        </annotation>
    </item>
    <item name='java.util.prefs.Preferences boolean getBoolean(java.lang.String, boolean)'>
        <annotation name='com.intellij.inspections.tainted.annotation.equation.Equations'>
            <val val="{ &quot;key := AbstractPreferences#getBoolean(java.lang.String, boolean)#0&quot; }"/>
        </annotation>
    </item>
    <item name='java.util.prefs.Preferences boolean nodeExists(java.lang.String)'>
        <annotation name='com.intellij.inspections.tainted.annotation.equation.Equations'>
            <val val="{ &quot;pathName := AbstractPreferences#nodeExists(java.lang.String)#0&quot; }"/>
        </annotation>
    </item>
    <item name='java.util.prefs.Preferences byte[] getByteArray(java.lang.String, byte[])'>
        <annotation name='com.intellij.inspections.tainted.annotation.equation.Equations'>
            <val val="{ &quot;key := AbstractPreferences#getByteArray(java.lang.String, byte[])#0&quot;, &quot;def := AbstractPreferences#getByteArray(java.lang.String, byte[])#1&quot;, &quot;getByteArray := AbstractPreferences#getByteArray(java.lang.String, byte[])&quot; }"/>
        </annotation>
    </item>
    <item name='java.util.prefs.Preferences double getDouble(java.lang.String, double)'>
        <annotation name='com.intellij.inspections.tainted.annotation.equation.Equations'>
            <val val="{ &quot;key := AbstractPreferences#getDouble(java.lang.String, double)#0&quot;, &quot;getDouble := AbstractPreferences#getDouble(java.lang.String, double)&quot;, &quot;def := AbstractPreferences#getDouble(java.lang.String, double)#1&quot; }"/>
        </annotation>
    </item>
    <item name='java.util.prefs.Preferences float getFloat(java.lang.String, float)'>
        <annotation name='com.intellij.inspections.tainted.annotation.equation.Equations'>
            <val val="{ &quot;key := AbstractPreferences#getFloat(java.lang.String, float)#0&quot;, &quot;getFloat := AbstractPreferences#getFloat(java.lang.String, float)&quot;, &quot;def := AbstractPreferences#getFloat(java.lang.String, float)#1&quot; }"/>
        </annotation>
    </item>
    <item name='java.util.prefs.Preferences int getInt(java.lang.String, int)'>
        <annotation name='com.intellij.inspections.tainted.annotation.equation.Equations'>
            <val val="{ &quot;key := AbstractPreferences#getInt(java.lang.String, int)#0&quot;, &quot;getInt := AbstractPreferences#getInt(java.lang.String, int)&quot;, &quot;def := AbstractPreferences#getInt(java.lang.String, int)#1&quot; }"/>
        </annotation>
    </item>
    <item name='java.util.prefs.Preferences java.lang.String absolutePath()'>
        <annotation name='com.intellij.inspections.tainted.annotation.equation.Equations'>
            <val val="{ &quot;absolutePath := AbstractPreferences#absolutePath()&quot; }"/>
        </annotation>
    </item>
    <item name='java.util.prefs.Preferences java.lang.String get(java.lang.String, java.lang.String)'>
        <annotation name='com.intellij.inspections.tainted.annotation.equation.Equations'>
            <val val="{ &quot;def := AbstractPreferences#get(java.lang.String, java.lang.String)#1&quot;, &quot;get := AbstractPreferences#get(java.lang.String, java.lang.String)&quot;, &quot;key := AbstractPreferences#get(java.lang.String, java.lang.String)#0&quot; }"/>
        </annotation>
    </item>
    <item name='java.util.prefs.Preferences java.lang.String name()'>
        <annotation name='com.intellij.inspections.tainted.annotation.equation.Equations'>
            <val val="{ &quot;name := AbstractPreferences#name()&quot; }"/>
        </annotation>
    </item>
    <item name='java.util.prefs.Preferences java.lang.String nodeName(java.lang.Class&lt;?&gt;)'>
        <annotation name='com.intellij.inspections.tainted.annotation.equation.Equations'>
            <val val="{ &quot;c := #userNodeForPackage(java.lang.Class)#0 &amp; #systemNodeForPackage(java.lang.Class)#0&quot; }"/>
        </annotation>
    </item>
    <item name='java.util.prefs.Preferences java.lang.String toString()'>
        <annotation name='com.intellij.inspections.tainted.annotation.equation.Equations'>
            <val val="{ &quot;toString := AbstractPreferences#toString()&quot; }"/>
        </annotation>
    </item>
    <item name='java.util.prefs.Preferences java.lang.String[] childrenNames()'>
        <annotation name='com.intellij.inspections.tainted.annotation.equation.Equations'>
            <val val="{ &quot;childrenNames := AbstractPreferences#childrenNames()&quot; }"/>
        </annotation>
    </item>
    <item name='java.util.prefs.Preferences java.lang.String[] keys()'>
        <annotation name='com.intellij.inspections.tainted.annotation.equation.Equations'>
            <val val="{ &quot;keys := AbstractPreferences#keys()&quot; }"/>
        </annotation>
    </item>
    <item name='java.util.prefs.Preferences java.util.prefs.Preferences node(java.lang.String)'>
        <annotation name='com.intellij.inspections.tainted.annotation.equation.Equations'>
            <val val="{ &quot;pathName := AbstractPreferences#node(java.lang.String)#0&quot;, &quot;node := AbstractPreferences#node(java.lang.String)&quot; }"/>
        </annotation>
    </item>
    <item name='java.util.prefs.Preferences java.util.prefs.Preferences parent()'>
        <annotation name='com.intellij.inspections.tainted.annotation.equation.Equations'>
            <val val="{ &quot;parent := AbstractPreferences#parent()&quot; }"/>
        </annotation>
    </item>
    <item name='java.util.prefs.Preferences long getLong(java.lang.String, long)'>
        <annotation name='com.intellij.inspections.tainted.annotation.equation.Equations'>
            <val val="{ &quot;key := AbstractPreferences#getLong(java.lang.String, long)#0&quot;, &quot;def := AbstractPreferences#getLong(java.lang.String, long)#1&quot;, &quot;getLong := AbstractPreferences#getLong(java.lang.String, long)&quot; }"/>
        </annotation>
    </item>
    <item name='java.util.prefs.Preferences void addNodeChangeListener(java.util.prefs.NodeChangeListener)'>
        <annotation name='com.intellij.inspections.tainted.annotation.equation.Equations'>
            <val val="{ &quot;ncl := AbstractPreferences#addNodeChangeListener(java.util.prefs.NodeChangeListener)#0&quot; }"/>
        </annotation>
    </item>
    <item name='java.util.prefs.Preferences void addPreferenceChangeListener(java.util.prefs.PreferenceChangeListener)'>
        <annotation name='com.intellij.inspections.tainted.annotation.equation.Equations'>
            <val val="{ &quot;pcl := AbstractPreferences#addPreferenceChangeListener(java.util.prefs.PreferenceChangeListener)#0&quot; }"/>
        </annotation>
    </item>
    <item name='java.util.prefs.Preferences void exportNode(java.io.OutputStream)'>
        <annotation name='com.intellij.inspections.tainted.annotation.equation.Equations'>
            <val val="{ &quot;os := AbstractPreferences#exportNode(java.io.OutputStream)#0&quot; }"/>
        </annotation>
    </item>
    <item name='java.util.prefs.Preferences void exportSubtree(java.io.OutputStream)'>
        <annotation name='com.intellij.inspections.tainted.annotation.equation.Equations'>
            <val val="{ &quot;os := AbstractPreferences#exportSubtree(java.io.OutputStream)#0&quot; }"/>
        </annotation>
    </item>
    <item name='java.util.prefs.Preferences void put(java.lang.String, java.lang.String)'>
        <annotation name='com.intellij.inspections.tainted.annotation.equation.Equations'>
            <val val="{ &quot;key := AbstractPreferences#put(java.lang.String, java.lang.String)#0&quot;, &quot;value := AbstractPreferences#put(java.lang.String, java.lang.String)#1&quot; }"/>
        </annotation>
    </item>
    <item name='java.util.prefs.Preferences void putBoolean(java.lang.String, boolean)'>
        <annotation name='com.intellij.inspections.tainted.annotation.equation.Equations'>
            <val val="{ &quot;key := AbstractPreferences#putBoolean(java.lang.String, boolean)#0&quot; }"/>
        </annotation>
    </item>
    <item name='java.util.prefs.Preferences void putByteArray(java.lang.String, byte[])'>
        <annotation name='com.intellij.inspections.tainted.annotation.equation.Equations'>
            <val val="{ &quot;value := AbstractPreferences#putByteArray(java.lang.String, byte[])#1&quot;, &quot;key := AbstractPreferences#putByteArray(java.lang.String, byte[])#0&quot; }"/>
        </annotation>
    </item>
    <item name='java.util.prefs.Preferences void putDouble(java.lang.String, double)'>
        <annotation name='com.intellij.inspections.tainted.annotation.equation.Equations'>
            <val val="{ &quot;value := AbstractPreferences#putDouble(java.lang.String, double)#1&quot;, &quot;key := AbstractPreferences#putDouble(java.lang.String, double)#0&quot; }"/>
        </annotation>
    </item>
    <item name='java.util.prefs.Preferences void putFloat(java.lang.String, float)'>
        <annotation name='com.intellij.inspections.tainted.annotation.equation.Equations'>
            <val val="{ &quot;key := AbstractPreferences#putFloat(java.lang.String, float)#0&quot;, &quot;value := AbstractPreferences#putFloat(java.lang.String, float)#1&quot; }"/>
        </annotation>
    </item>
    <item name='java.util.prefs.Preferences void putInt(java.lang.String, int)'>
        <annotation name='com.intellij.inspections.tainted.annotation.equation.Equations'>
            <val val="{ &quot;key := AbstractPreferences#putInt(java.lang.String, int)#0&quot;, &quot;value := AbstractPreferences#putInt(java.lang.String, int)#1&quot; }"/>
        </annotation>
    </item>
    <item name='java.util.prefs.Preferences void putLong(java.lang.String, long)'>
        <annotation name='com.intellij.inspections.tainted.annotation.equation.Equations'>
            <val val="{ &quot;key := AbstractPreferences#putLong(java.lang.String, long)#0&quot;, &quot;value := AbstractPreferences#putLong(java.lang.String, long)#1&quot; }"/>
        </annotation>
    </item>
    <item name='java.util.prefs.Preferences void remove(java.lang.String)'>
        <annotation name='com.intellij.inspections.tainted.annotation.equation.Equations'>
            <val val="{ &quot;key := AbstractPreferences#remove(java.lang.String)#0&quot; }"/>
        </annotation>
    </item>
    <item name='java.util.prefs.Preferences void removeNodeChangeListener(java.util.prefs.NodeChangeListener)'>
        <annotation name='com.intellij.inspections.tainted.annotation.equation.Equations'>
            <val val="{ &quot;ncl := AbstractPreferences#removeNodeChangeListener(java.util.prefs.NodeChangeListener)#0&quot; }"/>
        </annotation>
    </item>
    <item name='java.util.prefs.Preferences void removePreferenceChangeListener(java.util.prefs.PreferenceChangeListener)'>
        <annotation name='com.intellij.inspections.tainted.annotation.equation.Equations'>
            <val val="{ &quot;pcl := AbstractPreferences#removePreferenceChangeListener(java.util.prefs.PreferenceChangeListener)#0&quot; }"/>
        </annotation>
    </item>
    <item name='java.util.prefs.XmlSupport org.w3c.dom.Document loadPrefsDoc(java.io.InputStream)'>
        <annotation name='com.intellij.inspections.tainted.annotation.equation.Equations'>
            <val val="{ &quot;in := #importPreferences(java.io.InputStream)#0 &amp; #importMap(java.io.InputStream, java.util.Map)#0&quot; }"/>
        </annotation>
    </item>
    <item name='java.util.prefs.XmlSupport void ImportPrefs(java.util.prefs.Preferences, org.w3c.dom.Element)'>
        <annotation name='com.intellij.inspections.tainted.annotation.equation.Equations'>
            <val val="{ &quot;prefsNode := #ImportSubtree(java.util.prefs.Preferences, org.w3c.dom.Element)#0&quot; }"/>
        </annotation>
    </item>
    <item name='java.util.prefs.XmlSupport void export(java.io.OutputStream, java.util.prefs.Preferences, boolean)'>
        <annotation name='com.intellij.inspections.tainted.annotation.equation.Equations'>
            <val val="{ &quot;os := AbstractPreferences#exportNode(java.io.OutputStream)#0 &amp; AbstractPreferences#exportSubtree(java.io.OutputStream)#0&quot;, &quot;p := AbstractPreferences&quot; }"/>
        </annotation>
    </item>
    <item name='java.util.prefs.XmlSupport void exportMap(java.io.OutputStream, java.util.Map&lt;java.lang.String,java.lang.String&gt;)'>
        <annotation name='com.intellij.inspections.tainted.annotation.equation.Equations'>
            <val val="{ &quot;os := &quot;, &quot;map := FileSystemPreferences&quot; }"/>
        </annotation>
    </item>
    <item name='java.util.prefs.XmlSupport void importMap(java.io.InputStream, java.util.Map&lt;java.lang.String,java.lang.String&gt;)'>
        <annotation name='com.intellij.inspections.tainted.annotation.equation.Equations'>
            <val val="{ &quot;is := &quot;, &quot;m := &quot; }"/>
        </annotation>
    </item>
    <item name='java.util.prefs.XmlSupport void importPreferences(java.io.InputStream)'>
        <annotation name='com.intellij.inspections.tainted.annotation.equation.Equations'>
            <val val="{ &quot;is := Preferences#importPreferences(java.io.InputStream)#0&quot; }"/>
        </annotation>
    </item>
    <item name='java.util.prefs.XmlSupport void putPreferencesInXml(org.w3c.dom.Element, org.w3c.dom.Document, java.util.prefs.Preferences, boolean)'>
        <annotation name='com.intellij.inspections.tainted.annotation.equation.Equations'>
            <val val="{ &quot;prefs := #export(java.io.OutputStream, java.util.prefs.Preferences, boolean)#1&quot; }"/>
        </annotation>
    </item>
    <item name='java.util.prefs.XmlSupport void writeDoc(org.w3c.dom.Document, java.io.OutputStream)'>
        <annotation name='com.intellij.inspections.tainted.annotation.equation.Equations'>
            <val val="{ &quot;out := #export(java.io.OutputStream, java.util.prefs.Preferences, boolean)#0 &amp; #exportMap(java.io.OutputStream, java.util.Map)#0&quot; }"/>
        </annotation>
    </item>
</root>