<root>
    <item name='org.locationtech.jts.geomgraph.Depth'>
        <annotation name='com.intellij.inspections.tainted.annotation.equation.Equations'>
            <val val="{ &quot;Depth := #NULL_VALUE &amp; #setDepth(int, int, int)#2&quot; }"/>
        </annotation>
    </item>
    <item name='org.locationtech.jts.geomgraph.Depth Depth()'>
        <annotation name='com.intellij.inspections.tainted.annotation.equation.Equations'>
            <val val="{ &quot;Depth := Depth&quot; }"/>
        </annotation>
    </item>
    <item name='org.locationtech.jts.geomgraph.Depth int depthAtLocation(int)'>
        <annotation name='com.intellij.inspections.tainted.annotation.equation.Equations'>
            <val val="{ &quot;depthAtLocation := #NULL_VALUE&quot;, &quot;location := &quot; }"/>
        </annotation>
    </item>
    <item name='org.locationtech.jts.geomgraph.Depth int getDelta(int)'>
        <annotation name='com.intellij.inspections.tainted.annotation.equation.Equations'>
            <val val="{ &quot;getDelta := Depth&quot; }"/>
        </annotation>
    </item>
    <item name='org.locationtech.jts.geomgraph.Depth int getDepth(int, int)'>
        <annotation name='com.intellij.inspections.tainted.annotation.equation.Equations'>
            <val val="{ &quot;getDepth := Depth&quot; }"/>
        </annotation>
    </item>
    <item name='org.locationtech.jts.geomgraph.Depth int getLocation(int, int)'>
        <annotation name='com.intellij.inspections.tainted.annotation.equation.Equations'>
            <val val="{ &quot;posIndex := Position#LEFT &amp; Position#RIGHT&quot;, &quot;getLocation := org.locationtech.jts.geom.Location#EXTERIOR &amp; org.locationtech.jts.geom.Location#INTERIOR&quot; }"/>
        </annotation>
    </item>
    <item name='org.locationtech.jts.geomgraph.Depth java.lang.String toString()'>
        <annotation name='com.intellij.inspections.tainted.annotation.equation.Equations'>
            <val val="{ &quot;toString := Depth&quot; }"/>
        </annotation>
    </item>
    <item name='org.locationtech.jts.geomgraph.Depth void add(org.locationtech.jts.geomgraph.Label)'>
        <annotation name='com.intellij.inspections.tainted.annotation.equation.Equations'>
            <val val="{ &quot;lbl := &quot; }"/>
        </annotation>
    </item>
    <item name='org.locationtech.jts.geomgraph.DirectedEdge'>
        <annotation name='com.intellij.inspections.tainted.annotation.equation.Equations'>
            <val val="{ &quot;DirectedEdge := #setEdgeRing(org.locationtech.jts.geomgraph.EdgeRing)#0 &amp; #setMinEdgeRing(org.locationtech.jts.geomgraph.EdgeRing)#0 &amp; #setDepth(int, int)#1 &amp; #setSym(org.locationtech.jts.geomgraph.DirectedEdge)#0 &amp; #setNext(org.locationtech.jts.geomgraph.DirectedEdge)#0 &amp; #setNextMin(org.locationtech.jts.geomgraph.DirectedEdge)#0&quot; }"/>
        </annotation>
    </item>
    <item name='org.locationtech.jts.geomgraph.DirectedEdge DirectedEdge(org.locationtech.jts.geomgraph.Edge, boolean)'>
        <annotation name='com.intellij.inspections.tainted.annotation.equation.Equations'>
            <val val="{ &quot;DirectedEdge := DirectedEdge&quot;, &quot;edge := &quot; }"/>
        </annotation>
    </item>
    <item name='org.locationtech.jts.geomgraph.DirectedEdge int getDepth(int)'>
        <annotation name='com.intellij.inspections.tainted.annotation.equation.Equations'>
            <val val="{ &quot;getDepth := DirectedEdge&quot;, &quot;position := Position#LEFT &amp; Position#RIGHT&quot; }"/>
        </annotation>
    </item>
    <item name='org.locationtech.jts.geomgraph.DirectedEdge int getDepthDelta()'>
        <annotation name='com.intellij.inspections.tainted.annotation.equation.Equations'>
            <val val="{ &quot;getDepthDelta := &quot; }"/>
        </annotation>
    </item>
    <item name='org.locationtech.jts.geomgraph.DirectedEdge org.locationtech.jts.geomgraph.DirectedEdge getNext()'>
        <annotation name='com.intellij.inspections.tainted.annotation.equation.Equations'>
            <val val="{ &quot;getNext := DirectedEdge&quot; }"/>
        </annotation>
    </item>
    <item name='org.locationtech.jts.geomgraph.DirectedEdge org.locationtech.jts.geomgraph.DirectedEdge getNextMin()'>
        <annotation name='com.intellij.inspections.tainted.annotation.equation.Equations'>
            <val val="{ &quot;getNextMin := DirectedEdge&quot; }"/>
        </annotation>
    </item>
    <item name='org.locationtech.jts.geomgraph.DirectedEdge org.locationtech.jts.geomgraph.DirectedEdge getSym()'>
        <annotation name='com.intellij.inspections.tainted.annotation.equation.Equations'>
            <val val="{ &quot;getSym := DirectedEdge&quot; }"/>
        </annotation>
    </item>
    <item name='org.locationtech.jts.geomgraph.DirectedEdge org.locationtech.jts.geomgraph.Edge getEdge()'>
        <annotation name='com.intellij.inspections.tainted.annotation.equation.Equations'>
            <val val="{ &quot;getEdge := DirectedEdge&quot; }"/>
        </annotation>
    </item>
    <item name='org.locationtech.jts.geomgraph.DirectedEdge org.locationtech.jts.geomgraph.EdgeRing getEdgeRing()'>
        <annotation name='com.intellij.inspections.tainted.annotation.equation.Equations'>
            <val val="{ &quot;getEdgeRing := DirectedEdge&quot; }"/>
        </annotation>
    </item>
    <item name='org.locationtech.jts.geomgraph.DirectedEdge org.locationtech.jts.geomgraph.EdgeRing getMinEdgeRing()'>
        <annotation name='com.intellij.inspections.tainted.annotation.equation.Equations'>
            <val val="{ &quot;getMinEdgeRing := DirectedEdge&quot; }"/>
        </annotation>
    </item>
    <item name='org.locationtech.jts.geomgraph.DirectedEdge void print(java.io.PrintStream)'>
        <annotation name='com.intellij.inspections.tainted.annotation.equation.Equations'>
            <val val="{ &quot;out := #printEdge(java.io.PrintStream)#0 &amp; DirectedEdgeStar#print(java.io.PrintStream)#0&quot; }"/>
        </annotation>
    </item>
    <item name='org.locationtech.jts.geomgraph.DirectedEdge void setDepth(int, int)'>
        <annotation name='com.intellij.inspections.tainted.annotation.equation.Equations'>
            <val val="{ &quot;position := #setEdgeDepths(int, int)#0 &amp; Position#LEFT &amp; Position#RIGHT&quot;, &quot;depthVal := #setEdgeDepths(int, int)#1&quot; }"/>
        </annotation>
    </item>
    <item name='org.locationtech.jts.geomgraph.DirectedEdge void setEdgeDepths(int, int)'>
        <annotation name='com.intellij.inspections.tainted.annotation.equation.Equations'>
            <val val="{ &quot;depth := DirectedEdgeStar#computeDepths(int, int, int)#2 &amp; org.locationtech.jts.operation.buffer.BufferSubgraph#computeDepth(int)#0&quot;, &quot;position := Position#RIGHT&quot; }"/>
        </annotation>
    </item>
    <item name='org.locationtech.jts.geomgraph.DirectedEdge void setEdgeRing(org.locationtech.jts.geomgraph.EdgeRing)'>
        <annotation name='com.intellij.inspections.tainted.annotation.equation.Equations'>
            <val val="{ &quot;edgeRing := org.locationtech.jts.operation.overlay.MaximalEdgeRing#setEdgeRing(org.locationtech.jts.geomgraph.DirectedEdge, org.locationtech.jts.geomgraph.EdgeRing)#1&quot; }"/>
        </annotation>
    </item>
    <item name='org.locationtech.jts.geomgraph.DirectedEdge void setMinEdgeRing(org.locationtech.jts.geomgraph.EdgeRing)'>
        <annotation name='com.intellij.inspections.tainted.annotation.equation.Equations'>
            <val val="{ &quot;minEdgeRing := org.locationtech.jts.operation.overlay.MinimalEdgeRing#setEdgeRing(org.locationtech.jts.geomgraph.DirectedEdge, org.locationtech.jts.geomgraph.EdgeRing)#1&quot; }"/>
        </annotation>
    </item>
    <item name='org.locationtech.jts.geomgraph.DirectedEdge void setNext(org.locationtech.jts.geomgraph.DirectedEdge)'>
        <annotation name='com.intellij.inspections.tainted.annotation.equation.Equations'>
            <val val="{ &quot;next := &quot; }"/>
        </annotation>
    </item>
    <item name='org.locationtech.jts.geomgraph.DirectedEdge void setNextMin(org.locationtech.jts.geomgraph.DirectedEdge)'>
        <annotation name='com.intellij.inspections.tainted.annotation.equation.Equations'>
            <val val="{ &quot;nextMin := &quot; }"/>
        </annotation>
    </item>
    <item name='org.locationtech.jts.geomgraph.DirectedEdge void setSym(org.locationtech.jts.geomgraph.DirectedEdge)'>
        <annotation name='com.intellij.inspections.tainted.annotation.equation.Equations'>
            <val val="{ &quot;de := &quot; }"/>
        </annotation>
    </item>
    <item name='org.locationtech.jts.geomgraph.DirectedEdgeStar'>
        <annotation name='com.intellij.inspections.tainted.annotation.equation.Equations'>
            <val val="{ &quot;DirectedEdgeStar := &quot; }"/>
        </annotation>
    </item>
    <item name='org.locationtech.jts.geomgraph.DirectedEdgeStar DirectedEdgeStar()'>
        <annotation name='com.intellij.inspections.tainted.annotation.equation.Equations'>
            <val val="{ &quot;DirectedEdgeStar := DirectedEdgeStar&quot; }"/>
        </annotation>
    </item>
    <item name='org.locationtech.jts.geomgraph.DirectedEdgeStar int computeDepths(int, int, int)'>
        <annotation name='com.intellij.inspections.tainted.annotation.equation.Equations'>
            <val val="{ &quot;endIndex := &quot;, &quot;computeDepths := startDepth&quot;, &quot;startDepth := &quot;, &quot;startIndex := &quot; }"/>
        </annotation>
    </item>
    <item name='org.locationtech.jts.geomgraph.DirectedEdgeStar int getOutgoingDegree(org.locationtech.jts.geomgraph.EdgeRing)'>
        <annotation name='com.intellij.inspections.tainted.annotation.equation.Equations'>
            <val val="{ &quot;er := EdgeRing&quot; }"/>
        </annotation>
    </item>
    <item name='org.locationtech.jts.geomgraph.DirectedEdgeStar java.util.List getResultAreaEdges()'>
        <annotation name='com.intellij.inspections.tainted.annotation.equation.Equations'>
            <val val="{ &quot;getResultAreaEdges := DirectedEdgeStar&quot; }"/>
        </annotation>
    </item>
    <item name='org.locationtech.jts.geomgraph.DirectedEdgeStar org.locationtech.jts.geomgraph.DirectedEdge getRightmostEdge()'>
        <annotation name='com.intellij.inspections.tainted.annotation.equation.Equations'>
            <val val="{ &quot;getRightmostEdge := &quot; }"/>
        </annotation>
    </item>
    <item name='org.locationtech.jts.geomgraph.DirectedEdgeStar org.locationtech.jts.geomgraph.Label getLabel()'>
        <annotation name='com.intellij.inspections.tainted.annotation.equation.Equations'>
            <val val="{ &quot;getLabel := DirectedEdgeStar&quot; }"/>
        </annotation>
    </item>
    <item name='org.locationtech.jts.geomgraph.DirectedEdgeStar void computeDepths(org.locationtech.jts.geomgraph.DirectedEdge)'>
        <annotation name='com.intellij.inspections.tainted.annotation.equation.Equations'>
            <val val="{ &quot;de := &quot; }"/>
        </annotation>
    </item>
    <item name='org.locationtech.jts.geomgraph.DirectedEdgeStar void linkMinimalDirectedEdges(org.locationtech.jts.geomgraph.EdgeRing)'>
        <annotation name='com.intellij.inspections.tainted.annotation.equation.Equations'>
            <val val="{ &quot;er := org.locationtech.jts.operation.overlay.MaximalEdgeRing&quot; }"/>
        </annotation>
    </item>
    <item name='org.locationtech.jts.geomgraph.DirectedEdgeStar void updateLabelling(org.locationtech.jts.geomgraph.Label)'>
        <annotation name='com.intellij.inspections.tainted.annotation.equation.Equations'>
            <val val="{ &quot;nodeLabel := &quot; }"/>
        </annotation>
    </item>
    <item name='org.locationtech.jts.geomgraph.Edge'>
        <annotation name='com.intellij.inspections.tainted.annotation.equation.Equations'>
            <val val="{ &quot;Edge := #Edge(org.locationtech.jts.geom.Coordinate[], org.locationtech.jts.geomgraph.Label)#0 &amp; #Edge(org.locationtech.jts.geom.Coordinate[], org.locationtech.jts.geomgraph.Label)#1 &amp; #setName(java.lang.String)#0 &amp; #setDepthDelta(int)#0&quot; }"/>
        </annotation>
    </item>
    <item name='org.locationtech.jts.geomgraph.Edge Edge(org.locationtech.jts.geom.Coordinate[])'>
        <annotation name='com.intellij.inspections.tainted.annotation.equation.Equations'>
            <val val="{ &quot;Edge := Edge&quot; }"/>
        </annotation>
    </item>
    <item name='org.locationtech.jts.geomgraph.Edge Edge(org.locationtech.jts.geom.Coordinate[], org.locationtech.jts.geomgraph.Label)'>
        <annotation name='com.intellij.inspections.tainted.annotation.equation.Equations'>
            <val val="{ &quot;Edge := Edge&quot;, &quot;label := &quot;, &quot;pts := #Edge(org.locationtech.jts.geom.Coordinate[])#0 &amp; Edge &amp; EdgeIntersectionList&quot; }"/>
        </annotation>
    </item>
    <item name='org.locationtech.jts.geomgraph.Edge boolean equals(java.lang.Object)'>
        <annotation name='com.intellij.inspections.tainted.annotation.equation.Equations'>
            <val val="{ &quot;o := EdgeList#findEdgeIndex(org.locationtech.jts.geomgraph.Edge)#0&quot; }"/>
        </annotation>
    </item>
    <item name='org.locationtech.jts.geomgraph.Edge int getDepthDelta()'>
        <annotation name='com.intellij.inspections.tainted.annotation.equation.Equations'>
            <val val="{ &quot;getDepthDelta := Edge&quot; }"/>
        </annotation>
    </item>
    <item name='org.locationtech.jts.geomgraph.Edge int getMaximumSegmentIndex()'>
        <annotation name='com.intellij.inspections.tainted.annotation.equation.Equations'>
            <val val="{ &quot;getMaximumSegmentIndex := Edge&quot; }"/>
        </annotation>
    </item>
    <item name='org.locationtech.jts.geomgraph.Edge int getNumPoints()'>
        <annotation name='com.intellij.inspections.tainted.annotation.equation.Equations'>
            <val val="{ &quot;getNumPoints := Edge&quot; }"/>
        </annotation>
    </item>
    <item name='org.locationtech.jts.geomgraph.Edge java.lang.String toString()'>
        <annotation name='com.intellij.inspections.tainted.annotation.equation.Equations'>
            <val val="{ &quot;toString := &quot; }"/>
        </annotation>
    </item>
    <item name='org.locationtech.jts.geomgraph.Edge org.locationtech.jts.geom.Coordinate getCoordinate()'>
        <annotation name='com.intellij.inspections.tainted.annotation.equation.Equations'>
            <val val="{ &quot;getCoordinate := Edge&quot; }"/>
        </annotation>
    </item>
    <item name='org.locationtech.jts.geomgraph.Edge org.locationtech.jts.geom.Coordinate getCoordinate(int)'>
        <annotation name='com.intellij.inspections.tainted.annotation.equation.Equations'>
            <val val="{ &quot;getCoordinate := Edge&quot;, &quot;i := &quot; }"/>
        </annotation>
    </item>
    <item name='org.locationtech.jts.geomgraph.Edge org.locationtech.jts.geom.Coordinate[] getCoordinates()'>
        <annotation name='com.intellij.inspections.tainted.annotation.equation.Equations'>
            <val val="{ &quot;getCoordinates := Edge&quot; }"/>
        </annotation>
    </item>
    <item name='org.locationtech.jts.geomgraph.Edge org.locationtech.jts.geom.Envelope getEnvelope()'>
        <annotation name='com.intellij.inspections.tainted.annotation.equation.Equations'>
            <val val="{ &quot;getEnvelope := Edge&quot; }"/>
        </annotation>
    </item>
    <item name='org.locationtech.jts.geomgraph.Edge org.locationtech.jts.geomgraph.Depth getDepth()'>
        <annotation name='com.intellij.inspections.tainted.annotation.equation.Equations'>
            <val val="{ &quot;getDepth := Edge&quot; }"/>
        </annotation>
    </item>
    <item name='org.locationtech.jts.geomgraph.Edge org.locationtech.jts.geomgraph.Edge getCollapsedEdge()'>
        <annotation name='com.intellij.inspections.tainted.annotation.equation.Equations'>
            <val val="{ &quot;getCollapsedEdge := &quot; }"/>
        </annotation>
    </item>
    <item name='org.locationtech.jts.geomgraph.Edge org.locationtech.jts.geomgraph.EdgeIntersectionList getEdgeIntersectionList()'>
        <annotation name='com.intellij.inspections.tainted.annotation.equation.Equations'>
            <val val="{ &quot;getEdgeIntersectionList := Edge&quot; }"/>
        </annotation>
    </item>
    <item name='org.locationtech.jts.geomgraph.Edge org.locationtech.jts.geomgraph.index.MonotoneChainEdge getMonotoneChainEdge()'>
        <annotation name='com.intellij.inspections.tainted.annotation.equation.Equations'>
            <val val="{ &quot;getMonotoneChainEdge := Edge&quot; }"/>
        </annotation>
    </item>
    <item name='org.locationtech.jts.geomgraph.Edge void addIntersection(org.locationtech.jts.algorithm.LineIntersector, int, int, int)'>
        <annotation name='com.intellij.inspections.tainted.annotation.equation.Equations'>
            <val val="{ &quot;li := #addIntersections(org.locationtech.jts.algorithm.LineIntersector, int, int)#0&quot;, &quot;geomIndex := #addIntersections(org.locationtech.jts.algorithm.LineIntersector, int, int)#2&quot;, &quot;segmentIndex := #addIntersections(org.locationtech.jts.algorithm.LineIntersector, int, int)#1&quot; }"/>
        </annotation>
    </item>
    <item name='org.locationtech.jts.geomgraph.Edge void addIntersections(org.locationtech.jts.algorithm.LineIntersector, int, int)'>
        <annotation name='com.intellij.inspections.tainted.annotation.equation.Equations'>
            <val val="{ &quot;segmentIndex := org.locationtech.jts.geomgraph.index.SegmentIntersector#addIntersections(org.locationtech.jts.geomgraph.Edge, int, org.locationtech.jts.geomgraph.Edge, int)#1 &amp; org.locationtech.jts.geomgraph.index.SegmentIntersector#addIntersections(org.locationtech.jts.geomgraph.Edge, int, org.locationtech.jts.geomgraph.Edge, int)#3&quot;, &quot;li := org.locationtech.jts.geomgraph.index.SegmentIntersector&quot; }"/>
        </annotation>
    </item>
    <item name='org.locationtech.jts.geomgraph.Edge void print(java.io.PrintStream)'>
        <annotation name='com.intellij.inspections.tainted.annotation.equation.Equations'>
            <val val="{ &quot;out := DirectedEdge#printEdge(java.io.PrintStream)#0 &amp; PlanarGraph#printEdges(java.io.PrintStream)#0&quot; }"/>
        </annotation>
    </item>
    <item name='org.locationtech.jts.geomgraph.Edge void printReverse(java.io.PrintStream)'>
        <annotation name='com.intellij.inspections.tainted.annotation.equation.Equations'>
            <val val="{ &quot;out := DirectedEdge#printEdge(java.io.PrintStream)#0&quot; }"/>
        </annotation>
    </item>
    <item name='org.locationtech.jts.geomgraph.Edge void setDepthDelta(int)'>
        <annotation name='com.intellij.inspections.tainted.annotation.equation.Equations'>
            <val val="{ &quot;depthDelta := &quot; }"/>
        </annotation>
    </item>
    <item name='org.locationtech.jts.geomgraph.Edge void updateIM(org.locationtech.jts.geomgraph.Label, org.locationtech.jts.geom.IntersectionMatrix)'>
        <annotation name='com.intellij.inspections.tainted.annotation.equation.Equations'>
            <val val="{ &quot;im := #computeIM(org.locationtech.jts.geom.IntersectionMatrix)#0 &amp; org.locationtech.jts.operation.relate.EdgeEndBundle#updateIM(org.locationtech.jts.geom.IntersectionMatrix)#0&quot;, &quot;label := Edge &amp; org.locationtech.jts.operation.relate.EdgeEndBundle&quot; }"/>
        </annotation>
    </item>
    <item name='org.locationtech.jts.geomgraph.EdgeEnd'>
        <annotation name='com.intellij.inspections.tainted.annotation.equation.Equations'>
            <val val="{ &quot;EdgeEnd := #EdgeEnd(org.locationtech.jts.geomgraph.Edge)#0 &amp; #EdgeEnd(org.locationtech.jts.geomgraph.Edge, org.locationtech.jts.geom.Coordinate, org.locationtech.jts.geom.Coordinate, org.locationtech.jts.geomgraph.Label)#3 &amp; #init(org.locationtech.jts.geom.Coordinate, org.locationtech.jts.geom.Coordinate)#0 &amp; #init(org.locationtech.jts.geom.Coordinate, org.locationtech.jts.geom.Coordinate)#1 &amp; #setNode(org.locationtech.jts.geomgraph.Node)#0&quot; }"/>
        </annotation>
    </item>
    <item name='org.locationtech.jts.geomgraph.EdgeEnd EdgeEnd(org.locationtech.jts.geomgraph.Edge)'>
        <annotation name='com.intellij.inspections.tainted.annotation.equation.Equations'>
            <val val="{ &quot;edge := DirectedEdge#DirectedEdge(org.locationtech.jts.geomgraph.Edge, boolean)#0 &amp; #EdgeEnd(org.locationtech.jts.geomgraph.Edge, org.locationtech.jts.geom.Coordinate, org.locationtech.jts.geom.Coordinate, org.locationtech.jts.geomgraph.Label)#0&quot;, &quot;EdgeEnd := EdgeEnd&quot; }"/>
        </annotation>
    </item>
    <item name='org.locationtech.jts.geomgraph.EdgeEnd EdgeEnd(org.locationtech.jts.geomgraph.Edge, org.locationtech.jts.geom.Coordinate, org.locationtech.jts.geom.Coordinate)'>
        <annotation name='com.intellij.inspections.tainted.annotation.equation.Equations'>
            <val val="{ &quot;EdgeEnd := EdgeEnd&quot; }"/>
        </annotation>
    </item>
    <item name='org.locationtech.jts.geomgraph.EdgeEnd EdgeEnd(org.locationtech.jts.geomgraph.Edge, org.locationtech.jts.geom.Coordinate, org.locationtech.jts.geom.Coordinate, org.locationtech.jts.geomgraph.Label)'>
        <annotation name='com.intellij.inspections.tainted.annotation.equation.Equations'>
            <val val="{ &quot;EdgeEnd := EdgeEnd&quot;, &quot;edge := org.locationtech.jts.operation.relate.EdgeEndBuilder#createEdgeEndForPrev(org.locationtech.jts.geomgraph.Edge, java.util.List, org.locationtech.jts.geomgraph.EdgeIntersection, org.locationtech.jts.geomgraph.EdgeIntersection)#0 &amp; org.locationtech.jts.operation.relate.EdgeEndBuilder#createEdgeEndForNext(org.locationtech.jts.geomgraph.Edge, java.util.List, org.locationtech.jts.geomgraph.EdgeIntersection, org.locationtech.jts.geomgraph.EdgeIntersection)#0 &amp; #EdgeEnd(org.locationtech.jts.geomgraph.Edge, org.locationtech.jts.geom.Coordinate, org.locationtech.jts.geom.Coordinate)#0&quot;, &quot;p0 := #EdgeEnd(org.locationtech.jts.geomgraph.Edge, org.locationtech.jts.geom.Coordinate, org.locationtech.jts.geom.Coordinate)#1&quot;, &quot;label := &quot;, &quot;p1 := #EdgeEnd(org.locationtech.jts.geomgraph.Edge, org.locationtech.jts.geom.Coordinate, org.locationtech.jts.geom.Coordinate)#2&quot; }"/>
        </annotation>
    </item>
    <item name='org.locationtech.jts.geomgraph.EdgeEnd double getDx()'>
        <annotation name='com.intellij.inspections.tainted.annotation.equation.Equations'>
            <val val="{ &quot;getDx := EdgeEnd&quot; }"/>
        </annotation>
    </item>
    <item name='org.locationtech.jts.geomgraph.EdgeEnd double getDy()'>
        <annotation name='com.intellij.inspections.tainted.annotation.equation.Equations'>
            <val val="{ &quot;getDy := EdgeEnd&quot; }"/>
        </annotation>
    </item>
    <item name='org.locationtech.jts.geomgraph.EdgeEnd int compareDirection(org.locationtech.jts.geomgraph.EdgeEnd)'>
        <annotation name='com.intellij.inspections.tainted.annotation.equation.Equations'>
            <val val="{ &quot;compareDirection := &quot;, &quot;e := #compareTo(java.lang.Object)#0&quot; }"/>
        </annotation>
    </item>
    <item name='org.locationtech.jts.geomgraph.EdgeEnd int compareTo(java.lang.Object)'>
        <annotation name='com.intellij.inspections.tainted.annotation.equation.Equations'>
            <val val="{ &quot;compareTo := &quot; }"/>
        </annotation>
    </item>
    <item name='org.locationtech.jts.geomgraph.EdgeEnd int getQuadrant()'>
        <annotation name='com.intellij.inspections.tainted.annotation.equation.Equations'>
            <val val="{ &quot;getQuadrant := EdgeEnd&quot; }"/>
        </annotation>
    </item>
    <item name='org.locationtech.jts.geomgraph.EdgeEnd java.lang.String toString()'>
        <annotation name='com.intellij.inspections.tainted.annotation.equation.Equations'>
            <val val="{ &quot;toString := EdgeEnd&quot; }"/>
        </annotation>
    </item>
    <item name='org.locationtech.jts.geomgraph.EdgeEnd org.locationtech.jts.geom.Coordinate getCoordinate()'>
        <annotation name='com.intellij.inspections.tainted.annotation.equation.Equations'>
            <val val="{ &quot;getCoordinate := EdgeEnd&quot; }"/>
        </annotation>
    </item>
    <item name='org.locationtech.jts.geomgraph.EdgeEnd org.locationtech.jts.geom.Coordinate getDirectedCoordinate()'>
        <annotation name='com.intellij.inspections.tainted.annotation.equation.Equations'>
            <val val="{ &quot;getDirectedCoordinate := EdgeEnd&quot; }"/>
        </annotation>
    </item>
    <item name='org.locationtech.jts.geomgraph.EdgeEnd org.locationtech.jts.geomgraph.Edge getEdge()'>
        <annotation name='com.intellij.inspections.tainted.annotation.equation.Equations'>
            <val val="{ &quot;getEdge := EdgeEnd&quot; }"/>
        </annotation>
    </item>
    <item name='org.locationtech.jts.geomgraph.EdgeEnd org.locationtech.jts.geomgraph.Label getLabel()'>
        <annotation name='com.intellij.inspections.tainted.annotation.equation.Equations'>
            <val val="{ &quot;getLabel := org.locationtech.jts.operation.relate.EdgeEndBundle#getLabel()&quot; }"/>
        </annotation>
    </item>
    <item name='org.locationtech.jts.geomgraph.EdgeEnd org.locationtech.jts.geomgraph.Node getNode()'>
        <annotation name='com.intellij.inspections.tainted.annotation.equation.Equations'>
            <val val="{ &quot;getNode := EdgeEnd&quot; }"/>
        </annotation>
    </item>
    <item name='org.locationtech.jts.geomgraph.EdgeEnd void computeLabel(org.locationtech.jts.algorithm.BoundaryNodeRule)'>
        <annotation name='com.intellij.inspections.tainted.annotation.equation.Equations'>
            <val val="{ &quot;boundaryNodeRule := org.locationtech.jts.operation.relate.EdgeEndBundle#computeLabel(org.locationtech.jts.algorithm.BoundaryNodeRule)#0&quot; }"/>
        </annotation>
    </item>
    <item name='org.locationtech.jts.geomgraph.EdgeEnd void init(org.locationtech.jts.geom.Coordinate, org.locationtech.jts.geom.Coordinate)'>
        <annotation name='com.intellij.inspections.tainted.annotation.equation.Equations'>
            <val val="{ &quot;p1 := #EdgeEnd(org.locationtech.jts.geomgraph.Edge, org.locationtech.jts.geom.Coordinate, org.locationtech.jts.geom.Coordinate, org.locationtech.jts.geomgraph.Label)#2&quot;, &quot;p0 := #EdgeEnd(org.locationtech.jts.geomgraph.Edge, org.locationtech.jts.geom.Coordinate, org.locationtech.jts.geom.Coordinate, org.locationtech.jts.geomgraph.Label)#1&quot; }"/>
        </annotation>
    </item>
    <item name='org.locationtech.jts.geomgraph.EdgeEnd void print(java.io.PrintStream)'>
        <annotation name='com.intellij.inspections.tainted.annotation.equation.Equations'>
            <val val="{ &quot;out := DirectedEdge#print(java.io.PrintStream)#0 &amp; EdgeEndStar#print(java.io.PrintStream)#0 &amp; org.locationtech.jts.operation.relate.EdgeEndBundle#print(java.io.PrintStream)#0&quot; }"/>
        </annotation>
    </item>
    <item name='org.locationtech.jts.geomgraph.EdgeEnd void setNode(org.locationtech.jts.geomgraph.Node)'>
        <annotation name='com.intellij.inspections.tainted.annotation.equation.Equations'>
            <val val="{ &quot;node := Node&quot; }"/>
        </annotation>
    </item>
    <item name='org.locationtech.jts.geomgraph.EdgeEndStar'>
        <annotation name='com.intellij.inspections.tainted.annotation.equation.Equations'>
            <val val="{ &quot;EdgeEndStar := org.locationtech.jts.geom.Location#NONE&quot; }"/>
        </annotation>
    </item>
    <item name='org.locationtech.jts.geomgraph.EdgeEndStar EdgeEndStar()'>
        <annotation name='com.intellij.inspections.tainted.annotation.equation.Equations'>
            <val val="{ &quot;EdgeEndStar := EdgeEndStar&quot; }"/>
        </annotation>
    </item>
    <item name='org.locationtech.jts.geomgraph.EdgeEndStar int findIndex(org.locationtech.jts.geomgraph.EdgeEnd)'>
        <annotation name='com.intellij.inspections.tainted.annotation.equation.Equations'>
            <val val="{ &quot;eSearch := DirectedEdgeStar#computeDepths(org.locationtech.jts.geomgraph.DirectedEdge)#0&quot; }"/>
        </annotation>
    </item>
    <item name='org.locationtech.jts.geomgraph.EdgeEndStar int getDegree()'>
        <annotation name='com.intellij.inspections.tainted.annotation.equation.Equations'>
            <val val="{ &quot;getDegree := &quot; }"/>
        </annotation>
    </item>
    <item name='org.locationtech.jts.geomgraph.EdgeEndStar int getLocation(int, org.locationtech.jts.geom.Coordinate, org.locationtech.jts.geomgraph.GeometryGraph[])'>
        <annotation name='com.intellij.inspections.tainted.annotation.equation.Equations'>
            <val val="{ &quot;getLocation := EdgeEndStar&quot;, &quot;geom := #computeLabelling(org.locationtech.jts.geomgraph.GeometryGraph[])#0&quot;, &quot;p := &quot; }"/>
        </annotation>
    </item>
    <item name='org.locationtech.jts.geomgraph.EdgeEndStar java.lang.String toString()'>
        <annotation name='com.intellij.inspections.tainted.annotation.equation.Equations'>
            <val val="{ &quot;toString := &quot; }"/>
        </annotation>
    </item>
    <item name='org.locationtech.jts.geomgraph.EdgeEndStar java.util.Iterator iterator()'>
        <annotation name='com.intellij.inspections.tainted.annotation.equation.Equations'>
            <val val="{ &quot;iterator := &quot; }"/>
        </annotation>
    </item>
    <item name='org.locationtech.jts.geomgraph.EdgeEndStar java.util.List getEdges()'>
        <annotation name='com.intellij.inspections.tainted.annotation.equation.Equations'>
            <val val="{ &quot;getEdges := EdgeEndStar&quot; }"/>
        </annotation>
    </item>
    <item name='org.locationtech.jts.geomgraph.EdgeEndStar org.locationtech.jts.geom.Coordinate getCoordinate()'>
        <annotation name='com.intellij.inspections.tainted.annotation.equation.Equations'>
            <val val="{ &quot;getCoordinate := &quot; }"/>
        </annotation>
    </item>
    <item name='org.locationtech.jts.geomgraph.EdgeEndStar org.locationtech.jts.geomgraph.EdgeEnd getNextCW(org.locationtech.jts.geomgraph.EdgeEnd)'>
        <annotation name='com.intellij.inspections.tainted.annotation.equation.Equations'>
            <val val="{ &quot;getNextCW := &quot; }"/>
        </annotation>
    </item>
    <item name='org.locationtech.jts.geomgraph.EdgeEndStar void computeEdgeEndLabels(org.locationtech.jts.algorithm.BoundaryNodeRule)'>
        <annotation name='com.intellij.inspections.tainted.annotation.equation.Equations'>
            <val val="{ &quot;boundaryNodeRule := &quot; }"/>
        </annotation>
    </item>
    <item name='org.locationtech.jts.geomgraph.EdgeEndStar void computeLabelling(org.locationtech.jts.geomgraph.GeometryGraph[])'>
        <annotation name='com.intellij.inspections.tainted.annotation.equation.Equations'>
            <val val="{ &quot;geomGraph := org.locationtech.jts.operation.overlay.OverlayOp &amp; org.locationtech.jts.operation.relate.RelateComputer &amp; DirectedEdgeStar#computeLabelling(org.locationtech.jts.geomgraph.GeometryGraph[])#0&quot; }"/>
        </annotation>
    </item>
    <item name='org.locationtech.jts.geomgraph.EdgeEndStar void insert(org.locationtech.jts.geomgraph.EdgeEnd)'>
        <annotation name='com.intellij.inspections.tainted.annotation.equation.Equations'>
            <val val="{ &quot;e := DirectedEdgeStar#insert(org.locationtech.jts.geomgraph.EdgeEnd)#0 &amp; org.locationtech.jts.operation.relate.EdgeEndBundleStar#insert(org.locationtech.jts.geomgraph.EdgeEnd)#0&quot; }"/>
        </annotation>
    </item>
    <item name='org.locationtech.jts.geomgraph.EdgeEndStar void insertEdgeEnd(org.locationtech.jts.geomgraph.EdgeEnd, java.lang.Object)'>
        <annotation name='com.intellij.inspections.tainted.annotation.equation.Equations'>
            <val val="{ &quot;e := DirectedEdgeStar#insert(org.locationtech.jts.geomgraph.EdgeEnd)#0 &amp; org.locationtech.jts.operation.relate.EdgeEndBundleStar#insert(org.locationtech.jts.geomgraph.EdgeEnd)#0&quot;, &quot;obj := DirectedEdgeStar#insert(org.locationtech.jts.geomgraph.EdgeEnd)#0&quot; }"/>
        </annotation>
    </item>
    <item name='org.locationtech.jts.geomgraph.EdgeEndStar void print(java.io.PrintStream)'>
        <annotation name='com.intellij.inspections.tainted.annotation.equation.Equations'>
            <val val="{ &quot;out := DirectedEdgeStar#print(java.io.PrintStream)#0&quot; }"/>
        </annotation>
    </item>
    <item name='org.locationtech.jts.geomgraph.EdgeIntersection'>
        <annotation name='com.intellij.inspections.tainted.annotation.equation.Equations'>
            <val val="{ &quot;EdgeIntersection := #EdgeIntersection(org.locationtech.jts.geom.Coordinate, int, double)#1 &amp; #EdgeIntersection(org.locationtech.jts.geom.Coordinate, int, double)#2&quot; }"/>
        </annotation>
    </item>
    <item name='org.locationtech.jts.geomgraph.EdgeIntersection EdgeIntersection(org.locationtech.jts.geom.Coordinate, int, double)'>
        <annotation name='com.intellij.inspections.tainted.annotation.equation.Equations'>
            <val val="{ &quot;coord := EdgeIntersectionList#add(org.locationtech.jts.geom.Coordinate, int, double)#0&quot;, &quot;EdgeIntersection := EdgeIntersection&quot;, &quot;dist := EdgeIntersectionList#add(org.locationtech.jts.geom.Coordinate, int, double)#2&quot;, &quot;segmentIndex := EdgeIntersectionList#add(org.locationtech.jts.geom.Coordinate, int, double)#1&quot; }"/>
        </annotation>
    </item>
    <item name='org.locationtech.jts.geomgraph.EdgeIntersection double getDistance()'>
        <annotation name='com.intellij.inspections.tainted.annotation.equation.Equations'>
            <val val="{ &quot;getDistance := EdgeIntersection&quot; }"/>
        </annotation>
    </item>
    <item name='org.locationtech.jts.geomgraph.EdgeIntersection int compareTo(java.lang.Object)'>
        <annotation name='com.intellij.inspections.tainted.annotation.equation.Equations'>
            <val val="{ &quot;compareTo := &quot; }"/>
        </annotation>
    </item>
    <item name='org.locationtech.jts.geomgraph.EdgeIntersection int getSegmentIndex()'>
        <annotation name='com.intellij.inspections.tainted.annotation.equation.Equations'>
            <val val="{ &quot;getSegmentIndex := EdgeIntersection&quot; }"/>
        </annotation>
    </item>
    <item name='org.locationtech.jts.geomgraph.EdgeIntersection java.lang.String toString()'>
        <annotation name='com.intellij.inspections.tainted.annotation.equation.Equations'>
            <val val="{ &quot;toString := EdgeIntersection&quot; }"/>
        </annotation>
    </item>
    <item name='org.locationtech.jts.geomgraph.EdgeIntersection org.locationtech.jts.geom.Coordinate getCoordinate()'>
        <annotation name='com.intellij.inspections.tainted.annotation.equation.Equations'>
            <val val="{ &quot;getCoordinate := EdgeIntersection&quot; }"/>
        </annotation>
    </item>
    <item name='org.locationtech.jts.geomgraph.EdgeIntersection void print(java.io.PrintStream)'>
        <annotation name='com.intellij.inspections.tainted.annotation.equation.Equations'>
            <val val="{ &quot;out := EdgeIntersectionList#print(java.io.PrintStream)#0&quot; }"/>
        </annotation>
    </item>
    <item name='org.locationtech.jts.geomgraph.EdgeIntersectionList'>
        <annotation name='com.intellij.inspections.tainted.annotation.equation.Equations'>
            <val val="{ &quot;EdgeIntersectionList := #EdgeIntersectionList(org.locationtech.jts.geomgraph.Edge)#0&quot; }"/>
        </annotation>
    </item>
    <item name='org.locationtech.jts.geomgraph.EdgeIntersectionList EdgeIntersectionList(org.locationtech.jts.geomgraph.Edge)'>
        <annotation name='com.intellij.inspections.tainted.annotation.equation.Equations'>
            <val val="{ &quot;edge := Edge&quot;, &quot;EdgeIntersectionList := EdgeIntersectionList&quot; }"/>
        </annotation>
    </item>
    <item name='org.locationtech.jts.geomgraph.EdgeIntersectionList java.util.Iterator iterator()'>
        <annotation name='com.intellij.inspections.tainted.annotation.equation.Equations'>
            <val val="{ &quot;iterator := &quot; }"/>
        </annotation>
    </item>
    <item name='org.locationtech.jts.geomgraph.EdgeIntersectionList org.locationtech.jts.geomgraph.Edge createSplitEdge(org.locationtech.jts.geomgraph.EdgeIntersection, org.locationtech.jts.geomgraph.EdgeIntersection)'>
        <annotation name='com.intellij.inspections.tainted.annotation.equation.Equations'>
            <val val="{ &quot;ei0 := &quot;, &quot;createSplitEdge := &quot;, &quot;ei1 := &quot; }"/>
        </annotation>
    </item>
    <item name='org.locationtech.jts.geomgraph.EdgeIntersectionList org.locationtech.jts.geomgraph.EdgeIntersection add(org.locationtech.jts.geom.Coordinate, int, double)'>
        <annotation name='com.intellij.inspections.tainted.annotation.equation.Equations'>
            <val val="{ &quot;add := &quot;, &quot;segmentIndex := Edge#addIntersection(org.locationtech.jts.algorithm.LineIntersector, int, int, int)#1 &amp; EdgeIntersectionList&quot;, &quot;intPt := EdgeIntersectionList&quot;, &quot;dist := &quot; }"/>
        </annotation>
    </item>
    <item name='org.locationtech.jts.geomgraph.EdgeIntersectionList void addSplitEdges(java.util.List)'>
        <annotation name='com.intellij.inspections.tainted.annotation.equation.Equations'>
            <val val="{ &quot;edgeList := GeometryGraph#computeSplitEdges(java.util.List)#0&quot; }"/>
        </annotation>
    </item>
    <item name='org.locationtech.jts.geomgraph.EdgeIntersectionList void print(java.io.PrintStream)'>
        <annotation name='com.intellij.inspections.tainted.annotation.equation.Equations'>
            <val val="{ &quot;out := PlanarGraph#printEdges(java.io.PrintStream)#0&quot; }"/>
        </annotation>
    </item>
    <item name='org.locationtech.jts.geomgraph.EdgeList'>
        <annotation name='com.intellij.inspections.tainted.annotation.equation.Equations'>
            <val val="{ &quot;EdgeList := &quot; }"/>
        </annotation>
    </item>
    <item name='org.locationtech.jts.geomgraph.EdgeList EdgeList()'>
        <annotation name='com.intellij.inspections.tainted.annotation.equation.Equations'>
            <val val="{ &quot;EdgeList := EdgeList&quot; }"/>
        </annotation>
    </item>
    <item name='org.locationtech.jts.geomgraph.EdgeList java.util.Iterator iterator()'>
        <annotation name='com.intellij.inspections.tainted.annotation.equation.Equations'>
            <val val="{ &quot;iterator := &quot; }"/>
        </annotation>
    </item>
    <item name='org.locationtech.jts.geomgraph.EdgeList java.util.List getEdges()'>
        <annotation name='com.intellij.inspections.tainted.annotation.equation.Equations'>
            <val val="{ &quot;getEdges := EdgeList&quot; }"/>
        </annotation>
    </item>
    <item name='org.locationtech.jts.geomgraph.EdgeList org.locationtech.jts.geomgraph.Edge findEqualEdge(org.locationtech.jts.geomgraph.Edge)'>
        <annotation name='com.intellij.inspections.tainted.annotation.equation.Equations'>
            <val val="{ &quot;e := org.locationtech.jts.operation.overlay.OverlayOp#insertUniqueEdge(org.locationtech.jts.geomgraph.Edge)#0 &amp; org.locationtech.jts.operation.buffer.BufferBuilder#insertUniqueEdge(org.locationtech.jts.geomgraph.Edge)#0&quot;, &quot;findEqualEdge := &quot; }"/>
        </annotation>
    </item>
    <item name='org.locationtech.jts.geomgraph.EdgeList org.locationtech.jts.geomgraph.Edge get(int)'>
        <annotation name='com.intellij.inspections.tainted.annotation.equation.Equations'>
            <val val="{ &quot;get := &quot; }"/>
        </annotation>
    </item>
    <item name='org.locationtech.jts.geomgraph.EdgeList void add(org.locationtech.jts.geomgraph.Edge)'>
        <annotation name='com.intellij.inspections.tainted.annotation.equation.Equations'>
            <val val="{ &quot;e := org.locationtech.jts.operation.overlay.OverlayOp#insertUniqueEdge(org.locationtech.jts.geomgraph.Edge)#0 &amp; org.locationtech.jts.operation.buffer.BufferBuilder#insertUniqueEdge(org.locationtech.jts.geomgraph.Edge)#0&quot; }"/>
        </annotation>
    </item>
    <item name='org.locationtech.jts.geomgraph.EdgeList void addAll(java.util.Collection)'>
        <annotation name='com.intellij.inspections.tainted.annotation.equation.Equations'>
            <val val="{ &quot;edgeColl := &quot; }"/>
        </annotation>
    </item>
    <item name='org.locationtech.jts.geomgraph.EdgeNodingValidator'>
        <annotation name='com.intellij.inspections.tainted.annotation.equation.Equations'>
            <val val="{ &quot;EdgeNodingValidator := &quot; }"/>
        </annotation>
    </item>
    <item name='org.locationtech.jts.geomgraph.EdgeNodingValidator EdgeNodingValidator(java.util.Collection)'>
        <annotation name='com.intellij.inspections.tainted.annotation.equation.Equations'>
            <val val="{ &quot;EdgeNodingValidator := EdgeNodingValidator&quot;, &quot;edges := #checkValid(java.util.Collection)#0&quot; }"/>
        </annotation>
    </item>
    <item name='org.locationtech.jts.geomgraph.EdgeNodingValidator java.util.Collection toSegmentStrings(java.util.Collection)'>
        <annotation name='com.intellij.inspections.tainted.annotation.equation.Equations'>
            <val val="{ &quot;toSegmentStrings := &quot;, &quot;edges := #EdgeNodingValidator(java.util.Collection)#0&quot; }"/>
        </annotation>
    </item>
    <item name='org.locationtech.jts.geomgraph.EdgeNodingValidator void checkValid(java.util.Collection)'>
        <annotation name='com.intellij.inspections.tainted.annotation.equation.Equations'>
            <val val="{ &quot;edges := &quot; }"/>
        </annotation>
    </item>
    <item name='org.locationtech.jts.geomgraph.EdgeRing'>
        <annotation name='com.intellij.inspections.tainted.annotation.equation.Equations'>
            <val val="{ &quot;EdgeRing := #EdgeRing(org.locationtech.jts.geomgraph.DirectedEdge, org.locationtech.jts.geom.GeometryFactory)#1 &amp; #setShell(org.locationtech.jts.geomgraph.EdgeRing)#0 &amp; #computePoints(org.locationtech.jts.geomgraph.DirectedEdge)#0&quot; }"/>
        </annotation>
    </item>
    <item name='org.locationtech.jts.geomgraph.EdgeRing EdgeRing(org.locationtech.jts.geomgraph.DirectedEdge, org.locationtech.jts.geom.GeometryFactory)'>
        <annotation name='com.intellij.inspections.tainted.annotation.equation.Equations'>
            <val val="{ &quot;EdgeRing := EdgeRing&quot;, &quot;geometryFactory := org.locationtech.jts.operation.overlay.MaximalEdgeRing#MaximalEdgeRing(org.locationtech.jts.geomgraph.DirectedEdge, org.locationtech.jts.geom.GeometryFactory)#1 &amp; org.locationtech.jts.operation.overlay.MinimalEdgeRing#MinimalEdgeRing(org.locationtech.jts.geomgraph.DirectedEdge, org.locationtech.jts.geom.GeometryFactory)#1&quot;, &quot;start := org.locationtech.jts.operation.overlay.MaximalEdgeRing#MaximalEdgeRing(org.locationtech.jts.geomgraph.DirectedEdge, org.locationtech.jts.geom.GeometryFactory)#0 &amp; org.locationtech.jts.operation.overlay.MinimalEdgeRing#MinimalEdgeRing(org.locationtech.jts.geomgraph.DirectedEdge, org.locationtech.jts.geom.GeometryFactory)#0&quot; }"/>
        </annotation>
    </item>
    <item name='org.locationtech.jts.geomgraph.EdgeRing int getMaxNodeDegree()'>
        <annotation name='com.intellij.inspections.tainted.annotation.equation.Equations'>
            <val val="{ &quot;getMaxNodeDegree := EdgeRing&quot; }"/>
        </annotation>
    </item>
    <item name='org.locationtech.jts.geomgraph.EdgeRing java.util.List getEdges()'>
        <annotation name='com.intellij.inspections.tainted.annotation.equation.Equations'>
            <val val="{ &quot;getEdges := EdgeRing&quot; }"/>
        </annotation>
    </item>
    <item name='org.locationtech.jts.geomgraph.EdgeRing org.locationtech.jts.geom.Coordinate getCoordinate(int)'>
        <annotation name='com.intellij.inspections.tainted.annotation.equation.Equations'>
            <val val="{ &quot;getCoordinate := &quot; }"/>
        </annotation>
    </item>
    <item name='org.locationtech.jts.geomgraph.EdgeRing org.locationtech.jts.geom.LinearRing getLinearRing()'>
        <annotation name='com.intellij.inspections.tainted.annotation.equation.Equations'>
            <val val="{ &quot;getLinearRing := EdgeRing&quot; }"/>
        </annotation>
    </item>
    <item name='org.locationtech.jts.geomgraph.EdgeRing org.locationtech.jts.geom.Polygon toPolygon(org.locationtech.jts.geom.GeometryFactory)'>
        <annotation name='com.intellij.inspections.tainted.annotation.equation.Equations'>
            <val val="{ &quot;geometryFactory := org.locationtech.jts.operation.overlay.PolygonBuilder&quot;, &quot;toPolygon := &quot; }"/>
        </annotation>
    </item>
    <item name='org.locationtech.jts.geomgraph.EdgeRing org.locationtech.jts.geomgraph.DirectedEdge getNext(org.locationtech.jts.geomgraph.DirectedEdge)'>
        <annotation name='com.intellij.inspections.tainted.annotation.equation.Equations'>
            <val val="{ &quot;de := #computePoints(org.locationtech.jts.geomgraph.DirectedEdge)#0 &amp; EdgeRing&quot; }"/>
        </annotation>
    </item>
    <item name='org.locationtech.jts.geomgraph.EdgeRing org.locationtech.jts.geomgraph.EdgeRing getShell()'>
        <annotation name='com.intellij.inspections.tainted.annotation.equation.Equations'>
            <val val="{ &quot;getShell := EdgeRing&quot; }"/>
        </annotation>
    </item>
    <item name='org.locationtech.jts.geomgraph.EdgeRing org.locationtech.jts.geomgraph.Label getLabel()'>
        <annotation name='com.intellij.inspections.tainted.annotation.equation.Equations'>
            <val val="{ &quot;getLabel := EdgeRing&quot; }"/>
        </annotation>
    </item>
    <item name='org.locationtech.jts.geomgraph.EdgeRing void addHole(org.locationtech.jts.geomgraph.EdgeRing)'>
        <annotation name='com.intellij.inspections.tainted.annotation.equation.Equations'>
            <val val="{ &quot;ring := EdgeRing&quot; }"/>
        </annotation>
    </item>
    <item name='org.locationtech.jts.geomgraph.EdgeRing void addPoints(org.locationtech.jts.geomgraph.Edge, boolean, boolean)'>
        <annotation name='com.intellij.inspections.tainted.annotation.equation.Equations'>
            <val val="{ &quot;edge := &quot; }"/>
        </annotation>
    </item>
    <item name='org.locationtech.jts.geomgraph.EdgeRing void computePoints(org.locationtech.jts.geomgraph.DirectedEdge)'>
        <annotation name='com.intellij.inspections.tainted.annotation.equation.Equations'>
            <val val="{ &quot;start := #EdgeRing(org.locationtech.jts.geomgraph.DirectedEdge, org.locationtech.jts.geom.GeometryFactory)#0&quot; }"/>
        </annotation>
    </item>
    <item name='org.locationtech.jts.geomgraph.EdgeRing void mergeLabel(org.locationtech.jts.geomgraph.Label)'>
        <annotation name='com.intellij.inspections.tainted.annotation.equation.Equations'>
            <val val="{ &quot;deLabel := &quot; }"/>
        </annotation>
    </item>
    <item name='org.locationtech.jts.geomgraph.EdgeRing void mergeLabel(org.locationtech.jts.geomgraph.Label, int)'>
        <annotation name='com.intellij.inspections.tainted.annotation.equation.Equations'>
            <val val="{ &quot;deLabel := #mergeLabel(org.locationtech.jts.geomgraph.Label)#0&quot; }"/>
        </annotation>
    </item>
    <item name='org.locationtech.jts.geomgraph.EdgeRing void setEdgeRing(org.locationtech.jts.geomgraph.DirectedEdge, org.locationtech.jts.geomgraph.EdgeRing)'>
        <annotation name='com.intellij.inspections.tainted.annotation.equation.Equations'>
            <val val="{ &quot;er := org.locationtech.jts.operation.overlay.MaximalEdgeRing#setEdgeRing(org.locationtech.jts.geomgraph.DirectedEdge, org.locationtech.jts.geomgraph.EdgeRing)#1 &amp; org.locationtech.jts.operation.overlay.MinimalEdgeRing#setEdgeRing(org.locationtech.jts.geomgraph.DirectedEdge, org.locationtech.jts.geomgraph.EdgeRing)#1&quot;, &quot;de := org.locationtech.jts.operation.overlay.MaximalEdgeRing#setEdgeRing(org.locationtech.jts.geomgraph.DirectedEdge, org.locationtech.jts.geomgraph.EdgeRing)#0 &amp; org.locationtech.jts.operation.overlay.MinimalEdgeRing#setEdgeRing(org.locationtech.jts.geomgraph.DirectedEdge, org.locationtech.jts.geomgraph.EdgeRing)#0&quot; }"/>
        </annotation>
    </item>
    <item name='org.locationtech.jts.geomgraph.EdgeRing void setShell(org.locationtech.jts.geomgraph.EdgeRing)'>
        <annotation name='com.intellij.inspections.tainted.annotation.equation.Equations'>
            <val val="{ &quot;shell := org.locationtech.jts.operation.overlay.PolygonBuilder#placePolygonHoles(org.locationtech.jts.geomgraph.EdgeRing, java.util.List)#0&quot; }"/>
        </annotation>
    </item>
    <item name='org.locationtech.jts.geomgraph.GeometryGraph'>
        <annotation name='com.intellij.inspections.tainted.annotation.equation.Equations'>
            <val val="{ &quot;GeometryGraph := #GeometryGraph(int, org.locationtech.jts.geom.Geometry, org.locationtech.jts.algorithm.BoundaryNodeRule)#0 &amp; #GeometryGraph(int, org.locationtech.jts.geom.Geometry, org.locationtech.jts.algorithm.BoundaryNodeRule)#1 &amp; #GeometryGraph(int, org.locationtech.jts.geom.Geometry, org.locationtech.jts.algorithm.BoundaryNodeRule)#2&quot; }"/>
        </annotation>
    </item>
    <item name='org.locationtech.jts.geomgraph.GeometryGraph GeometryGraph(int, org.locationtech.jts.geom.Geometry)'>
        <annotation name='com.intellij.inspections.tainted.annotation.equation.Equations'>
            <val val="{ &quot;parentGeom := org.locationtech.jts.operation.IsSimpleOp#isSimpleLinearGeometry(org.locationtech.jts.geom.Geometry)#0 &amp; org.locationtech.jts.operation.valid.IsValidOp#checkValid(org.locationtech.jts.geom.LineString)#0 &amp; org.locationtech.jts.operation.valid.IsValidOp#checkValid(org.locationtech.jts.geom.LinearRing)#0 &amp; org.locationtech.jts.operation.valid.IsValidOp#checkValid(org.locationtech.jts.geom.Polygon)#0 &amp; org.locationtech.jts.operation.valid.IsValidOp#checkValid(org.locationtech.jts.geom.MultiPolygon)#0 &amp; org.locationtech.jts.operation.GeometryGraphOperation#GeometryGraphOperation(org.locationtech.jts.geom.Geometry)#0&quot;, &quot;GeometryGraph := GeometryGraph&quot; }"/>
        </annotation>
    </item>
    <item name='org.locationtech.jts.geomgraph.GeometryGraph GeometryGraph(int, org.locationtech.jts.geom.Geometry, org.locationtech.jts.algorithm.BoundaryNodeRule)'>
        <annotation name='com.intellij.inspections.tainted.annotation.equation.Equations'>
            <val val="{ &quot;GeometryGraph := GeometryGraph&quot;, &quot;parentGeom := #GeometryGraph(int, org.locationtech.jts.geom.Geometry)#1 &amp; org.locationtech.jts.operation.GeometryGraphOperation#GeometryGraphOperation(org.locationtech.jts.geom.Geometry, org.locationtech.jts.geom.Geometry, org.locationtech.jts.algorithm.BoundaryNodeRule)#0 &amp; org.locationtech.jts.operation.GeometryGraphOperation#GeometryGraphOperation(org.locationtech.jts.geom.Geometry, org.locationtech.jts.geom.Geometry, org.locationtech.jts.algorithm.BoundaryNodeRule)#1&quot;, &quot;boundaryNodeRule := org.locationtech.jts.algorithm.BoundaryNodeRule#OGC_SFS_BOUNDARY_RULE &amp; org.locationtech.jts.operation.GeometryGraphOperation#GeometryGraphOperation(org.locationtech.jts.geom.Geometry, org.locationtech.jts.geom.Geometry, org.locationtech.jts.algorithm.BoundaryNodeRule)#2&quot;, &quot;argIndex := #GeometryGraph(int, org.locationtech.jts.geom.Geometry)#0&quot; }"/>
        </annotation>
    </item>
    <item name='org.locationtech.jts.geomgraph.GeometryGraph int determineBoundary(org.locationtech.jts.algorithm.BoundaryNodeRule, int)'>
        <annotation name='com.intellij.inspections.tainted.annotation.equation.Equations'>
            <val val="{ &quot;determineBoundary := org.locationtech.jts.geom.Location#BOUNDARY &amp; org.locationtech.jts.geom.Location#INTERIOR&quot;, &quot;boundaryNodeRule := GeometryGraph &amp; org.locationtech.jts.operation.relate.EdgeEndBundle#computeLabelOn(int, org.locationtech.jts.algorithm.BoundaryNodeRule)#1&quot; }"/>
        </annotation>
    </item>
    <item name='org.locationtech.jts.geomgraph.GeometryGraph int locate(org.locationtech.jts.geom.Coordinate)'>
        <annotation name='com.intellij.inspections.tainted.annotation.equation.Equations'>
            <val val="{ &quot;locate := &quot; }"/>
        </annotation>
    </item>
    <item name='org.locationtech.jts.geomgraph.GeometryGraph java.util.Collection getBoundaryNodes()'>
        <annotation name='com.intellij.inspections.tainted.annotation.equation.Equations'>
            <val val="{ &quot;getBoundaryNodes := GeometryGraph&quot; }"/>
        </annotation>
    </item>
    <item name='org.locationtech.jts.geomgraph.GeometryGraph org.locationtech.jts.algorithm.BoundaryNodeRule getBoundaryNodeRule()'>
        <annotation name='com.intellij.inspections.tainted.annotation.equation.Equations'>
            <val val="{ &quot;getBoundaryNodeRule := GeometryGraph&quot; }"/>
        </annotation>
    </item>
    <item name='org.locationtech.jts.geomgraph.GeometryGraph org.locationtech.jts.geom.Coordinate getInvalidPoint()'>
        <annotation name='com.intellij.inspections.tainted.annotation.equation.Equations'>
            <val val="{ &quot;getInvalidPoint := GeometryGraph&quot; }"/>
        </annotation>
    </item>
    <item name='org.locationtech.jts.geomgraph.GeometryGraph org.locationtech.jts.geom.Coordinate[] getBoundaryPoints()'>
        <annotation name='com.intellij.inspections.tainted.annotation.equation.Equations'>
            <val val="{ &quot;getBoundaryPoints := &quot; }"/>
        </annotation>
    </item>
    <item name='org.locationtech.jts.geomgraph.GeometryGraph org.locationtech.jts.geom.Geometry getGeometry()'>
        <annotation name='com.intellij.inspections.tainted.annotation.equation.Equations'>
            <val val="{ &quot;getGeometry := GeometryGraph&quot; }"/>
        </annotation>
    </item>
    <item name='org.locationtech.jts.geomgraph.GeometryGraph org.locationtech.jts.geomgraph.Edge findEdge(org.locationtech.jts.geom.LineString)'>
        <annotation name='com.intellij.inspections.tainted.annotation.equation.Equations'>
            <val val="{ &quot;findEdge := &quot;, &quot;line := org.locationtech.jts.operation.valid.IsValidOp#findPtNotNode(org.locationtech.jts.geom.Coordinate[], org.locationtech.jts.geom.LinearRing, org.locationtech.jts.geomgraph.GeometryGraph)#1&quot; }"/>
        </annotation>
    </item>
    <item name='org.locationtech.jts.geomgraph.GeometryGraph org.locationtech.jts.geomgraph.index.EdgeSetIntersector createEdgeSetIntersector()'>
        <annotation name='com.intellij.inspections.tainted.annotation.equation.Equations'>
            <val val="{ &quot;createEdgeSetIntersector := &quot; }"/>
        </annotation>
    </item>
    <item name='org.locationtech.jts.geomgraph.GeometryGraph org.locationtech.jts.geomgraph.index.SegmentIntersector computeEdgeIntersections(org.locationtech.jts.geomgraph.GeometryGraph, org.locationtech.jts.algorithm.LineIntersector, boolean)'>
        <annotation name='com.intellij.inspections.tainted.annotation.equation.Equations'>
            <val val="{ &quot;g := org.locationtech.jts.operation.overlay.OverlayOp &amp; org.locationtech.jts.operation.relate.RelateComputer&quot;, &quot;computeEdgeIntersections := &quot;, &quot;li := org.locationtech.jts.operation.overlay.OverlayOp &amp; org.locationtech.jts.operation.relate.RelateComputer&quot; }"/>
        </annotation>
    </item>
    <item name='org.locationtech.jts.geomgraph.GeometryGraph org.locationtech.jts.geomgraph.index.SegmentIntersector computeSelfNodes(org.locationtech.jts.algorithm.LineIntersector, boolean)'>
        <annotation name='com.intellij.inspections.tainted.annotation.equation.Equations'>
            <val val="{ &quot;computeSelfNodes := &quot;, &quot;li := org.locationtech.jts.operation.overlay.OverlayOp &amp; org.locationtech.jts.operation.relate.RelateComputer&quot; }"/>
        </annotation>
    </item>
    <item name='org.locationtech.jts.geomgraph.GeometryGraph org.locationtech.jts.geomgraph.index.SegmentIntersector computeSelfNodes(org.locationtech.jts.algorithm.LineIntersector, boolean, boolean)'>
        <annotation name='com.intellij.inspections.tainted.annotation.equation.Equations'>
            <val val="{ &quot;computeSelfNodes := &quot;, &quot;li := #computeSelfNodes(org.locationtech.jts.algorithm.LineIntersector, boolean)#0 &amp; org.locationtech.jts.operation.valid.ConsistentAreaTester&quot; }"/>
        </annotation>
    </item>
    <item name='org.locationtech.jts.geomgraph.GeometryGraph void add(org.locationtech.jts.geom.Geometry)'>
        <annotation name='com.intellij.inspections.tainted.annotation.equation.Equations'>
            <val val="{ &quot;g := #GeometryGraph(int, org.locationtech.jts.geom.Geometry, org.locationtech.jts.algorithm.BoundaryNodeRule)#1&quot; }"/>
        </annotation>
    </item>
    <item name='org.locationtech.jts.geomgraph.GeometryGraph void addCollection(org.locationtech.jts.geom.GeometryCollection)'>
        <annotation name='com.intellij.inspections.tainted.annotation.equation.Equations'>
            <val val="{ &quot;gc := #add(org.locationtech.jts.geom.Geometry)#0&quot; }"/>
        </annotation>
    </item>
    <item name='org.locationtech.jts.geomgraph.GeometryGraph void addLineString(org.locationtech.jts.geom.LineString)'>
        <annotation name='com.intellij.inspections.tainted.annotation.equation.Equations'>
            <val val="{ &quot;line := #add(org.locationtech.jts.geom.Geometry)#0&quot; }"/>
        </annotation>
    </item>
    <item name='org.locationtech.jts.geomgraph.GeometryGraph void addPoint(org.locationtech.jts.geom.Point)'>
        <annotation name='com.intellij.inspections.tainted.annotation.equation.Equations'>
            <val val="{ &quot;p := #add(org.locationtech.jts.geom.Geometry)#0&quot; }"/>
        </annotation>
    </item>
    <item name='org.locationtech.jts.geomgraph.GeometryGraph void addPolygon(org.locationtech.jts.geom.Polygon)'>
        <annotation name='com.intellij.inspections.tainted.annotation.equation.Equations'>
            <val val="{ &quot;p := #add(org.locationtech.jts.geom.Geometry)#0&quot; }"/>
        </annotation>
    </item>
    <item name='org.locationtech.jts.geomgraph.GeometryGraph void addPolygonRing(org.locationtech.jts.geom.LinearRing, int, int)'>
        <annotation name='com.intellij.inspections.tainted.annotation.equation.Equations'>
            <val val="{ &quot;lr := &quot;, &quot;cwRight := org.locationtech.jts.geom.Location#INTERIOR &amp; org.locationtech.jts.geom.Location#EXTERIOR&quot;, &quot;cwLeft := org.locationtech.jts.geom.Location#EXTERIOR &amp; org.locationtech.jts.geom.Location#INTERIOR&quot; }"/>
        </annotation>
    </item>
    <item name='org.locationtech.jts.geomgraph.GeometryGraph void addSelfIntersectionNode(int, org.locationtech.jts.geom.Coordinate, int)'>
        <annotation name='com.intellij.inspections.tainted.annotation.equation.Equations'>
            <val val="{ &quot;loc := &quot;, &quot;argIndex := #addSelfIntersectionNodes(int)#0&quot; }"/>
        </annotation>
    </item>
    <item name='org.locationtech.jts.geomgraph.GeometryGraph void addSelfIntersectionNodes(int)'>
        <annotation name='com.intellij.inspections.tainted.annotation.equation.Equations'>
            <val val="{ &quot;argIndex := GeometryGraph&quot; }"/>
        </annotation>
    </item>
    <item name='org.locationtech.jts.geomgraph.GeometryGraph void computeSplitEdges(java.util.List)'>
        <annotation name='com.intellij.inspections.tainted.annotation.equation.Equations'>
            <val val="{ &quot;edgelist := &quot; }"/>
        </annotation>
    </item>
    <item name='org.locationtech.jts.geomgraph.GeometryGraph void insertBoundaryPoint(int, org.locationtech.jts.geom.Coordinate)'>
        <annotation name='com.intellij.inspections.tainted.annotation.equation.Equations'>
            <val val="{ &quot;coord := #addSelfIntersectionNode(int, org.locationtech.jts.geom.Coordinate, int)#1&quot;, &quot;argIndex := GeometryGraph &amp; #addSelfIntersectionNode(int, org.locationtech.jts.geom.Coordinate, int)#0&quot; }"/>
        </annotation>
    </item>
    <item name='org.locationtech.jts.geomgraph.GeometryGraph void insertPoint(int, org.locationtech.jts.geom.Coordinate, int)'>
        <annotation name='com.intellij.inspections.tainted.annotation.equation.Equations'>
            <val val="{ &quot;coord := #addPoint(org.locationtech.jts.geom.Coordinate)#0 &amp; #addSelfIntersectionNode(int, org.locationtech.jts.geom.Coordinate, int)#1&quot;, &quot;onLocation := org.locationtech.jts.geom.Location#INTERIOR &amp; org.locationtech.jts.geom.Location#BOUNDARY &amp; #addSelfIntersectionNode(int, org.locationtech.jts.geom.Coordinate, int)#2&quot;, &quot;argIndex := GeometryGraph &amp; #addSelfIntersectionNode(int, org.locationtech.jts.geom.Coordinate, int)#0&quot; }"/>
        </annotation>
    </item>
    <item name='org.locationtech.jts.geomgraph.GraphComponent'>
        <annotation name='com.intellij.inspections.tainted.annotation.equation.Equations'>
            <val val="{ &quot;GraphComponent := #GraphComponent(org.locationtech.jts.geomgraph.Label)#0 &amp; #setLabel(org.locationtech.jts.geomgraph.Label)#0&quot; }"/>
        </annotation>
    </item>
    <item name='org.locationtech.jts.geomgraph.GraphComponent GraphComponent()'>
        <annotation name='com.intellij.inspections.tainted.annotation.equation.Equations'>
            <val val="{ &quot;GraphComponent := GraphComponent&quot; }"/>
        </annotation>
    </item>
    <item name='org.locationtech.jts.geomgraph.GraphComponent GraphComponent(org.locationtech.jts.geomgraph.Label)'>
        <annotation name='com.intellij.inspections.tainted.annotation.equation.Equations'>
            <val val="{ &quot;GraphComponent := GraphComponent&quot; }"/>
        </annotation>
    </item>
    <item name='org.locationtech.jts.geomgraph.GraphComponent org.locationtech.jts.geom.Coordinate getCoordinate()'>
        <annotation name='com.intellij.inspections.tainted.annotation.equation.Equations'>
            <val val="{ &quot;getCoordinate := Node#getCoordinate() &amp; Edge#getCoordinate()&quot; }"/>
        </annotation>
    </item>
    <item name='org.locationtech.jts.geomgraph.GraphComponent org.locationtech.jts.geomgraph.Label getLabel()'>
        <annotation name='com.intellij.inspections.tainted.annotation.equation.Equations'>
            <val val="{ &quot;getLabel := GraphComponent&quot; }"/>
        </annotation>
    </item>
    <item name='org.locationtech.jts.geomgraph.GraphComponent void computeIM(org.locationtech.jts.geom.IntersectionMatrix)'>
        <annotation name='com.intellij.inspections.tainted.annotation.equation.Equations'>
            <val val="{ &quot;im := Node#computeIM(org.locationtech.jts.geom.IntersectionMatrix)#0 &amp; Edge#computeIM(org.locationtech.jts.geom.IntersectionMatrix)#0&quot; }"/>
        </annotation>
    </item>
    <item name='org.locationtech.jts.geomgraph.GraphComponent void updateIM(org.locationtech.jts.geom.IntersectionMatrix)'>
        <annotation name='com.intellij.inspections.tainted.annotation.equation.Equations'>
            <val val="{ &quot;im := org.locationtech.jts.operation.relate.RelateComputer#updateIM(org.locationtech.jts.geom.IntersectionMatrix)#0&quot; }"/>
        </annotation>
    </item>
    <item name='org.locationtech.jts.geomgraph.Label'>
        <annotation name='com.intellij.inspections.tainted.annotation.equation.Equations'>
            <val val="{ &quot;Label := &quot; }"/>
        </annotation>
    </item>
    <item name='org.locationtech.jts.geomgraph.Label Label(int)'>
        <annotation name='com.intellij.inspections.tainted.annotation.equation.Equations'>
            <val val="{ &quot;Label := Label&quot;, &quot;onLoc := org.locationtech.jts.geom.Location#NONE&quot; }"/>
        </annotation>
    </item>
    <item name='org.locationtech.jts.geomgraph.Label Label(int, int)'>
        <annotation name='com.intellij.inspections.tainted.annotation.equation.Equations'>
            <val val="{ &quot;geomIndex := Node#setLabel(int, int)#0 &amp; GeometryGraph&quot;, &quot;Label := Label&quot;, &quot;onLoc := org.locationtech.jts.geom.Location#NONE &amp; Node#setLabel(int, int)#1 &amp; org.locationtech.jts.geom.Location#INTERIOR&quot; }"/>
        </annotation>
    </item>
    <item name='org.locationtech.jts.geomgraph.Label Label(int, int, int)'>
        <annotation name='com.intellij.inspections.tainted.annotation.equation.Equations'>
            <val val="{ &quot;Label := Label&quot;, &quot;leftLoc := org.locationtech.jts.geom.Location#NONE&quot;, &quot;rightLoc := org.locationtech.jts.geom.Location#NONE&quot;, &quot;onLoc := org.locationtech.jts.geom.Location#NONE&quot; }"/>
        </annotation>
    </item>
    <item name='org.locationtech.jts.geomgraph.Label Label(int, int, int, int)'>
        <annotation name='com.intellij.inspections.tainted.annotation.equation.Equations'>
            <val val="{ &quot;Label := Label&quot;, &quot;rightLoc := GeometryGraph#addPolygonRing(org.locationtech.jts.geom.LinearRing, int, int)#2 &amp; GeometryGraph#addPolygonRing(org.locationtech.jts.geom.LinearRing, int, int)#1 &amp; org.locationtech.jts.operation.buffer.OffsetCurveSetBuilder#addCurve(org.locationtech.jts.geom.Coordinate[], int, int)#2&quot;, &quot;leftLoc := GeometryGraph#addPolygonRing(org.locationtech.jts.geom.LinearRing, int, int)#1 &amp; GeometryGraph#addPolygonRing(org.locationtech.jts.geom.LinearRing, int, int)#2 &amp; org.locationtech.jts.operation.buffer.OffsetCurveSetBuilder#addCurve(org.locationtech.jts.geom.Coordinate[], int, int)#1&quot;, &quot;geomIndex := GeometryGraph&quot;, &quot;onLoc := org.locationtech.jts.geom.Location#BOUNDARY&quot; }"/>
        </annotation>
    </item>
    <item name='org.locationtech.jts.geomgraph.Label Label(org.locationtech.jts.geomgraph.Label)'>
        <annotation name='com.intellij.inspections.tainted.annotation.equation.Equations'>
            <val val="{ &quot;lbl := EdgeIntersectionList&quot;, &quot;Label := Label&quot; }"/>
        </annotation>
    </item>
    <item name='org.locationtech.jts.geomgraph.Label boolean isArea(int)'>
        <annotation name='com.intellij.inspections.tainted.annotation.equation.Equations'>
            <val val="{ &quot;geomIndex := EdgeEndStar#propagateSideLabels(int)#0&quot; }"/>
        </annotation>
    </item>
    <item name='org.locationtech.jts.geomgraph.Label boolean isNull(int)'>
        <annotation name='com.intellij.inspections.tainted.annotation.equation.Equations'>
            <val val="{ &quot;geomIndex := org.locationtech.jts.operation.relate.RelateComputer#computeIntersectionNodes(int)#0 &amp; org.locationtech.jts.operation.relate.RelateComputer#labelIntersectionNodes(int)#0 &amp; org.locationtech.jts.operation.relate.RelateNodeGraph#computeIntersectionNodes(org.locationtech.jts.geomgraph.GeometryGraph, int)#1&quot; }"/>
        </annotation>
    </item>
    <item name='org.locationtech.jts.geomgraph.Label int getLocation(int)'>
        <annotation name='com.intellij.inspections.tainted.annotation.equation.Equations'>
            <val val="{ &quot;geomIndex := org.locationtech.jts.operation.overlay.OverlayOp#copyPoints(int)#0 &amp; Node#setLabelBoundary(int)#0 &amp; Node#computeMergedLocation(org.locationtech.jts.geomgraph.Label, int)#1 &amp; org.locationtech.jts.operation.relate.RelateComputer#computeIntersectionNodes(int)#0 &amp; org.locationtech.jts.operation.relate.RelateComputer#copyNodesAndLabels(int)#0 &amp; org.locationtech.jts.operation.relate.RelateComputer#labelIntersectionNodes(int)#0 &amp; GeometryGraph#addSelfIntersectionNodes(int)#0 &amp; NodeMap#getBoundaryNodes(int)#0 &amp; PlanarGraph#isBoundaryNode(int, org.locationtech.jts.geom.Coordinate)#0 &amp; EdgeRing#mergeLabel(org.locationtech.jts.geomgraph.Label, int)#1 &amp; org.locationtech.jts.operation.relate.RelateNodeGraph#computeIntersectionNodes(org.locationtech.jts.geomgraph.GeometryGraph, int)#1 &amp; org.locationtech.jts.operation.relate.RelateNodeGraph#copyNodesAndLabels(org.locationtech.jts.geomgraph.GeometryGraph, int)#1 &amp; org.locationtech.jts.operation.relate.EdgeEndBundle#computeLabelOn(int, org.locationtech.jts.algorithm.BoundaryNodeRule)#0&quot;, &quot;getLocation := &quot; }"/>
        </annotation>
    </item>
    <item name='org.locationtech.jts.geomgraph.Label int getLocation(int, int)'>
        <annotation name='com.intellij.inspections.tainted.annotation.equation.Equations'>
            <val val="{ &quot;getLocation := &quot;, &quot;posIndex := Position#RIGHT &amp; Position#ON &amp; Position#LEFT &amp; org.locationtech.jts.operation.relate.EdgeEndBundle#computeLabelSide(int, int)#1&quot;, &quot;geomIndex := GeometryGraph#insertBoundaryPoint(int, org.locationtech.jts.geom.Coordinate)#0 &amp; EdgeEndStar#propagateSideLabels(int)#0 &amp; EdgeEndStar#checkAreaLabelsConsistent(int)#0 &amp; EdgeRing#mergeLabel(org.locationtech.jts.geomgraph.Label, int)#1 &amp; org.locationtech.jts.operation.relate.EdgeEndBundle#computeLabelSide(int, int)#0&quot; }"/>
        </annotation>
    </item>
    <item name='org.locationtech.jts.geomgraph.Label java.lang.String toString()'>
        <annotation name='com.intellij.inspections.tainted.annotation.equation.Equations'>
            <val val="{ &quot;toString := &quot; }"/>
        </annotation>
    </item>
    <item name='org.locationtech.jts.geomgraph.Label org.locationtech.jts.geomgraph.Label toLineLabel(org.locationtech.jts.geomgraph.Label)'>
        <annotation name='com.intellij.inspections.tainted.annotation.equation.Equations'>
            <val val="{ &quot;toLineLabel := &quot;, &quot;label := Edge&quot; }"/>
        </annotation>
    </item>
    <item name='org.locationtech.jts.geomgraph.Label void merge(org.locationtech.jts.geomgraph.Label)'>
        <annotation name='com.intellij.inspections.tainted.annotation.equation.Equations'>
            <val val="{ &quot;lbl := &quot; }"/>
        </annotation>
    </item>
    <item name='org.locationtech.jts.geomgraph.Label void setAllLocations(int, int)'>
        <annotation name='com.intellij.inspections.tainted.annotation.equation.Equations'>
            <val val="{ &quot;location := org.locationtech.jts.geom.Location#EXTERIOR&quot;, &quot;geomIndex := org.locationtech.jts.operation.relate.RelateComputer#labelIsolatedEdge(org.locationtech.jts.geomgraph.Edge, int, org.locationtech.jts.geom.Geometry)#1 &amp; org.locationtech.jts.operation.relate.RelateComputer#labelIsolatedNode(org.locationtech.jts.geomgraph.Node, int)#1&quot; }"/>
        </annotation>
    </item>
    <item name='org.locationtech.jts.geomgraph.Label void setAllLocationsIfNull(int, int)'>
        <annotation name='com.intellij.inspections.tainted.annotation.equation.Equations'>
            <val val="{ &quot;location := #setAllLocationsIfNull(int)#0 &amp; org.locationtech.jts.geom.Location#NONE &amp; org.locationtech.jts.geom.Location#EXTERIOR&quot; }"/>
        </annotation>
    </item>
    <item name='org.locationtech.jts.geomgraph.Label void setLocation(int, int)'>
        <annotation name='com.intellij.inspections.tainted.annotation.equation.Equations'>
            <val val="{ &quot;geomIndex := org.locationtech.jts.operation.overlay.OverlayOp#labelIncompleteNode(org.locationtech.jts.geomgraph.Node, int)#1 &amp; Node#setLabel(int, int)#0 &amp; Node#setLabelBoundary(int)#0 &amp; GeometryGraph#insertPoint(int, org.locationtech.jts.geom.Coordinate, int)#0 &amp; GeometryGraph#insertBoundaryPoint(int, org.locationtech.jts.geom.Coordinate)#0 &amp; EdgeRing#mergeLabel(org.locationtech.jts.geomgraph.Label, int)#1 &amp; org.locationtech.jts.operation.relate.EdgeEndBundle#computeLabelOn(int, org.locationtech.jts.algorithm.BoundaryNodeRule)#0 &amp; org.locationtech.jts.operation.overlay.LineBuilder#labelIsolatedLine(org.locationtech.jts.geomgraph.Edge, int)#1&quot;, &quot;location := Node#setLabel(int, int)#1 &amp; org.locationtech.jts.geom.Location#INTERIOR &amp; org.locationtech.jts.geom.Location#BOUNDARY &amp; GeometryGraph#insertPoint(int, org.locationtech.jts.geom.Coordinate, int)#2 &amp; org.locationtech.jts.geom.Location#NONE&quot; }"/>
        </annotation>
    </item>
    <item name='org.locationtech.jts.geomgraph.Label void setLocation(int, int, int)'>
        <annotation name='com.intellij.inspections.tainted.annotation.equation.Equations'>
            <val val="{ &quot;posIndex := Position#LEFT &amp; Position#RIGHT &amp; Position#ON &amp; org.locationtech.jts.operation.relate.EdgeEndBundle#computeLabelSide(int, int)#1&quot;, &quot;location := org.locationtech.jts.geom.Location#NONE &amp; org.locationtech.jts.geom.Location#INTERIOR &amp; org.locationtech.jts.geom.Location#EXTERIOR&quot;, &quot;geomIndex := EdgeEndStar#propagateSideLabels(int)#0 &amp; org.locationtech.jts.operation.relate.EdgeEndBundle#computeLabelSide(int, int)#0&quot; }"/>
        </annotation>
    </item>
    <item name='org.locationtech.jts.geomgraph.Node'>
        <annotation name='com.intellij.inspections.tainted.annotation.equation.Equations'>
            <val val="{ &quot;Node := #Node(org.locationtech.jts.geom.Coordinate, org.locationtech.jts.geomgraph.EdgeEndStar)#0 &amp; #Node(org.locationtech.jts.geom.Coordinate, org.locationtech.jts.geomgraph.EdgeEndStar)#1&quot; }"/>
        </annotation>
    </item>
    <item name='org.locationtech.jts.geomgraph.Node Node(org.locationtech.jts.geom.Coordinate, org.locationtech.jts.geomgraph.EdgeEndStar)'>
        <annotation name='com.intellij.inspections.tainted.annotation.equation.Equations'>
            <val val="{ &quot;Node := Node&quot;, &quot;edges := org.locationtech.jts.operation.relate.RelateNode#RelateNode(org.locationtech.jts.geom.Coordinate, org.locationtech.jts.geomgraph.EdgeEndStar)#1&quot;, &quot;coord := NodeFactory#createNode(org.locationtech.jts.geom.Coordinate)#0 &amp; org.locationtech.jts.operation.overlay.OverlayNodeFactory#createNode(org.locationtech.jts.geom.Coordinate)#0 &amp; NodeFactory#createNode(org.locationtech.jts.geom.Coordinate)#0 &amp; org.locationtech.jts.operation.relate.RelateNode#RelateNode(org.locationtech.jts.geom.Coordinate, org.locationtech.jts.geomgraph.EdgeEndStar)#0&quot; }"/>
        </annotation>
    </item>
    <item name='org.locationtech.jts.geomgraph.Node int computeMergedLocation(org.locationtech.jts.geomgraph.Label, int)'>
        <annotation name='com.intellij.inspections.tainted.annotation.equation.Equations'>
            <val val="{ &quot;label2 := #mergeLabel(org.locationtech.jts.geomgraph.Label)#0&quot;, &quot;computeMergedLocation := org.locationtech.jts.geom.Location#NONE&quot; }"/>
        </annotation>
    </item>
    <item name='org.locationtech.jts.geomgraph.Node org.locationtech.jts.geom.Coordinate getCoordinate()'>
        <annotation name='com.intellij.inspections.tainted.annotation.equation.Equations'>
            <val val="{ &quot;getCoordinate := Node&quot; }"/>
        </annotation>
    </item>
    <item name='org.locationtech.jts.geomgraph.Node org.locationtech.jts.geomgraph.EdgeEndStar getEdges()'>
        <annotation name='com.intellij.inspections.tainted.annotation.equation.Equations'>
            <val val="{ &quot;getEdges := Node&quot; }"/>
        </annotation>
    </item>
    <item name='org.locationtech.jts.geomgraph.Node void add(org.locationtech.jts.geomgraph.EdgeEnd)'>
        <annotation name='com.intellij.inspections.tainted.annotation.equation.Equations'>
            <val val="{ &quot;e := NodeMap#add(org.locationtech.jts.geomgraph.EdgeEnd)#0&quot; }"/>
        </annotation>
    </item>
    <item name='org.locationtech.jts.geomgraph.Node void computeIM(org.locationtech.jts.geom.IntersectionMatrix)'>
        <annotation name='com.intellij.inspections.tainted.annotation.equation.Equations'>
            <val val="{ &quot;im := org.locationtech.jts.operation.relate.RelateNode#computeIM(org.locationtech.jts.geom.IntersectionMatrix)#0&quot; }"/>
        </annotation>
    </item>
    <item name='org.locationtech.jts.geomgraph.Node void mergeLabel(org.locationtech.jts.geomgraph.Node)'>
        <annotation name='com.intellij.inspections.tainted.annotation.equation.Equations'>
            <val val="{ &quot;n := NodeMap#addNode(org.locationtech.jts.geomgraph.Node)#0&quot; }"/>
        </annotation>
    </item>
    <item name='org.locationtech.jts.geomgraph.Node void print(java.io.PrintStream)'>
        <annotation name='com.intellij.inspections.tainted.annotation.equation.Equations'>
            <val val="{ &quot;out := NodeMap#print(java.io.PrintStream)#0&quot; }"/>
        </annotation>
    </item>
    <item name='org.locationtech.jts.geomgraph.Node void setLabel(int, int)'>
        <annotation name='com.intellij.inspections.tainted.annotation.equation.Equations'>
            <val val="{ &quot;onLocation := org.locationtech.jts.geom.Location#INTERIOR&quot;, &quot;argIndex := org.locationtech.jts.operation.overlay.OverlayOp#copyPoints(int)#0 &amp; org.locationtech.jts.operation.relate.RelateComputer#computeIntersectionNodes(int)#0 &amp; org.locationtech.jts.operation.relate.RelateComputer#copyNodesAndLabels(int)#0 &amp; org.locationtech.jts.operation.relate.RelateComputer#labelIntersectionNodes(int)#0 &amp; org.locationtech.jts.operation.relate.RelateNodeGraph#computeIntersectionNodes(org.locationtech.jts.geomgraph.GeometryGraph, int)#1 &amp; org.locationtech.jts.operation.relate.RelateNodeGraph#copyNodesAndLabels(org.locationtech.jts.geomgraph.GeometryGraph, int)#1&quot; }"/>
        </annotation>
    </item>
    <item name='org.locationtech.jts.geomgraph.Node void setLabelBoundary(int)'>
        <annotation name='com.intellij.inspections.tainted.annotation.equation.Equations'>
            <val val="{ &quot;argIndex := org.locationtech.jts.operation.relate.RelateComputer#computeIntersectionNodes(int)#0 &amp; org.locationtech.jts.operation.relate.RelateComputer#labelIntersectionNodes(int)#0 &amp; org.locationtech.jts.operation.relate.RelateNodeGraph#computeIntersectionNodes(org.locationtech.jts.geomgraph.GeometryGraph, int)#1&quot; }"/>
        </annotation>
    </item>
    <item name='org.locationtech.jts.geomgraph.NodeFactory org.locationtech.jts.geomgraph.Node createNode(org.locationtech.jts.geom.Coordinate)'>
        <annotation name='com.intellij.inspections.tainted.annotation.equation.Equations'>
            <val val="{ &quot;coord := org.locationtech.jts.operation.overlay.OverlayNodeFactory#createNode(org.locationtech.jts.geom.Coordinate)#0 &amp; org.locationtech.jts.operation.relate.RelateNodeFactory#createNode(org.locationtech.jts.geom.Coordinate)#0&quot;, &quot;createNode := org.locationtech.jts.operation.overlay.OverlayNodeFactory#createNode(org.locationtech.jts.geom.Coordinate) &amp; org.locationtech.jts.operation.relate.RelateNodeFactory#createNode(org.locationtech.jts.geom.Coordinate)&quot; }"/>
        </annotation>
    </item>
    <item name='org.locationtech.jts.geomgraph.NodeMap'>
        <annotation name='com.intellij.inspections.tainted.annotation.equation.Equations'>
            <val val="{ &quot;NodeMap := #NodeMap(org.locationtech.jts.geomgraph.NodeFactory)#0&quot; }"/>
        </annotation>
    </item>
    <item name='org.locationtech.jts.geomgraph.NodeMap NodeMap(org.locationtech.jts.geomgraph.NodeFactory)'>
        <annotation name='com.intellij.inspections.tainted.annotation.equation.Equations'>
            <val val="{ &quot;NodeMap := NodeMap&quot;, &quot;nodeFact := PlanarGraph#PlanarGraph(org.locationtech.jts.geomgraph.NodeFactory)#0&quot; }"/>
        </annotation>
    </item>
    <item name='org.locationtech.jts.geomgraph.NodeMap java.util.Collection getBoundaryNodes(int)'>
        <annotation name='com.intellij.inspections.tainted.annotation.equation.Equations'>
            <val val="{ &quot;geomIndex := GeometryGraph&quot;, &quot;getBoundaryNodes := &quot; }"/>
        </annotation>
    </item>
    <item name='org.locationtech.jts.geomgraph.NodeMap java.util.Collection values()'>
        <annotation name='com.intellij.inspections.tainted.annotation.equation.Equations'>
            <val val="{ &quot;values := &quot; }"/>
        </annotation>
    </item>
    <item name='org.locationtech.jts.geomgraph.NodeMap java.util.Iterator iterator()'>
        <annotation name='com.intellij.inspections.tainted.annotation.equation.Equations'>
            <val val="{ &quot;iterator := &quot; }"/>
        </annotation>
    </item>
    <item name='org.locationtech.jts.geomgraph.NodeMap org.locationtech.jts.geomgraph.Node addNode(org.locationtech.jts.geom.Coordinate)'>
        <annotation name='com.intellij.inspections.tainted.annotation.equation.Equations'>
            <val val="{ &quot;coord := GeometryGraph#insertPoint(int, org.locationtech.jts.geom.Coordinate, int)#1 &amp; GeometryGraph#insertBoundaryPoint(int, org.locationtech.jts.geom.Coordinate)#1 &amp; PlanarGraph#addNode(org.locationtech.jts.geom.Coordinate)#0&quot;, &quot;addNode := &quot; }"/>
        </annotation>
    </item>
    <item name='org.locationtech.jts.geomgraph.NodeMap org.locationtech.jts.geomgraph.Node addNode(org.locationtech.jts.geomgraph.Node)'>
        <annotation name='com.intellij.inspections.tainted.annotation.equation.Equations'>
            <val val="{ &quot;n := PlanarGraph#addNode(org.locationtech.jts.geomgraph.Node)#0&quot;, &quot;addNode := n&quot; }"/>
        </annotation>
    </item>
    <item name='org.locationtech.jts.geomgraph.NodeMap org.locationtech.jts.geomgraph.Node find(org.locationtech.jts.geom.Coordinate)'>
        <annotation name='com.intellij.inspections.tainted.annotation.equation.Equations'>
            <val val="{ &quot;coord := PlanarGraph#isBoundaryNode(int, org.locationtech.jts.geom.Coordinate)#1 &amp; PlanarGraph#find(org.locationtech.jts.geom.Coordinate)#0&quot;, &quot;find := &quot; }"/>
        </annotation>
    </item>
    <item name='org.locationtech.jts.geomgraph.NodeMap void add(org.locationtech.jts.geomgraph.EdgeEnd)'>
        <annotation name='com.intellij.inspections.tainted.annotation.equation.Equations'>
            <val val="{ &quot;e := PlanarGraph#add(org.locationtech.jts.geomgraph.EdgeEnd)#0&quot; }"/>
        </annotation>
    </item>
    <item name='org.locationtech.jts.geomgraph.PlanarGraph'>
        <annotation name='com.intellij.inspections.tainted.annotation.equation.Equations'>
            <val val="{ &quot;PlanarGraph := &quot; }"/>
        </annotation>
    </item>
    <item name='org.locationtech.jts.geomgraph.PlanarGraph PlanarGraph()'>
        <annotation name='com.intellij.inspections.tainted.annotation.equation.Equations'>
            <val val="{ &quot;PlanarGraph := PlanarGraph&quot; }"/>
        </annotation>
    </item>
    <item name='org.locationtech.jts.geomgraph.PlanarGraph PlanarGraph(org.locationtech.jts.geomgraph.NodeFactory)'>
        <annotation name='com.intellij.inspections.tainted.annotation.equation.Equations'>
            <val val="{ &quot;nodeFact := &quot;, &quot;PlanarGraph := PlanarGraph&quot; }"/>
        </annotation>
    </item>
    <item name='org.locationtech.jts.geomgraph.PlanarGraph boolean isBoundaryNode(int, org.locationtech.jts.geom.Coordinate)'>
        <annotation name='com.intellij.inspections.tainted.annotation.equation.Equations'>
            <val val="{ &quot;coord := GeometryGraph#addSelfIntersectionNode(int, org.locationtech.jts.geom.Coordinate, int)#1&quot;, &quot;geomIndex := GeometryGraph#addSelfIntersectionNode(int, org.locationtech.jts.geom.Coordinate, int)#0&quot; }"/>
        </annotation>
    </item>
    <item name='org.locationtech.jts.geomgraph.PlanarGraph boolean matchInSameDirection(org.locationtech.jts.geom.Coordinate, org.locationtech.jts.geom.Coordinate, org.locationtech.jts.geom.Coordinate, org.locationtech.jts.geom.Coordinate)'>
        <annotation name='com.intellij.inspections.tainted.annotation.equation.Equations'>
            <val val="{ &quot;p1 := #findEdgeInSameDirection(org.locationtech.jts.geom.Coordinate, org.locationtech.jts.geom.Coordinate)#1&quot;, &quot;p0 := #findEdgeInSameDirection(org.locationtech.jts.geom.Coordinate, org.locationtech.jts.geom.Coordinate)#0&quot;, &quot;ep1 := &quot;, &quot;ep0 := &quot; }"/>
        </annotation>
    </item>
    <item name='org.locationtech.jts.geomgraph.PlanarGraph java.util.Collection getEdgeEnds()'>
        <annotation name='com.intellij.inspections.tainted.annotation.equation.Equations'>
            <val val="{ &quot;getEdgeEnds := PlanarGraph&quot; }"/>
        </annotation>
    </item>
    <item name='org.locationtech.jts.geomgraph.PlanarGraph java.util.Collection getNodes()'>
        <annotation name='com.intellij.inspections.tainted.annotation.equation.Equations'>
            <val val="{ &quot;getNodes := &quot; }"/>
        </annotation>
    </item>
    <item name='org.locationtech.jts.geomgraph.PlanarGraph java.util.Iterator getEdgeIterator()'>
        <annotation name='com.intellij.inspections.tainted.annotation.equation.Equations'>
            <val val="{ &quot;getEdgeIterator := &quot; }"/>
        </annotation>
    </item>
    <item name='org.locationtech.jts.geomgraph.PlanarGraph java.util.Iterator getNodeIterator()'>
        <annotation name='com.intellij.inspections.tainted.annotation.equation.Equations'>
            <val val="{ &quot;getNodeIterator := &quot; }"/>
        </annotation>
    </item>
    <item name='org.locationtech.jts.geomgraph.PlanarGraph org.locationtech.jts.geomgraph.Edge findEdge(org.locationtech.jts.geom.Coordinate, org.locationtech.jts.geom.Coordinate)'>
        <annotation name='com.intellij.inspections.tainted.annotation.equation.Equations'>
            <val val="{ &quot;findEdge := &quot; }"/>
        </annotation>
    </item>
    <item name='org.locationtech.jts.geomgraph.PlanarGraph org.locationtech.jts.geomgraph.Edge findEdgeInSameDirection(org.locationtech.jts.geom.Coordinate, org.locationtech.jts.geom.Coordinate)'>
        <annotation name='com.intellij.inspections.tainted.annotation.equation.Equations'>
            <val val="{ &quot;findEdgeInSameDirection := &quot;, &quot;p0 := &quot;, &quot;p1 := &quot; }"/>
        </annotation>
    </item>
    <item name='org.locationtech.jts.geomgraph.PlanarGraph org.locationtech.jts.geomgraph.EdgeEnd findEdgeEnd(org.locationtech.jts.geomgraph.Edge)'>
        <annotation name='com.intellij.inspections.tainted.annotation.equation.Equations'>
            <val val="{ &quot;e := &quot;, &quot;findEdgeEnd := &quot; }"/>
        </annotation>
    </item>
    <item name='org.locationtech.jts.geomgraph.PlanarGraph org.locationtech.jts.geomgraph.Node addNode(org.locationtech.jts.geom.Coordinate)'>
        <annotation name='com.intellij.inspections.tainted.annotation.equation.Equations'>
            <val val="{ &quot;coord := &quot;, &quot;addNode := &quot; }"/>
        </annotation>
    </item>
    <item name='org.locationtech.jts.geomgraph.PlanarGraph org.locationtech.jts.geomgraph.Node addNode(org.locationtech.jts.geomgraph.Node)'>
        <annotation name='com.intellij.inspections.tainted.annotation.equation.Equations'>
            <val val="{ &quot;addNode := &quot; }"/>
        </annotation>
    </item>
    <item name='org.locationtech.jts.geomgraph.PlanarGraph org.locationtech.jts.geomgraph.Node find(org.locationtech.jts.geom.Coordinate)'>
        <annotation name='com.intellij.inspections.tainted.annotation.equation.Equations'>
            <val val="{ &quot;find := &quot; }"/>
        </annotation>
    </item>
    <item name='org.locationtech.jts.geomgraph.PlanarGraph void add(org.locationtech.jts.geomgraph.EdgeEnd)'>
        <annotation name='com.intellij.inspections.tainted.annotation.equation.Equations'>
            <val val="{ &quot;e := &quot; }"/>
        </annotation>
    </item>
    <item name='org.locationtech.jts.geomgraph.PlanarGraph void addEdges(java.util.List)'>
        <annotation name='com.intellij.inspections.tainted.annotation.equation.Equations'>
            <val val="{ &quot;edgesToAdd := &quot; }"/>
        </annotation>
    </item>
    <item name='org.locationtech.jts.geomgraph.PlanarGraph void insertEdge(org.locationtech.jts.geomgraph.Edge)'>
        <annotation name='com.intellij.inspections.tainted.annotation.equation.Equations'>
            <val val="{ &quot;e := GeometryGraph#addEdge(org.locationtech.jts.geomgraph.Edge)#0&quot; }"/>
        </annotation>
    </item>
    <item name='org.locationtech.jts.geomgraph.PlanarGraph void linkResultDirectedEdges(java.util.Collection)'>
        <annotation name='com.intellij.inspections.tainted.annotation.equation.Equations'>
            <val val="{ &quot;nodes := org.locationtech.jts.operation.overlay.PolygonBuilder#add(java.util.Collection, java.util.Collection)#1&quot; }"/>
        </annotation>
    </item>
    <item name='org.locationtech.jts.geomgraph.Position int opposite(int)'>
        <annotation name='com.intellij.inspections.tainted.annotation.equation.Equations'>
            <val val="{ &quot;opposite := #RIGHT &amp; #LEFT &amp; position&quot;, &quot;position := DirectedEdge#setEdgeDepths(int, int)#0 &amp; #LEFT &amp; #RIGHT &amp; org.locationtech.jts.operation.buffer.OffsetCurveSetBuilder#addPolygonRing(org.locationtech.jts.geom.Coordinate[], double, int, int, int)#2&quot; }"/>
        </annotation>
    </item>
    <item name='org.locationtech.jts.geomgraph.Quadrant boolean isNorthern(int)'>
        <annotation name='com.intellij.inspections.tainted.annotation.equation.Equations'>
            <val val="{ &quot;quad := &quot; }"/>
        </annotation>
    </item>
    <item name='org.locationtech.jts.geomgraph.Quadrant int quadrant(double, double)'>
        <annotation name='com.intellij.inspections.tainted.annotation.equation.Equations'>
            <val val="{ &quot;dx := EdgeEnd&quot;, &quot;dy := EdgeEnd&quot;, &quot;quadrant := #NE &amp; #SE &amp; #NW &amp; #SW&quot; }"/>
        </annotation>
    </item>
    <item name='org.locationtech.jts.geomgraph.Quadrant int quadrant(org.locationtech.jts.geom.Coordinate, org.locationtech.jts.geom.Coordinate)'>
        <annotation name='com.intellij.inspections.tainted.annotation.equation.Equations'>
            <val val="{ &quot;quadrant := #NE &amp; #SE &amp; #NW &amp; #SW&quot;, &quot;p1 := PlanarGraph#matchInSameDirection(org.locationtech.jts.geom.Coordinate, org.locationtech.jts.geom.Coordinate, org.locationtech.jts.geom.Coordinate, org.locationtech.jts.geom.Coordinate)#1 &amp; PlanarGraph#matchInSameDirection(org.locationtech.jts.geom.Coordinate, org.locationtech.jts.geom.Coordinate, org.locationtech.jts.geom.Coordinate, org.locationtech.jts.geom.Coordinate)#3 &amp; org.locationtech.jts.geomgraph.index.MonotoneChainIndexer#findChainEnd(org.locationtech.jts.geom.Coordinate[], int)#0 &amp; org.locationtech.jts.index.chain.MonotoneChainBuilder#findChainEnd(org.locationtech.jts.geom.Coordinate[], int)#0&quot;, &quot;p0 := PlanarGraph#matchInSameDirection(org.locationtech.jts.geom.Coordinate, org.locationtech.jts.geom.Coordinate, org.locationtech.jts.geom.Coordinate, org.locationtech.jts.geom.Coordinate)#0 &amp; PlanarGraph#matchInSameDirection(org.locationtech.jts.geom.Coordinate, org.locationtech.jts.geom.Coordinate, org.locationtech.jts.geom.Coordinate, org.locationtech.jts.geom.Coordinate)#2 &amp; org.locationtech.jts.geomgraph.index.MonotoneChainIndexer#findChainEnd(org.locationtech.jts.geom.Coordinate[], int)#0 &amp; org.locationtech.jts.index.chain.MonotoneChainBuilder#findChainEnd(org.locationtech.jts.geom.Coordinate[], int)#0&quot; }"/>
        </annotation>
    </item>
    <item name='org.locationtech.jts.geomgraph.TopologyLocation'>
        <annotation name='com.intellij.inspections.tainted.annotation.equation.Equations'>
            <val val="{ &quot;TopologyLocation := #TopologyLocation(int)#0 &amp; #TopologyLocation(int, int, int)#0 &amp; #TopologyLocation(int, int, int)#1 &amp; #TopologyLocation(int, int, int)#2 &amp; TopologyLocation &amp; #setAllLocations(int)#0 &amp; #setAllLocationsIfNull(int)#0 &amp; #setLocation(int, int)#1 &amp; #setLocations(int, int, int)#0 &amp; #setLocations(int, int, int)#1 &amp; #setLocations(int, int, int)#2 &amp; org.locationtech.jts.geom.Location#NONE&quot; }"/>
        </annotation>
    </item>
    <item name='org.locationtech.jts.geomgraph.TopologyLocation TopologyLocation(int)'>
        <annotation name='com.intellij.inspections.tainted.annotation.equation.Equations'>
            <val val="{ &quot;TopologyLocation := TopologyLocation&quot;, &quot;on := Label#Label(int)#0 &amp; org.locationtech.jts.geom.Location#NONE &amp; Label&quot; }"/>
        </annotation>
    </item>
    <item name='org.locationtech.jts.geomgraph.TopologyLocation TopologyLocation(int, int, int)'>
        <annotation name='com.intellij.inspections.tainted.annotation.equation.Equations'>
            <val val="{ &quot;TopologyLocation := TopologyLocation&quot;, &quot;right := Label#Label(int, int, int)#2 &amp; org.locationtech.jts.geom.Location#NONE&quot;, &quot;on := Label#Label(int, int, int)#0 &amp; org.locationtech.jts.geom.Location#NONE&quot;, &quot;left := Label#Label(int, int, int)#1 &amp; org.locationtech.jts.geom.Location#NONE&quot; }"/>
        </annotation>
    </item>
    <item name='org.locationtech.jts.geomgraph.TopologyLocation TopologyLocation(int[])'>
        <annotation name='com.intellij.inspections.tainted.annotation.equation.Equations'>
            <val val="{ &quot;TopologyLocation := TopologyLocation&quot; }"/>
        </annotation>
    </item>
    <item name='org.locationtech.jts.geomgraph.TopologyLocation TopologyLocation(org.locationtech.jts.geomgraph.TopologyLocation)'>
        <annotation name='com.intellij.inspections.tainted.annotation.equation.Equations'>
            <val val="{ &quot;TopologyLocation := TopologyLocation&quot; }"/>
        </annotation>
    </item>
    <item name='org.locationtech.jts.geomgraph.TopologyLocation boolean allPositionsEqual(int)'>
        <annotation name='com.intellij.inspections.tainted.annotation.equation.Equations'>
            <val val="{ &quot;loc := Label#allPositionsEqual(int, int)#1&quot; }"/>
        </annotation>
    </item>
    <item name='org.locationtech.jts.geomgraph.TopologyLocation boolean isEqualOnSide(org.locationtech.jts.geomgraph.TopologyLocation, int)'>
        <annotation name='com.intellij.inspections.tainted.annotation.equation.Equations'>
            <val val="{ &quot;locIndex := Label#isEqualOnSide(org.locationtech.jts.geomgraph.Label, int)#1&quot; }"/>
        </annotation>
    </item>
    <item name='org.locationtech.jts.geomgraph.TopologyLocation int get(int)'>
        <annotation name='com.intellij.inspections.tainted.annotation.equation.Equations'>
            <val val="{ &quot;posIndex := Label#getLocation(int, int)#1 &amp; Position#ON&quot;, &quot;get := TopologyLocation &amp; org.locationtech.jts.geom.Location#NONE&quot; }"/>
        </annotation>
    </item>
    <item name='org.locationtech.jts.geomgraph.TopologyLocation int[] getLocations()'>
        <annotation name='com.intellij.inspections.tainted.annotation.equation.Equations'>
            <val val="{ &quot;getLocations := TopologyLocation&quot; }"/>
        </annotation>
    </item>
    <item name='org.locationtech.jts.geomgraph.TopologyLocation java.lang.String toString()'>
        <annotation name='com.intellij.inspections.tainted.annotation.equation.Equations'>
            <val val="{ &quot;toString := &quot; }"/>
        </annotation>
    </item>
    <item name='org.locationtech.jts.geomgraph.TopologyLocation void setAllLocations(int)'>
        <annotation name='com.intellij.inspections.tainted.annotation.equation.Equations'>
            <val val="{ &quot;locValue := org.locationtech.jts.geom.Location#NONE &amp; Label#setAllLocations(int, int)#1&quot; }"/>
        </annotation>
    </item>
    <item name='org.locationtech.jts.geomgraph.TopologyLocation void setAllLocationsIfNull(int)'>
        <annotation name='com.intellij.inspections.tainted.annotation.equation.Equations'>
            <val val="{ &quot;locValue := Label#setAllLocationsIfNull(int, int)#1&quot; }"/>
        </annotation>
    </item>
    <item name='org.locationtech.jts.geomgraph.TopologyLocation void setLocation(int)'>
        <annotation name='com.intellij.inspections.tainted.annotation.equation.Equations'>
            <val val="{ &quot;locValue := Label#Label(int, int)#1&quot; }"/>
        </annotation>
    </item>
    <item name='org.locationtech.jts.geomgraph.TopologyLocation void setLocation(int, int)'>
        <annotation name='com.intellij.inspections.tainted.annotation.equation.Equations'>
            <val val="{ &quot;locIndex := Label#setLocation(int, int, int)#1 &amp; Position#ON&quot;, &quot;locValue := Label#setLocation(int, int, int)#2 &amp; Label#setLocation(int, int)#1 &amp; #setLocation(int)#0&quot; }"/>
        </annotation>
    </item>
    <item name='org.locationtech.jts.geomgraph.TopologyLocation void setLocations(int, int, int)'>
        <annotation name='com.intellij.inspections.tainted.annotation.equation.Equations'>
            <val val="{ &quot;left := Label#Label(int, int, int, int)#2&quot;, &quot;right := Label#Label(int, int, int, int)#3&quot;, &quot;on := Label#Label(int, int, int, int)#1&quot; }"/>
        </annotation>
    </item>
</root>