<root>
    <item name='javax.xml.transform.ErrorListener void error(javax.xml.transform.TransformerException)'>
        <annotation name='com.intellij.inspections.tainted.annotation.equation.Equations'>
            <val val="{ &quot;exception := com.sun.org.apache.xml.internal.utils.DefaultErrorHandler#error(javax.xml.transform.TransformerException)#0 &amp; com.sun.org.apache.xml.internal.utils.ListingErrorHandler#error(javax.xml.transform.TransformerException)#0 &amp; com.sun.org.apache.xalan.internal.xsltc.trax.TransformerImpl#error(javax.xml.transform.TransformerException)#0 &amp; com.sun.org.apache.xalan.internal.xsltc.trax.TransformerFactoryImpl#error(javax.xml.transform.TransformerException)#0&quot; }"/>
        </annotation>
    </item>
    <item name='javax.xml.transform.ErrorListener void fatalError(javax.xml.transform.TransformerException)'>
        <annotation name='com.intellij.inspections.tainted.annotation.equation.Equations'>
            <val val="{ &quot;exception := com.sun.org.apache.xml.internal.utils.DefaultErrorHandler#fatalError(javax.xml.transform.TransformerException)#0 &amp; com.sun.org.apache.xml.internal.utils.ListingErrorHandler#fatalError(javax.xml.transform.TransformerException)#0 &amp; com.sun.org.apache.xalan.internal.xsltc.trax.TransformerImpl#fatalError(javax.xml.transform.TransformerException)#0 &amp; com.sun.org.apache.xalan.internal.xsltc.trax.TransformerFactoryImpl#fatalError(javax.xml.transform.TransformerException)#0&quot; }"/>
        </annotation>
    </item>
    <item name='javax.xml.transform.ErrorListener void warning(javax.xml.transform.TransformerException)'>
        <annotation name='com.intellij.inspections.tainted.annotation.equation.Equations'>
            <val val="{ &quot;exception := com.sun.org.apache.xml.internal.utils.DefaultErrorHandler#warning(javax.xml.transform.TransformerException)#0 &amp; com.sun.org.apache.xml.internal.utils.ListingErrorHandler#warning(javax.xml.transform.TransformerException)#0 &amp; com.sun.org.apache.xalan.internal.xsltc.trax.TransformerImpl#warning(javax.xml.transform.TransformerException)#0 &amp; com.sun.org.apache.xalan.internal.xsltc.trax.TransformerFactoryImpl#warning(javax.xml.transform.TransformerException)#0&quot; }"/>
        </annotation>
    </item>
    <item name='javax.xml.transform.FactoryFinder'>
        <annotation name='com.intellij.inspections.tainted.annotation.equation.Equations'>
            <val val="{ &quot;FactoryFinder := &quot; }"/>
        </annotation>
    </item>
    <item name='javax.xml.transform.FactoryFinder T findServiceProvider(java.lang.Class&lt;T&gt;)'>
        <annotation name='com.intellij.inspections.tainted.annotation.equation.Equations'>
            <val val="{ &quot;type := #find(java.lang.Class, java.lang.String)#0&quot; }"/>
        </annotation>
    </item>
    <item name='javax.xml.transform.FactoryFinder T newInstance(java.lang.Class&lt;T&gt;, java.lang.String, java.lang.ClassLoader, boolean, boolean)'>
        <annotation name='com.intellij.inspections.tainted.annotation.equation.Equations'>
            <val val="{ &quot;type := #find(java.lang.Class, java.lang.String)#0&quot;, &quot;className := TransformerFactory#newInstance(java.lang.String, java.lang.ClassLoader)#0 &amp; #find(java.lang.Class, java.lang.String)#1&quot;, &quot;cl := TransformerFactory#newInstance(java.lang.String, java.lang.ClassLoader)#1&quot; }"/>
        </annotation>
    </item>
    <item name='javax.xml.transform.FactoryFinder T newInstanceNoServiceLoader(java.lang.Class&lt;T&gt;, java.lang.Class&lt;?&gt;)'>
        <annotation name='com.intellij.inspections.tainted.annotation.equation.Equations'>
            <val val="{ &quot;type := #newInstance(java.lang.Class, java.lang.String, java.lang.ClassLoader, boolean, boolean)#0&quot; }"/>
        </annotation>
    </item>
    <item name='javax.xml.transform.FactoryFinder java.lang.Class&lt;?&gt; getProviderClass(java.lang.String, java.lang.ClassLoader, boolean, boolean)'>
        <annotation name='com.intellij.inspections.tainted.annotation.equation.Equations'>
            <val val="{ &quot;className := #newInstance(java.lang.Class, java.lang.String, java.lang.ClassLoader, boolean, boolean)#1&quot;, &quot;cl := #newInstance(java.lang.Class, java.lang.String, java.lang.ClassLoader, boolean, boolean)#2&quot; }"/>
        </annotation>
    </item>
    <item name='javax.xml.transform.FactoryFinder void dPrint(java.lang.String)'>
        <annotation name='com.intellij.inspections.tainted.annotation.equation.Equations'>
            <val val="{ &quot;msg := #newInstance(java.lang.Class, java.lang.String, java.lang.ClassLoader, boolean, boolean)#2 &amp; #find(java.lang.Class, java.lang.String)#1&quot; }"/>
        </annotation>
    </item>
    <item name='javax.xml.transform.OutputKeys OutputKeys()'>
        <annotation name='com.intellij.inspections.tainted.annotation.equation.Equations'>
            <val val="{ &quot;OutputKeys := OutputKeys&quot; }"/>
        </annotation>
    </item>
    <item name='javax.xml.transform.Result java.lang.String getSystemId()'>
        <annotation name='com.intellij.inspections.tainted.annotation.equation.Equations'>
            <val val="{ &quot;getSystemId := javax.xml.transform.sax.SAXResult#getSystemId() &amp; javax.xml.transform.dom.DOMResult#getSystemId() &amp; javax.xml.transform.stax.StAXResult#getSystemId() &amp; javax.xml.transform.stream.StreamResult#getSystemId()&quot; }"/>
        </annotation>
    </item>
    <item name='javax.xml.transform.Result void setSystemId(java.lang.String)'>
        <annotation name='com.intellij.inspections.tainted.annotation.equation.Equations'>
            <val val="{ &quot;systemId := javax.xml.transform.sax.SAXResult#setSystemId(java.lang.String)#0 &amp; javax.xml.transform.dom.DOMResult#setSystemId(java.lang.String)#0 &amp; javax.xml.transform.stax.StAXResult#setSystemId(java.lang.String)#0 &amp; javax.xml.transform.stream.StreamResult#setSystemId(java.lang.String)#0&quot; }"/>
        </annotation>
    </item>
    <item name='javax.xml.transform.Source java.lang.String getSystemId()'>
        <annotation name='com.intellij.inspections.tainted.annotation.equation.Equations'>
            <val val="{ &quot;getSystemId := com.sun.org.apache.xalan.internal.xsltc.trax.XSLTCSource#getSystemId() &amp; com.sun.org.apache.xerces.internal.util.XMLInputSourceAdaptor#getSystemId() &amp; javax.xml.transform.dom.DOMSource#getSystemId() &amp; javax.xml.transform.sax.SAXSource#getSystemId() &amp; javax.xml.transform.stax.StAXSource#getSystemId() &amp; javax.xml.transform.stream.StreamSource#getSystemId()&quot; }"/>
        </annotation>
    </item>
    <item name='javax.xml.transform.Source void setSystemId(java.lang.String)'>
        <annotation name='com.intellij.inspections.tainted.annotation.equation.Equations'>
            <val val="{ &quot;systemId := com.sun.org.apache.xalan.internal.xsltc.trax.XSLTCSource#setSystemId(java.lang.String)#0 &amp; com.sun.org.apache.xerces.internal.util.XMLInputSourceAdaptor#setSystemId(java.lang.String)#0 &amp; javax.xml.transform.dom.DOMSource#setSystemId(java.lang.String)#0 &amp; javax.xml.transform.sax.SAXSource#setSystemId(java.lang.String)#0 &amp; javax.xml.transform.stax.StAXSource#setSystemId(java.lang.String)#0 &amp; javax.xml.transform.stream.StreamSource#setSystemId(java.lang.String)#0&quot; }"/>
        </annotation>
    </item>
    <item name='javax.xml.transform.SourceLocator int getColumnNumber()'>
        <annotation name='com.intellij.inspections.tainted.annotation.equation.Equations'>
            <val val="{ &quot;getColumnNumber := com.sun.org.apache.xml.internal.dtm.ref.NodeLocator#getColumnNumber() &amp; com.sun.org.apache.xml.internal.utils.SAXSourceLocator#getColumnNumber() &amp; com.sun.org.apache.xpath.internal.Expression#getColumnNumber()&quot; }"/>
        </annotation>
    </item>
    <item name='javax.xml.transform.SourceLocator int getLineNumber()'>
        <annotation name='com.intellij.inspections.tainted.annotation.equation.Equations'>
            <val val="{ &quot;getLineNumber := com.sun.org.apache.xml.internal.dtm.ref.NodeLocator#getLineNumber() &amp; com.sun.org.apache.xml.internal.utils.SAXSourceLocator#getLineNumber() &amp; com.sun.org.apache.xpath.internal.Expression#getLineNumber()&quot; }"/>
        </annotation>
    </item>
    <item name='javax.xml.transform.SourceLocator java.lang.String getPublicId()'>
        <annotation name='com.intellij.inspections.tainted.annotation.equation.Equations'>
            <val val="{ &quot;getPublicId := com.sun.org.apache.xml.internal.dtm.ref.NodeLocator#getPublicId() &amp; com.sun.org.apache.xpath.internal.Expression#getPublicId() &amp; com.sun.org.apache.xml.internal.utils.SAXSourceLocator#getPublicId()&quot; }"/>
        </annotation>
    </item>
    <item name='javax.xml.transform.SourceLocator java.lang.String getSystemId()'>
        <annotation name='com.intellij.inspections.tainted.annotation.equation.Equations'>
            <val val="{ &quot;getSystemId := com.sun.org.apache.xml.internal.dtm.ref.NodeLocator#getSystemId() &amp; com.sun.org.apache.xpath.internal.Expression#getSystemId() &amp; com.sun.org.apache.xml.internal.utils.SAXSourceLocator#getSystemId()&quot; }"/>
        </annotation>
    </item>
    <item name='javax.xml.transform.Templates java.util.Properties getOutputProperties()'>
        <annotation name='com.intellij.inspections.tainted.annotation.equation.Equations'>
            <val val="{ &quot;getOutputProperties := com.sun.org.apache.xalan.internal.xsltc.trax.TemplatesImpl#getOutputProperties()&quot; }"/>
        </annotation>
    </item>
    <item name='javax.xml.transform.Templates javax.xml.transform.Transformer newTransformer()'>
        <annotation name='com.intellij.inspections.tainted.annotation.equation.Equations'>
            <val val="{ &quot;newTransformer := com.sun.org.apache.xalan.internal.xsltc.trax.TemplatesImpl#newTransformer()&quot; }"/>
        </annotation>
    </item>
    <item name='javax.xml.transform.Transformer'>
        <annotation name='com.intellij.inspections.tainted.annotation.equation.Equations'>
            <val val="{ &quot;Transformer := com.sun.org.apache.xalan.internal.xsltc.trax.TransformerImpl&quot; }"/>
        </annotation>
    </item>
    <item name='javax.xml.transform.Transformer java.lang.Object getParameter(java.lang.String)'>
        <annotation name='com.intellij.inspections.tainted.annotation.equation.Equations'>
            <val val="{ &quot;name := com.sun.org.apache.xalan.internal.xsltc.trax.TransformerImpl#getParameter(java.lang.String)#0&quot;, &quot;getParameter := com.sun.org.apache.xalan.internal.xsltc.trax.TransformerImpl#getParameter(java.lang.String)&quot; }"/>
        </annotation>
    </item>
    <item name='javax.xml.transform.Transformer java.lang.String getOutputProperty(java.lang.String)'>
        <annotation name='com.intellij.inspections.tainted.annotation.equation.Equations'>
            <val val="{ &quot;name := com.sun.org.apache.xalan.internal.xsltc.trax.TransformerImpl#getOutputProperty(java.lang.String)#0&quot;, &quot;getOutputProperty := com.sun.org.apache.xalan.internal.xsltc.trax.TransformerImpl#getOutputProperty(java.lang.String)&quot; }"/>
        </annotation>
    </item>
    <item name='javax.xml.transform.Transformer java.util.Properties getOutputProperties()'>
        <annotation name='com.intellij.inspections.tainted.annotation.equation.Equations'>
            <val val="{ &quot;getOutputProperties := com.sun.org.apache.xalan.internal.xsltc.trax.TransformerImpl#getOutputProperties()&quot; }"/>
        </annotation>
    </item>
    <item name='javax.xml.transform.Transformer javax.xml.transform.ErrorListener getErrorListener()'>
        <annotation name='com.intellij.inspections.tainted.annotation.equation.Equations'>
            <val val="{ &quot;getErrorListener := com.sun.org.apache.xalan.internal.xsltc.trax.TransformerImpl#getErrorListener()&quot; }"/>
        </annotation>
    </item>
    <item name='javax.xml.transform.Transformer javax.xml.transform.URIResolver getURIResolver()'>
        <annotation name='com.intellij.inspections.tainted.annotation.equation.Equations'>
            <val val="{ &quot;getURIResolver := com.sun.org.apache.xalan.internal.xsltc.trax.TransformerImpl#getURIResolver()&quot; }"/>
        </annotation>
    </item>
    <item name='javax.xml.transform.Transformer void setErrorListener(javax.xml.transform.ErrorListener)'>
        <annotation name='com.intellij.inspections.tainted.annotation.equation.Equations'>
            <val val="{ &quot;listener := com.sun.org.apache.xalan.internal.xsltc.trax.TransformerImpl#setErrorListener(javax.xml.transform.ErrorListener)#0&quot; }"/>
        </annotation>
    </item>
    <item name='javax.xml.transform.Transformer void setOutputProperties(java.util.Properties)'>
        <annotation name='com.intellij.inspections.tainted.annotation.equation.Equations'>
            <val val="{ &quot;oformat := com.sun.org.apache.xalan.internal.xsltc.trax.TransformerImpl#setOutputProperties(java.util.Properties)#0&quot; }"/>
        </annotation>
    </item>
    <item name='javax.xml.transform.Transformer void setOutputProperty(java.lang.String, java.lang.String)'>
        <annotation name='com.intellij.inspections.tainted.annotation.equation.Equations'>
            <val val="{ &quot;value := com.sun.org.apache.xalan.internal.xsltc.trax.TransformerImpl#setOutputProperty(java.lang.String, java.lang.String)#1&quot;, &quot;name := com.sun.org.apache.xalan.internal.xsltc.trax.TransformerImpl#setOutputProperty(java.lang.String, java.lang.String)#0&quot; }"/>
        </annotation>
    </item>
    <item name='javax.xml.transform.Transformer void setParameter(java.lang.String, java.lang.Object)'>
        <annotation name='com.intellij.inspections.tainted.annotation.equation.Equations'>
            <val val="{ &quot;name := com.sun.org.apache.xalan.internal.xsltc.trax.TransformerImpl#setParameter(java.lang.String, java.lang.Object)#0&quot;, &quot;value := com.sun.org.apache.xalan.internal.xsltc.trax.TransformerImpl#setParameter(java.lang.String, java.lang.Object)#1&quot; }"/>
        </annotation>
    </item>
    <item name='javax.xml.transform.Transformer void setURIResolver(javax.xml.transform.URIResolver)'>
        <annotation name='com.intellij.inspections.tainted.annotation.equation.Equations'>
            <val val="{ &quot;resolver := com.sun.org.apache.xalan.internal.xsltc.trax.TransformerImpl#setURIResolver(javax.xml.transform.URIResolver)#0 &amp; com.sun.org.apache.xalan.internal.xsltc.trax.TransformerFactoryImpl&quot; }"/>
        </annotation>
    </item>
    <item name='javax.xml.transform.Transformer void transform(javax.xml.transform.Source, javax.xml.transform.Result)'>
        <annotation name='com.intellij.inspections.tainted.annotation.equation.Equations'>
            <val val="{ &quot;xmlSource := com.sun.org.apache.xalan.internal.xsltc.trax.TransformerImpl#transform(javax.xml.transform.Source, javax.xml.transform.Result)#0 &amp; com.sun.org.apache.xerces.internal.jaxp.validation.StAXValidatorHelper#validate(javax.xml.transform.Source, javax.xml.transform.Result)#0&quot;, &quot;outputTarget := com.sun.org.apache.xalan.internal.xsltc.trax.TransformerImpl#transform(javax.xml.transform.Source, javax.xml.transform.Result)#1&quot; }"/>
        </annotation>
    </item>
    <item name='javax.xml.transform.TransformerConfigurationException TransformerConfigurationException(java.lang.String)'>
        <annotation name='com.intellij.inspections.tainted.annotation.equation.Equations'>
            <val val="{ &quot;TransformerConfigurationException := TransformerConfigurationException&quot; }"/>
        </annotation>
    </item>
    <item name='javax.xml.transform.TransformerConfigurationException TransformerConfigurationException(java.lang.String, java.lang.Throwable)'>
        <annotation name='com.intellij.inspections.tainted.annotation.equation.Equations'>
            <val val="{ &quot;TransformerConfigurationException := TransformerConfigurationException&quot; }"/>
        </annotation>
    </item>
    <item name='javax.xml.transform.TransformerConfigurationException TransformerConfigurationException(java.lang.String, javax.xml.transform.SourceLocator)'>
        <annotation name='com.intellij.inspections.tainted.annotation.equation.Equations'>
            <val val="{ &quot;TransformerConfigurationException := TransformerConfigurationException&quot; }"/>
        </annotation>
    </item>
    <item name='javax.xml.transform.TransformerConfigurationException TransformerConfigurationException(java.lang.String, javax.xml.transform.SourceLocator, java.lang.Throwable)'>
        <annotation name='com.intellij.inspections.tainted.annotation.equation.Equations'>
            <val val="{ &quot;TransformerConfigurationException := TransformerConfigurationException&quot; }"/>
        </annotation>
    </item>
    <item name='javax.xml.transform.TransformerConfigurationException TransformerConfigurationException(java.lang.Throwable)'>
        <annotation name='com.intellij.inspections.tainted.annotation.equation.Equations'>
            <val val="{ &quot;TransformerConfigurationException := TransformerConfigurationException&quot; }"/>
        </annotation>
    </item>
    <item name='javax.xml.transform.TransformerException'>
        <annotation name='com.intellij.inspections.tainted.annotation.equation.Equations'>
            <val val="{ &quot;TransformerException := com.sun.org.apache.xpath.internal.XPathException&quot; }"/>
        </annotation>
    </item>
    <item name='javax.xml.transform.TransformerException TransformerException(java.lang.String)'>
        <annotation name='com.intellij.inspections.tainted.annotation.equation.Equations'>
            <val val="{ &quot;TransformerException := TransformerException&quot;, &quot;message := com.sun.org.apache.xalan.internal.xsltc.trax.TransformerImpl.MessageHandler#displayMessage(java.lang.String)#0 &amp; com.sun.org.apache.xalan.internal.xsltc.trax.TransformerImpl#postWarningToListener(java.lang.String)#0 &amp; com.sun.org.apache.xalan.internal.xsltc.trax.TransformerImpl#postErrorToListener(java.lang.String)#0 &amp; com.sun.org.apache.xpath.internal.XPathException#XPathException(java.lang.String, com.sun.org.apache.xpath.internal.ExpressionNode)#0 &amp; com.sun.org.apache.xpath.internal.XPathException#XPathException(java.lang.String)#0 &amp; com.sun.org.apache.xpath.internal.XPathException#XPathException(java.lang.String, java.lang.Object)#0 &amp; com.sun.org.apache.xpath.internal.XPathException#XPathException(java.lang.String, org.w3c.dom.Node, java.lang.Exception)#0 &amp; com.sun.org.apache.xpath.internal.XPathException#XPathException(java.lang.String, java.lang.Exception)#0 &amp; TransformerConfigurationException#TransformerConfigurationException(java.lang.String)#0&quot; }"/>
        </annotation>
    </item>
    <item name='javax.xml.transform.TransformerException TransformerException(java.lang.String, java.lang.Throwable)'>
        <annotation name='com.intellij.inspections.tainted.annotation.equation.Equations'>
            <val val="{ &quot;e := TransformerConfigurationException#TransformerConfigurationException(java.lang.String, java.lang.Throwable)#1&quot;, &quot;message := TransformerConfigurationException#TransformerConfigurationException(java.lang.String, java.lang.Throwable)#0&quot;, &quot;TransformerException := TransformerException&quot; }"/>
        </annotation>
    </item>
    <item name='javax.xml.transform.TransformerException TransformerException(java.lang.String, javax.xml.transform.SourceLocator)'>
        <annotation name='com.intellij.inspections.tainted.annotation.equation.Equations'>
            <val val="{ &quot;TransformerException := TransformerException&quot;, &quot;message := com.sun.org.apache.xpath.internal.domapi.XPathStylesheetDOM3Exception#XPathStylesheetDOM3Exception(java.lang.String, javax.xml.transform.SourceLocator)#0 &amp; TransformerConfigurationException#TransformerConfigurationException(java.lang.String, javax.xml.transform.SourceLocator)#0&quot;, &quot;locator := com.sun.org.apache.xpath.internal.operations.Variable &amp; com.sun.org.apache.xml.internal.serializer.ToXMLStream &amp; com.sun.org.apache.xpath.internal.compiler.XPathParser &amp; com.sun.org.apache.xml.internal.serializer.ToStream &amp; com.sun.org.apache.xpath.internal.domapi.XPathStylesheetDOM3Exception#XPathStylesheetDOM3Exception(java.lang.String, javax.xml.transform.SourceLocator)#1 &amp; com.sun.org.apache.xpath.internal.compiler.Compiler &amp; com.sun.org.apache.xpath.internal.Expression &amp; TransformerConfigurationException#TransformerConfigurationException(java.lang.String, javax.xml.transform.SourceLocator)#1&quot; }"/>
        </annotation>
    </item>
    <item name='javax.xml.transform.TransformerException TransformerException(java.lang.String, javax.xml.transform.SourceLocator, java.lang.Throwable)'>
        <annotation name='com.intellij.inspections.tainted.annotation.equation.Equations'>
            <val val="{ &quot;e := #TransformerException(java.lang.Throwable)#0 &amp; #TransformerException(java.lang.String, java.lang.Throwable)#1 &amp; TransformerConfigurationException#TransformerConfigurationException(java.lang.String, javax.xml.transform.SourceLocator, java.lang.Throwable)#2&quot;, &quot;locator := #TransformerException(java.lang.String, javax.xml.transform.SourceLocator)#1 &amp; TransformerConfigurationException#TransformerConfigurationException(java.lang.String, javax.xml.transform.SourceLocator, java.lang.Throwable)#1&quot;, &quot;TransformerException := TransformerException&quot;, &quot;message := #TransformerException(java.lang.String, javax.xml.transform.SourceLocator)#0 &amp; #TransformerException(java.lang.String)#0 &amp; #TransformerException(java.lang.String, java.lang.Throwable)#0 &amp; TransformerConfigurationException#TransformerConfigurationException(java.lang.String, javax.xml.transform.SourceLocator, java.lang.Throwable)#0&quot; }"/>
        </annotation>
    </item>
    <item name='javax.xml.transform.TransformerException TransformerException(java.lang.Throwable)'>
        <annotation name='com.intellij.inspections.tainted.annotation.equation.Equations'>
            <val val="{ &quot;TransformerException := TransformerException&quot;, &quot;e := TransformerConfigurationException#TransformerConfigurationException(java.lang.Throwable)#0&quot; }"/>
        </annotation>
    </item>
    <item name='javax.xml.transform.TransformerException java.lang.Throwable getCause()'>
        <annotation name='com.intellij.inspections.tainted.annotation.equation.Equations'>
            <val val="{ &quot;getCause := TransformerException&quot; }"/>
        </annotation>
    </item>
    <item name='javax.xml.transform.TransformerException java.lang.Throwable getException()'>
        <annotation name='com.intellij.inspections.tainted.annotation.equation.Equations'>
            <val val="{ &quot;getException := com.sun.org.apache.xpath.internal.XPathException#getException() &amp; TransformerException&quot; }"/>
        </annotation>
    </item>
    <item name='javax.xml.transform.TransformerException java.lang.Throwable initCause(java.lang.Throwable)'>
        <annotation name='com.intellij.inspections.tainted.annotation.equation.Equations'>
            <val val="{ &quot;initCause := TransformerException&quot; }"/>
        </annotation>
    </item>
    <item name='javax.xml.transform.TransformerException javax.xml.transform.SourceLocator getLocator()'>
        <annotation name='com.intellij.inspections.tainted.annotation.equation.Equations'>
            <val val="{ &quot;getLocator := TransformerException&quot; }"/>
        </annotation>
    </item>
    <item name='javax.xml.transform.TransformerException void printStackTrace(java.io.PrintStream)'>
        <annotation name='com.intellij.inspections.tainted.annotation.equation.Equations'>
            <val val="{ &quot;s := com.sun.org.apache.xpath.internal.XPathException#printStackTrace(java.io.PrintStream)#0 &amp; java.lang.System#err&quot; }"/>
        </annotation>
    </item>
    <item name='javax.xml.transform.TransformerException void printStackTrace(java.io.PrintWriter)'>
        <annotation name='com.intellij.inspections.tainted.annotation.equation.Equations'>
            <val val="{ &quot;s := com.sun.org.apache.xpath.internal.XPathException#printStackTrace(java.io.PrintWriter)#0&quot; }"/>
        </annotation>
    </item>
    <item name='javax.xml.transform.TransformerException void setLocator(javax.xml.transform.SourceLocator)'>
        <annotation name='com.intellij.inspections.tainted.annotation.equation.Equations'>
            <val val="{ &quot;location := com.sun.org.apache.xpath.internal.XPathException#XPathException(java.lang.String, com.sun.org.apache.xpath.internal.ExpressionNode)#1&quot; }"/>
        </annotation>
    </item>
    <item name='javax.xml.transform.TransformerFactory'>
        <annotation name='com.intellij.inspections.tainted.annotation.equation.Equations'>
            <val val="{ &quot;TransformerFactory := javax.xml.transform.sax.SAXTransformerFactory&quot; }"/>
        </annotation>
    </item>
    <item name='javax.xml.transform.TransformerFactory boolean getFeature(java.lang.String)'>
        <annotation name='com.intellij.inspections.tainted.annotation.equation.Equations'>
            <val val="{ &quot;name := com.sun.org.apache.xalan.internal.xsltc.trax.TransformerFactoryImpl#getFeature(java.lang.String)#0 &amp; com.sun.org.apache.xalan.internal.xsltc.trax.SmartTransformerFactoryImpl#getFeature(java.lang.String)#0&quot; }"/>
        </annotation>
    </item>
    <item name='javax.xml.transform.TransformerFactory java.lang.Object getAttribute(java.lang.String)'>
        <annotation name='com.intellij.inspections.tainted.annotation.equation.Equations'>
            <val val="{ &quot;name := com.sun.org.apache.xalan.internal.xsltc.trax.TransformerFactoryImpl#getAttribute(java.lang.String)#0 &amp; com.sun.org.apache.xalan.internal.xsltc.trax.SmartTransformerFactoryImpl#getAttribute(java.lang.String)#0&quot;, &quot;getAttribute := com.sun.org.apache.xalan.internal.xsltc.trax.TransformerFactoryImpl#getAttribute(java.lang.String) &amp; com.sun.org.apache.xalan.internal.xsltc.trax.SmartTransformerFactoryImpl#getAttribute(java.lang.String)&quot; }"/>
        </annotation>
    </item>
    <item name='javax.xml.transform.TransformerFactory javax.xml.transform.ErrorListener getErrorListener()'>
        <annotation name='com.intellij.inspections.tainted.annotation.equation.Equations'>
            <val val="{ &quot;getErrorListener := com.sun.org.apache.xalan.internal.xsltc.trax.TransformerFactoryImpl#getErrorListener() &amp; com.sun.org.apache.xalan.internal.xsltc.trax.SmartTransformerFactoryImpl#getErrorListener()&quot; }"/>
        </annotation>
    </item>
    <item name='javax.xml.transform.TransformerFactory javax.xml.transform.Source getAssociatedStylesheet(javax.xml.transform.Source, java.lang.String, java.lang.String, java.lang.String)'>
        <annotation name='com.intellij.inspections.tainted.annotation.equation.Equations'>
            <val val="{ &quot;title := com.sun.org.apache.xalan.internal.xsltc.trax.TransformerFactoryImpl#getAssociatedStylesheet(javax.xml.transform.Source, java.lang.String, java.lang.String, java.lang.String)#2 &amp; com.sun.org.apache.xalan.internal.xsltc.trax.SmartTransformerFactoryImpl#getAssociatedStylesheet(javax.xml.transform.Source, java.lang.String, java.lang.String, java.lang.String)#2&quot;, &quot;getAssociatedStylesheet := com.sun.org.apache.xalan.internal.xsltc.trax.TransformerFactoryImpl#getAssociatedStylesheet(javax.xml.transform.Source, java.lang.String, java.lang.String, java.lang.String) &amp; com.sun.org.apache.xalan.internal.xsltc.trax.SmartTransformerFactoryImpl#getAssociatedStylesheet(javax.xml.transform.Source, java.lang.String, java.lang.String, java.lang.String)&quot;, &quot;charset := com.sun.org.apache.xalan.internal.xsltc.trax.TransformerFactoryImpl#getAssociatedStylesheet(javax.xml.transform.Source, java.lang.String, java.lang.String, java.lang.String)#3 &amp; com.sun.org.apache.xalan.internal.xsltc.trax.SmartTransformerFactoryImpl#getAssociatedStylesheet(javax.xml.transform.Source, java.lang.String, java.lang.String, java.lang.String)#3&quot;, &quot;media := com.sun.org.apache.xalan.internal.xslt.Process#_main(java.lang.String[])#0 &amp; com.sun.org.apache.xalan.internal.xsltc.trax.TransformerFactoryImpl#getAssociatedStylesheet(javax.xml.transform.Source, java.lang.String, java.lang.String, java.lang.String)#1 &amp; com.sun.org.apache.xalan.internal.xsltc.trax.SmartTransformerFactoryImpl#getAssociatedStylesheet(javax.xml.transform.Source, java.lang.String, java.lang.String, java.lang.String)#1&quot;, &quot;source := com.sun.org.apache.xalan.internal.xsltc.trax.TransformerFactoryImpl#getAssociatedStylesheet(javax.xml.transform.Source, java.lang.String, java.lang.String, java.lang.String)#0 &amp; com.sun.org.apache.xalan.internal.xsltc.trax.SmartTransformerFactoryImpl#getAssociatedStylesheet(javax.xml.transform.Source, java.lang.String, java.lang.String, java.lang.String)#0&quot; }"/>
        </annotation>
    </item>
    <item name='javax.xml.transform.TransformerFactory javax.xml.transform.Templates newTemplates(javax.xml.transform.Source)'>
        <annotation name='com.intellij.inspections.tainted.annotation.equation.Equations'>
            <val val="{ &quot;source := com.sun.org.apache.xalan.internal.xsltc.trax.TransformerFactoryImpl#newTemplates(javax.xml.transform.Source)#0 &amp; com.sun.org.apache.xalan.internal.xsltc.trax.SmartTransformerFactoryImpl#newTemplates(javax.xml.transform.Source)#0&quot;, &quot;newTemplates := com.sun.org.apache.xalan.internal.xsltc.trax.TransformerFactoryImpl#newTemplates(javax.xml.transform.Source) &amp; com.sun.org.apache.xalan.internal.xsltc.trax.SmartTransformerFactoryImpl#newTemplates(javax.xml.transform.Source)&quot; }"/>
        </annotation>
    </item>
    <item name='javax.xml.transform.TransformerFactory javax.xml.transform.Transformer newTransformer()'>
        <annotation name='com.intellij.inspections.tainted.annotation.equation.Equations'>
            <val val="{ &quot;newTransformer := com.sun.org.apache.xalan.internal.xsltc.trax.TransformerFactoryImpl#newTransformer() &amp; com.sun.org.apache.xalan.internal.xsltc.trax.SmartTransformerFactoryImpl#newTransformer()&quot; }"/>
        </annotation>
    </item>
    <item name='javax.xml.transform.TransformerFactory javax.xml.transform.Transformer newTransformer(javax.xml.transform.Source)'>
        <annotation name='com.intellij.inspections.tainted.annotation.equation.Equations'>
            <val val="{ &quot;newTransformer := com.sun.org.apache.xalan.internal.xsltc.trax.TransformerFactoryImpl#newTransformer(javax.xml.transform.Source) &amp; com.sun.org.apache.xalan.internal.xsltc.trax.SmartTransformerFactoryImpl#newTransformer(javax.xml.transform.Source)&quot;, &quot;source := com.sun.org.apache.xalan.internal.xsltc.trax.TransformerFactoryImpl#newTransformer(javax.xml.transform.Source)#0 &amp; com.sun.org.apache.xalan.internal.xsltc.trax.SmartTransformerFactoryImpl#newTransformer(javax.xml.transform.Source)#0&quot; }"/>
        </annotation>
    </item>
    <item name='javax.xml.transform.TransformerFactory javax.xml.transform.TransformerFactory newInstance(java.lang.String, java.lang.ClassLoader)'>
        <annotation name='com.intellij.inspections.tainted.annotation.equation.Equations'>
            <val val="{ &quot;factoryClassName := com.sun.org.apache.xerces.internal.jaxp.validation.StAXValidatorHelper#DEFAULT_TRANSFORMER_IMPL &amp; com.sun.org.apache.xerces.internal.jaxp.validation.StreamValidatorHelper#DEFAULT_TRANSFORMER_IMPL&quot; }"/>
        </annotation>
    </item>
    <item name='javax.xml.transform.TransformerFactory javax.xml.transform.URIResolver getURIResolver()'>
        <annotation name='com.intellij.inspections.tainted.annotation.equation.Equations'>
            <val val="{ &quot;getURIResolver := com.sun.org.apache.xalan.internal.xsltc.trax.TransformerFactoryImpl#getURIResolver() &amp; com.sun.org.apache.xalan.internal.xsltc.trax.SmartTransformerFactoryImpl#getURIResolver()&quot; }"/>
        </annotation>
    </item>
    <item name='javax.xml.transform.TransformerFactory void setAttribute(java.lang.String, java.lang.Object)'>
        <annotation name='com.intellij.inspections.tainted.annotation.equation.Equations'>
            <val val="{ &quot;value := com.sun.org.apache.xalan.internal.xsltc.trax.TransformerFactoryImpl#setAttribute(java.lang.String, java.lang.Object)#1 &amp; com.sun.org.apache.xalan.internal.xsltc.trax.SmartTransformerFactoryImpl#setAttribute(java.lang.String, java.lang.Object)#1&quot;, &quot;name := com.sun.org.apache.xalan.internal.xsltc.trax.TransformerFactoryImpl#setAttribute(java.lang.String, java.lang.Object)#0 &amp; com.sun.org.apache.xalan.internal.xsltc.trax.SmartTransformerFactoryImpl#setAttribute(java.lang.String, java.lang.Object)#0&quot; }"/>
        </annotation>
    </item>
    <item name='javax.xml.transform.TransformerFactory void setErrorListener(javax.xml.transform.ErrorListener)'>
        <annotation name='com.intellij.inspections.tainted.annotation.equation.Equations'>
            <val val="{ &quot;listener := com.sun.org.apache.xalan.internal.xsltc.trax.TransformerFactoryImpl#setErrorListener(javax.xml.transform.ErrorListener)#0 &amp; com.sun.org.apache.xalan.internal.xsltc.trax.SmartTransformerFactoryImpl#setErrorListener(javax.xml.transform.ErrorListener)#0 &amp; com.sun.org.apache.xalan.internal.xsltc.trax.SmartTransformerFactoryImpl&quot; }"/>
        </annotation>
    </item>
    <item name='javax.xml.transform.TransformerFactory void setFeature(java.lang.String, boolean)'>
        <annotation name='com.intellij.inspections.tainted.annotation.equation.Equations'>
            <val val="{ &quot;name := javax.xml.XMLConstants#FEATURE_SECURE_PROCESSING &amp; com.sun.org.apache.xalan.internal.xsltc.trax.TransformerFactoryImpl#setFeature(java.lang.String, boolean)#0 &amp; com.sun.org.apache.xalan.internal.xsltc.trax.SmartTransformerFactoryImpl#setFeature(java.lang.String, boolean)#0&quot; }"/>
        </annotation>
    </item>
    <item name='javax.xml.transform.TransformerFactory void setURIResolver(javax.xml.transform.URIResolver)'>
        <annotation name='com.intellij.inspections.tainted.annotation.equation.Equations'>
            <val val="{ &quot;resolver := com.sun.org.apache.xalan.internal.xsltc.trax.TransformerFactoryImpl#setURIResolver(javax.xml.transform.URIResolver)#0 &amp; com.sun.org.apache.xalan.internal.xsltc.trax.SmartTransformerFactoryImpl#setURIResolver(javax.xml.transform.URIResolver)#0 &amp; com.sun.org.apache.xalan.internal.xsltc.trax.SmartTransformerFactoryImpl&quot; }"/>
        </annotation>
    </item>
    <item name='javax.xml.transform.TransformerFactoryConfigurationError TransformerFactoryConfigurationError()'>
        <annotation name='com.intellij.inspections.tainted.annotation.equation.Equations'>
            <val val="{ &quot;TransformerFactoryConfigurationError := TransformerFactoryConfigurationError&quot; }"/>
        </annotation>
    </item>
    <item name='javax.xml.transform.TransformerFactoryConfigurationError TransformerFactoryConfigurationError(java.lang.Exception)'>
        <annotation name='com.intellij.inspections.tainted.annotation.equation.Equations'>
            <val val="{ &quot;TransformerFactoryConfigurationError := TransformerFactoryConfigurationError&quot; }"/>
        </annotation>
    </item>
    <item name='javax.xml.transform.TransformerFactoryConfigurationError TransformerFactoryConfigurationError(java.lang.Exception, java.lang.String)'>
        <annotation name='com.intellij.inspections.tainted.annotation.equation.Equations'>
            <val val="{ &quot;TransformerFactoryConfigurationError := TransformerFactoryConfigurationError&quot; }"/>
        </annotation>
    </item>
    <item name='javax.xml.transform.TransformerFactoryConfigurationError TransformerFactoryConfigurationError(java.lang.String)'>
        <annotation name='com.intellij.inspections.tainted.annotation.equation.Equations'>
            <val val="{ &quot;TransformerFactoryConfigurationError := TransformerFactoryConfigurationError&quot; }"/>
        </annotation>
    </item>
    <item name='javax.xml.transform.TransformerFactoryConfigurationError java.lang.Exception getException()'>
        <annotation name='com.intellij.inspections.tainted.annotation.equation.Equations'>
            <val val="{ &quot;getException := TransformerFactoryConfigurationError&quot; }"/>
        </annotation>
    </item>
    <item name='javax.xml.transform.TransformerFactoryConfigurationError java.lang.Throwable getCause()'>
        <annotation name='com.intellij.inspections.tainted.annotation.equation.Equations'>
            <val val="{ &quot;getCause := TransformerFactoryConfigurationError&quot; }"/>
        </annotation>
    </item>
    <item name='javax.xml.transform.URIResolver javax.xml.transform.Source resolve(java.lang.String, java.lang.String)'>
        <annotation name='com.intellij.inspections.tainted.annotation.equation.Equations'>
            <val val="{ &quot;resolve := com.sun.org.apache.xml.internal.resolver.helpers.BootstrapResolver#resolve(java.lang.String, java.lang.String) &amp; com.sun.org.apache.xml.internal.resolver.tools.CatalogResolver#resolve(java.lang.String, java.lang.String)&quot;, &quot;base := com.sun.org.apache.xml.internal.resolver.helpers.BootstrapResolver#resolve(java.lang.String, java.lang.String)#1 &amp; com.sun.org.apache.xml.internal.resolver.tools.CatalogResolver#resolve(java.lang.String, java.lang.String)#1&quot;, &quot;href := com.sun.org.apache.xml.internal.resolver.helpers.BootstrapResolver#resolve(java.lang.String, java.lang.String)#0 &amp; com.sun.org.apache.xml.internal.resolver.tools.CatalogResolver#resolve(java.lang.String, java.lang.String)#0&quot; }"/>
        </annotation>
    </item>
</root>