<root>
    <item name='javax.naming.spi.ContinuationContext ContinuationContext(javax.naming.CannotProceedException, java.util.Hashtable&lt;?,?&gt;)'>
        <annotation name='com.intellij.inspections.tainted.annotation.equation.Equations'>
            <val val="{ &quot;env := ContinuationDirContext#ContinuationDirContext(javax.naming.CannotProceedException, java.util.Hashtable)#1&quot;, &quot;ContinuationContext := ContinuationContext&quot;, &quot;cpe := ContinuationDirContext#ContinuationDirContext(javax.naming.CannotProceedException, java.util.Hashtable)#0 &amp; NamingManager#getContinuationContext(javax.naming.CannotProceedException)#0&quot; }"/>
        </annotation>
    </item>
    <item name='javax.naming.spi.ContinuationContext javax.naming.Context getTargetContext()'>
        <annotation name='com.intellij.inspections.tainted.annotation.equation.Equations'>
            <val val="{ &quot;getTargetContext := ContinuationContext&quot; }"/>
        </annotation>
    </item>
    <item name='javax.naming.spi.ContinuationDirContext ContinuationDirContext(javax.naming.CannotProceedException, java.util.Hashtable&lt;?,?&gt;)'>
        <annotation name='com.intellij.inspections.tainted.annotation.equation.Equations'>
            <val val="{ &quot;cpe := DirectoryManager#getContinuationDirContext(javax.naming.CannotProceedException)#0&quot;, &quot;ContinuationDirContext := ContinuationDirContext&quot; }"/>
        </annotation>
    </item>
    <item name='javax.naming.spi.ContinuationDirContext javax.naming.spi.DirContextNamePair getTargetContext(javax.naming.Name)'>
        <annotation name='com.intellij.inspections.tainted.annotation.equation.Equations'>
            <val val="{ &quot;name := #getAttributes(javax.naming.Name)#0 &amp; #getAttributes(javax.naming.Name, java.lang.String[])#0 &amp; #modifyAttributes(javax.naming.Name, int, javax.naming.directory.Attributes)#0 &amp; #modifyAttributes(javax.naming.Name, javax.naming.directory.ModificationItem[])#0 &amp; #bind(javax.naming.Name, java.lang.Object, javax.naming.directory.Attributes)#0 &amp; #rebind(javax.naming.Name, java.lang.Object, javax.naming.directory.Attributes)#0 &amp; #createSubcontext(javax.naming.Name, javax.naming.directory.Attributes)#0 &amp; #search(javax.naming.Name, javax.naming.directory.Attributes, java.lang.String[])#0 &amp; #search(javax.naming.Name, javax.naming.directory.Attributes)#0 &amp; #search(javax.naming.Name, java.lang.String, javax.naming.directory.SearchControls)#0 &amp; #search(javax.naming.Name, java.lang.String, java.lang.Object[], javax.naming.directory.SearchControls)#0 &amp; #getSchema(javax.naming.Name)#0 &amp; #getSchemaClassDefinition(javax.naming.Name)#0&quot; }"/>
        </annotation>
    </item>
    <item name='javax.naming.spi.ContinuationDirContext javax.naming.spi.DirContextStringPair getTargetContext(java.lang.String)'>
        <annotation name='com.intellij.inspections.tainted.annotation.equation.Equations'>
            <val val="{ &quot;name := #getAttributes(java.lang.String)#0 &amp; #getAttributes(java.lang.String, java.lang.String[])#0 &amp; #modifyAttributes(java.lang.String, int, javax.naming.directory.Attributes)#0 &amp; #modifyAttributes(java.lang.String, javax.naming.directory.ModificationItem[])#0 &amp; #bind(java.lang.String, java.lang.Object, javax.naming.directory.Attributes)#0 &amp; #rebind(java.lang.String, java.lang.Object, javax.naming.directory.Attributes)#0 &amp; #createSubcontext(java.lang.String, javax.naming.directory.Attributes)#0 &amp; #search(java.lang.String, javax.naming.directory.Attributes, java.lang.String[])#0 &amp; #search(java.lang.String, javax.naming.directory.Attributes)#0 &amp; #search(java.lang.String, java.lang.String, javax.naming.directory.SearchControls)#0 &amp; #search(java.lang.String, java.lang.String, java.lang.Object[], javax.naming.directory.SearchControls)#0 &amp; #getSchema(java.lang.String)#0 &amp; #getSchemaClassDefinition(java.lang.String)#0&quot; }"/>
        </annotation>
    </item>
    <item name='javax.naming.spi.DirContextNamePair DirContextNamePair(javax.naming.directory.DirContext, javax.naming.Name)'>
        <annotation name='com.intellij.inspections.tainted.annotation.equation.Equations'>
            <val val="{ &quot;DirContextNamePair := DirContextNamePair&quot;, &quot;name := ContinuationDirContext#getTargetContext(javax.naming.Name)#0&quot; }"/>
        </annotation>
    </item>
    <item name='javax.naming.spi.DirContextNamePair javax.naming.Name getName()'>
        <annotation name='com.intellij.inspections.tainted.annotation.equation.Equations'>
            <val val="{ &quot;getName := DirContextNamePair&quot; }"/>
        </annotation>
    </item>
    <item name='javax.naming.spi.DirContextNamePair javax.naming.directory.DirContext getDirContext()'>
        <annotation name='com.intellij.inspections.tainted.annotation.equation.Equations'>
            <val val="{ &quot;getDirContext := DirContextNamePair&quot; }"/>
        </annotation>
    </item>
    <item name='javax.naming.spi.DirContextStringPair DirContextStringPair(javax.naming.directory.DirContext, java.lang.String)'>
        <annotation name='com.intellij.inspections.tainted.annotation.equation.Equations'>
            <val val="{ &quot;str := ContinuationDirContext#getTargetContext(java.lang.String)#0&quot;, &quot;DirContextStringPair := DirContextStringPair&quot; }"/>
        </annotation>
    </item>
    <item name='javax.naming.spi.DirContextStringPair java.lang.String getString()'>
        <annotation name='com.intellij.inspections.tainted.annotation.equation.Equations'>
            <val val="{ &quot;getString := DirContextStringPair&quot; }"/>
        </annotation>
    </item>
    <item name='javax.naming.spi.DirContextStringPair javax.naming.directory.DirContext getDirContext()'>
        <annotation name='com.intellij.inspections.tainted.annotation.equation.Equations'>
            <val val="{ &quot;getDirContext := DirContextStringPair&quot; }"/>
        </annotation>
    </item>
    <item name='javax.naming.spi.DirectoryManager java.lang.Object createObjectFromFactories(java.lang.Object, javax.naming.Name, javax.naming.Context, java.util.Hashtable&lt;?,?&gt;, javax.naming.directory.Attributes)'>
        <annotation name='com.intellij.inspections.tainted.annotation.equation.Equations'>
            <val val="{ &quot;name := #getObjectInstance(java.lang.Object, javax.naming.Name, javax.naming.Context, java.util.Hashtable, javax.naming.directory.Attributes)#1&quot;, &quot;attrs := #getObjectInstance(java.lang.Object, javax.naming.Name, javax.naming.Context, java.util.Hashtable, javax.naming.directory.Attributes)#4&quot;, &quot;nameCtx := #getObjectInstance(java.lang.Object, javax.naming.Name, javax.naming.Context, java.util.Hashtable, javax.naming.directory.Attributes)#2&quot;, &quot;environment := #getObjectInstance(java.lang.Object, javax.naming.Name, javax.naming.Context, java.util.Hashtable, javax.naming.directory.Attributes)#3&quot;, &quot;obj := #getObjectInstance(java.lang.Object, javax.naming.Name, javax.naming.Context, java.util.Hashtable, javax.naming.directory.Attributes)#0&quot; }"/>
        </annotation>
    </item>
    <item name='javax.naming.spi.DirectoryManager java.lang.Object getObjectInstance(java.lang.Object, javax.naming.Name, javax.naming.Context, java.util.Hashtable&lt;?,?&gt;, javax.naming.directory.Attributes)'>
        <annotation name='com.intellij.inspections.tainted.annotation.equation.Equations'>
            <val val="{ &quot;getObjectInstance := refInfo&quot; }"/>
        </annotation>
    </item>
    <item name='javax.naming.spi.NamingManager'>
        <annotation name='com.intellij.inspections.tainted.annotation.equation.Equations'>
            <val val="{ &quot;NamingManager := #setObjectFactoryBuilder(javax.naming.spi.ObjectFactoryBuilder)#0 &amp; #setInitialContextFactoryBuilder(javax.naming.spi.InitialContextFactoryBuilder)#0&quot; }"/>
        </annotation>
    </item>
    <item name='javax.naming.spi.NamingManager NamingManager()'>
        <annotation name='com.intellij.inspections.tainted.annotation.equation.Equations'>
            <val val="{ &quot;NamingManager := NamingManager&quot; }"/>
        </annotation>
    </item>
    <item name='javax.naming.spi.NamingManager java.lang.Object createObjectFromFactories(java.lang.Object, javax.naming.Name, javax.naming.Context, java.util.Hashtable&lt;?,?&gt;)'>
        <annotation name='com.intellij.inspections.tainted.annotation.equation.Equations'>
            <val val="{ &quot;environment := #getObjectInstance(java.lang.Object, javax.naming.Name, javax.naming.Context, java.util.Hashtable)#3&quot;, &quot;name := #getObjectInstance(java.lang.Object, javax.naming.Name, javax.naming.Context, java.util.Hashtable)#1&quot;, &quot;nameCtx := #getObjectInstance(java.lang.Object, javax.naming.Name, javax.naming.Context, java.util.Hashtable)#2&quot;, &quot;obj := #getObjectInstance(java.lang.Object, javax.naming.Name, javax.naming.Context, java.util.Hashtable)#0&quot; }"/>
        </annotation>
    </item>
    <item name='javax.naming.spi.NamingManager java.lang.Object getObjectInstance(java.lang.Object, javax.naming.Name, javax.naming.Context, java.util.Hashtable&lt;?,?&gt;)'>
        <annotation name='com.intellij.inspections.tainted.annotation.equation.Equations'>
            <val val="{ &quot;nameCtx := #getContext(java.lang.Object, javax.naming.Name, javax.naming.Context, java.util.Hashtable)#2 &amp; #getResolver(java.lang.Object, javax.naming.Name, javax.naming.Context, java.util.Hashtable)#2&quot;, &quot;environment := #getContext(java.lang.Object, javax.naming.Name, javax.naming.Context, java.util.Hashtable)#3 &amp; #getResolver(java.lang.Object, javax.naming.Name, javax.naming.Context, java.util.Hashtable)#3&quot;, &quot;refInfo := #getContext(java.lang.Object, javax.naming.Name, javax.naming.Context, java.util.Hashtable)#0 &amp; #getResolver(java.lang.Object, javax.naming.Name, javax.naming.Context, java.util.Hashtable)#0&quot;, &quot;getObjectInstance := refInfo&quot;, &quot;name := #getContext(java.lang.Object, javax.naming.Name, javax.naming.Context, java.util.Hashtable)#1 &amp; #getResolver(java.lang.Object, javax.naming.Name, javax.naming.Context, java.util.Hashtable)#1&quot; }"/>
        </annotation>
    </item>
    <item name='javax.naming.spi.NamingManager java.lang.Object getStateToBind(java.lang.Object, javax.naming.Name, javax.naming.Context, java.util.Hashtable&lt;?,?&gt;)'>
        <annotation name='com.intellij.inspections.tainted.annotation.equation.Equations'>
            <val val="{ &quot;getStateToBind := obj&quot; }"/>
        </annotation>
    </item>
    <item name='javax.naming.spi.NamingManager java.lang.Object getURLObject(java.lang.String, java.lang.Object, javax.naming.Name, javax.naming.Context, java.util.Hashtable&lt;?,?&gt;)'>
        <annotation name='com.intellij.inspections.tainted.annotation.equation.Equations'>
            <val val="{ &quot;scheme := #getURLContext(java.lang.String, java.util.Hashtable)#0&quot;, &quot;environment := #processURL(java.lang.Object, javax.naming.Name, javax.naming.Context, java.util.Hashtable)#3 &amp; #getURLContext(java.lang.String, java.util.Hashtable)#1&quot;, &quot;nameCtx := #processURL(java.lang.Object, javax.naming.Name, javax.naming.Context, java.util.Hashtable)#2&quot;, &quot;name := #processURL(java.lang.Object, javax.naming.Name, javax.naming.Context, java.util.Hashtable)#1&quot;, &quot;urlInfo := #processURL(java.lang.Object, javax.naming.Name, javax.naming.Context, java.util.Hashtable)#0&quot; }"/>
        </annotation>
    </item>
    <item name='javax.naming.spi.NamingManager java.lang.Object processURL(java.lang.Object, javax.naming.Name, javax.naming.Context, java.util.Hashtable&lt;?,?&gt;)'>
        <annotation name='com.intellij.inspections.tainted.annotation.equation.Equations'>
            <val val="{ &quot;nameCtx := #processURLAddrs(javax.naming.Reference, javax.naming.Name, javax.naming.Context, java.util.Hashtable)#2&quot;, &quot;environment := #processURLAddrs(javax.naming.Reference, javax.naming.Name, javax.naming.Context, java.util.Hashtable)#3&quot;, &quot;name := #processURLAddrs(javax.naming.Reference, javax.naming.Name, javax.naming.Context, java.util.Hashtable)#1&quot; }"/>
        </annotation>
    </item>
    <item name='javax.naming.spi.NamingManager java.lang.Object processURLAddrs(javax.naming.Reference, javax.naming.Name, javax.naming.Context, java.util.Hashtable&lt;?,?&gt;)'>
        <annotation name='com.intellij.inspections.tainted.annotation.equation.Equations'>
            <val val="{ &quot;environment := #getObjectInstance(java.lang.Object, javax.naming.Name, javax.naming.Context, java.util.Hashtable)#3 &amp; DirectoryManager#getObjectInstance(java.lang.Object, javax.naming.Name, javax.naming.Context, java.util.Hashtable, javax.naming.directory.Attributes)#3&quot;, &quot;nameCtx := #getObjectInstance(java.lang.Object, javax.naming.Name, javax.naming.Context, java.util.Hashtable)#2 &amp; DirectoryManager#getObjectInstance(java.lang.Object, javax.naming.Name, javax.naming.Context, java.util.Hashtable, javax.naming.directory.Attributes)#2&quot;, &quot;ref := #getObjectInstance(java.lang.Object, javax.naming.Name, javax.naming.Context, java.util.Hashtable)#0 &amp; DirectoryManager#getObjectInstance(java.lang.Object, javax.naming.Name, javax.naming.Context, java.util.Hashtable, javax.naming.directory.Attributes)#0&quot;, &quot;name := #getObjectInstance(java.lang.Object, javax.naming.Name, javax.naming.Context, java.util.Hashtable)#1 &amp; DirectoryManager#getObjectInstance(java.lang.Object, javax.naming.Name, javax.naming.Context, java.util.Hashtable, javax.naming.directory.Attributes)#1&quot; }"/>
        </annotation>
    </item>
    <item name='javax.naming.spi.NamingManager java.lang.String getURLScheme(java.lang.String)'>
        <annotation name='com.intellij.inspections.tainted.annotation.equation.Equations'>
            <val val="{ &quot;str := #processURL(java.lang.Object, javax.naming.Name, javax.naming.Context, java.util.Hashtable)#0&quot; }"/>
        </annotation>
    </item>
    <item name='javax.naming.spi.NamingManager javax.naming.Context getContext(java.lang.Object, javax.naming.Name, javax.naming.Context, java.util.Hashtable&lt;?,?&gt;)'>
        <annotation name='com.intellij.inspections.tainted.annotation.equation.Equations'>
            <val val="{ &quot;environment := ContinuationContext &amp; ContinuationDirContext&quot;, &quot;getContext := obj&quot; }"/>
        </annotation>
    </item>
    <item name='javax.naming.spi.NamingManager javax.naming.Context getInitialContext(java.util.Hashtable&lt;?,?&gt;)'>
        <annotation name='com.intellij.inspections.tainted.annotation.equation.Equations'>
            <val val="{ &quot;env := javax.naming.InitialContext&quot; }"/>
        </annotation>
    </item>
    <item name='javax.naming.spi.NamingManager javax.naming.Context getURLContext(java.lang.String, java.util.Hashtable&lt;?,?&gt;)'>
        <annotation name='com.intellij.inspections.tainted.annotation.equation.Equations'>
            <val val="{ &quot;environment := javax.naming.InitialContext&quot; }"/>
        </annotation>
    </item>
    <item name='javax.naming.spi.NamingManager javax.naming.spi.InitialContextFactoryBuilder getInitialContextFactoryBuilder()'>
        <annotation name='com.intellij.inspections.tainted.annotation.equation.Equations'>
            <val val="{ &quot;getInitialContextFactoryBuilder := NamingManager&quot; }"/>
        </annotation>
    </item>
    <item name='javax.naming.spi.NamingManager javax.naming.spi.ObjectFactory getObjectFactoryFromReference(javax.naming.Reference, java.lang.String)'>
        <annotation name='com.intellij.inspections.tainted.annotation.equation.Equations'>
            <val val="{ &quot;ref := #getObjectInstance(java.lang.Object, javax.naming.Name, javax.naming.Context, java.util.Hashtable)#0 &amp; DirectoryManager#getObjectInstance(java.lang.Object, javax.naming.Name, javax.naming.Context, java.util.Hashtable, javax.naming.directory.Attributes)#0&quot; }"/>
        </annotation>
    </item>
    <item name='javax.naming.spi.NamingManager javax.naming.spi.ObjectFactoryBuilder getObjectFactoryBuilder()'>
        <annotation name='com.intellij.inspections.tainted.annotation.equation.Equations'>
            <val val="{ &quot;getObjectFactoryBuilder := NamingManager&quot; }"/>
        </annotation>
    </item>
    <item name='javax.naming.spi.NamingManager javax.naming.spi.Resolver getResolver(java.lang.Object, javax.naming.Name, javax.naming.Context, java.util.Hashtable&lt;?,?&gt;)'>
        <annotation name='com.intellij.inspections.tainted.annotation.equation.Equations'>
            <val val="{ &quot;environment := ContinuationContext&quot;, &quot;getResolver := obj&quot; }"/>
        </annotation>
    </item>
    <item name='javax.naming.spi.ResolveResult'>
        <annotation name='com.intellij.inspections.tainted.annotation.equation.Equations'>
            <val val="{ &quot;ResolveResult := #setResolvedObj(java.lang.Object)#0&quot; }"/>
        </annotation>
    </item>
    <item name='javax.naming.spi.ResolveResult ResolveResult()'>
        <annotation name='com.intellij.inspections.tainted.annotation.equation.Equations'>
            <val val="{ &quot;ResolveResult := ResolveResult&quot; }"/>
        </annotation>
    </item>
    <item name='javax.naming.spi.ResolveResult ResolveResult(java.lang.Object, java.lang.String)'>
        <annotation name='com.intellij.inspections.tainted.annotation.equation.Equations'>
            <val val="{ &quot;ResolveResult := ResolveResult&quot; }"/>
        </annotation>
    </item>
    <item name='javax.naming.spi.ResolveResult ResolveResult(java.lang.Object, javax.naming.Name)'>
        <annotation name='com.intellij.inspections.tainted.annotation.equation.Equations'>
            <val val="{ &quot;ResolveResult := ResolveResult&quot; }"/>
        </annotation>
    </item>
    <item name='javax.naming.spi.ResolveResult java.lang.Object getResolvedObj()'>
        <annotation name='com.intellij.inspections.tainted.annotation.equation.Equations'>
            <val val="{ &quot;getResolvedObj := ResolveResult&quot; }"/>
        </annotation>
    </item>
    <item name='javax.naming.spi.ResolveResult javax.naming.Name getRemainingName()'>
        <annotation name='com.intellij.inspections.tainted.annotation.equation.Equations'>
            <val val="{ &quot;getRemainingName := ResolveResult&quot; }"/>
        </annotation>
    </item>
    <item name='javax.naming.spi.ResolveResult void appendRemainingName(javax.naming.Name)'>
        <annotation name='com.intellij.inspections.tainted.annotation.equation.Equations'>
            <val val="{ &quot;name := &quot; }"/>
        </annotation>
    </item>
    <item name='javax.naming.spi.ResolveResult void setRemainingName(javax.naming.Name)'>
        <annotation name='com.intellij.inspections.tainted.annotation.equation.Equations'>
            <val val="{ &quot;name := #ResolveResult(java.lang.Object, javax.naming.Name)#1&quot; }"/>
        </annotation>
    </item>
    <item name='javax.naming.spi.Resolver javax.naming.spi.ResolveResult resolveToClass(java.lang.String, java.lang.Class&lt;? extends javax.naming.Context&gt;)'>
        <annotation name='com.intellij.inspections.tainted.annotation.equation.Equations'>
            <val val="{ &quot;resolveToClass := ContinuationContext#resolveToClass(java.lang.String, java.lang.Class)&quot;, &quot;name := ContinuationContext#resolveToClass(java.lang.String, java.lang.Class)#0&quot;, &quot;contextType := ContinuationContext#resolveToClass(java.lang.String, java.lang.Class)#1&quot; }"/>
        </annotation>
    </item>
    <item name='javax.naming.spi.Resolver javax.naming.spi.ResolveResult resolveToClass(javax.naming.Name, java.lang.Class&lt;? extends javax.naming.Context&gt;)'>
        <annotation name='com.intellij.inspections.tainted.annotation.equation.Equations'>
            <val val="{ &quot;resolveToClass := ContinuationContext#resolveToClass(javax.naming.Name, java.lang.Class)&quot;, &quot;contextType := ContinuationContext#resolveToClass(javax.naming.Name, java.lang.Class)#1&quot;, &quot;name := ContinuationDirContext#getTargetContext(javax.naming.Name)#0 &amp; ContinuationContext#resolveToClass(javax.naming.Name, java.lang.Class)#0&quot; }"/>
        </annotation>
    </item>
</root>