<root>
    <item name='com.sun.org.apache.xml.internal.resolver.tools.CatalogResolver'>
        <annotation name='com.intellij.inspections.tainted.annotation.equation.Equations'>
            <val val="{ &quot;CatalogResolver := &quot; }"/>
        </annotation>
    </item>
    <item name='com.sun.org.apache.xml.internal.resolver.tools.CatalogResolver CatalogResolver()'>
        <annotation name='com.intellij.inspections.tainted.annotation.equation.Equations'>
            <val val="{ &quot;CatalogResolver := CatalogResolver&quot; }"/>
        </annotation>
    </item>
    <item name='com.sun.org.apache.xml.internal.resolver.tools.CatalogResolver CatalogResolver(boolean)'>
        <annotation name='com.intellij.inspections.tainted.annotation.equation.Equations'>
            <val val="{ &quot;CatalogResolver := CatalogResolver&quot; }"/>
        </annotation>
    </item>
    <item name='com.sun.org.apache.xml.internal.resolver.tools.CatalogResolver CatalogResolver(com.sun.org.apache.xml.internal.resolver.CatalogManager)'>
        <annotation name='com.intellij.inspections.tainted.annotation.equation.Equations'>
            <val val="{ &quot;manager := ResolvingParser &amp; ResolvingXMLFilter&quot;, &quot;CatalogResolver := CatalogResolver&quot; }"/>
        </annotation>
    </item>
    <item name='com.sun.org.apache.xml.internal.resolver.tools.CatalogResolver com.sun.org.apache.xml.internal.resolver.Catalog getCatalog()'>
        <annotation name='com.intellij.inspections.tainted.annotation.equation.Equations'>
            <val val="{ &quot;getCatalog := CatalogResolver&quot; }"/>
        </annotation>
    </item>
    <item name='com.sun.org.apache.xml.internal.resolver.tools.CatalogResolver java.lang.String getResolvedEntity(java.lang.String, java.lang.String)'>
        <annotation name='com.intellij.inspections.tainted.annotation.equation.Equations'>
            <val val="{ &quot;systemId := #resolveEntity(java.lang.String, java.lang.String)#1 &amp; ResolvingParser#resolveEntity(java.lang.String, java.lang.String)#1 &amp; ResolvingXMLFilter#resolveEntity(java.lang.String, java.lang.String)#1&quot;, &quot;publicId := #resolveEntity(java.lang.String, java.lang.String)#0 &amp; ResolvingParser#resolveEntity(java.lang.String, java.lang.String)#0 &amp; ResolvingXMLFilter#resolveEntity(java.lang.String, java.lang.String)#0&quot; }"/>
        </annotation>
    </item>
    <item name='com.sun.org.apache.xml.internal.resolver.tools.CatalogResolver java.lang.String makeAbsolute(java.lang.String)'>
        <annotation name='com.intellij.inspections.tainted.annotation.equation.Equations'>
            <val val="{ &quot;makeAbsolute := uri&quot;, &quot;uri := #resolve(java.lang.String, java.lang.String)#1&quot; }"/>
        </annotation>
    </item>
    <item name='com.sun.org.apache.xml.internal.resolver.tools.ResolvingParser'>
        <annotation name='com.intellij.inspections.tainted.annotation.equation.Equations'>
            <val val="{ &quot;ResolvingParser := #setDocumentHandler(org.xml.sax.DocumentHandler)#0 &amp; #setDTDHandler(org.xml.sax.DTDHandler)#0&quot; }"/>
        </annotation>
    </item>
    <item name='com.sun.org.apache.xml.internal.resolver.tools.ResolvingParser ResolvingParser()'>
        <annotation name='com.intellij.inspections.tainted.annotation.equation.Equations'>
            <val val="{ &quot;ResolvingParser := ResolvingParser&quot; }"/>
        </annotation>
    </item>
    <item name='com.sun.org.apache.xml.internal.resolver.tools.ResolvingParser ResolvingParser(com.sun.org.apache.xml.internal.resolver.CatalogManager)'>
        <annotation name='com.intellij.inspections.tainted.annotation.equation.Equations'>
            <val val="{ &quot;ResolvingParser := ResolvingParser&quot; }"/>
        </annotation>
    </item>
    <item name='com.sun.org.apache.xml.internal.resolver.tools.ResolvingParser void explain(java.lang.String)'>
        <annotation name='com.intellij.inspections.tainted.annotation.equation.Equations'>
            <val val="{ &quot;systemId := #parse(java.lang.String)#0&quot; }"/>
        </annotation>
    </item>
    <item name='com.sun.org.apache.xml.internal.resolver.tools.ResolvingParser void setupParse(java.lang.String)'>
        <annotation name='com.intellij.inspections.tainted.annotation.equation.Equations'>
            <val val="{ &quot;systemId := #parse(java.lang.String)#0&quot; }"/>
        </annotation>
    </item>
    <item name='com.sun.org.apache.xml.internal.resolver.tools.ResolvingXMLFilter'>
        <annotation name='com.intellij.inspections.tainted.annotation.equation.Equations'>
            <val val="{ &quot;ResolvingXMLFilter := &quot; }"/>
        </annotation>
    </item>
    <item name='com.sun.org.apache.xml.internal.resolver.tools.ResolvingXMLFilter ResolvingXMLFilter()'>
        <annotation name='com.intellij.inspections.tainted.annotation.equation.Equations'>
            <val val="{ &quot;ResolvingXMLFilter := ResolvingXMLFilter&quot; }"/>
        </annotation>
    </item>
    <item name='com.sun.org.apache.xml.internal.resolver.tools.ResolvingXMLFilter ResolvingXMLFilter(com.sun.org.apache.xml.internal.resolver.CatalogManager)'>
        <annotation name='com.intellij.inspections.tainted.annotation.equation.Equations'>
            <val val="{ &quot;manager := ResolvingXMLReader#ResolvingXMLReader(com.sun.org.apache.xml.internal.resolver.CatalogManager)#0&quot;, &quot;ResolvingXMLFilter := ResolvingXMLFilter&quot; }"/>
        </annotation>
    </item>
    <item name='com.sun.org.apache.xml.internal.resolver.tools.ResolvingXMLFilter ResolvingXMLFilter(org.xml.sax.XMLReader)'>
        <annotation name='com.intellij.inspections.tainted.annotation.equation.Equations'>
            <val val="{ &quot;ResolvingXMLFilter := ResolvingXMLFilter&quot; }"/>
        </annotation>
    </item>
    <item name='com.sun.org.apache.xml.internal.resolver.tools.ResolvingXMLFilter ResolvingXMLFilter(org.xml.sax.XMLReader, com.sun.org.apache.xml.internal.resolver.CatalogManager)'>
        <annotation name='com.intellij.inspections.tainted.annotation.equation.Equations'>
            <val val="{ &quot;ResolvingXMLFilter := ResolvingXMLFilter&quot; }"/>
        </annotation>
    </item>
    <item name='com.sun.org.apache.xml.internal.resolver.tools.ResolvingXMLFilter void explain(java.lang.String)'>
        <annotation name='com.intellij.inspections.tainted.annotation.equation.Equations'>
            <val val="{ &quot;systemId := #parse(java.lang.String)#0&quot; }"/>
        </annotation>
    </item>
    <item name='com.sun.org.apache.xml.internal.resolver.tools.ResolvingXMLFilter void setupBaseURI(java.lang.String)'>
        <annotation name='com.intellij.inspections.tainted.annotation.equation.Equations'>
            <val val="{ &quot;systemId := #parse(java.lang.String)#0&quot; }"/>
        </annotation>
    </item>
    <item name='com.sun.org.apache.xml.internal.resolver.tools.ResolvingXMLReader ResolvingXMLReader(com.sun.org.apache.xml.internal.resolver.CatalogManager)'>
        <annotation name='com.intellij.inspections.tainted.annotation.equation.Equations'>
            <val val="{ &quot;ResolvingXMLReader := ResolvingXMLReader&quot; }"/>
        </annotation>
    </item>
</root>