<root>
    <item name='sun.text.normalizer.ICUBinary.Authenticate boolean isDataVersionAcceptable(byte[])'>
        <annotation name='com.intellij.inspections.tainted.annotation.equation.Equations'>
            <val val="{ &quot;bytes := UCharacterPropertyReader#isDataVersionAcceptable(byte[])#0 &amp; NormalizerDataReader#isDataVersionAcceptable(byte[])#0 &amp; UBiDiProps.IsAcceptable#isDataVersionAcceptable(byte[])#0 &amp; sun.net.idn.StringPrepDataReader#isDataVersionAcceptable(byte[])#0&quot; }"/>
        </annotation>
    </item>
    <item name='sun.text.normalizer.RangeValueIterator boolean next(sun.text.normalizer.RangeValueIterator.Element)'>
        <annotation name='com.intellij.inspections.tainted.annotation.equation.Equations'>
            <val val="{ &quot;element := TrieIterator#next(sun.text.normalizer.RangeValueIterator.Element)#0&quot; }"/>
        </annotation>
    </item>
    <item name='sun.text.normalizer.Replaceable char charAt(int)'>
        <annotation name='com.intellij.inspections.tainted.annotation.equation.Equations'>
            <val val="{ &quot;i := ReplaceableString#charAt(int)#0&quot;, &quot;charAt := ReplaceableString#charAt(int)&quot; }"/>
        </annotation>
    </item>
    <item name='sun.text.normalizer.Replaceable int length()'>
        <annotation name='com.intellij.inspections.tainted.annotation.equation.Equations'>
            <val val="{ &quot;length := ReplaceableString#length()&quot; }"/>
        </annotation>
    </item>
    <item name='sun.text.normalizer.Replaceable void getChars(int, int, char[], int)'>
        <annotation name='com.intellij.inspections.tainted.annotation.equation.Equations'>
            <val val="{ &quot;i := ReplaceableString#getChars(int, int, char[], int)#0&quot;, &quot;i1 := ReplaceableString#getChars(int, int, char[], int)#1&quot;, &quot;chars := ReplaceableString#getChars(int, int, char[], int)#2&quot;, &quot;i2 := ReplaceableString#getChars(int, int, char[], int)#3&quot; }"/>
        </annotation>
    </item>
    <item name='sun.text.normalizer.Trie'>
        <annotation name='com.intellij.inspections.tainted.annotation.equation.Equations'>
            <val val="{ &quot;Trie := CharTrie &amp; IntTrie&quot; }"/>
        </annotation>
    </item>
    <item name='sun.text.normalizer.Trie int getInitialValue()'>
        <annotation name='com.intellij.inspections.tainted.annotation.equation.Equations'>
            <val val="{ &quot;getInitialValue := CharTrie#getInitialValue() &amp; IntTrie#getInitialValue()&quot; }"/>
        </annotation>
    </item>
    <item name='sun.text.normalizer.Trie int getSurrogateOffset(char, char)'>
        <annotation name='com.intellij.inspections.tainted.annotation.equation.Equations'>
            <val val="{ &quot;c := CharTrie#getSurrogateOffset(char, char)#0 &amp; IntTrie#getSurrogateOffset(char, char)#0&quot;, &quot;getSurrogateOffset := CharTrie#getSurrogateOffset(char, char) &amp; IntTrie#getSurrogateOffset(char, char)&quot;, &quot;c1 := CharTrie#getSurrogateOffset(char, char)#1 &amp; IntTrie#getSurrogateOffset(char, char)#1&quot; }"/>
        </annotation>
    </item>
    <item name='sun.text.normalizer.Trie int getValue(int)'>
        <annotation name='com.intellij.inspections.tainted.annotation.equation.Equations'>
            <val val="{ &quot;i := CharTrie#getValue(int)#0 &amp; IntTrie#getValue(int)#0&quot;, &quot;getValue := CharTrie#getValue(int) &amp; IntTrie#getValue(int)&quot; }"/>
        </annotation>
    </item>
    <item name='sun.text.normalizer.Trie void unserialize(java.io.InputStream)'>
        <annotation name='com.intellij.inspections.tainted.annotation.equation.Equations'>
            <val val="{ &quot;inputStream := CharTrie#unserialize(java.io.InputStream)#0 &amp; IntTrie#unserialize(java.io.InputStream)#0&quot; }"/>
        </annotation>
    </item>
    <item name='sun.text.normalizer.Trie.DataManipulate int getFoldingOffset(int)'>
        <annotation name='com.intellij.inspections.tainted.annotation.equation.Equations'>
            <val val="{ &quot;i := NormalizerImpl.AuxTrieImpl#getFoldingOffset(int)#0 &amp; NormalizerImpl.FCDTrieImpl#getFoldingOffset(int)#0 &amp; NormalizerImpl.NormTrieImpl#getFoldingOffset(int)#0 &amp; sun.net.idn.StringPrep.StringPrepTrieImpl#getFoldingOffset(int)#0&quot;, &quot;getFoldingOffset := NormalizerImpl.AuxTrieImpl#getFoldingOffset(int) &amp; NormalizerImpl.FCDTrieImpl#getFoldingOffset(int) &amp; NormalizerImpl.NormTrieImpl#getFoldingOffset(int) &amp; sun.net.idn.StringPrep.StringPrepTrieImpl#getFoldingOffset(int)&quot; }"/>
        </annotation>
    </item>
    <item name='sun.text.normalizer.UCharacterIterator'>
        <annotation name='com.intellij.inspections.tainted.annotation.equation.Equations'>
            <val val="{ &quot;UCharacterIterator := ReplaceableUCharacterIterator &amp; CharacterIteratorWrapper&quot; }"/>
        </annotation>
    </item>
    <item name='sun.text.normalizer.UCharacterIterator int current()'>
        <annotation name='com.intellij.inspections.tainted.annotation.equation.Equations'>
            <val val="{ &quot;current := ReplaceableUCharacterIterator#current() &amp; CharacterIteratorWrapper#current()&quot; }"/>
        </annotation>
    </item>
    <item name='sun.text.normalizer.UCharacterIterator int getIndex()'>
        <annotation name='com.intellij.inspections.tainted.annotation.equation.Equations'>
            <val val="{ &quot;getIndex := ReplaceableUCharacterIterator#getIndex() &amp; CharacterIteratorWrapper#getIndex()&quot; }"/>
        </annotation>
    </item>
    <item name='sun.text.normalizer.UCharacterIterator int getLength()'>
        <annotation name='com.intellij.inspections.tainted.annotation.equation.Equations'>
            <val val="{ &quot;getLength := ReplaceableUCharacterIterator#getLength() &amp; CharacterIteratorWrapper#getLength()&quot; }"/>
        </annotation>
    </item>
    <item name='sun.text.normalizer.UCharacterIterator int getText(char[], int)'>
        <annotation name='com.intellij.inspections.tainted.annotation.equation.Equations'>
            <val val="{ &quot;chars := ReplaceableUCharacterIterator#getText(char[], int)#0 &amp; CharacterIteratorWrapper#getText(char[], int)#0&quot;, &quot;getText := ReplaceableUCharacterIterator#getText(char[], int) &amp; CharacterIteratorWrapper#getText(char[], int)&quot;, &quot;i := ReplaceableUCharacterIterator#getText(char[], int)#1 &amp; CharacterIteratorWrapper#getText(char[], int)#1&quot; }"/>
        </annotation>
    </item>
    <item name='sun.text.normalizer.UCharacterIterator int next()'>
        <annotation name='com.intellij.inspections.tainted.annotation.equation.Equations'>
            <val val="{ &quot;next := ReplaceableUCharacterIterator#next() &amp; CharacterIteratorWrapper#next()&quot; }"/>
        </annotation>
    </item>
    <item name='sun.text.normalizer.UCharacterIterator int previous()'>
        <annotation name='com.intellij.inspections.tainted.annotation.equation.Equations'>
            <val val="{ &quot;previous := ReplaceableUCharacterIterator#previous() &amp; CharacterIteratorWrapper#previous()&quot; }"/>
        </annotation>
    </item>
    <item name='sun.text.normalizer.UCharacterIterator java.lang.Object clone()'>
        <annotation name='com.intellij.inspections.tainted.annotation.equation.Equations'>
            <val val="{ &quot;clone := ReplaceableUCharacterIterator#clone() &amp; CharacterIteratorWrapper#clone()&quot; }"/>
        </annotation>
    </item>
    <item name='sun.text.normalizer.UCharacterIterator void setIndex(int)'>
        <annotation name='com.intellij.inspections.tainted.annotation.equation.Equations'>
            <val val="{ &quot;i := CharacterIteratorWrapper#setIndex(int)#0 &amp; ReplaceableUCharacterIterator#setIndex(int)#0&quot; }"/>
        </annotation>
    </item>
</root>