<root>
    <item name='org.slf4j.ILoggerFactory org.slf4j.Logger getLogger(java.lang.String)'>
        <annotation name='com.intellij.inspections.tainted.annotation.equation.Equations'>
            <val val="{ &quot;name := org.slf4j.helpers.SubstituteLoggerFactory#getLogger(java.lang.String)#0 &amp; org.slf4j.helpers.SubstituteLoggerFactory#getLogger(java.lang.String)#0 &amp; org.slf4j.helpers.NOPLoggerFactory#getLogger(java.lang.String)#0&quot;, &quot;getLogger := org.slf4j.helpers.SubstituteLoggerFactory#getLogger(java.lang.String) &amp; org.slf4j.helpers.SubstituteLoggerFactory#getLogger(java.lang.String) &amp; org.slf4j.helpers.NOPLoggerFactory#getLogger(java.lang.String)&quot; }"/>
        </annotation>
    </item>
    <item name='org.slf4j.Logger boolean isDebugEnabled(org.slf4j.Marker)'>
        <annotation name='com.intellij.inspections.tainted.annotation.equation.Equations'>
            <val val="{ &quot;marker := org.slf4j.helpers.SubstituteLogger#isDebugEnabled(org.slf4j.Marker)#0 &amp; org.slf4j.event.EventRecodingLogger#isDebugEnabled(org.slf4j.Marker)#0&quot; }"/>
        </annotation>
    </item>
    <item name='org.slf4j.Logger boolean isErrorEnabled(org.slf4j.Marker)'>
        <annotation name='com.intellij.inspections.tainted.annotation.equation.Equations'>
            <val val="{ &quot;marker := org.slf4j.helpers.SubstituteLogger#isErrorEnabled(org.slf4j.Marker)#0&quot; }"/>
        </annotation>
    </item>
    <item name='org.slf4j.Logger boolean isInfoEnabled(org.slf4j.Marker)'>
        <annotation name='com.intellij.inspections.tainted.annotation.equation.Equations'>
            <val val="{ &quot;marker := org.slf4j.helpers.SubstituteLogger#isInfoEnabled(org.slf4j.Marker)#0&quot; }"/>
        </annotation>
    </item>
    <item name='org.slf4j.Logger boolean isTraceEnabled(org.slf4j.Marker)'>
        <annotation name='com.intellij.inspections.tainted.annotation.equation.Equations'>
            <val val="{ &quot;marker := org.slf4j.helpers.SubstituteLogger#isTraceEnabled(org.slf4j.Marker)#0&quot; }"/>
        </annotation>
    </item>
    <item name='org.slf4j.Logger boolean isWarnEnabled(org.slf4j.Marker)'>
        <annotation name='com.intellij.inspections.tainted.annotation.equation.Equations'>
            <val val="{ &quot;marker := org.slf4j.helpers.SubstituteLogger#isWarnEnabled(org.slf4j.Marker)#0 &amp; org.slf4j.event.EventRecodingLogger#isWarnEnabled(org.slf4j.Marker)#0 &amp; org.gradle.internal.logging.slf4j.OutputEventListenerBackedLoggerContext.NoOpLogger#isWarnEnabled(org.slf4j.Marker)#0 &amp; org.gradle.internal.logging.slf4j.OutputEventListenerBackedLogger#isWarnEnabled(org.slf4j.Marker)#0&quot; }"/>
        </annotation>
    </item>
    <item name='org.slf4j.Logger java.lang.String getName()'>
        <annotation name='com.intellij.inspections.tainted.annotation.equation.Equations'>
            <val val="{ &quot;getName := org.slf4j.helpers.SubstituteLogger#getName() &amp; org.slf4j.helpers.NamedLoggerBase#getName() &amp; org.slf4j.event.EventRecodingLogger#getName() &amp; org.gradle.internal.logging.slf4j.OutputEventListenerBackedLoggerContext.NoOpLogger#getName() &amp; org.gradle.internal.logging.slf4j.OutputEventListenerBackedLogger#getName()&quot; }"/>
        </annotation>
    </item>
    <item name='org.slf4j.Logger void debug(java.lang.String)'>
        <annotation name='com.intellij.inspections.tainted.annotation.equation.Equations'>
            <val val="{ &quot;s := org.slf4j.helpers.NOPLogger#debug(java.lang.String)#0 &amp; org.slf4j.helpers.SubstituteLogger#debug(java.lang.String)#0 &amp; org.slf4j.event.EventRecodingLogger#debug(java.lang.String)#0 &amp; org.gradle.internal.logging.slf4j.OutputEventListenerBackedLoggerContext.NoOpLogger#debug(java.lang.String)#0 &amp; org.gradle.internal.logging.slf4j.OutputEventListenerBackedLogger#debug(java.lang.String)#0&quot; }"/>
        </annotation>
    </item>
    <item name='org.slf4j.Logger void debug(java.lang.String, java.lang.Object)'>
        <annotation name='com.intellij.inspections.tainted.annotation.equation.Equations'>
            <val val="{ &quot;format := org.slf4j.helpers.SubstituteLogger#debug(java.lang.String, java.lang.Object)#0&quot;, &quot;arg := net.sf.ehcache.CacheManager#parseConfiguration(java.lang.String, java.net.URL, java.io.InputStream)#0 &amp; net.sf.ehcache.config.ConfigurationFactory#parseConfiguration(java.io.File)#0 &amp; net.sf.ehcache.config.ConfigurationFactory#parseConfiguration(java.net.URL)#0 &amp; com.zaxxer.hikari.HikariConfig &amp; net.sf.ehcache.transaction.xa.EhcacheXAResourceImpl#forget(javax.transaction.xa.Xid)#0 &amp; net.sf.ehcache.transaction.xa.EhcacheXAResourceImpl#commitInternal(javax.transaction.xa.Xid, boolean)#0 &amp; net.sf.ehcache.transaction.xa.EhcacheXAResourceImpl#prepare(javax.transaction.xa.Xid)#0 &amp; net.sf.ehcache.transaction.xa.EhcacheXAResourceImpl#rollback(javax.transaction.xa.Xid)#0 &amp; net.sf.ehcache.transaction.xa.EhcacheXAResourceImpl &amp; net.sf.ehcache.Cache#load(java.lang.Object)#0 &amp; net.sf.ehcache.transaction.local.LocalTransactionContext &amp; net.sf.ehcache.statistics.extended.StandardOperationStatistic &amp; net.sf.ehcache.statistics.extended.StandardPassThroughStatistic &amp; org.slf4j.helpers.SubstituteLogger#debug(java.lang.String, java.lang.Object)#1 &amp; net.sf.ehcache.config.BeanHandler#setAttribute(net.sf.ehcache.config.BeanHandler.ElementInfo, java.lang.String, java.lang.String)#1&quot; }"/>
        </annotation>
    </item>
    <item name='org.slf4j.Logger void debug(java.lang.String, java.lang.Object, java.lang.Object)'>
        <annotation name='com.intellij.inspections.tainted.annotation.equation.Equations'>
            <val val="{ &quot;arg1 := org.slf4j.helpers.SubstituteLogger#debug(java.lang.String, java.lang.Object, java.lang.Object)#1 &amp; org.slf4j.event.EventRecodingLogger#debug(java.lang.String, java.lang.Object, java.lang.Object)#1 &amp; org.slf4j.impl.SimpleLogger#debug(java.lang.String, java.lang.Object, java.lang.Object)#1 &amp; org.slf4j.helpers.NOPLogger#debug(java.lang.String, java.lang.Object, java.lang.Object)#1&quot;, &quot;arg2 := org.slf4j.helpers.SubstituteLogger#debug(java.lang.String, java.lang.Object, java.lang.Object)#2 &amp; org.slf4j.event.EventRecodingLogger#debug(java.lang.String, java.lang.Object, java.lang.Object)#2 &amp; org.slf4j.impl.SimpleLogger#debug(java.lang.String, java.lang.Object, java.lang.Object)#2 &amp; org.slf4j.helpers.NOPLogger#debug(java.lang.String, java.lang.Object, java.lang.Object)#2&quot;, &quot;format := org.slf4j.helpers.SubstituteLogger#debug(java.lang.String, java.lang.Object, java.lang.Object)#0 &amp; org.slf4j.event.EventRecodingLogger#debug(java.lang.String, java.lang.Object, java.lang.Object)#0 &amp; org.slf4j.impl.SimpleLogger#debug(java.lang.String, java.lang.Object, java.lang.Object)#0 &amp; org.slf4j.helpers.NOPLogger#debug(java.lang.String, java.lang.Object, java.lang.Object)#0&quot; }"/>
        </annotation>
    </item>
    <item name='org.slf4j.Logger void debug(java.lang.String, java.lang.Object...)'>
        <annotation name='com.intellij.inspections.tainted.annotation.equation.Equations'>
            <val val="{ &quot;objects := org.slf4j.helpers.NOPLogger#debug(java.lang.String, java.lang.Object...)#1 &amp; org.slf4j.helpers.SubstituteLogger#debug(java.lang.String, java.lang.Object...)#1 &amp; org.slf4j.event.EventRecodingLogger#debug(java.lang.String, java.lang.Object...)#1 &amp; org.gradle.api.logging.Logger#debug(java.lang.String, java.lang.Object...)#1&quot;, &quot;s := org.slf4j.helpers.NOPLogger#debug(java.lang.String, java.lang.Object...)#0 &amp; org.slf4j.helpers.SubstituteLogger#debug(java.lang.String, java.lang.Object...)#0 &amp; org.slf4j.event.EventRecodingLogger#debug(java.lang.String, java.lang.Object...)#0 &amp; org.gradle.api.logging.Logger#debug(java.lang.String, java.lang.Object...)#0&quot; }"/>
        </annotation>
    </item>
    <item name='org.slf4j.Logger void debug(java.lang.String, java.lang.Object[])'>
        <annotation name='com.intellij.inspections.tainted.annotation.equation.Equations'>
            <val val="{ &quot;format := org.slf4j.helpers.NOPLogger#debug(java.lang.String, java.lang.Object[])#0&quot;, &quot;argArray := org.slf4j.helpers.NOPLogger#debug(java.lang.String, java.lang.Object[])#1&quot; }"/>
        </annotation>
    </item>
    <item name='org.slf4j.Logger void debug(java.lang.String, java.lang.Throwable)'>
        <annotation name='com.intellij.inspections.tainted.annotation.equation.Equations'>
            <val val="{ &quot;t := org.slf4j.helpers.SubstituteLogger#debug(java.lang.String, java.lang.Throwable)#1 &amp; org.slf4j.helpers.NOPLogger#debug(java.lang.String, java.lang.Throwable)#1&quot;, &quot;msg := org.slf4j.helpers.SubstituteLogger#debug(java.lang.String, java.lang.Throwable)#0 &amp; org.slf4j.helpers.NOPLogger#debug(java.lang.String, java.lang.Throwable)#0&quot; }"/>
        </annotation>
    </item>
    <item name='org.slf4j.Logger void debug(org.slf4j.Marker, java.lang.String)'>
        <annotation name='com.intellij.inspections.tainted.annotation.equation.Equations'>
            <val val="{ &quot;marker := org.slf4j.helpers.SubstituteLogger#debug(org.slf4j.Marker, java.lang.String)#0 &amp; org.slf4j.event.EventRecodingLogger#debug(org.slf4j.Marker, java.lang.String)#0 &amp; org.gradle.internal.logging.slf4j.OutputEventListenerBackedLoggerContext.NoOpLogger#debug(org.slf4j.Marker, java.lang.String)#0 &amp; org.gradle.internal.logging.slf4j.OutputEventListenerBackedLogger#debug(org.slf4j.Marker, java.lang.String)#0&quot;, &quot;s := org.slf4j.helpers.SubstituteLogger#debug(org.slf4j.Marker, java.lang.String)#1 &amp; org.slf4j.event.EventRecodingLogger#debug(org.slf4j.Marker, java.lang.String)#1 &amp; org.gradle.internal.logging.slf4j.OutputEventListenerBackedLoggerContext.NoOpLogger#debug(org.slf4j.Marker, java.lang.String)#1 &amp; org.gradle.internal.logging.slf4j.OutputEventListenerBackedLogger#debug(org.slf4j.Marker, java.lang.String)#1&quot; }"/>
        </annotation>
    </item>
    <item name='org.slf4j.Logger void debug(org.slf4j.Marker, java.lang.String, java.lang.Object)'>
        <annotation name='com.intellij.inspections.tainted.annotation.equation.Equations'>
            <val val="{ &quot;marker := org.slf4j.helpers.SubstituteLogger#debug(org.slf4j.Marker, java.lang.String, java.lang.Object)#0&quot;, &quot;arg := org.slf4j.helpers.SubstituteLogger#debug(org.slf4j.Marker, java.lang.String, java.lang.Object)#2&quot;, &quot;format := org.slf4j.helpers.SubstituteLogger#debug(org.slf4j.Marker, java.lang.String, java.lang.Object)#1&quot; }"/>
        </annotation>
    </item>
    <item name='org.slf4j.Logger void debug(org.slf4j.Marker, java.lang.String, java.lang.Object, java.lang.Object)'>
        <annotation name='com.intellij.inspections.tainted.annotation.equation.Equations'>
            <val val="{ &quot;marker := org.slf4j.helpers.SubstituteLogger#debug(org.slf4j.Marker, java.lang.String, java.lang.Object, java.lang.Object)#0&quot;, &quot;format := org.slf4j.helpers.SubstituteLogger#debug(org.slf4j.Marker, java.lang.String, java.lang.Object, java.lang.Object)#1&quot;, &quot;arg2 := org.slf4j.helpers.SubstituteLogger#debug(org.slf4j.Marker, java.lang.String, java.lang.Object, java.lang.Object)#3&quot;, &quot;arg1 := org.slf4j.helpers.SubstituteLogger#debug(org.slf4j.Marker, java.lang.String, java.lang.Object, java.lang.Object)#2&quot; }"/>
        </annotation>
    </item>
    <item name='org.slf4j.Logger void debug(org.slf4j.Marker, java.lang.String, java.lang.Object...)'>
        <annotation name='com.intellij.inspections.tainted.annotation.equation.Equations'>
            <val val="{ &quot;format := org.slf4j.helpers.SubstituteLogger#debug(org.slf4j.Marker, java.lang.String, java.lang.Object...)#1&quot;, &quot;arguments := org.slf4j.helpers.SubstituteLogger#debug(org.slf4j.Marker, java.lang.String, java.lang.Object...)#2&quot;, &quot;marker := org.slf4j.helpers.SubstituteLogger#debug(org.slf4j.Marker, java.lang.String, java.lang.Object...)#0&quot; }"/>
        </annotation>
    </item>
    <item name='org.slf4j.Logger void debug(org.slf4j.Marker, java.lang.String, java.lang.Throwable)'>
        <annotation name='com.intellij.inspections.tainted.annotation.equation.Equations'>
            <val val="{ &quot;marker := org.slf4j.helpers.SubstituteLogger#debug(org.slf4j.Marker, java.lang.String, java.lang.Throwable)#0&quot;, &quot;t := org.slf4j.helpers.SubstituteLogger#debug(org.slf4j.Marker, java.lang.String, java.lang.Throwable)#2&quot;, &quot;msg := org.slf4j.helpers.SubstituteLogger#debug(org.slf4j.Marker, java.lang.String, java.lang.Throwable)#1&quot; }"/>
        </annotation>
    </item>
    <item name='org.slf4j.Logger void error(java.lang.String)'>
        <annotation name='com.intellij.inspections.tainted.annotation.equation.Equations'>
            <val val="{ &quot;msg := org.slf4j.helpers.SubstituteLogger#error(java.lang.String)#0&quot; }"/>
        </annotation>
    </item>
    <item name='org.slf4j.Logger void error(java.lang.String, java.lang.Object)'>
        <annotation name='com.intellij.inspections.tainted.annotation.equation.Equations'>
            <val val="{ &quot;format := org.slf4j.helpers.SubstituteLogger#error(java.lang.String, java.lang.Object)#0 &amp; org.slf4j.helpers.NOPLogger#error(java.lang.String, java.lang.Object)#0&quot;, &quot;arg := org.slf4j.helpers.SubstituteLogger#error(java.lang.String, java.lang.Object)#1 &amp; org.slf4j.helpers.NOPLogger#error(java.lang.String, java.lang.Object)#1&quot; }"/>
        </annotation>
    </item>
    <item name='org.slf4j.Logger void error(java.lang.String, java.lang.Object, java.lang.Object)'>
        <annotation name='com.intellij.inspections.tainted.annotation.equation.Equations'>
            <val val="{ &quot;arg2 := org.slf4j.helpers.SubstituteLogger#error(java.lang.String, java.lang.Object, java.lang.Object)#2 &amp; org.slf4j.impl.SimpleLogger#error(java.lang.String, java.lang.Object, java.lang.Object)#2 &amp; org.slf4j.event.EventRecodingLogger#error(java.lang.String, java.lang.Object, java.lang.Object)#2 &amp; org.slf4j.helpers.NOPLogger#error(java.lang.String, java.lang.Object, java.lang.Object)#2&quot;, &quot;format := org.slf4j.helpers.SubstituteLogger#error(java.lang.String, java.lang.Object, java.lang.Object)#0 &amp; org.slf4j.impl.SimpleLogger#error(java.lang.String, java.lang.Object, java.lang.Object)#0 &amp; org.slf4j.event.EventRecodingLogger#error(java.lang.String, java.lang.Object, java.lang.Object)#0 &amp; org.slf4j.helpers.NOPLogger#error(java.lang.String, java.lang.Object, java.lang.Object)#0&quot;, &quot;arg1 := org.slf4j.helpers.SubstituteLogger#error(java.lang.String, java.lang.Object, java.lang.Object)#1 &amp; org.slf4j.impl.SimpleLogger#error(java.lang.String, java.lang.Object, java.lang.Object)#1 &amp; org.slf4j.event.EventRecodingLogger#error(java.lang.String, java.lang.Object, java.lang.Object)#1 &amp; org.slf4j.helpers.NOPLogger#error(java.lang.String, java.lang.Object, java.lang.Object)#1&quot; }"/>
        </annotation>
    </item>
    <item name='org.slf4j.Logger void error(java.lang.String, java.lang.Object...)'>
        <annotation name='com.intellij.inspections.tainted.annotation.equation.Equations'>
            <val val="{ &quot;arguments := org.slf4j.helpers.SubstituteLogger#error(java.lang.String, java.lang.Object...)#1 &amp; org.slf4j.impl.SimpleLogger#error(java.lang.String, java.lang.Object[])#1 &amp; org.slf4j.event.EventRecodingLogger#error(java.lang.String, java.lang.Object...)#1 &amp; org.slf4j.helpers.NOPLogger#error(java.lang.String, java.lang.Object...)#1&quot;, &quot;format := org.slf4j.helpers.SubstituteLogger#error(java.lang.String, java.lang.Object...)#0 &amp; org.slf4j.impl.SimpleLogger#error(java.lang.String, java.lang.Object[])#0 &amp; org.slf4j.event.EventRecodingLogger#error(java.lang.String, java.lang.Object...)#0 &amp; org.slf4j.helpers.NOPLogger#error(java.lang.String, java.lang.Object...)#0&quot; }"/>
        </annotation>
    </item>
    <item name='org.slf4j.Logger void error(java.lang.String, java.lang.Object[])'>
        <annotation name='com.intellij.inspections.tainted.annotation.equation.Equations'>
            <val val="{ &quot;format := org.slf4j.helpers.NOPLogger#error(java.lang.String, java.lang.Object[])#0&quot;, &quot;argArray := org.slf4j.helpers.NOPLogger#error(java.lang.String, java.lang.Object[])#1&quot; }"/>
        </annotation>
    </item>
    <item name='org.slf4j.Logger void error(java.lang.String, java.lang.Throwable)'>
        <annotation name='com.intellij.inspections.tainted.annotation.equation.Equations'>
            <val val="{ &quot;s := org.slf4j.helpers.NOPLogger#error(java.lang.String, java.lang.Throwable)#0 &amp; org.slf4j.helpers.SubstituteLogger#error(java.lang.String, java.lang.Throwable)#0 &amp; org.slf4j.event.EventRecodingLogger#error(java.lang.String, java.lang.Throwable)#0 &amp; org.gradle.internal.logging.slf4j.OutputEventListenerBackedLoggerContext.NoOpLogger#error(java.lang.String, java.lang.Throwable)#0 &amp; org.gradle.internal.logging.slf4j.OutputEventListenerBackedLogger#error(java.lang.String, java.lang.Throwable)#0&quot;, &quot;throwable := org.slf4j.helpers.NOPLogger#error(java.lang.String, java.lang.Throwable)#1 &amp; org.slf4j.helpers.SubstituteLogger#error(java.lang.String, java.lang.Throwable)#1 &amp; org.slf4j.event.EventRecodingLogger#error(java.lang.String, java.lang.Throwable)#1 &amp; org.gradle.internal.logging.slf4j.OutputEventListenerBackedLoggerContext.NoOpLogger#error(java.lang.String, java.lang.Throwable)#1 &amp; org.gradle.internal.logging.slf4j.OutputEventListenerBackedLogger#error(java.lang.String, java.lang.Throwable)#1&quot; }"/>
        </annotation>
    </item>
    <item name='org.slf4j.Logger void error(org.slf4j.Marker, java.lang.String)'>
        <annotation name='com.intellij.inspections.tainted.annotation.equation.Equations'>
            <val val="{ &quot;marker := org.slf4j.helpers.SubstituteLogger#error(org.slf4j.Marker, java.lang.String)#0&quot;, &quot;msg := org.slf4j.helpers.SubstituteLogger#error(org.slf4j.Marker, java.lang.String)#1&quot; }"/>
        </annotation>
    </item>
    <item name='org.slf4j.Logger void error(org.slf4j.Marker, java.lang.String, java.lang.Object)'>
        <annotation name='com.intellij.inspections.tainted.annotation.equation.Equations'>
            <val val="{ &quot;marker := org.slf4j.helpers.SubstituteLogger#error(org.slf4j.Marker, java.lang.String, java.lang.Object)#0 &amp; org.slf4j.event.EventRecodingLogger#error(org.slf4j.Marker, java.lang.String, java.lang.Object)#0&quot;, &quot;format := org.slf4j.helpers.SubstituteLogger#error(org.slf4j.Marker, java.lang.String, java.lang.Object)#1 &amp; org.slf4j.event.EventRecodingLogger#error(org.slf4j.Marker, java.lang.String, java.lang.Object)#1&quot;, &quot;arg := org.slf4j.helpers.SubstituteLogger#error(org.slf4j.Marker, java.lang.String, java.lang.Object)#2 &amp; org.slf4j.event.EventRecodingLogger#error(org.slf4j.Marker, java.lang.String, java.lang.Object)#2&quot; }"/>
        </annotation>
    </item>
    <item name='org.slf4j.Logger void error(org.slf4j.Marker, java.lang.String, java.lang.Object, java.lang.Object)'>
        <annotation name='com.intellij.inspections.tainted.annotation.equation.Equations'>
            <val val="{ &quot;arg2 := org.slf4j.helpers.SubstituteLogger#error(org.slf4j.Marker, java.lang.String, java.lang.Object, java.lang.Object)#3&quot;, &quot;marker := org.slf4j.helpers.SubstituteLogger#error(org.slf4j.Marker, java.lang.String, java.lang.Object, java.lang.Object)#0&quot;, &quot;arg1 := org.slf4j.helpers.SubstituteLogger#error(org.slf4j.Marker, java.lang.String, java.lang.Object, java.lang.Object)#2&quot;, &quot;format := org.slf4j.helpers.SubstituteLogger#error(org.slf4j.Marker, java.lang.String, java.lang.Object, java.lang.Object)#1&quot; }"/>
        </annotation>
    </item>
    <item name='org.slf4j.Logger void error(org.slf4j.Marker, java.lang.String, java.lang.Object...)'>
        <annotation name='com.intellij.inspections.tainted.annotation.equation.Equations'>
            <val val="{ &quot;marker := org.slf4j.helpers.SubstituteLogger#error(org.slf4j.Marker, java.lang.String, java.lang.Object...)#0 &amp; org.slf4j.event.EventRecodingLogger#error(org.slf4j.Marker, java.lang.String, java.lang.Object...)#0&quot;, &quot;arguments := org.slf4j.helpers.SubstituteLogger#error(org.slf4j.Marker, java.lang.String, java.lang.Object...)#2 &amp; org.slf4j.event.EventRecodingLogger#error(org.slf4j.Marker, java.lang.String, java.lang.Object...)#2&quot;, &quot;format := org.slf4j.helpers.SubstituteLogger#error(org.slf4j.Marker, java.lang.String, java.lang.Object...)#1 &amp; org.slf4j.event.EventRecodingLogger#error(org.slf4j.Marker, java.lang.String, java.lang.Object...)#1&quot; }"/>
        </annotation>
    </item>
    <item name='org.slf4j.Logger void error(org.slf4j.Marker, java.lang.String, java.lang.Throwable)'>
        <annotation name='com.intellij.inspections.tainted.annotation.equation.Equations'>
            <val val="{ &quot;msg := org.slf4j.helpers.SubstituteLogger#error(org.slf4j.Marker, java.lang.String, java.lang.Throwable)#1&quot;, &quot;marker := org.slf4j.helpers.SubstituteLogger#error(org.slf4j.Marker, java.lang.String, java.lang.Throwable)#0&quot;, &quot;t := org.slf4j.helpers.SubstituteLogger#error(org.slf4j.Marker, java.lang.String, java.lang.Throwable)#2&quot; }"/>
        </annotation>
    </item>
    <item name='org.slf4j.Logger void info(java.lang.String)'>
        <annotation name='com.intellij.inspections.tainted.annotation.equation.Equations'>
            <val val="{ &quot;msg := org.slf4j.helpers.SubstituteLogger#info(java.lang.String)#0&quot; }"/>
        </annotation>
    </item>
    <item name='org.slf4j.Logger void info(java.lang.String, java.lang.Object)'>
        <annotation name='com.intellij.inspections.tainted.annotation.equation.Equations'>
            <val val="{ &quot;format := org.slf4j.helpers.SubstituteLogger#info(java.lang.String, java.lang.Object)#0 &amp; org.slf4j.helpers.NOPLogger#info(java.lang.String, java.lang.Object)#0&quot;, &quot;arg := org.slf4j.helpers.SubstituteLogger#info(java.lang.String, java.lang.Object)#1 &amp; org.slf4j.helpers.NOPLogger#info(java.lang.String, java.lang.Object)#1&quot; }"/>
        </annotation>
    </item>
    <item name='org.slf4j.Logger void info(java.lang.String, java.lang.Object, java.lang.Object)'>
        <annotation name='com.intellij.inspections.tainted.annotation.equation.Equations'>
            <val val="{ &quot;arg1 := org.slf4j.helpers.NOPLogger#info(java.lang.String, java.lang.Object, java.lang.Object)#1&quot;, &quot;format := org.slf4j.helpers.NOPLogger#info(java.lang.String, java.lang.Object, java.lang.Object)#0&quot;, &quot;arg2 := org.slf4j.helpers.NOPLogger#info(java.lang.String, java.lang.Object, java.lang.Object)#2&quot; }"/>
        </annotation>
    </item>
    <item name='org.slf4j.Logger void info(java.lang.String, java.lang.Object...)'>
        <annotation name='com.intellij.inspections.tainted.annotation.equation.Equations'>
            <val val="{ &quot;format := org.slf4j.helpers.SubstituteLogger#info(java.lang.String, java.lang.Object...)#0 &amp; org.slf4j.event.EventRecodingLogger#info(java.lang.String, java.lang.Object...)#0 &amp; org.slf4j.impl.SimpleLogger#info(java.lang.String, java.lang.Object[])#0 &amp; org.slf4j.helpers.NOPLogger#info(java.lang.String, java.lang.Object...)#0&quot;, &quot;arguments := org.slf4j.helpers.SubstituteLogger#info(java.lang.String, java.lang.Object...)#1 &amp; org.slf4j.event.EventRecodingLogger#info(java.lang.String, java.lang.Object...)#1 &amp; org.slf4j.impl.SimpleLogger#info(java.lang.String, java.lang.Object[])#1 &amp; org.slf4j.helpers.NOPLogger#info(java.lang.String, java.lang.Object...)#1&quot; }"/>
        </annotation>
    </item>
    <item name='org.slf4j.Logger void info(java.lang.String, java.lang.Object[])'>
        <annotation name='com.intellij.inspections.tainted.annotation.equation.Equations'>
            <val val="{ &quot;format := org.slf4j.helpers.NOPLogger#info(java.lang.String, java.lang.Object[])#0&quot;, &quot;argArray := org.slf4j.helpers.NOPLogger#info(java.lang.String, java.lang.Object[])#1&quot; }"/>
        </annotation>
    </item>
    <item name='org.slf4j.Logger void info(java.lang.String, java.lang.Throwable)'>
        <annotation name='com.intellij.inspections.tainted.annotation.equation.Equations'>
            <val val="{ &quot;t := net.sf.ehcache.terracotta.TerracottaClient#info(java.lang.String, java.lang.Throwable)#1 &amp; org.slf4j.helpers.SubstituteLogger#info(java.lang.String, java.lang.Throwable)#1&quot;, &quot;msg := net.sf.ehcache.terracotta.TerracottaClient#info(java.lang.String, java.lang.Throwable)#0 &amp; org.slf4j.helpers.SubstituteLogger#info(java.lang.String, java.lang.Throwable)#0&quot; }"/>
        </annotation>
    </item>
    <item name='org.slf4j.Logger void info(org.slf4j.Marker, java.lang.String)'>
        <annotation name='com.intellij.inspections.tainted.annotation.equation.Equations'>
            <val val="{ &quot;s := org.slf4j.helpers.SubstituteLogger#info(org.slf4j.Marker, java.lang.String)#1 &amp; org.slf4j.event.EventRecodingLogger#info(org.slf4j.Marker, java.lang.String)#1 &amp; org.gradle.internal.logging.slf4j.OutputEventListenerBackedLoggerContext.NoOpLogger#info(org.slf4j.Marker, java.lang.String)#1 &amp; org.gradle.internal.logging.slf4j.OutputEventListenerBackedLogger#info(org.slf4j.Marker, java.lang.String)#1&quot;, &quot;marker := org.slf4j.helpers.SubstituteLogger#info(org.slf4j.Marker, java.lang.String)#0 &amp; org.slf4j.event.EventRecodingLogger#info(org.slf4j.Marker, java.lang.String)#0 &amp; org.gradle.internal.logging.slf4j.OutputEventListenerBackedLoggerContext.NoOpLogger#info(org.slf4j.Marker, java.lang.String)#0 &amp; org.gradle.internal.logging.slf4j.OutputEventListenerBackedLogger#info(org.slf4j.Marker, java.lang.String)#0&quot; }"/>
        </annotation>
    </item>
    <item name='org.slf4j.Logger void info(org.slf4j.Marker, java.lang.String, java.lang.Object)'>
        <annotation name='com.intellij.inspections.tainted.annotation.equation.Equations'>
            <val val="{ &quot;marker := org.slf4j.helpers.SubstituteLogger#info(org.slf4j.Marker, java.lang.String, java.lang.Object)#0&quot;, &quot;format := org.slf4j.helpers.SubstituteLogger#info(org.slf4j.Marker, java.lang.String, java.lang.Object)#1&quot;, &quot;arg := org.slf4j.helpers.SubstituteLogger#info(org.slf4j.Marker, java.lang.String, java.lang.Object)#2&quot; }"/>
        </annotation>
    </item>
    <item name='org.slf4j.Logger void info(org.slf4j.Marker, java.lang.String, java.lang.Object, java.lang.Object)'>
        <annotation name='com.intellij.inspections.tainted.annotation.equation.Equations'>
            <val val="{ &quot;o1 := org.slf4j.helpers.SubstituteLogger#info(org.slf4j.Marker, java.lang.String, java.lang.Object, java.lang.Object)#3 &amp; org.slf4j.event.EventRecodingLogger#info(org.slf4j.Marker, java.lang.String, java.lang.Object, java.lang.Object)#3 &amp; org.gradle.internal.logging.slf4j.OutputEventListenerBackedLoggerContext.NoOpLogger#info(org.slf4j.Marker, java.lang.String, java.lang.Object, java.lang.Object)#3 &amp; org.gradle.internal.logging.slf4j.OutputEventListenerBackedLogger#info(org.slf4j.Marker, java.lang.String, java.lang.Object, java.lang.Object)#3&quot;, &quot;o := org.slf4j.helpers.SubstituteLogger#info(org.slf4j.Marker, java.lang.String, java.lang.Object, java.lang.Object)#2 &amp; org.slf4j.event.EventRecodingLogger#info(org.slf4j.Marker, java.lang.String, java.lang.Object, java.lang.Object)#2 &amp; org.gradle.internal.logging.slf4j.OutputEventListenerBackedLoggerContext.NoOpLogger#info(org.slf4j.Marker, java.lang.String, java.lang.Object, java.lang.Object)#2 &amp; org.gradle.internal.logging.slf4j.OutputEventListenerBackedLogger#info(org.slf4j.Marker, java.lang.String, java.lang.Object, java.lang.Object)#2&quot;, &quot;s := org.slf4j.helpers.SubstituteLogger#info(org.slf4j.Marker, java.lang.String, java.lang.Object, java.lang.Object)#1 &amp; org.slf4j.event.EventRecodingLogger#info(org.slf4j.Marker, java.lang.String, java.lang.Object, java.lang.Object)#1 &amp; org.gradle.internal.logging.slf4j.OutputEventListenerBackedLoggerContext.NoOpLogger#info(org.slf4j.Marker, java.lang.String, java.lang.Object, java.lang.Object)#1 &amp; org.gradle.internal.logging.slf4j.OutputEventListenerBackedLogger#info(org.slf4j.Marker, java.lang.String, java.lang.Object, java.lang.Object)#1&quot;, &quot;marker := org.slf4j.helpers.SubstituteLogger#info(org.slf4j.Marker, java.lang.String, java.lang.Object, java.lang.Object)#0 &amp; org.slf4j.event.EventRecodingLogger#info(org.slf4j.Marker, java.lang.String, java.lang.Object, java.lang.Object)#0 &amp; org.gradle.internal.logging.slf4j.OutputEventListenerBackedLoggerContext.NoOpLogger#info(org.slf4j.Marker, java.lang.String, java.lang.Object, java.lang.Object)#0 &amp; org.gradle.internal.logging.slf4j.OutputEventListenerBackedLogger#info(org.slf4j.Marker, java.lang.String, java.lang.Object, java.lang.Object)#0&quot; }"/>
        </annotation>
    </item>
    <item name='org.slf4j.Logger void info(org.slf4j.Marker, java.lang.String, java.lang.Object...)'>
        <annotation name='com.intellij.inspections.tainted.annotation.equation.Equations'>
            <val val="{ &quot;marker := org.slf4j.helpers.SubstituteLogger#info(org.slf4j.Marker, java.lang.String, java.lang.Object...)#0 &amp; org.slf4j.event.EventRecodingLogger#info(org.slf4j.Marker, java.lang.String, java.lang.Object...)#0 &amp; org.gradle.internal.logging.slf4j.OutputEventListenerBackedLoggerContext.NoOpLogger#info(org.slf4j.Marker, java.lang.String, java.lang.Object...)#0 &amp; org.gradle.internal.logging.slf4j.OutputEventListenerBackedLogger#info(org.slf4j.Marker, java.lang.String, java.lang.Object...)#0&quot;, &quot;s := org.slf4j.helpers.SubstituteLogger#info(org.slf4j.Marker, java.lang.String, java.lang.Object...)#1 &amp; org.slf4j.event.EventRecodingLogger#info(org.slf4j.Marker, java.lang.String, java.lang.Object...)#1 &amp; org.gradle.internal.logging.slf4j.OutputEventListenerBackedLoggerContext.NoOpLogger#info(org.slf4j.Marker, java.lang.String, java.lang.Object...)#1 &amp; org.gradle.internal.logging.slf4j.OutputEventListenerBackedLogger#info(org.slf4j.Marker, java.lang.String, java.lang.Object...)#1&quot;, &quot;objects := org.slf4j.helpers.SubstituteLogger#info(org.slf4j.Marker, java.lang.String, java.lang.Object...)#2 &amp; org.slf4j.event.EventRecodingLogger#info(org.slf4j.Marker, java.lang.String, java.lang.Object...)#2 &amp; org.gradle.internal.logging.slf4j.OutputEventListenerBackedLoggerContext.NoOpLogger#info(org.slf4j.Marker, java.lang.String, java.lang.Object...)#2 &amp; org.gradle.internal.logging.slf4j.OutputEventListenerBackedLogger#info(org.slf4j.Marker, java.lang.String, java.lang.Object...)#2&quot; }"/>
        </annotation>
    </item>
    <item name='org.slf4j.Logger void info(org.slf4j.Marker, java.lang.String, java.lang.Throwable)'>
        <annotation name='com.intellij.inspections.tainted.annotation.equation.Equations'>
            <val val="{ &quot;t := org.slf4j.helpers.SubstituteLogger#info(org.slf4j.Marker, java.lang.String, java.lang.Throwable)#2&quot;, &quot;msg := org.slf4j.helpers.SubstituteLogger#info(org.slf4j.Marker, java.lang.String, java.lang.Throwable)#1&quot;, &quot;marker := org.slf4j.helpers.SubstituteLogger#info(org.slf4j.Marker, java.lang.String, java.lang.Throwable)#0&quot; }"/>
        </annotation>
    </item>
    <item name='org.slf4j.Logger void trace(java.lang.String)'>
        <annotation name='com.intellij.inspections.tainted.annotation.equation.Equations'>
            <val val="{ &quot;msg := org.slf4j.helpers.SubstituteLogger#trace(java.lang.String)#0&quot; }"/>
        </annotation>
    </item>
    <item name='org.slf4j.Logger void trace(java.lang.String, java.lang.Object)'>
        <annotation name='com.intellij.inspections.tainted.annotation.equation.Equations'>
            <val val="{ &quot;o := org.slf4j.helpers.SubstituteLogger#trace(java.lang.String, java.lang.Object)#1 &amp; org.slf4j.helpers.NOPLogger#trace(java.lang.String, java.lang.Object)#1 &amp; org.slf4j.event.EventRecodingLogger#trace(java.lang.String, java.lang.Object)#1 &amp; org.gradle.internal.logging.slf4j.OutputEventListenerBackedLoggerContext.NoOpLogger#trace(java.lang.String, java.lang.Object)#1 &amp; org.gradle.internal.logging.slf4j.OutputEventListenerBackedLogger#trace(java.lang.String, java.lang.Object)#1&quot;, &quot;s := org.slf4j.helpers.SubstituteLogger#trace(java.lang.String, java.lang.Object)#0 &amp; org.slf4j.helpers.NOPLogger#trace(java.lang.String, java.lang.Object)#0 &amp; org.slf4j.event.EventRecodingLogger#trace(java.lang.String, java.lang.Object)#0 &amp; org.gradle.internal.logging.slf4j.OutputEventListenerBackedLoggerContext.NoOpLogger#trace(java.lang.String, java.lang.Object)#0 &amp; org.gradle.internal.logging.slf4j.OutputEventListenerBackedLogger#trace(java.lang.String, java.lang.Object)#0&quot; }"/>
        </annotation>
    </item>
    <item name='org.slf4j.Logger void trace(java.lang.String, java.lang.Object, java.lang.Object)'>
        <annotation name='com.intellij.inspections.tainted.annotation.equation.Equations'>
            <val val="{ &quot;format := org.slf4j.helpers.SubstituteLogger#trace(java.lang.String, java.lang.Object, java.lang.Object)#0&quot;, &quot;arg2 := org.slf4j.helpers.SubstituteLogger#trace(java.lang.String, java.lang.Object, java.lang.Object)#2&quot;, &quot;arg1 := org.slf4j.helpers.SubstituteLogger#trace(java.lang.String, java.lang.Object, java.lang.Object)#1&quot; }"/>
        </annotation>
    </item>
    <item name='org.slf4j.Logger void trace(java.lang.String, java.lang.Object...)'>
        <annotation name='com.intellij.inspections.tainted.annotation.equation.Equations'>
            <val val="{ &quot;format := org.slf4j.helpers.SubstituteLogger#trace(java.lang.String, java.lang.Object...)#0 &amp; org.slf4j.event.EventRecodingLogger#trace(java.lang.String, java.lang.Object...)#0 &amp; org.slf4j.impl.SimpleLogger#trace(java.lang.String, java.lang.Object[])#0 &amp; org.slf4j.helpers.NOPLogger#trace(java.lang.String, java.lang.Object...)#0&quot;, &quot;arguments := org.slf4j.helpers.SubstituteLogger#trace(java.lang.String, java.lang.Object...)#1 &amp; org.slf4j.event.EventRecodingLogger#trace(java.lang.String, java.lang.Object...)#1 &amp; org.slf4j.impl.SimpleLogger#trace(java.lang.String, java.lang.Object[])#1 &amp; org.slf4j.helpers.NOPLogger#trace(java.lang.String, java.lang.Object...)#1&quot; }"/>
        </annotation>
    </item>
    <item name='org.slf4j.Logger void trace(java.lang.String, java.lang.Object[])'>
        <annotation name='com.intellij.inspections.tainted.annotation.equation.Equations'>
            <val val="{ &quot;argArray := org.slf4j.helpers.NOPLogger#trace(java.lang.String, java.lang.Object[])#1&quot;, &quot;format := org.slf4j.helpers.NOPLogger#trace(java.lang.String, java.lang.Object[])#0&quot; }"/>
        </annotation>
    </item>
    <item name='org.slf4j.Logger void trace(java.lang.String, java.lang.Throwable)'>
        <annotation name='com.intellij.inspections.tainted.annotation.equation.Equations'>
            <val val="{ &quot;t := org.slf4j.helpers.SubstituteLogger#trace(java.lang.String, java.lang.Throwable)#1 &amp; org.slf4j.event.EventRecodingLogger#trace(java.lang.String, java.lang.Throwable)#1 &amp; org.slf4j.impl.SimpleLogger#trace(java.lang.String, java.lang.Throwable)#1 &amp; org.slf4j.helpers.NOPLogger#trace(java.lang.String, java.lang.Throwable)#1&quot;, &quot;msg := org.slf4j.helpers.SubstituteLogger#trace(java.lang.String, java.lang.Throwable)#0 &amp; org.slf4j.event.EventRecodingLogger#trace(java.lang.String, java.lang.Throwable)#0 &amp; org.slf4j.impl.SimpleLogger#trace(java.lang.String, java.lang.Throwable)#0 &amp; org.slf4j.helpers.NOPLogger#trace(java.lang.String, java.lang.Throwable)#0&quot; }"/>
        </annotation>
    </item>
    <item name='org.slf4j.Logger void trace(org.slf4j.Marker, java.lang.String)'>
        <annotation name='com.intellij.inspections.tainted.annotation.equation.Equations'>
            <val val="{ &quot;msg := org.slf4j.helpers.SubstituteLogger#trace(org.slf4j.Marker, java.lang.String)#1&quot;, &quot;marker := org.slf4j.helpers.SubstituteLogger#trace(org.slf4j.Marker, java.lang.String)#0&quot; }"/>
        </annotation>
    </item>
    <item name='org.slf4j.Logger void trace(org.slf4j.Marker, java.lang.String, java.lang.Object)'>
        <annotation name='com.intellij.inspections.tainted.annotation.equation.Equations'>
            <val val="{ &quot;format := org.slf4j.helpers.SubstituteLogger#trace(org.slf4j.Marker, java.lang.String, java.lang.Object)#1 &amp; org.slf4j.event.EventRecodingLogger#trace(org.slf4j.Marker, java.lang.String, java.lang.Object)#1&quot;, &quot;marker := org.slf4j.helpers.SubstituteLogger#trace(org.slf4j.Marker, java.lang.String, java.lang.Object)#0 &amp; org.slf4j.event.EventRecodingLogger#trace(org.slf4j.Marker, java.lang.String, java.lang.Object)#0&quot;, &quot;arg := org.slf4j.helpers.SubstituteLogger#trace(org.slf4j.Marker, java.lang.String, java.lang.Object)#2 &amp; org.slf4j.event.EventRecodingLogger#trace(org.slf4j.Marker, java.lang.String, java.lang.Object)#2&quot; }"/>
        </annotation>
    </item>
    <item name='org.slf4j.Logger void trace(org.slf4j.Marker, java.lang.String, java.lang.Object, java.lang.Object)'>
        <annotation name='com.intellij.inspections.tainted.annotation.equation.Equations'>
            <val val="{ &quot;arg2 := org.slf4j.helpers.SubstituteLogger#trace(org.slf4j.Marker, java.lang.String, java.lang.Object, java.lang.Object)#3&quot;, &quot;arg1 := org.slf4j.helpers.SubstituteLogger#trace(org.slf4j.Marker, java.lang.String, java.lang.Object, java.lang.Object)#2&quot;, &quot;format := org.slf4j.helpers.SubstituteLogger#trace(org.slf4j.Marker, java.lang.String, java.lang.Object, java.lang.Object)#1&quot;, &quot;marker := org.slf4j.helpers.SubstituteLogger#trace(org.slf4j.Marker, java.lang.String, java.lang.Object, java.lang.Object)#0&quot; }"/>
        </annotation>
    </item>
    <item name='org.slf4j.Logger void trace(org.slf4j.Marker, java.lang.String, java.lang.Object...)'>
        <annotation name='com.intellij.inspections.tainted.annotation.equation.Equations'>
            <val val="{ &quot;marker := org.slf4j.helpers.SubstituteLogger#trace(org.slf4j.Marker, java.lang.String, java.lang.Object...)#0 &amp; org.slf4j.event.EventRecodingLogger#trace(org.slf4j.Marker, java.lang.String, java.lang.Object...)#0 &amp; org.gradle.internal.logging.slf4j.OutputEventListenerBackedLoggerContext.NoOpLogger#trace(org.slf4j.Marker, java.lang.String, java.lang.Object...)#0 &amp; org.gradle.internal.logging.slf4j.OutputEventListenerBackedLogger#trace(org.slf4j.Marker, java.lang.String, java.lang.Object...)#0&quot;, &quot;objects := org.slf4j.helpers.SubstituteLogger#trace(org.slf4j.Marker, java.lang.String, java.lang.Object...)#2 &amp; org.slf4j.event.EventRecodingLogger#trace(org.slf4j.Marker, java.lang.String, java.lang.Object...)#2 &amp; org.gradle.internal.logging.slf4j.OutputEventListenerBackedLoggerContext.NoOpLogger#trace(org.slf4j.Marker, java.lang.String, java.lang.Object...)#2 &amp; org.gradle.internal.logging.slf4j.OutputEventListenerBackedLogger#trace(org.slf4j.Marker, java.lang.String, java.lang.Object...)#2&quot;, &quot;s := org.slf4j.helpers.SubstituteLogger#trace(org.slf4j.Marker, java.lang.String, java.lang.Object...)#1 &amp; org.slf4j.event.EventRecodingLogger#trace(org.slf4j.Marker, java.lang.String, java.lang.Object...)#1 &amp; org.gradle.internal.logging.slf4j.OutputEventListenerBackedLoggerContext.NoOpLogger#trace(org.slf4j.Marker, java.lang.String, java.lang.Object...)#1 &amp; org.gradle.internal.logging.slf4j.OutputEventListenerBackedLogger#trace(org.slf4j.Marker, java.lang.String, java.lang.Object...)#1&quot; }"/>
        </annotation>
    </item>
    <item name='org.slf4j.Logger void trace(org.slf4j.Marker, java.lang.String, java.lang.Throwable)'>
        <annotation name='com.intellij.inspections.tainted.annotation.equation.Equations'>
            <val val="{ &quot;msg := org.slf4j.helpers.SubstituteLogger#trace(org.slf4j.Marker, java.lang.String, java.lang.Throwable)#1&quot;, &quot;t := org.slf4j.helpers.SubstituteLogger#trace(org.slf4j.Marker, java.lang.String, java.lang.Throwable)#2&quot;, &quot;marker := org.slf4j.helpers.SubstituteLogger#trace(org.slf4j.Marker, java.lang.String, java.lang.Throwable)#0&quot; }"/>
        </annotation>
    </item>
    <item name='org.slf4j.Logger void warn(java.lang.String)'>
        <annotation name='com.intellij.inspections.tainted.annotation.equation.Equations'>
            <val val="{ &quot;msg := net.sf.ehcache.terracotta.TerracottaClient#warn(java.lang.String)#0 &amp; net.sf.ehcache.DiskStorePathManager &amp; net.sf.ehcache.config.CacheConfiguration#MINIMUM_RECOMMENDED_IN_MEMORY &amp; net.sf.ehcache.Cache#NET_SF_EHCACHE_DISABLED &amp; org.slf4j.helpers.SubstituteLogger#warn(java.lang.String)#0 &amp; net.sf.ehcache.pool.sizeof.AgentSizeOf#BYPASS_LOADING&quot; }"/>
        </annotation>
    </item>
    <item name='org.slf4j.Logger void warn(java.lang.String, java.lang.Object)'>
        <annotation name='com.intellij.inspections.tainted.annotation.equation.Equations'>
            <val val="{ &quot;format := org.slf4j.helpers.SubstituteLogger#warn(java.lang.String, java.lang.Object)#0&quot;, &quot;arg := com.zaxxer.hikari.util.ConcurrentBag#remove(com.zaxxer.hikari.util.ConcurrentBag.IConcurrentBagEntry)#0 &amp; com.zaxxer.hikari.util.ConcurrentBag#unreserve(com.zaxxer.hikari.util.ConcurrentBag.IConcurrentBagEntry)#0 &amp; com.zaxxer.hikari.pool.PoolBase &amp; com.zaxxer.hikari.HikariConfig &amp; net.sf.ehcache.store.MemoryStoreEvictionPolicy#fromString(java.lang.String)#0 &amp; com.zaxxer.hikari.util.DriverDataSource#DriverDataSource(java.lang.String, java.lang.String, java.util.Properties, java.lang.String, java.lang.String)#1 &amp; org.slf4j.helpers.SubstituteLogger#warn(java.lang.String, java.lang.Object)#1 &amp; net.sf.ehcache.pool.impl.DefaultSizeOfEngine#sizeOf(java.lang.Object, java.lang.Object, java.lang.Object)#0 &amp; net.sf.ehcache.pool.impl.DefaultSizeOfEngine#sizeOf(java.lang.Object, java.lang.Object, java.lang.Object)#1 &amp; net.sf.ehcache.pool.impl.DefaultSizeOfEngine#sizeOf(java.lang.Object, java.lang.Object, java.lang.Object)#2&quot; }"/>
        </annotation>
    </item>
    <item name='org.slf4j.Logger void warn(java.lang.String, java.lang.Object, java.lang.Object)'>
        <annotation name='com.intellij.inspections.tainted.annotation.equation.Equations'>
            <val val="{ &quot;format := org.slf4j.helpers.SubstituteLogger#warn(java.lang.String, java.lang.Object, java.lang.Object)#0&quot;, &quot;arg1 := org.slf4j.helpers.SubstituteLogger#warn(java.lang.String, java.lang.Object, java.lang.Object)#1 &amp; org.vibur.dbcp.util.JdbcUtils#quietClose(java.sql.Statement)#0 &amp; org.vibur.dbcp.util.JdbcUtils#quietClose(java.sql.Connection)#0 &amp; org.vibur.dbcp.util.JdbcUtils#quietClose(java.sql.ResultSet)#0&quot;, &quot;arg2 := org.slf4j.helpers.SubstituteLogger#warn(java.lang.String, java.lang.Object, java.lang.Object)#2&quot; }"/>
        </annotation>
    </item>
    <item name='org.slf4j.Logger void warn(java.lang.String, java.lang.Object...)'>
        <annotation name='com.intellij.inspections.tainted.annotation.equation.Equations'>
            <val val="{ &quot;objects := org.slf4j.helpers.NOPLogger#warn(java.lang.String, java.lang.Object...)#1 &amp; org.slf4j.helpers.SubstituteLogger#warn(java.lang.String, java.lang.Object...)#1 &amp; org.slf4j.event.EventRecodingLogger#warn(java.lang.String, java.lang.Object...)#1 &amp; org.gradle.internal.logging.slf4j.OutputEventListenerBackedLoggerContext.NoOpLogger#warn(java.lang.String, java.lang.Object...)#1 &amp; org.gradle.internal.logging.slf4j.OutputEventListenerBackedLogger#warn(java.lang.String, java.lang.Object...)#1&quot;, &quot;s := org.slf4j.helpers.NOPLogger#warn(java.lang.String, java.lang.Object...)#0 &amp; org.slf4j.helpers.SubstituteLogger#warn(java.lang.String, java.lang.Object...)#0 &amp; org.slf4j.event.EventRecodingLogger#warn(java.lang.String, java.lang.Object...)#0 &amp; org.gradle.internal.logging.slf4j.OutputEventListenerBackedLoggerContext.NoOpLogger#warn(java.lang.String, java.lang.Object...)#0 &amp; org.gradle.internal.logging.slf4j.OutputEventListenerBackedLogger#warn(java.lang.String, java.lang.Object...)#0&quot; }"/>
        </annotation>
    </item>
    <item name='org.slf4j.Logger void warn(java.lang.String, java.lang.Object[])'>
        <annotation name='com.intellij.inspections.tainted.annotation.equation.Equations'>
            <val val="{ &quot;argArray := org.slf4j.helpers.NOPLogger#warn(java.lang.String, java.lang.Object[])#1&quot;, &quot;format := org.slf4j.helpers.NOPLogger#warn(java.lang.String, java.lang.Object[])#0&quot; }"/>
        </annotation>
    </item>
    <item name='org.slf4j.Logger void warn(java.lang.String, java.lang.Throwable)'>
        <annotation name='com.intellij.inspections.tainted.annotation.equation.Equations'>
            <val val="{ &quot;msg := org.slf4j.helpers.SubstituteLogger#warn(java.lang.String, java.lang.Throwable)#0 &amp; org.slf4j.helpers.NOPLogger#warn(java.lang.String, java.lang.Throwable)#0&quot;, &quot;t := org.slf4j.helpers.SubstituteLogger#warn(java.lang.String, java.lang.Throwable)#1 &amp; org.slf4j.helpers.NOPLogger#warn(java.lang.String, java.lang.Throwable)#1&quot; }"/>
        </annotation>
    </item>
    <item name='org.slf4j.Logger void warn(org.slf4j.Marker, java.lang.String)'>
        <annotation name='com.intellij.inspections.tainted.annotation.equation.Equations'>
            <val val="{ &quot;msg := org.slf4j.helpers.SubstituteLogger#warn(org.slf4j.Marker, java.lang.String)#1&quot;, &quot;marker := org.slf4j.helpers.SubstituteLogger#warn(org.slf4j.Marker, java.lang.String)#0&quot; }"/>
        </annotation>
    </item>
    <item name='org.slf4j.Logger void warn(org.slf4j.Marker, java.lang.String, java.lang.Object)'>
        <annotation name='com.intellij.inspections.tainted.annotation.equation.Equations'>
            <val val="{ &quot;o := org.slf4j.helpers.SubstituteLogger#warn(org.slf4j.Marker, java.lang.String, java.lang.Object)#2 &amp; org.slf4j.event.EventRecodingLogger#warn(org.slf4j.Marker, java.lang.String, java.lang.Object)#2 &amp; org.gradle.internal.logging.slf4j.OutputEventListenerBackedLoggerContext.NoOpLogger#warn(org.slf4j.Marker, java.lang.String, java.lang.Object)#2 &amp; org.gradle.internal.logging.slf4j.OutputEventListenerBackedLogger#warn(org.slf4j.Marker, java.lang.String, java.lang.Object)#2&quot;, &quot;marker := org.slf4j.helpers.SubstituteLogger#warn(org.slf4j.Marker, java.lang.String, java.lang.Object)#0 &amp; org.slf4j.event.EventRecodingLogger#warn(org.slf4j.Marker, java.lang.String, java.lang.Object)#0 &amp; org.gradle.internal.logging.slf4j.OutputEventListenerBackedLoggerContext.NoOpLogger#warn(org.slf4j.Marker, java.lang.String, java.lang.Object)#0 &amp; org.gradle.internal.logging.slf4j.OutputEventListenerBackedLogger#warn(org.slf4j.Marker, java.lang.String, java.lang.Object)#0&quot;, &quot;s := org.slf4j.helpers.SubstituteLogger#warn(org.slf4j.Marker, java.lang.String, java.lang.Object)#1 &amp; org.slf4j.event.EventRecodingLogger#warn(org.slf4j.Marker, java.lang.String, java.lang.Object)#1 &amp; org.gradle.internal.logging.slf4j.OutputEventListenerBackedLoggerContext.NoOpLogger#warn(org.slf4j.Marker, java.lang.String, java.lang.Object)#1 &amp; org.gradle.internal.logging.slf4j.OutputEventListenerBackedLogger#warn(org.slf4j.Marker, java.lang.String, java.lang.Object)#1&quot; }"/>
        </annotation>
    </item>
    <item name='org.slf4j.Logger void warn(org.slf4j.Marker, java.lang.String, java.lang.Object, java.lang.Object)'>
        <annotation name='com.intellij.inspections.tainted.annotation.equation.Equations'>
            <val val="{ &quot;marker := org.slf4j.helpers.SubstituteLogger#warn(org.slf4j.Marker, java.lang.String, java.lang.Object, java.lang.Object)#0&quot;, &quot;format := org.slf4j.helpers.SubstituteLogger#warn(org.slf4j.Marker, java.lang.String, java.lang.Object, java.lang.Object)#1&quot;, &quot;arg1 := org.slf4j.helpers.SubstituteLogger#warn(org.slf4j.Marker, java.lang.String, java.lang.Object, java.lang.Object)#2&quot;, &quot;arg2 := org.slf4j.helpers.SubstituteLogger#warn(org.slf4j.Marker, java.lang.String, java.lang.Object, java.lang.Object)#3&quot; }"/>
        </annotation>
    </item>
    <item name='org.slf4j.Logger void warn(org.slf4j.Marker, java.lang.String, java.lang.Object...)'>
        <annotation name='com.intellij.inspections.tainted.annotation.equation.Equations'>
            <val val="{ &quot;arguments := org.slf4j.helpers.SubstituteLogger#warn(org.slf4j.Marker, java.lang.String, java.lang.Object...)#2&quot;, &quot;format := org.slf4j.helpers.SubstituteLogger#warn(org.slf4j.Marker, java.lang.String, java.lang.Object...)#1&quot;, &quot;marker := org.slf4j.helpers.SubstituteLogger#warn(org.slf4j.Marker, java.lang.String, java.lang.Object...)#0&quot; }"/>
        </annotation>
    </item>
    <item name='org.slf4j.Logger void warn(org.slf4j.Marker, java.lang.String, java.lang.Throwable)'>
        <annotation name='com.intellij.inspections.tainted.annotation.equation.Equations'>
            <val val="{ &quot;marker := org.slf4j.helpers.SubstituteLogger#warn(org.slf4j.Marker, java.lang.String, java.lang.Throwable)#0&quot;, &quot;t := org.slf4j.helpers.SubstituteLogger#warn(org.slf4j.Marker, java.lang.String, java.lang.Throwable)#2&quot;, &quot;msg := org.slf4j.helpers.SubstituteLogger#warn(org.slf4j.Marker, java.lang.String, java.lang.Throwable)#1&quot; }"/>
        </annotation>
    </item>
    <item name='org.slf4j.LoggerFactory'>
        <annotation name='com.intellij.inspections.tainted.annotation.equation.Equations'>
            <val val="{ &quot;LoggerFactory := #ONGOING_INITILIZATION &amp; #UNINITIALIZED &amp; #SUCCESSFUL_INITILIZATION &amp; #NOP_FALLBACK_INITILIZATION &amp; #FAILED_INITILIZATION&quot; }"/>
        </annotation>
    </item>
    <item name='org.slf4j.LoggerFactory LoggerFactory()'>
        <annotation name='com.intellij.inspections.tainted.annotation.equation.Equations'>
            <val val="{ &quot;LoggerFactory := LoggerFactory&quot; }"/>
        </annotation>
    </item>
    <item name='org.slf4j.LoggerFactory boolean isAmbiguousStaticLoggerBinderPathSet(java.util.Set&lt;java.net.URL&gt;)'>
        <annotation name='com.intellij.inspections.tainted.annotation.equation.Equations'>
            <val val="{ &quot;binderPathSet := #reportMultipleBindingAmbiguity(java.util.Set)#0 &amp; #reportActualBinding(java.util.Set)#0&quot; }"/>
        </annotation>
    </item>
    <item name='org.slf4j.LoggerFactory boolean messageContainsOrgSlf4jImplStaticLoggerBinder(java.lang.String)'>
        <annotation name='com.intellij.inspections.tainted.annotation.equation.Equations'>
            <val val="{ &quot;msg := &quot; }"/>
        </annotation>
    </item>
    <item name='org.slf4j.LoggerFactory boolean nonMatchingClasses(java.lang.Class&lt;?&gt;, java.lang.Class&lt;?&gt;)'>
        <annotation name='com.intellij.inspections.tainted.annotation.equation.Equations'>
            <val val="{ &quot;clazz := #getLogger(java.lang.Class)#0&quot;, &quot;autoComputedCallingClass := &quot; }"/>
        </annotation>
    </item>
    <item name='org.slf4j.LoggerFactory java.util.Set&lt;java.net.URL&gt; findPossibleStaticLoggerBinderPathSet()'>
        <annotation name='com.intellij.inspections.tainted.annotation.equation.Equations'>
            <val val="{ &quot;findPossibleStaticLoggerBinderPathSet := &quot; }"/>
        </annotation>
    </item>
    <item name='org.slf4j.LoggerFactory org.slf4j.ILoggerFactory getILoggerFactory()'>
        <annotation name='com.intellij.inspections.tainted.annotation.equation.Equations'>
            <val val="{ &quot;getILoggerFactory := LoggerFactory&quot; }"/>
        </annotation>
    </item>
    <item name='org.slf4j.LoggerFactory org.slf4j.Logger getLogger(java.lang.Class&lt;?&gt;)'>
        <annotation name='com.intellij.inspections.tainted.annotation.equation.Equations'>
            <val val="{ &quot;getLogger := &quot; }"/>
        </annotation>
    </item>
    <item name='org.slf4j.LoggerFactory org.slf4j.Logger getLogger(java.lang.Class)'>
        <annotation name='com.intellij.inspections.tainted.annotation.equation.Equations'>
            <val val="{ &quot;getLogger := &quot; }"/>
        </annotation>
    </item>
    <item name='org.slf4j.LoggerFactory org.slf4j.Logger getLogger(java.lang.String)'>
        <annotation name='com.intellij.inspections.tainted.annotation.equation.Equations'>
            <val val="{ &quot;getLogger := &quot;, &quot;name := org.jboss.logging.Slf4jLoggerProvider#getLogger(java.lang.String)#0&quot; }"/>
        </annotation>
    </item>
    <item name='org.slf4j.LoggerFactory void emitReplayOrSubstituionWarning(org.slf4j.event.SubstituteLoggingEvent, int)'>
        <annotation name='com.intellij.inspections.tainted.annotation.equation.Equations'>
            <val val="{ &quot;queueSize := &quot;, &quot;event := &quot; }"/>
        </annotation>
    </item>
    <item name='org.slf4j.LoggerFactory void emitReplayWarning(int)'>
        <annotation name='com.intellij.inspections.tainted.annotation.equation.Equations'>
            <val val="{ &quot;eventCount := #emitReplayOrSubstituionWarning(org.slf4j.event.SubstituteLoggingEvent, int)#1&quot; }"/>
        </annotation>
    </item>
    <item name='org.slf4j.LoggerFactory void replaySingleEvent(org.slf4j.event.SubstituteLoggingEvent)'>
        <annotation name='com.intellij.inspections.tainted.annotation.equation.Equations'>
            <val val="{ &quot;event := &quot; }"/>
        </annotation>
    </item>
    <item name='org.slf4j.LoggerFactory void reportActualBinding(java.util.Set&lt;java.net.URL&gt;)'>
        <annotation name='com.intellij.inspections.tainted.annotation.equation.Equations'>
            <val val="{ &quot;binderPathSet := &quot; }"/>
        </annotation>
    </item>
    <item name='org.slf4j.LoggerFactory void reportMultipleBindingAmbiguity(java.util.Set&lt;java.net.URL&gt;)'>
        <annotation name='com.intellij.inspections.tainted.annotation.equation.Equations'>
            <val val="{ &quot;binderPathSet := &quot; }"/>
        </annotation>
    </item>
    <item name='org.slf4j.MDC'>
        <annotation name='com.intellij.inspections.tainted.annotation.equation.Equations'>
            <val val="{ &quot;MDC := &quot; }"/>
        </annotation>
    </item>
    <item name='org.slf4j.MDC MDC()'>
        <annotation name='com.intellij.inspections.tainted.annotation.equation.Equations'>
            <val val="{ &quot;MDC := MDC&quot; }"/>
        </annotation>
    </item>
    <item name='org.slf4j.MDC java.lang.String get(java.lang.String)'>
        <annotation name='com.intellij.inspections.tainted.annotation.equation.Equations'>
            <val val="{ &quot;get := &quot; }"/>
        </annotation>
    </item>
    <item name='org.slf4j.MDC java.util.Map getCopyOfContextMap()'>
        <annotation name='com.intellij.inspections.tainted.annotation.equation.Equations'>
            <val val="{ &quot;getCopyOfContextMap := &quot; }"/>
        </annotation>
    </item>
    <item name='org.slf4j.MDC java.util.Map&lt;java.lang.String,java.lang.String&gt; getCopyOfContextMap()'>
        <annotation name='com.intellij.inspections.tainted.annotation.equation.Equations'>
            <val val="{ &quot;getCopyOfContextMap := &quot; }"/>
        </annotation>
    </item>
    <item name='org.slf4j.MDC org.slf4j.MDC.MDCCloseable putCloseable(java.lang.String, java.lang.String)'>
        <annotation name='com.intellij.inspections.tainted.annotation.equation.Equations'>
            <val val="{ &quot;putCloseable := &quot; }"/>
        </annotation>
    </item>
    <item name='org.slf4j.MDC org.slf4j.spi.MDCAdapter bwCompatibleGetMDCAdapterFromBinder()'>
        <annotation name='com.intellij.inspections.tainted.annotation.equation.Equations'>
            <val val="{ &quot;bwCompatibleGetMDCAdapterFromBinder := &quot; }"/>
        </annotation>
    </item>
    <item name='org.slf4j.MDC org.slf4j.spi.MDCAdapter getMDCAdapter()'>
        <annotation name='com.intellij.inspections.tainted.annotation.equation.Equations'>
            <val val="{ &quot;getMDCAdapter := MDC&quot; }"/>
        </annotation>
    </item>
    <item name='org.slf4j.MDC void put(java.lang.String, java.lang.String)'>
        <annotation name='com.intellij.inspections.tainted.annotation.equation.Equations'>
            <val val="{ &quot;val := #putCloseable(java.lang.String, java.lang.String)#1&quot;, &quot;key := net.sf.ehcache.TransactionController#MDC_KEY &amp; #putCloseable(java.lang.String, java.lang.String)#0&quot; }"/>
        </annotation>
    </item>
    <item name='org.slf4j.MDC void remove(java.lang.String)'>
        <annotation name='com.intellij.inspections.tainted.annotation.equation.Equations'>
            <val val="{ &quot;key := org.jboss.logging.Slf4jLoggerProvider#putMdc(java.lang.String, java.lang.Object)#0 &amp; org.jboss.logging.Slf4jLoggerProvider#removeMdc(java.lang.String)#0&quot; }"/>
        </annotation>
    </item>
    <item name='org.slf4j.MDC.MDCCloseable'>
        <annotation name='com.intellij.inspections.tainted.annotation.equation.Equations'>
            <val val="{ &quot;MDCCloseable := #MDCCloseable(java.lang.String)#0&quot; }"/>
        </annotation>
    </item>
    <item name='org.slf4j.MDC.MDCCloseable MDCCloseable(java.lang.String)'>
        <annotation name='com.intellij.inspections.tainted.annotation.equation.Equations'>
            <val val="{ &quot;MDCCloseable := MDC.MDCCloseable&quot;, &quot;key := MDC#putCloseable(java.lang.String, java.lang.String)#0&quot; }"/>
        </annotation>
    </item>
</root>