<root>
    <item name='com.sun.org.apache.xerces.internal.impl.xs.identity.Field Field(com.sun.org.apache.xerces.internal.impl.xs.identity.Field.XPath, com.sun.org.apache.xerces.internal.impl.xs.identity.IdentityConstraint)'>
        <annotation name='com.intellij.inspections.tainted.annotation.equation.Equations'>
            <val val="{ &quot;Field := Field&quot;, &quot;identityConstraint := com.sun.org.apache.xerces.internal.impl.xs.traversers.XSDAbstractIDConstraintTraverser#traverseIdentityConstraint(com.sun.org.apache.xerces.internal.impl.xs.identity.IdentityConstraint, org.w3c.dom.Element, com.sun.org.apache.xerces.internal.impl.xs.traversers.XSDocumentInfo, java.lang.Object[])#0&quot; }"/>
        </annotation>
    </item>
    <item name='com.sun.org.apache.xerces.internal.impl.xs.identity.Field com.sun.org.apache.xerces.internal.impl.xpath.XPath getXPath()'>
        <annotation name='com.intellij.inspections.tainted.annotation.equation.Equations'>
            <val val="{ &quot;getXPath := Field&quot; }"/>
        </annotation>
    </item>
    <item name='com.sun.org.apache.xerces.internal.impl.xs.identity.Field com.sun.org.apache.xerces.internal.impl.xs.identity.IdentityConstraint getIdentityConstraint()'>
        <annotation name='com.intellij.inspections.tainted.annotation.equation.Equations'>
            <val val="{ &quot;getIdentityConstraint := Field&quot; }"/>
        </annotation>
    </item>
    <item name='com.sun.org.apache.xerces.internal.impl.xs.identity.Field com.sun.org.apache.xerces.internal.impl.xs.identity.XPathMatcher createMatcher(com.sun.org.apache.xerces.internal.impl.xs.identity.FieldActivator, com.sun.org.apache.xerces.internal.impl.xs.identity.ValueStore)'>
        <annotation name='com.intellij.inspections.tainted.annotation.equation.Equations'>
            <val val="{ &quot;activator := com.sun.org.apache.xerces.internal.impl.xs.XMLSchemaValidator&quot; }"/>
        </annotation>
    </item>
    <item name='com.sun.org.apache.xerces.internal.impl.xs.identity.Field.Matcher'>
        <annotation name='com.intellij.inspections.tainted.annotation.equation.Equations'>
            <val val="{ &quot;Matcher := #handleContent(com.sun.org.apache.xerces.internal.xs.XSTypeDefinition, boolean, java.lang.Object, short, com.sun.org.apache.xerces.internal.xs.ShortList)#2&quot; }"/>
        </annotation>
    </item>
    <item name='com.sun.org.apache.xerces.internal.impl.xs.identity.Field.Matcher Matcher(com.sun.org.apache.xerces.internal.impl.xs.identity.Field.XPath, com.sun.org.apache.xerces.internal.impl.xs.identity.FieldActivator, com.sun.org.apache.xerces.internal.impl.xs.identity.ValueStore)'>
        <annotation name='com.intellij.inspections.tainted.annotation.equation.Equations'>
            <val val="{ &quot;activator := Field#createMatcher(com.sun.org.apache.xerces.internal.impl.xs.identity.FieldActivator, com.sun.org.apache.xerces.internal.impl.xs.identity.ValueStore)#0&quot;, &quot;store := Field#createMatcher(com.sun.org.apache.xerces.internal.impl.xs.identity.FieldActivator, com.sun.org.apache.xerces.internal.impl.xs.identity.ValueStore)#1&quot;, &quot;Matcher := Field.Matcher&quot;, &quot;xpath := Field&quot; }"/>
        </annotation>
    </item>
    <item name='com.sun.org.apache.xerces.internal.impl.xs.identity.Field.Matcher com.sun.org.apache.xerces.internal.xs.ShortList convertToPrimitiveKind(com.sun.org.apache.xerces.internal.xs.ShortList)'>
        <annotation name='com.intellij.inspections.tainted.annotation.equation.Equations'>
            <val val="{ &quot;itemValueType := #matched(java.lang.Object, short, com.sun.org.apache.xerces.internal.xs.ShortList, boolean)#2&quot;, &quot;convertToPrimitiveKind := itemValueType&quot; }"/>
        </annotation>
    </item>
    <item name='com.sun.org.apache.xerces.internal.impl.xs.identity.Field.Matcher short convertToPrimitiveKind(short)'>
        <annotation name='com.intellij.inspections.tainted.annotation.equation.Equations'>
            <val val="{ &quot;convertToPrimitiveKind := valueType &amp; com.sun.org.apache.xerces.internal.xs.XSConstants#STRING_DT &amp; com.sun.org.apache.xerces.internal.xs.XSConstants#DECIMAL_DT&quot;, &quot;valueType := #matched(java.lang.Object, short, com.sun.org.apache.xerces.internal.xs.ShortList, boolean)#1&quot; }"/>
        </annotation>
    </item>
    <item name='com.sun.org.apache.xerces.internal.impl.xs.identity.Field.Matcher void matched(java.lang.Object, short, com.sun.org.apache.xerces.internal.xs.ShortList, boolean)'>
        <annotation name='com.intellij.inspections.tainted.annotation.equation.Equations'>
            <val val="{ &quot;actualValue := Field.Matcher&quot;, &quot;valueType := #handleContent(com.sun.org.apache.xerces.internal.xs.XSTypeDefinition, boolean, java.lang.Object, short, com.sun.org.apache.xerces.internal.xs.ShortList)#3&quot;, &quot;itemValueType := #handleContent(com.sun.org.apache.xerces.internal.xs.XSTypeDefinition, boolean, java.lang.Object, short, com.sun.org.apache.xerces.internal.xs.ShortList)#4&quot; }"/>
        </annotation>
    </item>
    <item name='com.sun.org.apache.xerces.internal.impl.xs.identity.Field.XPath XPath(java.lang.String, com.sun.org.apache.xerces.internal.util.SymbolTable, com.sun.org.apache.xerces.internal.xni.NamespaceContext)'>
        <annotation name='com.intellij.inspections.tainted.annotation.equation.Equations'>
            <val val="{ &quot;symbolTable := com.sun.org.apache.xerces.internal.impl.xs.traversers.XSDAbstractIDConstraintTraverser&quot;, &quot;XPath := Field.XPath&quot; }"/>
        </annotation>
    </item>
    <item name='com.sun.org.apache.xerces.internal.impl.xs.identity.FieldActivator com.sun.org.apache.xerces.internal.impl.xs.identity.XPathMatcher activateField(com.sun.org.apache.xerces.internal.impl.xs.identity.Field, int)'>
        <annotation name='com.intellij.inspections.tainted.annotation.equation.Equations'>
            <val val="{ &quot;initialDepth := com.sun.org.apache.xerces.internal.impl.xs.XMLSchemaValidator#activateField(com.sun.org.apache.xerces.internal.impl.xs.identity.Field, int)#1&quot;, &quot;activateField := com.sun.org.apache.xerces.internal.impl.xs.XMLSchemaValidator#activateField(com.sun.org.apache.xerces.internal.impl.xs.identity.Field, int)&quot;, &quot;field := com.sun.org.apache.xerces.internal.impl.xs.XMLSchemaValidator#activateField(com.sun.org.apache.xerces.internal.impl.xs.identity.Field, int)#0&quot; }"/>
        </annotation>
    </item>
    <item name='com.sun.org.apache.xerces.internal.impl.xs.identity.FieldActivator java.lang.Boolean mayMatch(com.sun.org.apache.xerces.internal.impl.xs.identity.Field)'>
        <annotation name='com.intellij.inspections.tainted.annotation.equation.Equations'>
            <val val="{ &quot;mayMatch := com.sun.org.apache.xerces.internal.impl.xs.XMLSchemaValidator#mayMatch(com.sun.org.apache.xerces.internal.impl.xs.identity.Field)&quot;, &quot;field := com.sun.org.apache.xerces.internal.impl.xs.XMLSchemaValidator#mayMatch(com.sun.org.apache.xerces.internal.impl.xs.identity.Field)#0&quot; }"/>
        </annotation>
    </item>
    <item name='com.sun.org.apache.xerces.internal.impl.xs.identity.FieldActivator void endValueScopeFor(com.sun.org.apache.xerces.internal.impl.xs.identity.IdentityConstraint, int)'>
        <annotation name='com.intellij.inspections.tainted.annotation.equation.Equations'>
            <val val="{ &quot;initialDepth := Selector.Matcher &amp; com.sun.org.apache.xerces.internal.impl.xs.XMLSchemaValidator#endValueScopeFor(com.sun.org.apache.xerces.internal.impl.xs.identity.IdentityConstraint, int)#1&quot;, &quot;identityConstraint := Selector.Matcher &amp; com.sun.org.apache.xerces.internal.impl.xs.XMLSchemaValidator#endValueScopeFor(com.sun.org.apache.xerces.internal.impl.xs.identity.IdentityConstraint, int)#0&quot; }"/>
        </annotation>
    </item>
    <item name='com.sun.org.apache.xerces.internal.impl.xs.identity.FieldActivator void setMayMatch(com.sun.org.apache.xerces.internal.impl.xs.identity.Field, java.lang.Boolean)'>
        <annotation name='com.intellij.inspections.tainted.annotation.equation.Equations'>
            <val val="{ &quot;state := com.sun.org.apache.xerces.internal.impl.xs.XMLSchemaValidator#setMayMatch(com.sun.org.apache.xerces.internal.impl.xs.identity.Field, java.lang.Boolean)#1&quot;, &quot;field := com.sun.org.apache.xerces.internal.impl.xs.XMLSchemaValidator#setMayMatch(com.sun.org.apache.xerces.internal.impl.xs.identity.Field, java.lang.Boolean)#0&quot; }"/>
        </annotation>
    </item>
    <item name='com.sun.org.apache.xerces.internal.impl.xs.identity.FieldActivator void startValueScopeFor(com.sun.org.apache.xerces.internal.impl.xs.identity.IdentityConstraint, int)'>
        <annotation name='com.intellij.inspections.tainted.annotation.equation.Equations'>
            <val val="{ &quot;identityConstraint := com.sun.org.apache.xerces.internal.impl.xs.XMLSchemaValidator#startValueScopeFor(com.sun.org.apache.xerces.internal.impl.xs.identity.IdentityConstraint, int)#0&quot;, &quot;initialDepth := com.sun.org.apache.xerces.internal.impl.xs.XMLSchemaValidator#startValueScopeFor(com.sun.org.apache.xerces.internal.impl.xs.identity.IdentityConstraint, int)#1&quot; }"/>
        </annotation>
    </item>
    <item name='com.sun.org.apache.xerces.internal.impl.xs.identity.IdentityConstraint'>
        <annotation name='com.intellij.inspections.tainted.annotation.equation.Equations'>
            <val val="{ &quot;IdentityConstraint := KeyRef&quot; }"/>
        </annotation>
    </item>
    <item name='com.sun.org.apache.xerces.internal.impl.xs.identity.IdentityConstraint IdentityConstraint(java.lang.String, java.lang.String, java.lang.String)'>
        <annotation name='com.intellij.inspections.tainted.annotation.equation.Equations'>
            <val val="{ &quot;identityConstraintName := KeyRef#KeyRef(java.lang.String, java.lang.String, java.lang.String, com.sun.org.apache.xerces.internal.impl.xs.identity.UniqueOrKey)#1 &amp; UniqueOrKey#UniqueOrKey(java.lang.String, java.lang.String, java.lang.String, short)#1&quot;, &quot;namespace := KeyRef#KeyRef(java.lang.String, java.lang.String, java.lang.String, com.sun.org.apache.xerces.internal.impl.xs.identity.UniqueOrKey)#0 &amp; UniqueOrKey#UniqueOrKey(java.lang.String, java.lang.String, java.lang.String, short)#0&quot;, &quot;elemName := KeyRef#KeyRef(java.lang.String, java.lang.String, java.lang.String, com.sun.org.apache.xerces.internal.impl.xs.identity.UniqueOrKey)#2 &amp; UniqueOrKey#UniqueOrKey(java.lang.String, java.lang.String, java.lang.String, short)#2&quot;, &quot;IdentityConstraint := IdentityConstraint&quot; }"/>
        </annotation>
    </item>
    <item name='com.sun.org.apache.xerces.internal.impl.xs.identity.IdentityConstraint com.sun.org.apache.xerces.internal.impl.xs.identity.Field getFieldAt(int)'>
        <annotation name='com.intellij.inspections.tainted.annotation.equation.Equations'>
            <val val="{ &quot;getFieldAt := IdentityConstraint&quot; }"/>
        </annotation>
    </item>
    <item name='com.sun.org.apache.xerces.internal.impl.xs.identity.IdentityConstraint com.sun.org.apache.xerces.internal.impl.xs.identity.Field[] resize(com.sun.org.apache.xerces.internal.impl.xs.identity.Field[], int)'>
        <annotation name='com.intellij.inspections.tainted.annotation.equation.Equations'>
            <val val="{ &quot;newSize := IdentityConstraint&quot;, &quot;oldArray := IdentityConstraint&quot; }"/>
        </annotation>
    </item>
    <item name='com.sun.org.apache.xerces.internal.impl.xs.identity.IdentityConstraint com.sun.org.apache.xerces.internal.impl.xs.identity.Selector getSelector()'>
        <annotation name='com.intellij.inspections.tainted.annotation.equation.Equations'>
            <val val="{ &quot;getSelector := IdentityConstraint&quot; }"/>
        </annotation>
    </item>
    <item name='com.sun.org.apache.xerces.internal.impl.xs.identity.IdentityConstraint com.sun.org.apache.xerces.internal.xs.XSIDCDefinition getRefKey()'>
        <annotation name='com.intellij.inspections.tainted.annotation.equation.Equations'>
            <val val="{ &quot;getRefKey := KeyRef#getRefKey()&quot; }"/>
        </annotation>
    </item>
    <item name='com.sun.org.apache.xerces.internal.impl.xs.identity.IdentityConstraint int getFieldCount()'>
        <annotation name='com.intellij.inspections.tainted.annotation.equation.Equations'>
            <val val="{ &quot;getFieldCount := IdentityConstraint&quot; }"/>
        </annotation>
    </item>
    <item name='com.sun.org.apache.xerces.internal.impl.xs.identity.IdentityConstraint java.lang.String getElementName()'>
        <annotation name='com.intellij.inspections.tainted.annotation.equation.Equations'>
            <val val="{ &quot;getElementName := IdentityConstraint&quot; }"/>
        </annotation>
    </item>
    <item name='com.sun.org.apache.xerces.internal.impl.xs.identity.IdentityConstraint java.lang.String getIdentityConstraintName()'>
        <annotation name='com.intellij.inspections.tainted.annotation.equation.Equations'>
            <val val="{ &quot;getIdentityConstraintName := IdentityConstraint&quot; }"/>
        </annotation>
    </item>
    <item name='com.sun.org.apache.xerces.internal.impl.xs.identity.IdentityConstraint java.lang.String getName()'>
        <annotation name='com.intellij.inspections.tainted.annotation.equation.Equations'>
            <val val="{ &quot;getName := IdentityConstraint&quot; }"/>
        </annotation>
    </item>
    <item name='com.sun.org.apache.xerces.internal.impl.xs.identity.IdentityConstraint java.lang.String getNamespace()'>
        <annotation name='com.intellij.inspections.tainted.annotation.equation.Equations'>
            <val val="{ &quot;getNamespace := IdentityConstraint&quot; }"/>
        </annotation>
    </item>
    <item name='com.sun.org.apache.xerces.internal.impl.xs.identity.IdentityConstraint short getCategory()'>
        <annotation name='com.intellij.inspections.tainted.annotation.equation.Equations'>
            <val val="{ &quot;getCategory := IdentityConstraint&quot; }"/>
        </annotation>
    </item>
    <item name='com.sun.org.apache.xerces.internal.impl.xs.identity.IdentityConstraint short getType()'>
        <annotation name='com.intellij.inspections.tainted.annotation.equation.Equations'>
            <val val="{ &quot;getType := com.sun.org.apache.xerces.internal.xs.XSConstants#IDENTITY_CONSTRAINT&quot; }"/>
        </annotation>
    </item>
    <item name='com.sun.org.apache.xerces.internal.impl.xs.identity.KeyRef KeyRef(java.lang.String, java.lang.String, java.lang.String, com.sun.org.apache.xerces.internal.impl.xs.identity.UniqueOrKey)'>
        <annotation name='com.intellij.inspections.tainted.annotation.equation.Equations'>
            <val val="{ &quot;KeyRef := KeyRef&quot; }"/>
        </annotation>
    </item>
    <item name='com.sun.org.apache.xerces.internal.impl.xs.identity.KeyRef com.sun.org.apache.xerces.internal.impl.xs.identity.UniqueOrKey getKey()'>
        <annotation name='com.intellij.inspections.tainted.annotation.equation.Equations'>
            <val val="{ &quot;getKey := KeyRef&quot; }"/>
        </annotation>
    </item>
    <item name='com.sun.org.apache.xerces.internal.impl.xs.identity.KeyRef com.sun.org.apache.xerces.internal.xs.XSIDCDefinition getRefKey()'>
        <annotation name='com.intellij.inspections.tainted.annotation.equation.Equations'>
            <val val="{ &quot;getRefKey := KeyRef&quot; }"/>
        </annotation>
    </item>
    <item name='com.sun.org.apache.xerces.internal.impl.xs.identity.Selector Selector(com.sun.org.apache.xerces.internal.impl.xs.identity.Selector.XPath, com.sun.org.apache.xerces.internal.impl.xs.identity.IdentityConstraint)'>
        <annotation name='com.intellij.inspections.tainted.annotation.equation.Equations'>
            <val val="{ &quot;identityConstraint := com.sun.org.apache.xerces.internal.impl.xs.traversers.XSDAbstractIDConstraintTraverser#traverseIdentityConstraint(com.sun.org.apache.xerces.internal.impl.xs.identity.IdentityConstraint, org.w3c.dom.Element, com.sun.org.apache.xerces.internal.impl.xs.traversers.XSDocumentInfo, java.lang.Object[])#0&quot;, &quot;Selector := Selector&quot; }"/>
        </annotation>
    </item>
    <item name='com.sun.org.apache.xerces.internal.impl.xs.identity.Selector com.sun.org.apache.xerces.internal.impl.xpath.XPath getXPath()'>
        <annotation name='com.intellij.inspections.tainted.annotation.equation.Equations'>
            <val val="{ &quot;getXPath := Selector&quot; }"/>
        </annotation>
    </item>
    <item name='com.sun.org.apache.xerces.internal.impl.xs.identity.Selector com.sun.org.apache.xerces.internal.impl.xs.identity.IdentityConstraint getIDConstraint()'>
        <annotation name='com.intellij.inspections.tainted.annotation.equation.Equations'>
            <val val="{ &quot;getIDConstraint := Selector&quot; }"/>
        </annotation>
    </item>
    <item name='com.sun.org.apache.xerces.internal.impl.xs.identity.Selector com.sun.org.apache.xerces.internal.impl.xs.identity.XPathMatcher createMatcher(com.sun.org.apache.xerces.internal.impl.xs.identity.FieldActivator, int)'>
        <annotation name='com.intellij.inspections.tainted.annotation.equation.Equations'>
            <val val="{ &quot;initialDepth := com.sun.org.apache.xerces.internal.impl.xs.XMLSchemaValidator&quot;, &quot;activator := com.sun.org.apache.xerces.internal.impl.xs.XMLSchemaValidator&quot; }"/>
        </annotation>
    </item>
    <item name='com.sun.org.apache.xerces.internal.impl.xs.identity.Selector.Matcher'>
        <annotation name='com.intellij.inspections.tainted.annotation.equation.Equations'>
            <val val="{ &quot;Matcher := Matcher&quot; }"/>
        </annotation>
    </item>
    <item name='com.sun.org.apache.xerces.internal.impl.xs.identity.Selector.Matcher Matcher(com.sun.org.apache.xerces.internal.impl.xs.identity.Selector.XPath, com.sun.org.apache.xerces.internal.impl.xs.identity.FieldActivator, int)'>
        <annotation name='com.intellij.inspections.tainted.annotation.equation.Equations'>
            <val val="{ &quot;Matcher := Selector.Matcher&quot;, &quot;activator := Selector#createMatcher(com.sun.org.apache.xerces.internal.impl.xs.identity.FieldActivator, int)#0&quot;, &quot;xpath := Selector&quot;, &quot;initialDepth := Selector#createMatcher(com.sun.org.apache.xerces.internal.impl.xs.identity.FieldActivator, int)#1&quot; }"/>
        </annotation>
    </item>
    <item name='com.sun.org.apache.xerces.internal.impl.xs.identity.Selector.Matcher com.sun.org.apache.xerces.internal.impl.xs.identity.IdentityConstraint getIdentityConstraint()'>
        <annotation name='com.intellij.inspections.tainted.annotation.equation.Equations'>
            <val val="{ &quot;getIdentityConstraint := Selector.Matcher&quot; }"/>
        </annotation>
    </item>
    <item name='com.sun.org.apache.xerces.internal.impl.xs.identity.Selector.Matcher int getInitialDepth()'>
        <annotation name='com.intellij.inspections.tainted.annotation.equation.Equations'>
            <val val="{ &quot;getInitialDepth := Selector.Matcher&quot; }"/>
        </annotation>
    </item>
    <item name='com.sun.org.apache.xerces.internal.impl.xs.identity.Selector.XPath XPath(java.lang.String, com.sun.org.apache.xerces.internal.util.SymbolTable, com.sun.org.apache.xerces.internal.xni.NamespaceContext)'>
        <annotation name='com.intellij.inspections.tainted.annotation.equation.Equations'>
            <val val="{ &quot;symbolTable := com.sun.org.apache.xerces.internal.impl.xs.traversers.XSDAbstractIDConstraintTraverser&quot;, &quot;XPath := Selector.XPath&quot; }"/>
        </annotation>
    </item>
    <item name='com.sun.org.apache.xerces.internal.impl.xs.identity.Selector.XPath java.lang.String normalize(java.lang.String)'>
        <annotation name='com.intellij.inspections.tainted.annotation.equation.Equations'>
            <val val="{ &quot;xpath := #XPath(java.lang.String, com.sun.org.apache.xerces.internal.util.SymbolTable, com.sun.org.apache.xerces.internal.xni.NamespaceContext)#0&quot; }"/>
        </annotation>
    </item>
    <item name='com.sun.org.apache.xerces.internal.impl.xs.identity.UniqueOrKey UniqueOrKey(java.lang.String, java.lang.String, java.lang.String, short)'>
        <annotation name='com.intellij.inspections.tainted.annotation.equation.Equations'>
            <val val="{ &quot;UniqueOrKey := UniqueOrKey&quot;, &quot;type := com.sun.org.apache.xerces.internal.xs.XSIDCDefinition#IC_UNIQUE &amp; com.sun.org.apache.xerces.internal.xs.XSIDCDefinition#IC_KEY&quot; }"/>
        </annotation>
    </item>
    <item name='com.sun.org.apache.xerces.internal.impl.xs.identity.ValueStore void addValue(com.sun.org.apache.xerces.internal.impl.xs.identity.Field, java.lang.Object, short, com.sun.org.apache.xerces.internal.xs.ShortList)'>
        <annotation name='com.intellij.inspections.tainted.annotation.equation.Equations'>
            <val val="{ &quot;actualValue := Field.Matcher#matched(java.lang.Object, short, com.sun.org.apache.xerces.internal.xs.ShortList, boolean)#0 &amp; com.sun.org.apache.xerces.internal.impl.xs.XMLSchemaValidator.ValueStoreBase#addValue(com.sun.org.apache.xerces.internal.impl.xs.identity.Field, java.lang.Object, short, com.sun.org.apache.xerces.internal.xs.ShortList)#1&quot;, &quot;itemValueType := com.sun.org.apache.xerces.internal.impl.xs.XMLSchemaValidator.ValueStoreBase#addValue(com.sun.org.apache.xerces.internal.impl.xs.identity.Field, java.lang.Object, short, com.sun.org.apache.xerces.internal.xs.ShortList)#3&quot;, &quot;valueType := com.sun.org.apache.xerces.internal.impl.xs.XMLSchemaValidator.ValueStoreBase#addValue(com.sun.org.apache.xerces.internal.impl.xs.identity.Field, java.lang.Object, short, com.sun.org.apache.xerces.internal.xs.ShortList)#2&quot;, &quot;field := Field.Matcher &amp; com.sun.org.apache.xerces.internal.impl.xs.XMLSchemaValidator.ValueStoreBase#addValue(com.sun.org.apache.xerces.internal.impl.xs.identity.Field, java.lang.Object, short, com.sun.org.apache.xerces.internal.xs.ShortList)#0&quot; }"/>
        </annotation>
    </item>
    <item name='com.sun.org.apache.xerces.internal.impl.xs.identity.ValueStore void reportError(java.lang.String, java.lang.Object[])'>
        <annotation name='com.intellij.inspections.tainted.annotation.equation.Equations'>
            <val val="{ &quot;key := com.sun.org.apache.xerces.internal.impl.xs.XMLSchemaValidator.ValueStoreBase#reportError(java.lang.String, java.lang.Object[])#0&quot;, &quot;args := com.sun.org.apache.xerces.internal.impl.xs.XMLSchemaValidator.ValueStoreBase#reportError(java.lang.String, java.lang.Object[])#1&quot; }"/>
        </annotation>
    </item>
    <item name='com.sun.org.apache.xerces.internal.impl.xs.identity.XPathMatcher'>
        <annotation name='com.intellij.inspections.tainted.annotation.equation.Equations'>
            <val val="{ &quot;XPathMatcher := Field.Matcher &amp; Selector.Matcher&quot; }"/>
        </annotation>
    </item>
    <item name='com.sun.org.apache.xerces.internal.impl.xs.identity.XPathMatcher XPathMatcher(com.sun.org.apache.xerces.internal.impl.xpath.XPath)'>
        <annotation name='com.intellij.inspections.tainted.annotation.equation.Equations'>
            <val val="{ &quot;xpath := Field.Matcher#Matcher(com.sun.org.apache.xerces.internal.impl.xs.identity.Field.XPath, com.sun.org.apache.xerces.internal.impl.xs.identity.FieldActivator, com.sun.org.apache.xerces.internal.impl.xs.identity.ValueStore)#0 &amp; Selector.Matcher#Matcher(com.sun.org.apache.xerces.internal.impl.xs.identity.Selector.XPath, com.sun.org.apache.xerces.internal.impl.xs.identity.FieldActivator, int)#0&quot;, &quot;XPathMatcher := XPathMatcher&quot; }"/>
        </annotation>
    </item>
    <item name='com.sun.org.apache.xerces.internal.impl.xs.identity.XPathMatcher void endElement(com.sun.org.apache.xerces.internal.xni.QName, com.sun.org.apache.xerces.internal.xs.XSTypeDefinition, boolean, java.lang.Object, short, com.sun.org.apache.xerces.internal.xs.ShortList)'>
        <annotation name='com.intellij.inspections.tainted.annotation.equation.Equations'>
            <val val="{ &quot;element := Selector.Matcher#endElement(com.sun.org.apache.xerces.internal.xni.QName, com.sun.org.apache.xerces.internal.xs.XSTypeDefinition, boolean, java.lang.Object, short, com.sun.org.apache.xerces.internal.xs.ShortList)#0&quot;, &quot;itemValueType := Selector.Matcher#endElement(com.sun.org.apache.xerces.internal.xni.QName, com.sun.org.apache.xerces.internal.xs.XSTypeDefinition, boolean, java.lang.Object, short, com.sun.org.apache.xerces.internal.xs.ShortList)#5&quot;, &quot;value := Selector.Matcher#endElement(com.sun.org.apache.xerces.internal.xni.QName, com.sun.org.apache.xerces.internal.xs.XSTypeDefinition, boolean, java.lang.Object, short, com.sun.org.apache.xerces.internal.xs.ShortList)#3&quot;, &quot;type := Selector.Matcher#endElement(com.sun.org.apache.xerces.internal.xni.QName, com.sun.org.apache.xerces.internal.xs.XSTypeDefinition, boolean, java.lang.Object, short, com.sun.org.apache.xerces.internal.xs.ShortList)#1&quot;, &quot;valueType := Selector.Matcher#endElement(com.sun.org.apache.xerces.internal.xni.QName, com.sun.org.apache.xerces.internal.xs.XSTypeDefinition, boolean, java.lang.Object, short, com.sun.org.apache.xerces.internal.xs.ShortList)#4&quot; }"/>
        </annotation>
    </item>
    <item name='com.sun.org.apache.xerces.internal.impl.xs.identity.XPathMatcher void handleContent(com.sun.org.apache.xerces.internal.xs.XSTypeDefinition, boolean, java.lang.Object, short, com.sun.org.apache.xerces.internal.xs.ShortList)'>
        <annotation name='com.intellij.inspections.tainted.annotation.equation.Equations'>
            <val val="{ &quot;type := Field.Matcher#handleContent(com.sun.org.apache.xerces.internal.xs.XSTypeDefinition, boolean, java.lang.Object, short, com.sun.org.apache.xerces.internal.xs.ShortList)#0 &amp; #endElement(com.sun.org.apache.xerces.internal.xni.QName, com.sun.org.apache.xerces.internal.xs.XSTypeDefinition, boolean, java.lang.Object, short, com.sun.org.apache.xerces.internal.xs.ShortList)#1&quot;, &quot;valueType := Field.Matcher#handleContent(com.sun.org.apache.xerces.internal.xs.XSTypeDefinition, boolean, java.lang.Object, short, com.sun.org.apache.xerces.internal.xs.ShortList)#3 &amp; #endElement(com.sun.org.apache.xerces.internal.xni.QName, com.sun.org.apache.xerces.internal.xs.XSTypeDefinition, boolean, java.lang.Object, short, com.sun.org.apache.xerces.internal.xs.ShortList)#4&quot;, &quot;itemValueType := Field.Matcher#handleContent(com.sun.org.apache.xerces.internal.xs.XSTypeDefinition, boolean, java.lang.Object, short, com.sun.org.apache.xerces.internal.xs.ShortList)#4 &amp; #endElement(com.sun.org.apache.xerces.internal.xni.QName, com.sun.org.apache.xerces.internal.xs.XSTypeDefinition, boolean, java.lang.Object, short, com.sun.org.apache.xerces.internal.xs.ShortList)#5&quot;, &quot;value := Field.Matcher#handleContent(com.sun.org.apache.xerces.internal.xs.XSTypeDefinition, boolean, java.lang.Object, short, com.sun.org.apache.xerces.internal.xs.ShortList)#2 &amp; #endElement(com.sun.org.apache.xerces.internal.xni.QName, com.sun.org.apache.xerces.internal.xs.XSTypeDefinition, boolean, java.lang.Object, short, com.sun.org.apache.xerces.internal.xs.ShortList)#3&quot; }"/>
        </annotation>
    </item>
    <item name='com.sun.org.apache.xerces.internal.impl.xs.identity.XPathMatcher void matched(java.lang.Object, short, com.sun.org.apache.xerces.internal.xs.ShortList, boolean)'>
        <annotation name='com.intellij.inspections.tainted.annotation.equation.Equations'>
            <val val="{ &quot;valueType := Field.Matcher#matched(java.lang.Object, short, com.sun.org.apache.xerces.internal.xs.ShortList, boolean)#1&quot;, &quot;itemValueType := Field.Matcher#matched(java.lang.Object, short, com.sun.org.apache.xerces.internal.xs.ShortList, boolean)#2&quot;, &quot;actualValue := Field.Matcher#matched(java.lang.Object, short, com.sun.org.apache.xerces.internal.xs.ShortList, boolean)#0&quot; }"/>
        </annotation>
    </item>
    <item name='com.sun.org.apache.xerces.internal.impl.xs.identity.XPathMatcher void startElement(com.sun.org.apache.xerces.internal.xni.QName, com.sun.org.apache.xerces.internal.xni.XMLAttributes)'>
        <annotation name='com.intellij.inspections.tainted.annotation.equation.Equations'>
            <val val="{ &quot;attributes := Selector.Matcher#startElement(com.sun.org.apache.xerces.internal.xni.QName, com.sun.org.apache.xerces.internal.xni.XMLAttributes)#1 &amp; com.sun.org.apache.xerces.internal.impl.xs.XMLSchemaValidator#handleStartElement(com.sun.org.apache.xerces.internal.xni.QName, com.sun.org.apache.xerces.internal.xni.XMLAttributes, com.sun.org.apache.xerces.internal.xni.Augmentations)#1&quot;, &quot;element := Selector.Matcher#startElement(com.sun.org.apache.xerces.internal.xni.QName, com.sun.org.apache.xerces.internal.xni.XMLAttributes)#0 &amp; com.sun.org.apache.xerces.internal.impl.xs.XMLSchemaValidator#handleStartElement(com.sun.org.apache.xerces.internal.xni.QName, com.sun.org.apache.xerces.internal.xni.XMLAttributes, com.sun.org.apache.xerces.internal.xni.Augmentations)#0&quot; }"/>
        </annotation>
    </item>
</root>