<root>
    <item name='org.hibernate.envers.event.spi.BaseEnversCollectionEventListener BaseEnversCollectionEventListener(org.hibernate.envers.boot.internal.EnversService)'>
        <annotation name='com.intellij.inspections.tainted.annotation.equation.Equations'>
            <val val="{ &quot;BaseEnversCollectionEventListener := BaseEnversCollectionEventListener&quot;, &quot;enversService := EnversPreCollectionRemoveEventListenerImpl#EnversPreCollectionRemoveEventListenerImpl(org.hibernate.envers.boot.internal.EnversService)#0 &amp; EnversPreCollectionUpdateEventListenerImpl#EnversPreCollectionUpdateEventListenerImpl(org.hibernate.envers.boot.internal.EnversService)#0 &amp; EnversPostCollectionRecreateEventListenerImpl#EnversPostCollectionRecreateEventListenerImpl(org.hibernate.envers.boot.internal.EnversService)#0&quot; }"/>
        </annotation>
    </item>
    <item name='org.hibernate.envers.event.spi.BaseEnversCollectionEventListener boolean shouldGenerateRevision(org.hibernate.event.spi.AbstractCollectionEvent)'>
        <annotation name='com.intellij.inspections.tainted.annotation.equation.Equations'>
            <val val="{ &quot;event := #onCollectionAction(org.hibernate.event.spi.AbstractCollectionEvent, org.hibernate.collection.spi.PersistentCollection, java.io.Serializable, org.hibernate.engine.spi.CollectionEntry)#0 &amp; #onCollectionActionInversed(org.hibernate.event.spi.AbstractCollectionEvent, org.hibernate.collection.spi.PersistentCollection, java.io.Serializable, org.hibernate.engine.spi.CollectionEntry)#0 &amp; EnversPreCollectionRemoveEventListenerImpl#onPreRemoveCollection(org.hibernate.event.spi.PreCollectionRemoveEvent)#0&quot; }"/>
        </annotation>
    </item>
    <item name='org.hibernate.envers.event.spi.BaseEnversCollectionEventListener java.io.Serializable initializeCollection(org.hibernate.event.spi.AbstractCollectionEvent)'>
        <annotation name='com.intellij.inspections.tainted.annotation.equation.Equations'>
            <val val="{ &quot;event := EnversPreCollectionRemoveEventListenerImpl#onPreRemoveCollection(org.hibernate.event.spi.PreCollectionRemoveEvent)#0&quot;, &quot;initializeCollection := &quot; }"/>
        </annotation>
    </item>
    <item name='org.hibernate.envers.event.spi.BaseEnversCollectionEventListener java.lang.String sanitizeReferencingPropertyName(java.lang.String)'>
        <annotation name='com.intellij.inspections.tainted.annotation.equation.Equations'>
            <val val="{ &quot;sanitizeReferencingPropertyName := propertyName&quot;, &quot;propertyName := #searchForRelationDescription(java.lang.String, java.lang.String)#1&quot; }"/>
        </annotation>
    </item>
    <item name='org.hibernate.envers.event.spi.BaseEnversCollectionEventListener org.hibernate.engine.spi.CollectionEntry getCollectionEntry(org.hibernate.event.spi.AbstractCollectionEvent)'>
        <annotation name='com.intellij.inspections.tainted.annotation.equation.Equations'>
            <val val="{ &quot;event := #shouldGenerateRevision(org.hibernate.event.spi.AbstractCollectionEvent)#0 &amp; EnversPreCollectionRemoveEventListenerImpl#onPreRemoveCollection(org.hibernate.event.spi.PreCollectionRemoveEvent)#0 &amp; EnversPreCollectionUpdateEventListenerImpl#onPreUpdateCollection(org.hibernate.event.spi.PreCollectionUpdateEvent)#0 &amp; EnversPostCollectionRecreateEventListenerImpl#onPostRecreateCollection(org.hibernate.event.spi.PostCollectionRecreateEvent)#0&quot;, &quot;getCollectionEntry := &quot; }"/>
        </annotation>
    </item>
    <item name='org.hibernate.envers.event.spi.BaseEnversCollectionEventListener org.hibernate.envers.internal.entities.RelationDescription searchForRelationDescription(java.lang.String, java.lang.String)'>
        <annotation name='com.intellij.inspections.tainted.annotation.equation.Equations'>
            <val val="{ &quot;entityName := &quot;, &quot;referencingPropertyName := &quot;, &quot;searchForRelationDescription := &quot; }"/>
        </annotation>
    </item>
    <item name='org.hibernate.envers.event.spi.BaseEnversCollectionEventListener void generateBidirectionalCollectionChangeWorkUnits(org.hibernate.envers.internal.synchronization.AuditProcess, org.hibernate.event.spi.AbstractCollectionEvent, org.hibernate.envers.internal.synchronization.work.PersistentCollectionChangeWorkUnit, org.hibernate.envers.internal.entities.RelationDescription)'>
        <annotation name='com.intellij.inspections.tainted.annotation.equation.Equations'>
            <val val="{ &quot;rd := &quot;, &quot;auditProcess := &quot;, &quot;event := #onCollectionAction(org.hibernate.event.spi.AbstractCollectionEvent, org.hibernate.collection.spi.PersistentCollection, java.io.Serializable, org.hibernate.engine.spi.CollectionEntry)#0&quot;, &quot;workUnit := &quot; }"/>
        </annotation>
    </item>
    <item name='org.hibernate.envers.event.spi.BaseEnversCollectionEventListener void generateFakeBidirecationalRelationWorkUnits(org.hibernate.envers.internal.synchronization.AuditProcess, org.hibernate.collection.spi.PersistentCollection, java.io.Serializable, java.lang.String, java.lang.String, org.hibernate.event.spi.AbstractCollectionEvent, org.hibernate.envers.internal.entities.RelationDescription)'>
        <annotation name='com.intellij.inspections.tainted.annotation.equation.Equations'>
            <val val="{ &quot;rd := &quot;, &quot;referencingPropertyName := &quot;, &quot;collectionEntityName := &quot;, &quot;newColl := #onCollectionAction(org.hibernate.event.spi.AbstractCollectionEvent, org.hibernate.collection.spi.PersistentCollection, java.io.Serializable, org.hibernate.engine.spi.CollectionEntry)#1&quot;, &quot;event := #onCollectionAction(org.hibernate.event.spi.AbstractCollectionEvent, org.hibernate.collection.spi.PersistentCollection, java.io.Serializable, org.hibernate.engine.spi.CollectionEntry)#0&quot;, &quot;auditProcess := &quot;, &quot;oldColl := #onCollectionAction(org.hibernate.event.spi.AbstractCollectionEvent, org.hibernate.collection.spi.PersistentCollection, java.io.Serializable, org.hibernate.engine.spi.CollectionEntry)#2&quot; }"/>
        </annotation>
    </item>
    <item name='org.hibernate.envers.event.spi.BaseEnversCollectionEventListener void onCollectionAction(org.hibernate.event.spi.AbstractCollectionEvent, org.hibernate.collection.spi.PersistentCollection, java.io.Serializable, org.hibernate.engine.spi.CollectionEntry)'>
        <annotation name='com.intellij.inspections.tainted.annotation.equation.Equations'>
            <val val="{ &quot;newColl := #onCollectionActionInversed(org.hibernate.event.spi.AbstractCollectionEvent, org.hibernate.collection.spi.PersistentCollection, java.io.Serializable, org.hibernate.engine.spi.CollectionEntry)#1&quot;, &quot;collectionEntry := #onCollectionActionInversed(org.hibernate.event.spi.AbstractCollectionEvent, org.hibernate.collection.spi.PersistentCollection, java.io.Serializable, org.hibernate.engine.spi.CollectionEntry)#3&quot;, &quot;event := #onCollectionActionInversed(org.hibernate.event.spi.AbstractCollectionEvent, org.hibernate.collection.spi.PersistentCollection, java.io.Serializable, org.hibernate.engine.spi.CollectionEntry)#0 &amp; EnversPreCollectionRemoveEventListenerImpl#onPreRemoveCollection(org.hibernate.event.spi.PreCollectionRemoveEvent)#0 &amp; EnversPreCollectionUpdateEventListenerImpl#onPreUpdateCollection(org.hibernate.event.spi.PreCollectionUpdateEvent)#0 &amp; EnversPostCollectionRecreateEventListenerImpl#onPostRecreateCollection(org.hibernate.event.spi.PostCollectionRecreateEvent)#0&quot;, &quot;oldColl := #onCollectionActionInversed(org.hibernate.event.spi.AbstractCollectionEvent, org.hibernate.collection.spi.PersistentCollection, java.io.Serializable, org.hibernate.engine.spi.CollectionEntry)#2&quot; }"/>
        </annotation>
    </item>
    <item name='org.hibernate.envers.event.spi.BaseEnversCollectionEventListener void onCollectionActionInversed(org.hibernate.event.spi.AbstractCollectionEvent, org.hibernate.collection.spi.PersistentCollection, java.io.Serializable, org.hibernate.engine.spi.CollectionEntry)'>
        <annotation name='com.intellij.inspections.tainted.annotation.equation.Equations'>
            <val val="{ &quot;newColl := &quot;, &quot;oldColl := &quot;, &quot;collectionEntry := &quot;, &quot;event := EnversPreCollectionUpdateEventListenerImpl#onPreUpdateCollection(org.hibernate.event.spi.PreCollectionUpdateEvent)#0 &amp; EnversPostCollectionRecreateEventListenerImpl#onPostRecreateCollection(org.hibernate.event.spi.PostCollectionRecreateEvent)#0&quot; }"/>
        </annotation>
    </item>
    <item name='org.hibernate.envers.event.spi.BaseEnversEventListener'>
        <annotation name='com.intellij.inspections.tainted.annotation.equation.Equations'>
            <val val="{ &quot;BaseEnversEventListener := #BaseEnversEventListener(org.hibernate.envers.boot.internal.EnversService)#0&quot; }"/>
        </annotation>
    </item>
    <item name='org.hibernate.envers.event.spi.BaseEnversEventListener BaseEnversEventListener(org.hibernate.envers.boot.internal.EnversService)'>
        <annotation name='com.intellij.inspections.tainted.annotation.equation.Equations'>
            <val val="{ &quot;BaseEnversEventListener := BaseEnversEventListener&quot;, &quot;enversService := BaseEnversUpdateEventListener#BaseEnversUpdateEventListener(org.hibernate.envers.boot.internal.EnversService)#0 &amp; BaseEnversCollectionEventListener#BaseEnversCollectionEventListener(org.hibernate.envers.boot.internal.EnversService)#0 &amp; EnversPostInsertEventListenerImpl#EnversPostInsertEventListenerImpl(org.hibernate.envers.boot.internal.EnversService)#0 &amp; EnversPostDeleteEventListenerImpl#EnversPostDeleteEventListenerImpl(org.hibernate.envers.boot.internal.EnversService)#0&quot; }"/>
        </annotation>
    </item>
    <item name='org.hibernate.envers.event.spi.BaseEnversEventListener org.hibernate.envers.boot.internal.EnversService getEnversService()'>
        <annotation name='com.intellij.inspections.tainted.annotation.equation.Equations'>
            <val val="{ &quot;getEnversService := BaseEnversEventListener&quot; }"/>
        </annotation>
    </item>
    <item name='org.hibernate.envers.event.spi.BaseEnversEventListener void addCollectionChangeWorkUnit(org.hibernate.envers.internal.synchronization.AuditProcess, org.hibernate.engine.spi.SessionImplementor, java.lang.String, org.hibernate.envers.internal.entities.RelationDescription, java.lang.Object)'>
        <annotation name='com.intellij.inspections.tainted.annotation.equation.Equations'>
            <val val="{ &quot;session := #generateBidirectionalCollectionChangeWorkUnits(org.hibernate.envers.internal.synchronization.AuditProcess, org.hibernate.persister.entity.EntityPersister, java.lang.String, java.lang.Object[], java.lang.Object[], org.hibernate.engine.spi.SessionImplementor)#5&quot;, &quot;relDesc := &quot;, &quot;fromEntityName := #generateBidirectionalCollectionChangeWorkUnits(org.hibernate.envers.internal.synchronization.AuditProcess, org.hibernate.persister.entity.EntityPersister, java.lang.String, java.lang.Object[], java.lang.Object[], org.hibernate.engine.spi.SessionImplementor)#2&quot;, &quot;auditProcess := #generateBidirectionalCollectionChangeWorkUnits(org.hibernate.envers.internal.synchronization.AuditProcess, org.hibernate.persister.entity.EntityPersister, java.lang.String, java.lang.Object[], java.lang.Object[], org.hibernate.engine.spi.SessionImplementor)#0&quot;, &quot;value := #generateBidirectionalCollectionChangeWorkUnits(org.hibernate.envers.internal.synchronization.AuditProcess, org.hibernate.persister.entity.EntityPersister, java.lang.String, java.lang.Object[], java.lang.Object[], org.hibernate.engine.spi.SessionImplementor)#3 &amp; #generateBidirectionalCollectionChangeWorkUnits(org.hibernate.envers.internal.synchronization.AuditProcess, org.hibernate.persister.entity.EntityPersister, java.lang.String, java.lang.Object[], java.lang.Object[], org.hibernate.engine.spi.SessionImplementor)#4&quot; }"/>
        </annotation>
    </item>
    <item name='org.hibernate.envers.event.spi.BaseEnversEventListener void checkIfTransactionInProgress(org.hibernate.engine.spi.SessionImplementor)'>
        <annotation name='com.intellij.inspections.tainted.annotation.equation.Equations'>
            <val val="{ &quot;session := &quot; }"/>
        </annotation>
    </item>
    <item name='org.hibernate.envers.event.spi.BaseEnversEventListener void generateBidirectionalCollectionChangeWorkUnits(org.hibernate.envers.internal.synchronization.AuditProcess, org.hibernate.persister.entity.EntityPersister, java.lang.String, java.lang.Object[], java.lang.Object[], org.hibernate.engine.spi.SessionImplementor)'>
        <annotation name='com.intellij.inspections.tainted.annotation.equation.Equations'>
            <val val="{ &quot;oldState := &quot;, &quot;entityName := &quot;, &quot;auditProcess := &quot;, &quot;session := &quot;, &quot;entityPersister := &quot;, &quot;newState := &quot; }"/>
        </annotation>
    </item>
    <item name='org.hibernate.envers.event.spi.BaseEnversUpdateEventListener BaseEnversUpdateEventListener(org.hibernate.envers.boot.internal.EnversService)'>
        <annotation name='com.intellij.inspections.tainted.annotation.equation.Equations'>
            <val val="{ &quot;enversService := EnversPreUpdateEventListenerImpl#EnversPreUpdateEventListenerImpl(org.hibernate.envers.boot.internal.EnversService)#0 &amp; EnversPostUpdateEventListenerImpl#EnversPostUpdateEventListenerImpl(org.hibernate.envers.boot.internal.EnversService)#0&quot;, &quot;BaseEnversUpdateEventListener := BaseEnversUpdateEventListener&quot; }"/>
        </annotation>
    </item>
    <item name='org.hibernate.envers.event.spi.BaseEnversUpdateEventListener boolean isDetachedEntityUpdate(java.lang.String, java.lang.Object[])'>
        <annotation name='com.intellij.inspections.tainted.annotation.equation.Equations'>
            <val val="{ &quot;oldState := &quot;, &quot;entityName := EnversPostUpdateEventListenerImpl#getOldDBState(org.hibernate.envers.internal.synchronization.AuditProcess, java.lang.String, org.hibernate.event.spi.PostUpdateEvent)#1&quot; }"/>
        </annotation>
    </item>
    <item name='org.hibernate.envers.event.spi.EnversListenerDuplicationStrategy org.hibernate.event.service.spi.DuplicationStrategy.Action getAction()'>
        <annotation name='com.intellij.inspections.tainted.annotation.equation.Equations'>
            <val val="{ &quot;getAction := org.hibernate.event.service.spi.DuplicationStrategy.Action#KEEP_ORIGINAL&quot; }"/>
        </annotation>
    </item>
    <item name='org.hibernate.envers.event.spi.EnversPostCollectionRecreateEventListenerImpl EnversPostCollectionRecreateEventListenerImpl(org.hibernate.envers.boot.internal.EnversService)'>
        <annotation name='com.intellij.inspections.tainted.annotation.equation.Equations'>
            <val val="{ &quot;enversService := &quot;, &quot;EnversPostCollectionRecreateEventListenerImpl := EnversPostCollectionRecreateEventListenerImpl&quot; }"/>
        </annotation>
    </item>
    <item name='org.hibernate.envers.event.spi.EnversPostDeleteEventListenerImpl EnversPostDeleteEventListenerImpl(org.hibernate.envers.boot.internal.EnversService)'>
        <annotation name='com.intellij.inspections.tainted.annotation.equation.Equations'>
            <val val="{ &quot;enversService := &quot;, &quot;EnversPostDeleteEventListenerImpl := EnversPostDeleteEventListenerImpl&quot; }"/>
        </annotation>
    </item>
    <item name='org.hibernate.envers.event.spi.EnversPostInsertEventListenerImpl EnversPostInsertEventListenerImpl(org.hibernate.envers.boot.internal.EnversService)'>
        <annotation name='com.intellij.inspections.tainted.annotation.equation.Equations'>
            <val val="{ &quot;enversService := &quot;, &quot;EnversPostInsertEventListenerImpl := EnversPostInsertEventListenerImpl&quot; }"/>
        </annotation>
    </item>
    <item name='org.hibernate.envers.event.spi.EnversPostUpdateEventListenerImpl EnversPostUpdateEventListenerImpl(org.hibernate.envers.boot.internal.EnversService)'>
        <annotation name='com.intellij.inspections.tainted.annotation.equation.Equations'>
            <val val="{ &quot;EnversPostUpdateEventListenerImpl := EnversPostUpdateEventListenerImpl&quot;, &quot;enversService := &quot; }"/>
        </annotation>
    </item>
    <item name='org.hibernate.envers.event.spi.EnversPostUpdateEventListenerImpl java.lang.Object[] getOldDBState(org.hibernate.envers.internal.synchronization.AuditProcess, java.lang.String, org.hibernate.event.spi.PostUpdateEvent)'>
        <annotation name='com.intellij.inspections.tainted.annotation.equation.Equations'>
            <val val="{ &quot;event := #onPostUpdate(org.hibernate.event.spi.PostUpdateEvent)#0&quot;, &quot;auditProcess := &quot;, &quot;entityName := &quot;, &quot;getOldDBState := &quot; }"/>
        </annotation>
    </item>
    <item name='org.hibernate.envers.event.spi.EnversPostUpdateEventListenerImpl java.lang.Object[] postUpdateDBState(org.hibernate.event.spi.PostUpdateEvent)'>
        <annotation name='com.intellij.inspections.tainted.annotation.equation.Equations'>
            <val val="{ &quot;event := #onPostUpdate(org.hibernate.event.spi.PostUpdateEvent)#0&quot;, &quot;postUpdateDBState := event&quot; }"/>
        </annotation>
    </item>
    <item name='org.hibernate.envers.event.spi.EnversPreCollectionRemoveEventListenerImpl EnversPreCollectionRemoveEventListenerImpl(org.hibernate.envers.boot.internal.EnversService)'>
        <annotation name='com.intellij.inspections.tainted.annotation.equation.Equations'>
            <val val="{ &quot;EnversPreCollectionRemoveEventListenerImpl := EnversPreCollectionRemoveEventListenerImpl&quot;, &quot;enversService := &quot; }"/>
        </annotation>
    </item>
    <item name='org.hibernate.envers.event.spi.EnversPreCollectionUpdateEventListenerImpl EnversPreCollectionUpdateEventListenerImpl(org.hibernate.envers.boot.internal.EnversService)'>
        <annotation name='com.intellij.inspections.tainted.annotation.equation.Equations'>
            <val val="{ &quot;EnversPreCollectionUpdateEventListenerImpl := EnversPreCollectionUpdateEventListenerImpl&quot;, &quot;enversService := &quot; }"/>
        </annotation>
    </item>
    <item name='org.hibernate.envers.event.spi.EnversPreUpdateEventListenerImpl EnversPreUpdateEventListenerImpl(org.hibernate.envers.boot.internal.EnversService)'>
        <annotation name='com.intellij.inspections.tainted.annotation.equation.Equations'>
            <val val="{ &quot;EnversPreUpdateEventListenerImpl := EnversPreUpdateEventListenerImpl&quot;, &quot;enversService := &quot; }"/>
        </annotation>
    </item>
</root>