<root>
    <item name='javax.imageio.event.IIOReadProgressListener void imageComplete(javax.imageio.ImageReader)'>
        <annotation name='com.intellij.inspections.tainted.annotation.equation.Equations'>
            <val val="{ &quot;source := com.sun.imageio.plugins.jpeg.JFIFMarkerSegment.JFIFThumbJPEG.ThumbnailReadListener#imageComplete(javax.imageio.ImageReader)#0 &amp; com.sun.imageio.plugins.bmp.BMPImageReader.EmbeddedProgressAdapter#imageComplete(javax.imageio.ImageReader)#0&quot; }"/>
        </annotation>
    </item>
    <item name='javax.imageio.event.IIOReadProgressListener void imageProgress(javax.imageio.ImageReader, float)'>
        <annotation name='com.intellij.inspections.tainted.annotation.equation.Equations'>
            <val val="{ &quot;percentageDone := com.sun.imageio.plugins.jpeg.JFIFMarkerSegment.JFIFThumbJPEG.ThumbnailReadListener#imageProgress(javax.imageio.ImageReader, float)#1 &amp; com.sun.imageio.plugins.bmp.BMPImageReader.EmbeddedProgressAdapter#imageProgress(javax.imageio.ImageReader, float)#1&quot;, &quot;source := com.sun.imageio.plugins.jpeg.JFIFMarkerSegment.JFIFThumbJPEG.ThumbnailReadListener#imageProgress(javax.imageio.ImageReader, float)#0 &amp; com.sun.imageio.plugins.bmp.BMPImageReader.EmbeddedProgressAdapter#imageProgress(javax.imageio.ImageReader, float)#0&quot; }"/>
        </annotation>
    </item>
    <item name='javax.imageio.event.IIOReadProgressListener void imageStarted(javax.imageio.ImageReader, int)'>
        <annotation name='com.intellij.inspections.tainted.annotation.equation.Equations'>
            <val val="{ &quot;imageIndex := com.sun.imageio.plugins.jpeg.JFIFMarkerSegment.JFIFThumbJPEG.ThumbnailReadListener#imageStarted(javax.imageio.ImageReader, int)#1 &amp; com.sun.imageio.plugins.bmp.BMPImageReader.EmbeddedProgressAdapter#imageStarted(javax.imageio.ImageReader, int)#1&quot;, &quot;source := com.sun.imageio.plugins.jpeg.JFIFMarkerSegment.JFIFThumbJPEG.ThumbnailReadListener#imageStarted(javax.imageio.ImageReader, int)#0 &amp; com.sun.imageio.plugins.bmp.BMPImageReader.EmbeddedProgressAdapter#imageStarted(javax.imageio.ImageReader, int)#0&quot; }"/>
        </annotation>
    </item>
    <item name='javax.imageio.event.IIOReadProgressListener void readAborted(javax.imageio.ImageReader)'>
        <annotation name='com.intellij.inspections.tainted.annotation.equation.Equations'>
            <val val="{ &quot;source := com.sun.imageio.plugins.jpeg.JFIFMarkerSegment.JFIFThumbJPEG.ThumbnailReadListener#readAborted(javax.imageio.ImageReader)#0 &amp; com.sun.imageio.plugins.bmp.BMPImageReader.EmbeddedProgressAdapter#readAborted(javax.imageio.ImageReader)#0&quot; }"/>
        </annotation>
    </item>
    <item name='javax.imageio.event.IIOReadProgressListener void sequenceComplete(javax.imageio.ImageReader)'>
        <annotation name='com.intellij.inspections.tainted.annotation.equation.Equations'>
            <val val="{ &quot;source := com.sun.imageio.plugins.jpeg.JFIFMarkerSegment.JFIFThumbJPEG.ThumbnailReadListener#sequenceComplete(javax.imageio.ImageReader)#0 &amp; com.sun.imageio.plugins.bmp.BMPImageReader.EmbeddedProgressAdapter#sequenceComplete(javax.imageio.ImageReader)#0&quot; }"/>
        </annotation>
    </item>
    <item name='javax.imageio.event.IIOReadProgressListener void sequenceStarted(javax.imageio.ImageReader, int)'>
        <annotation name='com.intellij.inspections.tainted.annotation.equation.Equations'>
            <val val="{ &quot;minIndex := com.sun.imageio.plugins.bmp.BMPImageReader.EmbeddedProgressAdapter#sequenceStarted(javax.imageio.ImageReader, int)#1 &amp; com.sun.imageio.plugins.jpeg.JFIFMarkerSegment.JFIFThumbJPEG.ThumbnailReadListener#sequenceStarted(javax.imageio.ImageReader, int)#1 &amp; javax.imageio.ImageReader#processSequenceStarted(int)#0&quot;, &quot;source := com.sun.imageio.plugins.bmp.BMPImageReader.EmbeddedProgressAdapter#sequenceStarted(javax.imageio.ImageReader, int)#0 &amp; com.sun.imageio.plugins.jpeg.JFIFMarkerSegment.JFIFThumbJPEG.ThumbnailReadListener#sequenceStarted(javax.imageio.ImageReader, int)#0 &amp; javax.imageio.ImageReader&quot; }"/>
        </annotation>
    </item>
    <item name='javax.imageio.event.IIOReadProgressListener void thumbnailComplete(javax.imageio.ImageReader)'>
        <annotation name='com.intellij.inspections.tainted.annotation.equation.Equations'>
            <val val="{ &quot;source := com.sun.imageio.plugins.jpeg.JFIFMarkerSegment.JFIFThumbJPEG.ThumbnailReadListener#thumbnailComplete(javax.imageio.ImageReader)#0 &amp; com.sun.imageio.plugins.bmp.BMPImageReader.EmbeddedProgressAdapter#thumbnailComplete(javax.imageio.ImageReader)#0&quot; }"/>
        </annotation>
    </item>
    <item name='javax.imageio.event.IIOReadProgressListener void thumbnailProgress(javax.imageio.ImageReader, float)'>
        <annotation name='com.intellij.inspections.tainted.annotation.equation.Equations'>
            <val val="{ &quot;percentageDone := com.sun.imageio.plugins.jpeg.JFIFMarkerSegment.JFIFThumbJPEG.ThumbnailReadListener#thumbnailProgress(javax.imageio.ImageReader, float)#1 &amp; com.sun.imageio.plugins.bmp.BMPImageReader.EmbeddedProgressAdapter#thumbnailProgress(javax.imageio.ImageReader, float)#1&quot;, &quot;source := com.sun.imageio.plugins.jpeg.JFIFMarkerSegment.JFIFThumbJPEG.ThumbnailReadListener#thumbnailProgress(javax.imageio.ImageReader, float)#0 &amp; com.sun.imageio.plugins.bmp.BMPImageReader.EmbeddedProgressAdapter#thumbnailProgress(javax.imageio.ImageReader, float)#0&quot; }"/>
        </annotation>
    </item>
    <item name='javax.imageio.event.IIOReadProgressListener void thumbnailStarted(javax.imageio.ImageReader, int, int)'>
        <annotation name='com.intellij.inspections.tainted.annotation.equation.Equations'>
            <val val="{ &quot;thumbnailIndex := com.sun.imageio.plugins.bmp.BMPImageReader.EmbeddedProgressAdapter#thumbnailStarted(javax.imageio.ImageReader, int, int)#2 &amp; com.sun.imageio.plugins.jpeg.JFIFMarkerSegment.JFIFThumbJPEG.ThumbnailReadListener#thumbnailStarted(javax.imageio.ImageReader, int, int)#2 &amp; javax.imageio.ImageReader#processThumbnailStarted(int, int)#1&quot;, &quot;source := com.sun.imageio.plugins.bmp.BMPImageReader.EmbeddedProgressAdapter#thumbnailStarted(javax.imageio.ImageReader, int, int)#0 &amp; com.sun.imageio.plugins.jpeg.JFIFMarkerSegment.JFIFThumbJPEG.ThumbnailReadListener#thumbnailStarted(javax.imageio.ImageReader, int, int)#0 &amp; javax.imageio.ImageReader&quot;, &quot;imageIndex := com.sun.imageio.plugins.bmp.BMPImageReader.EmbeddedProgressAdapter#thumbnailStarted(javax.imageio.ImageReader, int, int)#1 &amp; com.sun.imageio.plugins.jpeg.JFIFMarkerSegment.JFIFThumbJPEG.ThumbnailReadListener#thumbnailStarted(javax.imageio.ImageReader, int, int)#1 &amp; javax.imageio.ImageReader#processThumbnailStarted(int, int)#0&quot; }"/>
        </annotation>
    </item>
    <item name='javax.imageio.event.IIOReadUpdateListener void thumbnailPassComplete(javax.imageio.ImageReader, java.awt.image.BufferedImage)'>
        <annotation name='com.intellij.inspections.tainted.annotation.equation.Equations'>
            <val val="{ &quot;source := javax.imageio.ImageReader&quot;, &quot;theThumbnail := javax.imageio.ImageReader#processThumbnailPassComplete(java.awt.image.BufferedImage)#0&quot; }"/>
        </annotation>
    </item>
    <item name='javax.imageio.event.IIOReadUpdateListener void thumbnailPassStarted(javax.imageio.ImageReader, java.awt.image.BufferedImage, int, int, int, int, int, int, int, int[])'>
        <annotation name='com.intellij.inspections.tainted.annotation.equation.Equations'>
            <val val="{ &quot;theThumbnail := javax.imageio.ImageReader#processThumbnailPassStarted(java.awt.image.BufferedImage, int, int, int, int, int, int, int, int[])#0&quot;, &quot;minPass := javax.imageio.ImageReader#processThumbnailPassStarted(java.awt.image.BufferedImage, int, int, int, int, int, int, int, int[])#2&quot;, &quot;pass := javax.imageio.ImageReader#processThumbnailPassStarted(java.awt.image.BufferedImage, int, int, int, int, int, int, int, int[])#1&quot;, &quot;bands := javax.imageio.ImageReader#processThumbnailPassStarted(java.awt.image.BufferedImage, int, int, int, int, int, int, int, int[])#8&quot;, &quot;minY := javax.imageio.ImageReader#processThumbnailPassStarted(java.awt.image.BufferedImage, int, int, int, int, int, int, int, int[])#5&quot;, &quot;source := javax.imageio.ImageReader&quot;, &quot;maxPass := javax.imageio.ImageReader#processThumbnailPassStarted(java.awt.image.BufferedImage, int, int, int, int, int, int, int, int[])#3&quot;, &quot;periodX := javax.imageio.ImageReader#processThumbnailPassStarted(java.awt.image.BufferedImage, int, int, int, int, int, int, int, int[])#6&quot;, &quot;minX := javax.imageio.ImageReader#processThumbnailPassStarted(java.awt.image.BufferedImage, int, int, int, int, int, int, int, int[])#4&quot;, &quot;periodY := javax.imageio.ImageReader#processThumbnailPassStarted(java.awt.image.BufferedImage, int, int, int, int, int, int, int, int[])#7&quot; }"/>
        </annotation>
    </item>
    <item name='javax.imageio.event.IIOReadUpdateListener void thumbnailUpdate(javax.imageio.ImageReader, java.awt.image.BufferedImage, int, int, int, int, int, int, int[])'>
        <annotation name='com.intellij.inspections.tainted.annotation.equation.Equations'>
            <val val="{ &quot;bands := javax.imageio.ImageReader#processThumbnailUpdate(java.awt.image.BufferedImage, int, int, int, int, int, int, int[])#7&quot;, &quot;source := javax.imageio.ImageReader&quot;, &quot;minX := javax.imageio.ImageReader#processThumbnailUpdate(java.awt.image.BufferedImage, int, int, int, int, int, int, int[])#1&quot;, &quot;periodY := javax.imageio.ImageReader#processThumbnailUpdate(java.awt.image.BufferedImage, int, int, int, int, int, int, int[])#6&quot;, &quot;theThumbnail := javax.imageio.ImageReader#processThumbnailUpdate(java.awt.image.BufferedImage, int, int, int, int, int, int, int[])#0&quot;, &quot;height := javax.imageio.ImageReader#processThumbnailUpdate(java.awt.image.BufferedImage, int, int, int, int, int, int, int[])#4&quot;, &quot;periodX := javax.imageio.ImageReader#processThumbnailUpdate(java.awt.image.BufferedImage, int, int, int, int, int, int, int[])#5&quot;, &quot;width := javax.imageio.ImageReader#processThumbnailUpdate(java.awt.image.BufferedImage, int, int, int, int, int, int, int[])#3&quot;, &quot;minY := javax.imageio.ImageReader#processThumbnailUpdate(java.awt.image.BufferedImage, int, int, int, int, int, int, int[])#2&quot; }"/>
        </annotation>
    </item>
    <item name='javax.imageio.event.IIOWriteProgressListener void imageComplete(javax.imageio.ImageWriter)'>
        <annotation name='com.intellij.inspections.tainted.annotation.equation.Equations'>
            <val val="{ &quot;source := javax.imageio.ImageWriter &amp; com.sun.imageio.plugins.bmp.BMPImageWriter.IIOWriteProgressAdapter#imageComplete(javax.imageio.ImageWriter)#0&quot; }"/>
        </annotation>
    </item>
    <item name='javax.imageio.event.IIOWriteProgressListener void imageProgress(javax.imageio.ImageWriter, float)'>
        <annotation name='com.intellij.inspections.tainted.annotation.equation.Equations'>
            <val val="{ &quot;percentageDone := com.sun.imageio.plugins.bmp.BMPImageWriter.IIOWriteProgressAdapter#imageProgress(javax.imageio.ImageWriter, float)#1 &amp; javax.imageio.ImageWriter#processImageProgress(float)#0&quot;, &quot;source := com.sun.imageio.plugins.bmp.BMPImageWriter.IIOWriteProgressAdapter#imageProgress(javax.imageio.ImageWriter, float)#0 &amp; javax.imageio.ImageWriter&quot; }"/>
        </annotation>
    </item>
    <item name='javax.imageio.event.IIOWriteProgressListener void imageStarted(javax.imageio.ImageWriter, int)'>
        <annotation name='com.intellij.inspections.tainted.annotation.equation.Equations'>
            <val val="{ &quot;imageIndex := com.sun.imageio.plugins.bmp.BMPImageWriter.IIOWriteProgressAdapter#imageStarted(javax.imageio.ImageWriter, int)#1&quot;, &quot;source := com.sun.imageio.plugins.bmp.BMPImageWriter.IIOWriteProgressAdapter#imageStarted(javax.imageio.ImageWriter, int)#0&quot; }"/>
        </annotation>
    </item>
    <item name='javax.imageio.event.IIOWriteProgressListener void thumbnailComplete(javax.imageio.ImageWriter)'>
        <annotation name='com.intellij.inspections.tainted.annotation.equation.Equations'>
            <val val="{ &quot;source := javax.imageio.ImageWriter &amp; com.sun.imageio.plugins.bmp.BMPImageWriter.IIOWriteProgressAdapter#thumbnailComplete(javax.imageio.ImageWriter)#0&quot; }"/>
        </annotation>
    </item>
    <item name='javax.imageio.event.IIOWriteProgressListener void thumbnailProgress(javax.imageio.ImageWriter, float)'>
        <annotation name='com.intellij.inspections.tainted.annotation.equation.Equations'>
            <val val="{ &quot;source := com.sun.imageio.plugins.bmp.BMPImageWriter.IIOWriteProgressAdapter#thumbnailProgress(javax.imageio.ImageWriter, float)#0 &amp; javax.imageio.ImageWriter&quot;, &quot;percentageDone := com.sun.imageio.plugins.bmp.BMPImageWriter.IIOWriteProgressAdapter#thumbnailProgress(javax.imageio.ImageWriter, float)#1 &amp; javax.imageio.ImageWriter#processThumbnailProgress(float)#0&quot; }"/>
        </annotation>
    </item>
    <item name='javax.imageio.event.IIOWriteProgressListener void thumbnailStarted(javax.imageio.ImageWriter, int, int)'>
        <annotation name='com.intellij.inspections.tainted.annotation.equation.Equations'>
            <val val="{ &quot;imageIndex := com.sun.imageio.plugins.bmp.BMPImageWriter.IIOWriteProgressAdapter#thumbnailStarted(javax.imageio.ImageWriter, int, int)#1 &amp; javax.imageio.ImageWriter#processThumbnailStarted(int, int)#0&quot;, &quot;thumbnailIndex := com.sun.imageio.plugins.bmp.BMPImageWriter.IIOWriteProgressAdapter#thumbnailStarted(javax.imageio.ImageWriter, int, int)#2 &amp; javax.imageio.ImageWriter#processThumbnailStarted(int, int)#1&quot;, &quot;source := com.sun.imageio.plugins.bmp.BMPImageWriter.IIOWriteProgressAdapter#thumbnailStarted(javax.imageio.ImageWriter, int, int)#0 &amp; javax.imageio.ImageWriter&quot; }"/>
        </annotation>
    </item>
    <item name='javax.imageio.event.IIOWriteProgressListener void writeAborted(javax.imageio.ImageWriter)'>
        <annotation name='com.intellij.inspections.tainted.annotation.equation.Equations'>
            <val val="{ &quot;source := com.sun.imageio.plugins.bmp.BMPImageWriter.IIOWriteProgressAdapter#writeAborted(javax.imageio.ImageWriter)#0&quot; }"/>
        </annotation>
    </item>
</root>