<root>
    <item name='javax.swing.border.AbstractBorder boolean isBorderOpaque()'>
        <annotation name='com.intellij.inspections.tainted.annotation.equation.Equations'>
            <val val="{ &quot;isBorderOpaque := sun.swing.plaf.synth.SynthFileChooserUI.UIBorder#isBorderOpaque() &amp; TitledBorder#isBorderOpaque() &amp; javax.swing.plaf.synth.SynthScrollPaneUI.ViewportBorder#isBorderOpaque() &amp; com.sun.java.swing.plaf.windows.WindowsInternalFrameUI.XPBorder#isBorderOpaque() &amp; BevelBorder#isBorderOpaque() &amp; com.sun.java.swing.plaf.gtk.GTKPainter.ListTableFocusBorder#isBorderOpaque() &amp; com.sun.java.swing.plaf.gtk.GTKPainter.TitledBorder#isBorderOpaque() &amp; javax.swing.plaf.synth.SynthBorder#isBorderOpaque() &amp; EmptyBorder#isBorderOpaque() &amp; LineBorder#isBorderOpaque() &amp; CompoundBorder#isBorderOpaque() &amp; EtchedBorder#isBorderOpaque()&quot; }"/>
        </annotation>
    </item>
    <item name='javax.swing.border.AbstractBorder int getBaseline(java.awt.Component, int, int)'>
        <annotation name='com.intellij.inspections.tainted.annotation.equation.Equations'>
            <val val="{ &quot;getBaseline := TitledBorder#getBaseline(java.awt.Component, int, int)&quot; }"/>
        </annotation>
    </item>
    <item name='javax.swing.border.AbstractBorder java.awt.Component.BaselineResizeBehavior getBaselineResizeBehavior(java.awt.Component)'>
        <annotation name='com.intellij.inspections.tainted.annotation.equation.Equations'>
            <val val="{ &quot;getBaselineResizeBehavior := TitledBorder#getBaselineResizeBehavior(java.awt.Component)&quot; }"/>
        </annotation>
    </item>
    <item name='javax.swing.border.AbstractBorder java.awt.Insets getBorderInsets(java.awt.Component)'>
        <annotation name='com.intellij.inspections.tainted.annotation.equation.Equations'>
            <val val="{ &quot;c := Border#getBorderInsets(java.awt.Component)#0 &amp; MatteBorder#paintBorder(java.awt.Component, java.awt.Graphics, int, int, int, int)#0 &amp; Border#getBorderInsets(java.awt.Component)#0 &amp; TitledBorder#getMinimumSize(java.awt.Component)#0&quot; }"/>
        </annotation>
    </item>
    <item name='javax.swing.border.AbstractBorder java.awt.Insets getBorderInsets(java.awt.Component, java.awt.Insets)'>
        <annotation name='com.intellij.inspections.tainted.annotation.equation.Equations'>
            <val val="{ &quot;getBorderInsets := sun.swing.plaf.synth.SynthFileChooserUI.UIBorder#getBorderInsets(java.awt.Component, java.awt.Insets) &amp; TitledBorder#getBorderInsets(java.awt.Component, java.awt.Insets) &amp; javax.swing.plaf.synth.SynthScrollPaneUI.ViewportBorder#getBorderInsets(java.awt.Component, java.awt.Insets) &amp; com.sun.java.swing.plaf.windows.WindowsInternalFrameUI.XPBorder#getBorderInsets(java.awt.Component, java.awt.Insets) &amp; BevelBorder#getBorderInsets(java.awt.Component, java.awt.Insets) &amp; com.sun.java.swing.plaf.gtk.GTKPainter.ListTableFocusBorder#getBorderInsets(java.awt.Component, java.awt.Insets) &amp; com.sun.java.swing.plaf.gtk.GTKPainter.TitledBorder#getBorderInsets(java.awt.Component, java.awt.Insets) &amp; javax.swing.text.html.CSSBorder#getBorderInsets(java.awt.Component, java.awt.Insets) &amp; javax.swing.plaf.metal.MetalBorders.ButtonBorder#getBorderInsets(java.awt.Component, java.awt.Insets) &amp; javax.swing.plaf.metal.MetalBorders.Flush3DBorder#getBorderInsets(java.awt.Component, java.awt.Insets) &amp; javax.swing.plaf.metal.MetalBorders.InternalFrameBorder#getBorderInsets(java.awt.Component, java.awt.Insets) &amp; javax.swing.plaf.metal.MetalBorders.FrameBorder#getBorderInsets(java.awt.Component, java.awt.Insets) &amp; javax.swing.plaf.metal.MetalBorders.DialogBorder#getBorderInsets(java.awt.Component, java.awt.Insets) &amp; javax.swing.plaf.metal.MetalBorders.PaletteBorder#getBorderInsets(java.awt.Component, java.awt.Insets) &amp; javax.swing.plaf.metal.MetalBorders.OptionDialogBorder#getBorderInsets(java.awt.Component, java.awt.Insets) &amp; javax.swing.plaf.metal.MetalBorders.MenuBarBorder#getBorderInsets(java.awt.Component, java.awt.Insets) &amp; javax.swing.plaf.metal.MetalBorders.MenuItemBorder#getBorderInsets(java.awt.Component, java.awt.Insets) &amp; javax.swing.plaf.metal.MetalBorders.PopupMenuBorder#getBorderInsets(java.awt.Component, java.awt.Insets) &amp; javax.swing.plaf.metal.MetalBorders.ToolBarBorder#getBorderInsets(java.awt.Component, java.awt.Insets) &amp; javax.swing.plaf.metal.MetalBorders.ScrollPaneBorder#getBorderInsets(java.awt.Component, java.awt.Insets) &amp; javax.swing.plaf.metal.MetalBorders.TableHeaderBorder#getBorderInsets(java.awt.Component, java.awt.Insets) &amp; com.sun.java.swing.plaf.windows.XPStyle.XPImageBorder#getBorderInsets(java.awt.Component, java.awt.Insets) &amp; com.sun.java.swing.plaf.motif.MotifBorders.MotifPopupMenuBorder#getBorderInsets(java.awt.Component, java.awt.Insets) &amp; javax.swing.plaf.synth.SynthBorder#getBorderInsets(java.awt.Component, java.awt.Insets) &amp; com.sun.java.swing.plaf.motif.MotifBorders.BevelBorder#getBorderInsets(java.awt.Component, java.awt.Insets) &amp; com.sun.java.swing.plaf.motif.MotifBorders.FocusBorder#getBorderInsets(java.awt.Component, java.awt.Insets) &amp; com.sun.java.swing.plaf.motif.MotifBorders.FrameBorder#getBorderInsets(java.awt.Component, java.awt.Insets) &amp; com.sun.java.swing.plaf.motif.MotifBorders.ButtonBorder#getBorderInsets(java.awt.Component, java.awt.Insets) &amp; com.sun.java.swing.plaf.windows.WindowsBorders.ProgressBarBorder#getBorderInsets(java.awt.Component, java.awt.Insets) &amp; javax.swing.plaf.basic.BasicBorders.ButtonBorder#getBorderInsets(java.awt.Component, java.awt.Insets) &amp; com.sun.java.swing.plaf.windows.WindowsBorders.ToolBarBorder#getBorderInsets(java.awt.Component, java.awt.Insets) &amp; javax.swing.plaf.basic.BasicBorders.MarginBorder#getBorderInsets(java.awt.Component, java.awt.Insets) &amp; EmptyBorder#getBorderInsets(java.awt.Component, java.awt.Insets) &amp; javax.swing.plaf.basic.BasicBorders.MenuBarBorder#getBorderInsets(java.awt.Component, java.awt.Insets) &amp; javax.swing.plaf.basic.BasicBorders.FieldBorder#getBorderInsets(java.awt.Component, java.awt.Insets) &amp; javax.swing.plaf.metal.MetalComboBoxEditor.EditorBorder#getBorderInsets(java.awt.Component, java.awt.Insets) &amp; LineBorder#getBorderInsets(java.awt.Component, java.awt.Insets) &amp; StrokeBorder#getBorderInsets(java.awt.Component, java.awt.Insets) &amp; EtchedBorder#getBorderInsets(java.awt.Component, java.awt.Insets) &amp; CompoundBorder#getBorderInsets(java.awt.Component, java.awt.Insets)&quot; }"/>
        </annotation>
    </item>
    <item name='javax.swing.border.AbstractBorder java.awt.Rectangle getInteriorRectangle(java.awt.Component, javax.swing.border.Border, int, int, int, int)'>
        <annotation name='com.intellij.inspections.tainted.annotation.equation.Equations'>
            <val val="{ &quot;c := com.sun.java.swing.plaf.motif.MotifButtonUI#paintIcon(java.awt.Graphics, javax.swing.JComponent, java.awt.Rectangle)#1 &amp; #getInteriorRectangle(java.awt.Component, int, int, int, int)#0&quot;, &quot;x := #getInteriorRectangle(java.awt.Component, int, int, int, int)#1&quot;, &quot;height := #getInteriorRectangle(java.awt.Component, int, int, int, int)#4&quot;, &quot;b := AbstractBorder&quot;, &quot;y := #getInteriorRectangle(java.awt.Component, int, int, int, int)#2&quot;, &quot;width := #getInteriorRectangle(java.awt.Component, int, int, int, int)#3&quot; }"/>
        </annotation>
    </item>
    <item name='javax.swing.border.AbstractBorder void paintBorder(java.awt.Component, java.awt.Graphics, int, int, int, int)'>
        <annotation name='com.intellij.inspections.tainted.annotation.equation.Equations'>
            <val val="{ &quot;height := Border#paintBorder(java.awt.Component, java.awt.Graphics, int, int, int, int)#5 &amp; Border#paintBorder(java.awt.Component, java.awt.Graphics, int, int, int, int)#5&quot;, &quot;y := Border#paintBorder(java.awt.Component, java.awt.Graphics, int, int, int, int)#3 &amp; Border#paintBorder(java.awt.Component, java.awt.Graphics, int, int, int, int)#3&quot;, &quot;c := Border#paintBorder(java.awt.Component, java.awt.Graphics, int, int, int, int)#0 &amp; Border#paintBorder(java.awt.Component, java.awt.Graphics, int, int, int, int)#0&quot;, &quot;width := Border#paintBorder(java.awt.Component, java.awt.Graphics, int, int, int, int)#4 &amp; Border#paintBorder(java.awt.Component, java.awt.Graphics, int, int, int, int)#4&quot;, &quot;x := Border#paintBorder(java.awt.Component, java.awt.Graphics, int, int, int, int)#2 &amp; Border#paintBorder(java.awt.Component, java.awt.Graphics, int, int, int, int)#2&quot;, &quot;g := Border#paintBorder(java.awt.Component, java.awt.Graphics, int, int, int, int)#1 &amp; Border#paintBorder(java.awt.Component, java.awt.Graphics, int, int, int, int)#1&quot; }"/>
        </annotation>
    </item>
    <item name='javax.swing.border.BevelBorder BevelBorder(int)'>
        <annotation name='com.intellij.inspections.tainted.annotation.equation.Equations'>
            <val val="{ &quot;BevelBorder := BevelBorder&quot;, &quot;bevelType := #RAISED &amp; javax.swing.plaf.BorderUIResource.BevelBorderUIResource#BevelBorderUIResource(int)#0 &amp; #BevelBorder(int, java.awt.Color, java.awt.Color, java.awt.Color, java.awt.Color)#0 &amp; SoftBevelBorder#SoftBevelBorder(int)#0 &amp; #LOWERED&quot; }"/>
        </annotation>
    </item>
    <item name='javax.swing.border.BevelBorder BevelBorder(int, java.awt.Color, java.awt.Color)'>
        <annotation name='com.intellij.inspections.tainted.annotation.equation.Equations'>
            <val val="{ &quot;highlight := javax.swing.plaf.BorderUIResource.BevelBorderUIResource#BevelBorderUIResource(int, java.awt.Color, java.awt.Color)#1 &amp; SoftBevelBorder#SoftBevelBorder(int, java.awt.Color, java.awt.Color)#1 &amp; javax.swing.BorderFactory#createBevelBorder(int, java.awt.Color, java.awt.Color)#1&quot;, &quot;bevelType := javax.swing.plaf.BorderUIResource.BevelBorderUIResource#BevelBorderUIResource(int, java.awt.Color, java.awt.Color)#0 &amp; SoftBevelBorder#SoftBevelBorder(int, java.awt.Color, java.awt.Color)#0 &amp; javax.swing.BorderFactory#createBevelBorder(int, java.awt.Color, java.awt.Color)#0&quot;, &quot;BevelBorder := BevelBorder&quot;, &quot;shadow := javax.swing.plaf.BorderUIResource.BevelBorderUIResource#BevelBorderUIResource(int, java.awt.Color, java.awt.Color)#2 &amp; SoftBevelBorder#SoftBevelBorder(int, java.awt.Color, java.awt.Color)#2 &amp; javax.swing.BorderFactory#createBevelBorder(int, java.awt.Color, java.awt.Color)#2&quot; }"/>
        </annotation>
    </item>
    <item name='javax.swing.border.BevelBorder BevelBorder(int, java.awt.Color, java.awt.Color, java.awt.Color, java.awt.Color)'>
        <annotation name='com.intellij.inspections.tainted.annotation.equation.Equations'>
            <val val="{ &quot;highlightInnerColor := javax.swing.plaf.BorderUIResource.BevelBorderUIResource#BevelBorderUIResource(int, java.awt.Color, java.awt.Color, java.awt.Color, java.awt.Color)#2 &amp; #BevelBorder(int, java.awt.Color, java.awt.Color)#1 &amp; SoftBevelBorder#SoftBevelBorder(int, java.awt.Color, java.awt.Color, java.awt.Color, java.awt.Color)#2 &amp; javax.swing.BorderFactory#createBevelBorder(int, java.awt.Color, java.awt.Color, java.awt.Color, java.awt.Color)#2&quot;, &quot;highlightOuterColor := javax.swing.plaf.BorderUIResource.BevelBorderUIResource#BevelBorderUIResource(int, java.awt.Color, java.awt.Color, java.awt.Color, java.awt.Color)#1 &amp; SoftBevelBorder#SoftBevelBorder(int, java.awt.Color, java.awt.Color, java.awt.Color, java.awt.Color)#1 &amp; javax.swing.BorderFactory#createBevelBorder(int, java.awt.Color, java.awt.Color, java.awt.Color, java.awt.Color)#1&quot;, &quot;BevelBorder := BevelBorder&quot;, &quot;shadowInnerColor := javax.swing.plaf.BorderUIResource.BevelBorderUIResource#BevelBorderUIResource(int, java.awt.Color, java.awt.Color, java.awt.Color, java.awt.Color)#4 &amp; SoftBevelBorder#SoftBevelBorder(int, java.awt.Color, java.awt.Color, java.awt.Color, java.awt.Color)#4 &amp; javax.swing.BorderFactory#createBevelBorder(int, java.awt.Color, java.awt.Color, java.awt.Color, java.awt.Color)#4&quot;, &quot;bevelType := #RAISED &amp; javax.swing.plaf.BorderUIResource.BevelBorderUIResource#BevelBorderUIResource(int, java.awt.Color, java.awt.Color, java.awt.Color, java.awt.Color)#0 &amp; #BevelBorder(int, java.awt.Color, java.awt.Color)#0 &amp; SoftBevelBorder#SoftBevelBorder(int, java.awt.Color, java.awt.Color, java.awt.Color, java.awt.Color)#0 &amp; javax.swing.BorderFactory#createBevelBorder(int, java.awt.Color, java.awt.Color, java.awt.Color, java.awt.Color)#0&quot;, &quot;shadowOuterColor := javax.swing.plaf.BorderUIResource.BevelBorderUIResource#BevelBorderUIResource(int, java.awt.Color, java.awt.Color, java.awt.Color, java.awt.Color)#3 &amp; #BevelBorder(int, java.awt.Color, java.awt.Color)#2 &amp; SoftBevelBorder#SoftBevelBorder(int, java.awt.Color, java.awt.Color, java.awt.Color, java.awt.Color)#3 &amp; javax.swing.BorderFactory#createBevelBorder(int, java.awt.Color, java.awt.Color, java.awt.Color, java.awt.Color)#3&quot; }"/>
        </annotation>
    </item>
    <item name='javax.swing.border.BevelBorder boolean isBorderOpaque()'>
        <annotation name='com.intellij.inspections.tainted.annotation.equation.Equations'>
            <val val="{ &quot;isBorderOpaque := SoftBevelBorder#isBorderOpaque()&quot; }"/>
        </annotation>
    </item>
    <item name='javax.swing.border.BevelBorder int getBevelType()'>
        <annotation name='com.intellij.inspections.tainted.annotation.equation.Equations'>
            <val val="{ &quot;getBevelType := BevelBorder&quot; }"/>
        </annotation>
    </item>
    <item name='javax.swing.border.BevelBorder java.awt.Color getHighlightInnerColor()'>
        <annotation name='com.intellij.inspections.tainted.annotation.equation.Equations'>
            <val val="{ &quot;getHighlightInnerColor := BevelBorder&quot; }"/>
        </annotation>
    </item>
    <item name='javax.swing.border.BevelBorder java.awt.Color getHighlightInnerColor(java.awt.Component)'>
        <annotation name='com.intellij.inspections.tainted.annotation.equation.Equations'>
            <val val="{ &quot;c := #paintRaisedBevel(java.awt.Component, java.awt.Graphics, int, int, int, int)#0 &amp; #paintLoweredBevel(java.awt.Component, java.awt.Graphics, int, int, int, int)#0 &amp; SoftBevelBorder#paintBorder(java.awt.Component, java.awt.Graphics, int, int, int, int)#0&quot; }"/>
        </annotation>
    </item>
    <item name='javax.swing.border.BevelBorder java.awt.Color getHighlightOuterColor()'>
        <annotation name='com.intellij.inspections.tainted.annotation.equation.Equations'>
            <val val="{ &quot;getHighlightOuterColor := BevelBorder&quot; }"/>
        </annotation>
    </item>
    <item name='javax.swing.border.BevelBorder java.awt.Color getHighlightOuterColor(java.awt.Component)'>
        <annotation name='com.intellij.inspections.tainted.annotation.equation.Equations'>
            <val val="{ &quot;c := #paintRaisedBevel(java.awt.Component, java.awt.Graphics, int, int, int, int)#0 &amp; #paintLoweredBevel(java.awt.Component, java.awt.Graphics, int, int, int, int)#0 &amp; SoftBevelBorder#paintBorder(java.awt.Component, java.awt.Graphics, int, int, int, int)#0&quot; }"/>
        </annotation>
    </item>
    <item name='javax.swing.border.BevelBorder java.awt.Color getShadowInnerColor()'>
        <annotation name='com.intellij.inspections.tainted.annotation.equation.Equations'>
            <val val="{ &quot;getShadowInnerColor := BevelBorder&quot; }"/>
        </annotation>
    </item>
    <item name='javax.swing.border.BevelBorder java.awt.Color getShadowInnerColor(java.awt.Component)'>
        <annotation name='com.intellij.inspections.tainted.annotation.equation.Equations'>
            <val val="{ &quot;c := #paintRaisedBevel(java.awt.Component, java.awt.Graphics, int, int, int, int)#0 &amp; #paintLoweredBevel(java.awt.Component, java.awt.Graphics, int, int, int, int)#0 &amp; SoftBevelBorder#paintBorder(java.awt.Component, java.awt.Graphics, int, int, int, int)#0&quot; }"/>
        </annotation>
    </item>
    <item name='javax.swing.border.BevelBorder java.awt.Color getShadowOuterColor()'>
        <annotation name='com.intellij.inspections.tainted.annotation.equation.Equations'>
            <val val="{ &quot;getShadowOuterColor := BevelBorder&quot; }"/>
        </annotation>
    </item>
    <item name='javax.swing.border.BevelBorder java.awt.Color getShadowOuterColor(java.awt.Component)'>
        <annotation name='com.intellij.inspections.tainted.annotation.equation.Equations'>
            <val val="{ &quot;c := #paintRaisedBevel(java.awt.Component, java.awt.Graphics, int, int, int, int)#0 &amp; #paintLoweredBevel(java.awt.Component, java.awt.Graphics, int, int, int, int)#0 &amp; SoftBevelBorder#paintBorder(java.awt.Component, java.awt.Graphics, int, int, int, int)#0&quot; }"/>
        </annotation>
    </item>
    <item name='javax.swing.border.BevelBorder java.awt.Insets getBorderInsets(java.awt.Component, java.awt.Insets)'>
        <annotation name='com.intellij.inspections.tainted.annotation.equation.Equations'>
            <val val="{ &quot;getBorderInsets := insets &amp; SoftBevelBorder#getBorderInsets(java.awt.Component, java.awt.Insets)&quot;, &quot;insets := AbstractBorder#getBorderInsets(java.awt.Component, java.awt.Insets)#1 &amp; AbstractBorder#getBorderInsets(java.awt.Component, java.awt.Insets)#1&quot;, &quot;c := AbstractBorder#getBorderInsets(java.awt.Component, java.awt.Insets)#0 &amp; AbstractBorder#getBorderInsets(java.awt.Component, java.awt.Insets)#0&quot; }"/>
        </annotation>
    </item>
    <item name='javax.swing.border.BevelBorder void paintBorder(java.awt.Component, java.awt.Graphics, int, int, int, int)'>
        <annotation name='com.intellij.inspections.tainted.annotation.equation.Equations'>
            <val val="{ &quot;g := AbstractBorder#paintBorder(java.awt.Component, java.awt.Graphics, int, int, int, int)#1 &amp; AbstractBorder#paintBorder(java.awt.Component, java.awt.Graphics, int, int, int, int)#1&quot;, &quot;x := AbstractBorder#paintBorder(java.awt.Component, java.awt.Graphics, int, int, int, int)#2 &amp; AbstractBorder#paintBorder(java.awt.Component, java.awt.Graphics, int, int, int, int)#2&quot;, &quot;y := AbstractBorder#paintBorder(java.awt.Component, java.awt.Graphics, int, int, int, int)#3 &amp; AbstractBorder#paintBorder(java.awt.Component, java.awt.Graphics, int, int, int, int)#3&quot;, &quot;width := AbstractBorder#paintBorder(java.awt.Component, java.awt.Graphics, int, int, int, int)#4 &amp; AbstractBorder#paintBorder(java.awt.Component, java.awt.Graphics, int, int, int, int)#4&quot;, &quot;c := AbstractBorder#paintBorder(java.awt.Component, java.awt.Graphics, int, int, int, int)#0 &amp; AbstractBorder#paintBorder(java.awt.Component, java.awt.Graphics, int, int, int, int)#0&quot;, &quot;height := AbstractBorder#paintBorder(java.awt.Component, java.awt.Graphics, int, int, int, int)#5 &amp; AbstractBorder#paintBorder(java.awt.Component, java.awt.Graphics, int, int, int, int)#5&quot; }"/>
        </annotation>
    </item>
    <item name='javax.swing.border.BevelBorder void paintLoweredBevel(java.awt.Component, java.awt.Graphics, int, int, int, int)'>
        <annotation name='com.intellij.inspections.tainted.annotation.equation.Equations'>
            <val val="{ &quot;width := #paintBorder(java.awt.Component, java.awt.Graphics, int, int, int, int)#4&quot;, &quot;c := #paintBorder(java.awt.Component, java.awt.Graphics, int, int, int, int)#0&quot;, &quot;height := #paintBorder(java.awt.Component, java.awt.Graphics, int, int, int, int)#5&quot;, &quot;g := #paintBorder(java.awt.Component, java.awt.Graphics, int, int, int, int)#1&quot;, &quot;y := #paintBorder(java.awt.Component, java.awt.Graphics, int, int, int, int)#3&quot;, &quot;x := #paintBorder(java.awt.Component, java.awt.Graphics, int, int, int, int)#2&quot; }"/>
        </annotation>
    </item>
    <item name='javax.swing.border.BevelBorder void paintRaisedBevel(java.awt.Component, java.awt.Graphics, int, int, int, int)'>
        <annotation name='com.intellij.inspections.tainted.annotation.equation.Equations'>
            <val val="{ &quot;c := #paintBorder(java.awt.Component, java.awt.Graphics, int, int, int, int)#0&quot;, &quot;x := #paintBorder(java.awt.Component, java.awt.Graphics, int, int, int, int)#2&quot;, &quot;y := #paintBorder(java.awt.Component, java.awt.Graphics, int, int, int, int)#3&quot;, &quot;width := #paintBorder(java.awt.Component, java.awt.Graphics, int, int, int, int)#4&quot;, &quot;height := #paintBorder(java.awt.Component, java.awt.Graphics, int, int, int, int)#5&quot;, &quot;g := #paintBorder(java.awt.Component, java.awt.Graphics, int, int, int, int)#1&quot; }"/>
        </annotation>
    </item>
    <item name='javax.swing.border.Border boolean isBorderOpaque()'>
        <annotation name='com.intellij.inspections.tainted.annotation.equation.Equations'>
            <val val="{ &quot;isBorderOpaque := AbstractBorder#isBorderOpaque() &amp; javax.swing.plaf.nimbus.NimbusDefaults.PainterBorder#isBorderOpaque() &amp; javax.swing.text.html.HiddenTagView.StartTagBorder#isBorderOpaque() &amp; javax.swing.text.html.HiddenTagView.EndTagBorder#isBorderOpaque() &amp; com.sun.java.swing.plaf.windows.WindowsTableHeaderUI.IconBorder#isBorderOpaque() &amp; javax.swing.plaf.nimbus.LoweredBorder#isBorderOpaque() &amp; javax.swing.plaf.basic.BasicBorders.SplitPaneBorder#isBorderOpaque() &amp; javax.swing.plaf.basic.BasicBorders.SplitPaneDividerBorder#isBorderOpaque() &amp; javax.swing.plaf.BorderUIResource#isBorderOpaque()&quot; }"/>
        </annotation>
    </item>
    <item name='javax.swing.border.Border java.awt.Insets getBorderInsets(java.awt.Component)'>
        <annotation name='com.intellij.inspections.tainted.annotation.equation.Equations'>
            <val val="{ &quot;getBorderInsets := javax.swing.plaf.nimbus.NimbusDefaults.PainterBorder#getBorderInsets(java.awt.Component) &amp; javax.swing.text.html.HiddenTagView.StartTagBorder#getBorderInsets(java.awt.Component) &amp; javax.swing.text.html.HiddenTagView.EndTagBorder#getBorderInsets(java.awt.Component) &amp; com.sun.java.swing.plaf.windows.WindowsTableHeaderUI.IconBorder#getBorderInsets(java.awt.Component) &amp; AbstractBorder#getBorderInsets(java.awt.Component) &amp; javax.swing.plaf.nimbus.LoweredBorder#getBorderInsets(java.awt.Component) &amp; javax.swing.plaf.basic.BasicBorders.SplitPaneBorder#getBorderInsets(java.awt.Component) &amp; javax.swing.plaf.basic.BasicBorders.SplitPaneDividerBorder#getBorderInsets(java.awt.Component) &amp; javax.swing.plaf.BorderUIResource#getBorderInsets(java.awt.Component)&quot; }"/>
        </annotation>
    </item>
    <item name='javax.swing.border.Border void paintBorder(java.awt.Component, java.awt.Graphics, int, int, int, int)'>
        <annotation name='com.intellij.inspections.tainted.annotation.equation.Equations'>
            <val val="{ &quot;c := sun.swing.text.TextComponentPrintable &amp; com.sun.java.swing.plaf.windows.WindowsBorders.ToolBarBorder#paintBorder(java.awt.Component, java.awt.Graphics, int, int, int, int)#0 &amp; javax.swing.plaf.basic.BasicScrollPaneUI &amp; javax.swing.plaf.basic.BasicSplitPaneDivider &amp; javax.swing.plaf.synth.SynthScrollPaneUI &amp; javax.swing.plaf.BorderUIResource#paintBorder(java.awt.Component, java.awt.Graphics, int, int, int, int)#0 &amp; CompoundBorder#paintBorder(java.awt.Component, java.awt.Graphics, int, int, int, int)#0 &amp; TitledBorder#paintBorder(java.awt.Component, java.awt.Graphics, int, int, int, int)#0 &amp; javax.swing.JComponent &amp; sun.swing.text.TextComponentPrintable&quot;, &quot;height := com.sun.java.swing.plaf.windows.WindowsBorders.ToolBarBorder#paintBorder(java.awt.Component, java.awt.Graphics, int, int, int, int)#5 &amp; javax.swing.plaf.BorderUIResource#paintBorder(java.awt.Component, java.awt.Graphics, int, int, int, int)#5 &amp; javax.swing.text.html.StyleSheet.BoxPainter#paint(java.awt.Graphics, float, float, float, float, javax.swing.text.View)#4 &amp; javax.swing.text.html.StyleSheet.BoxPainter &amp; CompoundBorder#paintBorder(java.awt.Component, java.awt.Graphics, int, int, int, int)#5 &amp; TitledBorder#paintBorder(java.awt.Component, java.awt.Graphics, int, int, int, int)#5 &amp; TitledBorder#EDGE_SPACING&quot;, &quot;x := javax.swing.plaf.BorderUIResource#paintBorder(java.awt.Component, java.awt.Graphics, int, int, int, int)#2 &amp; javax.swing.text.html.StyleSheet.BoxPainter#paint(java.awt.Graphics, float, float, float, float, javax.swing.text.View)#1 &amp; CompoundBorder#paintBorder(java.awt.Component, java.awt.Graphics, int, int, int, int)#2 &amp; TitledBorder#paintBorder(java.awt.Component, java.awt.Graphics, int, int, int, int)#2 &amp; TitledBorder#EDGE_SPACING&quot;, &quot;width := com.sun.java.swing.plaf.windows.WindowsBorders.ToolBarBorder#paintBorder(java.awt.Component, java.awt.Graphics, int, int, int, int)#4 &amp; javax.swing.plaf.BorderUIResource#paintBorder(java.awt.Component, java.awt.Graphics, int, int, int, int)#4 &amp; javax.swing.text.html.StyleSheet.BoxPainter#paint(java.awt.Graphics, float, float, float, float, javax.swing.text.View)#3 &amp; CompoundBorder#paintBorder(java.awt.Component, java.awt.Graphics, int, int, int, int)#4 &amp; TitledBorder#paintBorder(java.awt.Component, java.awt.Graphics, int, int, int, int)#4 &amp; TitledBorder#EDGE_SPACING&quot;, &quot;g := com.sun.java.swing.plaf.windows.WindowsBorders.ToolBarBorder#paintBorder(java.awt.Component, java.awt.Graphics, int, int, int, int)#1 &amp; javax.swing.plaf.basic.BasicScrollPaneUI#paint(java.awt.Graphics, javax.swing.JComponent)#0 &amp; javax.swing.plaf.basic.BasicSplitPaneDivider#paint(java.awt.Graphics)#0 &amp; javax.swing.plaf.synth.SynthScrollPaneUI#paint(javax.swing.plaf.synth.SynthContext, java.awt.Graphics)#1 &amp; javax.swing.plaf.BorderUIResource#paintBorder(java.awt.Component, java.awt.Graphics, int, int, int, int)#1 &amp; javax.swing.text.html.StyleSheet.BoxPainter#paint(java.awt.Graphics, float, float, float, float, javax.swing.text.View)#0 &amp; CompoundBorder#paintBorder(java.awt.Component, java.awt.Graphics, int, int, int, int)#1 &amp; TitledBorder#paintBorder(java.awt.Component, java.awt.Graphics, int, int, int, int)#1 &amp; javax.swing.JComponent#paintBorder(java.awt.Graphics)#0&quot;, &quot;y := javax.swing.plaf.BorderUIResource#paintBorder(java.awt.Component, java.awt.Graphics, int, int, int, int)#3 &amp; javax.swing.text.html.StyleSheet.BoxPainter#paint(java.awt.Graphics, float, float, float, float, javax.swing.text.View)#2 &amp; javax.swing.text.html.StyleSheet.BoxPainter &amp; CompoundBorder#paintBorder(java.awt.Component, java.awt.Graphics, int, int, int, int)#3 &amp; TitledBorder#paintBorder(java.awt.Component, java.awt.Graphics, int, int, int, int)#3 &amp; TitledBorder#EDGE_SPACING&quot; }"/>
        </annotation>
    </item>
    <item name='javax.swing.border.CompoundBorder CompoundBorder()'>
        <annotation name='com.intellij.inspections.tainted.annotation.equation.Equations'>
            <val val="{ &quot;CompoundBorder := CompoundBorder&quot; }"/>
        </annotation>
    </item>
    <item name='javax.swing.border.CompoundBorder CompoundBorder(javax.swing.border.Border, javax.swing.border.Border)'>
        <annotation name='com.intellij.inspections.tainted.annotation.equation.Equations'>
            <val val="{ &quot;CompoundBorder := CompoundBorder&quot;, &quot;insideBorder := javax.swing.plaf.BorderUIResource.CompoundBorderUIResource#CompoundBorderUIResource(javax.swing.border.Border, javax.swing.border.Border)#1 &amp; javax.swing.BorderFactory#createCompoundBorder(javax.swing.border.Border, javax.swing.border.Border)#1&quot;, &quot;outsideBorder := com.sun.java.swing.plaf.motif.MotifScrollPaneUI#vsbMarginBorderR &amp; com.sun.java.swing.plaf.motif.MotifScrollPaneUI#vsbMarginBorderL &amp; com.sun.java.swing.plaf.motif.MotifScrollPaneUI#hsbMarginBorder &amp; javax.swing.plaf.BorderUIResource.CompoundBorderUIResource#CompoundBorderUIResource(javax.swing.border.Border, javax.swing.border.Border)#0 &amp; javax.swing.BorderFactory#createCompoundBorder(javax.swing.border.Border, javax.swing.border.Border)#0&quot; }"/>
        </annotation>
    </item>
    <item name='javax.swing.border.CompoundBorder boolean isBorderOpaque()'>
        <annotation name='com.intellij.inspections.tainted.annotation.equation.Equations'>
            <val val="{ &quot;isBorderOpaque := CompoundBorder&quot; }"/>
        </annotation>
    </item>
    <item name='javax.swing.border.CompoundBorder java.awt.Insets getBorderInsets(java.awt.Component, java.awt.Insets)'>
        <annotation name='com.intellij.inspections.tainted.annotation.equation.Equations'>
            <val val="{ &quot;insets := AbstractBorder#getBorderInsets(java.awt.Component, java.awt.Insets)#1 &amp; AbstractBorder#getBorderInsets(java.awt.Component, java.awt.Insets)#1&quot;, &quot;c := AbstractBorder#getBorderInsets(java.awt.Component, java.awt.Insets)#0 &amp; AbstractBorder#getBorderInsets(java.awt.Component, java.awt.Insets)#0&quot;, &quot;getBorderInsets := insets&quot; }"/>
        </annotation>
    </item>
    <item name='javax.swing.border.CompoundBorder javax.swing.border.Border getInsideBorder()'>
        <annotation name='com.intellij.inspections.tainted.annotation.equation.Equations'>
            <val val="{ &quot;getInsideBorder := CompoundBorder&quot; }"/>
        </annotation>
    </item>
    <item name='javax.swing.border.CompoundBorder javax.swing.border.Border getOutsideBorder()'>
        <annotation name='com.intellij.inspections.tainted.annotation.equation.Equations'>
            <val val="{ &quot;getOutsideBorder := CompoundBorder&quot; }"/>
        </annotation>
    </item>
    <item name='javax.swing.border.CompoundBorder void paintBorder(java.awt.Component, java.awt.Graphics, int, int, int, int)'>
        <annotation name='com.intellij.inspections.tainted.annotation.equation.Equations'>
            <val val="{ &quot;y := AbstractBorder#paintBorder(java.awt.Component, java.awt.Graphics, int, int, int, int)#3 &amp; AbstractBorder#paintBorder(java.awt.Component, java.awt.Graphics, int, int, int, int)#3&quot;, &quot;c := AbstractBorder#paintBorder(java.awt.Component, java.awt.Graphics, int, int, int, int)#0 &amp; AbstractBorder#paintBorder(java.awt.Component, java.awt.Graphics, int, int, int, int)#0&quot;, &quot;height := AbstractBorder#paintBorder(java.awt.Component, java.awt.Graphics, int, int, int, int)#5 &amp; AbstractBorder#paintBorder(java.awt.Component, java.awt.Graphics, int, int, int, int)#5&quot;, &quot;x := AbstractBorder#paintBorder(java.awt.Component, java.awt.Graphics, int, int, int, int)#2 &amp; AbstractBorder#paintBorder(java.awt.Component, java.awt.Graphics, int, int, int, int)#2&quot;, &quot;g := AbstractBorder#paintBorder(java.awt.Component, java.awt.Graphics, int, int, int, int)#1 &amp; AbstractBorder#paintBorder(java.awt.Component, java.awt.Graphics, int, int, int, int)#1&quot;, &quot;width := AbstractBorder#paintBorder(java.awt.Component, java.awt.Graphics, int, int, int, int)#4 &amp; AbstractBorder#paintBorder(java.awt.Component, java.awt.Graphics, int, int, int, int)#4&quot; }"/>
        </annotation>
    </item>
    <item name='javax.swing.border.EmptyBorder EmptyBorder(int, int, int, int)'>
        <annotation name='com.intellij.inspections.tainted.annotation.equation.Equations'>
            <val val="{ &quot;EmptyBorder := EmptyBorder&quot;, &quot;bottom := javax.swing.plaf.BorderUIResource.EmptyBorderUIResource#EmptyBorderUIResource(int, int, int, int)#2 &amp; MatteBorder#MatteBorder(int, int, int, int, java.awt.Color)#2 &amp; MatteBorder#MatteBorder(int, int, int, int, javax.swing.Icon)#2 &amp; javax.swing.BorderFactory#createEmptyBorder(int, int, int, int)#2&quot;, &quot;left := javax.swing.plaf.BorderUIResource.EmptyBorderUIResource#EmptyBorderUIResource(int, int, int, int)#1 &amp; MatteBorder#MatteBorder(int, int, int, int, java.awt.Color)#1 &amp; MatteBorder#MatteBorder(int, int, int, int, javax.swing.Icon)#1 &amp; javax.swing.BorderFactory#createEmptyBorder(int, int, int, int)#1&quot;, &quot;right := javax.swing.plaf.BorderUIResource.EmptyBorderUIResource#EmptyBorderUIResource(int, int, int, int)#3 &amp; MatteBorder#MatteBorder(int, int, int, int, java.awt.Color)#3 &amp; MatteBorder#MatteBorder(int, int, int, int, javax.swing.Icon)#3 &amp; javax.swing.BorderFactory#createEmptyBorder(int, int, int, int)#3&quot;, &quot;top := javax.swing.plaf.BorderUIResource.EmptyBorderUIResource#EmptyBorderUIResource(int, int, int, int)#0 &amp; MatteBorder#MatteBorder(int, int, int, int, java.awt.Color)#0 &amp; MatteBorder#MatteBorder(int, int, int, int, javax.swing.Icon)#0 &amp; javax.swing.BorderFactory#createEmptyBorder(int, int, int, int)#0&quot; }"/>
        </annotation>
    </item>
    <item name='javax.swing.border.EmptyBorder EmptyBorder(java.awt.Insets)'>
        <annotation name='com.intellij.inspections.tainted.annotation.equation.Equations'>
            <val val="{ &quot;borderInsets := javax.swing.plaf.BorderUIResource.EmptyBorderUIResource#EmptyBorderUIResource(java.awt.Insets)#0 &amp; MatteBorder#MatteBorder(java.awt.Insets, java.awt.Color)#0 &amp; MatteBorder#MatteBorder(java.awt.Insets, javax.swing.Icon)#0&quot;, &quot;EmptyBorder := EmptyBorder&quot; }"/>
        </annotation>
    </item>
    <item name='javax.swing.border.EmptyBorder boolean isBorderOpaque()'>
        <annotation name='com.intellij.inspections.tainted.annotation.equation.Equations'>
            <val val="{ &quot;isBorderOpaque := MatteBorder#isBorderOpaque()&quot; }"/>
        </annotation>
    </item>
    <item name='javax.swing.border.EmptyBorder java.awt.Insets getBorderInsets()'>
        <annotation name='com.intellij.inspections.tainted.annotation.equation.Equations'>
            <val val="{ &quot;getBorderInsets := MatteBorder#getBorderInsets()&quot; }"/>
        </annotation>
    </item>
    <item name='javax.swing.border.EmptyBorder java.awt.Insets getBorderInsets(java.awt.Component, java.awt.Insets)'>
        <annotation name='com.intellij.inspections.tainted.annotation.equation.Equations'>
            <val val="{ &quot;getBorderInsets := javax.swing.plaf.metal.MetalBorders.RolloverMarginBorder#getBorderInsets(java.awt.Component, java.awt.Insets) &amp; com.sun.java.swing.plaf.windows.XPStyle.XPEmptyBorder#getBorderInsets(java.awt.Component, java.awt.Insets) &amp; MatteBorder#getBorderInsets(java.awt.Component, java.awt.Insets) &amp; javax.swing.plaf.basic.BasicBorders.RolloverMarginBorder#getBorderInsets(java.awt.Component, java.awt.Insets)&quot; }"/>
        </annotation>
    </item>
    <item name='javax.swing.border.EmptyBorder void paintBorder(java.awt.Component, java.awt.Graphics, int, int, int, int)'>
        <annotation name='com.intellij.inspections.tainted.annotation.equation.Equations'>
            <val val="{ &quot;y := AbstractBorder#paintBorder(java.awt.Component, java.awt.Graphics, int, int, int, int)#3 &amp; AbstractBorder#paintBorder(java.awt.Component, java.awt.Graphics, int, int, int, int)#3&quot;, &quot;x := AbstractBorder#paintBorder(java.awt.Component, java.awt.Graphics, int, int, int, int)#2 &amp; AbstractBorder#paintBorder(java.awt.Component, java.awt.Graphics, int, int, int, int)#2&quot;, &quot;c := AbstractBorder#paintBorder(java.awt.Component, java.awt.Graphics, int, int, int, int)#0 &amp; AbstractBorder#paintBorder(java.awt.Component, java.awt.Graphics, int, int, int, int)#0&quot;, &quot;g := AbstractBorder#paintBorder(java.awt.Component, java.awt.Graphics, int, int, int, int)#1 &amp; AbstractBorder#paintBorder(java.awt.Component, java.awt.Graphics, int, int, int, int)#1&quot;, &quot;height := AbstractBorder#paintBorder(java.awt.Component, java.awt.Graphics, int, int, int, int)#5 &amp; AbstractBorder#paintBorder(java.awt.Component, java.awt.Graphics, int, int, int, int)#5&quot;, &quot;width := AbstractBorder#paintBorder(java.awt.Component, java.awt.Graphics, int, int, int, int)#4 &amp; AbstractBorder#paintBorder(java.awt.Component, java.awt.Graphics, int, int, int, int)#4&quot; }"/>
        </annotation>
    </item>
    <item name='javax.swing.border.EtchedBorder EtchedBorder()'>
        <annotation name='com.intellij.inspections.tainted.annotation.equation.Equations'>
            <val val="{ &quot;EtchedBorder := EtchedBorder&quot; }"/>
        </annotation>
    </item>
    <item name='javax.swing.border.EtchedBorder java.awt.Insets getBorderInsets(java.awt.Component, java.awt.Insets)'>
        <annotation name='com.intellij.inspections.tainted.annotation.equation.Equations'>
            <val val="{ &quot;getBorderInsets := insets&quot;, &quot;insets := AbstractBorder#getBorderInsets(java.awt.Component, java.awt.Insets)#1 &amp; AbstractBorder#getBorderInsets(java.awt.Component, java.awt.Insets)#1&quot;, &quot;c := AbstractBorder#getBorderInsets(java.awt.Component, java.awt.Insets)#0 &amp; AbstractBorder#getBorderInsets(java.awt.Component, java.awt.Insets)#0&quot; }"/>
        </annotation>
    </item>
    <item name='javax.swing.border.EtchedBorder void paintBorder(java.awt.Component, java.awt.Graphics, int, int, int, int)'>
        <annotation name='com.intellij.inspections.tainted.annotation.equation.Equations'>
            <val val="{ &quot;height := AbstractBorder#paintBorder(java.awt.Component, java.awt.Graphics, int, int, int, int)#5 &amp; AbstractBorder#paintBorder(java.awt.Component, java.awt.Graphics, int, int, int, int)#5&quot;, &quot;x := AbstractBorder#paintBorder(java.awt.Component, java.awt.Graphics, int, int, int, int)#2 &amp; AbstractBorder#paintBorder(java.awt.Component, java.awt.Graphics, int, int, int, int)#2&quot;, &quot;g := AbstractBorder#paintBorder(java.awt.Component, java.awt.Graphics, int, int, int, int)#1 &amp; AbstractBorder#paintBorder(java.awt.Component, java.awt.Graphics, int, int, int, int)#1&quot;, &quot;c := AbstractBorder#paintBorder(java.awt.Component, java.awt.Graphics, int, int, int, int)#0 &amp; AbstractBorder#paintBorder(java.awt.Component, java.awt.Graphics, int, int, int, int)#0&quot;, &quot;y := AbstractBorder#paintBorder(java.awt.Component, java.awt.Graphics, int, int, int, int)#3 &amp; AbstractBorder#paintBorder(java.awt.Component, java.awt.Graphics, int, int, int, int)#3&quot;, &quot;width := AbstractBorder#paintBorder(java.awt.Component, java.awt.Graphics, int, int, int, int)#4 &amp; AbstractBorder#paintBorder(java.awt.Component, java.awt.Graphics, int, int, int, int)#4&quot; }"/>
        </annotation>
    </item>
    <item name='javax.swing.border.LineBorder LineBorder(java.awt.Color)'>
        <annotation name='com.intellij.inspections.tainted.annotation.equation.Equations'>
            <val val="{ &quot;color := java.awt.Color#black &amp; java.awt.Color#white &amp; com.sun.java.swing.plaf.windows.WindowsBorders.DashedBorder#DashedBorder(java.awt.Color)#0 &amp; javax.swing.plaf.BorderUIResource.LineBorderUIResource#LineBorderUIResource(java.awt.Color)#0 &amp; java.awt.Color#red&quot;, &quot;LineBorder := LineBorder&quot; }"/>
        </annotation>
    </item>
    <item name='javax.swing.border.LineBorder LineBorder(java.awt.Color, int)'>
        <annotation name='com.intellij.inspections.tainted.annotation.equation.Equations'>
            <val val="{ &quot;thickness := com.sun.java.swing.plaf.windows.XPStyle.XPFillBorder#XPFillBorder(java.awt.Color, int)#1 &amp; com.sun.java.swing.plaf.windows.WindowsBorders.DashedBorder#DashedBorder(java.awt.Color, int)#1 &amp; com.sun.java.swing.plaf.windows.WindowsBorders.InternalFrameLineBorder#InternalFrameLineBorder(java.awt.Color, java.awt.Color, int)#2 &amp; javax.swing.plaf.BorderUIResource.LineBorderUIResource#LineBorderUIResource(java.awt.Color, int)#1 &amp; javax.swing.BorderFactory#createLineBorder(java.awt.Color, int)#1&quot;, &quot;LineBorder := LineBorder&quot;, &quot;color := java.awt.Color#BLACK &amp; com.sun.java.swing.plaf.windows.XPStyle.XPFillBorder#XPFillBorder(java.awt.Color, int)#0 &amp; com.sun.java.swing.plaf.windows.WindowsBorders.DashedBorder#DashedBorder(java.awt.Color, int)#0 &amp; com.sun.java.swing.plaf.windows.WindowsBorders.InternalFrameLineBorder#InternalFrameLineBorder(java.awt.Color, java.awt.Color, int)#0 &amp; javax.swing.plaf.BorderUIResource.LineBorderUIResource#LineBorderUIResource(java.awt.Color, int)#0 &amp; java.awt.Color#black &amp; java.awt.Color#gray &amp; javax.swing.BorderFactory#createLineBorder(java.awt.Color)#0 &amp; javax.swing.BorderFactory#createLineBorder(java.awt.Color, int)#0&quot; }"/>
        </annotation>
    </item>
    <item name='javax.swing.border.LineBorder LineBorder(java.awt.Color, int, boolean)'>
        <annotation name='com.intellij.inspections.tainted.annotation.equation.Equations'>
            <val val="{ &quot;roundedCorners := javax.swing.BorderFactory#createLineBorder(java.awt.Color, int, boolean)#2&quot;, &quot;LineBorder := LineBorder&quot;, &quot;thickness := #LineBorder(java.awt.Color, int)#1 &amp; javax.swing.BorderFactory#createLineBorder(java.awt.Color, int, boolean)#1&quot;, &quot;color := #LineBorder(java.awt.Color)#0 &amp; #LineBorder(java.awt.Color, int)#0 &amp; javax.swing.BorderFactory#createLineBorder(java.awt.Color, int, boolean)#0&quot; }"/>
        </annotation>
    </item>
    <item name='javax.swing.border.LineBorder boolean getRoundedCorners()'>
        <annotation name='com.intellij.inspections.tainted.annotation.equation.Equations'>
            <val val="{ &quot;getRoundedCorners := LineBorder&quot; }"/>
        </annotation>
    </item>
    <item name='javax.swing.border.LineBorder boolean isBorderOpaque()'>
        <annotation name='com.intellij.inspections.tainted.annotation.equation.Equations'>
            <val val="{ &quot;isBorderOpaque := javax.swing.text.html.CommentView.CommentBorder#isBorderOpaque()&quot; }"/>
        </annotation>
    </item>
    <item name='javax.swing.border.LineBorder int getThickness()'>
        <annotation name='com.intellij.inspections.tainted.annotation.equation.Equations'>
            <val val="{ &quot;getThickness := LineBorder&quot; }"/>
        </annotation>
    </item>
    <item name='javax.swing.border.LineBorder java.awt.Color getLineColor()'>
        <annotation name='com.intellij.inspections.tainted.annotation.equation.Equations'>
            <val val="{ &quot;getLineColor := LineBorder&quot; }"/>
        </annotation>
    </item>
    <item name='javax.swing.border.LineBorder java.awt.Insets getBorderInsets(java.awt.Component, java.awt.Insets)'>
        <annotation name='com.intellij.inspections.tainted.annotation.equation.Equations'>
            <val val="{ &quot;getBorderInsets := javax.swing.text.html.CommentView.CommentBorder#getBorderInsets(java.awt.Component, java.awt.Insets) &amp; com.sun.java.swing.plaf.windows.XPStyle.XPFillBorder#getBorderInsets(java.awt.Component, java.awt.Insets)&quot; }"/>
        </annotation>
    </item>
    <item name='javax.swing.border.LineBorder javax.swing.border.Border createBlackLineBorder()'>
        <annotation name='com.intellij.inspections.tainted.annotation.equation.Equations'>
            <val val="{ &quot;createBlackLineBorder := LineBorder&quot; }"/>
        </annotation>
    </item>
    <item name='javax.swing.border.LineBorder javax.swing.border.Border createGrayLineBorder()'>
        <annotation name='com.intellij.inspections.tainted.annotation.equation.Equations'>
            <val val="{ &quot;createGrayLineBorder := LineBorder&quot; }"/>
        </annotation>
    </item>
    <item name='javax.swing.border.LineBorder void paintBorder(java.awt.Component, java.awt.Graphics, int, int, int, int)'>
        <annotation name='com.intellij.inspections.tainted.annotation.equation.Equations'>
            <val val="{ &quot;height := AbstractBorder#paintBorder(java.awt.Component, java.awt.Graphics, int, int, int, int)#5 &amp; com.sun.java.swing.plaf.windows.XPStyle.XPStatefulFillBorder#paintBorder(java.awt.Component, java.awt.Graphics, int, int, int, int)#5 &amp; com.sun.java.swing.plaf.windows.WindowsBorders.InternalFrameLineBorder#paintBorder(java.awt.Component, java.awt.Graphics, int, int, int, int)#5 &amp; javax.swing.text.html.CommentView.CommentBorder#paintBorder(java.awt.Component, java.awt.Graphics, int, int, int, int)#5 &amp; AbstractBorder#paintBorder(java.awt.Component, java.awt.Graphics, int, int, int, int)#5&quot;, &quot;c := AbstractBorder#paintBorder(java.awt.Component, java.awt.Graphics, int, int, int, int)#0 &amp; com.sun.java.swing.plaf.windows.XPStyle.XPStatefulFillBorder#paintBorder(java.awt.Component, java.awt.Graphics, int, int, int, int)#0 &amp; com.sun.java.swing.plaf.windows.WindowsBorders.InternalFrameLineBorder#paintBorder(java.awt.Component, java.awt.Graphics, int, int, int, int)#0 &amp; javax.swing.text.html.CommentView.CommentBorder#paintBorder(java.awt.Component, java.awt.Graphics, int, int, int, int)#0 &amp; AbstractBorder#paintBorder(java.awt.Component, java.awt.Graphics, int, int, int, int)#0&quot;, &quot;x := AbstractBorder#paintBorder(java.awt.Component, java.awt.Graphics, int, int, int, int)#2 &amp; com.sun.java.swing.plaf.windows.XPStyle.XPStatefulFillBorder#paintBorder(java.awt.Component, java.awt.Graphics, int, int, int, int)#2 &amp; com.sun.java.swing.plaf.windows.WindowsBorders.InternalFrameLineBorder#paintBorder(java.awt.Component, java.awt.Graphics, int, int, int, int)#2 &amp; javax.swing.text.html.CommentView.CommentBorder#paintBorder(java.awt.Component, java.awt.Graphics, int, int, int, int)#2 &amp; javax.swing.text.html.CommentView#commentPadding &amp; AbstractBorder#paintBorder(java.awt.Component, java.awt.Graphics, int, int, int, int)#2&quot;, &quot;g := AbstractBorder#paintBorder(java.awt.Component, java.awt.Graphics, int, int, int, int)#1 &amp; com.sun.java.swing.plaf.windows.XPStyle.XPStatefulFillBorder#paintBorder(java.awt.Component, java.awt.Graphics, int, int, int, int)#1 &amp; com.sun.java.swing.plaf.windows.WindowsBorders.InternalFrameLineBorder#paintBorder(java.awt.Component, java.awt.Graphics, int, int, int, int)#1 &amp; javax.swing.text.html.CommentView.CommentBorder#paintBorder(java.awt.Component, java.awt.Graphics, int, int, int, int)#1 &amp; AbstractBorder#paintBorder(java.awt.Component, java.awt.Graphics, int, int, int, int)#1&quot;, &quot;width := AbstractBorder#paintBorder(java.awt.Component, java.awt.Graphics, int, int, int, int)#4 &amp; com.sun.java.swing.plaf.windows.XPStyle.XPStatefulFillBorder#paintBorder(java.awt.Component, java.awt.Graphics, int, int, int, int)#4 &amp; com.sun.java.swing.plaf.windows.WindowsBorders.InternalFrameLineBorder#paintBorder(java.awt.Component, java.awt.Graphics, int, int, int, int)#4 &amp; javax.swing.text.html.CommentView.CommentBorder#paintBorder(java.awt.Component, java.awt.Graphics, int, int, int, int)#4 &amp; javax.swing.text.html.CommentView#commentPaddingD &amp; AbstractBorder#paintBorder(java.awt.Component, java.awt.Graphics, int, int, int, int)#4&quot;, &quot;y := AbstractBorder#paintBorder(java.awt.Component, java.awt.Graphics, int, int, int, int)#3 &amp; com.sun.java.swing.plaf.windows.XPStyle.XPStatefulFillBorder#paintBorder(java.awt.Component, java.awt.Graphics, int, int, int, int)#3 &amp; com.sun.java.swing.plaf.windows.WindowsBorders.InternalFrameLineBorder#paintBorder(java.awt.Component, java.awt.Graphics, int, int, int, int)#3 &amp; javax.swing.text.html.CommentView.CommentBorder#paintBorder(java.awt.Component, java.awt.Graphics, int, int, int, int)#3 &amp; AbstractBorder#paintBorder(java.awt.Component, java.awt.Graphics, int, int, int, int)#3&quot; }"/>
        </annotation>
    </item>
    <item name='javax.swing.border.MatteBorder MatteBorder(int, int, int, int, java.awt.Color)'>
        <annotation name='com.intellij.inspections.tainted.annotation.equation.Equations'>
            <val val="{ &quot;matteColor := javax.swing.plaf.BorderUIResource.MatteBorderUIResource#MatteBorderUIResource(int, int, int, int, java.awt.Color)#4 &amp; javax.swing.BorderFactory#createMatteBorder(int, int, int, int, java.awt.Color)#4&quot;, &quot;MatteBorder := MatteBorder&quot;, &quot;right := javax.swing.plaf.BorderUIResource.MatteBorderUIResource#MatteBorderUIResource(int, int, int, int, java.awt.Color)#3 &amp; javax.swing.BorderFactory#createMatteBorder(int, int, int, int, java.awt.Color)#3&quot;, &quot;left := javax.swing.plaf.BorderUIResource.MatteBorderUIResource#MatteBorderUIResource(int, int, int, int, java.awt.Color)#1 &amp; javax.swing.BorderFactory#createMatteBorder(int, int, int, int, java.awt.Color)#1&quot;, &quot;bottom := javax.swing.plaf.BorderUIResource.MatteBorderUIResource#MatteBorderUIResource(int, int, int, int, java.awt.Color)#2 &amp; javax.swing.BorderFactory#createMatteBorder(int, int, int, int, java.awt.Color)#2&quot;, &quot;top := javax.swing.plaf.BorderUIResource.MatteBorderUIResource#MatteBorderUIResource(int, int, int, int, java.awt.Color)#0 &amp; javax.swing.BorderFactory#createMatteBorder(int, int, int, int, java.awt.Color)#0&quot; }"/>
        </annotation>
    </item>
    <item name='javax.swing.border.MatteBorder MatteBorder(int, int, int, int, javax.swing.Icon)'>
        <annotation name='com.intellij.inspections.tainted.annotation.equation.Equations'>
            <val val="{ &quot;right := javax.swing.plaf.BorderUIResource.MatteBorderUIResource#MatteBorderUIResource(int, int, int, int, javax.swing.Icon)#3 &amp; javax.swing.BorderFactory#createMatteBorder(int, int, int, int, javax.swing.Icon)#3&quot;, &quot;MatteBorder := MatteBorder&quot;, &quot;top := javax.swing.plaf.BorderUIResource.MatteBorderUIResource#MatteBorderUIResource(int, int, int, int, javax.swing.Icon)#0 &amp; javax.swing.BorderFactory#createMatteBorder(int, int, int, int, javax.swing.Icon)#0&quot;, &quot;left := javax.swing.plaf.BorderUIResource.MatteBorderUIResource#MatteBorderUIResource(int, int, int, int, javax.swing.Icon)#1 &amp; javax.swing.BorderFactory#createMatteBorder(int, int, int, int, javax.swing.Icon)#1&quot;, &quot;tileIcon := javax.swing.plaf.BorderUIResource.MatteBorderUIResource#MatteBorderUIResource(int, int, int, int, javax.swing.Icon)#4 &amp; #MatteBorder(javax.swing.Icon)#0 &amp; javax.swing.BorderFactory#createMatteBorder(int, int, int, int, javax.swing.Icon)#4&quot;, &quot;bottom := javax.swing.plaf.BorderUIResource.MatteBorderUIResource#MatteBorderUIResource(int, int, int, int, javax.swing.Icon)#2 &amp; javax.swing.BorderFactory#createMatteBorder(int, int, int, int, javax.swing.Icon)#2&quot; }"/>
        </annotation>
    </item>
    <item name='javax.swing.border.MatteBorder MatteBorder(java.awt.Insets, java.awt.Color)'>
        <annotation name='com.intellij.inspections.tainted.annotation.equation.Equations'>
            <val val="{ &quot;MatteBorder := MatteBorder&quot; }"/>
        </annotation>
    </item>
    <item name='javax.swing.border.MatteBorder MatteBorder(java.awt.Insets, javax.swing.Icon)'>
        <annotation name='com.intellij.inspections.tainted.annotation.equation.Equations'>
            <val val="{ &quot;MatteBorder := MatteBorder&quot; }"/>
        </annotation>
    </item>
    <item name='javax.swing.border.MatteBorder MatteBorder(javax.swing.Icon)'>
        <annotation name='com.intellij.inspections.tainted.annotation.equation.Equations'>
            <val val="{ &quot;MatteBorder := MatteBorder&quot;, &quot;tileIcon := javax.swing.plaf.BorderUIResource.MatteBorderUIResource#MatteBorderUIResource(javax.swing.Icon)#0&quot; }"/>
        </annotation>
    </item>
    <item name='javax.swing.border.MatteBorder boolean isBorderOpaque()'>
        <annotation name='com.intellij.inspections.tainted.annotation.equation.Equations'>
            <val val="{ &quot;isBorderOpaque := MatteBorder&quot; }"/>
        </annotation>
    </item>
    <item name='javax.swing.border.MatteBorder java.awt.Color getMatteColor()'>
        <annotation name='com.intellij.inspections.tainted.annotation.equation.Equations'>
            <val val="{ &quot;getMatteColor := MatteBorder&quot; }"/>
        </annotation>
    </item>
    <item name='javax.swing.border.MatteBorder java.awt.Insets computeInsets(java.awt.Insets)'>
        <annotation name='com.intellij.inspections.tainted.annotation.equation.Equations'>
            <val val="{ &quot;computeInsets := insets&quot;, &quot;insets := #getBorderInsets(java.awt.Component, java.awt.Insets)#1&quot; }"/>
        </annotation>
    </item>
    <item name='javax.swing.border.MatteBorder java.awt.Insets getBorderInsets(java.awt.Component, java.awt.Insets)'>
        <annotation name='com.intellij.inspections.tainted.annotation.equation.Equations'>
            <val val="{ &quot;c := EmptyBorder#getBorderInsets(java.awt.Component, java.awt.Insets)#0 &amp; EmptyBorder#getBorderInsets(java.awt.Component, java.awt.Insets)#0&quot;, &quot;insets := EmptyBorder#getBorderInsets(java.awt.Component, java.awt.Insets)#1 &amp; EmptyBorder#getBorderInsets(java.awt.Component, java.awt.Insets)#1&quot; }"/>
        </annotation>
    </item>
    <item name='javax.swing.border.MatteBorder javax.swing.Icon getTileIcon()'>
        <annotation name='com.intellij.inspections.tainted.annotation.equation.Equations'>
            <val val="{ &quot;getTileIcon := MatteBorder&quot; }"/>
        </annotation>
    </item>
    <item name='javax.swing.border.MatteBorder void paintBorder(java.awt.Component, java.awt.Graphics, int, int, int, int)'>
        <annotation name='com.intellij.inspections.tainted.annotation.equation.Equations'>
            <val val="{ &quot;x := EmptyBorder#paintBorder(java.awt.Component, java.awt.Graphics, int, int, int, int)#2 &amp; EmptyBorder#paintBorder(java.awt.Component, java.awt.Graphics, int, int, int, int)#2&quot;, &quot;y := EmptyBorder#paintBorder(java.awt.Component, java.awt.Graphics, int, int, int, int)#3 &amp; EmptyBorder#paintBorder(java.awt.Component, java.awt.Graphics, int, int, int, int)#3&quot;, &quot;g := EmptyBorder#paintBorder(java.awt.Component, java.awt.Graphics, int, int, int, int)#1 &amp; EmptyBorder#paintBorder(java.awt.Component, java.awt.Graphics, int, int, int, int)#1&quot;, &quot;c := EmptyBorder#paintBorder(java.awt.Component, java.awt.Graphics, int, int, int, int)#0 &amp; EmptyBorder#paintBorder(java.awt.Component, java.awt.Graphics, int, int, int, int)#0&quot;, &quot;width := EmptyBorder#paintBorder(java.awt.Component, java.awt.Graphics, int, int, int, int)#4 &amp; EmptyBorder#paintBorder(java.awt.Component, java.awt.Graphics, int, int, int, int)#4&quot;, &quot;height := EmptyBorder#paintBorder(java.awt.Component, java.awt.Graphics, int, int, int, int)#5 &amp; EmptyBorder#paintBorder(java.awt.Component, java.awt.Graphics, int, int, int, int)#5&quot; }"/>
        </annotation>
    </item>
    <item name='javax.swing.border.MatteBorder void paintEdge(java.awt.Component, java.awt.Graphics, int, int, int, int, int, int)'>
        <annotation name='com.intellij.inspections.tainted.annotation.equation.Equations'>
            <val val="{ &quot;height := #paintBorder(java.awt.Component, java.awt.Graphics, int, int, int, int)#5&quot;, &quot;g := #paintBorder(java.awt.Component, java.awt.Graphics, int, int, int, int)#1&quot;, &quot;y := #paintBorder(java.awt.Component, java.awt.Graphics, int, int, int, int)#5&quot;, &quot;c := #paintBorder(java.awt.Component, java.awt.Graphics, int, int, int, int)#0&quot;, &quot;width := #paintBorder(java.awt.Component, java.awt.Graphics, int, int, int, int)#4&quot;, &quot;x := #paintBorder(java.awt.Component, java.awt.Graphics, int, int, int, int)#4&quot; }"/>
        </annotation>
    </item>
    <item name='javax.swing.border.SoftBevelBorder SoftBevelBorder(int)'>
        <annotation name='com.intellij.inspections.tainted.annotation.equation.Equations'>
            <val val="{ &quot;bevelType := BevelBorder#RAISED &amp; BevelBorder#LOWERED&quot;, &quot;SoftBevelBorder := SoftBevelBorder&quot; }"/>
        </annotation>
    </item>
    <item name='javax.swing.border.SoftBevelBorder SoftBevelBorder(int, java.awt.Color, java.awt.Color)'>
        <annotation name='com.intellij.inspections.tainted.annotation.equation.Equations'>
            <val val="{ &quot;highlight := javax.swing.BorderFactory#createSoftBevelBorder(int, java.awt.Color, java.awt.Color)#1&quot;, &quot;shadow := javax.swing.BorderFactory#createSoftBevelBorder(int, java.awt.Color, java.awt.Color)#2&quot;, &quot;bevelType := javax.swing.BorderFactory#createSoftBevelBorder(int, java.awt.Color, java.awt.Color)#0&quot;, &quot;SoftBevelBorder := SoftBevelBorder&quot; }"/>
        </annotation>
    </item>
    <item name='javax.swing.border.SoftBevelBorder SoftBevelBorder(int, java.awt.Color, java.awt.Color, java.awt.Color, java.awt.Color)'>
        <annotation name='com.intellij.inspections.tainted.annotation.equation.Equations'>
            <val val="{ &quot;highlightOuterColor := javax.swing.BorderFactory#createSoftBevelBorder(int, java.awt.Color, java.awt.Color, java.awt.Color, java.awt.Color)#1&quot;, &quot;SoftBevelBorder := SoftBevelBorder&quot;, &quot;shadowOuterColor := javax.swing.BorderFactory#createSoftBevelBorder(int, java.awt.Color, java.awt.Color, java.awt.Color, java.awt.Color)#3&quot;, &quot;highlightInnerColor := javax.swing.BorderFactory#createSoftBevelBorder(int, java.awt.Color, java.awt.Color, java.awt.Color, java.awt.Color)#2&quot;, &quot;shadowInnerColor := javax.swing.BorderFactory#createSoftBevelBorder(int, java.awt.Color, java.awt.Color, java.awt.Color, java.awt.Color)#4&quot;, &quot;bevelType := javax.swing.BorderFactory#createSoftBevelBorder(int, java.awt.Color, java.awt.Color, java.awt.Color, java.awt.Color)#0&quot; }"/>
        </annotation>
    </item>
    <item name='javax.swing.border.SoftBevelBorder java.awt.Insets getBorderInsets(java.awt.Component, java.awt.Insets)'>
        <annotation name='com.intellij.inspections.tainted.annotation.equation.Equations'>
            <val val="{ &quot;insets := BevelBorder#getBorderInsets(java.awt.Component, java.awt.Insets)#1 &amp; BevelBorder#getBorderInsets(java.awt.Component, java.awt.Insets)#1&quot;, &quot;c := BevelBorder#getBorderInsets(java.awt.Component, java.awt.Insets)#0 &amp; BevelBorder#getBorderInsets(java.awt.Component, java.awt.Insets)#0&quot;, &quot;getBorderInsets := insets&quot; }"/>
        </annotation>
    </item>
    <item name='javax.swing.border.SoftBevelBorder void paintBorder(java.awt.Component, java.awt.Graphics, int, int, int, int)'>
        <annotation name='com.intellij.inspections.tainted.annotation.equation.Equations'>
            <val val="{ &quot;width := BevelBorder#paintBorder(java.awt.Component, java.awt.Graphics, int, int, int, int)#4 &amp; BevelBorder#paintBorder(java.awt.Component, java.awt.Graphics, int, int, int, int)#4&quot;, &quot;x := BevelBorder#paintBorder(java.awt.Component, java.awt.Graphics, int, int, int, int)#2 &amp; BevelBorder#paintBorder(java.awt.Component, java.awt.Graphics, int, int, int, int)#2&quot;, &quot;c := BevelBorder#paintBorder(java.awt.Component, java.awt.Graphics, int, int, int, int)#0 &amp; BevelBorder#paintBorder(java.awt.Component, java.awt.Graphics, int, int, int, int)#0&quot;, &quot;g := BevelBorder#paintBorder(java.awt.Component, java.awt.Graphics, int, int, int, int)#1 &amp; BevelBorder#paintBorder(java.awt.Component, java.awt.Graphics, int, int, int, int)#1&quot;, &quot;height := BevelBorder#paintBorder(java.awt.Component, java.awt.Graphics, int, int, int, int)#5 &amp; BevelBorder#paintBorder(java.awt.Component, java.awt.Graphics, int, int, int, int)#5&quot;, &quot;y := BevelBorder#paintBorder(java.awt.Component, java.awt.Graphics, int, int, int, int)#3 &amp; BevelBorder#paintBorder(java.awt.Component, java.awt.Graphics, int, int, int, int)#3&quot; }"/>
        </annotation>
    </item>
    <item name='javax.swing.border.StrokeBorder StrokeBorder(java.awt.BasicStroke)'>
        <annotation name='com.intellij.inspections.tainted.annotation.equation.Equations'>
            <val val="{ &quot;StrokeBorder := StrokeBorder&quot;, &quot;stroke := javax.swing.BorderFactory#createStrokeBorder(java.awt.BasicStroke)#0&quot; }"/>
        </annotation>
    </item>
    <item name='javax.swing.border.StrokeBorder StrokeBorder(java.awt.BasicStroke, java.awt.Paint)'>
        <annotation name='com.intellij.inspections.tainted.annotation.equation.Equations'>
            <val val="{ &quot;StrokeBorder := StrokeBorder&quot;, &quot;stroke := #StrokeBorder(java.awt.BasicStroke)#0 &amp; javax.swing.BorderFactory#createStrokeBorder(java.awt.BasicStroke, java.awt.Paint)#0&quot;, &quot;paint := javax.swing.BorderFactory#createStrokeBorder(java.awt.BasicStroke, java.awt.Paint)#1&quot; }"/>
        </annotation>
    </item>
    <item name='javax.swing.border.StrokeBorder java.awt.BasicStroke getStroke()'>
        <annotation name='com.intellij.inspections.tainted.annotation.equation.Equations'>
            <val val="{ &quot;getStroke := StrokeBorder&quot; }"/>
        </annotation>
    </item>
    <item name='javax.swing.border.StrokeBorder java.awt.Insets getBorderInsets(java.awt.Component, java.awt.Insets)'>
        <annotation name='com.intellij.inspections.tainted.annotation.equation.Equations'>
            <val val="{ &quot;insets := AbstractBorder#getBorderInsets(java.awt.Component, java.awt.Insets)#1 &amp; AbstractBorder#getBorderInsets(java.awt.Component, java.awt.Insets)#1&quot;, &quot;c := AbstractBorder#getBorderInsets(java.awt.Component, java.awt.Insets)#0 &amp; AbstractBorder#getBorderInsets(java.awt.Component, java.awt.Insets)#0&quot;, &quot;getBorderInsets := insets&quot; }"/>
        </annotation>
    </item>
    <item name='javax.swing.border.StrokeBorder java.awt.Paint getPaint()'>
        <annotation name='com.intellij.inspections.tainted.annotation.equation.Equations'>
            <val val="{ &quot;getPaint := StrokeBorder&quot; }"/>
        </annotation>
    </item>
    <item name='javax.swing.border.StrokeBorder void paintBorder(java.awt.Component, java.awt.Graphics, int, int, int, int)'>
        <annotation name='com.intellij.inspections.tainted.annotation.equation.Equations'>
            <val val="{ &quot;width := AbstractBorder#paintBorder(java.awt.Component, java.awt.Graphics, int, int, int, int)#4 &amp; AbstractBorder#paintBorder(java.awt.Component, java.awt.Graphics, int, int, int, int)#4&quot;, &quot;height := AbstractBorder#paintBorder(java.awt.Component, java.awt.Graphics, int, int, int, int)#5 &amp; AbstractBorder#paintBorder(java.awt.Component, java.awt.Graphics, int, int, int, int)#5&quot;, &quot;g := AbstractBorder#paintBorder(java.awt.Component, java.awt.Graphics, int, int, int, int)#1 &amp; AbstractBorder#paintBorder(java.awt.Component, java.awt.Graphics, int, int, int, int)#1&quot;, &quot;x := AbstractBorder#paintBorder(java.awt.Component, java.awt.Graphics, int, int, int, int)#2 &amp; AbstractBorder#paintBorder(java.awt.Component, java.awt.Graphics, int, int, int, int)#2&quot;, &quot;y := AbstractBorder#paintBorder(java.awt.Component, java.awt.Graphics, int, int, int, int)#3 &amp; AbstractBorder#paintBorder(java.awt.Component, java.awt.Graphics, int, int, int, int)#3&quot;, &quot;c := AbstractBorder#paintBorder(java.awt.Component, java.awt.Graphics, int, int, int, int)#0 &amp; AbstractBorder#paintBorder(java.awt.Component, java.awt.Graphics, int, int, int, int)#0&quot; }"/>
        </annotation>
    </item>
    <item name='javax.swing.border.TitledBorder'>
        <annotation name='com.intellij.inspections.tainted.annotation.equation.Equations'>
            <val val="{ &quot;TitledBorder := #setTitle(java.lang.String)#0 &amp; #setBorder(javax.swing.border.Border)#0 &amp; #setTitleFont(java.awt.Font)#0 &amp; #setTitleColor(java.awt.Color)#0&quot; }"/>
        </annotation>
    </item>
    <item name='javax.swing.border.TitledBorder TitledBorder(java.lang.String)'>
        <annotation name='com.intellij.inspections.tainted.annotation.equation.Equations'>
            <val val="{ &quot;TitledBorder := TitledBorder&quot;, &quot;title := javax.swing.plaf.BorderUIResource.TitledBorderUIResource#TitledBorderUIResource(java.lang.String)#0 &amp; javax.swing.BorderFactory#createTitledBorder(java.lang.String)#0&quot; }"/>
        </annotation>
    </item>
    <item name='javax.swing.border.TitledBorder TitledBorder(javax.swing.border.Border)'>
        <annotation name='com.intellij.inspections.tainted.annotation.equation.Equations'>
            <val val="{ &quot;border := javax.swing.plaf.BorderUIResource.TitledBorderUIResource#TitledBorderUIResource(javax.swing.border.Border)#0 &amp; javax.swing.BorderFactory#createTitledBorder(javax.swing.border.Border)#0&quot;, &quot;TitledBorder := TitledBorder&quot; }"/>
        </annotation>
    </item>
    <item name='javax.swing.border.TitledBorder TitledBorder(javax.swing.border.Border, java.lang.String)'>
        <annotation name='com.intellij.inspections.tainted.annotation.equation.Equations'>
            <val val="{ &quot;title := javax.swing.plaf.BorderUIResource.TitledBorderUIResource#TitledBorderUIResource(javax.swing.border.Border, java.lang.String)#1 &amp; javax.swing.BorderFactory#createTitledBorder(javax.swing.border.Border, java.lang.String)#1&quot;, &quot;border := javax.swing.plaf.BorderUIResource.TitledBorderUIResource#TitledBorderUIResource(javax.swing.border.Border, java.lang.String)#0 &amp; javax.swing.BorderFactory#createTitledBorder(javax.swing.border.Border, java.lang.String)#0&quot;, &quot;TitledBorder := TitledBorder&quot; }"/>
        </annotation>
    </item>
    <item name='javax.swing.border.TitledBorder TitledBorder(javax.swing.border.Border, java.lang.String, int, int)'>
        <annotation name='com.intellij.inspections.tainted.annotation.equation.Equations'>
            <val val="{ &quot;border := javax.swing.plaf.BorderUIResource.TitledBorderUIResource#TitledBorderUIResource(javax.swing.border.Border, java.lang.String, int, int)#0 &amp; javax.swing.BorderFactory#createTitledBorder(javax.swing.border.Border, java.lang.String, int, int)#0&quot;, &quot;title := javax.swing.plaf.BorderUIResource.TitledBorderUIResource#TitledBorderUIResource(javax.swing.border.Border, java.lang.String, int, int)#1 &amp; javax.swing.BorderFactory#createTitledBorder(javax.swing.border.Border, java.lang.String, int, int)#1&quot;, &quot;TitledBorder := TitledBorder&quot;, &quot;titleJustification := javax.swing.plaf.BorderUIResource.TitledBorderUIResource#TitledBorderUIResource(javax.swing.border.Border, java.lang.String, int, int)#2 &amp; javax.swing.BorderFactory#createTitledBorder(javax.swing.border.Border, java.lang.String, int, int)#2&quot;, &quot;titlePosition := javax.swing.plaf.BorderUIResource.TitledBorderUIResource#TitledBorderUIResource(javax.swing.border.Border, java.lang.String, int, int)#3 &amp; javax.swing.BorderFactory#createTitledBorder(javax.swing.border.Border, java.lang.String, int, int)#3&quot; }"/>
        </annotation>
    </item>
    <item name='javax.swing.border.TitledBorder TitledBorder(javax.swing.border.Border, java.lang.String, int, int, java.awt.Font)'>
        <annotation name='com.intellij.inspections.tainted.annotation.equation.Equations'>
            <val val="{ &quot;border := javax.swing.plaf.BorderUIResource.TitledBorderUIResource#TitledBorderUIResource(javax.swing.border.Border, java.lang.String, int, int, java.awt.Font)#0 &amp; javax.swing.BorderFactory#createTitledBorder(javax.swing.border.Border, java.lang.String, int, int, java.awt.Font)#0&quot;, &quot;titlePosition := javax.swing.plaf.BorderUIResource.TitledBorderUIResource#TitledBorderUIResource(javax.swing.border.Border, java.lang.String, int, int, java.awt.Font)#3 &amp; javax.swing.BorderFactory#createTitledBorder(javax.swing.border.Border, java.lang.String, int, int, java.awt.Font)#3&quot;, &quot;TitledBorder := TitledBorder&quot;, &quot;titleFont := javax.swing.plaf.BorderUIResource.TitledBorderUIResource#TitledBorderUIResource(javax.swing.border.Border, java.lang.String, int, int, java.awt.Font)#4 &amp; javax.swing.BorderFactory#createTitledBorder(javax.swing.border.Border, java.lang.String, int, int, java.awt.Font)#4&quot;, &quot;title := javax.swing.plaf.BorderUIResource.TitledBorderUIResource#TitledBorderUIResource(javax.swing.border.Border, java.lang.String, int, int, java.awt.Font)#1 &amp; javax.swing.BorderFactory#createTitledBorder(javax.swing.border.Border, java.lang.String, int, int, java.awt.Font)#1&quot;, &quot;titleJustification := javax.swing.plaf.BorderUIResource.TitledBorderUIResource#TitledBorderUIResource(javax.swing.border.Border, java.lang.String, int, int, java.awt.Font)#2 &amp; javax.swing.BorderFactory#createTitledBorder(javax.swing.border.Border, java.lang.String, int, int, java.awt.Font)#2&quot; }"/>
        </annotation>
    </item>
    <item name='javax.swing.border.TitledBorder TitledBorder(javax.swing.border.Border, java.lang.String, int, int, java.awt.Font, java.awt.Color)'>
        <annotation name='com.intellij.inspections.tainted.annotation.equation.Equations'>
            <val val="{ &quot;titleColor := javax.swing.plaf.BorderUIResource.TitledBorderUIResource#TitledBorderUIResource(javax.swing.border.Border, java.lang.String, int, int, java.awt.Font, java.awt.Color)#5 &amp; javax.swing.BorderFactory#createTitledBorder(javax.swing.border.Border, java.lang.String, int, int, java.awt.Font, java.awt.Color)#5&quot;, &quot;title := javax.swing.plaf.BorderUIResource.TitledBorderUIResource#TitledBorderUIResource(javax.swing.border.Border, java.lang.String, int, int, java.awt.Font, java.awt.Color)#1 &amp; #TitledBorder(java.lang.String)#0 &amp; #TitledBorder(javax.swing.border.Border, java.lang.String)#1 &amp; #TitledBorder(javax.swing.border.Border, java.lang.String, int, int)#1 &amp; #TitledBorder(javax.swing.border.Border, java.lang.String, int, int, java.awt.Font)#1 &amp; javax.swing.BorderFactory#createTitledBorder(javax.swing.border.Border, java.lang.String, int, int, java.awt.Font, java.awt.Color)#1&quot;, &quot;titleFont := javax.swing.plaf.BorderUIResource.TitledBorderUIResource#TitledBorderUIResource(javax.swing.border.Border, java.lang.String, int, int, java.awt.Font, java.awt.Color)#4 &amp; #TitledBorder(javax.swing.border.Border, java.lang.String, int, int, java.awt.Font)#4 &amp; javax.swing.BorderFactory#createTitledBorder(javax.swing.border.Border, java.lang.String, int, int, java.awt.Font, java.awt.Color)#4 &amp; sun.swing.text.TextComponentPrintable &amp; sun.swing.text.TextComponentPrintable&quot;, &quot;border := javax.swing.plaf.BorderUIResource.TitledBorderUIResource#TitledBorderUIResource(javax.swing.border.Border, java.lang.String, int, int, java.awt.Font, java.awt.Color)#0 &amp; #TitledBorder(javax.swing.border.Border)#0 &amp; #TitledBorder(javax.swing.border.Border, java.lang.String)#0 &amp; #TitledBorder(javax.swing.border.Border, java.lang.String, int, int)#0 &amp; #TitledBorder(javax.swing.border.Border, java.lang.String, int, int, java.awt.Font)#0 &amp; javax.swing.BorderFactory#createTitledBorder(javax.swing.border.Border, java.lang.String, int, int, java.awt.Font, java.awt.Color)#0&quot;, &quot;titlePosition := javax.swing.plaf.BorderUIResource.TitledBorderUIResource#TitledBorderUIResource(javax.swing.border.Border, java.lang.String, int, int, java.awt.Font, java.awt.Color)#3 &amp; #DEFAULT_POSITION &amp; #TitledBorder(javax.swing.border.Border, java.lang.String, int, int)#3 &amp; #TitledBorder(javax.swing.border.Border, java.lang.String, int, int, java.awt.Font)#3 &amp; javax.swing.BorderFactory#createTitledBorder(javax.swing.border.Border, java.lang.String, int, int, java.awt.Font, java.awt.Color)#3&quot;, &quot;TitledBorder := TitledBorder&quot;, &quot;titleJustification := javax.swing.plaf.BorderUIResource.TitledBorderUIResource#TitledBorderUIResource(javax.swing.border.Border, java.lang.String, int, int, java.awt.Font, java.awt.Color)#2 &amp; #LEADING &amp; #TitledBorder(javax.swing.border.Border, java.lang.String, int, int)#2 &amp; #TitledBorder(javax.swing.border.Border, java.lang.String, int, int, java.awt.Font)#2 &amp; javax.swing.BorderFactory#createTitledBorder(javax.swing.border.Border, java.lang.String, int, int, java.awt.Font, java.awt.Color)#2&quot; }"/>
        </annotation>
    </item>
    <item name='javax.swing.border.TitledBorder int getBaseline(java.awt.Component, int, int)'>
        <annotation name='com.intellij.inspections.tainted.annotation.equation.Equations'>
            <val val="{ &quot;width := AbstractBorder#getBaseline(java.awt.Component, int, int)#1 &amp; AbstractBorder#getBaseline(java.awt.Component, int, int)#1&quot;, &quot;height := AbstractBorder#getBaseline(java.awt.Component, int, int)#2 &amp; AbstractBorder#getBaseline(java.awt.Component, int, int)#2&quot;, &quot;c := AbstractBorder#getBaseline(java.awt.Component, int, int)#0 &amp; AbstractBorder#getBaseline(java.awt.Component, int, int)#0&quot;, &quot;getBaseline := #EDGE_SPACING &amp; height&quot; }"/>
        </annotation>
    </item>
    <item name='javax.swing.border.TitledBorder int getJustification(java.awt.Component)'>
        <annotation name='com.intellij.inspections.tainted.annotation.equation.Equations'>
            <val val="{ &quot;c := #paintBorder(java.awt.Component, java.awt.Graphics, int, int, int, int)#0&quot;, &quot;getJustification := #LEFT &amp; #RIGHT&quot; }"/>
        </annotation>
    </item>
    <item name='javax.swing.border.TitledBorder int getPosition()'>
        <annotation name='com.intellij.inspections.tainted.annotation.equation.Equations'>
            <val val="{ &quot;getPosition := #ABOVE_TOP &amp; #TOP &amp; #BELOW_TOP &amp; #ABOVE_BOTTOM &amp; #BOTTOM &amp; #BELOW_BOTTOM&quot; }"/>
        </annotation>
    </item>
    <item name='javax.swing.border.TitledBorder int getTitleJustification()'>
        <annotation name='com.intellij.inspections.tainted.annotation.equation.Equations'>
            <val val="{ &quot;getTitleJustification := TitledBorder&quot; }"/>
        </annotation>
    </item>
    <item name='javax.swing.border.TitledBorder int getTitlePosition()'>
        <annotation name='com.intellij.inspections.tainted.annotation.equation.Equations'>
            <val val="{ &quot;getTitlePosition := TitledBorder&quot; }"/>
        </annotation>
    </item>
    <item name='javax.swing.border.TitledBorder java.awt.Color getColor(java.awt.Component)'>
        <annotation name='com.intellij.inspections.tainted.annotation.equation.Equations'>
            <val val="{ &quot;c := #getLabel(java.awt.Component)#0&quot; }"/>
        </annotation>
    </item>
    <item name='javax.swing.border.TitledBorder java.awt.Color getTitleColor()'>
        <annotation name='com.intellij.inspections.tainted.annotation.equation.Equations'>
            <val val="{ &quot;getTitleColor := TitledBorder&quot; }"/>
        </annotation>
    </item>
    <item name='javax.swing.border.TitledBorder java.awt.Component.BaselineResizeBehavior getBaselineResizeBehavior(java.awt.Component)'>
        <annotation name='com.intellij.inspections.tainted.annotation.equation.Equations'>
            <val val="{ &quot;c := AbstractBorder#getBaselineResizeBehavior(java.awt.Component)#0 &amp; AbstractBorder#getBaselineResizeBehavior(java.awt.Component)#0&quot;, &quot;getBaselineResizeBehavior := java.awt.Component.BaselineResizeBehavior#CONSTANT_ASCENT &amp; java.awt.Component.BaselineResizeBehavior#CONSTANT_DESCENT &amp; java.awt.Component.BaselineResizeBehavior#OTHER&quot; }"/>
        </annotation>
    </item>
    <item name='javax.swing.border.TitledBorder java.awt.Font getFont(java.awt.Component)'>
        <annotation name='com.intellij.inspections.tainted.annotation.equation.Equations'>
            <val val="{ &quot;c := #getLabel(java.awt.Component)#0&quot; }"/>
        </annotation>
    </item>
    <item name='javax.swing.border.TitledBorder java.awt.Font getTitleFont()'>
        <annotation name='com.intellij.inspections.tainted.annotation.equation.Equations'>
            <val val="{ &quot;getTitleFont := TitledBorder&quot; }"/>
        </annotation>
    </item>
    <item name='javax.swing.border.TitledBorder java.awt.Insets getBorderInsets(java.awt.Component, java.awt.Insets)'>
        <annotation name='com.intellij.inspections.tainted.annotation.equation.Equations'>
            <val val="{ &quot;insets := AbstractBorder#getBorderInsets(java.awt.Component, java.awt.Insets)#1 &amp; AbstractBorder#getBorderInsets(java.awt.Component, java.awt.Insets)#1&quot;, &quot;getBorderInsets := insets&quot;, &quot;c := AbstractBorder#getBorderInsets(java.awt.Component, java.awt.Insets)#0 &amp; AbstractBorder#getBorderInsets(java.awt.Component, java.awt.Insets)#0&quot; }"/>
        </annotation>
    </item>
    <item name='javax.swing.border.TitledBorder java.awt.Insets getBorderInsets(javax.swing.border.Border, java.awt.Component, java.awt.Insets)'>
        <annotation name='com.intellij.inspections.tainted.annotation.equation.Equations'>
            <val val="{ &quot;c := #paintBorder(java.awt.Component, java.awt.Graphics, int, int, int, int)#0 &amp; #getBorderInsets(java.awt.Component, java.awt.Insets)#0 &amp; #getBaseline(java.awt.Component, int, int)#0&quot;, &quot;insets := #getBorderInsets(java.awt.Component, java.awt.Insets)#1&quot;, &quot;getBorderInsets := insets&quot; }"/>
        </annotation>
    </item>
    <item name='javax.swing.border.TitledBorder java.lang.String getTitle()'>
        <annotation name='com.intellij.inspections.tainted.annotation.equation.Equations'>
            <val val="{ &quot;getTitle := TitledBorder&quot; }"/>
        </annotation>
    </item>
    <item name='javax.swing.border.TitledBorder javax.swing.JLabel getLabel(java.awt.Component)'>
        <annotation name='com.intellij.inspections.tainted.annotation.equation.Equations'>
            <val val="{ &quot;getLabel := TitledBorder&quot;, &quot;c := #paintBorder(java.awt.Component, java.awt.Graphics, int, int, int, int)#0 &amp; #getBorderInsets(java.awt.Component, java.awt.Insets)#0 &amp; #getMinimumSize(java.awt.Component)#0 &amp; #getBaseline(java.awt.Component, int, int)#0&quot; }"/>
        </annotation>
    </item>
    <item name='javax.swing.border.TitledBorder javax.swing.border.Border getBorder()'>
        <annotation name='com.intellij.inspections.tainted.annotation.equation.Equations'>
            <val val="{ &quot;getBorder := TitledBorder&quot; }"/>
        </annotation>
    </item>
    <item name='javax.swing.border.TitledBorder void paintBorder(java.awt.Component, java.awt.Graphics, int, int, int, int)'>
        <annotation name='com.intellij.inspections.tainted.annotation.equation.Equations'>
            <val val="{ &quot;y := AbstractBorder#paintBorder(java.awt.Component, java.awt.Graphics, int, int, int, int)#3 &amp; AbstractBorder#paintBorder(java.awt.Component, java.awt.Graphics, int, int, int, int)#3&quot;, &quot;c := AbstractBorder#paintBorder(java.awt.Component, java.awt.Graphics, int, int, int, int)#0 &amp; AbstractBorder#paintBorder(java.awt.Component, java.awt.Graphics, int, int, int, int)#0&quot;, &quot;x := AbstractBorder#paintBorder(java.awt.Component, java.awt.Graphics, int, int, int, int)#2 &amp; AbstractBorder#paintBorder(java.awt.Component, java.awt.Graphics, int, int, int, int)#2&quot;, &quot;height := AbstractBorder#paintBorder(java.awt.Component, java.awt.Graphics, int, int, int, int)#5 &amp; AbstractBorder#paintBorder(java.awt.Component, java.awt.Graphics, int, int, int, int)#5&quot;, &quot;width := AbstractBorder#paintBorder(java.awt.Component, java.awt.Graphics, int, int, int, int)#4 &amp; AbstractBorder#paintBorder(java.awt.Component, java.awt.Graphics, int, int, int, int)#4&quot;, &quot;g := AbstractBorder#paintBorder(java.awt.Component, java.awt.Graphics, int, int, int, int)#1 &amp; AbstractBorder#paintBorder(java.awt.Component, java.awt.Graphics, int, int, int, int)#1&quot; }"/>
        </annotation>
    </item>
    <item name='javax.swing.border.TitledBorder void setTitleJustification(int)'>
        <annotation name='com.intellij.inspections.tainted.annotation.equation.Equations'>
            <val val="{ &quot;titleJustification := #TitledBorder(javax.swing.border.Border, java.lang.String, int, int, java.awt.Font, java.awt.Color)#2&quot; }"/>
        </annotation>
    </item>
    <item name='javax.swing.border.TitledBorder void setTitlePosition(int)'>
        <annotation name='com.intellij.inspections.tainted.annotation.equation.Equations'>
            <val val="{ &quot;titlePosition := #TitledBorder(javax.swing.border.Border, java.lang.String, int, int, java.awt.Font, java.awt.Color)#3&quot; }"/>
        </annotation>
    </item>
</root>