<root>
    <item name='org.geolatte.geom.codec.db.Decoder boolean accepts(N)'>
        <annotation name='com.intellij.inspections.tainted.annotation.equation.Equations'>
            <val val="{ &quot;nativeGeom := org.geolatte.geom.codec.db.sqlserver.Decoders#decoderFor(org.geolatte.geom.codec.db.sqlserver.SqlServerGeometry)#0 &amp; org.geolatte.geom.codec.db.oracle.Decoders#decoderFor(org.geolatte.geom.codec.db.oracle.SDOGeometry)#0&quot; }"/>
        </annotation>
    </item>
    <item name='org.geolatte.geom.codec.db.Decoder org.geolatte.geom.Geometry&lt;?&gt; decode(N)'>
        <annotation name='com.intellij.inspections.tainted.annotation.equation.Equations'>
            <val val="{ &quot;nativeGeom := org.geolatte.geom.codec.db.oracle.Decoders#decode(org.geolatte.geom.codec.db.oracle.SDOGeometry)#0&quot; }"/>
        </annotation>
    </item>
    <item name='org.geolatte.geom.codec.db.Encoder N encode(G)'>
        <annotation name='com.intellij.inspections.tainted.annotation.equation.Equations'>
            <val val="{ &quot;geom := org.geolatte.geom.codec.db.db2.Db2ClobEncoder#encode(org.geolatte.geom.Geometry)#0 &amp; org.geolatte.geom.codec.db.db2.Db2ClobEncoder#encode(org.geolatte.geom.Geometry)#0&quot;, &quot;encode := org.geolatte.geom.codec.db.db2.Db2ClobEncoder#encode(org.geolatte.geom.Geometry) &amp; org.geolatte.geom.codec.db.db2.Db2ClobEncoder#encode(org.geolatte.geom.Geometry)&quot; }"/>
        </annotation>
    </item>
    <item name='org.geolatte.geom.codec.db.Encoder boolean accepts(org.geolatte.geom.Geometry&lt;P&gt;)'>
        <annotation name='com.intellij.inspections.tainted.annotation.equation.Equations'>
            <val val="{ &quot;geom := org.geolatte.geom.codec.db.oracle.Encoders#encoderFor(org.geolatte.geom.Geometry)#0 &amp; org.geolatte.geom.codec.db.sqlserver.Encoders#encoderFor(org.geolatte.geom.Geometry)#0&quot; }"/>
        </annotation>
    </item>
</root>