<root>
    <item name='javax.sql.ConnectionEvent ConnectionEvent(javax.sql.PooledConnection)'>
        <annotation name='com.intellij.inspections.tainted.annotation.equation.Equations'>
            <val val="{ &quot;ConnectionEvent := ConnectionEvent&quot; }"/>
        </annotation>
    </item>
    <item name='javax.sql.ConnectionEvent ConnectionEvent(javax.sql.PooledConnection, java.sql.SQLException)'>
        <annotation name='com.intellij.inspections.tainted.annotation.equation.Equations'>
            <val val="{ &quot;ConnectionEvent := ConnectionEvent&quot; }"/>
        </annotation>
    </item>
    <item name='javax.sql.RowSetEvent RowSetEvent(javax.sql.RowSet)'>
        <annotation name='com.intellij.inspections.tainted.annotation.equation.Equations'>
            <val val="{ &quot;source := javax.sql.rowset.BaseRowSet&quot;, &quot;RowSetEvent := RowSetEvent&quot; }"/>
        </annotation>
    </item>
    <item name='javax.sql.RowSetListener void cursorMoved(javax.sql.RowSetEvent)'>
        <annotation name='com.intellij.inspections.tainted.annotation.equation.Equations'>
            <val val="{ &quot;event := &quot; }"/>
        </annotation>
    </item>
    <item name='javax.sql.RowSetListener void rowChanged(javax.sql.RowSetEvent)'>
        <annotation name='com.intellij.inspections.tainted.annotation.equation.Equations'>
            <val val="{ &quot;event := &quot; }"/>
        </annotation>
    </item>
    <item name='javax.sql.RowSetListener void rowSetChanged(javax.sql.RowSetEvent)'>
        <annotation name='com.intellij.inspections.tainted.annotation.equation.Equations'>
            <val val="{ &quot;event := &quot; }"/>
        </annotation>
    </item>
    <item name='javax.sql.RowSetMetaData void setAutoIncrement(int, boolean)'>
        <annotation name='com.intellij.inspections.tainted.annotation.equation.Equations'>
            <val val="{ &quot;columnIndex := javax.sql.rowset.RowSetMetaDataImpl#setAutoIncrement(int, boolean)#0&quot; }"/>
        </annotation>
    </item>
    <item name='javax.sql.RowSetMetaData void setCaseSensitive(int, boolean)'>
        <annotation name='com.intellij.inspections.tainted.annotation.equation.Equations'>
            <val val="{ &quot;columnIndex := javax.sql.rowset.RowSetMetaDataImpl#setCaseSensitive(int, boolean)#0&quot; }"/>
        </annotation>
    </item>
    <item name='javax.sql.RowSetMetaData void setCatalogName(int, java.lang.String)'>
        <annotation name='com.intellij.inspections.tainted.annotation.equation.Equations'>
            <val val="{ &quot;catalogName := javax.sql.rowset.RowSetMetaDataImpl#setCatalogName(int, java.lang.String)#1&quot;, &quot;columnIndex := javax.sql.rowset.RowSetMetaDataImpl#setCatalogName(int, java.lang.String)#0&quot; }"/>
        </annotation>
    </item>
    <item name='javax.sql.RowSetMetaData void setColumnCount(int)'>
        <annotation name='com.intellij.inspections.tainted.annotation.equation.Equations'>
            <val val="{ &quot;columnCount := javax.sql.rowset.RowSetMetaDataImpl#setColumnCount(int)#0&quot; }"/>
        </annotation>
    </item>
    <item name='javax.sql.RowSetMetaData void setColumnDisplaySize(int, int)'>
        <annotation name='com.intellij.inspections.tainted.annotation.equation.Equations'>
            <val val="{ &quot;size := javax.sql.rowset.RowSetMetaDataImpl#setColumnDisplaySize(int, int)#1&quot;, &quot;columnIndex := javax.sql.rowset.RowSetMetaDataImpl#setColumnDisplaySize(int, int)#0&quot; }"/>
        </annotation>
    </item>
    <item name='javax.sql.RowSetMetaData void setColumnLabel(int, java.lang.String)'>
        <annotation name='com.intellij.inspections.tainted.annotation.equation.Equations'>
            <val val="{ &quot;columnIndex := javax.sql.rowset.RowSetMetaDataImpl#setColumnLabel(int, java.lang.String)#0&quot;, &quot;label := javax.sql.rowset.RowSetMetaDataImpl#setColumnLabel(int, java.lang.String)#1&quot; }"/>
        </annotation>
    </item>
    <item name='javax.sql.RowSetMetaData void setColumnName(int, java.lang.String)'>
        <annotation name='com.intellij.inspections.tainted.annotation.equation.Equations'>
            <val val="{ &quot;columnName := javax.sql.rowset.RowSetMetaDataImpl#setColumnName(int, java.lang.String)#1&quot;, &quot;columnIndex := javax.sql.rowset.RowSetMetaDataImpl#setColumnName(int, java.lang.String)#0&quot; }"/>
        </annotation>
    </item>
    <item name='javax.sql.RowSetMetaData void setColumnType(int, int)'>
        <annotation name='com.intellij.inspections.tainted.annotation.equation.Equations'>
            <val val="{ &quot;columnIndex := javax.sql.rowset.RowSetMetaDataImpl#setColumnType(int, int)#0&quot;, &quot;SQLType := javax.sql.rowset.RowSetMetaDataImpl#setColumnType(int, int)#1&quot; }"/>
        </annotation>
    </item>
    <item name='javax.sql.RowSetMetaData void setColumnTypeName(int, java.lang.String)'>
        <annotation name='com.intellij.inspections.tainted.annotation.equation.Equations'>
            <val val="{ &quot;typeName := javax.sql.rowset.RowSetMetaDataImpl#setColumnTypeName(int, java.lang.String)#1&quot;, &quot;columnIndex := javax.sql.rowset.RowSetMetaDataImpl#setColumnTypeName(int, java.lang.String)#0&quot; }"/>
        </annotation>
    </item>
    <item name='javax.sql.RowSetMetaData void setCurrency(int, boolean)'>
        <annotation name='com.intellij.inspections.tainted.annotation.equation.Equations'>
            <val val="{ &quot;columnIndex := javax.sql.rowset.RowSetMetaDataImpl#setCurrency(int, boolean)#0&quot; }"/>
        </annotation>
    </item>
    <item name='javax.sql.RowSetMetaData void setNullable(int, int)'>
        <annotation name='com.intellij.inspections.tainted.annotation.equation.Equations'>
            <val val="{ &quot;property := javax.sql.rowset.RowSetMetaDataImpl#setNullable(int, int)#1&quot;, &quot;columnIndex := javax.sql.rowset.RowSetMetaDataImpl#setNullable(int, int)#0&quot; }"/>
        </annotation>
    </item>
    <item name='javax.sql.RowSetMetaData void setPrecision(int, int)'>
        <annotation name='com.intellij.inspections.tainted.annotation.equation.Equations'>
            <val val="{ &quot;columnIndex := javax.sql.rowset.RowSetMetaDataImpl#setPrecision(int, int)#0&quot;, &quot;precision := javax.sql.rowset.RowSetMetaDataImpl#setPrecision(int, int)#1&quot; }"/>
        </annotation>
    </item>
    <item name='javax.sql.RowSetMetaData void setScale(int, int)'>
        <annotation name='com.intellij.inspections.tainted.annotation.equation.Equations'>
            <val val="{ &quot;columnIndex := javax.sql.rowset.RowSetMetaDataImpl#setScale(int, int)#0&quot;, &quot;scale := javax.sql.rowset.RowSetMetaDataImpl#setScale(int, int)#1&quot; }"/>
        </annotation>
    </item>
    <item name='javax.sql.RowSetMetaData void setSchemaName(int, java.lang.String)'>
        <annotation name='com.intellij.inspections.tainted.annotation.equation.Equations'>
            <val val="{ &quot;columnIndex := javax.sql.rowset.RowSetMetaDataImpl#setSchemaName(int, java.lang.String)#0&quot;, &quot;schemaName := javax.sql.rowset.RowSetMetaDataImpl#setSchemaName(int, java.lang.String)#1&quot; }"/>
        </annotation>
    </item>
    <item name='javax.sql.RowSetMetaData void setSearchable(int, boolean)'>
        <annotation name='com.intellij.inspections.tainted.annotation.equation.Equations'>
            <val val="{ &quot;columnIndex := javax.sql.rowset.RowSetMetaDataImpl#setSearchable(int, boolean)#0&quot; }"/>
        </annotation>
    </item>
    <item name='javax.sql.RowSetMetaData void setSigned(int, boolean)'>
        <annotation name='com.intellij.inspections.tainted.annotation.equation.Equations'>
            <val val="{ &quot;columnIndex := javax.sql.rowset.RowSetMetaDataImpl#setSigned(int, boolean)#0&quot; }"/>
        </annotation>
    </item>
    <item name='javax.sql.RowSetMetaData void setTableName(int, java.lang.String)'>
        <annotation name='com.intellij.inspections.tainted.annotation.equation.Equations'>
            <val val="{ &quot;columnIndex := javax.sql.rowset.RowSetMetaDataImpl#setTableName(int, java.lang.String)#0&quot;, &quot;tableName := javax.sql.rowset.RowSetMetaDataImpl#setTableName(int, java.lang.String)#1&quot; }"/>
        </annotation>
    </item>
    <item name='javax.sql.StatementEvent StatementEvent(javax.sql.PooledConnection, java.sql.PreparedStatement)'>
        <annotation name='com.intellij.inspections.tainted.annotation.equation.Equations'>
            <val val="{ &quot;StatementEvent := StatementEvent&quot; }"/>
        </annotation>
    </item>
    <item name='javax.sql.StatementEvent StatementEvent(javax.sql.PooledConnection, java.sql.PreparedStatement, java.sql.SQLException)'>
        <annotation name='com.intellij.inspections.tainted.annotation.equation.Equations'>
            <val val="{ &quot;StatementEvent := StatementEvent&quot; }"/>
        </annotation>
    </item>
</root>