<root>
    <item name='javax.management.openmbean.ArrayType ArrayType(int, javax.management.openmbean.OpenType&lt;?&gt;)'>
        <annotation name='com.intellij.inspections.tainted.annotation.equation.Equations'>
            <val val="{ &quot;elementType := #getArrayType(javax.management.openmbean.OpenType)#0&quot;, &quot;ArrayType := ArrayType&quot; }"/>
        </annotation>
    </item>
    <item name='javax.management.openmbean.ArrayType ArrayType(java.lang.String, java.lang.String, java.lang.String, int, javax.management.openmbean.OpenType&lt;?&gt;, boolean)'>
        <annotation name='com.intellij.inspections.tainted.annotation.equation.Equations'>
            <val val="{ &quot;ArrayType := ArrayType&quot;, &quot;dimension := ArrayType&quot;, &quot;elementType := ArrayType&quot; }"/>
        </annotation>
    </item>
    <item name='javax.management.openmbean.ArrayType ArrayType(javax.management.openmbean.SimpleType&lt;?&gt;, boolean)'>
        <annotation name='com.intellij.inspections.tainted.annotation.equation.Equations'>
            <val val="{ &quot;ArrayType := ArrayType&quot; }"/>
        </annotation>
    </item>
    <item name='javax.management.openmbean.ArrayType int getDimension()'>
        <annotation name='com.intellij.inspections.tainted.annotation.equation.Equations'>
            <val val="{ &quot;getDimension := ArrayType&quot; }"/>
        </annotation>
    </item>
    <item name='javax.management.openmbean.ArrayType java.lang.Object readResolve()'>
        <annotation name='com.intellij.inspections.tainted.annotation.equation.Equations'>
            <val val="{ &quot;readResolve := ArrayType&quot; }"/>
        </annotation>
    </item>
    <item name='javax.management.openmbean.ArrayType java.lang.Object writeReplace()'>
        <annotation name='com.intellij.inspections.tainted.annotation.equation.Equations'>
            <val val="{ &quot;writeReplace := ArrayType&quot; }"/>
        </annotation>
    </item>
    <item name='javax.management.openmbean.ArrayType java.lang.String buildArrayClassName(int, javax.management.openmbean.OpenType&lt;?&gt;)'>
        <annotation name='com.intellij.inspections.tainted.annotation.equation.Equations'>
            <val val="{ &quot;elementType := #ArrayType(int, javax.management.openmbean.OpenType)#1&quot;, &quot;dimension := #ArrayType(int, javax.management.openmbean.OpenType)#0&quot; }"/>
        </annotation>
    </item>
    <item name='javax.management.openmbean.ArrayType java.lang.String buildArrayClassName(int, javax.management.openmbean.OpenType&lt;?&gt;, boolean)'>
        <annotation name='com.intellij.inspections.tainted.annotation.equation.Equations'>
            <val val="{ &quot;elementType := #ArrayType(javax.management.openmbean.SimpleType, boolean)#0 &amp; #buildArrayClassName(int, javax.management.openmbean.OpenType)#1&quot;, &quot;dimension := #buildArrayClassName(int, javax.management.openmbean.OpenType)#0&quot; }"/>
        </annotation>
    </item>
    <item name='javax.management.openmbean.ArrayType java.lang.String buildArrayDescription(int, javax.management.openmbean.OpenType&lt;?&gt;)'>
        <annotation name='com.intellij.inspections.tainted.annotation.equation.Equations'>
            <val val="{ &quot;elementType := #ArrayType(int, javax.management.openmbean.OpenType)#1&quot;, &quot;dimension := #ArrayType(int, javax.management.openmbean.OpenType)#0&quot; }"/>
        </annotation>
    </item>
    <item name='javax.management.openmbean.ArrayType java.lang.String buildArrayDescription(int, javax.management.openmbean.OpenType&lt;?&gt;, boolean)'>
        <annotation name='com.intellij.inspections.tainted.annotation.equation.Equations'>
            <val val="{ &quot;dimension := #buildArrayDescription(int, javax.management.openmbean.OpenType)#0&quot;, &quot;elementType := #ArrayType(javax.management.openmbean.SimpleType, boolean)#0 &amp; #buildArrayDescription(int, javax.management.openmbean.OpenType)#1&quot; }"/>
        </annotation>
    </item>
    <item name='javax.management.openmbean.ArrayType java.lang.String getPrimitiveTypeKey(java.lang.String)'>
        <annotation name='com.intellij.inspections.tainted.annotation.equation.Equations'>
            <val val="{ &quot;getPrimitiveTypeKey := #PRIMITIVE_ARRAY_TYPES&quot; }"/>
        </annotation>
    </item>
    <item name='javax.management.openmbean.ArrayType java.lang.String getPrimitiveTypeName(java.lang.String)'>
        <annotation name='com.intellij.inspections.tainted.annotation.equation.Equations'>
            <val val="{ &quot;getPrimitiveTypeName := #PRIMITIVE_ARRAY_TYPES&quot; }"/>
        </annotation>
    </item>
    <item name='javax.management.openmbean.ArrayType java.lang.String toString()'>
        <annotation name='com.intellij.inspections.tainted.annotation.equation.Equations'>
            <val val="{ &quot;toString := ArrayType&quot; }"/>
        </annotation>
    </item>
    <item name='javax.management.openmbean.ArrayType javax.management.openmbean.ArrayType&lt;E[]&gt; getArrayType(javax.management.openmbean.OpenType&lt;E&gt;)'>
        <annotation name='com.intellij.inspections.tainted.annotation.equation.Equations'>
            <val val="{ &quot;elementType := &quot; }"/>
        </annotation>
    </item>
    <item name='javax.management.openmbean.ArrayType javax.management.openmbean.ArrayType&lt;T&gt; getPrimitiveArrayType(java.lang.Class&lt;T&gt;)'>
        <annotation name='com.intellij.inspections.tainted.annotation.equation.Equations'>
            <val val="{ &quot;arrayClass := &quot; }"/>
        </annotation>
    </item>
    <item name='javax.management.openmbean.ArrayType javax.management.openmbean.OpenType&lt;?&gt; getElementOpenType()'>
        <annotation name='com.intellij.inspections.tainted.annotation.equation.Equations'>
            <val val="{ &quot;getElementOpenType := ArrayType&quot; }"/>
        </annotation>
    </item>
    <item name='javax.management.openmbean.ArrayType javax.management.openmbean.SimpleType&lt;?&gt; getPrimitiveOpenType(java.lang.String)'>
        <annotation name='com.intellij.inspections.tainted.annotation.equation.Equations'>
            <val val="{ &quot;getPrimitiveOpenType := #PRIMITIVE_ARRAY_TYPES&quot; }"/>
        </annotation>
    </item>
    <item name='javax.management.openmbean.CompositeData boolean containsKey(java.lang.String)'>
        <annotation name='com.intellij.inspections.tainted.annotation.equation.Equations'>
            <val val="{ &quot;key := com.sun.jmx.mbeanserver.DefaultMXBeanMappingFactory.CompositeBuilderViaSetters#fromCompositeData(javax.management.openmbean.CompositeData, java.lang.String[], com.sun.jmx.mbeanserver.MXBeanMapping[])#1 &amp; CompositeDataSupport#containsKey(java.lang.String)#0&quot; }"/>
        </annotation>
    </item>
    <item name='javax.management.openmbean.CompositeData boolean containsValue(java.lang.Object)'>
        <annotation name='com.intellij.inspections.tainted.annotation.equation.Equations'>
            <val val="{ &quot;value := CompositeDataSupport#containsValue(java.lang.Object)#0&quot; }"/>
        </annotation>
    </item>
    <item name='javax.management.openmbean.CompositeData boolean equals(java.lang.Object)'>
        <annotation name='com.intellij.inspections.tainted.annotation.equation.Equations'>
            <val val="{ &quot;obj := CompositeDataSupport#equals(java.lang.Object)#0&quot; }"/>
        </annotation>
    </item>
    <item name='javax.management.openmbean.CompositeData int hashCode()'>
        <annotation name='com.intellij.inspections.tainted.annotation.equation.Equations'>
            <val val="{ &quot;hashCode := CompositeDataSupport#hashCode()&quot; }"/>
        </annotation>
    </item>
    <item name='javax.management.openmbean.CompositeData java.lang.Object get(java.lang.String)'>
        <annotation name='com.intellij.inspections.tainted.annotation.equation.Equations'>
            <val val="{ &quot;get := CompositeDataSupport#get(java.lang.String)&quot;, &quot;key := com.sun.jmx.mbeanserver.Introspector#elementFromComplex(java.lang.Object, java.lang.String)#1 &amp; com.sun.jmx.mbeanserver.DefaultMXBeanMappingFactory.CompositeBuilderViaSetters#fromCompositeData(javax.management.openmbean.CompositeData, java.lang.String[], com.sun.jmx.mbeanserver.MXBeanMapping[])#1 &amp; com.sun.jmx.mbeanserver.DefaultMXBeanMappingFactory.CompositeBuilderViaConstructor#fromCompositeData(javax.management.openmbean.CompositeData, java.lang.String[], com.sun.jmx.mbeanserver.MXBeanMapping[])#1 &amp; CompositeDataSupport#get(java.lang.String)#0 &amp; sun.management.LazyCompositeData#getString(javax.management.openmbean.CompositeData, java.lang.String)#1 &amp; sun.management.LazyCompositeData#getLong(javax.management.openmbean.CompositeData, java.lang.String)#1 &amp; sun.management.MonitorInfoCompositeData#monitorInfoItemNames &amp; sun.management.LazyCompositeData#getBoolean(javax.management.openmbean.CompositeData, java.lang.String)#1 &amp; sun.management.LazyCompositeData#getInt(javax.management.openmbean.CompositeData, java.lang.String)#1 &amp; sun.management.LazyCompositeData#getLong(javax.management.openmbean.CompositeData, java.lang.String)#1 &amp; sun.management.LazyCompositeData#getString(javax.management.openmbean.CompositeData, java.lang.String)#1 &amp; sun.management.LazyCompositeData#getBoolean(javax.management.openmbean.CompositeData, java.lang.String)#1 &amp; sun.management.MonitorInfoCompositeData#monitorInfoItemNames &amp; sun.management.LazyCompositeData#getInt(javax.management.openmbean.CompositeData, java.lang.String)#1&quot; }"/>
        </annotation>
    </item>
    <item name='javax.management.openmbean.CompositeData java.lang.Object[] getAll(java.lang.String[])'>
        <annotation name='com.intellij.inspections.tainted.annotation.equation.Equations'>
            <val val="{ &quot;keys := CompositeDataSupport#getAll(java.lang.String[])#0 &amp; TabularDataSupport&quot;, &quot;getAll := CompositeDataSupport#getAll(java.lang.String[])&quot; }"/>
        </annotation>
    </item>
    <item name='javax.management.openmbean.CompositeData java.lang.String toString()'>
        <annotation name='com.intellij.inspections.tainted.annotation.equation.Equations'>
            <val val="{ &quot;toString := CompositeDataSupport#toString()&quot; }"/>
        </annotation>
    </item>
    <item name='javax.management.openmbean.CompositeData java.util.Collection&lt;?&gt; values()'>
        <annotation name='com.intellij.inspections.tainted.annotation.equation.Equations'>
            <val val="{ &quot;values := CompositeDataSupport#values()&quot; }"/>
        </annotation>
    </item>
    <item name='javax.management.openmbean.CompositeData javax.management.openmbean.CompositeType getCompositeType()'>
        <annotation name='com.intellij.inspections.tainted.annotation.equation.Equations'>
            <val val="{ &quot;getCompositeType := CompositeDataSupport#getCompositeType()&quot; }"/>
        </annotation>
    </item>
    <item name='javax.management.openmbean.CompositeDataInvocationHandler CompositeDataInvocationHandler(javax.management.openmbean.CompositeData)'>
        <annotation name='com.intellij.inspections.tainted.annotation.equation.Equations'>
            <val val="{ &quot;CompositeDataInvocationHandler := CompositeDataInvocationHandler&quot;, &quot;compositeData := com.sun.jmx.mbeanserver.DefaultMXBeanMappingFactory.CompositeBuilderViaProxy#fromCompositeData(javax.management.openmbean.CompositeData, java.lang.String[], com.sun.jmx.mbeanserver.MXBeanMapping[])#0&quot; }"/>
        </annotation>
    </item>
    <item name='javax.management.openmbean.CompositeDataInvocationHandler CompositeDataInvocationHandler(javax.management.openmbean.CompositeData, com.sun.jmx.mbeanserver.MXBeanLookup)'>
        <annotation name='com.intellij.inspections.tainted.annotation.equation.Equations'>
            <val val="{ &quot;CompositeDataInvocationHandler := CompositeDataInvocationHandler&quot;, &quot;compositeData := #CompositeDataInvocationHandler(javax.management.openmbean.CompositeData)#0&quot; }"/>
        </annotation>
    </item>
    <item name='javax.management.openmbean.CompositeDataInvocationHandler boolean equals(java.lang.Object, java.lang.Object)'>
        <annotation name='com.intellij.inspections.tainted.annotation.equation.Equations'>
            <val val="{ &quot;proxy := #invoke(java.lang.Object, java.lang.reflect.Method, java.lang.Object[])#0&quot;, &quot;other := #invoke(java.lang.Object, java.lang.reflect.Method, java.lang.Object[])#2&quot; }"/>
        </annotation>
    </item>
    <item name='javax.management.openmbean.CompositeDataInvocationHandler java.lang.Object invoke(java.lang.Object, java.lang.reflect.Method, java.lang.Object[])'>
        <annotation name='com.intellij.inspections.tainted.annotation.equation.Equations'>
            <val val="{ &quot;invoke := CompositeDataInvocationHandler &amp; args&quot; }"/>
        </annotation>
    </item>
    <item name='javax.management.openmbean.CompositeDataInvocationHandler javax.management.openmbean.CompositeData getCompositeData()'>
        <annotation name='com.intellij.inspections.tainted.annotation.equation.Equations'>
            <val val="{ &quot;getCompositeData := CompositeDataInvocationHandler&quot; }"/>
        </annotation>
    </item>
    <item name='javax.management.openmbean.CompositeDataSupport CompositeDataSupport(java.util.SortedMap&lt;java.lang.String,java.lang.Object&gt;, javax.management.openmbean.CompositeType)'>
        <annotation name='com.intellij.inspections.tainted.annotation.equation.Equations'>
            <val val="{ &quot;CompositeDataSupport := CompositeDataSupport&quot;, &quot;compositeType := #CompositeDataSupport(javax.management.openmbean.CompositeType, java.lang.String[], java.lang.Object[])#0 &amp; #CompositeDataSupport(javax.management.openmbean.CompositeType, java.util.Map)#0&quot; }"/>
        </annotation>
    </item>
    <item name='javax.management.openmbean.CompositeDataSupport CompositeDataSupport(javax.management.openmbean.CompositeType, java.lang.String[], java.lang.Object[])'>
        <annotation name='com.intellij.inspections.tainted.annotation.equation.Equations'>
            <val val="{ &quot;itemValues := &quot;, &quot;compositeType := sun.management.ThreadInfoCompositeData#threadInfoCompositeType &amp; sun.management.MemoryNotifInfoCompositeData#memoryNotifInfoCompositeType &amp; sun.management.MemoryUsageCompositeData#memoryUsageCompositeType &amp; sun.management.ThreadInfoCompositeData#threadInfoCompositeType &amp; sun.management.MonitorInfoCompositeData#monitorInfoCompositeType &amp; sun.management.StackTraceElementCompositeData#stackTraceElementCompositeType &amp; sun.management.LockInfoCompositeData#lockInfoCompositeType &amp; sun.management.VMOptionCompositeData#vmOptionCompositeType &amp; sun.management.StackTraceElementCompositeData#stackTraceElementCompositeType &amp; sun.management.MonitorInfoCompositeData#monitorInfoCompositeType &amp; sun.management.MemoryNotifInfoCompositeData#memoryNotifInfoCompositeType &amp; sun.management.MemoryUsageCompositeData#memoryUsageCompositeType &amp; sun.management.LockInfoCompositeData#lockInfoCompositeType &amp; sun.management.VMOptionCompositeData#vmOptionCompositeType&quot;, &quot;itemNames := sun.management.MappedMXBeanType#mapItemNames &amp; sun.management.ThreadInfoCompositeData#threadInfoItemNames &amp; com.sun.jmx.mbeanserver.DefaultMXBeanMappingFactory#keyValueArray &amp; com.sun.jmx.mbeanserver.DefaultMXBeanMappingFactory.CompositeMapping &amp; sun.management.MemoryNotifInfoCompositeData#memoryNotifInfoItemNames &amp; sun.management.MemoryUsageCompositeData#memoryUsageItemNames &amp; sun.management.ThreadInfoCompositeData#threadInfoItemNames &amp; sun.management.MonitorInfoCompositeData#monitorInfoItemNames &amp; sun.management.StackTraceElementCompositeData#stackTraceElementItemNames &amp; sun.management.LockInfoCompositeData#lockInfoItemNames &amp; sun.management.MappedMXBeanType#mapItemNames &amp; sun.management.VMOptionCompositeData#vmOptionItemNames &amp; sun.management.StackTraceElementCompositeData#stackTraceElementItemNames &amp; sun.management.MonitorInfoCompositeData#monitorInfoItemNames &amp; sun.management.MemoryNotifInfoCompositeData#memoryNotifInfoItemNames &amp; sun.management.MemoryUsageCompositeData#memoryUsageItemNames &amp; sun.management.LockInfoCompositeData#lockInfoItemNames &amp; sun.management.VMOptionCompositeData#vmOptionItemNames&quot;, &quot;CompositeDataSupport := CompositeDataSupport&quot; }"/>
        </annotation>
    </item>
    <item name='javax.management.openmbean.CompositeDataSupport CompositeDataSupport(javax.management.openmbean.CompositeType, java.util.Map&lt;java.lang.String,?&gt;)'>
        <annotation name='com.intellij.inspections.tainted.annotation.equation.Equations'>
            <val val="{ &quot;CompositeDataSupport := CompositeDataSupport&quot; }"/>
        </annotation>
    </item>
    <item name='javax.management.openmbean.CompositeDataSupport java.lang.Object get(java.lang.String)'>
        <annotation name='com.intellij.inspections.tainted.annotation.equation.Equations'>
            <val val="{ &quot;key := #getAll(java.lang.String[])#0&quot; }"/>
        </annotation>
    </item>
    <item name='javax.management.openmbean.CompositeDataSupport java.util.SortedMap&lt;java.lang.String,java.lang.Object&gt; makeMap(java.lang.String[], java.lang.Object[])'>
        <annotation name='com.intellij.inspections.tainted.annotation.equation.Equations'>
            <val val="{ &quot;itemNames := #CompositeDataSupport(javax.management.openmbean.CompositeType, java.lang.String[], java.lang.Object[])#1&quot;, &quot;itemValues := #CompositeDataSupport(javax.management.openmbean.CompositeType, java.lang.String[], java.lang.Object[])#2&quot; }"/>
        </annotation>
    </item>
    <item name='javax.management.openmbean.CompositeDataSupport java.util.SortedMap&lt;java.lang.String,java.lang.Object&gt; makeMap(java.util.Map&lt;java.lang.String,?&gt;)'>
        <annotation name='com.intellij.inspections.tainted.annotation.equation.Equations'>
            <val val="{ &quot;items := #CompositeDataSupport(javax.management.openmbean.CompositeType, java.util.Map)#1&quot; }"/>
        </annotation>
    </item>
    <item name='javax.management.openmbean.CompositeDataSupport javax.management.openmbean.CompositeType getCompositeType()'>
        <annotation name='com.intellij.inspections.tainted.annotation.equation.Equations'>
            <val val="{ &quot;getCompositeType := CompositeDataSupport&quot; }"/>
        </annotation>
    </item>
    <item name='javax.management.openmbean.CompositeType CompositeType(java.lang.String, java.lang.String, java.lang.String[], java.lang.String[], javax.management.openmbean.OpenType&lt;?&gt;[])'>
        <annotation name='com.intellij.inspections.tainted.annotation.equation.Equations'>
            <val val="{ &quot;CompositeType := CompositeType&quot;, &quot;itemNames := com.sun.jmx.mbeanserver.DefaultMXBeanMappingFactory#keyValueArray &amp; sun.management.MappedMXBeanType#mapItemNames &amp; sun.management.MappedMXBeanType#mapItemNames &amp; com.sun.jmx.mbeanserver.DefaultMXBeanMappingFactory#keyValueArray&quot;, &quot;itemTypes := &quot;, &quot;description := sun.management.MappedMXBeanType.MapMXBeanType &amp; sun.management.MappedMXBeanType.MapMXBeanType&quot;, &quot;itemDescriptions := com.sun.jmx.mbeanserver.DefaultMXBeanMappingFactory#keyValueArray &amp; sun.management.MappedMXBeanType#mapItemNames &amp; sun.management.MappedMXBeanType#mapItemNames &amp; com.sun.jmx.mbeanserver.DefaultMXBeanMappingFactory#keyValueArray&quot;, &quot;typeName := sun.management.MappedMXBeanType.MapMXBeanType &amp; sun.management.MappedMXBeanType.MapMXBeanType&quot; }"/>
        </annotation>
    </item>
    <item name='javax.management.openmbean.CompositeType boolean isAssignableFrom(javax.management.openmbean.OpenType&lt;?&gt;)'>
        <annotation name='com.intellij.inspections.tainted.annotation.equation.Equations'>
            <val val="{ &quot;ot := &quot; }"/>
        </annotation>
    </item>
    <item name='javax.management.openmbean.CompositeType java.lang.String getDescription(java.lang.String)'>
        <annotation name='com.intellij.inspections.tainted.annotation.equation.Equations'>
            <val val="{ &quot;itemName := &quot; }"/>
        </annotation>
    </item>
    <item name='javax.management.openmbean.CompositeType java.lang.String toString()'>
        <annotation name='com.intellij.inspections.tainted.annotation.equation.Equations'>
            <val val="{ &quot;toString := CompositeType&quot; }"/>
        </annotation>
    </item>
    <item name='javax.management.openmbean.CompositeType java.util.Set&lt;java.lang.String&gt; keySet()'>
        <annotation name='com.intellij.inspections.tainted.annotation.equation.Equations'>
            <val val="{ &quot;keySet := CompositeType&quot; }"/>
        </annotation>
    </item>
    <item name='javax.management.openmbean.CompositeType javax.management.openmbean.OpenType&lt;?&gt; getType(java.lang.String)'>
        <annotation name='com.intellij.inspections.tainted.annotation.equation.Equations'>
            <val val="{ &quot;itemName := com.sun.jmx.mbeanserver.DefaultMXBeanMappingFactory.CompositeBuilderViaConstructor#fromCompositeData(javax.management.openmbean.CompositeData, java.lang.String[], com.sun.jmx.mbeanserver.MXBeanMapping[])#1 &amp; TabularDataSupport&quot; }"/>
        </annotation>
    </item>
    <item name='javax.management.openmbean.CompositeType void checkForEmptyString(java.lang.String[], java.lang.String)'>
        <annotation name='com.intellij.inspections.tainted.annotation.equation.Equations'>
            <val val="{ &quot;arg := #CompositeType(java.lang.String, java.lang.String, java.lang.String[], java.lang.String[], javax.management.openmbean.OpenType[])#2 &amp; #CompositeType(java.lang.String, java.lang.String, java.lang.String[], java.lang.String[], javax.management.openmbean.OpenType[])#3&quot; }"/>
        </annotation>
    </item>
    <item name='javax.management.openmbean.CompositeType void checkForNullElement(java.lang.Object[], java.lang.String)'>
        <annotation name='com.intellij.inspections.tainted.annotation.equation.Equations'>
            <val val="{ &quot;arg := #CompositeType(java.lang.String, java.lang.String, java.lang.String[], java.lang.String[], javax.management.openmbean.OpenType[])#2 &amp; #CompositeType(java.lang.String, java.lang.String, java.lang.String[], java.lang.String[], javax.management.openmbean.OpenType[])#3 &amp; #CompositeType(java.lang.String, java.lang.String, java.lang.String[], java.lang.String[], javax.management.openmbean.OpenType[])#4&quot; }"/>
        </annotation>
    </item>
    <item name='javax.management.openmbean.InvalidKeyException InvalidKeyException(java.lang.String)'>
        <annotation name='com.intellij.inspections.tainted.annotation.equation.Equations'>
            <val val="{ &quot;InvalidKeyException := InvalidKeyException&quot; }"/>
        </annotation>
    </item>
    <item name='javax.management.openmbean.InvalidOpenTypeException InvalidOpenTypeException(java.lang.String)'>
        <annotation name='com.intellij.inspections.tainted.annotation.equation.Equations'>
            <val val="{ &quot;InvalidOpenTypeException := InvalidOpenTypeException&quot; }"/>
        </annotation>
    </item>
    <item name='javax.management.openmbean.KeyAlreadyExistsException KeyAlreadyExistsException(java.lang.String)'>
        <annotation name='com.intellij.inspections.tainted.annotation.equation.Equations'>
            <val val="{ &quot;KeyAlreadyExistsException := KeyAlreadyExistsException&quot; }"/>
        </annotation>
    </item>
    <item name='javax.management.openmbean.OpenDataException OpenDataException(java.lang.String)'>
        <annotation name='com.intellij.inspections.tainted.annotation.equation.Equations'>
            <val val="{ &quot;msg := com.sun.jmx.mbeanserver.DefaultMXBeanMappingFactory#openDataException(java.lang.String, java.lang.Throwable)#0 &amp; com.sun.jmx.mbeanserver.DefaultMXBeanMappingFactory#openDataException(java.lang.String, java.lang.Throwable)#0&quot;, &quot;OpenDataException := OpenDataException&quot; }"/>
        </annotation>
    </item>
    <item name='javax.management.openmbean.OpenMBeanAttributeInfo boolean equals(java.lang.Object)'>
        <annotation name='com.intellij.inspections.tainted.annotation.equation.Equations'>
            <val val="{ &quot;obj := OpenMBeanAttributeInfoSupport#equals(java.lang.Object)#0&quot; }"/>
        </annotation>
    </item>
    <item name='javax.management.openmbean.OpenMBeanAttributeInfo int hashCode()'>
        <annotation name='com.intellij.inspections.tainted.annotation.equation.Equations'>
            <val val="{ &quot;hashCode := OpenMBeanAttributeInfoSupport#hashCode()&quot; }"/>
        </annotation>
    </item>
    <item name='javax.management.openmbean.OpenMBeanAttributeInfo java.lang.String toString()'>
        <annotation name='com.intellij.inspections.tainted.annotation.equation.Equations'>
            <val val="{ &quot;toString := OpenMBeanAttributeInfoSupport#toString()&quot; }"/>
        </annotation>
    </item>
    <item name='javax.management.openmbean.OpenMBeanAttributeInfoSupport OpenMBeanAttributeInfoSupport(java.lang.String, java.lang.String, javax.management.openmbean.OpenType&lt;?&gt;, boolean, boolean, boolean)'>
        <annotation name='com.intellij.inspections.tainted.annotation.equation.Equations'>
            <val val="{ &quot;OpenMBeanAttributeInfoSupport := OpenMBeanAttributeInfoSupport&quot; }"/>
        </annotation>
    </item>
    <item name='javax.management.openmbean.OpenMBeanAttributeInfoSupport OpenMBeanAttributeInfoSupport(java.lang.String, java.lang.String, javax.management.openmbean.OpenType&lt;?&gt;, boolean, boolean, boolean, javax.management.Descriptor)'>
        <annotation name='com.intellij.inspections.tainted.annotation.equation.Equations'>
            <val val="{ &quot;openType := #OpenMBeanAttributeInfoSupport(java.lang.String, java.lang.String, javax.management.openmbean.OpenType, boolean, boolean, boolean)#2 &amp; OpenMBeanAttributeInfoSupport&quot;, &quot;description := com.sun.jmx.mbeanserver.MXBeanIntrospector#getMBeanAttributeInfo(java.lang.String, com.sun.jmx.mbeanserver.ConvertingMethod, com.sun.jmx.mbeanserver.ConvertingMethod)#0 &amp; #OpenMBeanAttributeInfoSupport(java.lang.String, java.lang.String, javax.management.openmbean.OpenType, boolean, boolean, boolean)#1 &amp; OpenMBeanAttributeInfoSupport &amp; javax.management.StandardMBean#customize(javax.management.MBeanAttributeInfo, java.lang.String)#1&quot;, &quot;OpenMBeanAttributeInfoSupport := OpenMBeanAttributeInfoSupport&quot;, &quot;name := com.sun.jmx.mbeanserver.MXBeanIntrospector#getMBeanAttributeInfo(java.lang.String, com.sun.jmx.mbeanserver.ConvertingMethod, com.sun.jmx.mbeanserver.ConvertingMethod)#0 &amp; #OpenMBeanAttributeInfoSupport(java.lang.String, java.lang.String, javax.management.openmbean.OpenType, boolean, boolean, boolean)#0 &amp; OpenMBeanAttributeInfoSupport&quot; }"/>
        </annotation>
    </item>
    <item name='javax.management.openmbean.OpenMBeanAttributeInfoSupport OpenMBeanAttributeInfoSupport(java.lang.String, java.lang.String, javax.management.openmbean.OpenType&lt;T&gt;, boolean, boolean, boolean, T)'>
        <annotation name='com.intellij.inspections.tainted.annotation.equation.Equations'>
            <val val="{ &quot;OpenMBeanAttributeInfoSupport := OpenMBeanAttributeInfoSupport&quot; }"/>
        </annotation>
    </item>
    <item name='javax.management.openmbean.OpenMBeanAttributeInfoSupport OpenMBeanAttributeInfoSupport(java.lang.String, java.lang.String, javax.management.openmbean.OpenType&lt;T&gt;, boolean, boolean, boolean, T, T[])'>
        <annotation name='com.intellij.inspections.tainted.annotation.equation.Equations'>
            <val val="{ &quot;name := #OpenMBeanAttributeInfoSupport(java.lang.String, java.lang.String, javax.management.openmbean.OpenType, boolean, boolean, boolean, java.lang.Object)#0&quot;, &quot;openType := #OpenMBeanAttributeInfoSupport(java.lang.String, java.lang.String, javax.management.openmbean.OpenType, boolean, boolean, boolean, java.lang.Object)#2&quot;, &quot;defaultValue := #OpenMBeanAttributeInfoSupport(java.lang.String, java.lang.String, javax.management.openmbean.OpenType, boolean, boolean, boolean, java.lang.Object)#6&quot;, &quot;description := #OpenMBeanAttributeInfoSupport(java.lang.String, java.lang.String, javax.management.openmbean.OpenType, boolean, boolean, boolean, java.lang.Object)#1&quot;, &quot;OpenMBeanAttributeInfoSupport := OpenMBeanAttributeInfoSupport&quot; }"/>
        </annotation>
    </item>
    <item name='javax.management.openmbean.OpenMBeanAttributeInfoSupport OpenMBeanAttributeInfoSupport(java.lang.String, java.lang.String, javax.management.openmbean.OpenType&lt;T&gt;, boolean, boolean, boolean, T, T[], java.lang.Comparable&lt;T&gt;, java.lang.Comparable&lt;T&gt;)'>
        <annotation name='com.intellij.inspections.tainted.annotation.equation.Equations'>
            <val val="{ &quot;legalValues := #OpenMBeanAttributeInfoSupport(java.lang.String, java.lang.String, javax.management.openmbean.OpenType, boolean, boolean, boolean, java.lang.Object, java.lang.Object[])#7&quot;, &quot;OpenMBeanAttributeInfoSupport := OpenMBeanAttributeInfoSupport&quot;, &quot;defaultValue := #OpenMBeanAttributeInfoSupport(java.lang.String, java.lang.String, javax.management.openmbean.OpenType, boolean, boolean, boolean, java.lang.Object, java.lang.Object[])#6 &amp; #OpenMBeanAttributeInfoSupport(java.lang.String, java.lang.String, javax.management.openmbean.OpenType, boolean, boolean, boolean, java.lang.Object, java.lang.Comparable, java.lang.Comparable)#6&quot;, &quot;maxValue := #OpenMBeanAttributeInfoSupport(java.lang.String, java.lang.String, javax.management.openmbean.OpenType, boolean, boolean, boolean, java.lang.Object, java.lang.Comparable, java.lang.Comparable)#8&quot;, &quot;name := #OpenMBeanAttributeInfoSupport(java.lang.String, java.lang.String, javax.management.openmbean.OpenType, boolean, boolean, boolean, java.lang.Object, java.lang.Object[])#0 &amp; #OpenMBeanAttributeInfoSupport(java.lang.String, java.lang.String, javax.management.openmbean.OpenType, boolean, boolean, boolean, java.lang.Object, java.lang.Comparable, java.lang.Comparable)#0&quot;, &quot;minValue := #OpenMBeanAttributeInfoSupport(java.lang.String, java.lang.String, javax.management.openmbean.OpenType, boolean, boolean, boolean, java.lang.Object, java.lang.Comparable, java.lang.Comparable)#7&quot;, &quot;openType := #OpenMBeanAttributeInfoSupport(java.lang.String, java.lang.String, javax.management.openmbean.OpenType, boolean, boolean, boolean, java.lang.Object, java.lang.Object[])#2 &amp; #OpenMBeanAttributeInfoSupport(java.lang.String, java.lang.String, javax.management.openmbean.OpenType, boolean, boolean, boolean, java.lang.Object, java.lang.Comparable, java.lang.Comparable)#2&quot;, &quot;description := #OpenMBeanAttributeInfoSupport(java.lang.String, java.lang.String, javax.management.openmbean.OpenType, boolean, boolean, boolean, java.lang.Object, java.lang.Object[])#1 &amp; #OpenMBeanAttributeInfoSupport(java.lang.String, java.lang.String, javax.management.openmbean.OpenType, boolean, boolean, boolean, java.lang.Object, java.lang.Comparable, java.lang.Comparable)#1&quot; }"/>
        </annotation>
    </item>
    <item name='javax.management.openmbean.OpenMBeanAttributeInfoSupport OpenMBeanAttributeInfoSupport(java.lang.String, java.lang.String, javax.management.openmbean.OpenType&lt;T&gt;, boolean, boolean, boolean, T, java.lang.Comparable&lt;T&gt;, java.lang.Comparable&lt;T&gt;)'>
        <annotation name='com.intellij.inspections.tainted.annotation.equation.Equations'>
            <val val="{ &quot;OpenMBeanAttributeInfoSupport := OpenMBeanAttributeInfoSupport&quot; }"/>
        </annotation>
    </item>
    <item name='javax.management.openmbean.OpenMBeanAttributeInfoSupport T cast(java.lang.Object)'>
        <annotation name='com.intellij.inspections.tainted.annotation.equation.Equations'>
            <val val="{ &quot;cast := x&quot;, &quot;x := OpenMBeanAttributeInfoSupport &amp; #convertFrom(java.lang.Object, javax.management.openmbean.OpenType)#0 &amp; OpenMBeanParameterInfoSupport&quot; }"/>
        </annotation>
    </item>
    <item name='javax.management.openmbean.OpenMBeanAttributeInfoSupport T convertFrom(java.lang.Object, javax.management.openmbean.OpenType&lt;T&gt;)'>
        <annotation name='com.intellij.inspections.tainted.annotation.equation.Equations'>
            <val val="{ &quot;openType := #valueFrom(javax.management.Descriptor, java.lang.String, javax.management.openmbean.OpenType)#2 &amp; #valuesFrom(javax.management.Descriptor, java.lang.String, javax.management.openmbean.OpenType)#2&quot; }"/>
        </annotation>
    </item>
    <item name='javax.management.openmbean.OpenMBeanAttributeInfoSupport T convertFromString(java.lang.String, javax.management.openmbean.OpenType&lt;T&gt;)'>
        <annotation name='com.intellij.inspections.tainted.annotation.equation.Equations'>
            <val val="{ &quot;s := #convertFromStrings(java.lang.Object, javax.management.openmbean.OpenType)#0&quot;, &quot;openType := #convertFromStrings(java.lang.Object, javax.management.openmbean.OpenType)#1&quot; }"/>
        </annotation>
    </item>
    <item name='javax.management.openmbean.OpenMBeanAttributeInfoSupport T convertFromStringArray(java.lang.Object, javax.management.openmbean.OpenType&lt;T&gt;)'>
        <annotation name='com.intellij.inspections.tainted.annotation.equation.Equations'>
            <val val="{ &quot;openType := #convertFromStrings(java.lang.Object, javax.management.openmbean.OpenType)#1&quot;, &quot;x := #convertFromStrings(java.lang.Object, javax.management.openmbean.OpenType)#0&quot; }"/>
        </annotation>
    </item>
    <item name='javax.management.openmbean.OpenMBeanAttributeInfoSupport T convertFromStrings(java.lang.Object, javax.management.openmbean.OpenType&lt;T&gt;)'>
        <annotation name='com.intellij.inspections.tainted.annotation.equation.Equations'>
            <val val="{ &quot;x := #convertFrom(java.lang.Object, javax.management.openmbean.OpenType)#0&quot;, &quot;openType := #convertFrom(java.lang.Object, javax.management.openmbean.OpenType)#1&quot; }"/>
        </annotation>
    </item>
    <item name='javax.management.openmbean.OpenMBeanAttributeInfoSupport T valueFrom(javax.management.Descriptor, java.lang.String, javax.management.openmbean.OpenType&lt;T&gt;)'>
        <annotation name='com.intellij.inspections.tainted.annotation.equation.Equations'>
            <val val="{ &quot;openType := #OpenMBeanAttributeInfoSupport(java.lang.String, java.lang.String, javax.management.openmbean.OpenType, boolean, boolean, boolean, javax.management.Descriptor)#2 &amp; OpenMBeanParameterInfoSupport#OpenMBeanParameterInfoSupport(java.lang.String, java.lang.String, javax.management.openmbean.OpenType, javax.management.Descriptor)#2 &amp; #comparableValueFrom(javax.management.Descriptor, java.lang.String, javax.management.openmbean.OpenType)#2&quot;, &quot;name := #comparableValueFrom(javax.management.Descriptor, java.lang.String, javax.management.openmbean.OpenType)#1&quot;, &quot;d := #OpenMBeanAttributeInfoSupport(java.lang.String, java.lang.String, javax.management.openmbean.OpenType, boolean, boolean, boolean, javax.management.Descriptor)#6 &amp; OpenMBeanParameterInfoSupport#OpenMBeanParameterInfoSupport(java.lang.String, java.lang.String, javax.management.openmbean.OpenType, javax.management.Descriptor)#3 &amp; #comparableValueFrom(javax.management.Descriptor, java.lang.String, javax.management.openmbean.OpenType)#0&quot; }"/>
        </annotation>
    </item>
    <item name='javax.management.openmbean.OpenMBeanAttributeInfoSupport boolean equal(javax.management.openmbean.OpenMBeanParameterInfo, javax.management.openmbean.OpenMBeanParameterInfo)'>
        <annotation name='com.intellij.inspections.tainted.annotation.equation.Equations'>
            <val val="{ &quot;x1 := OpenMBeanParameterInfoSupport &amp; OpenMBeanAttributeInfoSupport&quot;, &quot;x2 := OpenMBeanParameterInfoSupport#equals(java.lang.Object)#0 &amp; #equals(java.lang.Object)#0&quot; }"/>
        </annotation>
    </item>
    <item name='javax.management.openmbean.OpenMBeanAttributeInfoSupport boolean isValue(javax.management.openmbean.OpenMBeanParameterInfo, java.lang.Object)'>
        <annotation name='com.intellij.inspections.tainted.annotation.equation.Equations'>
            <val val="{ &quot;obj := #isValue(java.lang.Object)#0 &amp; OpenMBeanParameterInfoSupport#isValue(java.lang.Object)#0&quot;, &quot;info := OpenMBeanAttributeInfoSupport &amp; OpenMBeanParameterInfoSupport&quot; }"/>
        </annotation>
    </item>
    <item name='javax.management.openmbean.OpenMBeanAttributeInfoSupport int hashCode(javax.management.openmbean.OpenMBeanParameterInfo)'>
        <annotation name='com.intellij.inspections.tainted.annotation.equation.Equations'>
            <val val="{ &quot;info := OpenMBeanAttributeInfoSupport &amp; OpenMBeanParameterInfoSupport&quot; }"/>
        </annotation>
    </item>
    <item name='javax.management.openmbean.OpenMBeanAttributeInfoSupport java.lang.Comparable&lt;?&gt; comparableValueFrom(javax.management.Descriptor, java.lang.String, javax.management.openmbean.OpenType&lt;T&gt;)'>
        <annotation name='com.intellij.inspections.tainted.annotation.equation.Equations'>
            <val val="{ &quot;d := #OpenMBeanAttributeInfoSupport(java.lang.String, java.lang.String, javax.management.openmbean.OpenType, boolean, boolean, boolean, javax.management.Descriptor)#6 &amp; OpenMBeanParameterInfoSupport#OpenMBeanParameterInfoSupport(java.lang.String, java.lang.String, javax.management.openmbean.OpenType, javax.management.Descriptor)#3&quot;, &quot;openType := #OpenMBeanAttributeInfoSupport(java.lang.String, java.lang.String, javax.management.openmbean.OpenType, boolean, boolean, boolean, javax.management.Descriptor)#2 &amp; OpenMBeanParameterInfoSupport#OpenMBeanParameterInfoSupport(java.lang.String, java.lang.String, javax.management.openmbean.OpenType, javax.management.Descriptor)#2&quot; }"/>
        </annotation>
    </item>
    <item name='javax.management.openmbean.OpenMBeanAttributeInfoSupport java.lang.Comparable&lt;?&gt; getMaxValue()'>
        <annotation name='com.intellij.inspections.tainted.annotation.equation.Equations'>
            <val val="{ &quot;getMaxValue := OpenMBeanAttributeInfoSupport&quot; }"/>
        </annotation>
    </item>
    <item name='javax.management.openmbean.OpenMBeanAttributeInfoSupport java.lang.Comparable&lt;?&gt; getMinValue()'>
        <annotation name='com.intellij.inspections.tainted.annotation.equation.Equations'>
            <val val="{ &quot;getMinValue := OpenMBeanAttributeInfoSupport&quot; }"/>
        </annotation>
    </item>
    <item name='javax.management.openmbean.OpenMBeanAttributeInfoSupport java.lang.Object getDefaultValue()'>
        <annotation name='com.intellij.inspections.tainted.annotation.equation.Equations'>
            <val val="{ &quot;getDefaultValue := OpenMBeanAttributeInfoSupport&quot; }"/>
        </annotation>
    </item>
    <item name='javax.management.openmbean.OpenMBeanAttributeInfoSupport java.lang.Object readResolve()'>
        <annotation name='com.intellij.inspections.tainted.annotation.equation.Equations'>
            <val val="{ &quot;readResolve := OpenMBeanAttributeInfoSupport&quot; }"/>
        </annotation>
    </item>
    <item name='javax.management.openmbean.OpenMBeanAttributeInfoSupport java.lang.String toString()'>
        <annotation name='com.intellij.inspections.tainted.annotation.equation.Equations'>
            <val val="{ &quot;toString := OpenMBeanAttributeInfoSupport&quot; }"/>
        </annotation>
    </item>
    <item name='javax.management.openmbean.OpenMBeanAttributeInfoSupport java.lang.String toString(javax.management.openmbean.OpenMBeanParameterInfo)'>
        <annotation name='com.intellij.inspections.tainted.annotation.equation.Equations'>
            <val val="{ &quot;info := OpenMBeanAttributeInfoSupport &amp; OpenMBeanParameterInfoSupport&quot; }"/>
        </annotation>
    </item>
    <item name='javax.management.openmbean.OpenMBeanAttributeInfoSupport java.util.Set&lt;?&gt; getLegalValues()'>
        <annotation name='com.intellij.inspections.tainted.annotation.equation.Equations'>
            <val val="{ &quot;getLegalValues := OpenMBeanAttributeInfoSupport&quot; }"/>
        </annotation>
    </item>
    <item name='javax.management.openmbean.OpenMBeanAttributeInfoSupport java.util.Set&lt;T&gt; valuesFrom(javax.management.Descriptor, java.lang.String, javax.management.openmbean.OpenType&lt;T&gt;)'>
        <annotation name='com.intellij.inspections.tainted.annotation.equation.Equations'>
            <val val="{ &quot;d := #OpenMBeanAttributeInfoSupport(java.lang.String, java.lang.String, javax.management.openmbean.OpenType, boolean, boolean, boolean, javax.management.Descriptor)#6 &amp; OpenMBeanParameterInfoSupport#OpenMBeanParameterInfoSupport(java.lang.String, java.lang.String, javax.management.openmbean.OpenType, javax.management.Descriptor)#3&quot;, &quot;openType := #OpenMBeanAttributeInfoSupport(java.lang.String, java.lang.String, javax.management.openmbean.OpenType, boolean, boolean, boolean, javax.management.Descriptor)#2 &amp; OpenMBeanParameterInfoSupport#OpenMBeanParameterInfoSupport(java.lang.String, java.lang.String, javax.management.openmbean.OpenType, javax.management.Descriptor)#2&quot; }"/>
        </annotation>
    </item>
    <item name='javax.management.openmbean.OpenMBeanAttributeInfoSupport javax.management.Descriptor makeDescriptor(javax.management.openmbean.OpenType&lt;T&gt;, T, T[], java.lang.Comparable&lt;T&gt;, java.lang.Comparable&lt;T&gt;)'>
        <annotation name='com.intellij.inspections.tainted.annotation.equation.Equations'>
            <val val="{ &quot;minValue := #OpenMBeanAttributeInfoSupport(java.lang.String, java.lang.String, javax.management.openmbean.OpenType, boolean, boolean, boolean, java.lang.Object, java.lang.Object[], java.lang.Comparable, java.lang.Comparable)#8 &amp; #makeDescriptor(javax.management.openmbean.OpenType, java.lang.Object, java.util.Set, java.lang.Comparable, java.lang.Comparable)#3 &amp; OpenMBeanParameterInfoSupport#OpenMBeanParameterInfoSupport(java.lang.String, java.lang.String, javax.management.openmbean.OpenType, java.lang.Object, java.lang.Object[], java.lang.Comparable, java.lang.Comparable)#5&quot;, &quot;defaultValue := #OpenMBeanAttributeInfoSupport(java.lang.String, java.lang.String, javax.management.openmbean.OpenType, boolean, boolean, boolean, java.lang.Object, java.lang.Object[], java.lang.Comparable, java.lang.Comparable)#6 &amp; #makeDescriptor(javax.management.openmbean.OpenType, java.lang.Object, java.util.Set, java.lang.Comparable, java.lang.Comparable)#1 &amp; OpenMBeanParameterInfoSupport#OpenMBeanParameterInfoSupport(java.lang.String, java.lang.String, javax.management.openmbean.OpenType, java.lang.Object, java.lang.Object[], java.lang.Comparable, java.lang.Comparable)#3&quot;, &quot;legalValues := #OpenMBeanAttributeInfoSupport(java.lang.String, java.lang.String, javax.management.openmbean.OpenType, boolean, boolean, boolean, java.lang.Object, java.lang.Object[], java.lang.Comparable, java.lang.Comparable)#7 &amp; OpenMBeanParameterInfoSupport#OpenMBeanParameterInfoSupport(java.lang.String, java.lang.String, javax.management.openmbean.OpenType, java.lang.Object, java.lang.Object[], java.lang.Comparable, java.lang.Comparable)#4&quot;, &quot;maxValue := #OpenMBeanAttributeInfoSupport(java.lang.String, java.lang.String, javax.management.openmbean.OpenType, boolean, boolean, boolean, java.lang.Object, java.lang.Object[], java.lang.Comparable, java.lang.Comparable)#9 &amp; #makeDescriptor(javax.management.openmbean.OpenType, java.lang.Object, java.util.Set, java.lang.Comparable, java.lang.Comparable)#4 &amp; OpenMBeanParameterInfoSupport#OpenMBeanParameterInfoSupport(java.lang.String, java.lang.String, javax.management.openmbean.OpenType, java.lang.Object, java.lang.Object[], java.lang.Comparable, java.lang.Comparable)#6&quot;, &quot;openType := #OpenMBeanAttributeInfoSupport(java.lang.String, java.lang.String, javax.management.openmbean.OpenType, boolean, boolean, boolean, java.lang.Object, java.lang.Object[], java.lang.Comparable, java.lang.Comparable)#2 &amp; #makeDescriptor(javax.management.openmbean.OpenType, java.lang.Object, java.util.Set, java.lang.Comparable, java.lang.Comparable)#0 &amp; OpenMBeanParameterInfoSupport#OpenMBeanParameterInfoSupport(java.lang.String, java.lang.String, javax.management.openmbean.OpenType, java.lang.Object, java.lang.Object[], java.lang.Comparable, java.lang.Comparable)#2&quot; }"/>
        </annotation>
    </item>
    <item name='javax.management.openmbean.OpenMBeanAttributeInfoSupport javax.management.Descriptor makeDescriptor(javax.management.openmbean.OpenType&lt;T&gt;, T, java.util.Set&lt;T&gt;, java.lang.Comparable&lt;T&gt;, java.lang.Comparable&lt;T&gt;)'>
        <annotation name='com.intellij.inspections.tainted.annotation.equation.Equations'>
            <val val="{ &quot;defaultValue := OpenMBeanAttributeInfoSupport &amp; OpenMBeanParameterInfoSupport&quot; }"/>
        </annotation>
    </item>
    <item name='javax.management.openmbean.OpenMBeanAttributeInfoSupport javax.management.openmbean.OpenType&lt;?&gt; getOpenType()'>
        <annotation name='com.intellij.inspections.tainted.annotation.equation.Equations'>
            <val val="{ &quot;getOpenType := OpenMBeanAttributeInfoSupport&quot; }"/>
        </annotation>
    </item>
    <item name='javax.management.openmbean.OpenMBeanAttributeInfoSupport void check(javax.management.openmbean.OpenMBeanParameterInfo)'>
        <annotation name='com.intellij.inspections.tainted.annotation.equation.Equations'>
            <val val="{ &quot;info := OpenMBeanAttributeInfoSupport &amp; OpenMBeanParameterInfoSupport&quot; }"/>
        </annotation>
    </item>
    <item name='javax.management.openmbean.OpenMBeanConstructorInfo boolean equals(java.lang.Object)'>
        <annotation name='com.intellij.inspections.tainted.annotation.equation.Equations'>
            <val val="{ &quot;obj := OpenMBeanConstructorInfoSupport#equals(java.lang.Object)#0&quot; }"/>
        </annotation>
    </item>
    <item name='javax.management.openmbean.OpenMBeanConstructorInfo int hashCode()'>
        <annotation name='com.intellij.inspections.tainted.annotation.equation.Equations'>
            <val val="{ &quot;hashCode := OpenMBeanConstructorInfoSupport#hashCode()&quot; }"/>
        </annotation>
    </item>
    <item name='javax.management.openmbean.OpenMBeanConstructorInfo java.lang.String toString()'>
        <annotation name='com.intellij.inspections.tainted.annotation.equation.Equations'>
            <val val="{ &quot;toString := OpenMBeanConstructorInfoSupport#toString()&quot; }"/>
        </annotation>
    </item>
    <item name='javax.management.openmbean.OpenMBeanConstructorInfoSupport OpenMBeanConstructorInfoSupport(java.lang.String, java.lang.String, javax.management.openmbean.OpenMBeanParameterInfo[])'>
        <annotation name='com.intellij.inspections.tainted.annotation.equation.Equations'>
            <val val="{ &quot;OpenMBeanConstructorInfoSupport := OpenMBeanConstructorInfoSupport&quot; }"/>
        </annotation>
    </item>
    <item name='javax.management.openmbean.OpenMBeanConstructorInfoSupport OpenMBeanConstructorInfoSupport(java.lang.String, java.lang.String, javax.management.openmbean.OpenMBeanParameterInfo[], javax.management.Descriptor)'>
        <annotation name='com.intellij.inspections.tainted.annotation.equation.Equations'>
            <val val="{ &quot;signature := #OpenMBeanConstructorInfoSupport(java.lang.String, java.lang.String, javax.management.openmbean.OpenMBeanParameterInfo[])#2&quot;, &quot;description := #OpenMBeanConstructorInfoSupport(java.lang.String, java.lang.String, javax.management.openmbean.OpenMBeanParameterInfo[])#1 &amp; javax.management.StandardMBean#customize(javax.management.MBeanConstructorInfo, java.lang.String, javax.management.MBeanParameterInfo[])#1&quot;, &quot;OpenMBeanConstructorInfoSupport := OpenMBeanConstructorInfoSupport&quot;, &quot;name := #OpenMBeanConstructorInfoSupport(java.lang.String, java.lang.String, javax.management.openmbean.OpenMBeanParameterInfo[])#0&quot; }"/>
        </annotation>
    </item>
    <item name='javax.management.openmbean.OpenMBeanConstructorInfoSupport java.lang.String toString()'>
        <annotation name='com.intellij.inspections.tainted.annotation.equation.Equations'>
            <val val="{ &quot;toString := OpenMBeanConstructorInfoSupport&quot; }"/>
        </annotation>
    </item>
    <item name='javax.management.openmbean.OpenMBeanConstructorInfoSupport javax.management.MBeanParameterInfo[] arrayCopyCast(javax.management.openmbean.OpenMBeanParameterInfo[])'>
        <annotation name='com.intellij.inspections.tainted.annotation.equation.Equations'>
            <val val="{ &quot;src := #OpenMBeanConstructorInfoSupport(java.lang.String, java.lang.String, javax.management.openmbean.OpenMBeanParameterInfo[], javax.management.Descriptor)#2&quot; }"/>
        </annotation>
    </item>
    <item name='javax.management.openmbean.OpenMBeanInfo boolean equals(java.lang.Object)'>
        <annotation name='com.intellij.inspections.tainted.annotation.equation.Equations'>
            <val val="{ &quot;obj := OpenMBeanInfoSupport#equals(java.lang.Object)#0&quot; }"/>
        </annotation>
    </item>
    <item name='javax.management.openmbean.OpenMBeanInfo int hashCode()'>
        <annotation name='com.intellij.inspections.tainted.annotation.equation.Equations'>
            <val val="{ &quot;hashCode := OpenMBeanInfoSupport#hashCode()&quot; }"/>
        </annotation>
    </item>
    <item name='javax.management.openmbean.OpenMBeanInfo java.lang.String toString()'>
        <annotation name='com.intellij.inspections.tainted.annotation.equation.Equations'>
            <val val="{ &quot;toString := OpenMBeanInfoSupport#toString()&quot; }"/>
        </annotation>
    </item>
    <item name='javax.management.openmbean.OpenMBeanInfoSupport OpenMBeanInfoSupport(java.lang.String, java.lang.String, javax.management.openmbean.OpenMBeanAttributeInfo[], javax.management.openmbean.OpenMBeanConstructorInfo[], javax.management.openmbean.OpenMBeanOperationInfo[], javax.management.MBeanNotificationInfo[])'>
        <annotation name='com.intellij.inspections.tainted.annotation.equation.Equations'>
            <val val="{ &quot;OpenMBeanInfoSupport := OpenMBeanInfoSupport&quot; }"/>
        </annotation>
    </item>
    <item name='javax.management.openmbean.OpenMBeanInfoSupport OpenMBeanInfoSupport(java.lang.String, java.lang.String, javax.management.openmbean.OpenMBeanAttributeInfo[], javax.management.openmbean.OpenMBeanConstructorInfo[], javax.management.openmbean.OpenMBeanOperationInfo[], javax.management.MBeanNotificationInfo[], javax.management.Descriptor)'>
        <annotation name='com.intellij.inspections.tainted.annotation.equation.Equations'>
            <val val="{ &quot;openAttributes := #OpenMBeanInfoSupport(java.lang.String, java.lang.String, javax.management.openmbean.OpenMBeanAttributeInfo[], javax.management.openmbean.OpenMBeanConstructorInfo[], javax.management.openmbean.OpenMBeanOperationInfo[], javax.management.MBeanNotificationInfo[])#2&quot;, &quot;openConstructors := #OpenMBeanInfoSupport(java.lang.String, java.lang.String, javax.management.openmbean.OpenMBeanAttributeInfo[], javax.management.openmbean.OpenMBeanConstructorInfo[], javax.management.openmbean.OpenMBeanOperationInfo[], javax.management.MBeanNotificationInfo[])#3&quot;, &quot;openOperations := #OpenMBeanInfoSupport(java.lang.String, java.lang.String, javax.management.openmbean.OpenMBeanAttributeInfo[], javax.management.openmbean.OpenMBeanConstructorInfo[], javax.management.openmbean.OpenMBeanOperationInfo[], javax.management.MBeanNotificationInfo[])#4&quot;, &quot;notifications := #OpenMBeanInfoSupport(java.lang.String, java.lang.String, javax.management.openmbean.OpenMBeanAttributeInfo[], javax.management.openmbean.OpenMBeanConstructorInfo[], javax.management.openmbean.OpenMBeanOperationInfo[], javax.management.MBeanNotificationInfo[])#5&quot;, &quot;OpenMBeanInfoSupport := OpenMBeanInfoSupport&quot;, &quot;className := #OpenMBeanInfoSupport(java.lang.String, java.lang.String, javax.management.openmbean.OpenMBeanAttributeInfo[], javax.management.openmbean.OpenMBeanConstructorInfo[], javax.management.openmbean.OpenMBeanOperationInfo[], javax.management.MBeanNotificationInfo[])#0&quot;, &quot;description := #OpenMBeanInfoSupport(java.lang.String, java.lang.String, javax.management.openmbean.OpenMBeanAttributeInfo[], javax.management.openmbean.OpenMBeanConstructorInfo[], javax.management.openmbean.OpenMBeanOperationInfo[], javax.management.MBeanNotificationInfo[])#1&quot; }"/>
        </annotation>
    </item>
    <item name='javax.management.openmbean.OpenMBeanInfoSupport java.lang.String toString()'>
        <annotation name='com.intellij.inspections.tainted.annotation.equation.Equations'>
            <val val="{ &quot;toString := OpenMBeanInfoSupport&quot; }"/>
        </annotation>
    </item>
    <item name='javax.management.openmbean.OpenMBeanInfoSupport javax.management.MBeanAttributeInfo[] attributeArray(javax.management.openmbean.OpenMBeanAttributeInfo[])'>
        <annotation name='com.intellij.inspections.tainted.annotation.equation.Equations'>
            <val val="{ &quot;src := #OpenMBeanInfoSupport(java.lang.String, java.lang.String, javax.management.openmbean.OpenMBeanAttributeInfo[], javax.management.openmbean.OpenMBeanConstructorInfo[], javax.management.openmbean.OpenMBeanOperationInfo[], javax.management.MBeanNotificationInfo[], javax.management.Descriptor)#2&quot; }"/>
        </annotation>
    </item>
    <item name='javax.management.openmbean.OpenMBeanInfoSupport javax.management.MBeanConstructorInfo[] constructorArray(javax.management.openmbean.OpenMBeanConstructorInfo[])'>
        <annotation name='com.intellij.inspections.tainted.annotation.equation.Equations'>
            <val val="{ &quot;src := #OpenMBeanInfoSupport(java.lang.String, java.lang.String, javax.management.openmbean.OpenMBeanAttributeInfo[], javax.management.openmbean.OpenMBeanConstructorInfo[], javax.management.openmbean.OpenMBeanOperationInfo[], javax.management.MBeanNotificationInfo[], javax.management.Descriptor)#3&quot; }"/>
        </annotation>
    </item>
    <item name='javax.management.openmbean.OpenMBeanInfoSupport javax.management.MBeanOperationInfo[] operationArray(javax.management.openmbean.OpenMBeanOperationInfo[])'>
        <annotation name='com.intellij.inspections.tainted.annotation.equation.Equations'>
            <val val="{ &quot;src := #OpenMBeanInfoSupport(java.lang.String, java.lang.String, javax.management.openmbean.OpenMBeanAttributeInfo[], javax.management.openmbean.OpenMBeanConstructorInfo[], javax.management.openmbean.OpenMBeanOperationInfo[], javax.management.MBeanNotificationInfo[], javax.management.Descriptor)#4&quot; }"/>
        </annotation>
    </item>
    <item name='javax.management.openmbean.OpenMBeanOperationInfo boolean equals(java.lang.Object)'>
        <annotation name='com.intellij.inspections.tainted.annotation.equation.Equations'>
            <val val="{ &quot;obj := OpenMBeanOperationInfoSupport#equals(java.lang.Object)#0&quot; }"/>
        </annotation>
    </item>
    <item name='javax.management.openmbean.OpenMBeanOperationInfo int hashCode()'>
        <annotation name='com.intellij.inspections.tainted.annotation.equation.Equations'>
            <val val="{ &quot;hashCode := OpenMBeanOperationInfoSupport#hashCode()&quot; }"/>
        </annotation>
    </item>
    <item name='javax.management.openmbean.OpenMBeanOperationInfo java.lang.String toString()'>
        <annotation name='com.intellij.inspections.tainted.annotation.equation.Equations'>
            <val val="{ &quot;toString := OpenMBeanOperationInfoSupport#toString()&quot; }"/>
        </annotation>
    </item>
    <item name='javax.management.openmbean.OpenMBeanOperationInfo javax.management.openmbean.OpenType&lt;?&gt; getReturnOpenType()'>
        <annotation name='com.intellij.inspections.tainted.annotation.equation.Equations'>
            <val val="{ &quot;getReturnOpenType := OpenMBeanOperationInfoSupport#getReturnOpenType()&quot; }"/>
        </annotation>
    </item>
    <item name='javax.management.openmbean.OpenMBeanOperationInfoSupport OpenMBeanOperationInfoSupport(java.lang.String, java.lang.String, javax.management.openmbean.OpenMBeanParameterInfo[], javax.management.openmbean.OpenType&lt;?&gt;, int)'>
        <annotation name='com.intellij.inspections.tainted.annotation.equation.Equations'>
            <val val="{ &quot;description := OpenMBeanOperationInfoSupport&quot;, &quot;returnOpenType := OpenMBeanOperationInfoSupport&quot;, &quot;OpenMBeanOperationInfoSupport := OpenMBeanOperationInfoSupport&quot;, &quot;name := OpenMBeanOperationInfoSupport&quot; }"/>
        </annotation>
    </item>
    <item name='javax.management.openmbean.OpenMBeanOperationInfoSupport OpenMBeanOperationInfoSupport(java.lang.String, java.lang.String, javax.management.openmbean.OpenMBeanParameterInfo[], javax.management.openmbean.OpenType&lt;?&gt;, int, javax.management.Descriptor)'>
        <annotation name='com.intellij.inspections.tainted.annotation.equation.Equations'>
            <val val="{ &quot;signature := #OpenMBeanOperationInfoSupport(java.lang.String, java.lang.String, javax.management.openmbean.OpenMBeanParameterInfo[], javax.management.openmbean.OpenType, int)#2&quot;, &quot;name := com.sun.jmx.mbeanserver.MXBeanIntrospector#getMBeanOperationInfo(java.lang.String, com.sun.jmx.mbeanserver.ConvertingMethod)#0 &amp; #OpenMBeanOperationInfoSupport(java.lang.String, java.lang.String, javax.management.openmbean.OpenMBeanParameterInfo[], javax.management.openmbean.OpenType, int)#0&quot;, &quot;OpenMBeanOperationInfoSupport := OpenMBeanOperationInfoSupport&quot;, &quot;returnOpenType := #OpenMBeanOperationInfoSupport(java.lang.String, java.lang.String, javax.management.openmbean.OpenMBeanParameterInfo[], javax.management.openmbean.OpenType, int)#3&quot;, &quot;description := com.sun.jmx.mbeanserver.MXBeanIntrospector#getMBeanOperationInfo(java.lang.String, com.sun.jmx.mbeanserver.ConvertingMethod)#0 &amp; #OpenMBeanOperationInfoSupport(java.lang.String, java.lang.String, javax.management.openmbean.OpenMBeanParameterInfo[], javax.management.openmbean.OpenType, int)#1 &amp; javax.management.StandardMBean#customize(javax.management.MBeanOperationInfo, java.lang.String, javax.management.MBeanParameterInfo[], int)#1&quot;, &quot;impact := javax.management.MBeanOperationInfo#UNKNOWN &amp; #OpenMBeanOperationInfoSupport(java.lang.String, java.lang.String, javax.management.openmbean.OpenMBeanParameterInfo[], javax.management.openmbean.OpenType, int)#4 &amp; javax.management.StandardMBean#customize(javax.management.MBeanOperationInfo, java.lang.String, javax.management.MBeanParameterInfo[], int)#3&quot; }"/>
        </annotation>
    </item>
    <item name='javax.management.openmbean.OpenMBeanOperationInfoSupport java.lang.Object readResolve()'>
        <annotation name='com.intellij.inspections.tainted.annotation.equation.Equations'>
            <val val="{ &quot;readResolve := OpenMBeanOperationInfoSupport&quot; }"/>
        </annotation>
    </item>
    <item name='javax.management.openmbean.OpenMBeanOperationInfoSupport java.lang.String toString()'>
        <annotation name='com.intellij.inspections.tainted.annotation.equation.Equations'>
            <val val="{ &quot;toString := OpenMBeanOperationInfoSupport&quot; }"/>
        </annotation>
    </item>
    <item name='javax.management.openmbean.OpenMBeanOperationInfoSupport javax.management.MBeanParameterInfo[] arrayCopyCast(javax.management.openmbean.OpenMBeanParameterInfo[])'>
        <annotation name='com.intellij.inspections.tainted.annotation.equation.Equations'>
            <val val="{ &quot;src := #OpenMBeanOperationInfoSupport(java.lang.String, java.lang.String, javax.management.openmbean.OpenMBeanParameterInfo[], javax.management.openmbean.OpenType, int, javax.management.Descriptor)#2&quot; }"/>
        </annotation>
    </item>
    <item name='javax.management.openmbean.OpenMBeanOperationInfoSupport javax.management.openmbean.OpenType&lt;?&gt; getReturnOpenType()'>
        <annotation name='com.intellij.inspections.tainted.annotation.equation.Equations'>
            <val val="{ &quot;getReturnOpenType := OpenMBeanOperationInfoSupport&quot; }"/>
        </annotation>
    </item>
    <item name='javax.management.openmbean.OpenMBeanParameterInfo boolean equals(java.lang.Object)'>
        <annotation name='com.intellij.inspections.tainted.annotation.equation.Equations'>
            <val val="{ &quot;obj := OpenMBeanParameterInfoSupport#equals(java.lang.Object)#0 &amp; OpenMBeanAttributeInfo#equals(java.lang.Object)#0&quot; }"/>
        </annotation>
    </item>
    <item name='javax.management.openmbean.OpenMBeanParameterInfo boolean isValue(java.lang.Object)'>
        <annotation name='com.intellij.inspections.tainted.annotation.equation.Equations'>
            <val val="{ &quot;obj := OpenMBeanAttributeInfoSupport#isValue(java.lang.Object)#0 &amp; OpenMBeanParameterInfoSupport#isValue(java.lang.Object)#0&quot; }"/>
        </annotation>
    </item>
    <item name='javax.management.openmbean.OpenMBeanParameterInfo int hashCode()'>
        <annotation name='com.intellij.inspections.tainted.annotation.equation.Equations'>
            <val val="{ &quot;hashCode := OpenMBeanAttributeInfo#hashCode() &amp; OpenMBeanParameterInfoSupport#hashCode()&quot; }"/>
        </annotation>
    </item>
    <item name='javax.management.openmbean.OpenMBeanParameterInfo java.lang.Comparable&lt;?&gt; getMaxValue()'>
        <annotation name='com.intellij.inspections.tainted.annotation.equation.Equations'>
            <val val="{ &quot;getMaxValue := OpenMBeanAttributeInfoSupport#getMaxValue() &amp; OpenMBeanParameterInfoSupport#getMaxValue()&quot; }"/>
        </annotation>
    </item>
    <item name='javax.management.openmbean.OpenMBeanParameterInfo java.lang.Comparable&lt;?&gt; getMinValue()'>
        <annotation name='com.intellij.inspections.tainted.annotation.equation.Equations'>
            <val val="{ &quot;getMinValue := OpenMBeanAttributeInfoSupport#getMinValue() &amp; OpenMBeanParameterInfoSupport#getMinValue()&quot; }"/>
        </annotation>
    </item>
    <item name='javax.management.openmbean.OpenMBeanParameterInfo java.lang.Object getDefaultValue()'>
        <annotation name='com.intellij.inspections.tainted.annotation.equation.Equations'>
            <val val="{ &quot;getDefaultValue := OpenMBeanAttributeInfoSupport#getDefaultValue() &amp; OpenMBeanParameterInfoSupport#getDefaultValue()&quot; }"/>
        </annotation>
    </item>
    <item name='javax.management.openmbean.OpenMBeanParameterInfo java.lang.String toString()'>
        <annotation name='com.intellij.inspections.tainted.annotation.equation.Equations'>
            <val val="{ &quot;toString := OpenMBeanAttributeInfo#toString() &amp; OpenMBeanParameterInfoSupport#toString()&quot; }"/>
        </annotation>
    </item>
    <item name='javax.management.openmbean.OpenMBeanParameterInfo java.util.Set&lt;?&gt; getLegalValues()'>
        <annotation name='com.intellij.inspections.tainted.annotation.equation.Equations'>
            <val val="{ &quot;getLegalValues := OpenMBeanAttributeInfoSupport#getLegalValues() &amp; OpenMBeanParameterInfoSupport#getLegalValues()&quot; }"/>
        </annotation>
    </item>
    <item name='javax.management.openmbean.OpenMBeanParameterInfo javax.management.openmbean.OpenType&lt;?&gt; getOpenType()'>
        <annotation name='com.intellij.inspections.tainted.annotation.equation.Equations'>
            <val val="{ &quot;getOpenType := OpenMBeanParameterInfoSupport#getOpenType() &amp; OpenMBeanAttributeInfoSupport#getOpenType()&quot; }"/>
        </annotation>
    </item>
    <item name='javax.management.openmbean.OpenMBeanParameterInfoSupport OpenMBeanParameterInfoSupport(java.lang.String, java.lang.String, javax.management.openmbean.OpenType&lt;?&gt;)'>
        <annotation name='com.intellij.inspections.tainted.annotation.equation.Equations'>
            <val val="{ &quot;OpenMBeanParameterInfoSupport := OpenMBeanParameterInfoSupport&quot; }"/>
        </annotation>
    </item>
    <item name='javax.management.openmbean.OpenMBeanParameterInfoSupport OpenMBeanParameterInfoSupport(java.lang.String, java.lang.String, javax.management.openmbean.OpenType&lt;?&gt;, javax.management.Descriptor)'>
        <annotation name='com.intellij.inspections.tainted.annotation.equation.Equations'>
            <val val="{ &quot;openType := #OpenMBeanParameterInfoSupport(java.lang.String, java.lang.String, javax.management.openmbean.OpenType)#2 &amp; OpenMBeanParameterInfoSupport&quot;, &quot;description := #OpenMBeanParameterInfoSupport(java.lang.String, java.lang.String, javax.management.openmbean.OpenType)#1 &amp; OpenMBeanParameterInfoSupport &amp; javax.management.StandardMBean#customize(javax.management.MBeanParameterInfo, java.lang.String, java.lang.String)#2&quot;, &quot;OpenMBeanParameterInfoSupport := OpenMBeanParameterInfoSupport&quot;, &quot;name := #OpenMBeanParameterInfoSupport(java.lang.String, java.lang.String, javax.management.openmbean.OpenType)#0 &amp; OpenMBeanParameterInfoSupport &amp; javax.management.StandardMBean#customize(javax.management.MBeanParameterInfo, java.lang.String, java.lang.String)#1&quot; }"/>
        </annotation>
    </item>
    <item name='javax.management.openmbean.OpenMBeanParameterInfoSupport OpenMBeanParameterInfoSupport(java.lang.String, java.lang.String, javax.management.openmbean.OpenType&lt;T&gt;, T)'>
        <annotation name='com.intellij.inspections.tainted.annotation.equation.Equations'>
            <val val="{ &quot;OpenMBeanParameterInfoSupport := OpenMBeanParameterInfoSupport&quot; }"/>
        </annotation>
    </item>
    <item name='javax.management.openmbean.OpenMBeanParameterInfoSupport OpenMBeanParameterInfoSupport(java.lang.String, java.lang.String, javax.management.openmbean.OpenType&lt;T&gt;, T, T[])'>
        <annotation name='com.intellij.inspections.tainted.annotation.equation.Equations'>
            <val val="{ &quot;openType := #OpenMBeanParameterInfoSupport(java.lang.String, java.lang.String, javax.management.openmbean.OpenType, java.lang.Object)#2&quot;, &quot;description := #OpenMBeanParameterInfoSupport(java.lang.String, java.lang.String, javax.management.openmbean.OpenType, java.lang.Object)#1&quot;, &quot;defaultValue := #OpenMBeanParameterInfoSupport(java.lang.String, java.lang.String, javax.management.openmbean.OpenType, java.lang.Object)#3&quot;, &quot;name := #OpenMBeanParameterInfoSupport(java.lang.String, java.lang.String, javax.management.openmbean.OpenType, java.lang.Object)#0&quot;, &quot;OpenMBeanParameterInfoSupport := OpenMBeanParameterInfoSupport&quot; }"/>
        </annotation>
    </item>
    <item name='javax.management.openmbean.OpenMBeanParameterInfoSupport OpenMBeanParameterInfoSupport(java.lang.String, java.lang.String, javax.management.openmbean.OpenType&lt;T&gt;, T, T[], java.lang.Comparable&lt;T&gt;, java.lang.Comparable&lt;T&gt;)'>
        <annotation name='com.intellij.inspections.tainted.annotation.equation.Equations'>
            <val val="{ &quot;description := #OpenMBeanParameterInfoSupport(java.lang.String, java.lang.String, javax.management.openmbean.OpenType, java.lang.Object, java.lang.Object[])#1 &amp; #OpenMBeanParameterInfoSupport(java.lang.String, java.lang.String, javax.management.openmbean.OpenType, java.lang.Object, java.lang.Comparable, java.lang.Comparable)#1&quot;, &quot;openType := #OpenMBeanParameterInfoSupport(java.lang.String, java.lang.String, javax.management.openmbean.OpenType, java.lang.Object, java.lang.Object[])#2 &amp; #OpenMBeanParameterInfoSupport(java.lang.String, java.lang.String, javax.management.openmbean.OpenType, java.lang.Object, java.lang.Comparable, java.lang.Comparable)#2&quot;, &quot;maxValue := #OpenMBeanParameterInfoSupport(java.lang.String, java.lang.String, javax.management.openmbean.OpenType, java.lang.Object, java.lang.Comparable, java.lang.Comparable)#5&quot;, &quot;defaultValue := #OpenMBeanParameterInfoSupport(java.lang.String, java.lang.String, javax.management.openmbean.OpenType, java.lang.Object, java.lang.Object[])#3 &amp; #OpenMBeanParameterInfoSupport(java.lang.String, java.lang.String, javax.management.openmbean.OpenType, java.lang.Object, java.lang.Comparable, java.lang.Comparable)#3&quot;, &quot;legalValues := #OpenMBeanParameterInfoSupport(java.lang.String, java.lang.String, javax.management.openmbean.OpenType, java.lang.Object, java.lang.Object[])#4&quot;, &quot;name := #OpenMBeanParameterInfoSupport(java.lang.String, java.lang.String, javax.management.openmbean.OpenType, java.lang.Object, java.lang.Object[])#0 &amp; #OpenMBeanParameterInfoSupport(java.lang.String, java.lang.String, javax.management.openmbean.OpenType, java.lang.Object, java.lang.Comparable, java.lang.Comparable)#0&quot;, &quot;OpenMBeanParameterInfoSupport := OpenMBeanParameterInfoSupport&quot;, &quot;minValue := #OpenMBeanParameterInfoSupport(java.lang.String, java.lang.String, javax.management.openmbean.OpenType, java.lang.Object, java.lang.Comparable, java.lang.Comparable)#4&quot; }"/>
        </annotation>
    </item>
    <item name='javax.management.openmbean.OpenMBeanParameterInfoSupport OpenMBeanParameterInfoSupport(java.lang.String, java.lang.String, javax.management.openmbean.OpenType&lt;T&gt;, T, java.lang.Comparable&lt;T&gt;, java.lang.Comparable&lt;T&gt;)'>
        <annotation name='com.intellij.inspections.tainted.annotation.equation.Equations'>
            <val val="{ &quot;OpenMBeanParameterInfoSupport := OpenMBeanParameterInfoSupport&quot; }"/>
        </annotation>
    </item>
    <item name='javax.management.openmbean.OpenMBeanParameterInfoSupport java.lang.Comparable&lt;?&gt; getMaxValue()'>
        <annotation name='com.intellij.inspections.tainted.annotation.equation.Equations'>
            <val val="{ &quot;getMaxValue := OpenMBeanParameterInfoSupport&quot; }"/>
        </annotation>
    </item>
    <item name='javax.management.openmbean.OpenMBeanParameterInfoSupport java.lang.Comparable&lt;?&gt; getMinValue()'>
        <annotation name='com.intellij.inspections.tainted.annotation.equation.Equations'>
            <val val="{ &quot;getMinValue := OpenMBeanParameterInfoSupport&quot; }"/>
        </annotation>
    </item>
    <item name='javax.management.openmbean.OpenMBeanParameterInfoSupport java.lang.Object getDefaultValue()'>
        <annotation name='com.intellij.inspections.tainted.annotation.equation.Equations'>
            <val val="{ &quot;getDefaultValue := OpenMBeanParameterInfoSupport&quot; }"/>
        </annotation>
    </item>
    <item name='javax.management.openmbean.OpenMBeanParameterInfoSupport java.lang.Object readResolve()'>
        <annotation name='com.intellij.inspections.tainted.annotation.equation.Equations'>
            <val val="{ &quot;readResolve := OpenMBeanParameterInfoSupport&quot; }"/>
        </annotation>
    </item>
    <item name='javax.management.openmbean.OpenMBeanParameterInfoSupport java.lang.String toString()'>
        <annotation name='com.intellij.inspections.tainted.annotation.equation.Equations'>
            <val val="{ &quot;toString := OpenMBeanParameterInfoSupport&quot; }"/>
        </annotation>
    </item>
    <item name='javax.management.openmbean.OpenMBeanParameterInfoSupport java.util.Set&lt;?&gt; getLegalValues()'>
        <annotation name='com.intellij.inspections.tainted.annotation.equation.Equations'>
            <val val="{ &quot;getLegalValues := OpenMBeanParameterInfoSupport&quot; }"/>
        </annotation>
    </item>
    <item name='javax.management.openmbean.OpenMBeanParameterInfoSupport javax.management.openmbean.OpenType&lt;?&gt; getOpenType()'>
        <annotation name='com.intellij.inspections.tainted.annotation.equation.Equations'>
            <val val="{ &quot;getOpenType := OpenMBeanParameterInfoSupport&quot; }"/>
        </annotation>
    </item>
    <item name='javax.management.openmbean.OpenType'>
        <annotation name='com.intellij.inspections.tainted.annotation.equation.Equations'>
            <val val="{ &quot;OpenType := SimpleType &amp; sun.management.MappedMXBeanType.InProgress &amp; ArrayType &amp; TabularType &amp; CompositeType&quot; }"/>
        </annotation>
    </item>
    <item name='javax.management.openmbean.OpenType OpenType(java.lang.String, java.lang.String, java.lang.String)'>
        <annotation name='com.intellij.inspections.tainted.annotation.equation.Equations'>
            <val val="{ &quot;OpenType := OpenType&quot; }"/>
        </annotation>
    </item>
    <item name='javax.management.openmbean.OpenType OpenType(java.lang.String, java.lang.String, java.lang.String, boolean)'>
        <annotation name='com.intellij.inspections.tainted.annotation.equation.Equations'>
            <val val="{ &quot;typeName := CompositeType#CompositeType(java.lang.String, java.lang.String, java.lang.String[], java.lang.String[], javax.management.openmbean.OpenType[])#0 &amp; TabularType#TabularType(java.lang.String, java.lang.String, javax.management.openmbean.CompositeType, java.lang.String[])#0 &amp; ArrayType#ArrayType(java.lang.String, java.lang.String, java.lang.String, int, javax.management.openmbean.OpenType, boolean)#1&quot;, &quot;className := ArrayType#ArrayType(java.lang.String, java.lang.String, java.lang.String, int, javax.management.openmbean.OpenType, boolean)#0&quot;, &quot;description := CompositeType#CompositeType(java.lang.String, java.lang.String, java.lang.String[], java.lang.String[], javax.management.openmbean.OpenType[])#1 &amp; TabularType#TabularType(java.lang.String, java.lang.String, javax.management.openmbean.CompositeType, java.lang.String[])#1 &amp; ArrayType#ArrayType(java.lang.String, java.lang.String, java.lang.String, int, javax.management.openmbean.OpenType, boolean)#2&quot;, &quot;OpenType := OpenType&quot; }"/>
        </annotation>
    </item>
    <item name='javax.management.openmbean.OpenType boolean equals(java.lang.Object)'>
        <annotation name='com.intellij.inspections.tainted.annotation.equation.Equations'>
            <val val="{ &quot;obj := #isAssignableFrom(javax.management.openmbean.OpenType)#0 &amp; ArrayType#equals(java.lang.Object)#0 &amp; SimpleType#equals(java.lang.Object)#0 &amp; CompositeType#equals(java.lang.Object)#0 &amp; TabularType#equals(java.lang.Object)#0 &amp; sun.management.MappedMXBeanType.InProgress#equals(java.lang.Object)#0&quot; }"/>
        </annotation>
    </item>
    <item name='javax.management.openmbean.OpenType boolean isAssignableFrom(javax.management.openmbean.OpenType&lt;?&gt;)'>
        <annotation name='com.intellij.inspections.tainted.annotation.equation.Equations'>
            <val val="{ &quot;ot := ArrayType#isAssignableFrom(javax.management.openmbean.OpenType)#0 &amp; TabularType#isAssignableFrom(javax.management.openmbean.OpenType)#0 &amp; CompositeType#isAssignableFrom(javax.management.openmbean.OpenType)#0&quot; }"/>
        </annotation>
    </item>
    <item name='javax.management.openmbean.OpenType boolean isValue(java.lang.Object)'>
        <annotation name='com.intellij.inspections.tainted.annotation.equation.Equations'>
            <val val="{ &quot;obj := SimpleType#isValue(java.lang.Object)#0 &amp; sun.management.MappedMXBeanType.InProgress#isValue(java.lang.Object)#0 &amp; ArrayType#isValue(java.lang.Object)#0 &amp; TabularType#isValue(java.lang.Object)#0 &amp; CompositeType#isValue(java.lang.Object)#0&quot; }"/>
        </annotation>
    </item>
    <item name='javax.management.openmbean.OpenType boolean overridesGetClassName(java.lang.Class&lt;?&gt;)'>
        <annotation name='com.intellij.inspections.tainted.annotation.equation.Equations'>
            <val val="{ &quot;c := &quot; }"/>
        </annotation>
    </item>
    <item name='javax.management.openmbean.OpenType int hashCode()'>
        <annotation name='com.intellij.inspections.tainted.annotation.equation.Equations'>
            <val val="{ &quot;hashCode := ArrayType#hashCode() &amp; SimpleType#hashCode() &amp; CompositeType#hashCode() &amp; TabularType#hashCode() &amp; sun.management.MappedMXBeanType.InProgress#hashCode()&quot; }"/>
        </annotation>
    </item>
    <item name='javax.management.openmbean.OpenType java.lang.String getClassName()'>
        <annotation name='com.intellij.inspections.tainted.annotation.equation.Equations'>
            <val val="{ &quot;getClassName := OpenType&quot; }"/>
        </annotation>
    </item>
    <item name='javax.management.openmbean.OpenType java.lang.String getDescription()'>
        <annotation name='com.intellij.inspections.tainted.annotation.equation.Equations'>
            <val val="{ &quot;getDescription := OpenType&quot; }"/>
        </annotation>
    </item>
    <item name='javax.management.openmbean.OpenType java.lang.String getTypeName()'>
        <annotation name='com.intellij.inspections.tainted.annotation.equation.Equations'>
            <val val="{ &quot;getTypeName := OpenType&quot; }"/>
        </annotation>
    </item>
    <item name='javax.management.openmbean.OpenType java.lang.String safeGetClassName()'>
        <annotation name='com.intellij.inspections.tainted.annotation.equation.Equations'>
            <val val="{ &quot;safeGetClassName := OpenType&quot; }"/>
        </annotation>
    </item>
    <item name='javax.management.openmbean.OpenType java.lang.String toString()'>
        <annotation name='com.intellij.inspections.tainted.annotation.equation.Equations'>
            <val val="{ &quot;toString := SimpleType#toString() &amp; sun.management.MappedMXBeanType.InProgress#toString() &amp; ArrayType#toString() &amp; TabularType#toString() &amp; CompositeType#toString()&quot; }"/>
        </annotation>
    </item>
    <item name='javax.management.openmbean.OpenType java.lang.String valid(java.lang.String, java.lang.String)'>
        <annotation name='com.intellij.inspections.tainted.annotation.equation.Equations'>
            <val val="{ &quot;valid := argValue&quot;, &quot;argValue := #OpenType(java.lang.String, java.lang.String, java.lang.String)#1 &amp; #OpenType(java.lang.String, java.lang.String, java.lang.String)#2 &amp; #OpenType(java.lang.String, java.lang.String, java.lang.String, boolean)#0 &amp; #OpenType(java.lang.String, java.lang.String, java.lang.String, boolean)#1 &amp; #OpenType(java.lang.String, java.lang.String, java.lang.String, boolean)#2 &amp; #validClassName(java.lang.String)#0&quot; }"/>
        </annotation>
    </item>
    <item name='javax.management.openmbean.OpenType java.lang.String validClassName(java.lang.String)'>
        <annotation name='com.intellij.inspections.tainted.annotation.equation.Equations'>
            <val val="{ &quot;validClassName := className&quot;, &quot;className := #OpenType(java.lang.String, java.lang.String, java.lang.String)#0&quot; }"/>
        </annotation>
    </item>
    <item name='javax.management.openmbean.OpenType javax.management.Descriptor getDescriptor()'>
        <annotation name='com.intellij.inspections.tainted.annotation.equation.Equations'>
            <val val="{ &quot;getDescriptor := OpenType&quot; }"/>
        </annotation>
    </item>
    <item name='javax.management.openmbean.SimpleType SimpleType(java.lang.Class&lt;T&gt;)'>
        <annotation name='com.intellij.inspections.tainted.annotation.equation.Equations'>
            <val val="{ &quot;SimpleType := SimpleType&quot; }"/>
        </annotation>
    </item>
    <item name='javax.management.openmbean.SimpleType java.lang.String toString()'>
        <annotation name='com.intellij.inspections.tainted.annotation.equation.Equations'>
            <val val="{ &quot;toString := SimpleType&quot; }"/>
        </annotation>
    </item>
    <item name='javax.management.openmbean.TabularData boolean containsKey(java.lang.Object[])'>
        <annotation name='com.intellij.inspections.tainted.annotation.equation.Equations'>
            <val val="{ &quot;key := TabularDataSupport#containsKey(java.lang.Object[])#0&quot; }"/>
        </annotation>
    </item>
    <item name='javax.management.openmbean.TabularData boolean containsValue(javax.management.openmbean.CompositeData)'>
        <annotation name='com.intellij.inspections.tainted.annotation.equation.Equations'>
            <val val="{ &quot;value := TabularDataSupport#containsValue(javax.management.openmbean.CompositeData)#0&quot; }"/>
        </annotation>
    </item>
    <item name='javax.management.openmbean.TabularData boolean equals(java.lang.Object)'>
        <annotation name='com.intellij.inspections.tainted.annotation.equation.Equations'>
            <val val="{ &quot;obj := TabularDataSupport#equals(java.lang.Object)#0&quot; }"/>
        </annotation>
    </item>
    <item name='javax.management.openmbean.TabularData int hashCode()'>
        <annotation name='com.intellij.inspections.tainted.annotation.equation.Equations'>
            <val val="{ &quot;hashCode := TabularDataSupport#hashCode()&quot; }"/>
        </annotation>
    </item>
    <item name='javax.management.openmbean.TabularData int size()'>
        <annotation name='com.intellij.inspections.tainted.annotation.equation.Equations'>
            <val val="{ &quot;size := TabularDataSupport#size()&quot; }"/>
        </annotation>
    </item>
    <item name='javax.management.openmbean.TabularData java.lang.Object[] calculateIndex(javax.management.openmbean.CompositeData)'>
        <annotation name='com.intellij.inspections.tainted.annotation.equation.Equations'>
            <val val="{ &quot;calculateIndex := TabularDataSupport#calculateIndex(javax.management.openmbean.CompositeData)&quot;, &quot;value := TabularDataSupport#calculateIndex(javax.management.openmbean.CompositeData)#0&quot; }"/>
        </annotation>
    </item>
    <item name='javax.management.openmbean.TabularData java.lang.String toString()'>
        <annotation name='com.intellij.inspections.tainted.annotation.equation.Equations'>
            <val val="{ &quot;toString := TabularDataSupport#toString()&quot; }"/>
        </annotation>
    </item>
    <item name='javax.management.openmbean.TabularData java.util.Collection&lt;?&gt; values()'>
        <annotation name='com.intellij.inspections.tainted.annotation.equation.Equations'>
            <val val="{ &quot;values := TabularDataSupport#values()&quot; }"/>
        </annotation>
    </item>
    <item name='javax.management.openmbean.TabularData java.util.Set&lt;?&gt; keySet()'>
        <annotation name='com.intellij.inspections.tainted.annotation.equation.Equations'>
            <val val="{ &quot;keySet := TabularDataSupport#keySet()&quot; }"/>
        </annotation>
    </item>
    <item name='javax.management.openmbean.TabularData javax.management.openmbean.CompositeData get(java.lang.Object[])'>
        <annotation name='com.intellij.inspections.tainted.annotation.equation.Equations'>
            <val val="{ &quot;get := TabularDataSupport#get(java.lang.Object[])&quot;, &quot;key := TabularDataSupport#get(java.lang.Object[])#0&quot; }"/>
        </annotation>
    </item>
    <item name='javax.management.openmbean.TabularData javax.management.openmbean.CompositeData remove(java.lang.Object[])'>
        <annotation name='com.intellij.inspections.tainted.annotation.equation.Equations'>
            <val val="{ &quot;remove := TabularDataSupport#remove(java.lang.Object[])&quot;, &quot;key := TabularDataSupport#remove(java.lang.Object[])#0&quot; }"/>
        </annotation>
    </item>
    <item name='javax.management.openmbean.TabularData javax.management.openmbean.TabularType getTabularType()'>
        <annotation name='com.intellij.inspections.tainted.annotation.equation.Equations'>
            <val val="{ &quot;getTabularType := TabularDataSupport#getTabularType()&quot; }"/>
        </annotation>
    </item>
    <item name='javax.management.openmbean.TabularData void put(javax.management.openmbean.CompositeData)'>
        <annotation name='com.intellij.inspections.tainted.annotation.equation.Equations'>
            <val val="{ &quot;value := TabularDataSupport#put(javax.management.openmbean.CompositeData)#0&quot; }"/>
        </annotation>
    </item>
    <item name='javax.management.openmbean.TabularData void putAll(javax.management.openmbean.CompositeData[])'>
        <annotation name='com.intellij.inspections.tainted.annotation.equation.Equations'>
            <val val="{ &quot;values := TabularDataSupport#putAll(javax.management.openmbean.CompositeData[])#0&quot; }"/>
        </annotation>
    </item>
    <item name='javax.management.openmbean.TabularDataSupport'>
        <annotation name='com.intellij.inspections.tainted.annotation.equation.Equations'>
            <val val="{ &quot;TabularDataSupport := &quot; }"/>
        </annotation>
    </item>
    <item name='javax.management.openmbean.TabularDataSupport TabularDataSupport(javax.management.openmbean.TabularType)'>
        <annotation name='com.intellij.inspections.tainted.annotation.equation.Equations'>
            <val val="{ &quot;TabularDataSupport := TabularDataSupport&quot;, &quot;tabularType := sun.management.MappedMXBeanType.MapMXBeanType &amp; sun.management.MappedMXBeanType.MapMXBeanType&quot; }"/>
        </annotation>
    </item>
    <item name='javax.management.openmbean.TabularDataSupport TabularDataSupport(javax.management.openmbean.TabularType, int, float)'>
        <annotation name='com.intellij.inspections.tainted.annotation.equation.Equations'>
            <val val="{ &quot;TabularDataSupport := TabularDataSupport&quot;, &quot;tabularType := #TabularDataSupport(javax.management.openmbean.TabularType)#0&quot; }"/>
        </annotation>
    </item>
    <item name='javax.management.openmbean.TabularDataSupport boolean containsKey(java.lang.Object[])'>
        <annotation name='com.intellij.inspections.tainted.annotation.equation.Equations'>
            <val val="{ &quot;key := #containsKey(java.lang.Object)#0&quot; }"/>
        </annotation>
    </item>
    <item name='javax.management.openmbean.TabularDataSupport java.lang.Object put(java.lang.Object, java.lang.Object)'>
        <annotation name='com.intellij.inspections.tainted.annotation.equation.Equations'>
            <val val="{ &quot;put := value&quot; }"/>
        </annotation>
    </item>
    <item name='javax.management.openmbean.TabularDataSupport java.util.List&lt;?&gt; checkValueAndIndex(javax.management.openmbean.CompositeData)'>
        <annotation name='com.intellij.inspections.tainted.annotation.equation.Equations'>
            <val val="{ &quot;value := #internalPut(javax.management.openmbean.CompositeData)#0 &amp; #putAll(javax.management.openmbean.CompositeData[])#0&quot; }"/>
        </annotation>
    </item>
    <item name='javax.management.openmbean.TabularDataSupport java.util.List&lt;?&gt; internalCalculateIndex(javax.management.openmbean.CompositeData)'>
        <annotation name='com.intellij.inspections.tainted.annotation.equation.Equations'>
            <val val="{ &quot;value := #checkValueAndIndex(javax.management.openmbean.CompositeData)#0&quot; }"/>
        </annotation>
    </item>
    <item name='javax.management.openmbean.TabularDataSupport javax.management.openmbean.CompositeData get(java.lang.Object[])'>
        <annotation name='com.intellij.inspections.tainted.annotation.equation.Equations'>
            <val val="{ &quot;key := #get(java.lang.Object)#0&quot; }"/>
        </annotation>
    </item>
    <item name='javax.management.openmbean.TabularDataSupport javax.management.openmbean.CompositeData internalPut(javax.management.openmbean.CompositeData)'>
        <annotation name='com.intellij.inspections.tainted.annotation.equation.Equations'>
            <val val="{ &quot;value := #put(java.lang.Object, java.lang.Object)#1 &amp; #put(javax.management.openmbean.CompositeData)#0&quot; }"/>
        </annotation>
    </item>
    <item name='javax.management.openmbean.TabularDataSupport javax.management.openmbean.CompositeData remove(java.lang.Object[])'>
        <annotation name='com.intellij.inspections.tainted.annotation.equation.Equations'>
            <val val="{ &quot;key := #remove(java.lang.Object)#0&quot; }"/>
        </annotation>
    </item>
    <item name='javax.management.openmbean.TabularDataSupport javax.management.openmbean.TabularType getTabularType()'>
        <annotation name='com.intellij.inspections.tainted.annotation.equation.Equations'>
            <val val="{ &quot;getTabularType := TabularDataSupport&quot; }"/>
        </annotation>
    </item>
    <item name='javax.management.openmbean.TabularDataSupport void checkKeyType(java.lang.Object[])'>
        <annotation name='com.intellij.inspections.tainted.annotation.equation.Equations'>
            <val val="{ &quot;key := #get(java.lang.Object[])#0 &amp; #remove(java.lang.Object[])#0&quot; }"/>
        </annotation>
    </item>
    <item name='javax.management.openmbean.TabularDataSupport void checkValueType(javax.management.openmbean.CompositeData)'>
        <annotation name='com.intellij.inspections.tainted.annotation.equation.Equations'>
            <val val="{ &quot;value := #calculateIndex(javax.management.openmbean.CompositeData)#0 &amp; #checkValueAndIndex(javax.management.openmbean.CompositeData)#0&quot; }"/>
        </annotation>
    </item>
    <item name='javax.management.openmbean.TabularDataSupport void put(javax.management.openmbean.CompositeData)'>
        <annotation name='com.intellij.inspections.tainted.annotation.equation.Equations'>
            <val val="{ &quot;value := &quot; }"/>
        </annotation>
    </item>
    <item name='javax.management.openmbean.TabularDataSupport void putAll(javax.management.openmbean.CompositeData[])'>
        <annotation name='com.intellij.inspections.tainted.annotation.equation.Equations'>
            <val val="{ &quot;values := &quot; }"/>
        </annotation>
    </item>
    <item name='javax.management.openmbean.TabularType TabularType(java.lang.String, java.lang.String, javax.management.openmbean.CompositeType, java.lang.String[])'>
        <annotation name='com.intellij.inspections.tainted.annotation.equation.Equations'>
            <val val="{ &quot;rowType := &quot;, &quot;TabularType := TabularType&quot;, &quot;indexNames := sun.management.MappedMXBeanType#mapIndexNames &amp; com.sun.jmx.mbeanserver.DefaultMXBeanMappingFactory#keyArray &amp; sun.management.MappedMXBeanType#mapIndexNames &amp; com.sun.jmx.mbeanserver.DefaultMXBeanMappingFactory#keyArray&quot;, &quot;typeName := sun.management.MappedMXBeanType.MapMXBeanType &amp; sun.management.MappedMXBeanType.MapMXBeanType&quot;, &quot;description := sun.management.MappedMXBeanType.MapMXBeanType &amp; sun.management.MappedMXBeanType.MapMXBeanType&quot; }"/>
        </annotation>
    </item>
    <item name='javax.management.openmbean.TabularType boolean isAssignableFrom(javax.management.openmbean.OpenType&lt;?&gt;)'>
        <annotation name='com.intellij.inspections.tainted.annotation.equation.Equations'>
            <val val="{ &quot;ot := &quot; }"/>
        </annotation>
    </item>
    <item name='javax.management.openmbean.TabularType java.lang.String toString()'>
        <annotation name='com.intellij.inspections.tainted.annotation.equation.Equations'>
            <val val="{ &quot;toString := TabularType&quot; }"/>
        </annotation>
    </item>
    <item name='javax.management.openmbean.TabularType java.util.List&lt;java.lang.String&gt; getIndexNames()'>
        <annotation name='com.intellij.inspections.tainted.annotation.equation.Equations'>
            <val val="{ &quot;getIndexNames := TabularType&quot; }"/>
        </annotation>
    </item>
    <item name='javax.management.openmbean.TabularType javax.management.openmbean.CompositeType getRowType()'>
        <annotation name='com.intellij.inspections.tainted.annotation.equation.Equations'>
            <val val="{ &quot;getRowType := TabularType&quot; }"/>
        </annotation>
    </item>
    <item name='javax.management.openmbean.TabularType void checkForEmptyString(java.lang.String[], java.lang.String)'>
        <annotation name='com.intellij.inspections.tainted.annotation.equation.Equations'>
            <val val="{ &quot;arg := #TabularType(java.lang.String, java.lang.String, javax.management.openmbean.CompositeType, java.lang.String[])#3&quot; }"/>
        </annotation>
    </item>
    <item name='javax.management.openmbean.TabularType void checkForNullElement(java.lang.Object[], java.lang.String)'>
        <annotation name='com.intellij.inspections.tainted.annotation.equation.Equations'>
            <val val="{ &quot;arg := #TabularType(java.lang.String, java.lang.String, javax.management.openmbean.CompositeType, java.lang.String[])#3&quot; }"/>
        </annotation>
    </item>
</root>