<root>
    <item name='javax.naming.ldap.ControlFactory javax.naming.ldap.Control getControlInstance(javax.naming.ldap.Control, javax.naming.Context, java.util.Hashtable&lt;?,?&gt;)'>
        <annotation name='com.intellij.inspections.tainted.annotation.equation.Equations'>
            <val val="{ &quot;getControlInstance := ctl&quot; }"/>
        </annotation>
    </item>
    <item name='javax.naming.ldap.InitialLdapContext InitialLdapContext()'>
        <annotation name='com.intellij.inspections.tainted.annotation.equation.Equations'>
            <val val="{ &quot;InitialLdapContext := InitialLdapContext&quot; }"/>
        </annotation>
    </item>
    <item name='javax.naming.ldap.InitialLdapContext InitialLdapContext(java.util.Hashtable&lt;?,?&gt;, javax.naming.ldap.Control[])'>
        <annotation name='com.intellij.inspections.tainted.annotation.equation.Equations'>
            <val val="{ &quot;environment := com.sun.security.auth.module.LdapLoginModule&quot;, &quot;InitialLdapContext := InitialLdapContext&quot; }"/>
        </annotation>
    </item>
    <item name='javax.naming.ldap.LdapContext javax.naming.ldap.Control[] getConnectControls()'>
        <annotation name='com.intellij.inspections.tainted.annotation.equation.Equations'>
            <val val="{ &quot;getConnectControls := InitialLdapContext#getConnectControls()&quot; }"/>
        </annotation>
    </item>
    <item name='javax.naming.ldap.LdapContext javax.naming.ldap.Control[] getRequestControls()'>
        <annotation name='com.intellij.inspections.tainted.annotation.equation.Equations'>
            <val val="{ &quot;getRequestControls := InitialLdapContext#getRequestControls()&quot; }"/>
        </annotation>
    </item>
    <item name='javax.naming.ldap.LdapContext javax.naming.ldap.Control[] getResponseControls()'>
        <annotation name='com.intellij.inspections.tainted.annotation.equation.Equations'>
            <val val="{ &quot;getResponseControls := InitialLdapContext#getResponseControls()&quot; }"/>
        </annotation>
    </item>
    <item name='javax.naming.ldap.LdapContext javax.naming.ldap.ExtendedResponse extendedOperation(javax.naming.ldap.ExtendedRequest)'>
        <annotation name='com.intellij.inspections.tainted.annotation.equation.Equations'>
            <val val="{ &quot;request := InitialLdapContext#extendedOperation(javax.naming.ldap.ExtendedRequest)#0&quot;, &quot;extendedOperation := InitialLdapContext#extendedOperation(javax.naming.ldap.ExtendedRequest)&quot; }"/>
        </annotation>
    </item>
    <item name='javax.naming.ldap.LdapContext javax.naming.ldap.LdapContext newInstance(javax.naming.ldap.Control[])'>
        <annotation name='com.intellij.inspections.tainted.annotation.equation.Equations'>
            <val val="{ &quot;requestControls := InitialLdapContext#newInstance(javax.naming.ldap.Control[])#0&quot;, &quot;newInstance := InitialLdapContext#newInstance(javax.naming.ldap.Control[])&quot; }"/>
        </annotation>
    </item>
    <item name='javax.naming.ldap.LdapContext void reconnect(javax.naming.ldap.Control[])'>
        <annotation name='com.intellij.inspections.tainted.annotation.equation.Equations'>
            <val val="{ &quot;connCtls := InitialLdapContext#reconnect(javax.naming.ldap.Control[])#0&quot; }"/>
        </annotation>
    </item>
    <item name='javax.naming.ldap.LdapContext void setRequestControls(javax.naming.ldap.Control[])'>
        <annotation name='com.intellij.inspections.tainted.annotation.equation.Equations'>
            <val val="{ &quot;requestControls := InitialLdapContext#setRequestControls(javax.naming.ldap.Control[])#0&quot; }"/>
        </annotation>
    </item>
    <item name='javax.naming.ldap.LdapName'>
        <annotation name='com.intellij.inspections.tainted.annotation.equation.Equations'>
            <val val="{ &quot;LdapName := &quot; }"/>
        </annotation>
    </item>
    <item name='javax.naming.ldap.LdapName LdapName(java.lang.String)'>
        <annotation name='com.intellij.inspections.tainted.annotation.equation.Equations'>
            <val val="{ &quot;name := com.sun.security.auth.LdapPrincipal#getLdapName(java.lang.String)#0&quot;, &quot;LdapName := LdapName&quot; }"/>
        </annotation>
    </item>
    <item name='javax.naming.ldap.LdapName LdapName(java.lang.String, java.util.List&lt;javax.naming.ldap.Rdn&gt;, int, int)'>
        <annotation name='com.intellij.inspections.tainted.annotation.equation.Equations'>
            <val val="{ &quot;LdapName := LdapName&quot;, &quot;end := #getPrefix(int)#0&quot;, &quot;name := LdapName&quot;, &quot;rdns := LdapName&quot;, &quot;beg := #getSuffix(int)#0&quot; }"/>
        </annotation>
    </item>
    <item name='javax.naming.ldap.LdapName LdapName(java.util.List&lt;javax.naming.ldap.Rdn&gt;)'>
        <annotation name='com.intellij.inspections.tainted.annotation.equation.Equations'>
            <val val="{ &quot;LdapName := LdapName&quot; }"/>
        </annotation>
    </item>
    <item name='javax.naming.ldap.LdapName boolean doesListMatch(int, int, java.util.List&lt;javax.naming.ldap.Rdn&gt;)'>
        <annotation name='com.intellij.inspections.tainted.annotation.equation.Equations'>
            <val val="{ &quot;rdns := #startsWith(java.util.List)#0 &amp; #endsWith(java.util.List)#0&quot;, &quot;end := #matches(int, int, javax.naming.Name)#1&quot;, &quot;beg := #matches(int, int, javax.naming.Name)#0&quot; }"/>
        </annotation>
    </item>
    <item name='javax.naming.ldap.LdapName boolean equals(java.lang.Object)'>
        <annotation name='com.intellij.inspections.tainted.annotation.equation.Equations'>
            <val val="{ &quot;obj := &quot; }"/>
        </annotation>
    </item>
    <item name='javax.naming.ldap.LdapName boolean matches(int, int, javax.naming.Name)'>
        <annotation name='com.intellij.inspections.tainted.annotation.equation.Equations'>
            <val val="{ &quot;end := &quot;, &quot;n := #startsWith(javax.naming.Name)#0 &amp; #endsWith(javax.naming.Name)#0&quot;, &quot;beg := &quot; }"/>
        </annotation>
    </item>
    <item name='javax.naming.ldap.LdapName java.lang.String toString()'>
        <annotation name='com.intellij.inspections.tainted.annotation.equation.Equations'>
            <val val="{ &quot;toString := LdapName&quot; }"/>
        </annotation>
    </item>
    <item name='javax.naming.ldap.LdapName javax.naming.Name add(int, java.lang.String)'>
        <annotation name='com.intellij.inspections.tainted.annotation.equation.Equations'>
            <val val="{ &quot;comp := #add(java.lang.String)#0&quot;, &quot;add := LdapName&quot; }"/>
        </annotation>
    </item>
    <item name='javax.naming.ldap.LdapName javax.naming.Name add(int, javax.naming.ldap.Rdn)'>
        <annotation name='com.intellij.inspections.tainted.annotation.equation.Equations'>
            <val val="{ &quot;comp := #add(javax.naming.ldap.Rdn)#0&quot;, &quot;add := LdapName&quot; }"/>
        </annotation>
    </item>
    <item name='javax.naming.ldap.LdapName javax.naming.Name addAll(int, java.util.List&lt;javax.naming.ldap.Rdn&gt;)'>
        <annotation name='com.intellij.inspections.tainted.annotation.equation.Equations'>
            <val val="{ &quot;suffixRdns := #addAll(java.util.List)#0&quot;, &quot;addAll := LdapName&quot; }"/>
        </annotation>
    </item>
    <item name='javax.naming.ldap.LdapName javax.naming.Name addAll(int, javax.naming.Name)'>
        <annotation name='com.intellij.inspections.tainted.annotation.equation.Equations'>
            <val val="{ &quot;addAll := LdapName&quot;, &quot;suffix := #addAll(javax.naming.Name)#0&quot; }"/>
        </annotation>
    </item>
    <item name='javax.naming.ldap.LdapReferralException LdapReferralException(java.lang.String)'>
        <annotation name='com.intellij.inspections.tainted.annotation.equation.Equations'>
            <val val="{ &quot;LdapReferralException := LdapReferralException&quot; }"/>
        </annotation>
    </item>
    <item name='javax.naming.ldap.Rdn'>
        <annotation name='com.intellij.inspections.tainted.annotation.equation.Equations'>
            <val val="{ &quot;Rdn := &quot; }"/>
        </annotation>
    </item>
    <item name='javax.naming.ldap.Rdn Rdn()'>
        <annotation name='com.intellij.inspections.tainted.annotation.equation.Equations'>
            <val val="{ &quot;Rdn := Rdn&quot; }"/>
        </annotation>
    </item>
    <item name='javax.naming.ldap.Rdn Rdn(java.lang.String)'>
        <annotation name='com.intellij.inspections.tainted.annotation.equation.Equations'>
            <val val="{ &quot;Rdn := Rdn&quot; }"/>
        </annotation>
    </item>
    <item name='javax.naming.ldap.Rdn Rdn(java.lang.String, java.lang.Object)'>
        <annotation name='com.intellij.inspections.tainted.annotation.equation.Equations'>
            <val val="{ &quot;Rdn := Rdn&quot; }"/>
        </annotation>
    </item>
    <item name='javax.naming.ldap.Rdn Rdn(javax.naming.directory.Attributes)'>
        <annotation name='com.intellij.inspections.tainted.annotation.equation.Equations'>
            <val val="{ &quot;Rdn := Rdn&quot; }"/>
        </annotation>
    </item>
    <item name='javax.naming.ldap.Rdn Rdn(javax.naming.ldap.Rdn)'>
        <annotation name='com.intellij.inspections.tainted.annotation.equation.Equations'>
            <val val="{ &quot;Rdn := Rdn&quot; }"/>
        </annotation>
    </item>
    <item name='javax.naming.ldap.Rdn boolean isEmptyValue(java.lang.Object)'>
        <annotation name='com.intellij.inspections.tainted.annotation.equation.Equations'>
            <val val="{ &quot;val := #Rdn(java.lang.String, java.lang.Object)#1&quot; }"/>
        </annotation>
    </item>
    <item name='javax.naming.ldap.Rdn java.lang.String escapeBinaryValue(byte[])'>
        <annotation name='com.intellij.inspections.tainted.annotation.equation.Equations'>
            <val val="{ &quot;val := Rdn.RdnEntry &amp; #escapeValue(java.lang.Object)#0&quot; }"/>
        </annotation>
    </item>
    <item name='javax.naming.ldap.Rdn java.lang.String escapeStringValue(java.lang.String)'>
        <annotation name='com.intellij.inspections.tainted.annotation.equation.Equations'>
            <val val="{ &quot;val := #escapeValue(java.lang.Object)#0&quot; }"/>
        </annotation>
    </item>
    <item name='javax.naming.ldap.Rdn java.lang.String escapeValue(java.lang.Object)'>
        <annotation name='com.intellij.inspections.tainted.annotation.equation.Equations'>
            <val val="{ &quot;val := Rdn.RdnEntry&quot; }"/>
        </annotation>
    </item>
    <item name='javax.naming.ldap.Rdn javax.naming.ldap.Rdn put(java.lang.String, java.lang.Object)'>
        <annotation name='com.intellij.inspections.tainted.annotation.equation.Equations'>
            <val val="{ &quot;type := #Rdn(java.lang.String, java.lang.Object)#0&quot;, &quot;put := Rdn&quot;, &quot;value := #Rdn(java.lang.String, java.lang.Object)#1&quot; }"/>
        </annotation>
    </item>
    <item name='javax.naming.ldap.Rdn.RdnEntry java.lang.Object getValue()'>
        <annotation name='com.intellij.inspections.tainted.annotation.equation.Equations'>
            <val val="{ &quot;getValue := Rdn.RdnEntry&quot; }"/>
        </annotation>
    </item>
    <item name='javax.naming.ldap.Rdn.RdnEntry java.lang.String getType()'>
        <annotation name='com.intellij.inspections.tainted.annotation.equation.Equations'>
            <val val="{ &quot;getType := Rdn.RdnEntry&quot; }"/>
        </annotation>
    </item>
    <item name='javax.naming.ldap.Rdn.RdnEntry java.lang.String getValueComparable()'>
        <annotation name='com.intellij.inspections.tainted.annotation.equation.Equations'>
            <val val="{ &quot;getValueComparable := Rdn.RdnEntry&quot; }"/>
        </annotation>
    </item>
    <item name='javax.naming.ldap.Rdn.RdnEntry java.lang.String toString()'>
        <annotation name='com.intellij.inspections.tainted.annotation.equation.Equations'>
            <val val="{ &quot;toString := Rdn.RdnEntry&quot; }"/>
        </annotation>
    </item>
    <item name='javax.naming.ldap.Rfc2253Parser Rfc2253Parser(java.lang.String)'>
        <annotation name='com.intellij.inspections.tainted.annotation.equation.Equations'>
            <val val="{ &quot;Rfc2253Parser := Rfc2253Parser&quot; }"/>
        </annotation>
    </item>
    <item name='javax.naming.ldap.Rfc2253Parser boolean isWhitespace(char)'>
        <annotation name='com.intellij.inspections.tainted.annotation.equation.Equations'>
            <val val="{ &quot;c := Rfc2253Parser&quot; }"/>
        </annotation>
    </item>
    <item name='javax.naming.ldap.Rfc2253Parser javax.naming.ldap.Rdn doParse(javax.naming.ldap.Rdn)'>
        <annotation name='com.intellij.inspections.tainted.annotation.equation.Equations'>
            <val val="{ &quot;doParse := rdn&quot;, &quot;rdn := #parseRdn(javax.naming.ldap.Rdn)#0&quot; }"/>
        </annotation>
    </item>
    <item name='javax.naming.ldap.Rfc2253Parser javax.naming.ldap.Rdn parseRdn(javax.naming.ldap.Rdn)'>
        <annotation name='com.intellij.inspections.tainted.annotation.equation.Equations'>
            <val val="{ &quot;parseRdn := rdn&quot;, &quot;rdn := Rdn&quot; }"/>
        </annotation>
    </item>
    <item name='javax.naming.ldap.UnsolicitedNotificationEvent UnsolicitedNotificationEvent(java.lang.Object, javax.naming.ldap.UnsolicitedNotification)'>
        <annotation name='com.intellij.inspections.tainted.annotation.equation.Equations'>
            <val val="{ &quot;UnsolicitedNotificationEvent := UnsolicitedNotificationEvent&quot; }"/>
        </annotation>
    </item>
</root>