<root>
    <item name='org.locationtech.jts.operation.BoundaryOp'>
        <annotation name='com.intellij.inspections.tainted.annotation.equation.Equations'>
            <val val="{ &quot;BoundaryOp := #BoundaryOp(org.locationtech.jts.geom.Geometry, org.locationtech.jts.algorithm.BoundaryNodeRule)#0 &amp; #BoundaryOp(org.locationtech.jts.geom.Geometry, org.locationtech.jts.algorithm.BoundaryNodeRule)#1&quot; }"/>
        </annotation>
    </item>
    <item name='org.locationtech.jts.operation.BoundaryOp BoundaryOp(org.locationtech.jts.geom.Geometry)'>
        <annotation name='com.intellij.inspections.tainted.annotation.equation.Equations'>
            <val val="{ &quot;BoundaryOp := BoundaryOp&quot;, &quot;geom := #getBoundary(org.locationtech.jts.geom.Geometry)#0&quot; }"/>
        </annotation>
    </item>
    <item name='org.locationtech.jts.operation.BoundaryOp BoundaryOp(org.locationtech.jts.geom.Geometry, org.locationtech.jts.algorithm.BoundaryNodeRule)'>
        <annotation name='com.intellij.inspections.tainted.annotation.equation.Equations'>
            <val val="{ &quot;BoundaryOp := BoundaryOp&quot;, &quot;bnRule := #getBoundary(org.locationtech.jts.geom.Geometry, org.locationtech.jts.algorithm.BoundaryNodeRule)#1 &amp; org.locationtech.jts.algorithm.BoundaryNodeRule#MOD2_BOUNDARY_RULE&quot;, &quot;geom := #getBoundary(org.locationtech.jts.geom.Geometry, org.locationtech.jts.algorithm.BoundaryNodeRule)#0 &amp; #BoundaryOp(org.locationtech.jts.geom.Geometry)#0&quot; }"/>
        </annotation>
    </item>
    <item name='org.locationtech.jts.operation.BoundaryOp org.locationtech.jts.geom.Coordinate[] computeBoundaryCoordinates(org.locationtech.jts.geom.MultiLineString)'>
        <annotation name='com.intellij.inspections.tainted.annotation.equation.Equations'>
            <val val="{ &quot;computeBoundaryCoordinates := &quot;, &quot;mLine := #boundaryMultiLineString(org.locationtech.jts.geom.MultiLineString)#0&quot; }"/>
        </annotation>
    </item>
    <item name='org.locationtech.jts.operation.BoundaryOp org.locationtech.jts.geom.Geometry boundaryLineString(org.locationtech.jts.geom.LineString)'>
        <annotation name='com.intellij.inspections.tainted.annotation.equation.Equations'>
            <val val="{ &quot;boundaryLineString := &quot;, &quot;line := BoundaryOp&quot; }"/>
        </annotation>
    </item>
    <item name='org.locationtech.jts.operation.BoundaryOp org.locationtech.jts.geom.Geometry boundaryMultiLineString(org.locationtech.jts.geom.MultiLineString)'>
        <annotation name='com.intellij.inspections.tainted.annotation.equation.Equations'>
            <val val="{ &quot;boundaryMultiLineString := &quot;, &quot;mLine := BoundaryOp&quot; }"/>
        </annotation>
    </item>
    <item name='org.locationtech.jts.operation.BoundaryOp org.locationtech.jts.geom.Geometry getBoundary()'>
        <annotation name='com.intellij.inspections.tainted.annotation.equation.Equations'>
            <val val="{ &quot;getBoundary := &quot; }"/>
        </annotation>
    </item>
    <item name='org.locationtech.jts.operation.BoundaryOp org.locationtech.jts.geom.Geometry getBoundary(org.locationtech.jts.geom.Geometry)'>
        <annotation name='com.intellij.inspections.tainted.annotation.equation.Equations'>
            <val val="{ &quot;getBoundary := &quot; }"/>
        </annotation>
    </item>
    <item name='org.locationtech.jts.operation.BoundaryOp org.locationtech.jts.geom.Geometry getBoundary(org.locationtech.jts.geom.Geometry, org.locationtech.jts.algorithm.BoundaryNodeRule)'>
        <annotation name='com.intellij.inspections.tainted.annotation.equation.Equations'>
            <val val="{ &quot;getBoundary := &quot; }"/>
        </annotation>
    </item>
    <item name='org.locationtech.jts.operation.BoundaryOp org.locationtech.jts.geom.MultiPoint getEmptyMultiPoint()'>
        <annotation name='com.intellij.inspections.tainted.annotation.equation.Equations'>
            <val val="{ &quot;getEmptyMultiPoint := &quot; }"/>
        </annotation>
    </item>
    <item name='org.locationtech.jts.operation.BoundaryOp void addEndpoint(org.locationtech.jts.geom.Coordinate)'>
        <annotation name='com.intellij.inspections.tainted.annotation.equation.Equations'>
            <val val="{ &quot;pt := &quot; }"/>
        </annotation>
    </item>
    <item name='org.locationtech.jts.operation.GeometryGraphOperation'>
        <annotation name='com.intellij.inspections.tainted.annotation.equation.Equations'>
            <val val="{ &quot;GeometryGraphOperation := #setComputationPrecision(org.locationtech.jts.geom.PrecisionModel)#0&quot; }"/>
        </annotation>
    </item>
    <item name='org.locationtech.jts.operation.GeometryGraphOperation GeometryGraphOperation(org.locationtech.jts.geom.Geometry)'>
        <annotation name='com.intellij.inspections.tainted.annotation.equation.Equations'>
            <val val="{ &quot;GeometryGraphOperation := GeometryGraphOperation&quot; }"/>
        </annotation>
    </item>
    <item name='org.locationtech.jts.operation.GeometryGraphOperation GeometryGraphOperation(org.locationtech.jts.geom.Geometry, org.locationtech.jts.geom.Geometry)'>
        <annotation name='com.intellij.inspections.tainted.annotation.equation.Equations'>
            <val val="{ &quot;g0 := org.locationtech.jts.operation.relate.RelateOp#RelateOp(org.locationtech.jts.geom.Geometry, org.locationtech.jts.geom.Geometry)#0 &amp; org.locationtech.jts.operation.overlay.OverlayOp#OverlayOp(org.locationtech.jts.geom.Geometry, org.locationtech.jts.geom.Geometry)#0&quot;, &quot;g1 := org.locationtech.jts.operation.relate.RelateOp#RelateOp(org.locationtech.jts.geom.Geometry, org.locationtech.jts.geom.Geometry)#1 &amp; org.locationtech.jts.operation.overlay.OverlayOp#OverlayOp(org.locationtech.jts.geom.Geometry, org.locationtech.jts.geom.Geometry)#1&quot;, &quot;GeometryGraphOperation := GeometryGraphOperation&quot; }"/>
        </annotation>
    </item>
    <item name='org.locationtech.jts.operation.GeometryGraphOperation GeometryGraphOperation(org.locationtech.jts.geom.Geometry, org.locationtech.jts.geom.Geometry, org.locationtech.jts.algorithm.BoundaryNodeRule)'>
        <annotation name='com.intellij.inspections.tainted.annotation.equation.Equations'>
            <val val="{ &quot;GeometryGraphOperation := GeometryGraphOperation&quot;, &quot;g1 := #GeometryGraphOperation(org.locationtech.jts.geom.Geometry, org.locationtech.jts.geom.Geometry)#1 &amp; org.locationtech.jts.operation.relate.RelateOp#RelateOp(org.locationtech.jts.geom.Geometry, org.locationtech.jts.geom.Geometry, org.locationtech.jts.algorithm.BoundaryNodeRule)#1&quot;, &quot;boundaryNodeRule := org.locationtech.jts.algorithm.BoundaryNodeRule#OGC_SFS_BOUNDARY_RULE &amp; org.locationtech.jts.operation.relate.RelateOp#RelateOp(org.locationtech.jts.geom.Geometry, org.locationtech.jts.geom.Geometry, org.locationtech.jts.algorithm.BoundaryNodeRule)#2&quot;, &quot;g0 := #GeometryGraphOperation(org.locationtech.jts.geom.Geometry, org.locationtech.jts.geom.Geometry)#0 &amp; org.locationtech.jts.operation.relate.RelateOp#RelateOp(org.locationtech.jts.geom.Geometry, org.locationtech.jts.geom.Geometry, org.locationtech.jts.algorithm.BoundaryNodeRule)#0&quot; }"/>
        </annotation>
    </item>
    <item name='org.locationtech.jts.operation.GeometryGraphOperation org.locationtech.jts.geom.Geometry getArgGeometry(int)'>
        <annotation name='com.intellij.inspections.tainted.annotation.equation.Equations'>
            <val val="{ &quot;getArgGeometry := &quot;, &quot;i := org.locationtech.jts.operation.overlay.LineBuilder#labelIsolatedLine(org.locationtech.jts.geomgraph.Edge, int)#1&quot; }"/>
        </annotation>
    </item>
    <item name='org.locationtech.jts.operation.GeometryGraphOperation void setComputationPrecision(org.locationtech.jts.geom.PrecisionModel)'>
        <annotation name='com.intellij.inspections.tainted.annotation.equation.Equations'>
            <val val="{ &quot;pm := &quot; }"/>
        </annotation>
    </item>
    <item name='org.locationtech.jts.operation.IsSimpleOp'>
        <annotation name='com.intellij.inspections.tainted.annotation.equation.Equations'>
            <val val="{ &quot;IsSimpleOp := #IsSimpleOp(org.locationtech.jts.geom.Geometry)#0 &amp; #IsSimpleOp(org.locationtech.jts.geom.Geometry, org.locationtech.jts.algorithm.BoundaryNodeRule)#0&quot; }"/>
        </annotation>
    </item>
    <item name='org.locationtech.jts.operation.IsSimpleOp IsSimpleOp()'>
        <annotation name='com.intellij.inspections.tainted.annotation.equation.Equations'>
            <val val="{ &quot;IsSimpleOp := IsSimpleOp&quot; }"/>
        </annotation>
    </item>
    <item name='org.locationtech.jts.operation.IsSimpleOp IsSimpleOp(org.locationtech.jts.geom.Geometry)'>
        <annotation name='com.intellij.inspections.tainted.annotation.equation.Equations'>
            <val val="{ &quot;IsSimpleOp := IsSimpleOp&quot;, &quot;geom := org.locationtech.jts.geom.Geometry&quot; }"/>
        </annotation>
    </item>
    <item name='org.locationtech.jts.operation.IsSimpleOp IsSimpleOp(org.locationtech.jts.geom.Geometry, org.locationtech.jts.algorithm.BoundaryNodeRule)'>
        <annotation name='com.intellij.inspections.tainted.annotation.equation.Equations'>
            <val val="{ &quot;IsSimpleOp := IsSimpleOp&quot; }"/>
        </annotation>
    </item>
    <item name='org.locationtech.jts.operation.IsSimpleOp boolean computeSimple(org.locationtech.jts.geom.Geometry)'>
        <annotation name='com.intellij.inspections.tainted.annotation.equation.Equations'>
            <val val="{ &quot;geom := IsSimpleOp&quot;, &quot;computeSimple := &quot; }"/>
        </annotation>
    </item>
    <item name='org.locationtech.jts.operation.IsSimpleOp boolean hasClosedEndpointIntersection(org.locationtech.jts.geomgraph.GeometryGraph)'>
        <annotation name='com.intellij.inspections.tainted.annotation.equation.Equations'>
            <val val="{ &quot;graph := &quot; }"/>
        </annotation>
    </item>
    <item name='org.locationtech.jts.operation.IsSimpleOp boolean hasNonEndpointIntersection(org.locationtech.jts.geomgraph.GeometryGraph)'>
        <annotation name='com.intellij.inspections.tainted.annotation.equation.Equations'>
            <val val="{ &quot;graph := &quot; }"/>
        </annotation>
    </item>
    <item name='org.locationtech.jts.operation.IsSimpleOp boolean isSimple()'>
        <annotation name='com.intellij.inspections.tainted.annotation.equation.Equations'>
            <val val="{ &quot;isSimple := &quot; }"/>
        </annotation>
    </item>
    <item name='org.locationtech.jts.operation.IsSimpleOp boolean isSimple(org.locationtech.jts.geom.LineString)'>
        <annotation name='com.intellij.inspections.tainted.annotation.equation.Equations'>
            <val val="{ &quot;isSimple := &quot; }"/>
        </annotation>
    </item>
    <item name='org.locationtech.jts.operation.IsSimpleOp boolean isSimple(org.locationtech.jts.geom.MultiLineString)'>
        <annotation name='com.intellij.inspections.tainted.annotation.equation.Equations'>
            <val val="{ &quot;isSimple := &quot; }"/>
        </annotation>
    </item>
    <item name='org.locationtech.jts.operation.IsSimpleOp boolean isSimple(org.locationtech.jts.geom.MultiPoint)'>
        <annotation name='com.intellij.inspections.tainted.annotation.equation.Equations'>
            <val val="{ &quot;isSimple := &quot; }"/>
        </annotation>
    </item>
    <item name='org.locationtech.jts.operation.IsSimpleOp boolean isSimpleGeometryCollection(org.locationtech.jts.geom.Geometry)'>
        <annotation name='com.intellij.inspections.tainted.annotation.equation.Equations'>
            <val val="{ &quot;geom := #computeSimple(org.locationtech.jts.geom.Geometry)#0&quot; }"/>
        </annotation>
    </item>
    <item name='org.locationtech.jts.operation.IsSimpleOp boolean isSimpleLinearGeometry(org.locationtech.jts.geom.Geometry)'>
        <annotation name='com.intellij.inspections.tainted.annotation.equation.Equations'>
            <val val="{ &quot;geom := #computeSimple(org.locationtech.jts.geom.Geometry)#0 &amp; #isSimple(org.locationtech.jts.geom.LineString)#0 &amp; #isSimple(org.locationtech.jts.geom.MultiLineString)#0&quot; }"/>
        </annotation>
    </item>
    <item name='org.locationtech.jts.operation.IsSimpleOp boolean isSimpleMultiPoint(org.locationtech.jts.geom.MultiPoint)'>
        <annotation name='com.intellij.inspections.tainted.annotation.equation.Equations'>
            <val val="{ &quot;mp := #computeSimple(org.locationtech.jts.geom.Geometry)#0 &amp; #isSimple(org.locationtech.jts.geom.MultiPoint)#0&quot; }"/>
        </annotation>
    </item>
    <item name='org.locationtech.jts.operation.IsSimpleOp boolean isSimplePolygonal(org.locationtech.jts.geom.Geometry)'>
        <annotation name='com.intellij.inspections.tainted.annotation.equation.Equations'>
            <val val="{ &quot;geom := #computeSimple(org.locationtech.jts.geom.Geometry)#0&quot; }"/>
        </annotation>
    </item>
    <item name='org.locationtech.jts.operation.IsSimpleOp org.locationtech.jts.geom.Coordinate getNonSimpleLocation()'>
        <annotation name='com.intellij.inspections.tainted.annotation.equation.Equations'>
            <val val="{ &quot;getNonSimpleLocation := IsSimpleOp&quot; }"/>
        </annotation>
    </item>
    <item name='org.locationtech.jts.operation.IsSimpleOp void addEndpoint(java.util.Map, org.locationtech.jts.geom.Coordinate, boolean)'>
        <annotation name='com.intellij.inspections.tainted.annotation.equation.Equations'>
            <val val="{ &quot;p := &quot;, &quot;isClosed := &quot;, &quot;endPoints := &quot; }"/>
        </annotation>
    </item>
    <item name='org.locationtech.jts.operation.IsSimpleOp.EndpointInfo'>
        <annotation name='com.intellij.inspections.tainted.annotation.equation.Equations'>
            <val val="{ &quot;EndpointInfo := #EndpointInfo(org.locationtech.jts.geom.Coordinate)#0 &amp; #addEndpoint(boolean)#0&quot; }"/>
        </annotation>
    </item>
    <item name='org.locationtech.jts.operation.IsSimpleOp.EndpointInfo EndpointInfo(org.locationtech.jts.geom.Coordinate)'>
        <annotation name='com.intellij.inspections.tainted.annotation.equation.Equations'>
            <val val="{ &quot;EndpointInfo := IsSimpleOp.EndpointInfo&quot;, &quot;pt := IsSimpleOp#addEndpoint(java.util.Map, org.locationtech.jts.geom.Coordinate, boolean)#1&quot; }"/>
        </annotation>
    </item>
    <item name='org.locationtech.jts.operation.IsSimpleOp.EndpointInfo org.locationtech.jts.geom.Coordinate getCoordinate()'>
        <annotation name='com.intellij.inspections.tainted.annotation.equation.Equations'>
            <val val="{ &quot;getCoordinate := IsSimpleOp.EndpointInfo&quot; }"/>
        </annotation>
    </item>
    <item name='org.locationtech.jts.operation.IsSimpleOp.EndpointInfo void addEndpoint(boolean)'>
        <annotation name='com.intellij.inspections.tainted.annotation.equation.Equations'>
            <val val="{ &quot;isClosed := IsSimpleOp#addEndpoint(java.util.Map, org.locationtech.jts.geom.Coordinate, boolean)#2&quot; }"/>
        </annotation>
    </item>
</root>