<root>
    <item name='DisabledEventPublishingServiceImpl'>
        <annotation name='com.intellij.inspections.tainted.annotation.equation.Equations'>
            <val val="{ &quot;DisabledEventPublishingServiceImpl := &quot; }"/>
        </annotation>
    </item>
    <item name='DisabledEventPublishingServiceImpl DisabledEventPublishingServiceImpl()'>
        <annotation name='com.intellij.inspections.tainted.annotation.equation.Equations'>
            <val val="{ &quot;DisabledEventPublishingServiceImpl := DisabledEventPublishingServiceImpl&quot; }"/>
        </annotation>
    </item>
    <item name='EventPublishingServiceImpl'>
        <annotation name='com.intellij.inspections.tainted.annotation.equation.Equations'>
            <val val="{ &quot;EventPublishingServiceImpl := #injectServices(ServiceRegistryImplementor)#0&quot; }"/>
        </annotation>
    </item>
</root>