<root>
    <item name='com.sun.org.apache.xml.internal.security.encryption.AbstractSerializer'>
        <annotation name='com.intellij.inspections.tainted.annotation.equation.Equations'>
            <val val="{ &quot;AbstractSerializer := #setCanonicalizer(com.sun.org.apache.xml.internal.security.c14n.Canonicalizer)#0&quot; }"/>
        </annotation>
    </item>
    <item name='com.sun.org.apache.xml.internal.security.encryption.AbstractSerializer byte[] canonSerializeToByteArray(org.w3c.dom.Node)'>
        <annotation name='com.intellij.inspections.tainted.annotation.equation.Equations'>
            <val val="{ &quot;node := #serializeToByteArray(org.w3c.dom.Element)#0&quot; }"/>
        </annotation>
    </item>
    <item name='com.sun.org.apache.xml.internal.security.encryption.AbstractSerializer byte[] createContext(byte[], org.w3c.dom.Node)'>
        <annotation name='com.intellij.inspections.tainted.annotation.equation.Equations'>
            <val val="{ &quot;source := DocumentSerializer#deserialize(byte[], org.w3c.dom.Node)#0&quot;, &quot;ctx := DocumentSerializer#deserialize(byte[], org.w3c.dom.Node)#1&quot; }"/>
        </annotation>
    </item>
    <item name='com.sun.org.apache.xml.internal.security.encryption.AbstractSerializer java.lang.String canonSerialize(org.w3c.dom.Node)'>
        <annotation name='com.intellij.inspections.tainted.annotation.equation.Equations'>
            <val val="{ &quot;node := #serialize(org.w3c.dom.Element)#0&quot; }"/>
        </annotation>
    </item>
    <item name='com.sun.org.apache.xml.internal.security.encryption.AbstractSerializer java.lang.String createContext(java.lang.String, org.w3c.dom.Node)'>
        <annotation name='com.intellij.inspections.tainted.annotation.equation.Equations'>
            <val val="{ &quot;ctx := DocumentSerializer#deserialize(java.lang.String, org.w3c.dom.Node)#1&quot;, &quot;source := DocumentSerializer#deserialize(java.lang.String, org.w3c.dom.Node)#0&quot; }"/>
        </annotation>
    </item>
    <item name='com.sun.org.apache.xml.internal.security.encryption.AbstractSerializer org.w3c.dom.Node deserialize(byte[], org.w3c.dom.Node)'>
        <annotation name='com.intellij.inspections.tainted.annotation.equation.Equations'>
            <val val="{ &quot;source := DocumentSerializer#deserialize(byte[], org.w3c.dom.Node)#0&quot;, &quot;ctx := DocumentSerializer#deserialize(byte[], org.w3c.dom.Node)#1&quot;, &quot;deserialize := DocumentSerializer#deserialize(byte[], org.w3c.dom.Node)&quot; }"/>
        </annotation>
    </item>
    <item name='com.sun.org.apache.xml.internal.security.encryption.AbstractSerializer org.w3c.dom.Node deserialize(java.lang.String, org.w3c.dom.Node)'>
        <annotation name='com.intellij.inspections.tainted.annotation.equation.Equations'>
            <val val="{ &quot;ctx := DocumentSerializer#deserialize(java.lang.String, org.w3c.dom.Node)#1&quot;, &quot;source := DocumentSerializer#deserialize(java.lang.String, org.w3c.dom.Node)#0&quot;, &quot;deserialize := DocumentSerializer#deserialize(java.lang.String, org.w3c.dom.Node)&quot; }"/>
        </annotation>
    </item>
    <item name='com.sun.org.apache.xml.internal.security.encryption.AgreementMethod byte[] getKANonce()'>
        <annotation name='com.intellij.inspections.tainted.annotation.equation.Equations'>
            <val val="{ &quot;getKANonce := XMLCipher.Factory.AgreementMethodImpl#getKANonce()&quot; }"/>
        </annotation>
    </item>
    <item name='com.sun.org.apache.xml.internal.security.encryption.AgreementMethod com.sun.org.apache.xml.internal.security.keys.KeyInfo getOriginatorKeyInfo()'>
        <annotation name='com.intellij.inspections.tainted.annotation.equation.Equations'>
            <val val="{ &quot;getOriginatorKeyInfo := XMLCipher.Factory.AgreementMethodImpl#getOriginatorKeyInfo()&quot; }"/>
        </annotation>
    </item>
    <item name='com.sun.org.apache.xml.internal.security.encryption.AgreementMethod com.sun.org.apache.xml.internal.security.keys.KeyInfo getRecipientKeyInfo()'>
        <annotation name='com.intellij.inspections.tainted.annotation.equation.Equations'>
            <val val="{ &quot;getRecipientKeyInfo := XMLCipher.Factory.AgreementMethodImpl#getRecipientKeyInfo()&quot; }"/>
        </annotation>
    </item>
    <item name='com.sun.org.apache.xml.internal.security.encryption.AgreementMethod java.lang.String getAlgorithm()'>
        <annotation name='com.intellij.inspections.tainted.annotation.equation.Equations'>
            <val val="{ &quot;getAlgorithm := XMLCipher.Factory.AgreementMethodImpl#getAlgorithm()&quot; }"/>
        </annotation>
    </item>
    <item name='com.sun.org.apache.xml.internal.security.encryption.AgreementMethod java.util.Iterator&lt;org.w3c.dom.Element&gt; getAgreementMethodInformation()'>
        <annotation name='com.intellij.inspections.tainted.annotation.equation.Equations'>
            <val val="{ &quot;getAgreementMethodInformation := XMLCipher.Factory.AgreementMethodImpl#getAgreementMethodInformation()&quot; }"/>
        </annotation>
    </item>
    <item name='com.sun.org.apache.xml.internal.security.encryption.AgreementMethod void addAgreementMethodInformation(org.w3c.dom.Element)'>
        <annotation name='com.intellij.inspections.tainted.annotation.equation.Equations'>
            <val val="{ &quot;info := XMLCipher.Factory.AgreementMethodImpl#addAgreementMethodInformation(org.w3c.dom.Element)#0&quot; }"/>
        </annotation>
    </item>
    <item name='com.sun.org.apache.xml.internal.security.encryption.AgreementMethod void revoveAgreementMethodInformation(org.w3c.dom.Element)'>
        <annotation name='com.intellij.inspections.tainted.annotation.equation.Equations'>
            <val val="{ &quot;info := XMLCipher.Factory.AgreementMethodImpl#revoveAgreementMethodInformation(org.w3c.dom.Element)#0&quot; }"/>
        </annotation>
    </item>
    <item name='com.sun.org.apache.xml.internal.security.encryption.AgreementMethod void setKANonce(byte[])'>
        <annotation name='com.intellij.inspections.tainted.annotation.equation.Equations'>
            <val val="{ &quot;kanonce := XMLCipher.Factory.AgreementMethodImpl#setKANonce(byte[])#0&quot; }"/>
        </annotation>
    </item>
    <item name='com.sun.org.apache.xml.internal.security.encryption.AgreementMethod void setOriginatorKeyInfo(com.sun.org.apache.xml.internal.security.keys.KeyInfo)'>
        <annotation name='com.intellij.inspections.tainted.annotation.equation.Equations'>
            <val val="{ &quot;keyInfo := XMLCipher.Factory.AgreementMethodImpl#setOriginatorKeyInfo(com.sun.org.apache.xml.internal.security.keys.KeyInfo)#0&quot; }"/>
        </annotation>
    </item>
    <item name='com.sun.org.apache.xml.internal.security.encryption.AgreementMethod void setRecipientKeyInfo(com.sun.org.apache.xml.internal.security.keys.KeyInfo)'>
        <annotation name='com.intellij.inspections.tainted.annotation.equation.Equations'>
            <val val="{ &quot;keyInfo := XMLCipher.Factory.AgreementMethodImpl#setRecipientKeyInfo(com.sun.org.apache.xml.internal.security.keys.KeyInfo)#0&quot; }"/>
        </annotation>
    </item>
    <item name='com.sun.org.apache.xml.internal.security.encryption.CipherData com.sun.org.apache.xml.internal.security.encryption.CipherReference getCipherReference()'>
        <annotation name='com.intellij.inspections.tainted.annotation.equation.Equations'>
            <val val="{ &quot;getCipherReference := XMLCipher.Factory.CipherDataImpl#getCipherReference()&quot; }"/>
        </annotation>
    </item>
    <item name='com.sun.org.apache.xml.internal.security.encryption.CipherData com.sun.org.apache.xml.internal.security.encryption.CipherValue getCipherValue()'>
        <annotation name='com.intellij.inspections.tainted.annotation.equation.Equations'>
            <val val="{ &quot;getCipherValue := XMLCipher.Factory.CipherDataImpl#getCipherValue()&quot; }"/>
        </annotation>
    </item>
    <item name='com.sun.org.apache.xml.internal.security.encryption.CipherData int getDataType()'>
        <annotation name='com.intellij.inspections.tainted.annotation.equation.Equations'>
            <val val="{ &quot;getDataType := XMLCipher.Factory.CipherDataImpl#getDataType()&quot; }"/>
        </annotation>
    </item>
    <item name='com.sun.org.apache.xml.internal.security.encryption.CipherData void setCipherReference(com.sun.org.apache.xml.internal.security.encryption.CipherReference)'>
        <annotation name='com.intellij.inspections.tainted.annotation.equation.Equations'>
            <val val="{ &quot;reference := XMLCipher.Factory.CipherDataImpl#setCipherReference(com.sun.org.apache.xml.internal.security.encryption.CipherReference)#0&quot; }"/>
        </annotation>
    </item>
    <item name='com.sun.org.apache.xml.internal.security.encryption.CipherData void setCipherValue(com.sun.org.apache.xml.internal.security.encryption.CipherValue)'>
        <annotation name='com.intellij.inspections.tainted.annotation.equation.Equations'>
            <val val="{ &quot;value := XMLCipher.Factory.CipherDataImpl#setCipherValue(com.sun.org.apache.xml.internal.security.encryption.CipherValue)#0&quot; }"/>
        </annotation>
    </item>
    <item name='com.sun.org.apache.xml.internal.security.encryption.CipherReference com.sun.org.apache.xml.internal.security.encryption.Transforms getTransforms()'>
        <annotation name='com.intellij.inspections.tainted.annotation.equation.Equations'>
            <val val="{ &quot;getTransforms := XMLCipher.Factory.CipherReferenceImpl#getTransforms()&quot; }"/>
        </annotation>
    </item>
    <item name='com.sun.org.apache.xml.internal.security.encryption.CipherReference java.lang.String getURI()'>
        <annotation name='com.intellij.inspections.tainted.annotation.equation.Equations'>
            <val val="{ &quot;getURI := XMLCipher.Factory.CipherReferenceImpl#getURI()&quot; }"/>
        </annotation>
    </item>
    <item name='com.sun.org.apache.xml.internal.security.encryption.CipherReference org.w3c.dom.Attr getURIAsAttr()'>
        <annotation name='com.intellij.inspections.tainted.annotation.equation.Equations'>
            <val val="{ &quot;getURIAsAttr := XMLCipher.Factory.CipherReferenceImpl#getURIAsAttr()&quot; }"/>
        </annotation>
    </item>
    <item name='com.sun.org.apache.xml.internal.security.encryption.CipherReference void setTransforms(com.sun.org.apache.xml.internal.security.encryption.Transforms)'>
        <annotation name='com.intellij.inspections.tainted.annotation.equation.Equations'>
            <val val="{ &quot;transforms := XMLCipher.Factory.CipherReferenceImpl#setTransforms(com.sun.org.apache.xml.internal.security.encryption.Transforms)#0&quot; }"/>
        </annotation>
    </item>
    <item name='com.sun.org.apache.xml.internal.security.encryption.CipherValue java.lang.String getValue()'>
        <annotation name='com.intellij.inspections.tainted.annotation.equation.Equations'>
            <val val="{ &quot;getValue := XMLCipher.Factory.CipherValueImpl#getValue()&quot; }"/>
        </annotation>
    </item>
    <item name='com.sun.org.apache.xml.internal.security.encryption.CipherValue void setValue(java.lang.String)'>
        <annotation name='com.intellij.inspections.tainted.annotation.equation.Equations'>
            <val val="{ &quot;value := XMLCipher.Factory.CipherValueImpl#setValue(java.lang.String)#0&quot; }"/>
        </annotation>
    </item>
    <item name='com.sun.org.apache.xml.internal.security.encryption.DocumentSerializer org.w3c.dom.Node deserialize(org.w3c.dom.Node, org.xml.sax.InputSource)'>
        <annotation name='com.intellij.inspections.tainted.annotation.equation.Equations'>
            <val val="{ &quot;ctx := #deserialize(byte[], org.w3c.dom.Node)#1 &amp; #deserialize(java.lang.String, org.w3c.dom.Node)#1&quot; }"/>
        </annotation>
    </item>
    <item name='com.sun.org.apache.xml.internal.security.encryption.EncryptedKey com.sun.org.apache.xml.internal.security.encryption.ReferenceList getReferenceList()'>
        <annotation name='com.intellij.inspections.tainted.annotation.equation.Equations'>
            <val val="{ &quot;getReferenceList := XMLCipher.Factory.EncryptedKeyImpl#getReferenceList()&quot; }"/>
        </annotation>
    </item>
    <item name='com.sun.org.apache.xml.internal.security.encryption.EncryptedKey java.lang.String getCarriedName()'>
        <annotation name='com.intellij.inspections.tainted.annotation.equation.Equations'>
            <val val="{ &quot;getCarriedName := XMLCipher.Factory.EncryptedKeyImpl#getCarriedName()&quot; }"/>
        </annotation>
    </item>
    <item name='com.sun.org.apache.xml.internal.security.encryption.EncryptedKey java.lang.String getRecipient()'>
        <annotation name='com.intellij.inspections.tainted.annotation.equation.Equations'>
            <val val="{ &quot;getRecipient := XMLCipher.Factory.EncryptedKeyImpl#getRecipient()&quot; }"/>
        </annotation>
    </item>
    <item name='com.sun.org.apache.xml.internal.security.encryption.EncryptedKey void setCarriedName(java.lang.String)'>
        <annotation name='com.intellij.inspections.tainted.annotation.equation.Equations'>
            <val val="{ &quot;name := XMLCipher.Factory.EncryptedKeyImpl#setCarriedName(java.lang.String)#0&quot; }"/>
        </annotation>
    </item>
    <item name='com.sun.org.apache.xml.internal.security.encryption.EncryptedKey void setRecipient(java.lang.String)'>
        <annotation name='com.intellij.inspections.tainted.annotation.equation.Equations'>
            <val val="{ &quot;recipient := XMLCipher.Factory.EncryptedKeyImpl#setRecipient(java.lang.String)#0&quot; }"/>
        </annotation>
    </item>
    <item name='com.sun.org.apache.xml.internal.security.encryption.EncryptedKey void setReferenceList(com.sun.org.apache.xml.internal.security.encryption.ReferenceList)'>
        <annotation name='com.intellij.inspections.tainted.annotation.equation.Equations'>
            <val val="{ &quot;list := XMLCipher.Factory.EncryptedKeyImpl#setReferenceList(com.sun.org.apache.xml.internal.security.encryption.ReferenceList)#0&quot; }"/>
        </annotation>
    </item>
    <item name='com.sun.org.apache.xml.internal.security.encryption.EncryptionMethod byte[] getOAEPparams()'>
        <annotation name='com.intellij.inspections.tainted.annotation.equation.Equations'>
            <val val="{ &quot;getOAEPparams := XMLCipher.Factory.EncryptionMethodImpl#getOAEPparams()&quot; }"/>
        </annotation>
    </item>
    <item name='com.sun.org.apache.xml.internal.security.encryption.EncryptionMethod int getKeySize()'>
        <annotation name='com.intellij.inspections.tainted.annotation.equation.Equations'>
            <val val="{ &quot;getKeySize := XMLCipher.Factory.EncryptionMethodImpl#getKeySize()&quot; }"/>
        </annotation>
    </item>
    <item name='com.sun.org.apache.xml.internal.security.encryption.EncryptionMethod java.lang.String getAlgorithm()'>
        <annotation name='com.intellij.inspections.tainted.annotation.equation.Equations'>
            <val val="{ &quot;getAlgorithm := XMLCipher.Factory.EncryptionMethodImpl#getAlgorithm()&quot; }"/>
        </annotation>
    </item>
    <item name='com.sun.org.apache.xml.internal.security.encryption.EncryptionMethod java.lang.String getDigestAlgorithm()'>
        <annotation name='com.intellij.inspections.tainted.annotation.equation.Equations'>
            <val val="{ &quot;getDigestAlgorithm := XMLCipher.Factory.EncryptionMethodImpl#getDigestAlgorithm()&quot; }"/>
        </annotation>
    </item>
    <item name='com.sun.org.apache.xml.internal.security.encryption.EncryptionMethod java.lang.String getMGFAlgorithm()'>
        <annotation name='com.intellij.inspections.tainted.annotation.equation.Equations'>
            <val val="{ &quot;getMGFAlgorithm := XMLCipher.Factory.EncryptionMethodImpl#getMGFAlgorithm()&quot; }"/>
        </annotation>
    </item>
    <item name='com.sun.org.apache.xml.internal.security.encryption.EncryptionMethod java.util.Iterator&lt;org.w3c.dom.Element&gt; getEncryptionMethodInformation()'>
        <annotation name='com.intellij.inspections.tainted.annotation.equation.Equations'>
            <val val="{ &quot;getEncryptionMethodInformation := XMLCipher.Factory.EncryptionMethodImpl#getEncryptionMethodInformation()&quot; }"/>
        </annotation>
    </item>
    <item name='com.sun.org.apache.xml.internal.security.encryption.EncryptionMethod void addEncryptionMethodInformation(org.w3c.dom.Element)'>
        <annotation name='com.intellij.inspections.tainted.annotation.equation.Equations'>
            <val val="{ &quot;information := XMLCipher.Factory.EncryptionMethodImpl#addEncryptionMethodInformation(org.w3c.dom.Element)#0&quot; }"/>
        </annotation>
    </item>
    <item name='com.sun.org.apache.xml.internal.security.encryption.EncryptionMethod void removeEncryptionMethodInformation(org.w3c.dom.Element)'>
        <annotation name='com.intellij.inspections.tainted.annotation.equation.Equations'>
            <val val="{ &quot;information := XMLCipher.Factory.EncryptionMethodImpl#removeEncryptionMethodInformation(org.w3c.dom.Element)#0&quot; }"/>
        </annotation>
    </item>
    <item name='com.sun.org.apache.xml.internal.security.encryption.EncryptionMethod void setDigestAlgorithm(java.lang.String)'>
        <annotation name='com.intellij.inspections.tainted.annotation.equation.Equations'>
            <val val="{ &quot;digestAlgorithm := XMLCipher &amp; XMLCipher.Factory.EncryptionMethodImpl#setDigestAlgorithm(java.lang.String)#0&quot; }"/>
        </annotation>
    </item>
    <item name='com.sun.org.apache.xml.internal.security.encryption.EncryptionMethod void setKeySize(int)'>
        <annotation name='com.intellij.inspections.tainted.annotation.equation.Equations'>
            <val val="{ &quot;size := XMLCipher.Factory.EncryptionMethodImpl#setKeySize(int)#0&quot; }"/>
        </annotation>
    </item>
    <item name='com.sun.org.apache.xml.internal.security.encryption.EncryptionMethod void setMGFAlgorithm(java.lang.String)'>
        <annotation name='com.intellij.inspections.tainted.annotation.equation.Equations'>
            <val val="{ &quot;mgfAlgorithm := XMLCipher#encryptKey(org.w3c.dom.Document, java.security.Key, java.lang.String, byte[])#2 &amp; XMLCipher.Factory.EncryptionMethodImpl#setMGFAlgorithm(java.lang.String)#0&quot; }"/>
        </annotation>
    </item>
    <item name='com.sun.org.apache.xml.internal.security.encryption.EncryptionMethod void setOAEPparams(byte[])'>
        <annotation name='com.intellij.inspections.tainted.annotation.equation.Equations'>
            <val val="{ &quot;parameters := XMLCipher.Factory.EncryptionMethodImpl#setOAEPparams(byte[])#0&quot; }"/>
        </annotation>
    </item>
    <item name='com.sun.org.apache.xml.internal.security.encryption.EncryptionProperties java.lang.String getId()'>
        <annotation name='com.intellij.inspections.tainted.annotation.equation.Equations'>
            <val val="{ &quot;getId := XMLCipher.Factory.EncryptionPropertiesImpl#getId()&quot; }"/>
        </annotation>
    </item>
    <item name='com.sun.org.apache.xml.internal.security.encryption.EncryptionProperties java.util.Iterator&lt;com.sun.org.apache.xml.internal.security.encryption.EncryptionProperty&gt; getEncryptionProperties()'>
        <annotation name='com.intellij.inspections.tainted.annotation.equation.Equations'>
            <val val="{ &quot;getEncryptionProperties := XMLCipher.Factory.EncryptionPropertiesImpl#getEncryptionProperties()&quot; }"/>
        </annotation>
    </item>
    <item name='com.sun.org.apache.xml.internal.security.encryption.EncryptionProperties void addEncryptionProperty(com.sun.org.apache.xml.internal.security.encryption.EncryptionProperty)'>
        <annotation name='com.intellij.inspections.tainted.annotation.equation.Equations'>
            <val val="{ &quot;property := XMLCipher.Factory.EncryptionPropertiesImpl#addEncryptionProperty(com.sun.org.apache.xml.internal.security.encryption.EncryptionProperty)#0&quot; }"/>
        </annotation>
    </item>
    <item name='com.sun.org.apache.xml.internal.security.encryption.EncryptionProperties void removeEncryptionProperty(com.sun.org.apache.xml.internal.security.encryption.EncryptionProperty)'>
        <annotation name='com.intellij.inspections.tainted.annotation.equation.Equations'>
            <val val="{ &quot;property := XMLCipher.Factory.EncryptionPropertiesImpl#removeEncryptionProperty(com.sun.org.apache.xml.internal.security.encryption.EncryptionProperty)#0&quot; }"/>
        </annotation>
    </item>
    <item name='com.sun.org.apache.xml.internal.security.encryption.EncryptionProperties void setId(java.lang.String)'>
        <annotation name='com.intellij.inspections.tainted.annotation.equation.Equations'>
            <val val="{ &quot;id := XMLCipher.Factory.EncryptionPropertiesImpl#setId(java.lang.String)#0&quot; }"/>
        </annotation>
    </item>
    <item name='com.sun.org.apache.xml.internal.security.encryption.EncryptionProperty java.lang.String getAttribute(java.lang.String)'>
        <annotation name='com.intellij.inspections.tainted.annotation.equation.Equations'>
            <val val="{ &quot;getAttribute := XMLCipher.Factory.EncryptionPropertyImpl#getAttribute(java.lang.String)&quot;, &quot;attribute := XMLCipher.Factory.EncryptionPropertyImpl#getAttribute(java.lang.String)#0&quot; }"/>
        </annotation>
    </item>
    <item name='com.sun.org.apache.xml.internal.security.encryption.EncryptionProperty java.lang.String getId()'>
        <annotation name='com.intellij.inspections.tainted.annotation.equation.Equations'>
            <val val="{ &quot;getId := XMLCipher.Factory.EncryptionPropertyImpl#getId()&quot; }"/>
        </annotation>
    </item>
    <item name='com.sun.org.apache.xml.internal.security.encryption.EncryptionProperty java.lang.String getTarget()'>
        <annotation name='com.intellij.inspections.tainted.annotation.equation.Equations'>
            <val val="{ &quot;getTarget := XMLCipher.Factory.EncryptionPropertyImpl#getTarget()&quot; }"/>
        </annotation>
    </item>
    <item name='com.sun.org.apache.xml.internal.security.encryption.EncryptionProperty java.util.Iterator&lt;org.w3c.dom.Element&gt; getEncryptionInformation()'>
        <annotation name='com.intellij.inspections.tainted.annotation.equation.Equations'>
            <val val="{ &quot;getEncryptionInformation := XMLCipher.Factory.EncryptionPropertyImpl#getEncryptionInformation()&quot; }"/>
        </annotation>
    </item>
    <item name='com.sun.org.apache.xml.internal.security.encryption.EncryptionProperty void addEncryptionInformation(org.w3c.dom.Element)'>
        <annotation name='com.intellij.inspections.tainted.annotation.equation.Equations'>
            <val val="{ &quot;information := XMLCipher.Factory.EncryptionPropertyImpl#addEncryptionInformation(org.w3c.dom.Element)#0&quot; }"/>
        </annotation>
    </item>
    <item name='com.sun.org.apache.xml.internal.security.encryption.EncryptionProperty void removeEncryptionInformation(org.w3c.dom.Element)'>
        <annotation name='com.intellij.inspections.tainted.annotation.equation.Equations'>
            <val val="{ &quot;information := XMLCipher.Factory.EncryptionPropertyImpl#removeEncryptionInformation(org.w3c.dom.Element)#0&quot; }"/>
        </annotation>
    </item>
    <item name='com.sun.org.apache.xml.internal.security.encryption.EncryptionProperty void setAttribute(java.lang.String, java.lang.String)'>
        <annotation name='com.intellij.inspections.tainted.annotation.equation.Equations'>
            <val val="{ &quot;value := XMLCipher.Factory.EncryptionPropertyImpl#setAttribute(java.lang.String, java.lang.String)#1&quot;, &quot;attribute := XMLCipher.Factory.EncryptionPropertyImpl#setAttribute(java.lang.String, java.lang.String)#0&quot; }"/>
        </annotation>
    </item>
    <item name='com.sun.org.apache.xml.internal.security.encryption.EncryptionProperty void setId(java.lang.String)'>
        <annotation name='com.intellij.inspections.tainted.annotation.equation.Equations'>
            <val val="{ &quot;id := XMLCipher.Factory.EncryptionPropertyImpl#setId(java.lang.String)#0&quot; }"/>
        </annotation>
    </item>
    <item name='com.sun.org.apache.xml.internal.security.encryption.EncryptionProperty void setTarget(java.lang.String)'>
        <annotation name='com.intellij.inspections.tainted.annotation.equation.Equations'>
            <val val="{ &quot;target := XMLCipher.Factory.EncryptionPropertyImpl#setTarget(java.lang.String)#0&quot; }"/>
        </annotation>
    </item>
    <item name='com.sun.org.apache.xml.internal.security.encryption.Reference java.lang.String getType()'>
        <annotation name='com.intellij.inspections.tainted.annotation.equation.Equations'>
            <val val="{ &quot;getType := XMLCipher.Factory.ReferenceListImpl.ReferenceImpl#getType()&quot; }"/>
        </annotation>
    </item>
    <item name='com.sun.org.apache.xml.internal.security.encryption.Reference java.lang.String getURI()'>
        <annotation name='com.intellij.inspections.tainted.annotation.equation.Equations'>
            <val val="{ &quot;getURI := XMLCipher.Factory.ReferenceListImpl.ReferenceImpl#getURI()&quot; }"/>
        </annotation>
    </item>
    <item name='com.sun.org.apache.xml.internal.security.encryption.Reference java.util.Iterator&lt;org.w3c.dom.Element&gt; getElementRetrievalInformation()'>
        <annotation name='com.intellij.inspections.tainted.annotation.equation.Equations'>
            <val val="{ &quot;getElementRetrievalInformation := XMLCipher.Factory.ReferenceListImpl.ReferenceImpl#getElementRetrievalInformation()&quot; }"/>
        </annotation>
    </item>
    <item name='com.sun.org.apache.xml.internal.security.encryption.Reference void addElementRetrievalInformation(org.w3c.dom.Element)'>
        <annotation name='com.intellij.inspections.tainted.annotation.equation.Equations'>
            <val val="{ &quot;info := XMLCipher.Factory.ReferenceListImpl.ReferenceImpl#addElementRetrievalInformation(org.w3c.dom.Element)#0&quot; }"/>
        </annotation>
    </item>
    <item name='com.sun.org.apache.xml.internal.security.encryption.Reference void removeElementRetrievalInformation(org.w3c.dom.Element)'>
        <annotation name='com.intellij.inspections.tainted.annotation.equation.Equations'>
            <val val="{ &quot;info := XMLCipher.Factory.ReferenceListImpl.ReferenceImpl#removeElementRetrievalInformation(org.w3c.dom.Element)#0&quot; }"/>
        </annotation>
    </item>
    <item name='com.sun.org.apache.xml.internal.security.encryption.Reference void setURI(java.lang.String)'>
        <annotation name='com.intellij.inspections.tainted.annotation.equation.Equations'>
            <val val="{ &quot;uri := XMLCipher.Factory.ReferenceListImpl.ReferenceImpl#setURI(java.lang.String)#0&quot; }"/>
        </annotation>
    </item>
    <item name='com.sun.org.apache.xml.internal.security.encryption.ReferenceList com.sun.org.apache.xml.internal.security.encryption.Reference newDataReference(java.lang.String)'>
        <annotation name='com.intellij.inspections.tainted.annotation.equation.Equations'>
            <val val="{ &quot;newDataReference := XMLCipher.Factory.ReferenceListImpl#newDataReference(java.lang.String)&quot;, &quot;uri := XMLCipher.Factory.ReferenceListImpl#newDataReference(java.lang.String)#0&quot; }"/>
        </annotation>
    </item>
    <item name='com.sun.org.apache.xml.internal.security.encryption.ReferenceList com.sun.org.apache.xml.internal.security.encryption.Reference newKeyReference(java.lang.String)'>
        <annotation name='com.intellij.inspections.tainted.annotation.equation.Equations'>
            <val val="{ &quot;newKeyReference := XMLCipher.Factory.ReferenceListImpl#newKeyReference(java.lang.String)&quot;, &quot;uri := XMLCipher.Factory.ReferenceListImpl#newKeyReference(java.lang.String)#0&quot; }"/>
        </annotation>
    </item>
    <item name='com.sun.org.apache.xml.internal.security.encryption.ReferenceList int size()'>
        <annotation name='com.intellij.inspections.tainted.annotation.equation.Equations'>
            <val val="{ &quot;size := XMLCipher.Factory.ReferenceListImpl#size()&quot; }"/>
        </annotation>
    </item>
    <item name='com.sun.org.apache.xml.internal.security.encryption.ReferenceList java.util.Iterator&lt;com.sun.org.apache.xml.internal.security.encryption.Reference&gt; getReferences()'>
        <annotation name='com.intellij.inspections.tainted.annotation.equation.Equations'>
            <val val="{ &quot;getReferences := XMLCipher.Factory.ReferenceListImpl#getReferences()&quot; }"/>
        </annotation>
    </item>
    <item name='com.sun.org.apache.xml.internal.security.encryption.ReferenceList void add(com.sun.org.apache.xml.internal.security.encryption.Reference)'>
        <annotation name='com.intellij.inspections.tainted.annotation.equation.Equations'>
            <val val="{ &quot;reference := XMLCipher.Factory.ReferenceListImpl#add(com.sun.org.apache.xml.internal.security.encryption.Reference)#0&quot; }"/>
        </annotation>
    </item>
    <item name='com.sun.org.apache.xml.internal.security.encryption.ReferenceList void remove(com.sun.org.apache.xml.internal.security.encryption.Reference)'>
        <annotation name='com.intellij.inspections.tainted.annotation.equation.Equations'>
            <val val="{ &quot;reference := XMLCipher.Factory.ReferenceListImpl#remove(com.sun.org.apache.xml.internal.security.encryption.Reference)#0&quot; }"/>
        </annotation>
    </item>
    <item name='com.sun.org.apache.xml.internal.security.encryption.Serializer byte[] canonSerializeToByteArray(org.w3c.dom.Node)'>
        <annotation name='com.intellij.inspections.tainted.annotation.equation.Equations'>
            <val val="{ &quot;node := AbstractSerializer#canonSerializeToByteArray(org.w3c.dom.Node)#0&quot;, &quot;canonSerializeToByteArray := AbstractSerializer#canonSerializeToByteArray(org.w3c.dom.Node)&quot; }"/>
        </annotation>
    </item>
    <item name='com.sun.org.apache.xml.internal.security.encryption.Serializer byte[] serializeToByteArray(org.w3c.dom.Element)'>
        <annotation name='com.intellij.inspections.tainted.annotation.equation.Equations'>
            <val val="{ &quot;serializeToByteArray := AbstractSerializer#serializeToByteArray(org.w3c.dom.Element)&quot;, &quot;element := AbstractSerializer#serializeToByteArray(org.w3c.dom.Element)#0 &amp; XMLCipher#encryptData(org.w3c.dom.Document, org.w3c.dom.Element, java.lang.String, java.io.InputStream)#1&quot; }"/>
        </annotation>
    </item>
    <item name='com.sun.org.apache.xml.internal.security.encryption.Serializer byte[] serializeToByteArray(org.w3c.dom.NodeList)'>
        <annotation name='com.intellij.inspections.tainted.annotation.equation.Equations'>
            <val val="{ &quot;content := AbstractSerializer#serializeToByteArray(org.w3c.dom.NodeList)#0&quot;, &quot;serializeToByteArray := AbstractSerializer#serializeToByteArray(org.w3c.dom.NodeList)&quot; }"/>
        </annotation>
    </item>
    <item name='com.sun.org.apache.xml.internal.security.encryption.Serializer org.w3c.dom.Node deserialize(byte[], org.w3c.dom.Node)'>
        <annotation name='com.intellij.inspections.tainted.annotation.equation.Equations'>
            <val val="{ &quot;deserialize := AbstractSerializer#deserialize(byte[], org.w3c.dom.Node)&quot;, &quot;ctx := AbstractSerializer#deserialize(byte[], org.w3c.dom.Node)#1&quot;, &quot;source := AbstractSerializer#deserialize(byte[], org.w3c.dom.Node)#0&quot; }"/>
        </annotation>
    </item>
    <item name='com.sun.org.apache.xml.internal.security.encryption.Serializer void setCanonicalizer(com.sun.org.apache.xml.internal.security.c14n.Canonicalizer)'>
        <annotation name='com.intellij.inspections.tainted.annotation.equation.Equations'>
            <val val="{ &quot;canon := AbstractSerializer#setCanonicalizer(com.sun.org.apache.xml.internal.security.c14n.Canonicalizer)#0&quot; }"/>
        </annotation>
    </item>
    <item name='com.sun.org.apache.xml.internal.security.encryption.Transforms com.sun.org.apache.xml.internal.security.transforms.Transforms getDSTransforms()'>
        <annotation name='com.intellij.inspections.tainted.annotation.equation.Equations'>
            <val val="{ &quot;getDSTransforms := XMLCipher.Factory.TransformsImpl#getDSTransforms()&quot; }"/>
        </annotation>
    </item>
    <item name='com.sun.org.apache.xml.internal.security.encryption.XMLCipher'>
        <annotation name='com.intellij.inspections.tainted.annotation.equation.Equations'>
            <val val="{ &quot;XMLCipher := java.lang.Integer#MIN_VALUE &amp; #setSerializer(com.sun.org.apache.xml.internal.security.encryption.Serializer)#0 &amp; #setKEK(java.security.Key)#0&quot; }"/>
        </annotation>
    </item>
    <item name='com.sun.org.apache.xml.internal.security.encryption.XMLCipher XMLCipher(java.lang.String, java.lang.String, java.lang.String, java.lang.String)'>
        <annotation name='com.intellij.inspections.tainted.annotation.equation.Equations'>
            <val val="{ &quot;digestMethod := #getInstance(java.lang.String, java.lang.String, java.lang.String)#2 &amp; #getProviderInstance(java.lang.String, java.lang.String, java.lang.String, java.lang.String)#3&quot;, &quot;transformation := #getInstance(java.lang.String)#0 &amp; #getInstance(java.lang.String, java.lang.String)#0 &amp; #getInstance(java.lang.String, java.lang.String, java.lang.String)#0 &amp; #getProviderInstance(java.lang.String, java.lang.String)#0 &amp; #getProviderInstance(java.lang.String, java.lang.String, java.lang.String)#0 &amp; #getProviderInstance(java.lang.String, java.lang.String, java.lang.String, java.lang.String)#0&quot;, &quot;canonAlg := #getInstance(java.lang.String, java.lang.String)#1 &amp; #getInstance(java.lang.String, java.lang.String, java.lang.String)#1 &amp; #getProviderInstance(java.lang.String, java.lang.String, java.lang.String)#2 &amp; #getProviderInstance(java.lang.String, java.lang.String, java.lang.String, java.lang.String)#2&quot;, &quot;XMLCipher := XMLCipher&quot;, &quot;provider := #getProviderInstance(java.lang.String, java.lang.String)#1 &amp; #getProviderInstance(java.lang.String, java.lang.String, java.lang.String)#1 &amp; #getProviderInstance(java.lang.String, java.lang.String, java.lang.String, java.lang.String)#1 &amp; #getProviderInstance(java.lang.String)#0&quot; }"/>
        </annotation>
    </item>
    <item name='com.sun.org.apache.xml.internal.security.encryption.XMLCipher byte[] decryptToByteArray(org.w3c.dom.Element)'>
        <annotation name='com.intellij.inspections.tainted.annotation.equation.Equations'>
            <val val="{ &quot;element := #decryptElement(org.w3c.dom.Element)#0&quot; }"/>
        </annotation>
    </item>
    <item name='com.sun.org.apache.xml.internal.security.encryption.XMLCipher com.sun.org.apache.xml.internal.security.encryption.EncryptedData createEncryptedData(int, java.lang.String)'>
        <annotation name='com.intellij.inspections.tainted.annotation.equation.Equations'>
            <val val="{ &quot;type := CipherData#VALUE_TYPE&quot; }"/>
        </annotation>
    </item>
    <item name='com.sun.org.apache.xml.internal.security.encryption.XMLCipher com.sun.org.apache.xml.internal.security.encryption.EncryptedData encryptData(org.w3c.dom.Document, org.w3c.dom.Element, boolean)'>
        <annotation name='com.intellij.inspections.tainted.annotation.equation.Equations'>
            <val val="{ &quot;context := XMLCipher &amp; #encryptData(org.w3c.dom.Document, org.w3c.dom.Element)#0&quot;, &quot;element := #encryptElement(org.w3c.dom.Element)#0 &amp; #encryptElementContent(org.w3c.dom.Element)#0 &amp; #encryptData(org.w3c.dom.Document, org.w3c.dom.Element)#1&quot; }"/>
        </annotation>
    </item>
    <item name='com.sun.org.apache.xml.internal.security.encryption.XMLCipher com.sun.org.apache.xml.internal.security.encryption.EncryptedData encryptData(org.w3c.dom.Document, org.w3c.dom.Element, java.lang.String, java.io.InputStream)'>
        <annotation name='com.intellij.inspections.tainted.annotation.equation.Equations'>
            <val val="{ &quot;type := #encryptData(org.w3c.dom.Document, java.lang.String, java.io.InputStream)#1 &amp; com.sun.org.apache.xml.internal.security.utils.EncryptionConstants#TYPE_CONTENT &amp; com.sun.org.apache.xml.internal.security.utils.EncryptionConstants#TYPE_ELEMENT&quot;, &quot;encryptData := XMLCipher&quot;, &quot;element := #encryptData(org.w3c.dom.Document, org.w3c.dom.Element, boolean)#1&quot;, &quot;context := #encryptData(org.w3c.dom.Document, java.lang.String, java.io.InputStream)#0 &amp; #encryptData(org.w3c.dom.Document, org.w3c.dom.Element, boolean)#0&quot;, &quot;serializedData := #encryptData(org.w3c.dom.Document, java.lang.String, java.io.InputStream)#2&quot; }"/>
        </annotation>
    </item>
    <item name='com.sun.org.apache.xml.internal.security.encryption.XMLCipher com.sun.org.apache.xml.internal.security.encryption.EncryptedData getEncryptedData()'>
        <annotation name='com.intellij.inspections.tainted.annotation.equation.Equations'>
            <val val="{ &quot;getEncryptedData := XMLCipher&quot; }"/>
        </annotation>
    </item>
    <item name='com.sun.org.apache.xml.internal.security.encryption.XMLCipher com.sun.org.apache.xml.internal.security.encryption.EncryptedData loadEncryptedData(org.w3c.dom.Document, org.w3c.dom.Element)'>
        <annotation name='com.intellij.inspections.tainted.annotation.equation.Equations'>
            <val val="{ &quot;loadEncryptedData := XMLCipher&quot; }"/>
        </annotation>
    </item>
    <item name='com.sun.org.apache.xml.internal.security.encryption.XMLCipher com.sun.org.apache.xml.internal.security.encryption.EncryptedKey createEncryptedKey(int, java.lang.String)'>
        <annotation name='com.intellij.inspections.tainted.annotation.equation.Equations'>
            <val val="{ &quot;type := CipherData#VALUE_TYPE&quot; }"/>
        </annotation>
    </item>
    <item name='com.sun.org.apache.xml.internal.security.encryption.XMLCipher com.sun.org.apache.xml.internal.security.encryption.EncryptedKey encryptKey(org.w3c.dom.Document, java.security.Key, java.lang.String, byte[])'>
        <annotation name='com.intellij.inspections.tainted.annotation.equation.Equations'>
            <val val="{ &quot;key := #encryptKey(org.w3c.dom.Document, java.security.Key)#1&quot;, &quot;encryptKey := XMLCipher&quot;, &quot;doc := #encryptKey(org.w3c.dom.Document, java.security.Key)#0&quot; }"/>
        </annotation>
    </item>
    <item name='com.sun.org.apache.xml.internal.security.encryption.XMLCipher com.sun.org.apache.xml.internal.security.encryption.EncryptedKey getEncryptedKey()'>
        <annotation name='com.intellij.inspections.tainted.annotation.equation.Equations'>
            <val val="{ &quot;getEncryptedKey := XMLCipher&quot; }"/>
        </annotation>
    </item>
    <item name='com.sun.org.apache.xml.internal.security.encryption.XMLCipher com.sun.org.apache.xml.internal.security.encryption.EncryptedKey loadEncryptedKey(org.w3c.dom.Document, org.w3c.dom.Element)'>
        <annotation name='com.intellij.inspections.tainted.annotation.equation.Equations'>
            <val val="{ &quot;element := #loadEncryptedKey(org.w3c.dom.Element)#0&quot;, &quot;loadEncryptedKey := XMLCipher&quot; }"/>
        </annotation>
    </item>
    <item name='com.sun.org.apache.xml.internal.security.encryption.XMLCipher com.sun.org.apache.xml.internal.security.encryption.EncryptedKey loadEncryptedKey(org.w3c.dom.Element)'>
        <annotation name='com.intellij.inspections.tainted.annotation.equation.Equations'>
            <val val="{ &quot;element := com.sun.org.apache.xml.internal.security.keys.keyresolver.implementations.EncryptedKeyResolver#engineLookupAndResolveSecretKey(org.w3c.dom.Element, java.lang.String, com.sun.org.apache.xml.internal.security.keys.storage.StorageResolver)#0&quot; }"/>
        </annotation>
    </item>
    <item name='com.sun.org.apache.xml.internal.security.encryption.XMLCipher com.sun.org.apache.xml.internal.security.encryption.Serializer getSerializer()'>
        <annotation name='com.intellij.inspections.tainted.annotation.equation.Equations'>
            <val val="{ &quot;getSerializer := XMLCipher&quot; }"/>
        </annotation>
    </item>
    <item name='com.sun.org.apache.xml.internal.security.encryption.XMLCipher java.security.Key decryptKey(com.sun.org.apache.xml.internal.security.encryption.EncryptedKey, java.lang.String)'>
        <annotation name='com.intellij.inspections.tainted.annotation.equation.Equations'>
            <val val="{ &quot;encryptedKey := #decryptKey(com.sun.org.apache.xml.internal.security.encryption.EncryptedKey)#0&quot;, &quot;algorithm := com.sun.org.apache.xml.internal.security.keys.keyresolver.implementations.EncryptedKeyResolver&quot; }"/>
        </annotation>
    </item>
    <item name='com.sun.org.apache.xml.internal.security.encryption.XMLCipher javax.crypto.Cipher constructCipher(java.lang.String, java.lang.String)'>
        <annotation name='com.intellij.inspections.tainted.annotation.equation.Equations'>
            <val val="{ &quot;constructCipher := &quot; }"/>
        </annotation>
    </item>
    <item name='com.sun.org.apache.xml.internal.security.encryption.XMLCipher javax.crypto.spec.OAEPParameterSpec constructOAEPParameters(java.lang.String, java.lang.String, java.lang.String, byte[])'>
        <annotation name='com.intellij.inspections.tainted.annotation.equation.Equations'>
            <val val="{ &quot;constructOAEPParameters := &quot; }"/>
        </annotation>
    </item>
    <item name='com.sun.org.apache.xml.internal.security.encryption.XMLCipher org.w3c.dom.Document decryptElement(org.w3c.dom.Element)'>
        <annotation name='com.intellij.inspections.tainted.annotation.equation.Equations'>
            <val val="{ &quot;decryptElement := XMLCipher&quot;, &quot;element := #doFinal(org.w3c.dom.Document, org.w3c.dom.Element)#1 &amp; #doFinal(org.w3c.dom.Document, org.w3c.dom.Element, boolean)#1&quot; }"/>
        </annotation>
    </item>
    <item name='com.sun.org.apache.xml.internal.security.encryption.XMLCipher org.w3c.dom.Document decryptElementContent(org.w3c.dom.Element)'>
        <annotation name='com.intellij.inspections.tainted.annotation.equation.Equations'>
            <val val="{ &quot;element := #doFinal(org.w3c.dom.Document, org.w3c.dom.Element, boolean)#1&quot; }"/>
        </annotation>
    </item>
    <item name='com.sun.org.apache.xml.internal.security.encryption.XMLCipher org.w3c.dom.Document encryptElement(org.w3c.dom.Element)'>
        <annotation name='com.intellij.inspections.tainted.annotation.equation.Equations'>
            <val val="{ &quot;encryptElement := XMLCipher&quot;, &quot;element := #doFinal(org.w3c.dom.Document, org.w3c.dom.Element)#1 &amp; #doFinal(org.w3c.dom.Document, org.w3c.dom.Element, boolean)#1&quot; }"/>
        </annotation>
    </item>
    <item name='com.sun.org.apache.xml.internal.security.encryption.XMLCipher org.w3c.dom.Document encryptElementContent(org.w3c.dom.Element)'>
        <annotation name='com.intellij.inspections.tainted.annotation.equation.Equations'>
            <val val="{ &quot;encryptElementContent := XMLCipher&quot;, &quot;element := #doFinal(org.w3c.dom.Document, org.w3c.dom.Element, boolean)#1&quot; }"/>
        </annotation>
    </item>
    <item name='com.sun.org.apache.xml.internal.security.encryption.XMLCipher org.w3c.dom.Element martial(com.sun.org.apache.xml.internal.security.encryption.EncryptedKey)'>
        <annotation name='com.intellij.inspections.tainted.annotation.equation.Equations'>
            <val val="{ &quot;encryptedKey := com.sun.org.apache.xml.internal.security.keys.KeyInfo#add(com.sun.org.apache.xml.internal.security.encryption.EncryptedKey)#0&quot; }"/>
        </annotation>
    </item>
    <item name='com.sun.org.apache.xml.internal.security.encryption.XMLCipher void init(int, java.security.Key)'>
        <annotation name='com.intellij.inspections.tainted.annotation.equation.Equations'>
            <val val="{ &quot;key := com.sun.org.apache.xml.internal.security.keys.keyresolver.implementations.EncryptedKeyResolver&quot;, &quot;opmode := #UNWRAP_MODE&quot; }"/>
        </annotation>
    </item>
    <item name='com.sun.org.apache.xml.internal.security.encryption.XMLCipher void removeContent(org.w3c.dom.Node)'>
        <annotation name='com.intellij.inspections.tainted.annotation.equation.Equations'>
            <val val="{ &quot;node := #encryptElementContent(org.w3c.dom.Element)#0&quot; }"/>
        </annotation>
    </item>
    <item name='com.sun.org.apache.xml.internal.security.encryption.XMLCipher void validateTransformation(java.lang.String)'>
        <annotation name='com.intellij.inspections.tainted.annotation.equation.Equations'>
            <val val="{ &quot;transformation := #getInstance(java.lang.String)#0 &amp; #getInstance(java.lang.String, java.lang.String)#0 &amp; #getInstance(java.lang.String, java.lang.String, java.lang.String)#0 &amp; #getProviderInstance(java.lang.String, java.lang.String)#0 &amp; #getProviderInstance(java.lang.String, java.lang.String, java.lang.String)#0 &amp; #getProviderInstance(java.lang.String, java.lang.String, java.lang.String, java.lang.String)#0&quot; }"/>
        </annotation>
    </item>
    <item name='com.sun.org.apache.xml.internal.security.encryption.XMLCipher.Factory com.sun.org.apache.xml.internal.security.encryption.AgreementMethod newAgreementMethod(java.lang.String)'>
        <annotation name='com.intellij.inspections.tainted.annotation.equation.Equations'>
            <val val="{ &quot;algorithm := XMLCipher#createAgreementMethod(java.lang.String)#0&quot; }"/>
        </annotation>
    </item>
    <item name='com.sun.org.apache.xml.internal.security.encryption.XMLCipher.Factory com.sun.org.apache.xml.internal.security.encryption.CipherData newCipherData(int)'>
        <annotation name='com.intellij.inspections.tainted.annotation.equation.Equations'>
            <val val="{ &quot;type := XMLCipher#createEncryptedData(int, java.lang.String)#0 &amp; XMLCipher#createEncryptedKey(int, java.lang.String)#0 &amp; XMLCipher#createCipherData(int)#0 &amp; CipherData#VALUE_TYPE &amp; CipherData#REFERENCE_TYPE&quot; }"/>
        </annotation>
    </item>
    <item name='com.sun.org.apache.xml.internal.security.encryption.XMLCipher.Factory com.sun.org.apache.xml.internal.security.encryption.CipherReference newCipherReference(java.lang.String)'>
        <annotation name='com.intellij.inspections.tainted.annotation.equation.Equations'>
            <val val="{ &quot;uri := XMLCipher#createEncryptedData(int, java.lang.String)#1 &amp; XMLCipher#createEncryptedKey(int, java.lang.String)#1 &amp; XMLCipher#createCipherReference(java.lang.String)#0&quot; }"/>
        </annotation>
    </item>
    <item name='com.sun.org.apache.xml.internal.security.encryption.XMLCipher.Factory com.sun.org.apache.xml.internal.security.encryption.CipherValue newCipherValue(java.lang.String)'>
        <annotation name='com.intellij.inspections.tainted.annotation.equation.Equations'>
            <val val="{ &quot;value := XMLCipher#createEncryptedData(int, java.lang.String)#1 &amp; XMLCipher#createEncryptedKey(int, java.lang.String)#1 &amp; XMLCipher#createCipherValue(java.lang.String)#0&quot; }"/>
        </annotation>
    </item>
    <item name='com.sun.org.apache.xml.internal.security.encryption.XMLCipher.Factory com.sun.org.apache.xml.internal.security.encryption.EncryptedData newEncryptedData(org.w3c.dom.Element)'>
        <annotation name='com.intellij.inspections.tainted.annotation.equation.Equations'>
            <val val="{ &quot;element := XMLCipher#loadEncryptedData(org.w3c.dom.Document, org.w3c.dom.Element)#1 &amp; XMLCipher#decryptToByteArray(org.w3c.dom.Element)#0&quot; }"/>
        </annotation>
    </item>
    <item name='com.sun.org.apache.xml.internal.security.encryption.XMLCipher.Factory com.sun.org.apache.xml.internal.security.encryption.EncryptedKey newEncryptedKey(org.w3c.dom.Element)'>
        <annotation name='com.intellij.inspections.tainted.annotation.equation.Equations'>
            <val val="{ &quot;element := XMLCipher#loadEncryptedKey(org.w3c.dom.Document, org.w3c.dom.Element)#1&quot; }"/>
        </annotation>
    </item>
    <item name='com.sun.org.apache.xml.internal.security.encryption.XMLCipher.Factory com.sun.org.apache.xml.internal.security.encryption.EncryptionMethod newEncryptionMethod(java.lang.String)'>
        <annotation name='com.intellij.inspections.tainted.annotation.equation.Equations'>
            <val val="{ &quot;algorithm := XMLCipher#createEncryptionMethod(java.lang.String)#0&quot; }"/>
        </annotation>
    </item>
    <item name='com.sun.org.apache.xml.internal.security.encryption.XMLCipher.Factory com.sun.org.apache.xml.internal.security.encryption.ReferenceList newReferenceList(int)'>
        <annotation name='com.intellij.inspections.tainted.annotation.equation.Equations'>
            <val val="{ &quot;type := XMLCipher#createReferenceList(int)#0&quot; }"/>
        </annotation>
    </item>
    <item name='com.sun.org.apache.xml.internal.security.encryption.XMLCipher.Factory com.sun.org.apache.xml.internal.security.encryption.Transforms newTransforms(org.w3c.dom.Document)'>
        <annotation name='com.intellij.inspections.tainted.annotation.equation.Equations'>
            <val val="{ &quot;doc := XMLCipher#createTransforms(org.w3c.dom.Document)#0&quot; }"/>
        </annotation>
    </item>
    <item name='com.sun.org.apache.xml.internal.security.encryption.XMLCipher.Factory org.w3c.dom.Element toElement(com.sun.org.apache.xml.internal.security.encryption.EncryptedData)'>
        <annotation name='com.intellij.inspections.tainted.annotation.equation.Equations'>
            <val val="{ &quot;encryptedData := XMLCipher#martial(com.sun.org.apache.xml.internal.security.encryption.EncryptedData)#0 &amp; XMLCipher#martial(org.w3c.dom.Document, com.sun.org.apache.xml.internal.security.encryption.EncryptedData)#1 &amp; XMLCipher&quot; }"/>
        </annotation>
    </item>
    <item name='com.sun.org.apache.xml.internal.security.encryption.XMLCipher.Factory org.w3c.dom.Element toElement(com.sun.org.apache.xml.internal.security.encryption.EncryptedKey)'>
        <annotation name='com.intellij.inspections.tainted.annotation.equation.Equations'>
            <val val="{ &quot;encryptedKey := XMLCipher#martial(com.sun.org.apache.xml.internal.security.encryption.EncryptedKey)#0 &amp; XMLCipher#martial(org.w3c.dom.Document, com.sun.org.apache.xml.internal.security.encryption.EncryptedKey)#1&quot; }"/>
        </annotation>
    </item>
    <item name='com.sun.org.apache.xml.internal.security.encryption.XMLCipher.Factory org.w3c.dom.Element toElement(com.sun.org.apache.xml.internal.security.encryption.ReferenceList)'>
        <annotation name='com.intellij.inspections.tainted.annotation.equation.Equations'>
            <val val="{ &quot;referenceList := XMLCipher#martial(com.sun.org.apache.xml.internal.security.encryption.ReferenceList)#0 &amp; XMLCipher#martial(org.w3c.dom.Document, com.sun.org.apache.xml.internal.security.encryption.ReferenceList)#1&quot; }"/>
        </annotation>
    </item>
    <item name='com.sun.org.apache.xml.internal.security.encryption.XMLCipher.Factory.AgreementMethodImpl'>
        <annotation name='com.intellij.inspections.tainted.annotation.equation.Equations'>
            <val val="{ &quot;AgreementMethodImpl := #setKANonce(byte[])#0 &amp; #setOriginatorKeyInfo(com.sun.org.apache.xml.internal.security.keys.KeyInfo)#0 &amp; #setRecipientKeyInfo(com.sun.org.apache.xml.internal.security.keys.KeyInfo)#0&quot; }"/>
        </annotation>
    </item>
    <item name='com.sun.org.apache.xml.internal.security.encryption.XMLCipher.Factory.AgreementMethodImpl AgreementMethodImpl(java.lang.String)'>
        <annotation name='com.intellij.inspections.tainted.annotation.equation.Equations'>
            <val val="{ &quot;AgreementMethodImpl := XMLCipher.Factory.AgreementMethodImpl&quot;, &quot;algorithm := XMLCipher.Factory#newAgreementMethod(java.lang.String)#0&quot; }"/>
        </annotation>
    </item>
    <item name='com.sun.org.apache.xml.internal.security.encryption.XMLCipher.Factory.AgreementMethodImpl byte[] getKANonce()'>
        <annotation name='com.intellij.inspections.tainted.annotation.equation.Equations'>
            <val val="{ &quot;getKANonce := XMLCipher.Factory.AgreementMethodImpl&quot; }"/>
        </annotation>
    </item>
    <item name='com.sun.org.apache.xml.internal.security.encryption.XMLCipher.Factory.AgreementMethodImpl com.sun.org.apache.xml.internal.security.keys.KeyInfo getOriginatorKeyInfo()'>
        <annotation name='com.intellij.inspections.tainted.annotation.equation.Equations'>
            <val val="{ &quot;getOriginatorKeyInfo := XMLCipher.Factory.AgreementMethodImpl&quot; }"/>
        </annotation>
    </item>
    <item name='com.sun.org.apache.xml.internal.security.encryption.XMLCipher.Factory.AgreementMethodImpl com.sun.org.apache.xml.internal.security.keys.KeyInfo getRecipientKeyInfo()'>
        <annotation name='com.intellij.inspections.tainted.annotation.equation.Equations'>
            <val val="{ &quot;getRecipientKeyInfo := XMLCipher.Factory.AgreementMethodImpl&quot; }"/>
        </annotation>
    </item>
    <item name='com.sun.org.apache.xml.internal.security.encryption.XMLCipher.Factory.AgreementMethodImpl java.lang.String getAlgorithm()'>
        <annotation name='com.intellij.inspections.tainted.annotation.equation.Equations'>
            <val val="{ &quot;getAlgorithm := XMLCipher.Factory.AgreementMethodImpl&quot; }"/>
        </annotation>
    </item>
    <item name='com.sun.org.apache.xml.internal.security.encryption.XMLCipher.Factory.CipherDataImpl'>
        <annotation name='com.intellij.inspections.tainted.annotation.equation.Equations'>
            <val val="{ &quot;CipherDataImpl := java.lang.Integer#MIN_VALUE &amp; #setCipherValue(com.sun.org.apache.xml.internal.security.encryption.CipherValue)#0 &amp; #setCipherReference(com.sun.org.apache.xml.internal.security.encryption.CipherReference)#0&quot; }"/>
        </annotation>
    </item>
    <item name='com.sun.org.apache.xml.internal.security.encryption.XMLCipher.Factory.CipherDataImpl CipherDataImpl(int)'>
        <annotation name='com.intellij.inspections.tainted.annotation.equation.Equations'>
            <val val="{ &quot;CipherDataImpl := XMLCipher.Factory.CipherDataImpl&quot;, &quot;type := XMLCipher.Factory#newCipherData(int)#0&quot; }"/>
        </annotation>
    </item>
    <item name='com.sun.org.apache.xml.internal.security.encryption.XMLCipher.Factory.CipherDataImpl com.sun.org.apache.xml.internal.security.encryption.CipherReference getCipherReference()'>
        <annotation name='com.intellij.inspections.tainted.annotation.equation.Equations'>
            <val val="{ &quot;getCipherReference := XMLCipher.Factory.CipherDataImpl&quot; }"/>
        </annotation>
    </item>
    <item name='com.sun.org.apache.xml.internal.security.encryption.XMLCipher.Factory.CipherDataImpl com.sun.org.apache.xml.internal.security.encryption.CipherValue getCipherValue()'>
        <annotation name='com.intellij.inspections.tainted.annotation.equation.Equations'>
            <val val="{ &quot;getCipherValue := XMLCipher.Factory.CipherDataImpl&quot; }"/>
        </annotation>
    </item>
    <item name='com.sun.org.apache.xml.internal.security.encryption.XMLCipher.Factory.CipherDataImpl int getDataType()'>
        <annotation name='com.intellij.inspections.tainted.annotation.equation.Equations'>
            <val val="{ &quot;getDataType := XMLCipher.Factory.CipherDataImpl&quot; }"/>
        </annotation>
    </item>
    <item name='com.sun.org.apache.xml.internal.security.encryption.XMLCipher.Factory.CipherReferenceImpl'>
        <annotation name='com.intellij.inspections.tainted.annotation.equation.Equations'>
            <val val="{ &quot;CipherReferenceImpl := #setTransforms(com.sun.org.apache.xml.internal.security.encryption.Transforms)#0&quot; }"/>
        </annotation>
    </item>
    <item name='com.sun.org.apache.xml.internal.security.encryption.XMLCipher.Factory.CipherReferenceImpl CipherReferenceImpl(java.lang.String)'>
        <annotation name='com.intellij.inspections.tainted.annotation.equation.Equations'>
            <val val="{ &quot;uri := XMLCipher.Factory#newCipherReference(java.lang.String)#0&quot;, &quot;CipherReferenceImpl := XMLCipher.Factory.CipherReferenceImpl&quot; }"/>
        </annotation>
    </item>
    <item name='com.sun.org.apache.xml.internal.security.encryption.XMLCipher.Factory.CipherReferenceImpl CipherReferenceImpl(org.w3c.dom.Attr)'>
        <annotation name='com.intellij.inspections.tainted.annotation.equation.Equations'>
            <val val="{ &quot;CipherReferenceImpl := XMLCipher.Factory.CipherReferenceImpl&quot; }"/>
        </annotation>
    </item>
    <item name='com.sun.org.apache.xml.internal.security.encryption.XMLCipher.Factory.CipherReferenceImpl com.sun.org.apache.xml.internal.security.encryption.Transforms getTransforms()'>
        <annotation name='com.intellij.inspections.tainted.annotation.equation.Equations'>
            <val val="{ &quot;getTransforms := XMLCipher.Factory.CipherReferenceImpl&quot; }"/>
        </annotation>
    </item>
    <item name='com.sun.org.apache.xml.internal.security.encryption.XMLCipher.Factory.CipherReferenceImpl java.lang.String getURI()'>
        <annotation name='com.intellij.inspections.tainted.annotation.equation.Equations'>
            <val val="{ &quot;getURI := XMLCipher.Factory.CipherReferenceImpl&quot; }"/>
        </annotation>
    </item>
    <item name='com.sun.org.apache.xml.internal.security.encryption.XMLCipher.Factory.CipherReferenceImpl org.w3c.dom.Attr getURIAsAttr()'>
        <annotation name='com.intellij.inspections.tainted.annotation.equation.Equations'>
            <val val="{ &quot;getURIAsAttr := XMLCipher.Factory.CipherReferenceImpl&quot; }"/>
        </annotation>
    </item>
    <item name='com.sun.org.apache.xml.internal.security.encryption.XMLCipher.Factory.CipherValueImpl'>
        <annotation name='com.intellij.inspections.tainted.annotation.equation.Equations'>
            <val val="{ &quot;CipherValueImpl := #setValue(java.lang.String)#0&quot; }"/>
        </annotation>
    </item>
    <item name='com.sun.org.apache.xml.internal.security.encryption.XMLCipher.Factory.CipherValueImpl CipherValueImpl(java.lang.String)'>
        <annotation name='com.intellij.inspections.tainted.annotation.equation.Equations'>
            <val val="{ &quot;value := XMLCipher.Factory#newCipherValue(java.lang.String)#0&quot;, &quot;CipherValueImpl := XMLCipher.Factory.CipherValueImpl&quot; }"/>
        </annotation>
    </item>
    <item name='com.sun.org.apache.xml.internal.security.encryption.XMLCipher.Factory.CipherValueImpl java.lang.String getValue()'>
        <annotation name='com.intellij.inspections.tainted.annotation.equation.Equations'>
            <val val="{ &quot;getValue := XMLCipher.Factory.CipherValueImpl&quot; }"/>
        </annotation>
    </item>
    <item name='com.sun.org.apache.xml.internal.security.encryption.XMLCipher.Factory.EncryptedDataImpl EncryptedDataImpl(com.sun.org.apache.xml.internal.security.encryption.CipherData)'>
        <annotation name='com.intellij.inspections.tainted.annotation.equation.Equations'>
            <val val="{ &quot;data := XMLCipher.Factory#newEncryptedData(com.sun.org.apache.xml.internal.security.encryption.CipherData)#0&quot;, &quot;EncryptedDataImpl := XMLCipher.Factory.EncryptedDataImpl&quot; }"/>
        </annotation>
    </item>
    <item name='com.sun.org.apache.xml.internal.security.encryption.XMLCipher.Factory.EncryptedKeyImpl'>
        <annotation name='com.intellij.inspections.tainted.annotation.equation.Equations'>
            <val val="{ &quot;EncryptedKeyImpl := #setRecipient(java.lang.String)#0 &amp; #setReferenceList(com.sun.org.apache.xml.internal.security.encryption.ReferenceList)#0 &amp; #setCarriedName(java.lang.String)#0&quot; }"/>
        </annotation>
    </item>
    <item name='com.sun.org.apache.xml.internal.security.encryption.XMLCipher.Factory.EncryptedKeyImpl EncryptedKeyImpl(com.sun.org.apache.xml.internal.security.encryption.CipherData)'>
        <annotation name='com.intellij.inspections.tainted.annotation.equation.Equations'>
            <val val="{ &quot;EncryptedKeyImpl := XMLCipher.Factory.EncryptedKeyImpl&quot;, &quot;data := XMLCipher.Factory#newEncryptedKey(com.sun.org.apache.xml.internal.security.encryption.CipherData)#0&quot; }"/>
        </annotation>
    </item>
    <item name='com.sun.org.apache.xml.internal.security.encryption.XMLCipher.Factory.EncryptedKeyImpl com.sun.org.apache.xml.internal.security.encryption.ReferenceList getReferenceList()'>
        <annotation name='com.intellij.inspections.tainted.annotation.equation.Equations'>
            <val val="{ &quot;getReferenceList := XMLCipher.Factory.EncryptedKeyImpl&quot; }"/>
        </annotation>
    </item>
    <item name='com.sun.org.apache.xml.internal.security.encryption.XMLCipher.Factory.EncryptedKeyImpl java.lang.String getCarriedName()'>
        <annotation name='com.intellij.inspections.tainted.annotation.equation.Equations'>
            <val val="{ &quot;getCarriedName := XMLCipher.Factory.EncryptedKeyImpl&quot; }"/>
        </annotation>
    </item>
    <item name='com.sun.org.apache.xml.internal.security.encryption.XMLCipher.Factory.EncryptedKeyImpl java.lang.String getRecipient()'>
        <annotation name='com.intellij.inspections.tainted.annotation.equation.Equations'>
            <val val="{ &quot;getRecipient := XMLCipher.Factory.EncryptedKeyImpl&quot; }"/>
        </annotation>
    </item>
    <item name='com.sun.org.apache.xml.internal.security.encryption.XMLCipher.Factory.EncryptedTypeImpl'>
        <annotation name='com.intellij.inspections.tainted.annotation.equation.Equations'>
            <val val="{ &quot;EncryptedTypeImpl := #setId(java.lang.String)#0 &amp; #setMimeType(java.lang.String)#0 &amp; #setEncryptionMethod(com.sun.org.apache.xml.internal.security.encryption.EncryptionMethod)#0 &amp; #setKeyInfo(com.sun.org.apache.xml.internal.security.keys.KeyInfo)#0 &amp; #setEncryptionProperties(com.sun.org.apache.xml.internal.security.encryption.EncryptionProperties)#0&quot; }"/>
        </annotation>
    </item>
    <item name='com.sun.org.apache.xml.internal.security.encryption.XMLCipher.Factory.EncryptedTypeImpl EncryptedTypeImpl(com.sun.org.apache.xml.internal.security.encryption.CipherData)'>
        <annotation name='com.intellij.inspections.tainted.annotation.equation.Equations'>
            <val val="{ &quot;data := XMLCipher.Factory.EncryptedDataImpl#EncryptedDataImpl(com.sun.org.apache.xml.internal.security.encryption.CipherData)#0 &amp; XMLCipher.Factory.EncryptedKeyImpl#EncryptedKeyImpl(com.sun.org.apache.xml.internal.security.encryption.CipherData)#0&quot;, &quot;EncryptedTypeImpl := XMLCipher.Factory.EncryptedTypeImpl&quot; }"/>
        </annotation>
    </item>
    <item name='com.sun.org.apache.xml.internal.security.encryption.XMLCipher.Factory.EncryptedTypeImpl com.sun.org.apache.xml.internal.security.encryption.CipherData getCipherData()'>
        <annotation name='com.intellij.inspections.tainted.annotation.equation.Equations'>
            <val val="{ &quot;getCipherData := XMLCipher.Factory.EncryptedTypeImpl&quot; }"/>
        </annotation>
    </item>
    <item name='com.sun.org.apache.xml.internal.security.encryption.XMLCipher.Factory.EncryptedTypeImpl com.sun.org.apache.xml.internal.security.encryption.EncryptionMethod getEncryptionMethod()'>
        <annotation name='com.intellij.inspections.tainted.annotation.equation.Equations'>
            <val val="{ &quot;getEncryptionMethod := XMLCipher.Factory.EncryptedTypeImpl&quot; }"/>
        </annotation>
    </item>
    <item name='com.sun.org.apache.xml.internal.security.encryption.XMLCipher.Factory.EncryptedTypeImpl com.sun.org.apache.xml.internal.security.encryption.EncryptionProperties getEncryptionProperties()'>
        <annotation name='com.intellij.inspections.tainted.annotation.equation.Equations'>
            <val val="{ &quot;getEncryptionProperties := XMLCipher.Factory.EncryptedTypeImpl&quot; }"/>
        </annotation>
    </item>
    <item name='com.sun.org.apache.xml.internal.security.encryption.XMLCipher.Factory.EncryptedTypeImpl com.sun.org.apache.xml.internal.security.keys.KeyInfo getKeyInfo()'>
        <annotation name='com.intellij.inspections.tainted.annotation.equation.Equations'>
            <val val="{ &quot;getKeyInfo := XMLCipher.Factory.EncryptedTypeImpl&quot; }"/>
        </annotation>
    </item>
    <item name='com.sun.org.apache.xml.internal.security.encryption.XMLCipher.Factory.EncryptedTypeImpl java.lang.String getEncoding()'>
        <annotation name='com.intellij.inspections.tainted.annotation.equation.Equations'>
            <val val="{ &quot;getEncoding := XMLCipher.Factory.EncryptedTypeImpl&quot; }"/>
        </annotation>
    </item>
    <item name='com.sun.org.apache.xml.internal.security.encryption.XMLCipher.Factory.EncryptedTypeImpl java.lang.String getId()'>
        <annotation name='com.intellij.inspections.tainted.annotation.equation.Equations'>
            <val val="{ &quot;getId := XMLCipher.Factory.EncryptedTypeImpl&quot; }"/>
        </annotation>
    </item>
    <item name='com.sun.org.apache.xml.internal.security.encryption.XMLCipher.Factory.EncryptedTypeImpl java.lang.String getMimeType()'>
        <annotation name='com.intellij.inspections.tainted.annotation.equation.Equations'>
            <val val="{ &quot;getMimeType := XMLCipher.Factory.EncryptedTypeImpl&quot; }"/>
        </annotation>
    </item>
    <item name='com.sun.org.apache.xml.internal.security.encryption.XMLCipher.Factory.EncryptedTypeImpl java.lang.String getType()'>
        <annotation name='com.intellij.inspections.tainted.annotation.equation.Equations'>
            <val val="{ &quot;getType := XMLCipher.Factory.EncryptedTypeImpl&quot; }"/>
        </annotation>
    </item>
    <item name='com.sun.org.apache.xml.internal.security.encryption.XMLCipher.Factory.EncryptionMethodImpl'>
        <annotation name='com.intellij.inspections.tainted.annotation.equation.Equations'>
            <val val="{ &quot;EncryptionMethodImpl := java.lang.Integer#MIN_VALUE &amp; #setKeySize(int)#0 &amp; #setOAEPparams(byte[])#0 &amp; #setDigestAlgorithm(java.lang.String)#0 &amp; #setMGFAlgorithm(java.lang.String)#0&quot; }"/>
        </annotation>
    </item>
    <item name='com.sun.org.apache.xml.internal.security.encryption.XMLCipher.Factory.EncryptionMethodImpl EncryptionMethodImpl(java.lang.String)'>
        <annotation name='com.intellij.inspections.tainted.annotation.equation.Equations'>
            <val val="{ &quot;algorithm := XMLCipher.Factory#newEncryptionMethod(java.lang.String)#0&quot;, &quot;EncryptionMethodImpl := XMLCipher.Factory.EncryptionMethodImpl&quot; }"/>
        </annotation>
    </item>
    <item name='com.sun.org.apache.xml.internal.security.encryption.XMLCipher.Factory.EncryptionMethodImpl byte[] getOAEPparams()'>
        <annotation name='com.intellij.inspections.tainted.annotation.equation.Equations'>
            <val val="{ &quot;getOAEPparams := XMLCipher.Factory.EncryptionMethodImpl&quot; }"/>
        </annotation>
    </item>
    <item name='com.sun.org.apache.xml.internal.security.encryption.XMLCipher.Factory.EncryptionMethodImpl int getKeySize()'>
        <annotation name='com.intellij.inspections.tainted.annotation.equation.Equations'>
            <val val="{ &quot;getKeySize := XMLCipher.Factory.EncryptionMethodImpl&quot; }"/>
        </annotation>
    </item>
    <item name='com.sun.org.apache.xml.internal.security.encryption.XMLCipher.Factory.EncryptionMethodImpl java.lang.String getAlgorithm()'>
        <annotation name='com.intellij.inspections.tainted.annotation.equation.Equations'>
            <val val="{ &quot;getAlgorithm := XMLCipher.Factory.EncryptionMethodImpl&quot; }"/>
        </annotation>
    </item>
    <item name='com.sun.org.apache.xml.internal.security.encryption.XMLCipher.Factory.EncryptionMethodImpl java.lang.String getDigestAlgorithm()'>
        <annotation name='com.intellij.inspections.tainted.annotation.equation.Equations'>
            <val val="{ &quot;getDigestAlgorithm := XMLCipher.Factory.EncryptionMethodImpl&quot; }"/>
        </annotation>
    </item>
    <item name='com.sun.org.apache.xml.internal.security.encryption.XMLCipher.Factory.EncryptionMethodImpl java.lang.String getMGFAlgorithm()'>
        <annotation name='com.intellij.inspections.tainted.annotation.equation.Equations'>
            <val val="{ &quot;getMGFAlgorithm := XMLCipher.Factory.EncryptionMethodImpl&quot; }"/>
        </annotation>
    </item>
    <item name='com.sun.org.apache.xml.internal.security.encryption.XMLCipher.Factory.EncryptionPropertiesImpl'>
        <annotation name='com.intellij.inspections.tainted.annotation.equation.Equations'>
            <val val="{ &quot;EncryptionPropertiesImpl := #setId(java.lang.String)#0&quot; }"/>
        </annotation>
    </item>
    <item name='com.sun.org.apache.xml.internal.security.encryption.XMLCipher.Factory.EncryptionPropertiesImpl EncryptionPropertiesImpl()'>
        <annotation name='com.intellij.inspections.tainted.annotation.equation.Equations'>
            <val val="{ &quot;EncryptionPropertiesImpl := XMLCipher.Factory.EncryptionPropertiesImpl&quot; }"/>
        </annotation>
    </item>
    <item name='com.sun.org.apache.xml.internal.security.encryption.XMLCipher.Factory.EncryptionPropertiesImpl java.lang.String getId()'>
        <annotation name='com.intellij.inspections.tainted.annotation.equation.Equations'>
            <val val="{ &quot;getId := XMLCipher.Factory.EncryptionPropertiesImpl&quot; }"/>
        </annotation>
    </item>
    <item name='com.sun.org.apache.xml.internal.security.encryption.XMLCipher.Factory.EncryptionPropertyImpl'>
        <annotation name='com.intellij.inspections.tainted.annotation.equation.Equations'>
            <val val="{ &quot;EncryptionPropertyImpl := #setTarget(java.lang.String)#0 &amp; #setId(java.lang.String)#0&quot; }"/>
        </annotation>
    </item>
    <item name='com.sun.org.apache.xml.internal.security.encryption.XMLCipher.Factory.EncryptionPropertyImpl EncryptionPropertyImpl()'>
        <annotation name='com.intellij.inspections.tainted.annotation.equation.Equations'>
            <val val="{ &quot;EncryptionPropertyImpl := XMLCipher.Factory.EncryptionPropertyImpl&quot; }"/>
        </annotation>
    </item>
    <item name='com.sun.org.apache.xml.internal.security.encryption.XMLCipher.Factory.EncryptionPropertyImpl java.lang.String getId()'>
        <annotation name='com.intellij.inspections.tainted.annotation.equation.Equations'>
            <val val="{ &quot;getId := XMLCipher.Factory.EncryptionPropertyImpl&quot; }"/>
        </annotation>
    </item>
    <item name='com.sun.org.apache.xml.internal.security.encryption.XMLCipher.Factory.EncryptionPropertyImpl java.lang.String getTarget()'>
        <annotation name='com.intellij.inspections.tainted.annotation.equation.Equations'>
            <val val="{ &quot;getTarget := XMLCipher.Factory.EncryptionPropertyImpl&quot; }"/>
        </annotation>
    </item>
    <item name='com.sun.org.apache.xml.internal.security.encryption.XMLCipher.Factory.ReferenceListImpl ReferenceListImpl(int)'>
        <annotation name='com.intellij.inspections.tainted.annotation.equation.Equations'>
            <val val="{ &quot;type := XMLCipher.Factory#newReferenceList(int)#0 &amp; ReferenceList#DATA_REFERENCE &amp; ReferenceList#KEY_REFERENCE&quot;, &quot;ReferenceListImpl := XMLCipher.Factory.ReferenceListImpl&quot; }"/>
        </annotation>
    </item>
    <item name='com.sun.org.apache.xml.internal.security.encryption.XMLCipher.Factory.ReferenceListImpl.DataReference DataReference(java.lang.String)'>
        <annotation name='com.intellij.inspections.tainted.annotation.equation.Equations'>
            <val val="{ &quot;uri := XMLCipher.Factory.ReferenceListImpl#newDataReference(java.lang.String)#0&quot;, &quot;DataReference := XMLCipher.Factory.ReferenceListImpl.DataReference&quot; }"/>
        </annotation>
    </item>
    <item name='com.sun.org.apache.xml.internal.security.encryption.XMLCipher.Factory.ReferenceListImpl.DataReference java.lang.String getType()'>
        <annotation name='com.intellij.inspections.tainted.annotation.equation.Equations'>
            <val val="{ &quot;getType := com.sun.org.apache.xml.internal.security.utils.EncryptionConstants#_TAG_DATAREFERENCE&quot; }"/>
        </annotation>
    </item>
    <item name='com.sun.org.apache.xml.internal.security.encryption.XMLCipher.Factory.ReferenceListImpl.KeyReference KeyReference(java.lang.String)'>
        <annotation name='com.intellij.inspections.tainted.annotation.equation.Equations'>
            <val val="{ &quot;uri := XMLCipher.Factory.ReferenceListImpl#newKeyReference(java.lang.String)#0&quot;, &quot;KeyReference := XMLCipher.Factory.ReferenceListImpl.KeyReference&quot; }"/>
        </annotation>
    </item>
    <item name='com.sun.org.apache.xml.internal.security.encryption.XMLCipher.Factory.ReferenceListImpl.KeyReference java.lang.String getType()'>
        <annotation name='com.intellij.inspections.tainted.annotation.equation.Equations'>
            <val val="{ &quot;getType := com.sun.org.apache.xml.internal.security.utils.EncryptionConstants#_TAG_KEYREFERENCE&quot; }"/>
        </annotation>
    </item>
    <item name='com.sun.org.apache.xml.internal.security.encryption.XMLCipher.Factory.ReferenceListImpl.ReferenceImpl'>
        <annotation name='com.intellij.inspections.tainted.annotation.equation.Equations'>
            <val val="{ &quot;ReferenceImpl := #setURI(java.lang.String)#0&quot; }"/>
        </annotation>
    </item>
    <item name='com.sun.org.apache.xml.internal.security.encryption.XMLCipher.Factory.ReferenceListImpl.ReferenceImpl ReferenceImpl(java.lang.String)'>
        <annotation name='com.intellij.inspections.tainted.annotation.equation.Equations'>
            <val val="{ &quot;ReferenceImpl := XMLCipher.Factory.ReferenceListImpl.ReferenceImpl&quot;, &quot;uri := XMLCipher.Factory.ReferenceListImpl.DataReference#DataReference(java.lang.String)#0 &amp; XMLCipher.Factory.ReferenceListImpl.KeyReference#KeyReference(java.lang.String)#0&quot; }"/>
        </annotation>
    </item>
    <item name='com.sun.org.apache.xml.internal.security.encryption.XMLCipher.Factory.ReferenceListImpl.ReferenceImpl java.lang.String getType()'>
        <annotation name='com.intellij.inspections.tainted.annotation.equation.Equations'>
            <val val="{ &quot;getType := XMLCipher.Factory.ReferenceListImpl.DataReference#getType() &amp; XMLCipher.Factory.ReferenceListImpl.KeyReference#getType()&quot; }"/>
        </annotation>
    </item>
    <item name='com.sun.org.apache.xml.internal.security.encryption.XMLCipher.Factory.ReferenceListImpl.ReferenceImpl java.lang.String getURI()'>
        <annotation name='com.intellij.inspections.tainted.annotation.equation.Equations'>
            <val val="{ &quot;getURI := XMLCipher.Factory.ReferenceListImpl.ReferenceImpl&quot; }"/>
        </annotation>
    </item>
    <item name='com.sun.org.apache.xml.internal.security.encryption.XMLCipher.Factory.TransformsImpl TransformsImpl()'>
        <annotation name='com.intellij.inspections.tainted.annotation.equation.Equations'>
            <val val="{ &quot;TransformsImpl := XMLCipher.Factory.TransformsImpl&quot; }"/>
        </annotation>
    </item>
    <item name='com.sun.org.apache.xml.internal.security.encryption.XMLCipher.Factory.TransformsImpl TransformsImpl(org.w3c.dom.Document)'>
        <annotation name='com.intellij.inspections.tainted.annotation.equation.Equations'>
            <val val="{ &quot;doc := XMLCipher.Factory#newTransforms(org.w3c.dom.Document)#0&quot;, &quot;TransformsImpl := XMLCipher.Factory.TransformsImpl&quot; }"/>
        </annotation>
    </item>
    <item name='com.sun.org.apache.xml.internal.security.encryption.XMLCipher.Factory.TransformsImpl TransformsImpl(org.w3c.dom.Element)'>
        <annotation name='com.intellij.inspections.tainted.annotation.equation.Equations'>
            <val val="{ &quot;TransformsImpl := XMLCipher.Factory.TransformsImpl&quot; }"/>
        </annotation>
    </item>
    <item name='com.sun.org.apache.xml.internal.security.encryption.XMLCipher.Factory.TransformsImpl com.sun.org.apache.xml.internal.security.transforms.Transforms getDSTransforms()'>
        <annotation name='com.intellij.inspections.tainted.annotation.equation.Equations'>
            <val val="{ &quot;getDSTransforms := XMLCipher.Factory.TransformsImpl&quot; }"/>
        </annotation>
    </item>
    <item name='com.sun.org.apache.xml.internal.security.encryption.XMLCipher.Factory.TransformsImpl java.lang.String getBaseNamespace()'>
        <annotation name='com.intellij.inspections.tainted.annotation.equation.Equations'>
            <val val="{ &quot;getBaseNamespace := com.sun.org.apache.xml.internal.security.utils.EncryptionConstants#EncryptionSpecNS&quot; }"/>
        </annotation>
    </item>
    <item name='com.sun.org.apache.xml.internal.security.encryption.XMLEncryptionException XMLEncryptionException(java.lang.String)'>
        <annotation name='com.intellij.inspections.tainted.annotation.equation.Equations'>
            <val val="{ &quot;XMLEncryptionException := XMLEncryptionException&quot; }"/>
        </annotation>
    </item>
    <item name='com.sun.org.apache.xml.internal.security.encryption.XMLEncryptionException XMLEncryptionException(java.lang.String, java.lang.Exception)'>
        <annotation name='com.intellij.inspections.tainted.annotation.equation.Equations'>
            <val val="{ &quot;XMLEncryptionException := XMLEncryptionException&quot; }"/>
        </annotation>
    </item>
    <item name='com.sun.org.apache.xml.internal.security.encryption.XMLEncryptionException XMLEncryptionException(java.lang.String, java.lang.Object[])'>
        <annotation name='com.intellij.inspections.tainted.annotation.equation.Equations'>
            <val val="{ &quot;XMLEncryptionException := XMLEncryptionException&quot; }"/>
        </annotation>
    </item>
    <item name='com.sun.org.apache.xml.internal.security.encryption.XMLEncryptionException XMLEncryptionException(java.lang.String, java.lang.Object[], java.lang.Exception)'>
        <annotation name='com.intellij.inspections.tainted.annotation.equation.Equations'>
            <val val="{ &quot;XMLEncryptionException := XMLEncryptionException&quot; }"/>
        </annotation>
    </item>
</root>