<root>
    <item name='javax.print.attribute.standard.Chromaticity Chromaticity(int)'>
        <annotation name='com.intellij.inspections.tainted.annotation.equation.Equations'>
            <val val="{ &quot;Chromaticity := Chromaticity&quot; }"/>
        </annotation>
    </item>
    <item name='javax.print.attribute.standard.Chromaticity java.lang.String[] getStringTable()'>
        <annotation name='com.intellij.inspections.tainted.annotation.equation.Equations'>
            <val val="{ &quot;getStringTable := #myStringTable&quot; }"/>
        </annotation>
    </item>
    <item name='javax.print.attribute.standard.Chromaticity javax.print.attribute.EnumSyntax[] getEnumValueTable()'>
        <annotation name='com.intellij.inspections.tainted.annotation.equation.Equations'>
            <val val="{ &quot;getEnumValueTable := #myEnumValueTable&quot; }"/>
        </annotation>
    </item>
    <item name='javax.print.attribute.standard.ColorSupported ColorSupported(int)'>
        <annotation name='com.intellij.inspections.tainted.annotation.equation.Equations'>
            <val val="{ &quot;ColorSupported := ColorSupported&quot; }"/>
        </annotation>
    </item>
    <item name='javax.print.attribute.standard.ColorSupported java.lang.String[] getStringTable()'>
        <annotation name='com.intellij.inspections.tainted.annotation.equation.Equations'>
            <val val="{ &quot;getStringTable := #myStringTable&quot; }"/>
        </annotation>
    </item>
    <item name='javax.print.attribute.standard.ColorSupported javax.print.attribute.EnumSyntax[] getEnumValueTable()'>
        <annotation name='com.intellij.inspections.tainted.annotation.equation.Equations'>
            <val val="{ &quot;getEnumValueTable := #myEnumValueTable&quot; }"/>
        </annotation>
    </item>
    <item name='javax.print.attribute.standard.Compression Compression(int)'>
        <annotation name='com.intellij.inspections.tainted.annotation.equation.Equations'>
            <val val="{ &quot;Compression := Compression&quot; }"/>
        </annotation>
    </item>
    <item name='javax.print.attribute.standard.Compression java.lang.String[] getStringTable()'>
        <annotation name='com.intellij.inspections.tainted.annotation.equation.Equations'>
            <val val="{ &quot;getStringTable := #myStringTable&quot; }"/>
        </annotation>
    </item>
    <item name='javax.print.attribute.standard.Compression javax.print.attribute.EnumSyntax[] getEnumValueTable()'>
        <annotation name='com.intellij.inspections.tainted.annotation.equation.Equations'>
            <val val="{ &quot;getEnumValueTable := #myEnumValueTable&quot; }"/>
        </annotation>
    </item>
    <item name='javax.print.attribute.standard.Copies Copies(int)'>
        <annotation name='com.intellij.inspections.tainted.annotation.equation.Equations'>
            <val val="{ &quot;Copies := Copies&quot;, &quot;value := &quot; }"/>
        </annotation>
    </item>
    <item name='javax.print.attribute.standard.CopiesSupported CopiesSupported(int)'>
        <annotation name='com.intellij.inspections.tainted.annotation.equation.Equations'>
            <val val="{ &quot;CopiesSupported := CopiesSupported&quot; }"/>
        </annotation>
    </item>
    <item name='javax.print.attribute.standard.CopiesSupported CopiesSupported(int, int)'>
        <annotation name='com.intellij.inspections.tainted.annotation.equation.Equations'>
            <val val="{ &quot;CopiesSupported := CopiesSupported&quot; }"/>
        </annotation>
    </item>
    <item name='javax.print.attribute.standard.DateTimeAtCompleted DateTimeAtCompleted(java.util.Date)'>
        <annotation name='com.intellij.inspections.tainted.annotation.equation.Equations'>
            <val val="{ &quot;DateTimeAtCompleted := DateTimeAtCompleted&quot; }"/>
        </annotation>
    </item>
    <item name='javax.print.attribute.standard.DateTimeAtCreation DateTimeAtCreation(java.util.Date)'>
        <annotation name='com.intellij.inspections.tainted.annotation.equation.Equations'>
            <val val="{ &quot;DateTimeAtCreation := DateTimeAtCreation&quot; }"/>
        </annotation>
    </item>
    <item name='javax.print.attribute.standard.DateTimeAtProcessing DateTimeAtProcessing(java.util.Date)'>
        <annotation name='com.intellij.inspections.tainted.annotation.equation.Equations'>
            <val val="{ &quot;DateTimeAtProcessing := DateTimeAtProcessing&quot; }"/>
        </annotation>
    </item>
    <item name='javax.print.attribute.standard.Destination Destination(java.net.URI)'>
        <annotation name='com.intellij.inspections.tainted.annotation.equation.Equations'>
            <val val="{ &quot;Destination := Destination&quot;, &quot;uri := &quot; }"/>
        </annotation>
    </item>
    <item name='javax.print.attribute.standard.DialogTypeSelection DialogTypeSelection(int)'>
        <annotation name='com.intellij.inspections.tainted.annotation.equation.Equations'>
            <val val="{ &quot;DialogTypeSelection := DialogTypeSelection&quot; }"/>
        </annotation>
    </item>
    <item name='javax.print.attribute.standard.DialogTypeSelection java.lang.String[] getStringTable()'>
        <annotation name='com.intellij.inspections.tainted.annotation.equation.Equations'>
            <val val="{ &quot;getStringTable := #myStringTable&quot; }"/>
        </annotation>
    </item>
    <item name='javax.print.attribute.standard.DialogTypeSelection javax.print.attribute.EnumSyntax[] getEnumValueTable()'>
        <annotation name='com.intellij.inspections.tainted.annotation.equation.Equations'>
            <val val="{ &quot;getEnumValueTable := #myEnumValueTable&quot; }"/>
        </annotation>
    </item>
    <item name='javax.print.attribute.standard.DocumentName DocumentName(java.lang.String, java.util.Locale)'>
        <annotation name='com.intellij.inspections.tainted.annotation.equation.Equations'>
            <val val="{ &quot;DocumentName := DocumentName&quot; }"/>
        </annotation>
    </item>
    <item name='javax.print.attribute.standard.Fidelity Fidelity(int)'>
        <annotation name='com.intellij.inspections.tainted.annotation.equation.Equations'>
            <val val="{ &quot;Fidelity := Fidelity&quot; }"/>
        </annotation>
    </item>
    <item name='javax.print.attribute.standard.Fidelity java.lang.String[] getStringTable()'>
        <annotation name='com.intellij.inspections.tainted.annotation.equation.Equations'>
            <val val="{ &quot;getStringTable := #myStringTable&quot; }"/>
        </annotation>
    </item>
    <item name='javax.print.attribute.standard.Fidelity javax.print.attribute.EnumSyntax[] getEnumValueTable()'>
        <annotation name='com.intellij.inspections.tainted.annotation.equation.Equations'>
            <val val="{ &quot;getEnumValueTable := #myEnumValueTable&quot; }"/>
        </annotation>
    </item>
    <item name='javax.print.attribute.standard.Finishings Finishings(int)'>
        <annotation name='com.intellij.inspections.tainted.annotation.equation.Equations'>
            <val val="{ &quot;Finishings := Finishings&quot; }"/>
        </annotation>
    </item>
    <item name='javax.print.attribute.standard.Finishings java.lang.String[] getStringTable()'>
        <annotation name='com.intellij.inspections.tainted.annotation.equation.Equations'>
            <val val="{ &quot;getStringTable := #myStringTable&quot; }"/>
        </annotation>
    </item>
    <item name='javax.print.attribute.standard.Finishings javax.print.attribute.EnumSyntax[] getEnumValueTable()'>
        <annotation name='com.intellij.inspections.tainted.annotation.equation.Equations'>
            <val val="{ &quot;getEnumValueTable := #myEnumValueTable&quot; }"/>
        </annotation>
    </item>
    <item name='javax.print.attribute.standard.JobHoldUntil JobHoldUntil(java.util.Date)'>
        <annotation name='com.intellij.inspections.tainted.annotation.equation.Equations'>
            <val val="{ &quot;JobHoldUntil := JobHoldUntil&quot; }"/>
        </annotation>
    </item>
    <item name='javax.print.attribute.standard.JobImpressions JobImpressions(int)'>
        <annotation name='com.intellij.inspections.tainted.annotation.equation.Equations'>
            <val val="{ &quot;JobImpressions := JobImpressions&quot; }"/>
        </annotation>
    </item>
    <item name='javax.print.attribute.standard.JobImpressionsCompleted JobImpressionsCompleted(int)'>
        <annotation name='com.intellij.inspections.tainted.annotation.equation.Equations'>
            <val val="{ &quot;JobImpressionsCompleted := JobImpressionsCompleted&quot; }"/>
        </annotation>
    </item>
    <item name='javax.print.attribute.standard.JobImpressionsSupported JobImpressionsSupported(int, int)'>
        <annotation name='com.intellij.inspections.tainted.annotation.equation.Equations'>
            <val val="{ &quot;JobImpressionsSupported := JobImpressionsSupported&quot; }"/>
        </annotation>
    </item>
    <item name='javax.print.attribute.standard.JobKOctets JobKOctets(int)'>
        <annotation name='com.intellij.inspections.tainted.annotation.equation.Equations'>
            <val val="{ &quot;JobKOctets := JobKOctets&quot; }"/>
        </annotation>
    </item>
    <item name='javax.print.attribute.standard.JobKOctetsProcessed JobKOctetsProcessed(int)'>
        <annotation name='com.intellij.inspections.tainted.annotation.equation.Equations'>
            <val val="{ &quot;JobKOctetsProcessed := JobKOctetsProcessed&quot; }"/>
        </annotation>
    </item>
    <item name='javax.print.attribute.standard.JobKOctetsSupported JobKOctetsSupported(int, int)'>
        <annotation name='com.intellij.inspections.tainted.annotation.equation.Equations'>
            <val val="{ &quot;JobKOctetsSupported := JobKOctetsSupported&quot; }"/>
        </annotation>
    </item>
    <item name='javax.print.attribute.standard.JobMediaSheets JobMediaSheets(int)'>
        <annotation name='com.intellij.inspections.tainted.annotation.equation.Equations'>
            <val val="{ &quot;JobMediaSheets := JobMediaSheets&quot; }"/>
        </annotation>
    </item>
    <item name='javax.print.attribute.standard.JobMediaSheetsCompleted JobMediaSheetsCompleted(int)'>
        <annotation name='com.intellij.inspections.tainted.annotation.equation.Equations'>
            <val val="{ &quot;JobMediaSheetsCompleted := JobMediaSheetsCompleted&quot; }"/>
        </annotation>
    </item>
    <item name='javax.print.attribute.standard.JobMediaSheetsSupported JobMediaSheetsSupported(int, int)'>
        <annotation name='com.intellij.inspections.tainted.annotation.equation.Equations'>
            <val val="{ &quot;JobMediaSheetsSupported := JobMediaSheetsSupported&quot; }"/>
        </annotation>
    </item>
    <item name='javax.print.attribute.standard.JobMessageFromOperator JobMessageFromOperator(java.lang.String, java.util.Locale)'>
        <annotation name='com.intellij.inspections.tainted.annotation.equation.Equations'>
            <val val="{ &quot;JobMessageFromOperator := JobMessageFromOperator&quot; }"/>
        </annotation>
    </item>
    <item name='javax.print.attribute.standard.JobName JobName(java.lang.String, java.util.Locale)'>
        <annotation name='com.intellij.inspections.tainted.annotation.equation.Equations'>
            <val val="{ &quot;locale := &quot;, &quot;JobName := JobName&quot;, &quot;jobName := &quot; }"/>
        </annotation>
    </item>
    <item name='javax.print.attribute.standard.JobOriginatingUserName JobOriginatingUserName(java.lang.String, java.util.Locale)'>
        <annotation name='com.intellij.inspections.tainted.annotation.equation.Equations'>
            <val val="{ &quot;JobOriginatingUserName := JobOriginatingUserName&quot; }"/>
        </annotation>
    </item>
    <item name='javax.print.attribute.standard.JobPriority JobPriority(int)'>
        <annotation name='com.intellij.inspections.tainted.annotation.equation.Equations'>
            <val val="{ &quot;value := &quot;, &quot;JobPriority := JobPriority&quot; }"/>
        </annotation>
    </item>
    <item name='javax.print.attribute.standard.JobPrioritySupported JobPrioritySupported(int)'>
        <annotation name='com.intellij.inspections.tainted.annotation.equation.Equations'>
            <val val="{ &quot;JobPrioritySupported := JobPrioritySupported&quot; }"/>
        </annotation>
    </item>
    <item name='javax.print.attribute.standard.JobSheets JobSheets(int)'>
        <annotation name='com.intellij.inspections.tainted.annotation.equation.Equations'>
            <val val="{ &quot;JobSheets := JobSheets&quot; }"/>
        </annotation>
    </item>
    <item name='javax.print.attribute.standard.JobSheets java.lang.String[] getStringTable()'>
        <annotation name='com.intellij.inspections.tainted.annotation.equation.Equations'>
            <val val="{ &quot;getStringTable := #myStringTable&quot; }"/>
        </annotation>
    </item>
    <item name='javax.print.attribute.standard.JobSheets javax.print.attribute.EnumSyntax[] getEnumValueTable()'>
        <annotation name='com.intellij.inspections.tainted.annotation.equation.Equations'>
            <val val="{ &quot;getEnumValueTable := #myEnumValueTable&quot; }"/>
        </annotation>
    </item>
    <item name='javax.print.attribute.standard.JobState JobState(int)'>
        <annotation name='com.intellij.inspections.tainted.annotation.equation.Equations'>
            <val val="{ &quot;JobState := JobState&quot; }"/>
        </annotation>
    </item>
    <item name='javax.print.attribute.standard.JobState java.lang.String[] getStringTable()'>
        <annotation name='com.intellij.inspections.tainted.annotation.equation.Equations'>
            <val val="{ &quot;getStringTable := #myStringTable&quot; }"/>
        </annotation>
    </item>
    <item name='javax.print.attribute.standard.JobState javax.print.attribute.EnumSyntax[] getEnumValueTable()'>
        <annotation name='com.intellij.inspections.tainted.annotation.equation.Equations'>
            <val val="{ &quot;getEnumValueTable := #myEnumValueTable&quot; }"/>
        </annotation>
    </item>
    <item name='javax.print.attribute.standard.JobStateReason JobStateReason(int)'>
        <annotation name='com.intellij.inspections.tainted.annotation.equation.Equations'>
            <val val="{ &quot;JobStateReason := JobStateReason&quot; }"/>
        </annotation>
    </item>
    <item name='javax.print.attribute.standard.JobStateReason java.lang.String[] getStringTable()'>
        <annotation name='com.intellij.inspections.tainted.annotation.equation.Equations'>
            <val val="{ &quot;getStringTable := #myStringTable&quot; }"/>
        </annotation>
    </item>
    <item name='javax.print.attribute.standard.JobStateReason javax.print.attribute.EnumSyntax[] getEnumValueTable()'>
        <annotation name='com.intellij.inspections.tainted.annotation.equation.Equations'>
            <val val="{ &quot;getEnumValueTable := #myEnumValueTable&quot; }"/>
        </annotation>
    </item>
    <item name='javax.print.attribute.standard.JobStateReasons JobStateReasons(int)'>
        <annotation name='com.intellij.inspections.tainted.annotation.equation.Equations'>
            <val val="{ &quot;JobStateReasons := JobStateReasons&quot; }"/>
        </annotation>
    </item>
    <item name='javax.print.attribute.standard.JobStateReasons JobStateReasons(int, float)'>
        <annotation name='com.intellij.inspections.tainted.annotation.equation.Equations'>
            <val val="{ &quot;JobStateReasons := JobStateReasons&quot; }"/>
        </annotation>
    </item>
    <item name='javax.print.attribute.standard.Media'>
        <annotation name='com.intellij.inspections.tainted.annotation.equation.Equations'>
            <val val="{ &quot;Media := MediaSizeName &amp; MediaName &amp; MediaTray&quot; }"/>
        </annotation>
    </item>
    <item name='javax.print.attribute.standard.Media Media(int)'>
        <annotation name='com.intellij.inspections.tainted.annotation.equation.Equations'>
            <val val="{ &quot;Media := Media&quot;, &quot;value := MediaName#MediaName(int)#0 &amp; MediaTray#MediaTray(int)#0 &amp; MediaSizeName#MediaSizeName(int)#0&quot; }"/>
        </annotation>
    </item>
    <item name='javax.print.attribute.standard.Media boolean equals(java.lang.Object)'>
        <annotation name='com.intellij.inspections.tainted.annotation.equation.Equations'>
            <val val="{ &quot;object := &quot; }"/>
        </annotation>
    </item>
    <item name='javax.print.attribute.standard.MediaName MediaName(int)'>
        <annotation name='com.intellij.inspections.tainted.annotation.equation.Equations'>
            <val val="{ &quot;MediaName := MediaName&quot; }"/>
        </annotation>
    </item>
    <item name='javax.print.attribute.standard.MediaName java.lang.String[] getStringTable()'>
        <annotation name='com.intellij.inspections.tainted.annotation.equation.Equations'>
            <val val="{ &quot;getStringTable := #myStringTable&quot; }"/>
        </annotation>
    </item>
    <item name='javax.print.attribute.standard.MediaName javax.print.attribute.EnumSyntax[] getEnumValueTable()'>
        <annotation name='com.intellij.inspections.tainted.annotation.equation.Equations'>
            <val val="{ &quot;getEnumValueTable := #myEnumValueTable&quot; }"/>
        </annotation>
    </item>
    <item name='javax.print.attribute.standard.MediaPrintableArea MediaPrintableArea(float, float, float, float, int)'>
        <annotation name='com.intellij.inspections.tainted.annotation.equation.Equations'>
            <val val="{ &quot;y := sun.print.ServiceDialog.MarginsPanel#validateMargins(float, float, float, float)#2 &amp; sun.print.ServiceDialog.MarginsPanel &amp; sun.print.ServiceDialog.MarginsPanel#validateMargins(float, float, float, float)#2 &amp; sun.print.ServiceDialog.MarginsPanel&quot;, &quot;h := sun.print.ServiceDialog.MarginsPanel#validateMargins(float, float, float, float)#2 &amp; sun.print.ServiceDialog.MarginsPanel#validateMargins(float, float, float, float)#3 &amp; sun.print.ServiceDialog.MarginsPanel &amp; sun.print.ServiceDialog.MarginsPanel#validateMargins(float, float, float, float)#2 &amp; sun.print.ServiceDialog.MarginsPanel#validateMargins(float, float, float, float)#3 &amp; sun.print.ServiceDialog.MarginsPanel&quot;, &quot;units := sun.print.ServiceDialog.MarginsPanel &amp; sun.print.ServiceDialog.MarginsPanel&quot;, &quot;MediaPrintableArea := MediaPrintableArea&quot;, &quot;x := sun.print.ServiceDialog.MarginsPanel#validateMargins(float, float, float, float)#0 &amp; sun.print.ServiceDialog.MarginsPanel &amp; sun.print.ServiceDialog.MarginsPanel#validateMargins(float, float, float, float)#0 &amp; sun.print.ServiceDialog.MarginsPanel&quot;, &quot;w := sun.print.ServiceDialog.MarginsPanel#validateMargins(float, float, float, float)#0 &amp; sun.print.ServiceDialog.MarginsPanel#validateMargins(float, float, float, float)#1 &amp; sun.print.ServiceDialog.MarginsPanel &amp; sun.print.ServiceDialog.MarginsPanel#validateMargins(float, float, float, float)#0 &amp; sun.print.ServiceDialog.MarginsPanel#validateMargins(float, float, float, float)#1 &amp; sun.print.ServiceDialog.MarginsPanel&quot; }"/>
        </annotation>
    </item>
    <item name='javax.print.attribute.standard.MediaPrintableArea MediaPrintableArea(int, int, int, int, int)'>
        <annotation name='com.intellij.inspections.tainted.annotation.equation.Equations'>
            <val val="{ &quot;MediaPrintableArea := MediaPrintableArea&quot; }"/>
        </annotation>
    </item>
    <item name='javax.print.attribute.standard.MediaPrintableArea float convertFromMicrometers(int, int)'>
        <annotation name='com.intellij.inspections.tainted.annotation.equation.Equations'>
            <val val="{ &quot;convertFromMicrometers := x &amp; units&quot;, &quot;x := MediaPrintableArea&quot;, &quot;units := #getX(int)#0 &amp; #getY(int)#0 &amp; #getWidth(int)#0 &amp; #getHeight(int)#0&quot; }"/>
        </annotation>
    </item>
    <item name='javax.print.attribute.standard.MediaPrintableArea float getHeight(int)'>
        <annotation name='com.intellij.inspections.tainted.annotation.equation.Equations'>
            <val val="{ &quot;units := sun.print.ServiceDialog.MarginsPanel &amp; #getPrintableArea(int)#0 &amp; sun.print.ServiceDialog.MarginsPanel&quot; }"/>
        </annotation>
    </item>
    <item name='javax.print.attribute.standard.MediaPrintableArea float getWidth(int)'>
        <annotation name='com.intellij.inspections.tainted.annotation.equation.Equations'>
            <val val="{ &quot;units := sun.print.ServiceDialog.MarginsPanel &amp; #getPrintableArea(int)#0 &amp; sun.print.ServiceDialog.MarginsPanel&quot; }"/>
        </annotation>
    </item>
    <item name='javax.print.attribute.standard.MediaPrintableArea float getX(int)'>
        <annotation name='com.intellij.inspections.tainted.annotation.equation.Equations'>
            <val val="{ &quot;units := sun.print.ServiceDialog.MarginsPanel &amp; #getPrintableArea(int)#0 &amp; sun.print.ServiceDialog.MarginsPanel&quot; }"/>
        </annotation>
    </item>
    <item name='javax.print.attribute.standard.MediaPrintableArea float getY(int)'>
        <annotation name='com.intellij.inspections.tainted.annotation.equation.Equations'>
            <val val="{ &quot;units := sun.print.ServiceDialog.MarginsPanel &amp; #getPrintableArea(int)#0 &amp; sun.print.ServiceDialog.MarginsPanel&quot; }"/>
        </annotation>
    </item>
    <item name='javax.print.attribute.standard.MediaPrintableArea float[] getPrintableArea(int)'>
        <annotation name='com.intellij.inspections.tainted.annotation.equation.Equations'>
            <val val="{ &quot;units := #INCH &amp; #toString(int, java.lang.String)#0&quot; }"/>
        </annotation>
    </item>
    <item name='javax.print.attribute.standard.MediaPrintableArea int hashCode()'>
        <annotation name='com.intellij.inspections.tainted.annotation.equation.Equations'>
            <val val="{ &quot;hashCode := MediaPrintableArea&quot; }"/>
        </annotation>
    </item>
    <item name='javax.print.attribute.standard.MediaPrintableArea java.lang.String toString(int, java.lang.String)'>
        <annotation name='com.intellij.inspections.tainted.annotation.equation.Equations'>
            <val val="{ &quot;units := #MM&quot;, &quot;toString := unitsName&quot; }"/>
        </annotation>
    </item>
    <item name='javax.print.attribute.standard.MediaSize'>
        <annotation name='com.intellij.inspections.tainted.annotation.equation.Equations'>
            <val val="{ &quot;MediaSize := &quot; }"/>
        </annotation>
    </item>
    <item name='javax.print.attribute.standard.MediaSize MediaSize(float, float, int)'>
        <annotation name='com.intellij.inspections.tainted.annotation.equation.Equations'>
            <val val="{ &quot;MediaSize := MediaSize&quot; }"/>
        </annotation>
    </item>
    <item name='javax.print.attribute.standard.MediaSize MediaSize(float, float, int, javax.print.attribute.standard.MediaSizeName)'>
        <annotation name='com.intellij.inspections.tainted.annotation.equation.Equations'>
            <val val="{ &quot;units := javax.print.attribute.Size2DSyntax#INCH&quot;, &quot;MediaSize := MediaSize&quot;, &quot;media := MediaSizeName#NA_LETTER &amp; MediaSizeName#NA_LEGAL &amp; MediaSizeName#NA_NUMBER_9_ENVELOPE &amp; MediaSizeName#NA_NUMBER_10_ENVELOPE &amp; MediaSizeName#NA_NUMBER_11_ENVELOPE &amp; MediaSizeName#NA_NUMBER_12_ENVELOPE &amp; MediaSizeName#NA_NUMBER_14_ENVELOPE &amp; MediaSizeName#NA_6X9_ENVELOPE &amp; MediaSizeName#NA_7X9_ENVELOPE &amp; MediaSizeName#NA_9X11_ENVELOPE &amp; MediaSizeName#NA_9X12_ENVELOPE &amp; MediaSizeName#NA_10X13_ENVELOPE &amp; MediaSizeName#NA_10X14_ENVELOPE &amp; MediaSizeName#NA_10X15_ENVELOPE &amp; MediaSizeName#A &amp; MediaSizeName#B &amp; MediaSizeName#C &amp; MediaSizeName#D &amp; MediaSizeName#E &amp; MediaSizeName#EXECUTIVE &amp; MediaSizeName#LEDGER &amp; MediaSizeName#TABLOID &amp; MediaSizeName#INVOICE &amp; MediaSizeName#FOLIO &amp; MediaSizeName#QUARTO &amp; MediaSizeName#MONARCH_ENVELOPE &amp; MediaSizeName#PERSONAL_ENVELOPE&quot; }"/>
        </annotation>
    </item>
    <item name='javax.print.attribute.standard.MediaSize MediaSize(int, int, int)'>
        <annotation name='com.intellij.inspections.tainted.annotation.equation.Equations'>
            <val val="{ &quot;MediaSize := MediaSize&quot;, &quot;units := javax.print.attribute.Size2DSyntax#MM&quot; }"/>
        </annotation>
    </item>
    <item name='javax.print.attribute.standard.MediaSize MediaSize(int, int, int, javax.print.attribute.standard.MediaSizeName)'>
        <annotation name='com.intellij.inspections.tainted.annotation.equation.Equations'>
            <val val="{ &quot;MediaSize := MediaSize&quot;, &quot;media := MediaSizeName#ISO_A0 &amp; MediaSizeName#ISO_A1 &amp; MediaSizeName#ISO_A2 &amp; MediaSizeName#ISO_A3 &amp; MediaSizeName#ISO_A4 &amp; MediaSizeName#ISO_A5 &amp; MediaSizeName#ISO_A6 &amp; MediaSizeName#ISO_A7 &amp; MediaSizeName#ISO_A8 &amp; MediaSizeName#ISO_A9 &amp; MediaSizeName#ISO_A10 &amp; MediaSizeName#ISO_B0 &amp; MediaSizeName#ISO_B1 &amp; MediaSizeName#ISO_B2 &amp; MediaSizeName#ISO_B3 &amp; MediaSizeName#ISO_B4 &amp; MediaSizeName#ISO_B5 &amp; MediaSizeName#ISO_B6 &amp; MediaSizeName#ISO_B7 &amp; MediaSizeName#ISO_B8 &amp; MediaSizeName#ISO_B9 &amp; MediaSizeName#ISO_B10 &amp; MediaSizeName#ISO_C3 &amp; MediaSizeName#ISO_C4 &amp; MediaSizeName#ISO_C5 &amp; MediaSizeName#ISO_C6 &amp; MediaSizeName#ISO_DESIGNATED_LONG &amp; MediaSizeName#JIS_B0 &amp; MediaSizeName#JIS_B1 &amp; MediaSizeName#JIS_B2 &amp; MediaSizeName#JIS_B3 &amp; MediaSizeName#JIS_B4 &amp; MediaSizeName#JIS_B5 &amp; MediaSizeName#JIS_B6 &amp; MediaSizeName#JIS_B7 &amp; MediaSizeName#JIS_B8 &amp; MediaSizeName#JIS_B9 &amp; MediaSizeName#JIS_B10 &amp; MediaSizeName#NA_5X7 &amp; MediaSizeName#NA_8X10 &amp; MediaSizeName#ITALY_ENVELOPE &amp; MediaSizeName#JAPANESE_POSTCARD &amp; MediaSizeName#JAPANESE_DOUBLE_POSTCARD&quot;, &quot;units := javax.print.attribute.Size2DSyntax#MM &amp; javax.print.attribute.Size2DSyntax#INCH&quot; }"/>
        </annotation>
    </item>
    <item name='javax.print.attribute.standard.MediaSize javax.print.attribute.standard.MediaSize getMediaSizeForName(javax.print.attribute.standard.MediaSizeName)'>
        <annotation name='com.intellij.inspections.tainted.annotation.equation.Equations'>
            <val val="{ &quot;media := &quot; }"/>
        </annotation>
    </item>
    <item name='javax.print.attribute.standard.MediaSize javax.print.attribute.standard.MediaSizeName getMediaSizeName()'>
        <annotation name='com.intellij.inspections.tainted.annotation.equation.Equations'>
            <val val="{ &quot;getMediaSizeName := MediaSize&quot; }"/>
        </annotation>
    </item>
    <item name='javax.print.attribute.standard.MediaSize.Engineering Engineering()'>
        <annotation name='com.intellij.inspections.tainted.annotation.equation.Equations'>
            <val val="{ &quot;Engineering := MediaSize.Engineering&quot; }"/>
        </annotation>
    </item>
    <item name='javax.print.attribute.standard.MediaSize.ISO ISO()'>
        <annotation name='com.intellij.inspections.tainted.annotation.equation.Equations'>
            <val val="{ &quot;ISO := MediaSize.ISO&quot; }"/>
        </annotation>
    </item>
    <item name='javax.print.attribute.standard.MediaSize.JIS JIS()'>
        <annotation name='com.intellij.inspections.tainted.annotation.equation.Equations'>
            <val val="{ &quot;JIS := MediaSize.JIS&quot; }"/>
        </annotation>
    </item>
    <item name='javax.print.attribute.standard.MediaSize.NA NA()'>
        <annotation name='com.intellij.inspections.tainted.annotation.equation.Equations'>
            <val val="{ &quot;NA := MediaSize.NA&quot; }"/>
        </annotation>
    </item>
    <item name='javax.print.attribute.standard.MediaSize.Other Other()'>
        <annotation name='com.intellij.inspections.tainted.annotation.equation.Equations'>
            <val val="{ &quot;Other := MediaSize.Other&quot; }"/>
        </annotation>
    </item>
    <item name='javax.print.attribute.standard.MediaSizeName MediaSizeName(int)'>
        <annotation name='com.intellij.inspections.tainted.annotation.equation.Equations'>
            <val val="{ &quot;MediaSizeName := MediaSizeName&quot; }"/>
        </annotation>
    </item>
    <item name='javax.print.attribute.standard.MediaSizeName java.lang.String[] getStringTable()'>
        <annotation name='com.intellij.inspections.tainted.annotation.equation.Equations'>
            <val val="{ &quot;getStringTable := #myStringTable&quot; }"/>
        </annotation>
    </item>
    <item name='javax.print.attribute.standard.MediaSizeName javax.print.attribute.EnumSyntax[] getEnumValueTable()'>
        <annotation name='com.intellij.inspections.tainted.annotation.equation.Equations'>
            <val val="{ &quot;getEnumValueTable := #myEnumValueTable&quot; }"/>
        </annotation>
    </item>
    <item name='javax.print.attribute.standard.MediaTray MediaTray(int)'>
        <annotation name='com.intellij.inspections.tainted.annotation.equation.Equations'>
            <val val="{ &quot;MediaTray := MediaTray&quot; }"/>
        </annotation>
    </item>
    <item name='javax.print.attribute.standard.MediaTray java.lang.String[] getStringTable()'>
        <annotation name='com.intellij.inspections.tainted.annotation.equation.Equations'>
            <val val="{ &quot;getStringTable := #myStringTable&quot; }"/>
        </annotation>
    </item>
    <item name='javax.print.attribute.standard.MediaTray javax.print.attribute.EnumSyntax[] getEnumValueTable()'>
        <annotation name='com.intellij.inspections.tainted.annotation.equation.Equations'>
            <val val="{ &quot;getEnumValueTable := #myEnumValueTable&quot; }"/>
        </annotation>
    </item>
    <item name='javax.print.attribute.standard.MultipleDocumentHandling MultipleDocumentHandling(int)'>
        <annotation name='com.intellij.inspections.tainted.annotation.equation.Equations'>
            <val val="{ &quot;MultipleDocumentHandling := MultipleDocumentHandling&quot; }"/>
        </annotation>
    </item>
    <item name='javax.print.attribute.standard.MultipleDocumentHandling java.lang.String[] getStringTable()'>
        <annotation name='com.intellij.inspections.tainted.annotation.equation.Equations'>
            <val val="{ &quot;getStringTable := #myStringTable&quot; }"/>
        </annotation>
    </item>
    <item name='javax.print.attribute.standard.MultipleDocumentHandling javax.print.attribute.EnumSyntax[] getEnumValueTable()'>
        <annotation name='com.intellij.inspections.tainted.annotation.equation.Equations'>
            <val val="{ &quot;getEnumValueTable := #myEnumValueTable&quot; }"/>
        </annotation>
    </item>
    <item name='javax.print.attribute.standard.NumberOfDocuments NumberOfDocuments(int)'>
        <annotation name='com.intellij.inspections.tainted.annotation.equation.Equations'>
            <val val="{ &quot;NumberOfDocuments := NumberOfDocuments&quot; }"/>
        </annotation>
    </item>
    <item name='javax.print.attribute.standard.NumberOfInterveningJobs NumberOfInterveningJobs(int)'>
        <annotation name='com.intellij.inspections.tainted.annotation.equation.Equations'>
            <val val="{ &quot;NumberOfInterveningJobs := NumberOfInterveningJobs&quot; }"/>
        </annotation>
    </item>
    <item name='javax.print.attribute.standard.NumberUp NumberUp(int)'>
        <annotation name='com.intellij.inspections.tainted.annotation.equation.Equations'>
            <val val="{ &quot;NumberUp := NumberUp&quot; }"/>
        </annotation>
    </item>
    <item name='javax.print.attribute.standard.NumberUpSupported NumberUpSupported(int)'>
        <annotation name='com.intellij.inspections.tainted.annotation.equation.Equations'>
            <val val="{ &quot;NumberUpSupported := NumberUpSupported&quot; }"/>
        </annotation>
    </item>
    <item name='javax.print.attribute.standard.NumberUpSupported NumberUpSupported(int, int)'>
        <annotation name='com.intellij.inspections.tainted.annotation.equation.Equations'>
            <val val="{ &quot;NumberUpSupported := NumberUpSupported&quot; }"/>
        </annotation>
    </item>
    <item name='javax.print.attribute.standard.NumberUpSupported NumberUpSupported(int[][])'>
        <annotation name='com.intellij.inspections.tainted.annotation.equation.Equations'>
            <val val="{ &quot;NumberUpSupported := NumberUpSupported&quot; }"/>
        </annotation>
    </item>
    <item name='javax.print.attribute.standard.OrientationRequested OrientationRequested(int)'>
        <annotation name='com.intellij.inspections.tainted.annotation.equation.Equations'>
            <val val="{ &quot;OrientationRequested := OrientationRequested&quot; }"/>
        </annotation>
    </item>
    <item name='javax.print.attribute.standard.OrientationRequested java.lang.String[] getStringTable()'>
        <annotation name='com.intellij.inspections.tainted.annotation.equation.Equations'>
            <val val="{ &quot;getStringTable := #myStringTable&quot; }"/>
        </annotation>
    </item>
    <item name='javax.print.attribute.standard.OrientationRequested javax.print.attribute.EnumSyntax[] getEnumValueTable()'>
        <annotation name='com.intellij.inspections.tainted.annotation.equation.Equations'>
            <val val="{ &quot;getEnumValueTable := #myEnumValueTable&quot; }"/>
        </annotation>
    </item>
    <item name='javax.print.attribute.standard.OutputDeviceAssigned OutputDeviceAssigned(java.lang.String, java.util.Locale)'>
        <annotation name='com.intellij.inspections.tainted.annotation.equation.Equations'>
            <val val="{ &quot;OutputDeviceAssigned := OutputDeviceAssigned&quot; }"/>
        </annotation>
    </item>
    <item name='javax.print.attribute.standard.PDLOverrideSupported PDLOverrideSupported(int)'>
        <annotation name='com.intellij.inspections.tainted.annotation.equation.Equations'>
            <val val="{ &quot;PDLOverrideSupported := PDLOverrideSupported&quot; }"/>
        </annotation>
    </item>
    <item name='javax.print.attribute.standard.PDLOverrideSupported java.lang.String[] getStringTable()'>
        <annotation name='com.intellij.inspections.tainted.annotation.equation.Equations'>
            <val val="{ &quot;getStringTable := #myStringTable&quot; }"/>
        </annotation>
    </item>
    <item name='javax.print.attribute.standard.PDLOverrideSupported javax.print.attribute.EnumSyntax[] getEnumValueTable()'>
        <annotation name='com.intellij.inspections.tainted.annotation.equation.Equations'>
            <val val="{ &quot;getEnumValueTable := #myEnumValueTable&quot; }"/>
        </annotation>
    </item>
    <item name='javax.print.attribute.standard.PageRanges PageRanges(int)'>
        <annotation name='com.intellij.inspections.tainted.annotation.equation.Equations'>
            <val val="{ &quot;PageRanges := PageRanges&quot; }"/>
        </annotation>
    </item>
    <item name='javax.print.attribute.standard.PageRanges PageRanges(int, int)'>
        <annotation name='com.intellij.inspections.tainted.annotation.equation.Equations'>
            <val val="{ &quot;lowerBound := &quot;, &quot;PageRanges := PageRanges&quot;, &quot;upperBound := &quot; }"/>
        </annotation>
    </item>
    <item name='javax.print.attribute.standard.PageRanges PageRanges(int[][])'>
        <annotation name='com.intellij.inspections.tainted.annotation.equation.Equations'>
            <val val="{ &quot;PageRanges := PageRanges&quot; }"/>
        </annotation>
    </item>
    <item name='javax.print.attribute.standard.PageRanges PageRanges(java.lang.String)'>
        <annotation name='com.intellij.inspections.tainted.annotation.equation.Equations'>
            <val val="{ &quot;PageRanges := PageRanges&quot; }"/>
        </annotation>
    </item>
    <item name='javax.print.attribute.standard.PagesPerMinute PagesPerMinute(int)'>
        <annotation name='com.intellij.inspections.tainted.annotation.equation.Equations'>
            <val val="{ &quot;PagesPerMinute := PagesPerMinute&quot; }"/>
        </annotation>
    </item>
    <item name='javax.print.attribute.standard.PagesPerMinuteColor PagesPerMinuteColor(int)'>
        <annotation name='com.intellij.inspections.tainted.annotation.equation.Equations'>
            <val val="{ &quot;PagesPerMinuteColor := PagesPerMinuteColor&quot; }"/>
        </annotation>
    </item>
    <item name='javax.print.attribute.standard.PresentationDirection PresentationDirection(int)'>
        <annotation name='com.intellij.inspections.tainted.annotation.equation.Equations'>
            <val val="{ &quot;PresentationDirection := PresentationDirection&quot; }"/>
        </annotation>
    </item>
    <item name='javax.print.attribute.standard.PresentationDirection java.lang.String[] getStringTable()'>
        <annotation name='com.intellij.inspections.tainted.annotation.equation.Equations'>
            <val val="{ &quot;getStringTable := #myStringTable&quot; }"/>
        </annotation>
    </item>
    <item name='javax.print.attribute.standard.PresentationDirection javax.print.attribute.EnumSyntax[] getEnumValueTable()'>
        <annotation name='com.intellij.inspections.tainted.annotation.equation.Equations'>
            <val val="{ &quot;getEnumValueTable := #myEnumValueTable&quot; }"/>
        </annotation>
    </item>
    <item name='javax.print.attribute.standard.PrintQuality PrintQuality(int)'>
        <annotation name='com.intellij.inspections.tainted.annotation.equation.Equations'>
            <val val="{ &quot;PrintQuality := PrintQuality&quot; }"/>
        </annotation>
    </item>
    <item name='javax.print.attribute.standard.PrintQuality java.lang.String[] getStringTable()'>
        <annotation name='com.intellij.inspections.tainted.annotation.equation.Equations'>
            <val val="{ &quot;getStringTable := #myStringTable&quot; }"/>
        </annotation>
    </item>
    <item name='javax.print.attribute.standard.PrintQuality javax.print.attribute.EnumSyntax[] getEnumValueTable()'>
        <annotation name='com.intellij.inspections.tainted.annotation.equation.Equations'>
            <val val="{ &quot;getEnumValueTable := #myEnumValueTable&quot; }"/>
        </annotation>
    </item>
    <item name='javax.print.attribute.standard.PrinterInfo PrinterInfo(java.lang.String, java.util.Locale)'>
        <annotation name='com.intellij.inspections.tainted.annotation.equation.Equations'>
            <val val="{ &quot;PrinterInfo := PrinterInfo&quot; }"/>
        </annotation>
    </item>
    <item name='javax.print.attribute.standard.PrinterIsAcceptingJobs PrinterIsAcceptingJobs(int)'>
        <annotation name='com.intellij.inspections.tainted.annotation.equation.Equations'>
            <val val="{ &quot;PrinterIsAcceptingJobs := PrinterIsAcceptingJobs&quot; }"/>
        </annotation>
    </item>
    <item name='javax.print.attribute.standard.PrinterIsAcceptingJobs java.lang.String[] getStringTable()'>
        <annotation name='com.intellij.inspections.tainted.annotation.equation.Equations'>
            <val val="{ &quot;getStringTable := #myStringTable&quot; }"/>
        </annotation>
    </item>
    <item name='javax.print.attribute.standard.PrinterIsAcceptingJobs javax.print.attribute.EnumSyntax[] getEnumValueTable()'>
        <annotation name='com.intellij.inspections.tainted.annotation.equation.Equations'>
            <val val="{ &quot;getEnumValueTable := #myEnumValueTable&quot; }"/>
        </annotation>
    </item>
    <item name='javax.print.attribute.standard.PrinterLocation PrinterLocation(java.lang.String, java.util.Locale)'>
        <annotation name='com.intellij.inspections.tainted.annotation.equation.Equations'>
            <val val="{ &quot;PrinterLocation := PrinterLocation&quot; }"/>
        </annotation>
    </item>
    <item name='javax.print.attribute.standard.PrinterMakeAndModel PrinterMakeAndModel(java.lang.String, java.util.Locale)'>
        <annotation name='com.intellij.inspections.tainted.annotation.equation.Equations'>
            <val val="{ &quot;PrinterMakeAndModel := PrinterMakeAndModel&quot; }"/>
        </annotation>
    </item>
    <item name='javax.print.attribute.standard.PrinterMessageFromOperator PrinterMessageFromOperator(java.lang.String, java.util.Locale)'>
        <annotation name='com.intellij.inspections.tainted.annotation.equation.Equations'>
            <val val="{ &quot;PrinterMessageFromOperator := PrinterMessageFromOperator&quot; }"/>
        </annotation>
    </item>
    <item name='javax.print.attribute.standard.PrinterMoreInfo PrinterMoreInfo(java.net.URI)'>
        <annotation name='com.intellij.inspections.tainted.annotation.equation.Equations'>
            <val val="{ &quot;PrinterMoreInfo := PrinterMoreInfo&quot; }"/>
        </annotation>
    </item>
    <item name='javax.print.attribute.standard.PrinterMoreInfoManufacturer PrinterMoreInfoManufacturer(java.net.URI)'>
        <annotation name='com.intellij.inspections.tainted.annotation.equation.Equations'>
            <val val="{ &quot;PrinterMoreInfoManufacturer := PrinterMoreInfoManufacturer&quot; }"/>
        </annotation>
    </item>
    <item name='javax.print.attribute.standard.PrinterName PrinterName(java.lang.String, java.util.Locale)'>
        <annotation name='com.intellij.inspections.tainted.annotation.equation.Equations'>
            <val val="{ &quot;PrinterName := PrinterName&quot; }"/>
        </annotation>
    </item>
    <item name='javax.print.attribute.standard.PrinterResolution PrinterResolution(int, int, int)'>
        <annotation name='com.intellij.inspections.tainted.annotation.equation.Equations'>
            <val val="{ &quot;PrinterResolution := PrinterResolution&quot; }"/>
        </annotation>
    </item>
    <item name='javax.print.attribute.standard.PrinterState PrinterState(int)'>
        <annotation name='com.intellij.inspections.tainted.annotation.equation.Equations'>
            <val val="{ &quot;PrinterState := PrinterState&quot; }"/>
        </annotation>
    </item>
    <item name='javax.print.attribute.standard.PrinterState java.lang.String[] getStringTable()'>
        <annotation name='com.intellij.inspections.tainted.annotation.equation.Equations'>
            <val val="{ &quot;getStringTable := #myStringTable&quot; }"/>
        </annotation>
    </item>
    <item name='javax.print.attribute.standard.PrinterState javax.print.attribute.EnumSyntax[] getEnumValueTable()'>
        <annotation name='com.intellij.inspections.tainted.annotation.equation.Equations'>
            <val val="{ &quot;getEnumValueTable := #myEnumValueTable&quot; }"/>
        </annotation>
    </item>
    <item name='javax.print.attribute.standard.PrinterStateReason PrinterStateReason(int)'>
        <annotation name='com.intellij.inspections.tainted.annotation.equation.Equations'>
            <val val="{ &quot;PrinterStateReason := PrinterStateReason&quot; }"/>
        </annotation>
    </item>
    <item name='javax.print.attribute.standard.PrinterStateReason java.lang.String[] getStringTable()'>
        <annotation name='com.intellij.inspections.tainted.annotation.equation.Equations'>
            <val val="{ &quot;getStringTable := #myStringTable&quot; }"/>
        </annotation>
    </item>
    <item name='javax.print.attribute.standard.PrinterStateReason javax.print.attribute.EnumSyntax[] getEnumValueTable()'>
        <annotation name='com.intellij.inspections.tainted.annotation.equation.Equations'>
            <val val="{ &quot;getEnumValueTable := #myEnumValueTable&quot; }"/>
        </annotation>
    </item>
    <item name='javax.print.attribute.standard.PrinterStateReasons PrinterStateReasons(int)'>
        <annotation name='com.intellij.inspections.tainted.annotation.equation.Equations'>
            <val val="{ &quot;PrinterStateReasons := PrinterStateReasons&quot; }"/>
        </annotation>
    </item>
    <item name='javax.print.attribute.standard.PrinterStateReasons PrinterStateReasons(int, float)'>
        <annotation name='com.intellij.inspections.tainted.annotation.equation.Equations'>
            <val val="{ &quot;PrinterStateReasons := PrinterStateReasons&quot; }"/>
        </annotation>
    </item>
    <item name='javax.print.attribute.standard.PrinterURI PrinterURI(java.net.URI)'>
        <annotation name='com.intellij.inspections.tainted.annotation.equation.Equations'>
            <val val="{ &quot;PrinterURI := PrinterURI&quot; }"/>
        </annotation>
    </item>
    <item name='javax.print.attribute.standard.QueuedJobCount QueuedJobCount(int)'>
        <annotation name='com.intellij.inspections.tainted.annotation.equation.Equations'>
            <val val="{ &quot;QueuedJobCount := QueuedJobCount&quot; }"/>
        </annotation>
    </item>
    <item name='javax.print.attribute.standard.ReferenceUriSchemesSupported ReferenceUriSchemesSupported(int)'>
        <annotation name='com.intellij.inspections.tainted.annotation.equation.Equations'>
            <val val="{ &quot;ReferenceUriSchemesSupported := ReferenceUriSchemesSupported&quot; }"/>
        </annotation>
    </item>
    <item name='javax.print.attribute.standard.ReferenceUriSchemesSupported java.lang.String[] getStringTable()'>
        <annotation name='com.intellij.inspections.tainted.annotation.equation.Equations'>
            <val val="{ &quot;getStringTable := #myStringTable&quot; }"/>
        </annotation>
    </item>
    <item name='javax.print.attribute.standard.ReferenceUriSchemesSupported javax.print.attribute.EnumSyntax[] getEnumValueTable()'>
        <annotation name='com.intellij.inspections.tainted.annotation.equation.Equations'>
            <val val="{ &quot;getEnumValueTable := #myEnumValueTable&quot; }"/>
        </annotation>
    </item>
    <item name='javax.print.attribute.standard.RequestingUserName RequestingUserName(java.lang.String, java.util.Locale)'>
        <annotation name='com.intellij.inspections.tainted.annotation.equation.Equations'>
            <val val="{ &quot;locale := &quot;, &quot;RequestingUserName := RequestingUserName&quot;, &quot;userName := &quot; }"/>
        </annotation>
    </item>
    <item name='javax.print.attribute.standard.Severity Severity(int)'>
        <annotation name='com.intellij.inspections.tainted.annotation.equation.Equations'>
            <val val="{ &quot;Severity := Severity&quot; }"/>
        </annotation>
    </item>
    <item name='javax.print.attribute.standard.Severity java.lang.String[] getStringTable()'>
        <annotation name='com.intellij.inspections.tainted.annotation.equation.Equations'>
            <val val="{ &quot;getStringTable := #myStringTable&quot; }"/>
        </annotation>
    </item>
    <item name='javax.print.attribute.standard.Severity javax.print.attribute.EnumSyntax[] getEnumValueTable()'>
        <annotation name='com.intellij.inspections.tainted.annotation.equation.Equations'>
            <val val="{ &quot;getEnumValueTable := #myEnumValueTable&quot; }"/>
        </annotation>
    </item>
    <item name='javax.print.attribute.standard.SheetCollate SheetCollate(int)'>
        <annotation name='com.intellij.inspections.tainted.annotation.equation.Equations'>
            <val val="{ &quot;SheetCollate := SheetCollate&quot; }"/>
        </annotation>
    </item>
    <item name='javax.print.attribute.standard.SheetCollate java.lang.String[] getStringTable()'>
        <annotation name='com.intellij.inspections.tainted.annotation.equation.Equations'>
            <val val="{ &quot;getStringTable := #myStringTable&quot; }"/>
        </annotation>
    </item>
    <item name='javax.print.attribute.standard.SheetCollate javax.print.attribute.EnumSyntax[] getEnumValueTable()'>
        <annotation name='com.intellij.inspections.tainted.annotation.equation.Equations'>
            <val val="{ &quot;getEnumValueTable := #myEnumValueTable&quot; }"/>
        </annotation>
    </item>
    <item name='javax.print.attribute.standard.Sides Sides(int)'>
        <annotation name='com.intellij.inspections.tainted.annotation.equation.Equations'>
            <val val="{ &quot;Sides := Sides&quot; }"/>
        </annotation>
    </item>
    <item name='javax.print.attribute.standard.Sides java.lang.String[] getStringTable()'>
        <annotation name='com.intellij.inspections.tainted.annotation.equation.Equations'>
            <val val="{ &quot;getStringTable := #myStringTable&quot; }"/>
        </annotation>
    </item>
    <item name='javax.print.attribute.standard.Sides javax.print.attribute.EnumSyntax[] getEnumValueTable()'>
        <annotation name='com.intellij.inspections.tainted.annotation.equation.Equations'>
            <val val="{ &quot;getEnumValueTable := #myEnumValueTable&quot; }"/>
        </annotation>
    </item>
</root>