<root>
    <item name='org.xml.sax.ext.Attributes2 boolean isDeclared(int)'>
        <annotation name='com.intellij.inspections.tainted.annotation.equation.Equations'>
            <val val="{ &quot;index := com.sun.org.apache.xerces.internal.util.AttributesProxy#isDeclared(int)#0 &amp; com.sun.org.apache.xerces.internal.parsers.AbstractSAXParser.AttributesProxy#isDeclared(int)#0 &amp; Attributes2Impl#isDeclared(int)#0&quot; }"/>
        </annotation>
    </item>
    <item name='org.xml.sax.ext.Attributes2 boolean isDeclared(java.lang.String)'>
        <annotation name='com.intellij.inspections.tainted.annotation.equation.Equations'>
            <val val="{ &quot;qName := com.sun.org.apache.xerces.internal.util.AttributesProxy#isDeclared(java.lang.String)#0 &amp; com.sun.org.apache.xerces.internal.parsers.AbstractSAXParser.AttributesProxy#isDeclared(java.lang.String)#0 &amp; Attributes2Impl#isDeclared(java.lang.String)#0&quot; }"/>
        </annotation>
    </item>
    <item name='org.xml.sax.ext.Attributes2 boolean isDeclared(java.lang.String, java.lang.String)'>
        <annotation name='com.intellij.inspections.tainted.annotation.equation.Equations'>
            <val val="{ &quot;localName := com.sun.org.apache.xerces.internal.util.AttributesProxy#isDeclared(java.lang.String, java.lang.String)#1 &amp; com.sun.org.apache.xerces.internal.parsers.AbstractSAXParser.AttributesProxy#isDeclared(java.lang.String, java.lang.String)#1 &amp; Attributes2Impl#isDeclared(java.lang.String, java.lang.String)#1&quot;, &quot;uri := com.sun.org.apache.xerces.internal.util.AttributesProxy#isDeclared(java.lang.String, java.lang.String)#0 &amp; com.sun.org.apache.xerces.internal.parsers.AbstractSAXParser.AttributesProxy#isDeclared(java.lang.String, java.lang.String)#0 &amp; Attributes2Impl#isDeclared(java.lang.String, java.lang.String)#0&quot; }"/>
        </annotation>
    </item>
    <item name='org.xml.sax.ext.Attributes2 boolean isSpecified(int)'>
        <annotation name='com.intellij.inspections.tainted.annotation.equation.Equations'>
            <val val="{ &quot;index := com.sun.org.apache.xerces.internal.util.AttributesProxy#isSpecified(int)#0 &amp; com.sun.org.apache.xerces.internal.parsers.AbstractSAXParser.AttributesProxy#isSpecified(int)#0 &amp; Attributes2Impl#isSpecified(int)#0&quot; }"/>
        </annotation>
    </item>
    <item name='org.xml.sax.ext.Attributes2 boolean isSpecified(java.lang.String)'>
        <annotation name='com.intellij.inspections.tainted.annotation.equation.Equations'>
            <val val="{ &quot;qName := com.sun.org.apache.xerces.internal.util.AttributesProxy#isSpecified(java.lang.String)#0 &amp; com.sun.org.apache.xerces.internal.parsers.AbstractSAXParser.AttributesProxy#isSpecified(java.lang.String)#0 &amp; Attributes2Impl#isSpecified(java.lang.String)#0&quot; }"/>
        </annotation>
    </item>
    <item name='org.xml.sax.ext.Attributes2 boolean isSpecified(java.lang.String, java.lang.String)'>
        <annotation name='com.intellij.inspections.tainted.annotation.equation.Equations'>
            <val val="{ &quot;uri := com.sun.org.apache.xerces.internal.parsers.AbstractSAXParser.AttributesProxy#isSpecified(java.lang.String, java.lang.String)#0 &amp; Attributes2Impl#isSpecified(java.lang.String, java.lang.String)#0 &amp; com.sun.org.apache.xerces.internal.util.AttributesProxy#isSpecified(java.lang.String, java.lang.String)#0&quot;, &quot;localName := com.sun.org.apache.xerces.internal.parsers.AbstractSAXParser.AttributesProxy#isSpecified(java.lang.String, java.lang.String)#1 &amp; Attributes2Impl#isSpecified(java.lang.String, java.lang.String)#1 &amp; com.sun.org.apache.xerces.internal.util.AttributesProxy#isSpecified(java.lang.String, java.lang.String)#1&quot; }"/>
        </annotation>
    </item>
    <item name='org.xml.sax.ext.Attributes2Impl Attributes2Impl()'>
        <annotation name='com.intellij.inspections.tainted.annotation.equation.Equations'>
            <val val="{ &quot;Attributes2Impl := Attributes2Impl&quot; }"/>
        </annotation>
    </item>
    <item name='org.xml.sax.ext.Attributes2Impl Attributes2Impl(org.xml.sax.Attributes)'>
        <annotation name='com.intellij.inspections.tainted.annotation.equation.Equations'>
            <val val="{ &quot;Attributes2Impl := Attributes2Impl&quot; }"/>
        </annotation>
    </item>
    <item name='org.xml.sax.ext.DeclHandler void attributeDecl(java.lang.String, java.lang.String, java.lang.String, java.lang.String, java.lang.String)'>
        <annotation name='com.intellij.inspections.tainted.annotation.equation.Equations'>
            <val val="{ &quot;aName := com.sun.org.apache.xerces.internal.parsers.AbstractSAXParser#attributeDecl(java.lang.String, java.lang.String, java.lang.String, java.lang.String[], java.lang.String, com.sun.org.apache.xerces.internal.xni.XMLString, com.sun.org.apache.xerces.internal.xni.XMLString, com.sun.org.apache.xerces.internal.xni.Augmentations)#1 &amp; com.sun.org.apache.xml.internal.serializer.ToUnknownStream#attributeDecl(java.lang.String, java.lang.String, java.lang.String, java.lang.String, java.lang.String)#1 &amp; com.sun.org.apache.xalan.internal.xsltc.trax.TransformerHandlerImpl#attributeDecl(java.lang.String, java.lang.String, java.lang.String, java.lang.String, java.lang.String)#1 &amp; com.sun.org.apache.xml.internal.dtm.ref.sax2dtm.SAX2DTM#attributeDecl(java.lang.String, java.lang.String, java.lang.String, java.lang.String, java.lang.String)#1 &amp; com.sun.org.apache.xml.internal.serialize.BaseMarkupSerializer#attributeDecl(java.lang.String, java.lang.String, java.lang.String, java.lang.String, java.lang.String)#1 &amp; com.sun.org.apache.xml.internal.serializer.ToStream#attributeDecl(java.lang.String, java.lang.String, java.lang.String, java.lang.String, java.lang.String)#1 &amp; com.sun.org.apache.xml.internal.serializer.EmptySerializer#attributeDecl(java.lang.String, java.lang.String, java.lang.String, java.lang.String, java.lang.String)#1 &amp; com.sun.org.apache.xml.internal.serializer.ToXMLSAXHandler#attributeDecl(java.lang.String, java.lang.String, java.lang.String, java.lang.String, java.lang.String)#1 &amp; com.sun.org.apache.xml.internal.serializer.ToHTMLSAXHandler#attributeDecl(java.lang.String, java.lang.String, java.lang.String, java.lang.String, java.lang.String)#1 &amp; com.sun.org.apache.xml.internal.serializer.ToTextSAXHandler#attributeDecl(java.lang.String, java.lang.String, java.lang.String, java.lang.String, java.lang.String)#1 &amp; DefaultHandler2#attributeDecl(java.lang.String, java.lang.String, java.lang.String, java.lang.String, java.lang.String)#1&quot;, &quot;eName := com.sun.org.apache.xerces.internal.parsers.AbstractSAXParser#attributeDecl(java.lang.String, java.lang.String, java.lang.String, java.lang.String[], java.lang.String, com.sun.org.apache.xerces.internal.xni.XMLString, com.sun.org.apache.xerces.internal.xni.XMLString, com.sun.org.apache.xerces.internal.xni.Augmentations)#0 &amp; com.sun.org.apache.xml.internal.serializer.ToUnknownStream#attributeDecl(java.lang.String, java.lang.String, java.lang.String, java.lang.String, java.lang.String)#0 &amp; com.sun.org.apache.xalan.internal.xsltc.trax.TransformerHandlerImpl#attributeDecl(java.lang.String, java.lang.String, java.lang.String, java.lang.String, java.lang.String)#0 &amp; com.sun.org.apache.xml.internal.dtm.ref.sax2dtm.SAX2DTM#attributeDecl(java.lang.String, java.lang.String, java.lang.String, java.lang.String, java.lang.String)#0 &amp; com.sun.org.apache.xml.internal.serialize.BaseMarkupSerializer#attributeDecl(java.lang.String, java.lang.String, java.lang.String, java.lang.String, java.lang.String)#0 &amp; com.sun.org.apache.xml.internal.serializer.ToStream#attributeDecl(java.lang.String, java.lang.String, java.lang.String, java.lang.String, java.lang.String)#0 &amp; com.sun.org.apache.xml.internal.serializer.EmptySerializer#attributeDecl(java.lang.String, java.lang.String, java.lang.String, java.lang.String, java.lang.String)#0 &amp; com.sun.org.apache.xml.internal.serializer.ToXMLSAXHandler#attributeDecl(java.lang.String, java.lang.String, java.lang.String, java.lang.String, java.lang.String)#0 &amp; com.sun.org.apache.xml.internal.serializer.ToHTMLSAXHandler#attributeDecl(java.lang.String, java.lang.String, java.lang.String, java.lang.String, java.lang.String)#0 &amp; com.sun.org.apache.xml.internal.serializer.ToTextSAXHandler#attributeDecl(java.lang.String, java.lang.String, java.lang.String, java.lang.String, java.lang.String)#0 &amp; DefaultHandler2#attributeDecl(java.lang.String, java.lang.String, java.lang.String, java.lang.String, java.lang.String)#0&quot;, &quot;value := com.sun.org.apache.xml.internal.serializer.ToUnknownStream#attributeDecl(java.lang.String, java.lang.String, java.lang.String, java.lang.String, java.lang.String)#4 &amp; com.sun.org.apache.xalan.internal.xsltc.trax.TransformerHandlerImpl#attributeDecl(java.lang.String, java.lang.String, java.lang.String, java.lang.String, java.lang.String)#4 &amp; com.sun.org.apache.xml.internal.dtm.ref.sax2dtm.SAX2DTM#attributeDecl(java.lang.String, java.lang.String, java.lang.String, java.lang.String, java.lang.String)#4 &amp; com.sun.org.apache.xml.internal.serialize.BaseMarkupSerializer#attributeDecl(java.lang.String, java.lang.String, java.lang.String, java.lang.String, java.lang.String)#4 &amp; com.sun.org.apache.xml.internal.serializer.ToStream#attributeDecl(java.lang.String, java.lang.String, java.lang.String, java.lang.String, java.lang.String)#4 &amp; com.sun.org.apache.xml.internal.serializer.EmptySerializer#attributeDecl(java.lang.String, java.lang.String, java.lang.String, java.lang.String, java.lang.String)#4 &amp; com.sun.org.apache.xml.internal.serializer.ToXMLSAXHandler#attributeDecl(java.lang.String, java.lang.String, java.lang.String, java.lang.String, java.lang.String)#4 &amp; com.sun.org.apache.xml.internal.serializer.ToHTMLSAXHandler#attributeDecl(java.lang.String, java.lang.String, java.lang.String, java.lang.String, java.lang.String)#4 &amp; com.sun.org.apache.xml.internal.serializer.ToTextSAXHandler#attributeDecl(java.lang.String, java.lang.String, java.lang.String, java.lang.String, java.lang.String)#4 &amp; DefaultHandler2#attributeDecl(java.lang.String, java.lang.String, java.lang.String, java.lang.String, java.lang.String)#4&quot;, &quot;type := com.sun.org.apache.xerces.internal.parsers.AbstractSAXParser#attributeDecl(java.lang.String, java.lang.String, java.lang.String, java.lang.String[], java.lang.String, com.sun.org.apache.xerces.internal.xni.XMLString, com.sun.org.apache.xerces.internal.xni.XMLString, com.sun.org.apache.xerces.internal.xni.Augmentations)#2 &amp; com.sun.org.apache.xml.internal.serializer.ToUnknownStream#attributeDecl(java.lang.String, java.lang.String, java.lang.String, java.lang.String, java.lang.String)#2 &amp; com.sun.org.apache.xalan.internal.xsltc.trax.TransformerHandlerImpl#attributeDecl(java.lang.String, java.lang.String, java.lang.String, java.lang.String, java.lang.String)#2 &amp; com.sun.org.apache.xml.internal.dtm.ref.sax2dtm.SAX2DTM#attributeDecl(java.lang.String, java.lang.String, java.lang.String, java.lang.String, java.lang.String)#2 &amp; com.sun.org.apache.xml.internal.serialize.BaseMarkupSerializer#attributeDecl(java.lang.String, java.lang.String, java.lang.String, java.lang.String, java.lang.String)#2 &amp; com.sun.org.apache.xml.internal.serializer.ToStream#attributeDecl(java.lang.String, java.lang.String, java.lang.String, java.lang.String, java.lang.String)#2 &amp; com.sun.org.apache.xml.internal.serializer.EmptySerializer#attributeDecl(java.lang.String, java.lang.String, java.lang.String, java.lang.String, java.lang.String)#2 &amp; com.sun.org.apache.xml.internal.serializer.ToXMLSAXHandler#attributeDecl(java.lang.String, java.lang.String, java.lang.String, java.lang.String, java.lang.String)#2 &amp; com.sun.org.apache.xml.internal.serializer.ToHTMLSAXHandler#attributeDecl(java.lang.String, java.lang.String, java.lang.String, java.lang.String, java.lang.String)#2 &amp; com.sun.org.apache.xml.internal.serializer.ToTextSAXHandler#attributeDecl(java.lang.String, java.lang.String, java.lang.String, java.lang.String, java.lang.String)#2 &amp; DefaultHandler2#attributeDecl(java.lang.String, java.lang.String, java.lang.String, java.lang.String, java.lang.String)#2&quot;, &quot;mode := com.sun.org.apache.xerces.internal.parsers.AbstractSAXParser#attributeDecl(java.lang.String, java.lang.String, java.lang.String, java.lang.String[], java.lang.String, com.sun.org.apache.xerces.internal.xni.XMLString, com.sun.org.apache.xerces.internal.xni.XMLString, com.sun.org.apache.xerces.internal.xni.Augmentations)#4 &amp; com.sun.org.apache.xml.internal.serializer.ToUnknownStream#attributeDecl(java.lang.String, java.lang.String, java.lang.String, java.lang.String, java.lang.String)#3 &amp; com.sun.org.apache.xalan.internal.xsltc.trax.TransformerHandlerImpl#attributeDecl(java.lang.String, java.lang.String, java.lang.String, java.lang.String, java.lang.String)#3 &amp; com.sun.org.apache.xml.internal.dtm.ref.sax2dtm.SAX2DTM#attributeDecl(java.lang.String, java.lang.String, java.lang.String, java.lang.String, java.lang.String)#3 &amp; com.sun.org.apache.xml.internal.serialize.BaseMarkupSerializer#attributeDecl(java.lang.String, java.lang.String, java.lang.String, java.lang.String, java.lang.String)#3 &amp; com.sun.org.apache.xml.internal.serializer.ToStream#attributeDecl(java.lang.String, java.lang.String, java.lang.String, java.lang.String, java.lang.String)#3 &amp; com.sun.org.apache.xml.internal.serializer.EmptySerializer#attributeDecl(java.lang.String, java.lang.String, java.lang.String, java.lang.String, java.lang.String)#3 &amp; com.sun.org.apache.xml.internal.serializer.ToXMLSAXHandler#attributeDecl(java.lang.String, java.lang.String, java.lang.String, java.lang.String, java.lang.String)#3 &amp; com.sun.org.apache.xml.internal.serializer.ToHTMLSAXHandler#attributeDecl(java.lang.String, java.lang.String, java.lang.String, java.lang.String, java.lang.String)#3 &amp; com.sun.org.apache.xml.internal.serializer.ToTextSAXHandler#attributeDecl(java.lang.String, java.lang.String, java.lang.String, java.lang.String, java.lang.String)#3 &amp; DefaultHandler2#attributeDecl(java.lang.String, java.lang.String, java.lang.String, java.lang.String, java.lang.String)#3&quot; }"/>
        </annotation>
    </item>
    <item name='org.xml.sax.ext.DeclHandler void elementDecl(java.lang.String, java.lang.String)'>
        <annotation name='com.intellij.inspections.tainted.annotation.equation.Equations'>
            <val val="{ &quot;model := com.sun.org.apache.xerces.internal.parsers.AbstractSAXParser#elementDecl(java.lang.String, java.lang.String, com.sun.org.apache.xerces.internal.xni.Augmentations)#1 &amp; com.sun.org.apache.xml.internal.serializer.ToUnknownStream#elementDecl(java.lang.String, java.lang.String)#1 &amp; com.sun.org.apache.xalan.internal.xsltc.trax.TransformerHandlerImpl#elementDecl(java.lang.String, java.lang.String)#1 &amp; com.sun.org.apache.xml.internal.dtm.ref.sax2dtm.SAX2DTM#elementDecl(java.lang.String, java.lang.String)#1 &amp; com.sun.org.apache.xml.internal.serialize.BaseMarkupSerializer#elementDecl(java.lang.String, java.lang.String)#1 &amp; com.sun.org.apache.xml.internal.serializer.ToStream#elementDecl(java.lang.String, java.lang.String)#1 &amp; com.sun.org.apache.xml.internal.serializer.EmptySerializer#elementDecl(java.lang.String, java.lang.String)#1 &amp; com.sun.org.apache.xml.internal.serializer.ToXMLSAXHandler#elementDecl(java.lang.String, java.lang.String)#1 &amp; com.sun.org.apache.xml.internal.serializer.ToHTMLSAXHandler#elementDecl(java.lang.String, java.lang.String)#1 &amp; com.sun.org.apache.xml.internal.serializer.ToTextSAXHandler#elementDecl(java.lang.String, java.lang.String)#1 &amp; DefaultHandler2#elementDecl(java.lang.String, java.lang.String)#1&quot;, &quot;name := com.sun.org.apache.xerces.internal.parsers.AbstractSAXParser#elementDecl(java.lang.String, java.lang.String, com.sun.org.apache.xerces.internal.xni.Augmentations)#0 &amp; com.sun.org.apache.xml.internal.serializer.ToUnknownStream#elementDecl(java.lang.String, java.lang.String)#0 &amp; com.sun.org.apache.xalan.internal.xsltc.trax.TransformerHandlerImpl#elementDecl(java.lang.String, java.lang.String)#0 &amp; com.sun.org.apache.xml.internal.dtm.ref.sax2dtm.SAX2DTM#elementDecl(java.lang.String, java.lang.String)#0 &amp; com.sun.org.apache.xml.internal.serialize.BaseMarkupSerializer#elementDecl(java.lang.String, java.lang.String)#0 &amp; com.sun.org.apache.xml.internal.serializer.ToStream#elementDecl(java.lang.String, java.lang.String)#0 &amp; com.sun.org.apache.xml.internal.serializer.EmptySerializer#elementDecl(java.lang.String, java.lang.String)#0 &amp; com.sun.org.apache.xml.internal.serializer.ToXMLSAXHandler#elementDecl(java.lang.String, java.lang.String)#0 &amp; com.sun.org.apache.xml.internal.serializer.ToHTMLSAXHandler#elementDecl(java.lang.String, java.lang.String)#0 &amp; com.sun.org.apache.xml.internal.serializer.ToTextSAXHandler#elementDecl(java.lang.String, java.lang.String)#0 &amp; DefaultHandler2#elementDecl(java.lang.String, java.lang.String)#0&quot; }"/>
        </annotation>
    </item>
    <item name='org.xml.sax.ext.DeclHandler void externalEntityDecl(java.lang.String, java.lang.String, java.lang.String)'>
        <annotation name='com.intellij.inspections.tainted.annotation.equation.Equations'>
            <val val="{ &quot;systemId := com.sun.org.apache.xml.internal.serializer.ToUnknownStream#externalEntityDecl(java.lang.String, java.lang.String, java.lang.String)#2 &amp; com.sun.org.apache.xml.internal.serializer.ToStream#externalEntityDecl(java.lang.String, java.lang.String, java.lang.String)#2 &amp; com.sun.org.apache.xml.internal.serializer.ToHTMLSAXHandler#externalEntityDecl(java.lang.String, java.lang.String, java.lang.String)#2 &amp; com.sun.org.apache.xml.internal.serializer.ToXMLSAXHandler#externalEntityDecl(java.lang.String, java.lang.String, java.lang.String)#2 &amp; com.sun.org.apache.xml.internal.serializer.ToTextSAXHandler#externalEntityDecl(java.lang.String, java.lang.String, java.lang.String)#2 &amp; com.sun.org.apache.xml.internal.dtm.ref.sax2dtm.SAX2DTM#externalEntityDecl(java.lang.String, java.lang.String, java.lang.String)#2 &amp; com.sun.org.apache.xml.internal.serialize.BaseMarkupSerializer#externalEntityDecl(java.lang.String, java.lang.String, java.lang.String)#2 &amp; com.sun.org.apache.xalan.internal.xsltc.trax.TransformerHandlerImpl#externalEntityDecl(java.lang.String, java.lang.String, java.lang.String)#2 &amp; com.sun.org.apache.xml.internal.serializer.EmptySerializer#externalEntityDecl(java.lang.String, java.lang.String, java.lang.String)#2 &amp; DefaultHandler2#externalEntityDecl(java.lang.String, java.lang.String, java.lang.String)#2&quot;, &quot;publicId := com.sun.org.apache.xml.internal.serializer.ToUnknownStream#externalEntityDecl(java.lang.String, java.lang.String, java.lang.String)#1 &amp; com.sun.org.apache.xml.internal.serializer.ToStream#externalEntityDecl(java.lang.String, java.lang.String, java.lang.String)#1 &amp; com.sun.org.apache.xml.internal.serializer.ToHTMLSAXHandler#externalEntityDecl(java.lang.String, java.lang.String, java.lang.String)#1 &amp; com.sun.org.apache.xml.internal.serializer.ToXMLSAXHandler#externalEntityDecl(java.lang.String, java.lang.String, java.lang.String)#1 &amp; com.sun.org.apache.xml.internal.serializer.ToTextSAXHandler#externalEntityDecl(java.lang.String, java.lang.String, java.lang.String)#1 &amp; com.sun.org.apache.xml.internal.dtm.ref.sax2dtm.SAX2DTM#externalEntityDecl(java.lang.String, java.lang.String, java.lang.String)#1 &amp; com.sun.org.apache.xml.internal.serialize.BaseMarkupSerializer#externalEntityDecl(java.lang.String, java.lang.String, java.lang.String)#1 &amp; com.sun.org.apache.xalan.internal.xsltc.trax.TransformerHandlerImpl#externalEntityDecl(java.lang.String, java.lang.String, java.lang.String)#1 &amp; com.sun.org.apache.xml.internal.serializer.EmptySerializer#externalEntityDecl(java.lang.String, java.lang.String, java.lang.String)#1 &amp; DefaultHandler2#externalEntityDecl(java.lang.String, java.lang.String, java.lang.String)#1&quot;, &quot;name := com.sun.org.apache.xml.internal.serializer.ToUnknownStream#externalEntityDecl(java.lang.String, java.lang.String, java.lang.String)#0 &amp; com.sun.org.apache.xml.internal.serializer.ToStream#externalEntityDecl(java.lang.String, java.lang.String, java.lang.String)#0 &amp; com.sun.org.apache.xml.internal.serializer.ToHTMLSAXHandler#externalEntityDecl(java.lang.String, java.lang.String, java.lang.String)#0 &amp; com.sun.org.apache.xml.internal.serializer.ToXMLSAXHandler#externalEntityDecl(java.lang.String, java.lang.String, java.lang.String)#0 &amp; com.sun.org.apache.xml.internal.serializer.ToTextSAXHandler#externalEntityDecl(java.lang.String, java.lang.String, java.lang.String)#0 &amp; com.sun.org.apache.xml.internal.dtm.ref.sax2dtm.SAX2DTM#externalEntityDecl(java.lang.String, java.lang.String, java.lang.String)#0 &amp; com.sun.org.apache.xml.internal.serialize.BaseMarkupSerializer#externalEntityDecl(java.lang.String, java.lang.String, java.lang.String)#0 &amp; com.sun.org.apache.xalan.internal.xsltc.trax.TransformerHandlerImpl#externalEntityDecl(java.lang.String, java.lang.String, java.lang.String)#0 &amp; com.sun.org.apache.xml.internal.serializer.EmptySerializer#externalEntityDecl(java.lang.String, java.lang.String, java.lang.String)#0 &amp; DefaultHandler2#externalEntityDecl(java.lang.String, java.lang.String, java.lang.String)#0&quot; }"/>
        </annotation>
    </item>
    <item name='org.xml.sax.ext.DeclHandler void internalEntityDecl(java.lang.String, java.lang.String)'>
        <annotation name='com.intellij.inspections.tainted.annotation.equation.Equations'>
            <val val="{ &quot;value := com.sun.org.apache.xml.internal.serializer.ToUnknownStream#internalEntityDecl(java.lang.String, java.lang.String)#1 &amp; com.sun.org.apache.xml.internal.serializer.ToStream#internalEntityDecl(java.lang.String, java.lang.String)#1 &amp; com.sun.org.apache.xml.internal.serializer.ToHTMLSAXHandler#internalEntityDecl(java.lang.String, java.lang.String)#1 &amp; com.sun.org.apache.xml.internal.serializer.ToXMLSAXHandler#internalEntityDecl(java.lang.String, java.lang.String)#1 &amp; com.sun.org.apache.xml.internal.serializer.ToTextSAXHandler#internalEntityDecl(java.lang.String, java.lang.String)#1 &amp; com.sun.org.apache.xml.internal.dtm.ref.sax2dtm.SAX2DTM#internalEntityDecl(java.lang.String, java.lang.String)#1 &amp; com.sun.org.apache.xml.internal.serialize.BaseMarkupSerializer#internalEntityDecl(java.lang.String, java.lang.String)#1 &amp; com.sun.org.apache.xalan.internal.xsltc.trax.TransformerHandlerImpl#internalEntityDecl(java.lang.String, java.lang.String)#1 &amp; com.sun.org.apache.xml.internal.serializer.EmptySerializer#internalEntityDecl(java.lang.String, java.lang.String)#1 &amp; DefaultHandler2#internalEntityDecl(java.lang.String, java.lang.String)#1&quot;, &quot;name := com.sun.org.apache.xml.internal.serializer.ToUnknownStream#internalEntityDecl(java.lang.String, java.lang.String)#0 &amp; com.sun.org.apache.xml.internal.serializer.ToStream#internalEntityDecl(java.lang.String, java.lang.String)#0 &amp; com.sun.org.apache.xml.internal.serializer.ToHTMLSAXHandler#internalEntityDecl(java.lang.String, java.lang.String)#0 &amp; com.sun.org.apache.xml.internal.serializer.ToXMLSAXHandler#internalEntityDecl(java.lang.String, java.lang.String)#0 &amp; com.sun.org.apache.xml.internal.serializer.ToTextSAXHandler#internalEntityDecl(java.lang.String, java.lang.String)#0 &amp; com.sun.org.apache.xml.internal.dtm.ref.sax2dtm.SAX2DTM#internalEntityDecl(java.lang.String, java.lang.String)#0 &amp; com.sun.org.apache.xml.internal.serialize.BaseMarkupSerializer#internalEntityDecl(java.lang.String, java.lang.String)#0 &amp; com.sun.org.apache.xalan.internal.xsltc.trax.TransformerHandlerImpl#internalEntityDecl(java.lang.String, java.lang.String)#0 &amp; com.sun.org.apache.xml.internal.serializer.EmptySerializer#internalEntityDecl(java.lang.String, java.lang.String)#0 &amp; DefaultHandler2#internalEntityDecl(java.lang.String, java.lang.String)#0&quot; }"/>
        </annotation>
    </item>
    <item name='org.xml.sax.ext.DefaultHandler2 org.xml.sax.InputSource resolveEntity(java.lang.String, java.lang.String, java.lang.String, java.lang.String)'>
        <annotation name='com.intellij.inspections.tainted.annotation.equation.Equations'>
            <val val="{ &quot;systemId := #resolveEntity(java.lang.String, java.lang.String)#1&quot;, &quot;publicId := #resolveEntity(java.lang.String, java.lang.String)#0&quot; }"/>
        </annotation>
    </item>
    <item name='org.xml.sax.ext.EntityResolver2 org.xml.sax.InputSource getExternalSubset(java.lang.String, java.lang.String)'>
        <annotation name='com.intellij.inspections.tainted.annotation.equation.Equations'>
            <val val="{ &quot;baseURI := com.sun.org.apache.xerces.internal.jaxp.validation.ValidatorHandlerImpl.ResolutionForwarder#getExternalSubset(java.lang.String, java.lang.String)#1 &amp; com.sun.org.apache.xerces.internal.util.XMLCatalogResolver#getExternalSubset(java.lang.String, java.lang.String)#1 &amp; DefaultHandler2#getExternalSubset(java.lang.String, java.lang.String)#1&quot;, &quot;name := com.sun.org.apache.xerces.internal.jaxp.validation.ValidatorHandlerImpl.ResolutionForwarder#getExternalSubset(java.lang.String, java.lang.String)#0 &amp; com.sun.org.apache.xerces.internal.util.XMLCatalogResolver#getExternalSubset(java.lang.String, java.lang.String)#0 &amp; DefaultHandler2#getExternalSubset(java.lang.String, java.lang.String)#0&quot;, &quot;getExternalSubset := com.sun.org.apache.xerces.internal.jaxp.validation.ValidatorHandlerImpl.ResolutionForwarder#getExternalSubset(java.lang.String, java.lang.String) &amp; com.sun.org.apache.xerces.internal.util.XMLCatalogResolver#getExternalSubset(java.lang.String, java.lang.String) &amp; DefaultHandler2#getExternalSubset(java.lang.String, java.lang.String)&quot; }"/>
        </annotation>
    </item>
    <item name='org.xml.sax.ext.EntityResolver2 org.xml.sax.InputSource resolveEntity(java.lang.String, java.lang.String, java.lang.String, java.lang.String)'>
        <annotation name='com.intellij.inspections.tainted.annotation.equation.Equations'>
            <val val="{ &quot;publicId := com.sun.org.apache.xerces.internal.jaxp.validation.ValidatorHandlerImpl.ResolutionForwarder#resolveEntity(java.lang.String, java.lang.String, java.lang.String, java.lang.String)#1 &amp; com.sun.org.apache.xerces.internal.util.XMLCatalogResolver#resolveEntity(java.lang.String, java.lang.String, java.lang.String, java.lang.String)#1 &amp; DefaultHandler2#resolveEntity(java.lang.String, java.lang.String, java.lang.String, java.lang.String)#1&quot;, &quot;systemId := com.sun.org.apache.xerces.internal.jaxp.validation.ValidatorHandlerImpl.ResolutionForwarder#resolveEntity(java.lang.String, java.lang.String, java.lang.String, java.lang.String)#3 &amp; com.sun.org.apache.xerces.internal.util.XMLCatalogResolver#resolveEntity(java.lang.String, java.lang.String, java.lang.String, java.lang.String)#3 &amp; DefaultHandler2#resolveEntity(java.lang.String, java.lang.String, java.lang.String, java.lang.String)#3&quot;, &quot;resolveEntity := com.sun.org.apache.xerces.internal.jaxp.validation.ValidatorHandlerImpl.ResolutionForwarder#resolveEntity(java.lang.String, java.lang.String, java.lang.String, java.lang.String) &amp; com.sun.org.apache.xerces.internal.util.XMLCatalogResolver#resolveEntity(java.lang.String, java.lang.String, java.lang.String, java.lang.String) &amp; DefaultHandler2#resolveEntity(java.lang.String, java.lang.String, java.lang.String, java.lang.String)&quot;, &quot;baseURI := com.sun.org.apache.xerces.internal.jaxp.validation.ValidatorHandlerImpl.ResolutionForwarder#resolveEntity(java.lang.String, java.lang.String, java.lang.String, java.lang.String)#2 &amp; com.sun.org.apache.xerces.internal.util.XMLCatalogResolver#resolveEntity(java.lang.String, java.lang.String, java.lang.String, java.lang.String)#2 &amp; DefaultHandler2#resolveEntity(java.lang.String, java.lang.String, java.lang.String, java.lang.String)#2&quot;, &quot;name := com.sun.org.apache.xerces.internal.jaxp.validation.ValidatorHandlerImpl.ResolutionForwarder#resolveEntity(java.lang.String, java.lang.String, java.lang.String, java.lang.String)#0 &amp; com.sun.org.apache.xerces.internal.util.XMLCatalogResolver#resolveEntity(java.lang.String, java.lang.String, java.lang.String, java.lang.String)#0 &amp; DefaultHandler2#resolveEntity(java.lang.String, java.lang.String, java.lang.String, java.lang.String)#0&quot; }"/>
        </annotation>
    </item>
    <item name='org.xml.sax.ext.LexicalHandler void comment(char[], int, int)'>
        <annotation name='com.intellij.inspections.tainted.annotation.equation.Equations'>
            <val val="{ &quot;length := com.sun.org.apache.xml.internal.serializer.ToUnknownStream#comment(char[], int, int)#2 &amp; com.sun.org.apache.xpath.internal.objects.XStringForChars &amp; com.sun.org.apache.xml.internal.serializer.ToHTMLSAXHandler#comment(char[], int, int)#2 &amp; com.sun.org.apache.xml.internal.serializer.ToXMLSAXHandler#comment(char[], int, int)#2 &amp; com.sun.org.apache.xalan.internal.xsltc.trax.TransformerHandlerImpl#comment(char[], int, int)#2 &amp; com.sun.org.apache.xml.internal.dtm.ref.IncrementalSAXSource_Filter#comment(char[], int, int)#2 &amp; com.sun.org.apache.xml.internal.dtm.ref.sax2dtm.SAX2DTM#comment(char[], int, int)#2 &amp; com.sun.org.apache.xml.internal.dtm.ref.DTMDocumentImpl#comment(char[], int, int)#2 &amp; com.sun.org.apache.xml.internal.utils.DOMBuilder#comment(char[], int, int)#2 &amp; com.sun.org.apache.xml.internal.utils.FastStringBuffer#sendSAXComment(org.xml.sax.ext.LexicalHandler, int, int)#2 &amp; com.sun.org.apache.xml.internal.serialize.BaseMarkupSerializer#comment(char[], int, int)#2 &amp; com.sun.org.apache.xml.internal.serializer.ToStream#comment(char[], int, int)#2 &amp; com.sun.org.apache.xml.internal.serializer.EmptySerializer#comment(char[], int, int)#2 &amp; com.sun.org.apache.xml.internal.serializer.ToTextSAXHandler#comment(char[], int, int)#2 &amp; com.sun.org.apache.xalan.internal.xsltc.dom.SAXImpl#comment(char[], int, int)#2 &amp; com.sun.org.apache.xalan.internal.xsltc.trax.SAX2DOM#comment(char[], int, int)#2 &amp; com.sun.org.apache.xalan.internal.xsltc.trax.SAX2StAXBaseWriter#comment(char[], int, int)#2 &amp; DefaultHandler2#comment(char[], int, int)#2&quot;, &quot;start := com.sun.org.apache.xml.internal.serializer.ToUnknownStream#comment(char[], int, int)#1 &amp; com.sun.org.apache.xpath.internal.objects.XStringForChars &amp; com.sun.org.apache.xml.internal.serializer.ToHTMLSAXHandler#comment(char[], int, int)#1 &amp; com.sun.org.apache.xml.internal.serializer.ToXMLSAXHandler#comment(char[], int, int)#1 &amp; com.sun.org.apache.xalan.internal.xsltc.trax.TransformerHandlerImpl#comment(char[], int, int)#1 &amp; com.sun.org.apache.xml.internal.dtm.ref.IncrementalSAXSource_Filter#comment(char[], int, int)#1 &amp; com.sun.org.apache.xml.internal.dtm.ref.sax2dtm.SAX2DTM#comment(char[], int, int)#1 &amp; com.sun.org.apache.xml.internal.dtm.ref.DTMDocumentImpl#comment(char[], int, int)#1 &amp; com.sun.org.apache.xml.internal.utils.DOMBuilder#comment(char[], int, int)#1 &amp; com.sun.org.apache.xml.internal.serialize.BaseMarkupSerializer#comment(char[], int, int)#1 &amp; com.sun.org.apache.xml.internal.serializer.ToStream#comment(char[], int, int)#1 &amp; com.sun.org.apache.xml.internal.serializer.EmptySerializer#comment(char[], int, int)#1 &amp; com.sun.org.apache.xml.internal.serializer.ToTextSAXHandler#comment(char[], int, int)#1 &amp; com.sun.org.apache.xalan.internal.xsltc.dom.SAXImpl#comment(char[], int, int)#1 &amp; com.sun.org.apache.xalan.internal.xsltc.trax.SAX2DOM#comment(char[], int, int)#1 &amp; com.sun.org.apache.xalan.internal.xsltc.trax.SAX2StAXBaseWriter#comment(char[], int, int)#1 &amp; DefaultHandler2#comment(char[], int, int)#1&quot;, &quot;ch := com.sun.org.apache.xml.internal.serializer.ToUnknownStream#comment(char[], int, int)#0 &amp; com.sun.org.apache.xpath.internal.objects.XStringForChars &amp; com.sun.org.apache.xml.internal.serializer.ToHTMLSAXHandler#comment(char[], int, int)#0 &amp; com.sun.org.apache.xml.internal.serializer.ToXMLSAXHandler#comment(char[], int, int)#0 &amp; com.sun.org.apache.xalan.internal.xsltc.trax.TransformerHandlerImpl#comment(char[], int, int)#0 &amp; com.sun.org.apache.xml.internal.dtm.ref.IncrementalSAXSource_Filter#comment(char[], int, int)#0 &amp; com.sun.org.apache.xml.internal.dtm.ref.sax2dtm.SAX2DTM#comment(char[], int, int)#0 &amp; com.sun.org.apache.xml.internal.dtm.ref.DTMDocumentImpl#comment(char[], int, int)#0 &amp; com.sun.org.apache.xml.internal.utils.DOMBuilder#comment(char[], int, int)#0 &amp; com.sun.org.apache.xml.internal.serialize.BaseMarkupSerializer#comment(char[], int, int)#0 &amp; com.sun.org.apache.xml.internal.serializer.ToStream#comment(char[], int, int)#0 &amp; com.sun.org.apache.xml.internal.serializer.ToSAXHandler &amp; com.sun.org.apache.xml.internal.serializer.SerializerBase &amp; com.sun.org.apache.xml.internal.serializer.EmptySerializer#comment(char[], int, int)#0 &amp; com.sun.org.apache.xml.internal.serializer.ToTextSAXHandler#comment(char[], int, int)#0 &amp; com.sun.org.apache.xalan.internal.xsltc.dom.SAXImpl#comment(char[], int, int)#0 &amp; com.sun.org.apache.xalan.internal.xsltc.trax.SAX2DOM#comment(char[], int, int)#0 &amp; com.sun.org.apache.xalan.internal.xsltc.trax.SAX2StAXBaseWriter#comment(char[], int, int)#0 &amp; DefaultHandler2#comment(char[], int, int)#0&quot; }"/>
        </annotation>
    </item>
    <item name='org.xml.sax.ext.LexicalHandler void endEntity(java.lang.String)'>
        <annotation name='com.intellij.inspections.tainted.annotation.equation.Equations'>
            <val val="{ &quot;name := com.sun.org.apache.xml.internal.serializer.SerializerBase#endEntity(java.lang.String)#0 &amp; com.sun.org.apache.xml.internal.dtm.ref.DTMDocumentImpl#endEntity(java.lang.String)#0 &amp; com.sun.org.apache.xml.internal.dtm.ref.sax2dtm.SAX2DTM#endEntity(java.lang.String)#0 &amp; com.sun.org.apache.xml.internal.serialize.BaseMarkupSerializer#endEntity(java.lang.String)#0 &amp; com.sun.org.apache.xalan.internal.xsltc.trax.TransformerHandlerImpl#endEntity(java.lang.String)#0 &amp; com.sun.org.apache.xml.internal.dtm.ref.IncrementalSAXSource_Filter#endEntity(java.lang.String)#0 &amp; com.sun.org.apache.xalan.internal.xsltc.trax.SAX2DOM#endEntity(java.lang.String)#0 &amp; com.sun.org.apache.xml.internal.utils.DOMBuilder#endEntity(java.lang.String)#0 &amp; com.sun.org.apache.xml.internal.serializer.EmptySerializer#endEntity(java.lang.String)#0 &amp; com.sun.org.apache.xalan.internal.xsltc.trax.SAX2StAXBaseWriter#endEntity(java.lang.String)#0 &amp; DefaultHandler2#endEntity(java.lang.String)#0&quot; }"/>
        </annotation>
    </item>
    <item name='org.xml.sax.ext.LexicalHandler void startDTD(java.lang.String, java.lang.String, java.lang.String)'>
        <annotation name='com.intellij.inspections.tainted.annotation.equation.Equations'>
            <val val="{ &quot;publicId := com.sun.org.apache.xerces.internal.parsers.AbstractSAXParser#doctypeDecl(java.lang.String, java.lang.String, java.lang.String, com.sun.org.apache.xerces.internal.xni.Augmentations)#1 &amp; com.sun.org.apache.xml.internal.serializer.ToUnknownStream#startDTD(java.lang.String, java.lang.String, java.lang.String)#1 &amp; com.sun.org.apache.xalan.internal.xsltc.trax.TransformerHandlerImpl#startDTD(java.lang.String, java.lang.String, java.lang.String)#1 &amp; com.sun.org.apache.xml.internal.dtm.ref.IncrementalSAXSource_Filter#startDTD(java.lang.String, java.lang.String, java.lang.String)#1 &amp; com.sun.org.apache.xml.internal.dtm.ref.sax2dtm.SAX2DTM#startDTD(java.lang.String, java.lang.String, java.lang.String)#1 &amp; com.sun.org.apache.xml.internal.dtm.ref.DTMDocumentImpl#startDTD(java.lang.String, java.lang.String, java.lang.String)#1 &amp; com.sun.org.apache.xml.internal.utils.DOMBuilder#startDTD(java.lang.String, java.lang.String, java.lang.String)#1 &amp; com.sun.org.apache.xml.internal.serialize.BaseMarkupSerializer#startDTD(java.lang.String, java.lang.String, java.lang.String)#1 &amp; com.sun.org.apache.xml.internal.serializer.ToStream#startDTD(java.lang.String, java.lang.String, java.lang.String)#1 &amp; com.sun.org.apache.xml.internal.serializer.ToSAXHandler#startDTD(java.lang.String, java.lang.String, java.lang.String)#1 &amp; com.sun.org.apache.xml.internal.serializer.EmptySerializer#startDTD(java.lang.String, java.lang.String, java.lang.String)#1 &amp; com.sun.org.apache.xalan.internal.xsltc.trax.SAX2DOM#startDTD(java.lang.String, java.lang.String, java.lang.String)#1 &amp; com.sun.org.apache.xalan.internal.xsltc.trax.SAX2StAXBaseWriter#startDTD(java.lang.String, java.lang.String, java.lang.String)#1 &amp; DefaultHandler2#startDTD(java.lang.String, java.lang.String, java.lang.String)#1&quot;, &quot;systemId := com.sun.org.apache.xerces.internal.parsers.AbstractSAXParser#doctypeDecl(java.lang.String, java.lang.String, java.lang.String, com.sun.org.apache.xerces.internal.xni.Augmentations)#2 &amp; com.sun.org.apache.xml.internal.serializer.ToUnknownStream#startDTD(java.lang.String, java.lang.String, java.lang.String)#2 &amp; com.sun.org.apache.xalan.internal.xsltc.trax.TransformerHandlerImpl#startDTD(java.lang.String, java.lang.String, java.lang.String)#2 &amp; com.sun.org.apache.xml.internal.dtm.ref.IncrementalSAXSource_Filter#startDTD(java.lang.String, java.lang.String, java.lang.String)#2 &amp; com.sun.org.apache.xml.internal.dtm.ref.sax2dtm.SAX2DTM#startDTD(java.lang.String, java.lang.String, java.lang.String)#2 &amp; com.sun.org.apache.xml.internal.dtm.ref.DTMDocumentImpl#startDTD(java.lang.String, java.lang.String, java.lang.String)#2 &amp; com.sun.org.apache.xml.internal.utils.DOMBuilder#startDTD(java.lang.String, java.lang.String, java.lang.String)#2 &amp; com.sun.org.apache.xml.internal.serialize.BaseMarkupSerializer#startDTD(java.lang.String, java.lang.String, java.lang.String)#2 &amp; com.sun.org.apache.xml.internal.serializer.ToStream#startDTD(java.lang.String, java.lang.String, java.lang.String)#2 &amp; com.sun.org.apache.xml.internal.serializer.ToSAXHandler#startDTD(java.lang.String, java.lang.String, java.lang.String)#2 &amp; com.sun.org.apache.xml.internal.serializer.EmptySerializer#startDTD(java.lang.String, java.lang.String, java.lang.String)#2 &amp; com.sun.org.apache.xalan.internal.xsltc.trax.SAX2DOM#startDTD(java.lang.String, java.lang.String, java.lang.String)#2 &amp; com.sun.org.apache.xalan.internal.xsltc.trax.SAX2StAXBaseWriter#startDTD(java.lang.String, java.lang.String, java.lang.String)#2 &amp; DefaultHandler2#startDTD(java.lang.String, java.lang.String, java.lang.String)#2&quot;, &quot;name := com.sun.org.apache.xerces.internal.parsers.AbstractSAXParser#doctypeDecl(java.lang.String, java.lang.String, java.lang.String, com.sun.org.apache.xerces.internal.xni.Augmentations)#0 &amp; com.sun.org.apache.xml.internal.serializer.ToUnknownStream#startDTD(java.lang.String, java.lang.String, java.lang.String)#0 &amp; com.sun.org.apache.xalan.internal.xsltc.trax.TransformerHandlerImpl#startDTD(java.lang.String, java.lang.String, java.lang.String)#0 &amp; com.sun.org.apache.xml.internal.dtm.ref.IncrementalSAXSource_Filter#startDTD(java.lang.String, java.lang.String, java.lang.String)#0 &amp; com.sun.org.apache.xml.internal.dtm.ref.sax2dtm.SAX2DTM#startDTD(java.lang.String, java.lang.String, java.lang.String)#0 &amp; com.sun.org.apache.xml.internal.dtm.ref.DTMDocumentImpl#startDTD(java.lang.String, java.lang.String, java.lang.String)#0 &amp; com.sun.org.apache.xml.internal.utils.DOMBuilder#startDTD(java.lang.String, java.lang.String, java.lang.String)#0 &amp; com.sun.org.apache.xml.internal.serialize.BaseMarkupSerializer#startDTD(java.lang.String, java.lang.String, java.lang.String)#0 &amp; com.sun.org.apache.xml.internal.serializer.ToStream#startDTD(java.lang.String, java.lang.String, java.lang.String)#0 &amp; com.sun.org.apache.xml.internal.serializer.ToSAXHandler#startDTD(java.lang.String, java.lang.String, java.lang.String)#0 &amp; com.sun.org.apache.xml.internal.serializer.EmptySerializer#startDTD(java.lang.String, java.lang.String, java.lang.String)#0 &amp; com.sun.org.apache.xml.internal.serializer.ToXMLSAXHandler#startElement(java.lang.String, java.lang.String, java.lang.String, org.xml.sax.Attributes)#2 &amp; com.sun.org.apache.xml.internal.serializer.ToHTMLSAXHandler#startElement(java.lang.String, java.lang.String, java.lang.String)#2 &amp; com.sun.org.apache.xalan.internal.xsltc.trax.SAX2DOM#startDTD(java.lang.String, java.lang.String, java.lang.String)#0 &amp; com.sun.org.apache.xalan.internal.xsltc.trax.SAX2StAXBaseWriter#startDTD(java.lang.String, java.lang.String, java.lang.String)#0 &amp; DefaultHandler2#startDTD(java.lang.String, java.lang.String, java.lang.String)#0&quot; }"/>
        </annotation>
    </item>
    <item name='org.xml.sax.ext.LexicalHandler void startEntity(java.lang.String)'>
        <annotation name='com.intellij.inspections.tainted.annotation.equation.Equations'>
            <val val="{ &quot;name := com.sun.org.apache.xerces.internal.parsers.AbstractSAXParser#startGeneralEntity(java.lang.String, com.sun.org.apache.xerces.internal.xni.XMLResourceIdentifier, java.lang.String, com.sun.org.apache.xerces.internal.xni.Augmentations)#0 &amp; com.sun.org.apache.xml.internal.serializer.ToUnknownStream#startEntity(java.lang.String)#0 &amp; com.sun.org.apache.xml.internal.serializer.ToXMLSAXHandler#startEntity(java.lang.String)#0 &amp; com.sun.org.apache.xalan.internal.xsltc.trax.TransformerHandlerImpl#startEntity(java.lang.String)#0 &amp; com.sun.org.apache.xml.internal.dtm.ref.IncrementalSAXSource_Filter#startEntity(java.lang.String)#0 &amp; com.sun.org.apache.xml.internal.dtm.ref.sax2dtm.SAX2DTM#startEntity(java.lang.String)#0 &amp; com.sun.org.apache.xml.internal.dtm.ref.DTMDocumentImpl#startEntity(java.lang.String)#0 &amp; com.sun.org.apache.xml.internal.utils.DOMBuilder#startEntity(java.lang.String)#0 &amp; com.sun.org.apache.xml.internal.serialize.BaseMarkupSerializer#startEntity(java.lang.String)#0 &amp; com.sun.org.apache.xml.internal.serializer.ToStream#startEntity(java.lang.String)#0 &amp; com.sun.org.apache.xml.internal.serializer.SerializerBase#entityReference(java.lang.String)#0 &amp; com.sun.org.apache.xml.internal.serializer.EmptySerializer#startEntity(java.lang.String)#0 &amp; com.sun.org.apache.xml.internal.serializer.ToHTMLSAXHandler#startEntity(java.lang.String)#0 &amp; com.sun.org.apache.xml.internal.serializer.ToTextSAXHandler#startEntity(java.lang.String)#0 &amp; com.sun.org.apache.xalan.internal.xsltc.trax.SAX2DOM#startEntity(java.lang.String)#0 &amp; com.sun.org.apache.xalan.internal.xsltc.trax.SAX2StAXBaseWriter#startEntity(java.lang.String)#0 &amp; com.sun.org.apache.xerces.internal.parsers.AbstractSAXParser#startParameterEntity(java.lang.String, com.sun.org.apache.xerces.internal.xni.XMLResourceIdentifier, java.lang.String, com.sun.org.apache.xerces.internal.xni.Augmentations)#0 &amp; DefaultHandler2#startEntity(java.lang.String)#0&quot; }"/>
        </annotation>
    </item>
    <item name='org.xml.sax.ext.Locator2 java.lang.String getEncoding()'>
        <annotation name='com.intellij.inspections.tainted.annotation.equation.Equations'>
            <val val="{ &quot;getEncoding := com.sun.org.apache.xalan.internal.xsltc.trax.DOM2TO#getEncoding() &amp; com.sun.org.apache.xerces.internal.parsers.AbstractSAXParser.LocatorProxy#getEncoding() &amp; com.sun.org.apache.xerces.internal.util.LocatorProxy#getEncoding() &amp; Locator2Impl#getEncoding()&quot; }"/>
        </annotation>
    </item>
    <item name='org.xml.sax.ext.Locator2 java.lang.String getXMLVersion()'>
        <annotation name='com.intellij.inspections.tainted.annotation.equation.Equations'>
            <val val="{ &quot;getXMLVersion := com.sun.org.apache.xalan.internal.xsltc.trax.DOM2TO#getXMLVersion() &amp; com.sun.org.apache.xerces.internal.parsers.AbstractSAXParser.LocatorProxy#getXMLVersion() &amp; Locator2Impl#getXMLVersion() &amp; com.sun.org.apache.xerces.internal.util.LocatorProxy#getXMLVersion()&quot; }"/>
        </annotation>
    </item>
    <item name='org.xml.sax.ext.Locator2Impl'>
        <annotation name='com.intellij.inspections.tainted.annotation.equation.Equations'>
            <val val="{ &quot;Locator2Impl := #setXMLVersion(java.lang.String)#0 &amp; #setEncoding(java.lang.String)#0&quot; }"/>
        </annotation>
    </item>
    <item name='org.xml.sax.ext.Locator2Impl Locator2Impl()'>
        <annotation name='com.intellij.inspections.tainted.annotation.equation.Equations'>
            <val val="{ &quot;Locator2Impl := Locator2Impl&quot; }"/>
        </annotation>
    </item>
    <item name='org.xml.sax.ext.Locator2Impl Locator2Impl(org.xml.sax.Locator)'>
        <annotation name='com.intellij.inspections.tainted.annotation.equation.Equations'>
            <val val="{ &quot;Locator2Impl := Locator2Impl&quot; }"/>
        </annotation>
    </item>
    <item name='org.xml.sax.ext.Locator2Impl java.lang.String getEncoding()'>
        <annotation name='com.intellij.inspections.tainted.annotation.equation.Equations'>
            <val val="{ &quot;getEncoding := Locator2Impl&quot; }"/>
        </annotation>
    </item>
    <item name='org.xml.sax.ext.Locator2Impl java.lang.String getXMLVersion()'>
        <annotation name='com.intellij.inspections.tainted.annotation.equation.Equations'>
            <val val="{ &quot;getXMLVersion := Locator2Impl&quot; }"/>
        </annotation>
    </item>
</root>