<root>
    <item name='net.sf.ehcache.hibernate.management.impl.BaseEmitterBean'>
        <annotation name='com.intellij.inspections.tainted.annotation.equation.Equations'>
            <val val="{ &quot;BaseEmitterBean := &quot; }"/>
        </annotation>
    </item>
    <item name='net.sf.ehcache.hibernate.management.impl.BaseEmitterBean BaseEmitterBean(java.lang.Class&lt;T&gt;)'>
        <annotation name='com.intellij.inspections.tainted.annotation.equation.Equations'>
            <val val="{ &quot;BaseEmitterBean := BaseEmitterBean&quot; }"/>
        </annotation>
    </item>
    <item name='net.sf.ehcache.hibernate.management.impl.BaseEmitterBean javax.management.MBeanNotificationInfo[] getNotificationInfo()'>
        <annotation name='com.intellij.inspections.tainted.annotation.equation.Equations'>
            <val val="{ &quot;getNotificationInfo := net.sf.ehcache.management.sampled.SampledCacheManager#getNotificationInfo() &amp; net.sf.ehcache.management.sampled.SampledCache#getNotificationInfo()&quot; }"/>
        </annotation>
    </item>
    <item name='net.sf.ehcache.hibernate.management.impl.BaseEmitterBean void addNotificationListener(javax.management.NotificationListener, javax.management.NotificationFilter, java.lang.Object)'>
        <annotation name='com.intellij.inspections.tainted.annotation.equation.Equations'>
            <val val="{ &quot;notif := javax.management.NotificationBroadcaster#addNotificationListener(javax.management.NotificationListener, javax.management.NotificationFilter, java.lang.Object)#0&quot;, &quot;filter := javax.management.NotificationBroadcaster#addNotificationListener(javax.management.NotificationListener, javax.management.NotificationFilter, java.lang.Object)#1&quot;, &quot;callBack := javax.management.NotificationBroadcaster#addNotificationListener(javax.management.NotificationListener, javax.management.NotificationFilter, java.lang.Object)#2&quot; }"/>
        </annotation>
    </item>
    <item name='net.sf.ehcache.hibernate.management.impl.BaseEmitterBean void removeNotificationListener(javax.management.NotificationListener)'>
        <annotation name='com.intellij.inspections.tainted.annotation.equation.Equations'>
            <val val="{ &quot;listener := javax.management.NotificationBroadcaster#removeNotificationListener(javax.management.NotificationListener)#0&quot; }"/>
        </annotation>
    </item>
    <item name='net.sf.ehcache.hibernate.management.impl.BaseEmitterBean void removeNotificationListener(javax.management.NotificationListener, javax.management.NotificationFilter, java.lang.Object)'>
        <annotation name='com.intellij.inspections.tainted.annotation.equation.Equations'>
            <val val="{ &quot;filter := javax.management.NotificationEmitter#removeNotificationListener(javax.management.NotificationListener, javax.management.NotificationFilter, java.lang.Object)#1&quot;, &quot;notif := javax.management.NotificationEmitter#removeNotificationListener(javax.management.NotificationListener, javax.management.NotificationFilter, java.lang.Object)#0&quot;, &quot;callBack := javax.management.NotificationEmitter#removeNotificationListener(javax.management.NotificationListener, javax.management.NotificationFilter, java.lang.Object)#2&quot; }"/>
        </annotation>
    </item>
    <item name='net.sf.ehcache.hibernate.management.impl.BaseEmitterBean void sendNotification(java.lang.String)'>
        <annotation name='com.intellij.inspections.tainted.annotation.equation.Equations'>
            <val val="{ &quot;eventType := net.sf.ehcache.management.sampled.SampledCacheManagerMBean#CACHES_CLEARED&quot; }"/>
        </annotation>
    </item>
    <item name='net.sf.ehcache.hibernate.management.impl.BaseEmitterBean void sendNotification(java.lang.String, java.lang.Object)'>
        <annotation name='com.intellij.inspections.tainted.annotation.equation.Equations'>
            <val val="{ &quot;data := net.sf.ehcache.management.sampled.SampledCacheManager#setEnabled(boolean)#0&quot;, &quot;eventType := net.sf.ehcache.management.sampled.SampledCacheManagerMBean#CACHES_ENABLED&quot; }"/>
        </annotation>
    </item>
    <item name='net.sf.ehcache.hibernate.management.impl.BaseEmitterBean void sendNotification(java.lang.String, java.lang.Object, java.lang.String)'>
        <annotation name='com.intellij.inspections.tainted.annotation.equation.Equations'>
            <val val="{ &quot;msg := &quot;, &quot;data := #sendNotification(java.lang.String, java.lang.Object)#1&quot;, &quot;eventType := net.sf.ehcache.management.sampled.SampledCacheManagerMBean#CACHE_MANAGER_CHANGED &amp; #sendNotification(java.lang.String)#0 &amp; #sendNotification(java.lang.String, java.lang.Object)#0 &amp; net.sf.ehcache.management.sampled.SampledCacheMBean#CACHE_FLUSHED &amp; net.sf.ehcache.management.sampled.SampledCacheMBean#CACHE_CLEARED &amp; net.sf.ehcache.management.sampled.SampledCacheMBean#CACHE_CHANGED&quot; }"/>
        </annotation>
    </item>
    <item name='net.sf.ehcache.hibernate.management.impl.BaseEmitterBean.Emitter javax.management.MBeanNotificationInfo[] getNotificationInfo()'>
        <annotation name='com.intellij.inspections.tainted.annotation.equation.Equations'>
            <val val="{ &quot;getNotificationInfo := &quot; }"/>
        </annotation>
    </item>
    <item name='net.sf.ehcache.hibernate.management.impl.EhcacheHibernateMbeanNames java.lang.String mbeanSafe(java.lang.String)'>
        <annotation name='com.intellij.inspections.tainted.annotation.equation.Equations'>
            <val val="{ &quot;s := net.sf.ehcache.management.sampled.SampledEhcacheMBeans#getCacheManagerObjectName(java.lang.String, java.lang.String)#1 &amp; net.sf.ehcache.management.sampled.SampledEhcacheMBeans#getCacheObjectName(java.lang.String, java.lang.String, java.lang.String)#1 &amp; net.sf.ehcache.management.sampled.SampledEhcacheMBeans#getCacheObjectName(java.lang.String, java.lang.String, java.lang.String)#2 &amp; net.sf.ehcache.management.sampled.SampledEhcacheMBeans#getStoreObjectName(java.lang.String, java.lang.String, java.lang.String)#1 &amp; net.sf.ehcache.management.sampled.SampledEhcacheMBeans#getStoreObjectName(java.lang.String, java.lang.String, java.lang.String)#2&quot;, &quot;mbeanSafe := &quot; }"/>
        </annotation>
    </item>
</root>