<root>
    <item name='sun.security.validator.Validator java.security.cert.X509Certificate[] engineValidate(java.security.cert.X509Certificate[], java.util.Collection&lt;java.security.cert.X509Certificate&gt;, java.security.AlgorithmConstraints, java.lang.Object)'>
        <annotation name='com.intellij.inspections.tainted.annotation.equation.Equations'>
            <val val="{ &quot;engineValidate := SimpleValidator#engineValidate(java.security.cert.X509Certificate[], java.util.Collection, java.security.AlgorithmConstraints, java.lang.Object) &amp; PKIXValidator#engineValidate(java.security.cert.X509Certificate[], java.util.Collection, java.security.AlgorithmConstraints, java.lang.Object)&quot; }"/>
        </annotation>
    </item>
    <item name='sun.security.validator.Validator java.util.Collection&lt;java.security.cert.X509Certificate&gt; getTrustedCertificates()'>
        <annotation name='com.intellij.inspections.tainted.annotation.equation.Equations'>
            <val val="{ &quot;getTrustedCertificates := SimpleValidator#getTrustedCertificates() &amp; PKIXValidator#getTrustedCertificates()&quot; }"/>
        </annotation>
    </item>
</root>