<root>
    <item name='javax.imageio.metadata.IIOAttr IIOAttr(org.w3c.dom.Element, java.lang.String, java.lang.String)'>
        <annotation name='com.intellij.inspections.tainted.annotation.equation.Equations'>
            <val val="{ &quot;value := IIOMetadataNode#setAttribute(java.lang.String, java.lang.String)#1&quot;, &quot;owner := IIOMetadataNode&quot;, &quot;name := IIOMetadataNode#setAttribute(java.lang.String, java.lang.String)#0&quot;, &quot;IIOAttr := IIOAttr&quot; }"/>
        </annotation>
    </item>
    <item name='javax.imageio.metadata.IIOAttr java.lang.String getName()'>
        <annotation name='com.intellij.inspections.tainted.annotation.equation.Equations'>
            <val val="{ &quot;getName := IIOAttr&quot; }"/>
        </annotation>
    </item>
    <item name='javax.imageio.metadata.IIOAttr java.lang.String getNodeName()'>
        <annotation name='com.intellij.inspections.tainted.annotation.equation.Equations'>
            <val val="{ &quot;getNodeName := IIOAttr&quot; }"/>
        </annotation>
    </item>
    <item name='javax.imageio.metadata.IIOAttr java.lang.String getNodeValue()'>
        <annotation name='com.intellij.inspections.tainted.annotation.equation.Equations'>
            <val val="{ &quot;getNodeValue := IIOAttr&quot; }"/>
        </annotation>
    </item>
    <item name='javax.imageio.metadata.IIOAttr java.lang.String getValue()'>
        <annotation name='com.intellij.inspections.tainted.annotation.equation.Equations'>
            <val val="{ &quot;getValue := IIOAttr&quot; }"/>
        </annotation>
    </item>
    <item name='javax.imageio.metadata.IIOAttr org.w3c.dom.Element getOwnerElement()'>
        <annotation name='com.intellij.inspections.tainted.annotation.equation.Equations'>
            <val val="{ &quot;getOwnerElement := IIOAttr&quot; }"/>
        </annotation>
    </item>
    <item name='javax.imageio.metadata.IIOAttr short getNodeType()'>
        <annotation name='com.intellij.inspections.tainted.annotation.equation.Equations'>
            <val val="{ &quot;getNodeType := org.w3c.dom.Node#ATTRIBUTE_NODE&quot; }"/>
        </annotation>
    </item>
    <item name='javax.imageio.metadata.IIOAttr void setNodeValue(java.lang.String)'>
        <annotation name='com.intellij.inspections.tainted.annotation.equation.Equations'>
            <val val="{ &quot;value := org.w3c.dom.Node#setNodeValue(java.lang.String)#0 &amp; org.w3c.dom.Node#setNodeValue(java.lang.String)#0&quot; }"/>
        </annotation>
    </item>
    <item name='javax.imageio.metadata.IIOAttr void setOwnerElement(org.w3c.dom.Element)'>
        <annotation name='com.intellij.inspections.tainted.annotation.equation.Equations'>
            <val val="{ &quot;owner := IIOMetadataNode&quot; }"/>
        </annotation>
    </item>
    <item name='javax.imageio.metadata.IIOAttr void setValue(java.lang.String)'>
        <annotation name='com.intellij.inspections.tainted.annotation.equation.Equations'>
            <val val="{ &quot;value := org.w3c.dom.Attr#setValue(java.lang.String)#0 &amp; org.w3c.dom.Attr#setValue(java.lang.String)#0&quot; }"/>
        </annotation>
    </item>
    <item name='javax.imageio.metadata.IIODOMException IIODOMException(short, java.lang.String)'>
        <annotation name='com.intellij.inspections.tainted.annotation.equation.Equations'>
            <val val="{ &quot;IIODOMException := IIODOMException&quot; }"/>
        </annotation>
    </item>
    <item name='javax.imageio.metadata.IIOInvalidTreeException IIOInvalidTreeException(java.lang.String, java.lang.Throwable, org.w3c.dom.Node)'>
        <annotation name='com.intellij.inspections.tainted.annotation.equation.Equations'>
            <val val="{ &quot;IIOInvalidTreeException := IIOInvalidTreeException&quot; }"/>
        </annotation>
    </item>
    <item name='javax.imageio.metadata.IIOInvalidTreeException IIOInvalidTreeException(java.lang.String, org.w3c.dom.Node)'>
        <annotation name='com.intellij.inspections.tainted.annotation.equation.Equations'>
            <val val="{ &quot;IIOInvalidTreeException := IIOInvalidTreeException&quot;, &quot;offendingNode := com.sun.imageio.plugins.jpeg.MarkerSegment#MarkerSegment(org.w3c.dom.Node)#0&quot; }"/>
        </annotation>
    </item>
    <item name='javax.imageio.metadata.IIOMetadata'>
        <annotation name='com.intellij.inspections.tainted.annotation.equation.Equations'>
            <val val="{ &quot;IIOMetadata := #setController(javax.imageio.metadata.IIOMetadataController)#0&quot; }"/>
        </annotation>
    </item>
    <item name='javax.imageio.metadata.IIOMetadata IIOMetadata()'>
        <annotation name='com.intellij.inspections.tainted.annotation.equation.Equations'>
            <val val="{ &quot;IIOMetadata := IIOMetadata&quot; }"/>
        </annotation>
    </item>
    <item name='javax.imageio.metadata.IIOMetadata IIOMetadata(boolean, java.lang.String, java.lang.String, java.lang.String[], java.lang.String[])'>
        <annotation name='com.intellij.inspections.tainted.annotation.equation.Equations'>
            <val val="{ &quot;IIOMetadata := IIOMetadata&quot;, &quot;standardMetadataFormatSupported := com.sun.imageio.plugins.gif.GIFMetadata#GIFMetadata(boolean, java.lang.String, java.lang.String, java.lang.String[], java.lang.String[])#0&quot;, &quot;nativeMetadataFormatClassName := com.sun.imageio.plugins.gif.GIFMetadata#GIFMetadata(boolean, java.lang.String, java.lang.String, java.lang.String[], java.lang.String[])#2 &amp; com.sun.imageio.plugins.png.PNGMetadata#nativeMetadataFormatClassName &amp; com.sun.imageio.plugins.jpeg.JPEG#nativeImageMetadataFormatClassName&quot;, &quot;extraMetadataFormatClassNames := com.sun.imageio.plugins.gif.GIFMetadata#GIFMetadata(boolean, java.lang.String, java.lang.String, java.lang.String[], java.lang.String[])#4&quot;, &quot;nativeMetadataFormatName := com.sun.imageio.plugins.bmp.BMPMetadata#nativeMetadataFormatName &amp; com.sun.imageio.plugins.gif.GIFMetadata#GIFMetadata(boolean, java.lang.String, java.lang.String, java.lang.String[], java.lang.String[])#1 &amp; com.sun.imageio.plugins.png.PNGMetadata#nativeMetadataFormatName &amp; com.sun.imageio.plugins.jpeg.JPEG#nativeImageMetadataFormatName &amp; com.sun.imageio.plugins.wbmp.WBMPMetadata#nativeMetadataFormatName&quot;, &quot;extraMetadataFormatNames := com.sun.imageio.plugins.gif.GIFMetadata#GIFMetadata(boolean, java.lang.String, java.lang.String, java.lang.String[], java.lang.String[])#3&quot; }"/>
        </annotation>
    </item>
    <item name='javax.imageio.metadata.IIOMetadata boolean isReadOnly()'>
        <annotation name='com.intellij.inspections.tainted.annotation.equation.Equations'>
            <val val="{ &quot;isReadOnly := com.sun.imageio.plugins.bmp.BMPMetadata#isReadOnly() &amp; com.sun.imageio.plugins.gif.GIFImageMetadata#isReadOnly() &amp; com.sun.imageio.plugins.gif.GIFStreamMetadata#isReadOnly() &amp; com.sun.imageio.plugins.png.PNGMetadata#isReadOnly() &amp; com.sun.imageio.plugins.jpeg.JPEGMetadata#isReadOnly() &amp; com.sun.imageio.plugins.wbmp.WBMPMetadata#isReadOnly()&quot; }"/>
        </annotation>
    </item>
    <item name='javax.imageio.metadata.IIOMetadata boolean isStandardMetadataFormatSupported()'>
        <annotation name='com.intellij.inspections.tainted.annotation.equation.Equations'>
            <val val="{ &quot;isStandardMetadataFormatSupported := IIOMetadata&quot; }"/>
        </annotation>
    </item>
    <item name='javax.imageio.metadata.IIOMetadata java.lang.String getNativeMetadataFormatName()'>
        <annotation name='com.intellij.inspections.tainted.annotation.equation.Equations'>
            <val val="{ &quot;getNativeMetadataFormatName := IIOMetadata&quot; }"/>
        </annotation>
    </item>
    <item name='javax.imageio.metadata.IIOMetadata java.lang.String[] getExtraMetadataFormatNames()'>
        <annotation name='com.intellij.inspections.tainted.annotation.equation.Equations'>
            <val val="{ &quot;getExtraMetadataFormatNames := IIOMetadata&quot; }"/>
        </annotation>
    </item>
    <item name='javax.imageio.metadata.IIOMetadata java.lang.String[] getMetadataFormatNames()'>
        <annotation name='com.intellij.inspections.tainted.annotation.equation.Equations'>
            <val val="{ &quot;getMetadataFormatNames := IIOMetadataFormatImpl#standardMetadataFormatName&quot; }"/>
        </annotation>
    </item>
    <item name='javax.imageio.metadata.IIOMetadata javax.imageio.metadata.IIOMetadataController getController()'>
        <annotation name='com.intellij.inspections.tainted.annotation.equation.Equations'>
            <val val="{ &quot;getController := IIOMetadata&quot; }"/>
        </annotation>
    </item>
    <item name='javax.imageio.metadata.IIOMetadata javax.imageio.metadata.IIOMetadataController getDefaultController()'>
        <annotation name='com.intellij.inspections.tainted.annotation.equation.Equations'>
            <val val="{ &quot;getDefaultController := IIOMetadata&quot; }"/>
        </annotation>
    </item>
    <item name='javax.imageio.metadata.IIOMetadata javax.imageio.metadata.IIOMetadataNode getStandardChromaNode()'>
        <annotation name='com.intellij.inspections.tainted.annotation.equation.Equations'>
            <val val="{ &quot;getStandardChromaNode := com.sun.imageio.plugins.bmp.BMPMetadata#getStandardChromaNode() &amp; com.sun.imageio.plugins.gif.GIFImageMetadata#getStandardChromaNode() &amp; com.sun.imageio.plugins.gif.GIFStreamMetadata#getStandardChromaNode() &amp; com.sun.imageio.plugins.png.PNGMetadata#getStandardChromaNode() &amp; com.sun.imageio.plugins.wbmp.WBMPMetadata#getStandardChromaNode() &amp; com.sun.imageio.plugins.jpeg.JPEGMetadata#getStandardChromaNode()&quot; }"/>
        </annotation>
    </item>
    <item name='javax.imageio.metadata.IIOMetadata javax.imageio.metadata.IIOMetadataNode getStandardCompressionNode()'>
        <annotation name='com.intellij.inspections.tainted.annotation.equation.Equations'>
            <val val="{ &quot;getStandardCompressionNode := com.sun.imageio.plugins.bmp.BMPMetadata#getStandardCompressionNode() &amp; com.sun.imageio.plugins.gif.GIFImageMetadata#getStandardCompressionNode() &amp; com.sun.imageio.plugins.gif.GIFStreamMetadata#getStandardCompressionNode() &amp; com.sun.imageio.plugins.png.PNGMetadata#getStandardCompressionNode() &amp; com.sun.imageio.plugins.jpeg.JPEGMetadata#getStandardCompressionNode()&quot; }"/>
        </annotation>
    </item>
    <item name='javax.imageio.metadata.IIOMetadata javax.imageio.metadata.IIOMetadataNode getStandardDataNode()'>
        <annotation name='com.intellij.inspections.tainted.annotation.equation.Equations'>
            <val val="{ &quot;getStandardDataNode := com.sun.imageio.plugins.bmp.BMPMetadata#getStandardDataNode() &amp; com.sun.imageio.plugins.gif.GIFImageMetadata#getStandardDataNode() &amp; com.sun.imageio.plugins.gif.GIFStreamMetadata#getStandardDataNode() &amp; com.sun.imageio.plugins.png.PNGMetadata#getStandardDataNode()&quot; }"/>
        </annotation>
    </item>
    <item name='javax.imageio.metadata.IIOMetadata javax.imageio.metadata.IIOMetadataNode getStandardDimensionNode()'>
        <annotation name='com.intellij.inspections.tainted.annotation.equation.Equations'>
            <val val="{ &quot;getStandardDimensionNode := com.sun.imageio.plugins.bmp.BMPMetadata#getStandardDimensionNode() &amp; com.sun.imageio.plugins.gif.GIFImageMetadata#getStandardDimensionNode() &amp; com.sun.imageio.plugins.gif.GIFStreamMetadata#getStandardDimensionNode() &amp; com.sun.imageio.plugins.png.PNGMetadata#getStandardDimensionNode() &amp; com.sun.imageio.plugins.wbmp.WBMPMetadata#getStandardDimensionNode() &amp; com.sun.imageio.plugins.jpeg.JPEGMetadata#getStandardDimensionNode()&quot; }"/>
        </annotation>
    </item>
    <item name='javax.imageio.metadata.IIOMetadata javax.imageio.metadata.IIOMetadataNode getStandardDocumentNode()'>
        <annotation name='com.intellij.inspections.tainted.annotation.equation.Equations'>
            <val val="{ &quot;getStandardDocumentNode := com.sun.imageio.plugins.gif.GIFStreamMetadata#getStandardDocumentNode() &amp; com.sun.imageio.plugins.png.PNGMetadata#getStandardDocumentNode()&quot; }"/>
        </annotation>
    </item>
    <item name='javax.imageio.metadata.IIOMetadata javax.imageio.metadata.IIOMetadataNode getStandardTextNode()'>
        <annotation name='com.intellij.inspections.tainted.annotation.equation.Equations'>
            <val val="{ &quot;getStandardTextNode := com.sun.imageio.plugins.gif.GIFImageMetadata#getStandardTextNode() &amp; com.sun.imageio.plugins.gif.GIFStreamMetadata#getStandardTextNode() &amp; com.sun.imageio.plugins.png.PNGMetadata#getStandardTextNode() &amp; com.sun.imageio.plugins.jpeg.JPEGMetadata#getStandardTextNode()&quot; }"/>
        </annotation>
    </item>
    <item name='javax.imageio.metadata.IIOMetadata javax.imageio.metadata.IIOMetadataNode getStandardTransparencyNode()'>
        <annotation name='com.intellij.inspections.tainted.annotation.equation.Equations'>
            <val val="{ &quot;getStandardTransparencyNode := com.sun.imageio.plugins.gif.GIFImageMetadata#getStandardTransparencyNode() &amp; com.sun.imageio.plugins.gif.GIFStreamMetadata#getStandardTransparencyNode() &amp; com.sun.imageio.plugins.png.PNGMetadata#getStandardTransparencyNode() &amp; com.sun.imageio.plugins.jpeg.JPEGMetadata#getStandardTransparencyNode()&quot; }"/>
        </annotation>
    </item>
    <item name='javax.imageio.metadata.IIOMetadata org.w3c.dom.Node getAsTree(java.lang.String)'>
        <annotation name='com.intellij.inspections.tainted.annotation.equation.Equations'>
            <val val="{ &quot;formatName := com.sun.imageio.plugins.gif.GIFImageWriter#convertMetadata(java.lang.String, javax.imageio.metadata.IIOMetadata, javax.imageio.metadata.IIOMetadata)#0 &amp; com.sun.imageio.plugins.gif.GIFImageWriter#STANDARD_METADATA_NAME &amp; com.sun.imageio.plugins.gif.GIFImageWriter#STREAM_METADATA_NAME &amp; IIOMetadataFormatImpl#standardMetadataFormatName&quot;, &quot;getAsTree := com.sun.imageio.plugins.bmp.BMPMetadata#getAsTree(java.lang.String) &amp; com.sun.imageio.plugins.gif.GIFImageMetadata#getAsTree(java.lang.String) &amp; com.sun.imageio.plugins.gif.GIFStreamMetadata#getAsTree(java.lang.String) &amp; com.sun.imageio.plugins.png.PNGMetadata#getAsTree(java.lang.String) &amp; com.sun.imageio.plugins.jpeg.JPEGMetadata#getAsTree(java.lang.String) &amp; com.sun.imageio.plugins.wbmp.WBMPMetadata#getAsTree(java.lang.String)&quot; }"/>
        </annotation>
    </item>
    <item name='javax.imageio.metadata.IIOMetadata void mergeTree(java.lang.String, org.w3c.dom.Node)'>
        <annotation name='com.intellij.inspections.tainted.annotation.equation.Equations'>
            <val val="{ &quot;formatName := com.sun.imageio.plugins.gif.GIFImageWriter#convertMetadata(java.lang.String, javax.imageio.metadata.IIOMetadata, javax.imageio.metadata.IIOMetadata)#0 &amp; com.sun.imageio.plugins.gif.GIFImageWriter#STANDARD_METADATA_NAME &amp; #setFromTree(java.lang.String, org.w3c.dom.Node)#0&quot;, &quot;root := #setFromTree(java.lang.String, org.w3c.dom.Node)#1&quot; }"/>
        </annotation>
    </item>
    <item name='javax.imageio.metadata.IIOMetadata void setFromTree(java.lang.String, org.w3c.dom.Node)'>
        <annotation name='com.intellij.inspections.tainted.annotation.equation.Equations'>
            <val val="{ &quot;root := com.sun.imageio.plugins.jpeg.JPEGMetadata#setFromTree(java.lang.String, org.w3c.dom.Node)#1&quot;, &quot;formatName := com.sun.imageio.plugins.jpeg.JPEGMetadata#setFromTree(java.lang.String, org.w3c.dom.Node)#0&quot; }"/>
        </annotation>
    </item>
    <item name='javax.imageio.metadata.IIOMetadataFormat boolean canNodeAppear(java.lang.String, javax.imageio.ImageTypeSpecifier)'>
        <annotation name='com.intellij.inspections.tainted.annotation.equation.Equations'>
            <val val="{ &quot;canNodeAppear := IIOMetadataFormatImpl#canNodeAppear(java.lang.String, javax.imageio.ImageTypeSpecifier)&quot; }"/>
        </annotation>
    </item>
    <item name='javax.imageio.metadata.IIOMetadataFormat boolean isAttributeRequired(java.lang.String, java.lang.String)'>
        <annotation name='com.intellij.inspections.tainted.annotation.equation.Equations'>
            <val val="{ &quot;isAttributeRequired := IIOMetadataFormatImpl#isAttributeRequired(java.lang.String, java.lang.String)&quot; }"/>
        </annotation>
    </item>
    <item name='javax.imageio.metadata.IIOMetadataFormat int getAttributeDataType(java.lang.String, java.lang.String)'>
        <annotation name='com.intellij.inspections.tainted.annotation.equation.Equations'>
            <val val="{ &quot;getAttributeDataType := IIOMetadataFormatImpl#getAttributeDataType(java.lang.String, java.lang.String)&quot; }"/>
        </annotation>
    </item>
    <item name='javax.imageio.metadata.IIOMetadataFormat int getAttributeListMaxLength(java.lang.String, java.lang.String)'>
        <annotation name='com.intellij.inspections.tainted.annotation.equation.Equations'>
            <val val="{ &quot;getAttributeListMaxLength := IIOMetadataFormatImpl#getAttributeListMaxLength(java.lang.String, java.lang.String)&quot; }"/>
        </annotation>
    </item>
    <item name='javax.imageio.metadata.IIOMetadataFormat int getAttributeListMinLength(java.lang.String, java.lang.String)'>
        <annotation name='com.intellij.inspections.tainted.annotation.equation.Equations'>
            <val val="{ &quot;getAttributeListMinLength := IIOMetadataFormatImpl#getAttributeListMinLength(java.lang.String, java.lang.String)&quot; }"/>
        </annotation>
    </item>
    <item name='javax.imageio.metadata.IIOMetadataFormat int getAttributeValueType(java.lang.String, java.lang.String)'>
        <annotation name='com.intellij.inspections.tainted.annotation.equation.Equations'>
            <val val="{ &quot;getAttributeValueType := IIOMetadataFormatImpl#getAttributeValueType(java.lang.String, java.lang.String)&quot; }"/>
        </annotation>
    </item>
    <item name='javax.imageio.metadata.IIOMetadataFormat int getChildPolicy(java.lang.String)'>
        <annotation name='com.intellij.inspections.tainted.annotation.equation.Equations'>
            <val val="{ &quot;getChildPolicy := IIOMetadataFormatImpl#getChildPolicy(java.lang.String)&quot; }"/>
        </annotation>
    </item>
    <item name='javax.imageio.metadata.IIOMetadataFormat int getElementMaxChildren(java.lang.String)'>
        <annotation name='com.intellij.inspections.tainted.annotation.equation.Equations'>
            <val val="{ &quot;getElementMaxChildren := IIOMetadataFormatImpl#getElementMaxChildren(java.lang.String)&quot; }"/>
        </annotation>
    </item>
    <item name='javax.imageio.metadata.IIOMetadataFormat int getElementMinChildren(java.lang.String)'>
        <annotation name='com.intellij.inspections.tainted.annotation.equation.Equations'>
            <val val="{ &quot;getElementMinChildren := IIOMetadataFormatImpl#getElementMinChildren(java.lang.String)&quot; }"/>
        </annotation>
    </item>
    <item name='javax.imageio.metadata.IIOMetadataFormat int getObjectArrayMaxLength(java.lang.String)'>
        <annotation name='com.intellij.inspections.tainted.annotation.equation.Equations'>
            <val val="{ &quot;getObjectArrayMaxLength := IIOMetadataFormatImpl#getObjectArrayMaxLength(java.lang.String)&quot; }"/>
        </annotation>
    </item>
    <item name='javax.imageio.metadata.IIOMetadataFormat int getObjectArrayMinLength(java.lang.String)'>
        <annotation name='com.intellij.inspections.tainted.annotation.equation.Equations'>
            <val val="{ &quot;getObjectArrayMinLength := IIOMetadataFormatImpl#getObjectArrayMinLength(java.lang.String)&quot; }"/>
        </annotation>
    </item>
    <item name='javax.imageio.metadata.IIOMetadataFormat int getObjectValueType(java.lang.String)'>
        <annotation name='com.intellij.inspections.tainted.annotation.equation.Equations'>
            <val val="{ &quot;getObjectValueType := IIOMetadataFormatImpl#getObjectValueType(java.lang.String)&quot; }"/>
        </annotation>
    </item>
    <item name='javax.imageio.metadata.IIOMetadataFormat java.lang.Class&lt;?&gt; getObjectClass(java.lang.String)'>
        <annotation name='com.intellij.inspections.tainted.annotation.equation.Equations'>
            <val val="{ &quot;getObjectClass := IIOMetadataFormatImpl#getObjectClass(java.lang.String)&quot; }"/>
        </annotation>
    </item>
    <item name='javax.imageio.metadata.IIOMetadataFormat java.lang.Comparable&lt;?&gt; getObjectMaxValue(java.lang.String)'>
        <annotation name='com.intellij.inspections.tainted.annotation.equation.Equations'>
            <val val="{ &quot;getObjectMaxValue := IIOMetadataFormatImpl#getObjectMaxValue(java.lang.String)&quot; }"/>
        </annotation>
    </item>
    <item name='javax.imageio.metadata.IIOMetadataFormat java.lang.Comparable&lt;?&gt; getObjectMinValue(java.lang.String)'>
        <annotation name='com.intellij.inspections.tainted.annotation.equation.Equations'>
            <val val="{ &quot;getObjectMinValue := IIOMetadataFormatImpl#getObjectMinValue(java.lang.String)&quot; }"/>
        </annotation>
    </item>
    <item name='javax.imageio.metadata.IIOMetadataFormat java.lang.Object getObjectDefaultValue(java.lang.String)'>
        <annotation name='com.intellij.inspections.tainted.annotation.equation.Equations'>
            <val val="{ &quot;getObjectDefaultValue := IIOMetadataFormatImpl#getObjectDefaultValue(java.lang.String)&quot; }"/>
        </annotation>
    </item>
    <item name='javax.imageio.metadata.IIOMetadataFormat java.lang.Object[] getObjectEnumerations(java.lang.String)'>
        <annotation name='com.intellij.inspections.tainted.annotation.equation.Equations'>
            <val val="{ &quot;getObjectEnumerations := IIOMetadataFormatImpl#getObjectEnumerations(java.lang.String)&quot; }"/>
        </annotation>
    </item>
    <item name='javax.imageio.metadata.IIOMetadataFormat java.lang.String getAttributeDefaultValue(java.lang.String, java.lang.String)'>
        <annotation name='com.intellij.inspections.tainted.annotation.equation.Equations'>
            <val val="{ &quot;getAttributeDefaultValue := IIOMetadataFormatImpl#getAttributeDefaultValue(java.lang.String, java.lang.String)&quot; }"/>
        </annotation>
    </item>
    <item name='javax.imageio.metadata.IIOMetadataFormat java.lang.String getAttributeDescription(java.lang.String, java.lang.String, java.util.Locale)'>
        <annotation name='com.intellij.inspections.tainted.annotation.equation.Equations'>
            <val val="{ &quot;getAttributeDescription := IIOMetadataFormatImpl#getAttributeDescription(java.lang.String, java.lang.String, java.util.Locale)&quot; }"/>
        </annotation>
    </item>
    <item name='javax.imageio.metadata.IIOMetadataFormat java.lang.String getAttributeMaxValue(java.lang.String, java.lang.String)'>
        <annotation name='com.intellij.inspections.tainted.annotation.equation.Equations'>
            <val val="{ &quot;getAttributeMaxValue := IIOMetadataFormatImpl#getAttributeMaxValue(java.lang.String, java.lang.String)&quot; }"/>
        </annotation>
    </item>
    <item name='javax.imageio.metadata.IIOMetadataFormat java.lang.String getAttributeMinValue(java.lang.String, java.lang.String)'>
        <annotation name='com.intellij.inspections.tainted.annotation.equation.Equations'>
            <val val="{ &quot;getAttributeMinValue := IIOMetadataFormatImpl#getAttributeMinValue(java.lang.String, java.lang.String)&quot; }"/>
        </annotation>
    </item>
    <item name='javax.imageio.metadata.IIOMetadataFormat java.lang.String getElementDescription(java.lang.String, java.util.Locale)'>
        <annotation name='com.intellij.inspections.tainted.annotation.equation.Equations'>
            <val val="{ &quot;getElementDescription := IIOMetadataFormatImpl#getElementDescription(java.lang.String, java.util.Locale)&quot; }"/>
        </annotation>
    </item>
    <item name='javax.imageio.metadata.IIOMetadataFormat java.lang.String getRootName()'>
        <annotation name='com.intellij.inspections.tainted.annotation.equation.Equations'>
            <val val="{ &quot;getRootName := IIOMetadataFormatImpl#getRootName()&quot; }"/>
        </annotation>
    </item>
    <item name='javax.imageio.metadata.IIOMetadataFormat java.lang.String[] getAttributeEnumerations(java.lang.String, java.lang.String)'>
        <annotation name='com.intellij.inspections.tainted.annotation.equation.Equations'>
            <val val="{ &quot;getAttributeEnumerations := IIOMetadataFormatImpl#getAttributeEnumerations(java.lang.String, java.lang.String)&quot; }"/>
        </annotation>
    </item>
    <item name='javax.imageio.metadata.IIOMetadataFormat java.lang.String[] getAttributeNames(java.lang.String)'>
        <annotation name='com.intellij.inspections.tainted.annotation.equation.Equations'>
            <val val="{ &quot;getAttributeNames := IIOMetadataFormatImpl#getAttributeNames(java.lang.String)&quot; }"/>
        </annotation>
    </item>
    <item name='javax.imageio.metadata.IIOMetadataFormat java.lang.String[] getChildNames(java.lang.String)'>
        <annotation name='com.intellij.inspections.tainted.annotation.equation.Equations'>
            <val val="{ &quot;getChildNames := IIOMetadataFormatImpl#getChildNames(java.lang.String)&quot; }"/>
        </annotation>
    </item>
    <item name='javax.imageio.metadata.IIOMetadataFormatImpl'>
        <annotation name='com.intellij.inspections.tainted.annotation.equation.Equations'>
            <val val="{ &quot;IIOMetadataFormatImpl := &quot; }"/>
        </annotation>
    </item>
    <item name='javax.imageio.metadata.IIOMetadataFormatImpl IIOMetadataFormatImpl(java.lang.String, int)'>
        <annotation name='com.intellij.inspections.tainted.annotation.equation.Equations'>
            <val val="{ &quot;IIOMetadataFormatImpl := IIOMetadataFormatImpl&quot;, &quot;childPolicy := IIOMetadataFormat#CHILD_POLICY_SOME &amp; com.sun.imageio.plugins.jpeg.JPEGMetadataFormat#JPEGMetadataFormat(java.lang.String, int)#1&quot;, &quot;rootName := com.sun.imageio.plugins.bmp.BMPMetadata#nativeMetadataFormatName &amp; com.sun.imageio.plugins.gif.GIFImageMetadata#nativeMetadataFormatName &amp; com.sun.imageio.plugins.gif.GIFStreamMetadata#nativeMetadataFormatName &amp; com.sun.imageio.plugins.png.PNGMetadata#nativeMetadataFormatName &amp; com.sun.imageio.plugins.jpeg.JPEGMetadataFormat#JPEGMetadataFormat(java.lang.String, int)#0 &amp; com.sun.imageio.plugins.wbmp.WBMPMetadata#nativeMetadataFormatName &amp; #standardMetadataFormatName&quot; }"/>
        </annotation>
    </item>
    <item name='javax.imageio.metadata.IIOMetadataFormatImpl IIOMetadataFormatImpl(java.lang.String, int, int)'>
        <annotation name='com.intellij.inspections.tainted.annotation.equation.Equations'>
            <val val="{ &quot;IIOMetadataFormatImpl := IIOMetadataFormatImpl&quot; }"/>
        </annotation>
    </item>
    <item name='javax.imageio.metadata.IIOMetadataFormatImpl boolean canNodeAppear(java.lang.String, javax.imageio.ImageTypeSpecifier)'>
        <annotation name='com.intellij.inspections.tainted.annotation.equation.Equations'>
            <val val="{ &quot;canNodeAppear := com.sun.imageio.plugins.jpeg.JPEGMetadataFormat#canNodeAppear(java.lang.String, javax.imageio.ImageTypeSpecifier) &amp; com.sun.imageio.plugins.png.PNGMetadataFormat#canNodeAppear(java.lang.String, javax.imageio.ImageTypeSpecifier) &amp; com.sun.imageio.plugins.bmp.BMPMetadataFormat#canNodeAppear(java.lang.String, javax.imageio.ImageTypeSpecifier) &amp; com.sun.imageio.plugins.gif.GIFStreamMetadataFormat#canNodeAppear(java.lang.String, javax.imageio.ImageTypeSpecifier) &amp; com.sun.imageio.plugins.wbmp.WBMPMetadataFormat#canNodeAppear(java.lang.String, javax.imageio.ImageTypeSpecifier) &amp; com.sun.imageio.plugins.common.StandardMetadataFormat#canNodeAppear(java.lang.String, javax.imageio.ImageTypeSpecifier) &amp; com.sun.imageio.plugins.gif.GIFImageMetadataFormat#canNodeAppear(java.lang.String, javax.imageio.ImageTypeSpecifier)&quot; }"/>
        </annotation>
    </item>
    <item name='javax.imageio.metadata.IIOMetadataFormatImpl boolean isAttributeRequired(java.lang.String, java.lang.String)'>
        <annotation name='com.intellij.inspections.tainted.annotation.equation.Equations'>
            <val val="{ &quot;elementName := IIOMetadataFormat#isAttributeRequired(java.lang.String, java.lang.String)#0 &amp; IIOMetadataFormat#isAttributeRequired(java.lang.String, java.lang.String)#0&quot;, &quot;attrName := IIOMetadataFormat#isAttributeRequired(java.lang.String, java.lang.String)#1 &amp; IIOMetadataFormat#isAttributeRequired(java.lang.String, java.lang.String)#1&quot; }"/>
        </annotation>
    </item>
    <item name='javax.imageio.metadata.IIOMetadataFormatImpl int getAttributeDataType(java.lang.String, java.lang.String)'>
        <annotation name='com.intellij.inspections.tainted.annotation.equation.Equations'>
            <val val="{ &quot;elementName := IIOMetadataFormat#getAttributeDataType(java.lang.String, java.lang.String)#0 &amp; IIOMetadataFormat#getAttributeDataType(java.lang.String, java.lang.String)#0&quot;, &quot;attrName := IIOMetadataFormat#getAttributeDataType(java.lang.String, java.lang.String)#1 &amp; IIOMetadataFormat#getAttributeDataType(java.lang.String, java.lang.String)#1&quot; }"/>
        </annotation>
    </item>
    <item name='javax.imageio.metadata.IIOMetadataFormatImpl int getAttributeListMaxLength(java.lang.String, java.lang.String)'>
        <annotation name='com.intellij.inspections.tainted.annotation.equation.Equations'>
            <val val="{ &quot;attrName := IIOMetadataFormat#getAttributeListMaxLength(java.lang.String, java.lang.String)#1 &amp; IIOMetadataFormat#getAttributeListMaxLength(java.lang.String, java.lang.String)#1&quot;, &quot;elementName := IIOMetadataFormat#getAttributeListMaxLength(java.lang.String, java.lang.String)#0 &amp; IIOMetadataFormat#getAttributeListMaxLength(java.lang.String, java.lang.String)#0&quot; }"/>
        </annotation>
    </item>
    <item name='javax.imageio.metadata.IIOMetadataFormatImpl int getAttributeListMinLength(java.lang.String, java.lang.String)'>
        <annotation name='com.intellij.inspections.tainted.annotation.equation.Equations'>
            <val val="{ &quot;attrName := IIOMetadataFormat#getAttributeListMinLength(java.lang.String, java.lang.String)#1 &amp; IIOMetadataFormat#getAttributeListMinLength(java.lang.String, java.lang.String)#1&quot;, &quot;elementName := IIOMetadataFormat#getAttributeListMinLength(java.lang.String, java.lang.String)#0 &amp; IIOMetadataFormat#getAttributeListMinLength(java.lang.String, java.lang.String)#0&quot; }"/>
        </annotation>
    </item>
    <item name='javax.imageio.metadata.IIOMetadataFormatImpl int getAttributeValueType(java.lang.String, java.lang.String)'>
        <annotation name='com.intellij.inspections.tainted.annotation.equation.Equations'>
            <val val="{ &quot;elementName := IIOMetadataFormat#getAttributeValueType(java.lang.String, java.lang.String)#0 &amp; IIOMetadataFormat#getAttributeValueType(java.lang.String, java.lang.String)#0&quot;, &quot;attrName := IIOMetadataFormat#getAttributeValueType(java.lang.String, java.lang.String)#1 &amp; IIOMetadataFormat#getAttributeValueType(java.lang.String, java.lang.String)#1&quot; }"/>
        </annotation>
    </item>
    <item name='javax.imageio.metadata.IIOMetadataFormatImpl int getChildPolicy(java.lang.String)'>
        <annotation name='com.intellij.inspections.tainted.annotation.equation.Equations'>
            <val val="{ &quot;elementName := IIOMetadataFormat#getChildPolicy(java.lang.String)#0 &amp; IIOMetadataFormat#getChildPolicy(java.lang.String)#0&quot; }"/>
        </annotation>
    </item>
    <item name='javax.imageio.metadata.IIOMetadataFormatImpl int getElementMaxChildren(java.lang.String)'>
        <annotation name='com.intellij.inspections.tainted.annotation.equation.Equations'>
            <val val="{ &quot;elementName := IIOMetadataFormat#getElementMaxChildren(java.lang.String)#0 &amp; IIOMetadataFormat#getElementMaxChildren(java.lang.String)#0&quot; }"/>
        </annotation>
    </item>
    <item name='javax.imageio.metadata.IIOMetadataFormatImpl int getElementMinChildren(java.lang.String)'>
        <annotation name='com.intellij.inspections.tainted.annotation.equation.Equations'>
            <val val="{ &quot;elementName := IIOMetadataFormat#getElementMinChildren(java.lang.String)#0 &amp; IIOMetadataFormat#getElementMinChildren(java.lang.String)#0&quot; }"/>
        </annotation>
    </item>
    <item name='javax.imageio.metadata.IIOMetadataFormatImpl int getObjectArrayMaxLength(java.lang.String)'>
        <annotation name='com.intellij.inspections.tainted.annotation.equation.Equations'>
            <val val="{ &quot;elementName := IIOMetadataFormat#getObjectArrayMaxLength(java.lang.String)#0 &amp; IIOMetadataFormat#getObjectArrayMaxLength(java.lang.String)#0&quot; }"/>
        </annotation>
    </item>
    <item name='javax.imageio.metadata.IIOMetadataFormatImpl int getObjectArrayMinLength(java.lang.String)'>
        <annotation name='com.intellij.inspections.tainted.annotation.equation.Equations'>
            <val val="{ &quot;elementName := IIOMetadataFormat#getObjectArrayMinLength(java.lang.String)#0 &amp; IIOMetadataFormat#getObjectArrayMinLength(java.lang.String)#0&quot; }"/>
        </annotation>
    </item>
    <item name='javax.imageio.metadata.IIOMetadataFormatImpl int getObjectValueType(java.lang.String)'>
        <annotation name='com.intellij.inspections.tainted.annotation.equation.Equations'>
            <val val="{ &quot;elementName := IIOMetadataFormat#getObjectValueType(java.lang.String)#0 &amp; IIOMetadataFormat#getObjectValueType(java.lang.String)#0&quot;, &quot;getObjectValueType := IIOMetadataFormat#VALUE_NONE&quot; }"/>
        </annotation>
    </item>
    <item name='javax.imageio.metadata.IIOMetadataFormatImpl java.lang.Class&lt;?&gt; getObjectClass(java.lang.String)'>
        <annotation name='com.intellij.inspections.tainted.annotation.equation.Equations'>
            <val val="{ &quot;elementName := IIOMetadataFormat#getObjectClass(java.lang.String)#0 &amp; IIOMetadataFormat#getObjectClass(java.lang.String)#0&quot; }"/>
        </annotation>
    </item>
    <item name='javax.imageio.metadata.IIOMetadataFormatImpl java.lang.Comparable&lt;?&gt; getObjectMaxValue(java.lang.String)'>
        <annotation name='com.intellij.inspections.tainted.annotation.equation.Equations'>
            <val val="{ &quot;elementName := IIOMetadataFormat#getObjectMaxValue(java.lang.String)#0 &amp; IIOMetadataFormat#getObjectMaxValue(java.lang.String)#0&quot; }"/>
        </annotation>
    </item>
    <item name='javax.imageio.metadata.IIOMetadataFormatImpl java.lang.Comparable&lt;?&gt; getObjectMinValue(java.lang.String)'>
        <annotation name='com.intellij.inspections.tainted.annotation.equation.Equations'>
            <val val="{ &quot;elementName := IIOMetadataFormat#getObjectMinValue(java.lang.String)#0 &amp; IIOMetadataFormat#getObjectMinValue(java.lang.String)#0&quot; }"/>
        </annotation>
    </item>
    <item name='javax.imageio.metadata.IIOMetadataFormatImpl java.lang.Object getObjectDefaultValue(java.lang.String)'>
        <annotation name='com.intellij.inspections.tainted.annotation.equation.Equations'>
            <val val="{ &quot;elementName := IIOMetadataFormat#getObjectDefaultValue(java.lang.String)#0 &amp; IIOMetadataFormat#getObjectDefaultValue(java.lang.String)#0&quot; }"/>
        </annotation>
    </item>
    <item name='javax.imageio.metadata.IIOMetadataFormatImpl java.lang.Object[] getObjectEnumerations(java.lang.String)'>
        <annotation name='com.intellij.inspections.tainted.annotation.equation.Equations'>
            <val val="{ &quot;elementName := IIOMetadataFormat#getObjectEnumerations(java.lang.String)#0 &amp; IIOMetadataFormat#getObjectEnumerations(java.lang.String)#0&quot; }"/>
        </annotation>
    </item>
    <item name='javax.imageio.metadata.IIOMetadataFormatImpl java.lang.String getAttributeDefaultValue(java.lang.String, java.lang.String)'>
        <annotation name='com.intellij.inspections.tainted.annotation.equation.Equations'>
            <val val="{ &quot;elementName := IIOMetadataFormat#getAttributeDefaultValue(java.lang.String, java.lang.String)#0 &amp; IIOMetadataFormat#getAttributeDefaultValue(java.lang.String, java.lang.String)#0&quot;, &quot;attrName := IIOMetadataFormat#getAttributeDefaultValue(java.lang.String, java.lang.String)#1 &amp; IIOMetadataFormat#getAttributeDefaultValue(java.lang.String, java.lang.String)#1&quot; }"/>
        </annotation>
    </item>
    <item name='javax.imageio.metadata.IIOMetadataFormatImpl java.lang.String getAttributeDescription(java.lang.String, java.lang.String, java.util.Locale)'>
        <annotation name='com.intellij.inspections.tainted.annotation.equation.Equations'>
            <val val="{ &quot;elementName := IIOMetadataFormat#getAttributeDescription(java.lang.String, java.lang.String, java.util.Locale)#0 &amp; IIOMetadataFormat#getAttributeDescription(java.lang.String, java.lang.String, java.util.Locale)#0&quot;, &quot;locale := IIOMetadataFormat#getAttributeDescription(java.lang.String, java.lang.String, java.util.Locale)#2 &amp; IIOMetadataFormat#getAttributeDescription(java.lang.String, java.lang.String, java.util.Locale)#2&quot;, &quot;attrName := IIOMetadataFormat#getAttributeDescription(java.lang.String, java.lang.String, java.util.Locale)#1 &amp; IIOMetadataFormat#getAttributeDescription(java.lang.String, java.lang.String, java.util.Locale)#1&quot; }"/>
        </annotation>
    </item>
    <item name='javax.imageio.metadata.IIOMetadataFormatImpl java.lang.String getAttributeMaxValue(java.lang.String, java.lang.String)'>
        <annotation name='com.intellij.inspections.tainted.annotation.equation.Equations'>
            <val val="{ &quot;attrName := IIOMetadataFormat#getAttributeMaxValue(java.lang.String, java.lang.String)#1 &amp; IIOMetadataFormat#getAttributeMaxValue(java.lang.String, java.lang.String)#1&quot;, &quot;elementName := IIOMetadataFormat#getAttributeMaxValue(java.lang.String, java.lang.String)#0 &amp; IIOMetadataFormat#getAttributeMaxValue(java.lang.String, java.lang.String)#0&quot; }"/>
        </annotation>
    </item>
    <item name='javax.imageio.metadata.IIOMetadataFormatImpl java.lang.String getAttributeMinValue(java.lang.String, java.lang.String)'>
        <annotation name='com.intellij.inspections.tainted.annotation.equation.Equations'>
            <val val="{ &quot;elementName := IIOMetadataFormat#getAttributeMinValue(java.lang.String, java.lang.String)#0 &amp; IIOMetadataFormat#getAttributeMinValue(java.lang.String, java.lang.String)#0&quot;, &quot;attrName := IIOMetadataFormat#getAttributeMinValue(java.lang.String, java.lang.String)#1 &amp; IIOMetadataFormat#getAttributeMinValue(java.lang.String, java.lang.String)#1&quot; }"/>
        </annotation>
    </item>
    <item name='javax.imageio.metadata.IIOMetadataFormatImpl java.lang.String getElementDescription(java.lang.String, java.util.Locale)'>
        <annotation name='com.intellij.inspections.tainted.annotation.equation.Equations'>
            <val val="{ &quot;locale := IIOMetadataFormat#getElementDescription(java.lang.String, java.util.Locale)#1 &amp; IIOMetadataFormat#getElementDescription(java.lang.String, java.util.Locale)#1&quot;, &quot;elementName := IIOMetadataFormat#getElementDescription(java.lang.String, java.util.Locale)#0 &amp; IIOMetadataFormat#getElementDescription(java.lang.String, java.util.Locale)#0&quot; }"/>
        </annotation>
    </item>
    <item name='javax.imageio.metadata.IIOMetadataFormatImpl java.lang.String getResource(java.lang.String, java.util.Locale)'>
        <annotation name='com.intellij.inspections.tainted.annotation.equation.Equations'>
            <val val="{ &quot;locale := #getElementDescription(java.lang.String, java.util.Locale)#1 &amp; #getAttributeDescription(java.lang.String, java.lang.String, java.util.Locale)#2&quot;, &quot;key := #getElementDescription(java.lang.String, java.util.Locale)#0 &amp; #getAttributeDescription(java.lang.String, java.lang.String, java.util.Locale)#0 &amp; #getAttributeDescription(java.lang.String, java.lang.String, java.util.Locale)#1&quot; }"/>
        </annotation>
    </item>
    <item name='javax.imageio.metadata.IIOMetadataFormatImpl java.lang.String getResourceBaseName()'>
        <annotation name='com.intellij.inspections.tainted.annotation.equation.Equations'>
            <val val="{ &quot;getResourceBaseName := IIOMetadataFormatImpl&quot; }"/>
        </annotation>
    </item>
    <item name='javax.imageio.metadata.IIOMetadataFormatImpl java.lang.String getRootName()'>
        <annotation name='com.intellij.inspections.tainted.annotation.equation.Equations'>
            <val val="{ &quot;getRootName := IIOMetadataFormatImpl&quot; }"/>
        </annotation>
    </item>
    <item name='javax.imageio.metadata.IIOMetadataFormatImpl java.lang.String[] getAttributeEnumerations(java.lang.String, java.lang.String)'>
        <annotation name='com.intellij.inspections.tainted.annotation.equation.Equations'>
            <val val="{ &quot;attrName := IIOMetadataFormat#getAttributeEnumerations(java.lang.String, java.lang.String)#1 &amp; IIOMetadataFormat#getAttributeEnumerations(java.lang.String, java.lang.String)#1&quot;, &quot;elementName := IIOMetadataFormat#getAttributeEnumerations(java.lang.String, java.lang.String)#0 &amp; IIOMetadataFormat#getAttributeEnumerations(java.lang.String, java.lang.String)#0&quot; }"/>
        </annotation>
    </item>
    <item name='javax.imageio.metadata.IIOMetadataFormatImpl java.lang.String[] getAttributeNames(java.lang.String)'>
        <annotation name='com.intellij.inspections.tainted.annotation.equation.Equations'>
            <val val="{ &quot;elementName := IIOMetadataFormat#getAttributeNames(java.lang.String)#0 &amp; IIOMetadataFormat#getAttributeNames(java.lang.String)#0&quot; }"/>
        </annotation>
    </item>
    <item name='javax.imageio.metadata.IIOMetadataFormatImpl java.lang.String[] getChildNames(java.lang.String)'>
        <annotation name='com.intellij.inspections.tainted.annotation.equation.Equations'>
            <val val="{ &quot;elementName := IIOMetadataFormat#getChildNames(java.lang.String)#0 &amp; com.sun.imageio.plugins.jpeg.JPEGMetadataFormat#isInSubtree(java.lang.String, java.lang.String)#0 &amp; IIOMetadataFormat#getChildNames(java.lang.String)#0&quot; }"/>
        </annotation>
    </item>
    <item name='javax.imageio.metadata.IIOMetadataFormatImpl javax.imageio.metadata.IIOMetadataFormat getStandardFormatInstance()'>
        <annotation name='com.intellij.inspections.tainted.annotation.equation.Equations'>
            <val val="{ &quot;getStandardFormatInstance := IIOMetadataFormatImpl&quot; }"/>
        </annotation>
    </item>
    <item name='javax.imageio.metadata.IIOMetadataFormatImpl javax.imageio.metadata.IIOMetadataFormatImpl.Attribute getAttribute(java.lang.String, java.lang.String)'>
        <annotation name='com.intellij.inspections.tainted.annotation.equation.Equations'>
            <val val="{ &quot;attrName := #getAttributeValueType(java.lang.String, java.lang.String)#1 &amp; #getAttributeDataType(java.lang.String, java.lang.String)#1 &amp; #isAttributeRequired(java.lang.String, java.lang.String)#1 &amp; #getAttributeDefaultValue(java.lang.String, java.lang.String)#1 &amp; #getAttributeEnumerations(java.lang.String, java.lang.String)#1 &amp; #getAttributeMinValue(java.lang.String, java.lang.String)#1 &amp; #getAttributeMaxValue(java.lang.String, java.lang.String)#1 &amp; #getAttributeListMinLength(java.lang.String, java.lang.String)#1 &amp; #getAttributeListMaxLength(java.lang.String, java.lang.String)#1&quot;, &quot;elementName := #getAttributeValueType(java.lang.String, java.lang.String)#0 &amp; #getAttributeDataType(java.lang.String, java.lang.String)#0 &amp; #isAttributeRequired(java.lang.String, java.lang.String)#0 &amp; #getAttributeDefaultValue(java.lang.String, java.lang.String)#0 &amp; #getAttributeEnumerations(java.lang.String, java.lang.String)#0 &amp; #getAttributeMinValue(java.lang.String, java.lang.String)#0 &amp; #getAttributeMaxValue(java.lang.String, java.lang.String)#0 &amp; #getAttributeListMinLength(java.lang.String, java.lang.String)#0 &amp; #getAttributeListMaxLength(java.lang.String, java.lang.String)#0&quot; }"/>
        </annotation>
    </item>
    <item name='javax.imageio.metadata.IIOMetadataFormatImpl javax.imageio.metadata.IIOMetadataFormatImpl.Element getElement(java.lang.String)'>
        <annotation name='com.intellij.inspections.tainted.annotation.equation.Equations'>
            <val val="{ &quot;elementName := #getAttribute(java.lang.String, java.lang.String)#0 &amp; #addElement(java.lang.String, java.lang.String, int)#1 &amp; #addElement(java.lang.String, java.lang.String, int, int)#1 &amp; #addChildElement(java.lang.String, java.lang.String)#1 &amp; #addChildElement(java.lang.String, java.lang.String)#0 &amp; #addAttribute(java.lang.String, java.lang.String, int, boolean, java.lang.String)#0 &amp; #addAttribute(java.lang.String, java.lang.String, int, boolean, java.lang.String, java.util.List)#0 &amp; #addAttribute(java.lang.String, java.lang.String, int, boolean, java.lang.String, java.lang.String, java.lang.String, boolean, boolean)#0 &amp; #addAttribute(java.lang.String, java.lang.String, int, boolean, int, int)#0 &amp; #removeAttribute(java.lang.String, java.lang.String)#0 &amp; #addObjectValue(java.lang.String, java.lang.Class, boolean, java.lang.Object)#0 &amp; #addObjectValue(java.lang.String, java.lang.Class, boolean, java.lang.Object, java.util.List)#0 &amp; #addObjectValue(java.lang.String, java.lang.Class, java.lang.Object, java.lang.Comparable, java.lang.Comparable, boolean, boolean)#0 &amp; #addObjectValue(java.lang.String, java.lang.Class, int, int)#0 &amp; #removeObjectValue(java.lang.String)#0 &amp; #getElementMinChildren(java.lang.String)#0 &amp; #getElementMaxChildren(java.lang.String)#0 &amp; #getElementDescription(java.lang.String, java.util.Locale)#0 &amp; #getChildPolicy(java.lang.String)#0 &amp; #getChildNames(java.lang.String)#0 &amp; #getAttributeNames(java.lang.String)#0 &amp; #getAttributeDescription(java.lang.String, java.lang.String, java.util.Locale)#0 &amp; #getObjectValue(java.lang.String)#0 &amp; #getObjectValueType(java.lang.String)#0&quot; }"/>
        </annotation>
    </item>
    <item name='javax.imageio.metadata.IIOMetadataFormatImpl javax.imageio.metadata.IIOMetadataFormatImpl.Element getElement(java.lang.String, boolean)'>
        <annotation name='com.intellij.inspections.tainted.annotation.equation.Equations'>
            <val val="{ &quot;elementName := #getElement(java.lang.String)#0 &amp; #removeElement(java.lang.String)#0&quot; }"/>
        </annotation>
    </item>
    <item name='javax.imageio.metadata.IIOMetadataFormatImpl javax.imageio.metadata.IIOMetadataFormatImpl.ObjectValue getObjectValue(java.lang.String)'>
        <annotation name='com.intellij.inspections.tainted.annotation.equation.Equations'>
            <val val="{ &quot;elementName := #getObjectClass(java.lang.String)#0 &amp; #getObjectDefaultValue(java.lang.String)#0 &amp; #getObjectEnumerations(java.lang.String)#0 &amp; #getObjectMinValue(java.lang.String)#0 &amp; #getObjectMaxValue(java.lang.String)#0 &amp; #getObjectArrayMinLength(java.lang.String)#0 &amp; #getObjectArrayMaxLength(java.lang.String)#0&quot; }"/>
        </annotation>
    </item>
    <item name='javax.imageio.metadata.IIOMetadataFormatImpl void addAttribute(java.lang.String, java.lang.String, int, boolean, int, int)'>
        <annotation name='com.intellij.inspections.tainted.annotation.equation.Equations'>
            <val val="{ &quot;listMaxLength := java.lang.Integer#MAX_VALUE&quot;, &quot;dataType := IIOMetadataFormat#DATATYPE_INTEGER&quot; }"/>
        </annotation>
    </item>
    <item name='javax.imageio.metadata.IIOMetadataFormatImpl void addAttribute(java.lang.String, java.lang.String, int, boolean, java.lang.String)'>
        <annotation name='com.intellij.inspections.tainted.annotation.equation.Equations'>
            <val val="{ &quot;dataType := IIOMetadataFormat#DATATYPE_STRING &amp; IIOMetadataFormat#DATATYPE_INTEGER &amp; com.sun.imageio.plugins.common.StandardMetadataFormat#addSingleAttributeElement(java.lang.String, java.lang.String, int)#2 &amp; IIOMetadataFormat#DATATYPE_FLOAT&quot;, &quot;elementName := com.sun.imageio.plugins.common.StandardMetadataFormat#addSingleAttributeElement(java.lang.String, java.lang.String, int)#0&quot; }"/>
        </annotation>
    </item>
    <item name='javax.imageio.metadata.IIOMetadataFormatImpl void addAttribute(java.lang.String, java.lang.String, int, boolean, java.lang.String, java.lang.String, java.lang.String, boolean, boolean)'>
        <annotation name='com.intellij.inspections.tainted.annotation.equation.Equations'>
            <val val="{ &quot;dataType := IIOMetadataFormat#DATATYPE_INTEGER &amp; IIOMetadataFormat#DATATYPE_DOUBLE&quot;, &quot;minValue := com.sun.imageio.plugins.png.PNGMetadataFormat&quot;, &quot;maxValue := com.sun.imageio.plugins.png.PNGMetadataFormat&quot; }"/>
        </annotation>
    </item>
    <item name='javax.imageio.metadata.IIOMetadataFormatImpl void addAttribute(java.lang.String, java.lang.String, int, boolean, java.lang.String, java.util.List&lt;java.lang.String&gt;)'>
        <annotation name='com.intellij.inspections.tainted.annotation.equation.Equations'>
            <val val="{ &quot;attrName := #addBooleanAttribute(java.lang.String, java.lang.String, boolean, boolean)#1&quot;, &quot;elementName := #addBooleanAttribute(java.lang.String, java.lang.String, boolean, boolean)#0&quot;, &quot;dataType := IIOMetadataFormat#DATATYPE_INTEGER &amp; IIOMetadataFormat#DATATYPE_STRING &amp; IIOMetadataFormat#DATATYPE_BOOLEAN&quot;, &quot;enumeratedValues := &quot; }"/>
        </annotation>
    </item>
    <item name='javax.imageio.metadata.IIOMetadataFormatImpl void addElement(java.lang.String, java.lang.String, int)'>
        <annotation name='com.intellij.inspections.tainted.annotation.equation.Equations'>
            <val val="{ &quot;childPolicy := IIOMetadataFormat#CHILD_POLICY_EMPTY &amp; IIOMetadataFormat#CHILD_POLICY_CHOICE &amp; IIOMetadataFormat#CHILD_POLICY_SEQUENCE &amp; IIOMetadataFormat#CHILD_POLICY_SOME&quot;, &quot;elementName := com.sun.imageio.plugins.common.StandardMetadataFormat#addSingleAttributeElement(java.lang.String, java.lang.String, int)#0&quot;, &quot;parentName := com.sun.imageio.plugins.bmp.BMPMetadata#nativeMetadataFormatName &amp; com.sun.imageio.plugins.gif.GIFImageMetadata#nativeMetadataFormatName &amp; com.sun.imageio.plugins.gif.GIFStreamMetadata#nativeMetadataFormatName &amp; com.sun.imageio.plugins.png.PNGMetadata#nativeMetadataFormatName &amp; com.sun.imageio.plugins.jpeg.JPEGMetadataFormat#addStreamElements(java.lang.String)#0 &amp; com.sun.imageio.plugins.jpeg.JPEG#nativeImageMetadataFormatName &amp; com.sun.imageio.plugins.wbmp.WBMPMetadata#nativeMetadataFormatName &amp; com.sun.imageio.plugins.common.StandardMetadataFormat#addSingleAttributeElement(java.lang.String, java.lang.String, int)#1 &amp; #standardMetadataFormatName&quot; }"/>
        </annotation>
    </item>
    <item name='javax.imageio.metadata.IIOMetadataFormatImpl void addElement(java.lang.String, java.lang.String, int, int)'>
        <annotation name='com.intellij.inspections.tainted.annotation.equation.Equations'>
            <val val="{ &quot;maxChildren := java.lang.Integer#MAX_VALUE&quot;, &quot;parentName := com.sun.imageio.plugins.bmp.BMPMetadata#nativeMetadataFormatName &amp; com.sun.imageio.plugins.gif.GIFImageMetadata#nativeMetadataFormatName &amp; com.sun.imageio.plugins.gif.GIFStreamMetadata#nativeMetadataFormatName &amp; com.sun.imageio.plugins.png.PNGMetadata#nativeMetadataFormatName &amp; com.sun.imageio.plugins.jpeg.JPEGMetadataFormat#addStreamElements(java.lang.String)#0 &amp; #standardMetadataFormatName&quot; }"/>
        </annotation>
    </item>
    <item name='javax.imageio.metadata.IIOMetadataFormatImpl void addObjectValue(java.lang.String, java.lang.Class&lt;?&gt;, int, int)'>
        <annotation name='com.intellij.inspections.tainted.annotation.equation.Equations'>
            <val val="{ &quot;arrayMaxLength := java.lang.Integer#MAX_VALUE &amp; com.sun.imageio.plugins.jpeg.JPEGMetadataFormat#MAX_JPEG_DATA_SIZE&quot; }"/>
        </annotation>
    </item>
    <item name='javax.imageio.metadata.IIOMetadataFormatImpl void setResourceBaseName(java.lang.String)'>
        <annotation name='com.intellij.inspections.tainted.annotation.equation.Equations'>
            <val val="{ &quot;resourceBaseName := com.sun.imageio.plugins.jpeg.JPEGMetadataFormat&quot; }"/>
        </annotation>
    </item>
    <item name='javax.imageio.metadata.IIOMetadataFormatImpl.Attribute'>
        <annotation name='com.intellij.inspections.tainted.annotation.equation.Equations'>
            <val val="{ &quot;Attribute := IIOMetadataFormat#VALUE_ARBITRARY&quot; }"/>
        </annotation>
    </item>
    <item name='javax.imageio.metadata.IIOMetadataFormatImpl.Element'>
        <annotation name='com.intellij.inspections.tainted.annotation.equation.Equations'>
            <val val="{ &quot;Element := &quot; }"/>
        </annotation>
    </item>
    <item name='javax.imageio.metadata.IIOMetadataFormatImpl.ObjectValue'>
        <annotation name='com.intellij.inspections.tainted.annotation.equation.Equations'>
            <val val="{ &quot;ObjectValue := IIOMetadataFormat#VALUE_NONE&quot; }"/>
        </annotation>
    </item>
    <item name='javax.imageio.metadata.IIOMetadataNode'>
        <annotation name='com.intellij.inspections.tainted.annotation.equation.Equations'>
            <val val="{ &quot;IIOMetadataNode := &quot; }"/>
        </annotation>
    </item>
    <item name='javax.imageio.metadata.IIOMetadataNode IIOMetadataNode()'>
        <annotation name='com.intellij.inspections.tainted.annotation.equation.Equations'>
            <val val="{ &quot;IIOMetadataNode := IIOMetadataNode&quot; }"/>
        </annotation>
    </item>
    <item name='javax.imageio.metadata.IIOMetadataNode IIOMetadataNode(java.lang.String)'>
        <annotation name='com.intellij.inspections.tainted.annotation.equation.Equations'>
            <val val="{ &quot;nodeName := com.sun.imageio.plugins.bmp.BMPMetadata#nativeMetadataFormatName &amp; com.sun.imageio.plugins.bmp.BMPMetadata#addChildNode(javax.imageio.metadata.IIOMetadataNode, java.lang.String, java.lang.Object)#1 &amp; com.sun.imageio.plugins.gif.GIFImageMetadata#nativeMetadataFormatName &amp; com.sun.imageio.plugins.gif.GIFStreamMetadata#nativeMetadataFormatName &amp; com.sun.imageio.plugins.png.PNGMetadata#nativeMetadataFormatName &amp; com.sun.imageio.plugins.jpeg.JPEG#nativeStreamMetadataFormatName &amp; com.sun.imageio.plugins.jpeg.JPEG#nativeImageMetadataFormatName &amp; com.sun.imageio.plugins.wbmp.WBMPMetadata#nativeMetadataFormatName &amp; com.sun.imageio.plugins.wbmp.WBMPMetadata#addChildNode(javax.imageio.metadata.IIOMetadataNode, java.lang.String, java.lang.Object)#1 &amp; com.sun.imageio.plugins.jpeg.JFIFMarkerSegment.JFIFThumbUncompressed &amp; IIOMetadataFormatImpl#standardMetadataFormatName &amp; IIOMetadataNode&quot;, &quot;IIOMetadataNode := IIOMetadataNode&quot; }"/>
        </annotation>
    </item>
    <item name='javax.imageio.metadata.IIOMetadataNode boolean hasAttribute(java.lang.String)'>
        <annotation name='com.intellij.inspections.tainted.annotation.equation.Equations'>
            <val val="{ &quot;name := org.w3c.dom.Element#hasAttribute(java.lang.String)#0 &amp; org.w3c.dom.Element#hasAttribute(java.lang.String)#0 &amp; #hasAttributeNS(java.lang.String, java.lang.String)#1&quot; }"/>
        </annotation>
    </item>
    <item name='javax.imageio.metadata.IIOMetadataNode boolean hasAttributeNS(java.lang.String, java.lang.String)'>
        <annotation name='com.intellij.inspections.tainted.annotation.equation.Equations'>
            <val val="{ &quot;namespaceURI := org.w3c.dom.Element#hasAttributeNS(java.lang.String, java.lang.String)#0 &amp; org.w3c.dom.Element#hasAttributeNS(java.lang.String, java.lang.String)#0&quot;, &quot;localName := org.w3c.dom.Element#hasAttributeNS(java.lang.String, java.lang.String)#1 &amp; org.w3c.dom.Element#hasAttributeNS(java.lang.String, java.lang.String)#1&quot; }"/>
        </annotation>
    </item>
    <item name='javax.imageio.metadata.IIOMetadataNode boolean hasChildNodes()'>
        <annotation name='com.intellij.inspections.tainted.annotation.equation.Equations'>
            <val val="{ &quot;hasChildNodes := IIOMetadataNode&quot; }"/>
        </annotation>
    </item>
    <item name='javax.imageio.metadata.IIOMetadataNode boolean isDefaultNamespace(java.lang.String)'>
        <annotation name='com.intellij.inspections.tainted.annotation.equation.Equations'>
            <val val="{ &quot;namespaceURI := org.w3c.dom.Node#isDefaultNamespace(java.lang.String)#0 &amp; org.w3c.dom.Node#isDefaultNamespace(java.lang.String)#0&quot; }"/>
        </annotation>
    </item>
    <item name='javax.imageio.metadata.IIOMetadataNode boolean isEqualNode(org.w3c.dom.Node)'>
        <annotation name='com.intellij.inspections.tainted.annotation.equation.Equations'>
            <val val="{ &quot;node := org.w3c.dom.Node#isEqualNode(org.w3c.dom.Node)#0 &amp; org.w3c.dom.Node#isEqualNode(org.w3c.dom.Node)#0&quot; }"/>
        </annotation>
    </item>
    <item name='javax.imageio.metadata.IIOMetadataNode boolean isSameNode(org.w3c.dom.Node)'>
        <annotation name='com.intellij.inspections.tainted.annotation.equation.Equations'>
            <val val="{ &quot;node := org.w3c.dom.Node#isSameNode(org.w3c.dom.Node)#0 &amp; org.w3c.dom.Node#isSameNode(org.w3c.dom.Node)#0&quot; }"/>
        </annotation>
    </item>
    <item name='javax.imageio.metadata.IIOMetadataNode boolean isSupported(java.lang.String, java.lang.String)'>
        <annotation name='com.intellij.inspections.tainted.annotation.equation.Equations'>
            <val val="{ &quot;feature := org.w3c.dom.Node#isSupported(java.lang.String, java.lang.String)#0 &amp; org.w3c.dom.Node#isSupported(java.lang.String, java.lang.String)#0&quot;, &quot;version := org.w3c.dom.Node#isSupported(java.lang.String, java.lang.String)#1 &amp; org.w3c.dom.Node#isSupported(java.lang.String, java.lang.String)#1&quot; }"/>
        </annotation>
    </item>
    <item name='javax.imageio.metadata.IIOMetadataNode int getLength()'>
        <annotation name='com.intellij.inspections.tainted.annotation.equation.Equations'>
            <val val="{ &quot;getLength := IIOMetadataNode&quot; }"/>
        </annotation>
    </item>
    <item name='javax.imageio.metadata.IIOMetadataNode java.lang.Object getFeature(java.lang.String, java.lang.String)'>
        <annotation name='com.intellij.inspections.tainted.annotation.equation.Equations'>
            <val val="{ &quot;version := org.w3c.dom.Node#getFeature(java.lang.String, java.lang.String)#1 &amp; org.w3c.dom.Node#getFeature(java.lang.String, java.lang.String)#1&quot;, &quot;feature := org.w3c.dom.Node#getFeature(java.lang.String, java.lang.String)#0 &amp; org.w3c.dom.Node#getFeature(java.lang.String, java.lang.String)#0&quot; }"/>
        </annotation>
    </item>
    <item name='javax.imageio.metadata.IIOMetadataNode java.lang.Object getUserData(java.lang.String)'>
        <annotation name='com.intellij.inspections.tainted.annotation.equation.Equations'>
            <val val="{ &quot;key := org.w3c.dom.Node#getUserData(java.lang.String)#0 &amp; org.w3c.dom.Node#getUserData(java.lang.String)#0&quot; }"/>
        </annotation>
    </item>
    <item name='javax.imageio.metadata.IIOMetadataNode java.lang.Object getUserObject()'>
        <annotation name='com.intellij.inspections.tainted.annotation.equation.Equations'>
            <val val="{ &quot;getUserObject := IIOMetadataNode&quot; }"/>
        </annotation>
    </item>
    <item name='javax.imageio.metadata.IIOMetadataNode java.lang.Object setUserData(java.lang.String, java.lang.Object, org.w3c.dom.UserDataHandler)'>
        <annotation name='com.intellij.inspections.tainted.annotation.equation.Equations'>
            <val val="{ &quot;handler := org.w3c.dom.Node#setUserData(java.lang.String, java.lang.Object, org.w3c.dom.UserDataHandler)#2 &amp; org.w3c.dom.Node#setUserData(java.lang.String, java.lang.Object, org.w3c.dom.UserDataHandler)#2&quot;, &quot;data := org.w3c.dom.Node#setUserData(java.lang.String, java.lang.Object, org.w3c.dom.UserDataHandler)#1 &amp; org.w3c.dom.Node#setUserData(java.lang.String, java.lang.Object, org.w3c.dom.UserDataHandler)#1&quot;, &quot;key := org.w3c.dom.Node#setUserData(java.lang.String, java.lang.Object, org.w3c.dom.UserDataHandler)#0 &amp; org.w3c.dom.Node#setUserData(java.lang.String, java.lang.Object, org.w3c.dom.UserDataHandler)#0&quot; }"/>
        </annotation>
    </item>
    <item name='javax.imageio.metadata.IIOMetadataNode java.lang.String getAttribute(java.lang.String)'>
        <annotation name='com.intellij.inspections.tainted.annotation.equation.Equations'>
            <val val="{ &quot;name := org.w3c.dom.Element#getAttribute(java.lang.String)#0 &amp; org.w3c.dom.Element#getAttribute(java.lang.String)#0 &amp; #getAttributeNS(java.lang.String, java.lang.String)#1&quot; }"/>
        </annotation>
    </item>
    <item name='javax.imageio.metadata.IIOMetadataNode java.lang.String getAttributeNS(java.lang.String, java.lang.String)'>
        <annotation name='com.intellij.inspections.tainted.annotation.equation.Equations'>
            <val val="{ &quot;namespaceURI := org.w3c.dom.Element#getAttributeNS(java.lang.String, java.lang.String)#0 &amp; org.w3c.dom.Element#getAttributeNS(java.lang.String, java.lang.String)#0&quot;, &quot;localName := org.w3c.dom.Element#getAttributeNS(java.lang.String, java.lang.String)#1 &amp; org.w3c.dom.Element#getAttributeNS(java.lang.String, java.lang.String)#1&quot; }"/>
        </annotation>
    </item>
    <item name='javax.imageio.metadata.IIOMetadataNode java.lang.String getLocalName()'>
        <annotation name='com.intellij.inspections.tainted.annotation.equation.Equations'>
            <val val="{ &quot;getLocalName := IIOMetadataNode&quot; }"/>
        </annotation>
    </item>
    <item name='javax.imageio.metadata.IIOMetadataNode java.lang.String getNodeName()'>
        <annotation name='com.intellij.inspections.tainted.annotation.equation.Equations'>
            <val val="{ &quot;getNodeName := IIOAttr#getNodeName() &amp; IIOMetadataNode&quot; }"/>
        </annotation>
    </item>
    <item name='javax.imageio.metadata.IIOMetadataNode java.lang.String getNodeValue()'>
        <annotation name='com.intellij.inspections.tainted.annotation.equation.Equations'>
            <val val="{ &quot;getNodeValue := IIOAttr#getNodeValue()&quot; }"/>
        </annotation>
    </item>
    <item name='javax.imageio.metadata.IIOMetadataNode java.lang.String getTagName()'>
        <annotation name='com.intellij.inspections.tainted.annotation.equation.Equations'>
            <val val="{ &quot;getTagName := IIOMetadataNode&quot; }"/>
        </annotation>
    </item>
    <item name='javax.imageio.metadata.IIOMetadataNode java.lang.String lookupNamespaceURI(java.lang.String)'>
        <annotation name='com.intellij.inspections.tainted.annotation.equation.Equations'>
            <val val="{ &quot;prefix := org.w3c.dom.Node#lookupNamespaceURI(java.lang.String)#0 &amp; org.w3c.dom.Node#lookupNamespaceURI(java.lang.String)#0&quot; }"/>
        </annotation>
    </item>
    <item name='javax.imageio.metadata.IIOMetadataNode java.lang.String lookupPrefix(java.lang.String)'>
        <annotation name='com.intellij.inspections.tainted.annotation.equation.Equations'>
            <val val="{ &quot;namespaceURI := org.w3c.dom.Node#lookupPrefix(java.lang.String)#0 &amp; org.w3c.dom.Node#lookupPrefix(java.lang.String)#0&quot; }"/>
        </annotation>
    </item>
    <item name='javax.imageio.metadata.IIOMetadataNode org.w3c.dom.Attr getAttributeNode(java.lang.String)'>
        <annotation name='com.intellij.inspections.tainted.annotation.equation.Equations'>
            <val val="{ &quot;name := org.w3c.dom.Element#getAttributeNode(java.lang.String)#0 &amp; #getAttribute(java.lang.String)#0 &amp; org.w3c.dom.Element#getAttributeNode(java.lang.String)#0 &amp; #getAttributeNodeNS(java.lang.String, java.lang.String)#1 &amp; #hasAttribute(java.lang.String)#0&quot; }"/>
        </annotation>
    </item>
    <item name='javax.imageio.metadata.IIOMetadataNode org.w3c.dom.Attr getAttributeNodeNS(java.lang.String, java.lang.String)'>
        <annotation name='com.intellij.inspections.tainted.annotation.equation.Equations'>
            <val val="{ &quot;localName := org.w3c.dom.Element#getAttributeNodeNS(java.lang.String, java.lang.String)#1 &amp; org.w3c.dom.Element#getAttributeNodeNS(java.lang.String, java.lang.String)#1&quot;, &quot;namespaceURI := org.w3c.dom.Element#getAttributeNodeNS(java.lang.String, java.lang.String)#0 &amp; org.w3c.dom.Element#getAttributeNodeNS(java.lang.String, java.lang.String)#0&quot; }"/>
        </annotation>
    </item>
    <item name='javax.imageio.metadata.IIOMetadataNode org.w3c.dom.Attr removeAttributeNode(org.w3c.dom.Attr)'>
        <annotation name='com.intellij.inspections.tainted.annotation.equation.Equations'>
            <val val="{ &quot;oldAttr := org.w3c.dom.Element#removeAttributeNode(org.w3c.dom.Attr)#0 &amp; org.w3c.dom.Element#removeAttributeNode(org.w3c.dom.Attr)#0&quot;, &quot;removeAttributeNode := oldAttr&quot; }"/>
        </annotation>
    </item>
    <item name='javax.imageio.metadata.IIOMetadataNode org.w3c.dom.Attr setAttributeNode(org.w3c.dom.Attr)'>
        <annotation name='com.intellij.inspections.tainted.annotation.equation.Equations'>
            <val val="{ &quot;newAttr := org.w3c.dom.Element#setAttributeNode(org.w3c.dom.Attr)#0 &amp; org.w3c.dom.Element#setAttributeNode(org.w3c.dom.Attr)#0 &amp; #setAttributeNodeNS(org.w3c.dom.Attr)#0&quot; }"/>
        </annotation>
    </item>
    <item name='javax.imageio.metadata.IIOMetadataNode org.w3c.dom.Attr setAttributeNodeNS(org.w3c.dom.Attr)'>
        <annotation name='com.intellij.inspections.tainted.annotation.equation.Equations'>
            <val val="{ &quot;newAttr := org.w3c.dom.Element#setAttributeNodeNS(org.w3c.dom.Attr)#0 &amp; org.w3c.dom.Element#setAttributeNodeNS(org.w3c.dom.Attr)#0&quot; }"/>
        </annotation>
    </item>
    <item name='javax.imageio.metadata.IIOMetadataNode org.w3c.dom.Node appendChild(org.w3c.dom.Node)'>
        <annotation name='com.intellij.inspections.tainted.annotation.equation.Equations'>
            <val val="{ &quot;newChild := org.w3c.dom.Node#appendChild(org.w3c.dom.Node)#0 &amp; IIOMetadata#append(javax.imageio.metadata.IIOMetadataNode, javax.imageio.metadata.IIOMetadataNode)#1 &amp; org.w3c.dom.Node#appendChild(org.w3c.dom.Node)#0&quot; }"/>
        </annotation>
    </item>
    <item name='javax.imageio.metadata.IIOMetadataNode org.w3c.dom.Node cloneNode(boolean)'>
        <annotation name='com.intellij.inspections.tainted.annotation.equation.Equations'>
            <val val="{ &quot;deep := org.w3c.dom.Node#cloneNode(boolean)#0 &amp; org.w3c.dom.Node#cloneNode(boolean)#0&quot; }"/>
        </annotation>
    </item>
    <item name='javax.imageio.metadata.IIOMetadataNode org.w3c.dom.Node getFirstChild()'>
        <annotation name='com.intellij.inspections.tainted.annotation.equation.Equations'>
            <val val="{ &quot;getFirstChild := IIOMetadataNode&quot; }"/>
        </annotation>
    </item>
    <item name='javax.imageio.metadata.IIOMetadataNode org.w3c.dom.Node getLastChild()'>
        <annotation name='com.intellij.inspections.tainted.annotation.equation.Equations'>
            <val val="{ &quot;getLastChild := IIOMetadataNode&quot; }"/>
        </annotation>
    </item>
    <item name='javax.imageio.metadata.IIOMetadataNode org.w3c.dom.Node getNextSibling()'>
        <annotation name='com.intellij.inspections.tainted.annotation.equation.Equations'>
            <val val="{ &quot;getNextSibling := IIOMetadataNode&quot; }"/>
        </annotation>
    </item>
    <item name='javax.imageio.metadata.IIOMetadataNode org.w3c.dom.Node getParentNode()'>
        <annotation name='com.intellij.inspections.tainted.annotation.equation.Equations'>
            <val val="{ &quot;getParentNode := IIOMetadataNode&quot; }"/>
        </annotation>
    </item>
    <item name='javax.imageio.metadata.IIOMetadataNode org.w3c.dom.Node getPreviousSibling()'>
        <annotation name='com.intellij.inspections.tainted.annotation.equation.Equations'>
            <val val="{ &quot;getPreviousSibling := IIOMetadataNode&quot; }"/>
        </annotation>
    </item>
    <item name='javax.imageio.metadata.IIOMetadataNode org.w3c.dom.Node insertBefore(org.w3c.dom.Node, org.w3c.dom.Node)'>
        <annotation name='com.intellij.inspections.tainted.annotation.equation.Equations'>
            <val val="{ &quot;refChild := org.w3c.dom.Node#insertBefore(org.w3c.dom.Node, org.w3c.dom.Node)#1 &amp; org.w3c.dom.Node#insertBefore(org.w3c.dom.Node, org.w3c.dom.Node)#1&quot;, &quot;insertBefore := newChild&quot;, &quot;newChild := org.w3c.dom.Node#insertBefore(org.w3c.dom.Node, org.w3c.dom.Node)#0 &amp; org.w3c.dom.Node#insertBefore(org.w3c.dom.Node, org.w3c.dom.Node)#0 &amp; #appendChild(org.w3c.dom.Node)#0&quot; }"/>
        </annotation>
    </item>
    <item name='javax.imageio.metadata.IIOMetadataNode org.w3c.dom.Node item(int)'>
        <annotation name='com.intellij.inspections.tainted.annotation.equation.Equations'>
            <val val="{ &quot;index := org.w3c.dom.NodeList#item(int)#0 &amp; org.w3c.dom.NodeList#item(int)#0&quot; }"/>
        </annotation>
    </item>
    <item name='javax.imageio.metadata.IIOMetadataNode org.w3c.dom.Node removeChild(org.w3c.dom.Node)'>
        <annotation name='com.intellij.inspections.tainted.annotation.equation.Equations'>
            <val val="{ &quot;oldChild := org.w3c.dom.Node#removeChild(org.w3c.dom.Node)#0 &amp; org.w3c.dom.Node#removeChild(org.w3c.dom.Node)#0&quot;, &quot;removeChild := oldChild&quot; }"/>
        </annotation>
    </item>
    <item name='javax.imageio.metadata.IIOMetadataNode org.w3c.dom.Node replaceChild(org.w3c.dom.Node, org.w3c.dom.Node)'>
        <annotation name='com.intellij.inspections.tainted.annotation.equation.Equations'>
            <val val="{ &quot;newChild := org.w3c.dom.Node#replaceChild(org.w3c.dom.Node, org.w3c.dom.Node)#0 &amp; org.w3c.dom.Node#replaceChild(org.w3c.dom.Node, org.w3c.dom.Node)#0&quot;, &quot;oldChild := org.w3c.dom.Node#replaceChild(org.w3c.dom.Node, org.w3c.dom.Node)#1 &amp; org.w3c.dom.Node#replaceChild(org.w3c.dom.Node, org.w3c.dom.Node)#1&quot;, &quot;replaceChild := oldChild&quot; }"/>
        </annotation>
    </item>
    <item name='javax.imageio.metadata.IIOMetadataNode org.w3c.dom.NodeList getChildNodes()'>
        <annotation name='com.intellij.inspections.tainted.annotation.equation.Equations'>
            <val val="{ &quot;getChildNodes := IIOMetadataNode&quot; }"/>
        </annotation>
    </item>
    <item name='javax.imageio.metadata.IIOMetadataNode org.w3c.dom.NodeList getElementsByTagName(java.lang.String)'>
        <annotation name='com.intellij.inspections.tainted.annotation.equation.Equations'>
            <val val="{ &quot;name := org.w3c.dom.Element#getElementsByTagName(java.lang.String)#0 &amp; org.w3c.dom.Element#getElementsByTagName(java.lang.String)#0 &amp; #getElementsByTagNameNS(java.lang.String, java.lang.String)#1&quot; }"/>
        </annotation>
    </item>
    <item name='javax.imageio.metadata.IIOMetadataNode org.w3c.dom.NodeList getElementsByTagNameNS(java.lang.String, java.lang.String)'>
        <annotation name='com.intellij.inspections.tainted.annotation.equation.Equations'>
            <val val="{ &quot;namespaceURI := org.w3c.dom.Element#getElementsByTagNameNS(java.lang.String, java.lang.String)#0 &amp; org.w3c.dom.Element#getElementsByTagNameNS(java.lang.String, java.lang.String)#0&quot;, &quot;localName := org.w3c.dom.Element#getElementsByTagNameNS(java.lang.String, java.lang.String)#1 &amp; org.w3c.dom.Element#getElementsByTagNameNS(java.lang.String, java.lang.String)#1&quot; }"/>
        </annotation>
    </item>
    <item name='javax.imageio.metadata.IIOMetadataNode short compareDocumentPosition(org.w3c.dom.Node)'>
        <annotation name='com.intellij.inspections.tainted.annotation.equation.Equations'>
            <val val="{ &quot;other := org.w3c.dom.Node#compareDocumentPosition(org.w3c.dom.Node)#0 &amp; org.w3c.dom.Node#compareDocumentPosition(org.w3c.dom.Node)#0&quot; }"/>
        </annotation>
    </item>
    <item name='javax.imageio.metadata.IIOMetadataNode short getNodeType()'>
        <annotation name='com.intellij.inspections.tainted.annotation.equation.Equations'>
            <val val="{ &quot;getNodeType := IIOAttr#getNodeType()&quot; }"/>
        </annotation>
    </item>
    <item name='javax.imageio.metadata.IIOMetadataNode void checkNode(org.w3c.dom.Node)'>
        <annotation name='com.intellij.inspections.tainted.annotation.equation.Equations'>
            <val val="{ &quot;node := #insertBefore(org.w3c.dom.Node, org.w3c.dom.Node)#0 &amp; #insertBefore(org.w3c.dom.Node, org.w3c.dom.Node)#1 &amp; #replaceChild(org.w3c.dom.Node, org.w3c.dom.Node)#0 &amp; #replaceChild(org.w3c.dom.Node, org.w3c.dom.Node)#1 &amp; #removeChild(org.w3c.dom.Node)#0 &amp; #appendChild(org.w3c.dom.Node)#0&quot; }"/>
        </annotation>
    </item>
    <item name='javax.imageio.metadata.IIOMetadataNode void getElementsByTagName(java.lang.String, java.util.List)'>
        <annotation name='com.intellij.inspections.tainted.annotation.equation.Equations'>
            <val val="{ &quot;name := #getElementsByTagName(java.lang.String)#0&quot; }"/>
        </annotation>
    </item>
    <item name='javax.imageio.metadata.IIOMetadataNode void removeAttribute(java.lang.String)'>
        <annotation name='com.intellij.inspections.tainted.annotation.equation.Equations'>
            <val val="{ &quot;name := org.w3c.dom.Element#removeAttribute(java.lang.String)#0 &amp; org.w3c.dom.Element#removeAttribute(java.lang.String)#0 &amp; #removeAttributeNS(java.lang.String, java.lang.String)#1&quot; }"/>
        </annotation>
    </item>
    <item name='javax.imageio.metadata.IIOMetadataNode void removeAttribute(java.lang.String, boolean)'>
        <annotation name='com.intellij.inspections.tainted.annotation.equation.Equations'>
            <val val="{ &quot;name := #setAttribute(java.lang.String, java.lang.String)#0 &amp; #removeAttribute(java.lang.String)#0&quot; }"/>
        </annotation>
    </item>
    <item name='javax.imageio.metadata.IIOMetadataNode void removeAttributeNS(java.lang.String, java.lang.String)'>
        <annotation name='com.intellij.inspections.tainted.annotation.equation.Equations'>
            <val val="{ &quot;namespaceURI := org.w3c.dom.Element#removeAttributeNS(java.lang.String, java.lang.String)#0 &amp; org.w3c.dom.Element#removeAttributeNS(java.lang.String, java.lang.String)#0&quot;, &quot;localName := org.w3c.dom.Element#removeAttributeNS(java.lang.String, java.lang.String)#1 &amp; org.w3c.dom.Element#removeAttributeNS(java.lang.String, java.lang.String)#1&quot; }"/>
        </annotation>
    </item>
    <item name='javax.imageio.metadata.IIOMetadataNode void setAttribute(java.lang.String, java.lang.String)'>
        <annotation name='com.intellij.inspections.tainted.annotation.equation.Equations'>
            <val val="{ &quot;value := org.w3c.dom.Element#setAttribute(java.lang.String, java.lang.String)#1 &amp; com.sun.imageio.plugins.bmp.BMPMetadata &amp; com.sun.imageio.plugins.gif.GIFImageMetadata#disposalMethodNames &amp; com.sun.imageio.plugins.gif.GIFStreamMetadata &amp; com.sun.imageio.plugins.png.PNGMetadata#IHDR_colorTypeNames &amp; com.sun.imageio.plugins.png.PNGMetadata#IHDR_compressionMethodNames &amp; com.sun.imageio.plugins.png.PNGMetadata#IHDR_filterMethodNames &amp; com.sun.imageio.plugins.png.PNGMetadata#IHDR_interlaceMethodNames &amp; com.sun.imageio.plugins.png.PNGMetadata &amp; com.sun.imageio.plugins.png.PNGMetadata#iCCP_compressionMethodNames &amp; com.sun.imageio.plugins.png.PNGMetadata#unitSpecifierNames &amp; com.sun.imageio.plugins.png.PNGMetadata#renderingIntentNames &amp; com.sun.imageio.plugins.png.PNGMetadata#zTXt_compressionMethodNames &amp; com.sun.imageio.plugins.png.PNGMetadata#colorSpaceTypeNames &amp; org.w3c.dom.Element#setAttribute(java.lang.String, java.lang.String)#1 &amp; #setAttributeNS(java.lang.String, java.lang.String, java.lang.String)#2&quot;, &quot;name := org.w3c.dom.Element#setAttribute(java.lang.String, java.lang.String)#0 &amp; org.w3c.dom.Element#setAttribute(java.lang.String, java.lang.String)#0 &amp; #setAttributeNS(java.lang.String, java.lang.String, java.lang.String)#1&quot; }"/>
        </annotation>
    </item>
    <item name='javax.imageio.metadata.IIOMetadataNode void setAttributeNS(java.lang.String, java.lang.String, java.lang.String)'>
        <annotation name='com.intellij.inspections.tainted.annotation.equation.Equations'>
            <val val="{ &quot;value := org.w3c.dom.Element#setAttributeNS(java.lang.String, java.lang.String, java.lang.String)#2 &amp; org.w3c.dom.Element#setAttributeNS(java.lang.String, java.lang.String, java.lang.String)#2&quot;, &quot;namespaceURI := org.w3c.dom.Element#setAttributeNS(java.lang.String, java.lang.String, java.lang.String)#0 &amp; org.w3c.dom.Element#setAttributeNS(java.lang.String, java.lang.String, java.lang.String)#0&quot;, &quot;qualifiedName := org.w3c.dom.Element#setAttributeNS(java.lang.String, java.lang.String, java.lang.String)#1 &amp; org.w3c.dom.Element#setAttributeNS(java.lang.String, java.lang.String, java.lang.String)#1&quot; }"/>
        </annotation>
    </item>
    <item name='javax.imageio.metadata.IIOMetadataNode void setIdAttribute(java.lang.String, boolean)'>
        <annotation name='com.intellij.inspections.tainted.annotation.equation.Equations'>
            <val val="{ &quot;isId := org.w3c.dom.Element#setIdAttribute(java.lang.String, boolean)#1 &amp; org.w3c.dom.Element#setIdAttribute(java.lang.String, boolean)#1&quot;, &quot;name := org.w3c.dom.Element#setIdAttribute(java.lang.String, boolean)#0 &amp; org.w3c.dom.Element#setIdAttribute(java.lang.String, boolean)#0&quot; }"/>
        </annotation>
    </item>
    <item name='javax.imageio.metadata.IIOMetadataNode void setIdAttributeNS(java.lang.String, java.lang.String, boolean)'>
        <annotation name='com.intellij.inspections.tainted.annotation.equation.Equations'>
            <val val="{ &quot;localName := org.w3c.dom.Element#setIdAttributeNS(java.lang.String, java.lang.String, boolean)#1 &amp; org.w3c.dom.Element#setIdAttributeNS(java.lang.String, java.lang.String, boolean)#1&quot;, &quot;namespaceURI := org.w3c.dom.Element#setIdAttributeNS(java.lang.String, java.lang.String, boolean)#0 &amp; org.w3c.dom.Element#setIdAttributeNS(java.lang.String, java.lang.String, boolean)#0&quot;, &quot;isId := org.w3c.dom.Element#setIdAttributeNS(java.lang.String, java.lang.String, boolean)#2 &amp; org.w3c.dom.Element#setIdAttributeNS(java.lang.String, java.lang.String, boolean)#2&quot; }"/>
        </annotation>
    </item>
    <item name='javax.imageio.metadata.IIOMetadataNode void setIdAttributeNode(org.w3c.dom.Attr, boolean)'>
        <annotation name='com.intellij.inspections.tainted.annotation.equation.Equations'>
            <val val="{ &quot;idAttr := org.w3c.dom.Element#setIdAttributeNode(org.w3c.dom.Attr, boolean)#0 &amp; org.w3c.dom.Element#setIdAttributeNode(org.w3c.dom.Attr, boolean)#0&quot;, &quot;isId := org.w3c.dom.Element#setIdAttributeNode(org.w3c.dom.Attr, boolean)#1 &amp; org.w3c.dom.Element#setIdAttributeNode(org.w3c.dom.Attr, boolean)#1&quot; }"/>
        </annotation>
    </item>
    <item name='javax.imageio.metadata.IIOMetadataNode void setNodeValue(java.lang.String)'>
        <annotation name='com.intellij.inspections.tainted.annotation.equation.Equations'>
            <val val="{ &quot;nodeValue := org.w3c.dom.Node#setNodeValue(java.lang.String)#0 &amp; org.w3c.dom.Node#setNodeValue(java.lang.String)#0&quot; }"/>
        </annotation>
    </item>
    <item name='javax.imageio.metadata.IIOMetadataNode void setPrefix(java.lang.String)'>
        <annotation name='com.intellij.inspections.tainted.annotation.equation.Equations'>
            <val val="{ &quot;prefix := org.w3c.dom.Node#setPrefix(java.lang.String)#0 &amp; org.w3c.dom.Node#setPrefix(java.lang.String)#0&quot; }"/>
        </annotation>
    </item>
    <item name='javax.imageio.metadata.IIOMetadataNode void setTextContent(java.lang.String)'>
        <annotation name='com.intellij.inspections.tainted.annotation.equation.Equations'>
            <val val="{ &quot;textContent := org.w3c.dom.Node#setTextContent(java.lang.String)#0 &amp; org.w3c.dom.Node#setTextContent(java.lang.String)#0&quot; }"/>
        </annotation>
    </item>
    <item name='javax.imageio.metadata.IIOMetadataNode void setUserObject(java.lang.Object)'>
        <annotation name='com.intellij.inspections.tainted.annotation.equation.Equations'>
            <val val="{ &quot;userObject := com.sun.imageio.plugins.bmp.BMPMetadata#addChildNode(javax.imageio.metadata.IIOMetadataNode, java.lang.String, java.lang.Object)#2 &amp; com.sun.imageio.plugins.png.PNGMetadata &amp; com.sun.imageio.plugins.jpeg.MarkerSegment &amp; com.sun.imageio.plugins.jpeg.COMMarkerSegment &amp; com.sun.imageio.plugins.wbmp.WBMPMetadata#addChildNode(javax.imageio.metadata.IIOMetadataNode, java.lang.String, java.lang.Object)#2&quot; }"/>
        </annotation>
    </item>
    <item name='javax.imageio.metadata.IIONamedNodeMap org.w3c.dom.Node getNamedItem(java.lang.String)'>
        <annotation name='com.intellij.inspections.tainted.annotation.equation.Equations'>
            <val val="{ &quot;name := org.w3c.dom.NamedNodeMap#getNamedItem(java.lang.String)#0 &amp; org.w3c.dom.NamedNodeMap#getNamedItem(java.lang.String)#0 &amp; #getNamedItemNS(java.lang.String, java.lang.String)#1&quot; }"/>
        </annotation>
    </item>
    <item name='javax.imageio.metadata.IIONamedNodeMap org.w3c.dom.Node getNamedItemNS(java.lang.String, java.lang.String)'>
        <annotation name='com.intellij.inspections.tainted.annotation.equation.Equations'>
            <val val="{ &quot;localName := org.w3c.dom.NamedNodeMap#getNamedItemNS(java.lang.String, java.lang.String)#1 &amp; org.w3c.dom.NamedNodeMap#getNamedItemNS(java.lang.String, java.lang.String)#1&quot;, &quot;namespaceURI := org.w3c.dom.NamedNodeMap#getNamedItemNS(java.lang.String, java.lang.String)#0 &amp; org.w3c.dom.NamedNodeMap#getNamedItemNS(java.lang.String, java.lang.String)#0&quot; }"/>
        </annotation>
    </item>
    <item name='javax.imageio.metadata.IIONamedNodeMap org.w3c.dom.Node item(int)'>
        <annotation name='com.intellij.inspections.tainted.annotation.equation.Equations'>
            <val val="{ &quot;index := org.w3c.dom.NamedNodeMap#item(int)#0 &amp; org.w3c.dom.NamedNodeMap#item(int)#0&quot; }"/>
        </annotation>
    </item>
    <item name='javax.imageio.metadata.IIONamedNodeMap org.w3c.dom.Node removeNamedItem(java.lang.String)'>
        <annotation name='com.intellij.inspections.tainted.annotation.equation.Equations'>
            <val val="{ &quot;name := org.w3c.dom.NamedNodeMap#removeNamedItem(java.lang.String)#0 &amp; org.w3c.dom.NamedNodeMap#removeNamedItem(java.lang.String)#0 &amp; #removeNamedItemNS(java.lang.String, java.lang.String)#1&quot; }"/>
        </annotation>
    </item>
    <item name='javax.imageio.metadata.IIONamedNodeMap org.w3c.dom.Node removeNamedItemNS(java.lang.String, java.lang.String)'>
        <annotation name='com.intellij.inspections.tainted.annotation.equation.Equations'>
            <val val="{ &quot;localName := org.w3c.dom.NamedNodeMap#removeNamedItemNS(java.lang.String, java.lang.String)#1 &amp; org.w3c.dom.NamedNodeMap#removeNamedItemNS(java.lang.String, java.lang.String)#1&quot;, &quot;namespaceURI := org.w3c.dom.NamedNodeMap#removeNamedItemNS(java.lang.String, java.lang.String)#0 &amp; org.w3c.dom.NamedNodeMap#removeNamedItemNS(java.lang.String, java.lang.String)#0&quot; }"/>
        </annotation>
    </item>
    <item name='javax.imageio.metadata.IIONamedNodeMap org.w3c.dom.Node setNamedItem(org.w3c.dom.Node)'>
        <annotation name='com.intellij.inspections.tainted.annotation.equation.Equations'>
            <val val="{ &quot;arg := org.w3c.dom.NamedNodeMap#setNamedItem(org.w3c.dom.Node)#0 &amp; org.w3c.dom.NamedNodeMap#setNamedItem(org.w3c.dom.Node)#0 &amp; #setNamedItemNS(org.w3c.dom.Node)#0&quot; }"/>
        </annotation>
    </item>
    <item name='javax.imageio.metadata.IIONamedNodeMap org.w3c.dom.Node setNamedItemNS(org.w3c.dom.Node)'>
        <annotation name='com.intellij.inspections.tainted.annotation.equation.Equations'>
            <val val="{ &quot;arg := org.w3c.dom.NamedNodeMap#setNamedItemNS(org.w3c.dom.Node)#0 &amp; org.w3c.dom.NamedNodeMap#setNamedItemNS(org.w3c.dom.Node)#0&quot; }"/>
        </annotation>
    </item>
    <item name='javax.imageio.metadata.IIONodeList org.w3c.dom.Node item(int)'>
        <annotation name='com.intellij.inspections.tainted.annotation.equation.Equations'>
            <val val="{ &quot;index := org.w3c.dom.NodeList#item(int)#0 &amp; org.w3c.dom.NodeList#item(int)#0&quot; }"/>
        </annotation>
    </item>
</root>