<root>
    <item name='net.sf.ehcache.management.provider.MBeanRegistrationProvider void initialize(net.sf.ehcache.CacheManager, net.sf.ehcache.terracotta.ClusteredInstanceFactory)'>
        <annotation name='com.intellij.inspections.tainted.annotation.equation.Equations'>
            <val val="{ &quot;cacheManager := MBeanRegistrationProviderImpl#initialize(net.sf.ehcache.CacheManager, net.sf.ehcache.terracotta.ClusteredInstanceFactory)#0 &amp; net.sf.ehcache.management.sampled.SampledMBeanRegistrationProvider#initialize(net.sf.ehcache.CacheManager, net.sf.ehcache.terracotta.ClusteredInstanceFactory)#0&quot;, &quot;clusteredInstanceFactory := MBeanRegistrationProviderImpl#initialize(net.sf.ehcache.CacheManager, net.sf.ehcache.terracotta.ClusteredInstanceFactory)#1 &amp; net.sf.ehcache.management.sampled.SampledMBeanRegistrationProvider#initialize(net.sf.ehcache.CacheManager, net.sf.ehcache.terracotta.ClusteredInstanceFactory)#1&quot; }"/>
        </annotation>
    </item>
    <item name='net.sf.ehcache.management.provider.MBeanRegistrationProvider void reinitialize(net.sf.ehcache.terracotta.ClusteredInstanceFactory)'>
        <annotation name='com.intellij.inspections.tainted.annotation.equation.Equations'>
            <val val="{ &quot;clusteredInstanceFactory := MBeanRegistrationProviderImpl#reinitialize(net.sf.ehcache.terracotta.ClusteredInstanceFactory)#0 &amp; net.sf.ehcache.management.sampled.SampledMBeanRegistrationProvider#reinitialize(net.sf.ehcache.terracotta.ClusteredInstanceFactory)#0&quot; }"/>
        </annotation>
    </item>
    <item name='net.sf.ehcache.management.provider.MBeanRegistrationProviderFactory net.sf.ehcache.management.provider.MBeanRegistrationProvider createMBeanRegistrationProvider(net.sf.ehcache.config.Configuration)'>
        <annotation name='com.intellij.inspections.tainted.annotation.equation.Equations'>
            <val val="{ &quot;config := net.sf.ehcache.CacheManager#doInit(net.sf.ehcache.config.Configuration)#0&quot; }"/>
        </annotation>
    </item>
    <item name='net.sf.ehcache.management.provider.MBeanRegistrationProviderImpl'>
        <annotation name='com.intellij.inspections.tainted.annotation.equation.Equations'>
            <val val="{ &quot;MBeanRegistrationProviderImpl := #initialize(net.sf.ehcache.CacheManager, net.sf.ehcache.terracotta.ClusteredInstanceFactory)#0&quot; }"/>
        </annotation>
    </item>
    <item name='net.sf.ehcache.management.provider.MBeanRegistrationProviderImpl MBeanRegistrationProviderImpl(net.sf.ehcache.config.Configuration)'>
        <annotation name='com.intellij.inspections.tainted.annotation.equation.Equations'>
            <val val="{ &quot;configuration := MBeanRegistrationProviderFactoryImpl#createMBeanRegistrationProvider(net.sf.ehcache.config.Configuration)#0&quot;, &quot;MBeanRegistrationProviderImpl := MBeanRegistrationProviderImpl&quot; }"/>
        </annotation>
    </item>
    <item name='net.sf.ehcache.management.provider.MBeanRegistrationProviderImpl net.sf.ehcache.management.sampled.SampledMBeanRegistrationProvider getSampledMBeanRegistrationProvider()'>
        <annotation name='com.intellij.inspections.tainted.annotation.equation.Equations'>
            <val val="{ &quot;getSampledMBeanRegistrationProvider := MBeanRegistrationProviderImpl&quot; }"/>
        </annotation>
    </item>
</root>