<root>
    <item name='com.sun.management.HotSpotDiagnosticMXBean com.sun.management.VMOption getVMOption(java.lang.String)'>
        <annotation name='com.intellij.inspections.tainted.annotation.equation.Equations'>
            <val val="{ &quot;getVMOption := sun.management.HotSpotDiagnostic#getVMOption(java.lang.String)&quot;, &quot;s := sun.management.HotSpotDiagnostic#getVMOption(java.lang.String)#0&quot; }"/>
        </annotation>
    </item>
    <item name='com.sun.management.HotSpotDiagnosticMXBean java.util.List&lt;com.sun.management.VMOption&gt; getDiagnosticOptions()'>
        <annotation name='com.intellij.inspections.tainted.annotation.equation.Equations'>
            <val val="{ &quot;getDiagnosticOptions := sun.management.HotSpotDiagnostic#getDiagnosticOptions()&quot; }"/>
        </annotation>
    </item>
    <item name='com.sun.management.HotSpotDiagnosticMXBean void dumpHeap(java.lang.String, boolean)'>
        <annotation name='com.intellij.inspections.tainted.annotation.equation.Equations'>
            <val val="{ &quot;s := sun.management.HotSpotDiagnostic#dumpHeap(java.lang.String, boolean)#0&quot; }"/>
        </annotation>
    </item>
    <item name='com.sun.management.HotSpotDiagnosticMXBean void setVMOption(java.lang.String, java.lang.String)'>
        <annotation name='com.intellij.inspections.tainted.annotation.equation.Equations'>
            <val val="{ &quot;s1 := sun.management.HotSpotDiagnostic#setVMOption(java.lang.String, java.lang.String)#1&quot;, &quot;s := sun.management.HotSpotDiagnostic#setVMOption(java.lang.String, java.lang.String)#0&quot; }"/>
        </annotation>
    </item>
    <item name='com.sun.management.OperatingSystemMXBean double getProcessCpuLoad()'>
        <annotation name='com.intellij.inspections.tainted.annotation.equation.Equations'>
            <val val="{ &quot;getProcessCpuLoad := sun.management.OperatingSystemImpl#getProcessCpuLoad()&quot; }"/>
        </annotation>
    </item>
    <item name='com.sun.management.OperatingSystemMXBean double getSystemCpuLoad()'>
        <annotation name='com.intellij.inspections.tainted.annotation.equation.Equations'>
            <val val="{ &quot;getSystemCpuLoad := sun.management.OperatingSystemImpl#getSystemCpuLoad()&quot; }"/>
        </annotation>
    </item>
    <item name='com.sun.management.OperatingSystemMXBean long getCommittedVirtualMemorySize()'>
        <annotation name='com.intellij.inspections.tainted.annotation.equation.Equations'>
            <val val="{ &quot;getCommittedVirtualMemorySize := sun.management.OperatingSystemImpl#getCommittedVirtualMemorySize()&quot; }"/>
        </annotation>
    </item>
    <item name='com.sun.management.OperatingSystemMXBean long getFreePhysicalMemorySize()'>
        <annotation name='com.intellij.inspections.tainted.annotation.equation.Equations'>
            <val val="{ &quot;getFreePhysicalMemorySize := sun.management.OperatingSystemImpl#getFreePhysicalMemorySize()&quot; }"/>
        </annotation>
    </item>
    <item name='com.sun.management.OperatingSystemMXBean long getFreeSwapSpaceSize()'>
        <annotation name='com.intellij.inspections.tainted.annotation.equation.Equations'>
            <val val="{ &quot;getFreeSwapSpaceSize := sun.management.OperatingSystemImpl#getFreeSwapSpaceSize()&quot; }"/>
        </annotation>
    </item>
    <item name='com.sun.management.OperatingSystemMXBean long getProcessCpuTime()'>
        <annotation name='com.intellij.inspections.tainted.annotation.equation.Equations'>
            <val val="{ &quot;getProcessCpuTime := sun.management.OperatingSystemImpl#getProcessCpuTime()&quot; }"/>
        </annotation>
    </item>
    <item name='com.sun.management.OperatingSystemMXBean long getTotalPhysicalMemorySize()'>
        <annotation name='com.intellij.inspections.tainted.annotation.equation.Equations'>
            <val val="{ &quot;getTotalPhysicalMemorySize := sun.management.OperatingSystemImpl#getTotalPhysicalMemorySize()&quot; }"/>
        </annotation>
    </item>
    <item name='com.sun.management.OperatingSystemMXBean long getTotalSwapSpaceSize()'>
        <annotation name='com.intellij.inspections.tainted.annotation.equation.Equations'>
            <val val="{ &quot;getTotalSwapSpaceSize := sun.management.OperatingSystemImpl#getTotalSwapSpaceSize()&quot; }"/>
        </annotation>
    </item>
    <item name='com.sun.management.ThreadMXBean long getThreadAllocatedBytes(long)'>
        <annotation name='com.intellij.inspections.tainted.annotation.equation.Equations'>
            <val val="{ &quot;l := sun.management.ThreadImpl#getThreadAllocatedBytes(long)#0&quot;, &quot;getThreadAllocatedBytes := sun.management.ThreadImpl#getThreadAllocatedBytes(long)&quot; }"/>
        </annotation>
    </item>
    <item name='com.sun.management.ThreadMXBean long[] getThreadAllocatedBytes(long[])'>
        <annotation name='com.intellij.inspections.tainted.annotation.equation.Equations'>
            <val val="{ &quot;getThreadAllocatedBytes := sun.management.ThreadImpl#getThreadAllocatedBytes(long[])&quot;, &quot;longs := sun.management.ThreadImpl#getThreadAllocatedBytes(long[])#0&quot; }"/>
        </annotation>
    </item>
    <item name='com.sun.management.ThreadMXBean long[] getThreadCpuTime(long[])'>
        <annotation name='com.intellij.inspections.tainted.annotation.equation.Equations'>
            <val val="{ &quot;longs := sun.management.ThreadImpl#getThreadCpuTime(long[])#0&quot;, &quot;getThreadCpuTime := sun.management.ThreadImpl#getThreadCpuTime(long[])&quot; }"/>
        </annotation>
    </item>
    <item name='com.sun.management.ThreadMXBean long[] getThreadUserTime(long[])'>
        <annotation name='com.intellij.inspections.tainted.annotation.equation.Equations'>
            <val val="{ &quot;longs := sun.management.ThreadImpl#getThreadUserTime(long[])#0&quot;, &quot;getThreadUserTime := sun.management.ThreadImpl#getThreadUserTime(long[])&quot; }"/>
        </annotation>
    </item>
    <item name='com.sun.management.UnixOperatingSystemMXBean long getMaxFileDescriptorCount()'>
        <annotation name='com.intellij.inspections.tainted.annotation.equation.Equations'>
            <val val="{ &quot;getMaxFileDescriptorCount := sun.management.OperatingSystemImpl#getMaxFileDescriptorCount()&quot; }"/>
        </annotation>
    </item>
    <item name='com.sun.management.UnixOperatingSystemMXBean long getOpenFileDescriptorCount()'>
        <annotation name='com.intellij.inspections.tainted.annotation.equation.Equations'>
            <val val="{ &quot;getOpenFileDescriptorCount := sun.management.OperatingSystemImpl#getOpenFileDescriptorCount()&quot; }"/>
        </annotation>
    </item>
</root>