<root>
    <item name='javax.servlet.annotation.ServletSecurity.EmptyRoleSemantic'>
        <annotation name='com.intellij.inspections.tainted.annotation.equation.Equations'>
            <val val="{ &quot;javax.servlet.HttpConstraintElement#HttpConstraintElement(javax.servlet.annotation.ServletSecurity.EmptyRoleSemantic)#0 := EmptyRoleSemantic&quot;, &quot;javax.servlet.HttpConstraintElement#HttpConstraintElement(javax.servlet.annotation.ServletSecurity.EmptyRoleSemantic, javax.servlet.annotation.ServletSecurity.TransportGuarantee, java.lang.String...)#0 := EmptyRoleSemantic&quot; }"/>
        </annotation>
    </item>
    <item name='javax.servlet.annotation.ServletSecurity.TransportGuarantee'>
        <annotation name='com.intellij.inspections.tainted.annotation.equation.Equations'>
            <val val="{ &quot;javax.servlet.HttpConstraintElement#HttpConstraintElement(javax.servlet.annotation.ServletSecurity.EmptyRoleSemantic, javax.servlet.annotation.ServletSecurity.TransportGuarantee, java.lang.String...)#1 := TransportGuarantee&quot; }"/>
        </annotation>
    </item>
</root>