<root>
    <item name='com.sun.corba.se.pept.protocol.ClientDelegate com.sun.corba.se.pept.broker.Broker getBroker()'>
        <annotation name='com.intellij.inspections.tainted.annotation.equation.Equations'>
            <val val="{ &quot;getBroker := com.sun.corba.se.impl.protocol.CorbaClientDelegateImpl#getBroker()&quot; }"/>
        </annotation>
    </item>
    <item name='com.sun.corba.se.pept.protocol.ClientDelegate com.sun.corba.se.pept.transport.ContactInfoList getContactInfoList()'>
        <annotation name='com.intellij.inspections.tainted.annotation.equation.Equations'>
            <val val="{ &quot;getContactInfoList := com.sun.corba.se.impl.protocol.CorbaClientDelegateImpl#getContactInfoList()&quot; }"/>
        </annotation>
    </item>
    <item name='com.sun.corba.se.pept.protocol.ClientInvocationInfo boolean isRetryInvocation()'>
        <annotation name='com.intellij.inspections.tainted.annotation.equation.Equations'>
            <val val="{ &quot;isRetryInvocation := com.sun.corba.se.impl.protocol.CorbaInvocationInfo#isRetryInvocation()&quot; }"/>
        </annotation>
    </item>
    <item name='com.sun.corba.se.pept.protocol.ClientInvocationInfo com.sun.corba.se.pept.protocol.ClientRequestDispatcher getClientRequestDispatcher()'>
        <annotation name='com.intellij.inspections.tainted.annotation.equation.Equations'>
            <val val="{ &quot;getClientRequestDispatcher := com.sun.corba.se.impl.protocol.CorbaInvocationInfo#getClientRequestDispatcher()&quot; }"/>
        </annotation>
    </item>
    <item name='com.sun.corba.se.pept.protocol.ClientInvocationInfo com.sun.corba.se.pept.protocol.MessageMediator getMessageMediator()'>
        <annotation name='com.intellij.inspections.tainted.annotation.equation.Equations'>
            <val val="{ &quot;getMessageMediator := com.sun.corba.se.impl.protocol.CorbaInvocationInfo#getMessageMediator()&quot; }"/>
        </annotation>
    </item>
    <item name='com.sun.corba.se.pept.protocol.ClientInvocationInfo int getEntryCount()'>
        <annotation name='com.intellij.inspections.tainted.annotation.equation.Equations'>
            <val val="{ &quot;getEntryCount := com.sun.corba.se.impl.protocol.CorbaInvocationInfo#getEntryCount()&quot; }"/>
        </annotation>
    </item>
    <item name='com.sun.corba.se.pept.protocol.ClientInvocationInfo java.util.Iterator getContactInfoListIterator()'>
        <annotation name='com.intellij.inspections.tainted.annotation.equation.Equations'>
            <val val="{ &quot;getContactInfoListIterator := com.sun.corba.se.impl.protocol.CorbaInvocationInfo#getContactInfoListIterator()&quot; }"/>
        </annotation>
    </item>
    <item name='com.sun.corba.se.pept.protocol.ClientRequestDispatcher com.sun.corba.se.pept.encoding.InputObject marshalingComplete(java.lang.Object, com.sun.corba.se.pept.encoding.OutputObject)'>
        <annotation name='com.intellij.inspections.tainted.annotation.equation.Equations'>
            <val val="{ &quot;marshalingComplete := com.sun.corba.se.impl.protocol.CorbaClientRequestDispatcherImpl#marshalingComplete(java.lang.Object, com.sun.corba.se.pept.encoding.OutputObject)&quot; }"/>
        </annotation>
    </item>
    <item name='com.sun.corba.se.pept.protocol.ClientRequestDispatcher com.sun.corba.se.pept.encoding.OutputObject beginRequest(java.lang.Object, java.lang.String, boolean, com.sun.corba.se.pept.transport.ContactInfo)'>
        <annotation name='com.intellij.inspections.tainted.annotation.equation.Equations'>
            <val val="{ &quot;beginRequest := com.sun.corba.se.impl.protocol.CorbaClientRequestDispatcherImpl#beginRequest(java.lang.Object, java.lang.String, boolean, com.sun.corba.se.pept.transport.ContactInfo)&quot; }"/>
        </annotation>
    </item>
    <item name='com.sun.corba.se.pept.protocol.MessageMediator com.sun.corba.se.pept.broker.Broker getBroker()'>
        <annotation name='com.intellij.inspections.tainted.annotation.equation.Equations'>
            <val val="{ &quot;getBroker := com.sun.corba.se.impl.protocol.CorbaMessageMediatorImpl#getBroker()&quot; }"/>
        </annotation>
    </item>
    <item name='com.sun.corba.se.pept.protocol.MessageMediator com.sun.corba.se.pept.encoding.InputObject getInputObject()'>
        <annotation name='com.intellij.inspections.tainted.annotation.equation.Equations'>
            <val val="{ &quot;getInputObject := com.sun.corba.se.impl.protocol.CorbaMessageMediatorImpl#getInputObject()&quot; }"/>
        </annotation>
    </item>
    <item name='com.sun.corba.se.pept.protocol.MessageMediator com.sun.corba.se.pept.encoding.InputObject waitForResponse()'>
        <annotation name='com.intellij.inspections.tainted.annotation.equation.Equations'>
            <val val="{ &quot;waitForResponse := com.sun.corba.se.impl.protocol.CorbaMessageMediatorImpl#waitForResponse()&quot; }"/>
        </annotation>
    </item>
    <item name='com.sun.corba.se.pept.protocol.MessageMediator com.sun.corba.se.pept.encoding.OutputObject getOutputObject()'>
        <annotation name='com.intellij.inspections.tainted.annotation.equation.Equations'>
            <val val="{ &quot;getOutputObject := com.sun.corba.se.impl.protocol.CorbaMessageMediatorImpl#getOutputObject()&quot; }"/>
        </annotation>
    </item>
    <item name='com.sun.corba.se.pept.protocol.MessageMediator com.sun.corba.se.pept.transport.Connection getConnection()'>
        <annotation name='com.intellij.inspections.tainted.annotation.equation.Equations'>
            <val val="{ &quot;getConnection := com.sun.corba.se.impl.protocol.CorbaMessageMediatorImpl#getConnection()&quot; }"/>
        </annotation>
    </item>
    <item name='com.sun.corba.se.pept.protocol.MessageMediator com.sun.corba.se.pept.transport.ContactInfo getContactInfo()'>
        <annotation name='com.intellij.inspections.tainted.annotation.equation.Equations'>
            <val val="{ &quot;getContactInfo := com.sun.corba.se.impl.protocol.CorbaMessageMediatorImpl#getContactInfo()&quot; }"/>
        </annotation>
    </item>
    <item name='com.sun.corba.se.pept.protocol.MessageMediator void setInputObject(com.sun.corba.se.pept.encoding.InputObject)'>
        <annotation name='com.intellij.inspections.tainted.annotation.equation.Equations'>
            <val val="{ &quot;inputObject := com.sun.corba.se.impl.transport.CorbaResponseWaitingRoomImpl#responseReceived(com.sun.corba.se.pept.encoding.InputObject)#0&quot; }"/>
        </annotation>
    </item>
    <item name='com.sun.corba.se.pept.protocol.ProtocolHandler boolean handleRequest(com.sun.corba.se.pept.protocol.MessageMediator)'>
        <annotation name='com.intellij.inspections.tainted.annotation.equation.Equations'>
            <val val="{ &quot;handleRequest := com.sun.corba.se.impl.protocol.CorbaMessageMediatorImpl#handleRequest(com.sun.corba.se.pept.protocol.MessageMediator)&quot; }"/>
        </annotation>
    </item>
    <item name='com.sun.corba.se.pept.protocol.ServerRequestDispatcher void dispatch(com.sun.corba.se.pept.protocol.MessageMediator)'>
        <annotation name='com.intellij.inspections.tainted.annotation.equation.Equations'>
            <val val="{ &quot;messageMediator := com.sun.corba.se.impl.protocol.CorbaMessageMediatorImpl#handleRequestRequest(com.sun.corba.se.spi.protocol.CorbaMessageMediator)#0&quot; }"/>
        </annotation>
    </item>
</root>