<root>
    <item name='org.vibur.objectpool.util.ArgumentValidation void forbidIllegalArgument(boolean)'>
        <annotation name='com.intellij.inspections.tainted.annotation.equation.Equations'>
            <val val="{ &quot;condition := org.vibur.dbcp.stcache.ClhmStatementCache#ClhmStatementCache(int)#0 &amp; org.vibur.objectpool.ConcurrentPool#ConcurrentPool(org.vibur.objectpool.util.ConcurrentCollection, org.vibur.objectpool.PoolObjectFactory, int, int, boolean, org.vibur.objectpool.util.Listener)#2 &amp; org.vibur.objectpool.ConcurrentPool#ConcurrentPool(org.vibur.objectpool.util.ConcurrentCollection, org.vibur.objectpool.PoolObjectFactory, int, int, boolean, org.vibur.objectpool.util.Listener)#3 &amp; org.vibur.objectpool.ConcurrentPool#MAX_ALLOWED_SIZE &amp; org.vibur.objectpool.ConcurrentPool#reduceCreatedBy(int, boolean)#0 &amp; org.vibur.objectpool.ConcurrentPool#reduceCreatedTo(int, boolean)#0&quot; }"/>
        </annotation>
    </item>
    <item name='org.vibur.objectpool.util.ConcurrentCollection T pollFirst()'>
        <annotation name='com.intellij.inspections.tainted.annotation.equation.Equations'>
            <val val="{ &quot;pollFirst := ConcurrentLinkedDequeCollection#pollFirst()&quot; }"/>
        </annotation>
    </item>
    <item name='org.vibur.objectpool.util.ConcurrentCollection T pollLast()'>
        <annotation name='com.intellij.inspections.tainted.annotation.equation.Equations'>
            <val val="{ &quot;pollLast := ConcurrentLinkedDequeCollection#pollLast()&quot; }"/>
        </annotation>
    </item>
    <item name='org.vibur.objectpool.util.ConcurrentCollection void offerFirst(T)'>
        <annotation name='com.intellij.inspections.tainted.annotation.equation.Equations'>
            <val val="{ &quot;object := org.vibur.objectpool.ConcurrentPool#restore(java.lang.Object, boolean)#0&quot; }"/>
        </annotation>
    </item>
    <item name='org.vibur.objectpool.util.ConcurrentCollection void offerLast(T)'>
        <annotation name='com.intellij.inspections.tainted.annotation.equation.Equations'>
            <val val="{ &quot;object := &quot; }"/>
        </annotation>
    </item>
    <item name='org.vibur.objectpool.util.Listener void onRestore(T)'>
        <annotation name='com.intellij.inspections.tainted.annotation.equation.Equations'>
            <val val="{ &quot;object := org.vibur.objectpool.ConcurrentPool#restore(java.lang.Object, boolean)#0&quot; }"/>
        </annotation>
    </item>
    <item name='org.vibur.objectpool.util.Listener void onTake(T)'>
        <annotation name='com.intellij.inspections.tainted.annotation.equation.Equations'>
            <val val="{ &quot;object := &quot; }"/>
        </annotation>
    </item>
    <item name='org.vibur.objectpool.util.TakenListener'>
        <annotation name='com.intellij.inspections.tainted.annotation.equation.Equations'>
            <val val="{ &quot;TakenListener := &quot; }"/>
        </annotation>
    </item>
    <item name='org.vibur.objectpool.util.TakenListener T[] getTaken(T[])'>
        <annotation name='com.intellij.inspections.tainted.annotation.equation.Equations'>
            <val val="{ &quot;getTaken := org.vibur.dbcp.pool.ViburListener#getTaken(org.vibur.dbcp.pool.ConnHolder[])&quot; }"/>
        </annotation>
    </item>
    <item name='org.vibur.objectpool.util.TakenListener TakenListener()'>
        <annotation name='com.intellij.inspections.tainted.annotation.equation.Equations'>
            <val val="{ &quot;TakenListener := TakenListener&quot; }"/>
        </annotation>
    </item>
    <item name='org.vibur.objectpool.util.TakenListener TakenListener(int)'>
        <annotation name='com.intellij.inspections.tainted.annotation.equation.Equations'>
            <val val="{ &quot;initialCapacity := &quot;, &quot;TakenListener := TakenListener&quot; }"/>
        </annotation>
    </item>
    <item name='org.vibur.objectpool.util.TakenListener void onRestore(T)'>
        <annotation name='com.intellij.inspections.tainted.annotation.equation.Equations'>
            <val val="{ &quot;object := Listener#onRestore(java.lang.Object)#0&quot; }"/>
        </annotation>
    </item>
    <item name='org.vibur.objectpool.util.TakenListener void onTake(T)'>
        <annotation name='com.intellij.inspections.tainted.annotation.equation.Equations'>
            <val val="{ &quot;object := Listener#onTake(java.lang.Object)#0&quot; }"/>
        </annotation>
    </item>
</root>