<root>
    <item name='org.hibernate.envers.tools.Pair'>
        <annotation name='com.intellij.inspections.tainted.annotation.equation.Equations'>
            <val val="{ &quot;Pair := #Pair(java.lang.Object, java.lang.Object)#0 &amp; #Pair(java.lang.Object, java.lang.Object)#1&quot; }"/>
        </annotation>
    </item>
    <item name='org.hibernate.envers.tools.Pair Pair(T1, T2)'>
        <annotation name='com.intellij.inspections.tainted.annotation.equation.Equations'>
            <val val="{ &quot;obj2 := #make(java.lang.Object, java.lang.Object)#1 &amp; org.hibernate.envers.internal.synchronization.AuditProcess#cacheEntityState(java.lang.Object, java.lang.String, java.lang.Object[])#0 &amp; org.hibernate.envers.internal.synchronization.AuditProcess#getCachedEntityState(java.lang.Object, java.lang.String)#0&quot;, &quot;obj1 := #make(java.lang.Object, java.lang.Object)#0 &amp; org.hibernate.envers.internal.synchronization.AuditProcess#cacheEntityState(java.lang.Object, java.lang.String, java.lang.Object[])#1 &amp; org.hibernate.envers.internal.synchronization.AuditProcess#getCachedEntityState(java.lang.Object, java.lang.String)#1&quot;, &quot;Pair := Pair&quot; }"/>
        </annotation>
    </item>
    <item name='org.hibernate.envers.tools.Pair T1 getFirst()'>
        <annotation name='com.intellij.inspections.tainted.annotation.equation.Equations'>
            <val val="{ &quot;getFirst := Pair&quot; }"/>
        </annotation>
    </item>
    <item name='org.hibernate.envers.tools.Pair T2 getSecond()'>
        <annotation name='com.intellij.inspections.tainted.annotation.equation.Equations'>
            <val val="{ &quot;getSecond := Pair&quot; }"/>
        </annotation>
    </item>
    <item name='org.hibernate.envers.tools.Pair boolean equals(java.lang.Object)'>
        <annotation name='com.intellij.inspections.tainted.annotation.equation.Equations'>
            <val val="{ &quot;o := java.lang.Object#equals(java.lang.Object)#0&quot; }"/>
        </annotation>
    </item>
    <item name='org.hibernate.envers.tools.Pair int hashCode()'>
        <annotation name='com.intellij.inspections.tainted.annotation.equation.Equations'>
            <val val="{ &quot;hashCode := &quot; }"/>
        </annotation>
    </item>
    <item name='org.hibernate.envers.tools.Pair org.hibernate.envers.tools.Pair&lt;T1,T2&gt; make(T1, T2)'>
        <annotation name='com.intellij.inspections.tainted.annotation.equation.Equations'>
            <val val="{ &quot;obj1 := org.hibernate.envers.query.internal.impl.AbstractAuditQuery#registerProjection(java.lang.String, org.hibernate.envers.query.projection.AuditProjection)#0 &amp; org.hibernate.envers.internal.tools.query.QueryBuilder#addOrderFragment(java.lang.String, java.lang.String)#0 &amp; org.hibernate.envers.internal.tools.ReflectionTools#getGetter(java.lang.Class, java.lang.String, java.lang.String, org.hibernate.service.ServiceRegistry)#0 &amp; org.hibernate.envers.internal.tools.ReflectionTools#getSetter(java.lang.Class, java.lang.String, java.lang.String, org.hibernate.service.ServiceRegistry)#0&quot;, &quot;obj2 := org.hibernate.envers.query.internal.impl.AbstractAuditQuery#registerProjection(java.lang.String, org.hibernate.envers.query.projection.AuditProjection)#1 &amp; org.hibernate.envers.internal.tools.query.QueryBuilder#addOrderFragment(java.lang.String, java.lang.String)#1 &amp; org.hibernate.envers.internal.tools.ReflectionTools#getGetter(java.lang.Class, java.lang.String, java.lang.String, org.hibernate.service.ServiceRegistry)#1 &amp; org.hibernate.envers.internal.tools.ReflectionTools#getSetter(java.lang.Class, java.lang.String, java.lang.String, org.hibernate.service.ServiceRegistry)#1 &amp; org.hibernate.envers.internal.entities.mapper.MultiPropertyMapper#getMapperAndDelegatePropName(java.lang.String)#0&quot;, &quot;make := &quot; }"/>
        </annotation>
    </item>
</root>