<root>
    <item name='sun.management.BaseOperatingSystemImpl'>
        <annotation name='com.intellij.inspections.tainted.annotation.equation.Equations'>
            <val val="{ &quot;BaseOperatingSystemImpl := OperatingSystemImpl&quot; }"/>
        </annotation>
    </item>
    <item name='sun.management.HotspotClassLoadingMBean java.util.List&lt;sun.management.counter.Counter&gt; getInternalClassLoadingCounters()'>
        <annotation name='com.intellij.inspections.tainted.annotation.equation.Equations'>
            <val val="{ &quot;getInternalClassLoadingCounters := HotspotClassLoading#getInternalClassLoadingCounters()&quot; }"/>
        </annotation>
    </item>
    <item name='sun.management.HotspotClassLoadingMBean long getClassInitializationTime()'>
        <annotation name='com.intellij.inspections.tainted.annotation.equation.Equations'>
            <val val="{ &quot;getClassInitializationTime := HotspotClassLoading#getClassInitializationTime()&quot; }"/>
        </annotation>
    </item>
    <item name='sun.management.HotspotClassLoadingMBean long getClassLoadingTime()'>
        <annotation name='com.intellij.inspections.tainted.annotation.equation.Equations'>
            <val val="{ &quot;getClassLoadingTime := HotspotClassLoading#getClassLoadingTime()&quot; }"/>
        </annotation>
    </item>
    <item name='sun.management.HotspotClassLoadingMBean long getClassVerificationTime()'>
        <annotation name='com.intellij.inspections.tainted.annotation.equation.Equations'>
            <val val="{ &quot;getClassVerificationTime := HotspotClassLoading#getClassVerificationTime()&quot; }"/>
        </annotation>
    </item>
    <item name='sun.management.HotspotClassLoadingMBean long getInitializedClassCount()'>
        <annotation name='com.intellij.inspections.tainted.annotation.equation.Equations'>
            <val val="{ &quot;getInitializedClassCount := HotspotClassLoading#getInitializedClassCount()&quot; }"/>
        </annotation>
    </item>
    <item name='sun.management.HotspotClassLoadingMBean long getLoadedClassSize()'>
        <annotation name='com.intellij.inspections.tainted.annotation.equation.Equations'>
            <val val="{ &quot;getLoadedClassSize := HotspotClassLoading#getLoadedClassSize()&quot; }"/>
        </annotation>
    </item>
    <item name='sun.management.HotspotClassLoadingMBean long getMethodDataSize()'>
        <annotation name='com.intellij.inspections.tainted.annotation.equation.Equations'>
            <val val="{ &quot;getMethodDataSize := HotspotClassLoading#getMethodDataSize()&quot; }"/>
        </annotation>
    </item>
    <item name='sun.management.HotspotClassLoadingMBean long getUnloadedClassSize()'>
        <annotation name='com.intellij.inspections.tainted.annotation.equation.Equations'>
            <val val="{ &quot;getUnloadedClassSize := HotspotClassLoading#getUnloadedClassSize()&quot; }"/>
        </annotation>
    </item>
    <item name='sun.management.HotspotCompilationMBean int getCompilerThreadCount()'>
        <annotation name='com.intellij.inspections.tainted.annotation.equation.Equations'>
            <val val="{ &quot;getCompilerThreadCount := HotspotCompilation#getCompilerThreadCount()&quot; }"/>
        </annotation>
    </item>
    <item name='sun.management.HotspotCompilationMBean java.util.List&lt;sun.management.CompilerThreadStat&gt; getCompilerThreadStats()'>
        <annotation name='com.intellij.inspections.tainted.annotation.equation.Equations'>
            <val val="{ &quot;getCompilerThreadStats := HotspotCompilation#getCompilerThreadStats()&quot; }"/>
        </annotation>
    </item>
    <item name='sun.management.HotspotCompilationMBean java.util.List&lt;sun.management.counter.Counter&gt; getInternalCompilerCounters()'>
        <annotation name='com.intellij.inspections.tainted.annotation.equation.Equations'>
            <val val="{ &quot;getInternalCompilerCounters := HotspotCompilation#getInternalCompilerCounters()&quot; }"/>
        </annotation>
    </item>
    <item name='sun.management.HotspotCompilationMBean long getBailoutCompileCount()'>
        <annotation name='com.intellij.inspections.tainted.annotation.equation.Equations'>
            <val val="{ &quot;getBailoutCompileCount := HotspotCompilation#getBailoutCompileCount()&quot; }"/>
        </annotation>
    </item>
    <item name='sun.management.HotspotCompilationMBean long getCompiledMethodCodeSize()'>
        <annotation name='com.intellij.inspections.tainted.annotation.equation.Equations'>
            <val val="{ &quot;getCompiledMethodCodeSize := HotspotCompilation#getCompiledMethodCodeSize()&quot; }"/>
        </annotation>
    </item>
    <item name='sun.management.HotspotCompilationMBean long getCompiledMethodSize()'>
        <annotation name='com.intellij.inspections.tainted.annotation.equation.Equations'>
            <val val="{ &quot;getCompiledMethodSize := HotspotCompilation#getCompiledMethodSize()&quot; }"/>
        </annotation>
    </item>
    <item name='sun.management.HotspotCompilationMBean long getInvalidatedCompileCount()'>
        <annotation name='com.intellij.inspections.tainted.annotation.equation.Equations'>
            <val val="{ &quot;getInvalidatedCompileCount := HotspotCompilation#getInvalidatedCompileCount()&quot; }"/>
        </annotation>
    </item>
    <item name='sun.management.HotspotCompilationMBean long getTotalCompileCount()'>
        <annotation name='com.intellij.inspections.tainted.annotation.equation.Equations'>
            <val val="{ &quot;getTotalCompileCount := HotspotCompilation#getTotalCompileCount()&quot; }"/>
        </annotation>
    </item>
    <item name='sun.management.HotspotCompilationMBean sun.management.MethodInfo getFailedCompile()'>
        <annotation name='com.intellij.inspections.tainted.annotation.equation.Equations'>
            <val val="{ &quot;getFailedCompile := HotspotCompilation#getFailedCompile()&quot; }"/>
        </annotation>
    </item>
    <item name='sun.management.HotspotCompilationMBean sun.management.MethodInfo getInvalidatedCompile()'>
        <annotation name='com.intellij.inspections.tainted.annotation.equation.Equations'>
            <val val="{ &quot;getInvalidatedCompile := HotspotCompilation#getInvalidatedCompile()&quot; }"/>
        </annotation>
    </item>
    <item name='sun.management.HotspotCompilationMBean sun.management.MethodInfo getLastCompile()'>
        <annotation name='com.intellij.inspections.tainted.annotation.equation.Equations'>
            <val val="{ &quot;getLastCompile := HotspotCompilation#getLastCompile()&quot; }"/>
        </annotation>
    </item>
    <item name='sun.management.HotspotMemoryMBean java.util.List&lt;sun.management.counter.Counter&gt; getInternalMemoryCounters()'>
        <annotation name='com.intellij.inspections.tainted.annotation.equation.Equations'>
            <val val="{ &quot;getInternalMemoryCounters := HotspotMemory#getInternalMemoryCounters()&quot; }"/>
        </annotation>
    </item>
    <item name='sun.management.HotspotRuntimeMBean java.util.List&lt;sun.management.counter.Counter&gt; getInternalRuntimeCounters()'>
        <annotation name='com.intellij.inspections.tainted.annotation.equation.Equations'>
            <val val="{ &quot;getInternalRuntimeCounters := HotspotRuntime#getInternalRuntimeCounters()&quot; }"/>
        </annotation>
    </item>
    <item name='sun.management.HotspotRuntimeMBean long getSafepointCount()'>
        <annotation name='com.intellij.inspections.tainted.annotation.equation.Equations'>
            <val val="{ &quot;getSafepointCount := HotspotRuntime#getSafepointCount()&quot; }"/>
        </annotation>
    </item>
    <item name='sun.management.HotspotRuntimeMBean long getSafepointSyncTime()'>
        <annotation name='com.intellij.inspections.tainted.annotation.equation.Equations'>
            <val val="{ &quot;getSafepointSyncTime := HotspotRuntime#getSafepointSyncTime()&quot; }"/>
        </annotation>
    </item>
    <item name='sun.management.HotspotRuntimeMBean long getTotalSafepointTime()'>
        <annotation name='com.intellij.inspections.tainted.annotation.equation.Equations'>
            <val val="{ &quot;getTotalSafepointTime := HotspotRuntime#getTotalSafepointTime()&quot; }"/>
        </annotation>
    </item>
    <item name='sun.management.HotspotThreadMBean int getInternalThreadCount()'>
        <annotation name='com.intellij.inspections.tainted.annotation.equation.Equations'>
            <val val="{ &quot;getInternalThreadCount := HotspotThread#getInternalThreadCount()&quot; }"/>
        </annotation>
    </item>
    <item name='sun.management.HotspotThreadMBean java.util.List&lt;sun.management.counter.Counter&gt; getInternalThreadingCounters()'>
        <annotation name='com.intellij.inspections.tainted.annotation.equation.Equations'>
            <val val="{ &quot;getInternalThreadingCounters := HotspotThread#getInternalThreadingCounters()&quot; }"/>
        </annotation>
    </item>
    <item name='sun.management.HotspotThreadMBean java.util.Map&lt;java.lang.String,java.lang.Long&gt; getInternalThreadCpuTimes()'>
        <annotation name='com.intellij.inspections.tainted.annotation.equation.Equations'>
            <val val="{ &quot;getInternalThreadCpuTimes := HotspotThread#getInternalThreadCpuTimes()&quot; }"/>
        </annotation>
    </item>
    <item name='sun.management.LazyCompositeData'>
        <annotation name='com.intellij.inspections.tainted.annotation.equation.Equations'>
            <val val="{ &quot;LazyCompositeData := ThreadInfoCompositeData &amp; StackTraceElementCompositeData &amp; MonitorInfoCompositeData &amp; MemoryNotifInfoCompositeData &amp; MemoryUsageCompositeData &amp; LockInfoCompositeData &amp; VMOptionCompositeData&quot; }"/>
        </annotation>
    </item>
    <item name='sun.management.LazyCompositeData javax.management.openmbean.CompositeData getCompositeData()'>
        <annotation name='com.intellij.inspections.tainted.annotation.equation.Equations'>
            <val val="{ &quot;getCompositeData := ThreadInfoCompositeData#getCompositeData() &amp; StackTraceElementCompositeData#getCompositeData() &amp; MonitorInfoCompositeData#getCompositeData() &amp; MemoryNotifInfoCompositeData#getCompositeData() &amp; MemoryUsageCompositeData#getCompositeData() &amp; LockInfoCompositeData#getCompositeData() &amp; VMOptionCompositeData#getCompositeData()&quot; }"/>
        </annotation>
    </item>
    <item name='sun.management.NotificationEmitterSupport'>
        <annotation name='com.intellij.inspections.tainted.annotation.equation.Equations'>
            <val val="{ &quot;NotificationEmitterSupport := DiagnosticCommandImpl &amp; MemoryImpl&quot; }"/>
        </annotation>
    </item>
    <item name='sun.management.NotificationEmitterSupport javax.management.MBeanNotificationInfo[] getNotificationInfo()'>
        <annotation name='com.intellij.inspections.tainted.annotation.equation.Equations'>
            <val val="{ &quot;getNotificationInfo := DiagnosticCommandImpl#getNotificationInfo() &amp; MemoryImpl#getNotificationInfo()&quot; }"/>
        </annotation>
    </item>
    <item name='sun.management.NotificationEmitterSupport void addNotificationListener(javax.management.NotificationListener, javax.management.NotificationFilter, java.lang.Object)'>
        <annotation name='com.intellij.inspections.tainted.annotation.equation.Equations'>
            <val val="{ &quot;o := DiagnosticCommandImpl#addNotificationListener(javax.management.NotificationListener, javax.management.NotificationFilter, java.lang.Object)#2&quot;, &quot;notificationFilter := DiagnosticCommandImpl#addNotificationListener(javax.management.NotificationListener, javax.management.NotificationFilter, java.lang.Object)#1&quot;, &quot;notificationListener := DiagnosticCommandImpl#addNotificationListener(javax.management.NotificationListener, javax.management.NotificationFilter, java.lang.Object)#0&quot; }"/>
        </annotation>
    </item>
    <item name='sun.management.NotificationEmitterSupport void removeNotificationListener(javax.management.NotificationListener)'>
        <annotation name='com.intellij.inspections.tainted.annotation.equation.Equations'>
            <val val="{ &quot;notificationListener := DiagnosticCommandImpl#removeNotificationListener(javax.management.NotificationListener)#0&quot; }"/>
        </annotation>
    </item>
    <item name='sun.management.NotificationEmitterSupport void removeNotificationListener(javax.management.NotificationListener, javax.management.NotificationFilter, java.lang.Object)'>
        <annotation name='com.intellij.inspections.tainted.annotation.equation.Equations'>
            <val val="{ &quot;o := DiagnosticCommandImpl#removeNotificationListener(javax.management.NotificationListener, javax.management.NotificationFilter, java.lang.Object)#2&quot;, &quot;notificationFilter := DiagnosticCommandImpl#removeNotificationListener(javax.management.NotificationListener, javax.management.NotificationFilter, java.lang.Object)#1&quot;, &quot;notificationListener := DiagnosticCommandImpl#removeNotificationListener(javax.management.NotificationListener, javax.management.NotificationFilter, java.lang.Object)#0&quot; }"/>
        </annotation>
    </item>
    <item name='sun.management.VMManagement int getAvailableProcessors()'>
        <annotation name='com.intellij.inspections.tainted.annotation.equation.Equations'>
            <val val="{ &quot;getAvailableProcessors := VMManagementImpl#getAvailableProcessors()&quot; }"/>
        </annotation>
    </item>
    <item name='sun.management.VMManagement int getDaemonThreadCount()'>
        <annotation name='com.intellij.inspections.tainted.annotation.equation.Equations'>
            <val val="{ &quot;getDaemonThreadCount := VMManagementImpl#getDaemonThreadCount()&quot; }"/>
        </annotation>
    </item>
    <item name='sun.management.VMManagement int getLiveThreadCount()'>
        <annotation name='com.intellij.inspections.tainted.annotation.equation.Equations'>
            <val val="{ &quot;getLiveThreadCount := VMManagementImpl#getLiveThreadCount()&quot; }"/>
        </annotation>
    </item>
    <item name='sun.management.VMManagement int getLoadedClassCount()'>
        <annotation name='com.intellij.inspections.tainted.annotation.equation.Equations'>
            <val val="{ &quot;getLoadedClassCount := VMManagementImpl#getLoadedClassCount()&quot; }"/>
        </annotation>
    </item>
    <item name='sun.management.VMManagement int getPeakThreadCount()'>
        <annotation name='com.intellij.inspections.tainted.annotation.equation.Equations'>
            <val val="{ &quot;getPeakThreadCount := VMManagementImpl#getPeakThreadCount()&quot; }"/>
        </annotation>
    </item>
    <item name='sun.management.VMManagement java.lang.String getBootClassPath()'>
        <annotation name='com.intellij.inspections.tainted.annotation.equation.Equations'>
            <val val="{ &quot;getBootClassPath := VMManagementImpl#getBootClassPath()&quot; }"/>
        </annotation>
    </item>
    <item name='sun.management.VMManagement java.lang.String getClassPath()'>
        <annotation name='com.intellij.inspections.tainted.annotation.equation.Equations'>
            <val val="{ &quot;getClassPath := VMManagementImpl#getClassPath()&quot; }"/>
        </annotation>
    </item>
    <item name='sun.management.VMManagement java.lang.String getCompilerName()'>
        <annotation name='com.intellij.inspections.tainted.annotation.equation.Equations'>
            <val val="{ &quot;getCompilerName := VMManagementImpl#getCompilerName()&quot; }"/>
        </annotation>
    </item>
    <item name='sun.management.VMManagement java.lang.String getLibraryPath()'>
        <annotation name='com.intellij.inspections.tainted.annotation.equation.Equations'>
            <val val="{ &quot;getLibraryPath := VMManagementImpl#getLibraryPath()&quot; }"/>
        </annotation>
    </item>
    <item name='sun.management.VMManagement java.lang.String getManagementVersion()'>
        <annotation name='com.intellij.inspections.tainted.annotation.equation.Equations'>
            <val val="{ &quot;getManagementVersion := VMManagementImpl#getManagementVersion()&quot; }"/>
        </annotation>
    </item>
    <item name='sun.management.VMManagement java.lang.String getOsArch()'>
        <annotation name='com.intellij.inspections.tainted.annotation.equation.Equations'>
            <val val="{ &quot;getOsArch := VMManagementImpl#getOsArch()&quot; }"/>
        </annotation>
    </item>
    <item name='sun.management.VMManagement java.lang.String getOsName()'>
        <annotation name='com.intellij.inspections.tainted.annotation.equation.Equations'>
            <val val="{ &quot;getOsName := VMManagementImpl#getOsName()&quot; }"/>
        </annotation>
    </item>
    <item name='sun.management.VMManagement java.lang.String getOsVersion()'>
        <annotation name='com.intellij.inspections.tainted.annotation.equation.Equations'>
            <val val="{ &quot;getOsVersion := VMManagementImpl#getOsVersion()&quot; }"/>
        </annotation>
    </item>
    <item name='sun.management.VMManagement java.lang.String getVmId()'>
        <annotation name='com.intellij.inspections.tainted.annotation.equation.Equations'>
            <val val="{ &quot;getVmId := VMManagementImpl#getVmId()&quot; }"/>
        </annotation>
    </item>
    <item name='sun.management.VMManagement java.lang.String getVmName()'>
        <annotation name='com.intellij.inspections.tainted.annotation.equation.Equations'>
            <val val="{ &quot;getVmName := VMManagementImpl#getVmName()&quot; }"/>
        </annotation>
    </item>
    <item name='sun.management.VMManagement java.lang.String getVmSpecName()'>
        <annotation name='com.intellij.inspections.tainted.annotation.equation.Equations'>
            <val val="{ &quot;getVmSpecName := VMManagementImpl#getVmSpecName()&quot; }"/>
        </annotation>
    </item>
    <item name='sun.management.VMManagement java.lang.String getVmSpecVendor()'>
        <annotation name='com.intellij.inspections.tainted.annotation.equation.Equations'>
            <val val="{ &quot;getVmSpecVendor := VMManagementImpl#getVmSpecVendor()&quot; }"/>
        </annotation>
    </item>
    <item name='sun.management.VMManagement java.lang.String getVmSpecVersion()'>
        <annotation name='com.intellij.inspections.tainted.annotation.equation.Equations'>
            <val val="{ &quot;getVmSpecVersion := VMManagementImpl#getVmSpecVersion()&quot; }"/>
        </annotation>
    </item>
    <item name='sun.management.VMManagement java.lang.String getVmVendor()'>
        <annotation name='com.intellij.inspections.tainted.annotation.equation.Equations'>
            <val val="{ &quot;getVmVendor := VMManagementImpl#getVmVendor()&quot; }"/>
        </annotation>
    </item>
    <item name='sun.management.VMManagement java.lang.String getVmVersion()'>
        <annotation name='com.intellij.inspections.tainted.annotation.equation.Equations'>
            <val val="{ &quot;getVmVersion := VMManagementImpl#getVmVersion()&quot; }"/>
        </annotation>
    </item>
    <item name='sun.management.VMManagement java.util.List&lt;java.lang.String&gt; getVmArguments()'>
        <annotation name='com.intellij.inspections.tainted.annotation.equation.Equations'>
            <val val="{ &quot;getVmArguments := VMManagementImpl#getVmArguments()&quot; }"/>
        </annotation>
    </item>
    <item name='sun.management.VMManagement java.util.List&lt;sun.management.counter.Counter&gt; getInternalCounters(java.lang.String)'>
        <annotation name='com.intellij.inspections.tainted.annotation.equation.Equations'>
            <val val="{ &quot;getInternalCounters := VMManagementImpl#getInternalCounters(java.lang.String)&quot;, &quot;s := VMManagementImpl#getInternalCounters(java.lang.String)#0&quot; }"/>
        </annotation>
    </item>
    <item name='sun.management.VMManagement long getClassInitializationTime()'>
        <annotation name='com.intellij.inspections.tainted.annotation.equation.Equations'>
            <val val="{ &quot;getClassInitializationTime := VMManagementImpl#getClassInitializationTime()&quot; }"/>
        </annotation>
    </item>
    <item name='sun.management.VMManagement long getClassLoadingTime()'>
        <annotation name='com.intellij.inspections.tainted.annotation.equation.Equations'>
            <val val="{ &quot;getClassLoadingTime := VMManagementImpl#getClassLoadingTime()&quot; }"/>
        </annotation>
    </item>
    <item name='sun.management.VMManagement long getClassVerificationTime()'>
        <annotation name='com.intellij.inspections.tainted.annotation.equation.Equations'>
            <val val="{ &quot;getClassVerificationTime := VMManagementImpl#getClassVerificationTime()&quot; }"/>
        </annotation>
    </item>
    <item name='sun.management.VMManagement long getInitializedClassCount()'>
        <annotation name='com.intellij.inspections.tainted.annotation.equation.Equations'>
            <val val="{ &quot;getInitializedClassCount := VMManagementImpl#getInitializedClassCount()&quot; }"/>
        </annotation>
    </item>
    <item name='sun.management.VMManagement long getLoadedClassSize()'>
        <annotation name='com.intellij.inspections.tainted.annotation.equation.Equations'>
            <val val="{ &quot;getLoadedClassSize := VMManagementImpl#getLoadedClassSize()&quot; }"/>
        </annotation>
    </item>
    <item name='sun.management.VMManagement long getMethodDataSize()'>
        <annotation name='com.intellij.inspections.tainted.annotation.equation.Equations'>
            <val val="{ &quot;getMethodDataSize := VMManagementImpl#getMethodDataSize()&quot; }"/>
        </annotation>
    </item>
    <item name='sun.management.VMManagement long getSafepointCount()'>
        <annotation name='com.intellij.inspections.tainted.annotation.equation.Equations'>
            <val val="{ &quot;getSafepointCount := VMManagementImpl#getSafepointCount()&quot; }"/>
        </annotation>
    </item>
    <item name='sun.management.VMManagement long getSafepointSyncTime()'>
        <annotation name='com.intellij.inspections.tainted.annotation.equation.Equations'>
            <val val="{ &quot;getSafepointSyncTime := VMManagementImpl#getSafepointSyncTime()&quot; }"/>
        </annotation>
    </item>
    <item name='sun.management.VMManagement long getStartupTime()'>
        <annotation name='com.intellij.inspections.tainted.annotation.equation.Equations'>
            <val val="{ &quot;getStartupTime := VMManagementImpl#getStartupTime()&quot; }"/>
        </annotation>
    </item>
    <item name='sun.management.VMManagement long getTotalApplicationNonStoppedTime()'>
        <annotation name='com.intellij.inspections.tainted.annotation.equation.Equations'>
            <val val="{ &quot;getTotalApplicationNonStoppedTime := VMManagementImpl#getTotalApplicationNonStoppedTime()&quot; }"/>
        </annotation>
    </item>
    <item name='sun.management.VMManagement long getTotalClassCount()'>
        <annotation name='com.intellij.inspections.tainted.annotation.equation.Equations'>
            <val val="{ &quot;getTotalClassCount := VMManagementImpl#getTotalClassCount()&quot; }"/>
        </annotation>
    </item>
    <item name='sun.management.VMManagement long getTotalCompileTime()'>
        <annotation name='com.intellij.inspections.tainted.annotation.equation.Equations'>
            <val val="{ &quot;getTotalCompileTime := VMManagementImpl#getTotalCompileTime()&quot; }"/>
        </annotation>
    </item>
    <item name='sun.management.VMManagement long getTotalSafepointTime()'>
        <annotation name='com.intellij.inspections.tainted.annotation.equation.Equations'>
            <val val="{ &quot;getTotalSafepointTime := VMManagementImpl#getTotalSafepointTime()&quot; }"/>
        </annotation>
    </item>
    <item name='sun.management.VMManagement long getTotalThreadCount()'>
        <annotation name='com.intellij.inspections.tainted.annotation.equation.Equations'>
            <val val="{ &quot;getTotalThreadCount := VMManagementImpl#getTotalThreadCount()&quot; }"/>
        </annotation>
    </item>
    <item name='sun.management.VMManagement long getUnloadedClassCount()'>
        <annotation name='com.intellij.inspections.tainted.annotation.equation.Equations'>
            <val val="{ &quot;getUnloadedClassCount := VMManagementImpl#getUnloadedClassCount()&quot; }"/>
        </annotation>
    </item>
    <item name='sun.management.VMManagement long getUnloadedClassSize()'>
        <annotation name='com.intellij.inspections.tainted.annotation.equation.Equations'>
            <val val="{ &quot;getUnloadedClassSize := VMManagementImpl#getUnloadedClassSize()&quot; }"/>
        </annotation>
    </item>
    <item name='sun.management.VMManagement long getUptime()'>
        <annotation name='com.intellij.inspections.tainted.annotation.equation.Equations'>
            <val val="{ &quot;getUptime := VMManagementImpl#getUptime()&quot; }"/>
        </annotation>
    </item>
</root>