<root>
    <item name='com.sun.org.apache.xerces.internal.impl.dv.DTDDVFactory DTDDVFactory()'>
        <annotation name='com.intellij.inspections.tainted.annotation.equation.Equations'>
            <val val="{ &quot;DTDDVFactory := DTDDVFactory&quot; }"/>
        </annotation>
    </item>
    <item name='com.sun.org.apache.xerces.internal.impl.dv.DTDDVFactory com.sun.org.apache.xerces.internal.impl.dv.DTDDVFactory getInstance(java.lang.String)'>
        <annotation name='com.intellij.inspections.tainted.annotation.equation.Equations'>
            <val val="{ &quot;factoryClass := com.sun.org.apache.xerces.internal.impl.xs.opti.SchemaParsingConfig#XML11_DATATYPE_VALIDATOR_FACTORY &amp; com.sun.org.apache.xerces.internal.parsers.XML11DTDConfiguration#XML11_DATATYPE_VALIDATOR_FACTORY &amp; com.sun.org.apache.xerces.internal.parsers.XML11Configuration#XML11_DATATYPE_VALIDATOR_FACTORY &amp; com.sun.org.apache.xerces.internal.parsers.XML11NonValidatingConfiguration#XML11_DATATYPE_VALIDATOR_FACTORY &amp; #DEFAULT_FACTORY_CLASS&quot; }"/>
        </annotation>
    </item>
    <item name='com.sun.org.apache.xerces.internal.impl.dv.DTDDVFactory com.sun.org.apache.xerces.internal.impl.dv.DatatypeValidator getBuiltInDV(java.lang.String)'>
        <annotation name='com.intellij.inspections.tainted.annotation.equation.Equations'>
            <val val="{ &quot;getBuiltInDV := com.sun.org.apache.xerces.internal.impl.dv.dtd.DTDDVFactoryImpl#getBuiltInDV(java.lang.String)&quot;, &quot;name := com.sun.org.apache.xerces.internal.util.XMLSymbols#fIDSymbol &amp; com.sun.org.apache.xerces.internal.util.XMLSymbols#fIDREFSymbol &amp; com.sun.org.apache.xerces.internal.util.XMLSymbols#fIDREFSSymbol &amp; com.sun.org.apache.xerces.internal.util.XMLSymbols#fENTITYSymbol &amp; com.sun.org.apache.xerces.internal.util.XMLSymbols#fENTITIESSymbol &amp; com.sun.org.apache.xerces.internal.util.XMLSymbols#fNMTOKENSymbol &amp; com.sun.org.apache.xerces.internal.util.XMLSymbols#fNMTOKENSSymbol &amp; com.sun.org.apache.xerces.internal.util.XMLSymbols#fNOTATIONSymbol &amp; com.sun.org.apache.xerces.internal.impl.dv.dtd.DTDDVFactoryImpl#getBuiltInDV(java.lang.String)#0&quot; }"/>
        </annotation>
    </item>
    <item name='com.sun.org.apache.xerces.internal.impl.dv.DTDDVFactory java.util.Map&lt;java.lang.String,com.sun.org.apache.xerces.internal.impl.dv.DatatypeValidator&gt; getBuiltInTypes()'>
        <annotation name='com.intellij.inspections.tainted.annotation.equation.Equations'>
            <val val="{ &quot;getBuiltInTypes := com.sun.org.apache.xerces.internal.impl.dv.dtd.DTDDVFactoryImpl#getBuiltInTypes()&quot; }"/>
        </annotation>
    </item>
    <item name='com.sun.org.apache.xerces.internal.impl.dv.DVFactoryException DVFactoryException(java.lang.String)'>
        <annotation name='com.intellij.inspections.tainted.annotation.equation.Equations'>
            <val val="{ &quot;DVFactoryException := DVFactoryException&quot; }"/>
        </annotation>
    </item>
    <item name='com.sun.org.apache.xerces.internal.impl.dv.DatatypeException DatatypeException(java.lang.String, java.lang.Object[])'>
        <annotation name='com.intellij.inspections.tainted.annotation.equation.Equations'>
            <val val="{ &quot;args := InvalidDatatypeFacetException#InvalidDatatypeFacetException(java.lang.String, java.lang.Object[])#1 &amp; InvalidDatatypeValueException#InvalidDatatypeValueException(java.lang.String, java.lang.Object[])#1&quot;, &quot;DatatypeException := DatatypeException&quot;, &quot;key := InvalidDatatypeFacetException#InvalidDatatypeFacetException(java.lang.String, java.lang.Object[])#0 &amp; InvalidDatatypeValueException#InvalidDatatypeValueException(java.lang.String, java.lang.Object[])#0&quot; }"/>
        </annotation>
    </item>
    <item name='com.sun.org.apache.xerces.internal.impl.dv.DatatypeException java.lang.Object[] getArgs()'>
        <annotation name='com.intellij.inspections.tainted.annotation.equation.Equations'>
            <val val="{ &quot;getArgs := DatatypeException&quot; }"/>
        </annotation>
    </item>
    <item name='com.sun.org.apache.xerces.internal.impl.dv.DatatypeException java.lang.String getKey()'>
        <annotation name='com.intellij.inspections.tainted.annotation.equation.Equations'>
            <val val="{ &quot;getKey := DatatypeException&quot; }"/>
        </annotation>
    </item>
    <item name='com.sun.org.apache.xerces.internal.impl.dv.DatatypeValidator void validate(java.lang.String, com.sun.org.apache.xerces.internal.impl.dv.ValidationContext)'>
        <annotation name='com.intellij.inspections.tainted.annotation.equation.Equations'>
            <val val="{ &quot;content := com.sun.org.apache.xerces.internal.impl.dv.dtd.IDDatatypeValidator#validate(java.lang.String, com.sun.org.apache.xerces.internal.impl.dv.ValidationContext)#0 &amp; com.sun.org.apache.xerces.internal.impl.dv.dtd.ListDatatypeValidator#validate(java.lang.String, com.sun.org.apache.xerces.internal.impl.dv.ValidationContext)#0 &amp; com.sun.org.apache.xerces.internal.impl.dv.dtd.IDREFDatatypeValidator#validate(java.lang.String, com.sun.org.apache.xerces.internal.impl.dv.ValidationContext)#0 &amp; com.sun.org.apache.xerces.internal.impl.dv.dtd.ENTITYDatatypeValidator#validate(java.lang.String, com.sun.org.apache.xerces.internal.impl.dv.ValidationContext)#0 &amp; com.sun.org.apache.xerces.internal.impl.dv.dtd.StringDatatypeValidator#validate(java.lang.String, com.sun.org.apache.xerces.internal.impl.dv.ValidationContext)#0 &amp; com.sun.org.apache.xerces.internal.impl.dv.dtd.NMTOKENDatatypeValidator#validate(java.lang.String, com.sun.org.apache.xerces.internal.impl.dv.ValidationContext)#0 &amp; com.sun.org.apache.xerces.internal.impl.dv.dtd.NOTATIONDatatypeValidator#validate(java.lang.String, com.sun.org.apache.xerces.internal.impl.dv.ValidationContext)#0 &amp; com.sun.org.apache.xerces.internal.impl.dtd.XMLDTDValidator#validateDTDattribute(com.sun.org.apache.xerces.internal.xni.QName, java.lang.String, com.sun.org.apache.xerces.internal.impl.dtd.XMLAttributeDecl)#1&quot;, &quot;context := com.sun.org.apache.xerces.internal.impl.dv.dtd.ListDatatypeValidator#validate(java.lang.String, com.sun.org.apache.xerces.internal.impl.dv.ValidationContext)#1 &amp; com.sun.org.apache.xerces.internal.impl.dv.dtd.IDDatatypeValidator#validate(java.lang.String, com.sun.org.apache.xerces.internal.impl.dv.ValidationContext)#1 &amp; com.sun.org.apache.xerces.internal.impl.dv.dtd.IDREFDatatypeValidator#validate(java.lang.String, com.sun.org.apache.xerces.internal.impl.dv.ValidationContext)#1 &amp; com.sun.org.apache.xerces.internal.impl.dv.dtd.ENTITYDatatypeValidator#validate(java.lang.String, com.sun.org.apache.xerces.internal.impl.dv.ValidationContext)#1 &amp; com.sun.org.apache.xerces.internal.impl.dv.dtd.StringDatatypeValidator#validate(java.lang.String, com.sun.org.apache.xerces.internal.impl.dv.ValidationContext)#1 &amp; com.sun.org.apache.xerces.internal.impl.dv.dtd.NMTOKENDatatypeValidator#validate(java.lang.String, com.sun.org.apache.xerces.internal.impl.dv.ValidationContext)#1 &amp; com.sun.org.apache.xerces.internal.impl.dv.dtd.NOTATIONDatatypeValidator#validate(java.lang.String, com.sun.org.apache.xerces.internal.impl.dv.ValidationContext)#1 &amp; com.sun.org.apache.xerces.internal.impl.dtd.XMLDTDValidator&quot; }"/>
        </annotation>
    </item>
    <item name='com.sun.org.apache.xerces.internal.impl.dv.InvalidDatatypeFacetException InvalidDatatypeFacetException(java.lang.String, java.lang.Object[])'>
        <annotation name='com.intellij.inspections.tainted.annotation.equation.Equations'>
            <val val="{ &quot;InvalidDatatypeFacetException := InvalidDatatypeFacetException&quot; }"/>
        </annotation>
    </item>
    <item name='com.sun.org.apache.xerces.internal.impl.dv.InvalidDatatypeValueException InvalidDatatypeValueException(java.lang.String, java.lang.Object[])'>
        <annotation name='com.intellij.inspections.tainted.annotation.equation.Equations'>
            <val val="{ &quot;InvalidDatatypeValueException := InvalidDatatypeValueException&quot; }"/>
        </annotation>
    </item>
    <item name='com.sun.org.apache.xerces.internal.impl.dv.SchemaDVFactory SchemaDVFactory()'>
        <annotation name='com.intellij.inspections.tainted.annotation.equation.Equations'>
            <val val="{ &quot;SchemaDVFactory := SchemaDVFactory&quot; }"/>
        </annotation>
    </item>
    <item name='com.sun.org.apache.xerces.internal.impl.dv.SchemaDVFactory com.sun.org.apache.xerces.internal.impl.dv.SchemaDVFactory getInstance(java.lang.String)'>
        <annotation name='com.intellij.inspections.tainted.annotation.equation.Equations'>
            <val val="{ &quot;factoryClass := #DEFAULT_FACTORY_CLASS &amp; com.sun.org.apache.xerces.internal.impl.xs.SchemaGrammar.BuiltinSchemaGrammar#EXTENDED_SCHEMA_FACTORY_CLASS&quot; }"/>
        </annotation>
    </item>
    <item name='com.sun.org.apache.xerces.internal.impl.dv.SchemaDVFactory com.sun.org.apache.xerces.internal.impl.dv.XSSimpleType createTypeList(java.lang.String, java.lang.String, short, com.sun.org.apache.xerces.internal.impl.dv.XSSimpleType, com.sun.org.apache.xerces.internal.xs.XSObjectList)'>
        <annotation name='com.intellij.inspections.tainted.annotation.equation.Equations'>
            <val val="{ &quot;itemType := com.sun.org.apache.xerces.internal.impl.dv.xs.BaseDVFactory#createTypeList(java.lang.String, java.lang.String, short, com.sun.org.apache.xerces.internal.impl.dv.XSSimpleType, com.sun.org.apache.xerces.internal.xs.XSObjectList)#3 &amp; com.sun.org.apache.xerces.internal.impl.dv.xs.BaseSchemaDVFactory#createTypeList(java.lang.String, java.lang.String, short, com.sun.org.apache.xerces.internal.impl.dv.XSSimpleType, com.sun.org.apache.xerces.internal.xs.XSObjectList)#3&quot;, &quot;name := com.sun.org.apache.xerces.internal.impl.dv.xs.BaseDVFactory#createTypeList(java.lang.String, java.lang.String, short, com.sun.org.apache.xerces.internal.impl.dv.XSSimpleType, com.sun.org.apache.xerces.internal.xs.XSObjectList)#0 &amp; com.sun.org.apache.xerces.internal.impl.dv.xs.BaseSchemaDVFactory#createTypeList(java.lang.String, java.lang.String, short, com.sun.org.apache.xerces.internal.impl.dv.XSSimpleType, com.sun.org.apache.xerces.internal.xs.XSObjectList)#0 &amp; com.sun.org.apache.xerces.internal.impl.xs.traversers.XSDSimpleTypeTraverser#getSimpleType(java.lang.String, org.w3c.dom.Element, java.lang.Object[], com.sun.org.apache.xerces.internal.impl.xs.traversers.XSDocumentInfo, com.sun.org.apache.xerces.internal.impl.xs.SchemaGrammar)#0 &amp; com.sun.org.apache.xerces.internal.impl.xs.traversers.XSDSimpleTypeTraverser#errorType(java.lang.String, java.lang.String, short)#0&quot;, &quot;createTypeList := com.sun.org.apache.xerces.internal.impl.dv.xs.BaseDVFactory#createTypeList(java.lang.String, java.lang.String, short, com.sun.org.apache.xerces.internal.impl.dv.XSSimpleType, com.sun.org.apache.xerces.internal.xs.XSObjectList) &amp; com.sun.org.apache.xerces.internal.impl.dv.xs.BaseSchemaDVFactory#createTypeList(java.lang.String, java.lang.String, short, com.sun.org.apache.xerces.internal.impl.dv.XSSimpleType, com.sun.org.apache.xerces.internal.xs.XSObjectList)&quot;, &quot;annotations := com.sun.org.apache.xerces.internal.impl.dv.xs.BaseDVFactory#createTypeList(java.lang.String, java.lang.String, short, com.sun.org.apache.xerces.internal.impl.dv.XSSimpleType, com.sun.org.apache.xerces.internal.xs.XSObjectList)#4 &amp; com.sun.org.apache.xerces.internal.impl.dv.xs.BaseSchemaDVFactory#createTypeList(java.lang.String, java.lang.String, short, com.sun.org.apache.xerces.internal.impl.dv.XSSimpleType, com.sun.org.apache.xerces.internal.xs.XSObjectList)#4&quot;, &quot;finalSet := com.sun.org.apache.xerces.internal.impl.dv.xs.BaseDVFactory#createTypeList(java.lang.String, java.lang.String, short, com.sun.org.apache.xerces.internal.impl.dv.XSSimpleType, com.sun.org.apache.xerces.internal.xs.XSObjectList)#2 &amp; com.sun.org.apache.xerces.internal.impl.dv.xs.BaseSchemaDVFactory#createTypeList(java.lang.String, java.lang.String, short, com.sun.org.apache.xerces.internal.impl.dv.XSSimpleType, com.sun.org.apache.xerces.internal.xs.XSObjectList)#2&quot;, &quot;targetNamespace := com.sun.org.apache.xerces.internal.impl.dv.xs.BaseDVFactory#createTypeList(java.lang.String, java.lang.String, short, com.sun.org.apache.xerces.internal.impl.dv.XSSimpleType, com.sun.org.apache.xerces.internal.xs.XSObjectList)#1 &amp; com.sun.org.apache.xerces.internal.impl.dv.xs.BaseSchemaDVFactory#createTypeList(java.lang.String, java.lang.String, short, com.sun.org.apache.xerces.internal.impl.dv.XSSimpleType, com.sun.org.apache.xerces.internal.xs.XSObjectList)#1 &amp; com.sun.org.apache.xerces.internal.impl.xs.traversers.XSDSimpleTypeTraverser#errorType(java.lang.String, java.lang.String, short)#1 &amp; com.sun.org.apache.xerces.internal.impl.xs.SchemaSymbols#URI_XSI&quot; }"/>
        </annotation>
    </item>
    <item name='com.sun.org.apache.xerces.internal.impl.dv.SchemaDVFactory com.sun.org.apache.xerces.internal.impl.dv.XSSimpleType createTypeRestriction(java.lang.String, java.lang.String, short, com.sun.org.apache.xerces.internal.impl.dv.XSSimpleType, com.sun.org.apache.xerces.internal.xs.XSObjectList)'>
        <annotation name='com.intellij.inspections.tainted.annotation.equation.Equations'>
            <val val="{ &quot;name := com.sun.org.apache.xerces.internal.impl.dv.xs.BaseSchemaDVFactory#createTypeRestriction(java.lang.String, java.lang.String, short, com.sun.org.apache.xerces.internal.impl.dv.XSSimpleType, com.sun.org.apache.xerces.internal.xs.XSObjectList)#0 &amp; com.sun.org.apache.xerces.internal.impl.dv.xs.BaseDVFactory#createTypeRestriction(java.lang.String, java.lang.String, short, com.sun.org.apache.xerces.internal.impl.dv.XSSimpleType, com.sun.org.apache.xerces.internal.xs.XSObjectList)#0&quot;, &quot;targetNamespace := com.sun.org.apache.xerces.internal.impl.dv.xs.BaseSchemaDVFactory#createTypeRestriction(java.lang.String, java.lang.String, short, com.sun.org.apache.xerces.internal.impl.dv.XSSimpleType, com.sun.org.apache.xerces.internal.xs.XSObjectList)#1 &amp; com.sun.org.apache.xerces.internal.impl.dv.xs.BaseDVFactory#createTypeRestriction(java.lang.String, java.lang.String, short, com.sun.org.apache.xerces.internal.impl.dv.XSSimpleType, com.sun.org.apache.xerces.internal.xs.XSObjectList)#1&quot;, &quot;createTypeRestriction := com.sun.org.apache.xerces.internal.impl.dv.xs.BaseSchemaDVFactory#createTypeRestriction(java.lang.String, java.lang.String, short, com.sun.org.apache.xerces.internal.impl.dv.XSSimpleType, com.sun.org.apache.xerces.internal.xs.XSObjectList) &amp; com.sun.org.apache.xerces.internal.impl.dv.xs.BaseDVFactory#createTypeRestriction(java.lang.String, java.lang.String, short, com.sun.org.apache.xerces.internal.impl.dv.XSSimpleType, com.sun.org.apache.xerces.internal.xs.XSObjectList)&quot;, &quot;finalSet := com.sun.org.apache.xerces.internal.impl.dv.xs.BaseSchemaDVFactory#createTypeRestriction(java.lang.String, java.lang.String, short, com.sun.org.apache.xerces.internal.impl.dv.XSSimpleType, com.sun.org.apache.xerces.internal.xs.XSObjectList)#2 &amp; com.sun.org.apache.xerces.internal.impl.dv.xs.BaseDVFactory#createTypeRestriction(java.lang.String, java.lang.String, short, com.sun.org.apache.xerces.internal.impl.dv.XSSimpleType, com.sun.org.apache.xerces.internal.xs.XSObjectList)#2&quot;, &quot;base := com.sun.org.apache.xerces.internal.impl.dv.xs.BaseSchemaDVFactory#createTypeRestriction(java.lang.String, java.lang.String, short, com.sun.org.apache.xerces.internal.impl.dv.XSSimpleType, com.sun.org.apache.xerces.internal.xs.XSObjectList)#3 &amp; com.sun.org.apache.xerces.internal.impl.dv.xs.BaseDVFactory#createTypeRestriction(java.lang.String, java.lang.String, short, com.sun.org.apache.xerces.internal.impl.dv.XSSimpleType, com.sun.org.apache.xerces.internal.xs.XSObjectList)#3&quot;, &quot;annotations := com.sun.org.apache.xerces.internal.impl.dv.xs.BaseSchemaDVFactory#createTypeRestriction(java.lang.String, java.lang.String, short, com.sun.org.apache.xerces.internal.impl.dv.XSSimpleType, com.sun.org.apache.xerces.internal.xs.XSObjectList)#4 &amp; com.sun.org.apache.xerces.internal.impl.dv.xs.BaseDVFactory#createTypeRestriction(java.lang.String, java.lang.String, short, com.sun.org.apache.xerces.internal.impl.dv.XSSimpleType, com.sun.org.apache.xerces.internal.xs.XSObjectList)#4&quot; }"/>
        </annotation>
    </item>
    <item name='com.sun.org.apache.xerces.internal.impl.dv.SchemaDVFactory com.sun.org.apache.xerces.internal.impl.dv.XSSimpleType createTypeUnion(java.lang.String, java.lang.String, short, com.sun.org.apache.xerces.internal.impl.dv.XSSimpleType[], com.sun.org.apache.xerces.internal.xs.XSObjectList)'>
        <annotation name='com.intellij.inspections.tainted.annotation.equation.Equations'>
            <val val="{ &quot;name := com.sun.org.apache.xerces.internal.impl.dv.xs.BaseDVFactory#createTypeUnion(java.lang.String, java.lang.String, short, com.sun.org.apache.xerces.internal.impl.dv.XSSimpleType[], com.sun.org.apache.xerces.internal.xs.XSObjectList)#0 &amp; com.sun.org.apache.xerces.internal.impl.dv.xs.BaseSchemaDVFactory#createTypeUnion(java.lang.String, java.lang.String, short, com.sun.org.apache.xerces.internal.impl.dv.XSSimpleType[], com.sun.org.apache.xerces.internal.xs.XSObjectList)#0&quot;, &quot;annotations := com.sun.org.apache.xerces.internal.impl.dv.xs.BaseDVFactory#createTypeUnion(java.lang.String, java.lang.String, short, com.sun.org.apache.xerces.internal.impl.dv.XSSimpleType[], com.sun.org.apache.xerces.internal.xs.XSObjectList)#4 &amp; com.sun.org.apache.xerces.internal.impl.dv.xs.BaseSchemaDVFactory#createTypeUnion(java.lang.String, java.lang.String, short, com.sun.org.apache.xerces.internal.impl.dv.XSSimpleType[], com.sun.org.apache.xerces.internal.xs.XSObjectList)#4&quot;, &quot;memberTypes := com.sun.org.apache.xerces.internal.impl.dv.xs.BaseDVFactory#createTypeUnion(java.lang.String, java.lang.String, short, com.sun.org.apache.xerces.internal.impl.dv.XSSimpleType[], com.sun.org.apache.xerces.internal.xs.XSObjectList)#3 &amp; com.sun.org.apache.xerces.internal.impl.dv.xs.BaseSchemaDVFactory#createTypeUnion(java.lang.String, java.lang.String, short, com.sun.org.apache.xerces.internal.impl.dv.XSSimpleType[], com.sun.org.apache.xerces.internal.xs.XSObjectList)#3&quot;, &quot;finalSet := com.sun.org.apache.xerces.internal.impl.dv.xs.BaseDVFactory#createTypeUnion(java.lang.String, java.lang.String, short, com.sun.org.apache.xerces.internal.impl.dv.XSSimpleType[], com.sun.org.apache.xerces.internal.xs.XSObjectList)#2 &amp; com.sun.org.apache.xerces.internal.impl.dv.xs.BaseSchemaDVFactory#createTypeUnion(java.lang.String, java.lang.String, short, com.sun.org.apache.xerces.internal.impl.dv.XSSimpleType[], com.sun.org.apache.xerces.internal.xs.XSObjectList)#2&quot;, &quot;targetNamespace := com.sun.org.apache.xerces.internal.impl.dv.xs.BaseDVFactory#createTypeUnion(java.lang.String, java.lang.String, short, com.sun.org.apache.xerces.internal.impl.dv.XSSimpleType[], com.sun.org.apache.xerces.internal.xs.XSObjectList)#1 &amp; com.sun.org.apache.xerces.internal.impl.dv.xs.BaseSchemaDVFactory#createTypeUnion(java.lang.String, java.lang.String, short, com.sun.org.apache.xerces.internal.impl.dv.XSSimpleType[], com.sun.org.apache.xerces.internal.xs.XSObjectList)#1&quot;, &quot;createTypeUnion := com.sun.org.apache.xerces.internal.impl.dv.xs.BaseDVFactory#createTypeUnion(java.lang.String, java.lang.String, short, com.sun.org.apache.xerces.internal.impl.dv.XSSimpleType[], com.sun.org.apache.xerces.internal.xs.XSObjectList) &amp; com.sun.org.apache.xerces.internal.impl.dv.xs.BaseSchemaDVFactory#createTypeUnion(java.lang.String, java.lang.String, short, com.sun.org.apache.xerces.internal.impl.dv.XSSimpleType[], com.sun.org.apache.xerces.internal.xs.XSObjectList)&quot; }"/>
        </annotation>
    </item>
    <item name='com.sun.org.apache.xerces.internal.impl.dv.SchemaDVFactory com.sun.org.apache.xerces.internal.impl.dv.XSSimpleType getBuiltInType(java.lang.String)'>
        <annotation name='com.intellij.inspections.tainted.annotation.equation.Equations'>
            <val val="{ &quot;getBuiltInType := com.sun.org.apache.xerces.internal.impl.dv.xs.BaseDVFactory#getBuiltInType(java.lang.String) &amp; com.sun.org.apache.xerces.internal.impl.dv.xs.SchemaDVFactoryImpl#getBuiltInType(java.lang.String) &amp; com.sun.org.apache.xerces.internal.impl.dv.xs.ExtendedSchemaDVFactoryImpl#getBuiltInType(java.lang.String)&quot;, &quot;name := com.sun.org.apache.xerces.internal.impl.dv.xs.BaseDVFactory#getBuiltInType(java.lang.String)#0 &amp; com.sun.org.apache.xerces.internal.impl.dv.xs.SchemaDVFactoryImpl#getBuiltInType(java.lang.String)#0 &amp; com.sun.org.apache.xerces.internal.impl.dv.xs.ExtendedSchemaDVFactoryImpl#getBuiltInType(java.lang.String)#0&quot; }"/>
        </annotation>
    </item>
    <item name='com.sun.org.apache.xerces.internal.impl.dv.SchemaDVFactory com.sun.org.apache.xerces.internal.util.SymbolHash getBuiltInTypes()'>
        <annotation name='com.intellij.inspections.tainted.annotation.equation.Equations'>
            <val val="{ &quot;getBuiltInTypes := com.sun.org.apache.xerces.internal.impl.dv.xs.BaseDVFactory#getBuiltInTypes() &amp; com.sun.org.apache.xerces.internal.impl.dv.xs.SchemaDVFactoryImpl#getBuiltInTypes() &amp; com.sun.org.apache.xerces.internal.impl.dv.xs.ExtendedSchemaDVFactoryImpl#getBuiltInTypes()&quot; }"/>
        </annotation>
    </item>
    <item name='com.sun.org.apache.xerces.internal.impl.dv.ValidationContext boolean isEntityDeclared(java.lang.String)'>
        <annotation name='com.intellij.inspections.tainted.annotation.equation.Equations'>
            <val val="{ &quot;name := com.sun.org.apache.xerces.internal.impl.dv.xs.XSSimpleTypeDecl.ValidationContextImpl#isEntityDeclared(java.lang.String)#0 &amp; com.sun.org.apache.xerces.internal.impl.validation.ValidationState#isEntityDeclared(java.lang.String)#0&quot; }"/>
        </annotation>
    </item>
    <item name='com.sun.org.apache.xerces.internal.impl.dv.ValidationContext boolean isEntityUnparsed(java.lang.String)'>
        <annotation name='com.intellij.inspections.tainted.annotation.equation.Equations'>
            <val val="{ &quot;name := com.sun.org.apache.xerces.internal.impl.dv.xs.XSSimpleTypeDecl.ValidationContextImpl#isEntityUnparsed(java.lang.String)#0 &amp; com.sun.org.apache.xerces.internal.impl.validation.ValidationState#isEntityUnparsed(java.lang.String)#0&quot; }"/>
        </annotation>
    </item>
    <item name='com.sun.org.apache.xerces.internal.impl.dv.ValidationContext boolean isIdDeclared(java.lang.String)'>
        <annotation name='com.intellij.inspections.tainted.annotation.equation.Equations'>
            <val val="{ &quot;name := com.sun.org.apache.xerces.internal.impl.dv.xs.XSSimpleTypeDecl.ValidationContextImpl#isIdDeclared(java.lang.String)#0 &amp; com.sun.org.apache.xerces.internal.impl.dv.xs.IDDV#checkExtraRules(java.lang.Object, com.sun.org.apache.xerces.internal.impl.dv.ValidationContext)#0 &amp; com.sun.org.apache.xerces.internal.impl.dv.dtd.IDDatatypeValidator#validate(java.lang.String, com.sun.org.apache.xerces.internal.impl.dv.ValidationContext)#0 &amp; com.sun.org.apache.xerces.internal.impl.dv.dtd.XML11IDDatatypeValidator#validate(java.lang.String, com.sun.org.apache.xerces.internal.impl.dv.ValidationContext)#0 &amp; com.sun.org.apache.xerces.internal.impl.validation.ValidationState#isIdDeclared(java.lang.String)#0 &amp; com.sun.org.apache.xerces.internal.impl.dv.xs.IDDV#checkExtraRules(java.lang.Object, com.sun.org.apache.xerces.internal.impl.dv.ValidationContext)#0&quot; }"/>
        </annotation>
    </item>
    <item name='com.sun.org.apache.xerces.internal.impl.dv.ValidationContext java.lang.String getSymbol(java.lang.String)'>
        <annotation name='com.intellij.inspections.tainted.annotation.equation.Equations'>
            <val val="{ &quot;symbol := com.sun.org.apache.xerces.internal.impl.dv.xs.XSSimpleTypeDecl.ValidationContextImpl#getSymbol(java.lang.String)#0 &amp; com.sun.org.apache.xerces.internal.impl.validation.ValidationState#getSymbol(java.lang.String)#0 &amp; com.sun.org.apache.xerces.internal.impl.validation.ValidationState#getSymbol(java.lang.String)#0&quot;, &quot;getSymbol := com.sun.org.apache.xerces.internal.impl.dv.xs.XSSimpleTypeDecl.ValidationContextImpl#getSymbol(java.lang.String) &amp; com.sun.org.apache.xerces.internal.impl.validation.ValidationState#getSymbol(java.lang.String) &amp; com.sun.org.apache.xerces.internal.impl.validation.ValidationState#getSymbol(java.lang.String)&quot; }"/>
        </annotation>
    </item>
    <item name='com.sun.org.apache.xerces.internal.impl.dv.ValidationContext java.lang.String getURI(java.lang.String)'>
        <annotation name='com.intellij.inspections.tainted.annotation.equation.Equations'>
            <val val="{ &quot;getURI := com.sun.org.apache.xerces.internal.impl.dv.xs.XSSimpleTypeDecl.ValidationContextImpl#getURI(java.lang.String) &amp; com.sun.org.apache.xerces.internal.impl.validation.ValidationState#getURI(java.lang.String) &amp; com.sun.org.apache.xerces.internal.impl.validation.ValidationState#getURI(java.lang.String)&quot;, &quot;prefix := com.sun.org.apache.xerces.internal.impl.dv.xs.XSSimpleTypeDecl.ValidationContextImpl#getURI(java.lang.String)#0 &amp; com.sun.org.apache.xerces.internal.impl.validation.ValidationState#getURI(java.lang.String)#0 &amp; com.sun.org.apache.xerces.internal.impl.validation.ValidationState#getURI(java.lang.String)#0&quot; }"/>
        </annotation>
    </item>
    <item name='com.sun.org.apache.xerces.internal.impl.dv.ValidationContext java.util.Locale getLocale()'>
        <annotation name='com.intellij.inspections.tainted.annotation.equation.Equations'>
            <val val="{ &quot;getLocale := com.sun.org.apache.xerces.internal.impl.dv.xs.XSSimpleTypeDecl.ValidationContextImpl#getLocale() &amp; com.sun.org.apache.xerces.internal.impl.validation.ValidationState#getLocale() &amp; com.sun.org.apache.xerces.internal.impl.validation.ValidationState#getLocale()&quot; }"/>
        </annotation>
    </item>
    <item name='com.sun.org.apache.xerces.internal.impl.dv.ValidationContext void addId(java.lang.String)'>
        <annotation name='com.intellij.inspections.tainted.annotation.equation.Equations'>
            <val val="{ &quot;name := com.sun.org.apache.xerces.internal.impl.dv.xs.XSSimpleTypeDecl.ValidationContextImpl#addId(java.lang.String)#0 &amp; com.sun.org.apache.xerces.internal.impl.validation.ValidationState#addId(java.lang.String)#0 &amp; com.sun.org.apache.xerces.internal.impl.validation.ValidationState#addId(java.lang.String)#0&quot; }"/>
        </annotation>
    </item>
    <item name='com.sun.org.apache.xerces.internal.impl.dv.ValidationContext void addIdRef(java.lang.String)'>
        <annotation name='com.intellij.inspections.tainted.annotation.equation.Equations'>
            <val val="{ &quot;name := com.sun.org.apache.xerces.internal.impl.dv.xs.XSSimpleTypeDecl.ValidationContextImpl#addIdRef(java.lang.String)#0 &amp; com.sun.org.apache.xerces.internal.impl.dv.xs.IDREFDV#checkExtraRules(java.lang.Object, com.sun.org.apache.xerces.internal.impl.dv.ValidationContext)#0 &amp; com.sun.org.apache.xerces.internal.impl.dv.dtd.IDREFDatatypeValidator#validate(java.lang.String, com.sun.org.apache.xerces.internal.impl.dv.ValidationContext)#0 &amp; com.sun.org.apache.xerces.internal.impl.dv.dtd.XML11IDREFDatatypeValidator#validate(java.lang.String, com.sun.org.apache.xerces.internal.impl.dv.ValidationContext)#0 &amp; com.sun.org.apache.xerces.internal.impl.validation.ValidationState#addIdRef(java.lang.String)#0 &amp; com.sun.org.apache.xerces.internal.impl.dv.xs.IDREFDV#checkExtraRules(java.lang.Object, com.sun.org.apache.xerces.internal.impl.dv.ValidationContext)#0&quot; }"/>
        </annotation>
    </item>
    <item name='com.sun.org.apache.xerces.internal.impl.dv.XSSimpleType boolean isEqual(java.lang.Object, java.lang.Object)'>
        <annotation name='com.intellij.inspections.tainted.annotation.equation.Equations'>
            <val val="{ &quot;value1 := com.sun.org.apache.xerces.internal.impl.dv.xs.XSSimpleTypeDelegate#isEqual(java.lang.Object, java.lang.Object)#0 &amp; com.sun.org.apache.xerces.internal.impl.dv.xs.XSSimpleTypeDecl#isEqual(java.lang.Object, java.lang.Object)#0&quot;, &quot;value2 := com.sun.org.apache.xerces.internal.impl.dv.xs.XSSimpleTypeDelegate#isEqual(java.lang.Object, java.lang.Object)#1 &amp; com.sun.org.apache.xerces.internal.impl.dv.xs.XSSimpleTypeDecl#isEqual(java.lang.Object, java.lang.Object)#1&quot; }"/>
        </annotation>
    </item>
    <item name='com.sun.org.apache.xerces.internal.impl.dv.XSSimpleType java.lang.Object validate(java.lang.Object, com.sun.org.apache.xerces.internal.impl.dv.ValidationContext, com.sun.org.apache.xerces.internal.impl.dv.ValidatedInfo)'>
        <annotation name='com.intellij.inspections.tainted.annotation.equation.Equations'>
            <val val="{ &quot;content := com.sun.org.apache.xerces.internal.impl.dv.xs.XSSimpleTypeDelegate#validate(java.lang.Object, com.sun.org.apache.xerces.internal.impl.dv.ValidationContext, com.sun.org.apache.xerces.internal.impl.dv.ValidatedInfo)#0 &amp; com.sun.org.apache.xerces.internal.impl.dv.xs.XSSimpleTypeDecl#validate(java.lang.Object, com.sun.org.apache.xerces.internal.impl.dv.ValidationContext, com.sun.org.apache.xerces.internal.impl.dv.ValidatedInfo)#0 &amp; com.sun.org.apache.xerces.internal.impl.xs.XMLSchemaValidator#elementLocallyValidType(com.sun.org.apache.xerces.internal.xni.QName, java.lang.Object)#1 &amp; com.sun.org.apache.xerces.internal.impl.xs.XMLSchemaValidator#elementLocallyValidComplexType(com.sun.org.apache.xerces.internal.xni.QName, java.lang.Object)#1&quot;, &quot;context := com.sun.org.apache.xerces.internal.impl.dv.xs.XSSimpleTypeDelegate#validate(java.lang.Object, com.sun.org.apache.xerces.internal.impl.dv.ValidationContext, com.sun.org.apache.xerces.internal.impl.dv.ValidatedInfo)#1 &amp; com.sun.org.apache.xerces.internal.impl.dv.xs.XSSimpleTypeDecl#validate(java.lang.Object, com.sun.org.apache.xerces.internal.impl.dv.ValidationContext, com.sun.org.apache.xerces.internal.impl.dv.ValidatedInfo)#1 &amp; com.sun.org.apache.xerces.internal.impl.xs.XMLSchemaValidator&quot;, &quot;validatedInfo := com.sun.org.apache.xerces.internal.impl.dv.xs.XSSimpleTypeDelegate#validate(java.lang.Object, com.sun.org.apache.xerces.internal.impl.dv.ValidationContext, com.sun.org.apache.xerces.internal.impl.dv.ValidatedInfo)#2 &amp; com.sun.org.apache.xerces.internal.impl.dv.xs.XSSimpleTypeDecl#validate(java.lang.Object, com.sun.org.apache.xerces.internal.impl.dv.ValidationContext, com.sun.org.apache.xerces.internal.impl.dv.ValidatedInfo)#2 &amp; com.sun.org.apache.xerces.internal.impl.xs.XMLSchemaValidator&quot;, &quot;validate := com.sun.org.apache.xerces.internal.impl.dv.xs.XSSimpleTypeDelegate#validate(java.lang.Object, com.sun.org.apache.xerces.internal.impl.dv.ValidationContext, com.sun.org.apache.xerces.internal.impl.dv.ValidatedInfo) &amp; com.sun.org.apache.xerces.internal.impl.dv.xs.XSSimpleTypeDecl#validate(java.lang.Object, com.sun.org.apache.xerces.internal.impl.dv.ValidationContext, com.sun.org.apache.xerces.internal.impl.dv.ValidatedInfo)&quot; }"/>
        </annotation>
    </item>
    <item name='com.sun.org.apache.xerces.internal.impl.dv.XSSimpleType java.lang.Object validate(java.lang.String, com.sun.org.apache.xerces.internal.impl.dv.ValidationContext, com.sun.org.apache.xerces.internal.impl.dv.ValidatedInfo)'>
        <annotation name='com.intellij.inspections.tainted.annotation.equation.Equations'>
            <val val="{ &quot;validatedInfo := com.sun.org.apache.xerces.internal.impl.dv.xs.XSSimpleTypeDelegate#validate(java.lang.String, com.sun.org.apache.xerces.internal.impl.dv.ValidationContext, com.sun.org.apache.xerces.internal.impl.dv.ValidatedInfo)#2 &amp; com.sun.org.apache.xerces.internal.impl.dv.xs.XSSimpleTypeDecl#validate(java.lang.String, com.sun.org.apache.xerces.internal.impl.dv.ValidationContext, com.sun.org.apache.xerces.internal.impl.dv.ValidatedInfo)#2 &amp; com.sun.org.apache.xerces.internal.impl.xs.XSConstraints#ElementDefaultValidImmediate(com.sun.org.apache.xerces.internal.xs.XSTypeDefinition, java.lang.String, com.sun.org.apache.xerces.internal.impl.dv.ValidationContext, com.sun.org.apache.xerces.internal.impl.dv.ValidatedInfo)#3 &amp; com.sun.org.apache.xerces.internal.impl.xs.XMLSchemaValidator&quot;, &quot;context := com.sun.org.apache.xerces.internal.impl.dv.xs.XSSimpleTypeDelegate#validate(java.lang.String, com.sun.org.apache.xerces.internal.impl.dv.ValidationContext, com.sun.org.apache.xerces.internal.impl.dv.ValidatedInfo)#1 &amp; com.sun.org.apache.xerces.internal.impl.dv.xs.XSSimpleTypeDecl#validate(java.lang.String, com.sun.org.apache.xerces.internal.impl.dv.ValidationContext, com.sun.org.apache.xerces.internal.impl.dv.ValidatedInfo)#1 &amp; com.sun.org.apache.xerces.internal.impl.xs.traversers.XSDAttributeTraverser &amp; com.sun.org.apache.xerces.internal.impl.xs.XSConstraints#ElementDefaultValidImmediate(com.sun.org.apache.xerces.internal.xs.XSTypeDefinition, java.lang.String, com.sun.org.apache.xerces.internal.impl.dv.ValidationContext, com.sun.org.apache.xerces.internal.impl.dv.ValidatedInfo)#2 &amp; com.sun.org.apache.xerces.internal.impl.xs.XMLSchemaValidator&quot;, &quot;validate := com.sun.org.apache.xerces.internal.impl.dv.xs.XSSimpleTypeDelegate#validate(java.lang.String, com.sun.org.apache.xerces.internal.impl.dv.ValidationContext, com.sun.org.apache.xerces.internal.impl.dv.ValidatedInfo) &amp; com.sun.org.apache.xerces.internal.impl.dv.xs.XSSimpleTypeDecl#validate(java.lang.String, com.sun.org.apache.xerces.internal.impl.dv.ValidationContext, com.sun.org.apache.xerces.internal.impl.dv.ValidatedInfo)&quot;, &quot;content := com.sun.org.apache.xerces.internal.impl.dv.xs.XSSimpleTypeDelegate#validate(java.lang.String, com.sun.org.apache.xerces.internal.impl.dv.ValidationContext, com.sun.org.apache.xerces.internal.impl.dv.ValidatedInfo)#0 &amp; com.sun.org.apache.xerces.internal.impl.dv.xs.XSSimpleTypeDecl#validate(java.lang.String, com.sun.org.apache.xerces.internal.impl.dv.ValidationContext, com.sun.org.apache.xerces.internal.impl.dv.ValidatedInfo)#0 &amp; com.sun.org.apache.xerces.internal.impl.xs.XSConstraints#ElementDefaultValidImmediate(com.sun.org.apache.xerces.internal.xs.XSTypeDefinition, java.lang.String, com.sun.org.apache.xerces.internal.impl.dv.ValidationContext, com.sun.org.apache.xerces.internal.impl.dv.ValidatedInfo)#1 &amp; com.sun.org.apache.xerces.internal.impl.xs.XMLSchemaLoader#processExternalHints(java.lang.String, java.lang.String, java.util.Map, com.sun.org.apache.xerces.internal.impl.XMLErrorReporter)#0 &amp; com.sun.org.apache.xerces.internal.impl.xs.XMLSchemaLoader#processExternalHints(java.lang.String, java.lang.String, java.util.Map, com.sun.org.apache.xerces.internal.impl.XMLErrorReporter)#1 &amp; com.sun.org.apache.xerces.internal.impl.xs.XMLSchemaValidator#getAndCheckXsiType(com.sun.org.apache.xerces.internal.xni.QName, java.lang.String, com.sun.org.apache.xerces.internal.xni.XMLAttributes)#1&quot; }"/>
        </annotation>
    </item>
    <item name='com.sun.org.apache.xerces.internal.impl.dv.XSSimpleType short getPrimitiveKind()'>
        <annotation name='com.intellij.inspections.tainted.annotation.equation.Equations'>
            <val val="{ &quot;getPrimitiveKind := com.sun.org.apache.xerces.internal.impl.dv.xs.XSSimpleTypeDelegate#getPrimitiveKind() &amp; com.sun.org.apache.xerces.internal.impl.dv.xs.XSSimpleTypeDecl#getPrimitiveKind()&quot; }"/>
        </annotation>
    </item>
    <item name='com.sun.org.apache.xerces.internal.impl.dv.XSSimpleType short getWhitespace()'>
        <annotation name='com.intellij.inspections.tainted.annotation.equation.Equations'>
            <val val="{ &quot;getWhitespace := com.sun.org.apache.xerces.internal.impl.dv.xs.XSSimpleTypeDecl#getWhitespace() &amp; com.sun.org.apache.xerces.internal.impl.dv.xs.XSSimpleTypeDelegate#getWhitespace()&quot; }"/>
        </annotation>
    </item>
    <item name='com.sun.org.apache.xerces.internal.impl.dv.XSSimpleType void applyFacets(com.sun.org.apache.xerces.internal.impl.dv.XSFacets, short, short, com.sun.org.apache.xerces.internal.impl.dv.ValidationContext)'>
        <annotation name='com.intellij.inspections.tainted.annotation.equation.Equations'>
            <val val="{ &quot;context := com.sun.org.apache.xerces.internal.impl.dv.xs.XSSimpleTypeDecl#applyFacets(com.sun.org.apache.xerces.internal.impl.dv.XSFacets, short, short, com.sun.org.apache.xerces.internal.impl.dv.ValidationContext)#3 &amp; com.sun.org.apache.xerces.internal.impl.dv.xs.XSSimpleTypeDelegate#applyFacets(com.sun.org.apache.xerces.internal.impl.dv.XSFacets, short, short, com.sun.org.apache.xerces.internal.impl.dv.ValidationContext)#3&quot;, &quot;presentFacet := com.sun.org.apache.xerces.internal.impl.dv.xs.XSSimpleTypeDecl#applyFacets(com.sun.org.apache.xerces.internal.impl.dv.XSFacets, short, short, com.sun.org.apache.xerces.internal.impl.dv.ValidationContext)#1 &amp; com.sun.org.apache.xerces.internal.impl.dv.xs.XSSimpleTypeDelegate#applyFacets(com.sun.org.apache.xerces.internal.impl.dv.XSFacets, short, short, com.sun.org.apache.xerces.internal.impl.dv.ValidationContext)#1&quot;, &quot;fixedFacet := com.sun.org.apache.xerces.internal.impl.dv.xs.XSSimpleTypeDecl#applyFacets(com.sun.org.apache.xerces.internal.impl.dv.XSFacets, short, short, com.sun.org.apache.xerces.internal.impl.dv.ValidationContext)#2 &amp; com.sun.org.apache.xerces.internal.impl.dv.xs.XSSimpleTypeDelegate#applyFacets(com.sun.org.apache.xerces.internal.impl.dv.XSFacets, short, short, com.sun.org.apache.xerces.internal.impl.dv.ValidationContext)#2&quot;, &quot;facets := com.sun.org.apache.xerces.internal.impl.dv.xs.XSSimpleTypeDecl#applyFacets(com.sun.org.apache.xerces.internal.impl.dv.XSFacets, short, short, com.sun.org.apache.xerces.internal.impl.dv.ValidationContext)#0 &amp; com.sun.org.apache.xerces.internal.impl.dv.xs.XSSimpleTypeDelegate#applyFacets(com.sun.org.apache.xerces.internal.impl.dv.XSFacets, short, short, com.sun.org.apache.xerces.internal.impl.dv.ValidationContext)#0&quot; }"/>
        </annotation>
    </item>
    <item name='com.sun.org.apache.xerces.internal.impl.dv.XSSimpleType void validate(com.sun.org.apache.xerces.internal.impl.dv.ValidationContext, com.sun.org.apache.xerces.internal.impl.dv.ValidatedInfo)'>
        <annotation name='com.intellij.inspections.tainted.annotation.equation.Equations'>
            <val val="{ &quot;validatedInfo := com.sun.org.apache.xerces.internal.impl.dv.xs.XSSimpleTypeDelegate#validate(com.sun.org.apache.xerces.internal.impl.dv.ValidationContext, com.sun.org.apache.xerces.internal.impl.dv.ValidatedInfo)#1 &amp; com.sun.org.apache.xerces.internal.impl.dv.xs.XSSimpleTypeDecl#validate(com.sun.org.apache.xerces.internal.impl.dv.ValidationContext, com.sun.org.apache.xerces.internal.impl.dv.ValidatedInfo)#1&quot;, &quot;context := com.sun.org.apache.xerces.internal.impl.dv.xs.XSSimpleTypeDelegate#validate(com.sun.org.apache.xerces.internal.impl.dv.ValidationContext, com.sun.org.apache.xerces.internal.impl.dv.ValidatedInfo)#0 &amp; com.sun.org.apache.xerces.internal.impl.dv.xs.XSSimpleTypeDecl#validate(com.sun.org.apache.xerces.internal.impl.dv.ValidationContext, com.sun.org.apache.xerces.internal.impl.dv.ValidatedInfo)#0&quot; }"/>
        </annotation>
    </item>
</root>