<root>
    <item name='javax.servlet.AsyncEvent'>
        <annotation name='com.intellij.inspections.tainted.annotation.equation.Equations'>
            <val val="{ &quot;AsyncEvent := #AsyncEvent(javax.servlet.AsyncContext, javax.servlet.ServletRequest, javax.servlet.ServletResponse, java.lang.Throwable)#3 &amp; #AsyncEvent(javax.servlet.AsyncContext, javax.servlet.ServletRequest, javax.servlet.ServletResponse, java.lang.Throwable)#1 &amp; #AsyncEvent(javax.servlet.AsyncContext, javax.servlet.ServletRequest, javax.servlet.ServletResponse, java.lang.Throwable)#2 &amp; #AsyncEvent(javax.servlet.AsyncContext, javax.servlet.ServletRequest, javax.servlet.ServletResponse, java.lang.Throwable)#0&quot; }"/>
        </annotation>
    </item>
    <item name='javax.servlet.AsyncEvent AsyncEvent(javax.servlet.AsyncContext)'>
        <annotation name='com.intellij.inspections.tainted.annotation.equation.Equations'>
            <val val="{ &quot;#AsyncEvent(javax.servlet.AsyncContext, javax.servlet.ServletRequest, javax.servlet.ServletResponse, java.lang.Throwable)#0 := context&quot;, &quot;AsyncEvent := AsyncEvent&quot; }"/>
        </annotation>
    </item>
    <item name='javax.servlet.AsyncEvent AsyncEvent(javax.servlet.AsyncContext, java.lang.Throwable)'>
        <annotation name='com.intellij.inspections.tainted.annotation.equation.Equations'>
            <val val="{ &quot;#AsyncEvent(javax.servlet.AsyncContext, javax.servlet.ServletRequest, javax.servlet.ServletResponse, java.lang.Throwable)#0 := context&quot;, &quot;#AsyncEvent(javax.servlet.AsyncContext, javax.servlet.ServletRequest, javax.servlet.ServletResponse, java.lang.Throwable)#3 := throwable&quot;, &quot;AsyncEvent := AsyncEvent&quot; }"/>
        </annotation>
    </item>
    <item name='javax.servlet.AsyncEvent AsyncEvent(javax.servlet.AsyncContext, javax.servlet.ServletRequest, javax.servlet.ServletResponse)'>
        <annotation name='com.intellij.inspections.tainted.annotation.equation.Equations'>
            <val val="{ &quot;#AsyncEvent(javax.servlet.AsyncContext, javax.servlet.ServletRequest, javax.servlet.ServletResponse, java.lang.Throwable)#0 := context&quot;, &quot;#AsyncEvent(javax.servlet.AsyncContext, javax.servlet.ServletRequest, javax.servlet.ServletResponse, java.lang.Throwable)#2 := response&quot;, &quot;#AsyncEvent(javax.servlet.AsyncContext, javax.servlet.ServletRequest, javax.servlet.ServletResponse, java.lang.Throwable)#1 := request&quot;, &quot;AsyncEvent := AsyncEvent&quot; }"/>
        </annotation>
    </item>
    <item name='javax.servlet.AsyncEvent AsyncEvent(javax.servlet.AsyncContext, javax.servlet.ServletRequest, javax.servlet.ServletResponse, java.lang.Throwable)'>
        <annotation name='com.intellij.inspections.tainted.annotation.equation.Equations'>
            <val val="{ &quot;AsyncEvent := AsyncEvent&quot; }"/>
        </annotation>
    </item>
    <item name='javax.servlet.AsyncEvent java.lang.Throwable getThrowable()'>
        <annotation name='com.intellij.inspections.tainted.annotation.equation.Equations'>
            <val val="{ &quot;getThrowable := AsyncEvent&quot; }"/>
        </annotation>
    </item>
    <item name='javax.servlet.AsyncEvent javax.servlet.AsyncContext getAsyncContext()'>
        <annotation name='com.intellij.inspections.tainted.annotation.equation.Equations'>
            <val val="{ &quot;getAsyncContext := AsyncEvent&quot; }"/>
        </annotation>
    </item>
    <item name='javax.servlet.AsyncEvent javax.servlet.ServletRequest getSuppliedRequest()'>
        <annotation name='com.intellij.inspections.tainted.annotation.equation.Equations'>
            <val val="{ &quot;getSuppliedRequest := AsyncEvent&quot; }"/>
        </annotation>
    </item>
    <item name='javax.servlet.AsyncEvent javax.servlet.ServletResponse getSuppliedResponse()'>
        <annotation name='com.intellij.inspections.tainted.annotation.equation.Equations'>
            <val val="{ &quot;getSuppliedResponse := AsyncEvent&quot; }"/>
        </annotation>
    </item>
    <item name='javax.servlet.Filter void doFilter(javax.servlet.ServletRequest, javax.servlet.ServletResponse, javax.servlet.FilterChain)'>
        <annotation name='com.intellij.inspections.tainted.annotation.equation.Equations'>
            <val val="{ &quot;javax.servlet.http.HttpFilter#doFilter(javax.servlet.ServletRequest, javax.servlet.ServletResponse, javax.servlet.FilterChain)#2 := chain&quot;, &quot;javax.servlet.http.HttpFilter#doFilter(javax.servlet.ServletRequest, javax.servlet.ServletResponse, javax.servlet.FilterChain)#0 := request&quot;, &quot;javax.servlet.http.HttpFilter#doFilter(javax.servlet.ServletRequest, javax.servlet.ServletResponse, javax.servlet.FilterChain)#1 := response&quot; }"/>
        </annotation>
    </item>
    <item name='javax.servlet.Filter void init(javax.servlet.FilterConfig)'>
        <annotation name='com.intellij.inspections.tainted.annotation.equation.Equations'>
            <val val="{ &quot;GenericFilter#init(javax.servlet.FilterConfig)#0 := filterConfig&quot; }"/>
        </annotation>
    </item>
    <item name='javax.servlet.FilterConfig java.lang.String getFilterName()'>
        <annotation name='com.intellij.inspections.tainted.annotation.equation.Equations'>
            <val val="{ &quot;getFilterName := GenericFilter#getFilterName()&quot; }"/>
        </annotation>
    </item>
    <item name='javax.servlet.FilterConfig java.lang.String getInitParameter(java.lang.String)'>
        <annotation name='com.intellij.inspections.tainted.annotation.equation.Equations'>
            <val val="{ &quot;GenericFilter#getInitParameter(java.lang.String)#0 := name&quot;, &quot;getInitParameter := GenericFilter#getInitParameter(java.lang.String)&quot; }"/>
        </annotation>
    </item>
    <item name='javax.servlet.FilterConfig java.util.Enumeration&lt;java.lang.String&gt; getInitParameterNames()'>
        <annotation name='com.intellij.inspections.tainted.annotation.equation.Equations'>
            <val val="{ &quot;getInitParameterNames := GenericFilter#getInitParameterNames()&quot; }"/>
        </annotation>
    </item>
    <item name='javax.servlet.FilterConfig javax.servlet.ServletContext getServletContext()'>
        <annotation name='com.intellij.inspections.tainted.annotation.equation.Equations'>
            <val val="{ &quot;getServletContext := GenericFilter#getServletContext()&quot; }"/>
        </annotation>
    </item>
    <item name='javax.servlet.GenericFilter'>
        <annotation name='com.intellij.inspections.tainted.annotation.equation.Equations'>
            <val val="{ &quot;GenericFilter := #init(javax.servlet.FilterConfig)#0&quot; }"/>
        </annotation>
    </item>
    <item name='javax.servlet.GenericFilter GenericFilter()'>
        <annotation name='com.intellij.inspections.tainted.annotation.equation.Equations'>
            <val val="{ &quot;GenericFilter := GenericFilter&quot; }"/>
        </annotation>
    </item>
    <item name='javax.servlet.GenericFilter java.lang.String getInitParameter(java.lang.String)'>
        <annotation name='com.intellij.inspections.tainted.annotation.equation.Equations'>
            <val val="{ &quot;FilterConfig#getInitParameter(java.lang.String)#0 := name&quot; }"/>
        </annotation>
    </item>
    <item name='javax.servlet.GenericFilter javax.servlet.FilterConfig getFilterConfig()'>
        <annotation name='com.intellij.inspections.tainted.annotation.equation.Equations'>
            <val val="{ &quot;getFilterConfig := GenericFilter&quot; }"/>
        </annotation>
    </item>
    <item name='javax.servlet.GenericServlet'>
        <annotation name='com.intellij.inspections.tainted.annotation.equation.Equations'>
            <val val="{ &quot;GenericServlet := #init(javax.servlet.ServletConfig)#0&quot; }"/>
        </annotation>
    </item>
    <item name='javax.servlet.GenericServlet GenericServlet()'>
        <annotation name='com.intellij.inspections.tainted.annotation.equation.Equations'>
            <val val="{ &quot;GenericServlet := GenericServlet&quot; }"/>
        </annotation>
    </item>
    <item name='javax.servlet.GenericServlet java.lang.String getInitParameter(java.lang.String)'>
        <annotation name='com.intellij.inspections.tainted.annotation.equation.Equations'>
            <val val="{ &quot;ServletConfig#getInitParameter(java.lang.String)#0 := name&quot; }"/>
        </annotation>
    </item>
    <item name='javax.servlet.GenericServlet javax.servlet.ServletConfig getServletConfig()'>
        <annotation name='com.intellij.inspections.tainted.annotation.equation.Equations'>
            <val val="{ &quot;getServletConfig := GenericServlet&quot; }"/>
        </annotation>
    </item>
    <item name='javax.servlet.GenericServlet void log(java.lang.String)'>
        <annotation name='com.intellij.inspections.tainted.annotation.equation.Equations'>
            <val val="{ &quot;ServletContext#log(java.lang.String)#0 := msg&quot; }"/>
        </annotation>
    </item>
    <item name='javax.servlet.GenericServlet void log(java.lang.String, java.lang.Throwable)'>
        <annotation name='com.intellij.inspections.tainted.annotation.equation.Equations'>
            <val val="{ &quot;ServletContext#log(java.lang.String, java.lang.Throwable)#1 := t&quot;, &quot;ServletContext#log(java.lang.String, java.lang.Throwable)#0 := message&quot; }"/>
        </annotation>
    </item>
    <item name='javax.servlet.GenericServlet void service(javax.servlet.ServletRequest, javax.servlet.ServletResponse)'>
        <annotation name='com.intellij.inspections.tainted.annotation.equation.Equations'>
            <val val="{ &quot;javax.servlet.http.HttpServlet#service(javax.servlet.ServletRequest, javax.servlet.ServletResponse)#1 := res&quot;, &quot;javax.servlet.http.HttpServlet#service(javax.servlet.ServletRequest, javax.servlet.ServletResponse)#0 := req&quot; }"/>
        </annotation>
    </item>
    <item name='javax.servlet.HttpConstraintElement'>
        <annotation name='com.intellij.inspections.tainted.annotation.equation.Equations'>
            <val val="{ &quot;HttpConstraintElement := #HttpConstraintElement(javax.servlet.annotation.ServletSecurity.EmptyRoleSemantic, javax.servlet.annotation.ServletSecurity.TransportGuarantee, java.lang.String...)#0 &amp; #HttpConstraintElement(javax.servlet.annotation.ServletSecurity.EmptyRoleSemantic, javax.servlet.annotation.ServletSecurity.TransportGuarantee, java.lang.String...)#1&quot;, &quot;#copyStrings(java.lang.String[])#0 := HttpConstraintElement&quot; }"/>
        </annotation>
    </item>
    <item name='javax.servlet.HttpConstraintElement HttpConstraintElement()'>
        <annotation name='com.intellij.inspections.tainted.annotation.equation.Equations'>
            <val val="{ &quot;HttpConstraintElement := HttpConstraintElement&quot; }"/>
        </annotation>
    </item>
    <item name='javax.servlet.HttpConstraintElement HttpConstraintElement(javax.servlet.annotation.ServletSecurity.EmptyRoleSemantic)'>
        <annotation name='com.intellij.inspections.tainted.annotation.equation.Equations'>
            <val val="{ &quot;#HttpConstraintElement(javax.servlet.annotation.ServletSecurity.EmptyRoleSemantic, javax.servlet.annotation.ServletSecurity.TransportGuarantee, java.lang.String...)#0 := semantic&quot;, &quot;HttpConstraintElement := HttpConstraintElement&quot; }"/>
        </annotation>
    </item>
    <item name='javax.servlet.HttpConstraintElement HttpConstraintElement(javax.servlet.annotation.ServletSecurity.EmptyRoleSemantic, javax.servlet.annotation.ServletSecurity.TransportGuarantee, java.lang.String...)'>
        <annotation name='com.intellij.inspections.tainted.annotation.equation.Equations'>
            <val val="{ &quot;#copyStrings(java.lang.String[])#0 := roleNames&quot;, &quot;HttpConstraintElement := HttpConstraintElement&quot; }"/>
        </annotation>
    </item>
    <item name='javax.servlet.HttpConstraintElement HttpConstraintElement(javax.servlet.annotation.ServletSecurity.TransportGuarantee, java.lang.String...)'>
        <annotation name='com.intellij.inspections.tainted.annotation.equation.Equations'>
            <val val="{ &quot;#HttpConstraintElement(javax.servlet.annotation.ServletSecurity.EmptyRoleSemantic, javax.servlet.annotation.ServletSecurity.TransportGuarantee, java.lang.String...)#1 := guarantee&quot;, &quot;#HttpConstraintElement(javax.servlet.annotation.ServletSecurity.EmptyRoleSemantic, javax.servlet.annotation.ServletSecurity.TransportGuarantee, java.lang.String...)#2 := roleNames&quot;, &quot;HttpConstraintElement := HttpConstraintElement&quot; }"/>
        </annotation>
    </item>
    <item name='javax.servlet.HttpConstraintElement java.lang.String[] copyStrings(java.lang.String[])'>
        <annotation name='com.intellij.inspections.tainted.annotation.equation.Equations'>
            <val val="{ &quot;java.lang.System#arraycopy(java.lang.Object, int, java.lang.Object, int, int)#0 := strings&quot; }"/>
        </annotation>
    </item>
    <item name='javax.servlet.HttpConstraintElement javax.servlet.annotation.ServletSecurity.EmptyRoleSemantic getEmptyRoleSemantic()'>
        <annotation name='com.intellij.inspections.tainted.annotation.equation.Equations'>
            <val val="{ &quot;getEmptyRoleSemantic := HttpConstraintElement&quot; }"/>
        </annotation>
    </item>
    <item name='javax.servlet.HttpConstraintElement javax.servlet.annotation.ServletSecurity.TransportGuarantee getTransportGuarantee()'>
        <annotation name='com.intellij.inspections.tainted.annotation.equation.Equations'>
            <val val="{ &quot;getTransportGuarantee := HttpConstraintElement&quot; }"/>
        </annotation>
    </item>
    <item name='javax.servlet.HttpMethodConstraintElement'>
        <annotation name='com.intellij.inspections.tainted.annotation.equation.Equations'>
            <val val="{ &quot;HttpMethodConstraintElement := #HttpMethodConstraintElement(java.lang.String)#0 &amp; #HttpMethodConstraintElement(java.lang.String, javax.servlet.HttpConstraintElement)#0&quot; }"/>
        </annotation>
    </item>
    <item name='javax.servlet.HttpMethodConstraintElement HttpMethodConstraintElement(java.lang.String)'>
        <annotation name='com.intellij.inspections.tainted.annotation.equation.Equations'>
            <val val="{ &quot;HttpMethodConstraintElement := HttpMethodConstraintElement&quot; }"/>
        </annotation>
    </item>
    <item name='javax.servlet.HttpMethodConstraintElement HttpMethodConstraintElement(java.lang.String, javax.servlet.HttpConstraintElement)'>
        <annotation name='com.intellij.inspections.tainted.annotation.equation.Equations'>
            <val val="{ &quot;HttpMethodConstraintElement := HttpMethodConstraintElement&quot; }"/>
        </annotation>
    </item>
    <item name='javax.servlet.HttpMethodConstraintElement java.lang.String getMethodName()'>
        <annotation name='com.intellij.inspections.tainted.annotation.equation.Equations'>
            <val val="{ &quot;getMethodName := HttpMethodConstraintElement&quot; }"/>
        </annotation>
    </item>
    <item name='javax.servlet.MultipartConfigElement'>
        <annotation name='com.intellij.inspections.tainted.annotation.equation.Equations'>
            <val val="{ &quot;MultipartConfigElement := #MultipartConfigElement(java.lang.String)#0 &amp; #MultipartConfigElement(java.lang.String, long, long, int)#0&quot; }"/>
        </annotation>
    </item>
    <item name='javax.servlet.MultipartConfigElement MultipartConfigElement(java.lang.String)'>
        <annotation name='com.intellij.inspections.tainted.annotation.equation.Equations'>
            <val val="{ &quot;MultipartConfigElement := MultipartConfigElement&quot; }"/>
        </annotation>
    </item>
    <item name='javax.servlet.MultipartConfigElement MultipartConfigElement(java.lang.String, long, long, int)'>
        <annotation name='com.intellij.inspections.tainted.annotation.equation.Equations'>
            <val val="{ &quot;MultipartConfigElement := MultipartConfigElement&quot; }"/>
        </annotation>
    </item>
    <item name='javax.servlet.MultipartConfigElement MultipartConfigElement(javax.servlet.annotation.MultipartConfig)'>
        <annotation name='com.intellij.inspections.tainted.annotation.equation.Equations'>
            <val val="{ &quot;MultipartConfigElement := MultipartConfigElement&quot; }"/>
        </annotation>
    </item>
    <item name='javax.servlet.MultipartConfigElement java.lang.String getLocation()'>
        <annotation name='com.intellij.inspections.tainted.annotation.equation.Equations'>
            <val val="{ &quot;getLocation := MultipartConfigElement&quot; }"/>
        </annotation>
    </item>
    <item name='javax.servlet.Servlet java.lang.String getServletInfo()'>
        <annotation name='com.intellij.inspections.tainted.annotation.equation.Equations'>
            <val val="{ &quot;getServletInfo := GenericServlet#getServletInfo()&quot; }"/>
        </annotation>
    </item>
    <item name='javax.servlet.Servlet javax.servlet.ServletConfig getServletConfig()'>
        <annotation name='com.intellij.inspections.tainted.annotation.equation.Equations'>
            <val val="{ &quot;getServletConfig := GenericServlet#getServletConfig()&quot; }"/>
        </annotation>
    </item>
    <item name='javax.servlet.Servlet void init(javax.servlet.ServletConfig)'>
        <annotation name='com.intellij.inspections.tainted.annotation.equation.Equations'>
            <val val="{ &quot;GenericServlet#init(javax.servlet.ServletConfig)#0 := config&quot; }"/>
        </annotation>
    </item>
    <item name='javax.servlet.Servlet void service(javax.servlet.ServletRequest, javax.servlet.ServletResponse)'>
        <annotation name='com.intellij.inspections.tainted.annotation.equation.Equations'>
            <val val="{ &quot;GenericServlet#service(javax.servlet.ServletRequest, javax.servlet.ServletResponse)#1 := res&quot;, &quot;GenericServlet#service(javax.servlet.ServletRequest, javax.servlet.ServletResponse)#0 := req&quot; }"/>
        </annotation>
    </item>
    <item name='javax.servlet.ServletConfig java.lang.String getInitParameter(java.lang.String)'>
        <annotation name='com.intellij.inspections.tainted.annotation.equation.Equations'>
            <val val="{ &quot;getInitParameter := GenericServlet#getInitParameter(java.lang.String)&quot;, &quot;GenericServlet#getInitParameter(java.lang.String)#0 := name&quot; }"/>
        </annotation>
    </item>
    <item name='javax.servlet.ServletConfig java.lang.String getServletName()'>
        <annotation name='com.intellij.inspections.tainted.annotation.equation.Equations'>
            <val val="{ &quot;getServletName := GenericServlet#getServletName()&quot; }"/>
        </annotation>
    </item>
    <item name='javax.servlet.ServletConfig java.util.Enumeration&lt;java.lang.String&gt; getInitParameterNames()'>
        <annotation name='com.intellij.inspections.tainted.annotation.equation.Equations'>
            <val val="{ &quot;getInitParameterNames := GenericServlet#getInitParameterNames()&quot; }"/>
        </annotation>
    </item>
    <item name='javax.servlet.ServletConfig javax.servlet.ServletContext getServletContext()'>
        <annotation name='com.intellij.inspections.tainted.annotation.equation.Equations'>
            <val val="{ &quot;getServletContext := GenericServlet#getServletContext()&quot; }"/>
        </annotation>
    </item>
    <item name='javax.servlet.ServletContextAttributeEvent'>
        <annotation name='com.intellij.inspections.tainted.annotation.equation.Equations'>
            <val val="{ &quot;ServletContextAttributeEvent := #ServletContextAttributeEvent(javax.servlet.ServletContext, java.lang.String, java.lang.Object)#2 &amp; #ServletContextAttributeEvent(javax.servlet.ServletContext, java.lang.String, java.lang.Object)#1&quot; }"/>
        </annotation>
    </item>
    <item name='javax.servlet.ServletContextAttributeEvent ServletContextAttributeEvent(javax.servlet.ServletContext, java.lang.String, java.lang.Object)'>
        <annotation name='com.intellij.inspections.tainted.annotation.equation.Equations'>
            <val val="{ &quot;ServletContextEvent#ServletContextEvent(javax.servlet.ServletContext)#0 := source&quot;, &quot;ServletContextAttributeEvent := ServletContextAttributeEvent&quot; }"/>
        </annotation>
    </item>
    <item name='javax.servlet.ServletContextAttributeEvent java.lang.Object getValue()'>
        <annotation name='com.intellij.inspections.tainted.annotation.equation.Equations'>
            <val val="{ &quot;getValue := ServletContextAttributeEvent&quot; }"/>
        </annotation>
    </item>
    <item name='javax.servlet.ServletContextAttributeEvent java.lang.String getName()'>
        <annotation name='com.intellij.inspections.tainted.annotation.equation.Equations'>
            <val val="{ &quot;getName := ServletContextAttributeEvent&quot; }"/>
        </annotation>
    </item>
    <item name='javax.servlet.ServletContextEvent ServletContextEvent(javax.servlet.ServletContext)'>
        <annotation name='com.intellij.inspections.tainted.annotation.equation.Equations'>
            <val val="{ &quot;java.util.EventObject#EventObject(java.lang.Object)#0 := source&quot;, &quot;ServletContextEvent := ServletContextEvent&quot; }"/>
        </annotation>
    </item>
    <item name='javax.servlet.ServletException'>
        <annotation name='com.intellij.inspections.tainted.annotation.equation.Equations'>
            <val val="{ &quot;ServletException := #ServletException(java.lang.String, java.lang.Throwable)#1 &amp; #ServletException(java.lang.Throwable)#0&quot; }"/>
        </annotation>
    </item>
    <item name='javax.servlet.ServletException ServletException()'>
        <annotation name='com.intellij.inspections.tainted.annotation.equation.Equations'>
            <val val="{ &quot;ServletException := ServletException&quot; }"/>
        </annotation>
    </item>
    <item name='javax.servlet.ServletException ServletException(java.lang.String)'>
        <annotation name='com.intellij.inspections.tainted.annotation.equation.Equations'>
            <val val="{ &quot;ServletException := ServletException&quot;, &quot;java.lang.Exception#Exception(java.lang.String)#0 := message&quot; }"/>
        </annotation>
    </item>
    <item name='javax.servlet.ServletException ServletException(java.lang.String, java.lang.Throwable)'>
        <annotation name='com.intellij.inspections.tainted.annotation.equation.Equations'>
            <val val="{ &quot;ServletException := ServletException&quot;, &quot;java.lang.Exception#Exception(java.lang.String, java.lang.Throwable)#1 := rootCause&quot;, &quot;java.lang.Exception#Exception(java.lang.String, java.lang.Throwable)#0 := message&quot; }"/>
        </annotation>
    </item>
    <item name='javax.servlet.ServletException ServletException(java.lang.Throwable)'>
        <annotation name='com.intellij.inspections.tainted.annotation.equation.Equations'>
            <val val="{ &quot;ServletException := ServletException&quot;, &quot;java.lang.Exception#Exception(java.lang.Throwable)#0 := rootCause&quot; }"/>
        </annotation>
    </item>
    <item name='javax.servlet.ServletException java.lang.Throwable getRootCause()'>
        <annotation name='com.intellij.inspections.tainted.annotation.equation.Equations'>
            <val val="{ &quot;getRootCause := ServletException&quot; }"/>
        </annotation>
    </item>
    <item name='javax.servlet.ServletInputStream ServletInputStream()'>
        <annotation name='com.intellij.inspections.tainted.annotation.equation.Equations'>
            <val val="{ &quot;ServletInputStream := ServletInputStream&quot; }"/>
        </annotation>
    </item>
    <item name='javax.servlet.ServletOutputStream ServletOutputStream()'>
        <annotation name='com.intellij.inspections.tainted.annotation.equation.Equations'>
            <val val="{ &quot;ServletOutputStream := ServletOutputStream&quot; }"/>
        </annotation>
    </item>
    <item name='javax.servlet.ServletOutputStream void print(char) 0'>
        <annotation name='com.intellij.inspections.tainted.annotation.Untainted'/>
    </item>
    <item name='javax.servlet.ServletOutputStream void print(java.lang.String)'>
        <annotation name='com.intellij.inspections.tainted.annotation.equation.Equations'>
            <val val="{ &quot;s := Untainted&quot; }"/>
        </annotation>
    </item>
    <item name='javax.servlet.ServletOutputStream void print(java.lang.String) 0'>
        <annotation name='com.intellij.inspections.tainted.annotation.Untainted'/>
    </item>
    <item name='javax.servlet.ServletOutputStream void println(char) 0'>
        <annotation name='com.intellij.inspections.tainted.annotation.Untainted'/>
    </item>
    <item name='javax.servlet.ServletOutputStream void println(java.lang.String)'>
        <annotation name='com.intellij.inspections.tainted.annotation.equation.Equations'>
            <val val="{ &quot;s := Untainted&quot;, &quot;#print(java.lang.String)#0 := s&quot; }"/>
        </annotation>
    </item>
    <item name='javax.servlet.ServletOutputStream void println(java.lang.String) 0'>
        <annotation name='com.intellij.inspections.tainted.annotation.Untainted'/>
    </item>
    <item name='javax.servlet.ServletOutputStream void setWriteListener(javax.servlet.WriteListener)'>
        <annotation name='com.intellij.inspections.tainted.annotation.equation.Equations'>
            <val val="{ &quot;javax.servlet.http.NoBodyOutputStream#setWriteListener(javax.servlet.WriteListener)#0 := writeListener&quot; }"/>
        </annotation>
    </item>
    <item name='javax.servlet.ServletRequest java.io.BufferedReader getReader()'>
        <annotation name='com.intellij.inspections.tainted.annotation.Tainted'/>
    </item>
    <item name='javax.servlet.ServletRequest java.io.BufferedReader getReader()'>
        <annotation name='com.intellij.inspections.tainted.annotation.equation.Equations'>
            <val val="{ &quot;getReader := Tainted &amp; ServletRequestWrapper#getReader()&quot; }"/>
        </annotation>
    </item>
    <item name='javax.servlet.ServletRequest java.lang.Object getAttribute(java.lang.String)'>
        <annotation name='com.intellij.inspections.tainted.annotation.equation.Equations'>
            <val val="{ &quot;ServletRequestWrapper#getAttribute(java.lang.String)#0 := name&quot;, &quot;getAttribute := ServletRequestWrapper#getAttribute(java.lang.String)&quot; }"/>
        </annotation>
    </item>
    <item name='javax.servlet.ServletRequest java.lang.String getCharacterEncoding()'>
        <annotation name='com.intellij.inspections.tainted.annotation.equation.Equations'>
            <val val="{ &quot;getCharacterEncoding := ServletRequestWrapper#getCharacterEncoding()&quot; }"/>
        </annotation>
    </item>
    <item name='javax.servlet.ServletRequest java.lang.String getContentType()'>
        <annotation name='com.intellij.inspections.tainted.annotation.Tainted'/>
    </item>
    <item name='javax.servlet.ServletRequest java.lang.String getContentType()'>
        <annotation name='com.intellij.inspections.tainted.annotation.equation.Equations'>
            <val val="{ &quot;getContentType := Tainted &amp; ServletRequestWrapper#getContentType()&quot; }"/>
        </annotation>
    </item>
    <item name='javax.servlet.ServletRequest java.lang.String getLocalAddr()'>
        <annotation name='com.intellij.inspections.tainted.annotation.equation.Equations'>
            <val val="{ &quot;getLocalAddr := ServletRequestWrapper#getLocalAddr()&quot; }"/>
        </annotation>
    </item>
    <item name='javax.servlet.ServletRequest java.lang.String getLocalName()'>
        <annotation name='com.intellij.inspections.tainted.annotation.equation.Equations'>
            <val val="{ &quot;getLocalName := ServletRequestWrapper#getLocalName()&quot; }"/>
        </annotation>
    </item>
    <item name='javax.servlet.ServletRequest java.lang.String getParameter(java.lang.String)'>
        <annotation name='com.intellij.inspections.tainted.annotation.Tainted'/>
    </item>
    <item name='javax.servlet.ServletRequest java.lang.String getParameter(java.lang.String)'>
        <annotation name='com.intellij.inspections.tainted.annotation.equation.Equations'>
            <val val="{ &quot;getParameter := Tainted &amp; ServletRequestWrapper#getParameter(java.lang.String)&quot;, &quot;ServletRequestWrapper#getParameter(java.lang.String)#0 := name&quot; }"/>
        </annotation>
    </item>
    <item name='javax.servlet.ServletRequest java.lang.String getProtocol()'>
        <annotation name='com.intellij.inspections.tainted.annotation.equation.Equations'>
            <val val="{ &quot;getProtocol := ServletRequestWrapper#getProtocol()&quot; }"/>
        </annotation>
    </item>
    <item name='javax.servlet.ServletRequest java.lang.String getRealPath(java.lang.String)'>
        <annotation name='com.intellij.inspections.tainted.annotation.equation.Equations'>
            <val val="{ &quot;getRealPath := ServletRequestWrapper#getRealPath(java.lang.String)&quot;, &quot;ServletRequestWrapper#getRealPath(java.lang.String)#0 := path&quot; }"/>
        </annotation>
    </item>
    <item name='javax.servlet.ServletRequest java.lang.String getRemoteAddr()'>
        <annotation name='com.intellij.inspections.tainted.annotation.Tainted'/>
    </item>
    <item name='javax.servlet.ServletRequest java.lang.String getRemoteAddr()'>
        <annotation name='com.intellij.inspections.tainted.annotation.equation.Equations'>
            <val val="{ &quot;getRemoteAddr := Tainted &amp; ServletRequestWrapper#getRemoteAddr()&quot; }"/>
        </annotation>
    </item>
    <item name='javax.servlet.ServletRequest java.lang.String getRemoteHost()'>
        <annotation name='com.intellij.inspections.tainted.annotation.Tainted'/>
    </item>
    <item name='javax.servlet.ServletRequest java.lang.String getRemoteHost()'>
        <annotation name='com.intellij.inspections.tainted.annotation.equation.Equations'>
            <val val="{ &quot;getRemoteHost := Tainted &amp; ServletRequestWrapper#getRemoteHost()&quot; }"/>
        </annotation>
    </item>
    <item name='javax.servlet.ServletRequest java.lang.String getScheme()'>
        <annotation name='com.intellij.inspections.tainted.annotation.equation.Equations'>
            <val val="{ &quot;getScheme := ServletRequestWrapper#getScheme()&quot; }"/>
        </annotation>
    </item>
    <item name='javax.servlet.ServletRequest java.lang.String getServerName()'>
        <annotation name='com.intellij.inspections.tainted.annotation.Tainted'/>
    </item>
    <item name='javax.servlet.ServletRequest java.lang.String getServerName()'>
        <annotation name='com.intellij.inspections.tainted.annotation.equation.Equations'>
            <val val="{ &quot;getServerName := Tainted &amp; ServletRequestWrapper#getServerName()&quot; }"/>
        </annotation>
    </item>
    <item name='javax.servlet.ServletRequest java.lang.String[] getParameterValues(java.lang.String)'>
        <annotation name='com.intellij.inspections.tainted.annotation.Tainted'/>
    </item>
    <item name='javax.servlet.ServletRequest java.lang.String[] getParameterValues(java.lang.String)'>
        <annotation name='com.intellij.inspections.tainted.annotation.equation.Equations'>
            <val val="{ &quot;ServletRequestWrapper#getParameterValues(java.lang.String)#0 := name&quot;, &quot;getParameterValues := Tainted &amp; ServletRequestWrapper#getParameterValues(java.lang.String)&quot; }"/>
        </annotation>
    </item>
    <item name='javax.servlet.ServletRequest java.util.Enumeration&lt;java.lang.String&gt; getAttributeNames()'>
        <annotation name='com.intellij.inspections.tainted.annotation.equation.Equations'>
            <val val="{ &quot;getAttributeNames := ServletRequestWrapper#getAttributeNames()&quot; }"/>
        </annotation>
    </item>
    <item name='javax.servlet.ServletRequest java.util.Enumeration&lt;java.lang.String&gt; getParameterNames()'>
        <annotation name='com.intellij.inspections.tainted.annotation.Tainted'/>
    </item>
    <item name='javax.servlet.ServletRequest java.util.Enumeration&lt;java.lang.String&gt; getParameterNames()'>
        <annotation name='com.intellij.inspections.tainted.annotation.equation.Equations'>
            <val val="{ &quot;getParameterNames := Tainted &amp; ServletRequestWrapper#getParameterNames()&quot; }"/>
        </annotation>
    </item>
    <item name='javax.servlet.ServletRequest java.util.Enumeration&lt;java.util.Locale&gt; getLocales()'>
        <annotation name='com.intellij.inspections.tainted.annotation.equation.Equations'>
            <val val="{ &quot;getLocales := ServletRequestWrapper#getLocales()&quot; }"/>
        </annotation>
    </item>
    <item name='javax.servlet.ServletRequest java.util.Locale getLocale()'>
        <annotation name='com.intellij.inspections.tainted.annotation.equation.Equations'>
            <val val="{ &quot;getLocale := ServletRequestWrapper#getLocale()&quot; }"/>
        </annotation>
    </item>
    <item name='javax.servlet.ServletRequest java.util.Map&lt;java.lang.String,java.lang.String[]&gt; getParameterMap()'>
        <annotation name='com.intellij.inspections.tainted.annotation.Tainted'/>
    </item>
    <item name='javax.servlet.ServletRequest java.util.Map&lt;java.lang.String,java.lang.String[]&gt; getParameterMap()'>
        <annotation name='com.intellij.inspections.tainted.annotation.equation.Equations'>
            <val val="{ &quot;getParameterMap := Tainted &amp; ServletRequestWrapper#getParameterMap()&quot; }"/>
        </annotation>
    </item>
    <item name='javax.servlet.ServletRequest javax.servlet.AsyncContext getAsyncContext()'>
        <annotation name='com.intellij.inspections.tainted.annotation.equation.Equations'>
            <val val="{ &quot;getAsyncContext := ServletRequestWrapper#getAsyncContext()&quot; }"/>
        </annotation>
    </item>
    <item name='javax.servlet.ServletRequest javax.servlet.AsyncContext startAsync()'>
        <annotation name='com.intellij.inspections.tainted.annotation.equation.Equations'>
            <val val="{ &quot;startAsync := ServletRequestWrapper#startAsync()&quot; }"/>
        </annotation>
    </item>
    <item name='javax.servlet.ServletRequest javax.servlet.AsyncContext startAsync(javax.servlet.ServletRequest, javax.servlet.ServletResponse)'>
        <annotation name='com.intellij.inspections.tainted.annotation.equation.Equations'>
            <val val="{ &quot;ServletRequestWrapper#startAsync(javax.servlet.ServletRequest, javax.servlet.ServletResponse)#0 := servletRequest&quot;, &quot;startAsync := ServletRequestWrapper#startAsync(javax.servlet.ServletRequest, javax.servlet.ServletResponse)&quot;, &quot;ServletRequestWrapper#startAsync(javax.servlet.ServletRequest, javax.servlet.ServletResponse)#1 := servletResponse&quot; }"/>
        </annotation>
    </item>
    <item name='javax.servlet.ServletRequest javax.servlet.DispatcherType getDispatcherType()'>
        <annotation name='com.intellij.inspections.tainted.annotation.equation.Equations'>
            <val val="{ &quot;getDispatcherType := ServletRequestWrapper#getDispatcherType()&quot; }"/>
        </annotation>
    </item>
    <item name='javax.servlet.ServletRequest javax.servlet.RequestDispatcher getRequestDispatcher(java.lang.String)'>
        <annotation name='com.intellij.inspections.tainted.annotation.equation.Equations'>
            <val val="{ &quot;ServletRequestWrapper#getRequestDispatcher(java.lang.String)#0 := path&quot;, &quot;getRequestDispatcher := ServletRequestWrapper#getRequestDispatcher(java.lang.String)&quot; }"/>
        </annotation>
    </item>
    <item name='javax.servlet.ServletRequest javax.servlet.ServletContext getServletContext()'>
        <annotation name='com.intellij.inspections.tainted.annotation.equation.Equations'>
            <val val="{ &quot;getServletContext := ServletRequestWrapper#getServletContext()&quot; }"/>
        </annotation>
    </item>
    <item name='javax.servlet.ServletRequest javax.servlet.ServletInputStream getInputStream()'>
        <annotation name='com.intellij.inspections.tainted.annotation.Tainted'/>
    </item>
    <item name='javax.servlet.ServletRequest javax.servlet.ServletInputStream getInputStream()'>
        <annotation name='com.intellij.inspections.tainted.annotation.equation.Equations'>
            <val val="{ &quot;getInputStream := Tainted &amp; ServletRequestWrapper#getInputStream()&quot; }"/>
        </annotation>
    </item>
    <item name='javax.servlet.ServletRequest void removeAttribute(java.lang.String)'>
        <annotation name='com.intellij.inspections.tainted.annotation.equation.Equations'>
            <val val="{ &quot;ServletRequestWrapper#removeAttribute(java.lang.String)#0 := name&quot; }"/>
        </annotation>
    </item>
    <item name='javax.servlet.ServletRequest void setAttribute(java.lang.String, java.lang.Object)'>
        <annotation name='com.intellij.inspections.tainted.annotation.equation.Equations'>
            <val val="{ &quot;ServletRequestWrapper#setAttribute(java.lang.String, java.lang.Object)#0 := name&quot;, &quot;ServletRequestWrapper#setAttribute(java.lang.String, java.lang.Object)#1 := o&quot; }"/>
        </annotation>
    </item>
    <item name='javax.servlet.ServletRequest void setCharacterEncoding(java.lang.String)'>
        <annotation name='com.intellij.inspections.tainted.annotation.equation.Equations'>
            <val val="{ &quot;ServletRequestWrapper#setCharacterEncoding(java.lang.String)#0 := env&quot; }"/>
        </annotation>
    </item>
    <item name='javax.servlet.ServletRequestAttributeEvent'>
        <annotation name='com.intellij.inspections.tainted.annotation.equation.Equations'>
            <val val="{ &quot;ServletRequestAttributeEvent := #ServletRequestAttributeEvent(javax.servlet.ServletContext, javax.servlet.ServletRequest, java.lang.String, java.lang.Object)#3 &amp; #ServletRequestAttributeEvent(javax.servlet.ServletContext, javax.servlet.ServletRequest, java.lang.String, java.lang.Object)#2&quot; }"/>
        </annotation>
    </item>
    <item name='javax.servlet.ServletRequestAttributeEvent ServletRequestAttributeEvent(javax.servlet.ServletContext, javax.servlet.ServletRequest, java.lang.String, java.lang.Object)'>
        <annotation name='com.intellij.inspections.tainted.annotation.equation.Equations'>
            <val val="{ &quot;ServletRequestEvent#ServletRequestEvent(javax.servlet.ServletContext, javax.servlet.ServletRequest)#0 := sc&quot;, &quot;ServletRequestEvent#ServletRequestEvent(javax.servlet.ServletContext, javax.servlet.ServletRequest)#1 := request&quot;, &quot;ServletRequestAttributeEvent := ServletRequestAttributeEvent&quot; }"/>
        </annotation>
    </item>
    <item name='javax.servlet.ServletRequestAttributeEvent java.lang.Object getValue()'>
        <annotation name='com.intellij.inspections.tainted.annotation.equation.Equations'>
            <val val="{ &quot;getValue := ServletRequestAttributeEvent&quot; }"/>
        </annotation>
    </item>
    <item name='javax.servlet.ServletRequestAttributeEvent java.lang.String getName()'>
        <annotation name='com.intellij.inspections.tainted.annotation.equation.Equations'>
            <val val="{ &quot;getName := ServletRequestAttributeEvent&quot; }"/>
        </annotation>
    </item>
    <item name='javax.servlet.ServletRequestEvent'>
        <annotation name='com.intellij.inspections.tainted.annotation.equation.Equations'>
            <val val="{ &quot;ServletRequestEvent := #ServletRequestEvent(javax.servlet.ServletContext, javax.servlet.ServletRequest)#1&quot; }"/>
        </annotation>
    </item>
    <item name='javax.servlet.ServletRequestEvent ServletRequestEvent(javax.servlet.ServletContext, javax.servlet.ServletRequest)'>
        <annotation name='com.intellij.inspections.tainted.annotation.equation.Equations'>
            <val val="{ &quot;java.util.EventObject#EventObject(java.lang.Object)#0 := sc&quot;, &quot;ServletRequestEvent := ServletRequestEvent&quot; }"/>
        </annotation>
    </item>
    <item name='javax.servlet.ServletRequestEvent javax.servlet.ServletRequest getServletRequest()'>
        <annotation name='com.intellij.inspections.tainted.annotation.equation.Equations'>
            <val val="{ &quot;getServletRequest := ServletRequestEvent&quot; }"/>
        </annotation>
    </item>
    <item name='javax.servlet.ServletRequestWrapper'>
        <annotation name='com.intellij.inspections.tainted.annotation.equation.Equations'>
            <val val="{ &quot;ServletRequestWrapper := #setRequest(javax.servlet.ServletRequest)#0 &amp; #ServletRequestWrapper(javax.servlet.ServletRequest)#0&quot; }"/>
        </annotation>
    </item>
    <item name='javax.servlet.ServletRequestWrapper ServletRequestWrapper(javax.servlet.ServletRequest)'>
        <annotation name='com.intellij.inspections.tainted.annotation.equation.Equations'>
            <val val="{ &quot;ServletRequestWrapper := ServletRequestWrapper&quot; }"/>
        </annotation>
    </item>
    <item name='javax.servlet.ServletRequestWrapper java.lang.Object getAttribute(java.lang.String)'>
        <annotation name='com.intellij.inspections.tainted.annotation.equation.Equations'>
            <val val="{ &quot;ServletRequest#getAttribute(java.lang.String)#0 := name&quot; }"/>
        </annotation>
    </item>
    <item name='javax.servlet.ServletRequestWrapper java.lang.String getParameter(java.lang.String)'>
        <annotation name='com.intellij.inspections.tainted.annotation.equation.Equations'>
            <val val="{ &quot;ServletRequest#getParameter(java.lang.String)#0 := name&quot; }"/>
        </annotation>
    </item>
    <item name='javax.servlet.ServletRequestWrapper java.lang.String getRealPath(java.lang.String)'>
        <annotation name='com.intellij.inspections.tainted.annotation.equation.Equations'>
            <val val="{ &quot;ServletRequest#getRealPath(java.lang.String)#0 := path&quot; }"/>
        </annotation>
    </item>
    <item name='javax.servlet.ServletRequestWrapper java.lang.String[] getParameterValues(java.lang.String)'>
        <annotation name='com.intellij.inspections.tainted.annotation.equation.Equations'>
            <val val="{ &quot;ServletRequest#getParameterValues(java.lang.String)#0 := name&quot; }"/>
        </annotation>
    </item>
    <item name='javax.servlet.ServletRequestWrapper javax.servlet.AsyncContext startAsync(javax.servlet.ServletRequest, javax.servlet.ServletResponse)'>
        <annotation name='com.intellij.inspections.tainted.annotation.equation.Equations'>
            <val val="{ &quot;ServletRequest#startAsync(javax.servlet.ServletRequest, javax.servlet.ServletResponse)#0 := servletRequest&quot;, &quot;ServletRequest#startAsync(javax.servlet.ServletRequest, javax.servlet.ServletResponse)#1 := servletResponse&quot; }"/>
        </annotation>
    </item>
    <item name='javax.servlet.ServletRequestWrapper javax.servlet.RequestDispatcher getRequestDispatcher(java.lang.String)'>
        <annotation name='com.intellij.inspections.tainted.annotation.equation.Equations'>
            <val val="{ &quot;ServletRequest#getRequestDispatcher(java.lang.String)#0 := path&quot; }"/>
        </annotation>
    </item>
    <item name='javax.servlet.ServletRequestWrapper javax.servlet.ServletRequest getRequest()'>
        <annotation name='com.intellij.inspections.tainted.annotation.equation.Equations'>
            <val val="{ &quot;getRequest := ServletRequestWrapper&quot; }"/>
        </annotation>
    </item>
    <item name='javax.servlet.ServletRequestWrapper void removeAttribute(java.lang.String)'>
        <annotation name='com.intellij.inspections.tainted.annotation.equation.Equations'>
            <val val="{ &quot;ServletRequest#removeAttribute(java.lang.String)#0 := name&quot; }"/>
        </annotation>
    </item>
    <item name='javax.servlet.ServletRequestWrapper void setAttribute(java.lang.String, java.lang.Object)'>
        <annotation name='com.intellij.inspections.tainted.annotation.equation.Equations'>
            <val val="{ &quot;ServletRequest#setAttribute(java.lang.String, java.lang.Object)#0 := name&quot;, &quot;ServletRequest#setAttribute(java.lang.String, java.lang.Object)#1 := o&quot; }"/>
        </annotation>
    </item>
    <item name='javax.servlet.ServletRequestWrapper void setCharacterEncoding(java.lang.String)'>
        <annotation name='com.intellij.inspections.tainted.annotation.equation.Equations'>
            <val val="{ &quot;ServletRequest#setCharacterEncoding(java.lang.String)#0 := enc&quot; }"/>
        </annotation>
    </item>
    <item name='javax.servlet.ServletResponse java.io.PrintWriter getWriter()'>
        <annotation name='com.intellij.inspections.tainted.annotation.equation.Equations'>
            <val val="{ &quot;getWriter := ServletResponseWrapper#getWriter()&quot; }"/>
        </annotation>
    </item>
    <item name='javax.servlet.ServletResponse java.lang.String getCharacterEncoding()'>
        <annotation name='com.intellij.inspections.tainted.annotation.equation.Equations'>
            <val val="{ &quot;getCharacterEncoding := ServletResponseWrapper#getCharacterEncoding()&quot; }"/>
        </annotation>
    </item>
    <item name='javax.servlet.ServletResponse java.lang.String getContentType()'>
        <annotation name='com.intellij.inspections.tainted.annotation.equation.Equations'>
            <val val="{ &quot;getContentType := ServletResponseWrapper#getContentType()&quot; }"/>
        </annotation>
    </item>
    <item name='javax.servlet.ServletResponse java.util.Locale getLocale()'>
        <annotation name='com.intellij.inspections.tainted.annotation.equation.Equations'>
            <val val="{ &quot;getLocale := ServletResponseWrapper#getLocale()&quot; }"/>
        </annotation>
    </item>
    <item name='javax.servlet.ServletResponse javax.servlet.ServletOutputStream getOutputStream()'>
        <annotation name='com.intellij.inspections.tainted.annotation.equation.Equations'>
            <val val="{ &quot;getOutputStream := ServletResponseWrapper#getOutputStream()&quot; }"/>
        </annotation>
    </item>
    <item name='javax.servlet.ServletResponse void setCharacterEncoding(java.lang.String)'>
        <annotation name='com.intellij.inspections.tainted.annotation.equation.Equations'>
            <val val="{ &quot;ServletResponseWrapper#setCharacterEncoding(java.lang.String)#0 := charset&quot; }"/>
        </annotation>
    </item>
    <item name='javax.servlet.ServletResponse void setCharacterEncoding(java.lang.String) 0'>
        <annotation name='com.intellij.inspections.tainted.annotation.Untainted'/>
    </item>
    <item name='javax.servlet.ServletResponse void setContentType(java.lang.String)'>
        <annotation name='com.intellij.inspections.tainted.annotation.equation.Equations'>
            <val val="{ &quot;ServletResponseWrapper#setContentType(java.lang.String)#0 := type&quot; }"/>
        </annotation>
    </item>
    <item name='javax.servlet.ServletResponse void setContentType(java.lang.String) 0'>
        <annotation name='com.intellij.inspections.tainted.annotation.Untainted'/>
    </item>
    <item name='javax.servlet.ServletResponse void setLocale(java.util.Locale)'>
        <annotation name='com.intellij.inspections.tainted.annotation.equation.Equations'>
            <val val="{ &quot;ServletResponseWrapper#setLocale(java.util.Locale)#0 := loc&quot; }"/>
        </annotation>
    </item>
    <item name='javax.servlet.ServletResponseWrapper'>
        <annotation name='com.intellij.inspections.tainted.annotation.equation.Equations'>
            <val val="{ &quot;ServletResponseWrapper := #ServletResponseWrapper(javax.servlet.ServletResponse)#0 &amp; #setResponse(javax.servlet.ServletResponse)#0&quot; }"/>
        </annotation>
    </item>
    <item name='javax.servlet.ServletResponseWrapper ServletResponseWrapper(javax.servlet.ServletResponse)'>
        <annotation name='com.intellij.inspections.tainted.annotation.equation.Equations'>
            <val val="{ &quot;ServletResponseWrapper := ServletResponseWrapper&quot; }"/>
        </annotation>
    </item>
    <item name='javax.servlet.ServletResponseWrapper java.io.PrintWriter getWriter()'>
        <annotation name='com.intellij.inspections.tainted.annotation.equation.Equations'>
            <val val="{ &quot;getWriter := javax.servlet.http.NoBodyResponse#getWriter()&quot; }"/>
        </annotation>
    </item>
    <item name='javax.servlet.ServletResponseWrapper javax.servlet.ServletOutputStream getOutputStream()'>
        <annotation name='com.intellij.inspections.tainted.annotation.equation.Equations'>
            <val val="{ &quot;getOutputStream := javax.servlet.http.NoBodyResponse#getOutputStream()&quot; }"/>
        </annotation>
    </item>
    <item name='javax.servlet.ServletResponseWrapper javax.servlet.ServletResponse getResponse()'>
        <annotation name='com.intellij.inspections.tainted.annotation.equation.Equations'>
            <val val="{ &quot;getResponse := ServletResponseWrapper&quot; }"/>
        </annotation>
    </item>
    <item name='javax.servlet.ServletResponseWrapper void setCharacterEncoding(java.lang.String)'>
        <annotation name='com.intellij.inspections.tainted.annotation.equation.Equations'>
            <val val="{ &quot;ServletResponse#setCharacterEncoding(java.lang.String)#0 := charset&quot; }"/>
        </annotation>
    </item>
    <item name='javax.servlet.ServletResponseWrapper void setContentType(java.lang.String)'>
        <annotation name='com.intellij.inspections.tainted.annotation.equation.Equations'>
            <val val="{ &quot;ServletResponse#setContentType(java.lang.String)#0 := type&quot; }"/>
        </annotation>
    </item>
    <item name='javax.servlet.ServletResponseWrapper void setLocale(java.util.Locale)'>
        <annotation name='com.intellij.inspections.tainted.annotation.equation.Equations'>
            <val val="{ &quot;ServletResponse#setLocale(java.util.Locale)#0 := loc&quot; }"/>
        </annotation>
    </item>
    <item name='javax.servlet.ServletSecurityElement'>
        <annotation name='com.intellij.inspections.tainted.annotation.equation.Equations'>
            <val val="{ &quot;ServletSecurityElement := #ServletSecurityElement(java.util.Collection)#0 &amp; #ServletSecurityElement(javax.servlet.HttpConstraintElement, java.util.Collection)#1&quot;, &quot;java.util.Collections#unmodifiableCollection(java.util.Collection)#0 := ServletSecurityElement&quot;, &quot;#checkMethodNames(java.util.Collection)#0 := ServletSecurityElement&quot; }"/>
        </annotation>
    </item>
    <item name='javax.servlet.ServletSecurityElement ServletSecurityElement()'>
        <annotation name='com.intellij.inspections.tainted.annotation.equation.Equations'>
            <val val="{ &quot;ServletSecurityElement := ServletSecurityElement&quot; }"/>
        </annotation>
    </item>
    <item name='javax.servlet.ServletSecurityElement ServletSecurityElement(java.util.Collection&lt;javax.servlet.HttpMethodConstraintElement&gt;)'>
        <annotation name='com.intellij.inspections.tainted.annotation.equation.Equations'>
            <val val="{ &quot;ServletSecurityElement := ServletSecurityElement&quot; }"/>
        </annotation>
    </item>
    <item name='javax.servlet.ServletSecurityElement ServletSecurityElement(javax.servlet.HttpConstraintElement)'>
        <annotation name='com.intellij.inspections.tainted.annotation.equation.Equations'>
            <val val="{ &quot;ServletSecurityElement := ServletSecurityElement&quot; }"/>
        </annotation>
    </item>
    <item name='javax.servlet.ServletSecurityElement ServletSecurityElement(javax.servlet.HttpConstraintElement, java.util.Collection&lt;javax.servlet.HttpMethodConstraintElement&gt;)'>
        <annotation name='com.intellij.inspections.tainted.annotation.equation.Equations'>
            <val val="{ &quot;ServletSecurityElement := ServletSecurityElement&quot; }"/>
        </annotation>
    </item>
    <item name='javax.servlet.ServletSecurityElement ServletSecurityElement(javax.servlet.annotation.ServletSecurity)'>
        <annotation name='com.intellij.inspections.tainted.annotation.equation.Equations'>
            <val val="{ &quot;ServletSecurityElement := ServletSecurityElement&quot; }"/>
        </annotation>
    </item>
    <item name='javax.servlet.UnavailableException'>
        <annotation name='com.intellij.inspections.tainted.annotation.equation.Equations'>
            <val val="{ &quot;UnavailableException := #UnavailableException(int, javax.servlet.Servlet, java.lang.String)#1 &amp; #UnavailableException(javax.servlet.Servlet, java.lang.String)#0&quot; }"/>
        </annotation>
    </item>
    <item name='javax.servlet.UnavailableException UnavailableException(int, javax.servlet.Servlet, java.lang.String)'>
        <annotation name='com.intellij.inspections.tainted.annotation.equation.Equations'>
            <val val="{ &quot;ServletException#ServletException(java.lang.String)#0 := msg&quot;, &quot;UnavailableException := UnavailableException&quot; }"/>
        </annotation>
    </item>
    <item name='javax.servlet.UnavailableException UnavailableException(java.lang.String)'>
        <annotation name='com.intellij.inspections.tainted.annotation.equation.Equations'>
            <val val="{ &quot;ServletException#ServletException(java.lang.String)#0 := msg&quot;, &quot;UnavailableException := UnavailableException&quot; }"/>
        </annotation>
    </item>
    <item name='javax.servlet.UnavailableException UnavailableException(java.lang.String, int)'>
        <annotation name='com.intellij.inspections.tainted.annotation.equation.Equations'>
            <val val="{ &quot;UnavailableException := UnavailableException&quot;, &quot;ServletException#ServletException(java.lang.String)#0 := msg&quot; }"/>
        </annotation>
    </item>
    <item name='javax.servlet.UnavailableException UnavailableException(javax.servlet.Servlet, java.lang.String)'>
        <annotation name='com.intellij.inspections.tainted.annotation.equation.Equations'>
            <val val="{ &quot;UnavailableException := UnavailableException&quot;, &quot;ServletException#ServletException(java.lang.String)#0 := msg&quot; }"/>
        </annotation>
    </item>
    <item name='javax.servlet.UnavailableException javax.servlet.Servlet getServlet()'>
        <annotation name='com.intellij.inspections.tainted.annotation.equation.Equations'>
            <val val="{ &quot;getServlet := UnavailableException&quot; }"/>
        </annotation>
    </item>
</root>