<root>
    <item name='javax.servlet.http.Cookie'>
        <annotation name='com.intellij.inspections.tainted.annotation.equation.Equations'>
            <val val="{ &quot;Cookie := #setComment(java.lang.String)#0 &amp; #Cookie(java.lang.String, java.lang.String)#0 &amp; #setValue(java.lang.String)#0 &amp; #setPath(java.lang.String)#0 &amp; #Cookie(java.lang.String, java.lang.String)#1&quot; }"/>
        </annotation>
    </item>
    <item name='javax.servlet.http.Cookie Cookie(java.lang.String, java.lang.String)'>
        <annotation name='com.intellij.inspections.tainted.annotation.equation.Equations'>
            <val val="{ &quot;java.text.MessageFormat#format(java.lang.String, java.lang.Object...)#1 := name&quot;, &quot;Cookie := Cookie&quot; }"/>
        </annotation>
    </item>
    <item name='javax.servlet.http.Cookie java.lang.String getComment()'>
        <annotation name='com.intellij.inspections.tainted.annotation.equation.Equations'>
            <val val="{ &quot;getComment := Cookie&quot; }"/>
        </annotation>
    </item>
    <item name='javax.servlet.http.Cookie java.lang.String getDomain()'>
        <annotation name='com.intellij.inspections.tainted.annotation.equation.Equations'>
            <val val="{ &quot;getDomain := Cookie&quot; }"/>
        </annotation>
    </item>
    <item name='javax.servlet.http.Cookie java.lang.String getName()'>
        <annotation name='com.intellij.inspections.tainted.annotation.equation.Equations'>
            <val val="{ &quot;getName := Cookie&quot; }"/>
        </annotation>
    </item>
    <item name='javax.servlet.http.Cookie java.lang.String getPath()'>
        <annotation name='com.intellij.inspections.tainted.annotation.equation.Equations'>
            <val val="{ &quot;getPath := Cookie&quot; }"/>
        </annotation>
    </item>
    <item name='javax.servlet.http.Cookie java.lang.String getValue()'>
        <annotation name='com.intellij.inspections.tainted.annotation.equation.Equations'>
            <val val="{ &quot;getValue := Cookie&quot; }"/>
        </annotation>
    </item>
    <item name='javax.servlet.http.HttpFilter HttpFilter()'>
        <annotation name='com.intellij.inspections.tainted.annotation.equation.Equations'>
            <val val="{ &quot;HttpFilter := HttpFilter&quot; }"/>
        </annotation>
    </item>
    <item name='javax.servlet.http.HttpFilter void doFilter(javax.servlet.ServletRequest, javax.servlet.ServletResponse, javax.servlet.FilterChain)'>
        <annotation name='com.intellij.inspections.tainted.annotation.equation.Equations'>
            <val val="{ &quot;#doFilter(javax.servlet.http.HttpServletRequest, javax.servlet.http.HttpServletResponse, javax.servlet.FilterChain)#0 := req&quot;, &quot;#doFilter(javax.servlet.http.HttpServletRequest, javax.servlet.http.HttpServletResponse, javax.servlet.FilterChain)#1 := res&quot;, &quot;#doFilter(javax.servlet.http.HttpServletRequest, javax.servlet.http.HttpServletResponse, javax.servlet.FilterChain)#2 := chain&quot; }"/>
        </annotation>
    </item>
    <item name='javax.servlet.http.HttpFilter void doFilter(javax.servlet.http.HttpServletRequest, javax.servlet.http.HttpServletResponse, javax.servlet.FilterChain)'>
        <annotation name='com.intellij.inspections.tainted.annotation.equation.Equations'>
            <val val="{ &quot;javax.servlet.FilterChain#doFilter(javax.servlet.ServletRequest, javax.servlet.ServletResponse)#0 := req&quot;, &quot;javax.servlet.FilterChain#doFilter(javax.servlet.ServletRequest, javax.servlet.ServletResponse)#1 := res&quot; }"/>
        </annotation>
    </item>
    <item name='javax.servlet.http.HttpServlet'>
        <annotation name='com.intellij.inspections.tainted.annotation.equation.Equations'>
            <val val="{ &quot;HttpServlet := Untainted&quot;, &quot;java.lang.StringBuilder#append(java.lang.String)#0 := HttpServlet&quot;, &quot;HttpServletResponse#containsHeader(java.lang.String)#0 := HttpServlet&quot;, &quot;java.lang.String#equals(java.lang.Object)#0 := HttpServlet&quot; }"/>
        </annotation>
    </item>
    <item name='javax.servlet.http.HttpServlet HttpServlet()'>
        <annotation name='com.intellij.inspections.tainted.annotation.equation.Equations'>
            <val val="{ &quot;HttpServlet := HttpServlet&quot; }"/>
        </annotation>
    </item>
    <item name='javax.servlet.http.HttpServlet void doHead(javax.servlet.http.HttpServletRequest, javax.servlet.http.HttpServletResponse)'>
        <annotation name='com.intellij.inspections.tainted.annotation.equation.Equations'>
            <val val="{ &quot;NoBodyResponse#NoBodyResponse(javax.servlet.http.HttpServletResponse)#0 := resp&quot;, &quot;#doGet(javax.servlet.http.HttpServletRequest, javax.servlet.http.HttpServletResponse)#0 := req&quot; }"/>
        </annotation>
    </item>
    <item name='javax.servlet.http.HttpServlet void service(javax.servlet.ServletRequest, javax.servlet.ServletResponse)'>
        <annotation name='com.intellij.inspections.tainted.annotation.equation.Equations'>
            <val val="{ &quot;#service(javax.servlet.http.HttpServletRequest, javax.servlet.http.HttpServletResponse)#1 := res&quot;, &quot;#service(javax.servlet.http.HttpServletRequest, javax.servlet.http.HttpServletResponse)#0 := req&quot; }"/>
        </annotation>
    </item>
    <item name='javax.servlet.http.HttpServlet void service(javax.servlet.http.HttpServletRequest, javax.servlet.http.HttpServletResponse)'>
        <annotation name='com.intellij.inspections.tainted.annotation.equation.Equations'>
            <val val="{ &quot;#doHead(javax.servlet.http.HttpServletRequest, javax.servlet.http.HttpServletResponse)#1 := resp&quot;, &quot;#doDelete(javax.servlet.http.HttpServletRequest, javax.servlet.http.HttpServletResponse)#0 := req&quot;, &quot;#doPost(javax.servlet.http.HttpServletRequest, javax.servlet.http.HttpServletResponse)#0 := req&quot;, &quot;#doTrace(javax.servlet.http.HttpServletRequest, javax.servlet.http.HttpServletResponse)#1 := resp&quot;, &quot;#doPut(javax.servlet.http.HttpServletRequest, javax.servlet.http.HttpServletResponse)#1 := resp&quot;, &quot;#doTrace(javax.servlet.http.HttpServletRequest, javax.servlet.http.HttpServletResponse)#0 := req&quot;, &quot;#doHead(javax.servlet.http.HttpServletRequest, javax.servlet.http.HttpServletResponse)#0 := req&quot;, &quot;#doOptions(javax.servlet.http.HttpServletRequest, javax.servlet.http.HttpServletResponse)#1 := resp&quot;, &quot;#doDelete(javax.servlet.http.HttpServletRequest, javax.servlet.http.HttpServletResponse)#1 := resp&quot;, &quot;#doOptions(javax.servlet.http.HttpServletRequest, javax.servlet.http.HttpServletResponse)#0 := req&quot;, &quot;#doGet(javax.servlet.http.HttpServletRequest, javax.servlet.http.HttpServletResponse)#1 := resp&quot;, &quot;#doGet(javax.servlet.http.HttpServletRequest, javax.servlet.http.HttpServletResponse)#0 := req&quot;, &quot;#doPut(javax.servlet.http.HttpServletRequest, javax.servlet.http.HttpServletResponse)#0 := req&quot;, &quot;#maybeSetLastModified(javax.servlet.http.HttpServletResponse, long)#0 := resp&quot;, &quot;#doPost(javax.servlet.http.HttpServletRequest, javax.servlet.http.HttpServletResponse)#1 := resp&quot; }"/>
        </annotation>
    </item>
    <item name='javax.servlet.http.HttpServletRequest T upgrade(java.lang.Class&lt;T&gt;)'>
        <annotation name='com.intellij.inspections.tainted.annotation.equation.Equations'>
            <val val="{ &quot;HttpServletRequestWrapper#upgrade(java.lang.Class)#0 := handlerClass&quot;, &quot;upgrade := HttpServletRequestWrapper#upgrade(java.lang.Class)&quot; }"/>
        </annotation>
    </item>
    <item name='javax.servlet.http.HttpServletRequest boolean authenticate(javax.servlet.http.HttpServletResponse)'>
        <annotation name='com.intellij.inspections.tainted.annotation.equation.Equations'>
            <val val="{ &quot;HttpServletRequestWrapper#authenticate(javax.servlet.http.HttpServletResponse)#0 := response&quot; }"/>
        </annotation>
    </item>
    <item name='javax.servlet.http.HttpServletRequest boolean isUserInRole(java.lang.String)'>
        <annotation name='com.intellij.inspections.tainted.annotation.equation.Equations'>
            <val val="{ &quot;HttpServletRequestWrapper#isUserInRole(java.lang.String)#0 := role&quot; }"/>
        </annotation>
    </item>
    <item name='javax.servlet.http.HttpServletRequest int getIntHeader(java.lang.String)'>
        <annotation name='com.intellij.inspections.tainted.annotation.equation.Equations'>
            <val val="{ &quot;HttpServletRequestWrapper#getIntHeader(java.lang.String)#0 := name&quot; }"/>
        </annotation>
    </item>
    <item name='javax.servlet.http.HttpServletRequest java.lang.String changeSessionId()'>
        <annotation name='com.intellij.inspections.tainted.annotation.equation.Equations'>
            <val val="{ &quot;changeSessionId := HttpServletRequestWrapper#changeSessionId()&quot; }"/>
        </annotation>
    </item>
    <item name='javax.servlet.http.HttpServletRequest java.lang.String getAuthType()'>
        <annotation name='com.intellij.inspections.tainted.annotation.equation.Equations'>
            <val val="{ &quot;getAuthType := HttpServletRequestWrapper#getAuthType()&quot; }"/>
        </annotation>
    </item>
    <item name='javax.servlet.http.HttpServletRequest java.lang.String getContextPath()'>
        <annotation name='com.intellij.inspections.tainted.annotation.Tainted'/>
    </item>
    <item name='javax.servlet.http.HttpServletRequest java.lang.String getContextPath()'>
        <annotation name='com.intellij.inspections.tainted.annotation.equation.Equations'>
            <val val="{ &quot;getContextPath := Tainted &amp; HttpServletRequestWrapper#getContextPath()&quot; }"/>
        </annotation>
    </item>
    <item name='javax.servlet.http.HttpServletRequest java.lang.String getHeader(java.lang.String)'>
        <annotation name='com.intellij.inspections.tainted.annotation.Tainted'/>
    </item>
    <item name='javax.servlet.http.HttpServletRequest java.lang.String getHeader(java.lang.String)'>
        <annotation name='com.intellij.inspections.tainted.annotation.equation.Equations'>
            <val val="{ &quot;getHeader := Tainted &amp; HttpServletRequestWrapper#getHeader(java.lang.String)&quot;, &quot;HttpServletRequestWrapper#getHeader(java.lang.String)#0 := name&quot; }"/>
        </annotation>
    </item>
    <item name='javax.servlet.http.HttpServletRequest java.lang.String getMethod()'>
        <annotation name='com.intellij.inspections.tainted.annotation.equation.Equations'>
            <val val="{ &quot;getMethod := HttpServletRequestWrapper#getMethod()&quot; }"/>
        </annotation>
    </item>
    <item name='javax.servlet.http.HttpServletRequest java.lang.String getPathInfo()'>
        <annotation name='com.intellij.inspections.tainted.annotation.Tainted'/>
    </item>
    <item name='javax.servlet.http.HttpServletRequest java.lang.String getPathInfo()'>
        <annotation name='com.intellij.inspections.tainted.annotation.equation.Equations'>
            <val val="{ &quot;getPathInfo := Tainted &amp; HttpServletRequestWrapper#getPathInfo()&quot; }"/>
        </annotation>
    </item>
    <item name='javax.servlet.http.HttpServletRequest java.lang.String getPathTranslated()'>
        <annotation name='com.intellij.inspections.tainted.annotation.Tainted'/>
    </item>
    <item name='javax.servlet.http.HttpServletRequest java.lang.String getPathTranslated()'>
        <annotation name='com.intellij.inspections.tainted.annotation.equation.Equations'>
            <val val="{ &quot;getPathTranslated := Tainted &amp; HttpServletRequestWrapper#getPathTranslated()&quot; }"/>
        </annotation>
    </item>
    <item name='javax.servlet.http.HttpServletRequest java.lang.String getQueryString()'>
        <annotation name='com.intellij.inspections.tainted.annotation.Tainted'/>
    </item>
    <item name='javax.servlet.http.HttpServletRequest java.lang.String getQueryString()'>
        <annotation name='com.intellij.inspections.tainted.annotation.equation.Equations'>
            <val val="{ &quot;getQueryString := Tainted &amp; HttpServletRequestWrapper#getQueryString()&quot; }"/>
        </annotation>
    </item>
    <item name='javax.servlet.http.HttpServletRequest java.lang.String getRemoteUser()'>
        <annotation name='com.intellij.inspections.tainted.annotation.Tainted'/>
    </item>
    <item name='javax.servlet.http.HttpServletRequest java.lang.String getRemoteUser()'>
        <annotation name='com.intellij.inspections.tainted.annotation.equation.Equations'>
            <val val="{ &quot;getRemoteUser := Tainted &amp; HttpServletRequestWrapper#getRemoteUser()&quot; }"/>
        </annotation>
    </item>
    <item name='javax.servlet.http.HttpServletRequest java.lang.String getRequestURI()'>
        <annotation name='com.intellij.inspections.tainted.annotation.Tainted'/>
    </item>
    <item name='javax.servlet.http.HttpServletRequest java.lang.String getRequestURI()'>
        <annotation name='com.intellij.inspections.tainted.annotation.equation.Equations'>
            <val val="{ &quot;getRequestURI := Tainted &amp; HttpServletRequestWrapper#getRequestURI()&quot; }"/>
        </annotation>
    </item>
    <item name='javax.servlet.http.HttpServletRequest java.lang.String getRequestedSessionId()'>
        <annotation name='com.intellij.inspections.tainted.annotation.Tainted'/>
    </item>
    <item name='javax.servlet.http.HttpServletRequest java.lang.String getRequestedSessionId()'>
        <annotation name='com.intellij.inspections.tainted.annotation.equation.Equations'>
            <val val="{ &quot;getRequestedSessionId := Tainted &amp; HttpServletRequestWrapper#getRequestedSessionId()&quot; }"/>
        </annotation>
    </item>
    <item name='javax.servlet.http.HttpServletRequest java.lang.String getServletPath()'>
        <annotation name='com.intellij.inspections.tainted.annotation.equation.Equations'>
            <val val="{ &quot;getServletPath := HttpServletRequestWrapper#getServletPath()&quot; }"/>
        </annotation>
    </item>
    <item name='javax.servlet.http.HttpServletRequest java.lang.StringBuffer getRequestURL()'>
        <annotation name='com.intellij.inspections.tainted.annotation.Tainted'/>
    </item>
    <item name='javax.servlet.http.HttpServletRequest java.lang.StringBuffer getRequestURL()'>
        <annotation name='com.intellij.inspections.tainted.annotation.equation.Equations'>
            <val val="{ &quot;getRequestURL := Tainted &amp; HttpServletRequestWrapper#getRequestURL()&quot; }"/>
        </annotation>
    </item>
    <item name='javax.servlet.http.HttpServletRequest java.security.Principal getUserPrincipal()'>
        <annotation name='com.intellij.inspections.tainted.annotation.equation.Equations'>
            <val val="{ &quot;getUserPrincipal := HttpServletRequestWrapper#getUserPrincipal()&quot; }"/>
        </annotation>
    </item>
    <item name='javax.servlet.http.HttpServletRequest java.util.Collection&lt;javax.servlet.http.Part&gt; getParts()'>
        <annotation name='com.intellij.inspections.tainted.annotation.Tainted'/>
    </item>
    <item name='javax.servlet.http.HttpServletRequest java.util.Collection&lt;javax.servlet.http.Part&gt; getParts()'>
        <annotation name='com.intellij.inspections.tainted.annotation.equation.Equations'>
            <val val="{ &quot;getParts := Tainted &amp; HttpServletRequestWrapper#getParts()&quot; }"/>
        </annotation>
    </item>
    <item name='javax.servlet.http.HttpServletRequest java.util.Enumeration&lt;java.lang.String&gt; getHeaderNames()'>
        <annotation name='com.intellij.inspections.tainted.annotation.Tainted'/>
    </item>
    <item name='javax.servlet.http.HttpServletRequest java.util.Enumeration&lt;java.lang.String&gt; getHeaderNames()'>
        <annotation name='com.intellij.inspections.tainted.annotation.equation.Equations'>
            <val val="{ &quot;getHeaderNames := Tainted &amp; HttpServletRequestWrapper#getHeaderNames()&quot; }"/>
        </annotation>
    </item>
    <item name='javax.servlet.http.HttpServletRequest java.util.Enumeration&lt;java.lang.String&gt; getHeaders(java.lang.String)'>
        <annotation name='com.intellij.inspections.tainted.annotation.Tainted'/>
    </item>
    <item name='javax.servlet.http.HttpServletRequest java.util.Enumeration&lt;java.lang.String&gt; getHeaders(java.lang.String)'>
        <annotation name='com.intellij.inspections.tainted.annotation.equation.Equations'>
            <val val="{ &quot;HttpServletRequestWrapper#getHeaders(java.lang.String)#0 := name&quot;, &quot;getHeaders := Tainted &amp; HttpServletRequestWrapper#getHeaders(java.lang.String)&quot; }"/>
        </annotation>
    </item>
    <item name='javax.servlet.http.HttpServletRequest java.util.Map&lt;java.lang.String,java.lang.String&gt; getTrailerFields()'>
        <annotation name='com.intellij.inspections.tainted.annotation.Tainted'/>
    </item>
    <item name='javax.servlet.http.HttpServletRequest java.util.Map&lt;java.lang.String,java.lang.String&gt; getTrailerFields()'>
        <annotation name='com.intellij.inspections.tainted.annotation.equation.Equations'>
            <val val="{ &quot;getTrailerFields := Tainted &amp; HttpServletRequestWrapper#getTrailerFields()&quot; }"/>
        </annotation>
    </item>
    <item name='javax.servlet.http.HttpServletRequest javax.servlet.http.Cookie[] getCookies()'>
        <annotation name='com.intellij.inspections.tainted.annotation.Tainted'/>
    </item>
    <item name='javax.servlet.http.HttpServletRequest javax.servlet.http.Cookie[] getCookies()'>
        <annotation name='com.intellij.inspections.tainted.annotation.equation.Equations'>
            <val val="{ &quot;getCookies := Tainted &amp; HttpServletRequestWrapper#getCookies()&quot; }"/>
        </annotation>
    </item>
    <item name='javax.servlet.http.HttpServletRequest javax.servlet.http.HttpServletMapping getHttpServletMapping()'>
        <annotation name='com.intellij.inspections.tainted.annotation.equation.Equations'>
            <val val="{ &quot;getHttpServletMapping := HttpServletRequestWrapper#getHttpServletMapping()&quot; }"/>
        </annotation>
    </item>
    <item name='javax.servlet.http.HttpServletRequest javax.servlet.http.HttpSession getSession()'>
        <annotation name='com.intellij.inspections.tainted.annotation.Tainted'/>
    </item>
    <item name='javax.servlet.http.HttpServletRequest javax.servlet.http.HttpSession getSession()'>
        <annotation name='com.intellij.inspections.tainted.annotation.equation.Equations'>
            <val val="{ &quot;getSession := Tainted &amp; HttpServletRequestWrapper#getSession()&quot; }"/>
        </annotation>
    </item>
    <item name='javax.servlet.http.HttpServletRequest javax.servlet.http.HttpSession getSession(boolean)'>
        <annotation name='com.intellij.inspections.tainted.annotation.Tainted'/>
    </item>
    <item name='javax.servlet.http.HttpServletRequest javax.servlet.http.HttpSession getSession(boolean)'>
        <annotation name='com.intellij.inspections.tainted.annotation.equation.Equations'>
            <val val="{ &quot;getSession := Tainted &amp; HttpServletRequestWrapper#getSession(boolean)&quot; }"/>
        </annotation>
    </item>
    <item name='javax.servlet.http.HttpServletRequest javax.servlet.http.Part getPart(java.lang.String)'>
        <annotation name='com.intellij.inspections.tainted.annotation.Tainted'/>
    </item>
    <item name='javax.servlet.http.HttpServletRequest javax.servlet.http.Part getPart(java.lang.String)'>
        <annotation name='com.intellij.inspections.tainted.annotation.equation.Equations'>
            <val val="{ &quot;getPart := Tainted &amp; HttpServletRequestWrapper#getPart(java.lang.String)&quot;, &quot;HttpServletRequestWrapper#getPart(java.lang.String)#0 := name&quot; }"/>
        </annotation>
    </item>
    <item name='javax.servlet.http.HttpServletRequest javax.servlet.http.PushBuilder newPushBuilder()'>
        <annotation name='com.intellij.inspections.tainted.annotation.equation.Equations'>
            <val val="{ &quot;newPushBuilder := HttpServletRequestWrapper#newPushBuilder()&quot; }"/>
        </annotation>
    </item>
    <item name='javax.servlet.http.HttpServletRequest long getDateHeader(java.lang.String)'>
        <annotation name='com.intellij.inspections.tainted.annotation.equation.Equations'>
            <val val="{ &quot;HttpServletRequestWrapper#getDateHeader(java.lang.String)#0 := name&quot; }"/>
        </annotation>
    </item>
    <item name='javax.servlet.http.HttpServletRequest void login(java.lang.String, java.lang.String)'>
        <annotation name='com.intellij.inspections.tainted.annotation.equation.Equations'>
            <val val="{ &quot;HttpServletRequestWrapper#login(java.lang.String, java.lang.String)#1 := password&quot;, &quot;HttpServletRequestWrapper#login(java.lang.String, java.lang.String)#0 := username&quot; }"/>
        </annotation>
    </item>
    <item name='javax.servlet.http.HttpServletRequestWrapper HttpServletRequestWrapper(javax.servlet.http.HttpServletRequest)'>
        <annotation name='com.intellij.inspections.tainted.annotation.equation.Equations'>
            <val val="{ &quot;HttpServletRequestWrapper := HttpServletRequestWrapper&quot;, &quot;javax.servlet.ServletRequestWrapper#ServletRequestWrapper(javax.servlet.ServletRequest)#0 := request&quot; }"/>
        </annotation>
    </item>
    <item name='javax.servlet.http.HttpServletRequestWrapper T upgrade(java.lang.Class&lt;T&gt;)'>
        <annotation name='com.intellij.inspections.tainted.annotation.equation.Equations'>
            <val val="{ &quot;HttpServletRequest#upgrade(java.lang.Class)#0 := handlerClass&quot; }"/>
        </annotation>
    </item>
    <item name='javax.servlet.http.HttpServletRequestWrapper java.lang.String getHeader(java.lang.String)'>
        <annotation name='com.intellij.inspections.tainted.annotation.equation.Equations'>
            <val val="{ &quot;HttpServletRequest#getHeader(java.lang.String)#0 := name&quot; }"/>
        </annotation>
    </item>
    <item name='javax.servlet.http.HttpServletRequestWrapper java.util.Enumeration&lt;java.lang.String&gt; getHeaders(java.lang.String)'>
        <annotation name='com.intellij.inspections.tainted.annotation.equation.Equations'>
            <val val="{ &quot;HttpServletRequest#getHeaders(java.lang.String)#0 := name&quot; }"/>
        </annotation>
    </item>
    <item name='javax.servlet.http.HttpServletRequestWrapper javax.servlet.http.Part getPart(java.lang.String)'>
        <annotation name='com.intellij.inspections.tainted.annotation.equation.Equations'>
            <val val="{ &quot;HttpServletRequest#getPart(java.lang.String)#0 := name&quot; }"/>
        </annotation>
    </item>
    <item name='javax.servlet.http.HttpServletRequestWrapper void login(java.lang.String, java.lang.String)'>
        <annotation name='com.intellij.inspections.tainted.annotation.equation.Equations'>
            <val val="{ &quot;HttpServletRequest#login(java.lang.String, java.lang.String)#1 := password&quot;, &quot;HttpServletRequest#login(java.lang.String, java.lang.String)#0 := username&quot; }"/>
        </annotation>
    </item>
    <item name='javax.servlet.http.HttpServletResponse boolean containsHeader(java.lang.String)'>
        <annotation name='com.intellij.inspections.tainted.annotation.equation.Equations'>
            <val val="{ &quot;HttpServletResponseWrapper#containsHeader(java.lang.String)#0 := name&quot; }"/>
        </annotation>
    </item>
    <item name='javax.servlet.http.HttpServletResponse java.lang.String encodeRedirectURL(java.lang.String)'>
        <annotation name='com.intellij.inspections.tainted.annotation.equation.Equations'>
            <val val="{ &quot;encodeRedirectURL := HttpServletResponseWrapper#encodeRedirectURL(java.lang.String)&quot;, &quot;HttpServletResponseWrapper#encodeRedirectURL(java.lang.String)#0 := url&quot; }"/>
        </annotation>
    </item>
    <item name='javax.servlet.http.HttpServletResponse java.lang.String encodeRedirectUrl(java.lang.String)'>
        <annotation name='com.intellij.inspections.tainted.annotation.equation.Equations'>
            <val val="{ &quot;encodeRedirectUrl := HttpServletResponseWrapper#encodeRedirectUrl(java.lang.String)&quot;, &quot;HttpServletResponseWrapper#encodeRedirectUrl(java.lang.String)#0 := url&quot; }"/>
        </annotation>
    </item>
    <item name='javax.servlet.http.HttpServletResponse java.lang.String encodeURL(java.lang.String)'>
        <annotation name='com.intellij.inspections.tainted.annotation.equation.Equations'>
            <val val="{ &quot;HttpServletResponseWrapper#encodeURL(java.lang.String)#0 := url&quot;, &quot;encodeURL := HttpServletResponseWrapper#encodeURL(java.lang.String)&quot; }"/>
        </annotation>
    </item>
    <item name='javax.servlet.http.HttpServletResponse java.lang.String encodeUrl(java.lang.String)'>
        <annotation name='com.intellij.inspections.tainted.annotation.equation.Equations'>
            <val val="{ &quot;encodeUrl := HttpServletResponseWrapper#encodeUrl(java.lang.String)&quot;, &quot;HttpServletResponseWrapper#encodeUrl(java.lang.String)#0 := url&quot; }"/>
        </annotation>
    </item>
    <item name='javax.servlet.http.HttpServletResponse java.lang.String getHeader(java.lang.String)'>
        <annotation name='com.intellij.inspections.tainted.annotation.equation.Equations'>
            <val val="{ &quot;HttpServletResponseWrapper#getHeader(java.lang.String)#0 := name&quot;, &quot;getHeader := HttpServletResponseWrapper#getHeader(java.lang.String)&quot; }"/>
        </annotation>
    </item>
    <item name='javax.servlet.http.HttpServletResponse java.util.Collection&lt;java.lang.String&gt; getHeaderNames()'>
        <annotation name='com.intellij.inspections.tainted.annotation.equation.Equations'>
            <val val="{ &quot;getHeaderNames := HttpServletResponseWrapper#getHeaderNames()&quot; }"/>
        </annotation>
    </item>
    <item name='javax.servlet.http.HttpServletResponse java.util.Collection&lt;java.lang.String&gt; getHeaders(java.lang.String)'>
        <annotation name='com.intellij.inspections.tainted.annotation.equation.Equations'>
            <val val="{ &quot;HttpServletResponseWrapper#getHeaders(java.lang.String)#0 := name&quot;, &quot;getHeaders := HttpServletResponseWrapper#getHeaders(java.lang.String)&quot; }"/>
        </annotation>
    </item>
    <item name='javax.servlet.http.HttpServletResponse java.util.function.Supplier&lt;java.util.Map&lt;java.lang.String,java.lang.String&gt;&gt; getTrailerFields()'>
        <annotation name='com.intellij.inspections.tainted.annotation.equation.Equations'>
            <val val="{ &quot;getTrailerFields := HttpServletResponseWrapper#getTrailerFields()&quot; }"/>
        </annotation>
    </item>
    <item name='javax.servlet.http.HttpServletResponse void addCookie(javax.servlet.http.Cookie)'>
        <annotation name='com.intellij.inspections.tainted.annotation.equation.Equations'>
            <val val="{ &quot;HttpServletResponseWrapper#addCookie(javax.servlet.http.Cookie)#0 := cookie&quot; }"/>
        </annotation>
    </item>
    <item name='javax.servlet.http.HttpServletResponse void addCookie(javax.servlet.http.Cookie) 0'>
        <annotation name='com.intellij.inspections.tainted.annotation.Untainted'/>
    </item>
    <item name='javax.servlet.http.HttpServletResponse void addDateHeader(java.lang.String, long)'>
        <annotation name='com.intellij.inspections.tainted.annotation.equation.Equations'>
            <val val="{ &quot;HttpServletResponseWrapper#addDateHeader(java.lang.String, long)#0 := name&quot; }"/>
        </annotation>
    </item>
    <item name='javax.servlet.http.HttpServletResponse void addDateHeader(java.lang.String, long) 0'>
        <annotation name='com.intellij.inspections.tainted.annotation.Untainted'/>
    </item>
    <item name='javax.servlet.http.HttpServletResponse void addHeader(java.lang.String, java.lang.String)'>
        <annotation name='com.intellij.inspections.tainted.annotation.equation.Equations'>
            <val val="{ &quot;HttpServletResponseWrapper#addHeader(java.lang.String, java.lang.String)#1 := value&quot;, &quot;value := Untainted&quot; }"/>
        </annotation>
    </item>
    <item name='javax.servlet.http.HttpServletResponse void addHeader(java.lang.String, java.lang.String) 0'>
        <annotation name='com.intellij.inspections.tainted.annotation.Untainted'/>
    </item>
    <item name='javax.servlet.http.HttpServletResponse void addHeader(java.lang.String, java.lang.String) 1'>
        <annotation name='com.intellij.inspections.tainted.annotation.Untainted'/>
    </item>
    <item name='javax.servlet.http.HttpServletResponse void addIntHeader(java.lang.String, int) 0'>
        <annotation name='com.intellij.inspections.tainted.annotation.Untainted'/>
    </item>
    <item name='javax.servlet.http.HttpServletResponse void sendError(int, java.lang.String)'>
        <annotation name='com.intellij.inspections.tainted.annotation.equation.Equations'>
            <val val="{ &quot;HttpServletResponseWrapper#sendError(int, java.lang.String)#1 := msg&quot; }"/>
        </annotation>
    </item>
    <item name='javax.servlet.http.HttpServletResponse void sendError(int, java.lang.String) 1'>
        <annotation name='com.intellij.inspections.tainted.annotation.Untainted'/>
    </item>
    <item name='javax.servlet.http.HttpServletResponse void sendRedirect(java.lang.String)'>
        <annotation name='com.intellij.inspections.tainted.annotation.equation.Equations'>
            <val val="{ &quot;HttpServletResponseWrapper#sendRedirect(java.lang.String)#0 := location&quot; }"/>
        </annotation>
    </item>
    <item name='javax.servlet.http.HttpServletResponse void sendRedirect(java.lang.String) 0'>
        <annotation name='com.intellij.inspections.tainted.annotation.Untainted'/>
    </item>
    <item name='javax.servlet.http.HttpServletResponse void setDateHeader(java.lang.String, long)'>
        <annotation name='com.intellij.inspections.tainted.annotation.equation.Equations'>
            <val val="{ &quot;HttpServletResponseWrapper#setDateHeader(java.lang.String, long)#0 := name&quot; }"/>
        </annotation>
    </item>
    <item name='javax.servlet.http.HttpServletResponse void setDateHeader(java.lang.String, long) 0'>
        <annotation name='com.intellij.inspections.tainted.annotation.Untainted'/>
    </item>
    <item name='javax.servlet.http.HttpServletResponse void setHeader(java.lang.String, java.lang.String)'>
        <annotation name='com.intellij.inspections.tainted.annotation.equation.Equations'>
            <val val="{ &quot;HttpServletResponseWrapper#setHeader(java.lang.String, java.lang.String)#1 := value&quot;, &quot;value := Untainted&quot; }"/>
        </annotation>
    </item>
    <item name='javax.servlet.http.HttpServletResponse void setHeader(java.lang.String, java.lang.String) 0'>
        <annotation name='com.intellij.inspections.tainted.annotation.Untainted'/>
    </item>
    <item name='javax.servlet.http.HttpServletResponse void setHeader(java.lang.String, java.lang.String) 1'>
        <annotation name='com.intellij.inspections.tainted.annotation.Untainted'/>
    </item>
    <item name='javax.servlet.http.HttpServletResponse void setIntHeader(java.lang.String, int) 0'>
        <annotation name='com.intellij.inspections.tainted.annotation.Untainted'/>
    </item>
    <item name='javax.servlet.http.HttpServletResponse void setStatus(int, java.lang.String)'>
        <annotation name='com.intellij.inspections.tainted.annotation.equation.Equations'>
            <val val="{ &quot;HttpServletResponseWrapper#setStatus(int, java.lang.String)#1 := sm&quot; }"/>
        </annotation>
    </item>
    <item name='javax.servlet.http.HttpServletResponse void setTrailerFields(java.util.function.Supplier&lt;java.util.Map&lt;java.lang.String,java.lang.String&gt;&gt;)'>
        <annotation name='com.intellij.inspections.tainted.annotation.equation.Equations'>
            <val val="{ &quot;HttpServletResponseWrapper#setTrailerFields(java.util.function.Supplier)#0 := supplier&quot;, &quot;supplier := Untainted&quot; }"/>
        </annotation>
    </item>
    <item name='javax.servlet.http.HttpServletResponse void setTrailerFields(java.util.function.Supplier&lt;java.util.Map&lt;java.lang.String,java.lang.String&gt;&gt;) 0'>
        <annotation name='com.intellij.inspections.tainted.annotation.Untainted'/>
    </item>
    <item name='javax.servlet.http.HttpServletResponseWrapper HttpServletResponseWrapper(javax.servlet.http.HttpServletResponse)'>
        <annotation name='com.intellij.inspections.tainted.annotation.equation.Equations'>
            <val val="{ &quot;javax.servlet.ServletResponseWrapper#ServletResponseWrapper(javax.servlet.ServletResponse)#0 := response&quot;, &quot;HttpServletResponseWrapper := HttpServletResponseWrapper&quot; }"/>
        </annotation>
    </item>
    <item name='javax.servlet.http.HttpServletResponseWrapper java.lang.String encodeRedirectURL(java.lang.String)'>
        <annotation name='com.intellij.inspections.tainted.annotation.equation.Equations'>
            <val val="{ &quot;HttpServletResponse#encodeRedirectURL(java.lang.String)#0 := url&quot; }"/>
        </annotation>
    </item>
    <item name='javax.servlet.http.HttpServletResponseWrapper java.lang.String encodeRedirectUrl(java.lang.String)'>
        <annotation name='com.intellij.inspections.tainted.annotation.equation.Equations'>
            <val val="{ &quot;HttpServletResponse#encodeRedirectUrl(java.lang.String)#0 := url&quot; }"/>
        </annotation>
    </item>
    <item name='javax.servlet.http.HttpServletResponseWrapper java.lang.String encodeURL(java.lang.String)'>
        <annotation name='com.intellij.inspections.tainted.annotation.equation.Equations'>
            <val val="{ &quot;HttpServletResponse#encodeURL(java.lang.String)#0 := url&quot; }"/>
        </annotation>
    </item>
    <item name='javax.servlet.http.HttpServletResponseWrapper java.lang.String encodeUrl(java.lang.String)'>
        <annotation name='com.intellij.inspections.tainted.annotation.equation.Equations'>
            <val val="{ &quot;HttpServletResponse#encodeUrl(java.lang.String)#0 := url&quot; }"/>
        </annotation>
    </item>
    <item name='javax.servlet.http.HttpServletResponseWrapper java.lang.String getHeader(java.lang.String)'>
        <annotation name='com.intellij.inspections.tainted.annotation.equation.Equations'>
            <val val="{ &quot;HttpServletResponse#getHeader(java.lang.String)#0 := name&quot; }"/>
        </annotation>
    </item>
    <item name='javax.servlet.http.HttpServletResponseWrapper java.util.Collection&lt;java.lang.String&gt; getHeaders(java.lang.String)'>
        <annotation name='com.intellij.inspections.tainted.annotation.equation.Equations'>
            <val val="{ &quot;HttpServletResponse#getHeaders(java.lang.String)#0 := name&quot; }"/>
        </annotation>
    </item>
    <item name='javax.servlet.http.HttpServletResponseWrapper void addCookie(javax.servlet.http.Cookie)'>
        <annotation name='com.intellij.inspections.tainted.annotation.equation.Equations'>
            <val val="{ &quot;HttpServletResponse#addCookie(javax.servlet.http.Cookie)#0 := cookie&quot; }"/>
        </annotation>
    </item>
    <item name='javax.servlet.http.HttpServletResponseWrapper void addDateHeader(java.lang.String, long)'>
        <annotation name='com.intellij.inspections.tainted.annotation.equation.Equations'>
            <val val="{ &quot;HttpServletResponse#addDateHeader(java.lang.String, long)#0 := name&quot; }"/>
        </annotation>
    </item>
    <item name='javax.servlet.http.HttpServletResponseWrapper void addHeader(java.lang.String, java.lang.String)'>
        <annotation name='com.intellij.inspections.tainted.annotation.equation.Equations'>
            <val val="{ &quot;HttpServletResponse#addHeader(java.lang.String, java.lang.String)#0 := name&quot;, &quot;NoBodyResponse#addHeader(java.lang.String, java.lang.String)#0 := name&quot;, &quot;NoBodyResponse#addHeader(java.lang.String, java.lang.String)#1 := value&quot;, &quot;value := Untainted&quot;, &quot;HttpServletResponse#addHeader(java.lang.String, java.lang.String)#1 := value&quot; }"/>
        </annotation>
    </item>
    <item name='javax.servlet.http.HttpServletResponseWrapper void addIntHeader(java.lang.String, int)'>
        <annotation name='com.intellij.inspections.tainted.annotation.equation.Equations'>
            <val val="{ &quot;HttpServletResponse#addIntHeader(java.lang.String, int)#0 := name&quot;, &quot;NoBodyResponse#addIntHeader(java.lang.String, int)#0 := name&quot; }"/>
        </annotation>
    </item>
    <item name='javax.servlet.http.HttpServletResponseWrapper void sendError(int, java.lang.String)'>
        <annotation name='com.intellij.inspections.tainted.annotation.equation.Equations'>
            <val val="{ &quot;HttpServletResponse#sendError(int, java.lang.String)#1 := msg&quot; }"/>
        </annotation>
    </item>
    <item name='javax.servlet.http.HttpServletResponseWrapper void sendRedirect(java.lang.String)'>
        <annotation name='com.intellij.inspections.tainted.annotation.equation.Equations'>
            <val val="{ &quot;HttpServletResponse#sendRedirect(java.lang.String)#0 := location&quot; }"/>
        </annotation>
    </item>
    <item name='javax.servlet.http.HttpServletResponseWrapper void setDateHeader(java.lang.String, long)'>
        <annotation name='com.intellij.inspections.tainted.annotation.equation.Equations'>
            <val val="{ &quot;HttpServletResponse#setDateHeader(java.lang.String, long)#0 := name&quot; }"/>
        </annotation>
    </item>
    <item name='javax.servlet.http.HttpServletResponseWrapper void setHeader(java.lang.String, java.lang.String)'>
        <annotation name='com.intellij.inspections.tainted.annotation.equation.Equations'>
            <val val="{ &quot;HttpServletResponse#setHeader(java.lang.String, java.lang.String)#0 := name&quot;, &quot;NoBodyResponse#setHeader(java.lang.String, java.lang.String)#0 := name&quot;, &quot;NoBodyResponse#setHeader(java.lang.String, java.lang.String)#1 := value&quot;, &quot;value := Untainted&quot;, &quot;HttpServletResponse#setHeader(java.lang.String, java.lang.String)#1 := value&quot; }"/>
        </annotation>
    </item>
    <item name='javax.servlet.http.HttpServletResponseWrapper void setIntHeader(java.lang.String, int)'>
        <annotation name='com.intellij.inspections.tainted.annotation.equation.Equations'>
            <val val="{ &quot;HttpServletResponse#setIntHeader(java.lang.String, int)#0 := name&quot;, &quot;NoBodyResponse#setIntHeader(java.lang.String, int)#0 := name&quot; }"/>
        </annotation>
    </item>
    <item name='javax.servlet.http.HttpServletResponseWrapper void setStatus(int, java.lang.String)'>
        <annotation name='com.intellij.inspections.tainted.annotation.equation.Equations'>
            <val val="{ &quot;HttpServletResponse#setStatus(int, java.lang.String)#1 := sm&quot; }"/>
        </annotation>
    </item>
    <item name='javax.servlet.http.HttpServletResponseWrapper void setTrailerFields(java.util.function.Supplier&lt;java.util.Map&lt;java.lang.String,java.lang.String&gt;&gt;)'>
        <annotation name='com.intellij.inspections.tainted.annotation.equation.Equations'>
            <val val="{ &quot;supplier := Untainted&quot;, &quot;HttpServletResponse#setTrailerFields(java.util.function.Supplier)#0 := supplier&quot; }"/>
        </annotation>
    </item>
    <item name='javax.servlet.http.HttpSessionBindingEvent'>
        <annotation name='com.intellij.inspections.tainted.annotation.equation.Equations'>
            <val val="{ &quot;HttpSessionBindingEvent := #HttpSessionBindingEvent(javax.servlet.http.HttpSession, java.lang.String, java.lang.Object)#2 &amp; #HttpSessionBindingEvent(javax.servlet.http.HttpSession, java.lang.String, java.lang.Object)#1 &amp; #HttpSessionBindingEvent(javax.servlet.http.HttpSession, java.lang.String)#1&quot; }"/>
        </annotation>
    </item>
    <item name='javax.servlet.http.HttpSessionBindingEvent HttpSessionBindingEvent(javax.servlet.http.HttpSession, java.lang.String)'>
        <annotation name='com.intellij.inspections.tainted.annotation.equation.Equations'>
            <val val="{ &quot;HttpSessionEvent#HttpSessionEvent(javax.servlet.http.HttpSession)#0 := session&quot;, &quot;HttpSessionBindingEvent := HttpSessionBindingEvent&quot; }"/>
        </annotation>
    </item>
    <item name='javax.servlet.http.HttpSessionBindingEvent HttpSessionBindingEvent(javax.servlet.http.HttpSession, java.lang.String, java.lang.Object)'>
        <annotation name='com.intellij.inspections.tainted.annotation.equation.Equations'>
            <val val="{ &quot;HttpSessionEvent#HttpSessionEvent(javax.servlet.http.HttpSession)#0 := session&quot;, &quot;HttpSessionBindingEvent := HttpSessionBindingEvent&quot; }"/>
        </annotation>
    </item>
    <item name='javax.servlet.http.HttpSessionBindingEvent java.lang.Object getValue()'>
        <annotation name='com.intellij.inspections.tainted.annotation.equation.Equations'>
            <val val="{ &quot;getValue := HttpSessionBindingEvent&quot; }"/>
        </annotation>
    </item>
    <item name='javax.servlet.http.HttpSessionBindingEvent java.lang.String getName()'>
        <annotation name='com.intellij.inspections.tainted.annotation.equation.Equations'>
            <val val="{ &quot;getName := HttpSessionBindingEvent&quot; }"/>
        </annotation>
    </item>
    <item name='javax.servlet.http.HttpSessionEvent HttpSessionEvent(javax.servlet.http.HttpSession)'>
        <annotation name='com.intellij.inspections.tainted.annotation.equation.Equations'>
            <val val="{ &quot;java.util.EventObject#EventObject(java.lang.Object)#0 := source&quot;, &quot;HttpSessionEvent := HttpSessionEvent&quot; }"/>
        </annotation>
    </item>
    <item name='javax.servlet.http.HttpSessionEvent javax.servlet.http.HttpSession getSession()'>
        <annotation name='com.intellij.inspections.tainted.annotation.equation.Equations'>
            <val val="{ &quot;getSession := HttpSessionBindingEvent#getSession()&quot; }"/>
        </annotation>
    </item>
    <item name='javax.servlet.http.HttpUtils HttpUtils()'>
        <annotation name='com.intellij.inspections.tainted.annotation.equation.Equations'>
            <val val="{ &quot;HttpUtils := HttpUtils&quot; }"/>
        </annotation>
    </item>
    <item name='javax.servlet.http.HttpUtils java.util.Hashtable&lt;java.lang.String,java.lang.String[]&gt; parseQueryString(java.lang.String)'>
        <annotation name='com.intellij.inspections.tainted.annotation.equation.Equations'>
            <val val="{ &quot;java.util.StringTokenizer#StringTokenizer(java.lang.String, java.lang.String)#0 := s&quot; }"/>
        </annotation>
    </item>
    <item name='javax.servlet.http.NoBodyOutputStream NoBodyOutputStream()'>
        <annotation name='com.intellij.inspections.tainted.annotation.equation.Equations'>
            <val val="{ &quot;NoBodyOutputStream := NoBodyOutputStream&quot; }"/>
        </annotation>
    </item>
    <item name='javax.servlet.http.NoBodyResponse'>
        <annotation name='com.intellij.inspections.tainted.annotation.equation.Equations'>
            <val val="{ &quot;java.io.OutputStreamWriter#OutputStreamWriter(java.io.OutputStream, java.lang.String)#0 := NoBodyResponse&quot; }"/>
        </annotation>
    </item>
    <item name='javax.servlet.http.NoBodyResponse NoBodyResponse(javax.servlet.http.HttpServletResponse)'>
        <annotation name='com.intellij.inspections.tainted.annotation.equation.Equations'>
            <val val="{ &quot;HttpServletResponseWrapper#HttpServletResponseWrapper(javax.servlet.http.HttpServletResponse)#0 := r&quot;, &quot;NoBodyResponse := NoBodyResponse&quot; }"/>
        </annotation>
    </item>
    <item name='javax.servlet.http.NoBodyResponse java.io.PrintWriter getWriter()'>
        <annotation name='com.intellij.inspections.tainted.annotation.equation.Equations'>
            <val val="{ &quot;getWriter := NoBodyResponse&quot; }"/>
        </annotation>
    </item>
    <item name='javax.servlet.http.NoBodyResponse javax.servlet.ServletOutputStream getOutputStream()'>
        <annotation name='com.intellij.inspections.tainted.annotation.equation.Equations'>
            <val val="{ &quot;getOutputStream := NoBodyResponse&quot; }"/>
        </annotation>
    </item>
    <item name='javax.servlet.http.NoBodyResponse void addHeader(java.lang.String, java.lang.String)'>
        <annotation name='com.intellij.inspections.tainted.annotation.equation.Equations'>
            <val val="{ &quot;HttpServletResponseWrapper#addHeader(java.lang.String, java.lang.String)#0 := name&quot;, &quot;#checkHeader(java.lang.String)#0 := name&quot; }"/>
        </annotation>
    </item>
    <item name='javax.servlet.http.NoBodyResponse void addIntHeader(java.lang.String, int)'>
        <annotation name='com.intellij.inspections.tainted.annotation.equation.Equations'>
            <val val="{ &quot;HttpServletResponseWrapper#addIntHeader(java.lang.String, int)#0 := name&quot;, &quot;#checkHeader(java.lang.String)#0 := name&quot; }"/>
        </annotation>
    </item>
    <item name='javax.servlet.http.NoBodyResponse void checkHeader(java.lang.String)'>
        <annotation name='com.intellij.inspections.tainted.annotation.equation.Equations'>
            <val val="{ &quot;java.lang.String#equalsIgnoreCase(java.lang.String)#0 := name&quot; }"/>
        </annotation>
    </item>
    <item name='javax.servlet.http.NoBodyResponse void setHeader(java.lang.String, java.lang.String)'>
        <annotation name='com.intellij.inspections.tainted.annotation.equation.Equations'>
            <val val="{ &quot;HttpServletResponseWrapper#setHeader(java.lang.String, java.lang.String)#0 := name&quot;, &quot;#checkHeader(java.lang.String)#0 := name&quot; }"/>
        </annotation>
    </item>
    <item name='javax.servlet.http.NoBodyResponse void setIntHeader(java.lang.String, int)'>
        <annotation name='com.intellij.inspections.tainted.annotation.equation.Equations'>
            <val val="{ &quot;HttpServletResponseWrapper#setIntHeader(java.lang.String, int)#0 := name&quot;, &quot;#checkHeader(java.lang.String)#0 := name&quot; }"/>
        </annotation>
    </item>
</root>