<root>
    <item name='org.locationtech.jts.algorithm.Angle double angle(org.locationtech.jts.geom.Coordinate, org.locationtech.jts.geom.Coordinate)'>
        <annotation name='com.intellij.inspections.tainted.annotation.equation.Equations'>
            <val val="{ &quot;angle := &quot;, &quot;p0 := org.locationtech.jts.operation.buffer.OffsetSegmentGenerator &amp; #angleBetweenOriented(org.locationtech.jts.geom.Coordinate, org.locationtech.jts.geom.Coordinate, org.locationtech.jts.geom.Coordinate)#1&quot;, &quot;p1 := org.locationtech.jts.operation.buffer.OffsetSegmentGenerator &amp; #angleBetweenOriented(org.locationtech.jts.geom.Coordinate, org.locationtech.jts.geom.Coordinate, org.locationtech.jts.geom.Coordinate)#0 &amp; #angleBetweenOriented(org.locationtech.jts.geom.Coordinate, org.locationtech.jts.geom.Coordinate, org.locationtech.jts.geom.Coordinate)#2&quot; }"/>
        </annotation>
    </item>
    <item name='org.locationtech.jts.algorithm.Angle double angleBetweenOriented(org.locationtech.jts.geom.Coordinate, org.locationtech.jts.geom.Coordinate, org.locationtech.jts.geom.Coordinate)'>
        <annotation name='com.intellij.inspections.tainted.annotation.equation.Equations'>
            <val val="{ &quot;tail := org.locationtech.jts.operation.buffer.OffsetSegmentGenerator&quot;, &quot;tip1 := org.locationtech.jts.operation.buffer.OffsetSegmentGenerator&quot;, &quot;angleBetweenOriented := #PI_TIMES_2&quot;, &quot;tip2 := org.locationtech.jts.operation.buffer.OffsetSegmentGenerator&quot; }"/>
        </annotation>
    </item>
    <item name='org.locationtech.jts.algorithm.Angle double normalize(double)'>
        <annotation name='com.intellij.inspections.tainted.annotation.equation.Equations'>
            <val val="{ &quot;normalize := angle &amp; #PI_TIMES_2&quot;, &quot;angle := java.lang.Math#PI&quot; }"/>
        </annotation>
    </item>
    <item name='org.locationtech.jts.algorithm.Area double ofRing(org.locationtech.jts.geom.CoordinateSequence)'>
        <annotation name='com.intellij.inspections.tainted.annotation.equation.Equations'>
            <val val="{ &quot;ofRing := &quot;, &quot;ring := &quot; }"/>
        </annotation>
    </item>
    <item name='org.locationtech.jts.algorithm.Area double ofRingSigned(org.locationtech.jts.geom.CoordinateSequence)'>
        <annotation name='com.intellij.inspections.tainted.annotation.equation.Equations'>
            <val val="{ &quot;ring := #ofRing(org.locationtech.jts.geom.CoordinateSequence)#0&quot; }"/>
        </annotation>
    </item>
    <item name='org.locationtech.jts.algorithm.BoundaryNodeRule boolean isInBoundary(int)'>
        <annotation name='com.intellij.inspections.tainted.annotation.equation.Equations'>
            <val val="{ &quot;boundaryCount := org.locationtech.jts.geomgraph.GeometryGraph#determineBoundary(org.locationtech.jts.algorithm.BoundaryNodeRule, int)#1 &amp; PointLocator&quot; }"/>
        </annotation>
    </item>
    <item name='org.locationtech.jts.algorithm.CGAlgorithmsDD int orientationIndex(org.locationtech.jts.geom.Coordinate, org.locationtech.jts.geom.Coordinate, org.locationtech.jts.geom.Coordinate)'>
        <annotation name='com.intellij.inspections.tainted.annotation.equation.Equations'>
            <val val="{ &quot;p1 := Orientation#index(org.locationtech.jts.geom.Coordinate, org.locationtech.jts.geom.Coordinate, org.locationtech.jts.geom.Coordinate)#0&quot;, &quot;p2 := Orientation#index(org.locationtech.jts.geom.Coordinate, org.locationtech.jts.geom.Coordinate, org.locationtech.jts.geom.Coordinate)#1&quot;, &quot;orientationIndex := &quot;, &quot;q := Orientation#index(org.locationtech.jts.geom.Coordinate, org.locationtech.jts.geom.Coordinate, org.locationtech.jts.geom.Coordinate)#2&quot; }"/>
        </annotation>
    </item>
    <item name='org.locationtech.jts.algorithm.CGAlgorithmsDD int orientationIndexFilter(org.locationtech.jts.geom.Coordinate, org.locationtech.jts.geom.Coordinate, org.locationtech.jts.geom.Coordinate)'>
        <annotation name='com.intellij.inspections.tainted.annotation.equation.Equations'>
            <val val="{ &quot;pb := #orientationIndex(org.locationtech.jts.geom.Coordinate, org.locationtech.jts.geom.Coordinate, org.locationtech.jts.geom.Coordinate)#1&quot;, &quot;orientationIndexFilter := &quot;, &quot;pa := #orientationIndex(org.locationtech.jts.geom.Coordinate, org.locationtech.jts.geom.Coordinate, org.locationtech.jts.geom.Coordinate)#0&quot;, &quot;pc := #orientationIndex(org.locationtech.jts.geom.Coordinate, org.locationtech.jts.geom.Coordinate, org.locationtech.jts.geom.Coordinate)#2&quot; }"/>
        </annotation>
    </item>
    <item name='org.locationtech.jts.algorithm.CGAlgorithmsDD org.locationtech.jts.geom.Coordinate intersection(org.locationtech.jts.geom.Coordinate, org.locationtech.jts.geom.Coordinate, org.locationtech.jts.geom.Coordinate, org.locationtech.jts.geom.Coordinate)'>
        <annotation name='com.intellij.inspections.tainted.annotation.equation.Equations'>
            <val val="{ &quot;q2 := RobustLineIntersector#checkDD(org.locationtech.jts.geom.Coordinate, org.locationtech.jts.geom.Coordinate, org.locationtech.jts.geom.Coordinate, org.locationtech.jts.geom.Coordinate, org.locationtech.jts.geom.Coordinate)#3&quot;, &quot;p2 := RobustLineIntersector#checkDD(org.locationtech.jts.geom.Coordinate, org.locationtech.jts.geom.Coordinate, org.locationtech.jts.geom.Coordinate, org.locationtech.jts.geom.Coordinate, org.locationtech.jts.geom.Coordinate)#1&quot;, &quot;intersection := &quot;, &quot;q1 := RobustLineIntersector#checkDD(org.locationtech.jts.geom.Coordinate, org.locationtech.jts.geom.Coordinate, org.locationtech.jts.geom.Coordinate, org.locationtech.jts.geom.Coordinate, org.locationtech.jts.geom.Coordinate)#2&quot;, &quot;p1 := RobustLineIntersector#checkDD(org.locationtech.jts.geom.Coordinate, org.locationtech.jts.geom.Coordinate, org.locationtech.jts.geom.Coordinate, org.locationtech.jts.geom.Coordinate, org.locationtech.jts.geom.Coordinate)#0&quot; }"/>
        </annotation>
    </item>
    <item name='org.locationtech.jts.algorithm.Centroid'>
        <annotation name='com.intellij.inspections.tainted.annotation.equation.Equations'>
            <val val="{ &quot;Centroid := #setAreaBasePoint(org.locationtech.jts.geom.Coordinate)#0 &amp; Centroid&quot; }"/>
        </annotation>
    </item>
    <item name='org.locationtech.jts.algorithm.Centroid Centroid(org.locationtech.jts.geom.Geometry)'>
        <annotation name='com.intellij.inspections.tainted.annotation.equation.Equations'>
            <val val="{ &quot;geom := #getCentroid(org.locationtech.jts.geom.Geometry)#0&quot;, &quot;Centroid := Centroid&quot; }"/>
        </annotation>
    </item>
    <item name='org.locationtech.jts.algorithm.Centroid double area2(org.locationtech.jts.geom.Coordinate, org.locationtech.jts.geom.Coordinate, org.locationtech.jts.geom.Coordinate)'>
        <annotation name='com.intellij.inspections.tainted.annotation.equation.Equations'>
            <val val="{ &quot;p2 := #addTriangle(org.locationtech.jts.geom.Coordinate, org.locationtech.jts.geom.Coordinate, org.locationtech.jts.geom.Coordinate, boolean)#1&quot;, &quot;p3 := #addTriangle(org.locationtech.jts.geom.Coordinate, org.locationtech.jts.geom.Coordinate, org.locationtech.jts.geom.Coordinate, boolean)#2&quot;, &quot;p1 := #addTriangle(org.locationtech.jts.geom.Coordinate, org.locationtech.jts.geom.Coordinate, org.locationtech.jts.geom.Coordinate, boolean)#0&quot; }"/>
        </annotation>
    </item>
    <item name='org.locationtech.jts.algorithm.Centroid org.locationtech.jts.geom.Coordinate getCentroid()'>
        <annotation name='com.intellij.inspections.tainted.annotation.equation.Equations'>
            <val val="{ &quot;getCentroid := &quot; }"/>
        </annotation>
    </item>
    <item name='org.locationtech.jts.algorithm.Centroid org.locationtech.jts.geom.Coordinate getCentroid(org.locationtech.jts.geom.Geometry)'>
        <annotation name='com.intellij.inspections.tainted.annotation.equation.Equations'>
            <val val="{ &quot;getCentroid := &quot;, &quot;geom := org.locationtech.jts.geom.Geometry&quot; }"/>
        </annotation>
    </item>
    <item name='org.locationtech.jts.algorithm.Centroid void add(org.locationtech.jts.geom.Geometry)'>
        <annotation name='com.intellij.inspections.tainted.annotation.equation.Equations'>
            <val val="{ &quot;geom := #Centroid(org.locationtech.jts.geom.Geometry)#0&quot; }"/>
        </annotation>
    </item>
    <item name='org.locationtech.jts.algorithm.Centroid void add(org.locationtech.jts.geom.Polygon)'>
        <annotation name='com.intellij.inspections.tainted.annotation.equation.Equations'>
            <val val="{ &quot;poly := #add(org.locationtech.jts.geom.Geometry)#0&quot; }"/>
        </annotation>
    </item>
    <item name='org.locationtech.jts.algorithm.Centroid void addHole(org.locationtech.jts.geom.Coordinate[])'>
        <annotation name='com.intellij.inspections.tainted.annotation.equation.Equations'>
            <val val="{ &quot;pts := &quot; }"/>
        </annotation>
    </item>
    <item name='org.locationtech.jts.algorithm.Centroid void addLineSegments(org.locationtech.jts.geom.Coordinate[])'>
        <annotation name='com.intellij.inspections.tainted.annotation.equation.Equations'>
            <val val="{ &quot;pts := #addShell(org.locationtech.jts.geom.Coordinate[])#0 &amp; #addHole(org.locationtech.jts.geom.Coordinate[])#0&quot; }"/>
        </annotation>
    </item>
    <item name='org.locationtech.jts.algorithm.Centroid void addPoint(org.locationtech.jts.geom.Coordinate)'>
        <annotation name='com.intellij.inspections.tainted.annotation.equation.Equations'>
            <val val="{ &quot;pt := #addLineSegments(org.locationtech.jts.geom.Coordinate[])#0&quot; }"/>
        </annotation>
    </item>
    <item name='org.locationtech.jts.algorithm.Centroid void addShell(org.locationtech.jts.geom.Coordinate[])'>
        <annotation name='com.intellij.inspections.tainted.annotation.equation.Equations'>
            <val val="{ &quot;pts := &quot; }"/>
        </annotation>
    </item>
    <item name='org.locationtech.jts.algorithm.Centroid void addTriangle(org.locationtech.jts.geom.Coordinate, org.locationtech.jts.geom.Coordinate, org.locationtech.jts.geom.Coordinate, boolean)'>
        <annotation name='com.intellij.inspections.tainted.annotation.equation.Equations'>
            <val val="{ &quot;p1 := #addShell(org.locationtech.jts.geom.Coordinate[])#0 &amp; #addHole(org.locationtech.jts.geom.Coordinate[])#0&quot;, &quot;p2 := #addShell(org.locationtech.jts.geom.Coordinate[])#0 &amp; #addHole(org.locationtech.jts.geom.Coordinate[])#0&quot;, &quot;isPositiveArea := &quot;, &quot;p0 := Centroid&quot; }"/>
        </annotation>
    </item>
    <item name='org.locationtech.jts.algorithm.Centroid void centroid3(org.locationtech.jts.geom.Coordinate, org.locationtech.jts.geom.Coordinate, org.locationtech.jts.geom.Coordinate, org.locationtech.jts.geom.Coordinate)'>
        <annotation name='com.intellij.inspections.tainted.annotation.equation.Equations'>
            <val val="{ &quot;p1 := #addTriangle(org.locationtech.jts.geom.Coordinate, org.locationtech.jts.geom.Coordinate, org.locationtech.jts.geom.Coordinate, boolean)#0&quot;, &quot;p3 := #addTriangle(org.locationtech.jts.geom.Coordinate, org.locationtech.jts.geom.Coordinate, org.locationtech.jts.geom.Coordinate, boolean)#2&quot;, &quot;p2 := #addTriangle(org.locationtech.jts.geom.Coordinate, org.locationtech.jts.geom.Coordinate, org.locationtech.jts.geom.Coordinate, boolean)#1&quot;, &quot;c := Centroid&quot; }"/>
        </annotation>
    </item>
    <item name='org.locationtech.jts.algorithm.Centroid void setAreaBasePoint(org.locationtech.jts.geom.Coordinate)'>
        <annotation name='com.intellij.inspections.tainted.annotation.equation.Equations'>
            <val val="{ &quot;basePt := #addShell(org.locationtech.jts.geom.Coordinate[])#0&quot; }"/>
        </annotation>
    </item>
    <item name='org.locationtech.jts.algorithm.ConvexHull'>
        <annotation name='com.intellij.inspections.tainted.annotation.equation.Equations'>
            <val val="{ &quot;ConvexHull := #ConvexHull(org.locationtech.jts.geom.Coordinate[], org.locationtech.jts.geom.GeometryFactory)#1&quot; }"/>
        </annotation>
    </item>
    <item name='org.locationtech.jts.algorithm.ConvexHull ConvexHull(org.locationtech.jts.geom.Coordinate[], org.locationtech.jts.geom.GeometryFactory)'>
        <annotation name='com.intellij.inspections.tainted.annotation.equation.Equations'>
            <val val="{ &quot;ConvexHull := ConvexHull&quot;, &quot;geomFactory := &quot;, &quot;pts := &quot; }"/>
        </annotation>
    </item>
    <item name='org.locationtech.jts.algorithm.ConvexHull ConvexHull(org.locationtech.jts.geom.Geometry)'>
        <annotation name='com.intellij.inspections.tainted.annotation.equation.Equations'>
            <val val="{ &quot;ConvexHull := ConvexHull&quot; }"/>
        </annotation>
    </item>
    <item name='org.locationtech.jts.algorithm.ConvexHull boolean isBetween(org.locationtech.jts.geom.Coordinate, org.locationtech.jts.geom.Coordinate, org.locationtech.jts.geom.Coordinate)'>
        <annotation name='com.intellij.inspections.tainted.annotation.equation.Equations'>
            <val val="{ &quot;c1 := #cleanRing(org.locationtech.jts.geom.Coordinate[])#0&quot;, &quot;c3 := #cleanRing(org.locationtech.jts.geom.Coordinate[])#0&quot;, &quot;c2 := #cleanRing(org.locationtech.jts.geom.Coordinate[])#0&quot; }"/>
        </annotation>
    </item>
    <item name='org.locationtech.jts.algorithm.ConvexHull java.util.Stack grahamScan(org.locationtech.jts.geom.Coordinate[])'>
        <annotation name='com.intellij.inspections.tainted.annotation.equation.Equations'>
            <val val="{ &quot;grahamScan := &quot;, &quot;c := &quot; }"/>
        </annotation>
    </item>
    <item name='org.locationtech.jts.algorithm.ConvexHull org.locationtech.jts.geom.Coordinate[] cleanRing(org.locationtech.jts.geom.Coordinate[])'>
        <annotation name='com.intellij.inspections.tainted.annotation.equation.Equations'>
            <val val="{ &quot;cleanRing := &quot;, &quot;original := #lineOrPolygon(org.locationtech.jts.geom.Coordinate[])#0&quot; }"/>
        </annotation>
    </item>
    <item name='org.locationtech.jts.algorithm.ConvexHull org.locationtech.jts.geom.Coordinate[] computeOctPts(org.locationtech.jts.geom.Coordinate[])'>
        <annotation name='com.intellij.inspections.tainted.annotation.equation.Equations'>
            <val val="{ &quot;inputPts := #computeOctRing(org.locationtech.jts.geom.Coordinate[])#0&quot;, &quot;computeOctPts := inputPts&quot; }"/>
        </annotation>
    </item>
    <item name='org.locationtech.jts.algorithm.ConvexHull org.locationtech.jts.geom.Coordinate[] computeOctRing(org.locationtech.jts.geom.Coordinate[])'>
        <annotation name='com.intellij.inspections.tainted.annotation.equation.Equations'>
            <val val="{ &quot;inputPts := #reduce(org.locationtech.jts.geom.Coordinate[])#0&quot;, &quot;computeOctRing := &quot; }"/>
        </annotation>
    </item>
    <item name='org.locationtech.jts.algorithm.ConvexHull org.locationtech.jts.geom.Coordinate[] extractCoordinates(org.locationtech.jts.geom.Geometry)'>
        <annotation name='com.intellij.inspections.tainted.annotation.equation.Equations'>
            <val val="{ &quot;extractCoordinates := &quot;, &quot;geom := #ConvexHull(org.locationtech.jts.geom.Geometry)#0&quot; }"/>
        </annotation>
    </item>
    <item name='org.locationtech.jts.algorithm.ConvexHull org.locationtech.jts.geom.Coordinate[] padArray3(org.locationtech.jts.geom.Coordinate[])'>
        <annotation name='com.intellij.inspections.tainted.annotation.equation.Equations'>
            <val val="{ &quot;pts := &quot;, &quot;padArray3 := pts&quot; }"/>
        </annotation>
    </item>
    <item name='org.locationtech.jts.algorithm.ConvexHull org.locationtech.jts.geom.Coordinate[] preSort(org.locationtech.jts.geom.Coordinate[])'>
        <annotation name='com.intellij.inspections.tainted.annotation.equation.Equations'>
            <val val="{ &quot;pts := ConvexHull&quot;, &quot;preSort := pts&quot; }"/>
        </annotation>
    </item>
    <item name='org.locationtech.jts.algorithm.ConvexHull org.locationtech.jts.geom.Coordinate[] reduce(org.locationtech.jts.geom.Coordinate[])'>
        <annotation name='com.intellij.inspections.tainted.annotation.equation.Equations'>
            <val val="{ &quot;reduce := inputPts&quot;, &quot;inputPts := ConvexHull&quot; }"/>
        </annotation>
    </item>
    <item name='org.locationtech.jts.algorithm.ConvexHull org.locationtech.jts.geom.Coordinate[] toCoordinateArray(java.util.Stack)'>
        <annotation name='com.intellij.inspections.tainted.annotation.equation.Equations'>
            <val val="{ &quot;stack := &quot;, &quot;toCoordinateArray := &quot; }"/>
        </annotation>
    </item>
    <item name='org.locationtech.jts.algorithm.ConvexHull org.locationtech.jts.geom.Geometry getConvexHull()'>
        <annotation name='com.intellij.inspections.tainted.annotation.equation.Equations'>
            <val val="{ &quot;getConvexHull := &quot; }"/>
        </annotation>
    </item>
    <item name='org.locationtech.jts.algorithm.ConvexHull org.locationtech.jts.geom.Geometry lineOrPolygon(org.locationtech.jts.geom.Coordinate[])'>
        <annotation name='com.intellij.inspections.tainted.annotation.equation.Equations'>
            <val val="{ &quot;coordinates := &quot;, &quot;lineOrPolygon := &quot; }"/>
        </annotation>
    </item>
    <item name='org.locationtech.jts.algorithm.ConvexHull.RadialComparator'>
        <annotation name='com.intellij.inspections.tainted.annotation.equation.Equations'>
            <val val="{ &quot;RadialComparator := #RadialComparator(org.locationtech.jts.geom.Coordinate)#0&quot; }"/>
        </annotation>
    </item>
    <item name='org.locationtech.jts.algorithm.ConvexHull.RadialComparator RadialComparator(org.locationtech.jts.geom.Coordinate)'>
        <annotation name='com.intellij.inspections.tainted.annotation.equation.Equations'>
            <val val="{ &quot;origin := ConvexHull#preSort(org.locationtech.jts.geom.Coordinate[])#0&quot;, &quot;RadialComparator := ConvexHull.RadialComparator&quot; }"/>
        </annotation>
    </item>
    <item name='org.locationtech.jts.algorithm.ConvexHull.RadialComparator int compare(java.lang.Object, java.lang.Object)'>
        <annotation name='com.intellij.inspections.tainted.annotation.equation.Equations'>
            <val val="{ &quot;o2 := java.util.Comparator#compare(java.lang.Object, java.lang.Object)#1&quot;, &quot;compare := &quot;, &quot;o1 := java.util.Comparator#compare(java.lang.Object, java.lang.Object)#0&quot; }"/>
        </annotation>
    </item>
    <item name='org.locationtech.jts.algorithm.ConvexHull.RadialComparator int polarCompare(org.locationtech.jts.geom.Coordinate, org.locationtech.jts.geom.Coordinate, org.locationtech.jts.geom.Coordinate)'>
        <annotation name='com.intellij.inspections.tainted.annotation.equation.Equations'>
            <val val="{ &quot;p := #compare(java.lang.Object, java.lang.Object)#0&quot;, &quot;q := #compare(java.lang.Object, java.lang.Object)#1&quot;, &quot;o := ConvexHull.RadialComparator&quot; }"/>
        </annotation>
    </item>
    <item name='org.locationtech.jts.algorithm.Distance double pointToLinePerpendicular(org.locationtech.jts.geom.Coordinate, org.locationtech.jts.geom.Coordinate, org.locationtech.jts.geom.Coordinate)'>
        <annotation name='com.intellij.inspections.tainted.annotation.equation.Equations'>
            <val val="{ &quot;p := org.locationtech.jts.geom.LineSegment#distancePerpendicular(org.locationtech.jts.geom.Coordinate)#0&quot;, &quot;B := org.locationtech.jts.geom.LineSegment&quot;, &quot;pointToLinePerpendicular := &quot;, &quot;A := org.locationtech.jts.geom.LineSegment&quot; }"/>
        </annotation>
    </item>
    <item name='org.locationtech.jts.algorithm.Distance double pointToSegment(org.locationtech.jts.geom.Coordinate, org.locationtech.jts.geom.Coordinate, org.locationtech.jts.geom.Coordinate)'>
        <annotation name='com.intellij.inspections.tainted.annotation.equation.Equations'>
            <val val="{ &quot;A := RobustLineIntersector#nearestEndpoint(org.locationtech.jts.geom.Coordinate, org.locationtech.jts.geom.Coordinate, org.locationtech.jts.geom.Coordinate, org.locationtech.jts.geom.Coordinate)#2 &amp; RobustLineIntersector#nearestEndpoint(org.locationtech.jts.geom.Coordinate, org.locationtech.jts.geom.Coordinate, org.locationtech.jts.geom.Coordinate, org.locationtech.jts.geom.Coordinate)#0 &amp; org.locationtech.jts.geom.LineSegment &amp; #segmentToSegment(org.locationtech.jts.geom.Coordinate, org.locationtech.jts.geom.Coordinate, org.locationtech.jts.geom.Coordinate, org.locationtech.jts.geom.Coordinate)#2 &amp; #segmentToSegment(org.locationtech.jts.geom.Coordinate, org.locationtech.jts.geom.Coordinate, org.locationtech.jts.geom.Coordinate, org.locationtech.jts.geom.Coordinate)#0 &amp; org.locationtech.jts.operation.buffer.BufferInputLineSimplifier#isShallowConcavity(org.locationtech.jts.geom.Coordinate, org.locationtech.jts.geom.Coordinate, org.locationtech.jts.geom.Coordinate, double)#0 &amp; org.locationtech.jts.operation.buffer.BufferInputLineSimplifier#isShallow(org.locationtech.jts.geom.Coordinate, org.locationtech.jts.geom.Coordinate, org.locationtech.jts.geom.Coordinate, double)#0&quot;, &quot;pointToSegment := &quot;, &quot;B := RobustLineIntersector#nearestEndpoint(org.locationtech.jts.geom.Coordinate, org.locationtech.jts.geom.Coordinate, org.locationtech.jts.geom.Coordinate, org.locationtech.jts.geom.Coordinate)#3 &amp; RobustLineIntersector#nearestEndpoint(org.locationtech.jts.geom.Coordinate, org.locationtech.jts.geom.Coordinate, org.locationtech.jts.geom.Coordinate, org.locationtech.jts.geom.Coordinate)#1 &amp; org.locationtech.jts.geom.LineSegment &amp; #segmentToSegment(org.locationtech.jts.geom.Coordinate, org.locationtech.jts.geom.Coordinate, org.locationtech.jts.geom.Coordinate, org.locationtech.jts.geom.Coordinate)#3 &amp; #segmentToSegment(org.locationtech.jts.geom.Coordinate, org.locationtech.jts.geom.Coordinate, org.locationtech.jts.geom.Coordinate, org.locationtech.jts.geom.Coordinate)#1 &amp; org.locationtech.jts.operation.buffer.BufferInputLineSimplifier#isShallowConcavity(org.locationtech.jts.geom.Coordinate, org.locationtech.jts.geom.Coordinate, org.locationtech.jts.geom.Coordinate, double)#2 &amp; org.locationtech.jts.operation.buffer.BufferInputLineSimplifier#isShallow(org.locationtech.jts.geom.Coordinate, org.locationtech.jts.geom.Coordinate, org.locationtech.jts.geom.Coordinate, double)#2&quot;, &quot;p := RobustLineIntersector#nearestEndpoint(org.locationtech.jts.geom.Coordinate, org.locationtech.jts.geom.Coordinate, org.locationtech.jts.geom.Coordinate, org.locationtech.jts.geom.Coordinate)#0 &amp; RobustLineIntersector#nearestEndpoint(org.locationtech.jts.geom.Coordinate, org.locationtech.jts.geom.Coordinate, org.locationtech.jts.geom.Coordinate, org.locationtech.jts.geom.Coordinate)#1 &amp; RobustLineIntersector#nearestEndpoint(org.locationtech.jts.geom.Coordinate, org.locationtech.jts.geom.Coordinate, org.locationtech.jts.geom.Coordinate, org.locationtech.jts.geom.Coordinate)#2 &amp; RobustLineIntersector#nearestEndpoint(org.locationtech.jts.geom.Coordinate, org.locationtech.jts.geom.Coordinate, org.locationtech.jts.geom.Coordinate, org.locationtech.jts.geom.Coordinate)#3 &amp; org.locationtech.jts.geom.LineSegment#distance(org.locationtech.jts.geom.Coordinate)#0 &amp; #segmentToSegment(org.locationtech.jts.geom.Coordinate, org.locationtech.jts.geom.Coordinate, org.locationtech.jts.geom.Coordinate, org.locationtech.jts.geom.Coordinate)#0 &amp; #segmentToSegment(org.locationtech.jts.geom.Coordinate, org.locationtech.jts.geom.Coordinate, org.locationtech.jts.geom.Coordinate, org.locationtech.jts.geom.Coordinate)#3 &amp; #segmentToSegment(org.locationtech.jts.geom.Coordinate, org.locationtech.jts.geom.Coordinate, org.locationtech.jts.geom.Coordinate, org.locationtech.jts.geom.Coordinate)#1 &amp; #segmentToSegment(org.locationtech.jts.geom.Coordinate, org.locationtech.jts.geom.Coordinate, org.locationtech.jts.geom.Coordinate, org.locationtech.jts.geom.Coordinate)#2 &amp; org.locationtech.jts.operation.buffer.BufferInputLineSimplifier#isShallowConcavity(org.locationtech.jts.geom.Coordinate, org.locationtech.jts.geom.Coordinate, org.locationtech.jts.geom.Coordinate, double)#1 &amp; org.locationtech.jts.operation.buffer.BufferInputLineSimplifier#isShallow(org.locationtech.jts.geom.Coordinate, org.locationtech.jts.geom.Coordinate, org.locationtech.jts.geom.Coordinate, double)#1&quot; }"/>
        </annotation>
    </item>
    <item name='org.locationtech.jts.algorithm.Distance double segmentToSegment(org.locationtech.jts.geom.Coordinate, org.locationtech.jts.geom.Coordinate, org.locationtech.jts.geom.Coordinate, org.locationtech.jts.geom.Coordinate)'>
        <annotation name='com.intellij.inspections.tainted.annotation.equation.Equations'>
            <val val="{ &quot;B := org.locationtech.jts.geom.LineSegment&quot;, &quot;segmentToSegment := &quot;, &quot;D := &quot;, &quot;A := org.locationtech.jts.geom.LineSegment&quot;, &quot;C := &quot; }"/>
        </annotation>
    </item>
    <item name='org.locationtech.jts.algorithm.HCoordinate'>
        <annotation name='com.intellij.inspections.tainted.annotation.equation.Equations'>
            <val val="{ &quot;HCoordinate := #HCoordinate(double, double, double)#0 &amp; #HCoordinate(double, double, double)#1 &amp; #HCoordinate(double, double, double)#2 &amp; #HCoordinate(double, double)#0 &amp; #HCoordinate(double, double)#1&quot; }"/>
        </annotation>
    </item>
    <item name='org.locationtech.jts.algorithm.HCoordinate HCoordinate()'>
        <annotation name='com.intellij.inspections.tainted.annotation.equation.Equations'>
            <val val="{ &quot;HCoordinate := HCoordinate&quot; }"/>
        </annotation>
    </item>
    <item name='org.locationtech.jts.algorithm.HCoordinate HCoordinate(double, double)'>
        <annotation name='com.intellij.inspections.tainted.annotation.equation.Equations'>
            <val val="{ &quot;HCoordinate := HCoordinate&quot; }"/>
        </annotation>
    </item>
    <item name='org.locationtech.jts.algorithm.HCoordinate HCoordinate(double, double, double)'>
        <annotation name='com.intellij.inspections.tainted.annotation.equation.Equations'>
            <val val="{ &quot;HCoordinate := HCoordinate&quot; }"/>
        </annotation>
    </item>
    <item name='org.locationtech.jts.algorithm.HCoordinate HCoordinate(org.locationtech.jts.algorithm.HCoordinate, org.locationtech.jts.algorithm.HCoordinate)'>
        <annotation name='com.intellij.inspections.tainted.annotation.equation.Equations'>
            <val val="{ &quot;p2 := &quot;, &quot;HCoordinate := HCoordinate&quot;, &quot;p1 := &quot; }"/>
        </annotation>
    </item>
    <item name='org.locationtech.jts.algorithm.HCoordinate HCoordinate(org.locationtech.jts.geom.Coordinate)'>
        <annotation name='com.intellij.inspections.tainted.annotation.equation.Equations'>
            <val val="{ &quot;HCoordinate := HCoordinate&quot; }"/>
        </annotation>
    </item>
    <item name='org.locationtech.jts.algorithm.HCoordinate HCoordinate(org.locationtech.jts.geom.Coordinate, org.locationtech.jts.geom.Coordinate)'>
        <annotation name='com.intellij.inspections.tainted.annotation.equation.Equations'>
            <val val="{ &quot;HCoordinate := HCoordinate&quot; }"/>
        </annotation>
    </item>
    <item name='org.locationtech.jts.algorithm.HCoordinate HCoordinate(org.locationtech.jts.geom.Coordinate, org.locationtech.jts.geom.Coordinate, org.locationtech.jts.geom.Coordinate, org.locationtech.jts.geom.Coordinate)'>
        <annotation name='com.intellij.inspections.tainted.annotation.equation.Equations'>
            <val val="{ &quot;HCoordinate := HCoordinate&quot; }"/>
        </annotation>
    </item>
    <item name='org.locationtech.jts.algorithm.HCoordinate double getX()'>
        <annotation name='com.intellij.inspections.tainted.annotation.equation.Equations'>
            <val val="{ &quot;getX := HCoordinate&quot; }"/>
        </annotation>
    </item>
    <item name='org.locationtech.jts.algorithm.HCoordinate double getY()'>
        <annotation name='com.intellij.inspections.tainted.annotation.equation.Equations'>
            <val val="{ &quot;getY := HCoordinate&quot; }"/>
        </annotation>
    </item>
    <item name='org.locationtech.jts.algorithm.HCoordinate org.locationtech.jts.geom.Coordinate getCoordinate()'>
        <annotation name='com.intellij.inspections.tainted.annotation.equation.Equations'>
            <val val="{ &quot;getCoordinate := &quot; }"/>
        </annotation>
    </item>
    <item name='org.locationtech.jts.algorithm.HCoordinate org.locationtech.jts.geom.Coordinate intersection(org.locationtech.jts.geom.Coordinate, org.locationtech.jts.geom.Coordinate, org.locationtech.jts.geom.Coordinate, org.locationtech.jts.geom.Coordinate)'>
        <annotation name='com.intellij.inspections.tainted.annotation.equation.Equations'>
            <val val="{ &quot;q2 := RobustLineIntersector#safeHCoordinateIntersection(org.locationtech.jts.geom.Coordinate, org.locationtech.jts.geom.Coordinate, org.locationtech.jts.geom.Coordinate, org.locationtech.jts.geom.Coordinate)#3&quot;, &quot;intersection := &quot;, &quot;q1 := RobustLineIntersector#safeHCoordinateIntersection(org.locationtech.jts.geom.Coordinate, org.locationtech.jts.geom.Coordinate, org.locationtech.jts.geom.Coordinate, org.locationtech.jts.geom.Coordinate)#2&quot;, &quot;p1 := RobustLineIntersector#safeHCoordinateIntersection(org.locationtech.jts.geom.Coordinate, org.locationtech.jts.geom.Coordinate, org.locationtech.jts.geom.Coordinate, org.locationtech.jts.geom.Coordinate)#0 &amp; org.locationtech.jts.geom.LineSegment&quot;, &quot;p2 := RobustLineIntersector#safeHCoordinateIntersection(org.locationtech.jts.geom.Coordinate, org.locationtech.jts.geom.Coordinate, org.locationtech.jts.geom.Coordinate, org.locationtech.jts.geom.Coordinate)#1 &amp; org.locationtech.jts.geom.LineSegment&quot; }"/>
        </annotation>
    </item>
    <item name='org.locationtech.jts.algorithm.InteriorPointArea'>
        <annotation name='com.intellij.inspections.tainted.annotation.equation.Equations'>
            <val val="{ &quot;InteriorPointArea := &quot; }"/>
        </annotation>
    </item>
    <item name='org.locationtech.jts.algorithm.InteriorPointArea InteriorPointArea(org.locationtech.jts.geom.Geometry)'>
        <annotation name='com.intellij.inspections.tainted.annotation.equation.Equations'>
            <val val="{ &quot;g := org.locationtech.jts.geom.Geometry&quot;, &quot;InteriorPointArea := InteriorPointArea&quot; }"/>
        </annotation>
    </item>
    <item name='org.locationtech.jts.algorithm.InteriorPointArea double avg(double, double)'>
        <annotation name='com.intellij.inspections.tainted.annotation.equation.Equations'>
            <val val="{ &quot;a := InteriorPointArea.SafeBisectorFinder&quot;, &quot;b := InteriorPointArea.SafeBisectorFinder&quot;, &quot;avg := a &amp; b&quot; }"/>
        </annotation>
    </item>
    <item name='org.locationtech.jts.algorithm.InteriorPointArea org.locationtech.jts.geom.Coordinate centre(org.locationtech.jts.geom.Envelope)'>
        <annotation name='com.intellij.inspections.tainted.annotation.equation.Equations'>
            <val val="{ &quot;centre := &quot;, &quot;envelope := &quot; }"/>
        </annotation>
    </item>
    <item name='org.locationtech.jts.algorithm.InteriorPointArea org.locationtech.jts.geom.Coordinate getInteriorPoint()'>
        <annotation name='com.intellij.inspections.tainted.annotation.equation.Equations'>
            <val val="{ &quot;getInteriorPoint := InteriorPointArea&quot; }"/>
        </annotation>
    </item>
    <item name='org.locationtech.jts.algorithm.InteriorPointArea org.locationtech.jts.geom.Geometry widestGeometry(org.locationtech.jts.geom.Geometry)'>
        <annotation name='com.intellij.inspections.tainted.annotation.equation.Equations'>
            <val val="{ &quot;widestGeometry := geometry&quot;, &quot;geometry := &quot; }"/>
        </annotation>
    </item>
    <item name='org.locationtech.jts.algorithm.InteriorPointArea org.locationtech.jts.geom.Geometry widestGeometry(org.locationtech.jts.geom.GeometryCollection)'>
        <annotation name='com.intellij.inspections.tainted.annotation.equation.Equations'>
            <val val="{ &quot;widestGeometry := gc&quot;, &quot;gc := #widestGeometry(org.locationtech.jts.geom.Geometry)#0&quot; }"/>
        </annotation>
    </item>
    <item name='org.locationtech.jts.algorithm.InteriorPointArea org.locationtech.jts.geom.LineString horizontalBisector(org.locationtech.jts.geom.Geometry)'>
        <annotation name='com.intellij.inspections.tainted.annotation.equation.Equations'>
            <val val="{ &quot;horizontalBisector := &quot;, &quot;geometry := #addPolygon(org.locationtech.jts.geom.Geometry)#0&quot; }"/>
        </annotation>
    </item>
    <item name='org.locationtech.jts.algorithm.InteriorPointArea void add(org.locationtech.jts.geom.Geometry)'>
        <annotation name='com.intellij.inspections.tainted.annotation.equation.Equations'>
            <val val="{ &quot;geom := #InteriorPointArea(org.locationtech.jts.geom.Geometry)#0&quot; }"/>
        </annotation>
    </item>
    <item name='org.locationtech.jts.algorithm.InteriorPointArea void addPolygon(org.locationtech.jts.geom.Geometry)'>
        <annotation name='com.intellij.inspections.tainted.annotation.equation.Equations'>
            <val val="{ &quot;geometry := #add(org.locationtech.jts.geom.Geometry)#0&quot; }"/>
        </annotation>
    </item>
    <item name='org.locationtech.jts.algorithm.InteriorPointArea.SafeBisectorFinder'>
        <annotation name='com.intellij.inspections.tainted.annotation.equation.Equations'>
            <val val="{ &quot;SafeBisectorFinder := java.lang.Double#MAX_VALUE &amp; #SafeBisectorFinder(org.locationtech.jts.geom.Polygon)#0 &amp; #updateInterval(double)#0&quot; }"/>
        </annotation>
    </item>
    <item name='org.locationtech.jts.algorithm.InteriorPointArea.SafeBisectorFinder SafeBisectorFinder(org.locationtech.jts.geom.Polygon)'>
        <annotation name='com.intellij.inspections.tainted.annotation.equation.Equations'>
            <val val="{ &quot;poly := #getBisectorY(org.locationtech.jts.geom.Polygon)#0&quot;, &quot;SafeBisectorFinder := InteriorPointArea.SafeBisectorFinder&quot; }"/>
        </annotation>
    </item>
    <item name='org.locationtech.jts.algorithm.InteriorPointArea.SafeBisectorFinder double getBisectorY()'>
        <annotation name='com.intellij.inspections.tainted.annotation.equation.Equations'>
            <val val="{ &quot;getBisectorY := &quot; }"/>
        </annotation>
    </item>
    <item name='org.locationtech.jts.algorithm.InteriorPointArea.SafeBisectorFinder double getBisectorY(org.locationtech.jts.geom.Polygon)'>
        <annotation name='com.intellij.inspections.tainted.annotation.equation.Equations'>
            <val val="{ &quot;getBisectorY := &quot;, &quot;poly := InteriorPointArea#horizontalBisector(org.locationtech.jts.geom.Geometry)#0&quot; }"/>
        </annotation>
    </item>
    <item name='org.locationtech.jts.algorithm.InteriorPointArea.SafeBisectorFinder void process(org.locationtech.jts.geom.LineString)'>
        <annotation name='com.intellij.inspections.tainted.annotation.equation.Equations'>
            <val val="{ &quot;line := &quot; }"/>
        </annotation>
    </item>
    <item name='org.locationtech.jts.algorithm.InteriorPointArea.SafeBisectorFinder void updateInterval(double)'>
        <annotation name='com.intellij.inspections.tainted.annotation.equation.Equations'>
            <val val="{ &quot;y := &quot; }"/>
        </annotation>
    </item>
    <item name='org.locationtech.jts.algorithm.InteriorPointLine'>
        <annotation name='com.intellij.inspections.tainted.annotation.equation.Equations'>
            <val val="{ &quot;InteriorPointLine := java.lang.Double#MAX_VALUE&quot; }"/>
        </annotation>
    </item>
    <item name='org.locationtech.jts.algorithm.InteriorPointLine InteriorPointLine(org.locationtech.jts.geom.Geometry)'>
        <annotation name='com.intellij.inspections.tainted.annotation.equation.Equations'>
            <val val="{ &quot;g := org.locationtech.jts.geom.Geometry&quot;, &quot;InteriorPointLine := InteriorPointLine&quot; }"/>
        </annotation>
    </item>
    <item name='org.locationtech.jts.algorithm.InteriorPointLine org.locationtech.jts.geom.Coordinate getInteriorPoint()'>
        <annotation name='com.intellij.inspections.tainted.annotation.equation.Equations'>
            <val val="{ &quot;getInteriorPoint := InteriorPointLine&quot; }"/>
        </annotation>
    </item>
    <item name='org.locationtech.jts.algorithm.InteriorPointLine void add(org.locationtech.jts.geom.Coordinate)'>
        <annotation name='com.intellij.inspections.tainted.annotation.equation.Equations'>
            <val val="{ &quot;point := #addInterior(org.locationtech.jts.geom.Coordinate[])#0 &amp; #addEndpoints(org.locationtech.jts.geom.Coordinate[])#0&quot; }"/>
        </annotation>
    </item>
    <item name='org.locationtech.jts.algorithm.InteriorPointLine void addEndpoints(org.locationtech.jts.geom.Coordinate[])'>
        <annotation name='com.intellij.inspections.tainted.annotation.equation.Equations'>
            <val val="{ &quot;pts := &quot; }"/>
        </annotation>
    </item>
    <item name='org.locationtech.jts.algorithm.InteriorPointLine void addEndpoints(org.locationtech.jts.geom.Geometry)'>
        <annotation name='com.intellij.inspections.tainted.annotation.equation.Equations'>
            <val val="{ &quot;geom := #InteriorPointLine(org.locationtech.jts.geom.Geometry)#0&quot; }"/>
        </annotation>
    </item>
    <item name='org.locationtech.jts.algorithm.InteriorPointLine void addInterior(org.locationtech.jts.geom.Coordinate[])'>
        <annotation name='com.intellij.inspections.tainted.annotation.equation.Equations'>
            <val val="{ &quot;pts := &quot; }"/>
        </annotation>
    </item>
    <item name='org.locationtech.jts.algorithm.InteriorPointLine void addInterior(org.locationtech.jts.geom.Geometry)'>
        <annotation name='com.intellij.inspections.tainted.annotation.equation.Equations'>
            <val val="{ &quot;geom := #InteriorPointLine(org.locationtech.jts.geom.Geometry)#0&quot; }"/>
        </annotation>
    </item>
    <item name='org.locationtech.jts.algorithm.InteriorPointPoint'>
        <annotation name='com.intellij.inspections.tainted.annotation.equation.Equations'>
            <val val="{ &quot;InteriorPointPoint := java.lang.Double#MAX_VALUE&quot; }"/>
        </annotation>
    </item>
    <item name='org.locationtech.jts.algorithm.InteriorPointPoint InteriorPointPoint(org.locationtech.jts.geom.Geometry)'>
        <annotation name='com.intellij.inspections.tainted.annotation.equation.Equations'>
            <val val="{ &quot;InteriorPointPoint := InteriorPointPoint&quot;, &quot;g := org.locationtech.jts.geom.Geometry&quot; }"/>
        </annotation>
    </item>
    <item name='org.locationtech.jts.algorithm.InteriorPointPoint org.locationtech.jts.geom.Coordinate getInteriorPoint()'>
        <annotation name='com.intellij.inspections.tainted.annotation.equation.Equations'>
            <val val="{ &quot;getInteriorPoint := InteriorPointPoint&quot; }"/>
        </annotation>
    </item>
    <item name='org.locationtech.jts.algorithm.InteriorPointPoint void add(org.locationtech.jts.geom.Coordinate)'>
        <annotation name='com.intellij.inspections.tainted.annotation.equation.Equations'>
            <val val="{ &quot;point := &quot; }"/>
        </annotation>
    </item>
    <item name='org.locationtech.jts.algorithm.InteriorPointPoint void add(org.locationtech.jts.geom.Geometry)'>
        <annotation name='com.intellij.inspections.tainted.annotation.equation.Equations'>
            <val val="{ &quot;geom := #InteriorPointPoint(org.locationtech.jts.geom.Geometry)#0&quot; }"/>
        </annotation>
    </item>
    <item name='org.locationtech.jts.algorithm.Length double ofLine(org.locationtech.jts.geom.CoordinateSequence)'>
        <annotation name='com.intellij.inspections.tainted.annotation.equation.Equations'>
            <val val="{ &quot;ofLine := &quot;, &quot;pts := org.locationtech.jts.geom.LineString&quot; }"/>
        </annotation>
    </item>
    <item name='org.locationtech.jts.algorithm.LineIntersector'>
        <annotation name='com.intellij.inspections.tainted.annotation.equation.Equations'>
            <val val="{ &quot;LineIntersector := LineIntersector &amp; #setMakePrecise(org.locationtech.jts.geom.PrecisionModel)#0 &amp; #setPrecisionModel(org.locationtech.jts.geom.PrecisionModel)#0 &amp; #computeIntersection(org.locationtech.jts.geom.Coordinate, org.locationtech.jts.geom.Coordinate, org.locationtech.jts.geom.Coordinate, org.locationtech.jts.geom.Coordinate)#0 &amp; #computeIntersection(org.locationtech.jts.geom.Coordinate, org.locationtech.jts.geom.Coordinate, org.locationtech.jts.geom.Coordinate, org.locationtech.jts.geom.Coordinate)#1 &amp; #computeIntersection(org.locationtech.jts.geom.Coordinate, org.locationtech.jts.geom.Coordinate, org.locationtech.jts.geom.Coordinate, org.locationtech.jts.geom.Coordinate)#2 &amp; #computeIntersection(org.locationtech.jts.geom.Coordinate, org.locationtech.jts.geom.Coordinate, org.locationtech.jts.geom.Coordinate, org.locationtech.jts.geom.Coordinate)#3&quot; }"/>
        </annotation>
    </item>
    <item name='org.locationtech.jts.algorithm.LineIntersector LineIntersector()'>
        <annotation name='com.intellij.inspections.tainted.annotation.equation.Equations'>
            <val val="{ &quot;LineIntersector := LineIntersector&quot; }"/>
        </annotation>
    </item>
    <item name='org.locationtech.jts.algorithm.LineIntersector boolean hasIntersection()'>
        <annotation name='com.intellij.inspections.tainted.annotation.equation.Equations'>
            <val val="{ &quot;hasIntersection := LineIntersector &amp; #NO_INTERSECTION&quot; }"/>
        </annotation>
    </item>
    <item name='org.locationtech.jts.algorithm.LineIntersector boolean isCollinear()'>
        <annotation name='com.intellij.inspections.tainted.annotation.equation.Equations'>
            <val val="{ &quot;isCollinear := LineIntersector &amp; #COLLINEAR_INTERSECTION&quot; }"/>
        </annotation>
    </item>
    <item name='org.locationtech.jts.algorithm.LineIntersector boolean isEndPoint()'>
        <annotation name='com.intellij.inspections.tainted.annotation.equation.Equations'>
            <val val="{ &quot;isEndPoint := &quot; }"/>
        </annotation>
    </item>
    <item name='org.locationtech.jts.algorithm.LineIntersector boolean isIntersection(org.locationtech.jts.geom.Coordinate)'>
        <annotation name='com.intellij.inspections.tainted.annotation.equation.Equations'>
            <val val="{ &quot;pt := &quot; }"/>
        </annotation>
    </item>
    <item name='org.locationtech.jts.algorithm.LineIntersector boolean isProper()'>
        <annotation name='com.intellij.inspections.tainted.annotation.equation.Equations'>
            <val val="{ &quot;isProper := LineIntersector&quot; }"/>
        </annotation>
    </item>
    <item name='org.locationtech.jts.algorithm.LineIntersector double computeEdgeDistance(org.locationtech.jts.geom.Coordinate, org.locationtech.jts.geom.Coordinate, org.locationtech.jts.geom.Coordinate)'>
        <annotation name='com.intellij.inspections.tainted.annotation.equation.Equations'>
            <val val="{ &quot;p := LineIntersector&quot;, &quot;p1 := LineIntersector&quot;, &quot;p0 := LineIntersector&quot;, &quot;computeEdgeDistance := &quot; }"/>
        </annotation>
    </item>
    <item name='org.locationtech.jts.algorithm.LineIntersector double getEdgeDistance(int, int)'>
        <annotation name='com.intellij.inspections.tainted.annotation.equation.Equations'>
            <val val="{ &quot;getEdgeDistance := &quot;, &quot;intIndex := org.locationtech.jts.geomgraph.Edge#addIntersection(org.locationtech.jts.algorithm.LineIntersector, int, int, int)#3&quot;, &quot;segmentIndex := org.locationtech.jts.geomgraph.Edge#addIntersection(org.locationtech.jts.algorithm.LineIntersector, int, int, int)#2 &amp; #computeIntLineIndex(int)#0&quot; }"/>
        </annotation>
    </item>
    <item name='org.locationtech.jts.algorithm.LineIntersector double nonRobustComputeEdgeDistance(org.locationtech.jts.geom.Coordinate, org.locationtech.jts.geom.Coordinate, org.locationtech.jts.geom.Coordinate)'>
        <annotation name='com.intellij.inspections.tainted.annotation.equation.Equations'>
            <val val="{ &quot;nonRobustComputeEdgeDistance := &quot; }"/>
        </annotation>
    </item>
    <item name='org.locationtech.jts.algorithm.LineIntersector int computeIntersect(org.locationtech.jts.geom.Coordinate, org.locationtech.jts.geom.Coordinate, org.locationtech.jts.geom.Coordinate, org.locationtech.jts.geom.Coordinate)'>
        <annotation name='com.intellij.inspections.tainted.annotation.equation.Equations'>
            <val val="{ &quot;p2 := #computeIntersection(org.locationtech.jts.geom.Coordinate, org.locationtech.jts.geom.Coordinate, org.locationtech.jts.geom.Coordinate, org.locationtech.jts.geom.Coordinate)#1&quot;, &quot;q2 := #computeIntersection(org.locationtech.jts.geom.Coordinate, org.locationtech.jts.geom.Coordinate, org.locationtech.jts.geom.Coordinate, org.locationtech.jts.geom.Coordinate)#3&quot;, &quot;p1 := #computeIntersection(org.locationtech.jts.geom.Coordinate, org.locationtech.jts.geom.Coordinate, org.locationtech.jts.geom.Coordinate, org.locationtech.jts.geom.Coordinate)#0&quot;, &quot;q1 := #computeIntersection(org.locationtech.jts.geom.Coordinate, org.locationtech.jts.geom.Coordinate, org.locationtech.jts.geom.Coordinate, org.locationtech.jts.geom.Coordinate)#2&quot; }"/>
        </annotation>
    </item>
    <item name='org.locationtech.jts.algorithm.LineIntersector int getIndexAlongSegment(int, int)'>
        <annotation name='com.intellij.inspections.tainted.annotation.equation.Equations'>
            <val val="{ &quot;getIndexAlongSegment := LineIntersector&quot; }"/>
        </annotation>
    </item>
    <item name='org.locationtech.jts.algorithm.LineIntersector int getIntersectionNum()'>
        <annotation name='com.intellij.inspections.tainted.annotation.equation.Equations'>
            <val val="{ &quot;getIntersectionNum := LineIntersector&quot; }"/>
        </annotation>
    </item>
    <item name='org.locationtech.jts.algorithm.LineIntersector java.lang.String getTopologySummary()'>
        <annotation name='com.intellij.inspections.tainted.annotation.equation.Equations'>
            <val val="{ &quot;getTopologySummary := &quot; }"/>
        </annotation>
    </item>
    <item name='org.locationtech.jts.algorithm.LineIntersector java.lang.String toString()'>
        <annotation name='com.intellij.inspections.tainted.annotation.equation.Equations'>
            <val val="{ &quot;toString := &quot; }"/>
        </annotation>
    </item>
    <item name='org.locationtech.jts.algorithm.LineIntersector org.locationtech.jts.geom.Coordinate getEndpoint(int, int)'>
        <annotation name='com.intellij.inspections.tainted.annotation.equation.Equations'>
            <val val="{ &quot;getEndpoint := LineIntersector&quot; }"/>
        </annotation>
    </item>
    <item name='org.locationtech.jts.algorithm.LineIntersector org.locationtech.jts.geom.Coordinate getIntersection(int)'>
        <annotation name='com.intellij.inspections.tainted.annotation.equation.Equations'>
            <val val="{ &quot;getIntersection := LineIntersector&quot;, &quot;intIndex := org.locationtech.jts.geomgraph.Edge#addIntersection(org.locationtech.jts.algorithm.LineIntersector, int, int, int)#3 &amp; org.locationtech.jts.noding.NodedSegmentString#addIntersection(org.locationtech.jts.algorithm.LineIntersector, int, int, int)#3&quot; }"/>
        </annotation>
    </item>
    <item name='org.locationtech.jts.algorithm.LineIntersector org.locationtech.jts.geom.Coordinate getIntersectionAlongSegment(int, int)'>
        <annotation name='com.intellij.inspections.tainted.annotation.equation.Equations'>
            <val val="{ &quot;getIntersectionAlongSegment := LineIntersector&quot; }"/>
        </annotation>
    </item>
    <item name='org.locationtech.jts.algorithm.LineIntersector void computeIntersection(org.locationtech.jts.geom.Coordinate, org.locationtech.jts.geom.Coordinate, org.locationtech.jts.geom.Coordinate)'>
        <annotation name='com.intellij.inspections.tainted.annotation.equation.Equations'>
            <val val="{ &quot;p := PointLocation#isOnLine(org.locationtech.jts.geom.Coordinate, org.locationtech.jts.geom.CoordinateSequence)#0&quot;, &quot;p2 := &quot;, &quot;p1 := &quot; }"/>
        </annotation>
    </item>
    <item name='org.locationtech.jts.algorithm.LineIntersector void computeIntersection(org.locationtech.jts.geom.Coordinate, org.locationtech.jts.geom.Coordinate, org.locationtech.jts.geom.Coordinate, org.locationtech.jts.geom.Coordinate)'>
        <annotation name='com.intellij.inspections.tainted.annotation.equation.Equations'>
            <val val="{ &quot;p3 := RectangleLineIntersector &amp; org.locationtech.jts.noding.snapround.HotPixel &amp; org.locationtech.jts.operation.buffer.OffsetSegmentGenerator&quot;, &quot;p4 := RectangleLineIntersector &amp; org.locationtech.jts.noding.snapround.HotPixel &amp; org.locationtech.jts.operation.buffer.OffsetSegmentGenerator&quot;, &quot;p1 := RectangleLineIntersector#intersects(org.locationtech.jts.geom.Coordinate, org.locationtech.jts.geom.Coordinate)#0 &amp; RectangleLineIntersector#intersects(org.locationtech.jts.geom.Coordinate, org.locationtech.jts.geom.Coordinate)#1 &amp; org.locationtech.jts.geom.LineSegment &amp; org.locationtech.jts.noding.snapround.HotPixel#intersectsToleranceSquare(org.locationtech.jts.geom.Coordinate, org.locationtech.jts.geom.Coordinate)#0 &amp; org.locationtech.jts.noding.snapround.HotPixel#intersectsPixelClosure(org.locationtech.jts.geom.Coordinate, org.locationtech.jts.geom.Coordinate)#0 &amp; org.locationtech.jts.operation.buffer.OffsetSegmentGenerator&quot;, &quot;p2 := RectangleLineIntersector#intersects(org.locationtech.jts.geom.Coordinate, org.locationtech.jts.geom.Coordinate)#1 &amp; RectangleLineIntersector#intersects(org.locationtech.jts.geom.Coordinate, org.locationtech.jts.geom.Coordinate)#0 &amp; org.locationtech.jts.geom.LineSegment &amp; org.locationtech.jts.noding.snapround.HotPixel#intersectsToleranceSquare(org.locationtech.jts.geom.Coordinate, org.locationtech.jts.geom.Coordinate)#1 &amp; org.locationtech.jts.noding.snapround.HotPixel#intersectsPixelClosure(org.locationtech.jts.geom.Coordinate, org.locationtech.jts.geom.Coordinate)#1 &amp; org.locationtech.jts.operation.buffer.OffsetSegmentGenerator&quot; }"/>
        </annotation>
    </item>
    <item name='org.locationtech.jts.algorithm.LineIntersector void setPrecisionModel(org.locationtech.jts.geom.PrecisionModel)'>
        <annotation name='com.intellij.inspections.tainted.annotation.equation.Equations'>
            <val val="{ &quot;precisionModel := org.locationtech.jts.operation.GeometryGraphOperation &amp; org.locationtech.jts.noding.snapround.MCIndexSnapRounder#MCIndexSnapRounder(org.locationtech.jts.geom.PrecisionModel)#0 &amp; org.locationtech.jts.operation.buffer.BufferBuilder#getNoder(org.locationtech.jts.geom.PrecisionModel)#0&quot; }"/>
        </annotation>
    </item>
    <item name='org.locationtech.jts.algorithm.Orientation boolean isCCW(org.locationtech.jts.geom.CoordinateSequence)'>
        <annotation name='com.intellij.inspections.tainted.annotation.equation.Equations'>
            <val val="{ &quot;ring := &quot;, &quot;isCCW := &quot; }"/>
        </annotation>
    </item>
    <item name='org.locationtech.jts.algorithm.Orientation boolean isCCW(org.locationtech.jts.geom.Coordinate[])'>
        <annotation name='com.intellij.inspections.tainted.annotation.equation.Equations'>
            <val val="{ &quot;ring := Centroid#addHole(org.locationtech.jts.geom.Coordinate[])#0 &amp; org.locationtech.jts.operation.buffer.OffsetCurveSetBuilder#addPolygonRing(org.locationtech.jts.geom.Coordinate[], double, int, int, int)#0&quot;, &quot;isCCW := &quot; }"/>
        </annotation>
    </item>
    <item name='org.locationtech.jts.algorithm.Orientation int index(org.locationtech.jts.geom.Coordinate, org.locationtech.jts.geom.Coordinate, org.locationtech.jts.geom.Coordinate)'>
        <annotation name='com.intellij.inspections.tainted.annotation.equation.Equations'>
            <val val="{ &quot;index := &quot;, &quot;q := #isCCW(org.locationtech.jts.geom.Coordinate[])#0 &amp; RobustLineIntersector#computeIntersection(org.locationtech.jts.geom.Coordinate, org.locationtech.jts.geom.Coordinate, org.locationtech.jts.geom.Coordinate)#0 &amp; RobustLineIntersector#computeIntersect(org.locationtech.jts.geom.Coordinate, org.locationtech.jts.geom.Coordinate, org.locationtech.jts.geom.Coordinate, org.locationtech.jts.geom.Coordinate)#2 &amp; RobustLineIntersector#computeIntersect(org.locationtech.jts.geom.Coordinate, org.locationtech.jts.geom.Coordinate, org.locationtech.jts.geom.Coordinate, org.locationtech.jts.geom.Coordinate)#3 &amp; RobustLineIntersector#computeIntersect(org.locationtech.jts.geom.Coordinate, org.locationtech.jts.geom.Coordinate, org.locationtech.jts.geom.Coordinate, org.locationtech.jts.geom.Coordinate)#0 &amp; RobustLineIntersector#computeIntersect(org.locationtech.jts.geom.Coordinate, org.locationtech.jts.geom.Coordinate, org.locationtech.jts.geom.Coordinate, org.locationtech.jts.geom.Coordinate)#1 &amp; org.locationtech.jts.geomgraph.EdgeEnd &amp; org.locationtech.jts.geomgraph.PlanarGraph#matchInSameDirection(org.locationtech.jts.geom.Coordinate, org.locationtech.jts.geom.Coordinate, org.locationtech.jts.geom.Coordinate, org.locationtech.jts.geom.Coordinate)#3 &amp; RayCrossingCounter &amp; ConvexHull#grahamScan(org.locationtech.jts.geom.Coordinate[])#0 &amp; ConvexHull#isBetween(org.locationtech.jts.geom.Coordinate, org.locationtech.jts.geom.Coordinate, org.locationtech.jts.geom.Coordinate)#2 &amp; ConvexHull.RadialComparator#polarCompare(org.locationtech.jts.geom.Coordinate, org.locationtech.jts.geom.Coordinate, org.locationtech.jts.geom.Coordinate)#2 &amp; org.locationtech.jts.geom.LineSegment#orientationIndex(org.locationtech.jts.geom.Coordinate)#0 &amp; org.locationtech.jts.operation.buffer.SubgraphDepthLocater#findStabbedSegments(org.locationtech.jts.geom.Coordinate, org.locationtech.jts.geomgraph.DirectedEdge, java.util.List)#0 &amp; org.locationtech.jts.operation.buffer.OffsetSegmentGenerator &amp; org.locationtech.jts.operation.buffer.BufferInputLineSimplifier#isShallowConcavity(org.locationtech.jts.geom.Coordinate, org.locationtech.jts.geom.Coordinate, org.locationtech.jts.geom.Coordinate, double)#2 &amp; org.locationtech.jts.operation.buffer.BufferInputLineSimplifier#isConcave(org.locationtech.jts.geom.Coordinate, org.locationtech.jts.geom.Coordinate, org.locationtech.jts.geom.Coordinate)#2&quot;, &quot;p2 := #isCCW(org.locationtech.jts.geom.Coordinate[])#0 &amp; RobustLineIntersector#computeIntersection(org.locationtech.jts.geom.Coordinate, org.locationtech.jts.geom.Coordinate, org.locationtech.jts.geom.Coordinate)#2 &amp; RobustLineIntersector#computeIntersection(org.locationtech.jts.geom.Coordinate, org.locationtech.jts.geom.Coordinate, org.locationtech.jts.geom.Coordinate)#1 &amp; RobustLineIntersector#computeIntersect(org.locationtech.jts.geom.Coordinate, org.locationtech.jts.geom.Coordinate, org.locationtech.jts.geom.Coordinate, org.locationtech.jts.geom.Coordinate)#1 &amp; RobustLineIntersector#computeIntersect(org.locationtech.jts.geom.Coordinate, org.locationtech.jts.geom.Coordinate, org.locationtech.jts.geom.Coordinate, org.locationtech.jts.geom.Coordinate)#3 &amp; org.locationtech.jts.geomgraph.PlanarGraph#matchInSameDirection(org.locationtech.jts.geom.Coordinate, org.locationtech.jts.geom.Coordinate, org.locationtech.jts.geom.Coordinate, org.locationtech.jts.geom.Coordinate)#1 &amp; RayCrossingCounter#countSegment(org.locationtech.jts.geom.Coordinate, org.locationtech.jts.geom.Coordinate)#1 &amp; ConvexHull#isBetween(org.locationtech.jts.geom.Coordinate, org.locationtech.jts.geom.Coordinate, org.locationtech.jts.geom.Coordinate)#1 &amp; ConvexHull.RadialComparator#polarCompare(org.locationtech.jts.geom.Coordinate, org.locationtech.jts.geom.Coordinate, org.locationtech.jts.geom.Coordinate)#1 &amp; org.locationtech.jts.geom.LineSegment &amp; org.locationtech.jts.operation.buffer.SubgraphDepthLocater &amp; org.locationtech.jts.operation.buffer.OffsetSegmentGenerator &amp; org.locationtech.jts.operation.buffer.BufferInputLineSimplifier#isShallowConcavity(org.locationtech.jts.geom.Coordinate, org.locationtech.jts.geom.Coordinate, org.locationtech.jts.geom.Coordinate, double)#1 &amp; org.locationtech.jts.operation.buffer.BufferInputLineSimplifier#isConcave(org.locationtech.jts.geom.Coordinate, org.locationtech.jts.geom.Coordinate, org.locationtech.jts.geom.Coordinate)#1&quot;, &quot;p1 := #isCCW(org.locationtech.jts.geom.Coordinate[])#0 &amp; RobustLineIntersector#computeIntersection(org.locationtech.jts.geom.Coordinate, org.locationtech.jts.geom.Coordinate, org.locationtech.jts.geom.Coordinate)#1 &amp; RobustLineIntersector#computeIntersection(org.locationtech.jts.geom.Coordinate, org.locationtech.jts.geom.Coordinate, org.locationtech.jts.geom.Coordinate)#2 &amp; RobustLineIntersector#computeIntersect(org.locationtech.jts.geom.Coordinate, org.locationtech.jts.geom.Coordinate, org.locationtech.jts.geom.Coordinate, org.locationtech.jts.geom.Coordinate)#0 &amp; RobustLineIntersector#computeIntersect(org.locationtech.jts.geom.Coordinate, org.locationtech.jts.geom.Coordinate, org.locationtech.jts.geom.Coordinate, org.locationtech.jts.geom.Coordinate)#2 &amp; org.locationtech.jts.geomgraph.PlanarGraph#matchInSameDirection(org.locationtech.jts.geom.Coordinate, org.locationtech.jts.geom.Coordinate, org.locationtech.jts.geom.Coordinate, org.locationtech.jts.geom.Coordinate)#0 &amp; RayCrossingCounter#countSegment(org.locationtech.jts.geom.Coordinate, org.locationtech.jts.geom.Coordinate)#0 &amp; ConvexHull#isBetween(org.locationtech.jts.geom.Coordinate, org.locationtech.jts.geom.Coordinate, org.locationtech.jts.geom.Coordinate)#0 &amp; ConvexHull.RadialComparator#polarCompare(org.locationtech.jts.geom.Coordinate, org.locationtech.jts.geom.Coordinate, org.locationtech.jts.geom.Coordinate)#0 &amp; org.locationtech.jts.geom.LineSegment &amp; org.locationtech.jts.operation.buffer.RightmostEdgeFinder &amp; org.locationtech.jts.operation.buffer.SubgraphDepthLocater &amp; org.locationtech.jts.operation.buffer.OffsetSegmentGenerator &amp; org.locationtech.jts.operation.buffer.BufferInputLineSimplifier#isShallowConcavity(org.locationtech.jts.geom.Coordinate, org.locationtech.jts.geom.Coordinate, org.locationtech.jts.geom.Coordinate, double)#0 &amp; org.locationtech.jts.operation.buffer.BufferInputLineSimplifier#isConcave(org.locationtech.jts.geom.Coordinate, org.locationtech.jts.geom.Coordinate, org.locationtech.jts.geom.Coordinate)#0&quot; }"/>
        </annotation>
    </item>
    <item name='org.locationtech.jts.algorithm.PointLocation boolean isInRing(org.locationtech.jts.geom.Coordinate, org.locationtech.jts.geom.Coordinate[])'>
        <annotation name='com.intellij.inspections.tainted.annotation.equation.Equations'>
            <val val="{ &quot;isInRing := org.locationtech.jts.geom.Location#EXTERIOR&quot;, &quot;ring := &quot;, &quot;p := &quot; }"/>
        </annotation>
    </item>
    <item name='org.locationtech.jts.algorithm.PointLocation boolean isOnLine(org.locationtech.jts.geom.Coordinate, org.locationtech.jts.geom.CoordinateSequence)'>
        <annotation name='com.intellij.inspections.tainted.annotation.equation.Equations'>
            <val val="{ &quot;p := PointLocator#locateOnLineString(org.locationtech.jts.geom.Coordinate, org.locationtech.jts.geom.LineString)#0&quot;, &quot;line := &quot; }"/>
        </annotation>
    </item>
    <item name='org.locationtech.jts.algorithm.PointLocation int locateInRing(org.locationtech.jts.geom.Coordinate, org.locationtech.jts.geom.Coordinate[])'>
        <annotation name='com.intellij.inspections.tainted.annotation.equation.Equations'>
            <val val="{ &quot;ring := #isInRing(org.locationtech.jts.geom.Coordinate, org.locationtech.jts.geom.Coordinate[])#1&quot;, &quot;locateInRing := &quot;, &quot;p := PointLocator#locateInPolygonRing(org.locationtech.jts.geom.Coordinate, org.locationtech.jts.geom.LinearRing)#0 &amp; #isInRing(org.locationtech.jts.geom.Coordinate, org.locationtech.jts.geom.Coordinate[])#0 &amp; org.locationtech.jts.algorithm.locate.SimplePointInAreaLocator#locatePointInRing(org.locationtech.jts.geom.Coordinate, org.locationtech.jts.geom.LinearRing)#0&quot; }"/>
        </annotation>
    </item>
    <item name='org.locationtech.jts.algorithm.PointLocator'>
        <annotation name='com.intellij.inspections.tainted.annotation.equation.Equations'>
            <val val="{ &quot;PointLocator := BoundaryNodeRule#OGC_SFS_BOUNDARY_RULE &amp; #PointLocator(org.locationtech.jts.algorithm.BoundaryNodeRule)#0&quot; }"/>
        </annotation>
    </item>
    <item name='org.locationtech.jts.algorithm.PointLocator PointLocator()'>
        <annotation name='com.intellij.inspections.tainted.annotation.equation.Equations'>
            <val val="{ &quot;PointLocator := PointLocator&quot; }"/>
        </annotation>
    </item>
    <item name='org.locationtech.jts.algorithm.PointLocator PointLocator(org.locationtech.jts.algorithm.BoundaryNodeRule)'>
        <annotation name='com.intellij.inspections.tainted.annotation.equation.Equations'>
            <val val="{ &quot;PointLocator := PointLocator&quot; }"/>
        </annotation>
    </item>
    <item name='org.locationtech.jts.algorithm.PointLocator boolean intersects(org.locationtech.jts.geom.Coordinate, org.locationtech.jts.geom.Geometry)'>
        <annotation name='com.intellij.inspections.tainted.annotation.equation.Equations'>
            <val val="{ &quot;intersects := org.locationtech.jts.geom.Location#EXTERIOR&quot; }"/>
        </annotation>
    </item>
    <item name='org.locationtech.jts.algorithm.PointLocator int locate(org.locationtech.jts.geom.Coordinate, org.locationtech.jts.geom.Geometry)'>
        <annotation name='com.intellij.inspections.tainted.annotation.equation.Equations'>
            <val val="{ &quot;p := org.locationtech.jts.geomgraph.GeometryGraph#locate(org.locationtech.jts.geom.Coordinate)#0 &amp; org.locationtech.jts.operation.overlay.OverlayOp#isCovered(org.locationtech.jts.geom.Coordinate, java.util.List)#0 &amp; #intersects(org.locationtech.jts.geom.Coordinate, org.locationtech.jts.geom.Geometry)#0&quot;, &quot;geom := org.locationtech.jts.geomgraph.GeometryGraph &amp; org.locationtech.jts.operation.union.PointGeometryUnion &amp; #intersects(org.locationtech.jts.geom.Coordinate, org.locationtech.jts.geom.Geometry)#1 &amp; org.locationtech.jts.operation.distance.DistanceOp#computeContainmentDistance(org.locationtech.jts.operation.distance.GeometryLocation, org.locationtech.jts.geom.Polygon, org.locationtech.jts.operation.distance.GeometryLocation[])#1 &amp; org.locationtech.jts.operation.relate.RelateComputer#labelIsolatedEdge(org.locationtech.jts.geomgraph.Edge, int, org.locationtech.jts.geom.Geometry)#2&quot;, &quot;locate := org.locationtech.jts.geom.Location#EXTERIOR &amp; org.locationtech.jts.geom.Location#BOUNDARY &amp; org.locationtech.jts.geom.Location#INTERIOR&quot; }"/>
        </annotation>
    </item>
    <item name='org.locationtech.jts.algorithm.PointLocator int locateInPolygon(org.locationtech.jts.geom.Coordinate, org.locationtech.jts.geom.Polygon)'>
        <annotation name='com.intellij.inspections.tainted.annotation.equation.Equations'>
            <val val="{ &quot;poly := #locate(org.locationtech.jts.geom.Coordinate, org.locationtech.jts.geom.Geometry)#1 &amp; #computeLocation(org.locationtech.jts.geom.Coordinate, org.locationtech.jts.geom.Geometry)#1&quot;, &quot;p := #locate(org.locationtech.jts.geom.Coordinate, org.locationtech.jts.geom.Geometry)#0 &amp; #computeLocation(org.locationtech.jts.geom.Coordinate, org.locationtech.jts.geom.Geometry)#0&quot;, &quot;locateInPolygon := org.locationtech.jts.geom.Location#EXTERIOR &amp; org.locationtech.jts.geom.Location#BOUNDARY &amp; org.locationtech.jts.geom.Location#INTERIOR&quot; }"/>
        </annotation>
    </item>
    <item name='org.locationtech.jts.algorithm.PointLocator int locateInPolygonRing(org.locationtech.jts.geom.Coordinate, org.locationtech.jts.geom.LinearRing)'>
        <annotation name='com.intellij.inspections.tainted.annotation.equation.Equations'>
            <val val="{ &quot;locateInPolygonRing := org.locationtech.jts.geom.Location#EXTERIOR&quot;, &quot;ring := &quot;, &quot;p := #locateInPolygon(org.locationtech.jts.geom.Coordinate, org.locationtech.jts.geom.Polygon)#0&quot; }"/>
        </annotation>
    </item>
    <item name='org.locationtech.jts.algorithm.PointLocator int locateOnLineString(org.locationtech.jts.geom.Coordinate, org.locationtech.jts.geom.LineString)'>
        <annotation name='com.intellij.inspections.tainted.annotation.equation.Equations'>
            <val val="{ &quot;locateOnLineString := org.locationtech.jts.geom.Location#EXTERIOR &amp; org.locationtech.jts.geom.Location#BOUNDARY &amp; org.locationtech.jts.geom.Location#INTERIOR&quot;, &quot;l := #locate(org.locationtech.jts.geom.Coordinate, org.locationtech.jts.geom.Geometry)#1 &amp; #computeLocation(org.locationtech.jts.geom.Coordinate, org.locationtech.jts.geom.Geometry)#1&quot;, &quot;p := #locate(org.locationtech.jts.geom.Coordinate, org.locationtech.jts.geom.Geometry)#0 &amp; #computeLocation(org.locationtech.jts.geom.Coordinate, org.locationtech.jts.geom.Geometry)#0&quot; }"/>
        </annotation>
    </item>
    <item name='org.locationtech.jts.algorithm.PointLocator int locateOnPoint(org.locationtech.jts.geom.Coordinate, org.locationtech.jts.geom.Point)'>
        <annotation name='com.intellij.inspections.tainted.annotation.equation.Equations'>
            <val val="{ &quot;locateOnPoint := org.locationtech.jts.geom.Location#INTERIOR &amp; org.locationtech.jts.geom.Location#EXTERIOR&quot;, &quot;p := #computeLocation(org.locationtech.jts.geom.Coordinate, org.locationtech.jts.geom.Geometry)#0&quot;, &quot;pt := #computeLocation(org.locationtech.jts.geom.Coordinate, org.locationtech.jts.geom.Geometry)#1&quot; }"/>
        </annotation>
    </item>
    <item name='org.locationtech.jts.algorithm.PointLocator void computeLocation(org.locationtech.jts.geom.Coordinate, org.locationtech.jts.geom.Geometry)'>
        <annotation name='com.intellij.inspections.tainted.annotation.equation.Equations'>
            <val val="{ &quot;p := #locate(org.locationtech.jts.geom.Coordinate, org.locationtech.jts.geom.Geometry)#0&quot;, &quot;geom := #locate(org.locationtech.jts.geom.Coordinate, org.locationtech.jts.geom.Geometry)#1&quot; }"/>
        </annotation>
    </item>
    <item name='org.locationtech.jts.algorithm.PointLocator void updateLocationInfo(int)'>
        <annotation name='com.intellij.inspections.tainted.annotation.equation.Equations'>
            <val val="{ &quot;loc := &quot; }"/>
        </annotation>
    </item>
    <item name='org.locationtech.jts.algorithm.RayCrossingCounter'>
        <annotation name='com.intellij.inspections.tainted.annotation.equation.Equations'>
            <val val="{ &quot;RayCrossingCounter := #RayCrossingCounter(org.locationtech.jts.geom.Coordinate)#0&quot; }"/>
        </annotation>
    </item>
    <item name='org.locationtech.jts.algorithm.RayCrossingCounter RayCrossingCounter(org.locationtech.jts.geom.Coordinate)'>
        <annotation name='com.intellij.inspections.tainted.annotation.equation.Equations'>
            <val val="{ &quot;RayCrossingCounter := RayCrossingCounter&quot;, &quot;p := #locatePointInRing(org.locationtech.jts.geom.Coordinate, org.locationtech.jts.geom.Coordinate[])#0 &amp; #locatePointInRing(org.locationtech.jts.geom.Coordinate, org.locationtech.jts.geom.CoordinateSequence)#0 &amp; org.locationtech.jts.algorithm.locate.IndexedPointInAreaLocator#locate(org.locationtech.jts.geom.Coordinate)#0&quot; }"/>
        </annotation>
    </item>
    <item name='org.locationtech.jts.algorithm.RayCrossingCounter boolean isOnSegment()'>
        <annotation name='com.intellij.inspections.tainted.annotation.equation.Equations'>
            <val val="{ &quot;isOnSegment := RayCrossingCounter&quot; }"/>
        </annotation>
    </item>
    <item name='org.locationtech.jts.algorithm.RayCrossingCounter boolean isPointInPolygon()'>
        <annotation name='com.intellij.inspections.tainted.annotation.equation.Equations'>
            <val val="{ &quot;isPointInPolygon := org.locationtech.jts.geom.Location#EXTERIOR&quot; }"/>
        </annotation>
    </item>
    <item name='org.locationtech.jts.algorithm.RayCrossingCounter int getLocation()'>
        <annotation name='com.intellij.inspections.tainted.annotation.equation.Equations'>
            <val val="{ &quot;getLocation := org.locationtech.jts.geom.Location#BOUNDARY &amp; org.locationtech.jts.geom.Location#INTERIOR &amp; org.locationtech.jts.geom.Location#EXTERIOR&quot; }"/>
        </annotation>
    </item>
    <item name='org.locationtech.jts.algorithm.RayCrossingCounter int locatePointInRing(org.locationtech.jts.geom.Coordinate, org.locationtech.jts.geom.CoordinateSequence)'>
        <annotation name='com.intellij.inspections.tainted.annotation.equation.Equations'>
            <val val="{ &quot;locatePointInRing := &quot; }"/>
        </annotation>
    </item>
    <item name='org.locationtech.jts.algorithm.RayCrossingCounter int locatePointInRing(org.locationtech.jts.geom.Coordinate, org.locationtech.jts.geom.Coordinate[])'>
        <annotation name='com.intellij.inspections.tainted.annotation.equation.Equations'>
            <val val="{ &quot;p := PointLocation#locateInRing(org.locationtech.jts.geom.Coordinate, org.locationtech.jts.geom.Coordinate[])#0&quot;, &quot;locatePointInRing := &quot;, &quot;ring := PointLocation#locateInRing(org.locationtech.jts.geom.Coordinate, org.locationtech.jts.geom.Coordinate[])#1&quot; }"/>
        </annotation>
    </item>
    <item name='org.locationtech.jts.algorithm.RayCrossingCounter void countSegment(org.locationtech.jts.geom.Coordinate, org.locationtech.jts.geom.Coordinate)'>
        <annotation name='com.intellij.inspections.tainted.annotation.equation.Equations'>
            <val val="{ &quot;p1 := #locatePointInRing(org.locationtech.jts.geom.Coordinate, org.locationtech.jts.geom.Coordinate[])#1&quot;, &quot;p2 := #locatePointInRing(org.locationtech.jts.geom.Coordinate, org.locationtech.jts.geom.Coordinate[])#1&quot; }"/>
        </annotation>
    </item>
    <item name='org.locationtech.jts.algorithm.RectangleLineIntersector'>
        <annotation name='com.intellij.inspections.tainted.annotation.equation.Equations'>
            <val val="{ &quot;RectangleLineIntersector := #RectangleLineIntersector(org.locationtech.jts.geom.Envelope)#0&quot; }"/>
        </annotation>
    </item>
    <item name='org.locationtech.jts.algorithm.RectangleLineIntersector RectangleLineIntersector(org.locationtech.jts.geom.Envelope)'>
        <annotation name='com.intellij.inspections.tainted.annotation.equation.Equations'>
            <val val="{ &quot;rectEnv := org.locationtech.jts.operation.predicate.RectangleIntersectsSegmentVisitor&quot;, &quot;RectangleLineIntersector := RectangleLineIntersector&quot; }"/>
        </annotation>
    </item>
    <item name='org.locationtech.jts.algorithm.RectangleLineIntersector boolean intersects(org.locationtech.jts.geom.Coordinate, org.locationtech.jts.geom.Coordinate)'>
        <annotation name='com.intellij.inspections.tainted.annotation.equation.Equations'>
            <val val="{ &quot;p1 := org.locationtech.jts.operation.predicate.RectangleIntersectsSegmentVisitor&quot;, &quot;p0 := org.locationtech.jts.operation.predicate.RectangleIntersectsSegmentVisitor&quot; }"/>
        </annotation>
    </item>
    <item name='org.locationtech.jts.algorithm.RobustLineIntersector'>
        <annotation name='com.intellij.inspections.tainted.annotation.equation.Equations'>
            <val val="{ &quot;RobustLineIntersector := LineIntersector#POINT_INTERSECTION &amp; LineIntersector#NO_INTERSECTION &amp; #computeIntersect(org.locationtech.jts.geom.Coordinate, org.locationtech.jts.geom.Coordinate, org.locationtech.jts.geom.Coordinate, org.locationtech.jts.geom.Coordinate)#0 &amp; #computeIntersect(org.locationtech.jts.geom.Coordinate, org.locationtech.jts.geom.Coordinate, org.locationtech.jts.geom.Coordinate, org.locationtech.jts.geom.Coordinate)#1 &amp; #computeCollinearIntersection(org.locationtech.jts.geom.Coordinate, org.locationtech.jts.geom.Coordinate, org.locationtech.jts.geom.Coordinate, org.locationtech.jts.geom.Coordinate)#2 &amp; #computeCollinearIntersection(org.locationtech.jts.geom.Coordinate, org.locationtech.jts.geom.Coordinate, org.locationtech.jts.geom.Coordinate, org.locationtech.jts.geom.Coordinate)#3 &amp; #computeCollinearIntersection(org.locationtech.jts.geom.Coordinate, org.locationtech.jts.geom.Coordinate, org.locationtech.jts.geom.Coordinate, org.locationtech.jts.geom.Coordinate)#0 &amp; #computeCollinearIntersection(org.locationtech.jts.geom.Coordinate, org.locationtech.jts.geom.Coordinate, org.locationtech.jts.geom.Coordinate, org.locationtech.jts.geom.Coordinate)#1&quot; }"/>
        </annotation>
    </item>
    <item name='org.locationtech.jts.algorithm.RobustLineIntersector RobustLineIntersector()'>
        <annotation name='com.intellij.inspections.tainted.annotation.equation.Equations'>
            <val val="{ &quot;RobustLineIntersector := RobustLineIntersector&quot; }"/>
        </annotation>
    </item>
    <item name='org.locationtech.jts.algorithm.RobustLineIntersector boolean isInSegmentEnvelopes(org.locationtech.jts.geom.Coordinate)'>
        <annotation name='com.intellij.inspections.tainted.annotation.equation.Equations'>
            <val val="{ &quot;isInSegmentEnvelopes := &quot;, &quot;intPt := &quot; }"/>
        </annotation>
    </item>
    <item name='org.locationtech.jts.algorithm.RobustLineIntersector double smallestInAbsValue(double, double, double, double)'>
        <annotation name='com.intellij.inspections.tainted.annotation.equation.Equations'>
            <val val="{ &quot;smallestInAbsValue := x1 &amp; x2 &amp; x3 &amp; x4&quot; }"/>
        </annotation>
    </item>
    <item name='org.locationtech.jts.algorithm.RobustLineIntersector int computeCollinearIntersection(org.locationtech.jts.geom.Coordinate, org.locationtech.jts.geom.Coordinate, org.locationtech.jts.geom.Coordinate, org.locationtech.jts.geom.Coordinate)'>
        <annotation name='com.intellij.inspections.tainted.annotation.equation.Equations'>
            <val val="{ &quot;q2 := #computeIntersect(org.locationtech.jts.geom.Coordinate, org.locationtech.jts.geom.Coordinate, org.locationtech.jts.geom.Coordinate, org.locationtech.jts.geom.Coordinate)#3&quot;, &quot;p2 := #computeIntersect(org.locationtech.jts.geom.Coordinate, org.locationtech.jts.geom.Coordinate, org.locationtech.jts.geom.Coordinate, org.locationtech.jts.geom.Coordinate)#1&quot;, &quot;p1 := #computeIntersect(org.locationtech.jts.geom.Coordinate, org.locationtech.jts.geom.Coordinate, org.locationtech.jts.geom.Coordinate, org.locationtech.jts.geom.Coordinate)#0&quot;, &quot;q1 := #computeIntersect(org.locationtech.jts.geom.Coordinate, org.locationtech.jts.geom.Coordinate, org.locationtech.jts.geom.Coordinate, org.locationtech.jts.geom.Coordinate)#2&quot;, &quot;computeCollinearIntersection := LineIntersector#COLLINEAR_INTERSECTION &amp; LineIntersector#POINT_INTERSECTION &amp; LineIntersector#NO_INTERSECTION&quot; }"/>
        </annotation>
    </item>
    <item name='org.locationtech.jts.algorithm.RobustLineIntersector int computeIntersect(org.locationtech.jts.geom.Coordinate, org.locationtech.jts.geom.Coordinate, org.locationtech.jts.geom.Coordinate, org.locationtech.jts.geom.Coordinate)'>
        <annotation name='com.intellij.inspections.tainted.annotation.equation.Equations'>
            <val val="{ &quot;p1 := LineIntersector#computeIntersect(org.locationtech.jts.geom.Coordinate, org.locationtech.jts.geom.Coordinate, org.locationtech.jts.geom.Coordinate, org.locationtech.jts.geom.Coordinate)#0&quot;, &quot;computeIntersect := LineIntersector#NO_INTERSECTION &amp; LineIntersector#POINT_INTERSECTION&quot;, &quot;p2 := LineIntersector#computeIntersect(org.locationtech.jts.geom.Coordinate, org.locationtech.jts.geom.Coordinate, org.locationtech.jts.geom.Coordinate, org.locationtech.jts.geom.Coordinate)#1&quot;, &quot;q1 := LineIntersector#computeIntersect(org.locationtech.jts.geom.Coordinate, org.locationtech.jts.geom.Coordinate, org.locationtech.jts.geom.Coordinate, org.locationtech.jts.geom.Coordinate)#2&quot;, &quot;q2 := LineIntersector#computeIntersect(org.locationtech.jts.geom.Coordinate, org.locationtech.jts.geom.Coordinate, org.locationtech.jts.geom.Coordinate, org.locationtech.jts.geom.Coordinate)#3&quot; }"/>
        </annotation>
    </item>
    <item name='org.locationtech.jts.algorithm.RobustLineIntersector org.locationtech.jts.geom.Coordinate intersection(org.locationtech.jts.geom.Coordinate, org.locationtech.jts.geom.Coordinate, org.locationtech.jts.geom.Coordinate, org.locationtech.jts.geom.Coordinate)'>
        <annotation name='com.intellij.inspections.tainted.annotation.equation.Equations'>
            <val val="{ &quot;intersection := &quot;, &quot;p2 := #computeIntersect(org.locationtech.jts.geom.Coordinate, org.locationtech.jts.geom.Coordinate, org.locationtech.jts.geom.Coordinate, org.locationtech.jts.geom.Coordinate)#1&quot;, &quot;q1 := #computeIntersect(org.locationtech.jts.geom.Coordinate, org.locationtech.jts.geom.Coordinate, org.locationtech.jts.geom.Coordinate, org.locationtech.jts.geom.Coordinate)#2&quot;, &quot;q2 := #computeIntersect(org.locationtech.jts.geom.Coordinate, org.locationtech.jts.geom.Coordinate, org.locationtech.jts.geom.Coordinate, org.locationtech.jts.geom.Coordinate)#3&quot;, &quot;p1 := #computeIntersect(org.locationtech.jts.geom.Coordinate, org.locationtech.jts.geom.Coordinate, org.locationtech.jts.geom.Coordinate, org.locationtech.jts.geom.Coordinate)#0&quot; }"/>
        </annotation>
    </item>
    <item name='org.locationtech.jts.algorithm.RobustLineIntersector org.locationtech.jts.geom.Coordinate intersectionWithNormalization(org.locationtech.jts.geom.Coordinate, org.locationtech.jts.geom.Coordinate, org.locationtech.jts.geom.Coordinate, org.locationtech.jts.geom.Coordinate)'>
        <annotation name='com.intellij.inspections.tainted.annotation.equation.Equations'>
            <val val="{ &quot;p1 := #intersection(org.locationtech.jts.geom.Coordinate, org.locationtech.jts.geom.Coordinate, org.locationtech.jts.geom.Coordinate, org.locationtech.jts.geom.Coordinate)#0&quot;, &quot;p2 := #intersection(org.locationtech.jts.geom.Coordinate, org.locationtech.jts.geom.Coordinate, org.locationtech.jts.geom.Coordinate, org.locationtech.jts.geom.Coordinate)#1&quot;, &quot;intersectionWithNormalization := &quot;, &quot;q1 := #intersection(org.locationtech.jts.geom.Coordinate, org.locationtech.jts.geom.Coordinate, org.locationtech.jts.geom.Coordinate, org.locationtech.jts.geom.Coordinate)#2&quot;, &quot;q2 := #intersection(org.locationtech.jts.geom.Coordinate, org.locationtech.jts.geom.Coordinate, org.locationtech.jts.geom.Coordinate, org.locationtech.jts.geom.Coordinate)#3&quot; }"/>
        </annotation>
    </item>
    <item name='org.locationtech.jts.algorithm.RobustLineIntersector org.locationtech.jts.geom.Coordinate nearestEndpoint(org.locationtech.jts.geom.Coordinate, org.locationtech.jts.geom.Coordinate, org.locationtech.jts.geom.Coordinate, org.locationtech.jts.geom.Coordinate)'>
        <annotation name='com.intellij.inspections.tainted.annotation.equation.Equations'>
            <val val="{ &quot;q1 := #intersection(org.locationtech.jts.geom.Coordinate, org.locationtech.jts.geom.Coordinate, org.locationtech.jts.geom.Coordinate, org.locationtech.jts.geom.Coordinate)#2 &amp; #safeHCoordinateIntersection(org.locationtech.jts.geom.Coordinate, org.locationtech.jts.geom.Coordinate, org.locationtech.jts.geom.Coordinate, org.locationtech.jts.geom.Coordinate)#2&quot;, &quot;q2 := #intersection(org.locationtech.jts.geom.Coordinate, org.locationtech.jts.geom.Coordinate, org.locationtech.jts.geom.Coordinate, org.locationtech.jts.geom.Coordinate)#3 &amp; #safeHCoordinateIntersection(org.locationtech.jts.geom.Coordinate, org.locationtech.jts.geom.Coordinate, org.locationtech.jts.geom.Coordinate, org.locationtech.jts.geom.Coordinate)#3&quot;, &quot;p2 := #intersection(org.locationtech.jts.geom.Coordinate, org.locationtech.jts.geom.Coordinate, org.locationtech.jts.geom.Coordinate, org.locationtech.jts.geom.Coordinate)#1 &amp; #safeHCoordinateIntersection(org.locationtech.jts.geom.Coordinate, org.locationtech.jts.geom.Coordinate, org.locationtech.jts.geom.Coordinate, org.locationtech.jts.geom.Coordinate)#1&quot;, &quot;nearestEndpoint := p1 &amp; p2 &amp; q1 &amp; q2&quot;, &quot;p1 := #intersection(org.locationtech.jts.geom.Coordinate, org.locationtech.jts.geom.Coordinate, org.locationtech.jts.geom.Coordinate, org.locationtech.jts.geom.Coordinate)#0 &amp; #safeHCoordinateIntersection(org.locationtech.jts.geom.Coordinate, org.locationtech.jts.geom.Coordinate, org.locationtech.jts.geom.Coordinate, org.locationtech.jts.geom.Coordinate)#0&quot; }"/>
        </annotation>
    </item>
    <item name='org.locationtech.jts.algorithm.RobustLineIntersector org.locationtech.jts.geom.Coordinate safeHCoordinateIntersection(org.locationtech.jts.geom.Coordinate, org.locationtech.jts.geom.Coordinate, org.locationtech.jts.geom.Coordinate, org.locationtech.jts.geom.Coordinate)'>
        <annotation name='com.intellij.inspections.tainted.annotation.equation.Equations'>
            <val val="{ &quot;p1 := &quot;, &quot;q2 := &quot;, &quot;p2 := &quot;, &quot;safeHCoordinateIntersection := &quot;, &quot;q1 := &quot; }"/>
        </annotation>
    </item>
    <item name='org.locationtech.jts.algorithm.RobustLineIntersector void computeIntersection(org.locationtech.jts.geom.Coordinate, org.locationtech.jts.geom.Coordinate, org.locationtech.jts.geom.Coordinate)'>
        <annotation name='com.intellij.inspections.tainted.annotation.equation.Equations'>
            <val val="{ &quot;p2 := LineIntersector#computeIntersection(org.locationtech.jts.geom.Coordinate, org.locationtech.jts.geom.Coordinate, org.locationtech.jts.geom.Coordinate)#2&quot;, &quot;p := LineIntersector#computeIntersection(org.locationtech.jts.geom.Coordinate, org.locationtech.jts.geom.Coordinate, org.locationtech.jts.geom.Coordinate)#0&quot;, &quot;p1 := LineIntersector#computeIntersection(org.locationtech.jts.geom.Coordinate, org.locationtech.jts.geom.Coordinate, org.locationtech.jts.geom.Coordinate)#1&quot; }"/>
        </annotation>
    </item>
    <item name='org.locationtech.jts.algorithm.RobustLineIntersector void normalizeToEnvCentre(org.locationtech.jts.geom.Coordinate, org.locationtech.jts.geom.Coordinate, org.locationtech.jts.geom.Coordinate, org.locationtech.jts.geom.Coordinate, org.locationtech.jts.geom.Coordinate)'>
        <annotation name='com.intellij.inspections.tainted.annotation.equation.Equations'>
            <val val="{ &quot;n01 := &quot;, &quot;normPt := &quot;, &quot;n10 := &quot;, &quot;n00 := &quot;, &quot;n11 := &quot; }"/>
        </annotation>
    </item>
</root>