<root>
    <item name='com.sun.org.apache.xerces.internal.impl.xs.opti.AttrImpl'>
        <annotation name='com.intellij.inspections.tainted.annotation.equation.Equations'>
            <val val="{ &quot;AttrImpl := #setValue(java.lang.String)#0&quot; }"/>
        </annotation>
    </item>
    <item name='com.sun.org.apache.xerces.internal.impl.xs.opti.AttrImpl AttrImpl()'>
        <annotation name='com.intellij.inspections.tainted.annotation.equation.Equations'>
            <val val="{ &quot;AttrImpl := AttrImpl&quot; }"/>
        </annotation>
    </item>
    <item name='com.sun.org.apache.xerces.internal.impl.xs.opti.AttrImpl AttrImpl(org.w3c.dom.Element, java.lang.String, java.lang.String, java.lang.String, java.lang.String, java.lang.String)'>
        <annotation name='com.intellij.inspections.tainted.annotation.equation.Equations'>
            <val val="{ &quot;AttrImpl := AttrImpl&quot;, &quot;element := SchemaDOM#processElement(com.sun.org.apache.xerces.internal.xni.QName, com.sun.org.apache.xerces.internal.xni.XMLAttributes, com.sun.org.apache.xerces.internal.impl.xs.opti.ElementImpl)#2&quot; }"/>
        </annotation>
    </item>
    <item name='com.sun.org.apache.xerces.internal.impl.xs.opti.AttrImpl java.lang.String getName()'>
        <annotation name='com.intellij.inspections.tainted.annotation.equation.Equations'>
            <val val="{ &quot;getName := AttrImpl&quot; }"/>
        </annotation>
    </item>
    <item name='com.sun.org.apache.xerces.internal.impl.xs.opti.AttrImpl java.lang.String getValue()'>
        <annotation name='com.intellij.inspections.tainted.annotation.equation.Equations'>
            <val val="{ &quot;getValue := AttrImpl&quot; }"/>
        </annotation>
    </item>
    <item name='com.sun.org.apache.xerces.internal.impl.xs.opti.AttrImpl org.w3c.dom.Element getOwnerElement()'>
        <annotation name='com.intellij.inspections.tainted.annotation.equation.Equations'>
            <val val="{ &quot;getOwnerElement := AttrImpl&quot; }"/>
        </annotation>
    </item>
    <item name='com.sun.org.apache.xerces.internal.impl.xs.opti.DefaultDocument'>
        <annotation name='com.intellij.inspections.tainted.annotation.equation.Equations'>
            <val val="{ &quot;DefaultDocument := SchemaDOM&quot; }"/>
        </annotation>
    </item>
    <item name='com.sun.org.apache.xerces.internal.impl.xs.opti.DefaultDocument DefaultDocument()'>
        <annotation name='com.intellij.inspections.tainted.annotation.equation.Equations'>
            <val val="{ &quot;DefaultDocument := DefaultDocument&quot; }"/>
        </annotation>
    </item>
    <item name='com.sun.org.apache.xerces.internal.impl.xs.opti.DefaultDocument java.lang.String getDocumentURI()'>
        <annotation name='com.intellij.inspections.tainted.annotation.equation.Equations'>
            <val val="{ &quot;getDocumentURI := DefaultDocument&quot; }"/>
        </annotation>
    </item>
    <item name='com.sun.org.apache.xerces.internal.impl.xs.opti.DefaultDocument org.w3c.dom.DOMImplementation getImplementation()'>
        <annotation name='com.intellij.inspections.tainted.annotation.equation.Equations'>
            <val val="{ &quot;getImplementation := SchemaDOM#getImplementation()&quot; }"/>
        </annotation>
    </item>
    <item name='com.sun.org.apache.xerces.internal.impl.xs.opti.DefaultDocument org.w3c.dom.Element getDocumentElement()'>
        <annotation name='com.intellij.inspections.tainted.annotation.equation.Equations'>
            <val val="{ &quot;getDocumentElement := SchemaDOM#getDocumentElement()&quot; }"/>
        </annotation>
    </item>
    <item name='com.sun.org.apache.xerces.internal.impl.xs.opti.DefaultElement'>
        <annotation name='com.intellij.inspections.tainted.annotation.equation.Equations'>
            <val val="{ &quot;DefaultElement := ElementImpl&quot; }"/>
        </annotation>
    </item>
    <item name='com.sun.org.apache.xerces.internal.impl.xs.opti.DefaultElement DefaultElement(java.lang.String, java.lang.String, java.lang.String, java.lang.String, short)'>
        <annotation name='com.intellij.inspections.tainted.annotation.equation.Equations'>
            <val val="{ &quot;prefix := ElementImpl#ElementImpl(java.lang.String, java.lang.String, java.lang.String, java.lang.String, int, int, int)#0&quot;, &quot;localpart := ElementImpl#ElementImpl(java.lang.String, java.lang.String, java.lang.String, java.lang.String, int, int, int)#1&quot;, &quot;uri := ElementImpl#ElementImpl(java.lang.String, java.lang.String, java.lang.String, java.lang.String, int, int, int)#3&quot;, &quot;rawname := ElementImpl#ElementImpl(java.lang.String, java.lang.String, java.lang.String, java.lang.String, int, int, int)#2&quot;, &quot;nodeType := org.w3c.dom.Node#ELEMENT_NODE&quot;, &quot;DefaultElement := DefaultElement&quot; }"/>
        </annotation>
    </item>
    <item name='com.sun.org.apache.xerces.internal.impl.xs.opti.DefaultElement boolean hasAttribute(java.lang.String)'>
        <annotation name='com.intellij.inspections.tainted.annotation.equation.Equations'>
            <val val="{ &quot;name := ElementImpl#hasAttribute(java.lang.String)#0&quot; }"/>
        </annotation>
    </item>
    <item name='com.sun.org.apache.xerces.internal.impl.xs.opti.DefaultElement boolean hasAttributeNS(java.lang.String, java.lang.String)'>
        <annotation name='com.intellij.inspections.tainted.annotation.equation.Equations'>
            <val val="{ &quot;localName := ElementImpl#hasAttributeNS(java.lang.String, java.lang.String)#1&quot;, &quot;namespaceURI := ElementImpl#hasAttributeNS(java.lang.String, java.lang.String)#0&quot; }"/>
        </annotation>
    </item>
    <item name='com.sun.org.apache.xerces.internal.impl.xs.opti.DefaultElement java.lang.String getAttribute(java.lang.String)'>
        <annotation name='com.intellij.inspections.tainted.annotation.equation.Equations'>
            <val val="{ &quot;name := ElementImpl#getAttribute(java.lang.String)#0&quot;, &quot;getAttribute := ElementImpl#getAttribute(java.lang.String)&quot; }"/>
        </annotation>
    </item>
    <item name='com.sun.org.apache.xerces.internal.impl.xs.opti.DefaultElement java.lang.String getAttributeNS(java.lang.String, java.lang.String)'>
        <annotation name='com.intellij.inspections.tainted.annotation.equation.Equations'>
            <val val="{ &quot;getAttributeNS := ElementImpl#getAttributeNS(java.lang.String, java.lang.String)&quot;, &quot;namespaceURI := ElementImpl#getAttributeNS(java.lang.String, java.lang.String)#0&quot;, &quot;localName := ElementImpl#getAttributeNS(java.lang.String, java.lang.String)#1&quot; }"/>
        </annotation>
    </item>
    <item name='com.sun.org.apache.xerces.internal.impl.xs.opti.DefaultElement java.lang.String getTagName()'>
        <annotation name='com.intellij.inspections.tainted.annotation.equation.Equations'>
            <val val="{ &quot;getTagName := ElementImpl#getTagName()&quot; }"/>
        </annotation>
    </item>
    <item name='com.sun.org.apache.xerces.internal.impl.xs.opti.DefaultElement org.w3c.dom.Attr getAttributeNode(java.lang.String)'>
        <annotation name='com.intellij.inspections.tainted.annotation.equation.Equations'>
            <val val="{ &quot;name := ElementImpl#getAttributeNode(java.lang.String)#0&quot;, &quot;getAttributeNode := ElementImpl#getAttributeNode(java.lang.String)&quot; }"/>
        </annotation>
    </item>
    <item name='com.sun.org.apache.xerces.internal.impl.xs.opti.DefaultElement org.w3c.dom.Attr getAttributeNodeNS(java.lang.String, java.lang.String)'>
        <annotation name='com.intellij.inspections.tainted.annotation.equation.Equations'>
            <val val="{ &quot;getAttributeNodeNS := ElementImpl#getAttributeNodeNS(java.lang.String, java.lang.String)&quot;, &quot;localName := ElementImpl#getAttributeNodeNS(java.lang.String, java.lang.String)#1&quot;, &quot;namespaceURI := ElementImpl#getAttributeNodeNS(java.lang.String, java.lang.String)#0&quot; }"/>
        </annotation>
    </item>
    <item name='com.sun.org.apache.xerces.internal.impl.xs.opti.DefaultElement void setAttribute(java.lang.String, java.lang.String)'>
        <annotation name='com.intellij.inspections.tainted.annotation.equation.Equations'>
            <val val="{ &quot;name := ElementImpl#setAttribute(java.lang.String, java.lang.String)#0&quot;, &quot;value := ElementImpl#setAttribute(java.lang.String, java.lang.String)#1&quot; }"/>
        </annotation>
    </item>
    <item name='com.sun.org.apache.xerces.internal.impl.xs.opti.DefaultNode'>
        <annotation name='com.intellij.inspections.tainted.annotation.equation.Equations'>
            <val val="{ &quot;DefaultNode := NodeImpl&quot; }"/>
        </annotation>
    </item>
    <item name='com.sun.org.apache.xerces.internal.impl.xs.opti.DefaultNode java.lang.String getLocalName()'>
        <annotation name='com.intellij.inspections.tainted.annotation.equation.Equations'>
            <val val="{ &quot;getLocalName := NodeImpl#getLocalName()&quot; }"/>
        </annotation>
    </item>
    <item name='com.sun.org.apache.xerces.internal.impl.xs.opti.DefaultNode java.lang.String getNamespaceURI()'>
        <annotation name='com.intellij.inspections.tainted.annotation.equation.Equations'>
            <val val="{ &quot;getNamespaceURI := NodeImpl#getNamespaceURI()&quot; }"/>
        </annotation>
    </item>
    <item name='com.sun.org.apache.xerces.internal.impl.xs.opti.DefaultNode java.lang.String getNodeName()'>
        <annotation name='com.intellij.inspections.tainted.annotation.equation.Equations'>
            <val val="{ &quot;getNodeName := NodeImpl#getNodeName()&quot; }"/>
        </annotation>
    </item>
    <item name='com.sun.org.apache.xerces.internal.impl.xs.opti.DefaultNode java.lang.String getNodeValue()'>
        <annotation name='com.intellij.inspections.tainted.annotation.equation.Equations'>
            <val val="{ &quot;getNodeValue := AttrImpl#getNodeValue()&quot; }"/>
        </annotation>
    </item>
    <item name='com.sun.org.apache.xerces.internal.impl.xs.opti.DefaultNode java.lang.String getPrefix()'>
        <annotation name='com.intellij.inspections.tainted.annotation.equation.Equations'>
            <val val="{ &quot;getPrefix := NodeImpl#getPrefix()&quot; }"/>
        </annotation>
    </item>
    <item name='com.sun.org.apache.xerces.internal.impl.xs.opti.DefaultNode org.w3c.dom.Document getOwnerDocument()'>
        <annotation name='com.intellij.inspections.tainted.annotation.equation.Equations'>
            <val val="{ &quot;getOwnerDocument := AttrImpl#getOwnerDocument() &amp; ElementImpl#getOwnerDocument()&quot; }"/>
        </annotation>
    </item>
    <item name='com.sun.org.apache.xerces.internal.impl.xs.opti.DefaultNode org.w3c.dom.NamedNodeMap getAttributes()'>
        <annotation name='com.intellij.inspections.tainted.annotation.equation.Equations'>
            <val val="{ &quot;getAttributes := ElementImpl#getAttributes()&quot; }"/>
        </annotation>
    </item>
    <item name='com.sun.org.apache.xerces.internal.impl.xs.opti.DefaultNode org.w3c.dom.Node getFirstChild()'>
        <annotation name='com.intellij.inspections.tainted.annotation.equation.Equations'>
            <val val="{ &quot;getFirstChild := ElementImpl#getFirstChild()&quot; }"/>
        </annotation>
    </item>
    <item name='com.sun.org.apache.xerces.internal.impl.xs.opti.DefaultNode org.w3c.dom.Node getLastChild()'>
        <annotation name='com.intellij.inspections.tainted.annotation.equation.Equations'>
            <val val="{ &quot;getLastChild := ElementImpl#getLastChild()&quot; }"/>
        </annotation>
    </item>
    <item name='com.sun.org.apache.xerces.internal.impl.xs.opti.DefaultNode org.w3c.dom.Node getNextSibling()'>
        <annotation name='com.intellij.inspections.tainted.annotation.equation.Equations'>
            <val val="{ &quot;getNextSibling := TextImpl#getNextSibling() &amp; ElementImpl#getNextSibling()&quot; }"/>
        </annotation>
    </item>
    <item name='com.sun.org.apache.xerces.internal.impl.xs.opti.DefaultNode org.w3c.dom.Node getParentNode()'>
        <annotation name='com.intellij.inspections.tainted.annotation.equation.Equations'>
            <val val="{ &quot;getParentNode := ElementImpl#getParentNode() &amp; TextImpl#getParentNode()&quot; }"/>
        </annotation>
    </item>
    <item name='com.sun.org.apache.xerces.internal.impl.xs.opti.DefaultNode org.w3c.dom.Node getPreviousSibling()'>
        <annotation name='com.intellij.inspections.tainted.annotation.equation.Equations'>
            <val val="{ &quot;getPreviousSibling := TextImpl#getPreviousSibling() &amp; ElementImpl#getPreviousSibling()&quot; }"/>
        </annotation>
    </item>
    <item name='com.sun.org.apache.xerces.internal.impl.xs.opti.DefaultNode short getNodeType()'>
        <annotation name='com.intellij.inspections.tainted.annotation.equation.Equations'>
            <val val="{ &quot;getNodeType := NodeImpl#getNodeType()&quot; }"/>
        </annotation>
    </item>
    <item name='com.sun.org.apache.xerces.internal.impl.xs.opti.DefaultText'>
        <annotation name='com.intellij.inspections.tainted.annotation.equation.Equations'>
            <val val="{ &quot;DefaultText := TextImpl&quot; }"/>
        </annotation>
    </item>
    <item name='com.sun.org.apache.xerces.internal.impl.xs.opti.DefaultText int getLength()'>
        <annotation name='com.intellij.inspections.tainted.annotation.equation.Equations'>
            <val val="{ &quot;getLength := TextImpl#getLength()&quot; }"/>
        </annotation>
    </item>
    <item name='com.sun.org.apache.xerces.internal.impl.xs.opti.DefaultText java.lang.String getData()'>
        <annotation name='com.intellij.inspections.tainted.annotation.equation.Equations'>
            <val val="{ &quot;getData := TextImpl#getData()&quot; }"/>
        </annotation>
    </item>
    <item name='com.sun.org.apache.xerces.internal.impl.xs.opti.DefaultText java.lang.String substringData(int, int)'>
        <annotation name='com.intellij.inspections.tainted.annotation.equation.Equations'>
            <val val="{ &quot;offset := TextImpl#substringData(int, int)#0&quot;, &quot;substringData := TextImpl#substringData(int, int)&quot;, &quot;count := TextImpl#substringData(int, int)#1&quot; }"/>
        </annotation>
    </item>
    <item name='com.sun.org.apache.xerces.internal.impl.xs.opti.DefaultXMLDocumentHandler'>
        <annotation name='com.intellij.inspections.tainted.annotation.equation.Equations'>
            <val val="{ &quot;DefaultXMLDocumentHandler := #setDocumentSource(com.sun.org.apache.xerces.internal.xni.parser.XMLDocumentSource)#0 &amp; #setDTDContentModelSource(com.sun.org.apache.xerces.internal.xni.parser.XMLDTDContentModelSource)#0 &amp; #setDTDSource(com.sun.org.apache.xerces.internal.xni.parser.XMLDTDSource)#0&quot; }"/>
        </annotation>
    </item>
    <item name='com.sun.org.apache.xerces.internal.impl.xs.opti.DefaultXMLDocumentHandler DefaultXMLDocumentHandler()'>
        <annotation name='com.intellij.inspections.tainted.annotation.equation.Equations'>
            <val val="{ &quot;DefaultXMLDocumentHandler := DefaultXMLDocumentHandler&quot; }"/>
        </annotation>
    </item>
    <item name='com.sun.org.apache.xerces.internal.impl.xs.opti.DefaultXMLDocumentHandler com.sun.org.apache.xerces.internal.xni.parser.XMLDTDContentModelSource getDTDContentModelSource()'>
        <annotation name='com.intellij.inspections.tainted.annotation.equation.Equations'>
            <val val="{ &quot;getDTDContentModelSource := DefaultXMLDocumentHandler&quot; }"/>
        </annotation>
    </item>
    <item name='com.sun.org.apache.xerces.internal.impl.xs.opti.DefaultXMLDocumentHandler com.sun.org.apache.xerces.internal.xni.parser.XMLDTDSource getDTDSource()'>
        <annotation name='com.intellij.inspections.tainted.annotation.equation.Equations'>
            <val val="{ &quot;getDTDSource := DefaultXMLDocumentHandler&quot; }"/>
        </annotation>
    </item>
    <item name='com.sun.org.apache.xerces.internal.impl.xs.opti.DefaultXMLDocumentHandler com.sun.org.apache.xerces.internal.xni.parser.XMLDocumentSource getDocumentSource()'>
        <annotation name='com.intellij.inspections.tainted.annotation.equation.Equations'>
            <val val="{ &quot;getDocumentSource := DefaultXMLDocumentHandler&quot; }"/>
        </annotation>
    </item>
    <item name='com.sun.org.apache.xerces.internal.impl.xs.opti.DefaultXMLDocumentHandler void characters(com.sun.org.apache.xerces.internal.xni.XMLString, com.sun.org.apache.xerces.internal.xni.Augmentations)'>
        <annotation name='com.intellij.inspections.tainted.annotation.equation.Equations'>
            <val val="{ &quot;augs := SchemaDOMParser#characters(com.sun.org.apache.xerces.internal.xni.XMLString, com.sun.org.apache.xerces.internal.xni.Augmentations)#1 &amp; com.sun.org.apache.xerces.internal.jaxp.JAXPValidatorComponent.XNI2SAX#characters(com.sun.org.apache.xerces.internal.xni.XMLString, com.sun.org.apache.xerces.internal.xni.Augmentations)#1&quot;, &quot;text := SchemaDOMParser#characters(com.sun.org.apache.xerces.internal.xni.XMLString, com.sun.org.apache.xerces.internal.xni.Augmentations)#0 &amp; com.sun.org.apache.xerces.internal.jaxp.JAXPValidatorComponent.XNI2SAX#characters(com.sun.org.apache.xerces.internal.xni.XMLString, com.sun.org.apache.xerces.internal.xni.Augmentations)#0&quot; }"/>
        </annotation>
    </item>
    <item name='com.sun.org.apache.xerces.internal.impl.xs.opti.DefaultXMLDocumentHandler void comment(com.sun.org.apache.xerces.internal.xni.XMLString, com.sun.org.apache.xerces.internal.xni.Augmentations)'>
        <annotation name='com.intellij.inspections.tainted.annotation.equation.Equations'>
            <val val="{ &quot;text := SchemaDOMParser#comment(com.sun.org.apache.xerces.internal.xni.XMLString, com.sun.org.apache.xerces.internal.xni.Augmentations)#0&quot;, &quot;augs := SchemaDOMParser#comment(com.sun.org.apache.xerces.internal.xni.XMLString, com.sun.org.apache.xerces.internal.xni.Augmentations)#1&quot; }"/>
        </annotation>
    </item>
    <item name='com.sun.org.apache.xerces.internal.impl.xs.opti.DefaultXMLDocumentHandler void emptyElement(com.sun.org.apache.xerces.internal.xni.QName, com.sun.org.apache.xerces.internal.xni.XMLAttributes, com.sun.org.apache.xerces.internal.xni.Augmentations)'>
        <annotation name='com.intellij.inspections.tainted.annotation.equation.Equations'>
            <val val="{ &quot;attributes := SchemaDOMParser#emptyElement(com.sun.org.apache.xerces.internal.xni.QName, com.sun.org.apache.xerces.internal.xni.XMLAttributes, com.sun.org.apache.xerces.internal.xni.Augmentations)#1 &amp; com.sun.org.apache.xerces.internal.jaxp.JAXPValidatorComponent.XNI2SAX#emptyElement(com.sun.org.apache.xerces.internal.xni.QName, com.sun.org.apache.xerces.internal.xni.XMLAttributes, com.sun.org.apache.xerces.internal.xni.Augmentations)#1&quot;, &quot;element := SchemaDOMParser#emptyElement(com.sun.org.apache.xerces.internal.xni.QName, com.sun.org.apache.xerces.internal.xni.XMLAttributes, com.sun.org.apache.xerces.internal.xni.Augmentations)#0 &amp; com.sun.org.apache.xerces.internal.jaxp.JAXPValidatorComponent.XNI2SAX#emptyElement(com.sun.org.apache.xerces.internal.xni.QName, com.sun.org.apache.xerces.internal.xni.XMLAttributes, com.sun.org.apache.xerces.internal.xni.Augmentations)#0&quot;, &quot;augs := SchemaDOMParser#emptyElement(com.sun.org.apache.xerces.internal.xni.QName, com.sun.org.apache.xerces.internal.xni.XMLAttributes, com.sun.org.apache.xerces.internal.xni.Augmentations)#2 &amp; com.sun.org.apache.xerces.internal.jaxp.JAXPValidatorComponent.XNI2SAX#emptyElement(com.sun.org.apache.xerces.internal.xni.QName, com.sun.org.apache.xerces.internal.xni.XMLAttributes, com.sun.org.apache.xerces.internal.xni.Augmentations)#2&quot; }"/>
        </annotation>
    </item>
    <item name='com.sun.org.apache.xerces.internal.impl.xs.opti.DefaultXMLDocumentHandler void endCDATA(com.sun.org.apache.xerces.internal.xni.Augmentations)'>
        <annotation name='com.intellij.inspections.tainted.annotation.equation.Equations'>
            <val val="{ &quot;augs := SchemaDOMParser#endCDATA(com.sun.org.apache.xerces.internal.xni.Augmentations)#0&quot; }"/>
        </annotation>
    </item>
    <item name='com.sun.org.apache.xerces.internal.impl.xs.opti.DefaultXMLDocumentHandler void endDocument(com.sun.org.apache.xerces.internal.xni.Augmentations)'>
        <annotation name='com.intellij.inspections.tainted.annotation.equation.Equations'>
            <val val="{ &quot;augs := SchemaDOMParser#endDocument(com.sun.org.apache.xerces.internal.xni.Augmentations)#0 &amp; com.sun.org.apache.xerces.internal.jaxp.JAXPValidatorComponent.XNI2SAX#endDocument(com.sun.org.apache.xerces.internal.xni.Augmentations)#0&quot; }"/>
        </annotation>
    </item>
    <item name='com.sun.org.apache.xerces.internal.impl.xs.opti.DefaultXMLDocumentHandler void endElement(com.sun.org.apache.xerces.internal.xni.QName, com.sun.org.apache.xerces.internal.xni.Augmentations)'>
        <annotation name='com.intellij.inspections.tainted.annotation.equation.Equations'>
            <val val="{ &quot;element := SchemaDOMParser#endElement(com.sun.org.apache.xerces.internal.xni.QName, com.sun.org.apache.xerces.internal.xni.Augmentations)#0 &amp; com.sun.org.apache.xerces.internal.jaxp.JAXPValidatorComponent.XNI2SAX#endElement(com.sun.org.apache.xerces.internal.xni.QName, com.sun.org.apache.xerces.internal.xni.Augmentations)#0&quot;, &quot;augs := SchemaDOMParser#endElement(com.sun.org.apache.xerces.internal.xni.QName, com.sun.org.apache.xerces.internal.xni.Augmentations)#1 &amp; com.sun.org.apache.xerces.internal.jaxp.JAXPValidatorComponent.XNI2SAX#endElement(com.sun.org.apache.xerces.internal.xni.QName, com.sun.org.apache.xerces.internal.xni.Augmentations)#1&quot; }"/>
        </annotation>
    </item>
    <item name='com.sun.org.apache.xerces.internal.impl.xs.opti.DefaultXMLDocumentHandler void ignorableWhitespace(com.sun.org.apache.xerces.internal.xni.XMLString, com.sun.org.apache.xerces.internal.xni.Augmentations)'>
        <annotation name='com.intellij.inspections.tainted.annotation.equation.Equations'>
            <val val="{ &quot;text := SchemaDOMParser#ignorableWhitespace(com.sun.org.apache.xerces.internal.xni.XMLString, com.sun.org.apache.xerces.internal.xni.Augmentations)#0 &amp; com.sun.org.apache.xerces.internal.jaxp.JAXPValidatorComponent.XNI2SAX#ignorableWhitespace(com.sun.org.apache.xerces.internal.xni.XMLString, com.sun.org.apache.xerces.internal.xni.Augmentations)#0&quot;, &quot;augs := SchemaDOMParser#ignorableWhitespace(com.sun.org.apache.xerces.internal.xni.XMLString, com.sun.org.apache.xerces.internal.xni.Augmentations)#1 &amp; com.sun.org.apache.xerces.internal.jaxp.JAXPValidatorComponent.XNI2SAX#ignorableWhitespace(com.sun.org.apache.xerces.internal.xni.XMLString, com.sun.org.apache.xerces.internal.xni.Augmentations)#1&quot; }"/>
        </annotation>
    </item>
    <item name='com.sun.org.apache.xerces.internal.impl.xs.opti.DefaultXMLDocumentHandler void processingInstruction(java.lang.String, com.sun.org.apache.xerces.internal.xni.XMLString, com.sun.org.apache.xerces.internal.xni.Augmentations)'>
        <annotation name='com.intellij.inspections.tainted.annotation.equation.Equations'>
            <val val="{ &quot;target := SchemaDOMParser#processingInstruction(java.lang.String, com.sun.org.apache.xerces.internal.xni.XMLString, com.sun.org.apache.xerces.internal.xni.Augmentations)#0 &amp; com.sun.org.apache.xerces.internal.jaxp.JAXPValidatorComponent.XNI2SAX#processingInstruction(java.lang.String, com.sun.org.apache.xerces.internal.xni.XMLString, com.sun.org.apache.xerces.internal.xni.Augmentations)#0&quot;, &quot;data := SchemaDOMParser#processingInstruction(java.lang.String, com.sun.org.apache.xerces.internal.xni.XMLString, com.sun.org.apache.xerces.internal.xni.Augmentations)#1 &amp; com.sun.org.apache.xerces.internal.jaxp.JAXPValidatorComponent.XNI2SAX#processingInstruction(java.lang.String, com.sun.org.apache.xerces.internal.xni.XMLString, com.sun.org.apache.xerces.internal.xni.Augmentations)#1&quot;, &quot;augs := SchemaDOMParser#processingInstruction(java.lang.String, com.sun.org.apache.xerces.internal.xni.XMLString, com.sun.org.apache.xerces.internal.xni.Augmentations)#2 &amp; com.sun.org.apache.xerces.internal.jaxp.JAXPValidatorComponent.XNI2SAX#processingInstruction(java.lang.String, com.sun.org.apache.xerces.internal.xni.XMLString, com.sun.org.apache.xerces.internal.xni.Augmentations)#2&quot; }"/>
        </annotation>
    </item>
    <item name='com.sun.org.apache.xerces.internal.impl.xs.opti.DefaultXMLDocumentHandler void startCDATA(com.sun.org.apache.xerces.internal.xni.Augmentations)'>
        <annotation name='com.intellij.inspections.tainted.annotation.equation.Equations'>
            <val val="{ &quot;augs := SchemaDOMParser#startCDATA(com.sun.org.apache.xerces.internal.xni.Augmentations)#0&quot; }"/>
        </annotation>
    </item>
    <item name='com.sun.org.apache.xerces.internal.impl.xs.opti.DefaultXMLDocumentHandler void startDocument(com.sun.org.apache.xerces.internal.xni.XMLLocator, java.lang.String, com.sun.org.apache.xerces.internal.xni.NamespaceContext, com.sun.org.apache.xerces.internal.xni.Augmentations)'>
        <annotation name='com.intellij.inspections.tainted.annotation.equation.Equations'>
            <val val="{ &quot;context := SchemaDOMParser#startDocument(com.sun.org.apache.xerces.internal.xni.XMLLocator, java.lang.String, com.sun.org.apache.xerces.internal.xni.NamespaceContext, com.sun.org.apache.xerces.internal.xni.Augmentations)#2 &amp; com.sun.org.apache.xerces.internal.jaxp.JAXPValidatorComponent.XNI2SAX#startDocument(com.sun.org.apache.xerces.internal.xni.XMLLocator, java.lang.String, com.sun.org.apache.xerces.internal.xni.NamespaceContext, com.sun.org.apache.xerces.internal.xni.Augmentations)#2&quot;, &quot;augs := SchemaDOMParser#startDocument(com.sun.org.apache.xerces.internal.xni.XMLLocator, java.lang.String, com.sun.org.apache.xerces.internal.xni.NamespaceContext, com.sun.org.apache.xerces.internal.xni.Augmentations)#3 &amp; com.sun.org.apache.xerces.internal.jaxp.JAXPValidatorComponent.XNI2SAX#startDocument(com.sun.org.apache.xerces.internal.xni.XMLLocator, java.lang.String, com.sun.org.apache.xerces.internal.xni.NamespaceContext, com.sun.org.apache.xerces.internal.xni.Augmentations)#3&quot;, &quot;locator := SchemaDOMParser#startDocument(com.sun.org.apache.xerces.internal.xni.XMLLocator, java.lang.String, com.sun.org.apache.xerces.internal.xni.NamespaceContext, com.sun.org.apache.xerces.internal.xni.Augmentations)#0 &amp; com.sun.org.apache.xerces.internal.jaxp.JAXPValidatorComponent.XNI2SAX#startDocument(com.sun.org.apache.xerces.internal.xni.XMLLocator, java.lang.String, com.sun.org.apache.xerces.internal.xni.NamespaceContext, com.sun.org.apache.xerces.internal.xni.Augmentations)#0&quot;, &quot;encoding := SchemaDOMParser#startDocument(com.sun.org.apache.xerces.internal.xni.XMLLocator, java.lang.String, com.sun.org.apache.xerces.internal.xni.NamespaceContext, com.sun.org.apache.xerces.internal.xni.Augmentations)#1 &amp; com.sun.org.apache.xerces.internal.jaxp.JAXPValidatorComponent.XNI2SAX#startDocument(com.sun.org.apache.xerces.internal.xni.XMLLocator, java.lang.String, com.sun.org.apache.xerces.internal.xni.NamespaceContext, com.sun.org.apache.xerces.internal.xni.Augmentations)#1&quot; }"/>
        </annotation>
    </item>
    <item name='com.sun.org.apache.xerces.internal.impl.xs.opti.DefaultXMLDocumentHandler void startElement(com.sun.org.apache.xerces.internal.xni.QName, com.sun.org.apache.xerces.internal.xni.XMLAttributes, com.sun.org.apache.xerces.internal.xni.Augmentations)'>
        <annotation name='com.intellij.inspections.tainted.annotation.equation.Equations'>
            <val val="{ &quot;augs := SchemaDOMParser#startElement(com.sun.org.apache.xerces.internal.xni.QName, com.sun.org.apache.xerces.internal.xni.XMLAttributes, com.sun.org.apache.xerces.internal.xni.Augmentations)#2 &amp; com.sun.org.apache.xerces.internal.jaxp.JAXPValidatorComponent.XNI2SAX#startElement(com.sun.org.apache.xerces.internal.xni.QName, com.sun.org.apache.xerces.internal.xni.XMLAttributes, com.sun.org.apache.xerces.internal.xni.Augmentations)#2&quot;, &quot;element := SchemaDOMParser#startElement(com.sun.org.apache.xerces.internal.xni.QName, com.sun.org.apache.xerces.internal.xni.XMLAttributes, com.sun.org.apache.xerces.internal.xni.Augmentations)#0 &amp; com.sun.org.apache.xerces.internal.jaxp.JAXPValidatorComponent.XNI2SAX#startElement(com.sun.org.apache.xerces.internal.xni.QName, com.sun.org.apache.xerces.internal.xni.XMLAttributes, com.sun.org.apache.xerces.internal.xni.Augmentations)#0&quot;, &quot;attributes := SchemaDOMParser#startElement(com.sun.org.apache.xerces.internal.xni.QName, com.sun.org.apache.xerces.internal.xni.XMLAttributes, com.sun.org.apache.xerces.internal.xni.Augmentations)#1 &amp; com.sun.org.apache.xerces.internal.jaxp.JAXPValidatorComponent.XNI2SAX#startElement(com.sun.org.apache.xerces.internal.xni.QName, com.sun.org.apache.xerces.internal.xni.XMLAttributes, com.sun.org.apache.xerces.internal.xni.Augmentations)#1&quot; }"/>
        </annotation>
    </item>
    <item name='com.sun.org.apache.xerces.internal.impl.xs.opti.DefaultXMLDocumentHandler void xmlDecl(java.lang.String, java.lang.String, java.lang.String, com.sun.org.apache.xerces.internal.xni.Augmentations)'>
        <annotation name='com.intellij.inspections.tainted.annotation.equation.Equations'>
            <val val="{ &quot;version := com.sun.org.apache.xerces.internal.jaxp.JAXPValidatorComponent.XNI2SAX#xmlDecl(java.lang.String, java.lang.String, java.lang.String, com.sun.org.apache.xerces.internal.xni.Augmentations)#0&quot;, &quot;standalone := com.sun.org.apache.xerces.internal.jaxp.JAXPValidatorComponent.XNI2SAX#xmlDecl(java.lang.String, java.lang.String, java.lang.String, com.sun.org.apache.xerces.internal.xni.Augmentations)#2&quot;, &quot;encoding := com.sun.org.apache.xerces.internal.jaxp.JAXPValidatorComponent.XNI2SAX#xmlDecl(java.lang.String, java.lang.String, java.lang.String, com.sun.org.apache.xerces.internal.xni.Augmentations)#1&quot;, &quot;augs := com.sun.org.apache.xerces.internal.jaxp.JAXPValidatorComponent.XNI2SAX#xmlDecl(java.lang.String, java.lang.String, java.lang.String, com.sun.org.apache.xerces.internal.xni.Augmentations)#3&quot; }"/>
        </annotation>
    </item>
    <item name='com.sun.org.apache.xerces.internal.impl.xs.opti.ElementImpl ElementImpl(int, int)'>
        <annotation name='com.intellij.inspections.tainted.annotation.equation.Equations'>
            <val val="{ &quot;ElementImpl := ElementImpl&quot; }"/>
        </annotation>
    </item>
    <item name='com.sun.org.apache.xerces.internal.impl.xs.opti.ElementImpl ElementImpl(int, int, int)'>
        <annotation name='com.intellij.inspections.tainted.annotation.equation.Equations'>
            <val val="{ &quot;ElementImpl := ElementImpl&quot;, &quot;line := SchemaDOM#startElement(com.sun.org.apache.xerces.internal.xni.QName, com.sun.org.apache.xerces.internal.xni.XMLAttributes, int, int, int)#2 &amp; SchemaDOM#emptyElement(com.sun.org.apache.xerces.internal.xni.QName, com.sun.org.apache.xerces.internal.xni.XMLAttributes, int, int, int)#2 &amp; #ElementImpl(int, int)#0&quot;, &quot;offset := SchemaDOM#startElement(com.sun.org.apache.xerces.internal.xni.QName, com.sun.org.apache.xerces.internal.xni.XMLAttributes, int, int, int)#4 &amp; SchemaDOM#emptyElement(com.sun.org.apache.xerces.internal.xni.QName, com.sun.org.apache.xerces.internal.xni.XMLAttributes, int, int, int)#4&quot;, &quot;column := SchemaDOM#startElement(com.sun.org.apache.xerces.internal.xni.QName, com.sun.org.apache.xerces.internal.xni.XMLAttributes, int, int, int)#3 &amp; SchemaDOM#emptyElement(com.sun.org.apache.xerces.internal.xni.QName, com.sun.org.apache.xerces.internal.xni.XMLAttributes, int, int, int)#3 &amp; #ElementImpl(int, int)#1&quot; }"/>
        </annotation>
    </item>
    <item name='com.sun.org.apache.xerces.internal.impl.xs.opti.ElementImpl ElementImpl(java.lang.String, java.lang.String, java.lang.String, java.lang.String, int, int)'>
        <annotation name='com.intellij.inspections.tainted.annotation.equation.Equations'>
            <val val="{ &quot;ElementImpl := ElementImpl&quot; }"/>
        </annotation>
    </item>
    <item name='com.sun.org.apache.xerces.internal.impl.xs.opti.ElementImpl ElementImpl(java.lang.String, java.lang.String, java.lang.String, java.lang.String, int, int, int)'>
        <annotation name='com.intellij.inspections.tainted.annotation.equation.Equations'>
            <val val="{ &quot;prefix := #ElementImpl(java.lang.String, java.lang.String, java.lang.String, java.lang.String, int, int)#0&quot;, &quot;uri := #ElementImpl(java.lang.String, java.lang.String, java.lang.String, java.lang.String, int, int)#3&quot;, &quot;localpart := #ElementImpl(java.lang.String, java.lang.String, java.lang.String, java.lang.String, int, int)#1&quot;, &quot;ElementImpl := ElementImpl&quot;, &quot;rawname := #ElementImpl(java.lang.String, java.lang.String, java.lang.String, java.lang.String, int, int)#2&quot;, &quot;line := #ElementImpl(java.lang.String, java.lang.String, java.lang.String, java.lang.String, int, int)#4&quot;, &quot;column := #ElementImpl(java.lang.String, java.lang.String, java.lang.String, java.lang.String, int, int)#5&quot; }"/>
        </annotation>
    </item>
    <item name='com.sun.org.apache.xerces.internal.impl.xs.opti.ElementImpl boolean nsEquals(java.lang.String, java.lang.String)'>
        <annotation name='com.intellij.inspections.tainted.annotation.equation.Equations'>
            <val val="{ &quot;nsURI_2 := #hasAttributeNS(java.lang.String, java.lang.String)#0 &amp; #getAttributeNS(java.lang.String, java.lang.String)#0 &amp; #getAttributeNodeNS(java.lang.String, java.lang.String)#0&quot;, &quot;nsURI_1 := &quot; }"/>
        </annotation>
    </item>
    <item name='com.sun.org.apache.xerces.internal.impl.xs.opti.ElementImpl int getCharacterOffset()'>
        <annotation name='com.intellij.inspections.tainted.annotation.equation.Equations'>
            <val val="{ &quot;getCharacterOffset := ElementImpl&quot; }"/>
        </annotation>
    </item>
    <item name='com.sun.org.apache.xerces.internal.impl.xs.opti.ElementImpl int getColumnNumber()'>
        <annotation name='com.intellij.inspections.tainted.annotation.equation.Equations'>
            <val val="{ &quot;getColumnNumber := ElementImpl&quot; }"/>
        </annotation>
    </item>
    <item name='com.sun.org.apache.xerces.internal.impl.xs.opti.ElementImpl int getLineNumber()'>
        <annotation name='com.intellij.inspections.tainted.annotation.equation.Equations'>
            <val val="{ &quot;getLineNumber := ElementImpl&quot; }"/>
        </annotation>
    </item>
    <item name='com.sun.org.apache.xerces.internal.impl.xs.opti.ElementImpl java.lang.String getAnnotation()'>
        <annotation name='com.intellij.inspections.tainted.annotation.equation.Equations'>
            <val val="{ &quot;getAnnotation := ElementImpl&quot; }"/>
        </annotation>
    </item>
    <item name='com.sun.org.apache.xerces.internal.impl.xs.opti.ElementImpl java.lang.String getSyntheticAnnotation()'>
        <annotation name='com.intellij.inspections.tainted.annotation.equation.Equations'>
            <val val="{ &quot;getSyntheticAnnotation := ElementImpl&quot; }"/>
        </annotation>
    </item>
    <item name='com.sun.org.apache.xerces.internal.impl.xs.opti.ElementImpl java.lang.String getTagName()'>
        <annotation name='com.intellij.inspections.tainted.annotation.equation.Equations'>
            <val val="{ &quot;getTagName := ElementImpl&quot; }"/>
        </annotation>
    </item>
    <item name='com.sun.org.apache.xerces.internal.impl.xs.opti.ElementImpl org.w3c.dom.Attr getAttributeNode(java.lang.String)'>
        <annotation name='com.intellij.inspections.tainted.annotation.equation.Equations'>
            <val val="{ &quot;getAttributeNode := ElementImpl&quot; }"/>
        </annotation>
    </item>
    <item name='com.sun.org.apache.xerces.internal.impl.xs.opti.ElementImpl org.w3c.dom.Attr getAttributeNodeNS(java.lang.String, java.lang.String)'>
        <annotation name='com.intellij.inspections.tainted.annotation.equation.Equations'>
            <val val="{ &quot;getAttributeNodeNS := ElementImpl&quot; }"/>
        </annotation>
    </item>
    <item name='com.sun.org.apache.xerces.internal.impl.xs.opti.ElementImpl org.w3c.dom.Document getOwnerDocument()'>
        <annotation name='com.intellij.inspections.tainted.annotation.equation.Equations'>
            <val val="{ &quot;getOwnerDocument := ElementImpl&quot; }"/>
        </annotation>
    </item>
    <item name='com.sun.org.apache.xerces.internal.impl.xs.opti.ElementImpl org.w3c.dom.Node getFirstChild()'>
        <annotation name='com.intellij.inspections.tainted.annotation.equation.Equations'>
            <val val="{ &quot;getFirstChild := ElementImpl&quot; }"/>
        </annotation>
    </item>
    <item name='com.sun.org.apache.xerces.internal.impl.xs.opti.ElementImpl org.w3c.dom.Node getLastChild()'>
        <annotation name='com.intellij.inspections.tainted.annotation.equation.Equations'>
            <val val="{ &quot;getLastChild := ElementImpl&quot; }"/>
        </annotation>
    </item>
    <item name='com.sun.org.apache.xerces.internal.impl.xs.opti.ElementImpl org.w3c.dom.Node getNextSibling()'>
        <annotation name='com.intellij.inspections.tainted.annotation.equation.Equations'>
            <val val="{ &quot;getNextSibling := ElementImpl&quot; }"/>
        </annotation>
    </item>
    <item name='com.sun.org.apache.xerces.internal.impl.xs.opti.ElementImpl org.w3c.dom.Node getParentNode()'>
        <annotation name='com.intellij.inspections.tainted.annotation.equation.Equations'>
            <val val="{ &quot;getParentNode := ElementImpl&quot; }"/>
        </annotation>
    </item>
    <item name='com.sun.org.apache.xerces.internal.impl.xs.opti.ElementImpl org.w3c.dom.Node getPreviousSibling()'>
        <annotation name='com.intellij.inspections.tainted.annotation.equation.Equations'>
            <val val="{ &quot;getPreviousSibling := ElementImpl&quot; }"/>
        </annotation>
    </item>
    <item name='com.sun.org.apache.xerces.internal.impl.xs.opti.NamedNodeMapImpl NamedNodeMapImpl(org.w3c.dom.Attr[])'>
        <annotation name='com.intellij.inspections.tainted.annotation.equation.Equations'>
            <val val="{ &quot;NamedNodeMapImpl := NamedNodeMapImpl&quot;, &quot;attrs := ElementImpl&quot; }"/>
        </annotation>
    </item>
    <item name='com.sun.org.apache.xerces.internal.impl.xs.opti.NamedNodeMapImpl int getLength()'>
        <annotation name='com.intellij.inspections.tainted.annotation.equation.Equations'>
            <val val="{ &quot;getLength := NamedNodeMapImpl&quot; }"/>
        </annotation>
    </item>
    <item name='com.sun.org.apache.xerces.internal.impl.xs.opti.NamedNodeMapImpl org.w3c.dom.Node getNamedItem(java.lang.String)'>
        <annotation name='com.intellij.inspections.tainted.annotation.equation.Equations'>
            <val val="{ &quot;getNamedItem := NamedNodeMapImpl&quot; }"/>
        </annotation>
    </item>
    <item name='com.sun.org.apache.xerces.internal.impl.xs.opti.NamedNodeMapImpl org.w3c.dom.Node getNamedItemNS(java.lang.String, java.lang.String)'>
        <annotation name='com.intellij.inspections.tainted.annotation.equation.Equations'>
            <val val="{ &quot;getNamedItemNS := NamedNodeMapImpl&quot; }"/>
        </annotation>
    </item>
    <item name='com.sun.org.apache.xerces.internal.impl.xs.opti.NamedNodeMapImpl org.w3c.dom.Node item(int)'>
        <annotation name='com.intellij.inspections.tainted.annotation.equation.Equations'>
            <val val="{ &quot;item := NamedNodeMapImpl&quot; }"/>
        </annotation>
    </item>
    <item name='com.sun.org.apache.xerces.internal.impl.xs.opti.NodeImpl'>
        <annotation name='com.intellij.inspections.tainted.annotation.equation.Equations'>
            <val val="{ &quot;NodeImpl := AttrImpl &amp; DefaultDocument&quot; }"/>
        </annotation>
    </item>
    <item name='com.sun.org.apache.xerces.internal.impl.xs.opti.NodeImpl NodeImpl()'>
        <annotation name='com.intellij.inspections.tainted.annotation.equation.Equations'>
            <val val="{ &quot;NodeImpl := NodeImpl&quot; }"/>
        </annotation>
    </item>
    <item name='com.sun.org.apache.xerces.internal.impl.xs.opti.NodeImpl NodeImpl(java.lang.String, java.lang.String, java.lang.String, java.lang.String, short)'>
        <annotation name='com.intellij.inspections.tainted.annotation.equation.Equations'>
            <val val="{ &quot;prefix := AttrImpl#AttrImpl(org.w3c.dom.Element, java.lang.String, java.lang.String, java.lang.String, java.lang.String, java.lang.String)#1 &amp; DefaultElement#DefaultElement(java.lang.String, java.lang.String, java.lang.String, java.lang.String, short)#0&quot;, &quot;rawname := AttrImpl#AttrImpl(org.w3c.dom.Element, java.lang.String, java.lang.String, java.lang.String, java.lang.String, java.lang.String)#3 &amp; DefaultElement#DefaultElement(java.lang.String, java.lang.String, java.lang.String, java.lang.String, short)#2&quot;, &quot;NodeImpl := NodeImpl&quot;, &quot;nodeType := org.w3c.dom.Node#ATTRIBUTE_NODE &amp; DefaultElement#DefaultElement(java.lang.String, java.lang.String, java.lang.String, java.lang.String, short)#4&quot;, &quot;uri := AttrImpl#AttrImpl(org.w3c.dom.Element, java.lang.String, java.lang.String, java.lang.String, java.lang.String, java.lang.String)#4 &amp; DefaultElement#DefaultElement(java.lang.String, java.lang.String, java.lang.String, java.lang.String, short)#3&quot;, &quot;localpart := AttrImpl#AttrImpl(org.w3c.dom.Element, java.lang.String, java.lang.String, java.lang.String, java.lang.String, java.lang.String)#2 &amp; DefaultElement#DefaultElement(java.lang.String, java.lang.String, java.lang.String, java.lang.String, short)#1&quot; }"/>
        </annotation>
    </item>
    <item name='com.sun.org.apache.xerces.internal.impl.xs.opti.NodeImpl java.lang.String getLocalName()'>
        <annotation name='com.intellij.inspections.tainted.annotation.equation.Equations'>
            <val val="{ &quot;getLocalName := NodeImpl&quot; }"/>
        </annotation>
    </item>
    <item name='com.sun.org.apache.xerces.internal.impl.xs.opti.NodeImpl java.lang.String getNamespaceURI()'>
        <annotation name='com.intellij.inspections.tainted.annotation.equation.Equations'>
            <val val="{ &quot;getNamespaceURI := NodeImpl&quot; }"/>
        </annotation>
    </item>
    <item name='com.sun.org.apache.xerces.internal.impl.xs.opti.NodeImpl java.lang.String getNodeName()'>
        <annotation name='com.intellij.inspections.tainted.annotation.equation.Equations'>
            <val val="{ &quot;getNodeName := NodeImpl&quot; }"/>
        </annotation>
    </item>
    <item name='com.sun.org.apache.xerces.internal.impl.xs.opti.NodeImpl java.lang.String getPrefix()'>
        <annotation name='com.intellij.inspections.tainted.annotation.equation.Equations'>
            <val val="{ &quot;getPrefix := NodeImpl&quot; }"/>
        </annotation>
    </item>
    <item name='com.sun.org.apache.xerces.internal.impl.xs.opti.NodeImpl short getNodeType()'>
        <annotation name='com.intellij.inspections.tainted.annotation.equation.Equations'>
            <val val="{ &quot;getNodeType := NodeImpl&quot; }"/>
        </annotation>
    </item>
    <item name='com.sun.org.apache.xerces.internal.impl.xs.opti.SchemaDOM'>
        <annotation name='com.intellij.inspections.tainted.annotation.equation.Equations'>
            <val val="{ &quot;SchemaDOM := SchemaDOM&quot; }"/>
        </annotation>
    </item>
    <item name='com.sun.org.apache.xerces.internal.impl.xs.opti.SchemaDOM SchemaDOM()'>
        <annotation name='com.intellij.inspections.tainted.annotation.equation.Equations'>
            <val val="{ &quot;SchemaDOM := SchemaDOM&quot; }"/>
        </annotation>
    </item>
    <item name='com.sun.org.apache.xerces.internal.impl.xs.opti.SchemaDOM com.sun.org.apache.xerces.internal.impl.xs.opti.ElementImpl emptyElement(com.sun.org.apache.xerces.internal.xni.QName, com.sun.org.apache.xerces.internal.xni.XMLAttributes, int, int, int)'>
        <annotation name='com.intellij.inspections.tainted.annotation.equation.Equations'>
            <val val="{ &quot;line := #emptyElement(com.sun.org.apache.xerces.internal.xni.QName, com.sun.org.apache.xerces.internal.xni.XMLAttributes, int, int)#2&quot;, &quot;offset := &quot;, &quot;element := SchemaDOMParser#emptyElement(com.sun.org.apache.xerces.internal.xni.QName, com.sun.org.apache.xerces.internal.xni.XMLAttributes, com.sun.org.apache.xerces.internal.xni.Augmentations)#0 &amp; #emptyElement(com.sun.org.apache.xerces.internal.xni.QName, com.sun.org.apache.xerces.internal.xni.XMLAttributes, int, int)#0&quot;, &quot;attributes := SchemaDOMParser#emptyElement(com.sun.org.apache.xerces.internal.xni.QName, com.sun.org.apache.xerces.internal.xni.XMLAttributes, com.sun.org.apache.xerces.internal.xni.Augmentations)#1 &amp; #emptyElement(com.sun.org.apache.xerces.internal.xni.QName, com.sun.org.apache.xerces.internal.xni.XMLAttributes, int, int)#1&quot;, &quot;column := #emptyElement(com.sun.org.apache.xerces.internal.xni.QName, com.sun.org.apache.xerces.internal.xni.XMLAttributes, int, int)#3&quot; }"/>
        </annotation>
    </item>
    <item name='com.sun.org.apache.xerces.internal.impl.xs.opti.SchemaDOM com.sun.org.apache.xerces.internal.impl.xs.opti.ElementImpl startElement(com.sun.org.apache.xerces.internal.xni.QName, com.sun.org.apache.xerces.internal.xni.XMLAttributes, int, int, int)'>
        <annotation name='com.intellij.inspections.tainted.annotation.equation.Equations'>
            <val val="{ &quot;line := #startElement(com.sun.org.apache.xerces.internal.xni.QName, com.sun.org.apache.xerces.internal.xni.XMLAttributes, int, int)#2&quot;, &quot;column := #startElement(com.sun.org.apache.xerces.internal.xni.QName, com.sun.org.apache.xerces.internal.xni.XMLAttributes, int, int)#3&quot;, &quot;element := SchemaDOMParser#emptyElement(com.sun.org.apache.xerces.internal.xni.QName, com.sun.org.apache.xerces.internal.xni.XMLAttributes, com.sun.org.apache.xerces.internal.xni.Augmentations)#0 &amp; #startElement(com.sun.org.apache.xerces.internal.xni.QName, com.sun.org.apache.xerces.internal.xni.XMLAttributes, int, int)#0 &amp; SchemaDOMParser#startElement(com.sun.org.apache.xerces.internal.xni.QName, com.sun.org.apache.xerces.internal.xni.XMLAttributes, com.sun.org.apache.xerces.internal.xni.Augmentations)#0&quot;, &quot;offset := &quot;, &quot;attributes := SchemaDOMParser#emptyElement(com.sun.org.apache.xerces.internal.xni.QName, com.sun.org.apache.xerces.internal.xni.XMLAttributes, com.sun.org.apache.xerces.internal.xni.Augmentations)#1 &amp; #startElement(com.sun.org.apache.xerces.internal.xni.QName, com.sun.org.apache.xerces.internal.xni.XMLAttributes, int, int)#1 &amp; SchemaDOMParser#startElement(com.sun.org.apache.xerces.internal.xni.QName, com.sun.org.apache.xerces.internal.xni.XMLAttributes, com.sun.org.apache.xerces.internal.xni.Augmentations)#1&quot; }"/>
        </annotation>
    </item>
    <item name='com.sun.org.apache.xerces.internal.impl.xs.opti.SchemaDOM java.lang.String escapeAttValue(java.lang.String, int)'>
        <annotation name='com.intellij.inspections.tainted.annotation.equation.Equations'>
            <val val="{ &quot;original := #processAttValue(java.lang.String)#0&quot; }"/>
        </annotation>
    </item>
    <item name='com.sun.org.apache.xerces.internal.impl.xs.opti.SchemaDOM java.lang.String processAttValue(java.lang.String)'>
        <annotation name='com.intellij.inspections.tainted.annotation.equation.Equations'>
            <val val="{ &quot;processAttValue := original&quot; }"/>
        </annotation>
    </item>
    <item name='com.sun.org.apache.xerces.internal.impl.xs.opti.SchemaDOM org.w3c.dom.Element getDocumentElement()'>
        <annotation name='com.intellij.inspections.tainted.annotation.equation.Equations'>
            <val val="{ &quot;getDocumentElement := SchemaDOM&quot; }"/>
        </annotation>
    </item>
    <item name='com.sun.org.apache.xerces.internal.impl.xs.opti.SchemaDOM void characters(com.sun.org.apache.xerces.internal.xni.XMLString)'>
        <annotation name='com.intellij.inspections.tainted.annotation.equation.Equations'>
            <val val="{ &quot;text := SchemaDOMParser#characters(com.sun.org.apache.xerces.internal.xni.XMLString, com.sun.org.apache.xerces.internal.xni.Augmentations)#0 &amp; SchemaDOMParser#ignorableWhitespace(com.sun.org.apache.xerces.internal.xni.XMLString, com.sun.org.apache.xerces.internal.xni.Augmentations)#0&quot; }"/>
        </annotation>
    </item>
    <item name='com.sun.org.apache.xerces.internal.impl.xs.opti.SchemaDOM void comment(com.sun.org.apache.xerces.internal.xni.XMLString)'>
        <annotation name='com.intellij.inspections.tainted.annotation.equation.Equations'>
            <val val="{ &quot;text := SchemaDOMParser#comment(com.sun.org.apache.xerces.internal.xni.XMLString, com.sun.org.apache.xerces.internal.xni.Augmentations)#0&quot; }"/>
        </annotation>
    </item>
    <item name='com.sun.org.apache.xerces.internal.impl.xs.opti.SchemaDOM void endAnnotation(com.sun.org.apache.xerces.internal.xni.QName, com.sun.org.apache.xerces.internal.impl.xs.opti.ElementImpl)'>
        <annotation name='com.intellij.inspections.tainted.annotation.equation.Equations'>
            <val val="{ &quot;annotation := SchemaDOMParser&quot;, &quot;elemName := SchemaDOMParser#emptyElement(com.sun.org.apache.xerces.internal.xni.QName, com.sun.org.apache.xerces.internal.xni.XMLAttributes, com.sun.org.apache.xerces.internal.xni.Augmentations)#0 &amp; SchemaDOMParser#endElement(com.sun.org.apache.xerces.internal.xni.QName, com.sun.org.apache.xerces.internal.xni.Augmentations)#0&quot; }"/>
        </annotation>
    </item>
    <item name='com.sun.org.apache.xerces.internal.impl.xs.opti.SchemaDOM void endAnnotationElement(com.sun.org.apache.xerces.internal.xni.QName)'>
        <annotation name='com.intellij.inspections.tainted.annotation.equation.Equations'>
            <val val="{ &quot;elemName := SchemaDOMParser#emptyElement(com.sun.org.apache.xerces.internal.xni.QName, com.sun.org.apache.xerces.internal.xni.XMLAttributes, com.sun.org.apache.xerces.internal.xni.Augmentations)#0 &amp; SchemaDOMParser#endElement(com.sun.org.apache.xerces.internal.xni.QName, com.sun.org.apache.xerces.internal.xni.Augmentations)#0&quot; }"/>
        </annotation>
    </item>
    <item name='com.sun.org.apache.xerces.internal.impl.xs.opti.SchemaDOM void endSyntheticAnnotationElement(java.lang.String, boolean)'>
        <annotation name='com.intellij.inspections.tainted.annotation.equation.Equations'>
            <val val="{ &quot;elemRawName := com.sun.org.apache.xerces.internal.impl.xs.SchemaSymbols#ELT_DOCUMENTATION &amp; com.sun.org.apache.xerces.internal.impl.xs.SchemaSymbols#ELT_ANNOTATION&quot; }"/>
        </annotation>
    </item>
    <item name='com.sun.org.apache.xerces.internal.impl.xs.opti.SchemaDOM void indent(int)'>
        <annotation name='com.intellij.inspections.tainted.annotation.equation.Equations'>
            <val val="{ &quot;amount := #traverse(org.w3c.dom.Node, int)#1&quot; }"/>
        </annotation>
    </item>
    <item name='com.sun.org.apache.xerces.internal.impl.xs.opti.SchemaDOM void processElement(com.sun.org.apache.xerces.internal.xni.QName, com.sun.org.apache.xerces.internal.xni.XMLAttributes, com.sun.org.apache.xerces.internal.impl.xs.opti.ElementImpl)'>
        <annotation name='com.intellij.inspections.tainted.annotation.equation.Equations'>
            <val val="{ &quot;attributes := #startElement(com.sun.org.apache.xerces.internal.xni.QName, com.sun.org.apache.xerces.internal.xni.XMLAttributes, int, int, int)#1 &amp; #emptyElement(com.sun.org.apache.xerces.internal.xni.QName, com.sun.org.apache.xerces.internal.xni.XMLAttributes, int, int, int)#1&quot;, &quot;element := #startElement(com.sun.org.apache.xerces.internal.xni.QName, com.sun.org.apache.xerces.internal.xni.XMLAttributes, int, int, int)#0 &amp; #emptyElement(com.sun.org.apache.xerces.internal.xni.QName, com.sun.org.apache.xerces.internal.xni.XMLAttributes, int, int, int)#0&quot; }"/>
        </annotation>
    </item>
    <item name='com.sun.org.apache.xerces.internal.impl.xs.opti.SchemaDOM void processingInstruction(java.lang.String, com.sun.org.apache.xerces.internal.xni.XMLString)'>
        <annotation name='com.intellij.inspections.tainted.annotation.equation.Equations'>
            <val val="{ &quot;data := SchemaDOMParser#processingInstruction(java.lang.String, com.sun.org.apache.xerces.internal.xni.XMLString, com.sun.org.apache.xerces.internal.xni.Augmentations)#1&quot;, &quot;target := SchemaDOMParser#processingInstruction(java.lang.String, com.sun.org.apache.xerces.internal.xni.XMLString, com.sun.org.apache.xerces.internal.xni.Augmentations)#0&quot; }"/>
        </annotation>
    </item>
    <item name='com.sun.org.apache.xerces.internal.impl.xs.opti.SchemaDOM void resizeRelations(int)'>
        <annotation name='com.intellij.inspections.tainted.annotation.equation.Equations'>
            <val val="{ &quot;i := SchemaDOM&quot; }"/>
        </annotation>
    </item>
    <item name='com.sun.org.apache.xerces.internal.impl.xs.opti.SchemaDOM void startAnnotation(com.sun.org.apache.xerces.internal.xni.QName, com.sun.org.apache.xerces.internal.xni.XMLAttributes, com.sun.org.apache.xerces.internal.xni.NamespaceContext)'>
        <annotation name='com.intellij.inspections.tainted.annotation.equation.Equations'>
            <val val="{ &quot;elemName := SchemaDOMParser#emptyElement(com.sun.org.apache.xerces.internal.xni.QName, com.sun.org.apache.xerces.internal.xni.XMLAttributes, com.sun.org.apache.xerces.internal.xni.Augmentations)#0 &amp; SchemaDOMParser#startElement(com.sun.org.apache.xerces.internal.xni.QName, com.sun.org.apache.xerces.internal.xni.XMLAttributes, com.sun.org.apache.xerces.internal.xni.Augmentations)#0&quot;, &quot;namespaceContext := SchemaDOMParser&quot;, &quot;attributes := SchemaDOMParser#emptyElement(com.sun.org.apache.xerces.internal.xni.QName, com.sun.org.apache.xerces.internal.xni.XMLAttributes, com.sun.org.apache.xerces.internal.xni.Augmentations)#1 &amp; SchemaDOMParser#startElement(com.sun.org.apache.xerces.internal.xni.QName, com.sun.org.apache.xerces.internal.xni.XMLAttributes, com.sun.org.apache.xerces.internal.xni.Augmentations)#1&quot; }"/>
        </annotation>
    </item>
    <item name='com.sun.org.apache.xerces.internal.impl.xs.opti.SchemaDOM void startAnnotation(java.lang.String, com.sun.org.apache.xerces.internal.xni.XMLAttributes, com.sun.org.apache.xerces.internal.xni.NamespaceContext)'>
        <annotation name='com.intellij.inspections.tainted.annotation.equation.Equations'>
            <val val="{ &quot;namespaceContext := SchemaDOMParser &amp; #startAnnotation(com.sun.org.apache.xerces.internal.xni.QName, com.sun.org.apache.xerces.internal.xni.XMLAttributes, com.sun.org.apache.xerces.internal.xni.NamespaceContext)#2&quot;, &quot;elemRawName := com.sun.org.apache.xerces.internal.impl.xs.SchemaSymbols#ELT_ANNOTATION&quot;, &quot;attributes := SchemaDOMParser#emptyElement(com.sun.org.apache.xerces.internal.xni.QName, com.sun.org.apache.xerces.internal.xni.XMLAttributes, com.sun.org.apache.xerces.internal.xni.Augmentations)#1 &amp; #startAnnotation(com.sun.org.apache.xerces.internal.xni.QName, com.sun.org.apache.xerces.internal.xni.XMLAttributes, com.sun.org.apache.xerces.internal.xni.NamespaceContext)#1 &amp; SchemaDOMParser&quot; }"/>
        </annotation>
    </item>
    <item name='com.sun.org.apache.xerces.internal.impl.xs.opti.SchemaDOM void startAnnotationElement(com.sun.org.apache.xerces.internal.xni.QName, com.sun.org.apache.xerces.internal.xni.XMLAttributes)'>
        <annotation name='com.intellij.inspections.tainted.annotation.equation.Equations'>
            <val val="{ &quot;elemName := SchemaDOMParser#startElement(com.sun.org.apache.xerces.internal.xni.QName, com.sun.org.apache.xerces.internal.xni.XMLAttributes, com.sun.org.apache.xerces.internal.xni.Augmentations)#0 &amp; SchemaDOMParser#emptyElement(com.sun.org.apache.xerces.internal.xni.QName, com.sun.org.apache.xerces.internal.xni.XMLAttributes, com.sun.org.apache.xerces.internal.xni.Augmentations)#0&quot;, &quot;attributes := SchemaDOMParser#startElement(com.sun.org.apache.xerces.internal.xni.QName, com.sun.org.apache.xerces.internal.xni.XMLAttributes, com.sun.org.apache.xerces.internal.xni.Augmentations)#1 &amp; SchemaDOMParser#emptyElement(com.sun.org.apache.xerces.internal.xni.QName, com.sun.org.apache.xerces.internal.xni.XMLAttributes, com.sun.org.apache.xerces.internal.xni.Augmentations)#1&quot; }"/>
        </annotation>
    </item>
    <item name='com.sun.org.apache.xerces.internal.impl.xs.opti.SchemaDOM void startAnnotationElement(java.lang.String, com.sun.org.apache.xerces.internal.xni.XMLAttributes)'>
        <annotation name='com.intellij.inspections.tainted.annotation.equation.Equations'>
            <val val="{ &quot;elemRawName := com.sun.org.apache.xerces.internal.impl.xs.SchemaSymbols#ELT_DOCUMENTATION&quot;, &quot;attributes := SchemaDOMParser#emptyElement(com.sun.org.apache.xerces.internal.xni.QName, com.sun.org.apache.xerces.internal.xni.XMLAttributes, com.sun.org.apache.xerces.internal.xni.Augmentations)#1 &amp; SchemaDOMParser &amp; #startAnnotationElement(com.sun.org.apache.xerces.internal.xni.QName, com.sun.org.apache.xerces.internal.xni.XMLAttributes)#1&quot; }"/>
        </annotation>
    </item>
    <item name='com.sun.org.apache.xerces.internal.impl.xs.opti.SchemaDOMImplementation SchemaDOMImplementation()'>
        <annotation name='com.intellij.inspections.tainted.annotation.equation.Equations'>
            <val val="{ &quot;SchemaDOMImplementation := SchemaDOMImplementation&quot; }"/>
        </annotation>
    </item>
    <item name='com.sun.org.apache.xerces.internal.impl.xs.opti.SchemaDOMImplementation boolean hasFeature(java.lang.String, java.lang.String)'>
        <annotation name='com.intellij.inspections.tainted.annotation.equation.Equations'>
            <val val="{ &quot;feature := #getFeature(java.lang.String, java.lang.String)#0&quot;, &quot;version := #getFeature(java.lang.String, java.lang.String)#1&quot; }"/>
        </annotation>
    </item>
    <item name='com.sun.org.apache.xerces.internal.impl.xs.opti.SchemaDOMImplementation java.lang.Object getFeature(java.lang.String, java.lang.String)'>
        <annotation name='com.intellij.inspections.tainted.annotation.equation.Equations'>
            <val val="{ &quot;getFeature := #singleton&quot; }"/>
        </annotation>
    </item>
    <item name='com.sun.org.apache.xerces.internal.impl.xs.opti.SchemaDOMImplementation org.w3c.dom.DOMImplementation getDOMImplementation()'>
        <annotation name='com.intellij.inspections.tainted.annotation.equation.Equations'>
            <val val="{ &quot;getDOMImplementation := #singleton&quot; }"/>
        </annotation>
    </item>
    <item name='com.sun.org.apache.xerces.internal.impl.xs.opti.SchemaDOMParser'>
        <annotation name='com.intellij.inspections.tainted.annotation.equation.Equations'>
            <val val="{ &quot;SchemaDOMParser := &quot; }"/>
        </annotation>
    </item>
    <item name='com.sun.org.apache.xerces.internal.impl.xs.opti.SchemaDOMParser SchemaDOMParser(com.sun.org.apache.xerces.internal.xni.parser.XMLParserConfiguration)'>
        <annotation name='com.intellij.inspections.tainted.annotation.equation.Equations'>
            <val val="{ &quot;SchemaDOMParser := SchemaDOMParser&quot; }"/>
        </annotation>
    </item>
    <item name='com.sun.org.apache.xerces.internal.impl.xs.opti.SchemaDOMParser boolean hasNonSchemaAttributes(com.sun.org.apache.xerces.internal.xni.QName, com.sun.org.apache.xerces.internal.xni.XMLAttributes)'>
        <annotation name='com.intellij.inspections.tainted.annotation.equation.Equations'>
            <val val="{ &quot;attributes := #emptyElement(com.sun.org.apache.xerces.internal.xni.QName, com.sun.org.apache.xerces.internal.xni.XMLAttributes, com.sun.org.apache.xerces.internal.xni.Augmentations)#1&quot;, &quot;element := #emptyElement(com.sun.org.apache.xerces.internal.xni.QName, com.sun.org.apache.xerces.internal.xni.XMLAttributes, com.sun.org.apache.xerces.internal.xni.Augmentations)#0&quot; }"/>
        </annotation>
    </item>
    <item name='com.sun.org.apache.xerces.internal.impl.xs.opti.SchemaDOMParser java.lang.Object getProperty(java.lang.String)'>
        <annotation name='com.intellij.inspections.tainted.annotation.equation.Equations'>
            <val val="{ &quot;propertyId := com.sun.org.apache.xerces.internal.impl.xs.traversers.XSDHandler#ERROR_HANDLER &amp; com.sun.org.apache.xerces.internal.impl.xs.traversers.XSDHandler#LOCALE&quot; }"/>
        </annotation>
    </item>
    <item name='com.sun.org.apache.xerces.internal.impl.xs.opti.SchemaDOMParser org.w3c.dom.Document getDocument()'>
        <annotation name='com.intellij.inspections.tainted.annotation.equation.Equations'>
            <val val="{ &quot;getDocument := SchemaDOMParser&quot; }"/>
        </annotation>
    </item>
    <item name='com.sun.org.apache.xerces.internal.impl.xs.opti.SchemaDOMParser void characters(com.sun.org.apache.xerces.internal.xni.XMLString, com.sun.org.apache.xerces.internal.xni.Augmentations)'>
        <annotation name='com.intellij.inspections.tainted.annotation.equation.Equations'>
            <val val="{ &quot;text := com.sun.org.apache.xerces.internal.impl.xs.traversers.StAXSchemaParser &amp; com.sun.org.apache.xerces.internal.impl.xs.traversers.SchemaContentHandler&quot; }"/>
        </annotation>
    </item>
    <item name='com.sun.org.apache.xerces.internal.impl.xs.opti.SchemaDOMParser void endElement(com.sun.org.apache.xerces.internal.xni.QName, com.sun.org.apache.xerces.internal.xni.Augmentations)'>
        <annotation name='com.intellij.inspections.tainted.annotation.equation.Equations'>
            <val val="{ &quot;element := com.sun.org.apache.xerces.internal.impl.xs.traversers.StAXSchemaParser &amp; com.sun.org.apache.xerces.internal.impl.xs.traversers.SchemaContentHandler&quot; }"/>
        </annotation>
    </item>
    <item name='com.sun.org.apache.xerces.internal.impl.xs.opti.SchemaDOMParser void ignorableWhitespace(com.sun.org.apache.xerces.internal.xni.XMLString, com.sun.org.apache.xerces.internal.xni.Augmentations)'>
        <annotation name='com.intellij.inspections.tainted.annotation.equation.Equations'>
            <val val="{ &quot;text := com.sun.org.apache.xerces.internal.impl.xs.traversers.StAXSchemaParser &amp; com.sun.org.apache.xerces.internal.impl.xs.traversers.SchemaContentHandler&quot; }"/>
        </annotation>
    </item>
    <item name='com.sun.org.apache.xerces.internal.impl.xs.opti.SchemaDOMParser void parse(com.sun.org.apache.xerces.internal.xni.parser.XMLInputSource)'>
        <annotation name='com.intellij.inspections.tainted.annotation.equation.Equations'>
            <val val="{ &quot;inputSource := com.sun.org.apache.xerces.internal.impl.xs.traversers.XSDHandler#getSchemaDocument(java.lang.String, com.sun.org.apache.xerces.internal.xni.parser.XMLInputSource, boolean, short, org.w3c.dom.Element)#1&quot; }"/>
        </annotation>
    </item>
    <item name='com.sun.org.apache.xerces.internal.impl.xs.opti.SchemaDOMParser void processingInstruction(java.lang.String, com.sun.org.apache.xerces.internal.xni.XMLString, com.sun.org.apache.xerces.internal.xni.Augmentations)'>
        <annotation name='com.intellij.inspections.tainted.annotation.equation.Equations'>
            <val val="{ &quot;data := com.sun.org.apache.xerces.internal.impl.xs.traversers.StAXSchemaParser &amp; com.sun.org.apache.xerces.internal.impl.xs.traversers.SchemaContentHandler&quot;, &quot;target := com.sun.org.apache.xerces.internal.impl.xs.traversers.SchemaContentHandler#processingInstruction(java.lang.String, java.lang.String)#0&quot; }"/>
        </annotation>
    </item>
    <item name='com.sun.org.apache.xerces.internal.impl.xs.opti.SchemaDOMParser void setFeature(java.lang.String, boolean)'>
        <annotation name='com.intellij.inspections.tainted.annotation.equation.Equations'>
            <val val="{ &quot;featureId := com.sun.org.apache.xerces.internal.impl.xs.traversers.XSDHandler#GENERATE_SYNTHETIC_ANNOTATIONS &amp; com.sun.org.apache.xerces.internal.impl.xs.traversers.XSDHandler#CONTINUE_AFTER_FATAL_ERROR &amp; com.sun.org.apache.xerces.internal.impl.xs.traversers.XSDHandler#ALLOW_JAVA_ENCODINGS &amp; com.sun.org.apache.xerces.internal.impl.xs.traversers.XSDHandler#STANDARD_URI_CONFORMANT_FEATURE &amp; com.sun.org.apache.xerces.internal.impl.xs.traversers.XSDHandler#DISALLOW_DOCTYPE&quot; }"/>
        </annotation>
    </item>
    <item name='com.sun.org.apache.xerces.internal.impl.xs.opti.SchemaDOMParser void setProperty(java.lang.String, java.lang.Object)'>
        <annotation name='com.intellij.inspections.tainted.annotation.equation.Equations'>
            <val val="{ &quot;value := com.sun.org.apache.xerces.internal.impl.xs.traversers.XSDHandler&quot;, &quot;propertyId := com.sun.org.apache.xerces.internal.impl.xs.traversers.XSDHandler#ERROR_HANDLER &amp; com.sun.org.apache.xerces.internal.impl.xs.traversers.XSDHandler#LOCALE &amp; com.sun.org.apache.xerces.internal.impl.xs.traversers.XSDHandler#SECURITY_MANAGER &amp; com.sun.org.apache.xerces.internal.impl.xs.traversers.XSDHandler#XML_SECURITY_PROPERTY_MANAGER&quot; }"/>
        </annotation>
    </item>
    <item name='com.sun.org.apache.xerces.internal.impl.xs.opti.SchemaDOMParser void startDocument(com.sun.org.apache.xerces.internal.xni.XMLLocator, java.lang.String, com.sun.org.apache.xerces.internal.xni.NamespaceContext, com.sun.org.apache.xerces.internal.xni.Augmentations)'>
        <annotation name='com.intellij.inspections.tainted.annotation.equation.Equations'>
            <val val="{ &quot;locator := com.sun.org.apache.xerces.internal.impl.xs.traversers.StAXSchemaParser &amp; com.sun.org.apache.xerces.internal.impl.xs.traversers.SchemaContentHandler&quot;, &quot;namespaceContext := com.sun.org.apache.xerces.internal.impl.xs.traversers.StAXSchemaParser &amp; com.sun.org.apache.xerces.internal.impl.xs.traversers.SchemaContentHandler&quot; }"/>
        </annotation>
    </item>
    <item name='com.sun.org.apache.xerces.internal.impl.xs.opti.SchemaDOMParser void startElement(com.sun.org.apache.xerces.internal.xni.QName, com.sun.org.apache.xerces.internal.xni.XMLAttributes, com.sun.org.apache.xerces.internal.xni.Augmentations)'>
        <annotation name='com.intellij.inspections.tainted.annotation.equation.Equations'>
            <val val="{ &quot;element := com.sun.org.apache.xerces.internal.impl.xs.traversers.StAXSchemaParser &amp; com.sun.org.apache.xerces.internal.impl.xs.traversers.SchemaContentHandler&quot;, &quot;attributes := com.sun.org.apache.xerces.internal.impl.xs.traversers.StAXSchemaParser &amp; com.sun.org.apache.xerces.internal.impl.xs.traversers.SchemaContentHandler&quot; }"/>
        </annotation>
    </item>
    <item name='com.sun.org.apache.xerces.internal.impl.xs.opti.SchemaDOMParser.BooleanStack BooleanStack()'>
        <annotation name='com.intellij.inspections.tainted.annotation.equation.Equations'>
            <val val="{ &quot;BooleanStack := SchemaDOMParser.BooleanStack&quot; }"/>
        </annotation>
    </item>
    <item name='com.sun.org.apache.xerces.internal.impl.xs.opti.SchemaDOMParser.BooleanStack int size()'>
        <annotation name='com.intellij.inspections.tainted.annotation.equation.Equations'>
            <val val="{ &quot;size := SchemaDOMParser.BooleanStack&quot; }"/>
        </annotation>
    </item>
    <item name='com.sun.org.apache.xerces.internal.impl.xs.opti.SchemaDOMParser.BooleanStack void ensureCapacity(int)'>
        <annotation name='com.intellij.inspections.tainted.annotation.equation.Equations'>
            <val val="{ &quot;size := SchemaDOMParser.BooleanStack&quot; }"/>
        </annotation>
    </item>
    <item name='com.sun.org.apache.xerces.internal.impl.xs.opti.SchemaParsingConfig'>
        <annotation name='com.intellij.inspections.tainted.annotation.equation.Equations'>
            <val val="{ &quot;SchemaParsingConfig := SchemaParsingConfig&quot; }"/>
        </annotation>
    </item>
    <item name='com.sun.org.apache.xerces.internal.impl.xs.opti.SchemaParsingConfig SchemaParsingConfig()'>
        <annotation name='com.intellij.inspections.tainted.annotation.equation.Equations'>
            <val val="{ &quot;SchemaParsingConfig := SchemaParsingConfig&quot; }"/>
        </annotation>
    </item>
    <item name='com.sun.org.apache.xerces.internal.impl.xs.opti.SchemaParsingConfig SchemaParsingConfig(com.sun.org.apache.xerces.internal.util.SymbolTable)'>
        <annotation name='com.intellij.inspections.tainted.annotation.equation.Equations'>
            <val val="{ &quot;SchemaParsingConfig := SchemaParsingConfig&quot; }"/>
        </annotation>
    </item>
    <item name='com.sun.org.apache.xerces.internal.impl.xs.opti.SchemaParsingConfig SchemaParsingConfig(com.sun.org.apache.xerces.internal.util.SymbolTable, com.sun.org.apache.xerces.internal.xni.grammars.XMLGrammarPool)'>
        <annotation name='com.intellij.inspections.tainted.annotation.equation.Equations'>
            <val val="{ &quot;SchemaParsingConfig := SchemaParsingConfig&quot; }"/>
        </annotation>
    </item>
    <item name='com.sun.org.apache.xerces.internal.impl.xs.opti.SchemaParsingConfig SchemaParsingConfig(com.sun.org.apache.xerces.internal.util.SymbolTable, com.sun.org.apache.xerces.internal.xni.grammars.XMLGrammarPool, com.sun.org.apache.xerces.internal.xni.parser.XMLComponentManager)'>
        <annotation name='com.intellij.inspections.tainted.annotation.equation.Equations'>
            <val val="{ &quot;grammarPool := #SchemaParsingConfig(com.sun.org.apache.xerces.internal.util.SymbolTable, com.sun.org.apache.xerces.internal.xni.grammars.XMLGrammarPool)#1&quot;, &quot;SchemaParsingConfig := SchemaParsingConfig&quot;, &quot;symbolTable := #SchemaParsingConfig(com.sun.org.apache.xerces.internal.util.SymbolTable)#0 &amp; #SchemaParsingConfig(com.sun.org.apache.xerces.internal.util.SymbolTable, com.sun.org.apache.xerces.internal.xni.grammars.XMLGrammarPool)#0&quot; }"/>
        </annotation>
    </item>
    <item name='com.sun.org.apache.xerces.internal.impl.xs.opti.SchemaParsingConfig com.sun.org.apache.xerces.internal.util.FeatureState checkFeature(java.lang.String)'>
        <annotation name='com.intellij.inspections.tainted.annotation.equation.Equations'>
            <val val="{ &quot;checkFeature := com.sun.org.apache.xerces.internal.util.FeatureState#RECOGNIZED &amp; com.sun.org.apache.xerces.internal.util.FeatureState#NOT_SUPPORTED&quot; }"/>
        </annotation>
    </item>
    <item name='com.sun.org.apache.xerces.internal.impl.xs.opti.SchemaParsingConfig com.sun.org.apache.xerces.internal.util.PropertyState checkProperty(java.lang.String)'>
        <annotation name='com.intellij.inspections.tainted.annotation.equation.Equations'>
            <val val="{ &quot;checkProperty := com.sun.org.apache.xerces.internal.util.PropertyState#RECOGNIZED&quot; }"/>
        </annotation>
    </item>
    <item name='com.sun.org.apache.xerces.internal.impl.xs.opti.SchemaParsingConfig void addRecognizedParamsAndSetDefaults(com.sun.org.apache.xerces.internal.xni.parser.XMLComponent)'>
        <annotation name='com.intellij.inspections.tainted.annotation.equation.Equations'>
            <val val="{ &quot;component := SchemaParsingConfig&quot; }"/>
        </annotation>
    </item>
    <item name='com.sun.org.apache.xerces.internal.impl.xs.opti.SchemaParsingConfig void setInputSource(com.sun.org.apache.xerces.internal.xni.parser.XMLInputSource)'>
        <annotation name='com.intellij.inspections.tainted.annotation.equation.Equations'>
            <val val="{ &quot;inputSource := #parse(com.sun.org.apache.xerces.internal.xni.parser.XMLInputSource)#0&quot; }"/>
        </annotation>
    </item>
    <item name='com.sun.org.apache.xerces.internal.impl.xs.opti.SchemaParsingConfig void setLocale(java.util.Locale)'>
        <annotation name='com.intellij.inspections.tainted.annotation.equation.Equations'>
            <val val="{ &quot;locale := #setProperty(java.lang.String, java.lang.Object)#1&quot; }"/>
        </annotation>
    </item>
    <item name='com.sun.org.apache.xerces.internal.impl.xs.opti.SchemaParsingConfig void setProperty(java.lang.String, java.lang.Object)'>
        <annotation name='com.intellij.inspections.tainted.annotation.equation.Equations'>
            <val val="{ &quot;propertyId := #XMLGRAMMAR_POOL &amp; #DATATYPE_VALIDATOR_FACTORY &amp; #DOCUMENT_SCANNER &amp; #DTD_SCANNER&quot;, &quot;value := SchemaParsingConfig&quot; }"/>
        </annotation>
    </item>
    <item name='com.sun.org.apache.xerces.internal.impl.xs.opti.TextImpl TextImpl(java.lang.StringBuffer, com.sun.org.apache.xerces.internal.impl.xs.opti.SchemaDOM, int, int)'>
        <annotation name='com.intellij.inspections.tainted.annotation.equation.Equations'>
            <val val="{ &quot;TextImpl := TextImpl&quot; }"/>
        </annotation>
    </item>
    <item name='com.sun.org.apache.xerces.internal.impl.xs.opti.TextImpl java.lang.String getData()'>
        <annotation name='com.intellij.inspections.tainted.annotation.equation.Equations'>
            <val val="{ &quot;getData := TextImpl&quot; }"/>
        </annotation>
    </item>
    <item name='com.sun.org.apache.xerces.internal.impl.xs.opti.TextImpl org.w3c.dom.Node getNextSibling()'>
        <annotation name='com.intellij.inspections.tainted.annotation.equation.Equations'>
            <val val="{ &quot;getNextSibling := TextImpl&quot; }"/>
        </annotation>
    </item>
    <item name='com.sun.org.apache.xerces.internal.impl.xs.opti.TextImpl org.w3c.dom.Node getParentNode()'>
        <annotation name='com.intellij.inspections.tainted.annotation.equation.Equations'>
            <val val="{ &quot;getParentNode := TextImpl&quot; }"/>
        </annotation>
    </item>
    <item name='com.sun.org.apache.xerces.internal.impl.xs.opti.TextImpl org.w3c.dom.Node getPreviousSibling()'>
        <annotation name='com.intellij.inspections.tainted.annotation.equation.Equations'>
            <val val="{ &quot;getPreviousSibling := TextImpl&quot; }"/>
        </annotation>
    </item>
</root>