<root>
    <item name='com.sun.corba.se.spi.oa.OADefault com.sun.corba.se.spi.oa.ObjectAdapterFactory makePOAFactory(com.sun.corba.se.spi.orb.ORB)'>
        <annotation name='com.intellij.inspections.tainted.annotation.equation.Equations'>
            <val val="{ &quot;orb := com.sun.corba.se.impl.orb.ORBConfiguratorImpl#initRequestDispatcherRegistry(com.sun.corba.se.spi.orb.ORB)#0&quot; }"/>
        </annotation>
    </item>
    <item name='com.sun.corba.se.spi.oa.OADefault com.sun.corba.se.spi.oa.ObjectAdapterFactory makeTOAFactory(com.sun.corba.se.spi.orb.ORB)'>
        <annotation name='com.intellij.inspections.tainted.annotation.equation.Equations'>
            <val val="{ &quot;orb := com.sun.corba.se.impl.orb.ORBConfiguratorImpl#initRequestDispatcherRegistry(com.sun.corba.se.spi.orb.ORB)#0&quot; }"/>
        </annotation>
    </item>
    <item name='com.sun.corba.se.spi.oa.OAInvocationInfo OAInvocationInfo(com.sun.corba.se.spi.oa.OAInvocationInfo, java.lang.String)'>
        <annotation name='com.intellij.inspections.tainted.annotation.equation.Equations'>
            <val val="{ &quot;OAInvocationInfo := OAInvocationInfo&quot;, &quot;operation := com.sun.corba.se.impl.protocol.FullServantCacheLocalCRDImpl#servant_preinvoke(org.omg.CORBA.Object, java.lang.String, java.lang.Class)#1 &amp; com.sun.corba.se.impl.protocol.InfoOnlyServantCacheLocalCRDImpl#servant_preinvoke(org.omg.CORBA.Object, java.lang.String, java.lang.Class)#1&quot; }"/>
        </annotation>
    </item>
    <item name='com.sun.corba.se.spi.oa.OAInvocationInfo OAInvocationInfo(com.sun.corba.se.spi.oa.ObjectAdapter, byte[])'>
        <annotation name='com.intellij.inspections.tainted.annotation.equation.Equations'>
            <val val="{ &quot;OAInvocationInfo := OAInvocationInfo&quot;, &quot;id := ObjectAdapterBase#makeInvocationInfo(byte[])#0&quot;, &quot;oa := ObjectAdapterBase&quot; }"/>
        </annotation>
    </item>
    <item name='com.sun.corba.se.spi.oa.OAInvocationInfo byte[] id()'>
        <annotation name='com.intellij.inspections.tainted.annotation.equation.Equations'>
            <val val="{ &quot;id := OAInvocationInfo&quot; }"/>
        </annotation>
    </item>
    <item name='com.sun.corba.se.spi.oa.OAInvocationInfo com.sun.corba.se.spi.copyobject.ObjectCopierFactory getCopierFactory()'>
        <annotation name='com.intellij.inspections.tainted.annotation.equation.Equations'>
            <val val="{ &quot;getCopierFactory := OAInvocationInfo&quot; }"/>
        </annotation>
    </item>
    <item name='com.sun.corba.se.spi.oa.OAInvocationInfo com.sun.corba.se.spi.oa.ObjectAdapter oa()'>
        <annotation name='com.intellij.inspections.tainted.annotation.equation.Equations'>
            <val val="{ &quot;oa := OAInvocationInfo&quot; }"/>
        </annotation>
    </item>
    <item name='com.sun.corba.se.spi.oa.OAInvocationInfo java.lang.Object getServantContainer()'>
        <annotation name='com.intellij.inspections.tainted.annotation.equation.Equations'>
            <val val="{ &quot;getServantContainer := OAInvocationInfo&quot; }"/>
        </annotation>
    </item>
    <item name='com.sun.corba.se.spi.oa.OAInvocationInfo java.lang.String getOperation()'>
        <annotation name='com.intellij.inspections.tainted.annotation.equation.Equations'>
            <val val="{ &quot;getOperation := OAInvocationInfo&quot; }"/>
        </annotation>
    </item>
    <item name='com.sun.corba.se.spi.oa.OAInvocationInfo org.omg.PortableServer.ServantLocatorPackage.CookieHolder getCookieHolder()'>
        <annotation name='com.intellij.inspections.tainted.annotation.equation.Equations'>
            <val val="{ &quot;getCookieHolder := OAInvocationInfo&quot; }"/>
        </annotation>
    </item>
    <item name='com.sun.corba.se.spi.oa.OAInvocationInfo void setOperation(java.lang.String)'>
        <annotation name='com.intellij.inspections.tainted.annotation.equation.Equations'>
            <val val="{ &quot;operation := com.sun.corba.se.impl.protocol.POALocalCRDImpl#servant_preinvoke(org.omg.CORBA.Object, java.lang.String, java.lang.Class)#1 &amp; com.sun.corba.se.impl.protocol.CorbaServerRequestDispatcherImpl#getServant(com.sun.corba.se.spi.oa.ObjectAdapter, byte[], java.lang.String)#2&quot; }"/>
        </annotation>
    </item>
    <item name='com.sun.corba.se.spi.oa.OAInvocationInfo void setServant(java.lang.Object)'>
        <annotation name='com.intellij.inspections.tainted.annotation.equation.Equations'>
            <val val="{ &quot;servant := com.sun.corba.se.impl.oa.poa.POACurrent#setServant(org.omg.PortableServer.Servant)#0&quot; }"/>
        </annotation>
    </item>
    <item name='com.sun.corba.se.spi.oa.ObjectAdapter com.sun.corba.se.spi.ior.IORTemplate getIORTemplate()'>
        <annotation name='com.intellij.inspections.tainted.annotation.equation.Equations'>
            <val val="{ &quot;getIORTemplate := ObjectAdapterBase#getIORTemplate()&quot; }"/>
        </annotation>
    </item>
    <item name='com.sun.corba.se.spi.oa.ObjectAdapter com.sun.corba.se.spi.oa.OAInvocationInfo makeInvocationInfo(byte[])'>
        <annotation name='com.intellij.inspections.tainted.annotation.equation.Equations'>
            <val val="{ &quot;objectId := com.sun.corba.se.impl.protocol.POALocalCRDImpl &amp; com.sun.corba.se.impl.protocol.ServantCacheLocalCRDBase &amp; com.sun.corba.se.impl.protocol.CorbaServerRequestDispatcherImpl#getServant(com.sun.corba.se.spi.oa.ObjectAdapter, byte[], java.lang.String)#1&quot;, &quot;makeInvocationInfo := ObjectAdapterBase#makeInvocationInfo(byte[])&quot; }"/>
        </annotation>
    </item>
    <item name='com.sun.corba.se.spi.oa.ObjectAdapter com.sun.corba.se.spi.orb.ORB getORB()'>
        <annotation name='com.intellij.inspections.tainted.annotation.equation.Equations'>
            <val val="{ &quot;getORB := ObjectAdapterBase#getORB()&quot; }"/>
        </annotation>
    </item>
    <item name='com.sun.corba.se.spi.oa.ObjectAdapter int getManagerId()'>
        <annotation name='com.intellij.inspections.tainted.annotation.equation.Equations'>
            <val val="{ &quot;getManagerId := ObjectAdapterBase#getManagerId() &amp; com.sun.corba.se.impl.oa.toa.TOAImpl#getManagerId()&quot; }"/>
        </annotation>
    </item>
    <item name='com.sun.corba.se.spi.oa.ObjectAdapter java.lang.String[] getInterfaces(java.lang.Object, byte[])'>
        <annotation name='com.intellij.inspections.tainted.annotation.equation.Equations'>
            <val val="{ &quot;getInterfaces := ObjectAdapterBase#getInterfaces(java.lang.Object, byte[]) &amp; com.sun.corba.se.impl.oa.toa.TOAImpl#getInterfaces(java.lang.Object, byte[])&quot; }"/>
        </annotation>
    </item>
    <item name='com.sun.corba.se.spi.oa.ObjectAdapter org.omg.CORBA.Object getLocalServant(byte[])'>
        <annotation name='com.intellij.inspections.tainted.annotation.equation.Equations'>
            <val val="{ &quot;getLocalServant := com.sun.corba.se.impl.oa.toa.TOAImpl#getLocalServant(byte[]) &amp; ObjectAdapterBase#getLocalServant(byte[])&quot; }"/>
        </annotation>
    </item>
    <item name='com.sun.corba.se.spi.oa.ObjectAdapter org.omg.CORBA.Policy getEffectivePolicy(int)'>
        <annotation name='com.intellij.inspections.tainted.annotation.equation.Equations'>
            <val val="{ &quot;getEffectivePolicy := ObjectAdapterBase#getEffectivePolicy(int) &amp; com.sun.corba.se.impl.oa.toa.TOAImpl#getEffectivePolicy(int)&quot; }"/>
        </annotation>
    </item>
    <item name='com.sun.corba.se.spi.oa.ObjectAdapter org.omg.PortableInterceptor.ObjectReferenceFactory getCurrentFactory()'>
        <annotation name='com.intellij.inspections.tainted.annotation.equation.Equations'>
            <val val="{ &quot;getCurrentFactory := ObjectAdapterBase#getCurrentFactory()&quot; }"/>
        </annotation>
    </item>
    <item name='com.sun.corba.se.spi.oa.ObjectAdapter org.omg.PortableInterceptor.ObjectReferenceTemplate getAdapterTemplate()'>
        <annotation name='com.intellij.inspections.tainted.annotation.equation.Equations'>
            <val val="{ &quot;getAdapterTemplate := ObjectAdapterBase#getAdapterTemplate()&quot; }"/>
        </annotation>
    </item>
    <item name='com.sun.corba.se.spi.oa.ObjectAdapter short getState()'>
        <annotation name='com.intellij.inspections.tainted.annotation.equation.Equations'>
            <val val="{ &quot;getState := ObjectAdapterBase#getState() &amp; com.sun.corba.se.impl.oa.toa.TOAImpl#getState()&quot; }"/>
        </annotation>
    </item>
    <item name='com.sun.corba.se.spi.oa.ObjectAdapter void getInvocationServant(com.sun.corba.se.spi.oa.OAInvocationInfo)'>
        <annotation name='com.intellij.inspections.tainted.annotation.equation.Equations'>
            <val val="{ &quot;info := com.sun.corba.se.impl.protocol.ServantCacheLocalCRDBase&quot; }"/>
        </annotation>
    </item>
    <item name='com.sun.corba.se.spi.oa.ObjectAdapter void setCurrentFactory(org.omg.PortableInterceptor.ObjectReferenceFactory)'>
        <annotation name='com.intellij.inspections.tainted.annotation.equation.Equations'>
            <val val="{ &quot;factory := com.sun.corba.se.impl.interceptors.IORInfoImpl#current_factory(org.omg.PortableInterceptor.ObjectReferenceFactory)#0&quot; }"/>
        </annotation>
    </item>
    <item name='com.sun.corba.se.spi.oa.ObjectAdapterBase ObjectAdapterBase(com.sun.corba.se.spi.orb.ORB)'>
        <annotation name='com.intellij.inspections.tainted.annotation.equation.Equations'>
            <val val="{ &quot;ObjectAdapterBase := ObjectAdapterBase&quot;, &quot;orb := com.sun.corba.se.impl.oa.poa.POAImpl#POAImpl(java.lang.String, com.sun.corba.se.impl.oa.poa.POAImpl, com.sun.corba.se.spi.orb.ORB, int)#2 &amp; com.sun.corba.se.impl.oa.toa.TOAImpl#TOAImpl(com.sun.corba.se.spi.orb.ORB, com.sun.corba.se.impl.oa.toa.TransientObjectManager, java.lang.String)#0&quot; }"/>
        </annotation>
    </item>
    <item name='com.sun.corba.se.spi.oa.ObjectAdapterBase byte[] getAdapterId()'>
        <annotation name='com.intellij.inspections.tainted.annotation.equation.Equations'>
            <val val="{ &quot;getAdapterId := ObjectAdapterBase&quot; }"/>
        </annotation>
    </item>
    <item name='com.sun.corba.se.spi.oa.ObjectAdapterBase com.sun.corba.se.impl.logging.OMGSystemException omgInvocationWrapper()'>
        <annotation name='com.intellij.inspections.tainted.annotation.equation.Equations'>
            <val val="{ &quot;omgInvocationWrapper := ObjectAdapterBase&quot; }"/>
        </annotation>
    </item>
    <item name='com.sun.corba.se.spi.oa.ObjectAdapterBase com.sun.corba.se.impl.logging.OMGSystemException omgLifecycleWrapper()'>
        <annotation name='com.intellij.inspections.tainted.annotation.equation.Equations'>
            <val val="{ &quot;omgLifecycleWrapper := ObjectAdapterBase&quot; }"/>
        </annotation>
    </item>
    <item name='com.sun.corba.se.spi.oa.ObjectAdapterBase com.sun.corba.se.impl.logging.POASystemException invocationWrapper()'>
        <annotation name='com.intellij.inspections.tainted.annotation.equation.Equations'>
            <val val="{ &quot;invocationWrapper := ObjectAdapterBase&quot; }"/>
        </annotation>
    </item>
    <item name='com.sun.corba.se.spi.oa.ObjectAdapterBase com.sun.corba.se.impl.logging.POASystemException iorWrapper()'>
        <annotation name='com.intellij.inspections.tainted.annotation.equation.Equations'>
            <val val="{ &quot;iorWrapper := ObjectAdapterBase&quot; }"/>
        </annotation>
    </item>
    <item name='com.sun.corba.se.spi.oa.ObjectAdapterBase com.sun.corba.se.impl.logging.POASystemException lifecycleWrapper()'>
        <annotation name='com.intellij.inspections.tainted.annotation.equation.Equations'>
            <val val="{ &quot;lifecycleWrapper := ObjectAdapterBase&quot; }"/>
        </annotation>
    </item>
    <item name='com.sun.corba.se.spi.oa.ObjectAdapterBase com.sun.corba.se.spi.copyobject.ObjectCopierFactory getObjectCopierFactory()'>
        <annotation name='com.intellij.inspections.tainted.annotation.equation.Equations'>
            <val val="{ &quot;getObjectCopierFactory := com.sun.corba.se.impl.oa.poa.POAImpl#getObjectCopierFactory() &amp; com.sun.corba.se.impl.oa.toa.TOAImpl#getObjectCopierFactory()&quot; }"/>
        </annotation>
    </item>
    <item name='com.sun.corba.se.spi.oa.ObjectAdapterBase com.sun.corba.se.spi.ior.IORTemplate getIORTemplate()'>
        <annotation name='com.intellij.inspections.tainted.annotation.equation.Equations'>
            <val val="{ &quot;getIORTemplate := ObjectAdapterBase&quot; }"/>
        </annotation>
    </item>
    <item name='com.sun.corba.se.spi.oa.ObjectAdapterBase com.sun.corba.se.spi.oa.OAInvocationInfo makeInvocationInfo(byte[])'>
        <annotation name='com.intellij.inspections.tainted.annotation.equation.Equations'>
            <val val="{ &quot;objectId := ObjectAdapter#makeInvocationInfo(byte[])#0 &amp; ObjectAdapter#makeInvocationInfo(byte[])#0&quot; }"/>
        </annotation>
    </item>
    <item name='com.sun.corba.se.spi.oa.ObjectAdapterBase com.sun.corba.se.spi.orb.ORB getORB()'>
        <annotation name='com.intellij.inspections.tainted.annotation.equation.Equations'>
            <val val="{ &quot;getORB := ObjectAdapterBase&quot; }"/>
        </annotation>
    </item>
    <item name='com.sun.corba.se.spi.oa.ObjectAdapterBase int getManagerId()'>
        <annotation name='com.intellij.inspections.tainted.annotation.equation.Equations'>
            <val val="{ &quot;getManagerId := com.sun.corba.se.impl.oa.poa.POAImpl#getManagerId() &amp; com.sun.corba.se.impl.oa.toa.TOAImpl#getManagerId()&quot; }"/>
        </annotation>
    </item>
    <item name='com.sun.corba.se.spi.oa.ObjectAdapterBase java.lang.String[] getInterfaces(java.lang.Object, byte[])'>
        <annotation name='com.intellij.inspections.tainted.annotation.equation.Equations'>
            <val val="{ &quot;getInterfaces := com.sun.corba.se.impl.oa.poa.POAImpl#getInterfaces(java.lang.Object, byte[]) &amp; com.sun.corba.se.impl.oa.toa.TOAImpl#getInterfaces(java.lang.Object, byte[])&quot; }"/>
        </annotation>
    </item>
    <item name='com.sun.corba.se.spi.oa.ObjectAdapterBase org.omg.CORBA.Object getLocalServant(byte[])'>
        <annotation name='com.intellij.inspections.tainted.annotation.equation.Equations'>
            <val val="{ &quot;objectId := ObjectAdapter#getLocalServant(byte[])#0 &amp; ObjectAdapter#getLocalServant(byte[])#0&quot;, &quot;getLocalServant := com.sun.corba.se.impl.oa.poa.POAImpl#getLocalServant(byte[]) &amp; com.sun.corba.se.impl.oa.toa.TOAImpl#getLocalServant(byte[])&quot; }"/>
        </annotation>
    </item>
    <item name='com.sun.corba.se.spi.oa.ObjectAdapterBase org.omg.CORBA.Object makeObject(java.lang.String, byte[])'>
        <annotation name='com.intellij.inspections.tainted.annotation.equation.Equations'>
            <val val="{ &quot;repId := com.sun.corba.se.impl.oa.poa.POAImpl#create_reference(java.lang.String)#0 &amp; com.sun.corba.se.impl.oa.poa.POAImpl#create_reference_with_id(byte[], java.lang.String)#1&quot;, &quot;oid := com.sun.corba.se.impl.oa.poa.POAImpl#create_reference_with_id(byte[], java.lang.String)#0 &amp; com.sun.corba.se.impl.oa.poa.POAImpl#id_to_reference(byte[])#0&quot; }"/>
        </annotation>
    </item>
    <item name='com.sun.corba.se.spi.oa.ObjectAdapterBase org.omg.CORBA.Policy getEffectivePolicy(int)'>
        <annotation name='com.intellij.inspections.tainted.annotation.equation.Equations'>
            <val val="{ &quot;getEffectivePolicy := com.sun.corba.se.impl.oa.poa.POAImpl#getEffectivePolicy(int) &amp; com.sun.corba.se.impl.oa.toa.TOAImpl#getEffectivePolicy(int)&quot; }"/>
        </annotation>
    </item>
    <item name='com.sun.corba.se.spi.oa.ObjectAdapterBase org.omg.PortableInterceptor.ObjectReferenceFactory getCurrentFactory()'>
        <annotation name='com.intellij.inspections.tainted.annotation.equation.Equations'>
            <val val="{ &quot;getCurrentFactory := ObjectAdapterBase&quot; }"/>
        </annotation>
    </item>
    <item name='com.sun.corba.se.spi.oa.ObjectAdapterBase org.omg.PortableInterceptor.ObjectReferenceTemplate getAdapterTemplate()'>
        <annotation name='com.intellij.inspections.tainted.annotation.equation.Equations'>
            <val val="{ &quot;getAdapterTemplate := ObjectAdapterBase&quot; }"/>
        </annotation>
    </item>
    <item name='com.sun.corba.se.spi.oa.ObjectAdapterBase short getState()'>
        <annotation name='com.intellij.inspections.tainted.annotation.equation.Equations'>
            <val val="{ &quot;getState := com.sun.corba.se.impl.oa.poa.POAImpl#getState() &amp; com.sun.corba.se.impl.oa.toa.TOAImpl#getState()&quot; }"/>
        </annotation>
    </item>
    <item name='com.sun.corba.se.spi.oa.ObjectAdapterBase void getInvocationServant(com.sun.corba.se.spi.oa.OAInvocationInfo)'>
        <annotation name='com.intellij.inspections.tainted.annotation.equation.Equations'>
            <val val="{ &quot;info := ObjectAdapter#getInvocationServant(com.sun.corba.se.spi.oa.OAInvocationInfo)#0 &amp; ObjectAdapter#getInvocationServant(com.sun.corba.se.spi.oa.OAInvocationInfo)#0&quot; }"/>
        </annotation>
    </item>
    <item name='com.sun.corba.se.spi.oa.ObjectAdapterBase void initializeTemplate(com.sun.corba.se.spi.ior.ObjectKeyTemplate, boolean, com.sun.corba.se.impl.oa.poa.Policies, java.lang.String, java.lang.String, com.sun.corba.se.spi.ior.ObjectAdapterId)'>
        <annotation name='com.intellij.inspections.tainted.annotation.equation.Equations'>
            <val val="{ &quot;policies := com.sun.corba.se.impl.oa.poa.POAImpl#initialize(com.sun.corba.se.impl.oa.poa.POAManagerImpl, com.sun.corba.se.impl.oa.poa.Policies)#1 &amp; com.sun.corba.se.impl.oa.poa.Policies#defaultPolicies&quot;, &quot;codebase := com.sun.corba.se.impl.oa.toa.TOAImpl#TOAImpl(com.sun.corba.se.spi.orb.ORB, com.sun.corba.se.impl.oa.toa.TransientObjectManager, java.lang.String)#2&quot; }"/>
        </annotation>
    </item>
    <item name='com.sun.corba.se.spi.oa.ObjectAdapterBase void setCurrentFactory(org.omg.PortableInterceptor.ObjectReferenceFactory)'>
        <annotation name='com.intellij.inspections.tainted.annotation.equation.Equations'>
            <val val="{ &quot;factory := ObjectAdapter#setCurrentFactory(org.omg.PortableInterceptor.ObjectReferenceFactory)#0 &amp; ObjectAdapter#setCurrentFactory(org.omg.PortableInterceptor.ObjectReferenceFactory)#0&quot; }"/>
        </annotation>
    </item>
    <item name='com.sun.corba.se.spi.oa.ObjectAdapterFactory com.sun.corba.se.spi.oa.ObjectAdapter find(com.sun.corba.se.spi.ior.ObjectAdapterId)'>
        <annotation name='com.intellij.inspections.tainted.annotation.equation.Equations'>
            <val val="{ &quot;find := com.sun.corba.se.impl.oa.poa.POAFactory#find(com.sun.corba.se.spi.ior.ObjectAdapterId) &amp; com.sun.corba.se.impl.oa.toa.TOAFactory#find(com.sun.corba.se.spi.ior.ObjectAdapterId)&quot; }"/>
        </annotation>
    </item>
    <item name='com.sun.corba.se.spi.oa.ObjectAdapterFactory com.sun.corba.se.spi.orb.ORB getORB()'>
        <annotation name='com.intellij.inspections.tainted.annotation.equation.Equations'>
            <val val="{ &quot;getORB := com.sun.corba.se.impl.oa.poa.POAFactory#getORB() &amp; com.sun.corba.se.impl.oa.toa.TOAFactory#getORB()&quot; }"/>
        </annotation>
    </item>
    <item name='com.sun.corba.se.spi.oa.ObjectAdapterFactory void init(com.sun.corba.se.spi.orb.ORB)'>
        <annotation name='com.intellij.inspections.tainted.annotation.equation.Equations'>
            <val val="{ &quot;orb := OADefault#makePOAFactory(com.sun.corba.se.spi.orb.ORB)#0 &amp; OADefault#makeTOAFactory(com.sun.corba.se.spi.orb.ORB)#0&quot; }"/>
        </annotation>
    </item>
</root>