<root>
    <item name='org.hibernate.envers.internal.entities.mapper.ComponentPropertyMapper'>
        <annotation name='com.intellij.inspections.tainted.annotation.equation.Equations'>
            <val val="{ &quot;ComponentPropertyMapper := #ComponentPropertyMapper(org.hibernate.envers.internal.entities.PropertyData, java.lang.Class)#0 &amp; #ComponentPropertyMapper(org.hibernate.envers.internal.entities.PropertyData, java.lang.Class)#1&quot; }"/>
        </annotation>
    </item>
    <item name='org.hibernate.envers.internal.entities.mapper.ComponentPropertyMapper ComponentPropertyMapper(org.hibernate.envers.internal.entities.PropertyData, java.lang.Class)'>
        <annotation name='com.intellij.inspections.tainted.annotation.equation.Equations'>
            <val val="{ &quot;ComponentPropertyMapper := ComponentPropertyMapper&quot;, &quot;propertyData := MultiPropertyMapper#addComponent(org.hibernate.envers.internal.entities.PropertyData, java.lang.Class)#0&quot;, &quot;componentClass := MultiPropertyMapper#addComponent(org.hibernate.envers.internal.entities.PropertyData, java.lang.Class)#1&quot; }"/>
        </annotation>
    </item>
    <item name='org.hibernate.envers.internal.entities.mapper.ComponentPropertyMapper boolean isAllPropertiesNull(java.util.Map)'>
        <annotation name='com.intellij.inspections.tainted.annotation.equation.Equations'>
            <val val="{ &quot;data := #mapToEntityFromMap(org.hibernate.envers.boot.internal.EnversService, java.lang.Object, java.util.Map, java.lang.Object, org.hibernate.envers.internal.reader.AuditReaderImplementor, java.lang.Number)#2&quot; }"/>
        </annotation>
    </item>
    <item name='org.hibernate.envers.internal.entities.mapper.ComponentPropertyMapper java.util.List&lt;org.hibernate.envers.internal.entities.mapper.PersistentCollectionChangeData&gt; mapCollectionChanges(org.hibernate.engine.spi.SessionImplementor, java.lang.String, org.hibernate.collection.spi.PersistentCollection, java.io.Serializable, java.io.Serializable)'>
        <annotation name='com.intellij.inspections.tainted.annotation.equation.Equations'>
            <val val="{ &quot;mapCollectionChanges := &quot; }"/>
        </annotation>
    </item>
    <item name='org.hibernate.envers.internal.entities.mapper.ComponentPropertyMapper java.util.Map&lt;org.hibernate.envers.internal.entities.PropertyData,org.hibernate.envers.internal.entities.mapper.PropertyMapper&gt; getProperties()'>
        <annotation name='com.intellij.inspections.tainted.annotation.equation.Equations'>
            <val val="{ &quot;getProperties := &quot; }"/>
        </annotation>
    </item>
    <item name='org.hibernate.envers.internal.entities.mapper.ComponentPropertyMapper org.hibernate.envers.internal.entities.mapper.CompositeMapperBuilder addComponent(org.hibernate.envers.internal.entities.PropertyData, java.lang.Class)'>
        <annotation name='com.intellij.inspections.tainted.annotation.equation.Equations'>
            <val val="{ &quot;addComponent := &quot; }"/>
        </annotation>
    </item>
    <item name='org.hibernate.envers.internal.entities.mapper.CompositeMapperBuilder java.util.Map&lt;org.hibernate.envers.internal.entities.PropertyData,org.hibernate.envers.internal.entities.mapper.PropertyMapper&gt; getProperties()'>
        <annotation name='com.intellij.inspections.tainted.annotation.equation.Equations'>
            <val val="{ &quot;getProperties := org.hibernate.envers.internal.entities.mapper.relation.component.MiddleEmbeddableComponentMapper#getProperties() &amp; MultiPropertyMapper#getProperties() &amp; SubclassPropertyMapper#getProperties() &amp; ComponentPropertyMapper#getProperties()&quot; }"/>
        </annotation>
    </item>
    <item name='org.hibernate.envers.internal.entities.mapper.CompositeMapperBuilder org.hibernate.envers.internal.entities.mapper.CompositeMapperBuilder addComponent(org.hibernate.envers.internal.entities.PropertyData, java.lang.Class)'>
        <annotation name='com.intellij.inspections.tainted.annotation.equation.Equations'>
            <val val="{ &quot;addComponent := org.hibernate.envers.internal.entities.mapper.relation.component.MiddleEmbeddableComponentMapper#addComponent(org.hibernate.envers.internal.entities.PropertyData, java.lang.Class) &amp; MultiPropertyMapper#addComponent(org.hibernate.envers.internal.entities.PropertyData, java.lang.Class) &amp; SubclassPropertyMapper#addComponent(org.hibernate.envers.internal.entities.PropertyData, java.lang.Class) &amp; ComponentPropertyMapper#addComponent(org.hibernate.envers.internal.entities.PropertyData, java.lang.Class)&quot;, &quot;componentClass := org.hibernate.envers.internal.entities.mapper.relation.component.MiddleEmbeddableComponentMapper#addComponent(org.hibernate.envers.internal.entities.PropertyData, java.lang.Class)#1 &amp; MultiPropertyMapper#addComponent(org.hibernate.envers.internal.entities.PropertyData, java.lang.Class)#1 &amp; SubclassPropertyMapper#addComponent(org.hibernate.envers.internal.entities.PropertyData, java.lang.Class)#1 &amp; ComponentPropertyMapper#addComponent(org.hibernate.envers.internal.entities.PropertyData, java.lang.Class)#1&quot;, &quot;propertyData := org.hibernate.envers.internal.entities.mapper.relation.component.MiddleEmbeddableComponentMapper#addComponent(org.hibernate.envers.internal.entities.PropertyData, java.lang.Class)#0 &amp; MultiPropertyMapper#addComponent(org.hibernate.envers.internal.entities.PropertyData, java.lang.Class)#0 &amp; SubclassPropertyMapper#addComponent(org.hibernate.envers.internal.entities.PropertyData, java.lang.Class)#0 &amp; ComponentPropertyMapper#addComponent(org.hibernate.envers.internal.entities.PropertyData, java.lang.Class)#0&quot; }"/>
        </annotation>
    </item>
    <item name='org.hibernate.envers.internal.entities.mapper.CompositeMapperBuilder void addComposite(org.hibernate.envers.internal.entities.PropertyData, org.hibernate.envers.internal.entities.mapper.PropertyMapper)'>
        <annotation name='com.intellij.inspections.tainted.annotation.equation.Equations'>
            <val val="{ &quot;propertyData := org.hibernate.envers.internal.entities.mapper.relation.component.MiddleEmbeddableComponentMapper#addComposite(org.hibernate.envers.internal.entities.PropertyData, org.hibernate.envers.internal.entities.mapper.PropertyMapper)#0 &amp; MultiPropertyMapper#addComposite(org.hibernate.envers.internal.entities.PropertyData, org.hibernate.envers.internal.entities.mapper.PropertyMapper)#0 &amp; SubclassPropertyMapper#addComposite(org.hibernate.envers.internal.entities.PropertyData, org.hibernate.envers.internal.entities.mapper.PropertyMapper)#0 &amp; ComponentPropertyMapper#addComposite(org.hibernate.envers.internal.entities.PropertyData, org.hibernate.envers.internal.entities.mapper.PropertyMapper)#0&quot;, &quot;propertyMapper := org.hibernate.envers.internal.entities.mapper.relation.component.MiddleEmbeddableComponentMapper#addComposite(org.hibernate.envers.internal.entities.PropertyData, org.hibernate.envers.internal.entities.mapper.PropertyMapper)#1 &amp; MultiPropertyMapper#addComposite(org.hibernate.envers.internal.entities.PropertyData, org.hibernate.envers.internal.entities.mapper.PropertyMapper)#1 &amp; SubclassPropertyMapper#addComposite(org.hibernate.envers.internal.entities.PropertyData, org.hibernate.envers.internal.entities.mapper.PropertyMapper)#1 &amp; ComponentPropertyMapper#addComposite(org.hibernate.envers.internal.entities.PropertyData, org.hibernate.envers.internal.entities.mapper.PropertyMapper)#1&quot; }"/>
        </annotation>
    </item>
    <item name='org.hibernate.envers.internal.entities.mapper.ExtendedPropertyMapper boolean map(org.hibernate.engine.spi.SessionImplementor, java.util.Map&lt;java.lang.String,java.lang.Object&gt;, java.lang.String[], java.lang.Object[], java.lang.Object[])'>
        <annotation name='com.intellij.inspections.tainted.annotation.equation.Equations'>
            <val val="{ &quot;propertyNames := MultiPropertyMapper#map(org.hibernate.engine.spi.SessionImplementor, java.util.Map, java.lang.String[], java.lang.Object[], java.lang.Object[])#2 &amp; SubclassPropertyMapper#map(org.hibernate.engine.spi.SessionImplementor, java.util.Map, java.lang.String[], java.lang.Object[], java.lang.Object[])#2 &amp; org.hibernate.envers.internal.synchronization.work.DelWorkUnit&quot;, &quot;data := MultiPropertyMapper#map(org.hibernate.engine.spi.SessionImplementor, java.util.Map, java.lang.String[], java.lang.Object[], java.lang.Object[])#1 &amp; SubclassPropertyMapper#map(org.hibernate.engine.spi.SessionImplementor, java.util.Map, java.lang.String[], java.lang.Object[], java.lang.Object[])#1 &amp; org.hibernate.envers.internal.synchronization.work.AddWorkUnit &amp; org.hibernate.envers.internal.synchronization.work.ModWorkUnit&quot;, &quot;oldState := MultiPropertyMapper#map(org.hibernate.engine.spi.SessionImplementor, java.util.Map, java.lang.String[], java.lang.Object[], java.lang.Object[])#4 &amp; SubclassPropertyMapper#map(org.hibernate.engine.spi.SessionImplementor, java.util.Map, java.lang.String[], java.lang.Object[], java.lang.Object[])#4 &amp; org.hibernate.envers.internal.synchronization.work.DelWorkUnit &amp; org.hibernate.envers.internal.synchronization.work.ModWorkUnit#ModWorkUnit(org.hibernate.engine.spi.SessionImplementor, java.lang.String, org.hibernate.envers.boot.internal.EnversService, java.io.Serializable, org.hibernate.persister.entity.EntityPersister, java.lang.Object[], java.lang.Object[])#6&quot;, &quot;session := MultiPropertyMapper#map(org.hibernate.engine.spi.SessionImplementor, java.util.Map, java.lang.String[], java.lang.Object[], java.lang.Object[])#0 &amp; SubclassPropertyMapper#map(org.hibernate.engine.spi.SessionImplementor, java.util.Map, java.lang.String[], java.lang.Object[], java.lang.Object[])#0 &amp; org.hibernate.envers.internal.synchronization.work.AddWorkUnit#AddWorkUnit(org.hibernate.engine.spi.SessionImplementor, java.lang.String, org.hibernate.envers.boot.internal.EnversService, java.io.Serializable, org.hibernate.persister.entity.EntityPersister, java.lang.Object[])#0 &amp; org.hibernate.envers.internal.synchronization.work.DelWorkUnit &amp; org.hibernate.envers.internal.synchronization.work.ModWorkUnit#ModWorkUnit(org.hibernate.engine.spi.SessionImplementor, java.lang.String, org.hibernate.envers.boot.internal.EnversService, java.io.Serializable, org.hibernate.persister.entity.EntityPersister, java.lang.Object[], java.lang.Object[])#0&quot;, &quot;newState := MultiPropertyMapper#map(org.hibernate.engine.spi.SessionImplementor, java.util.Map, java.lang.String[], java.lang.Object[], java.lang.Object[])#3 &amp; SubclassPropertyMapper#map(org.hibernate.engine.spi.SessionImplementor, java.util.Map, java.lang.String[], java.lang.Object[], java.lang.Object[])#3 &amp; org.hibernate.envers.internal.synchronization.work.AddWorkUnit#AddWorkUnit(org.hibernate.engine.spi.SessionImplementor, java.lang.String, org.hibernate.envers.boot.internal.EnversService, java.io.Serializable, org.hibernate.persister.entity.EntityPersister, java.lang.Object[])#5 &amp; org.hibernate.envers.internal.synchronization.work.DelWorkUnit &amp; org.hibernate.envers.internal.synchronization.work.ModWorkUnit#ModWorkUnit(org.hibernate.engine.spi.SessionImplementor, java.lang.String, org.hibernate.envers.boot.internal.EnversService, java.io.Serializable, org.hibernate.persister.entity.EntityPersister, java.lang.Object[], java.lang.Object[])#5&quot; }"/>
        </annotation>
    </item>
    <item name='org.hibernate.envers.internal.entities.mapper.MultiDynamicComponentMapper'>
        <annotation name='com.intellij.inspections.tainted.annotation.equation.Equations'>
            <val val="{ &quot;MultiDynamicComponentMapper := #MultiDynamicComponentMapper(org.hibernate.envers.internal.entities.PropertyData)#0&quot; }"/>
        </annotation>
    </item>
    <item name='org.hibernate.envers.internal.entities.mapper.MultiDynamicComponentMapper MultiDynamicComponentMapper(org.hibernate.envers.internal.entities.PropertyData)'>
        <annotation name='com.intellij.inspections.tainted.annotation.equation.Equations'>
            <val val="{ &quot;dynamicComponentData := ComponentPropertyMapper#ComponentPropertyMapper(org.hibernate.envers.internal.entities.PropertyData, java.lang.Class)#0&quot;, &quot;MultiDynamicComponentMapper := MultiDynamicComponentMapper&quot; }"/>
        </annotation>
    </item>
    <item name='org.hibernate.envers.internal.entities.mapper.MultiDynamicComponentMapper java.lang.Object getValue(java.lang.Object, org.hibernate.envers.internal.entities.PropertyData)'>
        <annotation name='com.intellij.inspections.tainted.annotation.equation.Equations'>
            <val val="{ &quot;propertyData := &quot;, &quot;newObj := #mapToMapFromEntity(org.hibernate.engine.spi.SessionImplementor, java.util.Map, java.lang.Object, java.lang.Object)#2 &amp; #mapToMapFromEntity(org.hibernate.engine.spi.SessionImplementor, java.util.Map, java.lang.Object, java.lang.Object)#3 &amp; #mapModifiedFlagsToMapFromEntity(org.hibernate.engine.spi.SessionImplementor, java.util.Map, java.lang.Object, java.lang.Object)#2 &amp; #mapModifiedFlagsToMapFromEntity(org.hibernate.engine.spi.SessionImplementor, java.util.Map, java.lang.Object, java.lang.Object)#3&quot;, &quot;getValue := &quot; }"/>
        </annotation>
    </item>
    <item name='org.hibernate.envers.internal.entities.mapper.MultiDynamicComponentMapper void addComposite(org.hibernate.envers.internal.entities.PropertyData, org.hibernate.envers.internal.entities.mapper.PropertyMapper)'>
        <annotation name='com.intellij.inspections.tainted.annotation.equation.Equations'>
            <val val="{ &quot;propertyData := #add(org.hibernate.envers.internal.entities.PropertyData)#0&quot;, &quot;propertyMapper := &quot; }"/>
        </annotation>
    </item>
    <item name='org.hibernate.envers.internal.entities.mapper.MultiPropertyMapper'>
        <annotation name='com.intellij.inspections.tainted.annotation.equation.Equations'>
            <val val="{ &quot;MultiPropertyMapper := &quot; }"/>
        </annotation>
    </item>
    <item name='org.hibernate.envers.internal.entities.mapper.MultiPropertyMapper MultiPropertyMapper()'>
        <annotation name='com.intellij.inspections.tainted.annotation.equation.Equations'>
            <val val="{ &quot;MultiPropertyMapper := MultiPropertyMapper&quot; }"/>
        </annotation>
    </item>
    <item name='org.hibernate.envers.internal.entities.mapper.MultiPropertyMapper boolean map(org.hibernate.engine.spi.SessionImplementor, java.util.Map&lt;java.lang.String,java.lang.Object&gt;, java.lang.String[], java.lang.Object[], java.lang.Object[])'>
        <annotation name='com.intellij.inspections.tainted.annotation.equation.Equations'>
            <val val="{ &quot;newState := MultiDynamicComponentMapper#map(org.hibernate.engine.spi.SessionImplementor, java.util.Map, java.lang.String[], java.lang.Object[], java.lang.Object[])#3&quot;, &quot;oldState := MultiDynamicComponentMapper#map(org.hibernate.engine.spi.SessionImplementor, java.util.Map, java.lang.String[], java.lang.Object[], java.lang.Object[])#4&quot;, &quot;propertyNames := MultiDynamicComponentMapper#map(org.hibernate.engine.spi.SessionImplementor, java.util.Map, java.lang.String[], java.lang.Object[], java.lang.Object[])#2&quot;, &quot;data := MultiDynamicComponentMapper#map(org.hibernate.engine.spi.SessionImplementor, java.util.Map, java.lang.String[], java.lang.Object[], java.lang.Object[])#1&quot;, &quot;session := MultiDynamicComponentMapper#map(org.hibernate.engine.spi.SessionImplementor, java.util.Map, java.lang.String[], java.lang.Object[], java.lang.Object[])#0&quot; }"/>
        </annotation>
    </item>
    <item name='org.hibernate.envers.internal.entities.mapper.MultiPropertyMapper boolean mapToMapFromEntity(org.hibernate.engine.spi.SessionImplementor, java.util.Map&lt;java.lang.String,java.lang.Object&gt;, java.lang.Object, java.lang.Object)'>
        <annotation name='com.intellij.inspections.tainted.annotation.equation.Equations'>
            <val val="{ &quot;session := org.hibernate.envers.internal.entities.mapper.relation.component.MiddleEmbeddableComponentMapper#mapToMapFromObject(org.hibernate.engine.spi.SessionImplementor, java.util.Map, java.util.Map, java.lang.Object)#0 &amp; MultiDynamicComponentMapper#mapToMapFromEntity(org.hibernate.engine.spi.SessionImplementor, java.util.Map, java.lang.Object, java.lang.Object)#0 &amp; ComponentPropertyMapper#mapToMapFromEntity(org.hibernate.engine.spi.SessionImplementor, java.util.Map, java.lang.Object, java.lang.Object)#0 &amp; ComponentPropertyMapper#mapModifiedFlagsToMapFromEntity(org.hibernate.engine.spi.SessionImplementor, java.util.Map, java.lang.Object, java.lang.Object)#0&quot;, &quot;oldObj := org.hibernate.envers.internal.entities.mapper.relation.component.MiddleEmbeddableComponentMapper#mapToMapFromObject(org.hibernate.engine.spi.SessionImplementor, java.util.Map, java.util.Map, java.lang.Object)#3 &amp; MultiDynamicComponentMapper#mapToMapFromEntity(org.hibernate.engine.spi.SessionImplementor, java.util.Map, java.lang.Object, java.lang.Object)#3 &amp; ComponentPropertyMapper#mapToMapFromEntity(org.hibernate.engine.spi.SessionImplementor, java.util.Map, java.lang.Object, java.lang.Object)#3 &amp; ComponentPropertyMapper#mapModifiedFlagsToMapFromEntity(org.hibernate.engine.spi.SessionImplementor, java.util.Map, java.lang.Object, java.lang.Object)#3&quot;, &quot;newObj := org.hibernate.envers.internal.entities.mapper.relation.component.MiddleEmbeddableComponentMapper#mapToMapFromObject(org.hibernate.engine.spi.SessionImplementor, java.util.Map, java.util.Map, java.lang.Object)#3 &amp; MultiDynamicComponentMapper#mapToMapFromEntity(org.hibernate.engine.spi.SessionImplementor, java.util.Map, java.lang.Object, java.lang.Object)#2 &amp; ComponentPropertyMapper#mapToMapFromEntity(org.hibernate.engine.spi.SessionImplementor, java.util.Map, java.lang.Object, java.lang.Object)#2 &amp; ComponentPropertyMapper#mapModifiedFlagsToMapFromEntity(org.hibernate.engine.spi.SessionImplementor, java.util.Map, java.lang.Object, java.lang.Object)#2&quot;, &quot;data := org.hibernate.envers.internal.entities.mapper.relation.component.MiddleEmbeddableComponentMapper#mapToMapFromObject(org.hibernate.engine.spi.SessionImplementor, java.util.Map, java.util.Map, java.lang.Object)#2 &amp; MultiDynamicComponentMapper#mapToMapFromEntity(org.hibernate.engine.spi.SessionImplementor, java.util.Map, java.lang.Object, java.lang.Object)#1 &amp; ComponentPropertyMapper#mapToMapFromEntity(org.hibernate.engine.spi.SessionImplementor, java.util.Map, java.lang.Object, java.lang.Object)#1&quot; }"/>
        </annotation>
    </item>
    <item name='org.hibernate.envers.internal.entities.mapper.MultiPropertyMapper java.lang.Object getAtIndexOrNull(java.lang.Object[], int)'>
        <annotation name='com.intellij.inspections.tainted.annotation.equation.Equations'>
            <val val="{ &quot;getAtIndexOrNull := array&quot;, &quot;array := #map(org.hibernate.engine.spi.SessionImplementor, java.util.Map, java.lang.String[], java.lang.Object[], java.lang.Object[])#3 &amp; #map(org.hibernate.engine.spi.SessionImplementor, java.util.Map, java.lang.String[], java.lang.Object[], java.lang.Object[])#4 &amp; MultiDynamicComponentMapper#map(org.hibernate.engine.spi.SessionImplementor, java.util.Map, java.lang.String[], java.lang.Object[], java.lang.Object[])#3 &amp; MultiDynamicComponentMapper#map(org.hibernate.engine.spi.SessionImplementor, java.util.Map, java.lang.String[], java.lang.Object[], java.lang.Object[])#4&quot; }"/>
        </annotation>
    </item>
    <item name='org.hibernate.envers.internal.entities.mapper.MultiPropertyMapper java.util.List&lt;org.hibernate.envers.internal.entities.mapper.PersistentCollectionChangeData&gt; mapCollectionChanges(org.hibernate.engine.spi.SessionImplementor, java.lang.String, org.hibernate.collection.spi.PersistentCollection, java.io.Serializable, java.io.Serializable)'>
        <annotation name='com.intellij.inspections.tainted.annotation.equation.Equations'>
            <val val="{ &quot;session := ComponentPropertyMapper#mapCollectionChanges(org.hibernate.engine.spi.SessionImplementor, java.lang.String, org.hibernate.collection.spi.PersistentCollection, java.io.Serializable, java.io.Serializable)#0&quot;, &quot;newColl := ComponentPropertyMapper#mapCollectionChanges(org.hibernate.engine.spi.SessionImplementor, java.lang.String, org.hibernate.collection.spi.PersistentCollection, java.io.Serializable, java.io.Serializable)#2&quot;, &quot;id := ComponentPropertyMapper#mapCollectionChanges(org.hibernate.engine.spi.SessionImplementor, java.lang.String, org.hibernate.collection.spi.PersistentCollection, java.io.Serializable, java.io.Serializable)#4&quot;, &quot;oldColl := ComponentPropertyMapper#mapCollectionChanges(org.hibernate.engine.spi.SessionImplementor, java.lang.String, org.hibernate.collection.spi.PersistentCollection, java.io.Serializable, java.io.Serializable)#3&quot;, &quot;mapCollectionChanges := &quot;, &quot;referencingPropertyName := ComponentPropertyMapper#mapCollectionChanges(org.hibernate.engine.spi.SessionImplementor, java.lang.String, org.hibernate.collection.spi.PersistentCollection, java.io.Serializable, java.io.Serializable)#1&quot; }"/>
        </annotation>
    </item>
    <item name='org.hibernate.envers.internal.entities.mapper.MultiPropertyMapper java.util.Map&lt;java.lang.String,org.hibernate.envers.internal.entities.PropertyData&gt; getPropertyDatas()'>
        <annotation name='com.intellij.inspections.tainted.annotation.equation.Equations'>
            <val val="{ &quot;getPropertyDatas := MultiPropertyMapper&quot; }"/>
        </annotation>
    </item>
    <item name='org.hibernate.envers.internal.entities.mapper.MultiPropertyMapper java.util.Map&lt;org.hibernate.envers.internal.entities.PropertyData,org.hibernate.envers.internal.entities.mapper.PropertyMapper&gt; getProperties()'>
        <annotation name='com.intellij.inspections.tainted.annotation.equation.Equations'>
            <val val="{ &quot;getProperties := MultiPropertyMapper&quot; }"/>
        </annotation>
    </item>
    <item name='org.hibernate.envers.internal.entities.mapper.MultiPropertyMapper org.hibernate.envers.internal.entities.mapper.CompositeMapperBuilder addComponent(org.hibernate.envers.internal.entities.PropertyData, java.lang.Class)'>
        <annotation name='com.intellij.inspections.tainted.annotation.equation.Equations'>
            <val val="{ &quot;componentClass := org.hibernate.envers.internal.entities.mapper.relation.component.MiddleEmbeddableComponentMapper#addComponent(org.hibernate.envers.internal.entities.PropertyData, java.lang.Class)#1 &amp; ComponentPropertyMapper#addComponent(org.hibernate.envers.internal.entities.PropertyData, java.lang.Class)#1&quot;, &quot;addComponent := &quot;, &quot;propertyData := org.hibernate.envers.internal.entities.mapper.relation.component.MiddleEmbeddableComponentMapper#addComponent(org.hibernate.envers.internal.entities.PropertyData, java.lang.Class)#0 &amp; ComponentPropertyMapper#addComponent(org.hibernate.envers.internal.entities.PropertyData, java.lang.Class)#0&quot; }"/>
        </annotation>
    </item>
    <item name='org.hibernate.envers.internal.entities.mapper.MultiPropertyMapper org.hibernate.envers.tools.Pair&lt;org.hibernate.envers.internal.entities.mapper.PropertyMapper,java.lang.String&gt; getMapperAndDelegatePropName(java.lang.String)'>
        <annotation name='com.intellij.inspections.tainted.annotation.equation.Equations'>
            <val val="{ &quot;getMapperAndDelegatePropName := &quot;, &quot;referencingPropertyName := #mapModifiedFlagsToMapForCollectionChange(java.lang.String, java.util.Map)#0 &amp; #mapCollectionChanges(org.hibernate.engine.spi.SessionImplementor, java.lang.String, org.hibernate.collection.spi.PersistentCollection, java.io.Serializable, java.io.Serializable)#1&quot; }"/>
        </annotation>
    </item>
    <item name='org.hibernate.envers.internal.entities.mapper.MultiPropertyMapper void add(org.hibernate.envers.internal.entities.PropertyData)'>
        <annotation name='com.intellij.inspections.tainted.annotation.equation.Equations'>
            <val val="{ &quot;propertyData := org.hibernate.envers.internal.entities.mapper.relation.component.MiddleEmbeddableComponentMapper#add(org.hibernate.envers.internal.entities.PropertyData)#0 &amp; MultiDynamicComponentMapper#add(org.hibernate.envers.internal.entities.PropertyData)#0 &amp; ComponentPropertyMapper#add(org.hibernate.envers.internal.entities.PropertyData)#0&quot; }"/>
        </annotation>
    </item>
    <item name='org.hibernate.envers.internal.entities.mapper.MultiPropertyMapper void addComposite(org.hibernate.envers.internal.entities.PropertyData, org.hibernate.envers.internal.entities.mapper.PropertyMapper)'>
        <annotation name='com.intellij.inspections.tainted.annotation.equation.Equations'>
            <val val="{ &quot;propertyData := org.hibernate.envers.internal.entities.mapper.relation.component.MiddleEmbeddableComponentMapper#addComposite(org.hibernate.envers.internal.entities.PropertyData, org.hibernate.envers.internal.entities.mapper.PropertyMapper)#0 &amp; #addComponent(org.hibernate.envers.internal.entities.PropertyData, java.lang.Class)#0 &amp; MultiDynamicComponentMapper#addComposite(org.hibernate.envers.internal.entities.PropertyData, org.hibernate.envers.internal.entities.mapper.PropertyMapper)#0 &amp; ComponentPropertyMapper#addComposite(org.hibernate.envers.internal.entities.PropertyData, org.hibernate.envers.internal.entities.mapper.PropertyMapper)#0&quot;, &quot;propertyMapper := org.hibernate.envers.internal.entities.mapper.relation.component.MiddleEmbeddableComponentMapper#addComposite(org.hibernate.envers.internal.entities.PropertyData, org.hibernate.envers.internal.entities.mapper.PropertyMapper)#1 &amp; MultiDynamicComponentMapper#addComposite(org.hibernate.envers.internal.entities.PropertyData, org.hibernate.envers.internal.entities.mapper.PropertyMapper)#1 &amp; ComponentPropertyMapper#addComposite(org.hibernate.envers.internal.entities.PropertyData, org.hibernate.envers.internal.entities.mapper.PropertyMapper)#1&quot; }"/>
        </annotation>
    </item>
    <item name='org.hibernate.envers.internal.entities.mapper.MultiPropertyMapper void mapModifiedFlagsToMapFromEntity(org.hibernate.engine.spi.SessionImplementor, java.util.Map&lt;java.lang.String,java.lang.Object&gt;, java.lang.Object, java.lang.Object)'>
        <annotation name='com.intellij.inspections.tainted.annotation.equation.Equations'>
            <val val="{ &quot;session := MultiDynamicComponentMapper#mapModifiedFlagsToMapFromEntity(org.hibernate.engine.spi.SessionImplementor, java.util.Map, java.lang.Object, java.lang.Object)#0&quot;, &quot;newObj := MultiDynamicComponentMapper#mapModifiedFlagsToMapFromEntity(org.hibernate.engine.spi.SessionImplementor, java.util.Map, java.lang.Object, java.lang.Object)#2&quot;, &quot;oldObj := MultiDynamicComponentMapper#mapModifiedFlagsToMapFromEntity(org.hibernate.engine.spi.SessionImplementor, java.util.Map, java.lang.Object, java.lang.Object)#3&quot;, &quot;data := MultiDynamicComponentMapper#mapModifiedFlagsToMapFromEntity(org.hibernate.engine.spi.SessionImplementor, java.util.Map, java.lang.Object, java.lang.Object)#1&quot; }"/>
        </annotation>
    </item>
    <item name='org.hibernate.envers.internal.entities.mapper.MultiPropertyMapper void mapToEntityFromMap(org.hibernate.envers.boot.internal.EnversService, java.lang.Object, java.util.Map, java.lang.Object, org.hibernate.envers.internal.reader.AuditReaderImplementor, java.lang.Number)'>
        <annotation name='com.intellij.inspections.tainted.annotation.equation.Equations'>
            <val val="{ &quot;versionsReader := MultiDynamicComponentMapper#mapToEntityFromMap(org.hibernate.envers.boot.internal.EnversService, java.lang.Object, java.util.Map, java.lang.Object, org.hibernate.envers.internal.reader.AuditReaderImplementor, java.lang.Number)#4 &amp; ComponentPropertyMapper#mapToEntityFromMap(org.hibernate.envers.boot.internal.EnversService, java.lang.Object, java.util.Map, java.lang.Object, org.hibernate.envers.internal.reader.AuditReaderImplementor, java.lang.Number)#4&quot;, &quot;revision := org.hibernate.envers.internal.entities.mapper.relation.component.MiddleEmbeddableComponentMapper#mapToObjectFromFullMap(org.hibernate.envers.internal.entities.EntityInstantiator, java.util.Map, java.lang.Object, java.lang.Number)#3 &amp; MultiDynamicComponentMapper#mapToEntityFromMap(org.hibernate.envers.boot.internal.EnversService, java.lang.Object, java.util.Map, java.lang.Object, org.hibernate.envers.internal.reader.AuditReaderImplementor, java.lang.Number)#5 &amp; ComponentPropertyMapper#mapToEntityFromMap(org.hibernate.envers.boot.internal.EnversService, java.lang.Object, java.util.Map, java.lang.Object, org.hibernate.envers.internal.reader.AuditReaderImplementor, java.lang.Number)#5&quot;, &quot;obj := MultiDynamicComponentMapper#mapToEntityFromMap(org.hibernate.envers.boot.internal.EnversService, java.lang.Object, java.util.Map, java.lang.Object, org.hibernate.envers.internal.reader.AuditReaderImplementor, java.lang.Number)#1 &amp; ComponentPropertyMapper#mapToEntityFromMap(org.hibernate.envers.boot.internal.EnversService, java.lang.Object, java.util.Map, java.lang.Object, org.hibernate.envers.internal.reader.AuditReaderImplementor, java.lang.Number)#1&quot;, &quot;primaryKey := MultiDynamicComponentMapper#mapToEntityFromMap(org.hibernate.envers.boot.internal.EnversService, java.lang.Object, java.util.Map, java.lang.Object, org.hibernate.envers.internal.reader.AuditReaderImplementor, java.lang.Number)#3 &amp; ComponentPropertyMapper#mapToEntityFromMap(org.hibernate.envers.boot.internal.EnversService, java.lang.Object, java.util.Map, java.lang.Object, org.hibernate.envers.internal.reader.AuditReaderImplementor, java.lang.Number)#3&quot;, &quot;data := org.hibernate.envers.internal.entities.mapper.relation.component.MiddleEmbeddableComponentMapper#mapToObjectFromFullMap(org.hibernate.envers.internal.entities.EntityInstantiator, java.util.Map, java.lang.Object, java.lang.Number)#1 &amp; MultiDynamicComponentMapper#mapToEntityFromMap(org.hibernate.envers.boot.internal.EnversService, java.lang.Object, java.util.Map, java.lang.Object, org.hibernate.envers.internal.reader.AuditReaderImplementor, java.lang.Number)#2 &amp; ComponentPropertyMapper#mapToEntityFromMap(org.hibernate.envers.boot.internal.EnversService, java.lang.Object, java.util.Map, java.lang.Object, org.hibernate.envers.internal.reader.AuditReaderImplementor, java.lang.Number)#2&quot;, &quot;enversService := MultiDynamicComponentMapper#mapToEntityFromMap(org.hibernate.envers.boot.internal.EnversService, java.lang.Object, java.util.Map, java.lang.Object, org.hibernate.envers.internal.reader.AuditReaderImplementor, java.lang.Number)#0 &amp; ComponentPropertyMapper#mapToEntityFromMap(org.hibernate.envers.boot.internal.EnversService, java.lang.Object, java.util.Map, java.lang.Object, org.hibernate.envers.internal.reader.AuditReaderImplementor, java.lang.Number)#0&quot; }"/>
        </annotation>
    </item>
    <item name='org.hibernate.envers.internal.entities.mapper.PersistentCollectionChangeData'>
        <annotation name='com.intellij.inspections.tainted.annotation.equation.Equations'>
            <val val="{ &quot;PersistentCollectionChangeData := #PersistentCollectionChangeData(java.lang.String, java.util.Map, java.lang.Object)#0 &amp; #PersistentCollectionChangeData(java.lang.String, java.util.Map, java.lang.Object)#1 &amp; #PersistentCollectionChangeData(java.lang.String, java.util.Map, java.lang.Object)#2&quot; }"/>
        </annotation>
    </item>
    <item name='org.hibernate.envers.internal.entities.mapper.PersistentCollectionChangeData PersistentCollectionChangeData(java.lang.String, java.util.Map&lt;java.lang.String,java.lang.Object&gt;, java.lang.Object)'>
        <annotation name='com.intellij.inspections.tainted.annotation.equation.Equations'>
            <val val="{ &quot;entityName := &quot;, &quot;data := &quot;, &quot;changedElement := org.hibernate.envers.internal.entities.mapper.relation.AbstractCollectionMapper#addCollectionChanges(org.hibernate.engine.spi.SessionImplementor, java.util.List, java.util.Set, org.hibernate.envers.RevisionType, java.io.Serializable)#2&quot;, &quot;PersistentCollectionChangeData := PersistentCollectionChangeData&quot; }"/>
        </annotation>
    </item>
    <item name='org.hibernate.envers.internal.entities.mapper.PersistentCollectionChangeData java.lang.Object getChangedElement()'>
        <annotation name='com.intellij.inspections.tainted.annotation.equation.Equations'>
            <val val="{ &quot;getChangedElement := PersistentCollectionChangeData&quot; }"/>
        </annotation>
    </item>
    <item name='org.hibernate.envers.internal.entities.mapper.PersistentCollectionChangeData java.lang.Object getChangedElementIndex()'>
        <annotation name='com.intellij.inspections.tainted.annotation.equation.Equations'>
            <val val="{ &quot;getChangedElementIndex := &quot; }"/>
        </annotation>
    </item>
    <item name='org.hibernate.envers.internal.entities.mapper.PersistentCollectionChangeData java.lang.String getEntityName()'>
        <annotation name='com.intellij.inspections.tainted.annotation.equation.Equations'>
            <val val="{ &quot;getEntityName := PersistentCollectionChangeData&quot; }"/>
        </annotation>
    </item>
    <item name='org.hibernate.envers.internal.entities.mapper.PersistentCollectionChangeData java.util.Map&lt;java.lang.String,java.lang.Object&gt; getData()'>
        <annotation name='com.intellij.inspections.tainted.annotation.equation.Equations'>
            <val val="{ &quot;getData := PersistentCollectionChangeData&quot; }"/>
        </annotation>
    </item>
    <item name='org.hibernate.envers.internal.entities.mapper.PropertyMapper boolean mapToMapFromEntity(org.hibernate.engine.spi.SessionImplementor, java.util.Map&lt;java.lang.String,java.lang.Object&gt;, java.lang.Object, java.lang.Object)'>
        <annotation name='com.intellij.inspections.tainted.annotation.equation.Equations'>
            <val val="{ &quot;oldObj := org.hibernate.envers.internal.entities.mapper.relation.AbstractToOneMapper#mapToMapFromEntity(org.hibernate.engine.spi.SessionImplementor, java.util.Map, java.lang.Object, java.lang.Object)#3 &amp; org.hibernate.envers.internal.entities.mapper.relation.AbstractCollectionMapper#mapToMapFromEntity(org.hibernate.engine.spi.SessionImplementor, java.util.Map, java.lang.Object, java.lang.Object)#3 &amp; SinglePropertyMapper#mapToMapFromEntity(org.hibernate.engine.spi.SessionImplementor, java.util.Map, java.lang.Object, java.lang.Object)#3 &amp; MultiPropertyMapper#mapToMapFromEntity(org.hibernate.engine.spi.SessionImplementor, java.util.Map, java.lang.Object, java.lang.Object)#3 &amp; SubclassPropertyMapper#mapToMapFromEntity(org.hibernate.engine.spi.SessionImplementor, java.util.Map, java.lang.Object, java.lang.Object)#3 &amp; ComponentPropertyMapper#mapToMapFromEntity(org.hibernate.engine.spi.SessionImplementor, java.util.Map, java.lang.Object, java.lang.Object)#3 &amp; org.hibernate.envers.internal.synchronization.work.CollectionChangeWorkUnit&quot;, &quot;newObj := org.hibernate.envers.internal.entities.mapper.relation.AbstractToOneMapper#mapToMapFromEntity(org.hibernate.engine.spi.SessionImplementor, java.util.Map, java.lang.Object, java.lang.Object)#2 &amp; org.hibernate.envers.internal.entities.mapper.relation.AbstractCollectionMapper#mapToMapFromEntity(org.hibernate.engine.spi.SessionImplementor, java.util.Map, java.lang.Object, java.lang.Object)#2 &amp; SinglePropertyMapper#mapToMapFromEntity(org.hibernate.engine.spi.SessionImplementor, java.util.Map, java.lang.Object, java.lang.Object)#2 &amp; MultiPropertyMapper#mapToMapFromEntity(org.hibernate.engine.spi.SessionImplementor, java.util.Map, java.lang.Object, java.lang.Object)#2 &amp; SubclassPropertyMapper#mapToMapFromEntity(org.hibernate.engine.spi.SessionImplementor, java.util.Map, java.lang.Object, java.lang.Object)#2 &amp; ComponentPropertyMapper#mapToMapFromEntity(org.hibernate.engine.spi.SessionImplementor, java.util.Map, java.lang.Object, java.lang.Object)#2 &amp; org.hibernate.envers.internal.synchronization.work.CollectionChangeWorkUnit &amp; org.hibernate.envers.internal.synchronization.work.FakeBidirectionalRelationWorkUnit.FakeRelationChange&quot;, &quot;data := org.hibernate.envers.internal.entities.mapper.relation.AbstractToOneMapper#mapToMapFromEntity(org.hibernate.engine.spi.SessionImplementor, java.util.Map, java.lang.Object, java.lang.Object)#1 &amp; org.hibernate.envers.internal.entities.mapper.relation.AbstractCollectionMapper#mapToMapFromEntity(org.hibernate.engine.spi.SessionImplementor, java.util.Map, java.lang.Object, java.lang.Object)#1 &amp; SinglePropertyMapper#mapToMapFromEntity(org.hibernate.engine.spi.SessionImplementor, java.util.Map, java.lang.Object, java.lang.Object)#1 &amp; MultiPropertyMapper#mapToMapFromEntity(org.hibernate.engine.spi.SessionImplementor, java.util.Map, java.lang.Object, java.lang.Object)#1 &amp; SubclassPropertyMapper#mapToMapFromEntity(org.hibernate.engine.spi.SessionImplementor, java.util.Map, java.lang.Object, java.lang.Object)#1 &amp; ComponentPropertyMapper#mapToMapFromEntity(org.hibernate.engine.spi.SessionImplementor, java.util.Map, java.lang.Object, java.lang.Object)#1 &amp; org.hibernate.envers.internal.synchronization.work.CollectionChangeWorkUnit &amp; org.hibernate.envers.internal.synchronization.work.FakeBidirectionalRelationWorkUnit.FakeRelationChange#generateData(org.hibernate.engine.spi.SessionImplementor, java.util.Map)#1&quot;, &quot;session := org.hibernate.envers.internal.entities.mapper.relation.AbstractToOneMapper#mapToMapFromEntity(org.hibernate.engine.spi.SessionImplementor, java.util.Map, java.lang.Object, java.lang.Object)#0 &amp; org.hibernate.envers.internal.entities.mapper.relation.AbstractCollectionMapper#mapToMapFromEntity(org.hibernate.engine.spi.SessionImplementor, java.util.Map, java.lang.Object, java.lang.Object)#0 &amp; SinglePropertyMapper#mapToMapFromEntity(org.hibernate.engine.spi.SessionImplementor, java.util.Map, java.lang.Object, java.lang.Object)#0 &amp; MultiPropertyMapper#mapToMapFromEntity(org.hibernate.engine.spi.SessionImplementor, java.util.Map, java.lang.Object, java.lang.Object)#0 &amp; SubclassPropertyMapper#mapToMapFromEntity(org.hibernate.engine.spi.SessionImplementor, java.util.Map, java.lang.Object, java.lang.Object)#0 &amp; ComponentPropertyMapper#mapToMapFromEntity(org.hibernate.engine.spi.SessionImplementor, java.util.Map, java.lang.Object, java.lang.Object)#0 &amp; org.hibernate.envers.internal.synchronization.work.CollectionChangeWorkUnit &amp; org.hibernate.envers.internal.synchronization.work.FakeBidirectionalRelationWorkUnit.FakeRelationChange#generateData(org.hibernate.engine.spi.SessionImplementor, java.util.Map)#0&quot; }"/>
        </annotation>
    </item>
    <item name='org.hibernate.envers.internal.entities.mapper.PropertyMapper java.util.List&lt;org.hibernate.envers.internal.entities.mapper.PersistentCollectionChangeData&gt; mapCollectionChanges(org.hibernate.engine.spi.SessionImplementor, java.lang.String, org.hibernate.collection.spi.PersistentCollection, java.io.Serializable, java.io.Serializable)'>
        <annotation name='com.intellij.inspections.tainted.annotation.equation.Equations'>
            <val val="{ &quot;mapCollectionChanges := org.hibernate.envers.internal.entities.mapper.relation.AbstractToOneMapper#mapCollectionChanges(org.hibernate.engine.spi.SessionImplementor, java.lang.String, org.hibernate.collection.spi.PersistentCollection, java.io.Serializable, java.io.Serializable) &amp; org.hibernate.envers.internal.entities.mapper.relation.AbstractCollectionMapper#mapCollectionChanges(org.hibernate.engine.spi.SessionImplementor, java.lang.String, org.hibernate.collection.spi.PersistentCollection, java.io.Serializable, java.io.Serializable) &amp; SinglePropertyMapper#mapCollectionChanges(org.hibernate.engine.spi.SessionImplementor, java.lang.String, org.hibernate.collection.spi.PersistentCollection, java.io.Serializable, java.io.Serializable) &amp; SubclassPropertyMapper#mapCollectionChanges(org.hibernate.engine.spi.SessionImplementor, java.lang.String, org.hibernate.collection.spi.PersistentCollection, java.io.Serializable, java.io.Serializable) &amp; MultiPropertyMapper#mapCollectionChanges(org.hibernate.engine.spi.SessionImplementor, java.lang.String, org.hibernate.collection.spi.PersistentCollection, java.io.Serializable, java.io.Serializable) &amp; ComponentPropertyMapper#mapCollectionChanges(org.hibernate.engine.spi.SessionImplementor, java.lang.String, org.hibernate.collection.spi.PersistentCollection, java.io.Serializable, java.io.Serializable)&quot;, &quot;session := org.hibernate.envers.internal.entities.mapper.relation.AbstractToOneMapper#mapCollectionChanges(org.hibernate.engine.spi.SessionImplementor, java.lang.String, org.hibernate.collection.spi.PersistentCollection, java.io.Serializable, java.io.Serializable)#0 &amp; org.hibernate.envers.internal.entities.mapper.relation.AbstractCollectionMapper#mapCollectionChanges(org.hibernate.engine.spi.SessionImplementor, java.lang.String, org.hibernate.collection.spi.PersistentCollection, java.io.Serializable, java.io.Serializable)#0 &amp; SinglePropertyMapper#mapCollectionChanges(org.hibernate.engine.spi.SessionImplementor, java.lang.String, org.hibernate.collection.spi.PersistentCollection, java.io.Serializable, java.io.Serializable)#0 &amp; SubclassPropertyMapper#mapCollectionChanges(org.hibernate.engine.spi.SessionImplementor, java.lang.String, org.hibernate.collection.spi.PersistentCollection, java.io.Serializable, java.io.Serializable)#0 &amp; MultiPropertyMapper#mapCollectionChanges(org.hibernate.engine.spi.SessionImplementor, java.lang.String, org.hibernate.collection.spi.PersistentCollection, java.io.Serializable, java.io.Serializable)#0 &amp; ComponentPropertyMapper#mapCollectionChanges(org.hibernate.engine.spi.SessionImplementor, java.lang.String, org.hibernate.collection.spi.PersistentCollection, java.io.Serializable, java.io.Serializable)#0 &amp; org.hibernate.envers.internal.synchronization.work.PersistentCollectionChangeWorkUnit#PersistentCollectionChangeWorkUnit(org.hibernate.engine.spi.SessionImplementor, java.lang.String, org.hibernate.envers.boot.internal.EnversService, org.hibernate.collection.spi.PersistentCollection, org.hibernate.engine.spi.CollectionEntry, java.io.Serializable, java.io.Serializable, java.lang.String)#0&quot;, &quot;newColl := org.hibernate.envers.event.spi.BaseEnversCollectionEventListener#generateFakeBidirecationalRelationWorkUnits(org.hibernate.envers.internal.synchronization.AuditProcess, org.hibernate.collection.spi.PersistentCollection, java.io.Serializable, java.lang.String, java.lang.String, org.hibernate.event.spi.AbstractCollectionEvent, org.hibernate.envers.internal.entities.RelationDescription)#1 &amp; org.hibernate.envers.internal.entities.mapper.relation.AbstractToOneMapper#mapCollectionChanges(org.hibernate.engine.spi.SessionImplementor, java.lang.String, org.hibernate.collection.spi.PersistentCollection, java.io.Serializable, java.io.Serializable)#2 &amp; org.hibernate.envers.internal.entities.mapper.relation.AbstractCollectionMapper#mapCollectionChanges(org.hibernate.engine.spi.SessionImplementor, java.lang.String, org.hibernate.collection.spi.PersistentCollection, java.io.Serializable, java.io.Serializable)#2 &amp; SinglePropertyMapper#mapCollectionChanges(org.hibernate.engine.spi.SessionImplementor, java.lang.String, org.hibernate.collection.spi.PersistentCollection, java.io.Serializable, java.io.Serializable)#2 &amp; SubclassPropertyMapper#mapCollectionChanges(org.hibernate.engine.spi.SessionImplementor, java.lang.String, org.hibernate.collection.spi.PersistentCollection, java.io.Serializable, java.io.Serializable)#2 &amp; MultiPropertyMapper#mapCollectionChanges(org.hibernate.engine.spi.SessionImplementor, java.lang.String, org.hibernate.collection.spi.PersistentCollection, java.io.Serializable, java.io.Serializable)#2 &amp; ComponentPropertyMapper#mapCollectionChanges(org.hibernate.engine.spi.SessionImplementor, java.lang.String, org.hibernate.collection.spi.PersistentCollection, java.io.Serializable, java.io.Serializable)#2 &amp; org.hibernate.envers.internal.synchronization.work.PersistentCollectionChangeWorkUnit#PersistentCollectionChangeWorkUnit(org.hibernate.engine.spi.SessionImplementor, java.lang.String, org.hibernate.envers.boot.internal.EnversService, org.hibernate.collection.spi.PersistentCollection, org.hibernate.engine.spi.CollectionEntry, java.io.Serializable, java.io.Serializable, java.lang.String)#3&quot;, &quot;oldColl := org.hibernate.envers.event.spi.BaseEnversCollectionEventListener#generateFakeBidirecationalRelationWorkUnits(org.hibernate.envers.internal.synchronization.AuditProcess, org.hibernate.collection.spi.PersistentCollection, java.io.Serializable, java.lang.String, java.lang.String, org.hibernate.event.spi.AbstractCollectionEvent, org.hibernate.envers.internal.entities.RelationDescription)#2 &amp; org.hibernate.envers.internal.entities.mapper.relation.AbstractToOneMapper#mapCollectionChanges(org.hibernate.engine.spi.SessionImplementor, java.lang.String, org.hibernate.collection.spi.PersistentCollection, java.io.Serializable, java.io.Serializable)#3 &amp; org.hibernate.envers.internal.entities.mapper.relation.AbstractCollectionMapper#mapCollectionChanges(org.hibernate.engine.spi.SessionImplementor, java.lang.String, org.hibernate.collection.spi.PersistentCollection, java.io.Serializable, java.io.Serializable)#3 &amp; SinglePropertyMapper#mapCollectionChanges(org.hibernate.engine.spi.SessionImplementor, java.lang.String, org.hibernate.collection.spi.PersistentCollection, java.io.Serializable, java.io.Serializable)#3 &amp; SubclassPropertyMapper#mapCollectionChanges(org.hibernate.engine.spi.SessionImplementor, java.lang.String, org.hibernate.collection.spi.PersistentCollection, java.io.Serializable, java.io.Serializable)#3 &amp; MultiPropertyMapper#mapCollectionChanges(org.hibernate.engine.spi.SessionImplementor, java.lang.String, org.hibernate.collection.spi.PersistentCollection, java.io.Serializable, java.io.Serializable)#3 &amp; ComponentPropertyMapper#mapCollectionChanges(org.hibernate.engine.spi.SessionImplementor, java.lang.String, org.hibernate.collection.spi.PersistentCollection, java.io.Serializable, java.io.Serializable)#3 &amp; org.hibernate.envers.internal.synchronization.work.PersistentCollectionChangeWorkUnit#PersistentCollectionChangeWorkUnit(org.hibernate.engine.spi.SessionImplementor, java.lang.String, org.hibernate.envers.boot.internal.EnversService, org.hibernate.collection.spi.PersistentCollection, org.hibernate.engine.spi.CollectionEntry, java.io.Serializable, java.io.Serializable, java.lang.String)#5&quot;, &quot;id := org.hibernate.envers.internal.entities.mapper.relation.AbstractToOneMapper#mapCollectionChanges(org.hibernate.engine.spi.SessionImplementor, java.lang.String, org.hibernate.collection.spi.PersistentCollection, java.io.Serializable, java.io.Serializable)#4 &amp; org.hibernate.envers.internal.entities.mapper.relation.AbstractCollectionMapper#mapCollectionChanges(org.hibernate.engine.spi.SessionImplementor, java.lang.String, org.hibernate.collection.spi.PersistentCollection, java.io.Serializable, java.io.Serializable)#4 &amp; SinglePropertyMapper#mapCollectionChanges(org.hibernate.engine.spi.SessionImplementor, java.lang.String, org.hibernate.collection.spi.PersistentCollection, java.io.Serializable, java.io.Serializable)#4 &amp; SubclassPropertyMapper#mapCollectionChanges(org.hibernate.engine.spi.SessionImplementor, java.lang.String, org.hibernate.collection.spi.PersistentCollection, java.io.Serializable, java.io.Serializable)#4 &amp; MultiPropertyMapper#mapCollectionChanges(org.hibernate.engine.spi.SessionImplementor, java.lang.String, org.hibernate.collection.spi.PersistentCollection, java.io.Serializable, java.io.Serializable)#4 &amp; ComponentPropertyMapper#mapCollectionChanges(org.hibernate.engine.spi.SessionImplementor, java.lang.String, org.hibernate.collection.spi.PersistentCollection, java.io.Serializable, java.io.Serializable)#4 &amp; org.hibernate.envers.internal.synchronization.work.PersistentCollectionChangeWorkUnit#PersistentCollectionChangeWorkUnit(org.hibernate.engine.spi.SessionImplementor, java.lang.String, org.hibernate.envers.boot.internal.EnversService, org.hibernate.collection.spi.PersistentCollection, org.hibernate.engine.spi.CollectionEntry, java.io.Serializable, java.io.Serializable, java.lang.String)#6&quot;, &quot;referencingPropertyName := org.hibernate.envers.event.spi.BaseEnversCollectionEventListener#generateFakeBidirecationalRelationWorkUnits(org.hibernate.envers.internal.synchronization.AuditProcess, org.hibernate.collection.spi.PersistentCollection, java.io.Serializable, java.lang.String, java.lang.String, org.hibernate.event.spi.AbstractCollectionEvent, org.hibernate.envers.internal.entities.RelationDescription)#4 &amp; org.hibernate.envers.internal.entities.mapper.relation.AbstractToOneMapper#mapCollectionChanges(org.hibernate.engine.spi.SessionImplementor, java.lang.String, org.hibernate.collection.spi.PersistentCollection, java.io.Serializable, java.io.Serializable)#1 &amp; org.hibernate.envers.internal.entities.mapper.relation.AbstractCollectionMapper#mapCollectionChanges(org.hibernate.engine.spi.SessionImplementor, java.lang.String, org.hibernate.collection.spi.PersistentCollection, java.io.Serializable, java.io.Serializable)#1 &amp; SinglePropertyMapper#mapCollectionChanges(org.hibernate.engine.spi.SessionImplementor, java.lang.String, org.hibernate.collection.spi.PersistentCollection, java.io.Serializable, java.io.Serializable)#1 &amp; SubclassPropertyMapper#mapCollectionChanges(org.hibernate.engine.spi.SessionImplementor, java.lang.String, org.hibernate.collection.spi.PersistentCollection, java.io.Serializable, java.io.Serializable)#1 &amp; MultiPropertyMapper#mapCollectionChanges(org.hibernate.engine.spi.SessionImplementor, java.lang.String, org.hibernate.collection.spi.PersistentCollection, java.io.Serializable, java.io.Serializable)#1 &amp; ComponentPropertyMapper#mapCollectionChanges(org.hibernate.engine.spi.SessionImplementor, java.lang.String, org.hibernate.collection.spi.PersistentCollection, java.io.Serializable, java.io.Serializable)#1 &amp; org.hibernate.envers.internal.synchronization.work.PersistentCollectionChangeWorkUnit#PersistentCollectionChangeWorkUnit(org.hibernate.engine.spi.SessionImplementor, java.lang.String, org.hibernate.envers.boot.internal.EnversService, org.hibernate.collection.spi.PersistentCollection, org.hibernate.engine.spi.CollectionEntry, java.io.Serializable, java.io.Serializable, java.lang.String)#7&quot; }"/>
        </annotation>
    </item>
    <item name='org.hibernate.envers.internal.entities.mapper.PropertyMapper void mapModifiedFlagsToMapForCollectionChange(java.lang.String, java.util.Map&lt;java.lang.String,java.lang.Object&gt;)'>
        <annotation name='com.intellij.inspections.tainted.annotation.equation.Equations'>
            <val val="{ &quot;data := org.hibernate.envers.internal.entities.mapper.relation.ToOneIdMapper#mapModifiedFlagsToMapForCollectionChange(java.lang.String, java.util.Map)#1 &amp; org.hibernate.envers.internal.entities.mapper.relation.AbstractOneToOneMapper#mapModifiedFlagsToMapForCollectionChange(java.lang.String, java.util.Map)#1 &amp; org.hibernate.envers.internal.entities.mapper.relation.AbstractCollectionMapper#mapModifiedFlagsToMapForCollectionChange(java.lang.String, java.util.Map)#1 &amp; SinglePropertyMapper#mapModifiedFlagsToMapForCollectionChange(java.lang.String, java.util.Map)#1 &amp; SubclassPropertyMapper#mapModifiedFlagsToMapForCollectionChange(java.lang.String, java.util.Map)#1 &amp; MultiPropertyMapper#mapModifiedFlagsToMapForCollectionChange(java.lang.String, java.util.Map)#1 &amp; ComponentPropertyMapper#mapModifiedFlagsToMapForCollectionChange(java.lang.String, java.util.Map)#1 &amp; org.hibernate.envers.internal.synchronization.work.CollectionChangeWorkUnit &amp; org.hibernate.envers.internal.synchronization.work.CollectionChangeWorkUnit#mergeCollectionModifiedData(java.util.Map)#0&quot;, &quot;collectionPropertyName := org.hibernate.envers.internal.entities.mapper.relation.ToOneIdMapper#mapModifiedFlagsToMapForCollectionChange(java.lang.String, java.util.Map)#0 &amp; org.hibernate.envers.internal.entities.mapper.relation.AbstractOneToOneMapper#mapModifiedFlagsToMapForCollectionChange(java.lang.String, java.util.Map)#0 &amp; org.hibernate.envers.internal.entities.mapper.relation.AbstractCollectionMapper#mapModifiedFlagsToMapForCollectionChange(java.lang.String, java.util.Map)#0 &amp; SinglePropertyMapper#mapModifiedFlagsToMapForCollectionChange(java.lang.String, java.util.Map)#0 &amp; SubclassPropertyMapper#mapModifiedFlagsToMapForCollectionChange(java.lang.String, java.util.Map)#0 &amp; MultiPropertyMapper#mapModifiedFlagsToMapForCollectionChange(java.lang.String, java.util.Map)#0 &amp; ComponentPropertyMapper#mapModifiedFlagsToMapForCollectionChange(java.lang.String, java.util.Map)#0 &amp; org.hibernate.envers.internal.synchronization.work.CollectionChangeWorkUnit&quot; }"/>
        </annotation>
    </item>
    <item name='org.hibernate.envers.internal.entities.mapper.PropertyMapper void mapModifiedFlagsToMapFromEntity(org.hibernate.engine.spi.SessionImplementor, java.util.Map&lt;java.lang.String,java.lang.Object&gt;, java.lang.Object, java.lang.Object)'>
        <annotation name='com.intellij.inspections.tainted.annotation.equation.Equations'>
            <val val="{ &quot;newObj := org.hibernate.envers.internal.entities.mapper.relation.ToOneIdMapper#mapModifiedFlagsToMapFromEntity(org.hibernate.engine.spi.SessionImplementor, java.util.Map, java.lang.Object, java.lang.Object)#2 &amp; org.hibernate.envers.internal.entities.mapper.relation.AbstractOneToOneMapper#mapModifiedFlagsToMapFromEntity(org.hibernate.engine.spi.SessionImplementor, java.util.Map, java.lang.Object, java.lang.Object)#2 &amp; org.hibernate.envers.internal.entities.mapper.relation.AbstractCollectionMapper#mapModifiedFlagsToMapFromEntity(org.hibernate.engine.spi.SessionImplementor, java.util.Map, java.lang.Object, java.lang.Object)#2 &amp; SinglePropertyMapper#mapModifiedFlagsToMapFromEntity(org.hibernate.engine.spi.SessionImplementor, java.util.Map, java.lang.Object, java.lang.Object)#2 &amp; SubclassPropertyMapper#mapModifiedFlagsToMapFromEntity(org.hibernate.engine.spi.SessionImplementor, java.util.Map, java.lang.Object, java.lang.Object)#2 &amp; MultiPropertyMapper#mapModifiedFlagsToMapFromEntity(org.hibernate.engine.spi.SessionImplementor, java.util.Map, java.lang.Object, java.lang.Object)#2 &amp; ComponentPropertyMapper#mapModifiedFlagsToMapFromEntity(org.hibernate.engine.spi.SessionImplementor, java.util.Map, java.lang.Object, java.lang.Object)#2 &amp; org.hibernate.envers.internal.synchronization.work.CollectionChangeWorkUnit &amp; org.hibernate.envers.internal.synchronization.work.FakeBidirectionalRelationWorkUnit.FakeRelationChange&quot;, &quot;data := org.hibernate.envers.internal.entities.mapper.relation.ToOneIdMapper#mapModifiedFlagsToMapFromEntity(org.hibernate.engine.spi.SessionImplementor, java.util.Map, java.lang.Object, java.lang.Object)#1 &amp; org.hibernate.envers.internal.entities.mapper.relation.AbstractOneToOneMapper#mapModifiedFlagsToMapFromEntity(org.hibernate.engine.spi.SessionImplementor, java.util.Map, java.lang.Object, java.lang.Object)#1 &amp; org.hibernate.envers.internal.entities.mapper.relation.AbstractCollectionMapper#mapModifiedFlagsToMapFromEntity(org.hibernate.engine.spi.SessionImplementor, java.util.Map, java.lang.Object, java.lang.Object)#1 &amp; SinglePropertyMapper#mapModifiedFlagsToMapFromEntity(org.hibernate.engine.spi.SessionImplementor, java.util.Map, java.lang.Object, java.lang.Object)#1 &amp; MultiPropertyMapper#map(org.hibernate.engine.spi.SessionImplementor, java.util.Map, java.lang.String[], java.lang.Object[], java.lang.Object[])#1 &amp; SubclassPropertyMapper#mapModifiedFlagsToMapFromEntity(org.hibernate.engine.spi.SessionImplementor, java.util.Map, java.lang.Object, java.lang.Object)#1 &amp; MultiPropertyMapper#mapModifiedFlagsToMapFromEntity(org.hibernate.engine.spi.SessionImplementor, java.util.Map, java.lang.Object, java.lang.Object)#1 &amp; ComponentPropertyMapper#mapModifiedFlagsToMapFromEntity(org.hibernate.engine.spi.SessionImplementor, java.util.Map, java.lang.Object, java.lang.Object)#1 &amp; MultiDynamicComponentMapper#map(org.hibernate.engine.spi.SessionImplementor, java.util.Map, java.lang.String[], java.lang.Object[], java.lang.Object[])#1 &amp; MultiDynamicComponentMapper#mapModifiedFlagsToMapFromEntity(org.hibernate.engine.spi.SessionImplementor, java.util.Map, java.lang.Object, java.lang.Object)#1 &amp; org.hibernate.envers.internal.synchronization.work.CollectionChangeWorkUnit &amp; org.hibernate.envers.internal.synchronization.work.FakeBidirectionalRelationWorkUnit.FakeRelationChange#generateData(org.hibernate.engine.spi.SessionImplementor, java.util.Map)#1&quot;, &quot;oldObj := org.hibernate.envers.internal.entities.mapper.relation.ToOneIdMapper#mapModifiedFlagsToMapFromEntity(org.hibernate.engine.spi.SessionImplementor, java.util.Map, java.lang.Object, java.lang.Object)#3 &amp; org.hibernate.envers.internal.entities.mapper.relation.AbstractOneToOneMapper#mapModifiedFlagsToMapFromEntity(org.hibernate.engine.spi.SessionImplementor, java.util.Map, java.lang.Object, java.lang.Object)#3 &amp; org.hibernate.envers.internal.entities.mapper.relation.AbstractCollectionMapper#mapModifiedFlagsToMapFromEntity(org.hibernate.engine.spi.SessionImplementor, java.util.Map, java.lang.Object, java.lang.Object)#3 &amp; SinglePropertyMapper#mapModifiedFlagsToMapFromEntity(org.hibernate.engine.spi.SessionImplementor, java.util.Map, java.lang.Object, java.lang.Object)#3 &amp; SubclassPropertyMapper#mapModifiedFlagsToMapFromEntity(org.hibernate.engine.spi.SessionImplementor, java.util.Map, java.lang.Object, java.lang.Object)#3 &amp; MultiPropertyMapper#mapModifiedFlagsToMapFromEntity(org.hibernate.engine.spi.SessionImplementor, java.util.Map, java.lang.Object, java.lang.Object)#3 &amp; ComponentPropertyMapper#mapModifiedFlagsToMapFromEntity(org.hibernate.engine.spi.SessionImplementor, java.util.Map, java.lang.Object, java.lang.Object)#3 &amp; org.hibernate.envers.internal.synchronization.work.CollectionChangeWorkUnit&quot;, &quot;session := org.hibernate.envers.internal.entities.mapper.relation.ToOneIdMapper#mapModifiedFlagsToMapFromEntity(org.hibernate.engine.spi.SessionImplementor, java.util.Map, java.lang.Object, java.lang.Object)#0 &amp; org.hibernate.envers.internal.entities.mapper.relation.AbstractOneToOneMapper#mapModifiedFlagsToMapFromEntity(org.hibernate.engine.spi.SessionImplementor, java.util.Map, java.lang.Object, java.lang.Object)#0 &amp; org.hibernate.envers.internal.entities.mapper.relation.AbstractCollectionMapper#mapModifiedFlagsToMapFromEntity(org.hibernate.engine.spi.SessionImplementor, java.util.Map, java.lang.Object, java.lang.Object)#0 &amp; SinglePropertyMapper#mapModifiedFlagsToMapFromEntity(org.hibernate.engine.spi.SessionImplementor, java.util.Map, java.lang.Object, java.lang.Object)#0 &amp; MultiPropertyMapper#map(org.hibernate.engine.spi.SessionImplementor, java.util.Map, java.lang.String[], java.lang.Object[], java.lang.Object[])#0 &amp; SubclassPropertyMapper#mapModifiedFlagsToMapFromEntity(org.hibernate.engine.spi.SessionImplementor, java.util.Map, java.lang.Object, java.lang.Object)#0 &amp; MultiPropertyMapper#mapModifiedFlagsToMapFromEntity(org.hibernate.engine.spi.SessionImplementor, java.util.Map, java.lang.Object, java.lang.Object)#0 &amp; ComponentPropertyMapper#mapModifiedFlagsToMapFromEntity(org.hibernate.engine.spi.SessionImplementor, java.util.Map, java.lang.Object, java.lang.Object)#0 &amp; MultiDynamicComponentMapper#map(org.hibernate.engine.spi.SessionImplementor, java.util.Map, java.lang.String[], java.lang.Object[], java.lang.Object[])#0 &amp; MultiDynamicComponentMapper#mapModifiedFlagsToMapFromEntity(org.hibernate.engine.spi.SessionImplementor, java.util.Map, java.lang.Object, java.lang.Object)#0 &amp; org.hibernate.envers.internal.synchronization.work.CollectionChangeWorkUnit &amp; org.hibernate.envers.internal.synchronization.work.FakeBidirectionalRelationWorkUnit.FakeRelationChange#generateData(org.hibernate.engine.spi.SessionImplementor, java.util.Map)#0&quot; }"/>
        </annotation>
    </item>
    <item name='org.hibernate.envers.internal.entities.mapper.PropertyMapper void mapToEntityFromMap(org.hibernate.envers.boot.internal.EnversService, java.lang.Object, java.util.Map, java.lang.Object, org.hibernate.envers.internal.reader.AuditReaderImplementor, java.lang.Number)'>
        <annotation name='com.intellij.inspections.tainted.annotation.equation.Equations'>
            <val val="{ &quot;data := org.hibernate.envers.internal.entities.mapper.relation.AbstractToOneMapper#mapToEntityFromMap(org.hibernate.envers.boot.internal.EnversService, java.lang.Object, java.util.Map, java.lang.Object, org.hibernate.envers.internal.reader.AuditReaderImplementor, java.lang.Number)#2 &amp; SinglePropertyMapper#mapToEntityFromMap(org.hibernate.envers.boot.internal.EnversService, java.lang.Object, java.util.Map, java.lang.Object, org.hibernate.envers.internal.reader.AuditReaderImplementor, java.lang.Number)#2 &amp; org.hibernate.envers.internal.entities.mapper.relation.AbstractCollectionMapper#mapToEntityFromMap(org.hibernate.envers.boot.internal.EnversService, java.lang.Object, java.util.Map, java.lang.Object, org.hibernate.envers.internal.reader.AuditReaderImplementor, java.lang.Number)#2 &amp; MultiPropertyMapper#mapToEntityFromMap(org.hibernate.envers.boot.internal.EnversService, java.lang.Object, java.util.Map, java.lang.Object, org.hibernate.envers.internal.reader.AuditReaderImplementor, java.lang.Number)#2 &amp; SubclassPropertyMapper#mapToEntityFromMap(org.hibernate.envers.boot.internal.EnversService, java.lang.Object, java.util.Map, java.lang.Object, org.hibernate.envers.internal.reader.AuditReaderImplementor, java.lang.Number)#2 &amp; MultiDynamicComponentMapper#mapToEntityFromMap(org.hibernate.envers.boot.internal.EnversService, java.lang.Object, java.util.Map, java.lang.Object, org.hibernate.envers.internal.reader.AuditReaderImplementor, java.lang.Number)#2 &amp; ComponentPropertyMapper#mapToEntityFromMap(org.hibernate.envers.boot.internal.EnversService, java.lang.Object, java.util.Map, java.lang.Object, org.hibernate.envers.internal.reader.AuditReaderImplementor, java.lang.Number)#2 &amp; org.hibernate.envers.internal.entities.EntityInstantiator#createInstanceFromVersionsEntity(java.lang.String, java.util.Map, java.lang.Number)#1&quot;, &quot;revision := org.hibernate.envers.internal.entities.mapper.relation.AbstractToOneMapper#mapToEntityFromMap(org.hibernate.envers.boot.internal.EnversService, java.lang.Object, java.util.Map, java.lang.Object, org.hibernate.envers.internal.reader.AuditReaderImplementor, java.lang.Number)#5 &amp; SinglePropertyMapper#mapToEntityFromMap(org.hibernate.envers.boot.internal.EnversService, java.lang.Object, java.util.Map, java.lang.Object, org.hibernate.envers.internal.reader.AuditReaderImplementor, java.lang.Number)#5 &amp; org.hibernate.envers.internal.entities.mapper.relation.AbstractCollectionMapper#mapToEntityFromMap(org.hibernate.envers.boot.internal.EnversService, java.lang.Object, java.util.Map, java.lang.Object, org.hibernate.envers.internal.reader.AuditReaderImplementor, java.lang.Number)#5 &amp; MultiPropertyMapper#mapToEntityFromMap(org.hibernate.envers.boot.internal.EnversService, java.lang.Object, java.util.Map, java.lang.Object, org.hibernate.envers.internal.reader.AuditReaderImplementor, java.lang.Number)#5 &amp; SubclassPropertyMapper#mapToEntityFromMap(org.hibernate.envers.boot.internal.EnversService, java.lang.Object, java.util.Map, java.lang.Object, org.hibernate.envers.internal.reader.AuditReaderImplementor, java.lang.Number)#5 &amp; MultiDynamicComponentMapper#mapToEntityFromMap(org.hibernate.envers.boot.internal.EnversService, java.lang.Object, java.util.Map, java.lang.Object, org.hibernate.envers.internal.reader.AuditReaderImplementor, java.lang.Number)#5 &amp; ComponentPropertyMapper#mapToEntityFromMap(org.hibernate.envers.boot.internal.EnversService, java.lang.Object, java.util.Map, java.lang.Object, org.hibernate.envers.internal.reader.AuditReaderImplementor, java.lang.Number)#5 &amp; org.hibernate.envers.internal.entities.EntityInstantiator#createInstanceFromVersionsEntity(java.lang.String, java.util.Map, java.lang.Number)#2&quot;, &quot;obj := org.hibernate.envers.internal.entities.mapper.relation.AbstractToOneMapper#mapToEntityFromMap(org.hibernate.envers.boot.internal.EnversService, java.lang.Object, java.util.Map, java.lang.Object, org.hibernate.envers.internal.reader.AuditReaderImplementor, java.lang.Number)#1 &amp; SinglePropertyMapper#mapToEntityFromMap(org.hibernate.envers.boot.internal.EnversService, java.lang.Object, java.util.Map, java.lang.Object, org.hibernate.envers.internal.reader.AuditReaderImplementor, java.lang.Number)#1 &amp; org.hibernate.envers.internal.entities.mapper.relation.AbstractCollectionMapper#mapToEntityFromMap(org.hibernate.envers.boot.internal.EnversService, java.lang.Object, java.util.Map, java.lang.Object, org.hibernate.envers.internal.reader.AuditReaderImplementor, java.lang.Number)#1 &amp; MultiPropertyMapper#mapToEntityFromMap(org.hibernate.envers.boot.internal.EnversService, java.lang.Object, java.util.Map, java.lang.Object, org.hibernate.envers.internal.reader.AuditReaderImplementor, java.lang.Number)#1 &amp; SubclassPropertyMapper#mapToEntityFromMap(org.hibernate.envers.boot.internal.EnversService, java.lang.Object, java.util.Map, java.lang.Object, org.hibernate.envers.internal.reader.AuditReaderImplementor, java.lang.Number)#1 &amp; MultiDynamicComponentMapper#mapToEntityFromMap(org.hibernate.envers.boot.internal.EnversService, java.lang.Object, java.util.Map, java.lang.Object, org.hibernate.envers.internal.reader.AuditReaderImplementor, java.lang.Number)#1 &amp; ComponentPropertyMapper#mapToEntityFromMap(org.hibernate.envers.boot.internal.EnversService, java.lang.Object, java.util.Map, java.lang.Object, org.hibernate.envers.internal.reader.AuditReaderImplementor, java.lang.Number)#1&quot;, &quot;versionsReader := org.hibernate.envers.internal.entities.mapper.relation.AbstractToOneMapper#mapToEntityFromMap(org.hibernate.envers.boot.internal.EnversService, java.lang.Object, java.util.Map, java.lang.Object, org.hibernate.envers.internal.reader.AuditReaderImplementor, java.lang.Number)#4 &amp; SinglePropertyMapper#mapToEntityFromMap(org.hibernate.envers.boot.internal.EnversService, java.lang.Object, java.util.Map, java.lang.Object, org.hibernate.envers.internal.reader.AuditReaderImplementor, java.lang.Number)#4 &amp; org.hibernate.envers.internal.entities.mapper.relation.AbstractCollectionMapper#mapToEntityFromMap(org.hibernate.envers.boot.internal.EnversService, java.lang.Object, java.util.Map, java.lang.Object, org.hibernate.envers.internal.reader.AuditReaderImplementor, java.lang.Number)#4 &amp; MultiPropertyMapper#mapToEntityFromMap(org.hibernate.envers.boot.internal.EnversService, java.lang.Object, java.util.Map, java.lang.Object, org.hibernate.envers.internal.reader.AuditReaderImplementor, java.lang.Number)#4 &amp; SubclassPropertyMapper#mapToEntityFromMap(org.hibernate.envers.boot.internal.EnversService, java.lang.Object, java.util.Map, java.lang.Object, org.hibernate.envers.internal.reader.AuditReaderImplementor, java.lang.Number)#4 &amp; MultiDynamicComponentMapper#mapToEntityFromMap(org.hibernate.envers.boot.internal.EnversService, java.lang.Object, java.util.Map, java.lang.Object, org.hibernate.envers.internal.reader.AuditReaderImplementor, java.lang.Number)#4 &amp; ComponentPropertyMapper#mapToEntityFromMap(org.hibernate.envers.boot.internal.EnversService, java.lang.Object, java.util.Map, java.lang.Object, org.hibernate.envers.internal.reader.AuditReaderImplementor, java.lang.Number)#4 &amp; org.hibernate.envers.internal.entities.EntityInstantiator&quot;, &quot;enversService := org.hibernate.envers.internal.entities.mapper.relation.AbstractToOneMapper#mapToEntityFromMap(org.hibernate.envers.boot.internal.EnversService, java.lang.Object, java.util.Map, java.lang.Object, org.hibernate.envers.internal.reader.AuditReaderImplementor, java.lang.Number)#0 &amp; SinglePropertyMapper#mapToEntityFromMap(org.hibernate.envers.boot.internal.EnversService, java.lang.Object, java.util.Map, java.lang.Object, org.hibernate.envers.internal.reader.AuditReaderImplementor, java.lang.Number)#0 &amp; org.hibernate.envers.internal.entities.mapper.relation.AbstractCollectionMapper#mapToEntityFromMap(org.hibernate.envers.boot.internal.EnversService, java.lang.Object, java.util.Map, java.lang.Object, org.hibernate.envers.internal.reader.AuditReaderImplementor, java.lang.Number)#0 &amp; MultiPropertyMapper#mapToEntityFromMap(org.hibernate.envers.boot.internal.EnversService, java.lang.Object, java.util.Map, java.lang.Object, org.hibernate.envers.internal.reader.AuditReaderImplementor, java.lang.Number)#0 &amp; SubclassPropertyMapper#mapToEntityFromMap(org.hibernate.envers.boot.internal.EnversService, java.lang.Object, java.util.Map, java.lang.Object, org.hibernate.envers.internal.reader.AuditReaderImplementor, java.lang.Number)#0 &amp; MultiDynamicComponentMapper#mapToEntityFromMap(org.hibernate.envers.boot.internal.EnversService, java.lang.Object, java.util.Map, java.lang.Object, org.hibernate.envers.internal.reader.AuditReaderImplementor, java.lang.Number)#0 &amp; ComponentPropertyMapper#mapToEntityFromMap(org.hibernate.envers.boot.internal.EnversService, java.lang.Object, java.util.Map, java.lang.Object, org.hibernate.envers.internal.reader.AuditReaderImplementor, java.lang.Number)#0 &amp; org.hibernate.envers.internal.entities.EntityInstantiator&quot;, &quot;primaryKey := org.hibernate.envers.internal.entities.mapper.relation.AbstractToOneMapper#mapToEntityFromMap(org.hibernate.envers.boot.internal.EnversService, java.lang.Object, java.util.Map, java.lang.Object, org.hibernate.envers.internal.reader.AuditReaderImplementor, java.lang.Number)#3 &amp; SinglePropertyMapper#mapToEntityFromMap(org.hibernate.envers.boot.internal.EnversService, java.lang.Object, java.util.Map, java.lang.Object, org.hibernate.envers.internal.reader.AuditReaderImplementor, java.lang.Number)#3 &amp; org.hibernate.envers.internal.entities.mapper.relation.AbstractCollectionMapper#mapToEntityFromMap(org.hibernate.envers.boot.internal.EnversService, java.lang.Object, java.util.Map, java.lang.Object, org.hibernate.envers.internal.reader.AuditReaderImplementor, java.lang.Number)#3 &amp; MultiPropertyMapper#mapToEntityFromMap(org.hibernate.envers.boot.internal.EnversService, java.lang.Object, java.util.Map, java.lang.Object, org.hibernate.envers.internal.reader.AuditReaderImplementor, java.lang.Number)#3 &amp; SubclassPropertyMapper#mapToEntityFromMap(org.hibernate.envers.boot.internal.EnversService, java.lang.Object, java.util.Map, java.lang.Object, org.hibernate.envers.internal.reader.AuditReaderImplementor, java.lang.Number)#3 &amp; MultiDynamicComponentMapper#mapToEntityFromMap(org.hibernate.envers.boot.internal.EnversService, java.lang.Object, java.util.Map, java.lang.Object, org.hibernate.envers.internal.reader.AuditReaderImplementor, java.lang.Number)#3 &amp; ComponentPropertyMapper#mapToEntityFromMap(org.hibernate.envers.boot.internal.EnversService, java.lang.Object, java.util.Map, java.lang.Object, org.hibernate.envers.internal.reader.AuditReaderImplementor, java.lang.Number)#3&quot; }"/>
        </annotation>
    </item>
    <item name='org.hibernate.envers.internal.entities.mapper.SimpleMapperBuilder void add(org.hibernate.envers.internal.entities.PropertyData)'>
        <annotation name='com.intellij.inspections.tainted.annotation.equation.Equations'>
            <val val="{ &quot;propertyData := org.hibernate.envers.internal.entities.mapper.id.SingleIdMapper#add(org.hibernate.envers.internal.entities.PropertyData)#0 &amp; org.hibernate.envers.internal.entities.mapper.id.MultipleIdMapper#add(org.hibernate.envers.internal.entities.PropertyData)#0 &amp; org.hibernate.envers.internal.entities.mapper.id.AbstractCompositeIdMapper#add(org.hibernate.envers.internal.entities.PropertyData)#0 &amp; org.hibernate.envers.internal.entities.mapper.relation.component.MiddleEmbeddableComponentMapper#add(org.hibernate.envers.internal.entities.PropertyData)#0 &amp; SinglePropertyMapper#add(org.hibernate.envers.internal.entities.PropertyData)#0 &amp; MultiPropertyMapper#add(org.hibernate.envers.internal.entities.PropertyData)#0 &amp; ComponentPropertyMapper#add(org.hibernate.envers.internal.entities.PropertyData)#0 &amp; SubclassPropertyMapper#add(org.hibernate.envers.internal.entities.PropertyData)#0&quot; }"/>
        </annotation>
    </item>
    <item name='org.hibernate.envers.internal.entities.mapper.SinglePropertyMapper'>
        <annotation name='com.intellij.inspections.tainted.annotation.equation.Equations'>
            <val val="{ &quot;SinglePropertyMapper := #SinglePropertyMapper(org.hibernate.envers.internal.entities.PropertyData)#0 &amp; #add(org.hibernate.envers.internal.entities.PropertyData)#0&quot; }"/>
        </annotation>
    </item>
    <item name='org.hibernate.envers.internal.entities.mapper.SinglePropertyMapper SinglePropertyMapper()'>
        <annotation name='com.intellij.inspections.tainted.annotation.equation.Equations'>
            <val val="{ &quot;SinglePropertyMapper := SinglePropertyMapper&quot; }"/>
        </annotation>
    </item>
    <item name='org.hibernate.envers.internal.entities.mapper.SinglePropertyMapper SinglePropertyMapper(org.hibernate.envers.internal.entities.PropertyData)'>
        <annotation name='com.intellij.inspections.tainted.annotation.equation.Equations'>
            <val val="{ &quot;SinglePropertyMapper := SinglePropertyMapper&quot;, &quot;propertyData := &quot; }"/>
        </annotation>
    </item>
    <item name='org.hibernate.envers.internal.entities.mapper.SinglePropertyMapper void add(org.hibernate.envers.internal.entities.PropertyData)'>
        <annotation name='com.intellij.inspections.tainted.annotation.equation.Equations'>
            <val val="{ &quot;propertyData := MultiPropertyMapper#add(org.hibernate.envers.internal.entities.PropertyData)#0 &amp; MultiDynamicComponentMapper#add(org.hibernate.envers.internal.entities.PropertyData)#0&quot; }"/>
        </annotation>
    </item>
    <item name='org.hibernate.envers.internal.entities.mapper.SubclassPropertyMapper'>
        <annotation name='com.intellij.inspections.tainted.annotation.equation.Equations'>
            <val val="{ &quot;SubclassPropertyMapper := #SubclassPropertyMapper(org.hibernate.envers.internal.entities.mapper.ExtendedPropertyMapper, org.hibernate.envers.internal.entities.mapper.ExtendedPropertyMapper)#0 &amp; #SubclassPropertyMapper(org.hibernate.envers.internal.entities.mapper.ExtendedPropertyMapper, org.hibernate.envers.internal.entities.mapper.ExtendedPropertyMapper)#1&quot; }"/>
        </annotation>
    </item>
    <item name='org.hibernate.envers.internal.entities.mapper.SubclassPropertyMapper SubclassPropertyMapper(org.hibernate.envers.internal.entities.mapper.ExtendedPropertyMapper, org.hibernate.envers.internal.entities.mapper.ExtendedPropertyMapper)'>
        <annotation name='com.intellij.inspections.tainted.annotation.equation.Equations'>
            <val val="{ &quot;parentMapper := &quot;, &quot;main := &quot;, &quot;SubclassPropertyMapper := SubclassPropertyMapper&quot; }"/>
        </annotation>
    </item>
    <item name='org.hibernate.envers.internal.entities.mapper.SubclassPropertyMapper java.util.List&lt;org.hibernate.envers.internal.entities.mapper.PersistentCollectionChangeData&gt; mapCollectionChanges(org.hibernate.engine.spi.SessionImplementor, java.lang.String, org.hibernate.collection.spi.PersistentCollection, java.io.Serializable, java.io.Serializable)'>
        <annotation name='com.intellij.inspections.tainted.annotation.equation.Equations'>
            <val val="{ &quot;mapCollectionChanges := &quot; }"/>
        </annotation>
    </item>
    <item name='org.hibernate.envers.internal.entities.mapper.SubclassPropertyMapper java.util.Map&lt;org.hibernate.envers.internal.entities.PropertyData,org.hibernate.envers.internal.entities.mapper.PropertyMapper&gt; getProperties()'>
        <annotation name='com.intellij.inspections.tainted.annotation.equation.Equations'>
            <val val="{ &quot;getProperties := &quot; }"/>
        </annotation>
    </item>
    <item name='org.hibernate.envers.internal.entities.mapper.SubclassPropertyMapper org.hibernate.envers.internal.entities.mapper.CompositeMapperBuilder addComponent(org.hibernate.envers.internal.entities.PropertyData, java.lang.Class)'>
        <annotation name='com.intellij.inspections.tainted.annotation.equation.Equations'>
            <val val="{ &quot;addComponent := &quot; }"/>
        </annotation>
    </item>
</root>