<root>
    <item name='sun.awt.AWTAccessor.AWTEventAccessor boolean isSystemGenerated(java.awt.AWTEvent)'>
        <annotation name='com.intellij.inspections.tainted.annotation.equation.Equations'>
            <val val="{ &quot;awtEvent := &quot; }"/>
        </annotation>
    </item>
    <item name='sun.awt.AWTAccessor.AWTEventAccessor byte[] getBData(java.awt.AWTEvent)'>
        <annotation name='com.intellij.inspections.tainted.annotation.equation.Equations'>
            <val val="{ &quot;awtEvent := &quot;, &quot;getBData := &quot; }"/>
        </annotation>
    </item>
    <item name='sun.awt.AWTAccessor.AWTEventAccessor java.security.AccessControlContext getAccessControlContext(java.awt.AWTEvent)'>
        <annotation name='com.intellij.inspections.tainted.annotation.equation.Equations'>
            <val val="{ &quot;getAccessControlContext := &quot;, &quot;awtEvent := &quot; }"/>
        </annotation>
    </item>
    <item name='sun.awt.AWTAccessor.AWTEventAccessor void setBData(java.awt.AWTEvent, byte[])'>
        <annotation name='com.intellij.inspections.tainted.annotation.equation.Equations'>
            <val val="{ &quot;awtEvent := &quot;, &quot;bytes := &quot; }"/>
        </annotation>
    </item>
    <item name='sun.awt.AWTAccessor.AWTEventAccessor void setPosted(java.awt.AWTEvent)'>
        <annotation name='com.intellij.inspections.tainted.annotation.equation.Equations'>
            <val val="{ &quot;awtEvent := &quot; }"/>
        </annotation>
    </item>
    <item name='sun.awt.AWTAccessor.AWTEventAccessor void setSystemGenerated(java.awt.AWTEvent)'>
        <annotation name='com.intellij.inspections.tainted.annotation.equation.Equations'>
            <val val="{ &quot;awtEvent := &quot; }"/>
        </annotation>
    </item>
    <item name='sun.awt.AWTAccessor.AccessibleContextAccessor sun.awt.AppContext getAppContext(javax.accessibility.AccessibleContext)'>
        <annotation name='com.intellij.inspections.tainted.annotation.equation.Equations'>
            <val val="{ &quot;accessibleContext := &quot;, &quot;getAppContext := &quot; }"/>
        </annotation>
    </item>
    <item name='sun.awt.AWTAccessor.AccessibleContextAccessor void setAppContext(javax.accessibility.AccessibleContext, sun.awt.AppContext)'>
        <annotation name='com.intellij.inspections.tainted.annotation.equation.Equations'>
            <val val="{ &quot;appContext := &quot;, &quot;accessibleContext := &quot; }"/>
        </annotation>
    </item>
    <item name='sun.awt.AWTAccessor.CheckboxMenuItemAccessor boolean getState(java.awt.CheckboxMenuItem)'>
        <annotation name='com.intellij.inspections.tainted.annotation.equation.Equations'>
            <val val="{ &quot;checkboxMenuItem := &quot; }"/>
        </annotation>
    </item>
    <item name='sun.awt.AWTAccessor.ClientPropertyKeyAccessor java.lang.Object getJComponent_TRANSFER_HANDLER()'>
        <annotation name='com.intellij.inspections.tainted.annotation.equation.Equations'>
            <val val="{ &quot;getJComponent_TRANSFER_HANDLER := &quot; }"/>
        </annotation>
    </item>
    <item name='sun.awt.AWTAccessor.ComponentAccessor boolean canBeFocusOwner(java.awt.Component)'>
        <annotation name='com.intellij.inspections.tainted.annotation.equation.Equations'>
            <val val="{ &quot;component := &quot; }"/>
        </annotation>
    </item>
    <item name='sun.awt.AWTAccessor.ComponentAccessor boolean getBackgroundEraseDisabled(java.awt.Component)'>
        <annotation name='com.intellij.inspections.tainted.annotation.equation.Equations'>
            <val val="{ &quot;component := &quot; }"/>
        </annotation>
    </item>
    <item name='sun.awt.AWTAccessor.ComponentAccessor boolean getIgnoreRepaint(java.awt.Component)'>
        <annotation name='com.intellij.inspections.tainted.annotation.equation.Equations'>
            <val val="{ &quot;component := &quot; }"/>
        </annotation>
    </item>
    <item name='sun.awt.AWTAccessor.ComponentAccessor boolean isDisplayable(java.awt.Component)'>
        <annotation name='com.intellij.inspections.tainted.annotation.equation.Equations'>
            <val val="{ &quot;component := &quot; }"/>
        </annotation>
    </item>
    <item name='sun.awt.AWTAccessor.ComponentAccessor boolean isEnabled(java.awt.Component)'>
        <annotation name='com.intellij.inspections.tainted.annotation.equation.Equations'>
            <val val="{ &quot;component := &quot; }"/>
        </annotation>
    </item>
    <item name='sun.awt.AWTAccessor.ComponentAccessor boolean isLightweight(java.awt.Component)'>
        <annotation name='com.intellij.inspections.tainted.annotation.equation.Equations'>
            <val val="{ &quot;component := &quot; }"/>
        </annotation>
    </item>
    <item name='sun.awt.AWTAccessor.ComponentAccessor boolean isVisible(java.awt.Component)'>
        <annotation name='com.intellij.inspections.tainted.annotation.equation.Equations'>
            <val val="{ &quot;component := &quot; }"/>
        </annotation>
    </item>
    <item name='sun.awt.AWTAccessor.ComponentAccessor boolean requestFocus(java.awt.Component, sun.awt.CausedFocusEvent.Cause)'>
        <annotation name='com.intellij.inspections.tainted.annotation.equation.Equations'>
            <val val="{ &quot;cause := &quot;, &quot;component := &quot; }"/>
        </annotation>
    </item>
    <item name='sun.awt.AWTAccessor.ComponentAccessor int getHeight(java.awt.Component)'>
        <annotation name='com.intellij.inspections.tainted.annotation.equation.Equations'>
            <val val="{ &quot;component := &quot;, &quot;getHeight := &quot; }"/>
        </annotation>
    </item>
    <item name='sun.awt.AWTAccessor.ComponentAccessor int getWidth(java.awt.Component)'>
        <annotation name='com.intellij.inspections.tainted.annotation.equation.Equations'>
            <val val="{ &quot;getWidth := &quot;, &quot;component := &quot; }"/>
        </annotation>
    </item>
    <item name='sun.awt.AWTAccessor.ComponentAccessor int getX(java.awt.Component)'>
        <annotation name='com.intellij.inspections.tainted.annotation.equation.Equations'>
            <val val="{ &quot;component := &quot;, &quot;getX := &quot; }"/>
        </annotation>
    </item>
    <item name='sun.awt.AWTAccessor.ComponentAccessor int getY(java.awt.Component)'>
        <annotation name='com.intellij.inspections.tainted.annotation.equation.Equations'>
            <val val="{ &quot;component := &quot;, &quot;getY := &quot; }"/>
        </annotation>
    </item>
    <item name='sun.awt.AWTAccessor.ComponentAccessor java.awt.Color getBackground(java.awt.Component)'>
        <annotation name='com.intellij.inspections.tainted.annotation.equation.Equations'>
            <val val="{ &quot;getBackground := &quot;, &quot;component := &quot; }"/>
        </annotation>
    </item>
    <item name='sun.awt.AWTAccessor.ComponentAccessor java.awt.Color getForeground(java.awt.Component)'>
        <annotation name='com.intellij.inspections.tainted.annotation.equation.Equations'>
            <val val="{ &quot;component := &quot;, &quot;getForeground := &quot; }"/>
        </annotation>
    </item>
    <item name='sun.awt.AWTAccessor.ComponentAccessor java.awt.Container getParent(java.awt.Component)'>
        <annotation name='com.intellij.inspections.tainted.annotation.equation.Equations'>
            <val val="{ &quot;component := &quot;, &quot;getParent := &quot; }"/>
        </annotation>
    </item>
    <item name='sun.awt.AWTAccessor.ComponentAccessor java.awt.Cursor getCursor(java.awt.Component)'>
        <annotation name='com.intellij.inspections.tainted.annotation.equation.Equations'>
            <val val="{ &quot;getCursor := &quot;, &quot;component := &quot; }"/>
        </annotation>
    </item>
    <item name='sun.awt.AWTAccessor.ComponentAccessor java.awt.Font getFont(java.awt.Component)'>
        <annotation name='com.intellij.inspections.tainted.annotation.equation.Equations'>
            <val val="{ &quot;component := &quot;, &quot;getFont := &quot; }"/>
        </annotation>
    </item>
    <item name='sun.awt.AWTAccessor.ComponentAccessor java.awt.Point getLocation(java.awt.Component)'>
        <annotation name='com.intellij.inspections.tainted.annotation.equation.Equations'>
            <val val="{ &quot;getLocation := &quot;, &quot;component := &quot; }"/>
        </annotation>
    </item>
    <item name='sun.awt.AWTAccessor.ComponentAccessor java.awt.Rectangle getBounds(java.awt.Component)'>
        <annotation name='com.intellij.inspections.tainted.annotation.equation.Equations'>
            <val val="{ &quot;getBounds := &quot;, &quot;component := &quot; }"/>
        </annotation>
    </item>
    <item name='sun.awt.AWTAccessor.ComponentAccessor java.awt.peer.ComponentPeer getPeer(java.awt.Component)'>
        <annotation name='com.intellij.inspections.tainted.annotation.equation.Equations'>
            <val val="{ &quot;getPeer := &quot;, &quot;component := &quot; }"/>
        </annotation>
    </item>
    <item name='sun.awt.AWTAccessor.ComponentAccessor java.security.AccessControlContext getAccessControlContext(java.awt.Component)'>
        <annotation name='com.intellij.inspections.tainted.annotation.equation.Equations'>
            <val val="{ &quot;getAccessControlContext := &quot;, &quot;component := &quot; }"/>
        </annotation>
    </item>
    <item name='sun.awt.AWTAccessor.ComponentAccessor sun.awt.AppContext getAppContext(java.awt.Component)'>
        <annotation name='com.intellij.inspections.tainted.annotation.equation.Equations'>
            <val val="{ &quot;component := &quot;, &quot;getAppContext := &quot; }"/>
        </annotation>
    </item>
    <item name='sun.awt.AWTAccessor.ComponentAccessor void processEvent(java.awt.Component, java.awt.AWTEvent)'>
        <annotation name='com.intellij.inspections.tainted.annotation.equation.Equations'>
            <val val="{ &quot;awtEvent := &quot;, &quot;component := &quot; }"/>
        </annotation>
    </item>
    <item name='sun.awt.AWTAccessor.ComponentAccessor void revalidateSynchronously(java.awt.Component)'>
        <annotation name='com.intellij.inspections.tainted.annotation.equation.Equations'>
            <val val="{ &quot;component := &quot; }"/>
        </annotation>
    </item>
    <item name='sun.awt.AWTAccessor.ComponentAccessor void setAppContext(java.awt.Component, sun.awt.AppContext)'>
        <annotation name='com.intellij.inspections.tainted.annotation.equation.Equations'>
            <val val="{ &quot;component := &quot;, &quot;appContext := &quot; }"/>
        </annotation>
    </item>
    <item name='sun.awt.AWTAccessor.ComponentAccessor void setBackground(java.awt.Component, java.awt.Color)'>
        <annotation name='com.intellij.inspections.tainted.annotation.equation.Equations'>
            <val val="{ &quot;color := &quot;, &quot;component := &quot; }"/>
        </annotation>
    </item>
    <item name='sun.awt.AWTAccessor.ComponentAccessor void setBackgroundEraseDisabled(java.awt.Component, boolean)'>
        <annotation name='com.intellij.inspections.tainted.annotation.equation.Equations'>
            <val val="{ &quot;component := &quot; }"/>
        </annotation>
    </item>
    <item name='sun.awt.AWTAccessor.ComponentAccessor void setGraphicsConfiguration(java.awt.Component, java.awt.GraphicsConfiguration)'>
        <annotation name='com.intellij.inspections.tainted.annotation.equation.Equations'>
            <val val="{ &quot;graphicsConfiguration := &quot;, &quot;component := &quot; }"/>
        </annotation>
    </item>
    <item name='sun.awt.AWTAccessor.ComponentAccessor void setLocation(java.awt.Component, int, int)'>
        <annotation name='com.intellij.inspections.tainted.annotation.equation.Equations'>
            <val val="{ &quot;i1 := &quot;, &quot;component := &quot;, &quot;i := &quot; }"/>
        </annotation>
    </item>
    <item name='sun.awt.AWTAccessor.ComponentAccessor void setMixingCutoutShape(java.awt.Component, java.awt.Shape)'>
        <annotation name='com.intellij.inspections.tainted.annotation.equation.Equations'>
            <val val="{ &quot;shape := &quot;, &quot;component := &quot; }"/>
        </annotation>
    </item>
    <item name='sun.awt.AWTAccessor.ComponentAccessor void setParent(java.awt.Component, java.awt.Container)'>
        <annotation name='com.intellij.inspections.tainted.annotation.equation.Equations'>
            <val val="{ &quot;container := &quot;, &quot;component := &quot; }"/>
        </annotation>
    </item>
    <item name='sun.awt.AWTAccessor.ComponentAccessor void setPeer(java.awt.Component, java.awt.peer.ComponentPeer)'>
        <annotation name='com.intellij.inspections.tainted.annotation.equation.Equations'>
            <val val="{ &quot;component := &quot;, &quot;componentPeer := &quot; }"/>
        </annotation>
    </item>
    <item name='sun.awt.AWTAccessor.ComponentAccessor void setRequestFocusController(sun.awt.RequestFocusController)'>
        <annotation name='com.intellij.inspections.tainted.annotation.equation.Equations'>
            <val val="{ &quot;requestFocusController := &quot; }"/>
        </annotation>
    </item>
    <item name='sun.awt.AWTAccessor.ComponentAccessor void setSize(java.awt.Component, int, int)'>
        <annotation name='com.intellij.inspections.tainted.annotation.equation.Equations'>
            <val val="{ &quot;component := &quot;, &quot;i := &quot;, &quot;i1 := &quot; }"/>
        </annotation>
    </item>
    <item name='sun.awt.AWTAccessor.ContainerAccessor java.awt.Component findComponentAt(java.awt.Container, int, int, boolean)'>
        <annotation name='com.intellij.inspections.tainted.annotation.equation.Equations'>
            <val val="{ &quot;i1 := &quot;, &quot;findComponentAt := &quot;, &quot;i := &quot;, &quot;container := &quot; }"/>
        </annotation>
    </item>
    <item name='sun.awt.AWTAccessor.ContainerAccessor void validateUnconditionally(java.awt.Container)'>
        <annotation name='com.intellij.inspections.tainted.annotation.equation.Equations'>
            <val val="{ &quot;container := &quot; }"/>
        </annotation>
    </item>
    <item name='sun.awt.AWTAccessor.CursorAccessor int getType(java.awt.Cursor)'>
        <annotation name='com.intellij.inspections.tainted.annotation.equation.Equations'>
            <val val="{ &quot;cursor := &quot;, &quot;getType := &quot; }"/>
        </annotation>
    </item>
    <item name='sun.awt.AWTAccessor.CursorAccessor long getPData(java.awt.Cursor)'>
        <annotation name='com.intellij.inspections.tainted.annotation.equation.Equations'>
            <val val="{ &quot;getPData := &quot;, &quot;cursor := &quot; }"/>
        </annotation>
    </item>
    <item name='sun.awt.AWTAccessor.CursorAccessor void setPData(java.awt.Cursor, long)'>
        <annotation name='com.intellij.inspections.tainted.annotation.equation.Equations'>
            <val val="{ &quot;l := &quot;, &quot;cursor := &quot; }"/>
        </annotation>
    </item>
    <item name='sun.awt.AWTAccessor.DefaultKeyboardFocusManagerAccessor void consumeNextKeyTyped(java.awt.DefaultKeyboardFocusManager, java.awt.event.KeyEvent)'>
        <annotation name='com.intellij.inspections.tainted.annotation.equation.Equations'>
            <val val="{ &quot;keyEvent := &quot;, &quot;defaultKeyboardFocusManager := &quot; }"/>
        </annotation>
    </item>
    <item name='sun.awt.AWTAccessor.EventQueueAccessor boolean isDispatchThreadImpl(java.awt.EventQueue)'>
        <annotation name='com.intellij.inspections.tainted.annotation.equation.Equations'>
            <val val="{ &quot;eventQueue := &quot; }"/>
        </annotation>
    </item>
    <item name='sun.awt.AWTAccessor.EventQueueAccessor boolean noEvents(java.awt.EventQueue)'>
        <annotation name='com.intellij.inspections.tainted.annotation.equation.Equations'>
            <val val="{ &quot;eventQueue := &quot; }"/>
        </annotation>
    </item>
    <item name='sun.awt.AWTAccessor.EventQueueAccessor java.lang.Thread getDispatchThread(java.awt.EventQueue)'>
        <annotation name='com.intellij.inspections.tainted.annotation.equation.Equations'>
            <val val="{ &quot;getDispatchThread := &quot;, &quot;eventQueue := &quot; }"/>
        </annotation>
    </item>
    <item name='sun.awt.AWTAccessor.EventQueueAccessor long getMostRecentEventTime(java.awt.EventQueue)'>
        <annotation name='com.intellij.inspections.tainted.annotation.equation.Equations'>
            <val val="{ &quot;getMostRecentEventTime := &quot;, &quot;eventQueue := &quot; }"/>
        </annotation>
    </item>
    <item name='sun.awt.AWTAccessor.EventQueueAccessor void invokeAndWait(java.lang.Object, java.lang.Runnable)'>
        <annotation name='com.intellij.inspections.tainted.annotation.equation.Equations'>
            <val val="{ &quot;o := &quot;, &quot;runnable := &quot; }"/>
        </annotation>
    </item>
    <item name='sun.awt.AWTAccessor.EventQueueAccessor void removeSourceEvents(java.awt.EventQueue, java.lang.Object, boolean)'>
        <annotation name='com.intellij.inspections.tainted.annotation.equation.Equations'>
            <val val="{ &quot;o := &quot;, &quot;eventQueue := &quot; }"/>
        </annotation>
    </item>
    <item name='sun.awt.AWTAccessor.EventQueueAccessor void setFwDispatcher(java.awt.EventQueue, sun.awt.FwDispatcher)'>
        <annotation name='com.intellij.inspections.tainted.annotation.equation.Equations'>
            <val val="{ &quot;eventQueue := &quot;, &quot;fwDispatcher := &quot; }"/>
        </annotation>
    </item>
    <item name='sun.awt.AWTAccessor.EventQueueAccessor void wakeup(java.awt.EventQueue, boolean)'>
        <annotation name='com.intellij.inspections.tainted.annotation.equation.Equations'>
            <val val="{ &quot;eventQueue := &quot; }"/>
        </annotation>
    </item>
    <item name='sun.awt.AWTAccessor.FileDialogAccessor boolean isMultipleMode(java.awt.FileDialog)'>
        <annotation name='com.intellij.inspections.tainted.annotation.equation.Equations'>
            <val val="{ &quot;fileDialog := &quot; }"/>
        </annotation>
    </item>
    <item name='sun.awt.AWTAccessor.FileDialogAccessor void setDirectory(java.awt.FileDialog, java.lang.String)'>
        <annotation name='com.intellij.inspections.tainted.annotation.equation.Equations'>
            <val val="{ &quot;s := &quot;, &quot;fileDialog := &quot; }"/>
        </annotation>
    </item>
    <item name='sun.awt.AWTAccessor.FileDialogAccessor void setFile(java.awt.FileDialog, java.lang.String)'>
        <annotation name='com.intellij.inspections.tainted.annotation.equation.Equations'>
            <val val="{ &quot;s := &quot;, &quot;fileDialog := &quot; }"/>
        </annotation>
    </item>
    <item name='sun.awt.AWTAccessor.FileDialogAccessor void setFiles(java.awt.FileDialog, java.io.File[])'>
        <annotation name='com.intellij.inspections.tainted.annotation.equation.Equations'>
            <val val="{ &quot;fileDialog := &quot;, &quot;files := &quot; }"/>
        </annotation>
    </item>
    <item name='sun.awt.AWTAccessor.FrameAccessor int getExtendedState(java.awt.Frame)'>
        <annotation name='com.intellij.inspections.tainted.annotation.equation.Equations'>
            <val val="{ &quot;getExtendedState := &quot;, &quot;frame := &quot; }"/>
        </annotation>
    </item>
    <item name='sun.awt.AWTAccessor.FrameAccessor java.awt.Rectangle getMaximizedBounds(java.awt.Frame)'>
        <annotation name='com.intellij.inspections.tainted.annotation.equation.Equations'>
            <val val="{ &quot;frame := &quot;, &quot;getMaximizedBounds := &quot; }"/>
        </annotation>
    </item>
    <item name='sun.awt.AWTAccessor.FrameAccessor void setExtendedState(java.awt.Frame, int)'>
        <annotation name='com.intellij.inspections.tainted.annotation.equation.Equations'>
            <val val="{ &quot;frame := &quot;, &quot;i := &quot; }"/>
        </annotation>
    </item>
    <item name='sun.awt.AWTAccessor.InputEventAccessor int[] getButtonDownMasks()'>
        <annotation name='com.intellij.inspections.tainted.annotation.equation.Equations'>
            <val val="{ &quot;getButtonDownMasks := &quot; }"/>
        </annotation>
    </item>
    <item name='sun.awt.AWTAccessor.InvocationEventAccessor void dispose(java.awt.event.InvocationEvent)'>
        <annotation name='com.intellij.inspections.tainted.annotation.equation.Equations'>
            <val val="{ &quot;invocationEvent := &quot; }"/>
        </annotation>
    </item>
    <item name='sun.awt.AWTAccessor.KeyEventAccessor java.awt.Component getOriginalSource(java.awt.event.KeyEvent)'>
        <annotation name='com.intellij.inspections.tainted.annotation.equation.Equations'>
            <val val="{ &quot;keyEvent := &quot;, &quot;getOriginalSource := &quot; }"/>
        </annotation>
    </item>
    <item name='sun.awt.AWTAccessor.KeyEventAccessor void setExtendedKeyCode(java.awt.event.KeyEvent, long)'>
        <annotation name='com.intellij.inspections.tainted.annotation.equation.Equations'>
            <val val="{ &quot;keyEvent := &quot;, &quot;l := &quot; }"/>
        </annotation>
    </item>
    <item name='sun.awt.AWTAccessor.KeyEventAccessor void setPrimaryLevelUnicode(java.awt.event.KeyEvent, long)'>
        <annotation name='com.intellij.inspections.tainted.annotation.equation.Equations'>
            <val val="{ &quot;l := &quot;, &quot;keyEvent := &quot; }"/>
        </annotation>
    </item>
    <item name='sun.awt.AWTAccessor.KeyEventAccessor void setRawCode(java.awt.event.KeyEvent, long)'>
        <annotation name='com.intellij.inspections.tainted.annotation.equation.Equations'>
            <val val="{ &quot;l := &quot;, &quot;keyEvent := &quot; }"/>
        </annotation>
    </item>
    <item name='sun.awt.AWTAccessor.KeyboardFocusManagerAccessor boolean processSynchronousLightweightTransfer(java.awt.Component, java.awt.Component, boolean, boolean, long)'>
        <annotation name='com.intellij.inspections.tainted.annotation.equation.Equations'>
            <val val="{ &quot;component := &quot;, &quot;l := &quot;, &quot;component1 := &quot; }"/>
        </annotation>
    </item>
    <item name='sun.awt.AWTAccessor.KeyboardFocusManagerAccessor int shouldNativelyFocusHeavyweight(java.awt.Component, java.awt.Component, boolean, boolean, long, sun.awt.CausedFocusEvent.Cause)'>
        <annotation name='com.intellij.inspections.tainted.annotation.equation.Equations'>
            <val val="{ &quot;component1 := &quot;, &quot;shouldNativelyFocusHeavyweight := &quot;, &quot;l := &quot;, &quot;cause := &quot;, &quot;component := &quot; }"/>
        </annotation>
    </item>
    <item name='sun.awt.AWTAccessor.KeyboardFocusManagerAccessor java.awt.Container getCurrentFocusCycleRoot()'>
        <annotation name='com.intellij.inspections.tainted.annotation.equation.Equations'>
            <val val="{ &quot;getCurrentFocusCycleRoot := &quot; }"/>
        </annotation>
    </item>
    <item name='sun.awt.AWTAccessor.KeyboardFocusManagerAccessor java.awt.KeyboardFocusManager getCurrentKeyboardFocusManager(sun.awt.AppContext)'>
        <annotation name='com.intellij.inspections.tainted.annotation.equation.Equations'>
            <val val="{ &quot;getCurrentKeyboardFocusManager := &quot;, &quot;appContext := &quot; }"/>
        </annotation>
    </item>
    <item name='sun.awt.AWTAccessor.KeyboardFocusManagerAccessor void removeLastFocusRequest(java.awt.Component)'>
        <annotation name='com.intellij.inspections.tainted.annotation.equation.Equations'>
            <val val="{ &quot;component := &quot; }"/>
        </annotation>
    </item>
    <item name='sun.awt.AWTAccessor.KeyboardFocusManagerAccessor void setMostRecentFocusOwner(java.awt.Window, java.awt.Component)'>
        <annotation name='com.intellij.inspections.tainted.annotation.equation.Equations'>
            <val val="{ &quot;component := &quot;, &quot;window := &quot; }"/>
        </annotation>
    </item>
    <item name='sun.awt.AWTAccessor.MenuAccessor java.util.Vector getItems(java.awt.Menu)'>
        <annotation name='com.intellij.inspections.tainted.annotation.equation.Equations'>
            <val val="{ &quot;getItems := &quot;, &quot;menu := &quot; }"/>
        </annotation>
    </item>
    <item name='sun.awt.AWTAccessor.MenuBarAccessor java.awt.Menu getHelpMenu(java.awt.MenuBar)'>
        <annotation name='com.intellij.inspections.tainted.annotation.equation.Equations'>
            <val val="{ &quot;getHelpMenu := &quot;, &quot;menuBar := &quot; }"/>
        </annotation>
    </item>
    <item name='sun.awt.AWTAccessor.MenuBarAccessor java.util.Vector getMenus(java.awt.MenuBar)'>
        <annotation name='com.intellij.inspections.tainted.annotation.equation.Equations'>
            <val val="{ &quot;menuBar := &quot;, &quot;getMenus := &quot; }"/>
        </annotation>
    </item>
    <item name='sun.awt.AWTAccessor.MenuComponentAccessor T getPeer(java.awt.MenuComponent)'>
        <annotation name='com.intellij.inspections.tainted.annotation.equation.Equations'>
            <val val="{ &quot;menuComponent := &quot;, &quot;getPeer := &quot; }"/>
        </annotation>
    </item>
    <item name='sun.awt.AWTAccessor.MenuComponentAccessor java.awt.Font getFont_NoClientCode(java.awt.MenuComponent)'>
        <annotation name='com.intellij.inspections.tainted.annotation.equation.Equations'>
            <val val="{ &quot;getFont_NoClientCode := &quot;, &quot;menuComponent := &quot; }"/>
        </annotation>
    </item>
    <item name='sun.awt.AWTAccessor.MenuComponentAccessor java.awt.MenuContainer getParent(java.awt.MenuComponent)'>
        <annotation name='com.intellij.inspections.tainted.annotation.equation.Equations'>
            <val val="{ &quot;getParent := &quot;, &quot;menuComponent := &quot; }"/>
        </annotation>
    </item>
    <item name='sun.awt.AWTAccessor.MenuComponentAccessor sun.awt.AppContext getAppContext(java.awt.MenuComponent)'>
        <annotation name='com.intellij.inspections.tainted.annotation.equation.Equations'>
            <val val="{ &quot;menuComponent := &quot;, &quot;getAppContext := &quot; }"/>
        </annotation>
    </item>
    <item name='sun.awt.AWTAccessor.MenuComponentAccessor void setAppContext(java.awt.MenuComponent, sun.awt.AppContext)'>
        <annotation name='com.intellij.inspections.tainted.annotation.equation.Equations'>
            <val val="{ &quot;menuComponent := &quot;, &quot;appContext := &quot; }"/>
        </annotation>
    </item>
    <item name='sun.awt.AWTAccessor.MenuItemAccessor boolean isEnabled(java.awt.MenuItem)'>
        <annotation name='com.intellij.inspections.tainted.annotation.equation.Equations'>
            <val val="{ &quot;menuItem := &quot; }"/>
        </annotation>
    </item>
    <item name='sun.awt.AWTAccessor.MenuItemAccessor boolean isItemEnabled(java.awt.MenuItem)'>
        <annotation name='com.intellij.inspections.tainted.annotation.equation.Equations'>
            <val val="{ &quot;menuItem := &quot; }"/>
        </annotation>
    </item>
    <item name='sun.awt.AWTAccessor.MenuItemAccessor java.awt.MenuShortcut getShortcut(java.awt.MenuItem)'>
        <annotation name='com.intellij.inspections.tainted.annotation.equation.Equations'>
            <val val="{ &quot;menuItem := &quot;, &quot;getShortcut := &quot; }"/>
        </annotation>
    </item>
    <item name='sun.awt.AWTAccessor.MenuItemAccessor java.lang.String getActionCommandImpl(java.awt.MenuItem)'>
        <annotation name='com.intellij.inspections.tainted.annotation.equation.Equations'>
            <val val="{ &quot;getActionCommandImpl := &quot;, &quot;menuItem := &quot; }"/>
        </annotation>
    </item>
    <item name='sun.awt.AWTAccessor.MenuItemAccessor java.lang.String getLabel(java.awt.MenuItem)'>
        <annotation name='com.intellij.inspections.tainted.annotation.equation.Equations'>
            <val val="{ &quot;menuItem := &quot;, &quot;getLabel := &quot; }"/>
        </annotation>
    </item>
    <item name='sun.awt.AWTAccessor.PopupMenuAccessor boolean isTrayIconPopup(java.awt.PopupMenu)'>
        <annotation name='com.intellij.inspections.tainted.annotation.equation.Equations'>
            <val val="{ &quot;popupMenu := &quot; }"/>
        </annotation>
    </item>
    <item name='sun.awt.AWTAccessor.ScrollPaneAdjustableAccessor void setTypedValue(java.awt.ScrollPaneAdjustable, int, int)'>
        <annotation name='com.intellij.inspections.tainted.annotation.equation.Equations'>
            <val val="{ &quot;i := &quot;, &quot;i1 := &quot;, &quot;scrollPaneAdjustable := &quot; }"/>
        </annotation>
    </item>
    <item name='sun.awt.AWTAccessor.SequencedEventAccessor boolean isSequencedEvent(java.awt.AWTEvent)'>
        <annotation name='com.intellij.inspections.tainted.annotation.equation.Equations'>
            <val val="{ &quot;awtEvent := &quot; }"/>
        </annotation>
    </item>
    <item name='sun.awt.AWTAccessor.SequencedEventAccessor java.awt.AWTEvent getNested(java.awt.AWTEvent)'>
        <annotation name='com.intellij.inspections.tainted.annotation.equation.Equations'>
            <val val="{ &quot;getNested := &quot;, &quot;awtEvent := &quot; }"/>
        </annotation>
    </item>
    <item name='sun.awt.AWTAccessor.SystemTrayAccessor void firePropertyChange(java.awt.SystemTray, java.lang.String, java.lang.Object, java.lang.Object)'>
        <annotation name='com.intellij.inspections.tainted.annotation.equation.Equations'>
            <val val="{ &quot;s := &quot;, &quot;systemTray := &quot;, &quot;o1 := &quot;, &quot;o := &quot; }"/>
        </annotation>
    </item>
    <item name='sun.awt.AWTAccessor.ToolkitAccessor void setPlatformResources(java.util.ResourceBundle)'>
        <annotation name='com.intellij.inspections.tainted.annotation.equation.Equations'>
            <val val="{ &quot;resourceBundle := &quot; }"/>
        </annotation>
    </item>
    <item name='sun.awt.AWTAccessor.TrayIconAccessor void addNotify(java.awt.TrayIcon)'>
        <annotation name='com.intellij.inspections.tainted.annotation.equation.Equations'>
            <val val="{ &quot;trayIcon := &quot; }"/>
        </annotation>
    </item>
    <item name='sun.awt.AWTAccessor.TrayIconAccessor void removeNotify(java.awt.TrayIcon)'>
        <annotation name='com.intellij.inspections.tainted.annotation.equation.Equations'>
            <val val="{ &quot;trayIcon := &quot; }"/>
        </annotation>
    </item>
    <item name='sun.awt.AWTAccessor.WindowAccessor boolean isAutoRequestFocus(java.awt.Window)'>
        <annotation name='com.intellij.inspections.tainted.annotation.equation.Equations'>
            <val val="{ &quot;window := &quot; }"/>
        </annotation>
    </item>
    <item name='sun.awt.AWTAccessor.WindowAccessor boolean isTrayIconWindow(java.awt.Window)'>
        <annotation name='com.intellij.inspections.tainted.annotation.equation.Equations'>
            <val val="{ &quot;window := &quot; }"/>
        </annotation>
    </item>
    <item name='sun.awt.AWTAccessor.WindowAccessor float getOpacity(java.awt.Window)'>
        <annotation name='com.intellij.inspections.tainted.annotation.equation.Equations'>
            <val val="{ &quot;window := &quot;, &quot;getOpacity := &quot; }"/>
        </annotation>
    </item>
    <item name='sun.awt.AWTAccessor.WindowAccessor java.awt.Dimension getSecurityWarningSize(java.awt.Window)'>
        <annotation name='com.intellij.inspections.tainted.annotation.equation.Equations'>
            <val val="{ &quot;window := &quot;, &quot;getSecurityWarningSize := &quot; }"/>
        </annotation>
    </item>
    <item name='sun.awt.AWTAccessor.WindowAccessor java.awt.Shape getShape(java.awt.Window)'>
        <annotation name='com.intellij.inspections.tainted.annotation.equation.Equations'>
            <val val="{ &quot;window := &quot;, &quot;getShape := &quot; }"/>
        </annotation>
    </item>
    <item name='sun.awt.AWTAccessor.WindowAccessor java.awt.Window[] getOwnedWindows(java.awt.Window)'>
        <annotation name='com.intellij.inspections.tainted.annotation.equation.Equations'>
            <val val="{ &quot;getOwnedWindows := &quot;, &quot;window := &quot; }"/>
        </annotation>
    </item>
    <item name='sun.awt.AWTAccessor.WindowAccessor java.awt.geom.Point2D calculateSecurityWarningPosition(java.awt.Window, double, double, double, double)'>
        <annotation name='com.intellij.inspections.tainted.annotation.equation.Equations'>
            <val val="{ &quot;v2 := &quot;, &quot;v3 := &quot;, &quot;calculateSecurityWarningPosition := &quot;, &quot;v := &quot;, &quot;window := &quot;, &quot;v1 := &quot; }"/>
        </annotation>
    </item>
    <item name='sun.awt.AWTAccessor.WindowAccessor void setLWRequestStatus(java.awt.Window, boolean)'>
        <annotation name='com.intellij.inspections.tainted.annotation.equation.Equations'>
            <val val="{ &quot;window := &quot; }"/>
        </annotation>
    </item>
    <item name='sun.awt.AWTAccessor.WindowAccessor void setOpacity(java.awt.Window, float)'>
        <annotation name='com.intellij.inspections.tainted.annotation.equation.Equations'>
            <val val="{ &quot;window := &quot;, &quot;v := &quot; }"/>
        </annotation>
    </item>
    <item name='sun.awt.AWTAccessor.WindowAccessor void setOpaque(java.awt.Window, boolean)'>
        <annotation name='com.intellij.inspections.tainted.annotation.equation.Equations'>
            <val val="{ &quot;window := &quot; }"/>
        </annotation>
    </item>
    <item name='sun.awt.AWTAccessor.WindowAccessor void setSecurityWarningPosition(java.awt.Window, java.awt.geom.Point2D, float, float)'>
        <annotation name='com.intellij.inspections.tainted.annotation.equation.Equations'>
            <val val="{ &quot;v1 := &quot;, &quot;window := &quot;, &quot;point2D := &quot;, &quot;v := &quot; }"/>
        </annotation>
    </item>
    <item name='sun.awt.AWTAccessor.WindowAccessor void setSecurityWarningSize(java.awt.Window, int, int)'>
        <annotation name='com.intellij.inspections.tainted.annotation.equation.Equations'>
            <val val="{ &quot;window := &quot;, &quot;i := &quot;, &quot;i1 := &quot; }"/>
        </annotation>
    </item>
    <item name='sun.awt.AWTAccessor.WindowAccessor void setShape(java.awt.Window, java.awt.Shape)'>
        <annotation name='com.intellij.inspections.tainted.annotation.equation.Equations'>
            <val val="{ &quot;shape := &quot;, &quot;window := &quot; }"/>
        </annotation>
    </item>
    <item name='sun.awt.AWTAccessor.WindowAccessor void setTrayIconWindow(java.awt.Window, boolean)'>
        <annotation name='com.intellij.inspections.tainted.annotation.equation.Equations'>
            <val val="{ &quot;window := &quot; }"/>
        </annotation>
    </item>
    <item name='sun.awt.AWTAccessor.WindowAccessor void updateWindow(java.awt.Window)'>
        <annotation name='com.intellij.inspections.tainted.annotation.equation.Equations'>
            <val val="{ &quot;window := &quot; }"/>
        </annotation>
    </item>
    <item name='sun.awt.ComponentFactory java.awt.dnd.peer.DragSourceContextPeer createDragSourceContextPeer(java.awt.dnd.DragGestureEvent)'>
        <annotation name='com.intellij.inspections.tainted.annotation.equation.Equations'>
            <val val="{ &quot;dragGestureEvent := SunToolkit#createDragSourceContextPeer(java.awt.dnd.DragGestureEvent)#0 &amp; HeadlessToolkit#createDragSourceContextPeer(java.awt.dnd.DragGestureEvent)#0&quot;, &quot;createDragSourceContextPeer := SunToolkit#createDragSourceContextPeer(java.awt.dnd.DragGestureEvent) &amp; HeadlessToolkit#createDragSourceContextPeer(java.awt.dnd.DragGestureEvent)&quot; }"/>
        </annotation>
    </item>
    <item name='sun.awt.ComponentFactory java.awt.peer.ButtonPeer createButton(java.awt.Button)'>
        <annotation name='com.intellij.inspections.tainted.annotation.equation.Equations'>
            <val val="{ &quot;createButton := SunToolkit#createButton(java.awt.Button) &amp; HeadlessToolkit#createButton(java.awt.Button)&quot;, &quot;button := SunToolkit#createButton(java.awt.Button)#0 &amp; HeadlessToolkit#createButton(java.awt.Button)#0&quot; }"/>
        </annotation>
    </item>
    <item name='sun.awt.ComponentFactory java.awt.peer.CanvasPeer createCanvas(java.awt.Canvas)'>
        <annotation name='com.intellij.inspections.tainted.annotation.equation.Equations'>
            <val val="{ &quot;canvas := SunToolkit#createCanvas(java.awt.Canvas)#0 &amp; HeadlessToolkit#createCanvas(java.awt.Canvas)#0&quot;, &quot;createCanvas := SunToolkit#createCanvas(java.awt.Canvas) &amp; HeadlessToolkit#createCanvas(java.awt.Canvas)&quot; }"/>
        </annotation>
    </item>
    <item name='sun.awt.ComponentFactory java.awt.peer.CheckboxMenuItemPeer createCheckboxMenuItem(java.awt.CheckboxMenuItem)'>
        <annotation name='com.intellij.inspections.tainted.annotation.equation.Equations'>
            <val val="{ &quot;checkboxMenuItem := SunToolkit#createCheckboxMenuItem(java.awt.CheckboxMenuItem)#0 &amp; HeadlessToolkit#createCheckboxMenuItem(java.awt.CheckboxMenuItem)#0&quot;, &quot;createCheckboxMenuItem := SunToolkit#createCheckboxMenuItem(java.awt.CheckboxMenuItem) &amp; HeadlessToolkit#createCheckboxMenuItem(java.awt.CheckboxMenuItem)&quot; }"/>
        </annotation>
    </item>
    <item name='sun.awt.ComponentFactory java.awt.peer.CheckboxPeer createCheckbox(java.awt.Checkbox)'>
        <annotation name='com.intellij.inspections.tainted.annotation.equation.Equations'>
            <val val="{ &quot;createCheckbox := SunToolkit#createCheckbox(java.awt.Checkbox) &amp; HeadlessToolkit#createCheckbox(java.awt.Checkbox)&quot;, &quot;checkbox := SunToolkit#createCheckbox(java.awt.Checkbox)#0 &amp; HeadlessToolkit#createCheckbox(java.awt.Checkbox)#0&quot; }"/>
        </annotation>
    </item>
    <item name='sun.awt.ComponentFactory java.awt.peer.ChoicePeer createChoice(java.awt.Choice)'>
        <annotation name='com.intellij.inspections.tainted.annotation.equation.Equations'>
            <val val="{ &quot;createChoice := SunToolkit#createChoice(java.awt.Choice) &amp; HeadlessToolkit#createChoice(java.awt.Choice)&quot;, &quot;choice := SunToolkit#createChoice(java.awt.Choice)#0 &amp; HeadlessToolkit#createChoice(java.awt.Choice)#0&quot; }"/>
        </annotation>
    </item>
    <item name='sun.awt.ComponentFactory java.awt.peer.DialogPeer createDialog(java.awt.Dialog)'>
        <annotation name='com.intellij.inspections.tainted.annotation.equation.Equations'>
            <val val="{ &quot;createDialog := SunToolkit#createDialog(java.awt.Dialog) &amp; HeadlessToolkit#createDialog(java.awt.Dialog)&quot;, &quot;dialog := SunToolkit#createDialog(java.awt.Dialog)#0 &amp; HeadlessToolkit#createDialog(java.awt.Dialog)#0&quot; }"/>
        </annotation>
    </item>
    <item name='sun.awt.ComponentFactory java.awt.peer.FileDialogPeer createFileDialog(java.awt.FileDialog)'>
        <annotation name='com.intellij.inspections.tainted.annotation.equation.Equations'>
            <val val="{ &quot;createFileDialog := SunToolkit#createFileDialog(java.awt.FileDialog) &amp; HeadlessToolkit#createFileDialog(java.awt.FileDialog)&quot;, &quot;fileDialog := SunToolkit#createFileDialog(java.awt.FileDialog)#0 &amp; HeadlessToolkit#createFileDialog(java.awt.FileDialog)#0&quot; }"/>
        </annotation>
    </item>
    <item name='sun.awt.ComponentFactory java.awt.peer.FontPeer getFontPeer(java.lang.String, int)'>
        <annotation name='com.intellij.inspections.tainted.annotation.equation.Equations'>
            <val val="{ &quot;i := SunToolkit#getFontPeer(java.lang.String, int)#1 &amp; HeadlessToolkit#getFontPeer(java.lang.String, int)#1&quot;, &quot;getFontPeer := SunToolkit#getFontPeer(java.lang.String, int) &amp; HeadlessToolkit#getFontPeer(java.lang.String, int)&quot;, &quot;s := SunToolkit#getFontPeer(java.lang.String, int)#0 &amp; HeadlessToolkit#getFontPeer(java.lang.String, int)#0&quot; }"/>
        </annotation>
    </item>
    <item name='sun.awt.ComponentFactory java.awt.peer.FramePeer createFrame(java.awt.Frame)'>
        <annotation name='com.intellij.inspections.tainted.annotation.equation.Equations'>
            <val val="{ &quot;frame := SunToolkit#createFrame(java.awt.Frame)#0 &amp; HeadlessToolkit#createFrame(java.awt.Frame)#0&quot;, &quot;createFrame := SunToolkit#createFrame(java.awt.Frame) &amp; HeadlessToolkit#createFrame(java.awt.Frame)&quot; }"/>
        </annotation>
    </item>
    <item name='sun.awt.ComponentFactory java.awt.peer.LabelPeer createLabel(java.awt.Label)'>
        <annotation name='com.intellij.inspections.tainted.annotation.equation.Equations'>
            <val val="{ &quot;label := SunToolkit#createLabel(java.awt.Label)#0 &amp; HeadlessToolkit#createLabel(java.awt.Label)#0&quot;, &quot;createLabel := SunToolkit#createLabel(java.awt.Label) &amp; HeadlessToolkit#createLabel(java.awt.Label)&quot; }"/>
        </annotation>
    </item>
    <item name='sun.awt.ComponentFactory java.awt.peer.ListPeer createList(java.awt.List)'>
        <annotation name='com.intellij.inspections.tainted.annotation.equation.Equations'>
            <val val="{ &quot;createList := SunToolkit#createList(java.awt.List) &amp; HeadlessToolkit#createList(java.awt.List)&quot;, &quot;list := SunToolkit#createList(java.awt.List)#0 &amp; HeadlessToolkit#createList(java.awt.List)#0&quot; }"/>
        </annotation>
    </item>
    <item name='sun.awt.ComponentFactory java.awt.peer.MenuBarPeer createMenuBar(java.awt.MenuBar)'>
        <annotation name='com.intellij.inspections.tainted.annotation.equation.Equations'>
            <val val="{ &quot;createMenuBar := SunToolkit#createMenuBar(java.awt.MenuBar) &amp; HeadlessToolkit#createMenuBar(java.awt.MenuBar)&quot;, &quot;menuBar := SunToolkit#createMenuBar(java.awt.MenuBar)#0 &amp; HeadlessToolkit#createMenuBar(java.awt.MenuBar)#0&quot; }"/>
        </annotation>
    </item>
    <item name='sun.awt.ComponentFactory java.awt.peer.MenuItemPeer createMenuItem(java.awt.MenuItem)'>
        <annotation name='com.intellij.inspections.tainted.annotation.equation.Equations'>
            <val val="{ &quot;menuItem := SunToolkit#createMenuItem(java.awt.MenuItem)#0 &amp; HeadlessToolkit#createMenuItem(java.awt.MenuItem)#0&quot;, &quot;createMenuItem := SunToolkit#createMenuItem(java.awt.MenuItem) &amp; HeadlessToolkit#createMenuItem(java.awt.MenuItem)&quot; }"/>
        </annotation>
    </item>
    <item name='sun.awt.ComponentFactory java.awt.peer.MenuPeer createMenu(java.awt.Menu)'>
        <annotation name='com.intellij.inspections.tainted.annotation.equation.Equations'>
            <val val="{ &quot;createMenu := SunToolkit#createMenu(java.awt.Menu) &amp; HeadlessToolkit#createMenu(java.awt.Menu)&quot;, &quot;menu := SunToolkit#createMenu(java.awt.Menu)#0 &amp; HeadlessToolkit#createMenu(java.awt.Menu)#0&quot; }"/>
        </annotation>
    </item>
    <item name='sun.awt.ComponentFactory java.awt.peer.PanelPeer createPanel(java.awt.Panel)'>
        <annotation name='com.intellij.inspections.tainted.annotation.equation.Equations'>
            <val val="{ &quot;createPanel := SunToolkit#createPanel(java.awt.Panel) &amp; HeadlessToolkit#createPanel(java.awt.Panel)&quot;, &quot;panel := SunToolkit#createPanel(java.awt.Panel)#0 &amp; HeadlessToolkit#createPanel(java.awt.Panel)#0&quot; }"/>
        </annotation>
    </item>
    <item name='sun.awt.ComponentFactory java.awt.peer.PopupMenuPeer createPopupMenu(java.awt.PopupMenu)'>
        <annotation name='com.intellij.inspections.tainted.annotation.equation.Equations'>
            <val val="{ &quot;popupMenu := SunToolkit#createPopupMenu(java.awt.PopupMenu)#0 &amp; HeadlessToolkit#createPopupMenu(java.awt.PopupMenu)#0&quot;, &quot;createPopupMenu := SunToolkit#createPopupMenu(java.awt.PopupMenu) &amp; HeadlessToolkit#createPopupMenu(java.awt.PopupMenu)&quot; }"/>
        </annotation>
    </item>
    <item name='sun.awt.ComponentFactory java.awt.peer.RobotPeer createRobot(java.awt.Robot, java.awt.GraphicsDevice)'>
        <annotation name='com.intellij.inspections.tainted.annotation.equation.Equations'>
            <val val="{ &quot;graphicsDevice := SunToolkit#createRobot(java.awt.Robot, java.awt.GraphicsDevice)#1 &amp; HeadlessToolkit#createRobot(java.awt.Robot, java.awt.GraphicsDevice)#1&quot;, &quot;robot := SunToolkit#createRobot(java.awt.Robot, java.awt.GraphicsDevice)#0 &amp; HeadlessToolkit#createRobot(java.awt.Robot, java.awt.GraphicsDevice)#0&quot;, &quot;createRobot := SunToolkit#createRobot(java.awt.Robot, java.awt.GraphicsDevice) &amp; HeadlessToolkit#createRobot(java.awt.Robot, java.awt.GraphicsDevice)&quot; }"/>
        </annotation>
    </item>
    <item name='sun.awt.ComponentFactory java.awt.peer.ScrollPanePeer createScrollPane(java.awt.ScrollPane)'>
        <annotation name='com.intellij.inspections.tainted.annotation.equation.Equations'>
            <val val="{ &quot;scrollPane := SunToolkit#createScrollPane(java.awt.ScrollPane)#0 &amp; HeadlessToolkit#createScrollPane(java.awt.ScrollPane)#0&quot;, &quot;createScrollPane := SunToolkit#createScrollPane(java.awt.ScrollPane) &amp; HeadlessToolkit#createScrollPane(java.awt.ScrollPane)&quot; }"/>
        </annotation>
    </item>
    <item name='sun.awt.ComponentFactory java.awt.peer.ScrollbarPeer createScrollbar(java.awt.Scrollbar)'>
        <annotation name='com.intellij.inspections.tainted.annotation.equation.Equations'>
            <val val="{ &quot;scrollbar := SunToolkit#createScrollbar(java.awt.Scrollbar)#0 &amp; HeadlessToolkit#createScrollbar(java.awt.Scrollbar)#0&quot;, &quot;createScrollbar := SunToolkit#createScrollbar(java.awt.Scrollbar) &amp; HeadlessToolkit#createScrollbar(java.awt.Scrollbar)&quot; }"/>
        </annotation>
    </item>
    <item name='sun.awt.ComponentFactory java.awt.peer.TextAreaPeer createTextArea(java.awt.TextArea)'>
        <annotation name='com.intellij.inspections.tainted.annotation.equation.Equations'>
            <val val="{ &quot;textArea := SunToolkit#createTextArea(java.awt.TextArea)#0 &amp; HeadlessToolkit#createTextArea(java.awt.TextArea)#0&quot;, &quot;createTextArea := SunToolkit#createTextArea(java.awt.TextArea) &amp; HeadlessToolkit#createTextArea(java.awt.TextArea)&quot; }"/>
        </annotation>
    </item>
    <item name='sun.awt.ComponentFactory java.awt.peer.TextFieldPeer createTextField(java.awt.TextField)'>
        <annotation name='com.intellij.inspections.tainted.annotation.equation.Equations'>
            <val val="{ &quot;textField := SunToolkit#createTextField(java.awt.TextField)#0 &amp; HeadlessToolkit#createTextField(java.awt.TextField)#0&quot;, &quot;createTextField := SunToolkit#createTextField(java.awt.TextField) &amp; HeadlessToolkit#createTextField(java.awt.TextField)&quot; }"/>
        </annotation>
    </item>
    <item name='sun.awt.ComponentFactory java.awt.peer.WindowPeer createWindow(java.awt.Window)'>
        <annotation name='com.intellij.inspections.tainted.annotation.equation.Equations'>
            <val val="{ &quot;window := SunToolkit#createWindow(java.awt.Window)#0 &amp; HeadlessToolkit#createWindow(java.awt.Window)#0&quot;, &quot;createWindow := SunToolkit#createWindow(java.awt.Window) &amp; HeadlessToolkit#createWindow(java.awt.Window)&quot; }"/>
        </annotation>
    </item>
    <item name='sun.awt.ComponentFactory sun.awt.datatransfer.DataTransferer getDataTransferer()'>
        <annotation name='com.intellij.inspections.tainted.annotation.equation.Equations'>
            <val val="{ &quot;getDataTransferer := HeadlessToolkit#getDataTransferer()&quot; }"/>
        </annotation>
    </item>
    <item name='sun.awt.ConstrainableGraphics void constrain(int, int, int, int)'>
        <annotation name='com.intellij.inspections.tainted.annotation.equation.Equations'>
            <val val="{ &quot;i3 := sun.java2d.SunGraphics2D#constrain(int, int, int, int)#3&quot;, &quot;i := sun.java2d.SunGraphics2D#constrain(int, int, int, int)#0&quot;, &quot;i2 := sun.java2d.SunGraphics2D#constrain(int, int, int, int)#2&quot;, &quot;i1 := sun.java2d.SunGraphics2D#constrain(int, int, int, int)#1&quot; }"/>
        </annotation>
    </item>
    <item name='sun.awt.EventQueueDelegate.Delegate java.awt.AWTEvent getNextEvent(java.awt.EventQueue)'>
        <annotation name='com.intellij.inspections.tainted.annotation.equation.Equations'>
            <val val="{ &quot;eventQueue := com.sun.java.swing.SwingUtilities3.EventQueueDelegateFromMap#getNextEvent(java.awt.EventQueue)#0&quot;, &quot;getNextEvent := com.sun.java.swing.SwingUtilities3.EventQueueDelegateFromMap#getNextEvent(java.awt.EventQueue)&quot; }"/>
        </annotation>
    </item>
    <item name='sun.awt.EventQueueDelegate.Delegate java.lang.Object beforeDispatch(java.awt.AWTEvent)'>
        <annotation name='com.intellij.inspections.tainted.annotation.equation.Equations'>
            <val val="{ &quot;awtEvent := com.sun.java.swing.SwingUtilities3.EventQueueDelegateFromMap#beforeDispatch(java.awt.AWTEvent)#0&quot;, &quot;beforeDispatch := com.sun.java.swing.SwingUtilities3.EventQueueDelegateFromMap#beforeDispatch(java.awt.AWTEvent)&quot; }"/>
        </annotation>
    </item>
    <item name='sun.awt.EventQueueDelegate.Delegate void afterDispatch(java.awt.AWTEvent, java.lang.Object)'>
        <annotation name='com.intellij.inspections.tainted.annotation.equation.Equations'>
            <val val="{ &quot;o := com.sun.java.swing.SwingUtilities3.EventQueueDelegateFromMap#afterDispatch(java.awt.AWTEvent, java.lang.Object)#1&quot;, &quot;awtEvent := com.sun.java.swing.SwingUtilities3.EventQueueDelegateFromMap#afterDispatch(java.awt.AWTEvent, java.lang.Object)#0&quot; }"/>
        </annotation>
    </item>
    <item name='sun.awt.InputMethodSupport java.awt.Window createInputMethodWindow(java.lang.String, sun.awt.im.InputContext)'>
        <annotation name='com.intellij.inspections.tainted.annotation.equation.Equations'>
            <val val="{ &quot;s := SunToolkit#createInputMethodWindow(java.lang.String, sun.awt.im.InputContext)#0&quot;, &quot;createInputMethodWindow := SunToolkit#createInputMethodWindow(java.lang.String, sun.awt.im.InputContext)&quot;, &quot;inputContext := SunToolkit#createInputMethodWindow(java.lang.String, sun.awt.im.InputContext)#1&quot; }"/>
        </annotation>
    </item>
    <item name='sun.awt.InputMethodSupport java.util.Locale getDefaultKeyboardLocale()'>
        <annotation name='com.intellij.inspections.tainted.annotation.equation.Equations'>
            <val val="{ &quot;getDefaultKeyboardLocale := SunToolkit#getDefaultKeyboardLocale()&quot; }"/>
        </annotation>
    </item>
    <item name='sun.awt.KeyboardFocusManagerPeerProvider java.awt.peer.KeyboardFocusManagerPeer getKeyboardFocusManagerPeer()'>
        <annotation name='com.intellij.inspections.tainted.annotation.equation.Equations'>
            <val val="{ &quot;getKeyboardFocusManagerPeer := SunToolkit#getKeyboardFocusManagerPeer() &amp; HeadlessToolkit#getKeyboardFocusManagerPeer()&quot; }"/>
        </annotation>
    </item>
    <item name='sun.awt.ModalityListener void modalityPopped(sun.awt.ModalityEvent)'>
        <annotation name='com.intellij.inspections.tainted.annotation.equation.Equations'>
            <val val="{ &quot;modalityEvent := SunToolkit.ModalityListenerList#modalityPopped(sun.awt.ModalityEvent)#0&quot; }"/>
        </annotation>
    </item>
    <item name='sun.awt.ModalityListener void modalityPushed(sun.awt.ModalityEvent)'>
        <annotation name='com.intellij.inspections.tainted.annotation.equation.Equations'>
            <val val="{ &quot;modalityEvent := SunToolkit.ModalityListenerList#modalityPushed(sun.awt.ModalityEvent)#0&quot; }"/>
        </annotation>
    </item>
    <item name='sun.awt.PaintEventDispatcher boolean queueSurfaceDataReplacing(java.awt.Component, java.lang.Runnable)'>
        <annotation name='com.intellij.inspections.tainted.annotation.equation.Equations'>
            <val val="{ &quot;runnable := javax.swing.SwingPaintEventDispatcher#queueSurfaceDataReplacing(java.awt.Component, java.lang.Runnable)#1 &amp; javax.swing.SwingPaintEventDispatcher#queueSurfaceDataReplacing(java.awt.Component, java.lang.Runnable)#1&quot;, &quot;component := javax.swing.SwingPaintEventDispatcher#queueSurfaceDataReplacing(java.awt.Component, java.lang.Runnable)#0 &amp; javax.swing.SwingPaintEventDispatcher#queueSurfaceDataReplacing(java.awt.Component, java.lang.Runnable)#0&quot; }"/>
        </annotation>
    </item>
    <item name='sun.awt.PaintEventDispatcher boolean shouldDoNativeBackgroundErase(java.awt.Component)'>
        <annotation name='com.intellij.inspections.tainted.annotation.equation.Equations'>
            <val val="{ &quot;component := javax.swing.SwingPaintEventDispatcher#shouldDoNativeBackgroundErase(java.awt.Component)#0&quot; }"/>
        </annotation>
    </item>
    <item name='sun.awt.PaintEventDispatcher java.awt.event.PaintEvent createPaintEvent(java.awt.Component, int, int, int, int)'>
        <annotation name='com.intellij.inspections.tainted.annotation.equation.Equations'>
            <val val="{ &quot;i1 := javax.swing.SwingPaintEventDispatcher#createPaintEvent(java.awt.Component, int, int, int, int)#2 &amp; javax.swing.SwingPaintEventDispatcher#createPaintEvent(java.awt.Component, int, int, int, int)#2&quot;, &quot;i := javax.swing.SwingPaintEventDispatcher#createPaintEvent(java.awt.Component, int, int, int, int)#1 &amp; javax.swing.SwingPaintEventDispatcher#createPaintEvent(java.awt.Component, int, int, int, int)#1&quot;, &quot;i2 := javax.swing.SwingPaintEventDispatcher#createPaintEvent(java.awt.Component, int, int, int, int)#3 &amp; javax.swing.SwingPaintEventDispatcher#createPaintEvent(java.awt.Component, int, int, int, int)#3&quot;, &quot;i3 := javax.swing.SwingPaintEventDispatcher#createPaintEvent(java.awt.Component, int, int, int, int)#4 &amp; javax.swing.SwingPaintEventDispatcher#createPaintEvent(java.awt.Component, int, int, int, int)#4&quot;, &quot;createPaintEvent := javax.swing.SwingPaintEventDispatcher#createPaintEvent(java.awt.Component, int, int, int, int) &amp; javax.swing.SwingPaintEventDispatcher#createPaintEvent(java.awt.Component, int, int, int, int)&quot;, &quot;component := javax.swing.SwingPaintEventDispatcher#createPaintEvent(java.awt.Component, int, int, int, int)#0 &amp; javax.swing.SwingPaintEventDispatcher#createPaintEvent(java.awt.Component, int, int, int, int)#0&quot; }"/>
        </annotation>
    </item>
    <item name='sun.awt.RequestFocusController boolean acceptRequestFocus(java.awt.Component, java.awt.Component, boolean, boolean, sun.awt.CausedFocusEvent.Cause)'>
        <annotation name='com.intellij.inspections.tainted.annotation.equation.Equations'>
            <val val="{ &quot;component := java.awt.Component.DummyRequestFocusController#acceptRequestFocus(java.awt.Component, java.awt.Component, boolean, boolean, sun.awt.CausedFocusEvent.Cause)#0&quot;, &quot;component1 := java.awt.Component.DummyRequestFocusController#acceptRequestFocus(java.awt.Component, java.awt.Component, boolean, boolean, sun.awt.CausedFocusEvent.Cause)#1&quot;, &quot;cause := java.awt.Component.DummyRequestFocusController#acceptRequestFocus(java.awt.Component, java.awt.Component, boolean, boolean, sun.awt.CausedFocusEvent.Cause)#4&quot; }"/>
        </annotation>
    </item>
    <item name='sun.awt.SubRegionShowable boolean showIfNotLost(int, int, int, int)'>
        <annotation name='com.intellij.inspections.tainted.annotation.equation.Equations'>
            <val val="{ &quot;i2 := java.awt.Component.FlipSubRegionBufferStrategy#showIfNotLost(int, int, int, int)#2 &amp; java.awt.Component.BltSubRegionBufferStrategy#showIfNotLost(int, int, int, int)#2&quot;, &quot;i1 := java.awt.Component.FlipSubRegionBufferStrategy#showIfNotLost(int, int, int, int)#1 &amp; java.awt.Component.BltSubRegionBufferStrategy#showIfNotLost(int, int, int, int)#1&quot;, &quot;i := java.awt.Component.FlipSubRegionBufferStrategy#showIfNotLost(int, int, int, int)#0 &amp; java.awt.Component.BltSubRegionBufferStrategy#showIfNotLost(int, int, int, int)#0&quot;, &quot;i3 := java.awt.Component.FlipSubRegionBufferStrategy#showIfNotLost(int, int, int, int)#3 &amp; java.awt.Component.BltSubRegionBufferStrategy#showIfNotLost(int, int, int, int)#3&quot; }"/>
        </annotation>
    </item>
    <item name='sun.awt.SubRegionShowable void show(int, int, int, int)'>
        <annotation name='com.intellij.inspections.tainted.annotation.equation.Equations'>
            <val val="{ &quot;i1 := java.awt.Component.FlipSubRegionBufferStrategy#show(int, int, int, int)#1 &amp; java.awt.Component.BltSubRegionBufferStrategy#show(int, int, int, int)#1&quot;, &quot;i := java.awt.Component.FlipSubRegionBufferStrategy#show(int, int, int, int)#0 &amp; java.awt.Component.BltSubRegionBufferStrategy#show(int, int, int, int)#0&quot;, &quot;i2 := java.awt.Component.FlipSubRegionBufferStrategy#show(int, int, int, int)#2 &amp; java.awt.Component.BltSubRegionBufferStrategy#show(int, int, int, int)#2&quot;, &quot;i3 := java.awt.Component.FlipSubRegionBufferStrategy#show(int, int, int, int)#3 &amp; java.awt.Component.BltSubRegionBufferStrategy#show(int, int, int, int)#3&quot; }"/>
        </annotation>
    </item>
    <item name='sun.awt.SunGraphicsCallback void run(java.awt.Component, java.awt.Graphics)'>
        <annotation name='com.intellij.inspections.tainted.annotation.equation.Equations'>
            <val val="{ &quot;component := java.awt.GraphicsCallback.PaintCallback#run(java.awt.Component, java.awt.Graphics)#0 &amp; java.awt.GraphicsCallback.PaintAllCallback#run(java.awt.Component, java.awt.Graphics)#0 &amp; java.awt.GraphicsCallback.PaintHeavyweightComponentsCallback#run(java.awt.Component, java.awt.Graphics)#0 &amp; java.awt.GraphicsCallback.PeerPaintCallback#run(java.awt.Component, java.awt.Graphics)#0 &amp; java.awt.GraphicsCallback.PrintCallback#run(java.awt.Component, java.awt.Graphics)#0 &amp; java.awt.GraphicsCallback.PrintAllCallback#run(java.awt.Component, java.awt.Graphics)#0 &amp; java.awt.GraphicsCallback.PrintHeavyweightComponentsCallback#run(java.awt.Component, java.awt.Graphics)#0 &amp; java.awt.GraphicsCallback.PeerPrintCallback#run(java.awt.Component, java.awt.Graphics)#0&quot;, &quot;graphics := java.awt.GraphicsCallback.PaintCallback#run(java.awt.Component, java.awt.Graphics)#1 &amp; java.awt.GraphicsCallback.PaintAllCallback#run(java.awt.Component, java.awt.Graphics)#1 &amp; java.awt.GraphicsCallback.PaintHeavyweightComponentsCallback#run(java.awt.Component, java.awt.Graphics)#1 &amp; java.awt.GraphicsCallback.PeerPaintCallback#run(java.awt.Component, java.awt.Graphics)#1 &amp; java.awt.GraphicsCallback.PrintCallback#run(java.awt.Component, java.awt.Graphics)#1 &amp; java.awt.GraphicsCallback.PrintAllCallback#run(java.awt.Component, java.awt.Graphics)#1 &amp; java.awt.GraphicsCallback.PrintHeavyweightComponentsCallback#run(java.awt.Component, java.awt.Graphics)#1 &amp; java.awt.GraphicsCallback.PeerPrintCallback#run(java.awt.Component, java.awt.Graphics)#1&quot; }"/>
        </annotation>
    </item>
    <item name='sun.awt.SunToolkit java.awt.RenderingHints getDesktopAAHints()'>
        <annotation name='com.intellij.inspections.tainted.annotation.equation.Equations'>
            <val val="{ &quot;getDesktopAAHints := UNIXToolkit#getDesktopAAHints()&quot; }"/>
        </annotation>
    </item>
    <item name='sun.awt.WindowClosingListener java.lang.RuntimeException windowClosingDelivered(java.awt.event.WindowEvent)'>
        <annotation name='com.intellij.inspections.tainted.annotation.equation.Equations'>
            <val val="{ &quot;windowClosingDelivered := SunToolkit#windowClosingDelivered(java.awt.event.WindowEvent)&quot;, &quot;windowEvent := SunToolkit#windowClosingDelivered(java.awt.event.WindowEvent)#0&quot; }"/>
        </annotation>
    </item>
    <item name='sun.awt.WindowClosingListener java.lang.RuntimeException windowClosingNotify(java.awt.event.WindowEvent)'>
        <annotation name='com.intellij.inspections.tainted.annotation.equation.Equations'>
            <val val="{ &quot;windowEvent := SunToolkit#windowClosingNotify(java.awt.event.WindowEvent)#0&quot;, &quot;windowClosingNotify := SunToolkit#windowClosingNotify(java.awt.event.WindowEvent)&quot; }"/>
        </annotation>
    </item>
    <item name='sun.awt.WindowClosingSupport sun.awt.WindowClosingListener getWindowClosingListener()'>
        <annotation name='com.intellij.inspections.tainted.annotation.equation.Equations'>
            <val val="{ &quot;getWindowClosingListener := SunToolkit#getWindowClosingListener()&quot; }"/>
        </annotation>
    </item>
    <item name='sun.awt.WindowClosingSupport void setWindowClosingListener(sun.awt.WindowClosingListener)'>
        <annotation name='com.intellij.inspections.tainted.annotation.equation.Equations'>
            <val val="{ &quot;windowClosingListener := SunToolkit#setWindowClosingListener(sun.awt.WindowClosingListener)#0&quot; }"/>
        </annotation>
    </item>
</root>