<root>
    <item name='java.time.temporal.ChronoField ChronoField(java.lang.String, java.time.temporal.TemporalUnit, java.time.temporal.TemporalUnit, java.time.temporal.ValueRange)'>
        <annotation name='com.intellij.inspections.tainted.annotation.equation.Equations'>
            <val val="{ &quot;baseUnit := ChronoUnit#NANOS &amp; ChronoUnit#MICROS &amp; ChronoUnit#MILLIS &amp; ChronoUnit#SECONDS &amp; ChronoUnit#MINUTES &amp; ChronoUnit#HOURS &amp; ChronoUnit#DAYS &amp; ChronoUnit#WEEKS &amp; ChronoUnit#MONTHS &amp; ChronoUnit#YEARS&quot;, &quot;ChronoField := ChronoField&quot;, &quot;rangeUnit := ChronoUnit#SECONDS &amp; ChronoUnit#DAYS &amp; ChronoUnit#HALF_DAYS &amp; ChronoUnit#WEEKS &amp; ChronoUnit#YEARS &amp; ChronoUnit#FOREVER &amp; ChronoUnit#MONTHS&quot;, &quot;range := &quot; }"/>
        </annotation>
    </item>
    <item name='java.time.temporal.ChronoField ChronoField(java.lang.String, java.time.temporal.TemporalUnit, java.time.temporal.TemporalUnit, java.time.temporal.ValueRange, java.lang.String)'>
        <annotation name='com.intellij.inspections.tainted.annotation.equation.Equations'>
            <val val="{ &quot;baseUnit := ChronoUnit#SECONDS &amp; ChronoUnit#MINUTES &amp; ChronoUnit#HOURS &amp; ChronoUnit#HALF_DAYS &amp; ChronoUnit#DAYS &amp; ChronoUnit#MONTHS &amp; ChronoUnit#YEARS &amp; ChronoUnit#ERAS&quot;, &quot;range := &quot;, &quot;ChronoField := ChronoField&quot;, &quot;rangeUnit := ChronoUnit#MINUTES &amp; ChronoUnit#HOURS &amp; ChronoUnit#DAYS &amp; ChronoUnit#WEEKS &amp; ChronoUnit#MONTHS &amp; ChronoUnit#YEARS &amp; ChronoUnit#FOREVER&quot; }"/>
        </annotation>
    </item>
    <item name='java.time.temporal.ChronoField int checkValidIntValue(long)'>
        <annotation name='com.intellij.inspections.tainted.annotation.equation.Equations'>
            <val val="{ &quot;value := java.time.chrono.ChronoZonedDateTimeImpl#with(java.time.temporal.TemporalField, long)#1 &amp; java.time.format.Parsed#resolveTime(long, long, long, long)#1 &amp; java.time.format.Parsed#resolveTime(long, long, long, long)#3 &amp; java.time.format.Parsed#resolveTime(long, long, long, long)#0 &amp; java.time.format.Parsed#resolveTime(long, long, long, long)#2 &amp; WeekFields.ComputedDayOfField#resolveWoM(java.util.Map, java.time.chrono.Chronology, int, long, long, int, java.time.format.ResolverStyle)#3 &amp; java.time.Year &amp; java.time.Year#plusYears(long)#0 &amp; java.time.Instant &amp; java.time.Duration#withNanos(int)#0 &amp; java.time.LocalDate#ofEpochDay(long)#0 &amp; java.time.LocalDate#DAYS_0000_TO_1970 &amp; java.time.LocalDate#DAYS_PER_CYCLE &amp; java.time.YearMonth &amp; java.time.YearMonth#plusYears(long)#0 &amp; java.time.LocalDate &amp; java.time.LocalDate#plusYears(long)#0 &amp; java.time.OffsetTime#with(java.time.temporal.TemporalField, long)#1 &amp; java.time.OffsetDateTime#with(java.time.temporal.TemporalField, long)#1 &amp; java.time.ZonedDateTime#with(java.time.temporal.TemporalField, long)#1&quot; }"/>
        </annotation>
    </item>
    <item name='java.time.temporal.ChronoField java.lang.String getDisplayName(java.util.Locale)'>
        <annotation name='com.intellij.inspections.tainted.annotation.equation.Equations'>
            <val val="{ &quot;getDisplayName := ChronoField&quot; }"/>
        </annotation>
    </item>
    <item name='java.time.temporal.ChronoField java.lang.String toString()'>
        <annotation name='com.intellij.inspections.tainted.annotation.equation.Equations'>
            <val val="{ &quot;toString := ChronoField&quot; }"/>
        </annotation>
    </item>
    <item name='java.time.temporal.ChronoField java.time.temporal.TemporalUnit getBaseUnit()'>
        <annotation name='com.intellij.inspections.tainted.annotation.equation.Equations'>
            <val val="{ &quot;getBaseUnit := ChronoField&quot; }"/>
        </annotation>
    </item>
    <item name='java.time.temporal.ChronoField java.time.temporal.TemporalUnit getRangeUnit()'>
        <annotation name='com.intellij.inspections.tainted.annotation.equation.Equations'>
            <val val="{ &quot;getRangeUnit := ChronoField&quot; }"/>
        </annotation>
    </item>
    <item name='java.time.temporal.ChronoField java.time.temporal.ValueRange range()'>
        <annotation name='com.intellij.inspections.tainted.annotation.equation.Equations'>
            <val val="{ &quot;range := ChronoField&quot; }"/>
        </annotation>
    </item>
    <item name='java.time.temporal.ChronoField long checkValidValue(long)'>
        <annotation name='com.intellij.inspections.tainted.annotation.equation.Equations'>
            <val val="{ &quot;value := java.time.Year#of(int)#0 &amp; java.time.Year#with(java.time.temporal.TemporalField, long)#1 &amp; java.time.Instant#with(java.time.temporal.TemporalField, long)#1 &amp; java.time.MonthDay#of(java.time.Month, int)#1 &amp; java.time.LocalDate#of(int, java.time.Month, int)#0 &amp; java.time.LocalDate#of(int, java.time.Month, int)#2 &amp; java.time.LocalDate#of(int, int, int)#0 &amp; java.time.LocalDate#of(int, int, int)#1 &amp; java.time.LocalDate#of(int, int, int)#2 &amp; java.time.LocalDate#ofYearDay(int, int)#0 &amp; java.time.LocalDate#ofYearDay(int, int)#1 &amp; java.time.YearMonth#of(int, int)#0 &amp; java.time.YearMonth#of(int, int)#1 &amp; java.time.LocalTime#of(int, int)#0 &amp; java.time.LocalTime#of(int, int)#1 &amp; java.time.LocalTime#of(int, int, int)#0 &amp; java.time.LocalTime#of(int, int, int)#1 &amp; java.time.LocalTime#of(int, int, int)#2 &amp; java.time.LocalTime#of(int, int, int, int)#0 &amp; java.time.LocalTime#of(int, int, int, int)#1 &amp; java.time.LocalTime#of(int, int, int, int)#2 &amp; java.time.LocalTime#of(int, int, int, int)#3 &amp; java.time.LocalTime#ofSecondOfDay(long)#0 &amp; java.time.LocalTime#SECONDS_PER_HOUR &amp; java.time.LocalTime#SECONDS_PER_MINUTE &amp; java.time.YearMonth#with(java.time.temporal.TemporalField, long)#1 &amp; java.time.LocalTime#ofNanoOfDay(long)#0 &amp; java.time.LocalTime#NANOS_PER_HOUR &amp; java.time.LocalTime#NANOS_PER_MINUTE &amp; java.time.LocalTime#NANOS_PER_SECOND &amp; java.time.YearMonth#withYear(int)#0 &amp; java.time.YearMonth#withMonth(int)#0 &amp; java.time.LocalTime#with(java.time.temporal.TemporalField, long)#1 &amp; java.time.LocalTime#withHour(int)#0 &amp; java.time.LocalTime#withMinute(int)#0 &amp; java.time.LocalTime#withSecond(int)#0 &amp; java.time.LocalTime#withNano(int)#0 &amp; java.time.LocalDate#with(java.time.temporal.TemporalField, long)#1 &amp; java.time.LocalDate#withYear(int)#0 &amp; java.time.LocalDate#withMonth(int)#0 &amp; java.time.LocalDateTime#ofEpochSecond(long, int, java.time.ZoneOffset)#1&quot; }"/>
        </annotation>
    </item>
    <item name='java.time.temporal.ChronoUnit ChronoUnit(java.lang.String, java.time.Duration)'>
        <annotation name='com.intellij.inspections.tainted.annotation.equation.Equations'>
            <val val="{ &quot;estimatedDuration := &quot;, &quot;ChronoUnit := ChronoUnit&quot; }"/>
        </annotation>
    </item>
    <item name='java.time.temporal.ChronoUnit java.lang.String toString()'>
        <annotation name='com.intellij.inspections.tainted.annotation.equation.Equations'>
            <val val="{ &quot;toString := ChronoUnit&quot; }"/>
        </annotation>
    </item>
    <item name='java.time.temporal.ChronoUnit java.time.Duration getDuration()'>
        <annotation name='com.intellij.inspections.tainted.annotation.equation.Equations'>
            <val val="{ &quot;getDuration := ChronoUnit&quot; }"/>
        </annotation>
    </item>
    <item name='java.time.temporal.IsoFields IsoFields()'>
        <annotation name='com.intellij.inspections.tainted.annotation.equation.Equations'>
            <val val="{ &quot;IsoFields := IsoFields&quot; }"/>
        </annotation>
    </item>
    <item name='java.time.temporal.IsoFields.Field boolean isIso(java.time.temporal.TemporalAccessor)'>
        <annotation name='com.intellij.inspections.tainted.annotation.equation.Equations'>
            <val val="{ &quot;temporal := #ensureIso(java.time.temporal.TemporalAccessor)#0&quot; }"/>
        </annotation>
    </item>
    <item name='java.time.temporal.IsoFields.Field int getWeekBasedYear(java.time.LocalDate)'>
        <annotation name='com.intellij.inspections.tainted.annotation.equation.Equations'>
            <val val="{ &quot;date := #getWeekRange(java.time.LocalDate)#0&quot; }"/>
        </annotation>
    </item>
    <item name='java.time.temporal.IsoFields.Unit Unit(java.lang.String, java.time.Duration)'>
        <annotation name='com.intellij.inspections.tainted.annotation.equation.Equations'>
            <val val="{ &quot;estimatedDuration := &quot;, &quot;Unit := IsoFields.Unit&quot; }"/>
        </annotation>
    </item>
    <item name='java.time.temporal.IsoFields.Unit java.lang.String toString()'>
        <annotation name='com.intellij.inspections.tainted.annotation.equation.Equations'>
            <val val="{ &quot;toString := IsoFields.Unit&quot; }"/>
        </annotation>
    </item>
    <item name='java.time.temporal.IsoFields.Unit java.time.Duration getDuration()'>
        <annotation name='com.intellij.inspections.tainted.annotation.equation.Equations'>
            <val val="{ &quot;getDuration := IsoFields.Unit&quot; }"/>
        </annotation>
    </item>
    <item name='java.time.temporal.JulianFields JulianFields()'>
        <annotation name='com.intellij.inspections.tainted.annotation.equation.Equations'>
            <val val="{ &quot;JulianFields := JulianFields&quot; }"/>
        </annotation>
    </item>
    <item name='java.time.temporal.JulianFields.Field Field(java.lang.String, java.time.temporal.TemporalUnit, java.time.temporal.TemporalUnit, long)'>
        <annotation name='com.intellij.inspections.tainted.annotation.equation.Equations'>
            <val val="{ &quot;Field := JulianFields.Field&quot;, &quot;baseUnit := ChronoUnit#DAYS&quot;, &quot;rangeUnit := ChronoUnit#FOREVER&quot;, &quot;offset := JulianFields#JULIAN_DAY_OFFSET&quot; }"/>
        </annotation>
    </item>
    <item name='java.time.temporal.JulianFields.Field boolean isSupportedBy(java.time.temporal.TemporalAccessor)'>
        <annotation name='com.intellij.inspections.tainted.annotation.equation.Equations'>
            <val val="{ &quot;temporal := #rangeRefinedBy(java.time.temporal.TemporalAccessor)#0&quot; }"/>
        </annotation>
    </item>
    <item name='java.time.temporal.JulianFields.Field java.lang.String toString()'>
        <annotation name='com.intellij.inspections.tainted.annotation.equation.Equations'>
            <val val="{ &quot;toString := JulianFields.Field&quot; }"/>
        </annotation>
    </item>
    <item name='java.time.temporal.JulianFields.Field java.time.temporal.TemporalUnit getBaseUnit()'>
        <annotation name='com.intellij.inspections.tainted.annotation.equation.Equations'>
            <val val="{ &quot;getBaseUnit := JulianFields.Field&quot; }"/>
        </annotation>
    </item>
    <item name='java.time.temporal.JulianFields.Field java.time.temporal.TemporalUnit getRangeUnit()'>
        <annotation name='com.intellij.inspections.tainted.annotation.equation.Equations'>
            <val val="{ &quot;getRangeUnit := JulianFields.Field&quot; }"/>
        </annotation>
    </item>
    <item name='java.time.temporal.JulianFields.Field java.time.temporal.ValueRange range()'>
        <annotation name='com.intellij.inspections.tainted.annotation.equation.Equations'>
            <val val="{ &quot;range := JulianFields.Field&quot; }"/>
        </annotation>
    </item>
    <item name='java.time.temporal.JulianFields.Field long getFrom(java.time.temporal.TemporalAccessor)'>
        <annotation name='com.intellij.inspections.tainted.annotation.equation.Equations'>
            <val val="{ &quot;getFrom := JulianFields.Field&quot; }"/>
        </annotation>
    </item>
    <item name='java.time.temporal.Temporal boolean isSupported(java.time.temporal.TemporalUnit)'>
        <annotation name='com.intellij.inspections.tainted.annotation.equation.Equations'>
            <val val="{ &quot;unit := java.time.Year#isSupported(java.time.temporal.TemporalUnit)#0 &amp; java.time.LocalTime#isSupported(java.time.temporal.TemporalUnit)#0 &amp; java.time.YearMonth#isSupported(java.time.temporal.TemporalUnit)#0 &amp; java.time.LocalDate#isSupported(java.time.temporal.TemporalUnit)#0 &amp; java.time.Instant#isSupported(java.time.temporal.TemporalUnit)#0 &amp; java.time.ZonedDateTime#isSupported(java.time.temporal.TemporalUnit)#0 &amp; java.time.OffsetTime#isSupported(java.time.temporal.TemporalUnit)#0 &amp; java.time.OffsetDateTime#isSupported(java.time.temporal.TemporalUnit)#0 &amp; java.time.LocalDateTime#isSupported(java.time.temporal.TemporalUnit)#0 &amp; java.time.chrono.ChronoLocalDate#isSupported(java.time.temporal.TemporalUnit)#0 &amp; java.time.chrono.ChronoZonedDateTime#isSupported(java.time.temporal.TemporalUnit)#0 &amp; java.time.chrono.ChronoLocalDateTime#isSupported(java.time.temporal.TemporalUnit)#0&quot; }"/>
        </annotation>
    </item>
    <item name='java.time.temporal.Temporal java.time.temporal.Temporal minus(java.time.temporal.TemporalAmount)'>
        <annotation name='com.intellij.inspections.tainted.annotation.equation.Equations'>
            <val val="{ &quot;amount := java.time.chrono.ChronoLocalDate#minus(java.time.temporal.TemporalAmount)#0 &amp; java.time.chrono.ChronoLocalDateImpl#minus(java.time.temporal.TemporalAmount)#0 &amp; java.time.chrono.ChronoLocalDateTime#minus(java.time.temporal.TemporalAmount)#0 &amp; java.time.chrono.ChronoZonedDateTime#minus(java.time.temporal.TemporalAmount)#0 &amp; java.time.Year#minus(java.time.temporal.TemporalAmount)#0 &amp; java.time.Instant#minus(java.time.temporal.TemporalAmount)#0 &amp; java.time.YearMonth#minus(java.time.temporal.TemporalAmount)#0 &amp; java.time.LocalTime#minus(java.time.temporal.TemporalAmount)#0 &amp; java.time.LocalDate#minus(java.time.temporal.TemporalAmount)#0 &amp; java.time.OffsetTime#minus(java.time.temporal.TemporalAmount)#0 &amp; java.time.OffsetDateTime#minus(java.time.temporal.TemporalAmount)#0 &amp; java.time.LocalDateTime#minus(java.time.temporal.TemporalAmount)#0 &amp; java.time.ZonedDateTime#minus(java.time.temporal.TemporalAmount)#0&quot;, &quot;minus := java.time.chrono.ChronoLocalDate#minus(java.time.temporal.TemporalAmount) &amp; java.time.chrono.ChronoLocalDateImpl#minus(java.time.temporal.TemporalAmount) &amp; java.time.chrono.ChronoLocalDateTime#minus(java.time.temporal.TemporalAmount) &amp; java.time.chrono.ChronoZonedDateTime#minus(java.time.temporal.TemporalAmount) &amp; java.time.Year#minus(java.time.temporal.TemporalAmount) &amp; java.time.Instant#minus(java.time.temporal.TemporalAmount) &amp; java.time.YearMonth#minus(java.time.temporal.TemporalAmount) &amp; java.time.LocalTime#minus(java.time.temporal.TemporalAmount) &amp; java.time.LocalDate#minus(java.time.temporal.TemporalAmount) &amp; java.time.OffsetTime#minus(java.time.temporal.TemporalAmount) &amp; java.time.OffsetDateTime#minus(java.time.temporal.TemporalAmount) &amp; java.time.LocalDateTime#minus(java.time.temporal.TemporalAmount) &amp; java.time.ZonedDateTime#minus(java.time.temporal.TemporalAmount)&quot; }"/>
        </annotation>
    </item>
    <item name='java.time.temporal.Temporal java.time.temporal.Temporal minus(long, java.time.temporal.TemporalUnit)'>
        <annotation name='com.intellij.inspections.tainted.annotation.equation.Equations'>
            <val val="{ &quot;amountToSubtract := java.time.Year#minus(long, java.time.temporal.TemporalUnit)#0 &amp; java.time.LocalTime#minus(long, java.time.temporal.TemporalUnit)#0 &amp; java.time.YearMonth#minus(long, java.time.temporal.TemporalUnit)#0 &amp; java.time.LocalDate#minus(long, java.time.temporal.TemporalUnit)#0 &amp; java.time.Instant#minus(long, java.time.temporal.TemporalUnit)#0 &amp; java.time.ZonedDateTime#minus(long, java.time.temporal.TemporalUnit)#0 &amp; java.time.OffsetTime#minus(long, java.time.temporal.TemporalUnit)#0 &amp; java.time.OffsetDateTime#minus(long, java.time.temporal.TemporalUnit)#0 &amp; java.time.LocalDateTime#minus(long, java.time.temporal.TemporalUnit)#0 &amp; java.time.chrono.ChronoLocalDateImpl#minus(long, java.time.temporal.TemporalUnit)#0 &amp; java.time.chrono.ChronoLocalDate#minus(long, java.time.temporal.TemporalUnit)#0 &amp; java.time.chrono.ChronoZonedDateTime#minus(long, java.time.temporal.TemporalUnit)#0 &amp; java.time.chrono.ChronoLocalDateTime#minus(long, java.time.temporal.TemporalUnit)#0&quot;, &quot;minus := java.time.Year#minus(long, java.time.temporal.TemporalUnit) &amp; java.time.LocalTime#minus(long, java.time.temporal.TemporalUnit) &amp; java.time.YearMonth#minus(long, java.time.temporal.TemporalUnit) &amp; java.time.LocalDate#minus(long, java.time.temporal.TemporalUnit) &amp; java.time.Instant#minus(long, java.time.temporal.TemporalUnit) &amp; java.time.ZonedDateTime#minus(long, java.time.temporal.TemporalUnit) &amp; java.time.OffsetTime#minus(long, java.time.temporal.TemporalUnit) &amp; java.time.OffsetDateTime#minus(long, java.time.temporal.TemporalUnit) &amp; java.time.LocalDateTime#minus(long, java.time.temporal.TemporalUnit) &amp; java.time.chrono.ChronoLocalDateImpl#minus(long, java.time.temporal.TemporalUnit) &amp; java.time.chrono.ChronoLocalDate#minus(long, java.time.temporal.TemporalUnit) &amp; java.time.chrono.ChronoZonedDateTime#minus(long, java.time.temporal.TemporalUnit) &amp; java.time.chrono.ChronoLocalDateTime#minus(long, java.time.temporal.TemporalUnit)&quot;, &quot;unit := java.time.Year#minus(long, java.time.temporal.TemporalUnit)#1 &amp; java.time.LocalTime#minus(long, java.time.temporal.TemporalUnit)#1 &amp; java.time.YearMonth#minus(long, java.time.temporal.TemporalUnit)#1 &amp; java.time.LocalDate#minus(long, java.time.temporal.TemporalUnit)#1 &amp; java.time.Instant#minus(long, java.time.temporal.TemporalUnit)#1 &amp; java.time.ZonedDateTime#minus(long, java.time.temporal.TemporalUnit)#1 &amp; java.time.OffsetTime#minus(long, java.time.temporal.TemporalUnit)#1 &amp; java.time.OffsetDateTime#minus(long, java.time.temporal.TemporalUnit)#1 &amp; java.time.LocalDateTime#minus(long, java.time.temporal.TemporalUnit)#1 &amp; java.time.chrono.ChronoLocalDateImpl#minus(long, java.time.temporal.TemporalUnit)#1 &amp; java.time.chrono.ChronoLocalDate#minus(long, java.time.temporal.TemporalUnit)#1 &amp; java.time.chrono.ChronoZonedDateTime#minus(long, java.time.temporal.TemporalUnit)#1 &amp; java.time.chrono.ChronoLocalDateTime#minus(long, java.time.temporal.TemporalUnit)#1&quot; }"/>
        </annotation>
    </item>
    <item name='java.time.temporal.Temporal java.time.temporal.Temporal plus(java.time.temporal.TemporalAmount)'>
        <annotation name='com.intellij.inspections.tainted.annotation.equation.Equations'>
            <val val="{ &quot;amount := java.time.chrono.ChronoLocalDate#plus(java.time.temporal.TemporalAmount)#0 &amp; java.time.chrono.ChronoLocalDateImpl#plus(java.time.temporal.TemporalAmount)#0 &amp; java.time.chrono.ChronoLocalDateTime#plus(java.time.temporal.TemporalAmount)#0 &amp; java.time.chrono.ChronoZonedDateTime#plus(java.time.temporal.TemporalAmount)#0 &amp; java.time.Year#plus(java.time.temporal.TemporalAmount)#0 &amp; java.time.Instant#plus(java.time.temporal.TemporalAmount)#0 &amp; java.time.YearMonth#plus(java.time.temporal.TemporalAmount)#0 &amp; java.time.LocalTime#plus(java.time.temporal.TemporalAmount)#0 &amp; java.time.LocalDate#plus(java.time.temporal.TemporalAmount)#0 &amp; java.time.OffsetTime#plus(java.time.temporal.TemporalAmount)#0 &amp; java.time.OffsetDateTime#plus(java.time.temporal.TemporalAmount)#0 &amp; java.time.LocalDateTime#plus(java.time.temporal.TemporalAmount)#0 &amp; java.time.ZonedDateTime#plus(java.time.temporal.TemporalAmount)#0&quot;, &quot;plus := java.time.chrono.ChronoLocalDate#plus(java.time.temporal.TemporalAmount) &amp; java.time.chrono.ChronoLocalDateImpl#plus(java.time.temporal.TemporalAmount) &amp; java.time.chrono.ChronoLocalDateTime#plus(java.time.temporal.TemporalAmount) &amp; java.time.chrono.ChronoZonedDateTime#plus(java.time.temporal.TemporalAmount) &amp; java.time.Year#plus(java.time.temporal.TemporalAmount) &amp; java.time.Instant#plus(java.time.temporal.TemporalAmount) &amp; java.time.YearMonth#plus(java.time.temporal.TemporalAmount) &amp; java.time.LocalTime#plus(java.time.temporal.TemporalAmount) &amp; java.time.LocalDate#plus(java.time.temporal.TemporalAmount) &amp; java.time.OffsetTime#plus(java.time.temporal.TemporalAmount) &amp; java.time.OffsetDateTime#plus(java.time.temporal.TemporalAmount) &amp; java.time.LocalDateTime#plus(java.time.temporal.TemporalAmount) &amp; java.time.ZonedDateTime#plus(java.time.temporal.TemporalAmount)&quot; }"/>
        </annotation>
    </item>
    <item name='java.time.temporal.Temporal java.time.temporal.Temporal plus(long, java.time.temporal.TemporalUnit)'>
        <annotation name='com.intellij.inspections.tainted.annotation.equation.Equations'>
            <val val="{ &quot;unit := java.time.Year#plus(long, java.time.temporal.TemporalUnit)#1 &amp; java.time.LocalTime#plus(long, java.time.temporal.TemporalUnit)#1 &amp; java.time.YearMonth#plus(long, java.time.temporal.TemporalUnit)#1 &amp; java.time.LocalDate#plus(long, java.time.temporal.TemporalUnit)#1 &amp; java.time.Instant#plus(long, java.time.temporal.TemporalUnit)#1 &amp; java.time.ZonedDateTime#plus(long, java.time.temporal.TemporalUnit)#1 &amp; java.time.OffsetTime#plus(long, java.time.temporal.TemporalUnit)#1 &amp; java.time.OffsetDateTime#plus(long, java.time.temporal.TemporalUnit)#1 &amp; java.time.chrono.ChronoLocalDateTimeImpl#plus(long, java.time.temporal.TemporalUnit)#1 &amp; java.time.LocalDateTime#plus(long, java.time.temporal.TemporalUnit)#1 &amp; java.time.chrono.ChronoLocalDateImpl#plus(long, java.time.temporal.TemporalUnit)#1 &amp; java.time.chrono.ChronoLocalDate#plus(long, java.time.temporal.TemporalUnit)#1 &amp; java.time.chrono.ChronoZonedDateTime#plus(long, java.time.temporal.TemporalUnit)#1 &amp; java.time.chrono.ChronoLocalDateTime#plus(long, java.time.temporal.TemporalUnit)#1&quot;, &quot;amountToAdd := java.time.Year#plus(long, java.time.temporal.TemporalUnit)#0 &amp; java.time.LocalTime#plus(long, java.time.temporal.TemporalUnit)#0 &amp; java.time.YearMonth#plus(long, java.time.temporal.TemporalUnit)#0 &amp; java.time.LocalDate#plus(long, java.time.temporal.TemporalUnit)#0 &amp; java.time.Instant#plus(long, java.time.temporal.TemporalUnit)#0 &amp; java.time.ZonedDateTime#plus(long, java.time.temporal.TemporalUnit)#0 &amp; java.time.OffsetTime#plus(long, java.time.temporal.TemporalUnit)#0 &amp; java.time.OffsetDateTime#plus(long, java.time.temporal.TemporalUnit)#0 &amp; java.time.chrono.ChronoLocalDateTimeImpl#plus(long, java.time.temporal.TemporalUnit)#0 &amp; java.time.LocalDateTime#plus(long, java.time.temporal.TemporalUnit)#0 &amp; java.time.chrono.ChronoLocalDateImpl#plus(long, java.time.temporal.TemporalUnit)#0 &amp; java.time.chrono.ChronoLocalDate#plus(long, java.time.temporal.TemporalUnit)#0 &amp; java.time.chrono.ChronoZonedDateTime#plus(long, java.time.temporal.TemporalUnit)#0 &amp; java.time.chrono.ChronoLocalDateTime#plus(long, java.time.temporal.TemporalUnit)#0&quot;, &quot;plus := java.time.Year#plus(long, java.time.temporal.TemporalUnit) &amp; java.time.LocalTime#plus(long, java.time.temporal.TemporalUnit) &amp; java.time.YearMonth#plus(long, java.time.temporal.TemporalUnit) &amp; java.time.LocalDate#plus(long, java.time.temporal.TemporalUnit) &amp; java.time.Instant#plus(long, java.time.temporal.TemporalUnit) &amp; java.time.ZonedDateTime#plus(long, java.time.temporal.TemporalUnit) &amp; java.time.OffsetTime#plus(long, java.time.temporal.TemporalUnit) &amp; java.time.OffsetDateTime#plus(long, java.time.temporal.TemporalUnit) &amp; java.time.chrono.ChronoLocalDateTimeImpl#plus(long, java.time.temporal.TemporalUnit) &amp; java.time.LocalDateTime#plus(long, java.time.temporal.TemporalUnit) &amp; java.time.chrono.ChronoLocalDateImpl#plus(long, java.time.temporal.TemporalUnit) &amp; java.time.chrono.ChronoLocalDate#plus(long, java.time.temporal.TemporalUnit) &amp; java.time.chrono.ChronoZonedDateTime#plus(long, java.time.temporal.TemporalUnit) &amp; java.time.chrono.ChronoLocalDateTime#plus(long, java.time.temporal.TemporalUnit)&quot; }"/>
        </annotation>
    </item>
    <item name='java.time.temporal.Temporal java.time.temporal.Temporal with(java.time.temporal.TemporalAdjuster)'>
        <annotation name='com.intellij.inspections.tainted.annotation.equation.Equations'>
            <val val="{ &quot;with := java.time.chrono.ChronoLocalDate#with(java.time.temporal.TemporalAdjuster) &amp; java.time.chrono.ChronoLocalDateImpl#with(java.time.temporal.TemporalAdjuster) &amp; java.time.chrono.ChronoLocalDateTime#with(java.time.temporal.TemporalAdjuster) &amp; java.time.chrono.ChronoZonedDateTime#with(java.time.temporal.TemporalAdjuster) &amp; java.time.chrono.ChronoLocalDateTimeImpl#with(java.time.temporal.TemporalAdjuster) &amp; java.time.Year#with(java.time.temporal.TemporalAdjuster) &amp; java.time.Instant#with(java.time.temporal.TemporalAdjuster) &amp; java.time.YearMonth#with(java.time.temporal.TemporalAdjuster) &amp; java.time.LocalTime#with(java.time.temporal.TemporalAdjuster) &amp; java.time.LocalDate#with(java.time.temporal.TemporalAdjuster) &amp; java.time.OffsetTime#with(java.time.temporal.TemporalAdjuster) &amp; java.time.OffsetDateTime#with(java.time.temporal.TemporalAdjuster) &amp; java.time.LocalDateTime#with(java.time.temporal.TemporalAdjuster) &amp; java.time.ZonedDateTime#with(java.time.temporal.TemporalAdjuster)&quot;, &quot;adjuster := java.time.chrono.ChronoLocalDate#with(java.time.temporal.TemporalAdjuster)#0 &amp; java.time.chrono.ChronoLocalDateImpl#with(java.time.temporal.TemporalAdjuster)#0 &amp; java.time.chrono.ChronoLocalDateTime#with(java.time.temporal.TemporalAdjuster)#0 &amp; java.time.chrono.ChronoZonedDateTime#with(java.time.temporal.TemporalAdjuster)#0 &amp; java.time.chrono.ChronoLocalDateTimeImpl#with(java.time.temporal.TemporalAdjuster)#0 &amp; java.time.Year#with(java.time.temporal.TemporalAdjuster)#0 &amp; java.time.Instant#with(java.time.temporal.TemporalAdjuster)#0 &amp; java.time.YearMonth#with(java.time.temporal.TemporalAdjuster)#0 &amp; java.time.LocalTime#with(java.time.temporal.TemporalAdjuster)#0 &amp; java.time.LocalDate#with(java.time.temporal.TemporalAdjuster)#0 &amp; java.time.OffsetTime#with(java.time.temporal.TemporalAdjuster)#0 &amp; java.time.OffsetDateTime#with(java.time.temporal.TemporalAdjuster)#0 &amp; java.time.LocalDateTime#with(java.time.temporal.TemporalAdjuster)#0 &amp; java.time.ZonedDateTime#with(java.time.temporal.TemporalAdjuster)#0&quot; }"/>
        </annotation>
    </item>
    <item name='java.time.temporal.Temporal java.time.temporal.Temporal with(java.time.temporal.TemporalField, long)'>
        <annotation name='com.intellij.inspections.tainted.annotation.equation.Equations'>
            <val val="{ &quot;field := java.time.Year#with(java.time.temporal.TemporalField, long)#0 &amp; java.time.LocalTime#with(java.time.temporal.TemporalField, long)#0 &amp; java.time.YearMonth#with(java.time.temporal.TemporalField, long)#0 &amp; java.time.LocalDate#with(java.time.temporal.TemporalField, long)#0 &amp; java.time.Instant#with(java.time.temporal.TemporalField, long)#0 &amp; java.time.OffsetTime#with(java.time.temporal.TemporalField, long)#0 &amp; java.time.OffsetDateTime#with(java.time.temporal.TemporalField, long)#0 &amp; java.time.ZonedDateTime#with(java.time.temporal.TemporalField, long)#0 &amp; java.time.chrono.ChronoLocalDateTimeImpl#with(java.time.temporal.TemporalField, long)#0 &amp; java.time.LocalDateTime#with(java.time.temporal.TemporalField, long)#0 &amp; java.time.chrono.ChronoLocalDateImpl#with(java.time.temporal.TemporalField, long)#0 &amp; java.time.chrono.ChronoLocalDate#with(java.time.temporal.TemporalField, long)#0 &amp; java.time.chrono.ChronoZonedDateTime#with(java.time.temporal.TemporalField, long)#0 &amp; java.time.chrono.ChronoLocalDateTime#with(java.time.temporal.TemporalField, long)#0&quot;, &quot;with := java.time.Year#with(java.time.temporal.TemporalField, long) &amp; java.time.LocalTime#with(java.time.temporal.TemporalField, long) &amp; java.time.YearMonth#with(java.time.temporal.TemporalField, long) &amp; java.time.LocalDate#with(java.time.temporal.TemporalField, long) &amp; java.time.Instant#with(java.time.temporal.TemporalField, long) &amp; java.time.OffsetTime#with(java.time.temporal.TemporalField, long) &amp; java.time.OffsetDateTime#with(java.time.temporal.TemporalField, long) &amp; java.time.ZonedDateTime#with(java.time.temporal.TemporalField, long) &amp; java.time.chrono.ChronoLocalDateTimeImpl#with(java.time.temporal.TemporalField, long) &amp; java.time.LocalDateTime#with(java.time.temporal.TemporalField, long) &amp; java.time.chrono.ChronoLocalDateImpl#with(java.time.temporal.TemporalField, long) &amp; java.time.chrono.ChronoLocalDate#with(java.time.temporal.TemporalField, long) &amp; java.time.chrono.ChronoZonedDateTime#with(java.time.temporal.TemporalField, long) &amp; java.time.chrono.ChronoLocalDateTime#with(java.time.temporal.TemporalField, long)&quot;, &quot;newValue := java.time.Year#with(java.time.temporal.TemporalField, long)#1 &amp; java.time.LocalTime#with(java.time.temporal.TemporalField, long)#1 &amp; java.time.YearMonth#with(java.time.temporal.TemporalField, long)#1 &amp; java.time.LocalDate#with(java.time.temporal.TemporalField, long)#1 &amp; java.time.Instant#with(java.time.temporal.TemporalField, long)#1 &amp; java.time.OffsetTime#with(java.time.temporal.TemporalField, long)#1 &amp; java.time.OffsetDateTime#with(java.time.temporal.TemporalField, long)#1 &amp; java.time.ZonedDateTime#with(java.time.temporal.TemporalField, long)#1 &amp; java.time.chrono.ChronoLocalDateTimeImpl#with(java.time.temporal.TemporalField, long)#1 &amp; java.time.LocalDateTime#with(java.time.temporal.TemporalField, long)#1 &amp; java.time.chrono.ChronoLocalDateImpl#with(java.time.temporal.TemporalField, long)#1 &amp; java.time.chrono.ChronoLocalDate#with(java.time.temporal.TemporalField, long)#1 &amp; java.time.chrono.ChronoZonedDateTime#with(java.time.temporal.TemporalField, long)#1 &amp; java.time.chrono.ChronoLocalDateTime#with(java.time.temporal.TemporalField, long)#1&quot; }"/>
        </annotation>
    </item>
    <item name='java.time.temporal.Temporal long until(java.time.temporal.Temporal, java.time.temporal.TemporalUnit)'>
        <annotation name='com.intellij.inspections.tainted.annotation.equation.Equations'>
            <val val="{ &quot;unit := java.time.chrono.ChronoLocalDate#until(java.time.temporal.Temporal, java.time.temporal.TemporalUnit)#1 &amp; java.time.chrono.ChronoLocalDateImpl#until(java.time.temporal.Temporal, java.time.temporal.TemporalUnit)#1 &amp; java.time.chrono.ChronoZonedDateTimeImpl#until(java.time.temporal.Temporal, java.time.temporal.TemporalUnit)#1 &amp; java.time.chrono.ChronoLocalDateTimeImpl#until(java.time.temporal.Temporal, java.time.temporal.TemporalUnit)#1 &amp; IsoFields.Unit &amp; ChronoUnit#MONTHS &amp; ChronoUnit &amp; java.time.Year#until(java.time.temporal.Temporal, java.time.temporal.TemporalUnit)#1 &amp; java.time.Instant#until(java.time.temporal.Temporal, java.time.temporal.TemporalUnit)#1 &amp; ChronoUnit#NANOS &amp; ChronoUnit#SECONDS &amp; java.time.YearMonth#until(java.time.temporal.Temporal, java.time.temporal.TemporalUnit)#1 &amp; java.time.LocalTime#until(java.time.temporal.Temporal, java.time.temporal.TemporalUnit)#1 &amp; java.time.LocalDate#until(java.time.temporal.Temporal, java.time.temporal.TemporalUnit)#1 &amp; java.time.OffsetTime#until(java.time.temporal.Temporal, java.time.temporal.TemporalUnit)#1 &amp; java.time.OffsetDateTime#until(java.time.temporal.Temporal, java.time.temporal.TemporalUnit)#1 &amp; java.time.LocalDateTime#until(java.time.temporal.Temporal, java.time.temporal.TemporalUnit)#1 &amp; java.time.ZonedDateTime#until(java.time.temporal.Temporal, java.time.temporal.TemporalUnit)#1&quot;, &quot;until := java.time.chrono.ChronoLocalDate#until(java.time.temporal.Temporal, java.time.temporal.TemporalUnit) &amp; java.time.chrono.ChronoLocalDateImpl#until(java.time.temporal.Temporal, java.time.temporal.TemporalUnit) &amp; java.time.chrono.ChronoZonedDateTimeImpl#until(java.time.temporal.Temporal, java.time.temporal.TemporalUnit) &amp; java.time.chrono.ChronoLocalDateTimeImpl#until(java.time.temporal.Temporal, java.time.temporal.TemporalUnit) &amp; java.time.Year#until(java.time.temporal.Temporal, java.time.temporal.TemporalUnit) &amp; java.time.Instant#until(java.time.temporal.Temporal, java.time.temporal.TemporalUnit) &amp; java.time.YearMonth#until(java.time.temporal.Temporal, java.time.temporal.TemporalUnit) &amp; java.time.LocalTime#until(java.time.temporal.Temporal, java.time.temporal.TemporalUnit) &amp; java.time.LocalDate#until(java.time.temporal.Temporal, java.time.temporal.TemporalUnit) &amp; java.time.OffsetTime#until(java.time.temporal.Temporal, java.time.temporal.TemporalUnit) &amp; java.time.OffsetDateTime#until(java.time.temporal.Temporal, java.time.temporal.TemporalUnit) &amp; java.time.LocalDateTime#until(java.time.temporal.Temporal, java.time.temporal.TemporalUnit) &amp; java.time.ZonedDateTime#until(java.time.temporal.Temporal, java.time.temporal.TemporalUnit)&quot;, &quot;endExclusive := java.time.chrono.ChronoLocalDate#until(java.time.temporal.Temporal, java.time.temporal.TemporalUnit)#0 &amp; java.time.chrono.ChronoLocalDateImpl#until(java.time.temporal.Temporal, java.time.temporal.TemporalUnit)#0 &amp; java.time.chrono.ChronoZonedDateTimeImpl#until(java.time.temporal.Temporal, java.time.temporal.TemporalUnit)#0 &amp; java.time.chrono.ChronoLocalDateTimeImpl#until(java.time.temporal.Temporal, java.time.temporal.TemporalUnit)#0 &amp; IsoFields.Unit#between(java.time.temporal.Temporal, java.time.temporal.Temporal)#1 &amp; ChronoUnit#between(java.time.temporal.Temporal, java.time.temporal.Temporal)#1 &amp; java.time.Year#until(java.time.temporal.Temporal, java.time.temporal.TemporalUnit)#0 &amp; java.time.Instant#until(java.time.temporal.Temporal, java.time.temporal.TemporalUnit)#0 &amp; java.time.Duration#between(java.time.temporal.Temporal, java.time.temporal.Temporal)#1 &amp; java.time.YearMonth#until(java.time.temporal.Temporal, java.time.temporal.TemporalUnit)#0 &amp; java.time.LocalTime#until(java.time.temporal.Temporal, java.time.temporal.TemporalUnit)#0 &amp; java.time.LocalDate#until(java.time.temporal.Temporal, java.time.temporal.TemporalUnit)#0 &amp; java.time.OffsetTime#until(java.time.temporal.Temporal, java.time.temporal.TemporalUnit)#0 &amp; java.time.OffsetDateTime#until(java.time.temporal.Temporal, java.time.temporal.TemporalUnit)#0 &amp; java.time.LocalDateTime#until(java.time.temporal.Temporal, java.time.temporal.TemporalUnit)#0 &amp; java.time.ZonedDateTime#until(java.time.temporal.Temporal, java.time.temporal.TemporalUnit)#0&quot; }"/>
        </annotation>
    </item>
    <item name='java.time.temporal.TemporalAccessor R query(java.time.temporal.TemporalQuery&lt;R&gt;)'>
        <annotation name='com.intellij.inspections.tainted.annotation.equation.Equations'>
            <val val="{ &quot;query := java.time.Year#query(java.time.temporal.TemporalQuery) &amp; java.time.format.Parsed#query(java.time.temporal.TemporalQuery) &amp; java.time.LocalTime#query(java.time.temporal.TemporalQuery) &amp; java.time.YearMonth#query(java.time.temporal.TemporalQuery) &amp; java.time.LocalDate#query(java.time.temporal.TemporalQuery) &amp; java.time.MonthDay#query(java.time.temporal.TemporalQuery) &amp; java.time.ZoneOffset#query(java.time.temporal.TemporalQuery) &amp; java.time.Instant#query(java.time.temporal.TemporalQuery) &amp; java.time.ZonedDateTime#query(java.time.temporal.TemporalQuery) &amp; java.time.OffsetTime#query(java.time.temporal.TemporalQuery) &amp; java.time.OffsetDateTime#query(java.time.temporal.TemporalQuery) &amp; java.time.DayOfWeek#query(java.time.temporal.TemporalQuery) &amp; java.time.LocalDateTime#query(java.time.temporal.TemporalQuery) &amp; java.time.chrono.ChronoLocalDate#query(java.time.temporal.TemporalQuery) &amp; java.time.chrono.Era#query(java.time.temporal.TemporalQuery) &amp; java.time.Month#query(java.time.temporal.TemporalQuery) &amp; java.time.chrono.ChronoZonedDateTime#query(java.time.temporal.TemporalQuery) &amp; java.time.chrono.ChronoLocalDateTime#query(java.time.temporal.TemporalQuery)&quot;, &quot;query := java.time.Year#query(java.time.temporal.TemporalQuery)#0 &amp; java.time.format.Parsed#query(java.time.temporal.TemporalQuery)#0 &amp; java.time.LocalTime#query(java.time.temporal.TemporalQuery)#0 &amp; java.time.YearMonth#query(java.time.temporal.TemporalQuery)#0 &amp; java.time.LocalDate#query(java.time.temporal.TemporalQuery)#0 &amp; java.time.MonthDay#query(java.time.temporal.TemporalQuery)#0 &amp; java.time.ZoneOffset#query(java.time.temporal.TemporalQuery)#0 &amp; java.time.Instant#query(java.time.temporal.TemporalQuery)#0 &amp; java.time.ZonedDateTime#query(java.time.temporal.TemporalQuery)#0 &amp; java.time.OffsetTime#query(java.time.temporal.TemporalQuery)#0 &amp; java.time.OffsetDateTime#query(java.time.temporal.TemporalQuery)#0 &amp; java.time.DayOfWeek#query(java.time.temporal.TemporalQuery)#0 &amp; java.time.LocalDateTime#query(java.time.temporal.TemporalQuery)#0 &amp; java.time.chrono.ChronoLocalDate#query(java.time.temporal.TemporalQuery)#0 &amp; java.time.chrono.Era#query(java.time.temporal.TemporalQuery)#0 &amp; java.time.Month#query(java.time.temporal.TemporalQuery)#0 &amp; java.time.chrono.ChronoZonedDateTime#query(java.time.temporal.TemporalQuery)#0 &amp; java.time.chrono.ChronoLocalDateTime#query(java.time.temporal.TemporalQuery)#0&quot; }"/>
        </annotation>
    </item>
    <item name='java.time.temporal.TemporalAccessor boolean isSupported(java.time.temporal.TemporalField)'>
        <annotation name='com.intellij.inspections.tainted.annotation.equation.Equations'>
            <val val="{ &quot;field := java.time.Year#isSupported(java.time.temporal.TemporalField)#0 &amp; java.time.format.Parsed#isSupported(java.time.temporal.TemporalField)#0 &amp; java.time.LocalTime#isSupported(java.time.temporal.TemporalField)#0 &amp; java.time.YearMonth#isSupported(java.time.temporal.TemporalField)#0 &amp; java.time.LocalDate#isSupported(java.time.temporal.TemporalField)#0 &amp; java.time.MonthDay#isSupported(java.time.temporal.TemporalField)#0 &amp; java.time.ZoneOffset#isSupported(java.time.temporal.TemporalField)#0 &amp; java.time.Instant#isSupported(java.time.temporal.TemporalField)#0 &amp; java.time.ZonedDateTime#isSupported(java.time.temporal.TemporalField)#0 &amp; java.time.OffsetTime#isSupported(java.time.temporal.TemporalField)#0 &amp; java.time.OffsetDateTime#isSupported(java.time.temporal.TemporalField)#0 &amp; java.time.DayOfWeek#isSupported(java.time.temporal.TemporalField)#0 &amp; java.time.chrono.ChronoLocalDateTimeImpl#isSupported(java.time.temporal.TemporalField)#0 &amp; java.time.LocalDateTime#isSupported(java.time.temporal.TemporalField)#0 &amp; java.time.chrono.ChronoLocalDate#isSupported(java.time.temporal.TemporalField)#0 &amp; java.time.chrono.Era#isSupported(java.time.temporal.TemporalField)#0 &amp; java.time.chrono.ChronoLocalDateTime#isSupported(java.time.temporal.TemporalField)#0 &amp; java.time.chrono.ChronoZonedDateTime#isSupported(java.time.temporal.TemporalField)#0 &amp; java.time.Month#isSupported(java.time.temporal.TemporalField)#0&quot; }"/>
        </annotation>
    </item>
    <item name='java.time.temporal.TemporalAccessor int get(java.time.temporal.TemporalField)'>
        <annotation name='com.intellij.inspections.tainted.annotation.equation.Equations'>
            <val val="{ &quot;get := java.time.chrono.Era#get(java.time.temporal.TemporalField) &amp; java.time.chrono.ChronoZonedDateTime#get(java.time.temporal.TemporalField) &amp; java.time.chrono.ChronoLocalDateTimeImpl#get(java.time.temporal.TemporalField) &amp; java.time.Year#get(java.time.temporal.TemporalField) &amp; java.time.Month#get(java.time.temporal.TemporalField) &amp; java.time.Instant#get(java.time.temporal.TemporalField) &amp; java.time.DayOfWeek#get(java.time.temporal.TemporalField) &amp; java.time.MonthDay#get(java.time.temporal.TemporalField) &amp; java.time.YearMonth#get(java.time.temporal.TemporalField) &amp; java.time.LocalTime#get(java.time.temporal.TemporalField) &amp; java.time.LocalDate#get(java.time.temporal.TemporalField) &amp; java.time.OffsetTime#get(java.time.temporal.TemporalField) &amp; java.time.ZoneOffset#get(java.time.temporal.TemporalField) &amp; java.time.OffsetDateTime#get(java.time.temporal.TemporalField) &amp; java.time.LocalDateTime#get(java.time.temporal.TemporalField) &amp; java.time.ZonedDateTime#get(java.time.temporal.TemporalField)&quot;, &quot;field := java.time.chrono.Era#get(java.time.temporal.TemporalField)#0 &amp; ChronoField#YEAR &amp; ChronoField#MONTH_OF_YEAR &amp; ChronoField#DAY_OF_MONTH &amp; ChronoField#ERA &amp; ChronoField#YEAR_OF_ERA &amp; java.time.chrono.ChronoZonedDateTime#get(java.time.temporal.TemporalField)#0 &amp; java.time.chrono.ChronoLocalDateTimeImpl#get(java.time.temporal.TemporalField)#0 &amp; ChronoField#OFFSET_SECONDS &amp; IsoFields#WEEK_BASED_YEAR &amp; ChronoField#DAY_OF_WEEK &amp; ChronoField#DAY_OF_YEAR &amp; WeekFields.ComputedDayOfField &amp; java.time.Year#get(java.time.temporal.TemporalField)#0 &amp; java.time.Month#get(java.time.temporal.TemporalField)#0 &amp; WeekFields.ComputedDayOfField#rangeByWeek(java.time.temporal.TemporalAccessor, java.time.temporal.TemporalField)#1 &amp; ChronoField#NANO_OF_SECOND &amp; java.time.Instant#get(java.time.temporal.TemporalField)#0 &amp; java.time.DayOfWeek#get(java.time.temporal.TemporalField)#0 &amp; java.time.format.DateTimeFormatterBuilder.ReducedPrinterParser &amp; java.time.MonthDay#get(java.time.temporal.TemporalField)#0 &amp; java.time.YearMonth#get(java.time.temporal.TemporalField)#0 &amp; java.time.LocalTime#get(java.time.temporal.TemporalField)#0 &amp; java.time.LocalDate#get(java.time.temporal.TemporalField)#0 &amp; java.time.OffsetTime#get(java.time.temporal.TemporalField)#0 &amp; java.time.ZoneOffset#get(java.time.temporal.TemporalField)#0 &amp; java.time.OffsetDateTime#get(java.time.temporal.TemporalField)#0 &amp; java.time.LocalDateTime#get(java.time.temporal.TemporalField)#0 &amp; java.time.ZonedDateTime#get(java.time.temporal.TemporalField)#0 &amp; ChronoField#HOUR_OF_DAY &amp; ChronoField#CLOCK_HOUR_OF_AMPM &amp; ChronoField#MINUTE_OF_HOUR &amp; ChronoField#MILLI_OF_SECOND &amp; ChronoField#SECOND_OF_MINUTE&quot; }"/>
        </annotation>
    </item>
    <item name='java.time.temporal.TemporalAccessor java.time.temporal.ValueRange range(java.time.temporal.TemporalField)'>
        <annotation name='com.intellij.inspections.tainted.annotation.equation.Equations'>
            <val val="{ &quot;field := java.time.Year#range(java.time.temporal.TemporalField)#0 &amp; java.time.chrono.ThaiBuddhistDate#range(java.time.temporal.TemporalField)#0 &amp; java.time.LocalTime#range(java.time.temporal.TemporalField)#0 &amp; java.time.YearMonth#range(java.time.temporal.TemporalField)#0 &amp; java.time.LocalDate#range(java.time.temporal.TemporalField)#0 &amp; java.time.MonthDay#range(java.time.temporal.TemporalField)#0 &amp; java.time.ZoneOffset#range(java.time.temporal.TemporalField)#0 &amp; java.time.Instant#range(java.time.temporal.TemporalField)#0 &amp; java.time.chrono.HijrahDate#range(java.time.temporal.TemporalField)#0 &amp; java.time.chrono.JapaneseDate#range(java.time.temporal.TemporalField)#0 &amp; java.time.ZonedDateTime#range(java.time.temporal.TemporalField)#0 &amp; java.time.OffsetTime#range(java.time.temporal.TemporalField)#0 &amp; java.time.OffsetDateTime#range(java.time.temporal.TemporalField)#0 &amp; java.time.chrono.MinguoDate#range(java.time.temporal.TemporalField)#0 &amp; java.time.DayOfWeek#range(java.time.temporal.TemporalField)#0 &amp; java.time.chrono.ChronoLocalDateTimeImpl#range(java.time.temporal.TemporalField)#0 &amp; java.time.LocalDateTime#range(java.time.temporal.TemporalField)#0 &amp; java.time.chrono.Era#range(java.time.temporal.TemporalField)#0 &amp; java.time.Month#range(java.time.temporal.TemporalField)#0 &amp; java.time.chrono.ChronoZonedDateTime#range(java.time.temporal.TemporalField)#0&quot;, &quot;range := java.time.Year#range(java.time.temporal.TemporalField) &amp; java.time.chrono.ThaiBuddhistDate#range(java.time.temporal.TemporalField) &amp; java.time.LocalTime#range(java.time.temporal.TemporalField) &amp; java.time.YearMonth#range(java.time.temporal.TemporalField) &amp; java.time.LocalDate#range(java.time.temporal.TemporalField) &amp; java.time.MonthDay#range(java.time.temporal.TemporalField) &amp; java.time.ZoneOffset#range(java.time.temporal.TemporalField) &amp; java.time.Instant#range(java.time.temporal.TemporalField) &amp; java.time.chrono.HijrahDate#range(java.time.temporal.TemporalField) &amp; java.time.chrono.JapaneseDate#range(java.time.temporal.TemporalField) &amp; java.time.ZonedDateTime#range(java.time.temporal.TemporalField) &amp; java.time.OffsetTime#range(java.time.temporal.TemporalField) &amp; java.time.OffsetDateTime#range(java.time.temporal.TemporalField) &amp; java.time.chrono.MinguoDate#range(java.time.temporal.TemporalField) &amp; java.time.DayOfWeek#range(java.time.temporal.TemporalField) &amp; java.time.chrono.ChronoLocalDateTimeImpl#range(java.time.temporal.TemporalField) &amp; java.time.LocalDateTime#range(java.time.temporal.TemporalField) &amp; java.time.chrono.Era#range(java.time.temporal.TemporalField) &amp; java.time.Month#range(java.time.temporal.TemporalField) &amp; java.time.chrono.ChronoZonedDateTime#range(java.time.temporal.TemporalField)&quot; }"/>
        </annotation>
    </item>
    <item name='java.time.temporal.TemporalAccessor long getLong(java.time.temporal.TemporalField)'>
        <annotation name='com.intellij.inspections.tainted.annotation.equation.Equations'>
            <val val="{ &quot;getLong := java.time.chrono.Era#getLong(java.time.temporal.TemporalField) &amp; java.time.chrono.HijrahDate#getLong(java.time.temporal.TemporalField) &amp; java.time.chrono.MinguoDate#getLong(java.time.temporal.TemporalField) &amp; java.time.chrono.JapaneseDate#getLong(java.time.temporal.TemporalField) &amp; java.time.chrono.ThaiBuddhistDate#getLong(java.time.temporal.TemporalField) &amp; java.time.chrono.ChronoZonedDateTime#getLong(java.time.temporal.TemporalField) &amp; java.time.chrono.ChronoLocalDateTimeImpl#getLong(java.time.temporal.TemporalField) &amp; java.time.format.Parsed#getLong(java.time.temporal.TemporalField) &amp; java.time.Year#getLong(java.time.temporal.TemporalField) &amp; java.time.Month#getLong(java.time.temporal.TemporalField) &amp; java.time.Instant#getLong(java.time.temporal.TemporalField) &amp; java.time.DayOfWeek#getLong(java.time.temporal.TemporalField) &amp; java.time.MonthDay#getLong(java.time.temporal.TemporalField) &amp; java.time.YearMonth#getLong(java.time.temporal.TemporalField) &amp; java.time.LocalTime#getLong(java.time.temporal.TemporalField) &amp; java.time.LocalDate#getLong(java.time.temporal.TemporalField) &amp; java.time.OffsetTime#getLong(java.time.temporal.TemporalField) &amp; java.time.ZoneOffset#getLong(java.time.temporal.TemporalField) &amp; java.time.OffsetDateTime#getLong(java.time.temporal.TemporalField) &amp; java.time.LocalDateTime#getLong(java.time.temporal.TemporalField) &amp; java.time.ZonedDateTime#getLong(java.time.temporal.TemporalField)&quot;, &quot;field := ChronoField#NANO_OF_SECOND &amp; java.time.chrono.Era#getLong(java.time.temporal.TemporalField)#0 &amp; java.time.chrono.HijrahDate#getLong(java.time.temporal.TemporalField)#0 &amp; java.time.chrono.MinguoDate#getLong(java.time.temporal.TemporalField)#0 &amp; ChronoField#YEAR &amp; java.time.chrono.JapaneseDate#getLong(java.time.temporal.TemporalField)#0 &amp; ChronoField#EPOCH_DAY &amp; java.time.chrono.ThaiBuddhistDate#getLong(java.time.temporal.TemporalField)#0 &amp; ChronoField#ERA &amp; java.time.chrono.ChronoZonedDateTime#getLong(java.time.temporal.TemporalField)#0 &amp; ChronoField#PROLEPTIC_MONTH &amp; ChronoField#YEAR_OF_ERA &amp; ChronoField#MONTH_OF_YEAR &amp; ChronoField#DAY_OF_MONTH &amp; java.time.chrono.ChronoLocalDateTimeImpl#getLong(java.time.temporal.TemporalField)#0 &amp; java.time.format.Parsed#getLong(java.time.temporal.TemporalField)#0 &amp; java.time.format.DateTimePrintContext#getValue(java.time.temporal.TemporalField)#0 &amp; IsoFields#WEEK_BASED_YEAR &amp; ChronoField &amp; #get(java.time.temporal.TemporalField)#0 &amp; java.time.Year#getLong(java.time.temporal.TemporalField)#0 &amp; java.time.Month#getLong(java.time.temporal.TemporalField)#0 &amp; ChronoField#INSTANT_SECONDS &amp; java.time.Instant#getLong(java.time.temporal.TemporalField)#0 &amp; java.time.DayOfWeek#getLong(java.time.temporal.TemporalField)#0 &amp; java.time.MonthDay#getLong(java.time.temporal.TemporalField)#0 &amp; java.time.YearMonth#getLong(java.time.temporal.TemporalField)#0 &amp; java.time.LocalTime#getLong(java.time.temporal.TemporalField)#0 &amp; java.time.LocalDate#getLong(java.time.temporal.TemporalField)#0 &amp; java.time.OffsetTime#getLong(java.time.temporal.TemporalField)#0 &amp; java.time.ZoneOffset#getLong(java.time.temporal.TemporalField)#0 &amp; java.time.OffsetDateTime#getLong(java.time.temporal.TemporalField)#0 &amp; java.time.LocalDateTime#getLong(java.time.temporal.TemporalField)#0 &amp; java.time.ZonedDateTime#getLong(java.time.temporal.TemporalField)#0 &amp; ChronoField#MILLI_OF_SECOND&quot; }"/>
        </annotation>
    </item>
    <item name='java.time.temporal.TemporalAdjuster java.time.temporal.Temporal adjustInto(java.time.temporal.Temporal)'>
        <annotation name='com.intellij.inspections.tainted.annotation.equation.Equations'>
            <val val="{ &quot;adjustInto := java.time.Year#adjustInto(java.time.temporal.Temporal) &amp; java.time.LocalTime#adjustInto(java.time.temporal.Temporal) &amp; java.time.YearMonth#adjustInto(java.time.temporal.Temporal) &amp; java.time.LocalDate#adjustInto(java.time.temporal.Temporal) &amp; java.time.MonthDay#adjustInto(java.time.temporal.Temporal) &amp; java.time.ZoneOffset#adjustInto(java.time.temporal.Temporal) &amp; java.time.Instant#adjustInto(java.time.temporal.Temporal) &amp; java.time.OffsetTime#adjustInto(java.time.temporal.Temporal) &amp; java.time.OffsetDateTime#adjustInto(java.time.temporal.Temporal) &amp; java.time.DayOfWeek#adjustInto(java.time.temporal.Temporal) &amp; java.time.LocalDateTime#adjustInto(java.time.temporal.Temporal) &amp; java.time.chrono.ChronoLocalDate#adjustInto(java.time.temporal.Temporal) &amp; java.time.chrono.Era#adjustInto(java.time.temporal.Temporal) &amp; java.time.Month#adjustInto(java.time.temporal.Temporal) &amp; java.time.chrono.ChronoLocalDateTime#adjustInto(java.time.temporal.Temporal)&quot;, &quot;temporal := java.time.Year#adjustInto(java.time.temporal.Temporal)#0 &amp; java.time.LocalTime#adjustInto(java.time.temporal.Temporal)#0 &amp; java.time.YearMonth#adjustInto(java.time.temporal.Temporal)#0 &amp; java.time.LocalDate#adjustInto(java.time.temporal.Temporal)#0 &amp; java.time.MonthDay#adjustInto(java.time.temporal.Temporal)#0 &amp; java.time.ZoneOffset#adjustInto(java.time.temporal.Temporal)#0 &amp; java.time.Instant#adjustInto(java.time.temporal.Temporal)#0 &amp; java.time.OffsetTime#adjustInto(java.time.temporal.Temporal)#0 &amp; java.time.OffsetDateTime#adjustInto(java.time.temporal.Temporal)#0 &amp; java.time.DayOfWeek#adjustInto(java.time.temporal.Temporal)#0 &amp; java.time.LocalDateTime#adjustInto(java.time.temporal.Temporal)#0 &amp; java.time.chrono.ChronoLocalDate#adjustInto(java.time.temporal.Temporal)#0 &amp; java.time.chrono.Era#adjustInto(java.time.temporal.Temporal)#0 &amp; java.time.Month#adjustInto(java.time.temporal.Temporal)#0 &amp; java.time.chrono.ChronoLocalDateTime#adjustInto(java.time.temporal.Temporal)#0&quot; }"/>
        </annotation>
    </item>
    <item name='java.time.temporal.TemporalAdjusters java.time.temporal.TemporalAdjuster dayOfWeekInMonth(int, java.time.DayOfWeek)'>
        <annotation name='com.intellij.inspections.tainted.annotation.equation.Equations'>
            <val val="{ &quot;dayOfWeek := #firstInMonth(java.time.DayOfWeek)#0 &amp; #lastInMonth(java.time.DayOfWeek)#0&quot; }"/>
        </annotation>
    </item>
    <item name='java.time.temporal.TemporalAmount java.time.temporal.Temporal addTo(java.time.temporal.Temporal)'>
        <annotation name='com.intellij.inspections.tainted.annotation.equation.Equations'>
            <val val="{ &quot;temporal := java.time.chrono.ChronoPeriod#addTo(java.time.temporal.Temporal)#0 &amp; Temporal &amp; java.time.Year &amp; java.time.Instant &amp; java.time.Duration#addTo(java.time.temporal.Temporal)#0 &amp; java.time.YearMonth &amp; java.time.LocalTime &amp; java.time.LocalDate &amp; java.time.OffsetTime &amp; java.time.OffsetDateTime &amp; java.time.LocalDateTime &amp; java.time.ZonedDateTime&quot;, &quot;addTo := java.time.chrono.ChronoPeriod#addTo(java.time.temporal.Temporal) &amp; java.time.Duration#addTo(java.time.temporal.Temporal)&quot; }"/>
        </annotation>
    </item>
    <item name='java.time.temporal.TemporalAmount java.time.temporal.Temporal subtractFrom(java.time.temporal.Temporal)'>
        <annotation name='com.intellij.inspections.tainted.annotation.equation.Equations'>
            <val val="{ &quot;subtractFrom := java.time.Duration#subtractFrom(java.time.temporal.Temporal) &amp; java.time.chrono.ChronoPeriod#subtractFrom(java.time.temporal.Temporal)&quot;, &quot;temporal := java.time.Duration#subtractFrom(java.time.temporal.Temporal)#0 &amp; java.time.chrono.ChronoPeriod#subtractFrom(java.time.temporal.Temporal)#0&quot; }"/>
        </annotation>
    </item>
    <item name='java.time.temporal.TemporalAmount java.util.List&lt;java.time.temporal.TemporalUnit&gt; getUnits()'>
        <annotation name='com.intellij.inspections.tainted.annotation.equation.Equations'>
            <val val="{ &quot;getUnits := java.time.Duration#getUnits() &amp; java.time.chrono.ChronoPeriod#getUnits()&quot; }"/>
        </annotation>
    </item>
    <item name='java.time.temporal.TemporalAmount long get(java.time.temporal.TemporalUnit)'>
        <annotation name='com.intellij.inspections.tainted.annotation.equation.Equations'>
            <val val="{ &quot;unit := java.time.Duration#get(java.time.temporal.TemporalUnit)#0 &amp; java.time.chrono.ChronoPeriod#get(java.time.temporal.TemporalUnit)#0&quot;, &quot;get := java.time.Duration#get(java.time.temporal.TemporalUnit) &amp; java.time.chrono.ChronoPeriod#get(java.time.temporal.TemporalUnit)&quot; }"/>
        </annotation>
    </item>
    <item name='java.time.temporal.TemporalField R adjustInto(R, long)'>
        <annotation name='com.intellij.inspections.tainted.annotation.equation.Equations'>
            <val val="{ &quot;temporal := ChronoField#adjustInto(java.time.temporal.Temporal, long)#0 &amp; WeekFields.ComputedDayOfField#adjustInto(java.time.temporal.Temporal, long)#0 &amp; JulianFields.Field#adjustInto(java.time.temporal.Temporal, long)#0&quot;, &quot;newValue := ChronoField#adjustInto(java.time.temporal.Temporal, long)#1 &amp; WeekFields.ComputedDayOfField#adjustInto(java.time.temporal.Temporal, long)#1 &amp; JulianFields.Field#adjustInto(java.time.temporal.Temporal, long)#1&quot;, &quot;adjustInto := ChronoField#adjustInto(java.time.temporal.Temporal, long) &amp; WeekFields.ComputedDayOfField#adjustInto(java.time.temporal.Temporal, long) &amp; JulianFields.Field#adjustInto(java.time.temporal.Temporal, long)&quot; }"/>
        </annotation>
    </item>
    <item name='java.time.temporal.TemporalField boolean isSupportedBy(java.time.temporal.TemporalAccessor)'>
        <annotation name='com.intellij.inspections.tainted.annotation.equation.Equations'>
            <val val="{ &quot;temporal := java.time.Year &amp; java.time.format.Parsed &amp; java.time.YearMonth &amp; java.time.MonthDay &amp; java.time.ZoneOffset &amp; java.time.Instant &amp; java.time.chrono.Era &amp; java.time.chrono.ChronoLocalDate &amp; java.time.chrono.ChronoLocalDateTimeImpl &amp; java.time.chrono.ChronoZonedDateTimeImpl &amp; ChronoField#isSupportedBy(java.time.temporal.TemporalAccessor)#0 &amp; JulianFields.Field#isSupportedBy(java.time.temporal.TemporalAccessor)#0 &amp; java.time.Month &amp; WeekFields.ComputedDayOfField#isSupportedBy(java.time.temporal.TemporalAccessor)#0 &amp; java.time.DayOfWeek &amp; java.time.LocalTime &amp; java.time.OffsetTime &amp; java.time.OffsetDateTime &amp; java.time.LocalDateTime &amp; java.time.ZonedDateTime&quot; }"/>
        </annotation>
    </item>
    <item name='java.time.temporal.TemporalField java.lang.String getDisplayName(java.util.Locale)'>
        <annotation name='com.intellij.inspections.tainted.annotation.equation.Equations'>
            <val val="{ &quot;getDisplayName := ChronoField#getDisplayName(java.util.Locale) &amp; WeekFields.ComputedDayOfField#getDisplayName(java.util.Locale)&quot;, &quot;locale := ChronoField#getDisplayName(java.util.Locale)#0 &amp; WeekFields.ComputedDayOfField#getDisplayName(java.util.Locale)#0&quot; }"/>
        </annotation>
    </item>
    <item name='java.time.temporal.TemporalField java.lang.String toString()'>
        <annotation name='com.intellij.inspections.tainted.annotation.equation.Equations'>
            <val val="{ &quot;toString := ChronoField#toString() &amp; WeekFields.ComputedDayOfField#toString() &amp; JulianFields.Field#toString()&quot; }"/>
        </annotation>
    </item>
    <item name='java.time.temporal.TemporalField java.time.temporal.TemporalAccessor resolve(java.util.Map&lt;java.time.temporal.TemporalField,java.lang.Long&gt;, java.time.temporal.TemporalAccessor, java.time.format.ResolverStyle)'>
        <annotation name='com.intellij.inspections.tainted.annotation.equation.Equations'>
            <val val="{ &quot;partialTemporal := java.time.format.Parsed &amp; JulianFields.Field#resolve(java.util.Map, java.time.temporal.TemporalAccessor, java.time.format.ResolverStyle)#1 &amp; WeekFields.ComputedDayOfField#resolve(java.util.Map, java.time.temporal.TemporalAccessor, java.time.format.ResolverStyle)#1&quot;, &quot;resolve := JulianFields.Field#resolve(java.util.Map, java.time.temporal.TemporalAccessor, java.time.format.ResolverStyle) &amp; WeekFields.ComputedDayOfField#resolve(java.util.Map, java.time.temporal.TemporalAccessor, java.time.format.ResolverStyle)&quot;, &quot;fieldValues := java.time.format.Parsed &amp; JulianFields.Field#resolve(java.util.Map, java.time.temporal.TemporalAccessor, java.time.format.ResolverStyle)#0 &amp; WeekFields.ComputedDayOfField#resolve(java.util.Map, java.time.temporal.TemporalAccessor, java.time.format.ResolverStyle)#0&quot;, &quot;resolverStyle := java.time.format.Parsed &amp; JulianFields.Field#resolve(java.util.Map, java.time.temporal.TemporalAccessor, java.time.format.ResolverStyle)#2 &amp; WeekFields.ComputedDayOfField#resolve(java.util.Map, java.time.temporal.TemporalAccessor, java.time.format.ResolverStyle)#2&quot; }"/>
        </annotation>
    </item>
    <item name='java.time.temporal.TemporalField java.time.temporal.TemporalUnit getBaseUnit()'>
        <annotation name='com.intellij.inspections.tainted.annotation.equation.Equations'>
            <val val="{ &quot;getBaseUnit := ChronoField#getBaseUnit() &amp; WeekFields.ComputedDayOfField#getBaseUnit() &amp; JulianFields.Field#getBaseUnit()&quot; }"/>
        </annotation>
    </item>
    <item name='java.time.temporal.TemporalField java.time.temporal.TemporalUnit getRangeUnit()'>
        <annotation name='com.intellij.inspections.tainted.annotation.equation.Equations'>
            <val val="{ &quot;getRangeUnit := ChronoField#getRangeUnit() &amp; JulianFields.Field#getRangeUnit() &amp; WeekFields.ComputedDayOfField#getRangeUnit()&quot; }"/>
        </annotation>
    </item>
    <item name='java.time.temporal.TemporalField java.time.temporal.ValueRange range()'>
        <annotation name='com.intellij.inspections.tainted.annotation.equation.Equations'>
            <val val="{ &quot;range := ChronoField#range() &amp; WeekFields.ComputedDayOfField#range() &amp; JulianFields.Field#range()&quot; }"/>
        </annotation>
    </item>
    <item name='java.time.temporal.TemporalField java.time.temporal.ValueRange rangeRefinedBy(java.time.temporal.TemporalAccessor)'>
        <annotation name='com.intellij.inspections.tainted.annotation.equation.Equations'>
            <val val="{ &quot;rangeRefinedBy := ChronoField#rangeRefinedBy(java.time.temporal.TemporalAccessor) &amp; IsoFields.Field#rangeRefinedBy(java.time.temporal.TemporalAccessor) &amp; WeekFields.ComputedDayOfField#rangeRefinedBy(java.time.temporal.TemporalAccessor) &amp; JulianFields.Field#rangeRefinedBy(java.time.temporal.TemporalAccessor)&quot;, &quot;temporal := ChronoField#rangeRefinedBy(java.time.temporal.TemporalAccessor)#0 &amp; IsoFields.Field#rangeRefinedBy(java.time.temporal.TemporalAccessor)#0 &amp; WeekFields.ComputedDayOfField#rangeRefinedBy(java.time.temporal.TemporalAccessor)#0 &amp; JulianFields.Field#rangeRefinedBy(java.time.temporal.TemporalAccessor)#0&quot; }"/>
        </annotation>
    </item>
    <item name='java.time.temporal.TemporalField long getFrom(java.time.temporal.TemporalAccessor)'>
        <annotation name='com.intellij.inspections.tainted.annotation.equation.Equations'>
            <val val="{ &quot;temporal := ChronoField#getFrom(java.time.temporal.TemporalAccessor)#0 &amp; WeekFields.ComputedDayOfField#getFrom(java.time.temporal.TemporalAccessor)#0 &amp; JulianFields.Field#getFrom(java.time.temporal.TemporalAccessor)#0&quot;, &quot;getFrom := ChronoField#getFrom(java.time.temporal.TemporalAccessor) &amp; WeekFields.ComputedDayOfField#getFrom(java.time.temporal.TemporalAccessor) &amp; JulianFields.Field#getFrom(java.time.temporal.TemporalAccessor)&quot; }"/>
        </annotation>
    </item>
    <item name='java.time.temporal.TemporalQueries TemporalQueries()'>
        <annotation name='com.intellij.inspections.tainted.annotation.equation.Equations'>
            <val val="{ &quot;TemporalQueries := TemporalQueries&quot; }"/>
        </annotation>
    </item>
    <item name='java.time.temporal.TemporalQueries java.time.temporal.TemporalQuery&lt;java.time.LocalDate&gt; localDate()'>
        <annotation name='com.intellij.inspections.tainted.annotation.equation.Equations'>
            <val val="{ &quot;localDate := #LOCAL_DATE&quot; }"/>
        </annotation>
    </item>
    <item name='java.time.temporal.TemporalQueries java.time.temporal.TemporalQuery&lt;java.time.LocalTime&gt; localTime()'>
        <annotation name='com.intellij.inspections.tainted.annotation.equation.Equations'>
            <val val="{ &quot;localTime := #LOCAL_TIME&quot; }"/>
        </annotation>
    </item>
    <item name='java.time.temporal.TemporalQueries java.time.temporal.TemporalQuery&lt;java.time.ZoneId&gt; zone()'>
        <annotation name='com.intellij.inspections.tainted.annotation.equation.Equations'>
            <val val="{ &quot;zone := #ZONE&quot; }"/>
        </annotation>
    </item>
    <item name='java.time.temporal.TemporalQueries java.time.temporal.TemporalQuery&lt;java.time.ZoneId&gt; zoneId()'>
        <annotation name='com.intellij.inspections.tainted.annotation.equation.Equations'>
            <val val="{ &quot;zoneId := #ZONE_ID&quot; }"/>
        </annotation>
    </item>
    <item name='java.time.temporal.TemporalQueries java.time.temporal.TemporalQuery&lt;java.time.ZoneOffset&gt; offset()'>
        <annotation name='com.intellij.inspections.tainted.annotation.equation.Equations'>
            <val val="{ &quot;offset := #OFFSET&quot; }"/>
        </annotation>
    </item>
    <item name='java.time.temporal.TemporalQueries java.time.temporal.TemporalQuery&lt;java.time.chrono.Chronology&gt; chronology()'>
        <annotation name='com.intellij.inspections.tainted.annotation.equation.Equations'>
            <val val="{ &quot;chronology := #CHRONO&quot; }"/>
        </annotation>
    </item>
    <item name='java.time.temporal.TemporalQueries java.time.temporal.TemporalQuery&lt;java.time.temporal.TemporalUnit&gt; precision()'>
        <annotation name='com.intellij.inspections.tainted.annotation.equation.Equations'>
            <val val="{ &quot;precision := #PRECISION&quot; }"/>
        </annotation>
    </item>
    <item name='java.time.temporal.TemporalUnit R addTo(R, long)'>
        <annotation name='com.intellij.inspections.tainted.annotation.equation.Equations'>
            <val val="{ &quot;temporal := IsoFields.Unit#addTo(java.time.temporal.Temporal, long)#0 &amp; ChronoUnit#addTo(java.time.temporal.Temporal, long)#0&quot;, &quot;addTo := IsoFields.Unit#addTo(java.time.temporal.Temporal, long) &amp; ChronoUnit#addTo(java.time.temporal.Temporal, long)&quot;, &quot;amount := IsoFields.Unit#addTo(java.time.temporal.Temporal, long)#1 &amp; ChronoUnit#addTo(java.time.temporal.Temporal, long)#1&quot; }"/>
        </annotation>
    </item>
    <item name='java.time.temporal.TemporalUnit boolean isSupportedBy(java.time.temporal.Temporal)'>
        <annotation name='com.intellij.inspections.tainted.annotation.equation.Equations'>
            <val val="{ &quot;temporal := java.time.Year &amp; java.time.LocalTime &amp; java.time.YearMonth &amp; java.time.Instant &amp; java.time.chrono.ChronoLocalDate &amp; java.time.chrono.ChronoLocalDateTime &amp; java.time.chrono.ChronoZonedDateTime &amp; IsoFields.Unit#isSupportedBy(java.time.temporal.Temporal)#0 &amp; ChronoUnit#isSupportedBy(java.time.temporal.Temporal)#0 &amp; java.time.OffsetTime &amp; java.time.OffsetDateTime&quot; }"/>
        </annotation>
    </item>
    <item name='java.time.temporal.TemporalUnit java.lang.String toString()'>
        <annotation name='com.intellij.inspections.tainted.annotation.equation.Equations'>
            <val val="{ &quot;toString := IsoFields.Unit#toString() &amp; ChronoUnit#toString()&quot; }"/>
        </annotation>
    </item>
    <item name='java.time.temporal.TemporalUnit java.time.Duration getDuration()'>
        <annotation name='com.intellij.inspections.tainted.annotation.equation.Equations'>
            <val val="{ &quot;getDuration := IsoFields.Unit#getDuration() &amp; ChronoUnit#getDuration()&quot; }"/>
        </annotation>
    </item>
    <item name='java.time.temporal.TemporalUnit long between(java.time.temporal.Temporal, java.time.temporal.Temporal)'>
        <annotation name='com.intellij.inspections.tainted.annotation.equation.Equations'>
            <val val="{ &quot;between := IsoFields.Unit#between(java.time.temporal.Temporal, java.time.temporal.Temporal) &amp; ChronoUnit#between(java.time.temporal.Temporal, java.time.temporal.Temporal)&quot;, &quot;temporal2Exclusive := IsoFields.Unit#between(java.time.temporal.Temporal, java.time.temporal.Temporal)#1 &amp; ChronoUnit#between(java.time.temporal.Temporal, java.time.temporal.Temporal)#1&quot;, &quot;temporal1Inclusive := java.time.chrono.ChronoLocalDateImpl &amp; java.time.chrono.ChronoZonedDateTimeImpl &amp; java.time.chrono.ChronoLocalDateTimeImpl &amp; IsoFields.Unit#between(java.time.temporal.Temporal, java.time.temporal.Temporal)#0 &amp; ChronoUnit#between(java.time.temporal.Temporal, java.time.temporal.Temporal)#0 &amp; java.time.Year &amp; java.time.Instant &amp; java.time.YearMonth &amp; java.time.LocalTime &amp; java.time.LocalDate &amp; java.time.OffsetTime &amp; java.time.OffsetDateTime &amp; java.time.LocalDateTime &amp; java.time.ZonedDateTime&quot; }"/>
        </annotation>
    </item>
    <item name='java.time.temporal.UnsupportedTemporalTypeException UnsupportedTemporalTypeException(java.lang.String)'>
        <annotation name='com.intellij.inspections.tainted.annotation.equation.Equations'>
            <val val="{ &quot;UnsupportedTemporalTypeException := UnsupportedTemporalTypeException&quot; }"/>
        </annotation>
    </item>
    <item name='java.time.temporal.UnsupportedTemporalTypeException UnsupportedTemporalTypeException(java.lang.String, java.lang.Throwable)'>
        <annotation name='com.intellij.inspections.tainted.annotation.equation.Equations'>
            <val val="{ &quot;UnsupportedTemporalTypeException := UnsupportedTemporalTypeException&quot; }"/>
        </annotation>
    </item>
    <item name='java.time.temporal.ValueRange ValueRange(long, long, long, long)'>
        <annotation name='com.intellij.inspections.tainted.annotation.equation.Equations'>
            <val val="{ &quot;ValueRange := ValueRange&quot;, &quot;maxLargest := #of(long, long)#1 &amp; #of(long, long, long, long)#3&quot;, &quot;minLargest := #of(long, long)#0 &amp; #of(long, long, long, long)#1&quot;, &quot;maxSmallest := #of(long, long)#1 &amp; #of(long, long, long, long)#2&quot;, &quot;minSmallest := #of(long, long)#0 &amp; #of(long, long, long, long)#0&quot; }"/>
        </annotation>
    </item>
    <item name='java.time.temporal.ValueRange boolean isValidIntValue(long)'>
        <annotation name='com.intellij.inspections.tainted.annotation.equation.Equations'>
            <val val="{ &quot;value := #checkValidIntValue(long, java.time.temporal.TemporalField)#0&quot; }"/>
        </annotation>
    </item>
    <item name='java.time.temporal.ValueRange boolean isValidValue(long)'>
        <annotation name='com.intellij.inspections.tainted.annotation.equation.Equations'>
            <val val="{ &quot;value := #isValidIntValue(long)#0 &amp; #checkValidValue(long, java.time.temporal.TemporalField)#0 &amp; JulianFields.Field#adjustInto(java.time.temporal.Temporal, long)#1 &amp; java.time.format.DateTimeFormatterBuilder.ReducedPrinterParser#ReducedPrinterParser(java.time.temporal.TemporalField, int, int, int, java.time.chrono.ChronoLocalDate)#3&quot; }"/>
        </annotation>
    </item>
    <item name='java.time.temporal.ValueRange int checkValidIntValue(long, java.time.temporal.TemporalField)'>
        <annotation name='com.intellij.inspections.tainted.annotation.equation.Equations'>
            <val val="{ &quot;value := java.time.chrono.MinguoDate#with(java.time.temporal.TemporalField, long)#1 &amp; java.time.chrono.JapaneseDate#with(java.time.temporal.TemporalField, long)#1 &amp; java.time.chrono.ThaiBuddhistDate#with(java.time.temporal.TemporalField, long)#1 &amp; ChronoField#checkValidIntValue(long)#0 &amp; WeekFields.ComputedDayOfField#adjustInto(java.time.temporal.Temporal, long)#1 &amp; WeekFields.ComputedDayOfField#resolveWoM(java.util.Map, java.time.chrono.Chronology, int, long, long, int, java.time.format.ResolverStyle)#4 &amp; WeekFields.ComputedDayOfField#resolveWoY(java.util.Map, java.time.chrono.Chronology, int, long, int, java.time.format.ResolverStyle)#3&quot;, &quot;checkValidIntValue := value&quot;, &quot;field := java.time.chrono.MinguoDate#with(java.time.temporal.TemporalField, long)#0 &amp; java.time.chrono.JapaneseDate#with(java.time.temporal.TemporalField, long)#0 &amp; java.time.chrono.ThaiBuddhistDate#with(java.time.temporal.TemporalField, long)#0 &amp; ChronoField#ERA &amp; ChronoField#YEAR_OF_ERA &amp; ChronoField#MONTH_OF_YEAR &amp; ChronoField#DAY_OF_MONTH &amp; ChronoField#DAY_OF_YEAR &amp; ChronoField#YEAR &amp; ChronoField#ALIGNED_WEEK_OF_MONTH &amp; ChronoField#ALIGNED_DAY_OF_WEEK_IN_MONTH &amp; ChronoField#DAY_OF_WEEK &amp; ChronoField#ALIGNED_WEEK_OF_YEAR &amp; ChronoField#ALIGNED_DAY_OF_WEEK_IN_YEAR &amp; java.time.chrono.ChronoLocalDateTimeImpl#get(java.time.temporal.TemporalField)#0 &amp; ChronoField &amp; WeekFields.ComputedDayOfField &amp; java.time.Year#get(java.time.temporal.TemporalField)#0 &amp; java.time.Instant#get(java.time.temporal.TemporalField)#0 &amp; java.time.MonthDay#get(java.time.temporal.TemporalField)#0 &amp; java.time.YearMonth#get(java.time.temporal.TemporalField)#0 &amp; java.time.ZoneOffset#get(java.time.temporal.TemporalField)#0&quot; }"/>
        </annotation>
    </item>
    <item name='java.time.temporal.ValueRange int hashCode()'>
        <annotation name='com.intellij.inspections.tainted.annotation.equation.Equations'>
            <val val="{ &quot;hashCode := ValueRange&quot; }"/>
        </annotation>
    </item>
    <item name='java.time.temporal.ValueRange java.lang.String genInvalidFieldMessage(java.time.temporal.TemporalField, long)'>
        <annotation name='com.intellij.inspections.tainted.annotation.equation.Equations'>
            <val val="{ &quot;genInvalidFieldMessage := field &amp; ValueRange &amp; value&quot; }"/>
        </annotation>
    </item>
    <item name='java.time.temporal.ValueRange java.time.temporal.ValueRange of(long, long)'>
        <annotation name='com.intellij.inspections.tainted.annotation.equation.Equations'>
            <val val="{ &quot;max := java.time.Year#MAX_VALUE &amp; java.lang.Long#MAX_VALUE &amp; java.time.chrono.MinguoChronology#YEARS_DIFFERENCE &amp; java.time.chrono.ThaiBuddhistChronology#YEARS_DIFFERENCE &amp; JulianFields.Field#Field(java.lang.String, java.time.temporal.TemporalUnit, java.time.temporal.TemporalUnit, long)#3&quot;, &quot;min := java.time.Year#MIN_VALUE &amp; java.lang.Long#MIN_VALUE &amp; java.time.chrono.MinguoChronology#YEARS_DIFFERENCE &amp; java.time.chrono.ThaiBuddhistChronology#YEARS_DIFFERENCE &amp; JulianFields.Field#Field(java.lang.String, java.time.temporal.TemporalUnit, java.time.temporal.TemporalUnit, long)#3&quot; }"/>
        </annotation>
    </item>
    <item name='java.time.temporal.ValueRange java.time.temporal.ValueRange of(long, long, long)'>
        <annotation name='com.intellij.inspections.tainted.annotation.equation.Equations'>
            <val val="{ &quot;maxLargest := java.time.Year#MAX_VALUE &amp; java.time.chrono.MinguoChronology#YEARS_DIFFERENCE &amp; java.time.chrono.ThaiBuddhistChronology#YEARS_DIFFERENCE&quot;, &quot;maxSmallest := java.time.Year#MAX_VALUE &amp; java.time.chrono.MinguoChronology#YEARS_DIFFERENCE&quot; }"/>
        </annotation>
    </item>
    <item name='java.time.temporal.ValueRange java.time.temporal.ValueRange of(long, long, long, long)'>
        <annotation name='com.intellij.inspections.tainted.annotation.equation.Equations'>
            <val val="{ &quot;minLargest := #of(long, long, long)#0&quot;, &quot;maxSmallest := #of(long, long, long)#1&quot;, &quot;maxLargest := java.time.Year#MAX_VALUE &amp; #of(long, long, long)#2&quot;, &quot;minSmallest := #of(long, long, long)#0&quot; }"/>
        </annotation>
    </item>
    <item name='java.time.temporal.ValueRange long checkValidValue(long, java.time.temporal.TemporalField)'>
        <annotation name='com.intellij.inspections.tainted.annotation.equation.Equations'>
            <val val="{ &quot;checkValidValue := value&quot;, &quot;value := java.time.chrono.HijrahDate#with(java.time.temporal.TemporalField, long)#1 &amp; java.time.chrono.MinguoDate#with(java.time.temporal.TemporalField, long)#1 &amp; java.time.chrono.ThaiBuddhistDate#with(java.time.temporal.TemporalField, long)#1 &amp; ChronoField#checkValidValue(long)#0 &amp; java.time.format.DateTimeFormatterBuilder.FractionPrinterParser#convertToFraction(long)#0&quot;, &quot;field := java.time.chrono.HijrahDate#with(java.time.temporal.TemporalField, long)#0 &amp; java.time.chrono.MinguoDate#with(java.time.temporal.TemporalField, long)#0 &amp; java.time.chrono.ThaiBuddhistDate#with(java.time.temporal.TemporalField, long)#0 &amp; ChronoField#ERA &amp; ChronoField &amp; JulianFields.Field &amp; java.time.format.DateTimeFormatterBuilder.FractionPrinterParser&quot; }"/>
        </annotation>
    </item>
    <item name='java.time.temporal.ValueRange long getLargestMinimum()'>
        <annotation name='com.intellij.inspections.tainted.annotation.equation.Equations'>
            <val val="{ &quot;getLargestMinimum := ValueRange&quot; }"/>
        </annotation>
    </item>
    <item name='java.time.temporal.ValueRange long getMaximum()'>
        <annotation name='com.intellij.inspections.tainted.annotation.equation.Equations'>
            <val val="{ &quot;getMaximum := ValueRange&quot; }"/>
        </annotation>
    </item>
    <item name='java.time.temporal.ValueRange long getMinimum()'>
        <annotation name='com.intellij.inspections.tainted.annotation.equation.Equations'>
            <val val="{ &quot;getMinimum := ValueRange&quot; }"/>
        </annotation>
    </item>
    <item name='java.time.temporal.ValueRange long getSmallestMaximum()'>
        <annotation name='com.intellij.inspections.tainted.annotation.equation.Equations'>
            <val val="{ &quot;getSmallestMaximum := ValueRange&quot; }"/>
        </annotation>
    </item>
    <item name='java.time.temporal.WeekFields'>
        <annotation name='com.intellij.inspections.tainted.annotation.equation.Equations'>
            <val val="{ &quot;WeekFields := &quot; }"/>
        </annotation>
    </item>
    <item name='java.time.temporal.WeekFields WeekFields(java.time.DayOfWeek, int)'>
        <annotation name='com.intellij.inspections.tainted.annotation.equation.Equations'>
            <val val="{ &quot;WeekFields := WeekFields&quot;, &quot;minimalDaysInFirstWeek := #of(java.time.DayOfWeek, int)#1&quot;, &quot;firstDayOfWeek := java.time.DayOfWeek#MONDAY &amp; #of(java.time.DayOfWeek, int)#0&quot; }"/>
        </annotation>
    </item>
    <item name='java.time.temporal.WeekFields int getMinimalDaysInFirstWeek()'>
        <annotation name='com.intellij.inspections.tainted.annotation.equation.Equations'>
            <val val="{ &quot;getMinimalDaysInFirstWeek := WeekFields&quot; }"/>
        </annotation>
    </item>
    <item name='java.time.temporal.WeekFields int hashCode()'>
        <annotation name='com.intellij.inspections.tainted.annotation.equation.Equations'>
            <val val="{ &quot;hashCode := WeekFields&quot; }"/>
        </annotation>
    </item>
    <item name='java.time.temporal.WeekFields java.lang.String toString()'>
        <annotation name='com.intellij.inspections.tainted.annotation.equation.Equations'>
            <val val="{ &quot;toString := WeekFields&quot; }"/>
        </annotation>
    </item>
    <item name='java.time.temporal.WeekFields java.time.DayOfWeek getFirstDayOfWeek()'>
        <annotation name='com.intellij.inspections.tainted.annotation.equation.Equations'>
            <val val="{ &quot;getFirstDayOfWeek := WeekFields&quot; }"/>
        </annotation>
    </item>
    <item name='java.time.temporal.WeekFields java.time.temporal.TemporalField dayOfWeek()'>
        <annotation name='com.intellij.inspections.tainted.annotation.equation.Equations'>
            <val val="{ &quot;dayOfWeek := WeekFields&quot; }"/>
        </annotation>
    </item>
    <item name='java.time.temporal.WeekFields java.time.temporal.TemporalField weekBasedYear()'>
        <annotation name='com.intellij.inspections.tainted.annotation.equation.Equations'>
            <val val="{ &quot;weekBasedYear := WeekFields&quot; }"/>
        </annotation>
    </item>
    <item name='java.time.temporal.WeekFields java.time.temporal.TemporalField weekOfMonth()'>
        <annotation name='com.intellij.inspections.tainted.annotation.equation.Equations'>
            <val val="{ &quot;weekOfMonth := WeekFields&quot; }"/>
        </annotation>
    </item>
    <item name='java.time.temporal.WeekFields java.time.temporal.TemporalField weekOfWeekBasedYear()'>
        <annotation name='com.intellij.inspections.tainted.annotation.equation.Equations'>
            <val val="{ &quot;weekOfWeekBasedYear := WeekFields&quot; }"/>
        </annotation>
    </item>
    <item name='java.time.temporal.WeekFields java.time.temporal.TemporalField weekOfYear()'>
        <annotation name='com.intellij.inspections.tainted.annotation.equation.Equations'>
            <val val="{ &quot;weekOfYear := WeekFields&quot; }"/>
        </annotation>
    </item>
    <item name='java.time.temporal.WeekFields java.time.temporal.WeekFields of(java.time.DayOfWeek, int)'>
        <annotation name='com.intellij.inspections.tainted.annotation.equation.Equations'>
            <val val="{ &quot;minimalDaysInFirstWeek := WeekFields&quot;, &quot;firstDayOfWeek := java.time.DayOfWeek#SUNDAY &amp; WeekFields&quot; }"/>
        </annotation>
    </item>
    <item name='java.time.temporal.WeekFields java.time.temporal.WeekFields of(java.util.Locale)'>
        <annotation name='com.intellij.inspections.tainted.annotation.equation.Equations'>
            <val val="{ &quot;locale := java.time.format.DateTimeFormatterBuilder.WeekBasedFieldPrinterParser#printerParser(java.util.Locale)#0&quot; }"/>
        </annotation>
    </item>
    <item name='java.time.temporal.WeekFields.ComputedDayOfField ComputedDayOfField(java.lang.String, java.time.temporal.WeekFields, java.time.temporal.TemporalUnit, java.time.temporal.TemporalUnit, java.time.temporal.ValueRange)'>
        <annotation name='com.intellij.inspections.tainted.annotation.equation.Equations'>
            <val val="{ &quot;ComputedDayOfField := WeekFields.ComputedDayOfField&quot;, &quot;rangeUnit := ChronoUnit#WEEKS &amp; ChronoUnit#MONTHS &amp; ChronoUnit#YEARS &amp; IsoFields#WEEK_BASED_YEARS &amp; ChronoUnit#FOREVER&quot;, &quot;range := #DAY_OF_WEEK_RANGE &amp; #WEEK_OF_MONTH_RANGE &amp; #WEEK_OF_YEAR_RANGE &amp; #WEEK_OF_WEEK_BASED_YEAR_RANGE&quot;, &quot;weekDef := #ofDayOfWeekField(java.time.temporal.WeekFields)#0 &amp; #ofWeekOfMonthField(java.time.temporal.WeekFields)#0 &amp; #ofWeekOfYearField(java.time.temporal.WeekFields)#0 &amp; #ofWeekOfWeekBasedYearField(java.time.temporal.WeekFields)#0 &amp; #ofWeekBasedYearField(java.time.temporal.WeekFields)#0&quot;, &quot;baseUnit := ChronoUnit#DAYS &amp; ChronoUnit#WEEKS &amp; IsoFields#WEEK_BASED_YEARS&quot; }"/>
        </annotation>
    </item>
    <item name='java.time.temporal.WeekFields.ComputedDayOfField R adjustInto(R, long)'>
        <annotation name='com.intellij.inspections.tainted.annotation.equation.Equations'>
            <val val="{ &quot;adjustInto := temporal&quot; }"/>
        </annotation>
    </item>
    <item name='java.time.temporal.WeekFields.ComputedDayOfField int computeWeek(int, int)'>
        <annotation name='com.intellij.inspections.tainted.annotation.equation.Equations'>
            <val val="{ &quot;computeWeek := offset &amp; day&quot; }"/>
        </annotation>
    </item>
    <item name='java.time.temporal.WeekFields.ComputedDayOfField int localizedDayOfWeek(java.time.temporal.TemporalAccessor)'>
        <annotation name='com.intellij.inspections.tainted.annotation.equation.Equations'>
            <val val="{ &quot;temporal := #getFrom(java.time.temporal.TemporalAccessor)#0 &amp; #localizedWeekOfMonth(java.time.temporal.TemporalAccessor)#0 &amp; #localizedWeekOfYear(java.time.temporal.TemporalAccessor)#0 &amp; #localizedWeekBasedYear(java.time.temporal.TemporalAccessor)#0 &amp; #localizedWeekOfWeekBasedYear(java.time.temporal.TemporalAccessor)#0 &amp; #rangeByWeek(java.time.temporal.TemporalAccessor, java.time.temporal.TemporalField)#0 &amp; #rangeWeekOfWeekBasedYear(java.time.temporal.TemporalAccessor)#0&quot; }"/>
        </annotation>
    </item>
    <item name='java.time.temporal.WeekFields.ComputedDayOfField int localizedWeekBasedYear(java.time.temporal.TemporalAccessor)'>
        <annotation name='com.intellij.inspections.tainted.annotation.equation.Equations'>
            <val val="{ &quot;temporal := #getFrom(java.time.temporal.TemporalAccessor)#0&quot; }"/>
        </annotation>
    </item>
    <item name='java.time.temporal.WeekFields.ComputedDayOfField int localizedWeekOfWeekBasedYear(java.time.temporal.TemporalAccessor)'>
        <annotation name='com.intellij.inspections.tainted.annotation.equation.Equations'>
            <val val="{ &quot;temporal := #getFrom(java.time.temporal.TemporalAccessor)#0&quot; }"/>
        </annotation>
    </item>
    <item name='java.time.temporal.WeekFields.ComputedDayOfField java.lang.String getDisplayName(java.util.Locale)'>
        <annotation name='com.intellij.inspections.tainted.annotation.equation.Equations'>
            <val val="{ &quot;getDisplayName := WeekFields.ComputedDayOfField&quot; }"/>
        </annotation>
    </item>
    <item name='java.time.temporal.WeekFields.ComputedDayOfField java.lang.String toString()'>
        <annotation name='com.intellij.inspections.tainted.annotation.equation.Equations'>
            <val val="{ &quot;toString := WeekFields.ComputedDayOfField&quot; }"/>
        </annotation>
    </item>
    <item name='java.time.temporal.WeekFields.ComputedDayOfField java.time.chrono.ChronoLocalDate ofWeekBasedYear(java.time.chrono.Chronology, int, int, int)'>
        <annotation name='com.intellij.inspections.tainted.annotation.equation.Equations'>
            <val val="{ &quot;dow := #resolveWBY(java.util.Map, java.time.chrono.Chronology, int, java.time.format.ResolverStyle)#2&quot;, &quot;chrono := #resolveWBY(java.util.Map, java.time.chrono.Chronology, int, java.time.format.ResolverStyle)#1&quot;, &quot;yowby := #adjustInto(java.time.temporal.Temporal, long)#1&quot; }"/>
        </annotation>
    </item>
    <item name='java.time.temporal.WeekFields.ComputedDayOfField java.time.chrono.ChronoLocalDate resolveWBY(java.util.Map&lt;java.time.temporal.TemporalField,java.lang.Long&gt;, java.time.chrono.Chronology, int, java.time.format.ResolverStyle)'>
        <annotation name='com.intellij.inspections.tainted.annotation.equation.Equations'>
            <val val="{ &quot;fieldValues := #resolve(java.util.Map, java.time.temporal.TemporalAccessor, java.time.format.ResolverStyle)#0&quot;, &quot;resolverStyle := #resolve(java.util.Map, java.time.temporal.TemporalAccessor, java.time.format.ResolverStyle)#2&quot; }"/>
        </annotation>
    </item>
    <item name='java.time.temporal.WeekFields.ComputedDayOfField java.time.chrono.ChronoLocalDate resolveWoM(java.util.Map&lt;java.time.temporal.TemporalField,java.lang.Long&gt;, java.time.chrono.Chronology, int, long, long, int, java.time.format.ResolverStyle)'>
        <annotation name='com.intellij.inspections.tainted.annotation.equation.Equations'>
            <val val="{ &quot;resolverStyle := #resolve(java.util.Map, java.time.temporal.TemporalAccessor, java.time.format.ResolverStyle)#2&quot;, &quot;fieldValues := #resolve(java.util.Map, java.time.temporal.TemporalAccessor, java.time.format.ResolverStyle)#0&quot; }"/>
        </annotation>
    </item>
    <item name='java.time.temporal.WeekFields.ComputedDayOfField java.time.chrono.ChronoLocalDate resolveWoY(java.util.Map&lt;java.time.temporal.TemporalField,java.lang.Long&gt;, java.time.chrono.Chronology, int, long, int, java.time.format.ResolverStyle)'>
        <annotation name='com.intellij.inspections.tainted.annotation.equation.Equations'>
            <val val="{ &quot;fieldValues := #resolve(java.util.Map, java.time.temporal.TemporalAccessor, java.time.format.ResolverStyle)#0&quot;, &quot;resolverStyle := #resolve(java.util.Map, java.time.temporal.TemporalAccessor, java.time.format.ResolverStyle)#2&quot; }"/>
        </annotation>
    </item>
    <item name='java.time.temporal.WeekFields.ComputedDayOfField java.time.temporal.TemporalUnit getBaseUnit()'>
        <annotation name='com.intellij.inspections.tainted.annotation.equation.Equations'>
            <val val="{ &quot;getBaseUnit := WeekFields.ComputedDayOfField&quot; }"/>
        </annotation>
    </item>
    <item name='java.time.temporal.WeekFields.ComputedDayOfField java.time.temporal.TemporalUnit getRangeUnit()'>
        <annotation name='com.intellij.inspections.tainted.annotation.equation.Equations'>
            <val val="{ &quot;getRangeUnit := WeekFields.ComputedDayOfField&quot; }"/>
        </annotation>
    </item>
    <item name='java.time.temporal.WeekFields.ComputedDayOfField java.time.temporal.ValueRange range()'>
        <annotation name='com.intellij.inspections.tainted.annotation.equation.Equations'>
            <val val="{ &quot;range := WeekFields.ComputedDayOfField&quot; }"/>
        </annotation>
    </item>
    <item name='java.time.temporal.WeekFields.ComputedDayOfField java.time.temporal.ValueRange rangeByWeek(java.time.temporal.TemporalAccessor, java.time.temporal.TemporalField)'>
        <annotation name='com.intellij.inspections.tainted.annotation.equation.Equations'>
            <val val="{ &quot;temporal := #rangeRefinedBy(java.time.temporal.TemporalAccessor)#0&quot;, &quot;field := ChronoField#DAY_OF_MONTH &amp; ChronoField#DAY_OF_YEAR&quot; }"/>
        </annotation>
    </item>
    <item name='java.time.temporal.WeekFields.ComputedDayOfField java.time.temporal.ValueRange rangeRefinedBy(java.time.temporal.TemporalAccessor)'>
        <annotation name='com.intellij.inspections.tainted.annotation.equation.Equations'>
            <val val="{ &quot;rangeRefinedBy := WeekFields.ComputedDayOfField&quot; }"/>
        </annotation>
    </item>
    <item name='java.time.temporal.WeekFields.ComputedDayOfField java.time.temporal.ValueRange rangeWeekOfWeekBasedYear(java.time.temporal.TemporalAccessor)'>
        <annotation name='com.intellij.inspections.tainted.annotation.equation.Equations'>
            <val val="{ &quot;rangeWeekOfWeekBasedYear := #WEEK_OF_YEAR_RANGE&quot;, &quot;temporal := #rangeRefinedBy(java.time.temporal.TemporalAccessor)#0&quot; }"/>
        </annotation>
    </item>
    <item name='java.time.temporal.WeekFields.ComputedDayOfField java.time.temporal.WeekFields.ComputedDayOfField ofDayOfWeekField(java.time.temporal.WeekFields)'>
        <annotation name='com.intellij.inspections.tainted.annotation.equation.Equations'>
            <val val="{ &quot;weekDef := WeekFields&quot; }"/>
        </annotation>
    </item>
    <item name='java.time.temporal.WeekFields.ComputedDayOfField java.time.temporal.WeekFields.ComputedDayOfField ofWeekBasedYearField(java.time.temporal.WeekFields)'>
        <annotation name='com.intellij.inspections.tainted.annotation.equation.Equations'>
            <val val="{ &quot;weekDef := WeekFields&quot; }"/>
        </annotation>
    </item>
    <item name='java.time.temporal.WeekFields.ComputedDayOfField java.time.temporal.WeekFields.ComputedDayOfField ofWeekOfMonthField(java.time.temporal.WeekFields)'>
        <annotation name='com.intellij.inspections.tainted.annotation.equation.Equations'>
            <val val="{ &quot;weekDef := WeekFields&quot; }"/>
        </annotation>
    </item>
    <item name='java.time.temporal.WeekFields.ComputedDayOfField java.time.temporal.WeekFields.ComputedDayOfField ofWeekOfWeekBasedYearField(java.time.temporal.WeekFields)'>
        <annotation name='com.intellij.inspections.tainted.annotation.equation.Equations'>
            <val val="{ &quot;weekDef := WeekFields&quot; }"/>
        </annotation>
    </item>
    <item name='java.time.temporal.WeekFields.ComputedDayOfField java.time.temporal.WeekFields.ComputedDayOfField ofWeekOfYearField(java.time.temporal.WeekFields)'>
        <annotation name='com.intellij.inspections.tainted.annotation.equation.Equations'>
            <val val="{ &quot;weekDef := WeekFields&quot; }"/>
        </annotation>
    </item>
    <item name='java.time.temporal.WeekFields.ComputedDayOfField long localizedWeekOfMonth(java.time.temporal.TemporalAccessor)'>
        <annotation name='com.intellij.inspections.tainted.annotation.equation.Equations'>
            <val val="{ &quot;temporal := #getFrom(java.time.temporal.TemporalAccessor)#0&quot; }"/>
        </annotation>
    </item>
    <item name='java.time.temporal.WeekFields.ComputedDayOfField long localizedWeekOfYear(java.time.temporal.TemporalAccessor)'>
        <annotation name='com.intellij.inspections.tainted.annotation.equation.Equations'>
            <val val="{ &quot;temporal := #getFrom(java.time.temporal.TemporalAccessor)#0&quot; }"/>
        </annotation>
    </item>
</root>