<root>
    <item name='sun.security.krb5.internal.NetClient byte[] receive()'>
        <annotation name='com.intellij.inspections.tainted.annotation.equation.Equations'>
            <val val="{ &quot;receive := UDPClient#receive() &amp; TCPClient#receive()&quot; }"/>
        </annotation>
    </item>
    <item name='sun.security.krb5.internal.SeqNumber int current()'>
        <annotation name='com.intellij.inspections.tainted.annotation.equation.Equations'>
            <val val="{ &quot;current := LocalSeqNumber#current()&quot; }"/>
        </annotation>
    </item>
    <item name='sun.security.krb5.internal.SeqNumber int next()'>
        <annotation name='com.intellij.inspections.tainted.annotation.equation.Equations'>
            <val val="{ &quot;next := LocalSeqNumber#next()&quot; }"/>
        </annotation>
    </item>
    <item name='sun.security.krb5.internal.SeqNumber int step()'>
        <annotation name='com.intellij.inspections.tainted.annotation.equation.Equations'>
            <val val="{ &quot;step := LocalSeqNumber#step()&quot; }"/>
        </annotation>
    </item>
</root>