<root>
    <item name='com.sun.java_cup.internal.runtime.Scanner com.sun.java_cup.internal.runtime.Symbol next_token()'>
        <annotation name='com.intellij.inspections.tainted.annotation.equation.Equations'>
            <val val="{ &quot;next_token := com.sun.org.apache.xalan.internal.xsltc.compiler.XPathLexer#next_token()&quot; }"/>
        </annotation>
    </item>
    <item name='com.sun.java_cup.internal.runtime.Symbol Symbol(int)'>
        <annotation name='com.intellij.inspections.tainted.annotation.equation.Equations'>
            <val val="{ &quot;sym_num := com.sun.org.apache.xalan.internal.xsltc.compiler.XPathLexer#disambiguateAxisOrFunction(int)#0 &amp; com.sun.org.apache.xalan.internal.xsltc.compiler.XPathLexer#newSymbol(int)#0 &amp; com.sun.org.apache.xalan.internal.xsltc.compiler.sym#PATTERN &amp; com.sun.org.apache.xalan.internal.xsltc.compiler.sym#EXPRESSION &amp; #Symbol(int, int, int, java.lang.Object)#0 &amp; #Symbol(int, java.lang.Object)#0&quot;, &quot;Symbol := Symbol&quot; }"/>
        </annotation>
    </item>
    <item name='com.sun.java_cup.internal.runtime.Symbol Symbol(int, int)'>
        <annotation name='com.intellij.inspections.tainted.annotation.equation.Equations'>
            <val val="{ &quot;Symbol := Symbol&quot;, &quot;sym_num := #Symbol(int)#0&quot; }"/>
        </annotation>
    </item>
    <item name='com.sun.java_cup.internal.runtime.Symbol Symbol(int, int, int)'>
        <annotation name='com.intellij.inspections.tainted.annotation.equation.Equations'>
            <val val="{ &quot;sym_num := &quot;, &quot;Symbol := Symbol&quot; }"/>
        </annotation>
    </item>
    <item name='com.sun.java_cup.internal.runtime.Symbol Symbol(int, int, int, java.lang.Object)'>
        <annotation name='com.intellij.inspections.tainted.annotation.equation.Equations'>
            <val val="{ &quot;Symbol := Symbol&quot; }"/>
        </annotation>
    </item>
    <item name='com.sun.java_cup.internal.runtime.Symbol Symbol(int, java.lang.Object)'>
        <annotation name='com.intellij.inspections.tainted.annotation.equation.Equations'>
            <val val="{ &quot;o := com.sun.org.apache.xalan.internal.xsltc.compiler.XPathLexer#newSymbol(int, java.lang.String)#1 &amp; com.sun.org.apache.xalan.internal.xsltc.compiler.XPathLexer#newSymbol(int, java.lang.Long)#1 &amp; com.sun.org.apache.xalan.internal.xsltc.compiler.XPathLexer#newSymbol(int, java.lang.Double)#1&quot;, &quot;Symbol := Symbol&quot;, &quot;id := com.sun.org.apache.xalan.internal.xsltc.compiler.XPathLexer#newSymbol(int, java.lang.String)#0 &amp; com.sun.org.apache.xalan.internal.xsltc.compiler.XPathLexer#newSymbol(int, java.lang.Long)#0 &amp; com.sun.org.apache.xalan.internal.xsltc.compiler.XPathLexer#newSymbol(int, java.lang.Double)#0&quot; }"/>
        </annotation>
    </item>
    <item name='com.sun.java_cup.internal.runtime.Symbol java.lang.String toString()'>
        <annotation name='com.intellij.inspections.tainted.annotation.equation.Equations'>
            <val val="{ &quot;toString := Symbol&quot; }"/>
        </annotation>
    </item>
    <item name='com.sun.java_cup.internal.runtime.lr_parser'>
        <annotation name='com.intellij.inspections.tainted.annotation.equation.Equations'>
            <val val="{ &quot;lr_parser := lr_parser&quot; }"/>
        </annotation>
    </item>
    <item name='com.sun.java_cup.internal.runtime.lr_parser com.sun.java_cup.internal.runtime.Scanner getScanner()'>
        <annotation name='com.intellij.inspections.tainted.annotation.equation.Equations'>
            <val val="{ &quot;getScanner := lr_parser&quot; }"/>
        </annotation>
    </item>
    <item name='com.sun.java_cup.internal.runtime.lr_parser com.sun.java_cup.internal.runtime.Symbol cur_err_token()'>
        <annotation name='com.intellij.inspections.tainted.annotation.equation.Equations'>
            <val val="{ &quot;cur_err_token := lr_parser&quot; }"/>
        </annotation>
    </item>
    <item name='com.sun.java_cup.internal.runtime.lr_parser com.sun.java_cup.internal.runtime.Symbol do_action(int, com.sun.java_cup.internal.runtime.lr_parser, java.util.Stack, int)'>
        <annotation name='com.intellij.inspections.tainted.annotation.equation.Equations'>
            <val val="{ &quot;act_num := com.sun.org.apache.xalan.internal.xsltc.compiler.XPathParser#do_action(int, com.sun.java_cup.internal.runtime.lr_parser, java.util.Stack, int)#0&quot;, &quot;parser := com.sun.org.apache.xalan.internal.xsltc.compiler.XPathParser#do_action(int, com.sun.java_cup.internal.runtime.lr_parser, java.util.Stack, int)#1&quot;, &quot;top := com.sun.org.apache.xalan.internal.xsltc.compiler.XPathParser#do_action(int, com.sun.java_cup.internal.runtime.lr_parser, java.util.Stack, int)#3&quot;, &quot;stack := com.sun.org.apache.xalan.internal.xsltc.compiler.XPathParser#do_action(int, com.sun.java_cup.internal.runtime.lr_parser, java.util.Stack, int)#2&quot;, &quot;do_action := com.sun.org.apache.xalan.internal.xsltc.compiler.XPathParser#do_action(int, com.sun.java_cup.internal.runtime.lr_parser, java.util.Stack, int)&quot; }"/>
        </annotation>
    </item>
    <item name='com.sun.java_cup.internal.runtime.lr_parser int EOF_sym()'>
        <annotation name='com.intellij.inspections.tainted.annotation.equation.Equations'>
            <val val="{ &quot;EOF_sym := com.sun.org.apache.xalan.internal.xsltc.compiler.XPathParser#EOF_sym()&quot; }"/>
        </annotation>
    </item>
    <item name='com.sun.java_cup.internal.runtime.lr_parser int error_sym()'>
        <annotation name='com.intellij.inspections.tainted.annotation.equation.Equations'>
            <val val="{ &quot;error_sym := com.sun.org.apache.xalan.internal.xsltc.compiler.XPathParser#error_sym()&quot; }"/>
        </annotation>
    </item>
    <item name='com.sun.java_cup.internal.runtime.lr_parser int error_sync_size()'>
        <annotation name='com.intellij.inspections.tainted.annotation.equation.Equations'>
            <val val="{ &quot;error_sync_size := #_error_sync_size&quot; }"/>
        </annotation>
    </item>
    <item name='com.sun.java_cup.internal.runtime.lr_parser int start_production()'>
        <annotation name='com.intellij.inspections.tainted.annotation.equation.Equations'>
            <val val="{ &quot;start_production := com.sun.org.apache.xalan.internal.xsltc.compiler.XPathParser#start_production()&quot; }"/>
        </annotation>
    </item>
    <item name='com.sun.java_cup.internal.runtime.lr_parser int start_state()'>
        <annotation name='com.intellij.inspections.tainted.annotation.equation.Equations'>
            <val val="{ &quot;start_state := com.sun.org.apache.xalan.internal.xsltc.compiler.XPathParser#start_state()&quot; }"/>
        </annotation>
    </item>
    <item name='com.sun.java_cup.internal.runtime.lr_parser lr_parser()'>
        <annotation name='com.intellij.inspections.tainted.annotation.equation.Equations'>
            <val val="{ &quot;lr_parser := lr_parser&quot; }"/>
        </annotation>
    </item>
    <item name='com.sun.java_cup.internal.runtime.lr_parser lr_parser(com.sun.java_cup.internal.runtime.Scanner)'>
        <annotation name='com.intellij.inspections.tainted.annotation.equation.Equations'>
            <val val="{ &quot;lr_parser := lr_parser&quot;, &quot;s := com.sun.org.apache.xalan.internal.xsltc.compiler.XPathParser#XPathParser(com.sun.java_cup.internal.runtime.Scanner)#0&quot; }"/>
        </annotation>
    </item>
    <item name='com.sun.java_cup.internal.runtime.lr_parser short get_action(int, int)'>
        <annotation name='com.intellij.inspections.tainted.annotation.equation.Equations'>
            <val val="{ &quot;sym := lr_parser&quot;, &quot;state := &quot;, &quot;get_action := lr_parser&quot; }"/>
        </annotation>
    </item>
    <item name='com.sun.java_cup.internal.runtime.lr_parser short get_reduce(int, int)'>
        <annotation name='com.intellij.inspections.tainted.annotation.equation.Equations'>
            <val val="{ &quot;get_reduce := lr_parser&quot;, &quot;sym := lr_parser&quot;, &quot;state := &quot; }"/>
        </annotation>
    </item>
    <item name='com.sun.java_cup.internal.runtime.lr_parser short[][] action_table()'>
        <annotation name='com.intellij.inspections.tainted.annotation.equation.Equations'>
            <val val="{ &quot;action_table := com.sun.org.apache.xalan.internal.xsltc.compiler.XPathParser#action_table()&quot; }"/>
        </annotation>
    </item>
    <item name='com.sun.java_cup.internal.runtime.lr_parser short[][] production_table()'>
        <annotation name='com.intellij.inspections.tainted.annotation.equation.Equations'>
            <val val="{ &quot;production_table := com.sun.org.apache.xalan.internal.xsltc.compiler.XPathParser#production_table()&quot; }"/>
        </annotation>
    </item>
    <item name='com.sun.java_cup.internal.runtime.lr_parser short[][] reduce_table()'>
        <annotation name='com.intellij.inspections.tainted.annotation.equation.Equations'>
            <val val="{ &quot;reduce_table := com.sun.org.apache.xalan.internal.xsltc.compiler.XPathParser#reduce_table()&quot; }"/>
        </annotation>
    </item>
    <item name='com.sun.java_cup.internal.runtime.lr_parser void debug_message(java.lang.String)'>
        <annotation name='com.intellij.inspections.tainted.annotation.equation.Equations'>
            <val val="{ &quot;mess := #debug_reduce(int, int, int)#0 &amp; #debug_reduce(int, int, int)#1 &amp; #debug_reduce(int, int, int)#2 &amp; lr_parser&quot; }"/>
        </annotation>
    </item>
    <item name='com.sun.java_cup.internal.runtime.lr_parser void debug_reduce(int, int, int)'>
        <annotation name='com.intellij.inspections.tainted.annotation.equation.Equations'>
            <val val="{ &quot;rhs_size := lr_parser&quot;, &quot;nt_num := lr_parser&quot; }"/>
        </annotation>
    </item>
    <item name='com.sun.java_cup.internal.runtime.lr_parser void debug_shift(com.sun.java_cup.internal.runtime.Symbol)'>
        <annotation name='com.intellij.inspections.tainted.annotation.equation.Equations'>
            <val val="{ &quot;shift_tkn := lr_parser&quot; }"/>
        </annotation>
    </item>
    <item name='com.sun.java_cup.internal.runtime.lr_parser void report_error(java.lang.String, java.lang.Object)'>
        <annotation name='com.intellij.inspections.tainted.annotation.equation.Equations'>
            <val val="{ &quot;info := com.sun.org.apache.xalan.internal.xsltc.compiler.XPathParser#report_error(java.lang.String, java.lang.Object)#1 &amp; #report_fatal_error(java.lang.String, java.lang.Object)#1 &amp; #syntax_error(com.sun.java_cup.internal.runtime.Symbol)#0&quot;, &quot;message := com.sun.org.apache.xalan.internal.xsltc.compiler.XPathParser#report_error(java.lang.String, java.lang.Object)#0 &amp; #report_fatal_error(java.lang.String, java.lang.Object)#0&quot; }"/>
        </annotation>
    </item>
    <item name='com.sun.java_cup.internal.runtime.lr_parser void report_fatal_error(java.lang.String, java.lang.Object)'>
        <annotation name='com.intellij.inspections.tainted.annotation.equation.Equations'>
            <val val="{ &quot;info := com.sun.org.apache.xalan.internal.xsltc.compiler.XPathParser#report_fatal_error(java.lang.String, java.lang.Object)#1 &amp; #unrecovered_syntax_error(com.sun.java_cup.internal.runtime.Symbol)#0&quot;, &quot;message := com.sun.org.apache.xalan.internal.xsltc.compiler.XPathParser#report_fatal_error(java.lang.String, java.lang.Object)#0&quot; }"/>
        </annotation>
    </item>
    <item name='com.sun.java_cup.internal.runtime.lr_parser void setScanner(com.sun.java_cup.internal.runtime.Scanner)'>
        <annotation name='com.intellij.inspections.tainted.annotation.equation.Equations'>
            <val val="{ &quot;s := #lr_parser(com.sun.java_cup.internal.runtime.Scanner)#0&quot; }"/>
        </annotation>
    </item>
    <item name='com.sun.java_cup.internal.runtime.lr_parser void syntax_error(com.sun.java_cup.internal.runtime.Symbol)'>
        <annotation name='com.intellij.inspections.tainted.annotation.equation.Equations'>
            <val val="{ &quot;cur_token := lr_parser&quot; }"/>
        </annotation>
    </item>
    <item name='com.sun.java_cup.internal.runtime.lr_parser void unrecovered_syntax_error(com.sun.java_cup.internal.runtime.Symbol)'>
        <annotation name='com.intellij.inspections.tainted.annotation.equation.Equations'>
            <val val="{ &quot;cur_token := lr_parser&quot; }"/>
        </annotation>
    </item>
    <item name='com.sun.java_cup.internal.runtime.virtual_parse_stack virtual_parse_stack(java.util.Stack)'>
        <annotation name='com.intellij.inspections.tainted.annotation.equation.Equations'>
            <val val="{ &quot;virtual_parse_stack := virtual_parse_stack&quot;, &quot;shadowing_stack := lr_parser&quot; }"/>
        </annotation>
    </item>
    <item name='com.sun.java_cup.internal.runtime.virtual_parse_stack void push(int)'>
        <annotation name='com.intellij.inspections.tainted.annotation.equation.Equations'>
            <val val="{ &quot;state_num := &quot; }"/>
        </annotation>
    </item>
</root>