<root>
    <item name='sun.security.jgss.spi.GSSContextSpi byte[] acceptSecContext(java.io.InputStream, int)'>
        <annotation name='com.intellij.inspections.tainted.annotation.equation.Equations'>
            <val val="{ &quot;inputStream := sun.security.jgss.wrapper.NativeGSSContext#acceptSecContext(java.io.InputStream, int)#0&quot;, &quot;i := sun.security.jgss.wrapper.NativeGSSContext#acceptSecContext(java.io.InputStream, int)#1&quot;, &quot;acceptSecContext := sun.security.jgss.wrapper.NativeGSSContext#acceptSecContext(java.io.InputStream, int)&quot; }"/>
        </annotation>
    </item>
    <item name='sun.security.jgss.spi.GSSContextSpi byte[] export()'>
        <annotation name='com.intellij.inspections.tainted.annotation.equation.Equations'>
            <val val="{ &quot;export := sun.security.jgss.wrapper.NativeGSSContext#export()&quot; }"/>
        </annotation>
    </item>
    <item name='sun.security.jgss.spi.GSSContextSpi byte[] getMIC(byte[], int, int, org.ietf.jgss.MessageProp)'>
        <annotation name='com.intellij.inspections.tainted.annotation.equation.Equations'>
            <val val="{ &quot;getMIC := sun.security.jgss.wrapper.NativeGSSContext#getMIC(byte[], int, int, org.ietf.jgss.MessageProp)&quot;, &quot;bytes := sun.security.jgss.wrapper.NativeGSSContext#getMIC(byte[], int, int, org.ietf.jgss.MessageProp)#0&quot;, &quot;messageProp := sun.security.jgss.wrapper.NativeGSSContext#getMIC(byte[], int, int, org.ietf.jgss.MessageProp)#3&quot;, &quot;i1 := sun.security.jgss.wrapper.NativeGSSContext#getMIC(byte[], int, int, org.ietf.jgss.MessageProp)#2&quot;, &quot;i := sun.security.jgss.wrapper.NativeGSSContext#getMIC(byte[], int, int, org.ietf.jgss.MessageProp)#1&quot; }"/>
        </annotation>
    </item>
    <item name='sun.security.jgss.spi.GSSContextSpi byte[] initSecContext(java.io.InputStream, int)'>
        <annotation name='com.intellij.inspections.tainted.annotation.equation.Equations'>
            <val val="{ &quot;inputStream := sun.security.jgss.wrapper.NativeGSSContext#initSecContext(java.io.InputStream, int)#0&quot;, &quot;initSecContext := sun.security.jgss.wrapper.NativeGSSContext#initSecContext(java.io.InputStream, int)&quot;, &quot;i := sun.security.jgss.wrapper.NativeGSSContext#initSecContext(java.io.InputStream, int)#1&quot; }"/>
        </annotation>
    </item>
    <item name='sun.security.jgss.spi.GSSContextSpi byte[] unwrap(byte[], int, int, org.ietf.jgss.MessageProp)'>
        <annotation name='com.intellij.inspections.tainted.annotation.equation.Equations'>
            <val val="{ &quot;unwrap := sun.security.jgss.wrapper.NativeGSSContext#unwrap(byte[], int, int, org.ietf.jgss.MessageProp)&quot;, &quot;i := sun.security.jgss.wrapper.NativeGSSContext#unwrap(byte[], int, int, org.ietf.jgss.MessageProp)#1&quot;, &quot;messageProp := sun.security.jgss.wrapper.NativeGSSContext#unwrap(byte[], int, int, org.ietf.jgss.MessageProp)#3&quot;, &quot;i1 := sun.security.jgss.wrapper.NativeGSSContext#unwrap(byte[], int, int, org.ietf.jgss.MessageProp)#2&quot;, &quot;bytes := sun.security.jgss.wrapper.NativeGSSContext#unwrap(byte[], int, int, org.ietf.jgss.MessageProp)#0&quot; }"/>
        </annotation>
    </item>
    <item name='sun.security.jgss.spi.GSSContextSpi byte[] wrap(byte[], int, int, org.ietf.jgss.MessageProp)'>
        <annotation name='com.intellij.inspections.tainted.annotation.equation.Equations'>
            <val val="{ &quot;messageProp := sun.security.jgss.wrapper.NativeGSSContext#wrap(byte[], int, int, org.ietf.jgss.MessageProp)#3&quot;, &quot;i1 := sun.security.jgss.wrapper.NativeGSSContext#wrap(byte[], int, int, org.ietf.jgss.MessageProp)#2&quot;, &quot;i := sun.security.jgss.wrapper.NativeGSSContext#wrap(byte[], int, int, org.ietf.jgss.MessageProp)#1&quot;, &quot;bytes := sun.security.jgss.wrapper.NativeGSSContext#wrap(byte[], int, int, org.ietf.jgss.MessageProp)#0&quot;, &quot;wrap := sun.security.jgss.wrapper.NativeGSSContext#wrap(byte[], int, int, org.ietf.jgss.MessageProp)&quot; }"/>
        </annotation>
    </item>
    <item name='sun.security.jgss.spi.GSSContextSpi int getLifetime()'>
        <annotation name='com.intellij.inspections.tainted.annotation.equation.Equations'>
            <val val="{ &quot;getLifetime := sun.security.jgss.wrapper.NativeGSSContext#getLifetime()&quot; }"/>
        </annotation>
    </item>
    <item name='sun.security.jgss.spi.GSSContextSpi int getWrapSizeLimit(int, boolean, int)'>
        <annotation name='com.intellij.inspections.tainted.annotation.equation.Equations'>
            <val val="{ &quot;getWrapSizeLimit := sun.security.jgss.wrapper.NativeGSSContext#getWrapSizeLimit(int, boolean, int)&quot;, &quot;i1 := sun.security.jgss.wrapper.NativeGSSContext#getWrapSizeLimit(int, boolean, int)#2&quot;, &quot;i := sun.security.jgss.wrapper.NativeGSSContext#getWrapSizeLimit(int, boolean, int)#0&quot; }"/>
        </annotation>
    </item>
    <item name='sun.security.jgss.spi.GSSContextSpi java.lang.Object inquireSecContext(com.sun.security.jgss.InquireType)'>
        <annotation name='com.intellij.inspections.tainted.annotation.equation.Equations'>
            <val val="{ &quot;inquireType := sun.security.jgss.wrapper.NativeGSSContext#inquireSecContext(com.sun.security.jgss.InquireType)#0&quot;, &quot;inquireSecContext := sun.security.jgss.wrapper.NativeGSSContext#inquireSecContext(com.sun.security.jgss.InquireType)&quot; }"/>
        </annotation>
    </item>
    <item name='sun.security.jgss.spi.GSSContextSpi java.security.Provider getProvider()'>
        <annotation name='com.intellij.inspections.tainted.annotation.equation.Equations'>
            <val val="{ &quot;getProvider := sun.security.jgss.wrapper.NativeGSSContext#getProvider()&quot; }"/>
        </annotation>
    </item>
    <item name='sun.security.jgss.spi.GSSContextSpi org.ietf.jgss.Oid getMech()'>
        <annotation name='com.intellij.inspections.tainted.annotation.equation.Equations'>
            <val val="{ &quot;getMech := sun.security.jgss.wrapper.NativeGSSContext#getMech()&quot; }"/>
        </annotation>
    </item>
    <item name='sun.security.jgss.spi.GSSContextSpi sun.security.jgss.spi.GSSCredentialSpi getDelegCred()'>
        <annotation name='com.intellij.inspections.tainted.annotation.equation.Equations'>
            <val val="{ &quot;getDelegCred := sun.security.jgss.wrapper.NativeGSSContext#getDelegCred()&quot; }"/>
        </annotation>
    </item>
    <item name='sun.security.jgss.spi.GSSContextSpi sun.security.jgss.spi.GSSNameSpi getSrcName()'>
        <annotation name='com.intellij.inspections.tainted.annotation.equation.Equations'>
            <val val="{ &quot;getSrcName := sun.security.jgss.wrapper.NativeGSSContext#getSrcName()&quot; }"/>
        </annotation>
    </item>
    <item name='sun.security.jgss.spi.GSSContextSpi sun.security.jgss.spi.GSSNameSpi getTargName()'>
        <annotation name='com.intellij.inspections.tainted.annotation.equation.Equations'>
            <val val="{ &quot;getTargName := sun.security.jgss.wrapper.NativeGSSContext#getTargName()&quot; }"/>
        </annotation>
    </item>
    <item name='sun.security.jgss.spi.GSSContextSpi void getMIC(java.io.InputStream, java.io.OutputStream, org.ietf.jgss.MessageProp)'>
        <annotation name='com.intellij.inspections.tainted.annotation.equation.Equations'>
            <val val="{ &quot;messageProp := sun.security.jgss.wrapper.NativeGSSContext#getMIC(java.io.InputStream, java.io.OutputStream, org.ietf.jgss.MessageProp)#2&quot;, &quot;inputStream := sun.security.jgss.wrapper.NativeGSSContext#getMIC(java.io.InputStream, java.io.OutputStream, org.ietf.jgss.MessageProp)#0&quot;, &quot;outputStream := sun.security.jgss.wrapper.NativeGSSContext#getMIC(java.io.InputStream, java.io.OutputStream, org.ietf.jgss.MessageProp)#1&quot; }"/>
        </annotation>
    </item>
    <item name='sun.security.jgss.spi.GSSContextSpi void requestLifetime(int)'>
        <annotation name='com.intellij.inspections.tainted.annotation.equation.Equations'>
            <val val="{ &quot;i := sun.security.jgss.wrapper.NativeGSSContext#requestLifetime(int)#0&quot; }"/>
        </annotation>
    </item>
    <item name='sun.security.jgss.spi.GSSContextSpi void setChannelBinding(org.ietf.jgss.ChannelBinding)'>
        <annotation name='com.intellij.inspections.tainted.annotation.equation.Equations'>
            <val val="{ &quot;channelBinding := sun.security.jgss.wrapper.NativeGSSContext#setChannelBinding(org.ietf.jgss.ChannelBinding)#0&quot; }"/>
        </annotation>
    </item>
    <item name='sun.security.jgss.spi.GSSContextSpi void unwrap(java.io.InputStream, java.io.OutputStream, org.ietf.jgss.MessageProp)'>
        <annotation name='com.intellij.inspections.tainted.annotation.equation.Equations'>
            <val val="{ &quot;inputStream := sun.security.jgss.wrapper.NativeGSSContext#unwrap(java.io.InputStream, java.io.OutputStream, org.ietf.jgss.MessageProp)#0&quot;, &quot;outputStream := sun.security.jgss.wrapper.NativeGSSContext#unwrap(java.io.InputStream, java.io.OutputStream, org.ietf.jgss.MessageProp)#1&quot;, &quot;messageProp := sun.security.jgss.wrapper.NativeGSSContext#unwrap(java.io.InputStream, java.io.OutputStream, org.ietf.jgss.MessageProp)#2&quot; }"/>
        </annotation>
    </item>
    <item name='sun.security.jgss.spi.GSSContextSpi void verifyMIC(byte[], int, int, byte[], int, int, org.ietf.jgss.MessageProp)'>
        <annotation name='com.intellij.inspections.tainted.annotation.equation.Equations'>
            <val val="{ &quot;i := sun.security.jgss.wrapper.NativeGSSContext#verifyMIC(byte[], int, int, byte[], int, int, org.ietf.jgss.MessageProp)#1&quot;, &quot;i2 := sun.security.jgss.wrapper.NativeGSSContext#verifyMIC(byte[], int, int, byte[], int, int, org.ietf.jgss.MessageProp)#4&quot;, &quot;messageProp := sun.security.jgss.wrapper.NativeGSSContext#verifyMIC(byte[], int, int, byte[], int, int, org.ietf.jgss.MessageProp)#6&quot;, &quot;bytes := sun.security.jgss.wrapper.NativeGSSContext#verifyMIC(byte[], int, int, byte[], int, int, org.ietf.jgss.MessageProp)#0&quot;, &quot;i1 := sun.security.jgss.wrapper.NativeGSSContext#verifyMIC(byte[], int, int, byte[], int, int, org.ietf.jgss.MessageProp)#2&quot;, &quot;i3 := sun.security.jgss.wrapper.NativeGSSContext#verifyMIC(byte[], int, int, byte[], int, int, org.ietf.jgss.MessageProp)#5&quot;, &quot;bytes1 := sun.security.jgss.wrapper.NativeGSSContext#verifyMIC(byte[], int, int, byte[], int, int, org.ietf.jgss.MessageProp)#3&quot; }"/>
        </annotation>
    </item>
    <item name='sun.security.jgss.spi.GSSContextSpi void verifyMIC(java.io.InputStream, java.io.InputStream, org.ietf.jgss.MessageProp)'>
        <annotation name='com.intellij.inspections.tainted.annotation.equation.Equations'>
            <val val="{ &quot;messageProp := sun.security.jgss.wrapper.NativeGSSContext#verifyMIC(java.io.InputStream, java.io.InputStream, org.ietf.jgss.MessageProp)#2&quot;, &quot;inputStream1 := sun.security.jgss.wrapper.NativeGSSContext#verifyMIC(java.io.InputStream, java.io.InputStream, org.ietf.jgss.MessageProp)#1&quot;, &quot;inputStream := sun.security.jgss.wrapper.NativeGSSContext#verifyMIC(java.io.InputStream, java.io.InputStream, org.ietf.jgss.MessageProp)#0&quot; }"/>
        </annotation>
    </item>
    <item name='sun.security.jgss.spi.GSSContextSpi void wrap(java.io.InputStream, java.io.OutputStream, org.ietf.jgss.MessageProp)'>
        <annotation name='com.intellij.inspections.tainted.annotation.equation.Equations'>
            <val val="{ &quot;inputStream := sun.security.jgss.wrapper.NativeGSSContext#wrap(java.io.InputStream, java.io.OutputStream, org.ietf.jgss.MessageProp)#0&quot;, &quot;messageProp := sun.security.jgss.wrapper.NativeGSSContext#wrap(java.io.InputStream, java.io.OutputStream, org.ietf.jgss.MessageProp)#2&quot;, &quot;outputStream := sun.security.jgss.wrapper.NativeGSSContext#wrap(java.io.InputStream, java.io.OutputStream, org.ietf.jgss.MessageProp)#1&quot; }"/>
        </annotation>
    </item>
    <item name='sun.security.jgss.spi.GSSCredentialSpi int getAcceptLifetime()'>
        <annotation name='com.intellij.inspections.tainted.annotation.equation.Equations'>
            <val val="{ &quot;getAcceptLifetime := sun.security.jgss.wrapper.GSSCredElement#getAcceptLifetime() &amp; sun.security.jgss.spnego.SpNegoCredElement#getAcceptLifetime()&quot; }"/>
        </annotation>
    </item>
    <item name='sun.security.jgss.spi.GSSCredentialSpi int getInitLifetime()'>
        <annotation name='com.intellij.inspections.tainted.annotation.equation.Equations'>
            <val val="{ &quot;getInitLifetime := sun.security.jgss.spnego.SpNegoCredElement#getInitLifetime() &amp; sun.security.jgss.wrapper.GSSCredElement#getInitLifetime()&quot; }"/>
        </annotation>
    </item>
    <item name='sun.security.jgss.spi.GSSCredentialSpi java.security.Provider getProvider()'>
        <annotation name='com.intellij.inspections.tainted.annotation.equation.Equations'>
            <val val="{ &quot;getProvider := sun.security.jgss.wrapper.GSSCredElement#getProvider() &amp; sun.security.jgss.spnego.SpNegoCredElement#getProvider()&quot; }"/>
        </annotation>
    </item>
    <item name='sun.security.jgss.spi.GSSCredentialSpi org.ietf.jgss.Oid getMechanism()'>
        <annotation name='com.intellij.inspections.tainted.annotation.equation.Equations'>
            <val val="{ &quot;getMechanism := sun.security.jgss.wrapper.GSSCredElement#getMechanism() &amp; sun.security.jgss.spnego.SpNegoCredElement#getMechanism()&quot; }"/>
        </annotation>
    </item>
    <item name='sun.security.jgss.spi.GSSCredentialSpi sun.security.jgss.spi.GSSCredentialSpi impersonate(sun.security.jgss.spi.GSSNameSpi)'>
        <annotation name='com.intellij.inspections.tainted.annotation.equation.Equations'>
            <val val="{ &quot;impersonate := sun.security.jgss.wrapper.GSSCredElement#impersonate(sun.security.jgss.spi.GSSNameSpi) &amp; sun.security.jgss.spnego.SpNegoCredElement#impersonate(sun.security.jgss.spi.GSSNameSpi)&quot;, &quot;gssNameSpi := sun.security.jgss.wrapper.GSSCredElement#impersonate(sun.security.jgss.spi.GSSNameSpi)#0 &amp; sun.security.jgss.spnego.SpNegoCredElement#impersonate(sun.security.jgss.spi.GSSNameSpi)#0&quot; }"/>
        </annotation>
    </item>
    <item name='sun.security.jgss.spi.GSSCredentialSpi sun.security.jgss.spi.GSSNameSpi getName()'>
        <annotation name='com.intellij.inspections.tainted.annotation.equation.Equations'>
            <val val="{ &quot;getName := sun.security.jgss.spnego.SpNegoCredElement#getName() &amp; sun.security.jgss.wrapper.GSSCredElement#getName()&quot; }"/>
        </annotation>
    </item>
    <item name='sun.security.jgss.spi.GSSNameSpi boolean equals(java.lang.Object)'>
        <annotation name='com.intellij.inspections.tainted.annotation.equation.Equations'>
            <val val="{ &quot;o := sun.security.jgss.wrapper.GSSNameElement#equals(java.lang.Object)#0&quot; }"/>
        </annotation>
    </item>
    <item name='sun.security.jgss.spi.GSSNameSpi boolean equals(sun.security.jgss.spi.GSSNameSpi)'>
        <annotation name='com.intellij.inspections.tainted.annotation.equation.Equations'>
            <val val="{ &quot;gssNameSpi := sun.security.jgss.wrapper.GSSNameElement#equals(sun.security.jgss.spi.GSSNameSpi)#0&quot; }"/>
        </annotation>
    </item>
    <item name='sun.security.jgss.spi.GSSNameSpi byte[] export()'>
        <annotation name='com.intellij.inspections.tainted.annotation.equation.Equations'>
            <val val="{ &quot;export := sun.security.jgss.wrapper.GSSNameElement#export()&quot; }"/>
        </annotation>
    </item>
    <item name='sun.security.jgss.spi.GSSNameSpi int hashCode()'>
        <annotation name='com.intellij.inspections.tainted.annotation.equation.Equations'>
            <val val="{ &quot;hashCode := sun.security.jgss.wrapper.GSSNameElement#hashCode()&quot; }"/>
        </annotation>
    </item>
    <item name='sun.security.jgss.spi.GSSNameSpi java.lang.String toString()'>
        <annotation name='com.intellij.inspections.tainted.annotation.equation.Equations'>
            <val val="{ &quot;toString := sun.security.jgss.wrapper.GSSNameElement#toString()&quot; }"/>
        </annotation>
    </item>
    <item name='sun.security.jgss.spi.GSSNameSpi java.security.Provider getProvider()'>
        <annotation name='com.intellij.inspections.tainted.annotation.equation.Equations'>
            <val val="{ &quot;getProvider := sun.security.jgss.wrapper.GSSNameElement#getProvider()&quot; }"/>
        </annotation>
    </item>
    <item name='sun.security.jgss.spi.GSSNameSpi org.ietf.jgss.Oid getMechanism()'>
        <annotation name='com.intellij.inspections.tainted.annotation.equation.Equations'>
            <val val="{ &quot;getMechanism := sun.security.jgss.wrapper.GSSNameElement#getMechanism()&quot; }"/>
        </annotation>
    </item>
    <item name='sun.security.jgss.spi.GSSNameSpi org.ietf.jgss.Oid getStringNameType()'>
        <annotation name='com.intellij.inspections.tainted.annotation.equation.Equations'>
            <val val="{ &quot;getStringNameType := sun.security.jgss.wrapper.GSSNameElement#getStringNameType()&quot; }"/>
        </annotation>
    </item>
    <item name='sun.security.jgss.spi.MechanismFactory java.security.Provider getProvider()'>
        <annotation name='com.intellij.inspections.tainted.annotation.equation.Equations'>
            <val val="{ &quot;getProvider := sun.security.jgss.wrapper.NativeGSSFactory#getProvider()&quot; }"/>
        </annotation>
    </item>
    <item name='sun.security.jgss.spi.MechanismFactory org.ietf.jgss.Oid getMechanismOid()'>
        <annotation name='com.intellij.inspections.tainted.annotation.equation.Equations'>
            <val val="{ &quot;getMechanismOid := sun.security.jgss.wrapper.NativeGSSFactory#getMechanismOid()&quot; }"/>
        </annotation>
    </item>
    <item name='sun.security.jgss.spi.MechanismFactory org.ietf.jgss.Oid[] getNameTypes()'>
        <annotation name='com.intellij.inspections.tainted.annotation.equation.Equations'>
            <val val="{ &quot;getNameTypes := sun.security.jgss.wrapper.NativeGSSFactory#getNameTypes()&quot; }"/>
        </annotation>
    </item>
    <item name='sun.security.jgss.spi.MechanismFactory sun.security.jgss.spi.GSSContextSpi getMechanismContext(byte[])'>
        <annotation name='com.intellij.inspections.tainted.annotation.equation.Equations'>
            <val val="{ &quot;bytes := sun.security.jgss.wrapper.NativeGSSFactory#getMechanismContext(byte[])#0&quot;, &quot;getMechanismContext := sun.security.jgss.wrapper.NativeGSSFactory#getMechanismContext(byte[])&quot; }"/>
        </annotation>
    </item>
    <item name='sun.security.jgss.spi.MechanismFactory sun.security.jgss.spi.GSSContextSpi getMechanismContext(sun.security.jgss.spi.GSSCredentialSpi)'>
        <annotation name='com.intellij.inspections.tainted.annotation.equation.Equations'>
            <val val="{ &quot;gssCredentialSpi := sun.security.jgss.wrapper.NativeGSSFactory#getMechanismContext(sun.security.jgss.spi.GSSCredentialSpi)#0&quot;, &quot;getMechanismContext := sun.security.jgss.wrapper.NativeGSSFactory#getMechanismContext(sun.security.jgss.spi.GSSCredentialSpi)&quot; }"/>
        </annotation>
    </item>
    <item name='sun.security.jgss.spi.MechanismFactory sun.security.jgss.spi.GSSContextSpi getMechanismContext(sun.security.jgss.spi.GSSNameSpi, sun.security.jgss.spi.GSSCredentialSpi, int)'>
        <annotation name='com.intellij.inspections.tainted.annotation.equation.Equations'>
            <val val="{ &quot;gssNameSpi := sun.security.jgss.wrapper.NativeGSSFactory#getMechanismContext(sun.security.jgss.spi.GSSNameSpi, sun.security.jgss.spi.GSSCredentialSpi, int)#0&quot;, &quot;i := sun.security.jgss.wrapper.NativeGSSFactory#getMechanismContext(sun.security.jgss.spi.GSSNameSpi, sun.security.jgss.spi.GSSCredentialSpi, int)#2&quot;, &quot;gssCredentialSpi := sun.security.jgss.wrapper.NativeGSSFactory#getMechanismContext(sun.security.jgss.spi.GSSNameSpi, sun.security.jgss.spi.GSSCredentialSpi, int)#1&quot;, &quot;getMechanismContext := sun.security.jgss.wrapper.NativeGSSFactory#getMechanismContext(sun.security.jgss.spi.GSSNameSpi, sun.security.jgss.spi.GSSCredentialSpi, int)&quot; }"/>
        </annotation>
    </item>
    <item name='sun.security.jgss.spi.MechanismFactory sun.security.jgss.spi.GSSCredentialSpi getCredentialElement(sun.security.jgss.spi.GSSNameSpi, int, int, int)'>
        <annotation name='com.intellij.inspections.tainted.annotation.equation.Equations'>
            <val val="{ &quot;i := sun.security.jgss.wrapper.NativeGSSFactory#getCredentialElement(sun.security.jgss.spi.GSSNameSpi, int, int, int)#1&quot;, &quot;gssNameSpi := sun.security.jgss.wrapper.NativeGSSFactory#getCredentialElement(sun.security.jgss.spi.GSSNameSpi, int, int, int)#0&quot;, &quot;getCredentialElement := sun.security.jgss.wrapper.NativeGSSFactory#getCredentialElement(sun.security.jgss.spi.GSSNameSpi, int, int, int)&quot;, &quot;i1 := sun.security.jgss.wrapper.NativeGSSFactory#getCredentialElement(sun.security.jgss.spi.GSSNameSpi, int, int, int)#2&quot;, &quot;i2 := sun.security.jgss.wrapper.NativeGSSFactory#getCredentialElement(sun.security.jgss.spi.GSSNameSpi, int, int, int)#3&quot; }"/>
        </annotation>
    </item>
    <item name='sun.security.jgss.spi.MechanismFactory sun.security.jgss.spi.GSSNameSpi getNameElement(byte[], org.ietf.jgss.Oid)'>
        <annotation name='com.intellij.inspections.tainted.annotation.equation.Equations'>
            <val val="{ &quot;getNameElement := sun.security.jgss.wrapper.NativeGSSFactory#getNameElement(byte[], org.ietf.jgss.Oid)&quot;, &quot;bytes := sun.security.jgss.wrapper.NativeGSSFactory#getNameElement(byte[], org.ietf.jgss.Oid)#0&quot;, &quot;oid := sun.security.jgss.wrapper.NativeGSSFactory#getNameElement(byte[], org.ietf.jgss.Oid)#1&quot; }"/>
        </annotation>
    </item>
    <item name='sun.security.jgss.spi.MechanismFactory sun.security.jgss.spi.GSSNameSpi getNameElement(java.lang.String, org.ietf.jgss.Oid)'>
        <annotation name='com.intellij.inspections.tainted.annotation.equation.Equations'>
            <val val="{ &quot;getNameElement := sun.security.jgss.wrapper.NativeGSSFactory#getNameElement(java.lang.String, org.ietf.jgss.Oid)&quot;, &quot;oid := sun.security.jgss.wrapper.NativeGSSFactory#getNameElement(java.lang.String, org.ietf.jgss.Oid)#1&quot;, &quot;s := sun.security.jgss.wrapper.NativeGSSFactory#getNameElement(java.lang.String, org.ietf.jgss.Oid)#0&quot; }"/>
        </annotation>
    </item>
</root>