<root>
    <item name='javax.management.remote.JMXAddressable javax.management.remote.JMXServiceURL getAddress()'>
        <annotation name='com.intellij.inspections.tainted.annotation.equation.Equations'>
            <val val="{ &quot;getAddress := javax.management.remote.rmi.RMIConnector#getAddress() &amp; javax.management.remote.rmi.RMIConnectorServer#getAddress()&quot; }"/>
        </annotation>
    </item>
    <item name='javax.management.remote.JMXAuthenticator javax.security.auth.Subject authenticate(java.lang.Object)'>
        <annotation name='com.intellij.inspections.tainted.annotation.equation.Equations'>
            <val val="{ &quot;credentials := com.sun.jmx.remote.security.JMXPluggableAuthenticator#authenticate(java.lang.Object)#0 &amp; javax.management.remote.rmi.RMIServerImpl#doNewClient(java.lang.Object)#0&quot;, &quot;authenticate := com.sun.jmx.remote.security.JMXPluggableAuthenticator#authenticate(java.lang.Object)&quot; }"/>
        </annotation>
    </item>
    <item name='javax.management.remote.JMXConnectionNotification JMXConnectionNotification(java.lang.String, java.lang.Object, java.lang.String, long, java.lang.String, java.lang.Object)'>
        <annotation name='com.intellij.inspections.tainted.annotation.equation.Equations'>
            <val val="{ &quot;userData := javax.management.remote.rmi.RMIConnector.RMIClientCommunicatorAdmin#gotIOException(java.io.IOException)#0 &amp; JMXConnectorServer#sendNotification(java.lang.String, java.lang.String, java.lang.String, java.lang.Object)#3&quot;, &quot;connectionId := javax.management.remote.rmi.RMIConnector &amp; javax.management.remote.rmi.RMIConnector.RMINotifClient &amp; javax.management.remote.rmi.RMIConnector.RMIClientCommunicatorAdmin &amp; JMXConnectorServer#sendNotification(java.lang.String, java.lang.String, java.lang.String, java.lang.Object)#1&quot;, &quot;source := javax.management.remote.rmi.RMIConnector &amp; javax.management.remote.rmi.RMIConnector.RMINotifClient &amp; javax.management.remote.rmi.RMIConnector.RMIClientCommunicatorAdmin&quot;, &quot;JMXConnectionNotification := JMXConnectionNotification&quot;, &quot;message := javax.management.remote.rmi.RMIConnector.RMINotifClient#lostNotifs(java.lang.String, long)#0 &amp; JMXConnectorServer#sendNotification(java.lang.String, java.lang.String, java.lang.String, java.lang.Object)#2&quot;, &quot;type := #OPENED &amp; #CLOSED &amp; #NOTIFS_LOST &amp; #FAILED &amp; JMXConnectorServer#sendNotification(java.lang.String, java.lang.String, java.lang.String, java.lang.Object)#0&quot; }"/>
        </annotation>
    </item>
    <item name='javax.management.remote.JMXConnectionNotification java.lang.Object nonNull(java.lang.Object)'>
        <annotation name='com.intellij.inspections.tainted.annotation.equation.Equations'>
            <val val="{ &quot;nonNull := arg&quot;, &quot;arg := #JMXConnectionNotification(java.lang.String, java.lang.Object, java.lang.String, long, java.lang.String, java.lang.Object)#0 &amp; #JMXConnectionNotification(java.lang.String, java.lang.Object, java.lang.String, long, java.lang.String, java.lang.Object)#1&quot; }"/>
        </annotation>
    </item>
    <item name='javax.management.remote.JMXConnectionNotification java.lang.String getConnectionId()'>
        <annotation name='com.intellij.inspections.tainted.annotation.equation.Equations'>
            <val val="{ &quot;getConnectionId := JMXConnectionNotification&quot; }"/>
        </annotation>
    </item>
    <item name='javax.management.remote.JMXConnector java.lang.String getConnectionId()'>
        <annotation name='com.intellij.inspections.tainted.annotation.equation.Equations'>
            <val val="{ &quot;getConnectionId := javax.management.remote.rmi.RMIConnector#getConnectionId()&quot; }"/>
        </annotation>
    </item>
    <item name='javax.management.remote.JMXConnector javax.management.MBeanServerConnection getMBeanServerConnection()'>
        <annotation name='com.intellij.inspections.tainted.annotation.equation.Equations'>
            <val val="{ &quot;getMBeanServerConnection := javax.management.remote.rmi.RMIConnector#getMBeanServerConnection()&quot; }"/>
        </annotation>
    </item>
    <item name='javax.management.remote.JMXConnector javax.management.MBeanServerConnection getMBeanServerConnection(javax.security.auth.Subject)'>
        <annotation name='com.intellij.inspections.tainted.annotation.equation.Equations'>
            <val val="{ &quot;delegationSubject := javax.management.remote.rmi.RMIConnector#getMBeanServerConnection(javax.security.auth.Subject)#0&quot;, &quot;getMBeanServerConnection := javax.management.remote.rmi.RMIConnector#getMBeanServerConnection(javax.security.auth.Subject)&quot; }"/>
        </annotation>
    </item>
    <item name='javax.management.remote.JMXConnector void addConnectionNotificationListener(javax.management.NotificationListener, javax.management.NotificationFilter, java.lang.Object)'>
        <annotation name='com.intellij.inspections.tainted.annotation.equation.Equations'>
            <val val="{ &quot;listener := javax.management.remote.rmi.RMIConnector#addConnectionNotificationListener(javax.management.NotificationListener, javax.management.NotificationFilter, java.lang.Object)#0&quot;, &quot;handback := javax.management.remote.rmi.RMIConnector#addConnectionNotificationListener(javax.management.NotificationListener, javax.management.NotificationFilter, java.lang.Object)#2&quot;, &quot;filter := javax.management.remote.rmi.RMIConnector#addConnectionNotificationListener(javax.management.NotificationListener, javax.management.NotificationFilter, java.lang.Object)#1&quot; }"/>
        </annotation>
    </item>
    <item name='javax.management.remote.JMXConnector void connect(java.util.Map&lt;java.lang.String,?&gt;)'>
        <annotation name='com.intellij.inspections.tainted.annotation.equation.Equations'>
            <val val="{ &quot;env := javax.management.remote.rmi.RMIConnector#connect(java.util.Map)#0 &amp; JMXConnectorFactory#connect(javax.management.remote.JMXServiceURL, java.util.Map)#1&quot; }"/>
        </annotation>
    </item>
    <item name='javax.management.remote.JMXConnector void removeConnectionNotificationListener(javax.management.NotificationListener)'>
        <annotation name='com.intellij.inspections.tainted.annotation.equation.Equations'>
            <val val="{ &quot;listener := javax.management.remote.rmi.RMIConnector#removeConnectionNotificationListener(javax.management.NotificationListener)#0&quot; }"/>
        </annotation>
    </item>
    <item name='javax.management.remote.JMXConnector void removeConnectionNotificationListener(javax.management.NotificationListener, javax.management.NotificationFilter, java.lang.Object)'>
        <annotation name='com.intellij.inspections.tainted.annotation.equation.Equations'>
            <val val="{ &quot;l := javax.management.remote.rmi.RMIConnector#removeConnectionNotificationListener(javax.management.NotificationListener, javax.management.NotificationFilter, java.lang.Object)#0&quot;, &quot;f := javax.management.remote.rmi.RMIConnector#removeConnectionNotificationListener(javax.management.NotificationListener, javax.management.NotificationFilter, java.lang.Object)#1&quot;, &quot;handback := javax.management.remote.rmi.RMIConnector#removeConnectionNotificationListener(javax.management.NotificationListener, javax.management.NotificationFilter, java.lang.Object)#2&quot; }"/>
        </annotation>
    </item>
    <item name='javax.management.remote.JMXConnectorFactory JMXConnectorFactory()'>
        <annotation name='com.intellij.inspections.tainted.annotation.equation.Equations'>
            <val val="{ &quot;JMXConnectorFactory := JMXConnectorFactory&quot; }"/>
        </annotation>
    </item>
    <item name='javax.management.remote.JMXConnectorFactory T getProvider(java.lang.String, java.lang.String, java.lang.ClassLoader, java.lang.String, java.lang.Class&lt;T&gt;)'>
        <annotation name='com.intellij.inspections.tainted.annotation.equation.Equations'>
            <val val="{ &quot;targetInterface := #getProvider(javax.management.remote.JMXServiceURL, java.util.Map, java.lang.String, java.lang.Class, java.lang.ClassLoader)#3&quot;, &quot;providerClassName := #getProvider(javax.management.remote.JMXServiceURL, java.util.Map, java.lang.String, java.lang.Class, java.lang.ClassLoader)#2&quot;, &quot;loader := #getProvider(javax.management.remote.JMXServiceURL, java.util.Map, java.lang.String, java.lang.Class, java.lang.ClassLoader)#4&quot;, &quot;pkgs := #PROTOCOL_PROVIDER_DEFAULT_PACKAGE &amp; JMXConnectorServerFactory#PROTOCOL_PROVIDER_DEFAULT_PACKAGE&quot; }"/>
        </annotation>
    </item>
    <item name='javax.management.remote.JMXConnectorFactory T getProvider(javax.management.remote.JMXServiceURL, java.util.Map&lt;java.lang.String,java.lang.Object&gt;, java.lang.String, java.lang.Class&lt;T&gt;, java.lang.ClassLoader)'>
        <annotation name='com.intellij.inspections.tainted.annotation.equation.Equations'>
            <val val="{ &quot;serviceURL := #newJMXConnector(javax.management.remote.JMXServiceURL, java.util.Map)#0 &amp; JMXConnectorServerFactory#newJMXConnectorServer(javax.management.remote.JMXServiceURL, java.util.Map, javax.management.MBeanServer)#0&quot; }"/>
        </annotation>
    </item>
    <item name='javax.management.remote.JMXConnectorFactory java.lang.ClassLoader wrap(java.lang.ClassLoader)'>
        <annotation name='com.intellij.inspections.tainted.annotation.equation.Equations'>
            <val val="{ &quot;parent := #getProvider(javax.management.remote.JMXServiceURL, java.util.Map, java.lang.String, java.lang.Class, java.lang.ClassLoader)#4&quot; }"/>
        </annotation>
    </item>
    <item name='javax.management.remote.JMXConnectorFactory java.lang.String protocol2package(java.lang.String)'>
        <annotation name='com.intellij.inspections.tainted.annotation.equation.Equations'>
            <val val="{ &quot;protocol := #getProvider(java.lang.String, java.lang.String, java.lang.ClassLoader, java.lang.String, java.lang.Class)#0&quot; }"/>
        </annotation>
    </item>
    <item name='javax.management.remote.JMXConnectorFactory java.lang.String resolvePkgs(java.util.Map&lt;java.lang.String,?&gt;)'>
        <annotation name='com.intellij.inspections.tainted.annotation.equation.Equations'>
            <val val="{ &quot;env := #getProvider(javax.management.remote.JMXServiceURL, java.util.Map, java.lang.String, java.lang.Class, java.lang.ClassLoader)#1&quot; }"/>
        </annotation>
    </item>
    <item name='javax.management.remote.JMXConnectorFactory java.util.Iterator&lt;T&gt; getProviderIterator(java.lang.Class&lt;T&gt;, java.lang.ClassLoader)'>
        <annotation name='com.intellij.inspections.tainted.annotation.equation.Equations'>
            <val val="{ &quot;loader := JMXConnectorServerFactory#getConnectorServerAsService(java.lang.ClassLoader, javax.management.remote.JMXServiceURL, java.util.Map, javax.management.MBeanServer)#0 &amp; #getConnectorAsService(java.lang.ClassLoader, javax.management.remote.JMXServiceURL, java.util.Map)#0&quot; }"/>
        </annotation>
    </item>
    <item name='javax.management.remote.JMXConnectorFactory java.util.Map&lt;K,java.lang.Object&gt; newHashMap(java.util.Map&lt;K,?&gt;)'>
        <annotation name='com.intellij.inspections.tainted.annotation.equation.Equations'>
            <val val="{ &quot;map := #newJMXConnector(javax.management.remote.JMXServiceURL, java.util.Map)#1&quot; }"/>
        </annotation>
    </item>
    <item name='javax.management.remote.JMXConnectorFactory javax.management.remote.JMXConnector connect(javax.management.remote.JMXServiceURL, java.util.Map&lt;java.lang.String,?&gt;)'>
        <annotation name='com.intellij.inspections.tainted.annotation.equation.Equations'>
            <val val="{ &quot;serviceURL := #connect(javax.management.remote.JMXServiceURL)#0&quot; }"/>
        </annotation>
    </item>
    <item name='javax.management.remote.JMXConnectorFactory javax.management.remote.JMXConnector getConnectorAsService(java.lang.ClassLoader, javax.management.remote.JMXServiceURL, java.util.Map&lt;java.lang.String,?&gt;)'>
        <annotation name='com.intellij.inspections.tainted.annotation.equation.Equations'>
            <val val="{ &quot;url := #newJMXConnector(javax.management.remote.JMXServiceURL, java.util.Map)#0&quot; }"/>
        </annotation>
    </item>
    <item name='javax.management.remote.JMXConnectorFactory javax.management.remote.JMXConnector newJMXConnector(javax.management.remote.JMXServiceURL, java.util.Map&lt;java.lang.String,?&gt;)'>
        <annotation name='com.intellij.inspections.tainted.annotation.equation.Equations'>
            <val val="{ &quot;serviceURL := #connect(javax.management.remote.JMXServiceURL, java.util.Map)#0&quot;, &quot;environment := #connect(javax.management.remote.JMXServiceURL, java.util.Map)#1 &amp; JMXConnectorServer#toJMXConnector(java.util.Map)#0&quot; }"/>
        </annotation>
    </item>
    <item name='javax.management.remote.JMXConnectorProvider javax.management.remote.JMXConnector newJMXConnector(javax.management.remote.JMXServiceURL, java.util.Map&lt;java.lang.String,?&gt;)'>
        <annotation name='com.intellij.inspections.tainted.annotation.equation.Equations'>
            <val val="{ &quot;environment := com.sun.jmx.remote.protocol.rmi.ClientProvider#newJMXConnector(javax.management.remote.JMXServiceURL, java.util.Map)#1 &amp; com.sun.jmx.remote.protocol.iiop.ClientProvider#newJMXConnector(javax.management.remote.JMXServiceURL, java.util.Map)#1&quot;, &quot;serviceURL := com.sun.jmx.remote.protocol.rmi.ClientProvider#newJMXConnector(javax.management.remote.JMXServiceURL, java.util.Map)#0 &amp; com.sun.jmx.remote.protocol.iiop.ClientProvider#newJMXConnector(javax.management.remote.JMXServiceURL, java.util.Map)#0&quot;, &quot;newJMXConnector := com.sun.jmx.remote.protocol.rmi.ClientProvider#newJMXConnector(javax.management.remote.JMXServiceURL, java.util.Map) &amp; com.sun.jmx.remote.protocol.iiop.ClientProvider#newJMXConnector(javax.management.remote.JMXServiceURL, java.util.Map)&quot; }"/>
        </annotation>
    </item>
    <item name='javax.management.remote.JMXConnectorServer'>
        <annotation name='com.intellij.inspections.tainted.annotation.equation.Equations'>
            <val val="{ &quot;JMXConnectorServer := &quot; }"/>
        </annotation>
    </item>
    <item name='javax.management.remote.JMXConnectorServer JMXConnectorServer()'>
        <annotation name='com.intellij.inspections.tainted.annotation.equation.Equations'>
            <val val="{ &quot;JMXConnectorServer := JMXConnectorServer&quot; }"/>
        </annotation>
    </item>
    <item name='javax.management.remote.JMXConnectorServer JMXConnectorServer(javax.management.MBeanServer)'>
        <annotation name='com.intellij.inspections.tainted.annotation.equation.Equations'>
            <val val="{ &quot;mbeanServer := javax.management.remote.rmi.RMIConnectorServer#RMIConnectorServer(javax.management.remote.JMXServiceURL, java.util.Map, javax.management.remote.rmi.RMIServerImpl, javax.management.MBeanServer)#3&quot;, &quot;JMXConnectorServer := JMXConnectorServer&quot; }"/>
        </annotation>
    </item>
    <item name='javax.management.remote.JMXConnectorServer java.lang.Object getNotificationSource()'>
        <annotation name='com.intellij.inspections.tainted.annotation.equation.Equations'>
            <val val="{ &quot;getNotificationSource := JMXConnectorServer&quot; }"/>
        </annotation>
    </item>
    <item name='javax.management.remote.JMXConnectorServer javax.management.MBeanServer getMBeanServer()'>
        <annotation name='com.intellij.inspections.tainted.annotation.equation.Equations'>
            <val val="{ &quot;getMBeanServer := JMXConnectorServer&quot; }"/>
        </annotation>
    </item>
    <item name='javax.management.remote.JMXConnectorServer javax.management.ObjectName preRegister(javax.management.MBeanServer, javax.management.ObjectName)'>
        <annotation name='com.intellij.inspections.tainted.annotation.equation.Equations'>
            <val val="{ &quot;preRegister := name&quot; }"/>
        </annotation>
    </item>
    <item name='javax.management.remote.JMXConnectorServer javax.management.remote.JMXConnector toJMXConnector(java.util.Map&lt;java.lang.String,?&gt;)'>
        <annotation name='com.intellij.inspections.tainted.annotation.equation.Equations'>
            <val val="{ &quot;toJMXConnector := javax.management.remote.rmi.RMIConnectorServer#toJMXConnector(java.util.Map)&quot;, &quot;env := javax.management.remote.rmi.RMIConnectorServer#toJMXConnector(java.util.Map)#0&quot; }"/>
        </annotation>
    </item>
    <item name='javax.management.remote.JMXConnectorServer void connectionClosed(java.lang.String, java.lang.String, java.lang.Object)'>
        <annotation name='com.intellij.inspections.tainted.annotation.equation.Equations'>
            <val val="{ &quot;userData := javax.management.remote.rmi.RMIConnectorServer#connectionClosed(java.lang.String, java.lang.String, java.lang.Object)#2&quot;, &quot;connectionId := javax.management.remote.rmi.RMIConnectorServer#connectionClosed(java.lang.String, java.lang.String, java.lang.Object)#0&quot;, &quot;message := javax.management.remote.rmi.RMIConnectorServer#connectionClosed(java.lang.String, java.lang.String, java.lang.Object)#1&quot; }"/>
        </annotation>
    </item>
    <item name='javax.management.remote.JMXConnectorServer void connectionFailed(java.lang.String, java.lang.String, java.lang.Object)'>
        <annotation name='com.intellij.inspections.tainted.annotation.equation.Equations'>
            <val val="{ &quot;userData := javax.management.remote.rmi.RMIConnectorServer#connectionFailed(java.lang.String, java.lang.String, java.lang.Object)#2&quot;, &quot;connectionId := javax.management.remote.rmi.RMIConnectorServer#connectionFailed(java.lang.String, java.lang.String, java.lang.Object)#0&quot;, &quot;message := javax.management.remote.rmi.RMIConnectorServer#connectionFailed(java.lang.String, java.lang.String, java.lang.Object)#1&quot; }"/>
        </annotation>
    </item>
    <item name='javax.management.remote.JMXConnectorServer void connectionOpened(java.lang.String, java.lang.String, java.lang.Object)'>
        <annotation name='com.intellij.inspections.tainted.annotation.equation.Equations'>
            <val val="{ &quot;message := javax.management.remote.rmi.RMIConnectorServer#connectionOpened(java.lang.String, java.lang.String, java.lang.Object)#1&quot;, &quot;userData := javax.management.remote.rmi.RMIConnectorServer#connectionOpened(java.lang.String, java.lang.String, java.lang.Object)#2&quot;, &quot;connectionId := javax.management.remote.rmi.RMIConnectorServer#connectionOpened(java.lang.String, java.lang.String, java.lang.Object)#0&quot; }"/>
        </annotation>
    </item>
    <item name='javax.management.remote.JMXConnectorServer void sendNotification(java.lang.String, java.lang.String, java.lang.String, java.lang.Object)'>
        <annotation name='com.intellij.inspections.tainted.annotation.equation.Equations'>
            <val val="{ &quot;message := #connectionOpened(java.lang.String, java.lang.String, java.lang.Object)#1 &amp; #connectionClosed(java.lang.String, java.lang.String, java.lang.Object)#1 &amp; #connectionFailed(java.lang.String, java.lang.String, java.lang.Object)#1&quot;, &quot;type := JMXConnectionNotification#OPENED &amp; JMXConnectionNotification#CLOSED &amp; JMXConnectionNotification#FAILED&quot;, &quot;connectionId := #connectionOpened(java.lang.String, java.lang.String, java.lang.Object)#0 &amp; #connectionClosed(java.lang.String, java.lang.String, java.lang.Object)#0 &amp; #connectionFailed(java.lang.String, java.lang.String, java.lang.Object)#0&quot;, &quot;userData := #connectionOpened(java.lang.String, java.lang.String, java.lang.Object)#2 &amp; #connectionClosed(java.lang.String, java.lang.String, java.lang.Object)#2 &amp; #connectionFailed(java.lang.String, java.lang.String, java.lang.Object)#2&quot; }"/>
        </annotation>
    </item>
    <item name='javax.management.remote.JMXConnectorServer void setMBeanServerForwarder(javax.management.remote.MBeanServerForwarder)'>
        <annotation name='com.intellij.inspections.tainted.annotation.equation.Equations'>
            <val val="{ &quot;mbsf := javax.management.remote.rmi.RMIConnectorServer#setMBeanServerForwarder(javax.management.remote.MBeanServerForwarder)#0&quot; }"/>
        </annotation>
    </item>
    <item name='javax.management.remote.JMXConnectorServerFactory JMXConnectorServerFactory()'>
        <annotation name='com.intellij.inspections.tainted.annotation.equation.Equations'>
            <val val="{ &quot;JMXConnectorServerFactory := JMXConnectorServerFactory&quot; }"/>
        </annotation>
    </item>
    <item name='javax.management.remote.JMXConnectorServerFactory javax.management.remote.JMXConnectorServer getConnectorServerAsService(java.lang.ClassLoader, javax.management.remote.JMXServiceURL, java.util.Map&lt;java.lang.String,?&gt;, javax.management.MBeanServer)'>
        <annotation name='com.intellij.inspections.tainted.annotation.equation.Equations'>
            <val val="{ &quot;mbs := #newJMXConnectorServer(javax.management.remote.JMXServiceURL, java.util.Map, javax.management.MBeanServer)#2&quot;, &quot;url := #newJMXConnectorServer(javax.management.remote.JMXServiceURL, java.util.Map, javax.management.MBeanServer)#0&quot; }"/>
        </annotation>
    </item>
    <item name='javax.management.remote.JMXConnectorServerMBean java.lang.String[] getConnectionIds()'>
        <annotation name='com.intellij.inspections.tainted.annotation.equation.Equations'>
            <val val="{ &quot;getConnectionIds := JMXConnectorServer#getConnectionIds()&quot; }"/>
        </annotation>
    </item>
    <item name='javax.management.remote.JMXConnectorServerMBean java.util.Map&lt;java.lang.String,?&gt; getAttributes()'>
        <annotation name='com.intellij.inspections.tainted.annotation.equation.Equations'>
            <val val="{ &quot;getAttributes := javax.management.remote.rmi.RMIConnectorServer#getAttributes()&quot; }"/>
        </annotation>
    </item>
    <item name='javax.management.remote.JMXConnectorServerMBean javax.management.remote.JMXConnector toJMXConnector(java.util.Map&lt;java.lang.String,?&gt;)'>
        <annotation name='com.intellij.inspections.tainted.annotation.equation.Equations'>
            <val val="{ &quot;env := JMXConnectorServer#toJMXConnector(java.util.Map)#0&quot;, &quot;toJMXConnector := JMXConnectorServer#toJMXConnector(java.util.Map)&quot; }"/>
        </annotation>
    </item>
    <item name='javax.management.remote.JMXConnectorServerMBean javax.management.remote.JMXServiceURL getAddress()'>
        <annotation name='com.intellij.inspections.tainted.annotation.equation.Equations'>
            <val val="{ &quot;getAddress := javax.management.remote.rmi.RMIConnectorServer#getAddress()&quot; }"/>
        </annotation>
    </item>
    <item name='javax.management.remote.JMXConnectorServerMBean void setMBeanServerForwarder(javax.management.remote.MBeanServerForwarder)'>
        <annotation name='com.intellij.inspections.tainted.annotation.equation.Equations'>
            <val val="{ &quot;mbsf := JMXConnectorServer#setMBeanServerForwarder(javax.management.remote.MBeanServerForwarder)#0&quot; }"/>
        </annotation>
    </item>
    <item name='javax.management.remote.JMXConnectorServerProvider javax.management.remote.JMXConnectorServer newJMXConnectorServer(javax.management.remote.JMXServiceURL, java.util.Map&lt;java.lang.String,?&gt;, javax.management.MBeanServer)'>
        <annotation name='com.intellij.inspections.tainted.annotation.equation.Equations'>
            <val val="{ &quot;newJMXConnectorServer := com.sun.jmx.remote.protocol.rmi.ServerProvider#newJMXConnectorServer(javax.management.remote.JMXServiceURL, java.util.Map, javax.management.MBeanServer) &amp; com.sun.jmx.remote.protocol.iiop.ServerProvider#newJMXConnectorServer(javax.management.remote.JMXServiceURL, java.util.Map, javax.management.MBeanServer)&quot;, &quot;environment := com.sun.jmx.remote.protocol.rmi.ServerProvider#newJMXConnectorServer(javax.management.remote.JMXServiceURL, java.util.Map, javax.management.MBeanServer)#1 &amp; com.sun.jmx.remote.protocol.iiop.ServerProvider#newJMXConnectorServer(javax.management.remote.JMXServiceURL, java.util.Map, javax.management.MBeanServer)#1&quot;, &quot;mbeanServer := com.sun.jmx.remote.protocol.rmi.ServerProvider#newJMXConnectorServer(javax.management.remote.JMXServiceURL, java.util.Map, javax.management.MBeanServer)#2 &amp; com.sun.jmx.remote.protocol.iiop.ServerProvider#newJMXConnectorServer(javax.management.remote.JMXServiceURL, java.util.Map, javax.management.MBeanServer)#2&quot;, &quot;serviceURL := com.sun.jmx.remote.protocol.rmi.ServerProvider#newJMXConnectorServer(javax.management.remote.JMXServiceURL, java.util.Map, javax.management.MBeanServer)#0 &amp; com.sun.jmx.remote.protocol.iiop.ServerProvider#newJMXConnectorServer(javax.management.remote.JMXServiceURL, java.util.Map, javax.management.MBeanServer)#0&quot; }"/>
        </annotation>
    </item>
    <item name='javax.management.remote.JMXPrincipal'>
        <annotation name='com.intellij.inspections.tainted.annotation.equation.Equations'>
            <val val="{ &quot;JMXPrincipal := &quot; }"/>
        </annotation>
    </item>
    <item name='javax.management.remote.JMXPrincipal JMXPrincipal(java.lang.String)'>
        <annotation name='com.intellij.inspections.tainted.annotation.equation.Equations'>
            <val val="{ &quot;JMXPrincipal := JMXPrincipal&quot;, &quot;name := com.sun.jmx.remote.security.FileLoginModule&quot; }"/>
        </annotation>
    </item>
    <item name='javax.management.remote.JMXPrincipal java.lang.String getName()'>
        <annotation name='com.intellij.inspections.tainted.annotation.equation.Equations'>
            <val val="{ &quot;getName := JMXPrincipal&quot; }"/>
        </annotation>
    </item>
    <item name='javax.management.remote.JMXPrincipal java.lang.String toString()'>
        <annotation name='com.intellij.inspections.tainted.annotation.equation.Equations'>
            <val val="{ &quot;toString := JMXPrincipal&quot; }"/>
        </annotation>
    </item>
    <item name='javax.management.remote.JMXPrincipal void validate(java.lang.String)'>
        <annotation name='com.intellij.inspections.tainted.annotation.equation.Equations'>
            <val val="{ &quot;name := #JMXPrincipal(java.lang.String)#0&quot; }"/>
        </annotation>
    </item>
    <item name='javax.management.remote.JMXProviderException JMXProviderException()'>
        <annotation name='com.intellij.inspections.tainted.annotation.equation.Equations'>
            <val val="{ &quot;JMXProviderException := JMXProviderException&quot; }"/>
        </annotation>
    </item>
    <item name='javax.management.remote.JMXProviderException JMXProviderException(java.lang.String)'>
        <annotation name='com.intellij.inspections.tainted.annotation.equation.Equations'>
            <val val="{ &quot;JMXProviderException := JMXProviderException&quot; }"/>
        </annotation>
    </item>
    <item name='javax.management.remote.JMXProviderException JMXProviderException(java.lang.String, java.lang.Throwable)'>
        <annotation name='com.intellij.inspections.tainted.annotation.equation.Equations'>
            <val val="{ &quot;JMXProviderException := JMXProviderException&quot; }"/>
        </annotation>
    </item>
    <item name='javax.management.remote.JMXProviderException java.lang.Throwable getCause()'>
        <annotation name='com.intellij.inspections.tainted.annotation.equation.Equations'>
            <val val="{ &quot;getCause := JMXProviderException&quot; }"/>
        </annotation>
    </item>
    <item name='javax.management.remote.JMXServerErrorException JMXServerErrorException(java.lang.String, java.lang.Error)'>
        <annotation name='com.intellij.inspections.tainted.annotation.equation.Equations'>
            <val val="{ &quot;JMXServerErrorException := JMXServerErrorException&quot; }"/>
        </annotation>
    </item>
    <item name='javax.management.remote.JMXServerErrorException java.lang.Throwable getCause()'>
        <annotation name='com.intellij.inspections.tainted.annotation.equation.Equations'>
            <val val="{ &quot;getCause := JMXServerErrorException&quot; }"/>
        </annotation>
    </item>
    <item name='javax.management.remote.JMXServiceURL'>
        <annotation name='com.intellij.inspections.tainted.annotation.equation.Equations'>
            <val val="{ &quot;JMXServiceURL := &quot; }"/>
        </annotation>
    </item>
    <item name='javax.management.remote.JMXServiceURL JMXServiceURL(java.lang.String)'>
        <annotation name='com.intellij.inspections.tainted.annotation.equation.Equations'>
            <val val="{ &quot;JMXServiceURL := JMXServiceURL&quot; }"/>
        </annotation>
    </item>
    <item name='javax.management.remote.JMXServiceURL JMXServiceURL(java.lang.String, java.lang.String, int)'>
        <annotation name='com.intellij.inspections.tainted.annotation.equation.Equations'>
            <val val="{ &quot;JMXServiceURL := JMXServiceURL&quot; }"/>
        </annotation>
    </item>
    <item name='javax.management.remote.JMXServiceURL JMXServiceURL(java.lang.String, java.lang.String, int, java.lang.String)'>
        <annotation name='com.intellij.inspections.tainted.annotation.equation.Equations'>
            <val val="{ &quot;protocol := #JMXServiceURL(java.lang.String, java.lang.String, int)#0&quot;, &quot;port := #JMXServiceURL(java.lang.String, java.lang.String, int)#2&quot;, &quot;JMXServiceURL := JMXServiceURL&quot;, &quot;host := #JMXServiceURL(java.lang.String, java.lang.String, int)#1&quot; }"/>
        </annotation>
    </item>
    <item name='javax.management.remote.JMXServiceURL boolean isNumericIPv6Address(java.lang.String)'>
        <annotation name='com.intellij.inspections.tainted.annotation.equation.Equations'>
            <val val="{ &quot;s := #validateHost(java.lang.String, int)#0&quot; }"/>
        </annotation>
    </item>
    <item name='javax.management.remote.JMXServiceURL int getPort()'>
        <annotation name='com.intellij.inspections.tainted.annotation.equation.Equations'>
            <val val="{ &quot;getPort := JMXServiceURL&quot; }"/>
        </annotation>
    </item>
    <item name='javax.management.remote.JMXServiceURL int indexOf(java.lang.String, char, int)'>
        <annotation name='com.intellij.inspections.tainted.annotation.equation.Equations'>
            <val val="{ &quot;s := #JMXServiceURL(java.lang.String)#0&quot; }"/>
        </annotation>
    </item>
    <item name='javax.management.remote.JMXServiceURL int indexOfFirstNotInSet(java.lang.String, java.util.BitSet, int)'>
        <annotation name='com.intellij.inspections.tainted.annotation.equation.Equations'>
            <val val="{ &quot;indexOfFirstNotInSet := fromIndex&quot;, &quot;s := #JMXServiceURL(java.lang.String)#0 &amp; #validate(java.lang.String, java.lang.String, int, java.lang.String)#0&quot;, &quot;set := #hostNameBitSet &amp; #numericBitSet &amp; #protocolBitSet&quot; }"/>
        </annotation>
    </item>
    <item name='javax.management.remote.JMXServiceURL java.lang.String getHost()'>
        <annotation name='com.intellij.inspections.tainted.annotation.equation.Equations'>
            <val val="{ &quot;getHost := JMXServiceURL&quot; }"/>
        </annotation>
    </item>
    <item name='javax.management.remote.JMXServiceURL java.lang.String getProtocol()'>
        <annotation name='com.intellij.inspections.tainted.annotation.equation.Equations'>
            <val val="{ &quot;getProtocol := JMXServiceURL&quot; }"/>
        </annotation>
    </item>
    <item name='javax.management.remote.JMXServiceURL java.lang.String getURLPath()'>
        <annotation name='com.intellij.inspections.tainted.annotation.equation.Equations'>
            <val val="{ &quot;getURLPath := JMXServiceURL&quot; }"/>
        </annotation>
    </item>
    <item name='javax.management.remote.JMXServiceURL java.lang.String toString()'>
        <annotation name='com.intellij.inspections.tainted.annotation.equation.Equations'>
            <val val="{ &quot;toString := JMXServiceURL&quot; }"/>
        </annotation>
    </item>
    <item name='javax.management.remote.JMXServiceURL void validate(java.lang.String, java.lang.String, int, java.lang.String)'>
        <annotation name='com.intellij.inspections.tainted.annotation.equation.Equations'>
            <val val="{ &quot;p := JMXServiceURL&quot;, &quot;h := JMXServiceURL&quot;, &quot;proto := JMXServiceURL&quot;, &quot;url := JMXServiceURL&quot; }"/>
        </annotation>
    </item>
    <item name='javax.management.remote.JMXServiceURL void validateHost(java.lang.String, int)'>
        <annotation name='com.intellij.inspections.tainted.annotation.equation.Equations'>
            <val val="{ &quot;h := #JMXServiceURL(java.lang.String, java.lang.String, int, java.lang.String)#1 &amp; #validate(java.lang.String, java.lang.String, int, java.lang.String)#1&quot;, &quot;port := #JMXServiceURL(java.lang.String, java.lang.String, int, java.lang.String)#2 &amp; #validate(java.lang.String, java.lang.String, int, java.lang.String)#2&quot; }"/>
        </annotation>
    </item>
    <item name='javax.management.remote.MBeanServerForwarder javax.management.MBeanServer getMBeanServer()'>
        <annotation name='com.intellij.inspections.tainted.annotation.equation.Equations'>
            <val val="{ &quot;getMBeanServer := com.sun.jmx.remote.security.MBeanServerAccessController#getMBeanServer()&quot; }"/>
        </annotation>
    </item>
    <item name='javax.management.remote.MBeanServerForwarder void setMBeanServer(javax.management.MBeanServer)'>
        <annotation name='com.intellij.inspections.tainted.annotation.equation.Equations'>
            <val val="{ &quot;mbs := com.sun.jmx.remote.security.MBeanServerAccessController#setMBeanServer(javax.management.MBeanServer)#0&quot; }"/>
        </annotation>
    </item>
    <item name='javax.management.remote.NotificationResult'>
        <annotation name='com.intellij.inspections.tainted.annotation.equation.Equations'>
            <val val="{ &quot;NotificationResult := NotificationResult&quot; }"/>
        </annotation>
    </item>
    <item name='javax.management.remote.NotificationResult NotificationResult(long, long, javax.management.remote.TargetedNotification[])'>
        <annotation name='com.intellij.inspections.tainted.annotation.equation.Equations'>
            <val val="{ &quot;nextSequenceNumber := com.sun.jmx.remote.internal.ArrayNotificationBuffer#fetchNotifications(com.sun.jmx.remote.internal.NotificationBufferFilter, long, long, int)#1&quot;, &quot;NotificationResult := NotificationResult&quot; }"/>
        </annotation>
    </item>
    <item name='javax.management.remote.NotificationResult java.lang.String toString()'>
        <annotation name='com.intellij.inspections.tainted.annotation.equation.Equations'>
            <val val="{ &quot;toString := NotificationResult&quot; }"/>
        </annotation>
    </item>
    <item name='javax.management.remote.NotificationResult javax.management.remote.TargetedNotification[] getTargetedNotifications()'>
        <annotation name='com.intellij.inspections.tainted.annotation.equation.Equations'>
            <val val="{ &quot;getTargetedNotifications := NotificationResult&quot; }"/>
        </annotation>
    </item>
    <item name='javax.management.remote.NotificationResult long getEarliestSequenceNumber()'>
        <annotation name='com.intellij.inspections.tainted.annotation.equation.Equations'>
            <val val="{ &quot;getEarliestSequenceNumber := NotificationResult&quot; }"/>
        </annotation>
    </item>
    <item name='javax.management.remote.NotificationResult long getNextSequenceNumber()'>
        <annotation name='com.intellij.inspections.tainted.annotation.equation.Equations'>
            <val val="{ &quot;getNextSequenceNumber := NotificationResult&quot; }"/>
        </annotation>
    </item>
    <item name='javax.management.remote.NotificationResult void validate(javax.management.remote.TargetedNotification[], long, long)'>
        <annotation name='com.intellij.inspections.tainted.annotation.equation.Equations'>
            <val val="{ &quot;targetedNotifications := NotificationResult &amp; #NotificationResult(long, long, javax.management.remote.TargetedNotification[])#2&quot;, &quot;earliestSequenceNumber := NotificationResult &amp; #NotificationResult(long, long, javax.management.remote.TargetedNotification[])#0&quot;, &quot;nextSequenceNumber := NotificationResult &amp; #NotificationResult(long, long, javax.management.remote.TargetedNotification[])#1&quot; }"/>
        </annotation>
    </item>
    <item name='javax.management.remote.SubjectDelegationPermission SubjectDelegationPermission(java.lang.String)'>
        <annotation name='com.intellij.inspections.tainted.annotation.equation.Equations'>
            <val val="{ &quot;SubjectDelegationPermission := SubjectDelegationPermission&quot; }"/>
        </annotation>
    </item>
    <item name='javax.management.remote.SubjectDelegationPermission SubjectDelegationPermission(java.lang.String, java.lang.String)'>
        <annotation name='com.intellij.inspections.tainted.annotation.equation.Equations'>
            <val val="{ &quot;SubjectDelegationPermission := SubjectDelegationPermission&quot; }"/>
        </annotation>
    </item>
    <item name='javax.management.remote.TargetedNotification TargetedNotification(javax.management.Notification, java.lang.Integer)'>
        <annotation name='com.intellij.inspections.tainted.annotation.equation.Equations'>
            <val val="{ &quot;listenerID := &quot;, &quot;TargetedNotification := TargetedNotification&quot;, &quot;notification := com.sun.jmx.remote.internal.ServerNotifForwarder.NotifForwarderBufferFilter#apply(java.util.List, javax.management.ObjectName, javax.management.Notification)#2&quot; }"/>
        </annotation>
    </item>
    <item name='javax.management.remote.TargetedNotification java.lang.Integer getListenerID()'>
        <annotation name='com.intellij.inspections.tainted.annotation.equation.Equations'>
            <val val="{ &quot;getListenerID := TargetedNotification&quot; }"/>
        </annotation>
    </item>
    <item name='javax.management.remote.TargetedNotification java.lang.String toString()'>
        <annotation name='com.intellij.inspections.tainted.annotation.equation.Equations'>
            <val val="{ &quot;toString := TargetedNotification&quot; }"/>
        </annotation>
    </item>
    <item name='javax.management.remote.TargetedNotification javax.management.Notification getNotification()'>
        <annotation name='com.intellij.inspections.tainted.annotation.equation.Equations'>
            <val val="{ &quot;getNotification := TargetedNotification&quot; }"/>
        </annotation>
    </item>
    <item name='javax.management.remote.TargetedNotification void validate(javax.management.Notification, java.lang.Integer)'>
        <annotation name='com.intellij.inspections.tainted.annotation.equation.Equations'>
            <val val="{ &quot;id := TargetedNotification &amp; #TargetedNotification(javax.management.Notification, java.lang.Integer)#1&quot;, &quot;notif := TargetedNotification &amp; #TargetedNotification(javax.management.Notification, java.lang.Integer)#0&quot; }"/>
        </annotation>
    </item>
</root>