<root>
    <item name='com.sun.corba.se.spi.legacy.interceptor.IORInfoExt com.sun.corba.se.spi.oa.ObjectAdapter getObjectAdapter()'>
        <annotation name='com.intellij.inspections.tainted.annotation.equation.Equations'>
            <val val="{ &quot;getObjectAdapter := com.sun.corba.se.impl.interceptors.IORInfoImpl#getObjectAdapter()&quot; }"/>
        </annotation>
    </item>
    <item name='com.sun.corba.se.spi.legacy.interceptor.IORInfoExt int getServerPort(java.lang.String)'>
        <annotation name='com.intellij.inspections.tainted.annotation.equation.Equations'>
            <val val="{ &quot;getServerPort := com.sun.corba.se.impl.interceptors.IORInfoImpl#getServerPort(java.lang.String)&quot; }"/>
        </annotation>
    </item>
    <item name='com.sun.corba.se.spi.legacy.interceptor.ORBInitInfoExt com.sun.corba.se.spi.orb.ORB getORB()'>
        <annotation name='com.intellij.inspections.tainted.annotation.equation.Equations'>
            <val val="{ &quot;getORB := com.sun.corba.se.impl.interceptors.ORBInitInfoImpl#getORB()&quot; }"/>
        </annotation>
    </item>
    <item name='com.sun.corba.se.spi.legacy.interceptor.RequestInfoExt com.sun.corba.se.spi.legacy.connection.Connection connection()'>
        <annotation name='com.intellij.inspections.tainted.annotation.equation.Equations'>
            <val val="{ &quot;connection := com.sun.corba.se.impl.interceptors.RequestInfoImpl#connection()&quot; }"/>
        </annotation>
    </item>
    <item name='com.sun.corba.se.spi.legacy.interceptor.UnknownType UnknownType(java.lang.String)'>
        <annotation name='com.intellij.inspections.tainted.annotation.equation.Equations'>
            <val val="{ &quot;UnknownType := UnknownType&quot; }"/>
        </annotation>
    </item>
</root>