<root>
    <item name='org.omg.CORBA.portable.ApplicationException ApplicationException(java.lang.String, org.omg.CORBA.portable.InputStream)'>
        <annotation name='com.intellij.inspections.tainted.annotation.equation.Equations'>
            <val val="{ &quot;ins := com.sun.corba.se.impl.protocol.CorbaClientRequestDispatcherImpl#processResponse(com.sun.corba.se.spi.orb.ORB, com.sun.corba.se.spi.protocol.CorbaMessageMediator, com.sun.corba.se.pept.encoding.InputObject)#2&quot;, &quot;ApplicationException := ApplicationException&quot; }"/>
        </annotation>
    </item>
    <item name='org.omg.CORBA.portable.ApplicationException java.lang.String getId()'>
        <annotation name='com.intellij.inspections.tainted.annotation.equation.Equations'>
            <val val="{ &quot;getId := ApplicationException&quot; }"/>
        </annotation>
    </item>
    <item name='org.omg.CORBA.portable.ApplicationException org.omg.CORBA.portable.InputStream getInputStream()'>
        <annotation name='com.intellij.inspections.tainted.annotation.equation.Equations'>
            <val val="{ &quot;getInputStream := ApplicationException&quot; }"/>
        </annotation>
    </item>
    <item name='org.omg.CORBA.portable.BoxedValueHelper java.io.Serializable read_value(org.omg.CORBA.portable.InputStream)'>
        <annotation name='com.intellij.inspections.tainted.annotation.equation.Equations'>
            <val val="{ &quot;is := com.sun.corba.se.impl.encoding.CDRInputStream_1_0 &amp; org.omg.CORBA.StringValueHelper#read_value(org.omg.CORBA.portable.InputStream)#0 &amp; org.omg.CORBA.WStringValueHelper#read_value(org.omg.CORBA.portable.InputStream)#0&quot;, &quot;read_value := org.omg.CORBA.StringValueHelper#read_value(org.omg.CORBA.portable.InputStream) &amp; org.omg.CORBA.WStringValueHelper#read_value(org.omg.CORBA.portable.InputStream)&quot; }"/>
        </annotation>
    </item>
    <item name='org.omg.CORBA.portable.BoxedValueHelper java.lang.String get_id()'>
        <annotation name='com.intellij.inspections.tainted.annotation.equation.Equations'>
            <val val="{ &quot;get_id := org.omg.CORBA.StringValueHelper#get_id() &amp; org.omg.CORBA.WStringValueHelper#get_id()&quot; }"/>
        </annotation>
    </item>
    <item name='org.omg.CORBA.portable.BoxedValueHelper void write_value(org.omg.CORBA.portable.OutputStream, java.io.Serializable)'>
        <annotation name='com.intellij.inspections.tainted.annotation.equation.Equations'>
            <val val="{ &quot;value := com.sun.corba.se.impl.encoding.CDROutputStream_1_0#write_value(java.io.Serializable, org.omg.CORBA.portable.BoxedValueHelper)#0 &amp; com.sun.corba.se.impl.encoding.CDROutputStream_1_0#writeIDLValue(java.io.Serializable, java.lang.String)#0 &amp; org.omg.CORBA.StringValueHelper#write_value(org.omg.CORBA.portable.OutputStream, java.io.Serializable)#1 &amp; org.omg.CORBA.WStringValueHelper#write_value(org.omg.CORBA.portable.OutputStream, java.io.Serializable)#1&quot;, &quot;os := com.sun.corba.se.impl.encoding.CDROutputStream_1_0 &amp; org.omg.CORBA.StringValueHelper#write_value(org.omg.CORBA.portable.OutputStream, java.io.Serializable)#0 &amp; org.omg.CORBA.WStringValueHelper#write_value(org.omg.CORBA.portable.OutputStream, java.io.Serializable)#0&quot; }"/>
        </annotation>
    </item>
    <item name='org.omg.CORBA.portable.Delegate boolean equals(org.omg.CORBA.Object, java.lang.Object)'>
        <annotation name='com.intellij.inspections.tainted.annotation.equation.Equations'>
            <val val="{ &quot;self := com.sun.corba.se.impl.protocol.CorbaClientDelegateImpl#equals(org.omg.CORBA.Object, java.lang.Object)#0 &amp; ObjectImpl&quot;, &quot;obj := com.sun.corba.se.impl.protocol.CorbaClientDelegateImpl#equals(org.omg.CORBA.Object, java.lang.Object)#1 &amp; ObjectImpl#equals(java.lang.Object)#0&quot; }"/>
        </annotation>
    </item>
    <item name='org.omg.CORBA.portable.Delegate boolean is_a(org.omg.CORBA.Object, java.lang.String)'>
        <annotation name='com.intellij.inspections.tainted.annotation.equation.Equations'>
            <val val="{ &quot;repository_id := com.sun.corba.se.impl.protocol.CorbaClientDelegateImpl#is_a(org.omg.CORBA.Object, java.lang.String)#1&quot;, &quot;obj := com.sun.corba.se.impl.protocol.CorbaClientDelegateImpl#is_a(org.omg.CORBA.Object, java.lang.String)#0&quot; }"/>
        </annotation>
    </item>
    <item name='org.omg.CORBA.portable.Delegate boolean is_equivalent(org.omg.CORBA.Object, org.omg.CORBA.Object)'>
        <annotation name='com.intellij.inspections.tainted.annotation.equation.Equations'>
            <val val="{ &quot;obj := com.sun.corba.se.impl.protocol.CorbaClientDelegateImpl#is_equivalent(org.omg.CORBA.Object, org.omg.CORBA.Object)#0&quot;, &quot;other := com.sun.corba.se.impl.protocol.CorbaClientDelegateImpl#is_equivalent(org.omg.CORBA.Object, org.omg.CORBA.Object)#1&quot; }"/>
        </annotation>
    </item>
    <item name='org.omg.CORBA.portable.Delegate boolean is_local(org.omg.CORBA.Object)'>
        <annotation name='com.intellij.inspections.tainted.annotation.equation.Equations'>
            <val val="{ &quot;self := com.sun.corba.se.impl.protocol.CorbaClientDelegateImpl#is_local(org.omg.CORBA.Object)#0&quot; }"/>
        </annotation>
    </item>
    <item name='org.omg.CORBA.portable.Delegate boolean non_existent(org.omg.CORBA.Object)'>
        <annotation name='com.intellij.inspections.tainted.annotation.equation.Equations'>
            <val val="{ &quot;obj := ObjectImpl &amp; com.sun.corba.se.impl.protocol.CorbaClientDelegateImpl#non_existent(org.omg.CORBA.Object)#0&quot; }"/>
        </annotation>
    </item>
    <item name='org.omg.CORBA.portable.Delegate int hash(org.omg.CORBA.Object, int)'>
        <annotation name='com.intellij.inspections.tainted.annotation.equation.Equations'>
            <val val="{ &quot;obj := com.sun.corba.se.impl.protocol.CorbaClientDelegateImpl#hash(org.omg.CORBA.Object, int)#0&quot;, &quot;hash := com.sun.corba.se.impl.protocol.CorbaClientDelegateImpl#hash(org.omg.CORBA.Object, int)&quot;, &quot;max := com.sun.corba.se.impl.protocol.CorbaClientDelegateImpl#hash(org.omg.CORBA.Object, int)#1&quot; }"/>
        </annotation>
    </item>
    <item name='org.omg.CORBA.portable.Delegate int hashCode(org.omg.CORBA.Object)'>
        <annotation name='com.intellij.inspections.tainted.annotation.equation.Equations'>
            <val val="{ &quot;hashCode := com.sun.corba.se.impl.protocol.CorbaClientDelegateImpl#hashCode(org.omg.CORBA.Object)&quot;, &quot;self := com.sun.corba.se.impl.protocol.CorbaClientDelegateImpl#hashCode(org.omg.CORBA.Object)#0 &amp; ObjectImpl&quot; }"/>
        </annotation>
    </item>
    <item name='org.omg.CORBA.portable.Delegate java.lang.String toString(org.omg.CORBA.Object)'>
        <annotation name='com.intellij.inspections.tainted.annotation.equation.Equations'>
            <val val="{ &quot;self := com.sun.corba.se.impl.protocol.CorbaClientDelegateImpl#toString(org.omg.CORBA.Object)#0&quot;, &quot;toString := com.sun.corba.se.impl.protocol.CorbaClientDelegateImpl#toString(org.omg.CORBA.Object)&quot; }"/>
        </annotation>
    </item>
    <item name='org.omg.CORBA.portable.Delegate org.omg.CORBA.ORB orb(org.omg.CORBA.Object)'>
        <annotation name='com.intellij.inspections.tainted.annotation.equation.Equations'>
            <val val="{ &quot;orb := com.sun.corba.se.impl.protocol.CorbaClientDelegateImpl#orb(org.omg.CORBA.Object)&quot;, &quot;obj := com.sun.corba.se.impl.protocol.CorbaClientDelegateImpl#orb(org.omg.CORBA.Object)#0&quot; }"/>
        </annotation>
    </item>
    <item name='org.omg.CORBA.portable.Delegate org.omg.CORBA.Object duplicate(org.omg.CORBA.Object)'>
        <annotation name='com.intellij.inspections.tainted.annotation.equation.Equations'>
            <val val="{ &quot;obj := com.sun.corba.se.impl.protocol.CorbaClientDelegateImpl#duplicate(org.omg.CORBA.Object)#0 &amp; ObjectImpl&quot;, &quot;duplicate := com.sun.corba.se.impl.protocol.CorbaClientDelegateImpl#duplicate(org.omg.CORBA.Object)&quot; }"/>
        </annotation>
    </item>
    <item name='org.omg.CORBA.portable.Delegate org.omg.CORBA.Object get_interface_def(org.omg.CORBA.Object)'>
        <annotation name='com.intellij.inspections.tainted.annotation.equation.Equations'>
            <val val="{ &quot;self := com.sun.corba.se.impl.protocol.CorbaClientDelegateImpl#get_interface_def(org.omg.CORBA.Object)#0 &amp; ObjectImpl&quot;, &quot;get_interface_def := com.sun.corba.se.impl.protocol.CorbaClientDelegateImpl#get_interface_def(org.omg.CORBA.Object)&quot; }"/>
        </annotation>
    </item>
    <item name='org.omg.CORBA.portable.Delegate org.omg.CORBA.Request create_request(org.omg.CORBA.Object, org.omg.CORBA.Context, java.lang.String, org.omg.CORBA.NVList, org.omg.CORBA.NamedValue)'>
        <annotation name='com.intellij.inspections.tainted.annotation.equation.Equations'>
            <val val="{ &quot;obj := com.sun.corba.se.impl.protocol.CorbaClientDelegateImpl#create_request(org.omg.CORBA.Object, org.omg.CORBA.Context, java.lang.String, org.omg.CORBA.NVList, org.omg.CORBA.NamedValue)#0 &amp; ObjectImpl&quot;, &quot;arg_list := com.sun.corba.se.impl.protocol.CorbaClientDelegateImpl#create_request(org.omg.CORBA.Object, org.omg.CORBA.Context, java.lang.String, org.omg.CORBA.NVList, org.omg.CORBA.NamedValue)#3 &amp; ObjectImpl#_create_request(org.omg.CORBA.Context, java.lang.String, org.omg.CORBA.NVList, org.omg.CORBA.NamedValue)#2&quot;, &quot;result := com.sun.corba.se.impl.protocol.CorbaClientDelegateImpl#create_request(org.omg.CORBA.Object, org.omg.CORBA.Context, java.lang.String, org.omg.CORBA.NVList, org.omg.CORBA.NamedValue)#4 &amp; ObjectImpl#_create_request(org.omg.CORBA.Context, java.lang.String, org.omg.CORBA.NVList, org.omg.CORBA.NamedValue)#3&quot;, &quot;create_request := com.sun.corba.se.impl.protocol.CorbaClientDelegateImpl#create_request(org.omg.CORBA.Object, org.omg.CORBA.Context, java.lang.String, org.omg.CORBA.NVList, org.omg.CORBA.NamedValue)&quot;, &quot;operation := com.sun.corba.se.impl.protocol.CorbaClientDelegateImpl#create_request(org.omg.CORBA.Object, org.omg.CORBA.Context, java.lang.String, org.omg.CORBA.NVList, org.omg.CORBA.NamedValue)#2 &amp; ObjectImpl#_create_request(org.omg.CORBA.Context, java.lang.String, org.omg.CORBA.NVList, org.omg.CORBA.NamedValue)#1&quot;, &quot;ctx := com.sun.corba.se.impl.protocol.CorbaClientDelegateImpl#create_request(org.omg.CORBA.Object, org.omg.CORBA.Context, java.lang.String, org.omg.CORBA.NVList, org.omg.CORBA.NamedValue)#1 &amp; ObjectImpl#_create_request(org.omg.CORBA.Context, java.lang.String, org.omg.CORBA.NVList, org.omg.CORBA.NamedValue)#0&quot; }"/>
        </annotation>
    </item>
    <item name='org.omg.CORBA.portable.Delegate org.omg.CORBA.Request create_request(org.omg.CORBA.Object, org.omg.CORBA.Context, java.lang.String, org.omg.CORBA.NVList, org.omg.CORBA.NamedValue, org.omg.CORBA.ExceptionList, org.omg.CORBA.ContextList)'>
        <annotation name='com.intellij.inspections.tainted.annotation.equation.Equations'>
            <val val="{ &quot;exclist := com.sun.corba.se.impl.protocol.CorbaClientDelegateImpl#create_request(org.omg.CORBA.Object, org.omg.CORBA.Context, java.lang.String, org.omg.CORBA.NVList, org.omg.CORBA.NamedValue, org.omg.CORBA.ExceptionList, org.omg.CORBA.ContextList)#5 &amp; ObjectImpl#_create_request(org.omg.CORBA.Context, java.lang.String, org.omg.CORBA.NVList, org.omg.CORBA.NamedValue, org.omg.CORBA.ExceptionList, org.omg.CORBA.ContextList)#4&quot;, &quot;arg_list := com.sun.corba.se.impl.protocol.CorbaClientDelegateImpl#create_request(org.omg.CORBA.Object, org.omg.CORBA.Context, java.lang.String, org.omg.CORBA.NVList, org.omg.CORBA.NamedValue, org.omg.CORBA.ExceptionList, org.omg.CORBA.ContextList)#3 &amp; ObjectImpl#_create_request(org.omg.CORBA.Context, java.lang.String, org.omg.CORBA.NVList, org.omg.CORBA.NamedValue, org.omg.CORBA.ExceptionList, org.omg.CORBA.ContextList)#2&quot;, &quot;obj := com.sun.corba.se.impl.protocol.CorbaClientDelegateImpl#create_request(org.omg.CORBA.Object, org.omg.CORBA.Context, java.lang.String, org.omg.CORBA.NVList, org.omg.CORBA.NamedValue, org.omg.CORBA.ExceptionList, org.omg.CORBA.ContextList)#0 &amp; ObjectImpl&quot;, &quot;ctx := com.sun.corba.se.impl.protocol.CorbaClientDelegateImpl#create_request(org.omg.CORBA.Object, org.omg.CORBA.Context, java.lang.String, org.omg.CORBA.NVList, org.omg.CORBA.NamedValue, org.omg.CORBA.ExceptionList, org.omg.CORBA.ContextList)#1 &amp; ObjectImpl#_create_request(org.omg.CORBA.Context, java.lang.String, org.omg.CORBA.NVList, org.omg.CORBA.NamedValue, org.omg.CORBA.ExceptionList, org.omg.CORBA.ContextList)#0&quot;, &quot;create_request := com.sun.corba.se.impl.protocol.CorbaClientDelegateImpl#create_request(org.omg.CORBA.Object, org.omg.CORBA.Context, java.lang.String, org.omg.CORBA.NVList, org.omg.CORBA.NamedValue, org.omg.CORBA.ExceptionList, org.omg.CORBA.ContextList)&quot;, &quot;result := com.sun.corba.se.impl.protocol.CorbaClientDelegateImpl#create_request(org.omg.CORBA.Object, org.omg.CORBA.Context, java.lang.String, org.omg.CORBA.NVList, org.omg.CORBA.NamedValue, org.omg.CORBA.ExceptionList, org.omg.CORBA.ContextList)#4 &amp; ObjectImpl#_create_request(org.omg.CORBA.Context, java.lang.String, org.omg.CORBA.NVList, org.omg.CORBA.NamedValue, org.omg.CORBA.ExceptionList, org.omg.CORBA.ContextList)#3&quot;, &quot;operation := com.sun.corba.se.impl.protocol.CorbaClientDelegateImpl#create_request(org.omg.CORBA.Object, org.omg.CORBA.Context, java.lang.String, org.omg.CORBA.NVList, org.omg.CORBA.NamedValue, org.omg.CORBA.ExceptionList, org.omg.CORBA.ContextList)#2 &amp; ObjectImpl#_create_request(org.omg.CORBA.Context, java.lang.String, org.omg.CORBA.NVList, org.omg.CORBA.NamedValue, org.omg.CORBA.ExceptionList, org.omg.CORBA.ContextList)#1&quot;, &quot;ctxlist := com.sun.corba.se.impl.protocol.CorbaClientDelegateImpl#create_request(org.omg.CORBA.Object, org.omg.CORBA.Context, java.lang.String, org.omg.CORBA.NVList, org.omg.CORBA.NamedValue, org.omg.CORBA.ExceptionList, org.omg.CORBA.ContextList)#6 &amp; ObjectImpl#_create_request(org.omg.CORBA.Context, java.lang.String, org.omg.CORBA.NVList, org.omg.CORBA.NamedValue, org.omg.CORBA.ExceptionList, org.omg.CORBA.ContextList)#5&quot; }"/>
        </annotation>
    </item>
    <item name='org.omg.CORBA.portable.Delegate org.omg.CORBA.Request request(org.omg.CORBA.Object, java.lang.String)'>
        <annotation name='com.intellij.inspections.tainted.annotation.equation.Equations'>
            <val val="{ &quot;request := com.sun.corba.se.impl.protocol.CorbaClientDelegateImpl#request(org.omg.CORBA.Object, java.lang.String)&quot;, &quot;operation := com.sun.corba.se.impl.protocol.CorbaClientDelegateImpl#request(org.omg.CORBA.Object, java.lang.String)#1 &amp; ObjectImpl#_request(java.lang.String)#0&quot;, &quot;obj := com.sun.corba.se.impl.protocol.CorbaClientDelegateImpl#request(org.omg.CORBA.Object, java.lang.String)#0 &amp; ObjectImpl&quot; }"/>
        </annotation>
    </item>
    <item name='org.omg.CORBA.portable.Delegate org.omg.CORBA.portable.InputStream invoke(org.omg.CORBA.Object, org.omg.CORBA.portable.OutputStream)'>
        <annotation name='com.intellij.inspections.tainted.annotation.equation.Equations'>
            <val val="{ &quot;output := com.sun.corba.se.impl.protocol.CorbaClientDelegateImpl#invoke(org.omg.CORBA.Object, org.omg.CORBA.portable.OutputStream)#1&quot;, &quot;self := com.sun.corba.se.impl.protocol.CorbaClientDelegateImpl#invoke(org.omg.CORBA.Object, org.omg.CORBA.portable.OutputStream)#0&quot;, &quot;invoke := com.sun.corba.se.impl.protocol.CorbaClientDelegateImpl#invoke(org.omg.CORBA.Object, org.omg.CORBA.portable.OutputStream)&quot; }"/>
        </annotation>
    </item>
    <item name='org.omg.CORBA.portable.Delegate org.omg.CORBA.portable.OutputStream request(org.omg.CORBA.Object, java.lang.String, boolean)'>
        <annotation name='com.intellij.inspections.tainted.annotation.equation.Equations'>
            <val val="{ &quot;operation := com.sun.corba.se.impl.corba.RequestImpl &amp; com.sun.corba.se.impl.protocol.CorbaClientDelegateImpl#request(org.omg.CORBA.Object, java.lang.String, boolean)#1 &amp; com.sun.corba.se.impl.resolver.BootstrapResolverImpl#invoke(java.lang.String, java.lang.String)#0 &amp; ObjectImpl#_request(java.lang.String, boolean)#0&quot;, &quot;self := com.sun.corba.se.impl.protocol.CorbaClientDelegateImpl#request(org.omg.CORBA.Object, java.lang.String, boolean)#0 &amp; com.sun.corba.se.impl.presentation.rmi.StubInvocationHandlerImpl &amp; ObjectImpl&quot;, &quot;request := com.sun.corba.se.impl.protocol.CorbaClientDelegateImpl#request(org.omg.CORBA.Object, java.lang.String, boolean)&quot; }"/>
        </annotation>
    </item>
    <item name='org.omg.CORBA.portable.Delegate org.omg.CORBA.portable.ServantObject servant_preinvoke(org.omg.CORBA.Object, java.lang.String, java.lang.Class)'>
        <annotation name='com.intellij.inspections.tainted.annotation.equation.Equations'>
            <val val="{ &quot;servant_preinvoke := com.sun.corba.se.impl.protocol.CorbaClientDelegateImpl#servant_preinvoke(org.omg.CORBA.Object, java.lang.String, java.lang.Class)&quot;, &quot;expectedType := com.sun.corba.se.impl.protocol.CorbaClientDelegateImpl#servant_preinvoke(org.omg.CORBA.Object, java.lang.String, java.lang.Class)#2 &amp; ObjectImpl#_servant_preinvoke(java.lang.String, java.lang.Class)#1&quot;, &quot;self := com.sun.corba.se.impl.protocol.CorbaClientDelegateImpl#servant_preinvoke(org.omg.CORBA.Object, java.lang.String, java.lang.Class)#0 &amp; com.sun.corba.se.impl.presentation.rmi.StubInvocationHandlerImpl &amp; ObjectImpl&quot;, &quot;operation := com.sun.corba.se.impl.protocol.CorbaClientDelegateImpl#servant_preinvoke(org.omg.CORBA.Object, java.lang.String, java.lang.Class)#1 &amp; ObjectImpl#_servant_preinvoke(java.lang.String, java.lang.Class)#0&quot; }"/>
        </annotation>
    </item>
    <item name='org.omg.CORBA.portable.Delegate void release(org.omg.CORBA.Object)'>
        <annotation name='com.intellij.inspections.tainted.annotation.equation.Equations'>
            <val val="{ &quot;obj := ObjectImpl &amp; com.sun.corba.se.impl.protocol.CorbaClientDelegateImpl#release(org.omg.CORBA.Object)#0&quot; }"/>
        </annotation>
    </item>
    <item name='org.omg.CORBA.portable.Delegate void releaseReply(org.omg.CORBA.Object, org.omg.CORBA.portable.InputStream)'>
        <annotation name='com.intellij.inspections.tainted.annotation.equation.Equations'>
            <val val="{ &quot;self := com.sun.corba.se.impl.protocol.CorbaClientDelegateImpl#releaseReply(org.omg.CORBA.Object, org.omg.CORBA.portable.InputStream)#0 &amp; com.sun.corba.se.impl.presentation.rmi.StubInvocationHandlerImpl &amp; ObjectImpl&quot;, &quot;input := com.sun.corba.se.impl.protocol.CorbaClientDelegateImpl#releaseReply(org.omg.CORBA.Object, org.omg.CORBA.portable.InputStream)#1 &amp; ObjectImpl#_releaseReply(org.omg.CORBA.portable.InputStream)#0&quot; }"/>
        </annotation>
    </item>
    <item name='org.omg.CORBA.portable.Delegate void servant_postinvoke(org.omg.CORBA.Object, org.omg.CORBA.portable.ServantObject)'>
        <annotation name='com.intellij.inspections.tainted.annotation.equation.Equations'>
            <val val="{ &quot;self := com.sun.corba.se.impl.protocol.CorbaClientDelegateImpl#servant_postinvoke(org.omg.CORBA.Object, org.omg.CORBA.portable.ServantObject)#0 &amp; com.sun.corba.se.impl.presentation.rmi.StubInvocationHandlerImpl &amp; ObjectImpl&quot;, &quot;servant := com.sun.corba.se.impl.protocol.CorbaClientDelegateImpl#servant_postinvoke(org.omg.CORBA.Object, org.omg.CORBA.portable.ServantObject)#1 &amp; ObjectImpl#_servant_postinvoke(org.omg.CORBA.portable.ServantObject)#0&quot; }"/>
        </annotation>
    </item>
    <item name='org.omg.CORBA.portable.InputStream byte read_octet()'>
        <annotation name='com.intellij.inspections.tainted.annotation.equation.Equations'>
            <val val="{ &quot;read_octet := com.sun.jmx.remote.protocol.iiop.ProxyInputStream#read_octet() &amp; com.sun.corba.se.impl.encoding.CDRInputStream#read_octet() &amp; com.sun.corba.se.impl.encoding.WrapperInputStream#read_octet()&quot; }"/>
        </annotation>
    </item>
    <item name='org.omg.CORBA.portable.InputStream char read_char()'>
        <annotation name='com.intellij.inspections.tainted.annotation.equation.Equations'>
            <val val="{ &quot;read_char := com.sun.corba.se.impl.encoding.WrapperInputStream#read_char() &amp; com.sun.corba.se.impl.encoding.CDRInputStream#read_char() &amp; com.sun.jmx.remote.protocol.iiop.ProxyInputStream#read_char()&quot; }"/>
        </annotation>
    </item>
    <item name='org.omg.CORBA.portable.InputStream char read_wchar()'>
        <annotation name='com.intellij.inspections.tainted.annotation.equation.Equations'>
            <val val="{ &quot;read_wchar := com.sun.corba.se.impl.encoding.WrapperInputStream#read_wchar() &amp; com.sun.corba.se.impl.encoding.CDRInputStream#read_wchar() &amp; com.sun.jmx.remote.protocol.iiop.ProxyInputStream#read_wchar()&quot; }"/>
        </annotation>
    </item>
    <item name='org.omg.CORBA.portable.InputStream double read_double()'>
        <annotation name='com.intellij.inspections.tainted.annotation.equation.Equations'>
            <val val="{ &quot;read_double := com.sun.corba.se.impl.encoding.WrapperInputStream#read_double() &amp; com.sun.corba.se.impl.encoding.CDRInputStream#read_double() &amp; com.sun.jmx.remote.protocol.iiop.ProxyInputStream#read_double()&quot; }"/>
        </annotation>
    </item>
    <item name='org.omg.CORBA.portable.InputStream float read_float()'>
        <annotation name='com.intellij.inspections.tainted.annotation.equation.Equations'>
            <val val="{ &quot;read_float := com.sun.corba.se.impl.encoding.WrapperInputStream#read_float() &amp; com.sun.corba.se.impl.encoding.CDRInputStream#read_float() &amp; com.sun.jmx.remote.protocol.iiop.ProxyInputStream#read_float()&quot; }"/>
        </annotation>
    </item>
    <item name='org.omg.CORBA.portable.InputStream int read()'>
        <annotation name='com.intellij.inspections.tainted.annotation.equation.Equations'>
            <val val="{ &quot;read := com.sun.corba.se.impl.encoding.WrapperInputStream#read() &amp; com.sun.corba.se.impl.encoding.CDRInputStream#read() &amp; com.sun.jmx.remote.protocol.iiop.ProxyInputStream#read()&quot; }"/>
        </annotation>
    </item>
    <item name='org.omg.CORBA.portable.InputStream int read_long()'>
        <annotation name='com.intellij.inspections.tainted.annotation.equation.Equations'>
            <val val="{ &quot;read_long := com.sun.jmx.remote.protocol.iiop.ProxyInputStream#read_long() &amp; com.sun.corba.se.impl.encoding.CDRInputStream#read_long() &amp; com.sun.corba.se.impl.encoding.WrapperInputStream#read_long()&quot; }"/>
        </annotation>
    </item>
    <item name='org.omg.CORBA.portable.InputStream int read_ulong()'>
        <annotation name='com.intellij.inspections.tainted.annotation.equation.Equations'>
            <val val="{ &quot;read_ulong := com.sun.corba.se.impl.encoding.WrapperInputStream#read_ulong() &amp; com.sun.corba.se.impl.encoding.CDRInputStream#read_ulong() &amp; com.sun.jmx.remote.protocol.iiop.ProxyInputStream#read_ulong()&quot; }"/>
        </annotation>
    </item>
    <item name='org.omg.CORBA.portable.InputStream java.lang.String read_string()'>
        <annotation name='com.intellij.inspections.tainted.annotation.equation.Equations'>
            <val val="{ &quot;read_string := com.sun.corba.se.impl.encoding.WrapperInputStream#read_string() &amp; com.sun.corba.se.impl.encoding.CDRInputStream#read_string() &amp; com.sun.jmx.remote.protocol.iiop.ProxyInputStream#read_string()&quot; }"/>
        </annotation>
    </item>
    <item name='org.omg.CORBA.portable.InputStream java.lang.String read_wstring()'>
        <annotation name='com.intellij.inspections.tainted.annotation.equation.Equations'>
            <val val="{ &quot;read_wstring := com.sun.corba.se.impl.encoding.WrapperInputStream#read_wstring() &amp; com.sun.corba.se.impl.encoding.CDRInputStream#read_wstring() &amp; com.sun.jmx.remote.protocol.iiop.ProxyInputStream#read_wstring()&quot; }"/>
        </annotation>
    </item>
    <item name='org.omg.CORBA.portable.InputStream java.math.BigDecimal read_fixed()'>
        <annotation name='com.intellij.inspections.tainted.annotation.equation.Equations'>
            <val val="{ &quot;read_fixed := com.sun.corba.se.impl.encoding.WrapperInputStream#read_fixed() &amp; com.sun.corba.se.impl.encoding.CDRInputStream#read_fixed() &amp; com.sun.jmx.remote.protocol.iiop.ProxyInputStream#read_fixed()&quot; }"/>
        </annotation>
    </item>
    <item name='org.omg.CORBA.portable.InputStream long read_longlong()'>
        <annotation name='com.intellij.inspections.tainted.annotation.equation.Equations'>
            <val val="{ &quot;read_longlong := com.sun.jmx.remote.protocol.iiop.ProxyInputStream#read_longlong() &amp; com.sun.corba.se.impl.encoding.CDRInputStream#read_longlong() &amp; com.sun.corba.se.impl.encoding.WrapperInputStream#read_longlong()&quot; }"/>
        </annotation>
    </item>
    <item name='org.omg.CORBA.portable.InputStream long read_ulonglong()'>
        <annotation name='com.intellij.inspections.tainted.annotation.equation.Equations'>
            <val val="{ &quot;read_ulonglong := com.sun.jmx.remote.protocol.iiop.ProxyInputStream#read_ulonglong() &amp; com.sun.corba.se.impl.encoding.CDRInputStream#read_ulonglong() &amp; com.sun.corba.se.impl.encoding.WrapperInputStream#read_ulonglong()&quot; }"/>
        </annotation>
    </item>
    <item name='org.omg.CORBA.portable.InputStream org.omg.CORBA.Any read_any()'>
        <annotation name='com.intellij.inspections.tainted.annotation.equation.Equations'>
            <val val="{ &quot;read_any := com.sun.corba.se.impl.encoding.WrapperInputStream#read_any() &amp; com.sun.corba.se.impl.encoding.CDRInputStream#read_any() &amp; com.sun.jmx.remote.protocol.iiop.ProxyInputStream#read_any()&quot; }"/>
        </annotation>
    </item>
    <item name='org.omg.CORBA.portable.InputStream org.omg.CORBA.Context read_Context()'>
        <annotation name='com.intellij.inspections.tainted.annotation.equation.Equations'>
            <val val="{ &quot;read_Context := com.sun.jmx.remote.protocol.iiop.ProxyInputStream#read_Context() &amp; com.sun.corba.se.impl.encoding.CDRInputStream#read_Context() &amp; com.sun.corba.se.impl.encoding.WrapperInputStream#read_Context()&quot; }"/>
        </annotation>
    </item>
    <item name='org.omg.CORBA.portable.InputStream org.omg.CORBA.ORB orb()'>
        <annotation name='com.intellij.inspections.tainted.annotation.equation.Equations'>
            <val val="{ &quot;orb := com.sun.corba.se.impl.encoding.WrapperInputStream#orb() &amp; com.sun.corba.se.impl.encoding.CDRInputStream#orb() &amp; com.sun.jmx.remote.protocol.iiop.ProxyInputStream#orb()&quot; }"/>
        </annotation>
    </item>
    <item name='org.omg.CORBA.portable.InputStream org.omg.CORBA.Object read_Object()'>
        <annotation name='com.intellij.inspections.tainted.annotation.equation.Equations'>
            <val val="{ &quot;read_Object := com.sun.corba.se.impl.encoding.WrapperInputStream#read_Object() &amp; com.sun.corba.se.impl.encoding.CDRInputStream#read_Object() &amp; com.sun.jmx.remote.protocol.iiop.ProxyInputStream#read_Object()&quot; }"/>
        </annotation>
    </item>
    <item name='org.omg.CORBA.portable.InputStream org.omg.CORBA.Object read_Object(java.lang.Class)'>
        <annotation name='com.intellij.inspections.tainted.annotation.equation.Equations'>
            <val val="{ &quot;clz := com.sun.jmx.remote.protocol.iiop.ProxyInputStream#read_Object(java.lang.Class)#0 &amp; com.sun.corba.se.impl.encoding.CDRInputStream#read_Object(java.lang.Class)#0 &amp; com.sun.corba.se.impl.presentation.rmi.DynamicMethodMarshallerImpl#makeReaderWriter(java.lang.Class)#0&quot;, &quot;read_Object := com.sun.jmx.remote.protocol.iiop.ProxyInputStream#read_Object(java.lang.Class) &amp; com.sun.corba.se.impl.encoding.CDRInputStream#read_Object(java.lang.Class)&quot; }"/>
        </annotation>
    </item>
    <item name='org.omg.CORBA.portable.InputStream org.omg.CORBA.Principal read_Principal()'>
        <annotation name='com.intellij.inspections.tainted.annotation.equation.Equations'>
            <val val="{ &quot;read_Principal := com.sun.corba.se.impl.encoding.WrapperInputStream#read_Principal() &amp; com.sun.corba.se.impl.encoding.CDRInputStream#read_Principal() &amp; com.sun.jmx.remote.protocol.iiop.ProxyInputStream#read_Principal()&quot; }"/>
        </annotation>
    </item>
    <item name='org.omg.CORBA.portable.InputStream org.omg.CORBA.TypeCode read_TypeCode()'>
        <annotation name='com.intellij.inspections.tainted.annotation.equation.Equations'>
            <val val="{ &quot;read_TypeCode := com.sun.corba.se.impl.encoding.WrapperInputStream#read_TypeCode() &amp; com.sun.corba.se.impl.encoding.CDRInputStream#read_TypeCode() &amp; com.sun.jmx.remote.protocol.iiop.ProxyInputStream#read_TypeCode()&quot; }"/>
        </annotation>
    </item>
    <item name='org.omg.CORBA.portable.InputStream short read_short()'>
        <annotation name='com.intellij.inspections.tainted.annotation.equation.Equations'>
            <val val="{ &quot;read_short := com.sun.jmx.remote.protocol.iiop.ProxyInputStream#read_short() &amp; com.sun.corba.se.impl.encoding.CDRInputStream#read_short() &amp; com.sun.corba.se.impl.encoding.WrapperInputStream#read_short()&quot; }"/>
        </annotation>
    </item>
    <item name='org.omg.CORBA.portable.InputStream short read_ushort()'>
        <annotation name='com.intellij.inspections.tainted.annotation.equation.Equations'>
            <val val="{ &quot;read_ushort := com.sun.jmx.remote.protocol.iiop.ProxyInputStream#read_ushort() &amp; com.sun.corba.se.impl.encoding.CDRInputStream#read_ushort() &amp; com.sun.corba.se.impl.encoding.WrapperInputStream#read_ushort()&quot; }"/>
        </annotation>
    </item>
    <item name='org.omg.CORBA.portable.InputStream void read_boolean_array(boolean[], int, int)'>
        <annotation name='com.intellij.inspections.tainted.annotation.equation.Equations'>
            <val val="{ &quot;value := com.sun.corba.se.impl.encoding.WrapperInputStream#read_boolean_array(boolean[], int, int)#0 &amp; com.sun.corba.se.impl.encoding.CDRInputStream#read_boolean_array(boolean[], int, int)#0 &amp; com.sun.jmx.remote.protocol.iiop.ProxyInputStream#read_boolean_array(boolean[], int, int)#0&quot;, &quot;offset := com.sun.corba.se.impl.encoding.WrapperInputStream#read_boolean_array(boolean[], int, int)#1 &amp; com.sun.corba.se.impl.encoding.CDRInputStream#read_boolean_array(boolean[], int, int)#1 &amp; com.sun.jmx.remote.protocol.iiop.ProxyInputStream#read_boolean_array(boolean[], int, int)#1&quot;, &quot;length := com.sun.corba.se.impl.encoding.WrapperInputStream#read_boolean_array(boolean[], int, int)#2 &amp; com.sun.corba.se.impl.encoding.CDRInputStream#read_boolean_array(boolean[], int, int)#2 &amp; com.sun.jmx.remote.protocol.iiop.ProxyInputStream#read_boolean_array(boolean[], int, int)#2&quot; }"/>
        </annotation>
    </item>
    <item name='org.omg.CORBA.portable.InputStream void read_char_array(char[], int, int)'>
        <annotation name='com.intellij.inspections.tainted.annotation.equation.Equations'>
            <val val="{ &quot;value := com.sun.corba.se.impl.encoding.WrapperInputStream#read_char_array(char[], int, int)#0 &amp; com.sun.corba.se.impl.encoding.CDRInputStream#read_char_array(char[], int, int)#0 &amp; com.sun.jmx.remote.protocol.iiop.ProxyInputStream#read_char_array(char[], int, int)#0&quot;, &quot;offset := com.sun.corba.se.impl.encoding.WrapperInputStream#read_char_array(char[], int, int)#1 &amp; com.sun.corba.se.impl.encoding.CDRInputStream#read_char_array(char[], int, int)#1 &amp; com.sun.jmx.remote.protocol.iiop.ProxyInputStream#read_char_array(char[], int, int)#1&quot;, &quot;length := com.sun.corba.se.impl.encoding.WrapperInputStream#read_char_array(char[], int, int)#2 &amp; com.sun.corba.se.impl.encoding.CDRInputStream#read_char_array(char[], int, int)#2 &amp; com.sun.jmx.remote.protocol.iiop.ProxyInputStream#read_char_array(char[], int, int)#2&quot; }"/>
        </annotation>
    </item>
    <item name='org.omg.CORBA.portable.InputStream void read_double_array(double[], int, int)'>
        <annotation name='com.intellij.inspections.tainted.annotation.equation.Equations'>
            <val val="{ &quot;offset := com.sun.corba.se.impl.encoding.WrapperInputStream#read_double_array(double[], int, int)#1 &amp; com.sun.corba.se.impl.encoding.CDRInputStream#read_double_array(double[], int, int)#1 &amp; com.sun.jmx.remote.protocol.iiop.ProxyInputStream#read_double_array(double[], int, int)#1&quot;, &quot;length := com.sun.corba.se.impl.encoding.WrapperInputStream#read_double_array(double[], int, int)#2 &amp; com.sun.corba.se.impl.encoding.CDRInputStream#read_double_array(double[], int, int)#2 &amp; com.sun.jmx.remote.protocol.iiop.ProxyInputStream#read_double_array(double[], int, int)#2&quot;, &quot;value := com.sun.corba.se.impl.encoding.WrapperInputStream#read_double_array(double[], int, int)#0 &amp; com.sun.corba.se.impl.encoding.CDRInputStream#read_double_array(double[], int, int)#0 &amp; com.sun.jmx.remote.protocol.iiop.ProxyInputStream#read_double_array(double[], int, int)#0&quot; }"/>
        </annotation>
    </item>
    <item name='org.omg.CORBA.portable.InputStream void read_float_array(float[], int, int)'>
        <annotation name='com.intellij.inspections.tainted.annotation.equation.Equations'>
            <val val="{ &quot;offset := com.sun.jmx.remote.protocol.iiop.ProxyInputStream#read_float_array(float[], int, int)#1 &amp; com.sun.corba.se.impl.encoding.CDRInputStream#read_float_array(float[], int, int)#1 &amp; com.sun.corba.se.impl.encoding.WrapperInputStream#read_float_array(float[], int, int)#1&quot;, &quot;value := com.sun.jmx.remote.protocol.iiop.ProxyInputStream#read_float_array(float[], int, int)#0 &amp; com.sun.corba.se.impl.encoding.CDRInputStream#read_float_array(float[], int, int)#0 &amp; com.sun.corba.se.impl.encoding.WrapperInputStream#read_float_array(float[], int, int)#0&quot;, &quot;length := com.sun.jmx.remote.protocol.iiop.ProxyInputStream#read_float_array(float[], int, int)#2 &amp; com.sun.corba.se.impl.encoding.CDRInputStream#read_float_array(float[], int, int)#2 &amp; com.sun.corba.se.impl.encoding.WrapperInputStream#read_float_array(float[], int, int)#2&quot; }"/>
        </annotation>
    </item>
    <item name='org.omg.CORBA.portable.InputStream void read_long_array(int[], int, int)'>
        <annotation name='com.intellij.inspections.tainted.annotation.equation.Equations'>
            <val val="{ &quot;offset := com.sun.jmx.remote.protocol.iiop.ProxyInputStream#read_long_array(int[], int, int)#1 &amp; com.sun.corba.se.impl.encoding.CDRInputStream#read_long_array(int[], int, int)#1 &amp; com.sun.corba.se.impl.encoding.WrapperInputStream#read_long_array(int[], int, int)#1&quot;, &quot;length := com.sun.jmx.remote.protocol.iiop.ProxyInputStream#read_long_array(int[], int, int)#2 &amp; com.sun.corba.se.impl.encoding.CDRInputStream#read_long_array(int[], int, int)#2 &amp; com.sun.corba.se.impl.encoding.WrapperInputStream#read_long_array(int[], int, int)#2&quot;, &quot;value := com.sun.jmx.remote.protocol.iiop.ProxyInputStream#read_long_array(int[], int, int)#0 &amp; com.sun.corba.se.impl.encoding.CDRInputStream#read_long_array(int[], int, int)#0 &amp; com.sun.corba.se.impl.encoding.WrapperInputStream#read_long_array(int[], int, int)#0&quot; }"/>
        </annotation>
    </item>
    <item name='org.omg.CORBA.portable.InputStream void read_longlong_array(long[], int, int)'>
        <annotation name='com.intellij.inspections.tainted.annotation.equation.Equations'>
            <val val="{ &quot;offset := com.sun.jmx.remote.protocol.iiop.ProxyInputStream#read_longlong_array(long[], int, int)#1 &amp; com.sun.corba.se.impl.encoding.CDRInputStream#read_longlong_array(long[], int, int)#1 &amp; com.sun.corba.se.impl.encoding.WrapperInputStream#read_longlong_array(long[], int, int)#1&quot;, &quot;value := com.sun.jmx.remote.protocol.iiop.ProxyInputStream#read_longlong_array(long[], int, int)#0 &amp; com.sun.corba.se.impl.encoding.CDRInputStream#read_longlong_array(long[], int, int)#0 &amp; com.sun.corba.se.impl.encoding.WrapperInputStream#read_longlong_array(long[], int, int)#0&quot;, &quot;length := com.sun.jmx.remote.protocol.iiop.ProxyInputStream#read_longlong_array(long[], int, int)#2 &amp; com.sun.corba.se.impl.encoding.CDRInputStream#read_longlong_array(long[], int, int)#2 &amp; com.sun.corba.se.impl.encoding.WrapperInputStream#read_longlong_array(long[], int, int)#2&quot; }"/>
        </annotation>
    </item>
    <item name='org.omg.CORBA.portable.InputStream void read_octet_array(byte[], int, int)'>
        <annotation name='com.intellij.inspections.tainted.annotation.equation.Equations'>
            <val val="{ &quot;value := com.sun.jmx.remote.protocol.iiop.ProxyInputStream#read_octet_array(byte[], int, int)#0 &amp; com.sun.corba.se.spi.servicecontext.UnknownServiceContext &amp; com.sun.corba.se.impl.io.IIOPInputStream#read(byte[], int, int)#0 &amp; com.sun.corba.se.impl.io.IIOPInputStream#readFully(byte[], int, int)#0 &amp; com.sun.corba.se.impl.ior.StubIORImpl &amp; com.sun.corba.se.impl.encoding.CDRInputStream#read_octet_array(byte[], int, int)#0 &amp; com.sun.corba.se.impl.encoding.WrapperInputStream#read_octet_array(byte[], int, int)#0 &amp; com.sun.corba.se.impl.protocol.giopmsgheaders.RequestMessage_1_0 &amp; com.sun.corba.se.impl.protocol.giopmsgheaders.RequestMessage_1_1 &amp; com.sun.corba.se.impl.protocol.giopmsgheaders.LocateRequestMessage_1_0 &amp; com.sun.corba.se.impl.protocol.giopmsgheaders.LocateRequestMessage_1_1&quot;, &quot;offset := com.sun.jmx.remote.protocol.iiop.ProxyInputStream#read_octet_array(byte[], int, int)#1 &amp; com.sun.corba.se.impl.io.IIOPInputStream#read(byte[], int, int)#1 &amp; com.sun.corba.se.impl.io.IIOPInputStream#readFully(byte[], int, int)#1 &amp; com.sun.corba.se.impl.encoding.CDRInputStream#read_octet_array(byte[], int, int)#1 &amp; com.sun.corba.se.impl.encoding.WrapperInputStream#read_octet_array(byte[], int, int)#1&quot;, &quot;length := com.sun.jmx.remote.protocol.iiop.ProxyInputStream#read_octet_array(byte[], int, int)#2 &amp; com.sun.corba.se.impl.io.IIOPInputStream#read(byte[], int, int)#2 &amp; com.sun.corba.se.impl.io.IIOPInputStream#readFully(byte[], int, int)#2 &amp; com.sun.corba.se.impl.io.IIOPInputStream#skipBytes(int)#0 &amp; com.sun.corba.se.impl.ior.StubIORImpl &amp; com.sun.corba.se.impl.encoding.CDRInputStream#read_octet_array(byte[], int, int)#2 &amp; com.sun.corba.se.impl.encoding.WrapperInputStream#read_octet_array(byte[], int, int)#2&quot; }"/>
        </annotation>
    </item>
    <item name='org.omg.CORBA.portable.InputStream void read_short_array(short[], int, int)'>
        <annotation name='com.intellij.inspections.tainted.annotation.equation.Equations'>
            <val val="{ &quot;value := com.sun.corba.se.impl.encoding.WrapperInputStream#read_short_array(short[], int, int)#0 &amp; com.sun.corba.se.impl.encoding.CDRInputStream#read_short_array(short[], int, int)#0 &amp; com.sun.jmx.remote.protocol.iiop.ProxyInputStream#read_short_array(short[], int, int)#0&quot;, &quot;length := com.sun.corba.se.impl.encoding.WrapperInputStream#read_short_array(short[], int, int)#2 &amp; com.sun.corba.se.impl.encoding.CDRInputStream#read_short_array(short[], int, int)#2 &amp; com.sun.jmx.remote.protocol.iiop.ProxyInputStream#read_short_array(short[], int, int)#2&quot;, &quot;offset := com.sun.corba.se.impl.encoding.WrapperInputStream#read_short_array(short[], int, int)#1 &amp; com.sun.corba.se.impl.encoding.CDRInputStream#read_short_array(short[], int, int)#1 &amp; com.sun.jmx.remote.protocol.iiop.ProxyInputStream#read_short_array(short[], int, int)#1&quot; }"/>
        </annotation>
    </item>
    <item name='org.omg.CORBA.portable.InputStream void read_ulong_array(int[], int, int)'>
        <annotation name='com.intellij.inspections.tainted.annotation.equation.Equations'>
            <val val="{ &quot;offset := com.sun.jmx.remote.protocol.iiop.ProxyInputStream#read_ulong_array(int[], int, int)#1 &amp; com.sun.corba.se.impl.encoding.CDRInputStream#read_ulong_array(int[], int, int)#1 &amp; com.sun.corba.se.impl.encoding.WrapperInputStream#read_ulong_array(int[], int, int)#1&quot;, &quot;value := com.sun.jmx.remote.protocol.iiop.ProxyInputStream#read_ulong_array(int[], int, int)#0 &amp; com.sun.corba.se.impl.encoding.CDRInputStream#read_ulong_array(int[], int, int)#0 &amp; com.sun.corba.se.impl.encoding.WrapperInputStream#read_ulong_array(int[], int, int)#0&quot;, &quot;length := com.sun.jmx.remote.protocol.iiop.ProxyInputStream#read_ulong_array(int[], int, int)#2 &amp; com.sun.corba.se.impl.encoding.CDRInputStream#read_ulong_array(int[], int, int)#2 &amp; com.sun.corba.se.impl.encoding.WrapperInputStream#read_ulong_array(int[], int, int)#2&quot; }"/>
        </annotation>
    </item>
    <item name='org.omg.CORBA.portable.InputStream void read_ulonglong_array(long[], int, int)'>
        <annotation name='com.intellij.inspections.tainted.annotation.equation.Equations'>
            <val val="{ &quot;offset := com.sun.jmx.remote.protocol.iiop.ProxyInputStream#read_ulonglong_array(long[], int, int)#1 &amp; com.sun.corba.se.impl.encoding.CDRInputStream#read_ulonglong_array(long[], int, int)#1 &amp; com.sun.corba.se.impl.encoding.WrapperInputStream#read_ulonglong_array(long[], int, int)#1&quot;, &quot;length := com.sun.jmx.remote.protocol.iiop.ProxyInputStream#read_ulonglong_array(long[], int, int)#2 &amp; com.sun.corba.se.impl.encoding.CDRInputStream#read_ulonglong_array(long[], int, int)#2 &amp; com.sun.corba.se.impl.encoding.WrapperInputStream#read_ulonglong_array(long[], int, int)#2&quot;, &quot;value := com.sun.jmx.remote.protocol.iiop.ProxyInputStream#read_ulonglong_array(long[], int, int)#0 &amp; com.sun.corba.se.impl.encoding.CDRInputStream#read_ulonglong_array(long[], int, int)#0 &amp; com.sun.corba.se.impl.encoding.WrapperInputStream#read_ulonglong_array(long[], int, int)#0&quot; }"/>
        </annotation>
    </item>
    <item name='org.omg.CORBA.portable.InputStream void read_ushort_array(short[], int, int)'>
        <annotation name='com.intellij.inspections.tainted.annotation.equation.Equations'>
            <val val="{ &quot;offset := com.sun.corba.se.impl.encoding.WrapperInputStream#read_ushort_array(short[], int, int)#1 &amp; com.sun.corba.se.impl.encoding.CDRInputStream#read_ushort_array(short[], int, int)#1 &amp; com.sun.jmx.remote.protocol.iiop.ProxyInputStream#read_ushort_array(short[], int, int)#1&quot;, &quot;length := com.sun.corba.se.impl.encoding.WrapperInputStream#read_ushort_array(short[], int, int)#2 &amp; com.sun.corba.se.impl.encoding.CDRInputStream#read_ushort_array(short[], int, int)#2 &amp; com.sun.jmx.remote.protocol.iiop.ProxyInputStream#read_ushort_array(short[], int, int)#2&quot;, &quot;value := com.sun.corba.se.impl.encoding.WrapperInputStream#read_ushort_array(short[], int, int)#0 &amp; com.sun.corba.se.impl.encoding.CDRInputStream#read_ushort_array(short[], int, int)#0 &amp; com.sun.jmx.remote.protocol.iiop.ProxyInputStream#read_ushort_array(short[], int, int)#0&quot; }"/>
        </annotation>
    </item>
    <item name='org.omg.CORBA.portable.InputStream void read_wchar_array(char[], int, int)'>
        <annotation name='com.intellij.inspections.tainted.annotation.equation.Equations'>
            <val val="{ &quot;value := com.sun.corba.se.impl.encoding.WrapperInputStream#read_wchar_array(char[], int, int)#0 &amp; com.sun.corba.se.impl.encoding.CDRInputStream#read_wchar_array(char[], int, int)#0 &amp; com.sun.jmx.remote.protocol.iiop.ProxyInputStream#read_wchar_array(char[], int, int)#0&quot;, &quot;length := com.sun.corba.se.impl.encoding.WrapperInputStream#read_wchar_array(char[], int, int)#2 &amp; com.sun.corba.se.impl.encoding.CDRInputStream#read_wchar_array(char[], int, int)#2 &amp; com.sun.jmx.remote.protocol.iiop.ProxyInputStream#read_wchar_array(char[], int, int)#2&quot;, &quot;offset := com.sun.corba.se.impl.encoding.WrapperInputStream#read_wchar_array(char[], int, int)#1 &amp; com.sun.corba.se.impl.encoding.CDRInputStream#read_wchar_array(char[], int, int)#1 &amp; com.sun.jmx.remote.protocol.iiop.ProxyInputStream#read_wchar_array(char[], int, int)#1&quot; }"/>
        </annotation>
    </item>
    <item name='org.omg.CORBA.portable.InvokeHandler org.omg.CORBA.portable.OutputStream _invoke(java.lang.String, org.omg.CORBA.portable.InputStream, org.omg.CORBA.portable.ResponseHandler)'>
        <annotation name='com.intellij.inspections.tainted.annotation.equation.Equations'>
            <val val="{ &quot;method := com.sun.corba.se.impl.presentation.rmi.ReflectiveTie#_invoke(java.lang.String, org.omg.CORBA.portable.InputStream, org.omg.CORBA.portable.ResponseHandler)#0 &amp; org.omg.PortableServer.ServantLocatorPOA#_invoke(java.lang.String, org.omg.CORBA.portable.InputStream, org.omg.CORBA.portable.ResponseHandler)#0 &amp; org.omg.CosNaming.NamingContextExtPOA#_invoke(java.lang.String, org.omg.CORBA.portable.InputStream, org.omg.CORBA.portable.ResponseHandler)#0 &amp; com.sun.corba.se.spi.activation._ActivatorImplBase#_invoke(java.lang.String, org.omg.CORBA.portable.InputStream, org.omg.CORBA.portable.ResponseHandler)#0 &amp; com.sun.corba.se.spi.activation._ServerManagerImplBase#_invoke(java.lang.String, org.omg.CORBA.portable.InputStream, org.omg.CORBA.portable.ResponseHandler)#0 &amp; org.omg.CosNaming.BindingIteratorPOA#_invoke(java.lang.String, org.omg.CORBA.portable.InputStream, org.omg.CORBA.portable.ResponseHandler)#0 &amp; org.omg.CosNaming.NamingContextPOA#_invoke(java.lang.String, org.omg.CORBA.portable.InputStream, org.omg.CORBA.portable.ResponseHandler)#0 &amp; org.omg.PortableServer.ServantActivatorPOA#_invoke(java.lang.String, org.omg.CORBA.portable.InputStream, org.omg.CORBA.portable.ResponseHandler)#0 &amp; com.sun.corba.se.spi.activation._LocatorImplBase#_invoke(java.lang.String, org.omg.CORBA.portable.InputStream, org.omg.CORBA.portable.ResponseHandler)#0 &amp; com.sun.corba.se.spi.activation._RepositoryImplBase#_invoke(java.lang.String, org.omg.CORBA.portable.InputStream, org.omg.CORBA.portable.ResponseHandler)#0&quot;, &quot;handler := com.sun.corba.se.impl.presentation.rmi.ReflectiveTie#_invoke(java.lang.String, org.omg.CORBA.portable.InputStream, org.omg.CORBA.portable.ResponseHandler)#2 &amp; org.omg.PortableServer.ServantLocatorPOA#_invoke(java.lang.String, org.omg.CORBA.portable.InputStream, org.omg.CORBA.portable.ResponseHandler)#2 &amp; org.omg.CosNaming.NamingContextExtPOA#_invoke(java.lang.String, org.omg.CORBA.portable.InputStream, org.omg.CORBA.portable.ResponseHandler)#2 &amp; com.sun.corba.se.spi.activation._ActivatorImplBase#_invoke(java.lang.String, org.omg.CORBA.portable.InputStream, org.omg.CORBA.portable.ResponseHandler)#2 &amp; com.sun.corba.se.spi.activation._ServerManagerImplBase#_invoke(java.lang.String, org.omg.CORBA.portable.InputStream, org.omg.CORBA.portable.ResponseHandler)#2 &amp; org.omg.CosNaming.BindingIteratorPOA#_invoke(java.lang.String, org.omg.CORBA.portable.InputStream, org.omg.CORBA.portable.ResponseHandler)#2 &amp; org.omg.CosNaming.NamingContextPOA#_invoke(java.lang.String, org.omg.CORBA.portable.InputStream, org.omg.CORBA.portable.ResponseHandler)#2 &amp; org.omg.PortableServer.ServantActivatorPOA#_invoke(java.lang.String, org.omg.CORBA.portable.InputStream, org.omg.CORBA.portable.ResponseHandler)#2 &amp; com.sun.corba.se.spi.activation._LocatorImplBase#_invoke(java.lang.String, org.omg.CORBA.portable.InputStream, org.omg.CORBA.portable.ResponseHandler)#2 &amp; com.sun.corba.se.spi.activation._RepositoryImplBase#_invoke(java.lang.String, org.omg.CORBA.portable.InputStream, org.omg.CORBA.portable.ResponseHandler)#2&quot;, &quot;_invoke := com.sun.corba.se.impl.presentation.rmi.ReflectiveTie#_invoke(java.lang.String, org.omg.CORBA.portable.InputStream, org.omg.CORBA.portable.ResponseHandler) &amp; org.omg.PortableServer.ServantLocatorPOA#_invoke(java.lang.String, org.omg.CORBA.portable.InputStream, org.omg.CORBA.portable.ResponseHandler) &amp; org.omg.CosNaming.NamingContextExtPOA#_invoke(java.lang.String, org.omg.CORBA.portable.InputStream, org.omg.CORBA.portable.ResponseHandler) &amp; com.sun.corba.se.spi.activation._ActivatorImplBase#_invoke(java.lang.String, org.omg.CORBA.portable.InputStream, org.omg.CORBA.portable.ResponseHandler) &amp; com.sun.corba.se.spi.activation._ServerManagerImplBase#_invoke(java.lang.String, org.omg.CORBA.portable.InputStream, org.omg.CORBA.portable.ResponseHandler) &amp; org.omg.CosNaming.BindingIteratorPOA#_invoke(java.lang.String, org.omg.CORBA.portable.InputStream, org.omg.CORBA.portable.ResponseHandler) &amp; org.omg.CosNaming.NamingContextPOA#_invoke(java.lang.String, org.omg.CORBA.portable.InputStream, org.omg.CORBA.portable.ResponseHandler) &amp; org.omg.PortableServer.ServantActivatorPOA#_invoke(java.lang.String, org.omg.CORBA.portable.InputStream, org.omg.CORBA.portable.ResponseHandler) &amp; com.sun.corba.se.spi.activation._LocatorImplBase#_invoke(java.lang.String, org.omg.CORBA.portable.InputStream, org.omg.CORBA.portable.ResponseHandler) &amp; com.sun.corba.se.spi.activation._RepositoryImplBase#_invoke(java.lang.String, org.omg.CORBA.portable.InputStream, org.omg.CORBA.portable.ResponseHandler)&quot;, &quot;input := com.sun.corba.se.impl.presentation.rmi.ReflectiveTie#_invoke(java.lang.String, org.omg.CORBA.portable.InputStream, org.omg.CORBA.portable.ResponseHandler)#1 &amp; org.omg.PortableServer.ServantLocatorPOA#_invoke(java.lang.String, org.omg.CORBA.portable.InputStream, org.omg.CORBA.portable.ResponseHandler)#1 &amp; org.omg.CosNaming.NamingContextExtPOA#_invoke(java.lang.String, org.omg.CORBA.portable.InputStream, org.omg.CORBA.portable.ResponseHandler)#1 &amp; com.sun.corba.se.spi.activation._ActivatorImplBase#_invoke(java.lang.String, org.omg.CORBA.portable.InputStream, org.omg.CORBA.portable.ResponseHandler)#1 &amp; com.sun.corba.se.spi.activation._ServerManagerImplBase#_invoke(java.lang.String, org.omg.CORBA.portable.InputStream, org.omg.CORBA.portable.ResponseHandler)#1 &amp; org.omg.CosNaming.BindingIteratorPOA#_invoke(java.lang.String, org.omg.CORBA.portable.InputStream, org.omg.CORBA.portable.ResponseHandler)#1 &amp; org.omg.CosNaming.NamingContextPOA#_invoke(java.lang.String, org.omg.CORBA.portable.InputStream, org.omg.CORBA.portable.ResponseHandler)#1 &amp; org.omg.PortableServer.ServantActivatorPOA#_invoke(java.lang.String, org.omg.CORBA.portable.InputStream, org.omg.CORBA.portable.ResponseHandler)#1 &amp; com.sun.corba.se.spi.activation._LocatorImplBase#_invoke(java.lang.String, org.omg.CORBA.portable.InputStream, org.omg.CORBA.portable.ResponseHandler)#1 &amp; com.sun.corba.se.spi.activation._RepositoryImplBase#_invoke(java.lang.String, org.omg.CORBA.portable.InputStream, org.omg.CORBA.portable.ResponseHandler)#1&quot; }"/>
        </annotation>
    </item>
    <item name='org.omg.CORBA.portable.ObjectImpl'>
        <annotation name='com.intellij.inspections.tainted.annotation.equation.Equations'>
            <val val="{ &quot;ObjectImpl := org.omg.DynamicAny._DynAnyStub &amp; org.omg.DynamicAny._DynEnumStub &amp; org.omg.DynamicAny._DynArrayStub &amp; org.omg.DynamicAny._DynUnionStub &amp; org.omg.DynamicAny._DynFixedStub &amp; org.omg.DynamicAny._DynValueStub &amp; org.omg.DynamicAny._DynAnyFactoryStub &amp; org.omg.DynamicAny._DynStructStub &amp; org.omg.DynamicAny._DynSequenceStub &amp; org.omg.PortableServer._ServantLocatorStub &amp; org.omg.PortableServer._ServantActivatorStub &amp; com.sun.corba.se.spi.activation._ActivatorStub &amp; com.sun.corba.se.spi.activation._ServerManagerStub &amp; com.sun.corba.se.spi.activation._RepositoryStub &amp; org.omg.CosNaming._BindingIteratorStub &amp; org.omg.CosNaming._NamingContextExtStub &amp; org.omg.CosNaming._NamingContextStub &amp; com.sun.org.omg.SendingContext._CodeBaseStub &amp; com.sun.corba.se.spi.activation._InitialNameServiceStub &amp; com.sun.corba.se.impl.oa.poa.POACurrent &amp; org.omg.CORBA_2_3.portable.ObjectImpl&quot; }"/>
        </annotation>
    </item>
    <item name='org.omg.CORBA.portable.ObjectImpl boolean equals(java.lang.Object)'>
        <annotation name='com.intellij.inspections.tainted.annotation.equation.Equations'>
            <val val="{ &quot;obj := javax.rmi.CORBA.Stub#equals(java.lang.Object)#0&quot; }"/>
        </annotation>
    </item>
    <item name='org.omg.CORBA.portable.ObjectImpl int hashCode()'>
        <annotation name='com.intellij.inspections.tainted.annotation.equation.Equations'>
            <val val="{ &quot;hashCode := javax.rmi.CORBA.Stub#hashCode()&quot; }"/>
        </annotation>
    </item>
    <item name='org.omg.CORBA.portable.ObjectImpl java.lang.String toString()'>
        <annotation name='com.intellij.inspections.tainted.annotation.equation.Equations'>
            <val val="{ &quot;toString := javax.rmi.CORBA.Stub#toString()&quot; }"/>
        </annotation>
    </item>
    <item name='org.omg.CORBA.portable.ObjectImpl java.lang.String[] _ids()'>
        <annotation name='com.intellij.inspections.tainted.annotation.equation.Equations'>
            <val val="{ &quot;_ids := org.omg.DynamicAny._DynAnyStub#_ids() &amp; org.omg.DynamicAny._DynEnumStub#_ids() &amp; org.omg.DynamicAny._DynArrayStub#_ids() &amp; org.omg.DynamicAny._DynUnionStub#_ids() &amp; org.omg.DynamicAny._DynAnyFactoryStub#_ids() &amp; org.omg.DynamicAny._DynFixedStub#_ids() &amp; org.omg.DynamicAny._DynValueStub#_ids() &amp; org.omg.PortableServer._ServantLocatorStub#_ids() &amp; org.omg.DynamicAny._DynStructStub#_ids() &amp; org.omg.PortableServer._ServantActivatorStub#_ids() &amp; org.omg.DynamicAny._DynSequenceStub#_ids() &amp; com.sun.corba.se.impl.presentation.rmi.DynamicStubImpl#_ids() &amp; com.sun.corba.se.spi.activation._ActivatorStub#_ids() &amp; com.sun.corba.se.spi.activation._ServerManagerStub#_ids() &amp; com.sun.corba.se.spi.activation._RepositoryStub#_ids() &amp; org.omg.CosNaming._BindingIteratorStub#_ids() &amp; org.omg.CosNaming._NamingContextStub#_ids() &amp; org.omg.CosNaming._NamingContextExtStub#_ids() &amp; com.sun.org.omg.SendingContext._CodeBaseStub#_ids() &amp; com.sun.corba.se.spi.activation._InitialNameServiceStub#_ids() &amp; com.sun.corba.se.impl.oa.poa.POACurrent#_ids()&quot; }"/>
        </annotation>
    </item>
    <item name='org.omg.CORBA.portable.ObjectImpl org.omg.CORBA.portable.Delegate _get_delegate()'>
        <annotation name='com.intellij.inspections.tainted.annotation.equation.Equations'>
            <val val="{ &quot;_get_delegate := ObjectImpl&quot; }"/>
        </annotation>
    </item>
    <item name='org.omg.CORBA.portable.ObjectImpl org.omg.CORBA.portable.InputStream _invoke(org.omg.CORBA.portable.OutputStream)'>
        <annotation name='com.intellij.inspections.tainted.annotation.equation.Equations'>
            <val val="{ &quot;output := &quot; }"/>
        </annotation>
    </item>
    <item name='org.omg.CORBA.portable.ObjectImpl org.omg.CORBA.portable.OutputStream _request(java.lang.String, boolean)'>
        <annotation name='com.intellij.inspections.tainted.annotation.equation.Equations'>
            <val val="{ &quot;operation := com.sun.corba.se.spi.presentation.rmi.StubAdapter#request(java.lang.Object, java.lang.String, boolean)#1 &amp; com.sun.corba.se.impl.presentation.rmi.DynamicStubImpl#request(java.lang.String, boolean)#0&quot; }"/>
        </annotation>
    </item>
    <item name='org.omg.CORBA.portable.ObjectImpl org.omg.CORBA.portable.ServantObject _servant_preinvoke(java.lang.String, java.lang.Class)'>
        <annotation name='com.intellij.inspections.tainted.annotation.equation.Equations'>
            <val val="{ &quot;expectedType := org.omg.DynamicAny._DynAnyStub#_opsClass &amp; org.omg.DynamicAny._DynEnumStub#_opsClass &amp; org.omg.DynamicAny._DynArrayStub#_opsClass &amp; org.omg.DynamicAny._DynUnionStub#_opsClass &amp; org.omg.DynamicAny._DynFixedStub#_opsClass &amp; org.omg.DynamicAny._DynValueStub#_opsClass &amp; org.omg.DynamicAny._DynStructStub#_opsClass &amp; org.omg.DynamicAny._DynAnyFactoryStub#_opsClass &amp; org.omg.DynamicAny._DynSequenceStub#_opsClass &amp; org.omg.PortableServer._ServantLocatorStub#_opsClass &amp; org.omg.PortableServer._ServantActivatorStub#_opsClass&quot; }"/>
        </annotation>
    </item>
    <item name='org.omg.CORBA.portable.ObjectImpl void _releaseReply(org.omg.CORBA.portable.InputStream)'>
        <annotation name='com.intellij.inspections.tainted.annotation.equation.Equations'>
            <val val="{ &quot;input := &quot; }"/>
        </annotation>
    </item>
    <item name='org.omg.CORBA.portable.ObjectImpl void _servant_postinvoke(org.omg.CORBA.portable.ServantObject)'>
        <annotation name='com.intellij.inspections.tainted.annotation.equation.Equations'>
            <val val="{ &quot;servant := &quot; }"/>
        </annotation>
    </item>
    <item name='org.omg.CORBA.portable.ObjectImpl void _set_delegate(org.omg.CORBA.portable.Delegate)'>
        <annotation name='com.intellij.inspections.tainted.annotation.equation.Equations'>
            <val val="{ &quot;delegate := com.sun.jmx.remote.protocol.iiop.IIOPProxyImpl#setDelegate(java.lang.Object, java.lang.Object)#1 &amp; com.sun.corba.se.spi.presentation.rmi.StubAdapter#setDelegate(java.lang.Object, org.omg.CORBA.portable.Delegate)#1 &amp; com.sun.corba.se.impl.presentation.rmi.DynamicStubImpl#setDelegate(org.omg.CORBA.portable.Delegate)#0 &amp; org.omg.CORBA._PolicyStub#_PolicyStub(org.omg.CORBA.portable.Delegate)#0 &amp; org.omg.CORBA._IDLTypeStub#_IDLTypeStub(org.omg.CORBA.portable.Delegate)#0 &amp; com.sun.org.omg.SendingContext._CodeBaseStub#_CodeBaseStub(org.omg.CORBA.portable.Delegate)#0&quot; }"/>
        </annotation>
    </item>
    <item name='org.omg.CORBA.portable.OutputStream org.omg.CORBA.ORB orb()'>
        <annotation name='com.intellij.inspections.tainted.annotation.equation.Equations'>
            <val val="{ &quot;orb := com.sun.corba.se.impl.encoding.CDROutputStream#orb()&quot; }"/>
        </annotation>
    </item>
    <item name='org.omg.CORBA.portable.OutputStream org.omg.CORBA.portable.InputStream create_input_stream()'>
        <annotation name='com.intellij.inspections.tainted.annotation.equation.Equations'>
            <val val="{ &quot;create_input_stream := com.sun.corba.se.impl.encoding.CDROutputStream#create_input_stream()&quot; }"/>
        </annotation>
    </item>
    <item name='org.omg.CORBA.portable.OutputStream void write(int)'>
        <annotation name='com.intellij.inspections.tainted.annotation.equation.Equations'>
            <val val="{ &quot;b := com.sun.corba.se.impl.encoding.CDROutputStream#write(int)#0&quot; }"/>
        </annotation>
    </item>
    <item name='org.omg.CORBA.portable.OutputStream void write_Context(org.omg.CORBA.Context, org.omg.CORBA.ContextList)'>
        <annotation name='com.intellij.inspections.tainted.annotation.equation.Equations'>
            <val val="{ &quot;ctx := com.sun.corba.se.impl.encoding.CDROutputStream#write_Context(org.omg.CORBA.Context, org.omg.CORBA.ContextList)#0&quot;, &quot;contexts := com.sun.corba.se.impl.encoding.CDROutputStream#write_Context(org.omg.CORBA.Context, org.omg.CORBA.ContextList)#1&quot; }"/>
        </annotation>
    </item>
    <item name='org.omg.CORBA.portable.OutputStream void write_Object(org.omg.CORBA.Object)'>
        <annotation name='com.intellij.inspections.tainted.annotation.equation.Equations'>
            <val val="{ &quot;value := com.sun.corba.se.impl.encoding.CDROutputStream#write_Object(org.omg.CORBA.Object)#0&quot; }"/>
        </annotation>
    </item>
    <item name='org.omg.CORBA.portable.OutputStream void write_Principal(org.omg.CORBA.Principal)'>
        <annotation name='com.intellij.inspections.tainted.annotation.equation.Equations'>
            <val val="{ &quot;value := com.sun.corba.se.impl.protocol.giopmsgheaders.RequestMessage_1_0 &amp; com.sun.corba.se.impl.protocol.giopmsgheaders.RequestMessage_1_1 &amp; com.sun.corba.se.impl.corba.TCUtility#marshalIn(org.omg.CORBA.portable.OutputStream, org.omg.CORBA.TypeCode, long, java.lang.Object)#3 &amp; com.sun.corba.se.impl.encoding.CDROutputStream#write_Principal(org.omg.CORBA.Principal)#0 &amp; org.omg.CORBA.PrincipalHolder&quot; }"/>
        </annotation>
    </item>
    <item name='org.omg.CORBA.portable.OutputStream void write_TypeCode(org.omg.CORBA.TypeCode)'>
        <annotation name='com.intellij.inspections.tainted.annotation.equation.Equations'>
            <val val="{ &quot;value := com.sun.corba.se.impl.encoding.CDROutputStream#write_TypeCode(org.omg.CORBA.TypeCode)#0&quot; }"/>
        </annotation>
    </item>
    <item name='org.omg.CORBA.portable.OutputStream void write_any(org.omg.CORBA.Any)'>
        <annotation name='com.intellij.inspections.tainted.annotation.equation.Equations'>
            <val val="{ &quot;value := com.sun.corba.se.impl.corba.TCUtility#marshalIn(org.omg.CORBA.portable.OutputStream, org.omg.CORBA.TypeCode, long, java.lang.Object)#3 &amp; com.sun.corba.se.impl.corba.AnyImplHelper#write(org.omg.CORBA.portable.OutputStream, org.omg.CORBA.Any)#1 &amp; com.sun.corba.se.impl.encoding.CDROutputStream#write_any(org.omg.CORBA.Any)#0 &amp; org.omg.CORBA.AnyHolder &amp; org.omg.CORBA.AnySeqHelper#write(org.omg.CORBA.portable.OutputStream, org.omg.CORBA.Any[])#1 &amp; org.omg.DynamicAny.AnySeqHelper#write(org.omg.CORBA.portable.OutputStream, org.omg.CORBA.Any[])#1&quot; }"/>
        </annotation>
    </item>
    <item name='org.omg.CORBA.portable.OutputStream void write_boolean_array(boolean[], int, int)'>
        <annotation name='com.intellij.inspections.tainted.annotation.equation.Equations'>
            <val val="{ &quot;value := com.sun.corba.se.impl.encoding.CDROutputStream#write_boolean_array(boolean[], int, int)#0&quot;, &quot;offset := com.sun.corba.se.impl.encoding.CDROutputStream#write_boolean_array(boolean[], int, int)#1&quot;, &quot;length := com.sun.corba.se.impl.encoding.CDROutputStream#write_boolean_array(boolean[], int, int)#2&quot; }"/>
        </annotation>
    </item>
    <item name='org.omg.CORBA.portable.OutputStream void write_char(char)'>
        <annotation name='com.intellij.inspections.tainted.annotation.equation.Equations'>
            <val val="{ &quot;value := com.sun.corba.se.impl.encoding.CDROutputStream#write_char(char)#0&quot; }"/>
        </annotation>
    </item>
    <item name='org.omg.CORBA.portable.OutputStream void write_char_array(char[], int, int)'>
        <annotation name='com.intellij.inspections.tainted.annotation.equation.Equations'>
            <val val="{ &quot;value := com.sun.corba.se.impl.encoding.CDROutputStream#write_char_array(char[], int, int)#0 &amp; org.omg.CORBA.CharSeqHelper#write(org.omg.CORBA.portable.OutputStream, char[])#1&quot;, &quot;offset := com.sun.corba.se.impl.encoding.CDROutputStream#write_char_array(char[], int, int)#1&quot;, &quot;length := com.sun.corba.se.impl.encoding.CDROutputStream#write_char_array(char[], int, int)#2&quot; }"/>
        </annotation>
    </item>
    <item name='org.omg.CORBA.portable.OutputStream void write_double(double)'>
        <annotation name='com.intellij.inspections.tainted.annotation.equation.Equations'>
            <val val="{ &quot;value := com.sun.corba.se.impl.io.IIOPOutputStream#writeDouble(double)#0 &amp; com.sun.corba.se.impl.encoding.CDROutputStream#write_double(double)#0 &amp; org.omg.CORBA.DoubleHolder&quot; }"/>
        </annotation>
    </item>
    <item name='org.omg.CORBA.portable.OutputStream void write_double_array(double[], int, int)'>
        <annotation name='com.intellij.inspections.tainted.annotation.equation.Equations'>
            <val val="{ &quot;offset := com.sun.corba.se.impl.encoding.CDROutputStream#write_double_array(double[], int, int)#1&quot;, &quot;length := com.sun.corba.se.impl.encoding.CDROutputStream#write_double_array(double[], int, int)#2&quot;, &quot;value := com.sun.corba.se.impl.io.ValueHandlerImpl#write_Array(org.omg.CORBA_2_3.portable.OutputStream, java.io.Serializable, java.lang.Class)#1 &amp; com.sun.corba.se.impl.encoding.CDROutputStream#write_double_array(double[], int, int)#0 &amp; org.omg.CORBA.DoubleSeqHelper#write(org.omg.CORBA.portable.OutputStream, double[])#1&quot; }"/>
        </annotation>
    </item>
    <item name='org.omg.CORBA.portable.OutputStream void write_fixed(java.math.BigDecimal)'>
        <annotation name='com.intellij.inspections.tainted.annotation.equation.Equations'>
            <val val="{ &quot;value := com.sun.corba.se.impl.corba.TCUtility#marshalIn(org.omg.CORBA.portable.OutputStream, org.omg.CORBA.TypeCode, long, java.lang.Object)#3 &amp; com.sun.corba.se.impl.encoding.CDROutputStream#write_fixed(java.math.BigDecimal)#0 &amp; org.omg.CORBA.FixedHolder&quot; }"/>
        </annotation>
    </item>
    <item name='org.omg.CORBA.portable.OutputStream void write_float(float)'>
        <annotation name='com.intellij.inspections.tainted.annotation.equation.Equations'>
            <val val="{ &quot;value := com.sun.corba.se.impl.io.IIOPOutputStream#writeFloat(float)#0 &amp; com.sun.corba.se.impl.encoding.CDROutputStream#write_float(float)#0 &amp; org.omg.CORBA.FloatHolder&quot; }"/>
        </annotation>
    </item>
    <item name='org.omg.CORBA.portable.OutputStream void write_float_array(float[], int, int)'>
        <annotation name='com.intellij.inspections.tainted.annotation.equation.Equations'>
            <val val="{ &quot;length := com.sun.corba.se.impl.encoding.CDROutputStream#write_float_array(float[], int, int)#2&quot;, &quot;offset := com.sun.corba.se.impl.encoding.CDROutputStream#write_float_array(float[], int, int)#1&quot;, &quot;value := com.sun.corba.se.impl.io.ValueHandlerImpl#write_Array(org.omg.CORBA_2_3.portable.OutputStream, java.io.Serializable, java.lang.Class)#1 &amp; com.sun.corba.se.impl.encoding.CDROutputStream#write_float_array(float[], int, int)#0 &amp; org.omg.CORBA.FloatSeqHelper#write(org.omg.CORBA.portable.OutputStream, float[])#1&quot; }"/>
        </annotation>
    </item>
    <item name='org.omg.CORBA.portable.OutputStream void write_long(int)'>
        <annotation name='com.intellij.inspections.tainted.annotation.equation.Equations'>
            <val val="{ &quot;value := com.sun.corba.se.impl.encoding.CDROutputStream#write_long(int)#0&quot; }"/>
        </annotation>
    </item>
    <item name='org.omg.CORBA.portable.OutputStream void write_long_array(int[], int, int)'>
        <annotation name='com.intellij.inspections.tainted.annotation.equation.Equations'>
            <val val="{ &quot;length := com.sun.corba.se.impl.encoding.CDROutputStream#write_long_array(int[], int, int)#2&quot;, &quot;offset := com.sun.corba.se.impl.encoding.CDROutputStream#write_long_array(int[], int, int)#1&quot;, &quot;value := com.sun.corba.se.impl.io.ValueHandlerImpl#write_Array(org.omg.CORBA_2_3.portable.OutputStream, java.io.Serializable, java.lang.Class)#1 &amp; com.sun.corba.se.impl.encoding.CDROutputStream#write_long_array(int[], int, int)#0 &amp; org.omg.CORBA.LongSeqHelper#write(org.omg.CORBA.portable.OutputStream, int[])#1&quot; }"/>
        </annotation>
    </item>
    <item name='org.omg.CORBA.portable.OutputStream void write_longlong(long)'>
        <annotation name='com.intellij.inspections.tainted.annotation.equation.Equations'>
            <val val="{ &quot;value := com.sun.corba.se.impl.encoding.CDROutputStream#write_longlong(long)#0&quot; }"/>
        </annotation>
    </item>
    <item name='org.omg.CORBA.portable.OutputStream void write_longlong_array(long[], int, int)'>
        <annotation name='com.intellij.inspections.tainted.annotation.equation.Equations'>
            <val val="{ &quot;value := com.sun.corba.se.impl.encoding.CDROutputStream#write_longlong_array(long[], int, int)#0&quot;, &quot;length := com.sun.corba.se.impl.encoding.CDROutputStream#write_longlong_array(long[], int, int)#2&quot;, &quot;offset := com.sun.corba.se.impl.encoding.CDROutputStream#write_longlong_array(long[], int, int)#1&quot; }"/>
        </annotation>
    </item>
    <item name='org.omg.CORBA.portable.OutputStream void write_octet(byte)'>
        <annotation name='com.intellij.inspections.tainted.annotation.equation.Equations'>
            <val val="{ &quot;value := com.sun.corba.se.impl.encoding.CDROutputStream#write_octet(byte)#0&quot; }"/>
        </annotation>
    </item>
    <item name='org.omg.CORBA.portable.OutputStream void write_octet_array(byte[], int, int)'>
        <annotation name='com.intellij.inspections.tainted.annotation.equation.Equations'>
            <val val="{ &quot;offset := com.sun.corba.se.impl.io.IIOPOutputStream#write(byte[], int, int)#1 &amp; com.sun.corba.se.impl.encoding.CDROutputStream#write_octet_array(byte[], int, int)#1&quot;, &quot;value := com.sun.corba.se.impl.io.IIOPOutputStream#write(byte[])#0 &amp; com.sun.corba.se.impl.io.IIOPOutputStream#write(byte[], int, int)#0 &amp; com.sun.corba.se.spi.servicecontext.UnknownServiceContext &amp; com.sun.corba.se.impl.io.ValueHandlerImpl#write_Array(org.omg.CORBA_2_3.portable.OutputStream, java.io.Serializable, java.lang.Class)#1 &amp; com.sun.corba.se.impl.ior.StubIORImpl &amp; com.sun.corba.se.impl.ior.ObjectIdImpl &amp; com.sun.corba.se.impl.ior.GenericIdentifiable &amp; com.sun.corba.se.impl.corba.TypeCodeImpl &amp; com.sun.corba.se.impl.encoding.CDROutputStream#write_octet_array(byte[], int, int)#0 &amp; com.sun.corba.se.impl.protocol.giopmsgheaders.RequestMessage_1_0 &amp; com.sun.corba.se.impl.protocol.giopmsgheaders.RequestMessage_1_1 &amp; com.sun.corba.se.impl.protocol.giopmsgheaders.LocateRequestMessage_1_0 &amp; com.sun.corba.se.impl.protocol.giopmsgheaders.LocateRequestMessage_1_1 &amp; org.omg.CORBA.OctetSeqHelper#write(org.omg.CORBA.portable.OutputStream, byte[])#1&quot;, &quot;length := com.sun.corba.se.impl.io.IIOPOutputStream#write(byte[], int, int)#2 &amp; com.sun.corba.se.spi.servicecontext.UnknownServiceContext &amp; com.sun.corba.se.impl.ior.StubIORImpl &amp; com.sun.corba.se.impl.ior.ObjectIdImpl &amp; com.sun.corba.se.impl.ior.GenericIdentifiable &amp; com.sun.corba.se.impl.corba.TypeCodeImpl &amp; com.sun.corba.se.impl.encoding.CDROutputStream#write_octet_array(byte[], int, int)#2 &amp; com.sun.corba.se.impl.protocol.giopmsgheaders.RequestMessage_1_0 &amp; com.sun.corba.se.impl.protocol.giopmsgheaders.RequestMessage_1_1 &amp; com.sun.corba.se.impl.protocol.giopmsgheaders.LocateRequestMessage_1_0 &amp; com.sun.corba.se.impl.protocol.giopmsgheaders.LocateRequestMessage_1_1&quot; }"/>
        </annotation>
    </item>
    <item name='org.omg.CORBA.portable.OutputStream void write_short(short)'>
        <annotation name='com.intellij.inspections.tainted.annotation.equation.Equations'>
            <val val="{ &quot;value := com.sun.corba.se.impl.io.IIOPOutputStream#writeShort(int)#0 &amp; com.sun.corba.se.impl.corba.TCUtility#marshalIn(org.omg.CORBA.portable.OutputStream, org.omg.CORBA.TypeCode, long, java.lang.Object)#2 &amp; com.sun.corba.se.impl.encoding.CDROutputStream#write_short(short)#0 &amp; com.sun.corba.se.impl.protocol.giopmsgheaders.AddressingDispositionHelper#write(org.omg.CORBA.portable.OutputStream, short)#1 &amp; org.omg.CORBA.ShortHolder &amp; org.omg.CORBA.VisibilityHelper#write(org.omg.CORBA.portable.OutputStream, short)#1 &amp; org.omg.CORBA.PolicyErrorCodeHelper#write(org.omg.CORBA.portable.OutputStream, short)#1 &amp; org.omg.Messaging.SyncScopeHelper#write(org.omg.CORBA.portable.OutputStream, short)#1 &amp; org.omg.PortableInterceptor.AdapterStateHelper#write(org.omg.CORBA.portable.OutputStream, short)#1&quot; }"/>
        </annotation>
    </item>
    <item name='org.omg.CORBA.portable.OutputStream void write_short_array(short[], int, int)'>
        <annotation name='com.intellij.inspections.tainted.annotation.equation.Equations'>
            <val val="{ &quot;offset := com.sun.corba.se.impl.encoding.CDROutputStream#write_short_array(short[], int, int)#1&quot;, &quot;length := com.sun.corba.se.impl.encoding.CDROutputStream#write_short_array(short[], int, int)#2&quot;, &quot;value := com.sun.corba.se.impl.io.ValueHandlerImpl#write_Array(org.omg.CORBA_2_3.portable.OutputStream, java.io.Serializable, java.lang.Class)#1 &amp; com.sun.corba.se.impl.encoding.CDROutputStream#write_short_array(short[], int, int)#0 &amp; org.omg.CORBA.ShortSeqHelper#write(org.omg.CORBA.portable.OutputStream, short[])#1&quot; }"/>
        </annotation>
    </item>
    <item name='org.omg.CORBA.portable.OutputStream void write_string(java.lang.String)'>
        <annotation name='com.intellij.inspections.tainted.annotation.equation.Equations'>
            <val val="{ &quot;value := com.sun.corba.se.impl.encoding.CDROutputStream#write_string(java.lang.String)#0&quot; }"/>
        </annotation>
    </item>
    <item name='org.omg.CORBA.portable.OutputStream void write_ulong(int)'>
        <annotation name='com.intellij.inspections.tainted.annotation.equation.Equations'>
            <val val="{ &quot;value := com.sun.corba.se.impl.protocol.giopmsgheaders.ReplyMessage_1_0 &amp; com.sun.corba.se.impl.protocol.giopmsgheaders.ReplyMessage_1_1 &amp; com.sun.corba.se.impl.protocol.giopmsgheaders.ReplyMessage_1_2 &amp; com.sun.corba.se.impl.protocol.giopmsgheaders.LocateReplyMessage_1_2 &amp; com.sun.corba.se.impl.ior.iiop.ORBTypeComponentImpl &amp; com.sun.corba.se.impl.ior.iiop.RequestPartitioningComponentImpl &amp; com.sun.corba.se.impl.protocol.giopmsgheaders.RequestMessage_1_0 &amp; com.sun.corba.se.impl.protocol.giopmsgheaders.RequestMessage_1_1 &amp; com.sun.corba.se.impl.protocol.giopmsgheaders.LocateRequestMessage_1_0 &amp; com.sun.corba.se.impl.protocol.giopmsgheaders.LocateRequestMessage_1_1 &amp; com.sun.corba.se.impl.ior.GenericIdentifiable &amp; com.sun.corba.se.impl.corba.TCUtility#marshalIn(org.omg.CORBA.portable.OutputStream, org.omg.CORBA.TypeCode, long, java.lang.Object)#2 &amp; com.sun.corba.se.impl.encoding.CDROutputStream#write_ulong(int)#0 &amp; com.sun.corba.se.impl.protocol.giopmsgheaders.Message_1_0 &amp; com.sun.corba.se.impl.protocol.giopmsgheaders.Message_1_1 &amp; com.sun.corba.se.impl.protocol.giopmsgheaders.FragmentMessage_1_2 &amp; com.sun.corba.se.impl.protocol.giopmsgheaders.RequestMessage_1_2 &amp; com.sun.corba.se.impl.protocol.giopmsgheaders.LocateReplyMessage_1_0 &amp; com.sun.corba.se.impl.protocol.giopmsgheaders.LocateReplyMessage_1_1 &amp; com.sun.corba.se.impl.protocol.giopmsgheaders.CancelRequestMessage_1_0 &amp; com.sun.corba.se.impl.protocol.giopmsgheaders.CancelRequestMessage_1_1 &amp; com.sun.corba.se.impl.protocol.giopmsgheaders.CancelRequestMessage_1_2 &amp; com.sun.corba.se.impl.protocol.giopmsgheaders.LocateRequestMessage_1_2 &amp; org.omg.IOP.ProfileIdHelper#write(org.omg.CORBA.portable.OutputStream, int)#1 &amp; org.omg.IOP.ServiceIdHelper#write(org.omg.CORBA.portable.OutputStream, int)#1 &amp; org.omg.IOP.ComponentIdHelper#write(org.omg.CORBA.portable.OutputStream, int)#1 &amp; org.omg.CORBA.PolicyTypeHelper#write(org.omg.CORBA.portable.OutputStream, int)#1 &amp; org.omg.CosNaming._NamingContextStub#list(int, org.omg.CosNaming.BindingListHolder, org.omg.CosNaming.BindingIteratorHolder)#0 &amp; org.omg.CosNaming._BindingIteratorStub#next_n(int, org.omg.CosNaming.BindingListHolder)#0 &amp; org.omg.CosNaming._NamingContextExtStub#list(int, org.omg.CosNaming.BindingListHolder, org.omg.CosNaming.BindingIteratorHolder)#0&quot; }"/>
        </annotation>
    </item>
    <item name='org.omg.CORBA.portable.OutputStream void write_ulong_array(int[], int, int)'>
        <annotation name='com.intellij.inspections.tainted.annotation.equation.Equations'>
            <val val="{ &quot;offset := com.sun.corba.se.impl.encoding.CDROutputStream#write_ulong_array(int[], int, int)#1&quot;, &quot;length := com.sun.corba.se.impl.encoding.CDROutputStream#write_ulong_array(int[], int, int)#2&quot;, &quot;value := com.sun.corba.se.impl.encoding.CDROutputStream#write_ulong_array(int[], int, int)#0&quot; }"/>
        </annotation>
    </item>
    <item name='org.omg.CORBA.portable.OutputStream void write_ulonglong(long)'>
        <annotation name='com.intellij.inspections.tainted.annotation.equation.Equations'>
            <val val="{ &quot;value := com.sun.corba.se.impl.encoding.CDROutputStream#write_ulonglong(long)#0&quot; }"/>
        </annotation>
    </item>
    <item name='org.omg.CORBA.portable.OutputStream void write_ulonglong_array(long[], int, int)'>
        <annotation name='com.intellij.inspections.tainted.annotation.equation.Equations'>
            <val val="{ &quot;length := com.sun.corba.se.impl.encoding.CDROutputStream#write_ulonglong_array(long[], int, int)#2&quot;, &quot;offset := com.sun.corba.se.impl.encoding.CDROutputStream#write_ulonglong_array(long[], int, int)#1&quot;, &quot;value := com.sun.corba.se.impl.encoding.CDROutputStream#write_ulonglong_array(long[], int, int)#0&quot; }"/>
        </annotation>
    </item>
    <item name='org.omg.CORBA.portable.OutputStream void write_ushort(short)'>
        <annotation name='com.intellij.inspections.tainted.annotation.equation.Equations'>
            <val val="{ &quot;value := com.sun.corba.se.impl.encoding.CDROutputStream#write_ushort(short)#0&quot; }"/>
        </annotation>
    </item>
    <item name='org.omg.CORBA.portable.OutputStream void write_ushort_array(short[], int, int)'>
        <annotation name='com.intellij.inspections.tainted.annotation.equation.Equations'>
            <val val="{ &quot;length := com.sun.corba.se.impl.encoding.CDROutputStream#write_ushort_array(short[], int, int)#2&quot;, &quot;offset := com.sun.corba.se.impl.encoding.CDROutputStream#write_ushort_array(short[], int, int)#1&quot;, &quot;value := com.sun.corba.se.impl.encoding.CDROutputStream#write_ushort_array(short[], int, int)#0 &amp; org.omg.CORBA.UShortSeqHelper#write(org.omg.CORBA.portable.OutputStream, short[])#1&quot; }"/>
        </annotation>
    </item>
    <item name='org.omg.CORBA.portable.OutputStream void write_wchar(char)'>
        <annotation name='com.intellij.inspections.tainted.annotation.equation.Equations'>
            <val val="{ &quot;value := com.sun.corba.se.impl.io.IIOPOutputStream#writeChar(int)#0 &amp; com.sun.corba.se.impl.corba.TCUtility#marshalIn(org.omg.CORBA.portable.OutputStream, org.omg.CORBA.TypeCode, long, java.lang.Object)#2 &amp; com.sun.corba.se.impl.encoding.CDROutputStream#write_wchar(char)#0&quot; }"/>
        </annotation>
    </item>
    <item name='org.omg.CORBA.portable.OutputStream void write_wchar_array(char[], int, int)'>
        <annotation name='com.intellij.inspections.tainted.annotation.equation.Equations'>
            <val val="{ &quot;length := com.sun.corba.se.impl.encoding.CDROutputStream#write_wchar_array(char[], int, int)#2&quot;, &quot;value := com.sun.corba.se.impl.encoding.CDROutputStream#write_wchar_array(char[], int, int)#0&quot;, &quot;offset := com.sun.corba.se.impl.encoding.CDROutputStream#write_wchar_array(char[], int, int)#1&quot; }"/>
        </annotation>
    </item>
    <item name='org.omg.CORBA.portable.OutputStream void write_wstring(java.lang.String)'>
        <annotation name='com.intellij.inspections.tainted.annotation.equation.Equations'>
            <val val="{ &quot;value := org.omg.CORBA.WStringValueHelper#write_value(org.omg.CORBA.portable.OutputStream, java.io.Serializable)#1 &amp; com.sun.corba.se.impl.io.IIOPOutputStream#internalWriteUTF(org.omg.CORBA.portable.OutputStream, java.lang.String)#1 &amp; com.sun.corba.se.impl.corba.TCUtility#marshalIn(org.omg.CORBA.portable.OutputStream, org.omg.CORBA.TypeCode, long, java.lang.Object)#3 &amp; com.sun.corba.se.impl.encoding.CDROutputStream#write_wstring(java.lang.String)#0 &amp; org.omg.CORBA.WStringSeqHelper#write(org.omg.CORBA.portable.OutputStream, java.lang.String[])#1&quot; }"/>
        </annotation>
    </item>
    <item name='org.omg.CORBA.portable.ResponseHandler org.omg.CORBA.portable.OutputStream createExceptionReply()'>
        <annotation name='com.intellij.inspections.tainted.annotation.equation.Equations'>
            <val val="{ &quot;createExceptionReply := com.sun.corba.se.spi.protocol.CorbaMessageMediator#createExceptionReply()&quot; }"/>
        </annotation>
    </item>
    <item name='org.omg.CORBA.portable.ResponseHandler org.omg.CORBA.portable.OutputStream createReply()'>
        <annotation name='com.intellij.inspections.tainted.annotation.equation.Equations'>
            <val val="{ &quot;createReply := com.sun.corba.se.spi.protocol.CorbaMessageMediator#createReply()&quot; }"/>
        </annotation>
    </item>
    <item name='org.omg.CORBA.portable.ServantObject'>
        <annotation name='com.intellij.inspections.tainted.annotation.equation.Equations'>
            <val val="{ &quot;ServantObject := com.sun.corba.se.spi.oa.OAInvocationInfo&quot; }"/>
        </annotation>
    </item>
    <item name='org.omg.CORBA.portable.Streamable org.omg.CORBA.TypeCode _type()'>
        <annotation name='com.intellij.inspections.tainted.annotation.equation.Equations'>
            <val val="{ &quot;_type := com.sun.corba.se.impl.ior.ObjectReferenceTemplateImpl#_type() &amp; com.sun.corba.se.impl.ior.ObjectReferenceFactoryImpl#_type() &amp; org.omg.CORBA.LongHolder#_type() &amp; org.omg.CORBA.DoubleHolder#_type() &amp; org.omg.CORBA.FloatHolder#_type() &amp; org.omg.CORBA.LongSeqHolder#_type() &amp; org.omg.CORBA.ShortHolder#_type() &amp; org.omg.CORBA.ValueBaseHolder#_type() &amp; org.omg.CORBA.PrincipalHolder#_type() &amp; com.sun.corba.se.spi.activation.ServerHolder#_type() &amp; org.omg.CORBA.ByteHolder#_type() &amp; org.omg.CORBA.CharSeqHolder#_type() &amp; org.omg.PortableInterceptor.ObjectReferenceFactoryHolder#_type() &amp; org.omg.CORBA.WCharSeqHolder#_type() &amp; org.omg.CosNaming.NameHolder#_type() &amp; org.omg.CosNaming.NamingContextPackage.NotFoundHolder#_type() &amp; org.omg.CORBA.BooleanSeqHolder#_type() &amp; org.omg.CORBA.WStringSeqHolder#_type() &amp; org.omg.CORBA.AnyHolder#_type() &amp; org.omg.CORBA.AnySeqHolder#_type() &amp; org.omg.CosNaming.NamingContextHolder#_type() &amp; org.omg.CosNaming.BindingHolder#_type() &amp; org.omg.CosNaming.BindingListHolder#_type() &amp; org.omg.CORBA.OctetSeqHolder#_type() &amp; org.omg.CORBA.LongLongSeqHolder#_type() &amp; org.omg.CORBA.TypeCodeHolder#_type() &amp; org.omg.CosNaming.NamingContextPackage.CannotProceedHolder#_type() &amp; org.omg.PortableInterceptor.ObjectReferenceTemplateHolder#_type() &amp; org.omg.CORBA.CharHolder#_type() &amp; com.sun.corba.se.spi.activation.ServerIdsHolder#_type() &amp; com.sun.corba.se.spi.activation.EndpointInfoListHolder#_type() &amp; com.sun.corba.se.spi.activation.ORBidListHolder#_type() &amp; com.sun.corba.se.spi.activation.LocatorPackage.ServerLocationPerORBHolder#_type() &amp; org.omg.CORBA.UShortSeqHolder#_type() &amp; org.omg.CORBA.ULongLongSeqHolder#_type() &amp; org.omg.CORBA.DoubleSeqHolder#_type() &amp; org.omg.CORBA.ULongSeqHolder#_type() &amp; org.omg.CORBA.ShortSeqHolder#_type() &amp; org.omg.CORBA.FloatSeqHolder#_type() &amp; org.omg.CORBA.FixedHolder#_type() &amp; org.omg.PortableInterceptor.ObjectReferenceTemplateSeqHolder#_type()&quot; }"/>
        </annotation>
    </item>
    <item name='org.omg.CORBA.portable.Streamable void _read(org.omg.CORBA.portable.InputStream)'>
        <annotation name='com.intellij.inspections.tainted.annotation.equation.Equations'>
            <val val="{ &quot;istream := com.sun.corba.se.impl.ior.ObjectReferenceTemplateImpl#_read(org.omg.CORBA.portable.InputStream)#0 &amp; com.sun.corba.se.impl.ior.ObjectReferenceFactoryImpl#_read(org.omg.CORBA.portable.InputStream)#0 &amp; org.omg.CORBA.LongHolder#_read(org.omg.CORBA.portable.InputStream)#0 &amp; org.omg.CORBA.DoubleHolder#_read(org.omg.CORBA.portable.InputStream)#0 &amp; org.omg.CORBA.FloatHolder#_read(org.omg.CORBA.portable.InputStream)#0 &amp; org.omg.CORBA.LongSeqHolder#_read(org.omg.CORBA.portable.InputStream)#0 &amp; org.omg.CORBA.ShortHolder#_read(org.omg.CORBA.portable.InputStream)#0 &amp; org.omg.CORBA.ValueBaseHolder#_read(org.omg.CORBA.portable.InputStream)#0 &amp; org.omg.CORBA.PrincipalHolder#_read(org.omg.CORBA.portable.InputStream)#0 &amp; com.sun.corba.se.spi.activation.ServerHolder#_read(org.omg.CORBA.portable.InputStream)#0 &amp; org.omg.CORBA.ByteHolder#_read(org.omg.CORBA.portable.InputStream)#0 &amp; org.omg.CORBA.CharSeqHolder#_read(org.omg.CORBA.portable.InputStream)#0 &amp; org.omg.PortableInterceptor.ObjectReferenceFactoryHolder#_read(org.omg.CORBA.portable.InputStream)#0 &amp; org.omg.CORBA.WCharSeqHolder#_read(org.omg.CORBA.portable.InputStream)#0 &amp; org.omg.CosNaming.NameHolder#_read(org.omg.CORBA.portable.InputStream)#0 &amp; org.omg.CosNaming.NamingContextPackage.NotFoundHolder#_read(org.omg.CORBA.portable.InputStream)#0 &amp; org.omg.CORBA.BooleanSeqHolder#_read(org.omg.CORBA.portable.InputStream)#0 &amp; org.omg.CORBA.WStringSeqHolder#_read(org.omg.CORBA.portable.InputStream)#0 &amp; org.omg.CORBA.AnyHolder#_read(org.omg.CORBA.portable.InputStream)#0 &amp; org.omg.CORBA.AnySeqHolder#_read(org.omg.CORBA.portable.InputStream)#0 &amp; org.omg.CosNaming.NamingContextHolder#_read(org.omg.CORBA.portable.InputStream)#0 &amp; org.omg.CosNaming.BindingHolder#_read(org.omg.CORBA.portable.InputStream)#0 &amp; org.omg.CosNaming.BindingListHolder#_read(org.omg.CORBA.portable.InputStream)#0 &amp; org.omg.CORBA.OctetSeqHolder#_read(org.omg.CORBA.portable.InputStream)#0 &amp; org.omg.CORBA.LongLongSeqHolder#_read(org.omg.CORBA.portable.InputStream)#0 &amp; org.omg.CORBA.TypeCodeHolder#_read(org.omg.CORBA.portable.InputStream)#0 &amp; org.omg.CosNaming.NamingContextPackage.CannotProceedHolder#_read(org.omg.CORBA.portable.InputStream)#0 &amp; org.omg.PortableInterceptor.ObjectReferenceTemplateHolder#_read(org.omg.CORBA.portable.InputStream)#0 &amp; org.omg.CORBA.CharHolder#_read(org.omg.CORBA.portable.InputStream)#0 &amp; com.sun.corba.se.spi.activation.ServerIdsHolder#_read(org.omg.CORBA.portable.InputStream)#0 &amp; com.sun.corba.se.spi.activation.EndpointInfoListHolder#_read(org.omg.CORBA.portable.InputStream)#0 &amp; com.sun.corba.se.spi.activation.ORBidListHolder#_read(org.omg.CORBA.portable.InputStream)#0 &amp; com.sun.corba.se.spi.activation.LocatorPackage.ServerLocationPerORBHolder#_read(org.omg.CORBA.portable.InputStream)#0 &amp; org.omg.CORBA.UShortSeqHolder#_read(org.omg.CORBA.portable.InputStream)#0 &amp; org.omg.CORBA.ULongLongSeqHolder#_read(org.omg.CORBA.portable.InputStream)#0 &amp; org.omg.CORBA.DoubleSeqHolder#_read(org.omg.CORBA.portable.InputStream)#0 &amp; org.omg.CORBA.ULongSeqHolder#_read(org.omg.CORBA.portable.InputStream)#0 &amp; org.omg.CORBA.ShortSeqHolder#_read(org.omg.CORBA.portable.InputStream)#0 &amp; org.omg.CORBA.FloatSeqHolder#_read(org.omg.CORBA.portable.InputStream)#0 &amp; org.omg.CORBA.FixedHolder#_read(org.omg.CORBA.portable.InputStream)#0 &amp; org.omg.PortableInterceptor.ObjectReferenceTemplateSeqHolder#_read(org.omg.CORBA.portable.InputStream)#0&quot; }"/>
        </annotation>
    </item>
    <item name='org.omg.CORBA.portable.Streamable void _write(org.omg.CORBA.portable.OutputStream)'>
        <annotation name='com.intellij.inspections.tainted.annotation.equation.Equations'>
            <val val="{ &quot;ostream := com.sun.corba.se.impl.ior.ObjectReferenceTemplateImpl#_write(org.omg.CORBA.portable.OutputStream)#0 &amp; com.sun.corba.se.impl.ior.ObjectReferenceFactoryImpl#_write(org.omg.CORBA.portable.OutputStream)#0 &amp; org.omg.CORBA.LongHolder#_write(org.omg.CORBA.portable.OutputStream)#0 &amp; org.omg.CORBA.DoubleHolder#_write(org.omg.CORBA.portable.OutputStream)#0 &amp; org.omg.CORBA.FloatHolder#_write(org.omg.CORBA.portable.OutputStream)#0 &amp; org.omg.CORBA.LongSeqHolder#_write(org.omg.CORBA.portable.OutputStream)#0 &amp; org.omg.CORBA.ShortHolder#_write(org.omg.CORBA.portable.OutputStream)#0 &amp; org.omg.CORBA.ValueBaseHolder#_write(org.omg.CORBA.portable.OutputStream)#0 &amp; org.omg.CORBA.PrincipalHolder#_write(org.omg.CORBA.portable.OutputStream)#0 &amp; com.sun.corba.se.spi.activation.ServerHolder#_write(org.omg.CORBA.portable.OutputStream)#0 &amp; org.omg.CORBA.ByteHolder#_write(org.omg.CORBA.portable.OutputStream)#0 &amp; org.omg.CORBA.CharSeqHolder#_write(org.omg.CORBA.portable.OutputStream)#0 &amp; org.omg.PortableInterceptor.ObjectReferenceFactoryHolder#_write(org.omg.CORBA.portable.OutputStream)#0 &amp; org.omg.CORBA.WCharSeqHolder#_write(org.omg.CORBA.portable.OutputStream)#0 &amp; org.omg.CosNaming.NameHolder#_write(org.omg.CORBA.portable.OutputStream)#0 &amp; org.omg.CosNaming.NamingContextPackage.NotFoundHolder#_write(org.omg.CORBA.portable.OutputStream)#0 &amp; org.omg.CORBA.BooleanSeqHolder#_write(org.omg.CORBA.portable.OutputStream)#0 &amp; org.omg.CORBA.WStringSeqHolder#_write(org.omg.CORBA.portable.OutputStream)#0 &amp; org.omg.CORBA.AnyHolder#_write(org.omg.CORBA.portable.OutputStream)#0 &amp; org.omg.CORBA.AnySeqHolder#_write(org.omg.CORBA.portable.OutputStream)#0 &amp; org.omg.CosNaming.NamingContextHolder#_write(org.omg.CORBA.portable.OutputStream)#0 &amp; org.omg.CosNaming.BindingHolder#_write(org.omg.CORBA.portable.OutputStream)#0 &amp; org.omg.CosNaming.BindingListHolder#_write(org.omg.CORBA.portable.OutputStream)#0 &amp; org.omg.CORBA.OctetSeqHolder#_write(org.omg.CORBA.portable.OutputStream)#0 &amp; org.omg.CORBA.LongLongSeqHolder#_write(org.omg.CORBA.portable.OutputStream)#0 &amp; org.omg.CORBA.TypeCodeHolder#_write(org.omg.CORBA.portable.OutputStream)#0 &amp; org.omg.CosNaming.NamingContextPackage.CannotProceedHolder#_write(org.omg.CORBA.portable.OutputStream)#0 &amp; org.omg.PortableInterceptor.ObjectReferenceTemplateHolder#_write(org.omg.CORBA.portable.OutputStream)#0 &amp; org.omg.CORBA.CharHolder#_write(org.omg.CORBA.portable.OutputStream)#0 &amp; com.sun.corba.se.spi.activation.ServerIdsHolder#_write(org.omg.CORBA.portable.OutputStream)#0 &amp; com.sun.corba.se.spi.activation.EndpointInfoListHolder#_write(org.omg.CORBA.portable.OutputStream)#0 &amp; com.sun.corba.se.spi.activation.ORBidListHolder#_write(org.omg.CORBA.portable.OutputStream)#0 &amp; com.sun.corba.se.spi.activation.LocatorPackage.ServerLocationPerORBHolder#_write(org.omg.CORBA.portable.OutputStream)#0 &amp; org.omg.CORBA.UShortSeqHolder#_write(org.omg.CORBA.portable.OutputStream)#0 &amp; org.omg.CORBA.ULongLongSeqHolder#_write(org.omg.CORBA.portable.OutputStream)#0 &amp; org.omg.CORBA.DoubleSeqHolder#_write(org.omg.CORBA.portable.OutputStream)#0 &amp; org.omg.CORBA.ULongSeqHolder#_write(org.omg.CORBA.portable.OutputStream)#0 &amp; org.omg.CORBA.ShortSeqHolder#_write(org.omg.CORBA.portable.OutputStream)#0 &amp; org.omg.CORBA.FloatSeqHolder#_write(org.omg.CORBA.portable.OutputStream)#0 &amp; org.omg.CORBA.FixedHolder#_write(org.omg.CORBA.portable.OutputStream)#0 &amp; org.omg.PortableInterceptor.ObjectReferenceTemplateSeqHolder#_write(org.omg.CORBA.portable.OutputStream)#0&quot; }"/>
        </annotation>
    </item>
    <item name='org.omg.CORBA.portable.ValueBase java.lang.String[] _truncatable_ids()'>
        <annotation name='com.intellij.inspections.tainted.annotation.equation.Equations'>
            <val val="{ &quot;_truncatable_ids := com.sun.corba.se.impl.ior.ObjectReferenceTemplateImpl#_truncatable_ids() &amp; com.sun.corba.se.impl.encoding.CDROutputStream#_truncatable_ids() &amp; com.sun.corba.se.impl.encoding.CDRInputStream#_truncatable_ids() &amp; com.sun.corba.se.impl.ior.ObjectReferenceFactoryImpl#_truncatable_ids()&quot; }"/>
        </annotation>
    </item>
    <item name='org.omg.CORBA.portable.ValueOutputStream void start_value(java.lang.String)'>
        <annotation name='com.intellij.inspections.tainted.annotation.equation.Equations'>
            <val val="{ &quot;rep_id := com.sun.corba.se.impl.encoding.CDROutputStream#start_value(java.lang.String)#0&quot; }"/>
        </annotation>
    </item>
</root>