<root>
    <item name='javax.servlet.jsp.el.ELException'>
        <annotation name='com.intellij.inspections.tainted.annotation.equation.Equations'>
            <val val="{ &quot;ELException := #ELException(java.lang.Throwable)#0 &amp; #ELException(java.lang.String, java.lang.Throwable)#1 &amp; ELParseException&quot; }"/>
        </annotation>
    </item>
    <item name='javax.servlet.jsp.el.ELException ELException()'>
        <annotation name='com.intellij.inspections.tainted.annotation.equation.Equations'>
            <val val="{ &quot;ELException := ELException&quot; }"/>
        </annotation>
    </item>
    <item name='javax.servlet.jsp.el.ELException ELException(java.lang.String)'>
        <annotation name='com.intellij.inspections.tainted.annotation.equation.Equations'>
            <val val="{ &quot;pMessage := ELParseException#ELParseException(java.lang.String)#0&quot;, &quot;ELException := ELException&quot; }"/>
        </annotation>
    </item>
    <item name='javax.servlet.jsp.el.ELException ELException(java.lang.String, java.lang.Throwable)'>
        <annotation name='com.intellij.inspections.tainted.annotation.equation.Equations'>
            <val val="{ &quot;ELException := ELException&quot; }"/>
        </annotation>
    </item>
    <item name='javax.servlet.jsp.el.ELException ELException(java.lang.Throwable)'>
        <annotation name='com.intellij.inspections.tainted.annotation.equation.Equations'>
            <val val="{ &quot;ELException := ELException&quot; }"/>
        </annotation>
    </item>
    <item name='javax.servlet.jsp.el.ELException java.lang.Throwable getRootCause()'>
        <annotation name='com.intellij.inspections.tainted.annotation.equation.Equations'>
            <val val="{ &quot;getRootCause := ELException&quot; }"/>
        </annotation>
    </item>
    <item name='javax.servlet.jsp.el.ELParseException ELParseException()'>
        <annotation name='com.intellij.inspections.tainted.annotation.equation.Equations'>
            <val val="{ &quot;ELParseException := ELParseException&quot; }"/>
        </annotation>
    </item>
    <item name='javax.servlet.jsp.el.ELParseException ELParseException(java.lang.String)'>
        <annotation name='com.intellij.inspections.tainted.annotation.equation.Equations'>
            <val val="{ &quot;ELParseException := ELParseException&quot; }"/>
        </annotation>
    </item>
    <item name='javax.servlet.jsp.el.ImplicitObjectELResolver java.lang.Object getValue(javax.el.ELContext, java.lang.Object, java.lang.Object)'>
        <annotation name='com.intellij.inspections.tainted.annotation.equation.Equations'>
            <val val="{ &quot;getValue := &quot; }"/>
        </annotation>
    </item>
    <item name='javax.servlet.jsp.el.ImplicitObjectELResolver java.util.Iterator&lt;java.beans.FeatureDescriptor&gt; getFeatureDescriptors(javax.el.ELContext, java.lang.Object)'>
        <annotation name='com.intellij.inspections.tainted.annotation.equation.Equations'>
            <val val="{ &quot;getFeatureDescriptors := &quot; }"/>
        </annotation>
    </item>
    <item name='javax.servlet.jsp.el.ImplicitObjectELResolver.EnumeratedMap'>
        <annotation name='com.intellij.inspections.tainted.annotation.equation.Equations'>
            <val val="{ &quot;EnumeratedMap := &quot; }"/>
        </annotation>
    </item>
    <item name='javax.servlet.jsp.el.ImplicitObjectELResolver.EnumeratedMap V get(java.lang.Object)'>
        <annotation name='com.intellij.inspections.tainted.annotation.equation.Equations'>
            <val val="{ &quot;get := &quot; }"/>
        </annotation>
    </item>
    <item name='javax.servlet.jsp.el.ImplicitObjectELResolver.EnumeratedMap V getValue(java.lang.Object)'>
        <annotation name='com.intellij.inspections.tainted.annotation.equation.Equations'>
            <val val="{ &quot;pKey := #containsKey(java.lang.Object)#0 &amp; #get(java.lang.Object)#0&quot;, &quot;getValue := &quot; }"/>
        </annotation>
    </item>
    <item name='javax.servlet.jsp.el.ImplicitObjectELResolver.EnumeratedMap int size()'>
        <annotation name='com.intellij.inspections.tainted.annotation.equation.Equations'>
            <val val="{ &quot;size := &quot; }"/>
        </annotation>
    </item>
    <item name='javax.servlet.jsp.el.ImplicitObjectELResolver.EnumeratedMap java.util.Collection&lt;V&gt; values()'>
        <annotation name='com.intellij.inspections.tainted.annotation.equation.Equations'>
            <val val="{ &quot;values := &quot; }"/>
        </annotation>
    </item>
    <item name='javax.servlet.jsp.el.ImplicitObjectELResolver.EnumeratedMap java.util.Enumeration&lt;K&gt; enumerateKeys()'>
        <annotation name='com.intellij.inspections.tainted.annotation.equation.Equations'>
            <val val="{ &quot;enumerateKeys := &quot; }"/>
        </annotation>
    </item>
    <item name='javax.servlet.jsp.el.ImplicitObjectELResolver.EnumeratedMap java.util.Map&lt;K,V&gt; convertToMap()'>
        <annotation name='com.intellij.inspections.tainted.annotation.equation.Equations'>
            <val val="{ &quot;convertToMap := &quot; }"/>
        </annotation>
    </item>
    <item name='javax.servlet.jsp.el.ImplicitObjectELResolver.EnumeratedMap java.util.Map&lt;K,V&gt; getAsMap()'>
        <annotation name='com.intellij.inspections.tainted.annotation.equation.Equations'>
            <val val="{ &quot;getAsMap := ImplicitObjectELResolver.EnumeratedMap&quot; }"/>
        </annotation>
    </item>
    <item name='javax.servlet.jsp.el.ImplicitObjectELResolver.EnumeratedMap java.util.Set&lt;K&gt; keySet()'>
        <annotation name='com.intellij.inspections.tainted.annotation.equation.Equations'>
            <val val="{ &quot;keySet := &quot; }"/>
        </annotation>
    </item>
    <item name='javax.servlet.jsp.el.ImplicitObjectELResolver.EnumeratedMap java.util.Set&lt;java.util.Map.Entry&lt;K,V&gt;&gt; entrySet()'>
        <annotation name='com.intellij.inspections.tainted.annotation.equation.Equations'>
            <val val="{ &quot;entrySet := &quot; }"/>
        </annotation>
    </item>
    <item name='javax.servlet.jsp.el.ImplicitObjectELResolver.ImplicitObjects'>
        <annotation name='com.intellij.inspections.tainted.annotation.equation.Equations'>
            <val val="{ &quot;ImplicitObjects := #ImplicitObjects(javax.servlet.jsp.PageContext)#0&quot; }"/>
        </annotation>
    </item>
    <item name='javax.servlet.jsp.el.ImplicitObjectELResolver.ImplicitObjects ImplicitObjects(javax.servlet.jsp.PageContext)'>
        <annotation name='com.intellij.inspections.tainted.annotation.equation.Equations'>
            <val val="{ &quot;pContext := #getImplicitObjects(javax.servlet.jsp.PageContext)#0&quot;, &quot;ImplicitObjects := ImplicitObjectELResolver.ImplicitObjects&quot; }"/>
        </annotation>
    </item>
    <item name='javax.servlet.jsp.el.ImplicitObjectELResolver.ImplicitObjects java.util.Map&lt;java.lang.String,java.lang.Object&gt; createApplicationScopeMap(javax.servlet.jsp.PageContext)'>
        <annotation name='com.intellij.inspections.tainted.annotation.equation.Equations'>
            <val val="{ &quot;pContext := ImplicitObjectELResolver.ImplicitObjects&quot; }"/>
        </annotation>
    </item>
    <item name='javax.servlet.jsp.el.ImplicitObjectELResolver.ImplicitObjects java.util.Map&lt;java.lang.String,java.lang.Object&gt; createPageScopeMap(javax.servlet.jsp.PageContext)'>
        <annotation name='com.intellij.inspections.tainted.annotation.equation.Equations'>
            <val val="{ &quot;pContext := ImplicitObjectELResolver.ImplicitObjects&quot; }"/>
        </annotation>
    </item>
    <item name='javax.servlet.jsp.el.ImplicitObjectELResolver.ImplicitObjects java.util.Map&lt;java.lang.String,java.lang.Object&gt; createRequestScopeMap(javax.servlet.jsp.PageContext)'>
        <annotation name='com.intellij.inspections.tainted.annotation.equation.Equations'>
            <val val="{ &quot;pContext := ImplicitObjectELResolver.ImplicitObjects&quot; }"/>
        </annotation>
    </item>
    <item name='javax.servlet.jsp.el.ImplicitObjectELResolver.ImplicitObjects java.util.Map&lt;java.lang.String,java.lang.Object&gt; createSessionScopeMap(javax.servlet.jsp.PageContext)'>
        <annotation name='com.intellij.inspections.tainted.annotation.equation.Equations'>
            <val val="{ &quot;pContext := ImplicitObjectELResolver.ImplicitObjects&quot; }"/>
        </annotation>
    </item>
    <item name='javax.servlet.jsp.el.ImplicitObjectELResolver.ImplicitObjects java.util.Map&lt;java.lang.String,java.lang.Object&gt; getApplicationScopeMap()'>
        <annotation name='com.intellij.inspections.tainted.annotation.equation.Equations'>
            <val val="{ &quot;getApplicationScopeMap := ImplicitObjectELResolver.ImplicitObjects&quot; }"/>
        </annotation>
    </item>
    <item name='javax.servlet.jsp.el.ImplicitObjectELResolver.ImplicitObjects java.util.Map&lt;java.lang.String,java.lang.Object&gt; getPageScopeMap()'>
        <annotation name='com.intellij.inspections.tainted.annotation.equation.Equations'>
            <val val="{ &quot;getPageScopeMap := ImplicitObjectELResolver.ImplicitObjects&quot; }"/>
        </annotation>
    </item>
    <item name='javax.servlet.jsp.el.ImplicitObjectELResolver.ImplicitObjects java.util.Map&lt;java.lang.String,java.lang.Object&gt; getRequestScopeMap()'>
        <annotation name='com.intellij.inspections.tainted.annotation.equation.Equations'>
            <val val="{ &quot;getRequestScopeMap := ImplicitObjectELResolver.ImplicitObjects&quot; }"/>
        </annotation>
    </item>
    <item name='javax.servlet.jsp.el.ImplicitObjectELResolver.ImplicitObjects java.util.Map&lt;java.lang.String,java.lang.Object&gt; getSessionScopeMap()'>
        <annotation name='com.intellij.inspections.tainted.annotation.equation.Equations'>
            <val val="{ &quot;getSessionScopeMap := ImplicitObjectELResolver.ImplicitObjects&quot; }"/>
        </annotation>
    </item>
    <item name='javax.servlet.jsp.el.ImplicitObjectELResolver.ImplicitObjects java.util.Map&lt;java.lang.String,java.lang.String&gt; createHeaderMap(javax.servlet.jsp.PageContext)'>
        <annotation name='com.intellij.inspections.tainted.annotation.equation.Equations'>
            <val val="{ &quot;pContext := ImplicitObjectELResolver.ImplicitObjects&quot; }"/>
        </annotation>
    </item>
    <item name='javax.servlet.jsp.el.ImplicitObjectELResolver.ImplicitObjects java.util.Map&lt;java.lang.String,java.lang.String&gt; createInitParamMap(javax.servlet.jsp.PageContext)'>
        <annotation name='com.intellij.inspections.tainted.annotation.equation.Equations'>
            <val val="{ &quot;pContext := ImplicitObjectELResolver.ImplicitObjects&quot; }"/>
        </annotation>
    </item>
    <item name='javax.servlet.jsp.el.ImplicitObjectELResolver.ImplicitObjects java.util.Map&lt;java.lang.String,java.lang.String&gt; createParamMap(javax.servlet.jsp.PageContext)'>
        <annotation name='com.intellij.inspections.tainted.annotation.equation.Equations'>
            <val val="{ &quot;pContext := ImplicitObjectELResolver.ImplicitObjects&quot; }"/>
        </annotation>
    </item>
    <item name='javax.servlet.jsp.el.ImplicitObjectELResolver.ImplicitObjects java.util.Map&lt;java.lang.String,java.lang.String&gt; getHeaderMap()'>
        <annotation name='com.intellij.inspections.tainted.annotation.equation.Equations'>
            <val val="{ &quot;getHeaderMap := ImplicitObjectELResolver.ImplicitObjects&quot; }"/>
        </annotation>
    </item>
    <item name='javax.servlet.jsp.el.ImplicitObjectELResolver.ImplicitObjects java.util.Map&lt;java.lang.String,java.lang.String&gt; getInitParamMap()'>
        <annotation name='com.intellij.inspections.tainted.annotation.equation.Equations'>
            <val val="{ &quot;getInitParamMap := ImplicitObjectELResolver.ImplicitObjects&quot; }"/>
        </annotation>
    </item>
    <item name='javax.servlet.jsp.el.ImplicitObjectELResolver.ImplicitObjects java.util.Map&lt;java.lang.String,java.lang.String&gt; getParamMap()'>
        <annotation name='com.intellij.inspections.tainted.annotation.equation.Equations'>
            <val val="{ &quot;getParamMap := ImplicitObjectELResolver.ImplicitObjects&quot; }"/>
        </annotation>
    </item>
    <item name='javax.servlet.jsp.el.ImplicitObjectELResolver.ImplicitObjects java.util.Map&lt;java.lang.String,java.lang.String[]&gt; createHeadersMap(javax.servlet.jsp.PageContext)'>
        <annotation name='com.intellij.inspections.tainted.annotation.equation.Equations'>
            <val val="{ &quot;pContext := ImplicitObjectELResolver.ImplicitObjects&quot; }"/>
        </annotation>
    </item>
    <item name='javax.servlet.jsp.el.ImplicitObjectELResolver.ImplicitObjects java.util.Map&lt;java.lang.String,java.lang.String[]&gt; createParamsMap(javax.servlet.jsp.PageContext)'>
        <annotation name='com.intellij.inspections.tainted.annotation.equation.Equations'>
            <val val="{ &quot;pContext := ImplicitObjectELResolver.ImplicitObjects&quot; }"/>
        </annotation>
    </item>
    <item name='javax.servlet.jsp.el.ImplicitObjectELResolver.ImplicitObjects java.util.Map&lt;java.lang.String,java.lang.String[]&gt; getHeadersMap()'>
        <annotation name='com.intellij.inspections.tainted.annotation.equation.Equations'>
            <val val="{ &quot;getHeadersMap := ImplicitObjectELResolver.ImplicitObjects&quot; }"/>
        </annotation>
    </item>
    <item name='javax.servlet.jsp.el.ImplicitObjectELResolver.ImplicitObjects java.util.Map&lt;java.lang.String,java.lang.String[]&gt; getParamsMap()'>
        <annotation name='com.intellij.inspections.tainted.annotation.equation.Equations'>
            <val val="{ &quot;getParamsMap := ImplicitObjectELResolver.ImplicitObjects&quot; }"/>
        </annotation>
    </item>
    <item name='javax.servlet.jsp.el.ImplicitObjectELResolver.ImplicitObjects java.util.Map&lt;java.lang.String,javax.servlet.http.Cookie&gt; createCookieMap(javax.servlet.jsp.PageContext)'>
        <annotation name='com.intellij.inspections.tainted.annotation.equation.Equations'>
            <val val="{ &quot;pContext := ImplicitObjectELResolver.ImplicitObjects&quot;, &quot;createCookieMap := &quot; }"/>
        </annotation>
    </item>
    <item name='javax.servlet.jsp.el.ImplicitObjectELResolver.ImplicitObjects java.util.Map&lt;java.lang.String,javax.servlet.http.Cookie&gt; getCookieMap()'>
        <annotation name='com.intellij.inspections.tainted.annotation.equation.Equations'>
            <val val="{ &quot;getCookieMap := ImplicitObjectELResolver.ImplicitObjects&quot; }"/>
        </annotation>
    </item>
    <item name='javax.servlet.jsp.el.ImplicitObjectELResolver.ImplicitObjects javax.servlet.jsp.el.ImplicitObjectELResolver.ImplicitObjects getImplicitObjects(javax.servlet.jsp.PageContext)'>
        <annotation name='com.intellij.inspections.tainted.annotation.equation.Equations'>
            <val val="{ &quot;pContext := &quot;, &quot;getImplicitObjects := &quot; }"/>
        </annotation>
    </item>
    <item name='javax.servlet.jsp.el.ScopedAttributeELResolver java.lang.Object getValue(javax.el.ELContext, java.lang.Object, java.lang.Object)'>
        <annotation name='com.intellij.inspections.tainted.annotation.equation.Equations'>
            <val val="{ &quot;getValue := &quot; }"/>
        </annotation>
    </item>
    <item name='javax.servlet.jsp.el.ScopedAttributeELResolver java.util.Iterator&lt;java.beans.FeatureDescriptor&gt; getFeatureDescriptors(javax.el.ELContext, java.lang.Object)'>
        <annotation name='com.intellij.inspections.tainted.annotation.equation.Equations'>
            <val val="{ &quot;getFeatureDescriptors := &quot; }"/>
        </annotation>
    </item>
</root>