<root>
    <item name='org.hibernate.envers.exception.AuditException AuditException(java.lang.String)'>
        <annotation name='com.intellij.inspections.tainted.annotation.equation.Equations'>
            <val val="{ &quot;AuditException := AuditException&quot;, &quot;message := NotAuditedException#NotAuditedException(java.lang.String, java.lang.String)#1 &amp; RevisionDoesNotExistException#RevisionDoesNotExistException(java.lang.Number)#0 &amp; RevisionDoesNotExistException#RevisionDoesNotExistException(java.util.Date)#0&quot; }"/>
        </annotation>
    </item>
    <item name='org.hibernate.envers.exception.AuditException AuditException(java.lang.String, java.lang.Throwable)'>
        <annotation name='com.intellij.inspections.tainted.annotation.equation.Equations'>
            <val val="{ &quot;AuditException := AuditException&quot; }"/>
        </annotation>
    </item>
    <item name='org.hibernate.envers.exception.AuditException AuditException(java.lang.Throwable)'>
        <annotation name='com.intellij.inspections.tainted.annotation.equation.Equations'>
            <val val="{ &quot;AuditException := AuditException&quot; }"/>
        </annotation>
    </item>
    <item name='org.hibernate.envers.exception.NotAuditedException'>
        <annotation name='com.intellij.inspections.tainted.annotation.equation.Equations'>
            <val val="{ &quot;NotAuditedException := #NotAuditedException(java.lang.String, java.lang.String)#0&quot; }"/>
        </annotation>
    </item>
    <item name='org.hibernate.envers.exception.NotAuditedException NotAuditedException(java.lang.String, java.lang.String)'>
        <annotation name='com.intellij.inspections.tainted.annotation.equation.Equations'>
            <val val="{ &quot;NotAuditedException := NotAuditedException&quot; }"/>
        </annotation>
    </item>
    <item name='org.hibernate.envers.exception.NotAuditedException java.lang.String getEntityName()'>
        <annotation name='com.intellij.inspections.tainted.annotation.equation.Equations'>
            <val val="{ &quot;getEntityName := NotAuditedException&quot; }"/>
        </annotation>
    </item>
    <item name='org.hibernate.envers.exception.RevisionDoesNotExistException'>
        <annotation name='com.intellij.inspections.tainted.annotation.equation.Equations'>
            <val val="{ &quot;RevisionDoesNotExistException := #RevisionDoesNotExistException(java.lang.Number)#0 &amp; #RevisionDoesNotExistException(java.util.Date)#0&quot; }"/>
        </annotation>
    </item>
    <item name='org.hibernate.envers.exception.RevisionDoesNotExistException RevisionDoesNotExistException(java.lang.Number)'>
        <annotation name='com.intellij.inspections.tainted.annotation.equation.Equations'>
            <val val="{ &quot;RevisionDoesNotExistException := RevisionDoesNotExistException&quot; }"/>
        </annotation>
    </item>
    <item name='org.hibernate.envers.exception.RevisionDoesNotExistException RevisionDoesNotExistException(java.util.Date)'>
        <annotation name='com.intellij.inspections.tainted.annotation.equation.Equations'>
            <val val="{ &quot;RevisionDoesNotExistException := RevisionDoesNotExistException&quot; }"/>
        </annotation>
    </item>
    <item name='org.hibernate.envers.exception.RevisionDoesNotExistException java.lang.Number getRevision()'>
        <annotation name='com.intellij.inspections.tainted.annotation.equation.Equations'>
            <val val="{ &quot;getRevision := RevisionDoesNotExistException&quot; }"/>
        </annotation>
    </item>
    <item name='org.hibernate.envers.exception.RevisionDoesNotExistException java.util.Date getDate()'>
        <annotation name='com.intellij.inspections.tainted.annotation.equation.Equations'>
            <val val="{ &quot;getDate := RevisionDoesNotExistException&quot; }"/>
        </annotation>
    </item>
</root>