<root>
    <item name='sun.security.krb5.internal.crypto.CksumType'>
        <annotation name='com.intellij.inspections.tainted.annotation.equation.Equations'>
            <val val="{ &quot;CksumType := HmacSha1Des3KdCksumType &amp; HmacMd5ArcFourCksumType &amp; Crc32CksumType &amp; DesMacCksumType &amp; DesMacKCksumType &amp; RsaMd5DesCksumType &amp; RsaMd5CksumType &amp; HmacSha1Aes128CksumType &amp; HmacSha1Aes256CksumType&quot; }"/>
        </annotation>
    </item>
    <item name='sun.security.krb5.internal.crypto.CksumType boolean verifyKeyedChecksum(byte[], int, byte[], byte[], int)'>
        <annotation name='com.intellij.inspections.tainted.annotation.equation.Equations'>
            <val val="{ &quot;i1 := HmacSha1Des3KdCksumType#verifyKeyedChecksum(byte[], int, byte[], byte[], int)#4 &amp; HmacMd5ArcFourCksumType#verifyKeyedChecksum(byte[], int, byte[], byte[], int)#4 &amp; Crc32CksumType#verifyKeyedChecksum(byte[], int, byte[], byte[], int)#4 &amp; DesMacKCksumType#verifyKeyedChecksum(byte[], int, byte[], byte[], int)#4 &amp; RsaMd5CksumType#verifyKeyedChecksum(byte[], int, byte[], byte[], int)#4 &amp; DesMacCksumType#verifyKeyedChecksum(byte[], int, byte[], byte[], int)#4 &amp; HmacSha1Aes128CksumType#verifyKeyedChecksum(byte[], int, byte[], byte[], int)#4 &amp; RsaMd5DesCksumType#verifyKeyedChecksum(byte[], int, byte[], byte[], int)#4 &amp; HmacSha1Aes256CksumType#verifyKeyedChecksum(byte[], int, byte[], byte[], int)#4&quot;, &quot;bytes2 := HmacSha1Des3KdCksumType#verifyKeyedChecksum(byte[], int, byte[], byte[], int)#3 &amp; HmacMd5ArcFourCksumType#verifyKeyedChecksum(byte[], int, byte[], byte[], int)#3 &amp; Crc32CksumType#verifyKeyedChecksum(byte[], int, byte[], byte[], int)#3 &amp; DesMacKCksumType#verifyKeyedChecksum(byte[], int, byte[], byte[], int)#3 &amp; RsaMd5CksumType#verifyKeyedChecksum(byte[], int, byte[], byte[], int)#3 &amp; DesMacCksumType#verifyKeyedChecksum(byte[], int, byte[], byte[], int)#3 &amp; HmacSha1Aes128CksumType#verifyKeyedChecksum(byte[], int, byte[], byte[], int)#3 &amp; RsaMd5DesCksumType#verifyKeyedChecksum(byte[], int, byte[], byte[], int)#3 &amp; HmacSha1Aes256CksumType#verifyKeyedChecksum(byte[], int, byte[], byte[], int)#3&quot;, &quot;bytes := HmacSha1Des3KdCksumType#verifyKeyedChecksum(byte[], int, byte[], byte[], int)#0 &amp; HmacMd5ArcFourCksumType#verifyKeyedChecksum(byte[], int, byte[], byte[], int)#0 &amp; Crc32CksumType#verifyKeyedChecksum(byte[], int, byte[], byte[], int)#0 &amp; DesMacKCksumType#verifyKeyedChecksum(byte[], int, byte[], byte[], int)#0 &amp; RsaMd5CksumType#verifyKeyedChecksum(byte[], int, byte[], byte[], int)#0 &amp; DesMacCksumType#verifyKeyedChecksum(byte[], int, byte[], byte[], int)#0 &amp; HmacSha1Aes128CksumType#verifyKeyedChecksum(byte[], int, byte[], byte[], int)#0 &amp; RsaMd5DesCksumType#verifyKeyedChecksum(byte[], int, byte[], byte[], int)#0 &amp; HmacSha1Aes256CksumType#verifyKeyedChecksum(byte[], int, byte[], byte[], int)#0&quot;, &quot;i := HmacSha1Des3KdCksumType#verifyKeyedChecksum(byte[], int, byte[], byte[], int)#1 &amp; HmacMd5ArcFourCksumType#verifyKeyedChecksum(byte[], int, byte[], byte[], int)#1 &amp; Crc32CksumType#verifyKeyedChecksum(byte[], int, byte[], byte[], int)#1 &amp; DesMacKCksumType#verifyKeyedChecksum(byte[], int, byte[], byte[], int)#1 &amp; RsaMd5CksumType#verifyKeyedChecksum(byte[], int, byte[], byte[], int)#1 &amp; DesMacCksumType#verifyKeyedChecksum(byte[], int, byte[], byte[], int)#1 &amp; HmacSha1Aes128CksumType#verifyKeyedChecksum(byte[], int, byte[], byte[], int)#1 &amp; RsaMd5DesCksumType#verifyKeyedChecksum(byte[], int, byte[], byte[], int)#1 &amp; HmacSha1Aes256CksumType#verifyKeyedChecksum(byte[], int, byte[], byte[], int)#1&quot;, &quot;bytes1 := HmacSha1Des3KdCksumType#verifyKeyedChecksum(byte[], int, byte[], byte[], int)#2 &amp; HmacMd5ArcFourCksumType#verifyKeyedChecksum(byte[], int, byte[], byte[], int)#2 &amp; Crc32CksumType#verifyKeyedChecksum(byte[], int, byte[], byte[], int)#2 &amp; DesMacKCksumType#verifyKeyedChecksum(byte[], int, byte[], byte[], int)#2 &amp; RsaMd5CksumType#verifyKeyedChecksum(byte[], int, byte[], byte[], int)#2 &amp; DesMacCksumType#verifyKeyedChecksum(byte[], int, byte[], byte[], int)#2 &amp; HmacSha1Aes128CksumType#verifyKeyedChecksum(byte[], int, byte[], byte[], int)#2 &amp; RsaMd5DesCksumType#verifyKeyedChecksum(byte[], int, byte[], byte[], int)#2 &amp; HmacSha1Aes256CksumType#verifyKeyedChecksum(byte[], int, byte[], byte[], int)#2&quot; }"/>
        </annotation>
    </item>
    <item name='sun.security.krb5.internal.crypto.CksumType byte[] calculateChecksum(byte[], int)'>
        <annotation name='com.intellij.inspections.tainted.annotation.equation.Equations'>
            <val val="{ &quot;bytes := RsaMd5CksumType#calculateChecksum(byte[], int)#0 &amp; RsaMd5DesCksumType#calculateChecksum(byte[], int)#0 &amp; HmacSha1Des3KdCksumType#calculateChecksum(byte[], int)#0 &amp; HmacMd5ArcFourCksumType#calculateChecksum(byte[], int)#0 &amp; Crc32CksumType#calculateChecksum(byte[], int)#0 &amp; DesMacCksumType#calculateChecksum(byte[], int)#0 &amp; DesMacKCksumType#calculateChecksum(byte[], int)#0 &amp; HmacSha1Aes128CksumType#calculateChecksum(byte[], int)#0 &amp; HmacSha1Aes256CksumType#calculateChecksum(byte[], int)#0&quot;, &quot;calculateChecksum := RsaMd5CksumType#calculateChecksum(byte[], int) &amp; RsaMd5DesCksumType#calculateChecksum(byte[], int) &amp; HmacSha1Des3KdCksumType#calculateChecksum(byte[], int) &amp; HmacMd5ArcFourCksumType#calculateChecksum(byte[], int) &amp; Crc32CksumType#calculateChecksum(byte[], int) &amp; DesMacCksumType#calculateChecksum(byte[], int) &amp; DesMacKCksumType#calculateChecksum(byte[], int) &amp; HmacSha1Aes128CksumType#calculateChecksum(byte[], int) &amp; HmacSha1Aes256CksumType#calculateChecksum(byte[], int)&quot;, &quot;i := RsaMd5CksumType#calculateChecksum(byte[], int)#1 &amp; RsaMd5DesCksumType#calculateChecksum(byte[], int)#1 &amp; HmacSha1Des3KdCksumType#calculateChecksum(byte[], int)#1 &amp; HmacMd5ArcFourCksumType#calculateChecksum(byte[], int)#1 &amp; Crc32CksumType#calculateChecksum(byte[], int)#1 &amp; DesMacCksumType#calculateChecksum(byte[], int)#1 &amp; DesMacKCksumType#calculateChecksum(byte[], int)#1 &amp; HmacSha1Aes128CksumType#calculateChecksum(byte[], int)#1 &amp; HmacSha1Aes256CksumType#calculateChecksum(byte[], int)#1&quot; }"/>
        </annotation>
    </item>
    <item name='sun.security.krb5.internal.crypto.CksumType byte[] calculateKeyedChecksum(byte[], int, byte[], int)'>
        <annotation name='com.intellij.inspections.tainted.annotation.equation.Equations'>
            <val val="{ &quot;calculateKeyedChecksum := Crc32CksumType#calculateKeyedChecksum(byte[], int, byte[], int) &amp; RsaMd5CksumType#calculateKeyedChecksum(byte[], int, byte[], int) &amp; DesMacKCksumType#calculateKeyedChecksum(byte[], int, byte[], int) &amp; HmacMd5ArcFourCksumType#calculateKeyedChecksum(byte[], int, byte[], int) &amp; HmacSha1Des3KdCksumType#calculateKeyedChecksum(byte[], int, byte[], int) &amp; RsaMd5DesCksumType#calculateKeyedChecksum(byte[], int, byte[], int) &amp; HmacSha1Aes128CksumType#calculateKeyedChecksum(byte[], int, byte[], int) &amp; DesMacCksumType#calculateKeyedChecksum(byte[], int, byte[], int) &amp; HmacSha1Aes256CksumType#calculateKeyedChecksum(byte[], int, byte[], int)&quot;, &quot;i1 := Crc32CksumType#calculateKeyedChecksum(byte[], int, byte[], int)#3 &amp; RsaMd5CksumType#calculateKeyedChecksum(byte[], int, byte[], int)#3 &amp; DesMacKCksumType#calculateKeyedChecksum(byte[], int, byte[], int)#3 &amp; HmacMd5ArcFourCksumType#calculateKeyedChecksum(byte[], int, byte[], int)#3 &amp; HmacSha1Des3KdCksumType#calculateKeyedChecksum(byte[], int, byte[], int)#3 &amp; RsaMd5DesCksumType#calculateKeyedChecksum(byte[], int, byte[], int)#3 &amp; HmacSha1Aes128CksumType#calculateKeyedChecksum(byte[], int, byte[], int)#3 &amp; DesMacCksumType#calculateKeyedChecksum(byte[], int, byte[], int)#3 &amp; HmacSha1Aes256CksumType#calculateKeyedChecksum(byte[], int, byte[], int)#3&quot;, &quot;bytes := Crc32CksumType#calculateKeyedChecksum(byte[], int, byte[], int)#0 &amp; RsaMd5CksumType#calculateKeyedChecksum(byte[], int, byte[], int)#0 &amp; DesMacKCksumType#calculateKeyedChecksum(byte[], int, byte[], int)#0 &amp; HmacMd5ArcFourCksumType#calculateKeyedChecksum(byte[], int, byte[], int)#0 &amp; HmacSha1Des3KdCksumType#calculateKeyedChecksum(byte[], int, byte[], int)#0 &amp; RsaMd5DesCksumType#calculateKeyedChecksum(byte[], int, byte[], int)#0 &amp; HmacSha1Aes128CksumType#calculateKeyedChecksum(byte[], int, byte[], int)#0 &amp; DesMacCksumType#calculateKeyedChecksum(byte[], int, byte[], int)#0 &amp; HmacSha1Aes256CksumType#calculateKeyedChecksum(byte[], int, byte[], int)#0&quot;, &quot;i := Crc32CksumType#calculateKeyedChecksum(byte[], int, byte[], int)#1 &amp; RsaMd5CksumType#calculateKeyedChecksum(byte[], int, byte[], int)#1 &amp; DesMacKCksumType#calculateKeyedChecksum(byte[], int, byte[], int)#1 &amp; HmacMd5ArcFourCksumType#calculateKeyedChecksum(byte[], int, byte[], int)#1 &amp; HmacSha1Des3KdCksumType#calculateKeyedChecksum(byte[], int, byte[], int)#1 &amp; RsaMd5DesCksumType#calculateKeyedChecksum(byte[], int, byte[], int)#1 &amp; HmacSha1Aes128CksumType#calculateKeyedChecksum(byte[], int, byte[], int)#1 &amp; DesMacCksumType#calculateKeyedChecksum(byte[], int, byte[], int)#1 &amp; HmacSha1Aes256CksumType#calculateKeyedChecksum(byte[], int, byte[], int)#1&quot;, &quot;bytes1 := Crc32CksumType#calculateKeyedChecksum(byte[], int, byte[], int)#2 &amp; RsaMd5CksumType#calculateKeyedChecksum(byte[], int, byte[], int)#2 &amp; DesMacKCksumType#calculateKeyedChecksum(byte[], int, byte[], int)#2 &amp; HmacMd5ArcFourCksumType#calculateKeyedChecksum(byte[], int, byte[], int)#2 &amp; HmacSha1Des3KdCksumType#calculateKeyedChecksum(byte[], int, byte[], int)#2 &amp; RsaMd5DesCksumType#calculateKeyedChecksum(byte[], int, byte[], int)#2 &amp; HmacSha1Aes128CksumType#calculateKeyedChecksum(byte[], int, byte[], int)#2 &amp; DesMacCksumType#calculateKeyedChecksum(byte[], int, byte[], int)#2 &amp; HmacSha1Aes256CksumType#calculateKeyedChecksum(byte[], int, byte[], int)#2&quot; }"/>
        </annotation>
    </item>
    <item name='sun.security.krb5.internal.crypto.CksumType int cksumSize()'>
        <annotation name='com.intellij.inspections.tainted.annotation.equation.Equations'>
            <val val="{ &quot;cksumSize := HmacSha1Des3KdCksumType#cksumSize() &amp; HmacMd5ArcFourCksumType#cksumSize() &amp; Crc32CksumType#cksumSize() &amp; DesMacCksumType#cksumSize() &amp; DesMacKCksumType#cksumSize() &amp; RsaMd5DesCksumType#cksumSize() &amp; RsaMd5CksumType#cksumSize() &amp; HmacSha1Aes128CksumType#cksumSize() &amp; HmacSha1Aes256CksumType#cksumSize()&quot; }"/>
        </annotation>
    </item>
    <item name='sun.security.krb5.internal.crypto.CksumType int cksumType()'>
        <annotation name='com.intellij.inspections.tainted.annotation.equation.Equations'>
            <val val="{ &quot;cksumType := HmacSha1Des3KdCksumType#cksumType() &amp; HmacMd5ArcFourCksumType#cksumType() &amp; Crc32CksumType#cksumType() &amp; DesMacCksumType#cksumType() &amp; DesMacKCksumType#cksumType() &amp; RsaMd5DesCksumType#cksumType() &amp; RsaMd5CksumType#cksumType() &amp; HmacSha1Aes128CksumType#cksumType() &amp; HmacSha1Aes256CksumType#cksumType()&quot; }"/>
        </annotation>
    </item>
    <item name='sun.security.krb5.internal.crypto.CksumType int confounderSize()'>
        <annotation name='com.intellij.inspections.tainted.annotation.equation.Equations'>
            <val val="{ &quot;confounderSize := HmacSha1Des3KdCksumType#confounderSize() &amp; HmacMd5ArcFourCksumType#confounderSize() &amp; Crc32CksumType#confounderSize() &amp; DesMacCksumType#confounderSize() &amp; DesMacKCksumType#confounderSize() &amp; RsaMd5DesCksumType#confounderSize() &amp; RsaMd5CksumType#confounderSize() &amp; HmacSha1Aes128CksumType#confounderSize() &amp; HmacSha1Aes256CksumType#confounderSize()&quot; }"/>
        </annotation>
    </item>
    <item name='sun.security.krb5.internal.crypto.CksumType int keySize()'>
        <annotation name='com.intellij.inspections.tainted.annotation.equation.Equations'>
            <val val="{ &quot;keySize := HmacSha1Des3KdCksumType#keySize() &amp; HmacMd5ArcFourCksumType#keySize() &amp; Crc32CksumType#keySize() &amp; DesMacCksumType#keySize() &amp; DesMacKCksumType#keySize() &amp; RsaMd5DesCksumType#keySize() &amp; RsaMd5CksumType#keySize() &amp; HmacSha1Aes128CksumType#keySize() &amp; HmacSha1Aes256CksumType#keySize()&quot; }"/>
        </annotation>
    </item>
    <item name='sun.security.krb5.internal.crypto.CksumType int keyType()'>
        <annotation name='com.intellij.inspections.tainted.annotation.equation.Equations'>
            <val val="{ &quot;keyType := HmacSha1Des3KdCksumType#keyType() &amp; HmacMd5ArcFourCksumType#keyType() &amp; Crc32CksumType#keyType() &amp; DesMacCksumType#keyType() &amp; DesMacKCksumType#keyType() &amp; RsaMd5DesCksumType#keyType() &amp; RsaMd5CksumType#keyType() &amp; HmacSha1Aes128CksumType#keyType() &amp; HmacSha1Aes256CksumType#keyType()&quot; }"/>
        </annotation>
    </item>
    <item name='sun.security.krb5.internal.crypto.DesCbcEType'>
        <annotation name='com.intellij.inspections.tainted.annotation.equation.Equations'>
            <val val="{ &quot;DesCbcEType := DesCbcMd5EType &amp; DesCbcCrcEType&quot; }"/>
        </annotation>
    </item>
    <item name='sun.security.krb5.internal.crypto.DesCbcEType byte[] calculateChecksum(byte[], int)'>
        <annotation name='com.intellij.inspections.tainted.annotation.equation.Equations'>
            <val val="{ &quot;bytes := DesCbcMd5EType#calculateChecksum(byte[], int)#0 &amp; DesCbcCrcEType#calculateChecksum(byte[], int)#0&quot;, &quot;calculateChecksum := DesCbcMd5EType#calculateChecksum(byte[], int) &amp; DesCbcCrcEType#calculateChecksum(byte[], int)&quot;, &quot;i := DesCbcMd5EType#calculateChecksum(byte[], int)#1 &amp; DesCbcCrcEType#calculateChecksum(byte[], int)#1&quot; }"/>
        </annotation>
    </item>
    <item name='sun.security.krb5.internal.crypto.DesCbcEType byte[] decrypt(byte[], byte[], int)'>
        <annotation name='com.intellij.inspections.tainted.annotation.equation.Equations'>
            <val val="{ &quot;i := DesCbcCrcEType#decrypt(byte[], byte[], int)#2&quot;, &quot;bytes := DesCbcCrcEType#decrypt(byte[], byte[], int)#0&quot;, &quot;decrypt := DesCbcCrcEType#decrypt(byte[], byte[], int)&quot;, &quot;bytes1 := DesCbcCrcEType#decrypt(byte[], byte[], int)#1&quot; }"/>
        </annotation>
    </item>
    <item name='sun.security.krb5.internal.crypto.DesCbcEType byte[] encrypt(byte[], byte[], int)'>
        <annotation name='com.intellij.inspections.tainted.annotation.equation.Equations'>
            <val val="{ &quot;bytes1 := DesCbcCrcEType#encrypt(byte[], byte[], int)#1&quot;, &quot;i := DesCbcCrcEType#encrypt(byte[], byte[], int)#2&quot;, &quot;bytes := DesCbcCrcEType#encrypt(byte[], byte[], int)#0&quot;, &quot;encrypt := DesCbcCrcEType#encrypt(byte[], byte[], int)&quot; }"/>
        </annotation>
    </item>
    <item name='sun.security.krb5.internal.crypto.EType'>
        <annotation name='com.intellij.inspections.tainted.annotation.equation.Equations'>
            <val val="{ &quot;EType := Des3CbcHmacSha1KdEType &amp; ArcFourHmacEType &amp; NullEType &amp; Aes128CtsHmacSha1EType &amp; Aes256CtsHmacSha1EType&quot; }"/>
        </annotation>
    </item>
    <item name='sun.security.krb5.internal.crypto.EType byte[] decrypt(byte[], byte[], byte[], int)'>
        <annotation name='com.intellij.inspections.tainted.annotation.equation.Equations'>
            <val val="{ &quot;i := Des3CbcHmacSha1KdEType#decrypt(byte[], byte[], byte[], int)#3 &amp; ArcFourHmacEType#decrypt(byte[], byte[], byte[], int)#3 &amp; NullEType#decrypt(byte[], byte[], byte[], int)#3 &amp; Aes128CtsHmacSha1EType#decrypt(byte[], byte[], byte[], int)#3 &amp; Aes256CtsHmacSha1EType#decrypt(byte[], byte[], byte[], int)#3 &amp; DesCbcEType#decrypt(byte[], byte[], byte[], int)#3&quot;, &quot;bytes1 := Des3CbcHmacSha1KdEType#decrypt(byte[], byte[], byte[], int)#1 &amp; ArcFourHmacEType#decrypt(byte[], byte[], byte[], int)#1 &amp; NullEType#decrypt(byte[], byte[], byte[], int)#1 &amp; Aes128CtsHmacSha1EType#decrypt(byte[], byte[], byte[], int)#1 &amp; Aes256CtsHmacSha1EType#decrypt(byte[], byte[], byte[], int)#1 &amp; DesCbcEType#decrypt(byte[], byte[], byte[], int)#1&quot;, &quot;bytes2 := Des3CbcHmacSha1KdEType#decrypt(byte[], byte[], byte[], int)#2 &amp; ArcFourHmacEType#decrypt(byte[], byte[], byte[], int)#2 &amp; NullEType#decrypt(byte[], byte[], byte[], int)#2 &amp; Aes128CtsHmacSha1EType#decrypt(byte[], byte[], byte[], int)#2 &amp; Aes256CtsHmacSha1EType#decrypt(byte[], byte[], byte[], int)#2 &amp; DesCbcEType#decrypt(byte[], byte[], byte[], int)#2&quot;, &quot;bytes := Des3CbcHmacSha1KdEType#decrypt(byte[], byte[], byte[], int)#0 &amp; ArcFourHmacEType#decrypt(byte[], byte[], byte[], int)#0 &amp; NullEType#decrypt(byte[], byte[], byte[], int)#0 &amp; Aes128CtsHmacSha1EType#decrypt(byte[], byte[], byte[], int)#0 &amp; Aes256CtsHmacSha1EType#decrypt(byte[], byte[], byte[], int)#0 &amp; DesCbcEType#decrypt(byte[], byte[], byte[], int)#0&quot;, &quot;decrypt := Des3CbcHmacSha1KdEType#decrypt(byte[], byte[], byte[], int) &amp; ArcFourHmacEType#decrypt(byte[], byte[], byte[], int) &amp; NullEType#decrypt(byte[], byte[], byte[], int) &amp; Aes128CtsHmacSha1EType#decrypt(byte[], byte[], byte[], int) &amp; Aes256CtsHmacSha1EType#decrypt(byte[], byte[], byte[], int) &amp; DesCbcEType#decrypt(byte[], byte[], byte[], int)&quot; }"/>
        </annotation>
    </item>
    <item name='sun.security.krb5.internal.crypto.EType byte[] decrypt(byte[], byte[], int)'>
        <annotation name='com.intellij.inspections.tainted.annotation.equation.Equations'>
            <val val="{ &quot;decrypt := Des3CbcHmacSha1KdEType#decrypt(byte[], byte[], int) &amp; ArcFourHmacEType#decrypt(byte[], byte[], int) &amp; NullEType#decrypt(byte[], byte[], int) &amp; Aes128CtsHmacSha1EType#decrypt(byte[], byte[], int) &amp; Aes256CtsHmacSha1EType#decrypt(byte[], byte[], int) &amp; DesCbcEType#decrypt(byte[], byte[], int)&quot;, &quot;bytes := Des3CbcHmacSha1KdEType#decrypt(byte[], byte[], int)#0 &amp; ArcFourHmacEType#decrypt(byte[], byte[], int)#0 &amp; NullEType#decrypt(byte[], byte[], int)#0 &amp; Aes128CtsHmacSha1EType#decrypt(byte[], byte[], int)#0 &amp; Aes256CtsHmacSha1EType#decrypt(byte[], byte[], int)#0 &amp; DesCbcEType#decrypt(byte[], byte[], int)#0&quot;, &quot;i := Des3CbcHmacSha1KdEType#decrypt(byte[], byte[], int)#2 &amp; ArcFourHmacEType#decrypt(byte[], byte[], int)#2 &amp; NullEType#decrypt(byte[], byte[], int)#2 &amp; Aes128CtsHmacSha1EType#decrypt(byte[], byte[], int)#2 &amp; Aes256CtsHmacSha1EType#decrypt(byte[], byte[], int)#2 &amp; DesCbcEType#decrypt(byte[], byte[], int)#2&quot;, &quot;bytes1 := Des3CbcHmacSha1KdEType#decrypt(byte[], byte[], int)#1 &amp; ArcFourHmacEType#decrypt(byte[], byte[], int)#1 &amp; NullEType#decrypt(byte[], byte[], int)#1 &amp; Aes128CtsHmacSha1EType#decrypt(byte[], byte[], int)#1 &amp; Aes256CtsHmacSha1EType#decrypt(byte[], byte[], int)#1 &amp; DesCbcEType#decrypt(byte[], byte[], int)#1&quot; }"/>
        </annotation>
    </item>
    <item name='sun.security.krb5.internal.crypto.EType byte[] decryptedData(byte[])'>
        <annotation name='com.intellij.inspections.tainted.annotation.equation.Equations'>
            <val val="{ &quot;decryptedData := Des3CbcHmacSha1KdEType#decryptedData(byte[]) &amp; ArcFourHmacEType#decryptedData(byte[]) &amp; Aes128CtsHmacSha1EType#decryptedData(byte[]) &amp; Aes256CtsHmacSha1EType#decryptedData(byte[])&quot;, &quot;bytes := Des3CbcHmacSha1KdEType#decryptedData(byte[])#0 &amp; ArcFourHmacEType#decryptedData(byte[])#0 &amp; Aes128CtsHmacSha1EType#decryptedData(byte[])#0 &amp; Aes256CtsHmacSha1EType#decryptedData(byte[])#0&quot; }"/>
        </annotation>
    </item>
    <item name='sun.security.krb5.internal.crypto.EType byte[] encrypt(byte[], byte[], byte[], int)'>
        <annotation name='com.intellij.inspections.tainted.annotation.equation.Equations'>
            <val val="{ &quot;bytes2 := Des3CbcHmacSha1KdEType#encrypt(byte[], byte[], byte[], int)#2 &amp; ArcFourHmacEType#encrypt(byte[], byte[], byte[], int)#2 &amp; NullEType#encrypt(byte[], byte[], byte[], int)#2 &amp; Aes128CtsHmacSha1EType#encrypt(byte[], byte[], byte[], int)#2 &amp; Aes256CtsHmacSha1EType#encrypt(byte[], byte[], byte[], int)#2 &amp; DesCbcEType#encrypt(byte[], byte[], byte[], int)#2&quot;, &quot;i := Des3CbcHmacSha1KdEType#encrypt(byte[], byte[], byte[], int)#3 &amp; ArcFourHmacEType#encrypt(byte[], byte[], byte[], int)#3 &amp; NullEType#encrypt(byte[], byte[], byte[], int)#3 &amp; Aes128CtsHmacSha1EType#encrypt(byte[], byte[], byte[], int)#3 &amp; Aes256CtsHmacSha1EType#encrypt(byte[], byte[], byte[], int)#3 &amp; DesCbcEType#encrypt(byte[], byte[], byte[], int)#3&quot;, &quot;encrypt := Des3CbcHmacSha1KdEType#encrypt(byte[], byte[], byte[], int) &amp; ArcFourHmacEType#encrypt(byte[], byte[], byte[], int) &amp; NullEType#encrypt(byte[], byte[], byte[], int) &amp; Aes128CtsHmacSha1EType#encrypt(byte[], byte[], byte[], int) &amp; Aes256CtsHmacSha1EType#encrypt(byte[], byte[], byte[], int) &amp; DesCbcEType#encrypt(byte[], byte[], byte[], int)&quot;, &quot;bytes := Des3CbcHmacSha1KdEType#encrypt(byte[], byte[], byte[], int)#0 &amp; ArcFourHmacEType#encrypt(byte[], byte[], byte[], int)#0 &amp; NullEType#encrypt(byte[], byte[], byte[], int)#0 &amp; Aes128CtsHmacSha1EType#encrypt(byte[], byte[], byte[], int)#0 &amp; Aes256CtsHmacSha1EType#encrypt(byte[], byte[], byte[], int)#0 &amp; DesCbcEType#encrypt(byte[], byte[], byte[], int)#0&quot;, &quot;bytes1 := Des3CbcHmacSha1KdEType#encrypt(byte[], byte[], byte[], int)#1 &amp; ArcFourHmacEType#encrypt(byte[], byte[], byte[], int)#1 &amp; NullEType#encrypt(byte[], byte[], byte[], int)#1 &amp; Aes128CtsHmacSha1EType#encrypt(byte[], byte[], byte[], int)#1 &amp; Aes256CtsHmacSha1EType#encrypt(byte[], byte[], byte[], int)#1 &amp; DesCbcEType#encrypt(byte[], byte[], byte[], int)#1&quot; }"/>
        </annotation>
    </item>
    <item name='sun.security.krb5.internal.crypto.EType byte[] encrypt(byte[], byte[], int)'>
        <annotation name='com.intellij.inspections.tainted.annotation.equation.Equations'>
            <val val="{ &quot;bytes := Des3CbcHmacSha1KdEType#encrypt(byte[], byte[], int)#0 &amp; ArcFourHmacEType#encrypt(byte[], byte[], int)#0 &amp; NullEType#encrypt(byte[], byte[], int)#0 &amp; Aes128CtsHmacSha1EType#encrypt(byte[], byte[], int)#0 &amp; Aes256CtsHmacSha1EType#encrypt(byte[], byte[], int)#0 &amp; DesCbcEType#encrypt(byte[], byte[], int)#0&quot;, &quot;bytes1 := Des3CbcHmacSha1KdEType#encrypt(byte[], byte[], int)#1 &amp; ArcFourHmacEType#encrypt(byte[], byte[], int)#1 &amp; NullEType#encrypt(byte[], byte[], int)#1 &amp; Aes128CtsHmacSha1EType#encrypt(byte[], byte[], int)#1 &amp; Aes256CtsHmacSha1EType#encrypt(byte[], byte[], int)#1 &amp; DesCbcEType#encrypt(byte[], byte[], int)#1&quot;, &quot;encrypt := Des3CbcHmacSha1KdEType#encrypt(byte[], byte[], int) &amp; ArcFourHmacEType#encrypt(byte[], byte[], int) &amp; NullEType#encrypt(byte[], byte[], int) &amp; Aes128CtsHmacSha1EType#encrypt(byte[], byte[], int) &amp; Aes256CtsHmacSha1EType#encrypt(byte[], byte[], int) &amp; DesCbcEType#encrypt(byte[], byte[], int)&quot;, &quot;i := Des3CbcHmacSha1KdEType#encrypt(byte[], byte[], int)#2 &amp; ArcFourHmacEType#encrypt(byte[], byte[], int)#2 &amp; NullEType#encrypt(byte[], byte[], int)#2 &amp; Aes128CtsHmacSha1EType#encrypt(byte[], byte[], int)#2 &amp; Aes256CtsHmacSha1EType#encrypt(byte[], byte[], int)#2 &amp; DesCbcEType#encrypt(byte[], byte[], int)#2&quot; }"/>
        </annotation>
    </item>
    <item name='sun.security.krb5.internal.crypto.EType int blockSize()'>
        <annotation name='com.intellij.inspections.tainted.annotation.equation.Equations'>
            <val val="{ &quot;blockSize := NullEType#blockSize() &amp; Des3CbcHmacSha1KdEType#blockSize() &amp; Aes128CtsHmacSha1EType#blockSize() &amp; Aes256CtsHmacSha1EType#blockSize() &amp; ArcFourHmacEType#blockSize() &amp; DesCbcEType#blockSize()&quot; }"/>
        </annotation>
    </item>
    <item name='sun.security.krb5.internal.crypto.EType int checksumSize()'>
        <annotation name='com.intellij.inspections.tainted.annotation.equation.Equations'>
            <val val="{ &quot;checksumSize := NullEType#checksumSize() &amp; DesCbcCrcEType#checksumSize() &amp; DesCbcMd5EType#checksumSize() &amp; Des3CbcHmacSha1KdEType#checksumSize() &amp; Aes128CtsHmacSha1EType#checksumSize() &amp; Aes256CtsHmacSha1EType#checksumSize() &amp; ArcFourHmacEType#checksumSize()&quot; }"/>
        </annotation>
    </item>
    <item name='sun.security.krb5.internal.crypto.EType int checksumType()'>
        <annotation name='com.intellij.inspections.tainted.annotation.equation.Equations'>
            <val val="{ &quot;checksumType := NullEType#checksumType() &amp; DesCbcCrcEType#checksumType() &amp; DesCbcMd5EType#checksumType() &amp; Des3CbcHmacSha1KdEType#checksumType() &amp; Aes128CtsHmacSha1EType#checksumType() &amp; Aes256CtsHmacSha1EType#checksumType() &amp; ArcFourHmacEType#checksumType()&quot; }"/>
        </annotation>
    </item>
    <item name='sun.security.krb5.internal.crypto.EType int confounderSize()'>
        <annotation name='com.intellij.inspections.tainted.annotation.equation.Equations'>
            <val val="{ &quot;confounderSize := NullEType#confounderSize() &amp; DesCbcCrcEType#confounderSize() &amp; DesCbcMd5EType#confounderSize() &amp; Aes128CtsHmacSha1EType#confounderSize() &amp; Aes256CtsHmacSha1EType#confounderSize() &amp; ArcFourHmacEType#confounderSize() &amp; Des3CbcHmacSha1KdEType#confounderSize()&quot; }"/>
        </annotation>
    </item>
    <item name='sun.security.krb5.internal.crypto.EType int eType()'>
        <annotation name='com.intellij.inspections.tainted.annotation.equation.Equations'>
            <val val="{ &quot;eType := NullEType#eType() &amp; DesCbcCrcEType#eType() &amp; DesCbcMd5EType#eType() &amp; Des3CbcHmacSha1KdEType#eType() &amp; Aes128CtsHmacSha1EType#eType() &amp; Aes256CtsHmacSha1EType#eType() &amp; ArcFourHmacEType#eType()&quot; }"/>
        </annotation>
    </item>
    <item name='sun.security.krb5.internal.crypto.EType int keySize()'>
        <annotation name='com.intellij.inspections.tainted.annotation.equation.Equations'>
            <val val="{ &quot;keySize := NullEType#keySize() &amp; Des3CbcHmacSha1KdEType#keySize() &amp; Aes256CtsHmacSha1EType#keySize() &amp; Aes128CtsHmacSha1EType#keySize() &amp; ArcFourHmacEType#keySize()&quot; }"/>
        </annotation>
    </item>
    <item name='sun.security.krb5.internal.crypto.EType int keyType()'>
        <annotation name='com.intellij.inspections.tainted.annotation.equation.Equations'>
            <val val="{ &quot;keyType := NullEType#keyType() &amp; Des3CbcHmacSha1KdEType#keyType() &amp; Aes128CtsHmacSha1EType#keyType() &amp; Aes256CtsHmacSha1EType#keyType() &amp; ArcFourHmacEType#keyType()&quot; }"/>
        </annotation>
    </item>
    <item name='sun.security.krb5.internal.crypto.EType int minimumPadSize()'>
        <annotation name='com.intellij.inspections.tainted.annotation.equation.Equations'>
            <val val="{ &quot;minimumPadSize := NullEType#minimumPadSize() &amp; DesCbcCrcEType#minimumPadSize() &amp; DesCbcMd5EType#minimumPadSize() &amp; Des3CbcHmacSha1KdEType#minimumPadSize() &amp; Aes128CtsHmacSha1EType#minimumPadSize() &amp; Aes256CtsHmacSha1EType#minimumPadSize() &amp; ArcFourHmacEType#minimumPadSize()&quot; }"/>
        </annotation>
    </item>
</root>