<root>
    <item name='com.sun.java.swing.plaf.motif.MotifBorders void drawBezel(java.awt.Graphics, int, int, int, int, boolean, boolean, java.awt.Color, java.awt.Color, java.awt.Color, java.awt.Color)'>
        <annotation name='com.intellij.inspections.tainted.annotation.equation.Equations'>
            <val val="{ &quot;shadow := MotifBorders.ToggleButtonBorder &amp; MotifBorders.MenuBarBorder&quot;, &quot;y := MotifBorders.ToggleButtonBorder#paintBorder(java.awt.Component, java.awt.Graphics, int, int, int, int)#3 &amp; MotifBorders.MenuBarBorder#paintBorder(java.awt.Component, java.awt.Graphics, int, int, int, int)#3&quot;, &quot;focus := MotifBorders.ToggleButtonBorder &amp; MotifBorders.MenuBarBorder&quot;, &quot;w := MotifBorders.ToggleButtonBorder#paintBorder(java.awt.Component, java.awt.Graphics, int, int, int, int)#4&quot;, &quot;highlight := MotifBorders.ToggleButtonBorder &amp; MotifBorders.MenuBarBorder&quot;, &quot;h := MotifBorders.ToggleButtonBorder#paintBorder(java.awt.Component, java.awt.Graphics, int, int, int, int)#5&quot;, &quot;g := MotifBorders.ToggleButtonBorder#paintBorder(java.awt.Component, java.awt.Graphics, int, int, int, int)#1 &amp; MotifBorders.MenuBarBorder#paintBorder(java.awt.Component, java.awt.Graphics, int, int, int, int)#1&quot;, &quot;darkShadow := MotifBorders.ToggleButtonBorder &amp; MotifBorders.MenuBarBorder&quot;, &quot;x := MotifBorders.ToggleButtonBorder#paintBorder(java.awt.Component, java.awt.Graphics, int, int, int, int)#2 &amp; MotifBorders.MenuBarBorder#paintBorder(java.awt.Component, java.awt.Graphics, int, int, int, int)#2&quot; }"/>
        </annotation>
    </item>
    <item name='com.sun.java.swing.plaf.motif.MotifBorders.BevelBorder'>
        <annotation name='com.intellij.inspections.tainted.annotation.equation.Equations'>
            <val val="{ &quot;BevelBorder := &quot; }"/>
        </annotation>
    </item>
    <item name='com.sun.java.swing.plaf.motif.MotifBorders.BevelBorder BevelBorder(boolean, java.awt.Color, java.awt.Color)'>
        <annotation name='com.intellij.inspections.tainted.annotation.equation.Equations'>
            <val val="{ &quot;darkShadow := &quot;, &quot;lightShadow := &quot;, &quot;BevelBorder := MotifBorders.BevelBorder&quot; }"/>
        </annotation>
    </item>
    <item name='com.sun.java.swing.plaf.motif.MotifBorders.BevelBorder java.awt.Insets getBorderInsets(java.awt.Component, java.awt.Insets)'>
        <annotation name='com.intellij.inspections.tainted.annotation.equation.Equations'>
            <val val="{ &quot;getBorderInsets := insets&quot; }"/>
        </annotation>
    </item>
    <item name='com.sun.java.swing.plaf.motif.MotifBorders.ButtonBorder'>
        <annotation name='com.intellij.inspections.tainted.annotation.equation.Equations'>
            <val val="{ &quot;ButtonBorder := MotifBorders.ToggleButtonBorder &amp; MotifBorders.MenuBarBorder&quot; }"/>
        </annotation>
    </item>
    <item name='com.sun.java.swing.plaf.motif.MotifBorders.ButtonBorder ButtonBorder(java.awt.Color, java.awt.Color, java.awt.Color, java.awt.Color)'>
        <annotation name='com.intellij.inspections.tainted.annotation.equation.Equations'>
            <val val="{ &quot;focus := MotifBorders.ToggleButtonBorder#ToggleButtonBorder(java.awt.Color, java.awt.Color, java.awt.Color, java.awt.Color)#3 &amp; MotifBorders.MenuBarBorder#MenuBarBorder(java.awt.Color, java.awt.Color, java.awt.Color, java.awt.Color)#3&quot;, &quot;darkShadow := MotifBorders.ToggleButtonBorder#ToggleButtonBorder(java.awt.Color, java.awt.Color, java.awt.Color, java.awt.Color)#2 &amp; MotifBorders.MenuBarBorder#MenuBarBorder(java.awt.Color, java.awt.Color, java.awt.Color, java.awt.Color)#2&quot;, &quot;ButtonBorder := MotifBorders.ButtonBorder&quot;, &quot;shadow := MotifBorders.ToggleButtonBorder#ToggleButtonBorder(java.awt.Color, java.awt.Color, java.awt.Color, java.awt.Color)#0 &amp; MotifBorders.MenuBarBorder#MenuBarBorder(java.awt.Color, java.awt.Color, java.awt.Color, java.awt.Color)#0&quot;, &quot;highlight := MotifBorders.ToggleButtonBorder#ToggleButtonBorder(java.awt.Color, java.awt.Color, java.awt.Color, java.awt.Color)#1 &amp; MotifBorders.MenuBarBorder#MenuBarBorder(java.awt.Color, java.awt.Color, java.awt.Color, java.awt.Color)#1&quot; }"/>
        </annotation>
    </item>
    <item name='com.sun.java.swing.plaf.motif.MotifBorders.ButtonBorder java.awt.Insets getBorderInsets(java.awt.Component, java.awt.Insets)'>
        <annotation name='com.intellij.inspections.tainted.annotation.equation.Equations'>
            <val val="{ &quot;c := MotifBorders.ToggleButtonBorder#getBorderInsets(java.awt.Component, java.awt.Insets)#0 &amp; MotifBorders.MenuBarBorder#getBorderInsets(java.awt.Component, java.awt.Insets)#0&quot;, &quot;insets := MotifBorders.ToggleButtonBorder#getBorderInsets(java.awt.Component, java.awt.Insets)#1 &amp; MotifBorders.MenuBarBorder#getBorderInsets(java.awt.Component, java.awt.Insets)#1&quot;, &quot;getBorderInsets := MotifBorders.ToggleButtonBorder#getBorderInsets(java.awt.Component, java.awt.Insets) &amp; MotifBorders.MenuBarBorder#getBorderInsets(java.awt.Component, java.awt.Insets)&quot; }"/>
        </annotation>
    </item>
    <item name='com.sun.java.swing.plaf.motif.MotifBorders.ButtonBorder void paintBorder(java.awt.Component, java.awt.Graphics, int, int, int, int)'>
        <annotation name='com.intellij.inspections.tainted.annotation.equation.Equations'>
            <val val="{ &quot;h := MotifBorders.ToggleButtonBorder#paintBorder(java.awt.Component, java.awt.Graphics, int, int, int, int)#5 &amp; MotifBorders.MenuBarBorder#paintBorder(java.awt.Component, java.awt.Graphics, int, int, int, int)#5&quot;, &quot;y := MotifBorders.ToggleButtonBorder#paintBorder(java.awt.Component, java.awt.Graphics, int, int, int, int)#3 &amp; MotifBorders.MenuBarBorder#paintBorder(java.awt.Component, java.awt.Graphics, int, int, int, int)#3&quot;, &quot;x := MotifBorders.ToggleButtonBorder#paintBorder(java.awt.Component, java.awt.Graphics, int, int, int, int)#2 &amp; MotifBorders.MenuBarBorder#paintBorder(java.awt.Component, java.awt.Graphics, int, int, int, int)#2&quot;, &quot;c := MotifBorders.ToggleButtonBorder#paintBorder(java.awt.Component, java.awt.Graphics, int, int, int, int)#0 &amp; MotifBorders.MenuBarBorder#paintBorder(java.awt.Component, java.awt.Graphics, int, int, int, int)#0&quot;, &quot;g := MotifBorders.ToggleButtonBorder#paintBorder(java.awt.Component, java.awt.Graphics, int, int, int, int)#1 &amp; MotifBorders.MenuBarBorder#paintBorder(java.awt.Component, java.awt.Graphics, int, int, int, int)#1&quot;, &quot;w := MotifBorders.ToggleButtonBorder#paintBorder(java.awt.Component, java.awt.Graphics, int, int, int, int)#4 &amp; MotifBorders.MenuBarBorder#paintBorder(java.awt.Component, java.awt.Graphics, int, int, int, int)#4&quot; }"/>
        </annotation>
    </item>
    <item name='com.sun.java.swing.plaf.motif.MotifBorders.FocusBorder FocusBorder(java.awt.Color, java.awt.Color)'>
        <annotation name='com.intellij.inspections.tainted.annotation.equation.Equations'>
            <val val="{ &quot;focus := &quot;, &quot;control := &quot;, &quot;FocusBorder := MotifBorders.FocusBorder&quot; }"/>
        </annotation>
    </item>
    <item name='com.sun.java.swing.plaf.motif.MotifBorders.FocusBorder java.awt.Insets getBorderInsets(java.awt.Component, java.awt.Insets)'>
        <annotation name='com.intellij.inspections.tainted.annotation.equation.Equations'>
            <val val="{ &quot;getBorderInsets := insets&quot; }"/>
        </annotation>
    </item>
    <item name='com.sun.java.swing.plaf.motif.MotifBorders.FrameBorder'>
        <annotation name='com.intellij.inspections.tainted.annotation.equation.Equations'>
            <val val="{ &quot;FrameBorder := #setComponent(javax.swing.JComponent)#0 &amp; MotifBorders.InternalFrameBorder&quot; }"/>
        </annotation>
    </item>
    <item name='com.sun.java.swing.plaf.motif.MotifBorders.FrameBorder FrameBorder(javax.swing.JComponent)'>
        <annotation name='com.intellij.inspections.tainted.annotation.equation.Equations'>
            <val val="{ &quot;FrameBorder := MotifBorders.FrameBorder&quot;, &quot;comp := MotifDesktopIconUI &amp; MotifBorders.InternalFrameBorder#InternalFrameBorder(javax.swing.JInternalFrame)#0&quot; }"/>
        </annotation>
    </item>
    <item name='com.sun.java.swing.plaf.motif.MotifBorders.FrameBorder boolean drawBottomBorder(java.awt.Component, java.awt.Graphics, int, int, int, int)'>
        <annotation name='com.intellij.inspections.tainted.annotation.equation.Equations'>
            <val val="{ &quot;g := MotifBorders.InternalFrameBorder#drawBottomBorder(java.awt.Component, java.awt.Graphics, int, int, int, int)#1&quot;, &quot;y := MotifBorders.InternalFrameBorder#drawBottomBorder(java.awt.Component, java.awt.Graphics, int, int, int, int)#3&quot;, &quot;x := MotifBorders.InternalFrameBorder#drawBottomBorder(java.awt.Component, java.awt.Graphics, int, int, int, int)#2&quot;, &quot;height := MotifBorders.InternalFrameBorder#drawBottomBorder(java.awt.Component, java.awt.Graphics, int, int, int, int)#5&quot;, &quot;width := MotifBorders.InternalFrameBorder#drawBottomBorder(java.awt.Component, java.awt.Graphics, int, int, int, int)#4&quot;, &quot;c := MotifBorders.InternalFrameBorder#drawBottomBorder(java.awt.Component, java.awt.Graphics, int, int, int, int)#0&quot; }"/>
        </annotation>
    </item>
    <item name='com.sun.java.swing.plaf.motif.MotifBorders.FrameBorder boolean drawLeftBorder(java.awt.Component, java.awt.Graphics, int, int, int, int)'>
        <annotation name='com.intellij.inspections.tainted.annotation.equation.Equations'>
            <val val="{ &quot;height := MotifBorders.InternalFrameBorder#drawLeftBorder(java.awt.Component, java.awt.Graphics, int, int, int, int)#5&quot;, &quot;x := MotifBorders.InternalFrameBorder#drawLeftBorder(java.awt.Component, java.awt.Graphics, int, int, int, int)#2&quot;, &quot;width := MotifBorders.InternalFrameBorder#drawLeftBorder(java.awt.Component, java.awt.Graphics, int, int, int, int)#4&quot;, &quot;g := MotifBorders.InternalFrameBorder#drawLeftBorder(java.awt.Component, java.awt.Graphics, int, int, int, int)#1&quot;, &quot;y := MotifBorders.InternalFrameBorder#drawLeftBorder(java.awt.Component, java.awt.Graphics, int, int, int, int)#3&quot;, &quot;c := MotifBorders.InternalFrameBorder#drawLeftBorder(java.awt.Component, java.awt.Graphics, int, int, int, int)#0&quot; }"/>
        </annotation>
    </item>
    <item name='com.sun.java.swing.plaf.motif.MotifBorders.FrameBorder boolean drawRightBorder(java.awt.Component, java.awt.Graphics, int, int, int, int)'>
        <annotation name='com.intellij.inspections.tainted.annotation.equation.Equations'>
            <val val="{ &quot;x := #paintBorder(java.awt.Component, java.awt.Graphics, int, int, int, int)#2 &amp; MotifBorders.InternalFrameBorder#drawRightBorder(java.awt.Component, java.awt.Graphics, int, int, int, int)#2&quot;, &quot;y := #paintBorder(java.awt.Component, java.awt.Graphics, int, int, int, int)#3 &amp; MotifBorders.InternalFrameBorder#drawRightBorder(java.awt.Component, java.awt.Graphics, int, int, int, int)#3&quot;, &quot;height := #paintBorder(java.awt.Component, java.awt.Graphics, int, int, int, int)#5 &amp; MotifBorders.InternalFrameBorder#drawRightBorder(java.awt.Component, java.awt.Graphics, int, int, int, int)#5&quot;, &quot;width := #paintBorder(java.awt.Component, java.awt.Graphics, int, int, int, int)#4 &amp; MotifBorders.InternalFrameBorder#drawRightBorder(java.awt.Component, java.awt.Graphics, int, int, int, int)#4&quot;, &quot;g := #paintBorder(java.awt.Component, java.awt.Graphics, int, int, int, int)#1 &amp; MotifBorders.InternalFrameBorder#drawRightBorder(java.awt.Component, java.awt.Graphics, int, int, int, int)#1&quot;, &quot;c := #paintBorder(java.awt.Component, java.awt.Graphics, int, int, int, int)#0 &amp; MotifBorders.InternalFrameBorder#drawRightBorder(java.awt.Component, java.awt.Graphics, int, int, int, int)#0&quot; }"/>
        </annotation>
    </item>
    <item name='com.sun.java.swing.plaf.motif.MotifBorders.FrameBorder boolean drawTopBorder(java.awt.Component, java.awt.Graphics, int, int, int, int)'>
        <annotation name='com.intellij.inspections.tainted.annotation.equation.Equations'>
            <val val="{ &quot;y := MotifBorders.InternalFrameBorder#drawTopBorder(java.awt.Component, java.awt.Graphics, int, int, int, int)#3&quot;, &quot;x := MotifBorders.InternalFrameBorder#drawTopBorder(java.awt.Component, java.awt.Graphics, int, int, int, int)#2&quot;, &quot;width := MotifBorders.InternalFrameBorder#drawTopBorder(java.awt.Component, java.awt.Graphics, int, int, int, int)#4&quot;, &quot;g := MotifBorders.InternalFrameBorder#drawTopBorder(java.awt.Component, java.awt.Graphics, int, int, int, int)#1&quot;, &quot;c := MotifBorders.InternalFrameBorder#drawTopBorder(java.awt.Component, java.awt.Graphics, int, int, int, int)#0&quot;, &quot;height := MotifBorders.InternalFrameBorder#drawTopBorder(java.awt.Component, java.awt.Graphics, int, int, int, int)#5&quot; }"/>
        </annotation>
    </item>
    <item name='com.sun.java.swing.plaf.motif.MotifBorders.FrameBorder java.awt.Color getFrameColor()'>
        <annotation name='com.intellij.inspections.tainted.annotation.equation.Equations'>
            <val val="{ &quot;getFrameColor := MotifBorders.FrameBorder&quot; }"/>
        </annotation>
    </item>
    <item name='com.sun.java.swing.plaf.motif.MotifBorders.FrameBorder java.awt.Color getFrameHighlight()'>
        <annotation name='com.intellij.inspections.tainted.annotation.equation.Equations'>
            <val val="{ &quot;getFrameHighlight := MotifBorders.FrameBorder&quot; }"/>
        </annotation>
    </item>
    <item name='com.sun.java.swing.plaf.motif.MotifBorders.FrameBorder java.awt.Color getFrameShadow()'>
        <annotation name='com.intellij.inspections.tainted.annotation.equation.Equations'>
            <val val="{ &quot;getFrameShadow := MotifBorders.FrameBorder&quot; }"/>
        </annotation>
    </item>
    <item name='com.sun.java.swing.plaf.motif.MotifBorders.FrameBorder java.awt.Insets getBorderInsets(java.awt.Component, java.awt.Insets)'>
        <annotation name='com.intellij.inspections.tainted.annotation.equation.Equations'>
            <val val="{ &quot;getBorderInsets := newInsets&quot; }"/>
        </annotation>
    </item>
    <item name='com.sun.java.swing.plaf.motif.MotifBorders.FrameBorder javax.swing.JComponent component()'>
        <annotation name='com.intellij.inspections.tainted.annotation.equation.Equations'>
            <val val="{ &quot;component := MotifBorders.FrameBorder&quot; }"/>
        </annotation>
    </item>
    <item name='com.sun.java.swing.plaf.motif.MotifBorders.InternalFrameBorder'>
        <annotation name='com.intellij.inspections.tainted.annotation.equation.Equations'>
            <val val="{ &quot;InternalFrameBorder := #setFrame(javax.swing.JInternalFrame)#0&quot; }"/>
        </annotation>
    </item>
    <item name='com.sun.java.swing.plaf.motif.MotifBorders.InternalFrameBorder InternalFrameBorder(javax.swing.JInternalFrame)'>
        <annotation name='com.intellij.inspections.tainted.annotation.equation.Equations'>
            <val val="{ &quot;InternalFrameBorder := MotifBorders.InternalFrameBorder&quot;, &quot;aFrame := MotifInternalFrameUI&quot; }"/>
        </annotation>
    </item>
    <item name='com.sun.java.swing.plaf.motif.MotifBorders.InternalFrameBorder int resizePartWidth()'>
        <annotation name='com.intellij.inspections.tainted.annotation.equation.Equations'>
            <val val="{ &quot;resizePartWidth := MotifBorders.FrameBorder#BORDER_SIZE&quot; }"/>
        </annotation>
    </item>
    <item name='com.sun.java.swing.plaf.motif.MotifBorders.InternalFrameBorder javax.swing.JInternalFrame frame()'>
        <annotation name='com.intellij.inspections.tainted.annotation.equation.Equations'>
            <val val="{ &quot;frame := MotifBorders.InternalFrameBorder&quot; }"/>
        </annotation>
    </item>
    <item name='com.sun.java.swing.plaf.motif.MotifBorders.MenuBarBorder MenuBarBorder(java.awt.Color, java.awt.Color, java.awt.Color, java.awt.Color)'>
        <annotation name='com.intellij.inspections.tainted.annotation.equation.Equations'>
            <val val="{ &quot;MenuBarBorder := MotifBorders.MenuBarBorder&quot;, &quot;shadow := &quot;, &quot;focus := &quot;, &quot;darkShadow := &quot;, &quot;highlight := &quot; }"/>
        </annotation>
    </item>
    <item name='com.sun.java.swing.plaf.motif.MotifBorders.MenuBarBorder java.awt.Insets getBorderInsets(java.awt.Component, java.awt.Insets)'>
        <annotation name='com.intellij.inspections.tainted.annotation.equation.Equations'>
            <val val="{ &quot;getBorderInsets := insets&quot; }"/>
        </annotation>
    </item>
    <item name='com.sun.java.swing.plaf.motif.MotifBorders.MotifPopupMenuBorder MotifPopupMenuBorder(java.awt.Font, java.awt.Color, java.awt.Color, java.awt.Color, java.awt.Color)'>
        <annotation name='com.intellij.inspections.tainted.annotation.equation.Equations'>
            <val val="{ &quot;bgColor := &quot;, &quot;fgColor := &quot;, &quot;highlight := &quot;, &quot;MotifPopupMenuBorder := MotifBorders.MotifPopupMenuBorder&quot;, &quot;titleFont := &quot;, &quot;shadow := &quot; }"/>
        </annotation>
    </item>
    <item name='com.sun.java.swing.plaf.motif.MotifBorders.MotifPopupMenuBorder java.awt.Insets getBorderInsets(java.awt.Component, java.awt.Insets)'>
        <annotation name='com.intellij.inspections.tainted.annotation.equation.Equations'>
            <val val="{ &quot;getBorderInsets := insets&quot; }"/>
        </annotation>
    </item>
    <item name='com.sun.java.swing.plaf.motif.MotifBorders.ToggleButtonBorder ToggleButtonBorder(java.awt.Color, java.awt.Color, java.awt.Color, java.awt.Color)'>
        <annotation name='com.intellij.inspections.tainted.annotation.equation.Equations'>
            <val val="{ &quot;ToggleButtonBorder := MotifBorders.ToggleButtonBorder&quot;, &quot;darkShadow := &quot;, &quot;highlight := &quot;, &quot;focus := &quot;, &quot;shadow := &quot; }"/>
        </annotation>
    </item>
    <item name='com.sun.java.swing.plaf.motif.MotifBorders.ToggleButtonBorder java.awt.Insets getBorderInsets(java.awt.Component, java.awt.Insets)'>
        <annotation name='com.intellij.inspections.tainted.annotation.equation.Equations'>
            <val val="{ &quot;getBorderInsets := insets&quot; }"/>
        </annotation>
    </item>
    <item name='com.sun.java.swing.plaf.motif.MotifButtonListener MotifButtonListener(javax.swing.AbstractButton)'>
        <annotation name='com.intellij.inspections.tainted.annotation.equation.Equations'>
            <val val="{ &quot;MotifButtonListener := MotifButtonListener&quot;, &quot;b := MotifButtonUI#createButtonListener(javax.swing.AbstractButton)#0&quot; }"/>
        </annotation>
    </item>
    <item name='com.sun.java.swing.plaf.motif.MotifButtonUI'>
        <annotation name='com.intellij.inspections.tainted.annotation.equation.Equations'>
            <val val="{ &quot;MotifButtonUI := &quot; }"/>
        </annotation>
    </item>
    <item name='com.sun.java.swing.plaf.motif.MotifButtonUI java.awt.Color getSelectColor()'>
        <annotation name='com.intellij.inspections.tainted.annotation.equation.Equations'>
            <val val="{ &quot;getSelectColor := MotifButtonUI&quot; }"/>
        </annotation>
    </item>
    <item name='com.sun.java.swing.plaf.motif.MotifButtonUI void fillContentArea(java.awt.Graphics, javax.swing.AbstractButton, java.awt.Color)'>
        <annotation name='com.intellij.inspections.tainted.annotation.equation.Equations'>
            <val val="{ &quot;g := #paint(java.awt.Graphics, javax.swing.JComponent)#0 &amp; #paintButtonPressed(java.awt.Graphics, javax.swing.AbstractButton)#0&quot;, &quot;fillColor := MotifButtonUI&quot;, &quot;b := #paint(java.awt.Graphics, javax.swing.JComponent)#1 &amp; #paintButtonPressed(java.awt.Graphics, javax.swing.AbstractButton)#1&quot; }"/>
        </annotation>
    </item>
    <item name='com.sun.java.swing.plaf.motif.MotifCheckBoxMenuItemUI'>
        <annotation name='com.intellij.inspections.tainted.annotation.equation.Equations'>
            <val val="{ &quot;MotifCheckBoxMenuItemUI := &quot; }"/>
        </annotation>
    </item>
    <item name='com.sun.java.swing.plaf.motif.MotifCheckBoxMenuItemUI javax.swing.event.ChangeListener createChangeListener(javax.swing.JComponent)'>
        <annotation name='com.intellij.inspections.tainted.annotation.equation.Equations'>
            <val val="{ &quot;c := MotifCheckBoxMenuItemUI&quot; }"/>
        </annotation>
    </item>
    <item name='com.sun.java.swing.plaf.motif.MotifCheckBoxUI'>
        <annotation name='com.intellij.inspections.tainted.annotation.equation.Equations'>
            <val val="{ &quot;MotifCheckBoxUI := &quot; }"/>
        </annotation>
    </item>
    <item name='com.sun.java.swing.plaf.motif.MotifCheckBoxUI java.lang.String getPropertyPrefix()'>
        <annotation name='com.intellij.inspections.tainted.annotation.equation.Equations'>
            <val val="{ &quot;getPropertyPrefix := #propertyPrefix&quot; }"/>
        </annotation>
    </item>
    <item name='com.sun.java.swing.plaf.motif.MotifComboBoxUI'>
        <annotation name='com.intellij.inspections.tainted.annotation.equation.Equations'>
            <val val="{ &quot;MotifComboBoxUI := &quot; }"/>
        </annotation>
    </item>
    <item name='com.sun.java.swing.plaf.motif.MotifComboBoxUI int iconAreaWidth()'>
        <annotation name='com.intellij.inspections.tainted.annotation.equation.Equations'>
            <val val="{ &quot;iconAreaWidth := #HORIZ_MARGIN&quot; }"/>
        </annotation>
    </item>
    <item name='com.sun.java.swing.plaf.motif.MotifComboBoxUI java.awt.Component motifGetEditor()'>
        <annotation name='com.intellij.inspections.tainted.annotation.equation.Equations'>
            <val val="{ &quot;motifGetEditor := MotifComboBoxUI&quot; }"/>
        </annotation>
    </item>
    <item name='com.sun.java.swing.plaf.motif.MotifComboBoxUI void paintCurrentValue(java.awt.Graphics, java.awt.Rectangle, boolean)'>
        <annotation name='com.intellij.inspections.tainted.annotation.equation.Equations'>
            <val val="{ &quot;bounds := &quot;, &quot;g := #paint(java.awt.Graphics, javax.swing.JComponent)#0&quot; }"/>
        </annotation>
    </item>
    <item name='com.sun.java.swing.plaf.motif.MotifComboBoxUI.ComboBoxLayoutManager ComboBoxLayoutManager()'>
        <annotation name='com.intellij.inspections.tainted.annotation.equation.Equations'>
            <val val="{ &quot;ComboBoxLayoutManager := MotifComboBoxUI.ComboBoxLayoutManager&quot; }"/>
        </annotation>
    </item>
    <item name='com.sun.java.swing.plaf.motif.MotifComboBoxUI.MotifComboBoxArrowIcon MotifComboBoxArrowIcon(java.awt.Color, java.awt.Color, java.awt.Color)'>
        <annotation name='com.intellij.inspections.tainted.annotation.equation.Equations'>
            <val val="{ &quot;darkShadow := &quot;, &quot;fill := &quot;, &quot;MotifComboBoxArrowIcon := MotifComboBoxUI.MotifComboBoxArrowIcon&quot;, &quot;lightShadow := &quot; }"/>
        </annotation>
    </item>
    <item name='com.sun.java.swing.plaf.motif.MotifComboBoxUI.MotifComboPopup MotifComboPopup(javax.swing.JComboBox)'>
        <annotation name='com.intellij.inspections.tainted.annotation.equation.Equations'>
            <val val="{ &quot;comboBox := MotifComboBoxUI&quot;, &quot;MotifComboPopup := MotifComboBoxUI.MotifComboPopup&quot; }"/>
        </annotation>
    </item>
    <item name='com.sun.java.swing.plaf.motif.MotifComboBoxUI.MotifComboPopup java.awt.event.MouseMotionListener createListMouseMotionListener()'>
        <annotation name='com.intellij.inspections.tainted.annotation.equation.Equations'>
            <val val="{ &quot;createListMouseMotionListener := &quot; }"/>
        </annotation>
    </item>
    <item name='com.sun.java.swing.plaf.motif.MotifComboBoxUI.MotifComboPopup.InvocationKeyHandler InvocationKeyHandler()'>
        <annotation name='com.intellij.inspections.tainted.annotation.equation.Equations'>
            <val val="{ &quot;InvocationKeyHandler := MotifComboBoxUI.MotifComboPopup.InvocationKeyHandler&quot; }"/>
        </annotation>
    </item>
    <item name='com.sun.java.swing.plaf.motif.MotifDesktopIconUI'>
        <annotation name='com.intellij.inspections.tainted.annotation.equation.Equations'>
            <val val="{ &quot;MotifDesktopIconUI := #setDesktopIcon(javax.swing.JInternalFrame.JDesktopIcon)#0 &amp; #setFrame(javax.swing.JInternalFrame)#0&quot; }"/>
        </annotation>
    </item>
    <item name='com.sun.java.swing.plaf.motif.MotifDesktopIconUI MotifDesktopIconUI()'>
        <annotation name='com.intellij.inspections.tainted.annotation.equation.Equations'>
            <val val="{ &quot;MotifDesktopIconUI := MotifDesktopIconUI&quot; }"/>
        </annotation>
    </item>
    <item name='com.sun.java.swing.plaf.motif.MotifDesktopIconUI com.sun.java.swing.plaf.motif.MotifDesktopIconUI.IconButton createIconButton(javax.swing.Icon)'>
        <annotation name='com.intellij.inspections.tainted.annotation.equation.Equations'>
            <val val="{ &quot;i := MotifDesktopIconUI&quot; }"/>
        </annotation>
    </item>
    <item name='com.sun.java.swing.plaf.motif.MotifDesktopIconUI com.sun.java.swing.plaf.motif.MotifDesktopIconUI.IconLabel createIconLabel(javax.swing.JInternalFrame)'>
        <annotation name='com.intellij.inspections.tainted.annotation.equation.Equations'>
            <val val="{ &quot;frame := MotifDesktopIconUI&quot; }"/>
        </annotation>
    </item>
    <item name='com.sun.java.swing.plaf.motif.MotifDesktopIconUI java.awt.Dimension getMinimumSize(javax.swing.JComponent)'>
        <annotation name='com.intellij.inspections.tainted.annotation.equation.Equations'>
            <val val="{ &quot;c := #getPreferredSize(javax.swing.JComponent)#0 &amp; #getMaximumSize(javax.swing.JComponent)#0&quot; }"/>
        </annotation>
    </item>
    <item name='com.sun.java.swing.plaf.motif.MotifDesktopIconUI javax.swing.Icon getDefaultIcon()'>
        <annotation name='com.intellij.inspections.tainted.annotation.equation.Equations'>
            <val val="{ &quot;getDefaultIcon := MotifDesktopIconUI&quot; }"/>
        </annotation>
    </item>
    <item name='com.sun.java.swing.plaf.motif.MotifDesktopIconUI javax.swing.JInternalFrame getFrame()'>
        <annotation name='com.intellij.inspections.tainted.annotation.equation.Equations'>
            <val val="{ &quot;getFrame := MotifDesktopIconUI&quot; }"/>
        </annotation>
    </item>
    <item name='com.sun.java.swing.plaf.motif.MotifDesktopIconUI javax.swing.JInternalFrame.JDesktopIcon getDesktopIcon()'>
        <annotation name='com.intellij.inspections.tainted.annotation.equation.Equations'>
            <val val="{ &quot;getDesktopIcon := MotifDesktopIconUI&quot; }"/>
        </annotation>
    </item>
    <item name='com.sun.java.swing.plaf.motif.MotifDesktopIconUI void setDefaultIcon(javax.swing.Icon)'>
        <annotation name='com.intellij.inspections.tainted.annotation.equation.Equations'>
            <val val="{ &quot;newIcon := &quot; }"/>
        </annotation>
    </item>
    <item name='com.sun.java.swing.plaf.motif.MotifDesktopIconUI.IconButton IconButton(javax.swing.Icon)'>
        <annotation name='com.intellij.inspections.tainted.annotation.equation.Equations'>
            <val val="{ &quot;IconButton := MotifDesktopIconUI.IconButton&quot;, &quot;icon := MotifDesktopIconUI#createIconButton(javax.swing.Icon)#0&quot; }"/>
        </annotation>
    </item>
    <item name='com.sun.java.swing.plaf.motif.MotifDesktopIconUI.IconLabel IconLabel(javax.swing.JInternalFrame)'>
        <annotation name='com.intellij.inspections.tainted.annotation.equation.Equations'>
            <val val="{ &quot;IconLabel := MotifDesktopIconUI.IconLabel&quot;, &quot;f := MotifDesktopIconUI#createIconLabel(javax.swing.JInternalFrame)#0&quot; }"/>
        </annotation>
    </item>
    <item name='com.sun.java.swing.plaf.motif.MotifDesktopPaneUI'>
        <annotation name='com.intellij.inspections.tainted.annotation.equation.Equations'>
            <val val="{ &quot;MotifDesktopPaneUI := &quot; }"/>
        </annotation>
    </item>
    <item name='com.sun.java.swing.plaf.motif.MotifDesktopPaneUI MotifDesktopPaneUI()'>
        <annotation name='com.intellij.inspections.tainted.annotation.equation.Equations'>
            <val val="{ &quot;MotifDesktopPaneUI := MotifDesktopPaneUI&quot; }"/>
        </annotation>
    </item>
    <item name='com.sun.java.swing.plaf.motif.MotifDesktopPaneUI.MotifDesktopManager'>
        <annotation name='com.intellij.inspections.tainted.annotation.equation.Equations'>
            <val val="{ &quot;MotifDesktopManager := &quot; }"/>
        </annotation>
    </item>
    <item name='com.sun.java.swing.plaf.motif.MotifDesktopPaneUI.MotifDesktopManager javax.swing.JInternalFrame.JDesktopIcon getIconAt(javax.swing.JDesktopPane, javax.swing.JInternalFrame.JDesktopIcon, int, int)'>
        <annotation name='com.intellij.inspections.tainted.annotation.equation.Equations'>
            <val val="{ &quot;x := #adjustBoundsForIcon(javax.swing.JInternalFrame.JDesktopIcon, int, int)#1 &amp; MotifDesktopPaneUI.MotifDesktopManager&quot;, &quot;y := #adjustBoundsForIcon(javax.swing.JInternalFrame.JDesktopIcon, int, int)#2 &amp; MotifDesktopPaneUI.MotifDesktopManager&quot;, &quot;icon := #adjustBoundsForIcon(javax.swing.JInternalFrame.JDesktopIcon, int, int)#0&quot; }"/>
        </annotation>
    </item>
    <item name='com.sun.java.swing.plaf.motif.MotifDesktopPaneUI.MotifDesktopManager void adjustBoundsForIcon(javax.swing.JInternalFrame.JDesktopIcon, int, int)'>
        <annotation name='com.intellij.inspections.tainted.annotation.equation.Equations'>
            <val val="{ &quot;y := &quot;, &quot;x := &quot;, &quot;icon := #endDraggingFrame(javax.swing.JComponent)#0&quot; }"/>
        </annotation>
    </item>
    <item name='com.sun.java.swing.plaf.motif.MotifDesktopPaneUI.MotifDesktopManager void adjustIcons(javax.swing.JDesktopPane)'>
        <annotation name='com.intellij.inspections.tainted.annotation.equation.Equations'>
            <val val="{ &quot;desktop := MotifDesktopPaneUI&quot; }"/>
        </annotation>
    </item>
    <item name='com.sun.java.swing.plaf.motif.MotifDesktopPaneUI.MotifDesktopManager void setBoundsForFrame(javax.swing.JComponent, int, int, int, int)'>
        <annotation name='com.intellij.inspections.tainted.annotation.equation.Equations'>
            <val val="{ &quot;newHeight := #resizeFrame(javax.swing.JComponent, int, int, int, int)#4 &amp; MotifDesktopPaneUI.MotifDesktopManager&quot;, &quot;newX := #dragFrame(javax.swing.JComponent, int, int)#1 &amp; #resizeFrame(javax.swing.JComponent, int, int, int, int)#1 &amp; #adjustBoundsForIcon(javax.swing.JInternalFrame.JDesktopIcon, int, int)#1 &amp; MotifDesktopPaneUI.MotifDesktopManager&quot;, &quot;newWidth := #resizeFrame(javax.swing.JComponent, int, int, int, int)#3 &amp; MotifDesktopPaneUI.MotifDesktopManager&quot;, &quot;f := #dragFrame(javax.swing.JComponent, int, int)#0 &amp; #endDraggingFrame(javax.swing.JComponent)#0 &amp; #resizeFrame(javax.swing.JComponent, int, int, int, int)#0 &amp; #endResizingFrame(javax.swing.JComponent)#0 &amp; #adjustBoundsForIcon(javax.swing.JInternalFrame.JDesktopIcon, int, int)#0&quot;, &quot;newY := #dragFrame(javax.swing.JComponent, int, int)#2 &amp; #resizeFrame(javax.swing.JComponent, int, int, int, int)#2 &amp; #adjustBoundsForIcon(javax.swing.JInternalFrame.JDesktopIcon, int, int)#2 &amp; MotifDesktopPaneUI.MotifDesktopManager&quot; }"/>
        </annotation>
    </item>
    <item name='com.sun.java.swing.plaf.motif.MotifFileChooserUI'>
        <annotation name='com.intellij.inspections.tainted.annotation.equation.Equations'>
            <val val="{ &quot;MotifFileChooserUI := &quot; }"/>
        </annotation>
    </item>
    <item name='com.sun.java.swing.plaf.motif.MotifFileChooserUI MotifFileChooserUI(javax.swing.JFileChooser)'>
        <annotation name='com.intellij.inspections.tainted.annotation.equation.Equations'>
            <val val="{ &quot;filechooser := #createUI(javax.swing.JComponent)#0&quot;, &quot;MotifFileChooserUI := MotifFileChooserUI&quot; }"/>
        </annotation>
    </item>
    <item name='com.sun.java.swing.plaf.motif.MotifFileChooserUI java.awt.Dimension getPreferredSize(javax.swing.JComponent)'>
        <annotation name='com.intellij.inspections.tainted.annotation.equation.Equations'>
            <val val="{ &quot;getPreferredSize := MotifFileChooserUI&quot; }"/>
        </annotation>
    </item>
    <item name='com.sun.java.swing.plaf.motif.MotifFileChooserUI java.lang.Integer getMnemonic(java.lang.String, java.util.Locale)'>
        <annotation name='com.intellij.inspections.tainted.annotation.equation.Equations'>
            <val val="{ &quot;l := &quot; }"/>
        </annotation>
    </item>
    <item name='com.sun.java.swing.plaf.motif.MotifFileChooserUI java.lang.String fileNameString(java.io.File)'>
        <annotation name='com.intellij.inspections.tainted.annotation.equation.Equations'>
            <val val="{ &quot;file := #fileNameString(java.io.File[])#0&quot; }"/>
        </annotation>
    </item>
    <item name='com.sun.java.swing.plaf.motif.MotifFileChooserUI javax.swing.JButton getApproveButton(javax.swing.JFileChooser)'>
        <annotation name='com.intellij.inspections.tainted.annotation.equation.Equations'>
            <val val="{ &quot;getApproveButton := MotifFileChooserUI&quot; }"/>
        </annotation>
    </item>
    <item name='com.sun.java.swing.plaf.motif.MotifFileChooserUI javax.swing.JPanel getBottomPanel()'>
        <annotation name='com.intellij.inspections.tainted.annotation.equation.Equations'>
            <val val="{ &quot;getBottomPanel := MotifFileChooserUI&quot; }"/>
        </annotation>
    </item>
    <item name='com.sun.java.swing.plaf.motif.MotifFileChooserUI void align(javax.swing.JComponent)'>
        <annotation name='com.intellij.inspections.tainted.annotation.equation.Equations'>
            <val val="{ &quot;c := MotifFileChooserUI&quot; }"/>
        </annotation>
    </item>
    <item name='com.sun.java.swing.plaf.motif.MotifFileChooserUI.DirectoryCellRenderer java.awt.Component getListCellRendererComponent(javax.swing.JList, java.lang.Object, int, boolean, boolean)'>
        <annotation name='com.intellij.inspections.tainted.annotation.equation.Equations'>
            <val val="{ &quot;getListCellRendererComponent := MotifFileChooserUI.DirectoryCellRenderer&quot; }"/>
        </annotation>
    </item>
    <item name='com.sun.java.swing.plaf.motif.MotifFileChooserUI.FileCellRenderer java.awt.Component getListCellRendererComponent(javax.swing.JList, java.lang.Object, int, boolean, boolean)'>
        <annotation name='com.intellij.inspections.tainted.annotation.equation.Equations'>
            <val val="{ &quot;getListCellRendererComponent := MotifFileChooserUI.FileCellRenderer&quot; }"/>
        </annotation>
    </item>
    <item name='com.sun.java.swing.plaf.motif.MotifFileChooserUI.FilterComboBoxModel'>
        <annotation name='com.intellij.inspections.tainted.annotation.equation.Equations'>
            <val val="{ &quot;FilterComboBoxModel := &quot; }"/>
        </annotation>
    </item>
    <item name='com.sun.java.swing.plaf.motif.MotifFileChooserUI.FilterComboBoxModel FilterComboBoxModel()'>
        <annotation name='com.intellij.inspections.tainted.annotation.equation.Equations'>
            <val val="{ &quot;FilterComboBoxModel := MotifFileChooserUI.FilterComboBoxModel&quot; }"/>
        </annotation>
    </item>
    <item name='com.sun.java.swing.plaf.motif.MotifFileChooserUI.FilterComboBoxModel int getSize()'>
        <annotation name='com.intellij.inspections.tainted.annotation.equation.Equations'>
            <val val="{ &quot;getSize := MotifFileChooserUI.FilterComboBoxModel&quot; }"/>
        </annotation>
    </item>
    <item name='com.sun.java.swing.plaf.motif.MotifFileChooserUI.FilterComboBoxModel javax.swing.filechooser.FileFilter getElementAt(int)'>
        <annotation name='com.intellij.inspections.tainted.annotation.equation.Equations'>
            <val val="{ &quot;getElementAt := MotifFileChooserUI.FilterComboBoxModel&quot; }"/>
        </annotation>
    </item>
    <item name='com.sun.java.swing.plaf.motif.MotifFileChooserUI.FilterComboBoxRenderer java.awt.Component getListCellRendererComponent(javax.swing.JList, java.lang.Object, int, boolean, boolean)'>
        <annotation name='com.intellij.inspections.tainted.annotation.equation.Equations'>
            <val val="{ &quot;getListCellRendererComponent := MotifFileChooserUI.FilterComboBoxRenderer&quot; }"/>
        </annotation>
    </item>
    <item name='com.sun.java.swing.plaf.motif.MotifFileChooserUI.MotifDirectoryListModel MotifDirectoryListModel()'>
        <annotation name='com.intellij.inspections.tainted.annotation.equation.Equations'>
            <val val="{ &quot;MotifDirectoryListModel := MotifFileChooserUI.MotifDirectoryListModel&quot; }"/>
        </annotation>
    </item>
    <item name='com.sun.java.swing.plaf.motif.MotifFileChooserUI.MotifFileListModel MotifFileListModel()'>
        <annotation name='com.intellij.inspections.tainted.annotation.equation.Equations'>
            <val val="{ &quot;MotifFileListModel := MotifFileChooserUI.MotifFileListModel&quot; }"/>
        </annotation>
    </item>
    <item name='com.sun.java.swing.plaf.motif.MotifGraphicsUtils boolean isLeftToRight(java.awt.Component)'>
        <annotation name='com.intellij.inspections.tainted.annotation.equation.Equations'>
            <val val="{ &quot;c := MotifScrollPaneUI#installDefaults(javax.swing.JScrollPane)#0 &amp; MotifComboBoxUI &amp; MotifIconFactory.MenuArrowIcon#paintIcon(java.awt.Component, java.awt.Graphics, int, int)#0 &amp; #layoutMenuItem(javax.swing.JComponent, java.awt.FontMetrics, java.lang.String, java.awt.FontMetrics, java.lang.String, javax.swing.Icon, javax.swing.Icon, javax.swing.Icon, int, int, int, int, java.awt.Rectangle, java.awt.Rectangle, java.awt.Rectangle, java.awt.Rectangle, java.awt.Rectangle, java.awt.Rectangle, int, int)#0&quot; }"/>
        </annotation>
    </item>
    <item name='com.sun.java.swing.plaf.motif.MotifGraphicsUtils java.lang.String layoutMenuItem(javax.swing.JComponent, java.awt.FontMetrics, java.lang.String, java.awt.FontMetrics, java.lang.String, javax.swing.Icon, javax.swing.Icon, javax.swing.Icon, int, int, int, int, java.awt.Rectangle, java.awt.Rectangle, java.awt.Rectangle, java.awt.Rectangle, java.awt.Rectangle, java.awt.Rectangle, int, int)'>
        <annotation name='com.intellij.inspections.tainted.annotation.equation.Equations'>
            <val val="{ &quot;textIconGap := #paintMenuItem(java.awt.Graphics, javax.swing.JComponent, javax.swing.Icon, javax.swing.Icon, java.awt.Color, java.awt.Color, int)#6&quot;, &quot;acceleratorR := &quot;, &quot;arrowIconR := &quot;, &quot;horizontalTextPosition := &quot;, &quot;viewR := &quot;, &quot;textR := &quot;, &quot;fm := &quot;, &quot;verticalAlignment := &quot;, &quot;icon := &quot;, &quot;layoutMenuItem := text&quot;, &quot;acceleratorText := &quot;, &quot;checkIcon := #paintMenuItem(java.awt.Graphics, javax.swing.JComponent, javax.swing.Icon, javax.swing.Icon, java.awt.Color, java.awt.Color, int)#2&quot;, &quot;arrowIcon := #paintMenuItem(java.awt.Graphics, javax.swing.JComponent, javax.swing.Icon, javax.swing.Icon, java.awt.Color, java.awt.Color, int)#3&quot;, &quot;c := #paintMenuItem(java.awt.Graphics, javax.swing.JComponent, javax.swing.Icon, javax.swing.Icon, java.awt.Color, java.awt.Color, int)#1&quot;, &quot;checkIconR := &quot;, &quot;menuItemGap := #paintMenuItem(java.awt.Graphics, javax.swing.JComponent, javax.swing.Icon, javax.swing.Icon, java.awt.Color, java.awt.Color, int)#6&quot;, &quot;verticalTextPosition := &quot;, &quot;horizontalAlignment := &quot;, &quot;fmAccel := &quot;, &quot;text := &quot;, &quot;iconR := &quot; }"/>
        </annotation>
    </item>
    <item name='com.sun.java.swing.plaf.motif.MotifGraphicsUtils void drawGroove(java.awt.Graphics, int, int, int, int, java.awt.Color, java.awt.Color)'>
        <annotation name='com.intellij.inspections.tainted.annotation.equation.Equations'>
            <val val="{ &quot;g := MotifBorders.MotifPopupMenuBorder#paintBorder(java.awt.Component, java.awt.Graphics, int, int, int, int)#1&quot;, &quot;highlight := MotifBorders.MotifPopupMenuBorder&quot;, &quot;shadow := MotifBorders.MotifPopupMenuBorder&quot;, &quot;y := MotifBorders.MotifPopupMenuBorder#TEXT_SPACING&quot;, &quot;h := MotifBorders.MotifPopupMenuBorder#GROOVE_HEIGHT&quot;, &quot;x := MotifBorders.MotifPopupMenuBorder#paintBorder(java.awt.Component, java.awt.Graphics, int, int, int, int)#2&quot;, &quot;w := MotifBorders.MotifPopupMenuBorder#paintBorder(java.awt.Component, java.awt.Graphics, int, int, int, int)#4&quot; }"/>
        </annotation>
    </item>
    <item name='com.sun.java.swing.plaf.motif.MotifGraphicsUtils void drawStringInRect(javax.swing.JComponent, java.awt.Graphics, java.lang.String, int, int, int, int, int)'>
        <annotation name='com.intellij.inspections.tainted.annotation.equation.Equations'>
            <val val="{ &quot;justification := javax.swing.SwingConstants#CENTER &amp; #drawStringInRect(java.awt.Graphics, java.lang.String, int, int, int, int, int)#6&quot;, &quot;x := #drawStringInRect(java.awt.Graphics, java.lang.String, int, int, int, int, int)#2&quot;, &quot;y := #drawStringInRect(java.awt.Graphics, java.lang.String, int, int, int, int, int)#3&quot;, &quot;g := MotifInternalFrameTitlePane.Title#paintComponent(java.awt.Graphics)#0 &amp; #drawStringInRect(java.awt.Graphics, java.lang.String, int, int, int, int, int)#0&quot;, &quot;height := #drawStringInRect(java.awt.Graphics, java.lang.String, int, int, int, int, int)#5&quot;, &quot;c := MotifInternalFrameTitlePane.Title&quot;, &quot;aString := #drawStringInRect(java.awt.Graphics, java.lang.String, int, int, int, int, int)#1&quot;, &quot;width := #drawStringInRect(java.awt.Graphics, java.lang.String, int, int, int, int, int)#4&quot; }"/>
        </annotation>
    </item>
    <item name='com.sun.java.swing.plaf.motif.MotifIconFactory javax.swing.Icon getCheckBoxIcon()'>
        <annotation name='com.intellij.inspections.tainted.annotation.equation.Equations'>
            <val val="{ &quot;getCheckBoxIcon := MotifIconFactory&quot; }"/>
        </annotation>
    </item>
    <item name='com.sun.java.swing.plaf.motif.MotifIconFactory javax.swing.Icon getMenuArrowIcon()'>
        <annotation name='com.intellij.inspections.tainted.annotation.equation.Equations'>
            <val val="{ &quot;getMenuArrowIcon := MotifIconFactory&quot; }"/>
        </annotation>
    </item>
    <item name='com.sun.java.swing.plaf.motif.MotifIconFactory javax.swing.Icon getMenuItemArrowIcon()'>
        <annotation name='com.intellij.inspections.tainted.annotation.equation.Equations'>
            <val val="{ &quot;getMenuItemArrowIcon := MotifIconFactory&quot; }"/>
        </annotation>
    </item>
    <item name='com.sun.java.swing.plaf.motif.MotifIconFactory javax.swing.Icon getRadioButtonIcon()'>
        <annotation name='com.intellij.inspections.tainted.annotation.equation.Equations'>
            <val val="{ &quot;getRadioButtonIcon := MotifIconFactory&quot; }"/>
        </annotation>
    </item>
    <item name='com.sun.java.swing.plaf.motif.MotifIconFactory.CheckBoxIcon'>
        <annotation name='com.intellij.inspections.tainted.annotation.equation.Equations'>
            <val val="{ &quot;CheckBoxIcon := &quot; }"/>
        </annotation>
    </item>
    <item name='com.sun.java.swing.plaf.motif.MotifIconFactory.CheckBoxIcon int getIconHeight()'>
        <annotation name='com.intellij.inspections.tainted.annotation.equation.Equations'>
            <val val="{ &quot;getIconHeight := #csize&quot; }"/>
        </annotation>
    </item>
    <item name='com.sun.java.swing.plaf.motif.MotifIconFactory.CheckBoxIcon int getIconWidth()'>
        <annotation name='com.intellij.inspections.tainted.annotation.equation.Equations'>
            <val val="{ &quot;getIconWidth := #csize&quot; }"/>
        </annotation>
    </item>
    <item name='com.sun.java.swing.plaf.motif.MotifIconFactory.CheckBoxIcon void drawCheckBezel(java.awt.Graphics, int, int, int, boolean, boolean, boolean, boolean)'>
        <annotation name='com.intellij.inspections.tainted.annotation.equation.Equations'>
            <val val="{ &quot;x := #paintIcon(java.awt.Component, java.awt.Graphics, int, int)#2&quot;, &quot;y := #paintIcon(java.awt.Component, java.awt.Graphics, int, int)#3&quot;, &quot;csize := #csize&quot;, &quot;g := #paintIcon(java.awt.Component, java.awt.Graphics, int, int)#1&quot; }"/>
        </annotation>
    </item>
    <item name='com.sun.java.swing.plaf.motif.MotifIconFactory.CheckBoxIcon void drawCheckBezelOut(java.awt.Graphics, int, int, int)'>
        <annotation name='com.intellij.inspections.tainted.annotation.equation.Equations'>
            <val val="{ &quot;x := #paintIcon(java.awt.Component, java.awt.Graphics, int, int)#2&quot;, &quot;csize := #csize&quot;, &quot;y := #paintIcon(java.awt.Component, java.awt.Graphics, int, int)#3&quot;, &quot;g := #paintIcon(java.awt.Component, java.awt.Graphics, int, int)#1&quot; }"/>
        </annotation>
    </item>
    <item name='com.sun.java.swing.plaf.motif.MotifIconFactory.MenuArrowIcon'>
        <annotation name='com.intellij.inspections.tainted.annotation.equation.Equations'>
            <val val="{ &quot;MenuArrowIcon := &quot; }"/>
        </annotation>
    </item>
    <item name='com.sun.java.swing.plaf.motif.MotifIconFactory.RadioButtonIcon'>
        <annotation name='com.intellij.inspections.tainted.annotation.equation.Equations'>
            <val val="{ &quot;RadioButtonIcon := &quot; }"/>
        </annotation>
    </item>
    <item name='com.sun.java.swing.plaf.motif.MotifInternalFrameTitlePane'>
        <annotation name='com.intellij.inspections.tainted.annotation.equation.Equations'>
            <val val="{ &quot;MotifInternalFrameTitlePane := &quot; }"/>
        </annotation>
    </item>
    <item name='com.sun.java.swing.plaf.motif.MotifInternalFrameTitlePane MotifInternalFrameTitlePane(javax.swing.JInternalFrame)'>
        <annotation name='com.intellij.inspections.tainted.annotation.equation.Equations'>
            <val val="{ &quot;frame := MotifDesktopIconUI &amp; MotifInternalFrameUI#createNorthPane(javax.swing.JInternalFrame)#0&quot;, &quot;MotifInternalFrameTitlePane := MotifInternalFrameTitlePane&quot; }"/>
        </annotation>
    </item>
    <item name='com.sun.java.swing.plaf.motif.MotifInternalFrameTitlePane java.awt.Dimension minimumLayoutSize(java.awt.Container)'>
        <annotation name='com.intellij.inspections.tainted.annotation.equation.Equations'>
            <val val="{ &quot;c := #preferredLayoutSize(java.awt.Container)#0&quot; }"/>
        </annotation>
    </item>
    <item name='com.sun.java.swing.plaf.motif.MotifInternalFrameTitlePane java.awt.LayoutManager createLayout()'>
        <annotation name='com.intellij.inspections.tainted.annotation.equation.Equations'>
            <val val="{ &quot;createLayout := MotifInternalFrameTitlePane&quot; }"/>
        </annotation>
    </item>
    <item name='com.sun.java.swing.plaf.motif.MotifInternalFrameTitlePane java.beans.PropertyChangeListener createPropertyChangeListener()'>
        <annotation name='com.intellij.inspections.tainted.annotation.equation.Equations'>
            <val val="{ &quot;createPropertyChangeListener := MotifInternalFrameTitlePane&quot; }"/>
        </annotation>
    </item>
    <item name='com.sun.java.swing.plaf.motif.MotifInternalFrameTitlePane javax.swing.JPopupMenu getSystemMenu()'>
        <annotation name='com.intellij.inspections.tainted.annotation.equation.Equations'>
            <val val="{ &quot;getSystemMenu := MotifInternalFrameTitlePane&quot; }"/>
        </annotation>
    </item>
    <item name='com.sun.java.swing.plaf.motif.MotifInternalFrameTitlePane void setColors(java.awt.Color, java.awt.Color, java.awt.Color)'>
        <annotation name='com.intellij.inspections.tainted.annotation.equation.Equations'>
            <val val="{ &quot;s := MotifInternalFrameUI&quot;, &quot;h := MotifInternalFrameUI&quot;, &quot;c := MotifInternalFrameUI&quot; }"/>
        </annotation>
    </item>
    <item name='com.sun.java.swing.plaf.motif.MotifInternalFrameTitlePane.FrameButton'>
        <annotation name='com.intellij.inspections.tainted.annotation.equation.Equations'>
            <val val="{ &quot;FrameButton := MotifInternalFrameTitlePane.MinimizeButton &amp; MotifInternalFrameTitlePane.MaximizeButton &amp; MotifInternalFrameTitlePane.SystemButton &amp; MotifInternalFrameTitlePane.Title&quot; }"/>
        </annotation>
    </item>
    <item name='com.sun.java.swing.plaf.motif.MotifInternalFrameTitlePane.FrameButton FrameButton()'>
        <annotation name='com.intellij.inspections.tainted.annotation.equation.Equations'>
            <val val="{ &quot;FrameButton := MotifInternalFrameTitlePane.FrameButton&quot; }"/>
        </annotation>
    </item>
    <item name='com.sun.java.swing.plaf.motif.MotifInternalFrameTitlePane.FrameButton java.awt.Dimension getMinimumSize()'>
        <annotation name='com.intellij.inspections.tainted.annotation.equation.Equations'>
            <val val="{ &quot;getMinimumSize := MotifInternalFrameTitlePane.FrameButton&quot; }"/>
        </annotation>
    </item>
    <item name='com.sun.java.swing.plaf.motif.MotifInternalFrameTitlePane.FrameButton java.awt.Dimension getPreferredSize()'>
        <annotation name='com.intellij.inspections.tainted.annotation.equation.Equations'>
            <val val="{ &quot;getPreferredSize := MotifInternalFrameTitlePane.FrameButton&quot; }"/>
        </annotation>
    </item>
    <item name='com.sun.java.swing.plaf.motif.MotifInternalFrameTitlePane.FrameButton void paintComponent(java.awt.Graphics)'>
        <annotation name='com.intellij.inspections.tainted.annotation.equation.Equations'>
            <val val="{ &quot;g := MotifInternalFrameTitlePane.MinimizeButton#paintComponent(java.awt.Graphics)#0 &amp; MotifInternalFrameTitlePane.MaximizeButton#paintComponent(java.awt.Graphics)#0 &amp; MotifInternalFrameTitlePane.SystemButton#paintComponent(java.awt.Graphics)#0 &amp; MotifInternalFrameTitlePane.Title#paintComponent(java.awt.Graphics)#0&quot; }"/>
        </annotation>
    </item>
    <item name='com.sun.java.swing.plaf.motif.MotifInternalFrameTitlePane.Title Title(java.lang.String)'>
        <annotation name='com.intellij.inspections.tainted.annotation.equation.Equations'>
            <val val="{ &quot;Title := MotifInternalFrameTitlePane.Title&quot;, &quot;title := &quot; }"/>
        </annotation>
    </item>
    <item name='com.sun.java.swing.plaf.motif.MotifInternalFrameUI'>
        <annotation name='com.intellij.inspections.tainted.annotation.equation.Equations'>
            <val val="{ &quot;MotifInternalFrameUI := &quot; }"/>
        </annotation>
    </item>
    <item name='com.sun.java.swing.plaf.motif.MotifInternalFrameUI MotifInternalFrameUI(javax.swing.JInternalFrame)'>
        <annotation name='com.intellij.inspections.tainted.annotation.equation.Equations'>
            <val val="{ &quot;w := #createUI(javax.swing.JComponent)#0&quot;, &quot;MotifInternalFrameUI := MotifInternalFrameUI&quot; }"/>
        </annotation>
    </item>
    <item name='com.sun.java.swing.plaf.motif.MotifInternalFrameUI javax.swing.JComponent createNorthPane(javax.swing.JInternalFrame)'>
        <annotation name='com.intellij.inspections.tainted.annotation.equation.Equations'>
            <val val="{ &quot;createNorthPane := MotifInternalFrameUI&quot; }"/>
        </annotation>
    </item>
    <item name='com.sun.java.swing.plaf.motif.MotifInternalFrameUI javax.swing.JInternalFrame getFrame()'>
        <annotation name='com.intellij.inspections.tainted.annotation.equation.Equations'>
            <val val="{ &quot;getFrame := MotifInternalFrameUI&quot; }"/>
        </annotation>
    </item>
    <item name='com.sun.java.swing.plaf.motif.MotifInternalFrameUI void setColors(javax.swing.JInternalFrame)'>
        <annotation name='com.intellij.inspections.tainted.annotation.equation.Equations'>
            <val val="{ &quot;frame := #installUI(javax.swing.JComponent)#0 &amp; #activateFrame(javax.swing.JInternalFrame)#0 &amp; #deactivateFrame(javax.swing.JInternalFrame)#0&quot; }"/>
        </annotation>
    </item>
    <item name='com.sun.java.swing.plaf.motif.MotifLookAndFeel void initResourceBundle(javax.swing.UIDefaults)'>
        <annotation name='com.intellij.inspections.tainted.annotation.equation.Equations'>
            <val val="{ &quot;table := #initComponentDefaults(javax.swing.UIDefaults)#0&quot; }"/>
        </annotation>
    </item>
    <item name='com.sun.java.swing.plaf.motif.MotifMenuItemUI'>
        <annotation name='com.intellij.inspections.tainted.annotation.equation.Equations'>
            <val val="{ &quot;MotifMenuItemUI := &quot; }"/>
        </annotation>
    </item>
    <item name='com.sun.java.swing.plaf.motif.MotifMenuItemUI javax.swing.event.ChangeListener createChangeListener(javax.swing.JComponent)'>
        <annotation name='com.intellij.inspections.tainted.annotation.equation.Equations'>
            <val val="{ &quot;c := MotifMenuItemUI&quot; }"/>
        </annotation>
    </item>
    <item name='com.sun.java.swing.plaf.motif.MotifMenuUI.MotifChangeHandler MotifChangeHandler(javax.swing.JMenu, com.sun.java.swing.plaf.motif.MotifMenuUI)'>
        <annotation name='com.intellij.inspections.tainted.annotation.equation.Equations'>
            <val val="{ &quot;m := MotifMenuUI#createChangeListener(javax.swing.JComponent)#0&quot;, &quot;MotifChangeHandler := MotifMenuUI.MotifChangeHandler&quot;, &quot;ui := MotifMenuUI&quot; }"/>
        </annotation>
    </item>
    <item name='com.sun.java.swing.plaf.motif.MotifRadioButtonMenuItemUI'>
        <annotation name='com.intellij.inspections.tainted.annotation.equation.Equations'>
            <val val="{ &quot;MotifRadioButtonMenuItemUI := &quot; }"/>
        </annotation>
    </item>
    <item name='com.sun.java.swing.plaf.motif.MotifRadioButtonMenuItemUI javax.swing.event.ChangeListener createChangeListener(javax.swing.JComponent)'>
        <annotation name='com.intellij.inspections.tainted.annotation.equation.Equations'>
            <val val="{ &quot;c := MotifRadioButtonMenuItemUI&quot; }"/>
        </annotation>
    </item>
    <item name='com.sun.java.swing.plaf.motif.MotifRadioButtonUI'>
        <annotation name='com.intellij.inspections.tainted.annotation.equation.Equations'>
            <val val="{ &quot;MotifRadioButtonUI := MotifCheckBoxUI&quot; }"/>
        </annotation>
    </item>
    <item name='com.sun.java.swing.plaf.motif.MotifRadioButtonUI java.awt.Color getFocusColor()'>
        <annotation name='com.intellij.inspections.tainted.annotation.equation.Equations'>
            <val val="{ &quot;getFocusColor := MotifRadioButtonUI&quot; }"/>
        </annotation>
    </item>
    <item name='com.sun.java.swing.plaf.motif.MotifRadioButtonUI void installDefaults(javax.swing.AbstractButton)'>
        <annotation name='com.intellij.inspections.tainted.annotation.equation.Equations'>
            <val val="{ &quot;b := MotifCheckBoxUI#installDefaults(javax.swing.AbstractButton)#0&quot; }"/>
        </annotation>
    </item>
    <item name='com.sun.java.swing.plaf.motif.MotifRadioButtonUI void uninstallDefaults(javax.swing.AbstractButton)'>
        <annotation name='com.intellij.inspections.tainted.annotation.equation.Equations'>
            <val val="{ &quot;b := MotifCheckBoxUI#uninstallDefaults(javax.swing.AbstractButton)#0&quot; }"/>
        </annotation>
    </item>
    <item name='com.sun.java.swing.plaf.motif.MotifScrollBarButton'>
        <annotation name='com.intellij.inspections.tainted.annotation.equation.Equations'>
            <val val="{ &quot;MotifScrollBarButton := &quot; }"/>
        </annotation>
    </item>
    <item name='com.sun.java.swing.plaf.motif.MotifScrollBarButton MotifScrollBarButton(int)'>
        <annotation name='com.intellij.inspections.tainted.annotation.equation.Equations'>
            <val val="{ &quot;MotifScrollBarButton := MotifScrollBarButton&quot;, &quot;direction := MotifScrollBarUI#createDecreaseButton(int)#0 &amp; MotifScrollBarUI#createIncreaseButton(int)#0&quot; }"/>
        </annotation>
    </item>
    <item name='com.sun.java.swing.plaf.motif.MotifScrollPaneUI'>
        <annotation name='com.intellij.inspections.tainted.annotation.equation.Equations'>
            <val val="{ &quot;MotifScrollPaneUI := &quot; }"/>
        </annotation>
    </item>
    <item name='com.sun.java.swing.plaf.motif.MotifScrollPaneUI java.beans.PropertyChangeListener createPropertyChangeHandler()'>
        <annotation name='com.intellij.inspections.tainted.annotation.equation.Equations'>
            <val val="{ &quot;createPropertyChangeHandler := MotifScrollPaneUI&quot; }"/>
        </annotation>
    </item>
    <item name='com.sun.java.swing.plaf.motif.MotifSliderUI MotifSliderUI(javax.swing.JSlider)'>
        <annotation name='com.intellij.inspections.tainted.annotation.equation.Equations'>
            <val val="{ &quot;MotifSliderUI := MotifSliderUI&quot;, &quot;b := #createUI(javax.swing.JComponent)#0&quot; }"/>
        </annotation>
    </item>
    <item name='com.sun.java.swing.plaf.motif.MotifSliderUI java.awt.Dimension getMinimumHorizontalSize()'>
        <annotation name='com.intellij.inspections.tainted.annotation.equation.Equations'>
            <val val="{ &quot;getMinimumHorizontalSize := #MINIMUM_HORIZONTAL_SIZE&quot; }"/>
        </annotation>
    </item>
    <item name='com.sun.java.swing.plaf.motif.MotifSliderUI java.awt.Dimension getMinimumVerticalSize()'>
        <annotation name='com.intellij.inspections.tainted.annotation.equation.Equations'>
            <val val="{ &quot;getMinimumVerticalSize := #MINIMUM_VERTICAL_SIZE&quot; }"/>
        </annotation>
    </item>
    <item name='com.sun.java.swing.plaf.motif.MotifSliderUI java.awt.Dimension getPreferredHorizontalSize()'>
        <annotation name='com.intellij.inspections.tainted.annotation.equation.Equations'>
            <val val="{ &quot;getPreferredHorizontalSize := #PREFERRED_HORIZONTAL_SIZE&quot; }"/>
        </annotation>
    </item>
    <item name='com.sun.java.swing.plaf.motif.MotifSliderUI java.awt.Dimension getPreferredVerticalSize()'>
        <annotation name='com.intellij.inspections.tainted.annotation.equation.Equations'>
            <val val="{ &quot;getPreferredVerticalSize := #PREFERRED_VERTICAL_SIZE&quot; }"/>
        </annotation>
    </item>
    <item name='com.sun.java.swing.plaf.motif.MotifSplitPaneDivider'>
        <annotation name='com.intellij.inspections.tainted.annotation.equation.Equations'>
            <val val="{ &quot;MotifSplitPaneDivider := #setBasicSplitPaneUI(javax.swing.plaf.basic.BasicSplitPaneUI)#0&quot; }"/>
        </annotation>
    </item>
    <item name='com.sun.java.swing.plaf.motif.MotifSplitPaneDivider MotifSplitPaneDivider(javax.swing.plaf.basic.BasicSplitPaneUI)'>
        <annotation name='com.intellij.inspections.tainted.annotation.equation.Equations'>
            <val val="{ &quot;MotifSplitPaneDivider := MotifSplitPaneDivider&quot;, &quot;ui := MotifSplitPaneUI&quot; }"/>
        </annotation>
    </item>
    <item name='com.sun.java.swing.plaf.motif.MotifSplitPaneDivider boolean isInThumb(int, int)'>
        <annotation name='com.intellij.inspections.tainted.annotation.equation.Equations'>
            <val val="{ &quot;y := &quot;, &quot;x := &quot; }"/>
        </annotation>
    </item>
    <item name='com.sun.java.swing.plaf.motif.MotifSplitPaneDivider javax.swing.JSplitPane getSplitPane()'>
        <annotation name='com.intellij.inspections.tainted.annotation.equation.Equations'>
            <val val="{ &quot;getSplitPane := MotifSplitPaneDivider&quot; }"/>
        </annotation>
    </item>
    <item name='com.sun.java.swing.plaf.motif.MotifSplitPaneDivider javax.swing.plaf.basic.BasicSplitPaneDivider.DragController getDragger()'>
        <annotation name='com.intellij.inspections.tainted.annotation.equation.Equations'>
            <val val="{ &quot;getDragger := MotifSplitPaneDivider&quot; }"/>
        </annotation>
    </item>
    <item name='com.sun.java.swing.plaf.motif.MotifSplitPaneDivider void setDividerSize(int)'>
        <annotation name='com.intellij.inspections.tainted.annotation.equation.Equations'>
            <val val="{ &quot;newSize := MotifSplitPaneDivider &amp; #pad&quot; }"/>
        </annotation>
    </item>
    <item name='com.sun.java.swing.plaf.motif.MotifSplitPaneUI MotifSplitPaneUI()'>
        <annotation name='com.intellij.inspections.tainted.annotation.equation.Equations'>
            <val val="{ &quot;MotifSplitPaneUI := MotifSplitPaneUI&quot; }"/>
        </annotation>
    </item>
    <item name='com.sun.java.swing.plaf.motif.MotifTabbedPaneUI'>
        <annotation name='com.intellij.inspections.tainted.annotation.equation.Equations'>
            <val val="{ &quot;MotifTabbedPaneUI := &quot; }"/>
        </annotation>
    </item>
    <item name='com.sun.java.swing.plaf.motif.MotifTabbedPaneUI int getTabRunIndent(int, int)'>
        <annotation name='com.intellij.inspections.tainted.annotation.equation.Equations'>
            <val val="{ &quot;getTabRunIndent := run&quot; }"/>
        </annotation>
    </item>
    <item name='com.sun.java.swing.plaf.motif.MotifTabbedPaneUI int getTabRunOverlay(int)'>
        <annotation name='com.intellij.inspections.tainted.annotation.equation.Equations'>
            <val val="{ &quot;getTabRunOverlay := MotifTabbedPaneUI&quot; }"/>
        </annotation>
    </item>
    <item name='com.sun.java.swing.plaf.motif.MotifTextUI.MotifCaret'>
        <annotation name='com.intellij.inspections.tainted.annotation.equation.Equations'>
            <val val="{ &quot;MotifCaret := #IBeamOverhang&quot; }"/>
        </annotation>
    </item>
    <item name='com.sun.java.swing.plaf.motif.MotifToggleButtonUI'>
        <annotation name='com.intellij.inspections.tainted.annotation.equation.Equations'>
            <val val="{ &quot;MotifToggleButtonUI := &quot; }"/>
        </annotation>
    </item>
    <item name='com.sun.java.swing.plaf.motif.MotifToggleButtonUI java.awt.Color getSelectColor()'>
        <annotation name='com.intellij.inspections.tainted.annotation.equation.Equations'>
            <val val="{ &quot;getSelectColor := MotifToggleButtonUI&quot; }"/>
        </annotation>
    </item>
    <item name='com.sun.java.swing.plaf.motif.MotifTreeCellRenderer MotifTreeCellRenderer()'>
        <annotation name='com.intellij.inspections.tainted.annotation.equation.Equations'>
            <val val="{ &quot;MotifTreeCellRenderer := MotifTreeCellRenderer&quot; }"/>
        </annotation>
    </item>
    <item name='com.sun.java.swing.plaf.motif.MotifTreeCellRenderer javax.swing.Icon loadLeafIcon()'>
        <annotation name='com.intellij.inspections.tainted.annotation.equation.Equations'>
            <val val="{ &quot;loadLeafIcon := #LEAF_ICON&quot; }"/>
        </annotation>
    </item>
    <item name='com.sun.java.swing.plaf.motif.MotifTreeCellRenderer.TreeLeafIcon TreeLeafIcon()'>
        <annotation name='com.intellij.inspections.tainted.annotation.equation.Equations'>
            <val val="{ &quot;TreeLeafIcon := MotifTreeCellRenderer.TreeLeafIcon&quot; }"/>
        </annotation>
    </item>
    <item name='com.sun.java.swing.plaf.motif.MotifTreeCellRenderer.TreeLeafIcon int getIconHeight()'>
        <annotation name='com.intellij.inspections.tainted.annotation.equation.Equations'>
            <val val="{ &quot;getIconHeight := MotifTreeCellRenderer#LEAF_SIZE&quot; }"/>
        </annotation>
    </item>
    <item name='com.sun.java.swing.plaf.motif.MotifTreeCellRenderer.TreeLeafIcon int getIconWidth()'>
        <annotation name='com.intellij.inspections.tainted.annotation.equation.Equations'>
            <val val="{ &quot;getIconWidth := MotifTreeCellRenderer#LEAF_SIZE&quot; }"/>
        </annotation>
    </item>
    <item name='com.sun.java.swing.plaf.motif.MotifTreeUI MotifTreeUI()'>
        <annotation name='com.intellij.inspections.tainted.annotation.equation.Equations'>
            <val val="{ &quot;MotifTreeUI := MotifTreeUI&quot; }"/>
        </annotation>
    </item>
    <item name='com.sun.java.swing.plaf.motif.MotifTreeUI.MotifExpandedIcon'>
        <annotation name='com.intellij.inspections.tainted.annotation.equation.Equations'>
            <val val="{ &quot;MotifExpandedIcon := MotifTreeUI.MotifCollapsedIcon&quot; }"/>
        </annotation>
    </item>
    <item name='com.sun.java.swing.plaf.motif.MotifTreeUI.MotifExpandedIcon MotifExpandedIcon()'>
        <annotation name='com.intellij.inspections.tainted.annotation.equation.Equations'>
            <val val="{ &quot;MotifExpandedIcon := MotifTreeUI.MotifExpandedIcon&quot; }"/>
        </annotation>
    </item>
    <item name='com.sun.java.swing.plaf.motif.MotifTreeUI.MotifExpandedIcon int getIconHeight()'>
        <annotation name='com.intellij.inspections.tainted.annotation.equation.Equations'>
            <val val="{ &quot;getIconHeight := MotifTreeUI#SIZE&quot; }"/>
        </annotation>
    </item>
    <item name='com.sun.java.swing.plaf.motif.MotifTreeUI.MotifExpandedIcon int getIconWidth()'>
        <annotation name='com.intellij.inspections.tainted.annotation.equation.Equations'>
            <val val="{ &quot;getIconWidth := MotifTreeUI#SIZE&quot; }"/>
        </annotation>
    </item>
    <item name='com.sun.java.swing.plaf.motif.MotifTreeUI.MotifExpandedIcon void paintIcon(java.awt.Component, java.awt.Graphics, int, int)'>
        <annotation name='com.intellij.inspections.tainted.annotation.equation.Equations'>
            <val val="{ &quot;x := MotifTreeUI.MotifCollapsedIcon#paintIcon(java.awt.Component, java.awt.Graphics, int, int)#2&quot;, &quot;c := MotifTreeUI.MotifCollapsedIcon#paintIcon(java.awt.Component, java.awt.Graphics, int, int)#0&quot;, &quot;g := MotifTreeUI.MotifCollapsedIcon#paintIcon(java.awt.Component, java.awt.Graphics, int, int)#1&quot;, &quot;y := MotifTreeUI.MotifCollapsedIcon#paintIcon(java.awt.Component, java.awt.Graphics, int, int)#3&quot; }"/>
        </annotation>
    </item>
</root>