<root>
    <item name='net.sf.ehcache.transaction.local.JtaLocalTransactionStore'>
        <annotation name='com.intellij.inspections.tainted.annotation.equation.Equations'>
            <val val="{ &quot;JtaLocalTransactionStore := #JtaLocalTransactionStore(net.sf.ehcache.transaction.local.LocalTransactionStore, net.sf.ehcache.transaction.manager.TransactionManagerLookup, net.sf.ehcache.TransactionController)#1 &amp; #JtaLocalTransactionStore(net.sf.ehcache.transaction.local.LocalTransactionStore, net.sf.ehcache.transaction.manager.TransactionManagerLookup, net.sf.ehcache.TransactionController)#2&quot; }"/>
        </annotation>
    </item>
    <item name='net.sf.ehcache.transaction.local.JtaLocalTransactionStore JtaLocalTransactionStore(net.sf.ehcache.transaction.local.LocalTransactionStore, net.sf.ehcache.transaction.manager.TransactionManagerLookup, net.sf.ehcache.TransactionController)'>
        <annotation name='com.intellij.inspections.tainted.annotation.equation.Equations'>
            <val val="{ &quot;transactionController := &quot;, &quot;JtaLocalTransactionStore := JtaLocalTransactionStore&quot;, &quot;transactionManagerLookup := net.sf.ehcache.Cache&quot;, &quot;underlyingStore := &quot; }"/>
        </annotation>
    </item>
    <item name='net.sf.ehcache.transaction.local.JtaLocalTransactionStore int getSize()'>
        <annotation name='com.intellij.inspections.tainted.annotation.equation.Equations'>
            <val val="{ &quot;getSize := &quot; }"/>
        </annotation>
    </item>
    <item name='net.sf.ehcache.transaction.local.JtaLocalTransactionStore int getTerracottaClusteredSize()'>
        <annotation name='com.intellij.inspections.tainted.annotation.equation.Equations'>
            <val val="{ &quot;getTerracottaClusteredSize := &quot; }"/>
        </annotation>
    </item>
    <item name='net.sf.ehcache.transaction.local.JtaLocalTransactionStore java.util.List getKeys()'>
        <annotation name='com.intellij.inspections.tainted.annotation.equation.Equations'>
            <val val="{ &quot;getKeys := &quot; }"/>
        </annotation>
    </item>
    <item name='net.sf.ehcache.transaction.local.JtaLocalTransactionStore net.sf.ehcache.Element get(java.lang.Object)'>
        <annotation name='com.intellij.inspections.tainted.annotation.equation.Equations'>
            <val val="{ &quot;get := &quot; }"/>
        </annotation>
    </item>
    <item name='net.sf.ehcache.transaction.local.JtaLocalTransactionStore net.sf.ehcache.Element getOldElement(java.lang.Object)'>
        <annotation name='com.intellij.inspections.tainted.annotation.equation.Equations'>
            <val val="{ &quot;getOldElement := &quot; }"/>
        </annotation>
    </item>
    <item name='net.sf.ehcache.transaction.local.JtaLocalTransactionStore net.sf.ehcache.Element getQuiet(java.lang.Object)'>
        <annotation name='com.intellij.inspections.tainted.annotation.equation.Equations'>
            <val val="{ &quot;key := #removeWithWriter(java.lang.Object, net.sf.ehcache.writer.CacheWriterManager)#0&quot;, &quot;getQuiet := &quot; }"/>
        </annotation>
    </item>
    <item name='net.sf.ehcache.transaction.local.JtaLocalTransactionStore net.sf.ehcache.Element putIfAbsent(net.sf.ehcache.Element)'>
        <annotation name='com.intellij.inspections.tainted.annotation.equation.Equations'>
            <val val="{ &quot;putIfAbsent := &quot; }"/>
        </annotation>
    </item>
    <item name='net.sf.ehcache.transaction.local.JtaLocalTransactionStore net.sf.ehcache.Element remove(java.lang.Object)'>
        <annotation name='com.intellij.inspections.tainted.annotation.equation.Equations'>
            <val val="{ &quot;remove := &quot; }"/>
        </annotation>
    </item>
    <item name='net.sf.ehcache.transaction.local.JtaLocalTransactionStore net.sf.ehcache.Element removeElement(net.sf.ehcache.Element, net.sf.ehcache.store.ElementValueComparator)'>
        <annotation name='com.intellij.inspections.tainted.annotation.equation.Equations'>
            <val val="{ &quot;removeElement := &quot; }"/>
        </annotation>
    </item>
    <item name='net.sf.ehcache.transaction.local.JtaLocalTransactionStore net.sf.ehcache.Element removeWithWriter(java.lang.Object, net.sf.ehcache.writer.CacheWriterManager)'>
        <annotation name='com.intellij.inspections.tainted.annotation.equation.Equations'>
            <val val="{ &quot;removeWithWriter := &quot; }"/>
        </annotation>
    </item>
    <item name='net.sf.ehcache.transaction.local.JtaLocalTransactionStore net.sf.ehcache.Element replace(net.sf.ehcache.Element)'>
        <annotation name='com.intellij.inspections.tainted.annotation.equation.Equations'>
            <val val="{ &quot;replace := &quot; }"/>
        </annotation>
    </item>
    <item name='net.sf.ehcache.transaction.local.JtaLocalTransactionStore.JtaLocalEhcacheSynchronization'>
        <annotation name='com.intellij.inspections.tainted.annotation.equation.Equations'>
            <val val="{ &quot;JtaLocalEhcacheSynchronization := #JtaLocalEhcacheSynchronization(net.sf.ehcache.TransactionController, net.sf.ehcache.transaction.TransactionID)#0 &amp; #JtaLocalEhcacheSynchronization(net.sf.ehcache.TransactionController, net.sf.ehcache.transaction.TransactionID)#1&quot; }"/>
        </annotation>
    </item>
    <item name='net.sf.ehcache.transaction.local.JtaLocalTransactionStore.JtaLocalEhcacheSynchronization JtaLocalEhcacheSynchronization(net.sf.ehcache.TransactionController, net.sf.ehcache.transaction.TransactionID)'>
        <annotation name='com.intellij.inspections.tainted.annotation.equation.Equations'>
            <val val="{ &quot;JtaLocalEhcacheSynchronization := JtaLocalTransactionStore.JtaLocalEhcacheSynchronization&quot;, &quot;transactionController := JtaLocalTransactionStore&quot;, &quot;transactionId := &quot; }"/>
        </annotation>
    </item>
    <item name='net.sf.ehcache.transaction.local.JtaLocalTransactionStore.JtaLocalEhcacheSynchronization java.lang.String toString()'>
        <annotation name='com.intellij.inspections.tainted.annotation.equation.Equations'>
            <val val="{ &quot;toString := JtaLocalTransactionStore.JtaLocalEhcacheSynchronization&quot; }"/>
        </annotation>
    </item>
    <item name='net.sf.ehcache.transaction.local.JtaLocalTransactionStore.JtaLocalEhcacheXAResource'>
        <annotation name='com.intellij.inspections.tainted.annotation.equation.Equations'>
            <val val="{ &quot;JtaLocalEhcacheXAResource := #JtaLocalEhcacheXAResource(net.sf.ehcache.TransactionController, net.sf.ehcache.transaction.TransactionID, net.sf.ehcache.transaction.manager.TransactionManagerLookup)#0 &amp; #JtaLocalEhcacheXAResource(net.sf.ehcache.TransactionController, net.sf.ehcache.transaction.TransactionID, net.sf.ehcache.transaction.manager.TransactionManagerLookup)#1 &amp; #JtaLocalEhcacheXAResource(net.sf.ehcache.TransactionController, net.sf.ehcache.transaction.TransactionID, net.sf.ehcache.transaction.manager.TransactionManagerLookup)#2&quot; }"/>
        </annotation>
    </item>
    <item name='net.sf.ehcache.transaction.local.JtaLocalTransactionStore.JtaLocalEhcacheXAResource JtaLocalEhcacheXAResource(net.sf.ehcache.TransactionController, net.sf.ehcache.transaction.TransactionID, net.sf.ehcache.transaction.manager.TransactionManagerLookup)'>
        <annotation name='com.intellij.inspections.tainted.annotation.equation.Equations'>
            <val val="{ &quot;transactionId := &quot;, &quot;JtaLocalEhcacheXAResource := JtaLocalTransactionStore.JtaLocalEhcacheXAResource&quot;, &quot;transactionController := JtaLocalTransactionStore&quot;, &quot;transactionManagerLookup := JtaLocalTransactionStore&quot; }"/>
        </annotation>
    </item>
    <item name='net.sf.ehcache.transaction.local.JtaLocalTransactionStore.JtaLocalEhcacheXAResource int prepare(javax.transaction.xa.Xid)'>
        <annotation name='com.intellij.inspections.tainted.annotation.equation.Equations'>
            <val val="{ &quot;prepare := javax.transaction.xa.XAResource#XA_OK&quot; }"/>
        </annotation>
    </item>
    <item name='net.sf.ehcache.transaction.local.JtaLocalTransactionStore.JtaLocalEhcacheXAResource java.lang.String getCacheName()'>
        <annotation name='com.intellij.inspections.tainted.annotation.equation.Equations'>
            <val val="{ &quot;getCacheName := &quot; }"/>
        </annotation>
    </item>
    <item name='net.sf.ehcache.transaction.local.JtaLocalTransactionStore.JtaLocalEhcacheXAResource java.lang.String toString()'>
        <annotation name='com.intellij.inspections.tainted.annotation.equation.Equations'>
            <val val="{ &quot;toString := JtaLocalTransactionStore.JtaLocalEhcacheXAResource&quot; }"/>
        </annotation>
    </item>
    <item name='net.sf.ehcache.transaction.local.LocalRecoveryManager'>
        <annotation name='com.intellij.inspections.tainted.annotation.equation.Equations'>
            <val val="{ &quot;LocalRecoveryManager := #LocalRecoveryManager(net.sf.ehcache.transaction.TransactionIDFactory)#0&quot; }"/>
        </annotation>
    </item>
    <item name='net.sf.ehcache.transaction.local.LocalRecoveryManager LocalRecoveryManager(net.sf.ehcache.transaction.TransactionIDFactory)'>
        <annotation name='com.intellij.inspections.tainted.annotation.equation.Equations'>
            <val val="{ &quot;LocalRecoveryManager := LocalRecoveryManager&quot;, &quot;transactionIdFactory := net.sf.ehcache.TransactionController#TransactionController(net.sf.ehcache.transaction.TransactionIDFactory, int)#0&quot; }"/>
        </annotation>
    </item>
    <item name='net.sf.ehcache.transaction.local.LocalRecoveryManager java.util.Set&lt;net.sf.ehcache.transaction.TransactionID&gt; getPreviouslyRecoveredTransactionIDs()'>
        <annotation name='com.intellij.inspections.tainted.annotation.equation.Equations'>
            <val val="{ &quot;getPreviouslyRecoveredTransactionIDs := LocalRecoveryManager&quot; }"/>
        </annotation>
    </item>
    <item name='net.sf.ehcache.transaction.local.LocalRecoveryManager java.util.Set&lt;net.sf.ehcache.transaction.TransactionID&gt; recover()'>
        <annotation name='com.intellij.inspections.tainted.annotation.equation.Equations'>
            <val val="{ &quot;recover := &quot; }"/>
        </annotation>
    </item>
    <item name='net.sf.ehcache.transaction.local.LocalRecoveryManager void register(net.sf.ehcache.transaction.local.LocalTransactionStore)'>
        <annotation name='com.intellij.inspections.tainted.annotation.equation.Equations'>
            <val val="{ &quot;localTransactionStore := LocalTransactionStore&quot; }"/>
        </annotation>
    </item>
    <item name='net.sf.ehcache.transaction.local.LocalRecoveryManager void unregister(net.sf.ehcache.transaction.local.LocalTransactionStore)'>
        <annotation name='com.intellij.inspections.tainted.annotation.equation.Equations'>
            <val val="{ &quot;localTransactionStore := LocalTransactionStore&quot; }"/>
        </annotation>
    </item>
    <item name='net.sf.ehcache.transaction.local.LocalTransactionContext'>
        <annotation name='com.intellij.inspections.tainted.annotation.equation.Equations'>
            <val val="{ &quot;LocalTransactionContext := #LocalTransactionContext(int, net.sf.ehcache.transaction.TransactionIDFactory)#1&quot; }"/>
        </annotation>
    </item>
    <item name='net.sf.ehcache.transaction.local.LocalTransactionContext LocalTransactionContext(int, net.sf.ehcache.transaction.TransactionIDFactory)'>
        <annotation name='com.intellij.inspections.tainted.annotation.equation.Equations'>
            <val val="{ &quot;transactionIdFactory := net.sf.ehcache.TransactionController&quot;, &quot;transactionTimeout := net.sf.ehcache.TransactionController#begin(int)#0&quot;, &quot;LocalTransactionContext := LocalTransactionContext&quot; }"/>
        </annotation>
    </item>
    <item name='net.sf.ehcache.transaction.local.LocalTransactionContext int hashCode()'>
        <annotation name='com.intellij.inspections.tainted.annotation.equation.Equations'>
            <val val="{ &quot;hashCode := &quot; }"/>
        </annotation>
    </item>
    <item name='net.sf.ehcache.transaction.local.LocalTransactionContext java.util.List&lt;net.sf.ehcache.transaction.SoftLock&gt; getSoftLocksForCache(java.lang.String)'>
        <annotation name='com.intellij.inspections.tainted.annotation.equation.Equations'>
            <val val="{ &quot;cacheName := net.sf.ehcache.transaction.AbstractSoftLockManager&quot;, &quot;getSoftLocksForCache := &quot; }"/>
        </annotation>
    </item>
    <item name='net.sf.ehcache.transaction.local.LocalTransactionContext long timeBeforeTimeout()'>
        <annotation name='com.intellij.inspections.tainted.annotation.equation.Equations'>
            <val val="{ &quot;timeBeforeTimeout := &quot; }"/>
        </annotation>
    </item>
    <item name='net.sf.ehcache.transaction.local.LocalTransactionContext net.sf.ehcache.transaction.TransactionID getTransactionId()'>
        <annotation name='com.intellij.inspections.tainted.annotation.equation.Equations'>
            <val val="{ &quot;getTransactionId := LocalTransactionContext&quot; }"/>
        </annotation>
    </item>
    <item name='net.sf.ehcache.transaction.local.LocalTransactionContext void addListener(net.sf.ehcache.transaction.local.TransactionListener)'>
        <annotation name='com.intellij.inspections.tainted.annotation.equation.Equations'>
            <val val="{ &quot;listener := LocalTransactionStore#putWithWriter(net.sf.ehcache.Element, net.sf.ehcache.writer.CacheWriterManager)#0&quot; }"/>
        </annotation>
    </item>
    <item name='net.sf.ehcache.transaction.local.LocalTransactionContext void registerSoftLock(java.lang.String, net.sf.ehcache.transaction.local.LocalTransactionStore, net.sf.ehcache.transaction.SoftLock)'>
        <annotation name='com.intellij.inspections.tainted.annotation.equation.Equations'>
            <val val="{ &quot;softLock := &quot;, &quot;cacheName := LocalTransactionStore&quot;, &quot;store := LocalTransactionStore&quot; }"/>
        </annotation>
    </item>
    <item name='net.sf.ehcache.transaction.local.LocalTransactionStore'>
        <annotation name='com.intellij.inspections.tainted.annotation.equation.Equations'>
            <val val="{ &quot;LocalTransactionStore := #LocalTransactionStore(net.sf.ehcache.TransactionController, net.sf.ehcache.transaction.TransactionIDFactory, net.sf.ehcache.transaction.SoftLockManager, net.sf.ehcache.Ehcache, net.sf.ehcache.store.Store, net.sf.ehcache.store.ElementValueComparator)#0 &amp; #LocalTransactionStore(net.sf.ehcache.TransactionController, net.sf.ehcache.transaction.TransactionIDFactory, net.sf.ehcache.transaction.SoftLockManager, net.sf.ehcache.Ehcache, net.sf.ehcache.store.Store, net.sf.ehcache.store.ElementValueComparator)#1 &amp; #LocalTransactionStore(net.sf.ehcache.TransactionController, net.sf.ehcache.transaction.TransactionIDFactory, net.sf.ehcache.transaction.SoftLockManager, net.sf.ehcache.Ehcache, net.sf.ehcache.store.Store, net.sf.ehcache.store.ElementValueComparator)#2 &amp; #LocalTransactionStore(net.sf.ehcache.TransactionController, net.sf.ehcache.transaction.TransactionIDFactory, net.sf.ehcache.transaction.SoftLockManager, net.sf.ehcache.Ehcache, net.sf.ehcache.store.Store, net.sf.ehcache.store.ElementValueComparator)#3 &amp; #LocalTransactionStore(net.sf.ehcache.TransactionController, net.sf.ehcache.transaction.TransactionIDFactory, net.sf.ehcache.transaction.SoftLockManager, net.sf.ehcache.Ehcache, net.sf.ehcache.store.Store, net.sf.ehcache.store.ElementValueComparator)#5&quot; }"/>
        </annotation>
    </item>
    <item name='net.sf.ehcache.transaction.local.LocalTransactionStore LocalTransactionStore(net.sf.ehcache.TransactionController, net.sf.ehcache.transaction.TransactionIDFactory, net.sf.ehcache.transaction.SoftLockManager, net.sf.ehcache.Ehcache, net.sf.ehcache.store.Store, net.sf.ehcache.store.ElementValueComparator)'>
        <annotation name='com.intellij.inspections.tainted.annotation.equation.Equations'>
            <val val="{ &quot;comparator := net.sf.ehcache.Cache &amp; net.sf.ehcache.Cache#makeClusteredTransactionalIfNeeded(net.sf.ehcache.store.TerracottaStore, net.sf.ehcache.store.ElementValueComparator, java.lang.ClassLoader)#1&quot;, &quot;transactionController := &quot;, &quot;cache := net.sf.ehcache.Cache&quot;, &quot;LocalTransactionStore := LocalTransactionStore&quot;, &quot;softLockManager := &quot;, &quot;store := net.sf.ehcache.Cache#makeTransactional(net.sf.ehcache.store.Store)#0 &amp; net.sf.ehcache.Cache#makeClusteredTransactionalIfNeeded(net.sf.ehcache.store.TerracottaStore, net.sf.ehcache.store.ElementValueComparator, java.lang.ClassLoader)#0&quot;, &quot;transactionIdFactory := &quot; }"/>
        </annotation>
    </item>
    <item name='net.sf.ehcache.transaction.local.LocalTransactionStore boolean cleanupExpiredSoftLock(net.sf.ehcache.Element, net.sf.ehcache.transaction.SoftLockID)'>
        <annotation name='com.intellij.inspections.tainted.annotation.equation.Equations'>
            <val val="{ &quot;oldElement := &quot;, &quot;softLockId := &quot; }"/>
        </annotation>
    </item>
    <item name='net.sf.ehcache.transaction.local.LocalTransactionStore int getSize()'>
        <annotation name='com.intellij.inspections.tainted.annotation.equation.Equations'>
            <val val="{ &quot;getSize := &quot; }"/>
        </annotation>
    </item>
    <item name='net.sf.ehcache.transaction.local.LocalTransactionStore int getTerracottaClusteredSize()'>
        <annotation name='com.intellij.inspections.tainted.annotation.equation.Equations'>
            <val val="{ &quot;getTerracottaClusteredSize := &quot; }"/>
        </annotation>
    </item>
    <item name='net.sf.ehcache.transaction.local.LocalTransactionStore java.util.List getKeys()'>
        <annotation name='com.intellij.inspections.tainted.annotation.equation.Equations'>
            <val val="{ &quot;getKeys := &quot; }"/>
        </annotation>
    </item>
    <item name='net.sf.ehcache.transaction.local.LocalTransactionStore java.util.Set&lt;net.sf.ehcache.transaction.TransactionID&gt; recover()'>
        <annotation name='com.intellij.inspections.tainted.annotation.equation.Equations'>
            <val val="{ &quot;recover := &quot; }"/>
        </annotation>
    </item>
    <item name='net.sf.ehcache.transaction.local.LocalTransactionStore long timeBeforeTimeout()'>
        <annotation name='com.intellij.inspections.tainted.annotation.equation.Equations'>
            <val val="{ &quot;timeBeforeTimeout := &quot; }"/>
        </annotation>
    </item>
    <item name='net.sf.ehcache.transaction.local.LocalTransactionStore net.sf.ehcache.Ehcache getCache()'>
        <annotation name='com.intellij.inspections.tainted.annotation.equation.Equations'>
            <val val="{ &quot;getCache := LocalTransactionStore&quot; }"/>
        </annotation>
    </item>
    <item name='net.sf.ehcache.transaction.local.LocalTransactionStore net.sf.ehcache.Element createElement(java.lang.Object, net.sf.ehcache.transaction.SoftLockID)'>
        <annotation name='com.intellij.inspections.tainted.annotation.equation.Equations'>
            <val val="{ &quot;key := #remove(java.lang.Object)#0&quot;, &quot;createElement := &quot;, &quot;softLockId := &quot; }"/>
        </annotation>
    </item>
    <item name='net.sf.ehcache.transaction.local.LocalTransactionStore net.sf.ehcache.Element get(java.lang.Object)'>
        <annotation name='com.intellij.inspections.tainted.annotation.equation.Equations'>
            <val val="{ &quot;get := &quot; }"/>
        </annotation>
    </item>
    <item name='net.sf.ehcache.transaction.local.LocalTransactionStore net.sf.ehcache.Element getQuiet(java.lang.Object)'>
        <annotation name='com.intellij.inspections.tainted.annotation.equation.Equations'>
            <val val="{ &quot;getQuiet := &quot;, &quot;key := #removeWithWriter(java.lang.Object, net.sf.ehcache.writer.CacheWriterManager)#0&quot; }"/>
        </annotation>
    </item>
    <item name='net.sf.ehcache.transaction.local.LocalTransactionStore net.sf.ehcache.Element putIfAbsent(net.sf.ehcache.Element)'>
        <annotation name='com.intellij.inspections.tainted.annotation.equation.Equations'>
            <val val="{ &quot;putIfAbsent := &quot; }"/>
        </annotation>
    </item>
    <item name='net.sf.ehcache.transaction.local.LocalTransactionStore net.sf.ehcache.Element remove(java.lang.Object)'>
        <annotation name='com.intellij.inspections.tainted.annotation.equation.Equations'>
            <val val="{ &quot;key := #removeWithWriter(java.lang.Object, net.sf.ehcache.writer.CacheWriterManager)#0&quot;, &quot;remove := &quot; }"/>
        </annotation>
    </item>
    <item name='net.sf.ehcache.transaction.local.LocalTransactionStore net.sf.ehcache.Element removeElement(net.sf.ehcache.Element, net.sf.ehcache.store.ElementValueComparator)'>
        <annotation name='com.intellij.inspections.tainted.annotation.equation.Equations'>
            <val val="{ &quot;removeElement := &quot; }"/>
        </annotation>
    </item>
    <item name='net.sf.ehcache.transaction.local.LocalTransactionStore net.sf.ehcache.Element removeWithWriter(java.lang.Object, net.sf.ehcache.writer.CacheWriterManager)'>
        <annotation name='com.intellij.inspections.tainted.annotation.equation.Equations'>
            <val val="{ &quot;removeWithWriter := &quot; }"/>
        </annotation>
    </item>
    <item name='net.sf.ehcache.transaction.local.LocalTransactionStore net.sf.ehcache.Element replace(net.sf.ehcache.Element)'>
        <annotation name='com.intellij.inspections.tainted.annotation.equation.Equations'>
            <val val="{ &quot;replace := &quot; }"/>
        </annotation>
    </item>
    <item name='net.sf.ehcache.transaction.local.LocalTransactionStore net.sf.ehcache.transaction.local.LocalTransactionContext getCurrentTransactionContext()'>
        <annotation name='com.intellij.inspections.tainted.annotation.equation.Equations'>
            <val val="{ &quot;getCurrentTransactionContext := &quot; }"/>
        </annotation>
    </item>
    <item name='net.sf.ehcache.transaction.local.LocalTransactionStore void commit(java.util.List&lt;net.sf.ehcache.transaction.SoftLock&gt;, net.sf.ehcache.transaction.TransactionID)'>
        <annotation name='com.intellij.inspections.tainted.annotation.equation.Equations'>
            <val val="{ &quot;softLocks := &quot;, &quot;transactionId := LocalTransactionContext&quot; }"/>
        </annotation>
    </item>
    <item name='net.sf.ehcache.transaction.local.LocalTransactionStore void rollback(java.util.List&lt;net.sf.ehcache.transaction.SoftLock&gt;, net.sf.ehcache.transaction.TransactionID)'>
        <annotation name='com.intellij.inspections.tainted.annotation.equation.Equations'>
            <val val="{ &quot;softLocks := &quot;, &quot;transactionId := LocalTransactionContext&quot; }"/>
        </annotation>
    </item>
</root>