<root>
    <item name='antlr.collections.AST antlr.collections.AST getFirstChild()'>
        <annotation name='com.intellij.inspections.tainted.annotation.equation.Equations'>
            <val val="{ &quot;getFirstChild := antlr.BaseAST#getFirstChild()&quot; }"/>
        </annotation>
    </item>
    <item name='antlr.collections.AST antlr.collections.AST getNextSibling()'>
        <annotation name='com.intellij.inspections.tainted.annotation.equation.Equations'>
            <val val="{ &quot;getNextSibling := antlr.BaseAST#getNextSibling()&quot; }"/>
        </annotation>
    </item>
    <item name='antlr.collections.AST antlr.collections.ASTEnumeration findAll(antlr.collections.AST)'>
        <annotation name='com.intellij.inspections.tainted.annotation.equation.Equations'>
            <val val="{ &quot;ast := antlr.BaseAST#findAll(antlr.collections.AST)#0&quot;, &quot;findAll := antlr.BaseAST#findAll(antlr.collections.AST)&quot; }"/>
        </annotation>
    </item>
    <item name='antlr.collections.AST antlr.collections.ASTEnumeration findAllPartial(antlr.collections.AST)'>
        <annotation name='com.intellij.inspections.tainted.annotation.equation.Equations'>
            <val val="{ &quot;ast := antlr.BaseAST#findAllPartial(antlr.collections.AST)#0&quot;, &quot;findAllPartial := antlr.BaseAST#findAllPartial(antlr.collections.AST)&quot; }"/>
        </annotation>
    </item>
    <item name='antlr.collections.AST boolean equals(antlr.collections.AST)'>
        <annotation name='com.intellij.inspections.tainted.annotation.equation.Equations'>
            <val val="{ &quot;ast := antlr.BaseAST#equals(antlr.collections.AST)#0&quot; }"/>
        </annotation>
    </item>
    <item name='antlr.collections.AST boolean equalsList(antlr.collections.AST)'>
        <annotation name='com.intellij.inspections.tainted.annotation.equation.Equations'>
            <val val="{ &quot;ast := antlr.BaseAST#equalsList(antlr.collections.AST)#0&quot; }"/>
        </annotation>
    </item>
    <item name='antlr.collections.AST boolean equalsListPartial(antlr.collections.AST)'>
        <annotation name='com.intellij.inspections.tainted.annotation.equation.Equations'>
            <val val="{ &quot;ast := antlr.BaseAST#equalsListPartial(antlr.collections.AST)#0&quot; }"/>
        </annotation>
    </item>
    <item name='antlr.collections.AST boolean equalsTree(antlr.collections.AST)'>
        <annotation name='com.intellij.inspections.tainted.annotation.equation.Equations'>
            <val val="{ &quot;ast := antlr.BaseAST#equalsTree(antlr.collections.AST)#0&quot; }"/>
        </annotation>
    </item>
    <item name='antlr.collections.AST boolean equalsTreePartial(antlr.collections.AST)'>
        <annotation name='com.intellij.inspections.tainted.annotation.equation.Equations'>
            <val val="{ &quot;ast := antlr.BaseAST#equalsTreePartial(antlr.collections.AST)#0&quot; }"/>
        </annotation>
    </item>
    <item name='antlr.collections.AST int getColumn()'>
        <annotation name='com.intellij.inspections.tainted.annotation.equation.Equations'>
            <val val="{ &quot;getColumn := antlr.BaseAST#getColumn()&quot; }"/>
        </annotation>
    </item>
    <item name='antlr.collections.AST int getLine()'>
        <annotation name='com.intellij.inspections.tainted.annotation.equation.Equations'>
            <val val="{ &quot;getLine := antlr.BaseAST#getLine()&quot; }"/>
        </annotation>
    </item>
    <item name='antlr.collections.AST int getNumberOfChildren()'>
        <annotation name='com.intellij.inspections.tainted.annotation.equation.Equations'>
            <val val="{ &quot;getNumberOfChildren := antlr.BaseAST#getNumberOfChildren()&quot; }"/>
        </annotation>
    </item>
    <item name='antlr.collections.AST int getType()'>
        <annotation name='com.intellij.inspections.tainted.annotation.equation.Equations'>
            <val val="{ &quot;getType := antlr.BaseAST#getType()&quot; }"/>
        </annotation>
    </item>
    <item name='antlr.collections.AST java.lang.String getText()'>
        <annotation name='com.intellij.inspections.tainted.annotation.equation.Equations'>
            <val val="{ &quot;getText := antlr.BaseAST#getText()&quot; }"/>
        </annotation>
    </item>
    <item name='antlr.collections.AST java.lang.String toString()'>
        <annotation name='com.intellij.inspections.tainted.annotation.equation.Equations'>
            <val val="{ &quot;toString := antlr.BaseAST#toString()&quot; }"/>
        </annotation>
    </item>
    <item name='antlr.collections.AST java.lang.String toStringList()'>
        <annotation name='com.intellij.inspections.tainted.annotation.equation.Equations'>
            <val val="{ &quot;toStringList := antlr.BaseAST#toStringList()&quot; }"/>
        </annotation>
    </item>
    <item name='antlr.collections.AST java.lang.String toStringTree()'>
        <annotation name='com.intellij.inspections.tainted.annotation.equation.Equations'>
            <val val="{ &quot;toStringTree := antlr.BaseAST#toStringTree()&quot; }"/>
        </annotation>
    </item>
    <item name='antlr.collections.AST void addChild(antlr.collections.AST)'>
        <annotation name='com.intellij.inspections.tainted.annotation.equation.Equations'>
            <val val="{ &quot;ast := antlr.BaseAST#addChild(antlr.collections.AST)#0&quot; }"/>
        </annotation>
    </item>
    <item name='antlr.collections.AST void initialize(antlr.Token)'>
        <annotation name='com.intellij.inspections.tainted.annotation.equation.Equations'>
            <val val="{ &quot;token := antlr.BaseAST#initialize(antlr.Token)#0&quot; }"/>
        </annotation>
    </item>
    <item name='antlr.collections.AST void initialize(antlr.collections.AST)'>
        <annotation name='com.intellij.inspections.tainted.annotation.equation.Equations'>
            <val val="{ &quot;ast := antlr.BaseAST#initialize(antlr.collections.AST)#0&quot; }"/>
        </annotation>
    </item>
    <item name='antlr.collections.AST void initialize(int, java.lang.String)'>
        <annotation name='com.intellij.inspections.tainted.annotation.equation.Equations'>
            <val val="{ &quot;s := antlr.BaseAST#initialize(int, java.lang.String)#1&quot;, &quot;i := antlr.BaseAST#initialize(int, java.lang.String)#0&quot; }"/>
        </annotation>
    </item>
    <item name='antlr.collections.AST void setFirstChild(antlr.collections.AST)'>
        <annotation name='com.intellij.inspections.tainted.annotation.equation.Equations'>
            <val val="{ &quot;ast := antlr.BaseAST#setFirstChild(antlr.collections.AST)#0&quot; }"/>
        </annotation>
    </item>
    <item name='antlr.collections.AST void setNextSibling(antlr.collections.AST)'>
        <annotation name='com.intellij.inspections.tainted.annotation.equation.Equations'>
            <val val="{ &quot;ast := antlr.BaseAST#setNextSibling(antlr.collections.AST)#0&quot; }"/>
        </annotation>
    </item>
    <item name='antlr.collections.AST void setText(java.lang.String)'>
        <annotation name='com.intellij.inspections.tainted.annotation.equation.Equations'>
            <val val="{ &quot;s := antlr.BaseAST#setText(java.lang.String)#0&quot; }"/>
        </annotation>
    </item>
    <item name='antlr.collections.AST void setType(int)'>
        <annotation name='com.intellij.inspections.tainted.annotation.equation.Equations'>
            <val val="{ &quot;i := antlr.BaseAST#setType(int)#0&quot; }"/>
        </annotation>
    </item>
    <item name='antlr.collections.ASTEnumeration antlr.collections.AST nextNode()'>
        <annotation name='com.intellij.inspections.tainted.annotation.equation.Equations'>
            <val val="{ &quot;nextNode := antlr.collections.impl.ASTEnumerator#nextNode()&quot; }"/>
        </annotation>
    </item>
</root>