<root>
    <item name='sun.nio.ch.DirectBuffer java.lang.Object attachment()'>
        <annotation name='com.intellij.inspections.tainted.annotation.equation.Equations'>
            <val val="{ &quot;attachment := java.nio.DirectCharBufferU#attachment() &amp; java.nio.DirectLongBufferS#attachment() &amp; java.nio.DirectLongBufferU#attachment() &amp; java.nio.DirectFloatBufferU#attachment() &amp; java.nio.DirectFloatBufferS#attachment() &amp; java.nio.DirectShortBufferS#attachment() &amp; java.nio.DirectDoubleBufferS#attachment() &amp; java.nio.DirectShortBufferU#attachment() &amp; java.nio.DirectCharBufferS#attachment() &amp; java.nio.DirectByteBuffer#attachment() &amp; java.nio.DirectDoubleBufferU#attachment() &amp; java.nio.DirectIntBufferS#attachment() &amp; java.nio.DirectIntBufferU#attachment()&quot; }"/>
        </annotation>
    </item>
    <item name='sun.nio.ch.DirectBuffer long address()'>
        <annotation name='com.intellij.inspections.tainted.annotation.equation.Equations'>
            <val val="{ &quot;address := java.nio.DirectCharBufferU#address() &amp; java.nio.DirectLongBufferS#address() &amp; java.nio.DirectLongBufferU#address() &amp; java.nio.DirectFloatBufferS#address() &amp; java.nio.DirectFloatBufferU#address() &amp; java.nio.DirectShortBufferS#address() &amp; java.nio.DirectDoubleBufferS#address() &amp; java.nio.DirectShortBufferU#address() &amp; java.nio.DirectCharBufferS#address() &amp; java.nio.DirectByteBuffer#address() &amp; java.nio.DirectDoubleBufferU#address() &amp; java.nio.DirectIntBufferS#address() &amp; java.nio.DirectIntBufferU#address()&quot; }"/>
        </annotation>
    </item>
    <item name='sun.nio.ch.DirectBuffer sun.misc.Cleaner cleaner()'>
        <annotation name='com.intellij.inspections.tainted.annotation.equation.Equations'>
            <val val="{ &quot;cleaner := java.nio.DirectCharBufferU#cleaner() &amp; java.nio.DirectLongBufferS#cleaner() &amp; java.nio.DirectLongBufferU#cleaner() &amp; java.nio.DirectFloatBufferU#cleaner() &amp; java.nio.DirectFloatBufferS#cleaner() &amp; java.nio.DirectShortBufferS#cleaner() &amp; java.nio.DirectDoubleBufferS#cleaner() &amp; java.nio.DirectShortBufferU#cleaner() &amp; java.nio.DirectCharBufferS#cleaner() &amp; java.nio.DirectByteBuffer#cleaner() &amp; java.nio.DirectDoubleBufferU#cleaner() &amp; java.nio.DirectIntBufferS#cleaner() &amp; java.nio.DirectIntBufferU#cleaner()&quot; }"/>
        </annotation>
    </item>
    <item name='sun.nio.ch.FileDispatcher boolean canTransferToDirectly(java.nio.channels.SelectableChannel)'>
        <annotation name='com.intellij.inspections.tainted.annotation.equation.Equations'>
            <val val="{ &quot;selectableChannel := FileDispatcherImpl#canTransferToDirectly(java.nio.channels.SelectableChannel)#0&quot; }"/>
        </annotation>
    </item>
    <item name='sun.nio.ch.FileDispatcher int force(java.io.FileDescriptor, boolean)'>
        <annotation name='com.intellij.inspections.tainted.annotation.equation.Equations'>
            <val val="{ &quot;force := FileDispatcherImpl#force(java.io.FileDescriptor, boolean)&quot;, &quot;fileDescriptor := FileDispatcherImpl#force(java.io.FileDescriptor, boolean)#0&quot; }"/>
        </annotation>
    </item>
    <item name='sun.nio.ch.FileDispatcher int lock(java.io.FileDescriptor, boolean, long, long, boolean)'>
        <annotation name='com.intellij.inspections.tainted.annotation.equation.Equations'>
            <val val="{ &quot;l1 := FileDispatcherImpl#lock(java.io.FileDescriptor, boolean, long, long, boolean)#3&quot;, &quot;fileDescriptor := FileDispatcherImpl#lock(java.io.FileDescriptor, boolean, long, long, boolean)#0&quot;, &quot;l := FileDispatcherImpl#lock(java.io.FileDescriptor, boolean, long, long, boolean)#2&quot;, &quot;lock := FileDispatcherImpl#lock(java.io.FileDescriptor, boolean, long, long, boolean)&quot; }"/>
        </annotation>
    </item>
    <item name='sun.nio.ch.FileDispatcher int truncate(java.io.FileDescriptor, long)'>
        <annotation name='com.intellij.inspections.tainted.annotation.equation.Equations'>
            <val val="{ &quot;truncate := FileDispatcherImpl#truncate(java.io.FileDescriptor, long)&quot;, &quot;l := FileDispatcherImpl#truncate(java.io.FileDescriptor, long)#1&quot;, &quot;fileDescriptor := FileDispatcherImpl#truncate(java.io.FileDescriptor, long)#0&quot; }"/>
        </annotation>
    </item>
    <item name='sun.nio.ch.FileDispatcher java.io.FileDescriptor duplicateForMapping(java.io.FileDescriptor)'>
        <annotation name='com.intellij.inspections.tainted.annotation.equation.Equations'>
            <val val="{ &quot;fileDescriptor := FileDispatcherImpl#duplicateForMapping(java.io.FileDescriptor)#0&quot;, &quot;duplicateForMapping := FileDispatcherImpl#duplicateForMapping(java.io.FileDescriptor)&quot; }"/>
        </annotation>
    </item>
    <item name='sun.nio.ch.FileDispatcher long size(java.io.FileDescriptor)'>
        <annotation name='com.intellij.inspections.tainted.annotation.equation.Equations'>
            <val val="{ &quot;fileDescriptor := FileDispatcherImpl#size(java.io.FileDescriptor)#0&quot;, &quot;size := FileDispatcherImpl#size(java.io.FileDescriptor)&quot; }"/>
        </annotation>
    </item>
    <item name='sun.nio.ch.FileDispatcher void release(java.io.FileDescriptor, long, long)'>
        <annotation name='com.intellij.inspections.tainted.annotation.equation.Equations'>
            <val val="{ &quot;fileDescriptor := FileDispatcherImpl#release(java.io.FileDescriptor, long, long)#0&quot;, &quot;l1 := FileDispatcherImpl#release(java.io.FileDescriptor, long, long)#2&quot;, &quot;l := FileDispatcherImpl#release(java.io.FileDescriptor, long, long)#1&quot; }"/>
        </annotation>
    </item>
    <item name='sun.nio.ch.FileLockTable java.util.List&lt;java.nio.channels.FileLock&gt; removeAll()'>
        <annotation name='com.intellij.inspections.tainted.annotation.equation.Equations'>
            <val val="{ &quot;removeAll := FileChannelImpl.SimpleFileLockTable#removeAll() &amp; SharedFileLockTable#removeAll()&quot; }"/>
        </annotation>
    </item>
    <item name='sun.nio.ch.FileLockTable void add(java.nio.channels.FileLock)'>
        <annotation name='com.intellij.inspections.tainted.annotation.equation.Equations'>
            <val val="{ &quot;fileLock := FileChannelImpl.SimpleFileLockTable#add(java.nio.channels.FileLock)#0 &amp; SharedFileLockTable#add(java.nio.channels.FileLock)#0&quot; }"/>
        </annotation>
    </item>
    <item name='sun.nio.ch.FileLockTable void remove(java.nio.channels.FileLock)'>
        <annotation name='com.intellij.inspections.tainted.annotation.equation.Equations'>
            <val val="{ &quot;fileLock := FileChannelImpl.SimpleFileLockTable#remove(java.nio.channels.FileLock)#0 &amp; SharedFileLockTable#remove(java.nio.channels.FileLock)#0&quot; }"/>
        </annotation>
    </item>
    <item name='sun.nio.ch.FileLockTable void replace(java.nio.channels.FileLock, java.nio.channels.FileLock)'>
        <annotation name='com.intellij.inspections.tainted.annotation.equation.Equations'>
            <val val="{ &quot;fileLock := FileChannelImpl.SimpleFileLockTable#replace(java.nio.channels.FileLock, java.nio.channels.FileLock)#0 &amp; SharedFileLockTable#replace(java.nio.channels.FileLock, java.nio.channels.FileLock)#0&quot;, &quot;fileLock1 := FileChannelImpl.SimpleFileLockTable#replace(java.nio.channels.FileLock, java.nio.channels.FileLock)#1 &amp; SharedFileLockTable#replace(java.nio.channels.FileLock, java.nio.channels.FileLock)#1&quot; }"/>
        </annotation>
    </item>
    <item name='sun.nio.ch.Interruptible void interrupt(java.lang.Thread)'>
        <annotation name='com.intellij.inspections.tainted.annotation.equation.Equations'>
            <val val="{ &quot;thread := &quot; }"/>
        </annotation>
    </item>
    <item name='sun.nio.ch.NativeDispatcher int pread(java.io.FileDescriptor, long, int, long)'>
        <annotation name='com.intellij.inspections.tainted.annotation.equation.Equations'>
            <val val="{ &quot;fileDescriptor := FileDispatcherImpl#pread(java.io.FileDescriptor, long, int, long)#0&quot;, &quot;l1 := FileDispatcherImpl#pread(java.io.FileDescriptor, long, int, long)#3&quot;, &quot;l := FileDispatcherImpl#pread(java.io.FileDescriptor, long, int, long)#1&quot;, &quot;pread := FileDispatcherImpl#pread(java.io.FileDescriptor, long, int, long)&quot;, &quot;i := FileDispatcherImpl#pread(java.io.FileDescriptor, long, int, long)#2&quot; }"/>
        </annotation>
    </item>
    <item name='sun.nio.ch.NativeDispatcher int pwrite(java.io.FileDescriptor, long, int, long)'>
        <annotation name='com.intellij.inspections.tainted.annotation.equation.Equations'>
            <val val="{ &quot;pwrite := FileDispatcherImpl#pwrite(java.io.FileDescriptor, long, int, long)&quot;, &quot;l := FileDispatcherImpl#pwrite(java.io.FileDescriptor, long, int, long)#1&quot;, &quot;l1 := FileDispatcherImpl#pwrite(java.io.FileDescriptor, long, int, long)#3&quot;, &quot;i := FileDispatcherImpl#pwrite(java.io.FileDescriptor, long, int, long)#2&quot;, &quot;fileDescriptor := FileDispatcherImpl#pwrite(java.io.FileDescriptor, long, int, long)#0&quot; }"/>
        </annotation>
    </item>
    <item name='sun.nio.ch.NativeDispatcher int read(java.io.FileDescriptor, long, int)'>
        <annotation name='com.intellij.inspections.tainted.annotation.equation.Equations'>
            <val val="{ &quot;l := FileDispatcherImpl#read(java.io.FileDescriptor, long, int)#1&quot;, &quot;fileDescriptor := FileDispatcherImpl#read(java.io.FileDescriptor, long, int)#0&quot;, &quot;i := FileDispatcherImpl#read(java.io.FileDescriptor, long, int)#2&quot;, &quot;read := FileDispatcherImpl#read(java.io.FileDescriptor, long, int)&quot; }"/>
        </annotation>
    </item>
    <item name='sun.nio.ch.NativeDispatcher int write(java.io.FileDescriptor, long, int)'>
        <annotation name='com.intellij.inspections.tainted.annotation.equation.Equations'>
            <val val="{ &quot;i := FileDispatcherImpl#write(java.io.FileDescriptor, long, int)#2&quot;, &quot;write := FileDispatcherImpl#write(java.io.FileDescriptor, long, int)&quot;, &quot;l := FileDispatcherImpl#write(java.io.FileDescriptor, long, int)#1&quot;, &quot;fileDescriptor := FileDispatcherImpl#write(java.io.FileDescriptor, long, int)#0&quot; }"/>
        </annotation>
    </item>
    <item name='sun.nio.ch.NativeDispatcher long readv(java.io.FileDescriptor, long, int)'>
        <annotation name='com.intellij.inspections.tainted.annotation.equation.Equations'>
            <val val="{ &quot;fileDescriptor := FileDispatcherImpl#readv(java.io.FileDescriptor, long, int)#0&quot;, &quot;l := FileDispatcherImpl#readv(java.io.FileDescriptor, long, int)#1&quot;, &quot;readv := FileDispatcherImpl#readv(java.io.FileDescriptor, long, int)&quot;, &quot;i := FileDispatcherImpl#readv(java.io.FileDescriptor, long, int)#2&quot; }"/>
        </annotation>
    </item>
    <item name='sun.nio.ch.NativeDispatcher long writev(java.io.FileDescriptor, long, int)'>
        <annotation name='com.intellij.inspections.tainted.annotation.equation.Equations'>
            <val val="{ &quot;writev := FileDispatcherImpl#writev(java.io.FileDescriptor, long, int)&quot;, &quot;i := FileDispatcherImpl#writev(java.io.FileDescriptor, long, int)#2&quot;, &quot;fileDescriptor := FileDispatcherImpl#writev(java.io.FileDescriptor, long, int)#0&quot;, &quot;l := FileDispatcherImpl#writev(java.io.FileDescriptor, long, int)#1&quot; }"/>
        </annotation>
    </item>
    <item name='sun.nio.ch.NativeDispatcher void close(java.io.FileDescriptor)'>
        <annotation name='com.intellij.inspections.tainted.annotation.equation.Equations'>
            <val val="{ &quot;fileDescriptor := FileDispatcherImpl#close(java.io.FileDescriptor)#0&quot; }"/>
        </annotation>
    </item>
    <item name='sun.nio.ch.NativeDispatcher void preClose(java.io.FileDescriptor)'>
        <annotation name='com.intellij.inspections.tainted.annotation.equation.Equations'>
            <val val="{ &quot;fileDescriptor := FileDispatcherImpl#preClose(java.io.FileDescriptor)#0&quot; }"/>
        </annotation>
    </item>
    <item name='sun.nio.ch.SelectorImpl int doSelect(long)'>
        <annotation name='com.intellij.inspections.tainted.annotation.equation.Equations'>
            <val val="{ &quot;l := KQueueSelectorImpl#doSelect(long)#0&quot;, &quot;doSelect := KQueueSelectorImpl#doSelect(long)&quot; }"/>
        </annotation>
    </item>
    <item name='sun.nio.ch.SelectorImpl java.nio.channels.Selector wakeup()'>
        <annotation name='com.intellij.inspections.tainted.annotation.equation.Equations'>
            <val val="{ &quot;wakeup := KQueueSelectorImpl#wakeup()&quot; }"/>
        </annotation>
    </item>
    <item name='sun.nio.ch.SelectorImpl void implDereg(sun.nio.ch.SelectionKeyImpl)'>
        <annotation name='com.intellij.inspections.tainted.annotation.equation.Equations'>
            <val val="{ &quot;selectionKey := KQueueSelectorImpl#implDereg(sun.nio.ch.SelectionKeyImpl)#0&quot; }"/>
        </annotation>
    </item>
    <item name='sun.nio.ch.SelectorImpl void implRegister(sun.nio.ch.SelectionKeyImpl)'>
        <annotation name='com.intellij.inspections.tainted.annotation.equation.Equations'>
            <val val="{ &quot;selectionKey := KQueueSelectorImpl#implRegister(sun.nio.ch.SelectionKeyImpl)#0&quot; }"/>
        </annotation>
    </item>
    <item name='sun.nio.ch.SelectorImpl void putEventOps(sun.nio.ch.SelectionKeyImpl, int)'>
        <annotation name='com.intellij.inspections.tainted.annotation.equation.Equations'>
            <val val="{ &quot;selectionKey := KQueueSelectorImpl#putEventOps(sun.nio.ch.SelectionKeyImpl, int)#0&quot;, &quot;i := KQueueSelectorImpl#putEventOps(sun.nio.ch.SelectionKeyImpl, int)#1&quot; }"/>
        </annotation>
    </item>
    <item name='sun.nio.ch.SelectorProviderImpl java.nio.channels.spi.AbstractSelector openSelector()'>
        <annotation name='com.intellij.inspections.tainted.annotation.equation.Equations'>
            <val val="{ &quot;openSelector := KQueueSelectorProvider#openSelector()&quot; }"/>
        </annotation>
    </item>
</root>