<root>
    <item name='java.awt.print.Book Book()'>
        <annotation name='com.intellij.inspections.tainted.annotation.equation.Equations'>
            <val val="{ &quot;Book := Book&quot; }"/>
        </annotation>
    </item>
    <item name='java.awt.print.Book.BookPage BookPage(java.awt.print.Printable, java.awt.print.PageFormat)'>
        <annotation name='com.intellij.inspections.tainted.annotation.equation.Equations'>
            <val val="{ &quot;BookPage := Book.BookPage&quot;, &quot;format := Book#append(java.awt.print.Printable, java.awt.print.PageFormat, int)#1 &amp; Book#setPage(int, java.awt.print.Printable, java.awt.print.PageFormat)#2 &amp; Book#append(java.awt.print.Printable, java.awt.print.PageFormat)#1&quot;, &quot;painter := Book#append(java.awt.print.Printable, java.awt.print.PageFormat, int)#0 &amp; Book#setPage(int, java.awt.print.Printable, java.awt.print.PageFormat)#1 &amp; Book#append(java.awt.print.Printable, java.awt.print.PageFormat)#0&quot; }"/>
        </annotation>
    </item>
    <item name='java.awt.print.Book.BookPage java.awt.print.PageFormat getPageFormat()'>
        <annotation name='com.intellij.inspections.tainted.annotation.equation.Equations'>
            <val val="{ &quot;getPageFormat := Book.BookPage&quot; }"/>
        </annotation>
    </item>
    <item name='java.awt.print.Book.BookPage java.awt.print.Printable getPrintable()'>
        <annotation name='com.intellij.inspections.tainted.annotation.equation.Equations'>
            <val val="{ &quot;getPrintable := Book.BookPage&quot; }"/>
        </annotation>
    </item>
    <item name='java.awt.print.Pageable int getNumberOfPages()'>
        <annotation name='com.intellij.inspections.tainted.annotation.equation.Equations'>
            <val val="{ &quot;getNumberOfPages := Book#getNumberOfPages()&quot; }"/>
        </annotation>
    </item>
    <item name='java.awt.print.Pageable java.awt.print.PageFormat getPageFormat(int)'>
        <annotation name='com.intellij.inspections.tainted.annotation.equation.Equations'>
            <val val="{ &quot;pageIndex := Book#getPageFormat(int)#0&quot;, &quot;getPageFormat := Book#getPageFormat(int)&quot; }"/>
        </annotation>
    </item>
    <item name='java.awt.print.Pageable java.awt.print.Printable getPrintable(int)'>
        <annotation name='com.intellij.inspections.tainted.annotation.equation.Equations'>
            <val val="{ &quot;getPrintable := Book#getPrintable(int)&quot;, &quot;pageIndex := Book#getPrintable(int)#0&quot; }"/>
        </annotation>
    </item>
    <item name='java.awt.print.Paper Paper()'>
        <annotation name='com.intellij.inspections.tainted.annotation.equation.Equations'>
            <val val="{ &quot;Paper := Paper&quot; }"/>
        </annotation>
    </item>
    <item name='java.awt.print.Paper double getHeight()'>
        <annotation name='com.intellij.inspections.tainted.annotation.equation.Equations'>
            <val val="{ &quot;getHeight := Paper&quot; }"/>
        </annotation>
    </item>
    <item name='java.awt.print.Paper double getWidth()'>
        <annotation name='com.intellij.inspections.tainted.annotation.equation.Equations'>
            <val val="{ &quot;getWidth := Paper&quot; }"/>
        </annotation>
    </item>
    <item name='java.awt.print.Printable int print(java.awt.Graphics, java.awt.print.PageFormat, int)'>
        <annotation name='com.intellij.inspections.tainted.annotation.equation.Equations'>
            <val val="{ &quot;pageIndex := javax.swing.JTable.ThreadSafePrintable#print(java.awt.Graphics, java.awt.print.PageFormat, int)#2 &amp; javax.swing.TablePrintable#print(java.awt.Graphics, java.awt.print.PageFormat, int)#2 &amp; sun.swing.PrintingStatus.NotificationPrintable#print(java.awt.Graphics, java.awt.print.PageFormat, int)#2 &amp; sun.swing.text.TextComponentPrintable#print(java.awt.Graphics, java.awt.print.PageFormat, int)#2 &amp; sun.swing.text.CompoundPrintable#print(java.awt.Graphics, java.awt.print.PageFormat, int)#2&quot;, &quot;pageFormat := javax.swing.JTable.ThreadSafePrintable#print(java.awt.Graphics, java.awt.print.PageFormat, int)#1 &amp; javax.swing.TablePrintable#print(java.awt.Graphics, java.awt.print.PageFormat, int)#1 &amp; sun.swing.PrintingStatus.NotificationPrintable#print(java.awt.Graphics, java.awt.print.PageFormat, int)#1 &amp; sun.swing.text.TextComponentPrintable#print(java.awt.Graphics, java.awt.print.PageFormat, int)#1 &amp; sun.swing.text.CompoundPrintable#print(java.awt.Graphics, java.awt.print.PageFormat, int)#1&quot;, &quot;print := javax.swing.JTable.ThreadSafePrintable#print(java.awt.Graphics, java.awt.print.PageFormat, int) &amp; javax.swing.TablePrintable#print(java.awt.Graphics, java.awt.print.PageFormat, int) &amp; sun.swing.PrintingStatus.NotificationPrintable#print(java.awt.Graphics, java.awt.print.PageFormat, int) &amp; sun.swing.text.TextComponentPrintable#print(java.awt.Graphics, java.awt.print.PageFormat, int) &amp; sun.swing.text.CompoundPrintable#print(java.awt.Graphics, java.awt.print.PageFormat, int)&quot;, &quot;graphics := javax.swing.JTable.ThreadSafePrintable#print(java.awt.Graphics, java.awt.print.PageFormat, int)#0 &amp; javax.swing.TablePrintable#print(java.awt.Graphics, java.awt.print.PageFormat, int)#0 &amp; sun.swing.PrintingStatus.NotificationPrintable#print(java.awt.Graphics, java.awt.print.PageFormat, int)#0 &amp; sun.swing.text.TextComponentPrintable#print(java.awt.Graphics, java.awt.print.PageFormat, int)#0 &amp; sun.swing.text.CompoundPrintable#print(java.awt.Graphics, java.awt.print.PageFormat, int)#0&quot; }"/>
        </annotation>
    </item>
    <item name='java.awt.print.PrinterAbortException PrinterAbortException(java.lang.String)'>
        <annotation name='com.intellij.inspections.tainted.annotation.equation.Equations'>
            <val val="{ &quot;PrinterAbortException := PrinterAbortException&quot; }"/>
        </annotation>
    </item>
    <item name='java.awt.print.PrinterException PrinterException(java.lang.String)'>
        <annotation name='com.intellij.inspections.tainted.annotation.equation.Equations'>
            <val val="{ &quot;PrinterException := PrinterException&quot;, &quot;msg := PrinterAbortException#PrinterAbortException(java.lang.String)#0&quot; }"/>
        </annotation>
    </item>
    <item name='java.awt.print.PrinterIOException PrinterIOException(java.io.IOException)'>
        <annotation name='com.intellij.inspections.tainted.annotation.equation.Equations'>
            <val val="{ &quot;PrinterIOException := PrinterIOException&quot; }"/>
        </annotation>
    </item>
    <item name='java.awt.print.PrinterIOException java.io.IOException getIOException()'>
        <annotation name='com.intellij.inspections.tainted.annotation.equation.Equations'>
            <val val="{ &quot;getIOException := PrinterIOException&quot; }"/>
        </annotation>
    </item>
    <item name='java.awt.print.PrinterIOException java.lang.Throwable getCause()'>
        <annotation name='com.intellij.inspections.tainted.annotation.equation.Equations'>
            <val val="{ &quot;getCause := PrinterIOException&quot; }"/>
        </annotation>
    </item>
</root>