<root>
    <item name='com.sun.source.tree.TreeVisitor R visitAnnotatedType(com.sun.source.tree.AnnotatedTypeTree, P)'>
        <annotation name='com.intellij.inspections.tainted.annotation.equation.Equations'>
            <val val="{ &quot;p := com.sun.source.util.TreeScanner#visitAnnotatedType(com.sun.source.tree.AnnotatedTypeTree, java.lang.Object)#1 &amp; com.sun.source.util.SimpleTreeVisitor#visitAnnotatedType(com.sun.source.tree.AnnotatedTypeTree, java.lang.Object)#1&quot;, &quot;node := com.sun.source.util.TreeScanner#visitAnnotatedType(com.sun.source.tree.AnnotatedTypeTree, java.lang.Object)#0 &amp; com.sun.source.util.SimpleTreeVisitor#visitAnnotatedType(com.sun.source.tree.AnnotatedTypeTree, java.lang.Object)#0&quot;, &quot;visitAnnotatedType := com.sun.source.util.TreeScanner#visitAnnotatedType(com.sun.source.tree.AnnotatedTypeTree, java.lang.Object) &amp; com.sun.source.util.SimpleTreeVisitor#visitAnnotatedType(com.sun.source.tree.AnnotatedTypeTree, java.lang.Object)&quot; }"/>
        </annotation>
    </item>
    <item name='com.sun.source.tree.TreeVisitor R visitAnnotation(com.sun.source.tree.AnnotationTree, P)'>
        <annotation name='com.intellij.inspections.tainted.annotation.equation.Equations'>
            <val val="{ &quot;visitAnnotation := com.sun.source.util.TreeScanner#visitAnnotation(com.sun.source.tree.AnnotationTree, java.lang.Object) &amp; com.sun.source.util.SimpleTreeVisitor#visitAnnotation(com.sun.source.tree.AnnotationTree, java.lang.Object)&quot;, &quot;p := com.sun.source.util.TreeScanner#visitAnnotation(com.sun.source.tree.AnnotationTree, java.lang.Object)#1 &amp; com.sun.source.util.SimpleTreeVisitor#visitAnnotation(com.sun.source.tree.AnnotationTree, java.lang.Object)#1&quot;, &quot;node := com.sun.source.util.TreeScanner#visitAnnotation(com.sun.source.tree.AnnotationTree, java.lang.Object)#0 &amp; com.sun.source.util.SimpleTreeVisitor#visitAnnotation(com.sun.source.tree.AnnotationTree, java.lang.Object)#0&quot; }"/>
        </annotation>
    </item>
    <item name='com.sun.source.tree.TreeVisitor R visitArrayAccess(com.sun.source.tree.ArrayAccessTree, P)'>
        <annotation name='com.intellij.inspections.tainted.annotation.equation.Equations'>
            <val val="{ &quot;visitArrayAccess := com.sun.source.util.TreeScanner#visitArrayAccess(com.sun.source.tree.ArrayAccessTree, java.lang.Object) &amp; com.sun.source.util.SimpleTreeVisitor#visitArrayAccess(com.sun.source.tree.ArrayAccessTree, java.lang.Object)&quot;, &quot;p := com.sun.source.util.TreeScanner#visitArrayAccess(com.sun.source.tree.ArrayAccessTree, java.lang.Object)#1 &amp; com.sun.source.util.SimpleTreeVisitor#visitArrayAccess(com.sun.source.tree.ArrayAccessTree, java.lang.Object)#1&quot;, &quot;node := com.sun.source.util.TreeScanner#visitArrayAccess(com.sun.source.tree.ArrayAccessTree, java.lang.Object)#0 &amp; com.sun.source.util.SimpleTreeVisitor#visitArrayAccess(com.sun.source.tree.ArrayAccessTree, java.lang.Object)#0&quot; }"/>
        </annotation>
    </item>
    <item name='com.sun.source.tree.TreeVisitor R visitArrayType(com.sun.source.tree.ArrayTypeTree, P)'>
        <annotation name='com.intellij.inspections.tainted.annotation.equation.Equations'>
            <val val="{ &quot;p := com.sun.source.util.TreeScanner#visitArrayType(com.sun.source.tree.ArrayTypeTree, java.lang.Object)#1 &amp; com.sun.source.util.SimpleTreeVisitor#visitArrayType(com.sun.source.tree.ArrayTypeTree, java.lang.Object)#1&quot;, &quot;node := com.sun.source.util.TreeScanner#visitArrayType(com.sun.source.tree.ArrayTypeTree, java.lang.Object)#0 &amp; com.sun.source.util.SimpleTreeVisitor#visitArrayType(com.sun.source.tree.ArrayTypeTree, java.lang.Object)#0&quot;, &quot;visitArrayType := com.sun.source.util.TreeScanner#visitArrayType(com.sun.source.tree.ArrayTypeTree, java.lang.Object) &amp; com.sun.source.util.SimpleTreeVisitor#visitArrayType(com.sun.source.tree.ArrayTypeTree, java.lang.Object)&quot; }"/>
        </annotation>
    </item>
    <item name='com.sun.source.tree.TreeVisitor R visitAssert(com.sun.source.tree.AssertTree, P)'>
        <annotation name='com.intellij.inspections.tainted.annotation.equation.Equations'>
            <val val="{ &quot;visitAssert := com.sun.source.util.TreeScanner#visitAssert(com.sun.source.tree.AssertTree, java.lang.Object) &amp; com.sun.source.util.SimpleTreeVisitor#visitAssert(com.sun.source.tree.AssertTree, java.lang.Object)&quot;, &quot;p := com.sun.source.util.TreeScanner#visitAssert(com.sun.source.tree.AssertTree, java.lang.Object)#1 &amp; com.sun.source.util.SimpleTreeVisitor#visitAssert(com.sun.source.tree.AssertTree, java.lang.Object)#1&quot;, &quot;node := com.sun.source.util.TreeScanner#visitAssert(com.sun.source.tree.AssertTree, java.lang.Object)#0 &amp; com.sun.source.util.SimpleTreeVisitor#visitAssert(com.sun.source.tree.AssertTree, java.lang.Object)#0&quot; }"/>
        </annotation>
    </item>
    <item name='com.sun.source.tree.TreeVisitor R visitAssignment(com.sun.source.tree.AssignmentTree, P)'>
        <annotation name='com.intellij.inspections.tainted.annotation.equation.Equations'>
            <val val="{ &quot;node := com.sun.source.util.TreeScanner#visitAssignment(com.sun.source.tree.AssignmentTree, java.lang.Object)#0 &amp; com.sun.source.util.SimpleTreeVisitor#visitAssignment(com.sun.source.tree.AssignmentTree, java.lang.Object)#0&quot;, &quot;p := com.sun.source.util.TreeScanner#visitAssignment(com.sun.source.tree.AssignmentTree, java.lang.Object)#1 &amp; com.sun.source.util.SimpleTreeVisitor#visitAssignment(com.sun.source.tree.AssignmentTree, java.lang.Object)#1&quot;, &quot;visitAssignment := com.sun.source.util.TreeScanner#visitAssignment(com.sun.source.tree.AssignmentTree, java.lang.Object) &amp; com.sun.source.util.SimpleTreeVisitor#visitAssignment(com.sun.source.tree.AssignmentTree, java.lang.Object)&quot; }"/>
        </annotation>
    </item>
    <item name='com.sun.source.tree.TreeVisitor R visitBinary(com.sun.source.tree.BinaryTree, P)'>
        <annotation name='com.intellij.inspections.tainted.annotation.equation.Equations'>
            <val val="{ &quot;visitBinary := com.sun.source.util.TreeScanner#visitBinary(com.sun.source.tree.BinaryTree, java.lang.Object) &amp; com.sun.source.util.SimpleTreeVisitor#visitBinary(com.sun.source.tree.BinaryTree, java.lang.Object)&quot;, &quot;node := com.sun.source.util.TreeScanner#visitBinary(com.sun.source.tree.BinaryTree, java.lang.Object)#0 &amp; com.sun.source.util.SimpleTreeVisitor#visitBinary(com.sun.source.tree.BinaryTree, java.lang.Object)#0&quot;, &quot;p := com.sun.source.util.TreeScanner#visitBinary(com.sun.source.tree.BinaryTree, java.lang.Object)#1 &amp; com.sun.source.util.SimpleTreeVisitor#visitBinary(com.sun.source.tree.BinaryTree, java.lang.Object)#1&quot; }"/>
        </annotation>
    </item>
    <item name='com.sun.source.tree.TreeVisitor R visitBlock(com.sun.source.tree.BlockTree, P)'>
        <annotation name='com.intellij.inspections.tainted.annotation.equation.Equations'>
            <val val="{ &quot;p := com.sun.source.util.TreeScanner#visitBlock(com.sun.source.tree.BlockTree, java.lang.Object)#1 &amp; com.sun.source.util.SimpleTreeVisitor#visitBlock(com.sun.source.tree.BlockTree, java.lang.Object)#1&quot;, &quot;node := com.sun.source.util.TreeScanner#visitBlock(com.sun.source.tree.BlockTree, java.lang.Object)#0 &amp; com.sun.source.util.SimpleTreeVisitor#visitBlock(com.sun.source.tree.BlockTree, java.lang.Object)#0&quot;, &quot;visitBlock := com.sun.source.util.TreeScanner#visitBlock(com.sun.source.tree.BlockTree, java.lang.Object) &amp; com.sun.source.util.SimpleTreeVisitor#visitBlock(com.sun.source.tree.BlockTree, java.lang.Object)&quot; }"/>
        </annotation>
    </item>
    <item name='com.sun.source.tree.TreeVisitor R visitCase(com.sun.source.tree.CaseTree, P)'>
        <annotation name='com.intellij.inspections.tainted.annotation.equation.Equations'>
            <val val="{ &quot;p := com.sun.source.util.TreeScanner#visitCase(com.sun.source.tree.CaseTree, java.lang.Object)#1 &amp; com.sun.source.util.SimpleTreeVisitor#visitCase(com.sun.source.tree.CaseTree, java.lang.Object)#1&quot;, &quot;node := com.sun.source.util.TreeScanner#visitCase(com.sun.source.tree.CaseTree, java.lang.Object)#0 &amp; com.sun.source.util.SimpleTreeVisitor#visitCase(com.sun.source.tree.CaseTree, java.lang.Object)#0&quot;, &quot;visitCase := com.sun.source.util.TreeScanner#visitCase(com.sun.source.tree.CaseTree, java.lang.Object) &amp; com.sun.source.util.SimpleTreeVisitor#visitCase(com.sun.source.tree.CaseTree, java.lang.Object)&quot; }"/>
        </annotation>
    </item>
    <item name='com.sun.source.tree.TreeVisitor R visitCatch(com.sun.source.tree.CatchTree, P)'>
        <annotation name='com.intellij.inspections.tainted.annotation.equation.Equations'>
            <val val="{ &quot;visitCatch := com.sun.source.util.TreeScanner#visitCatch(com.sun.source.tree.CatchTree, java.lang.Object) &amp; com.sun.source.util.SimpleTreeVisitor#visitCatch(com.sun.source.tree.CatchTree, java.lang.Object)&quot;, &quot;node := com.sun.source.util.TreeScanner#visitCatch(com.sun.source.tree.CatchTree, java.lang.Object)#0 &amp; com.sun.source.util.SimpleTreeVisitor#visitCatch(com.sun.source.tree.CatchTree, java.lang.Object)#0&quot;, &quot;p := com.sun.source.util.TreeScanner#visitCatch(com.sun.source.tree.CatchTree, java.lang.Object)#1 &amp; com.sun.source.util.SimpleTreeVisitor#visitCatch(com.sun.source.tree.CatchTree, java.lang.Object)#1&quot; }"/>
        </annotation>
    </item>
    <item name='com.sun.source.tree.TreeVisitor R visitClass(com.sun.source.tree.ClassTree, P)'>
        <annotation name='com.intellij.inspections.tainted.annotation.equation.Equations'>
            <val val="{ &quot;visitClass := com.sun.source.util.TreeScanner#visitClass(com.sun.source.tree.ClassTree, java.lang.Object) &amp; com.sun.source.util.SimpleTreeVisitor#visitClass(com.sun.source.tree.ClassTree, java.lang.Object)&quot;, &quot;p := com.sun.source.util.TreeScanner#visitClass(com.sun.source.tree.ClassTree, java.lang.Object)#1 &amp; com.sun.source.util.SimpleTreeVisitor#visitClass(com.sun.source.tree.ClassTree, java.lang.Object)#1&quot;, &quot;node := com.sun.source.util.TreeScanner#visitClass(com.sun.source.tree.ClassTree, java.lang.Object)#0 &amp; com.sun.source.util.SimpleTreeVisitor#visitClass(com.sun.source.tree.ClassTree, java.lang.Object)#0&quot; }"/>
        </annotation>
    </item>
    <item name='com.sun.source.tree.TreeVisitor R visitCompilationUnit(com.sun.source.tree.CompilationUnitTree, P)'>
        <annotation name='com.intellij.inspections.tainted.annotation.equation.Equations'>
            <val val="{ &quot;p := com.sun.source.util.TreeScanner#visitCompilationUnit(com.sun.source.tree.CompilationUnitTree, java.lang.Object)#1 &amp; com.sun.source.util.SimpleTreeVisitor#visitCompilationUnit(com.sun.source.tree.CompilationUnitTree, java.lang.Object)#1&quot;, &quot;node := com.sun.source.util.TreeScanner#visitCompilationUnit(com.sun.source.tree.CompilationUnitTree, java.lang.Object)#0 &amp; com.sun.source.util.SimpleTreeVisitor#visitCompilationUnit(com.sun.source.tree.CompilationUnitTree, java.lang.Object)#0&quot;, &quot;visitCompilationUnit := com.sun.source.util.TreeScanner#visitCompilationUnit(com.sun.source.tree.CompilationUnitTree, java.lang.Object) &amp; com.sun.source.util.SimpleTreeVisitor#visitCompilationUnit(com.sun.source.tree.CompilationUnitTree, java.lang.Object)&quot; }"/>
        </annotation>
    </item>
    <item name='com.sun.source.tree.TreeVisitor R visitCompoundAssignment(com.sun.source.tree.CompoundAssignmentTree, P)'>
        <annotation name='com.intellij.inspections.tainted.annotation.equation.Equations'>
            <val val="{ &quot;node := com.sun.source.util.TreeScanner#visitCompoundAssignment(com.sun.source.tree.CompoundAssignmentTree, java.lang.Object)#0 &amp; com.sun.source.util.SimpleTreeVisitor#visitCompoundAssignment(com.sun.source.tree.CompoundAssignmentTree, java.lang.Object)#0&quot;, &quot;p := com.sun.source.util.TreeScanner#visitCompoundAssignment(com.sun.source.tree.CompoundAssignmentTree, java.lang.Object)#1 &amp; com.sun.source.util.SimpleTreeVisitor#visitCompoundAssignment(com.sun.source.tree.CompoundAssignmentTree, java.lang.Object)#1&quot;, &quot;visitCompoundAssignment := com.sun.source.util.TreeScanner#visitCompoundAssignment(com.sun.source.tree.CompoundAssignmentTree, java.lang.Object) &amp; com.sun.source.util.SimpleTreeVisitor#visitCompoundAssignment(com.sun.source.tree.CompoundAssignmentTree, java.lang.Object)&quot; }"/>
        </annotation>
    </item>
    <item name='com.sun.source.tree.TreeVisitor R visitConditionalExpression(com.sun.source.tree.ConditionalExpressionTree, P)'>
        <annotation name='com.intellij.inspections.tainted.annotation.equation.Equations'>
            <val val="{ &quot;node := com.sun.source.util.TreeScanner#visitConditionalExpression(com.sun.source.tree.ConditionalExpressionTree, java.lang.Object)#0 &amp; com.sun.source.util.SimpleTreeVisitor#visitConditionalExpression(com.sun.source.tree.ConditionalExpressionTree, java.lang.Object)#0&quot;, &quot;p := com.sun.source.util.TreeScanner#visitConditionalExpression(com.sun.source.tree.ConditionalExpressionTree, java.lang.Object)#1 &amp; com.sun.source.util.SimpleTreeVisitor#visitConditionalExpression(com.sun.source.tree.ConditionalExpressionTree, java.lang.Object)#1&quot;, &quot;visitConditionalExpression := com.sun.source.util.TreeScanner#visitConditionalExpression(com.sun.source.tree.ConditionalExpressionTree, java.lang.Object) &amp; com.sun.source.util.SimpleTreeVisitor#visitConditionalExpression(com.sun.source.tree.ConditionalExpressionTree, java.lang.Object)&quot; }"/>
        </annotation>
    </item>
    <item name='com.sun.source.tree.TreeVisitor R visitDoWhileLoop(com.sun.source.tree.DoWhileLoopTree, P)'>
        <annotation name='com.intellij.inspections.tainted.annotation.equation.Equations'>
            <val val="{ &quot;node := com.sun.source.util.TreeScanner#visitDoWhileLoop(com.sun.source.tree.DoWhileLoopTree, java.lang.Object)#0 &amp; com.sun.source.util.SimpleTreeVisitor#visitDoWhileLoop(com.sun.source.tree.DoWhileLoopTree, java.lang.Object)#0&quot;, &quot;visitDoWhileLoop := com.sun.source.util.TreeScanner#visitDoWhileLoop(com.sun.source.tree.DoWhileLoopTree, java.lang.Object) &amp; com.sun.source.util.SimpleTreeVisitor#visitDoWhileLoop(com.sun.source.tree.DoWhileLoopTree, java.lang.Object)&quot;, &quot;p := com.sun.source.util.TreeScanner#visitDoWhileLoop(com.sun.source.tree.DoWhileLoopTree, java.lang.Object)#1 &amp; com.sun.source.util.SimpleTreeVisitor#visitDoWhileLoop(com.sun.source.tree.DoWhileLoopTree, java.lang.Object)#1&quot; }"/>
        </annotation>
    </item>
    <item name='com.sun.source.tree.TreeVisitor R visitEnhancedForLoop(com.sun.source.tree.EnhancedForLoopTree, P)'>
        <annotation name='com.intellij.inspections.tainted.annotation.equation.Equations'>
            <val val="{ &quot;node := com.sun.source.util.TreeScanner#visitEnhancedForLoop(com.sun.source.tree.EnhancedForLoopTree, java.lang.Object)#0 &amp; com.sun.source.util.SimpleTreeVisitor#visitEnhancedForLoop(com.sun.source.tree.EnhancedForLoopTree, java.lang.Object)#0&quot;, &quot;visitEnhancedForLoop := com.sun.source.util.TreeScanner#visitEnhancedForLoop(com.sun.source.tree.EnhancedForLoopTree, java.lang.Object) &amp; com.sun.source.util.SimpleTreeVisitor#visitEnhancedForLoop(com.sun.source.tree.EnhancedForLoopTree, java.lang.Object)&quot;, &quot;p := com.sun.source.util.TreeScanner#visitEnhancedForLoop(com.sun.source.tree.EnhancedForLoopTree, java.lang.Object)#1 &amp; com.sun.source.util.SimpleTreeVisitor#visitEnhancedForLoop(com.sun.source.tree.EnhancedForLoopTree, java.lang.Object)#1&quot; }"/>
        </annotation>
    </item>
    <item name='com.sun.source.tree.TreeVisitor R visitExpressionStatement(com.sun.source.tree.ExpressionStatementTree, P)'>
        <annotation name='com.intellij.inspections.tainted.annotation.equation.Equations'>
            <val val="{ &quot;visitExpressionStatement := com.sun.source.util.TreeScanner#visitExpressionStatement(com.sun.source.tree.ExpressionStatementTree, java.lang.Object) &amp; com.sun.source.util.SimpleTreeVisitor#visitExpressionStatement(com.sun.source.tree.ExpressionStatementTree, java.lang.Object)&quot;, &quot;p := com.sun.source.util.TreeScanner#visitExpressionStatement(com.sun.source.tree.ExpressionStatementTree, java.lang.Object)#1 &amp; com.sun.source.util.SimpleTreeVisitor#visitExpressionStatement(com.sun.source.tree.ExpressionStatementTree, java.lang.Object)#1&quot;, &quot;node := com.sun.source.util.TreeScanner#visitExpressionStatement(com.sun.source.tree.ExpressionStatementTree, java.lang.Object)#0 &amp; com.sun.source.util.SimpleTreeVisitor#visitExpressionStatement(com.sun.source.tree.ExpressionStatementTree, java.lang.Object)#0&quot; }"/>
        </annotation>
    </item>
    <item name='com.sun.source.tree.TreeVisitor R visitForLoop(com.sun.source.tree.ForLoopTree, P)'>
        <annotation name='com.intellij.inspections.tainted.annotation.equation.Equations'>
            <val val="{ &quot;p := com.sun.source.util.TreeScanner#visitForLoop(com.sun.source.tree.ForLoopTree, java.lang.Object)#1 &amp; com.sun.source.util.SimpleTreeVisitor#visitForLoop(com.sun.source.tree.ForLoopTree, java.lang.Object)#1&quot;, &quot;node := com.sun.source.util.TreeScanner#visitForLoop(com.sun.source.tree.ForLoopTree, java.lang.Object)#0 &amp; com.sun.source.util.SimpleTreeVisitor#visitForLoop(com.sun.source.tree.ForLoopTree, java.lang.Object)#0&quot;, &quot;visitForLoop := com.sun.source.util.TreeScanner#visitForLoop(com.sun.source.tree.ForLoopTree, java.lang.Object) &amp; com.sun.source.util.SimpleTreeVisitor#visitForLoop(com.sun.source.tree.ForLoopTree, java.lang.Object)&quot; }"/>
        </annotation>
    </item>
    <item name='com.sun.source.tree.TreeVisitor R visitIf(com.sun.source.tree.IfTree, P)'>
        <annotation name='com.intellij.inspections.tainted.annotation.equation.Equations'>
            <val val="{ &quot;node := com.sun.source.util.TreeScanner#visitIf(com.sun.source.tree.IfTree, java.lang.Object)#0 &amp; com.sun.source.util.SimpleTreeVisitor#visitIf(com.sun.source.tree.IfTree, java.lang.Object)#0&quot;, &quot;visitIf := com.sun.source.util.TreeScanner#visitIf(com.sun.source.tree.IfTree, java.lang.Object) &amp; com.sun.source.util.SimpleTreeVisitor#visitIf(com.sun.source.tree.IfTree, java.lang.Object)&quot;, &quot;p := com.sun.source.util.TreeScanner#visitIf(com.sun.source.tree.IfTree, java.lang.Object)#1 &amp; com.sun.source.util.SimpleTreeVisitor#visitIf(com.sun.source.tree.IfTree, java.lang.Object)#1&quot; }"/>
        </annotation>
    </item>
    <item name='com.sun.source.tree.TreeVisitor R visitImport(com.sun.source.tree.ImportTree, P)'>
        <annotation name='com.intellij.inspections.tainted.annotation.equation.Equations'>
            <val val="{ &quot;p := com.sun.source.util.TreeScanner#visitImport(com.sun.source.tree.ImportTree, java.lang.Object)#1 &amp; com.sun.source.util.SimpleTreeVisitor#visitImport(com.sun.source.tree.ImportTree, java.lang.Object)#1&quot;, &quot;visitImport := com.sun.source.util.TreeScanner#visitImport(com.sun.source.tree.ImportTree, java.lang.Object) &amp; com.sun.source.util.SimpleTreeVisitor#visitImport(com.sun.source.tree.ImportTree, java.lang.Object)&quot;, &quot;node := com.sun.source.util.TreeScanner#visitImport(com.sun.source.tree.ImportTree, java.lang.Object)#0 &amp; com.sun.source.util.SimpleTreeVisitor#visitImport(com.sun.source.tree.ImportTree, java.lang.Object)#0&quot; }"/>
        </annotation>
    </item>
    <item name='com.sun.source.tree.TreeVisitor R visitInstanceOf(com.sun.source.tree.InstanceOfTree, P)'>
        <annotation name='com.intellij.inspections.tainted.annotation.equation.Equations'>
            <val val="{ &quot;p := com.sun.source.util.TreeScanner#visitInstanceOf(com.sun.source.tree.InstanceOfTree, java.lang.Object)#1 &amp; com.sun.source.util.SimpleTreeVisitor#visitInstanceOf(com.sun.source.tree.InstanceOfTree, java.lang.Object)#1&quot;, &quot;node := com.sun.source.util.TreeScanner#visitInstanceOf(com.sun.source.tree.InstanceOfTree, java.lang.Object)#0 &amp; com.sun.source.util.SimpleTreeVisitor#visitInstanceOf(com.sun.source.tree.InstanceOfTree, java.lang.Object)#0&quot;, &quot;visitInstanceOf := com.sun.source.util.TreeScanner#visitInstanceOf(com.sun.source.tree.InstanceOfTree, java.lang.Object) &amp; com.sun.source.util.SimpleTreeVisitor#visitInstanceOf(com.sun.source.tree.InstanceOfTree, java.lang.Object)&quot; }"/>
        </annotation>
    </item>
    <item name='com.sun.source.tree.TreeVisitor R visitIntersectionType(com.sun.source.tree.IntersectionTypeTree, P)'>
        <annotation name='com.intellij.inspections.tainted.annotation.equation.Equations'>
            <val val="{ &quot;p := com.sun.source.util.TreeScanner#visitIntersectionType(com.sun.source.tree.IntersectionTypeTree, java.lang.Object)#1 &amp; com.sun.source.util.SimpleTreeVisitor#visitIntersectionType(com.sun.source.tree.IntersectionTypeTree, java.lang.Object)#1&quot;, &quot;visitIntersectionType := com.sun.source.util.TreeScanner#visitIntersectionType(com.sun.source.tree.IntersectionTypeTree, java.lang.Object) &amp; com.sun.source.util.SimpleTreeVisitor#visitIntersectionType(com.sun.source.tree.IntersectionTypeTree, java.lang.Object)&quot;, &quot;node := com.sun.source.util.TreeScanner#visitIntersectionType(com.sun.source.tree.IntersectionTypeTree, java.lang.Object)#0 &amp; com.sun.source.util.SimpleTreeVisitor#visitIntersectionType(com.sun.source.tree.IntersectionTypeTree, java.lang.Object)#0&quot; }"/>
        </annotation>
    </item>
    <item name='com.sun.source.tree.TreeVisitor R visitLabeledStatement(com.sun.source.tree.LabeledStatementTree, P)'>
        <annotation name='com.intellij.inspections.tainted.annotation.equation.Equations'>
            <val val="{ &quot;p := com.sun.source.util.TreeScanner#visitLabeledStatement(com.sun.source.tree.LabeledStatementTree, java.lang.Object)#1 &amp; com.sun.source.util.SimpleTreeVisitor#visitLabeledStatement(com.sun.source.tree.LabeledStatementTree, java.lang.Object)#1&quot;, &quot;visitLabeledStatement := com.sun.source.util.TreeScanner#visitLabeledStatement(com.sun.source.tree.LabeledStatementTree, java.lang.Object) &amp; com.sun.source.util.SimpleTreeVisitor#visitLabeledStatement(com.sun.source.tree.LabeledStatementTree, java.lang.Object)&quot;, &quot;node := com.sun.source.util.TreeScanner#visitLabeledStatement(com.sun.source.tree.LabeledStatementTree, java.lang.Object)#0 &amp; com.sun.source.util.SimpleTreeVisitor#visitLabeledStatement(com.sun.source.tree.LabeledStatementTree, java.lang.Object)#0&quot; }"/>
        </annotation>
    </item>
    <item name='com.sun.source.tree.TreeVisitor R visitLambdaExpression(com.sun.source.tree.LambdaExpressionTree, P)'>
        <annotation name='com.intellij.inspections.tainted.annotation.equation.Equations'>
            <val val="{ &quot;visitLambdaExpression := com.sun.source.util.TreeScanner#visitLambdaExpression(com.sun.source.tree.LambdaExpressionTree, java.lang.Object) &amp; com.sun.source.util.SimpleTreeVisitor#visitLambdaExpression(com.sun.source.tree.LambdaExpressionTree, java.lang.Object)&quot;, &quot;p := com.sun.source.util.TreeScanner#visitLambdaExpression(com.sun.source.tree.LambdaExpressionTree, java.lang.Object)#1 &amp; com.sun.source.util.SimpleTreeVisitor#visitLambdaExpression(com.sun.source.tree.LambdaExpressionTree, java.lang.Object)#1&quot;, &quot;node := com.sun.source.util.TreeScanner#visitLambdaExpression(com.sun.source.tree.LambdaExpressionTree, java.lang.Object)#0 &amp; com.sun.source.util.SimpleTreeVisitor#visitLambdaExpression(com.sun.source.tree.LambdaExpressionTree, java.lang.Object)#0&quot; }"/>
        </annotation>
    </item>
    <item name='com.sun.source.tree.TreeVisitor R visitMemberReference(com.sun.source.tree.MemberReferenceTree, P)'>
        <annotation name='com.intellij.inspections.tainted.annotation.equation.Equations'>
            <val val="{ &quot;visitMemberReference := com.sun.source.util.TreeScanner#visitMemberReference(com.sun.source.tree.MemberReferenceTree, java.lang.Object) &amp; com.sun.source.util.SimpleTreeVisitor#visitMemberReference(com.sun.source.tree.MemberReferenceTree, java.lang.Object)&quot;, &quot;node := com.sun.source.util.TreeScanner#visitMemberReference(com.sun.source.tree.MemberReferenceTree, java.lang.Object)#0 &amp; com.sun.source.util.SimpleTreeVisitor#visitMemberReference(com.sun.source.tree.MemberReferenceTree, java.lang.Object)#0&quot;, &quot;p := com.sun.source.util.TreeScanner#visitMemberReference(com.sun.source.tree.MemberReferenceTree, java.lang.Object)#1 &amp; com.sun.source.util.SimpleTreeVisitor#visitMemberReference(com.sun.source.tree.MemberReferenceTree, java.lang.Object)#1&quot; }"/>
        </annotation>
    </item>
    <item name='com.sun.source.tree.TreeVisitor R visitMemberSelect(com.sun.source.tree.MemberSelectTree, P)'>
        <annotation name='com.intellij.inspections.tainted.annotation.equation.Equations'>
            <val val="{ &quot;visitMemberSelect := com.sun.source.util.TreeScanner#visitMemberSelect(com.sun.source.tree.MemberSelectTree, java.lang.Object) &amp; com.sun.source.util.SimpleTreeVisitor#visitMemberSelect(com.sun.source.tree.MemberSelectTree, java.lang.Object)&quot;, &quot;p := com.sun.source.util.TreeScanner#visitMemberSelect(com.sun.source.tree.MemberSelectTree, java.lang.Object)#1 &amp; com.sun.source.util.SimpleTreeVisitor#visitMemberSelect(com.sun.source.tree.MemberSelectTree, java.lang.Object)#1&quot;, &quot;node := com.sun.source.util.TreeScanner#visitMemberSelect(com.sun.source.tree.MemberSelectTree, java.lang.Object)#0 &amp; com.sun.source.util.SimpleTreeVisitor#visitMemberSelect(com.sun.source.tree.MemberSelectTree, java.lang.Object)#0&quot; }"/>
        </annotation>
    </item>
    <item name='com.sun.source.tree.TreeVisitor R visitMethod(com.sun.source.tree.MethodTree, P)'>
        <annotation name='com.intellij.inspections.tainted.annotation.equation.Equations'>
            <val val="{ &quot;p := com.sun.source.util.TreeScanner#visitMethod(com.sun.source.tree.MethodTree, java.lang.Object)#1 &amp; com.sun.source.util.SimpleTreeVisitor#visitMethod(com.sun.source.tree.MethodTree, java.lang.Object)#1&quot;, &quot;node := com.sun.source.util.TreeScanner#visitMethod(com.sun.source.tree.MethodTree, java.lang.Object)#0 &amp; com.sun.source.util.SimpleTreeVisitor#visitMethod(com.sun.source.tree.MethodTree, java.lang.Object)#0&quot;, &quot;visitMethod := com.sun.source.util.TreeScanner#visitMethod(com.sun.source.tree.MethodTree, java.lang.Object) &amp; com.sun.source.util.SimpleTreeVisitor#visitMethod(com.sun.source.tree.MethodTree, java.lang.Object)&quot; }"/>
        </annotation>
    </item>
    <item name='com.sun.source.tree.TreeVisitor R visitMethodInvocation(com.sun.source.tree.MethodInvocationTree, P)'>
        <annotation name='com.intellij.inspections.tainted.annotation.equation.Equations'>
            <val val="{ &quot;visitMethodInvocation := com.sun.source.util.TreeScanner#visitMethodInvocation(com.sun.source.tree.MethodInvocationTree, java.lang.Object) &amp; com.sun.source.util.SimpleTreeVisitor#visitMethodInvocation(com.sun.source.tree.MethodInvocationTree, java.lang.Object)&quot;, &quot;p := com.sun.source.util.TreeScanner#visitMethodInvocation(com.sun.source.tree.MethodInvocationTree, java.lang.Object)#1 &amp; com.sun.source.util.SimpleTreeVisitor#visitMethodInvocation(com.sun.source.tree.MethodInvocationTree, java.lang.Object)#1&quot;, &quot;node := com.sun.source.util.TreeScanner#visitMethodInvocation(com.sun.source.tree.MethodInvocationTree, java.lang.Object)#0 &amp; com.sun.source.util.SimpleTreeVisitor#visitMethodInvocation(com.sun.source.tree.MethodInvocationTree, java.lang.Object)#0&quot; }"/>
        </annotation>
    </item>
    <item name='com.sun.source.tree.TreeVisitor R visitModifiers(com.sun.source.tree.ModifiersTree, P)'>
        <annotation name='com.intellij.inspections.tainted.annotation.equation.Equations'>
            <val val="{ &quot;visitModifiers := com.sun.source.util.TreeScanner#visitModifiers(com.sun.source.tree.ModifiersTree, java.lang.Object) &amp; com.sun.source.util.SimpleTreeVisitor#visitModifiers(com.sun.source.tree.ModifiersTree, java.lang.Object)&quot;, &quot;node := com.sun.source.util.TreeScanner#visitModifiers(com.sun.source.tree.ModifiersTree, java.lang.Object)#0 &amp; com.sun.source.util.SimpleTreeVisitor#visitModifiers(com.sun.source.tree.ModifiersTree, java.lang.Object)#0&quot;, &quot;p := com.sun.source.util.TreeScanner#visitModifiers(com.sun.source.tree.ModifiersTree, java.lang.Object)#1 &amp; com.sun.source.util.SimpleTreeVisitor#visitModifiers(com.sun.source.tree.ModifiersTree, java.lang.Object)#1&quot; }"/>
        </annotation>
    </item>
    <item name='com.sun.source.tree.TreeVisitor R visitNewArray(com.sun.source.tree.NewArrayTree, P)'>
        <annotation name='com.intellij.inspections.tainted.annotation.equation.Equations'>
            <val val="{ &quot;visitNewArray := com.sun.source.util.TreeScanner#visitNewArray(com.sun.source.tree.NewArrayTree, java.lang.Object) &amp; com.sun.source.util.SimpleTreeVisitor#visitNewArray(com.sun.source.tree.NewArrayTree, java.lang.Object)&quot;, &quot;p := com.sun.source.util.TreeScanner#visitNewArray(com.sun.source.tree.NewArrayTree, java.lang.Object)#1 &amp; com.sun.source.util.SimpleTreeVisitor#visitNewArray(com.sun.source.tree.NewArrayTree, java.lang.Object)#1&quot;, &quot;node := com.sun.source.util.TreeScanner#visitNewArray(com.sun.source.tree.NewArrayTree, java.lang.Object)#0 &amp; com.sun.source.util.SimpleTreeVisitor#visitNewArray(com.sun.source.tree.NewArrayTree, java.lang.Object)#0&quot; }"/>
        </annotation>
    </item>
    <item name='com.sun.source.tree.TreeVisitor R visitNewClass(com.sun.source.tree.NewClassTree, P)'>
        <annotation name='com.intellij.inspections.tainted.annotation.equation.Equations'>
            <val val="{ &quot;node := com.sun.source.util.TreeScanner#visitNewClass(com.sun.source.tree.NewClassTree, java.lang.Object)#0 &amp; com.sun.source.util.SimpleTreeVisitor#visitNewClass(com.sun.source.tree.NewClassTree, java.lang.Object)#0&quot;, &quot;visitNewClass := com.sun.source.util.TreeScanner#visitNewClass(com.sun.source.tree.NewClassTree, java.lang.Object) &amp; com.sun.source.util.SimpleTreeVisitor#visitNewClass(com.sun.source.tree.NewClassTree, java.lang.Object)&quot;, &quot;p := com.sun.source.util.TreeScanner#visitNewClass(com.sun.source.tree.NewClassTree, java.lang.Object)#1 &amp; com.sun.source.util.SimpleTreeVisitor#visitNewClass(com.sun.source.tree.NewClassTree, java.lang.Object)#1&quot; }"/>
        </annotation>
    </item>
    <item name='com.sun.source.tree.TreeVisitor R visitParameterizedType(com.sun.source.tree.ParameterizedTypeTree, P)'>
        <annotation name='com.intellij.inspections.tainted.annotation.equation.Equations'>
            <val val="{ &quot;p := com.sun.source.util.TreeScanner#visitParameterizedType(com.sun.source.tree.ParameterizedTypeTree, java.lang.Object)#1 &amp; com.sun.source.util.SimpleTreeVisitor#visitParameterizedType(com.sun.source.tree.ParameterizedTypeTree, java.lang.Object)#1&quot;, &quot;node := com.sun.source.util.TreeScanner#visitParameterizedType(com.sun.source.tree.ParameterizedTypeTree, java.lang.Object)#0 &amp; com.sun.source.util.SimpleTreeVisitor#visitParameterizedType(com.sun.source.tree.ParameterizedTypeTree, java.lang.Object)#0&quot;, &quot;visitParameterizedType := com.sun.source.util.TreeScanner#visitParameterizedType(com.sun.source.tree.ParameterizedTypeTree, java.lang.Object) &amp; com.sun.source.util.SimpleTreeVisitor#visitParameterizedType(com.sun.source.tree.ParameterizedTypeTree, java.lang.Object)&quot; }"/>
        </annotation>
    </item>
    <item name='com.sun.source.tree.TreeVisitor R visitParenthesized(com.sun.source.tree.ParenthesizedTree, P)'>
        <annotation name='com.intellij.inspections.tainted.annotation.equation.Equations'>
            <val val="{ &quot;p := com.sun.source.util.TreeScanner#visitParenthesized(com.sun.source.tree.ParenthesizedTree, java.lang.Object)#1 &amp; com.sun.source.util.SimpleTreeVisitor#visitParenthesized(com.sun.source.tree.ParenthesizedTree, java.lang.Object)#1&quot;, &quot;node := com.sun.source.util.TreeScanner#visitParenthesized(com.sun.source.tree.ParenthesizedTree, java.lang.Object)#0 &amp; com.sun.source.util.SimpleTreeVisitor#visitParenthesized(com.sun.source.tree.ParenthesizedTree, java.lang.Object)#0&quot;, &quot;visitParenthesized := com.sun.source.util.TreeScanner#visitParenthesized(com.sun.source.tree.ParenthesizedTree, java.lang.Object) &amp; com.sun.source.util.SimpleTreeVisitor#visitParenthesized(com.sun.source.tree.ParenthesizedTree, java.lang.Object)&quot; }"/>
        </annotation>
    </item>
    <item name='com.sun.source.tree.TreeVisitor R visitReturn(com.sun.source.tree.ReturnTree, P)'>
        <annotation name='com.intellij.inspections.tainted.annotation.equation.Equations'>
            <val val="{ &quot;visitReturn := com.sun.source.util.TreeScanner#visitReturn(com.sun.source.tree.ReturnTree, java.lang.Object) &amp; com.sun.source.util.SimpleTreeVisitor#visitReturn(com.sun.source.tree.ReturnTree, java.lang.Object)&quot;, &quot;p := com.sun.source.util.TreeScanner#visitReturn(com.sun.source.tree.ReturnTree, java.lang.Object)#1 &amp; com.sun.source.util.SimpleTreeVisitor#visitReturn(com.sun.source.tree.ReturnTree, java.lang.Object)#1&quot;, &quot;node := com.sun.source.util.TreeScanner#visitReturn(com.sun.source.tree.ReturnTree, java.lang.Object)#0 &amp; com.sun.source.util.SimpleTreeVisitor#visitReturn(com.sun.source.tree.ReturnTree, java.lang.Object)#0&quot; }"/>
        </annotation>
    </item>
    <item name='com.sun.source.tree.TreeVisitor R visitSwitch(com.sun.source.tree.SwitchTree, P)'>
        <annotation name='com.intellij.inspections.tainted.annotation.equation.Equations'>
            <val val="{ &quot;visitSwitch := com.sun.source.util.TreeScanner#visitSwitch(com.sun.source.tree.SwitchTree, java.lang.Object) &amp; com.sun.source.util.SimpleTreeVisitor#visitSwitch(com.sun.source.tree.SwitchTree, java.lang.Object)&quot;, &quot;node := com.sun.source.util.TreeScanner#visitSwitch(com.sun.source.tree.SwitchTree, java.lang.Object)#0 &amp; com.sun.source.util.SimpleTreeVisitor#visitSwitch(com.sun.source.tree.SwitchTree, java.lang.Object)#0&quot;, &quot;p := com.sun.source.util.TreeScanner#visitSwitch(com.sun.source.tree.SwitchTree, java.lang.Object)#1 &amp; com.sun.source.util.SimpleTreeVisitor#visitSwitch(com.sun.source.tree.SwitchTree, java.lang.Object)#1&quot; }"/>
        </annotation>
    </item>
    <item name='com.sun.source.tree.TreeVisitor R visitSynchronized(com.sun.source.tree.SynchronizedTree, P)'>
        <annotation name='com.intellij.inspections.tainted.annotation.equation.Equations'>
            <val val="{ &quot;node := com.sun.source.util.TreeScanner#visitSynchronized(com.sun.source.tree.SynchronizedTree, java.lang.Object)#0 &amp; com.sun.source.util.SimpleTreeVisitor#visitSynchronized(com.sun.source.tree.SynchronizedTree, java.lang.Object)#0&quot;, &quot;visitSynchronized := com.sun.source.util.TreeScanner#visitSynchronized(com.sun.source.tree.SynchronizedTree, java.lang.Object) &amp; com.sun.source.util.SimpleTreeVisitor#visitSynchronized(com.sun.source.tree.SynchronizedTree, java.lang.Object)&quot;, &quot;p := com.sun.source.util.TreeScanner#visitSynchronized(com.sun.source.tree.SynchronizedTree, java.lang.Object)#1 &amp; com.sun.source.util.SimpleTreeVisitor#visitSynchronized(com.sun.source.tree.SynchronizedTree, java.lang.Object)#1&quot; }"/>
        </annotation>
    </item>
    <item name='com.sun.source.tree.TreeVisitor R visitThrow(com.sun.source.tree.ThrowTree, P)'>
        <annotation name='com.intellij.inspections.tainted.annotation.equation.Equations'>
            <val val="{ &quot;node := com.sun.source.util.TreeScanner#visitThrow(com.sun.source.tree.ThrowTree, java.lang.Object)#0 &amp; com.sun.source.util.SimpleTreeVisitor#visitThrow(com.sun.source.tree.ThrowTree, java.lang.Object)#0&quot;, &quot;p := com.sun.source.util.TreeScanner#visitThrow(com.sun.source.tree.ThrowTree, java.lang.Object)#1 &amp; com.sun.source.util.SimpleTreeVisitor#visitThrow(com.sun.source.tree.ThrowTree, java.lang.Object)#1&quot;, &quot;visitThrow := com.sun.source.util.TreeScanner#visitThrow(com.sun.source.tree.ThrowTree, java.lang.Object) &amp; com.sun.source.util.SimpleTreeVisitor#visitThrow(com.sun.source.tree.ThrowTree, java.lang.Object)&quot; }"/>
        </annotation>
    </item>
    <item name='com.sun.source.tree.TreeVisitor R visitTry(com.sun.source.tree.TryTree, P)'>
        <annotation name='com.intellij.inspections.tainted.annotation.equation.Equations'>
            <val val="{ &quot;node := com.sun.source.util.TreeScanner#visitTry(com.sun.source.tree.TryTree, java.lang.Object)#0 &amp; com.sun.source.util.SimpleTreeVisitor#visitTry(com.sun.source.tree.TryTree, java.lang.Object)#0&quot;, &quot;visitTry := com.sun.source.util.TreeScanner#visitTry(com.sun.source.tree.TryTree, java.lang.Object) &amp; com.sun.source.util.SimpleTreeVisitor#visitTry(com.sun.source.tree.TryTree, java.lang.Object)&quot;, &quot;p := com.sun.source.util.TreeScanner#visitTry(com.sun.source.tree.TryTree, java.lang.Object)#1 &amp; com.sun.source.util.SimpleTreeVisitor#visitTry(com.sun.source.tree.TryTree, java.lang.Object)#1&quot; }"/>
        </annotation>
    </item>
    <item name='com.sun.source.tree.TreeVisitor R visitTypeCast(com.sun.source.tree.TypeCastTree, P)'>
        <annotation name='com.intellij.inspections.tainted.annotation.equation.Equations'>
            <val val="{ &quot;visitTypeCast := com.sun.source.util.TreeScanner#visitTypeCast(com.sun.source.tree.TypeCastTree, java.lang.Object) &amp; com.sun.source.util.SimpleTreeVisitor#visitTypeCast(com.sun.source.tree.TypeCastTree, java.lang.Object)&quot;, &quot;node := com.sun.source.util.TreeScanner#visitTypeCast(com.sun.source.tree.TypeCastTree, java.lang.Object)#0 &amp; com.sun.source.util.SimpleTreeVisitor#visitTypeCast(com.sun.source.tree.TypeCastTree, java.lang.Object)#0&quot;, &quot;p := com.sun.source.util.TreeScanner#visitTypeCast(com.sun.source.tree.TypeCastTree, java.lang.Object)#1 &amp; com.sun.source.util.SimpleTreeVisitor#visitTypeCast(com.sun.source.tree.TypeCastTree, java.lang.Object)#1&quot; }"/>
        </annotation>
    </item>
    <item name='com.sun.source.tree.TreeVisitor R visitTypeParameter(com.sun.source.tree.TypeParameterTree, P)'>
        <annotation name='com.intellij.inspections.tainted.annotation.equation.Equations'>
            <val val="{ &quot;node := com.sun.source.util.TreeScanner#visitTypeParameter(com.sun.source.tree.TypeParameterTree, java.lang.Object)#0 &amp; com.sun.source.util.SimpleTreeVisitor#visitTypeParameter(com.sun.source.tree.TypeParameterTree, java.lang.Object)#0&quot;, &quot;p := com.sun.source.util.TreeScanner#visitTypeParameter(com.sun.source.tree.TypeParameterTree, java.lang.Object)#1 &amp; com.sun.source.util.SimpleTreeVisitor#visitTypeParameter(com.sun.source.tree.TypeParameterTree, java.lang.Object)#1&quot;, &quot;visitTypeParameter := com.sun.source.util.TreeScanner#visitTypeParameter(com.sun.source.tree.TypeParameterTree, java.lang.Object) &amp; com.sun.source.util.SimpleTreeVisitor#visitTypeParameter(com.sun.source.tree.TypeParameterTree, java.lang.Object)&quot; }"/>
        </annotation>
    </item>
    <item name='com.sun.source.tree.TreeVisitor R visitUnary(com.sun.source.tree.UnaryTree, P)'>
        <annotation name='com.intellij.inspections.tainted.annotation.equation.Equations'>
            <val val="{ &quot;node := com.sun.source.util.TreeScanner#visitUnary(com.sun.source.tree.UnaryTree, java.lang.Object)#0 &amp; com.sun.source.util.SimpleTreeVisitor#visitUnary(com.sun.source.tree.UnaryTree, java.lang.Object)#0&quot;, &quot;visitUnary := com.sun.source.util.TreeScanner#visitUnary(com.sun.source.tree.UnaryTree, java.lang.Object) &amp; com.sun.source.util.SimpleTreeVisitor#visitUnary(com.sun.source.tree.UnaryTree, java.lang.Object)&quot;, &quot;p := com.sun.source.util.TreeScanner#visitUnary(com.sun.source.tree.UnaryTree, java.lang.Object)#1 &amp; com.sun.source.util.SimpleTreeVisitor#visitUnary(com.sun.source.tree.UnaryTree, java.lang.Object)#1&quot; }"/>
        </annotation>
    </item>
    <item name='com.sun.source.tree.TreeVisitor R visitUnionType(com.sun.source.tree.UnionTypeTree, P)'>
        <annotation name='com.intellij.inspections.tainted.annotation.equation.Equations'>
            <val val="{ &quot;node := com.sun.source.util.TreeScanner#visitUnionType(com.sun.source.tree.UnionTypeTree, java.lang.Object)#0 &amp; com.sun.source.util.SimpleTreeVisitor#visitUnionType(com.sun.source.tree.UnionTypeTree, java.lang.Object)#0&quot;, &quot;p := com.sun.source.util.TreeScanner#visitUnionType(com.sun.source.tree.UnionTypeTree, java.lang.Object)#1 &amp; com.sun.source.util.SimpleTreeVisitor#visitUnionType(com.sun.source.tree.UnionTypeTree, java.lang.Object)#1&quot;, &quot;visitUnionType := com.sun.source.util.TreeScanner#visitUnionType(com.sun.source.tree.UnionTypeTree, java.lang.Object) &amp; com.sun.source.util.SimpleTreeVisitor#visitUnionType(com.sun.source.tree.UnionTypeTree, java.lang.Object)&quot; }"/>
        </annotation>
    </item>
    <item name='com.sun.source.tree.TreeVisitor R visitVariable(com.sun.source.tree.VariableTree, P)'>
        <annotation name='com.intellij.inspections.tainted.annotation.equation.Equations'>
            <val val="{ &quot;p := com.sun.source.util.TreeScanner#visitVariable(com.sun.source.tree.VariableTree, java.lang.Object)#1 &amp; com.sun.source.util.SimpleTreeVisitor#visitVariable(com.sun.source.tree.VariableTree, java.lang.Object)#1&quot;, &quot;visitVariable := com.sun.source.util.TreeScanner#visitVariable(com.sun.source.tree.VariableTree, java.lang.Object) &amp; com.sun.source.util.SimpleTreeVisitor#visitVariable(com.sun.source.tree.VariableTree, java.lang.Object)&quot;, &quot;node := com.sun.source.util.TreeScanner#visitVariable(com.sun.source.tree.VariableTree, java.lang.Object)#0 &amp; com.sun.source.util.SimpleTreeVisitor#visitVariable(com.sun.source.tree.VariableTree, java.lang.Object)#0&quot; }"/>
        </annotation>
    </item>
    <item name='com.sun.source.tree.TreeVisitor R visitWhileLoop(com.sun.source.tree.WhileLoopTree, P)'>
        <annotation name='com.intellij.inspections.tainted.annotation.equation.Equations'>
            <val val="{ &quot;visitWhileLoop := com.sun.source.util.TreeScanner#visitWhileLoop(com.sun.source.tree.WhileLoopTree, java.lang.Object) &amp; com.sun.source.util.SimpleTreeVisitor#visitWhileLoop(com.sun.source.tree.WhileLoopTree, java.lang.Object)&quot;, &quot;node := com.sun.source.util.TreeScanner#visitWhileLoop(com.sun.source.tree.WhileLoopTree, java.lang.Object)#0 &amp; com.sun.source.util.SimpleTreeVisitor#visitWhileLoop(com.sun.source.tree.WhileLoopTree, java.lang.Object)#0&quot;, &quot;p := com.sun.source.util.TreeScanner#visitWhileLoop(com.sun.source.tree.WhileLoopTree, java.lang.Object)#1 &amp; com.sun.source.util.SimpleTreeVisitor#visitWhileLoop(com.sun.source.tree.WhileLoopTree, java.lang.Object)#1&quot; }"/>
        </annotation>
    </item>
    <item name='com.sun.source.tree.TreeVisitor R visitWildcard(com.sun.source.tree.WildcardTree, P)'>
        <annotation name='com.intellij.inspections.tainted.annotation.equation.Equations'>
            <val val="{ &quot;visitWildcard := com.sun.source.util.TreeScanner#visitWildcard(com.sun.source.tree.WildcardTree, java.lang.Object) &amp; com.sun.source.util.SimpleTreeVisitor#visitWildcard(com.sun.source.tree.WildcardTree, java.lang.Object)&quot;, &quot;p := com.sun.source.util.TreeScanner#visitWildcard(com.sun.source.tree.WildcardTree, java.lang.Object)#1 &amp; com.sun.source.util.SimpleTreeVisitor#visitWildcard(com.sun.source.tree.WildcardTree, java.lang.Object)#1&quot;, &quot;node := com.sun.source.util.TreeScanner#visitWildcard(com.sun.source.tree.WildcardTree, java.lang.Object)#0 &amp; com.sun.source.util.SimpleTreeVisitor#visitWildcard(com.sun.source.tree.WildcardTree, java.lang.Object)#0&quot; }"/>
        </annotation>
    </item>
</root>