<root>
    <item name='java.awt.color.CMMException CMMException(java.lang.String)'>
        <annotation name='com.intellij.inspections.tainted.annotation.equation.Equations'>
            <val val="{ &quot;CMMException := CMMException&quot; }"/>
        </annotation>
    </item>
    <item name='java.awt.color.ColorSpace ColorSpace(int, int)'>
        <annotation name='com.intellij.inspections.tainted.annotation.equation.Equations'>
            <val val="{ &quot;numcomponents := com.sun.imageio.plugins.common.BogusColorSpace#BogusColorSpace(int)#0&quot;, &quot;ColorSpace := ColorSpace&quot; }"/>
        </annotation>
    </item>
    <item name='java.awt.color.ColorSpace float getMaxValue(int)'>
        <annotation name='com.intellij.inspections.tainted.annotation.equation.Equations'>
            <val val="{ &quot;getMaxValue := ICC_ColorSpace#getMaxValue(int)&quot;, &quot;component := ICC_ColorSpace#getMaxValue(int)#0&quot; }"/>
        </annotation>
    </item>
    <item name='java.awt.color.ColorSpace float getMinValue(int)'>
        <annotation name='com.intellij.inspections.tainted.annotation.equation.Equations'>
            <val val="{ &quot;getMinValue := ICC_ColorSpace#getMinValue(int)&quot;, &quot;component := ICC_ColorSpace#getMinValue(int)#0&quot; }"/>
        </annotation>
    </item>
    <item name='java.awt.color.ColorSpace float[] fromCIEXYZ(float[])'>
        <annotation name='com.intellij.inspections.tainted.annotation.equation.Equations'>
            <val val="{ &quot;colorvalue := com.sun.imageio.plugins.common.BogusColorSpace#fromCIEXYZ(float[])#0 &amp; ICC_ColorSpace#fromCIEXYZ(float[])#0&quot;, &quot;fromCIEXYZ := com.sun.imageio.plugins.common.BogusColorSpace#fromCIEXYZ(float[]) &amp; ICC_ColorSpace#fromCIEXYZ(float[])&quot; }"/>
        </annotation>
    </item>
    <item name='java.awt.color.ColorSpace float[] fromRGB(float[])'>
        <annotation name='com.intellij.inspections.tainted.annotation.equation.Equations'>
            <val val="{ &quot;fromRGB := com.sun.imageio.plugins.common.BogusColorSpace#fromRGB(float[]) &amp; ICC_ColorSpace#fromRGB(float[])&quot;, &quot;rgbvalue := com.sun.imageio.plugins.common.BogusColorSpace#fromRGB(float[])#0 &amp; ICC_ColorSpace#fromRGB(float[])#0 &amp; java.awt.image.DirectColorModel#getDataElements(int, java.lang.Object)#0 &amp; java.awt.image.DirectColorModel &amp; java.awt.image.ComponentColorModel#getDataElements(int, java.lang.Object)#0 &amp; java.awt.image.ComponentColorModel &amp; java.awt.image.ComponentColorModel#getDataElements(int, java.lang.Object)#1&quot; }"/>
        </annotation>
    </item>
    <item name='java.awt.color.ColorSpace float[] toCIEXYZ(float[])'>
        <annotation name='com.intellij.inspections.tainted.annotation.equation.Equations'>
            <val val="{ &quot;toCIEXYZ := com.sun.imageio.plugins.common.BogusColorSpace#toCIEXYZ(float[]) &amp; ICC_ColorSpace#toCIEXYZ(float[])&quot;, &quot;colorvalue := com.sun.imageio.plugins.common.BogusColorSpace#toCIEXYZ(float[])#0 &amp; ICC_ColorSpace#toCIEXYZ(float[])#0 &amp; java.awt.image.ColorConvertOp &amp; java.awt.Color&quot; }"/>
        </annotation>
    </item>
    <item name='java.awt.color.ColorSpace float[] toRGB(float[])'>
        <annotation name='com.intellij.inspections.tainted.annotation.equation.Equations'>
            <val val="{ &quot;colorvalue := ICC_ColorSpace#toRGB(float[])#0 &amp; com.sun.imageio.plugins.common.BogusColorSpace#toRGB(float[])#0&quot;, &quot;toRGB := ICC_ColorSpace#toRGB(float[]) &amp; com.sun.imageio.plugins.common.BogusColorSpace#toRGB(float[])&quot; }"/>
        </annotation>
    </item>
    <item name='java.awt.color.ColorSpace int getNumComponents()'>
        <annotation name='com.intellij.inspections.tainted.annotation.equation.Equations'>
            <val val="{ &quot;getNumComponents := ColorSpace&quot; }"/>
        </annotation>
    </item>
    <item name='java.awt.color.ColorSpace int getType()'>
        <annotation name='com.intellij.inspections.tainted.annotation.equation.Equations'>
            <val val="{ &quot;getType := ColorSpace&quot; }"/>
        </annotation>
    </item>
    <item name='java.awt.color.ColorSpace java.awt.color.ColorSpace getInstance(int)'>
        <annotation name='com.intellij.inspections.tainted.annotation.equation.Equations'>
            <val val="{ &quot;getInstance := ColorSpace&quot;, &quot;colorspace := #CS_sRGB &amp; #CS_PYCC &amp; #CS_GRAY &amp; #CS_CIEXYZ&quot; }"/>
        </annotation>
    </item>
    <item name='java.awt.color.ColorSpace java.lang.String getName(int)'>
        <annotation name='com.intellij.inspections.tainted.annotation.equation.Equations'>
            <val val="{ &quot;getName := ColorSpace&quot; }"/>
        </annotation>
    </item>
    <item name='java.awt.color.ICC_ColorSpace'>
        <annotation name='com.intellij.inspections.tainted.annotation.equation.Equations'>
            <val val="{ &quot;ICC_ColorSpace := ICC_ColorSpace&quot; }"/>
        </annotation>
    </item>
    <item name='java.awt.color.ICC_ColorSpace ICC_ColorSpace(java.awt.color.ICC_Profile)'>
        <annotation name='com.intellij.inspections.tainted.annotation.equation.Equations'>
            <val val="{ &quot;ICC_ColorSpace := ICC_ColorSpace&quot;, &quot;profile := java.awt.image.ColorConvertOp&quot; }"/>
        </annotation>
    </item>
    <item name='java.awt.color.ICC_ColorSpace float getMaxValue(int)'>
        <annotation name='com.intellij.inspections.tainted.annotation.equation.Equations'>
            <val val="{ &quot;getMaxValue := ICC_ColorSpace&quot; }"/>
        </annotation>
    </item>
    <item name='java.awt.color.ICC_ColorSpace float getMinValue(int)'>
        <annotation name='com.intellij.inspections.tainted.annotation.equation.Equations'>
            <val val="{ &quot;getMinValue := ICC_ColorSpace&quot; }"/>
        </annotation>
    </item>
    <item name='java.awt.color.ICC_ColorSpace float[] fromCIEXYZ(float[])'>
        <annotation name='com.intellij.inspections.tainted.annotation.equation.Equations'>
            <val val="{ &quot;fromCIEXYZ := colorvalue &amp; ICC_ColorSpace&quot; }"/>
        </annotation>
    </item>
    <item name='java.awt.color.ICC_ColorSpace float[] fromRGB(float[])'>
        <annotation name='com.intellij.inspections.tainted.annotation.equation.Equations'>
            <val val="{ &quot;fromRGB := rgbvalue &amp; ICC_ColorSpace&quot; }"/>
        </annotation>
    </item>
    <item name='java.awt.color.ICC_ColorSpace float[] toCIEXYZ(float[])'>
        <annotation name='com.intellij.inspections.tainted.annotation.equation.Equations'>
            <val val="{ &quot;toCIEXYZ := colorvalue &amp; ICC_ColorSpace&quot; }"/>
        </annotation>
    </item>
    <item name='java.awt.color.ICC_ColorSpace float[] toRGB(float[])'>
        <annotation name='com.intellij.inspections.tainted.annotation.equation.Equations'>
            <val val="{ &quot;toRGB := colorvalue &amp; ICC_ColorSpace&quot; }"/>
        </annotation>
    </item>
    <item name='java.awt.color.ICC_ColorSpace java.awt.color.ICC_Profile getProfile()'>
        <annotation name='com.intellij.inspections.tainted.annotation.equation.Equations'>
            <val val="{ &quot;getProfile := ICC_ColorSpace&quot; }"/>
        </annotation>
    </item>
    <item name='java.awt.color.ICC_Profile'>
        <annotation name='com.intellij.inspections.tainted.annotation.equation.Equations'>
            <val val="{ &quot;ICC_Profile := &quot; }"/>
        </annotation>
    </item>
    <item name='java.awt.color.ICC_Profile ICC_Profile(sun.java2d.cmm.Profile)'>
        <annotation name='com.intellij.inspections.tainted.annotation.equation.Equations'>
            <val val="{ &quot;p := ICC_ProfileRGB#ICC_ProfileRGB(sun.java2d.cmm.Profile)#0 &amp; ICC_ProfileGray#ICC_ProfileGray(sun.java2d.cmm.Profile)#0&quot;, &quot;ICC_Profile := ICC_Profile&quot; }"/>
        </annotation>
    </item>
    <item name='java.awt.color.ICC_Profile ICC_Profile(sun.java2d.cmm.ProfileDeferralInfo)'>
        <annotation name='com.intellij.inspections.tainted.annotation.equation.Equations'>
            <val val="{ &quot;pdi := ICC_ProfileRGB#ICC_ProfileRGB(sun.java2d.cmm.ProfileDeferralInfo)#0 &amp; ICC_ProfileGray#ICC_ProfileGray(sun.java2d.cmm.ProfileDeferralInfo)#0 &amp; #getDeferredInstance(sun.java2d.cmm.ProfileDeferralInfo)#0&quot;, &quot;ICC_Profile := ICC_Profile&quot; }"/>
        </annotation>
    </item>
    <item name='java.awt.color.ICC_Profile boolean isChildOf(java.io.File, java.lang.String)'>
        <annotation name='com.intellij.inspections.tainted.annotation.equation.Equations'>
            <val val="{ &quot;dirName := java.io.File#separatorChar&quot; }"/>
        </annotation>
    </item>
    <item name='java.awt.color.ICC_Profile byte[] getData(int)'>
        <annotation name='com.intellij.inspections.tainted.annotation.equation.Equations'>
            <val val="{ &quot;tagSignature := #icSigHead &amp; #getXYZTag(int)#0 &amp; #getGamma(int)#0 &amp; #getTRC(int)#0&quot; }"/>
        </annotation>
    </item>
    <item name='java.awt.color.ICC_Profile byte[] getData(sun.java2d.cmm.Profile, int)'>
        <annotation name='com.intellij.inspections.tainted.annotation.equation.Equations'>
            <val val="{ &quot;p := #getColorSpaceType(sun.java2d.cmm.Profile)#0 &amp; #getPCSType(sun.java2d.cmm.Profile)#0 &amp; ICC_Profile&quot;, &quot;tagSignature := #icSigMediaWhitePointTag &amp; #icSigGrayTRCTag &amp; #icSigRedColorantTag &amp; #icSigGreenColorantTag &amp; #icSigBlueColorantTag &amp; #icSigRedTRCTag &amp; #icSigGreenTRCTag &amp; #icSigBlueTRCTag &amp; #icSigHead &amp; #getData(int)#0&quot; }"/>
        </annotation>
    </item>
    <item name='java.awt.color.ICC_Profile byte[] getProfileDataFromStream(java.io.InputStream)'>
        <annotation name='com.intellij.inspections.tainted.annotation.equation.Equations'>
            <val val="{ &quot;s := #getInstance(java.io.InputStream)#0&quot; }"/>
        </annotation>
    </item>
    <item name='java.awt.color.ICC_Profile float getGamma(int)'>
        <annotation name='com.intellij.inspections.tainted.annotation.equation.Equations'>
            <val val="{ &quot;theTagSignature := ICC_ProfileRGB#getGamma(int)#0 &amp; #icSigRedTRCTag &amp; #icSigGreenTRCTag &amp; #icSigBlueTRCTag &amp; #icSigGrayTRCTag&quot;, &quot;getGamma := ICC_ProfileRGB#getGamma(int)&quot; }"/>
        </annotation>
    </item>
    <item name='java.awt.color.ICC_Profile float[] getMediaWhitePoint()'>
        <annotation name='com.intellij.inspections.tainted.annotation.equation.Equations'>
            <val val="{ &quot;getMediaWhitePoint := ICC_ProfileRGB#getMediaWhitePoint() &amp; ICC_ProfileGray#getMediaWhitePoint()&quot; }"/>
        </annotation>
    </item>
    <item name='java.awt.color.ICC_Profile float[] getXYZTag(int)'>
        <annotation name='com.intellij.inspections.tainted.annotation.equation.Equations'>
            <val val="{ &quot;theTagSignature := #icSigRedColorantTag &amp; #icSigGreenColorantTag &amp; #icSigBlueColorantTag &amp; #icSigMediaWhitePointTag&quot; }"/>
        </annotation>
    </item>
    <item name='java.awt.color.ICC_Profile int getColorSpaceType()'>
        <annotation name='com.intellij.inspections.tainted.annotation.equation.Equations'>
            <val val="{ &quot;getColorSpaceType := ICC_Profile&quot; }"/>
        </annotation>
    </item>
    <item name='java.awt.color.ICC_Profile int getColorSpaceType(sun.java2d.cmm.Profile)'>
        <annotation name='com.intellij.inspections.tainted.annotation.equation.Equations'>
            <val val="{ &quot;p := ICC_Profile&quot; }"/>
        </annotation>
    </item>
    <item name='java.awt.color.ICC_Profile int getNumComponents()'>
        <annotation name='com.intellij.inspections.tainted.annotation.equation.Equations'>
            <val val="{ &quot;getNumComponents := ICC_Profile&quot; }"/>
        </annotation>
    </item>
    <item name='java.awt.color.ICC_Profile int getPCSType(sun.java2d.cmm.Profile)'>
        <annotation name='com.intellij.inspections.tainted.annotation.equation.Equations'>
            <val val="{ &quot;p := ICC_Profile&quot; }"/>
        </annotation>
    </item>
    <item name='java.awt.color.ICC_Profile int getProfileClass()'>
        <annotation name='com.intellij.inspections.tainted.annotation.equation.Equations'>
            <val val="{ &quot;getProfileClass := ICC_Profile &amp; #CLASS_INPUT &amp; #CLASS_DISPLAY &amp; #CLASS_OUTPUT &amp; #CLASS_DEVICELINK &amp; #CLASS_COLORSPACECONVERSION &amp; #CLASS_ABSTRACT &amp; #CLASS_NAMEDCOLOR&quot; }"/>
        </annotation>
    </item>
    <item name='java.awt.color.ICC_Profile int iccCStoJCS(int)'>
        <annotation name='com.intellij.inspections.tainted.annotation.equation.Equations'>
            <val val="{ &quot;iccCStoJCS := ColorSpace#TYPE_XYZ &amp; ColorSpace#TYPE_Lab &amp; ColorSpace#TYPE_Luv &amp; ColorSpace#TYPE_YCbCr &amp; ColorSpace#TYPE_Yxy &amp; ColorSpace#TYPE_RGB &amp; ColorSpace#TYPE_GRAY &amp; ColorSpace#TYPE_HSV &amp; ColorSpace#TYPE_HLS &amp; ColorSpace#TYPE_CMYK &amp; ColorSpace#TYPE_CMY &amp; ColorSpace#TYPE_2CLR &amp; ColorSpace#TYPE_3CLR &amp; ColorSpace#TYPE_4CLR &amp; ColorSpace#TYPE_5CLR &amp; ColorSpace#TYPE_6CLR &amp; ColorSpace#TYPE_7CLR &amp; ColorSpace#TYPE_8CLR &amp; ColorSpace#TYPE_9CLR &amp; ColorSpace#TYPE_ACLR &amp; ColorSpace#TYPE_BCLR &amp; ColorSpace#TYPE_CCLR &amp; ColorSpace#TYPE_DCLR &amp; ColorSpace#TYPE_ECLR &amp; ColorSpace#TYPE_FCLR&quot; }"/>
        </annotation>
    </item>
    <item name='java.awt.color.ICC_Profile int intFromBigEndian(byte[], int)'>
        <annotation name='com.intellij.inspections.tainted.annotation.equation.Equations'>
            <val val="{ &quot;index := #icHdrDeviceClass &amp; #icHdrColorSpace &amp; #icHdrPcs &amp; #icHdrRenderingIntent &amp; #icXYZNumberX &amp; #icCurveCount&quot;, &quot;intFromBigEndian := array&quot; }"/>
        </annotation>
    </item>
    <item name='java.awt.color.ICC_Profile java.awt.color.ICC_Profile getDeferredInstance(sun.java2d.cmm.ProfileDeferralInfo)'>
        <annotation name='com.intellij.inspections.tainted.annotation.equation.Equations'>
            <val val="{ &quot;pdi := #getInstance(java.io.InputStream)#0&quot; }"/>
        </annotation>
    </item>
    <item name='java.awt.color.ICC_Profile java.awt.color.ICC_Profile getInstance(byte[])'>
        <annotation name='com.intellij.inspections.tainted.annotation.equation.Equations'>
            <val val="{ &quot;data := com.sun.imageio.plugins.jpeg.JPEGImageReader#setImageData(int, int, int, int, int, byte[])#5 &amp; com.sun.imageio.plugins.jpeg.JFIFMarkerSegment.ICCMarkerSegment&quot; }"/>
        </annotation>
    </item>
    <item name='java.awt.color.ICC_Profile java.awt.color.ICC_Profile getInstance(int)'>
        <annotation name='com.intellij.inspections.tainted.annotation.equation.Equations'>
            <val val="{ &quot;getInstance := ICC_Profile&quot;, &quot;cspace := ColorSpace#CS_sRGB &amp; ColorSpace#CS_CIEXYZ &amp; ColorSpace#CS_PYCC &amp; ColorSpace#CS_GRAY &amp; ColorSpace#CS_LINEAR_RGB&quot; }"/>
        </annotation>
    </item>
    <item name='java.awt.color.ICC_Profile java.awt.color.ICC_Profile getInstance(java.lang.String)'>
        <annotation name='com.intellij.inspections.tainted.annotation.equation.Equations'>
            <val val="{ &quot;fileName := #getStandardProfile(java.lang.String)#0&quot; }"/>
        </annotation>
    </item>
    <item name='java.awt.color.ICC_Profile java.io.File getProfileFile(java.lang.String)'>
        <annotation name='com.intellij.inspections.tainted.annotation.equation.Equations'>
            <val val="{ &quot;fileName := #getInstance(java.lang.String)#0&quot; }"/>
        </annotation>
    </item>
    <item name='java.awt.color.ICC_Profile java.io.File getStandardProfileFile(java.lang.String)'>
        <annotation name='com.intellij.inspections.tainted.annotation.equation.Equations'>
            <val val="{ &quot;fileName := ICC_Profile &amp; #getProfileFile(java.lang.String)#0 &amp; #standardProfileExists(java.lang.String)#0&quot; }"/>
        </annotation>
    </item>
    <item name='java.awt.color.ICC_Profile java.lang.Object readResolve()'>
        <annotation name='com.intellij.inspections.tainted.annotation.equation.Equations'>
            <val val="{ &quot;readResolve := ICC_Profile&quot; }"/>
        </annotation>
    </item>
    <item name='java.awt.color.ICC_Profile short shortFromBigEndian(byte[], int)'>
        <annotation name='com.intellij.inspections.tainted.annotation.equation.Equations'>
            <val val="{ &quot;index := #icCurveData&quot;, &quot;shortFromBigEndian := array&quot; }"/>
        </annotation>
    </item>
    <item name='java.awt.color.ICC_Profile short[] getTRC(int)'>
        <annotation name='com.intellij.inspections.tainted.annotation.equation.Equations'>
            <val val="{ &quot;getTRC := ICC_ProfileRGB#getTRC(int)&quot;, &quot;theTagSignature := ICC_ProfileRGB#getTRC(int)#0 &amp; #icSigRedTRCTag &amp; #icSigGreenTRCTag &amp; #icSigBlueTRCTag &amp; #icSigGrayTRCTag&quot; }"/>
        </annotation>
    </item>
    <item name='java.awt.color.ICC_Profile void intToBigEndian(int, byte[], int)'>
        <annotation name='com.intellij.inspections.tainted.annotation.equation.Equations'>
            <val val="{ &quot;index := #icHdrRenderingIntent&quot;, &quot;value := #setRenderingIntent(int)#0&quot;, &quot;array := &quot; }"/>
        </annotation>
    </item>
    <item name='java.awt.color.ICC_Profile void setData(int, byte[])'>
        <annotation name='com.intellij.inspections.tainted.annotation.equation.Equations'>
            <val val="{ &quot;tagSignature := #icSigHead&quot;, &quot;tagData := &quot; }"/>
        </annotation>
    </item>
    <item name='java.awt.color.ICC_ProfileGray ICC_ProfileGray(sun.java2d.cmm.Profile)'>
        <annotation name='com.intellij.inspections.tainted.annotation.equation.Equations'>
            <val val="{ &quot;ICC_ProfileGray := ICC_ProfileGray&quot; }"/>
        </annotation>
    </item>
    <item name='java.awt.color.ICC_ProfileGray ICC_ProfileGray(sun.java2d.cmm.ProfileDeferralInfo)'>
        <annotation name='com.intellij.inspections.tainted.annotation.equation.Equations'>
            <val val="{ &quot;pdi := ICC_Profile#getDeferredInstance(sun.java2d.cmm.ProfileDeferralInfo)#0&quot;, &quot;ICC_ProfileGray := ICC_ProfileGray&quot; }"/>
        </annotation>
    </item>
    <item name='java.awt.color.ICC_ProfileRGB ICC_ProfileRGB(sun.java2d.cmm.Profile)'>
        <annotation name='com.intellij.inspections.tainted.annotation.equation.Equations'>
            <val val="{ &quot;ICC_ProfileRGB := ICC_ProfileRGB&quot; }"/>
        </annotation>
    </item>
    <item name='java.awt.color.ICC_ProfileRGB ICC_ProfileRGB(sun.java2d.cmm.ProfileDeferralInfo)'>
        <annotation name='com.intellij.inspections.tainted.annotation.equation.Equations'>
            <val val="{ &quot;pdi := ICC_Profile#getDeferredInstance(sun.java2d.cmm.ProfileDeferralInfo)#0&quot;, &quot;ICC_ProfileRGB := ICC_ProfileRGB&quot; }"/>
        </annotation>
    </item>
    <item name='java.awt.color.ProfileDataException ProfileDataException(java.lang.String)'>
        <annotation name='com.intellij.inspections.tainted.annotation.equation.Equations'>
            <val val="{ &quot;ProfileDataException := ProfileDataException&quot;, &quot;s := ICC_Profile&quot; }"/>
        </annotation>
    </item>
</root>