<root>
    <item name='org.w3c.dom.events.DocumentEvent org.w3c.dom.events.Event createEvent(java.lang.String)'>
        <annotation name='com.intellij.inspections.tainted.annotation.equation.Equations'>
            <val val="{ &quot;createEvent := com.sun.org.apache.xerces.internal.dom.DocumentImpl#createEvent(java.lang.String)&quot;, &quot;eventType := com.sun.org.apache.xerces.internal.dom.DocumentImpl#createEvent(java.lang.String)#0&quot; }"/>
        </annotation>
    </item>
    <item name='org.w3c.dom.events.Event java.lang.String getType()'>
        <annotation name='com.intellij.inspections.tainted.annotation.equation.Equations'>
            <val val="{ &quot;getType := com.sun.org.apache.xerces.internal.dom.events.EventImpl#getType()&quot; }"/>
        </annotation>
    </item>
    <item name='org.w3c.dom.events.Event long getTimeStamp()'>
        <annotation name='com.intellij.inspections.tainted.annotation.equation.Equations'>
            <val val="{ &quot;getTimeStamp := com.sun.org.apache.xerces.internal.dom.events.EventImpl#getTimeStamp()&quot; }"/>
        </annotation>
    </item>
    <item name='org.w3c.dom.events.Event org.w3c.dom.events.EventTarget getCurrentTarget()'>
        <annotation name='com.intellij.inspections.tainted.annotation.equation.Equations'>
            <val val="{ &quot;getCurrentTarget := com.sun.org.apache.xerces.internal.dom.events.EventImpl#getCurrentTarget()&quot; }"/>
        </annotation>
    </item>
    <item name='org.w3c.dom.events.Event org.w3c.dom.events.EventTarget getTarget()'>
        <annotation name='com.intellij.inspections.tainted.annotation.equation.Equations'>
            <val val="{ &quot;getTarget := com.sun.org.apache.xerces.internal.dom.events.EventImpl#getTarget()&quot; }"/>
        </annotation>
    </item>
    <item name='org.w3c.dom.events.Event short getEventPhase()'>
        <annotation name='com.intellij.inspections.tainted.annotation.equation.Equations'>
            <val val="{ &quot;getEventPhase := com.sun.org.apache.xerces.internal.dom.events.EventImpl#getEventPhase()&quot; }"/>
        </annotation>
    </item>
    <item name='org.w3c.dom.events.Event void initEvent(java.lang.String, boolean, boolean)'>
        <annotation name='com.intellij.inspections.tainted.annotation.equation.Equations'>
            <val val="{ &quot;eventTypeArg := com.sun.org.apache.xerces.internal.dom.events.EventImpl#initEvent(java.lang.String, boolean, boolean)#0&quot; }"/>
        </annotation>
    </item>
    <item name='org.w3c.dom.events.EventException EventException(short, java.lang.String)'>
        <annotation name='com.intellij.inspections.tainted.annotation.equation.Equations'>
            <val val="{ &quot;EventException := EventException&quot; }"/>
        </annotation>
    </item>
    <item name='org.w3c.dom.events.EventListener void handleEvent(org.w3c.dom.events.Event)'>
        <annotation name='com.intellij.inspections.tainted.annotation.equation.Equations'>
            <val val="{ &quot;evt := com.sun.org.apache.xpath.internal.domapi.XPathResultImpl#handleEvent(org.w3c.dom.events.Event)#0 &amp; com.sun.org.apache.xerces.internal.dom.DocumentImpl#dispatchEvent(com.sun.org.apache.xerces.internal.dom.NodeImpl, org.w3c.dom.events.Event)#1&quot; }"/>
        </annotation>
    </item>
    <item name='org.w3c.dom.events.EventTarget boolean dispatchEvent(org.w3c.dom.events.Event)'>
        <annotation name='com.intellij.inspections.tainted.annotation.equation.Equations'>
            <val val="{ &quot;evt := com.sun.org.apache.xerces.internal.dom.NodeImpl#dispatchEvent(org.w3c.dom.events.Event)#0&quot; }"/>
        </annotation>
    </item>
    <item name='org.w3c.dom.events.EventTarget void addEventListener(java.lang.String, org.w3c.dom.events.EventListener, boolean)'>
        <annotation name='com.intellij.inspections.tainted.annotation.equation.Equations'>
            <val val="{ &quot;type := com.sun.org.apache.xerces.internal.dom.NodeImpl#addEventListener(java.lang.String, org.w3c.dom.events.EventListener, boolean)#0&quot;, &quot;listener := com.sun.org.apache.xpath.internal.domapi.XPathResultImpl &amp; com.sun.org.apache.xerces.internal.dom.NodeImpl#addEventListener(java.lang.String, org.w3c.dom.events.EventListener, boolean)#1&quot; }"/>
        </annotation>
    </item>
    <item name='org.w3c.dom.events.EventTarget void removeEventListener(java.lang.String, org.w3c.dom.events.EventListener, boolean)'>
        <annotation name='com.intellij.inspections.tainted.annotation.equation.Equations'>
            <val val="{ &quot;type := com.sun.org.apache.xerces.internal.dom.NodeImpl#removeEventListener(java.lang.String, org.w3c.dom.events.EventListener, boolean)#0&quot;, &quot;listener := com.sun.org.apache.xpath.internal.domapi.XPathResultImpl &amp; com.sun.org.apache.xerces.internal.dom.NodeImpl#removeEventListener(java.lang.String, org.w3c.dom.events.EventListener, boolean)#1&quot; }"/>
        </annotation>
    </item>
    <item name='org.w3c.dom.events.MutationEvent java.lang.String getAttrName()'>
        <annotation name='com.intellij.inspections.tainted.annotation.equation.Equations'>
            <val val="{ &quot;getAttrName := com.sun.org.apache.xerces.internal.dom.events.MutationEventImpl#getAttrName() &amp; com.sun.org.apache.xerces.internal.dom.events.MutationEventImpl#getAttrName()&quot; }"/>
        </annotation>
    </item>
    <item name='org.w3c.dom.events.MutationEvent java.lang.String getNewValue()'>
        <annotation name='com.intellij.inspections.tainted.annotation.equation.Equations'>
            <val val="{ &quot;getNewValue := com.sun.org.apache.xerces.internal.dom.events.MutationEventImpl#getNewValue()&quot; }"/>
        </annotation>
    </item>
    <item name='org.w3c.dom.events.MutationEvent java.lang.String getPrevValue()'>
        <annotation name='com.intellij.inspections.tainted.annotation.equation.Equations'>
            <val val="{ &quot;getPrevValue := com.sun.org.apache.xerces.internal.dom.events.MutationEventImpl#getPrevValue()&quot; }"/>
        </annotation>
    </item>
    <item name='org.w3c.dom.events.MutationEvent org.w3c.dom.Node getRelatedNode()'>
        <annotation name='com.intellij.inspections.tainted.annotation.equation.Equations'>
            <val val="{ &quot;getRelatedNode := com.sun.org.apache.xerces.internal.dom.events.MutationEventImpl#getRelatedNode()&quot; }"/>
        </annotation>
    </item>
    <item name='org.w3c.dom.events.MutationEvent short getAttrChange()'>
        <annotation name='com.intellij.inspections.tainted.annotation.equation.Equations'>
            <val val="{ &quot;getAttrChange := com.sun.org.apache.xerces.internal.dom.events.MutationEventImpl#getAttrChange() &amp; com.sun.org.apache.xerces.internal.dom.events.MutationEventImpl#getAttrChange()&quot; }"/>
        </annotation>
    </item>
    <item name='org.w3c.dom.events.MutationEvent void initMutationEvent(java.lang.String, boolean, boolean, org.w3c.dom.Node, java.lang.String, java.lang.String, java.lang.String, short)'>
        <annotation name='com.intellij.inspections.tainted.annotation.equation.Equations'>
            <val val="{ &quot;attrChangeArg := com.sun.org.apache.xerces.internal.dom.events.MutationEventImpl#initMutationEvent(java.lang.String, boolean, boolean, org.w3c.dom.Node, java.lang.String, java.lang.String, java.lang.String, short)#7&quot;, &quot;typeArg := com.sun.org.apache.xerces.internal.dom.events.MutationEventImpl#initMutationEvent(java.lang.String, boolean, boolean, org.w3c.dom.Node, java.lang.String, java.lang.String, java.lang.String, short)#0 &amp; com.sun.org.apache.xerces.internal.dom.events.MutationEventImpl#DOM_SUBTREE_MODIFIED &amp; com.sun.org.apache.xerces.internal.dom.events.MutationEventImpl#DOM_CHARACTER_DATA_MODIFIED&quot;, &quot;attrNameArg := com.sun.org.apache.xerces.internal.dom.events.MutationEventImpl#initMutationEvent(java.lang.String, boolean, boolean, org.w3c.dom.Node, java.lang.String, java.lang.String, java.lang.String, short)#6&quot;, &quot;relatedNodeArg := com.sun.org.apache.xerces.internal.dom.events.MutationEventImpl#initMutationEvent(java.lang.String, boolean, boolean, org.w3c.dom.Node, java.lang.String, java.lang.String, java.lang.String, short)#3&quot;, &quot;prevValueArg := com.sun.org.apache.xerces.internal.dom.events.MutationEventImpl#initMutationEvent(java.lang.String, boolean, boolean, org.w3c.dom.Node, java.lang.String, java.lang.String, java.lang.String, short)#4 &amp; com.sun.org.apache.xerces.internal.dom.DocumentImpl#modifiedCharacterData(com.sun.org.apache.xerces.internal.dom.NodeImpl, java.lang.String, java.lang.String, boolean)#1&quot;, &quot;newValueArg := com.sun.org.apache.xerces.internal.dom.events.MutationEventImpl#initMutationEvent(java.lang.String, boolean, boolean, org.w3c.dom.Node, java.lang.String, java.lang.String, java.lang.String, short)#5 &amp; com.sun.org.apache.xerces.internal.dom.DocumentImpl#modifiedCharacterData(com.sun.org.apache.xerces.internal.dom.NodeImpl, java.lang.String, java.lang.String, boolean)#2&quot; }"/>
        </annotation>
    </item>
</root>