<root>
    <item name='org.locationtech.jts.io.ByteOrderValues double getDouble(byte[], int)'>
        <annotation name='com.intellij.inspections.tainted.annotation.equation.Equations'>
            <val val="{ &quot;getDouble := &quot; }"/>
        </annotation>
    </item>
    <item name='org.locationtech.jts.io.ByteOrderValues int getInt(byte[], int)'>
        <annotation name='com.intellij.inspections.tainted.annotation.equation.Equations'>
            <val val="{ &quot;getInt := buf&quot; }"/>
        </annotation>
    </item>
    <item name='org.locationtech.jts.io.ByteOrderValues long getLong(byte[], int)'>
        <annotation name='com.intellij.inspections.tainted.annotation.equation.Equations'>
            <val val="{ &quot;byteOrder := #getDouble(byte[], int)#1&quot;, &quot;getLong := buf&quot;, &quot;buf := #getDouble(byte[], int)#0&quot; }"/>
        </annotation>
    </item>
    <item name='org.locationtech.jts.io.ByteOrderValues void putDouble(double, byte[], int)'>
        <annotation name='com.intellij.inspections.tainted.annotation.equation.Equations'>
            <val val="{ &quot;byteOrder := WKBWriter&quot;, &quot;doubleValue := org.locationtech.jts.geom.Coordinate#NULL_ORDINATE&quot;, &quot;buf := WKBWriter&quot; }"/>
        </annotation>
    </item>
    <item name='org.locationtech.jts.io.ByteOrderValues void putInt(int, byte[], int)'>
        <annotation name='com.intellij.inspections.tainted.annotation.equation.Equations'>
            <val val="{ &quot;buf := WKBWriter&quot;, &quot;intValue := WKBWriter#writeInt(int, org.locationtech.jts.io.OutStream)#0&quot;, &quot;byteOrder := WKBWriter&quot; }"/>
        </annotation>
    </item>
    <item name='org.locationtech.jts.io.ByteOrderValues void putLong(long, byte[], int)'>
        <annotation name='com.intellij.inspections.tainted.annotation.equation.Equations'>
            <val val="{ &quot;byteOrder := #putDouble(double, byte[], int)#2&quot;, &quot;longValue := &quot;, &quot;buf := #putDouble(double, byte[], int)#1&quot; }"/>
        </annotation>
    </item>
    <item name='org.locationtech.jts.io.OutStream void write(byte[], int)'>
        <annotation name='com.intellij.inspections.tainted.annotation.equation.Equations'>
            <val val="{ &quot;buf := OutputStreamOutStream#write(byte[], int)#0&quot;, &quot;len := OutputStreamOutStream#write(byte[], int)#1&quot; }"/>
        </annotation>
    </item>
    <item name='org.locationtech.jts.io.OutputStreamOutStream'>
        <annotation name='com.intellij.inspections.tainted.annotation.equation.Equations'>
            <val val="{ &quot;OutputStreamOutStream := #OutputStreamOutStream(java.io.OutputStream)#0&quot; }"/>
        </annotation>
    </item>
    <item name='org.locationtech.jts.io.OutputStreamOutStream OutputStreamOutStream(java.io.OutputStream)'>
        <annotation name='com.intellij.inspections.tainted.annotation.equation.Equations'>
            <val val="{ &quot;OutputStreamOutStream := OutputStreamOutStream&quot;, &quot;os := WKBWriter&quot; }"/>
        </annotation>
    </item>
    <item name='org.locationtech.jts.io.ParseException ParseException(java.lang.Exception)'>
        <annotation name='com.intellij.inspections.tainted.annotation.equation.Equations'>
            <val val="{ &quot;ParseException := ParseException&quot; }"/>
        </annotation>
    </item>
    <item name='org.locationtech.jts.io.ParseException ParseException(java.lang.String)'>
        <annotation name='com.intellij.inspections.tainted.annotation.equation.Equations'>
            <val val="{ &quot;ParseException := ParseException&quot;, &quot;message := WKTReader#parseErrorWithLine(java.io.StreamTokenizer, java.lang.String)#1&quot; }"/>
        </annotation>
    </item>
    <item name='org.locationtech.jts.io.ParseException ParseException(java.lang.String, java.lang.Throwable)'>
        <annotation name='com.intellij.inspections.tainted.annotation.equation.Equations'>
            <val val="{ &quot;e := #ParseException(java.lang.Exception)#0&quot;, &quot;message := &quot;, &quot;ParseException := ParseException&quot; }"/>
        </annotation>
    </item>
    <item name='org.locationtech.jts.io.WKBWriter'>
        <annotation name='com.intellij.inspections.tainted.annotation.equation.Equations'>
            <val val="{ &quot;WKBWriter := #WKBWriter(int, int, boolean)#0 &amp; #WKBWriter(int, int, boolean)#1 &amp; WKBConstants#wkbNDR &amp; WKBConstants#wkbXDR&quot; }"/>
        </annotation>
    </item>
    <item name='org.locationtech.jts.io.WKBWriter WKBWriter()'>
        <annotation name='com.intellij.inspections.tainted.annotation.equation.Equations'>
            <val val="{ &quot;WKBWriter := WKBWriter&quot; }"/>
        </annotation>
    </item>
    <item name='org.locationtech.jts.io.WKBWriter WKBWriter(int)'>
        <annotation name='com.intellij.inspections.tainted.annotation.equation.Equations'>
            <val val="{ &quot;WKBWriter := WKBWriter&quot; }"/>
        </annotation>
    </item>
    <item name='org.locationtech.jts.io.WKBWriter WKBWriter(int, boolean)'>
        <annotation name='com.intellij.inspections.tainted.annotation.equation.Equations'>
            <val val="{ &quot;WKBWriter := WKBWriter&quot; }"/>
        </annotation>
    </item>
    <item name='org.locationtech.jts.io.WKBWriter WKBWriter(int, int)'>
        <annotation name='com.intellij.inspections.tainted.annotation.equation.Equations'>
            <val val="{ &quot;WKBWriter := WKBWriter&quot;, &quot;outputDimension := #WKBWriter(int)#0&quot;, &quot;byteOrder := ByteOrderValues#BIG_ENDIAN&quot; }"/>
        </annotation>
    </item>
    <item name='org.locationtech.jts.io.WKBWriter WKBWriter(int, int, boolean)'>
        <annotation name='com.intellij.inspections.tainted.annotation.equation.Equations'>
            <val val="{ &quot;WKBWriter := WKBWriter&quot;, &quot;outputDimension := #WKBWriter(int, boolean)#0 &amp; #WKBWriter(int, int)#0&quot;, &quot;byteOrder := ByteOrderValues#BIG_ENDIAN &amp; #WKBWriter(int, int)#1&quot; }"/>
        </annotation>
    </item>
    <item name='org.locationtech.jts.io.WKBWriter byte[] write(org.locationtech.jts.geom.Geometry)'>
        <annotation name='com.intellij.inspections.tainted.annotation.equation.Equations'>
            <val val="{ &quot;geom := &quot;, &quot;write := &quot; }"/>
        </annotation>
    </item>
    <item name='org.locationtech.jts.io.WKBWriter char toHexDigit(int)'>
        <annotation name='com.intellij.inspections.tainted.annotation.equation.Equations'>
            <val val="{ &quot;toHexDigit := n&quot;, &quot;n := #toHex(byte[])#0&quot; }"/>
        </annotation>
    </item>
    <item name='org.locationtech.jts.io.WKBWriter java.lang.String bytesToHex(byte[])'>
        <annotation name='com.intellij.inspections.tainted.annotation.equation.Equations'>
            <val val="{ &quot;bytesToHex := &quot; }"/>
        </annotation>
    </item>
    <item name='org.locationtech.jts.io.WKBWriter java.lang.String toHex(byte[])'>
        <annotation name='com.intellij.inspections.tainted.annotation.equation.Equations'>
            <val val="{ &quot;bytes := #bytesToHex(byte[])#0&quot;, &quot;toHex := &quot; }"/>
        </annotation>
    </item>
    <item name='org.locationtech.jts.io.WKBWriter void write(org.locationtech.jts.geom.Geometry, org.locationtech.jts.io.OutStream)'>
        <annotation name='com.intellij.inspections.tainted.annotation.equation.Equations'>
            <val val="{ &quot;geom := #write(org.locationtech.jts.geom.Geometry)#0&quot;, &quot;os := WKBWriter &amp; #writeGeometryCollection(int, org.locationtech.jts.geom.GeometryCollection, org.locationtech.jts.io.OutStream)#2&quot; }"/>
        </annotation>
    </item>
    <item name='org.locationtech.jts.io.WKBWriter void writeByteOrder(org.locationtech.jts.io.OutStream)'>
        <annotation name='com.intellij.inspections.tainted.annotation.equation.Equations'>
            <val val="{ &quot;os := #writePoint(org.locationtech.jts.geom.Point, org.locationtech.jts.io.OutStream)#1 &amp; #writeLineString(org.locationtech.jts.geom.LineString, org.locationtech.jts.io.OutStream)#1 &amp; #writePolygon(org.locationtech.jts.geom.Polygon, org.locationtech.jts.io.OutStream)#1 &amp; #writeGeometryCollection(int, org.locationtech.jts.geom.GeometryCollection, org.locationtech.jts.io.OutStream)#2&quot; }"/>
        </annotation>
    </item>
    <item name='org.locationtech.jts.io.WKBWriter void writeCoordinate(org.locationtech.jts.geom.CoordinateSequence, int, org.locationtech.jts.io.OutStream)'>
        <annotation name='com.intellij.inspections.tainted.annotation.equation.Equations'>
            <val val="{ &quot;os := #writeCoordinateSequence(org.locationtech.jts.geom.CoordinateSequence, boolean, org.locationtech.jts.io.OutStream)#2&quot;, &quot;seq := #writeCoordinateSequence(org.locationtech.jts.geom.CoordinateSequence, boolean, org.locationtech.jts.io.OutStream)#0&quot; }"/>
        </annotation>
    </item>
    <item name='org.locationtech.jts.io.WKBWriter void writeCoordinateSequence(org.locationtech.jts.geom.CoordinateSequence, boolean, org.locationtech.jts.io.OutStream)'>
        <annotation name='com.intellij.inspections.tainted.annotation.equation.Equations'>
            <val val="{ &quot;seq := &quot;, &quot;os := #writePoint(org.locationtech.jts.geom.Point, org.locationtech.jts.io.OutStream)#1 &amp; #writeLineString(org.locationtech.jts.geom.LineString, org.locationtech.jts.io.OutStream)#1 &amp; #writePolygon(org.locationtech.jts.geom.Polygon, org.locationtech.jts.io.OutStream)#1&quot; }"/>
        </annotation>
    </item>
    <item name='org.locationtech.jts.io.WKBWriter void writeGeometryCollection(int, org.locationtech.jts.geom.GeometryCollection, org.locationtech.jts.io.OutStream)'>
        <annotation name='com.intellij.inspections.tainted.annotation.equation.Equations'>
            <val val="{ &quot;geometryType := WKBConstants#wkbMultiPoint &amp; WKBConstants#wkbMultiLineString &amp; WKBConstants#wkbMultiPolygon &amp; WKBConstants#wkbGeometryCollection&quot;, &quot;os := #write(org.locationtech.jts.geom.Geometry, org.locationtech.jts.io.OutStream)#1&quot;, &quot;gc := #write(org.locationtech.jts.geom.Geometry, org.locationtech.jts.io.OutStream)#0&quot; }"/>
        </annotation>
    </item>
    <item name='org.locationtech.jts.io.WKBWriter void writeGeometryType(int, org.locationtech.jts.geom.Geometry, org.locationtech.jts.io.OutStream)'>
        <annotation name='com.intellij.inspections.tainted.annotation.equation.Equations'>
            <val val="{ &quot;geometryType := WKBConstants#wkbPoint &amp; WKBConstants#wkbLineString &amp; WKBConstants#wkbPolygon &amp; #writeGeometryCollection(int, org.locationtech.jts.geom.GeometryCollection, org.locationtech.jts.io.OutStream)#0&quot;, &quot;os := #writePoint(org.locationtech.jts.geom.Point, org.locationtech.jts.io.OutStream)#1 &amp; #writeLineString(org.locationtech.jts.geom.LineString, org.locationtech.jts.io.OutStream)#1 &amp; #writePolygon(org.locationtech.jts.geom.Polygon, org.locationtech.jts.io.OutStream)#1 &amp; #writeGeometryCollection(int, org.locationtech.jts.geom.GeometryCollection, org.locationtech.jts.io.OutStream)#2&quot;, &quot;g := #writePoint(org.locationtech.jts.geom.Point, org.locationtech.jts.io.OutStream)#0 &amp; #writeLineString(org.locationtech.jts.geom.LineString, org.locationtech.jts.io.OutStream)#0 &amp; #writePolygon(org.locationtech.jts.geom.Polygon, org.locationtech.jts.io.OutStream)#0 &amp; #writeGeometryCollection(int, org.locationtech.jts.geom.GeometryCollection, org.locationtech.jts.io.OutStream)#1&quot; }"/>
        </annotation>
    </item>
    <item name='org.locationtech.jts.io.WKBWriter void writeInt(int, org.locationtech.jts.io.OutStream)'>
        <annotation name='com.intellij.inspections.tainted.annotation.equation.Equations'>
            <val val="{ &quot;intValue := #writeGeometryType(int, org.locationtech.jts.geom.Geometry, org.locationtech.jts.io.OutStream)#0&quot;, &quot;os := #writePolygon(org.locationtech.jts.geom.Polygon, org.locationtech.jts.io.OutStream)#1 &amp; #writeGeometryCollection(int, org.locationtech.jts.geom.GeometryCollection, org.locationtech.jts.io.OutStream)#2 &amp; #writeGeometryType(int, org.locationtech.jts.geom.Geometry, org.locationtech.jts.io.OutStream)#2 &amp; #writeCoordinateSequence(org.locationtech.jts.geom.CoordinateSequence, boolean, org.locationtech.jts.io.OutStream)#2&quot; }"/>
        </annotation>
    </item>
    <item name='org.locationtech.jts.io.WKBWriter void writeLineString(org.locationtech.jts.geom.LineString, org.locationtech.jts.io.OutStream)'>
        <annotation name='com.intellij.inspections.tainted.annotation.equation.Equations'>
            <val val="{ &quot;os := #write(org.locationtech.jts.geom.Geometry, org.locationtech.jts.io.OutStream)#1&quot;, &quot;line := #write(org.locationtech.jts.geom.Geometry, org.locationtech.jts.io.OutStream)#0&quot; }"/>
        </annotation>
    </item>
    <item name='org.locationtech.jts.io.WKBWriter void writePoint(org.locationtech.jts.geom.Point, org.locationtech.jts.io.OutStream)'>
        <annotation name='com.intellij.inspections.tainted.annotation.equation.Equations'>
            <val val="{ &quot;pt := #write(org.locationtech.jts.geom.Geometry, org.locationtech.jts.io.OutStream)#0&quot;, &quot;os := #write(org.locationtech.jts.geom.Geometry, org.locationtech.jts.io.OutStream)#1&quot; }"/>
        </annotation>
    </item>
    <item name='org.locationtech.jts.io.WKBWriter void writePolygon(org.locationtech.jts.geom.Polygon, org.locationtech.jts.io.OutStream)'>
        <annotation name='com.intellij.inspections.tainted.annotation.equation.Equations'>
            <val val="{ &quot;os := #write(org.locationtech.jts.geom.Geometry, org.locationtech.jts.io.OutStream)#1&quot;, &quot;poly := #write(org.locationtech.jts.geom.Geometry, org.locationtech.jts.io.OutStream)#0&quot; }"/>
        </annotation>
    </item>
    <item name='org.locationtech.jts.io.WKTReader'>
        <annotation name='com.intellij.inspections.tainted.annotation.equation.Equations'>
            <val val="{ &quot;WKTReader := #WKTReader(org.locationtech.jts.geom.GeometryFactory)#0&quot; }"/>
        </annotation>
    </item>
    <item name='org.locationtech.jts.io.WKTReader WKTReader()'>
        <annotation name='com.intellij.inspections.tainted.annotation.equation.Equations'>
            <val val="{ &quot;WKTReader := WKTReader&quot; }"/>
        </annotation>
    </item>
    <item name='org.locationtech.jts.io.WKTReader WKTReader(org.locationtech.jts.geom.GeometryFactory)'>
        <annotation name='com.intellij.inspections.tainted.annotation.equation.Equations'>
            <val val="{ &quot;WKTReader := WKTReader&quot;, &quot;geometryFactory := &quot; }"/>
        </annotation>
    </item>
    <item name='org.locationtech.jts.io.WKTReader boolean isNumberNext(java.io.StreamTokenizer)'>
        <annotation name='com.intellij.inspections.tainted.annotation.equation.Equations'>
            <val val="{ &quot;tokenizer := #getCoordinate(java.io.StreamTokenizer, java.util.EnumSet, boolean)#0 &amp; #getPreciseCoordinate(java.io.StreamTokenizer)#0&quot; }"/>
        </annotation>
    </item>
    <item name='org.locationtech.jts.io.WKTReader boolean isOpenerNext(java.io.StreamTokenizer)'>
        <annotation name='com.intellij.inspections.tainted.annotation.equation.Equations'>
            <val val="{ &quot;tokenizer := #getCoordinate(java.io.StreamTokenizer, java.util.EnumSet, boolean)#0&quot; }"/>
        </annotation>
    </item>
    <item name='org.locationtech.jts.io.WKTReader double getNextNumber(java.io.StreamTokenizer)'>
        <annotation name='com.intellij.inspections.tainted.annotation.equation.Equations'>
            <val val="{ &quot;getNextNumber := java.lang.Double#NaN&quot;, &quot;tokenizer := #getCoordinate(java.io.StreamTokenizer, java.util.EnumSet, boolean)#0 &amp; #getPreciseCoordinate(java.io.StreamTokenizer)#0&quot; }"/>
        </annotation>
    </item>
    <item name='org.locationtech.jts.io.WKTReader int toDimension(java.util.EnumSet&lt;org.locationtech.jts.io.Ordinate&gt;)'>
        <annotation name='com.intellij.inspections.tainted.annotation.equation.Equations'>
            <val val="{ &quot;ordinateFlags := #getCoordinate(java.io.StreamTokenizer, java.util.EnumSet, boolean)#1 &amp; #getCoordinateSequence(java.io.StreamTokenizer, java.util.EnumSet, boolean)#1 &amp; #mergeSequences(java.util.ArrayList, java.util.EnumSet)#1 &amp; #readGeometryTaggedText(java.io.StreamTokenizer, java.lang.String, java.util.EnumSet)#2&quot; }"/>
        </annotation>
    </item>
    <item name='org.locationtech.jts.io.WKTReader java.io.StreamTokenizer createTokenizer(java.io.Reader)'>
        <annotation name='com.intellij.inspections.tainted.annotation.equation.Equations'>
            <val val="{ &quot;reader := #read(java.io.Reader)#0&quot;, &quot;createTokenizer := &quot; }"/>
        </annotation>
    </item>
    <item name='org.locationtech.jts.io.WKTReader java.lang.String getNextCloser(java.io.StreamTokenizer)'>
        <annotation name='com.intellij.inspections.tainted.annotation.equation.Equations'>
            <val val="{ &quot;getNextCloser := &quot;, &quot;tokenizer := #getCoordinate(java.io.StreamTokenizer, java.util.EnumSet, boolean)#0&quot; }"/>
        </annotation>
    </item>
    <item name='org.locationtech.jts.io.WKTReader java.lang.String getNextCloserOrComma(java.io.StreamTokenizer)'>
        <annotation name='com.intellij.inspections.tainted.annotation.equation.Equations'>
            <val val="{ &quot;getNextCloserOrComma := &quot;, &quot;tokenizer := #getCoordinates(java.io.StreamTokenizer)#0 &amp; #getCoordinatesNoLeftParen(java.io.StreamTokenizer)#0 &amp; #readPolygonText(java.io.StreamTokenizer, java.util.EnumSet)#0 &amp; #readMultiLineStringText(java.io.StreamTokenizer, java.util.EnumSet)#0 &amp; #readMultiPolygonText(java.io.StreamTokenizer, java.util.EnumSet)#0 &amp; #readGeometryCollectionText(java.io.StreamTokenizer, java.util.EnumSet)#0&quot; }"/>
        </annotation>
    </item>
    <item name='org.locationtech.jts.io.WKTReader java.lang.String getNextEmptyOrOpener(java.io.StreamTokenizer)'>
        <annotation name='com.intellij.inspections.tainted.annotation.equation.Equations'>
            <val val="{ &quot;getNextEmptyOrOpener := &quot;, &quot;tokenizer := #getCoordinates(java.io.StreamTokenizer)#0 &amp; #readPolygonText(java.io.StreamTokenizer, java.util.EnumSet)#0 &amp; #readMultiLineStringText(java.io.StreamTokenizer, java.util.EnumSet)#0 &amp; #readMultiPolygonText(java.io.StreamTokenizer, java.util.EnumSet)#0 &amp; #readGeometryCollectionText(java.io.StreamTokenizer, java.util.EnumSet)#0&quot; }"/>
        </annotation>
    </item>
    <item name='org.locationtech.jts.io.WKTReader java.lang.String getNextWord(java.io.StreamTokenizer)'>
        <annotation name='com.intellij.inspections.tainted.annotation.equation.Equations'>
            <val val="{ &quot;tokenizer := #getNextEmptyOrOpener(java.io.StreamTokenizer)#0 &amp; #lookAheadWord(java.io.StreamTokenizer)#0 &amp; #getNextCloserOrComma(java.io.StreamTokenizer)#0 &amp; #getNextCloser(java.io.StreamTokenizer)#0&quot;, &quot;getNextWord := #EMPTY &amp; #L_PAREN &amp; #R_PAREN &amp; #COMMA&quot; }"/>
        </annotation>
    </item>
    <item name='org.locationtech.jts.io.WKTReader java.lang.String lookAheadWord(java.io.StreamTokenizer)'>
        <annotation name='com.intellij.inspections.tainted.annotation.equation.Equations'>
            <val val="{ &quot;lookAheadWord := &quot; }"/>
        </annotation>
    </item>
    <item name='org.locationtech.jts.io.WKTReader java.lang.String tokenString(java.io.StreamTokenizer)'>
        <annotation name='com.intellij.inspections.tainted.annotation.equation.Equations'>
            <val val="{ &quot;tokenizer := #parseErrorExpected(java.io.StreamTokenizer, java.lang.String)#0&quot; }"/>
        </annotation>
    </item>
    <item name='org.locationtech.jts.io.WKTReader java.util.EnumSet&lt;org.locationtech.jts.io.Ordinate&gt; getNextOrdinateFlags(java.io.StreamTokenizer)'>
        <annotation name='com.intellij.inspections.tainted.annotation.equation.Equations'>
            <val val="{ &quot;tokenizer := #readGeometryTaggedText(java.io.StreamTokenizer, java.lang.String, java.util.EnumSet)#0&quot;, &quot;getNextOrdinateFlags := &quot; }"/>
        </annotation>
    </item>
    <item name='org.locationtech.jts.io.WKTReader org.locationtech.jts.geom.Coordinate getPreciseCoordinate(java.io.StreamTokenizer)'>
        <annotation name='com.intellij.inspections.tainted.annotation.equation.Equations'>
            <val val="{ &quot;tokenizer := #getCoordinates(java.io.StreamTokenizer)#0 &amp; #getCoordinatesNoLeftParen(java.io.StreamTokenizer)#0&quot;, &quot;getPreciseCoordinate := &quot; }"/>
        </annotation>
    </item>
    <item name='org.locationtech.jts.io.WKTReader org.locationtech.jts.geom.CoordinateSequence getCoordinate(java.io.StreamTokenizer, java.util.EnumSet&lt;org.locationtech.jts.io.Ordinate&gt;, boolean)'>
        <annotation name='com.intellij.inspections.tainted.annotation.equation.Equations'>
            <val val="{ &quot;tokenizer := #getCoordinateSequence(java.io.StreamTokenizer, java.util.EnumSet, boolean)#0&quot;, &quot;ordinateFlags := #getCoordinateSequence(java.io.StreamTokenizer, java.util.EnumSet, boolean)#1&quot;, &quot;getCoordinate := &quot; }"/>
        </annotation>
    </item>
    <item name='org.locationtech.jts.io.WKTReader org.locationtech.jts.geom.CoordinateSequence getCoordinateSequence(java.io.StreamTokenizer, java.util.EnumSet&lt;org.locationtech.jts.io.Ordinate&gt;)'>
        <annotation name='com.intellij.inspections.tainted.annotation.equation.Equations'>
            <val val="{ &quot;tokenizer := #readPointText(java.io.StreamTokenizer, java.util.EnumSet)#0 &amp; #readLineStringText(java.io.StreamTokenizer, java.util.EnumSet)#0 &amp; #readLinearRingText(java.io.StreamTokenizer, java.util.EnumSet)#0&quot;, &quot;ordinateFlags := #readPointText(java.io.StreamTokenizer, java.util.EnumSet)#1 &amp; #readLineStringText(java.io.StreamTokenizer, java.util.EnumSet)#1 &amp; #readLinearRingText(java.io.StreamTokenizer, java.util.EnumSet)#1&quot;, &quot;getCoordinateSequence := &quot; }"/>
        </annotation>
    </item>
    <item name='org.locationtech.jts.io.WKTReader org.locationtech.jts.geom.CoordinateSequence getCoordinateSequence(java.io.StreamTokenizer, java.util.EnumSet&lt;org.locationtech.jts.io.Ordinate&gt;, boolean)'>
        <annotation name='com.intellij.inspections.tainted.annotation.equation.Equations'>
            <val val="{ &quot;ordinateFlags := #getCoordinateSequence(java.io.StreamTokenizer, java.util.EnumSet)#1 &amp; #readMultiPointText(java.io.StreamTokenizer, java.util.EnumSet)#1&quot;, &quot;getCoordinateSequence := &quot;, &quot;tokenizer := #getCoordinateSequence(java.io.StreamTokenizer, java.util.EnumSet)#0 &amp; #readMultiPointText(java.io.StreamTokenizer, java.util.EnumSet)#0&quot; }"/>
        </annotation>
    </item>
    <item name='org.locationtech.jts.io.WKTReader org.locationtech.jts.geom.CoordinateSequence mergeSequences(java.util.ArrayList, java.util.EnumSet&lt;org.locationtech.jts.io.Ordinate&gt;)'>
        <annotation name='com.intellij.inspections.tainted.annotation.equation.Equations'>
            <val val="{ &quot;sequences := &quot;, &quot;ordinateFlags := #getCoordinateSequence(java.io.StreamTokenizer, java.util.EnumSet, boolean)#1&quot;, &quot;mergeSequences := &quot; }"/>
        </annotation>
    </item>
    <item name='org.locationtech.jts.io.WKTReader org.locationtech.jts.geom.Coordinate[] getCoordinates(java.io.StreamTokenizer)'>
        <annotation name='com.intellij.inspections.tainted.annotation.equation.Equations'>
            <val val="{ &quot;getCoordinates := &quot; }"/>
        </annotation>
    </item>
    <item name='org.locationtech.jts.io.WKTReader org.locationtech.jts.geom.Coordinate[] getCoordinatesNoLeftParen(java.io.StreamTokenizer)'>
        <annotation name='com.intellij.inspections.tainted.annotation.equation.Equations'>
            <val val="{ &quot;getCoordinatesNoLeftParen := &quot; }"/>
        </annotation>
    </item>
    <item name='org.locationtech.jts.io.WKTReader org.locationtech.jts.geom.Geometry read(java.io.Reader)'>
        <annotation name='com.intellij.inspections.tainted.annotation.equation.Equations'>
            <val val="{ &quot;read := &quot;, &quot;reader := &quot; }"/>
        </annotation>
    </item>
    <item name='org.locationtech.jts.io.WKTReader org.locationtech.jts.geom.Geometry read(java.lang.String)'>
        <annotation name='com.intellij.inspections.tainted.annotation.equation.Equations'>
            <val val="{ &quot;wellKnownText := org.hibernate.spatial.JTSGeometryJavaTypeDescriptor#fromString(java.lang.String)#0 &amp; org.hibernate.spatial.testing.AbstractExpectationsFactory#TEST_POLYGON_WKT &amp; org.hibernate.spatial.testing.AbstractExpectationsFactory#TEST_POINT_WKT&quot;, &quot;read := &quot; }"/>
        </annotation>
    </item>
    <item name='org.locationtech.jts.io.WKTReader org.locationtech.jts.geom.Geometry readGeometryTaggedText(java.io.StreamTokenizer)'>
        <annotation name='com.intellij.inspections.tainted.annotation.equation.Equations'>
            <val val="{ &quot;readGeometryTaggedText := &quot;, &quot;tokenizer := #readGeometryCollectionText(java.io.StreamTokenizer, java.util.EnumSet)#0&quot; }"/>
        </annotation>
    </item>
    <item name='org.locationtech.jts.io.WKTReader org.locationtech.jts.geom.Geometry readGeometryTaggedText(java.io.StreamTokenizer, java.lang.String, java.util.EnumSet&lt;org.locationtech.jts.io.Ordinate&gt;)'>
        <annotation name='com.intellij.inspections.tainted.annotation.equation.Equations'>
            <val val="{ &quot;type := &quot;, &quot;ordinateFlags := &quot;, &quot;readGeometryTaggedText := &quot;, &quot;tokenizer := #readGeometryTaggedText(java.io.StreamTokenizer)#0&quot; }"/>
        </annotation>
    </item>
    <item name='org.locationtech.jts.io.WKTReader org.locationtech.jts.geom.GeometryCollection readGeometryCollectionText(java.io.StreamTokenizer, java.util.EnumSet&lt;org.locationtech.jts.io.Ordinate&gt;)'>
        <annotation name='com.intellij.inspections.tainted.annotation.equation.Equations'>
            <val val="{ &quot;tokenizer := #readGeometryTaggedText(java.io.StreamTokenizer, java.lang.String, java.util.EnumSet)#0&quot;, &quot;ordinateFlags := #readGeometryTaggedText(java.io.StreamTokenizer, java.lang.String, java.util.EnumSet)#2&quot;, &quot;readGeometryCollectionText := &quot; }"/>
        </annotation>
    </item>
    <item name='org.locationtech.jts.io.WKTReader org.locationtech.jts.geom.LineString readLineStringText(java.io.StreamTokenizer, java.util.EnumSet&lt;org.locationtech.jts.io.Ordinate&gt;)'>
        <annotation name='com.intellij.inspections.tainted.annotation.equation.Equations'>
            <val val="{ &quot;readLineStringText := &quot;, &quot;tokenizer := #readGeometryTaggedText(java.io.StreamTokenizer, java.lang.String, java.util.EnumSet)#0 &amp; #readMultiLineStringText(java.io.StreamTokenizer, java.util.EnumSet)#0&quot;, &quot;ordinateFlags := #readGeometryTaggedText(java.io.StreamTokenizer, java.lang.String, java.util.EnumSet)#2 &amp; #readMultiLineStringText(java.io.StreamTokenizer, java.util.EnumSet)#1&quot; }"/>
        </annotation>
    </item>
    <item name='org.locationtech.jts.io.WKTReader org.locationtech.jts.geom.LinearRing readLinearRingText(java.io.StreamTokenizer, java.util.EnumSet&lt;org.locationtech.jts.io.Ordinate&gt;)'>
        <annotation name='com.intellij.inspections.tainted.annotation.equation.Equations'>
            <val val="{ &quot;readLinearRingText := &quot;, &quot;ordinateFlags := #readGeometryTaggedText(java.io.StreamTokenizer, java.lang.String, java.util.EnumSet)#2 &amp; #readPolygonText(java.io.StreamTokenizer, java.util.EnumSet)#1&quot;, &quot;tokenizer := #readGeometryTaggedText(java.io.StreamTokenizer, java.lang.String, java.util.EnumSet)#0 &amp; #readPolygonText(java.io.StreamTokenizer, java.util.EnumSet)#0&quot; }"/>
        </annotation>
    </item>
    <item name='org.locationtech.jts.io.WKTReader org.locationtech.jts.geom.MultiLineString readMultiLineStringText(java.io.StreamTokenizer, java.util.EnumSet&lt;org.locationtech.jts.io.Ordinate&gt;)'>
        <annotation name='com.intellij.inspections.tainted.annotation.equation.Equations'>
            <val val="{ &quot;ordinateFlags := #readGeometryTaggedText(java.io.StreamTokenizer, java.lang.String, java.util.EnumSet)#2&quot;, &quot;tokenizer := #readGeometryTaggedText(java.io.StreamTokenizer, java.lang.String, java.util.EnumSet)#0&quot;, &quot;readMultiLineStringText := &quot; }"/>
        </annotation>
    </item>
    <item name='org.locationtech.jts.io.WKTReader org.locationtech.jts.geom.MultiPoint readMultiPointText(java.io.StreamTokenizer, java.util.EnumSet&lt;org.locationtech.jts.io.Ordinate&gt;)'>
        <annotation name='com.intellij.inspections.tainted.annotation.equation.Equations'>
            <val val="{ &quot;readMultiPointText := &quot;, &quot;tokenizer := #readGeometryTaggedText(java.io.StreamTokenizer, java.lang.String, java.util.EnumSet)#0&quot;, &quot;ordinateFlags := #readGeometryTaggedText(java.io.StreamTokenizer, java.lang.String, java.util.EnumSet)#2&quot; }"/>
        </annotation>
    </item>
    <item name='org.locationtech.jts.io.WKTReader org.locationtech.jts.geom.MultiPolygon readMultiPolygonText(java.io.StreamTokenizer, java.util.EnumSet&lt;org.locationtech.jts.io.Ordinate&gt;)'>
        <annotation name='com.intellij.inspections.tainted.annotation.equation.Equations'>
            <val val="{ &quot;tokenizer := #readGeometryTaggedText(java.io.StreamTokenizer, java.lang.String, java.util.EnumSet)#0&quot;, &quot;ordinateFlags := #readGeometryTaggedText(java.io.StreamTokenizer, java.lang.String, java.util.EnumSet)#2&quot;, &quot;readMultiPolygonText := &quot; }"/>
        </annotation>
    </item>
    <item name='org.locationtech.jts.io.WKTReader org.locationtech.jts.geom.Point readPointText(java.io.StreamTokenizer, java.util.EnumSet&lt;org.locationtech.jts.io.Ordinate&gt;)'>
        <annotation name='com.intellij.inspections.tainted.annotation.equation.Equations'>
            <val val="{ &quot;ordinateFlags := #readGeometryTaggedText(java.io.StreamTokenizer, java.lang.String, java.util.EnumSet)#2&quot;, &quot;tokenizer := #readGeometryTaggedText(java.io.StreamTokenizer, java.lang.String, java.util.EnumSet)#0&quot;, &quot;readPointText := &quot; }"/>
        </annotation>
    </item>
    <item name='org.locationtech.jts.io.WKTReader org.locationtech.jts.geom.Polygon readPolygonText(java.io.StreamTokenizer, java.util.EnumSet&lt;org.locationtech.jts.io.Ordinate&gt;)'>
        <annotation name='com.intellij.inspections.tainted.annotation.equation.Equations'>
            <val val="{ &quot;ordinateFlags := #readGeometryTaggedText(java.io.StreamTokenizer, java.lang.String, java.util.EnumSet)#2 &amp; #readMultiPolygonText(java.io.StreamTokenizer, java.util.EnumSet)#1&quot;, &quot;tokenizer := #readGeometryTaggedText(java.io.StreamTokenizer, java.lang.String, java.util.EnumSet)#0 &amp; #readMultiPolygonText(java.io.StreamTokenizer, java.util.EnumSet)#0&quot;, &quot;readPolygonText := &quot; }"/>
        </annotation>
    </item>
    <item name='org.locationtech.jts.io.WKTReader org.locationtech.jts.io.ParseException parseErrorExpected(java.io.StreamTokenizer, java.lang.String)'>
        <annotation name='com.intellij.inspections.tainted.annotation.equation.Equations'>
            <val val="{ &quot;parseErrorExpected := &quot; }"/>
        </annotation>
    </item>
    <item name='org.locationtech.jts.io.WKTReader org.locationtech.jts.io.ParseException parseErrorWithLine(java.io.StreamTokenizer, java.lang.String)'>
        <annotation name='com.intellij.inspections.tainted.annotation.equation.Equations'>
            <val val="{ &quot;parseErrorWithLine := &quot;, &quot;msg := #parseErrorExpected(java.io.StreamTokenizer, java.lang.String)#1&quot;, &quot;tokenizer := #parseErrorExpected(java.io.StreamTokenizer, java.lang.String)#0&quot; }"/>
        </annotation>
    </item>
    <item name='org.locationtech.jts.io.WKTWriter'>
        <annotation name='com.intellij.inspections.tainted.annotation.equation.Equations'>
            <val val="{ &quot;WKTWriter := #WKTWriter(int)#0 &amp; #setMaxCoordinatesPerLine(int)#0 &amp; #setPrecisionModel(org.locationtech.jts.geom.PrecisionModel)#0&quot; }"/>
        </annotation>
    </item>
    <item name='org.locationtech.jts.io.WKTWriter WKTWriter()'>
        <annotation name='com.intellij.inspections.tainted.annotation.equation.Equations'>
            <val val="{ &quot;WKTWriter := WKTWriter&quot; }"/>
        </annotation>
    </item>
    <item name='org.locationtech.jts.io.WKTWriter WKTWriter(int)'>
        <annotation name='com.intellij.inspections.tainted.annotation.equation.Equations'>
            <val val="{ &quot;WKTWriter := WKTWriter&quot;, &quot;outputDimension := #OUTPUT_DIMENSION&quot; }"/>
        </annotation>
    </item>
    <item name='org.locationtech.jts.io.WKTWriter java.lang.String stringOfChar(char, int)'>
        <annotation name='com.intellij.inspections.tainted.annotation.equation.Equations'>
            <val val="{ &quot;count := #setTab(int)#0&quot;, &quot;stringOfChar := &quot; }"/>
        </annotation>
    </item>
    <item name='org.locationtech.jts.io.WKTWriter java.lang.String toLineString(org.locationtech.jts.geom.Coordinate, org.locationtech.jts.geom.Coordinate)'>
        <annotation name='com.intellij.inspections.tainted.annotation.equation.Equations'>
            <val val="{ &quot;p0 := org.locationtech.jts.algorithm.LineIntersector&quot;, &quot;p1 := org.locationtech.jts.algorithm.LineIntersector&quot; }"/>
        </annotation>
    </item>
    <item name='org.locationtech.jts.io.WKTWriter java.lang.String toLineString(org.locationtech.jts.geom.CoordinateSequence)'>
        <annotation name='com.intellij.inspections.tainted.annotation.equation.Equations'>
            <val val="{ &quot;toLineString := &quot;, &quot;seq := &quot; }"/>
        </annotation>
    </item>
    <item name='org.locationtech.jts.io.WKTWriter java.lang.String toLineString(org.locationtech.jts.geom.Coordinate[])'>
        <annotation name='com.intellij.inspections.tainted.annotation.equation.Equations'>
            <val val="{ &quot;toLineString := &quot; }"/>
        </annotation>
    </item>
    <item name='org.locationtech.jts.io.WKTWriter java.lang.String write(org.locationtech.jts.geom.Geometry)'>
        <annotation name='com.intellij.inspections.tainted.annotation.equation.Equations'>
            <val val="{ &quot;write := &quot;, &quot;geometry := org.locationtech.jts.geom.Geometry&quot; }"/>
        </annotation>
    </item>
    <item name='org.locationtech.jts.io.WKTWriter java.lang.String writeFormatted(org.locationtech.jts.geom.Geometry)'>
        <annotation name='com.intellij.inspections.tainted.annotation.equation.Equations'>
            <val val="{ &quot;writeFormatted := &quot; }"/>
        </annotation>
    </item>
    <item name='org.locationtech.jts.io.WKTWriter java.lang.String writeNumber(double, java.text.DecimalFormat)'>
        <annotation name='com.intellij.inspections.tainted.annotation.equation.Equations'>
            <val val="{ &quot;formatter := #appendCoordinate(org.locationtech.jts.geom.CoordinateSequence, java.util.EnumSet, int, java.io.Writer, java.text.DecimalFormat)#4&quot;, &quot;writeNumber := &quot;, &quot;d := &quot; }"/>
        </annotation>
    </item>
    <item name='org.locationtech.jts.io.WKTWriter java.text.DecimalFormat createFormatter(org.locationtech.jts.geom.PrecisionModel)'>
        <annotation name='com.intellij.inspections.tainted.annotation.equation.Equations'>
            <val val="{ &quot;createFormatter := &quot;, &quot;precisionModel := #writeFormatted(org.locationtech.jts.geom.Geometry, boolean, java.io.Writer, org.locationtech.jts.geom.PrecisionModel)#3&quot; }"/>
        </annotation>
    </item>
    <item name='org.locationtech.jts.io.WKTWriter java.util.EnumSet&lt;org.locationtech.jts.io.Ordinate&gt; getOutputOrdinates()'>
        <annotation name='com.intellij.inspections.tainted.annotation.equation.Equations'>
            <val val="{ &quot;getOutputOrdinates := WKTWriter&quot; }"/>
        </annotation>
    </item>
    <item name='org.locationtech.jts.io.WKTWriter void appendCoordinate(org.locationtech.jts.geom.CoordinateSequence, java.util.EnumSet&lt;org.locationtech.jts.io.Ordinate&gt;, int, java.io.Writer, java.text.DecimalFormat)'>
        <annotation name='com.intellij.inspections.tainted.annotation.equation.Equations'>
            <val val="{ &quot;writer := #appendSequenceText(org.locationtech.jts.geom.CoordinateSequence, java.util.EnumSet, boolean, int, boolean, java.io.Writer, java.text.DecimalFormat)#5&quot;, &quot;seq := #appendSequenceText(org.locationtech.jts.geom.CoordinateSequence, java.util.EnumSet, boolean, int, boolean, java.io.Writer, java.text.DecimalFormat)#0&quot;, &quot;outputOrdinates := #appendSequenceText(org.locationtech.jts.geom.CoordinateSequence, java.util.EnumSet, boolean, int, boolean, java.io.Writer, java.text.DecimalFormat)#1&quot;, &quot;formatter := #appendSequenceText(org.locationtech.jts.geom.CoordinateSequence, java.util.EnumSet, boolean, int, boolean, java.io.Writer, java.text.DecimalFormat)#6&quot; }"/>
        </annotation>
    </item>
    <item name='org.locationtech.jts.io.WKTWriter void appendGeometryCollectionTaggedText(org.locationtech.jts.geom.GeometryCollection, java.util.EnumSet&lt;org.locationtech.jts.io.Ordinate&gt;, boolean, int, java.io.Writer, java.text.DecimalFormat)'>
        <annotation name='com.intellij.inspections.tainted.annotation.equation.Equations'>
            <val val="{ &quot;formatter := #appendGeometryTaggedText(org.locationtech.jts.geom.Geometry, java.util.EnumSet, boolean, int, java.io.Writer, java.text.DecimalFormat)#5&quot;, &quot;outputOrdinates := #appendGeometryTaggedText(org.locationtech.jts.geom.Geometry, java.util.EnumSet, boolean, int, java.io.Writer, java.text.DecimalFormat)#1&quot;, &quot;level := #appendGeometryTaggedText(org.locationtech.jts.geom.Geometry, java.util.EnumSet, boolean, int, java.io.Writer, java.text.DecimalFormat)#3&quot;, &quot;geometryCollection := #appendGeometryTaggedText(org.locationtech.jts.geom.Geometry, java.util.EnumSet, boolean, int, java.io.Writer, java.text.DecimalFormat)#0&quot;, &quot;writer := #appendGeometryTaggedText(org.locationtech.jts.geom.Geometry, java.util.EnumSet, boolean, int, java.io.Writer, java.text.DecimalFormat)#4&quot; }"/>
        </annotation>
    </item>
    <item name='org.locationtech.jts.io.WKTWriter void appendGeometryCollectionText(org.locationtech.jts.geom.GeometryCollection, java.util.EnumSet&lt;org.locationtech.jts.io.Ordinate&gt;, boolean, int, java.io.Writer, java.text.DecimalFormat)'>
        <annotation name='com.intellij.inspections.tainted.annotation.equation.Equations'>
            <val val="{ &quot;outputOrdinates := #appendGeometryCollectionTaggedText(org.locationtech.jts.geom.GeometryCollection, java.util.EnumSet, boolean, int, java.io.Writer, java.text.DecimalFormat)#1&quot;, &quot;formatter := #appendGeometryCollectionTaggedText(org.locationtech.jts.geom.GeometryCollection, java.util.EnumSet, boolean, int, java.io.Writer, java.text.DecimalFormat)#5&quot;, &quot;geometryCollection := #appendGeometryCollectionTaggedText(org.locationtech.jts.geom.GeometryCollection, java.util.EnumSet, boolean, int, java.io.Writer, java.text.DecimalFormat)#0&quot;, &quot;level := #appendGeometryCollectionTaggedText(org.locationtech.jts.geom.GeometryCollection, java.util.EnumSet, boolean, int, java.io.Writer, java.text.DecimalFormat)#3&quot;, &quot;writer := #appendGeometryCollectionTaggedText(org.locationtech.jts.geom.GeometryCollection, java.util.EnumSet, boolean, int, java.io.Writer, java.text.DecimalFormat)#4&quot; }"/>
        </annotation>
    </item>
    <item name='org.locationtech.jts.io.WKTWriter void appendGeometryTaggedText(org.locationtech.jts.geom.Geometry, boolean, java.io.Writer, java.text.DecimalFormat)'>
        <annotation name='com.intellij.inspections.tainted.annotation.equation.Equations'>
            <val val="{ &quot;formatter := &quot;, &quot;geometry := #writeFormatted(org.locationtech.jts.geom.Geometry, boolean, java.io.Writer, org.locationtech.jts.geom.PrecisionModel)#0&quot;, &quot;writer := #writeFormatted(org.locationtech.jts.geom.Geometry, boolean, java.io.Writer, org.locationtech.jts.geom.PrecisionModel)#2&quot; }"/>
        </annotation>
    </item>
    <item name='org.locationtech.jts.io.WKTWriter void appendGeometryTaggedText(org.locationtech.jts.geom.Geometry, java.util.EnumSet&lt;org.locationtech.jts.io.Ordinate&gt;, boolean, int, java.io.Writer, java.text.DecimalFormat)'>
        <annotation name='com.intellij.inspections.tainted.annotation.equation.Equations'>
            <val val="{ &quot;formatter := #appendGeometryTaggedText(org.locationtech.jts.geom.Geometry, boolean, java.io.Writer, java.text.DecimalFormat)#3 &amp; #appendGeometryCollectionText(org.locationtech.jts.geom.GeometryCollection, java.util.EnumSet, boolean, int, java.io.Writer, java.text.DecimalFormat)#5&quot;, &quot;writer := #appendGeometryTaggedText(org.locationtech.jts.geom.Geometry, boolean, java.io.Writer, java.text.DecimalFormat)#2 &amp; #appendGeometryCollectionText(org.locationtech.jts.geom.GeometryCollection, java.util.EnumSet, boolean, int, java.io.Writer, java.text.DecimalFormat)#4&quot;, &quot;outputOrdinates := #appendGeometryCollectionText(org.locationtech.jts.geom.GeometryCollection, java.util.EnumSet, boolean, int, java.io.Writer, java.text.DecimalFormat)#1&quot;, &quot;geometry := #appendGeometryTaggedText(org.locationtech.jts.geom.Geometry, boolean, java.io.Writer, java.text.DecimalFormat)#0&quot;, &quot;level := #appendGeometryCollectionText(org.locationtech.jts.geom.GeometryCollection, java.util.EnumSet, boolean, int, java.io.Writer, java.text.DecimalFormat)#3&quot; }"/>
        </annotation>
    </item>
    <item name='org.locationtech.jts.io.WKTWriter void appendLineStringTaggedText(org.locationtech.jts.geom.LineString, java.util.EnumSet&lt;org.locationtech.jts.io.Ordinate&gt;, boolean, int, java.io.Writer, java.text.DecimalFormat)'>
        <annotation name='com.intellij.inspections.tainted.annotation.equation.Equations'>
            <val val="{ &quot;outputOrdinates := #appendGeometryTaggedText(org.locationtech.jts.geom.Geometry, java.util.EnumSet, boolean, int, java.io.Writer, java.text.DecimalFormat)#1&quot;, &quot;level := #appendGeometryTaggedText(org.locationtech.jts.geom.Geometry, java.util.EnumSet, boolean, int, java.io.Writer, java.text.DecimalFormat)#3&quot;, &quot;lineString := #appendGeometryTaggedText(org.locationtech.jts.geom.Geometry, java.util.EnumSet, boolean, int, java.io.Writer, java.text.DecimalFormat)#0&quot;, &quot;formatter := #appendGeometryTaggedText(org.locationtech.jts.geom.Geometry, java.util.EnumSet, boolean, int, java.io.Writer, java.text.DecimalFormat)#5&quot;, &quot;writer := #appendGeometryTaggedText(org.locationtech.jts.geom.Geometry, java.util.EnumSet, boolean, int, java.io.Writer, java.text.DecimalFormat)#4&quot; }"/>
        </annotation>
    </item>
    <item name='org.locationtech.jts.io.WKTWriter void appendLinearRingTaggedText(org.locationtech.jts.geom.LinearRing, java.util.EnumSet&lt;org.locationtech.jts.io.Ordinate&gt;, boolean, int, java.io.Writer, java.text.DecimalFormat)'>
        <annotation name='com.intellij.inspections.tainted.annotation.equation.Equations'>
            <val val="{ &quot;outputOrdinates := #appendGeometryTaggedText(org.locationtech.jts.geom.Geometry, java.util.EnumSet, boolean, int, java.io.Writer, java.text.DecimalFormat)#1&quot;, &quot;level := #appendGeometryTaggedText(org.locationtech.jts.geom.Geometry, java.util.EnumSet, boolean, int, java.io.Writer, java.text.DecimalFormat)#3&quot;, &quot;formatter := #appendGeometryTaggedText(org.locationtech.jts.geom.Geometry, java.util.EnumSet, boolean, int, java.io.Writer, java.text.DecimalFormat)#5&quot;, &quot;linearRing := #appendGeometryTaggedText(org.locationtech.jts.geom.Geometry, java.util.EnumSet, boolean, int, java.io.Writer, java.text.DecimalFormat)#0&quot;, &quot;writer := #appendGeometryTaggedText(org.locationtech.jts.geom.Geometry, java.util.EnumSet, boolean, int, java.io.Writer, java.text.DecimalFormat)#4&quot; }"/>
        </annotation>
    </item>
    <item name='org.locationtech.jts.io.WKTWriter void appendMultiLineStringTaggedText(org.locationtech.jts.geom.MultiLineString, java.util.EnumSet&lt;org.locationtech.jts.io.Ordinate&gt;, boolean, int, java.io.Writer, java.text.DecimalFormat)'>
        <annotation name='com.intellij.inspections.tainted.annotation.equation.Equations'>
            <val val="{ &quot;writer := #appendGeometryTaggedText(org.locationtech.jts.geom.Geometry, java.util.EnumSet, boolean, int, java.io.Writer, java.text.DecimalFormat)#4&quot;, &quot;formatter := #appendGeometryTaggedText(org.locationtech.jts.geom.Geometry, java.util.EnumSet, boolean, int, java.io.Writer, java.text.DecimalFormat)#5&quot;, &quot;level := #appendGeometryTaggedText(org.locationtech.jts.geom.Geometry, java.util.EnumSet, boolean, int, java.io.Writer, java.text.DecimalFormat)#3&quot;, &quot;multiLineString := #appendGeometryTaggedText(org.locationtech.jts.geom.Geometry, java.util.EnumSet, boolean, int, java.io.Writer, java.text.DecimalFormat)#0&quot;, &quot;outputOrdinates := #appendGeometryTaggedText(org.locationtech.jts.geom.Geometry, java.util.EnumSet, boolean, int, java.io.Writer, java.text.DecimalFormat)#1&quot; }"/>
        </annotation>
    </item>
    <item name='org.locationtech.jts.io.WKTWriter void appendMultiLineStringText(org.locationtech.jts.geom.MultiLineString, java.util.EnumSet&lt;org.locationtech.jts.io.Ordinate&gt;, boolean, int, java.io.Writer, java.text.DecimalFormat)'>
        <annotation name='com.intellij.inspections.tainted.annotation.equation.Equations'>
            <val val="{ &quot;level := #appendMultiLineStringTaggedText(org.locationtech.jts.geom.MultiLineString, java.util.EnumSet, boolean, int, java.io.Writer, java.text.DecimalFormat)#3&quot;, &quot;formatter := #appendMultiLineStringTaggedText(org.locationtech.jts.geom.MultiLineString, java.util.EnumSet, boolean, int, java.io.Writer, java.text.DecimalFormat)#5&quot;, &quot;outputOrdinates := #appendMultiLineStringTaggedText(org.locationtech.jts.geom.MultiLineString, java.util.EnumSet, boolean, int, java.io.Writer, java.text.DecimalFormat)#1&quot;, &quot;writer := #appendMultiLineStringTaggedText(org.locationtech.jts.geom.MultiLineString, java.util.EnumSet, boolean, int, java.io.Writer, java.text.DecimalFormat)#4&quot;, &quot;multiLineString := #appendMultiLineStringTaggedText(org.locationtech.jts.geom.MultiLineString, java.util.EnumSet, boolean, int, java.io.Writer, java.text.DecimalFormat)#0&quot; }"/>
        </annotation>
    </item>
    <item name='org.locationtech.jts.io.WKTWriter void appendMultiPointTaggedText(org.locationtech.jts.geom.MultiPoint, java.util.EnumSet&lt;org.locationtech.jts.io.Ordinate&gt;, boolean, int, java.io.Writer, java.text.DecimalFormat)'>
        <annotation name='com.intellij.inspections.tainted.annotation.equation.Equations'>
            <val val="{ &quot;writer := #appendGeometryTaggedText(org.locationtech.jts.geom.Geometry, java.util.EnumSet, boolean, int, java.io.Writer, java.text.DecimalFormat)#4&quot;, &quot;outputOrdinates := #appendGeometryTaggedText(org.locationtech.jts.geom.Geometry, java.util.EnumSet, boolean, int, java.io.Writer, java.text.DecimalFormat)#1&quot;, &quot;formatter := #appendGeometryTaggedText(org.locationtech.jts.geom.Geometry, java.util.EnumSet, boolean, int, java.io.Writer, java.text.DecimalFormat)#5&quot;, &quot;level := #appendGeometryTaggedText(org.locationtech.jts.geom.Geometry, java.util.EnumSet, boolean, int, java.io.Writer, java.text.DecimalFormat)#3&quot;, &quot;multipoint := #appendGeometryTaggedText(org.locationtech.jts.geom.Geometry, java.util.EnumSet, boolean, int, java.io.Writer, java.text.DecimalFormat)#0&quot; }"/>
        </annotation>
    </item>
    <item name='org.locationtech.jts.io.WKTWriter void appendMultiPointText(org.locationtech.jts.geom.MultiPoint, java.util.EnumSet&lt;org.locationtech.jts.io.Ordinate&gt;, boolean, int, java.io.Writer, java.text.DecimalFormat)'>
        <annotation name='com.intellij.inspections.tainted.annotation.equation.Equations'>
            <val val="{ &quot;level := #appendMultiPointTaggedText(org.locationtech.jts.geom.MultiPoint, java.util.EnumSet, boolean, int, java.io.Writer, java.text.DecimalFormat)#3&quot;, &quot;formatter := #appendMultiPointTaggedText(org.locationtech.jts.geom.MultiPoint, java.util.EnumSet, boolean, int, java.io.Writer, java.text.DecimalFormat)#5&quot;, &quot;writer := #appendMultiPointTaggedText(org.locationtech.jts.geom.MultiPoint, java.util.EnumSet, boolean, int, java.io.Writer, java.text.DecimalFormat)#4&quot;, &quot;outputOrdinates := #appendMultiPointTaggedText(org.locationtech.jts.geom.MultiPoint, java.util.EnumSet, boolean, int, java.io.Writer, java.text.DecimalFormat)#1&quot;, &quot;multiPoint := #appendMultiPointTaggedText(org.locationtech.jts.geom.MultiPoint, java.util.EnumSet, boolean, int, java.io.Writer, java.text.DecimalFormat)#0&quot; }"/>
        </annotation>
    </item>
    <item name='org.locationtech.jts.io.WKTWriter void appendMultiPolygonTaggedText(org.locationtech.jts.geom.MultiPolygon, java.util.EnumSet&lt;org.locationtech.jts.io.Ordinate&gt;, boolean, int, java.io.Writer, java.text.DecimalFormat)'>
        <annotation name='com.intellij.inspections.tainted.annotation.equation.Equations'>
            <val val="{ &quot;formatter := #appendGeometryTaggedText(org.locationtech.jts.geom.Geometry, java.util.EnumSet, boolean, int, java.io.Writer, java.text.DecimalFormat)#5&quot;, &quot;multiPolygon := #appendGeometryTaggedText(org.locationtech.jts.geom.Geometry, java.util.EnumSet, boolean, int, java.io.Writer, java.text.DecimalFormat)#0&quot;, &quot;outputOrdinates := #appendGeometryTaggedText(org.locationtech.jts.geom.Geometry, java.util.EnumSet, boolean, int, java.io.Writer, java.text.DecimalFormat)#1&quot;, &quot;level := #appendGeometryTaggedText(org.locationtech.jts.geom.Geometry, java.util.EnumSet, boolean, int, java.io.Writer, java.text.DecimalFormat)#3&quot;, &quot;writer := #appendGeometryTaggedText(org.locationtech.jts.geom.Geometry, java.util.EnumSet, boolean, int, java.io.Writer, java.text.DecimalFormat)#4&quot; }"/>
        </annotation>
    </item>
    <item name='org.locationtech.jts.io.WKTWriter void appendMultiPolygonText(org.locationtech.jts.geom.MultiPolygon, java.util.EnumSet&lt;org.locationtech.jts.io.Ordinate&gt;, boolean, int, java.io.Writer, java.text.DecimalFormat)'>
        <annotation name='com.intellij.inspections.tainted.annotation.equation.Equations'>
            <val val="{ &quot;formatter := #appendMultiPolygonTaggedText(org.locationtech.jts.geom.MultiPolygon, java.util.EnumSet, boolean, int, java.io.Writer, java.text.DecimalFormat)#5&quot;, &quot;level := #appendMultiPolygonTaggedText(org.locationtech.jts.geom.MultiPolygon, java.util.EnumSet, boolean, int, java.io.Writer, java.text.DecimalFormat)#3&quot;, &quot;writer := #appendMultiPolygonTaggedText(org.locationtech.jts.geom.MultiPolygon, java.util.EnumSet, boolean, int, java.io.Writer, java.text.DecimalFormat)#4&quot;, &quot;outputOrdinates := #appendMultiPolygonTaggedText(org.locationtech.jts.geom.MultiPolygon, java.util.EnumSet, boolean, int, java.io.Writer, java.text.DecimalFormat)#1&quot;, &quot;multiPolygon := #appendMultiPolygonTaggedText(org.locationtech.jts.geom.MultiPolygon, java.util.EnumSet, boolean, int, java.io.Writer, java.text.DecimalFormat)#0&quot; }"/>
        </annotation>
    </item>
    <item name='org.locationtech.jts.io.WKTWriter void appendOrdinateText(java.util.EnumSet&lt;org.locationtech.jts.io.Ordinate&gt;, java.io.Writer)'>
        <annotation name='com.intellij.inspections.tainted.annotation.equation.Equations'>
            <val val="{ &quot;writer := #appendPointTaggedText(org.locationtech.jts.geom.Point, java.util.EnumSet, boolean, int, java.io.Writer, java.text.DecimalFormat)#4 &amp; #appendLineStringTaggedText(org.locationtech.jts.geom.LineString, java.util.EnumSet, boolean, int, java.io.Writer, java.text.DecimalFormat)#4 &amp; #appendLinearRingTaggedText(org.locationtech.jts.geom.LinearRing, java.util.EnumSet, boolean, int, java.io.Writer, java.text.DecimalFormat)#4 &amp; #appendPolygonTaggedText(org.locationtech.jts.geom.Polygon, java.util.EnumSet, boolean, int, java.io.Writer, java.text.DecimalFormat)#4 &amp; #appendMultiPointTaggedText(org.locationtech.jts.geom.MultiPoint, java.util.EnumSet, boolean, int, java.io.Writer, java.text.DecimalFormat)#4 &amp; #appendMultiLineStringTaggedText(org.locationtech.jts.geom.MultiLineString, java.util.EnumSet, boolean, int, java.io.Writer, java.text.DecimalFormat)#4 &amp; #appendMultiPolygonTaggedText(org.locationtech.jts.geom.MultiPolygon, java.util.EnumSet, boolean, int, java.io.Writer, java.text.DecimalFormat)#4 &amp; #appendGeometryCollectionTaggedText(org.locationtech.jts.geom.GeometryCollection, java.util.EnumSet, boolean, int, java.io.Writer, java.text.DecimalFormat)#4&quot;, &quot;outputOrdinates := #appendPointTaggedText(org.locationtech.jts.geom.Point, java.util.EnumSet, boolean, int, java.io.Writer, java.text.DecimalFormat)#1 &amp; #appendLineStringTaggedText(org.locationtech.jts.geom.LineString, java.util.EnumSet, boolean, int, java.io.Writer, java.text.DecimalFormat)#1 &amp; #appendLinearRingTaggedText(org.locationtech.jts.geom.LinearRing, java.util.EnumSet, boolean, int, java.io.Writer, java.text.DecimalFormat)#1 &amp; #appendPolygonTaggedText(org.locationtech.jts.geom.Polygon, java.util.EnumSet, boolean, int, java.io.Writer, java.text.DecimalFormat)#1 &amp; #appendMultiPointTaggedText(org.locationtech.jts.geom.MultiPoint, java.util.EnumSet, boolean, int, java.io.Writer, java.text.DecimalFormat)#1 &amp; #appendMultiLineStringTaggedText(org.locationtech.jts.geom.MultiLineString, java.util.EnumSet, boolean, int, java.io.Writer, java.text.DecimalFormat)#1 &amp; #appendMultiPolygonTaggedText(org.locationtech.jts.geom.MultiPolygon, java.util.EnumSet, boolean, int, java.io.Writer, java.text.DecimalFormat)#1 &amp; #appendGeometryCollectionTaggedText(org.locationtech.jts.geom.GeometryCollection, java.util.EnumSet, boolean, int, java.io.Writer, java.text.DecimalFormat)#1&quot; }"/>
        </annotation>
    </item>
    <item name='org.locationtech.jts.io.WKTWriter void appendPointTaggedText(org.locationtech.jts.geom.Point, java.util.EnumSet&lt;org.locationtech.jts.io.Ordinate&gt;, boolean, int, java.io.Writer, java.text.DecimalFormat)'>
        <annotation name='com.intellij.inspections.tainted.annotation.equation.Equations'>
            <val val="{ &quot;point := #appendGeometryTaggedText(org.locationtech.jts.geom.Geometry, java.util.EnumSet, boolean, int, java.io.Writer, java.text.DecimalFormat)#0&quot;, &quot;level := #appendGeometryTaggedText(org.locationtech.jts.geom.Geometry, java.util.EnumSet, boolean, int, java.io.Writer, java.text.DecimalFormat)#3&quot;, &quot;formatter := #appendGeometryTaggedText(org.locationtech.jts.geom.Geometry, java.util.EnumSet, boolean, int, java.io.Writer, java.text.DecimalFormat)#5&quot;, &quot;writer := #appendGeometryTaggedText(org.locationtech.jts.geom.Geometry, java.util.EnumSet, boolean, int, java.io.Writer, java.text.DecimalFormat)#4&quot;, &quot;outputOrdinates := #appendGeometryTaggedText(org.locationtech.jts.geom.Geometry, java.util.EnumSet, boolean, int, java.io.Writer, java.text.DecimalFormat)#1&quot; }"/>
        </annotation>
    </item>
    <item name='org.locationtech.jts.io.WKTWriter void appendPolygonTaggedText(org.locationtech.jts.geom.Polygon, java.util.EnumSet&lt;org.locationtech.jts.io.Ordinate&gt;, boolean, int, java.io.Writer, java.text.DecimalFormat)'>
        <annotation name='com.intellij.inspections.tainted.annotation.equation.Equations'>
            <val val="{ &quot;formatter := #appendGeometryTaggedText(org.locationtech.jts.geom.Geometry, java.util.EnumSet, boolean, int, java.io.Writer, java.text.DecimalFormat)#5&quot;, &quot;writer := #appendGeometryTaggedText(org.locationtech.jts.geom.Geometry, java.util.EnumSet, boolean, int, java.io.Writer, java.text.DecimalFormat)#4&quot;, &quot;polygon := #appendGeometryTaggedText(org.locationtech.jts.geom.Geometry, java.util.EnumSet, boolean, int, java.io.Writer, java.text.DecimalFormat)#0&quot;, &quot;level := #appendGeometryTaggedText(org.locationtech.jts.geom.Geometry, java.util.EnumSet, boolean, int, java.io.Writer, java.text.DecimalFormat)#3&quot;, &quot;outputOrdinates := #appendGeometryTaggedText(org.locationtech.jts.geom.Geometry, java.util.EnumSet, boolean, int, java.io.Writer, java.text.DecimalFormat)#1&quot; }"/>
        </annotation>
    </item>
    <item name='org.locationtech.jts.io.WKTWriter void appendPolygonText(org.locationtech.jts.geom.Polygon, java.util.EnumSet&lt;org.locationtech.jts.io.Ordinate&gt;, boolean, int, boolean, java.io.Writer, java.text.DecimalFormat)'>
        <annotation name='com.intellij.inspections.tainted.annotation.equation.Equations'>
            <val val="{ &quot;polygon := #appendPolygonTaggedText(org.locationtech.jts.geom.Polygon, java.util.EnumSet, boolean, int, java.io.Writer, java.text.DecimalFormat)#0&quot;, &quot;outputOrdinates := #appendPolygonTaggedText(org.locationtech.jts.geom.Polygon, java.util.EnumSet, boolean, int, java.io.Writer, java.text.DecimalFormat)#1 &amp; #appendMultiPolygonText(org.locationtech.jts.geom.MultiPolygon, java.util.EnumSet, boolean, int, java.io.Writer, java.text.DecimalFormat)#1&quot;, &quot;writer := #appendPolygonTaggedText(org.locationtech.jts.geom.Polygon, java.util.EnumSet, boolean, int, java.io.Writer, java.text.DecimalFormat)#4 &amp; #appendMultiPolygonText(org.locationtech.jts.geom.MultiPolygon, java.util.EnumSet, boolean, int, java.io.Writer, java.text.DecimalFormat)#4&quot;, &quot;formatter := #appendPolygonTaggedText(org.locationtech.jts.geom.Polygon, java.util.EnumSet, boolean, int, java.io.Writer, java.text.DecimalFormat)#5 &amp; #appendMultiPolygonText(org.locationtech.jts.geom.MultiPolygon, java.util.EnumSet, boolean, int, java.io.Writer, java.text.DecimalFormat)#5&quot;, &quot;level := #appendPolygonTaggedText(org.locationtech.jts.geom.Polygon, java.util.EnumSet, boolean, int, java.io.Writer, java.text.DecimalFormat)#3 &amp; #appendMultiPolygonText(org.locationtech.jts.geom.MultiPolygon, java.util.EnumSet, boolean, int, java.io.Writer, java.text.DecimalFormat)#3&quot; }"/>
        </annotation>
    </item>
    <item name='org.locationtech.jts.io.WKTWriter void appendSequenceText(org.locationtech.jts.geom.CoordinateSequence, java.util.EnumSet&lt;org.locationtech.jts.io.Ordinate&gt;, boolean, int, boolean, java.io.Writer, java.text.DecimalFormat)'>
        <annotation name='com.intellij.inspections.tainted.annotation.equation.Equations'>
            <val val="{ &quot;outputOrdinates := #appendPointTaggedText(org.locationtech.jts.geom.Point, java.util.EnumSet, boolean, int, java.io.Writer, java.text.DecimalFormat)#1 &amp; #appendLineStringTaggedText(org.locationtech.jts.geom.LineString, java.util.EnumSet, boolean, int, java.io.Writer, java.text.DecimalFormat)#1 &amp; #appendLinearRingTaggedText(org.locationtech.jts.geom.LinearRing, java.util.EnumSet, boolean, int, java.io.Writer, java.text.DecimalFormat)#1 &amp; #appendPolygonText(org.locationtech.jts.geom.Polygon, java.util.EnumSet, boolean, int, boolean, java.io.Writer, java.text.DecimalFormat)#1 &amp; #appendMultiPointText(org.locationtech.jts.geom.MultiPoint, java.util.EnumSet, boolean, int, java.io.Writer, java.text.DecimalFormat)#1 &amp; #appendMultiLineStringText(org.locationtech.jts.geom.MultiLineString, java.util.EnumSet, boolean, int, java.io.Writer, java.text.DecimalFormat)#1&quot;, &quot;writer := #appendPointTaggedText(org.locationtech.jts.geom.Point, java.util.EnumSet, boolean, int, java.io.Writer, java.text.DecimalFormat)#4 &amp; #appendLineStringTaggedText(org.locationtech.jts.geom.LineString, java.util.EnumSet, boolean, int, java.io.Writer, java.text.DecimalFormat)#4 &amp; #appendLinearRingTaggedText(org.locationtech.jts.geom.LinearRing, java.util.EnumSet, boolean, int, java.io.Writer, java.text.DecimalFormat)#4 &amp; #appendPolygonText(org.locationtech.jts.geom.Polygon, java.util.EnumSet, boolean, int, boolean, java.io.Writer, java.text.DecimalFormat)#5 &amp; #appendMultiPointText(org.locationtech.jts.geom.MultiPoint, java.util.EnumSet, boolean, int, java.io.Writer, java.text.DecimalFormat)#4 &amp; #appendMultiLineStringText(org.locationtech.jts.geom.MultiLineString, java.util.EnumSet, boolean, int, java.io.Writer, java.text.DecimalFormat)#4&quot;, &quot;seq := &quot;, &quot;formatter := #appendPointTaggedText(org.locationtech.jts.geom.Point, java.util.EnumSet, boolean, int, java.io.Writer, java.text.DecimalFormat)#5 &amp; #appendLineStringTaggedText(org.locationtech.jts.geom.LineString, java.util.EnumSet, boolean, int, java.io.Writer, java.text.DecimalFormat)#5 &amp; #appendLinearRingTaggedText(org.locationtech.jts.geom.LinearRing, java.util.EnumSet, boolean, int, java.io.Writer, java.text.DecimalFormat)#5 &amp; #appendPolygonText(org.locationtech.jts.geom.Polygon, java.util.EnumSet, boolean, int, boolean, java.io.Writer, java.text.DecimalFormat)#6 &amp; #appendMultiPointText(org.locationtech.jts.geom.MultiPoint, java.util.EnumSet, boolean, int, java.io.Writer, java.text.DecimalFormat)#5 &amp; #appendMultiLineStringText(org.locationtech.jts.geom.MultiLineString, java.util.EnumSet, boolean, int, java.io.Writer, java.text.DecimalFormat)#5&quot;, &quot;level := #appendPointTaggedText(org.locationtech.jts.geom.Point, java.util.EnumSet, boolean, int, java.io.Writer, java.text.DecimalFormat)#3 &amp; #appendLineStringTaggedText(org.locationtech.jts.geom.LineString, java.util.EnumSet, boolean, int, java.io.Writer, java.text.DecimalFormat)#3 &amp; #appendLinearRingTaggedText(org.locationtech.jts.geom.LinearRing, java.util.EnumSet, boolean, int, java.io.Writer, java.text.DecimalFormat)#3 &amp; #appendPolygonText(org.locationtech.jts.geom.Polygon, java.util.EnumSet, boolean, int, boolean, java.io.Writer, java.text.DecimalFormat)#3 &amp; #appendMultiPointText(org.locationtech.jts.geom.MultiPoint, java.util.EnumSet, boolean, int, java.io.Writer, java.text.DecimalFormat)#3 &amp; #appendMultiLineStringText(org.locationtech.jts.geom.MultiLineString, java.util.EnumSet, boolean, int, java.io.Writer, java.text.DecimalFormat)#3&quot; }"/>
        </annotation>
    </item>
    <item name='org.locationtech.jts.io.WKTWriter void indent(boolean, int, java.io.Writer)'>
        <annotation name='com.intellij.inspections.tainted.annotation.equation.Equations'>
            <val val="{ &quot;level := #appendGeometryTaggedText(org.locationtech.jts.geom.Geometry, java.util.EnumSet, boolean, int, java.io.Writer, java.text.DecimalFormat)#3 &amp; #appendSequenceText(org.locationtech.jts.geom.CoordinateSequence, java.util.EnumSet, boolean, int, boolean, java.io.Writer, java.text.DecimalFormat)#3 &amp; #appendPolygonText(org.locationtech.jts.geom.Polygon, java.util.EnumSet, boolean, int, boolean, java.io.Writer, java.text.DecimalFormat)#3 &amp; #indentCoords(boolean, int, int, java.io.Writer)#2&quot;, &quot;writer := #appendGeometryTaggedText(org.locationtech.jts.geom.Geometry, java.util.EnumSet, boolean, int, java.io.Writer, java.text.DecimalFormat)#4 &amp; #appendSequenceText(org.locationtech.jts.geom.CoordinateSequence, java.util.EnumSet, boolean, int, boolean, java.io.Writer, java.text.DecimalFormat)#5 &amp; #appendPolygonText(org.locationtech.jts.geom.Polygon, java.util.EnumSet, boolean, int, boolean, java.io.Writer, java.text.DecimalFormat)#5 &amp; #indentCoords(boolean, int, int, java.io.Writer)#3&quot; }"/>
        </annotation>
    </item>
    <item name='org.locationtech.jts.io.WKTWriter void indentCoords(boolean, int, int, java.io.Writer)'>
        <annotation name='com.intellij.inspections.tainted.annotation.equation.Equations'>
            <val val="{ &quot;level := #appendMultiPointText(org.locationtech.jts.geom.MultiPoint, java.util.EnumSet, boolean, int, java.io.Writer, java.text.DecimalFormat)#3&quot;, &quot;writer := #appendMultiPointText(org.locationtech.jts.geom.MultiPoint, java.util.EnumSet, boolean, int, java.io.Writer, java.text.DecimalFormat)#4&quot; }"/>
        </annotation>
    </item>
    <item name='org.locationtech.jts.io.WKTWriter void setTab(int)'>
        <annotation name='com.intellij.inspections.tainted.annotation.equation.Equations'>
            <val val="{ &quot;size := #INDENT&quot; }"/>
        </annotation>
    </item>
    <item name='org.locationtech.jts.io.WKTWriter void writeFormatted(org.locationtech.jts.geom.Geometry, boolean, java.io.Writer, org.locationtech.jts.geom.PrecisionModel)'>
        <annotation name='com.intellij.inspections.tainted.annotation.equation.Equations'>
            <val val="{ &quot;precisionModel := WKTWriter&quot;, &quot;geometry := #write(org.locationtech.jts.geom.Geometry)#0 &amp; #write(org.locationtech.jts.geom.Geometry, java.io.Writer)#0 &amp; #writeFormatted(org.locationtech.jts.geom.Geometry)#0 &amp; #writeFormatted(org.locationtech.jts.geom.Geometry, java.io.Writer)#0&quot;, &quot;writer := #write(org.locationtech.jts.geom.Geometry, java.io.Writer)#1 &amp; #writeFormatted(org.locationtech.jts.geom.Geometry, java.io.Writer)#1&quot; }"/>
        </annotation>
    </item>
    <item name='org.locationtech.jts.io.WKTWriter.CheckOrdinatesFilter'>
        <annotation name='com.intellij.inspections.tainted.annotation.equation.Equations'>
            <val val="{ &quot;CheckOrdinatesFilter := #CheckOrdinatesFilter(java.util.EnumSet)#0&quot; }"/>
        </annotation>
    </item>
    <item name='org.locationtech.jts.io.WKTWriter.CheckOrdinatesFilter CheckOrdinatesFilter(java.util.EnumSet&lt;org.locationtech.jts.io.Ordinate&gt;)'>
        <annotation name='com.intellij.inspections.tainted.annotation.equation.Equations'>
            <val val="{ &quot;checkOrdinateFlags := WKTWriter&quot;, &quot;CheckOrdinatesFilter := WKTWriter.CheckOrdinatesFilter&quot; }"/>
        </annotation>
    </item>
    <item name='org.locationtech.jts.io.WKTWriter.CheckOrdinatesFilter java.util.EnumSet&lt;org.locationtech.jts.io.Ordinate&gt; getOutputOrdinates()'>
        <annotation name='com.intellij.inspections.tainted.annotation.equation.Equations'>
            <val val="{ &quot;getOutputOrdinates := WKTWriter.CheckOrdinatesFilter&quot; }"/>
        </annotation>
    </item>
</root>