<root>
    <item name='com.sun.org.apache.xml.internal.resolver.readers.CatalogReader void readCatalog(com.sun.org.apache.xml.internal.resolver.Catalog, java.io.InputStream)'>
        <annotation name='com.intellij.inspections.tainted.annotation.equation.Equations'>
            <val val="{ &quot;is := DOMCatalogReader#readCatalog(com.sun.org.apache.xml.internal.resolver.Catalog, java.io.InputStream)#1 &amp; SAXCatalogReader#readCatalog(com.sun.org.apache.xml.internal.resolver.Catalog, java.io.InputStream)#1 &amp; TextCatalogReader#readCatalog(com.sun.org.apache.xml.internal.resolver.Catalog, java.io.InputStream)#1&quot;, &quot;catalog := DOMCatalogReader#readCatalog(com.sun.org.apache.xml.internal.resolver.Catalog, java.io.InputStream)#0 &amp; SAXCatalogReader#readCatalog(com.sun.org.apache.xml.internal.resolver.Catalog, java.io.InputStream)#0 &amp; TextCatalogReader#readCatalog(com.sun.org.apache.xml.internal.resolver.Catalog, java.io.InputStream)#0&quot; }"/>
        </annotation>
    </item>
    <item name='com.sun.org.apache.xml.internal.resolver.readers.CatalogReader void readCatalog(com.sun.org.apache.xml.internal.resolver.Catalog, java.lang.String)'>
        <annotation name='com.intellij.inspections.tainted.annotation.equation.Equations'>
            <val val="{ &quot;fileUrl := DOMCatalogReader#readCatalog(com.sun.org.apache.xml.internal.resolver.Catalog, java.lang.String)#1 &amp; SAXCatalogReader#readCatalog(com.sun.org.apache.xml.internal.resolver.Catalog, java.lang.String)#1 &amp; TextCatalogReader#readCatalog(com.sun.org.apache.xml.internal.resolver.Catalog, java.lang.String)#1&quot;, &quot;catalog := DOMCatalogReader#readCatalog(com.sun.org.apache.xml.internal.resolver.Catalog, java.lang.String)#0 &amp; SAXCatalogReader#readCatalog(com.sun.org.apache.xml.internal.resolver.Catalog, java.lang.String)#0 &amp; TextCatalogReader#readCatalog(com.sun.org.apache.xml.internal.resolver.Catalog, java.lang.String)#0&quot; }"/>
        </annotation>
    </item>
    <item name='com.sun.org.apache.xml.internal.resolver.readers.DOMCatalogReader'>
        <annotation name='com.intellij.inspections.tainted.annotation.equation.Equations'>
            <val val="{ &quot;DOMCatalogReader := &quot; }"/>
        </annotation>
    </item>
    <item name='com.sun.org.apache.xml.internal.resolver.readers.DOMCatalogReader DOMCatalogReader()'>
        <annotation name='com.intellij.inspections.tainted.annotation.equation.Equations'>
            <val val="{ &quot;DOMCatalogReader := DOMCatalogReader&quot; }"/>
        </annotation>
    </item>
    <item name='com.sun.org.apache.xml.internal.resolver.readers.DOMCatalogReader void readCatalog(com.sun.org.apache.xml.internal.resolver.Catalog, java.io.InputStream)'>
        <annotation name='com.intellij.inspections.tainted.annotation.equation.Equations'>
            <val val="{ &quot;is := &quot;, &quot;catalog := #readCatalog(com.sun.org.apache.xml.internal.resolver.Catalog, java.lang.String)#0&quot; }"/>
        </annotation>
    </item>
    <item name='com.sun.org.apache.xml.internal.resolver.readers.OASISXMLCatalogReader'>
        <annotation name='com.intellij.inspections.tainted.annotation.equation.Equations'>
            <val val="{ &quot;OASISXMLCatalogReader := #setCatalog(com.sun.org.apache.xml.internal.resolver.Catalog)#0&quot; }"/>
        </annotation>
    </item>
    <item name='com.sun.org.apache.xml.internal.resolver.readers.OASISXMLCatalogReader boolean checkAttributes(org.xml.sax.Attributes, java.lang.String)'>
        <annotation name='com.intellij.inspections.tainted.annotation.equation.Equations'>
            <val val="{ &quot;attName := #checkAttributes(org.xml.sax.Attributes, java.lang.String, java.lang.String)#1 &amp; #checkAttributes(org.xml.sax.Attributes, java.lang.String, java.lang.String)#2&quot;, &quot;atts := #startElement(java.lang.String, java.lang.String, java.lang.String, org.xml.sax.Attributes)#3 &amp; #checkAttributes(org.xml.sax.Attributes, java.lang.String, java.lang.String)#0&quot; }"/>
        </annotation>
    </item>
    <item name='com.sun.org.apache.xml.internal.resolver.readers.OASISXMLCatalogReader boolean checkAttributes(org.xml.sax.Attributes, java.lang.String, java.lang.String)'>
        <annotation name='com.intellij.inspections.tainted.annotation.equation.Equations'>
            <val val="{ &quot;atts := #startElement(java.lang.String, java.lang.String, java.lang.String, org.xml.sax.Attributes)#3 &amp; ExtendedXMLCatalogReader#startElement(java.lang.String, java.lang.String, java.lang.String, org.xml.sax.Attributes)#3&quot; }"/>
        </annotation>
    </item>
    <item name='com.sun.org.apache.xml.internal.resolver.readers.OASISXMLCatalogReader com.sun.org.apache.xml.internal.resolver.Catalog getCatalog()'>
        <annotation name='com.intellij.inspections.tainted.annotation.equation.Equations'>
            <val val="{ &quot;getCatalog := OASISXMLCatalogReader&quot; }"/>
        </annotation>
    </item>
    <item name='com.sun.org.apache.xml.internal.resolver.readers.OASISXMLCatalogReader void endElement(java.lang.String, java.lang.String, java.lang.String)'>
        <annotation name='com.intellij.inspections.tainted.annotation.equation.Equations'>
            <val val="{ &quot;qName := ExtendedXMLCatalogReader#endElement(java.lang.String, java.lang.String, java.lang.String)#2&quot;, &quot;localName := ExtendedXMLCatalogReader#endElement(java.lang.String, java.lang.String, java.lang.String)#1&quot;, &quot;namespaceURI := ExtendedXMLCatalogReader#endElement(java.lang.String, java.lang.String, java.lang.String)#0&quot; }"/>
        </annotation>
    </item>
    <item name='com.sun.org.apache.xml.internal.resolver.readers.OASISXMLCatalogReader void startElement(java.lang.String, java.lang.String, java.lang.String, org.xml.sax.Attributes)'>
        <annotation name='com.intellij.inspections.tainted.annotation.equation.Equations'>
            <val val="{ &quot;namespaceURI := ExtendedXMLCatalogReader#startElement(java.lang.String, java.lang.String, java.lang.String, org.xml.sax.Attributes)#0&quot;, &quot;atts := ExtendedXMLCatalogReader#startElement(java.lang.String, java.lang.String, java.lang.String, org.xml.sax.Attributes)#3&quot;, &quot;qName := ExtendedXMLCatalogReader#startElement(java.lang.String, java.lang.String, java.lang.String, org.xml.sax.Attributes)#2&quot;, &quot;localName := ExtendedXMLCatalogReader#startElement(java.lang.String, java.lang.String, java.lang.String, org.xml.sax.Attributes)#1&quot; }"/>
        </annotation>
    </item>
    <item name='com.sun.org.apache.xml.internal.resolver.readers.SAXCatalogParser void setCatalog(com.sun.org.apache.xml.internal.resolver.Catalog)'>
        <annotation name='com.intellij.inspections.tainted.annotation.equation.Equations'>
            <val val="{ &quot;catalog := OASISXMLCatalogReader#setCatalog(com.sun.org.apache.xml.internal.resolver.Catalog)#0 &amp; XCatalogReader#setCatalog(com.sun.org.apache.xml.internal.resolver.Catalog)#0&quot; }"/>
        </annotation>
    </item>
    <item name='com.sun.org.apache.xml.internal.resolver.readers.SAXCatalogReader'>
        <annotation name='com.intellij.inspections.tainted.annotation.equation.Equations'>
            <val val="{ &quot;SAXCatalogReader := OASISXMLCatalogReader &amp; XCatalogReader&quot; }"/>
        </annotation>
    </item>
    <item name='com.sun.org.apache.xml.internal.resolver.readers.SAXCatalogReader SAXCatalogReader()'>
        <annotation name='com.intellij.inspections.tainted.annotation.equation.Equations'>
            <val val="{ &quot;SAXCatalogReader := SAXCatalogReader&quot; }"/>
        </annotation>
    </item>
    <item name='com.sun.org.apache.xml.internal.resolver.readers.SAXCatalogReader SAXCatalogReader(java.lang.String)'>
        <annotation name='com.intellij.inspections.tainted.annotation.equation.Equations'>
            <val val="{ &quot;SAXCatalogReader := SAXCatalogReader&quot; }"/>
        </annotation>
    </item>
    <item name='com.sun.org.apache.xml.internal.resolver.readers.SAXCatalogReader SAXCatalogReader(javax.xml.parsers.SAXParserFactory)'>
        <annotation name='com.intellij.inspections.tainted.annotation.equation.Equations'>
            <val val="{ &quot;parserFactory := XCatalogReader#XCatalogReader(javax.xml.parsers.SAXParserFactory)#0&quot;, &quot;SAXCatalogReader := SAXCatalogReader&quot; }"/>
        </annotation>
    </item>
    <item name='com.sun.org.apache.xml.internal.resolver.readers.SAXCatalogReader java.lang.String getCatalogParser(java.lang.String, java.lang.String)'>
        <annotation name='com.intellij.inspections.tainted.annotation.equation.Equations'>
            <val val="{ &quot;namespaceURI := #startElement(java.lang.String, java.lang.String, java.lang.String, org.xml.sax.Attributes)#0&quot;, &quot;rootElement := #startElement(java.lang.String, org.xml.sax.AttributeList)#0 &amp; #startElement(java.lang.String, java.lang.String, java.lang.String, org.xml.sax.Attributes)#1&quot; }"/>
        </annotation>
    </item>
    <item name='com.sun.org.apache.xml.internal.resolver.readers.SAXCatalogReader java.lang.String getParserClass()'>
        <annotation name='com.intellij.inspections.tainted.annotation.equation.Equations'>
            <val val="{ &quot;getParserClass := SAXCatalogReader&quot; }"/>
        </annotation>
    </item>
    <item name='com.sun.org.apache.xml.internal.resolver.readers.SAXCatalogReader javax.xml.parsers.SAXParserFactory getParserFactory()'>
        <annotation name='com.intellij.inspections.tainted.annotation.equation.Equations'>
            <val val="{ &quot;getParserFactory := SAXCatalogReader&quot; }"/>
        </annotation>
    </item>
    <item name='com.sun.org.apache.xml.internal.resolver.readers.SAXCatalogReader void characters(char[], int, int)'>
        <annotation name='com.intellij.inspections.tainted.annotation.equation.Equations'>
            <val val="{ &quot;start := OASISXMLCatalogReader#characters(char[], int, int)#1 &amp; XCatalogReader#characters(char[], int, int)#1&quot;, &quot;length := OASISXMLCatalogReader#characters(char[], int, int)#2 &amp; XCatalogReader#characters(char[], int, int)#2&quot;, &quot;ch := OASISXMLCatalogReader#characters(char[], int, int)#0 &amp; XCatalogReader#characters(char[], int, int)#0&quot; }"/>
        </annotation>
    </item>
    <item name='com.sun.org.apache.xml.internal.resolver.readers.SAXCatalogReader void endElement(java.lang.String, java.lang.String, java.lang.String)'>
        <annotation name='com.intellij.inspections.tainted.annotation.equation.Equations'>
            <val val="{ &quot;qName := OASISXMLCatalogReader#endElement(java.lang.String, java.lang.String, java.lang.String)#2 &amp; XCatalogReader#endElement(java.lang.String, java.lang.String, java.lang.String)#2&quot;, &quot;localName := OASISXMLCatalogReader#endElement(java.lang.String, java.lang.String, java.lang.String)#1 &amp; XCatalogReader#endElement(java.lang.String, java.lang.String, java.lang.String)#1&quot;, &quot;namespaceURI := OASISXMLCatalogReader#endElement(java.lang.String, java.lang.String, java.lang.String)#0 &amp; XCatalogReader#endElement(java.lang.String, java.lang.String, java.lang.String)#0&quot; }"/>
        </annotation>
    </item>
    <item name='com.sun.org.apache.xml.internal.resolver.readers.SAXCatalogReader void endPrefixMapping(java.lang.String)'>
        <annotation name='com.intellij.inspections.tainted.annotation.equation.Equations'>
            <val val="{ &quot;prefix := OASISXMLCatalogReader#endPrefixMapping(java.lang.String)#0&quot; }"/>
        </annotation>
    </item>
    <item name='com.sun.org.apache.xml.internal.resolver.readers.SAXCatalogReader void ignorableWhitespace(char[], int, int)'>
        <annotation name='com.intellij.inspections.tainted.annotation.equation.Equations'>
            <val val="{ &quot;ch := XCatalogReader#ignorableWhitespace(char[], int, int)#0 &amp; OASISXMLCatalogReader#ignorableWhitespace(char[], int, int)#0&quot;, &quot;start := XCatalogReader#ignorableWhitespace(char[], int, int)#1 &amp; OASISXMLCatalogReader#ignorableWhitespace(char[], int, int)#1&quot;, &quot;length := XCatalogReader#ignorableWhitespace(char[], int, int)#2 &amp; OASISXMLCatalogReader#ignorableWhitespace(char[], int, int)#2&quot; }"/>
        </annotation>
    </item>
    <item name='com.sun.org.apache.xml.internal.resolver.readers.SAXCatalogReader void processingInstruction(java.lang.String, java.lang.String)'>
        <annotation name='com.intellij.inspections.tainted.annotation.equation.Equations'>
            <val val="{ &quot;target := OASISXMLCatalogReader#processingInstruction(java.lang.String, java.lang.String)#0 &amp; XCatalogReader#processingInstruction(java.lang.String, java.lang.String)#0&quot;, &quot;data := OASISXMLCatalogReader#processingInstruction(java.lang.String, java.lang.String)#1 &amp; XCatalogReader#processingInstruction(java.lang.String, java.lang.String)#1&quot; }"/>
        </annotation>
    </item>
    <item name='com.sun.org.apache.xml.internal.resolver.readers.SAXCatalogReader void readCatalog(com.sun.org.apache.xml.internal.resolver.Catalog, java.io.InputStream)'>
        <annotation name='com.intellij.inspections.tainted.annotation.equation.Equations'>
            <val val="{ &quot;is := &quot;, &quot;catalog := #readCatalog(com.sun.org.apache.xml.internal.resolver.Catalog, java.lang.String)#0&quot; }"/>
        </annotation>
    </item>
    <item name='com.sun.org.apache.xml.internal.resolver.readers.SAXCatalogReader void setCatalogParser(java.lang.String, java.lang.String, java.lang.String)'>
        <annotation name='com.intellij.inspections.tainted.annotation.equation.Equations'>
            <val val="{ &quot;namespaceURI := OASISXMLCatalogReader#namespaceName&quot; }"/>
        </annotation>
    </item>
    <item name='com.sun.org.apache.xml.internal.resolver.readers.SAXCatalogReader void setDocumentLocator(org.xml.sax.Locator)'>
        <annotation name='com.intellij.inspections.tainted.annotation.equation.Equations'>
            <val val="{ &quot;locator := OASISXMLCatalogReader#setDocumentLocator(org.xml.sax.Locator)#0 &amp; XCatalogReader#setDocumentLocator(org.xml.sax.Locator)#0&quot; }"/>
        </annotation>
    </item>
    <item name='com.sun.org.apache.xml.internal.resolver.readers.SAXCatalogReader void skippedEntity(java.lang.String)'>
        <annotation name='com.intellij.inspections.tainted.annotation.equation.Equations'>
            <val val="{ &quot;name := OASISXMLCatalogReader#skippedEntity(java.lang.String)#0&quot; }"/>
        </annotation>
    </item>
    <item name='com.sun.org.apache.xml.internal.resolver.readers.SAXCatalogReader void startElement(java.lang.String, java.lang.String, java.lang.String, org.xml.sax.Attributes)'>
        <annotation name='com.intellij.inspections.tainted.annotation.equation.Equations'>
            <val val="{ &quot;qName := OASISXMLCatalogReader#startElement(java.lang.String, java.lang.String, java.lang.String, org.xml.sax.Attributes)#2 &amp; XCatalogReader#startElement(java.lang.String, java.lang.String, java.lang.String, org.xml.sax.Attributes)#2&quot;, &quot;atts := OASISXMLCatalogReader#startElement(java.lang.String, java.lang.String, java.lang.String, org.xml.sax.Attributes)#3 &amp; XCatalogReader#startElement(java.lang.String, java.lang.String, java.lang.String, org.xml.sax.Attributes)#3&quot;, &quot;localName := OASISXMLCatalogReader#startElement(java.lang.String, java.lang.String, java.lang.String, org.xml.sax.Attributes)#1 &amp; XCatalogReader#startElement(java.lang.String, java.lang.String, java.lang.String, org.xml.sax.Attributes)#1&quot;, &quot;namespaceURI := OASISXMLCatalogReader#startElement(java.lang.String, java.lang.String, java.lang.String, org.xml.sax.Attributes)#0 &amp; XCatalogReader#startElement(java.lang.String, java.lang.String, java.lang.String, org.xml.sax.Attributes)#0&quot; }"/>
        </annotation>
    </item>
    <item name='com.sun.org.apache.xml.internal.resolver.readers.SAXCatalogReader void startPrefixMapping(java.lang.String, java.lang.String)'>
        <annotation name='com.intellij.inspections.tainted.annotation.equation.Equations'>
            <val val="{ &quot;uri := OASISXMLCatalogReader#startPrefixMapping(java.lang.String, java.lang.String)#1&quot;, &quot;prefix := OASISXMLCatalogReader#startPrefixMapping(java.lang.String, java.lang.String)#0&quot; }"/>
        </annotation>
    </item>
    <item name='com.sun.org.apache.xml.internal.resolver.readers.SAXParserHandler SAXParserHandler()'>
        <annotation name='com.intellij.inspections.tainted.annotation.equation.Equations'>
            <val val="{ &quot;SAXParserHandler := SAXParserHandler&quot; }"/>
        </annotation>
    </item>
    <item name='com.sun.org.apache.xml.internal.resolver.readers.SAXParserHandler void setContentHandler(org.xml.sax.ContentHandler)'>
        <annotation name='com.intellij.inspections.tainted.annotation.equation.Equations'>
            <val val="{ &quot;ch := SAXCatalogReader&quot; }"/>
        </annotation>
    </item>
    <item name='com.sun.org.apache.xml.internal.resolver.readers.TR9401CatalogReader'>
        <annotation name='com.intellij.inspections.tainted.annotation.equation.Equations'>
            <val val="{ &quot;TR9401CatalogReader := #readCatalog(com.sun.org.apache.xml.internal.resolver.Catalog, java.io.InputStream)#1&quot; }"/>
        </annotation>
    </item>
    <item name='com.sun.org.apache.xml.internal.resolver.readers.TextCatalogReader'>
        <annotation name='com.intellij.inspections.tainted.annotation.equation.Equations'>
            <val val="{ &quot;TextCatalogReader := &quot; }"/>
        </annotation>
    </item>
    <item name='com.sun.org.apache.xml.internal.resolver.readers.TextCatalogReader TextCatalogReader()'>
        <annotation name='com.intellij.inspections.tainted.annotation.equation.Equations'>
            <val val="{ &quot;TextCatalogReader := TextCatalogReader&quot; }"/>
        </annotation>
    </item>
    <item name='com.sun.org.apache.xml.internal.resolver.readers.TextCatalogReader int nextChar()'>
        <annotation name='com.intellij.inspections.tainted.annotation.equation.Equations'>
            <val val="{ &quot;nextChar := TextCatalogReader&quot; }"/>
        </annotation>
    </item>
    <item name='com.sun.org.apache.xml.internal.resolver.readers.TextCatalogReader void readCatalog(com.sun.org.apache.xml.internal.resolver.Catalog, java.io.InputStream)'>
        <annotation name='com.intellij.inspections.tainted.annotation.equation.Equations'>
            <val val="{ &quot;is := TR9401CatalogReader#readCatalog(com.sun.org.apache.xml.internal.resolver.Catalog, java.io.InputStream)#1 &amp; TR9401CatalogReader#readCatalog(com.sun.org.apache.xml.internal.resolver.Catalog, java.io.InputStream)#1&quot;, &quot;catalog := TR9401CatalogReader#readCatalog(com.sun.org.apache.xml.internal.resolver.Catalog, java.io.InputStream)#0 &amp; TR9401CatalogReader#readCatalog(com.sun.org.apache.xml.internal.resolver.Catalog, java.io.InputStream)#0&quot; }"/>
        </annotation>
    </item>
    <item name='com.sun.org.apache.xml.internal.resolver.readers.XCatalogReader'>
        <annotation name='com.intellij.inspections.tainted.annotation.equation.Equations'>
            <val val="{ &quot;XCatalogReader := #setCatalog(com.sun.org.apache.xml.internal.resolver.Catalog)#0&quot; }"/>
        </annotation>
    </item>
    <item name='com.sun.org.apache.xml.internal.resolver.readers.XCatalogReader XCatalogReader(javax.xml.parsers.SAXParserFactory)'>
        <annotation name='com.intellij.inspections.tainted.annotation.equation.Equations'>
            <val val="{ &quot;XCatalogReader := XCatalogReader&quot; }"/>
        </annotation>
    </item>
    <item name='com.sun.org.apache.xml.internal.resolver.readers.XCatalogReader com.sun.org.apache.xml.internal.resolver.Catalog getCatalog()'>
        <annotation name='com.intellij.inspections.tainted.annotation.equation.Equations'>
            <val val="{ &quot;getCatalog := XCatalogReader&quot; }"/>
        </annotation>
    </item>
</root>