<root>
    <item name='sun.awt.geom.Curve boolean accumulateCrossings(sun.awt.geom.Crossings)'>
        <annotation name='com.intellij.inspections.tainted.annotation.equation.Equations'>
            <val val="{ &quot;crossings := Order1#accumulateCrossings(sun.awt.geom.Crossings)#0 &amp; Order0#accumulateCrossings(sun.awt.geom.Crossings)#0&quot; }"/>
        </annotation>
    </item>
    <item name='sun.awt.geom.Curve double TforY(double)'>
        <annotation name='com.intellij.inspections.tainted.annotation.equation.Equations'>
            <val val="{ &quot;TforY := Order2#TforY(double) &amp; Order3#TforY(double) &amp; Order1#TforY(double) &amp; Order0#TforY(double)&quot;, &quot;v := Order2#TforY(double)#0 &amp; Order3#TforY(double)#0 &amp; Order1#TforY(double)#0 &amp; Order0#TforY(double)#0&quot; }"/>
        </annotation>
    </item>
    <item name='sun.awt.geom.Curve double XforT(double)'>
        <annotation name='com.intellij.inspections.tainted.annotation.equation.Equations'>
            <val val="{ &quot;v := Order2#XforT(double)#0 &amp; Order3#XforT(double)#0 &amp; Order1#XforT(double)#0 &amp; Order0#XforT(double)#0&quot;, &quot;XforT := Order2#XforT(double) &amp; Order3#XforT(double) &amp; Order1#XforT(double) &amp; Order0#XforT(double)&quot; }"/>
        </annotation>
    </item>
    <item name='sun.awt.geom.Curve double XforY(double)'>
        <annotation name='com.intellij.inspections.tainted.annotation.equation.Equations'>
            <val val="{ &quot;XforY := Order2#XforY(double) &amp; Order3#XforY(double) &amp; Order1#XforY(double) &amp; Order0#XforY(double)&quot;, &quot;v := Order2#XforY(double)#0 &amp; Order3#XforY(double)#0 &amp; Order1#XforY(double)#0 &amp; Order0#XforY(double)#0&quot; }"/>
        </annotation>
    </item>
    <item name='sun.awt.geom.Curve double YforT(double)'>
        <annotation name='com.intellij.inspections.tainted.annotation.equation.Equations'>
            <val val="{ &quot;v := Order1#YforT(double)#0 &amp; Order2#YforT(double)#0 &amp; Order3#YforT(double)#0 &amp; Order0#YforT(double)#0&quot;, &quot;YforT := Order1#YforT(double) &amp; Order2#YforT(double) &amp; Order3#YforT(double) &amp; Order0#YforT(double)&quot; }"/>
        </annotation>
    </item>
    <item name='sun.awt.geom.Curve double dXforT(double, int)'>
        <annotation name='com.intellij.inspections.tainted.annotation.equation.Equations'>
            <val val="{ &quot;i := Order2#dXforT(double, int)#1 &amp; Order3#dXforT(double, int)#1 &amp; Order1#dXforT(double, int)#1 &amp; Order0#dXforT(double, int)#1&quot;, &quot;v := Order2#dXforT(double, int)#0 &amp; Order3#dXforT(double, int)#0 &amp; Order1#dXforT(double, int)#0 &amp; Order0#dXforT(double, int)#0&quot;, &quot;dXforT := Order2#dXforT(double, int) &amp; Order3#dXforT(double, int) &amp; Order1#dXforT(double, int) &amp; Order0#dXforT(double, int)&quot; }"/>
        </annotation>
    </item>
    <item name='sun.awt.geom.Curve double dYforT(double, int)'>
        <annotation name='com.intellij.inspections.tainted.annotation.equation.Equations'>
            <val val="{ &quot;i := Order2#dYforT(double, int)#1 &amp; Order3#dYforT(double, int)#1 &amp; Order1#dYforT(double, int)#1 &amp; Order0#dYforT(double, int)#1&quot;, &quot;dYforT := Order2#dYforT(double, int) &amp; Order3#dYforT(double, int) &amp; Order1#dYforT(double, int) &amp; Order0#dYforT(double, int)&quot;, &quot;v := Order2#dYforT(double, int)#0 &amp; Order3#dYforT(double, int)#0 &amp; Order1#dYforT(double, int)#0 &amp; Order0#dYforT(double, int)#0&quot; }"/>
        </annotation>
    </item>
    <item name='sun.awt.geom.Curve double getX0()'>
        <annotation name='com.intellij.inspections.tainted.annotation.equation.Equations'>
            <val val="{ &quot;getX0 := Order1#getX0() &amp; Order2#getX0() &amp; Order3#getX0() &amp; Order0#getX0()&quot; }"/>
        </annotation>
    </item>
    <item name='sun.awt.geom.Curve double getX1()'>
        <annotation name='com.intellij.inspections.tainted.annotation.equation.Equations'>
            <val val="{ &quot;getX1 := Order1#getX1() &amp; Order2#getX1() &amp; Order3#getX1() &amp; Order0#getX1()&quot; }"/>
        </annotation>
    </item>
    <item name='sun.awt.geom.Curve double getXBot()'>
        <annotation name='com.intellij.inspections.tainted.annotation.equation.Equations'>
            <val val="{ &quot;getXBot := Order1#getXBot() &amp; Order2#getXBot() &amp; Order3#getXBot() &amp; Order0#getXBot()&quot; }"/>
        </annotation>
    </item>
    <item name='sun.awt.geom.Curve double getXMax()'>
        <annotation name='com.intellij.inspections.tainted.annotation.equation.Equations'>
            <val val="{ &quot;getXMax := Order1#getXMax() &amp; Order2#getXMax() &amp; Order3#getXMax() &amp; Order0#getXMax()&quot; }"/>
        </annotation>
    </item>
    <item name='sun.awt.geom.Curve double getXMin()'>
        <annotation name='com.intellij.inspections.tainted.annotation.equation.Equations'>
            <val val="{ &quot;getXMin := Order1#getXMin() &amp; Order2#getXMin() &amp; Order3#getXMin() &amp; Order0#getXMin()&quot; }"/>
        </annotation>
    </item>
    <item name='sun.awt.geom.Curve double getXTop()'>
        <annotation name='com.intellij.inspections.tainted.annotation.equation.Equations'>
            <val val="{ &quot;getXTop := Order1#getXTop() &amp; Order2#getXTop() &amp; Order3#getXTop() &amp; Order0#getXTop()&quot; }"/>
        </annotation>
    </item>
    <item name='sun.awt.geom.Curve double getY0()'>
        <annotation name='com.intellij.inspections.tainted.annotation.equation.Equations'>
            <val val="{ &quot;getY0 := Order1#getY0() &amp; Order2#getY0() &amp; Order3#getY0() &amp; Order0#getY0()&quot; }"/>
        </annotation>
    </item>
    <item name='sun.awt.geom.Curve double getY1()'>
        <annotation name='com.intellij.inspections.tainted.annotation.equation.Equations'>
            <val val="{ &quot;getY1 := Order1#getY1() &amp; Order2#getY1() &amp; Order3#getY1() &amp; Order0#getY1()&quot; }"/>
        </annotation>
    </item>
    <item name='sun.awt.geom.Curve double getYBot()'>
        <annotation name='com.intellij.inspections.tainted.annotation.equation.Equations'>
            <val val="{ &quot;getYBot := Order1#getYBot() &amp; Order2#getYBot() &amp; Order3#getYBot() &amp; Order0#getYBot()&quot; }"/>
        </annotation>
    </item>
    <item name='sun.awt.geom.Curve double getYTop()'>
        <annotation name='com.intellij.inspections.tainted.annotation.equation.Equations'>
            <val val="{ &quot;getYTop := Order1#getYTop() &amp; Order2#getYTop() &amp; Order3#getYTop() &amp; Order0#getYTop()&quot; }"/>
        </annotation>
    </item>
    <item name='sun.awt.geom.Curve double nextVertical(double, double)'>
        <annotation name='com.intellij.inspections.tainted.annotation.equation.Equations'>
            <val val="{ &quot;v := Order2#nextVertical(double, double)#0 &amp; Order3#nextVertical(double, double)#0 &amp; Order1#nextVertical(double, double)#0 &amp; Order0#nextVertical(double, double)#0&quot;, &quot;v1 := Order2#nextVertical(double, double)#1 &amp; Order3#nextVertical(double, double)#1 &amp; Order1#nextVertical(double, double)#1 &amp; Order0#nextVertical(double, double)#1&quot;, &quot;nextVertical := Order2#nextVertical(double, double) &amp; Order3#nextVertical(double, double) &amp; Order1#nextVertical(double, double) &amp; Order0#nextVertical(double, double)&quot; }"/>
        </annotation>
    </item>
    <item name='sun.awt.geom.Curve int compareTo(sun.awt.geom.Curve, double[])'>
        <annotation name='com.intellij.inspections.tainted.annotation.equation.Equations'>
            <val val="{ &quot;curve := Order1#compareTo(sun.awt.geom.Curve, double[])#0&quot;, &quot;doubles := Order1#compareTo(sun.awt.geom.Curve, double[])#1&quot;, &quot;compareTo := Order1#compareTo(sun.awt.geom.Curve, double[])&quot; }"/>
        </annotation>
    </item>
    <item name='sun.awt.geom.Curve int crossingsFor(double, double)'>
        <annotation name='com.intellij.inspections.tainted.annotation.equation.Equations'>
            <val val="{ &quot;crossingsFor := Order0#crossingsFor(double, double)&quot;, &quot;v := Order0#crossingsFor(double, double)#0&quot;, &quot;v1 := Order0#crossingsFor(double, double)#1&quot; }"/>
        </annotation>
    </item>
    <item name='sun.awt.geom.Curve int getOrder()'>
        <annotation name='com.intellij.inspections.tainted.annotation.equation.Equations'>
            <val val="{ &quot;getOrder := Order1#getOrder() &amp; Order2#getOrder() &amp; Order3#getOrder() &amp; Order0#getOrder()&quot; }"/>
        </annotation>
    </item>
    <item name='sun.awt.geom.Curve int getSegment(double[])'>
        <annotation name='com.intellij.inspections.tainted.annotation.equation.Equations'>
            <val val="{ &quot;getSegment := Order1#getSegment(double[]) &amp; Order2#getSegment(double[]) &amp; Order3#getSegment(double[]) &amp; Order0#getSegment(double[])&quot;, &quot;doubles := Order1#getSegment(double[])#0 &amp; Order2#getSegment(double[])#0 &amp; Order3#getSegment(double[])#0 &amp; Order0#getSegment(double[])#0&quot; }"/>
        </annotation>
    </item>
    <item name='sun.awt.geom.Curve java.lang.String controlPointString()'>
        <annotation name='com.intellij.inspections.tainted.annotation.equation.Equations'>
            <val val="{ &quot;controlPointString := Order2#controlPointString() &amp; Order3#controlPointString()&quot; }"/>
        </annotation>
    </item>
    <item name='sun.awt.geom.Curve sun.awt.geom.Curve getReversedCurve()'>
        <annotation name='com.intellij.inspections.tainted.annotation.equation.Equations'>
            <val val="{ &quot;getReversedCurve := Order1#getReversedCurve() &amp; Order2#getReversedCurve() &amp; Order3#getReversedCurve() &amp; Order0#getReversedCurve()&quot; }"/>
        </annotation>
    </item>
    <item name='sun.awt.geom.Curve sun.awt.geom.Curve getSubCurve(double, double, int)'>
        <annotation name='com.intellij.inspections.tainted.annotation.equation.Equations'>
            <val val="{ &quot;i := Order2#getSubCurve(double, double, int)#2 &amp; Order3#getSubCurve(double, double, int)#2 &amp; Order1#getSubCurve(double, double, int)#2 &amp; Order0#getSubCurve(double, double, int)#2&quot;, &quot;v := Order2#getSubCurve(double, double, int)#0 &amp; Order3#getSubCurve(double, double, int)#0 &amp; Order1#getSubCurve(double, double, int)#0 &amp; Order0#getSubCurve(double, double, int)#0&quot;, &quot;v1 := Order2#getSubCurve(double, double, int)#1 &amp; Order3#getSubCurve(double, double, int)#1 &amp; Order1#getSubCurve(double, double, int)#1 &amp; Order0#getSubCurve(double, double, int)#1&quot;, &quot;getSubCurve := Order2#getSubCurve(double, double, int) &amp; Order3#getSubCurve(double, double, int) &amp; Order1#getSubCurve(double, double, int) &amp; Order0#getSubCurve(double, double, int)&quot; }"/>
        </annotation>
    </item>
    <item name='sun.awt.geom.Curve void enlarge(java.awt.geom.Rectangle2D)'>
        <annotation name='com.intellij.inspections.tainted.annotation.equation.Equations'>
            <val val="{ &quot;rectangle2D := Order2#enlarge(java.awt.geom.Rectangle2D)#0 &amp; Order3#enlarge(java.awt.geom.Rectangle2D)#0 &amp; Order1#enlarge(java.awt.geom.Rectangle2D)#0 &amp; Order0#enlarge(java.awt.geom.Rectangle2D)#0&quot; }"/>
        </annotation>
    </item>
    <item name='sun.awt.geom.PathConsumer2D long getNativeConsumer()'>
        <annotation name='com.intellij.inspections.tainted.annotation.equation.Equations'>
            <val val="{ &quot;getNativeConsumer := sun.java2d.pipe.ShapeSpanIterator#getNativeConsumer()&quot; }"/>
        </annotation>
    </item>
    <item name='sun.awt.geom.PathConsumer2D void curveTo(float, float, float, float, float, float)'>
        <annotation name='com.intellij.inspections.tainted.annotation.equation.Equations'>
            <val val="{ &quot;v2 := sun.java2d.pipe.ShapeSpanIterator#curveTo(float, float, float, float, float, float)#2&quot;, &quot;v := sun.java2d.pipe.ShapeSpanIterator#curveTo(float, float, float, float, float, float)#0&quot;, &quot;v3 := sun.java2d.pipe.ShapeSpanIterator#curveTo(float, float, float, float, float, float)#3&quot;, &quot;v4 := sun.java2d.pipe.ShapeSpanIterator#curveTo(float, float, float, float, float, float)#4&quot;, &quot;v5 := sun.java2d.pipe.ShapeSpanIterator#curveTo(float, float, float, float, float, float)#5&quot;, &quot;v1 := sun.java2d.pipe.ShapeSpanIterator#curveTo(float, float, float, float, float, float)#1&quot; }"/>
        </annotation>
    </item>
    <item name='sun.awt.geom.PathConsumer2D void lineTo(float, float)'>
        <annotation name='com.intellij.inspections.tainted.annotation.equation.Equations'>
            <val val="{ &quot;v := sun.java2d.pipe.ShapeSpanIterator#lineTo(float, float)#0&quot;, &quot;v1 := sun.java2d.pipe.ShapeSpanIterator#lineTo(float, float)#1&quot; }"/>
        </annotation>
    </item>
    <item name='sun.awt.geom.PathConsumer2D void moveTo(float, float)'>
        <annotation name='com.intellij.inspections.tainted.annotation.equation.Equations'>
            <val val="{ &quot;v1 := sun.java2d.pipe.ShapeSpanIterator#moveTo(float, float)#1&quot;, &quot;v := sun.java2d.pipe.ShapeSpanIterator#moveTo(float, float)#0&quot; }"/>
        </annotation>
    </item>
    <item name='sun.awt.geom.PathConsumer2D void quadTo(float, float, float, float)'>
        <annotation name='com.intellij.inspections.tainted.annotation.equation.Equations'>
            <val val="{ &quot;v2 := sun.java2d.pipe.ShapeSpanIterator#quadTo(float, float, float, float)#2&quot;, &quot;v1 := sun.java2d.pipe.ShapeSpanIterator#quadTo(float, float, float, float)#1&quot;, &quot;v := sun.java2d.pipe.ShapeSpanIterator#quadTo(float, float, float, float)#0&quot;, &quot;v3 := sun.java2d.pipe.ShapeSpanIterator#quadTo(float, float, float, float)#3&quot; }"/>
        </annotation>
    </item>
</root>