<root>
    <item name='com.sun.org.apache.xml.internal.security.keys.keyresolver.implementations.EncryptedKeyResolver'>
        <annotation name='com.intellij.inspections.tainted.annotation.equation.Equations'>
            <val val="{ &quot;EncryptedKeyResolver := &quot; }"/>
        </annotation>
    </item>
    <item name='com.sun.org.apache.xml.internal.security.keys.keyresolver.implementations.EncryptedKeyResolver EncryptedKeyResolver(java.lang.String)'>
        <annotation name='com.intellij.inspections.tainted.annotation.equation.Equations'>
            <val val="{ &quot;EncryptedKeyResolver := EncryptedKeyResolver&quot; }"/>
        </annotation>
    </item>
    <item name='com.sun.org.apache.xml.internal.security.keys.keyresolver.implementations.EncryptedKeyResolver EncryptedKeyResolver(java.lang.String, java.security.Key)'>
        <annotation name='com.intellij.inspections.tainted.annotation.equation.Equations'>
            <val val="{ &quot;EncryptedKeyResolver := EncryptedKeyResolver&quot;, &quot;kek := com.sun.org.apache.xml.internal.security.encryption.XMLCipher&quot; }"/>
        </annotation>
    </item>
    <item name='com.sun.org.apache.xml.internal.security.keys.keyresolver.implementations.KeyInfoReferenceResolver'>
        <annotation name='com.intellij.inspections.tainted.annotation.equation.Equations'>
            <val val="{ &quot;KeyInfoReferenceResolver := &quot; }"/>
        </annotation>
    </item>
    <item name='com.sun.org.apache.xml.internal.security.keys.keyresolver.implementations.KeyInfoReferenceResolver com.sun.org.apache.xml.internal.security.keys.KeyInfo resolveReferentKeyInfo(org.w3c.dom.Element, java.lang.String, com.sun.org.apache.xml.internal.security.keys.storage.StorageResolver)'>
        <annotation name='com.intellij.inspections.tainted.annotation.equation.Equations'>
            <val val="{ &quot;element := #engineLookupAndResolvePublicKey(org.w3c.dom.Element, java.lang.String, com.sun.org.apache.xml.internal.security.keys.storage.StorageResolver)#0 &amp; #engineLookupResolveX509Certificate(org.w3c.dom.Element, java.lang.String, com.sun.org.apache.xml.internal.security.keys.storage.StorageResolver)#0 &amp; #engineLookupAndResolveSecretKey(org.w3c.dom.Element, java.lang.String, com.sun.org.apache.xml.internal.security.keys.storage.StorageResolver)#0 &amp; #engineLookupAndResolvePrivateKey(org.w3c.dom.Element, java.lang.String, com.sun.org.apache.xml.internal.security.keys.storage.StorageResolver)#0&quot;, &quot;baseURI := #engineLookupAndResolvePublicKey(org.w3c.dom.Element, java.lang.String, com.sun.org.apache.xml.internal.security.keys.storage.StorageResolver)#1 &amp; #engineLookupResolveX509Certificate(org.w3c.dom.Element, java.lang.String, com.sun.org.apache.xml.internal.security.keys.storage.StorageResolver)#1 &amp; #engineLookupAndResolveSecretKey(org.w3c.dom.Element, java.lang.String, com.sun.org.apache.xml.internal.security.keys.storage.StorageResolver)#1 &amp; #engineLookupAndResolvePrivateKey(org.w3c.dom.Element, java.lang.String, com.sun.org.apache.xml.internal.security.keys.storage.StorageResolver)#1&quot;, &quot;storage := #engineLookupAndResolvePublicKey(org.w3c.dom.Element, java.lang.String, com.sun.org.apache.xml.internal.security.keys.storage.StorageResolver)#2 &amp; #engineLookupResolveX509Certificate(org.w3c.dom.Element, java.lang.String, com.sun.org.apache.xml.internal.security.keys.storage.StorageResolver)#2 &amp; #engineLookupAndResolveSecretKey(org.w3c.dom.Element, java.lang.String, com.sun.org.apache.xml.internal.security.keys.storage.StorageResolver)#2 &amp; #engineLookupAndResolvePrivateKey(org.w3c.dom.Element, java.lang.String, com.sun.org.apache.xml.internal.security.keys.storage.StorageResolver)#2&quot; }"/>
        </annotation>
    </item>
    <item name='com.sun.org.apache.xml.internal.security.keys.keyresolver.implementations.KeyInfoReferenceResolver com.sun.org.apache.xml.internal.security.signature.XMLSignatureInput resolveInput(org.w3c.dom.Attr, java.lang.String, boolean)'>
        <annotation name='com.intellij.inspections.tainted.annotation.equation.Equations'>
            <val val="{ &quot;baseURI := #resolveReferentKeyInfo(org.w3c.dom.Element, java.lang.String, com.sun.org.apache.xml.internal.security.keys.storage.StorageResolver)#1&quot; }"/>
        </annotation>
    </item>
    <item name='com.sun.org.apache.xml.internal.security.keys.keyresolver.implementations.KeyInfoReferenceResolver javax.crypto.SecretKey engineLookupAndResolveSecretKey(org.w3c.dom.Element, java.lang.String, com.sun.org.apache.xml.internal.security.keys.storage.StorageResolver)'>
        <annotation name='com.intellij.inspections.tainted.annotation.equation.Equations'>
            <val val="{ &quot;engineLookupAndResolveSecretKey := &quot; }"/>
        </annotation>
    </item>
    <item name='com.sun.org.apache.xml.internal.security.keys.keyresolver.implementations.PrivateKeyResolver'>
        <annotation name='com.intellij.inspections.tainted.annotation.equation.Equations'>
            <val val="{ &quot;PrivateKeyResolver := &quot; }"/>
        </annotation>
    </item>
    <item name='com.sun.org.apache.xml.internal.security.keys.keyresolver.implementations.PrivateKeyResolver PrivateKeyResolver(java.security.KeyStore, char[])'>
        <annotation name='com.intellij.inspections.tainted.annotation.equation.Equations'>
            <val val="{ &quot;PrivateKeyResolver := PrivateKeyResolver&quot; }"/>
        </annotation>
    </item>
    <item name='com.sun.org.apache.xml.internal.security.keys.keyresolver.implementations.PrivateKeyResolver java.security.PrivateKey resolveX509Data(org.w3c.dom.Element, java.lang.String)'>
        <annotation name='com.intellij.inspections.tainted.annotation.equation.Equations'>
            <val val="{ &quot;element := #engineLookupAndResolvePrivateKey(org.w3c.dom.Element, java.lang.String, com.sun.org.apache.xml.internal.security.keys.storage.StorageResolver)#0&quot;, &quot;baseURI := #engineLookupAndResolvePrivateKey(org.w3c.dom.Element, java.lang.String, com.sun.org.apache.xml.internal.security.keys.storage.StorageResolver)#1&quot; }"/>
        </annotation>
    </item>
    <item name='com.sun.org.apache.xml.internal.security.keys.keyresolver.implementations.RetrievalMethodResolver com.sun.org.apache.xml.internal.security.signature.XMLSignatureInput resolveInput(com.sun.org.apache.xml.internal.security.keys.content.RetrievalMethod, java.lang.String, boolean)'>
        <annotation name='com.intellij.inspections.tainted.annotation.equation.Equations'>
            <val val="{ &quot;baseURI := #engineLookupAndResolvePublicKey(org.w3c.dom.Element, java.lang.String, com.sun.org.apache.xml.internal.security.keys.storage.StorageResolver)#1 &amp; #engineLookupResolveX509Certificate(org.w3c.dom.Element, java.lang.String, com.sun.org.apache.xml.internal.security.keys.storage.StorageResolver)#1&quot; }"/>
        </annotation>
    </item>
    <item name='com.sun.org.apache.xml.internal.security.keys.keyresolver.implementations.RetrievalMethodResolver java.security.PublicKey resolveKey(org.w3c.dom.Element, java.lang.String, com.sun.org.apache.xml.internal.security.keys.storage.StorageResolver)'>
        <annotation name='com.intellij.inspections.tainted.annotation.equation.Equations'>
            <val val="{ &quot;storage := #engineLookupAndResolvePublicKey(org.w3c.dom.Element, java.lang.String, com.sun.org.apache.xml.internal.security.keys.storage.StorageResolver)#2&quot;, &quot;baseURI := #engineLookupAndResolvePublicKey(org.w3c.dom.Element, java.lang.String, com.sun.org.apache.xml.internal.security.keys.storage.StorageResolver)#1&quot; }"/>
        </annotation>
    </item>
    <item name='com.sun.org.apache.xml.internal.security.keys.keyresolver.implementations.RetrievalMethodResolver java.security.cert.X509Certificate resolveCertificate(org.w3c.dom.Element, java.lang.String, com.sun.org.apache.xml.internal.security.keys.storage.StorageResolver)'>
        <annotation name='com.intellij.inspections.tainted.annotation.equation.Equations'>
            <val val="{ &quot;baseURI := #engineLookupResolveX509Certificate(org.w3c.dom.Element, java.lang.String, com.sun.org.apache.xml.internal.security.keys.storage.StorageResolver)#1&quot;, &quot;storage := #engineLookupResolveX509Certificate(org.w3c.dom.Element, java.lang.String, com.sun.org.apache.xml.internal.security.keys.storage.StorageResolver)#2&quot; }"/>
        </annotation>
    </item>
    <item name='com.sun.org.apache.xml.internal.security.keys.keyresolver.implementations.SecretKeyResolver'>
        <annotation name='com.intellij.inspections.tainted.annotation.equation.Equations'>
            <val val="{ &quot;SecretKeyResolver := &quot; }"/>
        </annotation>
    </item>
    <item name='com.sun.org.apache.xml.internal.security.keys.keyresolver.implementations.SecretKeyResolver SecretKeyResolver(java.security.KeyStore, char[])'>
        <annotation name='com.intellij.inspections.tainted.annotation.equation.Equations'>
            <val val="{ &quot;SecretKeyResolver := SecretKeyResolver&quot; }"/>
        </annotation>
    </item>
    <item name='com.sun.org.apache.xml.internal.security.keys.keyresolver.implementations.SecretKeyResolver javax.crypto.SecretKey engineResolveSecretKey(org.w3c.dom.Element, java.lang.String, com.sun.org.apache.xml.internal.security.keys.storage.StorageResolver)'>
        <annotation name='com.intellij.inspections.tainted.annotation.equation.Equations'>
            <val val="{ &quot;engineResolveSecretKey := &quot; }"/>
        </annotation>
    </item>
    <item name='com.sun.org.apache.xml.internal.security.keys.keyresolver.implementations.SingleKeyResolver'>
        <annotation name='com.intellij.inspections.tainted.annotation.equation.Equations'>
            <val val="{ &quot;SingleKeyResolver := #SingleKeyResolver(java.lang.String, javax.crypto.SecretKey)#0 &amp; #SingleKeyResolver(java.lang.String, javax.crypto.SecretKey)#1&quot; }"/>
        </annotation>
    </item>
    <item name='com.sun.org.apache.xml.internal.security.keys.keyresolver.implementations.SingleKeyResolver SingleKeyResolver(java.lang.String, java.security.PrivateKey)'>
        <annotation name='com.intellij.inspections.tainted.annotation.equation.Equations'>
            <val val="{ &quot;SingleKeyResolver := SingleKeyResolver&quot; }"/>
        </annotation>
    </item>
    <item name='com.sun.org.apache.xml.internal.security.keys.keyresolver.implementations.SingleKeyResolver SingleKeyResolver(java.lang.String, java.security.PublicKey)'>
        <annotation name='com.intellij.inspections.tainted.annotation.equation.Equations'>
            <val val="{ &quot;SingleKeyResolver := SingleKeyResolver&quot; }"/>
        </annotation>
    </item>
    <item name='com.sun.org.apache.xml.internal.security.keys.keyresolver.implementations.SingleKeyResolver SingleKeyResolver(java.lang.String, javax.crypto.SecretKey)'>
        <annotation name='com.intellij.inspections.tainted.annotation.equation.Equations'>
            <val val="{ &quot;SingleKeyResolver := SingleKeyResolver&quot; }"/>
        </annotation>
    </item>
    <item name='com.sun.org.apache.xml.internal.security.keys.keyresolver.implementations.SingleKeyResolver java.security.PrivateKey engineLookupAndResolvePrivateKey(org.w3c.dom.Element, java.lang.String, com.sun.org.apache.xml.internal.security.keys.storage.StorageResolver)'>
        <annotation name='com.intellij.inspections.tainted.annotation.equation.Equations'>
            <val val="{ &quot;engineLookupAndResolvePrivateKey := SingleKeyResolver&quot; }"/>
        </annotation>
    </item>
    <item name='com.sun.org.apache.xml.internal.security.keys.keyresolver.implementations.SingleKeyResolver java.security.PublicKey engineLookupAndResolvePublicKey(org.w3c.dom.Element, java.lang.String, com.sun.org.apache.xml.internal.security.keys.storage.StorageResolver)'>
        <annotation name='com.intellij.inspections.tainted.annotation.equation.Equations'>
            <val val="{ &quot;engineLookupAndResolvePublicKey := SingleKeyResolver&quot; }"/>
        </annotation>
    </item>
    <item name='com.sun.org.apache.xml.internal.security.keys.keyresolver.implementations.SingleKeyResolver javax.crypto.SecretKey engineResolveSecretKey(org.w3c.dom.Element, java.lang.String, com.sun.org.apache.xml.internal.security.keys.storage.StorageResolver)'>
        <annotation name='com.intellij.inspections.tainted.annotation.equation.Equations'>
            <val val="{ &quot;engineResolveSecretKey := SingleKeyResolver&quot; }"/>
        </annotation>
    </item>
    <item name='com.sun.org.apache.xml.internal.security.keys.keyresolver.implementations.X509CertificateResolver java.security.cert.X509Certificate engineLookupResolveX509Certificate(org.w3c.dom.Element, java.lang.String, com.sun.org.apache.xml.internal.security.keys.storage.StorageResolver)'>
        <annotation name='com.intellij.inspections.tainted.annotation.equation.Equations'>
            <val val="{ &quot;BaseURI := #engineLookupAndResolvePublicKey(org.w3c.dom.Element, java.lang.String, com.sun.org.apache.xml.internal.security.keys.storage.StorageResolver)#1&quot;, &quot;storage := #engineLookupAndResolvePublicKey(org.w3c.dom.Element, java.lang.String, com.sun.org.apache.xml.internal.security.keys.storage.StorageResolver)#2&quot;, &quot;element := #engineLookupAndResolvePublicKey(org.w3c.dom.Element, java.lang.String, com.sun.org.apache.xml.internal.security.keys.storage.StorageResolver)#0&quot; }"/>
        </annotation>
    </item>
    <item name='com.sun.org.apache.xml.internal.security.keys.keyresolver.implementations.X509DigestResolver java.security.cert.X509Certificate engineLookupResolveX509Certificate(org.w3c.dom.Element, java.lang.String, com.sun.org.apache.xml.internal.security.keys.storage.StorageResolver)'>
        <annotation name='com.intellij.inspections.tainted.annotation.equation.Equations'>
            <val val="{ &quot;storage := #engineLookupAndResolvePublicKey(org.w3c.dom.Element, java.lang.String, com.sun.org.apache.xml.internal.security.keys.storage.StorageResolver)#2&quot;, &quot;baseURI := #engineLookupAndResolvePublicKey(org.w3c.dom.Element, java.lang.String, com.sun.org.apache.xml.internal.security.keys.storage.StorageResolver)#1&quot;, &quot;element := #engineLookupAndResolvePublicKey(org.w3c.dom.Element, java.lang.String, com.sun.org.apache.xml.internal.security.keys.storage.StorageResolver)#0&quot; }"/>
        </annotation>
    </item>
    <item name='com.sun.org.apache.xml.internal.security.keys.keyresolver.implementations.X509DigestResolver java.security.cert.X509Certificate resolveCertificate(org.w3c.dom.Element, java.lang.String, com.sun.org.apache.xml.internal.security.keys.storage.StorageResolver)'>
        <annotation name='com.intellij.inspections.tainted.annotation.equation.Equations'>
            <val val="{ &quot;element := #engineLookupResolveX509Certificate(org.w3c.dom.Element, java.lang.String, com.sun.org.apache.xml.internal.security.keys.storage.StorageResolver)#0&quot;, &quot;storage := #engineLookupResolveX509Certificate(org.w3c.dom.Element, java.lang.String, com.sun.org.apache.xml.internal.security.keys.storage.StorageResolver)#2&quot;, &quot;baseURI := #engineLookupResolveX509Certificate(org.w3c.dom.Element, java.lang.String, com.sun.org.apache.xml.internal.security.keys.storage.StorageResolver)#1&quot; }"/>
        </annotation>
    </item>
    <item name='com.sun.org.apache.xml.internal.security.keys.keyresolver.implementations.X509IssuerSerialResolver java.security.cert.X509Certificate engineLookupResolveX509Certificate(org.w3c.dom.Element, java.lang.String, com.sun.org.apache.xml.internal.security.keys.storage.StorageResolver)'>
        <annotation name='com.intellij.inspections.tainted.annotation.equation.Equations'>
            <val val="{ &quot;storage := #engineLookupAndResolvePublicKey(org.w3c.dom.Element, java.lang.String, com.sun.org.apache.xml.internal.security.keys.storage.StorageResolver)#2&quot;, &quot;baseURI := #engineLookupAndResolvePublicKey(org.w3c.dom.Element, java.lang.String, com.sun.org.apache.xml.internal.security.keys.storage.StorageResolver)#1&quot;, &quot;element := #engineLookupAndResolvePublicKey(org.w3c.dom.Element, java.lang.String, com.sun.org.apache.xml.internal.security.keys.storage.StorageResolver)#0&quot; }"/>
        </annotation>
    </item>
    <item name='com.sun.org.apache.xml.internal.security.keys.keyresolver.implementations.X509SKIResolver java.security.cert.X509Certificate engineLookupResolveX509Certificate(org.w3c.dom.Element, java.lang.String, com.sun.org.apache.xml.internal.security.keys.storage.StorageResolver)'>
        <annotation name='com.intellij.inspections.tainted.annotation.equation.Equations'>
            <val val="{ &quot;baseURI := #engineLookupAndResolvePublicKey(org.w3c.dom.Element, java.lang.String, com.sun.org.apache.xml.internal.security.keys.storage.StorageResolver)#1&quot;, &quot;storage := #engineLookupAndResolvePublicKey(org.w3c.dom.Element, java.lang.String, com.sun.org.apache.xml.internal.security.keys.storage.StorageResolver)#2&quot;, &quot;element := #engineLookupAndResolvePublicKey(org.w3c.dom.Element, java.lang.String, com.sun.org.apache.xml.internal.security.keys.storage.StorageResolver)#0&quot; }"/>
        </annotation>
    </item>
    <item name='com.sun.org.apache.xml.internal.security.keys.keyresolver.implementations.X509SubjectNameResolver java.security.cert.X509Certificate engineLookupResolveX509Certificate(org.w3c.dom.Element, java.lang.String, com.sun.org.apache.xml.internal.security.keys.storage.StorageResolver)'>
        <annotation name='com.intellij.inspections.tainted.annotation.equation.Equations'>
            <val val="{ &quot;baseURI := #engineLookupAndResolvePublicKey(org.w3c.dom.Element, java.lang.String, com.sun.org.apache.xml.internal.security.keys.storage.StorageResolver)#1&quot;, &quot;element := #engineLookupAndResolvePublicKey(org.w3c.dom.Element, java.lang.String, com.sun.org.apache.xml.internal.security.keys.storage.StorageResolver)#0&quot;, &quot;storage := #engineLookupAndResolvePublicKey(org.w3c.dom.Element, java.lang.String, com.sun.org.apache.xml.internal.security.keys.storage.StorageResolver)#2&quot; }"/>
        </annotation>
    </item>
</root>