<root>
    <item name='sun.awt.shell.ShellFolder boolean isLink()'>
        <annotation name='com.intellij.inspections.tainted.annotation.equation.Equations'>
            <val val="{ &quot;isLink := DefaultShellFolder#isLink()&quot; }"/>
        </annotation>
    </item>
    <item name='sun.awt.shell.ShellFolder java.io.File[] listFiles()'>
        <annotation name='com.intellij.inspections.tainted.annotation.equation.Equations'>
            <val val="{ &quot;listFiles := DefaultShellFolder#listFiles()&quot; }"/>
        </annotation>
    </item>
    <item name='sun.awt.shell.ShellFolder java.lang.Object writeReplace()'>
        <annotation name='com.intellij.inspections.tainted.annotation.equation.Equations'>
            <val val="{ &quot;writeReplace := DefaultShellFolder#writeReplace()&quot; }"/>
        </annotation>
    </item>
    <item name='sun.awt.shell.ShellFolder java.lang.String getDisplayName()'>
        <annotation name='com.intellij.inspections.tainted.annotation.equation.Equations'>
            <val val="{ &quot;getDisplayName := DefaultShellFolder#getDisplayName()&quot; }"/>
        </annotation>
    </item>
    <item name='sun.awt.shell.ShellFolder java.lang.String getExecutableType()'>
        <annotation name='com.intellij.inspections.tainted.annotation.equation.Equations'>
            <val val="{ &quot;getExecutableType := DefaultShellFolder#getExecutableType()&quot; }"/>
        </annotation>
    </item>
    <item name='sun.awt.shell.ShellFolder java.lang.String getFolderType()'>
        <annotation name='com.intellij.inspections.tainted.annotation.equation.Equations'>
            <val val="{ &quot;getFolderType := DefaultShellFolder#getFolderType()&quot; }"/>
        </annotation>
    </item>
    <item name='sun.awt.shell.ShellFolder sun.awt.shell.ShellFolder getLinkLocation()'>
        <annotation name='com.intellij.inspections.tainted.annotation.equation.Equations'>
            <val val="{ &quot;getLinkLocation := DefaultShellFolder#getLinkLocation()&quot; }"/>
        </annotation>
    </item>
    <item name='sun.awt.shell.ShellFolder.Invoker T invoke(java.util.concurrent.Callable&lt;T&gt;)'>
        <annotation name='com.intellij.inspections.tainted.annotation.equation.Equations'>
            <val val="{ &quot;invoke := ShellFolderManager.DirectInvoker#invoke(java.util.concurrent.Callable)&quot; }"/>
        </annotation>
    </item>
</root>