<root>
    <item name='org.junit.internal.runners.ErrorReportingRunner'>
        <annotation name='com.intellij.inspections.tainted.annotation.equation.Equations'>
            <val val="{ &quot;ErrorReportingRunner := #ErrorReportingRunner(java.lang.Class, java.lang.Throwable)#0&quot; }"/>
        </annotation>
    </item>
    <item name='org.junit.internal.runners.ErrorReportingRunner ErrorReportingRunner(java.lang.Class&lt;?&gt;, java.lang.Throwable)'>
        <annotation name='com.intellij.inspections.tainted.annotation.equation.Equations'>
            <val val="{ &quot;ErrorReportingRunner := ErrorReportingRunner&quot;, &quot;testClass := org.junit.runners.model.RunnerBuilder#safeRunnerForClass(java.lang.Class)#0 &amp; org.junit.runners.model.RunnerBuilder#safeRunnerForClass(java.lang.Class)#0&quot; }"/>
        </annotation>
    </item>
    <item name='org.junit.internal.runners.ErrorReportingRunner java.util.List&lt;java.lang.Throwable&gt; getCauses(java.lang.Throwable)'>
        <annotation name='com.intellij.inspections.tainted.annotation.equation.Equations'>
            <val val="{ &quot;cause := #ErrorReportingRunner(java.lang.Class, java.lang.Throwable)#1&quot;, &quot;getCauses := &quot; }"/>
        </annotation>
    </item>
    <item name='org.junit.internal.runners.ErrorReportingRunner org.junit.runner.Description describeCause(java.lang.Throwable)'>
        <annotation name='com.intellij.inspections.tainted.annotation.equation.Equations'>
            <val val="{ &quot;child := ErrorReportingRunner &amp; #runCause(java.lang.Throwable, org.junit.runner.notification.RunNotifier)#0&quot;, &quot;describeCause := &quot; }"/>
        </annotation>
    </item>
    <item name='org.junit.internal.runners.ErrorReportingRunner org.junit.runner.Description getDescription()'>
        <annotation name='com.intellij.inspections.tainted.annotation.equation.Equations'>
            <val val="{ &quot;getDescription := &quot; }"/>
        </annotation>
    </item>
    <item name='org.junit.internal.runners.ErrorReportingRunner void runCause(java.lang.Throwable, org.junit.runner.notification.RunNotifier)'>
        <annotation name='com.intellij.inspections.tainted.annotation.equation.Equations'>
            <val val="{ &quot;child := ErrorReportingRunner&quot;, &quot;notifier := #run(org.junit.runner.notification.RunNotifier)#0&quot; }"/>
        </annotation>
    </item>
    <item name='org.junit.internal.runners.InitializationError'>
        <annotation name='com.intellij.inspections.tainted.annotation.equation.Equations'>
            <val val="{ &quot;InitializationError := #InitializationError(java.util.List)#0&quot; }"/>
        </annotation>
    </item>
    <item name='org.junit.internal.runners.InitializationError InitializationError(java.lang.String)'>
        <annotation name='com.intellij.inspections.tainted.annotation.equation.Equations'>
            <val val="{ &quot;InitializationError := InitializationError&quot; }"/>
        </annotation>
    </item>
    <item name='org.junit.internal.runners.InitializationError InitializationError(java.lang.Throwable...)'>
        <annotation name='com.intellij.inspections.tainted.annotation.equation.Equations'>
            <val val="{ &quot;errors := &quot;, &quot;InitializationError := InitializationError&quot; }"/>
        </annotation>
    </item>
    <item name='org.junit.internal.runners.InitializationError InitializationError(java.util.List&lt;java.lang.Throwable&gt;)'>
        <annotation name='com.intellij.inspections.tainted.annotation.equation.Equations'>
            <val val="{ &quot;InitializationError := InitializationError&quot;, &quot;errors := &quot; }"/>
        </annotation>
    </item>
    <item name='org.junit.internal.runners.InitializationError java.util.List&lt;java.lang.Throwable&gt; getCauses()'>
        <annotation name='com.intellij.inspections.tainted.annotation.equation.Equations'>
            <val val="{ &quot;getCauses := InitializationError&quot; }"/>
        </annotation>
    </item>
    <item name='org.junit.internal.runners.JUnit38ClassRunner'>
        <annotation name='com.intellij.inspections.tainted.annotation.equation.Equations'>
            <val val="{ &quot;JUnit38ClassRunner := #setTest(junit.framework.Test)#0&quot; }"/>
        </annotation>
    </item>
    <item name='org.junit.internal.runners.JUnit38ClassRunner JUnit38ClassRunner(java.lang.Class&lt;?&gt;)'>
        <annotation name='com.intellij.inspections.tainted.annotation.equation.Equations'>
            <val val="{ &quot;klass := org.junit.internal.builders.JUnit3Builder#runnerForClass(java.lang.Class)#0&quot;, &quot;JUnit38ClassRunner := JUnit38ClassRunner&quot; }"/>
        </annotation>
    </item>
    <item name='org.junit.internal.runners.JUnit38ClassRunner JUnit38ClassRunner(junit.framework.Test)'>
        <annotation name='com.intellij.inspections.tainted.annotation.equation.Equations'>
            <val val="{ &quot;JUnit38ClassRunner := JUnit38ClassRunner&quot;, &quot;test := &quot; }"/>
        </annotation>
    </item>
    <item name='org.junit.internal.runners.JUnit38ClassRunner java.lang.String createSuiteDescription(junit.framework.TestSuite)'>
        <annotation name='com.intellij.inspections.tainted.annotation.equation.Equations'>
            <val val="{ &quot;createSuiteDescription := &quot;, &quot;ts := #makeDescription(junit.framework.Test)#0&quot; }"/>
        </annotation>
    </item>
    <item name='org.junit.internal.runners.JUnit38ClassRunner java.lang.annotation.Annotation[] getAnnotations(junit.framework.TestCase)'>
        <annotation name='com.intellij.inspections.tainted.annotation.equation.Equations'>
            <val val="{ &quot;getAnnotations := &quot;, &quot;test := #makeDescription(junit.framework.Test)#0&quot; }"/>
        </annotation>
    </item>
    <item name='org.junit.internal.runners.JUnit38ClassRunner junit.framework.Test getTest()'>
        <annotation name='com.intellij.inspections.tainted.annotation.equation.Equations'>
            <val val="{ &quot;getTest := JUnit38ClassRunner&quot; }"/>
        </annotation>
    </item>
    <item name='org.junit.internal.runners.JUnit38ClassRunner junit.framework.TestListener createAdaptingListener(org.junit.runner.notification.RunNotifier)'>
        <annotation name='com.intellij.inspections.tainted.annotation.equation.Equations'>
            <val val="{ &quot;createAdaptingListener := &quot;, &quot;notifier := #run(org.junit.runner.notification.RunNotifier)#0&quot; }"/>
        </annotation>
    </item>
    <item name='org.junit.internal.runners.JUnit38ClassRunner org.junit.runner.Description getDescription()'>
        <annotation name='com.intellij.inspections.tainted.annotation.equation.Equations'>
            <val val="{ &quot;getDescription := &quot; }"/>
        </annotation>
    </item>
    <item name='org.junit.internal.runners.JUnit38ClassRunner org.junit.runner.Description makeDescription(junit.framework.Test)'>
        <annotation name='com.intellij.inspections.tainted.annotation.equation.Equations'>
            <val val="{ &quot;makeDescription := &quot;, &quot;test := &quot; }"/>
        </annotation>
    </item>
    <item name='org.junit.internal.runners.JUnit38ClassRunner void setTest(junit.framework.Test)'>
        <annotation name='com.intellij.inspections.tainted.annotation.equation.Equations'>
            <val val="{ &quot;test := #JUnit38ClassRunner(junit.framework.Test)#0&quot; }"/>
        </annotation>
    </item>
    <item name='org.junit.internal.runners.JUnit38ClassRunner.OldTestClassAdaptingListener'>
        <annotation name='com.intellij.inspections.tainted.annotation.equation.Equations'>
            <val val="{ &quot;OldTestClassAdaptingListener := #OldTestClassAdaptingListener(org.junit.runner.notification.RunNotifier)#0&quot; }"/>
        </annotation>
    </item>
    <item name='org.junit.internal.runners.JUnit38ClassRunner.OldTestClassAdaptingListener OldTestClassAdaptingListener(org.junit.runner.notification.RunNotifier)'>
        <annotation name='com.intellij.inspections.tainted.annotation.equation.Equations'>
            <val val="{ &quot;OldTestClassAdaptingListener := JUnit38ClassRunner.OldTestClassAdaptingListener&quot;, &quot;notifier := JUnit38ClassRunner#createAdaptingListener(org.junit.runner.notification.RunNotifier)#0&quot; }"/>
        </annotation>
    </item>
    <item name='org.junit.internal.runners.JUnit38ClassRunner.OldTestClassAdaptingListener java.lang.Class&lt;? extends junit.framework.Test&gt; getEffectiveClass(junit.framework.Test)'>
        <annotation name='com.intellij.inspections.tainted.annotation.equation.Equations'>
            <val val="{ &quot;test := #asDescription(junit.framework.Test)#0&quot;, &quot;getEffectiveClass := &quot; }"/>
        </annotation>
    </item>
    <item name='org.junit.internal.runners.JUnit38ClassRunner.OldTestClassAdaptingListener java.lang.String getName(junit.framework.Test)'>
        <annotation name='com.intellij.inspections.tainted.annotation.equation.Equations'>
            <val val="{ &quot;getName := &quot;, &quot;test := #asDescription(junit.framework.Test)#0&quot; }"/>
        </annotation>
    </item>
    <item name='org.junit.internal.runners.JUnit38ClassRunner.OldTestClassAdaptingListener org.junit.runner.Description asDescription(junit.framework.Test)'>
        <annotation name='com.intellij.inspections.tainted.annotation.equation.Equations'>
            <val val="{ &quot;test := #endTest(junit.framework.Test)#0 &amp; #startTest(junit.framework.Test)#0 &amp; #addError(junit.framework.Test, java.lang.Throwable)#0&quot;, &quot;asDescription := &quot; }"/>
        </annotation>
    </item>
    <item name='org.junit.internal.runners.JUnit38ClassRunner.OldTestClassAdaptingListener void addError(junit.framework.Test, java.lang.Throwable)'>
        <annotation name='com.intellij.inspections.tainted.annotation.equation.Equations'>
            <val val="{ &quot;test := #addFailure(junit.framework.Test, junit.framework.AssertionFailedError)#0&quot;, &quot;e := #addFailure(junit.framework.Test, junit.framework.AssertionFailedError)#1&quot; }"/>
        </annotation>
    </item>
    <item name='org.junit.internal.runners.SuiteMethod SuiteMethod(java.lang.Class&lt;?&gt;)'>
        <annotation name='com.intellij.inspections.tainted.annotation.equation.Equations'>
            <val val="{ &quot;klass := org.junit.internal.builders.SuiteMethodBuilder#runnerForClass(java.lang.Class)#0&quot;, &quot;SuiteMethod := SuiteMethod&quot; }"/>
        </annotation>
    </item>
    <item name='org.junit.internal.runners.SuiteMethod junit.framework.Test testFromSuiteMethod(java.lang.Class&lt;?&gt;)'>
        <annotation name='com.intellij.inspections.tainted.annotation.equation.Equations'>
            <val val="{ &quot;klass := #SuiteMethod(java.lang.Class)#0&quot;, &quot;testFromSuiteMethod := &quot; }"/>
        </annotation>
    </item>
</root>