<root>
    <item name='org.omg.IOP.CodecOperations byte[] encode(org.omg.CORBA.Any)'>
        <annotation name='com.intellij.inspections.tainted.annotation.equation.Equations'>
            <val val="{ &quot;data := com.sun.corba.se.impl.interceptors.CDREncapsCodec#encode(org.omg.CORBA.Any)#0&quot;, &quot;encode := com.sun.corba.se.impl.interceptors.CDREncapsCodec#encode(org.omg.CORBA.Any)&quot; }"/>
        </annotation>
    </item>
    <item name='org.omg.IOP.CodecOperations byte[] encode_value(org.omg.CORBA.Any)'>
        <annotation name='com.intellij.inspections.tainted.annotation.equation.Equations'>
            <val val="{ &quot;data := com.sun.corba.se.impl.interceptors.CDREncapsCodec#encode_value(org.omg.CORBA.Any)#0&quot;, &quot;encode_value := com.sun.corba.se.impl.interceptors.CDREncapsCodec#encode_value(org.omg.CORBA.Any)&quot; }"/>
        </annotation>
    </item>
    <item name='org.omg.IOP.CodecOperations org.omg.CORBA.Any decode(byte[])'>
        <annotation name='com.intellij.inspections.tainted.annotation.equation.Equations'>
            <val val="{ &quot;decode := com.sun.corba.se.impl.interceptors.CDREncapsCodec#decode(byte[])&quot;, &quot;data := com.sun.corba.se.impl.interceptors.CDREncapsCodec#decode(byte[])#0&quot; }"/>
        </annotation>
    </item>
    <item name='org.omg.IOP.CodecOperations org.omg.CORBA.Any decode_value(byte[], org.omg.CORBA.TypeCode)'>
        <annotation name='com.intellij.inspections.tainted.annotation.equation.Equations'>
            <val val="{ &quot;tc := com.sun.corba.se.impl.interceptors.CDREncapsCodec#decode_value(byte[], org.omg.CORBA.TypeCode)#1&quot;, &quot;data := com.sun.corba.se.impl.interceptors.CDREncapsCodec#decode_value(byte[], org.omg.CORBA.TypeCode)#0&quot;, &quot;decode_value := com.sun.corba.se.impl.interceptors.CDREncapsCodec#decode_value(byte[], org.omg.CORBA.TypeCode)&quot; }"/>
        </annotation>
    </item>
    <item name='org.omg.IOP.ComponentIdHelper java.lang.String id()'>
        <annotation name='com.intellij.inspections.tainted.annotation.equation.Equations'>
            <val val="{ &quot;id := ComponentIdHelper&quot; }"/>
        </annotation>
    </item>
    <item name='org.omg.IOP.ComponentIdHelper org.omg.CORBA.TypeCode type()'>
        <annotation name='com.intellij.inspections.tainted.annotation.equation.Equations'>
            <val val="{ &quot;type := ComponentIdHelper&quot; }"/>
        </annotation>
    </item>
    <item name='org.omg.IOP.ComponentIdHelper void write(org.omg.CORBA.portable.OutputStream, int)'>
        <annotation name='com.intellij.inspections.tainted.annotation.equation.Equations'>
            <val val="{ &quot;ostream := &quot;, &quot;value := #insert(org.omg.CORBA.Any, int)#1&quot; }"/>
        </annotation>
    </item>
    <item name='org.omg.IOP.ProfileIdHelper java.lang.String id()'>
        <annotation name='com.intellij.inspections.tainted.annotation.equation.Equations'>
            <val val="{ &quot;id := ProfileIdHelper&quot; }"/>
        </annotation>
    </item>
    <item name='org.omg.IOP.ProfileIdHelper org.omg.CORBA.TypeCode type()'>
        <annotation name='com.intellij.inspections.tainted.annotation.equation.Equations'>
            <val val="{ &quot;type := ProfileIdHelper&quot; }"/>
        </annotation>
    </item>
    <item name='org.omg.IOP.ProfileIdHelper void write(org.omg.CORBA.portable.OutputStream, int)'>
        <annotation name='com.intellij.inspections.tainted.annotation.equation.Equations'>
            <val val="{ &quot;ostream := &quot;, &quot;value := #insert(org.omg.CORBA.Any, int)#1&quot; }"/>
        </annotation>
    </item>
    <item name='org.omg.IOP.ServiceIdHelper java.lang.String id()'>
        <annotation name='com.intellij.inspections.tainted.annotation.equation.Equations'>
            <val val="{ &quot;id := ServiceIdHelper&quot; }"/>
        </annotation>
    </item>
    <item name='org.omg.IOP.ServiceIdHelper org.omg.CORBA.TypeCode type()'>
        <annotation name='com.intellij.inspections.tainted.annotation.equation.Equations'>
            <val val="{ &quot;type := ServiceIdHelper&quot; }"/>
        </annotation>
    </item>
    <item name='org.omg.IOP.ServiceIdHelper void write(org.omg.CORBA.portable.OutputStream, int)'>
        <annotation name='com.intellij.inspections.tainted.annotation.equation.Equations'>
            <val val="{ &quot;ostream := &quot;, &quot;value := #insert(org.omg.CORBA.Any, int)#1&quot; }"/>
        </annotation>
    </item>
</root>