<root>
    <item name='sun.security.krb5.internal.rcache.AuthTime'>
        <annotation name='com.intellij.inspections.tainted.annotation.equation.Equations'>
            <val val="{ &quot;AuthTime := AuthTimeWithHash&quot; }"/>
        </annotation>
    </item>
    <item name='sun.security.krb5.internal.rcache.AuthTime byte[] encode(boolean)'>
        <annotation name='com.intellij.inspections.tainted.annotation.equation.Equations'>
            <val val="{ &quot;encode := AuthTimeWithHash#encode(boolean)&quot; }"/>
        </annotation>
    </item>
    <item name='sun.security.krb5.internal.rcache.AuthTime java.lang.String toString()'>
        <annotation name='com.intellij.inspections.tainted.annotation.equation.Equations'>
            <val val="{ &quot;toString := AuthTimeWithHash#toString()&quot; }"/>
        </annotation>
    </item>
</root>