<root>
    <item name='javax.xml.ws.Endpoint javax.xml.ws.Endpoint create(java.lang.String, java.lang.Object)'>
        <annotation name='com.intellij.inspections.tainted.annotation.equation.Equations'>
            <val val="{ &quot;implementor := #create(java.lang.Object)#0&quot; }"/>
        </annotation>
    </item>
    <item name='javax.xml.ws.Endpoint javax.xml.ws.Endpoint create(java.lang.String, java.lang.Object, javax.xml.ws.WebServiceFeature...)'>
        <annotation name='com.intellij.inspections.tainted.annotation.equation.Equations'>
            <val val="{ &quot;implementor := #create(java.lang.Object, javax.xml.ws.WebServiceFeature...)#0&quot;, &quot;features := #create(java.lang.Object, javax.xml.ws.WebServiceFeature...)#1&quot; }"/>
        </annotation>
    </item>
    <item name='javax.xml.ws.EndpointReference'>
        <annotation name='com.intellij.inspections.tainted.annotation.equation.Equations'>
            <val val="{ &quot;EndpointReference := javax.xml.ws.wsaddressing.W3CEndpointReference&quot; }"/>
        </annotation>
    </item>
    <item name='javax.xml.ws.EndpointReference EndpointReference()'>
        <annotation name='com.intellij.inspections.tainted.annotation.equation.Equations'>
            <val val="{ &quot;EndpointReference := EndpointReference&quot; }"/>
        </annotation>
    </item>
    <item name='javax.xml.ws.EndpointReference void writeTo(javax.xml.transform.Result)'>
        <annotation name='com.intellij.inspections.tainted.annotation.equation.Equations'>
            <val val="{ &quot;result := javax.xml.ws.wsaddressing.W3CEndpointReference#writeTo(javax.xml.transform.Result)#0&quot; }"/>
        </annotation>
    </item>
    <item name='javax.xml.ws.ProtocolException ProtocolException(java.lang.String)'>
        <annotation name='com.intellij.inspections.tainted.annotation.equation.Equations'>
            <val val="{ &quot;ProtocolException := ProtocolException&quot; }"/>
        </annotation>
    </item>
    <item name='javax.xml.ws.ProtocolException ProtocolException(java.lang.String, java.lang.Throwable)'>
        <annotation name='com.intellij.inspections.tainted.annotation.equation.Equations'>
            <val val="{ &quot;ProtocolException := ProtocolException&quot; }"/>
        </annotation>
    </item>
    <item name='javax.xml.ws.ProtocolException ProtocolException(java.lang.Throwable)'>
        <annotation name='com.intellij.inspections.tainted.annotation.equation.Equations'>
            <val val="{ &quot;ProtocolException := ProtocolException&quot; }"/>
        </annotation>
    </item>
    <item name='javax.xml.ws.Service Service(java.net.URL, javax.xml.namespace.QName)'>
        <annotation name='com.intellij.inspections.tainted.annotation.equation.Equations'>
            <val val="{ &quot;Service := Service&quot;, &quot;serviceName := #create(java.net.URL, javax.xml.namespace.QName)#1 &amp; #create(javax.xml.namespace.QName)#0&quot;, &quot;wsdlDocumentLocation := #create(java.net.URL, javax.xml.namespace.QName)#0&quot; }"/>
        </annotation>
    </item>
    <item name='javax.xml.ws.Service Service(java.net.URL, javax.xml.namespace.QName, javax.xml.ws.WebServiceFeature...)'>
        <annotation name='com.intellij.inspections.tainted.annotation.equation.Equations'>
            <val val="{ &quot;features := #create(java.net.URL, javax.xml.namespace.QName, javax.xml.ws.WebServiceFeature...)#2 &amp; #create(javax.xml.namespace.QName, javax.xml.ws.WebServiceFeature...)#1&quot;, &quot;wsdlDocumentLocation := #create(java.net.URL, javax.xml.namespace.QName, javax.xml.ws.WebServiceFeature...)#0&quot;, &quot;serviceName := #create(java.net.URL, javax.xml.namespace.QName, javax.xml.ws.WebServiceFeature...)#1 &amp; #create(javax.xml.namespace.QName, javax.xml.ws.WebServiceFeature...)#0&quot;, &quot;Service := Service&quot; }"/>
        </annotation>
    </item>
    <item name='javax.xml.ws.WebServiceException WebServiceException(java.lang.String)'>
        <annotation name='com.intellij.inspections.tainted.annotation.equation.Equations'>
            <val val="{ &quot;message := ProtocolException#ProtocolException(java.lang.String)#0&quot;, &quot;WebServiceException := WebServiceException&quot; }"/>
        </annotation>
    </item>
    <item name='javax.xml.ws.WebServiceException WebServiceException(java.lang.String, java.lang.Throwable)'>
        <annotation name='com.intellij.inspections.tainted.annotation.equation.Equations'>
            <val val="{ &quot;WebServiceException := WebServiceException&quot;, &quot;cause := ProtocolException#ProtocolException(java.lang.String, java.lang.Throwable)#1&quot;, &quot;message := ProtocolException#ProtocolException(java.lang.String, java.lang.Throwable)#0&quot; }"/>
        </annotation>
    </item>
    <item name='javax.xml.ws.WebServiceException WebServiceException(java.lang.Throwable)'>
        <annotation name='com.intellij.inspections.tainted.annotation.equation.Equations'>
            <val val="{ &quot;WebServiceException := WebServiceException&quot;, &quot;cause := ProtocolException#ProtocolException(java.lang.Throwable)#0&quot; }"/>
        </annotation>
    </item>
    <item name='javax.xml.ws.WebServicePermission WebServicePermission(java.lang.String)'>
        <annotation name='com.intellij.inspections.tainted.annotation.equation.Equations'>
            <val val="{ &quot;WebServicePermission := WebServicePermission&quot; }"/>
        </annotation>
    </item>
    <item name='javax.xml.ws.WebServicePermission WebServicePermission(java.lang.String, java.lang.String)'>
        <annotation name='com.intellij.inspections.tainted.annotation.equation.Equations'>
            <val val="{ &quot;WebServicePermission := WebServicePermission&quot; }"/>
        </annotation>
    </item>
</root>