<root>
    <item name='javax.sound.sampled.AudioFileFormat AudioFileFormat(javax.sound.sampled.AudioFileFormat.Type, int, javax.sound.sampled.AudioFormat, int)'>
        <annotation name='com.intellij.inspections.tainted.annotation.equation.Equations'>
            <val val="{ &quot;format := #AudioFileFormat(javax.sound.sampled.AudioFileFormat.Type, javax.sound.sampled.AudioFormat, int)#1 &amp; #AudioFileFormat(javax.sound.sampled.AudioFileFormat.Type, javax.sound.sampled.AudioFormat, int, java.util.Map)#1&quot;, &quot;AudioFileFormat := AudioFileFormat&quot;, &quot;frameLength := #AudioFileFormat(javax.sound.sampled.AudioFileFormat.Type, javax.sound.sampled.AudioFormat, int)#2 &amp; #AudioFileFormat(javax.sound.sampled.AudioFileFormat.Type, javax.sound.sampled.AudioFormat, int, java.util.Map)#2&quot;, &quot;byteLength := AudioSystem#NOT_SPECIFIED&quot;, &quot;type := #AudioFileFormat(javax.sound.sampled.AudioFileFormat.Type, javax.sound.sampled.AudioFormat, int)#0 &amp; #AudioFileFormat(javax.sound.sampled.AudioFileFormat.Type, javax.sound.sampled.AudioFormat, int, java.util.Map)#0&quot; }"/>
        </annotation>
    </item>
    <item name='javax.sound.sampled.AudioFileFormat AudioFileFormat(javax.sound.sampled.AudioFileFormat.Type, javax.sound.sampled.AudioFormat, int)'>
        <annotation name='com.intellij.inspections.tainted.annotation.equation.Equations'>
            <val val="{ &quot;AudioFileFormat := AudioFileFormat&quot; }"/>
        </annotation>
    </item>
    <item name='javax.sound.sampled.AudioFileFormat AudioFileFormat(javax.sound.sampled.AudioFileFormat.Type, javax.sound.sampled.AudioFormat, int, java.util.Map&lt;java.lang.String,java.lang.Object&gt;)'>
        <annotation name='com.intellij.inspections.tainted.annotation.equation.Equations'>
            <val val="{ &quot;AudioFileFormat := AudioFileFormat&quot; }"/>
        </annotation>
    </item>
    <item name='javax.sound.sampled.AudioFileFormat int getByteLength()'>
        <annotation name='com.intellij.inspections.tainted.annotation.equation.Equations'>
            <val val="{ &quot;getByteLength := AudioFileFormat&quot; }"/>
        </annotation>
    </item>
    <item name='javax.sound.sampled.AudioFileFormat int getFrameLength()'>
        <annotation name='com.intellij.inspections.tainted.annotation.equation.Equations'>
            <val val="{ &quot;getFrameLength := AudioFileFormat&quot; }"/>
        </annotation>
    </item>
    <item name='javax.sound.sampled.AudioFileFormat javax.sound.sampled.AudioFileFormat.Type getType()'>
        <annotation name='com.intellij.inspections.tainted.annotation.equation.Equations'>
            <val val="{ &quot;getType := AudioFileFormat&quot; }"/>
        </annotation>
    </item>
    <item name='javax.sound.sampled.AudioFileFormat javax.sound.sampled.AudioFormat getFormat()'>
        <annotation name='com.intellij.inspections.tainted.annotation.equation.Equations'>
            <val val="{ &quot;getFormat := AudioFileFormat&quot; }"/>
        </annotation>
    </item>
    <item name='javax.sound.sampled.AudioFileFormat.Type Type(java.lang.String, java.lang.String)'>
        <annotation name='com.intellij.inspections.tainted.annotation.equation.Equations'>
            <val val="{ &quot;Type := AudioFileFormat.Type&quot; }"/>
        </annotation>
    </item>
    <item name='javax.sound.sampled.AudioFileFormat.Type java.lang.String getExtension()'>
        <annotation name='com.intellij.inspections.tainted.annotation.equation.Equations'>
            <val val="{ &quot;getExtension := AudioFileFormat.Type&quot; }"/>
        </annotation>
    </item>
    <item name='javax.sound.sampled.AudioFileFormat.Type java.lang.String toString()'>
        <annotation name='com.intellij.inspections.tainted.annotation.equation.Equations'>
            <val val="{ &quot;toString := AudioFileFormat.Type&quot; }"/>
        </annotation>
    </item>
    <item name='javax.sound.sampled.AudioFormat AudioFormat(float, int, int, boolean, boolean)'>
        <annotation name='com.intellij.inspections.tainted.annotation.equation.Equations'>
            <val val="{ &quot;AudioFormat := AudioFormat&quot; }"/>
        </annotation>
    </item>
    <item name='javax.sound.sampled.AudioFormat AudioFormat(javax.sound.sampled.AudioFormat.Encoding, float, int, int, int, float, boolean)'>
        <annotation name='com.intellij.inspections.tainted.annotation.equation.Equations'>
            <val val="{ &quot;encoding := AudioFormat.Encoding#PCM_SIGNED &amp; #AudioFormat(javax.sound.sampled.AudioFormat.Encoding, float, int, int, int, float, boolean, java.util.Map)#0 &amp; AudioFormat.Encoding#PCM_UNSIGNED&quot;, &quot;sampleRate := #AudioFormat(javax.sound.sampled.AudioFormat.Encoding, float, int, int, int, float, boolean, java.util.Map)#1 &amp; #AudioFormat(float, int, int, boolean, boolean)#0 &amp; AudioSystem#NOT_SPECIFIED&quot;, &quot;channels := #AudioFormat(javax.sound.sampled.AudioFormat.Encoding, float, int, int, int, float, boolean, java.util.Map)#3 &amp; #AudioFormat(float, int, int, boolean, boolean)#2&quot;, &quot;AudioFormat := AudioFormat&quot;, &quot;frameRate := #AudioFormat(javax.sound.sampled.AudioFormat.Encoding, float, int, int, int, float, boolean, java.util.Map)#5 &amp; #AudioFormat(float, int, int, boolean, boolean)#0 &amp; AudioSystem#NOT_SPECIFIED&quot;, &quot;frameSize := #AudioFormat(javax.sound.sampled.AudioFormat.Encoding, float, int, int, int, float, boolean, java.util.Map)#4 &amp; AudioSystem#NOT_SPECIFIED &amp; #AudioFormat(float, int, int, boolean, boolean)#1 &amp; #AudioFormat(float, int, int, boolean, boolean)#2&quot;, &quot;sampleSizeInBits := #AudioFormat(javax.sound.sampled.AudioFormat.Encoding, float, int, int, int, float, boolean, java.util.Map)#2 &amp; #AudioFormat(float, int, int, boolean, boolean)#1&quot; }"/>
        </annotation>
    </item>
    <item name='javax.sound.sampled.AudioFormat AudioFormat(javax.sound.sampled.AudioFormat.Encoding, float, int, int, int, float, boolean, java.util.Map&lt;java.lang.String,java.lang.Object&gt;)'>
        <annotation name='com.intellij.inspections.tainted.annotation.equation.Equations'>
            <val val="{ &quot;AudioFormat := AudioFormat&quot; }"/>
        </annotation>
    </item>
    <item name='javax.sound.sampled.AudioFormat boolean matches(javax.sound.sampled.AudioFormat)'>
        <annotation name='com.intellij.inspections.tainted.annotation.equation.Equations'>
            <val val="{ &quot;format := DataLine.Info &amp; AudioSystem#getAudioInputStream(javax.sound.sampled.AudioFormat, javax.sound.sampled.AudioInputStream)#0&quot; }"/>
        </annotation>
    </item>
    <item name='javax.sound.sampled.AudioFormat float getFrameRate()'>
        <annotation name='com.intellij.inspections.tainted.annotation.equation.Equations'>
            <val val="{ &quot;getFrameRate := AudioFormat&quot; }"/>
        </annotation>
    </item>
    <item name='javax.sound.sampled.AudioFormat float getSampleRate()'>
        <annotation name='com.intellij.inspections.tainted.annotation.equation.Equations'>
            <val val="{ &quot;getSampleRate := AudioFormat&quot; }"/>
        </annotation>
    </item>
    <item name='javax.sound.sampled.AudioFormat int getChannels()'>
        <annotation name='com.intellij.inspections.tainted.annotation.equation.Equations'>
            <val val="{ &quot;getChannels := AudioFormat&quot; }"/>
        </annotation>
    </item>
    <item name='javax.sound.sampled.AudioFormat int getFrameSize()'>
        <annotation name='com.intellij.inspections.tainted.annotation.equation.Equations'>
            <val val="{ &quot;getFrameSize := AudioFormat&quot; }"/>
        </annotation>
    </item>
    <item name='javax.sound.sampled.AudioFormat int getSampleSizeInBits()'>
        <annotation name='com.intellij.inspections.tainted.annotation.equation.Equations'>
            <val val="{ &quot;getSampleSizeInBits := AudioFormat&quot; }"/>
        </annotation>
    </item>
    <item name='javax.sound.sampled.AudioFormat javax.sound.sampled.AudioFormat.Encoding getEncoding()'>
        <annotation name='com.intellij.inspections.tainted.annotation.equation.Equations'>
            <val val="{ &quot;getEncoding := AudioFormat&quot; }"/>
        </annotation>
    </item>
    <item name='javax.sound.sampled.AudioFormat.Encoding Encoding(java.lang.String)'>
        <annotation name='com.intellij.inspections.tainted.annotation.equation.Equations'>
            <val val="{ &quot;Encoding := AudioFormat.Encoding&quot; }"/>
        </annotation>
    </item>
    <item name='javax.sound.sampled.AudioFormat.Encoding boolean equals(java.lang.Object)'>
        <annotation name='com.intellij.inspections.tainted.annotation.equation.Equations'>
            <val val="{ &quot;obj := #PCM_SIGNED &amp; #PCM_UNSIGNED&quot; }"/>
        </annotation>
    </item>
    <item name='javax.sound.sampled.AudioFormat.Encoding java.lang.String toString()'>
        <annotation name='com.intellij.inspections.tainted.annotation.equation.Equations'>
            <val val="{ &quot;toString := AudioFormat.Encoding&quot; }"/>
        </annotation>
    </item>
    <item name='javax.sound.sampled.AudioInputStream'>
        <annotation name='com.intellij.inspections.tainted.annotation.equation.Equations'>
            <val val="{ &quot;AudioInputStream := AudioInputStream&quot; }"/>
        </annotation>
    </item>
    <item name='javax.sound.sampled.AudioInputStream AudioInputStream(java.io.InputStream, javax.sound.sampled.AudioFormat, long)'>
        <annotation name='com.intellij.inspections.tainted.annotation.equation.Equations'>
            <val val="{ &quot;AudioInputStream := AudioInputStream&quot; }"/>
        </annotation>
    </item>
    <item name='javax.sound.sampled.AudioInputStream AudioInputStream(javax.sound.sampled.TargetDataLine)'>
        <annotation name='com.intellij.inspections.tainted.annotation.equation.Equations'>
            <val val="{ &quot;AudioInputStream := AudioInputStream&quot; }"/>
        </annotation>
    </item>
    <item name='javax.sound.sampled.AudioInputStream int available()'>
        <annotation name='com.intellij.inspections.tainted.annotation.equation.Equations'>
            <val val="{ &quot;available := AudioInputStream&quot; }"/>
        </annotation>
    </item>
    <item name='javax.sound.sampled.AudioInputStream int read(byte[], int, int)'>
        <annotation name='com.intellij.inspections.tainted.annotation.equation.Equations'>
            <val val="{ &quot;len := com.sun.media.sound.JavaSoundAudioClip#readStream(javax.sound.sampled.AudioInputStream, long)#1 &amp; com.sun.media.sound.JavaSoundAudioClip&quot;, &quot;off := com.sun.media.sound.JavaSoundAudioClip&quot;, &quot;read := AudioInputStream&quot;, &quot;b := #read(byte[])#0 &amp; com.sun.media.sound.JavaSoundAudioClip &amp; com.sun.media.sound.DataPusher&quot; }"/>
        </annotation>
    </item>
    <item name='javax.sound.sampled.AudioInputStream javax.sound.sampled.AudioFormat getFormat()'>
        <annotation name='com.intellij.inspections.tainted.annotation.equation.Equations'>
            <val val="{ &quot;getFormat := AudioInputStream&quot; }"/>
        </annotation>
    </item>
    <item name='javax.sound.sampled.AudioInputStream long getFrameLength()'>
        <annotation name='com.intellij.inspections.tainted.annotation.equation.Equations'>
            <val val="{ &quot;getFrameLength := AudioInputStream&quot; }"/>
        </annotation>
    </item>
    <item name='javax.sound.sampled.AudioInputStream.TargetDataLineInputStream TargetDataLineInputStream(javax.sound.sampled.TargetDataLine)'>
        <annotation name='com.intellij.inspections.tainted.annotation.equation.Equations'>
            <val val="{ &quot;TargetDataLineInputStream := AudioInputStream.TargetDataLineInputStream&quot;, &quot;line := AudioInputStream#AudioInputStream(javax.sound.sampled.TargetDataLine)#0&quot; }"/>
        </annotation>
    </item>
    <item name='javax.sound.sampled.AudioPermission AudioPermission(java.lang.String)'>
        <annotation name='com.intellij.inspections.tainted.annotation.equation.Equations'>
            <val val="{ &quot;AudioPermission := AudioPermission&quot; }"/>
        </annotation>
    </item>
    <item name='javax.sound.sampled.AudioPermission AudioPermission(java.lang.String, java.lang.String)'>
        <annotation name='com.intellij.inspections.tainted.annotation.equation.Equations'>
            <val val="{ &quot;AudioPermission := AudioPermission&quot; }"/>
        </annotation>
    </item>
    <item name='javax.sound.sampled.AudioSystem AudioSystem()'>
        <annotation name='com.intellij.inspections.tainted.annotation.equation.Equations'>
            <val val="{ &quot;AudioSystem := AudioSystem&quot; }"/>
        </annotation>
    </item>
    <item name='javax.sound.sampled.AudioSystem boolean isAppropriateMixer(javax.sound.sampled.Mixer, javax.sound.sampled.Line.Info, boolean)'>
        <annotation name='com.intellij.inspections.tainted.annotation.equation.Equations'>
            <val val="{ &quot;lineInfo := #getLine(javax.sound.sampled.Line.Info)#0 &amp; #getNamedMixer(java.lang.String, javax.sound.sampled.spi.MixerProvider, javax.sound.sampled.Line.Info)#2 &amp; #getFirstMixer(javax.sound.sampled.spi.MixerProvider, javax.sound.sampled.Line.Info, boolean)#1&quot; }"/>
        </annotation>
    </item>
    <item name='javax.sound.sampled.AudioSystem java.util.List getProviders(java.lang.Class)'>
        <annotation name='com.intellij.inspections.tainted.annotation.equation.Equations'>
            <val val="{ &quot;getProviders := &quot; }"/>
        </annotation>
    </item>
    <item name='javax.sound.sampled.AudioSystem javax.sound.sampled.AudioInputStream getAudioInputStream(java.io.InputStream)'>
        <annotation name='com.intellij.inspections.tainted.annotation.equation.Equations'>
            <val val="{ &quot;stream := &quot; }"/>
        </annotation>
    </item>
    <item name='javax.sound.sampled.AudioSystem javax.sound.sampled.AudioInputStream getAudioInputStream(javax.sound.sampled.AudioFormat, javax.sound.sampled.AudioInputStream)'>
        <annotation name='com.intellij.inspections.tainted.annotation.equation.Equations'>
            <val val="{ &quot;sourceStream := com.sun.media.sound.Toolkit#getPCMConvertedAudioInputStream(javax.sound.sampled.AudioInputStream)#0&quot;, &quot;targetFormat := &quot;, &quot;getAudioInputStream := sourceStream&quot; }"/>
        </annotation>
    </item>
    <item name='javax.sound.sampled.AudioSystem javax.sound.sampled.Line getLine(javax.sound.sampled.Line.Info)'>
        <annotation name='com.intellij.inspections.tainted.annotation.equation.Equations'>
            <val val="{ &quot;info := &quot; }"/>
        </annotation>
    </item>
    <item name='javax.sound.sampled.AudioSystem javax.sound.sampled.Mixer getDefaultMixer(java.util.List, javax.sound.sampled.Line.Info)'>
        <annotation name='com.intellij.inspections.tainted.annotation.equation.Equations'>
            <val val="{ &quot;info := #getLine(javax.sound.sampled.Line.Info)#0&quot; }"/>
        </annotation>
    </item>
    <item name='javax.sound.sampled.AudioSystem javax.sound.sampled.Mixer getFirstMixer(javax.sound.sampled.spi.MixerProvider, javax.sound.sampled.Line.Info, boolean)'>
        <annotation name='com.intellij.inspections.tainted.annotation.equation.Equations'>
            <val val="{ &quot;info := #getDefaultMixer(java.util.List, javax.sound.sampled.Line.Info)#1&quot; }"/>
        </annotation>
    </item>
    <item name='javax.sound.sampled.AudioSystem javax.sound.sampled.Mixer getMixer(javax.sound.sampled.Mixer.Info)'>
        <annotation name='com.intellij.inspections.tainted.annotation.equation.Equations'>
            <val val="{ &quot;info := #getClip(javax.sound.sampled.Mixer.Info)#0 &amp; #getSourceDataLine(javax.sound.sampled.AudioFormat, javax.sound.sampled.Mixer.Info)#1 &amp; #getTargetDataLine(javax.sound.sampled.AudioFormat, javax.sound.sampled.Mixer.Info)#1&quot; }"/>
        </annotation>
    </item>
    <item name='javax.sound.sampled.AudioSystem javax.sound.sampled.Mixer getNamedMixer(java.lang.String, java.util.List, javax.sound.sampled.Line.Info)'>
        <annotation name='com.intellij.inspections.tainted.annotation.equation.Equations'>
            <val val="{ &quot;info := #getDefaultMixer(java.util.List, javax.sound.sampled.Line.Info)#1&quot;, &quot;providers := #getDefaultMixer(java.util.List, javax.sound.sampled.Line.Info)#0&quot; }"/>
        </annotation>
    </item>
    <item name='javax.sound.sampled.AudioSystem javax.sound.sampled.Mixer getNamedMixer(java.lang.String, javax.sound.sampled.spi.MixerProvider, javax.sound.sampled.Line.Info)'>
        <annotation name='com.intellij.inspections.tainted.annotation.equation.Equations'>
            <val val="{ &quot;mixerName := #getNamedMixer(java.lang.String, java.util.List, javax.sound.sampled.Line.Info)#0&quot;, &quot;info := #getDefaultMixer(java.util.List, javax.sound.sampled.Line.Info)#1 &amp; #getNamedMixer(java.lang.String, java.util.List, javax.sound.sampled.Line.Info)#2&quot; }"/>
        </annotation>
    </item>
    <item name='javax.sound.sampled.AudioSystem javax.sound.sampled.spi.MixerProvider getNamedProvider(java.lang.String, java.util.List)'>
        <annotation name='com.intellij.inspections.tainted.annotation.equation.Equations'>
            <val val="{ &quot;providers := #getDefaultMixer(java.util.List, javax.sound.sampled.Line.Info)#0&quot; }"/>
        </annotation>
    </item>
    <item name='javax.sound.sampled.BooleanControl.Type Type(java.lang.String)'>
        <annotation name='com.intellij.inspections.tainted.annotation.equation.Equations'>
            <val val="{ &quot;Type := BooleanControl.Type&quot; }"/>
        </annotation>
    </item>
    <item name='javax.sound.sampled.Clip void open(javax.sound.sampled.AudioFormat, byte[], int, int)'>
        <annotation name='com.intellij.inspections.tainted.annotation.equation.Equations'>
            <val val="{ &quot;format := com.sun.media.sound.JavaSoundAudioClip&quot;, &quot;bufferSize := com.sun.media.sound.JavaSoundAudioClip&quot;, &quot;data := com.sun.media.sound.JavaSoundAudioClip&quot; }"/>
        </annotation>
    </item>
    <item name='javax.sound.sampled.Clip void open(javax.sound.sampled.AudioInputStream)'>
        <annotation name='com.intellij.inspections.tainted.annotation.equation.Equations'>
            <val val="{ &quot;stream := &quot; }"/>
        </annotation>
    </item>
    <item name='javax.sound.sampled.CompoundControl.Type Type(java.lang.String)'>
        <annotation name='com.intellij.inspections.tainted.annotation.equation.Equations'>
            <val val="{ &quot;Type := CompoundControl.Type&quot; }"/>
        </annotation>
    </item>
    <item name='javax.sound.sampled.Control java.lang.String toString()'>
        <annotation name='com.intellij.inspections.tainted.annotation.equation.Equations'>
            <val val="{ &quot;toString := EnumControl#toString() &amp; FloatControl#toString() &amp; BooleanControl#toString() &amp; CompoundControl#toString()&quot; }"/>
        </annotation>
    </item>
    <item name='javax.sound.sampled.Control.Type Type(java.lang.String)'>
        <annotation name='com.intellij.inspections.tainted.annotation.equation.Equations'>
            <val val="{ &quot;Type := Control.Type&quot;, &quot;name := EnumControl.Type#Type(java.lang.String)#0 &amp; FloatControl.Type#Type(java.lang.String)#0 &amp; BooleanControl.Type#Type(java.lang.String)#0 &amp; CompoundControl.Type#Type(java.lang.String)#0&quot; }"/>
        </annotation>
    </item>
    <item name='javax.sound.sampled.Control.Type java.lang.String toString()'>
        <annotation name='com.intellij.inspections.tainted.annotation.equation.Equations'>
            <val val="{ &quot;toString := Control.Type&quot; }"/>
        </annotation>
    </item>
    <item name='javax.sound.sampled.DataLine.Info Info(java.lang.Class&lt;?&gt;, javax.sound.sampled.AudioFormat)'>
        <annotation name='com.intellij.inspections.tainted.annotation.equation.Equations'>
            <val val="{ &quot;Info := DataLine.Info&quot;, &quot;format := AudioSystem#getSourceDataLine(javax.sound.sampled.AudioFormat)#0 &amp; AudioSystem#getSourceDataLine(javax.sound.sampled.AudioFormat, javax.sound.sampled.Mixer.Info)#0 &amp; AudioSystem#getTargetDataLine(javax.sound.sampled.AudioFormat)#0 &amp; AudioSystem#getTargetDataLine(javax.sound.sampled.AudioFormat, javax.sound.sampled.Mixer.Info)#0 &amp; com.sun.media.sound.JavaSoundAudioClip&quot; }"/>
        </annotation>
    </item>
    <item name='javax.sound.sampled.DataLine.Info Info(java.lang.Class&lt;?&gt;, javax.sound.sampled.AudioFormat, int)'>
        <annotation name='com.intellij.inspections.tainted.annotation.equation.Equations'>
            <val val="{ &quot;lineClass := #Info(java.lang.Class, javax.sound.sampled.AudioFormat)#0&quot;, &quot;format := #Info(java.lang.Class, javax.sound.sampled.AudioFormat)#1&quot;, &quot;bufferSize := AudioSystem#NOT_SPECIFIED&quot;, &quot;Info := DataLine.Info&quot; }"/>
        </annotation>
    </item>
    <item name='javax.sound.sampled.DataLine.Info Info(java.lang.Class&lt;?&gt;, javax.sound.sampled.AudioFormat[], int, int)'>
        <annotation name='com.intellij.inspections.tainted.annotation.equation.Equations'>
            <val val="{ &quot;Info := DataLine.Info&quot; }"/>
        </annotation>
    </item>
    <item name='javax.sound.sampled.DataLine.Info int getMaxBufferSize()'>
        <annotation name='com.intellij.inspections.tainted.annotation.equation.Equations'>
            <val val="{ &quot;getMaxBufferSize := DataLine.Info&quot; }"/>
        </annotation>
    </item>
    <item name='javax.sound.sampled.DataLine.Info int getMinBufferSize()'>
        <annotation name='com.intellij.inspections.tainted.annotation.equation.Equations'>
            <val val="{ &quot;getMinBufferSize := DataLine.Info&quot; }"/>
        </annotation>
    </item>
    <item name='javax.sound.sampled.EnumControl'>
        <annotation name='com.intellij.inspections.tainted.annotation.equation.Equations'>
            <val val="{ &quot;EnumControl := #setValue(java.lang.Object)#0&quot; }"/>
        </annotation>
    </item>
    <item name='javax.sound.sampled.EnumControl EnumControl(javax.sound.sampled.EnumControl.Type, java.lang.Object[], java.lang.Object)'>
        <annotation name='com.intellij.inspections.tainted.annotation.equation.Equations'>
            <val val="{ &quot;EnumControl := EnumControl&quot; }"/>
        </annotation>
    </item>
    <item name='javax.sound.sampled.EnumControl java.lang.Object getValue()'>
        <annotation name='com.intellij.inspections.tainted.annotation.equation.Equations'>
            <val val="{ &quot;getValue := EnumControl&quot; }"/>
        </annotation>
    </item>
    <item name='javax.sound.sampled.EnumControl java.lang.Object[] getValues()'>
        <annotation name='com.intellij.inspections.tainted.annotation.equation.Equations'>
            <val val="{ &quot;getValues := EnumControl&quot; }"/>
        </annotation>
    </item>
    <item name='javax.sound.sampled.EnumControl.Type Type(java.lang.String)'>
        <annotation name='com.intellij.inspections.tainted.annotation.equation.Equations'>
            <val val="{ &quot;Type := EnumControl.Type&quot; }"/>
        </annotation>
    </item>
    <item name='javax.sound.sampled.FloatControl FloatControl(javax.sound.sampled.FloatControl.Type, float, float, float, int, float, java.lang.String)'>
        <annotation name='com.intellij.inspections.tainted.annotation.equation.Equations'>
            <val val="{ &quot;FloatControl := FloatControl&quot; }"/>
        </annotation>
    </item>
    <item name='javax.sound.sampled.FloatControl FloatControl(javax.sound.sampled.FloatControl.Type, float, float, float, int, float, java.lang.String, java.lang.String, java.lang.String, java.lang.String)'>
        <annotation name='com.intellij.inspections.tainted.annotation.equation.Equations'>
            <val val="{ &quot;initialValue := #FloatControl(javax.sound.sampled.FloatControl.Type, float, float, float, int, float, java.lang.String)#5&quot;, &quot;type := #FloatControl(javax.sound.sampled.FloatControl.Type, float, float, float, int, float, java.lang.String)#0&quot;, &quot;FloatControl := FloatControl&quot;, &quot;updatePeriod := #FloatControl(javax.sound.sampled.FloatControl.Type, float, float, float, int, float, java.lang.String)#4&quot;, &quot;units := #FloatControl(javax.sound.sampled.FloatControl.Type, float, float, float, int, float, java.lang.String)#6&quot;, &quot;minimum := #FloatControl(javax.sound.sampled.FloatControl.Type, float, float, float, int, float, java.lang.String)#1&quot;, &quot;precision := #FloatControl(javax.sound.sampled.FloatControl.Type, float, float, float, int, float, java.lang.String)#3&quot;, &quot;maximum := #FloatControl(javax.sound.sampled.FloatControl.Type, float, float, float, int, float, java.lang.String)#2&quot; }"/>
        </annotation>
    </item>
    <item name='javax.sound.sampled.FloatControl float getMaximum()'>
        <annotation name='com.intellij.inspections.tainted.annotation.equation.Equations'>
            <val val="{ &quot;getMaximum := FloatControl&quot; }"/>
        </annotation>
    </item>
    <item name='javax.sound.sampled.FloatControl float getMinimum()'>
        <annotation name='com.intellij.inspections.tainted.annotation.equation.Equations'>
            <val val="{ &quot;getMinimum := FloatControl&quot; }"/>
        </annotation>
    </item>
    <item name='javax.sound.sampled.FloatControl float getPrecision()'>
        <annotation name='com.intellij.inspections.tainted.annotation.equation.Equations'>
            <val val="{ &quot;getPrecision := FloatControl&quot; }"/>
        </annotation>
    </item>
    <item name='javax.sound.sampled.FloatControl float getValue()'>
        <annotation name='com.intellij.inspections.tainted.annotation.equation.Equations'>
            <val val="{ &quot;getValue := FloatControl&quot; }"/>
        </annotation>
    </item>
    <item name='javax.sound.sampled.FloatControl int getUpdatePeriod()'>
        <annotation name='com.intellij.inspections.tainted.annotation.equation.Equations'>
            <val val="{ &quot;getUpdatePeriod := FloatControl&quot; }"/>
        </annotation>
    </item>
    <item name='javax.sound.sampled.FloatControl java.lang.String getMaxLabel()'>
        <annotation name='com.intellij.inspections.tainted.annotation.equation.Equations'>
            <val val="{ &quot;getMaxLabel := FloatControl&quot; }"/>
        </annotation>
    </item>
    <item name='javax.sound.sampled.FloatControl java.lang.String getMidLabel()'>
        <annotation name='com.intellij.inspections.tainted.annotation.equation.Equations'>
            <val val="{ &quot;getMidLabel := FloatControl&quot; }"/>
        </annotation>
    </item>
    <item name='javax.sound.sampled.FloatControl java.lang.String getMinLabel()'>
        <annotation name='com.intellij.inspections.tainted.annotation.equation.Equations'>
            <val val="{ &quot;getMinLabel := FloatControl&quot; }"/>
        </annotation>
    </item>
    <item name='javax.sound.sampled.FloatControl java.lang.String getUnits()'>
        <annotation name='com.intellij.inspections.tainted.annotation.equation.Equations'>
            <val val="{ &quot;getUnits := FloatControl&quot; }"/>
        </annotation>
    </item>
    <item name='javax.sound.sampled.FloatControl void setValue(float)'>
        <annotation name='com.intellij.inspections.tainted.annotation.equation.Equations'>
            <val val="{ &quot;newValue := #shift(float, float, int)#1&quot; }"/>
        </annotation>
    </item>
    <item name='javax.sound.sampled.FloatControl.Type Type(java.lang.String)'>
        <annotation name='com.intellij.inspections.tainted.annotation.equation.Equations'>
            <val val="{ &quot;Type := FloatControl.Type&quot; }"/>
        </annotation>
    </item>
    <item name='javax.sound.sampled.Line void addLineListener(javax.sound.sampled.LineListener)'>
        <annotation name='com.intellij.inspections.tainted.annotation.equation.Equations'>
            <val val="{ &quot;listener := javax.swing.plaf.basic.BasicLookAndFeel.AudioAction&quot; }"/>
        </annotation>
    </item>
    <item name='javax.sound.sampled.Line.Info boolean matches(javax.sound.sampled.Line.Info)'>
        <annotation name='com.intellij.inspections.tainted.annotation.equation.Equations'>
            <val val="{ &quot;info := DataLine.Info#matches(javax.sound.sampled.Line.Info)#0 &amp; Port.Info#matches(javax.sound.sampled.Line.Info)#0&quot; }"/>
        </annotation>
    </item>
    <item name='javax.sound.sampled.Line.Info java.lang.String toString()'>
        <annotation name='com.intellij.inspections.tainted.annotation.equation.Equations'>
            <val val="{ &quot;toString := Port.Info#toString() &amp; DataLine.Info#toString()&quot; }"/>
        </annotation>
    </item>
    <item name='javax.sound.sampled.LineEvent LineEvent(javax.sound.sampled.Line, javax.sound.sampled.LineEvent.Type, long)'>
        <annotation name='com.intellij.inspections.tainted.annotation.equation.Equations'>
            <val val="{ &quot;LineEvent := LineEvent&quot; }"/>
        </annotation>
    </item>
    <item name='javax.sound.sampled.LineEvent javax.sound.sampled.LineEvent.Type getType()'>
        <annotation name='com.intellij.inspections.tainted.annotation.equation.Equations'>
            <val val="{ &quot;getType := LineEvent&quot; }"/>
        </annotation>
    </item>
    <item name='javax.sound.sampled.LineEvent long getFramePosition()'>
        <annotation name='com.intellij.inspections.tainted.annotation.equation.Equations'>
            <val val="{ &quot;getFramePosition := LineEvent&quot; }"/>
        </annotation>
    </item>
    <item name='javax.sound.sampled.LineEvent.Type Type(java.lang.String)'>
        <annotation name='com.intellij.inspections.tainted.annotation.equation.Equations'>
            <val val="{ &quot;Type := LineEvent.Type&quot; }"/>
        </annotation>
    </item>
    <item name='javax.sound.sampled.LineEvent.Type java.lang.String toString()'>
        <annotation name='com.intellij.inspections.tainted.annotation.equation.Equations'>
            <val val="{ &quot;toString := LineEvent.Type&quot; }"/>
        </annotation>
    </item>
    <item name='javax.sound.sampled.LineListener void update(javax.sound.sampled.LineEvent)'>
        <annotation name='com.intellij.inspections.tainted.annotation.equation.Equations'>
            <val val="{ &quot;event := javax.swing.plaf.basic.BasicLookAndFeel.AudioAction#update(javax.sound.sampled.LineEvent)#0 &amp; com.sun.media.sound.JavaSoundAudioClip#update(javax.sound.sampled.LineEvent)#0&quot; }"/>
        </annotation>
    </item>
    <item name='javax.sound.sampled.LineUnavailableException LineUnavailableException(java.lang.String)'>
        <annotation name='com.intellij.inspections.tainted.annotation.equation.Equations'>
            <val val="{ &quot;LineUnavailableException := LineUnavailableException&quot; }"/>
        </annotation>
    </item>
    <item name='javax.sound.sampled.Mixer boolean isLineSupported(javax.sound.sampled.Line.Info)'>
        <annotation name='com.intellij.inspections.tainted.annotation.equation.Equations'>
            <val val="{ &quot;info := AudioSystem#isLineSupported(javax.sound.sampled.Line.Info)#0 &amp; AudioSystem#getLine(javax.sound.sampled.Line.Info)#0&quot; }"/>
        </annotation>
    </item>
    <item name='javax.sound.sampled.Mixer.Info Info(java.lang.String, java.lang.String, java.lang.String, java.lang.String)'>
        <annotation name='com.intellij.inspections.tainted.annotation.equation.Equations'>
            <val val="{ &quot;Info := Mixer.Info&quot; }"/>
        </annotation>
    </item>
    <item name='javax.sound.sampled.Mixer.Info java.lang.String getDescription()'>
        <annotation name='com.intellij.inspections.tainted.annotation.equation.Equations'>
            <val val="{ &quot;getDescription := Mixer.Info&quot; }"/>
        </annotation>
    </item>
    <item name='javax.sound.sampled.Mixer.Info java.lang.String getName()'>
        <annotation name='com.intellij.inspections.tainted.annotation.equation.Equations'>
            <val val="{ &quot;getName := Mixer.Info&quot; }"/>
        </annotation>
    </item>
    <item name='javax.sound.sampled.Mixer.Info java.lang.String getVendor()'>
        <annotation name='com.intellij.inspections.tainted.annotation.equation.Equations'>
            <val val="{ &quot;getVendor := Mixer.Info&quot; }"/>
        </annotation>
    </item>
    <item name='javax.sound.sampled.Mixer.Info java.lang.String getVersion()'>
        <annotation name='com.intellij.inspections.tainted.annotation.equation.Equations'>
            <val val="{ &quot;getVersion := Mixer.Info&quot; }"/>
        </annotation>
    </item>
    <item name='javax.sound.sampled.Mixer.Info java.lang.String toString()'>
        <annotation name='com.intellij.inspections.tainted.annotation.equation.Equations'>
            <val val="{ &quot;toString := Mixer.Info&quot; }"/>
        </annotation>
    </item>
    <item name='javax.sound.sampled.Port.Info Info(java.lang.Class&lt;?&gt;, java.lang.String, boolean)'>
        <annotation name='com.intellij.inspections.tainted.annotation.equation.Equations'>
            <val val="{ &quot;Info := Port.Info&quot; }"/>
        </annotation>
    </item>
    <item name='javax.sound.sampled.Port.Info java.lang.String getName()'>
        <annotation name='com.intellij.inspections.tainted.annotation.equation.Equations'>
            <val val="{ &quot;getName := Port.Info&quot; }"/>
        </annotation>
    </item>
    <item name='javax.sound.sampled.Port.Info java.lang.String toString()'>
        <annotation name='com.intellij.inspections.tainted.annotation.equation.Equations'>
            <val val="{ &quot;toString := Port.Info&quot; }"/>
        </annotation>
    </item>
    <item name='javax.sound.sampled.ReverbType ReverbType(java.lang.String, int, float, int, float, int)'>
        <annotation name='com.intellij.inspections.tainted.annotation.equation.Equations'>
            <val val="{ &quot;ReverbType := ReverbType&quot; }"/>
        </annotation>
    </item>
    <item name='javax.sound.sampled.ReverbType float getEarlyReflectionIntensity()'>
        <annotation name='com.intellij.inspections.tainted.annotation.equation.Equations'>
            <val val="{ &quot;getEarlyReflectionIntensity := ReverbType&quot; }"/>
        </annotation>
    </item>
    <item name='javax.sound.sampled.ReverbType float getLateReflectionIntensity()'>
        <annotation name='com.intellij.inspections.tainted.annotation.equation.Equations'>
            <val val="{ &quot;getLateReflectionIntensity := ReverbType&quot; }"/>
        </annotation>
    </item>
    <item name='javax.sound.sampled.ReverbType int getDecayTime()'>
        <annotation name='com.intellij.inspections.tainted.annotation.equation.Equations'>
            <val val="{ &quot;getDecayTime := ReverbType&quot; }"/>
        </annotation>
    </item>
    <item name='javax.sound.sampled.ReverbType int getEarlyReflectionDelay()'>
        <annotation name='com.intellij.inspections.tainted.annotation.equation.Equations'>
            <val val="{ &quot;getEarlyReflectionDelay := ReverbType&quot; }"/>
        </annotation>
    </item>
    <item name='javax.sound.sampled.ReverbType int getLateReflectionDelay()'>
        <annotation name='com.intellij.inspections.tainted.annotation.equation.Equations'>
            <val val="{ &quot;getLateReflectionDelay := ReverbType&quot; }"/>
        </annotation>
    </item>
    <item name='javax.sound.sampled.ReverbType java.lang.String getName()'>
        <annotation name='com.intellij.inspections.tainted.annotation.equation.Equations'>
            <val val="{ &quot;getName := ReverbType&quot; }"/>
        </annotation>
    </item>
    <item name='javax.sound.sampled.ReverbType java.lang.String toString()'>
        <annotation name='com.intellij.inspections.tainted.annotation.equation.Equations'>
            <val val="{ &quot;toString := ReverbType&quot; }"/>
        </annotation>
    </item>
    <item name='javax.sound.sampled.SourceDataLine int write(byte[], int, int)'>
        <annotation name='com.intellij.inspections.tainted.annotation.equation.Equations'>
            <val val="{ &quot;len := com.sun.media.sound.DataPusher&quot;, &quot;b := com.sun.media.sound.DataPusher&quot;, &quot;off := com.sun.media.sound.DataPusher&quot; }"/>
        </annotation>
    </item>
    <item name='javax.sound.sampled.SourceDataLine void open(javax.sound.sampled.AudioFormat)'>
        <annotation name='com.intellij.inspections.tainted.annotation.equation.Equations'>
            <val val="{ &quot;format := com.sun.media.sound.DataPusher&quot; }"/>
        </annotation>
    </item>
    <item name='javax.sound.sampled.UnsupportedAudioFileException UnsupportedAudioFileException(java.lang.String)'>
        <annotation name='com.intellij.inspections.tainted.annotation.equation.Equations'>
            <val val="{ &quot;UnsupportedAudioFileException := UnsupportedAudioFileException&quot; }"/>
        </annotation>
    </item>
</root>