<root>
    <item name='com.sun.corba.se.impl.naming.pcosnaming.CounterDB'>
        <annotation name='com.intellij.inspections.tainted.annotation.equation.Equations'>
            <val val="{ &quot;CounterDB := &quot; }"/>
        </annotation>
    </item>
    <item name='com.sun.corba.se.impl.naming.pcosnaming.CounterDB CounterDB(java.io.File)'>
        <annotation name='com.intellij.inspections.tainted.annotation.equation.Equations'>
            <val val="{ &quot;logDir := ServantManagerImpl#ServantManagerImpl(com.sun.corba.se.spi.orb.ORB, java.io.File, com.sun.corba.se.impl.naming.pcosnaming.NameService)#1&quot;, &quot;CounterDB := CounterDB&quot; }"/>
        </annotation>
    </item>
    <item name='com.sun.corba.se.impl.naming.pcosnaming.InternalBindingKey InternalBindingKey()'>
        <annotation name='com.intellij.inspections.tainted.annotation.equation.Equations'>
            <val val="{ &quot;InternalBindingKey := InternalBindingKey&quot; }"/>
        </annotation>
    </item>
    <item name='com.sun.corba.se.impl.naming.pcosnaming.InternalBindingKey InternalBindingKey(org.omg.CosNaming.NameComponent)'>
        <annotation name='com.intellij.inspections.tainted.annotation.equation.Equations'>
            <val val="{ &quot;InternalBindingKey := InternalBindingKey&quot;, &quot;n := NamingContextImpl#Bind(org.omg.CosNaming.NameComponent, org.omg.CORBA.Object, org.omg.CosNaming.BindingType)#0 &amp; NamingContextImpl#Resolve(org.omg.CosNaming.NameComponent, org.omg.CosNaming.BindingTypeHolder)#0 &amp; NamingContextImpl#Unbind(org.omg.CosNaming.NameComponent)#0&quot; }"/>
        </annotation>
    </item>
    <item name='com.sun.corba.se.impl.naming.pcosnaming.InternalBindingKey void setup(org.omg.CosNaming.NameComponent)'>
        <annotation name='com.intellij.inspections.tainted.annotation.equation.Equations'>
            <val val="{ &quot;n := #InternalBindingKey(org.omg.CosNaming.NameComponent)#0&quot; }"/>
        </annotation>
    </item>
    <item name='com.sun.corba.se.impl.naming.pcosnaming.InternalBindingValue InternalBindingValue(org.omg.CosNaming.BindingType, java.lang.String)'>
        <annotation name='com.intellij.inspections.tainted.annotation.equation.Equations'>
            <val val="{ &quot;InternalBindingValue := InternalBindingValue&quot;, &quot;o := &quot;, &quot;b := NamingContextImpl#Bind(org.omg.CosNaming.NameComponent, org.omg.CORBA.Object, org.omg.CosNaming.BindingType)#2&quot; }"/>
        </annotation>
    </item>
    <item name='com.sun.corba.se.impl.naming.pcosnaming.InternalBindingValue void setObjectRef(org.omg.CORBA.Object)'>
        <annotation name='com.intellij.inspections.tainted.annotation.equation.Equations'>
            <val val="{ &quot;ObjectRef := NamingContextImpl#Bind(org.omg.CosNaming.NameComponent, org.omg.CORBA.Object, org.omg.CosNaming.BindingType)#1&quot; }"/>
        </annotation>
    </item>
    <item name='com.sun.corba.se.impl.naming.pcosnaming.NameServer NameServer(java.lang.String[])'>
        <annotation name='com.intellij.inspections.tainted.annotation.equation.Equations'>
            <val val="{ &quot;NameServer := NameServer&quot;, &quot;args := #main(java.lang.String[])#0&quot; }"/>
        </annotation>
    </item>
    <item name='com.sun.corba.se.impl.naming.pcosnaming.NameService NameService(com.sun.corba.se.spi.orb.ORB, java.io.File)'>
        <annotation name='com.intellij.inspections.tainted.annotation.equation.Equations'>
            <val val="{ &quot;logDir := NameServer &amp; com.sun.corba.se.impl.activation.NameServiceStartThread&quot;, &quot;NameService := NameService&quot;, &quot;orb := NameServer &amp; com.sun.corba.se.impl.activation.NameServiceStartThread&quot; }"/>
        </annotation>
    </item>
    <item name='com.sun.corba.se.impl.naming.pcosnaming.NameService java.lang.String getObjectKey(org.omg.CORBA.Object)'>
        <annotation name='com.intellij.inspections.tainted.annotation.equation.Equations'>
            <val val="{ &quot;reference := NamingContextImpl#Bind(org.omg.CosNaming.NameComponent, org.omg.CORBA.Object, org.omg.CosNaming.BindingType)#1&quot; }"/>
        </annotation>
    </item>
    <item name='com.sun.corba.se.impl.naming.pcosnaming.NameService org.omg.CORBA.Object getObjectReferenceFromKey(java.lang.String)'>
        <annotation name='com.intellij.inspections.tainted.annotation.equation.Equations'>
            <val val="{ &quot;key := NamingContextImpl&quot; }"/>
        </annotation>
    </item>
    <item name='com.sun.corba.se.impl.naming.pcosnaming.NameService org.omg.CosNaming.NamingContext initialNamingContext()'>
        <annotation name='com.intellij.inspections.tainted.annotation.equation.Equations'>
            <val val="{ &quot;initialNamingContext := NameService&quot; }"/>
        </annotation>
    </item>
    <item name='com.sun.corba.se.impl.naming.pcosnaming.NameService org.omg.PortableServer.POA getNSPOA()'>
        <annotation name='com.intellij.inspections.tainted.annotation.equation.Equations'>
            <val val="{ &quot;getNSPOA := NameService&quot; }"/>
        </annotation>
    </item>
    <item name='com.sun.corba.se.impl.naming.pcosnaming.NamingContextImpl'>
        <annotation name='com.intellij.inspections.tainted.annotation.equation.Equations'>
            <val val="{ &quot;NamingContextImpl := &quot; }"/>
        </annotation>
    </item>
    <item name='com.sun.corba.se.impl.naming.pcosnaming.NamingContextImpl NamingContextImpl(com.sun.corba.se.spi.orb.ORB, java.lang.String, com.sun.corba.se.impl.naming.pcosnaming.NameService, com.sun.corba.se.impl.naming.pcosnaming.ServantManagerImpl)'>
        <annotation name='com.intellij.inspections.tainted.annotation.equation.Equations'>
            <val val="{ &quot;theNameService := NameService&quot;, &quot;theServantManagerImpl := NameService&quot;, &quot;orb := NameService#NameService(com.sun.corba.se.spi.orb.ORB, java.io.File)#0 &amp; NameService&quot;, &quot;NamingContextImpl := NamingContextImpl&quot; }"/>
        </annotation>
    </item>
    <item name='com.sun.corba.se.impl.naming.pcosnaming.NamingContextImpl com.sun.corba.se.impl.naming.cosnaming.InterOperableNamingImpl getINSImpl()'>
        <annotation name='com.intellij.inspections.tainted.annotation.equation.Equations'>
            <val val="{ &quot;getINSImpl := NamingContextImpl&quot; }"/>
        </annotation>
    </item>
    <item name='com.sun.corba.se.impl.naming.pcosnaming.NamingContextImpl java.lang.String nameToString(org.omg.CosNaming.NameComponent[])'>
        <annotation name='com.intellij.inspections.tainted.annotation.equation.Equations'>
            <val val="{ &quot;name := #bind(org.omg.CosNaming.NameComponent[], org.omg.CORBA.Object)#0 &amp; #rebind(org.omg.CosNaming.NameComponent[], org.omg.CORBA.Object)#0 &amp; #rebind_context(org.omg.CosNaming.NameComponent[], org.omg.CosNaming.NamingContext)#0 &amp; #unbind(org.omg.CosNaming.NameComponent[])#0 &amp; #resolve(org.omg.CosNaming.NameComponent[])#0 &amp; #bind_new_context(org.omg.CosNaming.NameComponent[])#0&quot; }"/>
        </annotation>
    </item>
    <item name='com.sun.corba.se.impl.naming.pcosnaming.NamingContextImpl org.omg.CORBA.Object doResolve(com.sun.corba.se.impl.naming.cosnaming.NamingContextDataStore, org.omg.CosNaming.NameComponent[])'>
        <annotation name='com.intellij.inspections.tainted.annotation.equation.Equations'>
            <val val="{ &quot;impl := NamingContextImpl&quot;, &quot;n := #resolve(org.omg.CosNaming.NameComponent[])#0&quot; }"/>
        </annotation>
    </item>
    <item name='com.sun.corba.se.impl.naming.pcosnaming.NamingContextImpl org.omg.CosNaming.NamingContext resolveFirstAsContext(com.sun.corba.se.impl.naming.cosnaming.NamingContextDataStore, org.omg.CosNaming.NameComponent[])'>
        <annotation name='com.intellij.inspections.tainted.annotation.equation.Equations'>
            <val val="{ &quot;impl := #doBind(com.sun.corba.se.impl.naming.cosnaming.NamingContextDataStore, org.omg.CosNaming.NameComponent[], org.omg.CORBA.Object, boolean, org.omg.CosNaming.BindingType)#0 &amp; #doResolve(com.sun.corba.se.impl.naming.cosnaming.NamingContextDataStore, org.omg.CosNaming.NameComponent[])#0 &amp; #doUnbind(com.sun.corba.se.impl.naming.cosnaming.NamingContextDataStore, org.omg.CosNaming.NameComponent[])#0&quot;, &quot;n := #doBind(com.sun.corba.se.impl.naming.cosnaming.NamingContextDataStore, org.omg.CosNaming.NameComponent[], org.omg.CORBA.Object, boolean, org.omg.CosNaming.BindingType)#1 &amp; #doResolve(com.sun.corba.se.impl.naming.cosnaming.NamingContextDataStore, org.omg.CosNaming.NameComponent[])#1 &amp; #doUnbind(com.sun.corba.se.impl.naming.cosnaming.NamingContextDataStore, org.omg.CosNaming.NameComponent[])#1&quot; }"/>
        </annotation>
    </item>
    <item name='com.sun.corba.se.impl.naming.pcosnaming.NamingContextImpl void bind_context(org.omg.CosNaming.NameComponent[], org.omg.CosNaming.NamingContext)'>
        <annotation name='com.intellij.inspections.tainted.annotation.equation.Equations'>
            <val val="{ &quot;n := #bind_new_context(org.omg.CosNaming.NameComponent[])#0&quot; }"/>
        </annotation>
    </item>
    <item name='com.sun.corba.se.impl.naming.pcosnaming.NamingContextImpl void doBind(com.sun.corba.se.impl.naming.cosnaming.NamingContextDataStore, org.omg.CosNaming.NameComponent[], org.omg.CORBA.Object, boolean, org.omg.CosNaming.BindingType)'>
        <annotation name='com.intellij.inspections.tainted.annotation.equation.Equations'>
            <val val="{ &quot;n := #bind(org.omg.CosNaming.NameComponent[], org.omg.CORBA.Object)#0 &amp; #rebind(org.omg.CosNaming.NameComponent[], org.omg.CORBA.Object)#0 &amp; #rebind_context(org.omg.CosNaming.NameComponent[], org.omg.CosNaming.NamingContext)#0 &amp; #bind_context(org.omg.CosNaming.NameComponent[], org.omg.CosNaming.NamingContext)#0&quot;, &quot;obj := #bind(org.omg.CosNaming.NameComponent[], org.omg.CORBA.Object)#1 &amp; #rebind(org.omg.CosNaming.NameComponent[], org.omg.CORBA.Object)#1 &amp; #rebind_context(org.omg.CosNaming.NameComponent[], org.omg.CosNaming.NamingContext)#1 &amp; #bind_context(org.omg.CosNaming.NameComponent[], org.omg.CosNaming.NamingContext)#1&quot;, &quot;impl := NamingContextImpl&quot;, &quot;bt := org.omg.CosNaming.BindingType#nobject &amp; org.omg.CosNaming.BindingType#ncontext&quot; }"/>
        </annotation>
    </item>
    <item name='com.sun.corba.se.impl.naming.pcosnaming.NamingContextImpl void doUnbind(com.sun.corba.se.impl.naming.cosnaming.NamingContextDataStore, org.omg.CosNaming.NameComponent[])'>
        <annotation name='com.intellij.inspections.tainted.annotation.equation.Equations'>
            <val val="{ &quot;impl := NamingContextImpl&quot;, &quot;n := #unbind(org.omg.CosNaming.NameComponent[])#0&quot; }"/>
        </annotation>
    </item>
    <item name='com.sun.corba.se.impl.naming.pcosnaming.NamingContextImpl void dprint(java.lang.String)'>
        <annotation name='com.intellij.inspections.tainted.annotation.equation.Equations'>
            <val val="{ &quot;msg := #bind(org.omg.CosNaming.NameComponent[], org.omg.CORBA.Object)#1 &amp; #rebind(org.omg.CosNaming.NameComponent[], org.omg.CORBA.Object)#1 &amp; #rebind_context(org.omg.CosNaming.NameComponent[], org.omg.CosNaming.NamingContext)#1 &amp; #list(int, org.omg.CosNaming.BindingListHolder, org.omg.CosNaming.BindingIteratorHolder)#0&quot; }"/>
        </annotation>
    </item>
    <item name='com.sun.corba.se.impl.naming.pcosnaming.NamingContextImpl void setORB(com.sun.corba.se.spi.orb.ORB)'>
        <annotation name='com.intellij.inspections.tainted.annotation.equation.Equations'>
            <val val="{ &quot;theOrb := NameService#NameService(com.sun.corba.se.spi.orb.ORB, java.io.File)#0 &amp; ServantManagerImpl &amp; NameService&quot; }"/>
        </annotation>
    </item>
    <item name='com.sun.corba.se.impl.naming.pcosnaming.NamingContextImpl void setRootNameService(com.sun.corba.se.impl.naming.pcosnaming.NameService)'>
        <annotation name='com.intellij.inspections.tainted.annotation.equation.Equations'>
            <val val="{ &quot;theNameService := NameService &amp; ServantManagerImpl&quot; }"/>
        </annotation>
    </item>
    <item name='com.sun.corba.se.impl.naming.pcosnaming.NamingContextImpl void setServantManagerImpl(com.sun.corba.se.impl.naming.pcosnaming.ServantManagerImpl)'>
        <annotation name='com.intellij.inspections.tainted.annotation.equation.Equations'>
            <val val="{ &quot;theServantManagerImpl := NameService &amp; ServantManagerImpl&quot; }"/>
        </annotation>
    </item>
    <item name='com.sun.corba.se.impl.naming.pcosnaming.PersistentBindingIterator PersistentBindingIterator(org.omg.CORBA.ORB, java.util.Hashtable, org.omg.PortableServer.POA)'>
        <annotation name='com.intellij.inspections.tainted.annotation.equation.Equations'>
            <val val="{ &quot;PersistentBindingIterator := PersistentBindingIterator&quot;, &quot;thePOA := NamingContextImpl&quot;, &quot;orb := NamingContextImpl&quot;, &quot;aTable := &quot; }"/>
        </annotation>
    </item>
    <item name='com.sun.corba.se.impl.naming.pcosnaming.PersistentBindingIterator int RemainingElements()'>
        <annotation name='com.intellij.inspections.tainted.annotation.equation.Equations'>
            <val val="{ &quot;RemainingElements := PersistentBindingIterator&quot; }"/>
        </annotation>
    </item>
    <item name='com.sun.corba.se.impl.naming.pcosnaming.ServantManagerImpl ServantManagerImpl(com.sun.corba.se.spi.orb.ORB, java.io.File, com.sun.corba.se.impl.naming.pcosnaming.NameService)'>
        <annotation name='com.intellij.inspections.tainted.annotation.equation.Equations'>
            <val val="{ &quot;logDir := NameService#NameService(com.sun.corba.se.spi.orb.ORB, java.io.File)#1&quot;, &quot;aNameService := NameService&quot;, &quot;ServantManagerImpl := ServantManagerImpl&quot;, &quot;orb := NameService#NameService(com.sun.corba.se.spi.orb.ORB, java.io.File)#0&quot; }"/>
        </annotation>
    </item>
    <item name='com.sun.corba.se.impl.naming.pcosnaming.ServantManagerImpl com.sun.corba.se.impl.naming.pcosnaming.NamingContextImpl addContext(java.lang.String, com.sun.corba.se.impl.naming.pcosnaming.NamingContextImpl)'>
        <annotation name='com.intellij.inspections.tainted.annotation.equation.Equations'>
            <val val="{ &quot;addContext := context&quot; }"/>
        </annotation>
    </item>
    <item name='com.sun.corba.se.impl.naming.pcosnaming.ServantManagerImpl com.sun.corba.se.impl.naming.pcosnaming.NamingContextImpl readInContext(java.lang.String)'>
        <annotation name='com.intellij.inspections.tainted.annotation.equation.Equations'>
            <val val="{ &quot;objKey := #addContext(java.lang.String, com.sun.corba.se.impl.naming.pcosnaming.NamingContextImpl)#0&quot; }"/>
        </annotation>
    </item>
    <item name='com.sun.corba.se.impl.naming.pcosnaming.ServantManagerImpl java.lang.String getNewObjectKey()'>
        <annotation name='com.intellij.inspections.tainted.annotation.equation.Equations'>
            <val val="{ &quot;getNewObjectKey := #objKeyPrefix&quot; }"/>
        </annotation>
    </item>
    <item name='com.sun.corba.se.impl.naming.pcosnaming.ServantManagerImpl java.lang.String getRootObjectKey()'>
        <annotation name='com.intellij.inspections.tainted.annotation.equation.Equations'>
            <val val="{ &quot;getRootObjectKey := #objKeyPrefix &amp; CounterDB#rootCounter&quot; }"/>
        </annotation>
    </item>
    <item name='com.sun.corba.se.impl.naming.pcosnaming.ServantManagerImpl void updateContext(java.lang.String, com.sun.corba.se.impl.naming.pcosnaming.NamingContextImpl)'>
        <annotation name='com.intellij.inspections.tainted.annotation.equation.Equations'>
            <val val="{ &quot;objKey := NamingContextImpl&quot;, &quot;context := NamingContextImpl&quot; }"/>
        </annotation>
    </item>
</root>