<root>
    <item name='sun.swing.AccumulativeRunnable void run(java.util.List&lt;T&gt;)'>
        <annotation name='com.intellij.inspections.tainted.annotation.equation.Equations'>
            <val val="{ &quot;list := javax.swing.SwingWorker.DoSubmitAccumulativeRunnable#run(java.util.List)#0&quot; }"/>
        </annotation>
    </item>
    <item name='sun.swing.CachedPainter java.awt.Image createImage(java.awt.Component, int, int, java.awt.GraphicsConfiguration, java.lang.Object[])'>
        <annotation name='com.intellij.inspections.tainted.annotation.equation.Equations'>
            <val val="{ &quot;objects := javax.swing.plaf.metal.MetalIconFactory.OceanVerticalSliderThumbIcon#createImage(java.awt.Component, int, int, java.awt.GraphicsConfiguration, java.lang.Object[])#4 &amp; javax.swing.plaf.metal.MetalIconFactory.OceanHorizontalSliderThumbIcon#createImage(java.awt.Component, int, int, java.awt.GraphicsConfiguration, java.lang.Object[])#4 &amp; com.sun.java.swing.plaf.windows.XPStyle.SkinPainter#createImage(java.awt.Component, int, int, java.awt.GraphicsConfiguration, java.lang.Object[])#4 &amp; sun.swing.plaf.synth.Paint9Painter#createImage(java.awt.Component, int, int, java.awt.GraphicsConfiguration, java.lang.Object[])#4&quot;, &quot;createImage := javax.swing.plaf.metal.MetalIconFactory.OceanVerticalSliderThumbIcon#createImage(java.awt.Component, int, int, java.awt.GraphicsConfiguration, java.lang.Object[]) &amp; javax.swing.plaf.metal.MetalIconFactory.OceanHorizontalSliderThumbIcon#createImage(java.awt.Component, int, int, java.awt.GraphicsConfiguration, java.lang.Object[]) &amp; com.sun.java.swing.plaf.windows.XPStyle.SkinPainter#createImage(java.awt.Component, int, int, java.awt.GraphicsConfiguration, java.lang.Object[]) &amp; sun.swing.plaf.synth.Paint9Painter#createImage(java.awt.Component, int, int, java.awt.GraphicsConfiguration, java.lang.Object[])&quot;, &quot;i := javax.swing.plaf.metal.MetalIconFactory.OceanVerticalSliderThumbIcon#createImage(java.awt.Component, int, int, java.awt.GraphicsConfiguration, java.lang.Object[])#1 &amp; javax.swing.plaf.metal.MetalIconFactory.OceanHorizontalSliderThumbIcon#createImage(java.awt.Component, int, int, java.awt.GraphicsConfiguration, java.lang.Object[])#1 &amp; com.sun.java.swing.plaf.windows.XPStyle.SkinPainter#createImage(java.awt.Component, int, int, java.awt.GraphicsConfiguration, java.lang.Object[])#1 &amp; sun.swing.plaf.synth.Paint9Painter#createImage(java.awt.Component, int, int, java.awt.GraphicsConfiguration, java.lang.Object[])#1&quot;, &quot;i1 := javax.swing.plaf.metal.MetalIconFactory.OceanVerticalSliderThumbIcon#createImage(java.awt.Component, int, int, java.awt.GraphicsConfiguration, java.lang.Object[])#2 &amp; javax.swing.plaf.metal.MetalIconFactory.OceanHorizontalSliderThumbIcon#createImage(java.awt.Component, int, int, java.awt.GraphicsConfiguration, java.lang.Object[])#2 &amp; com.sun.java.swing.plaf.windows.XPStyle.SkinPainter#createImage(java.awt.Component, int, int, java.awt.GraphicsConfiguration, java.lang.Object[])#2 &amp; sun.swing.plaf.synth.Paint9Painter#createImage(java.awt.Component, int, int, java.awt.GraphicsConfiguration, java.lang.Object[])#2&quot;, &quot;component := javax.swing.plaf.metal.MetalIconFactory.OceanVerticalSliderThumbIcon#createImage(java.awt.Component, int, int, java.awt.GraphicsConfiguration, java.lang.Object[])#0 &amp; javax.swing.plaf.metal.MetalIconFactory.OceanHorizontalSliderThumbIcon#createImage(java.awt.Component, int, int, java.awt.GraphicsConfiguration, java.lang.Object[])#0 &amp; com.sun.java.swing.plaf.windows.XPStyle.SkinPainter#createImage(java.awt.Component, int, int, java.awt.GraphicsConfiguration, java.lang.Object[])#0 &amp; sun.swing.plaf.synth.Paint9Painter#createImage(java.awt.Component, int, int, java.awt.GraphicsConfiguration, java.lang.Object[])#0&quot;, &quot;graphicsConfiguration := javax.swing.plaf.metal.MetalIconFactory.OceanVerticalSliderThumbIcon#createImage(java.awt.Component, int, int, java.awt.GraphicsConfiguration, java.lang.Object[])#3 &amp; javax.swing.plaf.metal.MetalIconFactory.OceanHorizontalSliderThumbIcon#createImage(java.awt.Component, int, int, java.awt.GraphicsConfiguration, java.lang.Object[])#3 &amp; com.sun.java.swing.plaf.windows.XPStyle.SkinPainter#createImage(java.awt.Component, int, int, java.awt.GraphicsConfiguration, java.lang.Object[])#3 &amp; sun.swing.plaf.synth.Paint9Painter#createImage(java.awt.Component, int, int, java.awt.GraphicsConfiguration, java.lang.Object[])#3&quot; }"/>
        </annotation>
    </item>
    <item name='sun.swing.CachedPainter void paintImage(java.awt.Component, java.awt.Graphics, int, int, int, int, java.awt.Image, java.lang.Object[])'>
        <annotation name='com.intellij.inspections.tainted.annotation.equation.Equations'>
            <val val="{ &quot;objects := javax.swing.plaf.metal.MetalUtils.GradientPainter#paintImage(java.awt.Component, java.awt.Graphics, int, int, int, int, java.awt.Image, java.lang.Object[])#7&quot;, &quot;i1 := javax.swing.plaf.metal.MetalUtils.GradientPainter#paintImage(java.awt.Component, java.awt.Graphics, int, int, int, int, java.awt.Image, java.lang.Object[])#3&quot;, &quot;image := javax.swing.plaf.metal.MetalUtils.GradientPainter#paintImage(java.awt.Component, java.awt.Graphics, int, int, int, int, java.awt.Image, java.lang.Object[])#6&quot;, &quot;component := javax.swing.plaf.metal.MetalUtils.GradientPainter#paintImage(java.awt.Component, java.awt.Graphics, int, int, int, int, java.awt.Image, java.lang.Object[])#0&quot;, &quot;graphics := javax.swing.plaf.metal.MetalUtils.GradientPainter#paintImage(java.awt.Component, java.awt.Graphics, int, int, int, int, java.awt.Image, java.lang.Object[])#1&quot;, &quot;i3 := javax.swing.plaf.metal.MetalUtils.GradientPainter#paintImage(java.awt.Component, java.awt.Graphics, int, int, int, int, java.awt.Image, java.lang.Object[])#5&quot;, &quot;i := javax.swing.plaf.metal.MetalUtils.GradientPainter#paintImage(java.awt.Component, java.awt.Graphics, int, int, int, int, java.awt.Image, java.lang.Object[])#2&quot;, &quot;i2 := javax.swing.plaf.metal.MetalUtils.GradientPainter#paintImage(java.awt.Component, java.awt.Graphics, int, int, int, int, java.awt.Image, java.lang.Object[])#4&quot; }"/>
        </annotation>
    </item>
    <item name='sun.swing.CachedPainter void paintToImage(java.awt.Component, java.awt.Image, java.awt.Graphics, int, int, java.lang.Object[])'>
        <annotation name='com.intellij.inspections.tainted.annotation.equation.Equations'>
            <val val="{ &quot;component := javax.swing.plaf.metal.MetalUtils.GradientPainter#paintToImage(java.awt.Component, java.awt.Image, java.awt.Graphics, int, int, java.lang.Object[])#0 &amp; javax.swing.plaf.metal.MetalIconFactory.OceanVerticalSliderThumbIcon#paintToImage(java.awt.Component, java.awt.Image, java.awt.Graphics, int, int, java.lang.Object[])#0 &amp; javax.swing.plaf.metal.MetalIconFactory.OceanHorizontalSliderThumbIcon#paintToImage(java.awt.Component, java.awt.Image, java.awt.Graphics, int, int, java.lang.Object[])#0 &amp; com.sun.java.swing.plaf.windows.XPStyle.SkinPainter#paintToImage(java.awt.Component, java.awt.Image, java.awt.Graphics, int, int, java.lang.Object[])#0 &amp; sun.swing.plaf.synth.Paint9Painter#paintToImage(java.awt.Component, java.awt.Image, java.awt.Graphics, int, int, java.lang.Object[])#0&quot;, &quot;i1 := javax.swing.plaf.metal.MetalUtils.GradientPainter#paintToImage(java.awt.Component, java.awt.Image, java.awt.Graphics, int, int, java.lang.Object[])#4 &amp; javax.swing.plaf.metal.MetalIconFactory.OceanVerticalSliderThumbIcon#paintToImage(java.awt.Component, java.awt.Image, java.awt.Graphics, int, int, java.lang.Object[])#4 &amp; javax.swing.plaf.metal.MetalIconFactory.OceanHorizontalSliderThumbIcon#paintToImage(java.awt.Component, java.awt.Image, java.awt.Graphics, int, int, java.lang.Object[])#4 &amp; com.sun.java.swing.plaf.windows.XPStyle.SkinPainter#paintToImage(java.awt.Component, java.awt.Image, java.awt.Graphics, int, int, java.lang.Object[])#4 &amp; sun.swing.plaf.synth.Paint9Painter#paintToImage(java.awt.Component, java.awt.Image, java.awt.Graphics, int, int, java.lang.Object[])#4&quot;, &quot;objects := javax.swing.plaf.metal.MetalUtils.GradientPainter#paintToImage(java.awt.Component, java.awt.Image, java.awt.Graphics, int, int, java.lang.Object[])#5 &amp; javax.swing.plaf.metal.MetalIconFactory.OceanVerticalSliderThumbIcon#paintToImage(java.awt.Component, java.awt.Image, java.awt.Graphics, int, int, java.lang.Object[])#5 &amp; javax.swing.plaf.metal.MetalIconFactory.OceanHorizontalSliderThumbIcon#paintToImage(java.awt.Component, java.awt.Image, java.awt.Graphics, int, int, java.lang.Object[])#5 &amp; com.sun.java.swing.plaf.windows.XPStyle.SkinPainter#paintToImage(java.awt.Component, java.awt.Image, java.awt.Graphics, int, int, java.lang.Object[])#5 &amp; sun.swing.plaf.synth.Paint9Painter#paintToImage(java.awt.Component, java.awt.Image, java.awt.Graphics, int, int, java.lang.Object[])#5&quot;, &quot;i := javax.swing.plaf.metal.MetalUtils.GradientPainter#paintToImage(java.awt.Component, java.awt.Image, java.awt.Graphics, int, int, java.lang.Object[])#3 &amp; javax.swing.plaf.metal.MetalIconFactory.OceanVerticalSliderThumbIcon#paintToImage(java.awt.Component, java.awt.Image, java.awt.Graphics, int, int, java.lang.Object[])#3 &amp; javax.swing.plaf.metal.MetalIconFactory.OceanHorizontalSliderThumbIcon#paintToImage(java.awt.Component, java.awt.Image, java.awt.Graphics, int, int, java.lang.Object[])#3 &amp; com.sun.java.swing.plaf.windows.XPStyle.SkinPainter#paintToImage(java.awt.Component, java.awt.Image, java.awt.Graphics, int, int, java.lang.Object[])#3 &amp; sun.swing.plaf.synth.Paint9Painter#paintToImage(java.awt.Component, java.awt.Image, java.awt.Graphics, int, int, java.lang.Object[])#3&quot;, &quot;graphics := javax.swing.plaf.metal.MetalUtils.GradientPainter#paintToImage(java.awt.Component, java.awt.Image, java.awt.Graphics, int, int, java.lang.Object[])#2 &amp; javax.swing.plaf.metal.MetalIconFactory.OceanVerticalSliderThumbIcon#paintToImage(java.awt.Component, java.awt.Image, java.awt.Graphics, int, int, java.lang.Object[])#2 &amp; javax.swing.plaf.metal.MetalIconFactory.OceanHorizontalSliderThumbIcon#paintToImage(java.awt.Component, java.awt.Image, java.awt.Graphics, int, int, java.lang.Object[])#2 &amp; com.sun.java.swing.plaf.windows.XPStyle.SkinPainter#paintToImage(java.awt.Component, java.awt.Image, java.awt.Graphics, int, int, java.lang.Object[])#2 &amp; sun.swing.plaf.synth.Paint9Painter#paintToImage(java.awt.Component, java.awt.Image, java.awt.Graphics, int, int, java.lang.Object[])#2&quot;, &quot;image := javax.swing.plaf.metal.MetalUtils.GradientPainter#paintToImage(java.awt.Component, java.awt.Image, java.awt.Graphics, int, int, java.lang.Object[])#1 &amp; javax.swing.plaf.metal.MetalIconFactory.OceanVerticalSliderThumbIcon#paintToImage(java.awt.Component, java.awt.Image, java.awt.Graphics, int, int, java.lang.Object[])#1 &amp; javax.swing.plaf.metal.MetalIconFactory.OceanHorizontalSliderThumbIcon#paintToImage(java.awt.Component, java.awt.Image, java.awt.Graphics, int, int, java.lang.Object[])#1 &amp; com.sun.java.swing.plaf.windows.XPStyle.SkinPainter#paintToImage(java.awt.Component, java.awt.Image, java.awt.Graphics, int, int, java.lang.Object[])#1 &amp; sun.swing.plaf.synth.Paint9Painter#paintToImage(java.awt.Component, java.awt.Image, java.awt.Graphics, int, int, java.lang.Object[])#1&quot; }"/>
        </annotation>
    </item>
    <item name='sun.swing.DefaultLayoutStyle int getButtonGap(javax.swing.JComponent, javax.swing.JComponent, int, int)'>
        <annotation name='com.intellij.inspections.tainted.annotation.equation.Equations'>
            <val val="{ &quot;i1 := javax.swing.plaf.metal.MetalLookAndFeel.MetalLayoutStyle#getButtonGap(javax.swing.JComponent, javax.swing.JComponent, int, int)#3&quot;, &quot;jComponent := javax.swing.plaf.metal.MetalLookAndFeel.MetalLayoutStyle#getButtonGap(javax.swing.JComponent, javax.swing.JComponent, int, int)#0&quot;, &quot;i := javax.swing.plaf.metal.MetalLookAndFeel.MetalLayoutStyle#getButtonGap(javax.swing.JComponent, javax.swing.JComponent, int, int)#2&quot;, &quot;getButtonGap := javax.swing.plaf.metal.MetalLookAndFeel.MetalLayoutStyle#getButtonGap(javax.swing.JComponent, javax.swing.JComponent, int, int)&quot;, &quot;jComponent1 := javax.swing.plaf.metal.MetalLookAndFeel.MetalLayoutStyle#getButtonGap(javax.swing.JComponent, javax.swing.JComponent, int, int)#1&quot; }"/>
        </annotation>
    </item>
    <item name='sun.swing.DefaultLayoutStyle int getContainerGap(javax.swing.JComponent, int, java.awt.Container)'>
        <annotation name='com.intellij.inspections.tainted.annotation.equation.Equations'>
            <val val="{ &quot;jComponent := com.sun.java.swing.plaf.windows.WindowsLookAndFeel.WindowsLayoutStyle#getContainerGap(javax.swing.JComponent, int, java.awt.Container)#0 &amp; com.sun.java.swing.plaf.gtk.GTKLookAndFeel.GnomeLayoutStyle#getContainerGap(javax.swing.JComponent, int, java.awt.Container)#0 &amp; javax.swing.plaf.metal.MetalLookAndFeel.MetalLayoutStyle#getContainerGap(javax.swing.JComponent, int, java.awt.Container)#0&quot;, &quot;i := com.sun.java.swing.plaf.windows.WindowsLookAndFeel.WindowsLayoutStyle#getContainerGap(javax.swing.JComponent, int, java.awt.Container)#1 &amp; com.sun.java.swing.plaf.gtk.GTKLookAndFeel.GnomeLayoutStyle#getContainerGap(javax.swing.JComponent, int, java.awt.Container)#1 &amp; javax.swing.plaf.metal.MetalLookAndFeel.MetalLayoutStyle#getContainerGap(javax.swing.JComponent, int, java.awt.Container)#1&quot;, &quot;container := com.sun.java.swing.plaf.windows.WindowsLookAndFeel.WindowsLayoutStyle#getContainerGap(javax.swing.JComponent, int, java.awt.Container)#2 &amp; com.sun.java.swing.plaf.gtk.GTKLookAndFeel.GnomeLayoutStyle#getContainerGap(javax.swing.JComponent, int, java.awt.Container)#2 &amp; javax.swing.plaf.metal.MetalLookAndFeel.MetalLayoutStyle#getContainerGap(javax.swing.JComponent, int, java.awt.Container)#2&quot;, &quot;getContainerGap := com.sun.java.swing.plaf.windows.WindowsLookAndFeel.WindowsLayoutStyle#getContainerGap(javax.swing.JComponent, int, java.awt.Container) &amp; com.sun.java.swing.plaf.gtk.GTKLookAndFeel.GnomeLayoutStyle#getContainerGap(javax.swing.JComponent, int, java.awt.Container) &amp; javax.swing.plaf.metal.MetalLookAndFeel.MetalLayoutStyle#getContainerGap(javax.swing.JComponent, int, java.awt.Container)&quot; }"/>
        </annotation>
    </item>
    <item name='sun.swing.DefaultLayoutStyle int getPreferredGap(javax.swing.JComponent, javax.swing.JComponent, javax.swing.LayoutStyle.ComponentPlacement, int, java.awt.Container)'>
        <annotation name='com.intellij.inspections.tainted.annotation.equation.Equations'>
            <val val="{ &quot;container := com.sun.java.swing.plaf.windows.WindowsLookAndFeel.WindowsLayoutStyle#getPreferredGap(javax.swing.JComponent, javax.swing.JComponent, javax.swing.LayoutStyle.ComponentPlacement, int, java.awt.Container)#4 &amp; com.sun.java.swing.plaf.gtk.GTKLookAndFeel.GnomeLayoutStyle#getPreferredGap(javax.swing.JComponent, javax.swing.JComponent, javax.swing.LayoutStyle.ComponentPlacement, int, java.awt.Container)#4 &amp; javax.swing.plaf.metal.MetalLookAndFeel.MetalLayoutStyle#getPreferredGap(javax.swing.JComponent, javax.swing.JComponent, javax.swing.LayoutStyle.ComponentPlacement, int, java.awt.Container)#4&quot;, &quot;getPreferredGap := com.sun.java.swing.plaf.windows.WindowsLookAndFeel.WindowsLayoutStyle#getPreferredGap(javax.swing.JComponent, javax.swing.JComponent, javax.swing.LayoutStyle.ComponentPlacement, int, java.awt.Container) &amp; com.sun.java.swing.plaf.gtk.GTKLookAndFeel.GnomeLayoutStyle#getPreferredGap(javax.swing.JComponent, javax.swing.JComponent, javax.swing.LayoutStyle.ComponentPlacement, int, java.awt.Container) &amp; javax.swing.plaf.metal.MetalLookAndFeel.MetalLayoutStyle#getPreferredGap(javax.swing.JComponent, javax.swing.JComponent, javax.swing.LayoutStyle.ComponentPlacement, int, java.awt.Container)&quot;, &quot;componentPlacement := com.sun.java.swing.plaf.windows.WindowsLookAndFeel.WindowsLayoutStyle#getPreferredGap(javax.swing.JComponent, javax.swing.JComponent, javax.swing.LayoutStyle.ComponentPlacement, int, java.awt.Container)#2 &amp; com.sun.java.swing.plaf.gtk.GTKLookAndFeel.GnomeLayoutStyle#getPreferredGap(javax.swing.JComponent, javax.swing.JComponent, javax.swing.LayoutStyle.ComponentPlacement, int, java.awt.Container)#2 &amp; javax.swing.plaf.metal.MetalLookAndFeel.MetalLayoutStyle#getPreferredGap(javax.swing.JComponent, javax.swing.JComponent, javax.swing.LayoutStyle.ComponentPlacement, int, java.awt.Container)#2&quot;, &quot;jComponent := com.sun.java.swing.plaf.windows.WindowsLookAndFeel.WindowsLayoutStyle#getPreferredGap(javax.swing.JComponent, javax.swing.JComponent, javax.swing.LayoutStyle.ComponentPlacement, int, java.awt.Container)#0 &amp; com.sun.java.swing.plaf.gtk.GTKLookAndFeel.GnomeLayoutStyle#getPreferredGap(javax.swing.JComponent, javax.swing.JComponent, javax.swing.LayoutStyle.ComponentPlacement, int, java.awt.Container)#0 &amp; javax.swing.plaf.metal.MetalLookAndFeel.MetalLayoutStyle#getPreferredGap(javax.swing.JComponent, javax.swing.JComponent, javax.swing.LayoutStyle.ComponentPlacement, int, java.awt.Container)#0&quot;, &quot;i := com.sun.java.swing.plaf.windows.WindowsLookAndFeel.WindowsLayoutStyle#getPreferredGap(javax.swing.JComponent, javax.swing.JComponent, javax.swing.LayoutStyle.ComponentPlacement, int, java.awt.Container)#3 &amp; com.sun.java.swing.plaf.gtk.GTKLookAndFeel.GnomeLayoutStyle#getPreferredGap(javax.swing.JComponent, javax.swing.JComponent, javax.swing.LayoutStyle.ComponentPlacement, int, java.awt.Container)#3 &amp; javax.swing.plaf.metal.MetalLookAndFeel.MetalLayoutStyle#getPreferredGap(javax.swing.JComponent, javax.swing.JComponent, javax.swing.LayoutStyle.ComponentPlacement, int, java.awt.Container)#3&quot;, &quot;jComponent1 := com.sun.java.swing.plaf.windows.WindowsLookAndFeel.WindowsLayoutStyle#getPreferredGap(javax.swing.JComponent, javax.swing.JComponent, javax.swing.LayoutStyle.ComponentPlacement, int, java.awt.Container)#1 &amp; com.sun.java.swing.plaf.gtk.GTKLookAndFeel.GnomeLayoutStyle#getPreferredGap(javax.swing.JComponent, javax.swing.JComponent, javax.swing.LayoutStyle.ComponentPlacement, int, java.awt.Container)#1 &amp; javax.swing.plaf.metal.MetalLookAndFeel.MetalLayoutStyle#getPreferredGap(javax.swing.JComponent, javax.swing.JComponent, javax.swing.LayoutStyle.ComponentPlacement, int, java.awt.Container)#1&quot; }"/>
        </annotation>
    </item>
    <item name='sun.swing.DefaultLookup java.lang.Object getDefault(javax.swing.JComponent, javax.swing.plaf.ComponentUI, java.lang.String)'>
        <annotation name='com.intellij.inspections.tainted.annotation.equation.Equations'>
            <val val="{ &quot;s := javax.swing.plaf.synth.SynthDefaultLookup#getDefault(javax.swing.JComponent, javax.swing.plaf.ComponentUI, java.lang.String)#2 &amp; javax.swing.plaf.synth.SynthDefaultLookup#getDefault(javax.swing.JComponent, javax.swing.plaf.ComponentUI, java.lang.String)#2&quot;, &quot;jComponent := javax.swing.plaf.synth.SynthDefaultLookup#getDefault(javax.swing.JComponent, javax.swing.plaf.ComponentUI, java.lang.String)#0 &amp; javax.swing.plaf.synth.SynthDefaultLookup#getDefault(javax.swing.JComponent, javax.swing.plaf.ComponentUI, java.lang.String)#0&quot;, &quot;componentUI := javax.swing.plaf.synth.SynthDefaultLookup#getDefault(javax.swing.JComponent, javax.swing.plaf.ComponentUI, java.lang.String)#1 &amp; javax.swing.plaf.synth.SynthDefaultLookup#getDefault(javax.swing.JComponent, javax.swing.plaf.ComponentUI, java.lang.String)#1&quot;, &quot;getDefault := javax.swing.plaf.synth.SynthDefaultLookup#getDefault(javax.swing.JComponent, javax.swing.plaf.ComponentUI, java.lang.String) &amp; javax.swing.plaf.synth.SynthDefaultLookup#getDefault(javax.swing.JComponent, javax.swing.plaf.ComponentUI, java.lang.String)&quot; }"/>
        </annotation>
    </item>
    <item name='sun.swing.FilePane.FileChooserUIAccessor java.awt.event.MouseListener createDoubleClickListener(javax.swing.JList)'>
        <annotation name='com.intellij.inspections.tainted.annotation.equation.Equations'>
            <val val="{ &quot;createDoubleClickListener := com.sun.java.swing.plaf.windows.WindowsFileChooserUI.WindowsFileChooserUIAccessor#createDoubleClickListener(javax.swing.JList) &amp; javax.swing.plaf.metal.MetalFileChooserUI.MetalFileChooserUIAccessor#createDoubleClickListener(javax.swing.JList) &amp; sun.swing.plaf.synth.SynthFileChooserUIImpl.SynthFileChooserUIAccessor#createDoubleClickListener(javax.swing.JList)&quot;, &quot;jList := com.sun.java.swing.plaf.windows.WindowsFileChooserUI.WindowsFileChooserUIAccessor#createDoubleClickListener(javax.swing.JList)#0 &amp; javax.swing.plaf.metal.MetalFileChooserUI.MetalFileChooserUIAccessor#createDoubleClickListener(javax.swing.JList)#0 &amp; sun.swing.plaf.synth.SynthFileChooserUIImpl.SynthFileChooserUIAccessor#createDoubleClickListener(javax.swing.JList)#0&quot; }"/>
        </annotation>
    </item>
    <item name='sun.swing.FilePane.FileChooserUIAccessor java.io.File getDirectory()'>
        <annotation name='com.intellij.inspections.tainted.annotation.equation.Equations'>
            <val val="{ &quot;getDirectory := com.sun.java.swing.plaf.windows.WindowsFileChooserUI.WindowsFileChooserUIAccessor#getDirectory() &amp; javax.swing.plaf.metal.MetalFileChooserUI.MetalFileChooserUIAccessor#getDirectory() &amp; sun.swing.plaf.synth.SynthFileChooserUIImpl.SynthFileChooserUIAccessor#getDirectory()&quot; }"/>
        </annotation>
    </item>
    <item name='sun.swing.FilePane.FileChooserUIAccessor javax.swing.Action getApproveSelectionAction()'>
        <annotation name='com.intellij.inspections.tainted.annotation.equation.Equations'>
            <val val="{ &quot;getApproveSelectionAction := com.sun.java.swing.plaf.windows.WindowsFileChooserUI.WindowsFileChooserUIAccessor#getApproveSelectionAction() &amp; javax.swing.plaf.metal.MetalFileChooserUI.MetalFileChooserUIAccessor#getApproveSelectionAction() &amp; sun.swing.plaf.synth.SynthFileChooserUIImpl.SynthFileChooserUIAccessor#getApproveSelectionAction()&quot; }"/>
        </annotation>
    </item>
    <item name='sun.swing.FilePane.FileChooserUIAccessor javax.swing.Action getChangeToParentDirectoryAction()'>
        <annotation name='com.intellij.inspections.tainted.annotation.equation.Equations'>
            <val val="{ &quot;getChangeToParentDirectoryAction := com.sun.java.swing.plaf.windows.WindowsFileChooserUI.WindowsFileChooserUIAccessor#getChangeToParentDirectoryAction() &amp; javax.swing.plaf.metal.MetalFileChooserUI.MetalFileChooserUIAccessor#getChangeToParentDirectoryAction() &amp; sun.swing.plaf.synth.SynthFileChooserUIImpl.SynthFileChooserUIAccessor#getChangeToParentDirectoryAction()&quot; }"/>
        </annotation>
    </item>
    <item name='sun.swing.FilePane.FileChooserUIAccessor javax.swing.Action getNewFolderAction()'>
        <annotation name='com.intellij.inspections.tainted.annotation.equation.Equations'>
            <val val="{ &quot;getNewFolderAction := com.sun.java.swing.plaf.windows.WindowsFileChooserUI.WindowsFileChooserUIAccessor#getNewFolderAction() &amp; javax.swing.plaf.metal.MetalFileChooserUI.MetalFileChooserUIAccessor#getNewFolderAction() &amp; sun.swing.plaf.synth.SynthFileChooserUIImpl.SynthFileChooserUIAccessor#getNewFolderAction()&quot; }"/>
        </annotation>
    </item>
    <item name='sun.swing.FilePane.FileChooserUIAccessor javax.swing.JFileChooser getFileChooser()'>
        <annotation name='com.intellij.inspections.tainted.annotation.equation.Equations'>
            <val val="{ &quot;getFileChooser := com.sun.java.swing.plaf.windows.WindowsFileChooserUI.WindowsFileChooserUIAccessor#getFileChooser() &amp; javax.swing.plaf.metal.MetalFileChooserUI.MetalFileChooserUIAccessor#getFileChooser() &amp; sun.swing.plaf.synth.SynthFileChooserUIImpl.SynthFileChooserUIAccessor#getFileChooser()&quot; }"/>
        </annotation>
    </item>
    <item name='sun.swing.FilePane.FileChooserUIAccessor javax.swing.JPanel createDetailsView()'>
        <annotation name='com.intellij.inspections.tainted.annotation.equation.Equations'>
            <val val="{ &quot;createDetailsView := com.sun.java.swing.plaf.windows.WindowsFileChooserUI.WindowsFileChooserUIAccessor#createDetailsView() &amp; javax.swing.plaf.metal.MetalFileChooserUI.MetalFileChooserUIAccessor#createDetailsView() &amp; sun.swing.plaf.synth.SynthFileChooserUIImpl.SynthFileChooserUIAccessor#createDetailsView()&quot; }"/>
        </annotation>
    </item>
    <item name='sun.swing.FilePane.FileChooserUIAccessor javax.swing.JPanel createList()'>
        <annotation name='com.intellij.inspections.tainted.annotation.equation.Equations'>
            <val val="{ &quot;createList := com.sun.java.swing.plaf.windows.WindowsFileChooserUI.WindowsFileChooserUIAccessor#createList() &amp; javax.swing.plaf.metal.MetalFileChooserUI.MetalFileChooserUIAccessor#createList() &amp; sun.swing.plaf.synth.SynthFileChooserUIImpl.SynthFileChooserUIAccessor#createList()&quot; }"/>
        </annotation>
    </item>
    <item name='sun.swing.FilePane.FileChooserUIAccessor javax.swing.event.ListSelectionListener createListSelectionListener()'>
        <annotation name='com.intellij.inspections.tainted.annotation.equation.Equations'>
            <val val="{ &quot;createListSelectionListener := com.sun.java.swing.plaf.windows.WindowsFileChooserUI.WindowsFileChooserUIAccessor#createListSelectionListener() &amp; javax.swing.plaf.metal.MetalFileChooserUI.MetalFileChooserUIAccessor#createListSelectionListener() &amp; sun.swing.plaf.synth.SynthFileChooserUIImpl.SynthFileChooserUIAccessor#createListSelectionListener()&quot; }"/>
        </annotation>
    </item>
    <item name='sun.swing.FilePane.FileChooserUIAccessor javax.swing.plaf.basic.BasicDirectoryModel getModel()'>
        <annotation name='com.intellij.inspections.tainted.annotation.equation.Equations'>
            <val val="{ &quot;getModel := com.sun.java.swing.plaf.windows.WindowsFileChooserUI.WindowsFileChooserUIAccessor#getModel() &amp; javax.swing.plaf.metal.MetalFileChooserUI.MetalFileChooserUIAccessor#getModel() &amp; sun.swing.plaf.synth.SynthFileChooserUIImpl.SynthFileChooserUIAccessor#getModel()&quot; }"/>
        </annotation>
    </item>
    <item name='sun.swing.MenuItemCheckIconFactory boolean isCompatible(java.lang.Object, java.lang.String)'>
        <annotation name='com.intellij.inspections.tainted.annotation.equation.Equations'>
            <val val="{ &quot;s := com.sun.java.swing.plaf.windows.WindowsIconFactory.VistaMenuItemCheckIconFactory#isCompatible(java.lang.Object, java.lang.String)#1&quot;, &quot;o := com.sun.java.swing.plaf.windows.WindowsIconFactory.VistaMenuItemCheckIconFactory#isCompatible(java.lang.Object, java.lang.String)#0&quot; }"/>
        </annotation>
    </item>
    <item name='sun.swing.MenuItemCheckIconFactory javax.swing.Icon getIcon(javax.swing.JMenuItem)'>
        <annotation name='com.intellij.inspections.tainted.annotation.equation.Equations'>
            <val val="{ &quot;getIcon := com.sun.java.swing.plaf.windows.WindowsIconFactory.VistaMenuItemCheckIconFactory#getIcon(javax.swing.JMenuItem)&quot;, &quot;jMenuItem := com.sun.java.swing.plaf.windows.WindowsIconFactory.VistaMenuItemCheckIconFactory#getIcon(javax.swing.JMenuItem)#0&quot; }"/>
        </annotation>
    </item>
    <item name='sun.swing.MenuItemLayoutHelper sun.swing.MenuItemLayoutHelper.ColumnAlignment getLTRColumnAlignment()'>
        <annotation name='com.intellij.inspections.tainted.annotation.equation.Equations'>
            <val val="{ &quot;getLTRColumnAlignment := javax.swing.plaf.synth.SynthMenuItemLayoutHelper#getLTRColumnAlignment()&quot; }"/>
        </annotation>
    </item>
    <item name='sun.swing.MenuItemLayoutHelper sun.swing.MenuItemLayoutHelper.ColumnAlignment getRTLColumnAlignment()'>
        <annotation name='com.intellij.inspections.tainted.annotation.equation.Equations'>
            <val val="{ &quot;getRTLColumnAlignment := javax.swing.plaf.synth.SynthMenuItemLayoutHelper#getRTLColumnAlignment()&quot; }"/>
        </annotation>
    </item>
    <item name='sun.swing.MenuItemLayoutHelper void layoutIconAndTextInLabelRect(sun.swing.MenuItemLayoutHelper.LayoutResult)'>
        <annotation name='com.intellij.inspections.tainted.annotation.equation.Equations'>
            <val val="{ &quot;layoutResult := javax.swing.plaf.synth.SynthMenuItemLayoutHelper#layoutIconAndTextInLabelRect(sun.swing.MenuItemLayoutHelper.LayoutResult)#0&quot; }"/>
        </annotation>
    </item>
    <item name='sun.swing.MenuItemLayoutHelper void prepareForLayout(sun.swing.MenuItemLayoutHelper.LayoutResult)'>
        <annotation name='com.intellij.inspections.tainted.annotation.equation.Equations'>
            <val val="{ &quot;layoutResult := javax.swing.plaf.synth.SynthMenuItemLayoutHelper#prepareForLayout(sun.swing.MenuItemLayoutHelper.LayoutResult)#0&quot; }"/>
        </annotation>
    </item>
    <item name='sun.swing.SwingAccessor.JTextComponentAccessor java.lang.Object setDropLocation(javax.swing.text.JTextComponent, javax.swing.TransferHandler.DropLocation, java.lang.Object, boolean)'>
        <annotation name='com.intellij.inspections.tainted.annotation.equation.Equations'>
            <val val="{ &quot;dropLocation := &quot;, &quot;o := &quot;, &quot;setDropLocation := &quot;, &quot;jTextComponent := &quot; }"/>
        </annotation>
    </item>
    <item name='sun.swing.SwingAccessor.JTextComponentAccessor javax.swing.TransferHandler.DropLocation dropLocationForPoint(javax.swing.text.JTextComponent, java.awt.Point)'>
        <annotation name='com.intellij.inspections.tainted.annotation.equation.Equations'>
            <val val="{ &quot;jTextComponent := &quot;, &quot;point := &quot;, &quot;dropLocationForPoint := &quot; }"/>
        </annotation>
    </item>
    <item name='sun.swing.SwingAccessor.RepaintManagerAccessor void addRepaintListener(javax.swing.RepaintManager, sun.swing.SwingUtilities2.RepaintListener)'>
        <annotation name='com.intellij.inspections.tainted.annotation.equation.Equations'>
            <val val="{ &quot;repaintManager := &quot;, &quot;repaintListener := &quot; }"/>
        </annotation>
    </item>
    <item name='sun.swing.SwingAccessor.RepaintManagerAccessor void removeRepaintListener(javax.swing.RepaintManager, sun.swing.SwingUtilities2.RepaintListener)'>
        <annotation name='com.intellij.inspections.tainted.annotation.equation.Equations'>
            <val val="{ &quot;repaintListener := &quot;, &quot;repaintManager := &quot; }"/>
        </annotation>
    </item>
    <item name='sun.swing.UIAction boolean isEnabled(java.lang.Object)'>
        <annotation name='com.intellij.inspections.tainted.annotation.equation.Equations'>
            <val val="{ &quot;o := javax.swing.plaf.basic.BasicTableUI.Actions#isEnabled(java.lang.Object)#0 &amp; javax.swing.plaf.basic.BasicListUI.Actions#isEnabled(java.lang.Object)#0 &amp; javax.swing.plaf.basic.BasicComboBoxUI.Actions#isEnabled(java.lang.Object)#0 &amp; javax.swing.plaf.basic.BasicTreeUI.Actions#isEnabled(java.lang.Object)#0 &amp; javax.swing.plaf.basic.BasicTableHeaderUI.Actions#isEnabled(java.lang.Object)#0 &amp; javax.swing.TransferHandler.TransferAction#isEnabled(java.lang.Object)#0 &amp; javax.swing.plaf.basic.BasicDesktopPaneUI.Actions#isEnabled(java.lang.Object)#0 &amp; javax.swing.plaf.basic.BasicRootPaneUI.Actions#isEnabled(java.lang.Object)#0 &amp; javax.swing.plaf.basic.BasicMenuUI.Actions#isEnabled(java.lang.Object)#0 &amp; javax.swing.plaf.basic.BasicButtonListener.Actions#isEnabled(java.lang.Object)#0 &amp; javax.swing.plaf.basic.BasicComboBoxUI.Actions#isEnabled(java.lang.Object)#0&quot; }"/>
        </annotation>
    </item>
</root>