<root>
    <item name='org.jboss.byteman.modules.ModuleSystem CL createLoader(java.lang.ClassLoader, java.lang.String[])'>
        <annotation name='com.intellij.inspections.tainted.annotation.equation.Equations'>
            <val val="{ &quot;imports := &quot;, &quot;triggerLoader := org.jboss.byteman.rule.Rule&quot; }"/>
        </annotation>
    </item>
    <item name='org.jboss.byteman.modules.ModuleSystem java.lang.Class&lt;?&gt; loadHelperAdapter(CL, java.lang.String, byte[])'>
        <annotation name='com.intellij.inspections.tainted.annotation.equation.Equations'>
            <val val="{ &quot;helperLoader := &quot;, &quot;helperAdapterName := &quot;, &quot;helperBytes := &quot; }"/>
        </annotation>
    </item>
</root>