<root>
    <item name='sun.security.x509.CertAttrSet java.lang.Object get(java.lang.String)'>
        <annotation name='com.intellij.inspections.tainted.annotation.equation.Equations'>
            <val val="{ &quot;get := CertificateExtensions#get(java.lang.String) &amp; CRLReasonCodeExtension#get(java.lang.String) &amp; CertificateSerialNumber#get(java.lang.String) &amp; CertificateX509Key#get(java.lang.String) &amp; CertificateVersion#get(java.lang.String) &amp; X509CertInfo#get(java.lang.String) &amp; CertificateValidity#get(java.lang.String) &amp; NameConstraintsExtension#get(java.lang.String) &amp; CertificateAlgorithmId#get(java.lang.String) &amp; SubjectAlternativeNameExtension#get(java.lang.String) &amp; BasicConstraintsExtension#get(java.lang.String) &amp; AuthorityKeyIdentifierExtension#get(java.lang.String) &amp; CertificateIssuerExtension#get(java.lang.String) &amp; ExtendedKeyUsageExtension#get(java.lang.String) &amp; PrivateKeyUsageExtension#get(java.lang.String) &amp; SubjectKeyIdentifierExtension#get(java.lang.String) &amp; CRLNumberExtension#get(java.lang.String) &amp; IssuerAlternativeNameExtension#get(java.lang.String) &amp; InvalidityDateExtension#get(java.lang.String) &amp; CertificatePoliciesExtension#get(java.lang.String) &amp; KeyUsageExtension#get(java.lang.String) &amp; NetscapeCertTypeExtension#get(java.lang.String)&quot;, &quot;s := CertificateExtensions#get(java.lang.String)#0 &amp; CRLReasonCodeExtension#get(java.lang.String)#0 &amp; CertificateSerialNumber#get(java.lang.String)#0 &amp; CertificateX509Key#get(java.lang.String)#0 &amp; CertificateVersion#get(java.lang.String)#0 &amp; X509CertInfo#get(java.lang.String)#0 &amp; CertificateValidity#get(java.lang.String)#0 &amp; NameConstraintsExtension#get(java.lang.String)#0 &amp; CertificateAlgorithmId#get(java.lang.String)#0 &amp; SubjectAlternativeNameExtension#get(java.lang.String)#0 &amp; BasicConstraintsExtension#get(java.lang.String)#0 &amp; AuthorityKeyIdentifierExtension#get(java.lang.String)#0 &amp; CertificateIssuerExtension#get(java.lang.String)#0 &amp; ExtendedKeyUsageExtension#get(java.lang.String)#0 &amp; PrivateKeyUsageExtension#get(java.lang.String)#0 &amp; SubjectKeyIdentifierExtension#get(java.lang.String)#0 &amp; CRLNumberExtension#get(java.lang.String)#0 &amp; IssuerAlternativeNameExtension#get(java.lang.String)#0 &amp; InvalidityDateExtension#get(java.lang.String)#0 &amp; CertificatePoliciesExtension#get(java.lang.String)#0 &amp; KeyUsageExtension#get(java.lang.String)#0 &amp; NetscapeCertTypeExtension#get(java.lang.String)#0&quot; }"/>
        </annotation>
    </item>
    <item name='sun.security.x509.CertAttrSet java.lang.String getName()'>
        <annotation name='com.intellij.inspections.tainted.annotation.equation.Equations'>
            <val val="{ &quot;getName := CertificateExtensions#getName() &amp; CRLReasonCodeExtension#getName() &amp; CertificateSerialNumber#getName() &amp; CertificateX509Key#getName() &amp; CertificateVersion#getName() &amp; X509CertInfo#getName() &amp; CertificateValidity#getName() &amp; NameConstraintsExtension#getName() &amp; CertificateAlgorithmId#getName() &amp; IssuerAlternativeNameExtension#getName() &amp; CRLNumberExtension#getName() &amp; AuthorityKeyIdentifierExtension#getName() &amp; BasicConstraintsExtension#getName() &amp; KeyUsageExtension#getName() &amp; SubjectAlternativeNameExtension#getName() &amp; PrivateKeyUsageExtension#getName() &amp; CertificatePoliciesExtension#getName() &amp; ExtendedKeyUsageExtension#getName() &amp; InvalidityDateExtension#getName() &amp; CertificateIssuerExtension#getName() &amp; SubjectKeyIdentifierExtension#getName() &amp; NetscapeCertTypeExtension#getName()&quot; }"/>
        </annotation>
    </item>
    <item name='sun.security.x509.CertAttrSet java.lang.String toString()'>
        <annotation name='com.intellij.inspections.tainted.annotation.equation.Equations'>
            <val val="{ &quot;toString := CertificateExtensions#toString() &amp; NameConstraintsExtension#toString() &amp; CertificateSerialNumber#toString() &amp; CertificateVersion#toString() &amp; CertificateAlgorithmId#toString() &amp; CertificateX509Key#toString() &amp; X509CertInfo#toString() &amp; CertificateValidity#toString() &amp; CRLReasonCodeExtension#toString() &amp; IssuerAlternativeNameExtension#toString() &amp; CRLNumberExtension#toString() &amp; AuthorityKeyIdentifierExtension#toString() &amp; BasicConstraintsExtension#toString() &amp; SubjectAlternativeNameExtension#toString() &amp; KeyUsageExtension#toString() &amp; ExtendedKeyUsageExtension#toString() &amp; CertificateIssuerExtension#toString() &amp; PrivateKeyUsageExtension#toString() &amp; CertificatePoliciesExtension#toString() &amp; SubjectKeyIdentifierExtension#toString() &amp; InvalidityDateExtension#toString() &amp; NetscapeCertTypeExtension#toString()&quot; }"/>
        </annotation>
    </item>
    <item name='sun.security.x509.CertAttrSet java.util.Enumeration&lt;T&gt; getElements()'>
        <annotation name='com.intellij.inspections.tainted.annotation.equation.Equations'>
            <val val="{ &quot;getElements := CertificateExtensions#getElements() &amp; CRLReasonCodeExtension#getElements() &amp; CertificateSerialNumber#getElements() &amp; CertificateX509Key#getElements() &amp; CertificateVersion#getElements() &amp; X509CertInfo#getElements() &amp; CertificateValidity#getElements() &amp; NameConstraintsExtension#getElements() &amp; CertificateAlgorithmId#getElements() &amp; IssuerAlternativeNameExtension#getElements() &amp; CRLNumberExtension#getElements() &amp; AuthorityKeyIdentifierExtension#getElements() &amp; BasicConstraintsExtension#getElements() &amp; KeyUsageExtension#getElements() &amp; SubjectAlternativeNameExtension#getElements() &amp; PrivateKeyUsageExtension#getElements() &amp; CertificatePoliciesExtension#getElements() &amp; ExtendedKeyUsageExtension#getElements() &amp; InvalidityDateExtension#getElements() &amp; CertificateIssuerExtension#getElements() &amp; SubjectKeyIdentifierExtension#getElements() &amp; NetscapeCertTypeExtension#getElements()&quot; }"/>
        </annotation>
    </item>
    <item name='sun.security.x509.CertAttrSet void delete(java.lang.String)'>
        <annotation name='com.intellij.inspections.tainted.annotation.equation.Equations'>
            <val val="{ &quot;s := CertificateExtensions#delete(java.lang.String)#0 &amp; CRLReasonCodeExtension#delete(java.lang.String)#0 &amp; CertificateSerialNumber#delete(java.lang.String)#0 &amp; CertificateX509Key#delete(java.lang.String)#0 &amp; CertificateVersion#delete(java.lang.String)#0 &amp; X509CertInfo#delete(java.lang.String)#0 &amp; CertificateValidity#delete(java.lang.String)#0 &amp; NameConstraintsExtension#delete(java.lang.String)#0 &amp; CertificateAlgorithmId#delete(java.lang.String)#0 &amp; SubjectAlternativeNameExtension#delete(java.lang.String)#0 &amp; BasicConstraintsExtension#delete(java.lang.String)#0 &amp; AuthorityKeyIdentifierExtension#delete(java.lang.String)#0 &amp; CertificateIssuerExtension#delete(java.lang.String)#0 &amp; ExtendedKeyUsageExtension#delete(java.lang.String)#0 &amp; PrivateKeyUsageExtension#delete(java.lang.String)#0 &amp; SubjectKeyIdentifierExtension#delete(java.lang.String)#0 &amp; CRLNumberExtension#delete(java.lang.String)#0 &amp; InvalidityDateExtension#delete(java.lang.String)#0 &amp; IssuerAlternativeNameExtension#delete(java.lang.String)#0 &amp; CertificatePoliciesExtension#delete(java.lang.String)#0 &amp; KeyUsageExtension#delete(java.lang.String)#0 &amp; NetscapeCertTypeExtension#delete(java.lang.String)#0&quot; }"/>
        </annotation>
    </item>
    <item name='sun.security.x509.CertAttrSet void encode(java.io.OutputStream)'>
        <annotation name='com.intellij.inspections.tainted.annotation.equation.Equations'>
            <val val="{ &quot;outputStream := CertificateExtensions#encode(java.io.OutputStream)#0 &amp; CRLReasonCodeExtension#encode(java.io.OutputStream)#0 &amp; CertificateSerialNumber#encode(java.io.OutputStream)#0 &amp; CertificateX509Key#encode(java.io.OutputStream)#0 &amp; CertificateVersion#encode(java.io.OutputStream)#0 &amp; X509CertInfo#encode(java.io.OutputStream)#0 &amp; CertificateValidity#encode(java.io.OutputStream)#0 &amp; NameConstraintsExtension#encode(java.io.OutputStream)#0 &amp; CertificateAlgorithmId#encode(java.io.OutputStream)#0 &amp; SubjectAlternativeNameExtension#encode(java.io.OutputStream)#0 &amp; BasicConstraintsExtension#encode(java.io.OutputStream)#0 &amp; AuthorityKeyIdentifierExtension#encode(java.io.OutputStream)#0 &amp; CertificateIssuerExtension#encode(java.io.OutputStream)#0 &amp; ExtendedKeyUsageExtension#encode(java.io.OutputStream)#0 &amp; PrivateKeyUsageExtension#encode(java.io.OutputStream)#0 &amp; SubjectKeyIdentifierExtension#encode(java.io.OutputStream)#0 &amp; CRLNumberExtension#encode(java.io.OutputStream)#0 &amp; InvalidityDateExtension#encode(java.io.OutputStream)#0 &amp; IssuerAlternativeNameExtension#encode(java.io.OutputStream)#0 &amp; CertificatePoliciesExtension#encode(java.io.OutputStream)#0 &amp; KeyUsageExtension#encode(java.io.OutputStream)#0 &amp; NetscapeCertTypeExtension#encode(java.io.OutputStream)#0&quot; }"/>
        </annotation>
    </item>
    <item name='sun.security.x509.CertAttrSet void set(java.lang.String, java.lang.Object)'>
        <annotation name='com.intellij.inspections.tainted.annotation.equation.Equations'>
            <val val="{ &quot;s := CertificateExtensions#set(java.lang.String, java.lang.Object)#0 &amp; CRLReasonCodeExtension#set(java.lang.String, java.lang.Object)#0 &amp; CertificateSerialNumber#set(java.lang.String, java.lang.Object)#0 &amp; CertificateX509Key#set(java.lang.String, java.lang.Object)#0 &amp; CertificateVersion#set(java.lang.String, java.lang.Object)#0 &amp; X509CertInfo#set(java.lang.String, java.lang.Object)#0 &amp; CertificateValidity#set(java.lang.String, java.lang.Object)#0 &amp; NameConstraintsExtension#set(java.lang.String, java.lang.Object)#0 &amp; CertificateAlgorithmId#set(java.lang.String, java.lang.Object)#0 &amp; SubjectAlternativeNameExtension#set(java.lang.String, java.lang.Object)#0 &amp; BasicConstraintsExtension#set(java.lang.String, java.lang.Object)#0 &amp; AuthorityKeyIdentifierExtension#set(java.lang.String, java.lang.Object)#0 &amp; CertificateIssuerExtension#set(java.lang.String, java.lang.Object)#0 &amp; ExtendedKeyUsageExtension#set(java.lang.String, java.lang.Object)#0 &amp; PrivateKeyUsageExtension#set(java.lang.String, java.lang.Object)#0 &amp; SubjectKeyIdentifierExtension#set(java.lang.String, java.lang.Object)#0 &amp; CRLNumberExtension#set(java.lang.String, java.lang.Object)#0 &amp; InvalidityDateExtension#set(java.lang.String, java.lang.Object)#0 &amp; IssuerAlternativeNameExtension#set(java.lang.String, java.lang.Object)#0 &amp; CertificatePoliciesExtension#set(java.lang.String, java.lang.Object)#0 &amp; KeyUsageExtension#set(java.lang.String, java.lang.Object)#0 &amp; NetscapeCertTypeExtension#set(java.lang.String, java.lang.Object)#0&quot;, &quot;o := CertificateExtensions#set(java.lang.String, java.lang.Object)#1 &amp; CRLReasonCodeExtension#set(java.lang.String, java.lang.Object)#1 &amp; CertificateSerialNumber#set(java.lang.String, java.lang.Object)#1 &amp; CertificateX509Key#set(java.lang.String, java.lang.Object)#1 &amp; CertificateVersion#set(java.lang.String, java.lang.Object)#1 &amp; X509CertInfo#set(java.lang.String, java.lang.Object)#1 &amp; CertificateValidity#set(java.lang.String, java.lang.Object)#1 &amp; NameConstraintsExtension#set(java.lang.String, java.lang.Object)#1 &amp; CertificateAlgorithmId#set(java.lang.String, java.lang.Object)#1 &amp; SubjectAlternativeNameExtension#set(java.lang.String, java.lang.Object)#1 &amp; BasicConstraintsExtension#set(java.lang.String, java.lang.Object)#1 &amp; AuthorityKeyIdentifierExtension#set(java.lang.String, java.lang.Object)#1 &amp; CertificateIssuerExtension#set(java.lang.String, java.lang.Object)#1 &amp; ExtendedKeyUsageExtension#set(java.lang.String, java.lang.Object)#1 &amp; PrivateKeyUsageExtension#set(java.lang.String, java.lang.Object)#1 &amp; SubjectKeyIdentifierExtension#set(java.lang.String, java.lang.Object)#1 &amp; CRLNumberExtension#set(java.lang.String, java.lang.Object)#1 &amp; InvalidityDateExtension#set(java.lang.String, java.lang.Object)#1 &amp; IssuerAlternativeNameExtension#set(java.lang.String, java.lang.Object)#1 &amp; CertificatePoliciesExtension#set(java.lang.String, java.lang.Object)#1 &amp; KeyUsageExtension#set(java.lang.String, java.lang.Object)#1 &amp; NetscapeCertTypeExtension#set(java.lang.String, java.lang.Object)#1&quot; }"/>
        </annotation>
    </item>
    <item name='sun.security.x509.Extension'>
        <annotation name='com.intellij.inspections.tainted.annotation.equation.Equations'>
            <val val="{ &quot;Extension := CRLReasonCodeExtension &amp; NameConstraintsExtension &amp; UnparseableExtension &amp; AuthorityKeyIdentifierExtension &amp; BasicConstraintsExtension &amp; SubjectAlternativeNameExtension &amp; ExtendedKeyUsageExtension &amp; CertificateIssuerExtension &amp; PrivateKeyUsageExtension &amp; SubjectKeyIdentifierExtension &amp; CRLNumberExtension &amp; InvalidityDateExtension &amp; IssuerAlternativeNameExtension &amp; CertificatePoliciesExtension &amp; KeyUsageExtension &amp; NetscapeCertTypeExtension&quot; }"/>
        </annotation>
    </item>
    <item name='sun.security.x509.Extension java.lang.String toString()'>
        <annotation name='com.intellij.inspections.tainted.annotation.equation.Equations'>
            <val val="{ &quot;toString := NameConstraintsExtension#toString() &amp; CRLReasonCodeExtension#toString() &amp; IssuerAlternativeNameExtension#toString() &amp; CRLNumberExtension#toString() &amp; AuthorityKeyIdentifierExtension#toString() &amp; BasicConstraintsExtension#toString() &amp; SubjectAlternativeNameExtension#toString() &amp; KeyUsageExtension#toString() &amp; ExtendedKeyUsageExtension#toString() &amp; CertificateIssuerExtension#toString() &amp; PrivateKeyUsageExtension#toString() &amp; CertificatePoliciesExtension#toString() &amp; SubjectKeyIdentifierExtension#toString() &amp; InvalidityDateExtension#toString() &amp; UnparseableExtension#toString() &amp; NetscapeCertTypeExtension#toString()&quot; }"/>
        </annotation>
    </item>
    <item name='sun.security.x509.Extension void encode(java.io.OutputStream)'>
        <annotation name='com.intellij.inspections.tainted.annotation.equation.Equations'>
            <val val="{ &quot;outputStream := CRLReasonCodeExtension#encode(java.io.OutputStream)#0 &amp; NameConstraintsExtension#encode(java.io.OutputStream)#0 &amp; SubjectAlternativeNameExtension#encode(java.io.OutputStream)#0 &amp; BasicConstraintsExtension#encode(java.io.OutputStream)#0 &amp; AuthorityKeyIdentifierExtension#encode(java.io.OutputStream)#0 &amp; CertificateIssuerExtension#encode(java.io.OutputStream)#0 &amp; ExtendedKeyUsageExtension#encode(java.io.OutputStream)#0 &amp; PrivateKeyUsageExtension#encode(java.io.OutputStream)#0 &amp; SubjectKeyIdentifierExtension#encode(java.io.OutputStream)#0 &amp; CRLNumberExtension#encode(java.io.OutputStream)#0 &amp; InvalidityDateExtension#encode(java.io.OutputStream)#0 &amp; IssuerAlternativeNameExtension#encode(java.io.OutputStream)#0 &amp; CertificatePoliciesExtension#encode(java.io.OutputStream)#0 &amp; KeyUsageExtension#encode(java.io.OutputStream)#0 &amp; NetscapeCertTypeExtension#encode(java.io.OutputStream)#0&quot; }"/>
        </annotation>
    </item>
    <item name='sun.security.x509.GeneralNameInterface int constrains(sun.security.x509.GeneralNameInterface)'>
        <annotation name='com.intellij.inspections.tainted.annotation.equation.Equations'>
            <val val="{ &quot;constrains := X500Name#constrains(sun.security.x509.GeneralNameInterface) &amp; URIName#constrains(sun.security.x509.GeneralNameInterface) &amp; EDIPartyName#constrains(sun.security.x509.GeneralNameInterface) &amp; RFC822Name#constrains(sun.security.x509.GeneralNameInterface) &amp; DNSName#constrains(sun.security.x509.GeneralNameInterface) &amp; OIDName#constrains(sun.security.x509.GeneralNameInterface) &amp; OtherName#constrains(sun.security.x509.GeneralNameInterface) &amp; IPAddressName#constrains(sun.security.x509.GeneralNameInterface) &amp; X400Address#constrains(sun.security.x509.GeneralNameInterface)&quot;, &quot;generalNameInterface := X500Name#constrains(sun.security.x509.GeneralNameInterface)#0 &amp; URIName#constrains(sun.security.x509.GeneralNameInterface)#0 &amp; EDIPartyName#constrains(sun.security.x509.GeneralNameInterface)#0 &amp; RFC822Name#constrains(sun.security.x509.GeneralNameInterface)#0 &amp; DNSName#constrains(sun.security.x509.GeneralNameInterface)#0 &amp; OIDName#constrains(sun.security.x509.GeneralNameInterface)#0 &amp; OtherName#constrains(sun.security.x509.GeneralNameInterface)#0 &amp; IPAddressName#constrains(sun.security.x509.GeneralNameInterface)#0 &amp; X400Address#constrains(sun.security.x509.GeneralNameInterface)#0&quot; }"/>
        </annotation>
    </item>
    <item name='sun.security.x509.GeneralNameInterface int getType()'>
        <annotation name='com.intellij.inspections.tainted.annotation.equation.Equations'>
            <val val="{ &quot;getType := X500Name#getType() &amp; URIName#getType() &amp; EDIPartyName#getType() &amp; RFC822Name#getType() &amp; DNSName#getType() &amp; OIDName#getType() &amp; OtherName#getType() &amp; IPAddressName#getType() &amp; X400Address#getType()&quot; }"/>
        </annotation>
    </item>
    <item name='sun.security.x509.GeneralNameInterface int subtreeDepth()'>
        <annotation name='com.intellij.inspections.tainted.annotation.equation.Equations'>
            <val val="{ &quot;subtreeDepth := X500Name#subtreeDepth() &amp; URIName#subtreeDepth() &amp; EDIPartyName#subtreeDepth() &amp; RFC822Name#subtreeDepth() &amp; DNSName#subtreeDepth() &amp; OIDName#subtreeDepth() &amp; OtherName#subtreeDepth() &amp; IPAddressName#subtreeDepth() &amp; X400Address#subtreeDepth()&quot; }"/>
        </annotation>
    </item>
    <item name='sun.security.x509.GeneralNameInterface void encode(sun.security.util.DerOutputStream)'>
        <annotation name='com.intellij.inspections.tainted.annotation.equation.Equations'>
            <val val="{ &quot;derOutputStream := X500Name#encode(sun.security.util.DerOutputStream)#0 &amp; URIName#encode(sun.security.util.DerOutputStream)#0 &amp; EDIPartyName#encode(sun.security.util.DerOutputStream)#0 &amp; RFC822Name#encode(sun.security.util.DerOutputStream)#0 &amp; DNSName#encode(sun.security.util.DerOutputStream)#0 &amp; OIDName#encode(sun.security.util.DerOutputStream)#0 &amp; OtherName#encode(sun.security.util.DerOutputStream)#0 &amp; IPAddressName#encode(sun.security.util.DerOutputStream)#0 &amp; X400Address#encode(sun.security.util.DerOutputStream)#0&quot; }"/>
        </annotation>
    </item>
</root>