<root>
    <item name='sun.java2d.pipe.BufferedContext'>
        <annotation name='com.intellij.inspections.tainted.annotation.equation.Equations'>
            <val val="{ &quot;BufferedContext := sun.java2d.opengl.OGLContext&quot; }"/>
        </annotation>
    </item>
    <item name='sun.java2d.pipe.BufferedContext sun.java2d.pipe.RenderQueue getRenderQueue()'>
        <annotation name='com.intellij.inspections.tainted.annotation.equation.Equations'>
            <val val="{ &quot;getRenderQueue := sun.java2d.opengl.OGLContext#getRenderQueue()&quot; }"/>
        </annotation>
    </item>
    <item name='sun.java2d.pipe.CompositePipe boolean needTile(java.lang.Object, int, int, int, int)'>
        <annotation name='com.intellij.inspections.tainted.annotation.equation.Equations'>
            <val val="{ &quot;i3 := SpanClipRenderer#needTile(java.lang.Object, int, int, int, int)#4 &amp; AlphaPaintPipe#needTile(java.lang.Object, int, int, int, int)#4 &amp; GeneralCompositePipe#needTile(java.lang.Object, int, int, int, int)#4 &amp; AlphaColorPipe#needTile(java.lang.Object, int, int, int, int)#4&quot;, &quot;i1 := SpanClipRenderer#needTile(java.lang.Object, int, int, int, int)#2 &amp; AlphaPaintPipe#needTile(java.lang.Object, int, int, int, int)#2 &amp; GeneralCompositePipe#needTile(java.lang.Object, int, int, int, int)#2 &amp; AlphaColorPipe#needTile(java.lang.Object, int, int, int, int)#2&quot;, &quot;o := SpanClipRenderer#needTile(java.lang.Object, int, int, int, int)#0 &amp; AlphaPaintPipe#needTile(java.lang.Object, int, int, int, int)#0 &amp; GeneralCompositePipe#needTile(java.lang.Object, int, int, int, int)#0 &amp; AlphaColorPipe#needTile(java.lang.Object, int, int, int, int)#0&quot;, &quot;i2 := SpanClipRenderer#needTile(java.lang.Object, int, int, int, int)#3 &amp; AlphaPaintPipe#needTile(java.lang.Object, int, int, int, int)#3 &amp; GeneralCompositePipe#needTile(java.lang.Object, int, int, int, int)#3 &amp; AlphaColorPipe#needTile(java.lang.Object, int, int, int, int)#3&quot;, &quot;i := SpanClipRenderer#needTile(java.lang.Object, int, int, int, int)#1 &amp; AlphaPaintPipe#needTile(java.lang.Object, int, int, int, int)#1 &amp; GeneralCompositePipe#needTile(java.lang.Object, int, int, int, int)#1 &amp; AlphaColorPipe#needTile(java.lang.Object, int, int, int, int)#1&quot; }"/>
        </annotation>
    </item>
    <item name='sun.java2d.pipe.CompositePipe java.lang.Object startSequence(sun.java2d.SunGraphics2D, java.awt.Shape, java.awt.Rectangle, int[])'>
        <annotation name='com.intellij.inspections.tainted.annotation.equation.Equations'>
            <val val="{ &quot;shape := SpanClipRenderer#startSequence(sun.java2d.SunGraphics2D, java.awt.Shape, java.awt.Rectangle, int[])#1 &amp; AlphaPaintPipe#startSequence(sun.java2d.SunGraphics2D, java.awt.Shape, java.awt.Rectangle, int[])#1 &amp; GeneralCompositePipe#startSequence(sun.java2d.SunGraphics2D, java.awt.Shape, java.awt.Rectangle, int[])#1 &amp; AlphaColorPipe#startSequence(sun.java2d.SunGraphics2D, java.awt.Shape, java.awt.Rectangle, int[])#1&quot;, &quot;startSequence := SpanClipRenderer#startSequence(sun.java2d.SunGraphics2D, java.awt.Shape, java.awt.Rectangle, int[]) &amp; AlphaPaintPipe#startSequence(sun.java2d.SunGraphics2D, java.awt.Shape, java.awt.Rectangle, int[]) &amp; GeneralCompositePipe#startSequence(sun.java2d.SunGraphics2D, java.awt.Shape, java.awt.Rectangle, int[]) &amp; AlphaColorPipe#startSequence(sun.java2d.SunGraphics2D, java.awt.Shape, java.awt.Rectangle, int[])&quot;, &quot;ints := SpanClipRenderer#startSequence(sun.java2d.SunGraphics2D, java.awt.Shape, java.awt.Rectangle, int[])#3 &amp; AlphaPaintPipe#startSequence(sun.java2d.SunGraphics2D, java.awt.Shape, java.awt.Rectangle, int[])#3 &amp; GeneralCompositePipe#startSequence(sun.java2d.SunGraphics2D, java.awt.Shape, java.awt.Rectangle, int[])#3 &amp; AlphaColorPipe#startSequence(sun.java2d.SunGraphics2D, java.awt.Shape, java.awt.Rectangle, int[])#3&quot;, &quot;sunGraphics2D := SpanClipRenderer#startSequence(sun.java2d.SunGraphics2D, java.awt.Shape, java.awt.Rectangle, int[])#0 &amp; AlphaPaintPipe#startSequence(sun.java2d.SunGraphics2D, java.awt.Shape, java.awt.Rectangle, int[])#0 &amp; GeneralCompositePipe#startSequence(sun.java2d.SunGraphics2D, java.awt.Shape, java.awt.Rectangle, int[])#0 &amp; AlphaColorPipe#startSequence(sun.java2d.SunGraphics2D, java.awt.Shape, java.awt.Rectangle, int[])#0&quot;, &quot;rectangle := SpanClipRenderer#startSequence(sun.java2d.SunGraphics2D, java.awt.Shape, java.awt.Rectangle, int[])#2 &amp; AlphaPaintPipe#startSequence(sun.java2d.SunGraphics2D, java.awt.Shape, java.awt.Rectangle, int[])#2 &amp; GeneralCompositePipe#startSequence(sun.java2d.SunGraphics2D, java.awt.Shape, java.awt.Rectangle, int[])#2 &amp; AlphaColorPipe#startSequence(sun.java2d.SunGraphics2D, java.awt.Shape, java.awt.Rectangle, int[])#2&quot; }"/>
        </annotation>
    </item>
    <item name='sun.java2d.pipe.CompositePipe void endSequence(java.lang.Object)'>
        <annotation name='com.intellij.inspections.tainted.annotation.equation.Equations'>
            <val val="{ &quot;o := SpanClipRenderer#endSequence(java.lang.Object)#0 &amp; AlphaPaintPipe#endSequence(java.lang.Object)#0 &amp; GeneralCompositePipe#endSequence(java.lang.Object)#0 &amp; AlphaColorPipe#endSequence(java.lang.Object)#0&quot; }"/>
        </annotation>
    </item>
    <item name='sun.java2d.pipe.CompositePipe void renderPathTile(java.lang.Object, byte[], int, int, int, int, int, int)'>
        <annotation name='com.intellij.inspections.tainted.annotation.equation.Equations'>
            <val val="{ &quot;o := AlphaPaintPipe#renderPathTile(java.lang.Object, byte[], int, int, int, int, int, int)#0 &amp; GeneralCompositePipe#renderPathTile(java.lang.Object, byte[], int, int, int, int, int, int)#0 &amp; SpanClipRenderer#renderPathTile(java.lang.Object, byte[], int, int, int, int, int, int)#0 &amp; AlphaColorPipe#renderPathTile(java.lang.Object, byte[], int, int, int, int, int, int)#0&quot;, &quot;i4 := AlphaPaintPipe#renderPathTile(java.lang.Object, byte[], int, int, int, int, int, int)#6 &amp; GeneralCompositePipe#renderPathTile(java.lang.Object, byte[], int, int, int, int, int, int)#6 &amp; SpanClipRenderer#renderPathTile(java.lang.Object, byte[], int, int, int, int, int, int)#6 &amp; AlphaColorPipe#renderPathTile(java.lang.Object, byte[], int, int, int, int, int, int)#6&quot;, &quot;i2 := AlphaPaintPipe#renderPathTile(java.lang.Object, byte[], int, int, int, int, int, int)#4 &amp; GeneralCompositePipe#renderPathTile(java.lang.Object, byte[], int, int, int, int, int, int)#4 &amp; SpanClipRenderer#renderPathTile(java.lang.Object, byte[], int, int, int, int, int, int)#4 &amp; AlphaColorPipe#renderPathTile(java.lang.Object, byte[], int, int, int, int, int, int)#4&quot;, &quot;i := AlphaPaintPipe#renderPathTile(java.lang.Object, byte[], int, int, int, int, int, int)#2 &amp; GeneralCompositePipe#renderPathTile(java.lang.Object, byte[], int, int, int, int, int, int)#2 &amp; SpanClipRenderer#renderPathTile(java.lang.Object, byte[], int, int, int, int, int, int)#2 &amp; AlphaColorPipe#renderPathTile(java.lang.Object, byte[], int, int, int, int, int, int)#2&quot;, &quot;bytes := AlphaPaintPipe#renderPathTile(java.lang.Object, byte[], int, int, int, int, int, int)#1 &amp; GeneralCompositePipe#renderPathTile(java.lang.Object, byte[], int, int, int, int, int, int)#1 &amp; SpanClipRenderer#renderPathTile(java.lang.Object, byte[], int, int, int, int, int, int)#1 &amp; AlphaColorPipe#renderPathTile(java.lang.Object, byte[], int, int, int, int, int, int)#1&quot;, &quot;i3 := AlphaPaintPipe#renderPathTile(java.lang.Object, byte[], int, int, int, int, int, int)#5 &amp; GeneralCompositePipe#renderPathTile(java.lang.Object, byte[], int, int, int, int, int, int)#5 &amp; SpanClipRenderer#renderPathTile(java.lang.Object, byte[], int, int, int, int, int, int)#5 &amp; AlphaColorPipe#renderPathTile(java.lang.Object, byte[], int, int, int, int, int, int)#5&quot;, &quot;i5 := AlphaPaintPipe#renderPathTile(java.lang.Object, byte[], int, int, int, int, int, int)#7 &amp; GeneralCompositePipe#renderPathTile(java.lang.Object, byte[], int, int, int, int, int, int)#7 &amp; SpanClipRenderer#renderPathTile(java.lang.Object, byte[], int, int, int, int, int, int)#7 &amp; AlphaColorPipe#renderPathTile(java.lang.Object, byte[], int, int, int, int, int, int)#7&quot;, &quot;i1 := AlphaPaintPipe#renderPathTile(java.lang.Object, byte[], int, int, int, int, int, int)#3 &amp; GeneralCompositePipe#renderPathTile(java.lang.Object, byte[], int, int, int, int, int, int)#3 &amp; SpanClipRenderer#renderPathTile(java.lang.Object, byte[], int, int, int, int, int, int)#3 &amp; AlphaColorPipe#renderPathTile(java.lang.Object, byte[], int, int, int, int, int, int)#3&quot; }"/>
        </annotation>
    </item>
    <item name='sun.java2d.pipe.CompositePipe void skipTile(java.lang.Object, int, int)'>
        <annotation name='com.intellij.inspections.tainted.annotation.equation.Equations'>
            <val val="{ &quot;i := SpanClipRenderer#skipTile(java.lang.Object, int, int)#1 &amp; AlphaPaintPipe#skipTile(java.lang.Object, int, int)#1 &amp; GeneralCompositePipe#skipTile(java.lang.Object, int, int)#1 &amp; AlphaColorPipe#skipTile(java.lang.Object, int, int)#1&quot;, &quot;o := SpanClipRenderer#skipTile(java.lang.Object, int, int)#0 &amp; AlphaPaintPipe#skipTile(java.lang.Object, int, int)#0 &amp; GeneralCompositePipe#skipTile(java.lang.Object, int, int)#0 &amp; AlphaColorPipe#skipTile(java.lang.Object, int, int)#0&quot;, &quot;i1 := SpanClipRenderer#skipTile(java.lang.Object, int, int)#2 &amp; AlphaPaintPipe#skipTile(java.lang.Object, int, int)#2 &amp; GeneralCompositePipe#skipTile(java.lang.Object, int, int)#2 &amp; AlphaColorPipe#skipTile(java.lang.Object, int, int)#2&quot; }"/>
        </annotation>
    </item>
    <item name='sun.java2d.pipe.DrawImagePipe boolean copyImage(sun.java2d.SunGraphics2D, java.awt.Image, int, int, int, int, int, int, java.awt.Color, java.awt.image.ImageObserver)'>
        <annotation name='com.intellij.inspections.tainted.annotation.equation.Equations'>
            <val val="{ &quot;i1 := DrawImage#copyImage(sun.java2d.SunGraphics2D, java.awt.Image, int, int, int, int, int, int, java.awt.Color, java.awt.image.ImageObserver)#3 &amp; ValidatePipe#copyImage(sun.java2d.SunGraphics2D, java.awt.Image, int, int, int, int, int, int, java.awt.Color, java.awt.image.ImageObserver)#3 &amp; NullPipe#copyImage(sun.java2d.SunGraphics2D, java.awt.Image, int, int, int, int, int, int, java.awt.Color, java.awt.image.ImageObserver)#3&quot;, &quot;i2 := DrawImage#copyImage(sun.java2d.SunGraphics2D, java.awt.Image, int, int, int, int, int, int, java.awt.Color, java.awt.image.ImageObserver)#4 &amp; ValidatePipe#copyImage(sun.java2d.SunGraphics2D, java.awt.Image, int, int, int, int, int, int, java.awt.Color, java.awt.image.ImageObserver)#4 &amp; NullPipe#copyImage(sun.java2d.SunGraphics2D, java.awt.Image, int, int, int, int, int, int, java.awt.Color, java.awt.image.ImageObserver)#4&quot;, &quot;image := DrawImage#copyImage(sun.java2d.SunGraphics2D, java.awt.Image, int, int, int, int, int, int, java.awt.Color, java.awt.image.ImageObserver)#1 &amp; ValidatePipe#copyImage(sun.java2d.SunGraphics2D, java.awt.Image, int, int, int, int, int, int, java.awt.Color, java.awt.image.ImageObserver)#1 &amp; NullPipe#copyImage(sun.java2d.SunGraphics2D, java.awt.Image, int, int, int, int, int, int, java.awt.Color, java.awt.image.ImageObserver)#1&quot;, &quot;imageObserver := DrawImage#copyImage(sun.java2d.SunGraphics2D, java.awt.Image, int, int, int, int, int, int, java.awt.Color, java.awt.image.ImageObserver)#9 &amp; ValidatePipe#copyImage(sun.java2d.SunGraphics2D, java.awt.Image, int, int, int, int, int, int, java.awt.Color, java.awt.image.ImageObserver)#9 &amp; NullPipe#copyImage(sun.java2d.SunGraphics2D, java.awt.Image, int, int, int, int, int, int, java.awt.Color, java.awt.image.ImageObserver)#9&quot;, &quot;i4 := DrawImage#copyImage(sun.java2d.SunGraphics2D, java.awt.Image, int, int, int, int, int, int, java.awt.Color, java.awt.image.ImageObserver)#6 &amp; ValidatePipe#copyImage(sun.java2d.SunGraphics2D, java.awt.Image, int, int, int, int, int, int, java.awt.Color, java.awt.image.ImageObserver)#6 &amp; NullPipe#copyImage(sun.java2d.SunGraphics2D, java.awt.Image, int, int, int, int, int, int, java.awt.Color, java.awt.image.ImageObserver)#6&quot;, &quot;i5 := DrawImage#copyImage(sun.java2d.SunGraphics2D, java.awt.Image, int, int, int, int, int, int, java.awt.Color, java.awt.image.ImageObserver)#7 &amp; ValidatePipe#copyImage(sun.java2d.SunGraphics2D, java.awt.Image, int, int, int, int, int, int, java.awt.Color, java.awt.image.ImageObserver)#7 &amp; NullPipe#copyImage(sun.java2d.SunGraphics2D, java.awt.Image, int, int, int, int, int, int, java.awt.Color, java.awt.image.ImageObserver)#7&quot;, &quot;sunGraphics2D := DrawImage#copyImage(sun.java2d.SunGraphics2D, java.awt.Image, int, int, int, int, int, int, java.awt.Color, java.awt.image.ImageObserver)#0 &amp; ValidatePipe#copyImage(sun.java2d.SunGraphics2D, java.awt.Image, int, int, int, int, int, int, java.awt.Color, java.awt.image.ImageObserver)#0 &amp; NullPipe#copyImage(sun.java2d.SunGraphics2D, java.awt.Image, int, int, int, int, int, int, java.awt.Color, java.awt.image.ImageObserver)#0&quot;, &quot;i := DrawImage#copyImage(sun.java2d.SunGraphics2D, java.awt.Image, int, int, int, int, int, int, java.awt.Color, java.awt.image.ImageObserver)#2 &amp; ValidatePipe#copyImage(sun.java2d.SunGraphics2D, java.awt.Image, int, int, int, int, int, int, java.awt.Color, java.awt.image.ImageObserver)#2 &amp; NullPipe#copyImage(sun.java2d.SunGraphics2D, java.awt.Image, int, int, int, int, int, int, java.awt.Color, java.awt.image.ImageObserver)#2&quot;, &quot;color := DrawImage#copyImage(sun.java2d.SunGraphics2D, java.awt.Image, int, int, int, int, int, int, java.awt.Color, java.awt.image.ImageObserver)#8 &amp; ValidatePipe#copyImage(sun.java2d.SunGraphics2D, java.awt.Image, int, int, int, int, int, int, java.awt.Color, java.awt.image.ImageObserver)#8 &amp; NullPipe#copyImage(sun.java2d.SunGraphics2D, java.awt.Image, int, int, int, int, int, int, java.awt.Color, java.awt.image.ImageObserver)#8&quot;, &quot;i3 := DrawImage#copyImage(sun.java2d.SunGraphics2D, java.awt.Image, int, int, int, int, int, int, java.awt.Color, java.awt.image.ImageObserver)#5 &amp; ValidatePipe#copyImage(sun.java2d.SunGraphics2D, java.awt.Image, int, int, int, int, int, int, java.awt.Color, java.awt.image.ImageObserver)#5 &amp; NullPipe#copyImage(sun.java2d.SunGraphics2D, java.awt.Image, int, int, int, int, int, int, java.awt.Color, java.awt.image.ImageObserver)#5&quot; }"/>
        </annotation>
    </item>
    <item name='sun.java2d.pipe.DrawImagePipe boolean copyImage(sun.java2d.SunGraphics2D, java.awt.Image, int, int, java.awt.Color, java.awt.image.ImageObserver)'>
        <annotation name='com.intellij.inspections.tainted.annotation.equation.Equations'>
            <val val="{ &quot;color := DrawImage#copyImage(sun.java2d.SunGraphics2D, java.awt.Image, int, int, java.awt.Color, java.awt.image.ImageObserver)#4 &amp; ValidatePipe#copyImage(sun.java2d.SunGraphics2D, java.awt.Image, int, int, java.awt.Color, java.awt.image.ImageObserver)#4 &amp; NullPipe#copyImage(sun.java2d.SunGraphics2D, java.awt.Image, int, int, java.awt.Color, java.awt.image.ImageObserver)#4&quot;, &quot;imageObserver := DrawImage#copyImage(sun.java2d.SunGraphics2D, java.awt.Image, int, int, java.awt.Color, java.awt.image.ImageObserver)#5 &amp; ValidatePipe#copyImage(sun.java2d.SunGraphics2D, java.awt.Image, int, int, java.awt.Color, java.awt.image.ImageObserver)#5 &amp; NullPipe#copyImage(sun.java2d.SunGraphics2D, java.awt.Image, int, int, java.awt.Color, java.awt.image.ImageObserver)#5&quot;, &quot;image := DrawImage#copyImage(sun.java2d.SunGraphics2D, java.awt.Image, int, int, java.awt.Color, java.awt.image.ImageObserver)#1 &amp; ValidatePipe#copyImage(sun.java2d.SunGraphics2D, java.awt.Image, int, int, java.awt.Color, java.awt.image.ImageObserver)#1 &amp; NullPipe#copyImage(sun.java2d.SunGraphics2D, java.awt.Image, int, int, java.awt.Color, java.awt.image.ImageObserver)#1&quot;, &quot;i := DrawImage#copyImage(sun.java2d.SunGraphics2D, java.awt.Image, int, int, java.awt.Color, java.awt.image.ImageObserver)#2 &amp; ValidatePipe#copyImage(sun.java2d.SunGraphics2D, java.awt.Image, int, int, java.awt.Color, java.awt.image.ImageObserver)#2 &amp; NullPipe#copyImage(sun.java2d.SunGraphics2D, java.awt.Image, int, int, java.awt.Color, java.awt.image.ImageObserver)#2&quot;, &quot;i1 := DrawImage#copyImage(sun.java2d.SunGraphics2D, java.awt.Image, int, int, java.awt.Color, java.awt.image.ImageObserver)#3 &amp; ValidatePipe#copyImage(sun.java2d.SunGraphics2D, java.awt.Image, int, int, java.awt.Color, java.awt.image.ImageObserver)#3 &amp; NullPipe#copyImage(sun.java2d.SunGraphics2D, java.awt.Image, int, int, java.awt.Color, java.awt.image.ImageObserver)#3&quot;, &quot;sunGraphics2D := DrawImage#copyImage(sun.java2d.SunGraphics2D, java.awt.Image, int, int, java.awt.Color, java.awt.image.ImageObserver)#0 &amp; ValidatePipe#copyImage(sun.java2d.SunGraphics2D, java.awt.Image, int, int, java.awt.Color, java.awt.image.ImageObserver)#0 &amp; NullPipe#copyImage(sun.java2d.SunGraphics2D, java.awt.Image, int, int, java.awt.Color, java.awt.image.ImageObserver)#0&quot; }"/>
        </annotation>
    </item>
    <item name='sun.java2d.pipe.DrawImagePipe boolean scaleImage(sun.java2d.SunGraphics2D, java.awt.Image, int, int, int, int, int, int, int, int, java.awt.Color, java.awt.image.ImageObserver)'>
        <annotation name='com.intellij.inspections.tainted.annotation.equation.Equations'>
            <val val="{ &quot;i7 := DrawImage#scaleImage(sun.java2d.SunGraphics2D, java.awt.Image, int, int, int, int, int, int, int, int, java.awt.Color, java.awt.image.ImageObserver)#9 &amp; ValidatePipe#scaleImage(sun.java2d.SunGraphics2D, java.awt.Image, int, int, int, int, int, int, int, int, java.awt.Color, java.awt.image.ImageObserver)#9 &amp; NullPipe#scaleImage(sun.java2d.SunGraphics2D, java.awt.Image, int, int, int, int, int, int, int, int, java.awt.Color, java.awt.image.ImageObserver)#9&quot;, &quot;imageObserver := DrawImage#scaleImage(sun.java2d.SunGraphics2D, java.awt.Image, int, int, int, int, int, int, int, int, java.awt.Color, java.awt.image.ImageObserver)#11 &amp; ValidatePipe#scaleImage(sun.java2d.SunGraphics2D, java.awt.Image, int, int, int, int, int, int, int, int, java.awt.Color, java.awt.image.ImageObserver)#11 &amp; NullPipe#scaleImage(sun.java2d.SunGraphics2D, java.awt.Image, int, int, int, int, int, int, int, int, java.awt.Color, java.awt.image.ImageObserver)#11&quot;, &quot;image := DrawImage#scaleImage(sun.java2d.SunGraphics2D, java.awt.Image, int, int, int, int, int, int, int, int, java.awt.Color, java.awt.image.ImageObserver)#1 &amp; ValidatePipe#scaleImage(sun.java2d.SunGraphics2D, java.awt.Image, int, int, int, int, int, int, int, int, java.awt.Color, java.awt.image.ImageObserver)#1 &amp; NullPipe#scaleImage(sun.java2d.SunGraphics2D, java.awt.Image, int, int, int, int, int, int, int, int, java.awt.Color, java.awt.image.ImageObserver)#1&quot;, &quot;color := DrawImage#scaleImage(sun.java2d.SunGraphics2D, java.awt.Image, int, int, int, int, int, int, int, int, java.awt.Color, java.awt.image.ImageObserver)#10 &amp; ValidatePipe#scaleImage(sun.java2d.SunGraphics2D, java.awt.Image, int, int, int, int, int, int, int, int, java.awt.Color, java.awt.image.ImageObserver)#10 &amp; NullPipe#scaleImage(sun.java2d.SunGraphics2D, java.awt.Image, int, int, int, int, int, int, int, int, java.awt.Color, java.awt.image.ImageObserver)#10&quot;, &quot;i3 := DrawImage#scaleImage(sun.java2d.SunGraphics2D, java.awt.Image, int, int, int, int, int, int, int, int, java.awt.Color, java.awt.image.ImageObserver)#5 &amp; ValidatePipe#scaleImage(sun.java2d.SunGraphics2D, java.awt.Image, int, int, int, int, int, int, int, int, java.awt.Color, java.awt.image.ImageObserver)#5 &amp; NullPipe#scaleImage(sun.java2d.SunGraphics2D, java.awt.Image, int, int, int, int, int, int, int, int, java.awt.Color, java.awt.image.ImageObserver)#5&quot;, &quot;sunGraphics2D := DrawImage#scaleImage(sun.java2d.SunGraphics2D, java.awt.Image, int, int, int, int, int, int, int, int, java.awt.Color, java.awt.image.ImageObserver)#0 &amp; ValidatePipe#scaleImage(sun.java2d.SunGraphics2D, java.awt.Image, int, int, int, int, int, int, int, int, java.awt.Color, java.awt.image.ImageObserver)#0 &amp; NullPipe#scaleImage(sun.java2d.SunGraphics2D, java.awt.Image, int, int, int, int, int, int, int, int, java.awt.Color, java.awt.image.ImageObserver)#0&quot;, &quot;i2 := DrawImage#scaleImage(sun.java2d.SunGraphics2D, java.awt.Image, int, int, int, int, int, int, int, int, java.awt.Color, java.awt.image.ImageObserver)#4 &amp; ValidatePipe#scaleImage(sun.java2d.SunGraphics2D, java.awt.Image, int, int, int, int, int, int, int, int, java.awt.Color, java.awt.image.ImageObserver)#4 &amp; NullPipe#scaleImage(sun.java2d.SunGraphics2D, java.awt.Image, int, int, int, int, int, int, int, int, java.awt.Color, java.awt.image.ImageObserver)#4&quot;, &quot;i5 := DrawImage#scaleImage(sun.java2d.SunGraphics2D, java.awt.Image, int, int, int, int, int, int, int, int, java.awt.Color, java.awt.image.ImageObserver)#7 &amp; ValidatePipe#scaleImage(sun.java2d.SunGraphics2D, java.awt.Image, int, int, int, int, int, int, int, int, java.awt.Color, java.awt.image.ImageObserver)#7 &amp; NullPipe#scaleImage(sun.java2d.SunGraphics2D, java.awt.Image, int, int, int, int, int, int, int, int, java.awt.Color, java.awt.image.ImageObserver)#7&quot;, &quot;i := DrawImage#scaleImage(sun.java2d.SunGraphics2D, java.awt.Image, int, int, int, int, int, int, int, int, java.awt.Color, java.awt.image.ImageObserver)#2 &amp; ValidatePipe#scaleImage(sun.java2d.SunGraphics2D, java.awt.Image, int, int, int, int, int, int, int, int, java.awt.Color, java.awt.image.ImageObserver)#2 &amp; NullPipe#scaleImage(sun.java2d.SunGraphics2D, java.awt.Image, int, int, int, int, int, int, int, int, java.awt.Color, java.awt.image.ImageObserver)#2&quot;, &quot;i1 := DrawImage#scaleImage(sun.java2d.SunGraphics2D, java.awt.Image, int, int, int, int, int, int, int, int, java.awt.Color, java.awt.image.ImageObserver)#3 &amp; ValidatePipe#scaleImage(sun.java2d.SunGraphics2D, java.awt.Image, int, int, int, int, int, int, int, int, java.awt.Color, java.awt.image.ImageObserver)#3 &amp; NullPipe#scaleImage(sun.java2d.SunGraphics2D, java.awt.Image, int, int, int, int, int, int, int, int, java.awt.Color, java.awt.image.ImageObserver)#3&quot;, &quot;i6 := DrawImage#scaleImage(sun.java2d.SunGraphics2D, java.awt.Image, int, int, int, int, int, int, int, int, java.awt.Color, java.awt.image.ImageObserver)#8 &amp; ValidatePipe#scaleImage(sun.java2d.SunGraphics2D, java.awt.Image, int, int, int, int, int, int, int, int, java.awt.Color, java.awt.image.ImageObserver)#8 &amp; NullPipe#scaleImage(sun.java2d.SunGraphics2D, java.awt.Image, int, int, int, int, int, int, int, int, java.awt.Color, java.awt.image.ImageObserver)#8&quot;, &quot;i4 := DrawImage#scaleImage(sun.java2d.SunGraphics2D, java.awt.Image, int, int, int, int, int, int, int, int, java.awt.Color, java.awt.image.ImageObserver)#6 &amp; ValidatePipe#scaleImage(sun.java2d.SunGraphics2D, java.awt.Image, int, int, int, int, int, int, int, int, java.awt.Color, java.awt.image.ImageObserver)#6 &amp; NullPipe#scaleImage(sun.java2d.SunGraphics2D, java.awt.Image, int, int, int, int, int, int, int, int, java.awt.Color, java.awt.image.ImageObserver)#6&quot; }"/>
        </annotation>
    </item>
    <item name='sun.java2d.pipe.DrawImagePipe boolean scaleImage(sun.java2d.SunGraphics2D, java.awt.Image, int, int, int, int, java.awt.Color, java.awt.image.ImageObserver)'>
        <annotation name='com.intellij.inspections.tainted.annotation.equation.Equations'>
            <val val="{ &quot;sunGraphics2D := DrawImage#scaleImage(sun.java2d.SunGraphics2D, java.awt.Image, int, int, int, int, java.awt.Color, java.awt.image.ImageObserver)#0 &amp; ValidatePipe#scaleImage(sun.java2d.SunGraphics2D, java.awt.Image, int, int, int, int, java.awt.Color, java.awt.image.ImageObserver)#0 &amp; NullPipe#scaleImage(sun.java2d.SunGraphics2D, java.awt.Image, int, int, int, int, java.awt.Color, java.awt.image.ImageObserver)#0&quot;, &quot;i2 := DrawImage#scaleImage(sun.java2d.SunGraphics2D, java.awt.Image, int, int, int, int, java.awt.Color, java.awt.image.ImageObserver)#4 &amp; ValidatePipe#scaleImage(sun.java2d.SunGraphics2D, java.awt.Image, int, int, int, int, java.awt.Color, java.awt.image.ImageObserver)#4 &amp; NullPipe#scaleImage(sun.java2d.SunGraphics2D, java.awt.Image, int, int, int, int, java.awt.Color, java.awt.image.ImageObserver)#4&quot;, &quot;image := DrawImage#scaleImage(sun.java2d.SunGraphics2D, java.awt.Image, int, int, int, int, java.awt.Color, java.awt.image.ImageObserver)#1 &amp; ValidatePipe#scaleImage(sun.java2d.SunGraphics2D, java.awt.Image, int, int, int, int, java.awt.Color, java.awt.image.ImageObserver)#1 &amp; NullPipe#scaleImage(sun.java2d.SunGraphics2D, java.awt.Image, int, int, int, int, java.awt.Color, java.awt.image.ImageObserver)#1&quot;, &quot;imageObserver := DrawImage#scaleImage(sun.java2d.SunGraphics2D, java.awt.Image, int, int, int, int, java.awt.Color, java.awt.image.ImageObserver)#7 &amp; ValidatePipe#scaleImage(sun.java2d.SunGraphics2D, java.awt.Image, int, int, int, int, java.awt.Color, java.awt.image.ImageObserver)#7 &amp; NullPipe#scaleImage(sun.java2d.SunGraphics2D, java.awt.Image, int, int, int, int, java.awt.Color, java.awt.image.ImageObserver)#7&quot;, &quot;i1 := DrawImage#scaleImage(sun.java2d.SunGraphics2D, java.awt.Image, int, int, int, int, java.awt.Color, java.awt.image.ImageObserver)#3 &amp; ValidatePipe#scaleImage(sun.java2d.SunGraphics2D, java.awt.Image, int, int, int, int, java.awt.Color, java.awt.image.ImageObserver)#3 &amp; NullPipe#scaleImage(sun.java2d.SunGraphics2D, java.awt.Image, int, int, int, int, java.awt.Color, java.awt.image.ImageObserver)#3&quot;, &quot;i3 := DrawImage#scaleImage(sun.java2d.SunGraphics2D, java.awt.Image, int, int, int, int, java.awt.Color, java.awt.image.ImageObserver)#5 &amp; ValidatePipe#scaleImage(sun.java2d.SunGraphics2D, java.awt.Image, int, int, int, int, java.awt.Color, java.awt.image.ImageObserver)#5 &amp; NullPipe#scaleImage(sun.java2d.SunGraphics2D, java.awt.Image, int, int, int, int, java.awt.Color, java.awt.image.ImageObserver)#5&quot;, &quot;i := DrawImage#scaleImage(sun.java2d.SunGraphics2D, java.awt.Image, int, int, int, int, java.awt.Color, java.awt.image.ImageObserver)#2 &amp; ValidatePipe#scaleImage(sun.java2d.SunGraphics2D, java.awt.Image, int, int, int, int, java.awt.Color, java.awt.image.ImageObserver)#2 &amp; NullPipe#scaleImage(sun.java2d.SunGraphics2D, java.awt.Image, int, int, int, int, java.awt.Color, java.awt.image.ImageObserver)#2&quot;, &quot;color := DrawImage#scaleImage(sun.java2d.SunGraphics2D, java.awt.Image, int, int, int, int, java.awt.Color, java.awt.image.ImageObserver)#6 &amp; ValidatePipe#scaleImage(sun.java2d.SunGraphics2D, java.awt.Image, int, int, int, int, java.awt.Color, java.awt.image.ImageObserver)#6 &amp; NullPipe#scaleImage(sun.java2d.SunGraphics2D, java.awt.Image, int, int, int, int, java.awt.Color, java.awt.image.ImageObserver)#6&quot; }"/>
        </annotation>
    </item>
    <item name='sun.java2d.pipe.DrawImagePipe boolean transformImage(sun.java2d.SunGraphics2D, java.awt.Image, java.awt.geom.AffineTransform, java.awt.image.ImageObserver)'>
        <annotation name='com.intellij.inspections.tainted.annotation.equation.Equations'>
            <val val="{ &quot;imageObserver := DrawImage#transformImage(sun.java2d.SunGraphics2D, java.awt.Image, java.awt.geom.AffineTransform, java.awt.image.ImageObserver)#3 &amp; ValidatePipe#transformImage(sun.java2d.SunGraphics2D, java.awt.Image, java.awt.geom.AffineTransform, java.awt.image.ImageObserver)#3 &amp; NullPipe#transformImage(sun.java2d.SunGraphics2D, java.awt.Image, java.awt.geom.AffineTransform, java.awt.image.ImageObserver)#3&quot;, &quot;affineTransform := DrawImage#transformImage(sun.java2d.SunGraphics2D, java.awt.Image, java.awt.geom.AffineTransform, java.awt.image.ImageObserver)#2 &amp; ValidatePipe#transformImage(sun.java2d.SunGraphics2D, java.awt.Image, java.awt.geom.AffineTransform, java.awt.image.ImageObserver)#2 &amp; NullPipe#transformImage(sun.java2d.SunGraphics2D, java.awt.Image, java.awt.geom.AffineTransform, java.awt.image.ImageObserver)#2&quot;, &quot;sunGraphics2D := DrawImage#transformImage(sun.java2d.SunGraphics2D, java.awt.Image, java.awt.geom.AffineTransform, java.awt.image.ImageObserver)#0 &amp; ValidatePipe#transformImage(sun.java2d.SunGraphics2D, java.awt.Image, java.awt.geom.AffineTransform, java.awt.image.ImageObserver)#0 &amp; NullPipe#transformImage(sun.java2d.SunGraphics2D, java.awt.Image, java.awt.geom.AffineTransform, java.awt.image.ImageObserver)#0&quot;, &quot;image := DrawImage#transformImage(sun.java2d.SunGraphics2D, java.awt.Image, java.awt.geom.AffineTransform, java.awt.image.ImageObserver)#1 &amp; ValidatePipe#transformImage(sun.java2d.SunGraphics2D, java.awt.Image, java.awt.geom.AffineTransform, java.awt.image.ImageObserver)#1 &amp; NullPipe#transformImage(sun.java2d.SunGraphics2D, java.awt.Image, java.awt.geom.AffineTransform, java.awt.image.ImageObserver)#1&quot; }"/>
        </annotation>
    </item>
    <item name='sun.java2d.pipe.DrawImagePipe void transformImage(sun.java2d.SunGraphics2D, java.awt.image.BufferedImage, java.awt.image.BufferedImageOp, int, int)'>
        <annotation name='com.intellij.inspections.tainted.annotation.equation.Equations'>
            <val val="{ &quot;i1 := DrawImage#transformImage(sun.java2d.SunGraphics2D, java.awt.image.BufferedImage, java.awt.image.BufferedImageOp, int, int)#4 &amp; ValidatePipe#transformImage(sun.java2d.SunGraphics2D, java.awt.image.BufferedImage, java.awt.image.BufferedImageOp, int, int)#4 &amp; NullPipe#transformImage(sun.java2d.SunGraphics2D, java.awt.image.BufferedImage, java.awt.image.BufferedImageOp, int, int)#4&quot;, &quot;i := DrawImage#transformImage(sun.java2d.SunGraphics2D, java.awt.image.BufferedImage, java.awt.image.BufferedImageOp, int, int)#3 &amp; ValidatePipe#transformImage(sun.java2d.SunGraphics2D, java.awt.image.BufferedImage, java.awt.image.BufferedImageOp, int, int)#3 &amp; NullPipe#transformImage(sun.java2d.SunGraphics2D, java.awt.image.BufferedImage, java.awt.image.BufferedImageOp, int, int)#3&quot;, &quot;bufferedImageOp := DrawImage#transformImage(sun.java2d.SunGraphics2D, java.awt.image.BufferedImage, java.awt.image.BufferedImageOp, int, int)#2 &amp; ValidatePipe#transformImage(sun.java2d.SunGraphics2D, java.awt.image.BufferedImage, java.awt.image.BufferedImageOp, int, int)#2 &amp; NullPipe#transformImage(sun.java2d.SunGraphics2D, java.awt.image.BufferedImage, java.awt.image.BufferedImageOp, int, int)#2&quot;, &quot;bufferedImage := DrawImage#transformImage(sun.java2d.SunGraphics2D, java.awt.image.BufferedImage, java.awt.image.BufferedImageOp, int, int)#1 &amp; ValidatePipe#transformImage(sun.java2d.SunGraphics2D, java.awt.image.BufferedImage, java.awt.image.BufferedImageOp, int, int)#1 &amp; NullPipe#transformImage(sun.java2d.SunGraphics2D, java.awt.image.BufferedImage, java.awt.image.BufferedImageOp, int, int)#1&quot;, &quot;sunGraphics2D := DrawImage#transformImage(sun.java2d.SunGraphics2D, java.awt.image.BufferedImage, java.awt.image.BufferedImageOp, int, int)#0 &amp; ValidatePipe#transformImage(sun.java2d.SunGraphics2D, java.awt.image.BufferedImage, java.awt.image.BufferedImageOp, int, int)#0 &amp; NullPipe#transformImage(sun.java2d.SunGraphics2D, java.awt.image.BufferedImage, java.awt.image.BufferedImageOp, int, int)#0&quot; }"/>
        </annotation>
    </item>
    <item name='sun.java2d.pipe.GlyphListLoopPipe'>
        <annotation name='com.intellij.inspections.tainted.annotation.equation.Equations'>
            <val val="{ &quot;GlyphListLoopPipe := SolidTextRenderer &amp; AATextRenderer &amp; LCDTextRenderer&quot; }"/>
        </annotation>
    </item>
    <item name='sun.java2d.pipe.GlyphListPipe'>
        <annotation name='com.intellij.inspections.tainted.annotation.equation.Equations'>
            <val val="{ &quot;GlyphListPipe := TextRenderer&quot; }"/>
        </annotation>
    </item>
    <item name='sun.java2d.pipe.GlyphListPipe void drawGlyphList(sun.java2d.SunGraphics2D, sun.font.GlyphList)'>
        <annotation name='com.intellij.inspections.tainted.annotation.equation.Equations'>
            <val val="{ &quot;sunGraphics2D := LCDTextRenderer#drawGlyphList(sun.java2d.SunGraphics2D, sun.font.GlyphList)#0 &amp; SolidTextRenderer#drawGlyphList(sun.java2d.SunGraphics2D, sun.font.GlyphList)#0 &amp; AATextRenderer#drawGlyphList(sun.java2d.SunGraphics2D, sun.font.GlyphList)#0 &amp; TextRenderer#drawGlyphList(sun.java2d.SunGraphics2D, sun.font.GlyphList)#0&quot;, &quot;glyphList := LCDTextRenderer#drawGlyphList(sun.java2d.SunGraphics2D, sun.font.GlyphList)#1 &amp; SolidTextRenderer#drawGlyphList(sun.java2d.SunGraphics2D, sun.font.GlyphList)#1 &amp; AATextRenderer#drawGlyphList(sun.java2d.SunGraphics2D, sun.font.GlyphList)#1 &amp; TextRenderer#drawGlyphList(sun.java2d.SunGraphics2D, sun.font.GlyphList)#1&quot; }"/>
        </annotation>
    </item>
    <item name='sun.java2d.pipe.ParallelogramPipe void drawParallelogram(sun.java2d.SunGraphics2D, double, double, double, double, double, double, double, double, double, double, double, double)'>
        <annotation name='com.intellij.inspections.tainted.annotation.equation.Equations'>
            <val val="{ &quot;v3 := AAShapePipe#drawParallelogram(sun.java2d.SunGraphics2D, double, double, double, double, double, double, double, double, double, double, double, double)#4 &amp; LoopPipe#drawParallelogram(sun.java2d.SunGraphics2D, double, double, double, double, double, double, double, double, double, double, double, double)#4 &amp; AlphaColorPipe#drawParallelogram(sun.java2d.SunGraphics2D, double, double, double, double, double, double, double, double, double, double, double, double)#4&quot;, &quot;v1 := AAShapePipe#drawParallelogram(sun.java2d.SunGraphics2D, double, double, double, double, double, double, double, double, double, double, double, double)#2 &amp; LoopPipe#drawParallelogram(sun.java2d.SunGraphics2D, double, double, double, double, double, double, double, double, double, double, double, double)#2 &amp; AlphaColorPipe#drawParallelogram(sun.java2d.SunGraphics2D, double, double, double, double, double, double, double, double, double, double, double, double)#2&quot;, &quot;v5 := AAShapePipe#drawParallelogram(sun.java2d.SunGraphics2D, double, double, double, double, double, double, double, double, double, double, double, double)#6 &amp; LoopPipe#drawParallelogram(sun.java2d.SunGraphics2D, double, double, double, double, double, double, double, double, double, double, double, double)#6 &amp; AlphaColorPipe#drawParallelogram(sun.java2d.SunGraphics2D, double, double, double, double, double, double, double, double, double, double, double, double)#6&quot;, &quot;v10 := AAShapePipe#drawParallelogram(sun.java2d.SunGraphics2D, double, double, double, double, double, double, double, double, double, double, double, double)#11 &amp; LoopPipe#drawParallelogram(sun.java2d.SunGraphics2D, double, double, double, double, double, double, double, double, double, double, double, double)#11 &amp; AlphaColorPipe#drawParallelogram(sun.java2d.SunGraphics2D, double, double, double, double, double, double, double, double, double, double, double, double)#11&quot;, &quot;v := AAShapePipe#drawParallelogram(sun.java2d.SunGraphics2D, double, double, double, double, double, double, double, double, double, double, double, double)#1 &amp; LoopPipe#drawParallelogram(sun.java2d.SunGraphics2D, double, double, double, double, double, double, double, double, double, double, double, double)#1 &amp; AlphaColorPipe#drawParallelogram(sun.java2d.SunGraphics2D, double, double, double, double, double, double, double, double, double, double, double, double)#1&quot;, &quot;v11 := AAShapePipe#drawParallelogram(sun.java2d.SunGraphics2D, double, double, double, double, double, double, double, double, double, double, double, double)#12 &amp; LoopPipe#drawParallelogram(sun.java2d.SunGraphics2D, double, double, double, double, double, double, double, double, double, double, double, double)#12 &amp; AlphaColorPipe#drawParallelogram(sun.java2d.SunGraphics2D, double, double, double, double, double, double, double, double, double, double, double, double)#12&quot;, &quot;v9 := AAShapePipe#drawParallelogram(sun.java2d.SunGraphics2D, double, double, double, double, double, double, double, double, double, double, double, double)#10 &amp; LoopPipe#drawParallelogram(sun.java2d.SunGraphics2D, double, double, double, double, double, double, double, double, double, double, double, double)#10 &amp; AlphaColorPipe#drawParallelogram(sun.java2d.SunGraphics2D, double, double, double, double, double, double, double, double, double, double, double, double)#10&quot;, &quot;v6 := AAShapePipe#drawParallelogram(sun.java2d.SunGraphics2D, double, double, double, double, double, double, double, double, double, double, double, double)#7 &amp; LoopPipe#drawParallelogram(sun.java2d.SunGraphics2D, double, double, double, double, double, double, double, double, double, double, double, double)#7 &amp; AlphaColorPipe#drawParallelogram(sun.java2d.SunGraphics2D, double, double, double, double, double, double, double, double, double, double, double, double)#7&quot;, &quot;sunGraphics2D := AAShapePipe#drawParallelogram(sun.java2d.SunGraphics2D, double, double, double, double, double, double, double, double, double, double, double, double)#0 &amp; LoopPipe#drawParallelogram(sun.java2d.SunGraphics2D, double, double, double, double, double, double, double, double, double, double, double, double)#0 &amp; AlphaColorPipe#drawParallelogram(sun.java2d.SunGraphics2D, double, double, double, double, double, double, double, double, double, double, double, double)#0&quot;, &quot;v8 := AAShapePipe#drawParallelogram(sun.java2d.SunGraphics2D, double, double, double, double, double, double, double, double, double, double, double, double)#9 &amp; LoopPipe#drawParallelogram(sun.java2d.SunGraphics2D, double, double, double, double, double, double, double, double, double, double, double, double)#9 &amp; AlphaColorPipe#drawParallelogram(sun.java2d.SunGraphics2D, double, double, double, double, double, double, double, double, double, double, double, double)#9&quot;, &quot;v4 := AAShapePipe#drawParallelogram(sun.java2d.SunGraphics2D, double, double, double, double, double, double, double, double, double, double, double, double)#5 &amp; LoopPipe#drawParallelogram(sun.java2d.SunGraphics2D, double, double, double, double, double, double, double, double, double, double, double, double)#5 &amp; AlphaColorPipe#drawParallelogram(sun.java2d.SunGraphics2D, double, double, double, double, double, double, double, double, double, double, double, double)#5&quot;, &quot;v2 := AAShapePipe#drawParallelogram(sun.java2d.SunGraphics2D, double, double, double, double, double, double, double, double, double, double, double, double)#3 &amp; LoopPipe#drawParallelogram(sun.java2d.SunGraphics2D, double, double, double, double, double, double, double, double, double, double, double, double)#3 &amp; AlphaColorPipe#drawParallelogram(sun.java2d.SunGraphics2D, double, double, double, double, double, double, double, double, double, double, double, double)#3&quot;, &quot;v7 := AAShapePipe#drawParallelogram(sun.java2d.SunGraphics2D, double, double, double, double, double, double, double, double, double, double, double, double)#8 &amp; LoopPipe#drawParallelogram(sun.java2d.SunGraphics2D, double, double, double, double, double, double, double, double, double, double, double, double)#8 &amp; AlphaColorPipe#drawParallelogram(sun.java2d.SunGraphics2D, double, double, double, double, double, double, double, double, double, double, double, double)#8&quot; }"/>
        </annotation>
    </item>
    <item name='sun.java2d.pipe.ParallelogramPipe void fillParallelogram(sun.java2d.SunGraphics2D, double, double, double, double, double, double, double, double, double, double)'>
        <annotation name='com.intellij.inspections.tainted.annotation.equation.Equations'>
            <val val="{ &quot;v1 := AAShapePipe#fillParallelogram(sun.java2d.SunGraphics2D, double, double, double, double, double, double, double, double, double, double)#2 &amp; LoopPipe#fillParallelogram(sun.java2d.SunGraphics2D, double, double, double, double, double, double, double, double, double, double)#2 &amp; AlphaColorPipe#fillParallelogram(sun.java2d.SunGraphics2D, double, double, double, double, double, double, double, double, double, double)#2&quot;, &quot;sunGraphics2D := AAShapePipe#fillParallelogram(sun.java2d.SunGraphics2D, double, double, double, double, double, double, double, double, double, double)#0 &amp; LoopPipe#fillParallelogram(sun.java2d.SunGraphics2D, double, double, double, double, double, double, double, double, double, double)#0 &amp; AlphaColorPipe#fillParallelogram(sun.java2d.SunGraphics2D, double, double, double, double, double, double, double, double, double, double)#0&quot;, &quot;v3 := AAShapePipe#fillParallelogram(sun.java2d.SunGraphics2D, double, double, double, double, double, double, double, double, double, double)#4 &amp; LoopPipe#fillParallelogram(sun.java2d.SunGraphics2D, double, double, double, double, double, double, double, double, double, double)#4 &amp; AlphaColorPipe#fillParallelogram(sun.java2d.SunGraphics2D, double, double, double, double, double, double, double, double, double, double)#4&quot;, &quot;v2 := AAShapePipe#fillParallelogram(sun.java2d.SunGraphics2D, double, double, double, double, double, double, double, double, double, double)#3 &amp; LoopPipe#fillParallelogram(sun.java2d.SunGraphics2D, double, double, double, double, double, double, double, double, double, double)#3 &amp; AlphaColorPipe#fillParallelogram(sun.java2d.SunGraphics2D, double, double, double, double, double, double, double, double, double, double)#3&quot;, &quot;v7 := AAShapePipe#fillParallelogram(sun.java2d.SunGraphics2D, double, double, double, double, double, double, double, double, double, double)#8 &amp; LoopPipe#fillParallelogram(sun.java2d.SunGraphics2D, double, double, double, double, double, double, double, double, double, double)#8 &amp; AlphaColorPipe#fillParallelogram(sun.java2d.SunGraphics2D, double, double, double, double, double, double, double, double, double, double)#8&quot;, &quot;v := AAShapePipe#fillParallelogram(sun.java2d.SunGraphics2D, double, double, double, double, double, double, double, double, double, double)#1 &amp; LoopPipe#fillParallelogram(sun.java2d.SunGraphics2D, double, double, double, double, double, double, double, double, double, double)#1 &amp; AlphaColorPipe#fillParallelogram(sun.java2d.SunGraphics2D, double, double, double, double, double, double, double, double, double, double)#1&quot;, &quot;v6 := AAShapePipe#fillParallelogram(sun.java2d.SunGraphics2D, double, double, double, double, double, double, double, double, double, double)#7 &amp; LoopPipe#fillParallelogram(sun.java2d.SunGraphics2D, double, double, double, double, double, double, double, double, double, double)#7 &amp; AlphaColorPipe#fillParallelogram(sun.java2d.SunGraphics2D, double, double, double, double, double, double, double, double, double, double)#7&quot;, &quot;v9 := AAShapePipe#fillParallelogram(sun.java2d.SunGraphics2D, double, double, double, double, double, double, double, double, double, double)#10 &amp; LoopPipe#fillParallelogram(sun.java2d.SunGraphics2D, double, double, double, double, double, double, double, double, double, double)#10 &amp; AlphaColorPipe#fillParallelogram(sun.java2d.SunGraphics2D, double, double, double, double, double, double, double, double, double, double)#10&quot;, &quot;v4 := AAShapePipe#fillParallelogram(sun.java2d.SunGraphics2D, double, double, double, double, double, double, double, double, double, double)#5 &amp; LoopPipe#fillParallelogram(sun.java2d.SunGraphics2D, double, double, double, double, double, double, double, double, double, double)#5 &amp; AlphaColorPipe#fillParallelogram(sun.java2d.SunGraphics2D, double, double, double, double, double, double, double, double, double, double)#5&quot;, &quot;v5 := AAShapePipe#fillParallelogram(sun.java2d.SunGraphics2D, double, double, double, double, double, double, double, double, double, double)#6 &amp; LoopPipe#fillParallelogram(sun.java2d.SunGraphics2D, double, double, double, double, double, double, double, double, double, double)#6 &amp; AlphaColorPipe#fillParallelogram(sun.java2d.SunGraphics2D, double, double, double, double, double, double, double, double, double, double)#6&quot;, &quot;v8 := AAShapePipe#fillParallelogram(sun.java2d.SunGraphics2D, double, double, double, double, double, double, double, double, double, double)#9 &amp; LoopPipe#fillParallelogram(sun.java2d.SunGraphics2D, double, double, double, double, double, double, double, double, double, double)#9 &amp; AlphaColorPipe#fillParallelogram(sun.java2d.SunGraphics2D, double, double, double, double, double, double, double, double, double, double)#9&quot; }"/>
        </annotation>
    </item>
    <item name='sun.java2d.pipe.PixelDrawPipe void drawArc(sun.java2d.SunGraphics2D, int, int, int, int, int, int)'>
        <annotation name='com.intellij.inspections.tainted.annotation.equation.Equations'>
            <val val="{ &quot;i3 := LoopPipe#drawArc(sun.java2d.SunGraphics2D, int, int, int, int, int, int)#4 &amp; PixelToShapeConverter#drawArc(sun.java2d.SunGraphics2D, int, int, int, int, int, int)#4 &amp; ValidatePipe#drawArc(sun.java2d.SunGraphics2D, int, int, int, int, int, int)#4 &amp; NullPipe#drawArc(sun.java2d.SunGraphics2D, int, int, int, int, int, int)#4&quot;, &quot;i5 := LoopPipe#drawArc(sun.java2d.SunGraphics2D, int, int, int, int, int, int)#6 &amp; PixelToShapeConverter#drawArc(sun.java2d.SunGraphics2D, int, int, int, int, int, int)#6 &amp; ValidatePipe#drawArc(sun.java2d.SunGraphics2D, int, int, int, int, int, int)#6 &amp; NullPipe#drawArc(sun.java2d.SunGraphics2D, int, int, int, int, int, int)#6&quot;, &quot;i2 := LoopPipe#drawArc(sun.java2d.SunGraphics2D, int, int, int, int, int, int)#3 &amp; PixelToShapeConverter#drawArc(sun.java2d.SunGraphics2D, int, int, int, int, int, int)#3 &amp; ValidatePipe#drawArc(sun.java2d.SunGraphics2D, int, int, int, int, int, int)#3 &amp; NullPipe#drawArc(sun.java2d.SunGraphics2D, int, int, int, int, int, int)#3&quot;, &quot;i := LoopPipe#drawArc(sun.java2d.SunGraphics2D, int, int, int, int, int, int)#1 &amp; PixelToShapeConverter#drawArc(sun.java2d.SunGraphics2D, int, int, int, int, int, int)#1 &amp; ValidatePipe#drawArc(sun.java2d.SunGraphics2D, int, int, int, int, int, int)#1 &amp; NullPipe#drawArc(sun.java2d.SunGraphics2D, int, int, int, int, int, int)#1&quot;, &quot;i4 := LoopPipe#drawArc(sun.java2d.SunGraphics2D, int, int, int, int, int, int)#5 &amp; PixelToShapeConverter#drawArc(sun.java2d.SunGraphics2D, int, int, int, int, int, int)#5 &amp; ValidatePipe#drawArc(sun.java2d.SunGraphics2D, int, int, int, int, int, int)#5 &amp; NullPipe#drawArc(sun.java2d.SunGraphics2D, int, int, int, int, int, int)#5&quot;, &quot;sunGraphics2D := LoopPipe#drawArc(sun.java2d.SunGraphics2D, int, int, int, int, int, int)#0 &amp; PixelToShapeConverter#drawArc(sun.java2d.SunGraphics2D, int, int, int, int, int, int)#0 &amp; ValidatePipe#drawArc(sun.java2d.SunGraphics2D, int, int, int, int, int, int)#0 &amp; NullPipe#drawArc(sun.java2d.SunGraphics2D, int, int, int, int, int, int)#0&quot;, &quot;i1 := LoopPipe#drawArc(sun.java2d.SunGraphics2D, int, int, int, int, int, int)#2 &amp; PixelToShapeConverter#drawArc(sun.java2d.SunGraphics2D, int, int, int, int, int, int)#2 &amp; ValidatePipe#drawArc(sun.java2d.SunGraphics2D, int, int, int, int, int, int)#2 &amp; NullPipe#drawArc(sun.java2d.SunGraphics2D, int, int, int, int, int, int)#2&quot; }"/>
        </annotation>
    </item>
    <item name='sun.java2d.pipe.PixelDrawPipe void drawLine(sun.java2d.SunGraphics2D, int, int, int, int)'>
        <annotation name='com.intellij.inspections.tainted.annotation.equation.Equations'>
            <val val="{ &quot;i2 := ValidatePipe#drawLine(sun.java2d.SunGraphics2D, int, int, int, int)#3 &amp; PixelToShapeConverter#drawLine(sun.java2d.SunGraphics2D, int, int, int, int)#3 &amp; LoopPipe#drawLine(sun.java2d.SunGraphics2D, int, int, int, int)#3 &amp; NullPipe#drawLine(sun.java2d.SunGraphics2D, int, int, int, int)#3&quot;, &quot;i1 := ValidatePipe#drawLine(sun.java2d.SunGraphics2D, int, int, int, int)#2 &amp; PixelToShapeConverter#drawLine(sun.java2d.SunGraphics2D, int, int, int, int)#2 &amp; LoopPipe#drawLine(sun.java2d.SunGraphics2D, int, int, int, int)#2 &amp; NullPipe#drawLine(sun.java2d.SunGraphics2D, int, int, int, int)#2&quot;, &quot;sunGraphics2D := ValidatePipe#drawLine(sun.java2d.SunGraphics2D, int, int, int, int)#0 &amp; PixelToShapeConverter#drawLine(sun.java2d.SunGraphics2D, int, int, int, int)#0 &amp; LoopPipe#drawLine(sun.java2d.SunGraphics2D, int, int, int, int)#0 &amp; NullPipe#drawLine(sun.java2d.SunGraphics2D, int, int, int, int)#0&quot;, &quot;i := ValidatePipe#drawLine(sun.java2d.SunGraphics2D, int, int, int, int)#1 &amp; PixelToShapeConverter#drawLine(sun.java2d.SunGraphics2D, int, int, int, int)#1 &amp; LoopPipe#drawLine(sun.java2d.SunGraphics2D, int, int, int, int)#1 &amp; NullPipe#drawLine(sun.java2d.SunGraphics2D, int, int, int, int)#1&quot;, &quot;i3 := ValidatePipe#drawLine(sun.java2d.SunGraphics2D, int, int, int, int)#4 &amp; PixelToShapeConverter#drawLine(sun.java2d.SunGraphics2D, int, int, int, int)#4 &amp; LoopPipe#drawLine(sun.java2d.SunGraphics2D, int, int, int, int)#4 &amp; NullPipe#drawLine(sun.java2d.SunGraphics2D, int, int, int, int)#4&quot; }"/>
        </annotation>
    </item>
    <item name='sun.java2d.pipe.PixelDrawPipe void drawOval(sun.java2d.SunGraphics2D, int, int, int, int)'>
        <annotation name='com.intellij.inspections.tainted.annotation.equation.Equations'>
            <val val="{ &quot;i2 := LoopPipe#drawOval(sun.java2d.SunGraphics2D, int, int, int, int)#3 &amp; PixelToShapeConverter#drawOval(sun.java2d.SunGraphics2D, int, int, int, int)#3 &amp; ValidatePipe#drawOval(sun.java2d.SunGraphics2D, int, int, int, int)#3 &amp; NullPipe#drawOval(sun.java2d.SunGraphics2D, int, int, int, int)#3&quot;, &quot;i3 := LoopPipe#drawOval(sun.java2d.SunGraphics2D, int, int, int, int)#4 &amp; PixelToShapeConverter#drawOval(sun.java2d.SunGraphics2D, int, int, int, int)#4 &amp; ValidatePipe#drawOval(sun.java2d.SunGraphics2D, int, int, int, int)#4 &amp; NullPipe#drawOval(sun.java2d.SunGraphics2D, int, int, int, int)#4&quot;, &quot;sunGraphics2D := LoopPipe#drawOval(sun.java2d.SunGraphics2D, int, int, int, int)#0 &amp; PixelToShapeConverter#drawOval(sun.java2d.SunGraphics2D, int, int, int, int)#0 &amp; ValidatePipe#drawOval(sun.java2d.SunGraphics2D, int, int, int, int)#0 &amp; NullPipe#drawOval(sun.java2d.SunGraphics2D, int, int, int, int)#0&quot;, &quot;i1 := LoopPipe#drawOval(sun.java2d.SunGraphics2D, int, int, int, int)#2 &amp; PixelToShapeConverter#drawOval(sun.java2d.SunGraphics2D, int, int, int, int)#2 &amp; ValidatePipe#drawOval(sun.java2d.SunGraphics2D, int, int, int, int)#2 &amp; NullPipe#drawOval(sun.java2d.SunGraphics2D, int, int, int, int)#2&quot;, &quot;i := LoopPipe#drawOval(sun.java2d.SunGraphics2D, int, int, int, int)#1 &amp; PixelToShapeConverter#drawOval(sun.java2d.SunGraphics2D, int, int, int, int)#1 &amp; ValidatePipe#drawOval(sun.java2d.SunGraphics2D, int, int, int, int)#1 &amp; NullPipe#drawOval(sun.java2d.SunGraphics2D, int, int, int, int)#1&quot; }"/>
        </annotation>
    </item>
    <item name='sun.java2d.pipe.PixelDrawPipe void drawPolygon(sun.java2d.SunGraphics2D, int[], int[], int)'>
        <annotation name='com.intellij.inspections.tainted.annotation.equation.Equations'>
            <val val="{ &quot;sunGraphics2D := ValidatePipe#drawPolygon(sun.java2d.SunGraphics2D, int[], int[], int)#0 &amp; PixelToShapeConverter#drawPolygon(sun.java2d.SunGraphics2D, int[], int[], int)#0 &amp; LoopPipe#drawPolygon(sun.java2d.SunGraphics2D, int[], int[], int)#0 &amp; NullPipe#drawPolygon(sun.java2d.SunGraphics2D, int[], int[], int)#0&quot;, &quot;ints1 := ValidatePipe#drawPolygon(sun.java2d.SunGraphics2D, int[], int[], int)#2 &amp; PixelToShapeConverter#drawPolygon(sun.java2d.SunGraphics2D, int[], int[], int)#2 &amp; LoopPipe#drawPolygon(sun.java2d.SunGraphics2D, int[], int[], int)#2 &amp; NullPipe#drawPolygon(sun.java2d.SunGraphics2D, int[], int[], int)#2&quot;, &quot;ints := ValidatePipe#drawPolygon(sun.java2d.SunGraphics2D, int[], int[], int)#1 &amp; PixelToShapeConverter#drawPolygon(sun.java2d.SunGraphics2D, int[], int[], int)#1 &amp; LoopPipe#drawPolygon(sun.java2d.SunGraphics2D, int[], int[], int)#1 &amp; NullPipe#drawPolygon(sun.java2d.SunGraphics2D, int[], int[], int)#1&quot;, &quot;i := ValidatePipe#drawPolygon(sun.java2d.SunGraphics2D, int[], int[], int)#3 &amp; PixelToShapeConverter#drawPolygon(sun.java2d.SunGraphics2D, int[], int[], int)#3 &amp; LoopPipe#drawPolygon(sun.java2d.SunGraphics2D, int[], int[], int)#3 &amp; NullPipe#drawPolygon(sun.java2d.SunGraphics2D, int[], int[], int)#3&quot; }"/>
        </annotation>
    </item>
    <item name='sun.java2d.pipe.PixelDrawPipe void drawPolyline(sun.java2d.SunGraphics2D, int[], int[], int)'>
        <annotation name='com.intellij.inspections.tainted.annotation.equation.Equations'>
            <val val="{ &quot;sunGraphics2D := ValidatePipe#drawPolyline(sun.java2d.SunGraphics2D, int[], int[], int)#0 &amp; PixelToShapeConverter#drawPolyline(sun.java2d.SunGraphics2D, int[], int[], int)#0 &amp; LoopPipe#drawPolyline(sun.java2d.SunGraphics2D, int[], int[], int)#0 &amp; NullPipe#drawPolyline(sun.java2d.SunGraphics2D, int[], int[], int)#0&quot;, &quot;ints1 := ValidatePipe#drawPolyline(sun.java2d.SunGraphics2D, int[], int[], int)#2 &amp; PixelToShapeConverter#drawPolyline(sun.java2d.SunGraphics2D, int[], int[], int)#2 &amp; LoopPipe#drawPolyline(sun.java2d.SunGraphics2D, int[], int[], int)#2 &amp; NullPipe#drawPolyline(sun.java2d.SunGraphics2D, int[], int[], int)#2&quot;, &quot;ints := ValidatePipe#drawPolyline(sun.java2d.SunGraphics2D, int[], int[], int)#1 &amp; PixelToShapeConverter#drawPolyline(sun.java2d.SunGraphics2D, int[], int[], int)#1 &amp; LoopPipe#drawPolyline(sun.java2d.SunGraphics2D, int[], int[], int)#1 &amp; NullPipe#drawPolyline(sun.java2d.SunGraphics2D, int[], int[], int)#1&quot;, &quot;i := ValidatePipe#drawPolyline(sun.java2d.SunGraphics2D, int[], int[], int)#3 &amp; PixelToShapeConverter#drawPolyline(sun.java2d.SunGraphics2D, int[], int[], int)#3 &amp; LoopPipe#drawPolyline(sun.java2d.SunGraphics2D, int[], int[], int)#3 &amp; NullPipe#drawPolyline(sun.java2d.SunGraphics2D, int[], int[], int)#3&quot; }"/>
        </annotation>
    </item>
    <item name='sun.java2d.pipe.PixelDrawPipe void drawRect(sun.java2d.SunGraphics2D, int, int, int, int)'>
        <annotation name='com.intellij.inspections.tainted.annotation.equation.Equations'>
            <val val="{ &quot;sunGraphics2D := PixelToShapeConverter#drawRect(sun.java2d.SunGraphics2D, int, int, int, int)#0 &amp; ValidatePipe#drawRect(sun.java2d.SunGraphics2D, int, int, int, int)#0 &amp; LoopPipe#drawRect(sun.java2d.SunGraphics2D, int, int, int, int)#0 &amp; NullPipe#drawRect(sun.java2d.SunGraphics2D, int, int, int, int)#0&quot;, &quot;i2 := PixelToShapeConverter#drawRect(sun.java2d.SunGraphics2D, int, int, int, int)#3 &amp; ValidatePipe#drawRect(sun.java2d.SunGraphics2D, int, int, int, int)#3 &amp; LoopPipe#drawRect(sun.java2d.SunGraphics2D, int, int, int, int)#3 &amp; NullPipe#drawRect(sun.java2d.SunGraphics2D, int, int, int, int)#3&quot;, &quot;i3 := PixelToShapeConverter#drawRect(sun.java2d.SunGraphics2D, int, int, int, int)#4 &amp; ValidatePipe#drawRect(sun.java2d.SunGraphics2D, int, int, int, int)#4 &amp; LoopPipe#drawRect(sun.java2d.SunGraphics2D, int, int, int, int)#4 &amp; NullPipe#drawRect(sun.java2d.SunGraphics2D, int, int, int, int)#4&quot;, &quot;i := PixelToShapeConverter#drawRect(sun.java2d.SunGraphics2D, int, int, int, int)#1 &amp; ValidatePipe#drawRect(sun.java2d.SunGraphics2D, int, int, int, int)#1 &amp; LoopPipe#drawRect(sun.java2d.SunGraphics2D, int, int, int, int)#1 &amp; NullPipe#drawRect(sun.java2d.SunGraphics2D, int, int, int, int)#1&quot;, &quot;i1 := PixelToShapeConverter#drawRect(sun.java2d.SunGraphics2D, int, int, int, int)#2 &amp; ValidatePipe#drawRect(sun.java2d.SunGraphics2D, int, int, int, int)#2 &amp; LoopPipe#drawRect(sun.java2d.SunGraphics2D, int, int, int, int)#2 &amp; NullPipe#drawRect(sun.java2d.SunGraphics2D, int, int, int, int)#2&quot; }"/>
        </annotation>
    </item>
    <item name='sun.java2d.pipe.PixelDrawPipe void drawRoundRect(sun.java2d.SunGraphics2D, int, int, int, int, int, int)'>
        <annotation name='com.intellij.inspections.tainted.annotation.equation.Equations'>
            <val val="{ &quot;i2 := PixelToShapeConverter#drawRoundRect(sun.java2d.SunGraphics2D, int, int, int, int, int, int)#3 &amp; LoopPipe#drawRoundRect(sun.java2d.SunGraphics2D, int, int, int, int, int, int)#3 &amp; ValidatePipe#drawRoundRect(sun.java2d.SunGraphics2D, int, int, int, int, int, int)#3 &amp; NullPipe#drawRoundRect(sun.java2d.SunGraphics2D, int, int, int, int, int, int)#3&quot;, &quot;i := PixelToShapeConverter#drawRoundRect(sun.java2d.SunGraphics2D, int, int, int, int, int, int)#1 &amp; LoopPipe#drawRoundRect(sun.java2d.SunGraphics2D, int, int, int, int, int, int)#1 &amp; ValidatePipe#drawRoundRect(sun.java2d.SunGraphics2D, int, int, int, int, int, int)#1 &amp; NullPipe#drawRoundRect(sun.java2d.SunGraphics2D, int, int, int, int, int, int)#1&quot;, &quot;i3 := PixelToShapeConverter#drawRoundRect(sun.java2d.SunGraphics2D, int, int, int, int, int, int)#4 &amp; LoopPipe#drawRoundRect(sun.java2d.SunGraphics2D, int, int, int, int, int, int)#4 &amp; ValidatePipe#drawRoundRect(sun.java2d.SunGraphics2D, int, int, int, int, int, int)#4 &amp; NullPipe#drawRoundRect(sun.java2d.SunGraphics2D, int, int, int, int, int, int)#4&quot;, &quot;i1 := PixelToShapeConverter#drawRoundRect(sun.java2d.SunGraphics2D, int, int, int, int, int, int)#2 &amp; LoopPipe#drawRoundRect(sun.java2d.SunGraphics2D, int, int, int, int, int, int)#2 &amp; ValidatePipe#drawRoundRect(sun.java2d.SunGraphics2D, int, int, int, int, int, int)#2 &amp; NullPipe#drawRoundRect(sun.java2d.SunGraphics2D, int, int, int, int, int, int)#2&quot;, &quot;sunGraphics2D := PixelToShapeConverter#drawRoundRect(sun.java2d.SunGraphics2D, int, int, int, int, int, int)#0 &amp; LoopPipe#drawRoundRect(sun.java2d.SunGraphics2D, int, int, int, int, int, int)#0 &amp; ValidatePipe#drawRoundRect(sun.java2d.SunGraphics2D, int, int, int, int, int, int)#0 &amp; NullPipe#drawRoundRect(sun.java2d.SunGraphics2D, int, int, int, int, int, int)#0&quot;, &quot;i5 := PixelToShapeConverter#drawRoundRect(sun.java2d.SunGraphics2D, int, int, int, int, int, int)#6 &amp; LoopPipe#drawRoundRect(sun.java2d.SunGraphics2D, int, int, int, int, int, int)#6 &amp; ValidatePipe#drawRoundRect(sun.java2d.SunGraphics2D, int, int, int, int, int, int)#6 &amp; NullPipe#drawRoundRect(sun.java2d.SunGraphics2D, int, int, int, int, int, int)#6&quot;, &quot;i4 := PixelToShapeConverter#drawRoundRect(sun.java2d.SunGraphics2D, int, int, int, int, int, int)#5 &amp; LoopPipe#drawRoundRect(sun.java2d.SunGraphics2D, int, int, int, int, int, int)#5 &amp; ValidatePipe#drawRoundRect(sun.java2d.SunGraphics2D, int, int, int, int, int, int)#5 &amp; NullPipe#drawRoundRect(sun.java2d.SunGraphics2D, int, int, int, int, int, int)#5&quot; }"/>
        </annotation>
    </item>
    <item name='sun.java2d.pipe.PixelFillPipe void fillArc(sun.java2d.SunGraphics2D, int, int, int, int, int, int)'>
        <annotation name='com.intellij.inspections.tainted.annotation.equation.Equations'>
            <val val="{ &quot;i2 := LoopPipe#fillArc(sun.java2d.SunGraphics2D, int, int, int, int, int, int)#3 &amp; PixelToShapeConverter#fillArc(sun.java2d.SunGraphics2D, int, int, int, int, int, int)#3 &amp; ValidatePipe#fillArc(sun.java2d.SunGraphics2D, int, int, int, int, int, int)#3 &amp; NullPipe#fillArc(sun.java2d.SunGraphics2D, int, int, int, int, int, int)#3&quot;, &quot;i3 := LoopPipe#fillArc(sun.java2d.SunGraphics2D, int, int, int, int, int, int)#4 &amp; PixelToShapeConverter#fillArc(sun.java2d.SunGraphics2D, int, int, int, int, int, int)#4 &amp; ValidatePipe#fillArc(sun.java2d.SunGraphics2D, int, int, int, int, int, int)#4 &amp; NullPipe#fillArc(sun.java2d.SunGraphics2D, int, int, int, int, int, int)#4&quot;, &quot;i4 := LoopPipe#fillArc(sun.java2d.SunGraphics2D, int, int, int, int, int, int)#5 &amp; PixelToShapeConverter#fillArc(sun.java2d.SunGraphics2D, int, int, int, int, int, int)#5 &amp; ValidatePipe#fillArc(sun.java2d.SunGraphics2D, int, int, int, int, int, int)#5 &amp; NullPipe#fillArc(sun.java2d.SunGraphics2D, int, int, int, int, int, int)#5&quot;, &quot;sunGraphics2D := LoopPipe#fillArc(sun.java2d.SunGraphics2D, int, int, int, int, int, int)#0 &amp; PixelToShapeConverter#fillArc(sun.java2d.SunGraphics2D, int, int, int, int, int, int)#0 &amp; ValidatePipe#fillArc(sun.java2d.SunGraphics2D, int, int, int, int, int, int)#0 &amp; NullPipe#fillArc(sun.java2d.SunGraphics2D, int, int, int, int, int, int)#0&quot;, &quot;i := LoopPipe#fillArc(sun.java2d.SunGraphics2D, int, int, int, int, int, int)#1 &amp; PixelToShapeConverter#fillArc(sun.java2d.SunGraphics2D, int, int, int, int, int, int)#1 &amp; ValidatePipe#fillArc(sun.java2d.SunGraphics2D, int, int, int, int, int, int)#1 &amp; NullPipe#fillArc(sun.java2d.SunGraphics2D, int, int, int, int, int, int)#1&quot;, &quot;i1 := LoopPipe#fillArc(sun.java2d.SunGraphics2D, int, int, int, int, int, int)#2 &amp; PixelToShapeConverter#fillArc(sun.java2d.SunGraphics2D, int, int, int, int, int, int)#2 &amp; ValidatePipe#fillArc(sun.java2d.SunGraphics2D, int, int, int, int, int, int)#2 &amp; NullPipe#fillArc(sun.java2d.SunGraphics2D, int, int, int, int, int, int)#2&quot;, &quot;i5 := LoopPipe#fillArc(sun.java2d.SunGraphics2D, int, int, int, int, int, int)#6 &amp; PixelToShapeConverter#fillArc(sun.java2d.SunGraphics2D, int, int, int, int, int, int)#6 &amp; ValidatePipe#fillArc(sun.java2d.SunGraphics2D, int, int, int, int, int, int)#6 &amp; NullPipe#fillArc(sun.java2d.SunGraphics2D, int, int, int, int, int, int)#6&quot; }"/>
        </annotation>
    </item>
    <item name='sun.java2d.pipe.PixelFillPipe void fillOval(sun.java2d.SunGraphics2D, int, int, int, int)'>
        <annotation name='com.intellij.inspections.tainted.annotation.equation.Equations'>
            <val val="{ &quot;sunGraphics2D := PixelToShapeConverter#fillOval(sun.java2d.SunGraphics2D, int, int, int, int)#0 &amp; LoopPipe#fillOval(sun.java2d.SunGraphics2D, int, int, int, int)#0 &amp; ValidatePipe#fillOval(sun.java2d.SunGraphics2D, int, int, int, int)#0 &amp; NullPipe#fillOval(sun.java2d.SunGraphics2D, int, int, int, int)#0&quot;, &quot;i := PixelToShapeConverter#fillOval(sun.java2d.SunGraphics2D, int, int, int, int)#1 &amp; LoopPipe#fillOval(sun.java2d.SunGraphics2D, int, int, int, int)#1 &amp; ValidatePipe#fillOval(sun.java2d.SunGraphics2D, int, int, int, int)#1 &amp; NullPipe#fillOval(sun.java2d.SunGraphics2D, int, int, int, int)#1&quot;, &quot;i3 := PixelToShapeConverter#fillOval(sun.java2d.SunGraphics2D, int, int, int, int)#4 &amp; LoopPipe#fillOval(sun.java2d.SunGraphics2D, int, int, int, int)#4 &amp; ValidatePipe#fillOval(sun.java2d.SunGraphics2D, int, int, int, int)#4 &amp; NullPipe#fillOval(sun.java2d.SunGraphics2D, int, int, int, int)#4&quot;, &quot;i1 := PixelToShapeConverter#fillOval(sun.java2d.SunGraphics2D, int, int, int, int)#2 &amp; LoopPipe#fillOval(sun.java2d.SunGraphics2D, int, int, int, int)#2 &amp; ValidatePipe#fillOval(sun.java2d.SunGraphics2D, int, int, int, int)#2 &amp; NullPipe#fillOval(sun.java2d.SunGraphics2D, int, int, int, int)#2&quot;, &quot;i2 := PixelToShapeConverter#fillOval(sun.java2d.SunGraphics2D, int, int, int, int)#3 &amp; LoopPipe#fillOval(sun.java2d.SunGraphics2D, int, int, int, int)#3 &amp; ValidatePipe#fillOval(sun.java2d.SunGraphics2D, int, int, int, int)#3 &amp; NullPipe#fillOval(sun.java2d.SunGraphics2D, int, int, int, int)#3&quot; }"/>
        </annotation>
    </item>
    <item name='sun.java2d.pipe.PixelFillPipe void fillPolygon(sun.java2d.SunGraphics2D, int[], int[], int)'>
        <annotation name='com.intellij.inspections.tainted.annotation.equation.Equations'>
            <val val="{ &quot;sunGraphics2D := ValidatePipe#fillPolygon(sun.java2d.SunGraphics2D, int[], int[], int)#0 &amp; PixelToShapeConverter#fillPolygon(sun.java2d.SunGraphics2D, int[], int[], int)#0 &amp; LoopPipe#fillPolygon(sun.java2d.SunGraphics2D, int[], int[], int)#0 &amp; NullPipe#fillPolygon(sun.java2d.SunGraphics2D, int[], int[], int)#0&quot;, &quot;ints := ValidatePipe#fillPolygon(sun.java2d.SunGraphics2D, int[], int[], int)#1 &amp; PixelToShapeConverter#fillPolygon(sun.java2d.SunGraphics2D, int[], int[], int)#1 &amp; LoopPipe#fillPolygon(sun.java2d.SunGraphics2D, int[], int[], int)#1 &amp; NullPipe#fillPolygon(sun.java2d.SunGraphics2D, int[], int[], int)#1&quot;, &quot;ints1 := ValidatePipe#fillPolygon(sun.java2d.SunGraphics2D, int[], int[], int)#2 &amp; PixelToShapeConverter#fillPolygon(sun.java2d.SunGraphics2D, int[], int[], int)#2 &amp; LoopPipe#fillPolygon(sun.java2d.SunGraphics2D, int[], int[], int)#2 &amp; NullPipe#fillPolygon(sun.java2d.SunGraphics2D, int[], int[], int)#2&quot;, &quot;i := ValidatePipe#fillPolygon(sun.java2d.SunGraphics2D, int[], int[], int)#3 &amp; PixelToShapeConverter#fillPolygon(sun.java2d.SunGraphics2D, int[], int[], int)#3 &amp; LoopPipe#fillPolygon(sun.java2d.SunGraphics2D, int[], int[], int)#3 &amp; NullPipe#fillPolygon(sun.java2d.SunGraphics2D, int[], int[], int)#3&quot; }"/>
        </annotation>
    </item>
    <item name='sun.java2d.pipe.PixelFillPipe void fillRect(sun.java2d.SunGraphics2D, int, int, int, int)'>
        <annotation name='com.intellij.inspections.tainted.annotation.equation.Equations'>
            <val val="{ &quot;i1 := PixelToShapeConverter#fillRect(sun.java2d.SunGraphics2D, int, int, int, int)#2 &amp; ValidatePipe#fillRect(sun.java2d.SunGraphics2D, int, int, int, int)#2 &amp; LoopPipe#fillRect(sun.java2d.SunGraphics2D, int, int, int, int)#2 &amp; NullPipe#fillRect(sun.java2d.SunGraphics2D, int, int, int, int)#2&quot;, &quot;i3 := PixelToShapeConverter#fillRect(sun.java2d.SunGraphics2D, int, int, int, int)#4 &amp; ValidatePipe#fillRect(sun.java2d.SunGraphics2D, int, int, int, int)#4 &amp; LoopPipe#fillRect(sun.java2d.SunGraphics2D, int, int, int, int)#4 &amp; NullPipe#fillRect(sun.java2d.SunGraphics2D, int, int, int, int)#4&quot;, &quot;i2 := PixelToShapeConverter#fillRect(sun.java2d.SunGraphics2D, int, int, int, int)#3 &amp; ValidatePipe#fillRect(sun.java2d.SunGraphics2D, int, int, int, int)#3 &amp; LoopPipe#fillRect(sun.java2d.SunGraphics2D, int, int, int, int)#3 &amp; NullPipe#fillRect(sun.java2d.SunGraphics2D, int, int, int, int)#3&quot;, &quot;sunGraphics2D := PixelToShapeConverter#fillRect(sun.java2d.SunGraphics2D, int, int, int, int)#0 &amp; ValidatePipe#fillRect(sun.java2d.SunGraphics2D, int, int, int, int)#0 &amp; LoopPipe#fillRect(sun.java2d.SunGraphics2D, int, int, int, int)#0 &amp; NullPipe#fillRect(sun.java2d.SunGraphics2D, int, int, int, int)#0&quot;, &quot;i := PixelToShapeConverter#fillRect(sun.java2d.SunGraphics2D, int, int, int, int)#1 &amp; ValidatePipe#fillRect(sun.java2d.SunGraphics2D, int, int, int, int)#1 &amp; LoopPipe#fillRect(sun.java2d.SunGraphics2D, int, int, int, int)#1 &amp; NullPipe#fillRect(sun.java2d.SunGraphics2D, int, int, int, int)#1&quot; }"/>
        </annotation>
    </item>
    <item name='sun.java2d.pipe.PixelFillPipe void fillRoundRect(sun.java2d.SunGraphics2D, int, int, int, int, int, int)'>
        <annotation name='com.intellij.inspections.tainted.annotation.equation.Equations'>
            <val val="{ &quot;i5 := PixelToShapeConverter#fillRoundRect(sun.java2d.SunGraphics2D, int, int, int, int, int, int)#6 &amp; LoopPipe#fillRoundRect(sun.java2d.SunGraphics2D, int, int, int, int, int, int)#6 &amp; ValidatePipe#fillRoundRect(sun.java2d.SunGraphics2D, int, int, int, int, int, int)#6 &amp; NullPipe#fillRoundRect(sun.java2d.SunGraphics2D, int, int, int, int, int, int)#6&quot;, &quot;sunGraphics2D := PixelToShapeConverter#fillRoundRect(sun.java2d.SunGraphics2D, int, int, int, int, int, int)#0 &amp; LoopPipe#fillRoundRect(sun.java2d.SunGraphics2D, int, int, int, int, int, int)#0 &amp; ValidatePipe#fillRoundRect(sun.java2d.SunGraphics2D, int, int, int, int, int, int)#0 &amp; NullPipe#fillRoundRect(sun.java2d.SunGraphics2D, int, int, int, int, int, int)#0&quot;, &quot;i := PixelToShapeConverter#fillRoundRect(sun.java2d.SunGraphics2D, int, int, int, int, int, int)#1 &amp; LoopPipe#fillRoundRect(sun.java2d.SunGraphics2D, int, int, int, int, int, int)#1 &amp; ValidatePipe#fillRoundRect(sun.java2d.SunGraphics2D, int, int, int, int, int, int)#1 &amp; NullPipe#fillRoundRect(sun.java2d.SunGraphics2D, int, int, int, int, int, int)#1&quot;, &quot;i3 := PixelToShapeConverter#fillRoundRect(sun.java2d.SunGraphics2D, int, int, int, int, int, int)#4 &amp; LoopPipe#fillRoundRect(sun.java2d.SunGraphics2D, int, int, int, int, int, int)#4 &amp; ValidatePipe#fillRoundRect(sun.java2d.SunGraphics2D, int, int, int, int, int, int)#4 &amp; NullPipe#fillRoundRect(sun.java2d.SunGraphics2D, int, int, int, int, int, int)#4&quot;, &quot;i1 := PixelToShapeConverter#fillRoundRect(sun.java2d.SunGraphics2D, int, int, int, int, int, int)#2 &amp; LoopPipe#fillRoundRect(sun.java2d.SunGraphics2D, int, int, int, int, int, int)#2 &amp; ValidatePipe#fillRoundRect(sun.java2d.SunGraphics2D, int, int, int, int, int, int)#2 &amp; NullPipe#fillRoundRect(sun.java2d.SunGraphics2D, int, int, int, int, int, int)#2&quot;, &quot;i4 := PixelToShapeConverter#fillRoundRect(sun.java2d.SunGraphics2D, int, int, int, int, int, int)#5 &amp; LoopPipe#fillRoundRect(sun.java2d.SunGraphics2D, int, int, int, int, int, int)#5 &amp; ValidatePipe#fillRoundRect(sun.java2d.SunGraphics2D, int, int, int, int, int, int)#5 &amp; NullPipe#fillRoundRect(sun.java2d.SunGraphics2D, int, int, int, int, int, int)#5&quot;, &quot;i2 := PixelToShapeConverter#fillRoundRect(sun.java2d.SunGraphics2D, int, int, int, int, int, int)#3 &amp; LoopPipe#fillRoundRect(sun.java2d.SunGraphics2D, int, int, int, int, int, int)#3 &amp; ValidatePipe#fillRoundRect(sun.java2d.SunGraphics2D, int, int, int, int, int, int)#3 &amp; NullPipe#fillRoundRect(sun.java2d.SunGraphics2D, int, int, int, int, int, int)#3&quot; }"/>
        </annotation>
    </item>
    <item name='sun.java2d.pipe.PixelToParallelogramConverter'>
        <annotation name='com.intellij.inspections.tainted.annotation.equation.Equations'>
            <val val="{ &quot;PixelToParallelogramConverter := sun.java2d.SurfaceData.PixelToPgramLoopConverter&quot; }"/>
        </annotation>
    </item>
    <item name='sun.java2d.pipe.PixelToShapeConverter'>
        <annotation name='com.intellij.inspections.tainted.annotation.equation.Equations'>
            <val val="{ &quot;PixelToShapeConverter := sun.java2d.SurfaceData.PixelToShapeLoopConverter &amp; PixelToParallelogramConverter&quot; }"/>
        </annotation>
    </item>
    <item name='sun.java2d.pipe.PixelToShapeConverter void drawLine(sun.java2d.SunGraphics2D, int, int, int, int)'>
        <annotation name='com.intellij.inspections.tainted.annotation.equation.Equations'>
            <val val="{ &quot;i2 := PixelToParallelogramConverter#drawLine(sun.java2d.SunGraphics2D, int, int, int, int)#3&quot;, &quot;i3 := PixelToParallelogramConverter#drawLine(sun.java2d.SunGraphics2D, int, int, int, int)#4&quot;, &quot;i := PixelToParallelogramConverter#drawLine(sun.java2d.SunGraphics2D, int, int, int, int)#1&quot;, &quot;i1 := PixelToParallelogramConverter#drawLine(sun.java2d.SunGraphics2D, int, int, int, int)#2&quot;, &quot;sunGraphics2D := PixelToParallelogramConverter#drawLine(sun.java2d.SunGraphics2D, int, int, int, int)#0&quot; }"/>
        </annotation>
    </item>
    <item name='sun.java2d.pipe.PixelToShapeConverter void drawRect(sun.java2d.SunGraphics2D, int, int, int, int)'>
        <annotation name='com.intellij.inspections.tainted.annotation.equation.Equations'>
            <val val="{ &quot;i2 := PixelToParallelogramConverter#drawRect(sun.java2d.SunGraphics2D, int, int, int, int)#3&quot;, &quot;i1 := PixelToParallelogramConverter#drawRect(sun.java2d.SunGraphics2D, int, int, int, int)#2&quot;, &quot;i3 := PixelToParallelogramConverter#drawRect(sun.java2d.SunGraphics2D, int, int, int, int)#4&quot;, &quot;i := PixelToParallelogramConverter#drawRect(sun.java2d.SunGraphics2D, int, int, int, int)#1&quot;, &quot;sunGraphics2D := PixelToParallelogramConverter#drawRect(sun.java2d.SunGraphics2D, int, int, int, int)#0&quot; }"/>
        </annotation>
    </item>
    <item name='sun.java2d.pipe.PixelToShapeConverter void fillRect(sun.java2d.SunGraphics2D, int, int, int, int)'>
        <annotation name='com.intellij.inspections.tainted.annotation.equation.Equations'>
            <val val="{ &quot;i3 := PixelToParallelogramConverter#fillRect(sun.java2d.SunGraphics2D, int, int, int, int)#4&quot;, &quot;i2 := PixelToParallelogramConverter#fillRect(sun.java2d.SunGraphics2D, int, int, int, int)#3&quot;, &quot;i := PixelToParallelogramConverter#fillRect(sun.java2d.SunGraphics2D, int, int, int, int)#1&quot;, &quot;sunGraphics2D := PixelToParallelogramConverter#fillRect(sun.java2d.SunGraphics2D, int, int, int, int)#0&quot;, &quot;i1 := PixelToParallelogramConverter#fillRect(sun.java2d.SunGraphics2D, int, int, int, int)#2&quot; }"/>
        </annotation>
    </item>
    <item name='sun.java2d.pipe.RenderQueue'>
        <annotation name='com.intellij.inspections.tainted.annotation.equation.Equations'>
            <val val="{ &quot;RenderQueue := sun.java2d.opengl.OGLRenderQueue&quot; }"/>
        </annotation>
    </item>
    <item name='sun.java2d.pipe.RenderQueue void flushAndInvokeNow(java.lang.Runnable)'>
        <annotation name='com.intellij.inspections.tainted.annotation.equation.Equations'>
            <val val="{ &quot;runnable := sun.java2d.opengl.OGLRenderQueue#flushAndInvokeNow(java.lang.Runnable)#0&quot; }"/>
        </annotation>
    </item>
    <item name='sun.java2d.pipe.ShapeDrawPipe void draw(sun.java2d.SunGraphics2D, java.awt.Shape)'>
        <annotation name='com.intellij.inspections.tainted.annotation.equation.Equations'>
            <val val="{ &quot;sunGraphics2D := PixelToParallelogramConverter#draw(sun.java2d.SunGraphics2D, java.awt.Shape)#0 &amp; LoopPipe#draw(sun.java2d.SunGraphics2D, java.awt.Shape)#0 &amp; AAShapePipe#draw(sun.java2d.SunGraphics2D, java.awt.Shape)#0 &amp; ValidatePipe#draw(sun.java2d.SunGraphics2D, java.awt.Shape)#0 &amp; NullPipe#draw(sun.java2d.SunGraphics2D, java.awt.Shape)#0&quot;, &quot;shape := PixelToParallelogramConverter#draw(sun.java2d.SunGraphics2D, java.awt.Shape)#1 &amp; LoopPipe#draw(sun.java2d.SunGraphics2D, java.awt.Shape)#1 &amp; AAShapePipe#draw(sun.java2d.SunGraphics2D, java.awt.Shape)#1 &amp; ValidatePipe#draw(sun.java2d.SunGraphics2D, java.awt.Shape)#1 &amp; NullPipe#draw(sun.java2d.SunGraphics2D, java.awt.Shape)#1&quot; }"/>
        </annotation>
    </item>
    <item name='sun.java2d.pipe.ShapeDrawPipe void fill(sun.java2d.SunGraphics2D, java.awt.Shape)'>
        <annotation name='com.intellij.inspections.tainted.annotation.equation.Equations'>
            <val val="{ &quot;shape := PixelToParallelogramConverter#fill(sun.java2d.SunGraphics2D, java.awt.Shape)#1 &amp; LoopPipe#fill(sun.java2d.SunGraphics2D, java.awt.Shape)#1 &amp; ValidatePipe#fill(sun.java2d.SunGraphics2D, java.awt.Shape)#1 &amp; AAShapePipe#fill(sun.java2d.SunGraphics2D, java.awt.Shape)#1 &amp; NullPipe#fill(sun.java2d.SunGraphics2D, java.awt.Shape)#1&quot;, &quot;sunGraphics2D := PixelToParallelogramConverter#fill(sun.java2d.SunGraphics2D, java.awt.Shape)#0 &amp; LoopPipe#fill(sun.java2d.SunGraphics2D, java.awt.Shape)#0 &amp; ValidatePipe#fill(sun.java2d.SunGraphics2D, java.awt.Shape)#0 &amp; AAShapePipe#fill(sun.java2d.SunGraphics2D, java.awt.Shape)#0 &amp; NullPipe#fill(sun.java2d.SunGraphics2D, java.awt.Shape)#0&quot; }"/>
        </annotation>
    </item>
    <item name='sun.java2d.pipe.SpanIterator boolean nextSpan(int[])'>
        <annotation name='com.intellij.inspections.tainted.annotation.equation.Equations'>
            <val val="{ &quot;ints := ShapeSpanIterator#nextSpan(int[])#0 &amp; RegionSpanIterator#nextSpan(int[])#0 &amp; RegionClipSpanIterator#nextSpan(int[])#0&quot; }"/>
        </annotation>
    </item>
    <item name='sun.java2d.pipe.SpanIterator long getNativeIterator()'>
        <annotation name='com.intellij.inspections.tainted.annotation.equation.Equations'>
            <val val="{ &quot;getNativeIterator := ShapeSpanIterator#getNativeIterator() &amp; RegionSpanIterator#getNativeIterator() &amp; RegionClipSpanIterator#getNativeIterator()&quot; }"/>
        </annotation>
    </item>
    <item name='sun.java2d.pipe.SpanIterator void getPathBox(int[])'>
        <annotation name='com.intellij.inspections.tainted.annotation.equation.Equations'>
            <val val="{ &quot;ints := ShapeSpanIterator#getPathBox(int[])#0 &amp; RegionSpanIterator#getPathBox(int[])#0 &amp; RegionClipSpanIterator#getPathBox(int[])#0&quot; }"/>
        </annotation>
    </item>
    <item name='sun.java2d.pipe.SpanIterator void intersectClipBox(int, int, int, int)'>
        <annotation name='com.intellij.inspections.tainted.annotation.equation.Equations'>
            <val val="{ &quot;i1 := ShapeSpanIterator#intersectClipBox(int, int, int, int)#1 &amp; RegionClipSpanIterator#intersectClipBox(int, int, int, int)#1 &amp; RegionSpanIterator#intersectClipBox(int, int, int, int)#1&quot;, &quot;i2 := ShapeSpanIterator#intersectClipBox(int, int, int, int)#2 &amp; RegionClipSpanIterator#intersectClipBox(int, int, int, int)#2 &amp; RegionSpanIterator#intersectClipBox(int, int, int, int)#2&quot;, &quot;i3 := ShapeSpanIterator#intersectClipBox(int, int, int, int)#3 &amp; RegionClipSpanIterator#intersectClipBox(int, int, int, int)#3 &amp; RegionSpanIterator#intersectClipBox(int, int, int, int)#3&quot;, &quot;i := ShapeSpanIterator#intersectClipBox(int, int, int, int)#0 &amp; RegionClipSpanIterator#intersectClipBox(int, int, int, int)#0 &amp; RegionSpanIterator#intersectClipBox(int, int, int, int)#0&quot; }"/>
        </annotation>
    </item>
    <item name='sun.java2d.pipe.SpanIterator void skipDownTo(int)'>
        <annotation name='com.intellij.inspections.tainted.annotation.equation.Equations'>
            <val val="{ &quot;i := ShapeSpanIterator#skipDownTo(int)#0 &amp; RegionSpanIterator#skipDownTo(int)#0 &amp; RegionClipSpanIterator#skipDownTo(int)#0&quot; }"/>
        </annotation>
    </item>
    <item name='sun.java2d.pipe.TextPipe void drawChars(sun.java2d.SunGraphics2D, char[], int, int, int, int)'>
        <annotation name='com.intellij.inspections.tainted.annotation.equation.Equations'>
            <val val="{ &quot;i2 := OutlineTextRenderer#drawChars(sun.java2d.SunGraphics2D, char[], int, int, int, int)#4 &amp; ValidatePipe#drawChars(sun.java2d.SunGraphics2D, char[], int, int, int, int)#4 &amp; NullPipe#drawChars(sun.java2d.SunGraphics2D, char[], int, int, int, int)#4&quot;, &quot;chars := OutlineTextRenderer#drawChars(sun.java2d.SunGraphics2D, char[], int, int, int, int)#1 &amp; ValidatePipe#drawChars(sun.java2d.SunGraphics2D, char[], int, int, int, int)#1 &amp; NullPipe#drawChars(sun.java2d.SunGraphics2D, char[], int, int, int, int)#1&quot;, &quot;i1 := OutlineTextRenderer#drawChars(sun.java2d.SunGraphics2D, char[], int, int, int, int)#3 &amp; ValidatePipe#drawChars(sun.java2d.SunGraphics2D, char[], int, int, int, int)#3 &amp; NullPipe#drawChars(sun.java2d.SunGraphics2D, char[], int, int, int, int)#3&quot;, &quot;sunGraphics2D := OutlineTextRenderer#drawChars(sun.java2d.SunGraphics2D, char[], int, int, int, int)#0 &amp; ValidatePipe#drawChars(sun.java2d.SunGraphics2D, char[], int, int, int, int)#0 &amp; NullPipe#drawChars(sun.java2d.SunGraphics2D, char[], int, int, int, int)#0&quot;, &quot;i3 := OutlineTextRenderer#drawChars(sun.java2d.SunGraphics2D, char[], int, int, int, int)#5 &amp; ValidatePipe#drawChars(sun.java2d.SunGraphics2D, char[], int, int, int, int)#5 &amp; NullPipe#drawChars(sun.java2d.SunGraphics2D, char[], int, int, int, int)#5&quot;, &quot;i := OutlineTextRenderer#drawChars(sun.java2d.SunGraphics2D, char[], int, int, int, int)#2 &amp; ValidatePipe#drawChars(sun.java2d.SunGraphics2D, char[], int, int, int, int)#2 &amp; NullPipe#drawChars(sun.java2d.SunGraphics2D, char[], int, int, int, int)#2&quot; }"/>
        </annotation>
    </item>
    <item name='sun.java2d.pipe.TextPipe void drawGlyphVector(sun.java2d.SunGraphics2D, java.awt.font.GlyphVector, float, float)'>
        <annotation name='com.intellij.inspections.tainted.annotation.equation.Equations'>
            <val val="{ &quot;glyphVector := OutlineTextRenderer#drawGlyphVector(sun.java2d.SunGraphics2D, java.awt.font.GlyphVector, float, float)#1 &amp; ValidatePipe#drawGlyphVector(sun.java2d.SunGraphics2D, java.awt.font.GlyphVector, float, float)#1 &amp; NullPipe#drawGlyphVector(sun.java2d.SunGraphics2D, java.awt.font.GlyphVector, float, float)#1&quot;, &quot;v := OutlineTextRenderer#drawGlyphVector(sun.java2d.SunGraphics2D, java.awt.font.GlyphVector, float, float)#2 &amp; ValidatePipe#drawGlyphVector(sun.java2d.SunGraphics2D, java.awt.font.GlyphVector, float, float)#2 &amp; NullPipe#drawGlyphVector(sun.java2d.SunGraphics2D, java.awt.font.GlyphVector, float, float)#2&quot;, &quot;v1 := OutlineTextRenderer#drawGlyphVector(sun.java2d.SunGraphics2D, java.awt.font.GlyphVector, float, float)#3 &amp; ValidatePipe#drawGlyphVector(sun.java2d.SunGraphics2D, java.awt.font.GlyphVector, float, float)#3 &amp; NullPipe#drawGlyphVector(sun.java2d.SunGraphics2D, java.awt.font.GlyphVector, float, float)#3&quot;, &quot;sunGraphics2D := OutlineTextRenderer#drawGlyphVector(sun.java2d.SunGraphics2D, java.awt.font.GlyphVector, float, float)#0 &amp; ValidatePipe#drawGlyphVector(sun.java2d.SunGraphics2D, java.awt.font.GlyphVector, float, float)#0 &amp; NullPipe#drawGlyphVector(sun.java2d.SunGraphics2D, java.awt.font.GlyphVector, float, float)#0&quot; }"/>
        </annotation>
    </item>
    <item name='sun.java2d.pipe.TextPipe void drawString(sun.java2d.SunGraphics2D, java.lang.String, double, double)'>
        <annotation name='com.intellij.inspections.tainted.annotation.equation.Equations'>
            <val val="{ &quot;sunGraphics2D := OutlineTextRenderer#drawString(sun.java2d.SunGraphics2D, java.lang.String, double, double)#0 &amp; ValidatePipe#drawString(sun.java2d.SunGraphics2D, java.lang.String, double, double)#0 &amp; NullPipe#drawString(sun.java2d.SunGraphics2D, java.lang.String, double, double)#0&quot;, &quot;v := OutlineTextRenderer#drawString(sun.java2d.SunGraphics2D, java.lang.String, double, double)#2 &amp; ValidatePipe#drawString(sun.java2d.SunGraphics2D, java.lang.String, double, double)#2 &amp; NullPipe#drawString(sun.java2d.SunGraphics2D, java.lang.String, double, double)#2&quot;, &quot;s := OutlineTextRenderer#drawString(sun.java2d.SunGraphics2D, java.lang.String, double, double)#1 &amp; ValidatePipe#drawString(sun.java2d.SunGraphics2D, java.lang.String, double, double)#1 &amp; NullPipe#drawString(sun.java2d.SunGraphics2D, java.lang.String, double, double)#1&quot;, &quot;v1 := OutlineTextRenderer#drawString(sun.java2d.SunGraphics2D, java.lang.String, double, double)#3 &amp; ValidatePipe#drawString(sun.java2d.SunGraphics2D, java.lang.String, double, double)#3 &amp; NullPipe#drawString(sun.java2d.SunGraphics2D, java.lang.String, double, double)#3&quot; }"/>
        </annotation>
    </item>
</root>