<root>
    <item name='org.junit.internal.runners.model.EachTestNotifier'>
        <annotation name='com.intellij.inspections.tainted.annotation.equation.Equations'>
            <val val="{ &quot;EachTestNotifier := #EachTestNotifier(org.junit.runner.notification.RunNotifier, org.junit.runner.Description)#0 &amp; #EachTestNotifier(org.junit.runner.notification.RunNotifier, org.junit.runner.Description)#1&quot; }"/>
        </annotation>
    </item>
    <item name='org.junit.internal.runners.model.EachTestNotifier EachTestNotifier(org.junit.runner.notification.RunNotifier, org.junit.runner.Description)'>
        <annotation name='com.intellij.inspections.tainted.annotation.equation.Equations'>
            <val val="{ &quot;notifier := org.junit.runners.ParentRunner#runLeaf(org.junit.runners.model.Statement, org.junit.runner.Description, org.junit.runner.notification.RunNotifier)#2 &amp; org.junit.runners.ParentRunner#run(org.junit.runner.notification.RunNotifier)#0&quot;, &quot;description := org.junit.runners.ParentRunner#runLeaf(org.junit.runners.model.Statement, org.junit.runner.Description, org.junit.runner.notification.RunNotifier)#1&quot;, &quot;EachTestNotifier := EachTestNotifier&quot; }"/>
        </annotation>
    </item>
    <item name='org.junit.internal.runners.model.EachTestNotifier void addFailure(java.lang.Throwable)'>
        <annotation name='com.intellij.inspections.tainted.annotation.equation.Equations'>
            <val val="{ &quot;targetException := &quot; }"/>
        </annotation>
    </item>
    <item name='org.junit.internal.runners.model.EachTestNotifier void addMultipleFailureException(org.junit.runners.model.MultipleFailureException)'>
        <annotation name='com.intellij.inspections.tainted.annotation.equation.Equations'>
            <val val="{ &quot;mfe := #addFailure(java.lang.Throwable)#0&quot; }"/>
        </annotation>
    </item>
    <item name='org.junit.internal.runners.model.ReflectiveCallable java.lang.Object run()'>
        <annotation name='com.intellij.inspections.tainted.annotation.equation.Equations'>
            <val val="{ &quot;run := &quot; }"/>
        </annotation>
    </item>
</root>