<root>
    <item name='junit.framework.Assert Assert()'>
        <annotation name='com.intellij.inspections.tainted.annotation.equation.Equations'>
            <val val="{ &quot;Assert := Assert&quot; }"/>
        </annotation>
    </item>
    <item name='junit.framework.Assert java.lang.String format(java.lang.String, java.lang.Object, java.lang.Object)'>
        <annotation name='com.intellij.inspections.tainted.annotation.equation.Equations'>
            <val val="{ &quot;expected := #failNotEquals(java.lang.String, java.lang.Object, java.lang.Object)#1 &amp; ComparisonCompactor &amp; TestCase#format(java.lang.String, java.lang.Object, java.lang.Object)#1&quot;, &quot;message := #failNotEquals(java.lang.String, java.lang.Object, java.lang.Object)#0 &amp; ComparisonCompactor#compact(java.lang.String)#0 &amp; TestCase#format(java.lang.String, java.lang.Object, java.lang.Object)#0&quot;, &quot;actual := #failNotEquals(java.lang.String, java.lang.Object, java.lang.Object)#2 &amp; ComparisonCompactor &amp; TestCase#format(java.lang.String, java.lang.Object, java.lang.Object)#2&quot;, &quot;format := message &amp; expected &amp; actual&quot; }"/>
        </annotation>
    </item>
    <item name='junit.framework.Assert void assertEquals(boolean, boolean)'>
        <annotation name='com.intellij.inspections.tainted.annotation.equation.Equations'>
            <val val="{ &quot;expected := TestCase#assertEquals(boolean, boolean)#0&quot;, &quot;actual := TestCase#assertEquals(boolean, boolean)#1&quot; }"/>
        </annotation>
    </item>
    <item name='junit.framework.Assert void assertEquals(byte, byte)'>
        <annotation name='com.intellij.inspections.tainted.annotation.equation.Equations'>
            <val val="{ &quot;actual := TestCase#assertEquals(byte, byte)#1&quot;, &quot;expected := TestCase#assertEquals(byte, byte)#0&quot; }"/>
        </annotation>
    </item>
    <item name='junit.framework.Assert void assertEquals(char, char)'>
        <annotation name='com.intellij.inspections.tainted.annotation.equation.Equations'>
            <val val="{ &quot;expected := TestCase#assertEquals(char, char)#0&quot;, &quot;actual := TestCase#assertEquals(char, char)#1&quot; }"/>
        </annotation>
    </item>
    <item name='junit.framework.Assert void assertEquals(double, double, double)'>
        <annotation name='com.intellij.inspections.tainted.annotation.equation.Equations'>
            <val val="{ &quot;delta := TestCase#assertEquals(double, double, double)#2&quot;, &quot;actual := TestCase#assertEquals(double, double, double)#1&quot;, &quot;expected := TestCase#assertEquals(double, double, double)#0&quot; }"/>
        </annotation>
    </item>
    <item name='junit.framework.Assert void assertEquals(float, float, float)'>
        <annotation name='com.intellij.inspections.tainted.annotation.equation.Equations'>
            <val val="{ &quot;expected := TestCase#assertEquals(float, float, float)#0&quot;, &quot;delta := TestCase#assertEquals(float, float, float)#2&quot;, &quot;actual := TestCase#assertEquals(float, float, float)#1&quot; }"/>
        </annotation>
    </item>
    <item name='junit.framework.Assert void assertEquals(int, int)'>
        <annotation name='com.intellij.inspections.tainted.annotation.equation.Equations'>
            <val val="{ &quot;expected := TestCase#assertEquals(int, int)#0&quot;, &quot;actual := TestCase#assertEquals(int, int)#1&quot; }"/>
        </annotation>
    </item>
    <item name='junit.framework.Assert void assertEquals(java.lang.Object, java.lang.Object)'>
        <annotation name='com.intellij.inspections.tainted.annotation.equation.Equations'>
            <val val="{ &quot;actual := org.hibernate.test.type.descriptor.sql.PreparedStatementProxy#checkValue(java.lang.Object)#0 &amp; TestCase#assertEquals(java.lang.Object, java.lang.Object)#1&quot;, &quot;expected := org.hibernate.jpa.test.cascade.multicircle.MultiCircleJpaCascadeTest &amp; org.hibernate.test.type.descriptor.sql.PreparedStatementProxy &amp; org.hibernate.test.annotations.cascade.multicircle.jpa.identity.MultiCircleJpaCascadeIdentityTest &amp; org.hibernate.test.annotations.cascade.multicircle.jpa.sequence.MultiCircleJpaCascadeSequenceTest &amp; org.hibernate.test.annotations.cascade.multicircle.nonjpa.identity.MultiCircleNonJpaCascadeIdentityTest &amp; org.hibernate.test.annotations.cascade.multicircle.nonjpa.sequence.MultiCircleNonJpaCascadeSequenceTest &amp; org.hibernate.test.annotations.collectionelement.embeddables.withcustomenumdef.Location.Type#COUNTY &amp; org.hibernate.envers.RevisionType#ADD &amp; TestCase#assertEquals(java.lang.Object, java.lang.Object)#0&quot; }"/>
        </annotation>
    </item>
    <item name='junit.framework.Assert void assertEquals(java.lang.String, boolean, boolean)'>
        <annotation name='com.intellij.inspections.tainted.annotation.equation.Equations'>
            <val val="{ &quot;expected := #assertEquals(boolean, boolean)#0 &amp; TestCase#assertEquals(java.lang.String, boolean, boolean)#1&quot;, &quot;actual := #assertEquals(boolean, boolean)#1 &amp; TestCase#assertEquals(java.lang.String, boolean, boolean)#2&quot;, &quot;message := TestCase#assertEquals(java.lang.String, boolean, boolean)#0&quot; }"/>
        </annotation>
    </item>
    <item name='junit.framework.Assert void assertEquals(java.lang.String, byte, byte)'>
        <annotation name='com.intellij.inspections.tainted.annotation.equation.Equations'>
            <val val="{ &quot;message := TestCase#assertEquals(java.lang.String, byte, byte)#0&quot;, &quot;actual := #assertEquals(byte, byte)#1 &amp; TestCase#assertEquals(java.lang.String, byte, byte)#2&quot;, &quot;expected := #assertEquals(byte, byte)#0 &amp; TestCase#assertEquals(java.lang.String, byte, byte)#1&quot; }"/>
        </annotation>
    </item>
    <item name='junit.framework.Assert void assertEquals(java.lang.String, char, char)'>
        <annotation name='com.intellij.inspections.tainted.annotation.equation.Equations'>
            <val val="{ &quot;message := TestCase#assertEquals(java.lang.String, char, char)#0&quot;, &quot;expected := #assertEquals(char, char)#0 &amp; TestCase#assertEquals(java.lang.String, char, char)#1&quot;, &quot;actual := #assertEquals(char, char)#1 &amp; TestCase#assertEquals(java.lang.String, char, char)#2&quot; }"/>
        </annotation>
    </item>
    <item name='junit.framework.Assert void assertEquals(java.lang.String, double, double, double)'>
        <annotation name='com.intellij.inspections.tainted.annotation.equation.Equations'>
            <val val="{ &quot;actual := #assertEquals(double, double, double)#1 &amp; TestCase#assertEquals(java.lang.String, double, double, double)#2&quot;, &quot;expected := #assertEquals(double, double, double)#0 &amp; TestCase#assertEquals(java.lang.String, double, double, double)#1&quot;, &quot;delta := #assertEquals(double, double, double)#2 &amp; TestCase#assertEquals(java.lang.String, double, double, double)#3&quot;, &quot;message := TestCase#assertEquals(java.lang.String, double, double, double)#0&quot; }"/>
        </annotation>
    </item>
    <item name='junit.framework.Assert void assertEquals(java.lang.String, float, float, float)'>
        <annotation name='com.intellij.inspections.tainted.annotation.equation.Equations'>
            <val val="{ &quot;message := TestCase#assertEquals(java.lang.String, float, float, float)#0&quot;, &quot;expected := #assertEquals(float, float, float)#0 &amp; TestCase#assertEquals(java.lang.String, float, float, float)#1&quot;, &quot;actual := #assertEquals(float, float, float)#1 &amp; TestCase#assertEquals(java.lang.String, float, float, float)#2&quot;, &quot;delta := #assertEquals(float, float, float)#2 &amp; TestCase#assertEquals(java.lang.String, float, float, float)#3&quot; }"/>
        </annotation>
    </item>
    <item name='junit.framework.Assert void assertEquals(java.lang.String, int, int)'>
        <annotation name='com.intellij.inspections.tainted.annotation.equation.Equations'>
            <val val="{ &quot;message := TestCase#assertEquals(java.lang.String, int, int)#0&quot;, &quot;actual := #assertEquals(int, int)#1 &amp; TestCase#assertEquals(java.lang.String, int, int)#2&quot;, &quot;expected := #assertEquals(int, int)#0 &amp; TestCase#assertEquals(java.lang.String, int, int)#1&quot; }"/>
        </annotation>
    </item>
    <item name='junit.framework.Assert void assertEquals(java.lang.String, java.lang.Object, java.lang.Object)'>
        <annotation name='com.intellij.inspections.tainted.annotation.equation.Equations'>
            <val val="{ &quot;actual := #assertEquals(java.lang.Object, java.lang.Object)#1 &amp; TestCase#assertEquals(java.lang.String, java.lang.Object, java.lang.Object)#2&quot;, &quot;message := #assertEquals(java.lang.String, long, long)#0 &amp; #assertEquals(java.lang.String, boolean, boolean)#0 &amp; #assertEquals(java.lang.String, byte, byte)#0 &amp; #assertEquals(java.lang.String, char, char)#0 &amp; #assertEquals(java.lang.String, short, short)#0 &amp; #assertEquals(java.lang.String, int, int)#0 &amp; TestCase#assertEquals(java.lang.String, java.lang.Object, java.lang.Object)#0&quot;, &quot;expected := #assertEquals(java.lang.Object, java.lang.Object)#0 &amp; TestCase#assertEquals(java.lang.String, java.lang.Object, java.lang.Object)#1&quot; }"/>
        </annotation>
    </item>
    <item name='junit.framework.Assert void assertEquals(java.lang.String, java.lang.String)'>
        <annotation name='com.intellij.inspections.tainted.annotation.equation.Equations'>
            <val val="{ &quot;actual := TestCase#assertEquals(java.lang.String, java.lang.String)#1&quot;, &quot;expected := TestCase#assertEquals(java.lang.String, java.lang.String)#0&quot; }"/>
        </annotation>
    </item>
    <item name='junit.framework.Assert void assertEquals(java.lang.String, java.lang.String, java.lang.String)'>
        <annotation name='com.intellij.inspections.tainted.annotation.equation.Equations'>
            <val val="{ &quot;message := TestCase#assertEquals(java.lang.String, java.lang.String, java.lang.String)#0&quot;, &quot;actual := #assertEquals(java.lang.String, java.lang.String)#1 &amp; TestCase#assertEquals(java.lang.String, java.lang.String, java.lang.String)#2&quot;, &quot;expected := #assertEquals(java.lang.String, java.lang.String)#0 &amp; TestCase#assertEquals(java.lang.String, java.lang.String, java.lang.String)#1&quot; }"/>
        </annotation>
    </item>
    <item name='junit.framework.Assert void assertEquals(java.lang.String, long, long)'>
        <annotation name='com.intellij.inspections.tainted.annotation.equation.Equations'>
            <val val="{ &quot;actual := #assertEquals(long, long)#1 &amp; TestCase#assertEquals(java.lang.String, long, long)#2&quot;, &quot;message := TestCase#assertEquals(java.lang.String, long, long)#0&quot;, &quot;expected := #assertEquals(long, long)#0 &amp; TestCase#assertEquals(java.lang.String, long, long)#1&quot; }"/>
        </annotation>
    </item>
    <item name='junit.framework.Assert void assertEquals(java.lang.String, short, short)'>
        <annotation name='com.intellij.inspections.tainted.annotation.equation.Equations'>
            <val val="{ &quot;actual := #assertEquals(short, short)#1 &amp; TestCase#assertEquals(java.lang.String, short, short)#2&quot;, &quot;expected := #assertEquals(short, short)#0 &amp; TestCase#assertEquals(java.lang.String, short, short)#1&quot;, &quot;message := TestCase#assertEquals(java.lang.String, short, short)#0&quot; }"/>
        </annotation>
    </item>
    <item name='junit.framework.Assert void assertEquals(long, long)'>
        <annotation name='com.intellij.inspections.tainted.annotation.equation.Equations'>
            <val val="{ &quot;actual := TestCase#assertEquals(long, long)#1&quot;, &quot;expected := org.hibernate.test.annotations.filter.subclass.SubClassTest#assertCount(long)#0 &amp; TestCase#assertEquals(long, long)#0&quot; }"/>
        </annotation>
    </item>
    <item name='junit.framework.Assert void assertEquals(short, short)'>
        <annotation name='com.intellij.inspections.tainted.annotation.equation.Equations'>
            <val val="{ &quot;actual := TestCase#assertEquals(short, short)#1&quot;, &quot;expected := TestCase#assertEquals(short, short)#0&quot; }"/>
        </annotation>
    </item>
    <item name='junit.framework.Assert void assertFalse(boolean)'>
        <annotation name='com.intellij.inspections.tainted.annotation.equation.Equations'>
            <val val="{ &quot;condition := TestCase#assertFalse(boolean)#0&quot; }"/>
        </annotation>
    </item>
    <item name='junit.framework.Assert void assertFalse(java.lang.String, boolean)'>
        <annotation name='com.intellij.inspections.tainted.annotation.equation.Equations'>
            <val val="{ &quot;message := TestCase#assertFalse(java.lang.String, boolean)#0&quot;, &quot;condition := #assertFalse(boolean)#0 &amp; TestCase#assertFalse(java.lang.String, boolean)#1&quot; }"/>
        </annotation>
    </item>
    <item name='junit.framework.Assert void assertNotNull(java.lang.Object)'>
        <annotation name='com.intellij.inspections.tainted.annotation.equation.Equations'>
            <val val="{ &quot;object := TestCase#assertNotNull(java.lang.Object)#0&quot; }"/>
        </annotation>
    </item>
    <item name='junit.framework.Assert void assertNotNull(java.lang.String, java.lang.Object)'>
        <annotation name='com.intellij.inspections.tainted.annotation.equation.Equations'>
            <val val="{ &quot;message := TestCase#assertNotNull(java.lang.String, java.lang.Object)#0&quot;, &quot;object := #assertNotNull(java.lang.Object)#0 &amp; TestCase#assertNotNull(java.lang.String, java.lang.Object)#1&quot; }"/>
        </annotation>
    </item>
    <item name='junit.framework.Assert void assertNotSame(java.lang.Object, java.lang.Object)'>
        <annotation name='com.intellij.inspections.tainted.annotation.equation.Equations'>
            <val val="{ &quot;actual := TestCase#assertNotSame(java.lang.Object, java.lang.Object)#1&quot;, &quot;expected := TestCase#assertNotSame(java.lang.Object, java.lang.Object)#0&quot; }"/>
        </annotation>
    </item>
    <item name='junit.framework.Assert void assertNotSame(java.lang.String, java.lang.Object, java.lang.Object)'>
        <annotation name='com.intellij.inspections.tainted.annotation.equation.Equations'>
            <val val="{ &quot;actual := #assertNotSame(java.lang.Object, java.lang.Object)#1 &amp; TestCase#assertNotSame(java.lang.String, java.lang.Object, java.lang.Object)#2&quot;, &quot;message := TestCase#assertNotSame(java.lang.String, java.lang.Object, java.lang.Object)#0&quot;, &quot;expected := #assertNotSame(java.lang.Object, java.lang.Object)#0 &amp; TestCase#assertNotSame(java.lang.String, java.lang.Object, java.lang.Object)#1&quot; }"/>
        </annotation>
    </item>
    <item name='junit.framework.Assert void assertNull(java.lang.Object)'>
        <annotation name='com.intellij.inspections.tainted.annotation.equation.Equations'>
            <val val="{ &quot;object := TestCase#assertNull(java.lang.Object)#0&quot; }"/>
        </annotation>
    </item>
    <item name='junit.framework.Assert void assertNull(java.lang.String, java.lang.Object)'>
        <annotation name='com.intellij.inspections.tainted.annotation.equation.Equations'>
            <val val="{ &quot;message := TestCase#assertNull(java.lang.String, java.lang.Object)#0&quot;, &quot;object := #assertNull(java.lang.Object)#0 &amp; TestCase#assertNull(java.lang.String, java.lang.Object)#1&quot; }"/>
        </annotation>
    </item>
    <item name='junit.framework.Assert void assertSame(java.lang.Object, java.lang.Object)'>
        <annotation name='com.intellij.inspections.tainted.annotation.equation.Equations'>
            <val val="{ &quot;expected := TestCase#assertSame(java.lang.Object, java.lang.Object)#0&quot;, &quot;actual := TestCase#assertSame(java.lang.Object, java.lang.Object)#1&quot; }"/>
        </annotation>
    </item>
    <item name='junit.framework.Assert void assertSame(java.lang.String, java.lang.Object, java.lang.Object)'>
        <annotation name='com.intellij.inspections.tainted.annotation.equation.Equations'>
            <val val="{ &quot;expected := #assertSame(java.lang.Object, java.lang.Object)#0 &amp; TestCase#assertSame(java.lang.String, java.lang.Object, java.lang.Object)#1&quot;, &quot;message := TestCase#assertSame(java.lang.String, java.lang.Object, java.lang.Object)#0&quot;, &quot;actual := #assertSame(java.lang.Object, java.lang.Object)#1 &amp; TestCase#assertSame(java.lang.String, java.lang.Object, java.lang.Object)#2&quot; }"/>
        </annotation>
    </item>
    <item name='junit.framework.Assert void assertTrue(boolean)'>
        <annotation name='com.intellij.inspections.tainted.annotation.equation.Equations'>
            <val val="{ &quot;condition := TestCase#assertTrue(boolean)#0&quot; }"/>
        </annotation>
    </item>
    <item name='junit.framework.Assert void assertTrue(java.lang.String, boolean)'>
        <annotation name='com.intellij.inspections.tainted.annotation.equation.Equations'>
            <val val="{ &quot;message := #assertFalse(java.lang.String, boolean)#0 &amp; #assertNotNull(java.lang.String, java.lang.Object)#0 &amp; #assertNull(java.lang.String, java.lang.Object)#0 &amp; TestCase#assertTrue(java.lang.String, boolean)#0&quot;, &quot;condition := #assertTrue(boolean)#0 &amp; #assertNotNull(java.lang.String, java.lang.Object)#1 &amp; #assertNull(java.lang.String, java.lang.Object)#1 &amp; TestCase#assertTrue(java.lang.String, boolean)#1&quot; }"/>
        </annotation>
    </item>
    <item name='junit.framework.Assert void fail(java.lang.String)'>
        <annotation name='com.intellij.inspections.tainted.annotation.equation.Equations'>
            <val val="{ &quot;message := #assertTrue(java.lang.String, boolean)#0 &amp; #failSame(java.lang.String)#0 &amp; #failNotSame(java.lang.String, java.lang.Object, java.lang.Object)#0 &amp; #failNotSame(java.lang.String, java.lang.Object, java.lang.Object)#1 &amp; #failNotSame(java.lang.String, java.lang.Object, java.lang.Object)#2 &amp; TestCase#fail(java.lang.String)#0&quot; }"/>
        </annotation>
    </item>
    <item name='junit.framework.Assert void failNotEquals(java.lang.String, java.lang.Object, java.lang.Object)'>
        <annotation name='com.intellij.inspections.tainted.annotation.equation.Equations'>
            <val val="{ &quot;actual := #assertEquals(java.lang.String, java.lang.Object, java.lang.Object)#2 &amp; TestCase#failNotEquals(java.lang.String, java.lang.Object, java.lang.Object)#2&quot;, &quot;expected := #assertEquals(java.lang.String, java.lang.Object, java.lang.Object)#1 &amp; TestCase#failNotEquals(java.lang.String, java.lang.Object, java.lang.Object)#1&quot;, &quot;message := #assertEquals(java.lang.String, java.lang.Object, java.lang.Object)#0 &amp; #assertEquals(java.lang.String, double, double, double)#0 &amp; #assertEquals(java.lang.String, float, float, float)#0 &amp; TestCase#failNotEquals(java.lang.String, java.lang.Object, java.lang.Object)#0&quot; }"/>
        </annotation>
    </item>
    <item name='junit.framework.Assert void failNotSame(java.lang.String, java.lang.Object, java.lang.Object)'>
        <annotation name='com.intellij.inspections.tainted.annotation.equation.Equations'>
            <val val="{ &quot;actual := #assertSame(java.lang.String, java.lang.Object, java.lang.Object)#2 &amp; TestCase#failNotSame(java.lang.String, java.lang.Object, java.lang.Object)#2&quot;, &quot;expected := #assertSame(java.lang.String, java.lang.Object, java.lang.Object)#1 &amp; TestCase#failNotSame(java.lang.String, java.lang.Object, java.lang.Object)#1&quot;, &quot;message := #assertSame(java.lang.String, java.lang.Object, java.lang.Object)#0 &amp; TestCase#failNotSame(java.lang.String, java.lang.Object, java.lang.Object)#0&quot; }"/>
        </annotation>
    </item>
    <item name='junit.framework.Assert void failSame(java.lang.String)'>
        <annotation name='com.intellij.inspections.tainted.annotation.equation.Equations'>
            <val val="{ &quot;message := #assertNotSame(java.lang.String, java.lang.Object, java.lang.Object)#0 &amp; TestCase#failSame(java.lang.String)#0&quot; }"/>
        </annotation>
    </item>
    <item name='junit.framework.AssertionFailedError AssertionFailedError()'>
        <annotation name='com.intellij.inspections.tainted.annotation.equation.Equations'>
            <val val="{ &quot;AssertionFailedError := AssertionFailedError&quot; }"/>
        </annotation>
    </item>
    <item name='junit.framework.AssertionFailedError AssertionFailedError(java.lang.String)'>
        <annotation name='com.intellij.inspections.tainted.annotation.equation.Equations'>
            <val val="{ &quot;message := ComparisonFailure#ComparisonFailure(java.lang.String, java.lang.String, java.lang.String)#0&quot;, &quot;AssertionFailedError := AssertionFailedError&quot; }"/>
        </annotation>
    </item>
    <item name='junit.framework.AssertionFailedError java.lang.String defaultString(java.lang.String)'>
        <annotation name='com.intellij.inspections.tainted.annotation.equation.Equations'>
            <val val="{ &quot;message := #AssertionFailedError(java.lang.String)#0&quot;, &quot;defaultString := message&quot; }"/>
        </annotation>
    </item>
    <item name='junit.framework.ComparisonCompactor'>
        <annotation name='com.intellij.inspections.tainted.annotation.equation.Equations'>
            <val val="{ &quot;ComparisonCompactor := #ComparisonCompactor(int, java.lang.String, java.lang.String)#0 &amp; #ComparisonCompactor(int, java.lang.String, java.lang.String)#1 &amp; #ComparisonCompactor(int, java.lang.String, java.lang.String)#2&quot; }"/>
        </annotation>
    </item>
    <item name='junit.framework.ComparisonCompactor ComparisonCompactor(int, java.lang.String, java.lang.String)'>
        <annotation name='com.intellij.inspections.tainted.annotation.equation.Equations'>
            <val val="{ &quot;ComparisonCompactor := ComparisonCompactor&quot; }"/>
        </annotation>
    </item>
    <item name='junit.framework.ComparisonCompactor boolean areStringsEqual()'>
        <annotation name='com.intellij.inspections.tainted.annotation.equation.Equations'>
            <val val="{ &quot;areStringsEqual := &quot; }"/>
        </annotation>
    </item>
    <item name='junit.framework.ComparisonCompactor java.lang.String compact(java.lang.String)'>
        <annotation name='com.intellij.inspections.tainted.annotation.equation.Equations'>
            <val val="{ &quot;message := &quot;, &quot;compact := &quot; }"/>
        </annotation>
    </item>
    <item name='junit.framework.ComparisonCompactor java.lang.String compactString(java.lang.String)'>
        <annotation name='com.intellij.inspections.tainted.annotation.equation.Equations'>
            <val val="{ &quot;source := ComparisonCompactor&quot;, &quot;compactString := #DELTA_START &amp; #DELTA_END&quot; }"/>
        </annotation>
    </item>
    <item name='junit.framework.ComparisonCompactor java.lang.String computeCommonPrefix()'>
        <annotation name='com.intellij.inspections.tainted.annotation.equation.Equations'>
            <val val="{ &quot;computeCommonPrefix := #ELLIPSIS&quot; }"/>
        </annotation>
    </item>
    <item name='junit.framework.ComparisonCompactor java.lang.String computeCommonSuffix()'>
        <annotation name='com.intellij.inspections.tainted.annotation.equation.Equations'>
            <val val="{ &quot;computeCommonSuffix := #ELLIPSIS&quot; }"/>
        </annotation>
    </item>
    <item name='junit.framework.ComparisonFailure'>
        <annotation name='com.intellij.inspections.tainted.annotation.equation.Equations'>
            <val val="{ &quot;ComparisonFailure := #ComparisonFailure(java.lang.String, java.lang.String, java.lang.String)#1 &amp; #ComparisonFailure(java.lang.String, java.lang.String, java.lang.String)#2&quot; }"/>
        </annotation>
    </item>
    <item name='junit.framework.ComparisonFailure ComparisonFailure(java.lang.String, java.lang.String, java.lang.String)'>
        <annotation name='com.intellij.inspections.tainted.annotation.equation.Equations'>
            <val val="{ &quot;ComparisonFailure := ComparisonFailure&quot;, &quot;actual := org.mockito.exceptions.verification.junit.ArgumentsAreDifferent#ArgumentsAreDifferent(java.lang.String, java.lang.String, java.lang.String)#2&quot;, &quot;expected := org.mockito.exceptions.verification.junit.ArgumentsAreDifferent#ArgumentsAreDifferent(java.lang.String, java.lang.String, java.lang.String)#1&quot;, &quot;message := org.mockito.exceptions.verification.junit.ArgumentsAreDifferent#ArgumentsAreDifferent(java.lang.String, java.lang.String, java.lang.String)#0&quot; }"/>
        </annotation>
    </item>
    <item name='junit.framework.ComparisonFailure java.lang.String getActual()'>
        <annotation name='com.intellij.inspections.tainted.annotation.equation.Equations'>
            <val val="{ &quot;getActual := ComparisonFailure&quot; }"/>
        </annotation>
    </item>
    <item name='junit.framework.ComparisonFailure java.lang.String getExpected()'>
        <annotation name='com.intellij.inspections.tainted.annotation.equation.Equations'>
            <val val="{ &quot;getExpected := ComparisonFailure&quot; }"/>
        </annotation>
    </item>
    <item name='junit.framework.ComparisonFailure java.lang.String getMessage()'>
        <annotation name='com.intellij.inspections.tainted.annotation.equation.Equations'>
            <val val="{ &quot;getMessage := org.mockito.exceptions.verification.junit.ArgumentsAreDifferent#getMessage()&quot; }"/>
        </annotation>
    </item>
    <item name='junit.framework.Test int countTestCases()'>
        <annotation name='com.intellij.inspections.tainted.annotation.equation.Equations'>
            <val val="{ &quot;countTestCases := TestSuite#countTestCases() &amp; junit.extensions.TestDecorator#countTestCases() &amp; TestCase#countTestCases()&quot; }"/>
        </annotation>
    </item>
    <item name='junit.framework.Test void run(junit.framework.TestResult)'>
        <annotation name='com.intellij.inspections.tainted.annotation.equation.Equations'>
            <val val="{ &quot;result := junit.extensions.TestDecorator#basicRun(junit.framework.TestResult)#0 &amp; TestSuite#runTest(junit.framework.Test, junit.framework.TestResult)#1&quot; }"/>
        </annotation>
    </item>
    <item name='junit.framework.TestCase'>
        <annotation name='com.intellij.inspections.tainted.annotation.equation.Equations'>
            <val val="{ &quot;TestCase := #setName(java.lang.String)#0 &amp; #TestCase(java.lang.String)#0&quot; }"/>
        </annotation>
    </item>
    <item name='junit.framework.TestCase TestCase()'>
        <annotation name='com.intellij.inspections.tainted.annotation.equation.Equations'>
            <val val="{ &quot;TestCase := TestCase&quot; }"/>
        </annotation>
    </item>
    <item name='junit.framework.TestCase TestCase(java.lang.String)'>
        <annotation name='com.intellij.inspections.tainted.annotation.equation.Equations'>
            <val val="{ &quot;TestCase := TestCase&quot; }"/>
        </annotation>
    </item>
    <item name='junit.framework.TestCase java.lang.String format(java.lang.String, java.lang.Object, java.lang.Object)'>
        <annotation name='com.intellij.inspections.tainted.annotation.equation.Equations'>
            <val val="{ &quot;format := &quot; }"/>
        </annotation>
    </item>
    <item name='junit.framework.TestCase java.lang.String getName()'>
        <annotation name='com.intellij.inspections.tainted.annotation.equation.Equations'>
            <val val="{ &quot;getName := TestCase&quot; }"/>
        </annotation>
    </item>
    <item name='junit.framework.TestCase java.lang.String toString()'>
        <annotation name='com.intellij.inspections.tainted.annotation.equation.Equations'>
            <val val="{ &quot;toString := &quot; }"/>
        </annotation>
    </item>
    <item name='junit.framework.TestCase junit.framework.TestResult createResult()'>
        <annotation name='com.intellij.inspections.tainted.annotation.equation.Equations'>
            <val val="{ &quot;createResult := &quot; }"/>
        </annotation>
    </item>
    <item name='junit.framework.TestCase junit.framework.TestResult run()'>
        <annotation name='com.intellij.inspections.tainted.annotation.equation.Equations'>
            <val val="{ &quot;run := &quot; }"/>
        </annotation>
    </item>
    <item name='junit.framework.TestCase void assertEquals(int, int)'>
        <annotation name='com.intellij.inspections.tainted.annotation.equation.Equations'>
            <val val="{ &quot;actual := &quot; }"/>
        </annotation>
    </item>
    <item name='junit.framework.TestCase void assertEquals(java.lang.String, java.lang.String)'>
        <annotation name='com.intellij.inspections.tainted.annotation.equation.Equations'>
            <val val="{ &quot;actual := &quot; }"/>
        </annotation>
    </item>
    <item name='junit.framework.TestCase void assertNotNull(java.lang.Object)'>
        <annotation name='com.intellij.inspections.tainted.annotation.equation.Equations'>
            <val val="{ &quot;object := &quot; }"/>
        </annotation>
    </item>
    <item name='junit.framework.TestCase void assertNotNull(java.lang.String, java.lang.Object)'>
        <annotation name='com.intellij.inspections.tainted.annotation.equation.Equations'>
            <val val="{ &quot;object := TestCase&quot; }"/>
        </annotation>
    </item>
    <item name='junit.framework.TestCase void fail(java.lang.String)'>
        <annotation name='com.intellij.inspections.tainted.annotation.equation.Equations'>
            <val val="{ &quot;message := TestSuite#warning(java.lang.String)#0 &amp; TestCase&quot; }"/>
        </annotation>
    </item>
    <item name='junit.framework.TestCase void run(junit.framework.TestResult)'>
        <annotation name='com.intellij.inspections.tainted.annotation.equation.Equations'>
            <val val="{ &quot;result := Test#run(junit.framework.TestResult)#0&quot; }"/>
        </annotation>
    </item>
    <item name='junit.framework.TestCase void setName(java.lang.String)'>
        <annotation name='com.intellij.inspections.tainted.annotation.equation.Equations'>
            <val val="{ &quot;name := TestSuite#createTest(java.lang.Class, java.lang.String)#1&quot; }"/>
        </annotation>
    </item>
    <item name='junit.framework.TestFailure'>
        <annotation name='com.intellij.inspections.tainted.annotation.equation.Equations'>
            <val val="{ &quot;TestFailure := #TestFailure(junit.framework.Test, java.lang.Throwable)#0 &amp; #TestFailure(junit.framework.Test, java.lang.Throwable)#1&quot; }"/>
        </annotation>
    </item>
    <item name='junit.framework.TestFailure TestFailure(junit.framework.Test, java.lang.Throwable)'>
        <annotation name='com.intellij.inspections.tainted.annotation.equation.Equations'>
            <val val="{ &quot;thrownException := TestResult#addError(junit.framework.Test, java.lang.Throwable)#1 &amp; TestResult#addFailure(junit.framework.Test, junit.framework.AssertionFailedError)#1&quot;, &quot;TestFailure := TestFailure&quot;, &quot;failedTest := TestResult#addError(junit.framework.Test, java.lang.Throwable)#0 &amp; TestResult#addFailure(junit.framework.Test, junit.framework.AssertionFailedError)#0&quot; }"/>
        </annotation>
    </item>
    <item name='junit.framework.TestFailure java.lang.String exceptionMessage()'>
        <annotation name='com.intellij.inspections.tainted.annotation.equation.Equations'>
            <val val="{ &quot;exceptionMessage := &quot; }"/>
        </annotation>
    </item>
    <item name='junit.framework.TestFailure java.lang.String toString()'>
        <annotation name='com.intellij.inspections.tainted.annotation.equation.Equations'>
            <val val="{ &quot;toString := TestFailure&quot; }"/>
        </annotation>
    </item>
    <item name='junit.framework.TestFailure java.lang.String trace()'>
        <annotation name='com.intellij.inspections.tainted.annotation.equation.Equations'>
            <val val="{ &quot;trace := &quot; }"/>
        </annotation>
    </item>
    <item name='junit.framework.TestFailure java.lang.Throwable thrownException()'>
        <annotation name='com.intellij.inspections.tainted.annotation.equation.Equations'>
            <val val="{ &quot;thrownException := TestFailure&quot; }"/>
        </annotation>
    </item>
    <item name='junit.framework.TestFailure junit.framework.Test failedTest()'>
        <annotation name='com.intellij.inspections.tainted.annotation.equation.Equations'>
            <val val="{ &quot;failedTest := TestFailure&quot; }"/>
        </annotation>
    </item>
    <item name='junit.framework.TestResult'>
        <annotation name='com.intellij.inspections.tainted.annotation.equation.Equations'>
            <val val="{ &quot;TestResult := &quot; }"/>
        </annotation>
    </item>
    <item name='junit.framework.TestResult TestResult()'>
        <annotation name='com.intellij.inspections.tainted.annotation.equation.Equations'>
            <val val="{ &quot;TestResult := TestResult&quot; }"/>
        </annotation>
    </item>
    <item name='junit.framework.TestResult boolean shouldStop()'>
        <annotation name='com.intellij.inspections.tainted.annotation.equation.Equations'>
            <val val="{ &quot;shouldStop := TestResult&quot; }"/>
        </annotation>
    </item>
    <item name='junit.framework.TestResult boolean wasSuccessful()'>
        <annotation name='com.intellij.inspections.tainted.annotation.equation.Equations'>
            <val val="{ &quot;wasSuccessful := &quot; }"/>
        </annotation>
    </item>
    <item name='junit.framework.TestResult int errorCount()'>
        <annotation name='com.intellij.inspections.tainted.annotation.equation.Equations'>
            <val val="{ &quot;errorCount := &quot; }"/>
        </annotation>
    </item>
    <item name='junit.framework.TestResult int failureCount()'>
        <annotation name='com.intellij.inspections.tainted.annotation.equation.Equations'>
            <val val="{ &quot;failureCount := &quot; }"/>
        </annotation>
    </item>
    <item name='junit.framework.TestResult int runCount()'>
        <annotation name='com.intellij.inspections.tainted.annotation.equation.Equations'>
            <val val="{ &quot;runCount := TestResult&quot; }"/>
        </annotation>
    </item>
    <item name='junit.framework.TestResult java.util.Enumeration&lt;junit.framework.TestFailure&gt; errors()'>
        <annotation name='com.intellij.inspections.tainted.annotation.equation.Equations'>
            <val val="{ &quot;errors := &quot; }"/>
        </annotation>
    </item>
    <item name='junit.framework.TestResult java.util.Enumeration&lt;junit.framework.TestFailure&gt; failures()'>
        <annotation name='com.intellij.inspections.tainted.annotation.equation.Equations'>
            <val val="{ &quot;failures := &quot; }"/>
        </annotation>
    </item>
    <item name='junit.framework.TestResult java.util.List&lt;junit.framework.TestListener&gt; cloneListeners()'>
        <annotation name='com.intellij.inspections.tainted.annotation.equation.Equations'>
            <val val="{ &quot;cloneListeners := &quot; }"/>
        </annotation>
    </item>
    <item name='junit.framework.TestResult void addError(junit.framework.Test, java.lang.Throwable)'>
        <annotation name='com.intellij.inspections.tainted.annotation.equation.Equations'>
            <val val="{ &quot;test := #runProtected(junit.framework.Test, junit.framework.Protectable)#0&quot;, &quot;e := &quot; }"/>
        </annotation>
    </item>
    <item name='junit.framework.TestResult void addFailure(junit.framework.Test, junit.framework.AssertionFailedError)'>
        <annotation name='com.intellij.inspections.tainted.annotation.equation.Equations'>
            <val val="{ &quot;e := &quot;, &quot;test := #runProtected(junit.framework.Test, junit.framework.Protectable)#0&quot; }"/>
        </annotation>
    </item>
    <item name='junit.framework.TestResult void addListener(junit.framework.TestListener)'>
        <annotation name='com.intellij.inspections.tainted.annotation.equation.Equations'>
            <val val="{ &quot;listener := &quot; }"/>
        </annotation>
    </item>
    <item name='junit.framework.TestResult void endTest(junit.framework.Test)'>
        <annotation name='com.intellij.inspections.tainted.annotation.equation.Equations'>
            <val val="{ &quot;test := #run(junit.framework.TestCase)#0&quot; }"/>
        </annotation>
    </item>
    <item name='junit.framework.TestResult void run(junit.framework.TestCase)'>
        <annotation name='com.intellij.inspections.tainted.annotation.equation.Equations'>
            <val val="{ &quot;test := TestCase&quot; }"/>
        </annotation>
    </item>
    <item name='junit.framework.TestResult void runProtected(junit.framework.Test, junit.framework.Protectable)'>
        <annotation name='com.intellij.inspections.tainted.annotation.equation.Equations'>
            <val val="{ &quot;test := #run(junit.framework.TestCase)#0&quot; }"/>
        </annotation>
    </item>
    <item name='junit.framework.TestResult void startTest(junit.framework.Test)'>
        <annotation name='com.intellij.inspections.tainted.annotation.equation.Equations'>
            <val val="{ &quot;test := #run(junit.framework.TestCase)#0&quot; }"/>
        </annotation>
    </item>
    <item name='junit.framework.TestSuite'>
        <annotation name='com.intellij.inspections.tainted.annotation.equation.Equations'>
            <val val="{ &quot;TestSuite := #setName(java.lang.String)#0&quot; }"/>
        </annotation>
    </item>
    <item name='junit.framework.TestSuite TestSuite()'>
        <annotation name='com.intellij.inspections.tainted.annotation.equation.Equations'>
            <val val="{ &quot;TestSuite := TestSuite&quot; }"/>
        </annotation>
    </item>
    <item name='junit.framework.TestSuite TestSuite(java.lang.Class&lt;? extends junit.framework.TestCase&gt;, java.lang.String)'>
        <annotation name='com.intellij.inspections.tainted.annotation.equation.Equations'>
            <val val="{ &quot;TestSuite := TestSuite&quot; }"/>
        </annotation>
    </item>
    <item name='junit.framework.TestSuite TestSuite(java.lang.Class&lt;? extends junit.framework.TestCase&gt;[], java.lang.String)'>
        <annotation name='com.intellij.inspections.tainted.annotation.equation.Equations'>
            <val val="{ &quot;TestSuite := TestSuite&quot; }"/>
        </annotation>
    </item>
    <item name='junit.framework.TestSuite TestSuite(java.lang.Class&lt;?&gt;)'>
        <annotation name='com.intellij.inspections.tainted.annotation.equation.Equations'>
            <val val="{ &quot;theClass := #TestSuite(java.lang.Class, java.lang.String)#0 &amp; #addTestSuite(java.lang.Class)#0&quot;, &quot;TestSuite := TestSuite&quot; }"/>
        </annotation>
    </item>
    <item name='junit.framework.TestSuite TestSuite(java.lang.Class&lt;?&gt;...)'>
        <annotation name='com.intellij.inspections.tainted.annotation.equation.Equations'>
            <val val="{ &quot;TestSuite := TestSuite&quot;, &quot;classes := #TestSuite(java.lang.Class[], java.lang.String)#0&quot; }"/>
        </annotation>
    </item>
    <item name='junit.framework.TestSuite TestSuite(java.lang.String)'>
        <annotation name='com.intellij.inspections.tainted.annotation.equation.Equations'>
            <val val="{ &quot;TestSuite := TestSuite&quot;, &quot;name := &quot; }"/>
        </annotation>
    </item>
    <item name='junit.framework.TestSuite boolean isPublicTestMethod(java.lang.reflect.Method)'>
        <annotation name='com.intellij.inspections.tainted.annotation.equation.Equations'>
            <val val="{ &quot;isPublicTestMethod := &quot; }"/>
        </annotation>
    </item>
    <item name='junit.framework.TestSuite boolean isTestMethod(java.lang.reflect.Method)'>
        <annotation name='com.intellij.inspections.tainted.annotation.equation.Equations'>
            <val val="{ &quot;isTestMethod := &quot;, &quot;m := #addTestMethod(java.lang.reflect.Method, java.util.List, java.lang.Class)#0 &amp; #isPublicTestMethod(java.lang.reflect.Method)#0&quot; }"/>
        </annotation>
    </item>
    <item name='junit.framework.TestSuite int testCount()'>
        <annotation name='com.intellij.inspections.tainted.annotation.equation.Equations'>
            <val val="{ &quot;testCount := &quot; }"/>
        </annotation>
    </item>
    <item name='junit.framework.TestSuite java.lang.String exceptionToString(java.lang.Throwable)'>
        <annotation name='com.intellij.inspections.tainted.annotation.equation.Equations'>
            <val val="{ &quot;exceptionToString := &quot;, &quot;e := &quot; }"/>
        </annotation>
    </item>
    <item name='junit.framework.TestSuite java.lang.String getName()'>
        <annotation name='com.intellij.inspections.tainted.annotation.equation.Equations'>
            <val val="{ &quot;getName := TestSuite&quot; }"/>
        </annotation>
    </item>
    <item name='junit.framework.TestSuite java.lang.String toString()'>
        <annotation name='com.intellij.inspections.tainted.annotation.equation.Equations'>
            <val val="{ &quot;toString := &quot; }"/>
        </annotation>
    </item>
    <item name='junit.framework.TestSuite java.lang.reflect.Constructor&lt;?&gt; getTestConstructor(java.lang.Class&lt;?&gt;)'>
        <annotation name='com.intellij.inspections.tainted.annotation.equation.Equations'>
            <val val="{ &quot;theClass := #addTestsFromTestCase(java.lang.Class)#0 &amp; #createTest(java.lang.Class, java.lang.String)#0&quot;, &quot;getTestConstructor := &quot; }"/>
        </annotation>
    </item>
    <item name='junit.framework.TestSuite java.util.Enumeration&lt;junit.framework.Test&gt; tests()'>
        <annotation name='com.intellij.inspections.tainted.annotation.equation.Equations'>
            <val val="{ &quot;tests := &quot; }"/>
        </annotation>
    </item>
    <item name='junit.framework.TestSuite junit.framework.Test createTest(java.lang.Class&lt;?&gt;, java.lang.String)'>
        <annotation name='com.intellij.inspections.tainted.annotation.equation.Equations'>
            <val val="{ &quot;createTest := &quot;, &quot;theClass := #addTestMethod(java.lang.reflect.Method, java.util.List, java.lang.Class)#2&quot;, &quot;name := &quot; }"/>
        </annotation>
    </item>
    <item name='junit.framework.TestSuite junit.framework.Test testAt(int)'>
        <annotation name='com.intellij.inspections.tainted.annotation.equation.Equations'>
            <val val="{ &quot;testAt := &quot; }"/>
        </annotation>
    </item>
    <item name='junit.framework.TestSuite junit.framework.Test testCaseForClass(java.lang.Class&lt;?&gt;)'>
        <annotation name='com.intellij.inspections.tainted.annotation.equation.Equations'>
            <val val="{ &quot;testCaseForClass := &quot; }"/>
        </annotation>
    </item>
    <item name='junit.framework.TestSuite junit.framework.Test warning(java.lang.String)'>
        <annotation name='com.intellij.inspections.tainted.annotation.equation.Equations'>
            <val val="{ &quot;message := #createTest(java.lang.Class, java.lang.String)#1&quot;, &quot;warning := &quot; }"/>
        </annotation>
    </item>
    <item name='junit.framework.TestSuite void addTest(junit.framework.Test)'>
        <annotation name='com.intellij.inspections.tainted.annotation.equation.Equations'>
            <val val="{ &quot;test := &quot; }"/>
        </annotation>
    </item>
    <item name='junit.framework.TestSuite void addTestsFromTestCase(java.lang.Class&lt;?&gt;)'>
        <annotation name='com.intellij.inspections.tainted.annotation.equation.Equations'>
            <val val="{ &quot;theClass := #TestSuite(java.lang.Class)#0&quot; }"/>
        </annotation>
    </item>
    <item name='junit.framework.TestSuite void run(junit.framework.TestResult)'>
        <annotation name='com.intellij.inspections.tainted.annotation.equation.Equations'>
            <val val="{ &quot;result := Test#run(junit.framework.TestResult)#0&quot; }"/>
        </annotation>
    </item>
    <item name='junit.framework.TestSuite void setName(java.lang.String)'>
        <annotation name='com.intellij.inspections.tainted.annotation.equation.Equations'>
            <val val="{ &quot;name := #TestSuite(java.lang.String)#0 &amp; #TestSuite(java.lang.Class, java.lang.String)#1 &amp; #TestSuite(java.lang.Class[], java.lang.String)#1&quot; }"/>
        </annotation>
    </item>
</root>