<root>
    <item name='com.sun.org.apache.xerces.internal.xinclude.MultipleScopeNamespaceSupport'>
        <annotation name='com.intellij.inspections.tainted.annotation.equation.Equations'>
            <val val="{ &quot;MultipleScopeNamespaceSupport := MultipleScopeNamespaceSupport&quot; }"/>
        </annotation>
    </item>
    <item name='com.sun.org.apache.xerces.internal.xinclude.MultipleScopeNamespaceSupport MultipleScopeNamespaceSupport()'>
        <annotation name='com.intellij.inspections.tainted.annotation.equation.Equations'>
            <val val="{ &quot;MultipleScopeNamespaceSupport := MultipleScopeNamespaceSupport&quot; }"/>
        </annotation>
    </item>
    <item name='com.sun.org.apache.xerces.internal.xinclude.MultipleScopeNamespaceSupport MultipleScopeNamespaceSupport(com.sun.org.apache.xerces.internal.xni.NamespaceContext)'>
        <annotation name='com.intellij.inspections.tainted.annotation.equation.Equations'>
            <val val="{ &quot;context := XIncludeNamespaceSupport#XIncludeNamespaceSupport(com.sun.org.apache.xerces.internal.xni.NamespaceContext)#0&quot;, &quot;MultipleScopeNamespaceSupport := MultipleScopeNamespaceSupport&quot; }"/>
        </annotation>
    </item>
    <item name='com.sun.org.apache.xerces.internal.xinclude.MultipleScopeNamespaceSupport int getScopeForContext(int)'>
        <annotation name='com.intellij.inspections.tainted.annotation.equation.Equations'>
            <val val="{ &quot;getScopeForContext := MultipleScopeNamespaceSupport&quot; }"/>
        </annotation>
    </item>
    <item name='com.sun.org.apache.xerces.internal.xinclude.MultipleScopeNamespaceSupport java.lang.String getPrefix(java.lang.String, int, int)'>
        <annotation name='com.intellij.inspections.tainted.annotation.equation.Equations'>
            <val val="{ &quot;uri := #getPrefix(java.lang.String)#0 &amp; #getPrefix(java.lang.String, int)#0&quot;, &quot;getPrefix := com.sun.org.apache.xerces.internal.util.XMLSymbols#PREFIX_XML &amp; com.sun.org.apache.xerces.internal.util.XMLSymbols#PREFIX_XMLNS &amp; MultipleScopeNamespaceSupport&quot;, &quot;end := MultipleScopeNamespaceSupport&quot;, &quot;start := MultipleScopeNamespaceSupport&quot; }"/>
        </annotation>
    </item>
    <item name='com.sun.org.apache.xerces.internal.xinclude.MultipleScopeNamespaceSupport java.lang.String getURI(java.lang.String)'>
        <annotation name='com.intellij.inspections.tainted.annotation.equation.Equations'>
            <val val="{ &quot;prefix := MultipleScopeNamespaceSupport&quot; }"/>
        </annotation>
    </item>
    <item name='com.sun.org.apache.xerces.internal.xinclude.MultipleScopeNamespaceSupport java.lang.String getURI(java.lang.String, int)'>
        <annotation name='com.intellij.inspections.tainted.annotation.equation.Equations'>
            <val val="{ &quot;context := XIncludeNamespaceSupport&quot;, &quot;prefix := XIncludeNamespaceSupport#getURIFromIncludeParent(java.lang.String)#0&quot; }"/>
        </annotation>
    </item>
    <item name='com.sun.org.apache.xerces.internal.xinclude.MultipleScopeNamespaceSupport java.lang.String getURI(java.lang.String, int, int)'>
        <annotation name='com.intellij.inspections.tainted.annotation.equation.Equations'>
            <val val="{ &quot;getURI := com.sun.org.apache.xerces.internal.xni.NamespaceContext#XML_URI &amp; com.sun.org.apache.xerces.internal.xni.NamespaceContext#XMLNS_URI &amp; MultipleScopeNamespaceSupport&quot;, &quot;end := MultipleScopeNamespaceSupport&quot;, &quot;prefix := #getURI(java.lang.String)#0 &amp; #getURI(java.lang.String, int)#0&quot;, &quot;start := MultipleScopeNamespaceSupport&quot; }"/>
        </annotation>
    </item>
    <item name='com.sun.org.apache.xerces.internal.xinclude.XInclude11TextReader XInclude11TextReader(com.sun.org.apache.xerces.internal.xni.parser.XMLInputSource, com.sun.org.apache.xerces.internal.xinclude.XIncludeHandler, int)'>
        <annotation name='com.intellij.inspections.tainted.annotation.equation.Equations'>
            <val val="{ &quot;source := &quot;, &quot;XInclude11TextReader := XInclude11TextReader&quot;, &quot;bufferSize := XIncludeHandler&quot;, &quot;handler := XIncludeHandler&quot; }"/>
        </annotation>
    </item>
    <item name='com.sun.org.apache.xerces.internal.xinclude.XIncludeHandler'>
        <annotation name='com.intellij.inspections.tainted.annotation.equation.Equations'>
            <val val="{ &quot;XIncludeHandler := com.sun.org.apache.xerces.internal.impl.XMLEntityManager#DEFAULT_BUFFER_SIZE &amp; #startDocument(com.sun.org.apache.xerces.internal.xni.XMLLocator, java.lang.String, com.sun.org.apache.xerces.internal.xni.NamespaceContext, com.sun.org.apache.xerces.internal.xni.Augmentations)#2 &amp; #startDocument(com.sun.org.apache.xerces.internal.xni.XMLLocator, java.lang.String, com.sun.org.apache.xerces.internal.xni.NamespaceContext, com.sun.org.apache.xerces.internal.xni.Augmentations)#0 &amp; com.sun.org.apache.xerces.internal.util.XMLSymbols#EMPTY_STRING &amp; #xmlDecl(java.lang.String, java.lang.String, java.lang.String, com.sun.org.apache.xerces.internal.xni.Augmentations)#0 &amp; XIncludeHandler&quot; }"/>
        </annotation>
    </item>
    <item name='com.sun.org.apache.xerces.internal.xinclude.XIncludeHandler XIncludeHandler()'>
        <annotation name='com.intellij.inspections.tainted.annotation.equation.Equations'>
            <val val="{ &quot;XIncludeHandler := XIncludeHandler&quot; }"/>
        </annotation>
    </item>
    <item name='com.sun.org.apache.xerces.internal.xinclude.XIncludeHandler boolean getSawFallback(int)'>
        <annotation name='com.intellij.inspections.tainted.annotation.equation.Equations'>
            <val val="{ &quot;depth := XIncludeHandler&quot; }"/>
        </annotation>
    </item>
    <item name='com.sun.org.apache.xerces.internal.xinclude.XIncludeHandler boolean getSawInclude(int)'>
        <annotation name='com.intellij.inspections.tainted.annotation.equation.Equations'>
            <val val="{ &quot;depth := XIncludeHandler&quot; }"/>
        </annotation>
    </item>
    <item name='com.sun.org.apache.xerces.internal.xinclude.XIncludeHandler boolean hasXIncludeNamespace(com.sun.org.apache.xerces.internal.xni.QName)'>
        <annotation name='com.intellij.inspections.tainted.annotation.equation.Equations'>
            <val val="{ &quot;element := #startElement(com.sun.org.apache.xerces.internal.xni.QName, com.sun.org.apache.xerces.internal.xni.XMLAttributes, com.sun.org.apache.xerces.internal.xni.Augmentations)#0 &amp; #emptyElement(com.sun.org.apache.xerces.internal.xni.QName, com.sun.org.apache.xerces.internal.xni.XMLAttributes, com.sun.org.apache.xerces.internal.xni.Augmentations)#0 &amp; #isIncludeElement(com.sun.org.apache.xerces.internal.xni.QName)#0 &amp; #isFallbackElement(com.sun.org.apache.xerces.internal.xni.QName)#0&quot; }"/>
        </annotation>
    </item>
    <item name='com.sun.org.apache.xerces.internal.xinclude.XIncludeHandler boolean isFallbackElement(com.sun.org.apache.xerces.internal.xni.QName)'>
        <annotation name='com.intellij.inspections.tainted.annotation.equation.Equations'>
            <val val="{ &quot;element := #startElement(com.sun.org.apache.xerces.internal.xni.QName, com.sun.org.apache.xerces.internal.xni.XMLAttributes, com.sun.org.apache.xerces.internal.xni.Augmentations)#0 &amp; #emptyElement(com.sun.org.apache.xerces.internal.xni.QName, com.sun.org.apache.xerces.internal.xni.XMLAttributes, com.sun.org.apache.xerces.internal.xni.Augmentations)#0 &amp; #endElement(com.sun.org.apache.xerces.internal.xni.QName, com.sun.org.apache.xerces.internal.xni.Augmentations)#0&quot; }"/>
        </annotation>
    </item>
    <item name='com.sun.org.apache.xerces.internal.xinclude.XIncludeHandler boolean isIncludeElement(com.sun.org.apache.xerces.internal.xni.QName)'>
        <annotation name='com.intellij.inspections.tainted.annotation.equation.Equations'>
            <val val="{ &quot;element := #startElement(com.sun.org.apache.xerces.internal.xni.QName, com.sun.org.apache.xerces.internal.xni.XMLAttributes, com.sun.org.apache.xerces.internal.xni.Augmentations)#0 &amp; #emptyElement(com.sun.org.apache.xerces.internal.xni.QName, com.sun.org.apache.xerces.internal.xni.XMLAttributes, com.sun.org.apache.xerces.internal.xni.Augmentations)#0 &amp; #endElement(com.sun.org.apache.xerces.internal.xni.QName, com.sun.org.apache.xerces.internal.xni.Augmentations)#0&quot; }"/>
        </annotation>
    </item>
    <item name='com.sun.org.apache.xerces.internal.xinclude.XIncludeHandler boolean searchForRecursiveIncludes(com.sun.org.apache.xerces.internal.xni.XMLLocator)'>
        <annotation name='com.intellij.inspections.tainted.annotation.equation.Equations'>
            <val val="{ &quot;includedSource := #startDocument(com.sun.org.apache.xerces.internal.xni.XMLLocator, java.lang.String, com.sun.org.apache.xerces.internal.xni.NamespaceContext, com.sun.org.apache.xerces.internal.xni.Augmentations)#0&quot; }"/>
        </annotation>
    </item>
    <item name='com.sun.org.apache.xerces.internal.xinclude.XIncludeHandler com.sun.org.apache.xerces.internal.xni.Augmentations modifyAugmentations(com.sun.org.apache.xerces.internal.xni.Augmentations)'>
        <annotation name='com.intellij.inspections.tainted.annotation.equation.Equations'>
            <val val="{ &quot;augs := #comment(com.sun.org.apache.xerces.internal.xni.XMLString, com.sun.org.apache.xerces.internal.xni.Augmentations)#1 &amp; #processingInstruction(java.lang.String, com.sun.org.apache.xerces.internal.xni.XMLString, com.sun.org.apache.xerces.internal.xni.Augmentations)#2 &amp; #startElement(com.sun.org.apache.xerces.internal.xni.QName, com.sun.org.apache.xerces.internal.xni.XMLAttributes, com.sun.org.apache.xerces.internal.xni.Augmentations)#2 &amp; #emptyElement(com.sun.org.apache.xerces.internal.xni.QName, com.sun.org.apache.xerces.internal.xni.XMLAttributes, com.sun.org.apache.xerces.internal.xni.Augmentations)#2 &amp; #characters(com.sun.org.apache.xerces.internal.xni.XMLString, com.sun.org.apache.xerces.internal.xni.Augmentations)#1&quot; }"/>
        </annotation>
    </item>
    <item name='com.sun.org.apache.xerces.internal.xinclude.XIncludeHandler com.sun.org.apache.xerces.internal.xni.Augmentations modifyAugmentations(com.sun.org.apache.xerces.internal.xni.Augmentations, boolean)'>
        <annotation name='com.intellij.inspections.tainted.annotation.equation.Equations'>
            <val val="{ &quot;augs := #modifyAugmentations(com.sun.org.apache.xerces.internal.xni.Augmentations)#0&quot;, &quot;modifyAugmentations := augs&quot; }"/>
        </annotation>
    </item>
    <item name='com.sun.org.apache.xerces.internal.xinclude.XIncludeHandler com.sun.org.apache.xerces.internal.xni.XMLAttributes processAttributes(com.sun.org.apache.xerces.internal.xni.XMLAttributes)'>
        <annotation name='com.intellij.inspections.tainted.annotation.equation.Equations'>
            <val val="{ &quot;attributes := #startElement(com.sun.org.apache.xerces.internal.xni.QName, com.sun.org.apache.xerces.internal.xni.XMLAttributes, com.sun.org.apache.xerces.internal.xni.Augmentations)#1 &amp; #emptyElement(com.sun.org.apache.xerces.internal.xni.QName, com.sun.org.apache.xerces.internal.xni.XMLAttributes, com.sun.org.apache.xerces.internal.xni.Augmentations)#1&quot;, &quot;processAttributes := attributes&quot; }"/>
        </annotation>
    </item>
    <item name='com.sun.org.apache.xerces.internal.xinclude.XIncludeHandler com.sun.org.apache.xerces.internal.xni.XMLDTDHandler getDTDHandler()'>
        <annotation name='com.intellij.inspections.tainted.annotation.equation.Equations'>
            <val val="{ &quot;getDTDHandler := XIncludeHandler&quot; }"/>
        </annotation>
    </item>
    <item name='com.sun.org.apache.xerces.internal.xinclude.XIncludeHandler com.sun.org.apache.xerces.internal.xni.XMLDocumentHandler getDocumentHandler()'>
        <annotation name='com.intellij.inspections.tainted.annotation.equation.Equations'>
            <val val="{ &quot;getDocumentHandler := XIncludeHandler&quot; }"/>
        </annotation>
    </item>
    <item name='com.sun.org.apache.xerces.internal.xinclude.XIncludeHandler com.sun.org.apache.xerces.internal.xni.parser.XMLDTDSource getDTDSource()'>
        <annotation name='com.intellij.inspections.tainted.annotation.equation.Equations'>
            <val val="{ &quot;getDTDSource := XIncludeHandler&quot; }"/>
        </annotation>
    </item>
    <item name='com.sun.org.apache.xerces.internal.xinclude.XIncludeHandler com.sun.org.apache.xerces.internal.xni.parser.XMLDocumentSource getDocumentSource()'>
        <annotation name='com.intellij.inspections.tainted.annotation.equation.Equations'>
            <val val="{ &quot;getDocumentSource := XIncludeHandler&quot; }"/>
        </annotation>
    </item>
    <item name='com.sun.org.apache.xerces.internal.xinclude.XIncludeHandler com.sun.org.apache.xerces.internal.xni.parser.XMLInputSource createInputSource(java.lang.String, java.lang.String, java.lang.String, java.lang.String, java.lang.String)'>
        <annotation name='com.intellij.inspections.tainted.annotation.equation.Equations'>
            <val val="{ &quot;acceptLanguage := &quot;, &quot;accept := &quot;, &quot;publicId := &quot;, &quot;baseSystemId := &quot;, &quot;systemId := com.sun.org.apache.xerces.internal.util.XMLSymbols#EMPTY_STRING&quot; }"/>
        </annotation>
    </item>
    <item name='com.sun.org.apache.xerces.internal.xinclude.XIncludeHandler int getIncludeParentDepth()'>
        <annotation name='com.intellij.inspections.tainted.annotation.equation.Equations'>
            <val val="{ &quot;getIncludeParentDepth := XIncludeHandler&quot; }"/>
        </annotation>
    </item>
    <item name='com.sun.org.apache.xerces.internal.xinclude.XIncludeHandler int getResultDepth()'>
        <annotation name='com.intellij.inspections.tainted.annotation.equation.Equations'>
            <val val="{ &quot;getResultDepth := XIncludeHandler&quot; }"/>
        </annotation>
    </item>
    <item name='com.sun.org.apache.xerces.internal.xinclude.XIncludeHandler int getState()'>
        <annotation name='com.intellij.inspections.tainted.annotation.equation.Equations'>
            <val val="{ &quot;getState := XIncludeHandler&quot; }"/>
        </annotation>
    </item>
    <item name='com.sun.org.apache.xerces.internal.xinclude.XIncludeHandler int getState(int)'>
        <annotation name='com.intellij.inspections.tainted.annotation.equation.Equations'>
            <val val="{ &quot;depth := XIncludeHandler&quot;, &quot;getState := XIncludeHandler&quot; }"/>
        </annotation>
    </item>
    <item name='com.sun.org.apache.xerces.internal.xinclude.XIncludeHandler int scopeOfBaseURI(int)'>
        <annotation name='com.intellij.inspections.tainted.annotation.equation.Equations'>
            <val val="{ &quot;depth := #getBaseURI(int)#0 &amp; #getRelativeURI(int)#0&quot; }"/>
        </annotation>
    </item>
    <item name='com.sun.org.apache.xerces.internal.xinclude.XIncludeHandler int scopeOfLanguage(int)'>
        <annotation name='com.intellij.inspections.tainted.annotation.equation.Equations'>
            <val val="{ &quot;depth := #getLanguage(int)#0&quot; }"/>
        </annotation>
    </item>
    <item name='com.sun.org.apache.xerces.internal.xinclude.XIncludeHandler java.lang.Boolean getFeatureDefault(java.lang.String)'>
        <annotation name='com.intellij.inspections.tainted.annotation.equation.Equations'>
            <val val="{ &quot;getFeatureDefault := #FEATURE_DEFAULTS&quot; }"/>
        </annotation>
    </item>
    <item name='com.sun.org.apache.xerces.internal.xinclude.XIncludeHandler java.lang.Object getPropertyDefault(java.lang.String)'>
        <annotation name='com.intellij.inspections.tainted.annotation.equation.Equations'>
            <val val="{ &quot;getPropertyDefault := #PROPERTY_DEFAULTS&quot; }"/>
        </annotation>
    </item>
    <item name='com.sun.org.apache.xerces.internal.xinclude.XIncludeHandler java.lang.String escapeHref(java.lang.String)'>
        <annotation name='com.intellij.inspections.tainted.annotation.equation.Equations'>
            <val val="{ &quot;escapeHref := href&quot;, &quot;href := com.sun.org.apache.xerces.internal.util.XMLSymbols#EMPTY_STRING&quot; }"/>
        </annotation>
    </item>
    <item name='com.sun.org.apache.xerces.internal.xinclude.XIncludeHandler java.lang.String[] getRecognizedFeatures()'>
        <annotation name='com.intellij.inspections.tainted.annotation.equation.Equations'>
            <val val="{ &quot;getRecognizedFeatures := #RECOGNIZED_FEATURES&quot; }"/>
        </annotation>
    </item>
    <item name='com.sun.org.apache.xerces.internal.xinclude.XIncludeHandler java.lang.String[] getRecognizedProperties()'>
        <annotation name='com.intellij.inspections.tainted.annotation.equation.Equations'>
            <val val="{ &quot;getRecognizedProperties := #RECOGNIZED_PROPERTIES&quot; }"/>
        </annotation>
    </item>
    <item name='com.sun.org.apache.xerces.internal.xinclude.XIncludeHandler void addNotation(java.lang.String, com.sun.org.apache.xerces.internal.xni.XMLResourceIdentifier, com.sun.org.apache.xerces.internal.xni.Augmentations)'>
        <annotation name='com.intellij.inspections.tainted.annotation.equation.Equations'>
            <val val="{ &quot;name := #notationDecl(java.lang.String, com.sun.org.apache.xerces.internal.xni.XMLResourceIdentifier, com.sun.org.apache.xerces.internal.xni.Augmentations)#0&quot;, &quot;augmentations := #notationDecl(java.lang.String, com.sun.org.apache.xerces.internal.xni.XMLResourceIdentifier, com.sun.org.apache.xerces.internal.xni.Augmentations)#2&quot;, &quot;identifier := #notationDecl(java.lang.String, com.sun.org.apache.xerces.internal.xni.XMLResourceIdentifier, com.sun.org.apache.xerces.internal.xni.Augmentations)#1&quot; }"/>
        </annotation>
    </item>
    <item name='com.sun.org.apache.xerces.internal.xinclude.XIncludeHandler void addUnparsedEntity(java.lang.String, com.sun.org.apache.xerces.internal.xni.XMLResourceIdentifier, java.lang.String, com.sun.org.apache.xerces.internal.xni.Augmentations)'>
        <annotation name='com.intellij.inspections.tainted.annotation.equation.Equations'>
            <val val="{ &quot;identifier := #unparsedEntityDecl(java.lang.String, com.sun.org.apache.xerces.internal.xni.XMLResourceIdentifier, java.lang.String, com.sun.org.apache.xerces.internal.xni.Augmentations)#1&quot;, &quot;name := #unparsedEntityDecl(java.lang.String, com.sun.org.apache.xerces.internal.xni.XMLResourceIdentifier, java.lang.String, com.sun.org.apache.xerces.internal.xni.Augmentations)#0&quot;, &quot;notation := #unparsedEntityDecl(java.lang.String, com.sun.org.apache.xerces.internal.xni.XMLResourceIdentifier, java.lang.String, com.sun.org.apache.xerces.internal.xni.Augmentations)#2&quot;, &quot;augmentations := #unparsedEntityDecl(java.lang.String, com.sun.org.apache.xerces.internal.xni.XMLResourceIdentifier, java.lang.String, com.sun.org.apache.xerces.internal.xni.Augmentations)#3&quot; }"/>
        </annotation>
    </item>
    <item name='com.sun.org.apache.xerces.internal.xinclude.XIncludeHandler void characters(com.sun.org.apache.xerces.internal.xni.XMLString, com.sun.org.apache.xerces.internal.xni.Augmentations)'>
        <annotation name='com.intellij.inspections.tainted.annotation.equation.Equations'>
            <val val="{ &quot;augs := com.sun.org.apache.xerces.internal.xpointer.XPointerHandler#characters(com.sun.org.apache.xerces.internal.xni.XMLString, com.sun.org.apache.xerces.internal.xni.Augmentations)#1&quot;, &quot;text := com.sun.org.apache.xerces.internal.xpointer.XPointerHandler#characters(com.sun.org.apache.xerces.internal.xni.XMLString, com.sun.org.apache.xerces.internal.xni.Augmentations)#0&quot; }"/>
        </annotation>
    </item>
    <item name='com.sun.org.apache.xerces.internal.xinclude.XIncludeHandler void checkWhitespace(com.sun.org.apache.xerces.internal.xni.XMLString)'>
        <annotation name='com.intellij.inspections.tainted.annotation.equation.Equations'>
            <val val="{ &quot;value := #characters(com.sun.org.apache.xerces.internal.xni.XMLString, com.sun.org.apache.xerces.internal.xni.Augmentations)#0&quot; }"/>
        </annotation>
    </item>
    <item name='com.sun.org.apache.xerces.internal.xinclude.XIncludeHandler void comment(com.sun.org.apache.xerces.internal.xni.XMLString, com.sun.org.apache.xerces.internal.xni.Augmentations)'>
        <annotation name='com.intellij.inspections.tainted.annotation.equation.Equations'>
            <val val="{ &quot;text := com.sun.org.apache.xerces.internal.xpointer.XPointerHandler#comment(com.sun.org.apache.xerces.internal.xni.XMLString, com.sun.org.apache.xerces.internal.xni.Augmentations)#0&quot;, &quot;augs := com.sun.org.apache.xerces.internal.xpointer.XPointerHandler#comment(com.sun.org.apache.xerces.internal.xni.XMLString, com.sun.org.apache.xerces.internal.xni.Augmentations)#1&quot; }"/>
        </annotation>
    </item>
    <item name='com.sun.org.apache.xerces.internal.xinclude.XIncludeHandler void copyFeatures(com.sun.org.apache.xerces.internal.xni.parser.XMLComponentManager, com.sun.org.apache.xerces.internal.util.ParserConfigurationSettings)'>
        <annotation name='com.intellij.inspections.tainted.annotation.equation.Equations'>
            <val val="{ &quot;from := #reset(com.sun.org.apache.xerces.internal.xni.parser.XMLComponentManager)#0&quot;, &quot;to := XIncludeHandler&quot; }"/>
        </annotation>
    </item>
    <item name='com.sun.org.apache.xerces.internal.xinclude.XIncludeHandler void copyFeatures(com.sun.org.apache.xerces.internal.xni.parser.XMLComponentManager, com.sun.org.apache.xerces.internal.xni.parser.XMLParserConfiguration)'>
        <annotation name='com.intellij.inspections.tainted.annotation.equation.Equations'>
            <val val="{ &quot;from := XIncludeHandler&quot;, &quot;to := XIncludeHandler&quot; }"/>
        </annotation>
    </item>
    <item name='com.sun.org.apache.xerces.internal.xinclude.XIncludeHandler void copyFeatures1(java.util.Enumeration, java.lang.String, com.sun.org.apache.xerces.internal.xni.parser.XMLComponentManager, com.sun.org.apache.xerces.internal.util.ParserConfigurationSettings)'>
        <annotation name='com.intellij.inspections.tainted.annotation.equation.Equations'>
            <val val="{ &quot;to := #copyFeatures(com.sun.org.apache.xerces.internal.xni.parser.XMLComponentManager, com.sun.org.apache.xerces.internal.util.ParserConfigurationSettings)#1&quot;, &quot;from := #copyFeatures(com.sun.org.apache.xerces.internal.xni.parser.XMLComponentManager, com.sun.org.apache.xerces.internal.util.ParserConfigurationSettings)#0&quot;, &quot;featurePrefix := com.sun.org.apache.xerces.internal.impl.Constants#XERCES_FEATURE_PREFIX &amp; com.sun.org.apache.xerces.internal.impl.Constants#SAX_FEATURE_PREFIX&quot; }"/>
        </annotation>
    </item>
    <item name='com.sun.org.apache.xerces.internal.xinclude.XIncludeHandler void copyFeatures1(java.util.Enumeration, java.lang.String, com.sun.org.apache.xerces.internal.xni.parser.XMLComponentManager, com.sun.org.apache.xerces.internal.xni.parser.XMLParserConfiguration)'>
        <annotation name='com.intellij.inspections.tainted.annotation.equation.Equations'>
            <val val="{ &quot;featurePrefix := com.sun.org.apache.xerces.internal.impl.Constants#XERCES_FEATURE_PREFIX &amp; com.sun.org.apache.xerces.internal.impl.Constants#SAX_FEATURE_PREFIX&quot;, &quot;to := #copyFeatures(com.sun.org.apache.xerces.internal.xni.parser.XMLComponentManager, com.sun.org.apache.xerces.internal.xni.parser.XMLParserConfiguration)#1&quot;, &quot;from := #copyFeatures(com.sun.org.apache.xerces.internal.xni.parser.XMLComponentManager, com.sun.org.apache.xerces.internal.xni.parser.XMLParserConfiguration)#0&quot; }"/>
        </annotation>
    </item>
    <item name='com.sun.org.apache.xerces.internal.xinclude.XIncludeHandler void emptyElement(com.sun.org.apache.xerces.internal.xni.QName, com.sun.org.apache.xerces.internal.xni.XMLAttributes, com.sun.org.apache.xerces.internal.xni.Augmentations)'>
        <annotation name='com.intellij.inspections.tainted.annotation.equation.Equations'>
            <val val="{ &quot;augs := com.sun.org.apache.xerces.internal.xpointer.XPointerHandler#emptyElement(com.sun.org.apache.xerces.internal.xni.QName, com.sun.org.apache.xerces.internal.xni.XMLAttributes, com.sun.org.apache.xerces.internal.xni.Augmentations)#2&quot;, &quot;element := com.sun.org.apache.xerces.internal.xpointer.XPointerHandler#emptyElement(com.sun.org.apache.xerces.internal.xni.QName, com.sun.org.apache.xerces.internal.xni.XMLAttributes, com.sun.org.apache.xerces.internal.xni.Augmentations)#0&quot;, &quot;attributes := com.sun.org.apache.xerces.internal.xpointer.XPointerHandler#emptyElement(com.sun.org.apache.xerces.internal.xni.QName, com.sun.org.apache.xerces.internal.xni.XMLAttributes, com.sun.org.apache.xerces.internal.xni.Augmentations)#1&quot; }"/>
        </annotation>
    </item>
    <item name='com.sun.org.apache.xerces.internal.xinclude.XIncludeHandler void endCDATA(com.sun.org.apache.xerces.internal.xni.Augmentations)'>
        <annotation name='com.intellij.inspections.tainted.annotation.equation.Equations'>
            <val val="{ &quot;augs := com.sun.org.apache.xerces.internal.xpointer.XPointerHandler#endCDATA(com.sun.org.apache.xerces.internal.xni.Augmentations)#0&quot; }"/>
        </annotation>
    </item>
    <item name='com.sun.org.apache.xerces.internal.xinclude.XIncludeHandler void endElement(com.sun.org.apache.xerces.internal.xni.QName, com.sun.org.apache.xerces.internal.xni.Augmentations)'>
        <annotation name='com.intellij.inspections.tainted.annotation.equation.Equations'>
            <val val="{ &quot;element := com.sun.org.apache.xerces.internal.xpointer.XPointerHandler#endElement(com.sun.org.apache.xerces.internal.xni.QName, com.sun.org.apache.xerces.internal.xni.Augmentations)#0&quot;, &quot;augs := com.sun.org.apache.xerces.internal.xpointer.XPointerHandler#endElement(com.sun.org.apache.xerces.internal.xni.QName, com.sun.org.apache.xerces.internal.xni.Augmentations)#1&quot; }"/>
        </annotation>
    </item>
    <item name='com.sun.org.apache.xerces.internal.xinclude.XIncludeHandler void ignorableWhitespace(com.sun.org.apache.xerces.internal.xni.XMLString, com.sun.org.apache.xerces.internal.xni.Augmentations)'>
        <annotation name='com.intellij.inspections.tainted.annotation.equation.Equations'>
            <val val="{ &quot;text := com.sun.org.apache.xerces.internal.xpointer.XPointerHandler#ignorableWhitespace(com.sun.org.apache.xerces.internal.xni.XMLString, com.sun.org.apache.xerces.internal.xni.Augmentations)#0&quot;, &quot;augs := com.sun.org.apache.xerces.internal.xpointer.XPointerHandler#ignorableWhitespace(com.sun.org.apache.xerces.internal.xni.XMLString, com.sun.org.apache.xerces.internal.xni.Augmentations)#1&quot; }"/>
        </annotation>
    </item>
    <item name='com.sun.org.apache.xerces.internal.xinclude.XIncludeHandler void processXMLBaseAttributes(com.sun.org.apache.xerces.internal.xni.XMLAttributes)'>
        <annotation name='com.intellij.inspections.tainted.annotation.equation.Equations'>
            <val val="{ &quot;attributes := com.sun.org.apache.xerces.internal.xpointer.XPointerHandler#startElement(com.sun.org.apache.xerces.internal.xni.QName, com.sun.org.apache.xerces.internal.xni.XMLAttributes, com.sun.org.apache.xerces.internal.xni.Augmentations)#1 &amp; com.sun.org.apache.xerces.internal.xpointer.XPointerHandler#emptyElement(com.sun.org.apache.xerces.internal.xni.QName, com.sun.org.apache.xerces.internal.xni.XMLAttributes, com.sun.org.apache.xerces.internal.xni.Augmentations)#1 &amp; #startElement(com.sun.org.apache.xerces.internal.xni.QName, com.sun.org.apache.xerces.internal.xni.XMLAttributes, com.sun.org.apache.xerces.internal.xni.Augmentations)#1 &amp; #emptyElement(com.sun.org.apache.xerces.internal.xni.QName, com.sun.org.apache.xerces.internal.xni.XMLAttributes, com.sun.org.apache.xerces.internal.xni.Augmentations)#1&quot; }"/>
        </annotation>
    </item>
    <item name='com.sun.org.apache.xerces.internal.xinclude.XIncludeHandler void processXMLLangAttributes(com.sun.org.apache.xerces.internal.xni.XMLAttributes)'>
        <annotation name='com.intellij.inspections.tainted.annotation.equation.Equations'>
            <val val="{ &quot;attributes := com.sun.org.apache.xerces.internal.xpointer.XPointerHandler#startElement(com.sun.org.apache.xerces.internal.xni.QName, com.sun.org.apache.xerces.internal.xni.XMLAttributes, com.sun.org.apache.xerces.internal.xni.Augmentations)#1 &amp; com.sun.org.apache.xerces.internal.xpointer.XPointerHandler#emptyElement(com.sun.org.apache.xerces.internal.xni.QName, com.sun.org.apache.xerces.internal.xni.XMLAttributes, com.sun.org.apache.xerces.internal.xni.Augmentations)#1 &amp; #startElement(com.sun.org.apache.xerces.internal.xni.QName, com.sun.org.apache.xerces.internal.xni.XMLAttributes, com.sun.org.apache.xerces.internal.xni.Augmentations)#1 &amp; #emptyElement(com.sun.org.apache.xerces.internal.xni.QName, com.sun.org.apache.xerces.internal.xni.XMLAttributes, com.sun.org.apache.xerces.internal.xni.Augmentations)#1&quot; }"/>
        </annotation>
    </item>
    <item name='com.sun.org.apache.xerces.internal.xinclude.XIncludeHandler void processingInstruction(java.lang.String, com.sun.org.apache.xerces.internal.xni.XMLString, com.sun.org.apache.xerces.internal.xni.Augmentations)'>
        <annotation name='com.intellij.inspections.tainted.annotation.equation.Equations'>
            <val val="{ &quot;data := com.sun.org.apache.xerces.internal.xpointer.XPointerHandler#processingInstruction(java.lang.String, com.sun.org.apache.xerces.internal.xni.XMLString, com.sun.org.apache.xerces.internal.xni.Augmentations)#1&quot;, &quot;target := com.sun.org.apache.xerces.internal.xpointer.XPointerHandler#processingInstruction(java.lang.String, com.sun.org.apache.xerces.internal.xni.XMLString, com.sun.org.apache.xerces.internal.xni.Augmentations)#0&quot;, &quot;augs := com.sun.org.apache.xerces.internal.xpointer.XPointerHandler#processingInstruction(java.lang.String, com.sun.org.apache.xerces.internal.xni.XMLString, com.sun.org.apache.xerces.internal.xni.Augmentations)#2&quot; }"/>
        </annotation>
    </item>
    <item name='com.sun.org.apache.xerces.internal.xinclude.XIncludeHandler void reportError(java.lang.String, java.lang.Object[], short)'>
        <annotation name='com.intellij.inspections.tainted.annotation.equation.Equations'>
            <val val="{ &quot;severity := com.sun.org.apache.xerces.internal.impl.XMLErrorReporter#SEVERITY_WARNING &amp; com.sun.org.apache.xerces.internal.impl.XMLErrorReporter#SEVERITY_FATAL_ERROR&quot;, &quot;key := #reportResourceError(java.lang.String, java.lang.Object[])#0 &amp; #reportFatalError(java.lang.String, java.lang.Object[])#0&quot;, &quot;args := #reportResourceError(java.lang.String, java.lang.Object[])#1 &amp; #reportFatalError(java.lang.String, java.lang.Object[])#1&quot; }"/>
        </annotation>
    </item>
    <item name='com.sun.org.apache.xerces.internal.xinclude.XIncludeHandler void reportFatalError(java.lang.String, java.lang.Object[])'>
        <annotation name='com.intellij.inspections.tainted.annotation.equation.Equations'>
            <val val="{ &quot;args := #XINCLUDE_INCLUDE &amp; com.sun.org.apache.xerces.internal.util.XMLSymbols#EMPTY_STRING &amp; #XINCLUDE_PARSE_XML&quot;, &quot;key := #reportResourceError(java.lang.String)#0 &amp; #reportFatalError(java.lang.String)#0&quot; }"/>
        </annotation>
    </item>
    <item name='com.sun.org.apache.xerces.internal.xinclude.XIncludeHandler void reportResourceError(java.lang.String, java.lang.Object[])'>
        <annotation name='com.intellij.inspections.tainted.annotation.equation.Equations'>
            <val val="{ &quot;args := com.sun.org.apache.xerces.internal.util.XMLSymbols#EMPTY_STRING&quot; }"/>
        </annotation>
    </item>
    <item name='com.sun.org.apache.xerces.internal.xinclude.XIncludeHandler void reset(com.sun.org.apache.xerces.internal.xni.parser.XMLComponentManager)'>
        <annotation name='com.intellij.inspections.tainted.annotation.equation.Equations'>
            <val val="{ &quot;componentManager := com.sun.org.apache.xerces.internal.parsers.XIncludeAwareParserConfiguration&quot; }"/>
        </annotation>
    </item>
    <item name='com.sun.org.apache.xerces.internal.xinclude.XIncludeHandler void saveLanguage(java.lang.String)'>
        <annotation name='com.intellij.inspections.tainted.annotation.equation.Equations'>
            <val val="{ &quot;language := XIncludeHandler&quot; }"/>
        </annotation>
    </item>
    <item name='com.sun.org.apache.xerces.internal.xinclude.XIncludeHandler void setDTDHandler(com.sun.org.apache.xerces.internal.xni.XMLDTDHandler)'>
        <annotation name='com.intellij.inspections.tainted.annotation.equation.Equations'>
            <val val="{ &quot;handler := com.sun.org.apache.xerces.internal.parsers.XIncludeParserConfiguration &amp; com.sun.org.apache.xerces.internal.parsers.XIncludeAwareParserConfiguration &amp; com.sun.org.apache.xerces.internal.parsers.XPointerParserConfiguration&quot; }"/>
        </annotation>
    </item>
    <item name='com.sun.org.apache.xerces.internal.xinclude.XIncludeHandler void setDTDSource(com.sun.org.apache.xerces.internal.xni.parser.XMLDTDSource)'>
        <annotation name='com.intellij.inspections.tainted.annotation.equation.Equations'>
            <val val="{ &quot;source := com.sun.org.apache.xerces.internal.parsers.XIncludeParserConfiguration &amp; com.sun.org.apache.xerces.internal.parsers.XIncludeAwareParserConfiguration &amp; com.sun.org.apache.xerces.internal.parsers.XPointerParserConfiguration&quot; }"/>
        </annotation>
    </item>
    <item name='com.sun.org.apache.xerces.internal.xinclude.XIncludeHandler void setDocumentHandler(com.sun.org.apache.xerces.internal.xni.XMLDocumentHandler)'>
        <annotation name='com.intellij.inspections.tainted.annotation.equation.Equations'>
            <val val="{ &quot;handler := com.sun.org.apache.xerces.internal.parsers.XPointerParserConfiguration&quot; }"/>
        </annotation>
    </item>
    <item name='com.sun.org.apache.xerces.internal.xinclude.XIncludeHandler void setDocumentSource(com.sun.org.apache.xerces.internal.xni.parser.XMLDocumentSource)'>
        <annotation name='com.intellij.inspections.tainted.annotation.equation.Equations'>
            <val val="{ &quot;source := com.sun.org.apache.xerces.internal.parsers.XIncludeParserConfiguration &amp; com.sun.org.apache.xerces.internal.parsers.XIncludeAwareParserConfiguration &amp; com.sun.org.apache.xerces.internal.parsers.XPointerParserConfiguration&quot; }"/>
        </annotation>
    </item>
    <item name='com.sun.org.apache.xerces.internal.xinclude.XIncludeHandler void setErrorReporter(com.sun.org.apache.xerces.internal.impl.XMLErrorReporter)'>
        <annotation name='com.intellij.inspections.tainted.annotation.equation.Equations'>
            <val val="{ &quot;reporter := #setProperty(java.lang.String, java.lang.Object)#1&quot; }"/>
        </annotation>
    </item>
    <item name='com.sun.org.apache.xerces.internal.xinclude.XIncludeHandler void setParent(com.sun.org.apache.xerces.internal.xinclude.XIncludeHandler)'>
        <annotation name='com.intellij.inspections.tainted.annotation.equation.Equations'>
            <val val="{ &quot;parent := XIncludeHandler&quot; }"/>
        </annotation>
    </item>
    <item name='com.sun.org.apache.xerces.internal.xinclude.XIncludeHandler void setProperty(java.lang.String, java.lang.Object)'>
        <annotation name='com.intellij.inspections.tainted.annotation.equation.Equations'>
            <val val="{ &quot;propertyId := com.sun.org.apache.xerces.internal.xpointer.XPointerHandler#setProperty(java.lang.String, java.lang.Object)#0&quot;, &quot;value := com.sun.org.apache.xerces.internal.xpointer.XPointerHandler#setProperty(java.lang.String, java.lang.Object)#1&quot; }"/>
        </annotation>
    </item>
    <item name='com.sun.org.apache.xerces.internal.xinclude.XIncludeHandler void setSawFallback(int, boolean)'>
        <annotation name='com.intellij.inspections.tainted.annotation.equation.Equations'>
            <val val="{ &quot;depth := XIncludeHandler&quot; }"/>
        </annotation>
    </item>
    <item name='com.sun.org.apache.xerces.internal.xinclude.XIncludeHandler void setSawInclude(int, boolean)'>
        <annotation name='com.intellij.inspections.tainted.annotation.equation.Equations'>
            <val val="{ &quot;depth := XIncludeHandler&quot; }"/>
        </annotation>
    </item>
    <item name='com.sun.org.apache.xerces.internal.xinclude.XIncludeHandler void setState(int)'>
        <annotation name='com.intellij.inspections.tainted.annotation.equation.Equations'>
            <val val="{ &quot;state := #STATE_NORMAL_PROCESSING &amp; #STATE_IGNORE &amp; #STATE_EXPECT_FALLBACK&quot; }"/>
        </annotation>
    </item>
    <item name='com.sun.org.apache.xerces.internal.xinclude.XIncludeHandler void startCDATA(com.sun.org.apache.xerces.internal.xni.Augmentations)'>
        <annotation name='com.intellij.inspections.tainted.annotation.equation.Equations'>
            <val val="{ &quot;augs := com.sun.org.apache.xerces.internal.xpointer.XPointerHandler#startCDATA(com.sun.org.apache.xerces.internal.xni.Augmentations)#0&quot; }"/>
        </annotation>
    </item>
    <item name='com.sun.org.apache.xerces.internal.xinclude.XIncludeHandler void startElement(com.sun.org.apache.xerces.internal.xni.QName, com.sun.org.apache.xerces.internal.xni.XMLAttributes, com.sun.org.apache.xerces.internal.xni.Augmentations)'>
        <annotation name='com.intellij.inspections.tainted.annotation.equation.Equations'>
            <val val="{ &quot;augs := com.sun.org.apache.xerces.internal.xpointer.XPointerHandler#startElement(com.sun.org.apache.xerces.internal.xni.QName, com.sun.org.apache.xerces.internal.xni.XMLAttributes, com.sun.org.apache.xerces.internal.xni.Augmentations)#2&quot;, &quot;element := com.sun.org.apache.xerces.internal.xpointer.XPointerHandler#startElement(com.sun.org.apache.xerces.internal.xni.QName, com.sun.org.apache.xerces.internal.xni.XMLAttributes, com.sun.org.apache.xerces.internal.xni.Augmentations)#0&quot;, &quot;attributes := com.sun.org.apache.xerces.internal.xpointer.XPointerHandler#startElement(com.sun.org.apache.xerces.internal.xni.QName, com.sun.org.apache.xerces.internal.xni.XMLAttributes, com.sun.org.apache.xerces.internal.xni.Augmentations)#1&quot; }"/>
        </annotation>
    </item>
    <item name='com.sun.org.apache.xerces.internal.xinclude.XIncludeMessageFormatter java.lang.String formatMessage(java.util.Locale, java.lang.String, java.lang.Object[])'>
        <annotation name='com.intellij.inspections.tainted.annotation.equation.Equations'>
            <val val="{ &quot;locale := &quot; }"/>
        </annotation>
    </item>
    <item name='com.sun.org.apache.xerces.internal.xinclude.XIncludeNamespaceSupport XIncludeNamespaceSupport()'>
        <annotation name='com.intellij.inspections.tainted.annotation.equation.Equations'>
            <val val="{ &quot;XIncludeNamespaceSupport := XIncludeNamespaceSupport&quot; }"/>
        </annotation>
    </item>
    <item name='com.sun.org.apache.xerces.internal.xinclude.XIncludeNamespaceSupport XIncludeNamespaceSupport(com.sun.org.apache.xerces.internal.xni.NamespaceContext)'>
        <annotation name='com.intellij.inspections.tainted.annotation.equation.Equations'>
            <val val="{ &quot;XIncludeNamespaceSupport := XIncludeNamespaceSupport&quot; }"/>
        </annotation>
    </item>
    <item name='com.sun.org.apache.xerces.internal.xinclude.XIncludeTextReader'>
        <annotation name='com.intellij.inspections.tainted.annotation.equation.Equations'>
            <val val="{ &quot;XIncludeTextReader := XIncludeTextReader&quot; }"/>
        </annotation>
    </item>
    <item name='com.sun.org.apache.xerces.internal.xinclude.XIncludeTextReader XIncludeTextReader(com.sun.org.apache.xerces.internal.xni.parser.XMLInputSource, com.sun.org.apache.xerces.internal.xinclude.XIncludeHandler, int)'>
        <annotation name='com.intellij.inspections.tainted.annotation.equation.Equations'>
            <val val="{ &quot;XIncludeTextReader := XIncludeTextReader&quot;, &quot;handler := XIncludeHandler &amp; XInclude11TextReader#XInclude11TextReader(com.sun.org.apache.xerces.internal.xni.parser.XMLInputSource, com.sun.org.apache.xerces.internal.xinclude.XIncludeHandler, int)#1&quot;, &quot;bufferSize := XIncludeHandler &amp; XInclude11TextReader#XInclude11TextReader(com.sun.org.apache.xerces.internal.xni.parser.XMLInputSource, com.sun.org.apache.xerces.internal.xinclude.XIncludeHandler, int)#2&quot;, &quot;source := XInclude11TextReader#XInclude11TextReader(com.sun.org.apache.xerces.internal.xni.parser.XMLInputSource, com.sun.org.apache.xerces.internal.xinclude.XIncludeHandler, int)#0&quot; }"/>
        </annotation>
    </item>
    <item name='com.sun.org.apache.xerces.internal.xinclude.XIncludeTextReader boolean isValid(int)'>
        <annotation name='com.intellij.inspections.tainted.annotation.equation.Equations'>
            <val val="{ &quot;ch := XInclude11TextReader#isValid(int)#0&quot; }"/>
        </annotation>
    </item>
    <item name='com.sun.org.apache.xerces.internal.xinclude.XIncludeTextReader java.io.Reader getReader(com.sun.org.apache.xerces.internal.xni.parser.XMLInputSource)'>
        <annotation name='com.intellij.inspections.tainted.annotation.equation.Equations'>
            <val val="{ &quot;source := XIncludeTextReader&quot; }"/>
        </annotation>
    </item>
    <item name='com.sun.org.apache.xerces.internal.xinclude.XIncludeTextReader java.lang.String consumeBOM(java.io.InputStream, java.lang.String)'>
        <annotation name='com.intellij.inspections.tainted.annotation.equation.Equations'>
            <val val="{ &quot;consumeBOM := encoding&quot; }"/>
        </annotation>
    </item>
    <item name='com.sun.org.apache.xerces.internal.xinclude.XIncludeTextReader void setBufferSize(int)'>
        <annotation name='com.intellij.inspections.tainted.annotation.equation.Equations'>
            <val val="{ &quot;bufferSize := XIncludeHandler&quot; }"/>
        </annotation>
    </item>
    <item name='com.sun.org.apache.xerces.internal.xinclude.XIncludeTextReader void setErrorReporter(com.sun.org.apache.xerces.internal.impl.XMLErrorReporter)'>
        <annotation name='com.intellij.inspections.tainted.annotation.equation.Equations'>
            <val val="{ &quot;errorReporter := XIncludeHandler&quot; }"/>
        </annotation>
    </item>
    <item name='com.sun.org.apache.xerces.internal.xinclude.XIncludeTextReader void setInputSource(com.sun.org.apache.xerces.internal.xni.parser.XMLInputSource)'>
        <annotation name='com.intellij.inspections.tainted.annotation.equation.Equations'>
            <val val="{ &quot;source := &quot; }"/>
        </annotation>
    </item>
    <item name='com.sun.org.apache.xerces.internal.xinclude.XPointerElementHandler'>
        <annotation name='com.intellij.inspections.tainted.annotation.equation.Equations'>
            <val val="{ &quot;XPointerElementHandler := #setProperty(java.lang.String, java.lang.Object)#1 &amp; #setDocumentHandler(com.sun.org.apache.xerces.internal.xni.XMLDocumentHandler)#0 &amp; #setXPointerSchemaName(java.lang.String)#0 &amp; #setParent(java.lang.Object)#0 &amp; #setXPointerSchemaPointer(java.lang.String)#0 &amp; #checkStringToken(com.sun.org.apache.xerces.internal.xni.QName, com.sun.org.apache.xerces.internal.xni.XMLAttributes)#0 &amp; #checkIntegerToken(com.sun.org.apache.xerces.internal.xni.QName)#0 &amp; #setDocumentSource(com.sun.org.apache.xerces.internal.xni.parser.XMLDocumentSource)#0&quot; }"/>
        </annotation>
    </item>
    <item name='com.sun.org.apache.xerces.internal.xinclude.XPointerElementHandler XPointerElementHandler()'>
        <annotation name='com.intellij.inspections.tainted.annotation.equation.Equations'>
            <val val="{ &quot;XPointerElementHandler := XPointerElementHandler&quot; }"/>
        </annotation>
    </item>
    <item name='com.sun.org.apache.xerces.internal.xinclude.XPointerElementHandler boolean isIdAttribute(com.sun.org.apache.xerces.internal.xni.XMLAttributes, com.sun.org.apache.xerces.internal.xni.Augmentations, int)'>
        <annotation name='com.intellij.inspections.tainted.annotation.equation.Equations'>
            <val val="{ &quot;augs := &quot;, &quot;attributes := #checkStringToken(com.sun.org.apache.xerces.internal.xni.QName, com.sun.org.apache.xerces.internal.xni.XMLAttributes)#1&quot; }"/>
        </annotation>
    </item>
    <item name='com.sun.org.apache.xerces.internal.xinclude.XPointerElementHandler com.sun.org.apache.xerces.internal.xni.XMLDocumentHandler getDocumentHandler()'>
        <annotation name='com.intellij.inspections.tainted.annotation.equation.Equations'>
            <val val="{ &quot;getDocumentHandler := XPointerElementHandler&quot; }"/>
        </annotation>
    </item>
    <item name='com.sun.org.apache.xerces.internal.xinclude.XPointerElementHandler com.sun.org.apache.xerces.internal.xni.parser.XMLDocumentSource getDocumentSource()'>
        <annotation name='com.intellij.inspections.tainted.annotation.equation.Equations'>
            <val val="{ &quot;getDocumentSource := XPointerElementHandler&quot; }"/>
        </annotation>
    </item>
    <item name='com.sun.org.apache.xerces.internal.xinclude.XPointerElementHandler java.lang.Boolean getFeatureDefault(java.lang.String)'>
        <annotation name='com.intellij.inspections.tainted.annotation.equation.Equations'>
            <val val="{ &quot;getFeatureDefault := #FEATURE_DEFAULTS&quot; }"/>
        </annotation>
    </item>
    <item name='com.sun.org.apache.xerces.internal.xinclude.XPointerElementHandler java.lang.Object getParent()'>
        <annotation name='com.intellij.inspections.tainted.annotation.equation.Equations'>
            <val val="{ &quot;getParent := XPointerElementHandler&quot; }"/>
        </annotation>
    </item>
    <item name='com.sun.org.apache.xerces.internal.xinclude.XPointerElementHandler java.lang.Object getPropertyDefault(java.lang.String)'>
        <annotation name='com.intellij.inspections.tainted.annotation.equation.Equations'>
            <val val="{ &quot;getPropertyDefault := #PROPERTY_DEFAULTS&quot; }"/>
        </annotation>
    </item>
    <item name='com.sun.org.apache.xerces.internal.xinclude.XPointerElementHandler java.lang.String getXPointerSchemaPointer()'>
        <annotation name='com.intellij.inspections.tainted.annotation.equation.Equations'>
            <val val="{ &quot;getXPointerSchemaPointer := XPointerElementHandler&quot; }"/>
        </annotation>
    </item>
    <item name='com.sun.org.apache.xerces.internal.xinclude.XPointerElementHandler java.lang.String getXpointerSchemaName()'>
        <annotation name='com.intellij.inspections.tainted.annotation.equation.Equations'>
            <val val="{ &quot;getXpointerSchemaName := XPointerElementHandler&quot; }"/>
        </annotation>
    </item>
    <item name='com.sun.org.apache.xerces.internal.xinclude.XPointerElementHandler java.lang.String[] getRecognizedFeatures()'>
        <annotation name='com.intellij.inspections.tainted.annotation.equation.Equations'>
            <val val="{ &quot;getRecognizedFeatures := #RECOGNIZED_FEATURES&quot; }"/>
        </annotation>
    </item>
    <item name='com.sun.org.apache.xerces.internal.xinclude.XPointerElementHandler java.lang.String[] getRecognizedProperties()'>
        <annotation name='com.intellij.inspections.tainted.annotation.equation.Equations'>
            <val val="{ &quot;getRecognizedProperties := #RECOGNIZED_PROPERTIES&quot; }"/>
        </annotation>
    </item>
    <item name='com.sun.org.apache.xerces.internal.xinclude.XPointerElementHandler void addQName(com.sun.org.apache.xerces.internal.xni.QName)'>
        <annotation name='com.intellij.inspections.tainted.annotation.equation.Equations'>
            <val val="{ &quot;element := #checkIntegerToken(com.sun.org.apache.xerces.internal.xni.QName)#0&quot; }"/>
        </annotation>
    </item>
    <item name='com.sun.org.apache.xerces.internal.xinclude.XPointerElementHandler void reportFatalError(java.lang.String, java.lang.Object[])'>
        <annotation name='com.intellij.inspections.tainted.annotation.equation.Equations'>
            <val val="{ &quot;key := #reportFatalError(java.lang.String)#0&quot; }"/>
        </annotation>
    </item>
    <item name='com.sun.org.apache.xerces.internal.xinclude.XPointerElementHandler void setErrorReporter(com.sun.org.apache.xerces.internal.impl.XMLErrorReporter)'>
        <annotation name='com.intellij.inspections.tainted.annotation.equation.Equations'>
            <val val="{ &quot;reporter := #setProperty(java.lang.String, java.lang.Object)#1&quot; }"/>
        </annotation>
    </item>
    <item name='com.sun.org.apache.xerces.internal.xinclude.XPointerFramework'>
        <annotation name='com.intellij.inspections.tainted.annotation.equation.Equations'>
            <val val="{ &quot;XPointerFramework := #setXPointerSchema(com.sun.org.apache.xerces.internal.xinclude.XPointerSchema[])#0 &amp; #setSchemaPointer(java.lang.String)#0&quot; }"/>
        </annotation>
    </item>
    <item name='com.sun.org.apache.xerces.internal.xinclude.XPointerFramework XPointerFramework()'>
        <annotation name='com.intellij.inspections.tainted.annotation.equation.Equations'>
            <val val="{ &quot;XPointerFramework := XPointerFramework&quot; }"/>
        </annotation>
    </item>
    <item name='com.sun.org.apache.xerces.internal.xinclude.XPointerFramework XPointerFramework(com.sun.org.apache.xerces.internal.xinclude.XPointerSchema[])'>
        <annotation name='com.intellij.inspections.tainted.annotation.equation.Equations'>
            <val val="{ &quot;XPointerFramework := XPointerFramework&quot; }"/>
        </annotation>
    </item>
    <item name='com.sun.org.apache.xerces.internal.xinclude.XPointerFramework com.sun.org.apache.xerces.internal.xinclude.XPointerSchema getDefaultSchema()'>
        <annotation name='com.intellij.inspections.tainted.annotation.equation.Equations'>
            <val val="{ &quot;getDefaultSchema := XPointerFramework&quot; }"/>
        </annotation>
    </item>
    <item name='com.sun.org.apache.xerces.internal.xinclude.XPointerFramework com.sun.org.apache.xerces.internal.xinclude.XPointerSchema getNextXPointerSchema()'>
        <annotation name='com.intellij.inspections.tainted.annotation.equation.Equations'>
            <val val="{ &quot;getNextXPointerSchema := XPointerFramework&quot; }"/>
        </annotation>
    </item>
    <item name='com.sun.org.apache.xerces.internal.xinclude.XPointerFramework int getCurrentPointer()'>
        <annotation name='com.intellij.inspections.tainted.annotation.equation.Equations'>
            <val val="{ &quot;getCurrentPointer := XPointerFramework&quot; }"/>
        </annotation>
    </item>
    <item name='com.sun.org.apache.xerces.internal.xinclude.XPointerFramework int getSchemaCount()'>
        <annotation name='com.intellij.inspections.tainted.annotation.equation.Equations'>
            <val val="{ &quot;getSchemaCount := XPointerFramework&quot; }"/>
        </annotation>
    </item>
    <item name='com.sun.org.apache.xerces.internal.xinclude.XPointerFramework java.lang.String getEscapedURI(java.lang.String)'>
        <annotation name='com.intellij.inspections.tainted.annotation.equation.Equations'>
            <val val="{ &quot;getEscapedURI := URI&quot;, &quot;URI := &quot; }"/>
        </annotation>
    </item>
    <item name='com.sun.org.apache.xerces.internal.xinclude.XPointerSchema java.lang.Object getParent()'>
        <annotation name='com.intellij.inspections.tainted.annotation.equation.Equations'>
            <val val="{ &quot;getParent := XPointerElementHandler#getParent()&quot; }"/>
        </annotation>
    </item>
    <item name='com.sun.org.apache.xerces.internal.xinclude.XPointerSchema java.lang.String getXPointerSchemaPointer()'>
        <annotation name='com.intellij.inspections.tainted.annotation.equation.Equations'>
            <val val="{ &quot;getXPointerSchemaPointer := XPointerElementHandler#getXPointerSchemaPointer()&quot; }"/>
        </annotation>
    </item>
    <item name='com.sun.org.apache.xerces.internal.xinclude.XPointerSchema java.lang.String getXpointerSchemaName()'>
        <annotation name='com.intellij.inspections.tainted.annotation.equation.Equations'>
            <val val="{ &quot;getXpointerSchemaName := XPointerElementHandler#getXpointerSchemaName()&quot; }"/>
        </annotation>
    </item>
    <item name='com.sun.org.apache.xerces.internal.xinclude.XPointerSchema void setParent(java.lang.Object)'>
        <annotation name='com.intellij.inspections.tainted.annotation.equation.Equations'>
            <val val="{ &quot;parent := XPointerElementHandler#setParent(java.lang.Object)#0&quot; }"/>
        </annotation>
    </item>
    <item name='com.sun.org.apache.xerces.internal.xinclude.XPointerSchema void setXPointerSchemaName(java.lang.String)'>
        <annotation name='com.intellij.inspections.tainted.annotation.equation.Equations'>
            <val val="{ &quot;schemaName := XPointerElementHandler#setXPointerSchemaName(java.lang.String)#0&quot; }"/>
        </annotation>
    </item>
    <item name='com.sun.org.apache.xerces.internal.xinclude.XPointerSchema void setXPointerSchemaPointer(java.lang.String)'>
        <annotation name='com.intellij.inspections.tainted.annotation.equation.Equations'>
            <val val="{ &quot;content := XPointerElementHandler#setXPointerSchemaPointer(java.lang.String)#0&quot; }"/>
        </annotation>
    </item>
</root>