<root>
    <item name='com.sun.corba.se.impl.activation.CommandHandler boolean processCommand(java.lang.String[], org.omg.CORBA.ORB, java.io.PrintStream)'>
        <annotation name='com.intellij.inspections.tainted.annotation.equation.Equations'>
            <val val="{ &quot;orb := RegisterServer#processCommand(java.lang.String[], org.omg.CORBA.ORB, java.io.PrintStream)#1 &amp; UnRegisterServer#processCommand(java.lang.String[], org.omg.CORBA.ORB, java.io.PrintStream)#1 &amp; LocateServer#processCommand(java.lang.String[], org.omg.CORBA.ORB, java.io.PrintStream)#1 &amp; LocateServerForORB#processCommand(java.lang.String[], org.omg.CORBA.ORB, java.io.PrintStream)#1 &amp; GetServerID#processCommand(java.lang.String[], org.omg.CORBA.ORB, java.io.PrintStream)#1 &amp; ListServers#processCommand(java.lang.String[], org.omg.CORBA.ORB, java.io.PrintStream)#1 &amp; ListActiveServers#processCommand(java.lang.String[], org.omg.CORBA.ORB, java.io.PrintStream)#1 &amp; ListAliases#processCommand(java.lang.String[], org.omg.CORBA.ORB, java.io.PrintStream)#1 &amp; ShutdownServer#processCommand(java.lang.String[], org.omg.CORBA.ORB, java.io.PrintStream)#1 &amp; StartServer#processCommand(java.lang.String[], org.omg.CORBA.ORB, java.io.PrintStream)#1 &amp; Quit#processCommand(java.lang.String[], org.omg.CORBA.ORB, java.io.PrintStream)#1 &amp; Help#processCommand(java.lang.String[], org.omg.CORBA.ORB, java.io.PrintStream)#1 &amp; ListORBs#processCommand(java.lang.String[], org.omg.CORBA.ORB, java.io.PrintStream)#1&quot;, &quot;cmd := RegisterServer#processCommand(java.lang.String[], org.omg.CORBA.ORB, java.io.PrintStream)#0 &amp; UnRegisterServer#processCommand(java.lang.String[], org.omg.CORBA.ORB, java.io.PrintStream)#0 &amp; LocateServer#processCommand(java.lang.String[], org.omg.CORBA.ORB, java.io.PrintStream)#0 &amp; LocateServerForORB#processCommand(java.lang.String[], org.omg.CORBA.ORB, java.io.PrintStream)#0 &amp; GetServerID#processCommand(java.lang.String[], org.omg.CORBA.ORB, java.io.PrintStream)#0 &amp; ListServers#processCommand(java.lang.String[], org.omg.CORBA.ORB, java.io.PrintStream)#0 &amp; ListActiveServers#processCommand(java.lang.String[], org.omg.CORBA.ORB, java.io.PrintStream)#0 &amp; ListAliases#processCommand(java.lang.String[], org.omg.CORBA.ORB, java.io.PrintStream)#0 &amp; ShutdownServer#processCommand(java.lang.String[], org.omg.CORBA.ORB, java.io.PrintStream)#0 &amp; StartServer#processCommand(java.lang.String[], org.omg.CORBA.ORB, java.io.PrintStream)#0 &amp; Quit#processCommand(java.lang.String[], org.omg.CORBA.ORB, java.io.PrintStream)#0 &amp; Help#processCommand(java.lang.String[], org.omg.CORBA.ORB, java.io.PrintStream)#0 &amp; ListORBs#processCommand(java.lang.String[], org.omg.CORBA.ORB, java.io.PrintStream)#0&quot;, &quot;out := RegisterServer#processCommand(java.lang.String[], org.omg.CORBA.ORB, java.io.PrintStream)#2 &amp; UnRegisterServer#processCommand(java.lang.String[], org.omg.CORBA.ORB, java.io.PrintStream)#2 &amp; LocateServer#processCommand(java.lang.String[], org.omg.CORBA.ORB, java.io.PrintStream)#2 &amp; LocateServerForORB#processCommand(java.lang.String[], org.omg.CORBA.ORB, java.io.PrintStream)#2 &amp; GetServerID#processCommand(java.lang.String[], org.omg.CORBA.ORB, java.io.PrintStream)#2 &amp; ListServers#processCommand(java.lang.String[], org.omg.CORBA.ORB, java.io.PrintStream)#2 &amp; ListActiveServers#processCommand(java.lang.String[], org.omg.CORBA.ORB, java.io.PrintStream)#2 &amp; ListAliases#processCommand(java.lang.String[], org.omg.CORBA.ORB, java.io.PrintStream)#2 &amp; ShutdownServer#processCommand(java.lang.String[], org.omg.CORBA.ORB, java.io.PrintStream)#2 &amp; StartServer#processCommand(java.lang.String[], org.omg.CORBA.ORB, java.io.PrintStream)#2 &amp; Quit#processCommand(java.lang.String[], org.omg.CORBA.ORB, java.io.PrintStream)#2 &amp; Help#processCommand(java.lang.String[], org.omg.CORBA.ORB, java.io.PrintStream)#2 &amp; ListORBs#processCommand(java.lang.String[], org.omg.CORBA.ORB, java.io.PrintStream)#2&quot; }"/>
        </annotation>
    </item>
    <item name='com.sun.corba.se.impl.activation.CommandHandler java.lang.String getCommandName()'>
        <annotation name='com.intellij.inspections.tainted.annotation.equation.Equations'>
            <val val="{ &quot;getCommandName := StartServer#getCommandName() &amp; LocateServer#getCommandName() &amp; ShutdownServer#getCommandName() &amp; UnRegisterServer#getCommandName() &amp; RegisterServer#getCommandName() &amp; LocateServerForORB#getCommandName() &amp; GetServerID#getCommandName() &amp; ListServers#getCommandName() &amp; ListActiveServers#getCommandName() &amp; ListAliases#getCommandName() &amp; Quit#getCommandName() &amp; Help#getCommandName() &amp; ListORBs#getCommandName()&quot; }"/>
        </annotation>
    </item>
    <item name='com.sun.corba.se.impl.activation.CommandHandler void printCommandHelp(java.io.PrintStream, boolean)'>
        <annotation name='com.intellij.inspections.tainted.annotation.equation.Equations'>
            <val val="{ &quot;out := java.lang.System#out &amp; RegisterServer#printCommandHelp(java.io.PrintStream, boolean)#0 &amp; UnRegisterServer#printCommandHelp(java.io.PrintStream, boolean)#0 &amp; LocateServer#printCommandHelp(java.io.PrintStream, boolean)#0 &amp; LocateServerForORB#printCommandHelp(java.io.PrintStream, boolean)#0 &amp; GetServerID#printCommandHelp(java.io.PrintStream, boolean)#0 &amp; ListServers#printCommandHelp(java.io.PrintStream, boolean)#0 &amp; ListActiveServers#printCommandHelp(java.io.PrintStream, boolean)#0 &amp; ListAliases#printCommandHelp(java.io.PrintStream, boolean)#0 &amp; ShutdownServer#printCommandHelp(java.io.PrintStream, boolean)#0 &amp; StartServer#printCommandHelp(java.io.PrintStream, boolean)#0 &amp; Quit#printCommandHelp(java.io.PrintStream, boolean)#0 &amp; Help#printCommandHelp(java.io.PrintStream, boolean)#0 &amp; ListORBs#printCommandHelp(java.io.PrintStream, boolean)#0&quot; }"/>
        </annotation>
    </item>
    <item name='com.sun.corba.se.impl.activation.ListServers void printServerDef(com.sun.corba.se.spi.activation.RepositoryPackage.ServerDef, int, java.io.PrintStream)'>
        <annotation name='com.intellij.inspections.tainted.annotation.equation.Equations'>
            <val val="{ &quot;out := #processCommand(java.lang.String[], org.omg.CORBA.ORB, java.io.PrintStream)#2&quot;, &quot;serverId := #illegalServerId&quot;, &quot;serverDef := &quot; }"/>
        </annotation>
    </item>
    <item name='com.sun.corba.se.impl.activation.ListServers void sortServers(int[])'>
        <annotation name='com.intellij.inspections.tainted.annotation.equation.Equations'>
            <val val="{ &quot;serverIds := &quot; }"/>
        </annotation>
    </item>
    <item name='com.sun.corba.se.impl.activation.NameServiceStartThread NameServiceStartThread(com.sun.corba.se.spi.orb.ORB, java.io.File)'>
        <annotation name='com.intellij.inspections.tainted.annotation.equation.Equations'>
            <val val="{ &quot;NameServiceStartThread := NameServiceStartThread&quot;, &quot;theDir := ORBD&quot; }"/>
        </annotation>
    </item>
    <item name='com.sun.corba.se.impl.activation.ORBD'>
        <annotation name='com.intellij.inspections.tainted.annotation.equation.Equations'>
            <val val="{ &quot;ORBD := &quot; }"/>
        </annotation>
    </item>
    <item name='com.sun.corba.se.impl.activation.ORBD com.sun.corba.se.impl.activation.RepositoryImpl getRepository()'>
        <annotation name='com.intellij.inspections.tainted.annotation.equation.Equations'>
            <val val="{ &quot;getRepository := ORBD&quot; }"/>
        </annotation>
    </item>
    <item name='com.sun.corba.se.impl.activation.ORBD com.sun.corba.se.spi.activation.Activator getActivator()'>
        <annotation name='com.intellij.inspections.tainted.annotation.equation.Equations'>
            <val val="{ &quot;getActivator := ORBD&quot; }"/>
        </annotation>
    </item>
    <item name='com.sun.corba.se.impl.activation.ORBD com.sun.corba.se.spi.activation.Locator getLocator()'>
        <annotation name='com.intellij.inspections.tainted.annotation.equation.Equations'>
            <val val="{ &quot;getLocator := ORBD&quot; }"/>
        </annotation>
    </item>
    <item name='com.sun.corba.se.impl.activation.ORBD com.sun.corba.se.spi.orb.ORB createORB(java.lang.String[])'>
        <annotation name='com.intellij.inspections.tainted.annotation.equation.Equations'>
            <val val="{ &quot;args := #run(java.lang.String[])#0&quot; }"/>
        </annotation>
    </item>
    <item name='com.sun.corba.se.impl.activation.ORBD java.io.File getDbDir()'>
        <annotation name='com.intellij.inspections.tainted.annotation.equation.Equations'>
            <val val="{ &quot;getDbDir := ORBD&quot; }"/>
        </annotation>
    </item>
    <item name='com.sun.corba.se.impl.activation.ORBD java.lang.String getDbDirName()'>
        <annotation name='com.intellij.inspections.tainted.annotation.equation.Equations'>
            <val val="{ &quot;getDbDirName := ORBD&quot; }"/>
        </annotation>
    </item>
    <item name='com.sun.corba.se.impl.activation.ORBD void initializeBootNaming(com.sun.corba.se.spi.orb.ORB)'>
        <annotation name='com.intellij.inspections.tainted.annotation.equation.Equations'>
            <val val="{ &quot;orb := #startActivationObjects(com.sun.corba.se.spi.orb.ORB)#0&quot; }"/>
        </annotation>
    </item>
    <item name='com.sun.corba.se.impl.activation.ORBD void processArgs(java.lang.String[])'>
        <annotation name='com.intellij.inspections.tainted.annotation.equation.Equations'>
            <val val="{ &quot;args := #run(java.lang.String[])#0&quot; }"/>
        </annotation>
    </item>
    <item name='com.sun.corba.se.impl.activation.ORBD void run(java.lang.String[])'>
        <annotation name='com.intellij.inspections.tainted.annotation.equation.Equations'>
            <val val="{ &quot;args := #main(java.lang.String[])#0&quot; }"/>
        </annotation>
    </item>
    <item name='com.sun.corba.se.impl.activation.ProcessMonitorThread ProcessMonitorThread(java.util.HashMap, int)'>
        <annotation name='com.intellij.inspections.tainted.annotation.equation.Equations'>
            <val val="{ &quot;ProcessMonitorThread := ProcessMonitorThread&quot;, &quot;SleepTime := com.sun.corba.se.impl.orbutil.ORBConstants#DEFAULT_SERVER_POLLING_TIME&quot;, &quot;ServerTable := #start(java.util.HashMap)#0&quot; }"/>
        </annotation>
    </item>
    <item name='com.sun.corba.se.impl.activation.ProcessMonitorThread void checkServerHealth(java.util.Iterator)'>
        <annotation name='com.intellij.inspections.tainted.annotation.equation.Equations'>
            <val val="{ &quot;serverList := &quot; }"/>
        </annotation>
    </item>
    <item name='com.sun.corba.se.impl.activation.ProcessMonitorThread void start(java.util.HashMap)'>
        <annotation name='com.intellij.inspections.tainted.annotation.equation.Equations'>
            <val val="{ &quot;serverTable := ServerManagerImpl&quot; }"/>
        </annotation>
    </item>
    <item name='com.sun.corba.se.impl.activation.RepositoryImpl RepositoryImpl(com.sun.corba.se.spi.orb.ORB, java.io.File, boolean)'>
        <annotation name='com.intellij.inspections.tainted.annotation.equation.Equations'>
            <val val="{ &quot;orb := ORBD#startActivationObjects(com.sun.corba.se.spi.orb.ORB)#0&quot;, &quot;dbDir := ORBD&quot;, &quot;RepositoryImpl := RepositoryImpl&quot; }"/>
        </annotation>
    </item>
    <item name='com.sun.corba.se.impl.activation.RepositoryImpl com.sun.corba.se.impl.activation.RepositoryImpl.DBServerDef getDBServerDef(int)'>
        <annotation name='com.intellij.inspections.tainted.annotation.equation.Equations'>
            <val val="{ &quot;serverId := #getServer(int)#0 &amp; #isInstalled(int)#0 &amp; #install(int)#0 &amp; #uninstall(int)#0&quot; }"/>
        </annotation>
    </item>
    <item name='com.sun.corba.se.impl.activation.RepositoryImpl int registerServer(com.sun.corba.se.spi.activation.RepositoryPackage.ServerDef, int)'>
        <annotation name='com.intellij.inspections.tainted.annotation.equation.Equations'>
            <val val="{ &quot;registerServer := theServerId&quot;, &quot;serverDef := #registerServer(com.sun.corba.se.spi.activation.RepositoryPackage.ServerDef)#0&quot;, &quot;theServerId := #illegalServerId&quot; }"/>
        </annotation>
    </item>
    <item name='com.sun.corba.se.impl.activation.RepositoryImpl java.lang.String printServerDef(com.sun.corba.se.spi.activation.RepositoryPackage.ServerDef)'>
        <annotation name='com.intellij.inspections.tainted.annotation.equation.Equations'>
            <val val="{ &quot;sd := #registerServer(com.sun.corba.se.spi.activation.RepositoryPackage.ServerDef, int)#0&quot; }"/>
        </annotation>
    </item>
    <item name='com.sun.corba.se.impl.activation.RepositoryImpl.DBServerDef DBServerDef(com.sun.corba.se.spi.activation.RepositoryPackage.ServerDef, int)'>
        <annotation name='com.intellij.inspections.tainted.annotation.equation.Equations'>
            <val val="{ &quot;DBServerDef := RepositoryImpl.DBServerDef&quot;, &quot;server_id := RepositoryImpl#registerServer(com.sun.corba.se.spi.activation.RepositoryPackage.ServerDef, int)#1&quot;, &quot;server := RepositoryImpl#registerServer(com.sun.corba.se.spi.activation.RepositoryPackage.ServerDef, int)#0&quot; }"/>
        </annotation>
    </item>
    <item name='com.sun.corba.se.impl.activation.RepositoryImpl.DBServerDef java.lang.String toString()'>
        <annotation name='com.intellij.inspections.tainted.annotation.equation.Equations'>
            <val val="{ &quot;toString := RepositoryImpl.DBServerDef&quot; }"/>
        </annotation>
    </item>
    <item name='com.sun.corba.se.impl.activation.RepositoryImpl.RepositoryDB RepositoryDB(java.io.File)'>
        <annotation name='com.intellij.inspections.tainted.annotation.equation.Equations'>
            <val val="{ &quot;RepositoryDB := RepositoryImpl.RepositoryDB&quot; }"/>
        </annotation>
    </item>
    <item name='com.sun.corba.se.impl.activation.ServerCallback ServerCallback(org.omg.CORBA.ORB, java.lang.reflect.Method, java.lang.reflect.Method, java.lang.reflect.Method)'>
        <annotation name='com.intellij.inspections.tainted.annotation.equation.Equations'>
            <val val="{ &quot;ServerCallback := ServerCallback&quot; }"/>
        </annotation>
    </item>
    <item name='com.sun.corba.se.impl.activation.ServerCallback void invokeMethod(java.lang.reflect.Method)'>
        <annotation name='com.intellij.inspections.tainted.annotation.equation.Equations'>
            <val val="{ &quot;method := ServerCallback&quot; }"/>
        </annotation>
    </item>
    <item name='com.sun.corba.se.impl.activation.ServerMain java.lang.String printResult(int)'>
        <annotation name='com.intellij.inspections.tainted.annotation.equation.Equations'>
            <val val="{ &quot;result := #logTerminal(java.lang.String, int)#1&quot; }"/>
        </annotation>
    </item>
    <item name='com.sun.corba.se.impl.activation.ServerMain java.lang.reflect.Method getNamedMethod(java.lang.Class, java.lang.String)'>
        <annotation name='com.intellij.inspections.tainted.annotation.equation.Equations'>
            <val val="{ &quot;serverClass := #registerCallback(java.lang.Class)#0&quot; }"/>
        </annotation>
    </item>
    <item name='com.sun.corba.se.impl.activation.ServerMain void logError(java.lang.String)'>
        <annotation name='com.intellij.inspections.tainted.annotation.equation.Equations'>
            <val val="{ &quot;msg := &quot; }"/>
        </annotation>
    </item>
    <item name='com.sun.corba.se.impl.activation.ServerMain void logTerminal(java.lang.String, int)'>
        <annotation name='com.intellij.inspections.tainted.annotation.equation.Equations'>
            <val val="{ &quot;code := #NO_MAIN_METHOD &amp; #OK &amp; #MAIN_CLASS_NOT_FOUND &amp; #APPLICATION_ERROR &amp; #NO_SERVER_ID &amp; #REGISTRATION_FAILED&quot; }"/>
        </annotation>
    </item>
    <item name='com.sun.corba.se.impl.activation.ServerMain void run(java.lang.String[])'>
        <annotation name='com.intellij.inspections.tainted.annotation.equation.Equations'>
            <val val="{ &quot;args := #main(java.lang.String[])#0&quot; }"/>
        </annotation>
    </item>
    <item name='com.sun.corba.se.impl.activation.ServerMain void writeLogMessage(java.io.PrintStream, java.lang.String)'>
        <annotation name='com.intellij.inspections.tainted.annotation.equation.Equations'>
            <val val="{ &quot;pstream := java.lang.System#out &amp; java.lang.System#err&quot;, &quot;msg := #logInformation(java.lang.String)#0 &amp; #logError(java.lang.String)#0 &amp; #logTerminal(java.lang.String, int)#0&quot; }"/>
        </annotation>
    </item>
    <item name='com.sun.corba.se.impl.activation.ServerManagerImpl ServerManagerImpl(com.sun.corba.se.spi.orb.ORB, com.sun.corba.se.spi.transport.CorbaTransportManager, com.sun.corba.se.spi.activation.Repository, java.lang.String, boolean)'>
        <annotation name='com.intellij.inspections.tainted.annotation.equation.Equations'>
            <val val="{ &quot;repository := ORBD&quot;, &quot;orb := ORBD#startActivationObjects(com.sun.corba.se.spi.orb.ORB)#0&quot;, &quot;ServerManagerImpl := ServerManagerImpl&quot; }"/>
        </annotation>
    </item>
    <item name='com.sun.corba.se.impl.activation.ServerManagerImpl com.sun.corba.se.impl.activation.ServerTableEntry getEntry(int)'>
        <annotation name='com.intellij.inspections.tainted.annotation.equation.Equations'>
            <val val="{ &quot;serverId := #activate(int)#0 &amp; #getORBNames(int)#0 &amp; #getRunningEntry(int)#0 &amp; #locateServer(int, java.lang.String)#0 &amp; #locateServerForORB(int, java.lang.String)#0&quot; }"/>
        </annotation>
    </item>
    <item name='com.sun.corba.se.impl.activation.ServerManagerImpl com.sun.corba.se.impl.activation.ServerTableEntry getRunningEntry(int)'>
        <annotation name='com.intellij.inspections.tainted.annotation.equation.Equations'>
            <val val="{ &quot;serverId := #install(int)#0&quot; }"/>
        </annotation>
    </item>
    <item name='com.sun.corba.se.impl.activation.ServerManagerImpl com.sun.corba.se.spi.activation.LocatorPackage.ServerLocation locateServer(com.sun.corba.se.impl.activation.ServerTableEntry, java.lang.String, boolean)'>
        <annotation name='com.intellij.inspections.tainted.annotation.equation.Equations'>
            <val val="{ &quot;endpointType := com.sun.corba.se.spi.activation.IIOP_CLEAR_TEXT#value &amp; #locateServer(int, java.lang.String)#1&quot;, &quot;entry := &quot; }"/>
        </annotation>
    </item>
    <item name='com.sun.corba.se.impl.activation.ServerManagerImpl com.sun.corba.se.spi.activation.LocatorPackage.ServerLocationPerORB locateServerForORB(com.sun.corba.se.impl.activation.ServerTableEntry, java.lang.String, boolean)'>
        <annotation name='com.intellij.inspections.tainted.annotation.equation.Equations'>
            <val val="{ &quot;entry := &quot;, &quot;orbId := #locateServerForORB(int, java.lang.String)#1&quot; }"/>
        </annotation>
    </item>
    <item name='com.sun.corba.se.impl.activation.ServerTableEntry'>
        <annotation name='com.intellij.inspections.tainted.annotation.equation.Equations'>
            <val val="{ &quot;ServerTableEntry := #ACTIVATED &amp; #HELD_DOWN &amp; #DE_ACTIVATED&quot; }"/>
        </annotation>
    </item>
    <item name='com.sun.corba.se.impl.activation.ServerTableEntry ServerTableEntry(com.sun.corba.se.impl.logging.ActivationSystemException, int, com.sun.corba.se.spi.activation.RepositoryPackage.ServerDef, int, java.lang.String, boolean, boolean)'>
        <annotation name='com.intellij.inspections.tainted.annotation.equation.Equations'>
            <val val="{ &quot;wrapper := RepositoryImpl &amp; ServerManagerImpl&quot;, &quot;serverDef := RepositoryImpl#registerServer(com.sun.corba.se.spi.activation.RepositoryPackage.ServerDef)#0&quot;, &quot;initialPort := ServerManagerImpl&quot;, &quot;dbDirName := ServerManagerImpl&quot;, &quot;serverId := RepositoryImpl#illegalServerId &amp; ServerManagerImpl#getEntry(int)#0&quot;, &quot;ServerTableEntry := ServerTableEntry&quot; }"/>
        </annotation>
    </item>
    <item name='com.sun.corba.se.impl.activation.ServerTableEntry com.sun.corba.se.spi.activation.EndPointInfo[] lookupForORB(java.lang.String)'>
        <annotation name='com.intellij.inspections.tainted.annotation.equation.Equations'>
            <val val="{ &quot;orbId := ServerManagerImpl#locateServerForORB(com.sun.corba.se.impl.activation.ServerTableEntry, java.lang.String, boolean)#1&quot; }"/>
        </annotation>
    </item>
    <item name='com.sun.corba.se.impl.activation.ServerTableEntry com.sun.corba.se.spi.activation.ORBPortInfo[] lookup(java.lang.String)'>
        <annotation name='com.intellij.inspections.tainted.annotation.equation.Equations'>
            <val val="{ &quot;endpointType := ServerManagerImpl#locateServer(com.sun.corba.se.impl.activation.ServerTableEntry, java.lang.String, boolean)#1 &amp; com.sun.corba.se.spi.activation.IIOP_CLEAR_TEXT#value&quot; }"/>
        </annotation>
    </item>
    <item name='com.sun.corba.se.impl.activation.ServerTableEntry int getServerId()'>
        <annotation name='com.intellij.inspections.tainted.annotation.equation.Equations'>
            <val val="{ &quot;getServerId := ServerTableEntry&quot; }"/>
        </annotation>
    </item>
    <item name='com.sun.corba.se.impl.activation.ServerTableEntry int verify()'>
        <annotation name='com.intellij.inspections.tainted.annotation.equation.Equations'>
            <val val="{ &quot;verify := ServerMain#UNKNOWN_ERROR&quot; }"/>
        </annotation>
    </item>
    <item name='com.sun.corba.se.impl.activation.ServerTableEntry java.lang.String toString()'>
        <annotation name='com.intellij.inspections.tainted.annotation.equation.Equations'>
            <val val="{ &quot;toString := ServerTableEntry&quot; }"/>
        </annotation>
    </item>
    <item name='com.sun.corba.se.impl.activation.ServerTableEntry void register(com.sun.corba.se.spi.activation.Server)'>
        <annotation name='com.intellij.inspections.tainted.annotation.equation.Equations'>
            <val val="{ &quot;server := ServerManagerImpl#active(int, com.sun.corba.se.spi.activation.Server)#1&quot; }"/>
        </annotation>
    </item>
    <item name='com.sun.corba.se.impl.activation.ServerTableEntry void registerPorts(java.lang.String, com.sun.corba.se.spi.activation.EndPointInfo[])'>
        <annotation name='com.intellij.inspections.tainted.annotation.equation.Equations'>
            <val val="{ &quot;orbId := ServerManagerImpl#registerEndpoints(int, java.lang.String, com.sun.corba.se.spi.activation.EndPointInfo[])#1&quot;, &quot;endpointList := ServerManagerImpl#registerEndpoints(int, java.lang.String, com.sun.corba.se.spi.activation.EndPointInfo[])#2&quot; }"/>
        </annotation>
    </item>
    <item name='com.sun.corba.se.impl.activation.ServerTool'>
        <annotation name='com.intellij.inspections.tainted.annotation.equation.Equations'>
            <val val="{ &quot;ServerTool := &quot; }"/>
        </annotation>
    </item>
    <item name='com.sun.corba.se.impl.activation.ServerTool int getServerIdForAlias(org.omg.CORBA.ORB, java.lang.String)'>
        <annotation name='com.intellij.inspections.tainted.annotation.equation.Equations'>
            <val val="{ &quot;orb := LocateServer#processCommand(java.lang.String[], org.omg.CORBA.ORB, java.io.PrintStream)#1 &amp; LocateServerForORB#processCommand(java.lang.String[], org.omg.CORBA.ORB, java.io.PrintStream)#1 &amp; UnRegisterServer#processCommand(java.lang.String[], org.omg.CORBA.ORB, java.io.PrintStream)#1 &amp; ShutdownServer#processCommand(java.lang.String[], org.omg.CORBA.ORB, java.io.PrintStream)#1 &amp; StartServer#processCommand(java.lang.String[], org.omg.CORBA.ORB, java.io.PrintStream)#1 &amp; ListORBs#processCommand(java.lang.String[], org.omg.CORBA.ORB, java.io.PrintStream)#1&quot;, &quot;applicationName := LocateServer#processCommand(java.lang.String[], org.omg.CORBA.ORB, java.io.PrintStream)#0 &amp; LocateServerForORB#processCommand(java.lang.String[], org.omg.CORBA.ORB, java.io.PrintStream)#0 &amp; UnRegisterServer#processCommand(java.lang.String[], org.omg.CORBA.ORB, java.io.PrintStream)#0 &amp; ShutdownServer#processCommand(java.lang.String[], org.omg.CORBA.ORB, java.io.PrintStream)#0 &amp; StartServer#processCommand(java.lang.String[], org.omg.CORBA.ORB, java.io.PrintStream)#0 &amp; ListORBs#processCommand(java.lang.String[], org.omg.CORBA.ORB, java.io.PrintStream)#0&quot; }"/>
        </annotation>
    </item>
    <item name='com.sun.corba.se.impl.activation.ServerTool void executeCommand(java.lang.String[])'>
        <annotation name='com.intellij.inspections.tainted.annotation.equation.Equations'>
            <val val="{ &quot;cmd := #run(java.lang.String[])#0&quot; }"/>
        </annotation>
    </item>
    <item name='com.sun.corba.se.impl.activation.ServerTool void run(java.lang.String[])'>
        <annotation name='com.intellij.inspections.tainted.annotation.equation.Equations'>
            <val val="{ &quot;args := #main(java.lang.String[])#0&quot; }"/>
        </annotation>
    </item>
</root>