<root>
    <item name='javax.persistence.EntityExistsException EntityExistsException()'>
        <annotation name='com.intellij.inspections.tainted.annotation.equation.Equations'>
            <val val="{ &quot;EntityExistsException := EntityExistsException&quot; }"/>
        </annotation>
    </item>
    <item name='javax.persistence.EntityExistsException EntityExistsException(java.lang.String)'>
        <annotation name='com.intellij.inspections.tainted.annotation.equation.Equations'>
            <val val="{ &quot;EntityExistsException := EntityExistsException&quot; }"/>
        </annotation>
    </item>
    <item name='javax.persistence.EntityExistsException EntityExistsException(java.lang.String, java.lang.Throwable)'>
        <annotation name='com.intellij.inspections.tainted.annotation.equation.Equations'>
            <val val="{ &quot;EntityExistsException := EntityExistsException&quot; }"/>
        </annotation>
    </item>
    <item name='javax.persistence.EntityExistsException EntityExistsException(java.lang.Throwable)'>
        <annotation name='com.intellij.inspections.tainted.annotation.equation.Equations'>
            <val val="{ &quot;EntityExistsException := EntityExistsException&quot; }"/>
        </annotation>
    </item>
    <item name='javax.persistence.EntityManager javax.persistence.Query createNativeQuery(java.lang.String)'>
        <annotation name='com.intellij.inspections.tainted.annotation.equation.Equations'>
            <val val="{ &quot;sqlString := Untainted &amp; sqlString&quot; }"/>
        </annotation>
    </item>
    <item name='javax.persistence.EntityManager javax.persistence.Query createNativeQuery(java.lang.String) 0'>
        <annotation name='com.intellij.inspections.tainted.annotation.Untainted'/>
    </item>
    <item name='javax.persistence.EntityManager javax.persistence.Query createNativeQuery(java.lang.String, java.lang.Class)'>
        <annotation name='com.intellij.inspections.tainted.annotation.equation.Equations'>
            <val val="{ &quot;sqlString := Untainted &amp; sqlString&quot; }"/>
        </annotation>
    </item>
    <item name='javax.persistence.EntityManager javax.persistence.Query createNativeQuery(java.lang.String, java.lang.Class) 0'>
        <annotation name='com.intellij.inspections.tainted.annotation.Untainted'/>
    </item>
    <item name='javax.persistence.EntityManager javax.persistence.Query createNativeQuery(java.lang.String, java.lang.String)'>
        <annotation name='com.intellij.inspections.tainted.annotation.equation.Equations'>
            <val val="{ &quot;sqlString := Untainted &amp; sqlString&quot; }"/>
        </annotation>
    </item>
    <item name='javax.persistence.EntityManager javax.persistence.Query createNativeQuery(java.lang.String, java.lang.String) 0'>
        <annotation name='com.intellij.inspections.tainted.annotation.Untainted'/>
    </item>
    <item name='javax.persistence.EntityManager javax.persistence.Query createQuery(java.lang.String)'>
        <annotation name='com.intellij.inspections.tainted.annotation.equation.Equations'>
            <val val="{ &quot;qlString := Untainted &amp; qlString&quot; }"/>
        </annotation>
    </item>
    <item name='javax.persistence.EntityManager javax.persistence.Query createQuery(java.lang.String) 0'>
        <annotation name='com.intellij.inspections.tainted.annotation.Untainted'/>
    </item>
    <item name='javax.persistence.EntityManager javax.persistence.TypedQuery&lt;T&gt; createQuery(java.lang.String, java.lang.Class&lt;T&gt;)'>
        <annotation name='com.intellij.inspections.tainted.annotation.equation.Equations'>
            <val val="{ &quot;qlString := Untainted &amp; qlString&quot; }"/>
        </annotation>
    </item>
    <item name='javax.persistence.EntityManager javax.persistence.TypedQuery&lt;T&gt; createQuery(java.lang.String, java.lang.Class&lt;T&gt;) 0'>
        <annotation name='com.intellij.inspections.tainted.annotation.Untainted'/>
    </item>
    <item name='javax.persistence.EntityNotFoundException EntityNotFoundException()'>
        <annotation name='com.intellij.inspections.tainted.annotation.equation.Equations'>
            <val val="{ &quot;EntityNotFoundException := EntityNotFoundException&quot; }"/>
        </annotation>
    </item>
    <item name='javax.persistence.EntityNotFoundException EntityNotFoundException(java.lang.String)'>
        <annotation name='com.intellij.inspections.tainted.annotation.equation.Equations'>
            <val val="{ &quot;EntityNotFoundException := EntityNotFoundException&quot; }"/>
        </annotation>
    </item>
    <item name='javax.persistence.LockTimeoutException'>
        <annotation name='com.intellij.inspections.tainted.annotation.equation.Equations'>
            <val val="{ &quot;LockTimeoutException := #LockTimeoutException(java.lang.Object)#0 &amp; #LockTimeoutException(java.lang.String, java.lang.Throwable, java.lang.Object)#2&quot; }"/>
        </annotation>
    </item>
    <item name='javax.persistence.LockTimeoutException LockTimeoutException()'>
        <annotation name='com.intellij.inspections.tainted.annotation.equation.Equations'>
            <val val="{ &quot;LockTimeoutException := LockTimeoutException&quot; }"/>
        </annotation>
    </item>
    <item name='javax.persistence.LockTimeoutException LockTimeoutException(java.lang.Object)'>
        <annotation name='com.intellij.inspections.tainted.annotation.equation.Equations'>
            <val val="{ &quot;LockTimeoutException := LockTimeoutException&quot; }"/>
        </annotation>
    </item>
    <item name='javax.persistence.LockTimeoutException LockTimeoutException(java.lang.String)'>
        <annotation name='com.intellij.inspections.tainted.annotation.equation.Equations'>
            <val val="{ &quot;LockTimeoutException := LockTimeoutException&quot; }"/>
        </annotation>
    </item>
    <item name='javax.persistence.LockTimeoutException LockTimeoutException(java.lang.String, java.lang.Throwable)'>
        <annotation name='com.intellij.inspections.tainted.annotation.equation.Equations'>
            <val val="{ &quot;LockTimeoutException := LockTimeoutException&quot; }"/>
        </annotation>
    </item>
    <item name='javax.persistence.LockTimeoutException LockTimeoutException(java.lang.String, java.lang.Throwable, java.lang.Object)'>
        <annotation name='com.intellij.inspections.tainted.annotation.equation.Equations'>
            <val val="{ &quot;LockTimeoutException := LockTimeoutException&quot; }"/>
        </annotation>
    </item>
    <item name='javax.persistence.LockTimeoutException LockTimeoutException(java.lang.Throwable)'>
        <annotation name='com.intellij.inspections.tainted.annotation.equation.Equations'>
            <val val="{ &quot;LockTimeoutException := LockTimeoutException&quot; }"/>
        </annotation>
    </item>
    <item name='javax.persistence.LockTimeoutException java.lang.Object getObject()'>
        <annotation name='com.intellij.inspections.tainted.annotation.equation.Equations'>
            <val val="{ &quot;getObject := LockTimeoutException&quot; }"/>
        </annotation>
    </item>
    <item name='javax.persistence.NoResultException NoResultException()'>
        <annotation name='com.intellij.inspections.tainted.annotation.equation.Equations'>
            <val val="{ &quot;NoResultException := NoResultException&quot; }"/>
        </annotation>
    </item>
    <item name='javax.persistence.NoResultException NoResultException(java.lang.String)'>
        <annotation name='com.intellij.inspections.tainted.annotation.equation.Equations'>
            <val val="{ &quot;NoResultException := NoResultException&quot; }"/>
        </annotation>
    </item>
    <item name='javax.persistence.NonUniqueResultException NonUniqueResultException()'>
        <annotation name='com.intellij.inspections.tainted.annotation.equation.Equations'>
            <val val="{ &quot;NonUniqueResultException := NonUniqueResultException&quot; }"/>
        </annotation>
    </item>
    <item name='javax.persistence.NonUniqueResultException NonUniqueResultException(java.lang.String)'>
        <annotation name='com.intellij.inspections.tainted.annotation.equation.Equations'>
            <val val="{ &quot;NonUniqueResultException := NonUniqueResultException&quot; }"/>
        </annotation>
    </item>
    <item name='javax.persistence.OptimisticLockException'>
        <annotation name='com.intellij.inspections.tainted.annotation.equation.Equations'>
            <val val="{ &quot;OptimisticLockException := #OptimisticLockException(java.lang.Object)#0 &amp; #OptimisticLockException(java.lang.String, java.lang.Throwable, java.lang.Object)#2&quot; }"/>
        </annotation>
    </item>
    <item name='javax.persistence.OptimisticLockException OptimisticLockException()'>
        <annotation name='com.intellij.inspections.tainted.annotation.equation.Equations'>
            <val val="{ &quot;OptimisticLockException := OptimisticLockException&quot; }"/>
        </annotation>
    </item>
    <item name='javax.persistence.OptimisticLockException OptimisticLockException(java.lang.Object)'>
        <annotation name='com.intellij.inspections.tainted.annotation.equation.Equations'>
            <val val="{ &quot;OptimisticLockException := OptimisticLockException&quot; }"/>
        </annotation>
    </item>
    <item name='javax.persistence.OptimisticLockException OptimisticLockException(java.lang.String)'>
        <annotation name='com.intellij.inspections.tainted.annotation.equation.Equations'>
            <val val="{ &quot;OptimisticLockException := OptimisticLockException&quot; }"/>
        </annotation>
    </item>
    <item name='javax.persistence.OptimisticLockException OptimisticLockException(java.lang.String, java.lang.Throwable)'>
        <annotation name='com.intellij.inspections.tainted.annotation.equation.Equations'>
            <val val="{ &quot;OptimisticLockException := OptimisticLockException&quot; }"/>
        </annotation>
    </item>
    <item name='javax.persistence.OptimisticLockException OptimisticLockException(java.lang.String, java.lang.Throwable, java.lang.Object)'>
        <annotation name='com.intellij.inspections.tainted.annotation.equation.Equations'>
            <val val="{ &quot;OptimisticLockException := OptimisticLockException&quot; }"/>
        </annotation>
    </item>
    <item name='javax.persistence.OptimisticLockException OptimisticLockException(java.lang.Throwable)'>
        <annotation name='com.intellij.inspections.tainted.annotation.equation.Equations'>
            <val val="{ &quot;OptimisticLockException := OptimisticLockException&quot; }"/>
        </annotation>
    </item>
    <item name='javax.persistence.OptimisticLockException java.lang.Object getEntity()'>
        <annotation name='com.intellij.inspections.tainted.annotation.equation.Equations'>
            <val val="{ &quot;getEntity := OptimisticLockException&quot; }"/>
        </annotation>
    </item>
    <item name='javax.persistence.Persistence javax.persistence.EntityManagerFactory createEntityManagerFactory(java.lang.String)'>
        <annotation name='com.intellij.inspections.tainted.annotation.equation.Equations'>
            <val val="{ &quot;createEntityManagerFactory := &quot; }"/>
        </annotation>
    </item>
    <item name='javax.persistence.Persistence javax.persistence.EntityManagerFactory createEntityManagerFactory(java.lang.String, java.util.Map)'>
        <annotation name='com.intellij.inspections.tainted.annotation.equation.Equations'>
            <val val="{ &quot;persistenceUnitName := #createEntityManagerFactory(java.lang.String)#0&quot;, &quot;createEntityManagerFactory := &quot; }"/>
        </annotation>
    </item>
    <item name='javax.persistence.PersistenceException PersistenceException()'>
        <annotation name='com.intellij.inspections.tainted.annotation.equation.Equations'>
            <val val="{ &quot;PersistenceException := PersistenceException&quot; }"/>
        </annotation>
    </item>
    <item name='javax.persistence.PersistenceException PersistenceException(java.lang.String)'>
        <annotation name='com.intellij.inspections.tainted.annotation.equation.Equations'>
            <val val="{ &quot;message := NoResultException#NoResultException(java.lang.String)#0 &amp; RollbackException#RollbackException(java.lang.String)#0 &amp; LockTimeoutException#LockTimeoutException(java.lang.String)#0 &amp; EntityExistsException#EntityExistsException(java.lang.String)#0 &amp; QueryTimeoutException#QueryTimeoutException(java.lang.String)#0 &amp; EntityNotFoundException#EntityNotFoundException(java.lang.String)#0 &amp; OptimisticLockException#OptimisticLockException(java.lang.String)#0 &amp; NonUniqueResultException#NonUniqueResultException(java.lang.String)#0 &amp; PessimisticLockException#PessimisticLockException(java.lang.String)#0 &amp; TransactionRequiredException#TransactionRequiredException(java.lang.String)#0&quot;, &quot;PersistenceException := PersistenceException&quot; }"/>
        </annotation>
    </item>
    <item name='javax.persistence.PersistenceException PersistenceException(java.lang.String, java.lang.Throwable)'>
        <annotation name='com.intellij.inspections.tainted.annotation.equation.Equations'>
            <val val="{ &quot;PersistenceException := PersistenceException&quot;, &quot;message := RollbackException#RollbackException(java.lang.String, java.lang.Throwable)#0 &amp; LockTimeoutException#LockTimeoutException(java.lang.String, java.lang.Throwable)#0 &amp; LockTimeoutException#LockTimeoutException(java.lang.String, java.lang.Throwable, java.lang.Object)#0 &amp; EntityExistsException#EntityExistsException(java.lang.String, java.lang.Throwable)#0 &amp; QueryTimeoutException#QueryTimeoutException(java.lang.String, java.lang.Throwable)#0 &amp; QueryTimeoutException#QueryTimeoutException(java.lang.String, java.lang.Throwable, javax.persistence.Query)#0 &amp; OptimisticLockException#OptimisticLockException(java.lang.String, java.lang.Throwable)#0 &amp; OptimisticLockException#OptimisticLockException(java.lang.String, java.lang.Throwable, java.lang.Object)#0 &amp; PessimisticLockException#PessimisticLockException(java.lang.String, java.lang.Throwable)#0 &amp; PessimisticLockException#PessimisticLockException(java.lang.String, java.lang.Throwable, java.lang.Object)#0&quot;, &quot;cause := RollbackException#RollbackException(java.lang.String, java.lang.Throwable)#1 &amp; LockTimeoutException#LockTimeoutException(java.lang.String, java.lang.Throwable)#1 &amp; LockTimeoutException#LockTimeoutException(java.lang.String, java.lang.Throwable, java.lang.Object)#1 &amp; EntityExistsException#EntityExistsException(java.lang.String, java.lang.Throwable)#1 &amp; QueryTimeoutException#QueryTimeoutException(java.lang.String, java.lang.Throwable)#1 &amp; QueryTimeoutException#QueryTimeoutException(java.lang.String, java.lang.Throwable, javax.persistence.Query)#1 &amp; OptimisticLockException#OptimisticLockException(java.lang.String, java.lang.Throwable)#1 &amp; OptimisticLockException#OptimisticLockException(java.lang.String, java.lang.Throwable, java.lang.Object)#1 &amp; PessimisticLockException#PessimisticLockException(java.lang.String, java.lang.Throwable)#1 &amp; PessimisticLockException#PessimisticLockException(java.lang.String, java.lang.Throwable, java.lang.Object)#1&quot; }"/>
        </annotation>
    </item>
    <item name='javax.persistence.PersistenceException PersistenceException(java.lang.Throwable)'>
        <annotation name='com.intellij.inspections.tainted.annotation.equation.Equations'>
            <val val="{ &quot;cause := RollbackException#RollbackException(java.lang.Throwable)#0 &amp; LockTimeoutException#LockTimeoutException(java.lang.Throwable)#0 &amp; EntityExistsException#EntityExistsException(java.lang.Throwable)#0 &amp; QueryTimeoutException#QueryTimeoutException(java.lang.Throwable)#0 &amp; OptimisticLockException#OptimisticLockException(java.lang.Throwable)#0 &amp; PessimisticLockException#PessimisticLockException(java.lang.Throwable)#0&quot;, &quot;PersistenceException := PersistenceException&quot; }"/>
        </annotation>
    </item>
    <item name='javax.persistence.PersistenceUtil boolean isLoaded(java.lang.Object)'>
        <annotation name='com.intellij.inspections.tainted.annotation.equation.Equations'>
            <val val="{ &quot;entity := Persistence.PersistenceUtilImpl#isLoaded(java.lang.Object)#0 &amp; PersistenceUnitUtil#isLoaded(java.lang.Object)#0&quot; }"/>
        </annotation>
    </item>
    <item name='javax.persistence.PersistenceUtil boolean isLoaded(java.lang.Object, java.lang.String)'>
        <annotation name='com.intellij.inspections.tainted.annotation.equation.Equations'>
            <val val="{ &quot;entity := Persistence.PersistenceUtilImpl#isLoaded(java.lang.Object, java.lang.String)#0 &amp; PersistenceUnitUtil#isLoaded(java.lang.Object, java.lang.String)#0&quot;, &quot;attributeName := Persistence.PersistenceUtilImpl#isLoaded(java.lang.Object, java.lang.String)#1 &amp; PersistenceUnitUtil#isLoaded(java.lang.Object, java.lang.String)#1&quot; }"/>
        </annotation>
    </item>
    <item name='javax.persistence.PessimisticLockException'>
        <annotation name='com.intellij.inspections.tainted.annotation.equation.Equations'>
            <val val="{ &quot;PessimisticLockException := #PessimisticLockException(java.lang.Object)#0 &amp; #PessimisticLockException(java.lang.String, java.lang.Throwable, java.lang.Object)#2&quot; }"/>
        </annotation>
    </item>
    <item name='javax.persistence.PessimisticLockException PessimisticLockException()'>
        <annotation name='com.intellij.inspections.tainted.annotation.equation.Equations'>
            <val val="{ &quot;PessimisticLockException := PessimisticLockException&quot; }"/>
        </annotation>
    </item>
    <item name='javax.persistence.PessimisticLockException PessimisticLockException(java.lang.Object)'>
        <annotation name='com.intellij.inspections.tainted.annotation.equation.Equations'>
            <val val="{ &quot;PessimisticLockException := PessimisticLockException&quot; }"/>
        </annotation>
    </item>
    <item name='javax.persistence.PessimisticLockException PessimisticLockException(java.lang.String)'>
        <annotation name='com.intellij.inspections.tainted.annotation.equation.Equations'>
            <val val="{ &quot;PessimisticLockException := PessimisticLockException&quot; }"/>
        </annotation>
    </item>
    <item name='javax.persistence.PessimisticLockException PessimisticLockException(java.lang.String, java.lang.Throwable)'>
        <annotation name='com.intellij.inspections.tainted.annotation.equation.Equations'>
            <val val="{ &quot;PessimisticLockException := PessimisticLockException&quot; }"/>
        </annotation>
    </item>
    <item name='javax.persistence.PessimisticLockException PessimisticLockException(java.lang.String, java.lang.Throwable, java.lang.Object)'>
        <annotation name='com.intellij.inspections.tainted.annotation.equation.Equations'>
            <val val="{ &quot;PessimisticLockException := PessimisticLockException&quot; }"/>
        </annotation>
    </item>
    <item name='javax.persistence.PessimisticLockException PessimisticLockException(java.lang.Throwable)'>
        <annotation name='com.intellij.inspections.tainted.annotation.equation.Equations'>
            <val val="{ &quot;PessimisticLockException := PessimisticLockException&quot; }"/>
        </annotation>
    </item>
    <item name='javax.persistence.PessimisticLockException java.lang.Object getEntity()'>
        <annotation name='com.intellij.inspections.tainted.annotation.equation.Equations'>
            <val val="{ &quot;getEntity := PessimisticLockException&quot; }"/>
        </annotation>
    </item>
    <item name='javax.persistence.Query int executeUpdate()'>
        <annotation name='com.intellij.inspections.tainted.annotation.equation.Equations'>
            <val val="{ &quot;executeUpdate := StoredProcedureQuery#executeUpdate()&quot; }"/>
        </annotation>
    </item>
    <item name='javax.persistence.Query java.lang.Object getSingleResult()'>
        <annotation name='com.intellij.inspections.tainted.annotation.equation.Equations'>
            <val val="{ &quot;getSingleResult := TypedQuery#getSingleResult() &amp; StoredProcedureQuery#getSingleResult()&quot; }"/>
        </annotation>
    </item>
    <item name='javax.persistence.Query java.util.List getResultList()'>
        <annotation name='com.intellij.inspections.tainted.annotation.equation.Equations'>
            <val val="{ &quot;getResultList := TypedQuery#getResultList() &amp; StoredProcedureQuery#getResultList()&quot; }"/>
        </annotation>
    </item>
    <item name='javax.persistence.Query java.util.stream.Stream getResultStream()'>
        <annotation name='com.intellij.inspections.tainted.annotation.equation.Equations'>
            <val val="{ &quot;getResultStream := TypedQuery#getResultStream()&quot; }"/>
        </annotation>
    </item>
    <item name='javax.persistence.Query javax.persistence.Query setFirstResult(int)'>
        <annotation name='com.intellij.inspections.tainted.annotation.equation.Equations'>
            <val val="{ &quot;setFirstResult := TypedQuery#setFirstResult(int)&quot;, &quot;startPosition := TypedQuery#setFirstResult(int)#0&quot; }"/>
        </annotation>
    </item>
    <item name='javax.persistence.Query javax.persistence.Query setFlushMode(javax.persistence.FlushModeType)'>
        <annotation name='com.intellij.inspections.tainted.annotation.equation.Equations'>
            <val val="{ &quot;flushMode := TypedQuery#setFlushMode(javax.persistence.FlushModeType)#0 &amp; StoredProcedureQuery#setFlushMode(javax.persistence.FlushModeType)#0&quot;, &quot;setFlushMode := TypedQuery#setFlushMode(javax.persistence.FlushModeType) &amp; StoredProcedureQuery#setFlushMode(javax.persistence.FlushModeType)&quot; }"/>
        </annotation>
    </item>
    <item name='javax.persistence.Query javax.persistence.Query setHint(java.lang.String, java.lang.Object)'>
        <annotation name='com.intellij.inspections.tainted.annotation.equation.Equations'>
            <val val="{ &quot;setHint := TypedQuery#setHint(java.lang.String, java.lang.Object) &amp; StoredProcedureQuery#setHint(java.lang.String, java.lang.Object)&quot;, &quot;hintName := TypedQuery#setHint(java.lang.String, java.lang.Object)#0 &amp; StoredProcedureQuery#setHint(java.lang.String, java.lang.Object)#0&quot;, &quot;value := TypedQuery#setHint(java.lang.String, java.lang.Object)#1 &amp; StoredProcedureQuery#setHint(java.lang.String, java.lang.Object)#1&quot; }"/>
        </annotation>
    </item>
    <item name='javax.persistence.Query javax.persistence.Query setLockMode(javax.persistence.LockModeType)'>
        <annotation name='com.intellij.inspections.tainted.annotation.equation.Equations'>
            <val val="{ &quot;lockMode := TypedQuery#setLockMode(javax.persistence.LockModeType)#0&quot;, &quot;setLockMode := TypedQuery#setLockMode(javax.persistence.LockModeType)&quot; }"/>
        </annotation>
    </item>
    <item name='javax.persistence.Query javax.persistence.Query setMaxResults(int)'>
        <annotation name='com.intellij.inspections.tainted.annotation.equation.Equations'>
            <val val="{ &quot;setMaxResults := TypedQuery#setMaxResults(int)&quot;, &quot;maxResult := TypedQuery#setMaxResults(int)#0&quot; }"/>
        </annotation>
    </item>
    <item name='javax.persistence.Query javax.persistence.Query setParameter(int, java.lang.Object)'>
        <annotation name='com.intellij.inspections.tainted.annotation.equation.Equations'>
            <val val="{ &quot;position := TypedQuery#setParameter(int, java.lang.Object)#0 &amp; StoredProcedureQuery#setParameter(int, java.lang.Object)#0&quot;, &quot;setParameter := TypedQuery#setParameter(int, java.lang.Object) &amp; StoredProcedureQuery#setParameter(int, java.lang.Object)&quot;, &quot;value := TypedQuery#setParameter(int, java.lang.Object)#1 &amp; StoredProcedureQuery#setParameter(int, java.lang.Object)#1&quot; }"/>
        </annotation>
    </item>
    <item name='javax.persistence.Query javax.persistence.Query setParameter(int, java.util.Calendar, javax.persistence.TemporalType)'>
        <annotation name='com.intellij.inspections.tainted.annotation.equation.Equations'>
            <val val="{ &quot;temporalType := TypedQuery#setParameter(int, java.util.Calendar, javax.persistence.TemporalType)#2 &amp; StoredProcedureQuery#setParameter(int, java.util.Calendar, javax.persistence.TemporalType)#2&quot;, &quot;position := TypedQuery#setParameter(int, java.util.Calendar, javax.persistence.TemporalType)#0 &amp; StoredProcedureQuery#setParameter(int, java.util.Calendar, javax.persistence.TemporalType)#0&quot;, &quot;value := TypedQuery#setParameter(int, java.util.Calendar, javax.persistence.TemporalType)#1 &amp; StoredProcedureQuery#setParameter(int, java.util.Calendar, javax.persistence.TemporalType)#1&quot;, &quot;setParameter := TypedQuery#setParameter(int, java.util.Calendar, javax.persistence.TemporalType) &amp; StoredProcedureQuery#setParameter(int, java.util.Calendar, javax.persistence.TemporalType)&quot; }"/>
        </annotation>
    </item>
    <item name='javax.persistence.Query javax.persistence.Query setParameter(int, java.util.Date, javax.persistence.TemporalType)'>
        <annotation name='com.intellij.inspections.tainted.annotation.equation.Equations'>
            <val val="{ &quot;setParameter := TypedQuery#setParameter(int, java.util.Date, javax.persistence.TemporalType) &amp; StoredProcedureQuery#setParameter(int, java.util.Date, javax.persistence.TemporalType)&quot;, &quot;position := TypedQuery#setParameter(int, java.util.Date, javax.persistence.TemporalType)#0 &amp; StoredProcedureQuery#setParameter(int, java.util.Date, javax.persistence.TemporalType)#0&quot;, &quot;value := TypedQuery#setParameter(int, java.util.Date, javax.persistence.TemporalType)#1 &amp; StoredProcedureQuery#setParameter(int, java.util.Date, javax.persistence.TemporalType)#1&quot;, &quot;temporalType := TypedQuery#setParameter(int, java.util.Date, javax.persistence.TemporalType)#2 &amp; StoredProcedureQuery#setParameter(int, java.util.Date, javax.persistence.TemporalType)#2&quot; }"/>
        </annotation>
    </item>
    <item name='javax.persistence.Query javax.persistence.Query setParameter(java.lang.String, java.lang.Object)'>
        <annotation name='com.intellij.inspections.tainted.annotation.equation.Equations'>
            <val val="{ &quot;value := TypedQuery#setParameter(java.lang.String, java.lang.Object)#1 &amp; StoredProcedureQuery#setParameter(java.lang.String, java.lang.Object)#1&quot;, &quot;setParameter := TypedQuery#setParameter(java.lang.String, java.lang.Object) &amp; StoredProcedureQuery#setParameter(java.lang.String, java.lang.Object)&quot;, &quot;name := TypedQuery#setParameter(java.lang.String, java.lang.Object)#0 &amp; StoredProcedureQuery#setParameter(java.lang.String, java.lang.Object)#0&quot; }"/>
        </annotation>
    </item>
    <item name='javax.persistence.Query javax.persistence.Query setParameter(java.lang.String, java.util.Calendar, javax.persistence.TemporalType)'>
        <annotation name='com.intellij.inspections.tainted.annotation.equation.Equations'>
            <val val="{ &quot;temporalType := TypedQuery#setParameter(java.lang.String, java.util.Calendar, javax.persistence.TemporalType)#2 &amp; StoredProcedureQuery#setParameter(java.lang.String, java.util.Calendar, javax.persistence.TemporalType)#2&quot;, &quot;value := TypedQuery#setParameter(java.lang.String, java.util.Calendar, javax.persistence.TemporalType)#1 &amp; StoredProcedureQuery#setParameter(java.lang.String, java.util.Calendar, javax.persistence.TemporalType)#1&quot;, &quot;name := TypedQuery#setParameter(java.lang.String, java.util.Calendar, javax.persistence.TemporalType)#0 &amp; StoredProcedureQuery#setParameter(java.lang.String, java.util.Calendar, javax.persistence.TemporalType)#0&quot;, &quot;setParameter := TypedQuery#setParameter(java.lang.String, java.util.Calendar, javax.persistence.TemporalType) &amp; StoredProcedureQuery#setParameter(java.lang.String, java.util.Calendar, javax.persistence.TemporalType)&quot; }"/>
        </annotation>
    </item>
    <item name='javax.persistence.Query javax.persistence.Query setParameter(java.lang.String, java.util.Date, javax.persistence.TemporalType)'>
        <annotation name='com.intellij.inspections.tainted.annotation.equation.Equations'>
            <val val="{ &quot;value := TypedQuery#setParameter(java.lang.String, java.util.Date, javax.persistence.TemporalType)#1 &amp; StoredProcedureQuery#setParameter(java.lang.String, java.util.Date, javax.persistence.TemporalType)#1&quot;, &quot;setParameter := TypedQuery#setParameter(java.lang.String, java.util.Date, javax.persistence.TemporalType) &amp; StoredProcedureQuery#setParameter(java.lang.String, java.util.Date, javax.persistence.TemporalType)&quot;, &quot;name := TypedQuery#setParameter(java.lang.String, java.util.Date, javax.persistence.TemporalType)#0 &amp; StoredProcedureQuery#setParameter(java.lang.String, java.util.Date, javax.persistence.TemporalType)#0&quot;, &quot;temporalType := TypedQuery#setParameter(java.lang.String, java.util.Date, javax.persistence.TemporalType)#2 &amp; StoredProcedureQuery#setParameter(java.lang.String, java.util.Date, javax.persistence.TemporalType)#2&quot; }"/>
        </annotation>
    </item>
    <item name='javax.persistence.Query javax.persistence.Query setParameter(javax.persistence.Parameter&lt;T&gt;, T)'>
        <annotation name='com.intellij.inspections.tainted.annotation.equation.Equations'>
            <val val="{ &quot;setParameter := TypedQuery#setParameter(javax.persistence.Parameter, java.lang.Object) &amp; StoredProcedureQuery#setParameter(javax.persistence.Parameter, java.lang.Object)&quot;, &quot;value := TypedQuery#setParameter(javax.persistence.Parameter, java.lang.Object)#1 &amp; StoredProcedureQuery#setParameter(javax.persistence.Parameter, java.lang.Object)#1&quot;, &quot;param := TypedQuery#setParameter(javax.persistence.Parameter, java.lang.Object)#0 &amp; StoredProcedureQuery#setParameter(javax.persistence.Parameter, java.lang.Object)#0&quot; }"/>
        </annotation>
    </item>
    <item name='javax.persistence.Query javax.persistence.Query setParameter(javax.persistence.Parameter&lt;java.util.Calendar&gt;, java.util.Calendar, javax.persistence.TemporalType)'>
        <annotation name='com.intellij.inspections.tainted.annotation.equation.Equations'>
            <val val="{ &quot;param := TypedQuery#setParameter(javax.persistence.Parameter, java.util.Calendar, javax.persistence.TemporalType)#0 &amp; StoredProcedureQuery#setParameter(javax.persistence.Parameter, java.util.Calendar, javax.persistence.TemporalType)#0&quot;, &quot;setParameter := TypedQuery#setParameter(javax.persistence.Parameter, java.util.Calendar, javax.persistence.TemporalType) &amp; StoredProcedureQuery#setParameter(javax.persistence.Parameter, java.util.Calendar, javax.persistence.TemporalType)&quot;, &quot;value := TypedQuery#setParameter(javax.persistence.Parameter, java.util.Calendar, javax.persistence.TemporalType)#1 &amp; StoredProcedureQuery#setParameter(javax.persistence.Parameter, java.util.Calendar, javax.persistence.TemporalType)#1&quot;, &quot;temporalType := TypedQuery#setParameter(javax.persistence.Parameter, java.util.Calendar, javax.persistence.TemporalType)#2 &amp; StoredProcedureQuery#setParameter(javax.persistence.Parameter, java.util.Calendar, javax.persistence.TemporalType)#2&quot; }"/>
        </annotation>
    </item>
    <item name='javax.persistence.Query javax.persistence.Query setParameter(javax.persistence.Parameter&lt;java.util.Date&gt;, java.util.Date, javax.persistence.TemporalType)'>
        <annotation name='com.intellij.inspections.tainted.annotation.equation.Equations'>
            <val val="{ &quot;value := TypedQuery#setParameter(javax.persistence.Parameter, java.util.Date, javax.persistence.TemporalType)#1 &amp; StoredProcedureQuery#setParameter(javax.persistence.Parameter, java.util.Date, javax.persistence.TemporalType)#1&quot;, &quot;setParameter := TypedQuery#setParameter(javax.persistence.Parameter, java.util.Date, javax.persistence.TemporalType) &amp; StoredProcedureQuery#setParameter(javax.persistence.Parameter, java.util.Date, javax.persistence.TemporalType)&quot;, &quot;param := TypedQuery#setParameter(javax.persistence.Parameter, java.util.Date, javax.persistence.TemporalType)#0 &amp; StoredProcedureQuery#setParameter(javax.persistence.Parameter, java.util.Date, javax.persistence.TemporalType)#0&quot;, &quot;temporalType := TypedQuery#setParameter(javax.persistence.Parameter, java.util.Date, javax.persistence.TemporalType)#2 &amp; StoredProcedureQuery#setParameter(javax.persistence.Parameter, java.util.Date, javax.persistence.TemporalType)#2&quot; }"/>
        </annotation>
    </item>
    <item name='javax.persistence.QueryTimeoutException'>
        <annotation name='com.intellij.inspections.tainted.annotation.equation.Equations'>
            <val val="{ &quot;QueryTimeoutException := #QueryTimeoutException(javax.persistence.Query)#0 &amp; #QueryTimeoutException(java.lang.String, java.lang.Throwable, javax.persistence.Query)#2&quot; }"/>
        </annotation>
    </item>
    <item name='javax.persistence.QueryTimeoutException QueryTimeoutException()'>
        <annotation name='com.intellij.inspections.tainted.annotation.equation.Equations'>
            <val val="{ &quot;QueryTimeoutException := QueryTimeoutException&quot; }"/>
        </annotation>
    </item>
    <item name='javax.persistence.QueryTimeoutException QueryTimeoutException(java.lang.String)'>
        <annotation name='com.intellij.inspections.tainted.annotation.equation.Equations'>
            <val val="{ &quot;QueryTimeoutException := QueryTimeoutException&quot; }"/>
        </annotation>
    </item>
    <item name='javax.persistence.QueryTimeoutException QueryTimeoutException(java.lang.String, java.lang.Throwable)'>
        <annotation name='com.intellij.inspections.tainted.annotation.equation.Equations'>
            <val val="{ &quot;QueryTimeoutException := QueryTimeoutException&quot; }"/>
        </annotation>
    </item>
    <item name='javax.persistence.QueryTimeoutException QueryTimeoutException(java.lang.String, java.lang.Throwable, javax.persistence.Query)'>
        <annotation name='com.intellij.inspections.tainted.annotation.equation.Equations'>
            <val val="{ &quot;QueryTimeoutException := QueryTimeoutException&quot; }"/>
        </annotation>
    </item>
    <item name='javax.persistence.QueryTimeoutException QueryTimeoutException(java.lang.Throwable)'>
        <annotation name='com.intellij.inspections.tainted.annotation.equation.Equations'>
            <val val="{ &quot;QueryTimeoutException := QueryTimeoutException&quot; }"/>
        </annotation>
    </item>
    <item name='javax.persistence.QueryTimeoutException QueryTimeoutException(javax.persistence.Query)'>
        <annotation name='com.intellij.inspections.tainted.annotation.equation.Equations'>
            <val val="{ &quot;QueryTimeoutException := QueryTimeoutException&quot; }"/>
        </annotation>
    </item>
    <item name='javax.persistence.QueryTimeoutException javax.persistence.Query getQuery()'>
        <annotation name='com.intellij.inspections.tainted.annotation.equation.Equations'>
            <val val="{ &quot;getQuery := QueryTimeoutException&quot; }"/>
        </annotation>
    </item>
    <item name='javax.persistence.RollbackException RollbackException()'>
        <annotation name='com.intellij.inspections.tainted.annotation.equation.Equations'>
            <val val="{ &quot;RollbackException := RollbackException&quot; }"/>
        </annotation>
    </item>
    <item name='javax.persistence.RollbackException RollbackException(java.lang.String)'>
        <annotation name='com.intellij.inspections.tainted.annotation.equation.Equations'>
            <val val="{ &quot;RollbackException := RollbackException&quot; }"/>
        </annotation>
    </item>
    <item name='javax.persistence.RollbackException RollbackException(java.lang.String, java.lang.Throwable)'>
        <annotation name='com.intellij.inspections.tainted.annotation.equation.Equations'>
            <val val="{ &quot;RollbackException := RollbackException&quot; }"/>
        </annotation>
    </item>
    <item name='javax.persistence.RollbackException RollbackException(java.lang.Throwable)'>
        <annotation name='com.intellij.inspections.tainted.annotation.equation.Equations'>
            <val val="{ &quot;RollbackException := RollbackException&quot; }"/>
        </annotation>
    </item>
    <item name='javax.persistence.TransactionRequiredException TransactionRequiredException()'>
        <annotation name='com.intellij.inspections.tainted.annotation.equation.Equations'>
            <val val="{ &quot;TransactionRequiredException := TransactionRequiredException&quot; }"/>
        </annotation>
    </item>
    <item name='javax.persistence.TransactionRequiredException TransactionRequiredException(java.lang.String)'>
        <annotation name='com.intellij.inspections.tainted.annotation.equation.Equations'>
            <val val="{ &quot;TransactionRequiredException := TransactionRequiredException&quot; }"/>
        </annotation>
    </item>
    <item name='javax.persistence.TypedQuery java.util.stream.Stream&lt;X&gt; getResultStream()'>
        <annotation name='com.intellij.inspections.tainted.annotation.equation.Equations'>
            <val val="{ &quot;getResultStream := &quot; }"/>
        </annotation>
    </item>
</root>