<root>
    <item name='java.nio.file.AccessDeniedException AccessDeniedException(java.lang.String)'>
        <annotation name='com.intellij.inspections.tainted.annotation.equation.Equations'>
            <val val="{ &quot;AccessDeniedException := AccessDeniedException&quot; }"/>
        </annotation>
    </item>
    <item name='java.nio.file.AccessDeniedException AccessDeniedException(java.lang.String, java.lang.String, java.lang.String)'>
        <annotation name='com.intellij.inspections.tainted.annotation.equation.Equations'>
            <val val="{ &quot;AccessDeniedException := AccessDeniedException&quot; }"/>
        </annotation>
    </item>
    <item name='java.nio.file.AtomicMoveNotSupportedException AtomicMoveNotSupportedException(java.lang.String, java.lang.String, java.lang.String)'>
        <annotation name='com.intellij.inspections.tainted.annotation.equation.Equations'>
            <val val="{ &quot;AtomicMoveNotSupportedException := AtomicMoveNotSupportedException&quot; }"/>
        </annotation>
    </item>
    <item name='java.nio.file.CopyMoveHelper void copyToForeignTarget(java.nio.file.Path, java.nio.file.Path, java.nio.file.CopyOption...)'>
        <annotation name='com.intellij.inspections.tainted.annotation.equation.Equations'>
            <val val="{ &quot;options := Files#copy(java.nio.file.Path, java.nio.file.Path, java.nio.file.CopyOption...)#2&quot;, &quot;source := Files#copy(java.nio.file.Path, java.nio.file.Path, java.nio.file.CopyOption...)#0 &amp; #moveToForeignTarget(java.nio.file.Path, java.nio.file.Path, java.nio.file.CopyOption...)#0&quot;, &quot;target := Files#copy(java.nio.file.Path, java.nio.file.Path, java.nio.file.CopyOption...)#1 &amp; #moveToForeignTarget(java.nio.file.Path, java.nio.file.Path, java.nio.file.CopyOption...)#1&quot; }"/>
        </annotation>
    </item>
    <item name='java.nio.file.CopyMoveHelper void moveToForeignTarget(java.nio.file.Path, java.nio.file.Path, java.nio.file.CopyOption...)'>
        <annotation name='com.intellij.inspections.tainted.annotation.equation.Equations'>
            <val val="{ &quot;target := Files#move(java.nio.file.Path, java.nio.file.Path, java.nio.file.CopyOption...)#1&quot;, &quot;options := Files#move(java.nio.file.Path, java.nio.file.Path, java.nio.file.CopyOption...)#2&quot;, &quot;source := Files#move(java.nio.file.Path, java.nio.file.Path, java.nio.file.CopyOption...)#0&quot; }"/>
        </annotation>
    </item>
    <item name='java.nio.file.DirectoryIteratorException DirectoryIteratorException(java.io.IOException)'>
        <annotation name='com.intellij.inspections.tainted.annotation.equation.Equations'>
            <val val="{ &quot;DirectoryIteratorException := DirectoryIteratorException&quot; }"/>
        </annotation>
    </item>
    <item name='java.nio.file.DirectoryNotEmptyException DirectoryNotEmptyException(java.lang.String)'>
        <annotation name='com.intellij.inspections.tainted.annotation.equation.Equations'>
            <val val="{ &quot;DirectoryNotEmptyException := DirectoryNotEmptyException&quot; }"/>
        </annotation>
    </item>
    <item name='java.nio.file.DirectoryStream.Filter boolean accept(T)'>
        <annotation name='com.intellij.inspections.tainted.annotation.equation.Equations'>
            <val val="{ &quot;entry := Files.AcceptAllFilter#accept(java.nio.file.Path)#0&quot; }"/>
        </annotation>
    </item>
    <item name='java.nio.file.FileAlreadyExistsException FileAlreadyExistsException(java.lang.String)'>
        <annotation name='com.intellij.inspections.tainted.annotation.equation.Equations'>
            <val val="{ &quot;FileAlreadyExistsException := FileAlreadyExistsException&quot; }"/>
        </annotation>
    </item>
    <item name='java.nio.file.FileAlreadyExistsException FileAlreadyExistsException(java.lang.String, java.lang.String, java.lang.String)'>
        <annotation name='com.intellij.inspections.tainted.annotation.equation.Equations'>
            <val val="{ &quot;FileAlreadyExistsException := FileAlreadyExistsException&quot; }"/>
        </annotation>
    </item>
    <item name='java.nio.file.FileSystemAlreadyExistsException FileSystemAlreadyExistsException(java.lang.String)'>
        <annotation name='com.intellij.inspections.tainted.annotation.equation.Equations'>
            <val val="{ &quot;FileSystemAlreadyExistsException := FileSystemAlreadyExistsException&quot; }"/>
        </annotation>
    </item>
    <item name='java.nio.file.FileSystemException FileSystemException(java.lang.String)'>
        <annotation name='com.intellij.inspections.tainted.annotation.equation.Equations'>
            <val val="{ &quot;file := NotLinkException#NotLinkException(java.lang.String)#0 &amp; NoSuchFileException#NoSuchFileException(java.lang.String)#0 &amp; AccessDeniedException#AccessDeniedException(java.lang.String)#0 &amp; NotDirectoryException#NotDirectoryException(java.lang.String)#0 &amp; FileSystemLoopException#FileSystemLoopException(java.lang.String)#0 &amp; DirectoryNotEmptyException#DirectoryNotEmptyException(java.lang.String)#0 &amp; FileAlreadyExistsException#FileAlreadyExistsException(java.lang.String)#0&quot;, &quot;FileSystemException := FileSystemException&quot; }"/>
        </annotation>
    </item>
    <item name='java.nio.file.FileSystemException FileSystemException(java.lang.String, java.lang.String, java.lang.String)'>
        <annotation name='com.intellij.inspections.tainted.annotation.equation.Equations'>
            <val val="{ &quot;FileSystemException := FileSystemException&quot;, &quot;other := NotLinkException#NotLinkException(java.lang.String, java.lang.String, java.lang.String)#1 &amp; NoSuchFileException#NoSuchFileException(java.lang.String, java.lang.String, java.lang.String)#1 &amp; AccessDeniedException#AccessDeniedException(java.lang.String, java.lang.String, java.lang.String)#1 &amp; FileAlreadyExistsException#FileAlreadyExistsException(java.lang.String, java.lang.String, java.lang.String)#1 &amp; AtomicMoveNotSupportedException#AtomicMoveNotSupportedException(java.lang.String, java.lang.String, java.lang.String)#1&quot;, &quot;reason := NotLinkException#NotLinkException(java.lang.String, java.lang.String, java.lang.String)#2 &amp; NoSuchFileException#NoSuchFileException(java.lang.String, java.lang.String, java.lang.String)#2 &amp; AccessDeniedException#AccessDeniedException(java.lang.String, java.lang.String, java.lang.String)#2 &amp; FileAlreadyExistsException#FileAlreadyExistsException(java.lang.String, java.lang.String, java.lang.String)#2 &amp; AtomicMoveNotSupportedException#AtomicMoveNotSupportedException(java.lang.String, java.lang.String, java.lang.String)#2&quot;, &quot;file := NotLinkException#NotLinkException(java.lang.String, java.lang.String, java.lang.String)#0 &amp; NoSuchFileException#NoSuchFileException(java.lang.String, java.lang.String, java.lang.String)#0 &amp; AccessDeniedException#AccessDeniedException(java.lang.String, java.lang.String, java.lang.String)#0 &amp; FileAlreadyExistsException#FileAlreadyExistsException(java.lang.String, java.lang.String, java.lang.String)#0 &amp; AtomicMoveNotSupportedException#AtomicMoveNotSupportedException(java.lang.String, java.lang.String, java.lang.String)#0&quot; }"/>
        </annotation>
    </item>
    <item name='java.nio.file.FileSystemException java.lang.String getFile()'>
        <annotation name='com.intellij.inspections.tainted.annotation.equation.Equations'>
            <val val="{ &quot;getFile := FileSystemException&quot; }"/>
        </annotation>
    </item>
    <item name='java.nio.file.FileSystemException java.lang.String getOtherFile()'>
        <annotation name='com.intellij.inspections.tainted.annotation.equation.Equations'>
            <val val="{ &quot;getOtherFile := FileSystemException&quot; }"/>
        </annotation>
    </item>
    <item name='java.nio.file.FileSystemLoopException FileSystemLoopException(java.lang.String)'>
        <annotation name='com.intellij.inspections.tainted.annotation.equation.Equations'>
            <val val="{ &quot;FileSystemLoopException := FileSystemLoopException&quot; }"/>
        </annotation>
    </item>
    <item name='java.nio.file.FileSystemNotFoundException FileSystemNotFoundException(java.lang.String)'>
        <annotation name='com.intellij.inspections.tainted.annotation.equation.Equations'>
            <val val="{ &quot;FileSystemNotFoundException := FileSystemNotFoundException&quot; }"/>
        </annotation>
    </item>
    <item name='java.nio.file.FileSystems java.nio.file.FileSystem newFileSystem(java.net.URI, java.util.Map&lt;java.lang.String,?&gt;, java.lang.ClassLoader)'>
        <annotation name='com.intellij.inspections.tainted.annotation.equation.Equations'>
            <val val="{ &quot;uri := #newFileSystem(java.net.URI, java.util.Map)#0&quot;, &quot;env := #newFileSystem(java.net.URI, java.util.Map)#1&quot; }"/>
        </annotation>
    </item>
    <item name='java.nio.file.FileTreeIterator'>
        <annotation name='com.intellij.inspections.tainted.annotation.equation.Equations'>
            <val val="{ &quot;FileTreeIterator := &quot; }"/>
        </annotation>
    </item>
    <item name='java.nio.file.FileTreeIterator FileTreeIterator(java.nio.file.Path, int, java.nio.file.FileVisitOption...)'>
        <annotation name='com.intellij.inspections.tainted.annotation.equation.Equations'>
            <val val="{ &quot;FileTreeIterator := FileTreeIterator&quot;, &quot;options := Files#walk(java.nio.file.Path, int, java.nio.file.FileVisitOption...)#2 &amp; Files#find(java.nio.file.Path, int, java.util.function.BiPredicate, java.nio.file.FileVisitOption...)#3&quot;, &quot;start := Files#walk(java.nio.file.Path, int, java.nio.file.FileVisitOption...)#0 &amp; Files#find(java.nio.file.Path, int, java.util.function.BiPredicate, java.nio.file.FileVisitOption...)#0&quot;, &quot;maxDepth := Files#walk(java.nio.file.Path, int, java.nio.file.FileVisitOption...)#1 &amp; Files#find(java.nio.file.Path, int, java.util.function.BiPredicate, java.nio.file.FileVisitOption...)#1&quot; }"/>
        </annotation>
    </item>
    <item name='java.nio.file.FileTreeIterator java.nio.file.FileTreeWalker.Event next()'>
        <annotation name='com.intellij.inspections.tainted.annotation.equation.Equations'>
            <val val="{ &quot;next := FileTreeIterator&quot; }"/>
        </annotation>
    </item>
    <item name='java.nio.file.FileTreeWalker'>
        <annotation name='com.intellij.inspections.tainted.annotation.equation.Equations'>
            <val val="{ &quot;FileTreeWalker := &quot; }"/>
        </annotation>
    </item>
    <item name='java.nio.file.FileTreeWalker FileTreeWalker(java.util.Collection&lt;java.nio.file.FileVisitOption&gt;, int)'>
        <annotation name='com.intellij.inspections.tainted.annotation.equation.Equations'>
            <val val="{ &quot;FileTreeWalker := FileTreeWalker&quot;, &quot;options := Files#walkFileTree(java.nio.file.Path, java.util.Set, int, java.nio.file.FileVisitor)#1&quot;, &quot;maxDepth := FileTreeIterator#FileTreeIterator(java.nio.file.Path, int, java.nio.file.FileVisitOption...)#1 &amp; Files#walkFileTree(java.nio.file.Path, java.util.Set, int, java.nio.file.FileVisitor)#2&quot; }"/>
        </annotation>
    </item>
    <item name='java.nio.file.FileTreeWalker boolean wouldLoop(java.nio.file.Path, java.lang.Object)'>
        <annotation name='com.intellij.inspections.tainted.annotation.equation.Equations'>
            <val val="{ &quot;dir := #visit(java.nio.file.Path, boolean, boolean)#0&quot; }"/>
        </annotation>
    </item>
    <item name='java.nio.file.FileTreeWalker java.nio.file.FileTreeWalker.Event visit(java.nio.file.Path, boolean, boolean)'>
        <annotation name='com.intellij.inspections.tainted.annotation.equation.Equations'>
            <val val="{ &quot;entry := #walk(java.nio.file.Path)#0&quot; }"/>
        </annotation>
    </item>
    <item name='java.nio.file.FileTreeWalker java.nio.file.FileTreeWalker.Event walk(java.nio.file.Path)'>
        <annotation name='com.intellij.inspections.tainted.annotation.equation.Equations'>
            <val val="{ &quot;file := FileTreeIterator#FileTreeIterator(java.nio.file.Path, int, java.nio.file.FileVisitOption...)#0 &amp; Files#walkFileTree(java.nio.file.Path, java.util.Set, int, java.nio.file.FileVisitor)#0&quot; }"/>
        </annotation>
    </item>
    <item name='java.nio.file.FileTreeWalker java.nio.file.attribute.BasicFileAttributes getAttributes(java.nio.file.Path, boolean)'>
        <annotation name='com.intellij.inspections.tainted.annotation.equation.Equations'>
            <val val="{ &quot;file := #visit(java.nio.file.Path, boolean, boolean)#0&quot; }"/>
        </annotation>
    </item>
    <item name='java.nio.file.FileTreeWalker.DirectoryNode DirectoryNode(java.nio.file.Path, java.lang.Object, java.nio.file.DirectoryStream&lt;java.nio.file.Path&gt;)'>
        <annotation name='com.intellij.inspections.tainted.annotation.equation.Equations'>
            <val val="{ &quot;DirectoryNode := FileTreeWalker.DirectoryNode&quot;, &quot;dir := FileTreeWalker#visit(java.nio.file.Path, boolean, boolean)#0&quot; }"/>
        </annotation>
    </item>
    <item name='java.nio.file.FileTreeWalker.DirectoryNode java.lang.Object key()'>
        <annotation name='com.intellij.inspections.tainted.annotation.equation.Equations'>
            <val val="{ &quot;key := FileTreeWalker.DirectoryNode&quot; }"/>
        </annotation>
    </item>
    <item name='java.nio.file.FileTreeWalker.DirectoryNode java.nio.file.DirectoryStream&lt;java.nio.file.Path&gt; stream()'>
        <annotation name='com.intellij.inspections.tainted.annotation.equation.Equations'>
            <val val="{ &quot;stream := FileTreeWalker.DirectoryNode&quot; }"/>
        </annotation>
    </item>
    <item name='java.nio.file.FileTreeWalker.DirectoryNode java.nio.file.Path directory()'>
        <annotation name='com.intellij.inspections.tainted.annotation.equation.Equations'>
            <val val="{ &quot;directory := FileTreeWalker.DirectoryNode&quot; }"/>
        </annotation>
    </item>
    <item name='java.nio.file.FileTreeWalker.DirectoryNode java.util.Iterator&lt;java.nio.file.Path&gt; iterator()'>
        <annotation name='com.intellij.inspections.tainted.annotation.equation.Equations'>
            <val val="{ &quot;iterator := FileTreeWalker.DirectoryNode&quot; }"/>
        </annotation>
    </item>
    <item name='java.nio.file.FileTreeWalker.Event Event(java.nio.file.FileTreeWalker.EventType, java.nio.file.Path, java.io.IOException)'>
        <annotation name='com.intellij.inspections.tainted.annotation.equation.Equations'>
            <val val="{ &quot;Event := FileTreeWalker.Event&quot;, &quot;file := FileTreeWalker#visit(java.nio.file.Path, boolean, boolean)#0&quot;, &quot;type := FileTreeWalker.EventType#ENTRY &amp; FileTreeWalker.EventType#END_DIRECTORY&quot; }"/>
        </annotation>
    </item>
    <item name='java.nio.file.FileTreeWalker.Event Event(java.nio.file.FileTreeWalker.EventType, java.nio.file.Path, java.nio.file.attribute.BasicFileAttributes)'>
        <annotation name='com.intellij.inspections.tainted.annotation.equation.Equations'>
            <val val="{ &quot;type := FileTreeWalker.EventType#ENTRY &amp; FileTreeWalker.EventType#START_DIRECTORY&quot;, &quot;Event := FileTreeWalker.Event&quot;, &quot;file := FileTreeWalker#visit(java.nio.file.Path, boolean, boolean)#0&quot; }"/>
        </annotation>
    </item>
    <item name='java.nio.file.FileTreeWalker.Event Event(java.nio.file.FileTreeWalker.EventType, java.nio.file.Path, java.nio.file.attribute.BasicFileAttributes, java.io.IOException)'>
        <annotation name='com.intellij.inspections.tainted.annotation.equation.Equations'>
            <val val="{ &quot;type := #Event(java.nio.file.FileTreeWalker.EventType, java.nio.file.Path, java.nio.file.attribute.BasicFileAttributes)#0 &amp; #Event(java.nio.file.FileTreeWalker.EventType, java.nio.file.Path, java.io.IOException)#0&quot;, &quot;ioe := #Event(java.nio.file.FileTreeWalker.EventType, java.nio.file.Path, java.io.IOException)#2&quot;, &quot;file := #Event(java.nio.file.FileTreeWalker.EventType, java.nio.file.Path, java.nio.file.attribute.BasicFileAttributes)#1 &amp; #Event(java.nio.file.FileTreeWalker.EventType, java.nio.file.Path, java.io.IOException)#1&quot;, &quot;attrs := #Event(java.nio.file.FileTreeWalker.EventType, java.nio.file.Path, java.nio.file.attribute.BasicFileAttributes)#2&quot;, &quot;Event := FileTreeWalker.Event&quot; }"/>
        </annotation>
    </item>
    <item name='java.nio.file.FileTreeWalker.Event java.io.IOException ioeException()'>
        <annotation name='com.intellij.inspections.tainted.annotation.equation.Equations'>
            <val val="{ &quot;ioeException := FileTreeWalker.Event&quot; }"/>
        </annotation>
    </item>
    <item name='java.nio.file.FileTreeWalker.Event java.nio.file.FileTreeWalker.EventType type()'>
        <annotation name='com.intellij.inspections.tainted.annotation.equation.Equations'>
            <val val="{ &quot;type := FileTreeWalker.Event&quot; }"/>
        </annotation>
    </item>
    <item name='java.nio.file.FileTreeWalker.Event java.nio.file.Path file()'>
        <annotation name='com.intellij.inspections.tainted.annotation.equation.Equations'>
            <val val="{ &quot;file := FileTreeWalker.Event&quot; }"/>
        </annotation>
    </item>
    <item name='java.nio.file.FileTreeWalker.Event java.nio.file.attribute.BasicFileAttributes attributes()'>
        <annotation name='com.intellij.inspections.tainted.annotation.equation.Equations'>
            <val val="{ &quot;attributes := FileTreeWalker.Event&quot; }"/>
        </annotation>
    </item>
    <item name='java.nio.file.FileVisitor java.nio.file.FileVisitResult postVisitDirectory(T, java.io.IOException)'>
        <annotation name='com.intellij.inspections.tainted.annotation.equation.Equations'>
            <val val="{ &quot;postVisitDirectory := SimpleFileVisitor#postVisitDirectory(java.lang.Object, java.io.IOException)&quot;, &quot;dir := SimpleFileVisitor#postVisitDirectory(java.lang.Object, java.io.IOException)#0&quot;, &quot;exc := SimpleFileVisitor#postVisitDirectory(java.lang.Object, java.io.IOException)#1&quot; }"/>
        </annotation>
    </item>
    <item name='java.nio.file.FileVisitor java.nio.file.FileVisitResult preVisitDirectory(T, java.nio.file.attribute.BasicFileAttributes)'>
        <annotation name='com.intellij.inspections.tainted.annotation.equation.Equations'>
            <val val="{ &quot;preVisitDirectory := SimpleFileVisitor#preVisitDirectory(java.lang.Object, java.nio.file.attribute.BasicFileAttributes)&quot;, &quot;dir := SimpleFileVisitor#preVisitDirectory(java.lang.Object, java.nio.file.attribute.BasicFileAttributes)#0&quot;, &quot;attrs := SimpleFileVisitor#preVisitDirectory(java.lang.Object, java.nio.file.attribute.BasicFileAttributes)#1&quot; }"/>
        </annotation>
    </item>
    <item name='java.nio.file.FileVisitor java.nio.file.FileVisitResult visitFile(T, java.nio.file.attribute.BasicFileAttributes)'>
        <annotation name='com.intellij.inspections.tainted.annotation.equation.Equations'>
            <val val="{ &quot;attrs := SimpleFileVisitor#visitFile(java.lang.Object, java.nio.file.attribute.BasicFileAttributes)#1&quot;, &quot;visitFile := SimpleFileVisitor#visitFile(java.lang.Object, java.nio.file.attribute.BasicFileAttributes)&quot;, &quot;file := SimpleFileVisitor#visitFile(java.lang.Object, java.nio.file.attribute.BasicFileAttributes)#0&quot; }"/>
        </annotation>
    </item>
    <item name='java.nio.file.FileVisitor java.nio.file.FileVisitResult visitFileFailed(T, java.io.IOException)'>
        <annotation name='com.intellij.inspections.tainted.annotation.equation.Equations'>
            <val val="{ &quot;file := SimpleFileVisitor#visitFileFailed(java.lang.Object, java.io.IOException)#0&quot;, &quot;visitFileFailed := SimpleFileVisitor#visitFileFailed(java.lang.Object, java.io.IOException)&quot;, &quot;exc := SimpleFileVisitor#visitFileFailed(java.lang.Object, java.io.IOException)#1&quot; }"/>
        </annotation>
    </item>
    <item name='java.nio.file.Files A readAttributes(java.nio.file.Path, java.lang.Class&lt;A&gt;, java.nio.file.LinkOption...)'>
        <annotation name='com.intellij.inspections.tainted.annotation.equation.Equations'>
            <val val="{ &quot;options := LinkOption#NOFOLLOW_LINKS &amp; FileTreeWalker&quot;, &quot;path := CopyMoveHelper#copyToForeignTarget(java.nio.file.Path, java.nio.file.Path, java.nio.file.CopyOption...)#0 &amp; FileTreeWalker#getAttributes(java.nio.file.Path, boolean)#0 &amp; #exists(java.nio.file.Path, java.nio.file.LinkOption...)#0 &amp; #notExists(java.nio.file.Path, java.nio.file.LinkOption...)#0&quot; }"/>
        </annotation>
    </item>
    <item name='java.nio.file.Files Files()'>
        <annotation name='com.intellij.inspections.tainted.annotation.equation.Equations'>
            <val val="{ &quot;Files := Files&quot; }"/>
        </annotation>
    </item>
    <item name='java.nio.file.Files V getFileAttributeView(java.nio.file.Path, java.lang.Class&lt;V&gt;, java.nio.file.LinkOption...)'>
        <annotation name='com.intellij.inspections.tainted.annotation.equation.Equations'>
            <val val="{ &quot;options := #getOwner(java.nio.file.Path, java.nio.file.LinkOption...)#1&quot;, &quot;path := CopyMoveHelper#copyToForeignTarget(java.nio.file.Path, java.nio.file.Path, java.nio.file.CopyOption...)#1 &amp; #setPosixFilePermissions(java.nio.file.Path, java.util.Set)#0 &amp; #getOwner(java.nio.file.Path, java.nio.file.LinkOption...)#0 &amp; #setOwner(java.nio.file.Path, java.nio.file.attribute.UserPrincipal)#0&quot; }"/>
        </annotation>
    </item>
    <item name='java.nio.file.Files boolean deleteIfExists(java.nio.file.Path)'>
        <annotation name='com.intellij.inspections.tainted.annotation.equation.Equations'>
            <val val="{ &quot;path := CopyMoveHelper#copyToForeignTarget(java.nio.file.Path, java.nio.file.Path, java.nio.file.CopyOption...)#1 &amp; #copy(java.io.InputStream, java.nio.file.Path, java.nio.file.CopyOption...)#1&quot; }"/>
        </annotation>
    </item>
    <item name='java.nio.file.Files boolean exists(java.nio.file.Path, java.nio.file.LinkOption...)'>
        <annotation name='com.intellij.inspections.tainted.annotation.equation.Equations'>
            <val val="{ &quot;path := CopyMoveHelper#copyToForeignTarget(java.nio.file.Path, java.nio.file.Path, java.nio.file.CopyOption...)#1&quot; }"/>
        </annotation>
    </item>
    <item name='java.nio.file.Files boolean followLinks(java.nio.file.LinkOption...)'>
        <annotation name='com.intellij.inspections.tainted.annotation.equation.Equations'>
            <val val="{ &quot;options := #exists(java.nio.file.Path, java.nio.file.LinkOption...)#1 &amp; #notExists(java.nio.file.Path, java.nio.file.LinkOption...)#1&quot; }"/>
        </annotation>
    </item>
    <item name='java.nio.file.Files boolean isAccessible(java.nio.file.Path, java.nio.file.AccessMode...)'>
        <annotation name='com.intellij.inspections.tainted.annotation.equation.Equations'>
            <val val="{ &quot;modes := AccessMode#READ &amp; AccessMode#WRITE &amp; AccessMode#EXECUTE&quot;, &quot;path := #isReadable(java.nio.file.Path)#0 &amp; #isWritable(java.nio.file.Path)#0 &amp; #isExecutable(java.nio.file.Path)#0&quot; }"/>
        </annotation>
    </item>
    <item name='java.nio.file.Files boolean isRegularFile(java.nio.file.Path, java.nio.file.LinkOption...)'>
        <annotation name='com.intellij.inspections.tainted.annotation.equation.Equations'>
            <val val="{ &quot;options := LinkOption#NOFOLLOW_LINKS&quot;, &quot;path := &quot; }"/>
        </annotation>
    </item>
    <item name='java.nio.file.Files boolean isSameFile(java.nio.file.Path, java.nio.file.Path)'>
        <annotation name='com.intellij.inspections.tainted.annotation.equation.Equations'>
            <val val="{ &quot;path := FileTreeWalker#wouldLoop(java.nio.file.Path, java.lang.Object)#0&quot; }"/>
        </annotation>
    </item>
    <item name='java.nio.file.Files boolean isSymbolicLink(java.nio.file.Path)'>
        <annotation name='com.intellij.inspections.tainted.annotation.equation.Equations'>
            <val val="{ &quot;path := sun.security.krb5.internal.rcache.DflCache.Storage#loadAndCheck(java.nio.file.Path, sun.security.krb5.internal.rcache.AuthTimeWithHash, sun.security.krb5.internal.KerberosTime)#0 &amp; sun.security.krb5.internal.rcache.DflCache.Storage#loadAndCheck(java.nio.file.Path, sun.security.krb5.internal.rcache.AuthTimeWithHash, sun.security.krb5.internal.KerberosTime)#0&quot; }"/>
        </annotation>
    </item>
    <item name='java.nio.file.Files java.io.BufferedReader newBufferedReader(java.nio.file.Path, java.nio.charset.Charset)'>
        <annotation name='com.intellij.inspections.tainted.annotation.equation.Equations'>
            <val val="{ &quot;cs := java.nio.charset.StandardCharsets#UTF_8 &amp; #readAllLines(java.nio.file.Path, java.nio.charset.Charset)#1 &amp; #lines(java.nio.file.Path, java.nio.charset.Charset)#1&quot;, &quot;path := #newBufferedReader(java.nio.file.Path)#0 &amp; #readAllLines(java.nio.file.Path, java.nio.charset.Charset)#0 &amp; #lines(java.nio.file.Path, java.nio.charset.Charset)#0&quot; }"/>
        </annotation>
    </item>
    <item name='java.nio.file.Files java.io.BufferedWriter newBufferedWriter(java.nio.file.Path, java.nio.charset.Charset, java.nio.file.OpenOption...)'>
        <annotation name='com.intellij.inspections.tainted.annotation.equation.Equations'>
            <val val="{ &quot;path := #newBufferedWriter(java.nio.file.Path, java.nio.file.OpenOption...)#0&quot;, &quot;cs := java.nio.charset.StandardCharsets#UTF_8&quot;, &quot;options := #newBufferedWriter(java.nio.file.Path, java.nio.file.OpenOption...)#1&quot; }"/>
        </annotation>
    </item>
    <item name='java.nio.file.Files java.io.InputStream newInputStream(java.nio.file.Path, java.nio.file.OpenOption...)'>
        <annotation name='com.intellij.inspections.tainted.annotation.equation.Equations'>
            <val val="{ &quot;path := CopyMoveHelper#copyToForeignTarget(java.nio.file.Path, java.nio.file.Path, java.nio.file.CopyOption...)#0 &amp; #newBufferedReader(java.nio.file.Path, java.nio.charset.Charset)#0 &amp; #copy(java.nio.file.Path, java.io.OutputStream)#0 &amp; java.util.Scanner#Scanner(java.nio.file.Path)#0 &amp; java.util.Scanner#Scanner(java.nio.file.Path, java.nio.charset.Charset)#0&quot; }"/>
        </annotation>
    </item>
    <item name='java.nio.file.Files java.io.OutputStream newOutputStream(java.nio.file.Path, java.nio.file.OpenOption...)'>
        <annotation name='com.intellij.inspections.tainted.annotation.equation.Equations'>
            <val val="{ &quot;path := #newBufferedWriter(java.nio.file.Path, java.nio.charset.Charset, java.nio.file.OpenOption...)#0 &amp; #copy(java.io.InputStream, java.nio.file.Path, java.nio.file.CopyOption...)#1 &amp; #write(java.nio.file.Path, byte[], java.nio.file.OpenOption...)#0 &amp; #write(java.nio.file.Path, java.lang.Iterable, java.nio.charset.Charset, java.nio.file.OpenOption...)#0&quot;, &quot;options := #newBufferedWriter(java.nio.file.Path, java.nio.charset.Charset, java.nio.file.OpenOption...)#2 &amp; StandardOpenOption#CREATE_NEW &amp; StandardOpenOption#WRITE &amp; #write(java.nio.file.Path, byte[], java.nio.file.OpenOption...)#2 &amp; #write(java.nio.file.Path, java.lang.Iterable, java.nio.charset.Charset, java.nio.file.OpenOption...)#3&quot; }"/>
        </annotation>
    </item>
    <item name='java.nio.file.Files java.lang.Object getAttribute(java.nio.file.Path, java.lang.String, java.nio.file.LinkOption...)'>
        <annotation name='com.intellij.inspections.tainted.annotation.equation.Equations'>
            <val val="{ &quot;path := sun.security.krb5.internal.rcache.DflCache.Storage#loadAndCheck(java.nio.file.Path, sun.security.krb5.internal.rcache.AuthTimeWithHash, sun.security.krb5.internal.KerberosTime)#0 &amp; sun.security.krb5.internal.rcache.DflCache.Storage#loadAndCheck(java.nio.file.Path, sun.security.krb5.internal.rcache.AuthTimeWithHash, sun.security.krb5.internal.KerberosTime)#0&quot; }"/>
        </annotation>
    </item>
    <item name='java.nio.file.Files java.nio.channels.SeekableByteChannel newByteChannel(java.nio.file.Path, java.nio.file.OpenOption...)'>
        <annotation name='com.intellij.inspections.tainted.annotation.equation.Equations'>
            <val val="{ &quot;path := java.nio.file.spi.FileSystemProvider#newInputStream(java.nio.file.Path, java.nio.file.OpenOption...)#0 &amp; #readAllBytes(java.nio.file.Path)#0 &amp; sun.security.krb5.internal.rcache.DflCache.Storage#createNoClose(java.nio.file.Path)#0 &amp; sun.security.krb5.internal.rcache.DflCache.Storage#loadAndCheck(java.nio.file.Path, sun.security.krb5.internal.rcache.AuthTimeWithHash, sun.security.krb5.internal.KerberosTime)#0 &amp; sun.security.krb5.internal.rcache.DflCache.Storage#expunge(java.nio.file.Path, sun.security.krb5.internal.KerberosTime)#0 &amp; sun.security.krb5.internal.rcache.DflCache.Storage#loadAndCheck(java.nio.file.Path, sun.security.krb5.internal.rcache.AuthTimeWithHash, sun.security.krb5.internal.KerberosTime)#0 &amp; sun.security.krb5.internal.rcache.DflCache.Storage#createNoClose(java.nio.file.Path)#0 &amp; sun.security.krb5.internal.rcache.DflCache.Storage#expunge(java.nio.file.Path, sun.security.krb5.internal.KerberosTime)#0&quot;, &quot;options := java.nio.file.spi.FileSystemProvider#newInputStream(java.nio.file.Path, java.nio.file.OpenOption...)#1 &amp; StandardOpenOption#CREATE &amp; StandardOpenOption#TRUNCATE_EXISTING &amp; StandardOpenOption#WRITE &amp; StandardOpenOption#READ&quot; }"/>
        </annotation>
    </item>
    <item name='java.nio.file.Files java.nio.channels.SeekableByteChannel newByteChannel(java.nio.file.Path, java.util.Set&lt;? extends java.nio.file.OpenOption&gt;, java.nio.file.attribute.FileAttribute&lt;?&gt;...)'>
        <annotation name='com.intellij.inspections.tainted.annotation.equation.Equations'>
            <val val="{ &quot;path := #newByteChannel(java.nio.file.Path, java.nio.file.OpenOption...)#0&quot; }"/>
        </annotation>
    </item>
    <item name='java.nio.file.Files java.nio.file.DirectoryStream&lt;java.nio.file.Path&gt; newDirectoryStream(java.nio.file.Path)'>
        <annotation name='com.intellij.inspections.tainted.annotation.equation.Equations'>
            <val val="{ &quot;dir := #newDirectoryStream(java.nio.file.Path, java.lang.String)#0 &amp; FileTreeWalker#visit(java.nio.file.Path, boolean, boolean)#0 &amp; #list(java.nio.file.Path)#0&quot; }"/>
        </annotation>
    </item>
    <item name='java.nio.file.Files java.nio.file.Path copy(java.nio.file.Path, java.nio.file.Path, java.nio.file.CopyOption...)'>
        <annotation name='com.intellij.inspections.tainted.annotation.equation.Equations'>
            <val val="{ &quot;copy := target&quot; }"/>
        </annotation>
    </item>
    <item name='java.nio.file.Files java.nio.file.Path createDirectories(java.nio.file.Path, java.nio.file.attribute.FileAttribute&lt;?&gt;...)'>
        <annotation name='com.intellij.inspections.tainted.annotation.equation.Equations'>
            <val val="{ &quot;createDirectories := dir&quot;, &quot;dir := &quot; }"/>
        </annotation>
    </item>
    <item name='java.nio.file.Files java.nio.file.Path createDirectory(java.nio.file.Path, java.nio.file.attribute.FileAttribute&lt;?&gt;...)'>
        <annotation name='com.intellij.inspections.tainted.annotation.equation.Equations'>
            <val val="{ &quot;attrs := #createAndCheckIsDirectory(java.nio.file.Path, java.nio.file.attribute.FileAttribute[])#1 &amp; TempFileHelper#create(java.nio.file.Path, java.lang.String, java.lang.String, boolean, java.nio.file.attribute.FileAttribute[])#4 &amp; TempFileHelper.PosixPermissions#dirPermissions &amp; TempFileHelper.PosixPermissions#filePermissions&quot;, &quot;dir := #createAndCheckIsDirectory(java.nio.file.Path, java.nio.file.attribute.FileAttribute[])#0 &amp; CopyMoveHelper#copyToForeignTarget(java.nio.file.Path, java.nio.file.Path, java.nio.file.CopyOption...)#1&quot;, &quot;createDirectory := dir&quot; }"/>
        </annotation>
    </item>
    <item name='java.nio.file.Files java.nio.file.Path createFile(java.nio.file.Path, java.nio.file.attribute.FileAttribute&lt;?&gt;...)'>
        <annotation name='com.intellij.inspections.tainted.annotation.equation.Equations'>
            <val val="{ &quot;createFile := path&quot;, &quot;attrs := TempFileHelper#create(java.nio.file.Path, java.lang.String, java.lang.String, boolean, java.nio.file.attribute.FileAttribute[])#4 &amp; TempFileHelper.PosixPermissions#dirPermissions &amp; TempFileHelper.PosixPermissions#filePermissions&quot; }"/>
        </annotation>
    </item>
    <item name='java.nio.file.Files java.nio.file.Path createLink(java.nio.file.Path, java.nio.file.Path)'>
        <annotation name='com.intellij.inspections.tainted.annotation.equation.Equations'>
            <val val="{ &quot;createLink := link&quot; }"/>
        </annotation>
    </item>
    <item name='java.nio.file.Files java.nio.file.Path createSymbolicLink(java.nio.file.Path, java.nio.file.Path, java.nio.file.attribute.FileAttribute&lt;?&gt;...)'>
        <annotation name='com.intellij.inspections.tainted.annotation.equation.Equations'>
            <val val="{ &quot;createSymbolicLink := link&quot; }"/>
        </annotation>
    </item>
    <item name='java.nio.file.Files java.nio.file.Path createTempFile(java.nio.file.Path, java.lang.String, java.lang.String, java.nio.file.attribute.FileAttribute&lt;?&gt;...)'>
        <annotation name='com.intellij.inspections.tainted.annotation.equation.Equations'>
            <val val="{ &quot;dir := &quot; }"/>
        </annotation>
    </item>
    <item name='java.nio.file.Files java.nio.file.Path move(java.nio.file.Path, java.nio.file.Path, java.nio.file.CopyOption...)'>
        <annotation name='com.intellij.inspections.tainted.annotation.equation.Equations'>
            <val val="{ &quot;target := sun.security.krb5.internal.rcache.DflCache.Storage#expunge(java.nio.file.Path, sun.security.krb5.internal.KerberosTime)#0 &amp; sun.security.krb5.internal.rcache.DflCache.Storage#expunge(java.nio.file.Path, sun.security.krb5.internal.KerberosTime)#0&quot;, &quot;move := target&quot;, &quot;options := StandardCopyOption#REPLACE_EXISTING &amp; StandardCopyOption#ATOMIC_MOVE&quot;, &quot;source := &quot; }"/>
        </annotation>
    </item>
    <item name='java.nio.file.Files java.nio.file.Path setAttribute(java.nio.file.Path, java.lang.String, java.lang.Object, java.nio.file.LinkOption...)'>
        <annotation name='com.intellij.inspections.tainted.annotation.equation.Equations'>
            <val val="{ &quot;setAttribute := path&quot; }"/>
        </annotation>
    </item>
    <item name='java.nio.file.Files java.nio.file.Path setLastModifiedTime(java.nio.file.Path, java.nio.file.attribute.FileTime)'>
        <annotation name='com.intellij.inspections.tainted.annotation.equation.Equations'>
            <val val="{ &quot;setLastModifiedTime := path&quot; }"/>
        </annotation>
    </item>
    <item name='java.nio.file.Files java.nio.file.Path setOwner(java.nio.file.Path, java.nio.file.attribute.UserPrincipal)'>
        <annotation name='com.intellij.inspections.tainted.annotation.equation.Equations'>
            <val val="{ &quot;setOwner := path&quot; }"/>
        </annotation>
    </item>
    <item name='java.nio.file.Files java.nio.file.Path setPosixFilePermissions(java.nio.file.Path, java.util.Set&lt;java.nio.file.attribute.PosixFilePermission&gt;)'>
        <annotation name='com.intellij.inspections.tainted.annotation.equation.Equations'>
            <val val="{ &quot;perms := &quot;, &quot;setPosixFilePermissions := path&quot;, &quot;path := sun.security.krb5.internal.rcache.DflCache.Storage#makeMine(java.nio.file.Path)#0 &amp; sun.security.krb5.internal.rcache.DflCache.Storage#makeMine(java.nio.file.Path)#0&quot; }"/>
        </annotation>
    </item>
    <item name='java.nio.file.Files java.nio.file.Path walkFileTree(java.nio.file.Path, java.util.Set&lt;java.nio.file.FileVisitOption&gt;, int, java.nio.file.FileVisitor&lt;? super java.nio.file.Path&gt;)'>
        <annotation name='com.intellij.inspections.tainted.annotation.equation.Equations'>
            <val val="{ &quot;visitor := #walkFileTree(java.nio.file.Path, java.nio.file.FileVisitor)#1&quot;, &quot;maxDepth := java.lang.Integer#MAX_VALUE&quot;, &quot;start := #walkFileTree(java.nio.file.Path, java.nio.file.FileVisitor)#0&quot;, &quot;walkFileTree := start&quot; }"/>
        </annotation>
    </item>
    <item name='java.nio.file.Files java.nio.file.Path write(java.nio.file.Path, byte[], java.nio.file.OpenOption...)'>
        <annotation name='com.intellij.inspections.tainted.annotation.equation.Equations'>
            <val val="{ &quot;write := path&quot;, &quot;path := &quot;, &quot;bytes := java.lang.invoke.ProxyClassesDumper#dumpClass(java.lang.String, byte[])#1&quot; }"/>
        </annotation>
    </item>
    <item name='java.nio.file.Files java.nio.file.Path write(java.nio.file.Path, java.lang.Iterable&lt;? extends java.lang.CharSequence&gt;, java.nio.charset.Charset, java.nio.file.OpenOption...)'>
        <annotation name='com.intellij.inspections.tainted.annotation.equation.Equations'>
            <val val="{ &quot;cs := java.nio.charset.StandardCharsets#UTF_8&quot;, &quot;path := #write(java.nio.file.Path, java.lang.Iterable, java.nio.file.OpenOption...)#0&quot;, &quot;lines := #write(java.nio.file.Path, java.lang.Iterable, java.nio.file.OpenOption...)#1&quot;, &quot;write := path&quot;, &quot;options := #write(java.nio.file.Path, java.lang.Iterable, java.nio.file.OpenOption...)#2&quot; }"/>
        </annotation>
    </item>
    <item name='java.nio.file.Files java.nio.file.spi.FileSystemProvider provider(java.nio.file.Path)'>
        <annotation name='com.intellij.inspections.tainted.annotation.equation.Equations'>
            <val val="{ &quot;path := #copy(java.nio.file.Path, java.nio.file.Path, java.nio.file.CopyOption...)#0 &amp; #copy(java.nio.file.Path, java.nio.file.Path, java.nio.file.CopyOption...)#1 &amp; #move(java.nio.file.Path, java.nio.file.Path, java.nio.file.CopyOption...)#0 &amp; #move(java.nio.file.Path, java.nio.file.Path, java.nio.file.CopyOption...)#1&quot; }"/>
        </annotation>
    </item>
    <item name='java.nio.file.Files java.util.List&lt;java.lang.String&gt; readAllLines(java.nio.file.Path, java.nio.charset.Charset)'>
        <annotation name='com.intellij.inspections.tainted.annotation.equation.Equations'>
            <val val="{ &quot;path := #readAllLines(java.nio.file.Path)#0&quot;, &quot;cs := java.nio.charset.StandardCharsets#UTF_8&quot; }"/>
        </annotation>
    </item>
    <item name='java.nio.file.Files java.util.Map&lt;java.lang.String,java.lang.Object&gt; readAttributes(java.nio.file.Path, java.lang.String, java.nio.file.LinkOption...)'>
        <annotation name='com.intellij.inspections.tainted.annotation.equation.Equations'>
            <val val="{ &quot;attributes := #getAttribute(java.nio.file.Path, java.lang.String, java.nio.file.LinkOption...)#1&quot;, &quot;path := #getAttribute(java.nio.file.Path, java.lang.String, java.nio.file.LinkOption...)#0&quot;, &quot;options := #getAttribute(java.nio.file.Path, java.lang.String, java.nio.file.LinkOption...)#2&quot; }"/>
        </annotation>
    </item>
    <item name='java.nio.file.Files java.util.Set&lt;java.nio.file.attribute.PosixFilePermission&gt; getPosixFilePermissions(java.nio.file.Path, java.nio.file.LinkOption...)'>
        <annotation name='com.intellij.inspections.tainted.annotation.equation.Equations'>
            <val val="{ &quot;path := sun.security.krb5.internal.rcache.DflCache.Storage#loadAndCheck(java.nio.file.Path, sun.security.krb5.internal.rcache.AuthTimeWithHash, sun.security.krb5.internal.KerberosTime)#0 &amp; sun.security.krb5.internal.rcache.DflCache.Storage#loadAndCheck(java.nio.file.Path, sun.security.krb5.internal.rcache.AuthTimeWithHash, sun.security.krb5.internal.KerberosTime)#0&quot; }"/>
        </annotation>
    </item>
    <item name='java.nio.file.Files java.util.stream.Stream&lt;java.lang.String&gt; lines(java.nio.file.Path, java.nio.charset.Charset)'>
        <annotation name='com.intellij.inspections.tainted.annotation.equation.Equations'>
            <val val="{ &quot;cs := java.nio.charset.StandardCharsets#UTF_8&quot;, &quot;path := #lines(java.nio.file.Path)#0&quot; }"/>
        </annotation>
    </item>
    <item name='java.nio.file.Files java.util.stream.Stream&lt;java.nio.file.Path&gt; walk(java.nio.file.Path, int, java.nio.file.FileVisitOption...)'>
        <annotation name='com.intellij.inspections.tainted.annotation.equation.Equations'>
            <val val="{ &quot;maxDepth := java.lang.Integer#MAX_VALUE&quot;, &quot;start := #walk(java.nio.file.Path, java.nio.file.FileVisitOption...)#0&quot;, &quot;options := #walk(java.nio.file.Path, java.nio.file.FileVisitOption...)#1&quot; }"/>
        </annotation>
    </item>
    <item name='java.nio.file.Files long copy(java.io.InputStream, java.io.OutputStream)'>
        <annotation name='com.intellij.inspections.tainted.annotation.equation.Equations'>
            <val val="{ &quot;sink := #copy(java.nio.file.Path, java.io.OutputStream)#1&quot;, &quot;source := #copy(java.io.InputStream, java.nio.file.Path, java.nio.file.CopyOption...)#0&quot; }"/>
        </annotation>
    </item>
    <item name='java.nio.file.Files long copy(java.io.InputStream, java.nio.file.Path, java.nio.file.CopyOption...)'>
        <annotation name='com.intellij.inspections.tainted.annotation.equation.Equations'>
            <val val="{ &quot;target := CopyMoveHelper#copyToForeignTarget(java.nio.file.Path, java.nio.file.Path, java.nio.file.CopyOption...)#1&quot; }"/>
        </annotation>
    </item>
    <item name='java.nio.file.Files void createAndCheckIsDirectory(java.nio.file.Path, java.nio.file.attribute.FileAttribute&lt;?&gt;...)'>
        <annotation name='com.intellij.inspections.tainted.annotation.equation.Equations'>
            <val val="{ &quot;dir := #createDirectories(java.nio.file.Path, java.nio.file.attribute.FileAttribute[])#0&quot;, &quot;attrs := #createDirectories(java.nio.file.Path, java.nio.file.attribute.FileAttribute[])#1&quot; }"/>
        </annotation>
    </item>
    <item name='java.nio.file.Files void delete(java.nio.file.Path)'>
        <annotation name='com.intellij.inspections.tainted.annotation.equation.Equations'>
            <val val="{ &quot;path := CopyMoveHelper#copyToForeignTarget(java.nio.file.Path, java.nio.file.Path, java.nio.file.CopyOption...)#1 &amp; CopyMoveHelper#moveToForeignTarget(java.nio.file.Path, java.nio.file.Path, java.nio.file.CopyOption...)#0&quot; }"/>
        </annotation>
    </item>
    <item name='java.nio.file.Files.AcceptAllFilter AcceptAllFilter()'>
        <annotation name='com.intellij.inspections.tainted.annotation.equation.Equations'>
            <val val="{ &quot;AcceptAllFilter := Files.AcceptAllFilter&quot; }"/>
        </annotation>
    </item>
    <item name='java.nio.file.InvalidPathException InvalidPathException(java.lang.String, java.lang.String)'>
        <annotation name='com.intellij.inspections.tainted.annotation.equation.Equations'>
            <val val="{ &quot;InvalidPathException := InvalidPathException&quot; }"/>
        </annotation>
    </item>
    <item name='java.nio.file.InvalidPathException InvalidPathException(java.lang.String, java.lang.String, int)'>
        <annotation name='com.intellij.inspections.tainted.annotation.equation.Equations'>
            <val val="{ &quot;input := #InvalidPathException(java.lang.String, java.lang.String)#0&quot;, &quot;InvalidPathException := InvalidPathException&quot;, &quot;reason := #InvalidPathException(java.lang.String, java.lang.String)#1&quot; }"/>
        </annotation>
    </item>
    <item name='java.nio.file.InvalidPathException int getIndex()'>
        <annotation name='com.intellij.inspections.tainted.annotation.equation.Equations'>
            <val val="{ &quot;getIndex := InvalidPathException&quot; }"/>
        </annotation>
    </item>
    <item name='java.nio.file.InvalidPathException java.lang.String getInput()'>
        <annotation name='com.intellij.inspections.tainted.annotation.equation.Equations'>
            <val val="{ &quot;getInput := InvalidPathException&quot; }"/>
        </annotation>
    </item>
    <item name='java.nio.file.LinkPermission LinkPermission(java.lang.String)'>
        <annotation name='com.intellij.inspections.tainted.annotation.equation.Equations'>
            <val val="{ &quot;LinkPermission := LinkPermission&quot; }"/>
        </annotation>
    </item>
    <item name='java.nio.file.LinkPermission LinkPermission(java.lang.String, java.lang.String)'>
        <annotation name='com.intellij.inspections.tainted.annotation.equation.Equations'>
            <val val="{ &quot;LinkPermission := LinkPermission&quot; }"/>
        </annotation>
    </item>
    <item name='java.nio.file.NoSuchFileException NoSuchFileException(java.lang.String)'>
        <annotation name='com.intellij.inspections.tainted.annotation.equation.Equations'>
            <val val="{ &quot;NoSuchFileException := NoSuchFileException&quot; }"/>
        </annotation>
    </item>
    <item name='java.nio.file.NoSuchFileException NoSuchFileException(java.lang.String, java.lang.String, java.lang.String)'>
        <annotation name='com.intellij.inspections.tainted.annotation.equation.Equations'>
            <val val="{ &quot;NoSuchFileException := NoSuchFileException&quot; }"/>
        </annotation>
    </item>
    <item name='java.nio.file.NotDirectoryException NotDirectoryException(java.lang.String)'>
        <annotation name='com.intellij.inspections.tainted.annotation.equation.Equations'>
            <val val="{ &quot;NotDirectoryException := NotDirectoryException&quot; }"/>
        </annotation>
    </item>
    <item name='java.nio.file.NotLinkException NotLinkException(java.lang.String)'>
        <annotation name='com.intellij.inspections.tainted.annotation.equation.Equations'>
            <val val="{ &quot;NotLinkException := NotLinkException&quot; }"/>
        </annotation>
    </item>
    <item name='java.nio.file.NotLinkException NotLinkException(java.lang.String, java.lang.String, java.lang.String)'>
        <annotation name='com.intellij.inspections.tainted.annotation.equation.Equations'>
            <val val="{ &quot;NotLinkException := NotLinkException&quot; }"/>
        </annotation>
    </item>
    <item name='java.nio.file.Path int compareTo(java.nio.file.Path)'>
        <annotation name='com.intellij.inspections.tainted.annotation.equation.Equations'>
            <val val="{ &quot;other := &quot; }"/>
        </annotation>
    </item>
    <item name='java.nio.file.Path java.nio.file.Path resolve(java.lang.String)'>
        <annotation name='com.intellij.inspections.tainted.annotation.equation.Equations'>
            <val val="{ &quot;other := &quot; }"/>
        </annotation>
    </item>
    <item name='java.nio.file.Paths java.nio.file.Path get(java.lang.String, java.lang.String...)'>
        <annotation name='com.intellij.inspections.tainted.annotation.equation.Equations'>
            <val val="{ &quot;more := &quot;, &quot;first := java.util.logging.FileHandler &amp; java.lang.invoke.ProxyClassesDumper#getInstance(java.lang.String)#0 &amp; sun.misc.ProxyGenerator#generateProxyClass(java.lang.String, java.lang.Class[], int)#0 &amp; sun.misc.ProxyGenerator#generateProxyClass(java.lang.String, java.lang.Class[], int)#0&quot; }"/>
        </annotation>
    </item>
    <item name='java.nio.file.ProviderMismatchException ProviderMismatchException(java.lang.String)'>
        <annotation name='com.intellij.inspections.tainted.annotation.equation.Equations'>
            <val val="{ &quot;ProviderMismatchException := ProviderMismatchException&quot; }"/>
        </annotation>
    </item>
    <item name='java.nio.file.ProviderNotFoundException ProviderNotFoundException(java.lang.String)'>
        <annotation name='com.intellij.inspections.tainted.annotation.equation.Equations'>
            <val val="{ &quot;ProviderNotFoundException := ProviderNotFoundException&quot; }"/>
        </annotation>
    </item>
    <item name='java.nio.file.SimpleFileVisitor java.nio.file.FileVisitResult postVisitDirectory(T, java.io.IOException)'>
        <annotation name='com.intellij.inspections.tainted.annotation.equation.Equations'>
            <val val="{ &quot;postVisitDirectory := FileVisitResult#CONTINUE&quot; }"/>
        </annotation>
    </item>
    <item name='java.nio.file.SimpleFileVisitor java.nio.file.FileVisitResult preVisitDirectory(T, java.nio.file.attribute.BasicFileAttributes)'>
        <annotation name='com.intellij.inspections.tainted.annotation.equation.Equations'>
            <val val="{ &quot;preVisitDirectory := FileVisitResult#CONTINUE&quot; }"/>
        </annotation>
    </item>
    <item name='java.nio.file.SimpleFileVisitor java.nio.file.FileVisitResult visitFile(T, java.nio.file.attribute.BasicFileAttributes)'>
        <annotation name='com.intellij.inspections.tainted.annotation.equation.Equations'>
            <val val="{ &quot;visitFile := FileVisitResult#CONTINUE&quot; }"/>
        </annotation>
    </item>
    <item name='java.nio.file.StandardWatchEventKinds.StdWatchEventKind StdWatchEventKind(java.lang.String, java.lang.Class&lt;T&gt;)'>
        <annotation name='com.intellij.inspections.tainted.annotation.equation.Equations'>
            <val val="{ &quot;StdWatchEventKind := StandardWatchEventKinds.StdWatchEventKind&quot; }"/>
        </annotation>
    </item>
    <item name='java.nio.file.StandardWatchEventKinds.StdWatchEventKind java.lang.Class&lt;T&gt; type()'>
        <annotation name='com.intellij.inspections.tainted.annotation.equation.Equations'>
            <val val="{ &quot;type := StandardWatchEventKinds.StdWatchEventKind&quot; }"/>
        </annotation>
    </item>
    <item name='java.nio.file.StandardWatchEventKinds.StdWatchEventKind java.lang.String name()'>
        <annotation name='com.intellij.inspections.tainted.annotation.equation.Equations'>
            <val val="{ &quot;name := StandardWatchEventKinds.StdWatchEventKind&quot; }"/>
        </annotation>
    </item>
    <item name='java.nio.file.StandardWatchEventKinds.StdWatchEventKind java.lang.String toString()'>
        <annotation name='com.intellij.inspections.tainted.annotation.equation.Equations'>
            <val val="{ &quot;toString := StandardWatchEventKinds.StdWatchEventKind&quot; }"/>
        </annotation>
    </item>
    <item name='java.nio.file.TempFileHelper java.nio.file.Path create(java.nio.file.Path, java.lang.String, java.lang.String, boolean, java.nio.file.attribute.FileAttribute&lt;?&gt;[])'>
        <annotation name='com.intellij.inspections.tainted.annotation.equation.Equations'>
            <val val="{ &quot;attrs := #createTempFile(java.nio.file.Path, java.lang.String, java.lang.String, java.nio.file.attribute.FileAttribute[])#3 &amp; #createTempDirectory(java.nio.file.Path, java.lang.String, java.nio.file.attribute.FileAttribute[])#2&quot;, &quot;prefix := #createTempFile(java.nio.file.Path, java.lang.String, java.lang.String, java.nio.file.attribute.FileAttribute[])#1 &amp; #createTempDirectory(java.nio.file.Path, java.lang.String, java.nio.file.attribute.FileAttribute[])#1&quot;, &quot;suffix := #createTempFile(java.nio.file.Path, java.lang.String, java.lang.String, java.nio.file.attribute.FileAttribute[])#2&quot;, &quot;dir := #createTempFile(java.nio.file.Path, java.lang.String, java.lang.String, java.nio.file.attribute.FileAttribute[])#0 &amp; #createTempDirectory(java.nio.file.Path, java.lang.String, java.nio.file.attribute.FileAttribute[])#0&quot; }"/>
        </annotation>
    </item>
    <item name='java.nio.file.TempFileHelper java.nio.file.Path createTempDirectory(java.nio.file.Path, java.lang.String, java.nio.file.attribute.FileAttribute&lt;?&gt;[])'>
        <annotation name='com.intellij.inspections.tainted.annotation.equation.Equations'>
            <val val="{ &quot;prefix := Files#createTempDirectory(java.nio.file.Path, java.lang.String, java.nio.file.attribute.FileAttribute[])#1 &amp; Files#createTempDirectory(java.lang.String, java.nio.file.attribute.FileAttribute[])#0&quot;, &quot;attrs := Files#createTempDirectory(java.nio.file.Path, java.lang.String, java.nio.file.attribute.FileAttribute[])#2 &amp; Files#createTempDirectory(java.lang.String, java.nio.file.attribute.FileAttribute[])#1&quot; }"/>
        </annotation>
    </item>
    <item name='java.nio.file.TempFileHelper java.nio.file.Path createTempFile(java.nio.file.Path, java.lang.String, java.lang.String, java.nio.file.attribute.FileAttribute&lt;?&gt;[])'>
        <annotation name='com.intellij.inspections.tainted.annotation.equation.Equations'>
            <val val="{ &quot;suffix := Files#createTempFile(java.nio.file.Path, java.lang.String, java.lang.String, java.nio.file.attribute.FileAttribute[])#2 &amp; Files#createTempFile(java.lang.String, java.lang.String, java.nio.file.attribute.FileAttribute[])#1&quot;, &quot;prefix := Files#createTempFile(java.nio.file.Path, java.lang.String, java.lang.String, java.nio.file.attribute.FileAttribute[])#1 &amp; Files#createTempFile(java.lang.String, java.lang.String, java.nio.file.attribute.FileAttribute[])#0&quot;, &quot;attrs := Files#createTempFile(java.nio.file.Path, java.lang.String, java.lang.String, java.nio.file.attribute.FileAttribute[])#3 &amp; Files#createTempFile(java.lang.String, java.lang.String, java.nio.file.attribute.FileAttribute[])#2&quot; }"/>
        </annotation>
    </item>
    <item name='java.nio.file.WatchEvent.Kind java.lang.Class&lt;T&gt; type()'>
        <annotation name='com.intellij.inspections.tainted.annotation.equation.Equations'>
            <val val="{ &quot;type := StandardWatchEventKinds.StdWatchEventKind#type()&quot; }"/>
        </annotation>
    </item>
    <item name='java.nio.file.WatchEvent.Kind java.lang.String name()'>
        <annotation name='com.intellij.inspections.tainted.annotation.equation.Equations'>
            <val val="{ &quot;name := StandardWatchEventKinds.StdWatchEventKind#name()&quot; }"/>
        </annotation>
    </item>
</root>