<root>
    <item name='javax.net.ssl.SSLSocketFactory java.lang.String[] getDefaultCipherSuites()'>
        <annotation name='com.intellij.inspections.tainted.annotation.equation.Equations'>
            <val val="{ &quot;getDefaultCipherSuites := DefaultSSLSocketFactory#getDefaultCipherSuites()&quot; }"/>
        </annotation>
    </item>
    <item name='javax.net.ssl.SSLSocketFactory java.lang.String[] getSupportedCipherSuites()'>
        <annotation name='com.intellij.inspections.tainted.annotation.equation.Equations'>
            <val val="{ &quot;getSupportedCipherSuites := DefaultSSLSocketFactory#getSupportedCipherSuites()&quot; }"/>
        </annotation>
    </item>
    <item name='javax.net.ssl.SSLSocketFactory java.net.Socket createSocket(java.net.Socket, java.lang.String, int, boolean)'>
        <annotation name='com.intellij.inspections.tainted.annotation.equation.Equations'>
            <val val="{ &quot;createSocket := DefaultSSLSocketFactory#createSocket(java.net.Socket, java.lang.String, int, boolean)&quot; }"/>
        </annotation>
    </item>
</root>