<root>
    <item name='javax.servlet.jsp.jstl.fmt.LocaleSupport java.lang.String getLocalizedMessage(javax.servlet.jsp.PageContext, java.lang.String)'>
        <annotation name='com.intellij.inspections.tainted.annotation.equation.Equations'>
            <val val="{ &quot;getLocalizedMessage := &quot; }"/>
        </annotation>
    </item>
    <item name='javax.servlet.jsp.jstl.fmt.LocaleSupport java.lang.String getLocalizedMessage(javax.servlet.jsp.PageContext, java.lang.String, java.lang.Object[])'>
        <annotation name='com.intellij.inspections.tainted.annotation.equation.Equations'>
            <val val="{ &quot;getLocalizedMessage := &quot; }"/>
        </annotation>
    </item>
    <item name='javax.servlet.jsp.jstl.fmt.LocaleSupport java.lang.String getLocalizedMessage(javax.servlet.jsp.PageContext, java.lang.String, java.lang.Object[], java.lang.String)'>
        <annotation name='com.intellij.inspections.tainted.annotation.equation.Equations'>
            <val val="{ &quot;basename := #getLocalizedMessage(javax.servlet.jsp.PageContext, java.lang.String, java.lang.String)#2&quot;, &quot;pageContext := #getLocalizedMessage(javax.servlet.jsp.PageContext, java.lang.String)#0 &amp; #getLocalizedMessage(javax.servlet.jsp.PageContext, java.lang.String, java.lang.String)#0 &amp; #getLocalizedMessage(javax.servlet.jsp.PageContext, java.lang.String, java.lang.Object[])#0&quot;, &quot;key := #getLocalizedMessage(javax.servlet.jsp.PageContext, java.lang.String)#1 &amp; #getLocalizedMessage(javax.servlet.jsp.PageContext, java.lang.String, java.lang.String)#1 &amp; #getLocalizedMessage(javax.servlet.jsp.PageContext, java.lang.String, java.lang.Object[])#1&quot;, &quot;getLocalizedMessage := #UNDEFINED_KEY &amp; key&quot;, &quot;args := #getLocalizedMessage(javax.servlet.jsp.PageContext, java.lang.String, java.lang.Object[])#2&quot; }"/>
        </annotation>
    </item>
    <item name='javax.servlet.jsp.jstl.fmt.LocaleSupport java.lang.String getLocalizedMessage(javax.servlet.jsp.PageContext, java.lang.String, java.lang.String)'>
        <annotation name='com.intellij.inspections.tainted.annotation.equation.Equations'>
            <val val="{ &quot;getLocalizedMessage := &quot; }"/>
        </annotation>
    </item>
    <item name='javax.servlet.jsp.jstl.fmt.LocaleSupport java.util.Enumeration getRequestLocales(javax.servlet.http.HttpServletRequest)'>
        <annotation name='com.intellij.inspections.tainted.annotation.equation.Equations'>
            <val val="{ &quot;getRequestLocales := &quot;, &quot;request := &quot; }"/>
        </annotation>
    </item>
    <item name='javax.servlet.jsp.jstl.fmt.LocaleSupport java.util.Locale getLocale(javax.servlet.jsp.PageContext, java.lang.String)'>
        <annotation name='com.intellij.inspections.tainted.annotation.equation.Equations'>
            <val val="{ &quot;name := javax.servlet.jsp.jstl.core.Config#FMT_LOCALE &amp; javax.servlet.jsp.jstl.core.Config#FMT_FALLBACK_LOCALE&quot;, &quot;pageContext := #getLocalizationContext(javax.servlet.jsp.PageContext, java.lang.String)#0&quot;, &quot;getLocale := &quot; }"/>
        </annotation>
    </item>
    <item name='javax.servlet.jsp.jstl.fmt.LocaleSupport java.util.Locale parseLocale(java.lang.String)'>
        <annotation name='com.intellij.inspections.tainted.annotation.equation.Equations'>
            <val val="{ &quot;locale := &quot;, &quot;parseLocale := &quot; }"/>
        </annotation>
    </item>
    <item name='javax.servlet.jsp.jstl.fmt.LocaleSupport java.util.Locale parseLocale(java.lang.String, java.lang.String)'>
        <annotation name='com.intellij.inspections.tainted.annotation.equation.Equations'>
            <val val="{ &quot;locale := #parseLocale(java.lang.String)#0&quot;, &quot;parseLocale := &quot; }"/>
        </annotation>
    </item>
    <item name='javax.servlet.jsp.jstl.fmt.LocaleSupport java.util.ResourceBundle findMatch(java.lang.String, java.util.Locale)'>
        <annotation name='com.intellij.inspections.tainted.annotation.equation.Equations'>
            <val val="{ &quot;pref := &quot;, &quot;findMatch := &quot;, &quot;basename := #getLocalizationContext(javax.servlet.jsp.PageContext, java.lang.String)#1 &amp; #findMatch(javax.servlet.jsp.PageContext, java.lang.String)#1&quot; }"/>
        </annotation>
    </item>
    <item name='javax.servlet.jsp.jstl.fmt.LocaleSupport javax.servlet.jsp.jstl.fmt.LocalizationContext findMatch(javax.servlet.jsp.PageContext, java.lang.String)'>
        <annotation name='com.intellij.inspections.tainted.annotation.equation.Equations'>
            <val val="{ &quot;findMatch := &quot;, &quot;basename := #getLocalizationContext(javax.servlet.jsp.PageContext, java.lang.String)#1&quot;, &quot;pageContext := #getLocalizationContext(javax.servlet.jsp.PageContext, java.lang.String)#0&quot; }"/>
        </annotation>
    </item>
    <item name='javax.servlet.jsp.jstl.fmt.LocaleSupport javax.servlet.jsp.jstl.fmt.LocalizationContext getLocalizationContext(javax.servlet.jsp.PageContext)'>
        <annotation name='com.intellij.inspections.tainted.annotation.equation.Equations'>
            <val val="{ &quot;pc := #getLocalizedMessage(javax.servlet.jsp.PageContext, java.lang.String, java.lang.Object[], java.lang.String)#0&quot;, &quot;getLocalizationContext := &quot; }"/>
        </annotation>
    </item>
    <item name='javax.servlet.jsp.jstl.fmt.LocaleSupport javax.servlet.jsp.jstl.fmt.LocalizationContext getLocalizationContext(javax.servlet.jsp.PageContext, java.lang.String)'>
        <annotation name='com.intellij.inspections.tainted.annotation.equation.Equations'>
            <val val="{ &quot;basename := #getLocalizedMessage(javax.servlet.jsp.PageContext, java.lang.String, java.lang.Object[], java.lang.String)#3&quot;, &quot;pc := #getLocalizedMessage(javax.servlet.jsp.PageContext, java.lang.String, java.lang.Object[], java.lang.String)#0 &amp; #getLocalizationContext(javax.servlet.jsp.PageContext)#0&quot;, &quot;getLocalizationContext := &quot; }"/>
        </annotation>
    </item>
    <item name='javax.servlet.jsp.jstl.fmt.LocaleSupport void setResponseLocale(javax.servlet.jsp.PageContext, java.util.Locale)'>
        <annotation name='com.intellij.inspections.tainted.annotation.equation.Equations'>
            <val val="{ &quot;pc := #getLocalizationContext(javax.servlet.jsp.PageContext, java.lang.String)#0&quot;, &quot;locale := &quot; }"/>
        </annotation>
    </item>
    <item name='javax.servlet.jsp.jstl.fmt.LocalizationContext'>
        <annotation name='com.intellij.inspections.tainted.annotation.equation.Equations'>
            <val val="{ &quot;LocalizationContext := #LocalizationContext(java.util.ResourceBundle, java.util.Locale)#0 &amp; #LocalizationContext(java.util.ResourceBundle, java.util.Locale)#1 &amp; #LocalizationContext(java.util.ResourceBundle)#0&quot; }"/>
        </annotation>
    </item>
    <item name='javax.servlet.jsp.jstl.fmt.LocalizationContext LocalizationContext()'>
        <annotation name='com.intellij.inspections.tainted.annotation.equation.Equations'>
            <val val="{ &quot;LocalizationContext := LocalizationContext&quot; }"/>
        </annotation>
    </item>
    <item name='javax.servlet.jsp.jstl.fmt.LocalizationContext LocalizationContext(java.util.ResourceBundle)'>
        <annotation name='com.intellij.inspections.tainted.annotation.equation.Equations'>
            <val val="{ &quot;LocalizationContext := LocalizationContext&quot; }"/>
        </annotation>
    </item>
    <item name='javax.servlet.jsp.jstl.fmt.LocalizationContext LocalizationContext(java.util.ResourceBundle, java.util.Locale)'>
        <annotation name='com.intellij.inspections.tainted.annotation.equation.Equations'>
            <val val="{ &quot;bundle := &quot;, &quot;locale := &quot;, &quot;LocalizationContext := LocalizationContext&quot; }"/>
        </annotation>
    </item>
    <item name='javax.servlet.jsp.jstl.fmt.LocalizationContext java.util.Locale getLocale()'>
        <annotation name='com.intellij.inspections.tainted.annotation.equation.Equations'>
            <val val="{ &quot;getLocale := LocalizationContext&quot; }"/>
        </annotation>
    </item>
    <item name='javax.servlet.jsp.jstl.fmt.LocalizationContext java.util.ResourceBundle getResourceBundle()'>
        <annotation name='com.intellij.inspections.tainted.annotation.equation.Equations'>
            <val val="{ &quot;getResourceBundle := LocalizationContext&quot; }"/>
        </annotation>
    </item>
</root>