<root>
    <item name='javax.swing.undo.AbstractUndoableEdit AbstractUndoableEdit()'>
        <annotation name='com.intellij.inspections.tainted.annotation.equation.Equations'>
            <val val="{ &quot;AbstractUndoableEdit := AbstractUndoableEdit&quot; }"/>
        </annotation>
    </item>
    <item name='javax.swing.undo.AbstractUndoableEdit boolean addEdit(javax.swing.undo.UndoableEdit)'>
        <annotation name='com.intellij.inspections.tainted.annotation.equation.Equations'>
            <val val="{ &quot;addEdit := CompoundEdit#addEdit(javax.swing.undo.UndoableEdit)&quot; }"/>
        </annotation>
    </item>
    <item name='javax.swing.undo.AbstractUndoableEdit boolean canRedo()'>
        <annotation name='com.intellij.inspections.tainted.annotation.equation.Equations'>
            <val val="{ &quot;canRedo := CompoundEdit#canRedo()&quot; }"/>
        </annotation>
    </item>
    <item name='javax.swing.undo.AbstractUndoableEdit boolean canUndo()'>
        <annotation name='com.intellij.inspections.tainted.annotation.equation.Equations'>
            <val val="{ &quot;canUndo := CompoundEdit#canUndo()&quot; }"/>
        </annotation>
    </item>
    <item name='javax.swing.undo.AbstractUndoableEdit boolean isSignificant()'>
        <annotation name='com.intellij.inspections.tainted.annotation.equation.Equations'>
            <val val="{ &quot;isSignificant := CompoundEdit#isSignificant()&quot; }"/>
        </annotation>
    </item>
    <item name='javax.swing.undo.AbstractUndoableEdit boolean replaceEdit(javax.swing.undo.UndoableEdit)'>
        <annotation name='com.intellij.inspections.tainted.annotation.equation.Equations'>
            <val val="{ &quot;anEdit := UndoableEdit#replaceEdit(javax.swing.undo.UndoableEdit)#0 &amp; UndoableEdit#replaceEdit(javax.swing.undo.UndoableEdit)#0&quot; }"/>
        </annotation>
    </item>
    <item name='javax.swing.undo.AbstractUndoableEdit java.lang.String getPresentationName()'>
        <annotation name='com.intellij.inspections.tainted.annotation.equation.Equations'>
            <val val="{ &quot;getPresentationName := StateEdit#getPresentationName() &amp; CompoundEdit#getPresentationName()&quot; }"/>
        </annotation>
    </item>
    <item name='javax.swing.undo.AbstractUndoableEdit java.lang.String getRedoPresentationName()'>
        <annotation name='com.intellij.inspections.tainted.annotation.equation.Equations'>
            <val val="{ &quot;getRedoPresentationName := CompoundEdit#getRedoPresentationName()&quot; }"/>
        </annotation>
    </item>
    <item name='javax.swing.undo.AbstractUndoableEdit java.lang.String getUndoPresentationName()'>
        <annotation name='com.intellij.inspections.tainted.annotation.equation.Equations'>
            <val val="{ &quot;getUndoPresentationName := CompoundEdit#getUndoPresentationName()&quot; }"/>
        </annotation>
    </item>
    <item name='javax.swing.undo.AbstractUndoableEdit java.lang.String toString()'>
        <annotation name='com.intellij.inspections.tainted.annotation.equation.Equations'>
            <val val="{ &quot;toString := CompoundEdit#toString()&quot; }"/>
        </annotation>
    </item>
    <item name='javax.swing.undo.CompoundEdit CompoundEdit()'>
        <annotation name='com.intellij.inspections.tainted.annotation.equation.Equations'>
            <val val="{ &quot;CompoundEdit := CompoundEdit&quot; }"/>
        </annotation>
    </item>
    <item name='javax.swing.undo.CompoundEdit boolean addEdit(javax.swing.undo.UndoableEdit)'>
        <annotation name='com.intellij.inspections.tainted.annotation.equation.Equations'>
            <val val="{ &quot;addEdit := javax.swing.text.AbstractDocument.DefaultDocumentEvent#addEdit(javax.swing.undo.UndoableEdit) &amp; UndoManager#addEdit(javax.swing.undo.UndoableEdit)&quot; }"/>
        </annotation>
    </item>
    <item name='javax.swing.undo.CompoundEdit boolean canRedo()'>
        <annotation name='com.intellij.inspections.tainted.annotation.equation.Equations'>
            <val val="{ &quot;canRedo := UndoManager#canRedo()&quot; }"/>
        </annotation>
    </item>
    <item name='javax.swing.undo.CompoundEdit boolean canUndo()'>
        <annotation name='com.intellij.inspections.tainted.annotation.equation.Equations'>
            <val val="{ &quot;canUndo := UndoManager#canUndo()&quot; }"/>
        </annotation>
    </item>
    <item name='javax.swing.undo.CompoundEdit boolean isInProgress()'>
        <annotation name='com.intellij.inspections.tainted.annotation.equation.Equations'>
            <val val="{ &quot;isInProgress := CompoundEdit&quot; }"/>
        </annotation>
    </item>
    <item name='javax.swing.undo.CompoundEdit boolean isSignificant()'>
        <annotation name='com.intellij.inspections.tainted.annotation.equation.Equations'>
            <val val="{ &quot;isSignificant := javax.swing.text.AbstractDocument.DefaultDocumentEvent#isSignificant()&quot; }"/>
        </annotation>
    </item>
    <item name='javax.swing.undo.CompoundEdit java.lang.String getPresentationName()'>
        <annotation name='com.intellij.inspections.tainted.annotation.equation.Equations'>
            <val val="{ &quot;getPresentationName := javax.swing.text.AbstractDocument.DefaultDocumentEvent#getPresentationName()&quot; }"/>
        </annotation>
    </item>
    <item name='javax.swing.undo.CompoundEdit java.lang.String getRedoPresentationName()'>
        <annotation name='com.intellij.inspections.tainted.annotation.equation.Equations'>
            <val val="{ &quot;getRedoPresentationName := javax.swing.text.AbstractDocument.DefaultDocumentEvent#getRedoPresentationName() &amp; UndoManager#getRedoPresentationName()&quot; }"/>
        </annotation>
    </item>
    <item name='javax.swing.undo.CompoundEdit java.lang.String getUndoPresentationName()'>
        <annotation name='com.intellij.inspections.tainted.annotation.equation.Equations'>
            <val val="{ &quot;getUndoPresentationName := javax.swing.text.AbstractDocument.DefaultDocumentEvent#getUndoPresentationName() &amp; UndoManager#getUndoPresentationName()&quot; }"/>
        </annotation>
    </item>
    <item name='javax.swing.undo.CompoundEdit java.lang.String toString()'>
        <annotation name='com.intellij.inspections.tainted.annotation.equation.Equations'>
            <val val="{ &quot;toString := javax.swing.text.AbstractDocument.DefaultDocumentEvent#toString() &amp; CompoundEdit &amp; UndoManager#toString()&quot; }"/>
        </annotation>
    </item>
    <item name='javax.swing.undo.StateEdit'>
        <annotation name='com.intellij.inspections.tainted.annotation.equation.Equations'>
            <val val="{ &quot;StateEdit := &quot; }"/>
        </annotation>
    </item>
    <item name='javax.swing.undo.StateEdit StateEdit(javax.swing.undo.StateEditable)'>
        <annotation name='com.intellij.inspections.tainted.annotation.equation.Equations'>
            <val val="{ &quot;StateEdit := StateEdit&quot; }"/>
        </annotation>
    </item>
    <item name='javax.swing.undo.StateEdit StateEdit(javax.swing.undo.StateEditable, java.lang.String)'>
        <annotation name='com.intellij.inspections.tainted.annotation.equation.Equations'>
            <val val="{ &quot;StateEdit := StateEdit&quot; }"/>
        </annotation>
    </item>
    <item name='javax.swing.undo.StateEdit java.lang.String getPresentationName()'>
        <annotation name='com.intellij.inspections.tainted.annotation.equation.Equations'>
            <val val="{ &quot;getPresentationName := StateEdit&quot; }"/>
        </annotation>
    </item>
    <item name='javax.swing.undo.StateEdit void init(javax.swing.undo.StateEditable, java.lang.String)'>
        <annotation name='com.intellij.inspections.tainted.annotation.equation.Equations'>
            <val val="{ &quot;name := #StateEdit(javax.swing.undo.StateEditable, java.lang.String)#1&quot;, &quot;anObject := #StateEdit(javax.swing.undo.StateEditable)#0 &amp; #StateEdit(javax.swing.undo.StateEditable, java.lang.String)#0&quot; }"/>
        </annotation>
    </item>
    <item name='javax.swing.undo.StateEditable void restoreState(java.util.Hashtable&lt;?,?&gt;)'>
        <annotation name='com.intellij.inspections.tainted.annotation.equation.Equations'>
            <val val="{ &quot;state := StateEdit&quot; }"/>
        </annotation>
    </item>
    <item name='javax.swing.undo.StateEditable void storeState(java.util.Hashtable&lt;java.lang.Object,java.lang.Object&gt;)'>
        <annotation name='com.intellij.inspections.tainted.annotation.equation.Equations'>
            <val val="{ &quot;state := StateEdit&quot; }"/>
        </annotation>
    </item>
    <item name='javax.swing.undo.UndoManager'>
        <annotation name='com.intellij.inspections.tainted.annotation.equation.Equations'>
            <val val="{ &quot;UndoManager := #setLimit(int)#0&quot; }"/>
        </annotation>
    </item>
    <item name='javax.swing.undo.UndoManager UndoManager()'>
        <annotation name='com.intellij.inspections.tainted.annotation.equation.Equations'>
            <val val="{ &quot;UndoManager := UndoManager&quot; }"/>
        </annotation>
    </item>
    <item name='javax.swing.undo.UndoManager boolean addEdit(javax.swing.undo.UndoableEdit)'>
        <annotation name='com.intellij.inspections.tainted.annotation.equation.Equations'>
            <val val="{ &quot;anEdit := CompoundEdit#addEdit(javax.swing.undo.UndoableEdit)#0 &amp; CompoundEdit#addEdit(javax.swing.undo.UndoableEdit)#0&quot; }"/>
        </annotation>
    </item>
    <item name='javax.swing.undo.UndoManager int getLimit()'>
        <annotation name='com.intellij.inspections.tainted.annotation.equation.Equations'>
            <val val="{ &quot;getLimit := UndoManager&quot; }"/>
        </annotation>
    </item>
    <item name='javax.swing.undo.UndoManager java.lang.String toString()'>
        <annotation name='com.intellij.inspections.tainted.annotation.equation.Equations'>
            <val val="{ &quot;toString := UndoManager&quot; }"/>
        </annotation>
    </item>
    <item name='javax.swing.undo.UndoManager void redoTo(javax.swing.undo.UndoableEdit)'>
        <annotation name='com.intellij.inspections.tainted.annotation.equation.Equations'>
            <val val="{ &quot;edit := &quot; }"/>
        </annotation>
    </item>
    <item name='javax.swing.undo.UndoManager void trimEdits(int, int)'>
        <annotation name='com.intellij.inspections.tainted.annotation.equation.Equations'>
            <val val="{ &quot;from := UndoManager&quot;, &quot;to := UndoManager&quot; }"/>
        </annotation>
    </item>
    <item name='javax.swing.undo.UndoManager void undoTo(javax.swing.undo.UndoableEdit)'>
        <annotation name='com.intellij.inspections.tainted.annotation.equation.Equations'>
            <val val="{ &quot;edit := &quot; }"/>
        </annotation>
    </item>
    <item name='javax.swing.undo.UndoManager void undoableEditHappened(javax.swing.event.UndoableEditEvent)'>
        <annotation name='com.intellij.inspections.tainted.annotation.equation.Equations'>
            <val val="{ &quot;e := javax.swing.event.UndoableEditListener#undoableEditHappened(javax.swing.event.UndoableEditEvent)#0 &amp; javax.swing.event.UndoableEditListener#undoableEditHappened(javax.swing.event.UndoableEditEvent)#0&quot; }"/>
        </annotation>
    </item>
    <item name='javax.swing.undo.UndoableEdit boolean addEdit(javax.swing.undo.UndoableEdit)'>
        <annotation name='com.intellij.inspections.tainted.annotation.equation.Equations'>
            <val val="{ &quot;addEdit := AbstractUndoableEdit#addEdit(javax.swing.undo.UndoableEdit)&quot; }"/>
        </annotation>
    </item>
    <item name='javax.swing.undo.UndoableEdit boolean canRedo()'>
        <annotation name='com.intellij.inspections.tainted.annotation.equation.Equations'>
            <val val="{ &quot;canRedo := AbstractUndoableEdit#canRedo()&quot; }"/>
        </annotation>
    </item>
    <item name='javax.swing.undo.UndoableEdit boolean canUndo()'>
        <annotation name='com.intellij.inspections.tainted.annotation.equation.Equations'>
            <val val="{ &quot;canUndo := AbstractUndoableEdit#canUndo()&quot; }"/>
        </annotation>
    </item>
    <item name='javax.swing.undo.UndoableEdit boolean isSignificant()'>
        <annotation name='com.intellij.inspections.tainted.annotation.equation.Equations'>
            <val val="{ &quot;isSignificant := AbstractUndoableEdit#isSignificant()&quot; }"/>
        </annotation>
    </item>
    <item name='javax.swing.undo.UndoableEdit boolean replaceEdit(javax.swing.undo.UndoableEdit)'>
        <annotation name='com.intellij.inspections.tainted.annotation.equation.Equations'>
            <val val="{ &quot;replaceEdit := AbstractUndoableEdit#replaceEdit(javax.swing.undo.UndoableEdit)&quot; }"/>
        </annotation>
    </item>
    <item name='javax.swing.undo.UndoableEdit java.lang.String getPresentationName()'>
        <annotation name='com.intellij.inspections.tainted.annotation.equation.Equations'>
            <val val="{ &quot;getPresentationName := AbstractUndoableEdit#getPresentationName()&quot; }"/>
        </annotation>
    </item>
    <item name='javax.swing.undo.UndoableEdit java.lang.String getRedoPresentationName()'>
        <annotation name='com.intellij.inspections.tainted.annotation.equation.Equations'>
            <val val="{ &quot;getRedoPresentationName := AbstractUndoableEdit#getRedoPresentationName()&quot; }"/>
        </annotation>
    </item>
    <item name='javax.swing.undo.UndoableEdit java.lang.String getUndoPresentationName()'>
        <annotation name='com.intellij.inspections.tainted.annotation.equation.Equations'>
            <val val="{ &quot;getUndoPresentationName := AbstractUndoableEdit#getUndoPresentationName()&quot; }"/>
        </annotation>
    </item>
    <item name='javax.swing.undo.UndoableEditSupport'>
        <annotation name='com.intellij.inspections.tainted.annotation.equation.Equations'>
            <val val="{ &quot;UndoableEditSupport := &quot; }"/>
        </annotation>
    </item>
    <item name='javax.swing.undo.UndoableEditSupport UndoableEditSupport()'>
        <annotation name='com.intellij.inspections.tainted.annotation.equation.Equations'>
            <val val="{ &quot;UndoableEditSupport := UndoableEditSupport&quot; }"/>
        </annotation>
    </item>
    <item name='javax.swing.undo.UndoableEditSupport UndoableEditSupport(java.lang.Object)'>
        <annotation name='com.intellij.inspections.tainted.annotation.equation.Equations'>
            <val val="{ &quot;UndoableEditSupport := UndoableEditSupport&quot; }"/>
        </annotation>
    </item>
    <item name='javax.swing.undo.UndoableEditSupport int getUpdateLevel()'>
        <annotation name='com.intellij.inspections.tainted.annotation.equation.Equations'>
            <val val="{ &quot;getUpdateLevel := UndoableEditSupport&quot; }"/>
        </annotation>
    </item>
    <item name='javax.swing.undo.UndoableEditSupport java.lang.String toString()'>
        <annotation name='com.intellij.inspections.tainted.annotation.equation.Equations'>
            <val val="{ &quot;toString := UndoableEditSupport&quot; }"/>
        </annotation>
    </item>
    <item name='javax.swing.undo.UndoableEditSupport void _postEdit(javax.swing.undo.UndoableEdit)'>
        <annotation name='com.intellij.inspections.tainted.annotation.equation.Equations'>
            <val val="{ &quot;e := #postEdit(javax.swing.undo.UndoableEdit)#0 &amp; UndoableEditSupport&quot; }"/>
        </annotation>
    </item>
</root>