<root>
    <item name='sun.security.jgss.GSSCaller'>
        <annotation name='com.intellij.inspections.tainted.annotation.equation.Equations'>
            <val val="{ &quot;GSSCaller := HttpCaller&quot; }"/>
        </annotation>
    </item>
    <item name='sun.security.jgss.GSSToken'>
        <annotation name='com.intellij.inspections.tainted.annotation.equation.Equations'>
            <val val="{ &quot;GSSToken := sun.security.jgss.spnego.SpNegoToken&quot; }"/>
        </annotation>
    </item>
</root>