<root>
    <item name='com.sun.org.apache.xerces.internal.jaxp.DefaultValidationErrorHandler'>
        <annotation name='com.intellij.inspections.tainted.annotation.equation.Equations'>
            <val val="{ &quot;DefaultValidationErrorHandler := &quot; }"/>
        </annotation>
    </item>
    <item name='com.sun.org.apache.xerces.internal.jaxp.DefaultValidationErrorHandler DefaultValidationErrorHandler(java.util.Locale)'>
        <annotation name='com.intellij.inspections.tainted.annotation.equation.Equations'>
            <val val="{ &quot;DefaultValidationErrorHandler := DefaultValidationErrorHandler&quot; }"/>
        </annotation>
    </item>
    <item name='com.sun.org.apache.xerces.internal.jaxp.DocumentBuilderFactoryImpl'>
        <annotation name='com.intellij.inspections.tainted.annotation.equation.Equations'>
            <val val="{ &quot;DocumentBuilderFactoryImpl := #setSchema(javax.xml.validation.Schema)#0&quot; }"/>
        </annotation>
    </item>
    <item name='com.sun.org.apache.xerces.internal.jaxp.DocumentBuilderFactoryImpl java.lang.Object getAttribute(java.lang.String)'>
        <annotation name='com.intellij.inspections.tainted.annotation.equation.Equations'>
            <val val="{ &quot;getAttribute := java.lang.Boolean#TRUE &amp; java.lang.Boolean#FALSE&quot; }"/>
        </annotation>
    </item>
    <item name='com.sun.org.apache.xerces.internal.jaxp.DocumentBuilderFactoryImpl javax.xml.validation.Schema getSchema()'>
        <annotation name='com.intellij.inspections.tainted.annotation.equation.Equations'>
            <val val="{ &quot;getSchema := DocumentBuilderFactoryImpl&quot; }"/>
        </annotation>
    </item>
    <item name='com.sun.org.apache.xerces.internal.jaxp.DocumentBuilderImpl DocumentBuilderImpl(com.sun.org.apache.xerces.internal.jaxp.DocumentBuilderFactoryImpl, java.util.Map&lt;java.lang.String,java.lang.Object&gt;, java.util.Map&lt;java.lang.String,java.lang.Boolean&gt;)'>
        <annotation name='com.intellij.inspections.tainted.annotation.equation.Equations'>
            <val val="{ &quot;dbf := DocumentBuilderFactoryImpl&quot;, &quot;DocumentBuilderImpl := DocumentBuilderImpl&quot;, &quot;dbfAttrs := DocumentBuilderFactoryImpl&quot;, &quot;features := DocumentBuilderFactoryImpl&quot; }"/>
        </annotation>
    </item>
    <item name='com.sun.org.apache.xerces.internal.jaxp.DocumentBuilderImpl DocumentBuilderImpl(com.sun.org.apache.xerces.internal.jaxp.DocumentBuilderFactoryImpl, java.util.Map&lt;java.lang.String,java.lang.Object&gt;, java.util.Map&lt;java.lang.String,java.lang.Boolean&gt;, boolean)'>
        <annotation name='com.intellij.inspections.tainted.annotation.equation.Equations'>
            <val val="{ &quot;DocumentBuilderImpl := DocumentBuilderImpl&quot;, &quot;features := #DocumentBuilderImpl(com.sun.org.apache.xerces.internal.jaxp.DocumentBuilderFactoryImpl, java.util.Map, java.util.Map)#2 &amp; DocumentBuilderFactoryImpl&quot;, &quot;dbfAttrs := #DocumentBuilderImpl(com.sun.org.apache.xerces.internal.jaxp.DocumentBuilderFactoryImpl, java.util.Map, java.util.Map)#1 &amp; DocumentBuilderFactoryImpl&quot;, &quot;dbf := #DocumentBuilderImpl(com.sun.org.apache.xerces.internal.jaxp.DocumentBuilderFactoryImpl, java.util.Map, java.util.Map)#0 &amp; DocumentBuilderFactoryImpl&quot; }"/>
        </annotation>
    </item>
    <item name='com.sun.org.apache.xerces.internal.jaxp.DocumentBuilderImpl com.sun.org.apache.xerces.internal.parsers.DOMParser getDOMParser()'>
        <annotation name='com.intellij.inspections.tainted.annotation.equation.Equations'>
            <val val="{ &quot;getDOMParser := DocumentBuilderImpl&quot; }"/>
        </annotation>
    </item>
    <item name='com.sun.org.apache.xerces.internal.jaxp.DocumentBuilderImpl javax.xml.validation.Schema getSchema()'>
        <annotation name='com.intellij.inspections.tainted.annotation.equation.Equations'>
            <val val="{ &quot;getSchema := DocumentBuilderImpl&quot; }"/>
        </annotation>
    </item>
    <item name='com.sun.org.apache.xerces.internal.jaxp.DocumentBuilderImpl void setDocumentBuilderFactoryAttributes(java.util.Map&lt;java.lang.String,java.lang.Object&gt;)'>
        <annotation name='com.intellij.inspections.tainted.annotation.equation.Equations'>
            <val val="{ &quot;dbfAttrs := #DocumentBuilderImpl(com.sun.org.apache.xerces.internal.jaxp.DocumentBuilderFactoryImpl, java.util.Map, java.util.Map, boolean)#1&quot; }"/>
        </annotation>
    </item>
    <item name='com.sun.org.apache.xerces.internal.jaxp.DocumentBuilderImpl void setErrorHandler(org.xml.sax.ErrorHandler)'>
        <annotation name='com.intellij.inspections.tainted.annotation.equation.Equations'>
            <val val="{ &quot;eh := DocumentBuilderImpl&quot; }"/>
        </annotation>
    </item>
    <item name='com.sun.org.apache.xerces.internal.jaxp.DocumentBuilderImpl void setFeatures(java.util.Map&lt;java.lang.String,java.lang.Boolean&gt;)'>
        <annotation name='com.intellij.inspections.tainted.annotation.equation.Equations'>
            <val val="{ &quot;features := #DocumentBuilderImpl(com.sun.org.apache.xerces.internal.jaxp.DocumentBuilderFactoryImpl, java.util.Map, java.util.Map, boolean)#2&quot; }"/>
        </annotation>
    </item>
    <item name='com.sun.org.apache.xerces.internal.jaxp.JAXPValidatorComponent'>
        <annotation name='com.intellij.inspections.tainted.annotation.equation.Equations'>
            <val val="{ &quot;JAXPValidatorComponent := #characters(com.sun.org.apache.xerces.internal.xni.XMLString, com.sun.org.apache.xerces.internal.xni.Augmentations)#1 &amp; #ignorableWhitespace(com.sun.org.apache.xerces.internal.xni.XMLString, com.sun.org.apache.xerces.internal.xni.Augmentations)#1&quot; }"/>
        </annotation>
    </item>
    <item name='com.sun.org.apache.xerces.internal.jaxp.JAXPValidatorComponent JAXPValidatorComponent(javax.xml.validation.ValidatorHandler)'>
        <annotation name='com.intellij.inspections.tainted.annotation.equation.Equations'>
            <val val="{ &quot;JAXPValidatorComponent := JAXPValidatorComponent&quot; }"/>
        </annotation>
    </item>
    <item name='com.sun.org.apache.xerces.internal.jaxp.JAXPValidatorComponent java.lang.String symbolize(java.lang.String)'>
        <annotation name='com.intellij.inspections.tainted.annotation.equation.Equations'>
            <val val="{ &quot;s := JAXPValidatorComponent.SAX2XNI#toQName(java.lang.String, java.lang.String, java.lang.String)#1 &amp; JAXPValidatorComponent.SAX2XNI#toQName(java.lang.String, java.lang.String, java.lang.String)#2 &amp; JAXPValidatorComponent.SAX2XNI#toQName(java.lang.String, java.lang.String, java.lang.String)#0&quot; }"/>
        </annotation>
    </item>
    <item name='com.sun.org.apache.xerces.internal.jaxp.JAXPValidatorComponent java.lang.String[] getRecognizedProperties()'>
        <annotation name='com.intellij.inspections.tainted.annotation.equation.Equations'>
            <val val="{ &quot;getRecognizedProperties := #ENTITY_MANAGER &amp; #ERROR_REPORTER &amp; #SYMBOL_TABLE&quot; }"/>
        </annotation>
    </item>
    <item name='com.sun.org.apache.xerces.internal.jaxp.JAXPValidatorComponent void endElement(com.sun.org.apache.xerces.internal.xni.QName, com.sun.org.apache.xerces.internal.xni.Augmentations)'>
        <annotation name='com.intellij.inspections.tainted.annotation.equation.Equations'>
            <val val="{ &quot;augs := #emptyElement(com.sun.org.apache.xerces.internal.xni.QName, com.sun.org.apache.xerces.internal.xni.XMLAttributes, com.sun.org.apache.xerces.internal.xni.Augmentations)#2&quot;, &quot;element := #emptyElement(com.sun.org.apache.xerces.internal.xni.QName, com.sun.org.apache.xerces.internal.xni.XMLAttributes, com.sun.org.apache.xerces.internal.xni.Augmentations)#0&quot; }"/>
        </annotation>
    </item>
    <item name='com.sun.org.apache.xerces.internal.jaxp.JAXPValidatorComponent void startElement(com.sun.org.apache.xerces.internal.xni.QName, com.sun.org.apache.xerces.internal.xni.XMLAttributes, com.sun.org.apache.xerces.internal.xni.Augmentations)'>
        <annotation name='com.intellij.inspections.tainted.annotation.equation.Equations'>
            <val val="{ &quot;attributes := #emptyElement(com.sun.org.apache.xerces.internal.xni.QName, com.sun.org.apache.xerces.internal.xni.XMLAttributes, com.sun.org.apache.xerces.internal.xni.Augmentations)#1&quot;, &quot;element := #emptyElement(com.sun.org.apache.xerces.internal.xni.QName, com.sun.org.apache.xerces.internal.xni.XMLAttributes, com.sun.org.apache.xerces.internal.xni.Augmentations)#0&quot;, &quot;augs := #emptyElement(com.sun.org.apache.xerces.internal.xni.QName, com.sun.org.apache.xerces.internal.xni.XMLAttributes, com.sun.org.apache.xerces.internal.xni.Augmentations)#2&quot; }"/>
        </annotation>
    </item>
    <item name='com.sun.org.apache.xerces.internal.jaxp.JAXPValidatorComponent void updateAttributes(org.xml.sax.Attributes)'>
        <annotation name='com.intellij.inspections.tainted.annotation.equation.Equations'>
            <val val="{ &quot;atts := JAXPValidatorComponent.SAX2XNI#startElement(java.lang.String, java.lang.String, java.lang.String, org.xml.sax.Attributes)#3&quot; }"/>
        </annotation>
    </item>
    <item name='com.sun.org.apache.xerces.internal.jaxp.JAXPValidatorComponent.DraconianErrorHandler DraconianErrorHandler()'>
        <annotation name='com.intellij.inspections.tainted.annotation.equation.Equations'>
            <val val="{ &quot;DraconianErrorHandler := JAXPValidatorComponent.DraconianErrorHandler&quot; }"/>
        </annotation>
    </item>
    <item name='com.sun.org.apache.xerces.internal.jaxp.JAXPValidatorComponent.DraconianErrorHandler com.sun.org.apache.xerces.internal.jaxp.JAXPValidatorComponent.DraconianErrorHandler getInstance()'>
        <annotation name='com.intellij.inspections.tainted.annotation.equation.Equations'>
            <val val="{ &quot;getInstance := #ERROR_HANDLER_INSTANCE&quot; }"/>
        </annotation>
    </item>
    <item name='com.sun.org.apache.xerces.internal.jaxp.JAXPValidatorComponent.SAX2XNI'>
        <annotation name='com.intellij.inspections.tainted.annotation.equation.Equations'>
            <val val="{ &quot;SAX2XNI := &quot; }"/>
        </annotation>
    </item>
    <item name='com.sun.org.apache.xerces.internal.jaxp.JAXPValidatorComponent.SAX2XNI com.sun.org.apache.xerces.internal.xni.Augmentations aug()'>
        <annotation name='com.intellij.inspections.tainted.annotation.equation.Equations'>
            <val val="{ &quot;aug := JAXPValidatorComponent.SAX2XNI&quot; }"/>
        </annotation>
    </item>
    <item name='com.sun.org.apache.xerces.internal.jaxp.JAXPValidatorComponent.SAX2XNI com.sun.org.apache.xerces.internal.xni.QName toQName(java.lang.String, java.lang.String, java.lang.String)'>
        <annotation name='com.intellij.inspections.tainted.annotation.equation.Equations'>
            <val val="{ &quot;uri := #startElement(java.lang.String, java.lang.String, java.lang.String, org.xml.sax.Attributes)#0 &amp; #endElement(java.lang.String, java.lang.String, java.lang.String)#0&quot;, &quot;toQName := JAXPValidatorComponent.SAX2XNI&quot;, &quot;localName := #startElement(java.lang.String, java.lang.String, java.lang.String, org.xml.sax.Attributes)#1 &amp; #endElement(java.lang.String, java.lang.String, java.lang.String)#1&quot;, &quot;qname := #startElement(java.lang.String, java.lang.String, java.lang.String, org.xml.sax.Attributes)#2 &amp; #endElement(java.lang.String, java.lang.String, java.lang.String)#2&quot; }"/>
        </annotation>
    </item>
    <item name='com.sun.org.apache.xerces.internal.jaxp.JAXPValidatorComponent.SAX2XNI org.xml.sax.SAXException toSAXException(com.sun.org.apache.xerces.internal.xni.XNIException)'>
        <annotation name='com.intellij.inspections.tainted.annotation.equation.Equations'>
            <val val="{ &quot;toSAXException := xe&quot; }"/>
        </annotation>
    </item>
    <item name='com.sun.org.apache.xerces.internal.jaxp.JAXPValidatorComponent.XNI2SAX'>
        <annotation name='com.intellij.inspections.tainted.annotation.equation.Equations'>
            <val val="{ &quot;XNI2SAX := #xmlDecl(java.lang.String, java.lang.String, java.lang.String, com.sun.org.apache.xerces.internal.xni.Augmentations)#0 &amp; #startDocument(com.sun.org.apache.xerces.internal.xni.XMLLocator, java.lang.String, com.sun.org.apache.xerces.internal.xni.NamespaceContext, com.sun.org.apache.xerces.internal.xni.Augmentations)#2&quot; }"/>
        </annotation>
    </item>
    <item name='com.sun.org.apache.xerces.internal.jaxp.JAXPValidatorComponent.XNI2SAX org.xml.sax.ContentHandler getContentHandler()'>
        <annotation name='com.intellij.inspections.tainted.annotation.equation.Equations'>
            <val val="{ &quot;getContentHandler := JAXPValidatorComponent.XNI2SAX&quot; }"/>
        </annotation>
    </item>
    <item name='com.sun.org.apache.xerces.internal.jaxp.JAXPValidatorComponent.XNI2SAX void characters(com.sun.org.apache.xerces.internal.xni.XMLString, com.sun.org.apache.xerces.internal.xni.Augmentations)'>
        <annotation name='com.intellij.inspections.tainted.annotation.equation.Equations'>
            <val val="{ &quot;text := JAXPValidatorComponent#characters(com.sun.org.apache.xerces.internal.xni.XMLString, com.sun.org.apache.xerces.internal.xni.Augmentations)#0&quot; }"/>
        </annotation>
    </item>
    <item name='com.sun.org.apache.xerces.internal.jaxp.JAXPValidatorComponent.XNI2SAX void endElement(com.sun.org.apache.xerces.internal.xni.QName, com.sun.org.apache.xerces.internal.xni.Augmentations)'>
        <annotation name='com.intellij.inspections.tainted.annotation.equation.Equations'>
            <val val="{ &quot;element := JAXPValidatorComponent#endElement(com.sun.org.apache.xerces.internal.xni.QName, com.sun.org.apache.xerces.internal.xni.Augmentations)#0 &amp; #emptyElement(com.sun.org.apache.xerces.internal.xni.QName, com.sun.org.apache.xerces.internal.xni.XMLAttributes, com.sun.org.apache.xerces.internal.xni.Augmentations)#0&quot;, &quot;augs := #emptyElement(com.sun.org.apache.xerces.internal.xni.QName, com.sun.org.apache.xerces.internal.xni.XMLAttributes, com.sun.org.apache.xerces.internal.xni.Augmentations)#2&quot; }"/>
        </annotation>
    </item>
    <item name='com.sun.org.apache.xerces.internal.jaxp.JAXPValidatorComponent.XNI2SAX void ignorableWhitespace(com.sun.org.apache.xerces.internal.xni.XMLString, com.sun.org.apache.xerces.internal.xni.Augmentations)'>
        <annotation name='com.intellij.inspections.tainted.annotation.equation.Equations'>
            <val val="{ &quot;text := JAXPValidatorComponent#ignorableWhitespace(com.sun.org.apache.xerces.internal.xni.XMLString, com.sun.org.apache.xerces.internal.xni.Augmentations)#0&quot; }"/>
        </annotation>
    </item>
    <item name='com.sun.org.apache.xerces.internal.jaxp.JAXPValidatorComponent.XNI2SAX void setContentHandler(org.xml.sax.ContentHandler)'>
        <annotation name='com.intellij.inspections.tainted.annotation.equation.Equations'>
            <val val="{ &quot;handler := JAXPValidatorComponent&quot; }"/>
        </annotation>
    </item>
    <item name='com.sun.org.apache.xerces.internal.jaxp.JAXPValidatorComponent.XNI2SAX void startElement(com.sun.org.apache.xerces.internal.xni.QName, com.sun.org.apache.xerces.internal.xni.XMLAttributes, com.sun.org.apache.xerces.internal.xni.Augmentations)'>
        <annotation name='com.intellij.inspections.tainted.annotation.equation.Equations'>
            <val val="{ &quot;augs := #emptyElement(com.sun.org.apache.xerces.internal.xni.QName, com.sun.org.apache.xerces.internal.xni.XMLAttributes, com.sun.org.apache.xerces.internal.xni.Augmentations)#2&quot;, &quot;attributes := JAXPValidatorComponent#startElement(com.sun.org.apache.xerces.internal.xni.QName, com.sun.org.apache.xerces.internal.xni.XMLAttributes, com.sun.org.apache.xerces.internal.xni.Augmentations)#1 &amp; #emptyElement(com.sun.org.apache.xerces.internal.xni.QName, com.sun.org.apache.xerces.internal.xni.XMLAttributes, com.sun.org.apache.xerces.internal.xni.Augmentations)#1&quot;, &quot;element := JAXPValidatorComponent#startElement(com.sun.org.apache.xerces.internal.xni.QName, com.sun.org.apache.xerces.internal.xni.XMLAttributes, com.sun.org.apache.xerces.internal.xni.Augmentations)#0 &amp; #emptyElement(com.sun.org.apache.xerces.internal.xni.QName, com.sun.org.apache.xerces.internal.xni.XMLAttributes, com.sun.org.apache.xerces.internal.xni.Augmentations)#0&quot; }"/>
        </annotation>
    </item>
    <item name='com.sun.org.apache.xerces.internal.jaxp.SAXParserFactoryImpl'>
        <annotation name='com.intellij.inspections.tainted.annotation.equation.Equations'>
            <val val="{ &quot;SAXParserFactoryImpl := #setSchema(javax.xml.validation.Schema)#0&quot; }"/>
        </annotation>
    </item>
    <item name='com.sun.org.apache.xerces.internal.jaxp.SAXParserFactoryImpl boolean getFromFeatures(java.lang.String)'>
        <annotation name='com.intellij.inspections.tainted.annotation.equation.Equations'>
            <val val="{ &quot;name := #XINCLUDE_FEATURE &amp; #VALIDATION_FEATURE &amp; #NAMESPACES_FEATURE&quot; }"/>
        </annotation>
    </item>
    <item name='com.sun.org.apache.xerces.internal.jaxp.SAXParserFactoryImpl javax.xml.validation.Schema getSchema()'>
        <annotation name='com.intellij.inspections.tainted.annotation.equation.Equations'>
            <val val="{ &quot;getSchema := SAXParserFactoryImpl&quot; }"/>
        </annotation>
    </item>
    <item name='com.sun.org.apache.xerces.internal.jaxp.SAXParserFactoryImpl void putInFeatures(java.lang.String, boolean)'>
        <annotation name='com.intellij.inspections.tainted.annotation.equation.Equations'>
            <val val="{ &quot;name := #setFeature(java.lang.String, boolean)#0 &amp; #XINCLUDE_FEATURE &amp; #VALIDATION_FEATURE &amp; #NAMESPACES_FEATURE&quot; }"/>
        </annotation>
    </item>
    <item name='com.sun.org.apache.xerces.internal.jaxp.SAXParserImpl SAXParserImpl(com.sun.org.apache.xerces.internal.jaxp.SAXParserFactoryImpl, java.util.Map&lt;java.lang.String,java.lang.Boolean&gt;)'>
        <annotation name='com.intellij.inspections.tainted.annotation.equation.Equations'>
            <val val="{ &quot;features := SAXParserFactoryImpl&quot;, &quot;spf := SAXParserFactoryImpl&quot;, &quot;SAXParserImpl := SAXParserImpl&quot; }"/>
        </annotation>
    </item>
    <item name='com.sun.org.apache.xerces.internal.jaxp.SAXParserImpl SAXParserImpl(com.sun.org.apache.xerces.internal.jaxp.SAXParserFactoryImpl, java.util.Map&lt;java.lang.String,java.lang.Boolean&gt;, boolean)'>
        <annotation name='com.intellij.inspections.tainted.annotation.equation.Equations'>
            <val val="{ &quot;SAXParserImpl := SAXParserImpl&quot;, &quot;features := #SAXParserImpl(com.sun.org.apache.xerces.internal.jaxp.SAXParserFactoryImpl, java.util.Map)#1 &amp; SAXParserFactoryImpl&quot;, &quot;spf := #SAXParserImpl(com.sun.org.apache.xerces.internal.jaxp.SAXParserFactoryImpl, java.util.Map)#0 &amp; SAXParserFactoryImpl&quot; }"/>
        </annotation>
    </item>
    <item name='com.sun.org.apache.xerces.internal.jaxp.SAXParserImpl javax.xml.validation.Schema getSchema()'>
        <annotation name='com.intellij.inspections.tainted.annotation.equation.Equations'>
            <val val="{ &quot;getSchema := SAXParserImpl&quot; }"/>
        </annotation>
    </item>
    <item name='com.sun.org.apache.xerces.internal.jaxp.SAXParserImpl org.xml.sax.Parser getParser()'>
        <annotation name='com.intellij.inspections.tainted.annotation.equation.Equations'>
            <val val="{ &quot;getParser := SAXParserImpl&quot; }"/>
        </annotation>
    </item>
    <item name='com.sun.org.apache.xerces.internal.jaxp.SAXParserImpl org.xml.sax.XMLReader getXMLReader()'>
        <annotation name='com.intellij.inspections.tainted.annotation.equation.Equations'>
            <val val="{ &quot;getXMLReader := SAXParserImpl&quot; }"/>
        </annotation>
    </item>
    <item name='com.sun.org.apache.xerces.internal.jaxp.SAXParserImpl void setFeatures(java.util.Map&lt;java.lang.String,java.lang.Boolean&gt;)'>
        <annotation name='com.intellij.inspections.tainted.annotation.equation.Equations'>
            <val val="{ &quot;features := #SAXParserImpl(com.sun.org.apache.xerces.internal.jaxp.SAXParserFactoryImpl, java.util.Map, boolean)#1&quot; }"/>
        </annotation>
    </item>
    <item name='com.sun.org.apache.xerces.internal.jaxp.SAXParserImpl.JAXPSAXParser'>
        <annotation name='com.intellij.inspections.tainted.annotation.equation.Equations'>
            <val val="{ &quot;JAXPSAXParser := &quot; }"/>
        </annotation>
    </item>
    <item name='com.sun.org.apache.xerces.internal.jaxp.SAXParserImpl.JAXPSAXParser JAXPSAXParser()'>
        <annotation name='com.intellij.inspections.tainted.annotation.equation.Equations'>
            <val val="{ &quot;JAXPSAXParser := SAXParserImpl.JAXPSAXParser&quot; }"/>
        </annotation>
    </item>
    <item name='com.sun.org.apache.xerces.internal.jaxp.SAXParserImpl.JAXPSAXParser JAXPSAXParser(com.sun.org.apache.xerces.internal.jaxp.SAXParserImpl, com.sun.org.apache.xerces.internal.utils.XMLSecurityPropertyManager, com.sun.org.apache.xerces.internal.utils.XMLSecurityManager)'>
        <annotation name='com.intellij.inspections.tainted.annotation.equation.Equations'>
            <val val="{ &quot;JAXPSAXParser := SAXParserImpl.JAXPSAXParser&quot;, &quot;securityPropertyMgr := SAXParserImpl&quot;, &quot;saxParser := SAXParserImpl&quot;, &quot;securityManager := SAXParserImpl&quot; }"/>
        </annotation>
    </item>
    <item name='com.sun.org.apache.xerces.internal.jaxp.SAXParserImpl.JAXPSAXParser boolean getFeature(java.lang.String)'>
        <annotation name='com.intellij.inspections.tainted.annotation.equation.Equations'>
            <val val="{ &quot;name := SAXParserImpl#NAMESPACES_FEATURE &amp; SAXParserImpl#VALIDATION_FEATURE &amp; SAXParserImpl#XINCLUDE_FEATURE&quot; }"/>
        </annotation>
    </item>
    <item name='com.sun.org.apache.xerces.internal.jaxp.SAXParserImpl.JAXPSAXParser com.sun.org.apache.xerces.internal.xni.parser.XMLParserConfiguration getXMLParserConfiguration()'>
        <annotation name='com.intellij.inspections.tainted.annotation.equation.Equations'>
            <val val="{ &quot;getXMLParserConfiguration := SAXParserImpl.JAXPSAXParser&quot; }"/>
        </annotation>
    </item>
    <item name='com.sun.org.apache.xerces.internal.jaxp.SAXParserImpl.JAXPSAXParser java.lang.Object getProperty(java.lang.String)'>
        <annotation name='com.intellij.inspections.tainted.annotation.equation.Equations'>
            <val val="{ &quot;getProperty := SAXParserImpl.JAXPSAXParser&quot;, &quot;name := SAXParserImpl#getProperty(java.lang.String)#0 &amp; JAXPConstants#JAXP_SCHEMA_LANGUAGE&quot; }"/>
        </annotation>
    </item>
    <item name='com.sun.org.apache.xerces.internal.jaxp.SAXParserImpl.JAXPSAXParser void parse(org.xml.sax.InputSource)'>
        <annotation name='com.intellij.inspections.tainted.annotation.equation.Equations'>
            <val val="{ &quot;inputSource := SAXParserImpl#parse(org.xml.sax.InputSource, org.xml.sax.helpers.DefaultHandler)#0 &amp; SAXParserImpl#parse(org.xml.sax.InputSource, org.xml.sax.HandlerBase)#0&quot; }"/>
        </annotation>
    </item>
    <item name='com.sun.org.apache.xerces.internal.jaxp.SAXParserImpl.JAXPSAXParser void setFeature(java.lang.String, boolean)'>
        <annotation name='com.intellij.inspections.tainted.annotation.equation.Equations'>
            <val val="{ &quot;name := SAXParserImpl#XMLSCHEMA_VALIDATION_FEATURE&quot; }"/>
        </annotation>
    </item>
    <item name='com.sun.org.apache.xerces.internal.jaxp.SAXParserImpl.JAXPSAXParser void setFeature0(java.lang.String, boolean)'>
        <annotation name='com.intellij.inspections.tainted.annotation.equation.Equations'>
            <val val="{ &quot;name := SAXParserImpl#NAMESPACES_FEATURE &amp; SAXParserImpl#NAMESPACE_PREFIXES_FEATURE &amp; SAXParserImpl#XINCLUDE_FEATURE &amp; SAXParserImpl#VALIDATION_FEATURE&quot; }"/>
        </annotation>
    </item>
    <item name='com.sun.org.apache.xerces.internal.jaxp.SAXParserImpl.JAXPSAXParser void setProperty(java.lang.String, java.lang.Object)'>
        <annotation name='com.intellij.inspections.tainted.annotation.equation.Equations'>
            <val val="{ &quot;name := SAXParserImpl#setProperty(java.lang.String, java.lang.Object)#0 &amp; SAXParserImpl#SECURITY_MANAGER&quot;, &quot;value := SAXParserImpl#setProperty(java.lang.String, java.lang.Object)#1 &amp; SAXParserImpl.JAXPSAXParser&quot; }"/>
        </annotation>
    </item>
    <item name='com.sun.org.apache.xerces.internal.jaxp.SAXParserImpl.JAXPSAXParser void setProperty0(java.lang.String, java.lang.Object)'>
        <annotation name='com.intellij.inspections.tainted.annotation.equation.Equations'>
            <val val="{ &quot;name := SAXParserImpl#XML_SECURITY_PROPERTY_MANAGER &amp; SAXParserImpl#SECURITY_MANAGER&quot;, &quot;value := SAXParserImpl&quot; }"/>
        </annotation>
    </item>
    <item name='com.sun.org.apache.xerces.internal.jaxp.SAXParserImpl.JAXPSAXParser void setSchemaValidatorFeature(java.lang.String, boolean)'>
        <annotation name='com.intellij.inspections.tainted.annotation.equation.Equations'>
            <val val="{ &quot;name := #setFeature(java.lang.String, boolean)#0&quot; }"/>
        </annotation>
    </item>
    <item name='com.sun.org.apache.xerces.internal.jaxp.SAXParserImpl.JAXPSAXParser void setSchemaValidatorProperty(java.lang.String, java.lang.Object)'>
        <annotation name='com.intellij.inspections.tainted.annotation.equation.Equations'>
            <val val="{ &quot;name := #setProperty(java.lang.String, java.lang.Object)#0&quot;, &quot;value := #setProperty(java.lang.String, java.lang.Object)#1&quot; }"/>
        </annotation>
    </item>
    <item name='com.sun.org.apache.xerces.internal.jaxp.SchemaValidatorConfiguration SchemaValidatorConfiguration(com.sun.org.apache.xerces.internal.xni.parser.XMLComponentManager, com.sun.org.apache.xerces.internal.jaxp.validation.XSGrammarPoolContainer, com.sun.org.apache.xerces.internal.impl.validation.ValidationManager)'>
        <annotation name='com.intellij.inspections.tainted.annotation.equation.Equations'>
            <val val="{ &quot;grammarContainer := DocumentBuilderImpl &amp; SAXParserImpl&quot;, &quot;validationManager := DocumentBuilderImpl &amp; SAXParserImpl&quot;, &quot;SchemaValidatorConfiguration := SchemaValidatorConfiguration&quot; }"/>
        </annotation>
    </item>
    <item name='com.sun.org.apache.xerces.internal.jaxp.SchemaValidatorConfiguration com.sun.org.apache.xerces.internal.util.FeatureState getFeatureState(java.lang.String)'>
        <annotation name='com.intellij.inspections.tainted.annotation.equation.Equations'>
            <val val="{ &quot;featureId := #getFeature(java.lang.String)#0 &amp; #getFeature(java.lang.String, boolean)#0&quot; }"/>
        </annotation>
    </item>
    <item name='com.sun.org.apache.xerces.internal.jaxp.SchemaValidatorConfiguration com.sun.org.apache.xerces.internal.util.PropertyState getPropertyState(java.lang.String)'>
        <annotation name='com.intellij.inspections.tainted.annotation.equation.Equations'>
            <val val="{ &quot;propertyId := #getProperty(java.lang.String)#0 &amp; #getProperty(java.lang.String, java.lang.Object)#0&quot; }"/>
        </annotation>
    </item>
    <item name='com.sun.org.apache.xerces.internal.jaxp.SchemaValidatorConfiguration java.lang.Object getProperty(java.lang.String, java.lang.Object)'>
        <annotation name='com.intellij.inspections.tainted.annotation.equation.Equations'>
            <val val="{ &quot;getProperty := defaultValue&quot; }"/>
        </annotation>
    </item>
    <item name='com.sun.org.apache.xerces.internal.jaxp.TeeXMLDocumentFilterImpl'>
        <annotation name='com.intellij.inspections.tainted.annotation.equation.Equations'>
            <val val="{ &quot;TeeXMLDocumentFilterImpl := #setDocumentHandler(com.sun.org.apache.xerces.internal.xni.XMLDocumentHandler)#0 &amp; #setDocumentSource(com.sun.org.apache.xerces.internal.xni.parser.XMLDocumentSource)#0&quot; }"/>
        </annotation>
    </item>
    <item name='com.sun.org.apache.xerces.internal.jaxp.TeeXMLDocumentFilterImpl com.sun.org.apache.xerces.internal.xni.XMLDocumentHandler getDocumentHandler()'>
        <annotation name='com.intellij.inspections.tainted.annotation.equation.Equations'>
            <val val="{ &quot;getDocumentHandler := TeeXMLDocumentFilterImpl&quot; }"/>
        </annotation>
    </item>
    <item name='com.sun.org.apache.xerces.internal.jaxp.TeeXMLDocumentFilterImpl com.sun.org.apache.xerces.internal.xni.XMLDocumentHandler getSide()'>
        <annotation name='com.intellij.inspections.tainted.annotation.equation.Equations'>
            <val val="{ &quot;getSide := TeeXMLDocumentFilterImpl&quot; }"/>
        </annotation>
    </item>
    <item name='com.sun.org.apache.xerces.internal.jaxp.TeeXMLDocumentFilterImpl com.sun.org.apache.xerces.internal.xni.parser.XMLDocumentSource getDocumentSource()'>
        <annotation name='com.intellij.inspections.tainted.annotation.equation.Equations'>
            <val val="{ &quot;getDocumentSource := TeeXMLDocumentFilterImpl&quot; }"/>
        </annotation>
    </item>
    <item name='com.sun.org.apache.xerces.internal.jaxp.TeeXMLDocumentFilterImpl void characters(com.sun.org.apache.xerces.internal.xni.XMLString, com.sun.org.apache.xerces.internal.xni.Augmentations)'>
        <annotation name='com.intellij.inspections.tainted.annotation.equation.Equations'>
            <val val="{ &quot;text := JAXPValidatorComponent#characters(com.sun.org.apache.xerces.internal.xni.XMLString, com.sun.org.apache.xerces.internal.xni.Augmentations)#0&quot;, &quot;augs := JAXPValidatorComponent#characters(com.sun.org.apache.xerces.internal.xni.XMLString, com.sun.org.apache.xerces.internal.xni.Augmentations)#1&quot; }"/>
        </annotation>
    </item>
    <item name='com.sun.org.apache.xerces.internal.jaxp.TeeXMLDocumentFilterImpl void emptyElement(com.sun.org.apache.xerces.internal.xni.QName, com.sun.org.apache.xerces.internal.xni.XMLAttributes, com.sun.org.apache.xerces.internal.xni.Augmentations)'>
        <annotation name='com.intellij.inspections.tainted.annotation.equation.Equations'>
            <val val="{ &quot;attributes := JAXPValidatorComponent#emptyElement(com.sun.org.apache.xerces.internal.xni.QName, com.sun.org.apache.xerces.internal.xni.XMLAttributes, com.sun.org.apache.xerces.internal.xni.Augmentations)#1&quot;, &quot;augs := JAXPValidatorComponent#emptyElement(com.sun.org.apache.xerces.internal.xni.QName, com.sun.org.apache.xerces.internal.xni.XMLAttributes, com.sun.org.apache.xerces.internal.xni.Augmentations)#2&quot;, &quot;element := JAXPValidatorComponent#emptyElement(com.sun.org.apache.xerces.internal.xni.QName, com.sun.org.apache.xerces.internal.xni.XMLAttributes, com.sun.org.apache.xerces.internal.xni.Augmentations)#0&quot; }"/>
        </annotation>
    </item>
    <item name='com.sun.org.apache.xerces.internal.jaxp.TeeXMLDocumentFilterImpl void endElement(com.sun.org.apache.xerces.internal.xni.QName, com.sun.org.apache.xerces.internal.xni.Augmentations)'>
        <annotation name='com.intellij.inspections.tainted.annotation.equation.Equations'>
            <val val="{ &quot;element := JAXPValidatorComponent#endElement(com.sun.org.apache.xerces.internal.xni.QName, com.sun.org.apache.xerces.internal.xni.Augmentations)#0&quot;, &quot;augs := JAXPValidatorComponent#endElement(com.sun.org.apache.xerces.internal.xni.QName, com.sun.org.apache.xerces.internal.xni.Augmentations)#1&quot; }"/>
        </annotation>
    </item>
    <item name='com.sun.org.apache.xerces.internal.jaxp.TeeXMLDocumentFilterImpl void ignorableWhitespace(com.sun.org.apache.xerces.internal.xni.XMLString, com.sun.org.apache.xerces.internal.xni.Augmentations)'>
        <annotation name='com.intellij.inspections.tainted.annotation.equation.Equations'>
            <val val="{ &quot;augs := JAXPValidatorComponent#ignorableWhitespace(com.sun.org.apache.xerces.internal.xni.XMLString, com.sun.org.apache.xerces.internal.xni.Augmentations)#1&quot;, &quot;text := JAXPValidatorComponent#ignorableWhitespace(com.sun.org.apache.xerces.internal.xni.XMLString, com.sun.org.apache.xerces.internal.xni.Augmentations)#0&quot; }"/>
        </annotation>
    </item>
    <item name='com.sun.org.apache.xerces.internal.jaxp.TeeXMLDocumentFilterImpl void setSide(com.sun.org.apache.xerces.internal.xni.XMLDocumentHandler)'>
        <annotation name='com.intellij.inspections.tainted.annotation.equation.Equations'>
            <val val="{ &quot;side := JAXPValidatorComponent&quot; }"/>
        </annotation>
    </item>
    <item name='com.sun.org.apache.xerces.internal.jaxp.TeeXMLDocumentFilterImpl void startElement(com.sun.org.apache.xerces.internal.xni.QName, com.sun.org.apache.xerces.internal.xni.XMLAttributes, com.sun.org.apache.xerces.internal.xni.Augmentations)'>
        <annotation name='com.intellij.inspections.tainted.annotation.equation.Equations'>
            <val val="{ &quot;augs := JAXPValidatorComponent#startElement(com.sun.org.apache.xerces.internal.xni.QName, com.sun.org.apache.xerces.internal.xni.XMLAttributes, com.sun.org.apache.xerces.internal.xni.Augmentations)#2&quot;, &quot;element := JAXPValidatorComponent#startElement(com.sun.org.apache.xerces.internal.xni.QName, com.sun.org.apache.xerces.internal.xni.XMLAttributes, com.sun.org.apache.xerces.internal.xni.Augmentations)#0&quot;, &quot;attributes := JAXPValidatorComponent#startElement(com.sun.org.apache.xerces.internal.xni.QName, com.sun.org.apache.xerces.internal.xni.XMLAttributes, com.sun.org.apache.xerces.internal.xni.Augmentations)#1&quot; }"/>
        </annotation>
    </item>
    <item name='com.sun.org.apache.xerces.internal.jaxp.UnparsedEntityHandler'>
        <annotation name='com.intellij.inspections.tainted.annotation.equation.Equations'>
            <val val="{ &quot;UnparsedEntityHandler := #setDTDSource(com.sun.org.apache.xerces.internal.xni.parser.XMLDTDSource)#0&quot; }"/>
        </annotation>
    </item>
    <item name='com.sun.org.apache.xerces.internal.jaxp.UnparsedEntityHandler UnparsedEntityHandler(com.sun.org.apache.xerces.internal.impl.validation.ValidationManager)'>
        <annotation name='com.intellij.inspections.tainted.annotation.equation.Equations'>
            <val val="{ &quot;manager := DocumentBuilderImpl &amp; SAXParserImpl&quot;, &quot;UnparsedEntityHandler := UnparsedEntityHandler&quot; }"/>
        </annotation>
    </item>
    <item name='com.sun.org.apache.xerces.internal.jaxp.UnparsedEntityHandler com.sun.org.apache.xerces.internal.xni.XMLDTDHandler getDTDHandler()'>
        <annotation name='com.intellij.inspections.tainted.annotation.equation.Equations'>
            <val val="{ &quot;getDTDHandler := UnparsedEntityHandler&quot; }"/>
        </annotation>
    </item>
    <item name='com.sun.org.apache.xerces.internal.jaxp.UnparsedEntityHandler com.sun.org.apache.xerces.internal.xni.parser.XMLDTDSource getDTDSource()'>
        <annotation name='com.intellij.inspections.tainted.annotation.equation.Equations'>
            <val val="{ &quot;getDTDSource := UnparsedEntityHandler&quot; }"/>
        </annotation>
    </item>
    <item name='com.sun.org.apache.xerces.internal.jaxp.UnparsedEntityHandler void setDTDHandler(com.sun.org.apache.xerces.internal.xni.XMLDTDHandler)'>
        <annotation name='com.intellij.inspections.tainted.annotation.equation.Equations'>
            <val val="{ &quot;handler := DocumentBuilderImpl &amp; SAXParserImpl&quot; }"/>
        </annotation>
    </item>
</root>