<root>
    <item name='javax.print.event.PrintEvent PrintEvent(java.lang.Object)'>
        <annotation name='com.intellij.inspections.tainted.annotation.equation.Equations'>
            <val val="{ &quot;source := PrintJobEvent#PrintJobEvent(javax.print.DocPrintJob, int)#0 &amp; PrintServiceAttributeEvent#PrintServiceAttributeEvent(javax.print.PrintService, javax.print.attribute.PrintServiceAttributeSet)#0 &amp; PrintJobAttributeEvent#PrintJobAttributeEvent(javax.print.DocPrintJob, javax.print.attribute.PrintJobAttributeSet)#0&quot;, &quot;PrintEvent := PrintEvent&quot; }"/>
        </annotation>
    </item>
    <item name='javax.print.event.PrintJobAttributeEvent PrintJobAttributeEvent(javax.print.DocPrintJob, javax.print.attribute.PrintJobAttributeSet)'>
        <annotation name='com.intellij.inspections.tainted.annotation.equation.Equations'>
            <val val="{ &quot;PrintJobAttributeEvent := PrintJobAttributeEvent&quot; }"/>
        </annotation>
    </item>
    <item name='javax.print.event.PrintJobEvent PrintJobEvent(javax.print.DocPrintJob, int)'>
        <annotation name='com.intellij.inspections.tainted.annotation.equation.Equations'>
            <val val="{ &quot;PrintJobEvent := PrintJobEvent&quot; }"/>
        </annotation>
    </item>
    <item name='javax.print.event.PrintServiceAttributeEvent PrintServiceAttributeEvent(javax.print.PrintService, javax.print.attribute.PrintServiceAttributeSet)'>
        <annotation name='com.intellij.inspections.tainted.annotation.equation.Equations'>
            <val val="{ &quot;PrintServiceAttributeEvent := PrintServiceAttributeEvent&quot; }"/>
        </annotation>
    </item>
</root>