<root>
    <item name='javax.json.stream.JsonGenerationException JsonGenerationException(java.lang.String)'>
        <annotation name='com.intellij.inspections.tainted.annotation.equation.Equations'>
            <val val="{ &quot;JsonGenerationException := JsonGenerationException&quot; }"/>
        </annotation>
    </item>
    <item name='javax.json.stream.JsonGenerationException JsonGenerationException(java.lang.String, java.lang.Throwable)'>
        <annotation name='com.intellij.inspections.tainted.annotation.equation.Equations'>
            <val val="{ &quot;JsonGenerationException := JsonGenerationException&quot; }"/>
        </annotation>
    </item>
    <item name='javax.json.stream.JsonParsingException'>
        <annotation name='com.intellij.inspections.tainted.annotation.equation.Equations'>
            <val val="{ &quot;JsonParsingException := #JsonParsingException(java.lang.String, javax.json.stream.JsonLocation)#1 &amp; #JsonParsingException(java.lang.String, java.lang.Throwable, javax.json.stream.JsonLocation)#2&quot; }"/>
        </annotation>
    </item>
    <item name='javax.json.stream.JsonParsingException JsonParsingException(java.lang.String, java.lang.Throwable, javax.json.stream.JsonLocation)'>
        <annotation name='com.intellij.inspections.tainted.annotation.equation.Equations'>
            <val val="{ &quot;JsonParsingException := JsonParsingException&quot; }"/>
        </annotation>
    </item>
    <item name='javax.json.stream.JsonParsingException JsonParsingException(java.lang.String, javax.json.stream.JsonLocation)'>
        <annotation name='com.intellij.inspections.tainted.annotation.equation.Equations'>
            <val val="{ &quot;JsonParsingException := JsonParsingException&quot; }"/>
        </annotation>
    </item>
    <item name='javax.json.stream.JsonParsingException javax.json.stream.JsonLocation getLocation()'>
        <annotation name='com.intellij.inspections.tainted.annotation.equation.Equations'>
            <val val="{ &quot;getLocation := JsonParsingException&quot; }"/>
        </annotation>
    </item>
</root>