<root>
    <item name='org.hibernate.envers.internal.entities.mapper.id.AbstractCompositeIdMapper'>
        <annotation name='com.intellij.inspections.tainted.annotation.equation.Equations'>
            <val val="{ &quot;AbstractCompositeIdMapper := #AbstractCompositeIdMapper(java.lang.Class, org.hibernate.service.ServiceRegistry)#0&quot; }"/>
        </annotation>
    </item>
    <item name='org.hibernate.envers.internal.entities.mapper.id.AbstractCompositeIdMapper AbstractCompositeIdMapper(java.lang.Class, org.hibernate.service.ServiceRegistry)'>
        <annotation name='com.intellij.inspections.tainted.annotation.equation.Equations'>
            <val val="{ &quot;compositeIdClass := EmbeddedIdMapper#EmbeddedIdMapper(org.hibernate.envers.internal.entities.PropertyData, java.lang.Class, org.hibernate.service.ServiceRegistry)#1 &amp; MultipleIdMapper#MultipleIdMapper(java.lang.Class, org.hibernate.service.ServiceRegistry)#0&quot;, &quot;serviceRegistry := EmbeddedIdMapper#EmbeddedIdMapper(org.hibernate.envers.internal.entities.PropertyData, java.lang.Class, org.hibernate.service.ServiceRegistry)#2 &amp; MultipleIdMapper#MultipleIdMapper(java.lang.Class, org.hibernate.service.ServiceRegistry)#1&quot;, &quot;AbstractCompositeIdMapper := AbstractCompositeIdMapper&quot; }"/>
        </annotation>
    </item>
    <item name='org.hibernate.envers.internal.entities.mapper.id.AbstractCompositeIdMapper java.lang.Object instantiateCompositeId()'>
        <annotation name='com.intellij.inspections.tainted.annotation.equation.Equations'>
            <val val="{ &quot;instantiateCompositeId := &quot; }"/>
        </annotation>
    </item>
    <item name='org.hibernate.envers.internal.entities.mapper.id.AbstractCompositeIdMapper java.lang.Object mapToIdFromMap(java.util.Map)'>
        <annotation name='com.intellij.inspections.tainted.annotation.equation.Equations'>
            <val val="{ &quot;mapToIdFromMap := &quot;, &quot;data := IdMapper#mapToIdFromMap(java.util.Map)#0&quot; }"/>
        </annotation>
    </item>
    <item name='org.hibernate.envers.internal.entities.mapper.id.AbstractCompositeIdMapper void add(org.hibernate.envers.internal.entities.PropertyData)'>
        <annotation name='com.intellij.inspections.tainted.annotation.equation.Equations'>
            <val val="{ &quot;propertyData := org.hibernate.envers.internal.entities.mapper.SimpleMapperBuilder#add(org.hibernate.envers.internal.entities.PropertyData)#0&quot; }"/>
        </annotation>
    </item>
    <item name='org.hibernate.envers.internal.entities.mapper.id.AbstractIdMapper'>
        <annotation name='com.intellij.inspections.tainted.annotation.equation.Equations'>
            <val val="{ &quot;AbstractIdMapper := #AbstractIdMapper(org.hibernate.service.ServiceRegistry)#0&quot; }"/>
        </annotation>
    </item>
    <item name='org.hibernate.envers.internal.entities.mapper.id.AbstractIdMapper AbstractIdMapper(org.hibernate.service.ServiceRegistry)'>
        <annotation name='com.intellij.inspections.tainted.annotation.equation.Equations'>
            <val val="{ &quot;AbstractIdMapper := AbstractIdMapper&quot;, &quot;serviceRegistry := SingleIdMapper#SingleIdMapper(org.hibernate.service.ServiceRegistry)#0 &amp; AbstractCompositeIdMapper#AbstractCompositeIdMapper(java.lang.Class, org.hibernate.service.ServiceRegistry)#1&quot; }"/>
        </annotation>
    </item>
    <item name='org.hibernate.envers.internal.entities.mapper.id.AbstractIdMapper org.hibernate.envers.internal.tools.query.Parameters getParametersToUse(org.hibernate.envers.internal.tools.query.Parameters, java.util.List&lt;org.hibernate.envers.internal.entities.mapper.id.QueryParameterData&gt;)'>
        <annotation name='com.intellij.inspections.tainted.annotation.equation.Equations'>
            <val val="{ &quot;paramDatas := &quot;, &quot;parameters := #addIdsEqualToQuery(org.hibernate.envers.internal.tools.query.Parameters, java.lang.String, java.lang.String)#0 &amp; #addIdsEqualToQuery(org.hibernate.envers.internal.tools.query.Parameters, java.lang.String, org.hibernate.envers.internal.entities.mapper.id.IdMapper, java.lang.String)#0 &amp; #addIdEqualsToQuery(org.hibernate.envers.internal.tools.query.Parameters, java.lang.Object, java.lang.String, java.lang.String, boolean)#0 &amp; #addNamedIdEqualsToQuery(org.hibernate.envers.internal.tools.query.Parameters, java.lang.String, boolean)#0 &amp; #addNamedIdEqualsToQuery(org.hibernate.envers.internal.tools.query.Parameters, java.lang.String, org.hibernate.envers.internal.entities.mapper.id.IdMapper, boolean)#0&quot;, &quot;getParametersToUse := parameters&quot; }"/>
        </annotation>
    </item>
    <item name='org.hibernate.envers.internal.entities.mapper.id.AbstractIdMapper org.hibernate.service.ServiceRegistry getServiceRegistry()'>
        <annotation name='com.intellij.inspections.tainted.annotation.equation.Equations'>
            <val val="{ &quot;getServiceRegistry := AbstractIdMapper&quot; }"/>
        </annotation>
    </item>
    <item name='org.hibernate.envers.internal.entities.mapper.id.AbstractIdMapper void addIdEqualsToQuery(org.hibernate.envers.internal.tools.query.Parameters, java.lang.Object, java.lang.String, java.lang.String, boolean)'>
        <annotation name='com.intellij.inspections.tainted.annotation.equation.Equations'>
            <val val="{ &quot;id := IdMapper#addIdEqualsToQuery(org.hibernate.envers.internal.tools.query.Parameters, java.lang.Object, java.lang.String, java.lang.String, boolean)#1&quot;, &quot;equals := IdMapper#addIdEqualsToQuery(org.hibernate.envers.internal.tools.query.Parameters, java.lang.Object, java.lang.String, java.lang.String, boolean)#4&quot;, &quot;alias := IdMapper#addIdEqualsToQuery(org.hibernate.envers.internal.tools.query.Parameters, java.lang.Object, java.lang.String, java.lang.String, boolean)#2&quot;, &quot;prefix := IdMapper#addIdEqualsToQuery(org.hibernate.envers.internal.tools.query.Parameters, java.lang.Object, java.lang.String, java.lang.String, boolean)#3&quot;, &quot;parameters := IdMapper#addIdEqualsToQuery(org.hibernate.envers.internal.tools.query.Parameters, java.lang.Object, java.lang.String, java.lang.String, boolean)#0&quot; }"/>
        </annotation>
    </item>
    <item name='org.hibernate.envers.internal.entities.mapper.id.AbstractIdMapper void addIdsEqualToQuery(org.hibernate.envers.internal.tools.query.Parameters, java.lang.String, java.lang.String)'>
        <annotation name='com.intellij.inspections.tainted.annotation.equation.Equations'>
            <val val="{ &quot;prefix1 := IdMapper#addIdsEqualToQuery(org.hibernate.envers.internal.tools.query.Parameters, java.lang.String, java.lang.String)#1&quot;, &quot;parameters := IdMapper#addIdsEqualToQuery(org.hibernate.envers.internal.tools.query.Parameters, java.lang.String, java.lang.String)#0&quot;, &quot;prefix2 := IdMapper#addIdsEqualToQuery(org.hibernate.envers.internal.tools.query.Parameters, java.lang.String, java.lang.String)#2&quot; }"/>
        </annotation>
    </item>
    <item name='org.hibernate.envers.internal.entities.mapper.id.AbstractIdMapper void addIdsEqualToQuery(org.hibernate.envers.internal.tools.query.Parameters, java.lang.String, org.hibernate.envers.internal.entities.mapper.id.IdMapper, java.lang.String)'>
        <annotation name='com.intellij.inspections.tainted.annotation.equation.Equations'>
            <val val="{ &quot;prefix2 := IdMapper#addIdsEqualToQuery(org.hibernate.envers.internal.tools.query.Parameters, java.lang.String, org.hibernate.envers.internal.entities.mapper.id.IdMapper, java.lang.String)#3&quot;, &quot;prefix1 := IdMapper#addIdsEqualToQuery(org.hibernate.envers.internal.tools.query.Parameters, java.lang.String, org.hibernate.envers.internal.entities.mapper.id.IdMapper, java.lang.String)#1&quot;, &quot;mapper2 := IdMapper#addIdsEqualToQuery(org.hibernate.envers.internal.tools.query.Parameters, java.lang.String, org.hibernate.envers.internal.entities.mapper.id.IdMapper, java.lang.String)#2&quot;, &quot;parameters := IdMapper#addIdsEqualToQuery(org.hibernate.envers.internal.tools.query.Parameters, java.lang.String, org.hibernate.envers.internal.entities.mapper.id.IdMapper, java.lang.String)#0&quot; }"/>
        </annotation>
    </item>
    <item name='org.hibernate.envers.internal.entities.mapper.id.AbstractIdMapper void addNamedIdEqualsToQuery(org.hibernate.envers.internal.tools.query.Parameters, java.lang.String, boolean)'>
        <annotation name='com.intellij.inspections.tainted.annotation.equation.Equations'>
            <val val="{ &quot;parameters := IdMapper#addNamedIdEqualsToQuery(org.hibernate.envers.internal.tools.query.Parameters, java.lang.String, boolean)#0&quot;, &quot;equals := IdMapper#addNamedIdEqualsToQuery(org.hibernate.envers.internal.tools.query.Parameters, java.lang.String, boolean)#2&quot;, &quot;prefix := IdMapper#addNamedIdEqualsToQuery(org.hibernate.envers.internal.tools.query.Parameters, java.lang.String, boolean)#1&quot; }"/>
        </annotation>
    </item>
    <item name='org.hibernate.envers.internal.entities.mapper.id.AbstractIdMapper void addNamedIdEqualsToQuery(org.hibernate.envers.internal.tools.query.Parameters, java.lang.String, org.hibernate.envers.internal.entities.mapper.id.IdMapper, boolean)'>
        <annotation name='com.intellij.inspections.tainted.annotation.equation.Equations'>
            <val val="{ &quot;parameters := IdMapper#addNamedIdEqualsToQuery(org.hibernate.envers.internal.tools.query.Parameters, java.lang.String, org.hibernate.envers.internal.entities.mapper.id.IdMapper, boolean)#0&quot;, &quot;mapper := IdMapper#addNamedIdEqualsToQuery(org.hibernate.envers.internal.tools.query.Parameters, java.lang.String, org.hibernate.envers.internal.entities.mapper.id.IdMapper, boolean)#2&quot;, &quot;equals := IdMapper#addNamedIdEqualsToQuery(org.hibernate.envers.internal.tools.query.Parameters, java.lang.String, org.hibernate.envers.internal.entities.mapper.id.IdMapper, boolean)#3&quot;, &quot;prefix1 := IdMapper#addNamedIdEqualsToQuery(org.hibernate.envers.internal.tools.query.Parameters, java.lang.String, org.hibernate.envers.internal.entities.mapper.id.IdMapper, boolean)#1&quot; }"/>
        </annotation>
    </item>
    <item name='org.hibernate.envers.internal.entities.mapper.id.EmbeddedIdMapper'>
        <annotation name='com.intellij.inspections.tainted.annotation.equation.Equations'>
            <val val="{ &quot;EmbeddedIdMapper := #EmbeddedIdMapper(org.hibernate.envers.internal.entities.PropertyData, java.lang.Class, org.hibernate.service.ServiceRegistry)#0&quot; }"/>
        </annotation>
    </item>
    <item name='org.hibernate.envers.internal.entities.mapper.id.EmbeddedIdMapper EmbeddedIdMapper(org.hibernate.envers.internal.entities.PropertyData, java.lang.Class, org.hibernate.service.ServiceRegistry)'>
        <annotation name='com.intellij.inspections.tainted.annotation.equation.Equations'>
            <val val="{ &quot;EmbeddedIdMapper := EmbeddedIdMapper&quot;, &quot;idPropertyData := EmbeddedIdMapper&quot;, &quot;compositeIdClass := EmbeddedIdMapper&quot;, &quot;serviceRegistry := &quot; }"/>
        </annotation>
    </item>
    <item name='org.hibernate.envers.internal.entities.mapper.id.EmbeddedIdMapper boolean mapToEntityFromMap(java.lang.Object, java.util.Map)'>
        <annotation name='com.intellij.inspections.tainted.annotation.equation.Equations'>
            <val val="{ &quot;data := IdMapper#mapToEntityFromMap(java.lang.Object, java.util.Map)#1&quot;, &quot;mapToEntityFromMap := &quot;, &quot;obj := IdMapper#mapToEntityFromMap(java.lang.Object, java.util.Map)#0&quot; }"/>
        </annotation>
    </item>
    <item name='org.hibernate.envers.internal.entities.mapper.id.EmbeddedIdMapper java.lang.Object mapToIdFromEntity(java.lang.Object)'>
        <annotation name='com.intellij.inspections.tainted.annotation.equation.Equations'>
            <val val="{ &quot;mapToIdFromEntity := &quot;, &quot;data := IdMapper#mapToIdFromEntity(java.lang.Object)#0&quot; }"/>
        </annotation>
    </item>
    <item name='org.hibernate.envers.internal.entities.mapper.id.EmbeddedIdMapper java.util.List&lt;org.hibernate.envers.internal.entities.mapper.id.QueryParameterData&gt; mapToQueryParametersFromId(java.lang.Object)'>
        <annotation name='com.intellij.inspections.tainted.annotation.equation.Equations'>
            <val val="{ &quot;mapToQueryParametersFromId := &quot;, &quot;obj := IdMapper#mapToQueryParametersFromId(java.lang.Object)#0&quot; }"/>
        </annotation>
    </item>
    <item name='org.hibernate.envers.internal.entities.mapper.id.EmbeddedIdMapper org.hibernate.envers.internal.entities.mapper.id.IdMapper prefixMappedProperties(java.lang.String)'>
        <annotation name='com.intellij.inspections.tainted.annotation.equation.Equations'>
            <val val="{ &quot;prefixMappedProperties := &quot;, &quot;prefix := IdMapper#prefixMappedProperties(java.lang.String)#0&quot; }"/>
        </annotation>
    </item>
    <item name='org.hibernate.envers.internal.entities.mapper.id.EmbeddedIdMapper void mapToMapFromEntity(java.util.Map&lt;java.lang.String,java.lang.Object&gt;, java.lang.Object)'>
        <annotation name='com.intellij.inspections.tainted.annotation.equation.Equations'>
            <val val="{ &quot;data := IdMapper#mapToMapFromEntity(java.util.Map, java.lang.Object)#0&quot;, &quot;obj := IdMapper#mapToMapFromEntity(java.util.Map, java.lang.Object)#1&quot; }"/>
        </annotation>
    </item>
    <item name='org.hibernate.envers.internal.entities.mapper.id.EmbeddedIdMapper void mapToMapFromId(java.util.Map&lt;java.lang.String,java.lang.Object&gt;, java.lang.Object)'>
        <annotation name='com.intellij.inspections.tainted.annotation.equation.Equations'>
            <val val="{ &quot;data := IdMapper#mapToMapFromId(java.util.Map, java.lang.Object)#0 &amp; #mapToMapFromEntity(java.util.Map, java.lang.Object)#0&quot;, &quot;obj := IdMapper#mapToMapFromId(java.util.Map, java.lang.Object)#1 &amp; #mapToQueryParametersFromId(java.lang.Object)#0&quot; }"/>
        </annotation>
    </item>
    <item name='org.hibernate.envers.internal.entities.mapper.id.IdMapper boolean mapToEntityFromMap(java.lang.Object, java.util.Map)'>
        <annotation name='com.intellij.inspections.tainted.annotation.equation.Equations'>
            <val val="{ &quot;mapToEntityFromMap := SingleIdMapper#mapToEntityFromMap(java.lang.Object, java.util.Map) &amp; EmbeddedIdMapper#mapToEntityFromMap(java.lang.Object, java.util.Map) &amp; MultipleIdMapper#mapToEntityFromMap(java.lang.Object, java.util.Map)&quot;, &quot;data := &quot;, &quot;obj := &quot; }"/>
        </annotation>
    </item>
    <item name='org.hibernate.envers.internal.entities.mapper.id.IdMapper java.lang.Object mapToIdFromEntity(java.lang.Object)'>
        <annotation name='com.intellij.inspections.tainted.annotation.equation.Equations'>
            <val val="{ &quot;data := org.hibernate.envers.event.spi.BaseEnversEventListener#addCollectionChangeWorkUnit(org.hibernate.envers.internal.synchronization.AuditProcess, org.hibernate.engine.spi.SessionImplementor, java.lang.String, org.hibernate.envers.internal.entities.RelationDescription, java.lang.Object)#4 &amp; org.hibernate.envers.query.criteria.internal.SimpleAuditExpression&quot;, &quot;mapToIdFromEntity := SingleIdMapper#mapToIdFromEntity(java.lang.Object) &amp; EmbeddedIdMapper#mapToIdFromEntity(java.lang.Object) &amp; MultipleIdMapper#mapToIdFromEntity(java.lang.Object)&quot; }"/>
        </annotation>
    </item>
    <item name='org.hibernate.envers.internal.entities.mapper.id.IdMapper java.lang.Object mapToIdFromMap(java.util.Map)'>
        <annotation name='com.intellij.inspections.tainted.annotation.equation.Equations'>
            <val val="{ &quot;mapToIdFromMap := SingleIdMapper#mapToIdFromMap(java.util.Map) &amp; AbstractCompositeIdMapper#mapToIdFromMap(java.util.Map)&quot;, &quot;data := org.hibernate.envers.internal.entities.mapper.relation.ToOneIdMapper#nullSafeMapToEntityFromMap(org.hibernate.envers.boot.internal.EnversService, java.lang.Object, java.util.Map, java.lang.Object, org.hibernate.envers.internal.reader.AuditReaderImplementor, java.lang.Number)#2&quot; }"/>
        </annotation>
    </item>
    <item name='org.hibernate.envers.internal.entities.mapper.id.IdMapper java.util.List&lt;org.hibernate.envers.internal.entities.mapper.id.QueryParameterData&gt; mapToQueryParametersFromId(java.lang.Object)'>
        <annotation name='com.intellij.inspections.tainted.annotation.equation.Equations'>
            <val val="{ &quot;mapToQueryParametersFromId := SingleIdMapper#mapToQueryParametersFromId(java.lang.Object) &amp; EmbeddedIdMapper#mapToQueryParametersFromId(java.lang.Object) &amp; MultipleIdMapper#mapToQueryParametersFromId(java.lang.Object)&quot;, &quot;obj := AbstractIdMapper#addIdEqualsToQuery(org.hibernate.envers.internal.tools.query.Parameters, java.lang.Object, java.lang.String, java.lang.String, boolean)#1&quot; }"/>
        </annotation>
    </item>
    <item name='org.hibernate.envers.internal.entities.mapper.id.IdMapper org.hibernate.envers.internal.entities.mapper.id.IdMapper prefixMappedProperties(java.lang.String)'>
        <annotation name='com.intellij.inspections.tainted.annotation.equation.Equations'>
            <val val="{ &quot;prefixMappedProperties := EmbeddedIdMapper#prefixMappedProperties(java.lang.String) &amp; SingleIdMapper#prefixMappedProperties(java.lang.String) &amp; MultipleIdMapper#prefixMappedProperties(java.lang.String)&quot;, &quot;prefix := org.hibernate.envers.internal.entities.mapper.relation.query.OneAuditEntityQueryGenerator &amp; org.hibernate.envers.internal.entities.mapper.relation.MiddleIdData#MiddleIdData(org.hibernate.envers.configuration.internal.AuditEntitiesConfiguration, org.hibernate.envers.internal.entities.IdMappingData, java.lang.String, java.lang.String, boolean)#2&quot; }"/>
        </annotation>
    </item>
    <item name='org.hibernate.envers.internal.entities.mapper.id.IdMapper org.hibernate.service.ServiceRegistry getServiceRegistry()'>
        <annotation name='com.intellij.inspections.tainted.annotation.equation.Equations'>
            <val val="{ &quot;getServiceRegistry := AbstractIdMapper#getServiceRegistry()&quot; }"/>
        </annotation>
    </item>
    <item name='org.hibernate.envers.internal.entities.mapper.id.IdMapper void addIdEqualsToQuery(org.hibernate.envers.internal.tools.query.Parameters, java.lang.Object, java.lang.String, java.lang.String, boolean)'>
        <annotation name='com.intellij.inspections.tainted.annotation.equation.Equations'>
            <val val="{ &quot;id := org.hibernate.envers.query.criteria.internal.IdentifierEqAuditExpression &amp; org.hibernate.envers.query.criteria.internal.RelatedAuditEqualityExpression&quot;, &quot;alias := org.hibernate.envers.query.criteria.internal.NullAuditExpression#addToQuery(org.hibernate.envers.boot.internal.EnversService, org.hibernate.envers.internal.reader.AuditReaderImplementor, java.lang.String, java.lang.String, org.hibernate.envers.internal.tools.query.QueryBuilder, org.hibernate.envers.internal.tools.query.Parameters)#3 &amp; org.hibernate.envers.query.criteria.internal.SimpleAuditExpression#addToQuery(org.hibernate.envers.boot.internal.EnversService, org.hibernate.envers.internal.reader.AuditReaderImplementor, java.lang.String, java.lang.String, org.hibernate.envers.internal.tools.query.QueryBuilder, org.hibernate.envers.internal.tools.query.Parameters)#3 &amp; org.hibernate.envers.query.criteria.internal.NotNullAuditExpression#addToQuery(org.hibernate.envers.boot.internal.EnversService, org.hibernate.envers.internal.reader.AuditReaderImplementor, java.lang.String, java.lang.String, org.hibernate.envers.internal.tools.query.QueryBuilder, org.hibernate.envers.internal.tools.query.Parameters)#3 &amp; org.hibernate.envers.query.criteria.internal.IdentifierEqAuditExpression#addToQuery(org.hibernate.envers.boot.internal.EnversService, org.hibernate.envers.internal.reader.AuditReaderImplementor, java.lang.String, java.lang.String, org.hibernate.envers.internal.tools.query.QueryBuilder, org.hibernate.envers.internal.tools.query.Parameters)#3 &amp; org.hibernate.envers.query.criteria.internal.RelatedAuditEqualityExpression#addToQuery(org.hibernate.envers.boot.internal.EnversService, org.hibernate.envers.internal.reader.AuditReaderImplementor, java.lang.String, java.lang.String, org.hibernate.envers.internal.tools.query.QueryBuilder, org.hibernate.envers.internal.tools.query.Parameters)#3&quot;, &quot;prefix := &quot;, &quot;equals := org.hibernate.envers.query.criteria.internal.IdentifierEqAuditExpression &amp; org.hibernate.envers.query.criteria.internal.RelatedAuditEqualityExpression&quot;, &quot;parameters := org.hibernate.envers.query.criteria.internal.NullAuditExpression#addToQuery(org.hibernate.envers.boot.internal.EnversService, org.hibernate.envers.internal.reader.AuditReaderImplementor, java.lang.String, java.lang.String, org.hibernate.envers.internal.tools.query.QueryBuilder, org.hibernate.envers.internal.tools.query.Parameters)#5 &amp; org.hibernate.envers.query.criteria.internal.SimpleAuditExpression#addToQuery(org.hibernate.envers.boot.internal.EnversService, org.hibernate.envers.internal.reader.AuditReaderImplementor, java.lang.String, java.lang.String, org.hibernate.envers.internal.tools.query.QueryBuilder, org.hibernate.envers.internal.tools.query.Parameters)#5 &amp; org.hibernate.envers.query.criteria.internal.NotNullAuditExpression#addToQuery(org.hibernate.envers.boot.internal.EnversService, org.hibernate.envers.internal.reader.AuditReaderImplementor, java.lang.String, java.lang.String, org.hibernate.envers.internal.tools.query.QueryBuilder, org.hibernate.envers.internal.tools.query.Parameters)#5 &amp; org.hibernate.envers.query.criteria.internal.IdentifierEqAuditExpression#addToQuery(org.hibernate.envers.boot.internal.EnversService, org.hibernate.envers.internal.reader.AuditReaderImplementor, java.lang.String, java.lang.String, org.hibernate.envers.internal.tools.query.QueryBuilder, org.hibernate.envers.internal.tools.query.Parameters)#5 &amp; org.hibernate.envers.query.criteria.internal.RelatedAuditEqualityExpression#addToQuery(org.hibernate.envers.boot.internal.EnversService, org.hibernate.envers.internal.reader.AuditReaderImplementor, java.lang.String, java.lang.String, org.hibernate.envers.internal.tools.query.QueryBuilder, org.hibernate.envers.internal.tools.query.Parameters)#5&quot; }"/>
        </annotation>
    </item>
    <item name='org.hibernate.envers.internal.entities.mapper.id.IdMapper void addIdsEqualToQuery(org.hibernate.envers.internal.tools.query.Parameters, java.lang.String, java.lang.String)'>
        <annotation name='com.intellij.inspections.tainted.annotation.equation.Equations'>
            <val val="{ &quot;prefix1 := org.hibernate.envers.internal.entities.mapper.relation.component.MiddleRelatedComponentMapper#addMiddleEqualToQuery(org.hibernate.envers.internal.tools.query.Parameters, java.lang.String, java.lang.String, java.lang.String, java.lang.String)#1 &amp; org.hibernate.envers.strategy.internal.DefaultAuditStrategy#addEntityAtRevisionRestriction(org.hibernate.envers.configuration.internal.GlobalConfiguration, org.hibernate.envers.internal.tools.query.QueryBuilder, org.hibernate.envers.internal.tools.query.Parameters, java.lang.String, java.lang.String, boolean, org.hibernate.envers.internal.entities.mapper.relation.MiddleIdData, java.lang.String, java.lang.String, java.lang.String, java.lang.String, boolean)#9 &amp; org.hibernate.envers.strategy.internal.DefaultAuditStrategy#addEntityAtRevisionRestriction(org.hibernate.envers.configuration.internal.GlobalConfiguration, org.hibernate.envers.internal.tools.query.QueryBuilder, org.hibernate.envers.internal.tools.query.Parameters, java.lang.String, java.lang.String, boolean, org.hibernate.envers.internal.entities.mapper.relation.MiddleIdData, java.lang.String, java.lang.String, java.lang.String, java.lang.String, boolean)#8 &amp; org.hibernate.envers.strategy.internal.DefaultAuditStrategy#addAssociationAtRevisionRestriction(org.hibernate.envers.internal.tools.query.QueryBuilder, org.hibernate.envers.internal.tools.query.Parameters, java.lang.String, java.lang.String, boolean, org.hibernate.envers.internal.entities.mapper.relation.MiddleIdData, java.lang.String, java.lang.String, java.lang.String, java.lang.String, java.lang.String, boolean, org.hibernate.envers.internal.entities.mapper.relation.MiddleComponentData...)#7&quot;, &quot;prefix2 := org.hibernate.envers.query.criteria.AggregatedAuditExpression#addToQuery(org.hibernate.envers.boot.internal.EnversService, org.hibernate.envers.internal.reader.AuditReaderImplementor, java.util.Map, java.lang.String, org.hibernate.envers.internal.tools.query.QueryBuilder, org.hibernate.envers.internal.tools.query.Parameters)#3 &amp; org.hibernate.envers.query.criteria.AggregatedAuditExpression &amp; org.hibernate.envers.internal.entities.mapper.relation.component.MiddleRelatedComponentMapper#addMiddleEqualToQuery(org.hibernate.envers.internal.tools.query.Parameters, java.lang.String, java.lang.String, java.lang.String, java.lang.String)#3 &amp; org.hibernate.envers.strategy.internal.DefaultAuditStrategy#addEntityAtRevisionRestriction(org.hibernate.envers.configuration.internal.GlobalConfiguration, org.hibernate.envers.internal.tools.query.QueryBuilder, org.hibernate.envers.internal.tools.query.Parameters, java.lang.String, java.lang.String, boolean, org.hibernate.envers.internal.entities.mapper.relation.MiddleIdData, java.lang.String, java.lang.String, java.lang.String, java.lang.String, boolean)#10 &amp; org.hibernate.envers.strategy.internal.DefaultAuditStrategy#addEntityAtRevisionRestriction(org.hibernate.envers.configuration.internal.GlobalConfiguration, org.hibernate.envers.internal.tools.query.QueryBuilder, org.hibernate.envers.internal.tools.query.Parameters, java.lang.String, java.lang.String, boolean, org.hibernate.envers.internal.entities.mapper.relation.MiddleIdData, java.lang.String, java.lang.String, java.lang.String, java.lang.String, boolean)#8 &amp; org.hibernate.envers.internal.entities.mapper.relation.query.QueryConstants#MIDDLE_ENTITY_ALIAS_DEF_AUD_STR &amp; org.hibernate.envers.strategy.internal.DefaultAuditStrategy#addAssociationAtRevisionRestriction(org.hibernate.envers.internal.tools.query.QueryBuilder, org.hibernate.envers.internal.tools.query.Parameters, java.lang.String, java.lang.String, boolean, org.hibernate.envers.internal.entities.mapper.relation.MiddleIdData, java.lang.String, java.lang.String, java.lang.String, java.lang.String, java.lang.String, boolean, org.hibernate.envers.internal.entities.mapper.relation.MiddleComponentData...)#9&quot;, &quot;parameters := org.hibernate.envers.internal.entities.mapper.relation.component.MiddleRelatedComponentMapper#addMiddleEqualToQuery(org.hibernate.envers.internal.tools.query.Parameters, java.lang.String, java.lang.String, java.lang.String, java.lang.String)#0&quot; }"/>
        </annotation>
    </item>
    <item name='org.hibernate.envers.internal.entities.mapper.id.IdMapper void addIdsEqualToQuery(org.hibernate.envers.internal.tools.query.Parameters, java.lang.String, org.hibernate.envers.internal.entities.mapper.id.IdMapper, java.lang.String)'>
        <annotation name='com.intellij.inspections.tainted.annotation.equation.Equations'>
            <val val="{ &quot;prefix2 := org.hibernate.envers.query.internal.impl.AuditAssociationQueryImpl &amp; org.hibernate.envers.internal.entities.mapper.relation.query.QueryConstants#REFERENCED_ENTITY_ALIAS &amp; org.hibernate.envers.internal.entities.mapper.relation.query.QueryConstants#INDEX_ENTITY_ALIAS &amp; org.hibernate.envers.internal.entities.mapper.relation.ToOneIdMapper#addMiddleEqualToQuery(org.hibernate.envers.internal.tools.query.Parameters, java.lang.String, java.lang.String, java.lang.String, java.lang.String)#4&quot;, &quot;prefix1 := org.hibernate.envers.query.internal.impl.AuditAssociationQueryImpl &amp; org.hibernate.envers.internal.entities.mapper.relation.query.QueryConstants#MIDDLE_ENTITY_ALIAS &amp; org.hibernate.envers.internal.entities.mapper.relation.ToOneIdMapper#addMiddleEqualToQuery(org.hibernate.envers.internal.tools.query.Parameters, java.lang.String, java.lang.String, java.lang.String, java.lang.String)#2&quot;, &quot;parameters := org.hibernate.envers.internal.entities.mapper.relation.ToOneIdMapper#addMiddleEqualToQuery(org.hibernate.envers.internal.tools.query.Parameters, java.lang.String, java.lang.String, java.lang.String, java.lang.String)#0&quot;, &quot;mapper2 := org.hibernate.envers.internal.entities.mapper.relation.ToOneIdMapper&quot; }"/>
        </annotation>
    </item>
    <item name='org.hibernate.envers.internal.entities.mapper.id.IdMapper void addNamedIdEqualsToQuery(org.hibernate.envers.internal.tools.query.Parameters, java.lang.String, boolean)'>
        <annotation name='com.intellij.inspections.tainted.annotation.equation.Equations'>
            <val val="{ &quot;prefix := &quot;, &quot;parameters := &quot; }"/>
        </annotation>
    </item>
    <item name='org.hibernate.envers.internal.entities.mapper.id.IdMapper void addNamedIdEqualsToQuery(org.hibernate.envers.internal.tools.query.Parameters, java.lang.String, org.hibernate.envers.internal.entities.mapper.id.IdMapper, boolean)'>
        <annotation name='com.intellij.inspections.tainted.annotation.equation.Equations'>
            <val val="{ &quot;mapper := &quot;, &quot;parameters := &quot; }"/>
        </annotation>
    </item>
    <item name='org.hibernate.envers.internal.entities.mapper.id.IdMapper void mapToMapFromEntity(java.util.Map&lt;java.lang.String,java.lang.Object&gt;, java.lang.Object)'>
        <annotation name='com.intellij.inspections.tainted.annotation.equation.Equations'>
            <val val="{ &quot;data := org.hibernate.envers.internal.entities.mapper.relation.component.MiddleRelatedComponentMapper#mapToMapFromObject(org.hibernate.engine.spi.SessionImplementor, java.util.Map, java.util.Map, java.lang.Object)#1&quot;, &quot;obj := org.hibernate.envers.internal.entities.mapper.relation.component.MiddleRelatedComponentMapper#mapToMapFromObject(org.hibernate.engine.spi.SessionImplementor, java.util.Map, java.util.Map, java.lang.Object)#3 &amp; org.hibernate.envers.internal.entities.mapper.relation.ToOneIdMapper#mapToMapFromEntity(org.hibernate.engine.spi.SessionImplementor, java.util.Map, java.lang.Object, java.lang.Object)#3 &amp; org.hibernate.envers.internal.entities.mapper.relation.ToOneIdMapper#mapToMapFromEntity(org.hibernate.engine.spi.SessionImplementor, java.util.Map, java.lang.Object, java.lang.Object)#2&quot; }"/>
        </annotation>
    </item>
    <item name='org.hibernate.envers.internal.entities.mapper.id.IdMapper void mapToMapFromId(java.util.Map&lt;java.lang.String,java.lang.Object&gt;, java.lang.Object)'>
        <annotation name='com.intellij.inspections.tainted.annotation.equation.Equations'>
            <val val="{ &quot;obj := #mapToMapFromId(org.hibernate.Session, java.util.Map, java.lang.Object)#2&quot;, &quot;data := #mapToMapFromId(org.hibernate.Session, java.util.Map, java.lang.Object)#1 &amp; VirtualEntitySingleIdMapper#mapToMapFromEntity(java.util.Map, java.lang.Object)#0&quot; }"/>
        </annotation>
    </item>
    <item name='org.hibernate.envers.internal.entities.mapper.id.IdMapper void mapToMapFromId(org.hibernate.Session, java.util.Map&lt;java.lang.String,java.lang.Object&gt;, java.lang.Object)'>
        <annotation name='com.intellij.inspections.tainted.annotation.equation.Equations'>
            <val val="{ &quot;obj := org.hibernate.envers.internal.synchronization.work.AbstractAuditWorkUnit&quot;, &quot;session := org.hibernate.envers.internal.synchronization.work.AbstractAuditWorkUnit&quot;, &quot;data := &quot; }"/>
        </annotation>
    </item>
    <item name='org.hibernate.envers.internal.entities.mapper.id.MultipleIdMapper MultipleIdMapper(java.lang.Class, org.hibernate.service.ServiceRegistry)'>
        <annotation name='com.intellij.inspections.tainted.annotation.equation.Equations'>
            <val val="{ &quot;MultipleIdMapper := MultipleIdMapper&quot;, &quot;serviceRegistry := &quot;, &quot;compositeIdClass := MultipleIdMapper&quot; }"/>
        </annotation>
    </item>
    <item name='org.hibernate.envers.internal.entities.mapper.id.MultipleIdMapper boolean mapToEntityFromMap(java.lang.Object, java.util.Map)'>
        <annotation name='com.intellij.inspections.tainted.annotation.equation.Equations'>
            <val val="{ &quot;data := IdMapper#mapToEntityFromMap(java.lang.Object, java.util.Map)#1&quot;, &quot;obj := IdMapper#mapToEntityFromMap(java.lang.Object, java.util.Map)#0&quot; }"/>
        </annotation>
    </item>
    <item name='org.hibernate.envers.internal.entities.mapper.id.MultipleIdMapper java.lang.Object mapToIdFromEntity(java.lang.Object)'>
        <annotation name='com.intellij.inspections.tainted.annotation.equation.Equations'>
            <val val="{ &quot;mapToIdFromEntity := &quot;, &quot;data := IdMapper#mapToIdFromEntity(java.lang.Object)#0&quot; }"/>
        </annotation>
    </item>
    <item name='org.hibernate.envers.internal.entities.mapper.id.MultipleIdMapper java.util.List&lt;org.hibernate.envers.internal.entities.mapper.id.QueryParameterData&gt; mapToQueryParametersFromId(java.lang.Object)'>
        <annotation name='com.intellij.inspections.tainted.annotation.equation.Equations'>
            <val val="{ &quot;obj := IdMapper#mapToQueryParametersFromId(java.lang.Object)#0&quot;, &quot;mapToQueryParametersFromId := &quot; }"/>
        </annotation>
    </item>
    <item name='org.hibernate.envers.internal.entities.mapper.id.MultipleIdMapper org.hibernate.envers.internal.entities.mapper.id.IdMapper prefixMappedProperties(java.lang.String)'>
        <annotation name='com.intellij.inspections.tainted.annotation.equation.Equations'>
            <val val="{ &quot;prefixMappedProperties := &quot;, &quot;prefix := IdMapper#prefixMappedProperties(java.lang.String)#0&quot; }"/>
        </annotation>
    </item>
    <item name='org.hibernate.envers.internal.entities.mapper.id.MultipleIdMapper org.hibernate.envers.internal.entities.mapper.id.SingleIdMapper resolveIdMapper(org.hibernate.envers.internal.entities.PropertyData)'>
        <annotation name='com.intellij.inspections.tainted.annotation.equation.Equations'>
            <val val="{ &quot;propertyData := #add(org.hibernate.envers.internal.entities.PropertyData)#0&quot;, &quot;resolveIdMapper := &quot; }"/>
        </annotation>
    </item>
    <item name='org.hibernate.envers.internal.entities.mapper.id.MultipleIdMapper void add(org.hibernate.envers.internal.entities.PropertyData)'>
        <annotation name='com.intellij.inspections.tainted.annotation.equation.Equations'>
            <val val="{ &quot;propertyData := org.hibernate.envers.internal.entities.mapper.SimpleMapperBuilder#add(org.hibernate.envers.internal.entities.PropertyData)#0&quot; }"/>
        </annotation>
    </item>
    <item name='org.hibernate.envers.internal.entities.mapper.id.MultipleIdMapper void mapToMapFromEntity(java.util.Map&lt;java.lang.String,java.lang.Object&gt;, java.lang.Object)'>
        <annotation name='com.intellij.inspections.tainted.annotation.equation.Equations'>
            <val val="{ &quot;obj := IdMapper#mapToMapFromEntity(java.util.Map, java.lang.Object)#1&quot;, &quot;data := IdMapper#mapToMapFromEntity(java.util.Map, java.lang.Object)#0&quot; }"/>
        </annotation>
    </item>
    <item name='org.hibernate.envers.internal.entities.mapper.id.MultipleIdMapper void mapToMapFromId(java.util.Map&lt;java.lang.String,java.lang.Object&gt;, java.lang.Object)'>
        <annotation name='com.intellij.inspections.tainted.annotation.equation.Equations'>
            <val val="{ &quot;obj := #mapToMapFromId(org.hibernate.Session, java.util.Map, java.lang.Object)#2 &amp; IdMapper#mapToMapFromId(java.util.Map, java.lang.Object)#1 &amp; #mapToQueryParametersFromId(java.lang.Object)#0&quot;, &quot;data := #mapToMapFromId(org.hibernate.Session, java.util.Map, java.lang.Object)#1 &amp; IdMapper#mapToMapFromId(java.util.Map, java.lang.Object)#0&quot; }"/>
        </annotation>
    </item>
    <item name='org.hibernate.envers.internal.entities.mapper.id.MultipleIdMapper void mapToMapFromId(org.hibernate.Session, java.util.Map&lt;java.lang.String,java.lang.Object&gt;, java.lang.Object)'>
        <annotation name='com.intellij.inspections.tainted.annotation.equation.Equations'>
            <val val="{ &quot;obj := IdMapper#mapToMapFromId(org.hibernate.Session, java.util.Map, java.lang.Object)#2&quot;, &quot;session := IdMapper#mapToMapFromId(org.hibernate.Session, java.util.Map, java.lang.Object)#0&quot;, &quot;data := IdMapper#mapToMapFromId(org.hibernate.Session, java.util.Map, java.lang.Object)#1&quot; }"/>
        </annotation>
    </item>
    <item name='org.hibernate.envers.internal.entities.mapper.id.QueryParameterData'>
        <annotation name='com.intellij.inspections.tainted.annotation.equation.Equations'>
            <val val="{ &quot;QueryParameterData := #QueryParameterData(java.lang.String, java.lang.Object)#0 &amp; #QueryParameterData(java.lang.String, java.lang.Object)#1&quot; }"/>
        </annotation>
    </item>
    <item name='org.hibernate.envers.internal.entities.mapper.id.QueryParameterData QueryParameterData(java.lang.String, java.lang.Object)'>
        <annotation name='com.intellij.inspections.tainted.annotation.equation.Equations'>
            <val val="{ &quot;QueryParameterData := QueryParameterData&quot;, &quot;flatEntityPropertyName := &quot;, &quot;value := SingleIdMapper#mapToQueryParametersFromId(java.lang.Object)#0&quot; }"/>
        </annotation>
    </item>
    <item name='org.hibernate.envers.internal.entities.mapper.id.QueryParameterData boolean equals(java.lang.Object)'>
        <annotation name='com.intellij.inspections.tainted.annotation.equation.Equations'>
            <val val="{ &quot;equals := &quot;, &quot;o := java.lang.Object#equals(java.lang.Object)#0&quot; }"/>
        </annotation>
    </item>
    <item name='org.hibernate.envers.internal.entities.mapper.id.QueryParameterData int hashCode()'>
        <annotation name='com.intellij.inspections.tainted.annotation.equation.Equations'>
            <val val="{ &quot;hashCode := &quot; }"/>
        </annotation>
    </item>
    <item name='org.hibernate.envers.internal.entities.mapper.id.QueryParameterData java.lang.Object getValue()'>
        <annotation name='com.intellij.inspections.tainted.annotation.equation.Equations'>
            <val val="{ &quot;getValue := QueryParameterData&quot; }"/>
        </annotation>
    </item>
    <item name='org.hibernate.envers.internal.entities.mapper.id.QueryParameterData java.lang.String getProperty(java.lang.String)'>
        <annotation name='com.intellij.inspections.tainted.annotation.equation.Equations'>
            <val val="{ &quot;prefix := AbstractIdMapper#addIdsEqualToQuery(org.hibernate.envers.internal.tools.query.Parameters, java.lang.String, org.hibernate.envers.internal.entities.mapper.id.IdMapper, java.lang.String)#1 &amp; AbstractIdMapper#addIdsEqualToQuery(org.hibernate.envers.internal.tools.query.Parameters, java.lang.String, org.hibernate.envers.internal.entities.mapper.id.IdMapper, java.lang.String)#3 &amp; AbstractIdMapper#addNamedIdEqualsToQuery(org.hibernate.envers.internal.tools.query.Parameters, java.lang.String, org.hibernate.envers.internal.entities.mapper.id.IdMapper, boolean)#1&quot;, &quot;getProperty := prefix &amp; QueryParameterData&quot; }"/>
        </annotation>
    </item>
    <item name='org.hibernate.envers.internal.entities.mapper.id.QueryParameterData java.lang.String getQueryParameterName()'>
        <annotation name='com.intellij.inspections.tainted.annotation.equation.Equations'>
            <val val="{ &quot;getQueryParameterName := QueryParameterData&quot; }"/>
        </annotation>
    </item>
    <item name='org.hibernate.envers.internal.entities.mapper.id.SingleIdMapper'>
        <annotation name='com.intellij.inspections.tainted.annotation.equation.Equations'>
            <val val="{ &quot;SingleIdMapper := #SingleIdMapper(org.hibernate.service.ServiceRegistry, org.hibernate.envers.internal.entities.PropertyData)#1 &amp; #add(org.hibernate.envers.internal.entities.PropertyData)#0&quot; }"/>
        </annotation>
    </item>
    <item name='org.hibernate.envers.internal.entities.mapper.id.SingleIdMapper SingleIdMapper(org.hibernate.service.ServiceRegistry)'>
        <annotation name='com.intellij.inspections.tainted.annotation.equation.Equations'>
            <val val="{ &quot;SingleIdMapper := SingleIdMapper&quot;, &quot;serviceRegistry := #SingleIdMapper(org.hibernate.service.ServiceRegistry, org.hibernate.envers.internal.entities.PropertyData)#0&quot; }"/>
        </annotation>
    </item>
    <item name='org.hibernate.envers.internal.entities.mapper.id.SingleIdMapper SingleIdMapper(org.hibernate.service.ServiceRegistry, org.hibernate.envers.internal.entities.PropertyData)'>
        <annotation name='com.intellij.inspections.tainted.annotation.equation.Equations'>
            <val val="{ &quot;serviceRegistry := VirtualEntitySingleIdMapper#VirtualEntitySingleIdMapper(org.hibernate.service.ServiceRegistry, org.hibernate.envers.internal.entities.PropertyData)#0&quot;, &quot;SingleIdMapper := SingleIdMapper&quot;, &quot;propertyData := VirtualEntitySingleIdMapper#VirtualEntitySingleIdMapper(org.hibernate.service.ServiceRegistry, org.hibernate.envers.internal.entities.PropertyData)#1 &amp; AbstractCompositeIdMapper#add(org.hibernate.envers.internal.entities.PropertyData)#0 &amp; MultipleIdMapper#resolveIdMapper(org.hibernate.envers.internal.entities.PropertyData)#0&quot; }"/>
        </annotation>
    </item>
    <item name='org.hibernate.envers.internal.entities.mapper.id.SingleIdMapper boolean mapToEntityFromMap(java.lang.Object, java.util.Map)'>
        <annotation name='com.intellij.inspections.tainted.annotation.equation.Equations'>
            <val val="{ &quot;data := IdMapper#mapToEntityFromMap(java.lang.Object, java.util.Map)#1&quot;, &quot;obj := IdMapper#mapToEntityFromMap(java.lang.Object, java.util.Map)#0&quot;, &quot;mapToEntityFromMap := VirtualEntitySingleIdMapper#mapToEntityFromMap(java.lang.Object, java.util.Map)&quot; }"/>
        </annotation>
    </item>
    <item name='org.hibernate.envers.internal.entities.mapper.id.SingleIdMapper java.lang.Object mapToIdFromEntity(java.lang.Object)'>
        <annotation name='com.intellij.inspections.tainted.annotation.equation.Equations'>
            <val val="{ &quot;data := IdMapper#mapToIdFromEntity(java.lang.Object)#0&quot;, &quot;mapToIdFromEntity := &quot; }"/>
        </annotation>
    </item>
    <item name='org.hibernate.envers.internal.entities.mapper.id.SingleIdMapper java.lang.Object mapToIdFromMap(java.util.Map)'>
        <annotation name='com.intellij.inspections.tainted.annotation.equation.Equations'>
            <val val="{ &quot;mapToIdFromMap := &quot;, &quot;data := IdMapper#mapToIdFromMap(java.util.Map)#0&quot; }"/>
        </annotation>
    </item>
    <item name='org.hibernate.envers.internal.entities.mapper.id.SingleIdMapper java.util.List&lt;org.hibernate.envers.internal.entities.mapper.id.QueryParameterData&gt; mapToQueryParametersFromId(java.lang.Object)'>
        <annotation name='com.intellij.inspections.tainted.annotation.equation.Equations'>
            <val val="{ &quot;obj := IdMapper#mapToQueryParametersFromId(java.lang.Object)#0&quot;, &quot;mapToQueryParametersFromId := &quot; }"/>
        </annotation>
    </item>
    <item name='org.hibernate.envers.internal.entities.mapper.id.SingleIdMapper org.hibernate.envers.internal.entities.mapper.id.IdMapper prefixMappedProperties(java.lang.String)'>
        <annotation name='com.intellij.inspections.tainted.annotation.equation.Equations'>
            <val val="{ &quot;prefixMappedProperties := &quot;, &quot;prefix := IdMapper#prefixMappedProperties(java.lang.String)#0&quot; }"/>
        </annotation>
    </item>
    <item name='org.hibernate.envers.internal.entities.mapper.id.SingleIdMapper void add(org.hibernate.envers.internal.entities.PropertyData)'>
        <annotation name='com.intellij.inspections.tainted.annotation.equation.Equations'>
            <val val="{ &quot;propertyData := org.hibernate.envers.internal.entities.mapper.SimpleMapperBuilder#add(org.hibernate.envers.internal.entities.PropertyData)#0&quot; }"/>
        </annotation>
    </item>
    <item name='org.hibernate.envers.internal.entities.mapper.id.SingleIdMapper void mapToMapFromEntity(java.util.Map&lt;java.lang.String,java.lang.Object&gt;, java.lang.Object)'>
        <annotation name='com.intellij.inspections.tainted.annotation.equation.Equations'>
            <val val="{ &quot;obj := IdMapper#mapToMapFromEntity(java.util.Map, java.lang.Object)#1&quot;, &quot;data := IdMapper#mapToMapFromEntity(java.util.Map, java.lang.Object)#0&quot; }"/>
        </annotation>
    </item>
    <item name='org.hibernate.envers.internal.entities.mapper.id.SingleIdMapper void mapToMapFromId(java.util.Map&lt;java.lang.String,java.lang.Object&gt;, java.lang.Object)'>
        <annotation name='com.intellij.inspections.tainted.annotation.equation.Equations'>
            <val val="{ &quot;obj := IdMapper#mapToMapFromId(java.util.Map, java.lang.Object)#1&quot;, &quot;data := IdMapper#mapToMapFromId(java.util.Map, java.lang.Object)#0&quot; }"/>
        </annotation>
    </item>
    <item name='org.hibernate.envers.internal.entities.mapper.id.VirtualEntitySingleIdMapper'>
        <annotation name='com.intellij.inspections.tainted.annotation.equation.Equations'>
            <val val="{ &quot;VirtualEntitySingleIdMapper := #VirtualEntitySingleIdMapper(org.hibernate.service.ServiceRegistry, org.hibernate.envers.internal.entities.PropertyData)#1&quot; }"/>
        </annotation>
    </item>
    <item name='org.hibernate.envers.internal.entities.mapper.id.VirtualEntitySingleIdMapper VirtualEntitySingleIdMapper(org.hibernate.service.ServiceRegistry, org.hibernate.envers.internal.entities.PropertyData)'>
        <annotation name='com.intellij.inspections.tainted.annotation.equation.Equations'>
            <val val="{ &quot;VirtualEntitySingleIdMapper := VirtualEntitySingleIdMapper&quot;, &quot;propertyData := MultipleIdMapper#resolveIdMapper(org.hibernate.envers.internal.entities.PropertyData)#0&quot;, &quot;serviceRegistry := &quot; }"/>
        </annotation>
    </item>
    <item name='org.hibernate.envers.internal.entities.mapper.id.VirtualEntitySingleIdMapper boolean mapToEntityFromMap(java.lang.Object, java.util.Map)'>
        <annotation name='com.intellij.inspections.tainted.annotation.equation.Equations'>
            <val val="{ &quot;data := SingleIdMapper#mapToEntityFromMap(java.lang.Object, java.util.Map)#1&quot;, &quot;obj := SingleIdMapper#mapToEntityFromMap(java.lang.Object, java.util.Map)#0&quot;, &quot;mapToEntityFromMap := &quot; }"/>
        </annotation>
    </item>
    <item name='org.hibernate.envers.internal.entities.mapper.id.VirtualEntitySingleIdMapper java.lang.String resolveEntityName(org.hibernate.envers.internal.entities.PropertyData)'>
        <annotation name='com.intellij.inspections.tainted.annotation.equation.Equations'>
            <val val="{ &quot;propertyData := VirtualEntitySingleIdMapper&quot;, &quot;resolveEntityName := &quot; }"/>
        </annotation>
    </item>
    <item name='org.hibernate.envers.internal.entities.mapper.id.VirtualEntitySingleIdMapper org.hibernate.envers.internal.entities.mapper.id.IdMapper getAssociatedEntityIdMapper()'>
        <annotation name='com.intellij.inspections.tainted.annotation.equation.Equations'>
            <val val="{ &quot;getAssociatedEntityIdMapper := VirtualEntitySingleIdMapper&quot; }"/>
        </annotation>
    </item>
    <item name='org.hibernate.envers.internal.entities.mapper.id.VirtualEntitySingleIdMapper org.hibernate.envers.internal.entities.mapper.id.IdMapper getPrefixedAssociatedEntityIdMapper(org.hibernate.envers.internal.entities.PropertyData)'>
        <annotation name='com.intellij.inspections.tainted.annotation.equation.Equations'>
            <val val="{ &quot;getPrefixedAssociatedEntityIdMapper := &quot; }"/>
        </annotation>
    </item>
    <item name='org.hibernate.envers.internal.entities.mapper.id.VirtualEntitySingleIdMapper org.hibernate.envers.internal.entities.mapper.id.IdMapper resolveEntityIdMapper(org.hibernate.service.ServiceRegistry, java.lang.String)'>
        <annotation name='com.intellij.inspections.tainted.annotation.equation.Equations'>
            <val val="{ &quot;resolveEntityIdMapper := &quot;, &quot;entityName := VirtualEntitySingleIdMapper&quot;, &quot;serviceRegistry := &quot; }"/>
        </annotation>
    </item>
    <item name='org.hibernate.envers.internal.entities.mapper.id.VirtualEntitySingleIdMapper void mapToMapFromEntity(java.util.Map&lt;java.lang.String,java.lang.Object&gt;, java.lang.Object)'>
        <annotation name='com.intellij.inspections.tainted.annotation.equation.Equations'>
            <val val="{ &quot;obj := SingleIdMapper#mapToMapFromEntity(java.util.Map, java.lang.Object)#1&quot;, &quot;data := SingleIdMapper#mapToMapFromEntity(java.util.Map, java.lang.Object)#0&quot; }"/>
        </annotation>
    </item>
    <item name='org.hibernate.envers.internal.entities.mapper.id.VirtualEntitySingleIdMapper void mapToMapFromId(org.hibernate.Session, java.util.Map&lt;java.lang.String,java.lang.Object&gt;, java.lang.Object)'>
        <annotation name='com.intellij.inspections.tainted.annotation.equation.Equations'>
            <val val="{ &quot;obj := IdMapper#mapToMapFromId(org.hibernate.Session, java.util.Map, java.lang.Object)#2&quot;, &quot;data := IdMapper#mapToMapFromId(org.hibernate.Session, java.util.Map, java.lang.Object)#1&quot;, &quot;session := IdMapper#mapToMapFromId(org.hibernate.Session, java.util.Map, java.lang.Object)#0&quot; }"/>
        </annotation>
    </item>
</root>