<root>
    <item name='net.bytebuddy.implementation.bytecode.assign.primitive.PrimitiveBoxingDelegate'>
        <annotation name='com.intellij.inspections.tainted.annotation.equation.Equations'>
            <val val="{ &quot;PrimitiveBoxingDelegate := #PrimitiveBoxingDelegate(java.lang.Class, net.bytebuddy.implementation.bytecode.StackSize, java.lang.String, java.lang.String)#2 &amp; #PrimitiveBoxingDelegate(java.lang.Class, net.bytebuddy.implementation.bytecode.StackSize, java.lang.String, java.lang.String)#3&quot; }"/>
        </annotation>
    </item>
    <item name='net.bytebuddy.implementation.bytecode.assign.primitive.PrimitiveBoxingDelegate PrimitiveBoxingDelegate(java.lang.Class&lt;?&gt;, net.bytebuddy.implementation.bytecode.StackSize, java.lang.String, java.lang.String)'>
        <annotation name='com.intellij.inspections.tainted.annotation.equation.Equations'>
            <val val="{ &quot;PrimitiveBoxingDelegate := PrimitiveBoxingDelegate&quot;, &quot;sizeDifference := net.bytebuddy.implementation.bytecode.StackSize#ZERO &amp; net.bytebuddy.implementation.bytecode.StackSize#SINGLE&quot; }"/>
        </annotation>
    </item>
    <item name='net.bytebuddy.implementation.bytecode.assign.primitive.PrimitiveBoxingDelegate net.bytebuddy.implementation.bytecode.StackManipulation assignBoxedTo(net.bytebuddy.description.type.TypeDescription.Generic, net.bytebuddy.implementation.bytecode.assign.Assigner, net.bytebuddy.implementation.bytecode.assign.Assigner.Typing)'>
        <annotation name='com.intellij.inspections.tainted.annotation.equation.Equations'>
            <val val="{ &quot;typing := PrimitiveTypeAwareAssigner#assign(net.bytebuddy.description.type.TypeDescription.Generic, net.bytebuddy.description.type.TypeDescription.Generic, net.bytebuddy.implementation.bytecode.assign.Assigner.Typing)#2&quot;, &quot;assignBoxedTo := &quot;, &quot;chainedAssigner := PrimitiveTypeAwareAssigner&quot;, &quot;target := PrimitiveTypeAwareAssigner#assign(net.bytebuddy.description.type.TypeDescription.Generic, net.bytebuddy.description.type.TypeDescription.Generic, net.bytebuddy.implementation.bytecode.assign.Assigner.Typing)#1&quot; }"/>
        </annotation>
    </item>
    <item name='net.bytebuddy.implementation.bytecode.assign.primitive.PrimitiveBoxingDelegate net.bytebuddy.implementation.bytecode.assign.primitive.PrimitiveBoxingDelegate forPrimitive(net.bytebuddy.description.type.TypeDefinition)'>
        <annotation name='com.intellij.inspections.tainted.annotation.equation.Equations'>
            <val val="{ &quot;forPrimitive := #BOOLEAN &amp; #BYTE &amp; #SHORT &amp; #CHARACTER &amp; #INTEGER &amp; #LONG &amp; #FLOAT &amp; #DOUBLE&quot; }"/>
        </annotation>
    </item>
    <item name='net.bytebuddy.implementation.bytecode.assign.primitive.PrimitiveBoxingDelegate.BoxingStackManipulation'>
        <annotation name='com.intellij.inspections.tainted.annotation.equation.Equations'>
            <val val="{ &quot;BoxingStackManipulation := #BoxingStackManipulation(net.bytebuddy.implementation.bytecode.StackManipulation)#0&quot; }"/>
        </annotation>
    </item>
    <item name='net.bytebuddy.implementation.bytecode.assign.primitive.PrimitiveBoxingDelegate.BoxingStackManipulation BoxingStackManipulation(net.bytebuddy.implementation.bytecode.StackManipulation)'>
        <annotation name='com.intellij.inspections.tainted.annotation.equation.Equations'>
            <val val="{ &quot;BoxingStackManipulation := PrimitiveBoxingDelegate.BoxingStackManipulation&quot;, &quot;stackManipulation := &quot; }"/>
        </annotation>
    </item>
    <item name='net.bytebuddy.implementation.bytecode.assign.primitive.PrimitiveBoxingDelegate.BoxingStackManipulation net.bytebuddy.implementation.bytecode.StackManipulation.Size apply(net.bytebuddy.jar.asm.MethodVisitor, net.bytebuddy.implementation.Implementation.Context)'>
        <annotation name='com.intellij.inspections.tainted.annotation.equation.Equations'>
            <val val="{ &quot;apply := &quot; }"/>
        </annotation>
    </item>
    <item name='net.bytebuddy.implementation.bytecode.assign.primitive.PrimitiveTypeAwareAssigner'>
        <annotation name='com.intellij.inspections.tainted.annotation.equation.Equations'>
            <val val="{ &quot;PrimitiveTypeAwareAssigner := #PrimitiveTypeAwareAssigner(net.bytebuddy.implementation.bytecode.assign.Assigner)#0&quot; }"/>
        </annotation>
    </item>
    <item name='net.bytebuddy.implementation.bytecode.assign.primitive.PrimitiveTypeAwareAssigner PrimitiveTypeAwareAssigner(net.bytebuddy.implementation.bytecode.assign.Assigner)'>
        <annotation name='com.intellij.inspections.tainted.annotation.equation.Equations'>
            <val val="{ &quot;PrimitiveTypeAwareAssigner := PrimitiveTypeAwareAssigner&quot;, &quot;referenceTypeAwareAssigner := net.bytebuddy.implementation.bytecode.assign.reference.ReferenceTypeAwareAssigner#INSTANCE&quot; }"/>
        </annotation>
    </item>
    <item name='net.bytebuddy.implementation.bytecode.assign.primitive.PrimitiveTypeAwareAssigner net.bytebuddy.implementation.bytecode.StackManipulation assign(net.bytebuddy.description.type.TypeDescription.Generic, net.bytebuddy.description.type.TypeDescription.Generic, net.bytebuddy.implementation.bytecode.assign.Assigner.Typing)'>
        <annotation name='com.intellij.inspections.tainted.annotation.equation.Equations'>
            <val val="{ &quot;assign := &quot; }"/>
        </annotation>
    </item>
    <item name='net.bytebuddy.implementation.bytecode.assign.primitive.PrimitiveUnboxingDelegate'>
        <annotation name='com.intellij.inspections.tainted.annotation.equation.Equations'>
            <val val="{ &quot;PrimitiveUnboxingDelegate := #PrimitiveUnboxingDelegate(java.lang.Class, java.lang.Class, net.bytebuddy.implementation.bytecode.StackSize, java.lang.String, java.lang.String)#3 &amp; #PrimitiveUnboxingDelegate(java.lang.Class, java.lang.Class, net.bytebuddy.implementation.bytecode.StackSize, java.lang.String, java.lang.String)#4&quot; }"/>
        </annotation>
    </item>
    <item name='net.bytebuddy.implementation.bytecode.assign.primitive.PrimitiveUnboxingDelegate PrimitiveUnboxingDelegate(java.lang.Class&lt;?&gt;, java.lang.Class&lt;?&gt;, net.bytebuddy.implementation.bytecode.StackSize, java.lang.String, java.lang.String)'>
        <annotation name='com.intellij.inspections.tainted.annotation.equation.Equations'>
            <val val="{ &quot;PrimitiveUnboxingDelegate := PrimitiveUnboxingDelegate&quot;, &quot;sizeDifference := net.bytebuddy.implementation.bytecode.StackSize#ZERO &amp; net.bytebuddy.implementation.bytecode.StackSize#SINGLE&quot; }"/>
        </annotation>
    </item>
    <item name='net.bytebuddy.implementation.bytecode.assign.primitive.PrimitiveUnboxingDelegate net.bytebuddy.description.type.TypeDescription.Generic getWrapperType()'>
        <annotation name='com.intellij.inspections.tainted.annotation.equation.Equations'>
            <val val="{ &quot;getWrapperType := &quot; }"/>
        </annotation>
    </item>
    <item name='net.bytebuddy.implementation.bytecode.assign.primitive.PrimitiveUnboxingDelegate net.bytebuddy.implementation.bytecode.StackManipulation.Size apply(net.bytebuddy.jar.asm.MethodVisitor, net.bytebuddy.implementation.Implementation.Context)'>
        <annotation name='com.intellij.inspections.tainted.annotation.equation.Equations'>
            <val val="{ &quot;apply := PrimitiveUnboxingDelegate&quot; }"/>
        </annotation>
    </item>
    <item name='net.bytebuddy.implementation.bytecode.assign.primitive.PrimitiveUnboxingDelegate net.bytebuddy.implementation.bytecode.assign.primitive.PrimitiveUnboxingDelegate forPrimitive(net.bytebuddy.description.type.TypeDescription.Generic)'>
        <annotation name='com.intellij.inspections.tainted.annotation.equation.Equations'>
            <val val="{ &quot;typeDescription := PrimitiveUnboxingDelegate.ImplicitlyTypedUnboxingResponsible#assignUnboxedTo(net.bytebuddy.description.type.TypeDescription.Generic, net.bytebuddy.implementation.bytecode.assign.Assigner, net.bytebuddy.implementation.bytecode.assign.Assigner.Typing)#0&quot;, &quot;forPrimitive := #BOOLEAN &amp; #BYTE &amp; #SHORT &amp; #CHARACTER &amp; #INTEGER &amp; #LONG &amp; #FLOAT &amp; #DOUBLE&quot; }"/>
        </annotation>
    </item>
    <item name='net.bytebuddy.implementation.bytecode.assign.primitive.PrimitiveUnboxingDelegate net.bytebuddy.implementation.bytecode.assign.primitive.PrimitiveUnboxingDelegate.UnboxingResponsible forReferenceType(net.bytebuddy.description.type.TypeDefinition)'>
        <annotation name='com.intellij.inspections.tainted.annotation.equation.Equations'>
            <val val="{ &quot;forReferenceType := PrimitiveUnboxingDelegate.ExplicitlyTypedUnboxingResponsible#BOOLEAN &amp; PrimitiveUnboxingDelegate.ExplicitlyTypedUnboxingResponsible#BYTE &amp; PrimitiveUnboxingDelegate.ExplicitlyTypedUnboxingResponsible#SHORT &amp; PrimitiveUnboxingDelegate.ExplicitlyTypedUnboxingResponsible#CHARACTER &amp; PrimitiveUnboxingDelegate.ExplicitlyTypedUnboxingResponsible#INTEGER &amp; PrimitiveUnboxingDelegate.ExplicitlyTypedUnboxingResponsible#LONG &amp; PrimitiveUnboxingDelegate.ExplicitlyTypedUnboxingResponsible#FLOAT &amp; PrimitiveUnboxingDelegate.ExplicitlyTypedUnboxingResponsible#DOUBLE&quot; }"/>
        </annotation>
    </item>
    <item name='net.bytebuddy.implementation.bytecode.assign.primitive.PrimitiveUnboxingDelegate.ExplicitlyTypedUnboxingResponsible'>
        <annotation name='com.intellij.inspections.tainted.annotation.equation.Equations'>
            <val val="{ &quot;ExplicitlyTypedUnboxingResponsible := #ExplicitlyTypedUnboxingResponsible(net.bytebuddy.implementation.bytecode.assign.primitive.PrimitiveUnboxingDelegate)#0&quot; }"/>
        </annotation>
    </item>
    <item name='net.bytebuddy.implementation.bytecode.assign.primitive.PrimitiveUnboxingDelegate.ExplicitlyTypedUnboxingResponsible ExplicitlyTypedUnboxingResponsible(net.bytebuddy.implementation.bytecode.assign.primitive.PrimitiveUnboxingDelegate)'>
        <annotation name='com.intellij.inspections.tainted.annotation.equation.Equations'>
            <val val="{ &quot;ExplicitlyTypedUnboxingResponsible := PrimitiveUnboxingDelegate.ExplicitlyTypedUnboxingResponsible&quot;, &quot;primitiveUnboxingDelegate := PrimitiveUnboxingDelegate#BOOLEAN &amp; PrimitiveUnboxingDelegate#BYTE &amp; PrimitiveUnboxingDelegate#SHORT &amp; PrimitiveUnboxingDelegate#CHARACTER &amp; PrimitiveUnboxingDelegate#INTEGER &amp; PrimitiveUnboxingDelegate#LONG &amp; PrimitiveUnboxingDelegate#FLOAT &amp; PrimitiveUnboxingDelegate#DOUBLE&quot; }"/>
        </annotation>
    </item>
    <item name='net.bytebuddy.implementation.bytecode.assign.primitive.PrimitiveUnboxingDelegate.ExplicitlyTypedUnboxingResponsible net.bytebuddy.implementation.bytecode.StackManipulation assignUnboxedTo(net.bytebuddy.description.type.TypeDescription.Generic, net.bytebuddy.implementation.bytecode.assign.Assigner, net.bytebuddy.implementation.bytecode.assign.Assigner.Typing)'>
        <annotation name='com.intellij.inspections.tainted.annotation.equation.Equations'>
            <val val="{ &quot;assignUnboxedTo := &quot; }"/>
        </annotation>
    </item>
    <item name='net.bytebuddy.implementation.bytecode.assign.primitive.PrimitiveUnboxingDelegate.ImplicitlyTypedUnboxingResponsible'>
        <annotation name='com.intellij.inspections.tainted.annotation.equation.Equations'>
            <val val="{ &quot;ImplicitlyTypedUnboxingResponsible := #ImplicitlyTypedUnboxingResponsible(net.bytebuddy.description.type.TypeDescription.Generic)#0&quot; }"/>
        </annotation>
    </item>
    <item name='net.bytebuddy.implementation.bytecode.assign.primitive.PrimitiveUnboxingDelegate.ImplicitlyTypedUnboxingResponsible ImplicitlyTypedUnboxingResponsible(net.bytebuddy.description.type.TypeDescription.Generic)'>
        <annotation name='com.intellij.inspections.tainted.annotation.equation.Equations'>
            <val val="{ &quot;originalType := &quot;, &quot;ImplicitlyTypedUnboxingResponsible := PrimitiveUnboxingDelegate.ImplicitlyTypedUnboxingResponsible&quot; }"/>
        </annotation>
    </item>
    <item name='net.bytebuddy.implementation.bytecode.assign.primitive.PrimitiveUnboxingDelegate.ImplicitlyTypedUnboxingResponsible net.bytebuddy.implementation.bytecode.StackManipulation assignUnboxedTo(net.bytebuddy.description.type.TypeDescription.Generic, net.bytebuddy.implementation.bytecode.assign.Assigner, net.bytebuddy.implementation.bytecode.assign.Assigner.Typing)'>
        <annotation name='com.intellij.inspections.tainted.annotation.equation.Equations'>
            <val val="{ &quot;assignUnboxedTo := &quot; }"/>
        </annotation>
    </item>
    <item name='net.bytebuddy.implementation.bytecode.assign.primitive.PrimitiveUnboxingDelegate.UnboxingResponsible net.bytebuddy.implementation.bytecode.StackManipulation assignUnboxedTo(net.bytebuddy.description.type.TypeDescription.Generic, net.bytebuddy.implementation.bytecode.assign.Assigner, net.bytebuddy.implementation.bytecode.assign.Assigner.Typing)'>
        <annotation name='com.intellij.inspections.tainted.annotation.equation.Equations'>
            <val val="{ &quot;assigner := PrimitiveTypeAwareAssigner&quot;, &quot;target := PrimitiveTypeAwareAssigner#assign(net.bytebuddy.description.type.TypeDescription.Generic, net.bytebuddy.description.type.TypeDescription.Generic, net.bytebuddy.implementation.bytecode.assign.Assigner.Typing)#1&quot;, &quot;typing := PrimitiveTypeAwareAssigner#assign(net.bytebuddy.description.type.TypeDescription.Generic, net.bytebuddy.description.type.TypeDescription.Generic, net.bytebuddy.implementation.bytecode.assign.Assigner.Typing)#2&quot; }"/>
        </annotation>
    </item>
    <item name='net.bytebuddy.implementation.bytecode.assign.primitive.PrimitiveWideningDelegate'>
        <annotation name='com.intellij.inspections.tainted.annotation.equation.Equations'>
            <val val="{ &quot;PrimitiveWideningDelegate := #PrimitiveWideningDelegate(net.bytebuddy.implementation.bytecode.StackManipulation, net.bytebuddy.implementation.bytecode.StackManipulation, net.bytebuddy.implementation.bytecode.StackManipulation, net.bytebuddy.implementation.bytecode.StackManipulation, net.bytebuddy.implementation.bytecode.StackManipulation, net.bytebuddy.implementation.bytecode.StackManipulation, net.bytebuddy.implementation.bytecode.StackManipulation, net.bytebuddy.implementation.bytecode.StackManipulation)#0 &amp; #PrimitiveWideningDelegate(net.bytebuddy.implementation.bytecode.StackManipulation, net.bytebuddy.implementation.bytecode.StackManipulation, net.bytebuddy.implementation.bytecode.StackManipulation, net.bytebuddy.implementation.bytecode.StackManipulation, net.bytebuddy.implementation.bytecode.StackManipulation, net.bytebuddy.implementation.bytecode.StackManipulation, net.bytebuddy.implementation.bytecode.StackManipulation, net.bytebuddy.implementation.bytecode.StackManipulation)#1 &amp; #PrimitiveWideningDelegate(net.bytebuddy.implementation.bytecode.StackManipulation, net.bytebuddy.implementation.bytecode.StackManipulation, net.bytebuddy.implementation.bytecode.StackManipulation, net.bytebuddy.implementation.bytecode.StackManipulation, net.bytebuddy.implementation.bytecode.StackManipulation, net.bytebuddy.implementation.bytecode.StackManipulation, net.bytebuddy.implementation.bytecode.StackManipulation, net.bytebuddy.implementation.bytecode.StackManipulation)#2 &amp; #PrimitiveWideningDelegate(net.bytebuddy.implementation.bytecode.StackManipulation, net.bytebuddy.implementation.bytecode.StackManipulation, net.bytebuddy.implementation.bytecode.StackManipulation, net.bytebuddy.implementation.bytecode.StackManipulation, net.bytebuddy.implementation.bytecode.StackManipulation, net.bytebuddy.implementation.bytecode.StackManipulation, net.bytebuddy.implementation.bytecode.StackManipulation, net.bytebuddy.implementation.bytecode.StackManipulation)#3 &amp; #PrimitiveWideningDelegate(net.bytebuddy.implementation.bytecode.StackManipulation, net.bytebuddy.implementation.bytecode.StackManipulation, net.bytebuddy.implementation.bytecode.StackManipulation, net.bytebuddy.implementation.bytecode.StackManipulation, net.bytebuddy.implementation.bytecode.StackManipulation, net.bytebuddy.implementation.bytecode.StackManipulation, net.bytebuddy.implementation.bytecode.StackManipulation, net.bytebuddy.implementation.bytecode.StackManipulation)#4 &amp; #PrimitiveWideningDelegate(net.bytebuddy.implementation.bytecode.StackManipulation, net.bytebuddy.implementation.bytecode.StackManipulation, net.bytebuddy.implementation.bytecode.StackManipulation, net.bytebuddy.implementation.bytecode.StackManipulation, net.bytebuddy.implementation.bytecode.StackManipulation, net.bytebuddy.implementation.bytecode.StackManipulation, net.bytebuddy.implementation.bytecode.StackManipulation, net.bytebuddy.implementation.bytecode.StackManipulation)#5 &amp; #PrimitiveWideningDelegate(net.bytebuddy.implementation.bytecode.StackManipulation, net.bytebuddy.implementation.bytecode.StackManipulation, net.bytebuddy.implementation.bytecode.StackManipulation, net.bytebuddy.implementation.bytecode.StackManipulation, net.bytebuddy.implementation.bytecode.StackManipulation, net.bytebuddy.implementation.bytecode.StackManipulation, net.bytebuddy.implementation.bytecode.StackManipulation, net.bytebuddy.implementation.bytecode.StackManipulation)#6 &amp; #PrimitiveWideningDelegate(net.bytebuddy.implementation.bytecode.StackManipulation, net.bytebuddy.implementation.bytecode.StackManipulation, net.bytebuddy.implementation.bytecode.StackManipulation, net.bytebuddy.implementation.bytecode.StackManipulation, net.bytebuddy.implementation.bytecode.StackManipulation, net.bytebuddy.implementation.bytecode.StackManipulation, net.bytebuddy.implementation.bytecode.StackManipulation, net.bytebuddy.implementation.bytecode.StackManipulation)#7&quot; }"/>
        </annotation>
    </item>
    <item name='net.bytebuddy.implementation.bytecode.assign.primitive.PrimitiveWideningDelegate PrimitiveWideningDelegate(net.bytebuddy.implementation.bytecode.StackManipulation, net.bytebuddy.implementation.bytecode.StackManipulation, net.bytebuddy.implementation.bytecode.StackManipulation, net.bytebuddy.implementation.bytecode.StackManipulation, net.bytebuddy.implementation.bytecode.StackManipulation, net.bytebuddy.implementation.bytecode.StackManipulation, net.bytebuddy.implementation.bytecode.StackManipulation, net.bytebuddy.implementation.bytecode.StackManipulation)'>
        <annotation name='com.intellij.inspections.tainted.annotation.equation.Equations'>
            <val val="{ &quot;toLongStackManipulation := net.bytebuddy.implementation.bytecode.StackManipulation.Illegal#INSTANCE &amp; net.bytebuddy.implementation.bytecode.StackManipulation.Trivial#INSTANCE&quot;, &quot;toBooleanStackManipulation := net.bytebuddy.implementation.bytecode.StackManipulation.Trivial#INSTANCE &amp; net.bytebuddy.implementation.bytecode.StackManipulation.Illegal#INSTANCE&quot;, &quot;PrimitiveWideningDelegate := PrimitiveWideningDelegate&quot;, &quot;toFloatStackManipulation := net.bytebuddy.implementation.bytecode.StackManipulation.Illegal#INSTANCE &amp; net.bytebuddy.implementation.bytecode.StackManipulation.Trivial#INSTANCE&quot;, &quot;toIntegerStackManipulation := net.bytebuddy.implementation.bytecode.StackManipulation.Illegal#INSTANCE &amp; net.bytebuddy.implementation.bytecode.StackManipulation.Trivial#INSTANCE&quot;, &quot;toCharacterStackManipulation := net.bytebuddy.implementation.bytecode.StackManipulation.Illegal#INSTANCE &amp; net.bytebuddy.implementation.bytecode.StackManipulation.Trivial#INSTANCE&quot;, &quot;toByteStackManipulation := net.bytebuddy.implementation.bytecode.StackManipulation.Illegal#INSTANCE &amp; net.bytebuddy.implementation.bytecode.StackManipulation.Trivial#INSTANCE&quot;, &quot;toShortStackManipulation := net.bytebuddy.implementation.bytecode.StackManipulation.Illegal#INSTANCE &amp; net.bytebuddy.implementation.bytecode.StackManipulation.Trivial#INSTANCE&quot;, &quot;toDoubleStackManipulation := net.bytebuddy.implementation.bytecode.StackManipulation.Illegal#INSTANCE &amp; net.bytebuddy.implementation.bytecode.StackManipulation.Trivial#INSTANCE&quot; }"/>
        </annotation>
    </item>
    <item name='net.bytebuddy.implementation.bytecode.assign.primitive.PrimitiveWideningDelegate net.bytebuddy.implementation.bytecode.StackManipulation widenTo(net.bytebuddy.description.type.TypeDefinition)'>
        <annotation name='com.intellij.inspections.tainted.annotation.equation.Equations'>
            <val val="{ &quot;widenTo := PrimitiveWideningDelegate&quot;, &quot;typeDefinition := PrimitiveUnboxingDelegate.ExplicitlyTypedUnboxingResponsible#assignUnboxedTo(net.bytebuddy.description.type.TypeDescription.Generic, net.bytebuddy.implementation.bytecode.assign.Assigner, net.bytebuddy.implementation.bytecode.assign.Assigner.Typing)#0 &amp; PrimitiveTypeAwareAssigner#assign(net.bytebuddy.description.type.TypeDescription.Generic, net.bytebuddy.description.type.TypeDescription.Generic, net.bytebuddy.implementation.bytecode.assign.Assigner.Typing)#1&quot; }"/>
        </annotation>
    </item>
    <item name='net.bytebuddy.implementation.bytecode.assign.primitive.PrimitiveWideningDelegate net.bytebuddy.implementation.bytecode.assign.primitive.PrimitiveWideningDelegate forPrimitive(net.bytebuddy.description.type.TypeDefinition)'>
        <annotation name='com.intellij.inspections.tainted.annotation.equation.Equations'>
            <val val="{ &quot;forPrimitive := #BOOLEAN &amp; #BYTE &amp; #SHORT &amp; #CHARACTER &amp; #INTEGER &amp; #LONG &amp; #FLOAT &amp; #DOUBLE&quot; }"/>
        </annotation>
    </item>
    <item name='net.bytebuddy.implementation.bytecode.assign.primitive.PrimitiveWideningDelegate.WideningStackManipulation'>
        <annotation name='com.intellij.inspections.tainted.annotation.equation.Equations'>
            <val val="{ &quot;WideningStackManipulation := #WideningStackManipulation(int, net.bytebuddy.implementation.bytecode.StackManipulation.Size)#0 &amp; #WideningStackManipulation(int, net.bytebuddy.implementation.bytecode.StackManipulation.Size)#1&quot; }"/>
        </annotation>
    </item>
    <item name='net.bytebuddy.implementation.bytecode.assign.primitive.PrimitiveWideningDelegate.WideningStackManipulation WideningStackManipulation(int, net.bytebuddy.implementation.bytecode.StackManipulation.Size)'>
        <annotation name='com.intellij.inspections.tainted.annotation.equation.Equations'>
            <val val="{ &quot;size := &quot;, &quot;conversionOpcode := net.bytebuddy.jar.asm.Opcodes#I2L &amp; net.bytebuddy.jar.asm.Opcodes#I2F &amp; net.bytebuddy.jar.asm.Opcodes#I2D &amp; net.bytebuddy.jar.asm.Opcodes#L2F &amp; net.bytebuddy.jar.asm.Opcodes#L2D &amp; net.bytebuddy.jar.asm.Opcodes#F2D&quot;, &quot;WideningStackManipulation := PrimitiveWideningDelegate.WideningStackManipulation&quot; }"/>
        </annotation>
    </item>
    <item name='net.bytebuddy.implementation.bytecode.assign.primitive.PrimitiveWideningDelegate.WideningStackManipulation net.bytebuddy.implementation.bytecode.StackManipulation.Size apply(net.bytebuddy.jar.asm.MethodVisitor, net.bytebuddy.implementation.Implementation.Context)'>
        <annotation name='com.intellij.inspections.tainted.annotation.equation.Equations'>
            <val val="{ &quot;apply := PrimitiveWideningDelegate.WideningStackManipulation&quot; }"/>
        </annotation>
    </item>
    <item name='net.bytebuddy.implementation.bytecode.assign.primitive.VoidAwareAssigner'>
        <annotation name='com.intellij.inspections.tainted.annotation.equation.Equations'>
            <val val="{ &quot;VoidAwareAssigner := #VoidAwareAssigner(net.bytebuddy.implementation.bytecode.assign.Assigner)#0&quot; }"/>
        </annotation>
    </item>
    <item name='net.bytebuddy.implementation.bytecode.assign.primitive.VoidAwareAssigner VoidAwareAssigner(net.bytebuddy.implementation.bytecode.assign.Assigner)'>
        <annotation name='com.intellij.inspections.tainted.annotation.equation.Equations'>
            <val val="{ &quot;chained := &quot;, &quot;VoidAwareAssigner := VoidAwareAssigner&quot; }"/>
        </annotation>
    </item>
    <item name='net.bytebuddy.implementation.bytecode.assign.primitive.VoidAwareAssigner net.bytebuddy.implementation.bytecode.StackManipulation assign(net.bytebuddy.description.type.TypeDescription.Generic, net.bytebuddy.description.type.TypeDescription.Generic, net.bytebuddy.implementation.bytecode.assign.Assigner.Typing)'>
        <annotation name='com.intellij.inspections.tainted.annotation.equation.Equations'>
            <val val="{ &quot;assign := net.bytebuddy.implementation.bytecode.StackManipulation.Trivial#INSTANCE &amp; net.bytebuddy.implementation.bytecode.StackManipulation.Illegal#INSTANCE&quot; }"/>
        </annotation>
    </item>
</root>