<root>
    <item name='org.omg.CORBA_2_3.portable.Delegate java.lang.String get_codebase(org.omg.CORBA.Object)'>
        <annotation name='com.intellij.inspections.tainted.annotation.equation.Equations'>
            <val val="{ &quot;self := com.sun.corba.se.impl.protocol.CorbaClientDelegateImpl#get_codebase(org.omg.CORBA.Object)#0&quot;, &quot;get_codebase := com.sun.corba.se.impl.protocol.CorbaClientDelegateImpl#get_codebase(org.omg.CORBA.Object)&quot; }"/>
        </annotation>
    </item>
    <item name='org.omg.CORBA_2_3.portable.InputStream'>
        <annotation name='com.intellij.inspections.tainted.annotation.equation.Equations'>
            <val val="{ &quot;InputStream := com.sun.corba.se.impl.encoding.WrapperInputStream &amp; com.sun.corba.se.impl.encoding.CDRInputStream &amp; com.sun.jmx.remote.protocol.iiop.ProxyInputStream&quot; }"/>
        </annotation>
    </item>
    <item name='org.omg.CORBA_2_3.portable.InputStream java.io.Serializable read_value()'>
        <annotation name='com.intellij.inspections.tainted.annotation.equation.Equations'>
            <val val="{ &quot;read_value := com.sun.corba.se.impl.encoding.WrapperInputStream#read_value() &amp; com.sun.corba.se.impl.encoding.CDRInputStream#read_value() &amp; com.sun.jmx.remote.protocol.iiop.ProxyInputStream#read_value()&quot; }"/>
        </annotation>
    </item>
    <item name='org.omg.CORBA_2_3.portable.InputStream java.io.Serializable read_value(java.io.Serializable)'>
        <annotation name='com.intellij.inspections.tainted.annotation.equation.Equations'>
            <val val="{ &quot;value := com.sun.corba.se.impl.encoding.CDRInputStream#read_value(java.io.Serializable)#0 &amp; com.sun.jmx.remote.protocol.iiop.ProxyInputStream#read_value(java.io.Serializable)#0&quot;, &quot;read_value := com.sun.corba.se.impl.encoding.CDRInputStream#read_value(java.io.Serializable) &amp; com.sun.jmx.remote.protocol.iiop.ProxyInputStream#read_value(java.io.Serializable)&quot; }"/>
        </annotation>
    </item>
    <item name='org.omg.CORBA_2_3.portable.InputStream java.io.Serializable read_value(java.lang.Class)'>
        <annotation name='com.intellij.inspections.tainted.annotation.equation.Equations'>
            <val val="{ &quot;clz := com.sun.corba.se.impl.encoding.CDRInputStream#read_value(java.lang.Class)#0 &amp; com.sun.jmx.remote.protocol.iiop.ProxyInputStream#read_value(java.lang.Class)#0&quot;, &quot;read_value := com.sun.corba.se.impl.encoding.CDRInputStream#read_value(java.lang.Class) &amp; com.sun.jmx.remote.protocol.iiop.ProxyInputStream#read_value(java.lang.Class)&quot; }"/>
        </annotation>
    </item>
    <item name='org.omg.CORBA_2_3.portable.InputStream java.io.Serializable read_value(java.lang.String)'>
        <annotation name='com.intellij.inspections.tainted.annotation.equation.Equations'>
            <val val="{ &quot;rep_id := com.sun.jmx.remote.protocol.iiop.ProxyInputStream#read_value(java.lang.String)#0 &amp; com.sun.corba.se.impl.encoding.CDRInputStream#read_value(java.lang.String)#0&quot;, &quot;read_value := com.sun.jmx.remote.protocol.iiop.ProxyInputStream#read_value(java.lang.String) &amp; com.sun.corba.se.impl.encoding.CDRInputStream#read_value(java.lang.String)&quot; }"/>
        </annotation>
    </item>
    <item name='org.omg.CORBA_2_3.portable.InputStream java.io.Serializable read_value(org.omg.CORBA.portable.BoxedValueHelper)'>
        <annotation name='com.intellij.inspections.tainted.annotation.equation.Equations'>
            <val val="{ &quot;factory := com.sun.corba.se.impl.encoding.CDRInputStream#read_value(org.omg.CORBA.portable.BoxedValueHelper)#0 &amp; com.sun.jmx.remote.protocol.iiop.ProxyInputStream#read_value(org.omg.CORBA.portable.BoxedValueHelper)#0&quot;, &quot;read_value := com.sun.corba.se.impl.encoding.CDRInputStream#read_value(org.omg.CORBA.portable.BoxedValueHelper) &amp; com.sun.jmx.remote.protocol.iiop.ProxyInputStream#read_value(org.omg.CORBA.portable.BoxedValueHelper)&quot; }"/>
        </annotation>
    </item>
    <item name='org.omg.CORBA_2_3.portable.InputStream java.lang.Object read_abstract_interface()'>
        <annotation name='com.intellij.inspections.tainted.annotation.equation.Equations'>
            <val val="{ &quot;read_abstract_interface := com.sun.corba.se.impl.encoding.CDRInputStream#read_abstract_interface() &amp; com.sun.jmx.remote.protocol.iiop.ProxyInputStream#read_abstract_interface()&quot; }"/>
        </annotation>
    </item>
    <item name='org.omg.CORBA_2_3.portable.InputStream java.lang.Object read_abstract_interface(java.lang.Class)'>
        <annotation name='com.intellij.inspections.tainted.annotation.equation.Equations'>
            <val val="{ &quot;clz := com.sun.jmx.remote.protocol.iiop.ProxyInputStream#read_abstract_interface(java.lang.Class)#0 &amp; com.sun.corba.se.impl.encoding.CDRInputStream#read_abstract_interface(java.lang.Class)#0&quot;, &quot;read_abstract_interface := com.sun.jmx.remote.protocol.iiop.ProxyInputStream#read_abstract_interface(java.lang.Class) &amp; com.sun.corba.se.impl.encoding.CDRInputStream#read_abstract_interface(java.lang.Class)&quot; }"/>
        </annotation>
    </item>
    <item name='org.omg.CORBA_2_3.portable.ObjectImpl'>
        <annotation name='com.intellij.inspections.tainted.annotation.equation.Equations'>
            <val val="{ &quot;ObjectImpl := javax.rmi.CORBA.Stub &amp; com.sun.corba.se.impl.presentation.rmi.DynamicStubImpl&quot; }"/>
        </annotation>
    </item>
    <item name='org.omg.CORBA_2_3.portable.OutputStream'>
        <annotation name='com.intellij.inspections.tainted.annotation.equation.Equations'>
            <val val="{ &quot;OutputStream := com.sun.corba.se.impl.encoding.CDROutputStream&quot; }"/>
        </annotation>
    </item>
    <item name='org.omg.CORBA_2_3.portable.OutputStream void write_abstract_interface(java.lang.Object)'>
        <annotation name='com.intellij.inspections.tainted.annotation.equation.Equations'>
            <val val="{ &quot;obj := com.sun.corba.se.impl.encoding.CDROutputStream#write_abstract_interface(java.lang.Object)#0&quot; }"/>
        </annotation>
    </item>
    <item name='org.omg.CORBA_2_3.portable.OutputStream void write_value(java.io.Serializable)'>
        <annotation name='com.intellij.inspections.tainted.annotation.equation.Equations'>
            <val val="{ &quot;value := com.sun.corba.se.impl.encoding.CDROutputStream#write_value(java.io.Serializable)#0&quot; }"/>
        </annotation>
    </item>
    <item name='org.omg.CORBA_2_3.portable.OutputStream void write_value(java.io.Serializable, java.lang.Class)'>
        <annotation name='com.intellij.inspections.tainted.annotation.equation.Equations'>
            <val val="{ &quot;clz := com.sun.corba.se.impl.encoding.CDROutputStream#write_value(java.io.Serializable, java.lang.Class)#1&quot;, &quot;value := com.sun.corba.se.impl.encoding.CDROutputStream#write_value(java.io.Serializable, java.lang.Class)#0&quot; }"/>
        </annotation>
    </item>
    <item name='org.omg.CORBA_2_3.portable.OutputStream void write_value(java.io.Serializable, java.lang.String)'>
        <annotation name='com.intellij.inspections.tainted.annotation.equation.Equations'>
            <val val="{ &quot;value := com.sun.corba.se.impl.encoding.CDROutputStream#write_value(java.io.Serializable, java.lang.String)#0&quot;, &quot;repository_id := com.sun.corba.se.impl.encoding.CDROutputStream#write_value(java.io.Serializable, java.lang.String)#1&quot; }"/>
        </annotation>
    </item>
    <item name='org.omg.CORBA_2_3.portable.OutputStream void write_value(java.io.Serializable, org.omg.CORBA.portable.BoxedValueHelper)'>
        <annotation name='com.intellij.inspections.tainted.annotation.equation.Equations'>
            <val val="{ &quot;value := com.sun.corba.se.impl.encoding.CDROutputStream#write_value(java.io.Serializable, org.omg.CORBA.portable.BoxedValueHelper)#0&quot;, &quot;factory := com.sun.corba.se.impl.encoding.CDROutputStream#write_value(java.io.Serializable, org.omg.CORBA.portable.BoxedValueHelper)#1&quot; }"/>
        </annotation>
    </item>
</root>