<root>
    <item name='com.sun.corba.se.impl.io.FVDCodeBaseImpl'>
        <annotation name='com.intellij.inspections.tainted.annotation.equation.Equations'>
            <val val="{ &quot;FVDCodeBaseImpl := &quot; }"/>
        </annotation>
    </item>
    <item name='com.sun.corba.se.impl.io.FVDCodeBaseImpl com.sun.org.omg.CORBA.ValueDefPackage.FullValueDescription meta(java.lang.String)'>
        <annotation name='com.intellij.inspections.tainted.annotation.equation.Equations'>
            <val val="{ &quot;meta := &quot;, &quot;x := #metas(java.lang.String[])#0&quot; }"/>
        </annotation>
    </item>
    <item name='com.sun.corba.se.impl.io.FVDCodeBaseImpl com.sun.org.omg.CORBA.ValueDefPackage.FullValueDescription[] metas(java.lang.String[])'>
        <annotation name='com.intellij.inspections.tainted.annotation.equation.Equations'>
            <val val="{ &quot;metas := &quot; }"/>
        </annotation>
    </item>
    <item name='com.sun.corba.se.impl.io.FVDCodeBaseImpl java.lang.String implementation(java.lang.String)'>
        <annotation name='com.intellij.inspections.tainted.annotation.equation.Equations'>
            <val val="{ &quot;x := #implementations(java.lang.String[])#0&quot; }"/>
        </annotation>
    </item>
    <item name='com.sun.corba.se.impl.io.FVDCodeBaseImpl void setValueHandler(javax.rmi.CORBA.ValueHandler)'>
        <annotation name='com.intellij.inspections.tainted.annotation.equation.Equations'>
            <val val="{ &quot;vh := ValueHandlerImpl&quot; }"/>
        </annotation>
    </item>
    <item name='com.sun.corba.se.impl.io.IIOPInputStream'>
        <annotation name='com.intellij.inspections.tainted.annotation.equation.Equations'>
            <val val="{ &quot;IIOPInputStream := #setSender(com.sun.org.omg.SendingContext.CodeBase)#0&quot; }"/>
        </annotation>
    </item>
    <item name='com.sun.corba.se.impl.io.IIOPInputStream IIOPInputStream()'>
        <annotation name='com.intellij.inspections.tainted.annotation.equation.Equations'>
            <val val="{ &quot;IIOPInputStream := IIOPInputStream&quot; }"/>
        </annotation>
    </item>
    <item name='com.sun.corba.se.impl.io.IIOPInputStream byte getStreamFormatVersion()'>
        <annotation name='com.intellij.inspections.tainted.annotation.equation.Equations'>
            <val val="{ &quot;getStreamFormatVersion := IIOPInputStream&quot; }"/>
        </annotation>
    </item>
    <item name='com.sun.corba.se.impl.io.IIOPInputStream com.sun.org.omg.SendingContext.CodeBase getSender()'>
        <annotation name='com.intellij.inspections.tainted.annotation.equation.Equations'>
            <val val="{ &quot;getSender := IIOPInputStream&quot; }"/>
        </annotation>
    </item>
    <item name='com.sun.corba.se.impl.io.IIOPInputStream int findNextClass(java.lang.String, java.lang.Class[], int, int)'>
        <annotation name='com.intellij.inspections.tainted.annotation.equation.Equations'>
            <val val="{ &quot;findNextClass := _spClass&quot;, &quot;classes := IIOPInputStream&quot;, &quot;_spBase := IIOPInputStream&quot;, &quot;_spClass := IIOPInputStream&quot; }"/>
        </annotation>
    </item>
    <item name='com.sun.corba.se.impl.io.IIOPInputStream int read(byte[], int, int)'>
        <annotation name='com.intellij.inspections.tainted.annotation.equation.Equations'>
            <val val="{ &quot;read := length&quot; }"/>
        </annotation>
    </item>
    <item name='com.sun.corba.se.impl.io.IIOPInputStream int skipBytes(int)'>
        <annotation name='com.intellij.inspections.tainted.annotation.equation.Equations'>
            <val val="{ &quot;skipBytes := len&quot; }"/>
        </annotation>
    </item>
    <item name='com.sun.corba.se.impl.io.IIOPInputStream java.lang.Object inputObject(java.lang.Class, java.lang.String, com.sun.org.omg.SendingContext.CodeBase, int)'>
        <annotation name='com.intellij.inspections.tainted.annotation.equation.Equations'>
            <val val="{ &quot;repositoryID := #simpleReadObject(java.lang.Class, java.lang.String, com.sun.org.omg.SendingContext.CodeBase, int)#1&quot;, &quot;clz := #simpleReadObject(java.lang.Class, java.lang.String, com.sun.org.omg.SendingContext.CodeBase, int)#0&quot;, &quot;offset := #simpleReadObject(java.lang.Class, java.lang.String, com.sun.org.omg.SendingContext.CodeBase, int)#3&quot;, &quot;inputObject := IIOPInputStream&quot;, &quot;sender := #simpleReadObject(java.lang.Class, java.lang.String, com.sun.org.omg.SendingContext.CodeBase, int)#2&quot; }"/>
        </annotation>
    </item>
    <item name='com.sun.corba.se.impl.io.IIOPInputStream java.lang.Object inputObjectField(com.sun.corba.se.impl.io.ObjectStreamField)'>
        <annotation name='com.intellij.inspections.tainted.annotation.equation.Equations'>
            <val val="{ &quot;field := #inputClassFields(java.lang.Object, java.lang.Class, com.sun.corba.se.impl.io.ObjectStreamField[], com.sun.org.omg.SendingContext.CodeBase)#2&quot; }"/>
        </annotation>
    </item>
    <item name='com.sun.corba.se.impl.io.IIOPInputStream java.lang.Object inputObjectField(org.omg.CORBA.ValueMember, com.sun.org.omg.SendingContext.CodeBase)'>
        <annotation name='com.intellij.inspections.tainted.annotation.equation.Equations'>
            <val val="{ &quot;sender := IIOPInputStream &amp; #inputClassFields(java.lang.Object, java.lang.Class, com.sun.corba.se.impl.io.ObjectStreamClass, org.omg.CORBA.ValueMember[], com.sun.org.omg.SendingContext.CodeBase)#4&quot;, &quot;field := IIOPInputStream &amp; #inputClassFields(java.lang.Object, java.lang.Class, com.sun.corba.se.impl.io.ObjectStreamClass, org.omg.CORBA.ValueMember[], com.sun.org.omg.SendingContext.CodeBase)#3&quot; }"/>
        </annotation>
    </item>
    <item name='com.sun.corba.se.impl.io.IIOPInputStream java.lang.Object inputObjectUsingFVD(java.lang.Class, java.lang.String, com.sun.org.omg.SendingContext.CodeBase, int)'>
        <annotation name='com.intellij.inspections.tainted.annotation.equation.Equations'>
            <val val="{ &quot;repositoryID := #simpleReadObject(java.lang.Class, java.lang.String, com.sun.org.omg.SendingContext.CodeBase, int)#1&quot;, &quot;inputObjectUsingFVD := IIOPInputStream&quot;, &quot;clz := #simpleReadObject(java.lang.Class, java.lang.String, com.sun.org.omg.SendingContext.CodeBase, int)#0&quot;, &quot;sender := #simpleReadObject(java.lang.Class, java.lang.String, com.sun.org.omg.SendingContext.CodeBase, int)#2&quot;, &quot;offset := #simpleReadObject(java.lang.Class, java.lang.String, com.sun.org.omg.SendingContext.CodeBase, int)#3&quot; }"/>
        </annotation>
    </item>
    <item name='com.sun.corba.se.impl.io.IIOPInputStream java.lang.Object simpleReadObject(java.lang.Class, java.lang.String, com.sun.org.omg.SendingContext.CodeBase, int)'>
        <annotation name='com.intellij.inspections.tainted.annotation.equation.Equations'>
            <val val="{ &quot;repositoryID := ValueHandlerImpl#readValueInternal(com.sun.corba.se.impl.io.IIOPInputStream, org.omg.CORBA_2_3.portable.InputStream, int, java.lang.Class, java.lang.String, com.sun.org.omg.SendingContext.CodeBase)#4&quot;, &quot;clz := ValueHandlerImpl#readValueInternal(com.sun.corba.se.impl.io.IIOPInputStream, org.omg.CORBA_2_3.portable.InputStream, int, java.lang.Class, java.lang.String, com.sun.org.omg.SendingContext.CodeBase)#3&quot;, &quot;sender := ValueHandlerImpl#readValueInternal(com.sun.corba.se.impl.io.IIOPInputStream, org.omg.CORBA_2_3.portable.InputStream, int, java.lang.Class, java.lang.String, com.sun.org.omg.SendingContext.CodeBase)#5&quot;, &quot;offset := ValueHandlerImpl#readValueInternal(com.sun.corba.se.impl.io.IIOPInputStream, org.omg.CORBA_2_3.portable.InputStream, int, java.lang.Class, java.lang.String, com.sun.org.omg.SendingContext.CodeBase)#2&quot; }"/>
        </annotation>
    </item>
    <item name='com.sun.corba.se.impl.io.IIOPInputStream java.lang.Object skipObjectUsingFVD(java.lang.String, com.sun.org.omg.SendingContext.CodeBase)'>
        <annotation name='com.intellij.inspections.tainted.annotation.equation.Equations'>
            <val val="{ &quot;sender := #simpleSkipObject(java.lang.String, com.sun.org.omg.SendingContext.CodeBase)#1&quot;, &quot;repositoryID := #simpleSkipObject(java.lang.String, com.sun.org.omg.SendingContext.CodeBase)#0&quot; }"/>
        </annotation>
    </item>
    <item name='com.sun.corba.se.impl.io.IIOPInputStream java.lang.String internalReadUTF(org.omg.CORBA.portable.InputStream)'>
        <annotation name='com.intellij.inspections.tainted.annotation.equation.Equations'>
            <val val="{ &quot;stream := IIOPInputStream&quot; }"/>
        </annotation>
    </item>
    <item name='com.sun.corba.se.impl.io.IIOPInputStream java.lang.reflect.Field getDeclaredField(java.lang.Class&lt;?&gt;, java.lang.String)'>
        <annotation name='com.intellij.inspections.tainted.annotation.equation.Equations'>
            <val val="{ &quot;c := #inputClassFields(java.lang.Object, java.lang.Class, com.sun.corba.se.impl.io.ObjectStreamField[], com.sun.org.omg.SendingContext.CodeBase)#1 &amp; #setObjectField(java.lang.Object, java.lang.Class, java.lang.String, java.lang.Object)#1 &amp; #setBooleanField(java.lang.Object, java.lang.Class, java.lang.String, boolean)#1 &amp; #setByteField(java.lang.Object, java.lang.Class, java.lang.String, byte)#1 &amp; #setCharField(java.lang.Object, java.lang.Class, java.lang.String, char)#1 &amp; #setShortField(java.lang.Object, java.lang.Class, java.lang.String, short)#1 &amp; #setIntField(java.lang.Object, java.lang.Class, java.lang.String, int)#1 &amp; #setLongField(java.lang.Object, java.lang.Class, java.lang.String, long)#1 &amp; #setFloatField(java.lang.Object, java.lang.Class, java.lang.String, float)#1 &amp; #setDoubleField(java.lang.Object, java.lang.Class, java.lang.String, double)#1&quot;, &quot;fieldName := #setObjectField(java.lang.Object, java.lang.Class, java.lang.String, java.lang.Object)#2 &amp; #setBooleanField(java.lang.Object, java.lang.Class, java.lang.String, boolean)#2 &amp; #setByteField(java.lang.Object, java.lang.Class, java.lang.String, byte)#2 &amp; #setCharField(java.lang.Object, java.lang.Class, java.lang.String, char)#2 &amp; #setShortField(java.lang.Object, java.lang.Class, java.lang.String, short)#2 &amp; #setIntField(java.lang.Object, java.lang.Class, java.lang.String, int)#2 &amp; #setLongField(java.lang.Object, java.lang.Class, java.lang.String, long)#2 &amp; #setFloatField(java.lang.Object, java.lang.Class, java.lang.String, float)#2 &amp; #setDoubleField(java.lang.Object, java.lang.Class, java.lang.String, double)#2&quot; }"/>
        </annotation>
    </item>
    <item name='com.sun.corba.se.impl.io.IIOPInputStream javax.rmi.CORBA.ValueHandler getValueHandler()'>
        <annotation name='com.intellij.inspections.tainted.annotation.equation.Equations'>
            <val val="{ &quot;getValueHandler := IIOPInputStream&quot; }"/>
        </annotation>
    </item>
    <item name='com.sun.corba.se.impl.io.IIOPInputStream org.omg.CORBA_2_3.portable.InputStream getOrbStream()'>
        <annotation name='com.intellij.inspections.tainted.annotation.equation.Equations'>
            <val val="{ &quot;getOrbStream := IIOPInputStream&quot; }"/>
        </annotation>
    </item>
    <item name='com.sun.corba.se.impl.io.IIOPInputStream void inputClassFields(java.lang.Object, java.lang.Class&lt;?&gt;, com.sun.corba.se.impl.io.ObjectStreamField[], com.sun.org.omg.SendingContext.CodeBase)'>
        <annotation name='com.intellij.inspections.tainted.annotation.equation.Equations'>
            <val val="{ &quot;fields := &quot;, &quot;sender := IIOPInputStream &amp; #inputObject(java.lang.Class, java.lang.String, com.sun.org.omg.SendingContext.CodeBase, int)#2&quot;, &quot;cl := IIOPInputStream&quot;, &quot;o := IIOPInputStream&quot; }"/>
        </annotation>
    </item>
    <item name='com.sun.corba.se.impl.io.IIOPInputStream void inputClassFields(java.lang.Object, java.lang.Class, com.sun.corba.se.impl.io.ObjectStreamClass, org.omg.CORBA.ValueMember[], com.sun.org.omg.SendingContext.CodeBase)'>
        <annotation name='com.intellij.inspections.tainted.annotation.equation.Equations'>
            <val val="{ &quot;cl := IIOPInputStream&quot;, &quot;sender := IIOPInputStream &amp; #inputObjectUsingFVD(java.lang.Class, java.lang.String, com.sun.org.omg.SendingContext.CodeBase, int)#2 &amp; #skipObjectUsingFVD(java.lang.String, com.sun.org.omg.SendingContext.CodeBase)#1&quot;, &quot;o := IIOPInputStream&quot;, &quot;osc := IIOPInputStream&quot;, &quot;fields := IIOPInputStream&quot; }"/>
        </annotation>
    </item>
    <item name='com.sun.corba.se.impl.io.IIOPInputStream void inputCurrentClassFieldsForReadFields(java.util.Map)'>
        <annotation name='com.intellij.inspections.tainted.annotation.equation.Equations'>
            <val val="{ &quot;fieldToValueMap := #readFields(java.util.Map)#0&quot; }"/>
        </annotation>
    </item>
    <item name='com.sun.corba.se.impl.io.IIOPInputStream void inputPrimitiveField(java.lang.Object, java.lang.Class, com.sun.corba.se.impl.io.ObjectStreamField)'>
        <annotation name='com.intellij.inspections.tainted.annotation.equation.Equations'>
            <val val="{ &quot;o := #inputClassFields(java.lang.Object, java.lang.Class, com.sun.corba.se.impl.io.ObjectStreamField[], com.sun.org.omg.SendingContext.CodeBase)#0&quot;, &quot;cl := #inputClassFields(java.lang.Object, java.lang.Class, com.sun.corba.se.impl.io.ObjectStreamField[], com.sun.org.omg.SendingContext.CodeBase)#1&quot;, &quot;field := #inputClassFields(java.lang.Object, java.lang.Class, com.sun.corba.se.impl.io.ObjectStreamField[], com.sun.org.omg.SendingContext.CodeBase)#2&quot; }"/>
        </annotation>
    </item>
    <item name='com.sun.corba.se.impl.io.IIOPInputStream void inputRemoteMembersForReadFields(java.util.Map)'>
        <annotation name='com.intellij.inspections.tainted.annotation.equation.Equations'>
            <val val="{ &quot;fieldToValueMap := #readFields(java.util.Map)#0&quot; }"/>
        </annotation>
    </item>
    <item name='com.sun.corba.se.impl.io.IIOPInputStream void readFully(byte[], int, int)'>
        <annotation name='com.intellij.inspections.tainted.annotation.equation.Equations'>
            <val val="{ &quot;data := #readFully(byte[])#0&quot; }"/>
        </annotation>
    </item>
    <item name='com.sun.corba.se.impl.io.IIOPInputStream void setBooleanField(java.lang.Object, java.lang.Class&lt;?&gt;, java.lang.String, boolean)'>
        <annotation name='com.intellij.inspections.tainted.annotation.equation.Equations'>
            <val val="{ &quot;o := #inputClassFields(java.lang.Object, java.lang.Class, com.sun.corba.se.impl.io.ObjectStreamClass, org.omg.CORBA.ValueMember[], com.sun.org.omg.SendingContext.CodeBase)#0&quot;, &quot;c := #inputClassFields(java.lang.Object, java.lang.Class, com.sun.corba.se.impl.io.ObjectStreamClass, org.omg.CORBA.ValueMember[], com.sun.org.omg.SendingContext.CodeBase)#1&quot; }"/>
        </annotation>
    </item>
    <item name='com.sun.corba.se.impl.io.IIOPInputStream void setByteField(java.lang.Object, java.lang.Class&lt;?&gt;, java.lang.String, byte)'>
        <annotation name='com.intellij.inspections.tainted.annotation.equation.Equations'>
            <val val="{ &quot;o := #inputClassFields(java.lang.Object, java.lang.Class, com.sun.corba.se.impl.io.ObjectStreamClass, org.omg.CORBA.ValueMember[], com.sun.org.omg.SendingContext.CodeBase)#0&quot;, &quot;c := #inputClassFields(java.lang.Object, java.lang.Class, com.sun.corba.se.impl.io.ObjectStreamClass, org.omg.CORBA.ValueMember[], com.sun.org.omg.SendingContext.CodeBase)#1&quot; }"/>
        </annotation>
    </item>
    <item name='com.sun.corba.se.impl.io.IIOPInputStream void setCharField(java.lang.Object, java.lang.Class&lt;?&gt;, java.lang.String, char)'>
        <annotation name='com.intellij.inspections.tainted.annotation.equation.Equations'>
            <val val="{ &quot;o := #inputClassFields(java.lang.Object, java.lang.Class, com.sun.corba.se.impl.io.ObjectStreamClass, org.omg.CORBA.ValueMember[], com.sun.org.omg.SendingContext.CodeBase)#0&quot;, &quot;c := #inputClassFields(java.lang.Object, java.lang.Class, com.sun.corba.se.impl.io.ObjectStreamClass, org.omg.CORBA.ValueMember[], com.sun.org.omg.SendingContext.CodeBase)#1&quot; }"/>
        </annotation>
    </item>
    <item name='com.sun.corba.se.impl.io.IIOPInputStream void setDoubleField(java.lang.Object, java.lang.Class&lt;?&gt;, java.lang.String, double)'>
        <annotation name='com.intellij.inspections.tainted.annotation.equation.Equations'>
            <val val="{ &quot;c := #inputClassFields(java.lang.Object, java.lang.Class, com.sun.corba.se.impl.io.ObjectStreamClass, org.omg.CORBA.ValueMember[], com.sun.org.omg.SendingContext.CodeBase)#1&quot;, &quot;o := #inputClassFields(java.lang.Object, java.lang.Class, com.sun.corba.se.impl.io.ObjectStreamClass, org.omg.CORBA.ValueMember[], com.sun.org.omg.SendingContext.CodeBase)#0&quot; }"/>
        </annotation>
    </item>
    <item name='com.sun.corba.se.impl.io.IIOPInputStream void setFloatField(java.lang.Object, java.lang.Class&lt;?&gt;, java.lang.String, float)'>
        <annotation name='com.intellij.inspections.tainted.annotation.equation.Equations'>
            <val val="{ &quot;o := #inputClassFields(java.lang.Object, java.lang.Class, com.sun.corba.se.impl.io.ObjectStreamClass, org.omg.CORBA.ValueMember[], com.sun.org.omg.SendingContext.CodeBase)#0&quot;, &quot;c := #inputClassFields(java.lang.Object, java.lang.Class, com.sun.corba.se.impl.io.ObjectStreamClass, org.omg.CORBA.ValueMember[], com.sun.org.omg.SendingContext.CodeBase)#1&quot; }"/>
        </annotation>
    </item>
    <item name='com.sun.corba.se.impl.io.IIOPInputStream void setIntField(java.lang.Object, java.lang.Class&lt;?&gt;, java.lang.String, int)'>
        <annotation name='com.intellij.inspections.tainted.annotation.equation.Equations'>
            <val val="{ &quot;o := #inputClassFields(java.lang.Object, java.lang.Class, com.sun.corba.se.impl.io.ObjectStreamClass, org.omg.CORBA.ValueMember[], com.sun.org.omg.SendingContext.CodeBase)#0&quot;, &quot;c := #inputClassFields(java.lang.Object, java.lang.Class, com.sun.corba.se.impl.io.ObjectStreamClass, org.omg.CORBA.ValueMember[], com.sun.org.omg.SendingContext.CodeBase)#1&quot; }"/>
        </annotation>
    </item>
    <item name='com.sun.corba.se.impl.io.IIOPInputStream void setLongField(java.lang.Object, java.lang.Class&lt;?&gt;, java.lang.String, long)'>
        <annotation name='com.intellij.inspections.tainted.annotation.equation.Equations'>
            <val val="{ &quot;c := #inputClassFields(java.lang.Object, java.lang.Class, com.sun.corba.se.impl.io.ObjectStreamClass, org.omg.CORBA.ValueMember[], com.sun.org.omg.SendingContext.CodeBase)#1&quot;, &quot;o := #inputClassFields(java.lang.Object, java.lang.Class, com.sun.corba.se.impl.io.ObjectStreamClass, org.omg.CORBA.ValueMember[], com.sun.org.omg.SendingContext.CodeBase)#0&quot; }"/>
        </annotation>
    </item>
    <item name='com.sun.corba.se.impl.io.IIOPInputStream void setObjectField(java.lang.Object, java.lang.Class&lt;?&gt;, java.lang.String, java.lang.Object)'>
        <annotation name='com.intellij.inspections.tainted.annotation.equation.Equations'>
            <val val="{ &quot;c := #inputClassFields(java.lang.Object, java.lang.Class, com.sun.corba.se.impl.io.ObjectStreamClass, org.omg.CORBA.ValueMember[], com.sun.org.omg.SendingContext.CodeBase)#1&quot;, &quot;o := #inputClassFields(java.lang.Object, java.lang.Class, com.sun.corba.se.impl.io.ObjectStreamClass, org.omg.CORBA.ValueMember[], com.sun.org.omg.SendingContext.CodeBase)#0&quot; }"/>
        </annotation>
    </item>
    <item name='com.sun.corba.se.impl.io.IIOPInputStream void setOrbStream(org.omg.CORBA_2_3.portable.InputStream)'>
        <annotation name='com.intellij.inspections.tainted.annotation.equation.Equations'>
            <val val="{ &quot;os := ValueHandlerImpl#readValue(org.omg.CORBA.portable.InputStream, int, java.lang.Class, java.lang.String, org.omg.SendingContext.RunTime)#0&quot; }"/>
        </annotation>
    </item>
    <item name='com.sun.corba.se.impl.io.IIOPInputStream void setShortField(java.lang.Object, java.lang.Class&lt;?&gt;, java.lang.String, short)'>
        <annotation name='com.intellij.inspections.tainted.annotation.equation.Equations'>
            <val val="{ &quot;o := #inputClassFields(java.lang.Object, java.lang.Class, com.sun.corba.se.impl.io.ObjectStreamClass, org.omg.CORBA.ValueMember[], com.sun.org.omg.SendingContext.CodeBase)#0&quot;, &quot;c := #inputClassFields(java.lang.Object, java.lang.Class, com.sun.corba.se.impl.io.ObjectStreamClass, org.omg.CORBA.ValueMember[], com.sun.org.omg.SendingContext.CodeBase)#1&quot; }"/>
        </annotation>
    </item>
    <item name='com.sun.corba.se.impl.io.IIOPInputStream void setValueHandler(javax.rmi.CORBA.ValueHandler)'>
        <annotation name='com.intellij.inspections.tainted.annotation.equation.Equations'>
            <val val="{ &quot;vh := ValueHandlerImpl&quot; }"/>
        </annotation>
    </item>
    <item name='com.sun.corba.se.impl.io.IIOPInputStream void simpleSkipObject(java.lang.String, com.sun.org.omg.SendingContext.CodeBase)'>
        <annotation name='com.intellij.inspections.tainted.annotation.equation.Equations'>
            <val val="{ &quot;repositoryID := ValueHandlerImpl#readValueInternal(com.sun.corba.se.impl.io.IIOPInputStream, org.omg.CORBA_2_3.portable.InputStream, int, java.lang.Class, java.lang.String, com.sun.org.omg.SendingContext.CodeBase)#4&quot;, &quot;sender := ValueHandlerImpl#readValueInternal(com.sun.corba.se.impl.io.IIOPInputStream, org.omg.CORBA_2_3.portable.InputStream, int, java.lang.Class, java.lang.String, com.sun.org.omg.SendingContext.CodeBase)#5&quot; }"/>
        </annotation>
    </item>
    <item name='com.sun.corba.se.impl.io.IIOPInputStream void skipCustomUsingFVD(org.omg.CORBA.ValueMember[], com.sun.org.omg.SendingContext.CodeBase)'>
        <annotation name='com.intellij.inspections.tainted.annotation.equation.Equations'>
            <val val="{ &quot;sender := #inputObjectUsingFVD(java.lang.Class, java.lang.String, com.sun.org.omg.SendingContext.CodeBase, int)#2&quot; }"/>
        </annotation>
    </item>
    <item name='com.sun.corba.se.impl.io.IIOPInputStream void throwAwayData(org.omg.CORBA.ValueMember[], com.sun.org.omg.SendingContext.CodeBase)'>
        <annotation name='com.intellij.inspections.tainted.annotation.equation.Equations'>
            <val val="{ &quot;sender := #inputObjectUsingFVD(java.lang.Class, java.lang.String, com.sun.org.omg.SendingContext.CodeBase, int)#2 &amp; #skipCustomUsingFVD(org.omg.CORBA.ValueMember[], com.sun.org.omg.SendingContext.CodeBase)#1&quot;, &quot;fields := #skipCustomUsingFVD(org.omg.CORBA.ValueMember[], com.sun.org.omg.SendingContext.CodeBase)#0&quot; }"/>
        </annotation>
    </item>
    <item name='com.sun.corba.se.impl.io.IIOPInputStream.ActiveRecursionManager ActiveRecursionManager()'>
        <annotation name='com.intellij.inspections.tainted.annotation.equation.Equations'>
            <val val="{ &quot;ActiveRecursionManager := IIOPInputStream.ActiveRecursionManager&quot; }"/>
        </annotation>
    </item>
    <item name='com.sun.corba.se.impl.io.IIOPInputStream.ActiveRecursionManager void addObject(int, java.lang.Object)'>
        <annotation name='com.intellij.inspections.tainted.annotation.equation.Equations'>
            <val val="{ &quot;offset := ValueHandlerImpl#read_Array(com.sun.corba.se.impl.io.IIOPInputStream, org.omg.CORBA_2_3.portable.InputStream, java.lang.Class, com.sun.org.omg.SendingContext.CodeBase, int)#4 &amp; IIOPInputStream#inputObject(java.lang.Class, java.lang.String, com.sun.org.omg.SendingContext.CodeBase, int)#3 &amp; IIOPInputStream#inputObjectUsingFVD(java.lang.Class, java.lang.String, com.sun.org.omg.SendingContext.CodeBase, int)#3&quot;, &quot;value := IIOPInputStream&quot; }"/>
        </annotation>
    </item>
    <item name='com.sun.corba.se.impl.io.IIOPInputStream.ActiveRecursionManager void removeObject(int)'>
        <annotation name='com.intellij.inspections.tainted.annotation.equation.Equations'>
            <val val="{ &quot;offset := ValueHandlerImpl#read_Array(com.sun.corba.se.impl.io.IIOPInputStream, org.omg.CORBA_2_3.portable.InputStream, java.lang.Class, com.sun.org.omg.SendingContext.CodeBase, int)#4 &amp; IIOPInputStream#inputObject(java.lang.Class, java.lang.String, com.sun.org.omg.SendingContext.CodeBase, int)#3 &amp; IIOPInputStream#inputObjectUsingFVD(java.lang.Class, java.lang.String, com.sun.org.omg.SendingContext.CodeBase, int)#3&quot; }"/>
        </annotation>
    </item>
    <item name='com.sun.corba.se.impl.io.IIOPOutputStream'>
        <annotation name='com.intellij.inspections.tainted.annotation.equation.Equations'>
            <val val="{ &quot;IIOPOutputStream := &quot; }"/>
        </annotation>
    </item>
    <item name='com.sun.corba.se.impl.io.IIOPOutputStream IIOPOutputStream()'>
        <annotation name='com.intellij.inspections.tainted.annotation.equation.Equations'>
            <val val="{ &quot;IIOPOutputStream := IIOPOutputStream&quot; }"/>
        </annotation>
    </item>
    <item name='com.sun.corba.se.impl.io.IIOPOutputStream org.omg.CORBA_2_3.portable.OutputStream getOrbStream()'>
        <annotation name='com.intellij.inspections.tainted.annotation.equation.Equations'>
            <val val="{ &quot;getOrbStream := IIOPOutputStream&quot; }"/>
        </annotation>
    </item>
    <item name='com.sun.corba.se.impl.io.IIOPOutputStream void internalWriteUTF(org.omg.CORBA.portable.OutputStream, java.lang.String)'>
        <annotation name='com.intellij.inspections.tainted.annotation.equation.Equations'>
            <val val="{ &quot;data := #writeUTF(java.lang.String)#0&quot;, &quot;stream := IIOPOutputStream&quot; }"/>
        </annotation>
    </item>
    <item name='com.sun.corba.se.impl.io.IIOPOutputStream void invokeObjectWriter(com.sun.corba.se.impl.io.ObjectStreamClass, java.lang.Object)'>
        <annotation name='com.intellij.inspections.tainted.annotation.equation.Equations'>
            <val val="{ &quot;obj := #outputObject(java.lang.Object)#0&quot;, &quot;osc := IIOPOutputStream&quot; }"/>
        </annotation>
    </item>
    <item name='com.sun.corba.se.impl.io.IIOPOutputStream void outputClassFields(java.lang.Object, java.lang.Class, com.sun.corba.se.impl.io.ObjectStreamField[])'>
        <annotation name='com.intellij.inspections.tainted.annotation.equation.Equations'>
            <val val="{ &quot;o := IIOPOutputStream&quot;, &quot;cl := &quot;, &quot;fields := &quot; }"/>
        </annotation>
    </item>
    <item name='com.sun.corba.se.impl.io.IIOPOutputStream void outputObject(java.lang.Object)'>
        <annotation name='com.intellij.inspections.tainted.annotation.equation.Equations'>
            <val val="{ &quot;obj := #simpleWriteObject(java.lang.Object, byte)#0&quot; }"/>
        </annotation>
    </item>
    <item name='com.sun.corba.se.impl.io.IIOPOutputStream void setOrbStream(org.omg.CORBA_2_3.portable.OutputStream)'>
        <annotation name='com.intellij.inspections.tainted.annotation.equation.Equations'>
            <val val="{ &quot;os := ValueHandlerImpl#writeValueWithVersion(org.omg.CORBA.portable.OutputStream, java.io.Serializable, byte)#0&quot; }"/>
        </annotation>
    </item>
    <item name='com.sun.corba.se.impl.io.IIOPOutputStream void simpleWriteObject(java.lang.Object, byte)'>
        <annotation name='com.intellij.inspections.tainted.annotation.equation.Equations'>
            <val val="{ &quot;formatVersion := ValueHandlerImpl#writeValueInternal(com.sun.corba.se.impl.io.IIOPOutputStream, org.omg.CORBA_2_3.portable.OutputStream, java.io.Serializable, byte)#3&quot;, &quot;obj := ValueHandlerImpl#writeValueInternal(com.sun.corba.se.impl.io.IIOPOutputStream, org.omg.CORBA_2_3.portable.OutputStream, java.io.Serializable, byte)#2&quot; }"/>
        </annotation>
    </item>
    <item name='com.sun.corba.se.impl.io.IIOPOutputStream void writeObjectField(com.sun.corba.se.impl.io.ObjectStreamField, java.lang.Object)'>
        <annotation name='com.intellij.inspections.tainted.annotation.equation.Equations'>
            <val val="{ &quot;field := #writeField(com.sun.corba.se.impl.io.ObjectStreamField, java.lang.Object)#0 &amp; #outputClassFields(java.lang.Object, java.lang.Class, com.sun.corba.se.impl.io.ObjectStreamField[])#2&quot;, &quot;objectValue := #writeField(com.sun.corba.se.impl.io.ObjectStreamField, java.lang.Object)#1&quot; }"/>
        </annotation>
    </item>
    <item name='com.sun.corba.se.impl.io.IIOPOutputStream void writeUTF(java.lang.String)'>
        <annotation name='com.intellij.inspections.tainted.annotation.equation.Equations'>
            <val val="{ &quot;data := #outputObject(java.lang.Object)#0&quot; }"/>
        </annotation>
    </item>
    <item name='com.sun.corba.se.impl.io.InputStreamHook'>
        <annotation name='com.intellij.inspections.tainted.annotation.equation.Equations'>
            <val val="{ &quot;InputStreamHook := #DEFAULT_STATE&quot; }"/>
        </annotation>
    </item>
    <item name='com.sun.corba.se.impl.io.InputStreamHook InputStreamHook()'>
        <annotation name='com.intellij.inspections.tainted.annotation.equation.Equations'>
            <val val="{ &quot;InputStreamHook := InputStreamHook&quot; }"/>
        </annotation>
    </item>
    <item name='com.sun.corba.se.impl.io.InputStreamHook byte getStreamFormatVersion()'>
        <annotation name='com.intellij.inspections.tainted.annotation.equation.Equations'>
            <val val="{ &quot;getStreamFormatVersion := IIOPInputStream#getStreamFormatVersion()&quot; }"/>
        </annotation>
    </item>
    <item name='com.sun.corba.se.impl.io.InputStreamHook org.omg.CORBA_2_3.portable.InputStream getOrbStream()'>
        <annotation name='com.intellij.inspections.tainted.annotation.equation.Equations'>
            <val val="{ &quot;getOrbStream := IIOPInputStream#getOrbStream()&quot; }"/>
        </annotation>
    </item>
    <item name='com.sun.corba.se.impl.io.InputStreamHook void readFields(java.util.Map)'>
        <annotation name='com.intellij.inspections.tainted.annotation.equation.Equations'>
            <val val="{ &quot;fieldToValueMap := IIOPInputStream#readFields(java.util.Map)#0&quot; }"/>
        </annotation>
    </item>
    <item name='com.sun.corba.se.impl.io.InputStreamHook void setState(com.sun.corba.se.impl.io.InputStreamHook.ReadObjectState)'>
        <annotation name='com.intellij.inspections.tainted.annotation.equation.Equations'>
            <val val="{ &quot;newState := #IN_READ_OBJECT_NO_MORE_OPT_DATA &amp; #IN_READ_OBJECT_DEFAULTS_SENT &amp; #IN_READ_OBJECT_OPT_DATA &amp; #NO_READ_OBJECT_DEFAULTS_SENT &amp; #IN_READ_OBJECT_PAST_DEFAULTS_REMOTE_NOT_CUSTOM &amp; #DEFAULT_STATE &amp; #IN_READ_OBJECT_REMOTE_NOT_CUSTOM_MARSHALED &amp; IIOPInputStream&quot; }"/>
        </annotation>
    </item>
    <item name='com.sun.corba.se.impl.io.InputStreamHook.HookGetFields HookGetFields(java.util.Map)'>
        <annotation name='com.intellij.inspections.tainted.annotation.equation.Equations'>
            <val val="{ &quot;HookGetFields := InputStreamHook.HookGetFields&quot; }"/>
        </annotation>
    </item>
    <item name='com.sun.corba.se.impl.io.InputStreamHook.HookGetFields boolean defaulted(java.lang.String)'>
        <annotation name='com.intellij.inspections.tainted.annotation.equation.Equations'>
            <val val="{ &quot;name := #get(java.lang.String, boolean)#0 &amp; #get(java.lang.String, char)#0 &amp; #get(java.lang.String, byte)#0 &amp; #get(java.lang.String, short)#0 &amp; #get(java.lang.String, int)#0 &amp; #get(java.lang.String, long)#0 &amp; #get(java.lang.String, float)#0 &amp; #get(java.lang.String, double)#0 &amp; #get(java.lang.String, java.lang.Object)#0&quot; }"/>
        </annotation>
    </item>
    <item name='com.sun.corba.se.impl.io.InputStreamHook.HookGetFields byte get(java.lang.String, byte)'>
        <annotation name='com.intellij.inspections.tainted.annotation.equation.Equations'>
            <val val="{ &quot;get := defvalue&quot; }"/>
        </annotation>
    </item>
    <item name='com.sun.corba.se.impl.io.InputStreamHook.HookGetFields char get(java.lang.String, char)'>
        <annotation name='com.intellij.inspections.tainted.annotation.equation.Equations'>
            <val val="{ &quot;get := defvalue&quot; }"/>
        </annotation>
    </item>
    <item name='com.sun.corba.se.impl.io.InputStreamHook.HookGetFields double get(java.lang.String, double)'>
        <annotation name='com.intellij.inspections.tainted.annotation.equation.Equations'>
            <val val="{ &quot;get := defvalue&quot; }"/>
        </annotation>
    </item>
    <item name='com.sun.corba.se.impl.io.InputStreamHook.HookGetFields float get(java.lang.String, float)'>
        <annotation name='com.intellij.inspections.tainted.annotation.equation.Equations'>
            <val val="{ &quot;get := defvalue&quot; }"/>
        </annotation>
    </item>
    <item name='com.sun.corba.se.impl.io.InputStreamHook.HookGetFields int get(java.lang.String, int)'>
        <annotation name='com.intellij.inspections.tainted.annotation.equation.Equations'>
            <val val="{ &quot;get := defvalue&quot; }"/>
        </annotation>
    </item>
    <item name='com.sun.corba.se.impl.io.InputStreamHook.HookGetFields java.lang.Object get(java.lang.String, java.lang.Object)'>
        <annotation name='com.intellij.inspections.tainted.annotation.equation.Equations'>
            <val val="{ &quot;get := defvalue&quot; }"/>
        </annotation>
    </item>
    <item name='com.sun.corba.se.impl.io.InputStreamHook.HookGetFields long get(java.lang.String, long)'>
        <annotation name='com.intellij.inspections.tainted.annotation.equation.Equations'>
            <val val="{ &quot;get := defvalue&quot; }"/>
        </annotation>
    </item>
    <item name='com.sun.corba.se.impl.io.InputStreamHook.HookGetFields short get(java.lang.String, short)'>
        <annotation name='com.intellij.inspections.tainted.annotation.equation.Equations'>
            <val val="{ &quot;get := defvalue&quot; }"/>
        </annotation>
    </item>
    <item name='com.sun.corba.se.impl.io.InputStreamHook.ReadObjectState void beginDefaultReadObject(com.sun.corba.se.impl.io.InputStreamHook)'>
        <annotation name='com.intellij.inspections.tainted.annotation.equation.Equations'>
            <val val="{ &quot;stream := InputStreamHook &amp; InputStreamHook.InReadObjectPastDefaultsRemoteDidNotUseWOState#beginDefaultReadObject(com.sun.corba.se.impl.io.InputStreamHook)#0 &amp; InputStreamHook.InReadObjectOptionalDataState#beginDefaultReadObject(com.sun.corba.se.impl.io.InputStreamHook)#0&quot; }"/>
        </annotation>
    </item>
    <item name='com.sun.corba.se.impl.io.InputStreamHook.ReadObjectState void beginUnmarshalCustomValue(com.sun.corba.se.impl.io.InputStreamHook, boolean, boolean)'>
        <annotation name='com.intellij.inspections.tainted.annotation.equation.Equations'>
            <val val="{ &quot;stream := InputStreamHook.DefaultState#beginUnmarshalCustomValue(com.sun.corba.se.impl.io.InputStreamHook, boolean, boolean)#0 &amp; InputStreamHook.InReadObjectRemoteDidNotUseWriteObjectState#beginUnmarshalCustomValue(com.sun.corba.se.impl.io.InputStreamHook, boolean, boolean)#0 &amp; InputStreamHook.InReadObjectPastDefaultsRemoteDidNotUseWOState#beginUnmarshalCustomValue(com.sun.corba.se.impl.io.InputStreamHook, boolean, boolean)#0 &amp; InputStreamHook.InReadObjectDefaultsSentState#beginUnmarshalCustomValue(com.sun.corba.se.impl.io.InputStreamHook, boolean, boolean)#0 &amp; InputStreamHook.InReadObjectOptionalDataState#beginUnmarshalCustomValue(com.sun.corba.se.impl.io.InputStreamHook, boolean, boolean)#0&quot; }"/>
        </annotation>
    </item>
    <item name='com.sun.corba.se.impl.io.InputStreamHook.ReadObjectState void endDefaultReadObject(com.sun.corba.se.impl.io.InputStreamHook)'>
        <annotation name='com.intellij.inspections.tainted.annotation.equation.Equations'>
            <val val="{ &quot;stream := InputStreamHook &amp; InputStreamHook.InReadObjectRemoteDidNotUseWriteObjectState#endDefaultReadObject(com.sun.corba.se.impl.io.InputStreamHook)#0 &amp; InputStreamHook.InReadObjectDefaultsSentState#endDefaultReadObject(com.sun.corba.se.impl.io.InputStreamHook)#0&quot; }"/>
        </annotation>
    </item>
    <item name='com.sun.corba.se.impl.io.InputStreamHook.ReadObjectState void endUnmarshalCustomValue(com.sun.corba.se.impl.io.InputStreamHook)'>
        <annotation name='com.intellij.inspections.tainted.annotation.equation.Equations'>
            <val val="{ &quot;stream := InputStreamHook.InReadObjectDefaultsSentState#endUnmarshalCustomValue(com.sun.corba.se.impl.io.InputStreamHook)#0 &amp; InputStreamHook.InReadObjectOptionalDataState#endUnmarshalCustomValue(com.sun.corba.se.impl.io.InputStreamHook)#0 &amp; InputStreamHook.NoReadObjectDefaultsSentState#endUnmarshalCustomValue(com.sun.corba.se.impl.io.InputStreamHook)#0 &amp; IIOPInputStream&quot; }"/>
        </annotation>
    </item>
    <item name='com.sun.corba.se.impl.io.InputStreamHook.ReadObjectState void readData(com.sun.corba.se.impl.io.InputStreamHook)'>
        <annotation name='com.intellij.inspections.tainted.annotation.equation.Equations'>
            <val val="{ &quot;stream := IIOPInputStream &amp; InputStreamHook.InReadObjectRemoteDidNotUseWriteObjectState#readData(com.sun.corba.se.impl.io.InputStreamHook)#0 &amp; InputStreamHook.InReadObjectPastDefaultsRemoteDidNotUseWOState#readData(com.sun.corba.se.impl.io.InputStreamHook)#0 &amp; InputStreamHook.InReadObjectDefaultsSentState#readData(com.sun.corba.se.impl.io.InputStreamHook)#0 &amp; InputStreamHook.InReadObjectNoMoreOptionalDataState#readData(com.sun.corba.se.impl.io.InputStreamHook)#0&quot; }"/>
        </annotation>
    </item>
    <item name='com.sun.corba.se.impl.io.ObjectStreamClass'>
        <annotation name='com.intellij.inspections.tainted.annotation.equation.Equations'>
            <val val="{ &quot;ObjectStreamClass := #kDefaultUID &amp; #NO_FIELDS &amp; #setClass(java.lang.Class)#0 &amp; ObjectStreamClass &amp; #setSuperclass(com.sun.corba.se.impl.io.ObjectStreamClass)#0&quot; }"/>
        </annotation>
    </item>
    <item name='com.sun.corba.se.impl.io.ObjectStreamClass ObjectStreamClass(java.lang.Class&lt;?&gt;, com.sun.corba.se.impl.io.ObjectStreamClass, boolean, boolean)'>
        <annotation name='com.intellij.inspections.tainted.annotation.equation.Equations'>
            <val val="{ &quot;cl := #lookupInternal(java.lang.Class)#0&quot;, &quot;ObjectStreamClass := ObjectStreamClass&quot; }"/>
        </annotation>
    </item>
    <item name='com.sun.corba.se.impl.io.ObjectStreamClass ObjectStreamClass(java.lang.String, long)'>
        <annotation name='com.intellij.inspections.tainted.annotation.equation.Equations'>
            <val val="{ &quot;ObjectStreamClass := ObjectStreamClass&quot; }"/>
        </annotation>
    </item>
    <item name='com.sun.corba.se.impl.io.ObjectStreamClass boolean compareClassNames(java.lang.String, java.lang.String, char)'>
        <annotation name='com.intellij.inspections.tainted.annotation.equation.Equations'>
            <val val="{ &quot;streamName := ObjectStreamField &amp; ObjectStreamClass&quot; }"/>
        </annotation>
    </item>
    <item name='com.sun.corba.se.impl.io.ObjectStreamClass boolean hasField(org.omg.CORBA.ValueMember)'>
        <annotation name='com.intellij.inspections.tainted.annotation.equation.Equations'>
            <val val="{ &quot;field := IIOPInputStream#inputClassFields(java.lang.Object, java.lang.Class, com.sun.corba.se.impl.io.ObjectStreamClass, org.omg.CORBA.ValueMember[], com.sun.org.omg.SendingContext.CodeBase)#3&quot; }"/>
        </annotation>
    </item>
    <item name='com.sun.corba.se.impl.io.ObjectStreamClass boolean hasStaticInitializer(java.lang.Class&lt;?&gt;)'>
        <annotation name='com.intellij.inspections.tainted.annotation.equation.Equations'>
            <val val="{ &quot;cl := #_computeSerialVersionUID(java.lang.Class)#0&quot; }"/>
        </annotation>
    </item>
    <item name='com.sun.corba.se.impl.io.ObjectStreamClass boolean packageEquals(java.lang.Class&lt;?&gt;, java.lang.Class&lt;?&gt;)'>
        <annotation name='com.intellij.inspections.tainted.annotation.equation.Equations'>
            <val val="{ &quot;cl1 := #getInheritableMethod(java.lang.Class, java.lang.String, java.lang.Class[], java.lang.Class)#0&quot;, &quot;cl2 := #getInheritableMethod(java.lang.Class, java.lang.String, java.lang.Class[], java.lang.Class)#0&quot; }"/>
        </annotation>
    </item>
    <item name='com.sun.corba.se.impl.io.ObjectStreamClass com.sun.corba.se.impl.io.ObjectStreamClass findDescriptorFor(java.lang.Class&lt;?&gt;)'>
        <annotation name='com.intellij.inspections.tainted.annotation.equation.Equations'>
            <val val="{ &quot;cl := #lookupInternal(java.lang.Class)#0&quot; }"/>
        </annotation>
    </item>
    <item name='com.sun.corba.se.impl.io.ObjectStreamClass com.sun.corba.se.impl.io.ObjectStreamClass getSuperclass()'>
        <annotation name='com.intellij.inspections.tainted.annotation.equation.Equations'>
            <val val="{ &quot;getSuperclass := ObjectStreamClass&quot; }"/>
        </annotation>
    </item>
    <item name='com.sun.corba.se.impl.io.ObjectStreamClass com.sun.corba.se.impl.io.ObjectStreamClass localClassDescriptor()'>
        <annotation name='com.intellij.inspections.tainted.annotation.equation.Equations'>
            <val val="{ &quot;localClassDescriptor := ObjectStreamClass&quot; }"/>
        </annotation>
    </item>
    <item name='com.sun.corba.se.impl.io.ObjectStreamClass com.sun.corba.se.impl.io.ObjectStreamClass lookup(java.lang.Class&lt;?&gt;)'>
        <annotation name='com.intellij.inspections.tainted.annotation.equation.Equations'>
            <val val="{ &quot;cl := ValueUtility#createTypeCodeInternal(org.omg.CORBA.ORB, java.lang.Class, javax.rmi.CORBA.ValueHandler, java.lang.String, com.sun.corba.se.impl.io.ValueUtility.IdentityKeyValueStack)#1 &amp; #getSerialVersionUID(java.lang.Class)#0 &amp; #getActualSerialVersionUID(java.lang.Class)#0 &amp; IIOPInputStream#inputObject(java.lang.Class, java.lang.String, com.sun.org.omg.SendingContext.CodeBase, int)#0 &amp; IIOPInputStream#inputObjectUsingFVD(java.lang.Class, java.lang.String, com.sun.org.omg.SendingContext.CodeBase, int)#0 &amp; IIOPInputStream&quot; }"/>
        </annotation>
    </item>
    <item name='com.sun.corba.se.impl.io.ObjectStreamClass com.sun.corba.se.impl.io.ObjectStreamClass lookupInternal(java.lang.Class&lt;?&gt;)'>
        <annotation name='com.intellij.inspections.tainted.annotation.equation.Equations'>
            <val val="{ &quot;cl := #lookup(java.lang.Class)#0 &amp; #setClass(java.lang.Class)#0&quot; }"/>
        </annotation>
    </item>
    <item name='com.sun.corba.se.impl.io.ObjectStreamClass com.sun.corba.se.impl.io.ObjectStreamField getField(java.lang.String)'>
        <annotation name='com.intellij.inspections.tainted.annotation.equation.Equations'>
            <val val="{ &quot;getField := ObjectStreamClass&quot; }"/>
        </annotation>
    </item>
    <item name='com.sun.corba.se.impl.io.ObjectStreamClass com.sun.corba.se.impl.io.ObjectStreamField[] getFields()'>
        <annotation name='com.intellij.inspections.tainted.annotation.equation.Equations'>
            <val val="{ &quot;getFields := ObjectStreamClass&quot; }"/>
        </annotation>
    </item>
    <item name='com.sun.corba.se.impl.io.ObjectStreamClass com.sun.corba.se.impl.io.ObjectStreamField[] getFieldsNoCopy()'>
        <annotation name='com.intellij.inspections.tainted.annotation.equation.Equations'>
            <val val="{ &quot;getFieldsNoCopy := ObjectStreamClass&quot; }"/>
        </annotation>
    </item>
    <item name='com.sun.corba.se.impl.io.ObjectStreamClass java.io.Serializable writeReplace(java.io.Serializable)'>
        <annotation name='com.intellij.inspections.tainted.annotation.equation.Equations'>
            <val val="{ &quot;writeReplace := value&quot;, &quot;value := ValueHandlerImpl#writeReplace(java.io.Serializable)#0&quot; }"/>
        </annotation>
    </item>
    <item name='com.sun.corba.se.impl.io.ObjectStreamClass java.lang.Class&lt;?&gt; forClass()'>
        <annotation name='com.intellij.inspections.tainted.annotation.equation.Equations'>
            <val val="{ &quot;forClass := ObjectStreamClass&quot; }"/>
        </annotation>
    </item>
    <item name='com.sun.corba.se.impl.io.ObjectStreamClass java.lang.Object readResolve(java.lang.Object)'>
        <annotation name='com.intellij.inspections.tainted.annotation.equation.Equations'>
            <val val="{ &quot;readResolve := value&quot; }"/>
        </annotation>
    </item>
    <item name='com.sun.corba.se.impl.io.ObjectStreamClass java.lang.String getActualSerialVersionUIDStr()'>
        <annotation name='com.intellij.inspections.tainted.annotation.equation.Equations'>
            <val val="{ &quot;getActualSerialVersionUIDStr := ObjectStreamClass&quot; }"/>
        </annotation>
    </item>
    <item name='com.sun.corba.se.impl.io.ObjectStreamClass java.lang.String getName()'>
        <annotation name='com.intellij.inspections.tainted.annotation.equation.Equations'>
            <val val="{ &quot;getName := ObjectStreamClass&quot; }"/>
        </annotation>
    </item>
    <item name='com.sun.corba.se.impl.io.ObjectStreamClass java.lang.String getRMIIIOPOptionalDataRepId()'>
        <annotation name='com.intellij.inspections.tainted.annotation.equation.Equations'>
            <val val="{ &quot;getRMIIIOPOptionalDataRepId := ObjectStreamClass&quot; }"/>
        </annotation>
    </item>
    <item name='com.sun.corba.se.impl.io.ObjectStreamClass java.lang.String getSerialVersionUIDStr()'>
        <annotation name='com.intellij.inspections.tainted.annotation.equation.Equations'>
            <val val="{ &quot;getSerialVersionUIDStr := ObjectStreamClass&quot; }"/>
        </annotation>
    </item>
    <item name='com.sun.corba.se.impl.io.ObjectStreamClass java.lang.String getSignature(java.lang.Class&lt;?&gt;)'>
        <annotation name='com.intellij.inspections.tainted.annotation.equation.Equations'>
            <val val="{ &quot;clazz := ObjectStreamField#ObjectStreamField(java.lang.String, java.lang.Class)#1&quot; }"/>
        </annotation>
    </item>
    <item name='com.sun.corba.se.impl.io.ObjectStreamClass java.lang.String getSignature(java.lang.reflect.Constructor)'>
        <annotation name='com.intellij.inspections.tainted.annotation.equation.Equations'>
            <val val="{ &quot;cons := ObjectStreamClass.CompareMemberByName#compare(java.lang.Object, java.lang.Object)#0 &amp; ObjectStreamClass.CompareMemberByName#compare(java.lang.Object, java.lang.Object)#1 &amp; ObjectStreamClass.MethodSignature#MethodSignature(java.lang.reflect.Member)#0&quot; }"/>
        </annotation>
    </item>
    <item name='com.sun.corba.se.impl.io.ObjectStreamClass java.lang.String getSignature(java.lang.reflect.Method)'>
        <annotation name='com.intellij.inspections.tainted.annotation.equation.Equations'>
            <val val="{ &quot;meth := ObjectStreamClass.CompareMemberByName#compare(java.lang.Object, java.lang.Object)#0 &amp; ObjectStreamClass.CompareMemberByName#compare(java.lang.Object, java.lang.Object)#1 &amp; ObjectStreamClass.MethodSignature#MethodSignature(java.lang.reflect.Member)#0&quot; }"/>
        </annotation>
    </item>
    <item name='com.sun.corba.se.impl.io.ObjectStreamClass java.lang.reflect.Constructor getExternalizableConstructor(java.lang.Class&lt;?&gt;)'>
        <annotation name='com.intellij.inspections.tainted.annotation.equation.Equations'>
            <val val="{ &quot;cl := ObjectStreamClass&quot; }"/>
        </annotation>
    </item>
    <item name='com.sun.corba.se.impl.io.ObjectStreamClass java.lang.reflect.Constructor getSerializableConstructor(java.lang.Class&lt;?&gt;)'>
        <annotation name='com.intellij.inspections.tainted.annotation.equation.Equations'>
            <val val="{ &quot;cl := ObjectStreamClass&quot; }"/>
        </annotation>
    </item>
    <item name='com.sun.corba.se.impl.io.ObjectStreamClass java.lang.reflect.Method getInheritableMethod(java.lang.Class&lt;?&gt;, java.lang.String, java.lang.Class&lt;?&gt;[], java.lang.Class&lt;?&gt;)'>
        <annotation name='com.intellij.inspections.tainted.annotation.equation.Equations'>
            <val val="{ &quot;cl := ObjectStreamClass&quot;, &quot;argTypes := ObjectStreamClass&quot; }"/>
        </annotation>
    </item>
    <item name='com.sun.corba.se.impl.io.ObjectStreamClass java.lang.reflect.Method getPrivateMethod(java.lang.Class&lt;?&gt;, java.lang.String, java.lang.Class&lt;?&gt;[], java.lang.Class&lt;?&gt;)'>
        <annotation name='com.intellij.inspections.tainted.annotation.equation.Equations'>
            <val val="{ &quot;cl := ObjectStreamClass&quot;, &quot;returnType := java.lang.Void#TYPE&quot; }"/>
        </annotation>
    </item>
    <item name='com.sun.corba.se.impl.io.ObjectStreamClass java.security.ProtectionDomain[] getProtectionDomains(java.lang.reflect.Constructor&lt;?&gt;, java.lang.Class&lt;?&gt;)'>
        <annotation name='com.intellij.inspections.tainted.annotation.equation.Equations'>
            <val val="{ &quot;cons := ObjectStreamClass&quot;, &quot;cl := ObjectStreamClass&quot; }"/>
        </annotation>
    </item>
    <item name='com.sun.corba.se.impl.io.ObjectStreamClass long _computeSerialVersionUID(java.lang.Class&lt;?&gt;)'>
        <annotation name='com.intellij.inspections.tainted.annotation.equation.Equations'>
            <val val="{ &quot;cl := ObjectStreamClass&quot; }"/>
        </annotation>
    </item>
    <item name='com.sun.corba.se.impl.io.ObjectStreamClass long computeStructuralUID(com.sun.corba.se.impl.io.ObjectStreamClass, java.lang.Class&lt;?&gt;)'>
        <annotation name='com.intellij.inspections.tainted.annotation.equation.Equations'>
            <val val="{ &quot;cl := ObjectStreamClass&quot;, &quot;osc := ObjectStreamClass&quot; }"/>
        </annotation>
    </item>
    <item name='com.sun.corba.se.impl.io.ObjectStreamClass long getActualSerialVersionUID()'>
        <annotation name='com.intellij.inspections.tainted.annotation.equation.Equations'>
            <val val="{ &quot;getActualSerialVersionUID := ObjectStreamClass&quot; }"/>
        </annotation>
    </item>
    <item name='com.sun.corba.se.impl.io.ObjectStreamClass long getActualSerialVersionUID(java.lang.Class&lt;?&gt;)'>
        <annotation name='com.intellij.inspections.tainted.annotation.equation.Equations'>
            <val val="{ &quot;clazz := com.sun.corba.se.impl.util.RepositoryId#createHashString(java.lang.Class)#0&quot; }"/>
        </annotation>
    </item>
    <item name='com.sun.corba.se.impl.io.ObjectStreamClass long getSerialVersionUID()'>
        <annotation name='com.intellij.inspections.tainted.annotation.equation.Equations'>
            <val val="{ &quot;getSerialVersionUID := ObjectStreamClass&quot; }"/>
        </annotation>
    </item>
    <item name='com.sun.corba.se.impl.io.ObjectStreamClass long getSerialVersionUID(java.lang.Class&lt;?&gt;)'>
        <annotation name='com.intellij.inspections.tainted.annotation.equation.Equations'>
            <val val="{ &quot;clazz := com.sun.corba.se.impl.util.RepositoryId#createHashString(java.lang.Class)#0 &amp; com.sun.corba.se.impl.orbutil.ObjectStreamClassUtil_1_3#computeSerialVersionUID(java.lang.Class)#0 &amp; com.sun.corba.se.impl.orbutil.ObjectStreamClass_1_3_1&quot; }"/>
        </annotation>
    </item>
    <item name='com.sun.corba.se.impl.io.ObjectStreamClass void insertDescriptorFor(com.sun.corba.se.impl.io.ObjectStreamClass)'>
        <annotation name='com.intellij.inspections.tainted.annotation.equation.Equations'>
            <val val="{ &quot;desc := ObjectStreamClass&quot; }"/>
        </annotation>
    </item>
    <item name='com.sun.corba.se.impl.io.ObjectStreamClass void msg(java.lang.String)'>
        <annotation name='com.intellij.inspections.tainted.annotation.equation.Equations'>
            <val val="{ &quot;str := #_computeSerialVersionUID(java.lang.Class)#0 &amp; java.lang.reflect.Modifier#PUBLIC &amp; java.lang.reflect.Modifier#FINAL &amp; java.lang.reflect.Modifier#INTERFACE &amp; java.lang.reflect.Modifier#ABSTRACT &amp; #CLASS_MASK &amp; #FIELD_MASK &amp; java.lang.reflect.Modifier#STATIC &amp; #METHOD_MASK&quot; }"/>
        </annotation>
    </item>
    <item name='com.sun.corba.se.impl.io.ObjectStreamClass.MethodSignature MethodSignature(java.lang.reflect.Member)'>
        <annotation name='com.intellij.inspections.tainted.annotation.equation.Equations'>
            <val val="{ &quot;MethodSignature := ObjectStreamClass.MethodSignature&quot;, &quot;m := #removePrivateAndSort(java.lang.reflect.Member[])#0&quot; }"/>
        </annotation>
    </item>
    <item name='com.sun.corba.se.impl.io.ObjectStreamClass.ObjectStreamClassEntry ObjectStreamClassEntry(com.sun.corba.se.impl.io.ObjectStreamClass)'>
        <annotation name='com.intellij.inspections.tainted.annotation.equation.Equations'>
            <val val="{ &quot;c := ObjectStreamClass#insertDescriptorFor(com.sun.corba.se.impl.io.ObjectStreamClass)#0&quot;, &quot;ObjectStreamClassEntry := ObjectStreamClass.ObjectStreamClassEntry&quot; }"/>
        </annotation>
    </item>
    <item name='com.sun.corba.se.impl.io.ObjectStreamClass.ObjectStreamClassEntry java.lang.Object get()'>
        <annotation name='com.intellij.inspections.tainted.annotation.equation.Equations'>
            <val val="{ &quot;get := ObjectStreamClass.ObjectStreamClassEntry&quot; }"/>
        </annotation>
    </item>
    <item name='com.sun.corba.se.impl.io.ObjectStreamClass.PersistentFieldsValue PersistentFieldsValue()'>
        <annotation name='com.intellij.inspections.tainted.annotation.equation.Equations'>
            <val val="{ &quot;PersistentFieldsValue := ObjectStreamClass.PersistentFieldsValue&quot; }"/>
        </annotation>
    </item>
    <item name='com.sun.corba.se.impl.io.ObjectStreamClassCorbaExt boolean isAbstractInterface(java.lang.Class)'>
        <annotation name='com.intellij.inspections.tainted.annotation.equation.Equations'>
            <val val="{ &quot;cl := ValueHandlerImpl#write_Array(org.omg.CORBA_2_3.portable.OutputStream, java.io.Serializable, java.lang.Class)#2&quot; }"/>
        </annotation>
    </item>
    <item name='com.sun.corba.se.impl.io.ObjectStreamField'>
        <annotation name='com.intellij.inspections.tainted.annotation.equation.Equations'>
            <val val="{ &quot;ObjectStreamField := sun.corba.Bridge#INVALID_FIELD_OFFSET&quot; }"/>
        </annotation>
    </item>
    <item name='com.sun.corba.se.impl.io.ObjectStreamField ObjectStreamField()'>
        <annotation name='com.intellij.inspections.tainted.annotation.equation.Equations'>
            <val val="{ &quot;ObjectStreamField := ObjectStreamField&quot; }"/>
        </annotation>
    </item>
    <item name='com.sun.corba.se.impl.io.ObjectStreamField ObjectStreamField(java.lang.String, char, java.lang.reflect.Field, java.lang.String)'>
        <annotation name='com.intellij.inspections.tainted.annotation.equation.Equations'>
            <val val="{ &quot;ObjectStreamField := ObjectStreamField&quot; }"/>
        </annotation>
    </item>
    <item name='com.sun.corba.se.impl.io.ObjectStreamField ObjectStreamField(java.lang.String, java.lang.Class)'>
        <annotation name='com.intellij.inspections.tainted.annotation.equation.Equations'>
            <val val="{ &quot;ObjectStreamField := ObjectStreamField&quot; }"/>
        </annotation>
    </item>
    <item name='com.sun.corba.se.impl.io.ObjectStreamField ObjectStreamField(java.lang.reflect.Field)'>
        <annotation name='com.intellij.inspections.tainted.annotation.equation.Equations'>
            <val val="{ &quot;ObjectStreamField := ObjectStreamField&quot;, &quot;field := &quot; }"/>
        </annotation>
    </item>
    <item name='com.sun.corba.se.impl.io.ObjectStreamField char getTypeCode()'>
        <annotation name='com.intellij.inspections.tainted.annotation.equation.Equations'>
            <val val="{ &quot;getTypeCode := ObjectStreamField&quot; }"/>
        </annotation>
    </item>
    <item name='com.sun.corba.se.impl.io.ObjectStreamField java.lang.Class getClazz()'>
        <annotation name='com.intellij.inspections.tainted.annotation.equation.Equations'>
            <val val="{ &quot;getClazz := ObjectStreamField&quot; }"/>
        </annotation>
    </item>
    <item name='com.sun.corba.se.impl.io.ObjectStreamField java.lang.Class getType()'>
        <annotation name='com.intellij.inspections.tainted.annotation.equation.Equations'>
            <val val="{ &quot;getType := ObjectStreamField&quot; }"/>
        </annotation>
    </item>
    <item name='com.sun.corba.se.impl.io.ObjectStreamField java.lang.String getName()'>
        <annotation name='com.intellij.inspections.tainted.annotation.equation.Equations'>
            <val val="{ &quot;getName := ObjectStreamField&quot; }"/>
        </annotation>
    </item>
    <item name='com.sun.corba.se.impl.io.ObjectStreamField java.lang.String getSignature()'>
        <annotation name='com.intellij.inspections.tainted.annotation.equation.Equations'>
            <val val="{ &quot;getSignature := ObjectStreamField&quot; }"/>
        </annotation>
    </item>
    <item name='com.sun.corba.se.impl.io.ObjectStreamField java.lang.String getTypeString()'>
        <annotation name='com.intellij.inspections.tainted.annotation.equation.Equations'>
            <val val="{ &quot;getTypeString := ObjectStreamField&quot; }"/>
        </annotation>
    </item>
    <item name='com.sun.corba.se.impl.io.ObjectStreamField java.lang.String toString()'>
        <annotation name='com.intellij.inspections.tainted.annotation.equation.Equations'>
            <val val="{ &quot;toString := ObjectStreamField&quot; }"/>
        </annotation>
    </item>
    <item name='com.sun.corba.se.impl.io.ObjectStreamField java.lang.reflect.Field getField()'>
        <annotation name='com.intellij.inspections.tainted.annotation.equation.Equations'>
            <val val="{ &quot;getField := ObjectStreamField&quot; }"/>
        </annotation>
    </item>
    <item name='com.sun.corba.se.impl.io.ObjectStreamField long getFieldID()'>
        <annotation name='com.intellij.inspections.tainted.annotation.equation.Equations'>
            <val val="{ &quot;getFieldID := ObjectStreamField&quot; }"/>
        </annotation>
    </item>
    <item name='com.sun.corba.se.impl.io.ObjectStreamField void setField(java.lang.reflect.Field)'>
        <annotation name='com.intellij.inspections.tainted.annotation.equation.Equations'>
            <val val="{ &quot;field := #ObjectStreamField(java.lang.reflect.Field)#0 &amp; #ObjectStreamField(java.lang.String, char, java.lang.reflect.Field, java.lang.String)#2&quot; }"/>
        </annotation>
    </item>
    <item name='com.sun.corba.se.impl.io.OutputStreamHook'>
        <annotation name='com.intellij.inspections.tainted.annotation.equation.Equations'>
            <val val="{ &quot;OutputStreamHook := #NOT_IN_WRITE_OBJECT&quot; }"/>
        </annotation>
    </item>
    <item name='com.sun.corba.se.impl.io.OutputStreamHook OutputStreamHook()'>
        <annotation name='com.intellij.inspections.tainted.annotation.equation.Equations'>
            <val val="{ &quot;OutputStreamHook := OutputStreamHook&quot; }"/>
        </annotation>
    </item>
    <item name='com.sun.corba.se.impl.io.OutputStreamHook byte getStreamFormatVersion()'>
        <annotation name='com.intellij.inspections.tainted.annotation.equation.Equations'>
            <val val="{ &quot;getStreamFormatVersion := OutputStreamHook&quot; }"/>
        </annotation>
    </item>
    <item name='com.sun.corba.se.impl.io.OutputStreamHook com.sun.corba.se.impl.io.ObjectStreamField[] getFieldsNoCopy()'>
        <annotation name='com.intellij.inspections.tainted.annotation.equation.Equations'>
            <val val="{ &quot;getFieldsNoCopy := IIOPOutputStream#getFieldsNoCopy()&quot; }"/>
        </annotation>
    </item>
    <item name='com.sun.corba.se.impl.io.OutputStreamHook java.io.ObjectOutputStream.PutField putFields()'>
        <annotation name='com.intellij.inspections.tainted.annotation.equation.Equations'>
            <val val="{ &quot;putFields := OutputStreamHook&quot; }"/>
        </annotation>
    </item>
    <item name='com.sun.corba.se.impl.io.OutputStreamHook org.omg.CORBA_2_3.portable.OutputStream getOrbStream()'>
        <annotation name='com.intellij.inspections.tainted.annotation.equation.Equations'>
            <val val="{ &quot;getOrbStream := IIOPOutputStream#getOrbStream()&quot; }"/>
        </annotation>
    </item>
    <item name='com.sun.corba.se.impl.io.OutputStreamHook void setState(com.sun.corba.se.impl.io.OutputStreamHook.WriteObjectState)'>
        <annotation name='com.intellij.inspections.tainted.annotation.equation.Equations'>
            <val val="{ &quot;newState := #IN_WRITE_OBJECT &amp; #NOT_IN_WRITE_OBJECT &amp; #WROTE_DEFAULT_DATA &amp; #WROTE_CUSTOM_DATA &amp; IIOPOutputStream&quot; }"/>
        </annotation>
    </item>
    <item name='com.sun.corba.se.impl.io.OutputStreamHook void writeField(com.sun.corba.se.impl.io.ObjectStreamField, java.lang.Object)'>
        <annotation name='com.intellij.inspections.tainted.annotation.equation.Equations'>
            <val val="{ &quot;value := IIOPOutputStream#writeField(com.sun.corba.se.impl.io.ObjectStreamField, java.lang.Object)#1&quot;, &quot;field := IIOPOutputStream#writeField(com.sun.corba.se.impl.io.ObjectStreamField, java.lang.Object)#0&quot; }"/>
        </annotation>
    </item>
    <item name='com.sun.corba.se.impl.io.OutputStreamHook.HookPutFields'>
        <annotation name='com.intellij.inspections.tainted.annotation.equation.Equations'>
            <val val="{ &quot;HookPutFields := &quot; }"/>
        </annotation>
    </item>
    <item name='com.sun.corba.se.impl.io.OutputStreamHook.HookPutFields void write(java.io.ObjectOutput)'>
        <annotation name='com.intellij.inspections.tainted.annotation.equation.Equations'>
            <val val="{ &quot;out := OutputStreamHook&quot; }"/>
        </annotation>
    </item>
    <item name='com.sun.corba.se.impl.io.OutputStreamHook.InWriteObjectState void defaultWriteObject(com.sun.corba.se.impl.io.OutputStreamHook)'>
        <annotation name='com.intellij.inspections.tainted.annotation.equation.Equations'>
            <val val="{ &quot;stream := OutputStreamHook.WroteDefaultDataState#defaultWriteObject(com.sun.corba.se.impl.io.OutputStreamHook)#0 &amp; OutputStreamHook.WroteCustomDataState#defaultWriteObject(com.sun.corba.se.impl.io.OutputStreamHook)#0&quot; }"/>
        </annotation>
    </item>
    <item name='com.sun.corba.se.impl.io.OutputStreamHook.InWriteObjectState void exitWriteObject(com.sun.corba.se.impl.io.OutputStreamHook)'>
        <annotation name='com.intellij.inspections.tainted.annotation.equation.Equations'>
            <val val="{ &quot;stream := OutputStreamHook.WroteDefaultDataState#exitWriteObject(com.sun.corba.se.impl.io.OutputStreamHook)#0 &amp; OutputStreamHook.WroteCustomDataState#exitWriteObject(com.sun.corba.se.impl.io.OutputStreamHook)#0&quot; }"/>
        </annotation>
    </item>
    <item name='com.sun.corba.se.impl.io.OutputStreamHook.InWriteObjectState void writeData(com.sun.corba.se.impl.io.OutputStreamHook)'>
        <annotation name='com.intellij.inspections.tainted.annotation.equation.Equations'>
            <val val="{ &quot;stream := OutputStreamHook.WroteDefaultDataState#writeData(com.sun.corba.se.impl.io.OutputStreamHook)#0 &amp; OutputStreamHook.WroteCustomDataState#writeData(com.sun.corba.se.impl.io.OutputStreamHook)#0&quot; }"/>
        </annotation>
    </item>
    <item name='com.sun.corba.se.impl.io.OutputStreamHook.WriteObjectState void defaultWriteObject(com.sun.corba.se.impl.io.OutputStreamHook)'>
        <annotation name='com.intellij.inspections.tainted.annotation.equation.Equations'>
            <val val="{ &quot;stream := OutputStreamHook.InWriteObjectState#defaultWriteObject(com.sun.corba.se.impl.io.OutputStreamHook)#0&quot; }"/>
        </annotation>
    </item>
    <item name='com.sun.corba.se.impl.io.OutputStreamHook.WriteObjectState void enterWriteObject(com.sun.corba.se.impl.io.OutputStreamHook)'>
        <annotation name='com.intellij.inspections.tainted.annotation.equation.Equations'>
            <val val="{ &quot;stream := OutputStreamHook.DefaultState#enterWriteObject(com.sun.corba.se.impl.io.OutputStreamHook)#0 &amp; OutputStreamHook.InWriteObjectState#enterWriteObject(com.sun.corba.se.impl.io.OutputStreamHook)#0&quot; }"/>
        </annotation>
    </item>
    <item name='com.sun.corba.se.impl.io.OutputStreamHook.WriteObjectState void exitWriteObject(com.sun.corba.se.impl.io.OutputStreamHook)'>
        <annotation name='com.intellij.inspections.tainted.annotation.equation.Equations'>
            <val val="{ &quot;stream := OutputStreamHook.InWriteObjectState#exitWriteObject(com.sun.corba.se.impl.io.OutputStreamHook)#0 &amp; IIOPOutputStream&quot; }"/>
        </annotation>
    </item>
    <item name='com.sun.corba.se.impl.io.OutputStreamHook.WriteObjectState void writeData(com.sun.corba.se.impl.io.OutputStreamHook)'>
        <annotation name='com.intellij.inspections.tainted.annotation.equation.Equations'>
            <val val="{ &quot;stream := OutputStreamHook.InWriteObjectState#writeData(com.sun.corba.se.impl.io.OutputStreamHook)#0&quot; }"/>
        </annotation>
    </item>
    <item name='com.sun.corba.se.impl.io.TypeMismatchException TypeMismatchException(java.lang.String)'>
        <annotation name='com.intellij.inspections.tainted.annotation.equation.Equations'>
            <val val="{ &quot;TypeMismatchException := TypeMismatchException&quot; }"/>
        </annotation>
    </item>
    <item name='com.sun.corba.se.impl.io.ValueHandlerImpl'>
        <annotation name='com.intellij.inspections.tainted.annotation.equation.Equations'>
            <val val="{ &quot;ValueHandlerImpl := &quot; }"/>
        </annotation>
    </item>
    <item name='com.sun.corba.se.impl.io.ValueHandlerImpl ValueHandlerImpl()'>
        <annotation name='com.intellij.inspections.tainted.annotation.equation.Equations'>
            <val val="{ &quot;ValueHandlerImpl := ValueHandlerImpl&quot; }"/>
        </annotation>
    </item>
    <item name='com.sun.corba.se.impl.io.ValueHandlerImpl ValueHandlerImpl(boolean)'>
        <annotation name='com.intellij.inspections.tainted.annotation.equation.Equations'>
            <val val="{ &quot;ValueHandlerImpl := ValueHandlerImpl&quot; }"/>
        </annotation>
    </item>
    <item name='com.sun.corba.se.impl.io.ValueHandlerImpl boolean isArray(java.lang.String)'>
        <annotation name='com.intellij.inspections.tainted.annotation.equation.Equations'>
            <val val="{ &quot;repId := #readValueInternal(com.sun.corba.se.impl.io.IIOPInputStream, org.omg.CORBA_2_3.portable.InputStream, int, java.lang.Class, java.lang.String, com.sun.org.omg.SendingContext.CodeBase)#4&quot; }"/>
        </annotation>
    </item>
    <item name='com.sun.corba.se.impl.io.ValueHandlerImpl boolean useFullValueDescription(java.lang.Class, java.lang.String)'>
        <annotation name='com.intellij.inspections.tainted.annotation.equation.Equations'>
            <val val="{ &quot;clazz := IIOPInputStream#simpleReadObject(java.lang.Class, java.lang.String, com.sun.org.omg.SendingContext.CodeBase, int)#0&quot;, &quot;repositoryID := IIOPInputStream#simpleReadObject(java.lang.Class, java.lang.String, com.sun.org.omg.SendingContext.CodeBase, int)#1&quot; }"/>
        </annotation>
    </item>
    <item name='com.sun.corba.se.impl.io.ValueHandlerImpl byte getMaxStreamFormatVersion()'>
        <annotation name='com.intellij.inspections.tainted.annotation.equation.Equations'>
            <val val="{ &quot;getMaxStreamFormatVersion := #MAX_SUPPORTED_FORMAT_VERSION&quot; }"/>
        </annotation>
    </item>
    <item name='com.sun.corba.se.impl.io.ValueHandlerImpl byte getMaximumStreamFormatVersion()'>
        <annotation name='com.intellij.inspections.tainted.annotation.equation.Equations'>
            <val val="{ &quot;getMaximumStreamFormatVersion := #MAX_STREAM_FORMAT_VERSION&quot; }"/>
        </annotation>
    </item>
    <item name='com.sun.corba.se.impl.io.ValueHandlerImpl com.sun.corba.se.impl.io.IIOPInputStream createInputStreamBuiltInNoPriv(java.lang.String)'>
        <annotation name='com.intellij.inspections.tainted.annotation.equation.Equations'>
            <val val="{ &quot;name := #createInputStreamBuiltIn(java.lang.String)#0&quot; }"/>
        </annotation>
    </item>
    <item name='com.sun.corba.se.impl.io.ValueHandlerImpl com.sun.corba.se.impl.io.IIOPOutputStream createOutputStreamBuiltInNoPriv(java.lang.String)'>
        <annotation name='com.intellij.inspections.tainted.annotation.equation.Equations'>
            <val val="{ &quot;name := #createOutputStreamBuiltIn(java.lang.String)#0&quot; }"/>
        </annotation>
    </item>
    <item name='com.sun.corba.se.impl.io.ValueHandlerImpl java.io.Serializable readValueInternal(com.sun.corba.se.impl.io.IIOPInputStream, org.omg.CORBA_2_3.portable.InputStream, int, java.lang.Class, java.lang.String, com.sun.org.omg.SendingContext.CodeBase)'>
        <annotation name='com.intellij.inspections.tainted.annotation.equation.Equations'>
            <val val="{ &quot;clazz := #readValue(org.omg.CORBA.portable.InputStream, int, java.lang.Class, java.lang.String, org.omg.SendingContext.RunTime)#2&quot;, &quot;in := #readValue(org.omg.CORBA.portable.InputStream, int, java.lang.Class, java.lang.String, org.omg.SendingContext.RunTime)#0&quot;, &quot;bridge := ValueHandlerImpl&quot;, &quot;repositoryID := #readValue(org.omg.CORBA.portable.InputStream, int, java.lang.Class, java.lang.String, org.omg.SendingContext.RunTime)#3&quot;, &quot;offset := #readValue(org.omg.CORBA.portable.InputStream, int, java.lang.Class, java.lang.String, org.omg.SendingContext.RunTime)#1&quot; }"/>
        </annotation>
    </item>
    <item name='com.sun.corba.se.impl.io.ValueHandlerImpl java.lang.Class getAnyClassFromType(java.lang.String)'>
        <annotation name='com.intellij.inspections.tainted.annotation.equation.Equations'>
            <val val="{ &quot;id := FVDCodeBaseImpl#meta(java.lang.String)#0&quot; }"/>
        </annotation>
    </item>
    <item name='com.sun.corba.se.impl.io.ValueHandlerImpl java.lang.Class getClassFromType(java.lang.String)'>
        <annotation name='com.intellij.inspections.tainted.annotation.equation.Equations'>
            <val val="{ &quot;id := FVDCodeBaseImpl#implementation(java.lang.String)#0&quot; }"/>
        </annotation>
    </item>
    <item name='com.sun.corba.se.impl.io.ValueHandlerImpl java.lang.Object read_Array(com.sun.corba.se.impl.io.IIOPInputStream, org.omg.CORBA_2_3.portable.InputStream, java.lang.Class, com.sun.org.omg.SendingContext.CodeBase, int)'>
        <annotation name='com.intellij.inspections.tainted.annotation.equation.Equations'>
            <val val="{ &quot;bridge := #readValueInternal(com.sun.corba.se.impl.io.IIOPInputStream, org.omg.CORBA_2_3.portable.InputStream, int, java.lang.Class, java.lang.String, com.sun.org.omg.SendingContext.CodeBase)#0&quot;, &quot;in := #readValueInternal(com.sun.corba.se.impl.io.IIOPInputStream, org.omg.CORBA_2_3.portable.InputStream, int, java.lang.Class, java.lang.String, com.sun.org.omg.SendingContext.CodeBase)#1&quot;, &quot;sender := #readValueInternal(com.sun.corba.se.impl.io.IIOPInputStream, org.omg.CORBA_2_3.portable.InputStream, int, java.lang.Class, java.lang.String, com.sun.org.omg.SendingContext.CodeBase)#5&quot;, &quot;offset := #readValueInternal(com.sun.corba.se.impl.io.IIOPInputStream, org.omg.CORBA_2_3.portable.InputStream, int, java.lang.Class, java.lang.String, com.sun.org.omg.SendingContext.CodeBase)#2&quot;, &quot;sequence := #readValueInternal(com.sun.corba.se.impl.io.IIOPInputStream, org.omg.CORBA_2_3.portable.InputStream, int, java.lang.Class, java.lang.String, com.sun.org.omg.SendingContext.CodeBase)#3&quot; }"/>
        </annotation>
    </item>
    <item name='com.sun.corba.se.impl.io.ValueHandlerImpl java.lang.String createForAnyType(java.lang.Class)'>
        <annotation name='com.intellij.inspections.tainted.annotation.equation.Equations'>
            <val val="{ &quot;cl := &quot; }"/>
        </annotation>
    </item>
    <item name='com.sun.corba.se.impl.io.ValueHandlerImpl java.lang.String getRMIRepositoryID(java.lang.Class)'>
        <annotation name='com.intellij.inspections.tainted.annotation.equation.Equations'>
            <val val="{ &quot;clz := IIOPInputStream&quot; }"/>
        </annotation>
    </item>
    <item name='com.sun.corba.se.impl.io.ValueHandlerImpl org.omg.CORBA.TCKind getJavaCharTCKind()'>
        <annotation name='com.intellij.inspections.tainted.annotation.equation.Equations'>
            <val val="{ &quot;getJavaCharTCKind := org.omg.CORBA.TCKind#tk_wchar&quot; }"/>
        </annotation>
    </item>
    <item name='com.sun.corba.se.impl.io.ValueHandlerImpl org.omg.SendingContext.RunTime getRunTimeCodeBase()'>
        <annotation name='com.intellij.inspections.tainted.annotation.equation.Equations'>
            <val val="{ &quot;getRunTimeCodeBase := ValueHandlerImpl&quot; }"/>
        </annotation>
    </item>
    <item name='com.sun.corba.se.impl.io.ValueHandlerImpl void readCharArray(org.omg.CORBA_2_3.portable.InputStream, char[], int, int)'>
        <annotation name='com.intellij.inspections.tainted.annotation.equation.Equations'>
            <val val="{ &quot;in := #read_Array(com.sun.corba.se.impl.io.IIOPInputStream, org.omg.CORBA_2_3.portable.InputStream, java.lang.Class, com.sun.org.omg.SendingContext.CodeBase, int)#1&quot; }"/>
        </annotation>
    </item>
    <item name='com.sun.corba.se.impl.io.ValueHandlerImpl void writeCharArray(org.omg.CORBA_2_3.portable.OutputStream, char[], int, int)'>
        <annotation name='com.intellij.inspections.tainted.annotation.equation.Equations'>
            <val val="{ &quot;array := #write_Array(org.omg.CORBA_2_3.portable.OutputStream, java.io.Serializable, java.lang.Class)#1&quot;, &quot;out := #write_Array(org.omg.CORBA_2_3.portable.OutputStream, java.io.Serializable, java.lang.Class)#0&quot; }"/>
        </annotation>
    </item>
    <item name='com.sun.corba.se.impl.io.ValueHandlerImpl void writeValueInternal(com.sun.corba.se.impl.io.IIOPOutputStream, org.omg.CORBA_2_3.portable.OutputStream, java.io.Serializable, byte)'>
        <annotation name='com.intellij.inspections.tainted.annotation.equation.Equations'>
            <val val="{ &quot;bridge := ValueHandlerImpl&quot;, &quot;out := #writeValueWithVersion(org.omg.CORBA.portable.OutputStream, java.io.Serializable, byte)#0&quot;, &quot;streamFormatVersion := #writeValueWithVersion(org.omg.CORBA.portable.OutputStream, java.io.Serializable, byte)#2&quot;, &quot;value := #writeValueWithVersion(org.omg.CORBA.portable.OutputStream, java.io.Serializable, byte)#1&quot; }"/>
        </annotation>
    </item>
    <item name='com.sun.corba.se.impl.io.ValueHandlerImpl void writeValueWithVersion(org.omg.CORBA.portable.OutputStream, java.io.Serializable, byte)'>
        <annotation name='com.intellij.inspections.tainted.annotation.equation.Equations'>
            <val val="{ &quot;value := #writeValue(org.omg.CORBA.portable.OutputStream, java.io.Serializable, byte)#1 &amp; #writeValue(org.omg.CORBA.portable.OutputStream, java.io.Serializable)#1&quot;, &quot;_out := #writeValue(org.omg.CORBA.portable.OutputStream, java.io.Serializable, byte)#0 &amp; #writeValue(org.omg.CORBA.portable.OutputStream, java.io.Serializable)#0&quot;, &quot;streamFormatVersion := #writeValue(org.omg.CORBA.portable.OutputStream, java.io.Serializable, byte)#2 &amp; #STREAM_FORMAT_VERSION_1&quot; }"/>
        </annotation>
    </item>
    <item name='com.sun.corba.se.impl.io.ValueHandlerImpl void write_Array(org.omg.CORBA_2_3.portable.OutputStream, java.io.Serializable, java.lang.Class)'>
        <annotation name='com.intellij.inspections.tainted.annotation.equation.Equations'>
            <val val="{ &quot;obj := #writeValueInternal(com.sun.corba.se.impl.io.IIOPOutputStream, org.omg.CORBA_2_3.portable.OutputStream, java.io.Serializable, byte)#2&quot;, &quot;out := #writeValueInternal(com.sun.corba.se.impl.io.IIOPOutputStream, org.omg.CORBA_2_3.portable.OutputStream, java.io.Serializable, byte)#1&quot; }"/>
        </annotation>
    </item>
    <item name='com.sun.corba.se.impl.io.ValueUtility boolean exists(java.lang.String, java.lang.String[])'>
        <annotation name='com.intellij.inspections.tainted.annotation.equation.Equations'>
            <val val="{ &quot;str := #isAssignableFrom(java.lang.String, com.sun.org.omg.CORBA.ValueDefPackage.FullValueDescription, com.sun.org.omg.SendingContext.CodeBase)#0&quot; }"/>
        </annotation>
    </item>
    <item name='com.sun.corba.se.impl.io.ValueUtility com.sun.org.omg.CORBA.ValueDefPackage.FullValueDescription translate(org.omg.CORBA.ORB, com.sun.corba.se.impl.io.ObjectStreamClass, javax.rmi.CORBA.ValueHandler)'>
        <annotation name='com.intellij.inspections.tainted.annotation.equation.Equations'>
            <val val="{ &quot;translate := &quot;, &quot;orb := FVDCodeBaseImpl&quot;, &quot;osc := &quot;, &quot;vh := FVDCodeBaseImpl&quot; }"/>
        </annotation>
    </item>
    <item name='com.sun.corba.se.impl.io.ValueUtility java.lang.String getSignature(org.omg.CORBA.ValueMember)'>
        <annotation name='com.intellij.inspections.tainted.annotation.equation.Equations'>
            <val val="{ &quot;getSignature := #primitiveConstants&quot;, &quot;member := com.sun.corba.se.impl.orbutil.ObjectStreamClass_1_3_1#hasField(org.omg.CORBA.ValueMember)#0 &amp; ObjectStreamClass#hasField(org.omg.CORBA.ValueMember)#0 &amp; IIOPInputStream#inputObjectField(org.omg.CORBA.ValueMember, com.sun.org.omg.SendingContext.CodeBase)#0 &amp; IIOPInputStream#throwAwayData(org.omg.CORBA.ValueMember[], com.sun.org.omg.SendingContext.CodeBase)#0&quot; }"/>
        </annotation>
    </item>
    <item name='com.sun.corba.se.impl.io.ValueUtility org.omg.CORBA.TypeCode createTypeCodeForClass(org.omg.CORBA.ORB, java.lang.Class, javax.rmi.CORBA.ValueHandler)'>
        <annotation name='com.intellij.inspections.tainted.annotation.equation.Equations'>
            <val val="{ &quot;orb := com.sun.corba.se.impl.corba.AnyImpl#createTypeCodeForClass(java.lang.Class, com.sun.corba.se.spi.orb.ORB)#1&quot;, &quot;c := com.sun.corba.se.impl.corba.AnyImpl#createTypeCodeForClass(java.lang.Class, com.sun.corba.se.spi.orb.ORB)#0&quot; }"/>
        </annotation>
    </item>
    <item name='com.sun.corba.se.impl.io.ValueUtility org.omg.CORBA.TypeCode createTypeCodeForClassInternal(org.omg.CORBA.ORB, java.lang.Class, javax.rmi.CORBA.ValueHandler, com.sun.corba.se.impl.io.ValueUtility.IdentityKeyValueStack)'>
        <annotation name='com.intellij.inspections.tainted.annotation.equation.Equations'>
            <val val="{ &quot;c := #createTypeCodeForClass(org.omg.CORBA.ORB, java.lang.Class, javax.rmi.CORBA.ValueHandler)#1&quot;, &quot;orb := #createTypeCodeForClass(org.omg.CORBA.ORB, java.lang.Class, javax.rmi.CORBA.ValueHandler)#0 &amp; #createTypeCodeInternal(org.omg.CORBA.ORB, java.lang.Class, javax.rmi.CORBA.ValueHandler, java.lang.String, com.sun.corba.se.impl.io.ValueUtility.IdentityKeyValueStack)#0&quot;, &quot;vh := #createTypeCodeForClass(org.omg.CORBA.ORB, java.lang.Class, javax.rmi.CORBA.ValueHandler)#2 &amp; #createTypeCodeInternal(org.omg.CORBA.ORB, java.lang.Class, javax.rmi.CORBA.ValueHandler, java.lang.String, com.sun.corba.se.impl.io.ValueUtility.IdentityKeyValueStack)#2&quot;, &quot;createdIDs := #createTypeCodeInternal(org.omg.CORBA.ORB, java.lang.Class, javax.rmi.CORBA.ValueHandler, java.lang.String, com.sun.corba.se.impl.io.ValueUtility.IdentityKeyValueStack)#4&quot; }"/>
        </annotation>
    </item>
    <item name='com.sun.corba.se.impl.io.ValueUtility org.omg.CORBA.TypeCode createTypeCodeInternal(org.omg.CORBA.ORB, java.lang.Class, javax.rmi.CORBA.ValueHandler, java.lang.String, com.sun.corba.se.impl.io.ValueUtility.IdentityKeyValueStack)'>
        <annotation name='com.intellij.inspections.tainted.annotation.equation.Equations'>
            <val val="{ &quot;createdIDs := #createTypeCodeForClassInternal(org.omg.CORBA.ORB, java.lang.Class, javax.rmi.CORBA.ValueHandler, com.sun.corba.se.impl.io.ValueUtility.IdentityKeyValueStack)#3&quot;, &quot;c := #createTypeCodeForClassInternal(org.omg.CORBA.ORB, java.lang.Class, javax.rmi.CORBA.ValueHandler, com.sun.corba.se.impl.io.ValueUtility.IdentityKeyValueStack)#1&quot;, &quot;vh := #createTypeCodeForClassInternal(org.omg.CORBA.ORB, java.lang.Class, javax.rmi.CORBA.ValueHandler, com.sun.corba.se.impl.io.ValueUtility.IdentityKeyValueStack)#2&quot;, &quot;orb := #createTypeCodeForClassInternal(org.omg.CORBA.ORB, java.lang.Class, javax.rmi.CORBA.ValueHandler, com.sun.corba.se.impl.io.ValueUtility.IdentityKeyValueStack)#0&quot; }"/>
        </annotation>
    </item>
    <item name='com.sun.corba.se.impl.io.ValueUtility org.omg.CORBA.TypeCode getPrimitiveTypeCodeForClass(org.omg.CORBA.ORB, java.lang.Class, javax.rmi.CORBA.ValueHandler)'>
        <annotation name='com.intellij.inspections.tainted.annotation.equation.Equations'>
            <val val="{ &quot;vh := #createTypeCodeInternal(org.omg.CORBA.ORB, java.lang.Class, javax.rmi.CORBA.ValueHandler, java.lang.String, com.sun.corba.se.impl.io.ValueUtility.IdentityKeyValueStack)#2&quot;, &quot;orb := #createTypeCodeInternal(org.omg.CORBA.ORB, java.lang.Class, javax.rmi.CORBA.ValueHandler, java.lang.String, com.sun.corba.se.impl.io.ValueUtility.IdentityKeyValueStack)#0&quot; }"/>
        </annotation>
    </item>
    <item name='com.sun.corba.se.impl.io.ValueUtility org.omg.CORBA.ValueMember[] translateMembers(org.omg.CORBA.ORB, com.sun.corba.se.impl.io.ObjectStreamClass, javax.rmi.CORBA.ValueHandler, com.sun.corba.se.impl.io.ValueUtility.IdentityKeyValueStack)'>
        <annotation name='com.intellij.inspections.tainted.annotation.equation.Equations'>
            <val val="{ &quot;vh := #createTypeCodeInternal(org.omg.CORBA.ORB, java.lang.Class, javax.rmi.CORBA.ValueHandler, java.lang.String, com.sun.corba.se.impl.io.ValueUtility.IdentityKeyValueStack)#2&quot;, &quot;createdIDs := #createTypeCodeInternal(org.omg.CORBA.ORB, java.lang.Class, javax.rmi.CORBA.ValueHandler, java.lang.String, com.sun.corba.se.impl.io.ValueUtility.IdentityKeyValueStack)#4&quot;, &quot;orb := #createTypeCodeInternal(org.omg.CORBA.ORB, java.lang.Class, javax.rmi.CORBA.ValueHandler, java.lang.String, com.sun.corba.se.impl.io.ValueUtility.IdentityKeyValueStack)#0&quot; }"/>
        </annotation>
    </item>
    <item name='com.sun.corba.se.impl.io.ValueUtility.IdentityKeyValueStack java.lang.Object get(java.lang.Object)'>
        <annotation name='com.intellij.inspections.tainted.annotation.equation.Equations'>
            <val val="{ &quot;key := ValueUtility#createTypeCodeForClassInternal(org.omg.CORBA.ORB, java.lang.Class, javax.rmi.CORBA.ValueHandler, com.sun.corba.se.impl.io.ValueUtility.IdentityKeyValueStack)#1&quot; }"/>
        </annotation>
    </item>
    <item name='com.sun.corba.se.impl.io.ValueUtility.IdentityKeyValueStack void push(java.lang.Object, java.lang.Object)'>
        <annotation name='com.intellij.inspections.tainted.annotation.equation.Equations'>
            <val val="{ &quot;key := ValueUtility#createTypeCodeForClassInternal(org.omg.CORBA.ORB, java.lang.Class, javax.rmi.CORBA.ValueHandler, com.sun.corba.se.impl.io.ValueUtility.IdentityKeyValueStack)#1&quot; }"/>
        </annotation>
    </item>
    <item name='com.sun.corba.se.impl.io.ValueUtility.IdentityKeyValueStack.KeyValuePair KeyValuePair(java.lang.Object, java.lang.Object)'>
        <annotation name='com.intellij.inspections.tainted.annotation.equation.Equations'>
            <val val="{ &quot;value := ValueUtility.IdentityKeyValueStack#push(java.lang.Object, java.lang.Object)#1&quot;, &quot;KeyValuePair := ValueUtility.IdentityKeyValueStack.KeyValuePair&quot;, &quot;key := ValueUtility.IdentityKeyValueStack#push(java.lang.Object, java.lang.Object)#0&quot; }"/>
        </annotation>
    </item>
</root>