<root>
    <item name='java.util.concurrent.atomic.AtomicBoolean AtomicBoolean()'>
        <annotation name='com.intellij.inspections.tainted.annotation.equation.Equations'>
            <val val="{ &quot;AtomicBoolean := AtomicBoolean&quot; }"/>
        </annotation>
    </item>
    <item name='java.util.concurrent.atomic.AtomicBoolean AtomicBoolean(boolean)'>
        <annotation name='com.intellij.inspections.tainted.annotation.equation.Equations'>
            <val val="{ &quot;AtomicBoolean := AtomicBoolean&quot; }"/>
        </annotation>
    </item>
    <item name='java.util.concurrent.atomic.AtomicInteger AtomicInteger()'>
        <annotation name='com.intellij.inspections.tainted.annotation.equation.Equations'>
            <val val="{ &quot;AtomicInteger := AtomicInteger&quot; }"/>
        </annotation>
    </item>
    <item name='java.util.concurrent.atomic.AtomicInteger AtomicInteger(int)'>
        <annotation name='com.intellij.inspections.tainted.annotation.equation.Equations'>
            <val val="{ &quot;initialValue := java.util.logging.LogRecord#MIN_SEQUENTIAL_THREAD_ID&quot;, &quot;AtomicInteger := AtomicInteger&quot; }"/>
        </annotation>
    </item>
    <item name='java.util.concurrent.atomic.AtomicInteger boolean compareAndSet(int, int)'>
        <annotation name='com.intellij.inspections.tainted.annotation.equation.Equations'>
            <val val="{ &quot;update := java.util.concurrent.ThreadPoolExecutor#compareAndIncrementWorkerCount(int)#0 &amp; java.util.concurrent.ThreadPoolExecutor#compareAndDecrementWorkerCount(int)#0&quot;, &quot;expect := java.util.concurrent.ThreadPoolExecutor#compareAndIncrementWorkerCount(int)#0 &amp; java.util.concurrent.ThreadPoolExecutor#compareAndDecrementWorkerCount(int)#0&quot; }"/>
        </annotation>
    </item>
    <item name='java.util.concurrent.atomic.AtomicInteger int addAndGet(int)'>
        <annotation name='com.intellij.inspections.tainted.annotation.equation.Equations'>
            <val val="{ &quot;addAndGet := delta&quot;, &quot;delta := java.util.concurrent.ThreadLocalRandom#PROBE_INCREMENT&quot; }"/>
        </annotation>
    </item>
    <item name='java.util.concurrent.atomic.AtomicInteger int get()'>
        <annotation name='com.intellij.inspections.tainted.annotation.equation.Equations'>
            <val val="{ &quot;get := AtomicInteger&quot; }"/>
        </annotation>
    </item>
    <item name='java.util.concurrent.atomic.AtomicInteger int getAndAdd(int)'>
        <annotation name='com.intellij.inspections.tainted.annotation.equation.Equations'>
            <val val="{ &quot;delta := java.lang.ClassValue#HASH_INCREMENT &amp; java.lang.ThreadLocal#HASH_INCREMENT&quot; }"/>
        </annotation>
    </item>
    <item name='java.util.concurrent.atomic.AtomicInteger void set(int)'>
        <annotation name='com.intellij.inspections.tainted.annotation.equation.Equations'>
            <val val="{ &quot;newValue := &quot; }"/>
        </annotation>
    </item>
    <item name='java.util.concurrent.atomic.AtomicIntegerFieldUpdater'>
        <annotation name='com.intellij.inspections.tainted.annotation.equation.Equations'>
            <val val="{ &quot;AtomicIntegerFieldUpdater := AtomicIntegerFieldUpdater.AtomicIntegerFieldUpdaterImpl&quot; }"/>
        </annotation>
    </item>
    <item name='java.util.concurrent.atomic.AtomicIntegerFieldUpdater boolean compareAndSet(T, int, int)'>
        <annotation name='com.intellij.inspections.tainted.annotation.equation.Equations'>
            <val val="{ &quot;expect := AtomicIntegerFieldUpdater.AtomicIntegerFieldUpdaterImpl#compareAndSet(java.lang.Object, int, int)#1&quot;, &quot;obj := AtomicIntegerFieldUpdater.AtomicIntegerFieldUpdaterImpl#compareAndSet(java.lang.Object, int, int)#0&quot;, &quot;update := AtomicIntegerFieldUpdater.AtomicIntegerFieldUpdaterImpl#compareAndSet(java.lang.Object, int, int)#2&quot; }"/>
        </annotation>
    </item>
    <item name='java.util.concurrent.atomic.AtomicIntegerFieldUpdater boolean weakCompareAndSet(T, int, int)'>
        <annotation name='com.intellij.inspections.tainted.annotation.equation.Equations'>
            <val val="{ &quot;update := AtomicIntegerFieldUpdater.AtomicIntegerFieldUpdaterImpl#weakCompareAndSet(java.lang.Object, int, int)#2&quot;, &quot;obj := AtomicIntegerFieldUpdater.AtomicIntegerFieldUpdaterImpl#weakCompareAndSet(java.lang.Object, int, int)#0&quot;, &quot;expect := AtomicIntegerFieldUpdater.AtomicIntegerFieldUpdaterImpl#weakCompareAndSet(java.lang.Object, int, int)#1&quot; }"/>
        </annotation>
    </item>
    <item name='java.util.concurrent.atomic.AtomicIntegerFieldUpdater int addAndGet(T, int)'>
        <annotation name='com.intellij.inspections.tainted.annotation.equation.Equations'>
            <val val="{ &quot;addAndGet := delta &amp; AtomicIntegerFieldUpdater.AtomicIntegerFieldUpdaterImpl#addAndGet(java.lang.Object, int)&quot;, &quot;obj := AtomicIntegerFieldUpdater.AtomicIntegerFieldUpdaterImpl#addAndGet(java.lang.Object, int)#0&quot;, &quot;delta := AtomicIntegerFieldUpdater.AtomicIntegerFieldUpdaterImpl#addAndGet(java.lang.Object, int)#1&quot; }"/>
        </annotation>
    </item>
    <item name='java.util.concurrent.atomic.AtomicIntegerFieldUpdater int decrementAndGet(T)'>
        <annotation name='com.intellij.inspections.tainted.annotation.equation.Equations'>
            <val val="{ &quot;obj := AtomicIntegerFieldUpdater.AtomicIntegerFieldUpdaterImpl#decrementAndGet(java.lang.Object)#0&quot;, &quot;decrementAndGet := AtomicIntegerFieldUpdater.AtomicIntegerFieldUpdaterImpl#decrementAndGet(java.lang.Object)&quot; }"/>
        </annotation>
    </item>
    <item name='java.util.concurrent.atomic.AtomicIntegerFieldUpdater int get(T)'>
        <annotation name='com.intellij.inspections.tainted.annotation.equation.Equations'>
            <val val="{ &quot;obj := AtomicIntegerFieldUpdater.AtomicIntegerFieldUpdaterImpl#get(java.lang.Object)#0&quot;, &quot;get := AtomicIntegerFieldUpdater.AtomicIntegerFieldUpdaterImpl#get(java.lang.Object)&quot; }"/>
        </annotation>
    </item>
    <item name='java.util.concurrent.atomic.AtomicIntegerFieldUpdater int getAndAdd(T, int)'>
        <annotation name='com.intellij.inspections.tainted.annotation.equation.Equations'>
            <val val="{ &quot;obj := AtomicIntegerFieldUpdater.AtomicIntegerFieldUpdaterImpl#getAndAdd(java.lang.Object, int)#0&quot;, &quot;getAndAdd := AtomicIntegerFieldUpdater.AtomicIntegerFieldUpdaterImpl#getAndAdd(java.lang.Object, int)&quot;, &quot;delta := AtomicIntegerFieldUpdater.AtomicIntegerFieldUpdaterImpl#getAndAdd(java.lang.Object, int)#1&quot; }"/>
        </annotation>
    </item>
    <item name='java.util.concurrent.atomic.AtomicIntegerFieldUpdater int getAndDecrement(T)'>
        <annotation name='com.intellij.inspections.tainted.annotation.equation.Equations'>
            <val val="{ &quot;getAndDecrement := AtomicIntegerFieldUpdater.AtomicIntegerFieldUpdaterImpl#getAndDecrement(java.lang.Object)&quot;, &quot;obj := AtomicIntegerFieldUpdater.AtomicIntegerFieldUpdaterImpl#getAndDecrement(java.lang.Object)#0&quot; }"/>
        </annotation>
    </item>
    <item name='java.util.concurrent.atomic.AtomicIntegerFieldUpdater int getAndIncrement(T)'>
        <annotation name='com.intellij.inspections.tainted.annotation.equation.Equations'>
            <val val="{ &quot;obj := AtomicIntegerFieldUpdater.AtomicIntegerFieldUpdaterImpl#getAndIncrement(java.lang.Object)#0&quot;, &quot;getAndIncrement := AtomicIntegerFieldUpdater.AtomicIntegerFieldUpdaterImpl#getAndIncrement(java.lang.Object)&quot; }"/>
        </annotation>
    </item>
    <item name='java.util.concurrent.atomic.AtomicIntegerFieldUpdater int getAndSet(T, int)'>
        <annotation name='com.intellij.inspections.tainted.annotation.equation.Equations'>
            <val val="{ &quot;obj := AtomicIntegerFieldUpdater.AtomicIntegerFieldUpdaterImpl#getAndSet(java.lang.Object, int)#0&quot;, &quot;newValue := AtomicIntegerFieldUpdater.AtomicIntegerFieldUpdaterImpl#getAndSet(java.lang.Object, int)#1&quot;, &quot;getAndSet := AtomicIntegerFieldUpdater.AtomicIntegerFieldUpdaterImpl#getAndSet(java.lang.Object, int)&quot; }"/>
        </annotation>
    </item>
    <item name='java.util.concurrent.atomic.AtomicIntegerFieldUpdater int incrementAndGet(T)'>
        <annotation name='com.intellij.inspections.tainted.annotation.equation.Equations'>
            <val val="{ &quot;incrementAndGet := AtomicIntegerFieldUpdater.AtomicIntegerFieldUpdaterImpl#incrementAndGet(java.lang.Object)&quot;, &quot;obj := AtomicIntegerFieldUpdater.AtomicIntegerFieldUpdaterImpl#incrementAndGet(java.lang.Object)#0&quot; }"/>
        </annotation>
    </item>
    <item name='java.util.concurrent.atomic.AtomicIntegerFieldUpdater void lazySet(T, int)'>
        <annotation name='com.intellij.inspections.tainted.annotation.equation.Equations'>
            <val val="{ &quot;obj := AtomicIntegerFieldUpdater.AtomicIntegerFieldUpdaterImpl#lazySet(java.lang.Object, int)#0&quot;, &quot;newValue := AtomicIntegerFieldUpdater.AtomicIntegerFieldUpdaterImpl#lazySet(java.lang.Object, int)#1&quot; }"/>
        </annotation>
    </item>
    <item name='java.util.concurrent.atomic.AtomicIntegerFieldUpdater void set(T, int)'>
        <annotation name='com.intellij.inspections.tainted.annotation.equation.Equations'>
            <val val="{ &quot;newValue := AtomicIntegerFieldUpdater.AtomicIntegerFieldUpdaterImpl#set(java.lang.Object, int)#1&quot;, &quot;obj := AtomicIntegerFieldUpdater.AtomicIntegerFieldUpdaterImpl#set(java.lang.Object, int)#0&quot; }"/>
        </annotation>
    </item>
    <item name='java.util.concurrent.atomic.AtomicIntegerFieldUpdater.AtomicIntegerFieldUpdaterImpl AtomicIntegerFieldUpdaterImpl(java.lang.Class&lt;T&gt;, java.lang.String, java.lang.Class&lt;?&gt;)'>
        <annotation name='com.intellij.inspections.tainted.annotation.equation.Equations'>
            <val val="{ &quot;tclass := AtomicIntegerFieldUpdater#newUpdater(java.lang.Class, java.lang.String)#0&quot;, &quot;fieldName := AtomicIntegerFieldUpdater#newUpdater(java.lang.Class, java.lang.String)#1&quot;, &quot;AtomicIntegerFieldUpdaterImpl := AtomicIntegerFieldUpdater.AtomicIntegerFieldUpdaterImpl&quot; }"/>
        </annotation>
    </item>
    <item name='java.util.concurrent.atomic.AtomicIntegerFieldUpdater.AtomicIntegerFieldUpdaterImpl int addAndGet(T, int)'>
        <annotation name='com.intellij.inspections.tainted.annotation.equation.Equations'>
            <val val="{ &quot;addAndGet := delta&quot; }"/>
        </annotation>
    </item>
    <item name='java.util.concurrent.atomic.AtomicIntegerFieldUpdater.AtomicIntegerFieldUpdaterImpl int getAndAdd(T, int)'>
        <annotation name='com.intellij.inspections.tainted.annotation.equation.Equations'>
            <val val="{ &quot;obj := #getAndIncrement(java.lang.Object)#0 &amp; #getAndDecrement(java.lang.Object)#0 &amp; #incrementAndGet(java.lang.Object)#0 &amp; #decrementAndGet(java.lang.Object)#0 &amp; #addAndGet(java.lang.Object, int)#0&quot;, &quot;delta := #addAndGet(java.lang.Object, int)#1&quot; }"/>
        </annotation>
    </item>
    <item name='java.util.concurrent.atomic.AtomicIntegerFieldUpdater.AtomicIntegerFieldUpdaterImpl java.lang.String getPackageName(java.lang.Class&lt;?&gt;)'>
        <annotation name='com.intellij.inspections.tainted.annotation.equation.Equations'>
            <val val="{ &quot;cls := #isSamePackage(java.lang.Class, java.lang.Class)#0 &amp; #isSamePackage(java.lang.Class, java.lang.Class)#1&quot; }"/>
        </annotation>
    </item>
    <item name='java.util.concurrent.atomic.AtomicIntegerFieldUpdater.AtomicIntegerFieldUpdaterImpl void accessCheck(T)'>
        <annotation name='com.intellij.inspections.tainted.annotation.equation.Equations'>
            <val val="{ &quot;obj := #compareAndSet(java.lang.Object, int, int)#0 &amp; #weakCompareAndSet(java.lang.Object, int, int)#0 &amp; #set(java.lang.Object, int)#0 &amp; #lazySet(java.lang.Object, int)#0 &amp; #get(java.lang.Object)#0 &amp; #getAndSet(java.lang.Object, int)#0 &amp; #getAndAdd(java.lang.Object, int)#0&quot; }"/>
        </annotation>
    </item>
    <item name='java.util.concurrent.atomic.AtomicIntegerFieldUpdater.AtomicIntegerFieldUpdaterImpl void throwAccessCheckException(T)'>
        <annotation name='com.intellij.inspections.tainted.annotation.equation.Equations'>
            <val val="{ &quot;obj := #accessCheck(java.lang.Object)#0&quot; }"/>
        </annotation>
    </item>
    <item name='java.util.concurrent.atomic.AtomicLong AtomicLong()'>
        <annotation name='com.intellij.inspections.tainted.annotation.equation.Equations'>
            <val val="{ &quot;AtomicLong := AtomicLong&quot; }"/>
        </annotation>
    </item>
    <item name='java.util.concurrent.atomic.AtomicLong AtomicLong(long)'>
        <annotation name='com.intellij.inspections.tainted.annotation.equation.Equations'>
            <val val="{ &quot;AtomicLong := AtomicLong&quot;, &quot;initialValue := java.util.stream.StreamSpliterators.UnorderedSliceSpliterator#UnorderedSliceSpliterator(java.util.Spliterator, long, long)#1 &amp; java.util.stream.StreamSpliterators.UnorderedSliceSpliterator#UnorderedSliceSpliterator(java.util.Spliterator, long, long)#2 &amp; java.util.Random#resetSeed(long)#0&quot; }"/>
        </annotation>
    </item>
    <item name='java.util.concurrent.atomic.AtomicLong boolean compareAndSet(long, long)'>
        <annotation name='com.intellij.inspections.tainted.annotation.equation.Equations'>
            <val val="{ &quot;update := java.nio.Bits#tryReserveMemory(long, int)#1&quot; }"/>
        </annotation>
    </item>
    <item name='java.util.concurrent.atomic.AtomicLong long addAndGet(long)'>
        <annotation name='com.intellij.inspections.tainted.annotation.equation.Equations'>
            <val val="{ &quot;delta := java.nio.Bits#tryReserveMemory(long, int)#0&quot;, &quot;addAndGet := delta&quot; }"/>
        </annotation>
    </item>
    <item name='java.util.concurrent.atomic.AtomicLong long get()'>
        <annotation name='com.intellij.inspections.tainted.annotation.equation.Equations'>
            <val val="{ &quot;get := AtomicLong&quot; }"/>
        </annotation>
    </item>
    <item name='java.util.concurrent.atomic.AtomicLong long getAndAdd(long)'>
        <annotation name='com.intellij.inspections.tainted.annotation.equation.Equations'>
            <val val="{ &quot;delta := java.util.concurrent.ThreadLocalRandom#SEEDER_INCREMENT &amp; java.lang.Integer#MAX_VALUE &amp; java.util.concurrent.ForkJoinPool.WorkQueue &amp; java.util.SplittableRandom#GOLDEN_GAMMA&quot; }"/>
        </annotation>
    </item>
    <item name='java.util.concurrent.atomic.AtomicLongFieldUpdater'>
        <annotation name='com.intellij.inspections.tainted.annotation.equation.Equations'>
            <val val="{ &quot;AtomicLongFieldUpdater := AtomicLongFieldUpdater.CASUpdater &amp; AtomicLongFieldUpdater.LockedUpdater&quot; }"/>
        </annotation>
    </item>
    <item name='java.util.concurrent.atomic.AtomicLongFieldUpdater boolean compareAndSet(T, long, long)'>
        <annotation name='com.intellij.inspections.tainted.annotation.equation.Equations'>
            <val val="{ &quot;expect := AtomicLongFieldUpdater.CASUpdater#compareAndSet(java.lang.Object, long, long)#1 &amp; AtomicLongFieldUpdater.LockedUpdater#compareAndSet(java.lang.Object, long, long)#1&quot;, &quot;obj := AtomicLongFieldUpdater.CASUpdater#compareAndSet(java.lang.Object, long, long)#0 &amp; AtomicLongFieldUpdater.LockedUpdater#compareAndSet(java.lang.Object, long, long)#0&quot;, &quot;update := AtomicLongFieldUpdater.CASUpdater#compareAndSet(java.lang.Object, long, long)#2 &amp; AtomicLongFieldUpdater.LockedUpdater#compareAndSet(java.lang.Object, long, long)#2&quot; }"/>
        </annotation>
    </item>
    <item name='java.util.concurrent.atomic.AtomicLongFieldUpdater boolean weakCompareAndSet(T, long, long)'>
        <annotation name='com.intellij.inspections.tainted.annotation.equation.Equations'>
            <val val="{ &quot;obj := AtomicLongFieldUpdater.CASUpdater#weakCompareAndSet(java.lang.Object, long, long)#0 &amp; AtomicLongFieldUpdater.LockedUpdater#weakCompareAndSet(java.lang.Object, long, long)#0&quot;, &quot;expect := AtomicLongFieldUpdater.CASUpdater#weakCompareAndSet(java.lang.Object, long, long)#1 &amp; AtomicLongFieldUpdater.LockedUpdater#weakCompareAndSet(java.lang.Object, long, long)#1&quot;, &quot;update := AtomicLongFieldUpdater.CASUpdater#weakCompareAndSet(java.lang.Object, long, long)#2 &amp; AtomicLongFieldUpdater.LockedUpdater#weakCompareAndSet(java.lang.Object, long, long)#2&quot; }"/>
        </annotation>
    </item>
    <item name='java.util.concurrent.atomic.AtomicLongFieldUpdater long addAndGet(T, long)'>
        <annotation name='com.intellij.inspections.tainted.annotation.equation.Equations'>
            <val val="{ &quot;delta := AtomicLongFieldUpdater.CASUpdater#addAndGet(java.lang.Object, long)#1&quot;, &quot;addAndGet := delta &amp; AtomicLongFieldUpdater.CASUpdater#addAndGet(java.lang.Object, long)&quot;, &quot;obj := AtomicLongFieldUpdater.CASUpdater#addAndGet(java.lang.Object, long)#0&quot; }"/>
        </annotation>
    </item>
    <item name='java.util.concurrent.atomic.AtomicLongFieldUpdater long decrementAndGet(T)'>
        <annotation name='com.intellij.inspections.tainted.annotation.equation.Equations'>
            <val val="{ &quot;obj := AtomicLongFieldUpdater.CASUpdater#decrementAndGet(java.lang.Object)#0&quot;, &quot;decrementAndGet := AtomicLongFieldUpdater.CASUpdater#decrementAndGet(java.lang.Object)&quot; }"/>
        </annotation>
    </item>
    <item name='java.util.concurrent.atomic.AtomicLongFieldUpdater long get(T)'>
        <annotation name='com.intellij.inspections.tainted.annotation.equation.Equations'>
            <val val="{ &quot;obj := AtomicLongFieldUpdater.CASUpdater#get(java.lang.Object)#0 &amp; AtomicLongFieldUpdater.LockedUpdater#get(java.lang.Object)#0&quot;, &quot;get := AtomicLongFieldUpdater.CASUpdater#get(java.lang.Object) &amp; AtomicLongFieldUpdater.LockedUpdater#get(java.lang.Object)&quot; }"/>
        </annotation>
    </item>
    <item name='java.util.concurrent.atomic.AtomicLongFieldUpdater long getAndAdd(T, long)'>
        <annotation name='com.intellij.inspections.tainted.annotation.equation.Equations'>
            <val val="{ &quot;delta := AtomicLongFieldUpdater.CASUpdater#getAndAdd(java.lang.Object, long)#1&quot;, &quot;obj := AtomicLongFieldUpdater.CASUpdater#getAndAdd(java.lang.Object, long)#0&quot;, &quot;getAndAdd := AtomicLongFieldUpdater.CASUpdater#getAndAdd(java.lang.Object, long)&quot; }"/>
        </annotation>
    </item>
    <item name='java.util.concurrent.atomic.AtomicLongFieldUpdater long getAndDecrement(T)'>
        <annotation name='com.intellij.inspections.tainted.annotation.equation.Equations'>
            <val val="{ &quot;getAndDecrement := AtomicLongFieldUpdater.CASUpdater#getAndDecrement(java.lang.Object)&quot;, &quot;obj := AtomicLongFieldUpdater.CASUpdater#getAndDecrement(java.lang.Object)#0&quot; }"/>
        </annotation>
    </item>
    <item name='java.util.concurrent.atomic.AtomicLongFieldUpdater long getAndIncrement(T)'>
        <annotation name='com.intellij.inspections.tainted.annotation.equation.Equations'>
            <val val="{ &quot;obj := AtomicLongFieldUpdater.CASUpdater#getAndIncrement(java.lang.Object)#0&quot;, &quot;getAndIncrement := AtomicLongFieldUpdater.CASUpdater#getAndIncrement(java.lang.Object)&quot; }"/>
        </annotation>
    </item>
    <item name='java.util.concurrent.atomic.AtomicLongFieldUpdater long getAndSet(T, long)'>
        <annotation name='com.intellij.inspections.tainted.annotation.equation.Equations'>
            <val val="{ &quot;getAndSet := AtomicLongFieldUpdater.CASUpdater#getAndSet(java.lang.Object, long)&quot;, &quot;newValue := AtomicLongFieldUpdater.CASUpdater#getAndSet(java.lang.Object, long)#1&quot;, &quot;obj := AtomicLongFieldUpdater.CASUpdater#getAndSet(java.lang.Object, long)#0&quot; }"/>
        </annotation>
    </item>
    <item name='java.util.concurrent.atomic.AtomicLongFieldUpdater long incrementAndGet(T)'>
        <annotation name='com.intellij.inspections.tainted.annotation.equation.Equations'>
            <val val="{ &quot;incrementAndGet := AtomicLongFieldUpdater.CASUpdater#incrementAndGet(java.lang.Object)&quot;, &quot;obj := AtomicLongFieldUpdater.CASUpdater#incrementAndGet(java.lang.Object)#0&quot; }"/>
        </annotation>
    </item>
    <item name='java.util.concurrent.atomic.AtomicLongFieldUpdater void lazySet(T, long)'>
        <annotation name='com.intellij.inspections.tainted.annotation.equation.Equations'>
            <val val="{ &quot;newValue := AtomicLongFieldUpdater.CASUpdater#lazySet(java.lang.Object, long)#1 &amp; AtomicLongFieldUpdater.LockedUpdater#lazySet(java.lang.Object, long)#1&quot;, &quot;obj := AtomicLongFieldUpdater.CASUpdater#lazySet(java.lang.Object, long)#0 &amp; AtomicLongFieldUpdater.LockedUpdater#lazySet(java.lang.Object, long)#0&quot; }"/>
        </annotation>
    </item>
    <item name='java.util.concurrent.atomic.AtomicLongFieldUpdater void set(T, long)'>
        <annotation name='com.intellij.inspections.tainted.annotation.equation.Equations'>
            <val val="{ &quot;obj := AtomicLongFieldUpdater.CASUpdater#set(java.lang.Object, long)#0 &amp; AtomicLongFieldUpdater.LockedUpdater#set(java.lang.Object, long)#0&quot;, &quot;newValue := AtomicLongFieldUpdater.CASUpdater#set(java.lang.Object, long)#1 &amp; AtomicLongFieldUpdater.LockedUpdater#set(java.lang.Object, long)#1&quot; }"/>
        </annotation>
    </item>
    <item name='java.util.concurrent.atomic.AtomicLongFieldUpdater.CASUpdater CASUpdater(java.lang.Class&lt;T&gt;, java.lang.String, java.lang.Class&lt;?&gt;)'>
        <annotation name='com.intellij.inspections.tainted.annotation.equation.Equations'>
            <val val="{ &quot;tclass := AtomicLongFieldUpdater#newUpdater(java.lang.Class, java.lang.String)#0&quot;, &quot;fieldName := AtomicLongFieldUpdater#newUpdater(java.lang.Class, java.lang.String)#1&quot;, &quot;CASUpdater := AtomicLongFieldUpdater.CASUpdater&quot; }"/>
        </annotation>
    </item>
    <item name='java.util.concurrent.atomic.AtomicLongFieldUpdater.CASUpdater long addAndGet(T, long)'>
        <annotation name='com.intellij.inspections.tainted.annotation.equation.Equations'>
            <val val="{ &quot;addAndGet := delta&quot; }"/>
        </annotation>
    </item>
    <item name='java.util.concurrent.atomic.AtomicLongFieldUpdater.CASUpdater long getAndAdd(T, long)'>
        <annotation name='com.intellij.inspections.tainted.annotation.equation.Equations'>
            <val val="{ &quot;obj := #getAndIncrement(java.lang.Object)#0 &amp; #getAndDecrement(java.lang.Object)#0 &amp; #incrementAndGet(java.lang.Object)#0 &amp; #decrementAndGet(java.lang.Object)#0 &amp; #addAndGet(java.lang.Object, long)#0&quot;, &quot;delta := #addAndGet(java.lang.Object, long)#1&quot; }"/>
        </annotation>
    </item>
    <item name='java.util.concurrent.atomic.AtomicLongFieldUpdater.CASUpdater void accessCheck(T)'>
        <annotation name='com.intellij.inspections.tainted.annotation.equation.Equations'>
            <val val="{ &quot;obj := #compareAndSet(java.lang.Object, long, long)#0 &amp; #weakCompareAndSet(java.lang.Object, long, long)#0 &amp; #set(java.lang.Object, long)#0 &amp; #lazySet(java.lang.Object, long)#0 &amp; #get(java.lang.Object)#0 &amp; #getAndSet(java.lang.Object, long)#0 &amp; #getAndAdd(java.lang.Object, long)#0&quot; }"/>
        </annotation>
    </item>
    <item name='java.util.concurrent.atomic.AtomicLongFieldUpdater.CASUpdater void throwAccessCheckException(T)'>
        <annotation name='com.intellij.inspections.tainted.annotation.equation.Equations'>
            <val val="{ &quot;obj := #accessCheck(java.lang.Object)#0&quot; }"/>
        </annotation>
    </item>
    <item name='java.util.concurrent.atomic.AtomicLongFieldUpdater.LockedUpdater LockedUpdater(java.lang.Class&lt;T&gt;, java.lang.String, java.lang.Class&lt;?&gt;)'>
        <annotation name='com.intellij.inspections.tainted.annotation.equation.Equations'>
            <val val="{ &quot;fieldName := AtomicLongFieldUpdater#newUpdater(java.lang.Class, java.lang.String)#1&quot;, &quot;tclass := AtomicLongFieldUpdater#newUpdater(java.lang.Class, java.lang.String)#0&quot;, &quot;LockedUpdater := AtomicLongFieldUpdater.LockedUpdater&quot; }"/>
        </annotation>
    </item>
    <item name='java.util.concurrent.atomic.AtomicLongFieldUpdater.LockedUpdater boolean compareAndSet(T, long, long)'>
        <annotation name='com.intellij.inspections.tainted.annotation.equation.Equations'>
            <val val="{ &quot;update := #weakCompareAndSet(java.lang.Object, long, long)#2&quot;, &quot;obj := #weakCompareAndSet(java.lang.Object, long, long)#0&quot;, &quot;expect := #weakCompareAndSet(java.lang.Object, long, long)#1&quot; }"/>
        </annotation>
    </item>
    <item name='java.util.concurrent.atomic.AtomicLongFieldUpdater.LockedUpdater void accessCheck(T)'>
        <annotation name='com.intellij.inspections.tainted.annotation.equation.Equations'>
            <val val="{ &quot;obj := #compareAndSet(java.lang.Object, long, long)#0 &amp; #set(java.lang.Object, long)#0 &amp; #get(java.lang.Object)#0&quot; }"/>
        </annotation>
    </item>
    <item name='java.util.concurrent.atomic.AtomicLongFieldUpdater.LockedUpdater void set(T, long)'>
        <annotation name='com.intellij.inspections.tainted.annotation.equation.Equations'>
            <val val="{ &quot;newValue := #lazySet(java.lang.Object, long)#1&quot;, &quot;obj := #lazySet(java.lang.Object, long)#0&quot; }"/>
        </annotation>
    </item>
    <item name='java.util.concurrent.atomic.AtomicMarkableReference'>
        <annotation name='com.intellij.inspections.tainted.annotation.equation.Equations'>
            <val val="{ &quot;AtomicMarkableReference := &quot; }"/>
        </annotation>
    </item>
    <item name='java.util.concurrent.atomic.AtomicMarkableReference AtomicMarkableReference(V, boolean)'>
        <annotation name='com.intellij.inspections.tainted.annotation.equation.Equations'>
            <val val="{ &quot;AtomicMarkableReference := AtomicMarkableReference&quot; }"/>
        </annotation>
    </item>
    <item name='java.util.concurrent.atomic.AtomicMarkableReference V getReference()'>
        <annotation name='com.intellij.inspections.tainted.annotation.equation.Equations'>
            <val val="{ &quot;getReference := AtomicMarkableReference&quot; }"/>
        </annotation>
    </item>
    <item name='java.util.concurrent.atomic.AtomicMarkableReference boolean casPair(java.util.concurrent.atomic.AtomicMarkableReference.Pair&lt;V&gt;, java.util.concurrent.atomic.AtomicMarkableReference.Pair&lt;V&gt;)'>
        <annotation name='com.intellij.inspections.tainted.annotation.equation.Equations'>
            <val val="{ &quot;cmp := AtomicMarkableReference&quot;, &quot;val := &quot; }"/>
        </annotation>
    </item>
    <item name='java.util.concurrent.atomic.AtomicMarkableReference boolean compareAndSet(V, V, boolean, boolean)'>
        <annotation name='com.intellij.inspections.tainted.annotation.equation.Equations'>
            <val val="{ &quot;newReference := #weakCompareAndSet(java.lang.Object, java.lang.Object, boolean, boolean)#1&quot;, &quot;expectedReference := #weakCompareAndSet(java.lang.Object, java.lang.Object, boolean, boolean)#0&quot; }"/>
        </annotation>
    </item>
    <item name='java.util.concurrent.atomic.AtomicMarkableReference long objectFieldOffset(sun.misc.Unsafe, java.lang.String, java.lang.Class&lt;?&gt;)'>
        <annotation name='com.intellij.inspections.tainted.annotation.equation.Equations'>
            <val val="{ &quot;UNSAFE := #UNSAFE&quot; }"/>
        </annotation>
    </item>
    <item name='java.util.concurrent.atomic.AtomicMarkableReference.Pair Pair(T, boolean)'>
        <annotation name='com.intellij.inspections.tainted.annotation.equation.Equations'>
            <val val="{ &quot;reference := #of(java.lang.Object, boolean)#0&quot;, &quot;Pair := AtomicMarkableReference.Pair&quot; }"/>
        </annotation>
    </item>
    <item name='java.util.concurrent.atomic.AtomicMarkableReference.Pair java.util.concurrent.atomic.AtomicMarkableReference.Pair&lt;T&gt; of(T, boolean)'>
        <annotation name='com.intellij.inspections.tainted.annotation.equation.Equations'>
            <val val="{ &quot;reference := AtomicMarkableReference#AtomicMarkableReference(java.lang.Object, boolean)#0 &amp; AtomicMarkableReference#compareAndSet(java.lang.Object, java.lang.Object, boolean, boolean)#1 &amp; AtomicMarkableReference#set(java.lang.Object, boolean)#0 &amp; AtomicMarkableReference#attemptMark(java.lang.Object, boolean)#0&quot; }"/>
        </annotation>
    </item>
    <item name='java.util.concurrent.atomic.AtomicReference AtomicReference()'>
        <annotation name='com.intellij.inspections.tainted.annotation.equation.Equations'>
            <val val="{ &quot;AtomicReference := AtomicReference&quot; }"/>
        </annotation>
    </item>
    <item name='java.util.concurrent.atomic.AtomicReference AtomicReference(V)'>
        <annotation name='com.intellij.inspections.tainted.annotation.equation.Equations'>
            <val val="{ &quot;initialValue := &quot;, &quot;AtomicReference := AtomicReference&quot; }"/>
        </annotation>
    </item>
    <item name='java.util.concurrent.atomic.AtomicReference V get()'>
        <annotation name='com.intellij.inspections.tainted.annotation.equation.Equations'>
            <val val="{ &quot;get := AtomicReference&quot; }"/>
        </annotation>
    </item>
    <item name='java.util.concurrent.atomic.AtomicReference boolean compareAndSet(V, V)'>
        <annotation name='com.intellij.inspections.tainted.annotation.equation.Equations'>
            <val val="{ &quot;update := java.util.stream.AbstractShortCircuitTask#shortCircuit(java.lang.Object)#0 &amp; java.util.stream.AbstractShortCircuitTask#setLocalResult(java.lang.Object)#0&quot; }"/>
        </annotation>
    </item>
    <item name='java.util.concurrent.atomic.AtomicReference void set(V)'>
        <annotation name='com.intellij.inspections.tainted.annotation.equation.Equations'>
            <val val="{ &quot;newValue := &quot; }"/>
        </annotation>
    </item>
    <item name='java.util.concurrent.atomic.AtomicReferenceArray AtomicReferenceArray(E[])'>
        <annotation name='com.intellij.inspections.tainted.annotation.equation.Equations'>
            <val val="{ &quot;AtomicReferenceArray := AtomicReferenceArray&quot; }"/>
        </annotation>
    </item>
    <item name='java.util.concurrent.atomic.AtomicReferenceFieldUpdater'>
        <annotation name='com.intellij.inspections.tainted.annotation.equation.Equations'>
            <val val="{ &quot;AtomicReferenceFieldUpdater := AtomicReferenceFieldUpdater.AtomicReferenceFieldUpdaterImpl&quot; }"/>
        </annotation>
    </item>
    <item name='java.util.concurrent.atomic.AtomicReferenceFieldUpdater V get(T)'>
        <annotation name='com.intellij.inspections.tainted.annotation.equation.Equations'>
            <val val="{ &quot;obj := #getAndSet(java.lang.Object, java.lang.Object)#0 &amp; #getAndUpdate(java.lang.Object, java.util.function.UnaryOperator)#0 &amp; #updateAndGet(java.lang.Object, java.util.function.UnaryOperator)#0 &amp; #getAndAccumulate(java.lang.Object, java.lang.Object, java.util.function.BinaryOperator)#0 &amp; #accumulateAndGet(java.lang.Object, java.lang.Object, java.util.function.BinaryOperator)#0 &amp; AtomicReferenceFieldUpdater.AtomicReferenceFieldUpdaterImpl#get(java.lang.Object)#0&quot;, &quot;get := AtomicReferenceFieldUpdater.AtomicReferenceFieldUpdaterImpl#get(java.lang.Object)&quot; }"/>
        </annotation>
    </item>
    <item name='java.util.concurrent.atomic.AtomicReferenceFieldUpdater V getAndSet(T, V)'>
        <annotation name='com.intellij.inspections.tainted.annotation.equation.Equations'>
            <val val="{ &quot;newValue := AtomicReferenceFieldUpdater.AtomicReferenceFieldUpdaterImpl#getAndSet(java.lang.Object, java.lang.Object)#1&quot;, &quot;obj := AtomicReferenceFieldUpdater.AtomicReferenceFieldUpdaterImpl#getAndSet(java.lang.Object, java.lang.Object)#0&quot;, &quot;getAndSet := AtomicReferenceFieldUpdater.AtomicReferenceFieldUpdaterImpl#getAndSet(java.lang.Object, java.lang.Object)&quot; }"/>
        </annotation>
    </item>
    <item name='java.util.concurrent.atomic.AtomicReferenceFieldUpdater boolean compareAndSet(T, V, V)'>
        <annotation name='com.intellij.inspections.tainted.annotation.equation.Equations'>
            <val val="{ &quot;update := java.sql.SQLException#setNextException(java.sql.SQLException)#0 &amp; AtomicReferenceFieldUpdater.AtomicReferenceFieldUpdaterImpl#compareAndSet(java.lang.Object, java.lang.Object, java.lang.Object)#2&quot;, &quot;expect := java.io.BufferedInputStream &amp; AtomicReferenceFieldUpdater.AtomicReferenceFieldUpdaterImpl#compareAndSet(java.lang.Object, java.lang.Object, java.lang.Object)#1&quot;, &quot;obj := java.io.BufferedInputStream &amp; java.sql.SQLException &amp; AtomicReferenceFieldUpdater.AtomicReferenceFieldUpdaterImpl#compareAndSet(java.lang.Object, java.lang.Object, java.lang.Object)#0&quot; }"/>
        </annotation>
    </item>
    <item name='java.util.concurrent.atomic.AtomicReferenceFieldUpdater boolean weakCompareAndSet(T, V, V)'>
        <annotation name='com.intellij.inspections.tainted.annotation.equation.Equations'>
            <val val="{ &quot;expect := AtomicReferenceFieldUpdater.AtomicReferenceFieldUpdaterImpl#weakCompareAndSet(java.lang.Object, java.lang.Object, java.lang.Object)#1&quot;, &quot;obj := AtomicReferenceFieldUpdater.AtomicReferenceFieldUpdaterImpl#weakCompareAndSet(java.lang.Object, java.lang.Object, java.lang.Object)#0&quot;, &quot;update := AtomicReferenceFieldUpdater.AtomicReferenceFieldUpdaterImpl#weakCompareAndSet(java.lang.Object, java.lang.Object, java.lang.Object)#2&quot; }"/>
        </annotation>
    </item>
    <item name='java.util.concurrent.atomic.AtomicReferenceFieldUpdater void lazySet(T, V)'>
        <annotation name='com.intellij.inspections.tainted.annotation.equation.Equations'>
            <val val="{ &quot;obj := AtomicReferenceFieldUpdater.AtomicReferenceFieldUpdaterImpl#lazySet(java.lang.Object, java.lang.Object)#0&quot;, &quot;newValue := AtomicReferenceFieldUpdater.AtomicReferenceFieldUpdaterImpl#lazySet(java.lang.Object, java.lang.Object)#1&quot; }"/>
        </annotation>
    </item>
    <item name='java.util.concurrent.atomic.AtomicReferenceFieldUpdater void set(T, V)'>
        <annotation name='com.intellij.inspections.tainted.annotation.equation.Equations'>
            <val val="{ &quot;newValue := AtomicReferenceFieldUpdater.AtomicReferenceFieldUpdaterImpl#set(java.lang.Object, java.lang.Object)#1&quot;, &quot;obj := AtomicReferenceFieldUpdater.AtomicReferenceFieldUpdaterImpl#set(java.lang.Object, java.lang.Object)#0&quot; }"/>
        </annotation>
    </item>
    <item name='java.util.concurrent.atomic.AtomicReferenceFieldUpdater.AtomicReferenceFieldUpdaterImpl AtomicReferenceFieldUpdaterImpl(java.lang.Class&lt;T&gt;, java.lang.Class&lt;V&gt;, java.lang.String, java.lang.Class&lt;?&gt;)'>
        <annotation name='com.intellij.inspections.tainted.annotation.equation.Equations'>
            <val val="{ &quot;fieldName := AtomicReferenceFieldUpdater#newUpdater(java.lang.Class, java.lang.Class, java.lang.String)#2&quot;, &quot;vclass := AtomicReferenceFieldUpdater#newUpdater(java.lang.Class, java.lang.Class, java.lang.String)#1&quot;, &quot;tclass := AtomicReferenceFieldUpdater#newUpdater(java.lang.Class, java.lang.Class, java.lang.String)#0&quot;, &quot;AtomicReferenceFieldUpdaterImpl := AtomicReferenceFieldUpdater.AtomicReferenceFieldUpdaterImpl&quot; }"/>
        </annotation>
    </item>
    <item name='java.util.concurrent.atomic.AtomicReferenceFieldUpdater.AtomicReferenceFieldUpdaterImpl java.lang.String getPackageName(java.lang.Class&lt;?&gt;)'>
        <annotation name='com.intellij.inspections.tainted.annotation.equation.Equations'>
            <val val="{ &quot;cls := #isSamePackage(java.lang.Class, java.lang.Class)#0 &amp; #isSamePackage(java.lang.Class, java.lang.Class)#1&quot; }"/>
        </annotation>
    </item>
    <item name='java.util.concurrent.atomic.AtomicReferenceFieldUpdater.AtomicReferenceFieldUpdaterImpl void accessCheck(T)'>
        <annotation name='com.intellij.inspections.tainted.annotation.equation.Equations'>
            <val val="{ &quot;obj := #compareAndSet(java.lang.Object, java.lang.Object, java.lang.Object)#0 &amp; #weakCompareAndSet(java.lang.Object, java.lang.Object, java.lang.Object)#0 &amp; #set(java.lang.Object, java.lang.Object)#0 &amp; #lazySet(java.lang.Object, java.lang.Object)#0 &amp; #get(java.lang.Object)#0 &amp; #getAndSet(java.lang.Object, java.lang.Object)#0&quot; }"/>
        </annotation>
    </item>
    <item name='java.util.concurrent.atomic.AtomicReferenceFieldUpdater.AtomicReferenceFieldUpdaterImpl void throwAccessCheckException(T)'>
        <annotation name='com.intellij.inspections.tainted.annotation.equation.Equations'>
            <val val="{ &quot;obj := #accessCheck(java.lang.Object)#0&quot; }"/>
        </annotation>
    </item>
    <item name='java.util.concurrent.atomic.AtomicReferenceFieldUpdater.AtomicReferenceFieldUpdaterImpl void valueCheck(V)'>
        <annotation name='com.intellij.inspections.tainted.annotation.equation.Equations'>
            <val val="{ &quot;v := #compareAndSet(java.lang.Object, java.lang.Object, java.lang.Object)#2 &amp; #weakCompareAndSet(java.lang.Object, java.lang.Object, java.lang.Object)#2 &amp; #set(java.lang.Object, java.lang.Object)#1 &amp; #lazySet(java.lang.Object, java.lang.Object)#1 &amp; #getAndSet(java.lang.Object, java.lang.Object)#1&quot; }"/>
        </annotation>
    </item>
    <item name='java.util.concurrent.atomic.AtomicStampedReference'>
        <annotation name='com.intellij.inspections.tainted.annotation.equation.Equations'>
            <val val="{ &quot;AtomicStampedReference := &quot; }"/>
        </annotation>
    </item>
    <item name='java.util.concurrent.atomic.AtomicStampedReference AtomicStampedReference(V, int)'>
        <annotation name='com.intellij.inspections.tainted.annotation.equation.Equations'>
            <val val="{ &quot;AtomicStampedReference := AtomicStampedReference&quot; }"/>
        </annotation>
    </item>
    <item name='java.util.concurrent.atomic.AtomicStampedReference V getReference()'>
        <annotation name='com.intellij.inspections.tainted.annotation.equation.Equations'>
            <val val="{ &quot;getReference := AtomicStampedReference&quot; }"/>
        </annotation>
    </item>
    <item name='java.util.concurrent.atomic.AtomicStampedReference boolean casPair(java.util.concurrent.atomic.AtomicStampedReference.Pair&lt;V&gt;, java.util.concurrent.atomic.AtomicStampedReference.Pair&lt;V&gt;)'>
        <annotation name='com.intellij.inspections.tainted.annotation.equation.Equations'>
            <val val="{ &quot;cmp := AtomicStampedReference&quot;, &quot;val := &quot; }"/>
        </annotation>
    </item>
    <item name='java.util.concurrent.atomic.AtomicStampedReference boolean compareAndSet(V, V, int, int)'>
        <annotation name='com.intellij.inspections.tainted.annotation.equation.Equations'>
            <val val="{ &quot;newStamp := #weakCompareAndSet(java.lang.Object, java.lang.Object, int, int)#3&quot;, &quot;expectedReference := #weakCompareAndSet(java.lang.Object, java.lang.Object, int, int)#0&quot;, &quot;newReference := #weakCompareAndSet(java.lang.Object, java.lang.Object, int, int)#1&quot;, &quot;expectedStamp := #weakCompareAndSet(java.lang.Object, java.lang.Object, int, int)#2&quot; }"/>
        </annotation>
    </item>
    <item name='java.util.concurrent.atomic.AtomicStampedReference int getStamp()'>
        <annotation name='com.intellij.inspections.tainted.annotation.equation.Equations'>
            <val val="{ &quot;getStamp := AtomicStampedReference&quot; }"/>
        </annotation>
    </item>
    <item name='java.util.concurrent.atomic.AtomicStampedReference long objectFieldOffset(sun.misc.Unsafe, java.lang.String, java.lang.Class&lt;?&gt;)'>
        <annotation name='com.intellij.inspections.tainted.annotation.equation.Equations'>
            <val val="{ &quot;UNSAFE := #UNSAFE&quot; }"/>
        </annotation>
    </item>
    <item name='java.util.concurrent.atomic.AtomicStampedReference.Pair Pair(T, int)'>
        <annotation name='com.intellij.inspections.tainted.annotation.equation.Equations'>
            <val val="{ &quot;stamp := #of(java.lang.Object, int)#1&quot;, &quot;reference := #of(java.lang.Object, int)#0&quot;, &quot;Pair := AtomicStampedReference.Pair&quot; }"/>
        </annotation>
    </item>
    <item name='java.util.concurrent.atomic.AtomicStampedReference.Pair java.util.concurrent.atomic.AtomicStampedReference.Pair&lt;T&gt; of(T, int)'>
        <annotation name='com.intellij.inspections.tainted.annotation.equation.Equations'>
            <val val="{ &quot;stamp := AtomicStampedReference#AtomicStampedReference(java.lang.Object, int)#1 &amp; AtomicStampedReference#compareAndSet(java.lang.Object, java.lang.Object, int, int)#3 &amp; AtomicStampedReference#set(java.lang.Object, int)#1 &amp; AtomicStampedReference#attemptStamp(java.lang.Object, int)#1&quot;, &quot;reference := AtomicStampedReference#AtomicStampedReference(java.lang.Object, int)#0 &amp; AtomicStampedReference#compareAndSet(java.lang.Object, java.lang.Object, int, int)#1 &amp; AtomicStampedReference#set(java.lang.Object, int)#0 &amp; AtomicStampedReference#attemptStamp(java.lang.Object, int)#0&quot; }"/>
        </annotation>
    </item>
    <item name='java.util.concurrent.atomic.DoubleAccumulator'>
        <annotation name='com.intellij.inspections.tainted.annotation.equation.Equations'>
            <val val="{ &quot;DoubleAccumulator := DoubleAccumulator&quot; }"/>
        </annotation>
    </item>
    <item name='java.util.concurrent.atomic.DoubleAccumulator DoubleAccumulator(java.util.function.DoubleBinaryOperator, double)'>
        <annotation name='com.intellij.inspections.tainted.annotation.equation.Equations'>
            <val val="{ &quot;accumulatorFunction := DoubleAccumulator.SerializationProxy&quot;, &quot;DoubleAccumulator := DoubleAccumulator&quot; }"/>
        </annotation>
    </item>
    <item name='java.util.concurrent.atomic.DoubleAccumulator.SerializationProxy SerializationProxy(java.util.concurrent.atomic.DoubleAccumulator)'>
        <annotation name='com.intellij.inspections.tainted.annotation.equation.Equations'>
            <val val="{ &quot;SerializationProxy := DoubleAccumulator.SerializationProxy&quot;, &quot;a := DoubleAccumulator&quot; }"/>
        </annotation>
    </item>
    <item name='java.util.concurrent.atomic.DoubleAdder DoubleAdder()'>
        <annotation name='com.intellij.inspections.tainted.annotation.equation.Equations'>
            <val val="{ &quot;DoubleAdder := DoubleAdder&quot; }"/>
        </annotation>
    </item>
    <item name='java.util.concurrent.atomic.DoubleAdder.SerializationProxy SerializationProxy(java.util.concurrent.atomic.DoubleAdder)'>
        <annotation name='com.intellij.inspections.tainted.annotation.equation.Equations'>
            <val val="{ &quot;SerializationProxy := DoubleAdder.SerializationProxy&quot;, &quot;a := DoubleAdder&quot; }"/>
        </annotation>
    </item>
    <item name='java.util.concurrent.atomic.LongAccumulator'>
        <annotation name='com.intellij.inspections.tainted.annotation.equation.Equations'>
            <val val="{ &quot;LongAccumulator := LongAccumulator&quot; }"/>
        </annotation>
    </item>
    <item name='java.util.concurrent.atomic.LongAccumulator LongAccumulator(java.util.function.LongBinaryOperator, long)'>
        <annotation name='com.intellij.inspections.tainted.annotation.equation.Equations'>
            <val val="{ &quot;identity := LongAccumulator.SerializationProxy&quot;, &quot;accumulatorFunction := LongAccumulator.SerializationProxy&quot;, &quot;LongAccumulator := LongAccumulator&quot; }"/>
        </annotation>
    </item>
    <item name='java.util.concurrent.atomic.LongAccumulator long get()'>
        <annotation name='com.intellij.inspections.tainted.annotation.equation.Equations'>
            <val val="{ &quot;get := LongAccumulator&quot; }"/>
        </annotation>
    </item>
    <item name='java.util.concurrent.atomic.LongAccumulator long getThenReset()'>
        <annotation name='com.intellij.inspections.tainted.annotation.equation.Equations'>
            <val val="{ &quot;getThenReset := LongAccumulator&quot; }"/>
        </annotation>
    </item>
    <item name='java.util.concurrent.atomic.LongAccumulator.SerializationProxy SerializationProxy(java.util.concurrent.atomic.LongAccumulator)'>
        <annotation name='com.intellij.inspections.tainted.annotation.equation.Equations'>
            <val val="{ &quot;a := LongAccumulator&quot;, &quot;SerializationProxy := LongAccumulator.SerializationProxy&quot; }"/>
        </annotation>
    </item>
    <item name='java.util.concurrent.atomic.LongAdder LongAdder()'>
        <annotation name='com.intellij.inspections.tainted.annotation.equation.Equations'>
            <val val="{ &quot;LongAdder := LongAdder&quot; }"/>
        </annotation>
    </item>
    <item name='java.util.concurrent.atomic.LongAdder long sum()'>
        <annotation name='com.intellij.inspections.tainted.annotation.equation.Equations'>
            <val val="{ &quot;sum := LongAdder&quot; }"/>
        </annotation>
    </item>
    <item name='java.util.concurrent.atomic.LongAdder long sumThenReset()'>
        <annotation name='com.intellij.inspections.tainted.annotation.equation.Equations'>
            <val val="{ &quot;sumThenReset := LongAdder&quot; }"/>
        </annotation>
    </item>
    <item name='java.util.concurrent.atomic.LongAdder.SerializationProxy SerializationProxy(java.util.concurrent.atomic.LongAdder)'>
        <annotation name='com.intellij.inspections.tainted.annotation.equation.Equations'>
            <val val="{ &quot;SerializationProxy := LongAdder.SerializationProxy&quot;, &quot;a := LongAdder&quot; }"/>
        </annotation>
    </item>
    <item name='java.util.concurrent.atomic.Striped64'>
        <annotation name='com.intellij.inspections.tainted.annotation.equation.Equations'>
            <val val="{ &quot;Striped64 := DoubleAdder &amp; DoubleAccumulator &amp; LongAccumulator &amp; LongAdder&quot; }"/>
        </annotation>
    </item>
    <item name='java.util.concurrent.atomic.Striped64 Striped64()'>
        <annotation name='com.intellij.inspections.tainted.annotation.equation.Equations'>
            <val val="{ &quot;Striped64 := Striped64&quot; }"/>
        </annotation>
    </item>
    <item name='java.util.concurrent.atomic.Striped64 boolean casBase(long, long)'>
        <annotation name='com.intellij.inspections.tainted.annotation.equation.Equations'>
            <val val="{ &quot;val := Striped64 &amp; #longAccumulate(long, java.util.function.LongBinaryOperator, boolean)#0&quot;, &quot;cmp := Striped64&quot; }"/>
        </annotation>
    </item>
    <item name='java.util.concurrent.atomic.Striped64 int advanceProbe(int)'>
        <annotation name='com.intellij.inspections.tainted.annotation.equation.Equations'>
            <val val="{ &quot;advanceProbe := probe&quot; }"/>
        </annotation>
    </item>
    <item name='java.util.concurrent.atomic.Striped64 void doubleAccumulate(double, java.util.function.DoubleBinaryOperator, boolean)'>
        <annotation name='com.intellij.inspections.tainted.annotation.equation.Equations'>
            <val val="{ &quot;x := DoubleAdder#add(double)#0 &amp; DoubleAccumulator#accumulate(double)#0&quot;, &quot;fn := DoubleAccumulator&quot; }"/>
        </annotation>
    </item>
    <item name='java.util.concurrent.atomic.Striped64 void longAccumulate(long, java.util.function.LongBinaryOperator, boolean)'>
        <annotation name='com.intellij.inspections.tainted.annotation.equation.Equations'>
            <val val="{ &quot;fn := LongAccumulator&quot;, &quot;x := LongAdder#add(long)#0 &amp; LongAccumulator#accumulate(long)#0&quot; }"/>
        </annotation>
    </item>
    <item name='java.util.concurrent.atomic.Striped64.Cell Cell(long)'>
        <annotation name='com.intellij.inspections.tainted.annotation.equation.Equations'>
            <val val="{ &quot;Cell := Striped64.Cell&quot;, &quot;x := Striped64#longAccumulate(long, java.util.function.LongBinaryOperator, boolean)#0&quot; }"/>
        </annotation>
    </item>
    <item name='java.util.concurrent.atomic.Striped64.Cell boolean cas(long, long)'>
        <annotation name='com.intellij.inspections.tainted.annotation.equation.Equations'>
            <val val="{ &quot;val := Striped64 &amp; Striped64#longAccumulate(long, java.util.function.LongBinaryOperator, boolean)#0&quot; }"/>
        </annotation>
    </item>
</root>