<root>
    <item name='com.sun.org.apache.xpath.internal.res.XPATHErrorResources java.lang.Object[][] getContents()'>
        <annotation name='com.intellij.inspections.tainted.annotation.equation.Equations'>
            <val val="{ &quot;getContents := #_contents&quot; }"/>
        </annotation>
    </item>
    <item name='com.sun.org.apache.xpath.internal.res.XPATHErrorResources_de java.lang.Object[][] getContents()'>
        <annotation name='com.intellij.inspections.tainted.annotation.equation.Equations'>
            <val val="{ &quot;getContents := #_contents&quot; }"/>
        </annotation>
    </item>
    <item name='com.sun.org.apache.xpath.internal.res.XPATHErrorResources_es java.lang.Object[][] getContents()'>
        <annotation name='com.intellij.inspections.tainted.annotation.equation.Equations'>
            <val val="{ &quot;getContents := #_contents&quot; }"/>
        </annotation>
    </item>
    <item name='com.sun.org.apache.xpath.internal.res.XPATHErrorResources_fr java.lang.Object[][] getContents()'>
        <annotation name='com.intellij.inspections.tainted.annotation.equation.Equations'>
            <val val="{ &quot;getContents := #_contents&quot; }"/>
        </annotation>
    </item>
    <item name='com.sun.org.apache.xpath.internal.res.XPATHErrorResources_it java.lang.Object[][] getContents()'>
        <annotation name='com.intellij.inspections.tainted.annotation.equation.Equations'>
            <val val="{ &quot;getContents := #_contents&quot; }"/>
        </annotation>
    </item>
    <item name='com.sun.org.apache.xpath.internal.res.XPATHErrorResources_ja java.lang.Object[][] getContents()'>
        <annotation name='com.intellij.inspections.tainted.annotation.equation.Equations'>
            <val val="{ &quot;getContents := #_contents&quot; }"/>
        </annotation>
    </item>
    <item name='com.sun.org.apache.xpath.internal.res.XPATHErrorResources_ko java.lang.Object[][] getContents()'>
        <annotation name='com.intellij.inspections.tainted.annotation.equation.Equations'>
            <val val="{ &quot;getContents := #_contents&quot; }"/>
        </annotation>
    </item>
    <item name='com.sun.org.apache.xpath.internal.res.XPATHErrorResources_pt_BR java.lang.Object[][] getContents()'>
        <annotation name='com.intellij.inspections.tainted.annotation.equation.Equations'>
            <val val="{ &quot;getContents := #_contents&quot; }"/>
        </annotation>
    </item>
    <item name='com.sun.org.apache.xpath.internal.res.XPATHErrorResources_sv java.lang.Object[][] getContents()'>
        <annotation name='com.intellij.inspections.tainted.annotation.equation.Equations'>
            <val val="{ &quot;getContents := #_contents&quot; }"/>
        </annotation>
    </item>
    <item name='com.sun.org.apache.xpath.internal.res.XPATHErrorResources_zh_CN java.lang.Object[][] getContents()'>
        <annotation name='com.intellij.inspections.tainted.annotation.equation.Equations'>
            <val val="{ &quot;getContents := #_contents&quot; }"/>
        </annotation>
    </item>
    <item name='com.sun.org.apache.xpath.internal.res.XPATHErrorResources_zh_TW java.lang.Object[][] getContents()'>
        <annotation name='com.intellij.inspections.tainted.annotation.equation.Equations'>
            <val val="{ &quot;getContents := #_contents&quot; }"/>
        </annotation>
    </item>
    <item name='com.sun.org.apache.xpath.internal.res.XPATHMessages'>
        <annotation name='com.intellij.inspections.tainted.annotation.equation.Equations'>
            <val val="{ &quot;XPATHMessages := com.sun.org.apache.xalan.internal.res.XSLMessages&quot; }"/>
        </annotation>
    </item>
    <item name='com.sun.org.apache.xpath.internal.res.XPATHMessages java.lang.String createXPATHMessage(java.lang.String, java.lang.Object[])'>
        <annotation name='com.intellij.inspections.tainted.annotation.equation.Equations'>
            <val val="{ &quot;msgKey := XPATHErrorResources#ER_XPATH_ERROR &amp; XPATHErrorResources#ER_INCORRECT_PROGRAMMER_ASSERTION &amp; com.sun.org.apache.xpath.internal.XPath#error(com.sun.org.apache.xpath.internal.XPathContext, int, java.lang.String, java.lang.Object[])#2 &amp; XPATHErrorResources#ER_COULD_NOT_FIND_VAR &amp; XPATHErrorResources#ER_ARG_CANNOT_BE_NULL &amp; XPATHErrorResources#ER_OBJECT_MODEL_NULL &amp; XPATHErrorResources#ER_OBJECT_MODEL_EMPTY &amp; XPATHErrorResources#ER_RESOLVE_VARIABLE_RETURNS_NULL &amp; XPATHErrorResources#ER_FEATURE_NAME_NULL &amp; XPATHErrorResources#ER_SECUREPROCESSING_FEATURE &amp; XPATHErrorResources#ER_FEATURE_UNKNOWN &amp; XPATHErrorResources#ER_GETTING_NULL_FEATURE &amp; XPATHErrorResources#ER_GETTING_UNKNOWN_FEATURE &amp; XPATHErrorResources#ER_NULL_XPATH_FUNCTION_RESOLVER &amp; XPATHErrorResources#ER_NULL_XPATH_VARIABLE_RESOLVER &amp; XPATHErrorResources#ER_UNSUPPORTED_RETURN_TYPE &amp; XPATHErrorResources#ER_EXTENSION_FUNCTION_CANNOT_BE_INVOKED &amp; XPATHErrorResources#ER_SOURCE_RETURN_TYPE_CANNOT_BE_NULL &amp; XPATHErrorResources#ER_NULL_RESOLVER &amp; XPATHErrorResources#ER_INVALID_XPATH_TYPE &amp; XPATHErrorResources#ER_EMPTY_XPATH_RESULT &amp; XPATHErrorResources#ER_INCOMPATIBLE_TYPES &amp; XPATHErrorResources#ER_CANT_CONVERT_XPATHRESULTTYPE_TO_NUMBER &amp; XPATHErrorResources#ER_CANT_CONVERT_TO_STRING &amp; XPATHErrorResources#ER_CANT_CONVERT_TO_BOOLEAN &amp; XPATHErrorResources#ER_CANT_CONVERT_TO_SINGLENODE &amp; XPATHErrorResources#ER_CANT_GET_SNAPSHOT_LENGTH &amp; XPATHErrorResources#ER_NON_ITERATOR_TYPE &amp; XPATHErrorResources#ER_DOC_MUTATED &amp; XPATHErrorResources#ER_NON_SNAPSHOT_TYPE &amp; XPATHErrorResources#ER_WRONG_DOCUMENT &amp; XPATHErrorResources#ER_WRONG_NODETYPE &amp; com.sun.org.apache.xpath.internal.objects.XObject#error(java.lang.String, java.lang.Object[])#0 &amp; com.sun.org.apache.xpath.internal.compiler.OpMap#error(java.lang.String, java.lang.Object[])#0 &amp; XPATHErrorResources#ER_ONLY_ALLOWS &amp; com.sun.org.apache.xpath.internal.compiler.Compiler#error(java.lang.String, java.lang.Object[])#0 &amp; com.sun.org.apache.xpath.internal.compiler.XPathParser#error(java.lang.String, java.lang.Object[])#0 &amp; com.sun.org.apache.xpath.internal.compiler.XPathParser#errorForDOM3(java.lang.String, java.lang.Object[])#0 &amp; com.sun.org.apache.xpath.internal.Expression#error(com.sun.org.apache.xpath.internal.XPathContext, java.lang.String, java.lang.Object[])#1&quot;, &quot;args := com.sun.org.apache.xpath.internal.XPath#assertion(boolean, java.lang.String)#1 &amp; com.sun.org.apache.xpath.internal.XPath#error(com.sun.org.apache.xpath.internal.XPathContext, int, java.lang.String, java.lang.Object[])#3 &amp; com.sun.org.apache.xpath.internal.compiler.XPathParser#assertion(boolean, java.lang.String)#1 &amp; com.sun.org.apache.xpath.internal.jaxp.XPathFactoryImpl#CLASS_NAME &amp; com.sun.org.apache.xpath.internal.jaxp.XPathFactoryImpl#setFeature(java.lang.String, boolean)#0 &amp; com.sun.org.apache.xpath.internal.jaxp.XPathFactoryImpl#getFeature(java.lang.String)#0 &amp; com.sun.org.apache.xpath.internal.objects.XObject#error(java.lang.String, java.lang.Object[])#1 &amp; com.sun.org.apache.xpath.internal.compiler.OpMap#error(java.lang.String, java.lang.Object[])#1 &amp; com.sun.org.apache.xpath.internal.compiler.Compiler#assertion(boolean, java.lang.String)#1 &amp; com.sun.org.apache.xpath.internal.compiler.Compiler#error(java.lang.String, java.lang.Object[])#1 &amp; com.sun.org.apache.xpath.internal.compiler.XPathParser#error(java.lang.String, java.lang.Object[])#1 &amp; com.sun.org.apache.xpath.internal.compiler.XPathParser#errorForDOM3(java.lang.String, java.lang.Object[])#1 &amp; com.sun.org.apache.xpath.internal.Expression#assertion(boolean, java.lang.String)#1 &amp; com.sun.org.apache.xpath.internal.Expression#error(com.sun.org.apache.xpath.internal.XPathContext, java.lang.String, java.lang.Object[])#2&quot; }"/>
        </annotation>
    </item>
    <item name='com.sun.org.apache.xpath.internal.res.XPATHMessages java.lang.String createXPATHMsg(java.util.ListResourceBundle, java.lang.String, java.lang.Object[])'>
        <annotation name='com.intellij.inspections.tainted.annotation.equation.Equations'>
            <val val="{ &quot;args := #createXPATHMessage(java.lang.String, java.lang.Object[])#1 &amp; #createXPATHWarning(java.lang.String, java.lang.Object[])#1&quot;, &quot;msgKey := #createXPATHMessage(java.lang.String, java.lang.Object[])#0 &amp; #createXPATHWarning(java.lang.String, java.lang.Object[])#0&quot;, &quot;fResourceBundle := XPATHMessages&quot; }"/>
        </annotation>
    </item>
    <item name='com.sun.org.apache.xpath.internal.res.XPATHMessages java.lang.String createXPATHWarning(java.lang.String, java.lang.Object[])'>
        <annotation name='com.intellij.inspections.tainted.annotation.equation.Equations'>
            <val val="{ &quot;msgKey := com.sun.org.apache.xpath.internal.XPath#warn(com.sun.org.apache.xpath.internal.XPathContext, int, java.lang.String, java.lang.Object[])#2 &amp; com.sun.org.apache.xpath.internal.compiler.XPathParser#warn(java.lang.String, java.lang.Object[])#0 &amp; com.sun.org.apache.xpath.internal.compiler.Compiler#warn(java.lang.String, java.lang.Object[])#0 &amp; com.sun.org.apache.xpath.internal.Expression#warn(com.sun.org.apache.xpath.internal.XPathContext, java.lang.String, java.lang.Object[])#1&quot;, &quot;args := com.sun.org.apache.xpath.internal.XPath#warn(com.sun.org.apache.xpath.internal.XPathContext, int, java.lang.String, java.lang.Object[])#3 &amp; com.sun.org.apache.xpath.internal.compiler.XPathParser#warn(java.lang.String, java.lang.Object[])#1 &amp; com.sun.org.apache.xpath.internal.compiler.Compiler#warn(java.lang.String, java.lang.Object[])#1 &amp; com.sun.org.apache.xpath.internal.Expression#warn(com.sun.org.apache.xpath.internal.XPathContext, java.lang.String, java.lang.Object[])#2&quot; }"/>
        </annotation>
    </item>
</root>