<root>
    <item name='javax.swing.filechooser.FileFilter boolean accept(java.io.File)'>
        <annotation name='com.intellij.inspections.tainted.annotation.equation.Equations'>
            <val val="{ &quot;f := javax.swing.plaf.basic.BasicFileChooserUI.GlobFilter#accept(java.io.File)#0 &amp; javax.swing.plaf.basic.BasicFileChooserUI.AcceptAllFileFilter#accept(java.io.File)#0 &amp; FileNameExtensionFilter#accept(java.io.File)#0 &amp; javax.swing.JFileChooser &amp; sun.swing.plaf.synth.SynthFileChooserUI.GlobFilter#accept(java.io.File)#0&quot; }"/>
        </annotation>
    </item>
    <item name='javax.swing.filechooser.FileFilter java.lang.String getDescription()'>
        <annotation name='com.intellij.inspections.tainted.annotation.equation.Equations'>
            <val val="{ &quot;getDescription := javax.swing.plaf.basic.BasicFileChooserUI.GlobFilter#getDescription() &amp; javax.swing.plaf.basic.BasicFileChooserUI.AcceptAllFileFilter#getDescription() &amp; FileNameExtensionFilter#getDescription() &amp; sun.swing.plaf.synth.SynthFileChooserUI.GlobFilter#getDescription()&quot; }"/>
        </annotation>
    </item>
    <item name='javax.swing.filechooser.FileNameExtensionFilter FileNameExtensionFilter(java.lang.String, java.lang.String...)'>
        <annotation name='com.intellij.inspections.tainted.annotation.equation.Equations'>
            <val val="{ &quot;FileNameExtensionFilter := FileNameExtensionFilter&quot; }"/>
        </annotation>
    </item>
    <item name='javax.swing.filechooser.FileNameExtensionFilter java.lang.String getDescription()'>
        <annotation name='com.intellij.inspections.tainted.annotation.equation.Equations'>
            <val val="{ &quot;getDescription := FileNameExtensionFilter&quot; }"/>
        </annotation>
    </item>
    <item name='javax.swing.filechooser.FileSystemView FileSystemView()'>
        <annotation name='com.intellij.inspections.tainted.annotation.equation.Equations'>
            <val val="{ &quot;FileSystemView := FileSystemView&quot; }"/>
        </annotation>
    </item>
    <item name='javax.swing.filechooser.FileSystemView boolean isComputerNode(java.io.File)'>
        <annotation name='com.intellij.inspections.tainted.annotation.equation.Equations'>
            <val val="{ &quot;dir := javax.swing.plaf.basic.BasicFileChooserUI.BasicFileView#getIcon(java.io.File)#0 &amp; UnixFileSystemView#isComputerNode(java.io.File)#0&quot; }"/>
        </annotation>
    </item>
    <item name='javax.swing.filechooser.FileSystemView boolean isDrive(java.io.File)'>
        <annotation name='com.intellij.inspections.tainted.annotation.equation.Equations'>
            <val val="{ &quot;dir := javax.swing.plaf.basic.BasicFileChooserUI.BasicFileView#getIcon(java.io.File)#0 &amp; UnixFileSystemView#isDrive(java.io.File)#0 &amp; WindowsFileSystemView#isDrive(java.io.File)#0&quot; }"/>
        </annotation>
    </item>
    <item name='javax.swing.filechooser.FileSystemView boolean isFileSystem(java.io.File)'>
        <annotation name='com.intellij.inspections.tainted.annotation.equation.Equations'>
            <val val="{ &quot;f := javax.swing.plaf.basic.BasicFileChooserUI#changeDirectory(java.io.File)#0 &amp; WindowsFileSystemView#getChild(java.io.File, java.lang.String)#0&quot; }"/>
        </annotation>
    </item>
    <item name='javax.swing.filechooser.FileSystemView boolean isFileSystemRoot(java.io.File)'>
        <annotation name='com.intellij.inspections.tainted.annotation.equation.Equations'>
            <val val="{ &quot;dir := UnixFileSystemView#isFileSystemRoot(java.io.File)#0&quot; }"/>
        </annotation>
    </item>
    <item name='javax.swing.filechooser.FileSystemView boolean isFloppyDrive(java.io.File)'>
        <annotation name='com.intellij.inspections.tainted.annotation.equation.Equations'>
            <val val="{ &quot;dir := UnixFileSystemView#isFloppyDrive(java.io.File)#0 &amp; WindowsFileSystemView#isFloppyDrive(java.io.File)#0&quot; }"/>
        </annotation>
    </item>
    <item name='javax.swing.filechooser.FileSystemView boolean isParent(java.io.File, java.io.File)'>
        <annotation name='com.intellij.inspections.tainted.annotation.equation.Equations'>
            <val val="{ &quot;file := &quot;, &quot;folder := &quot; }"/>
        </annotation>
    </item>
    <item name='javax.swing.filechooser.FileSystemView boolean isRoot(java.io.File)'>
        <annotation name='com.intellij.inspections.tainted.annotation.equation.Equations'>
            <val val="{ &quot;f := &quot; }"/>
        </annotation>
    </item>
    <item name='javax.swing.filechooser.FileSystemView java.io.File createFileObject(java.io.File, java.lang.String)'>
        <annotation name='com.intellij.inspections.tainted.annotation.equation.Equations'>
            <val val="{ &quot;dir := #getChild(java.io.File, java.lang.String)#0 &amp; UnixFileSystemView#createNewFolder(java.io.File)#0 &amp; WindowsFileSystemView#createNewFolder(java.io.File)#0 &amp; GenericFileSystemView#createNewFolder(java.io.File)#0&quot;, &quot;filename := #getChild(java.io.File, java.lang.String)#1 &amp; UnixFileSystemView#newFolderString &amp; WindowsFileSystemView#newFolderString &amp; GenericFileSystemView#newFolderString&quot; }"/>
        </annotation>
    </item>
    <item name='javax.swing.filechooser.FileSystemView java.io.File createFileObject(java.lang.String)'>
        <annotation name='com.intellij.inspections.tainted.annotation.equation.Equations'>
            <val val="{ &quot;path := WindowsFileSystemView#createFileObject(java.lang.String)#0 &amp; javax.swing.JFileChooser#JFileChooser(java.lang.String, javax.swing.filechooser.FileSystemView)#0&quot;, &quot;createFileObject := WindowsFileSystemView#createFileObject(java.lang.String)&quot; }"/>
        </annotation>
    </item>
    <item name='javax.swing.filechooser.FileSystemView java.io.File createFileSystemRoot(java.io.File)'>
        <annotation name='com.intellij.inspections.tainted.annotation.equation.Equations'>
            <val val="{ &quot;createFileSystemRoot := WindowsFileSystemView#createFileSystemRoot(java.io.File)&quot;, &quot;f := WindowsFileSystemView#createFileSystemRoot(java.io.File)#0&quot; }"/>
        </annotation>
    </item>
    <item name='javax.swing.filechooser.FileSystemView java.io.File createNewFolder(java.io.File)'>
        <annotation name='com.intellij.inspections.tainted.annotation.equation.Equations'>
            <val val="{ &quot;createNewFolder := UnixFileSystemView#createNewFolder(java.io.File) &amp; WindowsFileSystemView#createNewFolder(java.io.File) &amp; GenericFileSystemView#createNewFolder(java.io.File)&quot;, &quot;containingDir := UnixFileSystemView#createNewFolder(java.io.File)#0 &amp; WindowsFileSystemView#createNewFolder(java.io.File)#0 &amp; GenericFileSystemView#createNewFolder(java.io.File)#0&quot; }"/>
        </annotation>
    </item>
    <item name='javax.swing.filechooser.FileSystemView java.io.File getChild(java.io.File, java.lang.String)'>
        <annotation name='com.intellij.inspections.tainted.annotation.equation.Equations'>
            <val val="{ &quot;fileName := WindowsFileSystemView#getChild(java.io.File, java.lang.String)#1&quot;, &quot;getChild := WindowsFileSystemView#getChild(java.io.File, java.lang.String)&quot;, &quot;parent := WindowsFileSystemView#getChild(java.io.File, java.lang.String)#0&quot; }"/>
        </annotation>
    </item>
    <item name='javax.swing.filechooser.FileSystemView java.io.File getHomeDirectory()'>
        <annotation name='com.intellij.inspections.tainted.annotation.equation.Equations'>
            <val val="{ &quot;getHomeDirectory := WindowsFileSystemView#getHomeDirectory()&quot; }"/>
        </annotation>
    </item>
    <item name='javax.swing.filechooser.FileSystemView java.io.File getParentDirectory(java.io.File)'>
        <annotation name='com.intellij.inspections.tainted.annotation.equation.Equations'>
            <val val="{ &quot;dir := javax.swing.JFileChooser#setCurrentDirectory(java.io.File)#0 &amp; javax.swing.JFileChooser&quot; }"/>
        </annotation>
    </item>
    <item name='javax.swing.filechooser.FileSystemView java.io.File[] getFiles(java.io.File, boolean)'>
        <annotation name='com.intellij.inspections.tainted.annotation.equation.Equations'>
            <val val="{ &quot;dir := javax.swing.plaf.basic.BasicDirectoryModel.LoadFilesThread &amp; #isParent(java.io.File, java.io.File)#0 &amp; #getChild(java.io.File, java.lang.String)#0&quot; }"/>
        </annotation>
    </item>
    <item name='javax.swing.filechooser.FileSystemView java.lang.Boolean isTraversable(java.io.File)'>
        <annotation name='com.intellij.inspections.tainted.annotation.equation.Equations'>
            <val val="{ &quot;isTraversable := WindowsFileSystemView#isTraversable(java.io.File)&quot;, &quot;f := WindowsFileSystemView#isTraversable(java.io.File)#0&quot; }"/>
        </annotation>
    </item>
    <item name='javax.swing.filechooser.FileSystemView java.lang.String getSystemDisplayName(java.io.File)'>
        <annotation name='com.intellij.inspections.tainted.annotation.equation.Equations'>
            <val val="{ &quot;f := sun.swing.WindowsPlacesBar &amp; javax.swing.plaf.basic.BasicFileChooserUI.BasicFileView#getName(java.io.File)#0 &amp; sun.swing.WindowsPlacesBar&quot; }"/>
        </annotation>
    </item>
    <item name='javax.swing.filechooser.FileSystemView java.lang.String getSystemTypeDescription(java.io.File)'>
        <annotation name='com.intellij.inspections.tainted.annotation.equation.Equations'>
            <val val="{ &quot;getSystemTypeDescription := WindowsFileSystemView#getSystemTypeDescription(java.io.File)&quot;, &quot;f := javax.swing.plaf.basic.BasicFileChooserUI.BasicFileView#getTypeDescription(java.io.File)#0 &amp; WindowsFileSystemView#getSystemTypeDescription(java.io.File)#0&quot; }"/>
        </annotation>
    </item>
    <item name='javax.swing.filechooser.FileSystemView javax.swing.Icon getSystemIcon(java.io.File)'>
        <annotation name='com.intellij.inspections.tainted.annotation.equation.Equations'>
            <val val="{ &quot;f := sun.swing.WindowsPlacesBar &amp; com.sun.java.swing.plaf.windows.WindowsFileChooserUI.WindowsFileView#getIcon(java.io.File)#0 &amp; sun.swing.WindowsPlacesBar&quot; }"/>
        </annotation>
    </item>
    <item name='javax.swing.filechooser.FileSystemView javax.swing.filechooser.FileSystemView getFileSystemView()'>
        <annotation name='com.intellij.inspections.tainted.annotation.equation.Equations'>
            <val val="{ &quot;getFileSystemView := FileSystemView&quot; }"/>
        </annotation>
    </item>
    <item name='javax.swing.filechooser.FileSystemView sun.awt.shell.ShellFolder getShellFolder(java.io.File)'>
        <annotation name='com.intellij.inspections.tainted.annotation.equation.Equations'>
            <val val="{ &quot;f := #getSystemIcon(java.io.File)#0 &amp; #getFiles(java.io.File, boolean)#0 &amp; #getParentDirectory(java.io.File)#0&quot; }"/>
        </annotation>
    </item>
    <item name='javax.swing.filechooser.FileSystemView.FileSystemRoot FileSystemRoot(java.io.File)'>
        <annotation name='com.intellij.inspections.tainted.annotation.equation.Equations'>
            <val val="{ &quot;f := FileSystemView#createFileSystemRoot(java.io.File)#0 &amp; WindowsFileSystemView#createFileSystemRoot(java.io.File)#0&quot;, &quot;FileSystemRoot := FileSystemView.FileSystemRoot&quot; }"/>
        </annotation>
    </item>
    <item name='javax.swing.filechooser.FileSystemView.FileSystemRoot FileSystemRoot(java.lang.String)'>
        <annotation name='com.intellij.inspections.tainted.annotation.equation.Equations'>
            <val val="{ &quot;FileSystemRoot := FileSystemView.FileSystemRoot&quot; }"/>
        </annotation>
    </item>
    <item name='javax.swing.filechooser.FileView java.lang.String getDescription(java.io.File)'>
        <annotation name='com.intellij.inspections.tainted.annotation.equation.Equations'>
            <val val="{ &quot;getDescription := javax.swing.plaf.basic.BasicFileChooserUI.BasicFileView#getDescription(java.io.File)&quot;, &quot;f := javax.swing.plaf.basic.BasicFileChooserUI.BasicFileView#getDescription(java.io.File)#0 &amp; javax.swing.JFileChooser#getDescription(java.io.File)#0&quot; }"/>
        </annotation>
    </item>
    <item name='javax.swing.filechooser.FileView java.lang.String getName(java.io.File)'>
        <annotation name='com.intellij.inspections.tainted.annotation.equation.Equations'>
            <val val="{ &quot;f := javax.swing.plaf.basic.BasicFileChooserUI.BasicFileView#getName(java.io.File)#0&quot;, &quot;getName := javax.swing.plaf.basic.BasicFileChooserUI.BasicFileView#getName(java.io.File)&quot; }"/>
        </annotation>
    </item>
    <item name='javax.swing.filechooser.FileView java.lang.String getTypeDescription(java.io.File)'>
        <annotation name='com.intellij.inspections.tainted.annotation.equation.Equations'>
            <val val="{ &quot;getTypeDescription := javax.swing.plaf.basic.BasicFileChooserUI.BasicFileView#getTypeDescription(java.io.File)&quot;, &quot;f := javax.swing.plaf.basic.BasicFileChooserUI.BasicFileView#getTypeDescription(java.io.File)#0 &amp; javax.swing.JFileChooser#getTypeDescription(java.io.File)#0&quot; }"/>
        </annotation>
    </item>
    <item name='javax.swing.filechooser.FileView javax.swing.Icon getIcon(java.io.File)'>
        <annotation name='com.intellij.inspections.tainted.annotation.equation.Equations'>
            <val val="{ &quot;f := javax.swing.plaf.basic.BasicFileChooserUI.BasicFileView#getIcon(java.io.File)#0&quot;, &quot;getIcon := javax.swing.plaf.basic.BasicFileChooserUI.BasicFileView#getIcon(java.io.File)&quot; }"/>
        </annotation>
    </item>
    <item name='javax.swing.filechooser.UnixFileSystemView boolean isFloppyDrive(java.io.File)'>
        <annotation name='com.intellij.inspections.tainted.annotation.equation.Equations'>
            <val val="{ &quot;dir := #isDrive(java.io.File)#0&quot; }"/>
        </annotation>
    </item>
    <item name='javax.swing.filechooser.WindowsFileSystemView java.io.File createFileObject(java.lang.String)'>
        <annotation name='com.intellij.inspections.tainted.annotation.equation.Equations'>
            <val val="{ &quot;path := #getChild(java.io.File, java.lang.String)#1&quot; }"/>
        </annotation>
    </item>
</root>