<root>
    <item name='sun.text.normalizer.ICUBinary.Authenticate boolean isDataVersionAcceptable(byte[])'>
        <annotation name='com.intellij.inspections.tainted.annotation.equation.Equations'>
            <val val="{ &quot;isDataVersionAcceptable := UCharacterPropertyReader#isDataVersionAcceptable(byte[]) &amp; sun.net.idn.StringPrepDataReader#isDataVersionAcceptable(byte[]) &amp; NormalizerDataReader#isDataVersionAcceptable(byte[]) &amp; UBiDiProps.IsAcceptable#isDataVersionAcceptable(byte[])&quot; }"/>
        </annotation>
    </item>
    <item name='sun.text.normalizer.RangeValueIterator boolean next(sun.text.normalizer.RangeValueIterator.Element)'>
        <annotation name='com.intellij.inspections.tainted.annotation.equation.Equations'>
            <val val="{ &quot;next := TrieIterator#next(sun.text.normalizer.RangeValueIterator.Element)&quot; }"/>
        </annotation>
    </item>
    <item name='sun.text.normalizer.Replaceable char charAt(int)'>
        <annotation name='com.intellij.inspections.tainted.annotation.equation.Equations'>
            <val val="{ &quot;charAt := ReplaceableString#charAt(int)&quot; }"/>
        </annotation>
    </item>
    <item name='sun.text.normalizer.Replaceable int length()'>
        <annotation name='com.intellij.inspections.tainted.annotation.equation.Equations'>
            <val val="{ &quot;length := ReplaceableString#length()&quot; }"/>
        </annotation>
    </item>
    <item name='sun.text.normalizer.Trie int getInitialValue()'>
        <annotation name='com.intellij.inspections.tainted.annotation.equation.Equations'>
            <val val="{ &quot;getInitialValue := IntTrie#getInitialValue() &amp; CharTrie#getInitialValue()&quot; }"/>
        </annotation>
    </item>
    <item name='sun.text.normalizer.Trie int getSurrogateOffset(char, char)'>
        <annotation name='com.intellij.inspections.tainted.annotation.equation.Equations'>
            <val val="{ &quot;getSurrogateOffset := IntTrie#getSurrogateOffset(char, char) &amp; CharTrie#getSurrogateOffset(char, char)&quot; }"/>
        </annotation>
    </item>
    <item name='sun.text.normalizer.Trie int getValue(int)'>
        <annotation name='com.intellij.inspections.tainted.annotation.equation.Equations'>
            <val val="{ &quot;getValue := IntTrie#getValue(int) &amp; CharTrie#getValue(int)&quot; }"/>
        </annotation>
    </item>
    <item name='sun.text.normalizer.Trie.DataManipulate int getFoldingOffset(int)'>
        <annotation name='com.intellij.inspections.tainted.annotation.equation.Equations'>
            <val val="{ &quot;getFoldingOffset := NormalizerImpl.AuxTrieImpl#getFoldingOffset(int) &amp; NormalizerImpl.FCDTrieImpl#getFoldingOffset(int) &amp; NormalizerImpl.NormTrieImpl#getFoldingOffset(int) &amp; sun.net.idn.StringPrep.StringPrepTrieImpl#getFoldingOffset(int)&quot; }"/>
        </annotation>
    </item>
    <item name='sun.text.normalizer.UCharacterIterator int current()'>
        <annotation name='com.intellij.inspections.tainted.annotation.equation.Equations'>
            <val val="{ &quot;current := CharacterIteratorWrapper#current() &amp; ReplaceableUCharacterIterator#current()&quot; }"/>
        </annotation>
    </item>
    <item name='sun.text.normalizer.UCharacterIterator int getIndex()'>
        <annotation name='com.intellij.inspections.tainted.annotation.equation.Equations'>
            <val val="{ &quot;getIndex := ReplaceableUCharacterIterator#getIndex() &amp; CharacterIteratorWrapper#getIndex()&quot; }"/>
        </annotation>
    </item>
    <item name='sun.text.normalizer.UCharacterIterator int getLength()'>
        <annotation name='com.intellij.inspections.tainted.annotation.equation.Equations'>
            <val val="{ &quot;getLength := CharacterIteratorWrapper#getLength() &amp; ReplaceableUCharacterIterator#getLength()&quot; }"/>
        </annotation>
    </item>
    <item name='sun.text.normalizer.UCharacterIterator int getText(char[], int)'>
        <annotation name='com.intellij.inspections.tainted.annotation.equation.Equations'>
            <val val="{ &quot;getText := CharacterIteratorWrapper#getText(char[], int) &amp; ReplaceableUCharacterIterator#getText(char[], int)&quot; }"/>
        </annotation>
    </item>
    <item name='sun.text.normalizer.UCharacterIterator int next()'>
        <annotation name='com.intellij.inspections.tainted.annotation.equation.Equations'>
            <val val="{ &quot;next := CharacterIteratorWrapper#next() &amp; ReplaceableUCharacterIterator#next()&quot; }"/>
        </annotation>
    </item>
    <item name='sun.text.normalizer.UCharacterIterator int previous()'>
        <annotation name='com.intellij.inspections.tainted.annotation.equation.Equations'>
            <val val="{ &quot;previous := CharacterIteratorWrapper#previous() &amp; ReplaceableUCharacterIterator#previous()&quot; }"/>
        </annotation>
    </item>
    <item name='sun.text.normalizer.UCharacterIterator java.lang.Object clone()'>
        <annotation name='com.intellij.inspections.tainted.annotation.equation.Equations'>
            <val val="{ &quot;clone := CharacterIteratorWrapper#clone() &amp; ReplaceableUCharacterIterator#clone()&quot; }"/>
        </annotation>
    </item>
</root>