<root>
    <item name='javax.xml.soap.FactoryFinder boolean isDefaultImplementation(java.lang.String)'>
        <annotation name='com.intellij.inspections.tainted.annotation.equation.Equations'>
            <val val="{ &quot;className := #safeLoadClass(java.lang.String, java.lang.ClassLoader)#0&quot; }"/>
        </annotation>
    </item>
    <item name='javax.xml.soap.FactoryFinder java.lang.Class safeLoadClass(java.lang.String, java.lang.ClassLoader)'>
        <annotation name='com.intellij.inspections.tainted.annotation.equation.Equations'>
            <val val="{ &quot;classLoader := #newInstance(java.lang.String, java.lang.ClassLoader)#1&quot;, &quot;className := #newInstance(java.lang.String, java.lang.ClassLoader)#0&quot; }"/>
        </annotation>
    </item>
    <item name='javax.xml.soap.FactoryFinder java.lang.Object find(java.lang.String, java.lang.String)'>
        <annotation name='com.intellij.inspections.tainted.annotation.equation.Equations'>
            <val val="{ &quot;fallbackClassName := SAAJMetaFactory#DEFAULT_META_FACTORY_CLASS &amp; SOAPConnectionFactory#DEFAULT_SOAP_CONNECTION_FACTORY&quot;, &quot;factoryId := SAAJMetaFactory#META_FACTORY_CLASS_PROPERTY &amp; SOAPConnectionFactory#SF_PROPERTY&quot; }"/>
        </annotation>
    </item>
    <item name='javax.xml.soap.FactoryFinder java.lang.Object find(java.lang.String, java.lang.String, boolean)'>
        <annotation name='com.intellij.inspections.tainted.annotation.equation.Equations'>
            <val val="{ &quot;factoryId := SOAPFactory#SOAP_FACTORY_PROPERTY &amp; #find(java.lang.String)#0 &amp; MessageFactory#MESSAGE_FACTORY_PROPERTY &amp; #find(java.lang.String, java.lang.String)#0&quot;, &quot;defaultClassName := SOAPFactory#DEFAULT_SOAP_FACTORY &amp; MessageFactory#DEFAULT_MESSAGE_FACTORY &amp; #find(java.lang.String, java.lang.String)#1&quot; }"/>
        </annotation>
    </item>
    <item name='javax.xml.soap.FactoryFinder java.lang.Object newInstance(java.lang.String, java.lang.ClassLoader)'>
        <annotation name='com.intellij.inspections.tainted.annotation.equation.Equations'>
            <val val="{ &quot;className := #find(java.lang.String, java.lang.String, boolean)#1&quot; }"/>
        </annotation>
    </item>
    <item name='javax.xml.soap.MessageFactory javax.xml.soap.MessageFactory newInstance(java.lang.String)'>
        <annotation name='com.intellij.inspections.tainted.annotation.equation.Equations'>
            <val val="{ &quot;protocol := SOAPConstants#SOAP_1_1_PROTOCOL&quot; }"/>
        </annotation>
    </item>
    <item name='javax.xml.soap.MimeHeader MimeHeader(java.lang.String, java.lang.String)'>
        <annotation name='com.intellij.inspections.tainted.annotation.equation.Equations'>
            <val val="{ &quot;MimeHeader := MimeHeader&quot;, &quot;value := MimeHeaders#setHeader(java.lang.String, java.lang.String)#1 &amp; MimeHeaders#addHeader(java.lang.String, java.lang.String)#1&quot;, &quot;name := MimeHeaders#addHeader(java.lang.String, java.lang.String)#0&quot; }"/>
        </annotation>
    </item>
    <item name='javax.xml.soap.MimeHeader java.lang.String getName()'>
        <annotation name='com.intellij.inspections.tainted.annotation.equation.Equations'>
            <val val="{ &quot;getName := MimeHeader&quot; }"/>
        </annotation>
    </item>
    <item name='javax.xml.soap.MimeHeader java.lang.String getValue()'>
        <annotation name='com.intellij.inspections.tainted.annotation.equation.Equations'>
            <val val="{ &quot;getValue := MimeHeader&quot; }"/>
        </annotation>
    </item>
    <item name='javax.xml.soap.MimeHeaders MimeHeaders()'>
        <annotation name='com.intellij.inspections.tainted.annotation.equation.Equations'>
            <val val="{ &quot;MimeHeaders := MimeHeaders&quot; }"/>
        </annotation>
    </item>
    <item name='javax.xml.soap.MimeHeaders void addHeader(java.lang.String, java.lang.String)'>
        <annotation name='com.intellij.inspections.tainted.annotation.equation.Equations'>
            <val val="{ &quot;value := #setHeader(java.lang.String, java.lang.String)#1&quot;, &quot;name := #setHeader(java.lang.String, java.lang.String)#0&quot; }"/>
        </annotation>
    </item>
    <item name='javax.xml.soap.MimeHeaders.MatchingIterator'>
        <annotation name='com.intellij.inspections.tainted.annotation.equation.Equations'>
            <val val="{ &quot;MatchingIterator := &quot; }"/>
        </annotation>
    </item>
    <item name='javax.xml.soap.MimeHeaders.MatchingIterator MatchingIterator(java.lang.String[], boolean)'>
        <annotation name='com.intellij.inspections.tainted.annotation.equation.Equations'>
            <val val="{ &quot;MatchingIterator := MimeHeaders.MatchingIterator&quot;, &quot;names := MimeHeaders#getMatchingHeaders(java.lang.String[])#0 &amp; MimeHeaders#getNonMatchingHeaders(java.lang.String[])#0&quot; }"/>
        </annotation>
    </item>
    <item name='javax.xml.soap.MimeHeaders.MatchingIterator java.lang.Object next()'>
        <annotation name='com.intellij.inspections.tainted.annotation.equation.Equations'>
            <val val="{ &quot;next := MimeHeaders.MatchingIterator&quot; }"/>
        </annotation>
    </item>
    <item name='javax.xml.soap.SAAJMetaFactory SAAJMetaFactory()'>
        <annotation name='com.intellij.inspections.tainted.annotation.equation.Equations'>
            <val val="{ &quot;SAAJMetaFactory := SAAJMetaFactory&quot; }"/>
        </annotation>
    </item>
    <item name='javax.xml.soap.SAAJMetaFactory javax.xml.soap.MessageFactory newMessageFactory(java.lang.String)'>
        <annotation name='com.intellij.inspections.tainted.annotation.equation.Equations'>
            <val val="{ &quot;protocol := MessageFactory#newInstance(java.lang.String)#0&quot; }"/>
        </annotation>
    </item>
    <item name='javax.xml.soap.SAAJMetaFactory javax.xml.soap.SOAPFactory newSOAPFactory(java.lang.String)'>
        <annotation name='com.intellij.inspections.tainted.annotation.equation.Equations'>
            <val val="{ &quot;protocol := SOAPFactory#newInstance(java.lang.String)#0&quot; }"/>
        </annotation>
    </item>
    <item name='javax.xml.soap.SAAJResult SAAJResult(javax.xml.soap.SOAPElement)'>
        <annotation name='com.intellij.inspections.tainted.annotation.equation.Equations'>
            <val val="{ &quot;SAAJResult := SAAJResult&quot; }"/>
        </annotation>
    </item>
    <item name='javax.xml.soap.SOAPException SOAPException()'>
        <annotation name='com.intellij.inspections.tainted.annotation.equation.Equations'>
            <val val="{ &quot;SOAPException := SOAPException&quot; }"/>
        </annotation>
    </item>
    <item name='javax.xml.soap.SOAPException SOAPException(java.lang.String)'>
        <annotation name='com.intellij.inspections.tainted.annotation.equation.Equations'>
            <val val="{ &quot;SOAPException := SOAPException&quot; }"/>
        </annotation>
    </item>
    <item name='javax.xml.soap.SOAPException SOAPException(java.lang.String, java.lang.Throwable)'>
        <annotation name='com.intellij.inspections.tainted.annotation.equation.Equations'>
            <val val="{ &quot;SOAPException := SOAPException&quot; }"/>
        </annotation>
    </item>
    <item name='javax.xml.soap.SOAPException SOAPException(java.lang.Throwable)'>
        <annotation name='com.intellij.inspections.tainted.annotation.equation.Equations'>
            <val val="{ &quot;SOAPException := SOAPException&quot; }"/>
        </annotation>
    </item>
    <item name='javax.xml.soap.SOAPException java.lang.Throwable getCause()'>
        <annotation name='com.intellij.inspections.tainted.annotation.equation.Equations'>
            <val val="{ &quot;getCause := SOAPException&quot; }"/>
        </annotation>
    </item>
    <item name='javax.xml.soap.SOAPException java.lang.Throwable initCause(java.lang.Throwable)'>
        <annotation name='com.intellij.inspections.tainted.annotation.equation.Equations'>
            <val val="{ &quot;initCause := SOAPException&quot;, &quot;cause := #SOAPException(java.lang.String, java.lang.Throwable)#1 &amp; #SOAPException(java.lang.Throwable)#0&quot; }"/>
        </annotation>
    </item>
    <item name='javax.xml.soap.SOAPFactory javax.xml.soap.SOAPElement createElement(java.lang.String)'>
        <annotation name='com.intellij.inspections.tainted.annotation.equation.Equations'>
            <val val="{ &quot;localName := SOAPElementFactory#create(java.lang.String)#0&quot; }"/>
        </annotation>
    </item>
    <item name='javax.xml.soap.SOAPFactory javax.xml.soap.SOAPElement createElement(java.lang.String, java.lang.String, java.lang.String)'>
        <annotation name='com.intellij.inspections.tainted.annotation.equation.Equations'>
            <val val="{ &quot;uri := SOAPElementFactory#create(java.lang.String, java.lang.String, java.lang.String)#2&quot;, &quot;prefix := SOAPElementFactory#create(java.lang.String, java.lang.String, java.lang.String)#1&quot;, &quot;localName := SOAPElementFactory#create(java.lang.String, java.lang.String, java.lang.String)#0&quot; }"/>
        </annotation>
    </item>
    <item name='javax.xml.soap.SOAPFactory javax.xml.soap.SOAPElement createElement(javax.xml.soap.Name)'>
        <annotation name='com.intellij.inspections.tainted.annotation.equation.Equations'>
            <val val="{ &quot;name := SOAPElementFactory#create(javax.xml.soap.Name)#0&quot; }"/>
        </annotation>
    </item>
    <item name='javax.xml.soap.SOAPFactory javax.xml.soap.SOAPFactory newInstance(java.lang.String)'>
        <annotation name='com.intellij.inspections.tainted.annotation.equation.Equations'>
            <val val="{ &quot;protocol := SOAPConstants#SOAP_1_1_PROTOCOL&quot; }"/>
        </annotation>
    </item>
</root>