<root>
    <item name='com.sun.corba.se.impl.ior.EncapsulationUtility EncapsulationUtility()'>
        <annotation name='com.intellij.inspections.tainted.annotation.equation.Equations'>
            <val val="{ &quot;EncapsulationUtility := EncapsulationUtility&quot; }"/>
        </annotation>
    </item>
    <item name='com.sun.corba.se.impl.ior.EncapsulationUtility byte[] readOctets(org.omg.CORBA_2_3.portable.InputStream)'>
        <annotation name='com.intellij.inspections.tainted.annotation.equation.Equations'>
            <val val="{ &quot;is := com.sun.corba.se.impl.ior.iiop.IIOPProfileImpl#init(org.omg.CORBA_2_3.portable.InputStream)#0 &amp; GenericIdentifiable#GenericIdentifiable(int, org.omg.CORBA_2_3.portable.InputStream)#1 &amp; #getEncapsulationStream(org.omg.CORBA_2_3.portable.InputStream)#0&quot; }"/>
        </annotation>
    </item>
    <item name='com.sun.corba.se.impl.ior.EncapsulationUtility org.omg.CORBA_2_3.portable.InputStream getEncapsulationStream(org.omg.CORBA_2_3.portable.InputStream)'>
        <annotation name='com.intellij.inspections.tainted.annotation.equation.Equations'>
            <val val="{ &quot;is := com.sun.corba.se.spi.ior.EncapsulationFactoryBase#create(org.omg.CORBA_2_3.portable.InputStream)#0&quot; }"/>
        </annotation>
    </item>
    <item name='com.sun.corba.se.impl.ior.EncapsulationUtility void readIdentifiableSequence(java.util.List, com.sun.corba.se.spi.ior.IdentifiableFactoryFinder, org.omg.CORBA_2_3.portable.InputStream)'>
        <annotation name='com.intellij.inspections.tainted.annotation.equation.Equations'>
            <val val="{ &quot;container := com.sun.corba.se.impl.ior.iiop.IIOPProfileImpl &amp; com.sun.corba.se.impl.ior.iiop.IIOPProfileTemplateImpl &amp; IORImpl &amp; IORTemplateImpl&quot;, &quot;istr := com.sun.corba.se.impl.ior.iiop.IIOPProfileImpl#init(org.omg.CORBA_2_3.portable.InputStream)#0 &amp; com.sun.corba.se.impl.ior.iiop.IIOPProfileTemplateImpl#IIOPProfileTemplateImpl(org.omg.CORBA_2_3.portable.InputStream)#0 &amp; IORImpl#IORImpl(org.omg.CORBA_2_3.portable.InputStream)#0 &amp; IORTemplateImpl#IORTemplateImpl(org.omg.CORBA_2_3.portable.InputStream)#0&quot; }"/>
        </annotation>
    </item>
    <item name='com.sun.corba.se.impl.ior.EncapsulationUtility void writeEncapsulation(com.sun.corba.se.spi.ior.WriteContents, org.omg.CORBA_2_3.portable.OutputStream)'>
        <annotation name='com.intellij.inspections.tainted.annotation.equation.Equations'>
            <val val="{ &quot;obj := com.sun.corba.se.spi.ior.TaggedProfileTemplateBase &amp; com.sun.corba.se.spi.ior.IdentifiableBase&quot;, &quot;os := com.sun.corba.se.spi.ior.TaggedProfileTemplateBase#write(org.omg.CORBA_2_3.portable.OutputStream)#0 &amp; com.sun.corba.se.spi.ior.IdentifiableBase#write(org.omg.CORBA_2_3.portable.OutputStream)#0&quot; }"/>
        </annotation>
    </item>
    <item name='com.sun.corba.se.impl.ior.EncapsulationUtility void writeIdentifiableSequence(java.util.List, org.omg.CORBA_2_3.portable.OutputStream)'>
        <annotation name='com.intellij.inspections.tainted.annotation.equation.Equations'>
            <val val="{ &quot;container := IORTemplateImpl &amp; com.sun.corba.se.impl.ior.iiop.IIOPProfileTemplateImpl &amp; IORImpl&quot;, &quot;os := IORTemplateImpl#write(org.omg.CORBA_2_3.portable.OutputStream)#0 &amp; com.sun.corba.se.impl.ior.iiop.IIOPProfileTemplateImpl#write(com.sun.corba.se.spi.ior.ObjectKeyTemplate, com.sun.corba.se.spi.ior.ObjectId, org.omg.CORBA_2_3.portable.OutputStream)#2 &amp; com.sun.corba.se.impl.ior.iiop.IIOPProfileTemplateImpl#writeContents(org.omg.CORBA_2_3.portable.OutputStream)#0 &amp; IORImpl#write(org.omg.CORBA_2_3.portable.OutputStream)#0&quot; }"/>
        </annotation>
    </item>
    <item name='com.sun.corba.se.impl.ior.EncapsulationUtility void writeOutputStream(org.omg.CORBA_2_3.portable.OutputStream, org.omg.CORBA_2_3.portable.OutputStream)'>
        <annotation name='com.intellij.inspections.tainted.annotation.equation.Equations'>
            <val val="{ &quot;os := com.sun.corba.se.impl.ior.iiop.IIOPProfileTemplateImpl#write(com.sun.corba.se.spi.ior.ObjectKeyTemplate, com.sun.corba.se.spi.ior.ObjectId, org.omg.CORBA_2_3.portable.OutputStream)#2 &amp; #writeEncapsulation(com.sun.corba.se.spi.ior.WriteContents, org.omg.CORBA_2_3.portable.OutputStream)#1&quot;, &quot;dataStream := &quot; }"/>
        </annotation>
    </item>
    <item name='com.sun.corba.se.impl.ior.FreezableList FreezableList(java.util.List)'>
        <annotation name='com.intellij.inspections.tainted.annotation.equation.Equations'>
            <val val="{ &quot;FreezableList := FreezableList&quot; }"/>
        </annotation>
    </item>
    <item name='com.sun.corba.se.impl.ior.FreezableList FreezableList(java.util.List, boolean)'>
        <annotation name='com.intellij.inspections.tainted.annotation.equation.Equations'>
            <val val="{ &quot;delegate := #FreezableList(java.util.List)#0&quot;, &quot;FreezableList := FreezableList&quot; }"/>
        </annotation>
    </item>
    <item name='com.sun.corba.se.impl.ior.FreezableList boolean equals(java.lang.Object)'>
        <annotation name='com.intellij.inspections.tainted.annotation.equation.Equations'>
            <val val="{ &quot;obj := com.sun.corba.se.impl.ior.iiop.IIOPProfileTemplateImpl#equals(java.lang.Object)#0 &amp; IORTemplateImpl#equals(java.lang.Object)#0 &amp; IORImpl#equals(java.lang.Object)#0&quot; }"/>
        </annotation>
    </item>
    <item name='com.sun.corba.se.impl.ior.FreezableList int hashCode()'>
        <annotation name='com.intellij.inspections.tainted.annotation.equation.Equations'>
            <val val="{ &quot;hashCode := com.sun.corba.se.impl.ior.iiop.IIOPProfileTemplateImpl#hashCode() &amp; IORImpl#hashCode() &amp; IORTemplateImpl#hashCode()&quot; }"/>
        </annotation>
    </item>
    <item name='com.sun.corba.se.impl.ior.FreezableList java.lang.Object remove(int)'>
        <annotation name='com.intellij.inspections.tainted.annotation.equation.Equations'>
            <val val="{ &quot;index := IORTemplateListImpl#set(int, java.lang.Object)#0&quot; }"/>
        </annotation>
    </item>
    <item name='com.sun.corba.se.impl.ior.FreezableList java.lang.Object set(int, java.lang.Object)'>
        <annotation name='com.intellij.inspections.tainted.annotation.equation.Equations'>
            <val val="{ &quot;index := IORTemplateListImpl#set(int, java.lang.Object)#0&quot;, &quot;set := IORTemplateListImpl#set(int, java.lang.Object)&quot;, &quot;element := IORTemplateListImpl#set(int, java.lang.Object)#1&quot; }"/>
        </annotation>
    </item>
    <item name='com.sun.corba.se.impl.ior.FreezableList void add(int, java.lang.Object)'>
        <annotation name='com.intellij.inspections.tainted.annotation.equation.Equations'>
            <val val="{ &quot;element := IORTemplateListImpl#add(int, java.lang.Object)#1&quot;, &quot;index := IORTemplateListImpl#add(int, java.lang.Object)#0&quot; }"/>
        </annotation>
    </item>
    <item name='com.sun.corba.se.impl.ior.GenericIdentifiable GenericIdentifiable(int, byte[])'>
        <annotation name='com.intellij.inspections.tainted.annotation.equation.Equations'>
            <val val="{ &quot;data := GenericTaggedProfile#GenericTaggedProfile(com.sun.corba.se.spi.orb.ORB, int, byte[])#2 &amp; GenericTaggedComponent#GenericTaggedComponent(int, byte[])#1&quot;, &quot;id := GenericTaggedProfile#GenericTaggedProfile(com.sun.corba.se.spi.orb.ORB, int, byte[])#1 &amp; GenericTaggedComponent#GenericTaggedComponent(int, byte[])#0&quot;, &quot;GenericIdentifiable := GenericIdentifiable&quot; }"/>
        </annotation>
    </item>
    <item name='com.sun.corba.se.impl.ior.GenericIdentifiable GenericIdentifiable(int, org.omg.CORBA_2_3.portable.InputStream)'>
        <annotation name='com.intellij.inspections.tainted.annotation.equation.Equations'>
            <val val="{ &quot;id := GenericTaggedProfile#GenericTaggedProfile(int, org.omg.CORBA_2_3.portable.InputStream)#0 &amp; GenericTaggedComponent#GenericTaggedComponent(int, org.omg.CORBA_2_3.portable.InputStream)#0&quot;, &quot;is := GenericTaggedProfile#GenericTaggedProfile(int, org.omg.CORBA_2_3.portable.InputStream)#1 &amp; GenericTaggedComponent#GenericTaggedComponent(int, org.omg.CORBA_2_3.portable.InputStream)#1&quot;, &quot;GenericIdentifiable := GenericIdentifiable&quot; }"/>
        </annotation>
    </item>
    <item name='com.sun.corba.se.impl.ior.GenericIdentifiable boolean equals(java.lang.Object)'>
        <annotation name='com.intellij.inspections.tainted.annotation.equation.Equations'>
            <val val="{ &quot;obj := GenericTaggedProfile#isEquivalent(com.sun.corba.se.spi.ior.TaggedProfile)#0&quot; }"/>
        </annotation>
    </item>
    <item name='com.sun.corba.se.impl.ior.GenericIdentifiable byte[] getData()'>
        <annotation name='com.intellij.inspections.tainted.annotation.equation.Equations'>
            <val val="{ &quot;getData := GenericIdentifiable&quot; }"/>
        </annotation>
    </item>
    <item name='com.sun.corba.se.impl.ior.GenericIdentifiable int getId()'>
        <annotation name='com.intellij.inspections.tainted.annotation.equation.Equations'>
            <val val="{ &quot;getId := GenericIdentifiable&quot; }"/>
        </annotation>
    </item>
    <item name='com.sun.corba.se.impl.ior.GenericIdentifiable int hashCode()'>
        <annotation name='com.intellij.inspections.tainted.annotation.equation.Equations'>
            <val val="{ &quot;hashCode := GenericIdentifiable&quot; }"/>
        </annotation>
    </item>
    <item name='com.sun.corba.se.impl.ior.GenericTaggedComponent GenericTaggedComponent(int, byte[])'>
        <annotation name='com.intellij.inspections.tainted.annotation.equation.Equations'>
            <val val="{ &quot;GenericTaggedComponent := GenericTaggedComponent&quot; }"/>
        </annotation>
    </item>
    <item name='com.sun.corba.se.impl.ior.GenericTaggedComponent GenericTaggedComponent(int, org.omg.CORBA_2_3.portable.InputStream)'>
        <annotation name='com.intellij.inspections.tainted.annotation.equation.Equations'>
            <val val="{ &quot;id := TaggedComponentFactoryFinderImpl#handleMissingFactory(int, org.omg.CORBA_2_3.portable.InputStream)#0&quot;, &quot;GenericTaggedComponent := GenericTaggedComponent&quot;, &quot;is := TaggedComponentFactoryFinderImpl#handleMissingFactory(int, org.omg.CORBA_2_3.portable.InputStream)#1&quot; }"/>
        </annotation>
    </item>
    <item name='com.sun.corba.se.impl.ior.GenericTaggedProfile GenericTaggedProfile(com.sun.corba.se.spi.orb.ORB, int, byte[])'>
        <annotation name='com.intellij.inspections.tainted.annotation.equation.Equations'>
            <val val="{ &quot;GenericTaggedProfile := GenericTaggedProfile&quot; }"/>
        </annotation>
    </item>
    <item name='com.sun.corba.se.impl.ior.GenericTaggedProfile GenericTaggedProfile(int, org.omg.CORBA_2_3.portable.InputStream)'>
        <annotation name='com.intellij.inspections.tainted.annotation.equation.Equations'>
            <val val="{ &quot;GenericTaggedProfile := GenericTaggedProfile&quot;, &quot;id := TaggedProfileFactoryFinderImpl#handleMissingFactory(int, org.omg.CORBA_2_3.portable.InputStream)#0&quot;, &quot;is := TaggedProfileFactoryFinderImpl#handleMissingFactory(int, org.omg.CORBA_2_3.portable.InputStream)#1&quot; }"/>
        </annotation>
    </item>
    <item name='com.sun.corba.se.impl.ior.Handler com.sun.corba.se.spi.ior.ObjectKeyTemplate handle(int, int, org.omg.CORBA_2_3.portable.InputStream, org.omg.CORBA.OctetSeqHolder)'>
        <annotation name='com.intellij.inspections.tainted.annotation.equation.Equations'>
            <val val="{ &quot;osh := ObjectKeyFactoryImpl#create(org.omg.CORBA_2_3.portable.InputStream, com.sun.corba.se.impl.ior.Handler, org.omg.CORBA.OctetSeqHolder)#2&quot;, &quot;is := ObjectKeyFactoryImpl#create(org.omg.CORBA_2_3.portable.InputStream, com.sun.corba.se.impl.ior.Handler, org.omg.CORBA.OctetSeqHolder)#0&quot; }"/>
        </annotation>
    </item>
    <item name='com.sun.corba.se.impl.ior.IORImpl'>
        <annotation name='com.intellij.inspections.tainted.annotation.equation.Equations'>
            <val val="{ &quot;IORImpl := &quot; }"/>
        </annotation>
    </item>
    <item name='com.sun.corba.se.impl.ior.IORImpl IORImpl(com.sun.corba.se.spi.orb.ORB)'>
        <annotation name='com.intellij.inspections.tainted.annotation.equation.Equations'>
            <val val="{ &quot;orb := com.sun.corba.se.spi.ior.IORFactories#makeIOR(com.sun.corba.se.spi.orb.ORB)#0&quot;, &quot;IORImpl := IORImpl&quot; }"/>
        </annotation>
    </item>
    <item name='com.sun.corba.se.impl.ior.IORImpl IORImpl(com.sun.corba.se.spi.orb.ORB, java.lang.String)'>
        <annotation name='com.intellij.inspections.tainted.annotation.equation.Equations'>
            <val val="{ &quot;orb := com.sun.corba.se.spi.ior.IORFactories#makeIOR(com.sun.corba.se.spi.orb.ORB, java.lang.String)#0 &amp; #IORImpl(com.sun.corba.se.spi.orb.ORB)#0 &amp; #IORImpl(com.sun.corba.se.spi.orb.ORB, java.lang.String, com.sun.corba.se.spi.ior.IORTemplate, com.sun.corba.se.spi.ior.ObjectId)#0 &amp; #IORImpl(com.sun.corba.se.spi.orb.ORB, java.lang.String, com.sun.corba.se.spi.ior.IORTemplateList, com.sun.corba.se.spi.ior.ObjectId)#0&quot;, &quot;typeid := com.sun.corba.se.spi.ior.IORFactories#makeIOR(com.sun.corba.se.spi.orb.ORB, java.lang.String)#1 &amp; #IORImpl(com.sun.corba.se.spi.orb.ORB, java.lang.String, com.sun.corba.se.spi.ior.IORTemplate, com.sun.corba.se.spi.ior.ObjectId)#1 &amp; #IORImpl(com.sun.corba.se.spi.orb.ORB, java.lang.String, com.sun.corba.se.spi.ior.IORTemplateList, com.sun.corba.se.spi.ior.ObjectId)#1&quot;, &quot;IORImpl := IORImpl&quot; }"/>
        </annotation>
    </item>
    <item name='com.sun.corba.se.impl.ior.IORImpl IORImpl(com.sun.corba.se.spi.orb.ORB, java.lang.String, com.sun.corba.se.spi.ior.IORTemplate, com.sun.corba.se.spi.ior.ObjectId)'>
        <annotation name='com.intellij.inspections.tainted.annotation.equation.Equations'>
            <val val="{ &quot;orb := IORTemplateImpl#makeIOR(com.sun.corba.se.spi.orb.ORB, java.lang.String, com.sun.corba.se.spi.ior.ObjectId)#0&quot;, &quot;iortemp := IORTemplateImpl&quot;, &quot;IORImpl := IORImpl&quot;, &quot;id := IORTemplateImpl#makeIOR(com.sun.corba.se.spi.orb.ORB, java.lang.String, com.sun.corba.se.spi.ior.ObjectId)#2&quot;, &quot;typeId := IORTemplateImpl#makeIOR(com.sun.corba.se.spi.orb.ORB, java.lang.String, com.sun.corba.se.spi.ior.ObjectId)#1&quot; }"/>
        </annotation>
    </item>
    <item name='com.sun.corba.se.impl.ior.IORImpl IORImpl(com.sun.corba.se.spi.orb.ORB, java.lang.String, com.sun.corba.se.spi.ior.IORTemplateList, com.sun.corba.se.spi.ior.ObjectId)'>
        <annotation name='com.intellij.inspections.tainted.annotation.equation.Equations'>
            <val val="{ &quot;iortemps := IORTemplateListImpl&quot;, &quot;IORImpl := IORImpl&quot;, &quot;typeId := IORTemplateListImpl#makeIOR(com.sun.corba.se.spi.orb.ORB, java.lang.String, com.sun.corba.se.spi.ior.ObjectId)#1&quot;, &quot;orb := IORTemplateListImpl#makeIOR(com.sun.corba.se.spi.orb.ORB, java.lang.String, com.sun.corba.se.spi.ior.ObjectId)#0&quot;, &quot;id := IORTemplateListImpl#makeIOR(com.sun.corba.se.spi.orb.ORB, java.lang.String, com.sun.corba.se.spi.ior.ObjectId)#2&quot; }"/>
        </annotation>
    </item>
    <item name='com.sun.corba.se.impl.ior.IORImpl IORImpl(org.omg.CORBA_2_3.portable.InputStream)'>
        <annotation name='com.intellij.inspections.tainted.annotation.equation.Equations'>
            <val val="{ &quot;is := com.sun.corba.se.spi.ior.IORFactories#makeIOR(org.omg.CORBA_2_3.portable.InputStream)#0 &amp; com.sun.corba.se.spi.servicecontext.SendingContextServiceContext&quot;, &quot;IORImpl := IORImpl&quot; }"/>
        </annotation>
    </item>
    <item name='com.sun.corba.se.impl.ior.IORImpl com.sun.corba.se.spi.ior.IORTemplateList getIORTemplates()'>
        <annotation name='com.intellij.inspections.tainted.annotation.equation.Equations'>
            <val val="{ &quot;getIORTemplates := IORImpl&quot; }"/>
        </annotation>
    </item>
    <item name='com.sun.corba.se.impl.ior.IORImpl com.sun.corba.se.spi.orb.ORB getORB()'>
        <annotation name='com.intellij.inspections.tainted.annotation.equation.Equations'>
            <val val="{ &quot;getORB := IORImpl&quot; }"/>
        </annotation>
    </item>
    <item name='com.sun.corba.se.impl.ior.IORImpl int hashCode()'>
        <annotation name='com.intellij.inspections.tainted.annotation.equation.Equations'>
            <val val="{ &quot;hashCode := IORImpl&quot; }"/>
        </annotation>
    </item>
    <item name='com.sun.corba.se.impl.ior.IORImpl java.lang.String getTypeId()'>
        <annotation name='com.intellij.inspections.tainted.annotation.equation.Equations'>
            <val val="{ &quot;getTypeId := IORImpl&quot; }"/>
        </annotation>
    </item>
    <item name='com.sun.corba.se.impl.ior.IORImpl java.lang.String stringify()'>
        <annotation name='com.intellij.inspections.tainted.annotation.equation.Equations'>
            <val val="{ &quot;stringify := com.sun.corba.se.impl.orbutil.ORBConstants#STRINGIFY_PREFIX&quot; }"/>
        </annotation>
    </item>
    <item name='com.sun.corba.se.impl.ior.IORImpl void addTaggedProfiles(com.sun.corba.se.spi.ior.IORTemplate, com.sun.corba.se.spi.ior.ObjectId)'>
        <annotation name='com.intellij.inspections.tainted.annotation.equation.Equations'>
            <val val="{ &quot;id := #IORImpl(com.sun.corba.se.spi.orb.ORB, java.lang.String, com.sun.corba.se.spi.ior.IORTemplate, com.sun.corba.se.spi.ior.ObjectId)#3 &amp; #IORImpl(com.sun.corba.se.spi.orb.ORB, java.lang.String, com.sun.corba.se.spi.ior.IORTemplateList, com.sun.corba.se.spi.ior.ObjectId)#3&quot;, &quot;iortemp := #IORImpl(com.sun.corba.se.spi.orb.ORB, java.lang.String, com.sun.corba.se.spi.ior.IORTemplate, com.sun.corba.se.spi.ior.ObjectId)#2&quot; }"/>
        </annotation>
    </item>
    <item name='com.sun.corba.se.impl.ior.IORTemplateImpl IORTemplateImpl(com.sun.corba.se.spi.ior.ObjectKeyTemplate)'>
        <annotation name='com.intellij.inspections.tainted.annotation.equation.Equations'>
            <val val="{ &quot;IORTemplateImpl := IORTemplateImpl&quot;, &quot;oktemp := com.sun.corba.se.spi.ior.IORFactories#makeIORTemplate(com.sun.corba.se.spi.ior.ObjectKeyTemplate)#0&quot; }"/>
        </annotation>
    </item>
    <item name='com.sun.corba.se.impl.ior.IORTemplateImpl IORTemplateImpl(org.omg.CORBA_2_3.portable.InputStream)'>
        <annotation name='com.intellij.inspections.tainted.annotation.equation.Equations'>
            <val val="{ &quot;IORTemplateImpl := IORTemplateImpl&quot;, &quot;is := com.sun.corba.se.spi.ior.IORFactories#makeIORTemplate(org.omg.CORBA_2_3.portable.InputStream)#0&quot; }"/>
        </annotation>
    </item>
    <item name='com.sun.corba.se.impl.ior.IORTemplateImpl com.sun.corba.se.spi.ior.ObjectKeyTemplate getObjectKeyTemplate()'>
        <annotation name='com.intellij.inspections.tainted.annotation.equation.Equations'>
            <val val="{ &quot;getObjectKeyTemplate := IORTemplateImpl&quot; }"/>
        </annotation>
    </item>
    <item name='com.sun.corba.se.impl.ior.IORTemplateListImpl IORTemplateListImpl()'>
        <annotation name='com.intellij.inspections.tainted.annotation.equation.Equations'>
            <val val="{ &quot;IORTemplateListImpl := IORTemplateListImpl&quot; }"/>
        </annotation>
    </item>
    <item name='com.sun.corba.se.impl.ior.IORTemplateListImpl IORTemplateListImpl(org.omg.CORBA_2_3.portable.InputStream)'>
        <annotation name='com.intellij.inspections.tainted.annotation.equation.Equations'>
            <val val="{ &quot;is := com.sun.corba.se.spi.ior.IORFactories#makeIORTemplateList(org.omg.CORBA_2_3.portable.InputStream)#0&quot;, &quot;IORTemplateListImpl := IORTemplateListImpl&quot; }"/>
        </annotation>
    </item>
    <item name='com.sun.corba.se.impl.ior.IORTemplateListImpl void add(int, java.lang.Object)'>
        <annotation name='com.intellij.inspections.tainted.annotation.equation.Equations'>
            <val val="{ &quot;index := #set(int, java.lang.Object)#0&quot;, &quot;element := #set(int, java.lang.Object)#1&quot; }"/>
        </annotation>
    </item>
    <item name='com.sun.corba.se.impl.ior.IdentifiableFactoryFinderBase IdentifiableFactoryFinderBase(com.sun.corba.se.spi.orb.ORB)'>
        <annotation name='com.intellij.inspections.tainted.annotation.equation.Equations'>
            <val val="{ &quot;orb := TaggedComponentFactoryFinderImpl#TaggedComponentFactoryFinderImpl(com.sun.corba.se.spi.orb.ORB)#0 &amp; TaggedProfileFactoryFinderImpl#TaggedProfileFactoryFinderImpl(com.sun.corba.se.spi.orb.ORB)#0 &amp; TaggedProfileTemplateFactoryFinderImpl#TaggedProfileTemplateFactoryFinderImpl(com.sun.corba.se.spi.orb.ORB)#0&quot;, &quot;IdentifiableFactoryFinderBase := IdentifiableFactoryFinderBase&quot; }"/>
        </annotation>
    </item>
    <item name='com.sun.corba.se.impl.ior.IdentifiableFactoryFinderBase com.sun.corba.se.spi.ior.Identifiable handleMissingFactory(int, org.omg.CORBA_2_3.portable.InputStream)'>
        <annotation name='com.intellij.inspections.tainted.annotation.equation.Equations'>
            <val val="{ &quot;id := TaggedProfileFactoryFinderImpl#handleMissingFactory(int, org.omg.CORBA_2_3.portable.InputStream)#0 &amp; TaggedComponentFactoryFinderImpl#handleMissingFactory(int, org.omg.CORBA_2_3.portable.InputStream)#0 &amp; #create(int, org.omg.CORBA_2_3.portable.InputStream)#0 &amp; TaggedProfileTemplateFactoryFinderImpl#handleMissingFactory(int, org.omg.CORBA_2_3.portable.InputStream)#0&quot;, &quot;is := TaggedProfileFactoryFinderImpl#handleMissingFactory(int, org.omg.CORBA_2_3.portable.InputStream)#1 &amp; TaggedComponentFactoryFinderImpl#handleMissingFactory(int, org.omg.CORBA_2_3.portable.InputStream)#1 &amp; #create(int, org.omg.CORBA_2_3.portable.InputStream)#1 &amp; TaggedProfileTemplateFactoryFinderImpl#handleMissingFactory(int, org.omg.CORBA_2_3.portable.InputStream)#1&quot;, &quot;handleMissingFactory := TaggedProfileFactoryFinderImpl#handleMissingFactory(int, org.omg.CORBA_2_3.portable.InputStream) &amp; TaggedComponentFactoryFinderImpl#handleMissingFactory(int, org.omg.CORBA_2_3.portable.InputStream) &amp; TaggedProfileTemplateFactoryFinderImpl#handleMissingFactory(int, org.omg.CORBA_2_3.portable.InputStream)&quot; }"/>
        </annotation>
    </item>
    <item name='com.sun.corba.se.impl.ior.IdentifiableFactoryFinderBase com.sun.corba.se.spi.ior.IdentifiableFactory getFactory(int)'>
        <annotation name='com.intellij.inspections.tainted.annotation.equation.Equations'>
            <val val="{ &quot;id := #create(int, org.omg.CORBA_2_3.portable.InputStream)#0&quot; }"/>
        </annotation>
    </item>
    <item name='com.sun.corba.se.impl.ior.JIDLObjectKeyTemplate JIDLObjectKeyTemplate(com.sun.corba.se.spi.orb.ORB, int, int)'>
        <annotation name='com.intellij.inspections.tainted.annotation.equation.Equations'>
            <val val="{ &quot;orb := com.sun.corba.se.impl.oa.toa.TOAImpl#TOAImpl(com.sun.corba.se.spi.orb.ORB, com.sun.corba.se.impl.oa.toa.TransientObjectManager, java.lang.String)#0&quot;, &quot;scid := com.sun.corba.se.impl.orbutil.ORBConstants#TOA_SCID&quot;, &quot;JIDLObjectKeyTemplate := JIDLObjectKeyTemplate&quot; }"/>
        </annotation>
    </item>
    <item name='com.sun.corba.se.impl.ior.JIDLObjectKeyTemplate JIDLObjectKeyTemplate(com.sun.corba.se.spi.orb.ORB, int, int, org.omg.CORBA_2_3.portable.InputStream)'>
        <annotation name='com.intellij.inspections.tainted.annotation.equation.Equations'>
            <val val="{ &quot;is := &quot;, &quot;magic := &quot;, &quot;scid := &quot;, &quot;JIDLObjectKeyTemplate := JIDLObjectKeyTemplate&quot;, &quot;orb := ObjectKeyFactoryImpl&quot; }"/>
        </annotation>
    </item>
    <item name='com.sun.corba.se.impl.ior.JIDLObjectKeyTemplate JIDLObjectKeyTemplate(com.sun.corba.se.spi.orb.ORB, int, int, org.omg.CORBA_2_3.portable.InputStream, org.omg.CORBA.OctetSeqHolder)'>
        <annotation name='com.intellij.inspections.tainted.annotation.equation.Equations'>
            <val val="{ &quot;osh := &quot;, &quot;magic := &quot;, &quot;JIDLObjectKeyTemplate := JIDLObjectKeyTemplate&quot;, &quot;scid := &quot;, &quot;is := &quot;, &quot;orb := ObjectKeyFactoryImpl&quot; }"/>
        </annotation>
    </item>
    <item name='com.sun.corba.se.impl.ior.NewObjectKeyTemplateBase NewObjectKeyTemplateBase(com.sun.corba.se.spi.orb.ORB, int, int, int, java.lang.String, com.sun.corba.se.spi.ior.ObjectAdapterId)'>
        <annotation name='com.intellij.inspections.tainted.annotation.equation.Equations'>
            <val val="{ &quot;serverid := JIDLObjectKeyTemplate#JIDLObjectKeyTemplate(com.sun.corba.se.spi.orb.ORB, int, int)#2 &amp; POAObjectKeyTemplate#POAObjectKeyTemplate(com.sun.corba.se.spi.orb.ORB, int, int, java.lang.String, com.sun.corba.se.spi.ior.ObjectAdapterId)#2&quot;, &quot;orb := POAObjectKeyTemplate#POAObjectKeyTemplate(com.sun.corba.se.spi.orb.ORB, int, int, org.omg.CORBA_2_3.portable.InputStream)#0 &amp; JIDLObjectKeyTemplate#JIDLObjectKeyTemplate(com.sun.corba.se.spi.orb.ORB, int, int, org.omg.CORBA_2_3.portable.InputStream)#0 &amp; JIDLObjectKeyTemplate#JIDLObjectKeyTemplate(com.sun.corba.se.spi.orb.ORB, int, int, org.omg.CORBA_2_3.portable.InputStream, org.omg.CORBA.OctetSeqHolder)#0 &amp; POAObjectKeyTemplate#POAObjectKeyTemplate(com.sun.corba.se.spi.orb.ORB, int, int, org.omg.CORBA_2_3.portable.InputStream, org.omg.CORBA.OctetSeqHolder)#0 &amp; JIDLObjectKeyTemplate#JIDLObjectKeyTemplate(com.sun.corba.se.spi.orb.ORB, int, int)#0 &amp; POAObjectKeyTemplate#POAObjectKeyTemplate(com.sun.corba.se.spi.orb.ORB, int, int, java.lang.String, com.sun.corba.se.spi.ior.ObjectAdapterId)#0&quot;, &quot;oaid := ObjectKeyTemplateBase#JIDL_OAID &amp; POAObjectKeyTemplate#POAObjectKeyTemplate(com.sun.corba.se.spi.orb.ORB, int, int, java.lang.String, com.sun.corba.se.spi.ior.ObjectAdapterId)#4&quot;, &quot;orbid := ObjectKeyTemplateBase#JIDL_ORB_ID &amp; POAObjectKeyTemplate#POAObjectKeyTemplate(com.sun.corba.se.spi.orb.ORB, int, int, java.lang.String, com.sun.corba.se.spi.ior.ObjectAdapterId)#3&quot;, &quot;NewObjectKeyTemplateBase := NewObjectKeyTemplateBase&quot;, &quot;magic := POAObjectKeyTemplate#POAObjectKeyTemplate(com.sun.corba.se.spi.orb.ORB, int, int, org.omg.CORBA_2_3.portable.InputStream)#1 &amp; JIDLObjectKeyTemplate#JIDLObjectKeyTemplate(com.sun.corba.se.spi.orb.ORB, int, int, org.omg.CORBA_2_3.portable.InputStream)#1 &amp; JIDLObjectKeyTemplate#JIDLObjectKeyTemplate(com.sun.corba.se.spi.orb.ORB, int, int, org.omg.CORBA_2_3.portable.InputStream, org.omg.CORBA.OctetSeqHolder)#1 &amp; POAObjectKeyTemplate#POAObjectKeyTemplate(com.sun.corba.se.spi.orb.ORB, int, int, org.omg.CORBA_2_3.portable.InputStream, org.omg.CORBA.OctetSeqHolder)#1 &amp; ObjectKeyFactoryImpl#JAVAMAGIC_NEWER&quot;, &quot;scid := POAObjectKeyTemplate#POAObjectKeyTemplate(com.sun.corba.se.spi.orb.ORB, int, int, org.omg.CORBA_2_3.portable.InputStream)#2 &amp; JIDLObjectKeyTemplate#JIDLObjectKeyTemplate(com.sun.corba.se.spi.orb.ORB, int, int, org.omg.CORBA_2_3.portable.InputStream)#2 &amp; JIDLObjectKeyTemplate#JIDLObjectKeyTemplate(com.sun.corba.se.spi.orb.ORB, int, int, org.omg.CORBA_2_3.portable.InputStream, org.omg.CORBA.OctetSeqHolder)#2 &amp; POAObjectKeyTemplate#POAObjectKeyTemplate(com.sun.corba.se.spi.orb.ORB, int, int, org.omg.CORBA_2_3.portable.InputStream, org.omg.CORBA.OctetSeqHolder)#2 &amp; JIDLObjectKeyTemplate#JIDLObjectKeyTemplate(com.sun.corba.se.spi.orb.ORB, int, int)#1 &amp; POAObjectKeyTemplate#POAObjectKeyTemplate(com.sun.corba.se.spi.orb.ORB, int, int, java.lang.String, com.sun.corba.se.spi.ior.ObjectAdapterId)#1&quot; }"/>
        </annotation>
    </item>
    <item name='com.sun.corba.se.impl.ior.NewObjectKeyTemplateBase void setORBVersion(org.omg.CORBA_2_3.portable.InputStream)'>
        <annotation name='com.intellij.inspections.tainted.annotation.equation.Equations'>
            <val val="{ &quot;is := POAObjectKeyTemplate#POAObjectKeyTemplate(com.sun.corba.se.spi.orb.ORB, int, int, org.omg.CORBA_2_3.portable.InputStream)#3 &amp; JIDLObjectKeyTemplate#JIDLObjectKeyTemplate(com.sun.corba.se.spi.orb.ORB, int, int, org.omg.CORBA_2_3.portable.InputStream)#3 &amp; JIDLObjectKeyTemplate#JIDLObjectKeyTemplate(com.sun.corba.se.spi.orb.ORB, int, int, org.omg.CORBA_2_3.portable.InputStream, org.omg.CORBA.OctetSeqHolder)#3 &amp; POAObjectKeyTemplate#POAObjectKeyTemplate(com.sun.corba.se.spi.orb.ORB, int, int, org.omg.CORBA_2_3.portable.InputStream, org.omg.CORBA.OctetSeqHolder)#3&quot; }"/>
        </annotation>
    </item>
    <item name='com.sun.corba.se.impl.ior.ObjectAdapterIdArray ObjectAdapterIdArray(java.lang.String, java.lang.String)'>
        <annotation name='com.intellij.inspections.tainted.annotation.equation.Equations'>
            <val val="{ &quot;ObjectAdapterIdArray := ObjectAdapterIdArray&quot; }"/>
        </annotation>
    </item>
    <item name='com.sun.corba.se.impl.ior.ObjectAdapterIdArray ObjectAdapterIdArray(java.lang.String[])'>
        <annotation name='com.intellij.inspections.tainted.annotation.equation.Equations'>
            <val val="{ &quot;objectAdapterId := ObjectKeyTemplateBase#JIDL_OAID_STRINGS&quot;, &quot;ObjectAdapterIdArray := ObjectAdapterIdArray&quot; }"/>
        </annotation>
    </item>
    <item name='com.sun.corba.se.impl.ior.ObjectAdapterIdArray int getNumLevels()'>
        <annotation name='com.intellij.inspections.tainted.annotation.equation.Equations'>
            <val val="{ &quot;getNumLevels := ObjectAdapterIdArray&quot; }"/>
        </annotation>
    </item>
    <item name='com.sun.corba.se.impl.ior.ObjectAdapterIdArray java.lang.String[] getAdapterName()'>
        <annotation name='com.intellij.inspections.tainted.annotation.equation.Equations'>
            <val val="{ &quot;getAdapterName := ObjectAdapterIdArray&quot; }"/>
        </annotation>
    </item>
    <item name='com.sun.corba.se.impl.ior.ObjectAdapterIdNumber ObjectAdapterIdNumber(int)'>
        <annotation name='com.intellij.inspections.tainted.annotation.equation.Equations'>
            <val val="{ &quot;poaid := OldPOAObjectKeyTemplate#OldPOAObjectKeyTemplate(com.sun.corba.se.spi.orb.ORB, int, int, int, int, int)#5&quot;, &quot;ObjectAdapterIdNumber := ObjectAdapterIdNumber&quot; }"/>
        </annotation>
    </item>
    <item name='com.sun.corba.se.impl.ior.ObjectAdapterIdNumber int getOldPOAId()'>
        <annotation name='com.intellij.inspections.tainted.annotation.equation.Equations'>
            <val val="{ &quot;getOldPOAId := ObjectAdapterIdNumber&quot; }"/>
        </annotation>
    </item>
    <item name='com.sun.corba.se.impl.ior.ObjectIdImpl ObjectIdImpl(byte[])'>
        <annotation name='com.intellij.inspections.tainted.annotation.equation.Equations'>
            <val val="{ &quot;ObjectIdImpl := ObjectIdImpl&quot;, &quot;id := com.sun.corba.se.spi.ior.IORFactories#makeObjectId(byte[])#0&quot; }"/>
        </annotation>
    </item>
    <item name='com.sun.corba.se.impl.ior.ObjectIdImpl byte[] getId()'>
        <annotation name='com.intellij.inspections.tainted.annotation.equation.Equations'>
            <val val="{ &quot;getId := ObjectIdImpl&quot; }"/>
        </annotation>
    </item>
    <item name='com.sun.corba.se.impl.ior.ObjectIdImpl int hashCode()'>
        <annotation name='com.intellij.inspections.tainted.annotation.equation.Equations'>
            <val val="{ &quot;hashCode := ObjectIdImpl&quot; }"/>
        </annotation>
    </item>
    <item name='com.sun.corba.se.impl.ior.ObjectKeyFactoryImpl'>
        <annotation name='com.intellij.inspections.tainted.annotation.equation.Equations'>
            <val val="{ &quot;ObjectKeyFactoryImpl := &quot; }"/>
        </annotation>
    </item>
    <item name='com.sun.corba.se.impl.ior.ObjectKeyFactoryImpl ObjectKeyFactoryImpl(com.sun.corba.se.spi.orb.ORB)'>
        <annotation name='com.intellij.inspections.tainted.annotation.equation.Equations'>
            <val val="{ &quot;ObjectKeyFactoryImpl := ObjectKeyFactoryImpl&quot;, &quot;orb := com.sun.corba.se.spi.ior.IORFactories#makeObjectKeyFactory(com.sun.corba.se.spi.orb.ORB)#0&quot; }"/>
        </annotation>
    </item>
    <item name='com.sun.corba.se.impl.ior.ObjectKeyFactoryImpl com.sun.corba.se.spi.ior.ObjectKeyTemplate create(org.omg.CORBA_2_3.portable.InputStream, com.sun.corba.se.impl.ior.Handler, org.omg.CORBA.OctetSeqHolder)'>
        <annotation name='com.intellij.inspections.tainted.annotation.equation.Equations'>
            <val val="{ &quot;handler := ObjectKeyFactoryImpl&quot;, &quot;is := #createTemplate(org.omg.CORBA_2_3.portable.InputStream)#0&quot; }"/>
        </annotation>
    </item>
    <item name='com.sun.corba.se.impl.ior.ObjectKeyImpl ObjectKeyImpl(com.sun.corba.se.spi.ior.ObjectKeyTemplate, com.sun.corba.se.spi.ior.ObjectId)'>
        <annotation name='com.intellij.inspections.tainted.annotation.equation.Equations'>
            <val val="{ &quot;id := com.sun.corba.se.spi.ior.IORFactories#makeObjectKey(com.sun.corba.se.spi.ior.ObjectKeyTemplate, com.sun.corba.se.spi.ior.ObjectId)#1&quot;, &quot;oktemp := com.sun.corba.se.spi.ior.IORFactories#makeObjectKey(com.sun.corba.se.spi.ior.ObjectKeyTemplate, com.sun.corba.se.spi.ior.ObjectId)#0&quot;, &quot;ObjectKeyImpl := ObjectKeyImpl&quot; }"/>
        </annotation>
    </item>
    <item name='com.sun.corba.se.impl.ior.ObjectKeyImpl com.sun.corba.se.spi.ior.ObjectId getId()'>
        <annotation name='com.intellij.inspections.tainted.annotation.equation.Equations'>
            <val val="{ &quot;getId := ObjectKeyImpl&quot; }"/>
        </annotation>
    </item>
    <item name='com.sun.corba.se.impl.ior.ObjectKeyImpl com.sun.corba.se.spi.ior.ObjectKeyTemplate getTemplate()'>
        <annotation name='com.intellij.inspections.tainted.annotation.equation.Equations'>
            <val val="{ &quot;getTemplate := ObjectKeyImpl&quot; }"/>
        </annotation>
    </item>
    <item name='com.sun.corba.se.impl.ior.ObjectKeyTemplateBase ObjectKeyTemplateBase(com.sun.corba.se.spi.orb.ORB, int, int, int, java.lang.String, com.sun.corba.se.spi.ior.ObjectAdapterId)'>
        <annotation name='com.intellij.inspections.tainted.annotation.equation.Equations'>
            <val val="{ &quot;orb := NewObjectKeyTemplateBase#NewObjectKeyTemplateBase(com.sun.corba.se.spi.orb.ORB, int, int, int, java.lang.String, com.sun.corba.se.spi.ior.ObjectAdapterId)#0 &amp; OldObjectKeyTemplateBase#OldObjectKeyTemplateBase(com.sun.corba.se.spi.orb.ORB, int, int, int, java.lang.String, com.sun.corba.se.spi.ior.ObjectAdapterId)#0&quot;, &quot;scid := NewObjectKeyTemplateBase#NewObjectKeyTemplateBase(com.sun.corba.se.spi.orb.ORB, int, int, int, java.lang.String, com.sun.corba.se.spi.ior.ObjectAdapterId)#2 &amp; OldObjectKeyTemplateBase#OldObjectKeyTemplateBase(com.sun.corba.se.spi.orb.ORB, int, int, int, java.lang.String, com.sun.corba.se.spi.ior.ObjectAdapterId)#2&quot;, &quot;serverid := NewObjectKeyTemplateBase#NewObjectKeyTemplateBase(com.sun.corba.se.spi.orb.ORB, int, int, int, java.lang.String, com.sun.corba.se.spi.ior.ObjectAdapterId)#3 &amp; OldObjectKeyTemplateBase#OldObjectKeyTemplateBase(com.sun.corba.se.spi.orb.ORB, int, int, int, java.lang.String, com.sun.corba.se.spi.ior.ObjectAdapterId)#3&quot;, &quot;ObjectKeyTemplateBase := ObjectKeyTemplateBase&quot;, &quot;orbid := NewObjectKeyTemplateBase#NewObjectKeyTemplateBase(com.sun.corba.se.spi.orb.ORB, int, int, int, java.lang.String, com.sun.corba.se.spi.ior.ObjectAdapterId)#4 &amp; OldObjectKeyTemplateBase#OldObjectKeyTemplateBase(com.sun.corba.se.spi.orb.ORB, int, int, int, java.lang.String, com.sun.corba.se.spi.ior.ObjectAdapterId)#4&quot;, &quot;oaid := NewObjectKeyTemplateBase#NewObjectKeyTemplateBase(com.sun.corba.se.spi.orb.ORB, int, int, int, java.lang.String, com.sun.corba.se.spi.ior.ObjectAdapterId)#5 &amp; OldObjectKeyTemplateBase#OldObjectKeyTemplateBase(com.sun.corba.se.spi.orb.ORB, int, int, int, java.lang.String, com.sun.corba.se.spi.ior.ObjectAdapterId)#5&quot;, &quot;magic := NewObjectKeyTemplateBase#NewObjectKeyTemplateBase(com.sun.corba.se.spi.orb.ORB, int, int, int, java.lang.String, com.sun.corba.se.spi.ior.ObjectAdapterId)#1 &amp; OldObjectKeyTemplateBase#OldObjectKeyTemplateBase(com.sun.corba.se.spi.orb.ORB, int, int, int, java.lang.String, com.sun.corba.se.spi.ior.ObjectAdapterId)#1&quot; }"/>
        </annotation>
    </item>
    <item name='com.sun.corba.se.impl.ior.ObjectKeyTemplateBase byte[] getAdapterId()'>
        <annotation name='com.intellij.inspections.tainted.annotation.equation.Equations'>
            <val val="{ &quot;getAdapterId := ObjectKeyTemplateBase&quot; }"/>
        </annotation>
    </item>
    <item name='com.sun.corba.se.impl.ior.ObjectKeyTemplateBase com.sun.corba.se.spi.ior.ObjectAdapterId getObjectAdapterId()'>
        <annotation name='com.intellij.inspections.tainted.annotation.equation.Equations'>
            <val val="{ &quot;getObjectAdapterId := ObjectKeyTemplateBase&quot; }"/>
        </annotation>
    </item>
    <item name='com.sun.corba.se.impl.ior.ObjectKeyTemplateBase com.sun.corba.se.spi.orb.ORBVersion getORBVersion()'>
        <annotation name='com.intellij.inspections.tainted.annotation.equation.Equations'>
            <val val="{ &quot;getORBVersion := OldPOAObjectKeyTemplate#getORBVersion() &amp; ObjectKeyTemplateBase&quot; }"/>
        </annotation>
    </item>
    <item name='com.sun.corba.se.impl.ior.ObjectKeyTemplateBase int getMagic()'>
        <annotation name='com.intellij.inspections.tainted.annotation.equation.Equations'>
            <val val="{ &quot;getMagic := ObjectKeyTemplateBase&quot; }"/>
        </annotation>
    </item>
    <item name='com.sun.corba.se.impl.ior.ObjectKeyTemplateBase int getServerId()'>
        <annotation name='com.intellij.inspections.tainted.annotation.equation.Equations'>
            <val val="{ &quot;getServerId := ObjectKeyTemplateBase&quot; }"/>
        </annotation>
    </item>
    <item name='com.sun.corba.se.impl.ior.ObjectKeyTemplateBase int getSubcontractId()'>
        <annotation name='com.intellij.inspections.tainted.annotation.equation.Equations'>
            <val val="{ &quot;getSubcontractId := ObjectKeyTemplateBase&quot; }"/>
        </annotation>
    </item>
    <item name='com.sun.corba.se.impl.ior.ObjectKeyTemplateBase int hashCode()'>
        <annotation name='com.intellij.inspections.tainted.annotation.equation.Equations'>
            <val val="{ &quot;hashCode := ObjectKeyTemplateBase&quot; }"/>
        </annotation>
    </item>
    <item name='com.sun.corba.se.impl.ior.ObjectKeyTemplateBase java.lang.String getORBId()'>
        <annotation name='com.intellij.inspections.tainted.annotation.equation.Equations'>
            <val val="{ &quot;getORBId := ObjectKeyTemplateBase&quot; }"/>
        </annotation>
    </item>
    <item name='com.sun.corba.se.impl.ior.ObjectKeyTemplateBase void write(com.sun.corba.se.spi.ior.ObjectId, org.omg.CORBA_2_3.portable.OutputStream)'>
        <annotation name='com.intellij.inspections.tainted.annotation.equation.Equations'>
            <val val="{ &quot;os := NewObjectKeyTemplateBase#write(com.sun.corba.se.spi.ior.ObjectId, org.omg.CORBA_2_3.portable.OutputStream)#1 &amp; OldJIDLObjectKeyTemplate#write(com.sun.corba.se.spi.ior.ObjectId, org.omg.CORBA_2_3.portable.OutputStream)#1&quot;, &quot;objectId := NewObjectKeyTemplateBase#write(com.sun.corba.se.spi.ior.ObjectId, org.omg.CORBA_2_3.portable.OutputStream)#0 &amp; OldJIDLObjectKeyTemplate#write(com.sun.corba.se.spi.ior.ObjectId, org.omg.CORBA_2_3.portable.OutputStream)#0&quot; }"/>
        </annotation>
    </item>
    <item name='com.sun.corba.se.impl.ior.ObjectKeyTemplateBase void write(org.omg.CORBA_2_3.portable.OutputStream)'>
        <annotation name='com.intellij.inspections.tainted.annotation.equation.Equations'>
            <val val="{ &quot;os := NewObjectKeyTemplateBase#write(org.omg.CORBA_2_3.portable.OutputStream)#0&quot; }"/>
        </annotation>
    </item>
    <item name='com.sun.corba.se.impl.ior.ObjectKeyTemplateBase void writeTemplate(org.omg.CORBA_2_3.portable.OutputStream)'>
        <annotation name='com.intellij.inspections.tainted.annotation.equation.Equations'>
            <val val="{ &quot;os := JIDLObjectKeyTemplate#writeTemplate(org.omg.CORBA_2_3.portable.OutputStream)#0 &amp; POAObjectKeyTemplate#writeTemplate(org.omg.CORBA_2_3.portable.OutputStream)#0 &amp; OldPOAObjectKeyTemplate#writeTemplate(org.omg.CORBA_2_3.portable.OutputStream)#0 &amp; #write(com.sun.corba.se.spi.ior.ObjectId, org.omg.CORBA_2_3.portable.OutputStream)#1 &amp; #write(org.omg.CORBA_2_3.portable.OutputStream)#0 &amp; OldJIDLObjectKeyTemplate#writeTemplate(org.omg.CORBA_2_3.portable.OutputStream)#0&quot; }"/>
        </annotation>
    </item>
    <item name='com.sun.corba.se.impl.ior.ObjectReferenceFactoryImpl ObjectReferenceFactoryImpl(com.sun.corba.se.spi.orb.ORB, com.sun.corba.se.spi.ior.IORTemplateList)'>
        <annotation name='com.intellij.inspections.tainted.annotation.equation.Equations'>
            <val val="{ &quot;iortemps := com.sun.corba.se.spi.ior.IORFactories#makeObjectReferenceFactory(com.sun.corba.se.spi.orb.ORB, com.sun.corba.se.spi.ior.IORTemplateList)#1&quot;, &quot;ObjectReferenceFactoryImpl := ObjectReferenceFactoryImpl&quot;, &quot;orb := com.sun.corba.se.spi.ior.IORFactories#makeObjectReferenceFactory(com.sun.corba.se.spi.orb.ORB, com.sun.corba.se.spi.ior.IORTemplateList)#0&quot; }"/>
        </annotation>
    </item>
    <item name='com.sun.corba.se.impl.ior.ObjectReferenceFactoryImpl ObjectReferenceFactoryImpl(org.omg.CORBA.portable.InputStream)'>
        <annotation name='com.intellij.inspections.tainted.annotation.equation.Equations'>
            <val val="{ &quot;ObjectReferenceFactoryImpl := ObjectReferenceFactoryImpl&quot; }"/>
        </annotation>
    </item>
    <item name='com.sun.corba.se.impl.ior.ObjectReferenceFactoryImpl com.sun.corba.se.spi.ior.IORFactory getIORFactory()'>
        <annotation name='com.intellij.inspections.tainted.annotation.equation.Equations'>
            <val val="{ &quot;getIORFactory := ObjectReferenceFactoryImpl&quot; }"/>
        </annotation>
    </item>
    <item name='com.sun.corba.se.impl.ior.ObjectReferenceFactoryImpl com.sun.corba.se.spi.ior.IORTemplateList getIORTemplateList()'>
        <annotation name='com.intellij.inspections.tainted.annotation.equation.Equations'>
            <val val="{ &quot;getIORTemplateList := ObjectReferenceFactoryImpl&quot; }"/>
        </annotation>
    </item>
    <item name='com.sun.corba.se.impl.ior.ObjectReferenceFactoryImpl java.lang.String[] _truncatable_ids()'>
        <annotation name='com.intellij.inspections.tainted.annotation.equation.Equations'>
            <val val="{ &quot;_truncatable_ids := #repositoryId&quot; }"/>
        </annotation>
    </item>
    <item name='com.sun.corba.se.impl.ior.ObjectReferenceFactoryImpl void _read(org.omg.CORBA.portable.InputStream)'>
        <annotation name='com.intellij.inspections.tainted.annotation.equation.Equations'>
            <val val="{ &quot;is := #ObjectReferenceFactoryImpl(org.omg.CORBA.portable.InputStream)#0&quot; }"/>
        </annotation>
    </item>
    <item name='com.sun.corba.se.impl.ior.ObjectReferenceProducerBase ObjectReferenceProducerBase(com.sun.corba.se.spi.orb.ORB)'>
        <annotation name='com.intellij.inspections.tainted.annotation.equation.Equations'>
            <val val="{ &quot;ObjectReferenceProducerBase := ObjectReferenceProducerBase&quot;, &quot;orb := ObjectReferenceFactoryImpl#ObjectReferenceFactoryImpl(com.sun.corba.se.spi.orb.ORB, com.sun.corba.se.spi.ior.IORTemplateList)#0 &amp; ObjectReferenceTemplateImpl#ObjectReferenceTemplateImpl(com.sun.corba.se.spi.orb.ORB, com.sun.corba.se.spi.ior.IORTemplate)#0&quot; }"/>
        </annotation>
    </item>
    <item name='com.sun.corba.se.impl.ior.ObjectReferenceProducerBase com.sun.corba.se.spi.ior.IORFactory getIORFactory()'>
        <annotation name='com.intellij.inspections.tainted.annotation.equation.Equations'>
            <val val="{ &quot;getIORFactory := ObjectReferenceFactoryImpl#getIORFactory() &amp; ObjectReferenceTemplateImpl#getIORFactory()&quot; }"/>
        </annotation>
    </item>
    <item name='com.sun.corba.se.impl.ior.ObjectReferenceProducerBase com.sun.corba.se.spi.ior.IORTemplateList getIORTemplateList()'>
        <annotation name='com.intellij.inspections.tainted.annotation.equation.Equations'>
            <val val="{ &quot;getIORTemplateList := ObjectReferenceTemplateImpl#getIORTemplateList() &amp; ObjectReferenceFactoryImpl#getIORTemplateList()&quot; }"/>
        </annotation>
    </item>
    <item name='com.sun.corba.se.impl.ior.ObjectReferenceTemplateImpl ObjectReferenceTemplateImpl(com.sun.corba.se.spi.orb.ORB, com.sun.corba.se.spi.ior.IORTemplate)'>
        <annotation name='com.intellij.inspections.tainted.annotation.equation.Equations'>
            <val val="{ &quot;ObjectReferenceTemplateImpl := ObjectReferenceTemplateImpl&quot;, &quot;orb := com.sun.corba.se.spi.ior.IORFactories#makeObjectReferenceTemplate(com.sun.corba.se.spi.orb.ORB, com.sun.corba.se.spi.ior.IORTemplate)#0&quot;, &quot;iortemp := com.sun.corba.se.spi.ior.IORFactories#makeObjectReferenceTemplate(com.sun.corba.se.spi.orb.ORB, com.sun.corba.se.spi.ior.IORTemplate)#1&quot; }"/>
        </annotation>
    </item>
    <item name='com.sun.corba.se.impl.ior.ObjectReferenceTemplateImpl ObjectReferenceTemplateImpl(org.omg.CORBA.portable.InputStream)'>
        <annotation name='com.intellij.inspections.tainted.annotation.equation.Equations'>
            <val val="{ &quot;ObjectReferenceTemplateImpl := ObjectReferenceTemplateImpl&quot; }"/>
        </annotation>
    </item>
    <item name='com.sun.corba.se.impl.ior.ObjectReferenceTemplateImpl com.sun.corba.se.spi.ior.IORFactory getIORFactory()'>
        <annotation name='com.intellij.inspections.tainted.annotation.equation.Equations'>
            <val val="{ &quot;getIORFactory := ObjectReferenceTemplateImpl&quot; }"/>
        </annotation>
    </item>
    <item name='com.sun.corba.se.impl.ior.ObjectReferenceTemplateImpl java.lang.String[] _truncatable_ids()'>
        <annotation name='com.intellij.inspections.tainted.annotation.equation.Equations'>
            <val val="{ &quot;_truncatable_ids := #repositoryId&quot; }"/>
        </annotation>
    </item>
    <item name='com.sun.corba.se.impl.ior.ObjectReferenceTemplateImpl void _read(org.omg.CORBA.portable.InputStream)'>
        <annotation name='com.intellij.inspections.tainted.annotation.equation.Equations'>
            <val val="{ &quot;is := #ObjectReferenceTemplateImpl(org.omg.CORBA.portable.InputStream)#0&quot; }"/>
        </annotation>
    </item>
    <item name='com.sun.corba.se.impl.ior.OldJIDLObjectKeyTemplate'>
        <annotation name='com.intellij.inspections.tainted.annotation.equation.Equations'>
            <val val="{ &quot;OldJIDLObjectKeyTemplate := #NULL_PATCH_VERSION&quot; }"/>
        </annotation>
    </item>
    <item name='com.sun.corba.se.impl.ior.OldJIDLObjectKeyTemplate OldJIDLObjectKeyTemplate(com.sun.corba.se.spi.orb.ORB, int, int, int)'>
        <annotation name='com.intellij.inspections.tainted.annotation.equation.Equations'>
            <val val="{ &quot;orb := #OldJIDLObjectKeyTemplate(com.sun.corba.se.spi.orb.ORB, int, int, org.omg.CORBA_2_3.portable.InputStream)#0&quot;, &quot;magic := #OldJIDLObjectKeyTemplate(com.sun.corba.se.spi.orb.ORB, int, int, org.omg.CORBA_2_3.portable.InputStream)#1&quot;, &quot;OldJIDLObjectKeyTemplate := OldJIDLObjectKeyTemplate&quot;, &quot;scid := #OldJIDLObjectKeyTemplate(com.sun.corba.se.spi.orb.ORB, int, int, org.omg.CORBA_2_3.portable.InputStream)#2&quot; }"/>
        </annotation>
    </item>
    <item name='com.sun.corba.se.impl.ior.OldJIDLObjectKeyTemplate OldJIDLObjectKeyTemplate(com.sun.corba.se.spi.orb.ORB, int, int, org.omg.CORBA_2_3.portable.InputStream)'>
        <annotation name='com.intellij.inspections.tainted.annotation.equation.Equations'>
            <val val="{ &quot;OldJIDLObjectKeyTemplate := OldJIDLObjectKeyTemplate&quot;, &quot;magic := #OldJIDLObjectKeyTemplate(com.sun.corba.se.spi.orb.ORB, int, int, org.omg.CORBA_2_3.portable.InputStream, org.omg.CORBA.OctetSeqHolder)#1&quot;, &quot;is := #OldJIDLObjectKeyTemplate(com.sun.corba.se.spi.orb.ORB, int, int, org.omg.CORBA_2_3.portable.InputStream, org.omg.CORBA.OctetSeqHolder)#3&quot;, &quot;orb := ObjectKeyFactoryImpl &amp; #OldJIDLObjectKeyTemplate(com.sun.corba.se.spi.orb.ORB, int, int, org.omg.CORBA_2_3.portable.InputStream, org.omg.CORBA.OctetSeqHolder)#0&quot;, &quot;scid := #OldJIDLObjectKeyTemplate(com.sun.corba.se.spi.orb.ORB, int, int, org.omg.CORBA_2_3.portable.InputStream, org.omg.CORBA.OctetSeqHolder)#2&quot; }"/>
        </annotation>
    </item>
    <item name='com.sun.corba.se.impl.ior.OldJIDLObjectKeyTemplate OldJIDLObjectKeyTemplate(com.sun.corba.se.spi.orb.ORB, int, int, org.omg.CORBA_2_3.portable.InputStream, org.omg.CORBA.OctetSeqHolder)'>
        <annotation name='com.intellij.inspections.tainted.annotation.equation.Equations'>
            <val val="{ &quot;scid := &quot;, &quot;magic := &quot;, &quot;is := &quot;, &quot;OldJIDLObjectKeyTemplate := OldJIDLObjectKeyTemplate&quot;, &quot;orb := ObjectKeyFactoryImpl&quot;, &quot;osh := &quot; }"/>
        </annotation>
    </item>
    <item name='com.sun.corba.se.impl.ior.OldObjectKeyTemplateBase OldObjectKeyTemplateBase(com.sun.corba.se.spi.orb.ORB, int, int, int, java.lang.String, com.sun.corba.se.spi.ior.ObjectAdapterId)'>
        <annotation name='com.intellij.inspections.tainted.annotation.equation.Equations'>
            <val val="{ &quot;OldObjectKeyTemplateBase := OldObjectKeyTemplateBase&quot;, &quot;oaid := ObjectKeyTemplateBase#JIDL_OAID&quot;, &quot;orbid := ObjectKeyTemplateBase#JIDL_ORB_ID&quot;, &quot;scid := OldPOAObjectKeyTemplate#OldPOAObjectKeyTemplate(com.sun.corba.se.spi.orb.ORB, int, int, int, int, int)#2 &amp; OldJIDLObjectKeyTemplate#OldJIDLObjectKeyTemplate(com.sun.corba.se.spi.orb.ORB, int, int, int)#2&quot;, &quot;serverid := OldPOAObjectKeyTemplate#OldPOAObjectKeyTemplate(com.sun.corba.se.spi.orb.ORB, int, int, int, int, int)#3 &amp; OldJIDLObjectKeyTemplate#OldJIDLObjectKeyTemplate(com.sun.corba.se.spi.orb.ORB, int, int, int)#3&quot;, &quot;orb := OldPOAObjectKeyTemplate#OldPOAObjectKeyTemplate(com.sun.corba.se.spi.orb.ORB, int, int, int, int, int)#0 &amp; OldJIDLObjectKeyTemplate#OldJIDLObjectKeyTemplate(com.sun.corba.se.spi.orb.ORB, int, int, int)#0&quot;, &quot;magic := OldPOAObjectKeyTemplate#OldPOAObjectKeyTemplate(com.sun.corba.se.spi.orb.ORB, int, int, int, int, int)#1 &amp; OldJIDLObjectKeyTemplate#OldJIDLObjectKeyTemplate(com.sun.corba.se.spi.orb.ORB, int, int, int)#1&quot; }"/>
        </annotation>
    </item>
    <item name='com.sun.corba.se.impl.ior.OldPOAObjectKeyTemplate OldPOAObjectKeyTemplate(com.sun.corba.se.spi.orb.ORB, int, int, int, int, int)'>
        <annotation name='com.intellij.inspections.tainted.annotation.equation.Equations'>
            <val val="{ &quot;scid := #OldPOAObjectKeyTemplate(com.sun.corba.se.spi.orb.ORB, int, int, org.omg.CORBA_2_3.portable.InputStream)#2&quot;, &quot;OldPOAObjectKeyTemplate := OldPOAObjectKeyTemplate&quot;, &quot;magic := #OldPOAObjectKeyTemplate(com.sun.corba.se.spi.orb.ORB, int, int, org.omg.CORBA_2_3.portable.InputStream)#1&quot;, &quot;orb := #OldPOAObjectKeyTemplate(com.sun.corba.se.spi.orb.ORB, int, int, org.omg.CORBA_2_3.portable.InputStream)#0&quot; }"/>
        </annotation>
    </item>
    <item name='com.sun.corba.se.impl.ior.OldPOAObjectKeyTemplate OldPOAObjectKeyTemplate(com.sun.corba.se.spi.orb.ORB, int, int, org.omg.CORBA_2_3.portable.InputStream)'>
        <annotation name='com.intellij.inspections.tainted.annotation.equation.Equations'>
            <val val="{ &quot;magic := #OldPOAObjectKeyTemplate(com.sun.corba.se.spi.orb.ORB, int, int, org.omg.CORBA_2_3.portable.InputStream, org.omg.CORBA.OctetSeqHolder)#1&quot;, &quot;orb := #OldPOAObjectKeyTemplate(com.sun.corba.se.spi.orb.ORB, int, int, org.omg.CORBA_2_3.portable.InputStream, org.omg.CORBA.OctetSeqHolder)#0 &amp; ObjectKeyFactoryImpl&quot;, &quot;is := #OldPOAObjectKeyTemplate(com.sun.corba.se.spi.orb.ORB, int, int, org.omg.CORBA_2_3.portable.InputStream, org.omg.CORBA.OctetSeqHolder)#3&quot;, &quot;scid := #OldPOAObjectKeyTemplate(com.sun.corba.se.spi.orb.ORB, int, int, org.omg.CORBA_2_3.portable.InputStream, org.omg.CORBA.OctetSeqHolder)#2&quot;, &quot;OldPOAObjectKeyTemplate := OldPOAObjectKeyTemplate&quot; }"/>
        </annotation>
    </item>
    <item name='com.sun.corba.se.impl.ior.OldPOAObjectKeyTemplate OldPOAObjectKeyTemplate(com.sun.corba.se.spi.orb.ORB, int, int, org.omg.CORBA_2_3.portable.InputStream, org.omg.CORBA.OctetSeqHolder)'>
        <annotation name='com.intellij.inspections.tainted.annotation.equation.Equations'>
            <val val="{ &quot;scid := &quot;, &quot;magic := &quot;, &quot;OldPOAObjectKeyTemplate := OldPOAObjectKeyTemplate&quot;, &quot;is := &quot;, &quot;orb := ObjectKeyFactoryImpl&quot;, &quot;osh := &quot; }"/>
        </annotation>
    </item>
    <item name='com.sun.corba.se.impl.ior.POAObjectKeyTemplate POAObjectKeyTemplate(com.sun.corba.se.spi.orb.ORB, int, int, java.lang.String, com.sun.corba.se.spi.ior.ObjectAdapterId)'>
        <annotation name='com.intellij.inspections.tainted.annotation.equation.Equations'>
            <val val="{ &quot;objectAdapterId := com.sun.corba.se.impl.oa.poa.POAImpl&quot;, &quot;POAObjectKeyTemplate := POAObjectKeyTemplate&quot; }"/>
        </annotation>
    </item>
    <item name='com.sun.corba.se.impl.ior.POAObjectKeyTemplate POAObjectKeyTemplate(com.sun.corba.se.spi.orb.ORB, int, int, org.omg.CORBA_2_3.portable.InputStream)'>
        <annotation name='com.intellij.inspections.tainted.annotation.equation.Equations'>
            <val val="{ &quot;magic := &quot;, &quot;POAObjectKeyTemplate := POAObjectKeyTemplate&quot;, &quot;orb := ObjectKeyFactoryImpl&quot;, &quot;is := &quot;, &quot;scid := &quot; }"/>
        </annotation>
    </item>
    <item name='com.sun.corba.se.impl.ior.POAObjectKeyTemplate POAObjectKeyTemplate(com.sun.corba.se.spi.orb.ORB, int, int, org.omg.CORBA_2_3.portable.InputStream, org.omg.CORBA.OctetSeqHolder)'>
        <annotation name='com.intellij.inspections.tainted.annotation.equation.Equations'>
            <val val="{ &quot;osh := &quot;, &quot;POAObjectKeyTemplate := POAObjectKeyTemplate&quot;, &quot;is := &quot;, &quot;orb := ObjectKeyFactoryImpl&quot;, &quot;magic := &quot;, &quot;scid := &quot; }"/>
        </annotation>
    </item>
    <item name='com.sun.corba.se.impl.ior.StubIORImpl StubIORImpl()'>
        <annotation name='com.intellij.inspections.tainted.annotation.equation.Equations'>
            <val val="{ &quot;StubIORImpl := StubIORImpl&quot; }"/>
        </annotation>
    </item>
    <item name='com.sun.corba.se.impl.ior.StubIORImpl StubIORImpl(org.omg.CORBA.Object)'>
        <annotation name='com.intellij.inspections.tainted.annotation.equation.Equations'>
            <val val="{ &quot;StubIORImpl := StubIORImpl&quot;, &quot;obj := com.sun.corba.se.impl.javax.rmi.CORBA.StubDelegateImpl#init(javax.rmi.CORBA.Stub)#0 &amp; com.sun.corba.se.impl.presentation.rmi.DynamicStubImpl&quot; }"/>
        </annotation>
    </item>
    <item name='com.sun.corba.se.impl.ior.StubIORImpl boolean equalArrays(byte[], byte[])'>
        <annotation name='com.intellij.inspections.tainted.annotation.equation.Equations'>
            <val val="{ &quot;data1 := StubIORImpl&quot; }"/>
        </annotation>
    </item>
    <item name='com.sun.corba.se.impl.ior.StubIORImpl boolean equalArrays(byte[][], byte[][])'>
        <annotation name='com.intellij.inspections.tainted.annotation.equation.Equations'>
            <val val="{ &quot;data1 := StubIORImpl&quot; }"/>
        </annotation>
    </item>
    <item name='com.sun.corba.se.impl.ior.StubIORImpl boolean equalArrays(int[], int[])'>
        <annotation name='com.intellij.inspections.tainted.annotation.equation.Equations'>
            <val val="{ &quot;data1 := StubIORImpl&quot; }"/>
        </annotation>
    </item>
    <item name='com.sun.corba.se.impl.ior.StubIORImpl int hashCode()'>
        <annotation name='com.intellij.inspections.tainted.annotation.equation.Equations'>
            <val val="{ &quot;hashCode := StubIORImpl&quot; }"/>
        </annotation>
    </item>
    <item name='com.sun.corba.se.impl.ior.StubIORImpl org.omg.CORBA.portable.Delegate getDelegate(org.omg.CORBA.ORB)'>
        <annotation name='com.intellij.inspections.tainted.annotation.equation.Equations'>
            <val val="{ &quot;orb := com.sun.corba.se.impl.presentation.rmi.StubConnectImpl#connect(com.sun.corba.se.impl.ior.StubIORImpl, org.omg.CORBA.Object, org.omg.CORBA.portable.ObjectImpl, org.omg.CORBA.ORB)#3&quot; }"/>
        </annotation>
    </item>
    <item name='com.sun.corba.se.impl.ior.StubIORImpl void appendByteArray(java.lang.StringBuffer, byte[])'>
        <annotation name='com.intellij.inspections.tainted.annotation.equation.Equations'>
            <val val="{ &quot;data := StubIORImpl&quot; }"/>
        </annotation>
    </item>
    <item name='com.sun.corba.se.impl.ior.StubIORImpl void doRead(java.io.ObjectInputStream)'>
        <annotation name='com.intellij.inspections.tainted.annotation.equation.Equations'>
            <val val="{ &quot;stream := com.sun.corba.se.impl.javax.rmi.CORBA.StubDelegateImpl#readObject(javax.rmi.CORBA.Stub, java.io.ObjectInputStream)#1 &amp; com.sun.corba.se.impl.presentation.rmi.DynamicStubImpl#readObject(java.io.ObjectInputStream)#0&quot; }"/>
        </annotation>
    </item>
    <item name='com.sun.corba.se.impl.ior.StubIORImpl void doWrite(java.io.ObjectOutputStream)'>
        <annotation name='com.intellij.inspections.tainted.annotation.equation.Equations'>
            <val val="{ &quot;stream := com.sun.corba.se.impl.javax.rmi.CORBA.StubDelegateImpl#writeObject(javax.rmi.CORBA.Stub, java.io.ObjectOutputStream)#1 &amp; com.sun.corba.se.impl.presentation.rmi.DynamicStubImpl#writeObject(java.io.ObjectOutputStream)#0&quot; }"/>
        </annotation>
    </item>
    <item name='com.sun.corba.se.impl.ior.TaggedComponentFactoryFinderImpl TaggedComponentFactoryFinderImpl(com.sun.corba.se.spi.orb.ORB)'>
        <annotation name='com.intellij.inspections.tainted.annotation.equation.Equations'>
            <val val="{ &quot;orb := com.sun.corba.se.impl.orb.ORBImpl&quot;, &quot;TaggedComponentFactoryFinderImpl := TaggedComponentFactoryFinderImpl&quot; }"/>
        </annotation>
    </item>
    <item name='com.sun.corba.se.impl.ior.TaggedProfileFactoryFinderImpl TaggedProfileFactoryFinderImpl(com.sun.corba.se.spi.orb.ORB)'>
        <annotation name='com.intellij.inspections.tainted.annotation.equation.Equations'>
            <val val="{ &quot;orb := com.sun.corba.se.impl.orb.ORBImpl&quot;, &quot;TaggedProfileFactoryFinderImpl := TaggedProfileFactoryFinderImpl&quot; }"/>
        </annotation>
    </item>
    <item name='com.sun.corba.se.impl.ior.TaggedProfileTemplateFactoryFinderImpl TaggedProfileTemplateFactoryFinderImpl(com.sun.corba.se.spi.orb.ORB)'>
        <annotation name='com.intellij.inspections.tainted.annotation.equation.Equations'>
            <val val="{ &quot;TaggedProfileTemplateFactoryFinderImpl := TaggedProfileTemplateFactoryFinderImpl&quot;, &quot;orb := com.sun.corba.se.impl.orb.ORBImpl&quot; }"/>
        </annotation>
    </item>
    <item name='com.sun.corba.se.impl.ior.WireObjectKeyTemplate WireObjectKeyTemplate(com.sun.corba.se.spi.orb.ORB)'>
        <annotation name='com.intellij.inspections.tainted.annotation.equation.Equations'>
            <val val="{ &quot;orb := ObjectKeyFactoryImpl&quot;, &quot;WireObjectKeyTemplate := WireObjectKeyTemplate&quot; }"/>
        </annotation>
    </item>
    <item name='com.sun.corba.se.impl.ior.WireObjectKeyTemplate int getSubcontractId()'>
        <annotation name='com.intellij.inspections.tainted.annotation.equation.Equations'>
            <val val="{ &quot;getSubcontractId := com.sun.corba.se.impl.orbutil.ORBConstants#DEFAULT_SCID&quot; }"/>
        </annotation>
    </item>
    <item name='com.sun.corba.se.impl.ior.WireObjectKeyTemplate void initORB(com.sun.corba.se.spi.orb.ORB)'>
        <annotation name='com.intellij.inspections.tainted.annotation.equation.Equations'>
            <val val="{ &quot;orb := #WireObjectKeyTemplate(com.sun.corba.se.spi.orb.ORB)#0&quot; }"/>
        </annotation>
    </item>
</root>