<root>
    <item name='sun.font.CharToGlyphMapper boolean canDisplay(char)'>
        <annotation name='com.intellij.inspections.tainted.annotation.equation.Equations'>
            <val val="{ &quot;canDisplay := Type1GlyphMapper#canDisplay(char)&quot; }"/>
        </annotation>
    </item>
    <item name='sun.font.CharToGlyphMapper boolean charsToGlyphsNS(int, char[], int[])'>
        <annotation name='com.intellij.inspections.tainted.annotation.equation.Equations'>
            <val val="{ &quot;charsToGlyphsNS := CompositeGlyphMapper#charsToGlyphsNS(int, char[], int[]) &amp; TrueTypeGlyphMapper#charsToGlyphsNS(int, char[], int[]) &amp; NativeGlyphMapper#charsToGlyphsNS(int, char[], int[]) &amp; Type1GlyphMapper#charsToGlyphsNS(int, char[], int[])&quot; }"/>
        </annotation>
    </item>
    <item name='sun.font.CharToGlyphMapper int charToGlyph(char)'>
        <annotation name='com.intellij.inspections.tainted.annotation.equation.Equations'>
            <val val="{ &quot;charToGlyph := CompositeGlyphMapper#charToGlyph(char) &amp; TrueTypeGlyphMapper#charToGlyph(char) &amp; NativeGlyphMapper#charToGlyph(char) &amp; Type1GlyphMapper#charToGlyph(char)&quot; }"/>
        </annotation>
    </item>
    <item name='sun.font.CharToGlyphMapper int charToGlyph(int)'>
        <annotation name='com.intellij.inspections.tainted.annotation.equation.Equations'>
            <val val="{ &quot;charToGlyph := CompositeGlyphMapper#charToGlyph(int) &amp; TrueTypeGlyphMapper#charToGlyph(int) &amp; NativeGlyphMapper#charToGlyph(int) &amp; Type1GlyphMapper#charToGlyph(int)&quot; }"/>
        </annotation>
    </item>
    <item name='sun.font.CharToGlyphMapper int getMissingGlyphCode()'>
        <annotation name='com.intellij.inspections.tainted.annotation.equation.Equations'>
            <val val="{ &quot;getMissingGlyphCode := Type1GlyphMapper#getMissingGlyphCode()&quot; }"/>
        </annotation>
    </item>
    <item name='sun.font.CharToGlyphMapper int getNumGlyphs()'>
        <annotation name='com.intellij.inspections.tainted.annotation.equation.Equations'>
            <val val="{ &quot;getNumGlyphs := CompositeGlyphMapper#getNumGlyphs() &amp; NativeGlyphMapper#getNumGlyphs() &amp; TrueTypeGlyphMapper#getNumGlyphs() &amp; Type1GlyphMapper#getNumGlyphs()&quot; }"/>
        </annotation>
    </item>
    <item name='sun.font.Decoration.Label java.awt.Shape handleGetOutline(float, float)'>
        <annotation name='com.intellij.inspections.tainted.annotation.equation.Equations'>
            <val val="{ &quot;handleGetOutline := GraphicComponent#handleGetOutline(float, float) &amp; ExtendedTextSourceLabel#handleGetOutline(float, float)&quot; }"/>
        </annotation>
    </item>
    <item name='sun.font.Decoration.Label java.awt.geom.Rectangle2D getLogicalBounds()'>
        <annotation name='com.intellij.inspections.tainted.annotation.equation.Equations'>
            <val val="{ &quot;getLogicalBounds := GraphicComponent#getLogicalBounds() &amp; ExtendedTextSourceLabel#getLogicalBounds()&quot; }"/>
        </annotation>
    </item>
    <item name='sun.font.Decoration.Label java.awt.geom.Rectangle2D handleGetCharVisualBounds(int)'>
        <annotation name='com.intellij.inspections.tainted.annotation.equation.Equations'>
            <val val="{ &quot;handleGetCharVisualBounds := GraphicComponent#handleGetCharVisualBounds(int) &amp; ExtendedTextSourceLabel#handleGetCharVisualBounds(int)&quot; }"/>
        </annotation>
    </item>
    <item name='sun.font.Decoration.Label java.awt.geom.Rectangle2D handleGetVisualBounds()'>
        <annotation name='com.intellij.inspections.tainted.annotation.equation.Equations'>
            <val val="{ &quot;handleGetVisualBounds := GraphicComponent#handleGetVisualBounds() &amp; ExtendedTextSourceLabel#handleGetVisualBounds()&quot; }"/>
        </annotation>
    </item>
    <item name='sun.font.Decoration.Label sun.font.CoreMetrics getCoreMetrics()'>
        <annotation name='com.intellij.inspections.tainted.annotation.equation.Equations'>
            <val val="{ &quot;getCoreMetrics := GraphicComponent#getCoreMetrics() &amp; ExtendedTextSourceLabel#getCoreMetrics()&quot; }"/>
        </annotation>
    </item>
    <item name='sun.font.ExtendedTextLabel boolean caretAtOffsetIsValid(int)'>
        <annotation name='com.intellij.inspections.tainted.annotation.equation.Equations'>
            <val val="{ &quot;caretAtOffsetIsValid := ExtendedTextSourceLabel#caretAtOffsetIsValid(int)&quot; }"/>
        </annotation>
    </item>
    <item name='sun.font.ExtendedTextLabel float getAdvanceBetween(int, int)'>
        <annotation name='com.intellij.inspections.tainted.annotation.equation.Equations'>
            <val val="{ &quot;getAdvanceBetween := ExtendedTextSourceLabel#getAdvanceBetween(int, int)&quot; }"/>
        </annotation>
    </item>
    <item name='sun.font.ExtendedTextLabel float getCharAdvance(int)'>
        <annotation name='com.intellij.inspections.tainted.annotation.equation.Equations'>
            <val val="{ &quot;getCharAdvance := ExtendedTextSourceLabel#getCharAdvance(int)&quot; }"/>
        </annotation>
    </item>
    <item name='sun.font.ExtendedTextLabel float getCharX(int)'>
        <annotation name='com.intellij.inspections.tainted.annotation.equation.Equations'>
            <val val="{ &quot;getCharX := ExtendedTextSourceLabel#getCharX(int)&quot; }"/>
        </annotation>
    </item>
    <item name='sun.font.ExtendedTextLabel float getCharY(int)'>
        <annotation name='com.intellij.inspections.tainted.annotation.equation.Equations'>
            <val val="{ &quot;getCharY := ExtendedTextSourceLabel#getCharY(int)&quot; }"/>
        </annotation>
    </item>
    <item name='sun.font.ExtendedTextLabel int getLineBreakIndex(int, float)'>
        <annotation name='com.intellij.inspections.tainted.annotation.equation.Equations'>
            <val val="{ &quot;getLineBreakIndex := ExtendedTextSourceLabel#getLineBreakIndex(int, float)&quot; }"/>
        </annotation>
    </item>
    <item name='sun.font.ExtendedTextLabel int getNumCharacters()'>
        <annotation name='com.intellij.inspections.tainted.annotation.equation.Equations'>
            <val val="{ &quot;getNumCharacters := ExtendedTextSourceLabel#getNumCharacters()&quot; }"/>
        </annotation>
    </item>
    <item name='sun.font.ExtendedTextLabel int getNumJustificationInfos()'>
        <annotation name='com.intellij.inspections.tainted.annotation.equation.Equations'>
            <val val="{ &quot;getNumJustificationInfos := ExtendedTextSourceLabel#getNumJustificationInfos()&quot; }"/>
        </annotation>
    </item>
    <item name='sun.font.ExtendedTextLabel int logicalToVisual(int)'>
        <annotation name='com.intellij.inspections.tainted.annotation.equation.Equations'>
            <val val="{ &quot;logicalToVisual := ExtendedTextSourceLabel#logicalToVisual(int)&quot; }"/>
        </annotation>
    </item>
    <item name='sun.font.ExtendedTextLabel int visualToLogical(int)'>
        <annotation name='com.intellij.inspections.tainted.annotation.equation.Equations'>
            <val val="{ &quot;visualToLogical := ExtendedTextSourceLabel#visualToLogical(int)&quot; }"/>
        </annotation>
    </item>
    <item name='sun.font.ExtendedTextLabel java.awt.geom.Rectangle2D getCharVisualBounds(int, float, float)'>
        <annotation name='com.intellij.inspections.tainted.annotation.equation.Equations'>
            <val val="{ &quot;getCharVisualBounds := ExtendedTextSourceLabel#getCharVisualBounds(int, float, float)&quot; }"/>
        </annotation>
    </item>
    <item name='sun.font.ExtendedTextLabel sun.font.CoreMetrics getCoreMetrics()'>
        <annotation name='com.intellij.inspections.tainted.annotation.equation.Equations'>
            <val val="{ &quot;getCoreMetrics := ExtendedTextSourceLabel#getCoreMetrics()&quot; }"/>
        </annotation>
    </item>
    <item name='sun.font.ExtendedTextLabel sun.font.TextLineComponent applyJustificationDeltas(float[], int, boolean[])'>
        <annotation name='com.intellij.inspections.tainted.annotation.equation.Equations'>
            <val val="{ &quot;applyJustificationDeltas := ExtendedTextSourceLabel#applyJustificationDeltas(float[], int, boolean[])&quot; }"/>
        </annotation>
    </item>
    <item name='sun.font.ExtendedTextLabel sun.font.TextLineComponent getSubset(int, int, int)'>
        <annotation name='com.intellij.inspections.tainted.annotation.equation.Equations'>
            <val val="{ &quot;getSubset := ExtendedTextSourceLabel#getSubset(int, int, int)&quot; }"/>
        </annotation>
    </item>
    <item name='sun.font.FileFont boolean checkUseNatives()'>
        <annotation name='com.intellij.inspections.tainted.annotation.equation.Equations'>
            <val val="{ &quot;checkUseNatives := TrueTypeFont#checkUseNatives()&quot; }"/>
        </annotation>
    </item>
    <item name='sun.font.FileFont java.nio.ByteBuffer readBlock(int, int)'>
        <annotation name='com.intellij.inspections.tainted.annotation.equation.Equations'>
            <val val="{ &quot;readBlock := TrueTypeFont#readBlock(int, int) &amp; Type1Font#readBlock(int, int)&quot; }"/>
        </annotation>
    </item>
    <item name='sun.font.FileFont sun.font.FontScaler getScaler()'>
        <annotation name='com.intellij.inspections.tainted.annotation.equation.Equations'>
            <val val="{ &quot;getScaler := TrueTypeFont#getScaler() &amp; Type1Font#getScaler()&quot; }"/>
        </annotation>
    </item>
    <item name='sun.font.Font2D boolean canDisplay(char)'>
        <annotation name='com.intellij.inspections.tainted.annotation.equation.Equations'>
            <val val="{ &quot;canDisplay := CompositeFont#canDisplay(char)&quot; }"/>
        </annotation>
    </item>
    <item name='sun.font.Font2D boolean canDoStyle(int)'>
        <annotation name='com.intellij.inspections.tainted.annotation.equation.Equations'>
            <val val="{ &quot;canDoStyle := FileFont#canDoStyle(int)&quot; }"/>
        </annotation>
    </item>
    <item name='sun.font.Font2D boolean hasSupplementaryChars()'>
        <annotation name='com.intellij.inspections.tainted.annotation.equation.Equations'>
            <val val="{ &quot;hasSupplementaryChars := CompositeFont#hasSupplementaryChars() &amp; TrueTypeFont#hasSupplementaryChars()&quot; }"/>
        </annotation>
    </item>
    <item name='sun.font.Font2D boolean supportsEncoding(java.lang.String)'>
        <annotation name='com.intellij.inspections.tainted.annotation.equation.Equations'>
            <val val="{ &quot;supportsEncoding := TrueTypeFont#supportsEncoding(java.lang.String)&quot; }"/>
        </annotation>
    </item>
    <item name='sun.font.Font2D boolean useAAForPtSize(int)'>
        <annotation name='com.intellij.inspections.tainted.annotation.equation.Equations'>
            <val val="{ &quot;useAAForPtSize := CompositeFont#useAAForPtSize(int) &amp; TrueTypeFont#useAAForPtSize(int)&quot; }"/>
        </annotation>
    </item>
    <item name='sun.font.Font2D byte[] getTableBytes(int)'>
        <annotation name='com.intellij.inspections.tainted.annotation.equation.Equations'>
            <val val="{ &quot;getTableBytes := TrueTypeFont#getTableBytes(int)&quot; }"/>
        </annotation>
    </item>
    <item name='sun.font.Font2D int getMissingGlyphCode()'>
        <annotation name='com.intellij.inspections.tainted.annotation.equation.Equations'>
            <val val="{ &quot;getMissingGlyphCode := CompositeFont#getMissingGlyphCode() &amp; Type1Font#getMissingGlyphCode()&quot; }"/>
        </annotation>
    </item>
    <item name='sun.font.Font2D int getNumGlyphs()'>
        <annotation name='com.intellij.inspections.tainted.annotation.equation.Equations'>
            <val val="{ &quot;getNumGlyphs := CompositeFont#getNumGlyphs() &amp; NativeFont#getNumGlyphs() &amp; Type1Font#getNumGlyphs()&quot; }"/>
        </annotation>
    </item>
    <item name='sun.font.Font2D int getValidatedGlyphCode(int)'>
        <annotation name='com.intellij.inspections.tainted.annotation.equation.Equations'>
            <val val="{ &quot;getValidatedGlyphCode := CompositeFont#getValidatedGlyphCode(int)&quot; }"/>
        </annotation>
    </item>
    <item name='sun.font.Font2D int getWeight()'>
        <annotation name='com.intellij.inspections.tainted.annotation.equation.Equations'>
            <val val="{ &quot;getWeight := TrueTypeFont#getWeight()&quot; }"/>
        </annotation>
    </item>
    <item name='sun.font.Font2D int getWidth()'>
        <annotation name='com.intellij.inspections.tainted.annotation.equation.Equations'>
            <val val="{ &quot;getWidth := TrueTypeFont#getWidth()&quot; }"/>
        </annotation>
    </item>
    <item name='sun.font.Font2D java.lang.String getFamilyName(java.util.Locale)'>
        <annotation name='com.intellij.inspections.tainted.annotation.equation.Equations'>
            <val val="{ &quot;getFamilyName := TrueTypeFont#getFamilyName(java.util.Locale)&quot; }"/>
        </annotation>
    </item>
    <item name='sun.font.Font2D java.lang.String getFontName(java.util.Locale)'>
        <annotation name='com.intellij.inspections.tainted.annotation.equation.Equations'>
            <val val="{ &quot;getFontName := TrueTypeFont#getFontName(java.util.Locale)&quot; }"/>
        </annotation>
    </item>
    <item name='sun.font.Font2D java.lang.String getPostscriptName()'>
        <annotation name='com.intellij.inspections.tainted.annotation.equation.Equations'>
            <val val="{ &quot;getPostscriptName := TrueTypeFont#getPostscriptName() &amp; Type1Font#getPostscriptName()&quot; }"/>
        </annotation>
    </item>
    <item name='sun.font.Font2D long getUnitsPerEm()'>
        <annotation name='com.intellij.inspections.tainted.annotation.equation.Equations'>
            <val val="{ &quot;getUnitsPerEm := FileFont#getUnitsPerEm()&quot; }"/>
        </annotation>
    </item>
    <item name='sun.font.Font2D sun.font.CharToGlyphMapper getMapper()'>
        <annotation name='com.intellij.inspections.tainted.annotation.equation.Equations'>
            <val val="{ &quot;getMapper := CompositeFont#getMapper() &amp; NativeFont#getMapper() &amp; TrueTypeFont#getMapper() &amp; Type1Font#getMapper()&quot; }"/>
        </annotation>
    </item>
    <item name='sun.font.Font2D sun.font.FontStrike createStrike(sun.font.FontStrikeDesc)'>
        <annotation name='com.intellij.inspections.tainted.annotation.equation.Equations'>
            <val val="{ &quot;createStrike := CompositeFont#createStrike(sun.font.FontStrikeDesc) &amp; NativeFont#createStrike(sun.font.FontStrikeDesc) &amp; FileFont#createStrike(sun.font.FontStrikeDesc)&quot; }"/>
        </annotation>
    </item>
    <item name='sun.font.FontAccess boolean isCreatedFont(java.awt.Font)'>
        <annotation name='com.intellij.inspections.tainted.annotation.equation.Equations'>
            <val val="{ &quot;isCreatedFont := java.awt.Font.FontAccessImpl#isCreatedFont(java.awt.Font)&quot; }"/>
        </annotation>
    </item>
    <item name='sun.font.FontAccess sun.font.Font2D getFont2D(java.awt.Font)'>
        <annotation name='com.intellij.inspections.tainted.annotation.equation.Equations'>
            <val val="{ &quot;getFont2D := java.awt.Font.FontAccessImpl#getFont2D(java.awt.Font)&quot; }"/>
        </annotation>
    </item>
    <item name='sun.font.FontManager boolean registerFont(java.awt.Font)'>
        <annotation name='com.intellij.inspections.tainted.annotation.equation.Equations'>
            <val val="{ &quot;registerFont := SunFontManager#registerFont(java.awt.Font)&quot; }"/>
        </annotation>
    </item>
    <item name='sun.font.FontManager boolean usingPerAppContextComposites()'>
        <annotation name='com.intellij.inspections.tainted.annotation.equation.Equations'>
            <val val="{ &quot;usingPerAppContextComposites := SunFontManager#usingPerAppContextComposites()&quot; }"/>
        </annotation>
    </item>
    <item name='sun.font.FontManager sun.font.Font2D createFont2D(java.io.File, int, boolean, sun.font.CreatedFontTracker)'>
        <annotation name='com.intellij.inspections.tainted.annotation.equation.Equations'>
            <val val="{ &quot;createFont2D := SunFontManager#createFont2D(java.io.File, int, boolean, sun.font.CreatedFontTracker)&quot; }"/>
        </annotation>
    </item>
    <item name='sun.font.FontManager sun.font.Font2D findFont2D(java.lang.String, int, int)'>
        <annotation name='com.intellij.inspections.tainted.annotation.equation.Equations'>
            <val val="{ &quot;findFont2D := SunFontManager#findFont2D(java.lang.String, int, int)&quot; }"/>
        </annotation>
    </item>
    <item name='sun.font.FontManager sun.font.Font2DHandle getNewComposite(java.lang.String, int, sun.font.Font2DHandle)'>
        <annotation name='com.intellij.inspections.tainted.annotation.equation.Equations'>
            <val val="{ &quot;getNewComposite := SunFontManager#getNewComposite(java.lang.String, int, sun.font.Font2DHandle)&quot; }"/>
        </annotation>
    </item>
    <item name='sun.font.FontManagerForSGE java.awt.Font[] getAllInstalledFonts()'>
        <annotation name='com.intellij.inspections.tainted.annotation.equation.Equations'>
            <val val="{ &quot;getAllInstalledFonts := SunFontManager#getAllInstalledFonts()&quot; }"/>
        </annotation>
    </item>
    <item name='sun.font.FontManagerForSGE java.awt.Font[] getCreatedFonts()'>
        <annotation name='com.intellij.inspections.tainted.annotation.equation.Equations'>
            <val val="{ &quot;getCreatedFonts := SunFontManager#getCreatedFonts()&quot; }"/>
        </annotation>
    </item>
    <item name='sun.font.FontManagerForSGE java.lang.String[] getInstalledFontFamilyNames(java.util.Locale)'>
        <annotation name='com.intellij.inspections.tainted.annotation.equation.Equations'>
            <val val="{ &quot;getInstalledFontFamilyNames := SunFontManager#getInstalledFontFamilyNames(java.util.Locale)&quot; }"/>
        </annotation>
    </item>
    <item name='sun.font.FontManagerForSGE java.util.TreeMap&lt;java.lang.String,java.lang.String&gt; getCreatedFontFamilyNames()'>
        <annotation name='com.intellij.inspections.tainted.annotation.equation.Equations'>
            <val val="{ &quot;getCreatedFontFamilyNames := SunFontManager#getCreatedFontFamilyNames()&quot; }"/>
        </annotation>
    </item>
    <item name='sun.font.FontScaler float getGlyphAdvance(long, int)'>
        <annotation name='com.intellij.inspections.tainted.annotation.equation.Equations'>
            <val val="{ &quot;getGlyphAdvance := NullFontScaler#getGlyphAdvance(long, int)&quot; }"/>
        </annotation>
    </item>
    <item name='sun.font.FontScaler int getGlyphCode(char)'>
        <annotation name='com.intellij.inspections.tainted.annotation.equation.Equations'>
            <val val="{ &quot;getGlyphCode := NullFontScaler#getGlyphCode(char)&quot; }"/>
        </annotation>
    </item>
    <item name='sun.font.FontScaler int getMissingGlyphCode()'>
        <annotation name='com.intellij.inspections.tainted.annotation.equation.Equations'>
            <val val="{ &quot;getMissingGlyphCode := NullFontScaler#getMissingGlyphCode()&quot; }"/>
        </annotation>
    </item>
    <item name='sun.font.FontScaler int getNumGlyphs()'>
        <annotation name='com.intellij.inspections.tainted.annotation.equation.Equations'>
            <val val="{ &quot;getNumGlyphs := NullFontScaler#getNumGlyphs()&quot; }"/>
        </annotation>
    </item>
    <item name='sun.font.FontScaler java.awt.geom.GeneralPath getGlyphOutline(long, int, float, float)'>
        <annotation name='com.intellij.inspections.tainted.annotation.equation.Equations'>
            <val val="{ &quot;getGlyphOutline := NullFontScaler#getGlyphOutline(long, int, float, float)&quot; }"/>
        </annotation>
    </item>
    <item name='sun.font.FontScaler java.awt.geom.GeneralPath getGlyphVectorOutline(long, int[], int, float, float)'>
        <annotation name='com.intellij.inspections.tainted.annotation.equation.Equations'>
            <val val="{ &quot;getGlyphVectorOutline := NullFontScaler#getGlyphVectorOutline(long, int[], int, float, float)&quot; }"/>
        </annotation>
    </item>
    <item name='sun.font.FontScaler java.awt.geom.Point2D.Float getGlyphPoint(long, int, int)'>
        <annotation name='com.intellij.inspections.tainted.annotation.equation.Equations'>
            <val val="{ &quot;getGlyphPoint := NullFontScaler#getGlyphPoint(long, int, int)&quot; }"/>
        </annotation>
    </item>
    <item name='sun.font.FontScaler java.awt.geom.Rectangle2D.Float getGlyphOutlineBounds(long, int)'>
        <annotation name='com.intellij.inspections.tainted.annotation.equation.Equations'>
            <val val="{ &quot;getGlyphOutlineBounds := NullFontScaler#getGlyphOutlineBounds(long, int)&quot; }"/>
        </annotation>
    </item>
    <item name='sun.font.FontScaler long createScalerContext(double[], int, int, float, float, boolean)'>
        <annotation name='com.intellij.inspections.tainted.annotation.equation.Equations'>
            <val val="{ &quot;createScalerContext := NullFontScaler#createScalerContext(double[], int, int, float, float, boolean)&quot; }"/>
        </annotation>
    </item>
    <item name='sun.font.FontScaler long getGlyphImage(long, int)'>
        <annotation name='com.intellij.inspections.tainted.annotation.equation.Equations'>
            <val val="{ &quot;getGlyphImage := NullFontScaler#getGlyphImage(long, int)&quot; }"/>
        </annotation>
    </item>
    <item name='sun.font.FontScaler long getLayoutTableCache()'>
        <annotation name='com.intellij.inspections.tainted.annotation.equation.Equations'>
            <val val="{ &quot;getLayoutTableCache := NullFontScaler#getLayoutTableCache()&quot; }"/>
        </annotation>
    </item>
    <item name='sun.font.FontScaler long getUnitsPerEm()'>
        <annotation name='com.intellij.inspections.tainted.annotation.equation.Equations'>
            <val val="{ &quot;getUnitsPerEm := NullFontScaler#getUnitsPerEm()&quot; }"/>
        </annotation>
    </item>
    <item name='sun.font.FontScaler sun.font.StrikeMetrics getFontMetrics(long)'>
        <annotation name='com.intellij.inspections.tainted.annotation.equation.Equations'>
            <val val="{ &quot;getFontMetrics := NullFontScaler#getFontMetrics(long)&quot; }"/>
        </annotation>
    </item>
    <item name='sun.font.FontStrike float getCodePointAdvance(int)'>
        <annotation name='com.intellij.inspections.tainted.annotation.equation.Equations'>
            <val val="{ &quot;getCodePointAdvance := CompositeStrike#getCodePointAdvance(int) &amp; PhysicalStrike#getCodePointAdvance(int)&quot; }"/>
        </annotation>
    </item>
    <item name='sun.font.FontStrike float getGlyphAdvance(int)'>
        <annotation name='com.intellij.inspections.tainted.annotation.equation.Equations'>
            <val val="{ &quot;getGlyphAdvance := NativeStrike#getGlyphAdvance(int) &amp; CompositeStrike#getGlyphAdvance(int) &amp; FileFontStrike#getGlyphAdvance(int)&quot; }"/>
        </annotation>
    </item>
    <item name='sun.font.FontStrike int getNumGlyphs()'>
        <annotation name='com.intellij.inspections.tainted.annotation.equation.Equations'>
            <val val="{ &quot;getNumGlyphs := CompositeStrike#getNumGlyphs() &amp; PhysicalStrike#getNumGlyphs()&quot; }"/>
        </annotation>
    </item>
    <item name='sun.font.FontStrike java.awt.geom.GeneralPath getGlyphOutline(int, float, float)'>
        <annotation name='com.intellij.inspections.tainted.annotation.equation.Equations'>
            <val val="{ &quot;getGlyphOutline := FileFontStrike#getGlyphOutline(int, float, float) &amp; NativeStrike#getGlyphOutline(int, float, float) &amp; CompositeStrike#getGlyphOutline(int, float, float)&quot; }"/>
        </annotation>
    </item>
    <item name='sun.font.FontStrike java.awt.geom.GeneralPath getGlyphVectorOutline(int[], float, float)'>
        <annotation name='com.intellij.inspections.tainted.annotation.equation.Equations'>
            <val val="{ &quot;getGlyphVectorOutline := NativeStrike#getGlyphVectorOutline(int[], float, float) &amp; CompositeStrike#getGlyphVectorOutline(int[], float, float) &amp; FileFontStrike#getGlyphVectorOutline(int[], float, float)&quot; }"/>
        </annotation>
    </item>
    <item name='sun.font.FontStrike java.awt.geom.Point2D.Float getCharMetrics(char)'>
        <annotation name='com.intellij.inspections.tainted.annotation.equation.Equations'>
            <val val="{ &quot;getCharMetrics := CompositeStrike#getCharMetrics(char) &amp; PhysicalStrike#getCharMetrics(char)&quot; }"/>
        </annotation>
    </item>
    <item name='sun.font.FontStrike java.awt.geom.Point2D.Float getGlyphMetrics(int)'>
        <annotation name='com.intellij.inspections.tainted.annotation.equation.Equations'>
            <val val="{ &quot;getGlyphMetrics := NativeStrike#getGlyphMetrics(int) &amp; CompositeStrike#getGlyphMetrics(int) &amp; FileFontStrike#getGlyphMetrics(int)&quot; }"/>
        </annotation>
    </item>
    <item name='sun.font.FontStrike java.awt.geom.Rectangle2D.Float getGlyphOutlineBounds(int)'>
        <annotation name='com.intellij.inspections.tainted.annotation.equation.Equations'>
            <val val="{ &quot;getGlyphOutlineBounds := FileFontStrike#getGlyphOutlineBounds(int) &amp; NativeStrike#getGlyphOutlineBounds(int) &amp; CompositeStrike#getGlyphOutlineBounds(int)&quot; }"/>
        </annotation>
    </item>
    <item name='sun.font.FontStrike long getGlyphImagePtr(int)'>
        <annotation name='com.intellij.inspections.tainted.annotation.equation.Equations'>
            <val val="{ &quot;getGlyphImagePtr := NativeStrike#getGlyphImagePtr(int) &amp; CompositeStrike#getGlyphImagePtr(int) &amp; FileFontStrike#getGlyphImagePtr(int)&quot; }"/>
        </annotation>
    </item>
    <item name='sun.font.FontStrike sun.font.StrikeMetrics getFontMetrics()'>
        <annotation name='com.intellij.inspections.tainted.annotation.equation.Equations'>
            <val val="{ &quot;getFontMetrics := CompositeStrike#getFontMetrics() &amp; PhysicalStrike#getFontMetrics()&quot; }"/>
        </annotation>
    </item>
    <item name='sun.font.GlyphLayout.LayoutEngineFactory sun.font.GlyphLayout.LayoutEngine getEngine(sun.font.Font2D, int, int)'>
        <annotation name='com.intellij.inspections.tainted.annotation.equation.Equations'>
            <val val="{ &quot;getEngine := SunLayoutEngine#getEngine(sun.font.Font2D, int, int)&quot; }"/>
        </annotation>
    </item>
    <item name='sun.font.GlyphLayout.LayoutEngineFactory sun.font.GlyphLayout.LayoutEngine getEngine(sun.font.GlyphLayout.LayoutEngineKey)'>
        <annotation name='com.intellij.inspections.tainted.annotation.equation.Equations'>
            <val val="{ &quot;getEngine := SunLayoutEngine#getEngine(sun.font.GlyphLayout.LayoutEngineKey)&quot; }"/>
        </annotation>
    </item>
    <item name='sun.font.NativeStrike float getGlyphAdvance(int)'>
        <annotation name='com.intellij.inspections.tainted.annotation.equation.Equations'>
            <val val="{ &quot;getGlyphAdvance := DelegateStrike#getGlyphAdvance(int)&quot; }"/>
        </annotation>
    </item>
    <item name='sun.font.NativeStrike java.awt.geom.GeneralPath getGlyphOutline(int, float, float)'>
        <annotation name='com.intellij.inspections.tainted.annotation.equation.Equations'>
            <val val="{ &quot;getGlyphOutline := DelegateStrike#getGlyphOutline(int, float, float)&quot; }"/>
        </annotation>
    </item>
    <item name='sun.font.NativeStrike java.awt.geom.GeneralPath getGlyphVectorOutline(int[], float, float)'>
        <annotation name='com.intellij.inspections.tainted.annotation.equation.Equations'>
            <val val="{ &quot;getGlyphVectorOutline := DelegateStrike#getGlyphVectorOutline(int[], float, float)&quot; }"/>
        </annotation>
    </item>
    <item name='sun.font.NativeStrike java.awt.geom.Point2D.Float getGlyphMetrics(int)'>
        <annotation name='com.intellij.inspections.tainted.annotation.equation.Equations'>
            <val val="{ &quot;getGlyphMetrics := DelegateStrike#getGlyphMetrics(int)&quot; }"/>
        </annotation>
    </item>
    <item name='sun.font.NativeStrike java.awt.geom.Rectangle2D.Float getGlyphOutlineBounds(int)'>
        <annotation name='com.intellij.inspections.tainted.annotation.equation.Equations'>
            <val val="{ &quot;getGlyphOutlineBounds := DelegateStrike#getGlyphOutlineBounds(int)&quot; }"/>
        </annotation>
    </item>
    <item name='sun.font.NativeStrike long getGlyphImagePtr(int)'>
        <annotation name='com.intellij.inspections.tainted.annotation.equation.Equations'>
            <val val="{ &quot;getGlyphImagePtr := DelegateStrike#getGlyphImagePtr(int)&quot; }"/>
        </annotation>
    </item>
    <item name='sun.font.NativeStrike sun.font.StrikeMetrics getFontMetrics()'>
        <annotation name='com.intellij.inspections.tainted.annotation.equation.Equations'>
            <val val="{ &quot;getFontMetrics := DelegateStrike#getFontMetrics()&quot; }"/>
        </annotation>
    </item>
    <item name='sun.font.PhysicalFont float getGlyphAdvance(long, int)'>
        <annotation name='com.intellij.inspections.tainted.annotation.equation.Equations'>
            <val val="{ &quot;getGlyphAdvance := NativeFont#getGlyphAdvance(long, int) &amp; FileFont#getGlyphAdvance(long, int)&quot; }"/>
        </annotation>
    </item>
    <item name='sun.font.PhysicalFont java.awt.geom.GeneralPath getGlyphOutline(long, int, float, float)'>
        <annotation name='com.intellij.inspections.tainted.annotation.equation.Equations'>
            <val val="{ &quot;getGlyphOutline := NativeFont#getGlyphOutline(long, int, float, float) &amp; FileFont#getGlyphOutline(long, int, float, float)&quot; }"/>
        </annotation>
    </item>
    <item name='sun.font.PhysicalFont java.awt.geom.GeneralPath getGlyphVectorOutline(long, int[], int, float, float)'>
        <annotation name='com.intellij.inspections.tainted.annotation.equation.Equations'>
            <val val="{ &quot;getGlyphVectorOutline := NativeFont#getGlyphVectorOutline(long, int[], int, float, float) &amp; FileFont#getGlyphVectorOutline(long, int[], int, float, float)&quot; }"/>
        </annotation>
    </item>
    <item name='sun.font.PhysicalFont java.awt.geom.Point2D.Float getGlyphPoint(long, int, int)'>
        <annotation name='com.intellij.inspections.tainted.annotation.equation.Equations'>
            <val val="{ &quot;getGlyphPoint := TrueTypeFont#getGlyphPoint(long, int, int)&quot; }"/>
        </annotation>
    </item>
    <item name='sun.font.PhysicalFont java.awt.geom.Rectangle2D.Float getGlyphOutlineBounds(long, int)'>
        <annotation name='com.intellij.inspections.tainted.annotation.equation.Equations'>
            <val val="{ &quot;getGlyphOutlineBounds := NativeFont#getGlyphOutlineBounds(long, int) &amp; FileFont#getGlyphOutlineBounds(long, int)&quot; }"/>
        </annotation>
    </item>
    <item name='sun.font.PhysicalFont long getGlyphImage(long, int)'>
        <annotation name='com.intellij.inspections.tainted.annotation.equation.Equations'>
            <val val="{ &quot;getGlyphImage := NativeFont#getGlyphImage(long, int) &amp; FileFont#getGlyphImage(long, int)&quot; }"/>
        </annotation>
    </item>
    <item name='sun.font.PhysicalFont sun.font.StrikeMetrics getFontMetrics(long)'>
        <annotation name='com.intellij.inspections.tainted.annotation.equation.Equations'>
            <val val="{ &quot;getFontMetrics := NativeFont#getFontMetrics(long) &amp; FileFont#getFontMetrics(long)&quot; }"/>
        </annotation>
    </item>
    <item name='sun.font.PhysicalStrike float getCodePointAdvance(int)'>
        <annotation name='com.intellij.inspections.tainted.annotation.equation.Equations'>
            <val val="{ &quot;getCodePointAdvance := DelegateStrike#getCodePointAdvance(int) &amp; FileFontStrike#getCodePointAdvance(int)&quot; }"/>
        </annotation>
    </item>
    <item name='sun.font.PhysicalStrike int getNumGlyphs()'>
        <annotation name='com.intellij.inspections.tainted.annotation.equation.Equations'>
            <val val="{ &quot;getNumGlyphs := FileFontStrike#getNumGlyphs()&quot; }"/>
        </annotation>
    </item>
    <item name='sun.font.PhysicalStrike int getSlot0GlyphImagePtrs(int[], long[], int)'>
        <annotation name='com.intellij.inspections.tainted.annotation.equation.Equations'>
            <val val="{ &quot;getSlot0GlyphImagePtrs := FileFontStrike#getSlot0GlyphImagePtrs(int[], long[], int)&quot; }"/>
        </annotation>
    </item>
    <item name='sun.font.PhysicalStrike java.awt.geom.Point2D.Float getCharMetrics(char)'>
        <annotation name='com.intellij.inspections.tainted.annotation.equation.Equations'>
            <val val="{ &quot;getCharMetrics := DelegateStrike#getCharMetrics(char) &amp; FileFontStrike#getCharMetrics(char)&quot; }"/>
        </annotation>
    </item>
    <item name='sun.font.PhysicalStrike sun.font.StrikeMetrics getFontMetrics()'>
        <annotation name='com.intellij.inspections.tainted.annotation.equation.Equations'>
            <val val="{ &quot;getFontMetrics := NativeStrike#getFontMetrics() &amp; FileFontStrike#getFontMetrics()&quot; }"/>
        </annotation>
    </item>
    <item name='sun.font.TextLabel java.awt.Shape getOutline(float, float)'>
        <annotation name='com.intellij.inspections.tainted.annotation.equation.Equations'>
            <val val="{ &quot;getOutline := ExtendedTextSourceLabel#getOutline(float, float) &amp; TextSourceLabel#getOutline(float, float)&quot; }"/>
        </annotation>
    </item>
    <item name='sun.font.TextLabel java.awt.geom.Rectangle2D getAlignBounds(float, float)'>
        <annotation name='com.intellij.inspections.tainted.annotation.equation.Equations'>
            <val val="{ &quot;getAlignBounds := ExtendedTextSourceLabel#getAlignBounds(float, float) &amp; TextSourceLabel#getAlignBounds(float, float)&quot; }"/>
        </annotation>
    </item>
    <item name='sun.font.TextLabel java.awt.geom.Rectangle2D getItalicBounds(float, float)'>
        <annotation name='com.intellij.inspections.tainted.annotation.equation.Equations'>
            <val val="{ &quot;getItalicBounds := ExtendedTextSourceLabel#getItalicBounds(float, float) &amp; TextSourceLabel#getItalicBounds(float, float)&quot; }"/>
        </annotation>
    </item>
    <item name='sun.font.TextLabel java.awt.geom.Rectangle2D getLogicalBounds()'>
        <annotation name='com.intellij.inspections.tainted.annotation.equation.Equations'>
            <val val="{ &quot;getLogicalBounds := ExtendedTextSourceLabel#getLogicalBounds()&quot; }"/>
        </annotation>
    </item>
    <item name='sun.font.TextLabel java.awt.geom.Rectangle2D getLogicalBounds(float, float)'>
        <annotation name='com.intellij.inspections.tainted.annotation.equation.Equations'>
            <val val="{ &quot;getLogicalBounds := ExtendedTextSourceLabel#getLogicalBounds(float, float) &amp; TextSourceLabel#getLogicalBounds(float, float)&quot; }"/>
        </annotation>
    </item>
    <item name='sun.font.TextLabel java.awt.geom.Rectangle2D getVisualBounds(float, float)'>
        <annotation name='com.intellij.inspections.tainted.annotation.equation.Equations'>
            <val val="{ &quot;getVisualBounds := ExtendedTextSourceLabel#getVisualBounds(float, float) &amp; TextSourceLabel#getVisualBounds(float, float)&quot; }"/>
        </annotation>
    </item>
    <item name='sun.font.TextLineComponent boolean caretAtOffsetIsValid(int)'>
        <annotation name='com.intellij.inspections.tainted.annotation.equation.Equations'>
            <val val="{ &quot;caretAtOffsetIsValid := GraphicComponent#caretAtOffsetIsValid(int) &amp; ExtendedTextLabel#caretAtOffsetIsValid(int)&quot; }"/>
        </annotation>
    </item>
    <item name='sun.font.TextLineComponent boolean isSimple()'>
        <annotation name='com.intellij.inspections.tainted.annotation.equation.Equations'>
            <val val="{ &quot;isSimple := GraphicComponent#isSimple() &amp; ExtendedTextSourceLabel#isSimple()&quot; }"/>
        </annotation>
    </item>
    <item name='sun.font.TextLineComponent float getAdvance()'>
        <annotation name='com.intellij.inspections.tainted.annotation.equation.Equations'>
            <val val="{ &quot;getAdvance := GraphicComponent#getAdvance() &amp; ExtendedTextSourceLabel#getAdvance()&quot; }"/>
        </annotation>
    </item>
    <item name='sun.font.TextLineComponent float getAdvanceBetween(int, int)'>
        <annotation name='com.intellij.inspections.tainted.annotation.equation.Equations'>
            <val val="{ &quot;getAdvanceBetween := GraphicComponent#getAdvanceBetween(int, int) &amp; ExtendedTextLabel#getAdvanceBetween(int, int)&quot; }"/>
        </annotation>
    </item>
    <item name='sun.font.TextLineComponent float getCharAdvance(int)'>
        <annotation name='com.intellij.inspections.tainted.annotation.equation.Equations'>
            <val val="{ &quot;getCharAdvance := GraphicComponent#getCharAdvance(int) &amp; ExtendedTextLabel#getCharAdvance(int)&quot; }"/>
        </annotation>
    </item>
    <item name='sun.font.TextLineComponent float getCharX(int)'>
        <annotation name='com.intellij.inspections.tainted.annotation.equation.Equations'>
            <val val="{ &quot;getCharX := GraphicComponent#getCharX(int) &amp; ExtendedTextLabel#getCharX(int)&quot; }"/>
        </annotation>
    </item>
    <item name='sun.font.TextLineComponent float getCharY(int)'>
        <annotation name='com.intellij.inspections.tainted.annotation.equation.Equations'>
            <val val="{ &quot;getCharY := GraphicComponent#getCharY(int) &amp; ExtendedTextLabel#getCharY(int)&quot; }"/>
        </annotation>
    </item>
    <item name='sun.font.TextLineComponent int getLineBreakIndex(int, float)'>
        <annotation name='com.intellij.inspections.tainted.annotation.equation.Equations'>
            <val val="{ &quot;getLineBreakIndex := GraphicComponent#getLineBreakIndex(int, float) &amp; ExtendedTextLabel#getLineBreakIndex(int, float)&quot; }"/>
        </annotation>
    </item>
    <item name='sun.font.TextLineComponent int getNumCharacters()'>
        <annotation name='com.intellij.inspections.tainted.annotation.equation.Equations'>
            <val val="{ &quot;getNumCharacters := GraphicComponent#getNumCharacters() &amp; ExtendedTextLabel#getNumCharacters()&quot; }"/>
        </annotation>
    </item>
    <item name='sun.font.TextLineComponent int getNumJustificationInfos()'>
        <annotation name='com.intellij.inspections.tainted.annotation.equation.Equations'>
            <val val="{ &quot;getNumJustificationInfos := GraphicComponent#getNumJustificationInfos() &amp; ExtendedTextLabel#getNumJustificationInfos()&quot; }"/>
        </annotation>
    </item>
    <item name='sun.font.TextLineComponent java.awt.Rectangle getPixelBounds(java.awt.font.FontRenderContext, float, float)'>
        <annotation name='com.intellij.inspections.tainted.annotation.equation.Equations'>
            <val val="{ &quot;getPixelBounds := GraphicComponent#getPixelBounds(java.awt.font.FontRenderContext, float, float) &amp; ExtendedTextSourceLabel#getPixelBounds(java.awt.font.FontRenderContext, float, float)&quot; }"/>
        </annotation>
    </item>
    <item name='sun.font.TextLineComponent java.awt.Shape getOutline(float, float)'>
        <annotation name='com.intellij.inspections.tainted.annotation.equation.Equations'>
            <val val="{ &quot;getOutline := GraphicComponent#getOutline(float, float) &amp; ExtendedTextSourceLabel#getOutline(float, float)&quot; }"/>
        </annotation>
    </item>
    <item name='sun.font.TextLineComponent java.awt.geom.AffineTransform getBaselineTransform()'>
        <annotation name='com.intellij.inspections.tainted.annotation.equation.Equations'>
            <val val="{ &quot;getBaselineTransform := GraphicComponent#getBaselineTransform() &amp; ExtendedTextSourceLabel#getBaselineTransform()&quot; }"/>
        </annotation>
    </item>
    <item name='sun.font.TextLineComponent java.awt.geom.Rectangle2D getCharVisualBounds(int)'>
        <annotation name='com.intellij.inspections.tainted.annotation.equation.Equations'>
            <val val="{ &quot;getCharVisualBounds := GraphicComponent#getCharVisualBounds(int)&quot; }"/>
        </annotation>
    </item>
    <item name='sun.font.TextLineComponent java.awt.geom.Rectangle2D getItalicBounds()'>
        <annotation name='com.intellij.inspections.tainted.annotation.equation.Equations'>
            <val val="{ &quot;getItalicBounds := GraphicComponent#getItalicBounds()&quot; }"/>
        </annotation>
    </item>
    <item name='sun.font.TextLineComponent java.awt.geom.Rectangle2D getLogicalBounds()'>
        <annotation name='com.intellij.inspections.tainted.annotation.equation.Equations'>
            <val val="{ &quot;getLogicalBounds := GraphicComponent#getLogicalBounds() &amp; ExtendedTextSourceLabel#getLogicalBounds()&quot; }"/>
        </annotation>
    </item>
    <item name='sun.font.TextLineComponent java.awt.geom.Rectangle2D getVisualBounds()'>
        <annotation name='com.intellij.inspections.tainted.annotation.equation.Equations'>
            <val val="{ &quot;getVisualBounds := GraphicComponent#getVisualBounds()&quot; }"/>
        </annotation>
    </item>
    <item name='sun.font.TextLineComponent sun.font.CoreMetrics getCoreMetrics()'>
        <annotation name='com.intellij.inspections.tainted.annotation.equation.Equations'>
            <val val="{ &quot;getCoreMetrics := GraphicComponent#getCoreMetrics() &amp; ExtendedTextLabel#getCoreMetrics()&quot; }"/>
        </annotation>
    </item>
    <item name='sun.font.TextLineComponent sun.font.TextLineComponent applyJustificationDeltas(float[], int, boolean[])'>
        <annotation name='com.intellij.inspections.tainted.annotation.equation.Equations'>
            <val val="{ &quot;applyJustificationDeltas := GraphicComponent#applyJustificationDeltas(float[], int, boolean[]) &amp; ExtendedTextLabel#applyJustificationDeltas(float[], int, boolean[])&quot; }"/>
        </annotation>
    </item>
    <item name='sun.font.TextLineComponent sun.font.TextLineComponent getSubset(int, int, int)'>
        <annotation name='com.intellij.inspections.tainted.annotation.equation.Equations'>
            <val val="{ &quot;getSubset := GraphicComponent#getSubset(int, int, int) &amp; ExtendedTextLabel#getSubset(int, int, int)&quot; }"/>
        </annotation>
    </item>
    <item name='sun.font.TextSource char[] getChars()'>
        <annotation name='com.intellij.inspections.tainted.annotation.equation.Equations'>
            <val val="{ &quot;getChars := StandardTextSource#getChars()&quot; }"/>
        </annotation>
    </item>
    <item name='sun.font.TextSource int getBidiLevel()'>
        <annotation name='com.intellij.inspections.tainted.annotation.equation.Equations'>
            <val val="{ &quot;getBidiLevel := StandardTextSource#getBidiLevel()&quot; }"/>
        </annotation>
    </item>
    <item name='sun.font.TextSource int getContextLength()'>
        <annotation name='com.intellij.inspections.tainted.annotation.equation.Equations'>
            <val val="{ &quot;getContextLength := StandardTextSource#getContextLength()&quot; }"/>
        </annotation>
    </item>
    <item name='sun.font.TextSource int getContextStart()'>
        <annotation name='com.intellij.inspections.tainted.annotation.equation.Equations'>
            <val val="{ &quot;getContextStart := StandardTextSource#getContextStart()&quot; }"/>
        </annotation>
    </item>
    <item name='sun.font.TextSource int getLayoutFlags()'>
        <annotation name='com.intellij.inspections.tainted.annotation.equation.Equations'>
            <val val="{ &quot;getLayoutFlags := StandardTextSource#getLayoutFlags()&quot; }"/>
        </annotation>
    </item>
    <item name='sun.font.TextSource int getLength()'>
        <annotation name='com.intellij.inspections.tainted.annotation.equation.Equations'>
            <val val="{ &quot;getLength := StandardTextSource#getLength()&quot; }"/>
        </annotation>
    </item>
    <item name='sun.font.TextSource int getStart()'>
        <annotation name='com.intellij.inspections.tainted.annotation.equation.Equations'>
            <val val="{ &quot;getStart := StandardTextSource#getStart()&quot; }"/>
        </annotation>
    </item>
    <item name='sun.font.TextSource java.awt.Font getFont()'>
        <annotation name='com.intellij.inspections.tainted.annotation.equation.Equations'>
            <val val="{ &quot;getFont := StandardTextSource#getFont()&quot; }"/>
        </annotation>
    </item>
    <item name='sun.font.TextSource java.awt.font.FontRenderContext getFRC()'>
        <annotation name='com.intellij.inspections.tainted.annotation.equation.Equations'>
            <val val="{ &quot;getFRC := StandardTextSource#getFRC()&quot; }"/>
        </annotation>
    </item>
    <item name='sun.font.TextSource java.lang.String toString(boolean)'>
        <annotation name='com.intellij.inspections.tainted.annotation.equation.Equations'>
            <val val="{ &quot;toString := StandardTextSource#toString(boolean)&quot; }"/>
        </annotation>
    </item>
    <item name='sun.font.TextSource sun.font.CoreMetrics getCoreMetrics()'>
        <annotation name='com.intellij.inspections.tainted.annotation.equation.Equations'>
            <val val="{ &quot;getCoreMetrics := StandardTextSource#getCoreMetrics()&quot; }"/>
        </annotation>
    </item>
    <item name='sun.font.TextSource sun.font.TextSource getSubSource(int, int, int)'>
        <annotation name='com.intellij.inspections.tainted.annotation.equation.Equations'>
            <val val="{ &quot;getSubSource := StandardTextSource#getSubSource(int, int, int)&quot; }"/>
        </annotation>
    </item>
</root>