<root>
    <item name='javax.websocket.ClientEndpointConfig java.util.List&lt;java.lang.String&gt; getPreferredSubprotocols()'>
        <annotation name='com.intellij.inspections.tainted.annotation.equation.Equations'>
            <val val="{ &quot;getPreferredSubprotocols := DefaultClientEndpointConfig#getPreferredSubprotocols()&quot; }"/>
        </annotation>
    </item>
    <item name='javax.websocket.ClientEndpointConfig java.util.List&lt;javax.websocket.Extension&gt; getExtensions()'>
        <annotation name='com.intellij.inspections.tainted.annotation.equation.Equations'>
            <val val="{ &quot;getExtensions := DefaultClientEndpointConfig#getExtensions()&quot; }"/>
        </annotation>
    </item>
    <item name='javax.websocket.ClientEndpointConfig javax.websocket.ClientEndpointConfig.Configurator getConfigurator()'>
        <annotation name='com.intellij.inspections.tainted.annotation.equation.Equations'>
            <val val="{ &quot;getConfigurator := DefaultClientEndpointConfig#getConfigurator()&quot; }"/>
        </annotation>
    </item>
    <item name='javax.websocket.ClientEndpointConfig.Builder'>
        <annotation name='com.intellij.inspections.tainted.annotation.equation.Equations'>
            <val val="{ &quot;Builder := #configurator(javax.websocket.ClientEndpointConfig.Configurator)#0 &amp; #preferredSubprotocols(java.util.List)#0 &amp; #extensions(java.util.List)#0 &amp; #encoders(java.util.List)#0 &amp; #decoders(java.util.List)#0&quot; }"/>
        </annotation>
    </item>
    <item name='javax.websocket.ClientEndpointConfig.Builder Builder()'>
        <annotation name='com.intellij.inspections.tainted.annotation.equation.Equations'>
            <val val="{ &quot;Builder := ClientEndpointConfig.Builder&quot; }"/>
        </annotation>
    </item>
    <item name='javax.websocket.ClientEndpointConfig.Builder javax.websocket.ClientEndpointConfig build()'>
        <annotation name='com.intellij.inspections.tainted.annotation.equation.Equations'>
            <val val="{ &quot;build := &quot; }"/>
        </annotation>
    </item>
    <item name='javax.websocket.ClientEndpointConfig.Builder javax.websocket.ClientEndpointConfig.Builder configurator(javax.websocket.ClientEndpointConfig.Configurator)'>
        <annotation name='com.intellij.inspections.tainted.annotation.equation.Equations'>
            <val val="{ &quot;configurator := ClientEndpointConfig.Builder&quot; }"/>
        </annotation>
    </item>
    <item name='javax.websocket.ClientEndpointConfig.Builder javax.websocket.ClientEndpointConfig.Builder create()'>
        <annotation name='com.intellij.inspections.tainted.annotation.equation.Equations'>
            <val val="{ &quot;create := &quot; }"/>
        </annotation>
    </item>
    <item name='javax.websocket.ClientEndpointConfig.Builder javax.websocket.ClientEndpointConfig.Builder decoders(java.util.List&lt;java.lang.Class&lt;? extends javax.websocket.Decoder&gt;&gt;)'>
        <annotation name='com.intellij.inspections.tainted.annotation.equation.Equations'>
            <val val="{ &quot;decoders := ClientEndpointConfig.Builder&quot; }"/>
        </annotation>
    </item>
    <item name='javax.websocket.ClientEndpointConfig.Builder javax.websocket.ClientEndpointConfig.Builder encoders(java.util.List&lt;java.lang.Class&lt;? extends javax.websocket.Encoder&gt;&gt;)'>
        <annotation name='com.intellij.inspections.tainted.annotation.equation.Equations'>
            <val val="{ &quot;encoders := ClientEndpointConfig.Builder&quot; }"/>
        </annotation>
    </item>
    <item name='javax.websocket.ClientEndpointConfig.Builder javax.websocket.ClientEndpointConfig.Builder extensions(java.util.List&lt;javax.websocket.Extension&gt;)'>
        <annotation name='com.intellij.inspections.tainted.annotation.equation.Equations'>
            <val val="{ &quot;extensions := ClientEndpointConfig.Builder&quot; }"/>
        </annotation>
    </item>
    <item name='javax.websocket.ClientEndpointConfig.Builder javax.websocket.ClientEndpointConfig.Builder preferredSubprotocols(java.util.List&lt;java.lang.String&gt;)'>
        <annotation name='com.intellij.inspections.tainted.annotation.equation.Equations'>
            <val val="{ &quot;preferredSubprotocols := ClientEndpointConfig.Builder&quot; }"/>
        </annotation>
    </item>
    <item name='javax.websocket.ClientEndpointConfig.Configurator'>
        <annotation name='com.intellij.inspections.tainted.annotation.equation.Equations'>
            <val val="{ &quot;Configurator := &quot; }"/>
        </annotation>
    </item>
    <item name='javax.websocket.CloseReason'>
        <annotation name='com.intellij.inspections.tainted.annotation.equation.Equations'>
            <val val="{ &quot;CloseReason := #CloseReason(javax.websocket.CloseReason.CloseCode, java.lang.String)#0 &amp; #CloseReason(javax.websocket.CloseReason.CloseCode, java.lang.String)#1&quot; }"/>
        </annotation>
    </item>
    <item name='javax.websocket.CloseReason CloseReason(javax.websocket.CloseReason.CloseCode, java.lang.String)'>
        <annotation name='com.intellij.inspections.tainted.annotation.equation.Equations'>
            <val val="{ &quot;CloseReason := CloseReason&quot; }"/>
        </annotation>
    </item>
    <item name='javax.websocket.CloseReason java.lang.String getReasonPhrase()'>
        <annotation name='com.intellij.inspections.tainted.annotation.equation.Equations'>
            <val val="{ &quot;getReasonPhrase := CloseReason&quot; }"/>
        </annotation>
    </item>
    <item name='javax.websocket.CloseReason java.lang.String toString()'>
        <annotation name='com.intellij.inspections.tainted.annotation.equation.Equations'>
            <val val="{ &quot;toString := CloseReason&quot; }"/>
        </annotation>
    </item>
    <item name='javax.websocket.CloseReason javax.websocket.CloseReason.CloseCode getCloseCode()'>
        <annotation name='com.intellij.inspections.tainted.annotation.equation.Equations'>
            <val val="{ &quot;getCloseCode := CloseReason&quot; }"/>
        </annotation>
    </item>
    <item name='javax.websocket.CloseReason.CloseCode int getCode()'>
        <annotation name='com.intellij.inspections.tainted.annotation.equation.Equations'>
            <val val="{ &quot;getCode := CloseReason.CloseCodes#getCode()&quot; }"/>
        </annotation>
    </item>
    <item name='javax.websocket.CloseReason.CloseCodes'>
        <annotation name='com.intellij.inspections.tainted.annotation.equation.Equations'>
            <val val="{ &quot;CloseCodes := #CloseCodes(int)#0&quot; }"/>
        </annotation>
    </item>
    <item name='javax.websocket.CloseReason.CloseCodes CloseCodes(int)'>
        <annotation name='com.intellij.inspections.tainted.annotation.equation.Equations'>
            <val val="{ &quot;CloseCodes := CloseReason.CloseCodes&quot; }"/>
        </annotation>
    </item>
    <item name='javax.websocket.CloseReason.CloseCodes int getCode()'>
        <annotation name='com.intellij.inspections.tainted.annotation.equation.Equations'>
            <val val="{ &quot;getCode := CloseReason.CloseCodes&quot; }"/>
        </annotation>
    </item>
    <item name='javax.websocket.CloseReason.CloseCodes javax.websocket.CloseReason.CloseCode getCloseCode(int)'>
        <annotation name='com.intellij.inspections.tainted.annotation.equation.Equations'>
            <val val="{ &quot;getCloseCode := #NORMAL_CLOSURE &amp; #GOING_AWAY &amp; #PROTOCOL_ERROR &amp; #CANNOT_ACCEPT &amp; #RESERVED &amp; #NO_STATUS_CODE &amp; #CLOSED_ABNORMALLY &amp; #NOT_CONSISTENT &amp; #VIOLATED_POLICY &amp; #TOO_BIG &amp; #NO_EXTENSION &amp; #UNEXPECTED_CONDITION &amp; #SERVICE_RESTART &amp; #TRY_AGAIN_LATER &amp; #TLS_HANDSHAKE_FAILURE &amp; code&quot; }"/>
        </annotation>
    </item>
    <item name='javax.websocket.ContainerProvider javax.websocket.WebSocketContainer getWebSocketContainer()'>
        <annotation name='com.intellij.inspections.tainted.annotation.equation.Equations'>
            <val val="{ &quot;getWebSocketContainer := &quot; }"/>
        </annotation>
    </item>
    <item name='javax.websocket.DecodeException'>
        <annotation name='com.intellij.inspections.tainted.annotation.equation.Equations'>
            <val val="{ &quot;DecodeException := #DecodeException(java.nio.ByteBuffer, java.lang.String, java.lang.Throwable)#0 &amp; #DecodeException(java.lang.String, java.lang.String, java.lang.Throwable)#0 &amp; #DecodeException(java.nio.ByteBuffer, java.lang.String)#0 &amp; #DecodeException(java.lang.String, java.lang.String)#0&quot; }"/>
        </annotation>
    </item>
    <item name='javax.websocket.DecodeException DecodeException(java.lang.String, java.lang.String)'>
        <annotation name='com.intellij.inspections.tainted.annotation.equation.Equations'>
            <val val="{ &quot;DecodeException := DecodeException&quot; }"/>
        </annotation>
    </item>
    <item name='javax.websocket.DecodeException DecodeException(java.lang.String, java.lang.String, java.lang.Throwable)'>
        <annotation name='com.intellij.inspections.tainted.annotation.equation.Equations'>
            <val val="{ &quot;DecodeException := DecodeException&quot; }"/>
        </annotation>
    </item>
    <item name='javax.websocket.DecodeException DecodeException(java.nio.ByteBuffer, java.lang.String)'>
        <annotation name='com.intellij.inspections.tainted.annotation.equation.Equations'>
            <val val="{ &quot;DecodeException := DecodeException&quot; }"/>
        </annotation>
    </item>
    <item name='javax.websocket.DecodeException DecodeException(java.nio.ByteBuffer, java.lang.String, java.lang.Throwable)'>
        <annotation name='com.intellij.inspections.tainted.annotation.equation.Equations'>
            <val val="{ &quot;DecodeException := DecodeException&quot; }"/>
        </annotation>
    </item>
    <item name='javax.websocket.DecodeException java.lang.String getText()'>
        <annotation name='com.intellij.inspections.tainted.annotation.equation.Equations'>
            <val val="{ &quot;getText := DecodeException&quot; }"/>
        </annotation>
    </item>
    <item name='javax.websocket.DecodeException java.nio.ByteBuffer getBytes()'>
        <annotation name='com.intellij.inspections.tainted.annotation.equation.Equations'>
            <val val="{ &quot;getBytes := DecodeException&quot; }"/>
        </annotation>
    </item>
    <item name='javax.websocket.DefaultClientEndpointConfig'>
        <annotation name='com.intellij.inspections.tainted.annotation.equation.Equations'>
            <val val="{ &quot;DefaultClientEndpointConfig := #DefaultClientEndpointConfig(java.util.List, java.util.List, java.util.List, java.util.List, javax.websocket.ClientEndpointConfig.Configurator)#4&quot; }"/>
        </annotation>
    </item>
    <item name='javax.websocket.DefaultClientEndpointConfig DefaultClientEndpointConfig(java.util.List&lt;java.lang.String&gt;, java.util.List&lt;javax.websocket.Extension&gt;, java.util.List&lt;java.lang.Class&lt;? extends javax.websocket.Encoder&gt;&gt;, java.util.List&lt;java.lang.Class&lt;? extends javax.websocket.Decoder&gt;&gt;, javax.websocket.ClientEndpointConfig.Configurator)'>
        <annotation name='com.intellij.inspections.tainted.annotation.equation.Equations'>
            <val val="{ &quot;extensions := &quot;, &quot;DefaultClientEndpointConfig := DefaultClientEndpointConfig&quot;, &quot;clientEndpointConfigurator := ClientEndpointConfig.Builder&quot;, &quot;decoders := &quot;, &quot;encoders := &quot;, &quot;preferredSubprotocols := &quot; }"/>
        </annotation>
    </item>
    <item name='javax.websocket.DefaultClientEndpointConfig java.util.List&lt;java.lang.Class&lt;? extends javax.websocket.Decoder&gt;&gt; getDecoders()'>
        <annotation name='com.intellij.inspections.tainted.annotation.equation.Equations'>
            <val val="{ &quot;getDecoders := DefaultClientEndpointConfig&quot; }"/>
        </annotation>
    </item>
    <item name='javax.websocket.DefaultClientEndpointConfig java.util.List&lt;java.lang.Class&lt;? extends javax.websocket.Encoder&gt;&gt; getEncoders()'>
        <annotation name='com.intellij.inspections.tainted.annotation.equation.Equations'>
            <val val="{ &quot;getEncoders := DefaultClientEndpointConfig&quot; }"/>
        </annotation>
    </item>
    <item name='javax.websocket.DefaultClientEndpointConfig java.util.List&lt;java.lang.String&gt; getPreferredSubprotocols()'>
        <annotation name='com.intellij.inspections.tainted.annotation.equation.Equations'>
            <val val="{ &quot;getPreferredSubprotocols := DefaultClientEndpointConfig&quot; }"/>
        </annotation>
    </item>
    <item name='javax.websocket.DefaultClientEndpointConfig java.util.List&lt;javax.websocket.Extension&gt; getExtensions()'>
        <annotation name='com.intellij.inspections.tainted.annotation.equation.Equations'>
            <val val="{ &quot;getExtensions := DefaultClientEndpointConfig&quot; }"/>
        </annotation>
    </item>
    <item name='javax.websocket.DefaultClientEndpointConfig java.util.Map&lt;java.lang.String,java.lang.Object&gt; getUserProperties()'>
        <annotation name='com.intellij.inspections.tainted.annotation.equation.Equations'>
            <val val="{ &quot;getUserProperties := DefaultClientEndpointConfig&quot; }"/>
        </annotation>
    </item>
    <item name='javax.websocket.DefaultClientEndpointConfig javax.websocket.ClientEndpointConfig.Configurator getConfigurator()'>
        <annotation name='com.intellij.inspections.tainted.annotation.equation.Equations'>
            <val val="{ &quot;getConfigurator := DefaultClientEndpointConfig&quot; }"/>
        </annotation>
    </item>
    <item name='javax.websocket.DeploymentException DeploymentException(java.lang.String)'>
        <annotation name='com.intellij.inspections.tainted.annotation.equation.Equations'>
            <val val="{ &quot;DeploymentException := DeploymentException&quot; }"/>
        </annotation>
    </item>
    <item name='javax.websocket.DeploymentException DeploymentException(java.lang.String, java.lang.Throwable)'>
        <annotation name='com.intellij.inspections.tainted.annotation.equation.Equations'>
            <val val="{ &quot;DeploymentException := DeploymentException&quot; }"/>
        </annotation>
    </item>
    <item name='javax.websocket.EncodeException'>
        <annotation name='com.intellij.inspections.tainted.annotation.equation.Equations'>
            <val val="{ &quot;EncodeException := #EncodeException(java.lang.Object, java.lang.String)#0 &amp; #EncodeException(java.lang.Object, java.lang.String, java.lang.Throwable)#0&quot; }"/>
        </annotation>
    </item>
    <item name='javax.websocket.EncodeException EncodeException(java.lang.Object, java.lang.String)'>
        <annotation name='com.intellij.inspections.tainted.annotation.equation.Equations'>
            <val val="{ &quot;EncodeException := EncodeException&quot; }"/>
        </annotation>
    </item>
    <item name='javax.websocket.EncodeException EncodeException(java.lang.Object, java.lang.String, java.lang.Throwable)'>
        <annotation name='com.intellij.inspections.tainted.annotation.equation.Equations'>
            <val val="{ &quot;EncodeException := EncodeException&quot; }"/>
        </annotation>
    </item>
    <item name='javax.websocket.EncodeException java.lang.Object getObject()'>
        <annotation name='com.intellij.inspections.tainted.annotation.equation.Equations'>
            <val val="{ &quot;getObject := EncodeException&quot; }"/>
        </annotation>
    </item>
    <item name='javax.websocket.EndpointConfig java.util.List&lt;java.lang.Class&lt;? extends javax.websocket.Decoder&gt;&gt; getDecoders()'>
        <annotation name='com.intellij.inspections.tainted.annotation.equation.Equations'>
            <val val="{ &quot;getDecoders := javax.websocket.server.DefaultServerEndpointConfig#getDecoders() &amp; DefaultClientEndpointConfig#getDecoders()&quot; }"/>
        </annotation>
    </item>
    <item name='javax.websocket.EndpointConfig java.util.List&lt;java.lang.Class&lt;? extends javax.websocket.Encoder&gt;&gt; getEncoders()'>
        <annotation name='com.intellij.inspections.tainted.annotation.equation.Equations'>
            <val val="{ &quot;getEncoders := javax.websocket.server.DefaultServerEndpointConfig#getEncoders() &amp; DefaultClientEndpointConfig#getEncoders()&quot; }"/>
        </annotation>
    </item>
    <item name='javax.websocket.EndpointConfig java.util.Map&lt;java.lang.String,java.lang.Object&gt; getUserProperties()'>
        <annotation name='com.intellij.inspections.tainted.annotation.equation.Equations'>
            <val val="{ &quot;getUserProperties := javax.websocket.server.DefaultServerEndpointConfig#getUserProperties() &amp; DefaultClientEndpointConfig#getUserProperties()&quot; }"/>
        </annotation>
    </item>
    <item name='javax.websocket.SendResult'>
        <annotation name='com.intellij.inspections.tainted.annotation.equation.Equations'>
            <val val="{ &quot;SendResult := #SendResult(java.lang.Throwable)#0&quot; }"/>
        </annotation>
    </item>
    <item name='javax.websocket.SendResult SendResult()'>
        <annotation name='com.intellij.inspections.tainted.annotation.equation.Equations'>
            <val val="{ &quot;SendResult := SendResult&quot; }"/>
        </annotation>
    </item>
    <item name='javax.websocket.SendResult SendResult(java.lang.Throwable)'>
        <annotation name='com.intellij.inspections.tainted.annotation.equation.Equations'>
            <val val="{ &quot;SendResult := SendResult&quot; }"/>
        </annotation>
    </item>
    <item name='javax.websocket.SendResult java.lang.Throwable getException()'>
        <annotation name='com.intellij.inspections.tainted.annotation.equation.Equations'>
            <val val="{ &quot;getException := SendResult&quot; }"/>
        </annotation>
    </item>
    <item name='javax.websocket.SessionException'>
        <annotation name='com.intellij.inspections.tainted.annotation.equation.Equations'>
            <val val="{ &quot;SessionException := #SessionException(java.lang.String, java.lang.Throwable, javax.websocket.Session)#2&quot; }"/>
        </annotation>
    </item>
    <item name='javax.websocket.SessionException SessionException(java.lang.String, java.lang.Throwable, javax.websocket.Session)'>
        <annotation name='com.intellij.inspections.tainted.annotation.equation.Equations'>
            <val val="{ &quot;SessionException := SessionException&quot; }"/>
        </annotation>
    </item>
    <item name='javax.websocket.SessionException javax.websocket.Session getSession()'>
        <annotation name='com.intellij.inspections.tainted.annotation.equation.Equations'>
            <val val="{ &quot;getSession := SessionException&quot; }"/>
        </annotation>
    </item>
</root>