<root>
    <item name='com.sun.org.apache.xerces.internal.xni.grammars.Grammar com.sun.org.apache.xerces.internal.xni.grammars.XMLGrammarDescription getGrammarDescription()'>
        <annotation name='com.intellij.inspections.tainted.annotation.equation.Equations'>
            <val val="{ &quot;getGrammarDescription := com.sun.org.apache.xerces.internal.impl.dtd.DTDGrammar#getGrammarDescription() &amp; com.sun.org.apache.xerces.internal.impl.xs.SchemaGrammar#getGrammarDescription()&quot; }"/>
        </annotation>
    </item>
    <item name='com.sun.org.apache.xerces.internal.xni.grammars.XMLDTDDescription java.lang.String getRootName()'>
        <annotation name='com.intellij.inspections.tainted.annotation.equation.Equations'>
            <val val="{ &quot;getRootName := com.sun.org.apache.xerces.internal.impl.dtd.XMLDTDDescription#getRootName()&quot; }"/>
        </annotation>
    </item>
    <item name='com.sun.org.apache.xerces.internal.xni.grammars.XMLGrammarDescription java.lang.String getGrammarType()'>
        <annotation name='com.intellij.inspections.tainted.annotation.equation.Equations'>
            <val val="{ &quot;getGrammarType := com.sun.org.apache.xerces.internal.impl.xs.XSDDescription#getGrammarType() &amp; com.sun.org.apache.xerces.internal.impl.dtd.XMLDTDDescription#getGrammarType()&quot; }"/>
        </annotation>
    </item>
    <item name='com.sun.org.apache.xerces.internal.xni.grammars.XMLGrammarLoader boolean getFeature(java.lang.String)'>
        <annotation name='com.intellij.inspections.tainted.annotation.equation.Equations'>
            <val val="{ &quot;featureId := com.sun.org.apache.xerces.internal.impl.xs.XMLSchemaLoader#getFeature(java.lang.String)#0 &amp; com.sun.org.apache.xerces.internal.impl.dtd.XMLDTDLoader#getFeature(java.lang.String)#0&quot; }"/>
        </annotation>
    </item>
    <item name='com.sun.org.apache.xerces.internal.xni.grammars.XMLGrammarLoader com.sun.org.apache.xerces.internal.xni.grammars.Grammar loadGrammar(com.sun.org.apache.xerces.internal.xni.parser.XMLInputSource)'>
        <annotation name='com.intellij.inspections.tainted.annotation.equation.Equations'>
            <val val="{ &quot;loadGrammar := com.sun.org.apache.xerces.internal.impl.xs.XMLSchemaLoader#loadGrammar(com.sun.org.apache.xerces.internal.xni.parser.XMLInputSource) &amp; com.sun.org.apache.xerces.internal.impl.dtd.XMLDTDLoader#loadGrammar(com.sun.org.apache.xerces.internal.xni.parser.XMLInputSource)&quot;, &quot;source := com.sun.org.apache.xerces.internal.impl.xs.XMLSchemaLoader#loadGrammar(com.sun.org.apache.xerces.internal.xni.parser.XMLInputSource)#0 &amp; com.sun.org.apache.xerces.internal.impl.dtd.XMLDTDLoader#loadGrammar(com.sun.org.apache.xerces.internal.xni.parser.XMLInputSource)#0 &amp; com.sun.org.apache.xerces.internal.parsers.XMLGrammarPreparser#preparseGrammar(java.lang.String, com.sun.org.apache.xerces.internal.xni.parser.XMLInputSource)#1&quot; }"/>
        </annotation>
    </item>
    <item name='com.sun.org.apache.xerces.internal.xni.grammars.XMLGrammarLoader com.sun.org.apache.xerces.internal.xni.parser.XMLEntityResolver getEntityResolver()'>
        <annotation name='com.intellij.inspections.tainted.annotation.equation.Equations'>
            <val val="{ &quot;getEntityResolver := com.sun.org.apache.xerces.internal.impl.xs.XMLSchemaLoader#getEntityResolver() &amp; com.sun.org.apache.xerces.internal.impl.dtd.XMLDTDLoader#getEntityResolver()&quot; }"/>
        </annotation>
    </item>
    <item name='com.sun.org.apache.xerces.internal.xni.grammars.XMLGrammarLoader com.sun.org.apache.xerces.internal.xni.parser.XMLErrorHandler getErrorHandler()'>
        <annotation name='com.intellij.inspections.tainted.annotation.equation.Equations'>
            <val val="{ &quot;getErrorHandler := com.sun.org.apache.xerces.internal.impl.xs.XMLSchemaLoader#getErrorHandler() &amp; com.sun.org.apache.xerces.internal.impl.dtd.XMLDTDLoader#getErrorHandler()&quot; }"/>
        </annotation>
    </item>
    <item name='com.sun.org.apache.xerces.internal.xni.grammars.XMLGrammarLoader java.lang.Object getProperty(java.lang.String)'>
        <annotation name='com.intellij.inspections.tainted.annotation.equation.Equations'>
            <val val="{ &quot;propertyId := com.sun.org.apache.xerces.internal.impl.xs.XMLSchemaLoader#getProperty(java.lang.String)#0 &amp; com.sun.org.apache.xerces.internal.impl.dtd.XMLDTDLoader#getProperty(java.lang.String)#0&quot;, &quot;getProperty := com.sun.org.apache.xerces.internal.impl.xs.XMLSchemaLoader#getProperty(java.lang.String) &amp; com.sun.org.apache.xerces.internal.impl.dtd.XMLDTDLoader#getProperty(java.lang.String)&quot; }"/>
        </annotation>
    </item>
    <item name='com.sun.org.apache.xerces.internal.xni.grammars.XMLGrammarLoader java.lang.String[] getRecognizedFeatures()'>
        <annotation name='com.intellij.inspections.tainted.annotation.equation.Equations'>
            <val val="{ &quot;getRecognizedFeatures := com.sun.org.apache.xerces.internal.impl.xs.XMLSchemaLoader#getRecognizedFeatures() &amp; com.sun.org.apache.xerces.internal.impl.dtd.XMLDTDLoader#getRecognizedFeatures()&quot; }"/>
        </annotation>
    </item>
    <item name='com.sun.org.apache.xerces.internal.xni.grammars.XMLGrammarLoader java.lang.String[] getRecognizedProperties()'>
        <annotation name='com.intellij.inspections.tainted.annotation.equation.Equations'>
            <val val="{ &quot;getRecognizedProperties := com.sun.org.apache.xerces.internal.impl.xs.XMLSchemaLoader#getRecognizedProperties() &amp; com.sun.org.apache.xerces.internal.impl.dtd.XMLDTDLoader#getRecognizedProperties()&quot; }"/>
        </annotation>
    </item>
    <item name='com.sun.org.apache.xerces.internal.xni.grammars.XMLGrammarLoader java.util.Locale getLocale()'>
        <annotation name='com.intellij.inspections.tainted.annotation.equation.Equations'>
            <val val="{ &quot;getLocale := com.sun.org.apache.xerces.internal.impl.xs.XMLSchemaLoader#getLocale() &amp; com.sun.org.apache.xerces.internal.impl.dtd.XMLDTDLoader#getLocale()&quot; }"/>
        </annotation>
    </item>
    <item name='com.sun.org.apache.xerces.internal.xni.grammars.XMLGrammarLoader void setEntityResolver(com.sun.org.apache.xerces.internal.xni.parser.XMLEntityResolver)'>
        <annotation name='com.intellij.inspections.tainted.annotation.equation.Equations'>
            <val val="{ &quot;entityResolver := com.sun.org.apache.xerces.internal.impl.xs.XMLSchemaLoader#setEntityResolver(com.sun.org.apache.xerces.internal.xni.parser.XMLEntityResolver)#0 &amp; com.sun.org.apache.xerces.internal.impl.dtd.XMLDTDLoader#setEntityResolver(com.sun.org.apache.xerces.internal.xni.parser.XMLEntityResolver)#0&quot; }"/>
        </annotation>
    </item>
    <item name='com.sun.org.apache.xerces.internal.xni.grammars.XMLGrammarLoader void setErrorHandler(com.sun.org.apache.xerces.internal.xni.parser.XMLErrorHandler)'>
        <annotation name='com.intellij.inspections.tainted.annotation.equation.Equations'>
            <val val="{ &quot;errorHandler := com.sun.org.apache.xerces.internal.impl.xs.XMLSchemaLoader#setErrorHandler(com.sun.org.apache.xerces.internal.xni.parser.XMLErrorHandler)#0 &amp; com.sun.org.apache.xerces.internal.impl.dtd.XMLDTDLoader#setErrorHandler(com.sun.org.apache.xerces.internal.xni.parser.XMLErrorHandler)#0&quot; }"/>
        </annotation>
    </item>
    <item name='com.sun.org.apache.xerces.internal.xni.grammars.XMLGrammarLoader void setFeature(java.lang.String, boolean)'>
        <annotation name='com.intellij.inspections.tainted.annotation.equation.Equations'>
            <val val="{ &quot;featureId := com.sun.org.apache.xerces.internal.impl.xs.XMLSchemaLoader#setFeature(java.lang.String, boolean)#0 &amp; com.sun.org.apache.xerces.internal.impl.dtd.XMLDTDLoader#setFeature(java.lang.String, boolean)#0 &amp; com.sun.org.apache.xerces.internal.parsers.XMLGrammarPreparser#setFeature(java.lang.String, boolean)#0&quot; }"/>
        </annotation>
    </item>
    <item name='com.sun.org.apache.xerces.internal.xni.grammars.XMLGrammarLoader void setLocale(java.util.Locale)'>
        <annotation name='com.intellij.inspections.tainted.annotation.equation.Equations'>
            <val val="{ &quot;locale := com.sun.org.apache.xerces.internal.impl.xs.XMLSchemaLoader#setLocale(java.util.Locale)#0 &amp; com.sun.org.apache.xerces.internal.impl.dtd.XMLDTDLoader#setLocale(java.util.Locale)#0&quot; }"/>
        </annotation>
    </item>
    <item name='com.sun.org.apache.xerces.internal.xni.grammars.XMLGrammarLoader void setProperty(java.lang.String, java.lang.Object)'>
        <annotation name='com.intellij.inspections.tainted.annotation.equation.Equations'>
            <val val="{ &quot;state := com.sun.org.apache.xerces.internal.impl.xs.XMLSchemaLoader#setProperty(java.lang.String, java.lang.Object)#1 &amp; com.sun.org.apache.xerces.internal.impl.dtd.XMLDTDLoader#setProperty(java.lang.String, java.lang.Object)#1 &amp; com.sun.org.apache.xerces.internal.parsers.XMLGrammarPreparser &amp; com.sun.org.apache.xerces.internal.parsers.XMLGrammarPreparser#setProperty(java.lang.String, java.lang.Object)#1&quot;, &quot;propertyId := com.sun.org.apache.xerces.internal.impl.xs.XMLSchemaLoader#setProperty(java.lang.String, java.lang.Object)#0 &amp; com.sun.org.apache.xerces.internal.impl.dtd.XMLDTDLoader#setProperty(java.lang.String, java.lang.Object)#0 &amp; com.sun.org.apache.xerces.internal.parsers.XMLGrammarPreparser#SYMBOL_TABLE &amp; com.sun.org.apache.xerces.internal.parsers.XMLGrammarPreparser#ENTITY_RESOLVER &amp; com.sun.org.apache.xerces.internal.parsers.XMLGrammarPreparser#ERROR_REPORTER &amp; com.sun.org.apache.xerces.internal.parsers.XMLGrammarPreparser#GRAMMAR_POOL &amp; com.sun.org.apache.xerces.internal.parsers.XMLGrammarPreparser#setProperty(java.lang.String, java.lang.Object)#0&quot; }"/>
        </annotation>
    </item>
    <item name='com.sun.org.apache.xerces.internal.xni.grammars.XMLGrammarPool com.sun.org.apache.xerces.internal.xni.grammars.Grammar retrieveGrammar(com.sun.org.apache.xerces.internal.xni.grammars.XMLGrammarDescription)'>
        <annotation name='com.intellij.inspections.tainted.annotation.equation.Equations'>
            <val val="{ &quot;retrieveGrammar := com.sun.org.apache.xerces.internal.impl.xs.traversers.XSDHandler.XSAnnotationGrammarPool#retrieveGrammar(com.sun.org.apache.xerces.internal.xni.grammars.XMLGrammarDescription) &amp; com.sun.org.apache.xerces.internal.jaxp.validation.EmptyXMLSchema#retrieveGrammar(com.sun.org.apache.xerces.internal.xni.grammars.XMLGrammarDescription) &amp; com.sun.org.apache.xerces.internal.jaxp.validation.SimpleXMLSchema#retrieveGrammar(com.sun.org.apache.xerces.internal.xni.grammars.XMLGrammarDescription) &amp; com.sun.org.apache.xerces.internal.jaxp.validation.XMLSchemaFactory.XMLGrammarPoolWrapper#retrieveGrammar(com.sun.org.apache.xerces.internal.xni.grammars.XMLGrammarDescription) &amp; com.sun.org.apache.xerces.internal.jaxp.validation.ReadOnlyGrammarPool#retrieveGrammar(com.sun.org.apache.xerces.internal.xni.grammars.XMLGrammarDescription) &amp; com.sun.org.apache.xerces.internal.jaxp.validation.SoftReferenceGrammarPool#retrieveGrammar(com.sun.org.apache.xerces.internal.xni.grammars.XMLGrammarDescription) &amp; com.sun.org.apache.xerces.internal.util.XMLGrammarPoolImpl#retrieveGrammar(com.sun.org.apache.xerces.internal.xni.grammars.XMLGrammarDescription) &amp; com.sun.org.apache.xerces.internal.parsers.CachingParserPool.SynchronizedGrammarPool#retrieveGrammar(com.sun.org.apache.xerces.internal.xni.grammars.XMLGrammarDescription)&quot;, &quot;desc := com.sun.org.apache.xerces.internal.impl.xs.traversers.XSDHandler#findGrammar(com.sun.org.apache.xerces.internal.impl.xs.XSDDescription, boolean)#0 &amp; com.sun.org.apache.xerces.internal.impl.xs.traversers.XSDHandler.XSAnnotationGrammarPool#retrieveGrammar(com.sun.org.apache.xerces.internal.xni.grammars.XMLGrammarDescription)#0 &amp; com.sun.org.apache.xerces.internal.impl.xs.XMLSchemaValidator &amp; com.sun.org.apache.xerces.internal.jaxp.validation.EmptyXMLSchema#retrieveGrammar(com.sun.org.apache.xerces.internal.xni.grammars.XMLGrammarDescription)#0 &amp; com.sun.org.apache.xerces.internal.jaxp.validation.SimpleXMLSchema#retrieveGrammar(com.sun.org.apache.xerces.internal.xni.grammars.XMLGrammarDescription)#0 &amp; com.sun.org.apache.xerces.internal.jaxp.validation.XMLSchemaFactory.XMLGrammarPoolWrapper#retrieveGrammar(com.sun.org.apache.xerces.internal.xni.grammars.XMLGrammarDescription)#0 &amp; com.sun.org.apache.xerces.internal.jaxp.validation.ReadOnlyGrammarPool#retrieveGrammar(com.sun.org.apache.xerces.internal.xni.grammars.XMLGrammarDescription)#0 &amp; com.sun.org.apache.xerces.internal.jaxp.validation.SoftReferenceGrammarPool#retrieveGrammar(com.sun.org.apache.xerces.internal.xni.grammars.XMLGrammarDescription)#0 &amp; com.sun.org.apache.xerces.internal.util.XMLGrammarPoolImpl#retrieveGrammar(com.sun.org.apache.xerces.internal.xni.grammars.XMLGrammarDescription)#0 &amp; com.sun.org.apache.xerces.internal.parsers.CachingParserPool.SynchronizedGrammarPool#retrieveGrammar(com.sun.org.apache.xerces.internal.xni.grammars.XMLGrammarDescription)#0 &amp; com.sun.org.apache.xerces.internal.parsers.CachingParserPool.ShadowedGrammarPool#retrieveGrammar(com.sun.org.apache.xerces.internal.xni.grammars.XMLGrammarDescription)#0&quot; }"/>
        </annotation>
    </item>
    <item name='com.sun.org.apache.xerces.internal.xni.grammars.XMLGrammarPool com.sun.org.apache.xerces.internal.xni.grammars.Grammar[] retrieveInitialGrammarSet(java.lang.String)'>
        <annotation name='com.intellij.inspections.tainted.annotation.equation.Equations'>
            <val val="{ &quot;grammarType := XMLGrammarDescription#XML_SCHEMA &amp; com.sun.org.apache.xerces.internal.impl.xs.traversers.XSDHandler.XSAnnotationGrammarPool#retrieveInitialGrammarSet(java.lang.String)#0 &amp; XMLGrammarDescription#XML_DTD &amp; com.sun.org.apache.xerces.internal.jaxp.validation.EmptyXMLSchema#retrieveInitialGrammarSet(java.lang.String)#0 &amp; com.sun.org.apache.xerces.internal.jaxp.validation.SimpleXMLSchema#retrieveInitialGrammarSet(java.lang.String)#0 &amp; com.sun.org.apache.xerces.internal.jaxp.validation.XMLSchemaFactory.XMLGrammarPoolWrapper#retrieveInitialGrammarSet(java.lang.String)#0 &amp; com.sun.org.apache.xerces.internal.jaxp.validation.ReadOnlyGrammarPool#retrieveInitialGrammarSet(java.lang.String)#0 &amp; com.sun.org.apache.xerces.internal.jaxp.validation.SoftReferenceGrammarPool#retrieveInitialGrammarSet(java.lang.String)#0 &amp; com.sun.org.apache.xerces.internal.util.XMLGrammarPoolImpl#retrieveInitialGrammarSet(java.lang.String)#0 &amp; com.sun.org.apache.xerces.internal.parsers.CachingParserPool.SynchronizedGrammarPool#retrieveInitialGrammarSet(java.lang.String)#0 &amp; com.sun.org.apache.xerces.internal.parsers.CachingParserPool.ShadowedGrammarPool#retrieveInitialGrammarSet(java.lang.String)#0&quot;, &quot;retrieveInitialGrammarSet := com.sun.org.apache.xerces.internal.impl.xs.traversers.XSDHandler.XSAnnotationGrammarPool#retrieveInitialGrammarSet(java.lang.String) &amp; com.sun.org.apache.xerces.internal.jaxp.validation.EmptyXMLSchema#retrieveInitialGrammarSet(java.lang.String) &amp; com.sun.org.apache.xerces.internal.jaxp.validation.SimpleXMLSchema#retrieveInitialGrammarSet(java.lang.String) &amp; com.sun.org.apache.xerces.internal.jaxp.validation.XMLSchemaFactory.XMLGrammarPoolWrapper#retrieveInitialGrammarSet(java.lang.String) &amp; com.sun.org.apache.xerces.internal.jaxp.validation.ReadOnlyGrammarPool#retrieveInitialGrammarSet(java.lang.String) &amp; com.sun.org.apache.xerces.internal.jaxp.validation.SoftReferenceGrammarPool#retrieveInitialGrammarSet(java.lang.String) &amp; com.sun.org.apache.xerces.internal.util.XMLGrammarPoolImpl#retrieveInitialGrammarSet(java.lang.String) &amp; com.sun.org.apache.xerces.internal.parsers.CachingParserPool.SynchronizedGrammarPool#retrieveInitialGrammarSet(java.lang.String)&quot; }"/>
        </annotation>
    </item>
    <item name='com.sun.org.apache.xerces.internal.xni.grammars.XMLGrammarPool void cacheGrammars(java.lang.String, com.sun.org.apache.xerces.internal.xni.grammars.Grammar[])'>
        <annotation name='com.intellij.inspections.tainted.annotation.equation.Equations'>
            <val val="{ &quot;grammarType := XMLGrammarDescription#XML_DTD &amp; com.sun.org.apache.xerces.internal.jaxp.validation.XMLSchemaFactory.XMLGrammarPoolWrapper#cacheGrammars(java.lang.String, com.sun.org.apache.xerces.internal.xni.grammars.Grammar[])#0 &amp; com.sun.org.apache.xerces.internal.impl.xs.traversers.XSDHandler.XSAnnotationGrammarPool#cacheGrammars(java.lang.String, com.sun.org.apache.xerces.internal.xni.grammars.Grammar[])#0 &amp; XMLGrammarDescription#XML_SCHEMA &amp; com.sun.org.apache.xerces.internal.jaxp.validation.EmptyXMLSchema#cacheGrammars(java.lang.String, com.sun.org.apache.xerces.internal.xni.grammars.Grammar[])#0 &amp; com.sun.org.apache.xerces.internal.jaxp.validation.SimpleXMLSchema#cacheGrammars(java.lang.String, com.sun.org.apache.xerces.internal.xni.grammars.Grammar[])#0 &amp; com.sun.org.apache.xerces.internal.jaxp.validation.ReadOnlyGrammarPool#cacheGrammars(java.lang.String, com.sun.org.apache.xerces.internal.xni.grammars.Grammar[])#0 &amp; com.sun.org.apache.xerces.internal.jaxp.validation.SoftReferenceGrammarPool#cacheGrammars(java.lang.String, com.sun.org.apache.xerces.internal.xni.grammars.Grammar[])#0 &amp; com.sun.org.apache.xerces.internal.util.XMLGrammarPoolImpl#cacheGrammars(java.lang.String, com.sun.org.apache.xerces.internal.xni.grammars.Grammar[])#0 &amp; com.sun.org.apache.xerces.internal.parsers.CachingParserPool.SynchronizedGrammarPool#cacheGrammars(java.lang.String, com.sun.org.apache.xerces.internal.xni.grammars.Grammar[])#0 &amp; com.sun.org.apache.xerces.internal.parsers.CachingParserPool.ShadowedGrammarPool#cacheGrammars(java.lang.String, com.sun.org.apache.xerces.internal.xni.grammars.Grammar[])#0&quot;, &quot;grammars := com.sun.org.apache.xerces.internal.impl.dtd.XMLDTDProcessor &amp; com.sun.org.apache.xerces.internal.jaxp.validation.XMLSchemaFactory.XMLGrammarPoolWrapper#cacheGrammars(java.lang.String, com.sun.org.apache.xerces.internal.xni.grammars.Grammar[])#1 &amp; com.sun.org.apache.xerces.internal.impl.xs.traversers.XSDHandler.XSAnnotationGrammarPool#cacheGrammars(java.lang.String, com.sun.org.apache.xerces.internal.xni.grammars.Grammar[])#1 &amp; com.sun.org.apache.xerces.internal.impl.dtd.XMLDTDLoader &amp; com.sun.org.apache.xerces.internal.jaxp.validation.EmptyXMLSchema#cacheGrammars(java.lang.String, com.sun.org.apache.xerces.internal.xni.grammars.Grammar[])#1 &amp; com.sun.org.apache.xerces.internal.jaxp.validation.SimpleXMLSchema#cacheGrammars(java.lang.String, com.sun.org.apache.xerces.internal.xni.grammars.Grammar[])#1 &amp; com.sun.org.apache.xerces.internal.jaxp.validation.ReadOnlyGrammarPool#cacheGrammars(java.lang.String, com.sun.org.apache.xerces.internal.xni.grammars.Grammar[])#1 &amp; com.sun.org.apache.xerces.internal.jaxp.validation.SoftReferenceGrammarPool#cacheGrammars(java.lang.String, com.sun.org.apache.xerces.internal.xni.grammars.Grammar[])#1 &amp; com.sun.org.apache.xerces.internal.util.XMLGrammarPoolImpl#cacheGrammars(java.lang.String, com.sun.org.apache.xerces.internal.xni.grammars.Grammar[])#1 &amp; com.sun.org.apache.xerces.internal.parsers.CachingParserPool.SynchronizedGrammarPool#cacheGrammars(java.lang.String, com.sun.org.apache.xerces.internal.xni.grammars.Grammar[])#1 &amp; com.sun.org.apache.xerces.internal.parsers.CachingParserPool.ShadowedGrammarPool#cacheGrammars(java.lang.String, com.sun.org.apache.xerces.internal.xni.grammars.Grammar[])#1&quot; }"/>
        </annotation>
    </item>
    <item name='com.sun.org.apache.xerces.internal.xni.grammars.XMLSchemaDescription com.sun.org.apache.xerces.internal.xni.QName getEnclosingElementName()'>
        <annotation name='com.intellij.inspections.tainted.annotation.equation.Equations'>
            <val val="{ &quot;getEnclosingElementName := com.sun.org.apache.xerces.internal.impl.xs.XSDDescription#getEnclosingElementName()&quot; }"/>
        </annotation>
    </item>
    <item name='com.sun.org.apache.xerces.internal.xni.grammars.XMLSchemaDescription com.sun.org.apache.xerces.internal.xni.QName getTriggeringComponent()'>
        <annotation name='com.intellij.inspections.tainted.annotation.equation.Equations'>
            <val val="{ &quot;getTriggeringComponent := com.sun.org.apache.xerces.internal.impl.xs.XSDDescription#getTriggeringComponent() &amp; com.sun.org.apache.xerces.internal.impl.xs.XSDDescription#getTriggeringComponent()&quot; }"/>
        </annotation>
    </item>
    <item name='com.sun.org.apache.xerces.internal.xni.grammars.XMLSchemaDescription com.sun.org.apache.xerces.internal.xni.XMLAttributes getAttributes()'>
        <annotation name='com.intellij.inspections.tainted.annotation.equation.Equations'>
            <val val="{ &quot;getAttributes := com.sun.org.apache.xerces.internal.impl.xs.XSDDescription#getAttributes()&quot; }"/>
        </annotation>
    </item>
    <item name='com.sun.org.apache.xerces.internal.xni.grammars.XMLSchemaDescription java.lang.String getTargetNamespace()'>
        <annotation name='com.intellij.inspections.tainted.annotation.equation.Equations'>
            <val val="{ &quot;getTargetNamespace := com.sun.org.apache.xerces.internal.impl.xs.XSDDescription#getTargetNamespace() &amp; com.sun.org.apache.xerces.internal.impl.xs.XSDDescription#getTargetNamespace()&quot; }"/>
        </annotation>
    </item>
    <item name='com.sun.org.apache.xerces.internal.xni.grammars.XMLSchemaDescription java.lang.String[] getLocationHints()'>
        <annotation name='com.intellij.inspections.tainted.annotation.equation.Equations'>
            <val val="{ &quot;getLocationHints := com.sun.org.apache.xerces.internal.impl.xs.XSDDescription#getLocationHints() &amp; com.sun.org.apache.xerces.internal.impl.xs.XSDDescription#getLocationHints()&quot; }"/>
        </annotation>
    </item>
    <item name='com.sun.org.apache.xerces.internal.xni.grammars.XMLSchemaDescription short getContextType()'>
        <annotation name='com.intellij.inspections.tainted.annotation.equation.Equations'>
            <val val="{ &quot;getContextType := com.sun.org.apache.xerces.internal.impl.xs.XSDDescription#getContextType()&quot; }"/>
        </annotation>
    </item>
    <item name='com.sun.org.apache.xerces.internal.xni.grammars.XSGrammar com.sun.org.apache.xerces.internal.xs.XSModel toXSModel()'>
        <annotation name='com.intellij.inspections.tainted.annotation.equation.Equations'>
            <val val="{ &quot;toXSModel := com.sun.org.apache.xerces.internal.impl.xs.SchemaGrammar#toXSModel()&quot; }"/>
        </annotation>
    </item>
    <item name='com.sun.org.apache.xerces.internal.xni.grammars.XSGrammar com.sun.org.apache.xerces.internal.xs.XSModel toXSModel(com.sun.org.apache.xerces.internal.xni.grammars.XSGrammar[])'>
        <annotation name='com.intellij.inspections.tainted.annotation.equation.Equations'>
            <val val="{ &quot;toXSModel := com.sun.org.apache.xerces.internal.impl.xs.SchemaGrammar#toXSModel(com.sun.org.apache.xerces.internal.xni.grammars.XSGrammar[])&quot;, &quot;grammars := com.sun.org.apache.xerces.internal.impl.xs.SchemaGrammar#toXSModel(com.sun.org.apache.xerces.internal.xni.grammars.XSGrammar[])#0&quot; }"/>
        </annotation>
    </item>
</root>