<root>
    <item name='javax.xml.bind.ContextFinder java.lang.Class safeLoadClass(java.lang.String, java.lang.ClassLoader)'>
        <annotation name='com.intellij.inspections.tainted.annotation.equation.Equations'>
            <val val="{ &quot;className := #newInstance(java.lang.String, java.lang.String, java.lang.ClassLoader, java.util.Map)#1 &amp; #newInstance(java.lang.Class[], java.util.Map, java.lang.String)#2&quot;, &quot;classLoader := #newInstance(java.lang.String, java.lang.String, java.lang.ClassLoader, java.util.Map)#2&quot; }"/>
        </annotation>
    </item>
    <item name='javax.xml.bind.ContextFinder java.lang.ClassLoader getClassClassLoader(java.lang.Class)'>
        <annotation name='com.intellij.inspections.tainted.annotation.equation.Equations'>
            <val val="{ &quot;c := #which(java.lang.Class)#0&quot; }"/>
        </annotation>
    </item>
    <item name='javax.xml.bind.ContextFinder java.net.URL which(java.lang.Class)'>
        <annotation name='com.intellij.inspections.tainted.annotation.equation.Equations'>
            <val val="{ &quot;clazz := #handleClassCastException(java.lang.Class, java.lang.Class)#1&quot; }"/>
        </annotation>
    </item>
    <item name='javax.xml.bind.ContextFinder java.net.URL which(java.lang.Class, java.lang.ClassLoader)'>
        <annotation name='com.intellij.inspections.tainted.annotation.equation.Equations'>
            <val val="{ &quot;clazz := #which(java.lang.Class)#0&quot; }"/>
        </annotation>
    </item>
    <item name='javax.xml.bind.ContextFinder java.util.Properties loadJAXBProperties(java.lang.ClassLoader, java.lang.String)'>
        <annotation name='com.intellij.inspections.tainted.annotation.equation.Equations'>
            <val val="{ &quot;classLoader := #find(java.lang.String, java.lang.String, java.lang.ClassLoader, java.util.Map)#2&quot; }"/>
        </annotation>
    </item>
    <item name='javax.xml.bind.ContextFinder javax.xml.bind.JAXBContext find(java.lang.Class[], java.util.Map)'>
        <annotation name='com.intellij.inspections.tainted.annotation.equation.Equations'>
            <val val="{ &quot;properties := JAXBContext#newInstance(java.lang.Class[], java.util.Map)#1&quot;, &quot;classes := JAXBContext#newInstance(java.lang.Class[], java.util.Map)#0&quot; }"/>
        </annotation>
    </item>
    <item name='javax.xml.bind.ContextFinder javax.xml.bind.JAXBContext find(java.lang.String, java.lang.String, java.lang.ClassLoader, java.util.Map)'>
        <annotation name='com.intellij.inspections.tainted.annotation.equation.Equations'>
            <val val="{ &quot;contextPath := JAXBContext#newInstance(java.lang.String, java.lang.ClassLoader, java.util.Map)#0&quot;, &quot;properties := JAXBContext#newInstance(java.lang.String, java.lang.ClassLoader, java.util.Map)#2&quot;, &quot;classLoader := JAXBContext#newInstance(java.lang.String, java.lang.ClassLoader, java.util.Map)#1&quot;, &quot;factoryId := JAXBContext#JAXB_CONTEXT_FACTORY&quot; }"/>
        </annotation>
    </item>
    <item name='javax.xml.bind.ContextFinder javax.xml.bind.JAXBContext newInstance(java.lang.Class[], java.util.Map, java.lang.Class)'>
        <annotation name='com.intellij.inspections.tainted.annotation.equation.Equations'>
            <val val="{ &quot;properties := #newInstance(java.lang.Class[], java.util.Map, java.lang.String)#1 &amp; #find(java.lang.Class[], java.util.Map)#1&quot;, &quot;classes := #newInstance(java.lang.Class[], java.util.Map, java.lang.String)#0 &amp; #find(java.lang.Class[], java.util.Map)#0&quot; }"/>
        </annotation>
    </item>
    <item name='javax.xml.bind.ContextFinder javax.xml.bind.JAXBContext newInstance(java.lang.Class[], java.util.Map, java.lang.String)'>
        <annotation name='com.intellij.inspections.tainted.annotation.equation.Equations'>
            <val val="{ &quot;properties := #find(java.lang.Class[], java.util.Map)#1&quot;, &quot;classes := #find(java.lang.Class[], java.util.Map)#0&quot;, &quot;className := #PLATFORM_DEFAULT_FACTORY_CLASS&quot; }"/>
        </annotation>
    </item>
    <item name='javax.xml.bind.ContextFinder javax.xml.bind.JAXBContext newInstance(java.lang.String, java.lang.Class, java.lang.ClassLoader, java.util.Map)'>
        <annotation name='com.intellij.inspections.tainted.annotation.equation.Equations'>
            <val val="{ &quot;properties := #newInstance(java.lang.String, java.lang.String, java.lang.ClassLoader, java.util.Map)#3 &amp; #find(java.lang.String, java.lang.String, java.lang.ClassLoader, java.util.Map)#3&quot;, &quot;contextPath := #newInstance(java.lang.String, java.lang.String, java.lang.ClassLoader, java.util.Map)#0 &amp; #find(java.lang.String, java.lang.String, java.lang.ClassLoader, java.util.Map)#1&quot;, &quot;classLoader := #newInstance(java.lang.String, java.lang.String, java.lang.ClassLoader, java.util.Map)#2 &amp; #find(java.lang.String, java.lang.String, java.lang.ClassLoader, java.util.Map)#2&quot; }"/>
        </annotation>
    </item>
    <item name='javax.xml.bind.ContextFinder javax.xml.bind.JAXBContext newInstance(java.lang.String, java.lang.String, java.lang.ClassLoader, java.util.Map)'>
        <annotation name='com.intellij.inspections.tainted.annotation.equation.Equations'>
            <val val="{ &quot;className := #PLATFORM_DEFAULT_FACTORY_CLASS&quot;, &quot;contextPath := #find(java.lang.String, java.lang.String, java.lang.ClassLoader, java.util.Map)#1&quot;, &quot;classLoader := #find(java.lang.String, java.lang.String, java.lang.ClassLoader, java.util.Map)#2&quot;, &quot;properties := #find(java.lang.String, java.lang.String, java.lang.ClassLoader, java.util.Map)#3&quot; }"/>
        </annotation>
    </item>
    <item name='javax.xml.bind.DataBindingException DataBindingException(java.lang.String, java.lang.Throwable)'>
        <annotation name='com.intellij.inspections.tainted.annotation.equation.Equations'>
            <val val="{ &quot;DataBindingException := DataBindingException&quot; }"/>
        </annotation>
    </item>
    <item name='javax.xml.bind.DataBindingException DataBindingException(java.lang.Throwable)'>
        <annotation name='com.intellij.inspections.tainted.annotation.equation.Equations'>
            <val val="{ &quot;DataBindingException := DataBindingException&quot; }"/>
        </annotation>
    </item>
    <item name='javax.xml.bind.DatatypeConverter'>
        <annotation name='com.intellij.inspections.tainted.annotation.equation.Equations'>
            <val val="{ &quot;DatatypeConverter := &quot; }"/>
        </annotation>
    </item>
    <item name='javax.xml.bind.DatatypeConverter DatatypeConverter()'>
        <annotation name='com.intellij.inspections.tainted.annotation.equation.Equations'>
            <val val="{ &quot;DatatypeConverter := DatatypeConverter&quot; }"/>
        </annotation>
    </item>
    <item name='javax.xml.bind.DatatypeConverter byte[] parseHexBinary(java.lang.String)'>
        <annotation name='com.intellij.inspections.tainted.annotation.equation.Equations'>
            <val val="{ &quot;lexicalXSDHexBinary := javax.xml.bind.annotation.adapters.HexBinaryAdapter#unmarshal(java.lang.String)#0&quot; }"/>
        </annotation>
    </item>
    <item name='javax.xml.bind.DatatypeConverter java.lang.String printHexBinary(byte[])'>
        <annotation name='com.intellij.inspections.tainted.annotation.equation.Equations'>
            <val val="{ &quot;val := javax.xml.bind.annotation.adapters.HexBinaryAdapter#marshal(byte[])#0&quot; }"/>
        </annotation>
    </item>
    <item name='javax.xml.bind.DatatypeConverter void setDatatypeConverter(javax.xml.bind.DatatypeConverterInterface)'>
        <annotation name='com.intellij.inspections.tainted.annotation.equation.Equations'>
            <val val="{ &quot;converter := DatatypeConverterImpl#theInstance&quot; }"/>
        </annotation>
    </item>
    <item name='javax.xml.bind.DatatypeConverterImpl DatatypeConverterImpl()'>
        <annotation name='com.intellij.inspections.tainted.annotation.equation.Equations'>
            <val val="{ &quot;DatatypeConverterImpl := DatatypeConverterImpl&quot; }"/>
        </annotation>
    </item>
    <item name='javax.xml.bind.DatatypeConverterImpl boolean parseBoolean(java.lang.String)'>
        <annotation name='com.intellij.inspections.tainted.annotation.equation.Equations'>
            <val val="{ &quot;lexicalXSDBoolean := DatatypeConverterInterface#parseBoolean(java.lang.String)#0 &amp; DatatypeConverterInterface#parseBoolean(java.lang.String)#0&quot; }"/>
        </annotation>
    </item>
    <item name='javax.xml.bind.DatatypeConverterImpl byte _parseByte(java.lang.CharSequence)'>
        <annotation name='com.intellij.inspections.tainted.annotation.equation.Equations'>
            <val val="{ &quot;literal := #parseByte(java.lang.String)#0&quot; }"/>
        </annotation>
    </item>
    <item name='javax.xml.bind.DatatypeConverterImpl byte encodeByte(int)'>
        <annotation name='com.intellij.inspections.tainted.annotation.equation.Equations'>
            <val val="{ &quot;i := #_printBase64Binary(byte[], int, int, byte[], int)#0&quot;, &quot;encodeByte := #encodeMap&quot; }"/>
        </annotation>
    </item>
    <item name='javax.xml.bind.DatatypeConverterImpl byte parseByte(java.lang.String)'>
        <annotation name='com.intellij.inspections.tainted.annotation.equation.Equations'>
            <val val="{ &quot;lexicalXSDByte := DatatypeConverterInterface#parseByte(java.lang.String)#0 &amp; DatatypeConverterInterface#parseByte(java.lang.String)#0&quot; }"/>
        </annotation>
    </item>
    <item name='javax.xml.bind.DatatypeConverterImpl byte[] _parseBase64Binary(java.lang.String)'>
        <annotation name='com.intellij.inspections.tainted.annotation.equation.Equations'>
            <val val="{ &quot;text := #parseBase64Binary(java.lang.String)#0&quot;, &quot;_parseBase64Binary := #decodeMap&quot; }"/>
        </annotation>
    </item>
    <item name='javax.xml.bind.DatatypeConverterImpl byte[] initDecodeMap()'>
        <annotation name='com.intellij.inspections.tainted.annotation.equation.Equations'>
            <val val="{ &quot;initDecodeMap := #PADDING&quot; }"/>
        </annotation>
    </item>
    <item name='javax.xml.bind.DatatypeConverterImpl byte[] parseBase64Binary(java.lang.String)'>
        <annotation name='com.intellij.inspections.tainted.annotation.equation.Equations'>
            <val val="{ &quot;lexicalXSDBase64Binary := DatatypeConverterInterface#parseBase64Binary(java.lang.String)#0 &amp; DatatypeConverterInterface#parseBase64Binary(java.lang.String)#0&quot; }"/>
        </annotation>
    </item>
    <item name='javax.xml.bind.DatatypeConverterImpl byte[] parseHexBinary(java.lang.String)'>
        <annotation name='com.intellij.inspections.tainted.annotation.equation.Equations'>
            <val val="{ &quot;s := DatatypeConverterInterface#parseHexBinary(java.lang.String)#0 &amp; DatatypeConverterInterface#parseHexBinary(java.lang.String)#0&quot; }"/>
        </annotation>
    </item>
    <item name='javax.xml.bind.DatatypeConverterImpl char encode(int)'>
        <annotation name='com.intellij.inspections.tainted.annotation.equation.Equations'>
            <val val="{ &quot;i := #_printBase64Binary(byte[], int, int, char[], int)#0&quot;, &quot;encode := #encodeMap&quot; }"/>
        </annotation>
    </item>
    <item name='javax.xml.bind.DatatypeConverterImpl double _parseDouble(java.lang.CharSequence)'>
        <annotation name='com.intellij.inspections.tainted.annotation.equation.Equations'>
            <val val="{ &quot;_parseDouble := java.lang.Double#NaN &amp; java.lang.Double#POSITIVE_INFINITY &amp; java.lang.Double#NEGATIVE_INFINITY&quot;, &quot;_val := #parseDouble(java.lang.String)#0&quot; }"/>
        </annotation>
    </item>
    <item name='javax.xml.bind.DatatypeConverterImpl double parseDouble(java.lang.String)'>
        <annotation name='com.intellij.inspections.tainted.annotation.equation.Equations'>
            <val val="{ &quot;lexicalXSDDouble := DatatypeConverterInterface#parseDouble(java.lang.String)#0 &amp; DatatypeConverterInterface#parseDouble(java.lang.String)#0&quot; }"/>
        </annotation>
    </item>
    <item name='javax.xml.bind.DatatypeConverterImpl float _parseFloat(java.lang.CharSequence)'>
        <annotation name='com.intellij.inspections.tainted.annotation.equation.Equations'>
            <val val="{ &quot;_val := #parseFloat(java.lang.String)#0&quot;, &quot;_parseFloat := java.lang.Float#NaN &amp; java.lang.Float#POSITIVE_INFINITY &amp; java.lang.Float#NEGATIVE_INFINITY&quot; }"/>
        </annotation>
    </item>
    <item name='javax.xml.bind.DatatypeConverterImpl float parseFloat(java.lang.String)'>
        <annotation name='com.intellij.inspections.tainted.annotation.equation.Equations'>
            <val val="{ &quot;lexicalXSDFloat := DatatypeConverterInterface#parseFloat(java.lang.String)#0 &amp; DatatypeConverterInterface#parseFloat(java.lang.String)#0&quot; }"/>
        </annotation>
    </item>
    <item name='javax.xml.bind.DatatypeConverterImpl int _parseInt(java.lang.CharSequence)'>
        <annotation name='com.intellij.inspections.tainted.annotation.equation.Equations'>
            <val val="{ &quot;s := #parseInt(java.lang.String)#0 &amp; #_parseShort(java.lang.CharSequence)#0 &amp; #_parseByte(java.lang.CharSequence)#0 &amp; #parseUnsignedShort(java.lang.String)#0&quot; }"/>
        </annotation>
    </item>
    <item name='javax.xml.bind.DatatypeConverterImpl int _printBase64Binary(byte[], int, int, byte[], int)'>
        <annotation name='com.intellij.inspections.tainted.annotation.equation.Equations'>
            <val val="{ &quot;_printBase64Binary := ptr&quot; }"/>
        </annotation>
    </item>
    <item name='javax.xml.bind.DatatypeConverterImpl int _printBase64Binary(byte[], int, int, char[], int)'>
        <annotation name='com.intellij.inspections.tainted.annotation.equation.Equations'>
            <val val="{ &quot;offset := #_printBase64Binary(byte[], int, int)#1&quot;, &quot;_printBase64Binary := ptr&quot;, &quot;len := #_printBase64Binary(byte[], int, int)#2&quot;, &quot;input := #_printBase64Binary(byte[], int, int)#0&quot; }"/>
        </annotation>
    </item>
    <item name='javax.xml.bind.DatatypeConverterImpl int guessLength(java.lang.String)'>
        <annotation name='com.intellij.inspections.tainted.annotation.equation.Equations'>
            <val val="{ &quot;text := #_parseBase64Binary(java.lang.String)#0&quot; }"/>
        </annotation>
    </item>
    <item name='javax.xml.bind.DatatypeConverterImpl int hexToBin(char)'>
        <annotation name='com.intellij.inspections.tainted.annotation.equation.Equations'>
            <val val="{ &quot;hexToBin := ch&quot; }"/>
        </annotation>
    </item>
    <item name='javax.xml.bind.DatatypeConverterImpl int parseInt(java.lang.String)'>
        <annotation name='com.intellij.inspections.tainted.annotation.equation.Equations'>
            <val val="{ &quot;s := DatatypeConverterInterface#parseInt(java.lang.String)#0 &amp; DatatypeConverterInterface#parseInt(java.lang.String)#0&quot; }"/>
        </annotation>
    </item>
    <item name='javax.xml.bind.DatatypeConverterImpl int parseUnsignedShort(java.lang.String)'>
        <annotation name='com.intellij.inspections.tainted.annotation.equation.Equations'>
            <val val="{ &quot;lexicalXSDUnsignedShort := DatatypeConverterInterface#parseUnsignedShort(java.lang.String)#0 &amp; DatatypeConverterInterface#parseUnsignedShort(java.lang.String)#0&quot; }"/>
        </annotation>
    </item>
    <item name='javax.xml.bind.DatatypeConverterImpl java.lang.Boolean _parseBoolean(java.lang.CharSequence)'>
        <annotation name='com.intellij.inspections.tainted.annotation.equation.Equations'>
            <val val="{ &quot;literal := #parseBoolean(java.lang.String)#0&quot; }"/>
        </annotation>
    </item>
    <item name='javax.xml.bind.DatatypeConverterImpl java.lang.CharSequence removeOptionalPlus(java.lang.CharSequence)'>
        <annotation name='com.intellij.inspections.tainted.annotation.equation.Equations'>
            <val val="{ &quot;removeOptionalPlus := s&quot; }"/>
        </annotation>
    </item>
    <item name='javax.xml.bind.DatatypeConverterImpl java.lang.String _printBase64Binary(byte[])'>
        <annotation name='com.intellij.inspections.tainted.annotation.equation.Equations'>
            <val val="{ &quot;input := #printBase64Binary(byte[])#0&quot; }"/>
        </annotation>
    </item>
    <item name='javax.xml.bind.DatatypeConverterImpl java.lang.String _printBase64Binary(byte[], int, int)'>
        <annotation name='com.intellij.inspections.tainted.annotation.equation.Equations'>
            <val val="{ &quot;input := #_printBase64Binary(byte[])#0&quot; }"/>
        </annotation>
    </item>
    <item name='javax.xml.bind.DatatypeConverterImpl java.lang.String _printByte(byte)'>
        <annotation name='com.intellij.inspections.tainted.annotation.equation.Equations'>
            <val val="{ &quot;val := #printByte(byte)#0&quot; }"/>
        </annotation>
    </item>
    <item name='javax.xml.bind.DatatypeConverterImpl java.lang.String _printDate(java.util.Calendar)'>
        <annotation name='com.intellij.inspections.tainted.annotation.equation.Equations'>
            <val val="{ &quot;val := #printDate(java.util.Calendar)#0&quot; }"/>
        </annotation>
    </item>
    <item name='javax.xml.bind.DatatypeConverterImpl java.lang.String _printDateTime(java.util.Calendar)'>
        <annotation name='com.intellij.inspections.tainted.annotation.equation.Equations'>
            <val val="{ &quot;val := #printDateTime(java.util.Calendar)#0&quot; }"/>
        </annotation>
    </item>
    <item name='javax.xml.bind.DatatypeConverterImpl java.lang.String _printDecimal(java.math.BigDecimal)'>
        <annotation name='com.intellij.inspections.tainted.annotation.equation.Equations'>
            <val val="{ &quot;val := #printDecimal(java.math.BigDecimal)#0&quot; }"/>
        </annotation>
    </item>
    <item name='javax.xml.bind.DatatypeConverterImpl java.lang.String _printDouble(double)'>
        <annotation name='com.intellij.inspections.tainted.annotation.equation.Equations'>
            <val val="{ &quot;v := #printDouble(double)#0&quot; }"/>
        </annotation>
    </item>
    <item name='javax.xml.bind.DatatypeConverterImpl java.lang.String _printFloat(float)'>
        <annotation name='com.intellij.inspections.tainted.annotation.equation.Equations'>
            <val val="{ &quot;v := #printFloat(float)#0&quot; }"/>
        </annotation>
    </item>
    <item name='javax.xml.bind.DatatypeConverterImpl java.lang.String _printInt(int)'>
        <annotation name='com.intellij.inspections.tainted.annotation.equation.Equations'>
            <val val="{ &quot;val := #printInt(int)#0&quot; }"/>
        </annotation>
    </item>
    <item name='javax.xml.bind.DatatypeConverterImpl java.lang.String _printInteger(java.math.BigInteger)'>
        <annotation name='com.intellij.inspections.tainted.annotation.equation.Equations'>
            <val val="{ &quot;val := #printInteger(java.math.BigInteger)#0&quot; }"/>
        </annotation>
    </item>
    <item name='javax.xml.bind.DatatypeConverterImpl java.lang.String _printLong(long)'>
        <annotation name='com.intellij.inspections.tainted.annotation.equation.Equations'>
            <val val="{ &quot;val := #printUnsignedInt(long)#0 &amp; #printLong(long)#0&quot; }"/>
        </annotation>
    </item>
    <item name='javax.xml.bind.DatatypeConverterImpl java.lang.String _printQName(javax.xml.namespace.QName, javax.xml.namespace.NamespaceContext)'>
        <annotation name='com.intellij.inspections.tainted.annotation.equation.Equations'>
            <val val="{ &quot;val := #printQName(javax.xml.namespace.QName, javax.xml.namespace.NamespaceContext)#0&quot;, &quot;nsc := #printQName(javax.xml.namespace.QName, javax.xml.namespace.NamespaceContext)#1&quot; }"/>
        </annotation>
    </item>
    <item name='javax.xml.bind.DatatypeConverterImpl java.lang.String _printShort(short)'>
        <annotation name='com.intellij.inspections.tainted.annotation.equation.Equations'>
            <val val="{ &quot;val := #printShort(short)#0&quot; }"/>
        </annotation>
    </item>
    <item name='javax.xml.bind.DatatypeConverterImpl java.lang.String installHook(java.lang.String)'>
        <annotation name='com.intellij.inspections.tainted.annotation.equation.Equations'>
            <val val="{ &quot;installHook := s&quot; }"/>
        </annotation>
    </item>
    <item name='javax.xml.bind.DatatypeConverterImpl java.lang.String parseAnySimpleType(java.lang.String)'>
        <annotation name='com.intellij.inspections.tainted.annotation.equation.Equations'>
            <val val="{ &quot;parseAnySimpleType := lexicalXSDAnySimpleType&quot;, &quot;lexicalXSDAnySimpleType := DatatypeConverterInterface#parseAnySimpleType(java.lang.String)#0 &amp; DatatypeConverterInterface#parseAnySimpleType(java.lang.String)#0&quot; }"/>
        </annotation>
    </item>
    <item name='javax.xml.bind.DatatypeConverterImpl java.lang.String parseString(java.lang.String)'>
        <annotation name='com.intellij.inspections.tainted.annotation.equation.Equations'>
            <val val="{ &quot;parseString := lexicalXSDString&quot;, &quot;lexicalXSDString := DatatypeConverterInterface#parseString(java.lang.String)#0 &amp; DatatypeConverterInterface#parseString(java.lang.String)#0&quot; }"/>
        </annotation>
    </item>
    <item name='javax.xml.bind.DatatypeConverterImpl java.lang.String printAnySimpleType(java.lang.String)'>
        <annotation name='com.intellij.inspections.tainted.annotation.equation.Equations'>
            <val val="{ &quot;printAnySimpleType := val&quot;, &quot;val := DatatypeConverterInterface#printAnySimpleType(java.lang.String)#0 &amp; DatatypeConverterInterface#printAnySimpleType(java.lang.String)#0&quot; }"/>
        </annotation>
    </item>
    <item name='javax.xml.bind.DatatypeConverterImpl java.lang.String printBase64Binary(byte[])'>
        <annotation name='com.intellij.inspections.tainted.annotation.equation.Equations'>
            <val val="{ &quot;val := DatatypeConverterInterface#printBase64Binary(byte[])#0 &amp; DatatypeConverterInterface#printBase64Binary(byte[])#0&quot; }"/>
        </annotation>
    </item>
    <item name='javax.xml.bind.DatatypeConverterImpl java.lang.String printBoolean(boolean)'>
        <annotation name='com.intellij.inspections.tainted.annotation.equation.Equations'>
            <val val="{ &quot;val := DatatypeConverterInterface#printBoolean(boolean)#0 &amp; DatatypeConverterInterface#printBoolean(boolean)#0&quot; }"/>
        </annotation>
    </item>
    <item name='javax.xml.bind.DatatypeConverterImpl java.lang.String printByte(byte)'>
        <annotation name='com.intellij.inspections.tainted.annotation.equation.Equations'>
            <val val="{ &quot;val := DatatypeConverterInterface#printByte(byte)#0 &amp; DatatypeConverterInterface#printByte(byte)#0&quot; }"/>
        </annotation>
    </item>
    <item name='javax.xml.bind.DatatypeConverterImpl java.lang.String printDate(java.util.Calendar)'>
        <annotation name='com.intellij.inspections.tainted.annotation.equation.Equations'>
            <val val="{ &quot;val := DatatypeConverterInterface#printDate(java.util.Calendar)#0 &amp; DatatypeConverterInterface#printDate(java.util.Calendar)#0&quot; }"/>
        </annotation>
    </item>
    <item name='javax.xml.bind.DatatypeConverterImpl java.lang.String printDateTime(java.util.Calendar)'>
        <annotation name='com.intellij.inspections.tainted.annotation.equation.Equations'>
            <val val="{ &quot;val := DatatypeConverterInterface#printDateTime(java.util.Calendar)#0 &amp; DatatypeConverterInterface#printDateTime(java.util.Calendar)#0&quot; }"/>
        </annotation>
    </item>
    <item name='javax.xml.bind.DatatypeConverterImpl java.lang.String printDecimal(java.math.BigDecimal)'>
        <annotation name='com.intellij.inspections.tainted.annotation.equation.Equations'>
            <val val="{ &quot;val := DatatypeConverterInterface#printDecimal(java.math.BigDecimal)#0 &amp; DatatypeConverterInterface#printDecimal(java.math.BigDecimal)#0&quot; }"/>
        </annotation>
    </item>
    <item name='javax.xml.bind.DatatypeConverterImpl java.lang.String printDouble(double)'>
        <annotation name='com.intellij.inspections.tainted.annotation.equation.Equations'>
            <val val="{ &quot;v := DatatypeConverterInterface#printDouble(double)#0 &amp; DatatypeConverterInterface#printDouble(double)#0&quot; }"/>
        </annotation>
    </item>
    <item name='javax.xml.bind.DatatypeConverterImpl java.lang.String printFloat(float)'>
        <annotation name='com.intellij.inspections.tainted.annotation.equation.Equations'>
            <val val="{ &quot;v := DatatypeConverterInterface#printFloat(float)#0 &amp; DatatypeConverterInterface#printFloat(float)#0&quot; }"/>
        </annotation>
    </item>
    <item name='javax.xml.bind.DatatypeConverterImpl java.lang.String printHexBinary(byte[])'>
        <annotation name='com.intellij.inspections.tainted.annotation.equation.Equations'>
            <val val="{ &quot;data := DatatypeConverterInterface#printHexBinary(byte[])#0 &amp; DatatypeConverterInterface#printHexBinary(byte[])#0&quot; }"/>
        </annotation>
    </item>
    <item name='javax.xml.bind.DatatypeConverterImpl java.lang.String printInt(int)'>
        <annotation name='com.intellij.inspections.tainted.annotation.equation.Equations'>
            <val val="{ &quot;val := DatatypeConverterInterface#printInt(int)#0 &amp; DatatypeConverterInterface#printInt(int)#0&quot; }"/>
        </annotation>
    </item>
    <item name='javax.xml.bind.DatatypeConverterImpl java.lang.String printInteger(java.math.BigInteger)'>
        <annotation name='com.intellij.inspections.tainted.annotation.equation.Equations'>
            <val val="{ &quot;val := DatatypeConverterInterface#printInteger(java.math.BigInteger)#0 &amp; DatatypeConverterInterface#printInteger(java.math.BigInteger)#0&quot; }"/>
        </annotation>
    </item>
    <item name='javax.xml.bind.DatatypeConverterImpl java.lang.String printLong(long)'>
        <annotation name='com.intellij.inspections.tainted.annotation.equation.Equations'>
            <val val="{ &quot;val := DatatypeConverterInterface#printLong(long)#0 &amp; DatatypeConverterInterface#printLong(long)#0&quot; }"/>
        </annotation>
    </item>
    <item name='javax.xml.bind.DatatypeConverterImpl java.lang.String printQName(javax.xml.namespace.QName, javax.xml.namespace.NamespaceContext)'>
        <annotation name='com.intellij.inspections.tainted.annotation.equation.Equations'>
            <val val="{ &quot;val := DatatypeConverterInterface#printQName(javax.xml.namespace.QName, javax.xml.namespace.NamespaceContext)#0 &amp; DatatypeConverterInterface#printQName(javax.xml.namespace.QName, javax.xml.namespace.NamespaceContext)#0&quot;, &quot;nsc := DatatypeConverterInterface#printQName(javax.xml.namespace.QName, javax.xml.namespace.NamespaceContext)#1 &amp; DatatypeConverterInterface#printQName(javax.xml.namespace.QName, javax.xml.namespace.NamespaceContext)#1&quot; }"/>
        </annotation>
    </item>
    <item name='javax.xml.bind.DatatypeConverterImpl java.lang.String printShort(short)'>
        <annotation name='com.intellij.inspections.tainted.annotation.equation.Equations'>
            <val val="{ &quot;val := DatatypeConverterInterface#printShort(short)#0 &amp; DatatypeConverterInterface#printShort(short)#0&quot; }"/>
        </annotation>
    </item>
    <item name='javax.xml.bind.DatatypeConverterImpl java.lang.String printString(java.lang.String)'>
        <annotation name='com.intellij.inspections.tainted.annotation.equation.Equations'>
            <val val="{ &quot;printString := val&quot;, &quot;val := DatatypeConverterInterface#printString(java.lang.String)#0 &amp; DatatypeConverterInterface#printString(java.lang.String)#0&quot; }"/>
        </annotation>
    </item>
    <item name='javax.xml.bind.DatatypeConverterImpl java.lang.String printTime(java.util.Calendar)'>
        <annotation name='com.intellij.inspections.tainted.annotation.equation.Equations'>
            <val val="{ &quot;val := DatatypeConverterInterface#printTime(java.util.Calendar)#0 &amp; DatatypeConverterInterface#printTime(java.util.Calendar)#0&quot; }"/>
        </annotation>
    </item>
    <item name='javax.xml.bind.DatatypeConverterImpl java.lang.String printUnsignedInt(long)'>
        <annotation name='com.intellij.inspections.tainted.annotation.equation.Equations'>
            <val val="{ &quot;val := DatatypeConverterInterface#printUnsignedInt(long)#0 &amp; DatatypeConverterInterface#printUnsignedInt(long)#0&quot; }"/>
        </annotation>
    </item>
    <item name='javax.xml.bind.DatatypeConverterImpl java.lang.String printUnsignedShort(int)'>
        <annotation name='com.intellij.inspections.tainted.annotation.equation.Equations'>
            <val val="{ &quot;val := DatatypeConverterInterface#printUnsignedShort(int)#0 &amp; DatatypeConverterInterface#printUnsignedShort(int)#0&quot; }"/>
        </annotation>
    </item>
    <item name='javax.xml.bind.DatatypeConverterImpl java.math.BigDecimal _parseDecimal(java.lang.CharSequence)'>
        <annotation name='com.intellij.inspections.tainted.annotation.equation.Equations'>
            <val val="{ &quot;content := #parseDecimal(java.lang.String)#0&quot; }"/>
        </annotation>
    </item>
    <item name='javax.xml.bind.DatatypeConverterImpl java.math.BigDecimal parseDecimal(java.lang.String)'>
        <annotation name='com.intellij.inspections.tainted.annotation.equation.Equations'>
            <val val="{ &quot;content := DatatypeConverterInterface#parseDecimal(java.lang.String)#0 &amp; DatatypeConverterInterface#parseDecimal(java.lang.String)#0&quot; }"/>
        </annotation>
    </item>
    <item name='javax.xml.bind.DatatypeConverterImpl java.math.BigInteger _parseInteger(java.lang.CharSequence)'>
        <annotation name='com.intellij.inspections.tainted.annotation.equation.Equations'>
            <val val="{ &quot;s := #parseInteger(java.lang.String)#0&quot; }"/>
        </annotation>
    </item>
    <item name='javax.xml.bind.DatatypeConverterImpl java.math.BigInteger parseInteger(java.lang.String)'>
        <annotation name='com.intellij.inspections.tainted.annotation.equation.Equations'>
            <val val="{ &quot;lexicalXSDInteger := DatatypeConverterInterface#parseInteger(java.lang.String)#0 &amp; DatatypeConverterInterface#parseInteger(java.lang.String)#0&quot; }"/>
        </annotation>
    </item>
    <item name='javax.xml.bind.DatatypeConverterImpl java.util.Calendar parseDate(java.lang.String)'>
        <annotation name='com.intellij.inspections.tainted.annotation.equation.Equations'>
            <val val="{ &quot;lexicalXSDDate := DatatypeConverterInterface#parseDate(java.lang.String)#0 &amp; DatatypeConverterInterface#parseDate(java.lang.String)#0&quot; }"/>
        </annotation>
    </item>
    <item name='javax.xml.bind.DatatypeConverterImpl java.util.Calendar parseDateTime(java.lang.String)'>
        <annotation name='com.intellij.inspections.tainted.annotation.equation.Equations'>
            <val val="{ &quot;lexicalXSDDateTime := DatatypeConverterInterface#parseDateTime(java.lang.String)#0 &amp; DatatypeConverterInterface#parseDateTime(java.lang.String)#0&quot; }"/>
        </annotation>
    </item>
    <item name='javax.xml.bind.DatatypeConverterImpl java.util.Calendar parseTime(java.lang.String)'>
        <annotation name='com.intellij.inspections.tainted.annotation.equation.Equations'>
            <val val="{ &quot;lexicalXSDTime := DatatypeConverterInterface#parseTime(java.lang.String)#0 &amp; DatatypeConverterInterface#parseTime(java.lang.String)#0&quot; }"/>
        </annotation>
    </item>
    <item name='javax.xml.bind.DatatypeConverterImpl java.util.GregorianCalendar _parseDateTime(java.lang.CharSequence)'>
        <annotation name='com.intellij.inspections.tainted.annotation.equation.Equations'>
            <val val="{ &quot;s := #parseDateTime(java.lang.String)#0&quot; }"/>
        </annotation>
    </item>
    <item name='javax.xml.bind.DatatypeConverterImpl javax.xml.namespace.QName _parseQName(java.lang.CharSequence, javax.xml.namespace.NamespaceContext)'>
        <annotation name='com.intellij.inspections.tainted.annotation.equation.Equations'>
            <val val="{ &quot;text := #parseQName(java.lang.String, javax.xml.namespace.NamespaceContext)#0&quot;, &quot;nsc := #parseQName(java.lang.String, javax.xml.namespace.NamespaceContext)#1&quot; }"/>
        </annotation>
    </item>
    <item name='javax.xml.bind.DatatypeConverterImpl javax.xml.namespace.QName parseQName(java.lang.String, javax.xml.namespace.NamespaceContext)'>
        <annotation name='com.intellij.inspections.tainted.annotation.equation.Equations'>
            <val val="{ &quot;lexicalXSDQName := DatatypeConverterInterface#parseQName(java.lang.String, javax.xml.namespace.NamespaceContext)#0 &amp; DatatypeConverterInterface#parseQName(java.lang.String, javax.xml.namespace.NamespaceContext)#0&quot;, &quot;nsc := DatatypeConverterInterface#parseQName(java.lang.String, javax.xml.namespace.NamespaceContext)#1 &amp; DatatypeConverterInterface#parseQName(java.lang.String, javax.xml.namespace.NamespaceContext)#1&quot; }"/>
        </annotation>
    </item>
    <item name='javax.xml.bind.DatatypeConverterImpl long _parseLong(java.lang.CharSequence)'>
        <annotation name='com.intellij.inspections.tainted.annotation.equation.Equations'>
            <val val="{ &quot;s := #parseLong(java.lang.String)#0 &amp; #parseUnsignedInt(java.lang.String)#0&quot; }"/>
        </annotation>
    </item>
    <item name='javax.xml.bind.DatatypeConverterImpl long parseLong(java.lang.String)'>
        <annotation name='com.intellij.inspections.tainted.annotation.equation.Equations'>
            <val val="{ &quot;lexicalXSLong := DatatypeConverterInterface#parseLong(java.lang.String)#0 &amp; DatatypeConverterInterface#parseLong(java.lang.String)#0&quot; }"/>
        </annotation>
    </item>
    <item name='javax.xml.bind.DatatypeConverterImpl long parseUnsignedInt(java.lang.String)'>
        <annotation name='com.intellij.inspections.tainted.annotation.equation.Equations'>
            <val val="{ &quot;lexicalXSDUnsignedInt := DatatypeConverterInterface#parseUnsignedInt(java.lang.String)#0 &amp; DatatypeConverterInterface#parseUnsignedInt(java.lang.String)#0&quot; }"/>
        </annotation>
    </item>
    <item name='javax.xml.bind.DatatypeConverterImpl short _parseShort(java.lang.CharSequence)'>
        <annotation name='com.intellij.inspections.tainted.annotation.equation.Equations'>
            <val val="{ &quot;s := #parseShort(java.lang.String)#0&quot; }"/>
        </annotation>
    </item>
    <item name='javax.xml.bind.DatatypeConverterImpl short parseShort(java.lang.String)'>
        <annotation name='com.intellij.inspections.tainted.annotation.equation.Equations'>
            <val val="{ &quot;lexicalXSDShort := DatatypeConverterInterface#parseShort(java.lang.String)#0 &amp; DatatypeConverterInterface#parseShort(java.lang.String)#0&quot; }"/>
        </annotation>
    </item>
    <item name='javax.xml.bind.DatatypeConverterImpl.CalendarFormatter java.lang.String doFormat(java.lang.String, java.util.Calendar)'>
        <annotation name='com.intellij.inspections.tainted.annotation.equation.Equations'>
            <val val="{ &quot;cal := DatatypeConverterImpl#_printDateTime(java.util.Calendar)#0 &amp; DatatypeConverterImpl#printTime(java.util.Calendar)#0 &amp; DatatypeConverterImpl#_printDate(java.util.Calendar)#0&quot; }"/>
        </annotation>
    </item>
    <item name='javax.xml.bind.DatatypeConverterImpl.CalendarFormatter void formatDays(java.util.Calendar, java.lang.StringBuilder)'>
        <annotation name='com.intellij.inspections.tainted.annotation.equation.Equations'>
            <val val="{ &quot;cal := #doFormat(java.lang.String, java.util.Calendar)#1&quot; }"/>
        </annotation>
    </item>
    <item name='javax.xml.bind.DatatypeConverterImpl.CalendarFormatter void formatHours(java.util.Calendar, java.lang.StringBuilder)'>
        <annotation name='com.intellij.inspections.tainted.annotation.equation.Equations'>
            <val val="{ &quot;cal := #doFormat(java.lang.String, java.util.Calendar)#1&quot; }"/>
        </annotation>
    </item>
    <item name='javax.xml.bind.DatatypeConverterImpl.CalendarFormatter void formatMinutes(java.util.Calendar, java.lang.StringBuilder)'>
        <annotation name='com.intellij.inspections.tainted.annotation.equation.Equations'>
            <val val="{ &quot;cal := #doFormat(java.lang.String, java.util.Calendar)#1&quot; }"/>
        </annotation>
    </item>
    <item name='javax.xml.bind.DatatypeConverterImpl.CalendarFormatter void formatMonth(java.util.Calendar, java.lang.StringBuilder)'>
        <annotation name='com.intellij.inspections.tainted.annotation.equation.Equations'>
            <val val="{ &quot;cal := #doFormat(java.lang.String, java.util.Calendar)#1&quot; }"/>
        </annotation>
    </item>
    <item name='javax.xml.bind.DatatypeConverterImpl.CalendarFormatter void formatSeconds(java.util.Calendar, java.lang.StringBuilder)'>
        <annotation name='com.intellij.inspections.tainted.annotation.equation.Equations'>
            <val val="{ &quot;cal := #doFormat(java.lang.String, java.util.Calendar)#1&quot; }"/>
        </annotation>
    </item>
    <item name='javax.xml.bind.DatatypeConverterImpl.CalendarFormatter void formatTimeZone(java.util.Calendar, java.lang.StringBuilder)'>
        <annotation name='com.intellij.inspections.tainted.annotation.equation.Equations'>
            <val val="{ &quot;cal := #doFormat(java.lang.String, java.util.Calendar)#1&quot; }"/>
        </annotation>
    </item>
    <item name='javax.xml.bind.DatatypeConverterImpl.CalendarFormatter void formatTwoDigits(int, java.lang.StringBuilder)'>
        <annotation name='com.intellij.inspections.tainted.annotation.equation.Equations'>
            <val val="{ &quot;buf := #formatMonth(java.util.Calendar, java.lang.StringBuilder)#1 &amp; #formatDays(java.util.Calendar, java.lang.StringBuilder)#1 &amp; #formatHours(java.util.Calendar, java.lang.StringBuilder)#1 &amp; #formatMinutes(java.util.Calendar, java.lang.StringBuilder)#1 &amp; #formatSeconds(java.util.Calendar, java.lang.StringBuilder)#1 &amp; #formatTimeZone(java.util.Calendar, java.lang.StringBuilder)#1&quot; }"/>
        </annotation>
    </item>
    <item name='javax.xml.bind.DatatypeConverterImpl.CalendarFormatter void formatYear(java.util.Calendar, java.lang.StringBuilder)'>
        <annotation name='com.intellij.inspections.tainted.annotation.equation.Equations'>
            <val val="{ &quot;cal := #doFormat(java.lang.String, java.util.Calendar)#1&quot; }"/>
        </annotation>
    </item>
    <item name='javax.xml.bind.DatatypeConverterInterface boolean parseBoolean(java.lang.String)'>
        <annotation name='com.intellij.inspections.tainted.annotation.equation.Equations'>
            <val val="{ &quot;parseBoolean := DatatypeConverterImpl#parseBoolean(java.lang.String)&quot; }"/>
        </annotation>
    </item>
    <item name='javax.xml.bind.DatatypeConverterInterface byte parseByte(java.lang.String)'>
        <annotation name='com.intellij.inspections.tainted.annotation.equation.Equations'>
            <val val="{ &quot;parseByte := DatatypeConverterImpl#parseByte(java.lang.String)&quot; }"/>
        </annotation>
    </item>
    <item name='javax.xml.bind.DatatypeConverterInterface byte[] parseBase64Binary(java.lang.String)'>
        <annotation name='com.intellij.inspections.tainted.annotation.equation.Equations'>
            <val val="{ &quot;parseBase64Binary := DatatypeConverterImpl#parseBase64Binary(java.lang.String)&quot; }"/>
        </annotation>
    </item>
    <item name='javax.xml.bind.DatatypeConverterInterface byte[] parseHexBinary(java.lang.String)'>
        <annotation name='com.intellij.inspections.tainted.annotation.equation.Equations'>
            <val val="{ &quot;parseHexBinary := DatatypeConverterImpl#parseHexBinary(java.lang.String)&quot;, &quot;lexicalXSDHexBinary := DatatypeConverter#parseHexBinary(java.lang.String)#0&quot; }"/>
        </annotation>
    </item>
    <item name='javax.xml.bind.DatatypeConverterInterface double parseDouble(java.lang.String)'>
        <annotation name='com.intellij.inspections.tainted.annotation.equation.Equations'>
            <val val="{ &quot;parseDouble := DatatypeConverterImpl#parseDouble(java.lang.String)&quot; }"/>
        </annotation>
    </item>
    <item name='javax.xml.bind.DatatypeConverterInterface float parseFloat(java.lang.String)'>
        <annotation name='com.intellij.inspections.tainted.annotation.equation.Equations'>
            <val val="{ &quot;parseFloat := DatatypeConverterImpl#parseFloat(java.lang.String)&quot; }"/>
        </annotation>
    </item>
    <item name='javax.xml.bind.DatatypeConverterInterface int parseInt(java.lang.String)'>
        <annotation name='com.intellij.inspections.tainted.annotation.equation.Equations'>
            <val val="{ &quot;parseInt := DatatypeConverterImpl#parseInt(java.lang.String)&quot;, &quot;lexicalXSDInt := DatatypeConverter#parseInt(java.lang.String)#0&quot; }"/>
        </annotation>
    </item>
    <item name='javax.xml.bind.DatatypeConverterInterface int parseUnsignedShort(java.lang.String)'>
        <annotation name='com.intellij.inspections.tainted.annotation.equation.Equations'>
            <val val="{ &quot;parseUnsignedShort := DatatypeConverterImpl#parseUnsignedShort(java.lang.String)&quot;, &quot;lexicalXSDUnsignedShort := DatatypeConverter#parseUnsignedShort(java.lang.String)#0&quot; }"/>
        </annotation>
    </item>
    <item name='javax.xml.bind.DatatypeConverterInterface java.lang.String parseAnySimpleType(java.lang.String)'>
        <annotation name='com.intellij.inspections.tainted.annotation.equation.Equations'>
            <val val="{ &quot;parseAnySimpleType := DatatypeConverterImpl#parseAnySimpleType(java.lang.String)&quot;, &quot;lexicalXSDAnySimpleType := DatatypeConverter#parseAnySimpleType(java.lang.String)#0&quot; }"/>
        </annotation>
    </item>
    <item name='javax.xml.bind.DatatypeConverterInterface java.lang.String parseString(java.lang.String)'>
        <annotation name='com.intellij.inspections.tainted.annotation.equation.Equations'>
            <val val="{ &quot;parseString := DatatypeConverterImpl#parseString(java.lang.String)&quot; }"/>
        </annotation>
    </item>
    <item name='javax.xml.bind.DatatypeConverterInterface java.lang.String printAnySimpleType(java.lang.String)'>
        <annotation name='com.intellij.inspections.tainted.annotation.equation.Equations'>
            <val val="{ &quot;printAnySimpleType := DatatypeConverterImpl#printAnySimpleType(java.lang.String)&quot; }"/>
        </annotation>
    </item>
    <item name='javax.xml.bind.DatatypeConverterInterface java.lang.String printBase64Binary(byte[])'>
        <annotation name='com.intellij.inspections.tainted.annotation.equation.Equations'>
            <val val="{ &quot;printBase64Binary := DatatypeConverterImpl#printBase64Binary(byte[])&quot; }"/>
        </annotation>
    </item>
    <item name='javax.xml.bind.DatatypeConverterInterface java.lang.String printBoolean(boolean)'>
        <annotation name='com.intellij.inspections.tainted.annotation.equation.Equations'>
            <val val="{ &quot;printBoolean := DatatypeConverterImpl#printBoolean(boolean)&quot; }"/>
        </annotation>
    </item>
    <item name='javax.xml.bind.DatatypeConverterInterface java.lang.String printByte(byte)'>
        <annotation name='com.intellij.inspections.tainted.annotation.equation.Equations'>
            <val val="{ &quot;printByte := DatatypeConverterImpl#printByte(byte)&quot;, &quot;val := DatatypeConverter#printByte(byte)#0&quot; }"/>
        </annotation>
    </item>
    <item name='javax.xml.bind.DatatypeConverterInterface java.lang.String printDate(java.util.Calendar)'>
        <annotation name='com.intellij.inspections.tainted.annotation.equation.Equations'>
            <val val="{ &quot;val := DatatypeConverter#printDate(java.util.Calendar)#0&quot;, &quot;printDate := DatatypeConverterImpl#printDate(java.util.Calendar)&quot; }"/>
        </annotation>
    </item>
    <item name='javax.xml.bind.DatatypeConverterInterface java.lang.String printDateTime(java.util.Calendar)'>
        <annotation name='com.intellij.inspections.tainted.annotation.equation.Equations'>
            <val val="{ &quot;printDateTime := DatatypeConverterImpl#printDateTime(java.util.Calendar)&quot; }"/>
        </annotation>
    </item>
    <item name='javax.xml.bind.DatatypeConverterInterface java.lang.String printDecimal(java.math.BigDecimal)'>
        <annotation name='com.intellij.inspections.tainted.annotation.equation.Equations'>
            <val val="{ &quot;printDecimal := DatatypeConverterImpl#printDecimal(java.math.BigDecimal)&quot;, &quot;val := DatatypeConverter#printDecimal(java.math.BigDecimal)#0&quot; }"/>
        </annotation>
    </item>
    <item name='javax.xml.bind.DatatypeConverterInterface java.lang.String printDouble(double)'>
        <annotation name='com.intellij.inspections.tainted.annotation.equation.Equations'>
            <val val="{ &quot;printDouble := DatatypeConverterImpl#printDouble(double)&quot; }"/>
        </annotation>
    </item>
    <item name='javax.xml.bind.DatatypeConverterInterface java.lang.String printFloat(float)'>
        <annotation name='com.intellij.inspections.tainted.annotation.equation.Equations'>
            <val val="{ &quot;printFloat := DatatypeConverterImpl#printFloat(float)&quot; }"/>
        </annotation>
    </item>
    <item name='javax.xml.bind.DatatypeConverterInterface java.lang.String printHexBinary(byte[])'>
        <annotation name='com.intellij.inspections.tainted.annotation.equation.Equations'>
            <val val="{ &quot;printHexBinary := DatatypeConverterImpl#printHexBinary(byte[])&quot; }"/>
        </annotation>
    </item>
    <item name='javax.xml.bind.DatatypeConverterInterface java.lang.String printInt(int)'>
        <annotation name='com.intellij.inspections.tainted.annotation.equation.Equations'>
            <val val="{ &quot;printInt := DatatypeConverterImpl#printInt(int)&quot; }"/>
        </annotation>
    </item>
    <item name='javax.xml.bind.DatatypeConverterInterface java.lang.String printInteger(java.math.BigInteger)'>
        <annotation name='com.intellij.inspections.tainted.annotation.equation.Equations'>
            <val val="{ &quot;printInteger := DatatypeConverterImpl#printInteger(java.math.BigInteger)&quot; }"/>
        </annotation>
    </item>
    <item name='javax.xml.bind.DatatypeConverterInterface java.lang.String printLong(long)'>
        <annotation name='com.intellij.inspections.tainted.annotation.equation.Equations'>
            <val val="{ &quot;printLong := DatatypeConverterImpl#printLong(long)&quot; }"/>
        </annotation>
    </item>
    <item name='javax.xml.bind.DatatypeConverterInterface java.lang.String printQName(javax.xml.namespace.QName, javax.xml.namespace.NamespaceContext)'>
        <annotation name='com.intellij.inspections.tainted.annotation.equation.Equations'>
            <val val="{ &quot;printQName := DatatypeConverterImpl#printQName(javax.xml.namespace.QName, javax.xml.namespace.NamespaceContext)&quot; }"/>
        </annotation>
    </item>
    <item name='javax.xml.bind.DatatypeConverterInterface java.lang.String printShort(short)'>
        <annotation name='com.intellij.inspections.tainted.annotation.equation.Equations'>
            <val val="{ &quot;printShort := DatatypeConverterImpl#printShort(short)&quot;, &quot;val := DatatypeConverter#printShort(short)#0&quot; }"/>
        </annotation>
    </item>
    <item name='javax.xml.bind.DatatypeConverterInterface java.lang.String printString(java.lang.String)'>
        <annotation name='com.intellij.inspections.tainted.annotation.equation.Equations'>
            <val val="{ &quot;printString := DatatypeConverterImpl#printString(java.lang.String)&quot;, &quot;val := DatatypeConverter#printString(java.lang.String)#0&quot; }"/>
        </annotation>
    </item>
    <item name='javax.xml.bind.DatatypeConverterInterface java.lang.String printTime(java.util.Calendar)'>
        <annotation name='com.intellij.inspections.tainted.annotation.equation.Equations'>
            <val val="{ &quot;printTime := DatatypeConverterImpl#printTime(java.util.Calendar)&quot; }"/>
        </annotation>
    </item>
    <item name='javax.xml.bind.DatatypeConverterInterface java.lang.String printUnsignedInt(long)'>
        <annotation name='com.intellij.inspections.tainted.annotation.equation.Equations'>
            <val val="{ &quot;val := DatatypeConverter#printUnsignedInt(long)#0&quot;, &quot;printUnsignedInt := DatatypeConverterImpl#printUnsignedInt(long)&quot; }"/>
        </annotation>
    </item>
    <item name='javax.xml.bind.DatatypeConverterInterface java.lang.String printUnsignedShort(int)'>
        <annotation name='com.intellij.inspections.tainted.annotation.equation.Equations'>
            <val val="{ &quot;printUnsignedShort := DatatypeConverterImpl#printUnsignedShort(int)&quot; }"/>
        </annotation>
    </item>
    <item name='javax.xml.bind.DatatypeConverterInterface java.math.BigDecimal parseDecimal(java.lang.String)'>
        <annotation name='com.intellij.inspections.tainted.annotation.equation.Equations'>
            <val val="{ &quot;parseDecimal := DatatypeConverterImpl#parseDecimal(java.lang.String)&quot; }"/>
        </annotation>
    </item>
    <item name='javax.xml.bind.DatatypeConverterInterface java.math.BigInteger parseInteger(java.lang.String)'>
        <annotation name='com.intellij.inspections.tainted.annotation.equation.Equations'>
            <val val="{ &quot;parseInteger := DatatypeConverterImpl#parseInteger(java.lang.String)&quot; }"/>
        </annotation>
    </item>
    <item name='javax.xml.bind.DatatypeConverterInterface java.util.Calendar parseDate(java.lang.String)'>
        <annotation name='com.intellij.inspections.tainted.annotation.equation.Equations'>
            <val val="{ &quot;parseDate := DatatypeConverterImpl#parseDate(java.lang.String)&quot; }"/>
        </annotation>
    </item>
    <item name='javax.xml.bind.DatatypeConverterInterface java.util.Calendar parseDateTime(java.lang.String)'>
        <annotation name='com.intellij.inspections.tainted.annotation.equation.Equations'>
            <val val="{ &quot;parseDateTime := DatatypeConverterImpl#parseDateTime(java.lang.String)&quot; }"/>
        </annotation>
    </item>
    <item name='javax.xml.bind.DatatypeConverterInterface java.util.Calendar parseTime(java.lang.String)'>
        <annotation name='com.intellij.inspections.tainted.annotation.equation.Equations'>
            <val val="{ &quot;lexicalXSDTime := DatatypeConverter#parseTime(java.lang.String)#0&quot;, &quot;parseTime := DatatypeConverterImpl#parseTime(java.lang.String)&quot; }"/>
        </annotation>
    </item>
    <item name='javax.xml.bind.DatatypeConverterInterface javax.xml.namespace.QName parseQName(java.lang.String, javax.xml.namespace.NamespaceContext)'>
        <annotation name='com.intellij.inspections.tainted.annotation.equation.Equations'>
            <val val="{ &quot;parseQName := DatatypeConverterImpl#parseQName(java.lang.String, javax.xml.namespace.NamespaceContext)&quot;, &quot;lexicalXSDQName := DatatypeConverter#parseQName(java.lang.String, javax.xml.namespace.NamespaceContext)#0&quot;, &quot;nsc := DatatypeConverter#parseQName(java.lang.String, javax.xml.namespace.NamespaceContext)#1&quot; }"/>
        </annotation>
    </item>
    <item name='javax.xml.bind.DatatypeConverterInterface long parseLong(java.lang.String)'>
        <annotation name='com.intellij.inspections.tainted.annotation.equation.Equations'>
            <val val="{ &quot;parseLong := DatatypeConverterImpl#parseLong(java.lang.String)&quot; }"/>
        </annotation>
    </item>
    <item name='javax.xml.bind.DatatypeConverterInterface long parseUnsignedInt(java.lang.String)'>
        <annotation name='com.intellij.inspections.tainted.annotation.equation.Equations'>
            <val val="{ &quot;parseUnsignedInt := DatatypeConverterImpl#parseUnsignedInt(java.lang.String)&quot; }"/>
        </annotation>
    </item>
    <item name='javax.xml.bind.DatatypeConverterInterface short parseShort(java.lang.String)'>
        <annotation name='com.intellij.inspections.tainted.annotation.equation.Equations'>
            <val val="{ &quot;parseShort := DatatypeConverterImpl#parseShort(java.lang.String)&quot; }"/>
        </annotation>
    </item>
    <item name='javax.xml.bind.GetPropertyAction GetPropertyAction(java.lang.String)'>
        <annotation name='com.intellij.inspections.tainted.annotation.equation.Equations'>
            <val val="{ &quot;GetPropertyAction := GetPropertyAction&quot;, &quot;propertyName := JAXBContext#JAXB_CONTEXT_FACTORY&quot; }"/>
        </annotation>
    </item>
    <item name='javax.xml.bind.JAXB JAXB()'>
        <annotation name='com.intellij.inspections.tainted.annotation.equation.Equations'>
            <val val="{ &quot;JAXB := JAXB&quot; }"/>
        </annotation>
    </item>
    <item name='javax.xml.bind.JAXB javax.xml.transform.Result toResult(java.lang.Object)'>
        <annotation name='com.intellij.inspections.tainted.annotation.equation.Equations'>
            <val val="{ &quot;toResult := xml&quot;, &quot;xml := #_marshal(java.lang.Object, java.lang.Object)#1&quot; }"/>
        </annotation>
    </item>
    <item name='javax.xml.bind.JAXB javax.xml.transform.Source toSource(java.lang.Object)'>
        <annotation name='com.intellij.inspections.tainted.annotation.equation.Equations'>
            <val val="{ &quot;xml := #unmarshal(java.net.URL, java.lang.Class)#0 &amp; #unmarshal(java.net.URI, java.lang.Class)#0 &amp; #unmarshal(java.lang.String, java.lang.Class)#0 &amp; #unmarshal(java.io.InputStream, java.lang.Class)#0 &amp; #unmarshal(java.io.Reader, java.lang.Class)#0 &amp; #unmarshal(javax.xml.transform.Source, java.lang.Class)#0&quot;, &quot;toSource := xml&quot; }"/>
        </annotation>
    </item>
    <item name='javax.xml.bind.JAXB void _marshal(java.lang.Object, java.lang.Object)'>
        <annotation name='com.intellij.inspections.tainted.annotation.equation.Equations'>
            <val val="{ &quot;jaxbObject := #marshal(java.lang.Object, java.io.File)#0 &amp; #marshal(java.lang.Object, java.net.URL)#0 &amp; #marshal(java.lang.Object, java.net.URI)#0 &amp; #marshal(java.lang.Object, java.lang.String)#0 &amp; #marshal(java.lang.Object, java.io.OutputStream)#0 &amp; #marshal(java.lang.Object, java.io.Writer)#0 &amp; #marshal(java.lang.Object, javax.xml.transform.Result)#0&quot;, &quot;xml := #marshal(java.lang.Object, java.io.File)#1 &amp; #marshal(java.lang.Object, java.net.URL)#1 &amp; #marshal(java.lang.Object, java.net.URI)#1 &amp; #marshal(java.lang.Object, java.lang.String)#1 &amp; #marshal(java.lang.Object, java.io.OutputStream)#1 &amp; #marshal(java.lang.Object, java.io.Writer)#1 &amp; #marshal(java.lang.Object, javax.xml.transform.Result)#1&quot; }"/>
        </annotation>
    </item>
    <item name='javax.xml.bind.JAXB.Cache Cache(java.lang.Class)'>
        <annotation name='com.intellij.inspections.tainted.annotation.equation.Equations'>
            <val val="{ &quot;type := JAXB#getContext(java.lang.Class)#0&quot;, &quot;Cache := JAXB.Cache&quot; }"/>
        </annotation>
    </item>
    <item name='javax.xml.bind.JAXBContext JAXBContext()'>
        <annotation name='com.intellij.inspections.tainted.annotation.equation.Equations'>
            <val val="{ &quot;JAXBContext := JAXBContext&quot; }"/>
        </annotation>
    </item>
    <item name='javax.xml.bind.JAXBContext javax.xml.bind.JAXBContext newInstance(java.lang.Class...)'>
        <annotation name='com.intellij.inspections.tainted.annotation.equation.Equations'>
            <val val="{ &quot;classesToBeBound := JAXB.Cache#Cache(java.lang.Class)#0&quot; }"/>
        </annotation>
    </item>
    <item name='javax.xml.bind.JAXBContext javax.xml.bind.JAXBContext newInstance(java.lang.Class[], java.util.Map&lt;java.lang.String,?&gt;)'>
        <annotation name='com.intellij.inspections.tainted.annotation.equation.Equations'>
            <val val="{ &quot;classesToBeBound := #newInstance(java.lang.Class[])#0&quot; }"/>
        </annotation>
    </item>
    <item name='javax.xml.bind.JAXBContext javax.xml.bind.JAXBContext newInstance(java.lang.String, java.lang.ClassLoader)'>
        <annotation name='com.intellij.inspections.tainted.annotation.equation.Equations'>
            <val val="{ &quot;contextPath := #newInstance(java.lang.String)#0&quot; }"/>
        </annotation>
    </item>
    <item name='javax.xml.bind.JAXBContext javax.xml.bind.JAXBContext newInstance(java.lang.String, java.lang.ClassLoader, java.util.Map&lt;java.lang.String,?&gt;)'>
        <annotation name='com.intellij.inspections.tainted.annotation.equation.Equations'>
            <val val="{ &quot;contextPath := #newInstance(java.lang.String, java.lang.ClassLoader)#0&quot;, &quot;classLoader := #newInstance(java.lang.String, java.lang.ClassLoader)#1&quot; }"/>
        </annotation>
    </item>
    <item name='javax.xml.bind.JAXBException'>
        <annotation name='com.intellij.inspections.tainted.annotation.equation.Equations'>
            <val val="{ &quot;JAXBException := #setLinkedException(java.lang.Throwable)#0&quot; }"/>
        </annotation>
    </item>
    <item name='javax.xml.bind.JAXBException JAXBException(java.lang.String)'>
        <annotation name='com.intellij.inspections.tainted.annotation.equation.Equations'>
            <val val="{ &quot;message := PropertyException#PropertyException(java.lang.String)#0&quot;, &quot;JAXBException := JAXBException&quot; }"/>
        </annotation>
    </item>
    <item name='javax.xml.bind.JAXBException JAXBException(java.lang.String, java.lang.String)'>
        <annotation name='com.intellij.inspections.tainted.annotation.equation.Equations'>
            <val val="{ &quot;errorCode := PropertyException#PropertyException(java.lang.String, java.lang.String)#1&quot;, &quot;message := PropertyException#PropertyException(java.lang.String, java.lang.String)#0&quot;, &quot;JAXBException := JAXBException&quot; }"/>
        </annotation>
    </item>
    <item name='javax.xml.bind.JAXBException JAXBException(java.lang.String, java.lang.String, java.lang.Throwable)'>
        <annotation name='com.intellij.inspections.tainted.annotation.equation.Equations'>
            <val val="{ &quot;JAXBException := JAXBException&quot;, &quot;exception := #JAXBException(java.lang.Throwable)#0 &amp; #JAXBException(java.lang.String, java.lang.Throwable)#1 &amp; MarshalException#MarshalException(java.lang.String, java.lang.String, java.lang.Throwable)#2 &amp; UnmarshalException#UnmarshalException(java.lang.String, java.lang.String, java.lang.Throwable)#2 &amp; PropertyException#PropertyException(java.lang.String, java.lang.String, java.lang.Throwable)#2 &amp; ValidationException#ValidationException(java.lang.String, java.lang.String, java.lang.Throwable)#2&quot;, &quot;errorCode := #JAXBException(java.lang.String, java.lang.String)#1 &amp; MarshalException#MarshalException(java.lang.String, java.lang.String, java.lang.Throwable)#1 &amp; UnmarshalException#UnmarshalException(java.lang.String, java.lang.String, java.lang.Throwable)#1 &amp; PropertyException#PropertyException(java.lang.String, java.lang.String, java.lang.Throwable)#1 &amp; ValidationException#ValidationException(java.lang.String, java.lang.String, java.lang.Throwable)#1&quot;, &quot;message := #JAXBException(java.lang.String)#0 &amp; #JAXBException(java.lang.String, java.lang.String)#0 &amp; #JAXBException(java.lang.String, java.lang.Throwable)#0 &amp; MarshalException#MarshalException(java.lang.String, java.lang.String, java.lang.Throwable)#0 &amp; UnmarshalException#UnmarshalException(java.lang.String, java.lang.String, java.lang.Throwable)#0 &amp; PropertyException#PropertyException(java.lang.String, java.lang.String, java.lang.Throwable)#0 &amp; ValidationException#ValidationException(java.lang.String, java.lang.String, java.lang.Throwable)#0&quot; }"/>
        </annotation>
    </item>
    <item name='javax.xml.bind.JAXBException JAXBException(java.lang.String, java.lang.Throwable)'>
        <annotation name='com.intellij.inspections.tainted.annotation.equation.Equations'>
            <val val="{ &quot;exception := PropertyException#PropertyException(java.lang.String, java.lang.Throwable)#1&quot;, &quot;message := PropertyException#PropertyException(java.lang.String, java.lang.Throwable)#0&quot;, &quot;JAXBException := JAXBException&quot; }"/>
        </annotation>
    </item>
    <item name='javax.xml.bind.JAXBException JAXBException(java.lang.Throwable)'>
        <annotation name='com.intellij.inspections.tainted.annotation.equation.Equations'>
            <val val="{ &quot;JAXBException := JAXBException&quot;, &quot;exception := PropertyException#PropertyException(java.lang.Throwable)#0&quot; }"/>
        </annotation>
    </item>
    <item name='javax.xml.bind.JAXBException java.lang.String getErrorCode()'>
        <annotation name='com.intellij.inspections.tainted.annotation.equation.Equations'>
            <val val="{ &quot;getErrorCode := JAXBException&quot; }"/>
        </annotation>
    </item>
    <item name='javax.xml.bind.JAXBException java.lang.Throwable getCause()'>
        <annotation name='com.intellij.inspections.tainted.annotation.equation.Equations'>
            <val val="{ &quot;getCause := JAXBException&quot; }"/>
        </annotation>
    </item>
    <item name='javax.xml.bind.JAXBException java.lang.Throwable getLinkedException()'>
        <annotation name='com.intellij.inspections.tainted.annotation.equation.Equations'>
            <val val="{ &quot;getLinkedException := JAXBException&quot; }"/>
        </annotation>
    </item>
    <item name='javax.xml.bind.JAXBException void printStackTrace(java.io.PrintStream)'>
        <annotation name='com.intellij.inspections.tainted.annotation.equation.Equations'>
            <val val="{ &quot;s := java.lang.Throwable#printStackTrace(java.io.PrintStream)#0 &amp; java.lang.Throwable#printStackTrace(java.io.PrintStream)#0&quot; }"/>
        </annotation>
    </item>
    <item name='javax.xml.bind.JAXBException void printStackTrace(java.io.PrintWriter)'>
        <annotation name='com.intellij.inspections.tainted.annotation.equation.Equations'>
            <val val="{ &quot;s := java.lang.Throwable#printStackTrace(java.io.PrintWriter)#0 &amp; java.lang.Throwable#printStackTrace(java.io.PrintWriter)#0&quot; }"/>
        </annotation>
    </item>
    <item name='javax.xml.bind.JAXBPermission JAXBPermission(java.lang.String)'>
        <annotation name='com.intellij.inspections.tainted.annotation.equation.Equations'>
            <val val="{ &quot;JAXBPermission := JAXBPermission&quot; }"/>
        </annotation>
    </item>
    <item name='javax.xml.bind.MarshalException MarshalException(java.lang.String)'>
        <annotation name='com.intellij.inspections.tainted.annotation.equation.Equations'>
            <val val="{ &quot;MarshalException := MarshalException&quot; }"/>
        </annotation>
    </item>
    <item name='javax.xml.bind.MarshalException MarshalException(java.lang.String, java.lang.String)'>
        <annotation name='com.intellij.inspections.tainted.annotation.equation.Equations'>
            <val val="{ &quot;MarshalException := MarshalException&quot; }"/>
        </annotation>
    </item>
    <item name='javax.xml.bind.MarshalException MarshalException(java.lang.String, java.lang.String, java.lang.Throwable)'>
        <annotation name='com.intellij.inspections.tainted.annotation.equation.Equations'>
            <val val="{ &quot;MarshalException := MarshalException&quot;, &quot;errorCode := #MarshalException(java.lang.String, java.lang.String)#1&quot;, &quot;exception := #MarshalException(java.lang.Throwable)#0 &amp; #MarshalException(java.lang.String, java.lang.Throwable)#1&quot;, &quot;message := #MarshalException(java.lang.String)#0 &amp; #MarshalException(java.lang.String, java.lang.String)#0 &amp; #MarshalException(java.lang.String, java.lang.Throwable)#0&quot; }"/>
        </annotation>
    </item>
    <item name='javax.xml.bind.MarshalException MarshalException(java.lang.String, java.lang.Throwable)'>
        <annotation name='com.intellij.inspections.tainted.annotation.equation.Equations'>
            <val val="{ &quot;MarshalException := MarshalException&quot; }"/>
        </annotation>
    </item>
    <item name='javax.xml.bind.MarshalException MarshalException(java.lang.Throwable)'>
        <annotation name='com.intellij.inspections.tainted.annotation.equation.Equations'>
            <val val="{ &quot;MarshalException := MarshalException&quot; }"/>
        </annotation>
    </item>
    <item name='javax.xml.bind.Marshaller A getAdapter(java.lang.Class&lt;A&gt;)'>
        <annotation name='com.intellij.inspections.tainted.annotation.equation.Equations'>
            <val val="{ &quot;getAdapter := javax.xml.bind.helpers.AbstractMarshallerImpl#getAdapter(java.lang.Class)&quot; }"/>
        </annotation>
    </item>
    <item name='javax.xml.bind.Marshaller java.lang.Object getProperty(java.lang.String)'>
        <annotation name='com.intellij.inspections.tainted.annotation.equation.Equations'>
            <val val="{ &quot;getProperty := javax.xml.bind.helpers.AbstractMarshallerImpl#getProperty(java.lang.String)&quot; }"/>
        </annotation>
    </item>
    <item name='javax.xml.bind.Marshaller javax.xml.bind.Marshaller.Listener getListener()'>
        <annotation name='com.intellij.inspections.tainted.annotation.equation.Equations'>
            <val val="{ &quot;getListener := javax.xml.bind.helpers.AbstractMarshallerImpl#getListener()&quot; }"/>
        </annotation>
    </item>
    <item name='javax.xml.bind.Marshaller javax.xml.bind.ValidationEventHandler getEventHandler()'>
        <annotation name='com.intellij.inspections.tainted.annotation.equation.Equations'>
            <val val="{ &quot;getEventHandler := javax.xml.bind.helpers.AbstractMarshallerImpl#getEventHandler()&quot; }"/>
        </annotation>
    </item>
    <item name='javax.xml.bind.Marshaller javax.xml.bind.attachment.AttachmentMarshaller getAttachmentMarshaller()'>
        <annotation name='com.intellij.inspections.tainted.annotation.equation.Equations'>
            <val val="{ &quot;getAttachmentMarshaller := javax.xml.bind.helpers.AbstractMarshallerImpl#getAttachmentMarshaller()&quot; }"/>
        </annotation>
    </item>
    <item name='javax.xml.bind.Marshaller javax.xml.validation.Schema getSchema()'>
        <annotation name='com.intellij.inspections.tainted.annotation.equation.Equations'>
            <val val="{ &quot;getSchema := javax.xml.bind.helpers.AbstractMarshallerImpl#getSchema()&quot; }"/>
        </annotation>
    </item>
    <item name='javax.xml.bind.Marshaller org.w3c.dom.Node getNode(java.lang.Object)'>
        <annotation name='com.intellij.inspections.tainted.annotation.equation.Equations'>
            <val val="{ &quot;getNode := javax.xml.bind.helpers.AbstractMarshallerImpl#getNode(java.lang.Object)&quot; }"/>
        </annotation>
    </item>
    <item name='javax.xml.bind.Marshaller void marshal(java.lang.Object, javax.xml.transform.Result)'>
        <annotation name='com.intellij.inspections.tainted.annotation.equation.Equations'>
            <val val="{ &quot;result := javax.xml.ws.wsaddressing.W3CEndpointReference#writeTo(javax.xml.transform.Result)#0&quot;, &quot;jaxbElement := javax.xml.ws.wsaddressing.W3CEndpointReference &amp; javax.xml.bind.helpers.AbstractMarshallerImpl#marshal(java.lang.Object, java.io.OutputStream)#0 &amp; javax.xml.bind.helpers.AbstractMarshallerImpl#marshal(java.lang.Object, java.io.File)#0 &amp; javax.xml.bind.helpers.AbstractMarshallerImpl#marshal(java.lang.Object, java.io.Writer)#0 &amp; javax.xml.bind.helpers.AbstractMarshallerImpl#marshal(java.lang.Object, org.xml.sax.ContentHandler)#0 &amp; javax.xml.bind.helpers.AbstractMarshallerImpl#marshal(java.lang.Object, org.w3c.dom.Node)#0 &amp; JAXB#_marshal(java.lang.Object, java.lang.Object)#0&quot; }"/>
        </annotation>
    </item>
    <item name='javax.xml.bind.Marshaller void marshal(java.lang.Object, org.xml.sax.ContentHandler)'>
        <annotation name='com.intellij.inspections.tainted.annotation.equation.Equations'>
            <val val="{ &quot;jaxbElement := javax.xml.bind.util.JAXBSource&quot;, &quot;handler := javax.xml.bind.util.JAXBSource&quot; }"/>
        </annotation>
    </item>
    <item name='javax.xml.bind.Marshaller void setProperty(java.lang.String, java.lang.Object)'>
        <annotation name='com.intellij.inspections.tainted.annotation.equation.Equations'>
            <val val="{ &quot;name := #JAXB_FORMATTED_OUTPUT&quot; }"/>
        </annotation>
    </item>
    <item name='javax.xml.bind.PropertyException PropertyException(java.lang.String)'>
        <annotation name='com.intellij.inspections.tainted.annotation.equation.Equations'>
            <val val="{ &quot;PropertyException := PropertyException&quot; }"/>
        </annotation>
    </item>
    <item name='javax.xml.bind.PropertyException PropertyException(java.lang.String, java.lang.String)'>
        <annotation name='com.intellij.inspections.tainted.annotation.equation.Equations'>
            <val val="{ &quot;PropertyException := PropertyException&quot; }"/>
        </annotation>
    </item>
    <item name='javax.xml.bind.PropertyException PropertyException(java.lang.String, java.lang.String, java.lang.Throwable)'>
        <annotation name='com.intellij.inspections.tainted.annotation.equation.Equations'>
            <val val="{ &quot;PropertyException := PropertyException&quot; }"/>
        </annotation>
    </item>
    <item name='javax.xml.bind.PropertyException PropertyException(java.lang.String, java.lang.Throwable)'>
        <annotation name='com.intellij.inspections.tainted.annotation.equation.Equations'>
            <val val="{ &quot;PropertyException := PropertyException&quot; }"/>
        </annotation>
    </item>
    <item name='javax.xml.bind.PropertyException PropertyException(java.lang.Throwable)'>
        <annotation name='com.intellij.inspections.tainted.annotation.equation.Equations'>
            <val val="{ &quot;PropertyException := PropertyException&quot; }"/>
        </annotation>
    </item>
    <item name='javax.xml.bind.TypeConstraintException TypeConstraintException(java.lang.String)'>
        <annotation name='com.intellij.inspections.tainted.annotation.equation.Equations'>
            <val val="{ &quot;TypeConstraintException := TypeConstraintException&quot; }"/>
        </annotation>
    </item>
    <item name='javax.xml.bind.TypeConstraintException TypeConstraintException(java.lang.String, java.lang.String)'>
        <annotation name='com.intellij.inspections.tainted.annotation.equation.Equations'>
            <val val="{ &quot;TypeConstraintException := TypeConstraintException&quot; }"/>
        </annotation>
    </item>
    <item name='javax.xml.bind.TypeConstraintException TypeConstraintException(java.lang.String, java.lang.String, java.lang.Throwable)'>
        <annotation name='com.intellij.inspections.tainted.annotation.equation.Equations'>
            <val val="{ &quot;errorCode := #TypeConstraintException(java.lang.String, java.lang.String)#1&quot;, &quot;exception := #TypeConstraintException(java.lang.Throwable)#0 &amp; #TypeConstraintException(java.lang.String, java.lang.Throwable)#1&quot;, &quot;TypeConstraintException := TypeConstraintException&quot;, &quot;message := #TypeConstraintException(java.lang.String)#0 &amp; #TypeConstraintException(java.lang.String, java.lang.String)#0 &amp; #TypeConstraintException(java.lang.String, java.lang.Throwable)#0&quot; }"/>
        </annotation>
    </item>
    <item name='javax.xml.bind.TypeConstraintException TypeConstraintException(java.lang.String, java.lang.Throwable)'>
        <annotation name='com.intellij.inspections.tainted.annotation.equation.Equations'>
            <val val="{ &quot;TypeConstraintException := TypeConstraintException&quot; }"/>
        </annotation>
    </item>
    <item name='javax.xml.bind.TypeConstraintException TypeConstraintException(java.lang.Throwable)'>
        <annotation name='com.intellij.inspections.tainted.annotation.equation.Equations'>
            <val val="{ &quot;TypeConstraintException := TypeConstraintException&quot; }"/>
        </annotation>
    </item>
    <item name='javax.xml.bind.TypeConstraintException void printStackTrace(java.io.PrintStream)'>
        <annotation name='com.intellij.inspections.tainted.annotation.equation.Equations'>
            <val val="{ &quot;s := java.lang.Throwable#printStackTrace(java.io.PrintStream)#0 &amp; java.lang.Throwable#printStackTrace(java.io.PrintStream)#0 &amp; java.lang.System#err&quot; }"/>
        </annotation>
    </item>
    <item name='javax.xml.bind.UnmarshalException UnmarshalException(java.lang.String)'>
        <annotation name='com.intellij.inspections.tainted.annotation.equation.Equations'>
            <val val="{ &quot;UnmarshalException := UnmarshalException&quot; }"/>
        </annotation>
    </item>
    <item name='javax.xml.bind.UnmarshalException UnmarshalException(java.lang.String, java.lang.String)'>
        <annotation name='com.intellij.inspections.tainted.annotation.equation.Equations'>
            <val val="{ &quot;UnmarshalException := UnmarshalException&quot; }"/>
        </annotation>
    </item>
    <item name='javax.xml.bind.UnmarshalException UnmarshalException(java.lang.String, java.lang.String, java.lang.Throwable)'>
        <annotation name='com.intellij.inspections.tainted.annotation.equation.Equations'>
            <val val="{ &quot;exception := #UnmarshalException(java.lang.Throwable)#0 &amp; #UnmarshalException(java.lang.String, java.lang.Throwable)#1&quot;, &quot;errorCode := #UnmarshalException(java.lang.String, java.lang.String)#1&quot;, &quot;message := #UnmarshalException(java.lang.String)#0 &amp; #UnmarshalException(java.lang.String, java.lang.String)#0 &amp; #UnmarshalException(java.lang.String, java.lang.Throwable)#0&quot;, &quot;UnmarshalException := UnmarshalException&quot; }"/>
        </annotation>
    </item>
    <item name='javax.xml.bind.UnmarshalException UnmarshalException(java.lang.String, java.lang.Throwable)'>
        <annotation name='com.intellij.inspections.tainted.annotation.equation.Equations'>
            <val val="{ &quot;UnmarshalException := UnmarshalException&quot; }"/>
        </annotation>
    </item>
    <item name='javax.xml.bind.UnmarshalException UnmarshalException(java.lang.Throwable)'>
        <annotation name='com.intellij.inspections.tainted.annotation.equation.Equations'>
            <val val="{ &quot;UnmarshalException := UnmarshalException&quot;, &quot;exception := javax.xml.bind.helpers.AbstractUnmarshallerImpl#createUnmarshalException(org.xml.sax.SAXException)#0&quot; }"/>
        </annotation>
    </item>
    <item name='javax.xml.bind.Unmarshaller java.lang.Object unmarshal(java.io.InputStream)'>
        <annotation name='com.intellij.inspections.tainted.annotation.equation.Equations'>
            <val val="{ &quot;unmarshal := javax.xml.bind.helpers.AbstractUnmarshallerImpl#unmarshal(java.io.InputStream)&quot; }"/>
        </annotation>
    </item>
    <item name='javax.xml.bind.Unmarshaller java.lang.Object unmarshal(java.io.Reader)'>
        <annotation name='com.intellij.inspections.tainted.annotation.equation.Equations'>
            <val val="{ &quot;unmarshal := javax.xml.bind.helpers.AbstractUnmarshallerImpl#unmarshal(java.io.Reader)&quot; }"/>
        </annotation>
    </item>
    <item name='javax.xml.bind.ValidationEventHandler boolean handleEvent(javax.xml.bind.ValidationEvent)'>
        <annotation name='com.intellij.inspections.tainted.annotation.equation.Equations'>
            <val val="{ &quot;handleEvent := javax.xml.bind.util.ValidationEventCollector#handleEvent(javax.xml.bind.ValidationEvent) &amp; javax.xml.bind.helpers.DefaultValidationEventHandler#handleEvent(javax.xml.bind.ValidationEvent)&quot; }"/>
        </annotation>
    </item>
    <item name='javax.xml.bind.ValidationException ValidationException(java.lang.String)'>
        <annotation name='com.intellij.inspections.tainted.annotation.equation.Equations'>
            <val val="{ &quot;ValidationException := ValidationException&quot; }"/>
        </annotation>
    </item>
    <item name='javax.xml.bind.ValidationException ValidationException(java.lang.String, java.lang.String)'>
        <annotation name='com.intellij.inspections.tainted.annotation.equation.Equations'>
            <val val="{ &quot;ValidationException := ValidationException&quot; }"/>
        </annotation>
    </item>
    <item name='javax.xml.bind.ValidationException ValidationException(java.lang.String, java.lang.String, java.lang.Throwable)'>
        <annotation name='com.intellij.inspections.tainted.annotation.equation.Equations'>
            <val val="{ &quot;errorCode := #ValidationException(java.lang.String, java.lang.String)#1&quot;, &quot;message := #ValidationException(java.lang.String)#0 &amp; #ValidationException(java.lang.String, java.lang.String)#0 &amp; #ValidationException(java.lang.String, java.lang.Throwable)#0&quot;, &quot;ValidationException := ValidationException&quot;, &quot;exception := #ValidationException(java.lang.Throwable)#0 &amp; #ValidationException(java.lang.String, java.lang.Throwable)#1&quot; }"/>
        </annotation>
    </item>
    <item name='javax.xml.bind.ValidationException ValidationException(java.lang.String, java.lang.Throwable)'>
        <annotation name='com.intellij.inspections.tainted.annotation.equation.Equations'>
            <val val="{ &quot;ValidationException := ValidationException&quot; }"/>
        </annotation>
    </item>
    <item name='javax.xml.bind.ValidationException ValidationException(java.lang.Throwable)'>
        <annotation name='com.intellij.inspections.tainted.annotation.equation.Equations'>
            <val val="{ &quot;ValidationException := ValidationException&quot; }"/>
        </annotation>
    </item>
    <item name='javax.xml.bind.WhiteSpaceProcessor java.lang.CharSequence replace(java.lang.CharSequence)'>
        <annotation name='com.intellij.inspections.tainted.annotation.equation.Equations'>
            <val val="{ &quot;replace := text&quot; }"/>
        </annotation>
    </item>
</root>