<root>
    <item name='javax.swing.text.html.parser.AttributeList'>
        <annotation name='com.intellij.inspections.tainted.annotation.equation.Equations'>
            <val val="{ &quot;AttributeList := &quot; }"/>
        </annotation>
    </item>
    <item name='javax.swing.text.html.parser.AttributeList AttributeList()'>
        <annotation name='com.intellij.inspections.tainted.annotation.equation.Equations'>
            <val val="{ &quot;AttributeList := AttributeList&quot; }"/>
        </annotation>
    </item>
    <item name='javax.swing.text.html.parser.AttributeList AttributeList(java.lang.String)'>
        <annotation name='com.intellij.inspections.tainted.annotation.equation.Equations'>
            <val val="{ &quot;AttributeList := AttributeList&quot; }"/>
        </annotation>
    </item>
    <item name='javax.swing.text.html.parser.AttributeList AttributeList(java.lang.String, int, int, java.lang.String, java.util.Vector&lt;?&gt;, javax.swing.text.html.parser.AttributeList)'>
        <annotation name='com.intellij.inspections.tainted.annotation.equation.Equations'>
            <val val="{ &quot;AttributeList := AttributeList&quot;, &quot;value := DTD#defAttributeList(java.lang.String, int, int, java.lang.String, java.lang.String, javax.swing.text.html.parser.AttributeList)#3 &amp; DTD#readAttributeList(java.io.DataInputStream, java.lang.String[])#1&quot;, &quot;next := DTD#defAttributeList(java.lang.String, int, int, java.lang.String, java.lang.String, javax.swing.text.html.parser.AttributeList)#5&quot;, &quot;modifier := DTD#defAttributeList(java.lang.String, int, int, java.lang.String, java.lang.String, javax.swing.text.html.parser.AttributeList)#2&quot;, &quot;name := DTD#defAttributeList(java.lang.String, int, int, java.lang.String, java.lang.String, javax.swing.text.html.parser.AttributeList)#0 &amp; DTD#readAttributeList(java.io.DataInputStream, java.lang.String[])#1&quot;, &quot;type := DTD#defAttributeList(java.lang.String, int, int, java.lang.String, java.lang.String, javax.swing.text.html.parser.AttributeList)#1&quot; }"/>
        </annotation>
    </item>
    <item name='javax.swing.text.html.parser.AttributeList int getModifier()'>
        <annotation name='com.intellij.inspections.tainted.annotation.equation.Equations'>
            <val val="{ &quot;getModifier := AttributeList&quot; }"/>
        </annotation>
    </item>
    <item name='javax.swing.text.html.parser.AttributeList int getType()'>
        <annotation name='com.intellij.inspections.tainted.annotation.equation.Equations'>
            <val val="{ &quot;getType := AttributeList&quot; }"/>
        </annotation>
    </item>
    <item name='javax.swing.text.html.parser.AttributeList int name2type(java.lang.String)'>
        <annotation name='com.intellij.inspections.tainted.annotation.equation.Equations'>
            <val val="{ &quot;name2type := DTDConstants#CDATA&quot; }"/>
        </annotation>
    </item>
    <item name='javax.swing.text.html.parser.AttributeList java.lang.String getName()'>
        <annotation name='com.intellij.inspections.tainted.annotation.equation.Equations'>
            <val val="{ &quot;getName := AttributeList&quot; }"/>
        </annotation>
    </item>
    <item name='javax.swing.text.html.parser.AttributeList java.lang.String getValue()'>
        <annotation name='com.intellij.inspections.tainted.annotation.equation.Equations'>
            <val val="{ &quot;getValue := AttributeList&quot; }"/>
        </annotation>
    </item>
    <item name='javax.swing.text.html.parser.AttributeList java.lang.String toString()'>
        <annotation name='com.intellij.inspections.tainted.annotation.equation.Equations'>
            <val val="{ &quot;toString := AttributeList&quot; }"/>
        </annotation>
    </item>
    <item name='javax.swing.text.html.parser.AttributeList javax.swing.text.html.parser.AttributeList getNext()'>
        <annotation name='com.intellij.inspections.tainted.annotation.equation.Equations'>
            <val val="{ &quot;getNext := AttributeList&quot; }"/>
        </annotation>
    </item>
    <item name='javax.swing.text.html.parser.AttributeList void defineAttributeType(java.lang.String, int)'>
        <annotation name='com.intellij.inspections.tainted.annotation.equation.Equations'>
            <val val="{ &quot;val := DTDConstants#CDATA &amp; DTDConstants#ENTITY &amp; DTDConstants#ENTITIES &amp; DTDConstants#ID &amp; DTDConstants#IDREF &amp; DTDConstants#IDREFS &amp; DTDConstants#NAME &amp; DTDConstants#NAMES &amp; DTDConstants#NMTOKEN &amp; DTDConstants#NMTOKENS &amp; DTDConstants#NOTATION &amp; DTDConstants#NUMBER &amp; DTDConstants#NUMBERS &amp; DTDConstants#NUTOKEN &amp; DTDConstants#NUTOKENS&quot; }"/>
        </annotation>
    </item>
    <item name='javax.swing.text.html.parser.ContentModel ContentModel()'>
        <annotation name='com.intellij.inspections.tainted.annotation.equation.Equations'>
            <val val="{ &quot;ContentModel := ContentModel&quot; }"/>
        </annotation>
    </item>
    <item name='javax.swing.text.html.parser.ContentModel ContentModel(int, java.lang.Object, javax.swing.text.html.parser.ContentModel)'>
        <annotation name='com.intellij.inspections.tainted.annotation.equation.Equations'>
            <val val="{ &quot;type := DTD#defContentModel(int, java.lang.Object, javax.swing.text.html.parser.ContentModel)#0 &amp; #ContentModel(int, javax.swing.text.html.parser.ContentModel)#0&quot;, &quot;content := DTD#defContentModel(int, java.lang.Object, javax.swing.text.html.parser.ContentModel)#1 &amp; #ContentModel(javax.swing.text.html.parser.Element)#0 &amp; #ContentModel(int, javax.swing.text.html.parser.ContentModel)#1&quot;, &quot;ContentModel := ContentModel&quot;, &quot;next := DTD#defContentModel(int, java.lang.Object, javax.swing.text.html.parser.ContentModel)#2&quot; }"/>
        </annotation>
    </item>
    <item name='javax.swing.text.html.parser.ContentModel ContentModel(int, javax.swing.text.html.parser.ContentModel)'>
        <annotation name='com.intellij.inspections.tainted.annotation.equation.Equations'>
            <val val="{ &quot;ContentModel := ContentModel&quot; }"/>
        </annotation>
    </item>
    <item name='javax.swing.text.html.parser.ContentModel ContentModel(javax.swing.text.html.parser.Element)'>
        <annotation name='com.intellij.inspections.tainted.annotation.equation.Equations'>
            <val val="{ &quot;ContentModel := ContentModel&quot; }"/>
        </annotation>
    </item>
    <item name='javax.swing.text.html.parser.ContentModel boolean first(java.lang.Object)'>
        <annotation name='com.intellij.inspections.tainted.annotation.equation.Equations'>
            <val val="{ &quot;token := ContentModelState#advance(java.lang.Object)#0 &amp; Parser#legalElementContext(javax.swing.text.html.parser.Element)#0&quot; }"/>
        </annotation>
    </item>
    <item name='javax.swing.text.html.parser.ContentModel java.lang.String toString()'>
        <annotation name='com.intellij.inspections.tainted.annotation.equation.Equations'>
            <val val="{ &quot;toString := ContentModel&quot; }"/>
        </annotation>
    </item>
    <item name='javax.swing.text.html.parser.ContentModel javax.swing.text.html.parser.Element first()'>
        <annotation name='com.intellij.inspections.tainted.annotation.equation.Equations'>
            <val val="{ &quot;first := ContentModel&quot; }"/>
        </annotation>
    </item>
    <item name='javax.swing.text.html.parser.ContentModelState ContentModelState(java.lang.Object, javax.swing.text.html.parser.ContentModelState)'>
        <annotation name='com.intellij.inspections.tainted.annotation.equation.Equations'>
            <val val="{ &quot;ContentModelState := ContentModelState&quot; }"/>
        </annotation>
    </item>
    <item name='javax.swing.text.html.parser.ContentModelState ContentModelState(java.lang.Object, javax.swing.text.html.parser.ContentModelState, long)'>
        <annotation name='com.intellij.inspections.tainted.annotation.equation.Equations'>
            <val val="{ &quot;ContentModelState := ContentModelState&quot;, &quot;content := #ContentModelState(javax.swing.text.html.parser.ContentModel)#0 &amp; #ContentModelState(java.lang.Object, javax.swing.text.html.parser.ContentModelState)#0&quot;, &quot;next := #ContentModelState(java.lang.Object, javax.swing.text.html.parser.ContentModelState)#1&quot; }"/>
        </annotation>
    </item>
    <item name='javax.swing.text.html.parser.ContentModelState ContentModelState(javax.swing.text.html.parser.ContentModel)'>
        <annotation name='com.intellij.inspections.tainted.annotation.equation.Equations'>
            <val val="{ &quot;ContentModelState := ContentModelState&quot; }"/>
        </annotation>
    </item>
    <item name='javax.swing.text.html.parser.ContentModelState javax.swing.text.html.parser.ContentModel getModel()'>
        <annotation name='com.intellij.inspections.tainted.annotation.equation.Equations'>
            <val val="{ &quot;getModel := ContentModelState&quot; }"/>
        </annotation>
    </item>
    <item name='javax.swing.text.html.parser.ContentModelState javax.swing.text.html.parser.ContentModelState advance(java.lang.Object)'>
        <annotation name='com.intellij.inspections.tainted.annotation.equation.Equations'>
            <val val="{ &quot;advance := ContentModelState&quot;, &quot;token := TagStack#advance(javax.swing.text.html.parser.Element)#0&quot; }"/>
        </annotation>
    </item>
    <item name='javax.swing.text.html.parser.DTD'>
        <annotation name='com.intellij.inspections.tainted.annotation.equation.Equations'>
            <val val="{ &quot;DTD := &quot; }"/>
        </annotation>
    </item>
    <item name='javax.swing.text.html.parser.DTD DTD(java.lang.String)'>
        <annotation name='com.intellij.inspections.tainted.annotation.equation.Equations'>
            <val val="{ &quot;DTD := DTD&quot;, &quot;name := #getDTD(java.lang.String)#0&quot; }"/>
        </annotation>
    </item>
    <item name='javax.swing.text.html.parser.DTD java.lang.String getName()'>
        <annotation name='com.intellij.inspections.tainted.annotation.equation.Equations'>
            <val val="{ &quot;getName := DTD&quot; }"/>
        </annotation>
    </item>
    <item name='javax.swing.text.html.parser.DTD java.lang.String toString()'>
        <annotation name='com.intellij.inspections.tainted.annotation.equation.Equations'>
            <val val="{ &quot;toString := DTD&quot; }"/>
        </annotation>
    </item>
    <item name='javax.swing.text.html.parser.DTD java.lang.String[] readNameArray(java.io.DataInputStream, java.lang.String[])'>
        <annotation name='com.intellij.inspections.tainted.annotation.equation.Equations'>
            <val val="{ &quot;readNameArray := names&quot;, &quot;in := #read(java.io.DataInputStream)#0&quot; }"/>
        </annotation>
    </item>
    <item name='javax.swing.text.html.parser.DTD javax.swing.text.html.parser.AttributeList readAttributeList(java.io.DataInputStream, java.lang.String[])'>
        <annotation name='com.intellij.inspections.tainted.annotation.equation.Equations'>
            <val val="{ &quot;in := #read(java.io.DataInputStream)#0&quot; }"/>
        </annotation>
    </item>
    <item name='javax.swing.text.html.parser.DTD javax.swing.text.html.parser.ContentModel readContentModel(java.io.DataInputStream, java.lang.String[])'>
        <annotation name='com.intellij.inspections.tainted.annotation.equation.Equations'>
            <val val="{ &quot;in := #read(java.io.DataInputStream)#0&quot; }"/>
        </annotation>
    </item>
    <item name='javax.swing.text.html.parser.DTD javax.swing.text.html.parser.Element defineElement(java.lang.String, int, boolean, boolean, javax.swing.text.html.parser.ContentModel, java.util.BitSet, java.util.BitSet, javax.swing.text.html.parser.AttributeList)'>
        <annotation name='com.intellij.inspections.tainted.annotation.equation.Equations'>
            <val val="{ &quot;content := #defElement(java.lang.String, int, boolean, boolean, javax.swing.text.html.parser.ContentModel, java.lang.String[], java.lang.String[], javax.swing.text.html.parser.AttributeList)#4&quot;, &quot;name := #defElement(java.lang.String, int, boolean, boolean, javax.swing.text.html.parser.ContentModel, java.lang.String[], java.lang.String[], javax.swing.text.html.parser.AttributeList)#0&quot;, &quot;atts := #defElement(java.lang.String, int, boolean, boolean, javax.swing.text.html.parser.ContentModel, java.lang.String[], java.lang.String[], javax.swing.text.html.parser.AttributeList)#7&quot;, &quot;type := DTDConstants#EMPTY &amp; #defElement(java.lang.String, int, boolean, boolean, javax.swing.text.html.parser.ContentModel, java.lang.String[], java.lang.String[], javax.swing.text.html.parser.AttributeList)#1&quot; }"/>
        </annotation>
    </item>
    <item name='javax.swing.text.html.parser.DTD javax.swing.text.html.parser.Element getElement(java.lang.String)'>
        <annotation name='com.intellij.inspections.tainted.annotation.equation.Equations'>
            <val val="{ &quot;name := #defineElement(java.lang.String, int, boolean, boolean, javax.swing.text.html.parser.ContentModel, java.util.BitSet, java.util.BitSet, javax.swing.text.html.parser.AttributeList)#0 &amp; #defineAttributes(java.lang.String, javax.swing.text.html.parser.AttributeList)#0 &amp; #readContentModel(java.io.DataInputStream, java.lang.String[])#1&quot; }"/>
        </annotation>
    </item>
    <item name='javax.swing.text.html.parser.DTD javax.swing.text.html.parser.Entity defEntity(java.lang.String, int, int)'>
        <annotation name='com.intellij.inspections.tainted.annotation.equation.Equations'>
            <val val="{ &quot;type := DTDConstants#GENERAL&quot; }"/>
        </annotation>
    </item>
    <item name='javax.swing.text.html.parser.DTD javax.swing.text.html.parser.Entity defEntity(java.lang.String, int, java.lang.String)'>
        <annotation name='com.intellij.inspections.tainted.annotation.equation.Equations'>
            <val val="{ &quot;type := DTDConstants#GENERAL&quot; }"/>
        </annotation>
    </item>
    <item name='javax.swing.text.html.parser.DTD javax.swing.text.html.parser.Entity defineEntity(java.lang.String, int, char[])'>
        <annotation name='com.intellij.inspections.tainted.annotation.equation.Equations'>
            <val val="{ &quot;name := #defEntity(java.lang.String, int, int)#0 &amp; #defEntity(java.lang.String, int, java.lang.String)#0&quot;, &quot;data := #defEntity(java.lang.String, int, int)#2&quot;, &quot;type := #defEntity(java.lang.String, int, int)#1 &amp; #defEntity(java.lang.String, int, java.lang.String)#1&quot; }"/>
        </annotation>
    </item>
    <item name='javax.swing.text.html.parser.DTD void putDTDHash(java.lang.String, javax.swing.text.html.parser.DTD)'>
        <annotation name='com.intellij.inspections.tainted.annotation.equation.Equations'>
            <val val="{ &quot;dtd := ParserDelegator#createDTD(javax.swing.text.html.parser.DTD, java.lang.String)#0&quot;, &quot;name := ParserDelegator#createDTD(javax.swing.text.html.parser.DTD, java.lang.String)#1&quot; }"/>
        </annotation>
    </item>
    <item name='javax.swing.text.html.parser.DocumentParser DocumentParser(javax.swing.text.html.parser.DTD)'>
        <annotation name='com.intellij.inspections.tainted.annotation.equation.Equations'>
            <val val="{ &quot;DocumentParser := DocumentParser&quot; }"/>
        </annotation>
    </item>
    <item name='javax.swing.text.html.parser.DocumentParser void debug(java.lang.String)'>
        <annotation name='com.intellij.inspections.tainted.annotation.equation.Equations'>
            <val val="{ &quot;msg := #handleError(int, java.lang.String)#1&quot; }"/>
        </annotation>
    </item>
    <item name='javax.swing.text.html.parser.DocumentParser void parse(java.io.Reader, javax.swing.text.html.HTMLEditorKit.ParserCallback, boolean)'>
        <annotation name='com.intellij.inspections.tainted.annotation.equation.Equations'>
            <val val="{ &quot;in := ParserDelegator#parse(java.io.Reader, javax.swing.text.html.HTMLEditorKit.ParserCallback, boolean)#0&quot;, &quot;callback := ParserDelegator#parse(java.io.Reader, javax.swing.text.html.HTMLEditorKit.ParserCallback, boolean)#1&quot; }"/>
        </annotation>
    </item>
    <item name='javax.swing.text.html.parser.Element'>
        <annotation name='com.intellij.inspections.tainted.annotation.equation.Equations'>
            <val val="{ &quot;Element := DTDConstants#ANY&quot; }"/>
        </annotation>
    </item>
    <item name='javax.swing.text.html.parser.Element Element()'>
        <annotation name='com.intellij.inspections.tainted.annotation.equation.Equations'>
            <val val="{ &quot;Element := Element&quot; }"/>
        </annotation>
    </item>
    <item name='javax.swing.text.html.parser.Element Element(java.lang.String, int)'>
        <annotation name='com.intellij.inspections.tainted.annotation.equation.Equations'>
            <val val="{ &quot;name := DTD#getElement(java.lang.String)#0&quot;, &quot;Element := Element&quot; }"/>
        </annotation>
    </item>
    <item name='javax.swing.text.html.parser.Element int getIndex()'>
        <annotation name='com.intellij.inspections.tainted.annotation.equation.Equations'>
            <val val="{ &quot;getIndex := Element&quot; }"/>
        </annotation>
    </item>
    <item name='javax.swing.text.html.parser.Element int getType()'>
        <annotation name='com.intellij.inspections.tainted.annotation.equation.Equations'>
            <val val="{ &quot;getType := Element&quot; }"/>
        </annotation>
    </item>
    <item name='javax.swing.text.html.parser.Element java.lang.String getName()'>
        <annotation name='com.intellij.inspections.tainted.annotation.equation.Equations'>
            <val val="{ &quot;getName := Element&quot; }"/>
        </annotation>
    </item>
    <item name='javax.swing.text.html.parser.Element java.lang.String toString()'>
        <annotation name='com.intellij.inspections.tainted.annotation.equation.Equations'>
            <val val="{ &quot;toString := Element&quot; }"/>
        </annotation>
    </item>
    <item name='javax.swing.text.html.parser.Element javax.swing.text.html.parser.AttributeList getAttribute(java.lang.String)'>
        <annotation name='com.intellij.inspections.tainted.annotation.equation.Equations'>
            <val val="{ &quot;getAttribute := Element&quot; }"/>
        </annotation>
    </item>
    <item name='javax.swing.text.html.parser.Element javax.swing.text.html.parser.AttributeList getAttributeByValue(java.lang.String)'>
        <annotation name='com.intellij.inspections.tainted.annotation.equation.Equations'>
            <val val="{ &quot;name := javax.swing.text.html.HTML#NULL_ATTRIBUTE_VALUE&quot;, &quot;getAttributeByValue := Element&quot; }"/>
        </annotation>
    </item>
    <item name='javax.swing.text.html.parser.Element javax.swing.text.html.parser.AttributeList getAttributes()'>
        <annotation name='com.intellij.inspections.tainted.annotation.equation.Equations'>
            <val val="{ &quot;getAttributes := Element&quot; }"/>
        </annotation>
    </item>
    <item name='javax.swing.text.html.parser.Element javax.swing.text.html.parser.ContentModel getContent()'>
        <annotation name='com.intellij.inspections.tainted.annotation.equation.Equations'>
            <val val="{ &quot;getContent := Element&quot; }"/>
        </annotation>
    </item>
    <item name='javax.swing.text.html.parser.Entity'>
        <annotation name='com.intellij.inspections.tainted.annotation.equation.Equations'>
            <val val="{ &quot;Entity := &quot; }"/>
        </annotation>
    </item>
    <item name='javax.swing.text.html.parser.Entity Entity(java.lang.String, int, char[])'>
        <annotation name='com.intellij.inspections.tainted.annotation.equation.Equations'>
            <val val="{ &quot;name := DTD#defineEntity(java.lang.String, int, char[])#0&quot;, &quot;data := DTD#defineEntity(java.lang.String, int, char[])#2&quot;, &quot;Entity := Entity&quot;, &quot;type := DTD#defineEntity(java.lang.String, int, char[])#1&quot; }"/>
        </annotation>
    </item>
    <item name='javax.swing.text.html.parser.Entity char[] getData()'>
        <annotation name='com.intellij.inspections.tainted.annotation.equation.Equations'>
            <val val="{ &quot;getData := Entity&quot; }"/>
        </annotation>
    </item>
    <item name='javax.swing.text.html.parser.Entity int getType()'>
        <annotation name='com.intellij.inspections.tainted.annotation.equation.Equations'>
            <val val="{ &quot;getType := Entity&quot; }"/>
        </annotation>
    </item>
    <item name='javax.swing.text.html.parser.Entity int name2type(java.lang.String)'>
        <annotation name='com.intellij.inspections.tainted.annotation.equation.Equations'>
            <val val="{ &quot;name2type := DTDConstants#CDATA&quot; }"/>
        </annotation>
    </item>
    <item name='javax.swing.text.html.parser.Entity java.lang.String getName()'>
        <annotation name='com.intellij.inspections.tainted.annotation.equation.Equations'>
            <val val="{ &quot;getName := Entity&quot; }"/>
        </annotation>
    </item>
    <item name='javax.swing.text.html.parser.NPrintWriter NPrintWriter(int)'>
        <annotation name='com.intellij.inspections.tainted.annotation.equation.Equations'>
            <val val="{ &quot;NPrintWriter := NPrintWriter&quot; }"/>
        </annotation>
    </item>
    <item name='javax.swing.text.html.parser.Parser'>
        <annotation name='com.intellij.inspections.tainted.annotation.equation.Equations'>
            <val val="{ &quot;Parser := Parser&quot; }"/>
        </annotation>
    </item>
    <item name='javax.swing.text.html.parser.Parser Parser(javax.swing.text.html.parser.DTD)'>
        <annotation name='com.intellij.inspections.tainted.annotation.equation.Equations'>
            <val val="{ &quot;Parser := Parser&quot;, &quot;dtd := DocumentParser#DocumentParser(javax.swing.text.html.parser.DTD)#0&quot; }"/>
        </annotation>
    </item>
    <item name='javax.swing.text.html.parser.Parser boolean ignoreElement(javax.swing.text.html.parser.Element)'>
        <annotation name='com.intellij.inspections.tainted.annotation.equation.Equations'>
            <val val="{ &quot;elem := #legalElementContext(javax.swing.text.html.parser.Element)#0&quot; }"/>
        </annotation>
    </item>
    <item name='javax.swing.text.html.parser.Parser boolean legalElementContext(javax.swing.text.html.parser.Element)'>
        <annotation name='com.intellij.inspections.tainted.annotation.equation.Equations'>
            <val val="{ &quot;elem := Parser&quot; }"/>
        </annotation>
    </item>
    <item name='javax.swing.text.html.parser.Parser boolean parseMarkupDeclarations(java.lang.StringBuffer)'>
        <annotation name='com.intellij.inspections.tainted.annotation.equation.Equations'>
            <val val="{ &quot;strBuff := &quot; }"/>
        </annotation>
    </item>
    <item name='javax.swing.text.html.parser.Parser char[] getChars(int)'>
        <annotation name='com.intellij.inspections.tainted.annotation.equation.Equations'>
            <val val="{ &quot;pos := &quot; }"/>
        </annotation>
    </item>
    <item name='javax.swing.text.html.parser.Parser char[] getChars(int, int)'>
        <annotation name='com.intellij.inspections.tainted.annotation.equation.Equations'>
            <val val="{ &quot;endPos := &quot; }"/>
        </annotation>
    </item>
    <item name='javax.swing.text.html.parser.Parser char[] mapNumericReference(int)'>
        <annotation name='com.intellij.inspections.tainted.annotation.equation.Equations'>
            <val val="{ &quot;c := Parser&quot;, &quot;mapNumericReference := c &amp; #cp1252Map&quot; }"/>
        </annotation>
    </item>
    <item name='javax.swing.text.html.parser.Parser int getCurrentLine()'>
        <annotation name='com.intellij.inspections.tainted.annotation.equation.Equations'>
            <val val="{ &quot;getCurrentLine := Parser&quot; }"/>
        </annotation>
    </item>
    <item name='javax.swing.text.html.parser.Parser int getCurrentPos()'>
        <annotation name='com.intellij.inspections.tainted.annotation.equation.Equations'>
            <val val="{ &quot;getCurrentPos := Parser&quot; }"/>
        </annotation>
    </item>
    <item name='javax.swing.text.html.parser.Parser int readCh()'>
        <annotation name='com.intellij.inspections.tainted.annotation.equation.Equations'>
            <val val="{ &quot;readCh := Parser&quot; }"/>
        </annotation>
    </item>
    <item name='javax.swing.text.html.parser.Parser java.lang.String getString(int)'>
        <annotation name='com.intellij.inspections.tainted.annotation.equation.Equations'>
            <val val="{ &quot;pos := Parser&quot; }"/>
        </annotation>
    </item>
    <item name='javax.swing.text.html.parser.Parser javax.swing.text.SimpleAttributeSet getAttributes()'>
        <annotation name='com.intellij.inspections.tainted.annotation.equation.Equations'>
            <val val="{ &quot;getAttributes := Parser&quot; }"/>
        </annotation>
    </item>
    <item name='javax.swing.text.html.parser.Parser javax.swing.text.html.parser.TagElement makeTag(javax.swing.text.html.parser.Element)'>
        <annotation name='com.intellij.inspections.tainted.annotation.equation.Equations'>
            <val val="{ &quot;elem := Parser&quot; }"/>
        </annotation>
    </item>
    <item name='javax.swing.text.html.parser.Parser javax.swing.text.html.parser.TagElement makeTag(javax.swing.text.html.parser.Element, boolean)'>
        <annotation name='com.intellij.inspections.tainted.annotation.equation.Equations'>
            <val val="{ &quot;elem := #makeTag(javax.swing.text.html.parser.Element)#0 &amp; Parser&quot; }"/>
        </annotation>
    </item>
    <item name='javax.swing.text.html.parser.Parser void addString(int)'>
        <annotation name='com.intellij.inspections.tainted.annotation.equation.Equations'>
            <val val="{ &quot;c := Parser&quot; }"/>
        </annotation>
    </item>
    <item name='javax.swing.text.html.parser.Parser void error(java.lang.String, java.lang.String)'>
        <annotation name='com.intellij.inspections.tainted.annotation.equation.Equations'>
            <val val="{ &quot;arg1 := &quot; }"/>
        </annotation>
    </item>
    <item name='javax.swing.text.html.parser.Parser void error(java.lang.String, java.lang.String, java.lang.String, java.lang.String)'>
        <annotation name='com.intellij.inspections.tainted.annotation.equation.Equations'>
            <val val="{ &quot;arg2 := #error(java.lang.String, java.lang.String, java.lang.String)#2&quot;, &quot;err := #error(java.lang.String, java.lang.String, java.lang.String)#0 &amp; #error(java.lang.String, java.lang.String)#0 &amp; #error(java.lang.String)#0&quot;, &quot;arg1 := #error(java.lang.String, java.lang.String, java.lang.String)#1 &amp; #error(java.lang.String, java.lang.String)#1&quot; }"/>
        </annotation>
    </item>
    <item name='javax.swing.text.html.parser.Parser void handleComment(char[])'>
        <annotation name='com.intellij.inspections.tainted.annotation.equation.Equations'>
            <val val="{ &quot;text := DocumentParser#handleComment(char[])#0&quot; }"/>
        </annotation>
    </item>
    <item name='javax.swing.text.html.parser.Parser void handleEmptyTag(javax.swing.text.html.parser.TagElement)'>
        <annotation name='com.intellij.inspections.tainted.annotation.equation.Equations'>
            <val val="{ &quot;tag := DocumentParser#handleEmptyTag(javax.swing.text.html.parser.TagElement)#0 &amp; #startTag(javax.swing.text.html.parser.TagElement)#0&quot; }"/>
        </annotation>
    </item>
    <item name='javax.swing.text.html.parser.Parser void handleEndTag(javax.swing.text.html.parser.TagElement)'>
        <annotation name='com.intellij.inspections.tainted.annotation.equation.Equations'>
            <val val="{ &quot;tag := DocumentParser#handleEndTag(javax.swing.text.html.parser.TagElement)#0 &amp; Parser&quot; }"/>
        </annotation>
    </item>
    <item name='javax.swing.text.html.parser.Parser void handleError(int, java.lang.String)'>
        <annotation name='com.intellij.inspections.tainted.annotation.equation.Equations'>
            <val val="{ &quot;ln := Parser &amp; DocumentParser#handleError(int, java.lang.String)#0&quot;, &quot;msg := #error(java.lang.String, java.lang.String, java.lang.String, java.lang.String)#0 &amp; #error(java.lang.String, java.lang.String, java.lang.String, java.lang.String)#1 &amp; #error(java.lang.String, java.lang.String, java.lang.String, java.lang.String)#2 &amp; #error(java.lang.String, java.lang.String, java.lang.String, java.lang.String)#3 &amp; DocumentParser#handleError(int, java.lang.String)#1&quot; }"/>
        </annotation>
    </item>
    <item name='javax.swing.text.html.parser.Parser void handleStartTag(javax.swing.text.html.parser.TagElement)'>
        <annotation name='com.intellij.inspections.tainted.annotation.equation.Equations'>
            <val val="{ &quot;tag := DocumentParser#handleStartTag(javax.swing.text.html.parser.TagElement)#0&quot; }"/>
        </annotation>
    </item>
    <item name='javax.swing.text.html.parser.Parser void handleText(char[])'>
        <annotation name='com.intellij.inspections.tainted.annotation.equation.Equations'>
            <val val="{ &quot;text := DocumentParser#handleText(char[])#0&quot; }"/>
        </annotation>
    </item>
    <item name='javax.swing.text.html.parser.Parser void handleText(javax.swing.text.html.parser.TagElement)'>
        <annotation name='com.intellij.inspections.tainted.annotation.equation.Equations'>
            <val val="{ &quot;tag := #startTag(javax.swing.text.html.parser.TagElement)#0 &amp; Parser&quot; }"/>
        </annotation>
    </item>
    <item name='javax.swing.text.html.parser.Parser void legalTagContext(javax.swing.text.html.parser.TagElement)'>
        <annotation name='com.intellij.inspections.tainted.annotation.equation.Equations'>
            <val val="{ &quot;tag := &quot; }"/>
        </annotation>
    </item>
    <item name='javax.swing.text.html.parser.Parser void markFirstTime(javax.swing.text.html.parser.Element)'>
        <annotation name='com.intellij.inspections.tainted.annotation.equation.Equations'>
            <val val="{ &quot;elem := #legalElementContext(javax.swing.text.html.parser.Element)#0&quot; }"/>
        </annotation>
    </item>
    <item name='javax.swing.text.html.parser.Parser void parse(java.io.Reader)'>
        <annotation name='com.intellij.inspections.tainted.annotation.equation.Equations'>
            <val val="{ &quot;in := DocumentParser#parse(java.io.Reader, javax.swing.text.html.HTMLEditorKit.ParserCallback, boolean)#0&quot; }"/>
        </annotation>
    </item>
    <item name='javax.swing.text.html.parser.Parser void parseAttributeSpecificationList(javax.swing.text.html.parser.Element)'>
        <annotation name='com.intellij.inspections.tainted.annotation.equation.Equations'>
            <val val="{ &quot;elem := Parser&quot; }"/>
        </annotation>
    </item>
    <item name='javax.swing.text.html.parser.Parser void startTag(javax.swing.text.html.parser.TagElement)'>
        <annotation name='com.intellij.inspections.tainted.annotation.equation.Equations'>
            <val val="{ &quot;tag := &quot; }"/>
        </annotation>
    </item>
    <item name='javax.swing.text.html.parser.ParserDelegator java.io.InputStream getResourceAsStream(java.lang.String)'>
        <annotation name='com.intellij.inspections.tainted.annotation.equation.Equations'>
            <val val="{ &quot;name := #createDTD(javax.swing.text.html.parser.DTD, java.lang.String)#1&quot; }"/>
        </annotation>
    </item>
    <item name='javax.swing.text.html.parser.ParserDelegator javax.swing.text.html.parser.DTD createDTD(javax.swing.text.html.parser.DTD, java.lang.String)'>
        <annotation name='com.intellij.inspections.tainted.annotation.equation.Equations'>
            <val val="{ &quot;createDTD := dtd&quot; }"/>
        </annotation>
    </item>
    <item name='javax.swing.text.html.parser.TagElement TagElement(javax.swing.text.html.parser.Element)'>
        <annotation name='com.intellij.inspections.tainted.annotation.equation.Equations'>
            <val val="{ &quot;TagElement := TagElement&quot; }"/>
        </annotation>
    </item>
    <item name='javax.swing.text.html.parser.TagElement TagElement(javax.swing.text.html.parser.Element, boolean)'>
        <annotation name='com.intellij.inspections.tainted.annotation.equation.Equations'>
            <val val="{ &quot;TagElement := TagElement&quot;, &quot;elem := #TagElement(javax.swing.text.html.parser.Element)#0 &amp; Parser#makeTag(javax.swing.text.html.parser.Element, boolean)#0&quot; }"/>
        </annotation>
    </item>
    <item name='javax.swing.text.html.parser.TagElement javax.swing.text.html.HTML.Tag getHTMLTag()'>
        <annotation name='com.intellij.inspections.tainted.annotation.equation.Equations'>
            <val val="{ &quot;getHTMLTag := TagElement&quot; }"/>
        </annotation>
    </item>
    <item name='javax.swing.text.html.parser.TagElement javax.swing.text.html.parser.Element getElement()'>
        <annotation name='com.intellij.inspections.tainted.annotation.equation.Equations'>
            <val val="{ &quot;getElement := TagElement&quot; }"/>
        </annotation>
    </item>
    <item name='javax.swing.text.html.parser.TagStack TagStack(javax.swing.text.html.parser.TagElement, javax.swing.text.html.parser.TagStack)'>
        <annotation name='com.intellij.inspections.tainted.annotation.equation.Equations'>
            <val val="{ &quot;TagStack := TagStack&quot;, &quot;tag := Parser#startTag(javax.swing.text.html.parser.TagElement)#0&quot;, &quot;next := Parser&quot; }"/>
        </annotation>
    </item>
    <item name='javax.swing.text.html.parser.TagStack boolean advance(javax.swing.text.html.parser.Element)'>
        <annotation name='com.intellij.inspections.tainted.annotation.equation.Equations'>
            <val val="{ &quot;elem := Parser#legalElementContext(javax.swing.text.html.parser.Element)#0&quot; }"/>
        </annotation>
    </item>
    <item name='javax.swing.text.html.parser.TagStack java.lang.String toString()'>
        <annotation name='com.intellij.inspections.tainted.annotation.equation.Equations'>
            <val val="{ &quot;toString := TagStack&quot; }"/>
        </annotation>
    </item>
</root>