<root>
    <item name='com.sun.corba.se.spi.resolver.LocalResolver void register(java.lang.String, com.sun.corba.se.spi.orbutil.closure.Closure)'>
        <annotation name='com.intellij.inspections.tainted.annotation.equation.Equations'>
            <val val="{ &quot;name := com.sun.corba.se.impl.resolver.LocalResolverImpl#register(java.lang.String, com.sun.corba.se.spi.orbutil.closure.Closure)#0 &amp; com.sun.corba.se.impl.resolver.SplitLocalResolverImpl#register(java.lang.String, com.sun.corba.se.spi.orbutil.closure.Closure)#0&quot;, &quot;closure := com.sun.corba.se.impl.resolver.LocalResolverImpl#register(java.lang.String, com.sun.corba.se.spi.orbutil.closure.Closure)#1 &amp; com.sun.corba.se.impl.resolver.SplitLocalResolverImpl#register(java.lang.String, com.sun.corba.se.spi.orbutil.closure.Closure)#1&quot; }"/>
        </annotation>
    </item>
    <item name='com.sun.corba.se.spi.resolver.Resolver java.util.Set list()'>
        <annotation name='com.intellij.inspections.tainted.annotation.equation.Equations'>
            <val val="{ &quot;list := com.sun.corba.se.impl.resolver.LocalResolverImpl#list() &amp; com.sun.corba.se.impl.resolver.FileResolverImpl#list() &amp; com.sun.corba.se.impl.resolver.ORBDefaultInitRefResolverImpl#list() &amp; com.sun.corba.se.impl.resolver.SplitLocalResolverImpl#list() &amp; com.sun.corba.se.impl.resolver.CompositeResolverImpl#list() &amp; com.sun.corba.se.impl.resolver.BootstrapResolverImpl#list() &amp; com.sun.corba.se.impl.resolver.ORBInitRefResolverImpl#list()&quot; }"/>
        </annotation>
    </item>
    <item name='com.sun.corba.se.spi.resolver.Resolver org.omg.CORBA.Object resolve(java.lang.String)'>
        <annotation name='com.intellij.inspections.tainted.annotation.equation.Equations'>
            <val val="{ &quot;name := com.sun.corba.se.impl.orb.ORBImpl#register_initial_reference(java.lang.String, org.omg.CORBA.Object)#0 &amp; com.sun.corba.se.impl.orb.ORBImpl#resolve_initial_references(java.lang.String)#0 &amp; com.sun.corba.se.impl.protocol.INSServerRequestDispatcher#getINSReference(java.lang.String)#0 &amp; com.sun.corba.se.impl.resolver.FileResolverImpl#resolve(java.lang.String)#0 &amp; com.sun.corba.se.impl.resolver.LocalResolverImpl#resolve(java.lang.String)#0 &amp; com.sun.corba.se.impl.resolver.CompositeResolverImpl#resolve(java.lang.String)#0 &amp; com.sun.corba.se.impl.resolver.BootstrapResolverImpl#resolve(java.lang.String)#0 &amp; com.sun.corba.se.impl.resolver.ORBInitRefResolverImpl#resolve(java.lang.String)#0 &amp; com.sun.corba.se.impl.resolver.SplitLocalResolverImpl#resolve(java.lang.String)#0 &amp; com.sun.corba.se.impl.resolver.ORBDefaultInitRefResolverImpl#resolve(java.lang.String)#0&quot;, &quot;resolve := com.sun.corba.se.impl.resolver.FileResolverImpl#resolve(java.lang.String) &amp; com.sun.corba.se.impl.resolver.LocalResolverImpl#resolve(java.lang.String) &amp; com.sun.corba.se.impl.resolver.CompositeResolverImpl#resolve(java.lang.String) &amp; com.sun.corba.se.impl.resolver.BootstrapResolverImpl#resolve(java.lang.String) &amp; com.sun.corba.se.impl.resolver.ORBInitRefResolverImpl#resolve(java.lang.String) &amp; com.sun.corba.se.impl.resolver.SplitLocalResolverImpl#resolve(java.lang.String) &amp; com.sun.corba.se.impl.resolver.ORBDefaultInitRefResolverImpl#resolve(java.lang.String)&quot; }"/>
        </annotation>
    </item>
    <item name='com.sun.corba.se.spi.resolver.ResolverDefault com.sun.corba.se.spi.orb.Operation makeINSURLOperation(com.sun.corba.se.spi.orb.ORB, com.sun.corba.se.spi.resolver.Resolver)'>
        <annotation name='com.intellij.inspections.tainted.annotation.equation.Equations'>
            <val val="{ &quot;orb := com.sun.corba.se.impl.orb.ORBConfiguratorImpl#initializeNaming(com.sun.corba.se.spi.orb.ORB)#0&quot; }"/>
        </annotation>
    </item>
    <item name='com.sun.corba.se.spi.resolver.ResolverDefault com.sun.corba.se.spi.resolver.LocalResolver makeSplitLocalResolver(com.sun.corba.se.spi.resolver.Resolver, com.sun.corba.se.spi.resolver.LocalResolver)'>
        <annotation name='com.intellij.inspections.tainted.annotation.equation.Equations'>
            <val val="{ &quot;resolver := &quot;, &quot;localResolver := &quot; }"/>
        </annotation>
    </item>
    <item name='com.sun.corba.se.spi.resolver.ResolverDefault com.sun.corba.se.spi.resolver.Resolver makeBootstrapResolver(com.sun.corba.se.spi.orb.ORB, java.lang.String, int)'>
        <annotation name='com.intellij.inspections.tainted.annotation.equation.Equations'>
            <val val="{ &quot;orb := com.sun.corba.se.impl.orb.ORBConfiguratorImpl#initializeNaming(com.sun.corba.se.spi.orb.ORB)#0&quot; }"/>
        </annotation>
    </item>
    <item name='com.sun.corba.se.spi.resolver.ResolverDefault com.sun.corba.se.spi.resolver.Resolver makeCompositeResolver(com.sun.corba.se.spi.resolver.Resolver, com.sun.corba.se.spi.resolver.Resolver)'>
        <annotation name='com.intellij.inspections.tainted.annotation.equation.Equations'>
            <val val="{ &quot;first := &quot;, &quot;second := &quot; }"/>
        </annotation>
    </item>
    <item name='com.sun.corba.se.spi.resolver.ResolverDefault com.sun.corba.se.spi.resolver.Resolver makeFileResolver(com.sun.corba.se.spi.orb.ORB, java.io.File)'>
        <annotation name='com.intellij.inspections.tainted.annotation.equation.Equations'>
            <val val="{ &quot;file := &quot;, &quot;orb := &quot; }"/>
        </annotation>
    </item>
</root>