<root>
    <item name='javax.management.loading.ClassLoaderRepository java.lang.Class&lt;?&gt; loadClass(java.lang.String)'>
        <annotation name='com.intellij.inspections.tainted.annotation.equation.Equations'>
            <val val="{ &quot;loadClass := com.sun.jmx.mbeanserver.ClassLoaderRepositorySupport#loadClass(java.lang.String) &amp; com.sun.jmx.mbeanserver.SecureClassLoaderRepository#loadClass(java.lang.String)&quot; }"/>
        </annotation>
    </item>
    <item name='javax.management.loading.ClassLoaderRepository java.lang.Class&lt;?&gt; loadClassBefore(java.lang.ClassLoader, java.lang.String)'>
        <annotation name='com.intellij.inspections.tainted.annotation.equation.Equations'>
            <val val="{ &quot;loadClassBefore := com.sun.jmx.mbeanserver.ClassLoaderRepositorySupport#loadClassBefore(java.lang.ClassLoader, java.lang.String) &amp; com.sun.jmx.mbeanserver.SecureClassLoaderRepository#loadClassBefore(java.lang.ClassLoader, java.lang.String)&quot; }"/>
        </annotation>
    </item>
    <item name='javax.management.loading.ClassLoaderRepository java.lang.Class&lt;?&gt; loadClassWithout(java.lang.ClassLoader, java.lang.String)'>
        <annotation name='com.intellij.inspections.tainted.annotation.equation.Equations'>
            <val val="{ &quot;loadClassWithout := com.sun.jmx.mbeanserver.ClassLoaderRepositorySupport#loadClassWithout(java.lang.ClassLoader, java.lang.String) &amp; com.sun.jmx.mbeanserver.SecureClassLoaderRepository#loadClassWithout(java.lang.ClassLoader, java.lang.String)&quot; }"/>
        </annotation>
    </item>
    <item name='javax.management.loading.DefaultLoaderRepository java.lang.Class&lt;?&gt; loadClass(java.lang.String)'>
        <annotation name='com.intellij.inspections.tainted.annotation.equation.Equations'>
            <val val="{ &quot;className := javax.management.DefaultLoaderRepository#loadClass(java.lang.String)#0&quot; }"/>
        </annotation>
    </item>
    <item name='javax.management.loading.DefaultLoaderRepository java.lang.Class&lt;?&gt; loadClassWithout(java.lang.ClassLoader, java.lang.String)'>
        <annotation name='com.intellij.inspections.tainted.annotation.equation.Equations'>
            <val val="{ &quot;className := javax.management.DefaultLoaderRepository#loadClassWithout(java.lang.ClassLoader, java.lang.String)#1&quot;, &quot;loader := javax.management.DefaultLoaderRepository#loadClassWithout(java.lang.ClassLoader, java.lang.String)#0&quot; }"/>
        </annotation>
    </item>
    <item name='javax.management.loading.MLet'>
        <annotation name='com.intellij.inspections.tainted.annotation.equation.Equations'>
            <val val="{ &quot;MLet := &quot; }"/>
        </annotation>
    </item>
    <item name='javax.management.loading.MLet MLet()'>
        <annotation name='com.intellij.inspections.tainted.annotation.equation.Equations'>
            <val val="{ &quot;MLet := MLet&quot; }"/>
        </annotation>
    </item>
    <item name='javax.management.loading.MLet MLet(java.net.URL[])'>
        <annotation name='com.intellij.inspections.tainted.annotation.equation.Equations'>
            <val val="{ &quot;MLet := MLet&quot; }"/>
        </annotation>
    </item>
    <item name='javax.management.loading.MLet MLet(java.net.URL[], boolean)'>
        <annotation name='com.intellij.inspections.tainted.annotation.equation.Equations'>
            <val val="{ &quot;urls := #MLet(java.net.URL[])#0 &amp; PrivateMLet#PrivateMLet(java.net.URL[], boolean)#0&quot;, &quot;delegateToCLR := PrivateMLet#PrivateMLet(java.net.URL[], boolean)#1&quot;, &quot;MLet := MLet&quot; }"/>
        </annotation>
    </item>
    <item name='javax.management.loading.MLet MLet(java.net.URL[], java.lang.ClassLoader)'>
        <annotation name='com.intellij.inspections.tainted.annotation.equation.Equations'>
            <val val="{ &quot;MLet := MLet&quot; }"/>
        </annotation>
    </item>
    <item name='javax.management.loading.MLet MLet(java.net.URL[], java.lang.ClassLoader, boolean)'>
        <annotation name='com.intellij.inspections.tainted.annotation.equation.Equations'>
            <val val="{ &quot;delegateToCLR := PrivateMLet#PrivateMLet(java.net.URL[], java.lang.ClassLoader, boolean)#2&quot;, &quot;parent := PrivateMLet#PrivateMLet(java.net.URL[], java.lang.ClassLoader, boolean)#1 &amp; #MLet(java.net.URL[], java.lang.ClassLoader)#1&quot;, &quot;MLet := MLet&quot;, &quot;urls := PrivateMLet#PrivateMLet(java.net.URL[], java.lang.ClassLoader, boolean)#0 &amp; #MLet(java.net.URL[], java.lang.ClassLoader)#0&quot; }"/>
        </annotation>
    </item>
    <item name='javax.management.loading.MLet MLet(java.net.URL[], java.lang.ClassLoader, java.net.URLStreamHandlerFactory)'>
        <annotation name='com.intellij.inspections.tainted.annotation.equation.Equations'>
            <val val="{ &quot;MLet := MLet&quot; }"/>
        </annotation>
    </item>
    <item name='javax.management.loading.MLet MLet(java.net.URL[], java.lang.ClassLoader, java.net.URLStreamHandlerFactory, boolean)'>
        <annotation name='com.intellij.inspections.tainted.annotation.equation.Equations'>
            <val val="{ &quot;delegateToCLR := PrivateMLet#PrivateMLet(java.net.URL[], java.lang.ClassLoader, java.net.URLStreamHandlerFactory, boolean)#3&quot;, &quot;urls := PrivateMLet#PrivateMLet(java.net.URL[], java.lang.ClassLoader, java.net.URLStreamHandlerFactory, boolean)#0 &amp; #MLet(java.net.URL[], java.lang.ClassLoader, java.net.URLStreamHandlerFactory)#0&quot;, &quot;parent := PrivateMLet#PrivateMLet(java.net.URL[], java.lang.ClassLoader, java.net.URLStreamHandlerFactory, boolean)#1 &amp; #MLet(java.net.URL[], java.lang.ClassLoader, java.net.URLStreamHandlerFactory)#1&quot;, &quot;factory := PrivateMLet#PrivateMLet(java.net.URL[], java.lang.ClassLoader, java.net.URLStreamHandlerFactory, boolean)#2 &amp; #MLet(java.net.URL[], java.lang.ClassLoader, java.net.URLStreamHandlerFactory)#2&quot;, &quot;MLet := MLet&quot; }"/>
        </annotation>
    </item>
    <item name='javax.management.loading.MLet java.lang.Class&lt;?&gt; findClass(java.lang.String)'>
        <annotation name='com.intellij.inspections.tainted.annotation.equation.Equations'>
            <val val="{ &quot;name := java.net.URLClassLoader#findClass(java.lang.String)#0 &amp; java.net.URLClassLoader#findClass(java.lang.String)#0&quot; }"/>
        </annotation>
    </item>
    <item name='javax.management.loading.MLet java.lang.Class&lt;?&gt; findClass(java.lang.String, javax.management.loading.ClassLoaderRepository)'>
        <annotation name='com.intellij.inspections.tainted.annotation.equation.Equations'>
            <val val="{ &quot;clr := MLet&quot;, &quot;name := #findClass(java.lang.String)#0&quot; }"/>
        </annotation>
    </item>
    <item name='javax.management.loading.MLet java.lang.Object constructParameter(java.lang.String, java.lang.String)'>
        <annotation name='com.intellij.inspections.tainted.annotation.equation.Equations'>
            <val val="{ &quot;constructParameter := param&quot; }"/>
        </annotation>
    </item>
    <item name='javax.management.loading.MLet java.lang.String findLibrary(java.lang.String)'>
        <annotation name='com.intellij.inspections.tainted.annotation.equation.Equations'>
            <val val="{ &quot;libname := java.lang.ClassLoader#findLibrary(java.lang.String)#0 &amp; java.lang.ClassLoader#findLibrary(java.lang.String)#0&quot; }"/>
        </annotation>
    </item>
    <item name='javax.management.loading.MLet java.lang.String getLibraryDirectory()'>
        <annotation name='com.intellij.inspections.tainted.annotation.equation.Equations'>
            <val val="{ &quot;getLibraryDirectory := MLet&quot; }"/>
        </annotation>
    </item>
    <item name='javax.management.loading.MLet java.lang.String loadLibraryAsResource(java.lang.String)'>
        <annotation name='com.intellij.inspections.tainted.annotation.equation.Equations'>
            <val val="{ &quot;libname := java.io.File#separator&quot; }"/>
        </annotation>
    </item>
    <item name='javax.management.loading.MLet java.net.URL check(java.lang.String, java.net.URL, java.lang.String, javax.management.loading.MLetContent)'>
        <annotation name='com.intellij.inspections.tainted.annotation.equation.Equations'>
            <val val="{ &quot;check := codebase&quot; }"/>
        </annotation>
    </item>
    <item name='javax.management.loading.MLet java.util.Set&lt;java.lang.Object&gt; getMBeansFromURL(java.lang.String)'>
        <annotation name='com.intellij.inspections.tainted.annotation.equation.Equations'>
            <val val="{ &quot;url := MLetMBean#getMBeansFromURL(java.lang.String)#0 &amp; MLetMBean#getMBeansFromURL(java.lang.String)#0&quot; }"/>
        </annotation>
    </item>
    <item name='javax.management.loading.MLet java.util.Set&lt;java.lang.Object&gt; getMBeansFromURL(java.net.URL)'>
        <annotation name='com.intellij.inspections.tainted.annotation.equation.Equations'>
            <val val="{ &quot;url := MLetMBean#getMBeansFromURL(java.net.URL)#0 &amp; MLetMBean#getMBeansFromURL(java.net.URL)#0&quot; }"/>
        </annotation>
    </item>
    <item name='javax.management.loading.MLet javax.management.ObjectName preRegister(javax.management.MBeanServer, javax.management.ObjectName)'>
        <annotation name='com.intellij.inspections.tainted.annotation.equation.Equations'>
            <val val="{ &quot;preRegister := MLet&quot;, &quot;name := javax.management.MBeanRegistration#preRegister(javax.management.MBeanServer, javax.management.ObjectName)#1 &amp; javax.management.MBeanRegistration#preRegister(javax.management.MBeanServer, javax.management.ObjectName)#1&quot;, &quot;server := javax.management.MBeanRegistration#preRegister(javax.management.MBeanServer, javax.management.ObjectName)#0 &amp; javax.management.MBeanRegistration#preRegister(javax.management.MBeanServer, javax.management.ObjectName)#0&quot; }"/>
        </annotation>
    </item>
    <item name='javax.management.loading.MLet void addURL(java.lang.String)'>
        <annotation name='com.intellij.inspections.tainted.annotation.equation.Equations'>
            <val val="{ &quot;url := MLetMBean#addURL(java.lang.String)#0 &amp; MLetMBean#addURL(java.lang.String)#0&quot; }"/>
        </annotation>
    </item>
    <item name='javax.management.loading.MLet void addURL(java.net.URL)'>
        <annotation name='com.intellij.inspections.tainted.annotation.equation.Equations'>
            <val val="{ &quot;url := MLetMBean#addURL(java.net.URL)#0 &amp; MLetMBean#addURL(java.net.URL)#0&quot; }"/>
        </annotation>
    </item>
    <item name='javax.management.loading.MLet void init(boolean)'>
        <annotation name='com.intellij.inspections.tainted.annotation.equation.Equations'>
            <val val="{ &quot;delegateToCLR := #MLet(java.net.URL[], boolean)#1 &amp; #MLet(java.net.URL[], java.lang.ClassLoader, boolean)#2 &amp; #MLet(java.net.URL[], java.lang.ClassLoader, java.net.URLStreamHandlerFactory, boolean)#3&quot; }"/>
        </annotation>
    </item>
    <item name='javax.management.loading.MLet void postRegister(java.lang.Boolean)'>
        <annotation name='com.intellij.inspections.tainted.annotation.equation.Equations'>
            <val val="{ &quot;registrationDone := javax.management.MBeanRegistration#postRegister(java.lang.Boolean)#0 &amp; javax.management.MBeanRegistration#postRegister(java.lang.Boolean)#0&quot; }"/>
        </annotation>
    </item>
    <item name='javax.management.loading.MLet void readExternal(java.io.ObjectInput)'>
        <annotation name='com.intellij.inspections.tainted.annotation.equation.Equations'>
            <val val="{ &quot;in := java.io.Externalizable#readExternal(java.io.ObjectInput)#0 &amp; java.io.Externalizable#readExternal(java.io.ObjectInput)#0&quot; }"/>
        </annotation>
    </item>
    <item name='javax.management.loading.MLet void setLibraryDirectory(java.lang.String)'>
        <annotation name='com.intellij.inspections.tainted.annotation.equation.Equations'>
            <val val="{ &quot;libdir := MLetMBean#setLibraryDirectory(java.lang.String)#0 &amp; MLetMBean#setLibraryDirectory(java.lang.String)#0&quot; }"/>
        </annotation>
    </item>
    <item name='javax.management.loading.MLet void setMBeanServer(javax.management.MBeanServer)'>
        <annotation name='com.intellij.inspections.tainted.annotation.equation.Equations'>
            <val val="{ &quot;server := #preRegister(javax.management.MBeanServer, javax.management.ObjectName)#0&quot; }"/>
        </annotation>
    </item>
    <item name='javax.management.loading.MLet void writeExternal(java.io.ObjectOutput)'>
        <annotation name='com.intellij.inspections.tainted.annotation.equation.Equations'>
            <val val="{ &quot;out := java.io.Externalizable#writeExternal(java.io.ObjectOutput)#0 &amp; java.io.Externalizable#writeExternal(java.io.ObjectOutput)#0&quot; }"/>
        </annotation>
    </item>
    <item name='javax.management.loading.MLetContent MLetContent(java.net.URL, java.util.Map&lt;java.lang.String,java.lang.String&gt;, java.util.List&lt;java.lang.String&gt;, java.util.List&lt;java.lang.String&gt;)'>
        <annotation name='com.intellij.inspections.tainted.annotation.equation.Equations'>
            <val val="{ &quot;MLetContent := MLetContent&quot;, &quot;url := MLetParser#parse(java.net.URL)#0&quot; }"/>
        </annotation>
    </item>
    <item name='javax.management.loading.MLetContent java.net.URL getCodeBase()'>
        <annotation name='com.intellij.inspections.tainted.annotation.equation.Equations'>
            <val val="{ &quot;getCodeBase := MLetContent&quot; }"/>
        </annotation>
    </item>
    <item name='javax.management.loading.MLetContent java.net.URL getDocumentBase()'>
        <annotation name='com.intellij.inspections.tainted.annotation.equation.Equations'>
            <val val="{ &quot;getDocumentBase := MLetContent&quot; }"/>
        </annotation>
    </item>
    <item name='javax.management.loading.MLetContent java.util.List&lt;java.lang.String&gt; getParameterTypes()'>
        <annotation name='com.intellij.inspections.tainted.annotation.equation.Equations'>
            <val val="{ &quot;getParameterTypes := MLetContent&quot; }"/>
        </annotation>
    </item>
    <item name='javax.management.loading.MLetContent java.util.List&lt;java.lang.String&gt; getParameterValues()'>
        <annotation name='com.intellij.inspections.tainted.annotation.equation.Equations'>
            <val val="{ &quot;getParameterValues := MLetContent&quot; }"/>
        </annotation>
    </item>
    <item name='javax.management.loading.MLetContent java.util.Map&lt;java.lang.String,java.lang.String&gt; getAttributes()'>
        <annotation name='com.intellij.inspections.tainted.annotation.equation.Equations'>
            <val val="{ &quot;getAttributes := MLetContent&quot; }"/>
        </annotation>
    </item>
    <item name='javax.management.loading.MLetMBean java.lang.String getLibraryDirectory()'>
        <annotation name='com.intellij.inspections.tainted.annotation.equation.Equations'>
            <val val="{ &quot;getLibraryDirectory := MLet#getLibraryDirectory()&quot; }"/>
        </annotation>
    </item>
    <item name='javax.management.loading.MLetMBean java.net.URL[] getURLs()'>
        <annotation name='com.intellij.inspections.tainted.annotation.equation.Equations'>
            <val val="{ &quot;getURLs := MLet#getURLs()&quot; }"/>
        </annotation>
    </item>
    <item name='javax.management.loading.MLetMBean java.util.Set&lt;java.lang.Object&gt; getMBeansFromURL(java.lang.String)'>
        <annotation name='com.intellij.inspections.tainted.annotation.equation.Equations'>
            <val val="{ &quot;getMBeansFromURL := MLet#getMBeansFromURL(java.lang.String)&quot; }"/>
        </annotation>
    </item>
    <item name='javax.management.loading.MLetMBean java.util.Set&lt;java.lang.Object&gt; getMBeansFromURL(java.net.URL)'>
        <annotation name='com.intellij.inspections.tainted.annotation.equation.Equations'>
            <val val="{ &quot;getMBeansFromURL := MLet#getMBeansFromURL(java.net.URL)&quot; }"/>
        </annotation>
    </item>
    <item name='javax.management.loading.MLetObjectInputStream MLetObjectInputStream(java.io.InputStream, javax.management.loading.MLet)'>
        <annotation name='com.intellij.inspections.tainted.annotation.equation.Equations'>
            <val val="{ &quot;MLetObjectInputStream := MLetObjectInputStream&quot;, &quot;loader := MLet&quot; }"/>
        </annotation>
    </item>
    <item name='javax.management.loading.MLetObjectInputStream java.lang.Class&lt;?&gt; resolveClass(java.io.ObjectStreamClass)'>
        <annotation name='com.intellij.inspections.tainted.annotation.equation.Equations'>
            <val val="{ &quot;objectstreamclass := java.io.ObjectInputStream#resolveClass(java.io.ObjectStreamClass)#0 &amp; java.io.ObjectInputStream#resolveClass(java.io.ObjectStreamClass)#0&quot; }"/>
        </annotation>
    </item>
    <item name='javax.management.loading.MLetParser MLetParser()'>
        <annotation name='com.intellij.inspections.tainted.annotation.equation.Equations'>
            <val val="{ &quot;MLetParser := MLetParser&quot; }"/>
        </annotation>
    </item>
    <item name='javax.management.loading.MLetParser java.lang.String scanIdentifier(java.io.Reader)'>
        <annotation name='com.intellij.inspections.tainted.annotation.equation.Equations'>
            <val val="{ &quot;in := #scanTag(java.io.Reader)#0&quot; }"/>
        </annotation>
    </item>
    <item name='javax.management.loading.MLetParser java.util.List&lt;javax.management.loading.MLetContent&gt; parseURL(java.lang.String)'>
        <annotation name='com.intellij.inspections.tainted.annotation.equation.Equations'>
            <val val="{ &quot;urlname := MLet#getMBeansFromURL(java.lang.String)#0&quot; }"/>
        </annotation>
    </item>
    <item name='javax.management.loading.MLetParser void skipSpace(java.io.Reader)'>
        <annotation name='com.intellij.inspections.tainted.annotation.equation.Equations'>
            <val val="{ &quot;in := #scanTag(java.io.Reader)#0&quot; }"/>
        </annotation>
    </item>
    <item name='javax.management.loading.PrivateMLet PrivateMLet(java.net.URL[], boolean)'>
        <annotation name='com.intellij.inspections.tainted.annotation.equation.Equations'>
            <val val="{ &quot;PrivateMLet := PrivateMLet&quot; }"/>
        </annotation>
    </item>
    <item name='javax.management.loading.PrivateMLet PrivateMLet(java.net.URL[], java.lang.ClassLoader, boolean)'>
        <annotation name='com.intellij.inspections.tainted.annotation.equation.Equations'>
            <val val="{ &quot;PrivateMLet := PrivateMLet&quot; }"/>
        </annotation>
    </item>
    <item name='javax.management.loading.PrivateMLet PrivateMLet(java.net.URL[], java.lang.ClassLoader, java.net.URLStreamHandlerFactory, boolean)'>
        <annotation name='com.intellij.inspections.tainted.annotation.equation.Equations'>
            <val val="{ &quot;PrivateMLet := PrivateMLet&quot; }"/>
        </annotation>
    </item>
</root>