<root>
    <item name='org.jboss.byteman.rule.compiler.CompileContext'>
        <annotation name='com.intellij.inspections.tainted.annotation.equation.Equations'>
            <val val="{ &quot;CompileContext := #addStackCount(int)#0 &amp; CompileContext &amp; #notifySourceLine(int)#0 &amp; #CompileContext(MethodVisitor)#0 &amp; #addLocalCount(int)#0&quot; }"/>
        </annotation>
    </item>
    <item name='org.jboss.byteman.rule.compiler.CompileContext CompileContext(MethodVisitor)'>
        <annotation name='com.intellij.inspections.tainted.annotation.equation.Equations'>
            <val val="{ &quot;CompileContext := CompileContext&quot; }"/>
        </annotation>
    </item>
    <item name='org.jboss.byteman.rule.compiler.CompileContext int getLocalCount()'>
        <annotation name='com.intellij.inspections.tainted.annotation.equation.Equations'>
            <val val="{ &quot;getLocalCount := CompileContext&quot; }"/>
        </annotation>
    </item>
    <item name='org.jboss.byteman.rule.compiler.CompileContext int getLocalMax()'>
        <annotation name='com.intellij.inspections.tainted.annotation.equation.Equations'>
            <val val="{ &quot;getLocalMax := CompileContext&quot; }"/>
        </annotation>
    </item>
    <item name='org.jboss.byteman.rule.compiler.CompileContext int getSourceLine()'>
        <annotation name='com.intellij.inspections.tainted.annotation.equation.Equations'>
            <val val="{ &quot;getSourceLine := CompileContext&quot; }"/>
        </annotation>
    </item>
    <item name='org.jboss.byteman.rule.compiler.CompileContext int getStackCount()'>
        <annotation name='com.intellij.inspections.tainted.annotation.equation.Equations'>
            <val val="{ &quot;getStackCount := CompileContext&quot; }"/>
        </annotation>
    </item>
    <item name='org.jboss.byteman.rule.compiler.CompileContext int getStackMax()'>
        <annotation name='com.intellij.inspections.tainted.annotation.equation.Equations'>
            <val val="{ &quot;getStackMax := CompileContext&quot; }"/>
        </annotation>
    </item>
    <item name='org.jboss.byteman.rule.compiler.CompileContext void addStackCount(int)'>
        <annotation name='com.intellij.inspections.tainted.annotation.equation.Equations'>
            <val val="{ &quot;count := org.jboss.byteman.rule.expression.NewExpression&quot; }"/>
        </annotation>
    </item>
    <item name='org.jboss.byteman.rule.compiler.CompileContext void compileBooleanConversion(org.jboss.byteman.rule.type.Type, org.jboss.byteman.rule.type.Type)'>
        <annotation name='com.intellij.inspections.tainted.annotation.equation.Equations'>
            <val val="{ &quot;fromType := #compileTypeConversion(org.jboss.byteman.rule.type.Type, org.jboss.byteman.rule.type.Type)#0 &amp; org.jboss.byteman.rule.type.Type#BOOLEAN&quot;, &quot;toType := #compileTypeConversion(org.jboss.byteman.rule.type.Type, org.jboss.byteman.rule.type.Type)#1 &amp; org.jboss.byteman.rule.type.Type#Z&quot; }"/>
        </annotation>
    </item>
    <item name='org.jboss.byteman.rule.compiler.CompileContext void compileBox(org.jboss.byteman.rule.type.Type)'>
        <annotation name='com.intellij.inspections.tainted.annotation.equation.Equations'>
            <val val="{ &quot;toType := #compileNumericConversion(org.jboss.byteman.rule.type.Type, org.jboss.byteman.rule.type.Type)#1 &amp; #compileBooleanConversion(org.jboss.byteman.rule.type.Type, org.jboss.byteman.rule.type.Type)#1&quot; }"/>
        </annotation>
    </item>
    <item name='org.jboss.byteman.rule.compiler.CompileContext void compileCheckCast(org.jboss.byteman.rule.type.Type)'>
        <annotation name='com.intellij.inspections.tainted.annotation.equation.Equations'>
            <val val="{ &quot;toType := org.jboss.byteman.rule.binding.Binding &amp; org.jboss.byteman.rule.binding.Binding &amp; #compileObjectConversion(org.jboss.byteman.rule.type.Type, org.jboss.byteman.rule.type.Type)#1&quot; }"/>
        </annotation>
    </item>
    <item name='org.jboss.byteman.rule.compiler.CompileContext void compileNumericConversion(org.jboss.byteman.rule.type.Type, org.jboss.byteman.rule.type.Type)'>
        <annotation name='com.intellij.inspections.tainted.annotation.equation.Equations'>
            <val val="{ &quot;toType := #compileTypeConversion(org.jboss.byteman.rule.type.Type, org.jboss.byteman.rule.type.Type)#1&quot;, &quot;fromType := #compileTypeConversion(org.jboss.byteman.rule.type.Type, org.jboss.byteman.rule.type.Type)#0&quot; }"/>
        </annotation>
    </item>
    <item name='org.jboss.byteman.rule.compiler.CompileContext void compileObjectConversion(org.jboss.byteman.rule.type.Type, org.jboss.byteman.rule.type.Type)'>
        <annotation name='com.intellij.inspections.tainted.annotation.equation.Equations'>
            <val val="{ &quot;toType := #compileTypeConversion(org.jboss.byteman.rule.type.Type, org.jboss.byteman.rule.type.Type)#1 &amp; org.jboss.byteman.rule.type.Type#CHARACTER &amp; org.jboss.byteman.rule.type.Type#NUMBER&quot;, &quot;fromType := #compileTypeConversion(org.jboss.byteman.rule.type.Type, org.jboss.byteman.rule.type.Type)#0 &amp; #compileNumericConversion(org.jboss.byteman.rule.type.Type, org.jboss.byteman.rule.type.Type)#0 &amp; org.jboss.byteman.rule.type.Type#CHARACTER &amp; org.jboss.byteman.rule.type.Type#NUMBER&quot; }"/>
        </annotation>
    </item>
    <item name='org.jboss.byteman.rule.compiler.CompileContext void compilePrimitiveConversion(org.jboss.byteman.rule.type.Type, org.jboss.byteman.rule.type.Type)'>
        <annotation name='com.intellij.inspections.tainted.annotation.equation.Equations'>
            <val val="{ &quot;toType := org.jboss.byteman.rule.type.Type#C &amp; #compileNumericConversion(org.jboss.byteman.rule.type.Type, org.jboss.byteman.rule.type.Type)#1 &amp; #compileUnbox(org.jboss.byteman.rule.type.Type, org.jboss.byteman.rule.type.Type)#1&quot;, &quot;fromType := #compileNumericConversion(org.jboss.byteman.rule.type.Type, org.jboss.byteman.rule.type.Type)#0 &amp; org.jboss.byteman.rule.type.Type#CHARACTER &amp; org.jboss.byteman.rule.type.Type#NUMBER &amp; org.jboss.byteman.rule.type.Type#C&quot; }"/>
        </annotation>
    </item>
    <item name='org.jboss.byteman.rule.compiler.CompileContext void compileStringConversion(org.jboss.byteman.rule.type.Type, org.jboss.byteman.rule.type.Type)'>
        <annotation name='com.intellij.inspections.tainted.annotation.equation.Equations'>
            <val val="{ &quot;fromType := #compileTypeConversion(org.jboss.byteman.rule.type.Type, org.jboss.byteman.rule.type.Type)#0 &amp; #compileObjectConversion(org.jboss.byteman.rule.type.Type, org.jboss.byteman.rule.type.Type)#0&quot;, &quot;toType := #compileTypeConversion(org.jboss.byteman.rule.type.Type, org.jboss.byteman.rule.type.Type)#1 &amp; #compileObjectConversion(org.jboss.byteman.rule.type.Type, org.jboss.byteman.rule.type.Type)#1&quot; }"/>
        </annotation>
    </item>
    <item name='org.jboss.byteman.rule.compiler.CompileContext void compileTypeConversion(org.jboss.byteman.rule.type.Type, org.jboss.byteman.rule.type.Type)'>
        <annotation name='com.intellij.inspections.tainted.annotation.equation.Equations'>
            <val val="{ &quot;toType := org.jboss.byteman.rule.expression.TwiddleExpression &amp; org.jboss.byteman.rule.expression.NotExpression &amp; org.jboss.byteman.rule.expression.MinusExpression &amp; org.jboss.byteman.rule.type.Type#I &amp; org.jboss.byteman.rule.type.Type#OBJECT &amp; org.jboss.byteman.rule.expression.MethodExpression &amp; org.jboss.byteman.rule.expression.AssignExpression &amp; org.jboss.byteman.rule.expression.ConditionalEvalExpression &amp; org.jboss.byteman.rule.expression.ReturnExpression &amp; org.jboss.byteman.rule.expression.ComparisonExpression &amp; org.jboss.byteman.rule.expression.PlusExpression &amp; org.jboss.byteman.rule.expression.FieldExpression &amp; org.jboss.byteman.rule.expression.ShiftExpression &amp; org.jboss.byteman.rule.expression.BitExpression &amp; org.jboss.byteman.rule.expression.StringPlusExpression &amp; org.jboss.byteman.rule.expression.StaticExpression &amp; org.jboss.byteman.rule.expression.ArithmeticExpression&quot;, &quot;fromType := org.jboss.byteman.rule.type.Type#OBJECT &amp; org.jboss.byteman.rule.type.Type#VOID&quot; }"/>
        </annotation>
    </item>
    <item name='org.jboss.byteman.rule.compiler.CompileContext void compileUnbox(org.jboss.byteman.rule.type.Type, org.jboss.byteman.rule.type.Type)'>
        <annotation name='com.intellij.inspections.tainted.annotation.equation.Equations'>
            <val val="{ &quot;toType := org.jboss.byteman.rule.type.Type#Z &amp; #compileNumericConversion(org.jboss.byteman.rule.type.Type, org.jboss.byteman.rule.type.Type)#1 &amp; #compileBooleanConversion(org.jboss.byteman.rule.type.Type, org.jboss.byteman.rule.type.Type)#1&quot;, &quot;fromType := org.jboss.byteman.rule.type.Type#BOOLEAN &amp; #compileNumericConversion(org.jboss.byteman.rule.type.Type, org.jboss.byteman.rule.type.Type)#0 &amp; org.jboss.byteman.rule.type.Type#CHARACTER &amp; org.jboss.byteman.rule.type.Type#NUMBER &amp; #compileBooleanConversion(org.jboss.byteman.rule.type.Type, org.jboss.byteman.rule.type.Type)#0&quot; }"/>
        </annotation>
    </item>
    <item name='org.jboss.byteman.rule.compiler.CompileContext void notifySourceLine(int)'>
        <annotation name='com.intellij.inspections.tainted.annotation.equation.Equations'>
            <val val="{ &quot;line := org.jboss.byteman.rule.expression.Variable &amp; org.jboss.byteman.rule.expression.DollarExpression &amp; org.jboss.byteman.rule.expression.ClassLiteralExpression &amp; org.jboss.byteman.rule.expression.ArrayInitExpression &amp; org.jboss.byteman.rule.expression.TwiddleExpression &amp; org.jboss.byteman.rule.expression.NotExpression &amp; org.jboss.byteman.rule.expression.MinusExpression &amp; org.jboss.byteman.rule.expression.ArrayExpression &amp; org.jboss.byteman.rule.expression.MethodExpression &amp; org.jboss.byteman.rule.expression.NumericLiteral &amp; org.jboss.byteman.rule.expression.BooleanLiteral &amp; org.jboss.byteman.rule.expression.AssignExpression &amp; org.jboss.byteman.rule.expression.StringLiteral &amp; org.jboss.byteman.rule.expression.NullLiteral &amp; org.jboss.byteman.rule.expression.ConditionalEvalExpression &amp; org.jboss.byteman.rule.expression.ReturnExpression &amp; org.jboss.byteman.rule.expression.LogicalExpression &amp; org.jboss.byteman.rule.expression.ComparisonExpression &amp; org.jboss.byteman.rule.expression.PlusExpression &amp; org.jboss.byteman.rule.expression.FieldExpression &amp; org.jboss.byteman.rule.expression.ShiftExpression &amp; org.jboss.byteman.rule.expression.BitExpression &amp; org.jboss.byteman.rule.expression.StringPlusExpression &amp; org.jboss.byteman.rule.expression.ThrowExpression &amp; org.jboss.byteman.rule.expression.StaticExpression &amp; org.jboss.byteman.rule.expression.NewExpression &amp; org.jboss.byteman.rule.expression.ArrayInitExpression &amp; org.jboss.byteman.rule.expression.ArithmeticExpression&quot; }"/>
        </annotation>
    </item>
    <item name='org.jboss.byteman.rule.compiler.Compiler java.lang.Class getHelperAdapter(org.jboss.byteman.rule.Rule, java.lang.Class, java.lang.String, boolean)'>
        <annotation name='com.intellij.inspections.tainted.annotation.equation.Equations'>
            <val val="{ &quot;compiledHelperName := org.jboss.byteman.rule.Rule&quot;, &quot;rule := org.jboss.byteman.rule.Rule&quot;, &quot;helperClass := &quot; }"/>
        </annotation>
    </item>
    <item name='org.jboss.byteman.rule.compiler.Compiler java.lang.String getHelperAdapterName(java.lang.Class, boolean)'>
        <annotation name='com.intellij.inspections.tainted.annotation.equation.Equations'>
            <val val="{ &quot;helperClass := &quot; }"/>
        </annotation>
    </item>
</root>