<root>
    <item name='org.hibernate.osgitest.command.AddCommand'>
        <annotation name='com.intellij.inspections.tainted.annotation.equation.Equations'>
            <val val="{ &quot;AddCommand := #setDpService(DataPointService)#0&quot; }"/>
        </annotation>
    </item>
    <item name='org.hibernate.osgitest.command.DeleteAllCommand'>
        <annotation name='com.intellij.inspections.tainted.annotation.equation.Equations'>
            <val val="{ &quot;DeleteAllCommand := #setDpService(DataPointService)#0&quot; }"/>
        </annotation>
    </item>
    <item name='org.hibernate.osgitest.command.GetAllCommand'>
        <annotation name='com.intellij.inspections.tainted.annotation.equation.Equations'>
            <val val="{ &quot;GetAllCommand := #setDpService(DataPointService)#0&quot; }"/>
        </annotation>
    </item>
    <item name='org.hibernate.osgitest.command.GetCommand'>
        <annotation name='com.intellij.inspections.tainted.annotation.equation.Equations'>
            <val val="{ &quot;GetCommand := #setDpService(DataPointService)#0&quot; }"/>
        </annotation>
    </item>
    <item name='org.hibernate.osgitest.command.GetRevisionsCommand'>
        <annotation name='com.intellij.inspections.tainted.annotation.equation.Equations'>
            <val val="{ &quot;GetRevisionsCommand := #setDpService(DataPointService)#0&quot; }"/>
        </annotation>
    </item>
    <item name='org.hibernate.osgitest.command.LoadCommand'>
        <annotation name='com.intellij.inspections.tainted.annotation.equation.Equations'>
            <val val="{ &quot;LoadCommand := #setDpService(DataPointService)#0&quot; }"/>
        </annotation>
    </item>
    <item name='org.hibernate.osgitest.command.UpdateCommand'>
        <annotation name='com.intellij.inspections.tainted.annotation.equation.Equations'>
            <val val="{ &quot;UpdateCommand := #setDpService(DataPointService)#0&quot; }"/>
        </annotation>
    </item>
</root>