<root>
    <item name='javax.sql.rowset.serial.SQLInputImpl SQLInputImpl(java.lang.Object[], java.util.Map&lt;java.lang.String,java.lang.Class&lt;?&gt;&gt;)'>
        <annotation name='com.intellij.inspections.tainted.annotation.equation.Equations'>
            <val val="{ &quot;map := SQLInputImpl&quot;, &quot;SQLInputImpl := SQLInputImpl&quot; }"/>
        </annotation>
    </item>
    <item name='javax.sql.rowset.serial.SQLInputImpl java.lang.Object getNextAttribute()'>
        <annotation name='com.intellij.inspections.tainted.annotation.equation.Equations'>
            <val val="{ &quot;getNextAttribute := SQLInputImpl&quot; }"/>
        </annotation>
    </item>
    <item name='javax.sql.rowset.serial.SQLOutputImpl SQLOutputImpl(java.util.Vector&lt;?&gt;, java.util.Map&lt;java.lang.String,?&gt;)'>
        <annotation name='com.intellij.inspections.tainted.annotation.equation.Equations'>
            <val val="{ &quot;map := SerialStruct#SerialStruct(java.sql.SQLData, java.util.Map)#1&quot;, &quot;SQLOutputImpl := SQLOutputImpl&quot; }"/>
        </annotation>
    </item>
    <item name='javax.sql.rowset.serial.SQLOutputImpl void writeString(java.lang.String)'>
        <annotation name='com.intellij.inspections.tainted.annotation.equation.Equations'>
            <val val="{ &quot;x := &quot; }"/>
        </annotation>
    </item>
    <item name='javax.sql.rowset.serial.SerialArray'>
        <annotation name='com.intellij.inspections.tainted.annotation.equation.Equations'>
            <val val="{ &quot;SerialArray := &quot; }"/>
        </annotation>
    </item>
    <item name='javax.sql.rowset.serial.SerialArray SerialArray(java.sql.Array)'>
        <annotation name='com.intellij.inspections.tainted.annotation.equation.Equations'>
            <val val="{ &quot;SerialArray := SerialArray&quot;, &quot;array := javax.sql.rowset.BaseRowSet#setArray(int, java.sql.Array)#1&quot; }"/>
        </annotation>
    </item>
    <item name='javax.sql.rowset.serial.SerialArray SerialArray(java.sql.Array, java.util.Map&lt;java.lang.String,java.lang.Class&lt;?&gt;&gt;)'>
        <annotation name='com.intellij.inspections.tainted.annotation.equation.Equations'>
            <val val="{ &quot;SerialArray := SerialArray&quot;, &quot;map := SQLOutputImpl &amp; SerialStruct#mapToSerial(java.util.Map)#0&quot;, &quot;array := SQLOutputImpl#writeArray(java.sql.Array)#0 &amp; SerialStruct&quot; }"/>
        </annotation>
    </item>
    <item name='javax.sql.rowset.serial.SerialArray int getBaseType()'>
        <annotation name='com.intellij.inspections.tainted.annotation.equation.Equations'>
            <val val="{ &quot;getBaseType := SerialArray&quot; }"/>
        </annotation>
    </item>
    <item name='javax.sql.rowset.serial.SerialArray int hashCode()'>
        <annotation name='com.intellij.inspections.tainted.annotation.equation.Equations'>
            <val val="{ &quot;hashCode := SerialArray&quot; }"/>
        </annotation>
    </item>
    <item name='javax.sql.rowset.serial.SerialArray java.lang.String getBaseTypeName()'>
        <annotation name='com.intellij.inspections.tainted.annotation.equation.Equations'>
            <val val="{ &quot;getBaseTypeName := SerialArray&quot; }"/>
        </annotation>
    </item>
    <item name='javax.sql.rowset.serial.SerialBlob'>
        <annotation name='com.intellij.inspections.tainted.annotation.equation.Equations'>
            <val val="{ &quot;SerialBlob := #truncate(long)#0&quot; }"/>
        </annotation>
    </item>
    <item name='javax.sql.rowset.serial.SerialBlob SerialBlob(byte[])'>
        <annotation name='com.intellij.inspections.tainted.annotation.equation.Equations'>
            <val val="{ &quot;SerialBlob := SerialBlob&quot; }"/>
        </annotation>
    </item>
    <item name='javax.sql.rowset.serial.SerialBlob SerialBlob(java.sql.Blob)'>
        <annotation name='com.intellij.inspections.tainted.annotation.equation.Equations'>
            <val val="{ &quot;SerialBlob := SerialBlob&quot;, &quot;blob := javax.sql.rowset.BaseRowSet#setBlob(int, java.sql.Blob)#1 &amp; SQLOutputImpl#writeBlob(java.sql.Blob)#0 &amp; SerialArray &amp; SerialStruct&quot; }"/>
        </annotation>
    </item>
    <item name='javax.sql.rowset.serial.SerialBlob byte[] getBytes(long, int)'>
        <annotation name='com.intellij.inspections.tainted.annotation.equation.Equations'>
            <val val="{ &quot;length := SerialBlob&quot;, &quot;getBytes := SerialBlob&quot; }"/>
        </annotation>
    </item>
    <item name='javax.sql.rowset.serial.SerialBlob int hashCode()'>
        <annotation name='com.intellij.inspections.tainted.annotation.equation.Equations'>
            <val val="{ &quot;hashCode := SerialBlob&quot; }"/>
        </annotation>
    </item>
    <item name='javax.sql.rowset.serial.SerialBlob int setBytes(long, byte[], int, int)'>
        <annotation name='com.intellij.inspections.tainted.annotation.equation.Equations'>
            <val val="{ &quot;bytes := #setBytes(long, byte[])#1&quot;, &quot;pos := #setBytes(long, byte[])#0&quot; }"/>
        </annotation>
    </item>
    <item name='javax.sql.rowset.serial.SerialBlob long length()'>
        <annotation name='com.intellij.inspections.tainted.annotation.equation.Equations'>
            <val val="{ &quot;length := SerialBlob&quot; }"/>
        </annotation>
    </item>
    <item name='javax.sql.rowset.serial.SerialBlob long position(byte[], long)'>
        <annotation name='com.intellij.inspections.tainted.annotation.equation.Equations'>
            <val val="{ &quot;position := start&quot;, &quot;start := #position(java.sql.Blob, long)#1&quot; }"/>
        </annotation>
    </item>
    <item name='javax.sql.rowset.serial.SerialClob'>
        <annotation name='com.intellij.inspections.tainted.annotation.equation.Equations'>
            <val val="{ &quot;SerialClob := #truncate(long)#0&quot; }"/>
        </annotation>
    </item>
    <item name='javax.sql.rowset.serial.SerialClob SerialClob(char[])'>
        <annotation name='com.intellij.inspections.tainted.annotation.equation.Equations'>
            <val val="{ &quot;SerialClob := SerialClob&quot; }"/>
        </annotation>
    </item>
    <item name='javax.sql.rowset.serial.SerialClob SerialClob(java.sql.Clob)'>
        <annotation name='com.intellij.inspections.tainted.annotation.equation.Equations'>
            <val val="{ &quot;clob := javax.sql.rowset.BaseRowSet#setClob(int, java.sql.Clob)#1 &amp; SQLOutputImpl#writeClob(java.sql.Clob)#0 &amp; SerialArray &amp; SerialStruct&quot;, &quot;SerialClob := SerialClob&quot; }"/>
        </annotation>
    </item>
    <item name='javax.sql.rowset.serial.SerialClob int hashCode()'>
        <annotation name='com.intellij.inspections.tainted.annotation.equation.Equations'>
            <val val="{ &quot;hashCode := SerialClob&quot; }"/>
        </annotation>
    </item>
    <item name='javax.sql.rowset.serial.SerialClob int setString(long, java.lang.String, int, int)'>
        <annotation name='com.intellij.inspections.tainted.annotation.equation.Equations'>
            <val val="{ &quot;pos := #setString(long, java.lang.String)#0&quot;, &quot;str := #setString(long, java.lang.String)#1&quot; }"/>
        </annotation>
    </item>
    <item name='javax.sql.rowset.serial.SerialClob long length()'>
        <annotation name='com.intellij.inspections.tainted.annotation.equation.Equations'>
            <val val="{ &quot;length := SerialClob&quot; }"/>
        </annotation>
    </item>
    <item name='javax.sql.rowset.serial.SerialClob long position(java.lang.String, long)'>
        <annotation name='com.intellij.inspections.tainted.annotation.equation.Equations'>
            <val val="{ &quot;position := start&quot;, &quot;start := #position(java.sql.Clob, long)#1&quot; }"/>
        </annotation>
    </item>
    <item name='javax.sql.rowset.serial.SerialDatalink SerialDatalink(java.net.URL)'>
        <annotation name='com.intellij.inspections.tainted.annotation.equation.Equations'>
            <val val="{ &quot;SerialDatalink := SerialDatalink&quot;, &quot;url := SQLOutputImpl#writeURL(java.net.URL)#0 &amp; SerialArray&quot; }"/>
        </annotation>
    </item>
    <item name='javax.sql.rowset.serial.SerialException SerialException()'>
        <annotation name='com.intellij.inspections.tainted.annotation.equation.Equations'>
            <val val="{ &quot;SerialException := SerialException&quot; }"/>
        </annotation>
    </item>
    <item name='javax.sql.rowset.serial.SerialException SerialException(java.lang.String)'>
        <annotation name='com.intellij.inspections.tainted.annotation.equation.Equations'>
            <val val="{ &quot;SerialException := SerialException&quot; }"/>
        </annotation>
    </item>
    <item name='javax.sql.rowset.serial.SerialJavaObject'>
        <annotation name='com.intellij.inspections.tainted.annotation.equation.Equations'>
            <val val="{ &quot;SerialJavaObject := &quot; }"/>
        </annotation>
    </item>
    <item name='javax.sql.rowset.serial.SerialJavaObject SerialJavaObject(java.lang.Object)'>
        <annotation name='com.intellij.inspections.tainted.annotation.equation.Equations'>
            <val val="{ &quot;obj := SerialArray&quot;, &quot;SerialJavaObject := SerialJavaObject&quot; }"/>
        </annotation>
    </item>
    <item name='javax.sql.rowset.serial.SerialJavaObject boolean hasStaticFields(java.lang.reflect.Field[])'>
        <annotation name='com.intellij.inspections.tainted.annotation.equation.Equations'>
            <val val="{ &quot;fields := SerialJavaObject&quot; }"/>
        </annotation>
    </item>
    <item name='javax.sql.rowset.serial.SerialJavaObject java.lang.Object getObject()'>
        <annotation name='com.intellij.inspections.tainted.annotation.equation.Equations'>
            <val val="{ &quot;getObject := SerialJavaObject&quot; }"/>
        </annotation>
    </item>
    <item name='javax.sql.rowset.serial.SerialRef'>
        <annotation name='com.intellij.inspections.tainted.annotation.equation.Equations'>
            <val val="{ &quot;SerialRef := #setObject(java.lang.Object)#0&quot; }"/>
        </annotation>
    </item>
    <item name='javax.sql.rowset.serial.SerialRef SerialRef(java.sql.Ref)'>
        <annotation name='com.intellij.inspections.tainted.annotation.equation.Equations'>
            <val val="{ &quot;ref := javax.sql.rowset.BaseRowSet#setRef(int, java.sql.Ref)#1 &amp; SerialStruct &amp; SQLOutputImpl#writeRef(java.sql.Ref)#0&quot;, &quot;SerialRef := SerialRef&quot; }"/>
        </annotation>
    </item>
    <item name='javax.sql.rowset.serial.SerialRef java.lang.Object getObject()'>
        <annotation name='com.intellij.inspections.tainted.annotation.equation.Equations'>
            <val val="{ &quot;getObject := SerialRef&quot; }"/>
        </annotation>
    </item>
    <item name='javax.sql.rowset.serial.SerialRef java.lang.String getBaseTypeName()'>
        <annotation name='com.intellij.inspections.tainted.annotation.equation.Equations'>
            <val val="{ &quot;getBaseTypeName := SerialRef&quot; }"/>
        </annotation>
    </item>
    <item name='javax.sql.rowset.serial.SerialStruct'>
        <annotation name='com.intellij.inspections.tainted.annotation.equation.Equations'>
            <val val="{ &quot;SerialStruct := &quot; }"/>
        </annotation>
    </item>
    <item name='javax.sql.rowset.serial.SerialStruct SerialStruct(java.sql.SQLData, java.util.Map&lt;java.lang.String,java.lang.Class&lt;?&gt;&gt;)'>
        <annotation name='com.intellij.inspections.tainted.annotation.equation.Equations'>
            <val val="{ &quot;SerialStruct := SerialStruct&quot;, &quot;map := SQLOutputImpl &amp; #mapToSerial(java.util.Map)#0&quot;, &quot;in := SQLOutputImpl#writeObject(java.sql.SQLData)#0 &amp; SerialStruct&quot; }"/>
        </annotation>
    </item>
    <item name='javax.sql.rowset.serial.SerialStruct SerialStruct(java.sql.Struct, java.util.Map&lt;java.lang.String,java.lang.Class&lt;?&gt;&gt;)'>
        <annotation name='com.intellij.inspections.tainted.annotation.equation.Equations'>
            <val val="{ &quot;SerialStruct := SerialStruct&quot;, &quot;map := SQLOutputImpl &amp; SerialArray#SerialArray(java.sql.Array, java.util.Map)#1 &amp; #mapToSerial(java.util.Map)#0&quot;, &quot;in := SQLOutputImpl#writeStruct(java.sql.Struct)#0 &amp; SerialArray &amp; SerialStruct&quot; }"/>
        </annotation>
    </item>
    <item name='javax.sql.rowset.serial.SerialStruct java.lang.String getSQLTypeName()'>
        <annotation name='com.intellij.inspections.tainted.annotation.equation.Equations'>
            <val val="{ &quot;getSQLTypeName := SerialStruct&quot; }"/>
        </annotation>
    </item>
    <item name='javax.sql.rowset.serial.SerialStruct void mapToSerial(java.util.Map&lt;java.lang.String,java.lang.Class&lt;?&gt;&gt;)'>
        <annotation name='com.intellij.inspections.tainted.annotation.equation.Equations'>
            <val val="{ &quot;map := #SerialStruct(java.sql.Struct, java.util.Map)#1&quot; }"/>
        </annotation>
    </item>
</root>