<root>
    <item name='com.sun.org.apache.xml.internal.security.signature.InvalidDigestValueException InvalidDigestValueException(java.lang.String)'>
        <annotation name='com.intellij.inspections.tainted.annotation.equation.Equations'>
            <val val="{ &quot;InvalidDigestValueException := InvalidDigestValueException&quot; }"/>
        </annotation>
    </item>
    <item name='com.sun.org.apache.xml.internal.security.signature.InvalidDigestValueException InvalidDigestValueException(java.lang.String, java.lang.Exception)'>
        <annotation name='com.intellij.inspections.tainted.annotation.equation.Equations'>
            <val val="{ &quot;InvalidDigestValueException := InvalidDigestValueException&quot; }"/>
        </annotation>
    </item>
    <item name='com.sun.org.apache.xml.internal.security.signature.InvalidDigestValueException InvalidDigestValueException(java.lang.String, java.lang.Object[])'>
        <annotation name='com.intellij.inspections.tainted.annotation.equation.Equations'>
            <val val="{ &quot;InvalidDigestValueException := InvalidDigestValueException&quot; }"/>
        </annotation>
    </item>
    <item name='com.sun.org.apache.xml.internal.security.signature.InvalidDigestValueException InvalidDigestValueException(java.lang.String, java.lang.Object[], java.lang.Exception)'>
        <annotation name='com.intellij.inspections.tainted.annotation.equation.Equations'>
            <val val="{ &quot;InvalidDigestValueException := InvalidDigestValueException&quot; }"/>
        </annotation>
    </item>
    <item name='com.sun.org.apache.xml.internal.security.signature.InvalidSignatureValueException InvalidSignatureValueException(java.lang.String)'>
        <annotation name='com.intellij.inspections.tainted.annotation.equation.Equations'>
            <val val="{ &quot;InvalidSignatureValueException := InvalidSignatureValueException&quot; }"/>
        </annotation>
    </item>
    <item name='com.sun.org.apache.xml.internal.security.signature.InvalidSignatureValueException InvalidSignatureValueException(java.lang.String, java.lang.Exception)'>
        <annotation name='com.intellij.inspections.tainted.annotation.equation.Equations'>
            <val val="{ &quot;InvalidSignatureValueException := InvalidSignatureValueException&quot; }"/>
        </annotation>
    </item>
    <item name='com.sun.org.apache.xml.internal.security.signature.InvalidSignatureValueException InvalidSignatureValueException(java.lang.String, java.lang.Object[])'>
        <annotation name='com.intellij.inspections.tainted.annotation.equation.Equations'>
            <val val="{ &quot;InvalidSignatureValueException := InvalidSignatureValueException&quot; }"/>
        </annotation>
    </item>
    <item name='com.sun.org.apache.xml.internal.security.signature.InvalidSignatureValueException InvalidSignatureValueException(java.lang.String, java.lang.Object[], java.lang.Exception)'>
        <annotation name='com.intellij.inspections.tainted.annotation.equation.Equations'>
            <val val="{ &quot;InvalidSignatureValueException := InvalidSignatureValueException&quot; }"/>
        </annotation>
    </item>
    <item name='com.sun.org.apache.xml.internal.security.signature.Manifest'>
        <annotation name='com.intellij.inspections.tainted.annotation.equation.Equations'>
            <val val="{ &quot;Manifest := &quot; }"/>
        </annotation>
    </item>
    <item name='com.sun.org.apache.xml.internal.security.signature.Manifest Manifest(org.w3c.dom.Document)'>
        <annotation name='com.intellij.inspections.tainted.annotation.equation.Equations'>
            <val val="{ &quot;doc := SignedInfo#SignedInfo(org.w3c.dom.Document, java.lang.String, int, java.lang.String)#0 &amp; SignedInfo#SignedInfo(org.w3c.dom.Document, org.w3c.dom.Element, org.w3c.dom.Element)#0&quot;, &quot;Manifest := Manifest&quot; }"/>
        </annotation>
    </item>
    <item name='com.sun.org.apache.xml.internal.security.signature.Manifest Manifest(org.w3c.dom.Element, java.lang.String)'>
        <annotation name='com.intellij.inspections.tainted.annotation.equation.Equations'>
            <val val="{ &quot;Manifest := Manifest&quot;, &quot;baseURI := XMLSignature#XMLSignature(org.w3c.dom.Element, java.lang.String, boolean)#1&quot; }"/>
        </annotation>
    </item>
    <item name='com.sun.org.apache.xml.internal.security.signature.Manifest Manifest(org.w3c.dom.Element, java.lang.String, boolean)'>
        <annotation name='com.intellij.inspections.tainted.annotation.equation.Equations'>
            <val val="{ &quot;element := #Manifest(org.w3c.dom.Element, java.lang.String)#0&quot;, &quot;Manifest := Manifest&quot;, &quot;baseURI := #Manifest(org.w3c.dom.Element, java.lang.String)#1 &amp; SignedInfo#SignedInfo(org.w3c.dom.Element, java.lang.String, boolean)#1&quot; }"/>
        </annotation>
    </item>
    <item name='com.sun.org.apache.xml.internal.security.signature.Manifest java.lang.String getBaseLocalName()'>
        <annotation name='com.intellij.inspections.tainted.annotation.equation.Equations'>
            <val val="{ &quot;getBaseLocalName := SignedInfo#getBaseLocalName()&quot; }"/>
        </annotation>
    </item>
    <item name='com.sun.org.apache.xml.internal.security.signature.Manifest java.util.List&lt;com.sun.org.apache.xml.internal.security.utils.resolver.ResourceResolver&gt; getPerManifestResolvers()'>
        <annotation name='com.intellij.inspections.tainted.annotation.equation.Equations'>
            <val val="{ &quot;getPerManifestResolvers := Manifest&quot; }"/>
        </annotation>
    </item>
    <item name='com.sun.org.apache.xml.internal.security.signature.Manifest java.util.Map&lt;java.lang.String,java.lang.String&gt; getResolverProperties()'>
        <annotation name='com.intellij.inspections.tainted.annotation.equation.Equations'>
            <val val="{ &quot;getResolverProperties := Manifest&quot; }"/>
        </annotation>
    </item>
    <item name='com.sun.org.apache.xml.internal.security.signature.Manifest void addDocument(java.lang.String, java.lang.String, com.sun.org.apache.xml.internal.security.transforms.Transforms, java.lang.String, java.lang.String, java.lang.String)'>
        <annotation name='com.intellij.inspections.tainted.annotation.equation.Equations'>
            <val val="{ &quot;referenceType := XMLSignature#addDocument(java.lang.String, com.sun.org.apache.xml.internal.security.transforms.Transforms, java.lang.String, java.lang.String, java.lang.String)#4&quot;, &quot;baseURI := XMLSignature&quot;, &quot;referenceId := XMLSignature#addDocument(java.lang.String, com.sun.org.apache.xml.internal.security.transforms.Transforms, java.lang.String, java.lang.String, java.lang.String)#3&quot;, &quot;digestURI := XMLSignature#addDocument(java.lang.String, com.sun.org.apache.xml.internal.security.transforms.Transforms, java.lang.String, java.lang.String, java.lang.String)#2 &amp; XMLSignature#addDocument(java.lang.String, com.sun.org.apache.xml.internal.security.transforms.Transforms, java.lang.String)#2 &amp; com.sun.org.apache.xml.internal.security.utils.Constants#ALGO_ID_DIGEST_SHA1&quot;, &quot;transforms := XMLSignature#addDocument(java.lang.String, com.sun.org.apache.xml.internal.security.transforms.Transforms, java.lang.String, java.lang.String, java.lang.String)#1 &amp; XMLSignature#addDocument(java.lang.String, com.sun.org.apache.xml.internal.security.transforms.Transforms, java.lang.String)#1 &amp; XMLSignature#addDocument(java.lang.String, com.sun.org.apache.xml.internal.security.transforms.Transforms)#1&quot;, &quot;referenceURI := XMLSignature#addDocument(java.lang.String, com.sun.org.apache.xml.internal.security.transforms.Transforms, java.lang.String, java.lang.String, java.lang.String)#0 &amp; XMLSignature#addDocument(java.lang.String, com.sun.org.apache.xml.internal.security.transforms.Transforms, java.lang.String)#0 &amp; XMLSignature#addDocument(java.lang.String, com.sun.org.apache.xml.internal.security.transforms.Transforms)#0 &amp; XMLSignature#addDocument(java.lang.String)#0&quot; }"/>
        </annotation>
    </item>
    <item name='com.sun.org.apache.xml.internal.security.signature.Manifest void addResourceResolver(com.sun.org.apache.xml.internal.security.utils.resolver.ResourceResolver)'>
        <annotation name='com.intellij.inspections.tainted.annotation.equation.Equations'>
            <val val="{ &quot;resolver := XMLSignature#addResourceResolver(com.sun.org.apache.xml.internal.security.utils.resolver.ResourceResolver)#0&quot; }"/>
        </annotation>
    </item>
    <item name='com.sun.org.apache.xml.internal.security.signature.Manifest void addResourceResolver(com.sun.org.apache.xml.internal.security.utils.resolver.ResourceResolverSpi)'>
        <annotation name='com.intellij.inspections.tainted.annotation.equation.Equations'>
            <val val="{ &quot;resolverSpi := XMLSignature#addResourceResolver(com.sun.org.apache.xml.internal.security.utils.resolver.ResourceResolverSpi)#0&quot; }"/>
        </annotation>
    </item>
    <item name='com.sun.org.apache.xml.internal.security.signature.MissingResourceFailureException MissingResourceFailureException(java.lang.String, com.sun.org.apache.xml.internal.security.signature.Reference)'>
        <annotation name='com.intellij.inspections.tainted.annotation.equation.Equations'>
            <val val="{ &quot;MissingResourceFailureException := MissingResourceFailureException&quot; }"/>
        </annotation>
    </item>
    <item name='com.sun.org.apache.xml.internal.security.signature.MissingResourceFailureException MissingResourceFailureException(java.lang.String, java.lang.Exception, com.sun.org.apache.xml.internal.security.signature.Reference)'>
        <annotation name='com.intellij.inspections.tainted.annotation.equation.Equations'>
            <val val="{ &quot;MissingResourceFailureException := MissingResourceFailureException&quot; }"/>
        </annotation>
    </item>
    <item name='com.sun.org.apache.xml.internal.security.signature.MissingResourceFailureException MissingResourceFailureException(java.lang.String, java.lang.Object[], com.sun.org.apache.xml.internal.security.signature.Reference)'>
        <annotation name='com.intellij.inspections.tainted.annotation.equation.Equations'>
            <val val="{ &quot;MissingResourceFailureException := MissingResourceFailureException&quot; }"/>
        </annotation>
    </item>
    <item name='com.sun.org.apache.xml.internal.security.signature.MissingResourceFailureException MissingResourceFailureException(java.lang.String, java.lang.Object[], java.lang.Exception, com.sun.org.apache.xml.internal.security.signature.Reference)'>
        <annotation name='com.intellij.inspections.tainted.annotation.equation.Equations'>
            <val val="{ &quot;MissingResourceFailureException := MissingResourceFailureException&quot; }"/>
        </annotation>
    </item>
    <item name='com.sun.org.apache.xml.internal.security.signature.NodeFilter int isNodeInclude(org.w3c.dom.Node)'>
        <annotation name='com.intellij.inspections.tainted.annotation.equation.Equations'>
            <val val="{ &quot;n := com.sun.org.apache.xml.internal.security.transforms.implementations.TransformEnvelopedSignature.EnvelopedNodeFilter#isNodeInclude(org.w3c.dom.Node)#0 &amp; com.sun.org.apache.xml.internal.security.transforms.implementations.XPath2NodeFilter#isNodeInclude(org.w3c.dom.Node)#0 &amp; com.sun.org.apache.xml.internal.security.transforms.implementations.TransformXPath.XPathNodeFilter#isNodeInclude(org.w3c.dom.Node)#0&quot;, &quot;isNodeInclude := com.sun.org.apache.xml.internal.security.transforms.implementations.TransformEnvelopedSignature.EnvelopedNodeFilter#isNodeInclude(org.w3c.dom.Node) &amp; com.sun.org.apache.xml.internal.security.transforms.implementations.XPath2NodeFilter#isNodeInclude(org.w3c.dom.Node) &amp; com.sun.org.apache.xml.internal.security.transforms.implementations.TransformXPath.XPathNodeFilter#isNodeInclude(org.w3c.dom.Node)&quot; }"/>
        </annotation>
    </item>
    <item name='com.sun.org.apache.xml.internal.security.signature.NodeFilter int isNodeIncludeDO(org.w3c.dom.Node, int)'>
        <annotation name='com.intellij.inspections.tainted.annotation.equation.Equations'>
            <val val="{ &quot;n := com.sun.org.apache.xml.internal.security.c14n.implementations.CanonicalizerBase#isVisibleDO(org.w3c.dom.Node, int)#0 &amp; com.sun.org.apache.xml.internal.security.transforms.implementations.TransformXPath.XPathNodeFilter#isNodeIncludeDO(org.w3c.dom.Node, int)#0 &amp; com.sun.org.apache.xml.internal.security.transforms.implementations.XPath2NodeFilter#isNodeIncludeDO(org.w3c.dom.Node, int)#0 &amp; com.sun.org.apache.xml.internal.security.transforms.implementations.TransformEnvelopedSignature.EnvelopedNodeFilter#isNodeIncludeDO(org.w3c.dom.Node, int)#0&quot;, &quot;level := com.sun.org.apache.xml.internal.security.c14n.implementations.CanonicalizerBase#isVisibleDO(org.w3c.dom.Node, int)#1 &amp; com.sun.org.apache.xml.internal.security.transforms.implementations.TransformXPath.XPathNodeFilter#isNodeIncludeDO(org.w3c.dom.Node, int)#1 &amp; com.sun.org.apache.xml.internal.security.transforms.implementations.XPath2NodeFilter#isNodeIncludeDO(org.w3c.dom.Node, int)#1 &amp; com.sun.org.apache.xml.internal.security.transforms.implementations.TransformEnvelopedSignature.EnvelopedNodeFilter#isNodeIncludeDO(org.w3c.dom.Node, int)#1&quot;, &quot;isNodeIncludeDO := com.sun.org.apache.xml.internal.security.transforms.implementations.TransformXPath.XPathNodeFilter#isNodeIncludeDO(org.w3c.dom.Node, int) &amp; com.sun.org.apache.xml.internal.security.transforms.implementations.XPath2NodeFilter#isNodeIncludeDO(org.w3c.dom.Node, int) &amp; com.sun.org.apache.xml.internal.security.transforms.implementations.TransformEnvelopedSignature.EnvelopedNodeFilter#isNodeIncludeDO(org.w3c.dom.Node, int)&quot; }"/>
        </annotation>
    </item>
    <item name='com.sun.org.apache.xml.internal.security.signature.ObjectContainer ObjectContainer(org.w3c.dom.Document)'>
        <annotation name='com.intellij.inspections.tainted.annotation.equation.Equations'>
            <val val="{ &quot;ObjectContainer := ObjectContainer&quot; }"/>
        </annotation>
    </item>
    <item name='com.sun.org.apache.xml.internal.security.signature.ObjectContainer ObjectContainer(org.w3c.dom.Element, java.lang.String)'>
        <annotation name='com.intellij.inspections.tainted.annotation.equation.Equations'>
            <val val="{ &quot;ObjectContainer := ObjectContainer&quot;, &quot;baseURI := XMLSignature&quot; }"/>
        </annotation>
    </item>
    <item name='com.sun.org.apache.xml.internal.security.signature.ObjectContainer java.lang.String getBaseLocalName()'>
        <annotation name='com.intellij.inspections.tainted.annotation.equation.Equations'>
            <val val="{ &quot;getBaseLocalName := com.sun.org.apache.xml.internal.security.utils.Constants#_TAG_OBJECT&quot; }"/>
        </annotation>
    </item>
    <item name='com.sun.org.apache.xml.internal.security.signature.Reference Reference(org.w3c.dom.Document, java.lang.String, java.lang.String, com.sun.org.apache.xml.internal.security.signature.Manifest, com.sun.org.apache.xml.internal.security.transforms.Transforms, java.lang.String)'>
        <annotation name='com.intellij.inspections.tainted.annotation.equation.Equations'>
            <val val="{ &quot;transforms := Manifest#addDocument(java.lang.String, java.lang.String, com.sun.org.apache.xml.internal.security.transforms.Transforms, java.lang.String, java.lang.String, java.lang.String)#2&quot;, &quot;doc := Manifest&quot;, &quot;Reference := Reference&quot;, &quot;messageDigestAlgorithm := Manifest#addDocument(java.lang.String, java.lang.String, com.sun.org.apache.xml.internal.security.transforms.Transforms, java.lang.String, java.lang.String, java.lang.String)#3&quot;, &quot;manifest := Manifest&quot;, &quot;referenceURI := Manifest#addDocument(java.lang.String, java.lang.String, com.sun.org.apache.xml.internal.security.transforms.Transforms, java.lang.String, java.lang.String, java.lang.String)#1&quot;, &quot;baseURI := Manifest#addDocument(java.lang.String, java.lang.String, com.sun.org.apache.xml.internal.security.transforms.Transforms, java.lang.String, java.lang.String, java.lang.String)#0&quot; }"/>
        </annotation>
    </item>
    <item name='com.sun.org.apache.xml.internal.security.signature.Reference Reference(org.w3c.dom.Element, java.lang.String, com.sun.org.apache.xml.internal.security.signature.Manifest)'>
        <annotation name='com.intellij.inspections.tainted.annotation.equation.Equations'>
            <val val="{ &quot;Reference := Reference&quot; }"/>
        </annotation>
    </item>
    <item name='com.sun.org.apache.xml.internal.security.signature.Reference Reference(org.w3c.dom.Element, java.lang.String, com.sun.org.apache.xml.internal.security.signature.Manifest, boolean)'>
        <annotation name='com.intellij.inspections.tainted.annotation.equation.Equations'>
            <val val="{ &quot;baseURI := Manifest &amp; #Reference(org.w3c.dom.Element, java.lang.String, com.sun.org.apache.xml.internal.security.signature.Manifest)#1&quot;, &quot;element := Manifest &amp; #Reference(org.w3c.dom.Element, java.lang.String, com.sun.org.apache.xml.internal.security.signature.Manifest)#0&quot;, &quot;manifest := Manifest &amp; #Reference(org.w3c.dom.Element, java.lang.String, com.sun.org.apache.xml.internal.security.signature.Manifest)#2&quot;, &quot;Reference := Reference&quot; }"/>
        </annotation>
    </item>
    <item name='com.sun.org.apache.xml.internal.security.signature.Reference com.sun.org.apache.xml.internal.security.signature.XMLSignatureInput getContentsAfterTransformation(com.sun.org.apache.xml.internal.security.signature.XMLSignatureInput, java.io.OutputStream)'>
        <annotation name='com.intellij.inspections.tainted.annotation.equation.Equations'>
            <val val="{ &quot;os := #dereferenceURIandPerformTransforms(java.io.OutputStream)#0&quot;, &quot;getContentsAfterTransformation := input&quot; }"/>
        </annotation>
    </item>
    <item name='com.sun.org.apache.xml.internal.security.signature.Reference com.sun.org.apache.xml.internal.security.signature.XMLSignatureInput getTransformsOutput()'>
        <annotation name='com.intellij.inspections.tainted.annotation.equation.Equations'>
            <val val="{ &quot;getTransformsOutput := Reference&quot; }"/>
        </annotation>
    </item>
    <item name='com.sun.org.apache.xml.internal.security.signature.Reference com.sun.org.apache.xml.internal.security.signature.reference.ReferenceData getReferenceData()'>
        <annotation name='com.intellij.inspections.tainted.annotation.equation.Equations'>
            <val val="{ &quot;getReferenceData := Reference&quot; }"/>
        </annotation>
    </item>
    <item name='com.sun.org.apache.xml.internal.security.signature.Reference com.sun.org.apache.xml.internal.security.transforms.Transforms getTransforms()'>
        <annotation name='com.intellij.inspections.tainted.annotation.equation.Equations'>
            <val val="{ &quot;getTransforms := Reference&quot; }"/>
        </annotation>
    </item>
    <item name='com.sun.org.apache.xml.internal.security.signature.Reference java.lang.String getBaseLocalName()'>
        <annotation name='com.intellij.inspections.tainted.annotation.equation.Equations'>
            <val val="{ &quot;getBaseLocalName := com.sun.org.apache.xml.internal.security.utils.Constants#_TAG_REFERENCE&quot; }"/>
        </annotation>
    </item>
    <item name='com.sun.org.apache.xml.internal.security.signature.Reference void setDigestValueElement(byte[])'>
        <annotation name='com.intellij.inspections.tainted.annotation.equation.Equations'>
            <val val="{ &quot;digestValue := &quot; }"/>
        </annotation>
    </item>
    <item name='com.sun.org.apache.xml.internal.security.signature.Reference void setId(java.lang.String)'>
        <annotation name='com.intellij.inspections.tainted.annotation.equation.Equations'>
            <val val="{ &quot;id := Manifest#addDocument(java.lang.String, java.lang.String, com.sun.org.apache.xml.internal.security.transforms.Transforms, java.lang.String, java.lang.String, java.lang.String)#4&quot; }"/>
        </annotation>
    </item>
    <item name='com.sun.org.apache.xml.internal.security.signature.Reference void setType(java.lang.String)'>
        <annotation name='com.intellij.inspections.tainted.annotation.equation.Equations'>
            <val val="{ &quot;type := Manifest#addDocument(java.lang.String, java.lang.String, com.sun.org.apache.xml.internal.security.transforms.Transforms, java.lang.String, java.lang.String, java.lang.String)#5&quot; }"/>
        </annotation>
    </item>
    <item name='com.sun.org.apache.xml.internal.security.signature.Reference void setURI(java.lang.String)'>
        <annotation name='com.intellij.inspections.tainted.annotation.equation.Equations'>
            <val val="{ &quot;uri := #Reference(org.w3c.dom.Document, java.lang.String, java.lang.String, com.sun.org.apache.xml.internal.security.signature.Manifest, com.sun.org.apache.xml.internal.security.transforms.Transforms, java.lang.String)#2&quot; }"/>
        </annotation>
    </item>
    <item name='com.sun.org.apache.xml.internal.security.signature.ReferenceNotInitializedException ReferenceNotInitializedException(java.lang.String)'>
        <annotation name='com.intellij.inspections.tainted.annotation.equation.Equations'>
            <val val="{ &quot;ReferenceNotInitializedException := ReferenceNotInitializedException&quot; }"/>
        </annotation>
    </item>
    <item name='com.sun.org.apache.xml.internal.security.signature.ReferenceNotInitializedException ReferenceNotInitializedException(java.lang.String, java.lang.Exception)'>
        <annotation name='com.intellij.inspections.tainted.annotation.equation.Equations'>
            <val val="{ &quot;ReferenceNotInitializedException := ReferenceNotInitializedException&quot; }"/>
        </annotation>
    </item>
    <item name='com.sun.org.apache.xml.internal.security.signature.ReferenceNotInitializedException ReferenceNotInitializedException(java.lang.String, java.lang.Object[])'>
        <annotation name='com.intellij.inspections.tainted.annotation.equation.Equations'>
            <val val="{ &quot;ReferenceNotInitializedException := ReferenceNotInitializedException&quot; }"/>
        </annotation>
    </item>
    <item name='com.sun.org.apache.xml.internal.security.signature.ReferenceNotInitializedException ReferenceNotInitializedException(java.lang.String, java.lang.Object[], java.lang.Exception)'>
        <annotation name='com.intellij.inspections.tainted.annotation.equation.Equations'>
            <val val="{ &quot;ReferenceNotInitializedException := ReferenceNotInitializedException&quot; }"/>
        </annotation>
    </item>
    <item name='com.sun.org.apache.xml.internal.security.signature.SignatureProperties SignatureProperties(org.w3c.dom.Document)'>
        <annotation name='com.intellij.inspections.tainted.annotation.equation.Equations'>
            <val val="{ &quot;SignatureProperties := SignatureProperties&quot; }"/>
        </annotation>
    </item>
    <item name='com.sun.org.apache.xml.internal.security.signature.SignatureProperties SignatureProperties(org.w3c.dom.Element, java.lang.String)'>
        <annotation name='com.intellij.inspections.tainted.annotation.equation.Equations'>
            <val val="{ &quot;BaseURI := XMLSignature#XMLSignature(org.w3c.dom.Element, java.lang.String, boolean)#1&quot;, &quot;SignatureProperties := SignatureProperties&quot; }"/>
        </annotation>
    </item>
    <item name='com.sun.org.apache.xml.internal.security.signature.SignatureProperties java.lang.String getBaseLocalName()'>
        <annotation name='com.intellij.inspections.tainted.annotation.equation.Equations'>
            <val val="{ &quot;getBaseLocalName := com.sun.org.apache.xml.internal.security.utils.Constants#_TAG_SIGNATUREPROPERTIES&quot; }"/>
        </annotation>
    </item>
    <item name='com.sun.org.apache.xml.internal.security.signature.SignatureProperty SignatureProperty(org.w3c.dom.Document, java.lang.String)'>
        <annotation name='com.intellij.inspections.tainted.annotation.equation.Equations'>
            <val val="{ &quot;SignatureProperty := SignatureProperty&quot; }"/>
        </annotation>
    </item>
    <item name='com.sun.org.apache.xml.internal.security.signature.SignatureProperty SignatureProperty(org.w3c.dom.Document, java.lang.String, java.lang.String)'>
        <annotation name='com.intellij.inspections.tainted.annotation.equation.Equations'>
            <val val="{ &quot;SignatureProperty := SignatureProperty&quot;, &quot;target := #SignatureProperty(org.w3c.dom.Document, java.lang.String)#1&quot;, &quot;doc := #SignatureProperty(org.w3c.dom.Document, java.lang.String)#0&quot; }"/>
        </annotation>
    </item>
    <item name='com.sun.org.apache.xml.internal.security.signature.SignatureProperty SignatureProperty(org.w3c.dom.Element, java.lang.String)'>
        <annotation name='com.intellij.inspections.tainted.annotation.equation.Equations'>
            <val val="{ &quot;SignatureProperty := SignatureProperty&quot;, &quot;BaseURI := SignatureProperties&quot; }"/>
        </annotation>
    </item>
    <item name='com.sun.org.apache.xml.internal.security.signature.SignatureProperty java.lang.String getBaseLocalName()'>
        <annotation name='com.intellij.inspections.tainted.annotation.equation.Equations'>
            <val val="{ &quot;getBaseLocalName := com.sun.org.apache.xml.internal.security.utils.Constants#_TAG_SIGNATUREPROPERTY&quot; }"/>
        </annotation>
    </item>
    <item name='com.sun.org.apache.xml.internal.security.signature.SignatureProperty void setId(java.lang.String)'>
        <annotation name='com.intellij.inspections.tainted.annotation.equation.Equations'>
            <val val="{ &quot;id := #SignatureProperty(org.w3c.dom.Document, java.lang.String, java.lang.String)#2&quot; }"/>
        </annotation>
    </item>
    <item name='com.sun.org.apache.xml.internal.security.signature.SignatureProperty void setTarget(java.lang.String)'>
        <annotation name='com.intellij.inspections.tainted.annotation.equation.Equations'>
            <val val="{ &quot;target := #SignatureProperty(org.w3c.dom.Document, java.lang.String, java.lang.String)#1&quot; }"/>
        </annotation>
    </item>
    <item name='com.sun.org.apache.xml.internal.security.signature.SignedInfo SignedInfo(org.w3c.dom.Document)'>
        <annotation name='com.intellij.inspections.tainted.annotation.equation.Equations'>
            <val val="{ &quot;SignedInfo := SignedInfo&quot; }"/>
        </annotation>
    </item>
    <item name='com.sun.org.apache.xml.internal.security.signature.SignedInfo SignedInfo(org.w3c.dom.Document, java.lang.String, int, java.lang.String)'>
        <annotation name='com.intellij.inspections.tainted.annotation.equation.Equations'>
            <val val="{ &quot;signatureMethodURI := #SignedInfo(org.w3c.dom.Document, java.lang.String, java.lang.String)#1 &amp; XMLSignature#XMLSignature(org.w3c.dom.Document, java.lang.String, java.lang.String, int, java.lang.String)#2&quot;, &quot;canonicalizationMethodURI := #SignedInfo(org.w3c.dom.Document, java.lang.String, java.lang.String)#2 &amp; XMLSignature#XMLSignature(org.w3c.dom.Document, java.lang.String, java.lang.String, int, java.lang.String)#4&quot;, &quot;SignedInfo := SignedInfo&quot;, &quot;hMACOutputLength := XMLSignature#XMLSignature(org.w3c.dom.Document, java.lang.String, java.lang.String, int, java.lang.String)#3&quot;, &quot;doc := #SignedInfo(org.w3c.dom.Document, java.lang.String, java.lang.String)#0 &amp; XMLSignature&quot; }"/>
        </annotation>
    </item>
    <item name='com.sun.org.apache.xml.internal.security.signature.SignedInfo SignedInfo(org.w3c.dom.Document, java.lang.String, java.lang.String)'>
        <annotation name='com.intellij.inspections.tainted.annotation.equation.Equations'>
            <val val="{ &quot;doc := #SignedInfo(org.w3c.dom.Document)#0&quot;, &quot;signatureMethodURI := XMLSignature#ALGO_ID_SIGNATURE_DSA&quot;, &quot;SignedInfo := SignedInfo&quot;, &quot;canonicalizationMethodURI := com.sun.org.apache.xml.internal.security.c14n.Canonicalizer#ALGO_ID_C14N_OMIT_COMMENTS&quot; }"/>
        </annotation>
    </item>
    <item name='com.sun.org.apache.xml.internal.security.signature.SignedInfo SignedInfo(org.w3c.dom.Document, org.w3c.dom.Element, org.w3c.dom.Element)'>
        <annotation name='com.intellij.inspections.tainted.annotation.equation.Equations'>
            <val val="{ &quot;canonicalizationMethodElem := XMLSignature#XMLSignature(org.w3c.dom.Document, java.lang.String, org.w3c.dom.Element, org.w3c.dom.Element)#3&quot;, &quot;doc := XMLSignature&quot;, &quot;SignedInfo := SignedInfo&quot;, &quot;signatureMethodElem := XMLSignature#XMLSignature(org.w3c.dom.Document, java.lang.String, org.w3c.dom.Element, org.w3c.dom.Element)#2&quot; }"/>
        </annotation>
    </item>
    <item name='com.sun.org.apache.xml.internal.security.signature.SignedInfo SignedInfo(org.w3c.dom.Element, java.lang.String)'>
        <annotation name='com.intellij.inspections.tainted.annotation.equation.Equations'>
            <val val="{ &quot;SignedInfo := SignedInfo&quot; }"/>
        </annotation>
    </item>
    <item name='com.sun.org.apache.xml.internal.security.signature.SignedInfo SignedInfo(org.w3c.dom.Element, java.lang.String, boolean)'>
        <annotation name='com.intellij.inspections.tainted.annotation.equation.Equations'>
            <val val="{ &quot;SignedInfo := SignedInfo&quot;, &quot;element := #SignedInfo(org.w3c.dom.Element, java.lang.String)#0&quot;, &quot;baseURI := #SignedInfo(org.w3c.dom.Element, java.lang.String)#1 &amp; XMLSignature#XMLSignature(org.w3c.dom.Element, java.lang.String, boolean)#1&quot; }"/>
        </annotation>
    </item>
    <item name='com.sun.org.apache.xml.internal.security.signature.SignedInfo byte[] getCanonicalizedOctetStream()'>
        <annotation name='com.intellij.inspections.tainted.annotation.equation.Equations'>
            <val val="{ &quot;getCanonicalizedOctetStream := SignedInfo&quot; }"/>
        </annotation>
    </item>
    <item name='com.sun.org.apache.xml.internal.security.signature.SignedInfo com.sun.org.apache.xml.internal.security.algorithms.SignatureAlgorithm getSignatureAlgorithm()'>
        <annotation name='com.intellij.inspections.tainted.annotation.equation.Equations'>
            <val val="{ &quot;getSignatureAlgorithm := SignedInfo&quot; }"/>
        </annotation>
    </item>
    <item name='com.sun.org.apache.xml.internal.security.signature.SignedInfo java.lang.String getBaseLocalName()'>
        <annotation name='com.intellij.inspections.tainted.annotation.equation.Equations'>
            <val val="{ &quot;getBaseLocalName := com.sun.org.apache.xml.internal.security.utils.Constants#_TAG_SIGNEDINFO&quot; }"/>
        </annotation>
    </item>
    <item name='com.sun.org.apache.xml.internal.security.signature.SignedInfo javax.crypto.SecretKey createSecretKey(byte[])'>
        <annotation name='com.intellij.inspections.tainted.annotation.equation.Equations'>
            <val val="{ &quot;secretKeyBytes := XMLSignature#createSecretKey(byte[])#0&quot;, &quot;createSecretKey := &quot; }"/>
        </annotation>
    </item>
    <item name='com.sun.org.apache.xml.internal.security.signature.SignedInfo org.w3c.dom.Element getSignatureMethodElement()'>
        <annotation name='com.intellij.inspections.tainted.annotation.equation.Equations'>
            <val val="{ &quot;getSignatureMethodElement := SignedInfo&quot; }"/>
        </annotation>
    </item>
    <item name='com.sun.org.apache.xml.internal.security.signature.SignedInfo org.w3c.dom.Element reparseSignedInfoElem(org.w3c.dom.Element)'>
        <annotation name='com.intellij.inspections.tainted.annotation.equation.Equations'>
            <val val="{ &quot;reparseSignedInfoElem := element&quot;, &quot;element := #SignedInfo(org.w3c.dom.Element, java.lang.String, boolean)#0&quot; }"/>
        </annotation>
    </item>
    <item name='com.sun.org.apache.xml.internal.security.signature.SignedInfo void signInOctetStream(java.io.OutputStream)'>
        <annotation name='com.intellij.inspections.tainted.annotation.equation.Equations'>
            <val val="{ &quot;os := &quot; }"/>
        </annotation>
    </item>
    <item name='com.sun.org.apache.xml.internal.security.signature.XMLSignature'>
        <annotation name='com.intellij.inspections.tainted.annotation.equation.Equations'>
            <val val="{ &quot;XMLSignature := #MODE_SIGN&quot; }"/>
        </annotation>
    </item>
    <item name='com.sun.org.apache.xml.internal.security.signature.XMLSignature XMLSignature(org.w3c.dom.Document, java.lang.String, java.lang.String)'>
        <annotation name='com.intellij.inspections.tainted.annotation.equation.Equations'>
            <val val="{ &quot;XMLSignature := XMLSignature&quot; }"/>
        </annotation>
    </item>
    <item name='com.sun.org.apache.xml.internal.security.signature.XMLSignature XMLSignature(org.w3c.dom.Document, java.lang.String, java.lang.String, int)'>
        <annotation name='com.intellij.inspections.tainted.annotation.equation.Equations'>
            <val val="{ &quot;XMLSignature := XMLSignature&quot; }"/>
        </annotation>
    </item>
    <item name='com.sun.org.apache.xml.internal.security.signature.XMLSignature XMLSignature(org.w3c.dom.Document, java.lang.String, java.lang.String, int, java.lang.String)'>
        <annotation name='com.intellij.inspections.tainted.annotation.equation.Equations'>
            <val val="{ &quot;XMLSignature := XMLSignature&quot;, &quot;baseURI := #XMLSignature(org.w3c.dom.Document, java.lang.String, java.lang.String)#1 &amp; #XMLSignature(org.w3c.dom.Document, java.lang.String, java.lang.String, int)#1 &amp; #XMLSignature(org.w3c.dom.Document, java.lang.String, java.lang.String, java.lang.String)#1&quot;, &quot;doc := #XMLSignature(org.w3c.dom.Document, java.lang.String, java.lang.String)#0 &amp; #XMLSignature(org.w3c.dom.Document, java.lang.String, java.lang.String, int)#0 &amp; #XMLSignature(org.w3c.dom.Document, java.lang.String, java.lang.String, java.lang.String)#0&quot;, &quot;canonicalizationMethodURI := com.sun.org.apache.xml.internal.security.c14n.Canonicalizer#ALGO_ID_C14N_OMIT_COMMENTS &amp; #XMLSignature(org.w3c.dom.Document, java.lang.String, java.lang.String, java.lang.String)#3&quot;, &quot;hmacOutputLength := #XMLSignature(org.w3c.dom.Document, java.lang.String, java.lang.String, int)#3&quot;, &quot;signatureMethodURI := #XMLSignature(org.w3c.dom.Document, java.lang.String, java.lang.String)#2 &amp; #XMLSignature(org.w3c.dom.Document, java.lang.String, java.lang.String, int)#2 &amp; #XMLSignature(org.w3c.dom.Document, java.lang.String, java.lang.String, java.lang.String)#2&quot; }"/>
        </annotation>
    </item>
    <item name='com.sun.org.apache.xml.internal.security.signature.XMLSignature XMLSignature(org.w3c.dom.Document, java.lang.String, java.lang.String, java.lang.String)'>
        <annotation name='com.intellij.inspections.tainted.annotation.equation.Equations'>
            <val val="{ &quot;XMLSignature := XMLSignature&quot; }"/>
        </annotation>
    </item>
    <item name='com.sun.org.apache.xml.internal.security.signature.XMLSignature XMLSignature(org.w3c.dom.Document, java.lang.String, org.w3c.dom.Element, org.w3c.dom.Element)'>
        <annotation name='com.intellij.inspections.tainted.annotation.equation.Equations'>
            <val val="{ &quot;XMLSignature := XMLSignature&quot; }"/>
        </annotation>
    </item>
    <item name='com.sun.org.apache.xml.internal.security.signature.XMLSignature XMLSignature(org.w3c.dom.Element, java.lang.String)'>
        <annotation name='com.intellij.inspections.tainted.annotation.equation.Equations'>
            <val val="{ &quot;XMLSignature := XMLSignature&quot; }"/>
        </annotation>
    </item>
    <item name='com.sun.org.apache.xml.internal.security.signature.XMLSignature XMLSignature(org.w3c.dom.Element, java.lang.String, boolean)'>
        <annotation name='com.intellij.inspections.tainted.annotation.equation.Equations'>
            <val val="{ &quot;XMLSignature := XMLSignature&quot;, &quot;baseURI := #XMLSignature(org.w3c.dom.Element, java.lang.String)#1&quot;, &quot;element := #XMLSignature(org.w3c.dom.Element, java.lang.String)#0&quot; }"/>
        </annotation>
    </item>
    <item name='com.sun.org.apache.xml.internal.security.signature.XMLSignature boolean checkSignatureValue(java.security.Key)'>
        <annotation name='com.intellij.inspections.tainted.annotation.equation.Equations'>
            <val val="{ &quot;pk := &quot; }"/>
        </annotation>
    </item>
    <item name='com.sun.org.apache.xml.internal.security.signature.XMLSignature com.sun.org.apache.xml.internal.security.keys.KeyInfo getKeyInfo()'>
        <annotation name='com.intellij.inspections.tainted.annotation.equation.Equations'>
            <val val="{ &quot;getKeyInfo := XMLSignature&quot; }"/>
        </annotation>
    </item>
    <item name='com.sun.org.apache.xml.internal.security.signature.XMLSignature com.sun.org.apache.xml.internal.security.signature.SignedInfo getSignedInfo()'>
        <annotation name='com.intellij.inspections.tainted.annotation.equation.Equations'>
            <val val="{ &quot;getSignedInfo := XMLSignature&quot; }"/>
        </annotation>
    </item>
    <item name='com.sun.org.apache.xml.internal.security.signature.XMLSignature java.lang.String getBaseLocalName()'>
        <annotation name='com.intellij.inspections.tainted.annotation.equation.Equations'>
            <val val="{ &quot;getBaseLocalName := com.sun.org.apache.xml.internal.security.utils.Constants#_TAG_SIGNATURE&quot; }"/>
        </annotation>
    </item>
    <item name='com.sun.org.apache.xml.internal.security.signature.XMLSignature javax.crypto.SecretKey createSecretKey(byte[])'>
        <annotation name='com.intellij.inspections.tainted.annotation.equation.Equations'>
            <val val="{ &quot;createSecretKey := &quot; }"/>
        </annotation>
    </item>
    <item name='com.sun.org.apache.xml.internal.security.signature.XMLSignature void setSignatureValueElement(byte[])'>
        <annotation name='com.intellij.inspections.tainted.annotation.equation.Equations'>
            <val val="{ &quot;bytes := &quot; }"/>
        </annotation>
    </item>
    <item name='com.sun.org.apache.xml.internal.security.signature.XMLSignatureException XMLSignatureException(java.lang.String)'>
        <annotation name='com.intellij.inspections.tainted.annotation.equation.Equations'>
            <val val="{ &quot;msgID := InvalidDigestValueException#InvalidDigestValueException(java.lang.String)#0 &amp; InvalidSignatureValueException#InvalidSignatureValueException(java.lang.String)#0 &amp; MissingResourceFailureException#MissingResourceFailureException(java.lang.String, com.sun.org.apache.xml.internal.security.signature.Reference)#0 &amp; ReferenceNotInitializedException#ReferenceNotInitializedException(java.lang.String)#0&quot;, &quot;XMLSignatureException := XMLSignatureException&quot; }"/>
        </annotation>
    </item>
    <item name='com.sun.org.apache.xml.internal.security.signature.XMLSignatureException XMLSignatureException(java.lang.String, java.lang.Exception)'>
        <annotation name='com.intellij.inspections.tainted.annotation.equation.Equations'>
            <val val="{ &quot;XMLSignatureException := XMLSignatureException&quot;, &quot;msgID := InvalidDigestValueException#InvalidDigestValueException(java.lang.String, java.lang.Exception)#0 &amp; InvalidSignatureValueException#InvalidSignatureValueException(java.lang.String, java.lang.Exception)#0 &amp; MissingResourceFailureException#MissingResourceFailureException(java.lang.String, java.lang.Exception, com.sun.org.apache.xml.internal.security.signature.Reference)#0 &amp; ReferenceNotInitializedException#ReferenceNotInitializedException(java.lang.String, java.lang.Exception)#0&quot;, &quot;originalException := InvalidDigestValueException#InvalidDigestValueException(java.lang.String, java.lang.Exception)#1 &amp; InvalidSignatureValueException#InvalidSignatureValueException(java.lang.String, java.lang.Exception)#1 &amp; MissingResourceFailureException#MissingResourceFailureException(java.lang.String, java.lang.Exception, com.sun.org.apache.xml.internal.security.signature.Reference)#1 &amp; ReferenceNotInitializedException#ReferenceNotInitializedException(java.lang.String, java.lang.Exception)#1&quot; }"/>
        </annotation>
    </item>
    <item name='com.sun.org.apache.xml.internal.security.signature.XMLSignatureException XMLSignatureException(java.lang.String, java.lang.Object[])'>
        <annotation name='com.intellij.inspections.tainted.annotation.equation.Equations'>
            <val val="{ &quot;exArgs := InvalidDigestValueException#InvalidDigestValueException(java.lang.String, java.lang.Object[])#1 &amp; InvalidSignatureValueException#InvalidSignatureValueException(java.lang.String, java.lang.Object[])#1 &amp; MissingResourceFailureException#MissingResourceFailureException(java.lang.String, java.lang.Object[], com.sun.org.apache.xml.internal.security.signature.Reference)#1 &amp; ReferenceNotInitializedException#ReferenceNotInitializedException(java.lang.String, java.lang.Object[])#1&quot;, &quot;msgID := InvalidDigestValueException#InvalidDigestValueException(java.lang.String, java.lang.Object[])#0 &amp; InvalidSignatureValueException#InvalidSignatureValueException(java.lang.String, java.lang.Object[])#0 &amp; MissingResourceFailureException#MissingResourceFailureException(java.lang.String, java.lang.Object[], com.sun.org.apache.xml.internal.security.signature.Reference)#0 &amp; ReferenceNotInitializedException#ReferenceNotInitializedException(java.lang.String, java.lang.Object[])#0&quot;, &quot;XMLSignatureException := XMLSignatureException&quot; }"/>
        </annotation>
    </item>
    <item name='com.sun.org.apache.xml.internal.security.signature.XMLSignatureException XMLSignatureException(java.lang.String, java.lang.Object[], java.lang.Exception)'>
        <annotation name='com.intellij.inspections.tainted.annotation.equation.Equations'>
            <val val="{ &quot;XMLSignatureException := XMLSignatureException&quot;, &quot;exArgs := InvalidDigestValueException#InvalidDigestValueException(java.lang.String, java.lang.Object[], java.lang.Exception)#1 &amp; InvalidSignatureValueException#InvalidSignatureValueException(java.lang.String, java.lang.Object[], java.lang.Exception)#1 &amp; MissingResourceFailureException#MissingResourceFailureException(java.lang.String, java.lang.Object[], java.lang.Exception, com.sun.org.apache.xml.internal.security.signature.Reference)#1 &amp; ReferenceNotInitializedException#ReferenceNotInitializedException(java.lang.String, java.lang.Object[], java.lang.Exception)#1&quot;, &quot;msgID := InvalidDigestValueException#InvalidDigestValueException(java.lang.String, java.lang.Object[], java.lang.Exception)#0 &amp; InvalidSignatureValueException#InvalidSignatureValueException(java.lang.String, java.lang.Object[], java.lang.Exception)#0 &amp; MissingResourceFailureException#MissingResourceFailureException(java.lang.String, java.lang.Object[], java.lang.Exception, com.sun.org.apache.xml.internal.security.signature.Reference)#0 &amp; ReferenceNotInitializedException#ReferenceNotInitializedException(java.lang.String, java.lang.Object[], java.lang.Exception)#0&quot;, &quot;originalException := InvalidDigestValueException#InvalidDigestValueException(java.lang.String, java.lang.Object[], java.lang.Exception)#2 &amp; InvalidSignatureValueException#InvalidSignatureValueException(java.lang.String, java.lang.Object[], java.lang.Exception)#2 &amp; MissingResourceFailureException#MissingResourceFailureException(java.lang.String, java.lang.Object[], java.lang.Exception, com.sun.org.apache.xml.internal.security.signature.Reference)#2 &amp; ReferenceNotInitializedException#ReferenceNotInitializedException(java.lang.String, java.lang.Object[], java.lang.Exception)#2&quot; }"/>
        </annotation>
    </item>
    <item name='com.sun.org.apache.xml.internal.security.signature.XMLSignatureInput'>
        <annotation name='com.intellij.inspections.tainted.annotation.equation.Equations'>
            <val val="{ &quot;XMLSignatureInput := &quot; }"/>
        </annotation>
    </item>
    <item name='com.sun.org.apache.xml.internal.security.signature.XMLSignatureInput XMLSignatureInput(byte[])'>
        <annotation name='com.intellij.inspections.tainted.annotation.equation.Equations'>
            <val val="{ &quot;XMLSignatureInput := XMLSignatureInput&quot; }"/>
        </annotation>
    </item>
    <item name='com.sun.org.apache.xml.internal.security.signature.XMLSignatureInput XMLSignatureInput(java.io.InputStream)'>
        <annotation name='com.intellij.inspections.tainted.annotation.equation.Equations'>
            <val val="{ &quot;inputOctetStream := com.sun.org.apache.xml.internal.security.utils.resolver.implementations.ResolverAnonymous&quot;, &quot;XMLSignatureInput := XMLSignatureInput&quot; }"/>
        </annotation>
    </item>
    <item name='com.sun.org.apache.xml.internal.security.signature.XMLSignatureInput XMLSignatureInput(java.util.Set&lt;org.w3c.dom.Node&gt;)'>
        <annotation name='com.intellij.inspections.tainted.annotation.equation.Equations'>
            <val val="{ &quot;XMLSignatureInput := XMLSignatureInput&quot; }"/>
        </annotation>
    </item>
    <item name='com.sun.org.apache.xml.internal.security.signature.XMLSignatureInput XMLSignatureInput(org.w3c.dom.Node)'>
        <annotation name='com.intellij.inspections.tainted.annotation.equation.Equations'>
            <val val="{ &quot;XMLSignatureInput := XMLSignatureInput&quot; }"/>
        </annotation>
    </item>
    <item name='com.sun.org.apache.xml.internal.security.signature.XMLSignatureInput byte[] getBytes()'>
        <annotation name='com.intellij.inspections.tainted.annotation.equation.Equations'>
            <val val="{ &quot;getBytes := XMLSignatureInput&quot; }"/>
        </annotation>
    </item>
    <item name='com.sun.org.apache.xml.internal.security.signature.XMLSignatureInput byte[] getBytesFromInputStream()'>
        <annotation name='com.intellij.inspections.tainted.annotation.equation.Equations'>
            <val val="{ &quot;getBytesFromInputStream := XMLSignatureInput&quot; }"/>
        </annotation>
    </item>
    <item name='com.sun.org.apache.xml.internal.security.signature.XMLSignatureInput java.io.InputStream getOctetStream()'>
        <annotation name='com.intellij.inspections.tainted.annotation.equation.Equations'>
            <val val="{ &quot;getOctetStream := XMLSignatureInput&quot; }"/>
        </annotation>
    </item>
    <item name='com.sun.org.apache.xml.internal.security.signature.XMLSignatureInput java.io.InputStream getOctetStreamReal()'>
        <annotation name='com.intellij.inspections.tainted.annotation.equation.Equations'>
            <val val="{ &quot;getOctetStreamReal := XMLSignatureInput&quot; }"/>
        </annotation>
    </item>
    <item name='com.sun.org.apache.xml.internal.security.signature.XMLSignatureInput java.lang.String getMIMEType()'>
        <annotation name='com.intellij.inspections.tainted.annotation.equation.Equations'>
            <val val="{ &quot;getMIMEType := XMLSignatureInput&quot; }"/>
        </annotation>
    </item>
    <item name='com.sun.org.apache.xml.internal.security.signature.XMLSignatureInput java.lang.String getSourceURI()'>
        <annotation name='com.intellij.inspections.tainted.annotation.equation.Equations'>
            <val val="{ &quot;getSourceURI := XMLSignatureInput&quot; }"/>
        </annotation>
    </item>
    <item name='com.sun.org.apache.xml.internal.security.signature.XMLSignatureInput java.lang.String toString()'>
        <annotation name='com.intellij.inspections.tainted.annotation.equation.Equations'>
            <val val="{ &quot;toString := XMLSignatureInput&quot; }"/>
        </annotation>
    </item>
    <item name='com.sun.org.apache.xml.internal.security.signature.XMLSignatureInput java.util.List&lt;com.sun.org.apache.xml.internal.security.signature.NodeFilter&gt; getNodeFilters()'>
        <annotation name='com.intellij.inspections.tainted.annotation.equation.Equations'>
            <val val="{ &quot;getNodeFilters := XMLSignatureInput&quot; }"/>
        </annotation>
    </item>
    <item name='com.sun.org.apache.xml.internal.security.signature.XMLSignatureInput java.util.Set&lt;org.w3c.dom.Node&gt; getInputNodeSet()'>
        <annotation name='com.intellij.inspections.tainted.annotation.equation.Equations'>
            <val val="{ &quot;getInputNodeSet := XMLSignatureInput&quot; }"/>
        </annotation>
    </item>
    <item name='com.sun.org.apache.xml.internal.security.signature.XMLSignatureInput java.util.Set&lt;org.w3c.dom.Node&gt; getNodeSet(boolean)'>
        <annotation name='com.intellij.inspections.tainted.annotation.equation.Equations'>
            <val val="{ &quot;getNodeSet := XMLSignatureInput&quot; }"/>
        </annotation>
    </item>
    <item name='com.sun.org.apache.xml.internal.security.signature.XMLSignatureInput org.w3c.dom.Node getExcludeNode()'>
        <annotation name='com.intellij.inspections.tainted.annotation.equation.Equations'>
            <val val="{ &quot;getExcludeNode := XMLSignatureInput&quot; }"/>
        </annotation>
    </item>
    <item name='com.sun.org.apache.xml.internal.security.signature.XMLSignatureInput org.w3c.dom.Node getSubNode()'>
        <annotation name='com.intellij.inspections.tainted.annotation.equation.Equations'>
            <val val="{ &quot;getSubNode := XMLSignatureInput&quot; }"/>
        </annotation>
    </item>
    <item name='com.sun.org.apache.xml.internal.security.signature.XMLSignatureInput void setOutputStream(java.io.OutputStream)'>
        <annotation name='com.intellij.inspections.tainted.annotation.equation.Equations'>
            <val val="{ &quot;os := com.sun.org.apache.xml.internal.security.transforms.implementations.TransformC14N#enginePerformTransform(com.sun.org.apache.xml.internal.security.signature.XMLSignatureInput, java.io.OutputStream, com.sun.org.apache.xml.internal.security.transforms.Transform)#1 &amp; com.sun.org.apache.xml.internal.security.transforms.implementations.TransformXSLT#enginePerformTransform(com.sun.org.apache.xml.internal.security.signature.XMLSignatureInput, java.io.OutputStream, com.sun.org.apache.xml.internal.security.transforms.Transform)#1 &amp; com.sun.org.apache.xml.internal.security.transforms.implementations.TransformC14N11#enginePerformTransform(com.sun.org.apache.xml.internal.security.signature.XMLSignatureInput, java.io.OutputStream, com.sun.org.apache.xml.internal.security.transforms.Transform)#1 &amp; com.sun.org.apache.xml.internal.security.transforms.implementations.TransformBase64Decode#enginePerformTransform(com.sun.org.apache.xml.internal.security.signature.XMLSignatureInput, java.io.OutputStream, com.sun.org.apache.xml.internal.security.transforms.Transform)#1 &amp; com.sun.org.apache.xml.internal.security.transforms.implementations.TransformC14NExclusive#enginePerformTransform(com.sun.org.apache.xml.internal.security.signature.XMLSignatureInput, java.io.OutputStream, com.sun.org.apache.xml.internal.security.transforms.Transform)#1 &amp; com.sun.org.apache.xml.internal.security.transforms.implementations.TransformC14NWithComments#enginePerformTransform(com.sun.org.apache.xml.internal.security.signature.XMLSignatureInput, java.io.OutputStream, com.sun.org.apache.xml.internal.security.transforms.Transform)#1 &amp; com.sun.org.apache.xml.internal.security.transforms.implementations.TransformC14N11_WithComments#enginePerformTransform(com.sun.org.apache.xml.internal.security.signature.XMLSignatureInput, java.io.OutputStream, com.sun.org.apache.xml.internal.security.transforms.Transform)#1&quot; }"/>
        </annotation>
    </item>
    <item name='com.sun.org.apache.xml.internal.security.signature.XMLSignatureInput void updateOutputStream(java.io.OutputStream, boolean)'>
        <annotation name='com.intellij.inspections.tainted.annotation.equation.Equations'>
            <val val="{ &quot;diOs := #updateOutputStream(java.io.OutputStream)#0&quot; }"/>
        </annotation>
    </item>
    <item name='com.sun.org.apache.xml.internal.security.signature.XMLSignatureInputDebugger XMLSignatureInputDebugger(com.sun.org.apache.xml.internal.security.signature.XMLSignatureInput)'>
        <annotation name='com.intellij.inspections.tainted.annotation.equation.Equations'>
            <val val="{ &quot;xmlSignatureInput := XMLSignatureInput &amp; #XMLSignatureInputDebugger(com.sun.org.apache.xml.internal.security.signature.XMLSignatureInput, java.util.Set)#0&quot;, &quot;XMLSignatureInputDebugger := XMLSignatureInputDebugger&quot; }"/>
        </annotation>
    </item>
    <item name='com.sun.org.apache.xml.internal.security.signature.XMLSignatureInputDebugger XMLSignatureInputDebugger(com.sun.org.apache.xml.internal.security.signature.XMLSignatureInput, java.util.Set&lt;java.lang.String&gt;)'>
        <annotation name='com.intellij.inspections.tainted.annotation.equation.Equations'>
            <val val="{ &quot;XMLSignatureInputDebugger := XMLSignatureInputDebugger&quot;, &quot;xmlSignatureInput := XMLSignatureInput&quot;, &quot;inclusiveNamespace := XMLSignatureInput#getHTMLRepresentation(java.util.Set)#0&quot; }"/>
        </annotation>
    </item>
    <item name='com.sun.org.apache.xml.internal.security.signature.XMLSignatureInputDebugger int getPositionRelativeToDocumentElement(org.w3c.dom.Node)'>
        <annotation name='com.intellij.inspections.tainted.annotation.equation.Equations'>
            <val val="{ &quot;currentNode := #canonicalizeXPathNodeSet(org.w3c.dom.Node)#0&quot;, &quot;getPositionRelativeToDocumentElement := #NODE_NOT_BEFORE_OR_AFTER_DOCUMENT_ELEMENT &amp; #NODE_BEFORE_DOCUMENT_ELEMENT &amp; #NODE_AFTER_DOCUMENT_ELEMENT&quot; }"/>
        </annotation>
    </item>
    <item name='com.sun.org.apache.xml.internal.security.signature.XMLSignatureInputDebugger java.lang.String getHTMLRepresentation()'>
        <annotation name='com.intellij.inspections.tainted.annotation.equation.Equations'>
            <val val="{ &quot;getHTMLRepresentation := #HTMLPrefix &amp; #HTMLSuffix&quot; }"/>
        </annotation>
    </item>
    <item name='com.sun.org.apache.xml.internal.security.signature.XMLSignatureInputDebugger void canonicalizeXPathNodeSet(org.w3c.dom.Node)'>
        <annotation name='com.intellij.inspections.tainted.annotation.equation.Equations'>
            <val val="{ &quot;currentNode := XMLSignatureInputDebugger&quot; }"/>
        </annotation>
    </item>
    <item name='com.sun.org.apache.xml.internal.security.signature.XMLSignatureInputDebugger void outputCommentToWriter(org.w3c.dom.Comment)'>
        <annotation name='com.intellij.inspections.tainted.annotation.equation.Equations'>
            <val val="{ &quot;currentComment := #canonicalizeXPathNodeSet(org.w3c.dom.Node)#0&quot; }"/>
        </annotation>
    </item>
    <item name='com.sun.org.apache.xml.internal.security.signature.XMLSignatureInputDebugger void outputPItoWriter(org.w3c.dom.ProcessingInstruction)'>
        <annotation name='com.intellij.inspections.tainted.annotation.equation.Equations'>
            <val val="{ &quot;currentPI := #canonicalizeXPathNodeSet(org.w3c.dom.Node)#0&quot; }"/>
        </annotation>
    </item>
</root>