<root>
    <item name='org.locationtech.jts.math.DD'>
        <annotation name='com.intellij.inspections.tainted.annotation.equation.Equations'>
            <val val="{ &quot;DD := DD &amp; #selfAdd(double)#0 &amp; #SPLIT &amp; #selfMultiply(double, double)#0 &amp; #selfMultiply(double, double)#1 &amp; #init(double)#0 &amp; #init(double, double)#0 &amp; #init(double, double)#1 &amp; #selfAdd(double, double)#0 &amp; #selfAdd(double, double)#1 &amp; #selfDivide(double, double)#0 &amp; #selfDivide(double, double)#1&quot; }"/>
        </annotation>
    </item>
    <item name='org.locationtech.jts.math.DD DD()'>
        <annotation name='com.intellij.inspections.tainted.annotation.equation.Equations'>
            <val val="{ &quot;DD := DD&quot; }"/>
        </annotation>
    </item>
    <item name='org.locationtech.jts.math.DD DD(double)'>
        <annotation name='com.intellij.inspections.tainted.annotation.equation.Equations'>
            <val val="{ &quot;x := #valueOf(double)#0&quot;, &quot;DD := DD&quot; }"/>
        </annotation>
    </item>
    <item name='org.locationtech.jts.math.DD DD(double, double)'>
        <annotation name='com.intellij.inspections.tainted.annotation.equation.Equations'>
            <val val="{ &quot;lo := java.lang.Double#NaN &amp; DD &amp; #SPLIT&quot;, &quot;hi := java.lang.Double#NaN &amp; #SPLIT &amp; DD&quot;, &quot;DD := DD&quot; }"/>
        </annotation>
    </item>
    <item name='org.locationtech.jts.math.DD DD(java.lang.String)'>
        <annotation name='com.intellij.inspections.tainted.annotation.equation.Equations'>
            <val val="{ &quot;DD := DD&quot; }"/>
        </annotation>
    </item>
    <item name='org.locationtech.jts.math.DD DD(org.locationtech.jts.math.DD)'>
        <annotation name='com.intellij.inspections.tainted.annotation.equation.Equations'>
            <val val="{ &quot;dd := #copy(org.locationtech.jts.math.DD)#0 &amp; DD&quot;, &quot;DD := DD&quot; }"/>
        </annotation>
    </item>
    <item name='org.locationtech.jts.math.DD boolean equals(org.locationtech.jts.math.DD)'>
        <annotation name='com.intellij.inspections.tainted.annotation.equation.Equations'>
            <val val="{ &quot;equals := DD&quot; }"/>
        </annotation>
    </item>
    <item name='org.locationtech.jts.math.DD boolean ge(org.locationtech.jts.math.DD)'>
        <annotation name='com.intellij.inspections.tainted.annotation.equation.Equations'>
            <val val="{ &quot;y := #max(org.locationtech.jts.math.DD)#0&quot;, &quot;ge := DD&quot; }"/>
        </annotation>
    </item>
    <item name='org.locationtech.jts.math.DD boolean gt(org.locationtech.jts.math.DD)'>
        <annotation name='com.intellij.inspections.tainted.annotation.equation.Equations'>
            <val val="{ &quot;gt := DD&quot;, &quot;y := #TEN&quot; }"/>
        </annotation>
    </item>
    <item name='org.locationtech.jts.math.DD boolean isNaN()'>
        <annotation name='com.intellij.inspections.tainted.annotation.equation.Equations'>
            <val val="{ &quot;isNaN := &quot; }"/>
        </annotation>
    </item>
    <item name='org.locationtech.jts.math.DD boolean isNegative()'>
        <annotation name='com.intellij.inspections.tainted.annotation.equation.Equations'>
            <val val="{ &quot;isNegative := DD&quot; }"/>
        </annotation>
    </item>
    <item name='org.locationtech.jts.math.DD boolean isPositive()'>
        <annotation name='com.intellij.inspections.tainted.annotation.equation.Equations'>
            <val val="{ &quot;isPositive := DD&quot; }"/>
        </annotation>
    </item>
    <item name='org.locationtech.jts.math.DD boolean isZero()'>
        <annotation name='com.intellij.inspections.tainted.annotation.equation.Equations'>
            <val val="{ &quot;isZero := DD&quot; }"/>
        </annotation>
    </item>
    <item name='org.locationtech.jts.math.DD boolean le(org.locationtech.jts.math.DD)'>
        <annotation name='com.intellij.inspections.tainted.annotation.equation.Equations'>
            <val val="{ &quot;y := #min(org.locationtech.jts.math.DD)#0&quot;, &quot;le := DD&quot; }"/>
        </annotation>
    </item>
    <item name='org.locationtech.jts.math.DD boolean lt(org.locationtech.jts.math.DD)'>
        <annotation name='com.intellij.inspections.tainted.annotation.equation.Equations'>
            <val val="{ &quot;y := #ONE&quot;, &quot;lt := DD&quot; }"/>
        </annotation>
    </item>
    <item name='org.locationtech.jts.math.DD double doubleValue()'>
        <annotation name='com.intellij.inspections.tainted.annotation.equation.Equations'>
            <val val="{ &quot;doubleValue := DD&quot; }"/>
        </annotation>
    </item>
    <item name='org.locationtech.jts.math.DD int compareTo(java.lang.Object)'>
        <annotation name='com.intellij.inspections.tainted.annotation.equation.Equations'>
            <val val="{ &quot;o := java.lang.Comparable#compareTo(java.lang.Object)#0&quot; }"/>
        </annotation>
    </item>
    <item name='org.locationtech.jts.math.DD int intValue()'>
        <annotation name='com.intellij.inspections.tainted.annotation.equation.Equations'>
            <val val="{ &quot;intValue := DD&quot; }"/>
        </annotation>
    </item>
    <item name='org.locationtech.jts.math.DD int magnitude(double)'>
        <annotation name='com.intellij.inspections.tainted.annotation.equation.Equations'>
            <val val="{ &quot;magnitude := &quot;, &quot;x := DD&quot; }"/>
        </annotation>
    </item>
    <item name='org.locationtech.jts.math.DD java.lang.Object clone()'>
        <annotation name='com.intellij.inspections.tainted.annotation.equation.Equations'>
            <val val="{ &quot;clone := &quot; }"/>
        </annotation>
    </item>
    <item name='org.locationtech.jts.math.DD java.lang.String dump()'>
        <annotation name='com.intellij.inspections.tainted.annotation.equation.Equations'>
            <val val="{ &quot;dump := DD&quot; }"/>
        </annotation>
    </item>
    <item name='org.locationtech.jts.math.DD java.lang.String extractSignificantDigits(boolean, int[])'>
        <annotation name='com.intellij.inspections.tainted.annotation.equation.Equations'>
            <val val="{ &quot;extractSignificantDigits := &quot; }"/>
        </annotation>
    </item>
    <item name='org.locationtech.jts.math.DD java.lang.String stringOfChar(char, int)'>
        <annotation name='com.intellij.inspections.tainted.annotation.equation.Equations'>
            <val val="{ &quot;stringOfChar := &quot;, &quot;len := &quot; }"/>
        </annotation>
    </item>
    <item name='org.locationtech.jts.math.DD java.lang.String toSciNotation()'>
        <annotation name='com.intellij.inspections.tainted.annotation.equation.Equations'>
            <val val="{ &quot;toSciNotation := #SCI_NOT_ZERO &amp; #SCI_NOT_EXPONENT_CHAR&quot; }"/>
        </annotation>
    </item>
    <item name='org.locationtech.jts.math.DD java.lang.String toStandardNotation()'>
        <annotation name='com.intellij.inspections.tainted.annotation.equation.Equations'>
            <val val="{ &quot;toStandardNotation := &quot; }"/>
        </annotation>
    </item>
    <item name='org.locationtech.jts.math.DD java.lang.String toString()'>
        <annotation name='com.intellij.inspections.tainted.annotation.equation.Equations'>
            <val val="{ &quot;toString := &quot; }"/>
        </annotation>
    </item>
    <item name='org.locationtech.jts.math.DD org.locationtech.jts.math.DD abs()'>
        <annotation name='com.intellij.inspections.tainted.annotation.equation.Equations'>
            <val val="{ &quot;abs := #NaN&quot; }"/>
        </annotation>
    </item>
    <item name='org.locationtech.jts.math.DD org.locationtech.jts.math.DD add(double)'>
        <annotation name='com.intellij.inspections.tainted.annotation.equation.Equations'>
            <val val="{ &quot;y := &quot;, &quot;add := &quot; }"/>
        </annotation>
    </item>
    <item name='org.locationtech.jts.math.DD org.locationtech.jts.math.DD add(org.locationtech.jts.math.DD)'>
        <annotation name='com.intellij.inspections.tainted.annotation.equation.Equations'>
            <val val="{ &quot;y := &quot;, &quot;add := &quot; }"/>
        </annotation>
    </item>
    <item name='org.locationtech.jts.math.DD org.locationtech.jts.math.DD ceil()'>
        <annotation name='com.intellij.inspections.tainted.annotation.equation.Equations'>
            <val val="{ &quot;ceil := #NaN&quot; }"/>
        </annotation>
    </item>
    <item name='org.locationtech.jts.math.DD org.locationtech.jts.math.DD copy(org.locationtech.jts.math.DD)'>
        <annotation name='com.intellij.inspections.tainted.annotation.equation.Equations'>
            <val val="{ &quot;copy := &quot; }"/>
        </annotation>
    </item>
    <item name='org.locationtech.jts.math.DD org.locationtech.jts.math.DD createNaN()'>
        <annotation name='com.intellij.inspections.tainted.annotation.equation.Equations'>
            <val val="{ &quot;createNaN := &quot; }"/>
        </annotation>
    </item>
    <item name='org.locationtech.jts.math.DD org.locationtech.jts.math.DD divide(double)'>
        <annotation name='com.intellij.inspections.tainted.annotation.equation.Equations'>
            <val val="{ &quot;divide := &quot; }"/>
        </annotation>
    </item>
    <item name='org.locationtech.jts.math.DD org.locationtech.jts.math.DD divide(org.locationtech.jts.math.DD)'>
        <annotation name='com.intellij.inspections.tainted.annotation.equation.Equations'>
            <val val="{ &quot;divide := &quot;, &quot;y := #TEN&quot; }"/>
        </annotation>
    </item>
    <item name='org.locationtech.jts.math.DD org.locationtech.jts.math.DD floor()'>
        <annotation name='com.intellij.inspections.tainted.annotation.equation.Equations'>
            <val val="{ &quot;floor := #NaN&quot; }"/>
        </annotation>
    </item>
    <item name='org.locationtech.jts.math.DD org.locationtech.jts.math.DD max(org.locationtech.jts.math.DD)'>
        <annotation name='com.intellij.inspections.tainted.annotation.equation.Equations'>
            <val val="{ &quot;max := DD &amp; x&quot; }"/>
        </annotation>
    </item>
    <item name='org.locationtech.jts.math.DD org.locationtech.jts.math.DD min(org.locationtech.jts.math.DD)'>
        <annotation name='com.intellij.inspections.tainted.annotation.equation.Equations'>
            <val val="{ &quot;min := DD &amp; x&quot; }"/>
        </annotation>
    </item>
    <item name='org.locationtech.jts.math.DD org.locationtech.jts.math.DD multiply(double)'>
        <annotation name='com.intellij.inspections.tainted.annotation.equation.Equations'>
            <val val="{ &quot;multiply := &quot; }"/>
        </annotation>
    </item>
    <item name='org.locationtech.jts.math.DD org.locationtech.jts.math.DD multiply(org.locationtech.jts.math.DD)'>
        <annotation name='com.intellij.inspections.tainted.annotation.equation.Equations'>
            <val val="{ &quot;multiply := &quot;, &quot;y := DD &amp; #TEN&quot; }"/>
        </annotation>
    </item>
    <item name='org.locationtech.jts.math.DD org.locationtech.jts.math.DD negate()'>
        <annotation name='com.intellij.inspections.tainted.annotation.equation.Equations'>
            <val val="{ &quot;negate := DD&quot; }"/>
        </annotation>
    </item>
    <item name='org.locationtech.jts.math.DD org.locationtech.jts.math.DD parse(java.lang.String)'>
        <annotation name='com.intellij.inspections.tainted.annotation.equation.Equations'>
            <val val="{ &quot;str := #valueOf(java.lang.String)#0 &amp; #DD(java.lang.String)#0&quot;, &quot;parse := &quot; }"/>
        </annotation>
    </item>
    <item name='org.locationtech.jts.math.DD org.locationtech.jts.math.DD pow(int)'>
        <annotation name='com.intellij.inspections.tainted.annotation.equation.Equations'>
            <val val="{ &quot;pow := &quot;, &quot;exp := &quot; }"/>
        </annotation>
    </item>
    <item name='org.locationtech.jts.math.DD org.locationtech.jts.math.DD reciprocal()'>
        <annotation name='com.intellij.inspections.tainted.annotation.equation.Equations'>
            <val val="{ &quot;reciprocal := &quot; }"/>
        </annotation>
    </item>
    <item name='org.locationtech.jts.math.DD org.locationtech.jts.math.DD rint()'>
        <annotation name='com.intellij.inspections.tainted.annotation.equation.Equations'>
            <val val="{ &quot;rint := DD&quot; }"/>
        </annotation>
    </item>
    <item name='org.locationtech.jts.math.DD org.locationtech.jts.math.DD selfAdd(double)'>
        <annotation name='com.intellij.inspections.tainted.annotation.equation.Equations'>
            <val val="{ &quot;selfAdd := DD&quot;, &quot;y := #add(double)#0&quot; }"/>
        </annotation>
    </item>
    <item name='org.locationtech.jts.math.DD org.locationtech.jts.math.DD selfAdd(double, double)'>
        <annotation name='com.intellij.inspections.tainted.annotation.equation.Equations'>
            <val val="{ &quot;selfAdd := DD&quot; }"/>
        </annotation>
    </item>
    <item name='org.locationtech.jts.math.DD org.locationtech.jts.math.DD selfAdd(org.locationtech.jts.math.DD)'>
        <annotation name='com.intellij.inspections.tainted.annotation.equation.Equations'>
            <val val="{ &quot;y := #add(org.locationtech.jts.math.DD)#0 &amp; #TEN&quot;, &quot;selfAdd := &quot; }"/>
        </annotation>
    </item>
    <item name='org.locationtech.jts.math.DD org.locationtech.jts.math.DD selfDivide(double)'>
        <annotation name='com.intellij.inspections.tainted.annotation.equation.Equations'>
            <val val="{ &quot;selfDivide := &quot; }"/>
        </annotation>
    </item>
    <item name='org.locationtech.jts.math.DD org.locationtech.jts.math.DD selfDivide(double, double)'>
        <annotation name='com.intellij.inspections.tainted.annotation.equation.Equations'>
            <val val="{ &quot;yhi := #divide(double)#0 &amp; #selfDivide(double)#0&quot;, &quot;selfDivide := DD&quot; }"/>
        </annotation>
    </item>
    <item name='org.locationtech.jts.math.DD org.locationtech.jts.math.DD selfDivide(org.locationtech.jts.math.DD)'>
        <annotation name='com.intellij.inspections.tainted.annotation.equation.Equations'>
            <val val="{ &quot;selfDivide := &quot; }"/>
        </annotation>
    </item>
    <item name='org.locationtech.jts.math.DD org.locationtech.jts.math.DD selfMultiply(double)'>
        <annotation name='com.intellij.inspections.tainted.annotation.equation.Equations'>
            <val val="{ &quot;selfMultiply := &quot;, &quot;y := #sqr(double)#0&quot; }"/>
        </annotation>
    </item>
    <item name='org.locationtech.jts.math.DD org.locationtech.jts.math.DD selfMultiply(double, double)'>
        <annotation name='com.intellij.inspections.tainted.annotation.equation.Equations'>
            <val val="{ &quot;yhi := #multiply(double)#0 &amp; #selfMultiply(double)#0&quot;, &quot;selfMultiply := DD&quot; }"/>
        </annotation>
    </item>
    <item name='org.locationtech.jts.math.DD org.locationtech.jts.math.DD selfMultiply(org.locationtech.jts.math.DD)'>
        <annotation name='com.intellij.inspections.tainted.annotation.equation.Equations'>
            <val val="{ &quot;y := #multiply(org.locationtech.jts.math.DD)#0 &amp; DD &amp; #TEN&quot;, &quot;selfMultiply := &quot; }"/>
        </annotation>
    </item>
    <item name='org.locationtech.jts.math.DD org.locationtech.jts.math.DD selfSqr()'>
        <annotation name='com.intellij.inspections.tainted.annotation.equation.Equations'>
            <val val="{ &quot;selfSqr := &quot; }"/>
        </annotation>
    </item>
    <item name='org.locationtech.jts.math.DD org.locationtech.jts.math.DD selfSubtract(double)'>
        <annotation name='com.intellij.inspections.tainted.annotation.equation.Equations'>
            <val val="{ &quot;selfSubtract := DD&quot; }"/>
        </annotation>
    </item>
    <item name='org.locationtech.jts.math.DD org.locationtech.jts.math.DD selfSubtract(org.locationtech.jts.math.DD)'>
        <annotation name='com.intellij.inspections.tainted.annotation.equation.Equations'>
            <val val="{ &quot;selfSubtract := DD&quot; }"/>
        </annotation>
    </item>
    <item name='org.locationtech.jts.math.DD org.locationtech.jts.math.DD setValue(double)'>
        <annotation name='com.intellij.inspections.tainted.annotation.equation.Equations'>
            <val val="{ &quot;setValue := DD&quot; }"/>
        </annotation>
    </item>
    <item name='org.locationtech.jts.math.DD org.locationtech.jts.math.DD setValue(org.locationtech.jts.math.DD)'>
        <annotation name='com.intellij.inspections.tainted.annotation.equation.Equations'>
            <val val="{ &quot;setValue := DD&quot; }"/>
        </annotation>
    </item>
    <item name='org.locationtech.jts.math.DD org.locationtech.jts.math.DD sqr()'>
        <annotation name='com.intellij.inspections.tainted.annotation.equation.Equations'>
            <val val="{ &quot;sqr := &quot; }"/>
        </annotation>
    </item>
    <item name='org.locationtech.jts.math.DD org.locationtech.jts.math.DD sqr(double)'>
        <annotation name='com.intellij.inspections.tainted.annotation.equation.Equations'>
            <val val="{ &quot;sqr := &quot; }"/>
        </annotation>
    </item>
    <item name='org.locationtech.jts.math.DD org.locationtech.jts.math.DD sqrt()'>
        <annotation name='com.intellij.inspections.tainted.annotation.equation.Equations'>
            <val val="{ &quot;sqrt := #NaN&quot; }"/>
        </annotation>
    </item>
    <item name='org.locationtech.jts.math.DD org.locationtech.jts.math.DD sqrt(double)'>
        <annotation name='com.intellij.inspections.tainted.annotation.equation.Equations'>
            <val val="{ &quot;sqrt := &quot; }"/>
        </annotation>
    </item>
    <item name='org.locationtech.jts.math.DD org.locationtech.jts.math.DD subtract(double)'>
        <annotation name='com.intellij.inspections.tainted.annotation.equation.Equations'>
            <val val="{ &quot;subtract := &quot; }"/>
        </annotation>
    </item>
    <item name='org.locationtech.jts.math.DD org.locationtech.jts.math.DD subtract(org.locationtech.jts.math.DD)'>
        <annotation name='com.intellij.inspections.tainted.annotation.equation.Equations'>
            <val val="{ &quot;y := &quot;, &quot;subtract := &quot; }"/>
        </annotation>
    </item>
    <item name='org.locationtech.jts.math.DD org.locationtech.jts.math.DD trunc()'>
        <annotation name='com.intellij.inspections.tainted.annotation.equation.Equations'>
            <val val="{ &quot;trunc := #NaN&quot; }"/>
        </annotation>
    </item>
    <item name='org.locationtech.jts.math.DD org.locationtech.jts.math.DD valueOf(double)'>
        <annotation name='com.intellij.inspections.tainted.annotation.equation.Equations'>
            <val val="{ &quot;valueOf := &quot;, &quot;x := DD&quot; }"/>
        </annotation>
    </item>
    <item name='org.locationtech.jts.math.DD org.locationtech.jts.math.DD valueOf(java.lang.String)'>
        <annotation name='com.intellij.inspections.tainted.annotation.equation.Equations'>
            <val val="{ &quot;valueOf := &quot; }"/>
        </annotation>
    </item>
    <item name='org.locationtech.jts.math.DD void init(double)'>
        <annotation name='com.intellij.inspections.tainted.annotation.equation.Equations'>
            <val val="{ &quot;x := #DD(double)#0 &amp; #setValue(double)#0&quot; }"/>
        </annotation>
    </item>
    <item name='org.locationtech.jts.math.DD void init(double, double)'>
        <annotation name='com.intellij.inspections.tainted.annotation.equation.Equations'>
            <val val="{ &quot;lo := #DD(double, double)#1&quot;, &quot;hi := #DD(double, double)#0&quot; }"/>
        </annotation>
    </item>
    <item name='org.locationtech.jts.math.DD void init(org.locationtech.jts.math.DD)'>
        <annotation name='com.intellij.inspections.tainted.annotation.equation.Equations'>
            <val val="{ &quot;dd := #DD(org.locationtech.jts.math.DD)#0 &amp; #setValue(org.locationtech.jts.math.DD)#0&quot; }"/>
        </annotation>
    </item>
    <item name='org.locationtech.jts.math.MathUtil double max(double, double, double, double)'>
        <annotation name='com.intellij.inspections.tainted.annotation.equation.Equations'>
            <val val="{ &quot;v3 := &quot;, &quot;max := v1 &amp; v2 &amp; v3 &amp; v4&quot;, &quot;v4 := &quot;, &quot;v2 := &quot;, &quot;v1 := &quot; }"/>
        </annotation>
    </item>
    <item name='org.locationtech.jts.math.MathUtil double min(double, double, double, double)'>
        <annotation name='com.intellij.inspections.tainted.annotation.equation.Equations'>
            <val val="{ &quot;v3 := &quot;, &quot;min := v1 &amp; v2 &amp; v3 &amp; v4&quot;, &quot;v4 := &quot;, &quot;v1 := &quot;, &quot;v2 := &quot; }"/>
        </annotation>
    </item>
    <item name='org.locationtech.jts.math.MathUtil int clamp(int, int, int)'>
        <annotation name='com.intellij.inspections.tainted.annotation.equation.Equations'>
            <val val="{ &quot;x := org.locationtech.jts.geom.CoordinateArrays#extract(org.locationtech.jts.geom.Coordinate[], int, int)#1 &amp; org.locationtech.jts.geom.CoordinateArrays#extract(org.locationtech.jts.geom.Coordinate[], int, int)#2&quot;, &quot;clamp := min &amp; max &amp; x&quot; }"/>
        </annotation>
    </item>
</root>