<root>
    <item name='org.objenesis.Objenesis T newInstance(java.lang.Class&lt;T&gt;)'>
        <annotation name='com.intellij.inspections.tainted.annotation.equation.Equations'>
            <val val="{ &quot;clazz := ObjenesisHelper#newInstance(java.lang.Class)#0&quot; }"/>
        </annotation>
    </item>
    <item name='org.objenesis.ObjenesisHelper T newInstance(java.lang.Class&lt;T&gt;)'>
        <annotation name='com.intellij.inspections.tainted.annotation.equation.Equations'>
            <val val="{ &quot;clazz := org.mockito.internal.stubbing.StubberImpl#doThrow(java.lang.Class)#0&quot;, &quot;newInstance := &quot; }"/>
        </annotation>
    </item>
</root>