<root>
    <item name='javax.xml.crypto.dsig.dom.DOMSignContext DOMSignContext(javax.xml.crypto.KeySelector, org.w3c.dom.Node)'>
        <annotation name='com.intellij.inspections.tainted.annotation.equation.Equations'>
            <val val="{ &quot;DOMSignContext := DOMSignContext&quot; }"/>
        </annotation>
    </item>
    <item name='javax.xml.crypto.dsig.dom.DOMSignContext DOMSignContext(javax.xml.crypto.KeySelector, org.w3c.dom.Node, org.w3c.dom.Node)'>
        <annotation name='com.intellij.inspections.tainted.annotation.equation.Equations'>
            <val val="{ &quot;DOMSignContext := DOMSignContext&quot; }"/>
        </annotation>
    </item>
    <item name='javax.xml.crypto.dsig.dom.DOMValidateContext DOMValidateContext(java.security.Key, org.w3c.dom.Node)'>
        <annotation name='com.intellij.inspections.tainted.annotation.equation.Equations'>
            <val val="{ &quot;DOMValidateContext := DOMValidateContext&quot; }"/>
        </annotation>
    </item>
    <item name='javax.xml.crypto.dsig.dom.DOMValidateContext DOMValidateContext(javax.xml.crypto.KeySelector, org.w3c.dom.Node)'>
        <annotation name='com.intellij.inspections.tainted.annotation.equation.Equations'>
            <val val="{ &quot;DOMValidateContext := DOMValidateContext&quot; }"/>
        </annotation>
    </item>
    <item name='javax.xml.crypto.dsig.dom.DOMValidateContext void init(org.w3c.dom.Node, javax.xml.crypto.KeySelector)'>
        <annotation name='com.intellij.inspections.tainted.annotation.equation.Equations'>
            <val val="{ &quot;ks := #DOMValidateContext(javax.xml.crypto.KeySelector, org.w3c.dom.Node)#0&quot;, &quot;node := #DOMValidateContext(javax.xml.crypto.KeySelector, org.w3c.dom.Node)#1 &amp; #DOMValidateContext(java.security.Key, org.w3c.dom.Node)#1&quot; }"/>
        </annotation>
    </item>
</root>