<root>
    <item name='javax.xml.bind.helpers.AbstractMarshallerImpl'>
        <annotation name='com.intellij.inspections.tainted.annotation.equation.Equations'>
            <val val="{ &quot;AbstractMarshallerImpl := #setEventHandler(javax.xml.bind.ValidationEventHandler)#0&quot; }"/>
        </annotation>
    </item>
    <item name='javax.xml.bind.helpers.AbstractMarshallerImpl java.lang.Object getProperty(java.lang.String)'>
        <annotation name='com.intellij.inspections.tainted.annotation.equation.Equations'>
            <val val="{ &quot;getProperty := java.lang.Boolean#TRUE &amp; java.lang.Boolean#FALSE&quot; }"/>
        </annotation>
    </item>
    <item name='javax.xml.bind.helpers.AbstractMarshallerImpl java.lang.String getEncoding()'>
        <annotation name='com.intellij.inspections.tainted.annotation.equation.Equations'>
            <val val="{ &quot;getEncoding := AbstractMarshallerImpl&quot; }"/>
        </annotation>
    </item>
    <item name='javax.xml.bind.helpers.AbstractMarshallerImpl java.lang.String getJavaEncoding(java.lang.String)'>
        <annotation name='com.intellij.inspections.tainted.annotation.equation.Equations'>
            <val val="{ &quot;getJavaEncoding := encoding &amp; AbstractMarshallerImpl&quot; }"/>
        </annotation>
    </item>
    <item name='javax.xml.bind.helpers.AbstractMarshallerImpl java.lang.String getNoNSSchemaLocation()'>
        <annotation name='com.intellij.inspections.tainted.annotation.equation.Equations'>
            <val val="{ &quot;getNoNSSchemaLocation := AbstractMarshallerImpl&quot; }"/>
        </annotation>
    </item>
    <item name='javax.xml.bind.helpers.AbstractMarshallerImpl java.lang.String getSchemaLocation()'>
        <annotation name='com.intellij.inspections.tainted.annotation.equation.Equations'>
            <val val="{ &quot;getSchemaLocation := AbstractMarshallerImpl&quot; }"/>
        </annotation>
    </item>
    <item name='javax.xml.bind.helpers.AbstractMarshallerImpl javax.xml.bind.ValidationEventHandler getEventHandler()'>
        <annotation name='com.intellij.inspections.tainted.annotation.equation.Equations'>
            <val val="{ &quot;getEventHandler := AbstractMarshallerImpl&quot; }"/>
        </annotation>
    </item>
    <item name='javax.xml.bind.helpers.AbstractMarshallerImpl void checkBoolean(java.lang.String, java.lang.Object)'>
        <annotation name='com.intellij.inspections.tainted.annotation.equation.Equations'>
            <val val="{ &quot;name := #setProperty(java.lang.String, java.lang.Object)#0&quot;, &quot;value := #setProperty(java.lang.String, java.lang.Object)#1&quot; }"/>
        </annotation>
    </item>
    <item name='javax.xml.bind.helpers.AbstractMarshallerImpl void checkNotNull(java.lang.Object, java.lang.String, java.lang.Object, java.lang.String)'>
        <annotation name='com.intellij.inspections.tainted.annotation.equation.Equations'>
            <val val="{ &quot;o1 := #marshal(java.lang.Object, java.io.OutputStream)#0 &amp; #marshal(java.lang.Object, java.io.File)#0 &amp; #marshal(java.lang.Object, java.io.Writer)#0 &amp; #marshal(java.lang.Object, org.xml.sax.ContentHandler)#0 &amp; #marshal(java.lang.Object, org.w3c.dom.Node)#0 &amp; #getNode(java.lang.Object)#0&quot;, &quot;o2 := #marshal(java.lang.Object, java.io.OutputStream)#1 &amp; #marshal(java.lang.Object, java.io.File)#1 &amp; #marshal(java.lang.Object, java.io.Writer)#1 &amp; #marshal(java.lang.Object, org.xml.sax.ContentHandler)#1 &amp; #marshal(java.lang.Object, org.w3c.dom.Node)#1 &amp; java.lang.Boolean#TRUE&quot; }"/>
        </annotation>
    </item>
    <item name='javax.xml.bind.helpers.AbstractMarshallerImpl void checkString(java.lang.String, java.lang.Object)'>
        <annotation name='com.intellij.inspections.tainted.annotation.equation.Equations'>
            <val val="{ &quot;value := #setProperty(java.lang.String, java.lang.Object)#1&quot;, &quot;name := #setProperty(java.lang.String, java.lang.Object)#0&quot; }"/>
        </annotation>
    </item>
    <item name='javax.xml.bind.helpers.AbstractMarshallerImpl void setAdapter(java.lang.Class&lt;A&gt;, A)'>
        <annotation name='com.intellij.inspections.tainted.annotation.equation.Equations'>
            <val val="{ &quot;adapter := #setAdapter(javax.xml.bind.annotation.adapters.XmlAdapter)#0&quot;, &quot;type := &quot; }"/>
        </annotation>
    </item>
    <item name='javax.xml.bind.helpers.AbstractMarshallerImpl void setEncoding(java.lang.String)'>
        <annotation name='com.intellij.inspections.tainted.annotation.equation.Equations'>
            <val val="{ &quot;encoding := #setProperty(java.lang.String, java.lang.Object)#1&quot; }"/>
        </annotation>
    </item>
    <item name='javax.xml.bind.helpers.AbstractMarshallerImpl void setNoNSSchemaLocation(java.lang.String)'>
        <annotation name='com.intellij.inspections.tainted.annotation.equation.Equations'>
            <val val="{ &quot;location := #setProperty(java.lang.String, java.lang.Object)#1&quot; }"/>
        </annotation>
    </item>
    <item name='javax.xml.bind.helpers.AbstractMarshallerImpl void setSchemaLocation(java.lang.String)'>
        <annotation name='com.intellij.inspections.tainted.annotation.equation.Equations'>
            <val val="{ &quot;location := #setProperty(java.lang.String, java.lang.Object)#1&quot; }"/>
        </annotation>
    </item>
    <item name='javax.xml.bind.helpers.DefaultValidationEventHandler java.lang.String getLocation(javax.xml.bind.ValidationEvent)'>
        <annotation name='com.intellij.inspections.tainted.annotation.equation.Equations'>
            <val val="{ &quot;event := #handleEvent(javax.xml.bind.ValidationEvent)#0&quot; }"/>
        </annotation>
    </item>
    <item name='javax.xml.bind.helpers.Messages java.lang.String format(java.lang.String)'>
        <annotation name='com.intellij.inspections.tainted.annotation.equation.Equations'>
            <val val="{ &quot;property := #WARNING &amp; #ERROR &amp; #FATAL_ERROR &amp; #LOCATION_UNAVAILABLE&quot; }"/>
        </annotation>
    </item>
    <item name='javax.xml.bind.helpers.Messages java.lang.String format(java.lang.String, java.lang.Object, java.lang.Object, java.lang.Object)'>
        <annotation name='com.intellij.inspections.tainted.annotation.equation.Equations'>
            <val val="{ &quot;arg1 := &quot;, &quot;property := #SEVERITY_MESSAGE&quot;, &quot;arg2 := &quot;, &quot;arg3 := &quot; }"/>
        </annotation>
    </item>
    <item name='javax.xml.bind.helpers.Messages java.lang.String format(java.lang.String, java.lang.Object[])'>
        <annotation name='com.intellij.inspections.tainted.annotation.equation.Equations'>
            <val val="{ &quot;args := #format(java.lang.String, java.lang.Object)#1 &amp; #format(java.lang.String, java.lang.Object, java.lang.Object)#1 &amp; #format(java.lang.String, java.lang.Object, java.lang.Object)#2 &amp; #format(java.lang.String, java.lang.Object, java.lang.Object, java.lang.Object)#1 &amp; #format(java.lang.String, java.lang.Object, java.lang.Object, java.lang.Object)#2 &amp; #format(java.lang.String, java.lang.Object, java.lang.Object, java.lang.Object)#3&quot;, &quot;property := #format(java.lang.String)#0 &amp; #format(java.lang.String, java.lang.Object)#0 &amp; #format(java.lang.String, java.lang.Object, java.lang.Object)#0 &amp; #format(java.lang.String, java.lang.Object, java.lang.Object, java.lang.Object)#0&quot; }"/>
        </annotation>
    </item>
    <item name='javax.xml.bind.helpers.NotIdentifiableEventImpl NotIdentifiableEventImpl(int, java.lang.String, javax.xml.bind.ValidationEventLocator)'>
        <annotation name='com.intellij.inspections.tainted.annotation.equation.Equations'>
            <val val="{ &quot;NotIdentifiableEventImpl := NotIdentifiableEventImpl&quot; }"/>
        </annotation>
    </item>
    <item name='javax.xml.bind.helpers.NotIdentifiableEventImpl NotIdentifiableEventImpl(int, java.lang.String, javax.xml.bind.ValidationEventLocator, java.lang.Throwable)'>
        <annotation name='com.intellij.inspections.tainted.annotation.equation.Equations'>
            <val val="{ &quot;NotIdentifiableEventImpl := NotIdentifiableEventImpl&quot; }"/>
        </annotation>
    </item>
    <item name='javax.xml.bind.helpers.ParseConversionEventImpl ParseConversionEventImpl(int, java.lang.String, javax.xml.bind.ValidationEventLocator)'>
        <annotation name='com.intellij.inspections.tainted.annotation.equation.Equations'>
            <val val="{ &quot;ParseConversionEventImpl := ParseConversionEventImpl&quot; }"/>
        </annotation>
    </item>
    <item name='javax.xml.bind.helpers.ParseConversionEventImpl ParseConversionEventImpl(int, java.lang.String, javax.xml.bind.ValidationEventLocator, java.lang.Throwable)'>
        <annotation name='com.intellij.inspections.tainted.annotation.equation.Equations'>
            <val val="{ &quot;ParseConversionEventImpl := ParseConversionEventImpl&quot; }"/>
        </annotation>
    </item>
    <item name='javax.xml.bind.helpers.PrintConversionEventImpl PrintConversionEventImpl(int, java.lang.String, javax.xml.bind.ValidationEventLocator)'>
        <annotation name='com.intellij.inspections.tainted.annotation.equation.Equations'>
            <val val="{ &quot;PrintConversionEventImpl := PrintConversionEventImpl&quot; }"/>
        </annotation>
    </item>
    <item name='javax.xml.bind.helpers.PrintConversionEventImpl PrintConversionEventImpl(int, java.lang.String, javax.xml.bind.ValidationEventLocator, java.lang.Throwable)'>
        <annotation name='com.intellij.inspections.tainted.annotation.equation.Equations'>
            <val val="{ &quot;PrintConversionEventImpl := PrintConversionEventImpl&quot; }"/>
        </annotation>
    </item>
    <item name='javax.xml.bind.helpers.ValidationEventImpl'>
        <annotation name='com.intellij.inspections.tainted.annotation.equation.Equations'>
            <val val="{ &quot;ValidationEventImpl := #setMessage(java.lang.String)#0 &amp; #setLinkedException(java.lang.Throwable)#0 &amp; #setLocator(javax.xml.bind.ValidationEventLocator)#0&quot; }"/>
        </annotation>
    </item>
    <item name='javax.xml.bind.helpers.ValidationEventImpl ValidationEventImpl(int, java.lang.String, javax.xml.bind.ValidationEventLocator)'>
        <annotation name='com.intellij.inspections.tainted.annotation.equation.Equations'>
            <val val="{ &quot;_message := NotIdentifiableEventImpl#NotIdentifiableEventImpl(int, java.lang.String, javax.xml.bind.ValidationEventLocator)#1 &amp; ParseConversionEventImpl#ParseConversionEventImpl(int, java.lang.String, javax.xml.bind.ValidationEventLocator)#1 &amp; PrintConversionEventImpl#PrintConversionEventImpl(int, java.lang.String, javax.xml.bind.ValidationEventLocator)#1&quot;, &quot;ValidationEventImpl := ValidationEventImpl&quot;, &quot;_locator := NotIdentifiableEventImpl#NotIdentifiableEventImpl(int, java.lang.String, javax.xml.bind.ValidationEventLocator)#2 &amp; ParseConversionEventImpl#ParseConversionEventImpl(int, java.lang.String, javax.xml.bind.ValidationEventLocator)#2 &amp; PrintConversionEventImpl#PrintConversionEventImpl(int, java.lang.String, javax.xml.bind.ValidationEventLocator)#2&quot;, &quot;_severity := NotIdentifiableEventImpl#NotIdentifiableEventImpl(int, java.lang.String, javax.xml.bind.ValidationEventLocator)#0 &amp; ParseConversionEventImpl#ParseConversionEventImpl(int, java.lang.String, javax.xml.bind.ValidationEventLocator)#0 &amp; PrintConversionEventImpl#PrintConversionEventImpl(int, java.lang.String, javax.xml.bind.ValidationEventLocator)#0&quot; }"/>
        </annotation>
    </item>
    <item name='javax.xml.bind.helpers.ValidationEventImpl ValidationEventImpl(int, java.lang.String, javax.xml.bind.ValidationEventLocator, java.lang.Throwable)'>
        <annotation name='com.intellij.inspections.tainted.annotation.equation.Equations'>
            <val val="{ &quot;_linkedException := NotIdentifiableEventImpl#NotIdentifiableEventImpl(int, java.lang.String, javax.xml.bind.ValidationEventLocator, java.lang.Throwable)#3 &amp; ParseConversionEventImpl#ParseConversionEventImpl(int, java.lang.String, javax.xml.bind.ValidationEventLocator, java.lang.Throwable)#3 &amp; PrintConversionEventImpl#PrintConversionEventImpl(int, java.lang.String, javax.xml.bind.ValidationEventLocator, java.lang.Throwable)#3&quot;, &quot;_locator := #ValidationEventImpl(int, java.lang.String, javax.xml.bind.ValidationEventLocator)#2 &amp; NotIdentifiableEventImpl#NotIdentifiableEventImpl(int, java.lang.String, javax.xml.bind.ValidationEventLocator, java.lang.Throwable)#2 &amp; ParseConversionEventImpl#ParseConversionEventImpl(int, java.lang.String, javax.xml.bind.ValidationEventLocator, java.lang.Throwable)#2 &amp; PrintConversionEventImpl#PrintConversionEventImpl(int, java.lang.String, javax.xml.bind.ValidationEventLocator, java.lang.Throwable)#2&quot;, &quot;_message := #ValidationEventImpl(int, java.lang.String, javax.xml.bind.ValidationEventLocator)#1 &amp; NotIdentifiableEventImpl#NotIdentifiableEventImpl(int, java.lang.String, javax.xml.bind.ValidationEventLocator, java.lang.Throwable)#1 &amp; ParseConversionEventImpl#ParseConversionEventImpl(int, java.lang.String, javax.xml.bind.ValidationEventLocator, java.lang.Throwable)#1 &amp; PrintConversionEventImpl#PrintConversionEventImpl(int, java.lang.String, javax.xml.bind.ValidationEventLocator, java.lang.Throwable)#1&quot;, &quot;ValidationEventImpl := ValidationEventImpl&quot;, &quot;_severity := #ValidationEventImpl(int, java.lang.String, javax.xml.bind.ValidationEventLocator)#0 &amp; NotIdentifiableEventImpl#NotIdentifiableEventImpl(int, java.lang.String, javax.xml.bind.ValidationEventLocator, java.lang.Throwable)#0 &amp; ParseConversionEventImpl#ParseConversionEventImpl(int, java.lang.String, javax.xml.bind.ValidationEventLocator, java.lang.Throwable)#0 &amp; PrintConversionEventImpl#PrintConversionEventImpl(int, java.lang.String, javax.xml.bind.ValidationEventLocator, java.lang.Throwable)#0&quot; }"/>
        </annotation>
    </item>
    <item name='javax.xml.bind.helpers.ValidationEventImpl int getSeverity()'>
        <annotation name='com.intellij.inspections.tainted.annotation.equation.Equations'>
            <val val="{ &quot;getSeverity := ValidationEventImpl&quot; }"/>
        </annotation>
    </item>
    <item name='javax.xml.bind.helpers.ValidationEventImpl java.lang.String getMessage()'>
        <annotation name='com.intellij.inspections.tainted.annotation.equation.Equations'>
            <val val="{ &quot;getMessage := ValidationEventImpl&quot; }"/>
        </annotation>
    </item>
    <item name='javax.xml.bind.helpers.ValidationEventImpl java.lang.Throwable getLinkedException()'>
        <annotation name='com.intellij.inspections.tainted.annotation.equation.Equations'>
            <val val="{ &quot;getLinkedException := ValidationEventImpl&quot; }"/>
        </annotation>
    </item>
    <item name='javax.xml.bind.helpers.ValidationEventImpl javax.xml.bind.ValidationEventLocator getLocator()'>
        <annotation name='com.intellij.inspections.tainted.annotation.equation.Equations'>
            <val val="{ &quot;getLocator := ValidationEventImpl&quot; }"/>
        </annotation>
    </item>
    <item name='javax.xml.bind.helpers.ValidationEventImpl void setSeverity(int)'>
        <annotation name='com.intellij.inspections.tainted.annotation.equation.Equations'>
            <val val="{ &quot;_severity := #ValidationEventImpl(int, java.lang.String, javax.xml.bind.ValidationEventLocator, java.lang.Throwable)#0&quot; }"/>
        </annotation>
    </item>
</root>