<root>
    <item name='javax.xml.bind.util.JAXBResult JAXBResult(javax.xml.bind.JAXBContext)'>
        <annotation name='com.intellij.inspections.tainted.annotation.equation.Equations'>
            <val val="{ &quot;JAXBResult := JAXBResult&quot; }"/>
        </annotation>
    </item>
    <item name='javax.xml.bind.util.JAXBResult JAXBResult(javax.xml.bind.Unmarshaller)'>
        <annotation name='com.intellij.inspections.tainted.annotation.equation.Equations'>
            <val val="{ &quot;JAXBResult := JAXBResult&quot; }"/>
        </annotation>
    </item>
    <item name='javax.xml.bind.util.JAXBSource'>
        <annotation name='com.intellij.inspections.tainted.annotation.equation.Equations'>
            <val val="{ &quot;JAXBSource := &quot; }"/>
        </annotation>
    </item>
    <item name='javax.xml.bind.util.JAXBSource JAXBSource(javax.xml.bind.JAXBContext, java.lang.Object)'>
        <annotation name='com.intellij.inspections.tainted.annotation.equation.Equations'>
            <val val="{ &quot;JAXBSource := JAXBSource&quot; }"/>
        </annotation>
    </item>
    <item name='javax.xml.bind.util.JAXBSource JAXBSource(javax.xml.bind.Marshaller, java.lang.Object)'>
        <annotation name='com.intellij.inspections.tainted.annotation.equation.Equations'>
            <val val="{ &quot;contentObject := #JAXBSource(javax.xml.bind.JAXBContext, java.lang.Object)#1&quot;, &quot;JAXBSource := JAXBSource&quot; }"/>
        </annotation>
    </item>
    <item name='javax.xml.bind.util.Messages java.lang.String format(java.lang.String)'>
        <annotation name='com.intellij.inspections.tainted.annotation.equation.Equations'>
            <val val="{ &quot;property := #SOURCE_NULL_CONTEXT &amp; #SOURCE_NULL_CONTENT&quot; }"/>
        </annotation>
    </item>
    <item name='javax.xml.bind.util.Messages java.lang.String format(java.lang.String, java.lang.Object)'>
        <annotation name='com.intellij.inspections.tainted.annotation.equation.Equations'>
            <val val="{ &quot;property := #UNRECOGNIZED_SEVERITY&quot;, &quot;arg1 := &quot; }"/>
        </annotation>
    </item>
    <item name='javax.xml.bind.util.Messages java.lang.String format(java.lang.String, java.lang.Object[])'>
        <annotation name='com.intellij.inspections.tainted.annotation.equation.Equations'>
            <val val="{ &quot;property := #format(java.lang.String)#0 &amp; #format(java.lang.String, java.lang.Object)#0 &amp; #format(java.lang.String, java.lang.Object, java.lang.Object)#0 &amp; #format(java.lang.String, java.lang.Object, java.lang.Object, java.lang.Object)#0&quot;, &quot;args := #format(java.lang.String, java.lang.Object)#1 &amp; #format(java.lang.String, java.lang.Object, java.lang.Object)#1 &amp; #format(java.lang.String, java.lang.Object, java.lang.Object)#2 &amp; #format(java.lang.String, java.lang.Object, java.lang.Object, java.lang.Object)#1 &amp; #format(java.lang.String, java.lang.Object, java.lang.Object, java.lang.Object)#2 &amp; #format(java.lang.String, java.lang.Object, java.lang.Object, java.lang.Object)#3&quot; }"/>
        </annotation>
    </item>
    <item name='javax.xml.bind.util.ValidationEventCollector'>
        <annotation name='com.intellij.inspections.tainted.annotation.equation.Equations'>
            <val val="{ &quot;ValidationEventCollector := &quot; }"/>
        </annotation>
    </item>
    <item name='javax.xml.bind.util.ValidationEventCollector void _assert(boolean, java.lang.String)'>
        <annotation name='com.intellij.inspections.tainted.annotation.equation.Equations'>
            <val val="{ &quot;msg := &quot; }"/>
        </annotation>
    </item>
</root>