<root>
    <item name='org.omg.CosNaming.BindingIteratorOperations boolean next_n(int, org.omg.CosNaming.BindingListHolder)'>
        <annotation name='com.intellij.inspections.tainted.annotation.equation.Equations'>
            <val val="{ &quot;next_n := com.sun.corba.se.impl.naming.cosnaming.BindingIteratorImpl#next_n(int, org.omg.CosNaming.BindingListHolder) &amp; _BindingIteratorStub#next_n(int, org.omg.CosNaming.BindingListHolder)&quot; }"/>
        </annotation>
    </item>
    <item name='org.omg.CosNaming.BindingIteratorOperations boolean next_one(org.omg.CosNaming.BindingHolder)'>
        <annotation name='com.intellij.inspections.tainted.annotation.equation.Equations'>
            <val val="{ &quot;next_one := com.sun.corba.se.impl.naming.cosnaming.BindingIteratorImpl#next_one(org.omg.CosNaming.BindingHolder) &amp; _BindingIteratorStub#next_one(org.omg.CosNaming.BindingHolder)&quot; }"/>
        </annotation>
    </item>
    <item name='org.omg.CosNaming.BindingIteratorPOA'>
        <annotation name='com.intellij.inspections.tainted.annotation.equation.Equations'>
            <val val="{ &quot;BindingIteratorPOA := &quot; }"/>
        </annotation>
    </item>
    <item name='org.omg.CosNaming.BindingIteratorPOA java.lang.String[] _all_interfaces(org.omg.PortableServer.POA, byte[])'>
        <annotation name='com.intellij.inspections.tainted.annotation.equation.Equations'>
            <val val="{ &quot;_all_interfaces := BindingIteratorPOA&quot;, &quot;objectId := org.omg.PortableServer.Servant#_all_interfaces(org.omg.PortableServer.POA, byte[])#1 &amp; org.omg.PortableServer.Servant#_all_interfaces(org.omg.PortableServer.POA, byte[])#1&quot;, &quot;poa := org.omg.PortableServer.Servant#_all_interfaces(org.omg.PortableServer.POA, byte[])#0 &amp; org.omg.PortableServer.Servant#_all_interfaces(org.omg.PortableServer.POA, byte[])#0&quot; }"/>
        </annotation>
    </item>
    <item name='org.omg.CosNaming.BindingIteratorPOA org.omg.CORBA.portable.OutputStream _invoke(java.lang.String, org.omg.CORBA.portable.InputStream, org.omg.CORBA.portable.ResponseHandler)'>
        <annotation name='com.intellij.inspections.tainted.annotation.equation.Equations'>
            <val val="{ &quot;$rh := org.omg.CORBA.portable.InvokeHandler#_invoke(java.lang.String, org.omg.CORBA.portable.InputStream, org.omg.CORBA.portable.ResponseHandler)#2 &amp; org.omg.CORBA.portable.InvokeHandler#_invoke(java.lang.String, org.omg.CORBA.portable.InputStream, org.omg.CORBA.portable.ResponseHandler)#2&quot;, &quot;$method := org.omg.CORBA.portable.InvokeHandler#_invoke(java.lang.String, org.omg.CORBA.portable.InputStream, org.omg.CORBA.portable.ResponseHandler)#0 &amp; org.omg.CORBA.portable.InvokeHandler#_invoke(java.lang.String, org.omg.CORBA.portable.InputStream, org.omg.CORBA.portable.ResponseHandler)#0&quot;, &quot;in := org.omg.CORBA.portable.InvokeHandler#_invoke(java.lang.String, org.omg.CORBA.portable.InputStream, org.omg.CORBA.portable.ResponseHandler)#1 &amp; org.omg.CORBA.portable.InvokeHandler#_invoke(java.lang.String, org.omg.CORBA.portable.InputStream, org.omg.CORBA.portable.ResponseHandler)#1&quot; }"/>
        </annotation>
    </item>
    <item name='org.omg.CosNaming.BindingType BindingType(int)'>
        <annotation name='com.intellij.inspections.tainted.annotation.equation.Equations'>
            <val val="{ &quot;BindingType := BindingType&quot;, &quot;value := #_nobject &amp; #_ncontext&quot; }"/>
        </annotation>
    </item>
    <item name='org.omg.CosNaming.BindingType int value()'>
        <annotation name='com.intellij.inspections.tainted.annotation.equation.Equations'>
            <val val="{ &quot;value := BindingType&quot; }"/>
        </annotation>
    </item>
    <item name='org.omg.CosNaming.BindingType org.omg.CosNaming.BindingType from_int(int)'>
        <annotation name='com.intellij.inspections.tainted.annotation.equation.Equations'>
            <val val="{ &quot;from_int := BindingType&quot; }"/>
        </annotation>
    </item>
    <item name='org.omg.CosNaming.NamingContextExtOperations java.lang.String to_string(org.omg.CosNaming.NameComponent[])'>
        <annotation name='com.intellij.inspections.tainted.annotation.equation.Equations'>
            <val val="{ &quot;to_string := com.sun.corba.se.impl.naming.cosnaming.NamingContextImpl#to_string(org.omg.CosNaming.NameComponent[]) &amp; com.sun.corba.se.impl.naming.pcosnaming.NamingContextImpl#to_string(org.omg.CosNaming.NameComponent[]) &amp; _NamingContextExtStub#to_string(org.omg.CosNaming.NameComponent[])&quot; }"/>
        </annotation>
    </item>
    <item name='org.omg.CosNaming.NamingContextExtOperations java.lang.String to_url(java.lang.String, java.lang.String)'>
        <annotation name='com.intellij.inspections.tainted.annotation.equation.Equations'>
            <val val="{ &quot;to_url := com.sun.corba.se.impl.naming.pcosnaming.NamingContextImpl#to_url(java.lang.String, java.lang.String) &amp; com.sun.corba.se.impl.naming.cosnaming.NamingContextImpl#to_url(java.lang.String, java.lang.String) &amp; _NamingContextExtStub#to_url(java.lang.String, java.lang.String)&quot; }"/>
        </annotation>
    </item>
    <item name='org.omg.CosNaming.NamingContextExtOperations org.omg.CORBA.Object resolve_str(java.lang.String)'>
        <annotation name='com.intellij.inspections.tainted.annotation.equation.Equations'>
            <val val="{ &quot;resolve_str := com.sun.corba.se.impl.naming.cosnaming.NamingContextImpl#resolve_str(java.lang.String) &amp; com.sun.corba.se.impl.naming.pcosnaming.NamingContextImpl#resolve_str(java.lang.String) &amp; _NamingContextExtStub#resolve_str(java.lang.String)&quot; }"/>
        </annotation>
    </item>
    <item name='org.omg.CosNaming.NamingContextExtOperations org.omg.CosNaming.NameComponent[] to_name(java.lang.String)'>
        <annotation name='com.intellij.inspections.tainted.annotation.equation.Equations'>
            <val val="{ &quot;to_name := com.sun.corba.se.impl.naming.cosnaming.NamingContextImpl#to_name(java.lang.String) &amp; com.sun.corba.se.impl.naming.pcosnaming.NamingContextImpl#to_name(java.lang.String) &amp; _NamingContextExtStub#to_name(java.lang.String)&quot; }"/>
        </annotation>
    </item>
    <item name='org.omg.CosNaming.NamingContextExtPOA'>
        <annotation name='com.intellij.inspections.tainted.annotation.equation.Equations'>
            <val val="{ &quot;NamingContextExtPOA := &quot; }"/>
        </annotation>
    </item>
    <item name='org.omg.CosNaming.NamingContextExtPOA java.lang.String[] _all_interfaces(org.omg.PortableServer.POA, byte[])'>
        <annotation name='com.intellij.inspections.tainted.annotation.equation.Equations'>
            <val val="{ &quot;objectId := org.omg.PortableServer.Servant#_all_interfaces(org.omg.PortableServer.POA, byte[])#1 &amp; org.omg.PortableServer.Servant#_all_interfaces(org.omg.PortableServer.POA, byte[])#1&quot;, &quot;_all_interfaces := NamingContextExtPOA&quot;, &quot;poa := org.omg.PortableServer.Servant#_all_interfaces(org.omg.PortableServer.POA, byte[])#0 &amp; org.omg.PortableServer.Servant#_all_interfaces(org.omg.PortableServer.POA, byte[])#0&quot; }"/>
        </annotation>
    </item>
    <item name='org.omg.CosNaming.NamingContextExtPOA org.omg.CORBA.portable.OutputStream _invoke(java.lang.String, org.omg.CORBA.portable.InputStream, org.omg.CORBA.portable.ResponseHandler)'>
        <annotation name='com.intellij.inspections.tainted.annotation.equation.Equations'>
            <val val="{ &quot;in := org.omg.CORBA.portable.InvokeHandler#_invoke(java.lang.String, org.omg.CORBA.portable.InputStream, org.omg.CORBA.portable.ResponseHandler)#1 &amp; org.omg.CORBA.portable.InvokeHandler#_invoke(java.lang.String, org.omg.CORBA.portable.InputStream, org.omg.CORBA.portable.ResponseHandler)#1&quot;, &quot;$rh := org.omg.CORBA.portable.InvokeHandler#_invoke(java.lang.String, org.omg.CORBA.portable.InputStream, org.omg.CORBA.portable.ResponseHandler)#2 &amp; org.omg.CORBA.portable.InvokeHandler#_invoke(java.lang.String, org.omg.CORBA.portable.InputStream, org.omg.CORBA.portable.ResponseHandler)#2&quot;, &quot;$method := org.omg.CORBA.portable.InvokeHandler#_invoke(java.lang.String, org.omg.CORBA.portable.InputStream, org.omg.CORBA.portable.ResponseHandler)#0 &amp; org.omg.CORBA.portable.InvokeHandler#_invoke(java.lang.String, org.omg.CORBA.portable.InputStream, org.omg.CORBA.portable.ResponseHandler)#0&quot; }"/>
        </annotation>
    </item>
    <item name='org.omg.CosNaming.NamingContextOperations org.omg.CORBA.Object resolve(org.omg.CosNaming.NameComponent[])'>
        <annotation name='com.intellij.inspections.tainted.annotation.equation.Equations'>
            <val val="{ &quot;resolve := com.sun.corba.se.impl.naming.cosnaming.NamingContextImpl#resolve(org.omg.CosNaming.NameComponent[]) &amp; com.sun.corba.se.impl.naming.pcosnaming.NamingContextImpl#resolve(org.omg.CosNaming.NameComponent[]) &amp; _NamingContextStub#resolve(org.omg.CosNaming.NameComponent[]) &amp; _NamingContextExtStub#resolve(org.omg.CosNaming.NameComponent[])&quot; }"/>
        </annotation>
    </item>
    <item name='org.omg.CosNaming.NamingContextOperations org.omg.CosNaming.NamingContext bind_new_context(org.omg.CosNaming.NameComponent[])'>
        <annotation name='com.intellij.inspections.tainted.annotation.equation.Equations'>
            <val val="{ &quot;bind_new_context := com.sun.corba.se.impl.naming.pcosnaming.NamingContextImpl#bind_new_context(org.omg.CosNaming.NameComponent[]) &amp; com.sun.corba.se.impl.naming.cosnaming.NamingContextImpl#bind_new_context(org.omg.CosNaming.NameComponent[]) &amp; _NamingContextStub#bind_new_context(org.omg.CosNaming.NameComponent[]) &amp; _NamingContextExtStub#bind_new_context(org.omg.CosNaming.NameComponent[])&quot; }"/>
        </annotation>
    </item>
    <item name='org.omg.CosNaming.NamingContextOperations org.omg.CosNaming.NamingContext new_context()'>
        <annotation name='com.intellij.inspections.tainted.annotation.equation.Equations'>
            <val val="{ &quot;new_context := com.sun.corba.se.impl.naming.pcosnaming.NamingContextImpl#new_context() &amp; com.sun.corba.se.impl.naming.cosnaming.NamingContextImpl#new_context() &amp; _NamingContextStub#new_context() &amp; _NamingContextExtStub#new_context()&quot; }"/>
        </annotation>
    </item>
    <item name='org.omg.CosNaming.NamingContextOperations void bind(org.omg.CosNaming.NameComponent[], org.omg.CORBA.Object)'>
        <annotation name='com.intellij.inspections.tainted.annotation.equation.Equations'>
            <val val="{ &quot;obj := com.sun.corba.se.impl.naming.cosnaming.NamingContextImpl#doBind(com.sun.corba.se.impl.naming.cosnaming.NamingContextDataStore, org.omg.CosNaming.NameComponent[], org.omg.CORBA.Object, boolean, org.omg.CosNaming.BindingType)#2 &amp; com.sun.corba.se.impl.naming.pcosnaming.NamingContextImpl#doBind(com.sun.corba.se.impl.naming.cosnaming.NamingContextDataStore, org.omg.CosNaming.NameComponent[], org.omg.CORBA.Object, boolean, org.omg.CosNaming.BindingType)#2&quot; }"/>
        </annotation>
    </item>
    <item name='org.omg.CosNaming.NamingContextOperations void bind_context(org.omg.CosNaming.NameComponent[], org.omg.CosNaming.NamingContext)'>
        <annotation name='com.intellij.inspections.tainted.annotation.equation.Equations'>
            <val val="{ &quot;nc := com.sun.corba.se.impl.naming.cosnaming.NamingContextImpl#doBind(com.sun.corba.se.impl.naming.cosnaming.NamingContextDataStore, org.omg.CosNaming.NameComponent[], org.omg.CORBA.Object, boolean, org.omg.CosNaming.BindingType)#2 &amp; com.sun.corba.se.impl.naming.pcosnaming.NamingContextImpl#doBind(com.sun.corba.se.impl.naming.cosnaming.NamingContextDataStore, org.omg.CosNaming.NameComponent[], org.omg.CORBA.Object, boolean, org.omg.CosNaming.BindingType)#2&quot; }"/>
        </annotation>
    </item>
    <item name='org.omg.CosNaming.NamingContextOperations void rebind(org.omg.CosNaming.NameComponent[], org.omg.CORBA.Object)'>
        <annotation name='com.intellij.inspections.tainted.annotation.equation.Equations'>
            <val val="{ &quot;obj := com.sun.corba.se.impl.naming.cosnaming.NamingContextImpl#doBind(com.sun.corba.se.impl.naming.cosnaming.NamingContextDataStore, org.omg.CosNaming.NameComponent[], org.omg.CORBA.Object, boolean, org.omg.CosNaming.BindingType)#2 &amp; com.sun.corba.se.impl.naming.pcosnaming.NamingContextImpl#doBind(com.sun.corba.se.impl.naming.cosnaming.NamingContextDataStore, org.omg.CosNaming.NameComponent[], org.omg.CORBA.Object, boolean, org.omg.CosNaming.BindingType)#2&quot; }"/>
        </annotation>
    </item>
    <item name='org.omg.CosNaming.NamingContextOperations void rebind_context(org.omg.CosNaming.NameComponent[], org.omg.CosNaming.NamingContext)'>
        <annotation name='com.intellij.inspections.tainted.annotation.equation.Equations'>
            <val val="{ &quot;nc := com.sun.corba.se.impl.naming.cosnaming.NamingContextImpl#doBind(com.sun.corba.se.impl.naming.cosnaming.NamingContextDataStore, org.omg.CosNaming.NameComponent[], org.omg.CORBA.Object, boolean, org.omg.CosNaming.BindingType)#2 &amp; com.sun.corba.se.impl.naming.pcosnaming.NamingContextImpl#doBind(com.sun.corba.se.impl.naming.cosnaming.NamingContextDataStore, org.omg.CosNaming.NameComponent[], org.omg.CORBA.Object, boolean, org.omg.CosNaming.BindingType)#2&quot; }"/>
        </annotation>
    </item>
    <item name='org.omg.CosNaming.NamingContextPOA'>
        <annotation name='com.intellij.inspections.tainted.annotation.equation.Equations'>
            <val val="{ &quot;NamingContextPOA := &quot; }"/>
        </annotation>
    </item>
    <item name='org.omg.CosNaming.NamingContextPOA java.lang.String[] _all_interfaces(org.omg.PortableServer.POA, byte[])'>
        <annotation name='com.intellij.inspections.tainted.annotation.equation.Equations'>
            <val val="{ &quot;poa := org.omg.PortableServer.Servant#_all_interfaces(org.omg.PortableServer.POA, byte[])#0 &amp; org.omg.PortableServer.Servant#_all_interfaces(org.omg.PortableServer.POA, byte[])#0&quot;, &quot;objectId := org.omg.PortableServer.Servant#_all_interfaces(org.omg.PortableServer.POA, byte[])#1 &amp; org.omg.PortableServer.Servant#_all_interfaces(org.omg.PortableServer.POA, byte[])#1&quot;, &quot;_all_interfaces := NamingContextPOA&quot; }"/>
        </annotation>
    </item>
    <item name='org.omg.CosNaming.NamingContextPOA org.omg.CORBA.portable.OutputStream _invoke(java.lang.String, org.omg.CORBA.portable.InputStream, org.omg.CORBA.portable.ResponseHandler)'>
        <annotation name='com.intellij.inspections.tainted.annotation.equation.Equations'>
            <val val="{ &quot;in := org.omg.CORBA.portable.InvokeHandler#_invoke(java.lang.String, org.omg.CORBA.portable.InputStream, org.omg.CORBA.portable.ResponseHandler)#1 &amp; org.omg.CORBA.portable.InvokeHandler#_invoke(java.lang.String, org.omg.CORBA.portable.InputStream, org.omg.CORBA.portable.ResponseHandler)#1&quot;, &quot;$method := org.omg.CORBA.portable.InvokeHandler#_invoke(java.lang.String, org.omg.CORBA.portable.InputStream, org.omg.CORBA.portable.ResponseHandler)#0 &amp; org.omg.CORBA.portable.InvokeHandler#_invoke(java.lang.String, org.omg.CORBA.portable.InputStream, org.omg.CORBA.portable.ResponseHandler)#0&quot;, &quot;$rh := org.omg.CORBA.portable.InvokeHandler#_invoke(java.lang.String, org.omg.CORBA.portable.InputStream, org.omg.CORBA.portable.ResponseHandler)#2 &amp; org.omg.CORBA.portable.InvokeHandler#_invoke(java.lang.String, org.omg.CORBA.portable.InputStream, org.omg.CORBA.portable.ResponseHandler)#2&quot; }"/>
        </annotation>
    </item>
    <item name='org.omg.CosNaming._BindingIteratorStub boolean next_n(int, org.omg.CosNaming.BindingListHolder)'>
        <annotation name='com.intellij.inspections.tainted.annotation.equation.Equations'>
            <val val="{ &quot;bl := BindingIteratorOperations#next_n(int, org.omg.CosNaming.BindingListHolder)#1 &amp; BindingIteratorOperations#next_n(int, org.omg.CosNaming.BindingListHolder)#1&quot;, &quot;how_many := BindingIteratorOperations#next_n(int, org.omg.CosNaming.BindingListHolder)#0 &amp; BindingIteratorOperations#next_n(int, org.omg.CosNaming.BindingListHolder)#0&quot; }"/>
        </annotation>
    </item>
    <item name='org.omg.CosNaming._BindingIteratorStub boolean next_one(org.omg.CosNaming.BindingHolder)'>
        <annotation name='com.intellij.inspections.tainted.annotation.equation.Equations'>
            <val val="{ &quot;b := BindingIteratorOperations#next_one(org.omg.CosNaming.BindingHolder)#0 &amp; BindingIteratorOperations#next_one(org.omg.CosNaming.BindingHolder)#0&quot; }"/>
        </annotation>
    </item>
    <item name='org.omg.CosNaming._NamingContextExtStub java.lang.String to_string(org.omg.CosNaming.NameComponent[])'>
        <annotation name='com.intellij.inspections.tainted.annotation.equation.Equations'>
            <val val="{ &quot;n := NamingContextExtOperations#to_string(org.omg.CosNaming.NameComponent[])#0 &amp; NamingContextExtOperations#to_string(org.omg.CosNaming.NameComponent[])#0&quot; }"/>
        </annotation>
    </item>
    <item name='org.omg.CosNaming._NamingContextExtStub java.lang.String to_url(java.lang.String, java.lang.String)'>
        <annotation name='com.intellij.inspections.tainted.annotation.equation.Equations'>
            <val val="{ &quot;sn := NamingContextExtOperations#to_url(java.lang.String, java.lang.String)#1 &amp; NamingContextExtOperations#to_url(java.lang.String, java.lang.String)#1&quot;, &quot;addr := NamingContextExtOperations#to_url(java.lang.String, java.lang.String)#0 &amp; NamingContextExtOperations#to_url(java.lang.String, java.lang.String)#0&quot; }"/>
        </annotation>
    </item>
    <item name='org.omg.CosNaming._NamingContextExtStub org.omg.CORBA.Object resolve(org.omg.CosNaming.NameComponent[])'>
        <annotation name='com.intellij.inspections.tainted.annotation.equation.Equations'>
            <val val="{ &quot;n := NamingContextOperations#resolve(org.omg.CosNaming.NameComponent[])#0 &amp; NamingContextOperations#resolve(org.omg.CosNaming.NameComponent[])#0&quot; }"/>
        </annotation>
    </item>
    <item name='org.omg.CosNaming._NamingContextExtStub org.omg.CORBA.Object resolve_str(java.lang.String)'>
        <annotation name='com.intellij.inspections.tainted.annotation.equation.Equations'>
            <val val="{ &quot;sn := NamingContextExtOperations#resolve_str(java.lang.String)#0 &amp; NamingContextExtOperations#resolve_str(java.lang.String)#0&quot; }"/>
        </annotation>
    </item>
    <item name='org.omg.CosNaming._NamingContextExtStub org.omg.CosNaming.NameComponent[] to_name(java.lang.String)'>
        <annotation name='com.intellij.inspections.tainted.annotation.equation.Equations'>
            <val val="{ &quot;sn := NamingContextExtOperations#to_name(java.lang.String)#0 &amp; NamingContextExtOperations#to_name(java.lang.String)#0&quot; }"/>
        </annotation>
    </item>
    <item name='org.omg.CosNaming._NamingContextExtStub org.omg.CosNaming.NamingContext bind_new_context(org.omg.CosNaming.NameComponent[])'>
        <annotation name='com.intellij.inspections.tainted.annotation.equation.Equations'>
            <val val="{ &quot;n := NamingContextOperations#bind_new_context(org.omg.CosNaming.NameComponent[])#0 &amp; NamingContextOperations#bind_new_context(org.omg.CosNaming.NameComponent[])#0&quot; }"/>
        </annotation>
    </item>
    <item name='org.omg.CosNaming._NamingContextExtStub void list(int, org.omg.CosNaming.BindingListHolder, org.omg.CosNaming.BindingIteratorHolder)'>
        <annotation name='com.intellij.inspections.tainted.annotation.equation.Equations'>
            <val val="{ &quot;bi := NamingContextOperations#list(int, org.omg.CosNaming.BindingListHolder, org.omg.CosNaming.BindingIteratorHolder)#2 &amp; NamingContextOperations#list(int, org.omg.CosNaming.BindingListHolder, org.omg.CosNaming.BindingIteratorHolder)#2&quot;, &quot;how_many := NamingContextOperations#list(int, org.omg.CosNaming.BindingListHolder, org.omg.CosNaming.BindingIteratorHolder)#0 &amp; NamingContextOperations#list(int, org.omg.CosNaming.BindingListHolder, org.omg.CosNaming.BindingIteratorHolder)#0&quot;, &quot;bl := NamingContextOperations#list(int, org.omg.CosNaming.BindingListHolder, org.omg.CosNaming.BindingIteratorHolder)#1 &amp; NamingContextOperations#list(int, org.omg.CosNaming.BindingListHolder, org.omg.CosNaming.BindingIteratorHolder)#1&quot; }"/>
        </annotation>
    </item>
    <item name='org.omg.CosNaming._NamingContextStub org.omg.CORBA.Object resolve(org.omg.CosNaming.NameComponent[])'>
        <annotation name='com.intellij.inspections.tainted.annotation.equation.Equations'>
            <val val="{ &quot;n := NamingContextOperations#resolve(org.omg.CosNaming.NameComponent[])#0 &amp; NamingContextOperations#resolve(org.omg.CosNaming.NameComponent[])#0&quot; }"/>
        </annotation>
    </item>
    <item name='org.omg.CosNaming._NamingContextStub org.omg.CosNaming.NamingContext bind_new_context(org.omg.CosNaming.NameComponent[])'>
        <annotation name='com.intellij.inspections.tainted.annotation.equation.Equations'>
            <val val="{ &quot;n := NamingContextOperations#bind_new_context(org.omg.CosNaming.NameComponent[])#0 &amp; NamingContextOperations#bind_new_context(org.omg.CosNaming.NameComponent[])#0&quot; }"/>
        </annotation>
    </item>
    <item name='org.omg.CosNaming._NamingContextStub void list(int, org.omg.CosNaming.BindingListHolder, org.omg.CosNaming.BindingIteratorHolder)'>
        <annotation name='com.intellij.inspections.tainted.annotation.equation.Equations'>
            <val val="{ &quot;how_many := NamingContextOperations#list(int, org.omg.CosNaming.BindingListHolder, org.omg.CosNaming.BindingIteratorHolder)#0 &amp; NamingContextOperations#list(int, org.omg.CosNaming.BindingListHolder, org.omg.CosNaming.BindingIteratorHolder)#0&quot;, &quot;bl := NamingContextOperations#list(int, org.omg.CosNaming.BindingListHolder, org.omg.CosNaming.BindingIteratorHolder)#1 &amp; NamingContextOperations#list(int, org.omg.CosNaming.BindingListHolder, org.omg.CosNaming.BindingIteratorHolder)#1&quot;, &quot;bi := NamingContextOperations#list(int, org.omg.CosNaming.BindingListHolder, org.omg.CosNaming.BindingIteratorHolder)#2 &amp; NamingContextOperations#list(int, org.omg.CosNaming.BindingListHolder, org.omg.CosNaming.BindingIteratorHolder)#2&quot; }"/>
        </annotation>
    </item>
</root>