<root>
    <item name='sun.misc.CharacterEncoder'>
        <annotation name='com.intellij.inspections.tainted.annotation.equation.Equations'>
            <val val="{ &quot;CharacterEncoder := HexDumpEncoder&quot; }"/>
        </annotation>
    </item>
    <item name='sun.misc.CharacterEncoder int bytesPerAtom()'>
        <annotation name='com.intellij.inspections.tainted.annotation.equation.Equations'>
            <val val="{ &quot;bytesPerAtom := HexDumpEncoder#bytesPerAtom()&quot; }"/>
        </annotation>
    </item>
    <item name='sun.misc.CharacterEncoder int bytesPerLine()'>
        <annotation name='com.intellij.inspections.tainted.annotation.equation.Equations'>
            <val val="{ &quot;bytesPerLine := HexDumpEncoder#bytesPerLine()&quot; }"/>
        </annotation>
    </item>
    <item name='sun.misc.CharacterEncoder void encodeAtom(java.io.OutputStream, byte[], int, int)'>
        <annotation name='com.intellij.inspections.tainted.annotation.equation.Equations'>
            <val val="{ &quot;i1 := HexDumpEncoder#encodeAtom(java.io.OutputStream, byte[], int, int)#3&quot;, &quot;outputStream := HexDumpEncoder#encodeAtom(java.io.OutputStream, byte[], int, int)#0&quot;, &quot;bytes := HexDumpEncoder#encodeAtom(java.io.OutputStream, byte[], int, int)#1&quot;, &quot;i := HexDumpEncoder#encodeAtom(java.io.OutputStream, byte[], int, int)#2&quot; }"/>
        </annotation>
    </item>
    <item name='sun.misc.CharacterEncoder void encodeBufferPrefix(java.io.OutputStream)'>
        <annotation name='com.intellij.inspections.tainted.annotation.equation.Equations'>
            <val val="{ &quot;outputStream := HexDumpEncoder#encodeBufferPrefix(java.io.OutputStream)#0&quot; }"/>
        </annotation>
    </item>
    <item name='sun.misc.CharacterEncoder void encodeLinePrefix(java.io.OutputStream, int)'>
        <annotation name='com.intellij.inspections.tainted.annotation.equation.Equations'>
            <val val="{ &quot;i := HexDumpEncoder#encodeLinePrefix(java.io.OutputStream, int)#1&quot;, &quot;outputStream := HexDumpEncoder#encodeLinePrefix(java.io.OutputStream, int)#0&quot; }"/>
        </annotation>
    </item>
    <item name='sun.misc.CharacterEncoder void encodeLineSuffix(java.io.OutputStream)'>
        <annotation name='com.intellij.inspections.tainted.annotation.equation.Equations'>
            <val val="{ &quot;outputStream := HexDumpEncoder#encodeLineSuffix(java.io.OutputStream)#0&quot; }"/>
        </annotation>
    </item>
    <item name='sun.misc.JavaAWTAccess java.lang.Object getAppletContext()'>
        <annotation name='com.intellij.inspections.tainted.annotation.equation.Equations'>
            <val val="{ &quot;getAppletContext := &quot; }"/>
        </annotation>
    </item>
    <item name='sun.misc.JavaIOAccess java.io.Console console()'>
        <annotation name='com.intellij.inspections.tainted.annotation.equation.Equations'>
            <val val="{ &quot;console := &quot; }"/>
        </annotation>
    </item>
    <item name='sun.misc.JavaIOAccess java.nio.charset.Charset charset()'>
        <annotation name='com.intellij.inspections.tainted.annotation.equation.Equations'>
            <val val="{ &quot;charset := &quot; }"/>
        </annotation>
    </item>
    <item name='sun.misc.JavaIOFileDescriptorAccess int get(java.io.FileDescriptor)'>
        <annotation name='com.intellij.inspections.tainted.annotation.equation.Equations'>
            <val val="{ &quot;get := &quot;, &quot;fileDescriptor := &quot; }"/>
        </annotation>
    </item>
    <item name='sun.misc.JavaIOFileDescriptorAccess long getHandle(java.io.FileDescriptor)'>
        <annotation name='com.intellij.inspections.tainted.annotation.equation.Equations'>
            <val val="{ &quot;getHandle := &quot;, &quot;fileDescriptor := &quot; }"/>
        </annotation>
    </item>
    <item name='sun.misc.JavaIOFileDescriptorAccess void set(java.io.FileDescriptor, int)'>
        <annotation name='com.intellij.inspections.tainted.annotation.equation.Equations'>
            <val val="{ &quot;fileDescriptor := &quot;, &quot;i := &quot; }"/>
        </annotation>
    </item>
    <item name='sun.misc.JavaIOFileDescriptorAccess void setHandle(java.io.FileDescriptor, long)'>
        <annotation name='com.intellij.inspections.tainted.annotation.equation.Equations'>
            <val val="{ &quot;fileDescriptor := &quot;, &quot;l := &quot; }"/>
        </annotation>
    </item>
    <item name='sun.misc.JavaLangAccess E[] getEnumConstantsShared(java.lang.Class&lt;E&gt;)'>
        <annotation name='com.intellij.inspections.tainted.annotation.equation.Equations'>
            <val val="{ &quot;aClass := &quot;, &quot;getEnumConstantsShared := &quot; }"/>
        </annotation>
    </item>
    <item name='sun.misc.JavaLangAccess boolean casAnnotationType(java.lang.Class&lt;?&gt;, sun.reflect.annotation.AnnotationType, sun.reflect.annotation.AnnotationType)'>
        <annotation name='com.intellij.inspections.tainted.annotation.equation.Equations'>
            <val val="{ &quot;annotationType := &quot;, &quot;annotationType1 := &quot;, &quot;aClass := &quot; }"/>
        </annotation>
    </item>
    <item name='sun.misc.JavaLangAccess byte[] getRawClassAnnotations(java.lang.Class&lt;?&gt;)'>
        <annotation name='com.intellij.inspections.tainted.annotation.equation.Equations'>
            <val val="{ &quot;getRawClassAnnotations := &quot;, &quot;aClass := &quot; }"/>
        </annotation>
    </item>
    <item name='sun.misc.JavaLangAccess byte[] getRawClassTypeAnnotations(java.lang.Class&lt;?&gt;)'>
        <annotation name='com.intellij.inspections.tainted.annotation.equation.Equations'>
            <val val="{ &quot;aClass := &quot;, &quot;getRawClassTypeAnnotations := &quot; }"/>
        </annotation>
    </item>
    <item name='sun.misc.JavaLangAccess byte[] getRawExecutableTypeAnnotations(java.lang.reflect.Executable)'>
        <annotation name='com.intellij.inspections.tainted.annotation.equation.Equations'>
            <val val="{ &quot;getRawExecutableTypeAnnotations := &quot;, &quot;executable := &quot; }"/>
        </annotation>
    </item>
    <item name='sun.misc.JavaLangAccess int getStackTraceDepth(java.lang.Throwable)'>
        <annotation name='com.intellij.inspections.tainted.annotation.equation.Equations'>
            <val val="{ &quot;getStackTraceDepth := &quot;, &quot;throwable := &quot; }"/>
        </annotation>
    </item>
    <item name='sun.misc.JavaLangAccess java.lang.StackTraceElement getStackTraceElement(java.lang.Throwable, int)'>
        <annotation name='com.intellij.inspections.tainted.annotation.equation.Equations'>
            <val val="{ &quot;i := &quot;, &quot;getStackTraceElement := &quot;, &quot;throwable := &quot; }"/>
        </annotation>
    </item>
    <item name='sun.misc.JavaLangAccess java.lang.String newStringUnsafe(char[])'>
        <annotation name='com.intellij.inspections.tainted.annotation.equation.Equations'>
            <val val="{ &quot;chars := &quot;, &quot;newStringUnsafe := &quot; }"/>
        </annotation>
    </item>
    <item name='sun.misc.JavaLangAccess java.lang.Thread newThreadWithAcc(java.lang.Runnable, java.security.AccessControlContext)'>
        <annotation name='com.intellij.inspections.tainted.annotation.equation.Equations'>
            <val val="{ &quot;accessControlContext := &quot;, &quot;newThreadWithAcc := &quot;, &quot;runnable := &quot; }"/>
        </annotation>
    </item>
    <item name='sun.misc.JavaLangAccess java.util.Map&lt;java.lang.Class&lt;? extends java.lang.annotation.Annotation&gt;,java.lang.annotation.Annotation&gt; getDeclaredAnnotationMap(java.lang.Class&lt;?&gt;)'>
        <annotation name='com.intellij.inspections.tainted.annotation.equation.Equations'>
            <val val="{ &quot;getDeclaredAnnotationMap := &quot;, &quot;aClass := &quot; }"/>
        </annotation>
    </item>
    <item name='sun.misc.JavaLangAccess sun.reflect.ConstantPool getConstantPool(java.lang.Class&lt;?&gt;)'>
        <annotation name='com.intellij.inspections.tainted.annotation.equation.Equations'>
            <val val="{ &quot;getConstantPool := &quot;, &quot;aClass := &quot; }"/>
        </annotation>
    </item>
    <item name='sun.misc.JavaLangAccess sun.reflect.annotation.AnnotationType getAnnotationType(java.lang.Class&lt;?&gt;)'>
        <annotation name='com.intellij.inspections.tainted.annotation.equation.Equations'>
            <val val="{ &quot;getAnnotationType := &quot;, &quot;aClass := &quot; }"/>
        </annotation>
    </item>
    <item name='sun.misc.JavaLangAccess void blockedOn(java.lang.Thread, sun.nio.ch.Interruptible)'>
        <annotation name='com.intellij.inspections.tainted.annotation.equation.Equations'>
            <val val="{ &quot;thread := &quot;, &quot;interruptible := &quot; }"/>
        </annotation>
    </item>
    <item name='sun.misc.JavaLangAccess void invokeFinalize(java.lang.Object)'>
        <annotation name='com.intellij.inspections.tainted.annotation.equation.Equations'>
            <val val="{ &quot;o := &quot; }"/>
        </annotation>
    </item>
    <item name='sun.misc.JavaLangAccess void registerShutdownHook(int, boolean, java.lang.Runnable)'>
        <annotation name='com.intellij.inspections.tainted.annotation.equation.Equations'>
            <val val="{ &quot;runnable := &quot;, &quot;i := &quot; }"/>
        </annotation>
    </item>
    <item name='sun.misc.JavaNetAccess java.lang.String getOriginalHostName(java.net.InetAddress)'>
        <annotation name='com.intellij.inspections.tainted.annotation.equation.Equations'>
            <val val="{ &quot;inetAddress := &quot;, &quot;getOriginalHostName := &quot; }"/>
        </annotation>
    </item>
    <item name='sun.misc.JavaNetAccess sun.misc.URLClassPath getURLClassPath(java.net.URLClassLoader)'>
        <annotation name='com.intellij.inspections.tainted.annotation.equation.Equations'>
            <val val="{ &quot;urlClassLoader := &quot;, &quot;getURLClassPath := &quot; }"/>
        </annotation>
    </item>
    <item name='sun.misc.JavaNetHttpCookieAccess java.lang.String header(java.net.HttpCookie)'>
        <annotation name='com.intellij.inspections.tainted.annotation.equation.Equations'>
            <val val="{ &quot;header := &quot;, &quot;httpCookie := &quot; }"/>
        </annotation>
    </item>
    <item name='sun.misc.JavaNetHttpCookieAccess java.util.List&lt;java.net.HttpCookie&gt; parse(java.lang.String)'>
        <annotation name='com.intellij.inspections.tainted.annotation.equation.Equations'>
            <val val="{ &quot;parse := &quot;, &quot;s := &quot; }"/>
        </annotation>
    </item>
    <item name='sun.misc.JavaNioAccess java.nio.ByteBuffer newDirectByteBuffer(long, int, java.lang.Object)'>
        <annotation name='com.intellij.inspections.tainted.annotation.equation.Equations'>
            <val val="{ &quot;l := &quot;, &quot;o := &quot;, &quot;newDirectByteBuffer := &quot;, &quot;i := &quot; }"/>
        </annotation>
    </item>
    <item name='sun.misc.JavaNioAccess sun.misc.JavaNioAccess.BufferPool getDirectBufferPool()'>
        <annotation name='com.intellij.inspections.tainted.annotation.equation.Equations'>
            <val val="{ &quot;getDirectBufferPool := &quot; }"/>
        </annotation>
    </item>
    <item name='sun.misc.JavaNioAccess void truncate(java.nio.Buffer)'>
        <annotation name='com.intellij.inspections.tainted.annotation.equation.Equations'>
            <val val="{ &quot;buffer := &quot; }"/>
        </annotation>
    </item>
    <item name='sun.misc.JavaNioAccess.BufferPool java.lang.String getName()'>
        <annotation name='com.intellij.inspections.tainted.annotation.equation.Equations'>
            <val val="{ &quot;getName := &quot; }"/>
        </annotation>
    </item>
    <item name='sun.misc.JavaNioAccess.BufferPool long getCount()'>
        <annotation name='com.intellij.inspections.tainted.annotation.equation.Equations'>
            <val val="{ &quot;getCount := &quot; }"/>
        </annotation>
    </item>
    <item name='sun.misc.JavaNioAccess.BufferPool long getMemoryUsed()'>
        <annotation name='com.intellij.inspections.tainted.annotation.equation.Equations'>
            <val val="{ &quot;getMemoryUsed := &quot; }"/>
        </annotation>
    </item>
    <item name='sun.misc.JavaNioAccess.BufferPool long getTotalCapacity()'>
        <annotation name='com.intellij.inspections.tainted.annotation.equation.Equations'>
            <val val="{ &quot;getTotalCapacity := &quot; }"/>
        </annotation>
    </item>
    <item name='sun.misc.JavaOISAccess sun.misc.ObjectInputFilter getObjectInputFilter(java.io.ObjectInputStream)'>
        <annotation name='com.intellij.inspections.tainted.annotation.equation.Equations'>
            <val val="{ &quot;objectInputStream := &quot;, &quot;getObjectInputFilter := &quot; }"/>
        </annotation>
    </item>
    <item name='sun.misc.JavaOISAccess void checkArray(java.io.ObjectInputStream, java.lang.Class&lt;?&gt;, int)'>
        <annotation name='com.intellij.inspections.tainted.annotation.equation.Equations'>
            <val val="{ &quot;i := &quot;, &quot;aClass := &quot;, &quot;objectInputStream := &quot; }"/>
        </annotation>
    </item>
    <item name='sun.misc.JavaOISAccess void setObjectInputFilter(java.io.ObjectInputStream, sun.misc.ObjectInputFilter)'>
        <annotation name='com.intellij.inspections.tainted.annotation.equation.Equations'>
            <val val="{ &quot;objectInputFilter := &quot;, &quot;objectInputStream := &quot; }"/>
        </annotation>
    </item>
    <item name='sun.misc.JavaSecurityAccess T doIntersectionPrivilege(java.security.PrivilegedAction&lt;T&gt;, java.security.AccessControlContext)'>
        <annotation name='com.intellij.inspections.tainted.annotation.equation.Equations'>
            <val val="{ &quot;privilegedAction := java.security.ProtectionDomain.JavaSecurityAccessImpl#doIntersectionPrivilege(java.security.PrivilegedAction, java.security.AccessControlContext)#0&quot;, &quot;accessControlContext := java.security.ProtectionDomain.JavaSecurityAccessImpl#doIntersectionPrivilege(java.security.PrivilegedAction, java.security.AccessControlContext)#1&quot;, &quot;doIntersectionPrivilege := java.security.ProtectionDomain.JavaSecurityAccessImpl#doIntersectionPrivilege(java.security.PrivilegedAction, java.security.AccessControlContext)&quot; }"/>
        </annotation>
    </item>
    <item name='sun.misc.JavaSecurityAccess T doIntersectionPrivilege(java.security.PrivilegedAction&lt;T&gt;, java.security.AccessControlContext, java.security.AccessControlContext)'>
        <annotation name='com.intellij.inspections.tainted.annotation.equation.Equations'>
            <val val="{ &quot;doIntersectionPrivilege := java.security.ProtectionDomain.JavaSecurityAccessImpl#doIntersectionPrivilege(java.security.PrivilegedAction, java.security.AccessControlContext, java.security.AccessControlContext)&quot;, &quot;privilegedAction := java.security.ProtectionDomain.JavaSecurityAccessImpl#doIntersectionPrivilege(java.security.PrivilegedAction, java.security.AccessControlContext, java.security.AccessControlContext)#0&quot;, &quot;accessControlContext1 := java.security.ProtectionDomain.JavaSecurityAccessImpl#doIntersectionPrivilege(java.security.PrivilegedAction, java.security.AccessControlContext, java.security.AccessControlContext)#2&quot;, &quot;accessControlContext := java.security.ProtectionDomain.JavaSecurityAccessImpl#doIntersectionPrivilege(java.security.PrivilegedAction, java.security.AccessControlContext, java.security.AccessControlContext)#1&quot; }"/>
        </annotation>
    </item>
    <item name='sun.misc.JavaSecurityProtectionDomainAccess boolean getStaticPermissionsField(java.security.ProtectionDomain)'>
        <annotation name='com.intellij.inspections.tainted.annotation.equation.Equations'>
            <val val="{ &quot;protectionDomain := &quot; }"/>
        </annotation>
    </item>
    <item name='sun.misc.JavaSecurityProtectionDomainAccess sun.misc.JavaSecurityProtectionDomainAccess.ProtectionDomainCache getProtectionDomainCache()'>
        <annotation name='com.intellij.inspections.tainted.annotation.equation.Equations'>
            <val val="{ &quot;getProtectionDomainCache := &quot; }"/>
        </annotation>
    </item>
    <item name='sun.misc.JavaSecurityProtectionDomainAccess.ProtectionDomainCache java.security.PermissionCollection get(java.security.ProtectionDomain)'>
        <annotation name='com.intellij.inspections.tainted.annotation.equation.Equations'>
            <val val="{ &quot;get := java.security.ProtectionDomain.PDCache#get(java.security.ProtectionDomain)&quot;, &quot;protectionDomain := java.security.ProtectionDomain.PDCache#get(java.security.ProtectionDomain)#0&quot; }"/>
        </annotation>
    </item>
    <item name='sun.misc.JavaSecurityProtectionDomainAccess.ProtectionDomainCache void put(java.security.ProtectionDomain, java.security.PermissionCollection)'>
        <annotation name='com.intellij.inspections.tainted.annotation.equation.Equations'>
            <val val="{ &quot;permissionCollection := java.security.ProtectionDomain.PDCache#put(java.security.ProtectionDomain, java.security.PermissionCollection)#1&quot;, &quot;protectionDomain := java.security.ProtectionDomain.PDCache#put(java.security.ProtectionDomain, java.security.PermissionCollection)#0&quot; }"/>
        </annotation>
    </item>
    <item name='sun.misc.JavaUtilJarAccess boolean jarFileHasClassPathAttribute(java.util.jar.JarFile)'>
        <annotation name='com.intellij.inspections.tainted.annotation.equation.Equations'>
            <val val="{ &quot;jarFile := java.util.jar.JavaUtilJarAccessImpl#jarFileHasClassPathAttribute(java.util.jar.JarFile)#0&quot; }"/>
        </annotation>
    </item>
    <item name='sun.misc.JavaUtilJarAccess java.security.CodeSource getCodeSource(java.util.jar.JarFile, java.net.URL, java.lang.String)'>
        <annotation name='com.intellij.inspections.tainted.annotation.equation.Equations'>
            <val val="{ &quot;s := java.util.jar.JavaUtilJarAccessImpl#getCodeSource(java.util.jar.JarFile, java.net.URL, java.lang.String)#2 &amp; java.util.jar.JavaUtilJarAccessImpl#getCodeSource(java.util.jar.JarFile, java.net.URL, java.lang.String)#2&quot;, &quot;url := java.util.jar.JavaUtilJarAccessImpl#getCodeSource(java.util.jar.JarFile, java.net.URL, java.lang.String)#1 &amp; java.util.jar.JavaUtilJarAccessImpl#getCodeSource(java.util.jar.JarFile, java.net.URL, java.lang.String)#1&quot;, &quot;getCodeSource := java.util.jar.JavaUtilJarAccessImpl#getCodeSource(java.util.jar.JarFile, java.net.URL, java.lang.String) &amp; java.util.jar.JavaUtilJarAccessImpl#getCodeSource(java.util.jar.JarFile, java.net.URL, java.lang.String)&quot;, &quot;jarFile := java.util.jar.JavaUtilJarAccessImpl#getCodeSource(java.util.jar.JarFile, java.net.URL, java.lang.String)#0 &amp; java.util.jar.JavaUtilJarAccessImpl#getCodeSource(java.util.jar.JarFile, java.net.URL, java.lang.String)#0&quot; }"/>
        </annotation>
    </item>
    <item name='sun.misc.JavaUtilJarAccess java.security.CodeSource[] getCodeSources(java.util.jar.JarFile, java.net.URL)'>
        <annotation name='com.intellij.inspections.tainted.annotation.equation.Equations'>
            <val val="{ &quot;getCodeSources := java.util.jar.JavaUtilJarAccessImpl#getCodeSources(java.util.jar.JarFile, java.net.URL) &amp; java.util.jar.JavaUtilJarAccessImpl#getCodeSources(java.util.jar.JarFile, java.net.URL)&quot;, &quot;jarFile := java.util.jar.JavaUtilJarAccessImpl#getCodeSources(java.util.jar.JarFile, java.net.URL)#0 &amp; java.util.jar.JavaUtilJarAccessImpl#getCodeSources(java.util.jar.JarFile, java.net.URL)#0&quot;, &quot;url := java.util.jar.JavaUtilJarAccessImpl#getCodeSources(java.util.jar.JarFile, java.net.URL)#1 &amp; java.util.jar.JavaUtilJarAccessImpl#getCodeSources(java.util.jar.JarFile, java.net.URL)#1&quot; }"/>
        </annotation>
    </item>
    <item name='sun.misc.JavaUtilJarAccess java.util.Enumeration&lt;java.lang.String&gt; entryNames(java.util.jar.JarFile, java.security.CodeSource[])'>
        <annotation name='com.intellij.inspections.tainted.annotation.equation.Equations'>
            <val val="{ &quot;codeSources := java.util.jar.JavaUtilJarAccessImpl#entryNames(java.util.jar.JarFile, java.security.CodeSource[])#1 &amp; java.util.jar.JavaUtilJarAccessImpl#entryNames(java.util.jar.JarFile, java.security.CodeSource[])#1&quot;, &quot;entryNames := java.util.jar.JavaUtilJarAccessImpl#entryNames(java.util.jar.JarFile, java.security.CodeSource[]) &amp; java.util.jar.JavaUtilJarAccessImpl#entryNames(java.util.jar.JarFile, java.security.CodeSource[])&quot;, &quot;jarFile := java.util.jar.JavaUtilJarAccessImpl#entryNames(java.util.jar.JarFile, java.security.CodeSource[])#0 &amp; java.util.jar.JavaUtilJarAccessImpl#entryNames(java.util.jar.JarFile, java.security.CodeSource[])#0&quot; }"/>
        </annotation>
    </item>
    <item name='sun.misc.JavaUtilJarAccess java.util.Enumeration&lt;java.util.jar.JarEntry&gt; entries2(java.util.jar.JarFile)'>
        <annotation name='com.intellij.inspections.tainted.annotation.equation.Equations'>
            <val val="{ &quot;jarFile := java.util.jar.JavaUtilJarAccessImpl#entries2(java.util.jar.JarFile)#0 &amp; java.util.jar.JavaUtilJarAccessImpl#entries2(java.util.jar.JarFile)#0&quot;, &quot;entries2 := java.util.jar.JavaUtilJarAccessImpl#entries2(java.util.jar.JarFile) &amp; java.util.jar.JavaUtilJarAccessImpl#entries2(java.util.jar.JarFile)&quot; }"/>
        </annotation>
    </item>
    <item name='sun.misc.JavaUtilJarAccess java.util.List&lt;java.lang.Object&gt; getManifestDigests(java.util.jar.JarFile)'>
        <annotation name='com.intellij.inspections.tainted.annotation.equation.Equations'>
            <val val="{ &quot;getManifestDigests := java.util.jar.JavaUtilJarAccessImpl#getManifestDigests(java.util.jar.JarFile) &amp; java.util.jar.JavaUtilJarAccessImpl#getManifestDigests(java.util.jar.JarFile)&quot;, &quot;jarFile := java.util.jar.JavaUtilJarAccessImpl#getManifestDigests(java.util.jar.JarFile)#0 &amp; java.util.jar.JavaUtilJarAccessImpl#getManifestDigests(java.util.jar.JarFile)#0&quot; }"/>
        </annotation>
    </item>
    <item name='sun.misc.JavaUtilJarAccess void setEagerValidation(java.util.jar.JarFile, boolean)'>
        <annotation name='com.intellij.inspections.tainted.annotation.equation.Equations'>
            <val val="{ &quot;jarFile := java.util.jar.JavaUtilJarAccessImpl#setEagerValidation(java.util.jar.JarFile, boolean)#0&quot; }"/>
        </annotation>
    </item>
    <item name='sun.misc.JavaUtilZipFileAccess boolean startsWithLocHeader(java.util.zip.ZipFile)'>
        <annotation name='com.intellij.inspections.tainted.annotation.equation.Equations'>
            <val val="{ &quot;zipFile := &quot; }"/>
        </annotation>
    </item>
    <item name='sun.misc.LRUCache'>
        <annotation name='com.intellij.inspections.tainted.annotation.equation.Equations'>
            <val val="{ &quot;LRUCache := &quot; }"/>
        </annotation>
    </item>
    <item name='sun.misc.LRUCache V create(N)'>
        <annotation name='com.intellij.inspections.tainted.annotation.equation.Equations'>
            <val val="{ &quot;n := &quot;, &quot;create := &quot; }"/>
        </annotation>
    </item>
    <item name='sun.misc.LRUCache boolean hasName(V, N)'>
        <annotation name='com.intellij.inspections.tainted.annotation.equation.Equations'>
            <val val="{ &quot;v := &quot;, &quot;n := &quot; }"/>
        </annotation>
    </item>
    <item name='sun.misc.ObjectInputFilter.FilterInfo java.lang.Class&lt;?&gt; serialClass()'>
        <annotation name='com.intellij.inspections.tainted.annotation.equation.Equations'>
            <val val="{ &quot;serialClass := java.io.ObjectInputStream.FilterValues#serialClass()&quot; }"/>
        </annotation>
    </item>
    <item name='sun.misc.ObjectInputFilter.FilterInfo long arrayLength()'>
        <annotation name='com.intellij.inspections.tainted.annotation.equation.Equations'>
            <val val="{ &quot;arrayLength := java.io.ObjectInputStream.FilterValues#arrayLength()&quot; }"/>
        </annotation>
    </item>
    <item name='sun.misc.ObjectInputFilter.FilterInfo long depth()'>
        <annotation name='com.intellij.inspections.tainted.annotation.equation.Equations'>
            <val val="{ &quot;depth := java.io.ObjectInputStream.FilterValues#depth()&quot; }"/>
        </annotation>
    </item>
    <item name='sun.misc.ObjectInputFilter.FilterInfo long references()'>
        <annotation name='com.intellij.inspections.tainted.annotation.equation.Equations'>
            <val val="{ &quot;references := java.io.ObjectInputStream.FilterValues#references()&quot; }"/>
        </annotation>
    </item>
    <item name='sun.misc.ObjectInputFilter.FilterInfo long streamBytes()'>
        <annotation name='com.intellij.inspections.tainted.annotation.equation.Equations'>
            <val val="{ &quot;streamBytes := java.io.ObjectInputStream.FilterValues#streamBytes()&quot; }"/>
        </annotation>
    </item>
    <item name='sun.misc.ObjectStreamClassValidator void validateDescriptor(java.io.ObjectStreamClass)'>
        <annotation name='com.intellij.inspections.tainted.annotation.equation.Equations'>
            <val val="{ &quot;objectStreamClass := sun.rmi.server.UnicastServerRef.MyChecker#validateDescriptor(java.io.ObjectStreamClass)#0&quot; }"/>
        </annotation>
    </item>
    <item name='sun.misc.Resource'>
        <annotation name='com.intellij.inspections.tainted.annotation.equation.Equations'>
            <val val="{ &quot;Resource := &quot; }"/>
        </annotation>
    </item>
    <item name='sun.misc.Resource int getContentLength()'>
        <annotation name='com.intellij.inspections.tainted.annotation.equation.Equations'>
            <val val="{ &quot;getContentLength := &quot; }"/>
        </annotation>
    </item>
    <item name='sun.misc.Resource java.io.InputStream getInputStream()'>
        <annotation name='com.intellij.inspections.tainted.annotation.equation.Equations'>
            <val val="{ &quot;getInputStream := &quot; }"/>
        </annotation>
    </item>
    <item name='sun.misc.Resource java.lang.String getName()'>
        <annotation name='com.intellij.inspections.tainted.annotation.equation.Equations'>
            <val val="{ &quot;getName := &quot; }"/>
        </annotation>
    </item>
    <item name='sun.misc.Resource java.net.URL getCodeSourceURL()'>
        <annotation name='com.intellij.inspections.tainted.annotation.equation.Equations'>
            <val val="{ &quot;getCodeSourceURL := &quot; }"/>
        </annotation>
    </item>
    <item name='sun.misc.Resource java.net.URL getURL()'>
        <annotation name='com.intellij.inspections.tainted.annotation.equation.Equations'>
            <val val="{ &quot;getURL := &quot; }"/>
        </annotation>
    </item>
    <item name='sun.misc.Resource java.security.CodeSigner[] getCodeSigners()'>
        <annotation name='com.intellij.inspections.tainted.annotation.equation.Equations'>
            <val val="{ &quot;getCodeSigners := &quot; }"/>
        </annotation>
    </item>
    <item name='sun.misc.Resource java.security.cert.Certificate[] getCertificates()'>
        <annotation name='com.intellij.inspections.tainted.annotation.equation.Equations'>
            <val val="{ &quot;getCertificates := &quot; }"/>
        </annotation>
    </item>
    <item name='sun.misc.Resource java.util.jar.Manifest getManifest()'>
        <annotation name='com.intellij.inspections.tainted.annotation.equation.Equations'>
            <val val="{ &quot;getManifest := &quot; }"/>
        </annotation>
    </item>
    <item name='sun.misc.SignalHandler void handle(sun.misc.Signal)'>
        <annotation name='com.intellij.inspections.tainted.annotation.equation.Equations'>
            <val val="{ &quot;signal := NativeSignalHandler#handle(sun.misc.Signal)#0&quot; }"/>
        </annotation>
    </item>
</root>