<root>
    <item name='com.sun.security.auth.LdapPrincipal LdapPrincipal(java.lang.String)'>
        <annotation name='com.intellij.inspections.tainted.annotation.equation.Equations'>
            <val val="{ &quot;LdapPrincipal := LdapPrincipal&quot;, &quot;name := &quot; }"/>
        </annotation>
    </item>
    <item name='com.sun.security.auth.LdapPrincipal java.lang.String getName()'>
        <annotation name='com.intellij.inspections.tainted.annotation.equation.Equations'>
            <val val="{ &quot;getName := LdapPrincipal&quot; }"/>
        </annotation>
    </item>
    <item name='com.sun.security.auth.LdapPrincipal javax.naming.ldap.LdapName getLdapName(java.lang.String)'>
        <annotation name='com.intellij.inspections.tainted.annotation.equation.Equations'>
            <val val="{ &quot;name := #LdapPrincipal(java.lang.String)#0&quot; }"/>
        </annotation>
    </item>
    <item name='com.sun.security.auth.NTDomainPrincipal NTDomainPrincipal(java.lang.String)'>
        <annotation name='com.intellij.inspections.tainted.annotation.equation.Equations'>
            <val val="{ &quot;NTDomainPrincipal := NTDomainPrincipal&quot; }"/>
        </annotation>
    </item>
    <item name='com.sun.security.auth.NTDomainPrincipal java.lang.String getName()'>
        <annotation name='com.intellij.inspections.tainted.annotation.equation.Equations'>
            <val val="{ &quot;getName := NTDomainPrincipal&quot; }"/>
        </annotation>
    </item>
    <item name='com.sun.security.auth.NTNumericCredential NTNumericCredential(long)'>
        <annotation name='com.intellij.inspections.tainted.annotation.equation.Equations'>
            <val val="{ &quot;NTNumericCredential := NTNumericCredential&quot; }"/>
        </annotation>
    </item>
    <item name='com.sun.security.auth.NTNumericCredential int hashCode()'>
        <annotation name='com.intellij.inspections.tainted.annotation.equation.Equations'>
            <val val="{ &quot;hashCode := NTNumericCredential&quot; }"/>
        </annotation>
    </item>
    <item name='com.sun.security.auth.NTNumericCredential long getToken()'>
        <annotation name='com.intellij.inspections.tainted.annotation.equation.Equations'>
            <val val="{ &quot;getToken := NTNumericCredential&quot; }"/>
        </annotation>
    </item>
    <item name='com.sun.security.auth.NTSid'>
        <annotation name='com.intellij.inspections.tainted.annotation.equation.Equations'>
            <val val="{ &quot;NTSid := NTSidUserPrincipal &amp; NTSidDomainPrincipal &amp; NTSidPrimaryGroupPrincipal &amp; NTSidGroupPrincipal&quot; }"/>
        </annotation>
    </item>
    <item name='com.sun.security.auth.NTSid NTSid(java.lang.String)'>
        <annotation name='com.intellij.inspections.tainted.annotation.equation.Equations'>
            <val val="{ &quot;stringSid := NTSidUserPrincipal#NTSidUserPrincipal(java.lang.String)#0 &amp; NTSidGroupPrincipal#NTSidGroupPrincipal(java.lang.String)#0 &amp; NTSidDomainPrincipal#NTSidDomainPrincipal(java.lang.String)#0 &amp; NTSidPrimaryGroupPrincipal#NTSidPrimaryGroupPrincipal(java.lang.String)#0&quot;, &quot;NTSid := NTSid&quot; }"/>
        </annotation>
    </item>
    <item name='com.sun.security.auth.NTSid boolean equals(java.lang.Object)'>
        <annotation name='com.intellij.inspections.tainted.annotation.equation.Equations'>
            <val val="{ &quot;o := NTSidUserPrincipal#equals(java.lang.Object)#0 &amp; NTSidGroupPrincipal#equals(java.lang.Object)#0 &amp; NTSidDomainPrincipal#equals(java.lang.Object)#0 &amp; NTSidPrimaryGroupPrincipal#equals(java.lang.Object)#0&quot; }"/>
        </annotation>
    </item>
    <item name='com.sun.security.auth.NTSid java.lang.String getName()'>
        <annotation name='com.intellij.inspections.tainted.annotation.equation.Equations'>
            <val val="{ &quot;getName := NTSid&quot; }"/>
        </annotation>
    </item>
    <item name='com.sun.security.auth.NTSid java.lang.String toString()'>
        <annotation name='com.intellij.inspections.tainted.annotation.equation.Equations'>
            <val val="{ &quot;toString := NTSidUserPrincipal#toString() &amp; NTSidGroupPrincipal#toString() &amp; NTSidDomainPrincipal#toString() &amp; NTSidPrimaryGroupPrincipal#toString()&quot; }"/>
        </annotation>
    </item>
    <item name='com.sun.security.auth.NTSidDomainPrincipal NTSidDomainPrincipal(java.lang.String)'>
        <annotation name='com.intellij.inspections.tainted.annotation.equation.Equations'>
            <val val="{ &quot;NTSidDomainPrincipal := NTSidDomainPrincipal&quot; }"/>
        </annotation>
    </item>
    <item name='com.sun.security.auth.NTSidGroupPrincipal NTSidGroupPrincipal(java.lang.String)'>
        <annotation name='com.intellij.inspections.tainted.annotation.equation.Equations'>
            <val val="{ &quot;NTSidGroupPrincipal := NTSidGroupPrincipal&quot; }"/>
        </annotation>
    </item>
    <item name='com.sun.security.auth.NTSidPrimaryGroupPrincipal NTSidPrimaryGroupPrincipal(java.lang.String)'>
        <annotation name='com.intellij.inspections.tainted.annotation.equation.Equations'>
            <val val="{ &quot;NTSidPrimaryGroupPrincipal := NTSidPrimaryGroupPrincipal&quot; }"/>
        </annotation>
    </item>
    <item name='com.sun.security.auth.NTSidUserPrincipal NTSidUserPrincipal(java.lang.String)'>
        <annotation name='com.intellij.inspections.tainted.annotation.equation.Equations'>
            <val val="{ &quot;NTSidUserPrincipal := NTSidUserPrincipal&quot; }"/>
        </annotation>
    </item>
    <item name='com.sun.security.auth.NTUserPrincipal NTUserPrincipal(java.lang.String)'>
        <annotation name='com.intellij.inspections.tainted.annotation.equation.Equations'>
            <val val="{ &quot;NTUserPrincipal := NTUserPrincipal&quot; }"/>
        </annotation>
    </item>
    <item name='com.sun.security.auth.NTUserPrincipal java.lang.String getName()'>
        <annotation name='com.intellij.inspections.tainted.annotation.equation.Equations'>
            <val val="{ &quot;getName := NTUserPrincipal&quot; }"/>
        </annotation>
    </item>
    <item name='com.sun.security.auth.SolarisNumericGroupPrincipal SolarisNumericGroupPrincipal(java.lang.String, boolean)'>
        <annotation name='com.intellij.inspections.tainted.annotation.equation.Equations'>
            <val val="{ &quot;SolarisNumericGroupPrincipal := SolarisNumericGroupPrincipal&quot; }"/>
        </annotation>
    </item>
    <item name='com.sun.security.auth.SolarisNumericGroupPrincipal SolarisNumericGroupPrincipal(long, boolean)'>
        <annotation name='com.intellij.inspections.tainted.annotation.equation.Equations'>
            <val val="{ &quot;SolarisNumericGroupPrincipal := SolarisNumericGroupPrincipal&quot; }"/>
        </annotation>
    </item>
    <item name='com.sun.security.auth.SolarisNumericGroupPrincipal java.lang.String getName()'>
        <annotation name='com.intellij.inspections.tainted.annotation.equation.Equations'>
            <val val="{ &quot;getName := SolarisNumericGroupPrincipal&quot; }"/>
        </annotation>
    </item>
    <item name='com.sun.security.auth.SolarisNumericGroupPrincipal java.lang.String toString()'>
        <annotation name='com.intellij.inspections.tainted.annotation.equation.Equations'>
            <val val="{ &quot;toString := SolarisNumericGroupPrincipal&quot; }"/>
        </annotation>
    </item>
    <item name='com.sun.security.auth.SolarisNumericUserPrincipal SolarisNumericUserPrincipal(java.lang.String)'>
        <annotation name='com.intellij.inspections.tainted.annotation.equation.Equations'>
            <val val="{ &quot;SolarisNumericUserPrincipal := SolarisNumericUserPrincipal&quot; }"/>
        </annotation>
    </item>
    <item name='com.sun.security.auth.SolarisNumericUserPrincipal SolarisNumericUserPrincipal(long)'>
        <annotation name='com.intellij.inspections.tainted.annotation.equation.Equations'>
            <val val="{ &quot;SolarisNumericUserPrincipal := SolarisNumericUserPrincipal&quot; }"/>
        </annotation>
    </item>
    <item name='com.sun.security.auth.SolarisNumericUserPrincipal java.lang.String getName()'>
        <annotation name='com.intellij.inspections.tainted.annotation.equation.Equations'>
            <val val="{ &quot;getName := SolarisNumericUserPrincipal&quot; }"/>
        </annotation>
    </item>
    <item name='com.sun.security.auth.SolarisNumericUserPrincipal java.lang.String toString()'>
        <annotation name='com.intellij.inspections.tainted.annotation.equation.Equations'>
            <val val="{ &quot;toString := SolarisNumericUserPrincipal&quot; }"/>
        </annotation>
    </item>
    <item name='com.sun.security.auth.SolarisPrincipal SolarisPrincipal(java.lang.String)'>
        <annotation name='com.intellij.inspections.tainted.annotation.equation.Equations'>
            <val val="{ &quot;SolarisPrincipal := SolarisPrincipal&quot; }"/>
        </annotation>
    </item>
    <item name='com.sun.security.auth.SolarisPrincipal java.lang.String getName()'>
        <annotation name='com.intellij.inspections.tainted.annotation.equation.Equations'>
            <val val="{ &quot;getName := SolarisPrincipal&quot; }"/>
        </annotation>
    </item>
    <item name='com.sun.security.auth.SolarisPrincipal java.lang.String toString()'>
        <annotation name='com.intellij.inspections.tainted.annotation.equation.Equations'>
            <val val="{ &quot;toString := SolarisPrincipal&quot; }"/>
        </annotation>
    </item>
    <item name='com.sun.security.auth.UnixNumericGroupPrincipal UnixNumericGroupPrincipal(java.lang.String, boolean)'>
        <annotation name='com.intellij.inspections.tainted.annotation.equation.Equations'>
            <val val="{ &quot;UnixNumericGroupPrincipal := UnixNumericGroupPrincipal&quot;, &quot;name := &quot; }"/>
        </annotation>
    </item>
    <item name='com.sun.security.auth.UnixNumericGroupPrincipal UnixNumericGroupPrincipal(long, boolean)'>
        <annotation name='com.intellij.inspections.tainted.annotation.equation.Equations'>
            <val val="{ &quot;UnixNumericGroupPrincipal := UnixNumericGroupPrincipal&quot; }"/>
        </annotation>
    </item>
    <item name='com.sun.security.auth.UnixNumericGroupPrincipal java.lang.String getName()'>
        <annotation name='com.intellij.inspections.tainted.annotation.equation.Equations'>
            <val val="{ &quot;getName := UnixNumericGroupPrincipal&quot; }"/>
        </annotation>
    </item>
    <item name='com.sun.security.auth.UnixNumericUserPrincipal UnixNumericUserPrincipal(java.lang.String)'>
        <annotation name='com.intellij.inspections.tainted.annotation.equation.Equations'>
            <val val="{ &quot;name := &quot;, &quot;UnixNumericUserPrincipal := UnixNumericUserPrincipal&quot; }"/>
        </annotation>
    </item>
    <item name='com.sun.security.auth.UnixNumericUserPrincipal UnixNumericUserPrincipal(long)'>
        <annotation name='com.intellij.inspections.tainted.annotation.equation.Equations'>
            <val val="{ &quot;UnixNumericUserPrincipal := UnixNumericUserPrincipal&quot; }"/>
        </annotation>
    </item>
    <item name='com.sun.security.auth.UnixNumericUserPrincipal java.lang.String getName()'>
        <annotation name='com.intellij.inspections.tainted.annotation.equation.Equations'>
            <val val="{ &quot;getName := UnixNumericUserPrincipal&quot; }"/>
        </annotation>
    </item>
    <item name='com.sun.security.auth.UnixPrincipal UnixPrincipal(java.lang.String)'>
        <annotation name='com.intellij.inspections.tainted.annotation.equation.Equations'>
            <val val="{ &quot;name := com.sun.security.auth.module.JndiLoginModule&quot;, &quot;UnixPrincipal := UnixPrincipal&quot; }"/>
        </annotation>
    </item>
    <item name='com.sun.security.auth.UnixPrincipal java.lang.String getName()'>
        <annotation name='com.intellij.inspections.tainted.annotation.equation.Equations'>
            <val val="{ &quot;getName := UnixPrincipal&quot; }"/>
        </annotation>
    </item>
    <item name='com.sun.security.auth.UserPrincipal UserPrincipal(java.lang.String)'>
        <annotation name='com.intellij.inspections.tainted.annotation.equation.Equations'>
            <val val="{ &quot;UserPrincipal := UserPrincipal&quot;, &quot;name := com.sun.security.auth.module.LdapLoginModule&quot; }"/>
        </annotation>
    </item>
    <item name='com.sun.security.auth.UserPrincipal java.lang.String getName()'>
        <annotation name='com.intellij.inspections.tainted.annotation.equation.Equations'>
            <val val="{ &quot;getName := UserPrincipal&quot; }"/>
        </annotation>
    </item>
    <item name='com.sun.security.auth.UserPrincipal java.lang.String toString()'>
        <annotation name='com.intellij.inspections.tainted.annotation.equation.Equations'>
            <val val="{ &quot;toString := UserPrincipal&quot; }"/>
        </annotation>
    </item>
    <item name='com.sun.security.auth.X500Principal'>
        <annotation name='com.intellij.inspections.tainted.annotation.equation.Equations'>
            <val val="{ &quot;X500Principal := &quot; }"/>
        </annotation>
    </item>
    <item name='com.sun.security.auth.X500Principal X500Principal(java.lang.String)'>
        <annotation name='com.intellij.inspections.tainted.annotation.equation.Equations'>
            <val val="{ &quot;X500Principal := X500Principal&quot; }"/>
        </annotation>
    </item>
</root>