<root>
    <item name='net.sf.ehcache.terracotta.ClusteredInstanceFactory boolean destroyCache(java.lang.String, java.lang.String)'>
        <annotation name='com.intellij.inspections.tainted.annotation.equation.Equations'>
            <val val="{ &quot;cacheName := ClusteredInstanceFactoryWrapper#destroyCache(java.lang.String, java.lang.String)#1&quot;, &quot;cacheManagerName := ClusteredInstanceFactoryWrapper#destroyCache(java.lang.String, java.lang.String)#0&quot; }"/>
        </annotation>
    </item>
    <item name='net.sf.ehcache.terracotta.ClusteredInstanceFactory java.lang.String getUUID()'>
        <annotation name='com.intellij.inspections.tainted.annotation.equation.Equations'>
            <val val="{ &quot;getUUID := ClusteredInstanceFactoryWrapper#getUUID()&quot; }"/>
        </annotation>
    </item>
    <item name='net.sf.ehcache.terracotta.ClusteredInstanceFactory net.sf.ehcache.cluster.CacheCluster getTopology()'>
        <annotation name='com.intellij.inspections.tainted.annotation.equation.Equations'>
            <val val="{ &quot;getTopology := ClusteredInstanceFactoryWrapper#getTopology()&quot; }"/>
        </annotation>
    </item>
    <item name='net.sf.ehcache.terracotta.ClusteredInstanceFactory net.sf.ehcache.event.CacheEventListener createEventReplicator(net.sf.ehcache.Ehcache)'>
        <annotation name='com.intellij.inspections.tainted.annotation.equation.Equations'>
            <val val="{ &quot;cache := net.sf.ehcache.CacheManager#createTerracottaEventReplicator(net.sf.ehcache.Ehcache)#0 &amp; ClusteredInstanceFactoryWrapper#createEventReplicator(net.sf.ehcache.Ehcache)#0&quot; }"/>
        </annotation>
    </item>
    <item name='net.sf.ehcache.terracotta.ClusteredInstanceFactory net.sf.ehcache.management.event.ManagementEventSink createEventSink()'>
        <annotation name='com.intellij.inspections.tainted.annotation.equation.Equations'>
            <val val="{ &quot;createEventSink := ClusteredInstanceFactoryWrapper#createEventSink()&quot; }"/>
        </annotation>
    </item>
    <item name='net.sf.ehcache.terracotta.ClusteredInstanceFactory net.sf.ehcache.store.Store createStore(net.sf.ehcache.Ehcache)'>
        <annotation name='com.intellij.inspections.tainted.annotation.equation.Equations'>
            <val val="{ &quot;cache := net.sf.ehcache.CacheManager#createTerracottaStore(net.sf.ehcache.Ehcache)#0 &amp; ClusteredInstanceFactoryWrapper#createStore(net.sf.ehcache.Ehcache)#0&quot; }"/>
        </annotation>
    </item>
    <item name='net.sf.ehcache.terracotta.ClusteredInstanceFactory net.sf.ehcache.store.TerracottaStore createNonStopStore(java.util.concurrent.Callable&lt;net.sf.ehcache.store.TerracottaStore&gt;, net.sf.ehcache.Ehcache)'>
        <annotation name='com.intellij.inspections.tainted.annotation.equation.Equations'>
            <val val="{ &quot;cache := ClusteredInstanceFactoryWrapper#createNonStopStore(java.util.concurrent.Callable, net.sf.ehcache.Ehcache)#1&quot;, &quot;store := ClusteredInstanceFactoryWrapper#createNonStopStore(java.util.concurrent.Callable, net.sf.ehcache.Ehcache)#0&quot;, &quot;createNonStopStore := ClusteredInstanceFactoryWrapper#createNonStopStore(java.util.concurrent.Callable, net.sf.ehcache.Ehcache)&quot; }"/>
        </annotation>
    </item>
    <item name='net.sf.ehcache.terracotta.ClusteredInstanceFactory net.sf.ehcache.transaction.SoftLockManager getOrCreateSoftLockManager(net.sf.ehcache.Ehcache)'>
        <annotation name='com.intellij.inspections.tainted.annotation.equation.Equations'>
            <val val="{ &quot;cache := net.sf.ehcache.CacheManager#createSoftLockManager(net.sf.ehcache.Ehcache)#0 &amp; ClusteredInstanceFactoryWrapper#getOrCreateSoftLockManager(net.sf.ehcache.Ehcache)#0&quot; }"/>
        </annotation>
    </item>
    <item name='net.sf.ehcache.terracotta.ClusteredInstanceFactory net.sf.ehcache.transaction.TransactionIDFactory createTransactionIDFactory(java.lang.String, java.lang.String)'>
        <annotation name='com.intellij.inspections.tainted.annotation.equation.Equations'>
            <val val="{ &quot;uuid := ClusteredInstanceFactoryWrapper#createTransactionIDFactory(java.lang.String, java.lang.String)#0&quot;, &quot;cacheManagerName := ClusteredInstanceFactoryWrapper#createTransactionIDFactory(java.lang.String, java.lang.String)#1 &amp; net.sf.ehcache.transaction.DelegatingTransactionIDFactory&quot; }"/>
        </annotation>
    </item>
    <item name='net.sf.ehcache.terracotta.ClusteredInstanceFactory net.sf.ehcache.writer.writebehind.WriteBehind createWriteBehind(net.sf.ehcache.Ehcache)'>
        <annotation name='com.intellij.inspections.tainted.annotation.equation.Equations'>
            <val val="{ &quot;cache := net.sf.ehcache.CacheManager#createTerracottaWriteBehind(net.sf.ehcache.Ehcache)#0 &amp; ClusteredInstanceFactoryWrapper#createWriteBehind(net.sf.ehcache.Ehcache)#0&quot; }"/>
        </annotation>
    </item>
    <item name='net.sf.ehcache.terracotta.ClusteredInstanceFactory void linkClusteredCacheManager(java.lang.String, net.sf.ehcache.config.Configuration)'>
        <annotation name='com.intellij.inspections.tainted.annotation.equation.Equations'>
            <val val="{ &quot;configuration := net.sf.ehcache.CacheManager#doInit(net.sf.ehcache.config.Configuration)#0 &amp; ClusteredInstanceFactoryWrapper#linkClusteredCacheManager(java.lang.String, net.sf.ehcache.config.Configuration)#1&quot;, &quot;cacheManagerName := ClusteredInstanceFactoryWrapper#linkClusteredCacheManager(java.lang.String, net.sf.ehcache.config.Configuration)#0&quot; }"/>
        </annotation>
    </item>
    <item name='net.sf.ehcache.terracotta.ClusteredInstanceFactory void unlinkCache(java.lang.String)'>
        <annotation name='com.intellij.inspections.tainted.annotation.equation.Equations'>
            <val val="{ &quot;cacheName := ClusteredInstanceFactoryWrapper#unlinkCache(java.lang.String)#0&quot; }"/>
        </annotation>
    </item>
    <item name='net.sf.ehcache.terracotta.ClusteredInstanceFactory void waitForOrchestrator(java.lang.String)'>
        <annotation name='com.intellij.inspections.tainted.annotation.equation.Equations'>
            <val val="{ &quot;cacheManagerName := ClusteredInstanceFactoryWrapper#waitForOrchestrator(java.lang.String)#0&quot; }"/>
        </annotation>
    </item>
    <item name='net.sf.ehcache.terracotta.ClusteredInstanceFactoryWrapper'>
        <annotation name='com.intellij.inspections.tainted.annotation.equation.Equations'>
            <val val="{ &quot;ClusteredInstanceFactoryWrapper := #ClusteredInstanceFactoryWrapper(net.sf.ehcache.terracotta.TerracottaClient, net.sf.ehcache.terracotta.ClusteredInstanceFactory)#0 &amp; #ClusteredInstanceFactoryWrapper(net.sf.ehcache.terracotta.TerracottaClient, net.sf.ehcache.terracotta.ClusteredInstanceFactory)#1&quot; }"/>
        </annotation>
    </item>
    <item name='net.sf.ehcache.terracotta.ClusteredInstanceFactoryWrapper ClusteredInstanceFactoryWrapper(net.sf.ehcache.terracotta.TerracottaClient, net.sf.ehcache.terracotta.ClusteredInstanceFactory)'>
        <annotation name='com.intellij.inspections.tainted.annotation.equation.Equations'>
            <val val="{ &quot;delegate := &quot;, &quot;ClusteredInstanceFactoryWrapper := ClusteredInstanceFactoryWrapper&quot;, &quot;client := TerracottaClient&quot; }"/>
        </annotation>
    </item>
    <item name='net.sf.ehcache.terracotta.ClusteredInstanceFactoryWrapper java.lang.String getUUID()'>
        <annotation name='com.intellij.inspections.tainted.annotation.equation.Equations'>
            <val val="{ &quot;getUUID := &quot; }"/>
        </annotation>
    </item>
    <item name='net.sf.ehcache.terracotta.ClusteredInstanceFactoryWrapper net.sf.ehcache.cluster.CacheCluster getTopology()'>
        <annotation name='com.intellij.inspections.tainted.annotation.equation.Equations'>
            <val val="{ &quot;getTopology := &quot; }"/>
        </annotation>
    </item>
    <item name='net.sf.ehcache.terracotta.ClusteredInstanceFactoryWrapper net.sf.ehcache.event.CacheEventListener createEventReplicator(net.sf.ehcache.Ehcache)'>
        <annotation name='com.intellij.inspections.tainted.annotation.equation.Equations'>
            <val val="{ &quot;createEventReplicator := &quot; }"/>
        </annotation>
    </item>
    <item name='net.sf.ehcache.terracotta.ClusteredInstanceFactoryWrapper net.sf.ehcache.management.event.ManagementEventSink createEventSink()'>
        <annotation name='com.intellij.inspections.tainted.annotation.equation.Equations'>
            <val val="{ &quot;createEventSink := &quot; }"/>
        </annotation>
    </item>
    <item name='net.sf.ehcache.terracotta.ClusteredInstanceFactoryWrapper net.sf.ehcache.store.Store createStore(net.sf.ehcache.Ehcache)'>
        <annotation name='com.intellij.inspections.tainted.annotation.equation.Equations'>
            <val val="{ &quot;createStore := &quot; }"/>
        </annotation>
    </item>
    <item name='net.sf.ehcache.terracotta.ClusteredInstanceFactoryWrapper net.sf.ehcache.store.TerracottaStore createNonStopStore(java.util.concurrent.Callable&lt;net.sf.ehcache.store.TerracottaStore&gt;, net.sf.ehcache.Ehcache)'>
        <annotation name='com.intellij.inspections.tainted.annotation.equation.Equations'>
            <val val="{ &quot;createNonStopStore := &quot; }"/>
        </annotation>
    </item>
    <item name='net.sf.ehcache.terracotta.ClusteredInstanceFactoryWrapper net.sf.ehcache.terracotta.ClusteredInstanceFactory getActualFactory()'>
        <annotation name='com.intellij.inspections.tainted.annotation.equation.Equations'>
            <val val="{ &quot;getActualFactory := ClusteredInstanceFactoryWrapper&quot; }"/>
        </annotation>
    </item>
    <item name='net.sf.ehcache.terracotta.ClusteredInstanceFactoryWrapper net.sf.ehcache.transaction.SoftLockManager getOrCreateSoftLockManager(net.sf.ehcache.Ehcache)'>
        <annotation name='com.intellij.inspections.tainted.annotation.equation.Equations'>
            <val val="{ &quot;getOrCreateSoftLockManager := &quot; }"/>
        </annotation>
    </item>
    <item name='net.sf.ehcache.terracotta.ClusteredInstanceFactoryWrapper net.sf.ehcache.transaction.TransactionIDFactory createTransactionIDFactory(java.lang.String, java.lang.String)'>
        <annotation name='com.intellij.inspections.tainted.annotation.equation.Equations'>
            <val val="{ &quot;createTransactionIDFactory := &quot; }"/>
        </annotation>
    </item>
    <item name='net.sf.ehcache.terracotta.ClusteredInstanceFactoryWrapper net.sf.ehcache.writer.writebehind.WriteBehind createWriteBehind(net.sf.ehcache.Ehcache)'>
        <annotation name='com.intellij.inspections.tainted.annotation.equation.Equations'>
            <val val="{ &quot;createWriteBehind := &quot; }"/>
        </annotation>
    </item>
    <item name='net.sf.ehcache.terracotta.ClusteredInstanceFactoryWrapper void waitForOrchestrator(java.lang.String)'>
        <annotation name='com.intellij.inspections.tainted.annotation.equation.Equations'>
            <val val="{ &quot;cacheManagerName := TerracottaClient#waitForOrchestrator(java.lang.String)#0&quot; }"/>
        </annotation>
    </item>
    <item name='net.sf.ehcache.terracotta.InternalEhcache net.sf.ehcache.Element removeAndReturnElement(java.lang.Object)'>
        <annotation name='com.intellij.inspections.tainted.annotation.equation.Equations'>
            <val val="{ &quot;removeAndReturnElement := net.sf.ehcache.Cache#removeAndReturnElement(java.lang.Object)&quot;, &quot;key := net.sf.ehcache.Cache#removeAndReturnElement(java.lang.Object)#0&quot; }"/>
        </annotation>
    </item>
    <item name='net.sf.ehcache.terracotta.InternalEhcache void recalculateSize(java.lang.Object)'>
        <annotation name='com.intellij.inspections.tainted.annotation.equation.Equations'>
            <val val="{ &quot;key := net.sf.ehcache.Cache#recalculateSize(java.lang.Object)#0&quot; }"/>
        </annotation>
    </item>
    <item name='net.sf.ehcache.terracotta.TerracottaCacheCluster'>
        <annotation name='com.intellij.inspections.tainted.annotation.equation.Equations'>
            <val val="{ &quot;TerracottaCacheCluster := #setUnderlyingCacheCluster(net.sf.ehcache.cluster.CacheCluster)#0&quot; }"/>
        </annotation>
    </item>
    <item name='net.sf.ehcache.terracotta.TerracottaCacheCluster java.util.Collection&lt;net.sf.ehcache.cluster.ClusterNode&gt; getNodes()'>
        <annotation name='com.intellij.inspections.tainted.annotation.equation.Equations'>
            <val val="{ &quot;getNodes := &quot; }"/>
        </annotation>
    </item>
    <item name='net.sf.ehcache.terracotta.TerracottaCacheCluster java.util.List&lt;net.sf.ehcache.cluster.ClusterTopologyListener&gt; getTopologyListeners()'>
        <annotation name='com.intellij.inspections.tainted.annotation.equation.Equations'>
            <val val="{ &quot;getTopologyListeners := TerracottaCacheCluster&quot; }"/>
        </annotation>
    </item>
    <item name='net.sf.ehcache.terracotta.TerracottaCacheCluster net.sf.ehcache.cluster.ClusterNode getCurrentNode()'>
        <annotation name='com.intellij.inspections.tainted.annotation.equation.Equations'>
            <val val="{ &quot;getCurrentNode := &quot; }"/>
        </annotation>
    </item>
    <item name='net.sf.ehcache.terracotta.TerracottaCacheCluster net.sf.ehcache.cluster.ClusterNode waitUntilNodeJoinsCluster()'>
        <annotation name='com.intellij.inspections.tainted.annotation.equation.Equations'>
            <val val="{ &quot;waitUntilNodeJoinsCluster := &quot; }"/>
        </annotation>
    </item>
    <item name='net.sf.ehcache.terracotta.TerracottaCacheCluster net.sf.ehcache.cluster.ClusterScheme getScheme()'>
        <annotation name='com.intellij.inspections.tainted.annotation.equation.Equations'>
            <val val="{ &quot;getScheme := &quot; }"/>
        </annotation>
    </item>
    <item name='net.sf.ehcache.terracotta.TerracottaCacheCluster void fireRejoinEvent(net.sf.ehcache.cluster.ClusterNode, net.sf.ehcache.cluster.ClusterNode, net.sf.ehcache.cluster.ClusterTopologyListener)'>
        <annotation name='com.intellij.inspections.tainted.annotation.equation.Equations'>
            <val val="{ &quot;listener := TerracottaCacheCluster&quot;, &quot;oldNode := #fireNodeRejoinedEvent(net.sf.ehcache.cluster.ClusterNode, net.sf.ehcache.cluster.ClusterNode)#0&quot;, &quot;newNode := #fireNodeRejoinedEvent(net.sf.ehcache.cluster.ClusterNode, net.sf.ehcache.cluster.ClusterNode)#1&quot; }"/>
        </annotation>
    </item>
    <item name='net.sf.ehcache.terracotta.TerracottaCacheCluster void setUnderlyingCacheCluster(net.sf.ehcache.cluster.CacheCluster)'>
        <annotation name='com.intellij.inspections.tainted.annotation.equation.Equations'>
            <val val="{ &quot;newCacheCluster := &quot; }"/>
        </annotation>
    </item>
    <item name='net.sf.ehcache.terracotta.TerracottaClient'>
        <annotation name='com.intellij.inspections.tainted.annotation.equation.Equations'>
            <val val="{ &quot;TerracottaClient := #TerracottaClient(net.sf.ehcache.CacheManager, net.sf.ehcache.config.TerracottaClientConfiguration)#0 &amp; #TerracottaClient(net.sf.ehcache.CacheManager, net.sf.ehcache.config.TerracottaClientConfiguration)#1&quot; }"/>
        </annotation>
    </item>
    <item name='net.sf.ehcache.terracotta.TerracottaClient TerracottaClient(net.sf.ehcache.CacheManager, net.sf.ehcache.config.TerracottaClientConfiguration)'>
        <annotation name='com.intellij.inspections.tainted.annotation.equation.Equations'>
            <val val="{ &quot;TerracottaClient := TerracottaClient&quot;, &quot;cacheManager := net.sf.ehcache.CacheManager&quot;, &quot;terracottaClientConfiguration := &quot; }"/>
        </annotation>
    </item>
    <item name='net.sf.ehcache.terracotta.TerracottaClient java.lang.String getCacheManagerName()'>
        <annotation name='com.intellij.inspections.tainted.annotation.equation.Equations'>
            <val val="{ &quot;getCacheManagerName := &quot; }"/>
        </annotation>
    </item>
    <item name='net.sf.ehcache.terracotta.TerracottaClient java.lang.String getLogPrefix()'>
        <annotation name='com.intellij.inspections.tainted.annotation.equation.Equations'>
            <val val="{ &quot;getLogPrefix := &quot; }"/>
        </annotation>
    </item>
    <item name='net.sf.ehcache.terracotta.TerracottaClient java.util.concurrent.ExecutorService getL1TerminatorThreadPool()'>
        <annotation name='com.intellij.inspections.tainted.annotation.equation.Equations'>
            <val val="{ &quot;getL1TerminatorThreadPool := TerracottaClient&quot; }"/>
        </annotation>
    </item>
    <item name='net.sf.ehcache.terracotta.TerracottaClient net.sf.ehcache.terracotta.ClusteredInstanceFactory getClusteredInstanceFactory()'>
        <annotation name='com.intellij.inspections.tainted.annotation.equation.Equations'>
            <val val="{ &quot;getClusteredInstanceFactory := TerracottaClient&quot; }"/>
        </annotation>
    </item>
    <item name='net.sf.ehcache.terracotta.TerracottaClient net.sf.ehcache.terracotta.ClusteredInstanceFactoryWrapper createNewClusteredInstanceFactory()'>
        <annotation name='com.intellij.inspections.tainted.annotation.equation.Equations'>
            <val val="{ &quot;createNewClusteredInstanceFactory := &quot; }"/>
        </annotation>
    </item>
    <item name='net.sf.ehcache.terracotta.TerracottaClient net.sf.ehcache.terracotta.TerracottaCacheCluster getCacheCluster()'>
        <annotation name='com.intellij.inspections.tainted.annotation.equation.Equations'>
            <val val="{ &quot;getCacheCluster := TerracottaClient&quot; }"/>
        </annotation>
    </item>
    <item name='net.sf.ehcache.terracotta.TerracottaClient void info(java.lang.String, java.lang.Throwable)'>
        <annotation name='com.intellij.inspections.tainted.annotation.equation.Equations'>
            <val val="{ &quot;msg := #info(java.lang.String)#0&quot; }"/>
        </annotation>
    </item>
    <item name='net.sf.ehcache.terracotta.TerracottaClient void shutdownClusteredInstanceFactoryWrapper(net.sf.ehcache.terracotta.ClusteredInstanceFactoryWrapper)'>
        <annotation name='com.intellij.inspections.tainted.annotation.equation.Equations'>
            <val val="{ &quot;clusteredInstanceFactory := TerracottaClient&quot; }"/>
        </annotation>
    </item>
    <item name='net.sf.ehcache.terracotta.TerracottaClient void waitForOrchestrator(java.lang.String)'>
        <annotation name='com.intellij.inspections.tainted.annotation.equation.Equations'>
            <val val="{ &quot;cacheManagerName := &quot; }"/>
        </annotation>
    </item>
    <item name='net.sf.ehcache.terracotta.TerracottaClusteredInstanceHelper'>
        <annotation name='com.intellij.inspections.tainted.annotation.equation.Equations'>
            <val val="{ &quot;TerracottaClusteredInstanceHelper := TerracottaClusteredInstanceHelper.TerracottaRuntimeType#EnterpriseExpress &amp; TerracottaClusteredInstanceHelper.TerracottaRuntimeType#Express &amp; #setTestMode(net.sf.ehcache.terracotta.TerracottaClusteredInstanceHelper)#0&quot; }"/>
        </annotation>
    </item>
    <item name='net.sf.ehcache.terracotta.TerracottaClusteredInstanceHelper TerracottaClusteredInstanceHelper()'>
        <annotation name='com.intellij.inspections.tainted.annotation.equation.Equations'>
            <val val="{ &quot;TerracottaClusteredInstanceHelper := TerracottaClusteredInstanceHelper&quot; }"/>
        </annotation>
    </item>
    <item name='net.sf.ehcache.terracotta.TerracottaClusteredInstanceHelper net.sf.ehcache.terracotta.ClusteredInstanceFactory newClusteredInstanceFactory(net.sf.ehcache.config.TerracottaClientConfiguration, java.lang.ClassLoader)'>
        <annotation name='com.intellij.inspections.tainted.annotation.equation.Equations'>
            <val val="{ &quot;newClusteredInstanceFactory := &quot;, &quot;terracottaConfig := TerracottaClient&quot;, &quot;loader := &quot; }"/>
        </annotation>
    </item>
    <item name='net.sf.ehcache.terracotta.TerracottaClusteredInstanceHelper net.sf.ehcache.terracotta.TerracottaClusteredInstanceHelper getInstance()'>
        <annotation name='com.intellij.inspections.tainted.annotation.equation.Equations'>
            <val val="{ &quot;getInstance := TerracottaClusteredInstanceHelper&quot; }"/>
        </annotation>
    </item>
    <item name='net.sf.ehcache.terracotta.TerracottaClusteredInstanceHelper net.sf.ehcache.terracotta.TerracottaClusteredInstanceHelper.TerracottaRuntimeType getTerracottaRuntimeTypeOrNull()'>
        <annotation name='com.intellij.inspections.tainted.annotation.equation.Equations'>
            <val val="{ &quot;getTerracottaRuntimeTypeOrNull := TerracottaClusteredInstanceHelper&quot; }"/>
        </annotation>
    </item>
    <item name='net.sf.ehcache.terracotta.TerracottaClusteredInstanceHelper net.sf.ehcache.terracotta.TerracottaClusteredInstanceHelper.TerracottaRuntimeType lookupTerracottaRuntime()'>
        <annotation name='com.intellij.inspections.tainted.annotation.equation.Equations'>
            <val val="{ &quot;lookupTerracottaRuntime := TerracottaClusteredInstanceHelper&quot; }"/>
        </annotation>
    </item>
    <item name='net.sf.ehcache.terracotta.TerracottaClusteredInstanceHelper void assertExpress(net.sf.ehcache.config.TerracottaClientConfiguration)'>
        <annotation name='com.intellij.inspections.tainted.annotation.equation.Equations'>
            <val val="{ &quot;terracottaConfig := #newClusteredInstanceFactory(net.sf.ehcache.config.TerracottaClientConfiguration, java.lang.ClassLoader)#0&quot; }"/>
        </annotation>
    </item>
    <item name='net.sf.ehcache.terracotta.TerracottaClusteredInstanceHelper.TerracottaRuntimeType'>
        <annotation name='com.intellij.inspections.tainted.annotation.equation.Equations'>
            <val val="{ &quot;TerracottaRuntimeType := #TerracottaRuntimeType(java.lang.String)#0&quot; }"/>
        </annotation>
    </item>
    <item name='net.sf.ehcache.terracotta.TerracottaClusteredInstanceHelper.TerracottaRuntimeType TerracottaRuntimeType(java.lang.String)'>
        <annotation name='com.intellij.inspections.tainted.annotation.equation.Equations'>
            <val val="{ &quot;TerracottaRuntimeType := TerracottaClusteredInstanceHelper.TerracottaRuntimeType&quot;, &quot;factoryClassName := TerracottaClusteredInstanceHelper#ENTERPRISE_EXPRESS_FACTORY &amp; TerracottaClusteredInstanceHelper#EXPRESS_FACTORY&quot; }"/>
        </annotation>
    </item>
    <item name='net.sf.ehcache.terracotta.TerracottaClusteredInstanceHelper.TerracottaRuntimeType java.lang.Class getFactoryClassOrNull()'>
        <annotation name='com.intellij.inspections.tainted.annotation.equation.Equations'>
            <val val="{ &quot;getFactoryClassOrNull := &quot; }"/>
        </annotation>
    </item>
</root>