<root>
    <item name='com.sun.corba.se.impl.transport.ByteBufferPoolImpl ByteBufferPoolImpl(com.sun.corba.se.spi.orb.ORB)'>
        <annotation name='com.intellij.inspections.tainted.annotation.equation.Equations'>
            <val val="{ &quot;ByteBufferPoolImpl := ByteBufferPoolImpl&quot;, &quot;theORB := com.sun.corba.se.spi.orb.ORB&quot; }"/>
        </annotation>
    </item>
    <item name='com.sun.corba.se.impl.transport.ByteBufferPoolImpl int activeCount()'>
        <annotation name='com.intellij.inspections.tainted.annotation.equation.Equations'>
            <val val="{ &quot;activeCount := ByteBufferPoolImpl&quot; }"/>
        </annotation>
    </item>
    <item name='com.sun.corba.se.impl.transport.CorbaConnectionCacheBase CorbaConnectionCacheBase(com.sun.corba.se.spi.orb.ORB, java.lang.String, java.lang.String)'>
        <annotation name='com.intellij.inspections.tainted.annotation.equation.Equations'>
            <val val="{ &quot;CorbaConnectionCacheBase := CorbaConnectionCacheBase&quot;, &quot;orb := CorbaInboundConnectionCacheImpl#CorbaInboundConnectionCacheImpl(com.sun.corba.se.spi.orb.ORB, com.sun.corba.se.pept.transport.Acceptor)#0 &amp; CorbaOutboundConnectionCacheImpl#CorbaOutboundConnectionCacheImpl(com.sun.corba.se.spi.orb.ORB, com.sun.corba.se.pept.transport.ContactInfo)#0&quot; }"/>
        </annotation>
    </item>
    <item name='com.sun.corba.se.impl.transport.CorbaConnectionCacheBase java.lang.Object backingStore()'>
        <annotation name='com.intellij.inspections.tainted.annotation.equation.Equations'>
            <val val="{ &quot;backingStore := CorbaInboundConnectionCacheImpl#backingStore() &amp; CorbaOutboundConnectionCacheImpl#backingStore()&quot; }"/>
        </annotation>
    </item>
    <item name='com.sun.corba.se.impl.transport.CorbaConnectionCacheBase java.lang.String getCacheType()'>
        <annotation name='com.intellij.inspections.tainted.annotation.equation.Equations'>
            <val val="{ &quot;getCacheType := CorbaConnectionCacheBase&quot; }"/>
        </annotation>
    </item>
    <item name='com.sun.corba.se.impl.transport.CorbaConnectionCacheBase java.lang.String getMonitoringName()'>
        <annotation name='com.intellij.inspections.tainted.annotation.equation.Equations'>
            <val val="{ &quot;getMonitoringName := CorbaConnectionCacheBase&quot; }"/>
        </annotation>
    </item>
    <item name='com.sun.corba.se.impl.transport.CorbaConnectionCacheBase java.util.Collection values()'>
        <annotation name='com.intellij.inspections.tainted.annotation.equation.Equations'>
            <val val="{ &quot;values := CorbaInboundConnectionCacheImpl#values() &amp; CorbaOutboundConnectionCacheImpl#values()&quot; }"/>
        </annotation>
    </item>
    <item name='com.sun.corba.se.impl.transport.CorbaConnectionCacheBase void dprint(java.lang.String)'>
        <annotation name='com.intellij.inspections.tainted.annotation.equation.Equations'>
            <val val="{ &quot;msg := CorbaInboundConnectionCacheImpl#dprint(java.lang.String)#0 &amp; CorbaOutboundConnectionCacheImpl#dprint(java.lang.String)#0&quot; }"/>
        </annotation>
    </item>
    <item name='com.sun.corba.se.impl.transport.CorbaContactInfoBase'>
        <annotation name='com.intellij.inspections.tainted.annotation.equation.Equations'>
            <val val="{ &quot;CorbaContactInfoBase := #setConnectionCache(com.sun.corba.se.pept.transport.OutboundConnectionCache)#0 &amp; #setAddressingDisposition(short)#0&quot; }"/>
        </annotation>
    </item>
    <item name='com.sun.corba.se.impl.transport.CorbaContactInfoBase com.sun.corba.se.pept.broker.Broker getBroker()'>
        <annotation name='com.intellij.inspections.tainted.annotation.equation.Equations'>
            <val val="{ &quot;getBroker := CorbaContactInfoBase&quot; }"/>
        </annotation>
    </item>
    <item name='com.sun.corba.se.impl.transport.CorbaContactInfoBase com.sun.corba.se.pept.encoding.OutputObject createOutputObject(com.sun.corba.se.pept.protocol.MessageMediator)'>
        <annotation name='com.intellij.inspections.tainted.annotation.equation.Equations'>
            <val val="{ &quot;messageMediator := SharedCDRContactInfoImpl#createOutputObject(com.sun.corba.se.pept.protocol.MessageMediator)#0&quot;, &quot;createOutputObject := SharedCDRContactInfoImpl#createOutputObject(com.sun.corba.se.pept.protocol.MessageMediator)&quot; }"/>
        </annotation>
    </item>
    <item name='com.sun.corba.se.impl.transport.CorbaContactInfoBase com.sun.corba.se.pept.protocol.ClientRequestDispatcher getClientRequestDispatcher()'>
        <annotation name='com.intellij.inspections.tainted.annotation.equation.Equations'>
            <val val="{ &quot;getClientRequestDispatcher := SharedCDRContactInfoImpl#getClientRequestDispatcher()&quot; }"/>
        </annotation>
    </item>
    <item name='com.sun.corba.se.impl.transport.CorbaContactInfoBase com.sun.corba.se.pept.protocol.MessageMediator createMessageMediator(com.sun.corba.se.pept.broker.Broker, com.sun.corba.se.pept.transport.ContactInfo, com.sun.corba.se.pept.transport.Connection, java.lang.String, boolean)'>
        <annotation name='com.intellij.inspections.tainted.annotation.equation.Equations'>
            <val val="{ &quot;connection := SharedCDRContactInfoImpl#createMessageMediator(com.sun.corba.se.pept.broker.Broker, com.sun.corba.se.pept.transport.ContactInfo, com.sun.corba.se.pept.transport.Connection, java.lang.String, boolean)#2&quot;, &quot;contactInfo := SharedCDRContactInfoImpl#createMessageMediator(com.sun.corba.se.pept.broker.Broker, com.sun.corba.se.pept.transport.ContactInfo, com.sun.corba.se.pept.transport.Connection, java.lang.String, boolean)#1&quot;, &quot;createMessageMediator := SharedCDRContactInfoImpl#createMessageMediator(com.sun.corba.se.pept.broker.Broker, com.sun.corba.se.pept.transport.ContactInfo, com.sun.corba.se.pept.transport.Connection, java.lang.String, boolean)&quot;, &quot;broker := SharedCDRContactInfoImpl#createMessageMediator(com.sun.corba.se.pept.broker.Broker, com.sun.corba.se.pept.transport.ContactInfo, com.sun.corba.se.pept.transport.Connection, java.lang.String, boolean)#0&quot;, &quot;methodName := SharedCDRContactInfoImpl#createMessageMediator(com.sun.corba.se.pept.broker.Broker, com.sun.corba.se.pept.transport.ContactInfo, com.sun.corba.se.pept.transport.Connection, java.lang.String, boolean)#3&quot; }"/>
        </annotation>
    </item>
    <item name='com.sun.corba.se.impl.transport.CorbaContactInfoBase com.sun.corba.se.pept.protocol.MessageMediator finishCreatingMessageMediator(com.sun.corba.se.pept.broker.Broker, com.sun.corba.se.pept.transport.Connection, com.sun.corba.se.pept.protocol.MessageMediator)'>
        <annotation name='com.intellij.inspections.tainted.annotation.equation.Equations'>
            <val val="{ &quot;finishCreatingMessageMediator := messageMediator&quot; }"/>
        </annotation>
    </item>
    <item name='com.sun.corba.se.impl.transport.CorbaContactInfoBase com.sun.corba.se.pept.transport.ContactInfoList getContactInfoList()'>
        <annotation name='com.intellij.inspections.tainted.annotation.equation.Equations'>
            <val val="{ &quot;getContactInfoList := CorbaContactInfoBase&quot; }"/>
        </annotation>
    </item>
    <item name='com.sun.corba.se.impl.transport.CorbaContactInfoBase com.sun.corba.se.pept.transport.OutboundConnectionCache getConnectionCache()'>
        <annotation name='com.intellij.inspections.tainted.annotation.equation.Equations'>
            <val val="{ &quot;getConnectionCache := CorbaContactInfoBase&quot; }"/>
        </annotation>
    </item>
    <item name='com.sun.corba.se.impl.transport.CorbaContactInfoBase com.sun.corba.se.spi.ior.IOR getEffectiveTargetIOR()'>
        <annotation name='com.intellij.inspections.tainted.annotation.equation.Equations'>
            <val val="{ &quot;getEffectiveTargetIOR := CorbaContactInfoBase&quot; }"/>
        </annotation>
    </item>
    <item name='com.sun.corba.se.impl.transport.CorbaContactInfoBase java.lang.String toString()'>
        <annotation name='com.intellij.inspections.tainted.annotation.equation.Equations'>
            <val val="{ &quot;toString := SocketOrChannelContactInfoImpl#toString() &amp; SharedCDRContactInfoImpl#toString()&quot; }"/>
        </annotation>
    </item>
    <item name='com.sun.corba.se.impl.transport.CorbaContactInfoBase short getAddressingDisposition()'>
        <annotation name='com.intellij.inspections.tainted.annotation.equation.Equations'>
            <val val="{ &quot;getAddressingDisposition := CorbaContactInfoBase&quot; }"/>
        </annotation>
    </item>
    <item name='com.sun.corba.se.impl.transport.CorbaContactInfoBase void dprint(java.lang.String)'>
        <annotation name='com.intellij.inspections.tainted.annotation.equation.Equations'>
            <val val="{ &quot;msg := SocketOrChannelContactInfoImpl#dprint(java.lang.String)#0&quot; }"/>
        </annotation>
    </item>
    <item name='com.sun.corba.se.impl.transport.CorbaContactInfoListImpl'>
        <annotation name='com.intellij.inspections.tainted.annotation.equation.Equations'>
            <val val="{ &quot;CorbaContactInfoListImpl := &quot; }"/>
        </annotation>
    </item>
    <item name='com.sun.corba.se.impl.transport.CorbaContactInfoListImpl CorbaContactInfoListImpl(com.sun.corba.se.spi.orb.ORB)'>
        <annotation name='com.intellij.inspections.tainted.annotation.equation.Equations'>
            <val val="{ &quot;orb := com.sun.corba.se.impl.legacy.connection.SocketFactoryContactInfoListImpl#SocketFactoryContactInfoListImpl(com.sun.corba.se.spi.orb.ORB)#0 &amp; #CorbaContactInfoListImpl(com.sun.corba.se.spi.orb.ORB, com.sun.corba.se.spi.ior.IOR)#0&quot;, &quot;CorbaContactInfoListImpl := CorbaContactInfoListImpl&quot; }"/>
        </annotation>
    </item>
    <item name='com.sun.corba.se.impl.transport.CorbaContactInfoListImpl CorbaContactInfoListImpl(com.sun.corba.se.spi.orb.ORB, com.sun.corba.se.spi.ior.IOR)'>
        <annotation name='com.intellij.inspections.tainted.annotation.equation.Equations'>
            <val val="{ &quot;targetIOR := com.sun.corba.se.impl.legacy.connection.SocketFactoryContactInfoListImpl#SocketFactoryContactInfoListImpl(com.sun.corba.se.spi.orb.ORB, com.sun.corba.se.spi.ior.IOR)#1&quot;, &quot;orb := com.sun.corba.se.spi.transport.TransportDefault#makeCorbaContactInfoListFactory(com.sun.corba.se.spi.orb.ORB)#0 &amp; com.sun.corba.se.impl.legacy.connection.SocketFactoryContactInfoListImpl#SocketFactoryContactInfoListImpl(com.sun.corba.se.spi.orb.ORB, com.sun.corba.se.spi.ior.IOR)#0&quot;, &quot;CorbaContactInfoListImpl := CorbaContactInfoListImpl&quot; }"/>
        </annotation>
    </item>
    <item name='com.sun.corba.se.impl.transport.CorbaContactInfoListImpl com.sun.corba.se.pept.transport.ContactInfo createContactInfo(java.lang.String, java.lang.String, int)'>
        <annotation name='com.intellij.inspections.tainted.annotation.equation.Equations'>
            <val val="{ &quot;hostname := &quot;, &quot;port := &quot;, &quot;type := com.sun.corba.se.spi.transport.SocketInfo#IIOP_CLEAR_TEXT&quot; }"/>
        </annotation>
    </item>
    <item name='com.sun.corba.se.impl.transport.CorbaContactInfoListImpl com.sun.corba.se.spi.ior.IOR getEffectiveTargetIOR()'>
        <annotation name='com.intellij.inspections.tainted.annotation.equation.Equations'>
            <val val="{ &quot;getEffectiveTargetIOR := CorbaContactInfoListImpl&quot; }"/>
        </annotation>
    </item>
    <item name='com.sun.corba.se.impl.transport.CorbaContactInfoListImpl com.sun.corba.se.spi.ior.IOR getTargetIOR()'>
        <annotation name='com.intellij.inspections.tainted.annotation.equation.Equations'>
            <val val="{ &quot;getTargetIOR := CorbaContactInfoListImpl&quot; }"/>
        </annotation>
    </item>
    <item name='com.sun.corba.se.impl.transport.CorbaContactInfoListImpl com.sun.corba.se.spi.protocol.LocalClientRequestDispatcher getLocalClientRequestDispatcher()'>
        <annotation name='com.intellij.inspections.tainted.annotation.equation.Equations'>
            <val val="{ &quot;getLocalClientRequestDispatcher := CorbaContactInfoListImpl&quot; }"/>
        </annotation>
    </item>
    <item name='com.sun.corba.se.impl.transport.CorbaContactInfoListImpl java.util.Iterator iterator()'>
        <annotation name='com.intellij.inspections.tainted.annotation.equation.Equations'>
            <val val="{ &quot;iterator := com.sun.corba.se.impl.legacy.connection.SocketFactoryContactInfoListImpl#iterator()&quot; }"/>
        </annotation>
    </item>
    <item name='com.sun.corba.se.impl.transport.CorbaContactInfoListImpl void addRemoteContactInfos(com.sun.corba.se.spi.ior.IOR, java.util.List)'>
        <annotation name='com.intellij.inspections.tainted.annotation.equation.Equations'>
            <val val="{ &quot;effectiveTargetIOR := CorbaContactInfoListImpl&quot;, &quot;effectiveTargetIORContactInfoList := CorbaContactInfoListImpl&quot; }"/>
        </annotation>
    </item>
    <item name='com.sun.corba.se.impl.transport.CorbaContactInfoListImpl void setEffectiveTargetIOR(com.sun.corba.se.spi.ior.IOR)'>
        <annotation name='com.intellij.inspections.tainted.annotation.equation.Equations'>
            <val val="{ &quot;effectiveTargetIOR := #setTargetIOR(com.sun.corba.se.spi.ior.IOR)#0&quot; }"/>
        </annotation>
    </item>
    <item name='com.sun.corba.se.impl.transport.CorbaContactInfoListImpl void setTargetIOR(com.sun.corba.se.spi.ior.IOR)'>
        <annotation name='com.intellij.inspections.tainted.annotation.equation.Equations'>
            <val val="{ &quot;targetIOR := #CorbaContactInfoListImpl(com.sun.corba.se.spi.orb.ORB, com.sun.corba.se.spi.ior.IOR)#1&quot; }"/>
        </annotation>
    </item>
    <item name='com.sun.corba.se.impl.transport.CorbaContactInfoListIteratorImpl'>
        <annotation name='com.intellij.inspections.tainted.annotation.equation.Equations'>
            <val val="{ &quot;CorbaContactInfoListIteratorImpl := #reportSuccess(com.sun.corba.se.pept.transport.ContactInfo)#0&quot; }"/>
        </annotation>
    </item>
    <item name='com.sun.corba.se.impl.transport.CorbaContactInfoListIteratorImpl CorbaContactInfoListIteratorImpl(com.sun.corba.se.spi.orb.ORB, com.sun.corba.se.spi.transport.CorbaContactInfoList, com.sun.corba.se.pept.transport.ContactInfo, java.util.List)'>
        <annotation name='com.intellij.inspections.tainted.annotation.equation.Equations'>
            <val val="{ &quot;primaryContactInfo := CorbaContactInfoListImpl&quot;, &quot;CorbaContactInfoListIteratorImpl := CorbaContactInfoListIteratorImpl&quot;, &quot;orb := com.sun.corba.se.impl.legacy.connection.SocketFactoryContactInfoListIteratorImpl#SocketFactoryContactInfoListIteratorImpl(com.sun.corba.se.spi.orb.ORB, com.sun.corba.se.spi.transport.CorbaContactInfoList)#0 &amp; CorbaContactInfoListImpl&quot;, &quot;listOfContactInfos := CorbaContactInfoListImpl&quot;, &quot;corbaContactInfoList := com.sun.corba.se.impl.legacy.connection.SocketFactoryContactInfoListIteratorImpl#SocketFactoryContactInfoListIteratorImpl(com.sun.corba.se.spi.orb.ORB, com.sun.corba.se.spi.transport.CorbaContactInfoList)#1 &amp; CorbaContactInfoListImpl&quot; }"/>
        </annotation>
    </item>
    <item name='com.sun.corba.se.impl.transport.CorbaContactInfoListIteratorImpl boolean reportException(com.sun.corba.se.pept.transport.ContactInfo, java.lang.RuntimeException)'>
        <annotation name='com.intellij.inspections.tainted.annotation.equation.Equations'>
            <val val="{ &quot;contactInfo := com.sun.corba.se.impl.legacy.connection.SocketFactoryContactInfoListIteratorImpl#reportException(com.sun.corba.se.pept.transport.ContactInfo, java.lang.RuntimeException)#0&quot;, &quot;ex := com.sun.corba.se.impl.legacy.connection.SocketFactoryContactInfoListIteratorImpl#reportException(com.sun.corba.se.pept.transport.ContactInfo, java.lang.RuntimeException)#1&quot; }"/>
        </annotation>
    </item>
    <item name='com.sun.corba.se.impl.transport.CorbaContactInfoListIteratorImpl com.sun.corba.se.pept.transport.ContactInfoList getContactInfoList()'>
        <annotation name='com.intellij.inspections.tainted.annotation.equation.Equations'>
            <val val="{ &quot;getContactInfoList := CorbaContactInfoListIteratorImpl&quot; }"/>
        </annotation>
    </item>
    <item name='com.sun.corba.se.impl.transport.CorbaContactInfoListIteratorImpl java.lang.Object next()'>
        <annotation name='com.intellij.inspections.tainted.annotation.equation.Equations'>
            <val val="{ &quot;next := com.sun.corba.se.impl.legacy.connection.SocketFactoryContactInfoListIteratorImpl#next()&quot; }"/>
        </annotation>
    </item>
    <item name='com.sun.corba.se.impl.transport.CorbaContactInfoListIteratorImpl java.lang.RuntimeException getFailureException()'>
        <annotation name='com.intellij.inspections.tainted.annotation.equation.Equations'>
            <val val="{ &quot;getFailureException := CorbaContactInfoListIteratorImpl&quot; }"/>
        </annotation>
    </item>
    <item name='com.sun.corba.se.impl.transport.CorbaContactInfoListIteratorImpl void updateEffectiveTargetIOR(com.sun.corba.se.spi.ior.IOR)'>
        <annotation name='com.intellij.inspections.tainted.annotation.equation.Equations'>
            <val val="{ &quot;newIOR := #reportRedirect(com.sun.corba.se.spi.transport.CorbaContactInfo, com.sun.corba.se.spi.ior.IOR)#1&quot; }"/>
        </annotation>
    </item>
    <item name='com.sun.corba.se.impl.transport.CorbaInboundConnectionCacheImpl CorbaInboundConnectionCacheImpl(com.sun.corba.se.spi.orb.ORB, com.sun.corba.se.pept.transport.Acceptor)'>
        <annotation name='com.intellij.inspections.tainted.annotation.equation.Equations'>
            <val val="{ &quot;acceptor := CorbaTransportManagerImpl#getInboundConnectionCache(com.sun.corba.se.pept.transport.Acceptor)#0&quot;, &quot;orb := CorbaTransportManagerImpl&quot;, &quot;CorbaInboundConnectionCacheImpl := CorbaInboundConnectionCacheImpl&quot; }"/>
        </annotation>
    </item>
    <item name='com.sun.corba.se.impl.transport.CorbaInboundConnectionCacheImpl com.sun.corba.se.pept.transport.Acceptor getAcceptor()'>
        <annotation name='com.intellij.inspections.tainted.annotation.equation.Equations'>
            <val val="{ &quot;getAcceptor := CorbaInboundConnectionCacheImpl&quot; }"/>
        </annotation>
    </item>
    <item name='com.sun.corba.se.impl.transport.CorbaInboundConnectionCacheImpl java.lang.Object backingStore()'>
        <annotation name='com.intellij.inspections.tainted.annotation.equation.Equations'>
            <val val="{ &quot;backingStore := CorbaInboundConnectionCacheImpl&quot; }"/>
        </annotation>
    </item>
    <item name='com.sun.corba.se.impl.transport.CorbaInboundConnectionCacheImpl java.util.Collection values()'>
        <annotation name='com.intellij.inspections.tainted.annotation.equation.Equations'>
            <val val="{ &quot;values := CorbaInboundConnectionCacheImpl&quot; }"/>
        </annotation>
    </item>
    <item name='com.sun.corba.se.impl.transport.CorbaInboundConnectionCacheImpl void dprint(java.lang.String)'>
        <annotation name='com.intellij.inspections.tainted.annotation.equation.Equations'>
            <val val="{ &quot;msg := #put(com.sun.corba.se.pept.transport.Acceptor, com.sun.corba.se.pept.transport.Connection)#0 &amp; #put(com.sun.corba.se.pept.transport.Acceptor, com.sun.corba.se.pept.transport.Connection)#1 &amp; CorbaInboundConnectionCacheImpl &amp; #remove(com.sun.corba.se.pept.transport.Connection)#0 &amp; #CorbaInboundConnectionCacheImpl(com.sun.corba.se.spi.orb.ORB, com.sun.corba.se.pept.transport.Acceptor)#1&quot; }"/>
        </annotation>
    </item>
    <item name='com.sun.corba.se.impl.transport.CorbaOutboundConnectionCacheImpl CorbaOutboundConnectionCacheImpl(com.sun.corba.se.spi.orb.ORB, com.sun.corba.se.pept.transport.ContactInfo)'>
        <annotation name='com.intellij.inspections.tainted.annotation.equation.Equations'>
            <val val="{ &quot;orb := CorbaTransportManagerImpl&quot;, &quot;CorbaOutboundConnectionCacheImpl := CorbaOutboundConnectionCacheImpl&quot;, &quot;contactInfo := CorbaTransportManagerImpl#getOutboundConnectionCache(com.sun.corba.se.pept.transport.ContactInfo)#0&quot; }"/>
        </annotation>
    </item>
    <item name='com.sun.corba.se.impl.transport.CorbaOutboundConnectionCacheImpl java.lang.Object backingStore()'>
        <annotation name='com.intellij.inspections.tainted.annotation.equation.Equations'>
            <val val="{ &quot;backingStore := CorbaOutboundConnectionCacheImpl&quot; }"/>
        </annotation>
    </item>
    <item name='com.sun.corba.se.impl.transport.CorbaOutboundConnectionCacheImpl void dprint(java.lang.String)'>
        <annotation name='com.intellij.inspections.tainted.annotation.equation.Equations'>
            <val val="{ &quot;msg := #put(com.sun.corba.se.pept.transport.ContactInfo, com.sun.corba.se.pept.transport.Connection)#0 &amp; #put(com.sun.corba.se.pept.transport.ContactInfo, com.sun.corba.se.pept.transport.Connection)#1 &amp; #remove(com.sun.corba.se.pept.transport.ContactInfo)#0 &amp; #get(com.sun.corba.se.pept.transport.ContactInfo)#0&quot; }"/>
        </annotation>
    </item>
    <item name='com.sun.corba.se.impl.transport.CorbaResponseWaitingRoomImpl CorbaResponseWaitingRoomImpl(com.sun.corba.se.spi.orb.ORB, com.sun.corba.se.spi.transport.CorbaConnection)'>
        <annotation name='com.intellij.inspections.tainted.annotation.equation.Equations'>
            <val val="{ &quot;CorbaResponseWaitingRoomImpl := CorbaResponseWaitingRoomImpl&quot;, &quot;orb := SocketOrChannelConnectionImpl#SocketOrChannelConnectionImpl(com.sun.corba.se.spi.orb.ORB)#0&quot;, &quot;connection := SocketOrChannelConnectionImpl&quot; }"/>
        </annotation>
    </item>
    <item name='com.sun.corba.se.impl.transport.CorbaResponseWaitingRoomImpl java.lang.String opAndId(com.sun.corba.se.spi.protocol.CorbaMessageMediator)'>
        <annotation name='com.intellij.inspections.tainted.annotation.equation.Equations'>
            <val val="{ &quot;mediator := #registerWaiter(com.sun.corba.se.pept.protocol.MessageMediator)#0 &amp; #unregisterWaiter(com.sun.corba.se.pept.protocol.MessageMediator)#0 &amp; #waitForResponse(com.sun.corba.se.pept.protocol.MessageMediator)#0&quot; }"/>
        </annotation>
    </item>
    <item name='com.sun.corba.se.impl.transport.CorbaResponseWaitingRoomImpl void dprint(java.lang.String)'>
        <annotation name='com.intellij.inspections.tainted.annotation.equation.Equations'>
            <val val="{ &quot;msg := #signalExceptionToAllWaiters(org.omg.CORBA.SystemException)#0&quot; }"/>
        </annotation>
    </item>
    <item name='com.sun.corba.se.impl.transport.CorbaResponseWaitingRoomImpl.OutCallDesc'>
        <annotation name='com.intellij.inspections.tainted.annotation.equation.Equations'>
            <val val="{ &quot;OutCallDesc := &quot; }"/>
        </annotation>
    </item>
    <item name='com.sun.corba.se.impl.transport.CorbaTransportManagerImpl CorbaTransportManagerImpl(com.sun.corba.se.spi.orb.ORB)'>
        <annotation name='com.intellij.inspections.tainted.annotation.equation.Equations'>
            <val val="{ &quot;orb := com.sun.corba.se.impl.orb.ORBImpl&quot;, &quot;CorbaTransportManagerImpl := CorbaTransportManagerImpl&quot; }"/>
        </annotation>
    </item>
    <item name='com.sun.corba.se.impl.transport.CorbaTransportManagerImpl com.sun.corba.se.pept.transport.Selector getSelector(int)'>
        <annotation name='com.intellij.inspections.tainted.annotation.equation.Equations'>
            <val val="{ &quot;getSelector := CorbaTransportManagerImpl&quot; }"/>
        </annotation>
    </item>
    <item name='com.sun.corba.se.impl.transport.CorbaTransportManagerImpl java.util.Collection getAcceptors(java.lang.String, com.sun.corba.se.spi.ior.ObjectAdapterId)'>
        <annotation name='com.intellij.inspections.tainted.annotation.equation.Equations'>
            <val val="{ &quot;getAcceptors := CorbaTransportManagerImpl&quot; }"/>
        </annotation>
    </item>
    <item name='com.sun.corba.se.impl.transport.CorbaTransportManagerImpl void dprint(java.lang.String)'>
        <annotation name='com.intellij.inspections.tainted.annotation.equation.Equations'>
            <val val="{ &quot;msg := #registerAcceptor(com.sun.corba.se.pept.transport.Acceptor)#0&quot; }"/>
        </annotation>
    </item>
    <item name='com.sun.corba.se.impl.transport.CorbaTransportManagerImpl void unregisterAcceptor(com.sun.corba.se.pept.transport.Acceptor)'>
        <annotation name='com.intellij.inspections.tainted.annotation.equation.Equations'>
            <val val="{ &quot;acceptor := &quot; }"/>
        </annotation>
    </item>
    <item name='com.sun.corba.se.impl.transport.DefaultSocketFactoryImpl'>
        <annotation name='com.intellij.inspections.tainted.annotation.equation.Equations'>
            <val val="{ &quot;DefaultSocketFactoryImpl := #setORB(com.sun.corba.se.spi.orb.ORB)#0&quot; }"/>
        </annotation>
    </item>
    <item name='com.sun.corba.se.impl.transport.EventHandlerBase'>
        <annotation name='com.intellij.inspections.tainted.annotation.equation.Equations'>
            <val val="{ &quot;EventHandlerBase := #setSelectionKey(java.nio.channels.SelectionKey)#0&quot; }"/>
        </annotation>
    </item>
    <item name='com.sun.corba.se.impl.transport.EventHandlerBase com.sun.corba.se.spi.orbutil.threadpool.Work getWork()'>
        <annotation name='com.intellij.inspections.tainted.annotation.equation.Equations'>
            <val val="{ &quot;getWork := EventHandlerBase&quot; }"/>
        </annotation>
    </item>
    <item name='com.sun.corba.se.impl.transport.EventHandlerBase java.nio.channels.SelectionKey getSelectionKey()'>
        <annotation name='com.intellij.inspections.tainted.annotation.equation.Equations'>
            <val val="{ &quot;getSelectionKey := EventHandlerBase&quot; }"/>
        </annotation>
    </item>
    <item name='com.sun.corba.se.impl.transport.EventHandlerBase void dprint(java.lang.String)'>
        <annotation name='com.intellij.inspections.tainted.annotation.equation.Equations'>
            <val val="{ &quot;msg := EventHandlerBase&quot; }"/>
        </annotation>
    </item>
    <item name='com.sun.corba.se.impl.transport.EventHandlerBase void setWork(com.sun.corba.se.spi.orbutil.threadpool.Work)'>
        <annotation name='com.intellij.inspections.tainted.annotation.equation.Equations'>
            <val val="{ &quot;work := SocketOrChannelAcceptorImpl &amp; SocketOrChannelConnectionImpl&quot; }"/>
        </annotation>
    </item>
    <item name='com.sun.corba.se.impl.transport.ListenerThreadImpl'>
        <annotation name='com.intellij.inspections.tainted.annotation.equation.Equations'>
            <val val="{ &quot;ListenerThreadImpl := #setEnqueueTime(long)#0&quot; }"/>
        </annotation>
    </item>
    <item name='com.sun.corba.se.impl.transport.ListenerThreadImpl ListenerThreadImpl(com.sun.corba.se.spi.orb.ORB, com.sun.corba.se.pept.transport.Acceptor, com.sun.corba.se.pept.transport.Selector)'>
        <annotation name='com.intellij.inspections.tainted.annotation.equation.Equations'>
            <val val="{ &quot;selector := SelectorImpl&quot;, &quot;orb := SelectorImpl&quot;, &quot;ListenerThreadImpl := ListenerThreadImpl&quot; }"/>
        </annotation>
    </item>
    <item name='com.sun.corba.se.impl.transport.ListenerThreadImpl com.sun.corba.se.pept.transport.Acceptor getAcceptor()'>
        <annotation name='com.intellij.inspections.tainted.annotation.equation.Equations'>
            <val val="{ &quot;getAcceptor := ListenerThreadImpl&quot; }"/>
        </annotation>
    </item>
    <item name='com.sun.corba.se.impl.transport.ListenerThreadImpl long getEnqueueTime()'>
        <annotation name='com.intellij.inspections.tainted.annotation.equation.Equations'>
            <val val="{ &quot;getEnqueueTime := ListenerThreadImpl&quot; }"/>
        </annotation>
    </item>
    <item name='com.sun.corba.se.impl.transport.ListenerThreadImpl void dprint(java.lang.String)'>
        <annotation name='com.intellij.inspections.tainted.annotation.equation.Equations'>
            <val val="{ &quot;msg := ListenerThreadImpl &amp; #dprint(java.lang.String, java.lang.Throwable)#0&quot; }"/>
        </annotation>
    </item>
    <item name='com.sun.corba.se.impl.transport.ListenerThreadImpl void dprint(java.lang.String, java.lang.Throwable)'>
        <annotation name='com.intellij.inspections.tainted.annotation.equation.Equations'>
            <val val="{ &quot;msg := ListenerThreadImpl&quot; }"/>
        </annotation>
    </item>
    <item name='com.sun.corba.se.impl.transport.ReaderThreadImpl'>
        <annotation name='com.intellij.inspections.tainted.annotation.equation.Equations'>
            <val val="{ &quot;ReaderThreadImpl := #setEnqueueTime(long)#0&quot; }"/>
        </annotation>
    </item>
    <item name='com.sun.corba.se.impl.transport.ReaderThreadImpl ReaderThreadImpl(com.sun.corba.se.spi.orb.ORB, com.sun.corba.se.pept.transport.Connection, com.sun.corba.se.pept.transport.Selector)'>
        <annotation name='com.intellij.inspections.tainted.annotation.equation.Equations'>
            <val val="{ &quot;orb := SelectorImpl&quot;, &quot;ReaderThreadImpl := ReaderThreadImpl&quot;, &quot;selector := SelectorImpl&quot; }"/>
        </annotation>
    </item>
    <item name='com.sun.corba.se.impl.transport.ReaderThreadImpl com.sun.corba.se.pept.transport.Connection getConnection()'>
        <annotation name='com.intellij.inspections.tainted.annotation.equation.Equations'>
            <val val="{ &quot;getConnection := ReaderThreadImpl&quot; }"/>
        </annotation>
    </item>
    <item name='com.sun.corba.se.impl.transport.ReaderThreadImpl long getEnqueueTime()'>
        <annotation name='com.intellij.inspections.tainted.annotation.equation.Equations'>
            <val val="{ &quot;getEnqueueTime := ReaderThreadImpl&quot; }"/>
        </annotation>
    </item>
    <item name='com.sun.corba.se.impl.transport.ReaderThreadImpl void dprint(java.lang.String)'>
        <annotation name='com.intellij.inspections.tainted.annotation.equation.Equations'>
            <val val="{ &quot;msg := ReaderThreadImpl &amp; #dprint(java.lang.String, java.lang.Throwable)#0&quot; }"/>
        </annotation>
    </item>
    <item name='com.sun.corba.se.impl.transport.ReaderThreadImpl void dprint(java.lang.String, java.lang.Throwable)'>
        <annotation name='com.intellij.inspections.tainted.annotation.equation.Equations'>
            <val val="{ &quot;msg := ReaderThreadImpl&quot; }"/>
        </annotation>
    </item>
    <item name='com.sun.corba.se.impl.transport.SelectorImpl'>
        <annotation name='com.intellij.inspections.tainted.annotation.equation.Equations'>
            <val val="{ &quot;SelectorImpl := #setTimeout(long)#0&quot; }"/>
        </annotation>
    </item>
    <item name='com.sun.corba.se.impl.transport.SelectorImpl SelectorImpl(com.sun.corba.se.spi.orb.ORB)'>
        <annotation name='com.intellij.inspections.tainted.annotation.equation.Equations'>
            <val val="{ &quot;orb := CorbaTransportManagerImpl#CorbaTransportManagerImpl(com.sun.corba.se.spi.orb.ORB)#0&quot;, &quot;SelectorImpl := SelectorImpl&quot; }"/>
        </annotation>
    </item>
    <item name='com.sun.corba.se.impl.transport.SelectorImpl long getTimeout()'>
        <annotation name='com.intellij.inspections.tainted.annotation.equation.Equations'>
            <val val="{ &quot;getTimeout := SelectorImpl&quot; }"/>
        </annotation>
    </item>
    <item name='com.sun.corba.se.impl.transport.SelectorImpl void createListenerThread(com.sun.corba.se.pept.transport.EventHandler)'>
        <annotation name='com.intellij.inspections.tainted.annotation.equation.Equations'>
            <val val="{ &quot;eventHandler := #registerForEvent(com.sun.corba.se.pept.transport.EventHandler)#0&quot; }"/>
        </annotation>
    </item>
    <item name='com.sun.corba.se.impl.transport.SelectorImpl void createReaderThread(com.sun.corba.se.pept.transport.EventHandler)'>
        <annotation name='com.intellij.inspections.tainted.annotation.equation.Equations'>
            <val val="{ &quot;eventHandler := #registerForEvent(com.sun.corba.se.pept.transport.EventHandler)#0&quot; }"/>
        </annotation>
    </item>
    <item name='com.sun.corba.se.impl.transport.SelectorImpl void destroyListenerThread(com.sun.corba.se.pept.transport.EventHandler)'>
        <annotation name='com.intellij.inspections.tainted.annotation.equation.Equations'>
            <val val="{ &quot;eventHandler := #unregisterForEvent(com.sun.corba.se.pept.transport.EventHandler)#0&quot; }"/>
        </annotation>
    </item>
    <item name='com.sun.corba.se.impl.transport.SelectorImpl void destroyReaderThread(com.sun.corba.se.pept.transport.EventHandler)'>
        <annotation name='com.intellij.inspections.tainted.annotation.equation.Equations'>
            <val val="{ &quot;eventHandler := #unregisterForEvent(com.sun.corba.se.pept.transport.EventHandler)#0&quot; }"/>
        </annotation>
    </item>
    <item name='com.sun.corba.se.impl.transport.SelectorImpl void dprint(java.lang.String)'>
        <annotation name='com.intellij.inspections.tainted.annotation.equation.Equations'>
            <val val="{ &quot;msg := #registerForEvent(com.sun.corba.se.pept.transport.EventHandler)#0 &amp; #unregisterForEvent(com.sun.corba.se.pept.transport.EventHandler)#0 &amp; #registerInterestOps(com.sun.corba.se.pept.transport.EventHandler)#0 &amp; #createListenerThread(com.sun.corba.se.pept.transport.EventHandler)#0 &amp; #destroyListenerThread(com.sun.corba.se.pept.transport.EventHandler)#0 &amp; #createReaderThread(com.sun.corba.se.pept.transport.EventHandler)#0 &amp; #destroyReaderThread(com.sun.corba.se.pept.transport.EventHandler)#0 &amp; #dprint(java.lang.String, java.lang.Throwable)#0&quot; }"/>
        </annotation>
    </item>
    <item name='com.sun.corba.se.impl.transport.SelectorImpl.SelectionKeyAndOp SelectionKeyAndOp(java.nio.channels.SelectionKey, int)'>
        <annotation name='com.intellij.inspections.tainted.annotation.equation.Equations'>
            <val val="{ &quot;keyOp := &quot;, &quot;selectionKey := &quot;, &quot;SelectionKeyAndOp := SelectorImpl.SelectionKeyAndOp&quot; }"/>
        </annotation>
    </item>
    <item name='com.sun.corba.se.impl.transport.SharedCDRContactInfoImpl SharedCDRContactInfoImpl(com.sun.corba.se.spi.orb.ORB, com.sun.corba.se.spi.transport.CorbaContactInfoList, com.sun.corba.se.spi.ior.IOR, short)'>
        <annotation name='com.intellij.inspections.tainted.annotation.equation.Equations'>
            <val val="{ &quot;orb := com.sun.corba.se.impl.legacy.connection.SocketFactoryContactInfoListIteratorImpl &amp; CorbaContactInfoListImpl&quot;, &quot;effectiveTargetIOR := CorbaContactInfoListImpl&quot;, &quot;SharedCDRContactInfoImpl := SharedCDRContactInfoImpl&quot;, &quot;contactInfoList := com.sun.corba.se.impl.legacy.connection.SocketFactoryContactInfoListIteratorImpl &amp; CorbaContactInfoListImpl&quot;, &quot;addressingDisposition := &quot; }"/>
        </annotation>
    </item>
    <item name='com.sun.corba.se.impl.transport.SharedCDRContactInfoImpl com.sun.corba.se.impl.logging.ORBUtilSystemException getWrapper()'>
        <annotation name='com.intellij.inspections.tainted.annotation.equation.Equations'>
            <val val="{ &quot;getWrapper := SharedCDRContactInfoImpl&quot; }"/>
        </annotation>
    </item>
    <item name='com.sun.corba.se.impl.transport.SharedCDRContactInfoImpl com.sun.corba.se.pept.protocol.ClientRequestDispatcher getClientRequestDispatcher()'>
        <annotation name='com.intellij.inspections.tainted.annotation.equation.Equations'>
            <val val="{ &quot;getClientRequestDispatcher := &quot; }"/>
        </annotation>
    </item>
    <item name='com.sun.corba.se.impl.transport.SocketOrChannelAcceptorImpl'>
        <annotation name='com.intellij.inspections.tainted.annotation.equation.Equations'>
            <val val="{ &quot;SocketOrChannelAcceptorImpl := #setConnectionCache(com.sun.corba.se.pept.transport.InboundConnectionCache)#0 &amp; #setEnqueueTime(long)#0 &amp; #setLocatorPort(int)#0&quot; }"/>
        </annotation>
    </item>
    <item name='com.sun.corba.se.impl.transport.SocketOrChannelAcceptorImpl SocketOrChannelAcceptorImpl(com.sun.corba.se.spi.orb.ORB)'>
        <annotation name='com.intellij.inspections.tainted.annotation.equation.Equations'>
            <val val="{ &quot;orb := #SocketOrChannelAcceptorImpl(com.sun.corba.se.spi.orb.ORB, int)#0&quot;, &quot;SocketOrChannelAcceptorImpl := SocketOrChannelAcceptorImpl&quot; }"/>
        </annotation>
    </item>
    <item name='com.sun.corba.se.impl.transport.SocketOrChannelAcceptorImpl SocketOrChannelAcceptorImpl(com.sun.corba.se.spi.orb.ORB, int)'>
        <annotation name='com.intellij.inspections.tainted.annotation.equation.Equations'>
            <val val="{ &quot;port := #SocketOrChannelAcceptorImpl(com.sun.corba.se.spi.orb.ORB, int, java.lang.String, java.lang.String)#1&quot;, &quot;orb := #SocketOrChannelAcceptorImpl(com.sun.corba.se.spi.orb.ORB, int, java.lang.String, java.lang.String)#0&quot;, &quot;SocketOrChannelAcceptorImpl := SocketOrChannelAcceptorImpl&quot; }"/>
        </annotation>
    </item>
    <item name='com.sun.corba.se.impl.transport.SocketOrChannelAcceptorImpl SocketOrChannelAcceptorImpl(com.sun.corba.se.spi.orb.ORB, int, java.lang.String, java.lang.String)'>
        <annotation name='com.intellij.inspections.tainted.annotation.equation.Equations'>
            <val val="{ &quot;orb := com.sun.corba.se.impl.orb.ORBConfiguratorImpl#createAndRegisterAcceptor(com.sun.corba.se.spi.orb.ORB, com.sun.corba.se.spi.legacy.connection.ORBSocketFactory, int, java.lang.String, java.lang.String)#0 &amp; com.sun.corba.se.impl.legacy.connection.SocketFactoryAcceptorImpl#SocketFactoryAcceptorImpl(com.sun.corba.se.spi.orb.ORB, int, java.lang.String, java.lang.String)#0 &amp; com.sun.corba.se.impl.activation.ORBD#initializeBootNaming(com.sun.corba.se.spi.orb.ORB)#0&quot;, &quot;name := com.sun.corba.se.impl.orb.ORBConfiguratorImpl#createAndRegisterAcceptor(com.sun.corba.se.spi.orb.ORB, com.sun.corba.se.spi.legacy.connection.ORBSocketFactory, int, java.lang.String, java.lang.String)#3 &amp; com.sun.corba.se.impl.legacy.connection.SocketFactoryAcceptorImpl#SocketFactoryAcceptorImpl(com.sun.corba.se.spi.orb.ORB, int, java.lang.String, java.lang.String)#2 &amp; com.sun.corba.se.spi.legacy.connection.LegacyServerSocketEndPointInfo#BOOT_NAMING&quot;, &quot;SocketOrChannelAcceptorImpl := SocketOrChannelAcceptorImpl&quot;, &quot;port := com.sun.corba.se.impl.orb.ORBConfiguratorImpl#createAndRegisterAcceptor(com.sun.corba.se.spi.orb.ORB, com.sun.corba.se.spi.legacy.connection.ORBSocketFactory, int, java.lang.String, java.lang.String)#2 &amp; com.sun.corba.se.impl.legacy.connection.SocketFactoryAcceptorImpl#SocketFactoryAcceptorImpl(com.sun.corba.se.spi.orb.ORB, int, java.lang.String, java.lang.String)#1 &amp; com.sun.corba.se.impl.activation.ORBD&quot;, &quot;type := com.sun.corba.se.impl.orb.ORBConfiguratorImpl#createAndRegisterAcceptor(com.sun.corba.se.spi.orb.ORB, com.sun.corba.se.spi.legacy.connection.ORBSocketFactory, int, java.lang.String, java.lang.String)#4 &amp; com.sun.corba.se.impl.legacy.connection.SocketFactoryAcceptorImpl#SocketFactoryAcceptorImpl(com.sun.corba.se.spi.orb.ORB, int, java.lang.String, java.lang.String)#3 &amp; com.sun.corba.se.spi.transport.SocketInfo#IIOP_CLEAR_TEXT&quot; }"/>
        </annotation>
    </item>
    <item name='com.sun.corba.se.impl.transport.SocketOrChannelAcceptorImpl com.sun.corba.se.pept.transport.Acceptor getAcceptor()'>
        <annotation name='com.intellij.inspections.tainted.annotation.equation.Equations'>
            <val val="{ &quot;getAcceptor := SocketOrChannelAcceptorImpl&quot; }"/>
        </annotation>
    </item>
    <item name='com.sun.corba.se.impl.transport.SocketOrChannelAcceptorImpl com.sun.corba.se.pept.transport.EventHandler getEventHandler()'>
        <annotation name='com.intellij.inspections.tainted.annotation.equation.Equations'>
            <val val="{ &quot;getEventHandler := SocketOrChannelAcceptorImpl&quot; }"/>
        </annotation>
    </item>
    <item name='com.sun.corba.se.impl.transport.SocketOrChannelAcceptorImpl com.sun.corba.se.pept.transport.InboundConnectionCache getConnectionCache()'>
        <annotation name='com.intellij.inspections.tainted.annotation.equation.Equations'>
            <val val="{ &quot;getConnectionCache := SocketOrChannelAcceptorImpl&quot; }"/>
        </annotation>
    </item>
    <item name='com.sun.corba.se.impl.transport.SocketOrChannelAcceptorImpl int getInterestOps()'>
        <annotation name='com.intellij.inspections.tainted.annotation.equation.Equations'>
            <val val="{ &quot;getInterestOps := java.nio.channels.SelectionKey#OP_ACCEPT&quot; }"/>
        </annotation>
    </item>
    <item name='com.sun.corba.se.impl.transport.SocketOrChannelAcceptorImpl int getLocatorPort()'>
        <annotation name='com.intellij.inspections.tainted.annotation.equation.Equations'>
            <val val="{ &quot;getLocatorPort := SocketOrChannelAcceptorImpl&quot; }"/>
        </annotation>
    </item>
    <item name='com.sun.corba.se.impl.transport.SocketOrChannelAcceptorImpl int getPort()'>
        <annotation name='com.intellij.inspections.tainted.annotation.equation.Equations'>
            <val val="{ &quot;getPort := SocketOrChannelAcceptorImpl&quot; }"/>
        </annotation>
    </item>
    <item name='com.sun.corba.se.impl.transport.SocketOrChannelAcceptorImpl java.lang.String getHost()'>
        <annotation name='com.intellij.inspections.tainted.annotation.equation.Equations'>
            <val val="{ &quot;getHost := SocketOrChannelAcceptorImpl&quot; }"/>
        </annotation>
    </item>
    <item name='com.sun.corba.se.impl.transport.SocketOrChannelAcceptorImpl java.lang.String getHostName()'>
        <annotation name='com.intellij.inspections.tainted.annotation.equation.Equations'>
            <val val="{ &quot;getHostName := SocketOrChannelAcceptorImpl&quot; }"/>
        </annotation>
    </item>
    <item name='com.sun.corba.se.impl.transport.SocketOrChannelAcceptorImpl java.lang.String getName()'>
        <annotation name='com.intellij.inspections.tainted.annotation.equation.Equations'>
            <val val="{ &quot;getName := SocketOrChannelAcceptorImpl&quot; }"/>
        </annotation>
    </item>
    <item name='com.sun.corba.se.impl.transport.SocketOrChannelAcceptorImpl java.lang.String getType()'>
        <annotation name='com.intellij.inspections.tainted.annotation.equation.Equations'>
            <val val="{ &quot;getType := SocketOrChannelAcceptorImpl&quot; }"/>
        </annotation>
    </item>
    <item name='com.sun.corba.se.impl.transport.SocketOrChannelAcceptorImpl java.lang.String toString()'>
        <annotation name='com.intellij.inspections.tainted.annotation.equation.Equations'>
            <val val="{ &quot;toString := SocketOrChannelAcceptorImpl&quot; }"/>
        </annotation>
    </item>
    <item name='com.sun.corba.se.impl.transport.SocketOrChannelAcceptorImpl java.lang.String toStringName()'>
        <annotation name='com.intellij.inspections.tainted.annotation.equation.Equations'>
            <val val="{ &quot;toStringName := com.sun.corba.se.impl.legacy.connection.SocketFactoryAcceptorImpl#toStringName()&quot; }"/>
        </annotation>
    </item>
    <item name='com.sun.corba.se.impl.transport.SocketOrChannelAcceptorImpl java.net.ServerSocket getServerSocket()'>
        <annotation name='com.intellij.inspections.tainted.annotation.equation.Equations'>
            <val val="{ &quot;getServerSocket := SocketOrChannelAcceptorImpl&quot; }"/>
        </annotation>
    </item>
    <item name='com.sun.corba.se.impl.transport.SocketOrChannelAcceptorImpl java.nio.channels.SelectableChannel getChannel()'>
        <annotation name='com.intellij.inspections.tainted.annotation.equation.Equations'>
            <val val="{ &quot;getChannel := SocketOrChannelAcceptorImpl&quot; }"/>
        </annotation>
    </item>
    <item name='com.sun.corba.se.impl.transport.SocketOrChannelAcceptorImpl long getEnqueueTime()'>
        <annotation name='com.intellij.inspections.tainted.annotation.equation.Equations'>
            <val val="{ &quot;getEnqueueTime := SocketOrChannelAcceptorImpl&quot; }"/>
        </annotation>
    </item>
    <item name='com.sun.corba.se.impl.transport.SocketOrChannelAcceptorImpl void dprint(java.lang.String)'>
        <annotation name='com.intellij.inspections.tainted.annotation.equation.Equations'>
            <val val="{ &quot;msg := com.sun.corba.se.impl.legacy.connection.SocketFactoryAcceptorImpl#dprint(java.lang.String)#0&quot; }"/>
        </annotation>
    </item>
    <item name='com.sun.corba.se.impl.transport.SocketOrChannelConnectionImpl'>
        <annotation name='com.intellij.inspections.tainted.annotation.equation.Equations'>
            <val val="{ &quot;SocketOrChannelConnectionImpl := com.sun.corba.se.spi.transport.CorbaConnection#CLOSE_SENT &amp; #setTimeStamp(long)#0 &amp; com.sun.corba.se.spi.transport.CorbaConnection#ESTABLISHED &amp; #setConnectionCache(com.sun.corba.se.pept.transport.ConnectionCache)#0 &amp; #setEnqueueTime(long)#0 &amp; #setCodeSetContext(com.sun.corba.se.impl.encoding.CodeSetComponentInfo.CodeSetContext)#0 &amp; #clientReply_1_1_Put(com.sun.corba.se.pept.protocol.MessageMediator)#0 &amp; #serverRequest_1_1_Put(com.sun.corba.se.pept.protocol.MessageMediator)#0 &amp; #setCodeBaseIOR(com.sun.corba.se.spi.ior.IOR)#0 &amp; #setPartialMessageMediator(com.sun.corba.se.spi.protocol.CorbaMessageMediator)#0&quot; }"/>
        </annotation>
    </item>
    <item name='com.sun.corba.se.impl.transport.SocketOrChannelConnectionImpl SocketOrChannelConnectionImpl(com.sun.corba.se.spi.orb.ORB)'>
        <annotation name='com.intellij.inspections.tainted.annotation.equation.Equations'>
            <val val="{ &quot;SocketOrChannelConnectionImpl := SocketOrChannelConnectionImpl&quot;, &quot;orb := #SocketOrChannelConnectionImpl(com.sun.corba.se.spi.orb.ORB, boolean, boolean)#0&quot; }"/>
        </annotation>
    </item>
    <item name='com.sun.corba.se.impl.transport.SocketOrChannelConnectionImpl SocketOrChannelConnectionImpl(com.sun.corba.se.spi.orb.ORB, boolean, boolean)'>
        <annotation name='com.intellij.inspections.tainted.annotation.equation.Equations'>
            <val val="{ &quot;SocketOrChannelConnectionImpl := SocketOrChannelConnectionImpl&quot;, &quot;orb := com.sun.corba.se.impl.legacy.connection.SocketFactoryConnectionImpl#SocketFactoryConnectionImpl(com.sun.corba.se.spi.orb.ORB, com.sun.corba.se.spi.transport.CorbaContactInfo, boolean, boolean)#0 &amp; #SocketOrChannelConnectionImpl(com.sun.corba.se.spi.orb.ORB, com.sun.corba.se.spi.transport.CorbaContactInfo, boolean, boolean, java.lang.String, java.lang.String, int)#0 &amp; #SocketOrChannelConnectionImpl(com.sun.corba.se.spi.orb.ORB, com.sun.corba.se.pept.transport.Acceptor, java.net.Socket, boolean, boolean)#0&quot; }"/>
        </annotation>
    </item>
    <item name='com.sun.corba.se.impl.transport.SocketOrChannelConnectionImpl SocketOrChannelConnectionImpl(com.sun.corba.se.spi.orb.ORB, com.sun.corba.se.pept.transport.Acceptor, java.net.Socket)'>
        <annotation name='com.intellij.inspections.tainted.annotation.equation.Equations'>
            <val val="{ &quot;SocketOrChannelConnectionImpl := SocketOrChannelConnectionImpl&quot;, &quot;socket := &quot;, &quot;acceptor := SocketOrChannelAcceptorImpl&quot;, &quot;orb := SocketOrChannelAcceptorImpl&quot; }"/>
        </annotation>
    </item>
    <item name='com.sun.corba.se.impl.transport.SocketOrChannelConnectionImpl SocketOrChannelConnectionImpl(com.sun.corba.se.spi.orb.ORB, com.sun.corba.se.pept.transport.Acceptor, java.net.Socket, boolean, boolean)'>
        <annotation name='com.intellij.inspections.tainted.annotation.equation.Equations'>
            <val val="{ &quot;acceptor := #SocketOrChannelConnectionImpl(com.sun.corba.se.spi.orb.ORB, com.sun.corba.se.pept.transport.Acceptor, java.net.Socket)#1&quot;, &quot;SocketOrChannelConnectionImpl := SocketOrChannelConnectionImpl&quot;, &quot;orb := #SocketOrChannelConnectionImpl(com.sun.corba.se.spi.orb.ORB, com.sun.corba.se.pept.transport.Acceptor, java.net.Socket)#0&quot;, &quot;socket := #SocketOrChannelConnectionImpl(com.sun.corba.se.spi.orb.ORB, com.sun.corba.se.pept.transport.Acceptor, java.net.Socket)#2&quot; }"/>
        </annotation>
    </item>
    <item name='com.sun.corba.se.impl.transport.SocketOrChannelConnectionImpl SocketOrChannelConnectionImpl(com.sun.corba.se.spi.orb.ORB, com.sun.corba.se.spi.transport.CorbaContactInfo, boolean, boolean, java.lang.String, java.lang.String, int)'>
        <annotation name='com.intellij.inspections.tainted.annotation.equation.Equations'>
            <val val="{ &quot;hostname := #SocketOrChannelConnectionImpl(com.sun.corba.se.spi.orb.ORB, com.sun.corba.se.spi.transport.CorbaContactInfo, java.lang.String, java.lang.String, int)#3&quot;, &quot;orb := #SocketOrChannelConnectionImpl(com.sun.corba.se.spi.orb.ORB, com.sun.corba.se.spi.transport.CorbaContactInfo, java.lang.String, java.lang.String, int)#0&quot;, &quot;SocketOrChannelConnectionImpl := SocketOrChannelConnectionImpl&quot;, &quot;socketType := #SocketOrChannelConnectionImpl(com.sun.corba.se.spi.orb.ORB, com.sun.corba.se.spi.transport.CorbaContactInfo, java.lang.String, java.lang.String, int)#2&quot;, &quot;contactInfo := #SocketOrChannelConnectionImpl(com.sun.corba.se.spi.orb.ORB, com.sun.corba.se.spi.transport.CorbaContactInfo, java.lang.String, java.lang.String, int)#1&quot;, &quot;port := #SocketOrChannelConnectionImpl(com.sun.corba.se.spi.orb.ORB, com.sun.corba.se.spi.transport.CorbaContactInfo, java.lang.String, java.lang.String, int)#4&quot; }"/>
        </annotation>
    </item>
    <item name='com.sun.corba.se.impl.transport.SocketOrChannelConnectionImpl SocketOrChannelConnectionImpl(com.sun.corba.se.spi.orb.ORB, com.sun.corba.se.spi.transport.CorbaContactInfo, java.lang.String, java.lang.String, int)'>
        <annotation name='com.intellij.inspections.tainted.annotation.equation.Equations'>
            <val val="{ &quot;hostname := SocketOrChannelContactInfoImpl&quot;, &quot;port := SocketOrChannelContactInfoImpl&quot;, &quot;socketType := SocketOrChannelContactInfoImpl&quot;, &quot;contactInfo := SocketOrChannelContactInfoImpl&quot;, &quot;orb := SocketOrChannelContactInfoImpl&quot;, &quot;SocketOrChannelConnectionImpl := SocketOrChannelConnectionImpl&quot; }"/>
        </annotation>
    </item>
    <item name='com.sun.corba.se.impl.transport.SocketOrChannelConnectionImpl boolean dispatch(com.sun.corba.se.spi.protocol.CorbaMessageMediator)'>
        <annotation name='com.intellij.inspections.tainted.annotation.equation.Equations'>
            <val val="{ &quot;messageMediator := &quot; }"/>
        </annotation>
    </item>
    <item name='com.sun.corba.se.impl.transport.SocketOrChannelConnectionImpl com.sun.corba.se.impl.encoding.CodeSetComponentInfo.CodeSetContext getCodeSetContext()'>
        <annotation name='com.intellij.inspections.tainted.annotation.equation.Equations'>
            <val val="{ &quot;getCodeSetContext := SocketOrChannelConnectionImpl&quot; }"/>
        </annotation>
    </item>
    <item name='com.sun.corba.se.impl.transport.SocketOrChannelConnectionImpl com.sun.corba.se.pept.protocol.MessageMediator clientReply_1_1_Get()'>
        <annotation name='com.intellij.inspections.tainted.annotation.equation.Equations'>
            <val val="{ &quot;clientReply_1_1_Get := SocketOrChannelConnectionImpl&quot; }"/>
        </annotation>
    </item>
    <item name='com.sun.corba.se.impl.transport.SocketOrChannelConnectionImpl com.sun.corba.se.pept.protocol.MessageMediator serverRequest_1_1_Get()'>
        <annotation name='com.intellij.inspections.tainted.annotation.equation.Equations'>
            <val val="{ &quot;serverRequest_1_1_Get := SocketOrChannelConnectionImpl&quot; }"/>
        </annotation>
    </item>
    <item name='com.sun.corba.se.impl.transport.SocketOrChannelConnectionImpl com.sun.corba.se.pept.transport.Acceptor getAcceptor()'>
        <annotation name='com.intellij.inspections.tainted.annotation.equation.Equations'>
            <val val="{ &quot;getAcceptor := SocketOrChannelConnectionImpl&quot; }"/>
        </annotation>
    </item>
    <item name='com.sun.corba.se.impl.transport.SocketOrChannelConnectionImpl com.sun.corba.se.pept.transport.Connection getConnection()'>
        <annotation name='com.intellij.inspections.tainted.annotation.equation.Equations'>
            <val val="{ &quot;getConnection := SocketOrChannelConnectionImpl&quot; }"/>
        </annotation>
    </item>
    <item name='com.sun.corba.se.impl.transport.SocketOrChannelConnectionImpl com.sun.corba.se.pept.transport.ConnectionCache getConnectionCache()'>
        <annotation name='com.intellij.inspections.tainted.annotation.equation.Equations'>
            <val val="{ &quot;getConnectionCache := SocketOrChannelConnectionImpl&quot; }"/>
        </annotation>
    </item>
    <item name='com.sun.corba.se.impl.transport.SocketOrChannelConnectionImpl com.sun.corba.se.pept.transport.ContactInfo getContactInfo()'>
        <annotation name='com.intellij.inspections.tainted.annotation.equation.Equations'>
            <val val="{ &quot;getContactInfo := SocketOrChannelConnectionImpl&quot; }"/>
        </annotation>
    </item>
    <item name='com.sun.corba.se.impl.transport.SocketOrChannelConnectionImpl com.sun.corba.se.pept.transport.EventHandler getEventHandler()'>
        <annotation name='com.intellij.inspections.tainted.annotation.equation.Equations'>
            <val val="{ &quot;getEventHandler := SocketOrChannelConnectionImpl&quot; }"/>
        </annotation>
    </item>
    <item name='com.sun.corba.se.impl.transport.SocketOrChannelConnectionImpl com.sun.corba.se.pept.transport.ResponseWaitingRoom getResponseWaitingRoom()'>
        <annotation name='com.intellij.inspections.tainted.annotation.equation.Equations'>
            <val val="{ &quot;getResponseWaitingRoom := SocketOrChannelConnectionImpl&quot; }"/>
        </annotation>
    </item>
    <item name='com.sun.corba.se.impl.transport.SocketOrChannelConnectionImpl com.sun.corba.se.spi.ior.IOR getCodeBaseIOR()'>
        <annotation name='com.intellij.inspections.tainted.annotation.equation.Equations'>
            <val val="{ &quot;getCodeBaseIOR := SocketOrChannelConnectionImpl&quot; }"/>
        </annotation>
    </item>
    <item name='com.sun.corba.se.impl.transport.SocketOrChannelConnectionImpl com.sun.corba.se.spi.orb.ORB getBroker()'>
        <annotation name='com.intellij.inspections.tainted.annotation.equation.Equations'>
            <val val="{ &quot;getBroker := SocketOrChannelConnectionImpl&quot; }"/>
        </annotation>
    </item>
    <item name='com.sun.corba.se.impl.transport.SocketOrChannelConnectionImpl com.sun.corba.se.spi.protocol.CorbaMessageMediator finishReadingBits(com.sun.corba.se.pept.protocol.MessageMediator)'>
        <annotation name='com.intellij.inspections.tainted.annotation.equation.Equations'>
            <val val="{ &quot;finishReadingBits := messageMediator&quot;, &quot;messageMediator := &quot; }"/>
        </annotation>
    </item>
    <item name='com.sun.corba.se.impl.transport.SocketOrChannelConnectionImpl com.sun.corba.se.spi.protocol.CorbaMessageMediator getPartialMessageMediator()'>
        <annotation name='com.intellij.inspections.tainted.annotation.equation.Equations'>
            <val val="{ &quot;getPartialMessageMediator := SocketOrChannelConnectionImpl&quot; }"/>
        </annotation>
    </item>
    <item name='com.sun.corba.se.impl.transport.SocketOrChannelConnectionImpl com.sun.org.omg.SendingContext.CodeBase getCodeBase()'>
        <annotation name='com.intellij.inspections.tainted.annotation.equation.Equations'>
            <val val="{ &quot;getCodeBase := SocketOrChannelConnectionImpl&quot; }"/>
        </annotation>
    </item>
    <item name='com.sun.corba.se.impl.transport.SocketOrChannelConnectionImpl int getInterestOps()'>
        <annotation name='com.intellij.inspections.tainted.annotation.equation.Equations'>
            <val val="{ &quot;getInterestOps := java.nio.channels.SelectionKey#OP_READ&quot; }"/>
        </annotation>
    </item>
    <item name='com.sun.corba.se.impl.transport.SocketOrChannelConnectionImpl java.lang.String getStateString(int)'>
        <annotation name='com.intellij.inspections.tainted.annotation.equation.Equations'>
            <val val="{ &quot;state := com.sun.corba.se.impl.legacy.connection.SocketFactoryConnectionImpl &amp; SocketOrChannelConnectionImpl&quot; }"/>
        </annotation>
    </item>
    <item name='com.sun.corba.se.impl.transport.SocketOrChannelConnectionImpl java.lang.String toString()'>
        <annotation name='com.intellij.inspections.tainted.annotation.equation.Equations'>
            <val val="{ &quot;toString := com.sun.corba.se.impl.legacy.connection.SocketFactoryConnectionImpl#toString()&quot; }"/>
        </annotation>
    </item>
    <item name='com.sun.corba.se.impl.transport.SocketOrChannelConnectionImpl java.net.Socket getSocket()'>
        <annotation name='com.intellij.inspections.tainted.annotation.equation.Equations'>
            <val val="{ &quot;getSocket := SocketOrChannelConnectionImpl&quot; }"/>
        </annotation>
    </item>
    <item name='com.sun.corba.se.impl.transport.SocketOrChannelConnectionImpl java.nio.ByteBuffer read(java.nio.ByteBuffer, int, int, long)'>
        <annotation name='com.intellij.inspections.tainted.annotation.equation.Equations'>
            <val val="{ &quot;read := byteBuffer&quot; }"/>
        </annotation>
    </item>
    <item name='com.sun.corba.se.impl.transport.SocketOrChannelConnectionImpl java.nio.channels.SelectableChannel getChannel()'>
        <annotation name='com.intellij.inspections.tainted.annotation.equation.Equations'>
            <val val="{ &quot;getChannel := SocketOrChannelConnectionImpl&quot; }"/>
        </annotation>
    </item>
    <item name='com.sun.corba.se.impl.transport.SocketOrChannelConnectionImpl java.nio.channels.SocketChannel getSocketChannel()'>
        <annotation name='com.intellij.inspections.tainted.annotation.equation.Equations'>
            <val val="{ &quot;getSocketChannel := SocketOrChannelConnectionImpl&quot; }"/>
        </annotation>
    </item>
    <item name='com.sun.corba.se.impl.transport.SocketOrChannelConnectionImpl long getEnqueueTime()'>
        <annotation name='com.intellij.inspections.tainted.annotation.equation.Equations'>
            <val val="{ &quot;getEnqueueTime := SocketOrChannelConnectionImpl&quot; }"/>
        </annotation>
    </item>
    <item name='com.sun.corba.se.impl.transport.SocketOrChannelConnectionImpl long getTimeStamp()'>
        <annotation name='com.intellij.inspections.tainted.annotation.equation.Equations'>
            <val val="{ &quot;getTimeStamp := SocketOrChannelConnectionImpl&quot; }"/>
        </annotation>
    </item>
    <item name='com.sun.corba.se.impl.transport.SocketOrChannelConnectionImpl void dprint(java.lang.String)'>
        <annotation name='com.intellij.inspections.tainted.annotation.equation.Equations'>
            <val val="{ &quot;msg := com.sun.corba.se.impl.legacy.connection.SocketFactoryConnectionImpl#dprint(java.lang.String)#0&quot; }"/>
        </annotation>
    </item>
    <item name='com.sun.corba.se.impl.transport.SocketOrChannelConnectionImpl void dprint(java.lang.String, java.lang.Throwable)'>
        <annotation name='com.intellij.inspections.tainted.annotation.equation.Equations'>
            <val val="{ &quot;msg := SocketOrChannelConnectionImpl&quot; }"/>
        </annotation>
    </item>
    <item name='com.sun.corba.se.impl.transport.SocketOrChannelConnectionImpl void purgeCalls(org.omg.CORBA.SystemException, boolean, boolean)'>
        <annotation name='com.intellij.inspections.tainted.annotation.equation.Equations'>
            <val val="{ &quot;systemException := &quot; }"/>
        </annotation>
    </item>
    <item name='com.sun.corba.se.impl.transport.SocketOrChannelConnectionImpl void readFully(java.io.InputStream, byte[], int, int, long)'>
        <annotation name='com.intellij.inspections.tainted.annotation.equation.Equations'>
            <val val="{ &quot;offset := #read(int, int, int, long)#1 &amp; #read(java.nio.ByteBuffer, int, int, long)#1&quot;, &quot;max_wait_time := #read(int, int, int, long)#3 &amp; #read(java.nio.ByteBuffer, int, int, long)#3&quot;, &quot;size := #read(int, int, int, long)#2 &amp; #read(java.nio.ByteBuffer, int, int, long)#2&quot; }"/>
        </annotation>
    </item>
    <item name='com.sun.corba.se.impl.transport.SocketOrChannelConnectionImpl void readFully(java.nio.ByteBuffer, int, long)'>
        <annotation name='com.intellij.inspections.tainted.annotation.equation.Equations'>
            <val val="{ &quot;byteBuffer := #read(java.nio.ByteBuffer, int, int, long)#0&quot;, &quot;size := #read(int, int, int, long)#2 &amp; #read(java.nio.ByteBuffer, int, int, long)#2&quot;, &quot;max_wait_time := #read(int, int, int, long)#3 &amp; #read(java.nio.ByteBuffer, int, int, long)#3&quot; }"/>
        </annotation>
    </item>
    <item name='com.sun.corba.se.impl.transport.SocketOrChannelConnectionImpl void sendCancelRequest(com.sun.corba.se.spi.ior.iiop.GIOPVersion, int)'>
        <annotation name='com.intellij.inspections.tainted.annotation.equation.Equations'>
            <val val="{ &quot;requestId := #sendCancelRequestWithLock(com.sun.corba.se.spi.ior.iiop.GIOPVersion, int)#1&quot;, &quot;giopVersion := #sendCancelRequestWithLock(com.sun.corba.se.spi.ior.iiop.GIOPVersion, int)#0&quot; }"/>
        </annotation>
    </item>
    <item name='com.sun.corba.se.impl.transport.SocketOrChannelConnectionImpl void sendCloseConnection(com.sun.corba.se.spi.ior.iiop.GIOPVersion)'>
        <annotation name='com.intellij.inspections.tainted.annotation.equation.Equations'>
            <val val="{ &quot;giopVersion := com.sun.corba.se.spi.ior.iiop.GIOPVersion#V1_0&quot; }"/>
        </annotation>
    </item>
    <item name='com.sun.corba.se.impl.transport.SocketOrChannelConnectionImpl void sendHelper(com.sun.corba.se.spi.ior.iiop.GIOPVersion, com.sun.corba.se.impl.protocol.giopmsgheaders.Message)'>
        <annotation name='com.intellij.inspections.tainted.annotation.equation.Equations'>
            <val val="{ &quot;giopVersion := #sendCloseConnection(com.sun.corba.se.spi.ior.iiop.GIOPVersion)#0 &amp; #sendMessageError(com.sun.corba.se.spi.ior.iiop.GIOPVersion)#0 &amp; #sendCancelRequest(com.sun.corba.se.spi.ior.iiop.GIOPVersion, int)#0&quot; }"/>
        </annotation>
    </item>
    <item name='com.sun.corba.se.impl.transport.SocketOrChannelConnectionImpl void sendMessageError(com.sun.corba.se.spi.ior.iiop.GIOPVersion)'>
        <annotation name='com.intellij.inspections.tainted.annotation.equation.Equations'>
            <val val="{ &quot;giopVersion := com.sun.corba.se.spi.ior.iiop.GIOPVersion#DEFAULT_VERSION&quot; }"/>
        </annotation>
    </item>
    <item name='com.sun.corba.se.impl.transport.SocketOrChannelContactInfoImpl SocketOrChannelContactInfoImpl()'>
        <annotation name='com.intellij.inspections.tainted.annotation.equation.Equations'>
            <val val="{ &quot;SocketOrChannelContactInfoImpl := SocketOrChannelContactInfoImpl&quot; }"/>
        </annotation>
    </item>
    <item name='com.sun.corba.se.impl.transport.SocketOrChannelContactInfoImpl SocketOrChannelContactInfoImpl(com.sun.corba.se.spi.orb.ORB, com.sun.corba.se.spi.transport.CorbaContactInfoList)'>
        <annotation name='com.intellij.inspections.tainted.annotation.equation.Equations'>
            <val val="{ &quot;orb := com.sun.corba.se.impl.legacy.connection.SocketFactoryContactInfoImpl#SocketFactoryContactInfoImpl(com.sun.corba.se.spi.orb.ORB, com.sun.corba.se.spi.transport.CorbaContactInfoList, com.sun.corba.se.spi.ior.IOR, short, com.sun.corba.se.spi.transport.SocketInfo)#0 &amp; #SocketOrChannelContactInfoImpl(com.sun.corba.se.spi.orb.ORB, com.sun.corba.se.spi.transport.CorbaContactInfoList, java.lang.String, java.lang.String, int)#0&quot;, &quot;contactInfoList := com.sun.corba.se.impl.legacy.connection.SocketFactoryContactInfoImpl#SocketFactoryContactInfoImpl(com.sun.corba.se.spi.orb.ORB, com.sun.corba.se.spi.transport.CorbaContactInfoList, com.sun.corba.se.spi.ior.IOR, short, com.sun.corba.se.spi.transport.SocketInfo)#1 &amp; #SocketOrChannelContactInfoImpl(com.sun.corba.se.spi.orb.ORB, com.sun.corba.se.spi.transport.CorbaContactInfoList, java.lang.String, java.lang.String, int)#1&quot;, &quot;SocketOrChannelContactInfoImpl := SocketOrChannelContactInfoImpl&quot; }"/>
        </annotation>
    </item>
    <item name='com.sun.corba.se.impl.transport.SocketOrChannelContactInfoImpl SocketOrChannelContactInfoImpl(com.sun.corba.se.spi.orb.ORB, com.sun.corba.se.spi.transport.CorbaContactInfoList, com.sun.corba.se.spi.ior.IOR, short, java.lang.String, java.lang.String, int)'>
        <annotation name='com.intellij.inspections.tainted.annotation.equation.Equations'>
            <val val="{ &quot;SocketOrChannelContactInfoImpl := SocketOrChannelContactInfoImpl&quot;, &quot;effectiveTargetIOR := CorbaContactInfoListImpl&quot;, &quot;socketType := CorbaContactInfoListImpl#createContactInfo(java.lang.String, java.lang.String, int)#0&quot;, &quot;hostname := CorbaContactInfoListImpl#createContactInfo(java.lang.String, java.lang.String, int)#1&quot;, &quot;orb := CorbaContactInfoListImpl&quot;, &quot;port := CorbaContactInfoListImpl#createContactInfo(java.lang.String, java.lang.String, int)#2&quot;, &quot;contactInfoList := CorbaContactInfoListImpl&quot; }"/>
        </annotation>
    </item>
    <item name='com.sun.corba.se.impl.transport.SocketOrChannelContactInfoImpl SocketOrChannelContactInfoImpl(com.sun.corba.se.spi.orb.ORB, com.sun.corba.se.spi.transport.CorbaContactInfoList, java.lang.String, java.lang.String, int)'>
        <annotation name='com.intellij.inspections.tainted.annotation.equation.Equations'>
            <val val="{ &quot;contactInfoList := #SocketOrChannelContactInfoImpl(com.sun.corba.se.spi.orb.ORB, com.sun.corba.se.spi.transport.CorbaContactInfoList, com.sun.corba.se.spi.ior.IOR, short, java.lang.String, java.lang.String, int)#1&quot;, &quot;orb := #SocketOrChannelContactInfoImpl(com.sun.corba.se.spi.orb.ORB, com.sun.corba.se.spi.transport.CorbaContactInfoList, com.sun.corba.se.spi.ior.IOR, short, java.lang.String, java.lang.String, int)#0&quot;, &quot;SocketOrChannelContactInfoImpl := SocketOrChannelContactInfoImpl&quot;, &quot;port := #SocketOrChannelContactInfoImpl(com.sun.corba.se.spi.orb.ORB, com.sun.corba.se.spi.transport.CorbaContactInfoList, com.sun.corba.se.spi.ior.IOR, short, java.lang.String, java.lang.String, int)#6&quot;, &quot;socketType := #SocketOrChannelContactInfoImpl(com.sun.corba.se.spi.orb.ORB, com.sun.corba.se.spi.transport.CorbaContactInfoList, com.sun.corba.se.spi.ior.IOR, short, java.lang.String, java.lang.String, int)#4&quot;, &quot;hostname := #SocketOrChannelContactInfoImpl(com.sun.corba.se.spi.orb.ORB, com.sun.corba.se.spi.transport.CorbaContactInfoList, com.sun.corba.se.spi.ior.IOR, short, java.lang.String, java.lang.String, int)#5&quot; }"/>
        </annotation>
    </item>
    <item name='com.sun.corba.se.impl.transport.SocketOrChannelContactInfoImpl com.sun.corba.se.pept.transport.Connection createConnection()'>
        <annotation name='com.intellij.inspections.tainted.annotation.equation.Equations'>
            <val val="{ &quot;createConnection := com.sun.corba.se.impl.legacy.connection.SocketFactoryContactInfoImpl#createConnection()&quot; }"/>
        </annotation>
    </item>
    <item name='com.sun.corba.se.impl.transport.SocketOrChannelContactInfoImpl int getPort()'>
        <annotation name='com.intellij.inspections.tainted.annotation.equation.Equations'>
            <val val="{ &quot;getPort := SocketOrChannelContactInfoImpl&quot; }"/>
        </annotation>
    </item>
    <item name='com.sun.corba.se.impl.transport.SocketOrChannelContactInfoImpl int hashCode()'>
        <annotation name='com.intellij.inspections.tainted.annotation.equation.Equations'>
            <val val="{ &quot;hashCode := SocketOrChannelContactInfoImpl&quot; }"/>
        </annotation>
    </item>
    <item name='com.sun.corba.se.impl.transport.SocketOrChannelContactInfoImpl java.lang.String getConnectionCacheType()'>
        <annotation name='com.intellij.inspections.tainted.annotation.equation.Equations'>
            <val val="{ &quot;getConnectionCacheType := com.sun.corba.se.spi.transport.CorbaTransportManager#SOCKET_OR_CHANNEL_CONNECTION_CACHE&quot; }"/>
        </annotation>
    </item>
    <item name='com.sun.corba.se.impl.transport.SocketOrChannelContactInfoImpl java.lang.String getHost()'>
        <annotation name='com.intellij.inspections.tainted.annotation.equation.Equations'>
            <val val="{ &quot;getHost := SocketOrChannelContactInfoImpl&quot; }"/>
        </annotation>
    </item>
    <item name='com.sun.corba.se.impl.transport.SocketOrChannelContactInfoImpl java.lang.String getType()'>
        <annotation name='com.intellij.inspections.tainted.annotation.equation.Equations'>
            <val val="{ &quot;getType := SocketOrChannelContactInfoImpl&quot; }"/>
        </annotation>
    </item>
    <item name='com.sun.corba.se.impl.transport.SocketOrChannelContactInfoImpl java.lang.String toString()'>
        <annotation name='com.intellij.inspections.tainted.annotation.equation.Equations'>
            <val val="{ &quot;toString := com.sun.corba.se.impl.legacy.connection.SocketFactoryContactInfoImpl#toString()&quot; }"/>
        </annotation>
    </item>
</root>