<root>
    <item name='com.sun.image.codec.jpeg.ImageFormatException ImageFormatException(java.lang.String)'>
        <annotation name='com.intellij.inspections.tainted.annotation.equation.Equations'>
            <val val="{ &quot;ImageFormatException := ImageFormatException&quot; }"/>
        </annotation>
    </item>
    <item name='com.sun.image.codec.jpeg.JPEGDecodeParam boolean getMarker(int)'>
        <annotation name='com.intellij.inspections.tainted.annotation.equation.Equations'>
            <val val="{ &quot;marker := sun.awt.image.codec.JPEGParam#getMarker(int)#0&quot; }"/>
        </annotation>
    </item>
    <item name='com.sun.image.codec.jpeg.JPEGDecodeParam byte[][] getMarkerData(int)'>
        <annotation name='com.intellij.inspections.tainted.annotation.equation.Equations'>
            <val val="{ &quot;getMarkerData := sun.awt.image.codec.JPEGParam#getMarkerData(int)&quot;, &quot;marker := sun.awt.image.codec.JPEGParam#getMarkerData(int)#0&quot; }"/>
        </annotation>
    </item>
    <item name='com.sun.image.codec.jpeg.JPEGDecodeParam com.sun.image.codec.jpeg.JPEGHuffmanTable getACHuffmanTable(int)'>
        <annotation name='com.intellij.inspections.tainted.annotation.equation.Equations'>
            <val val="{ &quot;tableNum := sun.awt.image.codec.JPEGParam#getACHuffmanTable(int)#0&quot;, &quot;getACHuffmanTable := sun.awt.image.codec.JPEGParam#getACHuffmanTable(int)&quot; }"/>
        </annotation>
    </item>
    <item name='com.sun.image.codec.jpeg.JPEGDecodeParam com.sun.image.codec.jpeg.JPEGHuffmanTable getACHuffmanTableForComponent(int)'>
        <annotation name='com.intellij.inspections.tainted.annotation.equation.Equations'>
            <val val="{ &quot;component := sun.awt.image.codec.JPEGParam#getACHuffmanTableForComponent(int)#0&quot;, &quot;getACHuffmanTableForComponent := sun.awt.image.codec.JPEGParam#getACHuffmanTableForComponent(int)&quot; }"/>
        </annotation>
    </item>
    <item name='com.sun.image.codec.jpeg.JPEGDecodeParam com.sun.image.codec.jpeg.JPEGHuffmanTable getDCHuffmanTable(int)'>
        <annotation name='com.intellij.inspections.tainted.annotation.equation.Equations'>
            <val val="{ &quot;tableNum := sun.awt.image.codec.JPEGParam#getDCHuffmanTable(int)#0&quot;, &quot;getDCHuffmanTable := sun.awt.image.codec.JPEGParam#getDCHuffmanTable(int)&quot; }"/>
        </annotation>
    </item>
    <item name='com.sun.image.codec.jpeg.JPEGDecodeParam com.sun.image.codec.jpeg.JPEGHuffmanTable getDCHuffmanTableForComponent(int)'>
        <annotation name='com.intellij.inspections.tainted.annotation.equation.Equations'>
            <val val="{ &quot;component := sun.awt.image.codec.JPEGParam#getDCHuffmanTableForComponent(int)#0&quot;, &quot;getDCHuffmanTableForComponent := sun.awt.image.codec.JPEGParam#getDCHuffmanTableForComponent(int)&quot; }"/>
        </annotation>
    </item>
    <item name='com.sun.image.codec.jpeg.JPEGDecodeParam com.sun.image.codec.jpeg.JPEGQTable getQTable(int)'>
        <annotation name='com.intellij.inspections.tainted.annotation.equation.Equations'>
            <val val="{ &quot;tableNum := sun.awt.image.codec.JPEGParam#getQTable(int)#0&quot;, &quot;getQTable := sun.awt.image.codec.JPEGParam#getQTable(int)&quot; }"/>
        </annotation>
    </item>
    <item name='com.sun.image.codec.jpeg.JPEGDecodeParam com.sun.image.codec.jpeg.JPEGQTable getQTableForComponent(int)'>
        <annotation name='com.intellij.inspections.tainted.annotation.equation.Equations'>
            <val val="{ &quot;getQTableForComponent := sun.awt.image.codec.JPEGParam#getQTableForComponent(int)&quot;, &quot;component := sun.awt.image.codec.JPEGParam#getQTableForComponent(int)#0&quot; }"/>
        </annotation>
    </item>
    <item name='com.sun.image.codec.jpeg.JPEGDecodeParam int getACHuffmanComponentMapping(int)'>
        <annotation name='com.intellij.inspections.tainted.annotation.equation.Equations'>
            <val val="{ &quot;component := sun.awt.image.codec.JPEGParam#getACHuffmanComponentMapping(int)#0&quot;, &quot;getACHuffmanComponentMapping := sun.awt.image.codec.JPEGParam#getACHuffmanComponentMapping(int)&quot; }"/>
        </annotation>
    </item>
    <item name='com.sun.image.codec.jpeg.JPEGDecodeParam int getDCHuffmanComponentMapping(int)'>
        <annotation name='com.intellij.inspections.tainted.annotation.equation.Equations'>
            <val val="{ &quot;component := sun.awt.image.codec.JPEGParam#getDCHuffmanComponentMapping(int)#0&quot;, &quot;getDCHuffmanComponentMapping := sun.awt.image.codec.JPEGParam#getDCHuffmanComponentMapping(int)&quot; }"/>
        </annotation>
    </item>
    <item name='com.sun.image.codec.jpeg.JPEGDecodeParam int getDensityUnit()'>
        <annotation name='com.intellij.inspections.tainted.annotation.equation.Equations'>
            <val val="{ &quot;getDensityUnit := sun.awt.image.codec.JPEGParam#getDensityUnit()&quot; }"/>
        </annotation>
    </item>
    <item name='com.sun.image.codec.jpeg.JPEGDecodeParam int getEncodedColorID()'>
        <annotation name='com.intellij.inspections.tainted.annotation.equation.Equations'>
            <val val="{ &quot;getEncodedColorID := sun.awt.image.codec.JPEGParam#getEncodedColorID()&quot; }"/>
        </annotation>
    </item>
    <item name='com.sun.image.codec.jpeg.JPEGDecodeParam int getHeight()'>
        <annotation name='com.intellij.inspections.tainted.annotation.equation.Equations'>
            <val val="{ &quot;getHeight := sun.awt.image.codec.JPEGParam#getHeight()&quot; }"/>
        </annotation>
    </item>
    <item name='com.sun.image.codec.jpeg.JPEGDecodeParam int getHorizontalSubsampling(int)'>
        <annotation name='com.intellij.inspections.tainted.annotation.equation.Equations'>
            <val val="{ &quot;getHorizontalSubsampling := sun.awt.image.codec.JPEGParam#getHorizontalSubsampling(int)&quot;, &quot;component := sun.awt.image.codec.JPEGParam#getHorizontalSubsampling(int)#0&quot; }"/>
        </annotation>
    </item>
    <item name='com.sun.image.codec.jpeg.JPEGDecodeParam int getNumComponents()'>
        <annotation name='com.intellij.inspections.tainted.annotation.equation.Equations'>
            <val val="{ &quot;getNumComponents := sun.awt.image.codec.JPEGParam#getNumComponents()&quot; }"/>
        </annotation>
    </item>
    <item name='com.sun.image.codec.jpeg.JPEGDecodeParam int getQTableComponentMapping(int)'>
        <annotation name='com.intellij.inspections.tainted.annotation.equation.Equations'>
            <val val="{ &quot;getQTableComponentMapping := sun.awt.image.codec.JPEGParam#getQTableComponentMapping(int)&quot;, &quot;component := sun.awt.image.codec.JPEGParam#getQTableComponentMapping(int)#0&quot; }"/>
        </annotation>
    </item>
    <item name='com.sun.image.codec.jpeg.JPEGDecodeParam int getRestartInterval()'>
        <annotation name='com.intellij.inspections.tainted.annotation.equation.Equations'>
            <val val="{ &quot;getRestartInterval := sun.awt.image.codec.JPEGParam#getRestartInterval()&quot; }"/>
        </annotation>
    </item>
    <item name='com.sun.image.codec.jpeg.JPEGDecodeParam int getVerticalSubsampling(int)'>
        <annotation name='com.intellij.inspections.tainted.annotation.equation.Equations'>
            <val val="{ &quot;component := sun.awt.image.codec.JPEGParam#getVerticalSubsampling(int)#0&quot;, &quot;getVerticalSubsampling := sun.awt.image.codec.JPEGParam#getVerticalSubsampling(int)&quot; }"/>
        </annotation>
    </item>
    <item name='com.sun.image.codec.jpeg.JPEGDecodeParam int getWidth()'>
        <annotation name='com.intellij.inspections.tainted.annotation.equation.Equations'>
            <val val="{ &quot;getWidth := sun.awt.image.codec.JPEGParam#getWidth()&quot; }"/>
        </annotation>
    </item>
    <item name='com.sun.image.codec.jpeg.JPEGDecodeParam int getXDensity()'>
        <annotation name='com.intellij.inspections.tainted.annotation.equation.Equations'>
            <val val="{ &quot;getXDensity := sun.awt.image.codec.JPEGParam#getXDensity()&quot; }"/>
        </annotation>
    </item>
    <item name='com.sun.image.codec.jpeg.JPEGDecodeParam int getYDensity()'>
        <annotation name='com.intellij.inspections.tainted.annotation.equation.Equations'>
            <val val="{ &quot;getYDensity := sun.awt.image.codec.JPEGParam#getYDensity()&quot; }"/>
        </annotation>
    </item>
    <item name='com.sun.image.codec.jpeg.JPEGDecodeParam java.lang.Object clone()'>
        <annotation name='com.intellij.inspections.tainted.annotation.equation.Equations'>
            <val val="{ &quot;clone := JPEGEncodeParam#clone()&quot; }"/>
        </annotation>
    </item>
    <item name='com.sun.image.codec.jpeg.JPEGEncodeParam java.lang.Object clone()'>
        <annotation name='com.intellij.inspections.tainted.annotation.equation.Equations'>
            <val val="{ &quot;clone := sun.awt.image.codec.JPEGParam#clone()&quot; }"/>
        </annotation>
    </item>
    <item name='com.sun.image.codec.jpeg.JPEGEncodeParam void addMarkerData(int, byte[])'>
        <annotation name='com.intellij.inspections.tainted.annotation.equation.Equations'>
            <val val="{ &quot;marker := sun.awt.image.codec.JPEGParam#addMarkerData(int, byte[])#0&quot;, &quot;data := sun.awt.image.codec.JPEGParam#addMarkerData(int, byte[])#1&quot; }"/>
        </annotation>
    </item>
    <item name='com.sun.image.codec.jpeg.JPEGEncodeParam void setACHuffmanComponentMapping(int, int)'>
        <annotation name='com.intellij.inspections.tainted.annotation.equation.Equations'>
            <val val="{ &quot;table := sun.awt.image.codec.JPEGParam#setACHuffmanComponentMapping(int, int)#1&quot;, &quot;component := sun.awt.image.codec.JPEGParam#setACHuffmanComponentMapping(int, int)#0&quot; }"/>
        </annotation>
    </item>
    <item name='com.sun.image.codec.jpeg.JPEGEncodeParam void setACHuffmanTable(int, com.sun.image.codec.jpeg.JPEGHuffmanTable)'>
        <annotation name='com.intellij.inspections.tainted.annotation.equation.Equations'>
            <val val="{ &quot;huffTable := sun.awt.image.codec.JPEGParam#setACHuffmanTable(int, com.sun.image.codec.jpeg.JPEGHuffmanTable)#1&quot;, &quot;tableNum := sun.awt.image.codec.JPEGParam#setACHuffmanTable(int, com.sun.image.codec.jpeg.JPEGHuffmanTable)#0&quot; }"/>
        </annotation>
    </item>
    <item name='com.sun.image.codec.jpeg.JPEGEncodeParam void setDCHuffmanComponentMapping(int, int)'>
        <annotation name='com.intellij.inspections.tainted.annotation.equation.Equations'>
            <val val="{ &quot;table := sun.awt.image.codec.JPEGParam#setDCHuffmanComponentMapping(int, int)#1&quot;, &quot;component := sun.awt.image.codec.JPEGParam#setDCHuffmanComponentMapping(int, int)#0&quot; }"/>
        </annotation>
    </item>
    <item name='com.sun.image.codec.jpeg.JPEGEncodeParam void setDCHuffmanTable(int, com.sun.image.codec.jpeg.JPEGHuffmanTable)'>
        <annotation name='com.intellij.inspections.tainted.annotation.equation.Equations'>
            <val val="{ &quot;huffTable := sun.awt.image.codec.JPEGParam#setDCHuffmanTable(int, com.sun.image.codec.jpeg.JPEGHuffmanTable)#1&quot;, &quot;tableNum := sun.awt.image.codec.JPEGParam#setDCHuffmanTable(int, com.sun.image.codec.jpeg.JPEGHuffmanTable)#0&quot; }"/>
        </annotation>
    </item>
    <item name='com.sun.image.codec.jpeg.JPEGEncodeParam void setDensityUnit(int)'>
        <annotation name='com.intellij.inspections.tainted.annotation.equation.Equations'>
            <val val="{ &quot;unit := sun.awt.image.codec.JPEGParam#setDensityUnit(int)#0&quot; }"/>
        </annotation>
    </item>
    <item name='com.sun.image.codec.jpeg.JPEGEncodeParam void setHorizontalSubsampling(int, int)'>
        <annotation name='com.intellij.inspections.tainted.annotation.equation.Equations'>
            <val val="{ &quot;subsample := sun.awt.image.codec.JPEGParam#setHorizontalSubsampling(int, int)#1&quot;, &quot;component := sun.awt.image.codec.JPEGParam#setHorizontalSubsampling(int, int)#0&quot; }"/>
        </annotation>
    </item>
    <item name='com.sun.image.codec.jpeg.JPEGEncodeParam void setMarkerData(int, byte[][])'>
        <annotation name='com.intellij.inspections.tainted.annotation.equation.Equations'>
            <val val="{ &quot;data := sun.awt.image.codec.JPEGParam#setMarkerData(int, byte[][])#1&quot;, &quot;marker := sun.awt.image.codec.JPEGParam#setMarkerData(int, byte[][])#0&quot; }"/>
        </annotation>
    </item>
    <item name='com.sun.image.codec.jpeg.JPEGEncodeParam void setQTable(int, com.sun.image.codec.jpeg.JPEGQTable)'>
        <annotation name='com.intellij.inspections.tainted.annotation.equation.Equations'>
            <val val="{ &quot;tableNum := sun.awt.image.codec.JPEGParam#setQTable(int, com.sun.image.codec.jpeg.JPEGQTable)#0&quot;, &quot;qTable := sun.awt.image.codec.JPEGParam#setQTable(int, com.sun.image.codec.jpeg.JPEGQTable)#1&quot; }"/>
        </annotation>
    </item>
    <item name='com.sun.image.codec.jpeg.JPEGEncodeParam void setQTableComponentMapping(int, int)'>
        <annotation name='com.intellij.inspections.tainted.annotation.equation.Equations'>
            <val val="{ &quot;table := sun.awt.image.codec.JPEGParam#setQTableComponentMapping(int, int)#1&quot;, &quot;component := sun.awt.image.codec.JPEGParam#setQTableComponentMapping(int, int)#0&quot; }"/>
        </annotation>
    </item>
    <item name='com.sun.image.codec.jpeg.JPEGEncodeParam void setQuality(float, boolean)'>
        <annotation name='com.intellij.inspections.tainted.annotation.equation.Equations'>
            <val val="{ &quot;quality := sun.awt.image.codec.JPEGParam#setQuality(float, boolean)#0&quot; }"/>
        </annotation>
    </item>
    <item name='com.sun.image.codec.jpeg.JPEGEncodeParam void setRestartInterval(int)'>
        <annotation name='com.intellij.inspections.tainted.annotation.equation.Equations'>
            <val val="{ &quot;restartInterval := sun.awt.image.codec.JPEGParam#setRestartInterval(int)#0&quot; }"/>
        </annotation>
    </item>
    <item name='com.sun.image.codec.jpeg.JPEGEncodeParam void setVerticalSubsampling(int, int)'>
        <annotation name='com.intellij.inspections.tainted.annotation.equation.Equations'>
            <val val="{ &quot;component := sun.awt.image.codec.JPEGParam#setVerticalSubsampling(int, int)#0&quot;, &quot;subsample := sun.awt.image.codec.JPEGParam#setVerticalSubsampling(int, int)#1&quot; }"/>
        </annotation>
    </item>
    <item name='com.sun.image.codec.jpeg.JPEGEncodeParam void setXDensity(int)'>
        <annotation name='com.intellij.inspections.tainted.annotation.equation.Equations'>
            <val val="{ &quot;density := sun.awt.image.codec.JPEGParam#setXDensity(int)#0&quot; }"/>
        </annotation>
    </item>
    <item name='com.sun.image.codec.jpeg.JPEGEncodeParam void setYDensity(int)'>
        <annotation name='com.intellij.inspections.tainted.annotation.equation.Equations'>
            <val val="{ &quot;density := sun.awt.image.codec.JPEGParam#setYDensity(int)#0&quot; }"/>
        </annotation>
    </item>
    <item name='com.sun.image.codec.jpeg.JPEGHuffmanTable JPEGHuffmanTable()'>
        <annotation name='com.intellij.inspections.tainted.annotation.equation.Equations'>
            <val val="{ &quot;JPEGHuffmanTable := JPEGHuffmanTable&quot; }"/>
        </annotation>
    </item>
    <item name='com.sun.image.codec.jpeg.JPEGImageDecoder com.sun.image.codec.jpeg.JPEGDecodeParam getJPEGDecodeParam()'>
        <annotation name='com.intellij.inspections.tainted.annotation.equation.Equations'>
            <val val="{ &quot;getJPEGDecodeParam := sun.awt.image.codec.JPEGImageDecoderImpl#getJPEGDecodeParam()&quot; }"/>
        </annotation>
    </item>
    <item name='com.sun.image.codec.jpeg.JPEGImageDecoder java.awt.image.BufferedImage decodeAsBufferedImage()'>
        <annotation name='com.intellij.inspections.tainted.annotation.equation.Equations'>
            <val val="{ &quot;decodeAsBufferedImage := sun.awt.image.codec.JPEGImageDecoderImpl#decodeAsBufferedImage()&quot; }"/>
        </annotation>
    </item>
    <item name='com.sun.image.codec.jpeg.JPEGImageDecoder java.awt.image.Raster decodeAsRaster()'>
        <annotation name='com.intellij.inspections.tainted.annotation.equation.Equations'>
            <val val="{ &quot;decodeAsRaster := sun.awt.image.codec.JPEGImageDecoderImpl#decodeAsRaster()&quot; }"/>
        </annotation>
    </item>
    <item name='com.sun.image.codec.jpeg.JPEGImageDecoder java.io.InputStream getInputStream()'>
        <annotation name='com.intellij.inspections.tainted.annotation.equation.Equations'>
            <val val="{ &quot;getInputStream := sun.awt.image.codec.JPEGImageDecoderImpl#getInputStream()&quot; }"/>
        </annotation>
    </item>
    <item name='com.sun.image.codec.jpeg.JPEGImageDecoder void setJPEGDecodeParam(com.sun.image.codec.jpeg.JPEGDecodeParam)'>
        <annotation name='com.intellij.inspections.tainted.annotation.equation.Equations'>
            <val val="{ &quot;jdp := sun.awt.image.codec.JPEGImageDecoderImpl#setJPEGDecodeParam(com.sun.image.codec.jpeg.JPEGDecodeParam)#0&quot; }"/>
        </annotation>
    </item>
    <item name='com.sun.image.codec.jpeg.JPEGImageEncoder com.sun.image.codec.jpeg.JPEGEncodeParam getDefaultJPEGEncodeParam(com.sun.image.codec.jpeg.JPEGDecodeParam)'>
        <annotation name='com.intellij.inspections.tainted.annotation.equation.Equations'>
            <val val="{ &quot;jdp := sun.awt.image.codec.JPEGImageEncoderImpl#getDefaultJPEGEncodeParam(com.sun.image.codec.jpeg.JPEGDecodeParam)#0&quot;, &quot;getDefaultJPEGEncodeParam := sun.awt.image.codec.JPEGImageEncoderImpl#getDefaultJPEGEncodeParam(com.sun.image.codec.jpeg.JPEGDecodeParam)&quot; }"/>
        </annotation>
    </item>
    <item name='com.sun.image.codec.jpeg.JPEGImageEncoder com.sun.image.codec.jpeg.JPEGEncodeParam getDefaultJPEGEncodeParam(int, int)'>
        <annotation name='com.intellij.inspections.tainted.annotation.equation.Equations'>
            <val val="{ &quot;getDefaultJPEGEncodeParam := sun.awt.image.codec.JPEGImageEncoderImpl#getDefaultJPEGEncodeParam(int, int)&quot;, &quot;colorID := sun.awt.image.codec.JPEGImageEncoderImpl#getDefaultJPEGEncodeParam(int, int)#1&quot;, &quot;numBands := sun.awt.image.codec.JPEGImageEncoderImpl#getDefaultJPEGEncodeParam(int, int)#0&quot; }"/>
        </annotation>
    </item>
    <item name='com.sun.image.codec.jpeg.JPEGImageEncoder com.sun.image.codec.jpeg.JPEGEncodeParam getDefaultJPEGEncodeParam(java.awt.image.BufferedImage)'>
        <annotation name='com.intellij.inspections.tainted.annotation.equation.Equations'>
            <val val="{ &quot;getDefaultJPEGEncodeParam := sun.awt.image.codec.JPEGImageEncoderImpl#getDefaultJPEGEncodeParam(java.awt.image.BufferedImage)&quot;, &quot;bi := sun.awt.image.codec.JPEGImageEncoderImpl#getDefaultJPEGEncodeParam(java.awt.image.BufferedImage)#0&quot; }"/>
        </annotation>
    </item>
    <item name='com.sun.image.codec.jpeg.JPEGImageEncoder com.sun.image.codec.jpeg.JPEGEncodeParam getDefaultJPEGEncodeParam(java.awt.image.Raster, int)'>
        <annotation name='com.intellij.inspections.tainted.annotation.equation.Equations'>
            <val val="{ &quot;colorID := sun.awt.image.codec.JPEGImageEncoderImpl#getDefaultJPEGEncodeParam(java.awt.image.Raster, int)#1&quot;, &quot;getDefaultJPEGEncodeParam := sun.awt.image.codec.JPEGImageEncoderImpl#getDefaultJPEGEncodeParam(java.awt.image.Raster, int)&quot;, &quot;ras := sun.awt.image.codec.JPEGImageEncoderImpl#getDefaultJPEGEncodeParam(java.awt.image.Raster, int)#0&quot; }"/>
        </annotation>
    </item>
    <item name='com.sun.image.codec.jpeg.JPEGImageEncoder com.sun.image.codec.jpeg.JPEGEncodeParam getJPEGEncodeParam()'>
        <annotation name='com.intellij.inspections.tainted.annotation.equation.Equations'>
            <val val="{ &quot;getJPEGEncodeParam := sun.awt.image.codec.JPEGImageEncoderImpl#getJPEGEncodeParam()&quot; }"/>
        </annotation>
    </item>
    <item name='com.sun.image.codec.jpeg.JPEGImageEncoder int getDefaultColorId(java.awt.image.ColorModel)'>
        <annotation name='com.intellij.inspections.tainted.annotation.equation.Equations'>
            <val val="{ &quot;cm := sun.awt.image.codec.JPEGImageEncoderImpl#getDefaultColorId(java.awt.image.ColorModel)#0&quot;, &quot;getDefaultColorId := sun.awt.image.codec.JPEGImageEncoderImpl#getDefaultColorId(java.awt.image.ColorModel)&quot; }"/>
        </annotation>
    </item>
    <item name='com.sun.image.codec.jpeg.JPEGImageEncoder java.io.OutputStream getOutputStream()'>
        <annotation name='com.intellij.inspections.tainted.annotation.equation.Equations'>
            <val val="{ &quot;getOutputStream := sun.awt.image.codec.JPEGImageEncoderImpl#getOutputStream()&quot; }"/>
        </annotation>
    </item>
    <item name='com.sun.image.codec.jpeg.JPEGImageEncoder void encode(java.awt.image.BufferedImage)'>
        <annotation name='com.intellij.inspections.tainted.annotation.equation.Equations'>
            <val val="{ &quot;bi := sun.awt.image.codec.JPEGImageEncoderImpl#encode(java.awt.image.BufferedImage)#0&quot; }"/>
        </annotation>
    </item>
    <item name='com.sun.image.codec.jpeg.JPEGImageEncoder void encode(java.awt.image.BufferedImage, com.sun.image.codec.jpeg.JPEGEncodeParam)'>
        <annotation name='com.intellij.inspections.tainted.annotation.equation.Equations'>
            <val val="{ &quot;jep := sun.awt.image.codec.JPEGImageEncoderImpl#encode(java.awt.image.BufferedImage, com.sun.image.codec.jpeg.JPEGEncodeParam)#1&quot;, &quot;bi := sun.awt.image.codec.JPEGImageEncoderImpl#encode(java.awt.image.BufferedImage, com.sun.image.codec.jpeg.JPEGEncodeParam)#0&quot; }"/>
        </annotation>
    </item>
    <item name='com.sun.image.codec.jpeg.JPEGImageEncoder void encode(java.awt.image.Raster)'>
        <annotation name='com.intellij.inspections.tainted.annotation.equation.Equations'>
            <val val="{ &quot;ras := sun.awt.image.codec.JPEGImageEncoderImpl#encode(java.awt.image.Raster)#0&quot; }"/>
        </annotation>
    </item>
    <item name='com.sun.image.codec.jpeg.JPEGImageEncoder void encode(java.awt.image.Raster, com.sun.image.codec.jpeg.JPEGEncodeParam)'>
        <annotation name='com.intellij.inspections.tainted.annotation.equation.Equations'>
            <val val="{ &quot;ras := sun.awt.image.codec.JPEGImageEncoderImpl#encode(java.awt.image.Raster, com.sun.image.codec.jpeg.JPEGEncodeParam)#0&quot;, &quot;jep := sun.awt.image.codec.JPEGImageEncoderImpl#encode(java.awt.image.Raster, com.sun.image.codec.jpeg.JPEGEncodeParam)#1&quot; }"/>
        </annotation>
    </item>
    <item name='com.sun.image.codec.jpeg.JPEGImageEncoder void setJPEGEncodeParam(com.sun.image.codec.jpeg.JPEGEncodeParam)'>
        <annotation name='com.intellij.inspections.tainted.annotation.equation.Equations'>
            <val val="{ &quot;jep := sun.awt.image.codec.JPEGImageEncoderImpl#setJPEGEncodeParam(com.sun.image.codec.jpeg.JPEGEncodeParam)#0&quot; }"/>
        </annotation>
    </item>
    <item name='com.sun.image.codec.jpeg.JPEGQTable JPEGQTable()'>
        <annotation name='com.intellij.inspections.tainted.annotation.equation.Equations'>
            <val val="{ &quot;JPEGQTable := JPEGQTable&quot; }"/>
        </annotation>
    </item>
    <item name='com.sun.image.codec.jpeg.JPEGQTable com.sun.image.codec.jpeg.JPEGQTable getScaledInstance(float, boolean)'>
        <annotation name='com.intellij.inspections.tainted.annotation.equation.Equations'>
            <val val="{ &quot;scaleFactor := sun.awt.image.codec.JPEGParam#setQuality(float, boolean)#0 &amp; sun.awt.image.codec.JPEGParam#setQuality(float, boolean)#0&quot; }"/>
        </annotation>
    </item>
</root>