<root>
    <item name='com.sun.org.apache.xml.internal.security.utils.Base64 Base64()'>
        <annotation name='com.intellij.inspections.tainted.annotation.equation.Equations'>
            <val val="{ &quot;Base64 := Base64&quot; }"/>
        </annotation>
    </item>
    <item name='com.sun.org.apache.xml.internal.security.utils.Base64 byte[] decode(org.w3c.dom.Element)'>
        <annotation name='com.intellij.inspections.tainted.annotation.equation.Equations'>
            <val val="{ &quot;element := #decodeBigIntegerFromElement(org.w3c.dom.Element)#0 &amp; com.sun.org.apache.xml.internal.security.signature.Reference &amp; com.sun.org.apache.xml.internal.security.signature.XMLSignature&quot; }"/>
        </annotation>
    </item>
    <item name='com.sun.org.apache.xml.internal.security.utils.Base64 byte[] decodeInternal(byte[], int)'>
        <annotation name='com.intellij.inspections.tainted.annotation.equation.Equations'>
            <val val="{ &quot;base64Data := #decode(byte[])#0&quot;, &quot;decodeInternal := #base64Alphabet&quot; }"/>
        </annotation>
    </item>
    <item name='com.sun.org.apache.xml.internal.security.utils.Base64 byte[] getBytes(java.math.BigInteger, int)'>
        <annotation name='com.intellij.inspections.tainted.annotation.equation.Equations'>
            <val val="{ &quot;big := #encode(java.math.BigInteger)#0&quot; }"/>
        </annotation>
    </item>
    <item name='com.sun.org.apache.xml.internal.security.utils.Base64 int getBytesInternal(java.lang.String, byte[])'>
        <annotation name='com.intellij.inspections.tainted.annotation.equation.Equations'>
            <val val="{ &quot;s := #decode(java.lang.String)#0 &amp; #decode(java.lang.String, java.io.OutputStream)#0&quot; }"/>
        </annotation>
    </item>
    <item name='com.sun.org.apache.xml.internal.security.utils.Base64 int removeWhiteSpace(byte[])'>
        <annotation name='com.intellij.inspections.tainted.annotation.equation.Equations'>
            <val val="{ &quot;data := #decodeInternal(byte[], int)#0 &amp; #decode(byte[], java.io.OutputStream, int)#0&quot; }"/>
        </annotation>
    </item>
    <item name='com.sun.org.apache.xml.internal.security.utils.Base64 java.lang.String encode(byte[])'>
        <annotation name='com.intellij.inspections.tainted.annotation.equation.Equations'>
            <val val="{ &quot;binaryData := #encodeToElement(org.w3c.dom.Document, java.lang.String, byte[])#2 &amp; ElementProxy#addBase64Text(byte[])#0 &amp; com.sun.org.apache.xml.internal.security.signature.Reference#setDigestValueElement(byte[])#0 &amp; com.sun.org.apache.xml.internal.security.signature.XMLSignature#setSignatureValueElement(byte[])#0 &amp; com.sun.org.apache.xml.internal.security.algorithms.implementations.SignatureDSA#engineVerify(byte[])#0 &amp; com.sun.org.apache.xml.internal.security.algorithms.implementations.SignatureECDSA#engineVerify(byte[])#0 &amp; com.sun.org.apache.xml.internal.security.encryption.XMLCipher.Factory.EncryptionMethodImpl&quot; }"/>
        </annotation>
    </item>
    <item name='com.sun.org.apache.xml.internal.security.utils.Base64 java.lang.String encode(byte[], int)'>
        <annotation name='com.intellij.inspections.tainted.annotation.equation.Equations'>
            <val val="{ &quot;length := java.lang.Integer#MAX_VALUE &amp; #BASE64DEFAULTLENGTH&quot;, &quot;binaryData := #encode(byte[])#0&quot; }"/>
        </annotation>
    </item>
    <item name='com.sun.org.apache.xml.internal.security.utils.Base64 java.lang.String encode(java.math.BigInteger)'>
        <annotation name='com.intellij.inspections.tainted.annotation.equation.Equations'>
            <val val="{ &quot;big := #fillElementWithBigInteger(org.w3c.dom.Element, java.math.BigInteger)#1&quot; }"/>
        </annotation>
    </item>
    <item name='com.sun.org.apache.xml.internal.security.utils.Base64 org.w3c.dom.Element encodeToElement(org.w3c.dom.Document, java.lang.String, byte[])'>
        <annotation name='com.intellij.inspections.tainted.annotation.equation.Equations'>
            <val val="{ &quot;localName := ElementProxy#addBase64Element(byte[], java.lang.String)#1&quot;, &quot;bytes := ElementProxy#addBase64Element(byte[], java.lang.String)#0&quot;, &quot;doc := ElementProxy&quot; }"/>
        </annotation>
    </item>
    <item name='com.sun.org.apache.xml.internal.security.utils.Base64 void decode(byte[], java.io.OutputStream)'>
        <annotation name='com.intellij.inspections.tainted.annotation.equation.Equations'>
            <val val="{ &quot;os := com.sun.org.apache.xml.internal.security.transforms.implementations.TransformBase64Decode#enginePerformTransform(com.sun.org.apache.xml.internal.security.signature.XMLSignatureInput, java.io.OutputStream, com.sun.org.apache.xml.internal.security.transforms.Transform)#1&quot; }"/>
        </annotation>
    </item>
    <item name='com.sun.org.apache.xml.internal.security.utils.Base64 void decode(byte[], java.io.OutputStream, int)'>
        <annotation name='com.intellij.inspections.tainted.annotation.equation.Equations'>
            <val val="{ &quot;base64Data := #decode(byte[], java.io.OutputStream)#0&quot;, &quot;os := #decode(java.lang.String, java.io.OutputStream)#1 &amp; #decode(byte[], java.io.OutputStream)#1&quot; }"/>
        </annotation>
    </item>
    <item name='com.sun.org.apache.xml.internal.security.utils.Base64 void decode(java.io.InputStream, java.io.OutputStream)'>
        <annotation name='com.intellij.inspections.tainted.annotation.equation.Equations'>
            <val val="{ &quot;os := com.sun.org.apache.xml.internal.security.transforms.implementations.TransformBase64Decode#enginePerformTransform(com.sun.org.apache.xml.internal.security.signature.XMLSignatureInput, java.io.OutputStream, com.sun.org.apache.xml.internal.security.transforms.Transform)#1&quot; }"/>
        </annotation>
    </item>
    <item name='com.sun.org.apache.xml.internal.security.utils.Base64 void decode(java.lang.String, java.io.OutputStream)'>
        <annotation name='com.intellij.inspections.tainted.annotation.equation.Equations'>
            <val val="{ &quot;os := com.sun.org.apache.xml.internal.security.transforms.implementations.TransformBase64Decode#enginePerformTransform(com.sun.org.apache.xml.internal.security.signature.XMLSignatureInput, java.io.OutputStream, com.sun.org.apache.xml.internal.security.transforms.Transform)#1&quot; }"/>
        </annotation>
    </item>
    <item name='com.sun.org.apache.xml.internal.security.utils.Base64 void fillElementWithBigInteger(org.w3c.dom.Element, java.math.BigInteger)'>
        <annotation name='com.intellij.inspections.tainted.annotation.equation.Equations'>
            <val val="{ &quot;biginteger := ElementProxy#addBigIntegerElement(java.math.BigInteger, java.lang.String)#0&quot; }"/>
        </annotation>
    </item>
    <item name='com.sun.org.apache.xml.internal.security.utils.ClassLoaderUtils java.lang.Class&lt;?&gt; loadClass2(java.lang.String, java.lang.Class&lt;?&gt;)'>
        <annotation name='com.intellij.inspections.tainted.annotation.equation.Equations'>
            <val val="{ &quot;callingClass := #loadClass(java.lang.String, java.lang.Class)#1&quot;, &quot;className := #loadClass(java.lang.String, java.lang.Class)#0&quot; }"/>
        </annotation>
    </item>
    <item name='com.sun.org.apache.xml.internal.security.utils.ClassLoaderUtils java.net.URL getResource(java.lang.String, java.lang.Class&lt;?&gt;)'>
        <annotation name='com.intellij.inspections.tainted.annotation.equation.Equations'>
            <val val="{ &quot;resourceName := #getResourceAsStream(java.lang.String, java.lang.Class)#0&quot;, &quot;callingClass := #getResourceAsStream(java.lang.String, java.lang.Class)#1&quot; }"/>
        </annotation>
    </item>
    <item name='com.sun.org.apache.xml.internal.security.utils.Constants Constants()'>
        <annotation name='com.intellij.inspections.tainted.annotation.equation.Equations'>
            <val val="{ &quot;Constants := Constants&quot; }"/>
        </annotation>
    </item>
    <item name='com.sun.org.apache.xml.internal.security.utils.DOMNamespaceContext DOMNamespaceContext(org.w3c.dom.Node)'>
        <annotation name='com.intellij.inspections.tainted.annotation.equation.Equations'>
            <val val="{ &quot;DOMNamespaceContext := DOMNamespaceContext&quot;, &quot;contextNode := JDKXPathAPI#evaluate(org.w3c.dom.Node, org.w3c.dom.Node, java.lang.String, org.w3c.dom.Node)#3 &amp; JDKXPathAPI#selectNodeList(org.w3c.dom.Node, org.w3c.dom.Node, java.lang.String, org.w3c.dom.Node)#3&quot; }"/>
        </annotation>
    </item>
    <item name='com.sun.org.apache.xml.internal.security.utils.DigesterOutputStream DigesterOutputStream(com.sun.org.apache.xml.internal.security.algorithms.MessageDigestAlgorithm)'>
        <annotation name='com.intellij.inspections.tainted.annotation.equation.Equations'>
            <val val="{ &quot;DigesterOutputStream := DigesterOutputStream&quot; }"/>
        </annotation>
    </item>
    <item name='com.sun.org.apache.xml.internal.security.utils.DigesterOutputStream void write(byte[], int, int)'>
        <annotation name='com.intellij.inspections.tainted.annotation.equation.Equations'>
            <val val="{ &quot;arg0 := #write(byte[])#0&quot; }"/>
        </annotation>
    </item>
    <item name='com.sun.org.apache.xml.internal.security.utils.ElementProxy'>
        <annotation name='com.intellij.inspections.tainted.annotation.equation.Equations'>
            <val val="{ &quot;ElementProxy := #setElement(org.w3c.dom.Element, java.lang.String)#0 &amp; #setElement(org.w3c.dom.Element, java.lang.String)#1&quot; }"/>
        </annotation>
    </item>
    <item name='com.sun.org.apache.xml.internal.security.utils.ElementProxy ElementProxy()'>
        <annotation name='com.intellij.inspections.tainted.annotation.equation.Equations'>
            <val val="{ &quot;ElementProxy := ElementProxy&quot; }"/>
        </annotation>
    </item>
    <item name='com.sun.org.apache.xml.internal.security.utils.ElementProxy ElementProxy(org.w3c.dom.Document)'>
        <annotation name='com.intellij.inspections.tainted.annotation.equation.Equations'>
            <val val="{ &quot;doc := EncryptionElementProxy#EncryptionElementProxy(org.w3c.dom.Document)#0 &amp; com.sun.org.apache.xml.internal.security.transforms.params.XPath2FilterContainer#XPath2FilterContainer(org.w3c.dom.Document, java.lang.String, java.lang.String)#0 &amp; com.sun.org.apache.xml.internal.security.transforms.params.InclusiveNamespaces#InclusiveNamespaces(org.w3c.dom.Document, java.util.Set)#0 &amp; com.sun.org.apache.xml.internal.security.transforms.params.XPath2FilterContainer04#XPath2FilterContainer04(org.w3c.dom.Document, java.lang.String, java.lang.String)#0 &amp; com.sun.org.apache.xml.internal.security.transforms.params.XPathFilterCHGPContainer#XPathFilterCHGPContainer(org.w3c.dom.Document, boolean, java.lang.String, java.lang.String, java.lang.String)#0&quot;, &quot;ElementProxy := ElementProxy&quot; }"/>
        </annotation>
    </item>
    <item name='com.sun.org.apache.xml.internal.security.utils.ElementProxy ElementProxy(org.w3c.dom.Element, java.lang.String)'>
        <annotation name='com.intellij.inspections.tainted.annotation.equation.Equations'>
            <val val="{ &quot;ElementProxy := ElementProxy&quot;, &quot;element := SignatureElementProxy#SignatureElementProxy(org.w3c.dom.Element, java.lang.String)#0 &amp; EncryptionElementProxy#EncryptionElementProxy(org.w3c.dom.Element, java.lang.String)#0 &amp; Signature11ElementProxy#Signature11ElementProxy(org.w3c.dom.Element, java.lang.String)#0 &amp; com.sun.org.apache.xml.internal.security.transforms.params.XPath2FilterContainer#XPath2FilterContainer(org.w3c.dom.Element, java.lang.String)#0 &amp; com.sun.org.apache.xml.internal.security.transforms.params.InclusiveNamespaces#InclusiveNamespaces(org.w3c.dom.Element, java.lang.String)#0 &amp; com.sun.org.apache.xml.internal.security.transforms.params.XPath2FilterContainer04#XPath2FilterContainer04(org.w3c.dom.Element, java.lang.String)#0 &amp; com.sun.org.apache.xml.internal.security.transforms.params.XPathFilterCHGPContainer#XPathFilterCHGPContainer(org.w3c.dom.Element, java.lang.String)#0&quot;, &quot;BaseURI := SignatureElementProxy#SignatureElementProxy(org.w3c.dom.Element, java.lang.String)#1 &amp; EncryptionElementProxy#EncryptionElementProxy(org.w3c.dom.Element, java.lang.String)#1 &amp; Signature11ElementProxy#Signature11ElementProxy(org.w3c.dom.Element, java.lang.String)#1 &amp; com.sun.org.apache.xml.internal.security.transforms.params.XPath2FilterContainer#XPath2FilterContainer(org.w3c.dom.Element, java.lang.String)#1 &amp; com.sun.org.apache.xml.internal.security.transforms.params.InclusiveNamespaces#InclusiveNamespaces(org.w3c.dom.Element, java.lang.String)#1 &amp; com.sun.org.apache.xml.internal.security.transforms.params.XPath2FilterContainer04#XPath2FilterContainer04(org.w3c.dom.Element, java.lang.String)#1 &amp; com.sun.org.apache.xml.internal.security.transforms.params.XPathFilterCHGPContainer#XPathFilterCHGPContainer(org.w3c.dom.Element, java.lang.String)#1&quot; }"/>
        </annotation>
    </item>
    <item name='com.sun.org.apache.xml.internal.security.utils.ElementProxy int length(java.lang.String, java.lang.String)'>
        <annotation name='com.intellij.inspections.tainted.annotation.equation.Equations'>
            <val val="{ &quot;namespace := Constants#SignatureSpecNS &amp; Constants#SignatureSpec11NS &amp; com.sun.org.apache.xml.internal.security.transforms.params.InclusiveNamespaces#ExclusiveCanonicalizationNamespace&quot;, &quot;localname := Constants#_TAG_X509ISSUERSERIAL &amp; Constants#_TAG_X509SKI &amp; Constants#_TAG_X509SUBJECTNAME &amp; Constants#_TAG_X509CERTIFICATE &amp; Constants#_TAG_X509CRL &amp; Constants#_TAG_X509DIGEST &amp; Constants#_TAG_KEYNAME &amp; Constants#_TAG_KEYVALUE &amp; Constants#_TAG_MGMTDATA &amp; Constants#_TAG_PGPDATA &amp; Constants#_TAG_RETRIEVALMETHOD &amp; Constants#_TAG_SPKIDATA &amp; Constants#_TAG_X509DATA &amp; Constants#_TAG_DERENCODEDKEYVALUE &amp; Constants#_TAG_KEYINFOREFERENCE &amp; com.sun.org.apache.xml.internal.security.transforms.params.InclusiveNamespaces#_TAG_EC_INCLUSIVENAMESPACES &amp; Constants#_TAG_OBJECT &amp; com.sun.org.apache.xml.internal.security.transforms.params.XPathFilterCHGPContainer#getXStr(java.lang.String)#0 &amp; com.sun.org.apache.xml.internal.security.transforms.params.XPathFilterCHGPContainer#getHereContextNode(java.lang.String)#0&quot; }"/>
        </annotation>
    </item>
    <item name='com.sun.org.apache.xml.internal.security.utils.ElementProxy java.lang.String getBaseLocalName()'>
        <annotation name='com.intellij.inspections.tainted.annotation.equation.Equations'>
            <val val="{ &quot;getBaseLocalName := com.sun.org.apache.xml.internal.security.keys.content.x509.XMLX509CRL#getBaseLocalName() &amp; com.sun.org.apache.xml.internal.security.keys.content.x509.XMLX509SKI#getBaseLocalName() &amp; com.sun.org.apache.xml.internal.security.keys.content.x509.XMLX509Digest#getBaseLocalName() &amp; com.sun.org.apache.xml.internal.security.keys.content.x509.XMLX509SubjectName#getBaseLocalName() &amp; com.sun.org.apache.xml.internal.security.keys.content.x509.XMLX509Certificate#getBaseLocalName() &amp; com.sun.org.apache.xml.internal.security.keys.content.x509.XMLX509IssuerSerial#getBaseLocalName() &amp; com.sun.org.apache.xml.internal.security.keys.content.keyvalues.DSAKeyValue#getBaseLocalName() &amp; com.sun.org.apache.xml.internal.security.keys.content.keyvalues.RSAKeyValue#getBaseLocalName() &amp; com.sun.org.apache.xml.internal.security.keys.content.KeyName#getBaseLocalName() &amp; com.sun.org.apache.xml.internal.security.keys.content.PGPData#getBaseLocalName() &amp; com.sun.org.apache.xml.internal.security.keys.content.MgmtData#getBaseLocalName() &amp; com.sun.org.apache.xml.internal.security.keys.content.SPKIData#getBaseLocalName() &amp; com.sun.org.apache.xml.internal.security.keys.content.KeyValue#getBaseLocalName() &amp; com.sun.org.apache.xml.internal.security.keys.content.RetrievalMethod#getBaseLocalName() &amp; com.sun.org.apache.xml.internal.security.keys.content.KeyInfoReference#getBaseLocalName() &amp; com.sun.org.apache.xml.internal.security.keys.content.DEREncodedKeyValue#getBaseLocalName() &amp; com.sun.org.apache.xml.internal.security.keys.content.X509Data#getBaseLocalName() &amp; com.sun.org.apache.xml.internal.security.keys.KeyInfo#getBaseLocalName() &amp; com.sun.org.apache.xml.internal.security.signature.Manifest#getBaseLocalName() &amp; com.sun.org.apache.xml.internal.security.signature.Reference#getBaseLocalName() &amp; com.sun.org.apache.xml.internal.security.signature.ObjectContainer#getBaseLocalName() &amp; com.sun.org.apache.xml.internal.security.signature.SignatureProperty#getBaseLocalName() &amp; com.sun.org.apache.xml.internal.security.signature.SignatureProperties#getBaseLocalName() &amp; com.sun.org.apache.xml.internal.security.signature.XMLSignature#getBaseLocalName() &amp; com.sun.org.apache.xml.internal.security.algorithms.MessageDigestAlgorithm#getBaseLocalName() &amp; com.sun.org.apache.xml.internal.security.algorithms.SignatureAlgorithm#getBaseLocalName() &amp; com.sun.org.apache.xml.internal.security.transforms.params.XPathContainer#getBaseLocalName() &amp; com.sun.org.apache.xml.internal.security.transforms.params.InclusiveNamespaces#getBaseLocalName() &amp; com.sun.org.apache.xml.internal.security.transforms.params.XPath2FilterContainer#getBaseLocalName() &amp; com.sun.org.apache.xml.internal.security.transforms.params.XPath2FilterContainer04#getBaseLocalName() &amp; com.sun.org.apache.xml.internal.security.transforms.params.XPathFilterCHGPContainer#getBaseLocalName() &amp; com.sun.org.apache.xml.internal.security.transforms.Transform#getBaseLocalName() &amp; com.sun.org.apache.xml.internal.security.transforms.Transforms#getBaseLocalName()&quot; }"/>
        </annotation>
    </item>
    <item name='com.sun.org.apache.xml.internal.security.utils.ElementProxy java.lang.String getBaseNamespace()'>
        <annotation name='com.intellij.inspections.tainted.annotation.equation.Equations'>
            <val val="{ &quot;getBaseNamespace := SignatureElementProxy#getBaseNamespace() &amp; com.sun.org.apache.xml.internal.security.transforms.params.XPath2FilterContainer04#getBaseNamespace() &amp; com.sun.org.apache.xml.internal.security.transforms.params.XPath2FilterContainer#getBaseNamespace() &amp; com.sun.org.apache.xml.internal.security.transforms.params.InclusiveNamespaces#getBaseNamespace() &amp; com.sun.org.apache.xml.internal.security.transforms.params.XPathFilterCHGPContainer#getBaseNamespace() &amp; Signature11ElementProxy#getBaseNamespace() &amp; EncryptionElementProxy#getBaseNamespace()&quot; }"/>
        </annotation>
    </item>
    <item name='com.sun.org.apache.xml.internal.security.utils.ElementProxy java.lang.String getBaseURI()'>
        <annotation name='com.intellij.inspections.tainted.annotation.equation.Equations'>
            <val val="{ &quot;getBaseURI := ElementProxy&quot; }"/>
        </annotation>
    </item>
    <item name='com.sun.org.apache.xml.internal.security.utils.ElementProxy java.lang.String getDefaultPrefix(java.lang.String)'>
        <annotation name='com.intellij.inspections.tainted.annotation.equation.Equations'>
            <val val="{ &quot;namespace := #createElementForFamily(org.w3c.dom.Document, java.lang.String, java.lang.String)#1 &amp; Constants#SignatureSpecNS &amp; EncryptionConstants#EncryptionSpec11NS&quot; }"/>
        </annotation>
    </item>
    <item name='com.sun.org.apache.xml.internal.security.utils.ElementProxy java.lang.String getTextFromChildElement(java.lang.String, java.lang.String)'>
        <annotation name='com.intellij.inspections.tainted.annotation.equation.Equations'>
            <val val="{ &quot;localname := Constants#_TAG_X509SERIALNUMBER &amp; Constants#_TAG_X509ISSUERNAME&quot;, &quot;namespace := Constants#SignatureSpecNS&quot; }"/>
        </annotation>
    </item>
    <item name='com.sun.org.apache.xml.internal.security.utils.ElementProxy java.math.BigInteger getBigIntegerFromChildElement(java.lang.String, java.lang.String)'>
        <annotation name='com.intellij.inspections.tainted.annotation.equation.Equations'>
            <val val="{ &quot;localname := Constants#_TAG_Y &amp; Constants#_TAG_P &amp; Constants#_TAG_Q &amp; Constants#_TAG_G &amp; Constants#_TAG_MODULUS &amp; Constants#_TAG_EXPONENT&quot;, &quot;namespace := Constants#SignatureSpecNS&quot; }"/>
        </annotation>
    </item>
    <item name='com.sun.org.apache.xml.internal.security.utils.ElementProxy org.w3c.dom.Document getDocument()'>
        <annotation name='com.intellij.inspections.tainted.annotation.equation.Equations'>
            <val val="{ &quot;getDocument := ElementProxy&quot; }"/>
        </annotation>
    </item>
    <item name='com.sun.org.apache.xml.internal.security.utils.ElementProxy org.w3c.dom.Element createElementForFamily(org.w3c.dom.Document, java.lang.String, java.lang.String)'>
        <annotation name='com.intellij.inspections.tainted.annotation.equation.Equations'>
            <val val="{ &quot;namespace := EncryptionConstants#EncryptionSpecNS&quot;, &quot;localName := com.sun.org.apache.xml.internal.security.transforms.params.XPathFilterCHGPContainer#_TAG_INCLUDE_BUT_SEARCH &amp; com.sun.org.apache.xml.internal.security.transforms.params.XPathFilterCHGPContainer#_TAG_EXCLUDE_BUT_SEARCH &amp; com.sun.org.apache.xml.internal.security.transforms.params.XPathFilterCHGPContainer#_TAG_EXCLUDE &amp; EncryptionConstants#_TAG_ENCRYPTEDDATA &amp; EncryptionConstants#_TAG_ENCRYPTEDKEY &amp; EncryptionConstants#_TAG_CARRIEDKEYNAME &amp; EncryptionConstants#_TAG_REFERENCELIST&quot;, &quot;doc := com.sun.org.apache.xml.internal.security.transforms.params.XPathFilterCHGPContainer#XPathFilterCHGPContainer(org.w3c.dom.Document, boolean, java.lang.String, java.lang.String, java.lang.String)#0 &amp; com.sun.org.apache.xml.internal.security.encryption.XMLCipher.Factory.EncryptedDataImpl &amp; com.sun.org.apache.xml.internal.security.encryption.XMLCipher.Factory.EncryptedKeyImpl &amp; com.sun.org.apache.xml.internal.security.encryption.XMLCipher.Factory.ReferenceListImpl &amp; com.sun.org.apache.xml.internal.security.encryption.XMLCipher.Factory.ReferenceListImpl.ReferenceImpl&quot; }"/>
        </annotation>
    </item>
    <item name='com.sun.org.apache.xml.internal.security.utils.ElementProxy org.w3c.dom.Element createElementForFamilyLocal(org.w3c.dom.Document, java.lang.String, java.lang.String)'>
        <annotation name='com.intellij.inspections.tainted.annotation.equation.Equations'>
            <val val="{ &quot;doc := ElementProxy &amp; com.sun.org.apache.xml.internal.security.encryption.XMLCipher.Factory.TransformsImpl&quot; }"/>
        </annotation>
    </item>
    <item name='com.sun.org.apache.xml.internal.security.utils.ElementProxy org.w3c.dom.Element getElement()'>
        <annotation name='com.intellij.inspections.tainted.annotation.equation.Equations'>
            <val val="{ &quot;getElement := ElementProxy&quot; }"/>
        </annotation>
    </item>
    <item name='com.sun.org.apache.xml.internal.security.utils.ElementProxy void addBase64Text(byte[])'>
        <annotation name='com.intellij.inspections.tainted.annotation.equation.Equations'>
            <val val="{ &quot;bytes := com.sun.org.apache.xml.internal.security.keys.content.x509.XMLX509CRL#XMLX509CRL(org.w3c.dom.Document, byte[])#1 &amp; com.sun.org.apache.xml.internal.security.keys.content.x509.XMLX509SKI#XMLX509SKI(org.w3c.dom.Document, byte[])#1 &amp; com.sun.org.apache.xml.internal.security.keys.content.x509.XMLX509Digest#XMLX509Digest(org.w3c.dom.Document, byte[], java.lang.String)#1 &amp; com.sun.org.apache.xml.internal.security.keys.content.x509.XMLX509Certificate#XMLX509Certificate(org.w3c.dom.Document, byte[])#1 &amp; com.sun.org.apache.xml.internal.security.keys.content.DEREncodedKeyValue#DEREncodedKeyValue(org.w3c.dom.Document, byte[])#1&quot; }"/>
        </annotation>
    </item>
    <item name='com.sun.org.apache.xml.internal.security.utils.ElementProxy void addBigIntegerElement(java.math.BigInteger, java.lang.String)'>
        <annotation name='com.intellij.inspections.tainted.annotation.equation.Equations'>
            <val val="{ &quot;bi := com.sun.org.apache.xml.internal.security.keys.content.keyvalues.DSAKeyValue#DSAKeyValue(org.w3c.dom.Document, java.math.BigInteger, java.math.BigInteger, java.math.BigInteger, java.math.BigInteger)#1 &amp; com.sun.org.apache.xml.internal.security.keys.content.keyvalues.DSAKeyValue#DSAKeyValue(org.w3c.dom.Document, java.math.BigInteger, java.math.BigInteger, java.math.BigInteger, java.math.BigInteger)#2 &amp; com.sun.org.apache.xml.internal.security.keys.content.keyvalues.DSAKeyValue#DSAKeyValue(org.w3c.dom.Document, java.math.BigInteger, java.math.BigInteger, java.math.BigInteger, java.math.BigInteger)#3 &amp; com.sun.org.apache.xml.internal.security.keys.content.keyvalues.DSAKeyValue#DSAKeyValue(org.w3c.dom.Document, java.math.BigInteger, java.math.BigInteger, java.math.BigInteger, java.math.BigInteger)#4 &amp; com.sun.org.apache.xml.internal.security.keys.content.keyvalues.RSAKeyValue#RSAKeyValue(org.w3c.dom.Document, java.math.BigInteger, java.math.BigInteger)#1 &amp; com.sun.org.apache.xml.internal.security.keys.content.keyvalues.RSAKeyValue#RSAKeyValue(org.w3c.dom.Document, java.math.BigInteger, java.math.BigInteger)#2&quot;, &quot;localname := Constants#_TAG_P &amp; Constants#_TAG_Q &amp; Constants#_TAG_G &amp; Constants#_TAG_Y &amp; Constants#_TAG_MODULUS &amp; Constants#_TAG_EXPONENT&quot; }"/>
        </annotation>
    </item>
    <item name='com.sun.org.apache.xml.internal.security.utils.ElementProxy void addText(java.lang.String)'>
        <annotation name='com.intellij.inspections.tainted.annotation.equation.Equations'>
            <val val="{ &quot;text := com.sun.org.apache.xml.internal.security.keys.content.x509.XMLX509SubjectName#XMLX509SubjectName(org.w3c.dom.Document, java.lang.String)#1 &amp; com.sun.org.apache.xml.internal.security.keys.content.KeyName#KeyName(org.w3c.dom.Document, java.lang.String)#1 &amp; com.sun.org.apache.xml.internal.security.keys.content.MgmtData#MgmtData(org.w3c.dom.Document, java.lang.String)#1&quot; }"/>
        </annotation>
    </item>
    <item name='com.sun.org.apache.xml.internal.security.utils.ElementProxy void addTextElement(java.lang.String, java.lang.String)'>
        <annotation name='com.intellij.inspections.tainted.annotation.equation.Equations'>
            <val val="{ &quot;localname := Constants#_TAG_X509ISSUERNAME &amp; Constants#_TAG_X509SERIALNUMBER&quot;, &quot;text := com.sun.org.apache.xml.internal.security.keys.content.x509.XMLX509IssuerSerial#XMLX509IssuerSerial(org.w3c.dom.Document, java.lang.String, java.math.BigInteger)#1&quot; }"/>
        </annotation>
    </item>
    <item name='com.sun.org.apache.xml.internal.security.utils.EncryptionConstants EncryptionConstants()'>
        <annotation name='com.intellij.inspections.tainted.annotation.equation.Equations'>
            <val val="{ &quot;EncryptionConstants := EncryptionConstants&quot; }"/>
        </annotation>
    </item>
    <item name='com.sun.org.apache.xml.internal.security.utils.EncryptionElementProxy EncryptionElementProxy(org.w3c.dom.Document)'>
        <annotation name='com.intellij.inspections.tainted.annotation.equation.Equations'>
            <val val="{ &quot;EncryptionElementProxy := EncryptionElementProxy&quot; }"/>
        </annotation>
    </item>
    <item name='com.sun.org.apache.xml.internal.security.utils.EncryptionElementProxy EncryptionElementProxy(org.w3c.dom.Element, java.lang.String)'>
        <annotation name='com.intellij.inspections.tainted.annotation.equation.Equations'>
            <val val="{ &quot;EncryptionElementProxy := EncryptionElementProxy&quot; }"/>
        </annotation>
    </item>
    <item name='com.sun.org.apache.xml.internal.security.utils.EncryptionElementProxy java.lang.String getBaseNamespace()'>
        <annotation name='com.intellij.inspections.tainted.annotation.equation.Equations'>
            <val val="{ &quot;getBaseNamespace := EncryptionConstants#EncryptionSpecNS&quot; }"/>
        </annotation>
    </item>
    <item name='com.sun.org.apache.xml.internal.security.utils.HelperNodeList void appendChild(org.w3c.dom.Node)'>
        <annotation name='com.intellij.inspections.tainted.annotation.equation.Equations'>
            <val val="{ &quot;node := com.sun.org.apache.xml.internal.security.transforms.Transform#Transform(org.w3c.dom.Document, java.lang.String, org.w3c.dom.Element)#2&quot; }"/>
        </annotation>
    </item>
    <item name='com.sun.org.apache.xml.internal.security.utils.I18n I18n()'>
        <annotation name='com.intellij.inspections.tainted.annotation.equation.Equations'>
            <val val="{ &quot;I18n := I18n&quot; }"/>
        </annotation>
    </item>
    <item name='com.sun.org.apache.xml.internal.security.utils.I18n java.lang.String getExceptionMessage(java.lang.String)'>
        <annotation name='com.intellij.inspections.tainted.annotation.equation.Equations'>
            <val val="{ &quot;getExceptionMessage := msgID &amp; Constants#exceptionMessagesResourceBundleBase &amp; #NOT_INITIALIZED_MSG&quot;, &quot;msgID := #translate(java.lang.String)#0 &amp; com.sun.org.apache.xml.internal.security.exceptions.XMLSecurityException#XMLSecurityException(java.lang.String)#0 &amp; com.sun.org.apache.xml.internal.security.exceptions.XMLSecurityException#XMLSecurityException(java.lang.String, java.lang.Object[])#0 &amp; com.sun.org.apache.xml.internal.security.exceptions.XMLSecurityRuntimeException#XMLSecurityRuntimeException(java.lang.String)#0 &amp; com.sun.org.apache.xml.internal.security.exceptions.XMLSecurityException#XMLSecurityException(java.lang.String, java.lang.Object[], java.lang.Exception)#0 &amp; com.sun.org.apache.xml.internal.security.exceptions.XMLSecurityRuntimeException#XMLSecurityRuntimeException(java.lang.String, java.lang.Object[])#0 &amp; com.sun.org.apache.xml.internal.security.exceptions.XMLSecurityRuntimeException#XMLSecurityRuntimeException(java.lang.String, java.lang.Object[], java.lang.Exception)#0&quot; }"/>
        </annotation>
    </item>
    <item name='com.sun.org.apache.xml.internal.security.utils.I18n java.lang.String getExceptionMessage(java.lang.String, java.lang.Exception)'>
        <annotation name='com.intellij.inspections.tainted.annotation.equation.Equations'>
            <val val="{ &quot;msgID := com.sun.org.apache.xml.internal.security.exceptions.XMLSecurityException#XMLSecurityException(java.lang.String, java.lang.Exception)#0 &amp; com.sun.org.apache.xml.internal.security.exceptions.XMLSecurityRuntimeException#XMLSecurityRuntimeException(java.lang.String, java.lang.Exception)#0&quot;, &quot;originalException := com.sun.org.apache.xml.internal.security.exceptions.XMLSecurityException#XMLSecurityException(java.lang.String, java.lang.Exception)#1 &amp; com.sun.org.apache.xml.internal.security.exceptions.XMLSecurityRuntimeException#XMLSecurityRuntimeException(java.lang.String, java.lang.Exception)#1&quot;, &quot;getExceptionMessage := msgID &amp; Constants#exceptionMessagesResourceBundleBase &amp; #NOT_INITIALIZED_MSG&quot; }"/>
        </annotation>
    </item>
    <item name='com.sun.org.apache.xml.internal.security.utils.I18n java.lang.String getExceptionMessage(java.lang.String, java.lang.Object[])'>
        <annotation name='com.intellij.inspections.tainted.annotation.equation.Equations'>
            <val val="{ &quot;getExceptionMessage := msgID &amp; Constants#exceptionMessagesResourceBundleBase &amp; #NOT_INITIALIZED_MSG&quot;, &quot;exArgs := #translate(java.lang.String, java.lang.Object[])#1&quot;, &quot;msgID := #translate(java.lang.String, java.lang.Object[])#0&quot; }"/>
        </annotation>
    </item>
    <item name='com.sun.org.apache.xml.internal.security.utils.I18n java.lang.String translate(java.lang.String, java.lang.Object[])'>
        <annotation name='com.intellij.inspections.tainted.annotation.equation.Equations'>
            <val val="{ &quot;args := &quot; }"/>
        </annotation>
    </item>
    <item name='com.sun.org.apache.xml.internal.security.utils.IgnoreAllErrorHandler'>
        <annotation name='com.intellij.inspections.tainted.annotation.equation.Equations'>
            <val val="{ &quot;IgnoreAllErrorHandler := &quot; }"/>
        </annotation>
    </item>
    <item name='com.sun.org.apache.xml.internal.security.utils.JDKXPathAPI'>
        <annotation name='com.intellij.inspections.tainted.annotation.equation.Equations'>
            <val val="{ &quot;JDKXPathAPI := #evaluate(org.w3c.dom.Node, org.w3c.dom.Node, java.lang.String, org.w3c.dom.Node)#2&quot; }"/>
        </annotation>
    </item>
    <item name='com.sun.org.apache.xml.internal.security.utils.JavaUtils'>
        <annotation name='com.intellij.inspections.tainted.annotation.equation.Equations'>
            <val val="{ &quot;JavaUtils := &quot; }"/>
        </annotation>
    </item>
    <item name='com.sun.org.apache.xml.internal.security.utils.JavaUtils JavaUtils()'>
        <annotation name='com.intellij.inspections.tainted.annotation.equation.Equations'>
            <val val="{ &quot;JavaUtils := JavaUtils&quot; }"/>
        </annotation>
    </item>
    <item name='com.sun.org.apache.xml.internal.security.utils.JavaUtils byte[] convertDsaASN1toXMLDSIG(byte[], int)'>
        <annotation name='com.intellij.inspections.tainted.annotation.equation.Equations'>
            <val val="{ &quot;size := com.sun.org.apache.xml.internal.security.algorithms.implementations.SignatureDSA&quot; }"/>
        </annotation>
    </item>
    <item name='com.sun.org.apache.xml.internal.security.utils.JavaUtils byte[] convertDsaXMLDSIGtoASN1(byte[], int)'>
        <annotation name='com.intellij.inspections.tainted.annotation.equation.Equations'>
            <val val="{ &quot;size := com.sun.org.apache.xml.internal.security.algorithms.implementations.SignatureDSA&quot;, &quot;convertDsaXMLDSIGtoASN1 := size&quot;, &quot;xmldsigBytes := com.sun.org.apache.xml.internal.security.algorithms.implementations.SignatureDSA#engineVerify(byte[])#0&quot; }"/>
        </annotation>
    </item>
    <item name='com.sun.org.apache.xml.internal.security.utils.JavaUtils byte[] getBytesFromStream(java.io.InputStream)'>
        <annotation name='com.intellij.inspections.tainted.annotation.equation.Equations'>
            <val val="{ &quot;inputStream := com.sun.org.apache.xml.internal.security.signature.XMLSignatureInput&quot; }"/>
        </annotation>
    </item>
    <item name='com.sun.org.apache.xml.internal.security.utils.RFC2253Parser int countQuotes(java.lang.String, int, int)'>
        <annotation name='com.intellij.inspections.tainted.annotation.equation.Equations'>
            <val val="{ &quot;s := #parseRDN(java.lang.String, boolean)#0 &amp; #removeWSandReplace(java.lang.String, java.lang.String, java.lang.String)#0&quot; }"/>
        </annotation>
    </item>
    <item name='com.sun.org.apache.xml.internal.security.utils.RFC2253Parser java.lang.String changeLess32toRFC(java.lang.String)'>
        <annotation name='com.intellij.inspections.tainted.annotation.equation.Equations'>
            <val val="{ &quot;string := #xmltoRFC(java.lang.String)#0&quot; }"/>
        </annotation>
    </item>
    <item name='com.sun.org.apache.xml.internal.security.utils.RFC2253Parser java.lang.String changeLess32toXML(java.lang.String)'>
        <annotation name='com.intellij.inspections.tainted.annotation.equation.Equations'>
            <val val="{ &quot;string := #rfctoXML(java.lang.String)#0&quot; }"/>
        </annotation>
    </item>
    <item name='com.sun.org.apache.xml.internal.security.utils.RFC2253Parser java.lang.String normalize(java.lang.String, boolean)'>
        <annotation name='com.intellij.inspections.tainted.annotation.equation.Equations'>
            <val val="{ &quot;normalize := dn&quot;, &quot;dn := #rfc2253toXMLdsig(java.lang.String)#0 &amp; #xmldsigtoRFC2253(java.lang.String)#0 &amp; #normalize(java.lang.String)#0&quot; }"/>
        </annotation>
    </item>
    <item name='com.sun.org.apache.xml.internal.security.utils.RFC2253Parser java.lang.String removeWSandReplace(java.lang.String, java.lang.String, java.lang.String)'>
        <annotation name='com.intellij.inspections.tainted.annotation.equation.Equations'>
            <val val="{ &quot;replace := #removeWhiteSpace(java.lang.String, java.lang.String)#1&quot;, &quot;symbol := #removeWhiteSpace(java.lang.String, java.lang.String)#1&quot;, &quot;str := #semicolonToComma(java.lang.String)#0 &amp; #removeWhiteSpace(java.lang.String, java.lang.String)#0&quot; }"/>
        </annotation>
    </item>
    <item name='com.sun.org.apache.xml.internal.security.utils.RFC2253Parser java.lang.String rfctoXML(java.lang.String)'>
        <annotation name='com.intellij.inspections.tainted.annotation.equation.Equations'>
            <val val="{ &quot;rfctoXML := string&quot; }"/>
        </annotation>
    </item>
    <item name='com.sun.org.apache.xml.internal.security.utils.RFC2253Parser java.lang.String semicolonToComma(java.lang.String)'>
        <annotation name='com.intellij.inspections.tainted.annotation.equation.Equations'>
            <val val="{ &quot;str := #normalize(java.lang.String, boolean)#0&quot; }"/>
        </annotation>
    </item>
    <item name='com.sun.org.apache.xml.internal.security.utils.RFC2253Parser java.lang.String xmltoRFC(java.lang.String)'>
        <annotation name='com.intellij.inspections.tainted.annotation.equation.Equations'>
            <val val="{ &quot;xmltoRFC := string&quot; }"/>
        </annotation>
    </item>
    <item name='com.sun.org.apache.xml.internal.security.utils.Signature11ElementProxy'>
        <annotation name='com.intellij.inspections.tainted.annotation.equation.Equations'>
            <val val="{ &quot;Signature11ElementProxy := com.sun.org.apache.xml.internal.security.keys.content.KeyInfoReference &amp; com.sun.org.apache.xml.internal.security.keys.content.DEREncodedKeyValue&quot; }"/>
        </annotation>
    </item>
    <item name='com.sun.org.apache.xml.internal.security.utils.Signature11ElementProxy Signature11ElementProxy()'>
        <annotation name='com.intellij.inspections.tainted.annotation.equation.Equations'>
            <val val="{ &quot;Signature11ElementProxy := Signature11ElementProxy&quot; }"/>
        </annotation>
    </item>
    <item name='com.sun.org.apache.xml.internal.security.utils.Signature11ElementProxy Signature11ElementProxy(org.w3c.dom.Document)'>
        <annotation name='com.intellij.inspections.tainted.annotation.equation.Equations'>
            <val val="{ &quot;doc := com.sun.org.apache.xml.internal.security.keys.content.x509.XMLX509Digest#XMLX509Digest(org.w3c.dom.Document, byte[], java.lang.String)#0 &amp; com.sun.org.apache.xml.internal.security.keys.content.x509.XMLX509Digest#XMLX509Digest(org.w3c.dom.Document, java.security.cert.X509Certificate, java.lang.String)#0 &amp; com.sun.org.apache.xml.internal.security.keys.content.KeyInfoReference#KeyInfoReference(org.w3c.dom.Document, java.lang.String)#0 &amp; com.sun.org.apache.xml.internal.security.keys.content.DEREncodedKeyValue#DEREncodedKeyValue(org.w3c.dom.Document, java.security.PublicKey)#0 &amp; com.sun.org.apache.xml.internal.security.keys.content.DEREncodedKeyValue#DEREncodedKeyValue(org.w3c.dom.Document, byte[])#0&quot;, &quot;Signature11ElementProxy := Signature11ElementProxy&quot; }"/>
        </annotation>
    </item>
    <item name='com.sun.org.apache.xml.internal.security.utils.Signature11ElementProxy Signature11ElementProxy(org.w3c.dom.Element, java.lang.String)'>
        <annotation name='com.intellij.inspections.tainted.annotation.equation.Equations'>
            <val val="{ &quot;BaseURI := com.sun.org.apache.xml.internal.security.keys.content.x509.XMLX509Digest#XMLX509Digest(org.w3c.dom.Element, java.lang.String)#1 &amp; com.sun.org.apache.xml.internal.security.keys.content.KeyInfoReference#KeyInfoReference(org.w3c.dom.Element, java.lang.String)#1 &amp; com.sun.org.apache.xml.internal.security.keys.content.DEREncodedKeyValue#DEREncodedKeyValue(org.w3c.dom.Element, java.lang.String)#1&quot;, &quot;Signature11ElementProxy := Signature11ElementProxy&quot;, &quot;element := com.sun.org.apache.xml.internal.security.keys.content.x509.XMLX509Digest#XMLX509Digest(org.w3c.dom.Element, java.lang.String)#0 &amp; com.sun.org.apache.xml.internal.security.keys.content.KeyInfoReference#KeyInfoReference(org.w3c.dom.Element, java.lang.String)#0 &amp; com.sun.org.apache.xml.internal.security.keys.content.DEREncodedKeyValue#DEREncodedKeyValue(org.w3c.dom.Element, java.lang.String)#0&quot; }"/>
        </annotation>
    </item>
    <item name='com.sun.org.apache.xml.internal.security.utils.Signature11ElementProxy java.lang.String getBaseNamespace()'>
        <annotation name='com.intellij.inspections.tainted.annotation.equation.Equations'>
            <val val="{ &quot;getBaseNamespace := Constants#SignatureSpec11NS&quot; }"/>
        </annotation>
    </item>
    <item name='com.sun.org.apache.xml.internal.security.utils.SignatureElementProxy'>
        <annotation name='com.intellij.inspections.tainted.annotation.equation.Equations'>
            <val val="{ &quot;SignatureElementProxy := com.sun.org.apache.xml.internal.security.signature.XMLSignature &amp; com.sun.org.apache.xml.internal.security.transforms.Transforms &amp; com.sun.org.apache.xml.internal.security.signature.Reference &amp; com.sun.org.apache.xml.internal.security.keys.content.RetrievalMethod &amp; com.sun.org.apache.xml.internal.security.signature.Manifest &amp; com.sun.org.apache.xml.internal.security.transforms.Transform &amp; com.sun.org.apache.xml.internal.security.keys.KeyInfo &amp; com.sun.org.apache.xml.internal.security.keys.content.x509.XMLX509IssuerSerial &amp; com.sun.org.apache.xml.internal.security.keys.content.keyvalues.DSAKeyValue &amp; com.sun.org.apache.xml.internal.security.keys.content.keyvalues.RSAKeyValue &amp; com.sun.org.apache.xml.internal.security.keys.content.KeyValue &amp; com.sun.org.apache.xml.internal.security.keys.content.X509Data &amp; com.sun.org.apache.xml.internal.security.signature.SignatureProperties &amp; com.sun.org.apache.xml.internal.security.transforms.params.XPathContainer &amp; com.sun.org.apache.xml.internal.security.keys.content.x509.XMLX509Certificate &amp; com.sun.org.apache.xml.internal.security.keys.content.x509.XMLX509SKI &amp; com.sun.org.apache.xml.internal.security.signature.ObjectContainer&quot; }"/>
        </annotation>
    </item>
    <item name='com.sun.org.apache.xml.internal.security.utils.SignatureElementProxy SignatureElementProxy()'>
        <annotation name='com.intellij.inspections.tainted.annotation.equation.Equations'>
            <val val="{ &quot;SignatureElementProxy := SignatureElementProxy&quot; }"/>
        </annotation>
    </item>
    <item name='com.sun.org.apache.xml.internal.security.utils.SignatureElementProxy SignatureElementProxy(org.w3c.dom.Document)'>
        <annotation name='com.intellij.inspections.tainted.annotation.equation.Equations'>
            <val val="{ &quot;doc := com.sun.org.apache.xml.internal.security.keys.content.x509.XMLX509CRL#XMLX509CRL(org.w3c.dom.Document, byte[])#0 &amp; com.sun.org.apache.xml.internal.security.keys.content.x509.XMLX509SKI#XMLX509SKI(org.w3c.dom.Document, byte[])#0 &amp; com.sun.org.apache.xml.internal.security.keys.content.x509.XMLX509SKI#XMLX509SKI(org.w3c.dom.Document, java.security.cert.X509Certificate)#0 &amp; com.sun.org.apache.xml.internal.security.keys.content.x509.XMLX509Certificate#XMLX509Certificate(org.w3c.dom.Document, byte[])#0 &amp; com.sun.org.apache.xml.internal.security.keys.content.x509.XMLX509Certificate#XMLX509Certificate(org.w3c.dom.Document, java.security.cert.X509Certificate)#0 &amp; com.sun.org.apache.xml.internal.security.keys.content.x509.XMLX509SubjectName#XMLX509SubjectName(org.w3c.dom.Document, java.lang.String)#0 &amp; com.sun.org.apache.xml.internal.security.keys.content.x509.XMLX509IssuerSerial#XMLX509IssuerSerial(org.w3c.dom.Document, java.lang.String, java.math.BigInteger)#0 &amp; com.sun.org.apache.xml.internal.security.keys.content.keyvalues.DSAKeyValue#DSAKeyValue(org.w3c.dom.Document, java.math.BigInteger, java.math.BigInteger, java.math.BigInteger, java.math.BigInteger)#0 &amp; com.sun.org.apache.xml.internal.security.keys.content.keyvalues.DSAKeyValue#DSAKeyValue(org.w3c.dom.Document, java.security.Key)#0 &amp; com.sun.org.apache.xml.internal.security.keys.content.keyvalues.RSAKeyValue#RSAKeyValue(org.w3c.dom.Document, java.math.BigInteger, java.math.BigInteger)#0 &amp; com.sun.org.apache.xml.internal.security.keys.content.keyvalues.RSAKeyValue#RSAKeyValue(org.w3c.dom.Document, java.security.Key)#0 &amp; com.sun.org.apache.xml.internal.security.keys.content.KeyName#KeyName(org.w3c.dom.Document, java.lang.String)#0 &amp; com.sun.org.apache.xml.internal.security.keys.content.MgmtData#MgmtData(org.w3c.dom.Document, java.lang.String)#0 &amp; com.sun.org.apache.xml.internal.security.keys.content.KeyValue#KeyValue(org.w3c.dom.Document, com.sun.org.apache.xml.internal.security.keys.content.keyvalues.DSAKeyValue)#0 &amp; com.sun.org.apache.xml.internal.security.keys.content.KeyValue#KeyValue(org.w3c.dom.Document, com.sun.org.apache.xml.internal.security.keys.content.keyvalues.RSAKeyValue)#0 &amp; com.sun.org.apache.xml.internal.security.keys.content.KeyValue#KeyValue(org.w3c.dom.Document, org.w3c.dom.Element)#0 &amp; com.sun.org.apache.xml.internal.security.keys.content.KeyValue#KeyValue(org.w3c.dom.Document, java.security.PublicKey)#0 &amp; com.sun.org.apache.xml.internal.security.keys.content.RetrievalMethod#RetrievalMethod(org.w3c.dom.Document, java.lang.String, com.sun.org.apache.xml.internal.security.transforms.Transforms, java.lang.String)#0 &amp; com.sun.org.apache.xml.internal.security.keys.content.X509Data#X509Data(org.w3c.dom.Document)#0 &amp; com.sun.org.apache.xml.internal.security.keys.KeyInfo#KeyInfo(org.w3c.dom.Document)#0 &amp; com.sun.org.apache.xml.internal.security.signature.Manifest#Manifest(org.w3c.dom.Document)#0 &amp; com.sun.org.apache.xml.internal.security.signature.Reference#Reference(org.w3c.dom.Document, java.lang.String, java.lang.String, com.sun.org.apache.xml.internal.security.signature.Manifest, com.sun.org.apache.xml.internal.security.transforms.Transforms, java.lang.String)#0 &amp; com.sun.org.apache.xml.internal.security.signature.XMLSignature#XMLSignature(org.w3c.dom.Document, java.lang.String, java.lang.String, int, java.lang.String)#0 &amp; com.sun.org.apache.xml.internal.security.signature.XMLSignature#XMLSignature(org.w3c.dom.Document, java.lang.String, org.w3c.dom.Element, org.w3c.dom.Element)#0 &amp; com.sun.org.apache.xml.internal.security.signature.ObjectContainer#ObjectContainer(org.w3c.dom.Document)#0 &amp; com.sun.org.apache.xml.internal.security.signature.SignatureProperty#SignatureProperty(org.w3c.dom.Document, java.lang.String, java.lang.String)#0 &amp; com.sun.org.apache.xml.internal.security.signature.SignatureProperties#SignatureProperties(org.w3c.dom.Document)#0 &amp; com.sun.org.apache.xml.internal.security.algorithms.Algorithm#Algorithm(org.w3c.dom.Document, java.lang.String)#0 &amp; com.sun.org.apache.xml.internal.security.transforms.params.XPathContainer#XPathContainer(org.w3c.dom.Document)#0 &amp; com.sun.org.apache.xml.internal.security.transforms.Transform#Transform(org.w3c.dom.Document, java.lang.String, org.w3c.dom.Element)#0 &amp; com.sun.org.apache.xml.internal.security.transforms.Transform#Transform(org.w3c.dom.Document, java.lang.String, org.w3c.dom.NodeList)#0 &amp; com.sun.org.apache.xml.internal.security.transforms.Transforms#Transforms(org.w3c.dom.Document)#0&quot;, &quot;SignatureElementProxy := SignatureElementProxy&quot; }"/>
        </annotation>
    </item>
    <item name='com.sun.org.apache.xml.internal.security.utils.SignatureElementProxy SignatureElementProxy(org.w3c.dom.Element, java.lang.String)'>
        <annotation name='com.intellij.inspections.tainted.annotation.equation.Equations'>
            <val val="{ &quot;element := com.sun.org.apache.xml.internal.security.keys.content.x509.XMLX509CRL#XMLX509CRL(org.w3c.dom.Element, java.lang.String)#0 &amp; com.sun.org.apache.xml.internal.security.keys.content.x509.XMLX509SKI#XMLX509SKI(org.w3c.dom.Element, java.lang.String)#0 &amp; com.sun.org.apache.xml.internal.security.keys.content.x509.XMLX509Certificate#XMLX509Certificate(org.w3c.dom.Element, java.lang.String)#0 &amp; com.sun.org.apache.xml.internal.security.keys.content.x509.XMLX509SubjectName#XMLX509SubjectName(org.w3c.dom.Element, java.lang.String)#0 &amp; com.sun.org.apache.xml.internal.security.keys.content.x509.XMLX509IssuerSerial#XMLX509IssuerSerial(org.w3c.dom.Element, java.lang.String)#0 &amp; com.sun.org.apache.xml.internal.security.keys.content.keyvalues.DSAKeyValue#DSAKeyValue(org.w3c.dom.Element, java.lang.String)#0 &amp; com.sun.org.apache.xml.internal.security.keys.content.keyvalues.RSAKeyValue#RSAKeyValue(org.w3c.dom.Element, java.lang.String)#0 &amp; com.sun.org.apache.xml.internal.security.keys.content.KeyName#KeyName(org.w3c.dom.Element, java.lang.String)#0 &amp; com.sun.org.apache.xml.internal.security.keys.content.PGPData#PGPData(org.w3c.dom.Element, java.lang.String)#0 &amp; com.sun.org.apache.xml.internal.security.keys.content.MgmtData#MgmtData(org.w3c.dom.Element, java.lang.String)#0 &amp; com.sun.org.apache.xml.internal.security.keys.content.SPKIData#SPKIData(org.w3c.dom.Element, java.lang.String)#0 &amp; com.sun.org.apache.xml.internal.security.keys.content.KeyValue#KeyValue(org.w3c.dom.Element, java.lang.String)#0 &amp; com.sun.org.apache.xml.internal.security.keys.content.RetrievalMethod#RetrievalMethod(org.w3c.dom.Element, java.lang.String)#0 &amp; com.sun.org.apache.xml.internal.security.keys.content.X509Data#X509Data(org.w3c.dom.Element, java.lang.String)#0 &amp; com.sun.org.apache.xml.internal.security.keys.KeyInfo#KeyInfo(org.w3c.dom.Element, java.lang.String)#0 &amp; com.sun.org.apache.xml.internal.security.signature.Manifest#Manifest(org.w3c.dom.Element, java.lang.String, boolean)#0 &amp; com.sun.org.apache.xml.internal.security.signature.Reference#Reference(org.w3c.dom.Element, java.lang.String, com.sun.org.apache.xml.internal.security.signature.Manifest, boolean)#0 &amp; com.sun.org.apache.xml.internal.security.signature.ObjectContainer#ObjectContainer(org.w3c.dom.Element, java.lang.String)#0 &amp; com.sun.org.apache.xml.internal.security.signature.XMLSignature#XMLSignature(org.w3c.dom.Element, java.lang.String, boolean)#0 &amp; com.sun.org.apache.xml.internal.security.signature.SignatureProperty#SignatureProperty(org.w3c.dom.Element, java.lang.String)#0 &amp; com.sun.org.apache.xml.internal.security.signature.SignatureProperties#SignatureProperties(org.w3c.dom.Element, java.lang.String)#0 &amp; com.sun.org.apache.xml.internal.security.algorithms.Algorithm#Algorithm(org.w3c.dom.Element, java.lang.String)#0 &amp; com.sun.org.apache.xml.internal.security.transforms.Transform#Transform(org.w3c.dom.Element, java.lang.String)#0 &amp; com.sun.org.apache.xml.internal.security.transforms.Transforms#Transforms(org.w3c.dom.Element, java.lang.String)#0&quot;, &quot;BaseURI := com.sun.org.apache.xml.internal.security.keys.content.x509.XMLX509CRL#XMLX509CRL(org.w3c.dom.Element, java.lang.String)#1 &amp; com.sun.org.apache.xml.internal.security.keys.content.x509.XMLX509SKI#XMLX509SKI(org.w3c.dom.Element, java.lang.String)#1 &amp; com.sun.org.apache.xml.internal.security.keys.content.x509.XMLX509Certificate#XMLX509Certificate(org.w3c.dom.Element, java.lang.String)#1 &amp; com.sun.org.apache.xml.internal.security.keys.content.x509.XMLX509SubjectName#XMLX509SubjectName(org.w3c.dom.Element, java.lang.String)#1 &amp; com.sun.org.apache.xml.internal.security.keys.content.x509.XMLX509IssuerSerial#XMLX509IssuerSerial(org.w3c.dom.Element, java.lang.String)#1 &amp; com.sun.org.apache.xml.internal.security.keys.content.keyvalues.DSAKeyValue#DSAKeyValue(org.w3c.dom.Element, java.lang.String)#1 &amp; com.sun.org.apache.xml.internal.security.keys.content.keyvalues.RSAKeyValue#RSAKeyValue(org.w3c.dom.Element, java.lang.String)#1 &amp; com.sun.org.apache.xml.internal.security.keys.content.KeyName#KeyName(org.w3c.dom.Element, java.lang.String)#1 &amp; com.sun.org.apache.xml.internal.security.keys.content.PGPData#PGPData(org.w3c.dom.Element, java.lang.String)#1 &amp; com.sun.org.apache.xml.internal.security.keys.content.MgmtData#MgmtData(org.w3c.dom.Element, java.lang.String)#1 &amp; com.sun.org.apache.xml.internal.security.keys.content.SPKIData#SPKIData(org.w3c.dom.Element, java.lang.String)#1 &amp; com.sun.org.apache.xml.internal.security.keys.content.KeyValue#KeyValue(org.w3c.dom.Element, java.lang.String)#1 &amp; com.sun.org.apache.xml.internal.security.keys.content.RetrievalMethod#RetrievalMethod(org.w3c.dom.Element, java.lang.String)#1 &amp; com.sun.org.apache.xml.internal.security.keys.content.X509Data#X509Data(org.w3c.dom.Element, java.lang.String)#1 &amp; com.sun.org.apache.xml.internal.security.keys.KeyInfo#KeyInfo(org.w3c.dom.Element, java.lang.String)#1 &amp; com.sun.org.apache.xml.internal.security.signature.Manifest#Manifest(org.w3c.dom.Element, java.lang.String, boolean)#1 &amp; com.sun.org.apache.xml.internal.security.signature.Reference#Reference(org.w3c.dom.Element, java.lang.String, com.sun.org.apache.xml.internal.security.signature.Manifest, boolean)#1 &amp; com.sun.org.apache.xml.internal.security.signature.ObjectContainer#ObjectContainer(org.w3c.dom.Element, java.lang.String)#1 &amp; com.sun.org.apache.xml.internal.security.signature.XMLSignature#XMLSignature(org.w3c.dom.Element, java.lang.String, boolean)#1 &amp; com.sun.org.apache.xml.internal.security.signature.SignatureProperty#SignatureProperty(org.w3c.dom.Element, java.lang.String)#1 &amp; com.sun.org.apache.xml.internal.security.signature.SignatureProperties#SignatureProperties(org.w3c.dom.Element, java.lang.String)#1 &amp; com.sun.org.apache.xml.internal.security.algorithms.Algorithm#Algorithm(org.w3c.dom.Element, java.lang.String)#1 &amp; com.sun.org.apache.xml.internal.security.transforms.Transform#Transform(org.w3c.dom.Element, java.lang.String)#1 &amp; com.sun.org.apache.xml.internal.security.transforms.Transforms#Transforms(org.w3c.dom.Element, java.lang.String)#1&quot;, &quot;SignatureElementProxy := SignatureElementProxy&quot; }"/>
        </annotation>
    </item>
    <item name='com.sun.org.apache.xml.internal.security.utils.SignatureElementProxy java.lang.String getBaseNamespace()'>
        <annotation name='com.intellij.inspections.tainted.annotation.equation.Equations'>
            <val val="{ &quot;getBaseNamespace := com.sun.org.apache.xml.internal.security.algorithms.MessageDigestAlgorithm#getBaseNamespace() &amp; com.sun.org.apache.xml.internal.security.encryption.XMLCipher.Factory.TransformsImpl#getBaseNamespace() &amp; com.sun.org.apache.xml.internal.security.algorithms.SignatureAlgorithm#getBaseNamespace()&quot; }"/>
        </annotation>
    </item>
    <item name='com.sun.org.apache.xml.internal.security.utils.SignerOutputStream'>
        <annotation name='com.intellij.inspections.tainted.annotation.equation.Equations'>
            <val val="{ &quot;SignerOutputStream := &quot; }"/>
        </annotation>
    </item>
    <item name='com.sun.org.apache.xml.internal.security.utils.SignerOutputStream SignerOutputStream(com.sun.org.apache.xml.internal.security.algorithms.SignatureAlgorithm)'>
        <annotation name='com.intellij.inspections.tainted.annotation.equation.Equations'>
            <val val="{ &quot;sa := &quot;, &quot;SignerOutputStream := SignerOutputStream&quot; }"/>
        </annotation>
    </item>
    <item name='com.sun.org.apache.xml.internal.security.utils.UnsyncBufferedOutputStream'>
        <annotation name='com.intellij.inspections.tainted.annotation.equation.Equations'>
            <val val="{ &quot;UnsyncBufferedOutputStream := #write(int)#0&quot; }"/>
        </annotation>
    </item>
    <item name='com.sun.org.apache.xml.internal.security.utils.UnsyncBufferedOutputStream UnsyncBufferedOutputStream(java.io.OutputStream)'>
        <annotation name='com.intellij.inspections.tainted.annotation.equation.Equations'>
            <val val="{ &quot;out := &quot;, &quot;UnsyncBufferedOutputStream := UnsyncBufferedOutputStream&quot; }"/>
        </annotation>
    </item>
    <item name='com.sun.org.apache.xml.internal.security.utils.UnsyncBufferedOutputStream void write(byte[], int, int)'>
        <annotation name='com.intellij.inspections.tainted.annotation.equation.Equations'>
            <val val="{ &quot;arg0 := #write(byte[])#0&quot; }"/>
        </annotation>
    </item>
    <item name='com.sun.org.apache.xml.internal.security.utils.UnsyncByteArrayOutputStream'>
        <annotation name='com.intellij.inspections.tainted.annotation.equation.Equations'>
            <val val="{ &quot;UnsyncByteArrayOutputStream := #write(int)#0 &amp; #INITIAL_SIZE&quot; }"/>
        </annotation>
    </item>
    <item name='com.sun.org.apache.xml.internal.security.utils.UnsyncByteArrayOutputStream UnsyncByteArrayOutputStream()'>
        <annotation name='com.intellij.inspections.tainted.annotation.equation.Equations'>
            <val val="{ &quot;UnsyncByteArrayOutputStream := UnsyncByteArrayOutputStream&quot; }"/>
        </annotation>
    </item>
    <item name='com.sun.org.apache.xml.internal.security.utils.UnsyncByteArrayOutputStream void expandSize(int)'>
        <annotation name='com.intellij.inspections.tainted.annotation.equation.Equations'>
            <val val="{ &quot;newPos := UnsyncByteArrayOutputStream &amp; #write(byte[], int, int)#2&quot; }"/>
        </annotation>
    </item>
    <item name='com.sun.org.apache.xml.internal.security.utils.XMLUtils'>
        <annotation name='com.intellij.inspections.tainted.annotation.equation.Equations'>
            <val val="{ &quot;XMLUtils := #setDs11Prefix(java.lang.String)#0 &amp; #setXenc11Prefix(java.lang.String)#0&quot; }"/>
        </annotation>
    </item>
    <item name='com.sun.org.apache.xml.internal.security.utils.XMLUtils XMLUtils()'>
        <annotation name='com.intellij.inspections.tainted.annotation.equation.Equations'>
            <val val="{ &quot;XMLUtils := XMLUtils&quot; }"/>
        </annotation>
    </item>
    <item name='com.sun.org.apache.xml.internal.security.utils.XMLUtils boolean elementIsInSignature11Space(org.w3c.dom.Element, java.lang.String)'>
        <annotation name='com.intellij.inspections.tainted.annotation.equation.Equations'>
            <val val="{ &quot;element := com.sun.org.apache.xml.internal.security.keys.keyresolver.implementations.KeyInfoReferenceResolver#engineCanResolve(org.w3c.dom.Element, java.lang.String, com.sun.org.apache.xml.internal.security.keys.storage.StorageResolver)#0 &amp; com.sun.org.apache.xml.internal.security.keys.keyresolver.implementations.DEREncodedKeyValueResolver#engineCanResolve(org.w3c.dom.Element, java.lang.String, com.sun.org.apache.xml.internal.security.keys.storage.StorageResolver)#0 &amp; com.sun.org.apache.xml.internal.security.keys.keyresolver.implementations.KeyInfoReferenceResolver#engineCanResolve(org.w3c.dom.Element, java.lang.String, com.sun.org.apache.xml.internal.security.keys.storage.StorageResolver)#0 &amp; com.sun.org.apache.xml.internal.security.keys.keyresolver.implementations.DEREncodedKeyValueResolver#engineCanResolve(org.w3c.dom.Element, java.lang.String, com.sun.org.apache.xml.internal.security.keys.storage.StorageResolver)#0&quot;, &quot;localName := Constants#_TAG_KEYINFOREFERENCE &amp; Constants#_TAG_DERENCODEDKEYVALUE&quot; }"/>
        </annotation>
    </item>
    <item name='com.sun.org.apache.xml.internal.security.utils.XMLUtils boolean elementIsInSignatureSpace(org.w3c.dom.Element, java.lang.String)'>
        <annotation name='com.intellij.inspections.tainted.annotation.equation.Equations'>
            <val val="{ &quot;localName := Constants#_TAG_KEYNAME &amp; Constants#_TAG_X509DATA &amp; Constants#_TAG_DSAKEYVALUE &amp; Constants#_TAG_RSAKEYVALUE &amp; Constants#_TAG_RETRIEVALMETHOD&quot;, &quot;element := com.sun.org.apache.xml.internal.security.keys.keyresolver.implementations.SecretKeyResolver#engineCanResolve(org.w3c.dom.Element, java.lang.String, com.sun.org.apache.xml.internal.security.keys.storage.StorageResolver)#0 &amp; com.sun.org.apache.xml.internal.security.keys.keyresolver.implementations.SecretKeyResolver#engineResolveSecretKey(org.w3c.dom.Element, java.lang.String, com.sun.org.apache.xml.internal.security.keys.storage.StorageResolver)#0 &amp; com.sun.org.apache.xml.internal.security.keys.keyresolver.implementations.SingleKeyResolver#engineCanResolve(org.w3c.dom.Element, java.lang.String, com.sun.org.apache.xml.internal.security.keys.storage.StorageResolver)#0 &amp; com.sun.org.apache.xml.internal.security.keys.keyresolver.implementations.SingleKeyResolver#engineLookupAndResolvePublicKey(org.w3c.dom.Element, java.lang.String, com.sun.org.apache.xml.internal.security.keys.storage.StorageResolver)#0 &amp; com.sun.org.apache.xml.internal.security.keys.keyresolver.implementations.X509DigestResolver#engineCanResolve(org.w3c.dom.Element, java.lang.String, com.sun.org.apache.xml.internal.security.keys.storage.StorageResolver)#0 &amp; com.sun.org.apache.xml.internal.security.keys.keyresolver.implementations.PrivateKeyResolver#engineCanResolve(org.w3c.dom.Element, java.lang.String, com.sun.org.apache.xml.internal.security.keys.storage.StorageResolver)#0 &amp; com.sun.org.apache.xml.internal.security.keys.keyresolver.implementations.SingleKeyResolver#engineResolveSecretKey(org.w3c.dom.Element, java.lang.String, com.sun.org.apache.xml.internal.security.keys.storage.StorageResolver)#0 &amp; com.sun.org.apache.xml.internal.security.keys.keyresolver.implementations.SingleKeyResolver#engineLookupAndResolvePrivateKey(org.w3c.dom.Element, java.lang.String, com.sun.org.apache.xml.internal.security.keys.storage.StorageResolver)#0 &amp; com.sun.org.apache.xml.internal.security.keys.keyresolver.implementations.PrivateKeyResolver#engineLookupAndResolvePrivateKey(org.w3c.dom.Element, java.lang.String, com.sun.org.apache.xml.internal.security.keys.storage.StorageResolver)#0 &amp; com.sun.org.apache.xml.internal.security.keys.keyresolver.implementations.DSAKeyValueResolver#engineLookupAndResolvePublicKey(org.w3c.dom.Element, java.lang.String, com.sun.org.apache.xml.internal.security.keys.storage.StorageResolver)#0 &amp; com.sun.org.apache.xml.internal.security.keys.keyresolver.implementations.RSAKeyValueResolver#engineLookupAndResolvePublicKey(org.w3c.dom.Element, java.lang.String, com.sun.org.apache.xml.internal.security.keys.storage.StorageResolver)#0 &amp; com.sun.org.apache.xml.internal.security.keys.keyresolver.implementations.X509DigestResolver#engineCanResolve(org.w3c.dom.Element, java.lang.String, com.sun.org.apache.xml.internal.security.keys.storage.StorageResolver)#0&quot; }"/>
        </annotation>
    </item>
    <item name='com.sun.org.apache.xml.internal.security.utils.XMLUtils boolean isDescendantOrSelf(org.w3c.dom.Node, org.w3c.dom.Node)'>
        <annotation name='com.intellij.inspections.tainted.annotation.equation.Equations'>
            <val val="{ &quot;descendantOrSelf := #getSet(org.w3c.dom.Node, java.util.Set, org.w3c.dom.Node, boolean)#0 &amp; com.sun.org.apache.xml.internal.security.transforms.implementations.XPath2NodeFilter#rooted(org.w3c.dom.Node, java.util.Set)#0 &amp; com.sun.org.apache.xml.internal.security.transforms.implementations.TransformEnvelopedSignature.EnvelopedNodeFilter#isNodeInclude(org.w3c.dom.Node)#0&quot;, &quot;ctx := #getSet(org.w3c.dom.Node, java.util.Set, org.w3c.dom.Node, boolean)#2 &amp; com.sun.org.apache.xml.internal.security.transforms.implementations.XPath2NodeFilter#rooted(org.w3c.dom.Node, java.util.Set)#1 &amp; com.sun.org.apache.xml.internal.security.transforms.implementations.TransformEnvelopedSignature.EnvelopedNodeFilter&quot; }"/>
        </annotation>
    </item>
    <item name='com.sun.org.apache.xml.internal.security.utils.XMLUtils java.lang.String getFullTextChildrenFromElement(org.w3c.dom.Element)'>
        <annotation name='com.intellij.inspections.tainted.annotation.equation.Equations'>
            <val val="{ &quot;element := ElementProxy &amp; com.sun.org.apache.xml.internal.security.encryption.XMLCipher.Factory#newCipherValue(org.w3c.dom.Element)#0&quot; }"/>
        </annotation>
    </item>
    <item name='com.sun.org.apache.xml.internal.security.utils.XMLUtils java.util.Set&lt;org.w3c.dom.Node&gt; convertNodelistToSet(org.w3c.dom.NodeList)'>
        <annotation name='com.intellij.inspections.tainted.annotation.equation.Equations'>
            <val val="{ &quot;xpathNodeSet := com.sun.org.apache.xml.internal.security.c14n.CanonicalizerSpi#engineCanonicalizeXPathNodeSet(org.w3c.dom.NodeList)#0 &amp; com.sun.org.apache.xml.internal.security.c14n.CanonicalizerSpi#engineCanonicalizeXPathNodeSet(org.w3c.dom.NodeList, java.lang.String)#0&quot; }"/>
        </annotation>
    </item>
    <item name='com.sun.org.apache.xml.internal.security.utils.XMLUtils org.w3c.dom.Document getOwnerDocument(java.util.Set&lt;org.w3c.dom.Node&gt;)'>
        <annotation name='com.intellij.inspections.tainted.annotation.equation.Equations'>
            <val val="{ &quot;getOwnerDocument := xpathNodeSet&quot;, &quot;xpathNodeSet := com.sun.org.apache.xml.internal.security.c14n.implementations.CanonicalizerBase&quot; }"/>
        </annotation>
    </item>
    <item name='com.sun.org.apache.xml.internal.security.utils.XMLUtils org.w3c.dom.Document getOwnerDocument(org.w3c.dom.Node)'>
        <annotation name='com.intellij.inspections.tainted.annotation.equation.Equations'>
            <val val="{ &quot;getOwnerDocument := node&quot;, &quot;node := com.sun.org.apache.xml.internal.security.signature.XMLSignatureInput&quot; }"/>
        </annotation>
    </item>
    <item name='com.sun.org.apache.xml.internal.security.utils.XMLUtils org.w3c.dom.Element createElementInEncryption11Space(org.w3c.dom.Document, java.lang.String)'>
        <annotation name='com.intellij.inspections.tainted.annotation.equation.Equations'>
            <val val="{ &quot;doc := com.sun.org.apache.xml.internal.security.encryption.XMLCipher.Factory.EncryptionMethodImpl&quot;, &quot;elementName := EncryptionConstants#_TAG_MGF&quot; }"/>
        </annotation>
    </item>
    <item name='com.sun.org.apache.xml.internal.security.utils.XMLUtils org.w3c.dom.Element createElementInEncryptionSpace(org.w3c.dom.Document, java.lang.String)'>
        <annotation name='com.intellij.inspections.tainted.annotation.equation.Equations'>
            <val val="{ &quot;doc := com.sun.org.apache.xml.internal.security.encryption.XMLCipher.Factory.CipherDataImpl &amp; com.sun.org.apache.xml.internal.security.encryption.XMLCipher.Factory.CipherReferenceImpl &amp; com.sun.org.apache.xml.internal.security.encryption.XMLCipher.Factory.CipherValueImpl &amp; com.sun.org.apache.xml.internal.security.encryption.XMLCipher.Factory.EncryptionMethodImpl &amp; com.sun.org.apache.xml.internal.security.encryption.XMLCipher.Factory.EncryptionPropertiesImpl &amp; com.sun.org.apache.xml.internal.security.encryption.XMLCipher.Factory.EncryptionPropertyImpl&quot;, &quot;elementName := EncryptionConstants#_TAG_CIPHERDATA &amp; EncryptionConstants#_TAG_CIPHERREFERENCE &amp; EncryptionConstants#_TAG_CIPHERVALUE &amp; EncryptionConstants#_TAG_ENCRYPTIONMETHOD &amp; EncryptionConstants#_TAG_OAEPPARAMS &amp; EncryptionConstants#_TAG_ENCRYPTIONPROPERTIES &amp; EncryptionConstants#_TAG_ENCRYPTIONPROPERTY&quot; }"/>
        </annotation>
    </item>
    <item name='com.sun.org.apache.xml.internal.security.utils.XMLUtils org.w3c.dom.Element createElementInSignature11Space(org.w3c.dom.Document, java.lang.String)'>
        <annotation name='com.intellij.inspections.tainted.annotation.equation.Equations'>
            <val val="{ &quot;doc := Signature11ElementProxy&quot; }"/>
        </annotation>
    </item>
    <item name='com.sun.org.apache.xml.internal.security.utils.XMLUtils org.w3c.dom.Element createElementInSignatureSpace(org.w3c.dom.Document, java.lang.String)'>
        <annotation name='com.intellij.inspections.tainted.annotation.equation.Equations'>
            <val val="{ &quot;doc := Base64#encodeToElement(org.w3c.dom.Document, java.lang.String, byte[])#0 &amp; ElementProxy &amp; SignatureElementProxy &amp; com.sun.org.apache.xml.internal.security.signature.Reference &amp; com.sun.org.apache.xml.internal.security.signature.XMLSignature &amp; com.sun.org.apache.xml.internal.security.signature.SignedInfo &amp; com.sun.org.apache.xml.internal.security.encryption.XMLCipher.Factory.EncryptionMethodImpl&quot;, &quot;elementName := Base64#encodeToElement(org.w3c.dom.Document, java.lang.String, byte[])#1 &amp; ElementProxy#addBigIntegerElement(java.math.BigInteger, java.lang.String)#1 &amp; ElementProxy#addTextElement(java.lang.String, java.lang.String)#1 &amp; Constants#_TAG_DIGESTVALUE &amp; Constants#_TAG_SIGNATUREVALUE &amp; Constants#_TAG_CANONICALIZATIONMETHOD &amp; Constants#_TAG_HMACOUTPUTLENGTH &amp; Constants#_TAG_DIGESTMETHOD&quot; }"/>
        </annotation>
    </item>
    <item name='com.sun.org.apache.xml.internal.security.utils.XMLUtils org.w3c.dom.Element getNextElement(org.w3c.dom.Node)'>
        <annotation name='com.intellij.inspections.tainted.annotation.equation.Equations'>
            <val val="{ &quot;getNextElement := el&quot; }"/>
        </annotation>
    </item>
    <item name='com.sun.org.apache.xml.internal.security.utils.XMLUtils org.w3c.dom.Element selectDs11Node(org.w3c.dom.Node, java.lang.String, int)'>
        <annotation name='com.intellij.inspections.tainted.annotation.equation.Equations'>
            <val val="{ &quot;sibling := #selectDs11NodeText(org.w3c.dom.Node, java.lang.String, int)#0&quot;, &quot;nodeName := Constants#_TAG_X509DIGEST &amp; Constants#_TAG_DERENCODEDKEYVALUE &amp; Constants#_TAG_KEYINFOREFERENCE &amp; #selectDs11NodeText(org.w3c.dom.Node, java.lang.String, int)#1&quot;, &quot;selectDs11Node := sibling&quot;, &quot;number := com.sun.org.apache.xml.internal.security.keys.content.X509Data#itemDigest(int)#0 &amp; com.sun.org.apache.xml.internal.security.keys.KeyInfo#itemDEREncodedKeyValue(int)#0 &amp; com.sun.org.apache.xml.internal.security.keys.KeyInfo#itemKeyInfoReference(int)#0 &amp; #selectDs11NodeText(org.w3c.dom.Node, java.lang.String, int)#2&quot; }"/>
        </annotation>
    </item>
    <item name='com.sun.org.apache.xml.internal.security.utils.XMLUtils org.w3c.dom.Element selectDsNode(org.w3c.dom.Node, java.lang.String, int)'>
        <annotation name='com.intellij.inspections.tainted.annotation.equation.Equations'>
            <val val="{ &quot;sibling := #selectDsNodeText(org.w3c.dom.Node, java.lang.String, int)#0 &amp; com.sun.org.apache.xml.internal.security.signature.SignatureProperties&quot;, &quot;number := com.sun.org.apache.xml.internal.security.keys.content.X509Data#itemIssuerSerial(int)#0 &amp; com.sun.org.apache.xml.internal.security.keys.content.X509Data#itemSKI(int)#0 &amp; com.sun.org.apache.xml.internal.security.keys.content.X509Data#itemSubjectName(int)#0 &amp; com.sun.org.apache.xml.internal.security.keys.content.X509Data#itemCertificate(int)#0 &amp; com.sun.org.apache.xml.internal.security.keys.content.X509Data#itemCRL(int)#0 &amp; com.sun.org.apache.xml.internal.security.keys.KeyInfo#itemKeyName(int)#0 &amp; com.sun.org.apache.xml.internal.security.keys.KeyInfo#itemKeyValue(int)#0 &amp; com.sun.org.apache.xml.internal.security.keys.KeyInfo#itemMgmtData(int)#0 &amp; com.sun.org.apache.xml.internal.security.keys.KeyInfo#itemPGPData(int)#0 &amp; com.sun.org.apache.xml.internal.security.keys.KeyInfo#itemRetrievalMethod(int)#0 &amp; com.sun.org.apache.xml.internal.security.keys.KeyInfo#itemSPKIData(int)#0 &amp; com.sun.org.apache.xml.internal.security.keys.KeyInfo#itemX509Data(int)#0 &amp; #selectDsNodeText(org.w3c.dom.Node, java.lang.String, int)#2 &amp; com.sun.org.apache.xml.internal.security.signature.XMLSignature#getObjectItem(int)#0 &amp; com.sun.org.apache.xml.internal.security.signature.SignatureProperties#item(int)#0&quot;, &quot;selectDsNode := sibling&quot;, &quot;nodeName := Constants#_TAG_RSAKEYVALUE &amp; Constants#_TAG_DSAKEYVALUE &amp; Constants#_TAG_TRANSFORMS &amp; Constants#_TAG_X509ISSUERSERIAL &amp; Constants#_TAG_X509SKI &amp; Constants#_TAG_X509SUBJECTNAME &amp; Constants#_TAG_X509CERTIFICATE &amp; Constants#_TAG_X509CRL &amp; Constants#_TAG_X509DATA &amp; Constants#_TAG_KEYNAME &amp; Constants#_TAG_KEYVALUE &amp; Constants#_TAG_MGMTDATA &amp; Constants#_TAG_PGPDATA &amp; Constants#_TAG_RETRIEVALMETHOD &amp; Constants#_TAG_SPKIDATA &amp; #selectDsNodeText(org.w3c.dom.Node, java.lang.String, int)#1 &amp; Constants#_TAG_OBJECT &amp; Constants#_TAG_SIGNATUREPROPERTY &amp; Constants#_TAG_XPATH&quot; }"/>
        </annotation>
    </item>
    <item name='com.sun.org.apache.xml.internal.security.utils.XMLUtils org.w3c.dom.Element selectNode(org.w3c.dom.Node, java.lang.String, java.lang.String, int)'>
        <annotation name='com.intellij.inspections.tainted.annotation.equation.Equations'>
            <val val="{ &quot;nodeName := ElementProxy#getBytesFromChildElement(java.lang.String, java.lang.String)#0 &amp; #selectNodeText(org.w3c.dom.Node, java.lang.String, java.lang.String, int)#2 &amp; com.sun.org.apache.xml.internal.security.transforms.params.InclusiveNamespaces#_TAG_EC_INCLUSIVENAMESPACES &amp; com.sun.org.apache.xml.internal.security.transforms.params.XPathFilterCHGPContainer#getXStr(java.lang.String)#0&quot;, &quot;uri := ElementProxy#getBytesFromChildElement(java.lang.String, java.lang.String)#1 &amp; #selectNodeText(org.w3c.dom.Node, java.lang.String, java.lang.String, int)#1 &amp; com.sun.org.apache.xml.internal.security.transforms.params.InclusiveNamespaces#ExclusiveCanonicalizationNamespace &amp; com.sun.org.apache.xml.internal.security.transforms.implementations.TransformXSLT#XSLTSpecNS&quot;, &quot;selectNode := sibling&quot;, &quot;sibling := #selectNodeText(org.w3c.dom.Node, java.lang.String, java.lang.String, int)#0&quot;, &quot;number := #selectNodeText(org.w3c.dom.Node, java.lang.String, java.lang.String, int)#3&quot; }"/>
        </annotation>
    </item>
    <item name='com.sun.org.apache.xml.internal.security.utils.XMLUtils org.w3c.dom.Element selectXencNode(org.w3c.dom.Node, java.lang.String, int)'>
        <annotation name='com.intellij.inspections.tainted.annotation.equation.Equations'>
            <val val="{ &quot;nodeName := EncryptionConstants#_TAG_ENCRYPTEDKEY&quot;, &quot;selectXencNode := sibling&quot;, &quot;number := com.sun.org.apache.xml.internal.security.keys.KeyInfo#itemEncryptedKey(int)#0&quot; }"/>
        </annotation>
    </item>
    <item name='com.sun.org.apache.xml.internal.security.utils.XMLUtils org.w3c.dom.Element[] selectDs11Nodes(org.w3c.dom.Node, java.lang.String)'>
        <annotation name='com.intellij.inspections.tainted.annotation.equation.Equations'>
            <val val="{ &quot;sibling := &quot;, &quot;nodeName := Constants#_TAG_X509DIGEST&quot; }"/>
        </annotation>
    </item>
    <item name='com.sun.org.apache.xml.internal.security.utils.XMLUtils org.w3c.dom.Element[] selectDsNodes(org.w3c.dom.Node, java.lang.String)'>
        <annotation name='com.intellij.inspections.tainted.annotation.equation.Equations'>
            <val val="{ &quot;sibling := com.sun.org.apache.xml.internal.security.signature.SignatureProperties&quot;, &quot;nodeName := Constants#_TAG_X509SKI &amp; Constants#_TAG_X509CERTIFICATE &amp; Constants#_TAG_X509SUBJECTNAME &amp; Constants#_TAG_REFERENCE &amp; Constants#_TAG_SIGNATUREPROPERTY&quot; }"/>
        </annotation>
    </item>
    <item name='com.sun.org.apache.xml.internal.security.utils.XMLUtils org.w3c.dom.Element[] selectNodes(org.w3c.dom.Node, java.lang.String, java.lang.String)'>
        <annotation name='com.intellij.inspections.tainted.annotation.equation.Equations'>
            <val val="{ &quot;sibling := #selectDsNodes(org.w3c.dom.Node, java.lang.String)#0 &amp; #selectDs11Nodes(org.w3c.dom.Node, java.lang.String)#0&quot;, &quot;uri := Constants#SignatureSpecNS &amp; Constants#SignatureSpec11NS &amp; com.sun.org.apache.xml.internal.security.Init#CONF_NS &amp; com.sun.org.apache.xml.internal.security.transforms.params.XPath2FilterContainer#XPathFilter2NS&quot;, &quot;nodeName := #selectDsNodes(org.w3c.dom.Node, java.lang.String)#1 &amp; #selectDs11Nodes(org.w3c.dom.Node, java.lang.String)#1 &amp; com.sun.org.apache.xml.internal.security.transforms.params.XPath2FilterContainer#_TAG_XPATH2&quot; }"/>
        </annotation>
    </item>
    <item name='com.sun.org.apache.xml.internal.security.utils.XMLUtils org.w3c.dom.Text selectDsNodeText(org.w3c.dom.Node, java.lang.String, int)'>
        <annotation name='com.intellij.inspections.tainted.annotation.equation.Equations'>
            <val val="{ &quot;sibling := &quot;, &quot;nodeName := Constants#_TAG_HMACOUTPUTLENGTH&quot; }"/>
        </annotation>
    </item>
    <item name='com.sun.org.apache.xml.internal.security.utils.XMLUtils org.w3c.dom.Text selectNodeText(org.w3c.dom.Node, java.lang.String, java.lang.String, int)'>
        <annotation name='com.intellij.inspections.tainted.annotation.equation.Equations'>
            <val val="{ &quot;nodeName := ElementProxy#getBigIntegerFromChildElement(java.lang.String, java.lang.String)#0 &amp; com.sun.org.apache.xml.internal.security.transforms.params.XPathFilterCHGPContainer#getHereContextNode(java.lang.String)#0&quot;, &quot;uri := ElementProxy#getBigIntegerFromChildElement(java.lang.String, java.lang.String)#1&quot; }"/>
        </annotation>
    </item>
    <item name='com.sun.org.apache.xml.internal.security.utils.XMLUtils void addReturnBeforeChild(org.w3c.dom.Element, org.w3c.dom.Node)'>
        <annotation name='com.intellij.inspections.tainted.annotation.equation.Equations'>
            <val val="{ &quot;e := com.sun.org.apache.xml.internal.security.signature.XMLSignature&quot; }"/>
        </annotation>
    </item>
    <item name='com.sun.org.apache.xml.internal.security.utils.XMLUtils void addReturnToElement(org.w3c.dom.Document, com.sun.org.apache.xml.internal.security.utils.HelperNodeList)'>
        <annotation name='com.intellij.inspections.tainted.annotation.equation.Equations'>
            <val val="{ &quot;doc := com.sun.org.apache.xml.internal.security.transforms.params.XPath2FilterContainer#newInstances(org.w3c.dom.Document, java.lang.String[][])#0 &amp; com.sun.org.apache.xml.internal.security.transforms.Transform#Transform(org.w3c.dom.Document, java.lang.String, org.w3c.dom.Element)#0&quot; }"/>
        </annotation>
    </item>
    <item name='com.sun.org.apache.xml.internal.security.utils.XMLUtils void addReturnToElement(org.w3c.dom.Element)'>
        <annotation name='com.intellij.inspections.tainted.annotation.equation.Equations'>
            <val val="{ &quot;e := com.sun.org.apache.xml.internal.security.signature.XMLSignature &amp; com.sun.org.apache.xml.internal.security.keys.content.x509.XMLX509IssuerSerial &amp; com.sun.org.apache.xml.internal.security.keys.content.keyvalues.DSAKeyValue &amp; com.sun.org.apache.xml.internal.security.keys.content.keyvalues.RSAKeyValue &amp; com.sun.org.apache.xml.internal.security.keys.content.KeyValue &amp; com.sun.org.apache.xml.internal.security.keys.content.RetrievalMethod &amp; com.sun.org.apache.xml.internal.security.keys.content.X509Data &amp; com.sun.org.apache.xml.internal.security.keys.KeyInfo &amp; ElementProxy &amp; com.sun.org.apache.xml.internal.security.signature.Manifest &amp; com.sun.org.apache.xml.internal.security.signature.Reference &amp; com.sun.org.apache.xml.internal.security.signature.SignedInfo &amp; com.sun.org.apache.xml.internal.security.signature.SignatureProperties &amp; com.sun.org.apache.xml.internal.security.algorithms.implementations.IntegrityHmac#engineAddContextToElement(org.w3c.dom.Element)#0 &amp; com.sun.org.apache.xml.internal.security.transforms.params.XPath2FilterContainer04 &amp; com.sun.org.apache.xml.internal.security.transforms.params.XPathFilterCHGPContainer &amp; com.sun.org.apache.xml.internal.security.transforms.Transforms&quot; }"/>
        </annotation>
    </item>
    <item name='com.sun.org.apache.xml.internal.security.utils.XMLUtils void circumventBug2650(org.w3c.dom.Document)'>
        <annotation name='com.intellij.inspections.tainted.annotation.equation.Equations'>
            <val val="{ &quot;doc := &quot; }"/>
        </annotation>
    </item>
    <item name='com.sun.org.apache.xml.internal.security.utils.XMLUtils void circumventBug2650internal(org.w3c.dom.Node)'>
        <annotation name='com.intellij.inspections.tainted.annotation.equation.Equations'>
            <val val="{ &quot;node := #circumventBug2650(org.w3c.dom.Document)#0&quot; }"/>
        </annotation>
    </item>
    <item name='com.sun.org.apache.xml.internal.security.utils.XMLUtils void getSet(org.w3c.dom.Node, java.util.Set&lt;org.w3c.dom.Node&gt;, org.w3c.dom.Node, boolean)'>
        <annotation name='com.intellij.inspections.tainted.annotation.equation.Equations'>
            <val val="{ &quot;result := com.sun.org.apache.xml.internal.security.signature.XMLSignatureInput&quot;, &quot;exclude := com.sun.org.apache.xml.internal.security.signature.XMLSignatureInput&quot;, &quot;rootNode := com.sun.org.apache.xml.internal.security.signature.XMLSignatureInput&quot; }"/>
        </annotation>
    </item>
    <item name='com.sun.org.apache.xml.internal.security.utils.XMLUtils void getSetRec(org.w3c.dom.Node, java.util.Set&lt;org.w3c.dom.Node&gt;, org.w3c.dom.Node, boolean)'>
        <annotation name='com.intellij.inspections.tainted.annotation.equation.Equations'>
            <val val="{ &quot;exclude := #getSet(org.w3c.dom.Node, java.util.Set, org.w3c.dom.Node, boolean)#2&quot;, &quot;rootNode := #getSet(org.w3c.dom.Node, java.util.Set, org.w3c.dom.Node, boolean)#0&quot;, &quot;result := #getSet(org.w3c.dom.Node, java.util.Set, org.w3c.dom.Node, boolean)#1&quot; }"/>
        </annotation>
    </item>
    <item name='com.sun.org.apache.xml.internal.security.utils.XMLUtils void outputDOM(org.w3c.dom.Node, java.io.OutputStream, boolean)'>
        <annotation name='com.intellij.inspections.tainted.annotation.equation.Equations'>
            <val val="{ &quot;os := #outputDOM(org.w3c.dom.Node, java.io.OutputStream)#1&quot;, &quot;contextNode := #outputDOM(org.w3c.dom.Node, java.io.OutputStream)#0&quot; }"/>
        </annotation>
    </item>
    <item name='com.sun.org.apache.xml.internal.security.utils.XMLUtils void setDsPrefix(java.lang.String)'>
        <annotation name='com.intellij.inspections.tainted.annotation.equation.Equations'>
            <val val="{ &quot;prefix := ElementProxy#setDefaultPrefix(java.lang.String, java.lang.String)#1&quot; }"/>
        </annotation>
    </item>
    <item name='com.sun.org.apache.xml.internal.security.utils.XMLUtils void setXencPrefix(java.lang.String)'>
        <annotation name='com.intellij.inspections.tainted.annotation.equation.Equations'>
            <val val="{ &quot;prefix := ElementProxy#setDefaultPrefix(java.lang.String, java.lang.String)#1&quot; }"/>
        </annotation>
    </item>
    <item name='com.sun.org.apache.xml.internal.security.utils.XPathAPI boolean evaluate(org.w3c.dom.Node, org.w3c.dom.Node, java.lang.String, org.w3c.dom.Node)'>
        <annotation name='com.intellij.inspections.tainted.annotation.equation.Equations'>
            <val val="{ &quot;namespaceNode := XalanXPathAPI#evaluate(org.w3c.dom.Node, org.w3c.dom.Node, java.lang.String, org.w3c.dom.Node)#3 &amp; JDKXPathAPI#evaluate(org.w3c.dom.Node, org.w3c.dom.Node, java.lang.String, org.w3c.dom.Node)#3&quot;, &quot;str := XalanXPathAPI#evaluate(org.w3c.dom.Node, org.w3c.dom.Node, java.lang.String, org.w3c.dom.Node)#2 &amp; JDKXPathAPI#evaluate(org.w3c.dom.Node, org.w3c.dom.Node, java.lang.String, org.w3c.dom.Node)#2&quot;, &quot;contextNode := XalanXPathAPI#evaluate(org.w3c.dom.Node, org.w3c.dom.Node, java.lang.String, org.w3c.dom.Node)#0 &amp; JDKXPathAPI#evaluate(org.w3c.dom.Node, org.w3c.dom.Node, java.lang.String, org.w3c.dom.Node)#0&quot;, &quot;xpathnode := XalanXPathAPI#evaluate(org.w3c.dom.Node, org.w3c.dom.Node, java.lang.String, org.w3c.dom.Node)#1 &amp; JDKXPathAPI#evaluate(org.w3c.dom.Node, org.w3c.dom.Node, java.lang.String, org.w3c.dom.Node)#1&quot; }"/>
        </annotation>
    </item>
    <item name='com.sun.org.apache.xml.internal.security.utils.XPathAPI org.w3c.dom.NodeList selectNodeList(org.w3c.dom.Node, org.w3c.dom.Node, java.lang.String, org.w3c.dom.Node)'>
        <annotation name='com.intellij.inspections.tainted.annotation.equation.Equations'>
            <val val="{ &quot;contextNode := JDKXPathAPI#selectNodeList(org.w3c.dom.Node, org.w3c.dom.Node, java.lang.String, org.w3c.dom.Node)#0 &amp; XalanXPathAPI#selectNodeList(org.w3c.dom.Node, org.w3c.dom.Node, java.lang.String, org.w3c.dom.Node)#0&quot;, &quot;xpathnode := JDKXPathAPI#selectNodeList(org.w3c.dom.Node, org.w3c.dom.Node, java.lang.String, org.w3c.dom.Node)#1 &amp; XalanXPathAPI#selectNodeList(org.w3c.dom.Node, org.w3c.dom.Node, java.lang.String, org.w3c.dom.Node)#1&quot;, &quot;selectNodeList := JDKXPathAPI#selectNodeList(org.w3c.dom.Node, org.w3c.dom.Node, java.lang.String, org.w3c.dom.Node) &amp; XalanXPathAPI#selectNodeList(org.w3c.dom.Node, org.w3c.dom.Node, java.lang.String, org.w3c.dom.Node)&quot;, &quot;namespaceNode := JDKXPathAPI#selectNodeList(org.w3c.dom.Node, org.w3c.dom.Node, java.lang.String, org.w3c.dom.Node)#3 &amp; XalanXPathAPI#selectNodeList(org.w3c.dom.Node, org.w3c.dom.Node, java.lang.String, org.w3c.dom.Node)#3&quot;, &quot;str := JDKXPathAPI#selectNodeList(org.w3c.dom.Node, org.w3c.dom.Node, java.lang.String, org.w3c.dom.Node)#2 &amp; XalanXPathAPI#selectNodeList(org.w3c.dom.Node, org.w3c.dom.Node, java.lang.String, org.w3c.dom.Node)#2&quot; }"/>
        </annotation>
    </item>
    <item name='com.sun.org.apache.xml.internal.security.utils.XalanXPathAPI'>
        <annotation name='com.intellij.inspections.tainted.annotation.equation.Equations'>
            <val val="{ &quot;XalanXPathAPI := &quot; }"/>
        </annotation>
    </item>
    <item name='com.sun.org.apache.xml.internal.security.utils.XalanXPathAPI com.sun.org.apache.xpath.internal.XPath createXPath(java.lang.String, com.sun.org.apache.xml.internal.utils.PrefixResolver)'>
        <annotation name='com.intellij.inspections.tainted.annotation.equation.Equations'>
            <val val="{ &quot;str := #eval(org.w3c.dom.Node, org.w3c.dom.Node, java.lang.String, org.w3c.dom.Node)#2&quot; }"/>
        </annotation>
    </item>
    <item name='com.sun.org.apache.xml.internal.security.utils.XalanXPathAPI com.sun.org.apache.xpath.internal.objects.XObject eval(org.w3c.dom.Node, org.w3c.dom.Node, java.lang.String, org.w3c.dom.Node)'>
        <annotation name='com.intellij.inspections.tainted.annotation.equation.Equations'>
            <val val="{ &quot;contextNode := #evaluate(org.w3c.dom.Node, org.w3c.dom.Node, java.lang.String, org.w3c.dom.Node)#0 &amp; #selectNodeList(org.w3c.dom.Node, org.w3c.dom.Node, java.lang.String, org.w3c.dom.Node)#0&quot;, &quot;xpathnode := #evaluate(org.w3c.dom.Node, org.w3c.dom.Node, java.lang.String, org.w3c.dom.Node)#1 &amp; #selectNodeList(org.w3c.dom.Node, org.w3c.dom.Node, java.lang.String, org.w3c.dom.Node)#1&quot;, &quot;str := #evaluate(org.w3c.dom.Node, org.w3c.dom.Node, java.lang.String, org.w3c.dom.Node)#2 &amp; #selectNodeList(org.w3c.dom.Node, org.w3c.dom.Node, java.lang.String, org.w3c.dom.Node)#2&quot;, &quot;namespaceNode := #evaluate(org.w3c.dom.Node, org.w3c.dom.Node, java.lang.String, org.w3c.dom.Node)#3 &amp; #selectNodeList(org.w3c.dom.Node, org.w3c.dom.Node, java.lang.String, org.w3c.dom.Node)#3&quot; }"/>
        </annotation>
    </item>
</root>