<root>
    <item name='com.sun.org.apache.xerces.internal.impl.xs.util.LSInputListImpl LSInputListImpl(org.w3c.dom.ls.LSInput[], int)'>
        <annotation name='com.intellij.inspections.tainted.annotation.equation.Equations'>
            <val val="{ &quot;LSInputListImpl := LSInputListImpl&quot; }"/>
        </annotation>
    </item>
    <item name='com.sun.org.apache.xerces.internal.impl.xs.util.LSInputListImpl int getLength()'>
        <annotation name='com.intellij.inspections.tainted.annotation.equation.Equations'>
            <val val="{ &quot;getLength := LSInputListImpl&quot; }"/>
        </annotation>
    </item>
    <item name='com.sun.org.apache.xerces.internal.impl.xs.util.LSInputListImpl java.lang.Object get(int)'>
        <annotation name='com.intellij.inspections.tainted.annotation.equation.Equations'>
            <val val="{ &quot;get := LSInputListImpl&quot; }"/>
        </annotation>
    </item>
    <item name='com.sun.org.apache.xerces.internal.impl.xs.util.LSInputListImpl java.lang.Object[] toArray(java.lang.Object[])'>
        <annotation name='com.intellij.inspections.tainted.annotation.equation.Equations'>
            <val val="{ &quot;toArray := a&quot; }"/>
        </annotation>
    </item>
    <item name='com.sun.org.apache.xerces.internal.impl.xs.util.LSInputListImpl org.w3c.dom.ls.LSInput item(int)'>
        <annotation name='com.intellij.inspections.tainted.annotation.equation.Equations'>
            <val val="{ &quot;item := LSInputListImpl&quot; }"/>
        </annotation>
    </item>
    <item name='com.sun.org.apache.xerces.internal.impl.xs.util.LSInputListImpl void toArray0(java.lang.Object[])'>
        <annotation name='com.intellij.inspections.tainted.annotation.equation.Equations'>
            <val val="{ &quot;a := #toArray(java.lang.Object[])#0&quot; }"/>
        </annotation>
    </item>
    <item name='com.sun.org.apache.xerces.internal.impl.xs.util.ObjectListImpl ObjectListImpl(java.lang.Object[], int)'>
        <annotation name='com.intellij.inspections.tainted.annotation.equation.Equations'>
            <val val="{ &quot;ObjectListImpl := ObjectListImpl&quot; }"/>
        </annotation>
    </item>
    <item name='com.sun.org.apache.xerces.internal.impl.xs.util.ObjectListImpl int getLength()'>
        <annotation name='com.intellij.inspections.tainted.annotation.equation.Equations'>
            <val val="{ &quot;getLength := ObjectListImpl&quot; }"/>
        </annotation>
    </item>
    <item name='com.sun.org.apache.xerces.internal.impl.xs.util.ObjectListImpl java.lang.Object get(int)'>
        <annotation name='com.intellij.inspections.tainted.annotation.equation.Equations'>
            <val val="{ &quot;get := ObjectListImpl&quot; }"/>
        </annotation>
    </item>
    <item name='com.sun.org.apache.xerces.internal.impl.xs.util.ObjectListImpl java.lang.Object item(int)'>
        <annotation name='com.intellij.inspections.tainted.annotation.equation.Equations'>
            <val val="{ &quot;item := ObjectListImpl&quot; }"/>
        </annotation>
    </item>
    <item name='com.sun.org.apache.xerces.internal.impl.xs.util.ObjectListImpl java.lang.Object[] toArray(java.lang.Object[])'>
        <annotation name='com.intellij.inspections.tainted.annotation.equation.Equations'>
            <val val="{ &quot;toArray := a&quot; }"/>
        </annotation>
    </item>
    <item name='com.sun.org.apache.xerces.internal.impl.xs.util.ObjectListImpl void toArray0(java.lang.Object[])'>
        <annotation name='com.intellij.inspections.tainted.annotation.equation.Equations'>
            <val val="{ &quot;a := #toArray(java.lang.Object[])#0&quot; }"/>
        </annotation>
    </item>
    <item name='com.sun.org.apache.xerces.internal.impl.xs.util.ShortListImpl ShortListImpl(short[], int)'>
        <annotation name='com.intellij.inspections.tainted.annotation.equation.Equations'>
            <val val="{ &quot;ShortListImpl := ShortListImpl&quot;, &quot;array := com.sun.org.apache.xerces.internal.impl.dv.xs.XSSimpleTypeDecl&quot;, &quot;length := com.sun.org.apache.xerces.internal.impl.dv.xs.XSSimpleTypeDecl&quot; }"/>
        </annotation>
    </item>
    <item name='com.sun.org.apache.xerces.internal.impl.xs.util.ShortListImpl int getLength()'>
        <annotation name='com.intellij.inspections.tainted.annotation.equation.Equations'>
            <val val="{ &quot;getLength := ShortListImpl&quot; }"/>
        </annotation>
    </item>
    <item name='com.sun.org.apache.xerces.internal.impl.xs.util.ShortListImpl short item(int)'>
        <annotation name='com.intellij.inspections.tainted.annotation.equation.Equations'>
            <val val="{ &quot;item := ShortListImpl&quot; }"/>
        </annotation>
    </item>
    <item name='com.sun.org.apache.xerces.internal.impl.xs.util.SimpleLocator'>
        <annotation name='com.intellij.inspections.tainted.annotation.equation.Equations'>
            <val val="{ &quot;SimpleLocator := #setColumnNumber(int)#0 &amp; #setLineNumber(int)#0 &amp; #setCharacterOffset(int)#0&quot; }"/>
        </annotation>
    </item>
    <item name='com.sun.org.apache.xerces.internal.impl.xs.util.SimpleLocator SimpleLocator()'>
        <annotation name='com.intellij.inspections.tainted.annotation.equation.Equations'>
            <val val="{ &quot;SimpleLocator := SimpleLocator&quot; }"/>
        </annotation>
    </item>
    <item name='com.sun.org.apache.xerces.internal.impl.xs.util.SimpleLocator SimpleLocator(java.lang.String, java.lang.String, int, int)'>
        <annotation name='com.intellij.inspections.tainted.annotation.equation.Equations'>
            <val val="{ &quot;SimpleLocator := SimpleLocator&quot;, &quot;esid := com.sun.org.apache.xerces.internal.dom.DOMNormalizer&quot;, &quot;lsid := com.sun.org.apache.xerces.internal.dom.DOMNormalizer&quot; }"/>
        </annotation>
    </item>
    <item name='com.sun.org.apache.xerces.internal.impl.xs.util.SimpleLocator SimpleLocator(java.lang.String, java.lang.String, int, int, int)'>
        <annotation name='com.intellij.inspections.tainted.annotation.equation.Equations'>
            <val val="{ &quot;esid := #SimpleLocator(java.lang.String, java.lang.String, int, int)#1&quot;, &quot;column := #SimpleLocator(java.lang.String, java.lang.String, int, int)#3&quot;, &quot;lsid := #SimpleLocator(java.lang.String, java.lang.String, int, int)#0&quot;, &quot;SimpleLocator := SimpleLocator&quot;, &quot;line := #SimpleLocator(java.lang.String, java.lang.String, int, int)#2&quot; }"/>
        </annotation>
    </item>
    <item name='com.sun.org.apache.xerces.internal.impl.xs.util.SimpleLocator int getCharacterOffset()'>
        <annotation name='com.intellij.inspections.tainted.annotation.equation.Equations'>
            <val val="{ &quot;getCharacterOffset := SimpleLocator&quot; }"/>
        </annotation>
    </item>
    <item name='com.sun.org.apache.xerces.internal.impl.xs.util.SimpleLocator int getColumnNumber()'>
        <annotation name='com.intellij.inspections.tainted.annotation.equation.Equations'>
            <val val="{ &quot;getColumnNumber := SimpleLocator&quot; }"/>
        </annotation>
    </item>
    <item name='com.sun.org.apache.xerces.internal.impl.xs.util.SimpleLocator int getLineNumber()'>
        <annotation name='com.intellij.inspections.tainted.annotation.equation.Equations'>
            <val val="{ &quot;getLineNumber := SimpleLocator&quot; }"/>
        </annotation>
    </item>
    <item name='com.sun.org.apache.xerces.internal.impl.xs.util.SimpleLocator java.lang.String getExpandedSystemId()'>
        <annotation name='com.intellij.inspections.tainted.annotation.equation.Equations'>
            <val val="{ &quot;getExpandedSystemId := SimpleLocator&quot; }"/>
        </annotation>
    </item>
    <item name='com.sun.org.apache.xerces.internal.impl.xs.util.SimpleLocator java.lang.String getLiteralSystemId()'>
        <annotation name='com.intellij.inspections.tainted.annotation.equation.Equations'>
            <val val="{ &quot;getLiteralSystemId := SimpleLocator&quot; }"/>
        </annotation>
    </item>
    <item name='com.sun.org.apache.xerces.internal.impl.xs.util.SimpleLocator void setValues(java.lang.String, java.lang.String, int, int, int)'>
        <annotation name='com.intellij.inspections.tainted.annotation.equation.Equations'>
            <val val="{ &quot;lsid := #setValues(java.lang.String, java.lang.String, int, int)#0&quot;, &quot;esid := #setValues(java.lang.String, java.lang.String, int, int)#1&quot;, &quot;line := #setValues(java.lang.String, java.lang.String, int, int)#2&quot;, &quot;column := #setValues(java.lang.String, java.lang.String, int, int)#3&quot; }"/>
        </annotation>
    </item>
    <item name='com.sun.org.apache.xerces.internal.impl.xs.util.StringListImpl StringListImpl(java.lang.String[], int)'>
        <annotation name='com.intellij.inspections.tainted.annotation.equation.Equations'>
            <val val="{ &quot;array := com.sun.org.apache.xerces.internal.impl.xs.XSModelImpl &amp; com.sun.org.apache.xerces.internal.impl.xs.ElementPSVImpl &amp; com.sun.org.apache.xerces.internal.impl.xs.AttributePSVImpl &amp; com.sun.org.apache.xerces.internal.impl.xs.XSWildcardDecl&quot;, &quot;length := com.sun.org.apache.xerces.internal.impl.xs.identity.IdentityConstraint &amp; com.sun.org.apache.xerces.internal.impl.xs.XSModelImpl &amp; com.sun.org.apache.xerces.internal.impl.xs.ElementPSVImpl &amp; com.sun.org.apache.xerces.internal.impl.xs.AttributePSVImpl &amp; com.sun.org.apache.xerces.internal.impl.xs.XSWildcardDecl&quot;, &quot;StringListImpl := StringListImpl&quot; }"/>
        </annotation>
    </item>
    <item name='com.sun.org.apache.xerces.internal.impl.xs.util.StringListImpl StringListImpl(java.util.Vector)'>
        <annotation name='com.intellij.inspections.tainted.annotation.equation.Equations'>
            <val val="{ &quot;StringListImpl := StringListImpl&quot;, &quot;v := com.sun.org.apache.xerces.internal.impl.xs.SchemaGrammar&quot; }"/>
        </annotation>
    </item>
    <item name='com.sun.org.apache.xerces.internal.impl.xs.util.StringListImpl int getLength()'>
        <annotation name='com.intellij.inspections.tainted.annotation.equation.Equations'>
            <val val="{ &quot;getLength := StringListImpl&quot; }"/>
        </annotation>
    </item>
    <item name='com.sun.org.apache.xerces.internal.impl.xs.util.StringListImpl java.lang.Object get(int)'>
        <annotation name='com.intellij.inspections.tainted.annotation.equation.Equations'>
            <val val="{ &quot;get := StringListImpl&quot; }"/>
        </annotation>
    </item>
    <item name='com.sun.org.apache.xerces.internal.impl.xs.util.StringListImpl java.lang.Object[] toArray(java.lang.Object[])'>
        <annotation name='com.intellij.inspections.tainted.annotation.equation.Equations'>
            <val val="{ &quot;toArray := a&quot; }"/>
        </annotation>
    </item>
    <item name='com.sun.org.apache.xerces.internal.impl.xs.util.StringListImpl java.lang.String item(int)'>
        <annotation name='com.intellij.inspections.tainted.annotation.equation.Equations'>
            <val val="{ &quot;item := StringListImpl&quot; }"/>
        </annotation>
    </item>
    <item name='com.sun.org.apache.xerces.internal.impl.xs.util.StringListImpl void toArray0(java.lang.Object[])'>
        <annotation name='com.intellij.inspections.tainted.annotation.equation.Equations'>
            <val val="{ &quot;a := #toArray(java.lang.Object[])#0&quot; }"/>
        </annotation>
    </item>
    <item name='com.sun.org.apache.xerces.internal.impl.xs.util.XInt XInt(int)'>
        <annotation name='com.intellij.inspections.tainted.annotation.equation.Equations'>
            <val val="{ &quot;value := XIntPool#getXInt(int)#0&quot;, &quot;XInt := XInt&quot; }"/>
        </annotation>
    </item>
    <item name='com.sun.org.apache.xerces.internal.impl.xs.util.XInt int intValue()'>
        <annotation name='com.intellij.inspections.tainted.annotation.equation.Equations'>
            <val val="{ &quot;intValue := XInt&quot; }"/>
        </annotation>
    </item>
    <item name='com.sun.org.apache.xerces.internal.impl.xs.util.XInt short shortValue()'>
        <annotation name='com.intellij.inspections.tainted.annotation.equation.Equations'>
            <val val="{ &quot;shortValue := XInt&quot; }"/>
        </annotation>
    </item>
    <item name='com.sun.org.apache.xerces.internal.impl.xs.util.XIntPool com.sun.org.apache.xerces.internal.impl.xs.util.XInt getXInt(int)'>
        <annotation name='com.intellij.inspections.tainted.annotation.equation.Equations'>
            <val val="{ &quot;getXInt := #fXIntPool&quot;, &quot;value := com.sun.org.apache.xerces.internal.impl.xs.SchemaSymbols#FORM_QUALIFIED &amp; com.sun.org.apache.xerces.internal.impl.xs.SchemaSymbols#FORM_UNQUALIFIED &amp; com.sun.org.apache.xerces.internal.xs.XSConstants#DERIVATION_NONE &amp; com.sun.org.apache.xerces.internal.xs.XSWildcard#PC_STRICT &amp; com.sun.org.apache.xerces.internal.xs.XSWildcard#PC_LAX &amp; com.sun.org.apache.xerces.internal.xs.XSWildcard#PC_SKIP &amp; com.sun.org.apache.xerces.internal.xs.XSWildcard#NSCONSTRAINT_ANY &amp; com.sun.org.apache.xerces.internal.xs.XSWildcard#NSCONSTRAINT_LIST &amp; com.sun.org.apache.xerces.internal.xs.XSWildcard#NSCONSTRAINT_NOT &amp; com.sun.org.apache.xerces.internal.impl.xs.SchemaSymbols#USE_OPTIONAL &amp; com.sun.org.apache.xerces.internal.impl.xs.SchemaSymbols#USE_REQUIRED &amp; com.sun.org.apache.xerces.internal.impl.xs.SchemaSymbols#USE_PROHIBITED &amp; com.sun.org.apache.xerces.internal.impl.dv.XSSimpleType#WS_PRESERVE &amp; com.sun.org.apache.xerces.internal.impl.dv.XSSimpleType#WS_REPLACE &amp; com.sun.org.apache.xerces.internal.impl.dv.XSSimpleType#WS_COLLAPSE &amp; com.sun.org.apache.xerces.internal.impl.xs.SchemaSymbols#OCCURRENCE_UNBOUNDED &amp; com.sun.org.apache.xerces.internal.xs.XSConstants#DERIVATION_SUBSTITUTION &amp; com.sun.org.apache.xerces.internal.xs.XSConstants#DERIVATION_EXTENSION &amp; com.sun.org.apache.xerces.internal.xs.XSConstants#DERIVATION_RESTRICTION &amp; com.sun.org.apache.xerces.internal.xs.XSConstants#DERIVATION_LIST &amp; com.sun.org.apache.xerces.internal.xs.XSConstants#DERIVATION_UNION&quot; }"/>
        </annotation>
    </item>
    <item name='com.sun.org.apache.xerces.internal.impl.xs.util.XSGrammarPool com.sun.org.apache.xerces.internal.xs.XSModel toXSModel(com.sun.org.apache.xerces.internal.impl.xs.SchemaGrammar[], short)'>
        <annotation name='com.intellij.inspections.tainted.annotation.equation.Equations'>
            <val val="{ &quot;schemaVersion := #toXSModel(short)#0&quot; }"/>
        </annotation>
    </item>
    <item name='com.sun.org.apache.xerces.internal.impl.xs.util.XSGrammarPool com.sun.org.apache.xerces.internal.xs.XSModel toXSModel(short)'>
        <annotation name='com.intellij.inspections.tainted.annotation.equation.Equations'>
            <val val="{ &quot;schemaVersion := com.sun.org.apache.xerces.internal.impl.Constants#SCHEMA_VERSION_1_0&quot; }"/>
        </annotation>
    </item>
    <item name='com.sun.org.apache.xerces.internal.impl.xs.util.XSNamedMap4Types XSNamedMap4Types(java.lang.String, com.sun.org.apache.xerces.internal.util.SymbolHash, short)'>
        <annotation name='com.intellij.inspections.tainted.annotation.equation.Equations'>
            <val val="{ &quot;map := com.sun.org.apache.xerces.internal.impl.xs.XSModelImpl &amp; com.sun.org.apache.xerces.internal.impl.xs.SchemaGrammar&quot;, &quot;type := com.sun.org.apache.xerces.internal.impl.xs.XSModelImpl#getComponentsByNamespace(short, java.lang.String)#0 &amp; com.sun.org.apache.xerces.internal.impl.xs.SchemaGrammar#getComponents(short)#0&quot;, &quot;namespace := com.sun.org.apache.xerces.internal.impl.xs.XSModelImpl#getComponentsByNamespace(short, java.lang.String)#1 &amp; com.sun.org.apache.xerces.internal.impl.xs.SchemaGrammar&quot;, &quot;XSNamedMap4Types := XSNamedMap4Types&quot; }"/>
        </annotation>
    </item>
    <item name='com.sun.org.apache.xerces.internal.impl.xs.util.XSNamedMap4Types XSNamedMap4Types(java.lang.String[], com.sun.org.apache.xerces.internal.util.SymbolHash[], int, short)'>
        <annotation name='com.intellij.inspections.tainted.annotation.equation.Equations'>
            <val val="{ &quot;num := com.sun.org.apache.xerces.internal.impl.xs.XSModelImpl&quot;, &quot;maps := com.sun.org.apache.xerces.internal.impl.xs.XSModelImpl&quot;, &quot;type := com.sun.org.apache.xerces.internal.impl.xs.XSModelImpl#getComponents(short)#0&quot;, &quot;namespaces := com.sun.org.apache.xerces.internal.impl.xs.XSModelImpl&quot;, &quot;XSNamedMap4Types := XSNamedMap4Types&quot; }"/>
        </annotation>
    </item>
    <item name='com.sun.org.apache.xerces.internal.impl.xs.util.XSNamedMap4Types com.sun.org.apache.xerces.internal.xs.XSObject item(int)'>
        <annotation name='com.intellij.inspections.tainted.annotation.equation.Equations'>
            <val val="{ &quot;item := XSNamedMap4Types&quot; }"/>
        </annotation>
    </item>
    <item name='com.sun.org.apache.xerces.internal.impl.xs.util.XSNamedMap4Types int getLength()'>
        <annotation name='com.intellij.inspections.tainted.annotation.equation.Equations'>
            <val val="{ &quot;getLength := XSNamedMap4Types&quot; }"/>
        </annotation>
    </item>
    <item name='com.sun.org.apache.xerces.internal.impl.xs.util.XSNamedMapImpl XSNamedMapImpl(com.sun.org.apache.xerces.internal.xs.XSObject[], int)'>
        <annotation name='com.intellij.inspections.tainted.annotation.equation.Equations'>
            <val val="{ &quot;length := com.sun.org.apache.xerces.internal.impl.xs.XSElementDecl&quot;, &quot;XSNamedMapImpl := XSNamedMapImpl&quot;, &quot;array := com.sun.org.apache.xerces.internal.impl.xs.XSElementDecl&quot; }"/>
        </annotation>
    </item>
    <item name='com.sun.org.apache.xerces.internal.impl.xs.util.XSNamedMapImpl XSNamedMapImpl(java.lang.String, com.sun.org.apache.xerces.internal.util.SymbolHash)'>
        <annotation name='com.intellij.inspections.tainted.annotation.equation.Equations'>
            <val val="{ &quot;namespace := XSNamedMap4Types#XSNamedMap4Types(java.lang.String, com.sun.org.apache.xerces.internal.util.SymbolHash, short)#0 &amp; com.sun.org.apache.xerces.internal.impl.xs.XSModelImpl#getComponentsByNamespace(short, java.lang.String)#1 &amp; com.sun.org.apache.xerces.internal.impl.xs.SchemaGrammar&quot;, &quot;XSNamedMapImpl := XSNamedMapImpl&quot;, &quot;map := XSNamedMap4Types#XSNamedMap4Types(java.lang.String, com.sun.org.apache.xerces.internal.util.SymbolHash, short)#1 &amp; com.sun.org.apache.xerces.internal.impl.xs.XSModelImpl &amp; com.sun.org.apache.xerces.internal.impl.xs.SchemaGrammar&quot; }"/>
        </annotation>
    </item>
    <item name='com.sun.org.apache.xerces.internal.impl.xs.util.XSNamedMapImpl XSNamedMapImpl(java.lang.String[], com.sun.org.apache.xerces.internal.util.SymbolHash[], int)'>
        <annotation name='com.intellij.inspections.tainted.annotation.equation.Equations'>
            <val val="{ &quot;num := XSNamedMap4Types#XSNamedMap4Types(java.lang.String[], com.sun.org.apache.xerces.internal.util.SymbolHash[], int, short)#2 &amp; com.sun.org.apache.xerces.internal.impl.xs.XSModelImpl&quot;, &quot;maps := XSNamedMap4Types#XSNamedMap4Types(java.lang.String[], com.sun.org.apache.xerces.internal.util.SymbolHash[], int, short)#1 &amp; com.sun.org.apache.xerces.internal.impl.xs.XSModelImpl&quot;, &quot;XSNamedMapImpl := XSNamedMapImpl&quot;, &quot;namespaces := XSNamedMap4Types#XSNamedMap4Types(java.lang.String[], com.sun.org.apache.xerces.internal.util.SymbolHash[], int, short)#0 &amp; com.sun.org.apache.xerces.internal.impl.xs.XSModelImpl&quot; }"/>
        </annotation>
    </item>
    <item name='com.sun.org.apache.xerces.internal.impl.xs.util.XSNamedMapImpl boolean isEqual(java.lang.String, java.lang.String)'>
        <annotation name='com.intellij.inspections.tainted.annotation.equation.Equations'>
            <val val="{ &quot;one := #itemByName(java.lang.String, java.lang.String)#0 &amp; XSNamedMap4Types#itemByName(java.lang.String, java.lang.String)#0&quot;, &quot;two := XSNamedMapImpl &amp; XSNamedMap4Types&quot; }"/>
        </annotation>
    </item>
    <item name='com.sun.org.apache.xerces.internal.impl.xs.util.XSNamedMapImpl com.sun.org.apache.xerces.internal.xs.XSObject item(int)'>
        <annotation name='com.intellij.inspections.tainted.annotation.equation.Equations'>
            <val val="{ &quot;item := XSNamedMap4Types#item(int)&quot;, &quot;index := XSNamedMap4Types#item(int)#0&quot; }"/>
        </annotation>
    </item>
    <item name='com.sun.org.apache.xerces.internal.impl.xs.util.XSNamedMapImpl com.sun.org.apache.xerces.internal.xs.XSObject itemByName(java.lang.String, java.lang.String)'>
        <annotation name='com.intellij.inspections.tainted.annotation.equation.Equations'>
            <val val="{ &quot;localName := XSNamedMap4Types#itemByName(java.lang.String, java.lang.String)#1&quot;, &quot;itemByName := XSNamedMapImpl &amp; XSNamedMap4Types#itemByName(java.lang.String, java.lang.String)&quot;, &quot;namespace := XSNamedMap4Types#itemByName(java.lang.String, java.lang.String)#0&quot; }"/>
        </annotation>
    </item>
    <item name='com.sun.org.apache.xerces.internal.impl.xs.util.XSNamedMapImpl int getLength()'>
        <annotation name='com.intellij.inspections.tainted.annotation.equation.Equations'>
            <val val="{ &quot;getLength := XSNamedMap4Types#getLength()&quot; }"/>
        </annotation>
    </item>
    <item name='com.sun.org.apache.xerces.internal.impl.xs.util.XSNamedMapImpl java.lang.Object get(java.lang.Object)'>
        <annotation name='com.intellij.inspections.tainted.annotation.equation.Equations'>
            <val val="{ &quot;key := #containsKey(java.lang.Object)#0&quot; }"/>
        </annotation>
    </item>
    <item name='com.sun.org.apache.xerces.internal.impl.xs.util.XSNamedMapImpl java.util.Set entrySet()'>
        <annotation name='com.intellij.inspections.tainted.annotation.equation.Equations'>
            <val val="{ &quot;entrySet := XSNamedMapImpl&quot; }"/>
        </annotation>
    </item>
    <item name='com.sun.org.apache.xerces.internal.impl.xs.util.XSNamedMapImpl.XSNamedMapEntry XSNamedMapEntry(javax.xml.namespace.QName, com.sun.org.apache.xerces.internal.xs.XSObject)'>
        <annotation name='com.intellij.inspections.tainted.annotation.equation.Equations'>
            <val val="{ &quot;XSNamedMapEntry := XSNamedMapImpl.XSNamedMapEntry&quot; }"/>
        </annotation>
    </item>
    <item name='com.sun.org.apache.xerces.internal.impl.xs.util.XSNamedMapImpl.XSNamedMapEntry java.lang.Object getKey()'>
        <annotation name='com.intellij.inspections.tainted.annotation.equation.Equations'>
            <val val="{ &quot;getKey := XSNamedMapImpl.XSNamedMapEntry&quot; }"/>
        </annotation>
    </item>
    <item name='com.sun.org.apache.xerces.internal.impl.xs.util.XSNamedMapImpl.XSNamedMapEntry java.lang.Object getValue()'>
        <annotation name='com.intellij.inspections.tainted.annotation.equation.Equations'>
            <val val="{ &quot;getValue := XSNamedMapImpl.XSNamedMapEntry&quot; }"/>
        </annotation>
    </item>
    <item name='com.sun.org.apache.xerces.internal.impl.xs.util.XSObjectListImpl XSObjectListImpl()'>
        <annotation name='com.intellij.inspections.tainted.annotation.equation.Equations'>
            <val val="{ &quot;XSObjectListImpl := XSObjectListImpl&quot; }"/>
        </annotation>
    </item>
    <item name='com.sun.org.apache.xerces.internal.impl.xs.util.XSObjectListImpl XSObjectListImpl(com.sun.org.apache.xerces.internal.xs.XSObject[], int)'>
        <annotation name='com.intellij.inspections.tainted.annotation.equation.Equations'>
            <val val="{ &quot;XSObjectListImpl := XSObjectListImpl&quot;, &quot;length := com.sun.org.apache.xerces.internal.impl.dv.xs.XSSimpleTypeDecl &amp; com.sun.org.apache.xerces.internal.impl.xs.identity.IdentityConstraint &amp; com.sun.org.apache.xerces.internal.impl.xs.traversers.XSDComplexTypeTraverser &amp; com.sun.org.apache.xerces.internal.impl.xs.SchemaGrammar &amp; com.sun.org.apache.xerces.internal.impl.xs.XSModelGroupImpl &amp; com.sun.org.apache.xerces.internal.impl.xs.XSAttributeGroupDecl&quot;, &quot;array := com.sun.org.apache.xerces.internal.impl.dv.xs.XSSimpleTypeDecl &amp; com.sun.org.apache.xerces.internal.impl.xs.identity.IdentityConstraint &amp; com.sun.org.apache.xerces.internal.impl.xs.traversers.XSDComplexTypeTraverser &amp; com.sun.org.apache.xerces.internal.impl.xs.SchemaGrammar &amp; com.sun.org.apache.xerces.internal.impl.xs.XSModelGroupImpl &amp; com.sun.org.apache.xerces.internal.impl.xs.XSAttributeGroupDecl&quot; }"/>
        </annotation>
    </item>
    <item name='com.sun.org.apache.xerces.internal.impl.xs.util.XSObjectListImpl boolean containsObject(java.lang.Object)'>
        <annotation name='com.intellij.inspections.tainted.annotation.equation.Equations'>
            <val val="{ &quot;value := #contains(java.lang.Object)#0&quot; }"/>
        </annotation>
    </item>
    <item name='com.sun.org.apache.xerces.internal.impl.xs.util.XSObjectListImpl com.sun.org.apache.xerces.internal.xs.XSObject item(int)'>
        <annotation name='com.intellij.inspections.tainted.annotation.equation.Equations'>
            <val val="{ &quot;item := XSObjectListImpl&quot; }"/>
        </annotation>
    </item>
    <item name='com.sun.org.apache.xerces.internal.impl.xs.util.XSObjectListImpl int getLength()'>
        <annotation name='com.intellij.inspections.tainted.annotation.equation.Equations'>
            <val val="{ &quot;getLength := XSObjectListImpl&quot; }"/>
        </annotation>
    </item>
    <item name='com.sun.org.apache.xerces.internal.impl.xs.util.XSObjectListImpl java.lang.Object get(int)'>
        <annotation name='com.intellij.inspections.tainted.annotation.equation.Equations'>
            <val val="{ &quot;get := XSObjectListImpl&quot; }"/>
        </annotation>
    </item>
    <item name='com.sun.org.apache.xerces.internal.impl.xs.util.XSObjectListImpl java.lang.Object[] toArray(java.lang.Object[])'>
        <annotation name='com.intellij.inspections.tainted.annotation.equation.Equations'>
            <val val="{ &quot;toArray := a&quot; }"/>
        </annotation>
    </item>
    <item name='com.sun.org.apache.xerces.internal.impl.xs.util.XSObjectListImpl java.util.ListIterator listIterator0(int)'>
        <annotation name='com.intellij.inspections.tainted.annotation.equation.Equations'>
            <val val="{ &quot;index := #listIterator(int)#0&quot;, &quot;listIterator0 := #EMPTY_ITERATOR&quot; }"/>
        </annotation>
    </item>
    <item name='com.sun.org.apache.xerces.internal.impl.xs.util.XSObjectListImpl void addXSObject(com.sun.org.apache.xerces.internal.xs.XSObject)'>
        <annotation name='com.intellij.inspections.tainted.annotation.equation.Equations'>
            <val val="{ &quot;object := com.sun.org.apache.xerces.internal.impl.dv.xs.XSSimpleTypeDecl.XSFacetImpl#XSFacetImpl(short, java.lang.String, boolean, com.sun.org.apache.xerces.internal.xs.XSAnnotation)#3&quot; }"/>
        </annotation>
    </item>
    <item name='com.sun.org.apache.xerces.internal.impl.xs.util.XSObjectListImpl void toArray0(java.lang.Object[])'>
        <annotation name='com.intellij.inspections.tainted.annotation.equation.Equations'>
            <val val="{ &quot;a := #toArray(java.lang.Object[])#0&quot; }"/>
        </annotation>
    </item>
    <item name='com.sun.org.apache.xerces.internal.impl.xs.util.XSObjectListImpl.XSObjectListIterator XSObjectListIterator(int)'>
        <annotation name='com.intellij.inspections.tainted.annotation.equation.Equations'>
            <val val="{ &quot;XSObjectListIterator := XSObjectListImpl.XSObjectListIterator&quot;, &quot;index := XSObjectListImpl#listIterator0(int)#0&quot; }"/>
        </annotation>
    </item>
    <item name='com.sun.org.apache.xerces.internal.impl.xs.util.XSObjectListImpl.XSObjectListIterator int nextIndex()'>
        <annotation name='com.intellij.inspections.tainted.annotation.equation.Equations'>
            <val val="{ &quot;nextIndex := XSObjectListImpl.XSObjectListIterator&quot; }"/>
        </annotation>
    </item>
    <item name='com.sun.org.apache.xerces.internal.impl.xs.util.XSObjectListImpl.XSObjectListIterator int previousIndex()'>
        <annotation name='com.intellij.inspections.tainted.annotation.equation.Equations'>
            <val val="{ &quot;previousIndex := XSObjectListImpl.XSObjectListIterator&quot; }"/>
        </annotation>
    </item>
    <item name='com.sun.org.apache.xerces.internal.impl.xs.util.XSObjectListImpl.XSObjectListIterator java.lang.Object next()'>
        <annotation name='com.intellij.inspections.tainted.annotation.equation.Equations'>
            <val val="{ &quot;next := XSObjectListImpl.XSObjectListIterator&quot; }"/>
        </annotation>
    </item>
    <item name='com.sun.org.apache.xerces.internal.impl.xs.util.XSObjectListImpl.XSObjectListIterator java.lang.Object previous()'>
        <annotation name='com.intellij.inspections.tainted.annotation.equation.Equations'>
            <val val="{ &quot;previous := XSObjectListImpl.XSObjectListIterator&quot; }"/>
        </annotation>
    </item>
</root>