<root>
    <item name='sun.java2d.loops.GraphicsPrimitive sun.java2d.loops.GraphicsPrimitive makePrimitive(sun.java2d.loops.SurfaceType, sun.java2d.loops.CompositeType, sun.java2d.loops.SurfaceType)'>
        <annotation name='com.intellij.inspections.tainted.annotation.equation.Equations'>
            <val val="{ &quot;makePrimitive := GraphicsPrimitiveProxy#makePrimitive(sun.java2d.loops.SurfaceType, sun.java2d.loops.CompositeType, sun.java2d.loops.SurfaceType) &amp; Blit#makePrimitive(sun.java2d.loops.SurfaceType, sun.java2d.loops.CompositeType, sun.java2d.loops.SurfaceType) &amp; MaskBlit#makePrimitive(sun.java2d.loops.SurfaceType, sun.java2d.loops.CompositeType, sun.java2d.loops.SurfaceType) &amp; FillSpans#makePrimitive(sun.java2d.loops.SurfaceType, sun.java2d.loops.CompositeType, sun.java2d.loops.SurfaceType) &amp; BlitBg#makePrimitive(sun.java2d.loops.SurfaceType, sun.java2d.loops.CompositeType, sun.java2d.loops.SurfaceType) &amp; TransformHelper#makePrimitive(sun.java2d.loops.SurfaceType, sun.java2d.loops.CompositeType, sun.java2d.loops.SurfaceType) &amp; ScaledBlit#makePrimitive(sun.java2d.loops.SurfaceType, sun.java2d.loops.CompositeType, sun.java2d.loops.SurfaceType) &amp; MaskFill#makePrimitive(sun.java2d.loops.SurfaceType, sun.java2d.loops.CompositeType, sun.java2d.loops.SurfaceType)&quot; }"/>
        </annotation>
    </item>
    <item name='sun.java2d.loops.GraphicsPrimitive sun.java2d.loops.GraphicsPrimitive traceWrap()'>
        <annotation name='com.intellij.inspections.tainted.annotation.equation.Equations'>
            <val val="{ &quot;traceWrap := GraphicsPrimitiveProxy#traceWrap() &amp; Blit#traceWrap() &amp; MaskBlit#traceWrap() &amp; FillSpans#traceWrap() &amp; BlitBg#traceWrap() &amp; TransformHelper#traceWrap() &amp; ScaledBlit#traceWrap() &amp; MaskFill#traceWrap()&quot; }"/>
        </annotation>
    </item>
</root>