<root>
    <item name='com.sun.corba.se.spi.extension.CopyObjectPolicy CopyObjectPolicy(int)'>
        <annotation name='com.intellij.inspections.tainted.annotation.equation.Equations'>
            <val val="{ &quot;CopyObjectPolicy := CopyObjectPolicy&quot; }"/>
        </annotation>
    </item>
    <item name='com.sun.corba.se.spi.extension.CopyObjectPolicy int getValue()'>
        <annotation name='com.intellij.inspections.tainted.annotation.equation.Equations'>
            <val val="{ &quot;getValue := CopyObjectPolicy&quot; }"/>
        </annotation>
    </item>
    <item name='com.sun.corba.se.spi.extension.CopyObjectPolicy int policy_type()'>
        <annotation name='com.intellij.inspections.tainted.annotation.equation.Equations'>
            <val val="{ &quot;policy_type := com.sun.corba.se.impl.orbutil.ORBConstants#COPY_OBJECT_POLICY&quot; }"/>
        </annotation>
    </item>
    <item name='com.sun.corba.se.spi.extension.CopyObjectPolicy java.lang.String toString()'>
        <annotation name='com.intellij.inspections.tainted.annotation.equation.Equations'>
            <val val="{ &quot;toString := CopyObjectPolicy&quot; }"/>
        </annotation>
    </item>
    <item name='com.sun.corba.se.spi.extension.CopyObjectPolicy org.omg.CORBA.Policy copy()'>
        <annotation name='com.intellij.inspections.tainted.annotation.equation.Equations'>
            <val val="{ &quot;copy := CopyObjectPolicy&quot; }"/>
        </annotation>
    </item>
    <item name='com.sun.corba.se.spi.extension.RequestPartitioningPolicy'>
        <annotation name='com.intellij.inspections.tainted.annotation.equation.Equations'>
            <val val="{ &quot;RequestPartitioningPolicy := &quot; }"/>
        </annotation>
    </item>
    <item name='com.sun.corba.se.spi.extension.RequestPartitioningPolicy RequestPartitioningPolicy(int)'>
        <annotation name='com.intellij.inspections.tainted.annotation.equation.Equations'>
            <val val="{ &quot;RequestPartitioningPolicy := RequestPartitioningPolicy&quot; }"/>
        </annotation>
    </item>
    <item name='com.sun.corba.se.spi.extension.RequestPartitioningPolicy int getValue()'>
        <annotation name='com.intellij.inspections.tainted.annotation.equation.Equations'>
            <val val="{ &quot;getValue := RequestPartitioningPolicy&quot; }"/>
        </annotation>
    </item>
    <item name='com.sun.corba.se.spi.extension.RequestPartitioningPolicy int policy_type()'>
        <annotation name='com.intellij.inspections.tainted.annotation.equation.Equations'>
            <val val="{ &quot;policy_type := com.sun.corba.se.impl.orbutil.ORBConstants#REQUEST_PARTITIONING_POLICY&quot; }"/>
        </annotation>
    </item>
    <item name='com.sun.corba.se.spi.extension.RequestPartitioningPolicy java.lang.String toString()'>
        <annotation name='com.intellij.inspections.tainted.annotation.equation.Equations'>
            <val val="{ &quot;toString := RequestPartitioningPolicy&quot; }"/>
        </annotation>
    </item>
    <item name='com.sun.corba.se.spi.extension.RequestPartitioningPolicy org.omg.CORBA.Policy copy()'>
        <annotation name='com.intellij.inspections.tainted.annotation.equation.Equations'>
            <val val="{ &quot;copy := RequestPartitioningPolicy&quot; }"/>
        </annotation>
    </item>
    <item name='com.sun.corba.se.spi.extension.ServantCachingPolicy ServantCachingPolicy(int)'>
        <annotation name='com.intellij.inspections.tainted.annotation.equation.Equations'>
            <val val="{ &quot;type := #FULL_SEMANTICS &amp; #INFO_ONLY_SEMANTICS &amp; #MINIMAL_SEMANTICS&quot;, &quot;ServantCachingPolicy := ServantCachingPolicy&quot; }"/>
        </annotation>
    </item>
    <item name='com.sun.corba.se.spi.extension.ServantCachingPolicy com.sun.corba.se.spi.extension.ServantCachingPolicy getFullPolicy()'>
        <annotation name='com.intellij.inspections.tainted.annotation.equation.Equations'>
            <val val="{ &quot;getFullPolicy := ServantCachingPolicy&quot; }"/>
        </annotation>
    </item>
    <item name='com.sun.corba.se.spi.extension.ServantCachingPolicy com.sun.corba.se.spi.extension.ServantCachingPolicy getInfoOnlyPolicy()'>
        <annotation name='com.intellij.inspections.tainted.annotation.equation.Equations'>
            <val val="{ &quot;getInfoOnlyPolicy := ServantCachingPolicy&quot; }"/>
        </annotation>
    </item>
    <item name='com.sun.corba.se.spi.extension.ServantCachingPolicy com.sun.corba.se.spi.extension.ServantCachingPolicy getMinimalPolicy()'>
        <annotation name='com.intellij.inspections.tainted.annotation.equation.Equations'>
            <val val="{ &quot;getMinimalPolicy := ServantCachingPolicy&quot; }"/>
        </annotation>
    </item>
    <item name='com.sun.corba.se.spi.extension.ServantCachingPolicy int getType()'>
        <annotation name='com.intellij.inspections.tainted.annotation.equation.Equations'>
            <val val="{ &quot;getType := ServantCachingPolicy&quot; }"/>
        </annotation>
    </item>
    <item name='com.sun.corba.se.spi.extension.ServantCachingPolicy int policy_type()'>
        <annotation name='com.intellij.inspections.tainted.annotation.equation.Equations'>
            <val val="{ &quot;policy_type := com.sun.corba.se.impl.orbutil.ORBConstants#SERVANT_CACHING_POLICY&quot; }"/>
        </annotation>
    </item>
    <item name='com.sun.corba.se.spi.extension.ServantCachingPolicy java.lang.String typeToName()'>
        <annotation name='com.intellij.inspections.tainted.annotation.equation.Equations'>
            <val val="{ &quot;typeToName := ServantCachingPolicy&quot; }"/>
        </annotation>
    </item>
    <item name='com.sun.corba.se.spi.extension.ServantCachingPolicy org.omg.CORBA.Policy copy()'>
        <annotation name='com.intellij.inspections.tainted.annotation.equation.Equations'>
            <val val="{ &quot;copy := ServantCachingPolicy&quot; }"/>
        </annotation>
    </item>
    <item name='com.sun.corba.se.spi.extension.ZeroPortPolicy'>
        <annotation name='com.intellij.inspections.tainted.annotation.equation.Equations'>
            <val val="{ &quot;ZeroPortPolicy := &quot; }"/>
        </annotation>
    </item>
    <item name='com.sun.corba.se.spi.extension.ZeroPortPolicy ZeroPortPolicy(boolean)'>
        <annotation name='com.intellij.inspections.tainted.annotation.equation.Equations'>
            <val val="{ &quot;ZeroPortPolicy := ZeroPortPolicy&quot; }"/>
        </annotation>
    </item>
    <item name='com.sun.corba.se.spi.extension.ZeroPortPolicy boolean forceZeroPort()'>
        <annotation name='com.intellij.inspections.tainted.annotation.equation.Equations'>
            <val val="{ &quot;forceZeroPort := ZeroPortPolicy&quot; }"/>
        </annotation>
    </item>
    <item name='com.sun.corba.se.spi.extension.ZeroPortPolicy com.sun.corba.se.spi.extension.ZeroPortPolicy getPolicy()'>
        <annotation name='com.intellij.inspections.tainted.annotation.equation.Equations'>
            <val val="{ &quot;getPolicy := ZeroPortPolicy&quot; }"/>
        </annotation>
    </item>
    <item name='com.sun.corba.se.spi.extension.ZeroPortPolicy int policy_type()'>
        <annotation name='com.intellij.inspections.tainted.annotation.equation.Equations'>
            <val val="{ &quot;policy_type := com.sun.corba.se.impl.orbutil.ORBConstants#ZERO_PORT_POLICY&quot; }"/>
        </annotation>
    </item>
    <item name='com.sun.corba.se.spi.extension.ZeroPortPolicy java.lang.String toString()'>
        <annotation name='com.intellij.inspections.tainted.annotation.equation.Equations'>
            <val val="{ &quot;toString := ZeroPortPolicy&quot; }"/>
        </annotation>
    </item>
    <item name='com.sun.corba.se.spi.extension.ZeroPortPolicy org.omg.CORBA.Policy copy()'>
        <annotation name='com.intellij.inspections.tainted.annotation.equation.Equations'>
            <val val="{ &quot;copy := ZeroPortPolicy&quot; }"/>
        </annotation>
    </item>
</root>