<root>
    <item name='com.sun.org.apache.xml.internal.res.XMLErrorResources java.lang.Object[][] getContents()'>
        <annotation name='com.intellij.inspections.tainted.annotation.equation.Equations'>
            <val val="{ &quot;getContents := #contents&quot; }"/>
        </annotation>
    </item>
    <item name='com.sun.org.apache.xml.internal.res.XMLErrorResources_ca java.lang.Object[][] getContents()'>
        <annotation name='com.intellij.inspections.tainted.annotation.equation.Equations'>
            <val val="{ &quot;getContents := #_contents&quot; }"/>
        </annotation>
    </item>
    <item name='com.sun.org.apache.xml.internal.res.XMLErrorResources_cs java.lang.Object[][] getContents()'>
        <annotation name='com.intellij.inspections.tainted.annotation.equation.Equations'>
            <val val="{ &quot;getContents := #_contents&quot; }"/>
        </annotation>
    </item>
    <item name='com.sun.org.apache.xml.internal.res.XMLErrorResources_de java.lang.Object[][] getContents()'>
        <annotation name='com.intellij.inspections.tainted.annotation.equation.Equations'>
            <val val="{ &quot;getContents := #contents&quot; }"/>
        </annotation>
    </item>
    <item name='com.sun.org.apache.xml.internal.res.XMLErrorResources_es java.lang.Object[][] getContents()'>
        <annotation name='com.intellij.inspections.tainted.annotation.equation.Equations'>
            <val val="{ &quot;getContents := #contents&quot; }"/>
        </annotation>
    </item>
    <item name='com.sun.org.apache.xml.internal.res.XMLErrorResources_fr java.lang.Object[][] getContents()'>
        <annotation name='com.intellij.inspections.tainted.annotation.equation.Equations'>
            <val val="{ &quot;getContents := #contents&quot; }"/>
        </annotation>
    </item>
    <item name='com.sun.org.apache.xml.internal.res.XMLErrorResources_it java.lang.Object[][] getContents()'>
        <annotation name='com.intellij.inspections.tainted.annotation.equation.Equations'>
            <val val="{ &quot;getContents := #contents&quot; }"/>
        </annotation>
    </item>
    <item name='com.sun.org.apache.xml.internal.res.XMLErrorResources_ja java.lang.Object[][] getContents()'>
        <annotation name='com.intellij.inspections.tainted.annotation.equation.Equations'>
            <val val="{ &quot;getContents := #contents&quot; }"/>
        </annotation>
    </item>
    <item name='com.sun.org.apache.xml.internal.res.XMLErrorResources_ko java.lang.Object[][] getContents()'>
        <annotation name='com.intellij.inspections.tainted.annotation.equation.Equations'>
            <val val="{ &quot;getContents := #contents&quot; }"/>
        </annotation>
    </item>
    <item name='com.sun.org.apache.xml.internal.res.XMLErrorResources_pt_BR java.lang.Object[][] getContents()'>
        <annotation name='com.intellij.inspections.tainted.annotation.equation.Equations'>
            <val val="{ &quot;getContents := #contents&quot; }"/>
        </annotation>
    </item>
    <item name='com.sun.org.apache.xml.internal.res.XMLErrorResources_sk java.lang.Object[][] getContents()'>
        <annotation name='com.intellij.inspections.tainted.annotation.equation.Equations'>
            <val val="{ &quot;getContents := #_contents&quot; }"/>
        </annotation>
    </item>
    <item name='com.sun.org.apache.xml.internal.res.XMLErrorResources_sv java.lang.Object[][] getContents()'>
        <annotation name='com.intellij.inspections.tainted.annotation.equation.Equations'>
            <val val="{ &quot;getContents := #contents&quot; }"/>
        </annotation>
    </item>
    <item name='com.sun.org.apache.xml.internal.res.XMLErrorResources_tr java.lang.Object[][] getContents()'>
        <annotation name='com.intellij.inspections.tainted.annotation.equation.Equations'>
            <val val="{ &quot;getContents := #_contents&quot; }"/>
        </annotation>
    </item>
    <item name='com.sun.org.apache.xml.internal.res.XMLErrorResources_zh_CN java.lang.Object[][] getContents()'>
        <annotation name='com.intellij.inspections.tainted.annotation.equation.Equations'>
            <val val="{ &quot;getContents := #contents&quot; }"/>
        </annotation>
    </item>
    <item name='com.sun.org.apache.xml.internal.res.XMLErrorResources_zh_TW java.lang.Object[][] getContents()'>
        <annotation name='com.intellij.inspections.tainted.annotation.equation.Equations'>
            <val val="{ &quot;getContents := #contents&quot; }"/>
        </annotation>
    </item>
    <item name='com.sun.org.apache.xml.internal.res.XMLMessages'>
        <annotation name='com.intellij.inspections.tainted.annotation.equation.Equations'>
            <val val="{ &quot;XMLMessages := #setLocale(java.util.Locale)#0&quot; }"/>
        </annotation>
    </item>
    <item name='com.sun.org.apache.xml.internal.res.XMLMessages java.lang.String createMsg(java.util.ListResourceBundle, java.lang.String, java.lang.Object[])'>
        <annotation name='com.intellij.inspections.tainted.annotation.equation.Equations'>
            <val val="{ &quot;msgKey := #createXMLMessage(java.lang.String, java.lang.Object[])#0 &amp; com.sun.org.apache.xalan.internal.res.XSLMessages#createMessage(java.lang.String, java.lang.Object[])#0 &amp; com.sun.org.apache.xalan.internal.res.XSLMessages#createWarning(java.lang.String, java.lang.Object[])#0&quot;, &quot;fResourceBundle := XMLMessages &amp; com.sun.org.apache.xalan.internal.res.XSLMessages&quot;, &quot;args := #createXMLMessage(java.lang.String, java.lang.Object[])#1 &amp; com.sun.org.apache.xalan.internal.res.XSLMessages#createMessage(java.lang.String, java.lang.Object[])#1 &amp; com.sun.org.apache.xalan.internal.res.XSLMessages#createWarning(java.lang.String, java.lang.Object[])#1&quot; }"/>
        </annotation>
    </item>
    <item name='com.sun.org.apache.xml.internal.res.XMLMessages java.lang.String createXMLMessage(java.lang.String, java.lang.Object[])'>
        <annotation name='com.intellij.inspections.tainted.annotation.equation.Equations'>
            <val val="{ &quot;msgKey := XMLErrorResources#ER_METHOD_NOT_SUPPORTED &amp; XMLErrorResources#ER_NO_DTMIDS_AVAIL &amp; XMLErrorResources#ER_SYSTEMID_UNKNOWN &amp; XMLErrorResources#ER_LOCATION_UNKNOWN&quot; }"/>
        </annotation>
    </item>
    <item name='com.sun.org.apache.xml.internal.res.XMLMessages java.util.Locale getLocale()'>
        <annotation name='com.intellij.inspections.tainted.annotation.equation.Equations'>
            <val val="{ &quot;getLocale := XMLMessages&quot; }"/>
        </annotation>
    </item>
</root>