<root>
    <item name='com.sun.jmx.snmp.IPAcl.ASCII_CharStream'>
        <annotation name='com.intellij.inspections.tainted.annotation.equation.Equations'>
            <val val="{ &quot;ASCII_CharStream := ASCII_CharStream &amp; #adjustBeginLineColumn(int, int)#0 &amp; #adjustBeginLineColumn(int, int)#1&quot; }"/>
        </annotation>
    </item>
    <item name='com.sun.jmx.snmp.IPAcl.ASCII_CharStream ASCII_CharStream(java.io.InputStream, int, int)'>
        <annotation name='com.intellij.inspections.tainted.annotation.equation.Equations'>
            <val val="{ &quot;dstream := Parser#Parser(java.io.InputStream)#0&quot;, &quot;ASCII_CharStream := ASCII_CharStream&quot; }"/>
        </annotation>
    </item>
    <item name='com.sun.jmx.snmp.IPAcl.ASCII_CharStream ASCII_CharStream(java.io.InputStream, int, int, int)'>
        <annotation name='com.intellij.inspections.tainted.annotation.equation.Equations'>
            <val val="{ &quot;startline := #ASCII_CharStream(java.io.InputStream, int, int)#1&quot;, &quot;dstream := #ASCII_CharStream(java.io.InputStream, int, int)#0&quot;, &quot;ASCII_CharStream := ASCII_CharStream&quot;, &quot;startcolumn := #ASCII_CharStream(java.io.InputStream, int, int)#2&quot; }"/>
        </annotation>
    </item>
    <item name='com.sun.jmx.snmp.IPAcl.ASCII_CharStream ASCII_CharStream(java.io.Reader, int, int)'>
        <annotation name='com.intellij.inspections.tainted.annotation.equation.Equations'>
            <val val="{ &quot;ASCII_CharStream := ASCII_CharStream&quot;, &quot;dstream := Parser#Parser(java.io.Reader)#0&quot; }"/>
        </annotation>
    </item>
    <item name='com.sun.jmx.snmp.IPAcl.ASCII_CharStream ASCII_CharStream(java.io.Reader, int, int, int)'>
        <annotation name='com.intellij.inspections.tainted.annotation.equation.Equations'>
            <val val="{ &quot;startline := #ASCII_CharStream(java.io.Reader, int, int)#1 &amp; #ASCII_CharStream(java.io.InputStream, int, int, int)#1&quot;, &quot;startcolumn := #ASCII_CharStream(java.io.Reader, int, int)#2 &amp; #ASCII_CharStream(java.io.InputStream, int, int, int)#2&quot;, &quot;ASCII_CharStream := ASCII_CharStream&quot;, &quot;dstream := #ASCII_CharStream(java.io.Reader, int, int)#0&quot; }"/>
        </annotation>
    </item>
    <item name='com.sun.jmx.snmp.IPAcl.ASCII_CharStream char readChar()'>
        <annotation name='com.intellij.inspections.tainted.annotation.equation.Equations'>
            <val val="{ &quot;readChar := ASCII_CharStream&quot; }"/>
        </annotation>
    </item>
    <item name='com.sun.jmx.snmp.IPAcl.ASCII_CharStream int getBeginColumn()'>
        <annotation name='com.intellij.inspections.tainted.annotation.equation.Equations'>
            <val val="{ &quot;getBeginColumn := ASCII_CharStream&quot; }"/>
        </annotation>
    </item>
    <item name='com.sun.jmx.snmp.IPAcl.ASCII_CharStream int getBeginLine()'>
        <annotation name='com.intellij.inspections.tainted.annotation.equation.Equations'>
            <val val="{ &quot;getBeginLine := ASCII_CharStream&quot; }"/>
        </annotation>
    </item>
    <item name='com.sun.jmx.snmp.IPAcl.ASCII_CharStream int getColumn()'>
        <annotation name='com.intellij.inspections.tainted.annotation.equation.Equations'>
            <val val="{ &quot;getColumn := ASCII_CharStream&quot; }"/>
        </annotation>
    </item>
    <item name='com.sun.jmx.snmp.IPAcl.ASCII_CharStream int getEndColumn()'>
        <annotation name='com.intellij.inspections.tainted.annotation.equation.Equations'>
            <val val="{ &quot;getEndColumn := ASCII_CharStream&quot; }"/>
        </annotation>
    </item>
    <item name='com.sun.jmx.snmp.IPAcl.ASCII_CharStream int getEndLine()'>
        <annotation name='com.intellij.inspections.tainted.annotation.equation.Equations'>
            <val val="{ &quot;getEndLine := ASCII_CharStream&quot; }"/>
        </annotation>
    </item>
    <item name='com.sun.jmx.snmp.IPAcl.ASCII_CharStream int getLine()'>
        <annotation name='com.intellij.inspections.tainted.annotation.equation.Equations'>
            <val val="{ &quot;getLine := ASCII_CharStream&quot; }"/>
        </annotation>
    </item>
    <item name='com.sun.jmx.snmp.IPAcl.ASCII_CharStream void ReInit(java.io.InputStream, int, int)'>
        <annotation name='com.intellij.inspections.tainted.annotation.equation.Equations'>
            <val val="{ &quot;dstream := Parser#ReInit(java.io.InputStream)#0&quot; }"/>
        </annotation>
    </item>
    <item name='com.sun.jmx.snmp.IPAcl.ASCII_CharStream void ReInit(java.io.InputStream, int, int, int)'>
        <annotation name='com.intellij.inspections.tainted.annotation.equation.Equations'>
            <val val="{ &quot;dstream := #ReInit(java.io.InputStream, int, int)#0&quot;, &quot;startcolumn := #ReInit(java.io.InputStream, int, int)#2&quot;, &quot;startline := #ReInit(java.io.InputStream, int, int)#1&quot; }"/>
        </annotation>
    </item>
    <item name='com.sun.jmx.snmp.IPAcl.ASCII_CharStream void ReInit(java.io.Reader, int, int)'>
        <annotation name='com.intellij.inspections.tainted.annotation.equation.Equations'>
            <val val="{ &quot;dstream := Parser#ReInit(java.io.Reader)#0&quot; }"/>
        </annotation>
    </item>
    <item name='com.sun.jmx.snmp.IPAcl.ASCII_CharStream void ReInit(java.io.Reader, int, int, int)'>
        <annotation name='com.intellij.inspections.tainted.annotation.equation.Equations'>
            <val val="{ &quot;startline := #ReInit(java.io.Reader, int, int)#1 &amp; #ReInit(java.io.InputStream, int, int, int)#1&quot;, &quot;startcolumn := #ReInit(java.io.Reader, int, int)#2 &amp; #ReInit(java.io.InputStream, int, int, int)#2&quot;, &quot;dstream := #ReInit(java.io.Reader, int, int)#0&quot; }"/>
        </annotation>
    </item>
    <item name='com.sun.jmx.snmp.IPAcl.ASCII_CharStream void UpdateLineColumn(char)'>
        <annotation name='com.intellij.inspections.tainted.annotation.equation.Equations'>
            <val val="{ &quot;c := ASCII_CharStream&quot; }"/>
        </annotation>
    </item>
    <item name='com.sun.jmx.snmp.IPAcl.ASCII_CharStream void backup(int)'>
        <annotation name='com.intellij.inspections.tainted.annotation.equation.Equations'>
            <val val="{ &quot;amount := ParserTokenManager&quot; }"/>
        </annotation>
    </item>
    <item name='com.sun.jmx.snmp.IPAcl.AclEntryImpl AclEntryImpl()'>
        <annotation name='com.intellij.inspections.tainted.annotation.equation.Equations'>
            <val val="{ &quot;AclEntryImpl := AclEntryImpl&quot; }"/>
        </annotation>
    </item>
    <item name='com.sun.jmx.snmp.IPAcl.AclEntryImpl AclEntryImpl(com.sun.jmx.snmp.IPAcl.AclEntryImpl)'>
        <annotation name='com.intellij.inspections.tainted.annotation.equation.Equations'>
            <val val="{ &quot;AclEntryImpl := AclEntryImpl&quot;, &quot;i := AclEntryImpl&quot; }"/>
        </annotation>
    </item>
    <item name='com.sun.jmx.snmp.IPAcl.AclEntryImpl AclEntryImpl(java.security.Principal)'>
        <annotation name='com.intellij.inspections.tainted.annotation.equation.Equations'>
            <val val="{ &quot;p := SnmpAcl&quot;, &quot;AclEntryImpl := AclEntryImpl&quot; }"/>
        </annotation>
    </item>
    <item name='com.sun.jmx.snmp.IPAcl.AclEntryImpl boolean checkCommunity(java.lang.String)'>
        <annotation name='com.intellij.inspections.tainted.annotation.equation.Equations'>
            <val val="{ &quot;comm := AclImpl#checkPermission(java.security.Principal, java.lang.String, java.security.acl.Permission)#1 &amp; AclImpl#checkCommunity(java.lang.String)#0&quot; }"/>
        </annotation>
    </item>
    <item name='com.sun.jmx.snmp.IPAcl.AclEntryImpl boolean checkPermission(java.security.acl.Permission)'>
        <annotation name='com.intellij.inspections.tainted.annotation.equation.Equations'>
            <val val="{ &quot;perm := AclImpl#checkPermission(java.security.Principal, java.lang.String, java.security.acl.Permission)#2&quot; }"/>
        </annotation>
    </item>
    <item name='com.sun.jmx.snmp.IPAcl.AclEntryImpl java.security.Principal getPrincipal()'>
        <annotation name='com.intellij.inspections.tainted.annotation.equation.Equations'>
            <val val="{ &quot;getPrincipal := AclEntryImpl&quot; }"/>
        </annotation>
    </item>
    <item name='com.sun.jmx.snmp.IPAcl.AclImpl AclImpl(com.sun.jmx.snmp.IPAcl.PrincipalImpl, java.lang.String)'>
        <annotation name='com.intellij.inspections.tainted.annotation.equation.Equations'>
            <val val="{ &quot;name := SnmpAcl#SnmpAcl(java.lang.String, java.lang.String)#0&quot;, &quot;owner := SnmpAcl&quot;, &quot;AclImpl := AclImpl&quot; }"/>
        </annotation>
    </item>
    <item name='com.sun.jmx.snmp.IPAcl.AclImpl boolean addEntry(java.security.Principal, java.security.acl.AclEntry)'>
        <annotation name='com.intellij.inspections.tainted.annotation.equation.Equations'>
            <val val="{ &quot;entry := &quot;, &quot;caller := Host#buildAclEntries(com.sun.jmx.snmp.IPAcl.PrincipalImpl, com.sun.jmx.snmp.IPAcl.AclImpl)#0 &amp; SnmpAcl&quot; }"/>
        </annotation>
    </item>
    <item name='com.sun.jmx.snmp.IPAcl.AclImpl boolean checkCommunity(java.lang.String)'>
        <annotation name='com.intellij.inspections.tainted.annotation.equation.Equations'>
            <val val="{ &quot;community := SnmpAcl#checkCommunity(java.lang.String)#0&quot; }"/>
        </annotation>
    </item>
    <item name='com.sun.jmx.snmp.IPAcl.AclImpl boolean checkPermission(java.security.Principal, java.lang.String, java.security.acl.Permission)'>
        <annotation name='com.intellij.inspections.tainted.annotation.equation.Equations'>
            <val val="{ &quot;user := &quot;, &quot;community := SnmpAcl#checkReadPermission(java.net.InetAddress, java.lang.String)#1 &amp; SnmpAcl#checkWritePermission(java.net.InetAddress, java.lang.String)#1&quot;, &quot;perm := SnmpAcl#READ &amp; SnmpAcl#WRITE&quot; }"/>
        </annotation>
    </item>
    <item name='com.sun.jmx.snmp.IPAcl.AclImpl boolean checkPermission(java.security.Principal, java.security.acl.Permission)'>
        <annotation name='com.intellij.inspections.tainted.annotation.equation.Equations'>
            <val val="{ &quot;perm := SnmpAcl#READ &amp; SnmpAcl#WRITE&quot;, &quot;user := &quot; }"/>
        </annotation>
    </item>
    <item name='com.sun.jmx.snmp.IPAcl.AclImpl void removeAll(java.security.Principal)'>
        <annotation name='com.intellij.inspections.tainted.annotation.equation.Equations'>
            <val val="{ &quot;caller := SnmpAcl&quot; }"/>
        </annotation>
    </item>
    <item name='com.sun.jmx.snmp.IPAcl.GroupImpl GroupImpl()'>
        <annotation name='com.intellij.inspections.tainted.annotation.equation.Equations'>
            <val val="{ &quot;GroupImpl := GroupImpl&quot; }"/>
        </annotation>
    </item>
    <item name='com.sun.jmx.snmp.IPAcl.GroupImpl GroupImpl(java.lang.String)'>
        <annotation name='com.intellij.inspections.tainted.annotation.equation.Equations'>
            <val val="{ &quot;GroupImpl := GroupImpl&quot; }"/>
        </annotation>
    </item>
    <item name='com.sun.jmx.snmp.IPAcl.Host Host(com.sun.jmx.snmp.IPAcl.Parser, int)'>
        <annotation name='com.intellij.inspections.tainted.annotation.equation.Equations'>
            <val val="{ &quot;Host := Host&quot;, &quot;p := JDMIpMask#JDMIpMask(com.sun.jmx.snmp.IPAcl.Parser, int)#0 &amp; JDMNetMask#JDMNetMask(com.sun.jmx.snmp.IPAcl.Parser, int)#0 &amp; JDMHostName#JDMHostName(com.sun.jmx.snmp.IPAcl.Parser, int)#0 &amp; JDMIpAddress#JDMIpAddress(com.sun.jmx.snmp.IPAcl.Parser, int)#0&quot;, &quot;id := JDMIpMask#JDMIpMask(com.sun.jmx.snmp.IPAcl.Parser, int)#1 &amp; JDMNetMask#JDMNetMask(com.sun.jmx.snmp.IPAcl.Parser, int)#1 &amp; JDMHostName#JDMHostName(com.sun.jmx.snmp.IPAcl.Parser, int)#1 &amp; JDMIpAddress#JDMIpAddress(com.sun.jmx.snmp.IPAcl.Parser, int)#1&quot; }"/>
        </annotation>
    </item>
    <item name='com.sun.jmx.snmp.IPAcl.Host Host(int)'>
        <annotation name='com.intellij.inspections.tainted.annotation.equation.Equations'>
            <val val="{ &quot;Host := Host&quot;, &quot;id := JDMIpMask#JDMIpMask(int)#0 &amp; JDMNetMask#JDMNetMask(int)#0 &amp; JDMHostName#JDMHostName(int)#0 &amp; JDMIpAddress#JDMIpAddress(int)#0&quot; }"/>
        </annotation>
    </item>
    <item name='com.sun.jmx.snmp.IPAcl.Host com.sun.jmx.snmp.IPAcl.PrincipalImpl createAssociatedPrincipal()'>
        <annotation name='com.intellij.inspections.tainted.annotation.equation.Equations'>
            <val val="{ &quot;createAssociatedPrincipal := JDMIpMask#createAssociatedPrincipal() &amp; JDMNetMask#createAssociatedPrincipal() &amp; JDMHostName#createAssociatedPrincipal() &amp; JDMIpAddress#createAssociatedPrincipal()&quot; }"/>
        </annotation>
    </item>
    <item name='com.sun.jmx.snmp.IPAcl.Host java.lang.String getHname()'>
        <annotation name='com.intellij.inspections.tainted.annotation.equation.Equations'>
            <val val="{ &quot;getHname := JDMIpMask#getHname() &amp; JDMNetMask#getHname() &amp; JDMHostName#getHname() &amp; JDMIpAddress#getHname()&quot; }"/>
        </annotation>
    </item>
    <item name='com.sun.jmx.snmp.IPAcl.Host void registerPermission(com.sun.jmx.snmp.IPAcl.AclEntryImpl)'>
        <annotation name='com.intellij.inspections.tainted.annotation.equation.Equations'>
            <val val="{ &quot;entry := &quot; }"/>
        </annotation>
    </item>
    <item name='com.sun.jmx.snmp.IPAcl.JDMAccess JDMAccess(com.sun.jmx.snmp.IPAcl.Parser, int)'>
        <annotation name='com.intellij.inspections.tainted.annotation.equation.Equations'>
            <val val="{ &quot;JDMAccess := JDMAccess&quot;, &quot;p := #jjtCreate(com.sun.jmx.snmp.IPAcl.Parser, int)#0&quot;, &quot;id := #jjtCreate(com.sun.jmx.snmp.IPAcl.Parser, int)#1&quot; }"/>
        </annotation>
    </item>
    <item name='com.sun.jmx.snmp.IPAcl.JDMAccess JDMAccess(int)'>
        <annotation name='com.intellij.inspections.tainted.annotation.equation.Equations'>
            <val val="{ &quot;id := #jjtCreate(int)#0 &amp; ParserTreeConstants#JJTACCESS&quot;, &quot;JDMAccess := JDMAccess&quot; }"/>
        </annotation>
    </item>
    <item name='com.sun.jmx.snmp.IPAcl.JDMAclBlock JDMAclBlock(com.sun.jmx.snmp.IPAcl.Parser, int)'>
        <annotation name='com.intellij.inspections.tainted.annotation.equation.Equations'>
            <val val="{ &quot;JDMAclBlock := JDMAclBlock&quot;, &quot;id := #jjtCreate(com.sun.jmx.snmp.IPAcl.Parser, int)#1&quot;, &quot;p := #jjtCreate(com.sun.jmx.snmp.IPAcl.Parser, int)#0&quot; }"/>
        </annotation>
    </item>
    <item name='com.sun.jmx.snmp.IPAcl.JDMAclBlock JDMAclBlock(int)'>
        <annotation name='com.intellij.inspections.tainted.annotation.equation.Equations'>
            <val val="{ &quot;JDMAclBlock := JDMAclBlock&quot;, &quot;id := ParserTreeConstants#JJTACLBLOCK &amp; #jjtCreate(int)#0&quot; }"/>
        </annotation>
    </item>
    <item name='com.sun.jmx.snmp.IPAcl.JDMAclItem JDMAclItem(com.sun.jmx.snmp.IPAcl.Parser, int)'>
        <annotation name='com.intellij.inspections.tainted.annotation.equation.Equations'>
            <val val="{ &quot;p := #jjtCreate(com.sun.jmx.snmp.IPAcl.Parser, int)#0&quot;, &quot;JDMAclItem := JDMAclItem&quot;, &quot;id := #jjtCreate(com.sun.jmx.snmp.IPAcl.Parser, int)#1&quot; }"/>
        </annotation>
    </item>
    <item name='com.sun.jmx.snmp.IPAcl.JDMAclItem JDMAclItem(int)'>
        <annotation name='com.intellij.inspections.tainted.annotation.equation.Equations'>
            <val val="{ &quot;id := ParserTreeConstants#JJTACLITEM &amp; #jjtCreate(int)#0&quot;, &quot;JDMAclItem := JDMAclItem&quot; }"/>
        </annotation>
    </item>
    <item name='com.sun.jmx.snmp.IPAcl.JDMCommunities JDMCommunities(com.sun.jmx.snmp.IPAcl.Parser, int)'>
        <annotation name='com.intellij.inspections.tainted.annotation.equation.Equations'>
            <val val="{ &quot;p := #jjtCreate(com.sun.jmx.snmp.IPAcl.Parser, int)#0&quot;, &quot;id := #jjtCreate(com.sun.jmx.snmp.IPAcl.Parser, int)#1&quot;, &quot;JDMCommunities := JDMCommunities&quot; }"/>
        </annotation>
    </item>
    <item name='com.sun.jmx.snmp.IPAcl.JDMCommunities JDMCommunities(int)'>
        <annotation name='com.intellij.inspections.tainted.annotation.equation.Equations'>
            <val val="{ &quot;JDMCommunities := JDMCommunities&quot;, &quot;id := ParserTreeConstants#JJTCOMMUNITIES &amp; #jjtCreate(int)#0&quot; }"/>
        </annotation>
    </item>
    <item name='com.sun.jmx.snmp.IPAcl.JDMCommunity JDMCommunity(com.sun.jmx.snmp.IPAcl.Parser, int)'>
        <annotation name='com.intellij.inspections.tainted.annotation.equation.Equations'>
            <val val="{ &quot;id := #jjtCreate(com.sun.jmx.snmp.IPAcl.Parser, int)#1&quot;, &quot;JDMCommunity := JDMCommunity&quot;, &quot;p := #jjtCreate(com.sun.jmx.snmp.IPAcl.Parser, int)#0&quot; }"/>
        </annotation>
    </item>
    <item name='com.sun.jmx.snmp.IPAcl.JDMCommunity JDMCommunity(int)'>
        <annotation name='com.intellij.inspections.tainted.annotation.equation.Equations'>
            <val val="{ &quot;JDMCommunity := JDMCommunity&quot;, &quot;id := ParserTreeConstants#JJTCOMMUNITY &amp; #jjtCreate(int)#0&quot; }"/>
        </annotation>
    </item>
    <item name='com.sun.jmx.snmp.IPAcl.JDMEnterprise JDMEnterprise(com.sun.jmx.snmp.IPAcl.Parser, int)'>
        <annotation name='com.intellij.inspections.tainted.annotation.equation.Equations'>
            <val val="{ &quot;p := #jjtCreate(com.sun.jmx.snmp.IPAcl.Parser, int)#0&quot;, &quot;JDMEnterprise := JDMEnterprise&quot;, &quot;id := #jjtCreate(com.sun.jmx.snmp.IPAcl.Parser, int)#1&quot; }"/>
        </annotation>
    </item>
    <item name='com.sun.jmx.snmp.IPAcl.JDMEnterprise JDMEnterprise(int)'>
        <annotation name='com.intellij.inspections.tainted.annotation.equation.Equations'>
            <val val="{ &quot;id := ParserTreeConstants#JJTENTERPRISE &amp; #jjtCreate(int)#0&quot;, &quot;JDMEnterprise := JDMEnterprise&quot; }"/>
        </annotation>
    </item>
    <item name='com.sun.jmx.snmp.IPAcl.JDMHost JDMHost(com.sun.jmx.snmp.IPAcl.Parser, int)'>
        <annotation name='com.intellij.inspections.tainted.annotation.equation.Equations'>
            <val val="{ &quot;id := #jjtCreate(com.sun.jmx.snmp.IPAcl.Parser, int)#1&quot;, &quot;p := #jjtCreate(com.sun.jmx.snmp.IPAcl.Parser, int)#0&quot;, &quot;JDMHost := JDMHost&quot; }"/>
        </annotation>
    </item>
    <item name='com.sun.jmx.snmp.IPAcl.JDMHost JDMHost(int)'>
        <annotation name='com.intellij.inspections.tainted.annotation.equation.Equations'>
            <val val="{ &quot;JDMHost := JDMHost&quot;, &quot;id := ParserTreeConstants#JJTHOST &amp; #jjtCreate(int)#0&quot; }"/>
        </annotation>
    </item>
    <item name='com.sun.jmx.snmp.IPAcl.JDMHostInform JDMHostInform(com.sun.jmx.snmp.IPAcl.Parser, int)'>
        <annotation name='com.intellij.inspections.tainted.annotation.equation.Equations'>
            <val val="{ &quot;p := #jjtCreate(com.sun.jmx.snmp.IPAcl.Parser, int)#0&quot;, &quot;JDMHostInform := JDMHostInform&quot;, &quot;id := #jjtCreate(com.sun.jmx.snmp.IPAcl.Parser, int)#1&quot; }"/>
        </annotation>
    </item>
    <item name='com.sun.jmx.snmp.IPAcl.JDMHostInform JDMHostInform(int)'>
        <annotation name='com.intellij.inspections.tainted.annotation.equation.Equations'>
            <val val="{ &quot;id := ParserTreeConstants#JJTHOSTINFORM &amp; #jjtCreate(int)#0&quot;, &quot;JDMHostInform := JDMHostInform&quot; }"/>
        </annotation>
    </item>
    <item name='com.sun.jmx.snmp.IPAcl.JDMHostName JDMHostName(com.sun.jmx.snmp.IPAcl.Parser, int)'>
        <annotation name='com.intellij.inspections.tainted.annotation.equation.Equations'>
            <val val="{ &quot;p := #jjtCreate(com.sun.jmx.snmp.IPAcl.Parser, int)#0&quot;, &quot;JDMHostName := JDMHostName&quot;, &quot;id := #jjtCreate(com.sun.jmx.snmp.IPAcl.Parser, int)#1&quot; }"/>
        </annotation>
    </item>
    <item name='com.sun.jmx.snmp.IPAcl.JDMHostName JDMHostName(int)'>
        <annotation name='com.intellij.inspections.tainted.annotation.equation.Equations'>
            <val val="{ &quot;id := ParserTreeConstants#JJTHOSTNAME &amp; #jjtCreate(int)#0&quot;, &quot;JDMHostName := JDMHostName&quot; }"/>
        </annotation>
    </item>
    <item name='com.sun.jmx.snmp.IPAcl.JDMHostTrap JDMHostTrap(com.sun.jmx.snmp.IPAcl.Parser, int)'>
        <annotation name='com.intellij.inspections.tainted.annotation.equation.Equations'>
            <val val="{ &quot;p := #jjtCreate(com.sun.jmx.snmp.IPAcl.Parser, int)#0&quot;, &quot;JDMHostTrap := JDMHostTrap&quot;, &quot;id := #jjtCreate(com.sun.jmx.snmp.IPAcl.Parser, int)#1&quot; }"/>
        </annotation>
    </item>
    <item name='com.sun.jmx.snmp.IPAcl.JDMHostTrap JDMHostTrap(int)'>
        <annotation name='com.intellij.inspections.tainted.annotation.equation.Equations'>
            <val val="{ &quot;JDMHostTrap := JDMHostTrap&quot;, &quot;id := ParserTreeConstants#JJTHOSTTRAP &amp; #jjtCreate(int)#0&quot; }"/>
        </annotation>
    </item>
    <item name='com.sun.jmx.snmp.IPAcl.JDMInformBlock JDMInformBlock(com.sun.jmx.snmp.IPAcl.Parser, int)'>
        <annotation name='com.intellij.inspections.tainted.annotation.equation.Equations'>
            <val val="{ &quot;id := #jjtCreate(com.sun.jmx.snmp.IPAcl.Parser, int)#1&quot;, &quot;p := #jjtCreate(com.sun.jmx.snmp.IPAcl.Parser, int)#0&quot;, &quot;JDMInformBlock := JDMInformBlock&quot; }"/>
        </annotation>
    </item>
    <item name='com.sun.jmx.snmp.IPAcl.JDMInformBlock JDMInformBlock(int)'>
        <annotation name='com.intellij.inspections.tainted.annotation.equation.Equations'>
            <val val="{ &quot;id := ParserTreeConstants#JJTINFORMBLOCK &amp; #jjtCreate(int)#0&quot;, &quot;JDMInformBlock := JDMInformBlock&quot; }"/>
        </annotation>
    </item>
    <item name='com.sun.jmx.snmp.IPAcl.JDMInformCommunity JDMInformCommunity(com.sun.jmx.snmp.IPAcl.Parser, int)'>
        <annotation name='com.intellij.inspections.tainted.annotation.equation.Equations'>
            <val val="{ &quot;p := #jjtCreate(com.sun.jmx.snmp.IPAcl.Parser, int)#0&quot;, &quot;JDMInformCommunity := JDMInformCommunity&quot;, &quot;id := #jjtCreate(com.sun.jmx.snmp.IPAcl.Parser, int)#1&quot; }"/>
        </annotation>
    </item>
    <item name='com.sun.jmx.snmp.IPAcl.JDMInformCommunity JDMInformCommunity(int)'>
        <annotation name='com.intellij.inspections.tainted.annotation.equation.Equations'>
            <val val="{ &quot;id := ParserTreeConstants#JJTINFORMCOMMUNITY &amp; #jjtCreate(int)#0&quot;, &quot;JDMInformCommunity := JDMInformCommunity&quot; }"/>
        </annotation>
    </item>
    <item name='com.sun.jmx.snmp.IPAcl.JDMInformCommunity java.lang.String getCommunity()'>
        <annotation name='com.intellij.inspections.tainted.annotation.equation.Equations'>
            <val val="{ &quot;getCommunity := JDMInformCommunity&quot; }"/>
        </annotation>
    </item>
    <item name='com.sun.jmx.snmp.IPAcl.JDMInformInterestedHost JDMInformInterestedHost(com.sun.jmx.snmp.IPAcl.Parser, int)'>
        <annotation name='com.intellij.inspections.tainted.annotation.equation.Equations'>
            <val val="{ &quot;JDMInformInterestedHost := JDMInformInterestedHost&quot;, &quot;p := #jjtCreate(com.sun.jmx.snmp.IPAcl.Parser, int)#0&quot;, &quot;id := #jjtCreate(com.sun.jmx.snmp.IPAcl.Parser, int)#1&quot; }"/>
        </annotation>
    </item>
    <item name='com.sun.jmx.snmp.IPAcl.JDMInformInterestedHost JDMInformInterestedHost(int)'>
        <annotation name='com.intellij.inspections.tainted.annotation.equation.Equations'>
            <val val="{ &quot;id := ParserTreeConstants#JJTINFORMINTERESTEDHOST &amp; #jjtCreate(int)#0&quot;, &quot;JDMInformInterestedHost := JDMInformInterestedHost&quot; }"/>
        </annotation>
    </item>
    <item name='com.sun.jmx.snmp.IPAcl.JDMInformItem JDMInformItem(com.sun.jmx.snmp.IPAcl.Parser, int)'>
        <annotation name='com.intellij.inspections.tainted.annotation.equation.Equations'>
            <val val="{ &quot;id := #jjtCreate(com.sun.jmx.snmp.IPAcl.Parser, int)#1&quot;, &quot;p := #jjtCreate(com.sun.jmx.snmp.IPAcl.Parser, int)#0&quot;, &quot;JDMInformItem := JDMInformItem&quot; }"/>
        </annotation>
    </item>
    <item name='com.sun.jmx.snmp.IPAcl.JDMInformItem JDMInformItem(int)'>
        <annotation name='com.intellij.inspections.tainted.annotation.equation.Equations'>
            <val val="{ &quot;id := ParserTreeConstants#JJTINFORMITEM &amp; #jjtCreate(int)#0&quot;, &quot;JDMInformItem := JDMInformItem&quot; }"/>
        </annotation>
    </item>
    <item name='com.sun.jmx.snmp.IPAcl.JDMInformItem com.sun.jmx.snmp.IPAcl.JDMInformCommunity getCommunity()'>
        <annotation name='com.intellij.inspections.tainted.annotation.equation.Equations'>
            <val val="{ &quot;getCommunity := JDMInformItem&quot; }"/>
        </annotation>
    </item>
    <item name='com.sun.jmx.snmp.IPAcl.JDMIpAddress JDMIpAddress(com.sun.jmx.snmp.IPAcl.Parser, int)'>
        <annotation name='com.intellij.inspections.tainted.annotation.equation.Equations'>
            <val val="{ &quot;id := #jjtCreate(com.sun.jmx.snmp.IPAcl.Parser, int)#1 &amp; JDMIpV6Address#JDMIpV6Address(com.sun.jmx.snmp.IPAcl.Parser, int)#1&quot;, &quot;p := #jjtCreate(com.sun.jmx.snmp.IPAcl.Parser, int)#0 &amp; JDMIpV6Address#JDMIpV6Address(com.sun.jmx.snmp.IPAcl.Parser, int)#0&quot;, &quot;JDMIpAddress := JDMIpAddress&quot; }"/>
        </annotation>
    </item>
    <item name='com.sun.jmx.snmp.IPAcl.JDMIpAddress JDMIpAddress(int)'>
        <annotation name='com.intellij.inspections.tainted.annotation.equation.Equations'>
            <val val="{ &quot;id := ParserTreeConstants#JJTIPADDRESS &amp; #jjtCreate(int)#0 &amp; JDMIpV6Address#JDMIpV6Address(int)#0&quot;, &quot;JDMIpAddress := JDMIpAddress&quot; }"/>
        </annotation>
    </item>
    <item name='com.sun.jmx.snmp.IPAcl.JDMIpMask JDMIpMask(com.sun.jmx.snmp.IPAcl.Parser, int)'>
        <annotation name='com.intellij.inspections.tainted.annotation.equation.Equations'>
            <val val="{ &quot;id := #jjtCreate(com.sun.jmx.snmp.IPAcl.Parser, int)#1&quot;, &quot;JDMIpMask := JDMIpMask&quot;, &quot;p := #jjtCreate(com.sun.jmx.snmp.IPAcl.Parser, int)#0&quot; }"/>
        </annotation>
    </item>
    <item name='com.sun.jmx.snmp.IPAcl.JDMIpMask JDMIpMask(int)'>
        <annotation name='com.intellij.inspections.tainted.annotation.equation.Equations'>
            <val val="{ &quot;id := ParserTreeConstants#JJTIPMASK &amp; #jjtCreate(int)#0&quot;, &quot;JDMIpMask := JDMIpMask&quot; }"/>
        </annotation>
    </item>
    <item name='com.sun.jmx.snmp.IPAcl.JDMIpV6Address JDMIpV6Address(com.sun.jmx.snmp.IPAcl.Parser, int)'>
        <annotation name='com.intellij.inspections.tainted.annotation.equation.Equations'>
            <val val="{ &quot;JDMIpV6Address := JDMIpV6Address&quot; }"/>
        </annotation>
    </item>
    <item name='com.sun.jmx.snmp.IPAcl.JDMIpV6Address JDMIpV6Address(int)'>
        <annotation name='com.intellij.inspections.tainted.annotation.equation.Equations'>
            <val val="{ &quot;id := ParserTreeConstants#JJTIPV6ADDRESS&quot;, &quot;JDMIpV6Address := JDMIpV6Address&quot; }"/>
        </annotation>
    </item>
    <item name='com.sun.jmx.snmp.IPAcl.JDMManagers JDMManagers(com.sun.jmx.snmp.IPAcl.Parser, int)'>
        <annotation name='com.intellij.inspections.tainted.annotation.equation.Equations'>
            <val val="{ &quot;id := #jjtCreate(com.sun.jmx.snmp.IPAcl.Parser, int)#1&quot;, &quot;JDMManagers := JDMManagers&quot;, &quot;p := #jjtCreate(com.sun.jmx.snmp.IPAcl.Parser, int)#0&quot; }"/>
        </annotation>
    </item>
    <item name='com.sun.jmx.snmp.IPAcl.JDMManagers JDMManagers(int)'>
        <annotation name='com.intellij.inspections.tainted.annotation.equation.Equations'>
            <val val="{ &quot;JDMManagers := JDMManagers&quot;, &quot;id := ParserTreeConstants#JJTMANAGERS &amp; #jjtCreate(int)#0&quot; }"/>
        </annotation>
    </item>
    <item name='com.sun.jmx.snmp.IPAcl.JDMNetMask'>
        <annotation name='com.intellij.inspections.tainted.annotation.equation.Equations'>
            <val val="{ &quot;JDMNetMask := &quot; }"/>
        </annotation>
    </item>
    <item name='com.sun.jmx.snmp.IPAcl.JDMNetMask JDMNetMask(com.sun.jmx.snmp.IPAcl.Parser, int)'>
        <annotation name='com.intellij.inspections.tainted.annotation.equation.Equations'>
            <val val="{ &quot;p := #jjtCreate(com.sun.jmx.snmp.IPAcl.Parser, int)#0 &amp; JDMNetMaskV6#JDMNetMaskV6(com.sun.jmx.snmp.IPAcl.Parser, int)#0&quot;, &quot;JDMNetMask := JDMNetMask&quot;, &quot;id := #jjtCreate(com.sun.jmx.snmp.IPAcl.Parser, int)#1 &amp; JDMNetMaskV6#JDMNetMaskV6(com.sun.jmx.snmp.IPAcl.Parser, int)#1&quot; }"/>
        </annotation>
    </item>
    <item name='com.sun.jmx.snmp.IPAcl.JDMNetMask JDMNetMask(int)'>
        <annotation name='com.intellij.inspections.tainted.annotation.equation.Equations'>
            <val val="{ &quot;id := ParserTreeConstants#JJTNETMASK &amp; #jjtCreate(int)#0 &amp; JDMNetMaskV6#JDMNetMaskV6(int)#0&quot;, &quot;JDMNetMask := JDMNetMask&quot; }"/>
        </annotation>
    </item>
    <item name='com.sun.jmx.snmp.IPAcl.JDMNetMask com.sun.jmx.snmp.IPAcl.PrincipalImpl createAssociatedPrincipal()'>
        <annotation name='com.intellij.inspections.tainted.annotation.equation.Equations'>
            <val val="{ &quot;createAssociatedPrincipal := JDMNetMaskV6#createAssociatedPrincipal()&quot; }"/>
        </annotation>
    </item>
    <item name='com.sun.jmx.snmp.IPAcl.JDMNetMaskV6 JDMNetMaskV6(com.sun.jmx.snmp.IPAcl.Parser, int)'>
        <annotation name='com.intellij.inspections.tainted.annotation.equation.Equations'>
            <val val="{ &quot;JDMNetMaskV6 := JDMNetMaskV6&quot; }"/>
        </annotation>
    </item>
    <item name='com.sun.jmx.snmp.IPAcl.JDMNetMaskV6 JDMNetMaskV6(int)'>
        <annotation name='com.intellij.inspections.tainted.annotation.equation.Equations'>
            <val val="{ &quot;id := ParserTreeConstants#JJTNETMASKV6&quot;, &quot;JDMNetMaskV6 := JDMNetMaskV6&quot; }"/>
        </annotation>
    </item>
    <item name='com.sun.jmx.snmp.IPAcl.JDMSecurityDefs JDMSecurityDefs(com.sun.jmx.snmp.IPAcl.Parser, int)'>
        <annotation name='com.intellij.inspections.tainted.annotation.equation.Equations'>
            <val val="{ &quot;p := #jjtCreate(com.sun.jmx.snmp.IPAcl.Parser, int)#0&quot;, &quot;JDMSecurityDefs := JDMSecurityDefs&quot;, &quot;id := #jjtCreate(com.sun.jmx.snmp.IPAcl.Parser, int)#1&quot; }"/>
        </annotation>
    </item>
    <item name='com.sun.jmx.snmp.IPAcl.JDMSecurityDefs JDMSecurityDefs(int)'>
        <annotation name='com.intellij.inspections.tainted.annotation.equation.Equations'>
            <val val="{ &quot;id := ParserTreeConstants#JJTSECURITYDEFS &amp; #jjtCreate(int)#0&quot;, &quot;JDMSecurityDefs := JDMSecurityDefs&quot; }"/>
        </annotation>
    </item>
    <item name='com.sun.jmx.snmp.IPAcl.JDMTrapBlock JDMTrapBlock(com.sun.jmx.snmp.IPAcl.Parser, int)'>
        <annotation name='com.intellij.inspections.tainted.annotation.equation.Equations'>
            <val val="{ &quot;JDMTrapBlock := JDMTrapBlock&quot;, &quot;p := #jjtCreate(com.sun.jmx.snmp.IPAcl.Parser, int)#0&quot;, &quot;id := #jjtCreate(com.sun.jmx.snmp.IPAcl.Parser, int)#1&quot; }"/>
        </annotation>
    </item>
    <item name='com.sun.jmx.snmp.IPAcl.JDMTrapBlock JDMTrapBlock(int)'>
        <annotation name='com.intellij.inspections.tainted.annotation.equation.Equations'>
            <val val="{ &quot;id := ParserTreeConstants#JJTTRAPBLOCK &amp; #jjtCreate(int)#0&quot;, &quot;JDMTrapBlock := JDMTrapBlock&quot; }"/>
        </annotation>
    </item>
    <item name='com.sun.jmx.snmp.IPAcl.JDMTrapCommunity JDMTrapCommunity(com.sun.jmx.snmp.IPAcl.Parser, int)'>
        <annotation name='com.intellij.inspections.tainted.annotation.equation.Equations'>
            <val val="{ &quot;p := #jjtCreate(com.sun.jmx.snmp.IPAcl.Parser, int)#0&quot;, &quot;JDMTrapCommunity := JDMTrapCommunity&quot;, &quot;id := #jjtCreate(com.sun.jmx.snmp.IPAcl.Parser, int)#1&quot; }"/>
        </annotation>
    </item>
    <item name='com.sun.jmx.snmp.IPAcl.JDMTrapCommunity JDMTrapCommunity(int)'>
        <annotation name='com.intellij.inspections.tainted.annotation.equation.Equations'>
            <val val="{ &quot;id := ParserTreeConstants#JJTTRAPCOMMUNITY &amp; #jjtCreate(int)#0&quot;, &quot;JDMTrapCommunity := JDMTrapCommunity&quot; }"/>
        </annotation>
    </item>
    <item name='com.sun.jmx.snmp.IPAcl.JDMTrapCommunity java.lang.String getCommunity()'>
        <annotation name='com.intellij.inspections.tainted.annotation.equation.Equations'>
            <val val="{ &quot;getCommunity := JDMTrapCommunity&quot; }"/>
        </annotation>
    </item>
    <item name='com.sun.jmx.snmp.IPAcl.JDMTrapInterestedHost JDMTrapInterestedHost(com.sun.jmx.snmp.IPAcl.Parser, int)'>
        <annotation name='com.intellij.inspections.tainted.annotation.equation.Equations'>
            <val val="{ &quot;p := #jjtCreate(com.sun.jmx.snmp.IPAcl.Parser, int)#0&quot;, &quot;JDMTrapInterestedHost := JDMTrapInterestedHost&quot;, &quot;id := #jjtCreate(com.sun.jmx.snmp.IPAcl.Parser, int)#1&quot; }"/>
        </annotation>
    </item>
    <item name='com.sun.jmx.snmp.IPAcl.JDMTrapInterestedHost JDMTrapInterestedHost(int)'>
        <annotation name='com.intellij.inspections.tainted.annotation.equation.Equations'>
            <val val="{ &quot;JDMTrapInterestedHost := JDMTrapInterestedHost&quot;, &quot;id := ParserTreeConstants#JJTTRAPINTERESTEDHOST &amp; #jjtCreate(int)#0&quot; }"/>
        </annotation>
    </item>
    <item name='com.sun.jmx.snmp.IPAcl.JDMTrapItem JDMTrapItem(com.sun.jmx.snmp.IPAcl.Parser, int)'>
        <annotation name='com.intellij.inspections.tainted.annotation.equation.Equations'>
            <val val="{ &quot;id := #jjtCreate(com.sun.jmx.snmp.IPAcl.Parser, int)#1&quot;, &quot;JDMTrapItem := JDMTrapItem&quot;, &quot;p := #jjtCreate(com.sun.jmx.snmp.IPAcl.Parser, int)#0&quot; }"/>
        </annotation>
    </item>
    <item name='com.sun.jmx.snmp.IPAcl.JDMTrapItem JDMTrapItem(int)'>
        <annotation name='com.intellij.inspections.tainted.annotation.equation.Equations'>
            <val val="{ &quot;JDMTrapItem := JDMTrapItem&quot;, &quot;id := ParserTreeConstants#JJTTRAPITEM &amp; #jjtCreate(int)#0&quot; }"/>
        </annotation>
    </item>
    <item name='com.sun.jmx.snmp.IPAcl.JDMTrapItem com.sun.jmx.snmp.IPAcl.JDMTrapCommunity getCommunity()'>
        <annotation name='com.intellij.inspections.tainted.annotation.equation.Equations'>
            <val val="{ &quot;getCommunity := JDMTrapItem&quot; }"/>
        </annotation>
    </item>
    <item name='com.sun.jmx.snmp.IPAcl.JDMTrapNum JDMTrapNum(com.sun.jmx.snmp.IPAcl.Parser, int)'>
        <annotation name='com.intellij.inspections.tainted.annotation.equation.Equations'>
            <val val="{ &quot;p := #jjtCreate(com.sun.jmx.snmp.IPAcl.Parser, int)#0&quot;, &quot;id := #jjtCreate(com.sun.jmx.snmp.IPAcl.Parser, int)#1&quot;, &quot;JDMTrapNum := JDMTrapNum&quot; }"/>
        </annotation>
    </item>
    <item name='com.sun.jmx.snmp.IPAcl.JDMTrapNum JDMTrapNum(int)'>
        <annotation name='com.intellij.inspections.tainted.annotation.equation.Equations'>
            <val val="{ &quot;JDMTrapNum := JDMTrapNum&quot;, &quot;id := ParserTreeConstants#JJTTRAPNUM &amp; #jjtCreate(int)#0&quot; }"/>
        </annotation>
    </item>
    <item name='com.sun.jmx.snmp.IPAcl.JJTParserState'>
        <annotation name='com.intellij.inspections.tainted.annotation.equation.Equations'>
            <val val="{ &quot;JJTParserState := &quot; }"/>
        </annotation>
    </item>
    <item name='com.sun.jmx.snmp.IPAcl.JJTParserState JJTParserState()'>
        <annotation name='com.intellij.inspections.tainted.annotation.equation.Equations'>
            <val val="{ &quot;JJTParserState := JJTParserState&quot; }"/>
        </annotation>
    </item>
    <item name='com.sun.jmx.snmp.IPAcl.JJTParserState int nodeArity()'>
        <annotation name='com.intellij.inspections.tainted.annotation.equation.Equations'>
            <val val="{ &quot;nodeArity := JJTParserState&quot; }"/>
        </annotation>
    </item>
    <item name='com.sun.jmx.snmp.IPAcl.JJTParserState void clearNodeScope(com.sun.jmx.snmp.IPAcl.Node)'>
        <annotation name='com.intellij.inspections.tainted.annotation.equation.Equations'>
            <val val="{ &quot;n := &quot; }"/>
        </annotation>
    </item>
    <item name='com.sun.jmx.snmp.IPAcl.JJTParserState void closeNodeScope(com.sun.jmx.snmp.IPAcl.Node, boolean)'>
        <annotation name='com.intellij.inspections.tainted.annotation.equation.Equations'>
            <val val="{ &quot;n := &quot; }"/>
        </annotation>
    </item>
    <item name='com.sun.jmx.snmp.IPAcl.JJTParserState void openNodeScope(com.sun.jmx.snmp.IPAcl.Node)'>
        <annotation name='com.intellij.inspections.tainted.annotation.equation.Equations'>
            <val val="{ &quot;n := &quot; }"/>
        </annotation>
    </item>
    <item name='com.sun.jmx.snmp.IPAcl.JJTParserState void pushNode(com.sun.jmx.snmp.IPAcl.Node)'>
        <annotation name='com.intellij.inspections.tainted.annotation.equation.Equations'>
            <val val="{ &quot;n := #closeNodeScope(com.sun.jmx.snmp.IPAcl.Node, int)#0 &amp; #closeNodeScope(com.sun.jmx.snmp.IPAcl.Node, boolean)#0&quot; }"/>
        </annotation>
    </item>
    <item name='com.sun.jmx.snmp.IPAcl.NetMaskImpl NetMaskImpl()'>
        <annotation name='com.intellij.inspections.tainted.annotation.equation.Equations'>
            <val val="{ &quot;NetMaskImpl := NetMaskImpl&quot; }"/>
        </annotation>
    </item>
    <item name='com.sun.jmx.snmp.IPAcl.NetMaskImpl NetMaskImpl(java.lang.String, int)'>
        <annotation name='com.intellij.inspections.tainted.annotation.equation.Equations'>
            <val val="{ &quot;NetMaskImpl := NetMaskImpl&quot; }"/>
        </annotation>
    </item>
    <item name='com.sun.jmx.snmp.IPAcl.NetMaskImpl byte[] extractSubNet(byte[])'>
        <annotation name='com.intellij.inspections.tainted.annotation.equation.Equations'>
            <val val="{ &quot;extractSubNet := b&quot; }"/>
        </annotation>
    </item>
    <item name='com.sun.jmx.snmp.IPAcl.NetMaskImpl java.lang.String toString()'>
        <annotation name='com.intellij.inspections.tainted.annotation.equation.Equations'>
            <val val="{ &quot;toString := NetMaskImpl&quot; }"/>
        </annotation>
    </item>
    <item name='com.sun.jmx.snmp.IPAcl.Node com.sun.jmx.snmp.IPAcl.Node jjtGetChild(int)'>
        <annotation name='com.intellij.inspections.tainted.annotation.equation.Equations'>
            <val val="{ &quot;jjtGetChild := SimpleNode#jjtGetChild(int)&quot;, &quot;i := SimpleNode#jjtGetChild(int)#0&quot; }"/>
        </annotation>
    </item>
    <item name='com.sun.jmx.snmp.IPAcl.Node com.sun.jmx.snmp.IPAcl.Node jjtGetParent()'>
        <annotation name='com.intellij.inspections.tainted.annotation.equation.Equations'>
            <val val="{ &quot;jjtGetParent := SimpleNode#jjtGetParent()&quot; }"/>
        </annotation>
    </item>
    <item name='com.sun.jmx.snmp.IPAcl.Node int jjtGetNumChildren()'>
        <annotation name='com.intellij.inspections.tainted.annotation.equation.Equations'>
            <val val="{ &quot;jjtGetNumChildren := SimpleNode#jjtGetNumChildren()&quot; }"/>
        </annotation>
    </item>
    <item name='com.sun.jmx.snmp.IPAcl.Node void jjtAddChild(com.sun.jmx.snmp.IPAcl.Node, int)'>
        <annotation name='com.intellij.inspections.tainted.annotation.equation.Equations'>
            <val val="{ &quot;n := SimpleNode#jjtAddChild(com.sun.jmx.snmp.IPAcl.Node, int)#0&quot;, &quot;i := JJTParserState#closeNodeScope(com.sun.jmx.snmp.IPAcl.Node, int)#1 &amp; SimpleNode#jjtAddChild(com.sun.jmx.snmp.IPAcl.Node, int)#1&quot; }"/>
        </annotation>
    </item>
    <item name='com.sun.jmx.snmp.IPAcl.Node void jjtSetParent(com.sun.jmx.snmp.IPAcl.Node)'>
        <annotation name='com.intellij.inspections.tainted.annotation.equation.Equations'>
            <val val="{ &quot;n := SimpleNode#jjtSetParent(com.sun.jmx.snmp.IPAcl.Node)#0&quot; }"/>
        </annotation>
    </item>
    <item name='com.sun.jmx.snmp.IPAcl.OwnerImpl OwnerImpl()'>
        <annotation name='com.intellij.inspections.tainted.annotation.equation.Equations'>
            <val val="{ &quot;OwnerImpl := OwnerImpl&quot; }"/>
        </annotation>
    </item>
    <item name='com.sun.jmx.snmp.IPAcl.OwnerImpl OwnerImpl(com.sun.jmx.snmp.IPAcl.PrincipalImpl)'>
        <annotation name='com.intellij.inspections.tainted.annotation.equation.Equations'>
            <val val="{ &quot;owner := AclImpl#AclImpl(com.sun.jmx.snmp.IPAcl.PrincipalImpl, java.lang.String)#0&quot;, &quot;OwnerImpl := OwnerImpl&quot; }"/>
        </annotation>
    </item>
    <item name='com.sun.jmx.snmp.IPAcl.ParseError ParseError(java.lang.String)'>
        <annotation name='com.intellij.inspections.tainted.annotation.equation.Equations'>
            <val val="{ &quot;ParseError := ParseError&quot; }"/>
        </annotation>
    </item>
    <item name='com.sun.jmx.snmp.IPAcl.ParseException'>
        <annotation name='com.intellij.inspections.tainted.annotation.equation.Equations'>
            <val val="{ &quot;ParseException := &quot; }"/>
        </annotation>
    </item>
    <item name='com.sun.jmx.snmp.IPAcl.ParseException ParseException()'>
        <annotation name='com.intellij.inspections.tainted.annotation.equation.Equations'>
            <val val="{ &quot;ParseException := ParseException&quot; }"/>
        </annotation>
    </item>
    <item name='com.sun.jmx.snmp.IPAcl.ParseException ParseException(com.sun.jmx.snmp.IPAcl.Token, int[][], java.lang.String[])'>
        <annotation name='com.intellij.inspections.tainted.annotation.equation.Equations'>
            <val val="{ &quot;ParseException := ParseException&quot;, &quot;currentTokenVal := Parser&quot;, &quot;tokenImageVal := ParserConstants#tokenImage&quot; }"/>
        </annotation>
    </item>
    <item name='com.sun.jmx.snmp.IPAcl.ParseException ParseException(java.lang.String)'>
        <annotation name='com.intellij.inspections.tainted.annotation.equation.Equations'>
            <val val="{ &quot;ParseException := ParseException&quot; }"/>
        </annotation>
    </item>
    <item name='com.sun.jmx.snmp.IPAcl.ParseException java.lang.String getMessage()'>
        <annotation name='com.intellij.inspections.tainted.annotation.equation.Equations'>
            <val val="{ &quot;getMessage := ParseException&quot; }"/>
        </annotation>
    </item>
    <item name='com.sun.jmx.snmp.IPAcl.Parser'>
        <annotation name='com.intellij.inspections.tainted.annotation.equation.Equations'>
            <val val="{ &quot;Parser := Parser &amp; #jj_2_1(int)#0 &amp; #jj_2_2(int)#0 &amp; #jj_2_3(int)#0 &amp; #ReInit(com.sun.jmx.snmp.IPAcl.ParserTokenManager)#0&quot; }"/>
        </annotation>
    </item>
    <item name='com.sun.jmx.snmp.IPAcl.Parser Parser(com.sun.jmx.snmp.IPAcl.ParserTokenManager)'>
        <annotation name='com.intellij.inspections.tainted.annotation.equation.Equations'>
            <val val="{ &quot;Parser := Parser&quot; }"/>
        </annotation>
    </item>
    <item name='com.sun.jmx.snmp.IPAcl.Parser Parser(java.io.InputStream)'>
        <annotation name='com.intellij.inspections.tainted.annotation.equation.Equations'>
            <val val="{ &quot;Parser := Parser&quot;, &quot;stream := &quot; }"/>
        </annotation>
    </item>
    <item name='com.sun.jmx.snmp.IPAcl.Parser Parser(java.io.Reader)'>
        <annotation name='com.intellij.inspections.tainted.annotation.equation.Equations'>
            <val val="{ &quot;Parser := Parser&quot; }"/>
        </annotation>
    </item>
    <item name='com.sun.jmx.snmp.IPAcl.Parser boolean jj_scan_token(int)'>
        <annotation name='com.intellij.inspections.tainted.annotation.equation.Equations'>
            <val val="{ &quot;kind := ParserConstants#INTEGER_LITERAL &amp; ParserConstants#DOT &amp; ParserConstants#V6_ADDRESS &amp; ParserConstants#MASK&quot; }"/>
        </annotation>
    </item>
    <item name='com.sun.jmx.snmp.IPAcl.Parser com.sun.jmx.snmp.IPAcl.Token getNextToken()'>
        <annotation name='com.intellij.inspections.tainted.annotation.equation.Equations'>
            <val val="{ &quot;getNextToken := Parser&quot; }"/>
        </annotation>
    </item>
    <item name='com.sun.jmx.snmp.IPAcl.Parser com.sun.jmx.snmp.IPAcl.Token getToken(int)'>
        <annotation name='com.intellij.inspections.tainted.annotation.equation.Equations'>
            <val val="{ &quot;getToken := Parser&quot; }"/>
        </annotation>
    </item>
    <item name='com.sun.jmx.snmp.IPAcl.Parser com.sun.jmx.snmp.IPAcl.Token jj_consume_token(int)'>
        <annotation name='com.intellij.inspections.tainted.annotation.equation.Equations'>
            <val val="{ &quot;jj_consume_token := Parser&quot;, &quot;kind := ParserConstants#ACL &amp; ParserConstants#ASSIGN &amp; ParserConstants#LBRACE &amp; ParserConstants#RBRACE &amp; ParserConstants#IDENTIFIER &amp; ParserConstants#MANAGERS &amp; ParserConstants#COMMA &amp; ParserConstants#DOT &amp; ParserConstants#INTEGER_LITERAL &amp; ParserConstants#V6_ADDRESS &amp; ParserConstants#MARK &amp; ParserConstants#MASK &amp; ParserConstants#TRAP &amp; ParserConstants#HOSTS &amp; ParserConstants#ENTERPRISE &amp; ParserConstants#CSTRING &amp; ParserConstants#TRAPNUM &amp; ParserConstants#RANGE &amp; ParserConstants#INFORM &amp; ParserConstants#COMMUNITIES &amp; ParserConstants#ACCESS &amp; ParserConstants#RO &amp; ParserConstants#RW &amp; ParserConstants#TRAPCOMMUNITY &amp; ParserConstants#INFORMCOMMUNITY&quot; }"/>
        </annotation>
    </item>
    <item name='com.sun.jmx.snmp.IPAcl.Parser int jj_ntk()'>
        <annotation name='com.intellij.inspections.tainted.annotation.equation.Equations'>
            <val val="{ &quot;jj_ntk := Parser&quot; }"/>
        </annotation>
    </item>
    <item name='com.sun.jmx.snmp.IPAcl.Parser void jj_add_error_token(int, int)'>
        <annotation name='com.intellij.inspections.tainted.annotation.equation.Equations'>
            <val val="{ &quot;kind := #jj_scan_token(int)#0&quot; }"/>
        </annotation>
    </item>
    <item name='com.sun.jmx.snmp.IPAcl.Parser void jj_save(int, int)'>
        <annotation name='com.intellij.inspections.tainted.annotation.equation.Equations'>
            <val val="{ &quot;xla := #jj_2_1(int)#0 &amp; #jj_2_2(int)#0 &amp; #jj_2_3(int)#0&quot; }"/>
        </annotation>
    </item>
    <item name='com.sun.jmx.snmp.IPAcl.ParserTokenManager'>
        <annotation name='com.intellij.inspections.tainted.annotation.equation.Equations'>
            <val val="{ &quot;ParserTokenManager := #jjnextStates&quot; }"/>
        </annotation>
    </item>
    <item name='com.sun.jmx.snmp.IPAcl.ParserTokenManager ParserTokenManager(com.sun.jmx.snmp.IPAcl.ASCII_CharStream)'>
        <annotation name='com.intellij.inspections.tainted.annotation.equation.Equations'>
            <val val="{ &quot;ParserTokenManager := ParserTokenManager&quot;, &quot;stream := Parser &amp; #ParserTokenManager(com.sun.jmx.snmp.IPAcl.ASCII_CharStream, int)#0&quot; }"/>
        </annotation>
    </item>
    <item name='com.sun.jmx.snmp.IPAcl.ParserTokenManager ParserTokenManager(com.sun.jmx.snmp.IPAcl.ASCII_CharStream, int)'>
        <annotation name='com.intellij.inspections.tainted.annotation.equation.Equations'>
            <val val="{ &quot;ParserTokenManager := ParserTokenManager&quot; }"/>
        </annotation>
    </item>
    <item name='com.sun.jmx.snmp.IPAcl.ParserTokenManager int jjMoveNfa_0(int, int)'>
        <annotation name='com.intellij.inspections.tainted.annotation.equation.Equations'>
            <val val="{ &quot;jjMoveNfa_0 := curPos&quot;, &quot;startState := #jjStartNfaWithStates_0(int, int, int)#2&quot;, &quot;curPos := #jjStartNfa_0(int, long)#0 &amp; #jjStartNfaWithStates_0(int, int, int)#0&quot; }"/>
        </annotation>
    </item>
    <item name='com.sun.jmx.snmp.IPAcl.ParserTokenManager int jjMoveStringLiteralDfa10_0(long, long)'>
        <annotation name='com.intellij.inspections.tainted.annotation.equation.Equations'>
            <val val="{ &quot;old0 := #jjMoveStringLiteralDfa9_0(long, long)#1 &amp; #jjMoveStringLiteralDfa9_0(long, long)#0&quot; }"/>
        </annotation>
    </item>
    <item name='com.sun.jmx.snmp.IPAcl.ParserTokenManager int jjMoveStringLiteralDfa11_0(long, long)'>
        <annotation name='com.intellij.inspections.tainted.annotation.equation.Equations'>
            <val val="{ &quot;old0 := #jjMoveStringLiteralDfa10_0(long, long)#1 &amp; #jjMoveStringLiteralDfa10_0(long, long)#0&quot; }"/>
        </annotation>
    </item>
    <item name='com.sun.jmx.snmp.IPAcl.ParserTokenManager int jjMoveStringLiteralDfa12_0(long, long)'>
        <annotation name='com.intellij.inspections.tainted.annotation.equation.Equations'>
            <val val="{ &quot;old0 := #jjMoveStringLiteralDfa11_0(long, long)#1 &amp; #jjMoveStringLiteralDfa11_0(long, long)#0&quot; }"/>
        </annotation>
    </item>
    <item name='com.sun.jmx.snmp.IPAcl.ParserTokenManager int jjMoveStringLiteralDfa13_0(long, long)'>
        <annotation name='com.intellij.inspections.tainted.annotation.equation.Equations'>
            <val val="{ &quot;old0 := #jjMoveStringLiteralDfa12_0(long, long)#1 &amp; #jjMoveStringLiteralDfa12_0(long, long)#0&quot; }"/>
        </annotation>
    </item>
    <item name='com.sun.jmx.snmp.IPAcl.ParserTokenManager int jjMoveStringLiteralDfa14_0(long, long)'>
        <annotation name='com.intellij.inspections.tainted.annotation.equation.Equations'>
            <val val="{ &quot;old0 := #jjMoveStringLiteralDfa13_0(long, long)#1 &amp; #jjMoveStringLiteralDfa13_0(long, long)#0&quot; }"/>
        </annotation>
    </item>
    <item name='com.sun.jmx.snmp.IPAcl.ParserTokenManager int jjMoveStringLiteralDfa15_0(long, long)'>
        <annotation name='com.intellij.inspections.tainted.annotation.equation.Equations'>
            <val val="{ &quot;old0 := #jjMoveStringLiteralDfa14_0(long, long)#1 &amp; #jjMoveStringLiteralDfa14_0(long, long)#0&quot; }"/>
        </annotation>
    </item>
    <item name='com.sun.jmx.snmp.IPAcl.ParserTokenManager int jjMoveStringLiteralDfa2_0(long, long)'>
        <annotation name='com.intellij.inspections.tainted.annotation.equation.Equations'>
            <val val="{ &quot;old0 := #jjMoveStringLiteralDfa1_0(long)#0&quot; }"/>
        </annotation>
    </item>
    <item name='com.sun.jmx.snmp.IPAcl.ParserTokenManager int jjMoveStringLiteralDfa3_0(long, long)'>
        <annotation name='com.intellij.inspections.tainted.annotation.equation.Equations'>
            <val val="{ &quot;old0 := #jjMoveStringLiteralDfa2_0(long, long)#1 &amp; #jjMoveStringLiteralDfa2_0(long, long)#0&quot; }"/>
        </annotation>
    </item>
    <item name='com.sun.jmx.snmp.IPAcl.ParserTokenManager int jjMoveStringLiteralDfa4_0(long, long)'>
        <annotation name='com.intellij.inspections.tainted.annotation.equation.Equations'>
            <val val="{ &quot;old0 := #jjMoveStringLiteralDfa3_0(long, long)#1 &amp; #jjMoveStringLiteralDfa3_0(long, long)#0&quot; }"/>
        </annotation>
    </item>
    <item name='com.sun.jmx.snmp.IPAcl.ParserTokenManager int jjMoveStringLiteralDfa5_0(long, long)'>
        <annotation name='com.intellij.inspections.tainted.annotation.equation.Equations'>
            <val val="{ &quot;old0 := #jjMoveStringLiteralDfa4_0(long, long)#1 &amp; #jjMoveStringLiteralDfa4_0(long, long)#0&quot; }"/>
        </annotation>
    </item>
    <item name='com.sun.jmx.snmp.IPAcl.ParserTokenManager int jjMoveStringLiteralDfa6_0(long, long)'>
        <annotation name='com.intellij.inspections.tainted.annotation.equation.Equations'>
            <val val="{ &quot;old0 := #jjMoveStringLiteralDfa5_0(long, long)#1 &amp; #jjMoveStringLiteralDfa5_0(long, long)#0&quot; }"/>
        </annotation>
    </item>
    <item name='com.sun.jmx.snmp.IPAcl.ParserTokenManager int jjMoveStringLiteralDfa7_0(long, long)'>
        <annotation name='com.intellij.inspections.tainted.annotation.equation.Equations'>
            <val val="{ &quot;old0 := #jjMoveStringLiteralDfa6_0(long, long)#1 &amp; #jjMoveStringLiteralDfa6_0(long, long)#0&quot; }"/>
        </annotation>
    </item>
    <item name='com.sun.jmx.snmp.IPAcl.ParserTokenManager int jjMoveStringLiteralDfa8_0(long, long)'>
        <annotation name='com.intellij.inspections.tainted.annotation.equation.Equations'>
            <val val="{ &quot;old0 := #jjMoveStringLiteralDfa7_0(long, long)#1 &amp; #jjMoveStringLiteralDfa7_0(long, long)#0&quot; }"/>
        </annotation>
    </item>
    <item name='com.sun.jmx.snmp.IPAcl.ParserTokenManager int jjMoveStringLiteralDfa9_0(long, long)'>
        <annotation name='com.intellij.inspections.tainted.annotation.equation.Equations'>
            <val val="{ &quot;old0 := #jjMoveStringLiteralDfa8_0(long, long)#1 &amp; #jjMoveStringLiteralDfa8_0(long, long)#0&quot; }"/>
        </annotation>
    </item>
    <item name='com.sun.jmx.snmp.IPAcl.ParserTokenManager int jjStartNfaWithStates_0(int, int, int)'>
        <annotation name='com.intellij.inspections.tainted.annotation.equation.Equations'>
            <val val="{ &quot;jjStartNfaWithStates_0 := pos&quot; }"/>
        </annotation>
    </item>
    <item name='com.sun.jmx.snmp.IPAcl.ParserTokenManager int jjStartNfa_0(int, long)'>
        <annotation name='com.intellij.inspections.tainted.annotation.equation.Equations'>
            <val val="{ &quot;active0 := #jjMoveStringLiteralDfa1_0(long)#0 &amp; #jjMoveStringLiteralDfa2_0(long, long)#0 &amp; #jjMoveStringLiteralDfa2_0(long, long)#1 &amp; #jjMoveStringLiteralDfa3_0(long, long)#0 &amp; #jjMoveStringLiteralDfa3_0(long, long)#1 &amp; #jjMoveStringLiteralDfa4_0(long, long)#0 &amp; #jjMoveStringLiteralDfa4_0(long, long)#1 &amp; #jjMoveStringLiteralDfa5_0(long, long)#0 &amp; #jjMoveStringLiteralDfa5_0(long, long)#1 &amp; #jjMoveStringLiteralDfa6_0(long, long)#0 &amp; #jjMoveStringLiteralDfa6_0(long, long)#1 &amp; #jjMoveStringLiteralDfa7_0(long, long)#0 &amp; #jjMoveStringLiteralDfa7_0(long, long)#1 &amp; #jjMoveStringLiteralDfa8_0(long, long)#0 &amp; #jjMoveStringLiteralDfa8_0(long, long)#1 &amp; #jjMoveStringLiteralDfa9_0(long, long)#0 &amp; #jjMoveStringLiteralDfa9_0(long, long)#1 &amp; #jjMoveStringLiteralDfa10_0(long, long)#0 &amp; #jjMoveStringLiteralDfa10_0(long, long)#1 &amp; #jjMoveStringLiteralDfa11_0(long, long)#0 &amp; #jjMoveStringLiteralDfa11_0(long, long)#1 &amp; #jjMoveStringLiteralDfa12_0(long, long)#0 &amp; #jjMoveStringLiteralDfa12_0(long, long)#1 &amp; #jjMoveStringLiteralDfa13_0(long, long)#0 &amp; #jjMoveStringLiteralDfa13_0(long, long)#1 &amp; #jjMoveStringLiteralDfa14_0(long, long)#0 &amp; #jjMoveStringLiteralDfa14_0(long, long)#1 &amp; #jjMoveStringLiteralDfa15_0(long, long)#0 &amp; #jjMoveStringLiteralDfa15_0(long, long)#1&quot; }"/>
        </annotation>
    </item>
    <item name='com.sun.jmx.snmp.IPAcl.ParserTokenManager int jjStopAtPos(int, int)'>
        <annotation name='com.intellij.inspections.tainted.annotation.equation.Equations'>
            <val val="{ &quot;jjStopAtPos := pos&quot; }"/>
        </annotation>
    </item>
    <item name='com.sun.jmx.snmp.IPAcl.ParserTokenManager int jjStopStringLiteralDfa_0(int, long)'>
        <annotation name='com.intellij.inspections.tainted.annotation.equation.Equations'>
            <val val="{ &quot;pos := #jjStartNfa_0(int, long)#0&quot;, &quot;active0 := #jjStartNfa_0(int, long)#1 &amp; #jjMoveStringLiteralDfa1_0(long)#0 &amp; #jjMoveStringLiteralDfa2_0(long, long)#1 &amp; #jjMoveStringLiteralDfa2_0(long, long)#0 &amp; #jjMoveStringLiteralDfa3_0(long, long)#1 &amp; #jjMoveStringLiteralDfa3_0(long, long)#0 &amp; #jjMoveStringLiteralDfa4_0(long, long)#1 &amp; #jjMoveStringLiteralDfa4_0(long, long)#0 &amp; #jjMoveStringLiteralDfa5_0(long, long)#1 &amp; #jjMoveStringLiteralDfa5_0(long, long)#0 &amp; #jjMoveStringLiteralDfa6_0(long, long)#1 &amp; #jjMoveStringLiteralDfa6_0(long, long)#0 &amp; #jjMoveStringLiteralDfa7_0(long, long)#1 &amp; #jjMoveStringLiteralDfa7_0(long, long)#0 &amp; #jjMoveStringLiteralDfa8_0(long, long)#1 &amp; #jjMoveStringLiteralDfa8_0(long, long)#0 &amp; #jjMoveStringLiteralDfa9_0(long, long)#1 &amp; #jjMoveStringLiteralDfa9_0(long, long)#0 &amp; #jjMoveStringLiteralDfa10_0(long, long)#1 &amp; #jjMoveStringLiteralDfa10_0(long, long)#0 &amp; #jjMoveStringLiteralDfa11_0(long, long)#1 &amp; #jjMoveStringLiteralDfa11_0(long, long)#0 &amp; #jjMoveStringLiteralDfa12_0(long, long)#1 &amp; #jjMoveStringLiteralDfa12_0(long, long)#0 &amp; #jjMoveStringLiteralDfa13_0(long, long)#1 &amp; #jjMoveStringLiteralDfa13_0(long, long)#0 &amp; #jjMoveStringLiteralDfa14_0(long, long)#1 &amp; #jjMoveStringLiteralDfa14_0(long, long)#0 &amp; #jjMoveStringLiteralDfa15_0(long, long)#1 &amp; #jjMoveStringLiteralDfa15_0(long, long)#0&quot; }"/>
        </annotation>
    </item>
    <item name='com.sun.jmx.snmp.IPAcl.ParserTokenManager void ReInit(com.sun.jmx.snmp.IPAcl.ASCII_CharStream)'>
        <annotation name='com.intellij.inspections.tainted.annotation.equation.Equations'>
            <val val="{ &quot;stream := Parser &amp; #ReInit(com.sun.jmx.snmp.IPAcl.ASCII_CharStream, int)#0&quot; }"/>
        </annotation>
    </item>
    <item name='com.sun.jmx.snmp.IPAcl.ParserTokenManager void SwitchTo(int)'>
        <annotation name='com.intellij.inspections.tainted.annotation.equation.Equations'>
            <val val="{ &quot;lexState := #ReInit(com.sun.jmx.snmp.IPAcl.ASCII_CharStream, int)#1 &amp; #ParserTokenManager(com.sun.jmx.snmp.IPAcl.ASCII_CharStream, int)#1&quot; }"/>
        </annotation>
    </item>
    <item name='com.sun.jmx.snmp.IPAcl.ParserTokenManager void jjCheckNAdd(int)'>
        <annotation name='com.intellij.inspections.tainted.annotation.equation.Equations'>
            <val val="{ &quot;state := #jjCheckNAddTwoStates(int, int)#0 &amp; #jjCheckNAddTwoStates(int, int)#1 &amp; #jjnextStates&quot; }"/>
        </annotation>
    </item>
    <item name='com.sun.jmx.snmp.IPAcl.PermissionImpl PermissionImpl(java.lang.String)'>
        <annotation name='com.intellij.inspections.tainted.annotation.equation.Equations'>
            <val val="{ &quot;PermissionImpl := PermissionImpl&quot; }"/>
        </annotation>
    </item>
    <item name='com.sun.jmx.snmp.IPAcl.PermissionImpl java.lang.String getString()'>
        <annotation name='com.intellij.inspections.tainted.annotation.equation.Equations'>
            <val val="{ &quot;getString := PermissionImpl&quot; }"/>
        </annotation>
    </item>
    <item name='com.sun.jmx.snmp.IPAcl.PermissionImpl java.lang.String toString()'>
        <annotation name='com.intellij.inspections.tainted.annotation.equation.Equations'>
            <val val="{ &quot;toString := PermissionImpl&quot; }"/>
        </annotation>
    </item>
    <item name='com.sun.jmx.snmp.IPAcl.PrincipalImpl PrincipalImpl()'>
        <annotation name='com.intellij.inspections.tainted.annotation.equation.Equations'>
            <val val="{ &quot;PrincipalImpl := PrincipalImpl&quot; }"/>
        </annotation>
    </item>
    <item name='com.sun.jmx.snmp.IPAcl.PrincipalImpl PrincipalImpl(java.lang.String)'>
        <annotation name='com.intellij.inspections.tainted.annotation.equation.Equations'>
            <val val="{ &quot;PrincipalImpl := PrincipalImpl&quot;, &quot;hostName := GroupImpl#GroupImpl(java.lang.String)#0 &amp; NetMaskImpl#NetMaskImpl(java.lang.String, int)#0&quot; }"/>
        </annotation>
    </item>
    <item name='com.sun.jmx.snmp.IPAcl.PrincipalImpl PrincipalImpl(java.net.InetAddress)'>
        <annotation name='com.intellij.inspections.tainted.annotation.equation.Equations'>
            <val val="{ &quot;address := SnmpAcl#checkReadPermission(java.net.InetAddress)#0 &amp; SnmpAcl#checkReadPermission(java.net.InetAddress, java.lang.String)#0 &amp; SnmpAcl#checkWritePermission(java.net.InetAddress)#0 &amp; SnmpAcl#checkWritePermission(java.net.InetAddress, java.lang.String)#0&quot;, &quot;PrincipalImpl := PrincipalImpl&quot; }"/>
        </annotation>
    </item>
    <item name='com.sun.jmx.snmp.IPAcl.PrincipalImpl boolean equals(java.lang.Object)'>
        <annotation name='com.intellij.inspections.tainted.annotation.equation.Equations'>
            <val val="{ &quot;a := NetMaskImpl#equals(java.lang.Object)#0 &amp; GroupImpl#equals(java.lang.Object)#0&quot; }"/>
        </annotation>
    </item>
    <item name='com.sun.jmx.snmp.IPAcl.PrincipalImpl int hashCode()'>
        <annotation name='com.intellij.inspections.tainted.annotation.equation.Equations'>
            <val val="{ &quot;hashCode := GroupImpl#hashCode() &amp; NetMaskImpl#hashCode()&quot; }"/>
        </annotation>
    </item>
    <item name='com.sun.jmx.snmp.IPAcl.PrincipalImpl java.lang.String toString()'>
        <annotation name='com.intellij.inspections.tainted.annotation.equation.Equations'>
            <val val="{ &quot;toString := NetMaskImpl#toString() &amp; GroupImpl#toString()&quot; }"/>
        </annotation>
    </item>
    <item name='com.sun.jmx.snmp.IPAcl.PrincipalImpl java.net.InetAddress getAddress()'>
        <annotation name='com.intellij.inspections.tainted.annotation.equation.Equations'>
            <val val="{ &quot;getAddress := PrincipalImpl&quot; }"/>
        </annotation>
    </item>
    <item name='com.sun.jmx.snmp.IPAcl.PrincipalImpl java.net.InetAddress[] getAddresses()'>
        <annotation name='com.intellij.inspections.tainted.annotation.equation.Equations'>
            <val val="{ &quot;getAddresses := PrincipalImpl&quot; }"/>
        </annotation>
    </item>
    <item name='com.sun.jmx.snmp.IPAcl.SimpleNode'>
        <annotation name='com.intellij.inspections.tainted.annotation.equation.Equations'>
            <val val="{ &quot;SimpleNode := #jjtSetParent(com.sun.jmx.snmp.IPAcl.Node)#0 &amp; #jjtAddChild(com.sun.jmx.snmp.IPAcl.Node, int)#0&quot; }"/>
        </annotation>
    </item>
    <item name='com.sun.jmx.snmp.IPAcl.SimpleNode SimpleNode(com.sun.jmx.snmp.IPAcl.Parser, int)'>
        <annotation name='com.intellij.inspections.tainted.annotation.equation.Equations'>
            <val val="{ &quot;p := Host#Host(com.sun.jmx.snmp.IPAcl.Parser, int)#0 &amp; JDMHost#JDMHost(com.sun.jmx.snmp.IPAcl.Parser, int)#0 &amp; JDMAccess#JDMAccess(com.sun.jmx.snmp.IPAcl.Parser, int)#0 &amp; JDMAclItem#JDMAclItem(com.sun.jmx.snmp.IPAcl.Parser, int)#0 &amp; JDMTrapNum#JDMTrapNum(com.sun.jmx.snmp.IPAcl.Parser, int)#0 &amp; #jjtCreate(com.sun.jmx.snmp.IPAcl.Parser, int)#0 &amp; JDMAclBlock#JDMAclBlock(com.sun.jmx.snmp.IPAcl.Parser, int)#0 &amp; JDMManagers#JDMManagers(com.sun.jmx.snmp.IPAcl.Parser, int)#0 &amp; JDMHostTrap#JDMHostTrap(com.sun.jmx.snmp.IPAcl.Parser, int)#0 &amp; JDMTrapItem#JDMTrapItem(com.sun.jmx.snmp.IPAcl.Parser, int)#0 &amp; JDMCommunity#JDMCommunity(com.sun.jmx.snmp.IPAcl.Parser, int)#0 &amp; JDMTrapBlock#JDMTrapBlock(com.sun.jmx.snmp.IPAcl.Parser, int)#0 &amp; JDMEnterprise#JDMEnterprise(com.sun.jmx.snmp.IPAcl.Parser, int)#0 &amp; JDMHostInform#JDMHostInform(com.sun.jmx.snmp.IPAcl.Parser, int)#0 &amp; JDMInformItem#JDMInformItem(com.sun.jmx.snmp.IPAcl.Parser, int)#0 &amp; JDMCommunities#JDMCommunities(com.sun.jmx.snmp.IPAcl.Parser, int)#0 &amp; JDMInformBlock#JDMInformBlock(com.sun.jmx.snmp.IPAcl.Parser, int)#0 &amp; JDMSecurityDefs#JDMSecurityDefs(com.sun.jmx.snmp.IPAcl.Parser, int)#0 &amp; JDMTrapCommunity#JDMTrapCommunity(com.sun.jmx.snmp.IPAcl.Parser, int)#0 &amp; JDMInformCommunity#JDMInformCommunity(com.sun.jmx.snmp.IPAcl.Parser, int)#0 &amp; JDMTrapInterestedHost#JDMTrapInterestedHost(com.sun.jmx.snmp.IPAcl.Parser, int)#0 &amp; JDMInformInterestedHost#JDMInformInterestedHost(com.sun.jmx.snmp.IPAcl.Parser, int)#0&quot;, &quot;SimpleNode := SimpleNode&quot;, &quot;i := Host#Host(com.sun.jmx.snmp.IPAcl.Parser, int)#1 &amp; JDMHost#JDMHost(com.sun.jmx.snmp.IPAcl.Parser, int)#1 &amp; JDMAccess#JDMAccess(com.sun.jmx.snmp.IPAcl.Parser, int)#1 &amp; JDMAclItem#JDMAclItem(com.sun.jmx.snmp.IPAcl.Parser, int)#1 &amp; JDMTrapNum#JDMTrapNum(com.sun.jmx.snmp.IPAcl.Parser, int)#1 &amp; #jjtCreate(com.sun.jmx.snmp.IPAcl.Parser, int)#1 &amp; JDMAclBlock#JDMAclBlock(com.sun.jmx.snmp.IPAcl.Parser, int)#1 &amp; JDMManagers#JDMManagers(com.sun.jmx.snmp.IPAcl.Parser, int)#1 &amp; JDMHostTrap#JDMHostTrap(com.sun.jmx.snmp.IPAcl.Parser, int)#1 &amp; JDMTrapItem#JDMTrapItem(com.sun.jmx.snmp.IPAcl.Parser, int)#1 &amp; JDMCommunity#JDMCommunity(com.sun.jmx.snmp.IPAcl.Parser, int)#1 &amp; JDMTrapBlock#JDMTrapBlock(com.sun.jmx.snmp.IPAcl.Parser, int)#1 &amp; JDMEnterprise#JDMEnterprise(com.sun.jmx.snmp.IPAcl.Parser, int)#1 &amp; JDMHostInform#JDMHostInform(com.sun.jmx.snmp.IPAcl.Parser, int)#1 &amp; JDMInformItem#JDMInformItem(com.sun.jmx.snmp.IPAcl.Parser, int)#1 &amp; JDMCommunities#JDMCommunities(com.sun.jmx.snmp.IPAcl.Parser, int)#1 &amp; JDMInformBlock#JDMInformBlock(com.sun.jmx.snmp.IPAcl.Parser, int)#1 &amp; JDMSecurityDefs#JDMSecurityDefs(com.sun.jmx.snmp.IPAcl.Parser, int)#1 &amp; JDMTrapCommunity#JDMTrapCommunity(com.sun.jmx.snmp.IPAcl.Parser, int)#1 &amp; JDMInformCommunity#JDMInformCommunity(com.sun.jmx.snmp.IPAcl.Parser, int)#1 &amp; JDMTrapInterestedHost#JDMTrapInterestedHost(com.sun.jmx.snmp.IPAcl.Parser, int)#1 &amp; JDMInformInterestedHost#JDMInformInterestedHost(com.sun.jmx.snmp.IPAcl.Parser, int)#1&quot; }"/>
        </annotation>
    </item>
    <item name='com.sun.jmx.snmp.IPAcl.SimpleNode SimpleNode(int)'>
        <annotation name='com.intellij.inspections.tainted.annotation.equation.Equations'>
            <val val="{ &quot;i := Host#Host(int)#0 &amp; JDMHost#JDMHost(int)#0 &amp; JDMAccess#JDMAccess(int)#0 &amp; JDMAclItem#JDMAclItem(int)#0 &amp; JDMTrapNum#JDMTrapNum(int)#0 &amp; #SimpleNode(com.sun.jmx.snmp.IPAcl.Parser, int)#1 &amp; #jjtCreate(int)#0 &amp; JDMAclBlock#JDMAclBlock(int)#0 &amp; JDMManagers#JDMManagers(int)#0 &amp; JDMHostTrap#JDMHostTrap(int)#0 &amp; JDMTrapItem#JDMTrapItem(int)#0 &amp; JDMCommunity#JDMCommunity(int)#0 &amp; JDMTrapBlock#JDMTrapBlock(int)#0 &amp; JDMEnterprise#JDMEnterprise(int)#0 &amp; JDMHostInform#JDMHostInform(int)#0 &amp; JDMInformItem#JDMInformItem(int)#0 &amp; JDMCommunities#JDMCommunities(int)#0 &amp; JDMInformBlock#JDMInformBlock(int)#0 &amp; JDMSecurityDefs#JDMSecurityDefs(int)#0 &amp; JDMTrapCommunity#JDMTrapCommunity(int)#0 &amp; JDMInformCommunity#JDMInformCommunity(int)#0 &amp; JDMTrapInterestedHost#JDMTrapInterestedHost(int)#0 &amp; JDMInformInterestedHost#JDMInformInterestedHost(int)#0&quot;, &quot;SimpleNode := SimpleNode&quot; }"/>
        </annotation>
    </item>
    <item name='com.sun.jmx.snmp.IPAcl.SimpleNode com.sun.jmx.snmp.IPAcl.Node jjtGetChild(int)'>
        <annotation name='com.intellij.inspections.tainted.annotation.equation.Equations'>
            <val val="{ &quot;jjtGetChild := SimpleNode&quot; }"/>
        </annotation>
    </item>
    <item name='com.sun.jmx.snmp.IPAcl.SimpleNode com.sun.jmx.snmp.IPAcl.Node jjtGetParent()'>
        <annotation name='com.intellij.inspections.tainted.annotation.equation.Equations'>
            <val val="{ &quot;jjtGetParent := SimpleNode&quot; }"/>
        </annotation>
    </item>
    <item name='com.sun.jmx.snmp.IPAcl.SimpleNode int jjtGetNumChildren()'>
        <annotation name='com.intellij.inspections.tainted.annotation.equation.Equations'>
            <val val="{ &quot;jjtGetNumChildren := SimpleNode&quot; }"/>
        </annotation>
    </item>
    <item name='com.sun.jmx.snmp.IPAcl.SimpleNode java.lang.String toString()'>
        <annotation name='com.intellij.inspections.tainted.annotation.equation.Equations'>
            <val val="{ &quot;toString := ParserTreeConstants#jjtNodeName&quot; }"/>
        </annotation>
    </item>
    <item name='com.sun.jmx.snmp.IPAcl.SimpleNode java.lang.String toString(java.lang.String)'>
        <annotation name='com.intellij.inspections.tainted.annotation.equation.Equations'>
            <val val="{ &quot;toString := prefix&quot; }"/>
        </annotation>
    </item>
    <item name='com.sun.jmx.snmp.IPAcl.SimpleNode void buildAclEntries(com.sun.jmx.snmp.IPAcl.PrincipalImpl, com.sun.jmx.snmp.IPAcl.AclImpl)'>
        <annotation name='com.intellij.inspections.tainted.annotation.equation.Equations'>
            <val val="{ &quot;acl := Host#buildAclEntries(com.sun.jmx.snmp.IPAcl.PrincipalImpl, com.sun.jmx.snmp.IPAcl.AclImpl)#1 &amp; JDMInformBlock#buildAclEntries(com.sun.jmx.snmp.IPAcl.PrincipalImpl, com.sun.jmx.snmp.IPAcl.AclImpl)#1 &amp; JDMTrapBlock#buildAclEntries(com.sun.jmx.snmp.IPAcl.PrincipalImpl, com.sun.jmx.snmp.IPAcl.AclImpl)#1&quot;, &quot;owner := Host#buildAclEntries(com.sun.jmx.snmp.IPAcl.PrincipalImpl, com.sun.jmx.snmp.IPAcl.AclImpl)#0 &amp; JDMInformBlock#buildAclEntries(com.sun.jmx.snmp.IPAcl.PrincipalImpl, com.sun.jmx.snmp.IPAcl.AclImpl)#0 &amp; JDMTrapBlock#buildAclEntries(com.sun.jmx.snmp.IPAcl.PrincipalImpl, com.sun.jmx.snmp.IPAcl.AclImpl)#0&quot; }"/>
        </annotation>
    </item>
    <item name='com.sun.jmx.snmp.IPAcl.SimpleNode void buildInformEntries(java.util.Hashtable&lt;java.net.InetAddress,java.util.Vector&lt;java.lang.String&gt;&gt;)'>
        <annotation name='com.intellij.inspections.tainted.annotation.equation.Equations'>
            <val val="{ &quot;dest := Host#buildInformEntries(java.util.Hashtable)#0 &amp; JDMAclBlock#buildInformEntries(java.util.Hashtable)#0 &amp; JDMTrapBlock#buildInformEntries(java.util.Hashtable)#0&quot; }"/>
        </annotation>
    </item>
    <item name='com.sun.jmx.snmp.IPAcl.SimpleNode void buildTrapEntries(java.util.Hashtable&lt;java.net.InetAddress,java.util.Vector&lt;java.lang.String&gt;&gt;)'>
        <annotation name='com.intellij.inspections.tainted.annotation.equation.Equations'>
            <val val="{ &quot;dest := Host#buildTrapEntries(java.util.Hashtable)#0 &amp; JDMAclBlock#buildTrapEntries(java.util.Hashtable)#0 &amp; JDMInformBlock#buildTrapEntries(java.util.Hashtable)#0&quot; }"/>
        </annotation>
    </item>
    <item name='com.sun.jmx.snmp.IPAcl.SnmpAcl SnmpAcl(java.lang.String)'>
        <annotation name='com.intellij.inspections.tainted.annotation.equation.Equations'>
            <val val="{ &quot;SnmpAcl := SnmpAcl&quot; }"/>
        </annotation>
    </item>
    <item name='com.sun.jmx.snmp.IPAcl.SnmpAcl SnmpAcl(java.lang.String, java.lang.String)'>
        <annotation name='com.intellij.inspections.tainted.annotation.equation.Equations'>
            <val val="{ &quot;SnmpAcl := SnmpAcl&quot;, &quot;Owner := #SnmpAcl(java.lang.String)#0&quot; }"/>
        </annotation>
    </item>
    <item name='com.sun.jmx.snmp.IPAcl.SnmpAcl com.sun.jmx.snmp.IPAcl.PermissionImpl getREAD()'>
        <annotation name='com.intellij.inspections.tainted.annotation.equation.Equations'>
            <val val="{ &quot;getREAD := #READ&quot; }"/>
        </annotation>
    </item>
    <item name='com.sun.jmx.snmp.IPAcl.SnmpAcl com.sun.jmx.snmp.IPAcl.PermissionImpl getWRITE()'>
        <annotation name='com.intellij.inspections.tainted.annotation.equation.Equations'>
            <val val="{ &quot;getWRITE := #WRITE&quot; }"/>
        </annotation>
    </item>
    <item name='com.sun.jmx.snmp.IPAcl.SnmpAcl java.lang.String getAuthorizedListFile()'>
        <annotation name='com.intellij.inspections.tainted.annotation.equation.Equations'>
            <val val="{ &quot;getAuthorizedListFile := SnmpAcl&quot; }"/>
        </annotation>
    </item>
    <item name='com.sun.jmx.snmp.IPAcl.SnmpAcl void setAuthorizedListFile(java.lang.String)'>
        <annotation name='com.intellij.inspections.tainted.annotation.equation.Equations'>
            <val val="{ &quot;filename := #SnmpAcl(java.lang.String, java.lang.String)#1&quot; }"/>
        </annotation>
    </item>
    <item name='com.sun.jmx.snmp.IPAcl.Token com.sun.jmx.snmp.IPAcl.Token newToken(int)'>
        <annotation name='com.intellij.inspections.tainted.annotation.equation.Equations'>
            <val val="{ &quot;ofKind := ParserTokenManager&quot; }"/>
        </annotation>
    </item>
    <item name='com.sun.jmx.snmp.IPAcl.Token java.lang.String toString()'>
        <annotation name='com.intellij.inspections.tainted.annotation.equation.Equations'>
            <val val="{ &quot;toString := Token&quot; }"/>
        </annotation>
    </item>
    <item name='com.sun.jmx.snmp.IPAcl.TokenMgrError TokenMgrError(boolean, int, int, int, java.lang.String, char, int)'>
        <annotation name='com.intellij.inspections.tainted.annotation.equation.Equations'>
            <val val="{ &quot;TokenMgrError := TokenMgrError&quot; }"/>
        </annotation>
    </item>
    <item name='com.sun.jmx.snmp.IPAcl.TokenMgrError TokenMgrError(java.lang.String, int)'>
        <annotation name='com.intellij.inspections.tainted.annotation.equation.Equations'>
            <val val="{ &quot;TokenMgrError := TokenMgrError&quot;, &quot;reason := #TokenMgrError(boolean, int, int, int, java.lang.String, char, int)#6&quot; }"/>
        </annotation>
    </item>
    <item name='com.sun.jmx.snmp.IPAcl.TokenMgrError java.lang.String LexicalError(boolean, int, int, int, java.lang.String, char)'>
        <annotation name='com.intellij.inspections.tainted.annotation.equation.Equations'>
            <val val="{ &quot;lexState := #TokenMgrError(boolean, int, int, int, java.lang.String, char, int)#1&quot;, &quot;LexicalError := errorLine &amp; errorColumn &amp; curChar&quot;, &quot;errorLine := #TokenMgrError(boolean, int, int, int, java.lang.String, char, int)#2&quot;, &quot;errorColumn := #TokenMgrError(boolean, int, int, int, java.lang.String, char, int)#3&quot;, &quot;curChar := #TokenMgrError(boolean, int, int, int, java.lang.String, char, int)#5&quot;, &quot;errorAfter := #TokenMgrError(boolean, int, int, int, java.lang.String, char, int)#4&quot; }"/>
        </annotation>
    </item>
</root>