<root>
    <item name='java.util.function.BiConsumer java.util.function.BiConsumer&lt;T,U&gt; andThen(java.util.function.BiConsumer&lt;? super T,? super U&gt;)'>
        <annotation name='com.intellij.inspections.tainted.annotation.equation.Equations'>
            <val val="{ &quot;andThen := r&quot; }"/>
        </annotation>
    </item>
    <item name='java.util.function.BiConsumer void accept(T, U)'>
        <annotation name='com.intellij.inspections.tainted.annotation.equation.Equations'>
            <val val="{ &quot;u := java.util.Collections.SingletonMap &amp; java.util.IdentityHashMap&quot;, &quot;t := java.util.Collections.SingletonMap &amp; java.util.stream.ReduceOps&quot; }"/>
        </annotation>
    </item>
    <item name='java.util.function.BiFunction R apply(T, U)'>
        <annotation name='com.intellij.inspections.tainted.annotation.equation.Equations'>
            <val val="{ &quot;t := java.util.stream.Collectors &amp; java.util.HashMap#computeIfPresent(java.lang.Object, java.util.function.BiFunction)#0 &amp; java.util.HashMap#compute(java.lang.Object, java.util.function.BiFunction)#0 &amp; java.util.Hashtable#computeIfPresent(java.lang.Object, java.util.function.BiFunction)#0 &amp; java.util.Hashtable#compute(java.lang.Object, java.util.function.BiFunction)#0 &amp; java.util.concurrent.ConcurrentHashMap#computeIfPresent(java.lang.Object, java.util.function.BiFunction)#0 &amp; java.util.concurrent.ConcurrentHashMap#compute(java.lang.Object, java.util.function.BiFunction)#0 &amp; java.lang.reflect.Proxy.KeyFactory#apply(java.lang.ClassLoader, java.lang.Class[])#0 &amp; java.lang.reflect.WeakCache#get(java.lang.Object, java.lang.Object)#0 &amp; java.lang.reflect.WeakCache.Factory &amp; java.lang.reflect.Proxy.ProxyClassFactory#apply(java.lang.ClassLoader, java.lang.Class[])#0 &amp; java.util.Map#computeIfPresent(java.lang.Object, java.util.function.BiFunction)#0 &amp; java.util.Map#compute(java.lang.Object, java.util.function.BiFunction)#0 &amp; java.util.stream.ReduceOps &amp; java.util.concurrent.ConcurrentMap#computeIfPresent(java.lang.Object, java.util.function.BiFunction)#0 &amp; java.util.concurrent.ConcurrentMap#compute(java.lang.Object, java.util.function.BiFunction)#0 &amp; java.util.concurrent.ConcurrentSkipListMap#computeIfPresent(java.lang.Object, java.util.function.BiFunction)#0 &amp; java.util.concurrent.ConcurrentSkipListMap#compute(java.lang.Object, java.util.function.BiFunction)#0 &amp; java.util.ArrayPrefixHelpers.CumulateTask&quot;, &quot;u := java.util.IdentityHashMap &amp; java.util.HashMap#merge(java.lang.Object, java.lang.Object, java.util.function.BiFunction)#1 &amp; java.util.Hashtable#merge(java.lang.Object, java.lang.Object, java.util.function.BiFunction)#1 &amp; java.util.concurrent.ConcurrentHashMap#merge(java.lang.Object, java.lang.Object, java.util.function.BiFunction)#1 &amp; java.lang.reflect.Proxy.KeyFactory#apply(java.lang.ClassLoader, java.lang.Class[])#1 &amp; java.lang.reflect.WeakCache#get(java.lang.Object, java.lang.Object)#1 &amp; java.lang.reflect.WeakCache.Factory &amp; java.lang.reflect.Proxy.ProxyClassFactory#apply(java.lang.ClassLoader, java.lang.Class[])#1 &amp; java.util.Map#merge(java.lang.Object, java.lang.Object, java.util.function.BiFunction)#1 &amp; java.util.concurrent.atomic.AtomicReference#getAndAccumulate(java.lang.Object, java.util.function.BinaryOperator)#0 &amp; java.util.concurrent.atomic.AtomicReference#accumulateAndGet(java.lang.Object, java.util.function.BinaryOperator)#0 &amp; java.util.concurrent.atomic.AtomicReferenceArray#getAndAccumulate(int, java.lang.Object, java.util.function.BinaryOperator)#1 &amp; java.util.concurrent.atomic.AtomicReferenceArray#accumulateAndGet(int, java.lang.Object, java.util.function.BinaryOperator)#1 &amp; java.util.concurrent.atomic.AtomicReferenceFieldUpdater#getAndAccumulate(java.lang.Object, java.lang.Object, java.util.function.BinaryOperator)#1 &amp; java.util.concurrent.atomic.AtomicReferenceFieldUpdater#accumulateAndGet(java.lang.Object, java.lang.Object, java.util.function.BinaryOperator)#1 &amp; java.util.concurrent.ConcurrentMap#merge(java.lang.Object, java.lang.Object, java.util.function.BiFunction)#1 &amp; java.util.concurrent.ConcurrentSkipListMap#merge(java.lang.Object, java.lang.Object, java.util.function.BiFunction)#1 &amp; java.util.ArrayPrefixHelpers.CumulateTask&quot;, &quot;apply := java.lang.reflect.Proxy.KeyFactory#apply(java.lang.ClassLoader, java.lang.Class[]) &amp; java.lang.reflect.Proxy.ProxyClassFactory#apply(java.lang.ClassLoader, java.lang.Class[])&quot; }"/>
        </annotation>
    </item>
    <item name='java.util.function.BinaryOperator java.util.function.BinaryOperator&lt;T&gt; maxBy(java.util.Comparator&lt;? super T&gt;)'>
        <annotation name='com.intellij.inspections.tainted.annotation.equation.Equations'>
            <val val="{ &quot;comparator := java.util.stream.Collectors#maxBy(java.util.Comparator)#0 &amp; java.util.stream.ReferencePipeline#max(java.util.Comparator)#0&quot; }"/>
        </annotation>
    </item>
    <item name='java.util.function.BinaryOperator java.util.function.BinaryOperator&lt;T&gt; minBy(java.util.Comparator&lt;? super T&gt;)'>
        <annotation name='com.intellij.inspections.tainted.annotation.equation.Equations'>
            <val val="{ &quot;comparator := java.util.stream.Collectors#minBy(java.util.Comparator)#0 &amp; java.util.stream.ReferencePipeline#min(java.util.Comparator)#0&quot; }"/>
        </annotation>
    </item>
    <item name='java.util.function.Consumer java.util.function.Consumer&lt;T&gt; andThen(java.util.function.Consumer&lt;? super T&gt;)'>
        <annotation name='com.intellij.inspections.tainted.annotation.equation.Equations'>
            <val val="{ &quot;andThen := t&quot; }"/>
        </annotation>
    </item>
    <item name='java.util.function.Consumer void accept(T)'>
        <annotation name='com.intellij.inspections.tainted.annotation.equation.Equations'>
            <val val="{ &quot;t := java.util.stream.SortedOps.RefSortingSink#accept(java.lang.Object)#0 &amp; java.util.stream.SpinedBuffer#accept(java.lang.Object)#0 &amp; java.util.stream.Nodes.FixedNodeBuilder#accept(java.lang.Object)#0 &amp; java.util.stream.SortedOps.SizedRefSortingSink#accept(java.lang.Object)#0 &amp; java.util.stream.Stream.Builder#accept(java.lang.Object)#0 &amp; java.util.Spliterators.AbstractSpliterator.HoldingConsumer#accept(java.lang.Object)#0 &amp; java.util.stream.Sink.OfInt#accept(java.lang.Integer)#0 &amp; java.util.stream.Sink.OfLong#accept(java.lang.Long)#0 &amp; java.util.stream.Sink.OfDouble#accept(java.lang.Double)#0 &amp; java.util.stream.FindOps.FindSink#accept(java.lang.Object)#0 &amp; java.util.stream.Nodes.SpinedNodeBuilder#accept(java.lang.Object)#0 &amp; java.util.stream.ForEachOps.ForEachOp.OfRef#accept(java.lang.Object)#0 &amp; java.util.stream.StreamSpliterators.UnorderedSliceSpliterator.OfRef#accept(java.lang.Object)#0 &amp; java.util.stream.Nodes.SizedCollectorTask.OfRef#accept(java.lang.Object)#0 &amp; java.util.stream.StreamSpliterators.DistinctSpliterator#accept(java.lang.Object)#0 &amp; java.util.stream.StreamSpliterators.ArrayBuffer.OfRef#accept(java.lang.Object)#0&quot; }"/>
        </annotation>
    </item>
    <item name='java.util.function.DoubleBinaryOperator double applyAsDouble(double, double)'>
        <annotation name='com.intellij.inspections.tainted.annotation.equation.Equations'>
            <val val="{ &quot;left := java.util.concurrent.ConcurrentHashMap.MapReduceKeysToDoubleTask &amp; java.util.concurrent.ConcurrentHashMap.MapReduceValuesToDoubleTask &amp; java.util.concurrent.ConcurrentHashMap.MapReduceEntriesToDoubleTask &amp; java.util.concurrent.ConcurrentHashMap.MapReduceMappingsToDoubleTask &amp; java.util.stream.ReduceOps &amp; java.util.ArrayPrefixHelpers.DoubleCumulateTask&quot;, &quot;right := java.util.concurrent.atomic.DoubleAccumulator#accumulate(double)#0 &amp; java.util.concurrent.atomic.Striped64#doubleAccumulate(double, java.util.function.DoubleBinaryOperator, boolean)#0 &amp; java.util.ArrayPrefixHelpers.DoubleCumulateTask&quot; }"/>
        </annotation>
    </item>
    <item name='java.util.function.DoubleConsumer java.util.function.DoubleConsumer andThen(java.util.function.DoubleConsumer)'>
        <annotation name='com.intellij.inspections.tainted.annotation.equation.Equations'>
            <val val="{ &quot;andThen := t&quot; }"/>
        </annotation>
    </item>
    <item name='java.util.function.DoubleConsumer void accept(double)'>
        <annotation name='com.intellij.inspections.tainted.annotation.equation.Equations'>
            <val val="{ &quot;value := java.util.OptionalDouble &amp; java.util.stream.Nodes.DoubleArrayNode &amp; java.util.stream.SpinedBuffer.OfDouble#arrayForEach(double[], int, int, java.util.function.DoubleConsumer)#0 &amp; java.util.stream.Streams.DoubleStreamBuilderImpl &amp; java.util.Spliterators.DoubleArraySpliterator &amp; java.util.Spliterators.AbstractDoubleSpliterator.HoldingDoubleConsumer#accept(double)#0 &amp; java.util.stream.Sink.OfDouble#accept(double)#0 &amp; java.util.stream.ForEachOps.ForEachOp.OfDouble#accept(double)#0 &amp; java.util.stream.DoubleStream.Builder#accept(double)#0 &amp; java.util.stream.SpinedBuffer.OfDouble#accept(double)#0 &amp; java.util.stream.StreamSpliterators.UnorderedSliceSpliterator.OfDouble#accept(double)#0 &amp; java.util.stream.StreamSpliterators.UnorderedSliceSpliterator.OfDouble &amp; java.util.stream.StreamSpliterators.ArrayBuffer.OfDouble#accept(double)#0 &amp; java.util.stream.StreamSpliterators.ArrayBuffer.OfDouble &amp; java.util.DoubleSummaryStatistics#accept(double)#0&quot; }"/>
        </annotation>
    </item>
    <item name='java.util.function.Function R apply(T)'>
        <annotation name='com.intellij.inspections.tainted.annotation.equation.Equations'>
            <val val="{ &quot;t := &quot;, &quot;apply := &quot; }"/>
        </annotation>
    </item>
    <item name='java.util.function.Function java.util.function.Function&lt;T,V&gt; andThen(java.util.function.Function&lt;? super R,? extends V&gt;)'>
        <annotation name='com.intellij.inspections.tainted.annotation.equation.Equations'>
            <val val="{ &quot;after := java.util.stream.Collectors#collectingAndThen(java.util.stream.Collector, java.util.function.Function)#1&quot; }"/>
        </annotation>
    </item>
    <item name='java.util.function.IntBinaryOperator int applyAsInt(int, int)'>
        <annotation name='com.intellij.inspections.tainted.annotation.equation.Equations'>
            <val val="{ &quot;right := java.util.concurrent.atomic.AtomicInteger#getAndAccumulate(int, java.util.function.IntBinaryOperator)#0 &amp; java.util.concurrent.atomic.AtomicInteger#accumulateAndGet(int, java.util.function.IntBinaryOperator)#0 &amp; java.util.concurrent.atomic.AtomicIntegerArray#getAndAccumulate(int, int, java.util.function.IntBinaryOperator)#1 &amp; java.util.concurrent.atomic.AtomicIntegerArray#accumulateAndGet(int, int, java.util.function.IntBinaryOperator)#1 &amp; java.util.concurrent.atomic.AtomicIntegerFieldUpdater#getAndAccumulate(java.lang.Object, int, java.util.function.IntBinaryOperator)#1 &amp; java.util.concurrent.atomic.AtomicIntegerFieldUpdater#accumulateAndGet(java.lang.Object, int, java.util.function.IntBinaryOperator)#1 &amp; java.util.ArrayPrefixHelpers.IntCumulateTask&quot;, &quot;left := java.util.concurrent.ConcurrentHashMap.MapReduceKeysToIntTask &amp; java.util.concurrent.ConcurrentHashMap.MapReduceValuesToIntTask &amp; java.util.concurrent.ConcurrentHashMap.MapReduceEntriesToIntTask &amp; java.util.concurrent.ConcurrentHashMap.MapReduceMappingsToIntTask &amp; java.util.stream.ReduceOps &amp; java.util.ArrayPrefixHelpers.IntCumulateTask&quot; }"/>
        </annotation>
    </item>
    <item name='java.util.function.IntConsumer java.util.function.IntConsumer andThen(java.util.function.IntConsumer)'>
        <annotation name='com.intellij.inspections.tainted.annotation.equation.Equations'>
            <val val="{ &quot;andThen := t&quot; }"/>
        </annotation>
    </item>
    <item name='java.util.function.IntConsumer void accept(int)'>
        <annotation name='com.intellij.inspections.tainted.annotation.equation.Equations'>
            <val val="{ &quot;value := java.util.OptionalInt &amp; java.util.stream.Nodes.IntArrayNode &amp; java.util.stream.SpinedBuffer.OfInt#arrayForEach(int[], int, int, java.util.function.IntConsumer)#0 &amp; java.util.stream.IntStream.Builder#accept(int)#0 &amp; java.util.Spliterators.IntArraySpliterator &amp; java.util.Spliterators.AbstractIntSpliterator.HoldingIntConsumer#accept(int)#0 &amp; java.util.stream.Sink.OfInt#accept(int)#0 &amp; java.util.stream.Streams.RangeIntSpliterator &amp; java.util.stream.Streams.IntStreamBuilderImpl &amp; java.util.stream.ForEachOps.ForEachOp.OfInt#accept(int)#0 &amp; java.util.stream.SpinedBuffer.OfInt#accept(int)#0 &amp; java.util.stream.StreamSpliterators.UnorderedSliceSpliterator.OfInt#accept(int)#0 &amp; java.util.stream.StreamSpliterators.UnorderedSliceSpliterator.OfInt &amp; java.util.stream.StreamSpliterators.ArrayBuffer.OfInt#accept(int)#0 &amp; java.util.stream.StreamSpliterators.ArrayBuffer.OfInt &amp; java.util.IntSummaryStatistics#accept(int)#0 &amp; java.util.LongSummaryStatistics#accept(int)#0&quot; }"/>
        </annotation>
    </item>
    <item name='java.util.function.IntFunction R apply(int)'>
        <annotation name='com.intellij.inspections.tainted.annotation.equation.Equations'>
            <val val="{ &quot;value := java.util.stream.Nodes.ArrayNode#ArrayNode(long, java.util.function.IntFunction)#0&quot; }"/>
        </annotation>
    </item>
    <item name='java.util.function.IntToDoubleFunction double applyAsDouble(int)'>
        <annotation name='com.intellij.inspections.tainted.annotation.equation.Equations'>
            <val val="{ &quot;value := &quot; }"/>
        </annotation>
    </item>
    <item name='java.util.function.IntToLongFunction long applyAsLong(int)'>
        <annotation name='com.intellij.inspections.tainted.annotation.equation.Equations'>
            <val val="{ &quot;value := &quot; }"/>
        </annotation>
    </item>
    <item name='java.util.function.IntUnaryOperator int applyAsInt(int)'>
        <annotation name='com.intellij.inspections.tainted.annotation.equation.Equations'>
            <val val="{ &quot;operand := java.util.stream.IntStream&quot; }"/>
        </annotation>
    </item>
    <item name='java.util.function.LongBinaryOperator long applyAsLong(long, long)'>
        <annotation name='com.intellij.inspections.tainted.annotation.equation.Equations'>
            <val val="{ &quot;left := java.util.concurrent.ConcurrentHashMap.MapReduceKeysToLongTask &amp; java.util.concurrent.ConcurrentHashMap.MapReduceValuesToLongTask &amp; java.util.concurrent.ConcurrentHashMap.MapReduceEntriesToLongTask &amp; java.util.concurrent.ConcurrentHashMap.MapReduceMappingsToLongTask &amp; java.util.stream.ReduceOps &amp; java.util.concurrent.atomic.Striped64 &amp; java.util.concurrent.atomic.LongAccumulator &amp; java.util.ArrayPrefixHelpers.LongCumulateTask&quot;, &quot;right := java.util.concurrent.atomic.AtomicLong#getAndAccumulate(long, java.util.function.LongBinaryOperator)#0 &amp; java.util.concurrent.atomic.AtomicLong#accumulateAndGet(long, java.util.function.LongBinaryOperator)#0 &amp; java.util.concurrent.atomic.Striped64#longAccumulate(long, java.util.function.LongBinaryOperator, boolean)#0 &amp; java.util.concurrent.atomic.LongAccumulator#accumulate(long)#0 &amp; java.util.concurrent.atomic.AtomicLongArray#getAndAccumulate(int, long, java.util.function.LongBinaryOperator)#1 &amp; java.util.concurrent.atomic.AtomicLongArray#accumulateAndGet(int, long, java.util.function.LongBinaryOperator)#1 &amp; java.util.concurrent.atomic.AtomicLongFieldUpdater#getAndAccumulate(java.lang.Object, long, java.util.function.LongBinaryOperator)#1 &amp; java.util.concurrent.atomic.AtomicLongFieldUpdater#accumulateAndGet(java.lang.Object, long, java.util.function.LongBinaryOperator)#1 &amp; java.util.ArrayPrefixHelpers.LongCumulateTask&quot; }"/>
        </annotation>
    </item>
    <item name='java.util.function.LongConsumer java.util.function.LongConsumer andThen(java.util.function.LongConsumer)'>
        <annotation name='com.intellij.inspections.tainted.annotation.equation.Equations'>
            <val val="{ &quot;andThen := t&quot; }"/>
        </annotation>
    </item>
    <item name='java.util.function.LongConsumer void accept(long)'>
        <annotation name='com.intellij.inspections.tainted.annotation.equation.Equations'>
            <val val="{ &quot;value := java.util.OptionalLong &amp; java.util.stream.Nodes.LongArrayNode &amp; java.util.stream.SpinedBuffer.OfLong#arrayForEach(long[], int, int, java.util.function.LongConsumer)#0 &amp; java.util.stream.Streams.RangeLongSpliterator &amp; java.util.stream.Streams.LongStreamBuilderImpl &amp; java.util.Spliterators.LongArraySpliterator &amp; java.util.Spliterators.AbstractLongSpliterator.HoldingLongConsumer#accept(long)#0 &amp; java.util.stream.Sink.OfLong#accept(long)#0 &amp; java.util.stream.LongStream.Builder#accept(long)#0 &amp; java.util.stream.ForEachOps.ForEachOp.OfLong#accept(long)#0 &amp; java.util.stream.SpinedBuffer.OfLong#accept(long)#0 &amp; java.util.stream.StreamSpliterators.UnorderedSliceSpliterator.OfLong#accept(long)#0 &amp; java.util.stream.StreamSpliterators.UnorderedSliceSpliterator.OfLong &amp; java.util.stream.StreamSpliterators.ArrayBuffer.OfLong#accept(long)#0 &amp; java.util.stream.StreamSpliterators.ArrayBuffer.OfLong &amp; java.util.LongSummaryStatistics#accept(long)#0&quot; }"/>
        </annotation>
    </item>
    <item name='java.util.function.Predicate boolean test(T)'>
        <annotation name='com.intellij.inspections.tainted.annotation.equation.Equations'>
            <val val="{ &quot;t := java.util.ArrayList &amp; java.util.Vector &amp; java.util.Optional&quot; }"/>
        </annotation>
    </item>
    <item name='java.util.function.Supplier T get()'>
        <annotation name='com.intellij.inspections.tainted.annotation.equation.Equations'>
            <val val="{ &quot;get := java.lang.reflect.WeakCache.Factory#get() &amp; java.lang.reflect.WeakCache.LookupValue#get() &amp; java.util.stream.FindOps.FindSink.OfInt#get() &amp; java.util.stream.FindOps.FindSink.OfRef#get() &amp; java.util.stream.FindOps.FindSink.OfDouble#get() &amp; java.util.stream.FindOps.FindSink.OfLong#get() &amp; java.util.stream.ForEachOps.ForEachOp#get()&quot; }"/>
        </annotation>
    </item>
    <item name='java.util.function.ToDoubleFunction double applyAsDouble(T)'>
        <annotation name='com.intellij.inspections.tainted.annotation.equation.Equations'>
            <val val="{ &quot;value := &quot; }"/>
        </annotation>
    </item>
    <item name='java.util.function.ToIntFunction int applyAsInt(T)'>
        <annotation name='com.intellij.inspections.tainted.annotation.equation.Equations'>
            <val val="{ &quot;value := &quot; }"/>
        </annotation>
    </item>
    <item name='java.util.function.ToLongFunction long applyAsLong(T)'>
        <annotation name='com.intellij.inspections.tainted.annotation.equation.Equations'>
            <val val="{ &quot;value := &quot; }"/>
        </annotation>
    </item>
</root>