<root>
    <item name='org.jboss.as.jpa.hibernate5.HibernateArchiveScanner HibernateArchiveScanner()'>
        <annotation name='com.intellij.inspections.tainted.annotation.equation.Equations'>
            <val val="{ &quot;HibernateArchiveScanner := HibernateArchiveScanner&quot; }"/>
        </annotation>
    </item>
    <item name='org.jboss.as.jpa.hibernate5.HibernateExtendedBeanManager'>
        <annotation name='com.intellij.inspections.tainted.annotation.equation.Equations'>
            <val val="{ &quot;HibernateExtendedBeanManager := #HibernateExtendedBeanManager(javax.enterprise.inject.spi.BeanManager)#0&quot; }"/>
        </annotation>
    </item>
    <item name='org.jboss.as.jpa.hibernate5.HibernateExtendedBeanManager HibernateExtendedBeanManager(javax.enterprise.inject.spi.BeanManager)'>
        <annotation name='com.intellij.inspections.tainted.annotation.equation.Equations'>
            <val val="{ &quot;beanManager := HibernatePersistenceProviderAdaptor#beanManagerLifeCycle(javax.enterprise.inject.spi.BeanManager)#0&quot;, &quot;HibernateExtendedBeanManager := HibernateExtendedBeanManager&quot; }"/>
        </annotation>
    </item>
    <item name='org.jboss.as.jpa.hibernate5.HibernatePersistenceProviderAdaptor'>
        <annotation name='com.intellij.inspections.tainted.annotation.equation.Equations'>
            <val val="{ &quot;HibernatePersistenceProviderAdaptor := #injectJtaManager(org.jipijapa.plugin.spi.JtaManager)#0 &amp; #injectPlatform(org.jipijapa.plugin.spi.Platform)#0&quot; }"/>
        </annotation>
    </item>
    <item name='org.jboss.as.jpa.hibernate5.HibernatePersistenceProviderAdaptor java.lang.Object beanManagerLifeCycle(javax.enterprise.inject.spi.BeanManager)'>
        <annotation name='com.intellij.inspections.tainted.annotation.equation.Equations'>
            <val val="{ &quot;beanManagerLifeCycle := &quot; }"/>
        </annotation>
    </item>
    <item name='org.jboss.as.jpa.hibernate5.HibernatePersistenceProviderAdaptor org.jipijapa.plugin.spi.EntityManagerFactoryBuilder getBootstrap(javax.persistence.spi.PersistenceUnitInfo, java.util.Map)'>
        <annotation name='com.intellij.inspections.tainted.annotation.equation.Equations'>
            <val val="{ &quot;getBootstrap := &quot; }"/>
        </annotation>
    </item>
    <item name='org.jboss.as.jpa.hibernate5.HibernatePersistenceProviderAdaptor org.jipijapa.plugin.spi.ManagementAdaptor getManagementAdaptor()'>
        <annotation name='com.intellij.inspections.tainted.annotation.equation.Equations'>
            <val val="{ &quot;getManagementAdaptor := &quot; }"/>
        </annotation>
    </item>
    <item name='org.jboss.as.jpa.hibernate5.HibernatePersistenceProviderAdaptor void putPropertyIfAbsent(org.jipijapa.plugin.spi.PersistenceUnitMetadata, java.util.Map, java.lang.String, java.lang.Object)'>
        <annotation name='com.intellij.inspections.tainted.annotation.equation.Equations'>
            <val val="{ &quot;pu := #addProviderProperties(java.util.Map, org.jipijapa.plugin.spi.PersistenceUnitMetadata)#1&quot;, &quot;properties := #addProviderProperties(java.util.Map, org.jipijapa.plugin.spi.PersistenceUnitMetadata)#0&quot;, &quot;value := #NAMING_STRATEGY_JPA_COMPLIANT_IMPL &amp; java.lang.Boolean#FALSE&quot;, &quot;property := org.hibernate.cfg.AvailableSettings#USE_NEW_ID_GENERATOR_MAPPINGS &amp; org.hibernate.cfg.AvailableSettings#KEYWORD_AUTO_QUOTING_ENABLED &amp; org.hibernate.cfg.AvailableSettings#IMPLICIT_NAMING_STRATEGY &amp; org.hibernate.cfg.AvailableSettings#SCANNER &amp; org.hibernate.jpa.AvailableSettings#ENTITY_MANAGER_FACTORY_NAME &amp; org.hibernate.cfg.AvailableSettings#SESSION_FACTORY_NAME &amp; org.hibernate.cfg.AvailableSettings#SESSION_FACTORY_NAME_IS_JNDI &amp; org.hibernate.cfg.AvailableSettings#PREFER_GENERATOR_NAME_AS_DEFAULT_SEQUENCE_NAME &amp; org.hibernate.cfg.AvailableSettings#JPA_TRANSACTION_COMPLIANCE &amp; org.hibernate.cfg.AvailableSettings#JPA_CLOSED_COMPLIANCE &amp; org.hibernate.cfg.AvailableSettings#JPA_QUERY_COMPLIANCE &amp; org.hibernate.cfg.AvailableSettings#JPA_LIST_COMPLIANCE &amp; org.hibernate.cfg.AvailableSettings#JPA_CACHING_COMPLIANCE&quot; }"/>
        </annotation>
    </item>
    <item name='org.jboss.as.jpa.hibernate5.JBossAppServerJtaPlatform'>
        <annotation name='com.intellij.inspections.tainted.annotation.equation.Equations'>
            <val val="{ &quot;JBossAppServerJtaPlatform := #JBossAppServerJtaPlatform(org.jipijapa.plugin.spi.JtaManager)#0&quot; }"/>
        </annotation>
    </item>
    <item name='org.jboss.as.jpa.hibernate5.JBossAppServerJtaPlatform JBossAppServerJtaPlatform(org.jipijapa.plugin.spi.JtaManager)'>
        <annotation name='com.intellij.inspections.tainted.annotation.equation.Equations'>
            <val val="{ &quot;JBossAppServerJtaPlatform := JBossAppServerJtaPlatform&quot; }"/>
        </annotation>
    </item>
    <item name='org.jboss.as.jpa.hibernate5.JBossAppServerJtaPlatform javax.transaction.TransactionManager locateTransactionManager()'>
        <annotation name='com.intellij.inspections.tainted.annotation.equation.Equations'>
            <val val="{ &quot;locateTransactionManager := &quot; }"/>
        </annotation>
    </item>
    <item name='org.jboss.as.jpa.hibernate5.JBossAppServerJtaPlatform org.hibernate.engine.transaction.jta.platform.internal.JtaSynchronizationStrategy getSynchronizationStrategy()'>
        <annotation name='com.intellij.inspections.tainted.annotation.equation.Equations'>
            <val val="{ &quot;getSynchronizationStrategy := JBossAppServerJtaPlatform&quot; }"/>
        </annotation>
    </item>
    <item name='org.jboss.as.jpa.hibernate5.JBossAppServerJtaPlatform org.jipijapa.plugin.spi.JtaManager getJtaManager()'>
        <annotation name='com.intellij.inspections.tainted.annotation.equation.Equations'>
            <val val="{ &quot;getJtaManager := JBossAppServerJtaPlatform&quot; }"/>
        </annotation>
    </item>
    <item name='org.jboss.as.jpa.hibernate5.TwoPhaseBootstrapImpl'>
        <annotation name='com.intellij.inspections.tainted.annotation.equation.Equations'>
            <val val="{ &quot;TwoPhaseBootstrapImpl := &quot; }"/>
        </annotation>
    </item>
    <item name='org.jboss.as.jpa.hibernate5.TwoPhaseBootstrapImpl TwoPhaseBootstrapImpl(javax.persistence.spi.PersistenceUnitInfo, java.util.Map)'>
        <annotation name='com.intellij.inspections.tainted.annotation.equation.Equations'>
            <val val="{ &quot;info := HibernatePersistenceProviderAdaptor#getBootstrap(javax.persistence.spi.PersistenceUnitInfo, java.util.Map)#0&quot;, &quot;TwoPhaseBootstrapImpl := TwoPhaseBootstrapImpl&quot;, &quot;map := HibernatePersistenceProviderAdaptor#getBootstrap(javax.persistence.spi.PersistenceUnitInfo, java.util.Map)#1&quot; }"/>
        </annotation>
    </item>
    <item name='org.jboss.as.jpa.hibernate5.TwoPhaseBootstrapImpl javax.persistence.EntityManagerFactory build()'>
        <annotation name='com.intellij.inspections.tainted.annotation.equation.Equations'>
            <val val="{ &quot;build := &quot; }"/>
        </annotation>
    </item>
    <item name='org.jboss.as.jpa.hibernate5.TwoPhaseBootstrapImpl org.jipijapa.plugin.spi.EntityManagerFactoryBuilder withValidatorFactory(java.lang.Object)'>
        <annotation name='com.intellij.inspections.tainted.annotation.equation.Equations'>
            <val val="{ &quot;withValidatorFactory := TwoPhaseBootstrapImpl&quot; }"/>
        </annotation>
    </item>
    <item name='org.jboss.as.jpa.hibernate5.VirtualFileInputStreamAccess'>
        <annotation name='com.intellij.inspections.tainted.annotation.equation.Equations'>
            <val val="{ &quot;VirtualFileInputStreamAccess := #VirtualFileInputStreamAccess(java.lang.String, org.jboss.vfs.VirtualFile)#0 &amp; #VirtualFileInputStreamAccess(java.lang.String, org.jboss.vfs.VirtualFile)#1&quot; }"/>
        </annotation>
    </item>
    <item name='org.jboss.as.jpa.hibernate5.VirtualFileInputStreamAccess VirtualFileInputStreamAccess(java.lang.String, org.jboss.vfs.VirtualFile)'>
        <annotation name='com.intellij.inspections.tainted.annotation.equation.Equations'>
            <val val="{ &quot;name := &quot;, &quot;virtualFile := &quot;, &quot;VirtualFileInputStreamAccess := VirtualFileInputStreamAccess&quot; }"/>
        </annotation>
    </item>
    <item name='org.jboss.as.jpa.hibernate5.VirtualFileInputStreamAccess java.io.InputStream accessInputStream()'>
        <annotation name='com.intellij.inspections.tainted.annotation.equation.Equations'>
            <val val="{ &quot;accessInputStream := &quot; }"/>
        </annotation>
    </item>
    <item name='org.jboss.as.jpa.hibernate5.VirtualFileInputStreamAccess java.lang.String getStreamName()'>
        <annotation name='com.intellij.inspections.tainted.annotation.equation.Equations'>
            <val val="{ &quot;getStreamName := VirtualFileInputStreamAccess&quot; }"/>
        </annotation>
    </item>
    <item name='org.jboss.as.jpa.hibernate5.VirtualFileSystemArchiveDescriptor'>
        <annotation name='com.intellij.inspections.tainted.annotation.equation.Equations'>
            <val val="{ &quot;VirtualFileSystemArchiveDescriptor := #VirtualFileSystemArchiveDescriptor(org.jboss.vfs.VirtualFile, java.lang.String)#0&quot; }"/>
        </annotation>
    </item>
    <item name='org.jboss.as.jpa.hibernate5.VirtualFileSystemArchiveDescriptor VirtualFileSystemArchiveDescriptor(org.jboss.vfs.VirtualFile, java.lang.String)'>
        <annotation name='com.intellij.inspections.tainted.annotation.equation.Equations'>
            <val val="{ &quot;archiveRoot := &quot;, &quot;entryBase := VirtualFileSystemArchiveDescriptorFactory#buildArchiveDescriptor(java.net.URL, java.lang.String)#1&quot;, &quot;VirtualFileSystemArchiveDescriptor := VirtualFileSystemArchiveDescriptor&quot; }"/>
        </annotation>
    </item>
    <item name='org.jboss.as.jpa.hibernate5.VirtualFileSystemArchiveDescriptor org.jboss.vfs.VirtualFile getRoot()'>
        <annotation name='com.intellij.inspections.tainted.annotation.equation.Equations'>
            <val val="{ &quot;getRoot := VirtualFileSystemArchiveDescriptor&quot; }"/>
        </annotation>
    </item>
    <item name='org.jboss.as.jpa.hibernate5.VirtualFileSystemArchiveDescriptor void processVirtualFile(org.jboss.vfs.VirtualFile, java.lang.String, org.hibernate.boot.archive.spi.ArchiveContext)'>
        <annotation name='com.intellij.inspections.tainted.annotation.equation.Equations'>
            <val val="{ &quot;archiveContext := #visitArchive(org.hibernate.boot.archive.spi.ArchiveContext)#0&quot;, &quot;virtualFile := VirtualFileSystemArchiveDescriptor&quot; }"/>
        </annotation>
    </item>
    <item name='org.jboss.as.jpa.hibernate5.VirtualFileSystemArchiveDescriptorFactory org.hibernate.boot.archive.spi.ArchiveDescriptor buildArchiveDescriptor(java.net.URL, java.lang.String)'>
        <annotation name='com.intellij.inspections.tainted.annotation.equation.Equations'>
            <val val="{ &quot;buildArchiveDescriptor := &quot; }"/>
        </annotation>
    </item>
</root>