<root>
    <item name='java.nio.channels.AsynchronousFileChannel AsynchronousFileChannel()'>
        <annotation name='com.intellij.inspections.tainted.annotation.equation.Equations'>
            <val val="{ &quot;AsynchronousFileChannel := AsynchronousFileChannel&quot; }"/>
        </annotation>
    </item>
    <item name='java.nio.channels.AsynchronousFileChannel java.nio.channels.AsynchronousFileChannel open(java.nio.file.Path, java.util.Set&lt;? extends java.nio.file.OpenOption&gt;, java.util.concurrent.ExecutorService, java.nio.file.attribute.FileAttribute&lt;?&gt;...)'>
        <annotation name='com.intellij.inspections.tainted.annotation.equation.Equations'>
            <val val="{ &quot;file := #open(java.nio.file.Path, java.nio.file.OpenOption...)#0&quot;, &quot;attrs := #NO_ATTRIBUTES&quot; }"/>
        </annotation>
    </item>
    <item name='java.nio.channels.AsynchronousFileChannel java.nio.channels.FileLock tryLock(long, long, boolean)'>
        <annotation name='com.intellij.inspections.tainted.annotation.equation.Equations'>
            <val val="{ &quot;size := java.lang.Long#MAX_VALUE&quot; }"/>
        </annotation>
    </item>
    <item name='java.nio.channels.AsynchronousFileChannel java.util.concurrent.Future&lt;java.lang.Integer&gt; read(java.nio.ByteBuffer, long)'>
        <annotation name='com.intellij.inspections.tainted.annotation.equation.Equations'>
            <val val="{ &quot;position := sun.nio.ch.AsynchronousFileChannelImpl#read(java.nio.ByteBuffer, long)#1&quot;, &quot;read := sun.nio.ch.AsynchronousFileChannelImpl#read(java.nio.ByteBuffer, long)&quot;, &quot;dst := sun.nio.ch.AsynchronousFileChannelImpl#read(java.nio.ByteBuffer, long)#0&quot; }"/>
        </annotation>
    </item>
    <item name='java.nio.channels.AsynchronousFileChannel java.util.concurrent.Future&lt;java.lang.Integer&gt; write(java.nio.ByteBuffer, long)'>
        <annotation name='com.intellij.inspections.tainted.annotation.equation.Equations'>
            <val val="{ &quot;src := sun.nio.ch.AsynchronousFileChannelImpl#write(java.nio.ByteBuffer, long)#0&quot;, &quot;write := sun.nio.ch.AsynchronousFileChannelImpl#write(java.nio.ByteBuffer, long)&quot;, &quot;position := sun.nio.ch.AsynchronousFileChannelImpl#write(java.nio.ByteBuffer, long)#1&quot; }"/>
        </annotation>
    </item>
    <item name='java.nio.channels.AsynchronousFileChannel java.util.concurrent.Future&lt;java.nio.channels.FileLock&gt; lock(long, long, boolean)'>
        <annotation name='com.intellij.inspections.tainted.annotation.equation.Equations'>
            <val val="{ &quot;position := sun.nio.ch.AsynchronousFileChannelImpl#lock(long, long, boolean)#0&quot;, &quot;size := sun.nio.ch.AsynchronousFileChannelImpl#lock(long, long, boolean)#1&quot;, &quot;lock := sun.nio.ch.AsynchronousFileChannelImpl#lock(long, long, boolean)&quot; }"/>
        </annotation>
    </item>
    <item name='java.nio.channels.AsynchronousFileChannel void lock(long, long, boolean, A, java.nio.channels.CompletionHandler&lt;java.nio.channels.FileLock,? super A&gt;)'>
        <annotation name='com.intellij.inspections.tainted.annotation.equation.Equations'>
            <val val="{ &quot;position := sun.nio.ch.AsynchronousFileChannelImpl#lock(long, long, boolean, java.lang.Object, java.nio.channels.CompletionHandler)#0&quot;, &quot;handler := sun.nio.ch.AsynchronousFileChannelImpl#lock(long, long, boolean, java.lang.Object, java.nio.channels.CompletionHandler)#4&quot;, &quot;attachment := sun.nio.ch.AsynchronousFileChannelImpl#lock(long, long, boolean, java.lang.Object, java.nio.channels.CompletionHandler)#3&quot;, &quot;size := sun.nio.ch.AsynchronousFileChannelImpl#lock(long, long, boolean, java.lang.Object, java.nio.channels.CompletionHandler)#1&quot; }"/>
        </annotation>
    </item>
    <item name='java.nio.channels.AsynchronousFileChannel void read(java.nio.ByteBuffer, long, A, java.nio.channels.CompletionHandler&lt;java.lang.Integer,? super A&gt;)'>
        <annotation name='com.intellij.inspections.tainted.annotation.equation.Equations'>
            <val val="{ &quot;dst := sun.nio.ch.AsynchronousFileChannelImpl#read(java.nio.ByteBuffer, long, java.lang.Object, java.nio.channels.CompletionHandler)#0&quot;, &quot;handler := sun.nio.ch.AsynchronousFileChannelImpl#read(java.nio.ByteBuffer, long, java.lang.Object, java.nio.channels.CompletionHandler)#3&quot;, &quot;position := sun.nio.ch.AsynchronousFileChannelImpl#read(java.nio.ByteBuffer, long, java.lang.Object, java.nio.channels.CompletionHandler)#1&quot;, &quot;attachment := sun.nio.ch.AsynchronousFileChannelImpl#read(java.nio.ByteBuffer, long, java.lang.Object, java.nio.channels.CompletionHandler)#2&quot; }"/>
        </annotation>
    </item>
    <item name='java.nio.channels.AsynchronousFileChannel void write(java.nio.ByteBuffer, long, A, java.nio.channels.CompletionHandler&lt;java.lang.Integer,? super A&gt;)'>
        <annotation name='com.intellij.inspections.tainted.annotation.equation.Equations'>
            <val val="{ &quot;src := sun.nio.ch.AsynchronousFileChannelImpl#write(java.nio.ByteBuffer, long, java.lang.Object, java.nio.channels.CompletionHandler)#0&quot;, &quot;attachment := sun.nio.ch.AsynchronousFileChannelImpl#write(java.nio.ByteBuffer, long, java.lang.Object, java.nio.channels.CompletionHandler)#2&quot;, &quot;position := sun.nio.ch.AsynchronousFileChannelImpl#write(java.nio.ByteBuffer, long, java.lang.Object, java.nio.channels.CompletionHandler)#1&quot;, &quot;handler := sun.nio.ch.AsynchronousFileChannelImpl#write(java.nio.ByteBuffer, long, java.lang.Object, java.nio.channels.CompletionHandler)#3&quot; }"/>
        </annotation>
    </item>
    <item name='java.nio.channels.Channels'>
        <annotation name='com.intellij.inspections.tainted.annotation.equation.Equations'>
            <val val="{ &quot;Channels := Channels&quot; }"/>
        </annotation>
    </item>
    <item name='java.nio.channels.Channels Channels()'>
        <annotation name='com.intellij.inspections.tainted.annotation.equation.Equations'>
            <val val="{ &quot;Channels := Channels&quot; }"/>
        </annotation>
    </item>
    <item name='java.nio.channels.Channels java.io.InputStream newInputStream(java.nio.channels.AsynchronousByteChannel)'>
        <annotation name='com.intellij.inspections.tainted.annotation.equation.Equations'>
            <val val="{ &quot;newInputStream := &quot; }"/>
        </annotation>
    </item>
    <item name='java.nio.channels.Channels java.io.OutputStream newOutputStream(java.nio.channels.AsynchronousByteChannel)'>
        <annotation name='com.intellij.inspections.tainted.annotation.equation.Equations'>
            <val val="{ &quot;newOutputStream := &quot; }"/>
        </annotation>
    </item>
    <item name='java.nio.channels.Channels java.io.OutputStream newOutputStream(java.nio.channels.WritableByteChannel)'>
        <annotation name='com.intellij.inspections.tainted.annotation.equation.Equations'>
            <val val="{ &quot;newOutputStream := Channels&quot; }"/>
        </annotation>
    </item>
    <item name='java.nio.channels.Channels java.io.Reader newReader(java.nio.channels.ReadableByteChannel, java.nio.charset.CharsetDecoder, int)'>
        <annotation name='com.intellij.inspections.tainted.annotation.equation.Equations'>
            <val val="{ &quot;dec := java.util.Scanner#makeReadable(java.nio.channels.ReadableByteChannel, java.nio.charset.CharsetDecoder)#1&quot;, &quot;ch := #newReader(java.nio.channels.ReadableByteChannel, java.lang.String)#0 &amp; java.util.Scanner#makeReadable(java.nio.channels.ReadableByteChannel, java.nio.charset.CharsetDecoder)#0&quot; }"/>
        </annotation>
    </item>
    <item name='java.nio.channels.Channels java.io.Writer newWriter(java.nio.channels.WritableByteChannel, java.nio.charset.CharsetEncoder, int)'>
        <annotation name='com.intellij.inspections.tainted.annotation.equation.Equations'>
            <val val="{ &quot;ch := #newWriter(java.nio.channels.WritableByteChannel, java.lang.String)#0&quot; }"/>
        </annotation>
    </item>
    <item name='java.nio.channels.Channels void checkNotNull(java.lang.Object, java.lang.String)'>
        <annotation name='com.intellij.inspections.tainted.annotation.equation.Equations'>
            <val val="{ &quot;o := #newInputStream(java.nio.channels.ReadableByteChannel)#0 &amp; #newOutputStream(java.nio.channels.WritableByteChannel)#0 &amp; #newInputStream(java.nio.channels.AsynchronousByteChannel)#0 &amp; #newOutputStream(java.nio.channels.AsynchronousByteChannel)#0 &amp; #newChannel(java.io.InputStream)#0 &amp; #newChannel(java.io.OutputStream)#0 &amp; #newReader(java.nio.channels.ReadableByteChannel, java.nio.charset.CharsetDecoder, int)#0 &amp; #newReader(java.nio.channels.ReadableByteChannel, java.lang.String)#1 &amp; #newWriter(java.nio.channels.WritableByteChannel, java.nio.charset.CharsetEncoder, int)#0 &amp; #newWriter(java.nio.channels.WritableByteChannel, java.lang.String)#1&quot; }"/>
        </annotation>
    </item>
    <item name='java.nio.channels.Channels void writeFully(java.nio.channels.WritableByteChannel, java.nio.ByteBuffer)'>
        <annotation name='com.intellij.inspections.tainted.annotation.equation.Equations'>
            <val val="{ &quot;ch := #newOutputStream(java.nio.channels.WritableByteChannel)#0&quot;, &quot;bb := Channels&quot; }"/>
        </annotation>
    </item>
    <item name='java.nio.channels.Channels void writeFullyImpl(java.nio.channels.WritableByteChannel, java.nio.ByteBuffer)'>
        <annotation name='com.intellij.inspections.tainted.annotation.equation.Equations'>
            <val val="{ &quot;ch := #writeFully(java.nio.channels.WritableByteChannel, java.nio.ByteBuffer)#0&quot;, &quot;bb := #writeFully(java.nio.channels.WritableByteChannel, java.nio.ByteBuffer)#1&quot; }"/>
        </annotation>
    </item>
    <item name='java.nio.channels.Channels.ReadableByteChannelImpl'>
        <annotation name='com.intellij.inspections.tainted.annotation.equation.Equations'>
            <val val="{ &quot;ReadableByteChannelImpl := &quot; }"/>
        </annotation>
    </item>
    <item name='java.nio.channels.Channels.ReadableByteChannelImpl ReadableByteChannelImpl(java.io.InputStream)'>
        <annotation name='com.intellij.inspections.tainted.annotation.equation.Equations'>
            <val val="{ &quot;in := Channels#newChannel(java.io.InputStream)#0&quot;, &quot;ReadableByteChannelImpl := Channels.ReadableByteChannelImpl&quot; }"/>
        </annotation>
    </item>
    <item name='java.nio.channels.Channels.WritableByteChannelImpl'>
        <annotation name='com.intellij.inspections.tainted.annotation.equation.Equations'>
            <val val="{ &quot;WritableByteChannelImpl := &quot; }"/>
        </annotation>
    </item>
    <item name='java.nio.channels.Channels.WritableByteChannelImpl WritableByteChannelImpl(java.io.OutputStream)'>
        <annotation name='com.intellij.inspections.tainted.annotation.equation.Equations'>
            <val val="{ &quot;out := Channels#newChannel(java.io.OutputStream)#0&quot;, &quot;WritableByteChannelImpl := Channels.WritableByteChannelImpl&quot; }"/>
        </annotation>
    </item>
    <item name='java.nio.channels.DatagramChannel DatagramChannel(java.nio.channels.spi.SelectorProvider)'>
        <annotation name='com.intellij.inspections.tainted.annotation.equation.Equations'>
            <val val="{ &quot;DatagramChannel := DatagramChannel&quot; }"/>
        </annotation>
    </item>
    <item name='java.nio.channels.DatagramChannel int validOps()'>
        <annotation name='com.intellij.inspections.tainted.annotation.equation.Equations'>
            <val val="{ &quot;validOps := SelectionKey#OP_READ &amp; SelectionKey#OP_WRITE&quot; }"/>
        </annotation>
    </item>
    <item name='java.nio.channels.DatagramChannel long read(java.nio.ByteBuffer[], int, int)'>
        <annotation name='com.intellij.inspections.tainted.annotation.equation.Equations'>
            <val val="{ &quot;dsts := #read(java.nio.ByteBuffer[])#0&quot; }"/>
        </annotation>
    </item>
    <item name='java.nio.channels.DatagramChannel long write(java.nio.ByteBuffer[], int, int)'>
        <annotation name='com.intellij.inspections.tainted.annotation.equation.Equations'>
            <val val="{ &quot;srcs := #write(java.nio.ByteBuffer[])#0&quot; }"/>
        </annotation>
    </item>
    <item name='java.nio.channels.FileChannel int read(java.nio.ByteBuffer)'>
        <annotation name='com.intellij.inspections.tainted.annotation.equation.Equations'>
            <val val="{ &quot;read := sun.nio.ch.FileChannelImpl#read(java.nio.ByteBuffer)&quot;, &quot;dst := sun.nio.ch.FileChannelImpl#read(java.nio.ByteBuffer)#0&quot; }"/>
        </annotation>
    </item>
    <item name='java.nio.channels.FileChannel int read(java.nio.ByteBuffer, long)'>
        <annotation name='com.intellij.inspections.tainted.annotation.equation.Equations'>
            <val val="{ &quot;position := sun.nio.ch.FileChannelImpl#read(java.nio.ByteBuffer, long)#1&quot;, &quot;read := sun.nio.ch.FileChannelImpl#read(java.nio.ByteBuffer, long)&quot;, &quot;dst := sun.nio.ch.FileChannelImpl#read(java.nio.ByteBuffer, long)#0&quot; }"/>
        </annotation>
    </item>
    <item name='java.nio.channels.FileChannel int write(java.nio.ByteBuffer)'>
        <annotation name='com.intellij.inspections.tainted.annotation.equation.Equations'>
            <val val="{ &quot;src := sun.nio.ch.FileChannelImpl#write(java.nio.ByteBuffer)#0&quot;, &quot;write := sun.nio.ch.FileChannelImpl#write(java.nio.ByteBuffer)&quot; }"/>
        </annotation>
    </item>
    <item name='java.nio.channels.FileChannel int write(java.nio.ByteBuffer, long)'>
        <annotation name='com.intellij.inspections.tainted.annotation.equation.Equations'>
            <val val="{ &quot;src := sun.nio.ch.FileChannelImpl#write(java.nio.ByteBuffer, long)#0&quot;, &quot;write := sun.nio.ch.FileChannelImpl#write(java.nio.ByteBuffer, long)&quot;, &quot;position := sun.nio.ch.FileChannelImpl#write(java.nio.ByteBuffer, long)#1&quot; }"/>
        </annotation>
    </item>
    <item name='java.nio.channels.FileChannel java.nio.MappedByteBuffer map(java.nio.channels.FileChannel.MapMode, long, long)'>
        <annotation name='com.intellij.inspections.tainted.annotation.equation.Equations'>
            <val val="{ &quot;mode := sun.nio.ch.FileChannelImpl#map(java.nio.channels.FileChannel.MapMode, long, long)#0&quot;, &quot;size := sun.nio.ch.FileChannelImpl#map(java.nio.channels.FileChannel.MapMode, long, long)#2&quot;, &quot;position := sun.nio.ch.FileChannelImpl#map(java.nio.channels.FileChannel.MapMode, long, long)#1&quot;, &quot;map := sun.nio.ch.FileChannelImpl#map(java.nio.channels.FileChannel.MapMode, long, long)&quot; }"/>
        </annotation>
    </item>
    <item name='java.nio.channels.FileChannel java.nio.channels.FileChannel open(java.nio.file.Path, java.nio.file.OpenOption...)'>
        <annotation name='com.intellij.inspections.tainted.annotation.equation.Equations'>
            <val val="{ &quot;path := &quot;, &quot;options := java.nio.file.StandardOpenOption#CREATE_NEW &amp; java.nio.file.StandardOpenOption#WRITE &amp; java.nio.file.StandardOpenOption#APPEND&quot; }"/>
        </annotation>
    </item>
    <item name='java.nio.channels.FileChannel java.nio.channels.FileChannel position(long)'>
        <annotation name='com.intellij.inspections.tainted.annotation.equation.Equations'>
            <val val="{ &quot;newPosition := sun.nio.ch.FileChannelImpl#position(long)#0&quot;, &quot;position := sun.nio.ch.FileChannelImpl#position(long)&quot; }"/>
        </annotation>
    </item>
    <item name='java.nio.channels.FileChannel java.nio.channels.FileChannel truncate(long)'>
        <annotation name='com.intellij.inspections.tainted.annotation.equation.Equations'>
            <val val="{ &quot;truncate := sun.nio.ch.FileChannelImpl#truncate(long)&quot;, &quot;size := sun.nio.ch.FileChannelImpl#truncate(long)#0&quot; }"/>
        </annotation>
    </item>
    <item name='java.nio.channels.FileChannel java.nio.channels.FileLock lock(long, long, boolean)'>
        <annotation name='com.intellij.inspections.tainted.annotation.equation.Equations'>
            <val val="{ &quot;position := sun.nio.ch.FileChannelImpl#lock(long, long, boolean)#0&quot;, &quot;lock := sun.nio.ch.FileChannelImpl#lock(long, long, boolean)&quot;, &quot;size := sun.nio.ch.FileChannelImpl#lock(long, long, boolean)#1&quot; }"/>
        </annotation>
    </item>
    <item name='java.nio.channels.FileChannel java.nio.channels.FileLock tryLock(long, long, boolean)'>
        <annotation name='com.intellij.inspections.tainted.annotation.equation.Equations'>
            <val val="{ &quot;tryLock := sun.nio.ch.FileChannelImpl#tryLock(long, long, boolean)&quot;, &quot;position := sun.nio.ch.FileChannelImpl#tryLock(long, long, boolean)#0&quot;, &quot;size := sun.nio.ch.FileChannelImpl#tryLock(long, long, boolean)#1&quot; }"/>
        </annotation>
    </item>
    <item name='java.nio.channels.FileChannel long position()'>
        <annotation name='com.intellij.inspections.tainted.annotation.equation.Equations'>
            <val val="{ &quot;position := sun.nio.ch.FileChannelImpl#position()&quot; }"/>
        </annotation>
    </item>
    <item name='java.nio.channels.FileChannel long read(java.nio.ByteBuffer[], int, int)'>
        <annotation name='com.intellij.inspections.tainted.annotation.equation.Equations'>
            <val val="{ &quot;offset := sun.nio.ch.FileChannelImpl#read(java.nio.ByteBuffer[], int, int)#1&quot;, &quot;length := sun.nio.ch.FileChannelImpl#read(java.nio.ByteBuffer[], int, int)#2&quot;, &quot;read := sun.nio.ch.FileChannelImpl#read(java.nio.ByteBuffer[], int, int)&quot;, &quot;dsts := #read(java.nio.ByteBuffer[])#0 &amp; sun.nio.ch.FileChannelImpl#read(java.nio.ByteBuffer[], int, int)#0&quot; }"/>
        </annotation>
    </item>
    <item name='java.nio.channels.FileChannel long size()'>
        <annotation name='com.intellij.inspections.tainted.annotation.equation.Equations'>
            <val val="{ &quot;size := sun.nio.ch.FileChannelImpl#size()&quot; }"/>
        </annotation>
    </item>
    <item name='java.nio.channels.FileChannel long transferFrom(java.nio.channels.ReadableByteChannel, long, long)'>
        <annotation name='com.intellij.inspections.tainted.annotation.equation.Equations'>
            <val val="{ &quot;src := sun.nio.ch.FileChannelImpl#transferFrom(java.nio.channels.ReadableByteChannel, long, long)#0&quot;, &quot;position := sun.nio.ch.FileChannelImpl#transferFrom(java.nio.channels.ReadableByteChannel, long, long)#1&quot;, &quot;count := sun.nio.ch.FileChannelImpl#transferFrom(java.nio.channels.ReadableByteChannel, long, long)#2&quot;, &quot;transferFrom := sun.nio.ch.FileChannelImpl#transferFrom(java.nio.channels.ReadableByteChannel, long, long)&quot; }"/>
        </annotation>
    </item>
    <item name='java.nio.channels.FileChannel long transferTo(long, long, java.nio.channels.WritableByteChannel)'>
        <annotation name='com.intellij.inspections.tainted.annotation.equation.Equations'>
            <val val="{ &quot;position := sun.nio.ch.FileChannelImpl#transferTo(long, long, java.nio.channels.WritableByteChannel)#0&quot;, &quot;transferTo := sun.nio.ch.FileChannelImpl#transferTo(long, long, java.nio.channels.WritableByteChannel)&quot;, &quot;target := sun.nio.ch.FileChannelImpl#transferTo(long, long, java.nio.channels.WritableByteChannel)#2&quot;, &quot;count := sun.nio.ch.FileChannelImpl#transferTo(long, long, java.nio.channels.WritableByteChannel)#1&quot; }"/>
        </annotation>
    </item>
    <item name='java.nio.channels.FileChannel long write(java.nio.ByteBuffer[], int, int)'>
        <annotation name='com.intellij.inspections.tainted.annotation.equation.Equations'>
            <val val="{ &quot;offset := sun.nio.ch.FileChannelImpl#write(java.nio.ByteBuffer[], int, int)#1&quot;, &quot;length := sun.nio.ch.FileChannelImpl#write(java.nio.ByteBuffer[], int, int)#2&quot;, &quot;write := sun.nio.ch.FileChannelImpl#write(java.nio.ByteBuffer[], int, int)&quot;, &quot;srcs := #write(java.nio.ByteBuffer[])#0 &amp; sun.nio.ch.FileChannelImpl#write(java.nio.ByteBuffer[], int, int)#0&quot; }"/>
        </annotation>
    </item>
    <item name='java.nio.channels.FileChannel.MapMode MapMode(java.lang.String)'>
        <annotation name='com.intellij.inspections.tainted.annotation.equation.Equations'>
            <val val="{ &quot;MapMode := FileChannel.MapMode&quot; }"/>
        </annotation>
    </item>
    <item name='java.nio.channels.FileChannel.MapMode java.lang.String toString()'>
        <annotation name='com.intellij.inspections.tainted.annotation.equation.Equations'>
            <val val="{ &quot;toString := FileChannel.MapMode&quot; }"/>
        </annotation>
    </item>
    <item name='java.nio.channels.FileLock FileLock(java.nio.channels.AsynchronousFileChannel, long, long, boolean)'>
        <annotation name='com.intellij.inspections.tainted.annotation.equation.Equations'>
            <val val="{ &quot;size := sun.nio.ch.FileLockImpl#FileLockImpl(java.nio.channels.AsynchronousFileChannel, long, long, boolean)#2 &amp; sun.nio.ch.FileLockImpl#FileLockImpl(java.nio.channels.AsynchronousFileChannel, long, long, boolean)#2&quot;, &quot;position := sun.nio.ch.FileLockImpl#FileLockImpl(java.nio.channels.AsynchronousFileChannel, long, long, boolean)#1 &amp; sun.nio.ch.FileLockImpl#FileLockImpl(java.nio.channels.AsynchronousFileChannel, long, long, boolean)#1&quot;, &quot;FileLock := FileLock&quot;, &quot;channel := sun.nio.ch.FileLockImpl#FileLockImpl(java.nio.channels.AsynchronousFileChannel, long, long, boolean)#0 &amp; sun.nio.ch.FileLockImpl#FileLockImpl(java.nio.channels.AsynchronousFileChannel, long, long, boolean)#0&quot; }"/>
        </annotation>
    </item>
    <item name='java.nio.channels.FileLock FileLock(java.nio.channels.FileChannel, long, long, boolean)'>
        <annotation name='com.intellij.inspections.tainted.annotation.equation.Equations'>
            <val val="{ &quot;size := sun.nio.ch.FileLockImpl#FileLockImpl(java.nio.channels.FileChannel, long, long, boolean)#2 &amp; sun.nio.ch.FileLockImpl#FileLockImpl(java.nio.channels.FileChannel, long, long, boolean)#2&quot;, &quot;FileLock := FileLock&quot;, &quot;position := sun.nio.ch.FileLockImpl#FileLockImpl(java.nio.channels.FileChannel, long, long, boolean)#1 &amp; sun.nio.ch.FileLockImpl#FileLockImpl(java.nio.channels.FileChannel, long, long, boolean)#1&quot;, &quot;channel := sun.nio.ch.FileLockImpl#FileLockImpl(java.nio.channels.FileChannel, long, long, boolean)#0 &amp; sun.nio.ch.FileLockImpl#FileLockImpl(java.nio.channels.FileChannel, long, long, boolean)#0&quot; }"/>
        </annotation>
    </item>
    <item name='java.nio.channels.FileLock java.lang.String toString()'>
        <annotation name='com.intellij.inspections.tainted.annotation.equation.Equations'>
            <val val="{ &quot;toString := FileLock&quot; }"/>
        </annotation>
    </item>
    <item name='java.nio.channels.FileLock java.nio.channels.Channel acquiredBy()'>
        <annotation name='com.intellij.inspections.tainted.annotation.equation.Equations'>
            <val val="{ &quot;acquiredBy := FileLock&quot; }"/>
        </annotation>
    </item>
    <item name='java.nio.channels.FileLock java.nio.channels.FileChannel channel()'>
        <annotation name='com.intellij.inspections.tainted.annotation.equation.Equations'>
            <val val="{ &quot;channel := FileLock&quot; }"/>
        </annotation>
    </item>
    <item name='java.nio.channels.FileLock long position()'>
        <annotation name='com.intellij.inspections.tainted.annotation.equation.Equations'>
            <val val="{ &quot;position := FileLock&quot; }"/>
        </annotation>
    </item>
    <item name='java.nio.channels.FileLock long size()'>
        <annotation name='com.intellij.inspections.tainted.annotation.equation.Equations'>
            <val val="{ &quot;size := FileLock&quot; }"/>
        </annotation>
    </item>
    <item name='java.nio.channels.GatheringByteChannel long write(java.nio.ByteBuffer[])'>
        <annotation name='com.intellij.inspections.tainted.annotation.equation.Equations'>
            <val val="{ &quot;srcs := FileChannel#write(java.nio.ByteBuffer[])#0 &amp; SocketChannel#write(java.nio.ByteBuffer[])#0 &amp; DatagramChannel#write(java.nio.ByteBuffer[])#0&quot;, &quot;write := FileChannel#write(java.nio.ByteBuffer[]) &amp; SocketChannel#write(java.nio.ByteBuffer[]) &amp; DatagramChannel#write(java.nio.ByteBuffer[])&quot; }"/>
        </annotation>
    </item>
    <item name='java.nio.channels.GatheringByteChannel long write(java.nio.ByteBuffer[], int, int)'>
        <annotation name='com.intellij.inspections.tainted.annotation.equation.Equations'>
            <val val="{ &quot;write := FileChannel#write(java.nio.ByteBuffer[], int, int) &amp; SocketChannel#write(java.nio.ByteBuffer[], int, int) &amp; DatagramChannel#write(java.nio.ByteBuffer[], int, int)&quot;, &quot;srcs := FileChannel#write(java.nio.ByteBuffer[], int, int)#0 &amp; SocketChannel#write(java.nio.ByteBuffer[], int, int)#0 &amp; DatagramChannel#write(java.nio.ByteBuffer[], int, int)#0&quot;, &quot;length := FileChannel#write(java.nio.ByteBuffer[], int, int)#2 &amp; SocketChannel#write(java.nio.ByteBuffer[], int, int)#2 &amp; DatagramChannel#write(java.nio.ByteBuffer[], int, int)#2&quot;, &quot;offset := FileChannel#write(java.nio.ByteBuffer[], int, int)#1 &amp; SocketChannel#write(java.nio.ByteBuffer[], int, int)#1 &amp; DatagramChannel#write(java.nio.ByteBuffer[], int, int)#1&quot; }"/>
        </annotation>
    </item>
    <item name='java.nio.channels.Pipe.SinkChannel SinkChannel(java.nio.channels.spi.SelectorProvider)'>
        <annotation name='com.intellij.inspections.tainted.annotation.equation.Equations'>
            <val val="{ &quot;SinkChannel := Pipe.SinkChannel&quot; }"/>
        </annotation>
    </item>
    <item name='java.nio.channels.Pipe.SinkChannel int validOps()'>
        <annotation name='com.intellij.inspections.tainted.annotation.equation.Equations'>
            <val val="{ &quot;validOps := SelectionKey#OP_WRITE&quot; }"/>
        </annotation>
    </item>
    <item name='java.nio.channels.Pipe.SourceChannel SourceChannel(java.nio.channels.spi.SelectorProvider)'>
        <annotation name='com.intellij.inspections.tainted.annotation.equation.Equations'>
            <val val="{ &quot;SourceChannel := Pipe.SourceChannel&quot; }"/>
        </annotation>
    </item>
    <item name='java.nio.channels.Pipe.SourceChannel int validOps()'>
        <annotation name='com.intellij.inspections.tainted.annotation.equation.Equations'>
            <val val="{ &quot;validOps := SelectionKey#OP_READ&quot; }"/>
        </annotation>
    </item>
    <item name='java.nio.channels.ReadableByteChannel int read(java.nio.ByteBuffer)'>
        <annotation name='com.intellij.inspections.tainted.annotation.equation.Equations'>
            <val val="{ &quot;read := Channels.ReadableByteChannelImpl#read(java.nio.ByteBuffer) &amp; FileChannel#read(java.nio.ByteBuffer) &amp; SeekableByteChannel#read(java.nio.ByteBuffer) &amp; SocketChannel#read(java.nio.ByteBuffer) &amp; DatagramChannel#read(java.nio.ByteBuffer)&quot;, &quot;dst := Channels.ReadableByteChannelImpl#read(java.nio.ByteBuffer)#0 &amp; FileChannel#read(java.nio.ByteBuffer)#0 &amp; SeekableByteChannel#read(java.nio.ByteBuffer)#0 &amp; SocketChannel#read(java.nio.ByteBuffer)#0 &amp; DatagramChannel#read(java.nio.ByteBuffer)#0&quot; }"/>
        </annotation>
    </item>
    <item name='java.nio.channels.ScatteringByteChannel long read(java.nio.ByteBuffer[])'>
        <annotation name='com.intellij.inspections.tainted.annotation.equation.Equations'>
            <val val="{ &quot;dsts := FileChannel#read(java.nio.ByteBuffer[])#0 &amp; SocketChannel#read(java.nio.ByteBuffer[])#0 &amp; DatagramChannel#read(java.nio.ByteBuffer[])#0&quot;, &quot;read := FileChannel#read(java.nio.ByteBuffer[]) &amp; SocketChannel#read(java.nio.ByteBuffer[]) &amp; DatagramChannel#read(java.nio.ByteBuffer[])&quot; }"/>
        </annotation>
    </item>
    <item name='java.nio.channels.ScatteringByteChannel long read(java.nio.ByteBuffer[], int, int)'>
        <annotation name='com.intellij.inspections.tainted.annotation.equation.Equations'>
            <val val="{ &quot;dsts := FileChannel#read(java.nio.ByteBuffer[], int, int)#0 &amp; SocketChannel#read(java.nio.ByteBuffer[], int, int)#0 &amp; DatagramChannel#read(java.nio.ByteBuffer[], int, int)#0&quot;, &quot;length := FileChannel#read(java.nio.ByteBuffer[], int, int)#2 &amp; SocketChannel#read(java.nio.ByteBuffer[], int, int)#2 &amp; DatagramChannel#read(java.nio.ByteBuffer[], int, int)#2&quot;, &quot;offset := FileChannel#read(java.nio.ByteBuffer[], int, int)#1 &amp; SocketChannel#read(java.nio.ByteBuffer[], int, int)#1 &amp; DatagramChannel#read(java.nio.ByteBuffer[], int, int)#1&quot;, &quot;read := FileChannel#read(java.nio.ByteBuffer[], int, int) &amp; SocketChannel#read(java.nio.ByteBuffer[], int, int) &amp; DatagramChannel#read(java.nio.ByteBuffer[], int, int)&quot; }"/>
        </annotation>
    </item>
    <item name='java.nio.channels.SeekableByteChannel int read(java.nio.ByteBuffer)'>
        <annotation name='com.intellij.inspections.tainted.annotation.equation.Equations'>
            <val val="{ &quot;read := FileChannel#read(java.nio.ByteBuffer)&quot;, &quot;dst := FileChannel#read(java.nio.ByteBuffer)#0&quot; }"/>
        </annotation>
    </item>
    <item name='java.nio.channels.SeekableByteChannel int write(java.nio.ByteBuffer)'>
        <annotation name='com.intellij.inspections.tainted.annotation.equation.Equations'>
            <val val="{ &quot;write := FileChannel#write(java.nio.ByteBuffer)&quot;, &quot;src := FileChannel#write(java.nio.ByteBuffer)#0&quot; }"/>
        </annotation>
    </item>
    <item name='java.nio.channels.SeekableByteChannel java.nio.channels.SeekableByteChannel position(long)'>
        <annotation name='com.intellij.inspections.tainted.annotation.equation.Equations'>
            <val val="{ &quot;position := FileChannel#position(long)&quot;, &quot;newPosition := FileChannel#position(long)#0&quot; }"/>
        </annotation>
    </item>
    <item name='java.nio.channels.SeekableByteChannel java.nio.channels.SeekableByteChannel truncate(long)'>
        <annotation name='com.intellij.inspections.tainted.annotation.equation.Equations'>
            <val val="{ &quot;truncate := FileChannel#truncate(long)&quot;, &quot;size := FileChannel#truncate(long)#0&quot; }"/>
        </annotation>
    </item>
    <item name='java.nio.channels.SeekableByteChannel long position()'>
        <annotation name='com.intellij.inspections.tainted.annotation.equation.Equations'>
            <val val="{ &quot;position := FileChannel#position()&quot; }"/>
        </annotation>
    </item>
    <item name='java.nio.channels.SeekableByteChannel long size()'>
        <annotation name='com.intellij.inspections.tainted.annotation.equation.Equations'>
            <val val="{ &quot;size := FileChannel#size()&quot; }"/>
        </annotation>
    </item>
    <item name='java.nio.channels.SelectableChannel int validOps()'>
        <annotation name='com.intellij.inspections.tainted.annotation.equation.Equations'>
            <val val="{ &quot;validOps := Pipe.SourceChannel#validOps() &amp; Pipe.SinkChannel#validOps() &amp; SocketChannel#validOps() &amp; DatagramChannel#validOps() &amp; ServerSocketChannel#validOps()&quot; }"/>
        </annotation>
    </item>
    <item name='java.nio.channels.SelectableChannel java.lang.Object blockingLock()'>
        <annotation name='com.intellij.inspections.tainted.annotation.equation.Equations'>
            <val val="{ &quot;blockingLock := java.nio.channels.spi.AbstractSelectableChannel#blockingLock()&quot; }"/>
        </annotation>
    </item>
    <item name='java.nio.channels.SelectableChannel java.nio.channels.SelectableChannel configureBlocking(boolean)'>
        <annotation name='com.intellij.inspections.tainted.annotation.equation.Equations'>
            <val val="{ &quot;configureBlocking := java.nio.channels.spi.AbstractSelectableChannel#configureBlocking(boolean)&quot; }"/>
        </annotation>
    </item>
    <item name='java.nio.channels.SelectableChannel java.nio.channels.SelectionKey keyFor(java.nio.channels.Selector)'>
        <annotation name='com.intellij.inspections.tainted.annotation.equation.Equations'>
            <val val="{ &quot;sel := java.nio.channels.spi.AbstractSelectableChannel#keyFor(java.nio.channels.Selector)#0&quot;, &quot;keyFor := java.nio.channels.spi.AbstractSelectableChannel#keyFor(java.nio.channels.Selector)&quot; }"/>
        </annotation>
    </item>
    <item name='java.nio.channels.SelectableChannel java.nio.channels.SelectionKey register(java.nio.channels.Selector, int, java.lang.Object)'>
        <annotation name='com.intellij.inspections.tainted.annotation.equation.Equations'>
            <val val="{ &quot;att := java.nio.channels.spi.AbstractSelectableChannel#register(java.nio.channels.Selector, int, java.lang.Object)#2&quot;, &quot;sel := com.sun.corba.se.impl.transport.SelectorImpl &amp; java.nio.channels.spi.AbstractSelectableChannel#register(java.nio.channels.Selector, int, java.lang.Object)#0 &amp; #register(java.nio.channels.Selector, int)#0&quot;, &quot;register := java.nio.channels.spi.AbstractSelectableChannel#register(java.nio.channels.Selector, int, java.lang.Object)&quot;, &quot;ops := java.nio.channels.spi.AbstractSelectableChannel#register(java.nio.channels.Selector, int, java.lang.Object)#1 &amp; #register(java.nio.channels.Selector, int)#1&quot; }"/>
        </annotation>
    </item>
    <item name='java.nio.channels.SelectableChannel java.nio.channels.spi.SelectorProvider provider()'>
        <annotation name='com.intellij.inspections.tainted.annotation.equation.Equations'>
            <val val="{ &quot;provider := java.nio.channels.spi.AbstractSelectableChannel#provider()&quot; }"/>
        </annotation>
    </item>
    <item name='java.nio.channels.SelectionKey SelectionKey()'>
        <annotation name='com.intellij.inspections.tainted.annotation.equation.Equations'>
            <val val="{ &quot;SelectionKey := SelectionKey&quot; }"/>
        </annotation>
    </item>
    <item name='java.nio.channels.SelectionKey int interestOps()'>
        <annotation name='com.intellij.inspections.tainted.annotation.equation.Equations'>
            <val val="{ &quot;interestOps := sun.nio.ch.SelectionKeyImpl#interestOps()&quot; }"/>
        </annotation>
    </item>
    <item name='java.nio.channels.SelectionKey int readyOps()'>
        <annotation name='com.intellij.inspections.tainted.annotation.equation.Equations'>
            <val val="{ &quot;readyOps := sun.nio.ch.SelectionKeyImpl#readyOps()&quot; }"/>
        </annotation>
    </item>
    <item name='java.nio.channels.SelectionKey java.lang.Object attach(java.lang.Object)'>
        <annotation name='com.intellij.inspections.tainted.annotation.equation.Equations'>
            <val val="{ &quot;ob := sun.nio.ch.SelectorImpl#register(java.nio.channels.spi.AbstractSelectableChannel, int, java.lang.Object)#2 &amp; java.nio.channels.spi.AbstractSelectableChannel#register(java.nio.channels.Selector, int, java.lang.Object)#2 &amp; sun.nio.ch.SelectorImpl#register(java.nio.channels.spi.AbstractSelectableChannel, int, java.lang.Object)#2&quot; }"/>
        </annotation>
    </item>
    <item name='java.nio.channels.SelectionKey java.lang.Object attachment()'>
        <annotation name='com.intellij.inspections.tainted.annotation.equation.Equations'>
            <val val="{ &quot;attachment := SelectionKey&quot; }"/>
        </annotation>
    </item>
    <item name='java.nio.channels.SelectionKey java.nio.channels.SelectableChannel channel()'>
        <annotation name='com.intellij.inspections.tainted.annotation.equation.Equations'>
            <val val="{ &quot;channel := sun.nio.ch.SelectionKeyImpl#channel()&quot; }"/>
        </annotation>
    </item>
    <item name='java.nio.channels.SelectionKey java.nio.channels.SelectionKey interestOps(int)'>
        <annotation name='com.intellij.inspections.tainted.annotation.equation.Equations'>
            <val val="{ &quot;ops := sun.nio.ch.SelectionKeyImpl#interestOps(int)#0&quot;, &quot;interestOps := sun.nio.ch.SelectionKeyImpl#interestOps(int)&quot; }"/>
        </annotation>
    </item>
    <item name='java.nio.channels.SelectionKey java.nio.channels.Selector selector()'>
        <annotation name='com.intellij.inspections.tainted.annotation.equation.Equations'>
            <val val="{ &quot;selector := sun.nio.ch.SelectionKeyImpl#selector()&quot; }"/>
        </annotation>
    </item>
    <item name='java.nio.channels.Selector int select()'>
        <annotation name='com.intellij.inspections.tainted.annotation.equation.Equations'>
            <val val="{ &quot;select := sun.nio.ch.SelectorImpl#select()&quot; }"/>
        </annotation>
    </item>
    <item name='java.nio.channels.Selector int select(long)'>
        <annotation name='com.intellij.inspections.tainted.annotation.equation.Equations'>
            <val val="{ &quot;timeout := com.sun.corba.se.impl.transport.SelectorImpl &amp; sun.nio.ch.SelectorImpl#select(long)#0&quot;, &quot;select := sun.nio.ch.SelectorImpl#select(long)&quot; }"/>
        </annotation>
    </item>
    <item name='java.nio.channels.Selector int selectNow()'>
        <annotation name='com.intellij.inspections.tainted.annotation.equation.Equations'>
            <val val="{ &quot;selectNow := sun.nio.ch.SelectorImpl#selectNow()&quot; }"/>
        </annotation>
    </item>
    <item name='java.nio.channels.Selector java.nio.channels.Selector wakeup()'>
        <annotation name='com.intellij.inspections.tainted.annotation.equation.Equations'>
            <val val="{ &quot;wakeup := sun.nio.ch.SelectorImpl#wakeup()&quot; }"/>
        </annotation>
    </item>
    <item name='java.nio.channels.Selector java.nio.channels.spi.SelectorProvider provider()'>
        <annotation name='com.intellij.inspections.tainted.annotation.equation.Equations'>
            <val val="{ &quot;provider := java.nio.channels.spi.AbstractSelector#provider()&quot; }"/>
        </annotation>
    </item>
    <item name='java.nio.channels.Selector java.util.Set&lt;java.nio.channels.SelectionKey&gt; keys()'>
        <annotation name='com.intellij.inspections.tainted.annotation.equation.Equations'>
            <val val="{ &quot;keys := sun.nio.ch.SelectorImpl#keys()&quot; }"/>
        </annotation>
    </item>
    <item name='java.nio.channels.Selector java.util.Set&lt;java.nio.channels.SelectionKey&gt; selectedKeys()'>
        <annotation name='com.intellij.inspections.tainted.annotation.equation.Equations'>
            <val val="{ &quot;selectedKeys := sun.nio.ch.SelectorImpl#selectedKeys()&quot; }"/>
        </annotation>
    </item>
    <item name='java.nio.channels.ServerSocketChannel ServerSocketChannel(java.nio.channels.spi.SelectorProvider)'>
        <annotation name='com.intellij.inspections.tainted.annotation.equation.Equations'>
            <val val="{ &quot;ServerSocketChannel := ServerSocketChannel&quot; }"/>
        </annotation>
    </item>
    <item name='java.nio.channels.ServerSocketChannel int validOps()'>
        <annotation name='com.intellij.inspections.tainted.annotation.equation.Equations'>
            <val val="{ &quot;validOps := SelectionKey#OP_ACCEPT&quot; }"/>
        </annotation>
    </item>
    <item name='java.nio.channels.SocketChannel SocketChannel(java.nio.channels.spi.SelectorProvider)'>
        <annotation name='com.intellij.inspections.tainted.annotation.equation.Equations'>
            <val val="{ &quot;SocketChannel := SocketChannel&quot; }"/>
        </annotation>
    </item>
    <item name='java.nio.channels.SocketChannel int read(java.nio.ByteBuffer)'>
        <annotation name='com.intellij.inspections.tainted.annotation.equation.Equations'>
            <val val="{ &quot;dst := com.sun.corba.se.impl.transport.SocketOrChannelConnectionImpl#readFully(java.nio.ByteBuffer, int, long)#0&quot; }"/>
        </annotation>
    </item>
    <item name='java.nio.channels.SocketChannel int validOps()'>
        <annotation name='com.intellij.inspections.tainted.annotation.equation.Equations'>
            <val val="{ &quot;validOps := SelectionKey#OP_READ &amp; SelectionKey#OP_WRITE &amp; SelectionKey#OP_CONNECT&quot; }"/>
        </annotation>
    </item>
    <item name='java.nio.channels.SocketChannel int write(java.nio.ByteBuffer)'>
        <annotation name='com.intellij.inspections.tainted.annotation.equation.Equations'>
            <val val="{ &quot;src := com.sun.corba.se.impl.transport.SocketOrChannelConnectionImpl#write(java.nio.ByteBuffer)#0&quot; }"/>
        </annotation>
    </item>
    <item name='java.nio.channels.SocketChannel long read(java.nio.ByteBuffer[], int, int)'>
        <annotation name='com.intellij.inspections.tainted.annotation.equation.Equations'>
            <val val="{ &quot;dsts := #read(java.nio.ByteBuffer[])#0&quot; }"/>
        </annotation>
    </item>
    <item name='java.nio.channels.SocketChannel long write(java.nio.ByteBuffer[], int, int)'>
        <annotation name='com.intellij.inspections.tainted.annotation.equation.Equations'>
            <val val="{ &quot;srcs := #write(java.nio.ByteBuffer[])#0&quot; }"/>
        </annotation>
    </item>
    <item name='java.nio.channels.WritableByteChannel int write(java.nio.ByteBuffer)'>
        <annotation name='com.intellij.inspections.tainted.annotation.equation.Equations'>
            <val val="{ &quot;src := Channels#writeFullyImpl(java.nio.channels.WritableByteChannel, java.nio.ByteBuffer)#1 &amp; FileChannel#write(java.nio.ByteBuffer)#0 &amp; Channels.WritableByteChannelImpl#write(java.nio.ByteBuffer)#0 &amp; SocketChannel#write(java.nio.ByteBuffer)#0 &amp; DatagramChannel#write(java.nio.ByteBuffer)#0 &amp; SeekableByteChannel#write(java.nio.ByteBuffer)#0&quot;, &quot;write := FileChannel#write(java.nio.ByteBuffer) &amp; Channels.WritableByteChannelImpl#write(java.nio.ByteBuffer) &amp; SocketChannel#write(java.nio.ByteBuffer) &amp; DatagramChannel#write(java.nio.ByteBuffer) &amp; SeekableByteChannel#write(java.nio.ByteBuffer)&quot; }"/>
        </annotation>
    </item>
</root>