<root>
    <item name='org.locationtech.jts.operation.buffer.BufferBuilder'>
        <annotation name='com.intellij.inspections.tainted.annotation.equation.Equations'>
            <val val="{ &quot;BufferBuilder := #BufferBuilder(org.locationtech.jts.operation.buffer.BufferParameters)#0 &amp; #setWorkingPrecisionModel(org.locationtech.jts.geom.PrecisionModel)#0 &amp; #setNoder(org.locationtech.jts.noding.Noder)#0&quot; }"/>
        </annotation>
    </item>
    <item name='org.locationtech.jts.operation.buffer.BufferBuilder BufferBuilder(org.locationtech.jts.operation.buffer.BufferParameters)'>
        <annotation name='com.intellij.inspections.tainted.annotation.equation.Equations'>
            <val val="{ &quot;bufParams := BufferOp&quot;, &quot;BufferBuilder := BufferBuilder&quot; }"/>
        </annotation>
    </item>
    <item name='org.locationtech.jts.operation.buffer.BufferBuilder int depthDelta(org.locationtech.jts.geomgraph.Label)'>
        <annotation name='com.intellij.inspections.tainted.annotation.equation.Equations'>
            <val val="{ &quot;label := &quot; }"/>
        </annotation>
    </item>
    <item name='org.locationtech.jts.operation.buffer.BufferBuilder java.util.List createSubgraphs(org.locationtech.jts.geomgraph.PlanarGraph)'>
        <annotation name='com.intellij.inspections.tainted.annotation.equation.Equations'>
            <val val="{ &quot;createSubgraphs := &quot;, &quot;graph := BufferBuilder&quot; }"/>
        </annotation>
    </item>
    <item name='org.locationtech.jts.operation.buffer.BufferBuilder org.locationtech.jts.geom.Geometry buffer(org.locationtech.jts.geom.Geometry, double)'>
        <annotation name='com.intellij.inspections.tainted.annotation.equation.Equations'>
            <val val="{ &quot;distance := BufferOp&quot;, &quot;g := BufferOp&quot;, &quot;buffer := &quot; }"/>
        </annotation>
    </item>
    <item name='org.locationtech.jts.operation.buffer.BufferBuilder org.locationtech.jts.geom.Geometry convertSegStrings(java.util.Iterator)'>
        <annotation name='com.intellij.inspections.tainted.annotation.equation.Equations'>
            <val val="{ &quot;convertSegStrings := &quot; }"/>
        </annotation>
    </item>
    <item name='org.locationtech.jts.operation.buffer.BufferBuilder org.locationtech.jts.geom.Geometry createEmptyResultGeometry()'>
        <annotation name='com.intellij.inspections.tainted.annotation.equation.Equations'>
            <val val="{ &quot;createEmptyResultGeometry := &quot; }"/>
        </annotation>
    </item>
    <item name='org.locationtech.jts.operation.buffer.BufferBuilder org.locationtech.jts.noding.Noder getNoder(org.locationtech.jts.geom.PrecisionModel)'>
        <annotation name='com.intellij.inspections.tainted.annotation.equation.Equations'>
            <val val="{ &quot;getNoder := BufferBuilder&quot;, &quot;precisionModel := #computeNodedEdges(java.util.List, org.locationtech.jts.geom.PrecisionModel)#1&quot; }"/>
        </annotation>
    </item>
    <item name='org.locationtech.jts.operation.buffer.BufferBuilder void buildSubgraphs(java.util.List, org.locationtech.jts.operation.overlay.PolygonBuilder)'>
        <annotation name='com.intellij.inspections.tainted.annotation.equation.Equations'>
            <val val="{ &quot;subgraphList := &quot;, &quot;polyBuilder := &quot; }"/>
        </annotation>
    </item>
    <item name='org.locationtech.jts.operation.buffer.BufferBuilder void computeNodedEdges(java.util.List, org.locationtech.jts.geom.PrecisionModel)'>
        <annotation name='com.intellij.inspections.tainted.annotation.equation.Equations'>
            <val val="{ &quot;bufferSegStrList := &quot;, &quot;precisionModel := BufferBuilder&quot; }"/>
        </annotation>
    </item>
    <item name='org.locationtech.jts.operation.buffer.BufferBuilder void insertUniqueEdge(org.locationtech.jts.geomgraph.Edge)'>
        <annotation name='com.intellij.inspections.tainted.annotation.equation.Equations'>
            <val val="{ &quot;e := &quot; }"/>
        </annotation>
    </item>
    <item name='org.locationtech.jts.operation.buffer.BufferBuilder void setNoder(org.locationtech.jts.noding.Noder)'>
        <annotation name='com.intellij.inspections.tainted.annotation.equation.Equations'>
            <val val="{ &quot;noder := &quot; }"/>
        </annotation>
    </item>
    <item name='org.locationtech.jts.operation.buffer.BufferBuilder void setWorkingPrecisionModel(org.locationtech.jts.geom.PrecisionModel)'>
        <annotation name='com.intellij.inspections.tainted.annotation.equation.Equations'>
            <val val="{ &quot;pm := BufferOp#bufferFixedPrecision(org.locationtech.jts.geom.PrecisionModel)#0&quot; }"/>
        </annotation>
    </item>
    <item name='org.locationtech.jts.operation.buffer.BufferInputLineSimplifier'>
        <annotation name='com.intellij.inspections.tainted.annotation.equation.Equations'>
            <val val="{ &quot;BufferInputLineSimplifier := #BufferInputLineSimplifier(org.locationtech.jts.geom.Coordinate[])#0 &amp; org.locationtech.jts.algorithm.Orientation#CLOCKWISE &amp; org.locationtech.jts.algorithm.Orientation#COUNTERCLOCKWISE &amp; #DELETE&quot; }"/>
        </annotation>
    </item>
    <item name='org.locationtech.jts.operation.buffer.BufferInputLineSimplifier BufferInputLineSimplifier(org.locationtech.jts.geom.Coordinate[])'>
        <annotation name='com.intellij.inspections.tainted.annotation.equation.Equations'>
            <val val="{ &quot;inputLine := #simplify(org.locationtech.jts.geom.Coordinate[], double)#0&quot;, &quot;BufferInputLineSimplifier := BufferInputLineSimplifier&quot; }"/>
        </annotation>
    </item>
    <item name='org.locationtech.jts.operation.buffer.BufferInputLineSimplifier boolean isDeletable(int, int, int, double)'>
        <annotation name='com.intellij.inspections.tainted.annotation.equation.Equations'>
            <val val="{ &quot;i2 := &quot;, &quot;distanceTol := BufferInputLineSimplifier&quot;, &quot;i0 := &quot;, &quot;i1 := &quot; }"/>
        </annotation>
    </item>
    <item name='org.locationtech.jts.operation.buffer.BufferInputLineSimplifier boolean isShallowSampled(org.locationtech.jts.geom.Coordinate, org.locationtech.jts.geom.Coordinate, int, int, double)'>
        <annotation name='com.intellij.inspections.tainted.annotation.equation.Equations'>
            <val val="{ &quot;i2 := #isDeletable(int, int, int, double)#2&quot;, &quot;i0 := #isDeletable(int, int, int, double)#0&quot;, &quot;p2 := BufferInputLineSimplifier&quot;, &quot;p0 := BufferInputLineSimplifier&quot;, &quot;distanceTol := #isDeletable(int, int, int, double)#3&quot; }"/>
        </annotation>
    </item>
    <item name='org.locationtech.jts.operation.buffer.BufferInputLineSimplifier int findNextNonDeletedIndex(int)'>
        <annotation name='com.intellij.inspections.tainted.annotation.equation.Equations'>
            <val val="{ &quot;findNextNonDeletedIndex := index&quot;, &quot;index := &quot; }"/>
        </annotation>
    </item>
    <item name='org.locationtech.jts.operation.buffer.BufferInputLineSimplifier org.locationtech.jts.geom.Coordinate[] collapseLine()'>
        <annotation name='com.intellij.inspections.tainted.annotation.equation.Equations'>
            <val val="{ &quot;collapseLine := &quot; }"/>
        </annotation>
    </item>
    <item name='org.locationtech.jts.operation.buffer.BufferInputLineSimplifier org.locationtech.jts.geom.Coordinate[] simplify(double)'>
        <annotation name='com.intellij.inspections.tainted.annotation.equation.Equations'>
            <val val="{ &quot;distanceTol := #simplify(org.locationtech.jts.geom.Coordinate[], double)#1&quot;, &quot;simplify := &quot; }"/>
        </annotation>
    </item>
    <item name='org.locationtech.jts.operation.buffer.BufferInputLineSimplifier org.locationtech.jts.geom.Coordinate[] simplify(org.locationtech.jts.geom.Coordinate[], double)'>
        <annotation name='com.intellij.inspections.tainted.annotation.equation.Equations'>
            <val val="{ &quot;distanceTol := &quot;, &quot;inputLine := OffsetCurveBuilder#computeLineBufferCurve(org.locationtech.jts.geom.Coordinate[], org.locationtech.jts.operation.buffer.OffsetSegmentGenerator)#0 &amp; OffsetCurveBuilder#computeSingleSidedBufferCurve(org.locationtech.jts.geom.Coordinate[], boolean, org.locationtech.jts.operation.buffer.OffsetSegmentGenerator)#0 &amp; OffsetCurveBuilder#computeOffsetCurve(org.locationtech.jts.geom.Coordinate[], boolean, org.locationtech.jts.operation.buffer.OffsetSegmentGenerator)#0 &amp; OffsetCurveBuilder#computeRingBufferCurve(org.locationtech.jts.geom.Coordinate[], int, org.locationtech.jts.operation.buffer.OffsetSegmentGenerator)#0&quot;, &quot;simplify := &quot; }"/>
        </annotation>
    </item>
    <item name='org.locationtech.jts.operation.buffer.BufferOp'>
        <annotation name='com.intellij.inspections.tainted.annotation.equation.Equations'>
            <val val="{ &quot;BufferOp := #BufferOp(org.locationtech.jts.geom.Geometry)#0 &amp; #getResultGeometry(double)#0 &amp; #BufferOp(org.locationtech.jts.geom.Geometry, org.locationtech.jts.operation.buffer.BufferParameters)#0 &amp; #BufferOp(org.locationtech.jts.geom.Geometry, org.locationtech.jts.operation.buffer.BufferParameters)#1&quot; }"/>
        </annotation>
    </item>
    <item name='org.locationtech.jts.operation.buffer.BufferOp BufferOp(org.locationtech.jts.geom.Geometry)'>
        <annotation name='com.intellij.inspections.tainted.annotation.equation.Equations'>
            <val val="{ &quot;g := #bufferOp(org.locationtech.jts.geom.Geometry, double)#0 &amp; #bufferOp(org.locationtech.jts.geom.Geometry, double, int, int)#0 &amp; #bufferOp(org.locationtech.jts.geom.Geometry, double, int)#0&quot;, &quot;BufferOp := BufferOp&quot; }"/>
        </annotation>
    </item>
    <item name='org.locationtech.jts.operation.buffer.BufferOp BufferOp(org.locationtech.jts.geom.Geometry, org.locationtech.jts.operation.buffer.BufferParameters)'>
        <annotation name='com.intellij.inspections.tainted.annotation.equation.Equations'>
            <val val="{ &quot;BufferOp := BufferOp&quot;, &quot;bufParams := #bufferOp(org.locationtech.jts.geom.Geometry, double, org.locationtech.jts.operation.buffer.BufferParameters)#2&quot;, &quot;g := #bufferOp(org.locationtech.jts.geom.Geometry, double, org.locationtech.jts.operation.buffer.BufferParameters)#0&quot; }"/>
        </annotation>
    </item>
    <item name='org.locationtech.jts.operation.buffer.BufferOp double precisionScaleFactor(org.locationtech.jts.geom.Geometry, double, int)'>
        <annotation name='com.intellij.inspections.tainted.annotation.equation.Equations'>
            <val val="{ &quot;precisionScaleFactor := &quot;, &quot;maxPrecisionDigits := #bufferReducedPrecision(int)#0&quot;, &quot;g := BufferOp&quot;, &quot;distance := BufferOp&quot; }"/>
        </annotation>
    </item>
    <item name='org.locationtech.jts.operation.buffer.BufferOp org.locationtech.jts.geom.Geometry bufferOp(org.locationtech.jts.geom.Geometry, double)'>
        <annotation name='com.intellij.inspections.tainted.annotation.equation.Equations'>
            <val val="{ &quot;bufferOp := &quot;, &quot;distance := org.locationtech.jts.geom.Geometry#buffer(double)#0&quot;, &quot;g := org.locationtech.jts.geom.Geometry&quot; }"/>
        </annotation>
    </item>
    <item name='org.locationtech.jts.operation.buffer.BufferOp org.locationtech.jts.geom.Geometry bufferOp(org.locationtech.jts.geom.Geometry, double, int)'>
        <annotation name='com.intellij.inspections.tainted.annotation.equation.Equations'>
            <val val="{ &quot;bufferOp := &quot;, &quot;quadrantSegments := org.locationtech.jts.geom.Geometry#buffer(double, int)#1&quot;, &quot;distance := org.locationtech.jts.geom.Geometry#buffer(double, int)#0&quot;, &quot;g := org.locationtech.jts.geom.Geometry&quot; }"/>
        </annotation>
    </item>
    <item name='org.locationtech.jts.operation.buffer.BufferOp org.locationtech.jts.geom.Geometry bufferOp(org.locationtech.jts.geom.Geometry, double, int, int)'>
        <annotation name='com.intellij.inspections.tainted.annotation.equation.Equations'>
            <val val="{ &quot;bufferOp := &quot;, &quot;g := org.locationtech.jts.geom.Geometry&quot;, &quot;distance := org.locationtech.jts.geom.Geometry#buffer(double, int, int)#0&quot;, &quot;quadrantSegments := org.locationtech.jts.geom.Geometry#buffer(double, int, int)#1&quot;, &quot;endCapStyle := org.locationtech.jts.geom.Geometry#buffer(double, int, int)#2&quot; }"/>
        </annotation>
    </item>
    <item name='org.locationtech.jts.operation.buffer.BufferOp org.locationtech.jts.geom.Geometry bufferOp(org.locationtech.jts.geom.Geometry, double, org.locationtech.jts.operation.buffer.BufferParameters)'>
        <annotation name='com.intellij.inspections.tainted.annotation.equation.Equations'>
            <val val="{ &quot;bufferOp := &quot; }"/>
        </annotation>
    </item>
    <item name='org.locationtech.jts.operation.buffer.BufferOp org.locationtech.jts.geom.Geometry getResultGeometry(double)'>
        <annotation name='com.intellij.inspections.tainted.annotation.equation.Equations'>
            <val val="{ &quot;getResultGeometry := BufferOp&quot;, &quot;distance := #bufferOp(org.locationtech.jts.geom.Geometry, double)#1 &amp; #bufferOp(org.locationtech.jts.geom.Geometry, double, int, int)#1 &amp; #bufferOp(org.locationtech.jts.geom.Geometry, double, int)#1 &amp; #bufferOp(org.locationtech.jts.geom.Geometry, double, org.locationtech.jts.operation.buffer.BufferParameters)#1&quot; }"/>
        </annotation>
    </item>
    <item name='org.locationtech.jts.operation.buffer.BufferOp void bufferFixedPrecision(org.locationtech.jts.geom.PrecisionModel)'>
        <annotation name='com.intellij.inspections.tainted.annotation.equation.Equations'>
            <val val="{ &quot;fixedPM := &quot; }"/>
        </annotation>
    </item>
    <item name='org.locationtech.jts.operation.buffer.BufferOp void bufferReducedPrecision(int)'>
        <annotation name='com.intellij.inspections.tainted.annotation.equation.Equations'>
            <val val="{ &quot;precisionDigits := BufferOp&quot; }"/>
        </annotation>
    </item>
    <item name='org.locationtech.jts.operation.buffer.BufferOp void setEndCapStyle(int)'>
        <annotation name='com.intellij.inspections.tainted.annotation.equation.Equations'>
            <val val="{ &quot;endCapStyle := #bufferOp(org.locationtech.jts.geom.Geometry, double, int, int)#3&quot; }"/>
        </annotation>
    </item>
    <item name='org.locationtech.jts.operation.buffer.BufferOp void setQuadrantSegments(int)'>
        <annotation name='com.intellij.inspections.tainted.annotation.equation.Equations'>
            <val val="{ &quot;quadrantSegments := #bufferOp(org.locationtech.jts.geom.Geometry, double, int, int)#2 &amp; #bufferOp(org.locationtech.jts.geom.Geometry, double, int)#2&quot; }"/>
        </annotation>
    </item>
    <item name='org.locationtech.jts.operation.buffer.BufferParameters'>
        <annotation name='com.intellij.inspections.tainted.annotation.equation.Equations'>
            <val val="{ &quot;BufferParameters := #DEFAULT_QUADRANT_SEGMENTS &amp; #CAP_ROUND &amp; #JOIN_ROUND &amp; #DEFAULT_MITRE_LIMIT &amp; #DEFAULT_SIMPLIFY_FACTOR &amp; #setQuadrantSegments(int)#0 &amp; #JOIN_BEVEL &amp; #JOIN_MITRE &amp; #setEndCapStyle(int)#0 &amp; #setJoinStyle(int)#0 &amp; #setMitreLimit(double)#0 &amp; #setSimplifyFactor(double)#0&quot; }"/>
        </annotation>
    </item>
    <item name='org.locationtech.jts.operation.buffer.BufferParameters BufferParameters()'>
        <annotation name='com.intellij.inspections.tainted.annotation.equation.Equations'>
            <val val="{ &quot;BufferParameters := BufferParameters&quot; }"/>
        </annotation>
    </item>
    <item name='org.locationtech.jts.operation.buffer.BufferParameters BufferParameters(int)'>
        <annotation name='com.intellij.inspections.tainted.annotation.equation.Equations'>
            <val val="{ &quot;BufferParameters := BufferParameters&quot; }"/>
        </annotation>
    </item>
    <item name='org.locationtech.jts.operation.buffer.BufferParameters BufferParameters(int, int)'>
        <annotation name='com.intellij.inspections.tainted.annotation.equation.Equations'>
            <val val="{ &quot;BufferParameters := BufferParameters&quot; }"/>
        </annotation>
    </item>
    <item name='org.locationtech.jts.operation.buffer.BufferParameters BufferParameters(int, int, int, double)'>
        <annotation name='com.intellij.inspections.tainted.annotation.equation.Equations'>
            <val val="{ &quot;BufferParameters := BufferParameters&quot; }"/>
        </annotation>
    </item>
    <item name='org.locationtech.jts.operation.buffer.BufferParameters double bufferDistanceError(int)'>
        <annotation name='com.intellij.inspections.tainted.annotation.equation.Equations'>
            <val val="{ &quot;bufferDistanceError := &quot; }"/>
        </annotation>
    </item>
    <item name='org.locationtech.jts.operation.buffer.BufferParameters double getMitreLimit()'>
        <annotation name='com.intellij.inspections.tainted.annotation.equation.Equations'>
            <val val="{ &quot;getMitreLimit := BufferParameters&quot; }"/>
        </annotation>
    </item>
    <item name='org.locationtech.jts.operation.buffer.BufferParameters double getSimplifyFactor()'>
        <annotation name='com.intellij.inspections.tainted.annotation.equation.Equations'>
            <val val="{ &quot;getSimplifyFactor := BufferParameters&quot; }"/>
        </annotation>
    </item>
    <item name='org.locationtech.jts.operation.buffer.BufferParameters int getEndCapStyle()'>
        <annotation name='com.intellij.inspections.tainted.annotation.equation.Equations'>
            <val val="{ &quot;getEndCapStyle := BufferParameters&quot; }"/>
        </annotation>
    </item>
    <item name='org.locationtech.jts.operation.buffer.BufferParameters int getJoinStyle()'>
        <annotation name='com.intellij.inspections.tainted.annotation.equation.Equations'>
            <val val="{ &quot;getJoinStyle := BufferParameters&quot; }"/>
        </annotation>
    </item>
    <item name='org.locationtech.jts.operation.buffer.BufferParameters int getQuadrantSegments()'>
        <annotation name='com.intellij.inspections.tainted.annotation.equation.Equations'>
            <val val="{ &quot;getQuadrantSegments := BufferParameters&quot; }"/>
        </annotation>
    </item>
    <item name='org.locationtech.jts.operation.buffer.BufferParameters void setEndCapStyle(int)'>
        <annotation name='com.intellij.inspections.tainted.annotation.equation.Equations'>
            <val val="{ &quot;endCapStyle := BufferOp#setEndCapStyle(int)#0 &amp; #BufferParameters(int, int)#1 &amp; #BufferParameters(int, int, int, double)#1&quot; }"/>
        </annotation>
    </item>
    <item name='org.locationtech.jts.operation.buffer.BufferParameters void setJoinStyle(int)'>
        <annotation name='com.intellij.inspections.tainted.annotation.equation.Equations'>
            <val val="{ &quot;joinStyle := #BufferParameters(int, int, int, double)#2&quot; }"/>
        </annotation>
    </item>
    <item name='org.locationtech.jts.operation.buffer.BufferParameters void setMitreLimit(double)'>
        <annotation name='com.intellij.inspections.tainted.annotation.equation.Equations'>
            <val val="{ &quot;mitreLimit := #BufferParameters(int, int, int, double)#3&quot; }"/>
        </annotation>
    </item>
    <item name='org.locationtech.jts.operation.buffer.BufferParameters void setQuadrantSegments(int)'>
        <annotation name='com.intellij.inspections.tainted.annotation.equation.Equations'>
            <val val="{ &quot;quadSegs := BufferOp#setQuadrantSegments(int)#0 &amp; #BufferParameters(int)#0 &amp; #BufferParameters(int, int)#0 &amp; #BufferParameters(int, int, int, double)#0&quot; }"/>
        </annotation>
    </item>
    <item name='org.locationtech.jts.operation.buffer.BufferSubgraph'>
        <annotation name='com.intellij.inspections.tainted.annotation.equation.Equations'>
            <val val="{ &quot;BufferSubgraph := &quot; }"/>
        </annotation>
    </item>
    <item name='org.locationtech.jts.operation.buffer.BufferSubgraph BufferSubgraph()'>
        <annotation name='com.intellij.inspections.tainted.annotation.equation.Equations'>
            <val val="{ &quot;BufferSubgraph := BufferSubgraph&quot; }"/>
        </annotation>
    </item>
    <item name='org.locationtech.jts.operation.buffer.BufferSubgraph java.util.List getDirectedEdges()'>
        <annotation name='com.intellij.inspections.tainted.annotation.equation.Equations'>
            <val val="{ &quot;getDirectedEdges := BufferSubgraph&quot; }"/>
        </annotation>
    </item>
    <item name='org.locationtech.jts.operation.buffer.BufferSubgraph java.util.List getNodes()'>
        <annotation name='com.intellij.inspections.tainted.annotation.equation.Equations'>
            <val val="{ &quot;getNodes := BufferSubgraph&quot; }"/>
        </annotation>
    </item>
    <item name='org.locationtech.jts.operation.buffer.BufferSubgraph org.locationtech.jts.geom.Coordinate getRightmostCoordinate()'>
        <annotation name='com.intellij.inspections.tainted.annotation.equation.Equations'>
            <val val="{ &quot;getRightmostCoordinate := BufferSubgraph&quot; }"/>
        </annotation>
    </item>
    <item name='org.locationtech.jts.operation.buffer.BufferSubgraph org.locationtech.jts.geom.Envelope getEnvelope()'>
        <annotation name='com.intellij.inspections.tainted.annotation.equation.Equations'>
            <val val="{ &quot;getEnvelope := BufferSubgraph&quot; }"/>
        </annotation>
    </item>
    <item name='org.locationtech.jts.operation.buffer.BufferSubgraph void add(org.locationtech.jts.geomgraph.Node, java.util.Stack)'>
        <annotation name='com.intellij.inspections.tainted.annotation.equation.Equations'>
            <val val="{ &quot;nodeStack := &quot;, &quot;node := &quot; }"/>
        </annotation>
    </item>
    <item name='org.locationtech.jts.operation.buffer.BufferSubgraph void addReachable(org.locationtech.jts.geomgraph.Node)'>
        <annotation name='com.intellij.inspections.tainted.annotation.equation.Equations'>
            <val val="{ &quot;startNode := #create(org.locationtech.jts.geomgraph.Node)#0&quot; }"/>
        </annotation>
    </item>
    <item name='org.locationtech.jts.operation.buffer.BufferSubgraph void computeDepth(int)'>
        <annotation name='com.intellij.inspections.tainted.annotation.equation.Equations'>
            <val val="{ &quot;outsideDepth := &quot; }"/>
        </annotation>
    </item>
    <item name='org.locationtech.jts.operation.buffer.BufferSubgraph void computeDepths(org.locationtech.jts.geomgraph.DirectedEdge)'>
        <annotation name='com.intellij.inspections.tainted.annotation.equation.Equations'>
            <val val="{ &quot;startEdge := &quot; }"/>
        </annotation>
    </item>
    <item name='org.locationtech.jts.operation.buffer.BufferSubgraph void computeNodeDepth(org.locationtech.jts.geomgraph.Node)'>
        <annotation name='com.intellij.inspections.tainted.annotation.equation.Equations'>
            <val val="{ &quot;n := &quot; }"/>
        </annotation>
    </item>
    <item name='org.locationtech.jts.operation.buffer.BufferSubgraph void copySymDepths(org.locationtech.jts.geomgraph.DirectedEdge)'>
        <annotation name='com.intellij.inspections.tainted.annotation.equation.Equations'>
            <val val="{ &quot;de := &quot; }"/>
        </annotation>
    </item>
    <item name='org.locationtech.jts.operation.buffer.BufferSubgraph void create(org.locationtech.jts.geomgraph.Node)'>
        <annotation name='com.intellij.inspections.tainted.annotation.equation.Equations'>
            <val val="{ &quot;node := &quot; }"/>
        </annotation>
    </item>
    <item name='org.locationtech.jts.operation.buffer.OffsetCurveBuilder'>
        <annotation name='com.intellij.inspections.tainted.annotation.equation.Equations'>
            <val val="{ &quot;OffsetCurveBuilder := #OffsetCurveBuilder(org.locationtech.jts.geom.PrecisionModel, org.locationtech.jts.operation.buffer.BufferParameters)#0 &amp; #OffsetCurveBuilder(org.locationtech.jts.geom.PrecisionModel, org.locationtech.jts.operation.buffer.BufferParameters)#1 &amp; #getLineCurve(org.locationtech.jts.geom.Coordinate[], double)#1 &amp; #getRingCurve(org.locationtech.jts.geom.Coordinate[], int, double)#2 &amp; #getOffsetCurve(org.locationtech.jts.geom.Coordinate[], double)#1&quot; }"/>
        </annotation>
    </item>
    <item name='org.locationtech.jts.operation.buffer.OffsetCurveBuilder OffsetCurveBuilder(org.locationtech.jts.geom.PrecisionModel, org.locationtech.jts.operation.buffer.BufferParameters)'>
        <annotation name='com.intellij.inspections.tainted.annotation.equation.Equations'>
            <val val="{ &quot;bufParams := BufferBuilder&quot;, &quot;OffsetCurveBuilder := OffsetCurveBuilder&quot;, &quot;precisionModel := BufferBuilder&quot; }"/>
        </annotation>
    </item>
    <item name='org.locationtech.jts.operation.buffer.OffsetCurveBuilder double simplifyTolerance(double)'>
        <annotation name='com.intellij.inspections.tainted.annotation.equation.Equations'>
            <val val="{ &quot;bufDistance := OffsetCurveBuilder&quot;, &quot;simplifyTolerance := bufDistance&quot; }"/>
        </annotation>
    </item>
    <item name='org.locationtech.jts.operation.buffer.OffsetCurveBuilder org.locationtech.jts.geom.Coordinate[] copyCoordinates(org.locationtech.jts.geom.Coordinate[])'>
        <annotation name='com.intellij.inspections.tainted.annotation.equation.Equations'>
            <val val="{ &quot;copyCoordinates := &quot;, &quot;pts := #getRingCurve(org.locationtech.jts.geom.Coordinate[], int, double)#0&quot; }"/>
        </annotation>
    </item>
    <item name='org.locationtech.jts.operation.buffer.OffsetCurveBuilder org.locationtech.jts.geom.Coordinate[] getLineCurve(org.locationtech.jts.geom.Coordinate[], double)'>
        <annotation name='com.intellij.inspections.tainted.annotation.equation.Equations'>
            <val val="{ &quot;getLineCurve := &quot;, &quot;distance := #getRingCurve(org.locationtech.jts.geom.Coordinate[], int, double)#2 &amp; OffsetCurveSetBuilder&quot;, &quot;inputPts := #getRingCurve(org.locationtech.jts.geom.Coordinate[], int, double)#0&quot; }"/>
        </annotation>
    </item>
    <item name='org.locationtech.jts.operation.buffer.OffsetCurveBuilder org.locationtech.jts.geom.Coordinate[] getOffsetCurve(org.locationtech.jts.geom.Coordinate[], double)'>
        <annotation name='com.intellij.inspections.tainted.annotation.equation.Equations'>
            <val val="{ &quot;getOffsetCurve := &quot; }"/>
        </annotation>
    </item>
    <item name='org.locationtech.jts.operation.buffer.OffsetCurveBuilder org.locationtech.jts.geom.Coordinate[] getRingCurve(org.locationtech.jts.geom.Coordinate[], int, double)'>
        <annotation name='com.intellij.inspections.tainted.annotation.equation.Equations'>
            <val val="{ &quot;inputPts := OffsetCurveSetBuilder#addPolygonRing(org.locationtech.jts.geom.Coordinate[], double, int, int, int)#0&quot;, &quot;side := OffsetCurveSetBuilder#addPolygonRing(org.locationtech.jts.geom.Coordinate[], double, int, int, int)#2&quot;, &quot;distance := OffsetCurveSetBuilder#addPolygonRing(org.locationtech.jts.geom.Coordinate[], double, int, int, int)#1&quot;, &quot;getRingCurve := &quot; }"/>
        </annotation>
    </item>
    <item name='org.locationtech.jts.operation.buffer.OffsetCurveBuilder org.locationtech.jts.operation.buffer.BufferParameters getBufferParameters()'>
        <annotation name='com.intellij.inspections.tainted.annotation.equation.Equations'>
            <val val="{ &quot;getBufferParameters := OffsetCurveBuilder&quot; }"/>
        </annotation>
    </item>
    <item name='org.locationtech.jts.operation.buffer.OffsetCurveBuilder org.locationtech.jts.operation.buffer.OffsetSegmentGenerator getSegGen(double)'>
        <annotation name='com.intellij.inspections.tainted.annotation.equation.Equations'>
            <val val="{ &quot;getSegGen := &quot;, &quot;distance := #getRingCurve(org.locationtech.jts.geom.Coordinate[], int, double)#2&quot; }"/>
        </annotation>
    </item>
    <item name='org.locationtech.jts.operation.buffer.OffsetCurveBuilder void computeLineBufferCurve(org.locationtech.jts.geom.Coordinate[], org.locationtech.jts.operation.buffer.OffsetSegmentGenerator)'>
        <annotation name='com.intellij.inspections.tainted.annotation.equation.Equations'>
            <val val="{ &quot;inputPts := #getLineCurve(org.locationtech.jts.geom.Coordinate[], double)#0&quot;, &quot;segGen := &quot; }"/>
        </annotation>
    </item>
    <item name='org.locationtech.jts.operation.buffer.OffsetCurveBuilder void computeOffsetCurve(org.locationtech.jts.geom.Coordinate[], boolean, org.locationtech.jts.operation.buffer.OffsetSegmentGenerator)'>
        <annotation name='com.intellij.inspections.tainted.annotation.equation.Equations'>
            <val val="{ &quot;inputPts := #getOffsetCurve(org.locationtech.jts.geom.Coordinate[], double)#0&quot;, &quot;segGen := &quot; }"/>
        </annotation>
    </item>
    <item name='org.locationtech.jts.operation.buffer.OffsetCurveBuilder void computePointCurve(org.locationtech.jts.geom.Coordinate, org.locationtech.jts.operation.buffer.OffsetSegmentGenerator)'>
        <annotation name='com.intellij.inspections.tainted.annotation.equation.Equations'>
            <val val="{ &quot;pt := #getLineCurve(org.locationtech.jts.geom.Coordinate[], double)#0 &amp; #getOffsetCurve(org.locationtech.jts.geom.Coordinate[], double)#0&quot;, &quot;segGen := &quot; }"/>
        </annotation>
    </item>
    <item name='org.locationtech.jts.operation.buffer.OffsetCurveBuilder void computeRingBufferCurve(org.locationtech.jts.geom.Coordinate[], int, org.locationtech.jts.operation.buffer.OffsetSegmentGenerator)'>
        <annotation name='com.intellij.inspections.tainted.annotation.equation.Equations'>
            <val val="{ &quot;segGen := &quot;, &quot;side := #getRingCurve(org.locationtech.jts.geom.Coordinate[], int, double)#1&quot;, &quot;inputPts := #getRingCurve(org.locationtech.jts.geom.Coordinate[], int, double)#0&quot; }"/>
        </annotation>
    </item>
    <item name='org.locationtech.jts.operation.buffer.OffsetCurveBuilder void computeSingleSidedBufferCurve(org.locationtech.jts.geom.Coordinate[], boolean, org.locationtech.jts.operation.buffer.OffsetSegmentGenerator)'>
        <annotation name='com.intellij.inspections.tainted.annotation.equation.Equations'>
            <val val="{ &quot;inputPts := #getLineCurve(org.locationtech.jts.geom.Coordinate[], double)#0&quot;, &quot;segGen := &quot; }"/>
        </annotation>
    </item>
    <item name='org.locationtech.jts.operation.buffer.OffsetCurveSetBuilder'>
        <annotation name='com.intellij.inspections.tainted.annotation.equation.Equations'>
            <val val="{ &quot;OffsetCurveSetBuilder := #OffsetCurveSetBuilder(org.locationtech.jts.geom.Geometry, double, org.locationtech.jts.operation.buffer.OffsetCurveBuilder)#0 &amp; #OffsetCurveSetBuilder(org.locationtech.jts.geom.Geometry, double, org.locationtech.jts.operation.buffer.OffsetCurveBuilder)#1 &amp; #OffsetCurveSetBuilder(org.locationtech.jts.geom.Geometry, double, org.locationtech.jts.operation.buffer.OffsetCurveBuilder)#2&quot; }"/>
        </annotation>
    </item>
    <item name='org.locationtech.jts.operation.buffer.OffsetCurveSetBuilder OffsetCurveSetBuilder(org.locationtech.jts.geom.Geometry, double, org.locationtech.jts.operation.buffer.OffsetCurveBuilder)'>
        <annotation name='com.intellij.inspections.tainted.annotation.equation.Equations'>
            <val val="{ &quot;distance := BufferBuilder#buffer(org.locationtech.jts.geom.Geometry, double)#1&quot;, &quot;inputGeom := BufferBuilder#buffer(org.locationtech.jts.geom.Geometry, double)#0&quot;, &quot;OffsetCurveSetBuilder := OffsetCurveSetBuilder&quot;, &quot;curveBuilder := &quot; }"/>
        </annotation>
    </item>
    <item name='org.locationtech.jts.operation.buffer.OffsetCurveSetBuilder boolean isErodedCompletely(org.locationtech.jts.geom.LinearRing, double)'>
        <annotation name='com.intellij.inspections.tainted.annotation.equation.Equations'>
            <val val="{ &quot;ring := &quot;, &quot;bufferDistance := OffsetCurveSetBuilder&quot; }"/>
        </annotation>
    </item>
    <item name='org.locationtech.jts.operation.buffer.OffsetCurveSetBuilder boolean isTriangleErodedCompletely(org.locationtech.jts.geom.Coordinate[], double)'>
        <annotation name='com.intellij.inspections.tainted.annotation.equation.Equations'>
            <val val="{ &quot;bufferDistance := #isErodedCompletely(org.locationtech.jts.geom.LinearRing, double)#1&quot;, &quot;triangleCoord := &quot; }"/>
        </annotation>
    </item>
    <item name='org.locationtech.jts.operation.buffer.OffsetCurveSetBuilder java.util.List getCurves()'>
        <annotation name='com.intellij.inspections.tainted.annotation.equation.Equations'>
            <val val="{ &quot;getCurves := OffsetCurveSetBuilder&quot; }"/>
        </annotation>
    </item>
    <item name='org.locationtech.jts.operation.buffer.OffsetCurveSetBuilder void add(org.locationtech.jts.geom.Geometry)'>
        <annotation name='com.intellij.inspections.tainted.annotation.equation.Equations'>
            <val val="{ &quot;g := OffsetCurveSetBuilder&quot; }"/>
        </annotation>
    </item>
    <item name='org.locationtech.jts.operation.buffer.OffsetCurveSetBuilder void addCollection(org.locationtech.jts.geom.GeometryCollection)'>
        <annotation name='com.intellij.inspections.tainted.annotation.equation.Equations'>
            <val val="{ &quot;gc := #add(org.locationtech.jts.geom.Geometry)#0&quot; }"/>
        </annotation>
    </item>
    <item name='org.locationtech.jts.operation.buffer.OffsetCurveSetBuilder void addCurve(org.locationtech.jts.geom.Coordinate[], int, int)'>
        <annotation name='com.intellij.inspections.tainted.annotation.equation.Equations'>
            <val val="{ &quot;leftLoc := org.locationtech.jts.geom.Location#EXTERIOR &amp; #addPolygonRing(org.locationtech.jts.geom.Coordinate[], double, int, int, int)#3 &amp; #addPolygonRing(org.locationtech.jts.geom.Coordinate[], double, int, int, int)#4&quot;, &quot;coord := &quot;, &quot;rightLoc := org.locationtech.jts.geom.Location#INTERIOR &amp; #addPolygonRing(org.locationtech.jts.geom.Coordinate[], double, int, int, int)#4 &amp; #addPolygonRing(org.locationtech.jts.geom.Coordinate[], double, int, int, int)#3&quot; }"/>
        </annotation>
    </item>
    <item name='org.locationtech.jts.operation.buffer.OffsetCurveSetBuilder void addLineString(org.locationtech.jts.geom.LineString)'>
        <annotation name='com.intellij.inspections.tainted.annotation.equation.Equations'>
            <val val="{ &quot;line := #add(org.locationtech.jts.geom.Geometry)#0&quot; }"/>
        </annotation>
    </item>
    <item name='org.locationtech.jts.operation.buffer.OffsetCurveSetBuilder void addPoint(org.locationtech.jts.geom.Point)'>
        <annotation name='com.intellij.inspections.tainted.annotation.equation.Equations'>
            <val val="{ &quot;p := #add(org.locationtech.jts.geom.Geometry)#0&quot; }"/>
        </annotation>
    </item>
    <item name='org.locationtech.jts.operation.buffer.OffsetCurveSetBuilder void addPolygon(org.locationtech.jts.geom.Polygon)'>
        <annotation name='com.intellij.inspections.tainted.annotation.equation.Equations'>
            <val val="{ &quot;p := #add(org.locationtech.jts.geom.Geometry)#0&quot; }"/>
        </annotation>
    </item>
    <item name='org.locationtech.jts.operation.buffer.OffsetCurveSetBuilder void addPolygonRing(org.locationtech.jts.geom.Coordinate[], double, int, int, int)'>
        <annotation name='com.intellij.inspections.tainted.annotation.equation.Equations'>
            <val val="{ &quot;side := org.locationtech.jts.geomgraph.Position#LEFT &amp; org.locationtech.jts.geomgraph.Position#RIGHT&quot;, &quot;cwLeftLoc := org.locationtech.jts.geom.Location#EXTERIOR &amp; org.locationtech.jts.geom.Location#INTERIOR&quot;, &quot;cwRightLoc := org.locationtech.jts.geom.Location#INTERIOR &amp; org.locationtech.jts.geom.Location#EXTERIOR&quot;, &quot;offsetDistance := OffsetCurveSetBuilder&quot;, &quot;coord := &quot; }"/>
        </annotation>
    </item>
    <item name='org.locationtech.jts.operation.buffer.OffsetSegmentGenerator'>
        <annotation name='com.intellij.inspections.tainted.annotation.equation.Equations'>
            <val val="{ &quot;OffsetSegmentGenerator := #OffsetSegmentGenerator(org.locationtech.jts.geom.PrecisionModel, org.locationtech.jts.operation.buffer.BufferParameters, double)#0 &amp; #OffsetSegmentGenerator(org.locationtech.jts.geom.PrecisionModel, org.locationtech.jts.operation.buffer.BufferParameters, double)#1 &amp; java.lang.Math#PI &amp; #MAX_CLOSING_SEG_LEN_FACTOR &amp; #initSideSegments(org.locationtech.jts.geom.Coordinate, org.locationtech.jts.geom.Coordinate, int)#0 &amp; #initSideSegments(org.locationtech.jts.geom.Coordinate, org.locationtech.jts.geom.Coordinate, int)#1 &amp; #initSideSegments(org.locationtech.jts.geom.Coordinate, org.locationtech.jts.geom.Coordinate, int)#2 &amp; OffsetSegmentGenerator &amp; #addNextSegment(org.locationtech.jts.geom.Coordinate, boolean)#0 &amp; #init(double)#0&quot; }"/>
        </annotation>
    </item>
    <item name='org.locationtech.jts.operation.buffer.OffsetSegmentGenerator OffsetSegmentGenerator(org.locationtech.jts.geom.PrecisionModel, org.locationtech.jts.operation.buffer.BufferParameters, double)'>
        <annotation name='com.intellij.inspections.tainted.annotation.equation.Equations'>
            <val val="{ &quot;bufParams := OffsetCurveBuilder&quot;, &quot;precisionModel := OffsetCurveBuilder&quot;, &quot;distance := OffsetCurveBuilder#getSegGen(double)#0&quot;, &quot;OffsetSegmentGenerator := OffsetSegmentGenerator&quot; }"/>
        </annotation>
    </item>
    <item name='org.locationtech.jts.operation.buffer.OffsetSegmentGenerator org.locationtech.jts.geom.Coordinate[] getCoordinates()'>
        <annotation name='com.intellij.inspections.tainted.annotation.equation.Equations'>
            <val val="{ &quot;getCoordinates := &quot; }"/>
        </annotation>
    </item>
    <item name='org.locationtech.jts.operation.buffer.OffsetSegmentGenerator void addBevelJoin(org.locationtech.jts.geom.LineSegment, org.locationtech.jts.geom.LineSegment)'>
        <annotation name='com.intellij.inspections.tainted.annotation.equation.Equations'>
            <val val="{ &quot;offset0 := OffsetSegmentGenerator&quot;, &quot;offset1 := OffsetSegmentGenerator&quot; }"/>
        </annotation>
    </item>
    <item name='org.locationtech.jts.operation.buffer.OffsetSegmentGenerator void addCornerFillet(org.locationtech.jts.geom.Coordinate, org.locationtech.jts.geom.Coordinate, org.locationtech.jts.geom.Coordinate, int, double)'>
        <annotation name='com.intellij.inspections.tainted.annotation.equation.Equations'>
            <val val="{ &quot;p0 := OffsetSegmentGenerator&quot;, &quot;p1 := OffsetSegmentGenerator&quot;, &quot;p := OffsetSegmentGenerator&quot;, &quot;radius := OffsetSegmentGenerator&quot;, &quot;direction := org.locationtech.jts.algorithm.Orientation#CLOCKWISE &amp; #addOutsideTurn(int, boolean)#0&quot; }"/>
        </annotation>
    </item>
    <item name='org.locationtech.jts.operation.buffer.OffsetSegmentGenerator void addDirectedFillet(org.locationtech.jts.geom.Coordinate, double, double, int, double)'>
        <annotation name='com.intellij.inspections.tainted.annotation.equation.Equations'>
            <val val="{ &quot;radius := OffsetSegmentGenerator &amp; #addCornerFillet(org.locationtech.jts.geom.Coordinate, org.locationtech.jts.geom.Coordinate, org.locationtech.jts.geom.Coordinate, int, double)#4&quot;, &quot;direction := org.locationtech.jts.algorithm.Orientation#CLOCKWISE &amp; #addCornerFillet(org.locationtech.jts.geom.Coordinate, org.locationtech.jts.geom.Coordinate, org.locationtech.jts.geom.Coordinate, int, double)#3&quot;, &quot;p := #createCircle(org.locationtech.jts.geom.Coordinate)#0 &amp; #addLineEndCap(org.locationtech.jts.geom.Coordinate, org.locationtech.jts.geom.Coordinate)#1 &amp; #addCornerFillet(org.locationtech.jts.geom.Coordinate, org.locationtech.jts.geom.Coordinate, org.locationtech.jts.geom.Coordinate, int, double)#0&quot;, &quot;endAngle := java.lang.Math#PI&quot;, &quot;startAngle := java.lang.Math#PI&quot; }"/>
        </annotation>
    </item>
    <item name='org.locationtech.jts.operation.buffer.OffsetSegmentGenerator void addInsideTurn(int, boolean)'>
        <annotation name='com.intellij.inspections.tainted.annotation.equation.Equations'>
            <val val="{ &quot;orientation := &quot; }"/>
        </annotation>
    </item>
    <item name='org.locationtech.jts.operation.buffer.OffsetSegmentGenerator void addLimitedMitreJoin(org.locationtech.jts.geom.LineSegment, org.locationtech.jts.geom.LineSegment, double, double)'>
        <annotation name='com.intellij.inspections.tainted.annotation.equation.Equations'>
            <val val="{ &quot;offset1 := #addMitreJoin(org.locationtech.jts.geom.Coordinate, org.locationtech.jts.geom.LineSegment, org.locationtech.jts.geom.LineSegment, double)#2&quot;, &quot;distance := #addMitreJoin(org.locationtech.jts.geom.Coordinate, org.locationtech.jts.geom.LineSegment, org.locationtech.jts.geom.LineSegment, double)#3&quot;, &quot;mitreLimit := &quot;, &quot;offset0 := #addMitreJoin(org.locationtech.jts.geom.Coordinate, org.locationtech.jts.geom.LineSegment, org.locationtech.jts.geom.LineSegment, double)#1&quot; }"/>
        </annotation>
    </item>
    <item name='org.locationtech.jts.operation.buffer.OffsetSegmentGenerator void addLineEndCap(org.locationtech.jts.geom.Coordinate, org.locationtech.jts.geom.Coordinate)'>
        <annotation name='com.intellij.inspections.tainted.annotation.equation.Equations'>
            <val val="{ &quot;p1 := &quot;, &quot;p0 := &quot; }"/>
        </annotation>
    </item>
    <item name='org.locationtech.jts.operation.buffer.OffsetSegmentGenerator void addMitreJoin(org.locationtech.jts.geom.Coordinate, org.locationtech.jts.geom.LineSegment, org.locationtech.jts.geom.LineSegment, double)'>
        <annotation name='com.intellij.inspections.tainted.annotation.equation.Equations'>
            <val val="{ &quot;p := OffsetSegmentGenerator&quot;, &quot;offset1 := OffsetSegmentGenerator&quot;, &quot;offset0 := OffsetSegmentGenerator&quot;, &quot;distance := OffsetSegmentGenerator&quot; }"/>
        </annotation>
    </item>
    <item name='org.locationtech.jts.operation.buffer.OffsetSegmentGenerator void addNextSegment(org.locationtech.jts.geom.Coordinate, boolean)'>
        <annotation name='com.intellij.inspections.tainted.annotation.equation.Equations'>
            <val val="{ &quot;p := &quot; }"/>
        </annotation>
    </item>
    <item name='org.locationtech.jts.operation.buffer.OffsetSegmentGenerator void addOutsideTurn(int, boolean)'>
        <annotation name='com.intellij.inspections.tainted.annotation.equation.Equations'>
            <val val="{ &quot;orientation := &quot; }"/>
        </annotation>
    </item>
    <item name='org.locationtech.jts.operation.buffer.OffsetSegmentGenerator void addSegments(org.locationtech.jts.geom.Coordinate[], boolean)'>
        <annotation name='com.intellij.inspections.tainted.annotation.equation.Equations'>
            <val val="{ &quot;pt := OffsetCurveBuilder#computeSingleSidedBufferCurve(org.locationtech.jts.geom.Coordinate[], boolean, org.locationtech.jts.operation.buffer.OffsetSegmentGenerator)#0&quot; }"/>
        </annotation>
    </item>
    <item name='org.locationtech.jts.operation.buffer.OffsetSegmentGenerator void computeOffsetSegment(org.locationtech.jts.geom.LineSegment, int, double, org.locationtech.jts.geom.LineSegment)'>
        <annotation name='com.intellij.inspections.tainted.annotation.equation.Equations'>
            <val val="{ &quot;distance := OffsetSegmentGenerator&quot;, &quot;seg := OffsetSegmentGenerator&quot;, &quot;side := #initSideSegments(org.locationtech.jts.geom.Coordinate, org.locationtech.jts.geom.Coordinate, int)#2 &amp; OffsetSegmentGenerator &amp; org.locationtech.jts.geomgraph.Position#LEFT &amp; org.locationtech.jts.geomgraph.Position#RIGHT&quot;, &quot;offset := OffsetSegmentGenerator&quot; }"/>
        </annotation>
    </item>
    <item name='org.locationtech.jts.operation.buffer.OffsetSegmentGenerator void createCircle(org.locationtech.jts.geom.Coordinate)'>
        <annotation name='com.intellij.inspections.tainted.annotation.equation.Equations'>
            <val val="{ &quot;p := OffsetCurveBuilder#computePointCurve(org.locationtech.jts.geom.Coordinate, org.locationtech.jts.operation.buffer.OffsetSegmentGenerator)#0&quot; }"/>
        </annotation>
    </item>
    <item name='org.locationtech.jts.operation.buffer.OffsetSegmentGenerator void createSquare(org.locationtech.jts.geom.Coordinate)'>
        <annotation name='com.intellij.inspections.tainted.annotation.equation.Equations'>
            <val val="{ &quot;p := OffsetCurveBuilder#computePointCurve(org.locationtech.jts.geom.Coordinate, org.locationtech.jts.operation.buffer.OffsetSegmentGenerator)#0&quot; }"/>
        </annotation>
    </item>
    <item name='org.locationtech.jts.operation.buffer.OffsetSegmentGenerator void init(double)'>
        <annotation name='com.intellij.inspections.tainted.annotation.equation.Equations'>
            <val val="{ &quot;distance := #OffsetSegmentGenerator(org.locationtech.jts.geom.PrecisionModel, org.locationtech.jts.operation.buffer.BufferParameters, double)#2&quot; }"/>
        </annotation>
    </item>
    <item name='org.locationtech.jts.operation.buffer.OffsetSegmentGenerator void initSideSegments(org.locationtech.jts.geom.Coordinate, org.locationtech.jts.geom.Coordinate, int)'>
        <annotation name='com.intellij.inspections.tainted.annotation.equation.Equations'>
            <val val="{ &quot;s1 := &quot;, &quot;side := org.locationtech.jts.geomgraph.Position#LEFT &amp; OffsetCurveBuilder#computeRingBufferCurve(org.locationtech.jts.geom.Coordinate[], int, org.locationtech.jts.operation.buffer.OffsetSegmentGenerator)#1&quot;, &quot;s2 := &quot; }"/>
        </annotation>
    </item>
    <item name='org.locationtech.jts.operation.buffer.OffsetSegmentString'>
        <annotation name='com.intellij.inspections.tainted.annotation.equation.Equations'>
            <val val="{ &quot;OffsetSegmentString := #setPrecisionModel(org.locationtech.jts.geom.PrecisionModel)#0 &amp; #setMinimumVertexDistance(double)#0&quot; }"/>
        </annotation>
    </item>
    <item name='org.locationtech.jts.operation.buffer.OffsetSegmentString OffsetSegmentString()'>
        <annotation name='com.intellij.inspections.tainted.annotation.equation.Equations'>
            <val val="{ &quot;OffsetSegmentString := OffsetSegmentString&quot; }"/>
        </annotation>
    </item>
    <item name='org.locationtech.jts.operation.buffer.OffsetSegmentString boolean isRedundant(org.locationtech.jts.geom.Coordinate)'>
        <annotation name='com.intellij.inspections.tainted.annotation.equation.Equations'>
            <val val="{ &quot;pt := &quot; }"/>
        </annotation>
    </item>
    <item name='org.locationtech.jts.operation.buffer.OffsetSegmentString java.lang.String toString()'>
        <annotation name='com.intellij.inspections.tainted.annotation.equation.Equations'>
            <val val="{ &quot;toString := &quot; }"/>
        </annotation>
    </item>
    <item name='org.locationtech.jts.operation.buffer.OffsetSegmentString org.locationtech.jts.geom.Coordinate[] getCoordinates()'>
        <annotation name='com.intellij.inspections.tainted.annotation.equation.Equations'>
            <val val="{ &quot;getCoordinates := &quot; }"/>
        </annotation>
    </item>
    <item name='org.locationtech.jts.operation.buffer.OffsetSegmentString void addPt(org.locationtech.jts.geom.Coordinate)'>
        <annotation name='com.intellij.inspections.tainted.annotation.equation.Equations'>
            <val val="{ &quot;pt := OffsetSegmentGenerator &amp; #addPts(org.locationtech.jts.geom.Coordinate[], boolean)#0 &amp; OffsetSegmentGenerator#addCornerFillet(org.locationtech.jts.geom.Coordinate, org.locationtech.jts.geom.Coordinate, org.locationtech.jts.geom.Coordinate, int, double)#1 &amp; OffsetSegmentGenerator#addCornerFillet(org.locationtech.jts.geom.Coordinate, org.locationtech.jts.geom.Coordinate, org.locationtech.jts.geom.Coordinate, int, double)#2&quot; }"/>
        </annotation>
    </item>
    <item name='org.locationtech.jts.operation.buffer.OffsetSegmentString void addPts(org.locationtech.jts.geom.Coordinate[], boolean)'>
        <annotation name='com.intellij.inspections.tainted.annotation.equation.Equations'>
            <val val="{ &quot;pt := OffsetSegmentGenerator#addSegments(org.locationtech.jts.geom.Coordinate[], boolean)#0&quot; }"/>
        </annotation>
    </item>
    <item name='org.locationtech.jts.operation.buffer.OffsetSegmentString void setMinimumVertexDistance(double)'>
        <annotation name='com.intellij.inspections.tainted.annotation.equation.Equations'>
            <val val="{ &quot;minimimVertexDistance := OffsetSegmentGenerator#init(double)#0 &amp; OffsetSegmentGenerator#CURVE_VERTEX_SNAP_DISTANCE_FACTOR&quot; }"/>
        </annotation>
    </item>
    <item name='org.locationtech.jts.operation.buffer.OffsetSegmentString void setPrecisionModel(org.locationtech.jts.geom.PrecisionModel)'>
        <annotation name='com.intellij.inspections.tainted.annotation.equation.Equations'>
            <val val="{ &quot;precisionModel := OffsetSegmentGenerator&quot; }"/>
        </annotation>
    </item>
    <item name='org.locationtech.jts.operation.buffer.RightmostEdgeFinder'>
        <annotation name='com.intellij.inspections.tainted.annotation.equation.Equations'>
            <val val="{ &quot;RightmostEdgeFinder := RightmostEdgeFinder &amp; #checkForRightmostCoordinate(org.locationtech.jts.geomgraph.DirectedEdge)#0&quot; }"/>
        </annotation>
    </item>
    <item name='org.locationtech.jts.operation.buffer.RightmostEdgeFinder RightmostEdgeFinder()'>
        <annotation name='com.intellij.inspections.tainted.annotation.equation.Equations'>
            <val val="{ &quot;RightmostEdgeFinder := RightmostEdgeFinder&quot; }"/>
        </annotation>
    </item>
    <item name='org.locationtech.jts.operation.buffer.RightmostEdgeFinder int getRightmostSide(org.locationtech.jts.geomgraph.DirectedEdge, int)'>
        <annotation name='com.intellij.inspections.tainted.annotation.equation.Equations'>
            <val val="{ &quot;index := RightmostEdgeFinder&quot;, &quot;de := RightmostEdgeFinder&quot;, &quot;getRightmostSide := &quot; }"/>
        </annotation>
    </item>
    <item name='org.locationtech.jts.operation.buffer.RightmostEdgeFinder int getRightmostSideOfSegment(org.locationtech.jts.geomgraph.DirectedEdge, int)'>
        <annotation name='com.intellij.inspections.tainted.annotation.equation.Equations'>
            <val val="{ &quot;i := #getRightmostSide(org.locationtech.jts.geomgraph.DirectedEdge, int)#1&quot;, &quot;getRightmostSideOfSegment := org.locationtech.jts.geomgraph.Position#LEFT &amp; org.locationtech.jts.geomgraph.Position#RIGHT&quot;, &quot;de := #getRightmostSide(org.locationtech.jts.geomgraph.DirectedEdge, int)#0&quot; }"/>
        </annotation>
    </item>
    <item name='org.locationtech.jts.operation.buffer.RightmostEdgeFinder org.locationtech.jts.geom.Coordinate getCoordinate()'>
        <annotation name='com.intellij.inspections.tainted.annotation.equation.Equations'>
            <val val="{ &quot;getCoordinate := RightmostEdgeFinder&quot; }"/>
        </annotation>
    </item>
    <item name='org.locationtech.jts.operation.buffer.RightmostEdgeFinder org.locationtech.jts.geomgraph.DirectedEdge getEdge()'>
        <annotation name='com.intellij.inspections.tainted.annotation.equation.Equations'>
            <val val="{ &quot;getEdge := RightmostEdgeFinder&quot; }"/>
        </annotation>
    </item>
    <item name='org.locationtech.jts.operation.buffer.RightmostEdgeFinder void checkForRightmostCoordinate(org.locationtech.jts.geomgraph.DirectedEdge)'>
        <annotation name='com.intellij.inspections.tainted.annotation.equation.Equations'>
            <val val="{ &quot;de := #getRightmostSide(org.locationtech.jts.geomgraph.DirectedEdge, int)#0&quot; }"/>
        </annotation>
    </item>
    <item name='org.locationtech.jts.operation.buffer.RightmostEdgeFinder void findEdge(java.util.List)'>
        <annotation name='com.intellij.inspections.tainted.annotation.equation.Equations'>
            <val val="{ &quot;dirEdgeList := BufferSubgraph&quot; }"/>
        </annotation>
    </item>
    <item name='org.locationtech.jts.operation.buffer.SubgraphDepthLocater'>
        <annotation name='com.intellij.inspections.tainted.annotation.equation.Equations'>
            <val val="{ &quot;SubgraphDepthLocater := #SubgraphDepthLocater(java.util.List)#0&quot; }"/>
        </annotation>
    </item>
    <item name='org.locationtech.jts.operation.buffer.SubgraphDepthLocater SubgraphDepthLocater(java.util.List)'>
        <annotation name='com.intellij.inspections.tainted.annotation.equation.Equations'>
            <val val="{ &quot;SubgraphDepthLocater := SubgraphDepthLocater&quot;, &quot;subgraphs := &quot; }"/>
        </annotation>
    </item>
    <item name='org.locationtech.jts.operation.buffer.SubgraphDepthLocater int getDepth(org.locationtech.jts.geom.Coordinate)'>
        <annotation name='com.intellij.inspections.tainted.annotation.equation.Equations'>
            <val val="{ &quot;p := &quot; }"/>
        </annotation>
    </item>
    <item name='org.locationtech.jts.operation.buffer.SubgraphDepthLocater java.util.List findStabbedSegments(org.locationtech.jts.geom.Coordinate)'>
        <annotation name='com.intellij.inspections.tainted.annotation.equation.Equations'>
            <val val="{ &quot;stabbingRayLeftPt := #getDepth(org.locationtech.jts.geom.Coordinate)#0&quot;, &quot;findStabbedSegments := &quot; }"/>
        </annotation>
    </item>
    <item name='org.locationtech.jts.operation.buffer.SubgraphDepthLocater void findStabbedSegments(org.locationtech.jts.geom.Coordinate, java.util.List, java.util.List)'>
        <annotation name='com.intellij.inspections.tainted.annotation.equation.Equations'>
            <val val="{ &quot;dirEdges := &quot;, &quot;stabbingRayLeftPt := #findStabbedSegments(org.locationtech.jts.geom.Coordinate)#0&quot;, &quot;stabbedSegments := &quot; }"/>
        </annotation>
    </item>
    <item name='org.locationtech.jts.operation.buffer.SubgraphDepthLocater void findStabbedSegments(org.locationtech.jts.geom.Coordinate, org.locationtech.jts.geomgraph.DirectedEdge, java.util.List)'>
        <annotation name='com.intellij.inspections.tainted.annotation.equation.Equations'>
            <val val="{ &quot;stabbingRayLeftPt := #findStabbedSegments(org.locationtech.jts.geom.Coordinate, java.util.List, java.util.List)#0&quot;, &quot;stabbedSegments := #findStabbedSegments(org.locationtech.jts.geom.Coordinate, java.util.List, java.util.List)#2&quot;, &quot;dirEdge := &quot; }"/>
        </annotation>
    </item>
    <item name='org.locationtech.jts.operation.buffer.SubgraphDepthLocater.DepthSegment'>
        <annotation name='com.intellij.inspections.tainted.annotation.equation.Equations'>
            <val val="{ &quot;DepthSegment := #DepthSegment(org.locationtech.jts.geom.LineSegment, int)#1&quot; }"/>
        </annotation>
    </item>
    <item name='org.locationtech.jts.operation.buffer.SubgraphDepthLocater.DepthSegment DepthSegment(org.locationtech.jts.geom.LineSegment, int)'>
        <annotation name='com.intellij.inspections.tainted.annotation.equation.Equations'>
            <val val="{ &quot;depth := &quot;, &quot;DepthSegment := SubgraphDepthLocater.DepthSegment&quot;, &quot;seg := SubgraphDepthLocater&quot; }"/>
        </annotation>
    </item>
    <item name='org.locationtech.jts.operation.buffer.SubgraphDepthLocater.DepthSegment int compareTo(java.lang.Object)'>
        <annotation name='com.intellij.inspections.tainted.annotation.equation.Equations'>
            <val val="{ &quot;compareTo := &quot; }"/>
        </annotation>
    </item>
    <item name='org.locationtech.jts.operation.buffer.SubgraphDepthLocater.DepthSegment int compareX(org.locationtech.jts.geom.LineSegment, org.locationtech.jts.geom.LineSegment)'>
        <annotation name='com.intellij.inspections.tainted.annotation.equation.Equations'>
            <val val="{ &quot;compareX := &quot; }"/>
        </annotation>
    </item>
    <item name='org.locationtech.jts.operation.buffer.SubgraphDepthLocater.DepthSegment java.lang.String toString()'>
        <annotation name='com.intellij.inspections.tainted.annotation.equation.Equations'>
            <val val="{ &quot;toString := &quot; }"/>
        </annotation>
    </item>
</root>