<root>
    <item name='com.sun.org.apache.xml.internal.security.algorithms.implementations.IntegrityHmac'>
        <annotation name='com.intellij.inspections.tainted.annotation.equation.Equations'>
            <val val="{ &quot;IntegrityHmac := IntegrityHmac &amp; #engineSetHMACOutputLength(int)#0 &amp; IntegrityHmac.IntegrityHmacSHA1 &amp; IntegrityHmac.IntegrityHmacSHA256 &amp; IntegrityHmac.IntegrityHmacSHA384 &amp; IntegrityHmac.IntegrityHmacSHA512 &amp; IntegrityHmac.IntegrityHmacRIPEMD160 &amp; IntegrityHmac.IntegrityHmacMD5&quot; }"/>
        </annotation>
    </item>
    <item name='com.sun.org.apache.xml.internal.security.algorithms.implementations.IntegrityHmac IntegrityHmac()'>
        <annotation name='com.intellij.inspections.tainted.annotation.equation.Equations'>
            <val val="{ &quot;IntegrityHmac := IntegrityHmac&quot; }"/>
        </annotation>
    </item>
    <item name='com.sun.org.apache.xml.internal.security.algorithms.implementations.IntegrityHmac byte[] engineSign()'>
        <annotation name='com.intellij.inspections.tainted.annotation.equation.Equations'>
            <val val="{ &quot;engineSign := &quot; }"/>
        </annotation>
    </item>
    <item name='com.sun.org.apache.xml.internal.security.algorithms.implementations.IntegrityHmac int getDigestLength()'>
        <annotation name='com.intellij.inspections.tainted.annotation.equation.Equations'>
            <val val="{ &quot;getDigestLength := IntegrityHmac.IntegrityHmacSHA1#getDigestLength() &amp; IntegrityHmac.IntegrityHmacSHA256#getDigestLength() &amp; IntegrityHmac.IntegrityHmacSHA384#getDigestLength() &amp; IntegrityHmac.IntegrityHmacSHA512#getDigestLength() &amp; IntegrityHmac.IntegrityHmacRIPEMD160#getDigestLength() &amp; IntegrityHmac.IntegrityHmacMD5#getDigestLength()&quot; }"/>
        </annotation>
    </item>
    <item name='com.sun.org.apache.xml.internal.security.algorithms.implementations.IntegrityHmac java.lang.String engineGetJCEAlgorithmString()'>
        <annotation name='com.intellij.inspections.tainted.annotation.equation.Equations'>
            <val val="{ &quot;engineGetJCEAlgorithmString := &quot; }"/>
        </annotation>
    </item>
    <item name='com.sun.org.apache.xml.internal.security.algorithms.implementations.IntegrityHmac java.lang.String engineGetJCEProviderName()'>
        <annotation name='com.intellij.inspections.tainted.annotation.equation.Equations'>
            <val val="{ &quot;engineGetJCEProviderName := &quot; }"/>
        </annotation>
    </item>
    <item name='com.sun.org.apache.xml.internal.security.algorithms.implementations.IntegrityHmac java.lang.String engineGetURI()'>
        <annotation name='com.intellij.inspections.tainted.annotation.equation.Equations'>
            <val val="{ &quot;engineGetURI := IntegrityHmac.IntegrityHmacSHA1#engineGetURI() &amp; IntegrityHmac.IntegrityHmacSHA256#engineGetURI() &amp; IntegrityHmac.IntegrityHmacSHA384#engineGetURI() &amp; IntegrityHmac.IntegrityHmacSHA512#engineGetURI() &amp; IntegrityHmac.IntegrityHmacRIPEMD160#engineGetURI() &amp; IntegrityHmac.IntegrityHmacMD5#engineGetURI()&quot; }"/>
        </annotation>
    </item>
    <item name='com.sun.org.apache.xml.internal.security.algorithms.implementations.IntegrityHmac void engineAddContextToElement(org.w3c.dom.Element)'>
        <annotation name='com.intellij.inspections.tainted.annotation.equation.Equations'>
            <val val="{ &quot;element := com.sun.org.apache.xml.internal.security.algorithms.SignatureAlgorithm&quot; }"/>
        </annotation>
    </item>
    <item name='com.sun.org.apache.xml.internal.security.algorithms.implementations.IntegrityHmac.IntegrityHmacMD5 IntegrityHmacMD5()'>
        <annotation name='com.intellij.inspections.tainted.annotation.equation.Equations'>
            <val val="{ &quot;IntegrityHmacMD5 := IntegrityHmac.IntegrityHmacMD5&quot; }"/>
        </annotation>
    </item>
    <item name='com.sun.org.apache.xml.internal.security.algorithms.implementations.IntegrityHmac.IntegrityHmacMD5 java.lang.String engineGetURI()'>
        <annotation name='com.intellij.inspections.tainted.annotation.equation.Equations'>
            <val val="{ &quot;engineGetURI := com.sun.org.apache.xml.internal.security.signature.XMLSignature#ALGO_ID_MAC_HMAC_NOT_RECOMMENDED_MD5&quot; }"/>
        </annotation>
    </item>
    <item name='com.sun.org.apache.xml.internal.security.algorithms.implementations.IntegrityHmac.IntegrityHmacRIPEMD160 IntegrityHmacRIPEMD160()'>
        <annotation name='com.intellij.inspections.tainted.annotation.equation.Equations'>
            <val val="{ &quot;IntegrityHmacRIPEMD160 := IntegrityHmac.IntegrityHmacRIPEMD160&quot; }"/>
        </annotation>
    </item>
    <item name='com.sun.org.apache.xml.internal.security.algorithms.implementations.IntegrityHmac.IntegrityHmacRIPEMD160 java.lang.String engineGetURI()'>
        <annotation name='com.intellij.inspections.tainted.annotation.equation.Equations'>
            <val val="{ &quot;engineGetURI := com.sun.org.apache.xml.internal.security.signature.XMLSignature#ALGO_ID_MAC_HMAC_RIPEMD160&quot; }"/>
        </annotation>
    </item>
    <item name='com.sun.org.apache.xml.internal.security.algorithms.implementations.IntegrityHmac.IntegrityHmacSHA1 IntegrityHmacSHA1()'>
        <annotation name='com.intellij.inspections.tainted.annotation.equation.Equations'>
            <val val="{ &quot;IntegrityHmacSHA1 := IntegrityHmac.IntegrityHmacSHA1&quot; }"/>
        </annotation>
    </item>
    <item name='com.sun.org.apache.xml.internal.security.algorithms.implementations.IntegrityHmac.IntegrityHmacSHA1 java.lang.String engineGetURI()'>
        <annotation name='com.intellij.inspections.tainted.annotation.equation.Equations'>
            <val val="{ &quot;engineGetURI := com.sun.org.apache.xml.internal.security.signature.XMLSignature#ALGO_ID_MAC_HMAC_SHA1&quot; }"/>
        </annotation>
    </item>
    <item name='com.sun.org.apache.xml.internal.security.algorithms.implementations.IntegrityHmac.IntegrityHmacSHA256 IntegrityHmacSHA256()'>
        <annotation name='com.intellij.inspections.tainted.annotation.equation.Equations'>
            <val val="{ &quot;IntegrityHmacSHA256 := IntegrityHmac.IntegrityHmacSHA256&quot; }"/>
        </annotation>
    </item>
    <item name='com.sun.org.apache.xml.internal.security.algorithms.implementations.IntegrityHmac.IntegrityHmacSHA256 java.lang.String engineGetURI()'>
        <annotation name='com.intellij.inspections.tainted.annotation.equation.Equations'>
            <val val="{ &quot;engineGetURI := com.sun.org.apache.xml.internal.security.signature.XMLSignature#ALGO_ID_MAC_HMAC_SHA256&quot; }"/>
        </annotation>
    </item>
    <item name='com.sun.org.apache.xml.internal.security.algorithms.implementations.IntegrityHmac.IntegrityHmacSHA384 IntegrityHmacSHA384()'>
        <annotation name='com.intellij.inspections.tainted.annotation.equation.Equations'>
            <val val="{ &quot;IntegrityHmacSHA384 := IntegrityHmac.IntegrityHmacSHA384&quot; }"/>
        </annotation>
    </item>
    <item name='com.sun.org.apache.xml.internal.security.algorithms.implementations.IntegrityHmac.IntegrityHmacSHA384 java.lang.String engineGetURI()'>
        <annotation name='com.intellij.inspections.tainted.annotation.equation.Equations'>
            <val val="{ &quot;engineGetURI := com.sun.org.apache.xml.internal.security.signature.XMLSignature#ALGO_ID_MAC_HMAC_SHA384&quot; }"/>
        </annotation>
    </item>
    <item name='com.sun.org.apache.xml.internal.security.algorithms.implementations.IntegrityHmac.IntegrityHmacSHA512 IntegrityHmacSHA512()'>
        <annotation name='com.intellij.inspections.tainted.annotation.equation.Equations'>
            <val val="{ &quot;IntegrityHmacSHA512 := IntegrityHmac.IntegrityHmacSHA512&quot; }"/>
        </annotation>
    </item>
    <item name='com.sun.org.apache.xml.internal.security.algorithms.implementations.IntegrityHmac.IntegrityHmacSHA512 java.lang.String engineGetURI()'>
        <annotation name='com.intellij.inspections.tainted.annotation.equation.Equations'>
            <val val="{ &quot;engineGetURI := com.sun.org.apache.xml.internal.security.signature.XMLSignature#ALGO_ID_MAC_HMAC_SHA512&quot; }"/>
        </annotation>
    </item>
    <item name='com.sun.org.apache.xml.internal.security.algorithms.implementations.SignatureBaseRSA'>
        <annotation name='com.intellij.inspections.tainted.annotation.equation.Equations'>
            <val val="{ &quot;SignatureBaseRSA := SignatureBaseRSA &amp; SignatureBaseRSA.SignatureRSASHA1 &amp; SignatureBaseRSA.SignatureRSASHA256 &amp; SignatureBaseRSA.SignatureRSASHA384 &amp; SignatureBaseRSA.SignatureRSASHA512 &amp; SignatureBaseRSA.SignatureRSARIPEMD160 &amp; SignatureBaseRSA.SignatureRSAMD5&quot; }"/>
        </annotation>
    </item>
    <item name='com.sun.org.apache.xml.internal.security.algorithms.implementations.SignatureBaseRSA SignatureBaseRSA()'>
        <annotation name='com.intellij.inspections.tainted.annotation.equation.Equations'>
            <val val="{ &quot;SignatureBaseRSA := SignatureBaseRSA&quot; }"/>
        </annotation>
    </item>
    <item name='com.sun.org.apache.xml.internal.security.algorithms.implementations.SignatureBaseRSA java.lang.String engineGetURI()'>
        <annotation name='com.intellij.inspections.tainted.annotation.equation.Equations'>
            <val val="{ &quot;engineGetURI := SignatureBaseRSA.SignatureRSASHA1#engineGetURI() &amp; SignatureBaseRSA.SignatureRSASHA256#engineGetURI() &amp; SignatureBaseRSA.SignatureRSASHA384#engineGetURI() &amp; SignatureBaseRSA.SignatureRSASHA512#engineGetURI() &amp; SignatureBaseRSA.SignatureRSARIPEMD160#engineGetURI() &amp; SignatureBaseRSA.SignatureRSAMD5#engineGetURI()&quot; }"/>
        </annotation>
    </item>
    <item name='com.sun.org.apache.xml.internal.security.algorithms.implementations.SignatureBaseRSA.SignatureRSAMD5 SignatureRSAMD5()'>
        <annotation name='com.intellij.inspections.tainted.annotation.equation.Equations'>
            <val val="{ &quot;SignatureRSAMD5 := SignatureBaseRSA.SignatureRSAMD5&quot; }"/>
        </annotation>
    </item>
    <item name='com.sun.org.apache.xml.internal.security.algorithms.implementations.SignatureBaseRSA.SignatureRSAMD5 java.lang.String engineGetURI()'>
        <annotation name='com.intellij.inspections.tainted.annotation.equation.Equations'>
            <val val="{ &quot;engineGetURI := com.sun.org.apache.xml.internal.security.signature.XMLSignature#ALGO_ID_SIGNATURE_NOT_RECOMMENDED_RSA_MD5&quot; }"/>
        </annotation>
    </item>
    <item name='com.sun.org.apache.xml.internal.security.algorithms.implementations.SignatureBaseRSA.SignatureRSARIPEMD160 SignatureRSARIPEMD160()'>
        <annotation name='com.intellij.inspections.tainted.annotation.equation.Equations'>
            <val val="{ &quot;SignatureRSARIPEMD160 := SignatureBaseRSA.SignatureRSARIPEMD160&quot; }"/>
        </annotation>
    </item>
    <item name='com.sun.org.apache.xml.internal.security.algorithms.implementations.SignatureBaseRSA.SignatureRSARIPEMD160 java.lang.String engineGetURI()'>
        <annotation name='com.intellij.inspections.tainted.annotation.equation.Equations'>
            <val val="{ &quot;engineGetURI := com.sun.org.apache.xml.internal.security.signature.XMLSignature#ALGO_ID_SIGNATURE_RSA_RIPEMD160&quot; }"/>
        </annotation>
    </item>
    <item name='com.sun.org.apache.xml.internal.security.algorithms.implementations.SignatureBaseRSA.SignatureRSASHA1 SignatureRSASHA1()'>
        <annotation name='com.intellij.inspections.tainted.annotation.equation.Equations'>
            <val val="{ &quot;SignatureRSASHA1 := SignatureBaseRSA.SignatureRSASHA1&quot; }"/>
        </annotation>
    </item>
    <item name='com.sun.org.apache.xml.internal.security.algorithms.implementations.SignatureBaseRSA.SignatureRSASHA1 java.lang.String engineGetURI()'>
        <annotation name='com.intellij.inspections.tainted.annotation.equation.Equations'>
            <val val="{ &quot;engineGetURI := com.sun.org.apache.xml.internal.security.signature.XMLSignature#ALGO_ID_SIGNATURE_RSA_SHA1&quot; }"/>
        </annotation>
    </item>
    <item name='com.sun.org.apache.xml.internal.security.algorithms.implementations.SignatureBaseRSA.SignatureRSASHA256 SignatureRSASHA256()'>
        <annotation name='com.intellij.inspections.tainted.annotation.equation.Equations'>
            <val val="{ &quot;SignatureRSASHA256 := SignatureBaseRSA.SignatureRSASHA256&quot; }"/>
        </annotation>
    </item>
    <item name='com.sun.org.apache.xml.internal.security.algorithms.implementations.SignatureBaseRSA.SignatureRSASHA256 java.lang.String engineGetURI()'>
        <annotation name='com.intellij.inspections.tainted.annotation.equation.Equations'>
            <val val="{ &quot;engineGetURI := com.sun.org.apache.xml.internal.security.signature.XMLSignature#ALGO_ID_SIGNATURE_RSA_SHA256&quot; }"/>
        </annotation>
    </item>
    <item name='com.sun.org.apache.xml.internal.security.algorithms.implementations.SignatureBaseRSA.SignatureRSASHA384 SignatureRSASHA384()'>
        <annotation name='com.intellij.inspections.tainted.annotation.equation.Equations'>
            <val val="{ &quot;SignatureRSASHA384 := SignatureBaseRSA.SignatureRSASHA384&quot; }"/>
        </annotation>
    </item>
    <item name='com.sun.org.apache.xml.internal.security.algorithms.implementations.SignatureBaseRSA.SignatureRSASHA384 java.lang.String engineGetURI()'>
        <annotation name='com.intellij.inspections.tainted.annotation.equation.Equations'>
            <val val="{ &quot;engineGetURI := com.sun.org.apache.xml.internal.security.signature.XMLSignature#ALGO_ID_SIGNATURE_RSA_SHA384&quot; }"/>
        </annotation>
    </item>
    <item name='com.sun.org.apache.xml.internal.security.algorithms.implementations.SignatureBaseRSA.SignatureRSASHA512 SignatureRSASHA512()'>
        <annotation name='com.intellij.inspections.tainted.annotation.equation.Equations'>
            <val val="{ &quot;SignatureRSASHA512 := SignatureBaseRSA.SignatureRSASHA512&quot; }"/>
        </annotation>
    </item>
    <item name='com.sun.org.apache.xml.internal.security.algorithms.implementations.SignatureBaseRSA.SignatureRSASHA512 java.lang.String engineGetURI()'>
        <annotation name='com.intellij.inspections.tainted.annotation.equation.Equations'>
            <val val="{ &quot;engineGetURI := com.sun.org.apache.xml.internal.security.signature.XMLSignature#ALGO_ID_SIGNATURE_RSA_SHA512&quot; }"/>
        </annotation>
    </item>
    <item name='com.sun.org.apache.xml.internal.security.algorithms.implementations.SignatureDSA'>
        <annotation name='com.intellij.inspections.tainted.annotation.equation.Equations'>
            <val val="{ &quot;SignatureDSA := SignatureDSA &amp; SignatureDSA.SHA256&quot; }"/>
        </annotation>
    </item>
    <item name='com.sun.org.apache.xml.internal.security.algorithms.implementations.SignatureDSA SignatureDSA()'>
        <annotation name='com.intellij.inspections.tainted.annotation.equation.Equations'>
            <val val="{ &quot;SignatureDSA := SignatureDSA&quot; }"/>
        </annotation>
    </item>
    <item name='com.sun.org.apache.xml.internal.security.algorithms.implementations.SignatureDSA java.lang.String engineGetURI()'>
        <annotation name='com.intellij.inspections.tainted.annotation.equation.Equations'>
            <val val="{ &quot;engineGetURI := com.sun.org.apache.xml.internal.security.signature.XMLSignature#ALGO_ID_SIGNATURE_DSA &amp; SignatureDSA.SHA256#engineGetURI()&quot; }"/>
        </annotation>
    </item>
    <item name='com.sun.org.apache.xml.internal.security.algorithms.implementations.SignatureDSA.SHA256 SHA256()'>
        <annotation name='com.intellij.inspections.tainted.annotation.equation.Equations'>
            <val val="{ &quot;SHA256 := SignatureDSA.SHA256&quot; }"/>
        </annotation>
    </item>
    <item name='com.sun.org.apache.xml.internal.security.algorithms.implementations.SignatureDSA.SHA256 java.lang.String engineGetURI()'>
        <annotation name='com.intellij.inspections.tainted.annotation.equation.Equations'>
            <val val="{ &quot;engineGetURI := com.sun.org.apache.xml.internal.security.signature.XMLSignature#ALGO_ID_SIGNATURE_DSA_SHA256&quot; }"/>
        </annotation>
    </item>
    <item name='com.sun.org.apache.xml.internal.security.algorithms.implementations.SignatureECDSA'>
        <annotation name='com.intellij.inspections.tainted.annotation.equation.Equations'>
            <val val="{ &quot;SignatureECDSA := SignatureECDSA &amp; SignatureECDSA.SignatureECDSASHA1 &amp; SignatureECDSA.SignatureECDSASHA256 &amp; SignatureECDSA.SignatureECDSASHA384 &amp; SignatureECDSA.SignatureECDSASHA512&quot; }"/>
        </annotation>
    </item>
    <item name='com.sun.org.apache.xml.internal.security.algorithms.implementations.SignatureECDSA SignatureECDSA()'>
        <annotation name='com.intellij.inspections.tainted.annotation.equation.Equations'>
            <val val="{ &quot;SignatureECDSA := SignatureECDSA&quot; }"/>
        </annotation>
    </item>
    <item name='com.sun.org.apache.xml.internal.security.algorithms.implementations.SignatureECDSA byte[] convertXMLDSIGtoASN1(byte[])'>
        <annotation name='com.intellij.inspections.tainted.annotation.equation.Equations'>
            <val val="{ &quot;xmldsigBytes := #engineVerify(byte[])#0&quot; }"/>
        </annotation>
    </item>
    <item name='com.sun.org.apache.xml.internal.security.algorithms.implementations.SignatureECDSA java.lang.String engineGetURI()'>
        <annotation name='com.intellij.inspections.tainted.annotation.equation.Equations'>
            <val val="{ &quot;engineGetURI := SignatureECDSA.SignatureECDSASHA1#engineGetURI() &amp; SignatureECDSA.SignatureECDSASHA256#engineGetURI() &amp; SignatureECDSA.SignatureECDSASHA384#engineGetURI() &amp; SignatureECDSA.SignatureECDSASHA512#engineGetURI()&quot; }"/>
        </annotation>
    </item>
    <item name='com.sun.org.apache.xml.internal.security.algorithms.implementations.SignatureECDSA.SignatureECDSASHA1 SignatureECDSASHA1()'>
        <annotation name='com.intellij.inspections.tainted.annotation.equation.Equations'>
            <val val="{ &quot;SignatureECDSASHA1 := SignatureECDSA.SignatureECDSASHA1&quot; }"/>
        </annotation>
    </item>
    <item name='com.sun.org.apache.xml.internal.security.algorithms.implementations.SignatureECDSA.SignatureECDSASHA1 java.lang.String engineGetURI()'>
        <annotation name='com.intellij.inspections.tainted.annotation.equation.Equations'>
            <val val="{ &quot;engineGetURI := com.sun.org.apache.xml.internal.security.signature.XMLSignature#ALGO_ID_SIGNATURE_ECDSA_SHA1&quot; }"/>
        </annotation>
    </item>
    <item name='com.sun.org.apache.xml.internal.security.algorithms.implementations.SignatureECDSA.SignatureECDSASHA256 SignatureECDSASHA256()'>
        <annotation name='com.intellij.inspections.tainted.annotation.equation.Equations'>
            <val val="{ &quot;SignatureECDSASHA256 := SignatureECDSA.SignatureECDSASHA256&quot; }"/>
        </annotation>
    </item>
    <item name='com.sun.org.apache.xml.internal.security.algorithms.implementations.SignatureECDSA.SignatureECDSASHA256 java.lang.String engineGetURI()'>
        <annotation name='com.intellij.inspections.tainted.annotation.equation.Equations'>
            <val val="{ &quot;engineGetURI := com.sun.org.apache.xml.internal.security.signature.XMLSignature#ALGO_ID_SIGNATURE_ECDSA_SHA256&quot; }"/>
        </annotation>
    </item>
    <item name='com.sun.org.apache.xml.internal.security.algorithms.implementations.SignatureECDSA.SignatureECDSASHA384 SignatureECDSASHA384()'>
        <annotation name='com.intellij.inspections.tainted.annotation.equation.Equations'>
            <val val="{ &quot;SignatureECDSASHA384 := SignatureECDSA.SignatureECDSASHA384&quot; }"/>
        </annotation>
    </item>
    <item name='com.sun.org.apache.xml.internal.security.algorithms.implementations.SignatureECDSA.SignatureECDSASHA384 java.lang.String engineGetURI()'>
        <annotation name='com.intellij.inspections.tainted.annotation.equation.Equations'>
            <val val="{ &quot;engineGetURI := com.sun.org.apache.xml.internal.security.signature.XMLSignature#ALGO_ID_SIGNATURE_ECDSA_SHA384&quot; }"/>
        </annotation>
    </item>
    <item name='com.sun.org.apache.xml.internal.security.algorithms.implementations.SignatureECDSA.SignatureECDSASHA512 SignatureECDSASHA512()'>
        <annotation name='com.intellij.inspections.tainted.annotation.equation.Equations'>
            <val val="{ &quot;SignatureECDSASHA512 := SignatureECDSA.SignatureECDSASHA512&quot; }"/>
        </annotation>
    </item>
    <item name='com.sun.org.apache.xml.internal.security.algorithms.implementations.SignatureECDSA.SignatureECDSASHA512 java.lang.String engineGetURI()'>
        <annotation name='com.intellij.inspections.tainted.annotation.equation.Equations'>
            <val val="{ &quot;engineGetURI := com.sun.org.apache.xml.internal.security.signature.XMLSignature#ALGO_ID_SIGNATURE_ECDSA_SHA512&quot; }"/>
        </annotation>
    </item>
</root>