<root>
    <item name='sun.nio.cs.ArrayDecoder int decode(byte[], int, int, char[])'>
        <annotation name='com.intellij.inspections.tainted.annotation.equation.Equations'>
            <val val="{ &quot;i := US_ASCII.Decoder#decode(byte[], int, int, char[])#1&quot;, &quot;i1 := US_ASCII.Decoder#decode(byte[], int, int, char[])#2&quot;, &quot;decode := US_ASCII.Decoder#decode(byte[], int, int, char[])&quot;, &quot;chars := US_ASCII.Decoder#decode(byte[], int, int, char[])#3&quot;, &quot;bytes := US_ASCII.Decoder#decode(byte[], int, int, char[])#0&quot; }"/>
        </annotation>
    </item>
    <item name='sun.nio.cs.ArrayEncoder int encode(char[], int, int, byte[])'>
        <annotation name='com.intellij.inspections.tainted.annotation.equation.Equations'>
            <val val="{ &quot;encode := US_ASCII.Encoder#encode(char[], int, int, byte[])&quot;, &quot;i1 := US_ASCII.Encoder#encode(char[], int, int, byte[])#2&quot;, &quot;chars := US_ASCII.Encoder#encode(char[], int, int, byte[])#0&quot;, &quot;bytes := US_ASCII.Encoder#encode(char[], int, int, byte[])#3&quot;, &quot;i := US_ASCII.Encoder#encode(char[], int, int, byte[])#1&quot; }"/>
        </annotation>
    </item>
    <item name='sun.nio.cs.HistoricallyNamedCharset java.lang.String historicalName()'>
        <annotation name='com.intellij.inspections.tainted.annotation.equation.Equations'>
            <val val="{ &quot;historicalName := US_ASCII#historicalName()&quot; }"/>
        </annotation>
    </item>
</root>