<root>
    <item name='sun.management.counter.AbstractCounter int getVectorLength()'>
        <annotation name='com.intellij.inspections.tainted.annotation.equation.Equations'>
            <val val="{ &quot;getVectorLength := sun.management.counter.perf.PerfStringCounter#getVectorLength()&quot; }"/>
        </annotation>
    </item>
    <item name='sun.management.counter.AbstractCounter java.lang.Object getValue()'>
        <annotation name='com.intellij.inspections.tainted.annotation.equation.Equations'>
            <val val="{ &quot;getValue := sun.management.counter.perf.LongCounterSnapshot#getValue() &amp; sun.management.counter.perf.PerfByteArrayCounter#getValue() &amp; sun.management.counter.perf.PerfLongArrayCounter#getValue() &amp; sun.management.counter.perf.LongArrayCounterSnapshot#getValue() &amp; sun.management.counter.perf.StringCounterSnapshot#getValue() &amp; sun.management.counter.perf.PerfLongCounter#getValue() &amp; sun.management.counter.perf.ByteArrayCounterSnapshot#getValue()&quot; }"/>
        </annotation>
    </item>
    <item name='sun.management.counter.AbstractCounter java.lang.String toString()'>
        <annotation name='com.intellij.inspections.tainted.annotation.equation.Equations'>
            <val val="{ &quot;toString := sun.management.counter.perf.PerfByteArrayCounter#toString()&quot; }"/>
        </annotation>
    </item>
    <item name='sun.management.counter.ByteArrayCounter byte byteAt(int)'>
        <annotation name='com.intellij.inspections.tainted.annotation.equation.Equations'>
            <val val="{ &quot;byteAt := sun.management.counter.perf.PerfByteArrayCounter#byteAt(int) &amp; sun.management.counter.perf.ByteArrayCounterSnapshot#byteAt(int)&quot;, &quot;i := sun.management.counter.perf.PerfByteArrayCounter#byteAt(int)#0 &amp; sun.management.counter.perf.ByteArrayCounterSnapshot#byteAt(int)#0&quot; }"/>
        </annotation>
    </item>
    <item name='sun.management.counter.ByteArrayCounter byte[] byteArrayValue()'>
        <annotation name='com.intellij.inspections.tainted.annotation.equation.Equations'>
            <val val="{ &quot;byteArrayValue := sun.management.counter.perf.PerfByteArrayCounter#byteArrayValue() &amp; sun.management.counter.perf.ByteArrayCounterSnapshot#byteArrayValue()&quot; }"/>
        </annotation>
    </item>
    <item name='sun.management.counter.Counter int getFlags()'>
        <annotation name='com.intellij.inspections.tainted.annotation.equation.Equations'>
            <val val="{ &quot;getFlags := AbstractCounter#getFlags()&quot; }"/>
        </annotation>
    </item>
    <item name='sun.management.counter.Counter int getVectorLength()'>
        <annotation name='com.intellij.inspections.tainted.annotation.equation.Equations'>
            <val val="{ &quot;getVectorLength := sun.management.counter.perf.PerfStringCounter#getVectorLength() &amp; AbstractCounter#getVectorLength()&quot; }"/>
        </annotation>
    </item>
    <item name='sun.management.counter.Counter java.lang.Object getValue()'>
        <annotation name='com.intellij.inspections.tainted.annotation.equation.Equations'>
            <val val="{ &quot;getValue := sun.management.counter.perf.LongCounterSnapshot#getValue() &amp; sun.management.counter.perf.PerfStringCounter#getValue() &amp; AbstractCounter#getValue() &amp; sun.management.counter.perf.PerfByteArrayCounter#getValue() &amp; sun.management.counter.perf.PerfLongArrayCounter#getValue() &amp; sun.management.counter.perf.LongArrayCounterSnapshot#getValue() &amp; sun.management.counter.perf.StringCounterSnapshot#getValue() &amp; sun.management.counter.perf.PerfLongCounter#getValue() &amp; sun.management.counter.perf.ByteArrayCounterSnapshot#getValue()&quot; }"/>
        </annotation>
    </item>
    <item name='sun.management.counter.Counter java.lang.String getName()'>
        <annotation name='com.intellij.inspections.tainted.annotation.equation.Equations'>
            <val val="{ &quot;getName := AbstractCounter#getName()&quot; }"/>
        </annotation>
    </item>
    <item name='sun.management.counter.Counter sun.management.counter.Units getUnits()'>
        <annotation name='com.intellij.inspections.tainted.annotation.equation.Equations'>
            <val val="{ &quot;getUnits := AbstractCounter#getUnits()&quot; }"/>
        </annotation>
    </item>
    <item name='sun.management.counter.Counter sun.management.counter.Variability getVariability()'>
        <annotation name='com.intellij.inspections.tainted.annotation.equation.Equations'>
            <val val="{ &quot;getVariability := AbstractCounter#getVariability()&quot; }"/>
        </annotation>
    </item>
    <item name='sun.management.counter.LongArrayCounter long longAt(int)'>
        <annotation name='com.intellij.inspections.tainted.annotation.equation.Equations'>
            <val val="{ &quot;i := sun.management.counter.perf.PerfLongArrayCounter#longAt(int)#0 &amp; sun.management.counter.perf.LongArrayCounterSnapshot#longAt(int)#0&quot;, &quot;longAt := sun.management.counter.perf.PerfLongArrayCounter#longAt(int) &amp; sun.management.counter.perf.LongArrayCounterSnapshot#longAt(int)&quot; }"/>
        </annotation>
    </item>
    <item name='sun.management.counter.LongArrayCounter long[] longArrayValue()'>
        <annotation name='com.intellij.inspections.tainted.annotation.equation.Equations'>
            <val val="{ &quot;longArrayValue := sun.management.counter.perf.PerfLongArrayCounter#longArrayValue() &amp; sun.management.counter.perf.LongArrayCounterSnapshot#longArrayValue()&quot; }"/>
        </annotation>
    </item>
    <item name='sun.management.counter.LongCounter long longValue()'>
        <annotation name='com.intellij.inspections.tainted.annotation.equation.Equations'>
            <val val="{ &quot;longValue := sun.management.counter.perf.LongCounterSnapshot#longValue() &amp; sun.management.counter.perf.PerfLongCounter#longValue()&quot; }"/>
        </annotation>
    </item>
    <item name='sun.management.counter.StringCounter java.lang.String stringValue()'>
        <annotation name='com.intellij.inspections.tainted.annotation.equation.Equations'>
            <val val="{ &quot;stringValue := sun.management.counter.perf.PerfStringCounter#stringValue() &amp; sun.management.counter.perf.StringCounterSnapshot#stringValue()&quot; }"/>
        </annotation>
    </item>
</root>