<root>
    <item name='com.sun.corba.se.impl.legacy.connection.EndPointInfoImpl'>
        <annotation name='com.intellij.inspections.tainted.annotation.equation.Equations'>
            <val val="{ &quot;EndPointInfoImpl := #setLocatorPort(int)#0&quot; }"/>
        </annotation>
    </item>
    <item name='com.sun.corba.se.impl.legacy.connection.EndPointInfoImpl EndPointInfoImpl(java.lang.String, int, java.lang.String)'>
        <annotation name='com.intellij.inspections.tainted.annotation.equation.Equations'>
            <val val="{ &quot;type := com.sun.corba.se.spi.legacy.connection.ORBSocketFactory#IIOP_CLEAR_TEXT&quot;, &quot;EndPointInfoImpl := EndPointInfoImpl&quot; }"/>
        </annotation>
    </item>
    <item name='com.sun.corba.se.impl.legacy.connection.EndPointInfoImpl int getLocatorPort()'>
        <annotation name='com.intellij.inspections.tainted.annotation.equation.Equations'>
            <val val="{ &quot;getLocatorPort := EndPointInfoImpl&quot; }"/>
        </annotation>
    </item>
    <item name='com.sun.corba.se.impl.legacy.connection.EndPointInfoImpl int getPort()'>
        <annotation name='com.intellij.inspections.tainted.annotation.equation.Equations'>
            <val val="{ &quot;getPort := EndPointInfoImpl&quot; }"/>
        </annotation>
    </item>
    <item name='com.sun.corba.se.impl.legacy.connection.EndPointInfoImpl int hashCode()'>
        <annotation name='com.intellij.inspections.tainted.annotation.equation.Equations'>
            <val val="{ &quot;hashCode := EndPointInfoImpl&quot; }"/>
        </annotation>
    </item>
    <item name='com.sun.corba.se.impl.legacy.connection.EndPointInfoImpl java.lang.String getHost()'>
        <annotation name='com.intellij.inspections.tainted.annotation.equation.Equations'>
            <val val="{ &quot;getHost := EndPointInfoImpl&quot; }"/>
        </annotation>
    </item>
    <item name='com.sun.corba.se.impl.legacy.connection.EndPointInfoImpl java.lang.String getHostName()'>
        <annotation name='com.intellij.inspections.tainted.annotation.equation.Equations'>
            <val val="{ &quot;getHostName := EndPointInfoImpl&quot; }"/>
        </annotation>
    </item>
    <item name='com.sun.corba.se.impl.legacy.connection.EndPointInfoImpl java.lang.String getName()'>
        <annotation name='com.intellij.inspections.tainted.annotation.equation.Equations'>
            <val val="{ &quot;getName := EndPointInfoImpl&quot; }"/>
        </annotation>
    </item>
    <item name='com.sun.corba.se.impl.legacy.connection.EndPointInfoImpl java.lang.String getType()'>
        <annotation name='com.intellij.inspections.tainted.annotation.equation.Equations'>
            <val val="{ &quot;getType := EndPointInfoImpl&quot; }"/>
        </annotation>
    </item>
    <item name='com.sun.corba.se.impl.legacy.connection.EndPointInfoImpl java.lang.String toString()'>
        <annotation name='com.intellij.inspections.tainted.annotation.equation.Equations'>
            <val val="{ &quot;toString := EndPointInfoImpl&quot; }"/>
        </annotation>
    </item>
    <item name='com.sun.corba.se.impl.legacy.connection.LegacyServerSocketManagerImpl LegacyServerSocketManagerImpl(com.sun.corba.se.spi.orb.ORB)'>
        <annotation name='com.intellij.inspections.tainted.annotation.equation.Equations'>
            <val val="{ &quot;orb := com.sun.corba.se.impl.orb.ORBImpl&quot;, &quot;LegacyServerSocketManagerImpl := LegacyServerSocketManagerImpl&quot; }"/>
        </annotation>
    </item>
    <item name='com.sun.corba.se.impl.legacy.connection.LegacyServerSocketManagerImpl com.sun.corba.se.spi.legacy.connection.LegacyServerSocketEndPointInfo cast(java.lang.Object)'>
        <annotation name='com.intellij.inspections.tainted.annotation.equation.Equations'>
            <val val="{ &quot;cast := o&quot;, &quot;o := &quot; }"/>
        </annotation>
    </item>
    <item name='com.sun.corba.se.impl.legacy.connection.LegacyServerSocketManagerImpl int legacyGetServerPort(java.lang.String, boolean)'>
        <annotation name='com.intellij.inspections.tainted.annotation.equation.Equations'>
            <val val="{ &quot;socketType := #legacyGetTransientServerPort(java.lang.String)#0 &amp; #legacyGetPersistentServerPort(java.lang.String)#0 &amp; #legacyGetTransientOrPersistentServerPort(java.lang.String)#0&quot; }"/>
        </annotation>
    </item>
    <item name='com.sun.corba.se.impl.legacy.connection.SocketFactoryAcceptorImpl'>
        <annotation name='com.intellij.inspections.tainted.annotation.equation.Equations'>
            <val val="{ &quot;SocketFactoryAcceptorImpl := &quot; }"/>
        </annotation>
    </item>
    <item name='com.sun.corba.se.impl.legacy.connection.SocketFactoryAcceptorImpl SocketFactoryAcceptorImpl(com.sun.corba.se.spi.orb.ORB, int, java.lang.String, java.lang.String)'>
        <annotation name='com.intellij.inspections.tainted.annotation.equation.Equations'>
            <val val="{ &quot;orb := com.sun.corba.se.impl.orb.ORBConfiguratorImpl#createAndRegisterAcceptor(com.sun.corba.se.spi.orb.ORB, com.sun.corba.se.spi.legacy.connection.ORBSocketFactory, int, java.lang.String, java.lang.String)#0 &amp; com.sun.corba.se.impl.activation.ORBD#initializeBootNaming(com.sun.corba.se.spi.orb.ORB)#0&quot;, &quot;SocketFactoryAcceptorImpl := SocketFactoryAcceptorImpl&quot;, &quot;port := com.sun.corba.se.impl.orb.ORBConfiguratorImpl#createAndRegisterAcceptor(com.sun.corba.se.spi.orb.ORB, com.sun.corba.se.spi.legacy.connection.ORBSocketFactory, int, java.lang.String, java.lang.String)#2 &amp; com.sun.corba.se.impl.activation.ORBD&quot;, &quot;name := com.sun.corba.se.impl.orb.ORBConfiguratorImpl#createAndRegisterAcceptor(com.sun.corba.se.spi.orb.ORB, com.sun.corba.se.spi.legacy.connection.ORBSocketFactory, int, java.lang.String, java.lang.String)#3 &amp; com.sun.corba.se.spi.legacy.connection.LegacyServerSocketEndPointInfo#BOOT_NAMING&quot;, &quot;type := com.sun.corba.se.impl.orb.ORBConfiguratorImpl#createAndRegisterAcceptor(com.sun.corba.se.spi.orb.ORB, com.sun.corba.se.spi.legacy.connection.ORBSocketFactory, int, java.lang.String, java.lang.String)#4 &amp; com.sun.corba.se.spi.transport.SocketInfo#IIOP_CLEAR_TEXT&quot; }"/>
        </annotation>
    </item>
    <item name='com.sun.corba.se.impl.legacy.connection.SocketFactoryAcceptorImpl void dprint(java.lang.String)'>
        <annotation name='com.intellij.inspections.tainted.annotation.equation.Equations'>
            <val val="{ &quot;msg := SocketFactoryAcceptorImpl&quot; }"/>
        </annotation>
    </item>
    <item name='com.sun.corba.se.impl.legacy.connection.SocketFactoryConnectionImpl SocketFactoryConnectionImpl(com.sun.corba.se.spi.orb.ORB, com.sun.corba.se.spi.transport.CorbaContactInfo, boolean, boolean)'>
        <annotation name='com.intellij.inspections.tainted.annotation.equation.Equations'>
            <val val="{ &quot;contactInfo := SocketFactoryContactInfoImpl&quot;, &quot;SocketFactoryConnectionImpl := SocketFactoryConnectionImpl&quot;, &quot;orb := SocketFactoryContactInfoImpl&quot; }"/>
        </annotation>
    </item>
    <item name='com.sun.corba.se.impl.legacy.connection.SocketFactoryConnectionImpl void dprint(java.lang.String)'>
        <annotation name='com.intellij.inspections.tainted.annotation.equation.Equations'>
            <val val="{ &quot;msg := SocketFactoryConnectionImpl&quot; }"/>
        </annotation>
    </item>
    <item name='com.sun.corba.se.impl.legacy.connection.SocketFactoryContactInfoImpl SocketFactoryContactInfoImpl()'>
        <annotation name='com.intellij.inspections.tainted.annotation.equation.Equations'>
            <val val="{ &quot;SocketFactoryContactInfoImpl := SocketFactoryContactInfoImpl&quot; }"/>
        </annotation>
    </item>
    <item name='com.sun.corba.se.impl.legacy.connection.SocketFactoryContactInfoImpl SocketFactoryContactInfoImpl(com.sun.corba.se.spi.orb.ORB, com.sun.corba.se.spi.transport.CorbaContactInfoList, com.sun.corba.se.spi.ior.IOR, short, com.sun.corba.se.spi.transport.SocketInfo)'>
        <annotation name='com.intellij.inspections.tainted.annotation.equation.Equations'>
            <val val="{ &quot;contactInfoList := SocketFactoryContactInfoListIteratorImpl&quot;, &quot;orb := SocketFactoryContactInfoListIteratorImpl&quot;, &quot;cookie := SocketFactoryContactInfoListIteratorImpl&quot;, &quot;SocketFactoryContactInfoImpl := SocketFactoryContactInfoImpl&quot; }"/>
        </annotation>
    </item>
    <item name='com.sun.corba.se.impl.legacy.connection.SocketFactoryContactInfoImpl java.lang.String toString()'>
        <annotation name='com.intellij.inspections.tainted.annotation.equation.Equations'>
            <val val="{ &quot;toString := SocketFactoryContactInfoImpl&quot; }"/>
        </annotation>
    </item>
    <item name='com.sun.corba.se.impl.legacy.connection.SocketFactoryContactInfoListImpl SocketFactoryContactInfoListImpl(com.sun.corba.se.spi.orb.ORB)'>
        <annotation name='com.intellij.inspections.tainted.annotation.equation.Equations'>
            <val val="{ &quot;SocketFactoryContactInfoListImpl := SocketFactoryContactInfoListImpl&quot; }"/>
        </annotation>
    </item>
    <item name='com.sun.corba.se.impl.legacy.connection.SocketFactoryContactInfoListImpl SocketFactoryContactInfoListImpl(com.sun.corba.se.spi.orb.ORB, com.sun.corba.se.spi.ior.IOR)'>
        <annotation name='com.intellij.inspections.tainted.annotation.equation.Equations'>
            <val val="{ &quot;SocketFactoryContactInfoListImpl := SocketFactoryContactInfoListImpl&quot;, &quot;orb := com.sun.corba.se.impl.orb.ORBConfiguratorImpl#initializeTransport(com.sun.corba.se.spi.orb.ORB)#0&quot; }"/>
        </annotation>
    </item>
    <item name='com.sun.corba.se.impl.legacy.connection.SocketFactoryContactInfoListIteratorImpl'>
        <annotation name='com.intellij.inspections.tainted.annotation.equation.Equations'>
            <val val="{ &quot;SocketFactoryContactInfoListIteratorImpl := #reportException(com.sun.corba.se.pept.transport.ContactInfo, java.lang.RuntimeException)#0 &amp; #reportException(com.sun.corba.se.pept.transport.ContactInfo, java.lang.RuntimeException)#1&quot; }"/>
        </annotation>
    </item>
    <item name='com.sun.corba.se.impl.legacy.connection.SocketFactoryContactInfoListIteratorImpl SocketFactoryContactInfoListIteratorImpl(com.sun.corba.se.spi.orb.ORB, com.sun.corba.se.spi.transport.CorbaContactInfoList)'>
        <annotation name='com.intellij.inspections.tainted.annotation.equation.Equations'>
            <val val="{ &quot;SocketFactoryContactInfoListIteratorImpl := SocketFactoryContactInfoListIteratorImpl&quot;, &quot;orb := SocketFactoryContactInfoListImpl&quot;, &quot;corbaContactInfoList := SocketFactoryContactInfoListImpl&quot; }"/>
        </annotation>
    </item>
    <item name='com.sun.corba.se.impl.legacy.connection.USLPort USLPort(java.lang.String, int)'>
        <annotation name='com.intellij.inspections.tainted.annotation.equation.Equations'>
            <val val="{ &quot;USLPort := USLPort&quot; }"/>
        </annotation>
    </item>
    <item name='com.sun.corba.se.impl.legacy.connection.USLPort int getPort()'>
        <annotation name='com.intellij.inspections.tainted.annotation.equation.Equations'>
            <val val="{ &quot;getPort := USLPort&quot; }"/>
        </annotation>
    </item>
    <item name='com.sun.corba.se.impl.legacy.connection.USLPort java.lang.String getType()'>
        <annotation name='com.intellij.inspections.tainted.annotation.equation.Equations'>
            <val val="{ &quot;getType := USLPort&quot; }"/>
        </annotation>
    </item>
    <item name='com.sun.corba.se.impl.legacy.connection.USLPort java.lang.String toString()'>
        <annotation name='com.intellij.inspections.tainted.annotation.equation.Equations'>
            <val val="{ &quot;toString := USLPort&quot; }"/>
        </annotation>
    </item>
</root>